[2026-04-28T00:00:13.703+0000] {processor.py:161} INFO - Started process (PID=3569) to work on /opt/airflow/dags/flight-pipeline.py
[2026-04-28T00:00:13.705+0000] {processor.py:830} INFO - Processing file /opt/airflow/dags/flight-pipeline.py for tasks to queue
[2026-04-28T00:00:13.708+0000] {logging_mixin.py:188} INFO - [2026-04-28T00:00:13.707+0000] {dagbag.py:545} INFO - Filling up the DagBag from /opt/airflow/dags/flight-pipeline.py
[2026-04-28T00:00:15.124+0000] {processor.py:840} INFO - DAG(s) 'flights_ops_medallion_pipe' retrieved from /opt/airflow/dags/flight-pipeline.py
[2026-04-28T00:00:15.272+0000] {logging_mixin.py:188} INFO - [2026-04-28T00:00:15.271+0000] {dag.py:3089} INFO - Sync 1 DAGs
[2026-04-28T00:00:15.325+0000] {logging_mixin.py:188} INFO - [2026-04-28T00:00:15.325+0000] {dag.py:3947} INFO - Setting next_dagrun for flights_ops_medallion_pipe to 2026-04-28 00:00:00+00:00, run_after=2026-04-28 00:30:00+00:00
[2026-04-28T00:00:15.367+0000] {processor.py:183} INFO - Processing /opt/airflow/dags/flight-pipeline.py took 1.672 seconds
[2026-04-28T00:00:45.692+0000] {processor.py:161} INFO - Started process (PID=3596) to work on /opt/airflow/dags/flight-pipeline.py
[2026-04-28T00:00:45.695+0000] {processor.py:830} INFO - Processing file /opt/airflow/dags/flight-pipeline.py for tasks to queue
[2026-04-28T00:00:45.698+0000] {logging_mixin.py:188} INFO - [2026-04-28T00:00:45.697+0000] {dagbag.py:545} INFO - Filling up the DagBag from /opt/airflow/dags/flight-pipeline.py
[2026-04-28T00:00:46.846+0000] {processor.py:840} INFO - DAG(s) 'flights_ops_medallion_pipe' retrieved from /opt/airflow/dags/flight-pipeline.py
[2026-04-28T00:00:46.896+0000] {logging_mixin.py:188} INFO - [2026-04-28T00:00:46.895+0000] {dag.py:3089} INFO - Sync 1 DAGs
[2026-04-28T00:00:46.965+0000] {logging_mixin.py:188} INFO - [2026-04-28T00:00:46.965+0000] {dag.py:3947} INFO - Setting next_dagrun for flights_ops_medallion_pipe to 2026-04-28 00:00:00+00:00, run_after=2026-04-28 00:30:00+00:00
[2026-04-28T00:00:47.007+0000] {processor.py:183} INFO - Processing /opt/airflow/dags/flight-pipeline.py took 1.330 seconds
[2026-04-28T00:01:17.257+0000] {processor.py:161} INFO - Started process (PID=3599) to work on /opt/airflow/dags/flight-pipeline.py
[2026-04-28T00:01:17.260+0000] {processor.py:830} INFO - Processing file /opt/airflow/dags/flight-pipeline.py for tasks to queue
[2026-04-28T00:01:17.279+0000] {logging_mixin.py:188} INFO - [2026-04-28T00:01:17.278+0000] {dagbag.py:545} INFO - Filling up the DagBag from /opt/airflow/dags/flight-pipeline.py
[2026-04-28T00:01:18.140+0000] {processor.py:840} INFO - DAG(s) 'flights_ops_medallion_pipe' retrieved from /opt/airflow/dags/flight-pipeline.py
[2026-04-28T00:01:18.175+0000] {logging_mixin.py:188} INFO - [2026-04-28T00:01:18.173+0000] {dag.py:3089} INFO - Sync 1 DAGs
[2026-04-28T00:01:18.195+0000] {logging_mixin.py:188} INFO - [2026-04-28T00:01:18.195+0000] {dag.py:3947} INFO - Setting next_dagrun for flights_ops_medallion_pipe to 2026-04-28 00:00:00+00:00, run_after=2026-04-28 00:30:00+00:00
[2026-04-28T00:01:18.214+0000] {processor.py:183} INFO - Processing /opt/airflow/dags/flight-pipeline.py took 0.966 seconds
[2026-04-28T00:01:48.465+0000] {processor.py:161} INFO - Started process (PID=3602) to work on /opt/airflow/dags/flight-pipeline.py
[2026-04-28T00:01:48.466+0000] {processor.py:830} INFO - Processing file /opt/airflow/dags/flight-pipeline.py for tasks to queue
[2026-04-28T00:01:48.469+0000] {logging_mixin.py:188} INFO - [2026-04-28T00:01:48.468+0000] {dagbag.py:545} INFO - Filling up the DagBag from /opt/airflow/dags/flight-pipeline.py
[2026-04-28T00:01:49.464+0000] {processor.py:840} INFO - DAG(s) 'flights_ops_medallion_pipe' retrieved from /opt/airflow/dags/flight-pipeline.py
[2026-04-28T00:01:49.494+0000] {logging_mixin.py:188} INFO - [2026-04-28T00:01:49.493+0000] {dag.py:3089} INFO - Sync 1 DAGs
[2026-04-28T00:01:49.514+0000] {logging_mixin.py:188} INFO - [2026-04-28T00:01:49.514+0000] {dag.py:3947} INFO - Setting next_dagrun for flights_ops_medallion_pipe to 2026-04-28 00:00:00+00:00, run_after=2026-04-28 00:30:00+00:00
[2026-04-28T00:01:49.536+0000] {processor.py:183} INFO - Processing /opt/airflow/dags/flight-pipeline.py took 1.077 seconds
[2026-04-28T00:02:19.704+0000] {processor.py:161} INFO - Started process (PID=3605) to work on /opt/airflow/dags/flight-pipeline.py
[2026-04-28T00:02:19.705+0000] {processor.py:830} INFO - Processing file /opt/airflow/dags/flight-pipeline.py for tasks to queue
[2026-04-28T00:02:19.707+0000] {logging_mixin.py:188} INFO - [2026-04-28T00:02:19.707+0000] {dagbag.py:545} INFO - Filling up the DagBag from /opt/airflow/dags/flight-pipeline.py
[2026-04-28T00:02:20.663+0000] {processor.py:840} INFO - DAG(s) 'flights_ops_medallion_pipe' retrieved from /opt/airflow/dags/flight-pipeline.py
[2026-04-28T00:02:20.692+0000] {logging_mixin.py:188} INFO - [2026-04-28T00:02:20.691+0000] {dag.py:3089} INFO - Sync 1 DAGs
[2026-04-28T00:02:20.715+0000] {logging_mixin.py:188} INFO - [2026-04-28T00:02:20.715+0000] {dag.py:3947} INFO - Setting next_dagrun for flights_ops_medallion_pipe to 2026-04-28 00:00:00+00:00, run_after=2026-04-28 00:30:00+00:00
[2026-04-28T00:02:20.734+0000] {processor.py:183} INFO - Processing /opt/airflow/dags/flight-pipeline.py took 1.037 seconds
[2026-04-28T00:02:50.987+0000] {processor.py:161} INFO - Started process (PID=3608) to work on /opt/airflow/dags/flight-pipeline.py
[2026-04-28T00:02:50.988+0000] {processor.py:830} INFO - Processing file /opt/airflow/dags/flight-pipeline.py for tasks to queue
[2026-04-28T00:02:50.991+0000] {logging_mixin.py:188} INFO - [2026-04-28T00:02:50.991+0000] {dagbag.py:545} INFO - Filling up the DagBag from /opt/airflow/dags/flight-pipeline.py
[2026-04-28T00:02:52.070+0000] {processor.py:840} INFO - DAG(s) 'flights_ops_medallion_pipe' retrieved from /opt/airflow/dags/flight-pipeline.py
[2026-04-28T00:02:52.109+0000] {logging_mixin.py:188} INFO - [2026-04-28T00:02:52.108+0000] {dag.py:3089} INFO - Sync 1 DAGs
[2026-04-28T00:02:52.133+0000] {logging_mixin.py:188} INFO - [2026-04-28T00:02:52.133+0000] {dag.py:3947} INFO - Setting next_dagrun for flights_ops_medallion_pipe to 2026-04-28 00:00:00+00:00, run_after=2026-04-28 00:30:00+00:00
[2026-04-28T00:02:52.162+0000] {processor.py:183} INFO - Processing /opt/airflow/dags/flight-pipeline.py took 1.184 seconds
[2026-04-28T00:03:22.265+0000] {processor.py:161} INFO - Started process (PID=3611) to work on /opt/airflow/dags/flight-pipeline.py
[2026-04-28T00:03:22.266+0000] {processor.py:830} INFO - Processing file /opt/airflow/dags/flight-pipeline.py for tasks to queue
[2026-04-28T00:03:22.269+0000] {logging_mixin.py:188} INFO - [2026-04-28T00:03:22.269+0000] {dagbag.py:545} INFO - Filling up the DagBag from /opt/airflow/dags/flight-pipeline.py
[2026-04-28T00:03:23.304+0000] {processor.py:840} INFO - DAG(s) 'flights_ops_medallion_pipe' retrieved from /opt/airflow/dags/flight-pipeline.py
[2026-04-28T00:03:23.338+0000] {logging_mixin.py:188} INFO - [2026-04-28T00:03:23.337+0000] {dag.py:3089} INFO - Sync 1 DAGs
[2026-04-28T00:03:23.360+0000] {logging_mixin.py:188} INFO - [2026-04-28T00:03:23.360+0000] {dag.py:3947} INFO - Setting next_dagrun for flights_ops_medallion_pipe to 2026-04-28 00:00:00+00:00, run_after=2026-04-28 00:30:00+00:00
[2026-04-28T00:03:23.381+0000] {processor.py:183} INFO - Processing /opt/airflow/dags/flight-pipeline.py took 1.124 seconds
[2026-04-28T00:03:53.487+0000] {processor.py:161} INFO - Started process (PID=3614) to work on /opt/airflow/dags/flight-pipeline.py
[2026-04-28T00:03:53.488+0000] {processor.py:830} INFO - Processing file /opt/airflow/dags/flight-pipeline.py for tasks to queue
[2026-04-28T00:03:53.490+0000] {logging_mixin.py:188} INFO - [2026-04-28T00:03:53.490+0000] {dagbag.py:545} INFO - Filling up the DagBag from /opt/airflow/dags/flight-pipeline.py
[2026-04-28T00:03:54.357+0000] {processor.py:840} INFO - DAG(s) 'flights_ops_medallion_pipe' retrieved from /opt/airflow/dags/flight-pipeline.py
[2026-04-28T00:03:54.391+0000] {logging_mixin.py:188} INFO - [2026-04-28T00:03:54.390+0000] {dag.py:3089} INFO - Sync 1 DAGs
[2026-04-28T00:03:54.421+0000] {logging_mixin.py:188} INFO - [2026-04-28T00:03:54.421+0000] {dag.py:3947} INFO - Setting next_dagrun for flights_ops_medallion_pipe to 2026-04-28 00:00:00+00:00, run_after=2026-04-28 00:30:00+00:00
[2026-04-28T00:03:54.444+0000] {processor.py:183} INFO - Processing /opt/airflow/dags/flight-pipeline.py took 0.965 seconds
[2026-04-28T00:04:24.703+0000] {processor.py:161} INFO - Started process (PID=3617) to work on /opt/airflow/dags/flight-pipeline.py
[2026-04-28T00:04:24.704+0000] {processor.py:830} INFO - Processing file /opt/airflow/dags/flight-pipeline.py for tasks to queue
[2026-04-28T00:04:24.709+0000] {logging_mixin.py:188} INFO - [2026-04-28T00:04:24.709+0000] {dagbag.py:545} INFO - Filling up the DagBag from /opt/airflow/dags/flight-pipeline.py
[2026-04-28T00:04:25.573+0000] {processor.py:840} INFO - DAG(s) 'flights_ops_medallion_pipe' retrieved from /opt/airflow/dags/flight-pipeline.py
[2026-04-28T00:04:25.606+0000] {logging_mixin.py:188} INFO - [2026-04-28T00:04:25.604+0000] {dag.py:3089} INFO - Sync 1 DAGs
[2026-04-28T00:04:25.633+0000] {logging_mixin.py:188} INFO - [2026-04-28T00:04:25.633+0000] {dag.py:3947} INFO - Setting next_dagrun for flights_ops_medallion_pipe to 2026-04-28 00:00:00+00:00, run_after=2026-04-28 00:30:00+00:00
[2026-04-28T00:04:25.651+0000] {processor.py:183} INFO - Processing /opt/airflow/dags/flight-pipeline.py took 0.957 seconds
[2026-04-28T00:04:55.913+0000] {processor.py:161} INFO - Started process (PID=3620) to work on /opt/airflow/dags/flight-pipeline.py
[2026-04-28T00:04:55.915+0000] {processor.py:830} INFO - Processing file /opt/airflow/dags/flight-pipeline.py for tasks to queue
[2026-04-28T00:04:55.917+0000] {logging_mixin.py:188} INFO - [2026-04-28T00:04:55.917+0000] {dagbag.py:545} INFO - Filling up the DagBag from /opt/airflow/dags/flight-pipeline.py
[2026-04-28T00:04:56.848+0000] {processor.py:840} INFO - DAG(s) 'flights_ops_medallion_pipe' retrieved from /opt/airflow/dags/flight-pipeline.py
[2026-04-28T00:04:56.880+0000] {logging_mixin.py:188} INFO - [2026-04-28T00:04:56.879+0000] {dag.py:3089} INFO - Sync 1 DAGs
[2026-04-28T00:04:56.902+0000] {logging_mixin.py:188} INFO - [2026-04-28T00:04:56.902+0000] {dag.py:3947} INFO - Setting next_dagrun for flights_ops_medallion_pipe to 2026-04-28 00:00:00+00:00, run_after=2026-04-28 00:30:00+00:00
[2026-04-28T00:04:56.929+0000] {processor.py:183} INFO - Processing /opt/airflow/dags/flight-pipeline.py took 1.024 seconds
[2026-04-28T00:05:27.151+0000] {processor.py:161} INFO - Started process (PID=3623) to work on /opt/airflow/dags/flight-pipeline.py
[2026-04-28T00:05:27.152+0000] {processor.py:830} INFO - Processing file /opt/airflow/dags/flight-pipeline.py for tasks to queue
[2026-04-28T00:05:27.155+0000] {logging_mixin.py:188} INFO - [2026-04-28T00:05:27.154+0000] {dagbag.py:545} INFO - Filling up the DagBag from /opt/airflow/dags/flight-pipeline.py
[2026-04-28T00:05:28.115+0000] {processor.py:840} INFO - DAG(s) 'flights_ops_medallion_pipe' retrieved from /opt/airflow/dags/flight-pipeline.py
[2026-04-28T00:05:28.152+0000] {logging_mixin.py:188} INFO - [2026-04-28T00:05:28.151+0000] {dag.py:3089} INFO - Sync 1 DAGs
[2026-04-28T00:05:28.173+0000] {logging_mixin.py:188} INFO - [2026-04-28T00:05:28.173+0000] {dag.py:3947} INFO - Setting next_dagrun for flights_ops_medallion_pipe to 2026-04-28 00:00:00+00:00, run_after=2026-04-28 00:30:00+00:00
[2026-04-28T00:05:28.194+0000] {processor.py:183} INFO - Processing /opt/airflow/dags/flight-pipeline.py took 1.050 seconds
[2026-04-28T00:05:58.396+0000] {processor.py:161} INFO - Started process (PID=3626) to work on /opt/airflow/dags/flight-pipeline.py
[2026-04-28T00:05:58.397+0000] {processor.py:830} INFO - Processing file /opt/airflow/dags/flight-pipeline.py for tasks to queue
[2026-04-28T00:05:58.400+0000] {logging_mixin.py:188} INFO - [2026-04-28T00:05:58.399+0000] {dagbag.py:545} INFO - Filling up the DagBag from /opt/airflow/dags/flight-pipeline.py
[2026-04-28T00:05:59.290+0000] {processor.py:840} INFO - DAG(s) 'flights_ops_medallion_pipe' retrieved from /opt/airflow/dags/flight-pipeline.py
[2026-04-28T00:05:59.336+0000] {logging_mixin.py:188} INFO - [2026-04-28T00:05:59.335+0000] {dag.py:3089} INFO - Sync 1 DAGs
[2026-04-28T00:05:59.361+0000] {logging_mixin.py:188} INFO - [2026-04-28T00:05:59.361+0000] {dag.py:3947} INFO - Setting next_dagrun for flights_ops_medallion_pipe to 2026-04-28 00:00:00+00:00, run_after=2026-04-28 00:30:00+00:00
[2026-04-28T00:05:59.383+0000] {processor.py:183} INFO - Processing /opt/airflow/dags/flight-pipeline.py took 0.994 seconds
[2026-04-28T00:06:29.821+0000] {processor.py:161} INFO - Started process (PID=3629) to work on /opt/airflow/dags/flight-pipeline.py
[2026-04-28T00:06:29.822+0000] {processor.py:830} INFO - Processing file /opt/airflow/dags/flight-pipeline.py for tasks to queue
[2026-04-28T00:06:29.825+0000] {logging_mixin.py:188} INFO - [2026-04-28T00:06:29.825+0000] {dagbag.py:545} INFO - Filling up the DagBag from /opt/airflow/dags/flight-pipeline.py
[2026-04-28T00:06:30.519+0000] {processor.py:840} INFO - DAG(s) 'flights_ops_medallion_pipe' retrieved from /opt/airflow/dags/flight-pipeline.py
[2026-04-28T00:06:30.555+0000] {logging_mixin.py:188} INFO - [2026-04-28T00:06:30.552+0000] {dag.py:3089} INFO - Sync 1 DAGs
[2026-04-28T00:06:30.582+0000] {logging_mixin.py:188} INFO - [2026-04-28T00:06:30.581+0000] {dag.py:3947} INFO - Setting next_dagrun for flights_ops_medallion_pipe to 2026-04-28 00:00:00+00:00, run_after=2026-04-28 00:30:00+00:00
[2026-04-28T00:06:30.612+0000] {processor.py:183} INFO - Processing /opt/airflow/dags/flight-pipeline.py took 0.800 seconds
[2026-04-28T00:07:00.893+0000] {processor.py:161} INFO - Started process (PID=3632) to work on /opt/airflow/dags/flight-pipeline.py
[2026-04-28T00:07:00.895+0000] {processor.py:830} INFO - Processing file /opt/airflow/dags/flight-pipeline.py for tasks to queue
[2026-04-28T00:07:00.897+0000] {logging_mixin.py:188} INFO - [2026-04-28T00:07:00.897+0000] {dagbag.py:545} INFO - Filling up the DagBag from /opt/airflow/dags/flight-pipeline.py
[2026-04-28T00:07:01.604+0000] {processor.py:840} INFO - DAG(s) 'flights_ops_medallion_pipe' retrieved from /opt/airflow/dags/flight-pipeline.py
[2026-04-28T00:07:01.642+0000] {logging_mixin.py:188} INFO - [2026-04-28T00:07:01.642+0000] {dag.py:3089} INFO - Sync 1 DAGs
[2026-04-28T00:07:01.667+0000] {logging_mixin.py:188} INFO - [2026-04-28T00:07:01.666+0000] {dag.py:3947} INFO - Setting next_dagrun for flights_ops_medallion_pipe to 2026-04-28 00:00:00+00:00, run_after=2026-04-28 00:30:00+00:00
[2026-04-28T00:07:01.688+0000] {processor.py:183} INFO - Processing /opt/airflow/dags/flight-pipeline.py took 0.802 seconds
[2026-04-28T00:07:31.966+0000] {processor.py:161} INFO - Started process (PID=3635) to work on /opt/airflow/dags/flight-pipeline.py
[2026-04-28T00:07:31.967+0000] {processor.py:830} INFO - Processing file /opt/airflow/dags/flight-pipeline.py for tasks to queue
[2026-04-28T00:07:31.969+0000] {logging_mixin.py:188} INFO - [2026-04-28T00:07:31.969+0000] {dagbag.py:545} INFO - Filling up the DagBag from /opt/airflow/dags/flight-pipeline.py
[2026-04-28T00:07:32.649+0000] {processor.py:840} INFO - DAG(s) 'flights_ops_medallion_pipe' retrieved from /opt/airflow/dags/flight-pipeline.py
[2026-04-28T00:07:32.687+0000] {logging_mixin.py:188} INFO - [2026-04-28T00:07:32.686+0000] {dag.py:3089} INFO - Sync 1 DAGs
[2026-04-28T00:07:32.714+0000] {logging_mixin.py:188} INFO - [2026-04-28T00:07:32.714+0000] {dag.py:3947} INFO - Setting next_dagrun for flights_ops_medallion_pipe to 2026-04-28 00:00:00+00:00, run_after=2026-04-28 00:30:00+00:00
[2026-04-28T00:07:32.737+0000] {processor.py:183} INFO - Processing /opt/airflow/dags/flight-pipeline.py took 0.781 seconds
[2026-04-28T00:08:02.992+0000] {processor.py:161} INFO - Started process (PID=3638) to work on /opt/airflow/dags/flight-pipeline.py
[2026-04-28T00:08:03.003+0000] {processor.py:830} INFO - Processing file /opt/airflow/dags/flight-pipeline.py for tasks to queue
[2026-04-28T00:08:03.006+0000] {logging_mixin.py:188} INFO - [2026-04-28T00:08:03.006+0000] {dagbag.py:545} INFO - Filling up the DagBag from /opt/airflow/dags/flight-pipeline.py
[2026-04-28T00:08:03.743+0000] {processor.py:840} INFO - DAG(s) 'flights_ops_medallion_pipe' retrieved from /opt/airflow/dags/flight-pipeline.py
[2026-04-28T00:08:03.777+0000] {logging_mixin.py:188} INFO - [2026-04-28T00:08:03.776+0000] {dag.py:3089} INFO - Sync 1 DAGs
[2026-04-28T00:08:03.802+0000] {logging_mixin.py:188} INFO - [2026-04-28T00:08:03.802+0000] {dag.py:3947} INFO - Setting next_dagrun for flights_ops_medallion_pipe to 2026-04-28 00:00:00+00:00, run_after=2026-04-28 00:30:00+00:00
[2026-04-28T00:08:03.826+0000] {processor.py:183} INFO - Processing /opt/airflow/dags/flight-pipeline.py took 0.847 seconds
[2026-04-28T00:08:34.074+0000] {processor.py:161} INFO - Started process (PID=3641) to work on /opt/airflow/dags/flight-pipeline.py
[2026-04-28T00:08:34.075+0000] {processor.py:830} INFO - Processing file /opt/airflow/dags/flight-pipeline.py for tasks to queue
[2026-04-28T00:08:34.078+0000] {logging_mixin.py:188} INFO - [2026-04-28T00:08:34.078+0000] {dagbag.py:545} INFO - Filling up the DagBag from /opt/airflow/dags/flight-pipeline.py
[2026-04-28T00:08:34.772+0000] {processor.py:840} INFO - DAG(s) 'flights_ops_medallion_pipe' retrieved from /opt/airflow/dags/flight-pipeline.py
[2026-04-28T00:08:34.808+0000] {logging_mixin.py:188} INFO - [2026-04-28T00:08:34.807+0000] {dag.py:3089} INFO - Sync 1 DAGs
[2026-04-28T00:08:34.834+0000] {logging_mixin.py:188} INFO - [2026-04-28T00:08:34.834+0000] {dag.py:3947} INFO - Setting next_dagrun for flights_ops_medallion_pipe to 2026-04-28 00:00:00+00:00, run_after=2026-04-28 00:30:00+00:00
[2026-04-28T00:08:34.857+0000] {processor.py:183} INFO - Processing /opt/airflow/dags/flight-pipeline.py took 0.792 seconds
[2026-04-28T00:09:05.323+0000] {processor.py:161} INFO - Started process (PID=3644) to work on /opt/airflow/dags/flight-pipeline.py
[2026-04-28T00:09:05.324+0000] {processor.py:830} INFO - Processing file /opt/airflow/dags/flight-pipeline.py for tasks to queue
[2026-04-28T00:09:05.328+0000] {logging_mixin.py:188} INFO - [2026-04-28T00:09:05.328+0000] {dagbag.py:545} INFO - Filling up the DagBag from /opt/airflow/dags/flight-pipeline.py
[2026-04-28T00:09:06.037+0000] {processor.py:840} INFO - DAG(s) 'flights_ops_medallion_pipe' retrieved from /opt/airflow/dags/flight-pipeline.py
[2026-04-28T00:09:06.078+0000] {logging_mixin.py:188} INFO - [2026-04-28T00:09:06.077+0000] {dag.py:3089} INFO - Sync 1 DAGs
[2026-04-28T00:09:06.106+0000] {logging_mixin.py:188} INFO - [2026-04-28T00:09:06.105+0000] {dag.py:3947} INFO - Setting next_dagrun for flights_ops_medallion_pipe to 2026-04-28 00:00:00+00:00, run_after=2026-04-28 00:30:00+00:00
[2026-04-28T00:09:06.128+0000] {processor.py:183} INFO - Processing /opt/airflow/dags/flight-pipeline.py took 0.815 seconds
[2026-04-28T00:09:36.448+0000] {processor.py:161} INFO - Started process (PID=3647) to work on /opt/airflow/dags/flight-pipeline.py
[2026-04-28T00:09:36.451+0000] {processor.py:830} INFO - Processing file /opt/airflow/dags/flight-pipeline.py for tasks to queue
[2026-04-28T00:09:36.456+0000] {logging_mixin.py:188} INFO - [2026-04-28T00:09:36.455+0000] {dagbag.py:545} INFO - Filling up the DagBag from /opt/airflow/dags/flight-pipeline.py
[2026-04-28T00:09:37.314+0000] {processor.py:840} INFO - DAG(s) 'flights_ops_medallion_pipe' retrieved from /opt/airflow/dags/flight-pipeline.py
[2026-04-28T00:09:37.364+0000] {logging_mixin.py:188} INFO - [2026-04-28T00:09:37.362+0000] {dag.py:3089} INFO - Sync 1 DAGs
[2026-04-28T00:09:37.395+0000] {logging_mixin.py:188} INFO - [2026-04-28T00:09:37.395+0000] {dag.py:3947} INFO - Setting next_dagrun for flights_ops_medallion_pipe to 2026-04-28 00:00:00+00:00, run_after=2026-04-28 00:30:00+00:00
[2026-04-28T00:09:37.423+0000] {processor.py:183} INFO - Processing /opt/airflow/dags/flight-pipeline.py took 0.988 seconds
[2026-04-28T00:10:07.699+0000] {processor.py:161} INFO - Started process (PID=3650) to work on /opt/airflow/dags/flight-pipeline.py
[2026-04-28T00:10:07.702+0000] {processor.py:830} INFO - Processing file /opt/airflow/dags/flight-pipeline.py for tasks to queue
[2026-04-28T00:10:07.710+0000] {logging_mixin.py:188} INFO - [2026-04-28T00:10:07.710+0000] {dagbag.py:545} INFO - Filling up the DagBag from /opt/airflow/dags/flight-pipeline.py
[2026-04-28T00:10:08.452+0000] {processor.py:840} INFO - DAG(s) 'flights_ops_medallion_pipe' retrieved from /opt/airflow/dags/flight-pipeline.py
[2026-04-28T00:10:08.490+0000] {logging_mixin.py:188} INFO - [2026-04-28T00:10:08.490+0000] {dag.py:3089} INFO - Sync 1 DAGs
[2026-04-28T00:10:08.519+0000] {logging_mixin.py:188} INFO - [2026-04-28T00:10:08.518+0000] {dag.py:3947} INFO - Setting next_dagrun for flights_ops_medallion_pipe to 2026-04-28 00:00:00+00:00, run_after=2026-04-28 00:30:00+00:00
[2026-04-28T00:10:08.543+0000] {processor.py:183} INFO - Processing /opt/airflow/dags/flight-pipeline.py took 0.855 seconds
[2026-04-28T00:10:38.977+0000] {processor.py:161} INFO - Started process (PID=3653) to work on /opt/airflow/dags/flight-pipeline.py
[2026-04-28T00:10:38.979+0000] {processor.py:830} INFO - Processing file /opt/airflow/dags/flight-pipeline.py for tasks to queue
[2026-04-28T00:10:38.998+0000] {logging_mixin.py:188} INFO - [2026-04-28T00:10:38.997+0000] {dagbag.py:545} INFO - Filling up the DagBag from /opt/airflow/dags/flight-pipeline.py
[2026-04-28T00:10:40.144+0000] {processor.py:840} INFO - DAG(s) 'flights_ops_medallion_pipe' retrieved from /opt/airflow/dags/flight-pipeline.py
[2026-04-28T00:10:40.186+0000] {logging_mixin.py:188} INFO - [2026-04-28T00:10:40.185+0000] {dag.py:3089} INFO - Sync 1 DAGs
[2026-04-28T00:10:40.220+0000] {logging_mixin.py:188} INFO - [2026-04-28T00:10:40.219+0000] {dag.py:3947} INFO - Setting next_dagrun for flights_ops_medallion_pipe to 2026-04-28 00:00:00+00:00, run_after=2026-04-28 00:30:00+00:00
[2026-04-28T00:10:40.241+0000] {processor.py:183} INFO - Processing /opt/airflow/dags/flight-pipeline.py took 1.290 seconds
[2026-04-28T00:11:10.589+0000] {processor.py:161} INFO - Started process (PID=3656) to work on /opt/airflow/dags/flight-pipeline.py
[2026-04-28T00:11:10.597+0000] {processor.py:830} INFO - Processing file /opt/airflow/dags/flight-pipeline.py for tasks to queue
[2026-04-28T00:11:10.606+0000] {logging_mixin.py:188} INFO - [2026-04-28T00:11:10.605+0000] {dagbag.py:545} INFO - Filling up the DagBag from /opt/airflow/dags/flight-pipeline.py
[2026-04-28T00:11:11.574+0000] {processor.py:840} INFO - DAG(s) 'flights_ops_medallion_pipe' retrieved from /opt/airflow/dags/flight-pipeline.py
[2026-04-28T00:11:11.620+0000] {logging_mixin.py:188} INFO - [2026-04-28T00:11:11.619+0000] {dag.py:3089} INFO - Sync 1 DAGs
[2026-04-28T00:11:11.652+0000] {logging_mixin.py:188} INFO - [2026-04-28T00:11:11.651+0000] {dag.py:3947} INFO - Setting next_dagrun for flights_ops_medallion_pipe to 2026-04-28 00:00:00+00:00, run_after=2026-04-28 00:30:00+00:00
[2026-04-28T00:11:11.681+0000] {processor.py:183} INFO - Processing /opt/airflow/dags/flight-pipeline.py took 1.144 seconds
[2026-04-28T00:11:41.776+0000] {processor.py:161} INFO - Started process (PID=3659) to work on /opt/airflow/dags/flight-pipeline.py
[2026-04-28T00:11:41.778+0000] {processor.py:830} INFO - Processing file /opt/airflow/dags/flight-pipeline.py for tasks to queue
[2026-04-28T00:11:41.780+0000] {logging_mixin.py:188} INFO - [2026-04-28T00:11:41.780+0000] {dagbag.py:545} INFO - Filling up the DagBag from /opt/airflow/dags/flight-pipeline.py
[2026-04-28T00:11:42.598+0000] {processor.py:840} INFO - DAG(s) 'flights_ops_medallion_pipe' retrieved from /opt/airflow/dags/flight-pipeline.py
[2026-04-28T00:11:42.635+0000] {logging_mixin.py:188} INFO - [2026-04-28T00:11:42.634+0000] {dag.py:3089} INFO - Sync 1 DAGs
[2026-04-28T00:11:42.664+0000] {logging_mixin.py:188} INFO - [2026-04-28T00:11:42.664+0000] {dag.py:3947} INFO - Setting next_dagrun for flights_ops_medallion_pipe to 2026-04-28 00:00:00+00:00, run_after=2026-04-28 00:30:00+00:00
[2026-04-28T00:11:42.692+0000] {processor.py:183} INFO - Processing /opt/airflow/dags/flight-pipeline.py took 0.924 seconds
[2026-04-28T00:12:12.995+0000] {processor.py:161} INFO - Started process (PID=3662) to work on /opt/airflow/dags/flight-pipeline.py
[2026-04-28T00:12:12.997+0000] {processor.py:830} INFO - Processing file /opt/airflow/dags/flight-pipeline.py for tasks to queue
[2026-04-28T00:12:13.001+0000] {logging_mixin.py:188} INFO - [2026-04-28T00:12:13.000+0000] {dagbag.py:545} INFO - Filling up the DagBag from /opt/airflow/dags/flight-pipeline.py
[2026-04-28T00:12:13.695+0000] {processor.py:840} INFO - DAG(s) 'flights_ops_medallion_pipe' retrieved from /opt/airflow/dags/flight-pipeline.py
[2026-04-28T00:12:13.726+0000] {logging_mixin.py:188} INFO - [2026-04-28T00:12:13.726+0000] {dag.py:3089} INFO - Sync 1 DAGs
[2026-04-28T00:12:13.749+0000] {logging_mixin.py:188} INFO - [2026-04-28T00:12:13.749+0000] {dag.py:3947} INFO - Setting next_dagrun for flights_ops_medallion_pipe to 2026-04-28 00:00:00+00:00, run_after=2026-04-28 00:30:00+00:00
[2026-04-28T00:12:13.769+0000] {processor.py:183} INFO - Processing /opt/airflow/dags/flight-pipeline.py took 0.785 seconds
[2026-04-28T00:12:44.208+0000] {processor.py:161} INFO - Started process (PID=3665) to work on /opt/airflow/dags/flight-pipeline.py
[2026-04-28T00:12:44.210+0000] {processor.py:830} INFO - Processing file /opt/airflow/dags/flight-pipeline.py for tasks to queue
[2026-04-28T00:12:44.213+0000] {logging_mixin.py:188} INFO - [2026-04-28T00:12:44.212+0000] {dagbag.py:545} INFO - Filling up the DagBag from /opt/airflow/dags/flight-pipeline.py
[2026-04-28T00:12:45.344+0000] {processor.py:840} INFO - DAG(s) 'flights_ops_medallion_pipe' retrieved from /opt/airflow/dags/flight-pipeline.py
[2026-04-28T00:12:45.441+0000] {logging_mixin.py:188} INFO - [2026-04-28T00:12:45.439+0000] {dag.py:3089} INFO - Sync 1 DAGs
[2026-04-28T00:12:45.488+0000] {logging_mixin.py:188} INFO - [2026-04-28T00:12:45.488+0000] {dag.py:3947} INFO - Setting next_dagrun for flights_ops_medallion_pipe to 2026-04-28 00:00:00+00:00, run_after=2026-04-28 00:30:00+00:00
[2026-04-28T00:12:45.522+0000] {processor.py:183} INFO - Processing /opt/airflow/dags/flight-pipeline.py took 1.322 seconds
[2026-04-28T00:13:15.592+0000] {processor.py:161} INFO - Started process (PID=3668) to work on /opt/airflow/dags/flight-pipeline.py
[2026-04-28T00:13:15.594+0000] {processor.py:830} INFO - Processing file /opt/airflow/dags/flight-pipeline.py for tasks to queue
[2026-04-28T00:13:15.597+0000] {logging_mixin.py:188} INFO - [2026-04-28T00:13:15.596+0000] {dagbag.py:545} INFO - Filling up the DagBag from /opt/airflow/dags/flight-pipeline.py
[2026-04-28T00:13:16.371+0000] {processor.py:840} INFO - DAG(s) 'flights_ops_medallion_pipe' retrieved from /opt/airflow/dags/flight-pipeline.py
[2026-04-28T00:13:16.410+0000] {logging_mixin.py:188} INFO - [2026-04-28T00:13:16.410+0000] {dag.py:3089} INFO - Sync 1 DAGs
[2026-04-28T00:13:16.437+0000] {logging_mixin.py:188} INFO - [2026-04-28T00:13:16.436+0000] {dag.py:3947} INFO - Setting next_dagrun for flights_ops_medallion_pipe to 2026-04-28 00:00:00+00:00, run_after=2026-04-28 00:30:00+00:00
[2026-04-28T00:13:16.457+0000] {processor.py:183} INFO - Processing /opt/airflow/dags/flight-pipeline.py took 0.874 seconds
[2026-04-28T00:13:46.716+0000] {processor.py:161} INFO - Started process (PID=3671) to work on /opt/airflow/dags/flight-pipeline.py
[2026-04-28T00:13:46.732+0000] {processor.py:830} INFO - Processing file /opt/airflow/dags/flight-pipeline.py for tasks to queue
[2026-04-28T00:13:46.736+0000] {logging_mixin.py:188} INFO - [2026-04-28T00:13:46.735+0000] {dagbag.py:545} INFO - Filling up the DagBag from /opt/airflow/dags/flight-pipeline.py
[2026-04-28T00:13:47.527+0000] {processor.py:840} INFO - DAG(s) 'flights_ops_medallion_pipe' retrieved from /opt/airflow/dags/flight-pipeline.py
[2026-04-28T00:13:47.565+0000] {logging_mixin.py:188} INFO - [2026-04-28T00:13:47.564+0000] {dag.py:3089} INFO - Sync 1 DAGs
[2026-04-28T00:13:47.590+0000] {logging_mixin.py:188} INFO - [2026-04-28T00:13:47.590+0000] {dag.py:3947} INFO - Setting next_dagrun for flights_ops_medallion_pipe to 2026-04-28 00:00:00+00:00, run_after=2026-04-28 00:30:00+00:00
[2026-04-28T00:13:47.614+0000] {processor.py:183} INFO - Processing /opt/airflow/dags/flight-pipeline.py took 0.907 seconds
[2026-04-28T00:14:17.920+0000] {processor.py:161} INFO - Started process (PID=3674) to work on /opt/airflow/dags/flight-pipeline.py
[2026-04-28T00:14:17.921+0000] {processor.py:830} INFO - Processing file /opt/airflow/dags/flight-pipeline.py for tasks to queue
[2026-04-28T00:14:17.923+0000] {logging_mixin.py:188} INFO - [2026-04-28T00:14:17.923+0000] {dagbag.py:545} INFO - Filling up the DagBag from /opt/airflow/dags/flight-pipeline.py
[2026-04-28T00:14:18.689+0000] {processor.py:840} INFO - DAG(s) 'flights_ops_medallion_pipe' retrieved from /opt/airflow/dags/flight-pipeline.py
[2026-04-28T00:14:18.736+0000] {logging_mixin.py:188} INFO - [2026-04-28T00:14:18.736+0000] {dag.py:3089} INFO - Sync 1 DAGs
[2026-04-28T00:14:18.761+0000] {logging_mixin.py:188} INFO - [2026-04-28T00:14:18.760+0000] {dag.py:3947} INFO - Setting next_dagrun for flights_ops_medallion_pipe to 2026-04-28 00:00:00+00:00, run_after=2026-04-28 00:30:00+00:00
[2026-04-28T00:14:18.784+0000] {processor.py:183} INFO - Processing /opt/airflow/dags/flight-pipeline.py took 0.872 seconds
[2026-04-28T00:14:49.048+0000] {processor.py:161} INFO - Started process (PID=3677) to work on /opt/airflow/dags/flight-pipeline.py
[2026-04-28T00:14:49.050+0000] {processor.py:830} INFO - Processing file /opt/airflow/dags/flight-pipeline.py for tasks to queue
[2026-04-28T00:14:49.054+0000] {logging_mixin.py:188} INFO - [2026-04-28T00:14:49.053+0000] {dagbag.py:545} INFO - Filling up the DagBag from /opt/airflow/dags/flight-pipeline.py
[2026-04-28T00:14:49.755+0000] {processor.py:840} INFO - DAG(s) 'flights_ops_medallion_pipe' retrieved from /opt/airflow/dags/flight-pipeline.py
[2026-04-28T00:14:49.790+0000] {logging_mixin.py:188} INFO - [2026-04-28T00:14:49.790+0000] {dag.py:3089} INFO - Sync 1 DAGs
[2026-04-28T00:14:49.814+0000] {logging_mixin.py:188} INFO - [2026-04-28T00:14:49.814+0000] {dag.py:3947} INFO - Setting next_dagrun for flights_ops_medallion_pipe to 2026-04-28 00:00:00+00:00, run_after=2026-04-28 00:30:00+00:00
[2026-04-28T00:14:49.835+0000] {processor.py:183} INFO - Processing /opt/airflow/dags/flight-pipeline.py took 0.804 seconds
[2026-04-28T00:15:20.089+0000] {processor.py:161} INFO - Started process (PID=3680) to work on /opt/airflow/dags/flight-pipeline.py
[2026-04-28T00:15:20.090+0000] {processor.py:830} INFO - Processing file /opt/airflow/dags/flight-pipeline.py for tasks to queue
[2026-04-28T00:15:20.092+0000] {logging_mixin.py:188} INFO - [2026-04-28T00:15:20.092+0000] {dagbag.py:545} INFO - Filling up the DagBag from /opt/airflow/dags/flight-pipeline.py
[2026-04-28T00:15:20.747+0000] {processor.py:840} INFO - DAG(s) 'flights_ops_medallion_pipe' retrieved from /opt/airflow/dags/flight-pipeline.py
[2026-04-28T00:15:20.783+0000] {logging_mixin.py:188} INFO - [2026-04-28T00:15:20.783+0000] {dag.py:3089} INFO - Sync 1 DAGs
[2026-04-28T00:15:20.808+0000] {logging_mixin.py:188} INFO - [2026-04-28T00:15:20.807+0000] {dag.py:3947} INFO - Setting next_dagrun for flights_ops_medallion_pipe to 2026-04-28 00:00:00+00:00, run_after=2026-04-28 00:30:00+00:00
[2026-04-28T00:15:20.826+0000] {processor.py:183} INFO - Processing /opt/airflow/dags/flight-pipeline.py took 0.746 seconds
[2026-04-28T00:15:51.697+0000] {processor.py:161} INFO - Started process (PID=3683) to work on /opt/airflow/dags/flight-pipeline.py
[2026-04-28T00:15:51.706+0000] {processor.py:830} INFO - Processing file /opt/airflow/dags/flight-pipeline.py for tasks to queue
[2026-04-28T00:15:51.720+0000] {logging_mixin.py:188} INFO - [2026-04-28T00:15:51.718+0000] {dagbag.py:545} INFO - Filling up the DagBag from /opt/airflow/dags/flight-pipeline.py
[2026-04-28T00:15:52.925+0000] {processor.py:840} INFO - DAG(s) 'flights_ops_medallion_pipe' retrieved from /opt/airflow/dags/flight-pipeline.py
[2026-04-28T00:15:52.980+0000] {logging_mixin.py:188} INFO - [2026-04-28T00:15:52.978+0000] {dag.py:3089} INFO - Sync 1 DAGs
[2026-04-28T00:15:53.024+0000] {logging_mixin.py:188} INFO - [2026-04-28T00:15:53.024+0000] {dag.py:3947} INFO - Setting next_dagrun for flights_ops_medallion_pipe to 2026-04-28 00:00:00+00:00, run_after=2026-04-28 00:30:00+00:00
[2026-04-28T00:15:53.058+0000] {processor.py:183} INFO - Processing /opt/airflow/dags/flight-pipeline.py took 1.429 seconds
[2026-04-28T00:16:23.326+0000] {processor.py:161} INFO - Started process (PID=3686) to work on /opt/airflow/dags/flight-pipeline.py
[2026-04-28T00:16:23.329+0000] {processor.py:830} INFO - Processing file /opt/airflow/dags/flight-pipeline.py for tasks to queue
[2026-04-28T00:16:23.353+0000] {logging_mixin.py:188} INFO - [2026-04-28T00:16:23.351+0000] {dagbag.py:545} INFO - Filling up the DagBag from /opt/airflow/dags/flight-pipeline.py
[2026-04-28T00:16:24.240+0000] {processor.py:840} INFO - DAG(s) 'flights_ops_medallion_pipe' retrieved from /opt/airflow/dags/flight-pipeline.py
[2026-04-28T00:16:24.291+0000] {logging_mixin.py:188} INFO - [2026-04-28T00:16:24.290+0000] {dag.py:3089} INFO - Sync 1 DAGs
[2026-04-28T00:16:24.321+0000] {logging_mixin.py:188} INFO - [2026-04-28T00:16:24.321+0000] {dag.py:3947} INFO - Setting next_dagrun for flights_ops_medallion_pipe to 2026-04-28 00:00:00+00:00, run_after=2026-04-28 00:30:00+00:00
[2026-04-28T00:16:24.351+0000] {processor.py:183} INFO - Processing /opt/airflow/dags/flight-pipeline.py took 1.034 seconds
[2026-04-28T00:16:54.693+0000] {processor.py:161} INFO - Started process (PID=3689) to work on /opt/airflow/dags/flight-pipeline.py
[2026-04-28T00:16:54.700+0000] {processor.py:830} INFO - Processing file /opt/airflow/dags/flight-pipeline.py for tasks to queue
[2026-04-28T00:16:54.704+0000] {logging_mixin.py:188} INFO - [2026-04-28T00:16:54.703+0000] {dagbag.py:545} INFO - Filling up the DagBag from /opt/airflow/dags/flight-pipeline.py
[2026-04-28T00:16:56.918+0000] {processor.py:840} INFO - DAG(s) 'flights_ops_medallion_pipe' retrieved from /opt/airflow/dags/flight-pipeline.py
[2026-04-28T00:16:56.980+0000] {logging_mixin.py:188} INFO - [2026-04-28T00:16:56.979+0000] {dag.py:3089} INFO - Sync 1 DAGs
[2026-04-28T00:16:57.017+0000] {logging_mixin.py:188} INFO - [2026-04-28T00:16:57.017+0000] {dag.py:3947} INFO - Setting next_dagrun for flights_ops_medallion_pipe to 2026-04-28 00:00:00+00:00, run_after=2026-04-28 00:30:00+00:00
[2026-04-28T00:16:57.042+0000] {processor.py:183} INFO - Processing /opt/airflow/dags/flight-pipeline.py took 2.400 seconds
[2026-04-28T00:17:27.210+0000] {processor.py:161} INFO - Started process (PID=3692) to work on /opt/airflow/dags/flight-pipeline.py
[2026-04-28T00:17:27.212+0000] {processor.py:830} INFO - Processing file /opt/airflow/dags/flight-pipeline.py for tasks to queue
[2026-04-28T00:17:27.216+0000] {logging_mixin.py:188} INFO - [2026-04-28T00:17:27.216+0000] {dagbag.py:545} INFO - Filling up the DagBag from /opt/airflow/dags/flight-pipeline.py
[2026-04-28T00:17:28.305+0000] {processor.py:840} INFO - DAG(s) 'flights_ops_medallion_pipe' retrieved from /opt/airflow/dags/flight-pipeline.py
[2026-04-28T00:17:28.355+0000] {logging_mixin.py:188} INFO - [2026-04-28T00:17:28.354+0000] {dag.py:3089} INFO - Sync 1 DAGs
[2026-04-28T00:17:28.387+0000] {logging_mixin.py:188} INFO - [2026-04-28T00:17:28.387+0000] {dag.py:3947} INFO - Setting next_dagrun for flights_ops_medallion_pipe to 2026-04-28 00:00:00+00:00, run_after=2026-04-28 00:30:00+00:00
[2026-04-28T00:17:28.414+0000] {processor.py:183} INFO - Processing /opt/airflow/dags/flight-pipeline.py took 1.222 seconds
[2026-04-28T00:17:58.569+0000] {processor.py:161} INFO - Started process (PID=3695) to work on /opt/airflow/dags/flight-pipeline.py
[2026-04-28T00:17:58.570+0000] {processor.py:830} INFO - Processing file /opt/airflow/dags/flight-pipeline.py for tasks to queue
[2026-04-28T00:17:58.575+0000] {logging_mixin.py:188} INFO - [2026-04-28T00:17:58.574+0000] {dagbag.py:545} INFO - Filling up the DagBag from /opt/airflow/dags/flight-pipeline.py
[2026-04-28T00:17:59.475+0000] {processor.py:840} INFO - DAG(s) 'flights_ops_medallion_pipe' retrieved from /opt/airflow/dags/flight-pipeline.py
[2026-04-28T00:17:59.565+0000] {logging_mixin.py:188} INFO - [2026-04-28T00:17:59.563+0000] {dag.py:3089} INFO - Sync 1 DAGs
[2026-04-28T00:17:59.610+0000] {logging_mixin.py:188} INFO - [2026-04-28T00:17:59.609+0000] {dag.py:3947} INFO - Setting next_dagrun for flights_ops_medallion_pipe to 2026-04-28 00:00:00+00:00, run_after=2026-04-28 00:30:00+00:00
[2026-04-28T00:17:59.641+0000] {processor.py:183} INFO - Processing /opt/airflow/dags/flight-pipeline.py took 1.084 seconds
[2026-04-28T00:18:29.879+0000] {processor.py:161} INFO - Started process (PID=3698) to work on /opt/airflow/dags/flight-pipeline.py
[2026-04-28T00:18:29.881+0000] {processor.py:830} INFO - Processing file /opt/airflow/dags/flight-pipeline.py for tasks to queue
[2026-04-28T00:18:29.884+0000] {logging_mixin.py:188} INFO - [2026-04-28T00:18:29.884+0000] {dagbag.py:545} INFO - Filling up the DagBag from /opt/airflow/dags/flight-pipeline.py
[2026-04-28T00:18:30.669+0000] {processor.py:840} INFO - DAG(s) 'flights_ops_medallion_pipe' retrieved from /opt/airflow/dags/flight-pipeline.py
[2026-04-28T00:18:30.706+0000] {logging_mixin.py:188} INFO - [2026-04-28T00:18:30.705+0000] {dag.py:3089} INFO - Sync 1 DAGs
[2026-04-28T00:18:30.733+0000] {logging_mixin.py:188} INFO - [2026-04-28T00:18:30.733+0000] {dag.py:3947} INFO - Setting next_dagrun for flights_ops_medallion_pipe to 2026-04-28 00:00:00+00:00, run_after=2026-04-28 00:30:00+00:00
[2026-04-28T00:18:30.754+0000] {processor.py:183} INFO - Processing /opt/airflow/dags/flight-pipeline.py took 0.884 seconds
[2026-04-28T00:19:01.217+0000] {processor.py:161} INFO - Started process (PID=3701) to work on /opt/airflow/dags/flight-pipeline.py
[2026-04-28T00:19:01.219+0000] {processor.py:830} INFO - Processing file /opt/airflow/dags/flight-pipeline.py for tasks to queue
[2026-04-28T00:19:01.225+0000] {logging_mixin.py:188} INFO - [2026-04-28T00:19:01.224+0000] {dagbag.py:545} INFO - Filling up the DagBag from /opt/airflow/dags/flight-pipeline.py
[2026-04-28T00:19:02.424+0000] {processor.py:840} INFO - DAG(s) 'flights_ops_medallion_pipe' retrieved from /opt/airflow/dags/flight-pipeline.py
[2026-04-28T00:19:02.556+0000] {logging_mixin.py:188} INFO - [2026-04-28T00:19:02.555+0000] {dag.py:3089} INFO - Sync 1 DAGs
[2026-04-28T00:19:02.625+0000] {logging_mixin.py:188} INFO - [2026-04-28T00:19:02.625+0000] {dag.py:3947} INFO - Setting next_dagrun for flights_ops_medallion_pipe to 2026-04-28 00:00:00+00:00, run_after=2026-04-28 00:30:00+00:00
[2026-04-28T00:19:02.699+0000] {processor.py:183} INFO - Processing /opt/airflow/dags/flight-pipeline.py took 1.492 seconds
[2026-04-28T00:19:32.936+0000] {processor.py:161} INFO - Started process (PID=3704) to work on /opt/airflow/dags/flight-pipeline.py
[2026-04-28T00:19:32.937+0000] {processor.py:830} INFO - Processing file /opt/airflow/dags/flight-pipeline.py for tasks to queue
[2026-04-28T00:19:32.940+0000] {logging_mixin.py:188} INFO - [2026-04-28T00:19:32.939+0000] {dagbag.py:545} INFO - Filling up the DagBag from /opt/airflow/dags/flight-pipeline.py
[2026-04-28T00:19:33.664+0000] {processor.py:840} INFO - DAG(s) 'flights_ops_medallion_pipe' retrieved from /opt/airflow/dags/flight-pipeline.py
[2026-04-28T00:19:33.699+0000] {logging_mixin.py:188} INFO - [2026-04-28T00:19:33.698+0000] {dag.py:3089} INFO - Sync 1 DAGs
[2026-04-28T00:19:33.725+0000] {logging_mixin.py:188} INFO - [2026-04-28T00:19:33.724+0000] {dag.py:3947} INFO - Setting next_dagrun for flights_ops_medallion_pipe to 2026-04-28 00:00:00+00:00, run_after=2026-04-28 00:30:00+00:00
[2026-04-28T00:19:33.744+0000] {processor.py:183} INFO - Processing /opt/airflow/dags/flight-pipeline.py took 0.818 seconds
[2026-04-28T00:20:04.066+0000] {processor.py:161} INFO - Started process (PID=3707) to work on /opt/airflow/dags/flight-pipeline.py
[2026-04-28T00:20:04.067+0000] {processor.py:830} INFO - Processing file /opt/airflow/dags/flight-pipeline.py for tasks to queue
[2026-04-28T00:20:04.069+0000] {logging_mixin.py:188} INFO - [2026-04-28T00:20:04.069+0000] {dagbag.py:545} INFO - Filling up the DagBag from /opt/airflow/dags/flight-pipeline.py
[2026-04-28T00:20:04.890+0000] {processor.py:840} INFO - DAG(s) 'flights_ops_medallion_pipe' retrieved from /opt/airflow/dags/flight-pipeline.py
[2026-04-28T00:20:04.957+0000] {logging_mixin.py:188} INFO - [2026-04-28T00:20:04.956+0000] {dag.py:3089} INFO - Sync 1 DAGs
[2026-04-28T00:20:04.987+0000] {logging_mixin.py:188} INFO - [2026-04-28T00:20:04.987+0000] {dag.py:3947} INFO - Setting next_dagrun for flights_ops_medallion_pipe to 2026-04-28 00:00:00+00:00, run_after=2026-04-28 00:30:00+00:00
[2026-04-28T00:20:05.015+0000] {processor.py:183} INFO - Processing /opt/airflow/dags/flight-pipeline.py took 0.959 seconds
[2026-04-28T00:20:35.299+0000] {processor.py:161} INFO - Started process (PID=3710) to work on /opt/airflow/dags/flight-pipeline.py
[2026-04-28T00:20:35.301+0000] {processor.py:830} INFO - Processing file /opt/airflow/dags/flight-pipeline.py for tasks to queue
[2026-04-28T00:20:35.303+0000] {logging_mixin.py:188} INFO - [2026-04-28T00:20:35.303+0000] {dagbag.py:545} INFO - Filling up the DagBag from /opt/airflow/dags/flight-pipeline.py
[2026-04-28T00:20:35.994+0000] {processor.py:840} INFO - DAG(s) 'flights_ops_medallion_pipe' retrieved from /opt/airflow/dags/flight-pipeline.py
[2026-04-28T00:20:36.030+0000] {logging_mixin.py:188} INFO - [2026-04-28T00:20:36.030+0000] {dag.py:3089} INFO - Sync 1 DAGs
[2026-04-28T00:20:36.055+0000] {logging_mixin.py:188} INFO - [2026-04-28T00:20:36.054+0000] {dag.py:3947} INFO - Setting next_dagrun for flights_ops_medallion_pipe to 2026-04-28 00:00:00+00:00, run_after=2026-04-28 00:30:00+00:00
[2026-04-28T00:20:36.078+0000] {processor.py:183} INFO - Processing /opt/airflow/dags/flight-pipeline.py took 0.787 seconds
[2026-04-28T00:21:06.262+0000] {processor.py:161} INFO - Started process (PID=3713) to work on /opt/airflow/dags/flight-pipeline.py
[2026-04-28T00:21:06.273+0000] {processor.py:830} INFO - Processing file /opt/airflow/dags/flight-pipeline.py for tasks to queue
[2026-04-28T00:21:06.285+0000] {logging_mixin.py:188} INFO - [2026-04-28T00:21:06.285+0000] {dagbag.py:545} INFO - Filling up the DagBag from /opt/airflow/dags/flight-pipeline.py
[2026-04-28T00:21:07.093+0000] {processor.py:840} INFO - DAG(s) 'flights_ops_medallion_pipe' retrieved from /opt/airflow/dags/flight-pipeline.py
[2026-04-28T00:21:07.152+0000] {logging_mixin.py:188} INFO - [2026-04-28T00:21:07.151+0000] {dag.py:3089} INFO - Sync 1 DAGs
[2026-04-28T00:21:07.202+0000] {logging_mixin.py:188} INFO - [2026-04-28T00:21:07.201+0000] {dag.py:3947} INFO - Setting next_dagrun for flights_ops_medallion_pipe to 2026-04-28 00:00:00+00:00, run_after=2026-04-28 00:30:00+00:00
[2026-04-28T00:21:07.230+0000] {processor.py:183} INFO - Processing /opt/airflow/dags/flight-pipeline.py took 1.012 seconds
[2026-04-28T00:21:37.468+0000] {processor.py:161} INFO - Started process (PID=3716) to work on /opt/airflow/dags/flight-pipeline.py
[2026-04-28T00:21:37.470+0000] {processor.py:830} INFO - Processing file /opt/airflow/dags/flight-pipeline.py for tasks to queue
[2026-04-28T00:21:37.479+0000] {logging_mixin.py:188} INFO - [2026-04-28T00:21:37.478+0000] {dagbag.py:545} INFO - Filling up the DagBag from /opt/airflow/dags/flight-pipeline.py
[2026-04-28T00:21:38.466+0000] {processor.py:840} INFO - DAG(s) 'flights_ops_medallion_pipe' retrieved from /opt/airflow/dags/flight-pipeline.py
[2026-04-28T00:21:38.515+0000] {logging_mixin.py:188} INFO - [2026-04-28T00:21:38.515+0000] {dag.py:3089} INFO - Sync 1 DAGs
[2026-04-28T00:21:38.580+0000] {logging_mixin.py:188} INFO - [2026-04-28T00:21:38.580+0000] {dag.py:3947} INFO - Setting next_dagrun for flights_ops_medallion_pipe to 2026-04-28 00:00:00+00:00, run_after=2026-04-28 00:30:00+00:00
[2026-04-28T00:21:38.610+0000] {processor.py:183} INFO - Processing /opt/airflow/dags/flight-pipeline.py took 1.158 seconds
[2026-04-28T00:22:08.693+0000] {processor.py:161} INFO - Started process (PID=3719) to work on /opt/airflow/dags/flight-pipeline.py
[2026-04-28T00:22:08.696+0000] {processor.py:830} INFO - Processing file /opt/airflow/dags/flight-pipeline.py for tasks to queue
[2026-04-28T00:22:08.704+0000] {logging_mixin.py:188} INFO - [2026-04-28T00:22:08.704+0000] {dagbag.py:545} INFO - Filling up the DagBag from /opt/airflow/dags/flight-pipeline.py
[2026-04-28T00:22:09.346+0000] {processor.py:840} INFO - DAG(s) 'flights_ops_medallion_pipe' retrieved from /opt/airflow/dags/flight-pipeline.py
[2026-04-28T00:22:09.383+0000] {logging_mixin.py:188} INFO - [2026-04-28T00:22:09.381+0000] {dag.py:3089} INFO - Sync 1 DAGs
[2026-04-28T00:22:09.408+0000] {logging_mixin.py:188} INFO - [2026-04-28T00:22:09.408+0000] {dag.py:3947} INFO - Setting next_dagrun for flights_ops_medallion_pipe to 2026-04-28 00:00:00+00:00, run_after=2026-04-28 00:30:00+00:00
[2026-04-28T00:22:09.431+0000] {processor.py:183} INFO - Processing /opt/airflow/dags/flight-pipeline.py took 0.746 seconds
[2026-04-28T00:22:39.721+0000] {processor.py:161} INFO - Started process (PID=3722) to work on /opt/airflow/dags/flight-pipeline.py
[2026-04-28T00:22:39.724+0000] {processor.py:830} INFO - Processing file /opt/airflow/dags/flight-pipeline.py for tasks to queue
[2026-04-28T00:22:39.727+0000] {logging_mixin.py:188} INFO - [2026-04-28T00:22:39.726+0000] {dagbag.py:545} INFO - Filling up the DagBag from /opt/airflow/dags/flight-pipeline.py
[2026-04-28T00:22:40.447+0000] {processor.py:840} INFO - DAG(s) 'flights_ops_medallion_pipe' retrieved from /opt/airflow/dags/flight-pipeline.py
[2026-04-28T00:22:40.483+0000] {logging_mixin.py:188} INFO - [2026-04-28T00:22:40.483+0000] {dag.py:3089} INFO - Sync 1 DAGs
[2026-04-28T00:22:40.512+0000] {logging_mixin.py:188} INFO - [2026-04-28T00:22:40.511+0000] {dag.py:3947} INFO - Setting next_dagrun for flights_ops_medallion_pipe to 2026-04-28 00:00:00+00:00, run_after=2026-04-28 00:30:00+00:00
[2026-04-28T00:22:40.536+0000] {processor.py:183} INFO - Processing /opt/airflow/dags/flight-pipeline.py took 0.824 seconds
[2026-04-28T00:23:10.782+0000] {processor.py:161} INFO - Started process (PID=3725) to work on /opt/airflow/dags/flight-pipeline.py
[2026-04-28T00:23:10.784+0000] {processor.py:830} INFO - Processing file /opt/airflow/dags/flight-pipeline.py for tasks to queue
[2026-04-28T00:23:10.788+0000] {logging_mixin.py:188} INFO - [2026-04-28T00:23:10.787+0000] {dagbag.py:545} INFO - Filling up the DagBag from /opt/airflow/dags/flight-pipeline.py
[2026-04-28T00:23:11.543+0000] {processor.py:840} INFO - DAG(s) 'flights_ops_medallion_pipe' retrieved from /opt/airflow/dags/flight-pipeline.py
[2026-04-28T00:23:11.595+0000] {logging_mixin.py:188} INFO - [2026-04-28T00:23:11.594+0000] {dag.py:3089} INFO - Sync 1 DAGs
[2026-04-28T00:23:11.630+0000] {logging_mixin.py:188} INFO - [2026-04-28T00:23:11.630+0000] {dag.py:3947} INFO - Setting next_dagrun for flights_ops_medallion_pipe to 2026-04-28 00:00:00+00:00, run_after=2026-04-28 00:30:00+00:00
[2026-04-28T00:23:11.656+0000] {processor.py:183} INFO - Processing /opt/airflow/dags/flight-pipeline.py took 0.884 seconds
[2026-04-28T00:23:41.945+0000] {processor.py:161} INFO - Started process (PID=3728) to work on /opt/airflow/dags/flight-pipeline.py
[2026-04-28T00:23:41.946+0000] {processor.py:830} INFO - Processing file /opt/airflow/dags/flight-pipeline.py for tasks to queue
[2026-04-28T00:23:41.955+0000] {logging_mixin.py:188} INFO - [2026-04-28T00:23:41.955+0000] {dagbag.py:545} INFO - Filling up the DagBag from /opt/airflow/dags/flight-pipeline.py
[2026-04-28T00:23:42.716+0000] {processor.py:840} INFO - DAG(s) 'flights_ops_medallion_pipe' retrieved from /opt/airflow/dags/flight-pipeline.py
[2026-04-28T00:23:42.754+0000] {logging_mixin.py:188} INFO - [2026-04-28T00:23:42.754+0000] {dag.py:3089} INFO - Sync 1 DAGs
[2026-04-28T00:23:42.783+0000] {logging_mixin.py:188} INFO - [2026-04-28T00:23:42.783+0000] {dag.py:3947} INFO - Setting next_dagrun for flights_ops_medallion_pipe to 2026-04-28 00:00:00+00:00, run_after=2026-04-28 00:30:00+00:00
[2026-04-28T00:23:42.826+0000] {processor.py:183} INFO - Processing /opt/airflow/dags/flight-pipeline.py took 0.891 seconds
[2026-04-28T00:24:13.100+0000] {processor.py:161} INFO - Started process (PID=3731) to work on /opt/airflow/dags/flight-pipeline.py
[2026-04-28T00:24:13.102+0000] {processor.py:830} INFO - Processing file /opt/airflow/dags/flight-pipeline.py for tasks to queue
[2026-04-28T00:24:13.104+0000] {logging_mixin.py:188} INFO - [2026-04-28T00:24:13.104+0000] {dagbag.py:545} INFO - Filling up the DagBag from /opt/airflow/dags/flight-pipeline.py
[2026-04-28T00:24:14.427+0000] {processor.py:840} INFO - DAG(s) 'flights_ops_medallion_pipe' retrieved from /opt/airflow/dags/flight-pipeline.py
[2026-04-28T00:24:14.488+0000] {logging_mixin.py:188} INFO - [2026-04-28T00:24:14.487+0000] {dag.py:3089} INFO - Sync 1 DAGs
[2026-04-28T00:24:14.529+0000] {logging_mixin.py:188} INFO - [2026-04-28T00:24:14.528+0000] {dag.py:3947} INFO - Setting next_dagrun for flights_ops_medallion_pipe to 2026-04-28 00:00:00+00:00, run_after=2026-04-28 00:30:00+00:00
[2026-04-28T00:24:14.553+0000] {processor.py:183} INFO - Processing /opt/airflow/dags/flight-pipeline.py took 1.461 seconds
[2026-04-28T00:24:44.796+0000] {processor.py:161} INFO - Started process (PID=3734) to work on /opt/airflow/dags/flight-pipeline.py
[2026-04-28T00:24:44.798+0000] {processor.py:830} INFO - Processing file /opt/airflow/dags/flight-pipeline.py for tasks to queue
[2026-04-28T00:24:44.801+0000] {logging_mixin.py:188} INFO - [2026-04-28T00:24:44.800+0000] {dagbag.py:545} INFO - Filling up the DagBag from /opt/airflow/dags/flight-pipeline.py
[2026-04-28T00:24:45.625+0000] {processor.py:840} INFO - DAG(s) 'flights_ops_medallion_pipe' retrieved from /opt/airflow/dags/flight-pipeline.py
[2026-04-28T00:24:45.666+0000] {logging_mixin.py:188} INFO - [2026-04-28T00:24:45.666+0000] {dag.py:3089} INFO - Sync 1 DAGs
[2026-04-28T00:24:45.693+0000] {logging_mixin.py:188} INFO - [2026-04-28T00:24:45.693+0000] {dag.py:3947} INFO - Setting next_dagrun for flights_ops_medallion_pipe to 2026-04-28 00:00:00+00:00, run_after=2026-04-28 00:30:00+00:00
[2026-04-28T00:24:45.716+0000] {processor.py:183} INFO - Processing /opt/airflow/dags/flight-pipeline.py took 0.930 seconds
[2026-04-28T00:25:15.960+0000] {processor.py:161} INFO - Started process (PID=3737) to work on /opt/airflow/dags/flight-pipeline.py
[2026-04-28T00:25:15.962+0000] {processor.py:830} INFO - Processing file /opt/airflow/dags/flight-pipeline.py for tasks to queue
[2026-04-28T00:25:15.964+0000] {logging_mixin.py:188} INFO - [2026-04-28T00:25:15.964+0000] {dagbag.py:545} INFO - Filling up the DagBag from /opt/airflow/dags/flight-pipeline.py
[2026-04-28T00:25:16.657+0000] {processor.py:840} INFO - DAG(s) 'flights_ops_medallion_pipe' retrieved from /opt/airflow/dags/flight-pipeline.py
[2026-04-28T00:25:16.697+0000] {logging_mixin.py:188} INFO - [2026-04-28T00:25:16.696+0000] {dag.py:3089} INFO - Sync 1 DAGs
[2026-04-28T00:25:16.723+0000] {logging_mixin.py:188} INFO - [2026-04-28T00:25:16.723+0000] {dag.py:3947} INFO - Setting next_dagrun for flights_ops_medallion_pipe to 2026-04-28 00:00:00+00:00, run_after=2026-04-28 00:30:00+00:00
[2026-04-28T00:25:16.744+0000] {processor.py:183} INFO - Processing /opt/airflow/dags/flight-pipeline.py took 0.792 seconds
[2026-04-28T00:25:47.120+0000] {processor.py:161} INFO - Started process (PID=3740) to work on /opt/airflow/dags/flight-pipeline.py
[2026-04-28T00:25:47.124+0000] {processor.py:830} INFO - Processing file /opt/airflow/dags/flight-pipeline.py for tasks to queue
[2026-04-28T00:25:47.126+0000] {logging_mixin.py:188} INFO - [2026-04-28T00:25:47.126+0000] {dagbag.py:545} INFO - Filling up the DagBag from /opt/airflow/dags/flight-pipeline.py
[2026-04-28T00:25:47.954+0000] {processor.py:840} INFO - DAG(s) 'flights_ops_medallion_pipe' retrieved from /opt/airflow/dags/flight-pipeline.py
[2026-04-28T00:25:47.996+0000] {logging_mixin.py:188} INFO - [2026-04-28T00:25:47.995+0000] {dag.py:3089} INFO - Sync 1 DAGs
[2026-04-28T00:25:48.028+0000] {logging_mixin.py:188} INFO - [2026-04-28T00:25:48.027+0000] {dag.py:3947} INFO - Setting next_dagrun for flights_ops_medallion_pipe to 2026-04-28 00:00:00+00:00, run_after=2026-04-28 00:30:00+00:00
[2026-04-28T00:25:48.056+0000] {processor.py:183} INFO - Processing /opt/airflow/dags/flight-pipeline.py took 0.951 seconds
[2026-04-28T00:26:18.348+0000] {processor.py:161} INFO - Started process (PID=3743) to work on /opt/airflow/dags/flight-pipeline.py
[2026-04-28T00:26:18.382+0000] {processor.py:830} INFO - Processing file /opt/airflow/dags/flight-pipeline.py for tasks to queue
[2026-04-28T00:26:18.385+0000] {logging_mixin.py:188} INFO - [2026-04-28T00:26:18.384+0000] {dagbag.py:545} INFO - Filling up the DagBag from /opt/airflow/dags/flight-pipeline.py
[2026-04-28T00:26:19.200+0000] {processor.py:840} INFO - DAG(s) 'flights_ops_medallion_pipe' retrieved from /opt/airflow/dags/flight-pipeline.py
[2026-04-28T00:26:19.235+0000] {logging_mixin.py:188} INFO - [2026-04-28T00:26:19.234+0000] {dag.py:3089} INFO - Sync 1 DAGs
[2026-04-28T00:26:19.260+0000] {logging_mixin.py:188} INFO - [2026-04-28T00:26:19.260+0000] {dag.py:3947} INFO - Setting next_dagrun for flights_ops_medallion_pipe to 2026-04-28 00:00:00+00:00, run_after=2026-04-28 00:30:00+00:00
[2026-04-28T00:26:19.285+0000] {processor.py:183} INFO - Processing /opt/airflow/dags/flight-pipeline.py took 0.993 seconds
[2026-04-28T00:26:49.530+0000] {processor.py:161} INFO - Started process (PID=3746) to work on /opt/airflow/dags/flight-pipeline.py
[2026-04-28T00:26:49.532+0000] {processor.py:830} INFO - Processing file /opt/airflow/dags/flight-pipeline.py for tasks to queue
[2026-04-28T00:26:49.534+0000] {logging_mixin.py:188} INFO - [2026-04-28T00:26:49.534+0000] {dagbag.py:545} INFO - Filling up the DagBag from /opt/airflow/dags/flight-pipeline.py
[2026-04-28T00:26:50.323+0000] {processor.py:840} INFO - DAG(s) 'flights_ops_medallion_pipe' retrieved from /opt/airflow/dags/flight-pipeline.py
[2026-04-28T00:26:50.359+0000] {logging_mixin.py:188} INFO - [2026-04-28T00:26:50.358+0000] {dag.py:3089} INFO - Sync 1 DAGs
[2026-04-28T00:26:50.383+0000] {logging_mixin.py:188} INFO - [2026-04-28T00:26:50.383+0000] {dag.py:3947} INFO - Setting next_dagrun for flights_ops_medallion_pipe to 2026-04-28 00:00:00+00:00, run_after=2026-04-28 00:30:00+00:00
[2026-04-28T00:26:50.406+0000] {processor.py:183} INFO - Processing /opt/airflow/dags/flight-pipeline.py took 0.882 seconds
[2026-04-28T00:27:20.698+0000] {processor.py:161} INFO - Started process (PID=3749) to work on /opt/airflow/dags/flight-pipeline.py
[2026-04-28T00:27:20.700+0000] {processor.py:830} INFO - Processing file /opt/airflow/dags/flight-pipeline.py for tasks to queue
[2026-04-28T00:27:20.703+0000] {logging_mixin.py:188} INFO - [2026-04-28T00:27:20.703+0000] {dagbag.py:545} INFO - Filling up the DagBag from /opt/airflow/dags/flight-pipeline.py
[2026-04-28T00:27:21.455+0000] {processor.py:840} INFO - DAG(s) 'flights_ops_medallion_pipe' retrieved from /opt/airflow/dags/flight-pipeline.py
[2026-04-28T00:27:21.495+0000] {logging_mixin.py:188} INFO - [2026-04-28T00:27:21.494+0000] {dag.py:3089} INFO - Sync 1 DAGs
[2026-04-28T00:27:21.537+0000] {logging_mixin.py:188} INFO - [2026-04-28T00:27:21.536+0000] {dag.py:3947} INFO - Setting next_dagrun for flights_ops_medallion_pipe to 2026-04-28 00:00:00+00:00, run_after=2026-04-28 00:30:00+00:00
[2026-04-28T00:27:21.563+0000] {processor.py:183} INFO - Processing /opt/airflow/dags/flight-pipeline.py took 0.875 seconds
[2026-04-28T00:27:51.866+0000] {processor.py:161} INFO - Started process (PID=3752) to work on /opt/airflow/dags/flight-pipeline.py
[2026-04-28T00:27:51.871+0000] {processor.py:830} INFO - Processing file /opt/airflow/dags/flight-pipeline.py for tasks to queue
[2026-04-28T00:27:51.881+0000] {logging_mixin.py:188} INFO - [2026-04-28T00:27:51.880+0000] {dagbag.py:545} INFO - Filling up the DagBag from /opt/airflow/dags/flight-pipeline.py
[2026-04-28T00:27:52.617+0000] {processor.py:840} INFO - DAG(s) 'flights_ops_medallion_pipe' retrieved from /opt/airflow/dags/flight-pipeline.py
[2026-04-28T00:27:52.661+0000] {logging_mixin.py:188} INFO - [2026-04-28T00:27:52.660+0000] {dag.py:3089} INFO - Sync 1 DAGs
[2026-04-28T00:27:52.689+0000] {logging_mixin.py:188} INFO - [2026-04-28T00:27:52.688+0000] {dag.py:3947} INFO - Setting next_dagrun for flights_ops_medallion_pipe to 2026-04-28 00:00:00+00:00, run_after=2026-04-28 00:30:00+00:00
[2026-04-28T00:27:52.714+0000] {processor.py:183} INFO - Processing /opt/airflow/dags/flight-pipeline.py took 0.873 seconds
[2026-04-28T00:28:22.993+0000] {processor.py:161} INFO - Started process (PID=3755) to work on /opt/airflow/dags/flight-pipeline.py
[2026-04-28T00:28:22.995+0000] {processor.py:830} INFO - Processing file /opt/airflow/dags/flight-pipeline.py for tasks to queue
[2026-04-28T00:28:23.004+0000] {logging_mixin.py:188} INFO - [2026-04-28T00:28:23.003+0000] {dagbag.py:545} INFO - Filling up the DagBag from /opt/airflow/dags/flight-pipeline.py
[2026-04-28T00:28:23.736+0000] {processor.py:840} INFO - DAG(s) 'flights_ops_medallion_pipe' retrieved from /opt/airflow/dags/flight-pipeline.py
[2026-04-28T00:28:23.780+0000] {logging_mixin.py:188} INFO - [2026-04-28T00:28:23.779+0000] {dag.py:3089} INFO - Sync 1 DAGs
[2026-04-28T00:28:23.804+0000] {logging_mixin.py:188} INFO - [2026-04-28T00:28:23.804+0000] {dag.py:3947} INFO - Setting next_dagrun for flights_ops_medallion_pipe to 2026-04-28 00:00:00+00:00, run_after=2026-04-28 00:30:00+00:00
[2026-04-28T00:28:23.826+0000] {processor.py:183} INFO - Processing /opt/airflow/dags/flight-pipeline.py took 0.845 seconds
[2026-04-28T00:28:54.090+0000] {processor.py:161} INFO - Started process (PID=3758) to work on /opt/airflow/dags/flight-pipeline.py
[2026-04-28T00:28:54.091+0000] {processor.py:830} INFO - Processing file /opt/airflow/dags/flight-pipeline.py for tasks to queue
[2026-04-28T00:28:54.094+0000] {logging_mixin.py:188} INFO - [2026-04-28T00:28:54.094+0000] {dagbag.py:545} INFO - Filling up the DagBag from /opt/airflow/dags/flight-pipeline.py
[2026-04-28T00:28:54.800+0000] {processor.py:840} INFO - DAG(s) 'flights_ops_medallion_pipe' retrieved from /opt/airflow/dags/flight-pipeline.py
[2026-04-28T00:28:54.838+0000] {logging_mixin.py:188} INFO - [2026-04-28T00:28:54.837+0000] {dag.py:3089} INFO - Sync 1 DAGs
[2026-04-28T00:28:54.862+0000] {logging_mixin.py:188} INFO - [2026-04-28T00:28:54.862+0000] {dag.py:3947} INFO - Setting next_dagrun for flights_ops_medallion_pipe to 2026-04-28 00:00:00+00:00, run_after=2026-04-28 00:30:00+00:00
[2026-04-28T00:28:54.881+0000] {processor.py:183} INFO - Processing /opt/airflow/dags/flight-pipeline.py took 0.800 seconds
[2026-04-28T00:29:25.164+0000] {processor.py:161} INFO - Started process (PID=3761) to work on /opt/airflow/dags/flight-pipeline.py
[2026-04-28T00:29:25.165+0000] {processor.py:830} INFO - Processing file /opt/airflow/dags/flight-pipeline.py for tasks to queue
[2026-04-28T00:29:25.168+0000] {logging_mixin.py:188} INFO - [2026-04-28T00:29:25.168+0000] {dagbag.py:545} INFO - Filling up the DagBag from /opt/airflow/dags/flight-pipeline.py
[2026-04-28T00:29:25.914+0000] {processor.py:840} INFO - DAG(s) 'flights_ops_medallion_pipe' retrieved from /opt/airflow/dags/flight-pipeline.py
[2026-04-28T00:29:25.954+0000] {logging_mixin.py:188} INFO - [2026-04-28T00:29:25.953+0000] {dag.py:3089} INFO - Sync 1 DAGs
[2026-04-28T00:29:25.983+0000] {logging_mixin.py:188} INFO - [2026-04-28T00:29:25.983+0000] {dag.py:3947} INFO - Setting next_dagrun for flights_ops_medallion_pipe to 2026-04-28 00:00:00+00:00, run_after=2026-04-28 00:30:00+00:00
[2026-04-28T00:29:26.005+0000] {processor.py:183} INFO - Processing /opt/airflow/dags/flight-pipeline.py took 0.851 seconds
[2026-04-28T00:29:56.261+0000] {processor.py:161} INFO - Started process (PID=3764) to work on /opt/airflow/dags/flight-pipeline.py
[2026-04-28T00:29:56.262+0000] {processor.py:830} INFO - Processing file /opt/airflow/dags/flight-pipeline.py for tasks to queue
[2026-04-28T00:29:56.265+0000] {logging_mixin.py:188} INFO - [2026-04-28T00:29:56.264+0000] {dagbag.py:545} INFO - Filling up the DagBag from /opt/airflow/dags/flight-pipeline.py
[2026-04-28T00:29:57.170+0000] {processor.py:840} INFO - DAG(s) 'flights_ops_medallion_pipe' retrieved from /opt/airflow/dags/flight-pipeline.py
[2026-04-28T00:29:57.218+0000] {logging_mixin.py:188} INFO - [2026-04-28T00:29:57.217+0000] {dag.py:3089} INFO - Sync 1 DAGs
[2026-04-28T00:29:57.254+0000] {logging_mixin.py:188} INFO - [2026-04-28T00:29:57.254+0000] {dag.py:3947} INFO - Setting next_dagrun for flights_ops_medallion_pipe to 2026-04-28 00:00:00+00:00, run_after=2026-04-28 00:30:00+00:00
[2026-04-28T00:29:57.308+0000] {processor.py:183} INFO - Processing /opt/airflow/dags/flight-pipeline.py took 1.057 seconds
[2026-04-28T00:30:27.555+0000] {processor.py:161} INFO - Started process (PID=3811) to work on /opt/airflow/dags/flight-pipeline.py
[2026-04-28T00:30:27.564+0000] {processor.py:830} INFO - Processing file /opt/airflow/dags/flight-pipeline.py for tasks to queue
[2026-04-28T00:30:27.575+0000] {logging_mixin.py:188} INFO - [2026-04-28T00:30:27.573+0000] {dagbag.py:545} INFO - Filling up the DagBag from /opt/airflow/dags/flight-pipeline.py
[2026-04-28T00:30:28.800+0000] {processor.py:840} INFO - DAG(s) 'flights_ops_medallion_pipe' retrieved from /opt/airflow/dags/flight-pipeline.py
[2026-04-28T00:30:28.880+0000] {logging_mixin.py:188} INFO - [2026-04-28T00:30:28.879+0000] {dag.py:3089} INFO - Sync 1 DAGs
[2026-04-28T00:30:28.943+0000] {logging_mixin.py:188} INFO - [2026-04-28T00:30:28.942+0000] {dag.py:3947} INFO - Setting next_dagrun for flights_ops_medallion_pipe to 2026-04-28 00:30:00+00:00, run_after=2026-04-28 01:00:00+00:00
[2026-04-28T00:30:28.981+0000] {processor.py:183} INFO - Processing /opt/airflow/dags/flight-pipeline.py took 1.478 seconds
[2026-04-28T00:30:59.266+0000] {processor.py:161} INFO - Started process (PID=3814) to work on /opt/airflow/dags/flight-pipeline.py
[2026-04-28T00:30:59.267+0000] {processor.py:830} INFO - Processing file /opt/airflow/dags/flight-pipeline.py for tasks to queue
[2026-04-28T00:30:59.282+0000] {logging_mixin.py:188} INFO - [2026-04-28T00:30:59.282+0000] {dagbag.py:545} INFO - Filling up the DagBag from /opt/airflow/dags/flight-pipeline.py
[2026-04-28T00:31:00.252+0000] {processor.py:840} INFO - DAG(s) 'flights_ops_medallion_pipe' retrieved from /opt/airflow/dags/flight-pipeline.py
[2026-04-28T00:31:00.290+0000] {logging_mixin.py:188} INFO - [2026-04-28T00:31:00.287+0000] {dag.py:3089} INFO - Sync 1 DAGs
[2026-04-28T00:31:00.315+0000] {logging_mixin.py:188} INFO - [2026-04-28T00:31:00.315+0000] {dag.py:3947} INFO - Setting next_dagrun for flights_ops_medallion_pipe to 2026-04-28 00:30:00+00:00, run_after=2026-04-28 01:00:00+00:00
[2026-04-28T00:31:00.335+0000] {processor.py:183} INFO - Processing /opt/airflow/dags/flight-pipeline.py took 1.077 seconds
[2026-04-28T00:31:30.556+0000] {processor.py:161} INFO - Started process (PID=3817) to work on /opt/airflow/dags/flight-pipeline.py
[2026-04-28T00:31:30.559+0000] {processor.py:830} INFO - Processing file /opt/airflow/dags/flight-pipeline.py for tasks to queue
[2026-04-28T00:31:30.563+0000] {logging_mixin.py:188} INFO - [2026-04-28T00:31:30.562+0000] {dagbag.py:545} INFO - Filling up the DagBag from /opt/airflow/dags/flight-pipeline.py
[2026-04-28T00:31:31.277+0000] {processor.py:840} INFO - DAG(s) 'flights_ops_medallion_pipe' retrieved from /opt/airflow/dags/flight-pipeline.py
[2026-04-28T00:31:31.313+0000] {logging_mixin.py:188} INFO - [2026-04-28T00:31:31.312+0000] {dag.py:3089} INFO - Sync 1 DAGs
[2026-04-28T00:31:31.335+0000] {logging_mixin.py:188} INFO - [2026-04-28T00:31:31.335+0000] {dag.py:3947} INFO - Setting next_dagrun for flights_ops_medallion_pipe to 2026-04-28 00:30:00+00:00, run_after=2026-04-28 01:00:00+00:00
[2026-04-28T00:31:31.381+0000] {processor.py:183} INFO - Processing /opt/airflow/dags/flight-pipeline.py took 0.863 seconds
[2026-04-28T00:32:01.643+0000] {processor.py:161} INFO - Started process (PID=3820) to work on /opt/airflow/dags/flight-pipeline.py
[2026-04-28T00:32:01.645+0000] {processor.py:830} INFO - Processing file /opt/airflow/dags/flight-pipeline.py for tasks to queue
[2026-04-28T00:32:01.648+0000] {logging_mixin.py:188} INFO - [2026-04-28T00:32:01.647+0000] {dagbag.py:545} INFO - Filling up the DagBag from /opt/airflow/dags/flight-pipeline.py
[2026-04-28T00:32:02.289+0000] {processor.py:840} INFO - DAG(s) 'flights_ops_medallion_pipe' retrieved from /opt/airflow/dags/flight-pipeline.py
[2026-04-28T00:32:02.324+0000] {logging_mixin.py:188} INFO - [2026-04-28T00:32:02.323+0000] {dag.py:3089} INFO - Sync 1 DAGs
[2026-04-28T00:32:02.346+0000] {logging_mixin.py:188} INFO - [2026-04-28T00:32:02.345+0000] {dag.py:3947} INFO - Setting next_dagrun for flights_ops_medallion_pipe to 2026-04-28 00:30:00+00:00, run_after=2026-04-28 01:00:00+00:00
[2026-04-28T00:32:02.365+0000] {processor.py:183} INFO - Processing /opt/airflow/dags/flight-pipeline.py took 0.732 seconds
[2026-04-28T00:32:32.635+0000] {processor.py:161} INFO - Started process (PID=3823) to work on /opt/airflow/dags/flight-pipeline.py
[2026-04-28T00:32:32.637+0000] {processor.py:830} INFO - Processing file /opt/airflow/dags/flight-pipeline.py for tasks to queue
[2026-04-28T00:32:32.639+0000] {logging_mixin.py:188} INFO - [2026-04-28T00:32:32.638+0000] {dagbag.py:545} INFO - Filling up the DagBag from /opt/airflow/dags/flight-pipeline.py
[2026-04-28T00:32:33.255+0000] {processor.py:840} INFO - DAG(s) 'flights_ops_medallion_pipe' retrieved from /opt/airflow/dags/flight-pipeline.py
[2026-04-28T00:32:33.287+0000] {logging_mixin.py:188} INFO - [2026-04-28T00:32:33.287+0000] {dag.py:3089} INFO - Sync 1 DAGs
[2026-04-28T00:32:33.311+0000] {logging_mixin.py:188} INFO - [2026-04-28T00:32:33.311+0000] {dag.py:3947} INFO - Setting next_dagrun for flights_ops_medallion_pipe to 2026-04-28 00:30:00+00:00, run_after=2026-04-28 01:00:00+00:00
[2026-04-28T00:32:33.333+0000] {processor.py:183} INFO - Processing /opt/airflow/dags/flight-pipeline.py took 0.706 seconds
[2026-04-28T00:33:03.592+0000] {processor.py:161} INFO - Started process (PID=3826) to work on /opt/airflow/dags/flight-pipeline.py
[2026-04-28T00:33:03.593+0000] {processor.py:830} INFO - Processing file /opt/airflow/dags/flight-pipeline.py for tasks to queue
[2026-04-28T00:33:03.595+0000] {logging_mixin.py:188} INFO - [2026-04-28T00:33:03.595+0000] {dagbag.py:545} INFO - Filling up the DagBag from /opt/airflow/dags/flight-pipeline.py
[2026-04-28T00:33:04.216+0000] {processor.py:840} INFO - DAG(s) 'flights_ops_medallion_pipe' retrieved from /opt/airflow/dags/flight-pipeline.py
[2026-04-28T00:33:04.252+0000] {logging_mixin.py:188} INFO - [2026-04-28T00:33:04.251+0000] {dag.py:3089} INFO - Sync 1 DAGs
[2026-04-28T00:33:04.275+0000] {logging_mixin.py:188} INFO - [2026-04-28T00:33:04.275+0000] {dag.py:3947} INFO - Setting next_dagrun for flights_ops_medallion_pipe to 2026-04-28 00:30:00+00:00, run_after=2026-04-28 01:00:00+00:00
[2026-04-28T00:33:04.295+0000] {processor.py:183} INFO - Processing /opt/airflow/dags/flight-pipeline.py took 0.711 seconds
[2026-04-28T00:33:34.508+0000] {processor.py:161} INFO - Started process (PID=3829) to work on /opt/airflow/dags/flight-pipeline.py
[2026-04-28T00:33:34.510+0000] {processor.py:830} INFO - Processing file /opt/airflow/dags/flight-pipeline.py for tasks to queue
[2026-04-28T00:33:34.512+0000] {logging_mixin.py:188} INFO - [2026-04-28T00:33:34.512+0000] {dagbag.py:545} INFO - Filling up the DagBag from /opt/airflow/dags/flight-pipeline.py
[2026-04-28T00:33:35.126+0000] {processor.py:840} INFO - DAG(s) 'flights_ops_medallion_pipe' retrieved from /opt/airflow/dags/flight-pipeline.py
[2026-04-28T00:33:35.159+0000] {logging_mixin.py:188} INFO - [2026-04-28T00:33:35.159+0000] {dag.py:3089} INFO - Sync 1 DAGs
[2026-04-28T00:33:35.187+0000] {logging_mixin.py:188} INFO - [2026-04-28T00:33:35.187+0000] {dag.py:3947} INFO - Setting next_dagrun for flights_ops_medallion_pipe to 2026-04-28 00:30:00+00:00, run_after=2026-04-28 01:00:00+00:00
[2026-04-28T00:33:35.207+0000] {processor.py:183} INFO - Processing /opt/airflow/dags/flight-pipeline.py took 0.708 seconds
[2026-04-28T00:34:05.495+0000] {processor.py:161} INFO - Started process (PID=3832) to work on /opt/airflow/dags/flight-pipeline.py
[2026-04-28T00:34:05.497+0000] {processor.py:830} INFO - Processing file /opt/airflow/dags/flight-pipeline.py for tasks to queue
[2026-04-28T00:34:05.500+0000] {logging_mixin.py:188} INFO - [2026-04-28T00:34:05.500+0000] {dagbag.py:545} INFO - Filling up the DagBag from /opt/airflow/dags/flight-pipeline.py
[2026-04-28T00:34:09.846+0000] {processor.py:840} INFO - DAG(s) 'flights_ops_medallion_pipe' retrieved from /opt/airflow/dags/flight-pipeline.py
[2026-04-28T00:34:09.948+0000] {logging_mixin.py:188} INFO - [2026-04-28T00:34:09.946+0000] {dag.py:3089} INFO - Sync 1 DAGs
[2026-04-28T00:34:09.999+0000] {logging_mixin.py:188} INFO - [2026-04-28T00:34:09.999+0000] {dag.py:3947} INFO - Setting next_dagrun for flights_ops_medallion_pipe to 2026-04-28 00:30:00+00:00, run_after=2026-04-28 01:00:00+00:00
[2026-04-28T00:34:10.031+0000] {processor.py:183} INFO - Processing /opt/airflow/dags/flight-pipeline.py took 4.550 seconds
[2026-04-28T00:48:56.113+0000] {processor.py:161} INFO - Started process (PID=3838) to work on /opt/airflow/dags/flight-pipeline.py
[2026-04-28T00:48:56.116+0000] {processor.py:830} INFO - Processing file /opt/airflow/dags/flight-pipeline.py for tasks to queue
[2026-04-28T00:48:56.118+0000] {logging_mixin.py:188} INFO - [2026-04-28T00:48:56.117+0000] {dagbag.py:545} INFO - Filling up the DagBag from /opt/airflow/dags/flight-pipeline.py
[2026-04-28T00:48:59.136+0000] {processor.py:840} INFO - DAG(s) 'flights_ops_medallion_pipe' retrieved from /opt/airflow/dags/flight-pipeline.py
[2026-04-28T00:48:59.216+0000] {logging_mixin.py:188} INFO - [2026-04-28T00:48:59.215+0000] {dag.py:3089} INFO - Sync 1 DAGs
[2026-04-28T00:48:59.256+0000] {logging_mixin.py:188} INFO - [2026-04-28T00:48:59.255+0000] {dag.py:3947} INFO - Setting next_dagrun for flights_ops_medallion_pipe to 2026-04-28 00:30:00+00:00, run_after=2026-04-28 01:00:00+00:00
[2026-04-28T00:48:59.279+0000] {processor.py:183} INFO - Processing /opt/airflow/dags/flight-pipeline.py took 3.240 seconds
[2026-04-28T02:35:06.572+0000] {processor.py:161} INFO - Started process (PID=3843) to work on /opt/airflow/dags/flight-pipeline.py
[2026-04-28T02:35:06.577+0000] {processor.py:830} INFO - Processing file /opt/airflow/dags/flight-pipeline.py for tasks to queue
[2026-04-28T02:35:06.643+0000] {logging_mixin.py:188} INFO - [2026-04-28T02:35:06.635+0000] {dagbag.py:545} INFO - Filling up the DagBag from /opt/airflow/dags/flight-pipeline.py
[2026-04-28T02:35:10.796+0000] {processor.py:840} INFO - DAG(s) 'flights_ops_medallion_pipe' retrieved from /opt/airflow/dags/flight-pipeline.py
[2026-04-28T02:35:10.895+0000] {logging_mixin.py:188} INFO - [2026-04-28T02:35:10.894+0000] {dag.py:3089} INFO - Sync 1 DAGs
[2026-04-28T02:35:10.973+0000] {logging_mixin.py:188} INFO - [2026-04-28T02:35:10.972+0000] {dag.py:3947} INFO - Setting next_dagrun for flights_ops_medallion_pipe to 2026-04-28 02:00:00+00:00, run_after=2026-04-28 02:30:00+00:00
[2026-04-28T02:35:11.023+0000] {processor.py:183} INFO - Processing /opt/airflow/dags/flight-pipeline.py took 4.487 seconds
[2026-04-28T03:34:26.012+0000] {processor.py:161} INFO - Started process (PID=3858) to work on /opt/airflow/dags/flight-pipeline.py
[2026-04-28T03:34:26.015+0000] {processor.py:830} INFO - Processing file /opt/airflow/dags/flight-pipeline.py for tasks to queue
[2026-04-28T03:34:26.023+0000] {logging_mixin.py:188} INFO - [2026-04-28T03:34:26.022+0000] {dagbag.py:545} INFO - Filling up the DagBag from /opt/airflow/dags/flight-pipeline.py
[2026-04-28T03:34:29.233+0000] {processor.py:840} INFO - DAG(s) 'flights_ops_medallion_pipe' retrieved from /opt/airflow/dags/flight-pipeline.py
[2026-04-28T03:34:29.280+0000] {logging_mixin.py:188} INFO - [2026-04-28T03:34:29.280+0000] {dag.py:3089} INFO - Sync 1 DAGs
[2026-04-28T03:34:29.302+0000] {logging_mixin.py:188} INFO - [2026-04-28T03:34:29.302+0000] {dag.py:3947} INFO - Setting next_dagrun for flights_ops_medallion_pipe to 2026-04-28 03:00:00+00:00, run_after=2026-04-28 03:30:00+00:00
[2026-04-28T03:34:29.321+0000] {processor.py:183} INFO - Processing /opt/airflow/dags/flight-pipeline.py took 3.419 seconds
[2026-04-28T03:36:22.167+0000] {processor.py:161} INFO - Started process (PID=3870) to work on /opt/airflow/dags/flight-pipeline.py
[2026-04-28T03:36:22.229+0000] {processor.py:830} INFO - Processing file /opt/airflow/dags/flight-pipeline.py for tasks to queue
[2026-04-28T03:36:22.255+0000] {logging_mixin.py:188} INFO - [2026-04-28T03:36:22.240+0000] {dagbag.py:545} INFO - Filling up the DagBag from /opt/airflow/dags/flight-pipeline.py
[2026-04-28T03:36:27.811+0000] {processor.py:840} INFO - DAG(s) 'flights_ops_medallion_pipe' retrieved from /opt/airflow/dags/flight-pipeline.py
[2026-04-28T03:36:27.901+0000] {logging_mixin.py:188} INFO - [2026-04-28T03:36:27.900+0000] {dag.py:3089} INFO - Sync 1 DAGs
[2026-04-28T03:36:27.974+0000] {logging_mixin.py:188} INFO - [2026-04-28T03:36:27.974+0000] {dag.py:3947} INFO - Setting next_dagrun for flights_ops_medallion_pipe to 2026-04-28 03:00:00+00:00, run_after=2026-04-28 03:30:00+00:00
[2026-04-28T03:36:28.051+0000] {processor.py:183} INFO - Processing /opt/airflow/dags/flight-pipeline.py took 6.189 seconds
[2026-04-28T04:25:10.671+0000] {processor.py:161} INFO - Started process (PID=3886) to work on /opt/airflow/dags/flight-pipeline.py
[2026-04-28T04:25:10.685+0000] {processor.py:830} INFO - Processing file /opt/airflow/dags/flight-pipeline.py for tasks to queue
[2026-04-28T04:25:10.693+0000] {logging_mixin.py:188} INFO - [2026-04-28T04:25:10.689+0000] {dagbag.py:545} INFO - Filling up the DagBag from /opt/airflow/dags/flight-pipeline.py
[2026-04-28T04:25:21.271+0000] {processor.py:840} INFO - DAG(s) 'flights_ops_medallion_pipe' retrieved from /opt/airflow/dags/flight-pipeline.py
[2026-04-28T04:25:21.379+0000] {logging_mixin.py:188} INFO - [2026-04-28T04:25:21.378+0000] {dag.py:3089} INFO - Sync 1 DAGs
[2026-04-28T04:25:21.574+0000] {logging_mixin.py:188} INFO - [2026-04-28T04:25:21.573+0000] {dag.py:3947} INFO - Setting next_dagrun for flights_ops_medallion_pipe to 2026-04-28 03:30:00+00:00, run_after=2026-04-28 04:00:00+00:00
[2026-04-28T04:25:21.636+0000] {processor.py:183} INFO - Processing /opt/airflow/dags/flight-pipeline.py took 11.025 seconds
[2026-04-28T04:37:01.410+0000] {processor.py:161} INFO - Started process (PID=3912) to work on /opt/airflow/dags/flight-pipeline.py
[2026-04-28T04:37:01.440+0000] {processor.py:830} INFO - Processing file /opt/airflow/dags/flight-pipeline.py for tasks to queue
[2026-04-28T04:37:01.464+0000] {logging_mixin.py:188} INFO - [2026-04-28T04:37:01.452+0000] {dagbag.py:545} INFO - Filling up the DagBag from /opt/airflow/dags/flight-pipeline.py
[2026-04-28T04:37:09.470+0000] {processor.py:840} INFO - DAG(s) 'flights_ops_medallion_pipe' retrieved from /opt/airflow/dags/flight-pipeline.py
[2026-04-28T04:37:09.897+0000] {logging_mixin.py:188} INFO - [2026-04-28T04:37:09.889+0000] {dag.py:3089} INFO - Sync 1 DAGs
[2026-04-28T04:37:10.040+0000] {logging_mixin.py:188} INFO - [2026-04-28T04:37:10.040+0000] {dag.py:3947} INFO - Setting next_dagrun for flights_ops_medallion_pipe to 2026-04-28 04:00:00+00:00, run_after=2026-04-28 04:30:00+00:00
[2026-04-28T04:37:10.134+0000] {processor.py:183} INFO - Processing /opt/airflow/dags/flight-pipeline.py took 8.846 seconds
[2026-04-28T04:37:40.321+0000] {processor.py:161} INFO - Started process (PID=3926) to work on /opt/airflow/dags/flight-pipeline.py
[2026-04-28T04:37:40.324+0000] {processor.py:830} INFO - Processing file /opt/airflow/dags/flight-pipeline.py for tasks to queue
[2026-04-28T04:37:40.329+0000] {logging_mixin.py:188} INFO - [2026-04-28T04:37:40.327+0000] {dagbag.py:545} INFO - Filling up the DagBag from /opt/airflow/dags/flight-pipeline.py
[2026-04-28T04:37:43.534+0000] {processor.py:840} INFO - DAG(s) 'flights_ops_medallion_pipe' retrieved from /opt/airflow/dags/flight-pipeline.py
[2026-04-28T04:37:43.603+0000] {logging_mixin.py:188} INFO - [2026-04-28T04:37:43.602+0000] {dag.py:3089} INFO - Sync 1 DAGs
[2026-04-28T04:37:43.642+0000] {logging_mixin.py:188} INFO - [2026-04-28T04:37:43.641+0000] {dag.py:3947} INFO - Setting next_dagrun for flights_ops_medallion_pipe to 2026-04-28 04:30:00+00:00, run_after=2026-04-28 05:00:00+00:00
[2026-04-28T04:37:43.670+0000] {processor.py:183} INFO - Processing /opt/airflow/dags/flight-pipeline.py took 3.377 seconds
[2026-04-28T04:38:13.964+0000] {processor.py:161} INFO - Started process (PID=3983) to work on /opt/airflow/dags/flight-pipeline.py
[2026-04-28T04:38:13.968+0000] {processor.py:830} INFO - Processing file /opt/airflow/dags/flight-pipeline.py for tasks to queue
[2026-04-28T04:38:13.970+0000] {logging_mixin.py:188} INFO - [2026-04-28T04:38:13.969+0000] {dagbag.py:545} INFO - Filling up the DagBag from /opt/airflow/dags/flight-pipeline.py
[2026-04-28T04:38:15.409+0000] {processor.py:840} INFO - DAG(s) 'flights_ops_medallion_pipe' retrieved from /opt/airflow/dags/flight-pipeline.py
[2026-04-28T04:38:15.444+0000] {logging_mixin.py:188} INFO - [2026-04-28T04:38:15.443+0000] {dag.py:3089} INFO - Sync 1 DAGs
[2026-04-28T04:38:15.469+0000] {logging_mixin.py:188} INFO - [2026-04-28T04:38:15.469+0000] {dag.py:3947} INFO - Setting next_dagrun for flights_ops_medallion_pipe to 2026-04-28 04:30:00+00:00, run_after=2026-04-28 05:00:00+00:00
[2026-04-28T04:38:15.493+0000] {processor.py:183} INFO - Processing /opt/airflow/dags/flight-pipeline.py took 1.542 seconds
[2026-04-28T04:38:46.167+0000] {processor.py:161} INFO - Started process (PID=3986) to work on /opt/airflow/dags/flight-pipeline.py
[2026-04-28T04:38:46.175+0000] {processor.py:830} INFO - Processing file /opt/airflow/dags/flight-pipeline.py for tasks to queue
[2026-04-28T04:38:46.183+0000] {logging_mixin.py:188} INFO - [2026-04-28T04:38:46.179+0000] {dagbag.py:545} INFO - Filling up the DagBag from /opt/airflow/dags/flight-pipeline.py
[2026-04-28T04:38:47.470+0000] {processor.py:840} INFO - DAG(s) 'flights_ops_medallion_pipe' retrieved from /opt/airflow/dags/flight-pipeline.py
[2026-04-28T04:38:47.511+0000] {logging_mixin.py:188} INFO - [2026-04-28T04:38:47.511+0000] {dag.py:3089} INFO - Sync 1 DAGs
[2026-04-28T04:38:47.539+0000] {logging_mixin.py:188} INFO - [2026-04-28T04:38:47.539+0000] {dag.py:3947} INFO - Setting next_dagrun for flights_ops_medallion_pipe to 2026-04-28 04:30:00+00:00, run_after=2026-04-28 05:00:00+00:00
[2026-04-28T04:38:47.560+0000] {processor.py:183} INFO - Processing /opt/airflow/dags/flight-pipeline.py took 1.454 seconds
[2026-04-28T04:39:17.728+0000] {processor.py:161} INFO - Started process (PID=3989) to work on /opt/airflow/dags/flight-pipeline.py
[2026-04-28T04:39:17.730+0000] {processor.py:830} INFO - Processing file /opt/airflow/dags/flight-pipeline.py for tasks to queue
[2026-04-28T04:39:17.731+0000] {logging_mixin.py:188} INFO - [2026-04-28T04:39:17.731+0000] {dagbag.py:545} INFO - Filling up the DagBag from /opt/airflow/dags/flight-pipeline.py
[2026-04-28T04:39:18.821+0000] {processor.py:840} INFO - DAG(s) 'flights_ops_medallion_pipe' retrieved from /opt/airflow/dags/flight-pipeline.py
[2026-04-28T04:39:18.866+0000] {logging_mixin.py:188} INFO - [2026-04-28T04:39:18.865+0000] {dag.py:3089} INFO - Sync 1 DAGs
[2026-04-28T04:39:18.897+0000] {logging_mixin.py:188} INFO - [2026-04-28T04:39:18.896+0000] {dag.py:3947} INFO - Setting next_dagrun for flights_ops_medallion_pipe to 2026-04-28 04:30:00+00:00, run_after=2026-04-28 05:00:00+00:00
[2026-04-28T04:39:18.921+0000] {processor.py:183} INFO - Processing /opt/airflow/dags/flight-pipeline.py took 1.203 seconds
[2026-04-28T04:39:49.094+0000] {processor.py:161} INFO - Started process (PID=3992) to work on /opt/airflow/dags/flight-pipeline.py
[2026-04-28T04:39:49.097+0000] {processor.py:830} INFO - Processing file /opt/airflow/dags/flight-pipeline.py for tasks to queue
[2026-04-28T04:39:49.098+0000] {logging_mixin.py:188} INFO - [2026-04-28T04:39:49.098+0000] {dagbag.py:545} INFO - Filling up the DagBag from /opt/airflow/dags/flight-pipeline.py
[2026-04-28T04:39:50.280+0000] {processor.py:840} INFO - DAG(s) 'flights_ops_medallion_pipe' retrieved from /opt/airflow/dags/flight-pipeline.py
[2026-04-28T04:39:50.325+0000] {logging_mixin.py:188} INFO - [2026-04-28T04:39:50.325+0000] {dag.py:3089} INFO - Sync 1 DAGs
[2026-04-28T04:39:50.394+0000] {logging_mixin.py:188} INFO - [2026-04-28T04:39:50.394+0000] {dag.py:3947} INFO - Setting next_dagrun for flights_ops_medallion_pipe to 2026-04-28 04:30:00+00:00, run_after=2026-04-28 05:00:00+00:00
[2026-04-28T04:39:50.419+0000] {processor.py:183} INFO - Processing /opt/airflow/dags/flight-pipeline.py took 1.336 seconds
[2026-04-28T04:40:20.926+0000] {processor.py:161} INFO - Started process (PID=3995) to work on /opt/airflow/dags/flight-pipeline.py
[2026-04-28T04:40:20.936+0000] {processor.py:830} INFO - Processing file /opt/airflow/dags/flight-pipeline.py for tasks to queue
[2026-04-28T04:40:20.938+0000] {logging_mixin.py:188} INFO - [2026-04-28T04:40:20.937+0000] {dagbag.py:545} INFO - Filling up the DagBag from /opt/airflow/dags/flight-pipeline.py
[2026-04-28T04:40:22.404+0000] {processor.py:840} INFO - DAG(s) 'flights_ops_medallion_pipe' retrieved from /opt/airflow/dags/flight-pipeline.py
[2026-04-28T04:40:22.448+0000] {logging_mixin.py:188} INFO - [2026-04-28T04:40:22.447+0000] {dag.py:3089} INFO - Sync 1 DAGs
[2026-04-28T04:40:22.470+0000] {logging_mixin.py:188} INFO - [2026-04-28T04:40:22.470+0000] {dag.py:3947} INFO - Setting next_dagrun for flights_ops_medallion_pipe to 2026-04-28 04:30:00+00:00, run_after=2026-04-28 05:00:00+00:00
[2026-04-28T04:40:22.487+0000] {processor.py:183} INFO - Processing /opt/airflow/dags/flight-pipeline.py took 1.611 seconds
[2026-04-28T04:40:52.684+0000] {processor.py:161} INFO - Started process (PID=3998) to work on /opt/airflow/dags/flight-pipeline.py
[2026-04-28T04:40:52.685+0000] {processor.py:830} INFO - Processing file /opt/airflow/dags/flight-pipeline.py for tasks to queue
[2026-04-28T04:40:52.686+0000] {logging_mixin.py:188} INFO - [2026-04-28T04:40:52.686+0000] {dagbag.py:545} INFO - Filling up the DagBag from /opt/airflow/dags/flight-pipeline.py
[2026-04-28T04:40:53.727+0000] {processor.py:840} INFO - DAG(s) 'flights_ops_medallion_pipe' retrieved from /opt/airflow/dags/flight-pipeline.py
[2026-04-28T04:40:53.773+0000] {logging_mixin.py:188} INFO - [2026-04-28T04:40:53.773+0000] {dag.py:3089} INFO - Sync 1 DAGs
[2026-04-28T04:40:53.839+0000] {logging_mixin.py:188} INFO - [2026-04-28T04:40:53.838+0000] {dag.py:3947} INFO - Setting next_dagrun for flights_ops_medallion_pipe to 2026-04-28 04:30:00+00:00, run_after=2026-04-28 05:00:00+00:00
[2026-04-28T04:40:53.881+0000] {processor.py:183} INFO - Processing /opt/airflow/dags/flight-pipeline.py took 1.207 seconds
[2026-04-28T04:41:23.965+0000] {processor.py:161} INFO - Started process (PID=4001) to work on /opt/airflow/dags/flight-pipeline.py
[2026-04-28T04:41:23.967+0000] {processor.py:830} INFO - Processing file /opt/airflow/dags/flight-pipeline.py for tasks to queue
[2026-04-28T04:41:23.969+0000] {logging_mixin.py:188} INFO - [2026-04-28T04:41:23.968+0000] {dagbag.py:545} INFO - Filling up the DagBag from /opt/airflow/dags/flight-pipeline.py
[2026-04-28T04:41:25.473+0000] {processor.py:840} INFO - DAG(s) 'flights_ops_medallion_pipe' retrieved from /opt/airflow/dags/flight-pipeline.py
[2026-04-28T04:41:25.530+0000] {logging_mixin.py:188} INFO - [2026-04-28T04:41:25.529+0000] {dag.py:3089} INFO - Sync 1 DAGs
[2026-04-28T04:41:25.609+0000] {logging_mixin.py:188} INFO - [2026-04-28T04:41:25.608+0000] {dag.py:3947} INFO - Setting next_dagrun for flights_ops_medallion_pipe to 2026-04-28 04:30:00+00:00, run_after=2026-04-28 05:00:00+00:00
[2026-04-28T04:41:25.719+0000] {processor.py:183} INFO - Processing /opt/airflow/dags/flight-pipeline.py took 1.764 seconds
[2026-04-28T04:41:56.324+0000] {processor.py:161} INFO - Started process (PID=4004) to work on /opt/airflow/dags/flight-pipeline.py
[2026-04-28T04:41:56.330+0000] {processor.py:830} INFO - Processing file /opt/airflow/dags/flight-pipeline.py for tasks to queue
[2026-04-28T04:41:56.346+0000] {logging_mixin.py:188} INFO - [2026-04-28T04:41:56.338+0000] {dagbag.py:545} INFO - Filling up the DagBag from /opt/airflow/dags/flight-pipeline.py
[2026-04-28T04:41:58.328+0000] {processor.py:840} INFO - DAG(s) 'flights_ops_medallion_pipe' retrieved from /opt/airflow/dags/flight-pipeline.py
[2026-04-28T04:41:58.410+0000] {logging_mixin.py:188} INFO - [2026-04-28T04:41:58.409+0000] {dag.py:3089} INFO - Sync 1 DAGs
[2026-04-28T04:41:58.447+0000] {logging_mixin.py:188} INFO - [2026-04-28T04:41:58.446+0000] {dag.py:3947} INFO - Setting next_dagrun for flights_ops_medallion_pipe to 2026-04-28 04:30:00+00:00, run_after=2026-04-28 05:00:00+00:00
[2026-04-28T04:41:58.475+0000] {processor.py:183} INFO - Processing /opt/airflow/dags/flight-pipeline.py took 2.188 seconds
[2026-04-28T04:42:28.528+0000] {processor.py:161} INFO - Started process (PID=4007) to work on /opt/airflow/dags/flight-pipeline.py
[2026-04-28T04:42:28.532+0000] {processor.py:830} INFO - Processing file /opt/airflow/dags/flight-pipeline.py for tasks to queue
[2026-04-28T04:42:28.533+0000] {logging_mixin.py:188} INFO - [2026-04-28T04:42:28.533+0000] {dagbag.py:545} INFO - Filling up the DagBag from /opt/airflow/dags/flight-pipeline.py
[2026-04-28T04:42:29.417+0000] {processor.py:840} INFO - DAG(s) 'flights_ops_medallion_pipe' retrieved from /opt/airflow/dags/flight-pipeline.py
[2026-04-28T04:42:29.473+0000] {logging_mixin.py:188} INFO - [2026-04-28T04:42:29.473+0000] {dag.py:3089} INFO - Sync 1 DAGs
[2026-04-28T04:42:29.505+0000] {logging_mixin.py:188} INFO - [2026-04-28T04:42:29.505+0000] {dag.py:3947} INFO - Setting next_dagrun for flights_ops_medallion_pipe to 2026-04-28 04:30:00+00:00, run_after=2026-04-28 05:00:00+00:00
[2026-04-28T04:42:29.526+0000] {processor.py:183} INFO - Processing /opt/airflow/dags/flight-pipeline.py took 1.005 seconds
[2026-04-28T04:42:59.729+0000] {processor.py:161} INFO - Started process (PID=4010) to work on /opt/airflow/dags/flight-pipeline.py
[2026-04-28T04:42:59.736+0000] {processor.py:830} INFO - Processing file /opt/airflow/dags/flight-pipeline.py for tasks to queue
[2026-04-28T04:42:59.738+0000] {logging_mixin.py:188} INFO - [2026-04-28T04:42:59.738+0000] {dagbag.py:545} INFO - Filling up the DagBag from /opt/airflow/dags/flight-pipeline.py
[2026-04-28T04:43:01.063+0000] {processor.py:840} INFO - DAG(s) 'flights_ops_medallion_pipe' retrieved from /opt/airflow/dags/flight-pipeline.py
[2026-04-28T04:43:01.130+0000] {logging_mixin.py:188} INFO - [2026-04-28T04:43:01.130+0000] {dag.py:3089} INFO - Sync 1 DAGs
[2026-04-28T04:43:01.186+0000] {logging_mixin.py:188} INFO - [2026-04-28T04:43:01.185+0000] {dag.py:3947} INFO - Setting next_dagrun for flights_ops_medallion_pipe to 2026-04-28 04:30:00+00:00, run_after=2026-04-28 05:00:00+00:00
[2026-04-28T04:43:01.217+0000] {processor.py:183} INFO - Processing /opt/airflow/dags/flight-pipeline.py took 1.498 seconds
[2026-04-28T04:43:31.421+0000] {processor.py:161} INFO - Started process (PID=4013) to work on /opt/airflow/dags/flight-pipeline.py
[2026-04-28T04:43:31.426+0000] {processor.py:830} INFO - Processing file /opt/airflow/dags/flight-pipeline.py for tasks to queue
[2026-04-28T04:43:31.452+0000] {logging_mixin.py:188} INFO - [2026-04-28T04:43:31.440+0000] {dagbag.py:545} INFO - Filling up the DagBag from /opt/airflow/dags/flight-pipeline.py
[2026-04-28T04:43:32.665+0000] {processor.py:840} INFO - DAG(s) 'flights_ops_medallion_pipe' retrieved from /opt/airflow/dags/flight-pipeline.py
[2026-04-28T04:43:32.700+0000] {logging_mixin.py:188} INFO - [2026-04-28T04:43:32.700+0000] {dag.py:3089} INFO - Sync 1 DAGs
[2026-04-28T04:43:32.724+0000] {logging_mixin.py:188} INFO - [2026-04-28T04:43:32.724+0000] {dag.py:3947} INFO - Setting next_dagrun for flights_ops_medallion_pipe to 2026-04-28 04:30:00+00:00, run_after=2026-04-28 05:00:00+00:00
[2026-04-28T04:43:32.746+0000] {processor.py:183} INFO - Processing /opt/airflow/dags/flight-pipeline.py took 1.332 seconds
[2026-04-28T04:44:02.946+0000] {processor.py:161} INFO - Started process (PID=4016) to work on /opt/airflow/dags/flight-pipeline.py
[2026-04-28T04:44:02.950+0000] {processor.py:830} INFO - Processing file /opt/airflow/dags/flight-pipeline.py for tasks to queue
[2026-04-28T04:44:02.951+0000] {logging_mixin.py:188} INFO - [2026-04-28T04:44:02.951+0000] {dagbag.py:545} INFO - Filling up the DagBag from /opt/airflow/dags/flight-pipeline.py
[2026-04-28T04:44:03.857+0000] {processor.py:840} INFO - DAG(s) 'flights_ops_medallion_pipe' retrieved from /opt/airflow/dags/flight-pipeline.py
[2026-04-28T04:44:03.891+0000] {logging_mixin.py:188} INFO - [2026-04-28T04:44:03.891+0000] {dag.py:3089} INFO - Sync 1 DAGs
[2026-04-28T04:44:03.914+0000] {logging_mixin.py:188} INFO - [2026-04-28T04:44:03.914+0000] {dag.py:3947} INFO - Setting next_dagrun for flights_ops_medallion_pipe to 2026-04-28 04:30:00+00:00, run_after=2026-04-28 05:00:00+00:00
[2026-04-28T04:44:03.934+0000] {processor.py:183} INFO - Processing /opt/airflow/dags/flight-pipeline.py took 0.996 seconds
[2026-04-28T04:44:34.124+0000] {processor.py:161} INFO - Started process (PID=4019) to work on /opt/airflow/dags/flight-pipeline.py
[2026-04-28T04:44:34.128+0000] {processor.py:830} INFO - Processing file /opt/airflow/dags/flight-pipeline.py for tasks to queue
[2026-04-28T04:44:34.129+0000] {logging_mixin.py:188} INFO - [2026-04-28T04:44:34.129+0000] {dagbag.py:545} INFO - Filling up the DagBag from /opt/airflow/dags/flight-pipeline.py
[2026-04-28T04:44:35.118+0000] {processor.py:840} INFO - DAG(s) 'flights_ops_medallion_pipe' retrieved from /opt/airflow/dags/flight-pipeline.py
[2026-04-28T04:44:35.150+0000] {logging_mixin.py:188} INFO - [2026-04-28T04:44:35.149+0000] {dag.py:3089} INFO - Sync 1 DAGs
[2026-04-28T04:44:35.174+0000] {logging_mixin.py:188} INFO - [2026-04-28T04:44:35.174+0000] {dag.py:3947} INFO - Setting next_dagrun for flights_ops_medallion_pipe to 2026-04-28 04:30:00+00:00, run_after=2026-04-28 05:00:00+00:00
[2026-04-28T04:44:35.194+0000] {processor.py:183} INFO - Processing /opt/airflow/dags/flight-pipeline.py took 1.079 seconds
[2026-04-28T04:45:05.318+0000] {processor.py:161} INFO - Started process (PID=4022) to work on /opt/airflow/dags/flight-pipeline.py
[2026-04-28T04:45:05.322+0000] {processor.py:830} INFO - Processing file /opt/airflow/dags/flight-pipeline.py for tasks to queue
[2026-04-28T04:45:05.324+0000] {logging_mixin.py:188} INFO - [2026-04-28T04:45:05.323+0000] {dagbag.py:545} INFO - Filling up the DagBag from /opt/airflow/dags/flight-pipeline.py
[2026-04-28T04:45:06.238+0000] {processor.py:840} INFO - DAG(s) 'flights_ops_medallion_pipe' retrieved from /opt/airflow/dags/flight-pipeline.py
[2026-04-28T04:45:06.269+0000] {logging_mixin.py:188} INFO - [2026-04-28T04:45:06.269+0000] {dag.py:3089} INFO - Sync 1 DAGs
[2026-04-28T04:45:06.293+0000] {logging_mixin.py:188} INFO - [2026-04-28T04:45:06.293+0000] {dag.py:3947} INFO - Setting next_dagrun for flights_ops_medallion_pipe to 2026-04-28 04:30:00+00:00, run_after=2026-04-28 05:00:00+00:00
[2026-04-28T04:45:06.313+0000] {processor.py:183} INFO - Processing /opt/airflow/dags/flight-pipeline.py took 1.003 seconds
[2026-04-28T04:45:36.513+0000] {processor.py:161} INFO - Started process (PID=4025) to work on /opt/airflow/dags/flight-pipeline.py
[2026-04-28T04:45:36.517+0000] {processor.py:830} INFO - Processing file /opt/airflow/dags/flight-pipeline.py for tasks to queue
[2026-04-28T04:45:36.518+0000] {logging_mixin.py:188} INFO - [2026-04-28T04:45:36.518+0000] {dagbag.py:545} INFO - Filling up the DagBag from /opt/airflow/dags/flight-pipeline.py
[2026-04-28T04:45:37.349+0000] {processor.py:840} INFO - DAG(s) 'flights_ops_medallion_pipe' retrieved from /opt/airflow/dags/flight-pipeline.py
[2026-04-28T04:45:37.424+0000] {logging_mixin.py:188} INFO - [2026-04-28T04:45:37.424+0000] {dag.py:3089} INFO - Sync 1 DAGs
[2026-04-28T04:45:37.633+0000] {logging_mixin.py:188} INFO - [2026-04-28T04:45:37.633+0000] {dag.py:3947} INFO - Setting next_dagrun for flights_ops_medallion_pipe to 2026-04-28 04:30:00+00:00, run_after=2026-04-28 05:00:00+00:00
[2026-04-28T04:45:37.802+0000] {processor.py:183} INFO - Processing /opt/airflow/dags/flight-pipeline.py took 1.296 seconds
[2026-04-28T04:46:08.000+0000] {processor.py:161} INFO - Started process (PID=4028) to work on /opt/airflow/dags/flight-pipeline.py
[2026-04-28T04:46:08.007+0000] {processor.py:830} INFO - Processing file /opt/airflow/dags/flight-pipeline.py for tasks to queue
[2026-04-28T04:46:08.011+0000] {logging_mixin.py:188} INFO - [2026-04-28T04:46:08.010+0000] {dagbag.py:545} INFO - Filling up the DagBag from /opt/airflow/dags/flight-pipeline.py
[2026-04-28T04:46:08.942+0000] {processor.py:840} INFO - DAG(s) 'flights_ops_medallion_pipe' retrieved from /opt/airflow/dags/flight-pipeline.py
[2026-04-28T04:46:09.048+0000] {logging_mixin.py:188} INFO - [2026-04-28T04:46:09.047+0000] {dag.py:3089} INFO - Sync 1 DAGs
[2026-04-28T04:46:09.110+0000] {logging_mixin.py:188} INFO - [2026-04-28T04:46:09.110+0000] {dag.py:3947} INFO - Setting next_dagrun for flights_ops_medallion_pipe to 2026-04-28 04:30:00+00:00, run_after=2026-04-28 05:00:00+00:00
[2026-04-28T04:46:09.137+0000] {processor.py:183} INFO - Processing /opt/airflow/dags/flight-pipeline.py took 1.147 seconds
[2026-04-28T04:46:39.197+0000] {processor.py:161} INFO - Started process (PID=4031) to work on /opt/airflow/dags/flight-pipeline.py
[2026-04-28T04:46:39.200+0000] {processor.py:830} INFO - Processing file /opt/airflow/dags/flight-pipeline.py for tasks to queue
[2026-04-28T04:46:39.207+0000] {logging_mixin.py:188} INFO - [2026-04-28T04:46:39.202+0000] {dagbag.py:545} INFO - Filling up the DagBag from /opt/airflow/dags/flight-pipeline.py
[2026-04-28T04:46:40.065+0000] {processor.py:840} INFO - DAG(s) 'flights_ops_medallion_pipe' retrieved from /opt/airflow/dags/flight-pipeline.py
[2026-04-28T04:46:40.094+0000] {logging_mixin.py:188} INFO - [2026-04-28T04:46:40.094+0000] {dag.py:3089} INFO - Sync 1 DAGs
[2026-04-28T04:46:40.114+0000] {logging_mixin.py:188} INFO - [2026-04-28T04:46:40.113+0000] {dag.py:3947} INFO - Setting next_dagrun for flights_ops_medallion_pipe to 2026-04-28 04:30:00+00:00, run_after=2026-04-28 05:00:00+00:00
[2026-04-28T04:46:40.131+0000] {processor.py:183} INFO - Processing /opt/airflow/dags/flight-pipeline.py took 0.946 seconds
[2026-04-28T04:47:10.344+0000] {processor.py:161} INFO - Started process (PID=4034) to work on /opt/airflow/dags/flight-pipeline.py
[2026-04-28T04:47:10.347+0000] {processor.py:830} INFO - Processing file /opt/airflow/dags/flight-pipeline.py for tasks to queue
[2026-04-28T04:47:10.349+0000] {logging_mixin.py:188} INFO - [2026-04-28T04:47:10.348+0000] {dagbag.py:545} INFO - Filling up the DagBag from /opt/airflow/dags/flight-pipeline.py
[2026-04-28T04:47:11.282+0000] {processor.py:840} INFO - DAG(s) 'flights_ops_medallion_pipe' retrieved from /opt/airflow/dags/flight-pipeline.py
[2026-04-28T04:47:11.315+0000] {logging_mixin.py:188} INFO - [2026-04-28T04:47:11.315+0000] {dag.py:3089} INFO - Sync 1 DAGs
[2026-04-28T04:47:11.337+0000] {logging_mixin.py:188} INFO - [2026-04-28T04:47:11.336+0000] {dag.py:3947} INFO - Setting next_dagrun for flights_ops_medallion_pipe to 2026-04-28 04:30:00+00:00, run_after=2026-04-28 05:00:00+00:00
[2026-04-28T04:47:11.356+0000] {processor.py:183} INFO - Processing /opt/airflow/dags/flight-pipeline.py took 1.021 seconds
[2026-04-28T04:47:42.209+0000] {processor.py:161} INFO - Started process (PID=4037) to work on /opt/airflow/dags/flight-pipeline.py
[2026-04-28T04:47:42.217+0000] {processor.py:830} INFO - Processing file /opt/airflow/dags/flight-pipeline.py for tasks to queue
[2026-04-28T04:47:42.221+0000] {logging_mixin.py:188} INFO - [2026-04-28T04:47:42.221+0000] {dagbag.py:545} INFO - Filling up the DagBag from /opt/airflow/dags/flight-pipeline.py
[2026-04-28T04:47:43.722+0000] {processor.py:840} INFO - DAG(s) 'flights_ops_medallion_pipe' retrieved from /opt/airflow/dags/flight-pipeline.py
[2026-04-28T04:47:43.789+0000] {logging_mixin.py:188} INFO - [2026-04-28T04:47:43.788+0000] {dag.py:3089} INFO - Sync 1 DAGs
[2026-04-28T04:47:43.827+0000] {logging_mixin.py:188} INFO - [2026-04-28T04:47:43.826+0000] {dag.py:3947} INFO - Setting next_dagrun for flights_ops_medallion_pipe to 2026-04-28 04:30:00+00:00, run_after=2026-04-28 05:00:00+00:00
[2026-04-28T04:47:43.865+0000] {processor.py:183} INFO - Processing /opt/airflow/dags/flight-pipeline.py took 1.687 seconds
[2026-04-28T04:48:14.238+0000] {processor.py:161} INFO - Started process (PID=4040) to work on /opt/airflow/dags/flight-pipeline.py
[2026-04-28T04:48:14.240+0000] {processor.py:830} INFO - Processing file /opt/airflow/dags/flight-pipeline.py for tasks to queue
[2026-04-28T04:48:14.242+0000] {logging_mixin.py:188} INFO - [2026-04-28T04:48:14.241+0000] {dagbag.py:545} INFO - Filling up the DagBag from /opt/airflow/dags/flight-pipeline.py
[2026-04-28T04:48:15.262+0000] {processor.py:840} INFO - DAG(s) 'flights_ops_medallion_pipe' retrieved from /opt/airflow/dags/flight-pipeline.py
[2026-04-28T04:48:15.351+0000] {logging_mixin.py:188} INFO - [2026-04-28T04:48:15.350+0000] {dag.py:3089} INFO - Sync 1 DAGs
[2026-04-28T04:48:15.419+0000] {logging_mixin.py:188} INFO - [2026-04-28T04:48:15.419+0000] {dag.py:3947} INFO - Setting next_dagrun for flights_ops_medallion_pipe to 2026-04-28 04:30:00+00:00, run_after=2026-04-28 05:00:00+00:00
[2026-04-28T04:48:15.457+0000] {processor.py:183} INFO - Processing /opt/airflow/dags/flight-pipeline.py took 1.298 seconds
[2026-04-28T04:48:45.649+0000] {processor.py:161} INFO - Started process (PID=4043) to work on /opt/airflow/dags/flight-pipeline.py
[2026-04-28T04:48:45.655+0000] {processor.py:830} INFO - Processing file /opt/airflow/dags/flight-pipeline.py for tasks to queue
[2026-04-28T04:48:45.656+0000] {logging_mixin.py:188} INFO - [2026-04-28T04:48:45.656+0000] {dagbag.py:545} INFO - Filling up the DagBag from /opt/airflow/dags/flight-pipeline.py
[2026-04-28T04:48:46.689+0000] {processor.py:840} INFO - DAG(s) 'flights_ops_medallion_pipe' retrieved from /opt/airflow/dags/flight-pipeline.py
[2026-04-28T04:48:46.720+0000] {logging_mixin.py:188} INFO - [2026-04-28T04:48:46.720+0000] {dag.py:3089} INFO - Sync 1 DAGs
[2026-04-28T04:48:46.741+0000] {logging_mixin.py:188} INFO - [2026-04-28T04:48:46.741+0000] {dag.py:3947} INFO - Setting next_dagrun for flights_ops_medallion_pipe to 2026-04-28 04:30:00+00:00, run_after=2026-04-28 05:00:00+00:00
[2026-04-28T04:48:46.758+0000] {processor.py:183} INFO - Processing /opt/airflow/dags/flight-pipeline.py took 1.118 seconds
[2026-04-28T04:49:16.863+0000] {processor.py:161} INFO - Started process (PID=4046) to work on /opt/airflow/dags/flight-pipeline.py
[2026-04-28T04:49:16.868+0000] {processor.py:830} INFO - Processing file /opt/airflow/dags/flight-pipeline.py for tasks to queue
[2026-04-28T04:49:16.869+0000] {logging_mixin.py:188} INFO - [2026-04-28T04:49:16.868+0000] {dagbag.py:545} INFO - Filling up the DagBag from /opt/airflow/dags/flight-pipeline.py
[2026-04-28T04:49:17.854+0000] {processor.py:840} INFO - DAG(s) 'flights_ops_medallion_pipe' retrieved from /opt/airflow/dags/flight-pipeline.py
[2026-04-28T04:49:17.904+0000] {logging_mixin.py:188} INFO - [2026-04-28T04:49:17.903+0000] {dag.py:3089} INFO - Sync 1 DAGs
[2026-04-28T04:49:17.925+0000] {logging_mixin.py:188} INFO - [2026-04-28T04:49:17.925+0000] {dag.py:3947} INFO - Setting next_dagrun for flights_ops_medallion_pipe to 2026-04-28 04:30:00+00:00, run_after=2026-04-28 05:00:00+00:00
[2026-04-28T04:49:18.031+0000] {processor.py:183} INFO - Processing /opt/airflow/dags/flight-pipeline.py took 1.178 seconds
[2026-04-28T04:49:48.431+0000] {processor.py:161} INFO - Started process (PID=4049) to work on /opt/airflow/dags/flight-pipeline.py
[2026-04-28T04:49:48.436+0000] {processor.py:830} INFO - Processing file /opt/airflow/dags/flight-pipeline.py for tasks to queue
[2026-04-28T04:49:48.437+0000] {logging_mixin.py:188} INFO - [2026-04-28T04:49:48.437+0000] {dagbag.py:545} INFO - Filling up the DagBag from /opt/airflow/dags/flight-pipeline.py
[2026-04-28T04:49:49.378+0000] {processor.py:840} INFO - DAG(s) 'flights_ops_medallion_pipe' retrieved from /opt/airflow/dags/flight-pipeline.py
[2026-04-28T04:49:49.414+0000] {logging_mixin.py:188} INFO - [2026-04-28T04:49:49.413+0000] {dag.py:3089} INFO - Sync 1 DAGs
[2026-04-28T04:49:49.434+0000] {logging_mixin.py:188} INFO - [2026-04-28T04:49:49.434+0000] {dag.py:3947} INFO - Setting next_dagrun for flights_ops_medallion_pipe to 2026-04-28 04:30:00+00:00, run_after=2026-04-28 05:00:00+00:00
[2026-04-28T04:49:49.458+0000] {processor.py:183} INFO - Processing /opt/airflow/dags/flight-pipeline.py took 1.040 seconds
[2026-04-28T04:50:19.743+0000] {processor.py:161} INFO - Started process (PID=4052) to work on /opt/airflow/dags/flight-pipeline.py
[2026-04-28T04:50:19.745+0000] {processor.py:830} INFO - Processing file /opt/airflow/dags/flight-pipeline.py for tasks to queue
[2026-04-28T04:50:19.746+0000] {logging_mixin.py:188} INFO - [2026-04-28T04:50:19.746+0000] {dagbag.py:545} INFO - Filling up the DagBag from /opt/airflow/dags/flight-pipeline.py
[2026-04-28T04:50:21.108+0000] {processor.py:840} INFO - DAG(s) 'flights_ops_medallion_pipe' retrieved from /opt/airflow/dags/flight-pipeline.py
[2026-04-28T04:50:21.154+0000] {logging_mixin.py:188} INFO - [2026-04-28T04:50:21.153+0000] {dag.py:3089} INFO - Sync 1 DAGs
[2026-04-28T04:50:21.180+0000] {logging_mixin.py:188} INFO - [2026-04-28T04:50:21.180+0000] {dag.py:3947} INFO - Setting next_dagrun for flights_ops_medallion_pipe to 2026-04-28 04:30:00+00:00, run_after=2026-04-28 05:00:00+00:00
[2026-04-28T04:50:21.203+0000] {processor.py:183} INFO - Processing /opt/airflow/dags/flight-pipeline.py took 1.468 seconds
[2026-04-28T04:50:51.446+0000] {processor.py:161} INFO - Started process (PID=4055) to work on /opt/airflow/dags/flight-pipeline.py
[2026-04-28T04:50:51.451+0000] {processor.py:830} INFO - Processing file /opt/airflow/dags/flight-pipeline.py for tasks to queue
[2026-04-28T04:50:51.454+0000] {logging_mixin.py:188} INFO - [2026-04-28T04:50:51.453+0000] {dagbag.py:545} INFO - Filling up the DagBag from /opt/airflow/dags/flight-pipeline.py
[2026-04-28T04:50:52.644+0000] {processor.py:840} INFO - DAG(s) 'flights_ops_medallion_pipe' retrieved from /opt/airflow/dags/flight-pipeline.py
[2026-04-28T04:50:52.697+0000] {logging_mixin.py:188} INFO - [2026-04-28T04:50:52.696+0000] {dag.py:3089} INFO - Sync 1 DAGs
[2026-04-28T04:50:52.725+0000] {logging_mixin.py:188} INFO - [2026-04-28T04:50:52.724+0000] {dag.py:3947} INFO - Setting next_dagrun for flights_ops_medallion_pipe to 2026-04-28 04:30:00+00:00, run_after=2026-04-28 05:00:00+00:00
[2026-04-28T04:50:52.743+0000] {processor.py:183} INFO - Processing /opt/airflow/dags/flight-pipeline.py took 1.305 seconds
[2026-04-28T04:51:23.008+0000] {processor.py:161} INFO - Started process (PID=4058) to work on /opt/airflow/dags/flight-pipeline.py
[2026-04-28T04:51:23.010+0000] {processor.py:830} INFO - Processing file /opt/airflow/dags/flight-pipeline.py for tasks to queue
[2026-04-28T04:51:23.011+0000] {logging_mixin.py:188} INFO - [2026-04-28T04:51:23.011+0000] {dagbag.py:545} INFO - Filling up the DagBag from /opt/airflow/dags/flight-pipeline.py
[2026-04-28T04:51:24.178+0000] {processor.py:840} INFO - DAG(s) 'flights_ops_medallion_pipe' retrieved from /opt/airflow/dags/flight-pipeline.py
[2026-04-28T04:51:24.242+0000] {logging_mixin.py:188} INFO - [2026-04-28T04:51:24.241+0000] {dag.py:3089} INFO - Sync 1 DAGs
[2026-04-28T04:51:24.308+0000] {logging_mixin.py:188} INFO - [2026-04-28T04:51:24.308+0000] {dag.py:3947} INFO - Setting next_dagrun for flights_ops_medallion_pipe to 2026-04-28 04:30:00+00:00, run_after=2026-04-28 05:00:00+00:00
[2026-04-28T04:51:24.365+0000] {processor.py:183} INFO - Processing /opt/airflow/dags/flight-pipeline.py took 1.369 seconds
[2026-04-28T04:51:55.060+0000] {processor.py:161} INFO - Started process (PID=4061) to work on /opt/airflow/dags/flight-pipeline.py
[2026-04-28T04:51:55.064+0000] {processor.py:830} INFO - Processing file /opt/airflow/dags/flight-pipeline.py for tasks to queue
[2026-04-28T04:51:55.065+0000] {logging_mixin.py:188} INFO - [2026-04-28T04:51:55.065+0000] {dagbag.py:545} INFO - Filling up the DagBag from /opt/airflow/dags/flight-pipeline.py
[2026-04-28T04:51:56.247+0000] {processor.py:840} INFO - DAG(s) 'flights_ops_medallion_pipe' retrieved from /opt/airflow/dags/flight-pipeline.py
[2026-04-28T04:51:56.323+0000] {logging_mixin.py:188} INFO - [2026-04-28T04:51:56.322+0000] {dag.py:3089} INFO - Sync 1 DAGs
[2026-04-28T04:51:56.369+0000] {logging_mixin.py:188} INFO - [2026-04-28T04:51:56.368+0000] {dag.py:3947} INFO - Setting next_dagrun for flights_ops_medallion_pipe to 2026-04-28 04:30:00+00:00, run_after=2026-04-28 05:00:00+00:00
[2026-04-28T04:51:56.396+0000] {processor.py:183} INFO - Processing /opt/airflow/dags/flight-pipeline.py took 1.354 seconds
[2026-04-28T04:52:26.431+0000] {processor.py:161} INFO - Started process (PID=4064) to work on /opt/airflow/dags/flight-pipeline.py
[2026-04-28T04:52:26.435+0000] {processor.py:830} INFO - Processing file /opt/airflow/dags/flight-pipeline.py for tasks to queue
[2026-04-28T04:52:26.437+0000] {logging_mixin.py:188} INFO - [2026-04-28T04:52:26.436+0000] {dagbag.py:545} INFO - Filling up the DagBag from /opt/airflow/dags/flight-pipeline.py
[2026-04-28T04:52:27.511+0000] {processor.py:840} INFO - DAG(s) 'flights_ops_medallion_pipe' retrieved from /opt/airflow/dags/flight-pipeline.py
[2026-04-28T04:52:27.554+0000] {logging_mixin.py:188} INFO - [2026-04-28T04:52:27.553+0000] {dag.py:3089} INFO - Sync 1 DAGs
[2026-04-28T04:52:27.590+0000] {logging_mixin.py:188} INFO - [2026-04-28T04:52:27.590+0000] {dag.py:3947} INFO - Setting next_dagrun for flights_ops_medallion_pipe to 2026-04-28 04:30:00+00:00, run_after=2026-04-28 05:00:00+00:00
[2026-04-28T04:52:27.616+0000] {processor.py:183} INFO - Processing /opt/airflow/dags/flight-pipeline.py took 1.193 seconds
[2026-04-28T04:52:57.896+0000] {processor.py:161} INFO - Started process (PID=4067) to work on /opt/airflow/dags/flight-pipeline.py
[2026-04-28T04:52:57.899+0000] {processor.py:830} INFO - Processing file /opt/airflow/dags/flight-pipeline.py for tasks to queue
[2026-04-28T04:52:57.901+0000] {logging_mixin.py:188} INFO - [2026-04-28T04:52:57.900+0000] {dagbag.py:545} INFO - Filling up the DagBag from /opt/airflow/dags/flight-pipeline.py
[2026-04-28T04:52:58.972+0000] {processor.py:840} INFO - DAG(s) 'flights_ops_medallion_pipe' retrieved from /opt/airflow/dags/flight-pipeline.py
[2026-04-28T04:52:59.028+0000] {logging_mixin.py:188} INFO - [2026-04-28T04:52:59.027+0000] {dag.py:3089} INFO - Sync 1 DAGs
[2026-04-28T04:52:59.057+0000] {logging_mixin.py:188} INFO - [2026-04-28T04:52:59.057+0000] {dag.py:3947} INFO - Setting next_dagrun for flights_ops_medallion_pipe to 2026-04-28 04:30:00+00:00, run_after=2026-04-28 05:00:00+00:00
[2026-04-28T04:52:59.094+0000] {processor.py:183} INFO - Processing /opt/airflow/dags/flight-pipeline.py took 1.219 seconds
[2026-04-28T04:53:29.150+0000] {processor.py:161} INFO - Started process (PID=4070) to work on /opt/airflow/dags/flight-pipeline.py
[2026-04-28T04:53:29.152+0000] {processor.py:830} INFO - Processing file /opt/airflow/dags/flight-pipeline.py for tasks to queue
[2026-04-28T04:53:29.153+0000] {logging_mixin.py:188} INFO - [2026-04-28T04:53:29.152+0000] {dagbag.py:545} INFO - Filling up the DagBag from /opt/airflow/dags/flight-pipeline.py
[2026-04-28T04:53:30.048+0000] {processor.py:840} INFO - DAG(s) 'flights_ops_medallion_pipe' retrieved from /opt/airflow/dags/flight-pipeline.py
[2026-04-28T04:53:30.080+0000] {logging_mixin.py:188} INFO - [2026-04-28T04:53:30.079+0000] {dag.py:3089} INFO - Sync 1 DAGs
[2026-04-28T04:53:30.100+0000] {logging_mixin.py:188} INFO - [2026-04-28T04:53:30.100+0000] {dag.py:3947} INFO - Setting next_dagrun for flights_ops_medallion_pipe to 2026-04-28 04:30:00+00:00, run_after=2026-04-28 05:00:00+00:00
[2026-04-28T04:53:30.120+0000] {processor.py:183} INFO - Processing /opt/airflow/dags/flight-pipeline.py took 0.974 seconds
[2026-04-28T04:54:00.404+0000] {processor.py:161} INFO - Started process (PID=4073) to work on /opt/airflow/dags/flight-pipeline.py
[2026-04-28T04:54:00.407+0000] {processor.py:830} INFO - Processing file /opt/airflow/dags/flight-pipeline.py for tasks to queue
[2026-04-28T04:54:00.410+0000] {logging_mixin.py:188} INFO - [2026-04-28T04:54:00.409+0000] {dagbag.py:545} INFO - Filling up the DagBag from /opt/airflow/dags/flight-pipeline.py
[2026-04-28T04:54:01.853+0000] {processor.py:840} INFO - DAG(s) 'flights_ops_medallion_pipe' retrieved from /opt/airflow/dags/flight-pipeline.py
[2026-04-28T04:54:01.894+0000] {logging_mixin.py:188} INFO - [2026-04-28T04:54:01.894+0000] {dag.py:3089} INFO - Sync 1 DAGs
[2026-04-28T04:54:01.922+0000] {logging_mixin.py:188} INFO - [2026-04-28T04:54:01.922+0000] {dag.py:3947} INFO - Setting next_dagrun for flights_ops_medallion_pipe to 2026-04-28 04:30:00+00:00, run_after=2026-04-28 05:00:00+00:00
[2026-04-28T04:54:01.943+0000] {processor.py:183} INFO - Processing /opt/airflow/dags/flight-pipeline.py took 1.556 seconds
[2026-04-28T04:54:32.213+0000] {processor.py:161} INFO - Started process (PID=4076) to work on /opt/airflow/dags/flight-pipeline.py
[2026-04-28T04:54:32.214+0000] {processor.py:830} INFO - Processing file /opt/airflow/dags/flight-pipeline.py for tasks to queue
[2026-04-28T04:54:32.216+0000] {logging_mixin.py:188} INFO - [2026-04-28T04:54:32.215+0000] {dagbag.py:545} INFO - Filling up the DagBag from /opt/airflow/dags/flight-pipeline.py
[2026-04-28T04:54:33.015+0000] {processor.py:840} INFO - DAG(s) 'flights_ops_medallion_pipe' retrieved from /opt/airflow/dags/flight-pipeline.py
[2026-04-28T04:54:33.053+0000] {logging_mixin.py:188} INFO - [2026-04-28T04:54:33.053+0000] {dag.py:3089} INFO - Sync 1 DAGs
[2026-04-28T04:54:33.073+0000] {logging_mixin.py:188} INFO - [2026-04-28T04:54:33.073+0000] {dag.py:3947} INFO - Setting next_dagrun for flights_ops_medallion_pipe to 2026-04-28 04:30:00+00:00, run_after=2026-04-28 05:00:00+00:00
[2026-04-28T04:54:33.092+0000] {processor.py:183} INFO - Processing /opt/airflow/dags/flight-pipeline.py took 0.888 seconds
[2026-04-28T04:55:03.345+0000] {processor.py:161} INFO - Started process (PID=4079) to work on /opt/airflow/dags/flight-pipeline.py
[2026-04-28T04:55:03.347+0000] {processor.py:830} INFO - Processing file /opt/airflow/dags/flight-pipeline.py for tasks to queue
[2026-04-28T04:55:03.348+0000] {logging_mixin.py:188} INFO - [2026-04-28T04:55:03.348+0000] {dagbag.py:545} INFO - Filling up the DagBag from /opt/airflow/dags/flight-pipeline.py
[2026-04-28T04:55:04.198+0000] {processor.py:840} INFO - DAG(s) 'flights_ops_medallion_pipe' retrieved from /opt/airflow/dags/flight-pipeline.py
[2026-04-28T04:55:04.237+0000] {logging_mixin.py:188} INFO - [2026-04-28T04:55:04.237+0000] {dag.py:3089} INFO - Sync 1 DAGs
[2026-04-28T04:55:04.268+0000] {logging_mixin.py:188} INFO - [2026-04-28T04:55:04.268+0000] {dag.py:3947} INFO - Setting next_dagrun for flights_ops_medallion_pipe to 2026-04-28 04:30:00+00:00, run_after=2026-04-28 05:00:00+00:00
[2026-04-28T04:55:04.296+0000] {processor.py:183} INFO - Processing /opt/airflow/dags/flight-pipeline.py took 0.962 seconds
[2026-04-28T04:55:34.539+0000] {processor.py:161} INFO - Started process (PID=4082) to work on /opt/airflow/dags/flight-pipeline.py
[2026-04-28T04:55:34.545+0000] {processor.py:830} INFO - Processing file /opt/airflow/dags/flight-pipeline.py for tasks to queue
[2026-04-28T04:55:34.550+0000] {logging_mixin.py:188} INFO - [2026-04-28T04:55:34.547+0000] {dagbag.py:545} INFO - Filling up the DagBag from /opt/airflow/dags/flight-pipeline.py
[2026-04-28T04:55:35.615+0000] {processor.py:840} INFO - DAG(s) 'flights_ops_medallion_pipe' retrieved from /opt/airflow/dags/flight-pipeline.py
[2026-04-28T04:55:35.650+0000] {logging_mixin.py:188} INFO - [2026-04-28T04:55:35.650+0000] {dag.py:3089} INFO - Sync 1 DAGs
[2026-04-28T04:55:35.670+0000] {logging_mixin.py:188} INFO - [2026-04-28T04:55:35.670+0000] {dag.py:3947} INFO - Setting next_dagrun for flights_ops_medallion_pipe to 2026-04-28 04:30:00+00:00, run_after=2026-04-28 05:00:00+00:00
[2026-04-28T04:55:35.689+0000] {processor.py:183} INFO - Processing /opt/airflow/dags/flight-pipeline.py took 1.168 seconds
[2026-04-28T04:56:05.849+0000] {processor.py:161} INFO - Started process (PID=4085) to work on /opt/airflow/dags/flight-pipeline.py
[2026-04-28T04:56:05.851+0000] {processor.py:830} INFO - Processing file /opt/airflow/dags/flight-pipeline.py for tasks to queue
[2026-04-28T04:56:05.852+0000] {logging_mixin.py:188} INFO - [2026-04-28T04:56:05.852+0000] {dagbag.py:545} INFO - Filling up the DagBag from /opt/airflow/dags/flight-pipeline.py
[2026-04-28T04:56:06.642+0000] {processor.py:840} INFO - DAG(s) 'flights_ops_medallion_pipe' retrieved from /opt/airflow/dags/flight-pipeline.py
[2026-04-28T04:56:06.674+0000] {logging_mixin.py:188} INFO - [2026-04-28T04:56:06.674+0000] {dag.py:3089} INFO - Sync 1 DAGs
[2026-04-28T04:56:06.695+0000] {logging_mixin.py:188} INFO - [2026-04-28T04:56:06.695+0000] {dag.py:3947} INFO - Setting next_dagrun for flights_ops_medallion_pipe to 2026-04-28 04:30:00+00:00, run_after=2026-04-28 05:00:00+00:00
[2026-04-28T04:56:06.717+0000] {processor.py:183} INFO - Processing /opt/airflow/dags/flight-pipeline.py took 0.877 seconds
[2026-04-28T04:56:37.060+0000] {processor.py:161} INFO - Started process (PID=4088) to work on /opt/airflow/dags/flight-pipeline.py
[2026-04-28T04:56:37.062+0000] {processor.py:830} INFO - Processing file /opt/airflow/dags/flight-pipeline.py for tasks to queue
[2026-04-28T04:56:37.065+0000] {logging_mixin.py:188} INFO - [2026-04-28T04:56:37.064+0000] {dagbag.py:545} INFO - Filling up the DagBag from /opt/airflow/dags/flight-pipeline.py
[2026-04-28T04:56:38.121+0000] {processor.py:840} INFO - DAG(s) 'flights_ops_medallion_pipe' retrieved from /opt/airflow/dags/flight-pipeline.py
[2026-04-28T04:56:38.162+0000] {logging_mixin.py:188} INFO - [2026-04-28T04:56:38.161+0000] {dag.py:3089} INFO - Sync 1 DAGs
[2026-04-28T04:56:38.185+0000] {logging_mixin.py:188} INFO - [2026-04-28T04:56:38.185+0000] {dag.py:3947} INFO - Setting next_dagrun for flights_ops_medallion_pipe to 2026-04-28 04:30:00+00:00, run_after=2026-04-28 05:00:00+00:00
[2026-04-28T04:56:38.204+0000] {processor.py:183} INFO - Processing /opt/airflow/dags/flight-pipeline.py took 1.157 seconds
[2026-04-28T04:57:08.626+0000] {processor.py:161} INFO - Started process (PID=4091) to work on /opt/airflow/dags/flight-pipeline.py
[2026-04-28T04:57:08.628+0000] {processor.py:830} INFO - Processing file /opt/airflow/dags/flight-pipeline.py for tasks to queue
[2026-04-28T04:57:08.629+0000] {logging_mixin.py:188} INFO - [2026-04-28T04:57:08.629+0000] {dagbag.py:545} INFO - Filling up the DagBag from /opt/airflow/dags/flight-pipeline.py
[2026-04-28T04:57:09.504+0000] {processor.py:840} INFO - DAG(s) 'flights_ops_medallion_pipe' retrieved from /opt/airflow/dags/flight-pipeline.py
[2026-04-28T04:57:09.538+0000] {logging_mixin.py:188} INFO - [2026-04-28T04:57:09.537+0000] {dag.py:3089} INFO - Sync 1 DAGs
[2026-04-28T04:57:09.560+0000] {logging_mixin.py:188} INFO - [2026-04-28T04:57:09.560+0000] {dag.py:3947} INFO - Setting next_dagrun for flights_ops_medallion_pipe to 2026-04-28 04:30:00+00:00, run_after=2026-04-28 05:00:00+00:00
[2026-04-28T04:57:09.583+0000] {processor.py:183} INFO - Processing /opt/airflow/dags/flight-pipeline.py took 0.965 seconds
[2026-04-28T04:57:40.348+0000] {processor.py:161} INFO - Started process (PID=4094) to work on /opt/airflow/dags/flight-pipeline.py
[2026-04-28T04:57:40.355+0000] {processor.py:830} INFO - Processing file /opt/airflow/dags/flight-pipeline.py for tasks to queue
[2026-04-28T04:57:40.362+0000] {logging_mixin.py:188} INFO - [2026-04-28T04:57:40.358+0000] {dagbag.py:545} INFO - Filling up the DagBag from /opt/airflow/dags/flight-pipeline.py
[2026-04-28T04:57:42.384+0000] {processor.py:840} INFO - DAG(s) 'flights_ops_medallion_pipe' retrieved from /opt/airflow/dags/flight-pipeline.py
[2026-04-28T04:57:42.442+0000] {logging_mixin.py:188} INFO - [2026-04-28T04:57:42.441+0000] {dag.py:3089} INFO - Sync 1 DAGs
[2026-04-28T04:57:42.472+0000] {logging_mixin.py:188} INFO - [2026-04-28T04:57:42.472+0000] {dag.py:3947} INFO - Setting next_dagrun for flights_ops_medallion_pipe to 2026-04-28 04:30:00+00:00, run_after=2026-04-28 05:00:00+00:00
[2026-04-28T04:57:42.502+0000] {processor.py:183} INFO - Processing /opt/airflow/dags/flight-pipeline.py took 2.177 seconds
[2026-04-28T04:58:12.753+0000] {processor.py:161} INFO - Started process (PID=4097) to work on /opt/airflow/dags/flight-pipeline.py
[2026-04-28T04:58:12.755+0000] {processor.py:830} INFO - Processing file /opt/airflow/dags/flight-pipeline.py for tasks to queue
[2026-04-28T04:58:12.757+0000] {logging_mixin.py:188} INFO - [2026-04-28T04:58:12.757+0000] {dagbag.py:545} INFO - Filling up the DagBag from /opt/airflow/dags/flight-pipeline.py
[2026-04-28T04:58:14.892+0000] {processor.py:840} INFO - DAG(s) 'flights_ops_medallion_pipe' retrieved from /opt/airflow/dags/flight-pipeline.py
[2026-04-28T04:58:14.998+0000] {logging_mixin.py:188} INFO - [2026-04-28T04:58:14.998+0000] {dag.py:3089} INFO - Sync 1 DAGs
[2026-04-28T04:58:15.085+0000] {logging_mixin.py:188} INFO - [2026-04-28T04:58:15.085+0000] {dag.py:3947} INFO - Setting next_dagrun for flights_ops_medallion_pipe to 2026-04-28 04:30:00+00:00, run_after=2026-04-28 05:00:00+00:00
[2026-04-28T04:58:15.137+0000] {processor.py:183} INFO - Processing /opt/airflow/dags/flight-pipeline.py took 2.400 seconds
[2026-04-28T04:58:45.192+0000] {processor.py:161} INFO - Started process (PID=4100) to work on /opt/airflow/dags/flight-pipeline.py
[2026-04-28T04:58:45.193+0000] {processor.py:830} INFO - Processing file /opt/airflow/dags/flight-pipeline.py for tasks to queue
[2026-04-28T04:58:45.194+0000] {logging_mixin.py:188} INFO - [2026-04-28T04:58:45.194+0000] {dagbag.py:545} INFO - Filling up the DagBag from /opt/airflow/dags/flight-pipeline.py
[2026-04-28T04:58:47.543+0000] {processor.py:840} INFO - DAG(s) 'flights_ops_medallion_pipe' retrieved from /opt/airflow/dags/flight-pipeline.py
[2026-04-28T04:58:47.625+0000] {logging_mixin.py:188} INFO - [2026-04-28T04:58:47.624+0000] {dag.py:3089} INFO - Sync 1 DAGs
[2026-04-28T04:58:47.694+0000] {logging_mixin.py:188} INFO - [2026-04-28T04:58:47.694+0000] {dag.py:3947} INFO - Setting next_dagrun for flights_ops_medallion_pipe to 2026-04-28 04:30:00+00:00, run_after=2026-04-28 05:00:00+00:00
[2026-04-28T04:58:47.735+0000] {processor.py:183} INFO - Processing /opt/airflow/dags/flight-pipeline.py took 2.551 seconds
[2026-04-28T04:59:18.292+0000] {processor.py:161} INFO - Started process (PID=4103) to work on /opt/airflow/dags/flight-pipeline.py
[2026-04-28T04:59:18.301+0000] {processor.py:830} INFO - Processing file /opt/airflow/dags/flight-pipeline.py for tasks to queue
[2026-04-28T04:59:18.306+0000] {logging_mixin.py:188} INFO - [2026-04-28T04:59:18.304+0000] {dagbag.py:545} INFO - Filling up the DagBag from /opt/airflow/dags/flight-pipeline.py
[2026-04-28T04:59:19.176+0000] {processor.py:840} INFO - DAG(s) 'flights_ops_medallion_pipe' retrieved from /opt/airflow/dags/flight-pipeline.py
[2026-04-28T04:59:19.207+0000] {logging_mixin.py:188} INFO - [2026-04-28T04:59:19.206+0000] {dag.py:3089} INFO - Sync 1 DAGs
[2026-04-28T04:59:19.225+0000] {logging_mixin.py:188} INFO - [2026-04-28T04:59:19.225+0000] {dag.py:3947} INFO - Setting next_dagrun for flights_ops_medallion_pipe to 2026-04-28 04:30:00+00:00, run_after=2026-04-28 05:00:00+00:00
[2026-04-28T04:59:19.243+0000] {processor.py:183} INFO - Processing /opt/airflow/dags/flight-pipeline.py took 0.964 seconds
[2026-04-28T04:59:49.531+0000] {processor.py:161} INFO - Started process (PID=4106) to work on /opt/airflow/dags/flight-pipeline.py
[2026-04-28T04:59:49.547+0000] {processor.py:830} INFO - Processing file /opt/airflow/dags/flight-pipeline.py for tasks to queue
[2026-04-28T04:59:49.585+0000] {logging_mixin.py:188} INFO - [2026-04-28T04:59:49.566+0000] {dagbag.py:545} INFO - Filling up the DagBag from /opt/airflow/dags/flight-pipeline.py
[2026-04-28T04:59:51.551+0000] {processor.py:840} INFO - DAG(s) 'flights_ops_medallion_pipe' retrieved from /opt/airflow/dags/flight-pipeline.py
[2026-04-28T04:59:51.595+0000] {logging_mixin.py:188} INFO - [2026-04-28T04:59:51.595+0000] {dag.py:3089} INFO - Sync 1 DAGs
[2026-04-28T04:59:51.624+0000] {logging_mixin.py:188} INFO - [2026-04-28T04:59:51.624+0000] {dag.py:3947} INFO - Setting next_dagrun for flights_ops_medallion_pipe to 2026-04-28 04:30:00+00:00, run_after=2026-04-28 05:00:00+00:00
[2026-04-28T04:59:51.669+0000] {processor.py:183} INFO - Processing /opt/airflow/dags/flight-pipeline.py took 2.149 seconds
[2026-04-28T05:00:21.889+0000] {processor.py:161} INFO - Started process (PID=4132) to work on /opt/airflow/dags/flight-pipeline.py
[2026-04-28T05:00:21.893+0000] {processor.py:830} INFO - Processing file /opt/airflow/dags/flight-pipeline.py for tasks to queue
[2026-04-28T05:00:21.896+0000] {logging_mixin.py:188} INFO - [2026-04-28T05:00:21.895+0000] {dagbag.py:545} INFO - Filling up the DagBag from /opt/airflow/dags/flight-pipeline.py
[2026-04-28T05:00:23.862+0000] {processor.py:840} INFO - DAG(s) 'flights_ops_medallion_pipe' retrieved from /opt/airflow/dags/flight-pipeline.py
[2026-04-28T05:00:24.005+0000] {logging_mixin.py:188} INFO - [2026-04-28T05:00:24.004+0000] {dag.py:3089} INFO - Sync 1 DAGs
[2026-04-28T05:00:24.099+0000] {logging_mixin.py:188} INFO - [2026-04-28T05:00:24.099+0000] {dag.py:3947} INFO - Setting next_dagrun for flights_ops_medallion_pipe to 2026-04-28 05:00:00+00:00, run_after=2026-04-28 05:30:00+00:00
[2026-04-28T05:00:24.380+0000] {processor.py:183} INFO - Processing /opt/airflow/dags/flight-pipeline.py took 2.501 seconds
[2026-04-28T05:00:54.715+0000] {processor.py:161} INFO - Started process (PID=4156) to work on /opt/airflow/dags/flight-pipeline.py
[2026-04-28T05:00:54.717+0000] {processor.py:830} INFO - Processing file /opt/airflow/dags/flight-pipeline.py for tasks to queue
[2026-04-28T05:00:54.719+0000] {logging_mixin.py:188} INFO - [2026-04-28T05:00:54.718+0000] {dagbag.py:545} INFO - Filling up the DagBag from /opt/airflow/dags/flight-pipeline.py
[2026-04-28T05:00:57.972+0000] {processor.py:840} INFO - DAG(s) 'flights_ops_medallion_pipe' retrieved from /opt/airflow/dags/flight-pipeline.py
[2026-04-28T05:00:58.064+0000] {logging_mixin.py:188} INFO - [2026-04-28T05:00:58.064+0000] {dag.py:3089} INFO - Sync 1 DAGs
[2026-04-28T05:00:58.130+0000] {logging_mixin.py:188} INFO - [2026-04-28T05:00:58.129+0000] {dag.py:3947} INFO - Setting next_dagrun for flights_ops_medallion_pipe to 2026-04-28 05:00:00+00:00, run_after=2026-04-28 05:30:00+00:00
[2026-04-28T05:00:58.162+0000] {processor.py:183} INFO - Processing /opt/airflow/dags/flight-pipeline.py took 3.467 seconds
[2026-04-28T05:01:29.039+0000] {processor.py:161} INFO - Started process (PID=4159) to work on /opt/airflow/dags/flight-pipeline.py
[2026-04-28T05:01:29.056+0000] {processor.py:830} INFO - Processing file /opt/airflow/dags/flight-pipeline.py for tasks to queue
[2026-04-28T05:01:29.082+0000] {logging_mixin.py:188} INFO - [2026-04-28T05:01:29.065+0000] {dagbag.py:545} INFO - Filling up the DagBag from /opt/airflow/dags/flight-pipeline.py
[2026-04-28T05:01:36.531+0000] {processor.py:840} INFO - DAG(s) 'flights_ops_medallion_pipe' retrieved from /opt/airflow/dags/flight-pipeline.py
[2026-04-28T05:01:36.826+0000] {logging_mixin.py:188} INFO - [2026-04-28T05:01:36.825+0000] {dag.py:3089} INFO - Sync 1 DAGs
[2026-04-28T05:01:37.255+0000] {logging_mixin.py:188} INFO - [2026-04-28T05:01:37.250+0000] {dag.py:3947} INFO - Setting next_dagrun for flights_ops_medallion_pipe to 2026-04-28 05:00:00+00:00, run_after=2026-04-28 05:30:00+00:00
[2026-04-28T05:01:37.436+0000] {processor.py:183} INFO - Processing /opt/airflow/dags/flight-pipeline.py took 8.476 seconds
[2026-04-28T05:02:07.996+0000] {processor.py:161} INFO - Started process (PID=4162) to work on /opt/airflow/dags/flight-pipeline.py
[2026-04-28T05:02:08.000+0000] {processor.py:830} INFO - Processing file /opt/airflow/dags/flight-pipeline.py for tasks to queue
[2026-04-28T05:02:08.004+0000] {logging_mixin.py:188} INFO - [2026-04-28T05:02:08.003+0000] {dagbag.py:545} INFO - Filling up the DagBag from /opt/airflow/dags/flight-pipeline.py
[2026-04-28T05:02:09.550+0000] {processor.py:840} INFO - DAG(s) 'flights_ops_medallion_pipe' retrieved from /opt/airflow/dags/flight-pipeline.py
[2026-04-28T05:02:09.628+0000] {logging_mixin.py:188} INFO - [2026-04-28T05:02:09.627+0000] {dag.py:3089} INFO - Sync 1 DAGs
[2026-04-28T05:02:09.689+0000] {logging_mixin.py:188} INFO - [2026-04-28T05:02:09.688+0000] {dag.py:3947} INFO - Setting next_dagrun for flights_ops_medallion_pipe to 2026-04-28 05:00:00+00:00, run_after=2026-04-28 05:30:00+00:00
[2026-04-28T05:02:09.732+0000] {processor.py:183} INFO - Processing /opt/airflow/dags/flight-pipeline.py took 1.766 seconds
[2026-04-28T05:02:40.021+0000] {processor.py:161} INFO - Started process (PID=4165) to work on /opt/airflow/dags/flight-pipeline.py
[2026-04-28T05:02:40.025+0000] {processor.py:830} INFO - Processing file /opt/airflow/dags/flight-pipeline.py for tasks to queue
[2026-04-28T05:02:40.027+0000] {logging_mixin.py:188} INFO - [2026-04-28T05:02:40.026+0000] {dagbag.py:545} INFO - Filling up the DagBag from /opt/airflow/dags/flight-pipeline.py
[2026-04-28T05:02:41.198+0000] {processor.py:840} INFO - DAG(s) 'flights_ops_medallion_pipe' retrieved from /opt/airflow/dags/flight-pipeline.py
[2026-04-28T05:02:41.228+0000] {logging_mixin.py:188} INFO - [2026-04-28T05:02:41.227+0000] {dag.py:3089} INFO - Sync 1 DAGs
[2026-04-28T05:02:41.255+0000] {logging_mixin.py:188} INFO - [2026-04-28T05:02:41.255+0000] {dag.py:3947} INFO - Setting next_dagrun for flights_ops_medallion_pipe to 2026-04-28 05:00:00+00:00, run_after=2026-04-28 05:30:00+00:00
[2026-04-28T05:02:41.275+0000] {processor.py:183} INFO - Processing /opt/airflow/dags/flight-pipeline.py took 1.281 seconds
[2026-04-28T05:03:11.531+0000] {processor.py:161} INFO - Started process (PID=4168) to work on /opt/airflow/dags/flight-pipeline.py
[2026-04-28T05:03:11.539+0000] {processor.py:830} INFO - Processing file /opt/airflow/dags/flight-pipeline.py for tasks to queue
[2026-04-28T05:03:11.548+0000] {logging_mixin.py:188} INFO - [2026-04-28T05:03:11.543+0000] {dagbag.py:545} INFO - Filling up the DagBag from /opt/airflow/dags/flight-pipeline.py
[2026-04-28T05:03:12.999+0000] {processor.py:840} INFO - DAG(s) 'flights_ops_medallion_pipe' retrieved from /opt/airflow/dags/flight-pipeline.py
[2026-04-28T05:03:13.039+0000] {logging_mixin.py:188} INFO - [2026-04-28T05:03:13.039+0000] {dag.py:3089} INFO - Sync 1 DAGs
[2026-04-28T05:03:13.063+0000] {logging_mixin.py:188} INFO - [2026-04-28T05:03:13.062+0000] {dag.py:3947} INFO - Setting next_dagrun for flights_ops_medallion_pipe to 2026-04-28 05:00:00+00:00, run_after=2026-04-28 05:30:00+00:00
[2026-04-28T05:03:13.082+0000] {processor.py:183} INFO - Processing /opt/airflow/dags/flight-pipeline.py took 1.565 seconds
[2026-04-28T05:03:43.331+0000] {processor.py:161} INFO - Started process (PID=4171) to work on /opt/airflow/dags/flight-pipeline.py
[2026-04-28T05:03:43.333+0000] {processor.py:830} INFO - Processing file /opt/airflow/dags/flight-pipeline.py for tasks to queue
[2026-04-28T05:03:43.334+0000] {logging_mixin.py:188} INFO - [2026-04-28T05:03:43.334+0000] {dagbag.py:545} INFO - Filling up the DagBag from /opt/airflow/dags/flight-pipeline.py
[2026-04-28T05:03:44.408+0000] {processor.py:840} INFO - DAG(s) 'flights_ops_medallion_pipe' retrieved from /opt/airflow/dags/flight-pipeline.py
[2026-04-28T05:03:44.443+0000] {logging_mixin.py:188} INFO - [2026-04-28T05:03:44.442+0000] {dag.py:3089} INFO - Sync 1 DAGs
[2026-04-28T05:03:44.491+0000] {logging_mixin.py:188} INFO - [2026-04-28T05:03:44.490+0000] {dag.py:3947} INFO - Setting next_dagrun for flights_ops_medallion_pipe to 2026-04-28 05:00:00+00:00, run_after=2026-04-28 05:30:00+00:00
[2026-04-28T05:03:44.552+0000] {processor.py:183} INFO - Processing /opt/airflow/dags/flight-pipeline.py took 1.228 seconds
[2026-04-28T05:04:14.633+0000] {processor.py:161} INFO - Started process (PID=4174) to work on /opt/airflow/dags/flight-pipeline.py
[2026-04-28T05:04:14.636+0000] {processor.py:830} INFO - Processing file /opt/airflow/dags/flight-pipeline.py for tasks to queue
[2026-04-28T05:04:14.638+0000] {logging_mixin.py:188} INFO - [2026-04-28T05:04:14.638+0000] {dagbag.py:545} INFO - Filling up the DagBag from /opt/airflow/dags/flight-pipeline.py
[2026-04-28T05:04:15.905+0000] {processor.py:840} INFO - DAG(s) 'flights_ops_medallion_pipe' retrieved from /opt/airflow/dags/flight-pipeline.py
[2026-04-28T05:04:15.953+0000] {logging_mixin.py:188} INFO - [2026-04-28T05:04:15.953+0000] {dag.py:3089} INFO - Sync 1 DAGs
[2026-04-28T05:04:15.985+0000] {logging_mixin.py:188} INFO - [2026-04-28T05:04:15.985+0000] {dag.py:3947} INFO - Setting next_dagrun for flights_ops_medallion_pipe to 2026-04-28 05:00:00+00:00, run_after=2026-04-28 05:30:00+00:00
[2026-04-28T05:04:16.006+0000] {processor.py:183} INFO - Processing /opt/airflow/dags/flight-pipeline.py took 1.388 seconds
[2026-04-28T05:04:46.246+0000] {processor.py:161} INFO - Started process (PID=4177) to work on /opt/airflow/dags/flight-pipeline.py
[2026-04-28T05:04:46.249+0000] {processor.py:830} INFO - Processing file /opt/airflow/dags/flight-pipeline.py for tasks to queue
[2026-04-28T05:04:46.251+0000] {logging_mixin.py:188} INFO - [2026-04-28T05:04:46.251+0000] {dagbag.py:545} INFO - Filling up the DagBag from /opt/airflow/dags/flight-pipeline.py
[2026-04-28T05:04:47.397+0000] {processor.py:840} INFO - DAG(s) 'flights_ops_medallion_pipe' retrieved from /opt/airflow/dags/flight-pipeline.py
[2026-04-28T05:04:47.436+0000] {logging_mixin.py:188} INFO - [2026-04-28T05:04:47.436+0000] {dag.py:3089} INFO - Sync 1 DAGs
[2026-04-28T05:04:47.470+0000] {logging_mixin.py:188} INFO - [2026-04-28T05:04:47.469+0000] {dag.py:3947} INFO - Setting next_dagrun for flights_ops_medallion_pipe to 2026-04-28 05:00:00+00:00, run_after=2026-04-28 05:30:00+00:00
[2026-04-28T05:04:47.492+0000] {processor.py:183} INFO - Processing /opt/airflow/dags/flight-pipeline.py took 1.258 seconds
[2026-04-28T05:05:17.825+0000] {processor.py:161} INFO - Started process (PID=4180) to work on /opt/airflow/dags/flight-pipeline.py
[2026-04-28T05:05:17.832+0000] {processor.py:830} INFO - Processing file /opt/airflow/dags/flight-pipeline.py for tasks to queue
[2026-04-28T05:05:17.836+0000] {logging_mixin.py:188} INFO - [2026-04-28T05:05:17.834+0000] {dagbag.py:545} INFO - Filling up the DagBag from /opt/airflow/dags/flight-pipeline.py
[2026-04-28T05:05:20.216+0000] {processor.py:840} INFO - DAG(s) 'flights_ops_medallion_pipe' retrieved from /opt/airflow/dags/flight-pipeline.py
[2026-04-28T05:05:20.930+0000] {logging_mixin.py:188} INFO - [2026-04-28T05:05:20.851+0000] {dag.py:3089} INFO - Sync 1 DAGs
[2026-04-28T05:05:21.034+0000] {logging_mixin.py:188} INFO - [2026-04-28T05:05:21.033+0000] {dag.py:3947} INFO - Setting next_dagrun for flights_ops_medallion_pipe to 2026-04-28 05:00:00+00:00, run_after=2026-04-28 05:30:00+00:00
[2026-04-28T05:05:21.076+0000] {processor.py:183} INFO - Processing /opt/airflow/dags/flight-pipeline.py took 3.288 seconds
[2026-04-28T05:05:51.494+0000] {processor.py:161} INFO - Started process (PID=4183) to work on /opt/airflow/dags/flight-pipeline.py
[2026-04-28T05:05:51.496+0000] {processor.py:830} INFO - Processing file /opt/airflow/dags/flight-pipeline.py for tasks to queue
[2026-04-28T05:05:51.498+0000] {logging_mixin.py:188} INFO - [2026-04-28T05:05:51.497+0000] {dagbag.py:545} INFO - Filling up the DagBag from /opt/airflow/dags/flight-pipeline.py
[2026-04-28T05:05:53.001+0000] {processor.py:840} INFO - DAG(s) 'flights_ops_medallion_pipe' retrieved from /opt/airflow/dags/flight-pipeline.py
[2026-04-28T05:05:53.036+0000] {logging_mixin.py:188} INFO - [2026-04-28T05:05:53.035+0000] {dag.py:3089} INFO - Sync 1 DAGs
[2026-04-28T05:05:53.060+0000] {logging_mixin.py:188} INFO - [2026-04-28T05:05:53.060+0000] {dag.py:3947} INFO - Setting next_dagrun for flights_ops_medallion_pipe to 2026-04-28 05:00:00+00:00, run_after=2026-04-28 05:30:00+00:00
[2026-04-28T05:05:53.079+0000] {processor.py:183} INFO - Processing /opt/airflow/dags/flight-pipeline.py took 1.598 seconds
[2026-04-28T05:06:23.369+0000] {processor.py:161} INFO - Started process (PID=4186) to work on /opt/airflow/dags/flight-pipeline.py
[2026-04-28T05:06:23.374+0000] {processor.py:830} INFO - Processing file /opt/airflow/dags/flight-pipeline.py for tasks to queue
[2026-04-28T05:06:23.376+0000] {logging_mixin.py:188} INFO - [2026-04-28T05:06:23.375+0000] {dagbag.py:545} INFO - Filling up the DagBag from /opt/airflow/dags/flight-pipeline.py
[2026-04-28T05:06:24.308+0000] {processor.py:840} INFO - DAG(s) 'flights_ops_medallion_pipe' retrieved from /opt/airflow/dags/flight-pipeline.py
[2026-04-28T05:06:24.378+0000] {logging_mixin.py:188} INFO - [2026-04-28T05:06:24.376+0000] {dag.py:3089} INFO - Sync 1 DAGs
[2026-04-28T05:06:24.405+0000] {logging_mixin.py:188} INFO - [2026-04-28T05:06:24.405+0000] {dag.py:3947} INFO - Setting next_dagrun for flights_ops_medallion_pipe to 2026-04-28 05:00:00+00:00, run_after=2026-04-28 05:30:00+00:00
[2026-04-28T05:06:24.439+0000] {processor.py:183} INFO - Processing /opt/airflow/dags/flight-pipeline.py took 1.079 seconds
[2026-04-28T05:06:54.618+0000] {processor.py:161} INFO - Started process (PID=4189) to work on /opt/airflow/dags/flight-pipeline.py
[2026-04-28T05:06:54.624+0000] {processor.py:830} INFO - Processing file /opt/airflow/dags/flight-pipeline.py for tasks to queue
[2026-04-28T05:06:54.627+0000] {logging_mixin.py:188} INFO - [2026-04-28T05:06:54.626+0000] {dagbag.py:545} INFO - Filling up the DagBag from /opt/airflow/dags/flight-pipeline.py
[2026-04-28T05:06:55.863+0000] {processor.py:840} INFO - DAG(s) 'flights_ops_medallion_pipe' retrieved from /opt/airflow/dags/flight-pipeline.py
[2026-04-28T05:06:55.922+0000] {logging_mixin.py:188} INFO - [2026-04-28T05:06:55.920+0000] {dag.py:3089} INFO - Sync 1 DAGs
[2026-04-28T05:06:55.950+0000] {logging_mixin.py:188} INFO - [2026-04-28T05:06:55.950+0000] {dag.py:3947} INFO - Setting next_dagrun for flights_ops_medallion_pipe to 2026-04-28 05:00:00+00:00, run_after=2026-04-28 05:30:00+00:00
[2026-04-28T05:06:55.977+0000] {processor.py:183} INFO - Processing /opt/airflow/dags/flight-pipeline.py took 1.371 seconds
[2026-04-28T05:07:26.320+0000] {processor.py:161} INFO - Started process (PID=4192) to work on /opt/airflow/dags/flight-pipeline.py
[2026-04-28T05:07:26.323+0000] {processor.py:830} INFO - Processing file /opt/airflow/dags/flight-pipeline.py for tasks to queue
[2026-04-28T05:07:26.325+0000] {logging_mixin.py:188} INFO - [2026-04-28T05:07:26.324+0000] {dagbag.py:545} INFO - Filling up the DagBag from /opt/airflow/dags/flight-pipeline.py
[2026-04-28T05:07:27.329+0000] {processor.py:840} INFO - DAG(s) 'flights_ops_medallion_pipe' retrieved from /opt/airflow/dags/flight-pipeline.py
[2026-04-28T05:07:27.410+0000] {logging_mixin.py:188} INFO - [2026-04-28T05:07:27.410+0000] {dag.py:3089} INFO - Sync 1 DAGs
[2026-04-28T05:07:27.441+0000] {logging_mixin.py:188} INFO - [2026-04-28T05:07:27.441+0000] {dag.py:3947} INFO - Setting next_dagrun for flights_ops_medallion_pipe to 2026-04-28 05:00:00+00:00, run_after=2026-04-28 05:30:00+00:00
[2026-04-28T05:07:27.463+0000] {processor.py:183} INFO - Processing /opt/airflow/dags/flight-pipeline.py took 1.153 seconds
[2026-04-28T05:07:57.569+0000] {processor.py:161} INFO - Started process (PID=4195) to work on /opt/airflow/dags/flight-pipeline.py
[2026-04-28T05:07:57.574+0000] {processor.py:830} INFO - Processing file /opt/airflow/dags/flight-pipeline.py for tasks to queue
[2026-04-28T05:07:57.576+0000] {logging_mixin.py:188} INFO - [2026-04-28T05:07:57.575+0000] {dagbag.py:545} INFO - Filling up the DagBag from /opt/airflow/dags/flight-pipeline.py
[2026-04-28T05:07:58.897+0000] {processor.py:840} INFO - DAG(s) 'flights_ops_medallion_pipe' retrieved from /opt/airflow/dags/flight-pipeline.py
[2026-04-28T05:07:58.930+0000] {logging_mixin.py:188} INFO - [2026-04-28T05:07:58.929+0000] {dag.py:3089} INFO - Sync 1 DAGs
[2026-04-28T05:07:58.950+0000] {logging_mixin.py:188} INFO - [2026-04-28T05:07:58.949+0000] {dag.py:3947} INFO - Setting next_dagrun for flights_ops_medallion_pipe to 2026-04-28 05:00:00+00:00, run_after=2026-04-28 05:30:00+00:00
[2026-04-28T05:07:58.970+0000] {processor.py:183} INFO - Processing /opt/airflow/dags/flight-pipeline.py took 1.411 seconds
[2026-04-28T05:08:29.029+0000] {processor.py:161} INFO - Started process (PID=4198) to work on /opt/airflow/dags/flight-pipeline.py
[2026-04-28T05:08:29.031+0000] {processor.py:830} INFO - Processing file /opt/airflow/dags/flight-pipeline.py for tasks to queue
[2026-04-28T05:08:29.032+0000] {logging_mixin.py:188} INFO - [2026-04-28T05:08:29.031+0000] {dagbag.py:545} INFO - Filling up the DagBag from /opt/airflow/dags/flight-pipeline.py
[2026-04-28T05:08:29.835+0000] {processor.py:840} INFO - DAG(s) 'flights_ops_medallion_pipe' retrieved from /opt/airflow/dags/flight-pipeline.py
[2026-04-28T05:08:29.867+0000] {logging_mixin.py:188} INFO - [2026-04-28T05:08:29.866+0000] {dag.py:3089} INFO - Sync 1 DAGs
[2026-04-28T05:08:29.890+0000] {logging_mixin.py:188} INFO - [2026-04-28T05:08:29.889+0000] {dag.py:3947} INFO - Setting next_dagrun for flights_ops_medallion_pipe to 2026-04-28 05:00:00+00:00, run_after=2026-04-28 05:30:00+00:00
[2026-04-28T05:08:29.911+0000] {processor.py:183} INFO - Processing /opt/airflow/dags/flight-pipeline.py took 0.890 seconds
[2026-04-28T05:09:00.179+0000] {processor.py:161} INFO - Started process (PID=4201) to work on /opt/airflow/dags/flight-pipeline.py
[2026-04-28T05:09:00.181+0000] {processor.py:830} INFO - Processing file /opt/airflow/dags/flight-pipeline.py for tasks to queue
[2026-04-28T05:09:00.182+0000] {logging_mixin.py:188} INFO - [2026-04-28T05:09:00.182+0000] {dagbag.py:545} INFO - Filling up the DagBag from /opt/airflow/dags/flight-pipeline.py
[2026-04-28T05:09:01.021+0000] {processor.py:840} INFO - DAG(s) 'flights_ops_medallion_pipe' retrieved from /opt/airflow/dags/flight-pipeline.py
[2026-04-28T05:09:01.101+0000] {logging_mixin.py:188} INFO - [2026-04-28T05:09:01.101+0000] {dag.py:3089} INFO - Sync 1 DAGs
[2026-04-28T05:09:01.122+0000] {logging_mixin.py:188} INFO - [2026-04-28T05:09:01.122+0000] {dag.py:3947} INFO - Setting next_dagrun for flights_ops_medallion_pipe to 2026-04-28 05:00:00+00:00, run_after=2026-04-28 05:30:00+00:00
[2026-04-28T05:09:01.139+0000] {processor.py:183} INFO - Processing /opt/airflow/dags/flight-pipeline.py took 0.968 seconds
[2026-04-28T05:09:31.427+0000] {processor.py:161} INFO - Started process (PID=4204) to work on /opt/airflow/dags/flight-pipeline.py
[2026-04-28T05:09:31.429+0000] {processor.py:830} INFO - Processing file /opt/airflow/dags/flight-pipeline.py for tasks to queue
[2026-04-28T05:09:31.430+0000] {logging_mixin.py:188} INFO - [2026-04-28T05:09:31.430+0000] {dagbag.py:545} INFO - Filling up the DagBag from /opt/airflow/dags/flight-pipeline.py
[2026-04-28T05:09:32.270+0000] {processor.py:840} INFO - DAG(s) 'flights_ops_medallion_pipe' retrieved from /opt/airflow/dags/flight-pipeline.py
[2026-04-28T05:09:32.309+0000] {logging_mixin.py:188} INFO - [2026-04-28T05:09:32.308+0000] {dag.py:3089} INFO - Sync 1 DAGs
[2026-04-28T05:09:32.334+0000] {logging_mixin.py:188} INFO - [2026-04-28T05:09:32.333+0000] {dag.py:3947} INFO - Setting next_dagrun for flights_ops_medallion_pipe to 2026-04-28 05:00:00+00:00, run_after=2026-04-28 05:30:00+00:00
[2026-04-28T05:09:32.357+0000] {processor.py:183} INFO - Processing /opt/airflow/dags/flight-pipeline.py took 0.938 seconds
[2026-04-28T05:10:02.624+0000] {processor.py:161} INFO - Started process (PID=4207) to work on /opt/airflow/dags/flight-pipeline.py
[2026-04-28T05:10:02.626+0000] {processor.py:830} INFO - Processing file /opt/airflow/dags/flight-pipeline.py for tasks to queue
[2026-04-28T05:10:02.627+0000] {logging_mixin.py:188} INFO - [2026-04-28T05:10:02.627+0000] {dagbag.py:545} INFO - Filling up the DagBag from /opt/airflow/dags/flight-pipeline.py
[2026-04-28T05:10:03.795+0000] {processor.py:840} INFO - DAG(s) 'flights_ops_medallion_pipe' retrieved from /opt/airflow/dags/flight-pipeline.py
[2026-04-28T05:10:03.838+0000] {logging_mixin.py:188} INFO - [2026-04-28T05:10:03.837+0000] {dag.py:3089} INFO - Sync 1 DAGs
[2026-04-28T05:10:03.866+0000] {logging_mixin.py:188} INFO - [2026-04-28T05:10:03.866+0000] {dag.py:3947} INFO - Setting next_dagrun for flights_ops_medallion_pipe to 2026-04-28 05:00:00+00:00, run_after=2026-04-28 05:30:00+00:00
[2026-04-28T05:10:03.887+0000] {processor.py:183} INFO - Processing /opt/airflow/dags/flight-pipeline.py took 1.271 seconds
[2026-04-28T05:10:34.135+0000] {processor.py:161} INFO - Started process (PID=4210) to work on /opt/airflow/dags/flight-pipeline.py
[2026-04-28T05:10:34.137+0000] {processor.py:830} INFO - Processing file /opt/airflow/dags/flight-pipeline.py for tasks to queue
[2026-04-28T05:10:34.138+0000] {logging_mixin.py:188} INFO - [2026-04-28T05:10:34.138+0000] {dagbag.py:545} INFO - Filling up the DagBag from /opt/airflow/dags/flight-pipeline.py
[2026-04-28T05:10:35.094+0000] {processor.py:840} INFO - DAG(s) 'flights_ops_medallion_pipe' retrieved from /opt/airflow/dags/flight-pipeline.py
[2026-04-28T05:10:35.135+0000] {logging_mixin.py:188} INFO - [2026-04-28T05:10:35.135+0000] {dag.py:3089} INFO - Sync 1 DAGs
[2026-04-28T05:10:35.157+0000] {logging_mixin.py:188} INFO - [2026-04-28T05:10:35.157+0000] {dag.py:3947} INFO - Setting next_dagrun for flights_ops_medallion_pipe to 2026-04-28 05:00:00+00:00, run_after=2026-04-28 05:30:00+00:00
[2026-04-28T05:10:35.179+0000] {processor.py:183} INFO - Processing /opt/airflow/dags/flight-pipeline.py took 1.053 seconds
[2026-04-28T05:11:05.380+0000] {processor.py:161} INFO - Started process (PID=4213) to work on /opt/airflow/dags/flight-pipeline.py
[2026-04-28T05:11:05.383+0000] {processor.py:830} INFO - Processing file /opt/airflow/dags/flight-pipeline.py for tasks to queue
[2026-04-28T05:11:05.386+0000] {logging_mixin.py:188} INFO - [2026-04-28T05:11:05.385+0000] {dagbag.py:545} INFO - Filling up the DagBag from /opt/airflow/dags/flight-pipeline.py
[2026-04-28T05:11:06.463+0000] {processor.py:840} INFO - DAG(s) 'flights_ops_medallion_pipe' retrieved from /opt/airflow/dags/flight-pipeline.py
[2026-04-28T05:11:06.495+0000] {logging_mixin.py:188} INFO - [2026-04-28T05:11:06.494+0000] {dag.py:3089} INFO - Sync 1 DAGs
[2026-04-28T05:11:06.515+0000] {logging_mixin.py:188} INFO - [2026-04-28T05:11:06.514+0000] {dag.py:3947} INFO - Setting next_dagrun for flights_ops_medallion_pipe to 2026-04-28 05:00:00+00:00, run_after=2026-04-28 05:30:00+00:00
[2026-04-28T05:11:06.532+0000] {processor.py:183} INFO - Processing /opt/airflow/dags/flight-pipeline.py took 1.159 seconds
[2026-04-28T05:11:36.646+0000] {processor.py:161} INFO - Started process (PID=4216) to work on /opt/airflow/dags/flight-pipeline.py
[2026-04-28T05:11:36.648+0000] {processor.py:830} INFO - Processing file /opt/airflow/dags/flight-pipeline.py for tasks to queue
[2026-04-28T05:11:36.649+0000] {logging_mixin.py:188} INFO - [2026-04-28T05:11:36.649+0000] {dagbag.py:545} INFO - Filling up the DagBag from /opt/airflow/dags/flight-pipeline.py
[2026-04-28T05:11:37.539+0000] {processor.py:840} INFO - DAG(s) 'flights_ops_medallion_pipe' retrieved from /opt/airflow/dags/flight-pipeline.py
[2026-04-28T05:11:37.572+0000] {logging_mixin.py:188} INFO - [2026-04-28T05:11:37.572+0000] {dag.py:3089} INFO - Sync 1 DAGs
[2026-04-28T05:11:37.595+0000] {logging_mixin.py:188} INFO - [2026-04-28T05:11:37.595+0000] {dag.py:3947} INFO - Setting next_dagrun for flights_ops_medallion_pipe to 2026-04-28 05:00:00+00:00, run_after=2026-04-28 05:30:00+00:00
[2026-04-28T05:11:37.614+0000] {processor.py:183} INFO - Processing /opt/airflow/dags/flight-pipeline.py took 0.978 seconds
[2026-04-28T05:12:08.063+0000] {processor.py:161} INFO - Started process (PID=4219) to work on /opt/airflow/dags/flight-pipeline.py
[2026-04-28T05:12:08.070+0000] {processor.py:830} INFO - Processing file /opt/airflow/dags/flight-pipeline.py for tasks to queue
[2026-04-28T05:12:08.071+0000] {logging_mixin.py:188} INFO - [2026-04-28T05:12:08.071+0000] {dagbag.py:545} INFO - Filling up the DagBag from /opt/airflow/dags/flight-pipeline.py
[2026-04-28T05:12:09.043+0000] {processor.py:840} INFO - DAG(s) 'flights_ops_medallion_pipe' retrieved from /opt/airflow/dags/flight-pipeline.py
[2026-04-28T05:12:09.076+0000] {logging_mixin.py:188} INFO - [2026-04-28T05:12:09.076+0000] {dag.py:3089} INFO - Sync 1 DAGs
[2026-04-28T05:12:09.097+0000] {logging_mixin.py:188} INFO - [2026-04-28T05:12:09.096+0000] {dag.py:3947} INFO - Setting next_dagrun for flights_ops_medallion_pipe to 2026-04-28 05:00:00+00:00, run_after=2026-04-28 05:30:00+00:00
[2026-04-28T05:12:09.113+0000] {processor.py:183} INFO - Processing /opt/airflow/dags/flight-pipeline.py took 1.060 seconds
[2026-04-28T05:12:39.359+0000] {processor.py:161} INFO - Started process (PID=4222) to work on /opt/airflow/dags/flight-pipeline.py
[2026-04-28T05:12:39.361+0000] {processor.py:830} INFO - Processing file /opt/airflow/dags/flight-pipeline.py for tasks to queue
[2026-04-28T05:12:39.362+0000] {logging_mixin.py:188} INFO - [2026-04-28T05:12:39.362+0000] {dagbag.py:545} INFO - Filling up the DagBag from /opt/airflow/dags/flight-pipeline.py
[2026-04-28T05:12:40.240+0000] {processor.py:840} INFO - DAG(s) 'flights_ops_medallion_pipe' retrieved from /opt/airflow/dags/flight-pipeline.py
[2026-04-28T05:12:40.271+0000] {logging_mixin.py:188} INFO - [2026-04-28T05:12:40.271+0000] {dag.py:3089} INFO - Sync 1 DAGs
[2026-04-28T05:12:40.292+0000] {logging_mixin.py:188} INFO - [2026-04-28T05:12:40.292+0000] {dag.py:3947} INFO - Setting next_dagrun for flights_ops_medallion_pipe to 2026-04-28 05:00:00+00:00, run_after=2026-04-28 05:30:00+00:00
[2026-04-28T05:12:40.309+0000] {processor.py:183} INFO - Processing /opt/airflow/dags/flight-pipeline.py took 0.958 seconds
[2026-04-28T05:13:10.693+0000] {processor.py:161} INFO - Started process (PID=4225) to work on /opt/airflow/dags/flight-pipeline.py
[2026-04-28T05:13:10.696+0000] {processor.py:830} INFO - Processing file /opt/airflow/dags/flight-pipeline.py for tasks to queue
[2026-04-28T05:13:10.697+0000] {logging_mixin.py:188} INFO - [2026-04-28T05:13:10.697+0000] {dagbag.py:545} INFO - Filling up the DagBag from /opt/airflow/dags/flight-pipeline.py
[2026-04-28T05:13:11.669+0000] {processor.py:840} INFO - DAG(s) 'flights_ops_medallion_pipe' retrieved from /opt/airflow/dags/flight-pipeline.py
[2026-04-28T05:13:11.712+0000] {logging_mixin.py:188} INFO - [2026-04-28T05:13:11.711+0000] {dag.py:3089} INFO - Sync 1 DAGs
[2026-04-28T05:13:11.731+0000] {logging_mixin.py:188} INFO - [2026-04-28T05:13:11.731+0000] {dag.py:3947} INFO - Setting next_dagrun for flights_ops_medallion_pipe to 2026-04-28 05:00:00+00:00, run_after=2026-04-28 05:30:00+00:00
[2026-04-28T05:13:11.748+0000] {processor.py:183} INFO - Processing /opt/airflow/dags/flight-pipeline.py took 1.064 seconds
[2026-04-28T05:13:41.866+0000] {processor.py:161} INFO - Started process (PID=4228) to work on /opt/airflow/dags/flight-pipeline.py
[2026-04-28T05:13:41.868+0000] {processor.py:830} INFO - Processing file /opt/airflow/dags/flight-pipeline.py for tasks to queue
[2026-04-28T05:13:41.869+0000] {logging_mixin.py:188} INFO - [2026-04-28T05:13:41.869+0000] {dagbag.py:545} INFO - Filling up the DagBag from /opt/airflow/dags/flight-pipeline.py
[2026-04-28T05:13:42.803+0000] {processor.py:840} INFO - DAG(s) 'flights_ops_medallion_pipe' retrieved from /opt/airflow/dags/flight-pipeline.py
[2026-04-28T05:13:42.837+0000] {logging_mixin.py:188} INFO - [2026-04-28T05:13:42.837+0000] {dag.py:3089} INFO - Sync 1 DAGs
[2026-04-28T05:13:42.864+0000] {logging_mixin.py:188} INFO - [2026-04-28T05:13:42.863+0000] {dag.py:3947} INFO - Setting next_dagrun for flights_ops_medallion_pipe to 2026-04-28 05:00:00+00:00, run_after=2026-04-28 05:30:00+00:00
[2026-04-28T05:13:42.887+0000] {processor.py:183} INFO - Processing /opt/airflow/dags/flight-pipeline.py took 1.032 seconds
[2026-04-28T05:14:13.164+0000] {processor.py:161} INFO - Started process (PID=4231) to work on /opt/airflow/dags/flight-pipeline.py
[2026-04-28T05:14:13.166+0000] {processor.py:830} INFO - Processing file /opt/airflow/dags/flight-pipeline.py for tasks to queue
[2026-04-28T05:14:13.167+0000] {logging_mixin.py:188} INFO - [2026-04-28T05:14:13.167+0000] {dagbag.py:545} INFO - Filling up the DagBag from /opt/airflow/dags/flight-pipeline.py
[2026-04-28T05:14:14.087+0000] {processor.py:840} INFO - DAG(s) 'flights_ops_medallion_pipe' retrieved from /opt/airflow/dags/flight-pipeline.py
[2026-04-28T05:14:14.121+0000] {logging_mixin.py:188} INFO - [2026-04-28T05:14:14.121+0000] {dag.py:3089} INFO - Sync 1 DAGs
[2026-04-28T05:14:14.146+0000] {logging_mixin.py:188} INFO - [2026-04-28T05:14:14.146+0000] {dag.py:3947} INFO - Setting next_dagrun for flights_ops_medallion_pipe to 2026-04-28 05:00:00+00:00, run_after=2026-04-28 05:30:00+00:00
[2026-04-28T05:14:14.168+0000] {processor.py:183} INFO - Processing /opt/airflow/dags/flight-pipeline.py took 1.013 seconds
[2026-04-28T05:14:44.405+0000] {processor.py:161} INFO - Started process (PID=4234) to work on /opt/airflow/dags/flight-pipeline.py
[2026-04-28T05:14:44.410+0000] {processor.py:830} INFO - Processing file /opt/airflow/dags/flight-pipeline.py for tasks to queue
[2026-04-28T05:14:44.412+0000] {logging_mixin.py:188} INFO - [2026-04-28T05:14:44.412+0000] {dagbag.py:545} INFO - Filling up the DagBag from /opt/airflow/dags/flight-pipeline.py
[2026-04-28T05:14:45.294+0000] {processor.py:840} INFO - DAG(s) 'flights_ops_medallion_pipe' retrieved from /opt/airflow/dags/flight-pipeline.py
[2026-04-28T05:14:45.326+0000] {logging_mixin.py:188} INFO - [2026-04-28T05:14:45.325+0000] {dag.py:3089} INFO - Sync 1 DAGs
[2026-04-28T05:14:45.347+0000] {logging_mixin.py:188} INFO - [2026-04-28T05:14:45.346+0000] {dag.py:3947} INFO - Setting next_dagrun for flights_ops_medallion_pipe to 2026-04-28 05:00:00+00:00, run_after=2026-04-28 05:30:00+00:00
[2026-04-28T05:14:45.363+0000] {processor.py:183} INFO - Processing /opt/airflow/dags/flight-pipeline.py took 0.966 seconds
[2026-04-28T05:15:15.637+0000] {processor.py:161} INFO - Started process (PID=4237) to work on /opt/airflow/dags/flight-pipeline.py
[2026-04-28T05:15:15.641+0000] {processor.py:830} INFO - Processing file /opt/airflow/dags/flight-pipeline.py for tasks to queue
[2026-04-28T05:15:15.645+0000] {logging_mixin.py:188} INFO - [2026-04-28T05:15:15.644+0000] {dagbag.py:545} INFO - Filling up the DagBag from /opt/airflow/dags/flight-pipeline.py
[2026-04-28T05:15:16.530+0000] {processor.py:840} INFO - DAG(s) 'flights_ops_medallion_pipe' retrieved from /opt/airflow/dags/flight-pipeline.py
[2026-04-28T05:15:16.567+0000] {logging_mixin.py:188} INFO - [2026-04-28T05:15:16.566+0000] {dag.py:3089} INFO - Sync 1 DAGs
[2026-04-28T05:15:16.585+0000] {logging_mixin.py:188} INFO - [2026-04-28T05:15:16.585+0000] {dag.py:3947} INFO - Setting next_dagrun for flights_ops_medallion_pipe to 2026-04-28 05:00:00+00:00, run_after=2026-04-28 05:30:00+00:00
[2026-04-28T05:15:16.602+0000] {processor.py:183} INFO - Processing /opt/airflow/dags/flight-pipeline.py took 0.981 seconds
[2026-04-28T05:15:47.001+0000] {processor.py:161} INFO - Started process (PID=4240) to work on /opt/airflow/dags/flight-pipeline.py
[2026-04-28T05:15:47.003+0000] {processor.py:830} INFO - Processing file /opt/airflow/dags/flight-pipeline.py for tasks to queue
[2026-04-28T05:15:47.004+0000] {logging_mixin.py:188} INFO - [2026-04-28T05:15:47.004+0000] {dagbag.py:545} INFO - Filling up the DagBag from /opt/airflow/dags/flight-pipeline.py
[2026-04-28T05:15:48.152+0000] {processor.py:840} INFO - DAG(s) 'flights_ops_medallion_pipe' retrieved from /opt/airflow/dags/flight-pipeline.py
[2026-04-28T05:15:48.183+0000] {logging_mixin.py:188} INFO - [2026-04-28T05:15:48.183+0000] {dag.py:3089} INFO - Sync 1 DAGs
[2026-04-28T05:15:48.203+0000] {logging_mixin.py:188} INFO - [2026-04-28T05:15:48.202+0000] {dag.py:3947} INFO - Setting next_dagrun for flights_ops_medallion_pipe to 2026-04-28 05:00:00+00:00, run_after=2026-04-28 05:30:00+00:00
[2026-04-28T05:15:48.219+0000] {processor.py:183} INFO - Processing /opt/airflow/dags/flight-pipeline.py took 1.233 seconds
[2026-04-28T05:16:18.504+0000] {processor.py:161} INFO - Started process (PID=4243) to work on /opt/airflow/dags/flight-pipeline.py
[2026-04-28T05:16:18.507+0000] {processor.py:830} INFO - Processing file /opt/airflow/dags/flight-pipeline.py for tasks to queue
[2026-04-28T05:16:18.508+0000] {logging_mixin.py:188} INFO - [2026-04-28T05:16:18.508+0000] {dagbag.py:545} INFO - Filling up the DagBag from /opt/airflow/dags/flight-pipeline.py
[2026-04-28T05:16:19.612+0000] {processor.py:840} INFO - DAG(s) 'flights_ops_medallion_pipe' retrieved from /opt/airflow/dags/flight-pipeline.py
[2026-04-28T05:16:19.668+0000] {logging_mixin.py:188} INFO - [2026-04-28T05:16:19.667+0000] {dag.py:3089} INFO - Sync 1 DAGs
[2026-04-28T05:16:19.693+0000] {logging_mixin.py:188} INFO - [2026-04-28T05:16:19.693+0000] {dag.py:3947} INFO - Setting next_dagrun for flights_ops_medallion_pipe to 2026-04-28 05:00:00+00:00, run_after=2026-04-28 05:30:00+00:00
[2026-04-28T05:16:19.717+0000] {processor.py:183} INFO - Processing /opt/airflow/dags/flight-pipeline.py took 1.222 seconds
[2026-04-28T05:16:49.983+0000] {processor.py:161} INFO - Started process (PID=4246) to work on /opt/airflow/dags/flight-pipeline.py
[2026-04-28T05:16:49.988+0000] {processor.py:830} INFO - Processing file /opt/airflow/dags/flight-pipeline.py for tasks to queue
[2026-04-28T05:16:49.989+0000] {logging_mixin.py:188} INFO - [2026-04-28T05:16:49.989+0000] {dagbag.py:545} INFO - Filling up the DagBag from /opt/airflow/dags/flight-pipeline.py
[2026-04-28T05:16:51.392+0000] {processor.py:840} INFO - DAG(s) 'flights_ops_medallion_pipe' retrieved from /opt/airflow/dags/flight-pipeline.py
[2026-04-28T05:16:51.442+0000] {logging_mixin.py:188} INFO - [2026-04-28T05:16:51.441+0000] {dag.py:3089} INFO - Sync 1 DAGs
[2026-04-28T05:16:51.468+0000] {logging_mixin.py:188} INFO - [2026-04-28T05:16:51.467+0000] {dag.py:3947} INFO - Setting next_dagrun for flights_ops_medallion_pipe to 2026-04-28 05:00:00+00:00, run_after=2026-04-28 05:30:00+00:00
[2026-04-28T05:16:51.508+0000] {processor.py:183} INFO - Processing /opt/airflow/dags/flight-pipeline.py took 1.540 seconds
[2026-04-28T05:17:21.760+0000] {processor.py:161} INFO - Started process (PID=4249) to work on /opt/airflow/dags/flight-pipeline.py
[2026-04-28T05:17:21.763+0000] {processor.py:830} INFO - Processing file /opt/airflow/dags/flight-pipeline.py for tasks to queue
[2026-04-28T05:17:21.764+0000] {logging_mixin.py:188} INFO - [2026-04-28T05:17:21.764+0000] {dagbag.py:545} INFO - Filling up the DagBag from /opt/airflow/dags/flight-pipeline.py
[2026-04-28T05:17:22.921+0000] {processor.py:840} INFO - DAG(s) 'flights_ops_medallion_pipe' retrieved from /opt/airflow/dags/flight-pipeline.py
[2026-04-28T05:17:22.953+0000] {logging_mixin.py:188} INFO - [2026-04-28T05:17:22.952+0000] {dag.py:3089} INFO - Sync 1 DAGs
[2026-04-28T05:17:22.978+0000] {logging_mixin.py:188} INFO - [2026-04-28T05:17:22.978+0000] {dag.py:3947} INFO - Setting next_dagrun for flights_ops_medallion_pipe to 2026-04-28 05:00:00+00:00, run_after=2026-04-28 05:30:00+00:00
[2026-04-28T05:17:22.997+0000] {processor.py:183} INFO - Processing /opt/airflow/dags/flight-pipeline.py took 1.246 seconds
[2026-04-28T05:17:53.233+0000] {processor.py:161} INFO - Started process (PID=4252) to work on /opt/airflow/dags/flight-pipeline.py
[2026-04-28T05:17:53.235+0000] {processor.py:830} INFO - Processing file /opt/airflow/dags/flight-pipeline.py for tasks to queue
[2026-04-28T05:17:53.236+0000] {logging_mixin.py:188} INFO - [2026-04-28T05:17:53.235+0000] {dagbag.py:545} INFO - Filling up the DagBag from /opt/airflow/dags/flight-pipeline.py
[2026-04-28T05:17:54.245+0000] {processor.py:840} INFO - DAG(s) 'flights_ops_medallion_pipe' retrieved from /opt/airflow/dags/flight-pipeline.py
[2026-04-28T05:17:54.278+0000] {logging_mixin.py:188} INFO - [2026-04-28T05:17:54.277+0000] {dag.py:3089} INFO - Sync 1 DAGs
[2026-04-28T05:17:54.299+0000] {logging_mixin.py:188} INFO - [2026-04-28T05:17:54.299+0000] {dag.py:3947} INFO - Setting next_dagrun for flights_ops_medallion_pipe to 2026-04-28 05:00:00+00:00, run_after=2026-04-28 05:30:00+00:00
[2026-04-28T05:17:54.318+0000] {processor.py:183} INFO - Processing /opt/airflow/dags/flight-pipeline.py took 1.093 seconds
[2026-04-28T05:18:24.491+0000] {processor.py:161} INFO - Started process (PID=4255) to work on /opt/airflow/dags/flight-pipeline.py
[2026-04-28T05:18:24.493+0000] {processor.py:830} INFO - Processing file /opt/airflow/dags/flight-pipeline.py for tasks to queue
[2026-04-28T05:18:24.494+0000] {logging_mixin.py:188} INFO - [2026-04-28T05:18:24.494+0000] {dagbag.py:545} INFO - Filling up the DagBag from /opt/airflow/dags/flight-pipeline.py
[2026-04-28T05:18:25.845+0000] {processor.py:840} INFO - DAG(s) 'flights_ops_medallion_pipe' retrieved from /opt/airflow/dags/flight-pipeline.py
[2026-04-28T05:18:25.884+0000] {logging_mixin.py:188} INFO - [2026-04-28T05:18:25.884+0000] {dag.py:3089} INFO - Sync 1 DAGs
[2026-04-28T05:18:25.908+0000] {logging_mixin.py:188} INFO - [2026-04-28T05:18:25.908+0000] {dag.py:3947} INFO - Setting next_dagrun for flights_ops_medallion_pipe to 2026-04-28 05:00:00+00:00, run_after=2026-04-28 05:30:00+00:00
[2026-04-28T05:18:25.933+0000] {processor.py:183} INFO - Processing /opt/airflow/dags/flight-pipeline.py took 1.450 seconds
[2026-04-28T05:18:56.023+0000] {processor.py:161} INFO - Started process (PID=4258) to work on /opt/airflow/dags/flight-pipeline.py
[2026-04-28T05:18:56.025+0000] {processor.py:830} INFO - Processing file /opt/airflow/dags/flight-pipeline.py for tasks to queue
[2026-04-28T05:18:56.027+0000] {logging_mixin.py:188} INFO - [2026-04-28T05:18:56.026+0000] {dagbag.py:545} INFO - Filling up the DagBag from /opt/airflow/dags/flight-pipeline.py
[2026-04-28T05:18:56.834+0000] {processor.py:840} INFO - DAG(s) 'flights_ops_medallion_pipe' retrieved from /opt/airflow/dags/flight-pipeline.py
[2026-04-28T05:18:56.861+0000] {logging_mixin.py:188} INFO - [2026-04-28T05:18:56.861+0000] {dag.py:3089} INFO - Sync 1 DAGs
[2026-04-28T05:18:56.880+0000] {logging_mixin.py:188} INFO - [2026-04-28T05:18:56.880+0000] {dag.py:3947} INFO - Setting next_dagrun for flights_ops_medallion_pipe to 2026-04-28 05:00:00+00:00, run_after=2026-04-28 05:30:00+00:00
[2026-04-28T05:18:56.896+0000] {processor.py:183} INFO - Processing /opt/airflow/dags/flight-pipeline.py took 0.882 seconds
[2026-04-28T05:19:27.166+0000] {processor.py:161} INFO - Started process (PID=4261) to work on /opt/airflow/dags/flight-pipeline.py
[2026-04-28T05:19:27.194+0000] {processor.py:830} INFO - Processing file /opt/airflow/dags/flight-pipeline.py for tasks to queue
[2026-04-28T05:19:27.199+0000] {logging_mixin.py:188} INFO - [2026-04-28T05:19:27.198+0000] {dagbag.py:545} INFO - Filling up the DagBag from /opt/airflow/dags/flight-pipeline.py
[2026-04-28T05:19:31.778+0000] {processor.py:840} INFO - DAG(s) 'flights_ops_medallion_pipe' retrieved from /opt/airflow/dags/flight-pipeline.py
[2026-04-28T05:19:31.960+0000] {logging_mixin.py:188} INFO - [2026-04-28T05:19:31.959+0000] {dag.py:3089} INFO - Sync 1 DAGs
[2026-04-28T05:19:32.041+0000] {logging_mixin.py:188} INFO - [2026-04-28T05:19:32.041+0000] {dag.py:3947} INFO - Setting next_dagrun for flights_ops_medallion_pipe to 2026-04-28 05:00:00+00:00, run_after=2026-04-28 05:30:00+00:00
[2026-04-28T05:19:32.076+0000] {processor.py:183} INFO - Processing /opt/airflow/dags/flight-pipeline.py took 4.947 seconds
[2026-04-28T05:20:02.360+0000] {processor.py:161} INFO - Started process (PID=4264) to work on /opt/airflow/dags/flight-pipeline.py
[2026-04-28T05:20:02.362+0000] {processor.py:830} INFO - Processing file /opt/airflow/dags/flight-pipeline.py for tasks to queue
[2026-04-28T05:20:02.364+0000] {logging_mixin.py:188} INFO - [2026-04-28T05:20:02.363+0000] {dagbag.py:545} INFO - Filling up the DagBag from /opt/airflow/dags/flight-pipeline.py
[2026-04-28T05:20:03.323+0000] {processor.py:840} INFO - DAG(s) 'flights_ops_medallion_pipe' retrieved from /opt/airflow/dags/flight-pipeline.py
[2026-04-28T05:20:03.356+0000] {logging_mixin.py:188} INFO - [2026-04-28T05:20:03.356+0000] {dag.py:3089} INFO - Sync 1 DAGs
[2026-04-28T05:20:03.378+0000] {logging_mixin.py:188} INFO - [2026-04-28T05:20:03.378+0000] {dag.py:3947} INFO - Setting next_dagrun for flights_ops_medallion_pipe to 2026-04-28 05:00:00+00:00, run_after=2026-04-28 05:30:00+00:00
[2026-04-28T05:20:03.396+0000] {processor.py:183} INFO - Processing /opt/airflow/dags/flight-pipeline.py took 1.051 seconds
[2026-04-28T05:20:33.666+0000] {processor.py:161} INFO - Started process (PID=4267) to work on /opt/airflow/dags/flight-pipeline.py
[2026-04-28T05:20:33.668+0000] {processor.py:830} INFO - Processing file /opt/airflow/dags/flight-pipeline.py for tasks to queue
[2026-04-28T05:20:33.670+0000] {logging_mixin.py:188} INFO - [2026-04-28T05:20:33.669+0000] {dagbag.py:545} INFO - Filling up the DagBag from /opt/airflow/dags/flight-pipeline.py
[2026-04-28T05:20:34.581+0000] {processor.py:840} INFO - DAG(s) 'flights_ops_medallion_pipe' retrieved from /opt/airflow/dags/flight-pipeline.py
[2026-04-28T05:20:34.613+0000] {logging_mixin.py:188} INFO - [2026-04-28T05:20:34.612+0000] {dag.py:3089} INFO - Sync 1 DAGs
[2026-04-28T05:20:34.639+0000] {logging_mixin.py:188} INFO - [2026-04-28T05:20:34.638+0000] {dag.py:3947} INFO - Setting next_dagrun for flights_ops_medallion_pipe to 2026-04-28 05:00:00+00:00, run_after=2026-04-28 05:30:00+00:00
[2026-04-28T05:20:34.662+0000] {processor.py:183} INFO - Processing /opt/airflow/dags/flight-pipeline.py took 1.005 seconds
[2026-04-28T05:21:04.911+0000] {processor.py:161} INFO - Started process (PID=4270) to work on /opt/airflow/dags/flight-pipeline.py
[2026-04-28T05:21:04.913+0000] {processor.py:830} INFO - Processing file /opt/airflow/dags/flight-pipeline.py for tasks to queue
[2026-04-28T05:21:04.914+0000] {logging_mixin.py:188} INFO - [2026-04-28T05:21:04.914+0000] {dagbag.py:545} INFO - Filling up the DagBag from /opt/airflow/dags/flight-pipeline.py
[2026-04-28T05:21:05.746+0000] {processor.py:840} INFO - DAG(s) 'flights_ops_medallion_pipe' retrieved from /opt/airflow/dags/flight-pipeline.py
[2026-04-28T05:21:05.780+0000] {logging_mixin.py:188} INFO - [2026-04-28T05:21:05.779+0000] {dag.py:3089} INFO - Sync 1 DAGs
[2026-04-28T05:21:05.802+0000] {logging_mixin.py:188} INFO - [2026-04-28T05:21:05.802+0000] {dag.py:3947} INFO - Setting next_dagrun for flights_ops_medallion_pipe to 2026-04-28 05:00:00+00:00, run_after=2026-04-28 05:30:00+00:00
[2026-04-28T05:21:05.820+0000] {processor.py:183} INFO - Processing /opt/airflow/dags/flight-pipeline.py took 0.916 seconds
[2026-04-28T05:21:36.118+0000] {processor.py:161} INFO - Started process (PID=4273) to work on /opt/airflow/dags/flight-pipeline.py
[2026-04-28T05:21:36.138+0000] {processor.py:830} INFO - Processing file /opt/airflow/dags/flight-pipeline.py for tasks to queue
[2026-04-28T05:21:36.142+0000] {logging_mixin.py:188} INFO - [2026-04-28T05:21:36.141+0000] {dagbag.py:545} INFO - Filling up the DagBag from /opt/airflow/dags/flight-pipeline.py
[2026-04-28T05:21:37.119+0000] {processor.py:840} INFO - DAG(s) 'flights_ops_medallion_pipe' retrieved from /opt/airflow/dags/flight-pipeline.py
[2026-04-28T05:21:37.161+0000] {logging_mixin.py:188} INFO - [2026-04-28T05:21:37.160+0000] {dag.py:3089} INFO - Sync 1 DAGs
[2026-04-28T05:21:37.190+0000] {logging_mixin.py:188} INFO - [2026-04-28T05:21:37.190+0000] {dag.py:3947} INFO - Setting next_dagrun for flights_ops_medallion_pipe to 2026-04-28 05:00:00+00:00, run_after=2026-04-28 05:30:00+00:00
[2026-04-28T05:21:37.214+0000] {processor.py:183} INFO - Processing /opt/airflow/dags/flight-pipeline.py took 1.113 seconds
[2026-04-28T05:22:07.422+0000] {processor.py:161} INFO - Started process (PID=4276) to work on /opt/airflow/dags/flight-pipeline.py
[2026-04-28T05:22:07.425+0000] {processor.py:830} INFO - Processing file /opt/airflow/dags/flight-pipeline.py for tasks to queue
[2026-04-28T05:22:07.430+0000] {logging_mixin.py:188} INFO - [2026-04-28T05:22:07.426+0000] {dagbag.py:545} INFO - Filling up the DagBag from /opt/airflow/dags/flight-pipeline.py
[2026-04-28T05:22:08.395+0000] {processor.py:840} INFO - DAG(s) 'flights_ops_medallion_pipe' retrieved from /opt/airflow/dags/flight-pipeline.py
[2026-04-28T05:22:08.430+0000] {logging_mixin.py:188} INFO - [2026-04-28T05:22:08.429+0000] {dag.py:3089} INFO - Sync 1 DAGs
[2026-04-28T05:22:08.453+0000] {logging_mixin.py:188} INFO - [2026-04-28T05:22:08.453+0000] {dag.py:3947} INFO - Setting next_dagrun for flights_ops_medallion_pipe to 2026-04-28 05:00:00+00:00, run_after=2026-04-28 05:30:00+00:00
[2026-04-28T05:22:08.473+0000] {processor.py:183} INFO - Processing /opt/airflow/dags/flight-pipeline.py took 1.061 seconds
[2026-04-28T05:22:38.726+0000] {processor.py:161} INFO - Started process (PID=4279) to work on /opt/airflow/dags/flight-pipeline.py
[2026-04-28T05:22:38.728+0000] {processor.py:830} INFO - Processing file /opt/airflow/dags/flight-pipeline.py for tasks to queue
[2026-04-28T05:22:38.730+0000] {logging_mixin.py:188} INFO - [2026-04-28T05:22:38.729+0000] {dagbag.py:545} INFO - Filling up the DagBag from /opt/airflow/dags/flight-pipeline.py
[2026-04-28T05:22:39.959+0000] {processor.py:840} INFO - DAG(s) 'flights_ops_medallion_pipe' retrieved from /opt/airflow/dags/flight-pipeline.py
[2026-04-28T05:22:39.998+0000] {logging_mixin.py:188} INFO - [2026-04-28T05:22:39.997+0000] {dag.py:3089} INFO - Sync 1 DAGs
[2026-04-28T05:22:40.042+0000] {logging_mixin.py:188} INFO - [2026-04-28T05:22:40.041+0000] {dag.py:3947} INFO - Setting next_dagrun for flights_ops_medallion_pipe to 2026-04-28 05:00:00+00:00, run_after=2026-04-28 05:30:00+00:00
[2026-04-28T05:22:40.074+0000] {processor.py:183} INFO - Processing /opt/airflow/dags/flight-pipeline.py took 1.354 seconds
[2026-04-28T05:23:10.356+0000] {processor.py:161} INFO - Started process (PID=4282) to work on /opt/airflow/dags/flight-pipeline.py
[2026-04-28T05:23:10.363+0000] {processor.py:830} INFO - Processing file /opt/airflow/dags/flight-pipeline.py for tasks to queue
[2026-04-28T05:23:10.388+0000] {logging_mixin.py:188} INFO - [2026-04-28T05:23:10.377+0000] {dagbag.py:545} INFO - Filling up the DagBag from /opt/airflow/dags/flight-pipeline.py
[2026-04-28T05:23:12.141+0000] {processor.py:840} INFO - DAG(s) 'flights_ops_medallion_pipe' retrieved from /opt/airflow/dags/flight-pipeline.py
[2026-04-28T05:23:12.187+0000] {logging_mixin.py:188} INFO - [2026-04-28T05:23:12.186+0000] {dag.py:3089} INFO - Sync 1 DAGs
[2026-04-28T05:23:12.219+0000] {logging_mixin.py:188} INFO - [2026-04-28T05:23:12.219+0000] {dag.py:3947} INFO - Setting next_dagrun for flights_ops_medallion_pipe to 2026-04-28 05:00:00+00:00, run_after=2026-04-28 05:30:00+00:00
[2026-04-28T05:23:12.251+0000] {processor.py:183} INFO - Processing /opt/airflow/dags/flight-pipeline.py took 1.914 seconds
[2026-04-28T05:23:42.494+0000] {processor.py:161} INFO - Started process (PID=4285) to work on /opt/airflow/dags/flight-pipeline.py
[2026-04-28T05:23:42.496+0000] {processor.py:830} INFO - Processing file /opt/airflow/dags/flight-pipeline.py for tasks to queue
[2026-04-28T05:23:42.497+0000] {logging_mixin.py:188} INFO - [2026-04-28T05:23:42.497+0000] {dagbag.py:545} INFO - Filling up the DagBag from /opt/airflow/dags/flight-pipeline.py
[2026-04-28T05:23:44.198+0000] {processor.py:840} INFO - DAG(s) 'flights_ops_medallion_pipe' retrieved from /opt/airflow/dags/flight-pipeline.py
[2026-04-28T05:23:44.247+0000] {logging_mixin.py:188} INFO - [2026-04-28T05:23:44.246+0000] {dag.py:3089} INFO - Sync 1 DAGs
[2026-04-28T05:23:44.270+0000] {logging_mixin.py:188} INFO - [2026-04-28T05:23:44.269+0000] {dag.py:3947} INFO - Setting next_dagrun for flights_ops_medallion_pipe to 2026-04-28 05:00:00+00:00, run_after=2026-04-28 05:30:00+00:00
[2026-04-28T05:23:44.294+0000] {processor.py:183} INFO - Processing /opt/airflow/dags/flight-pipeline.py took 1.810 seconds
[2026-04-28T05:24:14.445+0000] {processor.py:161} INFO - Started process (PID=4288) to work on /opt/airflow/dags/flight-pipeline.py
[2026-04-28T05:24:14.449+0000] {processor.py:830} INFO - Processing file /opt/airflow/dags/flight-pipeline.py for tasks to queue
[2026-04-28T05:24:14.451+0000] {logging_mixin.py:188} INFO - [2026-04-28T05:24:14.450+0000] {dagbag.py:545} INFO - Filling up the DagBag from /opt/airflow/dags/flight-pipeline.py
[2026-04-28T05:24:15.355+0000] {processor.py:840} INFO - DAG(s) 'flights_ops_medallion_pipe' retrieved from /opt/airflow/dags/flight-pipeline.py
[2026-04-28T05:24:15.389+0000] {logging_mixin.py:188} INFO - [2026-04-28T05:24:15.389+0000] {dag.py:3089} INFO - Sync 1 DAGs
[2026-04-28T05:24:15.409+0000] {logging_mixin.py:188} INFO - [2026-04-28T05:24:15.408+0000] {dag.py:3947} INFO - Setting next_dagrun for flights_ops_medallion_pipe to 2026-04-28 05:00:00+00:00, run_after=2026-04-28 05:30:00+00:00
[2026-04-28T05:24:15.426+0000] {processor.py:183} INFO - Processing /opt/airflow/dags/flight-pipeline.py took 0.988 seconds
[2026-04-28T05:24:45.708+0000] {processor.py:161} INFO - Started process (PID=4291) to work on /opt/airflow/dags/flight-pipeline.py
[2026-04-28T05:24:45.709+0000] {processor.py:830} INFO - Processing file /opt/airflow/dags/flight-pipeline.py for tasks to queue
[2026-04-28T05:24:45.711+0000] {logging_mixin.py:188} INFO - [2026-04-28T05:24:45.710+0000] {dagbag.py:545} INFO - Filling up the DagBag from /opt/airflow/dags/flight-pipeline.py
[2026-04-28T05:24:46.533+0000] {processor.py:840} INFO - DAG(s) 'flights_ops_medallion_pipe' retrieved from /opt/airflow/dags/flight-pipeline.py
[2026-04-28T05:24:46.563+0000] {logging_mixin.py:188} INFO - [2026-04-28T05:24:46.563+0000] {dag.py:3089} INFO - Sync 1 DAGs
[2026-04-28T05:24:46.583+0000] {logging_mixin.py:188} INFO - [2026-04-28T05:24:46.583+0000] {dag.py:3947} INFO - Setting next_dagrun for flights_ops_medallion_pipe to 2026-04-28 05:00:00+00:00, run_after=2026-04-28 05:30:00+00:00
[2026-04-28T05:24:46.601+0000] {processor.py:183} INFO - Processing /opt/airflow/dags/flight-pipeline.py took 0.900 seconds
[2026-04-28T05:25:17.570+0000] {processor.py:161} INFO - Started process (PID=4294) to work on /opt/airflow/dags/flight-pipeline.py
[2026-04-28T05:25:17.580+0000] {processor.py:830} INFO - Processing file /opt/airflow/dags/flight-pipeline.py for tasks to queue
[2026-04-28T05:25:17.587+0000] {logging_mixin.py:188} INFO - [2026-04-28T05:25:17.584+0000] {dagbag.py:545} INFO - Filling up the DagBag from /opt/airflow/dags/flight-pipeline.py
[2026-04-28T05:25:19.749+0000] {processor.py:840} INFO - DAG(s) 'flights_ops_medallion_pipe' retrieved from /opt/airflow/dags/flight-pipeline.py
[2026-04-28T05:25:19.808+0000] {logging_mixin.py:188} INFO - [2026-04-28T05:25:19.808+0000] {dag.py:3089} INFO - Sync 1 DAGs
[2026-04-28T05:25:19.839+0000] {logging_mixin.py:188} INFO - [2026-04-28T05:25:19.838+0000] {dag.py:3947} INFO - Setting next_dagrun for flights_ops_medallion_pipe to 2026-04-28 05:00:00+00:00, run_after=2026-04-28 05:30:00+00:00
[2026-04-28T05:25:19.860+0000] {processor.py:183} INFO - Processing /opt/airflow/dags/flight-pipeline.py took 2.350 seconds
[2026-04-28T05:25:50.870+0000] {processor.py:161} INFO - Started process (PID=4297) to work on /opt/airflow/dags/flight-pipeline.py
[2026-04-28T05:25:50.905+0000] {processor.py:830} INFO - Processing file /opt/airflow/dags/flight-pipeline.py for tasks to queue
[2026-04-28T05:25:50.941+0000] {logging_mixin.py:188} INFO - [2026-04-28T05:25:50.933+0000] {dagbag.py:545} INFO - Filling up the DagBag from /opt/airflow/dags/flight-pipeline.py
[2026-04-28T05:26:58.770+0000] {logging_mixin.py:188} INFO - [2026-04-28T05:26:58.743+0000] {timeout.py:68} ERROR - Process timed out, PID: 4297
[2026-04-28T05:27:34.177+0000] {processor.py:161} INFO - Started process (PID=4300) to work on /opt/airflow/dags/flight-pipeline.py
[2026-04-28T05:27:34.289+0000] {processor.py:830} INFO - Processing file /opt/airflow/dags/flight-pipeline.py for tasks to queue
[2026-04-28T05:27:34.369+0000] {logging_mixin.py:188} INFO - [2026-04-28T05:27:34.347+0000] {dagbag.py:545} INFO - Filling up the DagBag from /opt/airflow/dags/flight-pipeline.py
[2026-04-28T07:26:15.992+0000] {logging_mixin.py:188} INFO - [2026-04-28T07:26:15.987+0000] {timeout.py:68} ERROR - Process timed out, PID: 4300
[2026-04-28T09:02:02.283+0000] {processor.py:161} INFO - Started process (PID=4303) to work on /opt/airflow/dags/flight-pipeline.py
[2026-04-28T09:02:02.332+0000] {processor.py:830} INFO - Processing file /opt/airflow/dags/flight-pipeline.py for tasks to queue
[2026-04-28T09:02:02.594+0000] {logging_mixin.py:188} INFO - [2026-04-28T09:02:02.340+0000] {dagbag.py:545} INFO - Filling up the DagBag from /opt/airflow/dags/flight-pipeline.py
[2026-04-28T11:02:08.336+0000] {processor.py:161} INFO - Started process (PID=4306) to work on /opt/airflow/dags/flight-pipeline.py
[2026-04-28T11:02:08.376+0000] {processor.py:830} INFO - Processing file /opt/airflow/dags/flight-pipeline.py for tasks to queue
[2026-04-28T11:02:08.387+0000] {logging_mixin.py:188} INFO - [2026-04-28T11:02:08.383+0000] {dagbag.py:545} INFO - Filling up the DagBag from /opt/airflow/dags/flight-pipeline.py
[2026-04-28T13:24:14.606+0000] {processor.py:161} INFO - Started process (PID=4308) to work on /opt/airflow/dags/flight-pipeline.py
[2026-04-28T13:24:14.663+0000] {processor.py:830} INFO - Processing file /opt/airflow/dags/flight-pipeline.py for tasks to queue
[2026-04-28T13:24:14.847+0000] {logging_mixin.py:188} INFO - [2026-04-28T13:24:14.833+0000] {dagbag.py:545} INFO - Filling up the DagBag from /opt/airflow/dags/flight-pipeline.py
[2026-04-28T13:24:48.247+0000] {processor.py:161} INFO - Started process (PID=4309) to work on /opt/airflow/dags/flight-pipeline.py
[2026-04-28T13:24:48.350+0000] {processor.py:830} INFO - Processing file /opt/airflow/dags/flight-pipeline.py for tasks to queue
[2026-04-28T13:24:48.390+0000] {logging_mixin.py:188} INFO - [2026-04-28T13:24:48.380+0000] {dagbag.py:545} INFO - Filling up the DagBag from /opt/airflow/dags/flight-pipeline.py
[2026-04-28T14:25:15.787+0000] {logging_mixin.py:188} INFO - [2026-04-28T14:25:15.670+0000] {timeout.py:68} ERROR - Process timed out, PID: 4309
[2026-04-28T14:25:20.066+0000] {processor.py:161} INFO - Started process (PID=4313) to work on /opt/airflow/dags/flight-pipeline.py
[2026-04-28T14:25:20.070+0000] {processor.py:830} INFO - Processing file /opt/airflow/dags/flight-pipeline.py for tasks to queue
[2026-04-28T14:25:20.078+0000] {logging_mixin.py:188} INFO - [2026-04-28T14:25:20.073+0000] {dagbag.py:545} INFO - Filling up the DagBag from /opt/airflow/dags/flight-pipeline.py
[2026-04-28T14:25:23.328+0000] {processor.py:840} INFO - DAG(s) 'flights_ops_medallion_pipe' retrieved from /opt/airflow/dags/flight-pipeline.py
[2026-04-28T14:25:23.678+0000] {logging_mixin.py:188} INFO - [2026-04-28T14:25:23.677+0000] {dag.py:3089} INFO - Sync 1 DAGs
[2026-04-28T14:25:23.729+0000] {logging_mixin.py:188} INFO - [2026-04-28T14:25:23.728+0000] {dag.py:3947} INFO - Setting next_dagrun for flights_ops_medallion_pipe to 2026-04-28 13:30:00+00:00, run_after=2026-04-28 14:00:00+00:00
[2026-04-28T14:25:23.762+0000] {processor.py:183} INFO - Processing /opt/airflow/dags/flight-pipeline.py took 3.713 seconds
[2026-04-28T14:25:54.179+0000] {processor.py:161} INFO - Started process (PID=4317) to work on /opt/airflow/dags/flight-pipeline.py
[2026-04-28T14:25:54.200+0000] {processor.py:830} INFO - Processing file /opt/airflow/dags/flight-pipeline.py for tasks to queue
[2026-04-28T14:25:54.218+0000] {logging_mixin.py:188} INFO - [2026-04-28T14:25:54.213+0000] {dagbag.py:545} INFO - Filling up the DagBag from /opt/airflow/dags/flight-pipeline.py
[2026-04-28T15:26:17.549+0000] {logging_mixin.py:188} INFO - [2026-04-28T15:26:16.488+0000] {timeout.py:68} ERROR - Process timed out, PID: 4317
[2026-04-28T16:27:19.405+0000] {processor.py:161} INFO - Started process (PID=4330) to work on /opt/airflow/dags/flight-pipeline.py
[2026-04-28T16:27:19.408+0000] {processor.py:830} INFO - Processing file /opt/airflow/dags/flight-pipeline.py for tasks to queue
[2026-04-28T16:27:19.417+0000] {logging_mixin.py:188} INFO - [2026-04-28T16:27:19.413+0000] {dagbag.py:545} INFO - Filling up the DagBag from /opt/airflow/dags/flight-pipeline.py
[2026-04-28T16:27:21.250+0000] {processor.py:840} INFO - DAG(s) 'flights_ops_medallion_pipe' retrieved from /opt/airflow/dags/flight-pipeline.py
[2026-04-28T16:27:21.688+0000] {logging_mixin.py:188} INFO - [2026-04-28T16:27:21.688+0000] {dag.py:3089} INFO - Sync 1 DAGs
[2026-04-28T16:27:21.707+0000] {logging_mixin.py:188} INFO - [2026-04-28T16:27:21.707+0000] {dag.py:3947} INFO - Setting next_dagrun for flights_ops_medallion_pipe to 2026-04-28 15:30:00+00:00, run_after=2026-04-28 16:00:00+00:00
[2026-04-28T16:27:21.727+0000] {processor.py:183} INFO - Processing /opt/airflow/dags/flight-pipeline.py took 2.483 seconds
[2026-04-28T16:27:52.173+0000] {processor.py:161} INFO - Started process (PID=4352) to work on /opt/airflow/dags/flight-pipeline.py
[2026-04-28T16:27:52.219+0000] {processor.py:830} INFO - Processing file /opt/airflow/dags/flight-pipeline.py for tasks to queue
[2026-04-28T16:27:52.334+0000] {logging_mixin.py:188} INFO - [2026-04-28T16:27:52.246+0000] {dagbag.py:545} INFO - Filling up the DagBag from /opt/airflow/dags/flight-pipeline.py
[2026-04-28T17:15:05.443+0000] {logging_mixin.py:188} INFO - [2026-04-28T17:15:03.671+0000] {timeout.py:68} ERROR - Process timed out, PID: 4352
[2026-04-28T17:26:33.811+0000] {processor.py:161} INFO - Started process (PID=4369) to work on /opt/airflow/dags/flight-pipeline.py
[2026-04-28T17:26:33.825+0000] {processor.py:830} INFO - Processing file /opt/airflow/dags/flight-pipeline.py for tasks to queue
[2026-04-28T17:26:33.848+0000] {logging_mixin.py:188} INFO - [2026-04-28T17:26:33.847+0000] {dagbag.py:545} INFO - Filling up the DagBag from /opt/airflow/dags/flight-pipeline.py
[2026-04-28T17:26:36.310+0000] {processor.py:840} INFO - DAG(s) 'flights_ops_medallion_pipe' retrieved from /opt/airflow/dags/flight-pipeline.py
[2026-04-28T17:26:36.457+0000] {logging_mixin.py:188} INFO - [2026-04-28T17:26:36.456+0000] {dag.py:3089} INFO - Sync 1 DAGs
[2026-04-28T17:26:36.479+0000] {logging_mixin.py:188} INFO - [2026-04-28T17:26:36.478+0000] {dag.py:3947} INFO - Setting next_dagrun for flights_ops_medallion_pipe to 2026-04-28 16:30:00+00:00, run_after=2026-04-28 17:00:00+00:00
[2026-04-28T17:26:36.506+0000] {processor.py:183} INFO - Processing /opt/airflow/dags/flight-pipeline.py took 2.712 seconds
[2026-04-28T17:28:19.166+0000] {processor.py:161} INFO - Started process (PID=4384) to work on /opt/airflow/dags/flight-pipeline.py
[2026-04-28T17:28:19.173+0000] {processor.py:830} INFO - Processing file /opt/airflow/dags/flight-pipeline.py for tasks to queue
[2026-04-28T17:28:19.176+0000] {logging_mixin.py:188} INFO - [2026-04-28T17:28:19.175+0000] {dagbag.py:545} INFO - Filling up the DagBag from /opt/airflow/dags/flight-pipeline.py
[2026-04-28T17:28:22.906+0000] {processor.py:840} INFO - DAG(s) 'flights_ops_medallion_pipe' retrieved from /opt/airflow/dags/flight-pipeline.py
[2026-04-28T17:28:23.017+0000] {logging_mixin.py:188} INFO - [2026-04-28T17:28:23.017+0000] {dag.py:3089} INFO - Sync 1 DAGs
[2026-04-28T17:28:23.058+0000] {logging_mixin.py:188} INFO - [2026-04-28T17:28:23.058+0000] {dag.py:3947} INFO - Setting next_dagrun for flights_ops_medallion_pipe to 2026-04-28 16:30:00+00:00, run_after=2026-04-28 17:00:00+00:00
[2026-04-28T17:28:23.087+0000] {processor.py:183} INFO - Processing /opt/airflow/dags/flight-pipeline.py took 4.007 seconds
[2026-04-28T17:28:56.421+0000] {processor.py:161} INFO - Started process (PID=4387) to work on /opt/airflow/dags/flight-pipeline.py
[2026-04-28T17:28:56.459+0000] {processor.py:830} INFO - Processing file /opt/airflow/dags/flight-pipeline.py for tasks to queue
[2026-04-28T17:28:56.495+0000] {logging_mixin.py:188} INFO - [2026-04-28T17:28:56.478+0000] {dagbag.py:545} INFO - Filling up the DagBag from /opt/airflow/dags/flight-pipeline.py
[2026-04-28T18:29:23.606+0000] {logging_mixin.py:188} INFO - [2026-04-28T18:29:23.539+0000] {timeout.py:68} ERROR - Process timed out, PID: 4387
[2026-04-28T18:29:55.620+0000] {processor.py:161} INFO - Started process (PID=4390) to work on /opt/airflow/dags/flight-pipeline.py
[2026-04-28T18:29:55.654+0000] {processor.py:830} INFO - Processing file /opt/airflow/dags/flight-pipeline.py for tasks to queue
[2026-04-28T18:29:55.741+0000] {logging_mixin.py:188} INFO - [2026-04-28T18:29:55.713+0000] {dagbag.py:545} INFO - Filling up the DagBag from /opt/airflow/dags/flight-pipeline.py
[2026-04-28T19:30:29.368+0000] {logging_mixin.py:188} INFO - [2026-04-28T19:30:29.048+0000] {timeout.py:68} ERROR - Process timed out, PID: 4390
[2026-04-28T19:31:00.389+0000] {processor.py:161} INFO - Started process (PID=4393) to work on /opt/airflow/dags/flight-pipeline.py
[2026-04-28T19:31:00.394+0000] {processor.py:830} INFO - Processing file /opt/airflow/dags/flight-pipeline.py for tasks to queue
[2026-04-28T19:31:00.398+0000] {logging_mixin.py:188} INFO - [2026-04-28T19:31:00.396+0000] {dagbag.py:545} INFO - Filling up the DagBag from /opt/airflow/dags/flight-pipeline.py
[2026-04-28T19:31:02.182+0000] {processor.py:840} INFO - DAG(s) 'flights_ops_medallion_pipe' retrieved from /opt/airflow/dags/flight-pipeline.py
[2026-04-28T19:31:02.340+0000] {logging_mixin.py:188} INFO - [2026-04-28T19:31:02.340+0000] {dag.py:3089} INFO - Sync 1 DAGs
[2026-04-28T19:31:02.361+0000] {logging_mixin.py:188} INFO - [2026-04-28T19:31:02.361+0000] {dag.py:3947} INFO - Setting next_dagrun for flights_ops_medallion_pipe to 2026-04-28 19:00:00+00:00, run_after=2026-04-28 19:30:00+00:00
[2026-04-28T19:31:02.382+0000] {processor.py:183} INFO - Processing /opt/airflow/dags/flight-pipeline.py took 2.020 seconds
[2026-04-28T20:31:46.694+0000] {processor.py:161} INFO - Started process (PID=4417) to work on /opt/airflow/dags/flight-pipeline.py
[2026-04-28T20:31:46.704+0000] {processor.py:830} INFO - Processing file /opt/airflow/dags/flight-pipeline.py for tasks to queue
[2026-04-28T20:31:46.713+0000] {logging_mixin.py:188} INFO - [2026-04-28T20:31:46.710+0000] {dagbag.py:545} INFO - Filling up the DagBag from /opt/airflow/dags/flight-pipeline.py
[2026-04-28T20:31:49.752+0000] {processor.py:840} INFO - DAG(s) 'flights_ops_medallion_pipe' retrieved from /opt/airflow/dags/flight-pipeline.py
[2026-04-28T20:31:49.810+0000] {logging_mixin.py:188} INFO - [2026-04-28T20:31:49.809+0000] {dag.py:3089} INFO - Sync 1 DAGs
[2026-04-28T20:31:49.843+0000] {logging_mixin.py:188} INFO - [2026-04-28T20:31:49.843+0000] {dag.py:3947} INFO - Setting next_dagrun for flights_ops_medallion_pipe to 2026-04-28 20:00:00+00:00, run_after=2026-04-28 20:30:00+00:00
[2026-04-28T20:31:49.876+0000] {processor.py:183} INFO - Processing /opt/airflow/dags/flight-pipeline.py took 3.223 seconds
[2026-04-28T20:32:20.088+0000] {processor.py:161} INFO - Started process (PID=4476) to work on /opt/airflow/dags/flight-pipeline.py
[2026-04-28T20:32:20.091+0000] {processor.py:830} INFO - Processing file /opt/airflow/dags/flight-pipeline.py for tasks to queue
[2026-04-28T20:32:20.092+0000] {logging_mixin.py:188} INFO - [2026-04-28T20:32:20.092+0000] {dagbag.py:545} INFO - Filling up the DagBag from /opt/airflow/dags/flight-pipeline.py
[2026-04-28T20:32:21.165+0000] {processor.py:840} INFO - DAG(s) 'flights_ops_medallion_pipe' retrieved from /opt/airflow/dags/flight-pipeline.py
[2026-04-28T20:32:21.202+0000] {logging_mixin.py:188} INFO - [2026-04-28T20:32:21.202+0000] {dag.py:3089} INFO - Sync 1 DAGs
[2026-04-28T20:32:21.222+0000] {logging_mixin.py:188} INFO - [2026-04-28T20:32:21.222+0000] {dag.py:3947} INFO - Setting next_dagrun for flights_ops_medallion_pipe to 2026-04-28 20:30:00+00:00, run_after=2026-04-28 21:00:00+00:00
[2026-04-28T20:32:21.241+0000] {processor.py:183} INFO - Processing /opt/airflow/dags/flight-pipeline.py took 1.161 seconds
[2026-04-28T20:46:14.449+0000] {processor.py:161} INFO - Started process (PID=4479) to work on /opt/airflow/dags/flight-pipeline.py
[2026-04-28T20:46:14.460+0000] {processor.py:830} INFO - Processing file /opt/airflow/dags/flight-pipeline.py for tasks to queue
[2026-04-28T20:46:14.467+0000] {logging_mixin.py:188} INFO - [2026-04-28T20:46:14.464+0000] {dagbag.py:545} INFO - Filling up the DagBag from /opt/airflow/dags/flight-pipeline.py
[2026-04-28T20:46:20.215+0000] {processor.py:840} INFO - DAG(s) 'flights_ops_medallion_pipe' retrieved from /opt/airflow/dags/flight-pipeline.py
[2026-04-28T20:46:20.522+0000] {logging_mixin.py:188} INFO - [2026-04-28T20:46:20.519+0000] {dag.py:3089} INFO - Sync 1 DAGs
[2026-04-28T20:46:20.694+0000] {logging_mixin.py:188} INFO - [2026-04-28T20:46:20.693+0000] {dag.py:3947} INFO - Setting next_dagrun for flights_ops_medallion_pipe to 2026-04-28 20:30:00+00:00, run_after=2026-04-28 21:00:00+00:00
[2026-04-28T20:46:20.746+0000] {processor.py:183} INFO - Processing /opt/airflow/dags/flight-pipeline.py took 6.361 seconds
[2026-04-28T20:46:51.359+0000] {processor.py:161} INFO - Started process (PID=4482) to work on /opt/airflow/dags/flight-pipeline.py
[2026-04-28T20:46:51.363+0000] {processor.py:830} INFO - Processing file /opt/airflow/dags/flight-pipeline.py for tasks to queue
[2026-04-28T20:46:51.366+0000] {logging_mixin.py:188} INFO - [2026-04-28T20:46:51.365+0000] {dagbag.py:545} INFO - Filling up the DagBag from /opt/airflow/dags/flight-pipeline.py
[2026-04-28T20:46:52.519+0000] {processor.py:840} INFO - DAG(s) 'flights_ops_medallion_pipe' retrieved from /opt/airflow/dags/flight-pipeline.py
[2026-04-28T20:46:52.556+0000] {logging_mixin.py:188} INFO - [2026-04-28T20:46:52.556+0000] {dag.py:3089} INFO - Sync 1 DAGs
[2026-04-28T20:46:52.585+0000] {logging_mixin.py:188} INFO - [2026-04-28T20:46:52.585+0000] {dag.py:3947} INFO - Setting next_dagrun for flights_ops_medallion_pipe to 2026-04-28 20:30:00+00:00, run_after=2026-04-28 21:00:00+00:00
[2026-04-28T20:46:52.606+0000] {processor.py:183} INFO - Processing /opt/airflow/dags/flight-pipeline.py took 1.272 seconds
[2026-04-28T20:47:22.661+0000] {processor.py:161} INFO - Started process (PID=4485) to work on /opt/airflow/dags/flight-pipeline.py
[2026-04-28T20:47:22.663+0000] {processor.py:830} INFO - Processing file /opt/airflow/dags/flight-pipeline.py for tasks to queue
[2026-04-28T20:47:22.664+0000] {logging_mixin.py:188} INFO - [2026-04-28T20:47:22.664+0000] {dagbag.py:545} INFO - Filling up the DagBag from /opt/airflow/dags/flight-pipeline.py
[2026-04-28T20:47:23.810+0000] {processor.py:840} INFO - DAG(s) 'flights_ops_medallion_pipe' retrieved from /opt/airflow/dags/flight-pipeline.py
[2026-04-28T20:47:23.844+0000] {logging_mixin.py:188} INFO - [2026-04-28T20:47:23.844+0000] {dag.py:3089} INFO - Sync 1 DAGs
[2026-04-28T20:47:23.869+0000] {logging_mixin.py:188} INFO - [2026-04-28T20:47:23.868+0000] {dag.py:3947} INFO - Setting next_dagrun for flights_ops_medallion_pipe to 2026-04-28 20:30:00+00:00, run_after=2026-04-28 21:00:00+00:00
[2026-04-28T20:47:23.888+0000] {processor.py:183} INFO - Processing /opt/airflow/dags/flight-pipeline.py took 1.234 seconds
[2026-04-28T20:47:53.980+0000] {processor.py:161} INFO - Started process (PID=4488) to work on /opt/airflow/dags/flight-pipeline.py
[2026-04-28T20:47:53.982+0000] {processor.py:830} INFO - Processing file /opt/airflow/dags/flight-pipeline.py for tasks to queue
[2026-04-28T20:47:53.983+0000] {logging_mixin.py:188} INFO - [2026-04-28T20:47:53.983+0000] {dagbag.py:545} INFO - Filling up the DagBag from /opt/airflow/dags/flight-pipeline.py
[2026-04-28T20:47:54.767+0000] {processor.py:840} INFO - DAG(s) 'flights_ops_medallion_pipe' retrieved from /opt/airflow/dags/flight-pipeline.py
[2026-04-28T20:47:54.801+0000] {logging_mixin.py:188} INFO - [2026-04-28T20:47:54.800+0000] {dag.py:3089} INFO - Sync 1 DAGs
[2026-04-28T20:47:54.820+0000] {logging_mixin.py:188} INFO - [2026-04-28T20:47:54.820+0000] {dag.py:3947} INFO - Setting next_dagrun for flights_ops_medallion_pipe to 2026-04-28 20:30:00+00:00, run_after=2026-04-28 21:00:00+00:00
[2026-04-28T20:47:54.840+0000] {processor.py:183} INFO - Processing /opt/airflow/dags/flight-pipeline.py took 0.867 seconds
[2026-04-28T20:48:25.091+0000] {processor.py:161} INFO - Started process (PID=4492) to work on /opt/airflow/dags/flight-pipeline.py
[2026-04-28T20:48:25.095+0000] {processor.py:830} INFO - Processing file /opt/airflow/dags/flight-pipeline.py for tasks to queue
[2026-04-28T20:48:25.097+0000] {logging_mixin.py:188} INFO - [2026-04-28T20:48:25.096+0000] {dagbag.py:545} INFO - Filling up the DagBag from /opt/airflow/dags/flight-pipeline.py
[2026-04-28T20:48:26.157+0000] {processor.py:840} INFO - DAG(s) 'flights_ops_medallion_pipe' retrieved from /opt/airflow/dags/flight-pipeline.py
[2026-04-28T20:48:26.196+0000] {logging_mixin.py:188} INFO - [2026-04-28T20:48:26.195+0000] {dag.py:3089} INFO - Sync 1 DAGs
[2026-04-28T20:48:26.216+0000] {logging_mixin.py:188} INFO - [2026-04-28T20:48:26.215+0000] {dag.py:3947} INFO - Setting next_dagrun for flights_ops_medallion_pipe to 2026-04-28 20:30:00+00:00, run_after=2026-04-28 21:00:00+00:00
[2026-04-28T20:48:26.232+0000] {processor.py:183} INFO - Processing /opt/airflow/dags/flight-pipeline.py took 1.166 seconds
[2026-04-28T20:48:56.402+0000] {processor.py:161} INFO - Started process (PID=4538) to work on /opt/airflow/dags/flight-pipeline.py
[2026-04-28T20:48:56.407+0000] {processor.py:830} INFO - Processing file /opt/airflow/dags/flight-pipeline.py for tasks to queue
[2026-04-28T20:48:56.410+0000] {logging_mixin.py:188} INFO - [2026-04-28T20:48:56.409+0000] {dagbag.py:545} INFO - Filling up the DagBag from /opt/airflow/dags/flight-pipeline.py
[2026-04-28T20:48:57.896+0000] {processor.py:840} INFO - DAG(s) 'flights_ops_medallion_pipe' retrieved from /opt/airflow/dags/flight-pipeline.py
[2026-04-28T20:48:57.932+0000] {logging_mixin.py:188} INFO - [2026-04-28T20:48:57.932+0000] {dag.py:3089} INFO - Sync 1 DAGs
[2026-04-28T20:48:57.961+0000] {logging_mixin.py:188} INFO - [2026-04-28T20:48:57.961+0000] {dag.py:3947} INFO - Setting next_dagrun for flights_ops_medallion_pipe to 2026-04-28 20:30:00+00:00, run_after=2026-04-28 21:00:00+00:00
[2026-04-28T20:48:57.980+0000] {processor.py:183} INFO - Processing /opt/airflow/dags/flight-pipeline.py took 1.607 seconds
[2026-04-28T20:49:28.186+0000] {processor.py:161} INFO - Started process (PID=4541) to work on /opt/airflow/dags/flight-pipeline.py
[2026-04-28T20:49:28.188+0000] {processor.py:830} INFO - Processing file /opt/airflow/dags/flight-pipeline.py for tasks to queue
[2026-04-28T20:49:28.189+0000] {logging_mixin.py:188} INFO - [2026-04-28T20:49:28.188+0000] {dagbag.py:545} INFO - Filling up the DagBag from /opt/airflow/dags/flight-pipeline.py
[2026-04-28T20:49:29.057+0000] {processor.py:840} INFO - DAG(s) 'flights_ops_medallion_pipe' retrieved from /opt/airflow/dags/flight-pipeline.py
[2026-04-28T20:49:29.087+0000] {logging_mixin.py:188} INFO - [2026-04-28T20:49:29.086+0000] {dag.py:3089} INFO - Sync 1 DAGs
[2026-04-28T20:49:29.107+0000] {logging_mixin.py:188} INFO - [2026-04-28T20:49:29.106+0000] {dag.py:3947} INFO - Setting next_dagrun for flights_ops_medallion_pipe to 2026-04-28 20:30:00+00:00, run_after=2026-04-28 21:00:00+00:00
[2026-04-28T20:49:29.126+0000] {processor.py:183} INFO - Processing /opt/airflow/dags/flight-pipeline.py took 0.948 seconds
[2026-04-28T20:49:59.414+0000] {processor.py:161} INFO - Started process (PID=4544) to work on /opt/airflow/dags/flight-pipeline.py
[2026-04-28T20:49:59.416+0000] {processor.py:830} INFO - Processing file /opt/airflow/dags/flight-pipeline.py for tasks to queue
[2026-04-28T20:49:59.418+0000] {logging_mixin.py:188} INFO - [2026-04-28T20:49:59.418+0000] {dagbag.py:545} INFO - Filling up the DagBag from /opt/airflow/dags/flight-pipeline.py
[2026-04-28T20:50:00.701+0000] {processor.py:840} INFO - DAG(s) 'flights_ops_medallion_pipe' retrieved from /opt/airflow/dags/flight-pipeline.py
[2026-04-28T20:50:00.754+0000] {logging_mixin.py:188} INFO - [2026-04-28T20:50:00.753+0000] {dag.py:3089} INFO - Sync 1 DAGs
[2026-04-28T20:50:00.813+0000] {logging_mixin.py:188} INFO - [2026-04-28T20:50:00.812+0000] {dag.py:3947} INFO - Setting next_dagrun for flights_ops_medallion_pipe to 2026-04-28 20:30:00+00:00, run_after=2026-04-28 21:00:00+00:00
[2026-04-28T20:50:00.842+0000] {processor.py:183} INFO - Processing /opt/airflow/dags/flight-pipeline.py took 1.436 seconds
[2026-04-28T20:50:31.055+0000] {processor.py:161} INFO - Started process (PID=4547) to work on /opt/airflow/dags/flight-pipeline.py
[2026-04-28T20:50:31.074+0000] {processor.py:830} INFO - Processing file /opt/airflow/dags/flight-pipeline.py for tasks to queue
[2026-04-28T20:50:31.076+0000] {logging_mixin.py:188} INFO - [2026-04-28T20:50:31.075+0000] {dagbag.py:545} INFO - Filling up the DagBag from /opt/airflow/dags/flight-pipeline.py
[2026-04-28T20:50:31.979+0000] {processor.py:840} INFO - DAG(s) 'flights_ops_medallion_pipe' retrieved from /opt/airflow/dags/flight-pipeline.py
[2026-04-28T20:50:32.065+0000] {logging_mixin.py:188} INFO - [2026-04-28T20:50:32.064+0000] {dag.py:3089} INFO - Sync 1 DAGs
[2026-04-28T20:50:32.088+0000] {logging_mixin.py:188} INFO - [2026-04-28T20:50:32.088+0000] {dag.py:3947} INFO - Setting next_dagrun for flights_ops_medallion_pipe to 2026-04-28 20:30:00+00:00, run_after=2026-04-28 21:00:00+00:00
[2026-04-28T20:50:32.141+0000] {processor.py:183} INFO - Processing /opt/airflow/dags/flight-pipeline.py took 1.095 seconds
[2026-04-28T20:51:02.288+0000] {processor.py:161} INFO - Started process (PID=4561) to work on /opt/airflow/dags/flight-pipeline.py
[2026-04-28T20:51:02.290+0000] {processor.py:830} INFO - Processing file /opt/airflow/dags/flight-pipeline.py for tasks to queue
[2026-04-28T20:51:02.292+0000] {logging_mixin.py:188} INFO - [2026-04-28T20:51:02.291+0000] {dagbag.py:545} INFO - Filling up the DagBag from /opt/airflow/dags/flight-pipeline.py
[2026-04-28T20:51:03.290+0000] {processor.py:840} INFO - DAG(s) 'flights_ops_medallion_pipe' retrieved from /opt/airflow/dags/flight-pipeline.py
[2026-04-28T20:51:03.324+0000] {logging_mixin.py:188} INFO - [2026-04-28T20:51:03.323+0000] {dag.py:3089} INFO - Sync 1 DAGs
[2026-04-28T20:51:03.346+0000] {logging_mixin.py:188} INFO - [2026-04-28T20:51:03.346+0000] {dag.py:3947} INFO - Setting next_dagrun for flights_ops_medallion_pipe to 2026-04-28 20:30:00+00:00, run_after=2026-04-28 21:00:00+00:00
[2026-04-28T20:51:03.365+0000] {processor.py:183} INFO - Processing /opt/airflow/dags/flight-pipeline.py took 1.084 seconds
[2026-04-28T20:51:33.658+0000] {processor.py:161} INFO - Started process (PID=4564) to work on /opt/airflow/dags/flight-pipeline.py
[2026-04-28T20:51:33.660+0000] {processor.py:830} INFO - Processing file /opt/airflow/dags/flight-pipeline.py for tasks to queue
[2026-04-28T20:51:33.662+0000] {logging_mixin.py:188} INFO - [2026-04-28T20:51:33.661+0000] {dagbag.py:545} INFO - Filling up the DagBag from /opt/airflow/dags/flight-pipeline.py
[2026-04-28T20:51:34.571+0000] {processor.py:840} INFO - DAG(s) 'flights_ops_medallion_pipe' retrieved from /opt/airflow/dags/flight-pipeline.py
[2026-04-28T20:51:34.602+0000] {logging_mixin.py:188} INFO - [2026-04-28T20:51:34.601+0000] {dag.py:3089} INFO - Sync 1 DAGs
[2026-04-28T20:51:34.622+0000] {logging_mixin.py:188} INFO - [2026-04-28T20:51:34.621+0000] {dag.py:3947} INFO - Setting next_dagrun for flights_ops_medallion_pipe to 2026-04-28 20:30:00+00:00, run_after=2026-04-28 21:00:00+00:00
[2026-04-28T20:51:34.639+0000] {processor.py:183} INFO - Processing /opt/airflow/dags/flight-pipeline.py took 0.989 seconds
[2026-04-28T20:52:04.919+0000] {processor.py:161} INFO - Started process (PID=4567) to work on /opt/airflow/dags/flight-pipeline.py
[2026-04-28T20:52:04.922+0000] {processor.py:830} INFO - Processing file /opt/airflow/dags/flight-pipeline.py for tasks to queue
[2026-04-28T20:52:04.924+0000] {logging_mixin.py:188} INFO - [2026-04-28T20:52:04.923+0000] {dagbag.py:545} INFO - Filling up the DagBag from /opt/airflow/dags/flight-pipeline.py
[2026-04-28T20:52:05.895+0000] {processor.py:840} INFO - DAG(s) 'flights_ops_medallion_pipe' retrieved from /opt/airflow/dags/flight-pipeline.py
[2026-04-28T20:52:05.942+0000] {logging_mixin.py:188} INFO - [2026-04-28T20:52:05.941+0000] {dag.py:3089} INFO - Sync 1 DAGs
[2026-04-28T20:52:06.074+0000] {logging_mixin.py:188} INFO - [2026-04-28T20:52:06.074+0000] {dag.py:3947} INFO - Setting next_dagrun for flights_ops_medallion_pipe to 2026-04-28 20:30:00+00:00, run_after=2026-04-28 21:00:00+00:00
[2026-04-28T20:52:06.112+0000] {processor.py:183} INFO - Processing /opt/airflow/dags/flight-pipeline.py took 1.204 seconds
[2026-04-28T20:52:36.360+0000] {processor.py:161} INFO - Started process (PID=4570) to work on /opt/airflow/dags/flight-pipeline.py
[2026-04-28T20:52:36.362+0000] {processor.py:830} INFO - Processing file /opt/airflow/dags/flight-pipeline.py for tasks to queue
[2026-04-28T20:52:36.363+0000] {logging_mixin.py:188} INFO - [2026-04-28T20:52:36.363+0000] {dagbag.py:545} INFO - Filling up the DagBag from /opt/airflow/dags/flight-pipeline.py
[2026-04-28T20:52:37.363+0000] {processor.py:840} INFO - DAG(s) 'flights_ops_medallion_pipe' retrieved from /opt/airflow/dags/flight-pipeline.py
[2026-04-28T20:52:37.396+0000] {logging_mixin.py:188} INFO - [2026-04-28T20:52:37.396+0000] {dag.py:3089} INFO - Sync 1 DAGs
[2026-04-28T20:52:37.418+0000] {logging_mixin.py:188} INFO - [2026-04-28T20:52:37.418+0000] {dag.py:3947} INFO - Setting next_dagrun for flights_ops_medallion_pipe to 2026-04-28 20:30:00+00:00, run_after=2026-04-28 21:00:00+00:00
[2026-04-28T20:52:37.437+0000] {processor.py:183} INFO - Processing /opt/airflow/dags/flight-pipeline.py took 1.086 seconds
[2026-04-28T20:53:07.645+0000] {processor.py:161} INFO - Started process (PID=4573) to work on /opt/airflow/dags/flight-pipeline.py
[2026-04-28T20:53:07.648+0000] {processor.py:830} INFO - Processing file /opt/airflow/dags/flight-pipeline.py for tasks to queue
[2026-04-28T20:53:07.650+0000] {logging_mixin.py:188} INFO - [2026-04-28T20:53:07.649+0000] {dagbag.py:545} INFO - Filling up the DagBag from /opt/airflow/dags/flight-pipeline.py
[2026-04-28T20:53:08.535+0000] {processor.py:840} INFO - DAG(s) 'flights_ops_medallion_pipe' retrieved from /opt/airflow/dags/flight-pipeline.py
[2026-04-28T20:53:08.568+0000] {logging_mixin.py:188} INFO - [2026-04-28T20:53:08.567+0000] {dag.py:3089} INFO - Sync 1 DAGs
[2026-04-28T20:53:08.589+0000] {logging_mixin.py:188} INFO - [2026-04-28T20:53:08.589+0000] {dag.py:3947} INFO - Setting next_dagrun for flights_ops_medallion_pipe to 2026-04-28 20:30:00+00:00, run_after=2026-04-28 21:00:00+00:00
[2026-04-28T20:53:08.608+0000] {processor.py:183} INFO - Processing /opt/airflow/dags/flight-pipeline.py took 0.972 seconds
[2026-04-28T20:53:38.914+0000] {processor.py:161} INFO - Started process (PID=4576) to work on /opt/airflow/dags/flight-pipeline.py
[2026-04-28T20:53:38.916+0000] {processor.py:830} INFO - Processing file /opt/airflow/dags/flight-pipeline.py for tasks to queue
[2026-04-28T20:53:38.917+0000] {logging_mixin.py:188} INFO - [2026-04-28T20:53:38.917+0000] {dagbag.py:545} INFO - Filling up the DagBag from /opt/airflow/dags/flight-pipeline.py
[2026-04-28T20:53:39.722+0000] {processor.py:840} INFO - DAG(s) 'flights_ops_medallion_pipe' retrieved from /opt/airflow/dags/flight-pipeline.py
[2026-04-28T20:53:39.755+0000] {logging_mixin.py:188} INFO - [2026-04-28T20:53:39.754+0000] {dag.py:3089} INFO - Sync 1 DAGs
[2026-04-28T20:53:39.775+0000] {logging_mixin.py:188} INFO - [2026-04-28T20:53:39.774+0000] {dag.py:3947} INFO - Setting next_dagrun for flights_ops_medallion_pipe to 2026-04-28 20:30:00+00:00, run_after=2026-04-28 21:00:00+00:00
[2026-04-28T20:53:39.793+0000] {processor.py:183} INFO - Processing /opt/airflow/dags/flight-pipeline.py took 0.887 seconds
[2026-04-28T20:54:10.073+0000] {processor.py:161} INFO - Started process (PID=4579) to work on /opt/airflow/dags/flight-pipeline.py
[2026-04-28T20:54:10.075+0000] {processor.py:830} INFO - Processing file /opt/airflow/dags/flight-pipeline.py for tasks to queue
[2026-04-28T20:54:10.077+0000] {logging_mixin.py:188} INFO - [2026-04-28T20:54:10.076+0000] {dagbag.py:545} INFO - Filling up the DagBag from /opt/airflow/dags/flight-pipeline.py
[2026-04-28T20:54:11.119+0000] {processor.py:840} INFO - DAG(s) 'flights_ops_medallion_pipe' retrieved from /opt/airflow/dags/flight-pipeline.py
[2026-04-28T20:54:11.170+0000] {logging_mixin.py:188} INFO - [2026-04-28T20:54:11.170+0000] {dag.py:3089} INFO - Sync 1 DAGs
[2026-04-28T20:54:11.201+0000] {logging_mixin.py:188} INFO - [2026-04-28T20:54:11.200+0000] {dag.py:3947} INFO - Setting next_dagrun for flights_ops_medallion_pipe to 2026-04-28 20:30:00+00:00, run_after=2026-04-28 21:00:00+00:00
[2026-04-28T20:54:11.225+0000] {processor.py:183} INFO - Processing /opt/airflow/dags/flight-pipeline.py took 1.166 seconds
[2026-04-28T20:54:41.415+0000] {processor.py:161} INFO - Started process (PID=4582) to work on /opt/airflow/dags/flight-pipeline.py
[2026-04-28T20:54:41.419+0000] {processor.py:830} INFO - Processing file /opt/airflow/dags/flight-pipeline.py for tasks to queue
[2026-04-28T20:54:41.421+0000] {logging_mixin.py:188} INFO - [2026-04-28T20:54:41.420+0000] {dagbag.py:545} INFO - Filling up the DagBag from /opt/airflow/dags/flight-pipeline.py
[2026-04-28T20:54:42.603+0000] {processor.py:840} INFO - DAG(s) 'flights_ops_medallion_pipe' retrieved from /opt/airflow/dags/flight-pipeline.py
[2026-04-28T20:54:42.648+0000] {logging_mixin.py:188} INFO - [2026-04-28T20:54:42.648+0000] {dag.py:3089} INFO - Sync 1 DAGs
[2026-04-28T20:54:42.675+0000] {logging_mixin.py:188} INFO - [2026-04-28T20:54:42.675+0000] {dag.py:3947} INFO - Setting next_dagrun for flights_ops_medallion_pipe to 2026-04-28 20:30:00+00:00, run_after=2026-04-28 21:00:00+00:00
[2026-04-28T20:54:42.695+0000] {processor.py:183} INFO - Processing /opt/airflow/dags/flight-pipeline.py took 1.289 seconds
[2026-04-28T20:55:12.937+0000] {processor.py:161} INFO - Started process (PID=4585) to work on /opt/airflow/dags/flight-pipeline.py
[2026-04-28T20:55:12.940+0000] {processor.py:830} INFO - Processing file /opt/airflow/dags/flight-pipeline.py for tasks to queue
[2026-04-28T20:55:12.941+0000] {logging_mixin.py:188} INFO - [2026-04-28T20:55:12.940+0000] {dagbag.py:545} INFO - Filling up the DagBag from /opt/airflow/dags/flight-pipeline.py
[2026-04-28T20:55:13.799+0000] {processor.py:840} INFO - DAG(s) 'flights_ops_medallion_pipe' retrieved from /opt/airflow/dags/flight-pipeline.py
[2026-04-28T20:55:13.832+0000] {logging_mixin.py:188} INFO - [2026-04-28T20:55:13.832+0000] {dag.py:3089} INFO - Sync 1 DAGs
[2026-04-28T20:55:13.858+0000] {logging_mixin.py:188} INFO - [2026-04-28T20:55:13.858+0000] {dag.py:3947} INFO - Setting next_dagrun for flights_ops_medallion_pipe to 2026-04-28 20:30:00+00:00, run_after=2026-04-28 21:00:00+00:00
[2026-04-28T20:55:13.878+0000] {processor.py:183} INFO - Processing /opt/airflow/dags/flight-pipeline.py took 0.951 seconds
[2026-04-28T20:55:43.929+0000] {processor.py:161} INFO - Started process (PID=4588) to work on /opt/airflow/dags/flight-pipeline.py
[2026-04-28T20:55:43.931+0000] {processor.py:830} INFO - Processing file /opt/airflow/dags/flight-pipeline.py for tasks to queue
[2026-04-28T20:55:43.933+0000] {logging_mixin.py:188} INFO - [2026-04-28T20:55:43.933+0000] {dagbag.py:545} INFO - Filling up the DagBag from /opt/airflow/dags/flight-pipeline.py
[2026-04-28T20:55:44.882+0000] {processor.py:840} INFO - DAG(s) 'flights_ops_medallion_pipe' retrieved from /opt/airflow/dags/flight-pipeline.py
[2026-04-28T20:55:44.920+0000] {logging_mixin.py:188} INFO - [2026-04-28T20:55:44.919+0000] {dag.py:3089} INFO - Sync 1 DAGs
[2026-04-28T20:55:44.941+0000] {logging_mixin.py:188} INFO - [2026-04-28T20:55:44.941+0000] {dag.py:3947} INFO - Setting next_dagrun for flights_ops_medallion_pipe to 2026-04-28 20:30:00+00:00, run_after=2026-04-28 21:00:00+00:00
[2026-04-28T20:55:44.964+0000] {processor.py:183} INFO - Processing /opt/airflow/dags/flight-pipeline.py took 1.048 seconds
[2026-04-28T20:56:15.190+0000] {processor.py:161} INFO - Started process (PID=4591) to work on /opt/airflow/dags/flight-pipeline.py
[2026-04-28T20:56:15.193+0000] {processor.py:830} INFO - Processing file /opt/airflow/dags/flight-pipeline.py for tasks to queue
[2026-04-28T20:56:15.194+0000] {logging_mixin.py:188} INFO - [2026-04-28T20:56:15.194+0000] {dagbag.py:545} INFO - Filling up the DagBag from /opt/airflow/dags/flight-pipeline.py
[2026-04-28T20:56:16.129+0000] {processor.py:840} INFO - DAG(s) 'flights_ops_medallion_pipe' retrieved from /opt/airflow/dags/flight-pipeline.py
[2026-04-28T20:56:16.161+0000] {logging_mixin.py:188} INFO - [2026-04-28T20:56:16.160+0000] {dag.py:3089} INFO - Sync 1 DAGs
[2026-04-28T20:56:16.185+0000] {logging_mixin.py:188} INFO - [2026-04-28T20:56:16.185+0000] {dag.py:3947} INFO - Setting next_dagrun for flights_ops_medallion_pipe to 2026-04-28 20:30:00+00:00, run_after=2026-04-28 21:00:00+00:00
[2026-04-28T20:56:16.204+0000] {processor.py:183} INFO - Processing /opt/airflow/dags/flight-pipeline.py took 1.021 seconds
[2026-04-28T20:56:46.430+0000] {processor.py:161} INFO - Started process (PID=4594) to work on /opt/airflow/dags/flight-pipeline.py
[2026-04-28T20:56:46.437+0000] {processor.py:830} INFO - Processing file /opt/airflow/dags/flight-pipeline.py for tasks to queue
[2026-04-28T20:56:46.441+0000] {logging_mixin.py:188} INFO - [2026-04-28T20:56:46.438+0000] {dagbag.py:545} INFO - Filling up the DagBag from /opt/airflow/dags/flight-pipeline.py
[2026-04-28T20:56:47.822+0000] {processor.py:840} INFO - DAG(s) 'flights_ops_medallion_pipe' retrieved from /opt/airflow/dags/flight-pipeline.py
[2026-04-28T20:56:47.855+0000] {logging_mixin.py:188} INFO - [2026-04-28T20:56:47.855+0000] {dag.py:3089} INFO - Sync 1 DAGs
[2026-04-28T20:56:47.877+0000] {logging_mixin.py:188} INFO - [2026-04-28T20:56:47.876+0000] {dag.py:3947} INFO - Setting next_dagrun for flights_ops_medallion_pipe to 2026-04-28 20:30:00+00:00, run_after=2026-04-28 21:00:00+00:00
[2026-04-28T20:56:47.895+0000] {processor.py:183} INFO - Processing /opt/airflow/dags/flight-pipeline.py took 1.479 seconds
[2026-04-28T20:57:18.138+0000] {processor.py:161} INFO - Started process (PID=4597) to work on /opt/airflow/dags/flight-pipeline.py
[2026-04-28T20:57:18.140+0000] {processor.py:830} INFO - Processing file /opt/airflow/dags/flight-pipeline.py for tasks to queue
[2026-04-28T20:57:18.142+0000] {logging_mixin.py:188} INFO - [2026-04-28T20:57:18.141+0000] {dagbag.py:545} INFO - Filling up the DagBag from /opt/airflow/dags/flight-pipeline.py
[2026-04-28T20:57:19.074+0000] {processor.py:840} INFO - DAG(s) 'flights_ops_medallion_pipe' retrieved from /opt/airflow/dags/flight-pipeline.py
[2026-04-28T20:57:19.123+0000] {logging_mixin.py:188} INFO - [2026-04-28T20:57:19.122+0000] {dag.py:3089} INFO - Sync 1 DAGs
[2026-04-28T20:57:19.165+0000] {logging_mixin.py:188} INFO - [2026-04-28T20:57:19.165+0000] {dag.py:3947} INFO - Setting next_dagrun for flights_ops_medallion_pipe to 2026-04-28 20:30:00+00:00, run_after=2026-04-28 21:00:00+00:00
[2026-04-28T20:57:19.197+0000] {processor.py:183} INFO - Processing /opt/airflow/dags/flight-pipeline.py took 1.068 seconds
[2026-04-28T20:57:49.479+0000] {processor.py:161} INFO - Started process (PID=4600) to work on /opt/airflow/dags/flight-pipeline.py
[2026-04-28T20:57:49.485+0000] {processor.py:830} INFO - Processing file /opt/airflow/dags/flight-pipeline.py for tasks to queue
[2026-04-28T20:57:49.486+0000] {logging_mixin.py:188} INFO - [2026-04-28T20:57:49.486+0000] {dagbag.py:545} INFO - Filling up the DagBag from /opt/airflow/dags/flight-pipeline.py
[2026-04-28T20:57:50.311+0000] {processor.py:840} INFO - DAG(s) 'flights_ops_medallion_pipe' retrieved from /opt/airflow/dags/flight-pipeline.py
[2026-04-28T20:57:50.350+0000] {logging_mixin.py:188} INFO - [2026-04-28T20:57:50.349+0000] {dag.py:3089} INFO - Sync 1 DAGs
[2026-04-28T20:57:50.388+0000] {logging_mixin.py:188} INFO - [2026-04-28T20:57:50.388+0000] {dag.py:3947} INFO - Setting next_dagrun for flights_ops_medallion_pipe to 2026-04-28 20:30:00+00:00, run_after=2026-04-28 21:00:00+00:00
[2026-04-28T20:57:50.412+0000] {processor.py:183} INFO - Processing /opt/airflow/dags/flight-pipeline.py took 0.941 seconds
[2026-04-28T20:58:20.675+0000] {processor.py:161} INFO - Started process (PID=4603) to work on /opt/airflow/dags/flight-pipeline.py
[2026-04-28T20:58:20.678+0000] {processor.py:830} INFO - Processing file /opt/airflow/dags/flight-pipeline.py for tasks to queue
[2026-04-28T20:58:20.680+0000] {logging_mixin.py:188} INFO - [2026-04-28T20:58:20.679+0000] {dagbag.py:545} INFO - Filling up the DagBag from /opt/airflow/dags/flight-pipeline.py
[2026-04-28T20:58:21.662+0000] {processor.py:840} INFO - DAG(s) 'flights_ops_medallion_pipe' retrieved from /opt/airflow/dags/flight-pipeline.py
[2026-04-28T20:58:21.703+0000] {logging_mixin.py:188} INFO - [2026-04-28T20:58:21.703+0000] {dag.py:3089} INFO - Sync 1 DAGs
[2026-04-28T20:58:21.727+0000] {logging_mixin.py:188} INFO - [2026-04-28T20:58:21.727+0000] {dag.py:3947} INFO - Setting next_dagrun for flights_ops_medallion_pipe to 2026-04-28 20:30:00+00:00, run_after=2026-04-28 21:00:00+00:00
[2026-04-28T20:58:21.750+0000] {processor.py:183} INFO - Processing /opt/airflow/dags/flight-pipeline.py took 1.082 seconds
[2026-04-28T20:58:51.957+0000] {processor.py:161} INFO - Started process (PID=4606) to work on /opt/airflow/dags/flight-pipeline.py
[2026-04-28T20:58:51.958+0000] {processor.py:830} INFO - Processing file /opt/airflow/dags/flight-pipeline.py for tasks to queue
[2026-04-28T20:58:51.960+0000] {logging_mixin.py:188} INFO - [2026-04-28T20:58:51.959+0000] {dagbag.py:545} INFO - Filling up the DagBag from /opt/airflow/dags/flight-pipeline.py
[2026-04-28T20:58:52.998+0000] {processor.py:840} INFO - DAG(s) 'flights_ops_medallion_pipe' retrieved from /opt/airflow/dags/flight-pipeline.py
[2026-04-28T20:58:53.028+0000] {logging_mixin.py:188} INFO - [2026-04-28T20:58:53.028+0000] {dag.py:3089} INFO - Sync 1 DAGs
[2026-04-28T20:58:53.049+0000] {logging_mixin.py:188} INFO - [2026-04-28T20:58:53.049+0000] {dag.py:3947} INFO - Setting next_dagrun for flights_ops_medallion_pipe to 2026-04-28 20:30:00+00:00, run_after=2026-04-28 21:00:00+00:00
[2026-04-28T20:58:53.069+0000] {processor.py:183} INFO - Processing /opt/airflow/dags/flight-pipeline.py took 1.120 seconds
[2026-04-28T20:59:23.221+0000] {processor.py:161} INFO - Started process (PID=4609) to work on /opt/airflow/dags/flight-pipeline.py
[2026-04-28T20:59:23.223+0000] {processor.py:830} INFO - Processing file /opt/airflow/dags/flight-pipeline.py for tasks to queue
[2026-04-28T20:59:23.224+0000] {logging_mixin.py:188} INFO - [2026-04-28T20:59:23.224+0000] {dagbag.py:545} INFO - Filling up the DagBag from /opt/airflow/dags/flight-pipeline.py
[2026-04-28T20:59:24.083+0000] {processor.py:840} INFO - DAG(s) 'flights_ops_medallion_pipe' retrieved from /opt/airflow/dags/flight-pipeline.py
[2026-04-28T20:59:24.124+0000] {logging_mixin.py:188} INFO - [2026-04-28T20:59:24.123+0000] {dag.py:3089} INFO - Sync 1 DAGs
[2026-04-28T20:59:24.170+0000] {logging_mixin.py:188} INFO - [2026-04-28T20:59:24.169+0000] {dag.py:3947} INFO - Setting next_dagrun for flights_ops_medallion_pipe to 2026-04-28 20:30:00+00:00, run_after=2026-04-28 21:00:00+00:00
[2026-04-28T20:59:24.200+0000] {processor.py:183} INFO - Processing /opt/airflow/dags/flight-pipeline.py took 0.988 seconds
[2026-04-28T20:59:54.463+0000] {processor.py:161} INFO - Started process (PID=4612) to work on /opt/airflow/dags/flight-pipeline.py
[2026-04-28T20:59:54.465+0000] {processor.py:830} INFO - Processing file /opt/airflow/dags/flight-pipeline.py for tasks to queue
[2026-04-28T20:59:54.466+0000] {logging_mixin.py:188} INFO - [2026-04-28T20:59:54.465+0000] {dagbag.py:545} INFO - Filling up the DagBag from /opt/airflow/dags/flight-pipeline.py
[2026-04-28T20:59:55.363+0000] {processor.py:840} INFO - DAG(s) 'flights_ops_medallion_pipe' retrieved from /opt/airflow/dags/flight-pipeline.py
[2026-04-28T20:59:55.398+0000] {logging_mixin.py:188} INFO - [2026-04-28T20:59:55.397+0000] {dag.py:3089} INFO - Sync 1 DAGs
[2026-04-28T20:59:55.431+0000] {logging_mixin.py:188} INFO - [2026-04-28T20:59:55.430+0000] {dag.py:3947} INFO - Setting next_dagrun for flights_ops_medallion_pipe to 2026-04-28 20:30:00+00:00, run_after=2026-04-28 21:00:00+00:00
[2026-04-28T20:59:55.469+0000] {processor.py:183} INFO - Processing /opt/airflow/dags/flight-pipeline.py took 1.013 seconds
[2026-04-28T21:00:25.679+0000] {processor.py:161} INFO - Started process (PID=4649) to work on /opt/airflow/dags/flight-pipeline.py
[2026-04-28T21:00:25.681+0000] {processor.py:830} INFO - Processing file /opt/airflow/dags/flight-pipeline.py for tasks to queue
[2026-04-28T21:00:25.683+0000] {logging_mixin.py:188} INFO - [2026-04-28T21:00:25.682+0000] {dagbag.py:545} INFO - Filling up the DagBag from /opt/airflow/dags/flight-pipeline.py
[2026-04-28T21:00:26.795+0000] {processor.py:840} INFO - DAG(s) 'flights_ops_medallion_pipe' retrieved from /opt/airflow/dags/flight-pipeline.py
[2026-04-28T21:00:26.836+0000] {logging_mixin.py:188} INFO - [2026-04-28T21:00:26.836+0000] {dag.py:3089} INFO - Sync 1 DAGs
[2026-04-28T21:00:26.862+0000] {logging_mixin.py:188} INFO - [2026-04-28T21:00:26.862+0000] {dag.py:3947} INFO - Setting next_dagrun for flights_ops_medallion_pipe to 2026-04-28 21:00:00+00:00, run_after=2026-04-28 21:30:00+00:00
[2026-04-28T21:00:26.881+0000] {processor.py:183} INFO - Processing /opt/airflow/dags/flight-pipeline.py took 1.210 seconds
[2026-04-28T21:00:57.061+0000] {processor.py:161} INFO - Started process (PID=4662) to work on /opt/airflow/dags/flight-pipeline.py
[2026-04-28T21:00:57.064+0000] {processor.py:830} INFO - Processing file /opt/airflow/dags/flight-pipeline.py for tasks to queue
[2026-04-28T21:00:57.065+0000] {logging_mixin.py:188} INFO - [2026-04-28T21:00:57.064+0000] {dagbag.py:545} INFO - Filling up the DagBag from /opt/airflow/dags/flight-pipeline.py
[2026-04-28T21:00:58.092+0000] {processor.py:840} INFO - DAG(s) 'flights_ops_medallion_pipe' retrieved from /opt/airflow/dags/flight-pipeline.py
[2026-04-28T21:00:58.189+0000] {logging_mixin.py:188} INFO - [2026-04-28T21:00:58.189+0000] {dag.py:3089} INFO - Sync 1 DAGs
[2026-04-28T21:00:58.213+0000] {logging_mixin.py:188} INFO - [2026-04-28T21:00:58.213+0000] {dag.py:3947} INFO - Setting next_dagrun for flights_ops_medallion_pipe to 2026-04-28 21:00:00+00:00, run_after=2026-04-28 21:30:00+00:00
[2026-04-28T21:00:58.235+0000] {processor.py:183} INFO - Processing /opt/airflow/dags/flight-pipeline.py took 1.181 seconds
[2026-04-28T21:01:28.293+0000] {processor.py:161} INFO - Started process (PID=4665) to work on /opt/airflow/dags/flight-pipeline.py
[2026-04-28T21:01:28.298+0000] {processor.py:830} INFO - Processing file /opt/airflow/dags/flight-pipeline.py for tasks to queue
[2026-04-28T21:01:28.300+0000] {logging_mixin.py:188} INFO - [2026-04-28T21:01:28.299+0000] {dagbag.py:545} INFO - Filling up the DagBag from /opt/airflow/dags/flight-pipeline.py
[2026-04-28T21:01:29.305+0000] {processor.py:840} INFO - DAG(s) 'flights_ops_medallion_pipe' retrieved from /opt/airflow/dags/flight-pipeline.py
[2026-04-28T21:01:29.337+0000] {logging_mixin.py:188} INFO - [2026-04-28T21:01:29.336+0000] {dag.py:3089} INFO - Sync 1 DAGs
[2026-04-28T21:01:29.359+0000] {logging_mixin.py:188} INFO - [2026-04-28T21:01:29.359+0000] {dag.py:3947} INFO - Setting next_dagrun for flights_ops_medallion_pipe to 2026-04-28 21:00:00+00:00, run_after=2026-04-28 21:30:00+00:00
[2026-04-28T21:01:29.380+0000] {processor.py:183} INFO - Processing /opt/airflow/dags/flight-pipeline.py took 1.097 seconds
[2026-04-28T21:01:59.525+0000] {processor.py:161} INFO - Started process (PID=4668) to work on /opt/airflow/dags/flight-pipeline.py
[2026-04-28T21:01:59.528+0000] {processor.py:830} INFO - Processing file /opt/airflow/dags/flight-pipeline.py for tasks to queue
[2026-04-28T21:01:59.529+0000] {logging_mixin.py:188} INFO - [2026-04-28T21:01:59.529+0000] {dagbag.py:545} INFO - Filling up the DagBag from /opt/airflow/dags/flight-pipeline.py
[2026-04-28T21:02:00.399+0000] {processor.py:840} INFO - DAG(s) 'flights_ops_medallion_pipe' retrieved from /opt/airflow/dags/flight-pipeline.py
[2026-04-28T21:02:00.429+0000] {logging_mixin.py:188} INFO - [2026-04-28T21:02:00.429+0000] {dag.py:3089} INFO - Sync 1 DAGs
[2026-04-28T21:02:00.453+0000] {logging_mixin.py:188} INFO - [2026-04-28T21:02:00.453+0000] {dag.py:3947} INFO - Setting next_dagrun for flights_ops_medallion_pipe to 2026-04-28 21:00:00+00:00, run_after=2026-04-28 21:30:00+00:00
[2026-04-28T21:02:00.473+0000] {processor.py:183} INFO - Processing /opt/airflow/dags/flight-pipeline.py took 0.959 seconds
[2026-04-28T21:02:30.767+0000] {processor.py:161} INFO - Started process (PID=4671) to work on /opt/airflow/dags/flight-pipeline.py
[2026-04-28T21:02:30.770+0000] {processor.py:830} INFO - Processing file /opt/airflow/dags/flight-pipeline.py for tasks to queue
[2026-04-28T21:02:30.771+0000] {logging_mixin.py:188} INFO - [2026-04-28T21:02:30.771+0000] {dagbag.py:545} INFO - Filling up the DagBag from /opt/airflow/dags/flight-pipeline.py
[2026-04-28T21:02:31.606+0000] {processor.py:840} INFO - DAG(s) 'flights_ops_medallion_pipe' retrieved from /opt/airflow/dags/flight-pipeline.py
[2026-04-28T21:02:31.637+0000] {logging_mixin.py:188} INFO - [2026-04-28T21:02:31.636+0000] {dag.py:3089} INFO - Sync 1 DAGs
[2026-04-28T21:02:31.656+0000] {logging_mixin.py:188} INFO - [2026-04-28T21:02:31.656+0000] {dag.py:3947} INFO - Setting next_dagrun for flights_ops_medallion_pipe to 2026-04-28 21:00:00+00:00, run_after=2026-04-28 21:30:00+00:00
[2026-04-28T21:02:31.674+0000] {processor.py:183} INFO - Processing /opt/airflow/dags/flight-pipeline.py took 0.914 seconds
[2026-04-28T21:03:01.947+0000] {processor.py:161} INFO - Started process (PID=4674) to work on /opt/airflow/dags/flight-pipeline.py
[2026-04-28T21:03:01.950+0000] {processor.py:830} INFO - Processing file /opt/airflow/dags/flight-pipeline.py for tasks to queue
[2026-04-28T21:03:01.952+0000] {logging_mixin.py:188} INFO - [2026-04-28T21:03:01.951+0000] {dagbag.py:545} INFO - Filling up the DagBag from /opt/airflow/dags/flight-pipeline.py
[2026-04-28T21:03:02.895+0000] {processor.py:840} INFO - DAG(s) 'flights_ops_medallion_pipe' retrieved from /opt/airflow/dags/flight-pipeline.py
[2026-04-28T21:03:02.928+0000] {logging_mixin.py:188} INFO - [2026-04-28T21:03:02.927+0000] {dag.py:3089} INFO - Sync 1 DAGs
[2026-04-28T21:03:02.950+0000] {logging_mixin.py:188} INFO - [2026-04-28T21:03:02.950+0000] {dag.py:3947} INFO - Setting next_dagrun for flights_ops_medallion_pipe to 2026-04-28 21:00:00+00:00, run_after=2026-04-28 21:30:00+00:00
[2026-04-28T21:03:02.968+0000] {processor.py:183} INFO - Processing /opt/airflow/dags/flight-pipeline.py took 1.030 seconds
[2026-04-28T21:03:33.176+0000] {processor.py:161} INFO - Started process (PID=4677) to work on /opt/airflow/dags/flight-pipeline.py
[2026-04-28T21:03:33.181+0000] {processor.py:830} INFO - Processing file /opt/airflow/dags/flight-pipeline.py for tasks to queue
[2026-04-28T21:03:33.185+0000] {logging_mixin.py:188} INFO - [2026-04-28T21:03:33.184+0000] {dagbag.py:545} INFO - Filling up the DagBag from /opt/airflow/dags/flight-pipeline.py
[2026-04-28T21:03:34.194+0000] {processor.py:840} INFO - DAG(s) 'flights_ops_medallion_pipe' retrieved from /opt/airflow/dags/flight-pipeline.py
[2026-04-28T21:03:34.234+0000] {logging_mixin.py:188} INFO - [2026-04-28T21:03:34.233+0000] {dag.py:3089} INFO - Sync 1 DAGs
[2026-04-28T21:03:34.256+0000] {logging_mixin.py:188} INFO - [2026-04-28T21:03:34.256+0000] {dag.py:3947} INFO - Setting next_dagrun for flights_ops_medallion_pipe to 2026-04-28 21:00:00+00:00, run_after=2026-04-28 21:30:00+00:00
[2026-04-28T21:03:34.274+0000] {processor.py:183} INFO - Processing /opt/airflow/dags/flight-pipeline.py took 1.110 seconds
[2026-04-28T21:04:04.442+0000] {processor.py:161} INFO - Started process (PID=4680) to work on /opt/airflow/dags/flight-pipeline.py
[2026-04-28T21:04:04.451+0000] {processor.py:830} INFO - Processing file /opt/airflow/dags/flight-pipeline.py for tasks to queue
[2026-04-28T21:04:04.453+0000] {logging_mixin.py:188} INFO - [2026-04-28T21:04:04.453+0000] {dagbag.py:545} INFO - Filling up the DagBag from /opt/airflow/dags/flight-pipeline.py
[2026-04-28T21:04:05.423+0000] {processor.py:840} INFO - DAG(s) 'flights_ops_medallion_pipe' retrieved from /opt/airflow/dags/flight-pipeline.py
[2026-04-28T21:04:05.457+0000] {logging_mixin.py:188} INFO - [2026-04-28T21:04:05.456+0000] {dag.py:3089} INFO - Sync 1 DAGs
[2026-04-28T21:04:05.480+0000] {logging_mixin.py:188} INFO - [2026-04-28T21:04:05.480+0000] {dag.py:3947} INFO - Setting next_dagrun for flights_ops_medallion_pipe to 2026-04-28 21:00:00+00:00, run_after=2026-04-28 21:30:00+00:00
[2026-04-28T21:04:05.499+0000] {processor.py:183} INFO - Processing /opt/airflow/dags/flight-pipeline.py took 1.066 seconds
[2026-04-28T21:04:35.770+0000] {processor.py:161} INFO - Started process (PID=4683) to work on /opt/airflow/dags/flight-pipeline.py
[2026-04-28T21:04:35.773+0000] {processor.py:830} INFO - Processing file /opt/airflow/dags/flight-pipeline.py for tasks to queue
[2026-04-28T21:04:35.774+0000] {logging_mixin.py:188} INFO - [2026-04-28T21:04:35.774+0000] {dagbag.py:545} INFO - Filling up the DagBag from /opt/airflow/dags/flight-pipeline.py
[2026-04-28T21:04:36.867+0000] {processor.py:840} INFO - DAG(s) 'flights_ops_medallion_pipe' retrieved from /opt/airflow/dags/flight-pipeline.py
[2026-04-28T21:04:36.902+0000] {logging_mixin.py:188} INFO - [2026-04-28T21:04:36.902+0000] {dag.py:3089} INFO - Sync 1 DAGs
[2026-04-28T21:04:36.924+0000] {logging_mixin.py:188} INFO - [2026-04-28T21:04:36.923+0000] {dag.py:3947} INFO - Setting next_dagrun for flights_ops_medallion_pipe to 2026-04-28 21:00:00+00:00, run_after=2026-04-28 21:30:00+00:00
[2026-04-28T21:04:36.943+0000] {processor.py:183} INFO - Processing /opt/airflow/dags/flight-pipeline.py took 1.181 seconds
[2026-04-28T21:05:07.020+0000] {processor.py:161} INFO - Started process (PID=4686) to work on /opt/airflow/dags/flight-pipeline.py
[2026-04-28T21:05:07.023+0000] {processor.py:830} INFO - Processing file /opt/airflow/dags/flight-pipeline.py for tasks to queue
[2026-04-28T21:05:07.024+0000] {logging_mixin.py:188} INFO - [2026-04-28T21:05:07.024+0000] {dagbag.py:545} INFO - Filling up the DagBag from /opt/airflow/dags/flight-pipeline.py
[2026-04-28T21:05:07.961+0000] {processor.py:840} INFO - DAG(s) 'flights_ops_medallion_pipe' retrieved from /opt/airflow/dags/flight-pipeline.py
[2026-04-28T21:05:07.999+0000] {logging_mixin.py:188} INFO - [2026-04-28T21:05:07.998+0000] {dag.py:3089} INFO - Sync 1 DAGs
[2026-04-28T21:05:08.029+0000] {logging_mixin.py:188} INFO - [2026-04-28T21:05:08.029+0000] {dag.py:3947} INFO - Setting next_dagrun for flights_ops_medallion_pipe to 2026-04-28 21:00:00+00:00, run_after=2026-04-28 21:30:00+00:00
[2026-04-28T21:05:08.047+0000] {processor.py:183} INFO - Processing /opt/airflow/dags/flight-pipeline.py took 1.036 seconds
[2026-04-28T21:05:38.280+0000] {processor.py:161} INFO - Started process (PID=4689) to work on /opt/airflow/dags/flight-pipeline.py
[2026-04-28T21:05:38.282+0000] {processor.py:830} INFO - Processing file /opt/airflow/dags/flight-pipeline.py for tasks to queue
[2026-04-28T21:05:38.283+0000] {logging_mixin.py:188} INFO - [2026-04-28T21:05:38.283+0000] {dagbag.py:545} INFO - Filling up the DagBag from /opt/airflow/dags/flight-pipeline.py
[2026-04-28T21:05:39.092+0000] {processor.py:840} INFO - DAG(s) 'flights_ops_medallion_pipe' retrieved from /opt/airflow/dags/flight-pipeline.py
[2026-04-28T21:05:39.130+0000] {logging_mixin.py:188} INFO - [2026-04-28T21:05:39.130+0000] {dag.py:3089} INFO - Sync 1 DAGs
[2026-04-28T21:05:39.152+0000] {logging_mixin.py:188} INFO - [2026-04-28T21:05:39.152+0000] {dag.py:3947} INFO - Setting next_dagrun for flights_ops_medallion_pipe to 2026-04-28 21:00:00+00:00, run_after=2026-04-28 21:30:00+00:00
[2026-04-28T21:05:39.172+0000] {processor.py:183} INFO - Processing /opt/airflow/dags/flight-pipeline.py took 0.900 seconds
[2026-04-28T21:06:09.454+0000] {processor.py:161} INFO - Started process (PID=4692) to work on /opt/airflow/dags/flight-pipeline.py
[2026-04-28T21:06:09.458+0000] {processor.py:830} INFO - Processing file /opt/airflow/dags/flight-pipeline.py for tasks to queue
[2026-04-28T21:06:09.459+0000] {logging_mixin.py:188} INFO - [2026-04-28T21:06:09.458+0000] {dagbag.py:545} INFO - Filling up the DagBag from /opt/airflow/dags/flight-pipeline.py
[2026-04-28T21:06:10.243+0000] {processor.py:840} INFO - DAG(s) 'flights_ops_medallion_pipe' retrieved from /opt/airflow/dags/flight-pipeline.py
[2026-04-28T21:06:10.272+0000] {logging_mixin.py:188} INFO - [2026-04-28T21:06:10.272+0000] {dag.py:3089} INFO - Sync 1 DAGs
[2026-04-28T21:06:10.291+0000] {logging_mixin.py:188} INFO - [2026-04-28T21:06:10.290+0000] {dag.py:3947} INFO - Setting next_dagrun for flights_ops_medallion_pipe to 2026-04-28 21:00:00+00:00, run_after=2026-04-28 21:30:00+00:00
[2026-04-28T21:06:10.311+0000] {processor.py:183} INFO - Processing /opt/airflow/dags/flight-pipeline.py took 0.866 seconds
[2026-04-28T21:06:40.634+0000] {processor.py:161} INFO - Started process (PID=4695) to work on /opt/airflow/dags/flight-pipeline.py
[2026-04-28T21:06:40.643+0000] {processor.py:830} INFO - Processing file /opt/airflow/dags/flight-pipeline.py for tasks to queue
[2026-04-28T21:06:40.644+0000] {logging_mixin.py:188} INFO - [2026-04-28T21:06:40.644+0000] {dagbag.py:545} INFO - Filling up the DagBag from /opt/airflow/dags/flight-pipeline.py
[2026-04-28T21:06:41.533+0000] {processor.py:840} INFO - DAG(s) 'flights_ops_medallion_pipe' retrieved from /opt/airflow/dags/flight-pipeline.py
[2026-04-28T21:06:41.567+0000] {logging_mixin.py:188} INFO - [2026-04-28T21:06:41.566+0000] {dag.py:3089} INFO - Sync 1 DAGs
[2026-04-28T21:06:41.588+0000] {logging_mixin.py:188} INFO - [2026-04-28T21:06:41.588+0000] {dag.py:3947} INFO - Setting next_dagrun for flights_ops_medallion_pipe to 2026-04-28 21:00:00+00:00, run_after=2026-04-28 21:30:00+00:00
[2026-04-28T21:06:41.605+0000] {processor.py:183} INFO - Processing /opt/airflow/dags/flight-pipeline.py took 0.981 seconds
[2026-04-28T21:07:11.882+0000] {processor.py:161} INFO - Started process (PID=4698) to work on /opt/airflow/dags/flight-pipeline.py
[2026-04-28T21:07:11.885+0000] {processor.py:830} INFO - Processing file /opt/airflow/dags/flight-pipeline.py for tasks to queue
[2026-04-28T21:07:11.886+0000] {logging_mixin.py:188} INFO - [2026-04-28T21:07:11.886+0000] {dagbag.py:545} INFO - Filling up the DagBag from /opt/airflow/dags/flight-pipeline.py
[2026-04-28T21:07:12.720+0000] {processor.py:840} INFO - DAG(s) 'flights_ops_medallion_pipe' retrieved from /opt/airflow/dags/flight-pipeline.py
[2026-04-28T21:07:12.754+0000] {logging_mixin.py:188} INFO - [2026-04-28T21:07:12.754+0000] {dag.py:3089} INFO - Sync 1 DAGs
[2026-04-28T21:07:12.774+0000] {logging_mixin.py:188} INFO - [2026-04-28T21:07:12.774+0000] {dag.py:3947} INFO - Setting next_dagrun for flights_ops_medallion_pipe to 2026-04-28 21:00:00+00:00, run_after=2026-04-28 21:30:00+00:00
[2026-04-28T21:07:12.791+0000] {processor.py:183} INFO - Processing /opt/airflow/dags/flight-pipeline.py took 0.918 seconds
[2026-04-28T21:07:43.200+0000] {processor.py:161} INFO - Started process (PID=4701) to work on /opt/airflow/dags/flight-pipeline.py
[2026-04-28T21:07:43.202+0000] {processor.py:830} INFO - Processing file /opt/airflow/dags/flight-pipeline.py for tasks to queue
[2026-04-28T21:07:43.203+0000] {logging_mixin.py:188} INFO - [2026-04-28T21:07:43.203+0000] {dagbag.py:545} INFO - Filling up the DagBag from /opt/airflow/dags/flight-pipeline.py
[2026-04-28T21:07:44.041+0000] {processor.py:840} INFO - DAG(s) 'flights_ops_medallion_pipe' retrieved from /opt/airflow/dags/flight-pipeline.py
[2026-04-28T21:07:44.072+0000] {logging_mixin.py:188} INFO - [2026-04-28T21:07:44.072+0000] {dag.py:3089} INFO - Sync 1 DAGs
[2026-04-28T21:07:44.092+0000] {logging_mixin.py:188} INFO - [2026-04-28T21:07:44.092+0000] {dag.py:3947} INFO - Setting next_dagrun for flights_ops_medallion_pipe to 2026-04-28 21:00:00+00:00, run_after=2026-04-28 21:30:00+00:00
[2026-04-28T21:07:44.112+0000] {processor.py:183} INFO - Processing /opt/airflow/dags/flight-pipeline.py took 0.922 seconds
[2026-04-28T21:08:14.411+0000] {processor.py:161} INFO - Started process (PID=4704) to work on /opt/airflow/dags/flight-pipeline.py
[2026-04-28T21:08:14.418+0000] {processor.py:830} INFO - Processing file /opt/airflow/dags/flight-pipeline.py for tasks to queue
[2026-04-28T21:08:14.420+0000] {logging_mixin.py:188} INFO - [2026-04-28T21:08:14.419+0000] {dagbag.py:545} INFO - Filling up the DagBag from /opt/airflow/dags/flight-pipeline.py
[2026-04-28T21:08:15.348+0000] {processor.py:840} INFO - DAG(s) 'flights_ops_medallion_pipe' retrieved from /opt/airflow/dags/flight-pipeline.py
[2026-04-28T21:08:15.381+0000] {logging_mixin.py:188} INFO - [2026-04-28T21:08:15.381+0000] {dag.py:3089} INFO - Sync 1 DAGs
[2026-04-28T21:08:15.409+0000] {logging_mixin.py:188} INFO - [2026-04-28T21:08:15.408+0000] {dag.py:3947} INFO - Setting next_dagrun for flights_ops_medallion_pipe to 2026-04-28 21:00:00+00:00, run_after=2026-04-28 21:30:00+00:00
[2026-04-28T21:08:15.428+0000] {processor.py:183} INFO - Processing /opt/airflow/dags/flight-pipeline.py took 1.030 seconds
[2026-04-28T21:08:45.681+0000] {processor.py:161} INFO - Started process (PID=4707) to work on /opt/airflow/dags/flight-pipeline.py
[2026-04-28T21:08:45.683+0000] {processor.py:830} INFO - Processing file /opt/airflow/dags/flight-pipeline.py for tasks to queue
[2026-04-28T21:08:45.684+0000] {logging_mixin.py:188} INFO - [2026-04-28T21:08:45.684+0000] {dagbag.py:545} INFO - Filling up the DagBag from /opt/airflow/dags/flight-pipeline.py
[2026-04-28T21:08:46.504+0000] {processor.py:840} INFO - DAG(s) 'flights_ops_medallion_pipe' retrieved from /opt/airflow/dags/flight-pipeline.py
[2026-04-28T21:08:46.533+0000] {logging_mixin.py:188} INFO - [2026-04-28T21:08:46.532+0000] {dag.py:3089} INFO - Sync 1 DAGs
[2026-04-28T21:08:46.551+0000] {logging_mixin.py:188} INFO - [2026-04-28T21:08:46.551+0000] {dag.py:3947} INFO - Setting next_dagrun for flights_ops_medallion_pipe to 2026-04-28 21:00:00+00:00, run_after=2026-04-28 21:30:00+00:00
[2026-04-28T21:08:46.570+0000] {processor.py:183} INFO - Processing /opt/airflow/dags/flight-pipeline.py took 0.897 seconds
[2026-04-28T21:09:16.821+0000] {processor.py:161} INFO - Started process (PID=4710) to work on /opt/airflow/dags/flight-pipeline.py
[2026-04-28T21:09:16.823+0000] {processor.py:830} INFO - Processing file /opt/airflow/dags/flight-pipeline.py for tasks to queue
[2026-04-28T21:09:16.824+0000] {logging_mixin.py:188} INFO - [2026-04-28T21:09:16.824+0000] {dagbag.py:545} INFO - Filling up the DagBag from /opt/airflow/dags/flight-pipeline.py
[2026-04-28T21:09:17.684+0000] {processor.py:840} INFO - DAG(s) 'flights_ops_medallion_pipe' retrieved from /opt/airflow/dags/flight-pipeline.py
[2026-04-28T21:09:17.720+0000] {logging_mixin.py:188} INFO - [2026-04-28T21:09:17.719+0000] {dag.py:3089} INFO - Sync 1 DAGs
[2026-04-28T21:09:17.742+0000] {logging_mixin.py:188} INFO - [2026-04-28T21:09:17.742+0000] {dag.py:3947} INFO - Setting next_dagrun for flights_ops_medallion_pipe to 2026-04-28 21:00:00+00:00, run_after=2026-04-28 21:30:00+00:00
[2026-04-28T21:09:17.761+0000] {processor.py:183} INFO - Processing /opt/airflow/dags/flight-pipeline.py took 0.951 seconds
[2026-04-28T21:09:48.020+0000] {processor.py:161} INFO - Started process (PID=4713) to work on /opt/airflow/dags/flight-pipeline.py
[2026-04-28T21:09:48.022+0000] {processor.py:830} INFO - Processing file /opt/airflow/dags/flight-pipeline.py for tasks to queue
[2026-04-28T21:09:48.024+0000] {logging_mixin.py:188} INFO - [2026-04-28T21:09:48.024+0000] {dagbag.py:545} INFO - Filling up the DagBag from /opt/airflow/dags/flight-pipeline.py
[2026-04-28T21:09:48.928+0000] {processor.py:840} INFO - DAG(s) 'flights_ops_medallion_pipe' retrieved from /opt/airflow/dags/flight-pipeline.py
[2026-04-28T21:09:48.965+0000] {logging_mixin.py:188} INFO - [2026-04-28T21:09:48.964+0000] {dag.py:3089} INFO - Sync 1 DAGs
[2026-04-28T21:09:48.984+0000] {logging_mixin.py:188} INFO - [2026-04-28T21:09:48.984+0000] {dag.py:3947} INFO - Setting next_dagrun for flights_ops_medallion_pipe to 2026-04-28 21:00:00+00:00, run_after=2026-04-28 21:30:00+00:00
[2026-04-28T21:09:49.003+0000] {processor.py:183} INFO - Processing /opt/airflow/dags/flight-pipeline.py took 0.991 seconds
[2026-04-28T21:10:19.356+0000] {processor.py:161} INFO - Started process (PID=4716) to work on /opt/airflow/dags/flight-pipeline.py
[2026-04-28T21:10:19.359+0000] {processor.py:830} INFO - Processing file /opt/airflow/dags/flight-pipeline.py for tasks to queue
[2026-04-28T21:10:19.360+0000] {logging_mixin.py:188} INFO - [2026-04-28T21:10:19.360+0000] {dagbag.py:545} INFO - Filling up the DagBag from /opt/airflow/dags/flight-pipeline.py
[2026-04-28T21:10:20.309+0000] {processor.py:840} INFO - DAG(s) 'flights_ops_medallion_pipe' retrieved from /opt/airflow/dags/flight-pipeline.py
[2026-04-28T21:10:20.353+0000] {logging_mixin.py:188} INFO - [2026-04-28T21:10:20.353+0000] {dag.py:3089} INFO - Sync 1 DAGs
[2026-04-28T21:10:20.375+0000] {logging_mixin.py:188} INFO - [2026-04-28T21:10:20.375+0000] {dag.py:3947} INFO - Setting next_dagrun for flights_ops_medallion_pipe to 2026-04-28 21:00:00+00:00, run_after=2026-04-28 21:30:00+00:00
[2026-04-28T21:10:20.396+0000] {processor.py:183} INFO - Processing /opt/airflow/dags/flight-pipeline.py took 1.052 seconds
[2026-04-28T21:10:50.649+0000] {processor.py:161} INFO - Started process (PID=4719) to work on /opt/airflow/dags/flight-pipeline.py
[2026-04-28T21:10:50.651+0000] {processor.py:830} INFO - Processing file /opt/airflow/dags/flight-pipeline.py for tasks to queue
[2026-04-28T21:10:50.652+0000] {logging_mixin.py:188} INFO - [2026-04-28T21:10:50.652+0000] {dagbag.py:545} INFO - Filling up the DagBag from /opt/airflow/dags/flight-pipeline.py
[2026-04-28T21:10:51.736+0000] {processor.py:840} INFO - DAG(s) 'flights_ops_medallion_pipe' retrieved from /opt/airflow/dags/flight-pipeline.py
[2026-04-28T21:10:51.769+0000] {logging_mixin.py:188} INFO - [2026-04-28T21:10:51.768+0000] {dag.py:3089} INFO - Sync 1 DAGs
[2026-04-28T21:10:51.792+0000] {logging_mixin.py:188} INFO - [2026-04-28T21:10:51.792+0000] {dag.py:3947} INFO - Setting next_dagrun for flights_ops_medallion_pipe to 2026-04-28 21:00:00+00:00, run_after=2026-04-28 21:30:00+00:00
[2026-04-28T21:10:51.812+0000] {processor.py:183} INFO - Processing /opt/airflow/dags/flight-pipeline.py took 1.173 seconds
[2026-04-28T21:11:21.942+0000] {processor.py:161} INFO - Started process (PID=4722) to work on /opt/airflow/dags/flight-pipeline.py
[2026-04-28T21:11:21.946+0000] {processor.py:830} INFO - Processing file /opt/airflow/dags/flight-pipeline.py for tasks to queue
[2026-04-28T21:11:21.948+0000] {logging_mixin.py:188} INFO - [2026-04-28T21:11:21.947+0000] {dagbag.py:545} INFO - Filling up the DagBag from /opt/airflow/dags/flight-pipeline.py
[2026-04-28T21:11:22.828+0000] {processor.py:840} INFO - DAG(s) 'flights_ops_medallion_pipe' retrieved from /opt/airflow/dags/flight-pipeline.py
[2026-04-28T21:11:22.866+0000] {logging_mixin.py:188} INFO - [2026-04-28T21:11:22.866+0000] {dag.py:3089} INFO - Sync 1 DAGs
[2026-04-28T21:11:22.905+0000] {logging_mixin.py:188} INFO - [2026-04-28T21:11:22.905+0000] {dag.py:3947} INFO - Setting next_dagrun for flights_ops_medallion_pipe to 2026-04-28 21:00:00+00:00, run_after=2026-04-28 21:30:00+00:00
[2026-04-28T21:11:22.946+0000] {processor.py:183} INFO - Processing /opt/airflow/dags/flight-pipeline.py took 1.014 seconds
[2026-04-28T21:11:53.261+0000] {processor.py:161} INFO - Started process (PID=4725) to work on /opt/airflow/dags/flight-pipeline.py
[2026-04-28T21:11:53.263+0000] {processor.py:830} INFO - Processing file /opt/airflow/dags/flight-pipeline.py for tasks to queue
[2026-04-28T21:11:53.264+0000] {logging_mixin.py:188} INFO - [2026-04-28T21:11:53.264+0000] {dagbag.py:545} INFO - Filling up the DagBag from /opt/airflow/dags/flight-pipeline.py
[2026-04-28T21:11:54.114+0000] {processor.py:840} INFO - DAG(s) 'flights_ops_medallion_pipe' retrieved from /opt/airflow/dags/flight-pipeline.py
[2026-04-28T21:11:54.148+0000] {logging_mixin.py:188} INFO - [2026-04-28T21:11:54.148+0000] {dag.py:3089} INFO - Sync 1 DAGs
[2026-04-28T21:11:54.170+0000] {logging_mixin.py:188} INFO - [2026-04-28T21:11:54.170+0000] {dag.py:3947} INFO - Setting next_dagrun for flights_ops_medallion_pipe to 2026-04-28 21:00:00+00:00, run_after=2026-04-28 21:30:00+00:00
[2026-04-28T21:11:54.190+0000] {processor.py:183} INFO - Processing /opt/airflow/dags/flight-pipeline.py took 0.939 seconds
[2026-04-28T21:12:24.489+0000] {processor.py:161} INFO - Started process (PID=4728) to work on /opt/airflow/dags/flight-pipeline.py
[2026-04-28T21:12:24.491+0000] {processor.py:830} INFO - Processing file /opt/airflow/dags/flight-pipeline.py for tasks to queue
[2026-04-28T21:12:24.493+0000] {logging_mixin.py:188} INFO - [2026-04-28T21:12:24.492+0000] {dagbag.py:545} INFO - Filling up the DagBag from /opt/airflow/dags/flight-pipeline.py
[2026-04-28T21:12:25.352+0000] {processor.py:840} INFO - DAG(s) 'flights_ops_medallion_pipe' retrieved from /opt/airflow/dags/flight-pipeline.py
[2026-04-28T21:12:25.383+0000] {logging_mixin.py:188} INFO - [2026-04-28T21:12:25.382+0000] {dag.py:3089} INFO - Sync 1 DAGs
[2026-04-28T21:12:25.403+0000] {logging_mixin.py:188} INFO - [2026-04-28T21:12:25.403+0000] {dag.py:3947} INFO - Setting next_dagrun for flights_ops_medallion_pipe to 2026-04-28 21:00:00+00:00, run_after=2026-04-28 21:30:00+00:00
[2026-04-28T21:12:25.421+0000] {processor.py:183} INFO - Processing /opt/airflow/dags/flight-pipeline.py took 0.940 seconds
[2026-04-28T21:12:55.687+0000] {processor.py:161} INFO - Started process (PID=4731) to work on /opt/airflow/dags/flight-pipeline.py
[2026-04-28T21:12:55.689+0000] {processor.py:830} INFO - Processing file /opt/airflow/dags/flight-pipeline.py for tasks to queue
[2026-04-28T21:12:55.690+0000] {logging_mixin.py:188} INFO - [2026-04-28T21:12:55.690+0000] {dagbag.py:545} INFO - Filling up the DagBag from /opt/airflow/dags/flight-pipeline.py
[2026-04-28T21:12:56.703+0000] {processor.py:840} INFO - DAG(s) 'flights_ops_medallion_pipe' retrieved from /opt/airflow/dags/flight-pipeline.py
[2026-04-28T21:12:56.735+0000] {logging_mixin.py:188} INFO - [2026-04-28T21:12:56.734+0000] {dag.py:3089} INFO - Sync 1 DAGs
[2026-04-28T21:12:56.756+0000] {logging_mixin.py:188} INFO - [2026-04-28T21:12:56.756+0000] {dag.py:3947} INFO - Setting next_dagrun for flights_ops_medallion_pipe to 2026-04-28 21:00:00+00:00, run_after=2026-04-28 21:30:00+00:00
[2026-04-28T21:12:56.774+0000] {processor.py:183} INFO - Processing /opt/airflow/dags/flight-pipeline.py took 1.096 seconds
[2026-04-28T21:13:26.940+0000] {processor.py:161} INFO - Started process (PID=4734) to work on /opt/airflow/dags/flight-pipeline.py
[2026-04-28T21:13:26.943+0000] {processor.py:830} INFO - Processing file /opt/airflow/dags/flight-pipeline.py for tasks to queue
[2026-04-28T21:13:26.944+0000] {logging_mixin.py:188} INFO - [2026-04-28T21:13:26.944+0000] {dagbag.py:545} INFO - Filling up the DagBag from /opt/airflow/dags/flight-pipeline.py
[2026-04-28T21:13:27.985+0000] {processor.py:840} INFO - DAG(s) 'flights_ops_medallion_pipe' retrieved from /opt/airflow/dags/flight-pipeline.py
[2026-04-28T21:13:28.019+0000] {logging_mixin.py:188} INFO - [2026-04-28T21:13:28.018+0000] {dag.py:3089} INFO - Sync 1 DAGs
[2026-04-28T21:13:28.041+0000] {logging_mixin.py:188} INFO - [2026-04-28T21:13:28.040+0000] {dag.py:3947} INFO - Setting next_dagrun for flights_ops_medallion_pipe to 2026-04-28 21:00:00+00:00, run_after=2026-04-28 21:30:00+00:00
[2026-04-28T21:13:28.061+0000] {processor.py:183} INFO - Processing /opt/airflow/dags/flight-pipeline.py took 1.130 seconds
[2026-04-28T21:13:58.446+0000] {processor.py:161} INFO - Started process (PID=4737) to work on /opt/airflow/dags/flight-pipeline.py
[2026-04-28T21:13:58.448+0000] {processor.py:830} INFO - Processing file /opt/airflow/dags/flight-pipeline.py for tasks to queue
[2026-04-28T21:13:58.449+0000] {logging_mixin.py:188} INFO - [2026-04-28T21:13:58.449+0000] {dagbag.py:545} INFO - Filling up the DagBag from /opt/airflow/dags/flight-pipeline.py
[2026-04-28T21:13:59.292+0000] {processor.py:840} INFO - DAG(s) 'flights_ops_medallion_pipe' retrieved from /opt/airflow/dags/flight-pipeline.py
[2026-04-28T21:13:59.324+0000] {logging_mixin.py:188} INFO - [2026-04-28T21:13:59.323+0000] {dag.py:3089} INFO - Sync 1 DAGs
[2026-04-28T21:13:59.345+0000] {logging_mixin.py:188} INFO - [2026-04-28T21:13:59.345+0000] {dag.py:3947} INFO - Setting next_dagrun for flights_ops_medallion_pipe to 2026-04-28 21:00:00+00:00, run_after=2026-04-28 21:30:00+00:00
[2026-04-28T21:13:59.362+0000] {processor.py:183} INFO - Processing /opt/airflow/dags/flight-pipeline.py took 0.924 seconds
[2026-04-28T21:14:29.693+0000] {processor.py:161} INFO - Started process (PID=4740) to work on /opt/airflow/dags/flight-pipeline.py
[2026-04-28T21:14:29.696+0000] {processor.py:830} INFO - Processing file /opt/airflow/dags/flight-pipeline.py for tasks to queue
[2026-04-28T21:14:29.697+0000] {logging_mixin.py:188} INFO - [2026-04-28T21:14:29.697+0000] {dagbag.py:545} INFO - Filling up the DagBag from /opt/airflow/dags/flight-pipeline.py
[2026-04-28T21:14:30.551+0000] {processor.py:840} INFO - DAG(s) 'flights_ops_medallion_pipe' retrieved from /opt/airflow/dags/flight-pipeline.py
[2026-04-28T21:14:30.584+0000] {logging_mixin.py:188} INFO - [2026-04-28T21:14:30.584+0000] {dag.py:3089} INFO - Sync 1 DAGs
[2026-04-28T21:14:30.610+0000] {logging_mixin.py:188} INFO - [2026-04-28T21:14:30.610+0000] {dag.py:3947} INFO - Setting next_dagrun for flights_ops_medallion_pipe to 2026-04-28 21:00:00+00:00, run_after=2026-04-28 21:30:00+00:00
[2026-04-28T21:14:30.632+0000] {processor.py:183} INFO - Processing /opt/airflow/dags/flight-pipeline.py took 0.947 seconds
[2026-04-28T21:15:00.932+0000] {processor.py:161} INFO - Started process (PID=4743) to work on /opt/airflow/dags/flight-pipeline.py
[2026-04-28T21:15:00.934+0000] {processor.py:830} INFO - Processing file /opt/airflow/dags/flight-pipeline.py for tasks to queue
[2026-04-28T21:15:00.935+0000] {logging_mixin.py:188} INFO - [2026-04-28T21:15:00.935+0000] {dagbag.py:545} INFO - Filling up the DagBag from /opt/airflow/dags/flight-pipeline.py
[2026-04-28T21:15:01.731+0000] {processor.py:840} INFO - DAG(s) 'flights_ops_medallion_pipe' retrieved from /opt/airflow/dags/flight-pipeline.py
[2026-04-28T21:15:01.764+0000] {logging_mixin.py:188} INFO - [2026-04-28T21:15:01.764+0000] {dag.py:3089} INFO - Sync 1 DAGs
[2026-04-28T21:15:01.783+0000] {logging_mixin.py:188} INFO - [2026-04-28T21:15:01.783+0000] {dag.py:3947} INFO - Setting next_dagrun for flights_ops_medallion_pipe to 2026-04-28 21:00:00+00:00, run_after=2026-04-28 21:30:00+00:00
[2026-04-28T21:15:01.802+0000] {processor.py:183} INFO - Processing /opt/airflow/dags/flight-pipeline.py took 0.878 seconds
[2026-04-28T21:15:32.057+0000] {processor.py:161} INFO - Started process (PID=4746) to work on /opt/airflow/dags/flight-pipeline.py
[2026-04-28T21:15:32.059+0000] {processor.py:830} INFO - Processing file /opt/airflow/dags/flight-pipeline.py for tasks to queue
[2026-04-28T21:15:32.060+0000] {logging_mixin.py:188} INFO - [2026-04-28T21:15:32.060+0000] {dagbag.py:545} INFO - Filling up the DagBag from /opt/airflow/dags/flight-pipeline.py
[2026-04-28T21:15:32.932+0000] {processor.py:840} INFO - DAG(s) 'flights_ops_medallion_pipe' retrieved from /opt/airflow/dags/flight-pipeline.py
[2026-04-28T21:15:32.965+0000] {logging_mixin.py:188} INFO - [2026-04-28T21:15:32.965+0000] {dag.py:3089} INFO - Sync 1 DAGs
[2026-04-28T21:15:32.986+0000] {logging_mixin.py:188} INFO - [2026-04-28T21:15:32.985+0000] {dag.py:3947} INFO - Setting next_dagrun for flights_ops_medallion_pipe to 2026-04-28 21:00:00+00:00, run_after=2026-04-28 21:30:00+00:00
[2026-04-28T21:15:33.004+0000] {processor.py:183} INFO - Processing /opt/airflow/dags/flight-pipeline.py took 0.955 seconds
[2026-04-28T21:16:03.280+0000] {processor.py:161} INFO - Started process (PID=4749) to work on /opt/airflow/dags/flight-pipeline.py
[2026-04-28T21:16:03.282+0000] {processor.py:830} INFO - Processing file /opt/airflow/dags/flight-pipeline.py for tasks to queue
[2026-04-28T21:16:03.283+0000] {logging_mixin.py:188} INFO - [2026-04-28T21:16:03.283+0000] {dagbag.py:545} INFO - Filling up the DagBag from /opt/airflow/dags/flight-pipeline.py
[2026-04-28T21:16:04.314+0000] {processor.py:840} INFO - DAG(s) 'flights_ops_medallion_pipe' retrieved from /opt/airflow/dags/flight-pipeline.py
[2026-04-28T21:16:04.344+0000] {logging_mixin.py:188} INFO - [2026-04-28T21:16:04.344+0000] {dag.py:3089} INFO - Sync 1 DAGs
[2026-04-28T21:16:04.364+0000] {logging_mixin.py:188} INFO - [2026-04-28T21:16:04.364+0000] {dag.py:3947} INFO - Setting next_dagrun for flights_ops_medallion_pipe to 2026-04-28 21:00:00+00:00, run_after=2026-04-28 21:30:00+00:00
[2026-04-28T21:16:04.385+0000] {processor.py:183} INFO - Processing /opt/airflow/dags/flight-pipeline.py took 1.113 seconds
[2026-04-28T21:16:34.659+0000] {processor.py:161} INFO - Started process (PID=4752) to work on /opt/airflow/dags/flight-pipeline.py
[2026-04-28T21:16:34.661+0000] {processor.py:830} INFO - Processing file /opt/airflow/dags/flight-pipeline.py for tasks to queue
[2026-04-28T21:16:34.663+0000] {logging_mixin.py:188} INFO - [2026-04-28T21:16:34.662+0000] {dagbag.py:545} INFO - Filling up the DagBag from /opt/airflow/dags/flight-pipeline.py
[2026-04-28T21:16:35.474+0000] {processor.py:840} INFO - DAG(s) 'flights_ops_medallion_pipe' retrieved from /opt/airflow/dags/flight-pipeline.py
[2026-04-28T21:16:35.507+0000] {logging_mixin.py:188} INFO - [2026-04-28T21:16:35.507+0000] {dag.py:3089} INFO - Sync 1 DAGs
[2026-04-28T21:16:35.526+0000] {logging_mixin.py:188} INFO - [2026-04-28T21:16:35.526+0000] {dag.py:3947} INFO - Setting next_dagrun for flights_ops_medallion_pipe to 2026-04-28 21:00:00+00:00, run_after=2026-04-28 21:30:00+00:00
[2026-04-28T21:16:35.544+0000] {processor.py:183} INFO - Processing /opt/airflow/dags/flight-pipeline.py took 0.896 seconds
[2026-04-28T21:17:05.894+0000] {processor.py:161} INFO - Started process (PID=4755) to work on /opt/airflow/dags/flight-pipeline.py
[2026-04-28T21:17:05.897+0000] {processor.py:830} INFO - Processing file /opt/airflow/dags/flight-pipeline.py for tasks to queue
[2026-04-28T21:17:05.900+0000] {logging_mixin.py:188} INFO - [2026-04-28T21:17:05.899+0000] {dagbag.py:545} INFO - Filling up the DagBag from /opt/airflow/dags/flight-pipeline.py
[2026-04-28T21:17:06.831+0000] {processor.py:840} INFO - DAG(s) 'flights_ops_medallion_pipe' retrieved from /opt/airflow/dags/flight-pipeline.py
[2026-04-28T21:17:06.868+0000] {logging_mixin.py:188} INFO - [2026-04-28T21:17:06.867+0000] {dag.py:3089} INFO - Sync 1 DAGs
[2026-04-28T21:17:06.894+0000] {logging_mixin.py:188} INFO - [2026-04-28T21:17:06.893+0000] {dag.py:3947} INFO - Setting next_dagrun for flights_ops_medallion_pipe to 2026-04-28 21:00:00+00:00, run_after=2026-04-28 21:30:00+00:00
[2026-04-28T21:17:06.914+0000] {processor.py:183} INFO - Processing /opt/airflow/dags/flight-pipeline.py took 1.030 seconds
[2026-04-28T21:17:37.184+0000] {processor.py:161} INFO - Started process (PID=4758) to work on /opt/airflow/dags/flight-pipeline.py
[2026-04-28T21:17:37.186+0000] {processor.py:830} INFO - Processing file /opt/airflow/dags/flight-pipeline.py for tasks to queue
[2026-04-28T21:17:37.188+0000] {logging_mixin.py:188} INFO - [2026-04-28T21:17:37.187+0000] {dagbag.py:545} INFO - Filling up the DagBag from /opt/airflow/dags/flight-pipeline.py
[2026-04-28T21:17:37.971+0000] {processor.py:840} INFO - DAG(s) 'flights_ops_medallion_pipe' retrieved from /opt/airflow/dags/flight-pipeline.py
[2026-04-28T21:17:38.001+0000] {logging_mixin.py:188} INFO - [2026-04-28T21:17:38.000+0000] {dag.py:3089} INFO - Sync 1 DAGs
[2026-04-28T21:17:38.031+0000] {logging_mixin.py:188} INFO - [2026-04-28T21:17:38.031+0000] {dag.py:3947} INFO - Setting next_dagrun for flights_ops_medallion_pipe to 2026-04-28 21:00:00+00:00, run_after=2026-04-28 21:30:00+00:00
[2026-04-28T21:17:38.063+0000] {processor.py:183} INFO - Processing /opt/airflow/dags/flight-pipeline.py took 0.889 seconds
[2026-04-28T21:18:08.370+0000] {processor.py:161} INFO - Started process (PID=4761) to work on /opt/airflow/dags/flight-pipeline.py
[2026-04-28T21:18:08.373+0000] {processor.py:830} INFO - Processing file /opt/airflow/dags/flight-pipeline.py for tasks to queue
[2026-04-28T21:18:08.374+0000] {logging_mixin.py:188} INFO - [2026-04-28T21:18:08.374+0000] {dagbag.py:545} INFO - Filling up the DagBag from /opt/airflow/dags/flight-pipeline.py
[2026-04-28T21:18:09.163+0000] {processor.py:840} INFO - DAG(s) 'flights_ops_medallion_pipe' retrieved from /opt/airflow/dags/flight-pipeline.py
[2026-04-28T21:18:09.197+0000] {logging_mixin.py:188} INFO - [2026-04-28T21:18:09.197+0000] {dag.py:3089} INFO - Sync 1 DAGs
[2026-04-28T21:18:09.217+0000] {logging_mixin.py:188} INFO - [2026-04-28T21:18:09.217+0000] {dag.py:3947} INFO - Setting next_dagrun for flights_ops_medallion_pipe to 2026-04-28 21:00:00+00:00, run_after=2026-04-28 21:30:00+00:00
[2026-04-28T21:18:09.240+0000] {processor.py:183} INFO - Processing /opt/airflow/dags/flight-pipeline.py took 0.879 seconds
[2026-04-28T21:18:39.504+0000] {processor.py:161} INFO - Started process (PID=4764) to work on /opt/airflow/dags/flight-pipeline.py
[2026-04-28T21:18:39.507+0000] {processor.py:830} INFO - Processing file /opt/airflow/dags/flight-pipeline.py for tasks to queue
[2026-04-28T21:18:39.511+0000] {logging_mixin.py:188} INFO - [2026-04-28T21:18:39.510+0000] {dagbag.py:545} INFO - Filling up the DagBag from /opt/airflow/dags/flight-pipeline.py
[2026-04-28T21:18:40.384+0000] {processor.py:840} INFO - DAG(s) 'flights_ops_medallion_pipe' retrieved from /opt/airflow/dags/flight-pipeline.py
[2026-04-28T21:18:40.417+0000] {logging_mixin.py:188} INFO - [2026-04-28T21:18:40.416+0000] {dag.py:3089} INFO - Sync 1 DAGs
[2026-04-28T21:18:40.439+0000] {logging_mixin.py:188} INFO - [2026-04-28T21:18:40.439+0000] {dag.py:3947} INFO - Setting next_dagrun for flights_ops_medallion_pipe to 2026-04-28 21:00:00+00:00, run_after=2026-04-28 21:30:00+00:00
[2026-04-28T21:18:40.460+0000] {processor.py:183} INFO - Processing /opt/airflow/dags/flight-pipeline.py took 0.966 seconds
[2026-04-28T21:19:11.102+0000] {processor.py:161} INFO - Started process (PID=4767) to work on /opt/airflow/dags/flight-pipeline.py
[2026-04-28T21:19:11.105+0000] {processor.py:830} INFO - Processing file /opt/airflow/dags/flight-pipeline.py for tasks to queue
[2026-04-28T21:19:11.107+0000] {logging_mixin.py:188} INFO - [2026-04-28T21:19:11.106+0000] {dagbag.py:545} INFO - Filling up the DagBag from /opt/airflow/dags/flight-pipeline.py
[2026-04-28T21:19:12.199+0000] {processor.py:840} INFO - DAG(s) 'flights_ops_medallion_pipe' retrieved from /opt/airflow/dags/flight-pipeline.py
[2026-04-28T21:19:12.233+0000] {logging_mixin.py:188} INFO - [2026-04-28T21:19:12.232+0000] {dag.py:3089} INFO - Sync 1 DAGs
[2026-04-28T21:19:12.259+0000] {logging_mixin.py:188} INFO - [2026-04-28T21:19:12.258+0000] {dag.py:3947} INFO - Setting next_dagrun for flights_ops_medallion_pipe to 2026-04-28 21:00:00+00:00, run_after=2026-04-28 21:30:00+00:00
[2026-04-28T21:19:12.277+0000] {processor.py:183} INFO - Processing /opt/airflow/dags/flight-pipeline.py took 1.187 seconds
[2026-04-28T21:19:42.590+0000] {processor.py:161} INFO - Started process (PID=4770) to work on /opt/airflow/dags/flight-pipeline.py
[2026-04-28T21:19:42.594+0000] {processor.py:830} INFO - Processing file /opt/airflow/dags/flight-pipeline.py for tasks to queue
[2026-04-28T21:19:42.597+0000] {logging_mixin.py:188} INFO - [2026-04-28T21:19:42.596+0000] {dagbag.py:545} INFO - Filling up the DagBag from /opt/airflow/dags/flight-pipeline.py
[2026-04-28T21:19:43.746+0000] {processor.py:840} INFO - DAG(s) 'flights_ops_medallion_pipe' retrieved from /opt/airflow/dags/flight-pipeline.py
[2026-04-28T21:19:43.781+0000] {logging_mixin.py:188} INFO - [2026-04-28T21:19:43.781+0000] {dag.py:3089} INFO - Sync 1 DAGs
[2026-04-28T21:19:43.804+0000] {logging_mixin.py:188} INFO - [2026-04-28T21:19:43.804+0000] {dag.py:3947} INFO - Setting next_dagrun for flights_ops_medallion_pipe to 2026-04-28 21:00:00+00:00, run_after=2026-04-28 21:30:00+00:00
[2026-04-28T21:19:43.826+0000] {processor.py:183} INFO - Processing /opt/airflow/dags/flight-pipeline.py took 1.254 seconds
[2026-04-28T21:20:14.087+0000] {processor.py:161} INFO - Started process (PID=4773) to work on /opt/airflow/dags/flight-pipeline.py
[2026-04-28T21:20:14.089+0000] {processor.py:830} INFO - Processing file /opt/airflow/dags/flight-pipeline.py for tasks to queue
[2026-04-28T21:20:14.090+0000] {logging_mixin.py:188} INFO - [2026-04-28T21:20:14.090+0000] {dagbag.py:545} INFO - Filling up the DagBag from /opt/airflow/dags/flight-pipeline.py
[2026-04-28T21:20:14.949+0000] {processor.py:840} INFO - DAG(s) 'flights_ops_medallion_pipe' retrieved from /opt/airflow/dags/flight-pipeline.py
[2026-04-28T21:20:14.980+0000] {logging_mixin.py:188} INFO - [2026-04-28T21:20:14.980+0000] {dag.py:3089} INFO - Sync 1 DAGs
[2026-04-28T21:20:15.012+0000] {logging_mixin.py:188} INFO - [2026-04-28T21:20:15.012+0000] {dag.py:3947} INFO - Setting next_dagrun for flights_ops_medallion_pipe to 2026-04-28 21:00:00+00:00, run_after=2026-04-28 21:30:00+00:00
[2026-04-28T21:20:15.052+0000] {processor.py:183} INFO - Processing /opt/airflow/dags/flight-pipeline.py took 0.975 seconds
[2026-04-28T21:20:45.334+0000] {processor.py:161} INFO - Started process (PID=4776) to work on /opt/airflow/dags/flight-pipeline.py
[2026-04-28T21:20:45.337+0000] {processor.py:830} INFO - Processing file /opt/airflow/dags/flight-pipeline.py for tasks to queue
[2026-04-28T21:20:45.339+0000] {logging_mixin.py:188} INFO - [2026-04-28T21:20:45.339+0000] {dagbag.py:545} INFO - Filling up the DagBag from /opt/airflow/dags/flight-pipeline.py
[2026-04-28T21:20:46.274+0000] {processor.py:840} INFO - DAG(s) 'flights_ops_medallion_pipe' retrieved from /opt/airflow/dags/flight-pipeline.py
[2026-04-28T21:20:46.309+0000] {logging_mixin.py:188} INFO - [2026-04-28T21:20:46.309+0000] {dag.py:3089} INFO - Sync 1 DAGs
[2026-04-28T21:20:46.337+0000] {logging_mixin.py:188} INFO - [2026-04-28T21:20:46.337+0000] {dag.py:3947} INFO - Setting next_dagrun for flights_ops_medallion_pipe to 2026-04-28 21:00:00+00:00, run_after=2026-04-28 21:30:00+00:00
[2026-04-28T21:20:46.365+0000] {processor.py:183} INFO - Processing /opt/airflow/dags/flight-pipeline.py took 1.042 seconds
[2026-04-28T21:21:16.614+0000] {processor.py:161} INFO - Started process (PID=4779) to work on /opt/airflow/dags/flight-pipeline.py
[2026-04-28T21:21:16.617+0000] {processor.py:830} INFO - Processing file /opt/airflow/dags/flight-pipeline.py for tasks to queue
[2026-04-28T21:21:16.619+0000] {logging_mixin.py:188} INFO - [2026-04-28T21:21:16.619+0000] {dagbag.py:545} INFO - Filling up the DagBag from /opt/airflow/dags/flight-pipeline.py
[2026-04-28T21:21:17.472+0000] {processor.py:840} INFO - DAG(s) 'flights_ops_medallion_pipe' retrieved from /opt/airflow/dags/flight-pipeline.py
[2026-04-28T21:21:17.501+0000] {logging_mixin.py:188} INFO - [2026-04-28T21:21:17.500+0000] {dag.py:3089} INFO - Sync 1 DAGs
[2026-04-28T21:21:17.520+0000] {logging_mixin.py:188} INFO - [2026-04-28T21:21:17.520+0000] {dag.py:3947} INFO - Setting next_dagrun for flights_ops_medallion_pipe to 2026-04-28 21:00:00+00:00, run_after=2026-04-28 21:30:00+00:00
[2026-04-28T21:21:17.540+0000] {processor.py:183} INFO - Processing /opt/airflow/dags/flight-pipeline.py took 0.949 seconds
[2026-04-28T21:21:47.815+0000] {processor.py:161} INFO - Started process (PID=4782) to work on /opt/airflow/dags/flight-pipeline.py
[2026-04-28T21:21:47.819+0000] {processor.py:830} INFO - Processing file /opt/airflow/dags/flight-pipeline.py for tasks to queue
[2026-04-28T21:21:47.821+0000] {logging_mixin.py:188} INFO - [2026-04-28T21:21:47.821+0000] {dagbag.py:545} INFO - Filling up the DagBag from /opt/airflow/dags/flight-pipeline.py
[2026-04-28T21:21:48.748+0000] {processor.py:840} INFO - DAG(s) 'flights_ops_medallion_pipe' retrieved from /opt/airflow/dags/flight-pipeline.py
[2026-04-28T21:21:48.782+0000] {logging_mixin.py:188} INFO - [2026-04-28T21:21:48.782+0000] {dag.py:3089} INFO - Sync 1 DAGs
[2026-04-28T21:21:48.806+0000] {logging_mixin.py:188} INFO - [2026-04-28T21:21:48.805+0000] {dag.py:3947} INFO - Setting next_dagrun for flights_ops_medallion_pipe to 2026-04-28 21:00:00+00:00, run_after=2026-04-28 21:30:00+00:00
[2026-04-28T21:21:48.824+0000] {processor.py:183} INFO - Processing /opt/airflow/dags/flight-pipeline.py took 1.021 seconds
[2026-04-28T21:22:19.096+0000] {processor.py:161} INFO - Started process (PID=4785) to work on /opt/airflow/dags/flight-pipeline.py
[2026-04-28T21:22:19.100+0000] {processor.py:830} INFO - Processing file /opt/airflow/dags/flight-pipeline.py for tasks to queue
[2026-04-28T21:22:19.101+0000] {logging_mixin.py:188} INFO - [2026-04-28T21:22:19.101+0000] {dagbag.py:545} INFO - Filling up the DagBag from /opt/airflow/dags/flight-pipeline.py
[2026-04-28T21:22:19.964+0000] {processor.py:840} INFO - DAG(s) 'flights_ops_medallion_pipe' retrieved from /opt/airflow/dags/flight-pipeline.py
[2026-04-28T21:22:19.999+0000] {logging_mixin.py:188} INFO - [2026-04-28T21:22:19.999+0000] {dag.py:3089} INFO - Sync 1 DAGs
[2026-04-28T21:22:20.023+0000] {logging_mixin.py:188} INFO - [2026-04-28T21:22:20.022+0000] {dag.py:3947} INFO - Setting next_dagrun for flights_ops_medallion_pipe to 2026-04-28 21:00:00+00:00, run_after=2026-04-28 21:30:00+00:00
[2026-04-28T21:22:20.043+0000] {processor.py:183} INFO - Processing /opt/airflow/dags/flight-pipeline.py took 0.955 seconds
[2026-04-28T21:22:50.324+0000] {processor.py:161} INFO - Started process (PID=4788) to work on /opt/airflow/dags/flight-pipeline.py
[2026-04-28T21:22:50.327+0000] {processor.py:830} INFO - Processing file /opt/airflow/dags/flight-pipeline.py for tasks to queue
[2026-04-28T21:22:50.329+0000] {logging_mixin.py:188} INFO - [2026-04-28T21:22:50.328+0000] {dagbag.py:545} INFO - Filling up the DagBag from /opt/airflow/dags/flight-pipeline.py
[2026-04-28T21:22:51.190+0000] {processor.py:840} INFO - DAG(s) 'flights_ops_medallion_pipe' retrieved from /opt/airflow/dags/flight-pipeline.py
[2026-04-28T21:22:51.221+0000] {logging_mixin.py:188} INFO - [2026-04-28T21:22:51.221+0000] {dag.py:3089} INFO - Sync 1 DAGs
[2026-04-28T21:22:51.243+0000] {logging_mixin.py:188} INFO - [2026-04-28T21:22:51.242+0000] {dag.py:3947} INFO - Setting next_dagrun for flights_ops_medallion_pipe to 2026-04-28 21:00:00+00:00, run_after=2026-04-28 21:30:00+00:00
[2026-04-28T21:22:51.260+0000] {processor.py:183} INFO - Processing /opt/airflow/dags/flight-pipeline.py took 0.944 seconds
[2026-04-28T21:23:21.534+0000] {processor.py:161} INFO - Started process (PID=4791) to work on /opt/airflow/dags/flight-pipeline.py
[2026-04-28T21:23:21.539+0000] {processor.py:830} INFO - Processing file /opt/airflow/dags/flight-pipeline.py for tasks to queue
[2026-04-28T21:23:21.540+0000] {logging_mixin.py:188} INFO - [2026-04-28T21:23:21.539+0000] {dagbag.py:545} INFO - Filling up the DagBag from /opt/airflow/dags/flight-pipeline.py
[2026-04-28T21:23:22.315+0000] {processor.py:840} INFO - DAG(s) 'flights_ops_medallion_pipe' retrieved from /opt/airflow/dags/flight-pipeline.py
[2026-04-28T21:23:22.343+0000] {logging_mixin.py:188} INFO - [2026-04-28T21:23:22.343+0000] {dag.py:3089} INFO - Sync 1 DAGs
[2026-04-28T21:23:22.365+0000] {logging_mixin.py:188} INFO - [2026-04-28T21:23:22.365+0000] {dag.py:3947} INFO - Setting next_dagrun for flights_ops_medallion_pipe to 2026-04-28 21:00:00+00:00, run_after=2026-04-28 21:30:00+00:00
[2026-04-28T21:23:22.384+0000] {processor.py:183} INFO - Processing /opt/airflow/dags/flight-pipeline.py took 0.859 seconds
[2026-04-28T21:23:52.656+0000] {processor.py:161} INFO - Started process (PID=4794) to work on /opt/airflow/dags/flight-pipeline.py
[2026-04-28T21:23:52.660+0000] {processor.py:830} INFO - Processing file /opt/airflow/dags/flight-pipeline.py for tasks to queue
[2026-04-28T21:23:52.662+0000] {logging_mixin.py:188} INFO - [2026-04-28T21:23:52.661+0000] {dagbag.py:545} INFO - Filling up the DagBag from /opt/airflow/dags/flight-pipeline.py
[2026-04-28T21:23:53.506+0000] {processor.py:840} INFO - DAG(s) 'flights_ops_medallion_pipe' retrieved from /opt/airflow/dags/flight-pipeline.py
[2026-04-28T21:23:53.542+0000] {logging_mixin.py:188} INFO - [2026-04-28T21:23:53.541+0000] {dag.py:3089} INFO - Sync 1 DAGs
[2026-04-28T21:23:53.561+0000] {logging_mixin.py:188} INFO - [2026-04-28T21:23:53.561+0000] {dag.py:3947} INFO - Setting next_dagrun for flights_ops_medallion_pipe to 2026-04-28 21:00:00+00:00, run_after=2026-04-28 21:30:00+00:00
[2026-04-28T21:23:53.579+0000] {processor.py:183} INFO - Processing /opt/airflow/dags/flight-pipeline.py took 0.936 seconds
[2026-04-28T21:24:23.865+0000] {processor.py:161} INFO - Started process (PID=4797) to work on /opt/airflow/dags/flight-pipeline.py
[2026-04-28T21:24:23.869+0000] {processor.py:830} INFO - Processing file /opt/airflow/dags/flight-pipeline.py for tasks to queue
[2026-04-28T21:24:23.871+0000] {logging_mixin.py:188} INFO - [2026-04-28T21:24:23.870+0000] {dagbag.py:545} INFO - Filling up the DagBag from /opt/airflow/dags/flight-pipeline.py
[2026-04-28T21:24:24.912+0000] {processor.py:840} INFO - DAG(s) 'flights_ops_medallion_pipe' retrieved from /opt/airflow/dags/flight-pipeline.py
[2026-04-28T21:24:24.955+0000] {logging_mixin.py:188} INFO - [2026-04-28T21:24:24.954+0000] {dag.py:3089} INFO - Sync 1 DAGs
[2026-04-28T21:24:24.992+0000] {logging_mixin.py:188} INFO - [2026-04-28T21:24:24.991+0000] {dag.py:3947} INFO - Setting next_dagrun for flights_ops_medallion_pipe to 2026-04-28 21:00:00+00:00, run_after=2026-04-28 21:30:00+00:00
[2026-04-28T21:24:25.033+0000] {processor.py:183} INFO - Processing /opt/airflow/dags/flight-pipeline.py took 1.184 seconds
[2026-04-28T21:24:55.292+0000] {processor.py:161} INFO - Started process (PID=4800) to work on /opt/airflow/dags/flight-pipeline.py
[2026-04-28T21:24:55.295+0000] {processor.py:830} INFO - Processing file /opt/airflow/dags/flight-pipeline.py for tasks to queue
[2026-04-28T21:24:55.296+0000] {logging_mixin.py:188} INFO - [2026-04-28T21:24:55.296+0000] {dagbag.py:545} INFO - Filling up the DagBag from /opt/airflow/dags/flight-pipeline.py
[2026-04-28T21:24:56.248+0000] {processor.py:840} INFO - DAG(s) 'flights_ops_medallion_pipe' retrieved from /opt/airflow/dags/flight-pipeline.py
[2026-04-28T21:24:56.287+0000] {logging_mixin.py:188} INFO - [2026-04-28T21:24:56.287+0000] {dag.py:3089} INFO - Sync 1 DAGs
[2026-04-28T21:24:56.318+0000] {logging_mixin.py:188} INFO - [2026-04-28T21:24:56.318+0000] {dag.py:3947} INFO - Setting next_dagrun for flights_ops_medallion_pipe to 2026-04-28 21:00:00+00:00, run_after=2026-04-28 21:30:00+00:00
[2026-04-28T21:24:56.342+0000] {processor.py:183} INFO - Processing /opt/airflow/dags/flight-pipeline.py took 1.062 seconds
[2026-04-28T21:25:26.544+0000] {processor.py:161} INFO - Started process (PID=4803) to work on /opt/airflow/dags/flight-pipeline.py
[2026-04-28T21:25:26.548+0000] {processor.py:830} INFO - Processing file /opt/airflow/dags/flight-pipeline.py for tasks to queue
[2026-04-28T21:25:26.549+0000] {logging_mixin.py:188} INFO - [2026-04-28T21:25:26.549+0000] {dagbag.py:545} INFO - Filling up the DagBag from /opt/airflow/dags/flight-pipeline.py
[2026-04-28T21:25:27.480+0000] {processor.py:840} INFO - DAG(s) 'flights_ops_medallion_pipe' retrieved from /opt/airflow/dags/flight-pipeline.py
[2026-04-28T21:25:27.513+0000] {logging_mixin.py:188} INFO - [2026-04-28T21:25:27.513+0000] {dag.py:3089} INFO - Sync 1 DAGs
[2026-04-28T21:25:27.539+0000] {logging_mixin.py:188} INFO - [2026-04-28T21:25:27.538+0000] {dag.py:3947} INFO - Setting next_dagrun for flights_ops_medallion_pipe to 2026-04-28 21:00:00+00:00, run_after=2026-04-28 21:30:00+00:00
[2026-04-28T21:25:27.558+0000] {processor.py:183} INFO - Processing /opt/airflow/dags/flight-pipeline.py took 1.023 seconds
[2026-04-28T21:25:57.826+0000] {processor.py:161} INFO - Started process (PID=4806) to work on /opt/airflow/dags/flight-pipeline.py
[2026-04-28T21:25:57.829+0000] {processor.py:830} INFO - Processing file /opt/airflow/dags/flight-pipeline.py for tasks to queue
[2026-04-28T21:25:57.830+0000] {logging_mixin.py:188} INFO - [2026-04-28T21:25:57.830+0000] {dagbag.py:545} INFO - Filling up the DagBag from /opt/airflow/dags/flight-pipeline.py
[2026-04-28T21:25:58.973+0000] {processor.py:840} INFO - DAG(s) 'flights_ops_medallion_pipe' retrieved from /opt/airflow/dags/flight-pipeline.py
[2026-04-28T21:25:59.006+0000] {logging_mixin.py:188} INFO - [2026-04-28T21:25:59.005+0000] {dag.py:3089} INFO - Sync 1 DAGs
[2026-04-28T21:25:59.029+0000] {logging_mixin.py:188} INFO - [2026-04-28T21:25:59.029+0000] {dag.py:3947} INFO - Setting next_dagrun for flights_ops_medallion_pipe to 2026-04-28 21:00:00+00:00, run_after=2026-04-28 21:30:00+00:00
[2026-04-28T21:25:59.048+0000] {processor.py:183} INFO - Processing /opt/airflow/dags/flight-pipeline.py took 1.231 seconds
[2026-04-28T21:26:29.137+0000] {processor.py:161} INFO - Started process (PID=4809) to work on /opt/airflow/dags/flight-pipeline.py
[2026-04-28T21:26:29.143+0000] {processor.py:830} INFO - Processing file /opt/airflow/dags/flight-pipeline.py for tasks to queue
[2026-04-28T21:26:29.145+0000] {logging_mixin.py:188} INFO - [2026-04-28T21:26:29.145+0000] {dagbag.py:545} INFO - Filling up the DagBag from /opt/airflow/dags/flight-pipeline.py
[2026-04-28T21:26:30.526+0000] {processor.py:840} INFO - DAG(s) 'flights_ops_medallion_pipe' retrieved from /opt/airflow/dags/flight-pipeline.py
[2026-04-28T21:26:30.571+0000] {logging_mixin.py:188} INFO - [2026-04-28T21:26:30.571+0000] {dag.py:3089} INFO - Sync 1 DAGs
[2026-04-28T21:26:30.614+0000] {logging_mixin.py:188} INFO - [2026-04-28T21:26:30.613+0000] {dag.py:3947} INFO - Setting next_dagrun for flights_ops_medallion_pipe to 2026-04-28 21:00:00+00:00, run_after=2026-04-28 21:30:00+00:00
[2026-04-28T21:26:30.647+0000] {processor.py:183} INFO - Processing /opt/airflow/dags/flight-pipeline.py took 1.519 seconds
[2026-04-28T21:27:00.874+0000] {processor.py:161} INFO - Started process (PID=4812) to work on /opt/airflow/dags/flight-pipeline.py
[2026-04-28T21:27:00.883+0000] {processor.py:830} INFO - Processing file /opt/airflow/dags/flight-pipeline.py for tasks to queue
[2026-04-28T21:27:00.884+0000] {logging_mixin.py:188} INFO - [2026-04-28T21:27:00.884+0000] {dagbag.py:545} INFO - Filling up the DagBag from /opt/airflow/dags/flight-pipeline.py
[2026-04-28T21:27:02.019+0000] {processor.py:840} INFO - DAG(s) 'flights_ops_medallion_pipe' retrieved from /opt/airflow/dags/flight-pipeline.py
[2026-04-28T21:27:02.062+0000] {logging_mixin.py:188} INFO - [2026-04-28T21:27:02.062+0000] {dag.py:3089} INFO - Sync 1 DAGs
[2026-04-28T21:27:02.097+0000] {logging_mixin.py:188} INFO - [2026-04-28T21:27:02.097+0000] {dag.py:3947} INFO - Setting next_dagrun for flights_ops_medallion_pipe to 2026-04-28 21:00:00+00:00, run_after=2026-04-28 21:30:00+00:00
[2026-04-28T21:27:02.120+0000] {processor.py:183} INFO - Processing /opt/airflow/dags/flight-pipeline.py took 1.255 seconds
[2026-04-28T21:27:32.334+0000] {processor.py:161} INFO - Started process (PID=4815) to work on /opt/airflow/dags/flight-pipeline.py
[2026-04-28T21:27:32.342+0000] {processor.py:830} INFO - Processing file /opt/airflow/dags/flight-pipeline.py for tasks to queue
[2026-04-28T21:27:32.343+0000] {logging_mixin.py:188} INFO - [2026-04-28T21:27:32.343+0000] {dagbag.py:545} INFO - Filling up the DagBag from /opt/airflow/dags/flight-pipeline.py
[2026-04-28T21:27:33.258+0000] {processor.py:840} INFO - DAG(s) 'flights_ops_medallion_pipe' retrieved from /opt/airflow/dags/flight-pipeline.py
[2026-04-28T21:27:33.288+0000] {logging_mixin.py:188} INFO - [2026-04-28T21:27:33.287+0000] {dag.py:3089} INFO - Sync 1 DAGs
[2026-04-28T21:27:33.310+0000] {logging_mixin.py:188} INFO - [2026-04-28T21:27:33.310+0000] {dag.py:3947} INFO - Setting next_dagrun for flights_ops_medallion_pipe to 2026-04-28 21:00:00+00:00, run_after=2026-04-28 21:30:00+00:00
[2026-04-28T21:27:33.331+0000] {processor.py:183} INFO - Processing /opt/airflow/dags/flight-pipeline.py took 1.005 seconds
[2026-04-28T21:28:03.584+0000] {processor.py:161} INFO - Started process (PID=4818) to work on /opt/airflow/dags/flight-pipeline.py
[2026-04-28T21:28:03.593+0000] {processor.py:830} INFO - Processing file /opt/airflow/dags/flight-pipeline.py for tasks to queue
[2026-04-28T21:28:03.594+0000] {logging_mixin.py:188} INFO - [2026-04-28T21:28:03.594+0000] {dagbag.py:545} INFO - Filling up the DagBag from /opt/airflow/dags/flight-pipeline.py
[2026-04-28T21:28:04.557+0000] {processor.py:840} INFO - DAG(s) 'flights_ops_medallion_pipe' retrieved from /opt/airflow/dags/flight-pipeline.py
[2026-04-28T21:28:04.590+0000] {logging_mixin.py:188} INFO - [2026-04-28T21:28:04.590+0000] {dag.py:3089} INFO - Sync 1 DAGs
[2026-04-28T21:28:04.613+0000] {logging_mixin.py:188} INFO - [2026-04-28T21:28:04.613+0000] {dag.py:3947} INFO - Setting next_dagrun for flights_ops_medallion_pipe to 2026-04-28 21:00:00+00:00, run_after=2026-04-28 21:30:00+00:00
[2026-04-28T21:28:04.639+0000] {processor.py:183} INFO - Processing /opt/airflow/dags/flight-pipeline.py took 1.064 seconds
[2026-04-28T21:28:34.813+0000] {processor.py:161} INFO - Started process (PID=4821) to work on /opt/airflow/dags/flight-pipeline.py
[2026-04-28T21:28:34.821+0000] {processor.py:830} INFO - Processing file /opt/airflow/dags/flight-pipeline.py for tasks to queue
[2026-04-28T21:28:34.822+0000] {logging_mixin.py:188} INFO - [2026-04-28T21:28:34.822+0000] {dagbag.py:545} INFO - Filling up the DagBag from /opt/airflow/dags/flight-pipeline.py
[2026-04-28T21:28:35.786+0000] {processor.py:840} INFO - DAG(s) 'flights_ops_medallion_pipe' retrieved from /opt/airflow/dags/flight-pipeline.py
[2026-04-28T21:28:35.820+0000] {logging_mixin.py:188} INFO - [2026-04-28T21:28:35.820+0000] {dag.py:3089} INFO - Sync 1 DAGs
[2026-04-28T21:28:35.847+0000] {logging_mixin.py:188} INFO - [2026-04-28T21:28:35.847+0000] {dag.py:3947} INFO - Setting next_dagrun for flights_ops_medallion_pipe to 2026-04-28 21:00:00+00:00, run_after=2026-04-28 21:30:00+00:00
[2026-04-28T21:28:35.870+0000] {processor.py:183} INFO - Processing /opt/airflow/dags/flight-pipeline.py took 1.067 seconds
[2026-04-28T21:29:06.043+0000] {processor.py:161} INFO - Started process (PID=4824) to work on /opt/airflow/dags/flight-pipeline.py
[2026-04-28T21:29:06.051+0000] {processor.py:830} INFO - Processing file /opt/airflow/dags/flight-pipeline.py for tasks to queue
[2026-04-28T21:29:06.054+0000] {logging_mixin.py:188} INFO - [2026-04-28T21:29:06.053+0000] {dagbag.py:545} INFO - Filling up the DagBag from /opt/airflow/dags/flight-pipeline.py
[2026-04-28T21:29:06.930+0000] {processor.py:840} INFO - DAG(s) 'flights_ops_medallion_pipe' retrieved from /opt/airflow/dags/flight-pipeline.py
[2026-04-28T21:29:06.963+0000] {logging_mixin.py:188} INFO - [2026-04-28T21:29:06.963+0000] {dag.py:3089} INFO - Sync 1 DAGs
[2026-04-28T21:29:06.990+0000] {logging_mixin.py:188} INFO - [2026-04-28T21:29:06.990+0000] {dag.py:3947} INFO - Setting next_dagrun for flights_ops_medallion_pipe to 2026-04-28 21:00:00+00:00, run_after=2026-04-28 21:30:00+00:00
[2026-04-28T21:29:07.012+0000] {processor.py:183} INFO - Processing /opt/airflow/dags/flight-pipeline.py took 0.978 seconds
[2026-04-28T21:29:37.281+0000] {processor.py:161} INFO - Started process (PID=4827) to work on /opt/airflow/dags/flight-pipeline.py
[2026-04-28T21:29:37.290+0000] {processor.py:830} INFO - Processing file /opt/airflow/dags/flight-pipeline.py for tasks to queue
[2026-04-28T21:29:37.292+0000] {logging_mixin.py:188} INFO - [2026-04-28T21:29:37.291+0000] {dagbag.py:545} INFO - Filling up the DagBag from /opt/airflow/dags/flight-pipeline.py
[2026-04-28T21:29:38.195+0000] {processor.py:840} INFO - DAG(s) 'flights_ops_medallion_pipe' retrieved from /opt/airflow/dags/flight-pipeline.py
[2026-04-28T21:29:38.228+0000] {logging_mixin.py:188} INFO - [2026-04-28T21:29:38.228+0000] {dag.py:3089} INFO - Sync 1 DAGs
[2026-04-28T21:29:38.262+0000] {logging_mixin.py:188} INFO - [2026-04-28T21:29:38.262+0000] {dag.py:3947} INFO - Setting next_dagrun for flights_ops_medallion_pipe to 2026-04-28 21:00:00+00:00, run_after=2026-04-28 21:30:00+00:00
[2026-04-28T21:29:38.287+0000] {processor.py:183} INFO - Processing /opt/airflow/dags/flight-pipeline.py took 1.014 seconds
[2026-04-28T21:30:08.489+0000] {processor.py:161} INFO - Started process (PID=4842) to work on /opt/airflow/dags/flight-pipeline.py
[2026-04-28T21:30:08.499+0000] {processor.py:830} INFO - Processing file /opt/airflow/dags/flight-pipeline.py for tasks to queue
[2026-04-28T21:30:08.500+0000] {logging_mixin.py:188} INFO - [2026-04-28T21:30:08.499+0000] {dagbag.py:545} INFO - Filling up the DagBag from /opt/airflow/dags/flight-pipeline.py
[2026-04-28T21:30:09.346+0000] {processor.py:840} INFO - DAG(s) 'flights_ops_medallion_pipe' retrieved from /opt/airflow/dags/flight-pipeline.py
[2026-04-28T21:30:09.377+0000] {logging_mixin.py:188} INFO - [2026-04-28T21:30:09.377+0000] {dag.py:3089} INFO - Sync 1 DAGs
[2026-04-28T21:30:09.400+0000] {logging_mixin.py:188} INFO - [2026-04-28T21:30:09.400+0000] {dag.py:3947} INFO - Setting next_dagrun for flights_ops_medallion_pipe to 2026-04-28 21:30:00+00:00, run_after=2026-04-28 22:00:00+00:00
[2026-04-28T21:30:09.418+0000] {processor.py:183} INFO - Processing /opt/airflow/dags/flight-pipeline.py took 0.937 seconds
[2026-04-28T21:30:39.707+0000] {processor.py:161} INFO - Started process (PID=4877) to work on /opt/airflow/dags/flight-pipeline.py
[2026-04-28T21:30:39.713+0000] {processor.py:830} INFO - Processing file /opt/airflow/dags/flight-pipeline.py for tasks to queue
[2026-04-28T21:30:39.714+0000] {logging_mixin.py:188} INFO - [2026-04-28T21:30:39.714+0000] {dagbag.py:545} INFO - Filling up the DagBag from /opt/airflow/dags/flight-pipeline.py
[2026-04-28T21:30:41.046+0000] {processor.py:840} INFO - DAG(s) 'flights_ops_medallion_pipe' retrieved from /opt/airflow/dags/flight-pipeline.py
[2026-04-28T21:30:41.083+0000] {logging_mixin.py:188} INFO - [2026-04-28T21:30:41.083+0000] {dag.py:3089} INFO - Sync 1 DAGs
[2026-04-28T21:30:41.115+0000] {logging_mixin.py:188} INFO - [2026-04-28T21:30:41.114+0000] {dag.py:3947} INFO - Setting next_dagrun for flights_ops_medallion_pipe to 2026-04-28 21:30:00+00:00, run_after=2026-04-28 22:00:00+00:00
[2026-04-28T21:30:41.133+0000] {processor.py:183} INFO - Processing /opt/airflow/dags/flight-pipeline.py took 1.434 seconds
[2026-04-28T21:31:11.388+0000] {processor.py:161} INFO - Started process (PID=4880) to work on /opt/airflow/dags/flight-pipeline.py
[2026-04-28T21:31:11.396+0000] {processor.py:830} INFO - Processing file /opt/airflow/dags/flight-pipeline.py for tasks to queue
[2026-04-28T21:31:11.397+0000] {logging_mixin.py:188} INFO - [2026-04-28T21:31:11.397+0000] {dagbag.py:545} INFO - Filling up the DagBag from /opt/airflow/dags/flight-pipeline.py
[2026-04-28T21:31:12.218+0000] {processor.py:840} INFO - DAG(s) 'flights_ops_medallion_pipe' retrieved from /opt/airflow/dags/flight-pipeline.py
[2026-04-28T21:31:12.244+0000] {logging_mixin.py:188} INFO - [2026-04-28T21:31:12.244+0000] {dag.py:3089} INFO - Sync 1 DAGs
[2026-04-28T21:31:12.264+0000] {logging_mixin.py:188} INFO - [2026-04-28T21:31:12.264+0000] {dag.py:3947} INFO - Setting next_dagrun for flights_ops_medallion_pipe to 2026-04-28 21:30:00+00:00, run_after=2026-04-28 22:00:00+00:00
[2026-04-28T21:31:12.281+0000] {processor.py:183} INFO - Processing /opt/airflow/dags/flight-pipeline.py took 0.901 seconds
[2026-04-28T21:31:42.653+0000] {processor.py:161} INFO - Started process (PID=4883) to work on /opt/airflow/dags/flight-pipeline.py
[2026-04-28T21:31:42.666+0000] {processor.py:830} INFO - Processing file /opt/airflow/dags/flight-pipeline.py for tasks to queue
[2026-04-28T21:31:42.670+0000] {logging_mixin.py:188} INFO - [2026-04-28T21:31:42.669+0000] {dagbag.py:545} INFO - Filling up the DagBag from /opt/airflow/dags/flight-pipeline.py
[2026-04-28T21:31:44.170+0000] {processor.py:840} INFO - DAG(s) 'flights_ops_medallion_pipe' retrieved from /opt/airflow/dags/flight-pipeline.py
[2026-04-28T21:31:44.217+0000] {logging_mixin.py:188} INFO - [2026-04-28T21:31:44.216+0000] {dag.py:3089} INFO - Sync 1 DAGs
[2026-04-28T21:31:44.246+0000] {logging_mixin.py:188} INFO - [2026-04-28T21:31:44.246+0000] {dag.py:3947} INFO - Setting next_dagrun for flights_ops_medallion_pipe to 2026-04-28 21:30:00+00:00, run_after=2026-04-28 22:00:00+00:00
[2026-04-28T21:31:44.269+0000] {processor.py:183} INFO - Processing /opt/airflow/dags/flight-pipeline.py took 1.649 seconds
[2026-04-28T21:32:14.616+0000] {processor.py:161} INFO - Started process (PID=4886) to work on /opt/airflow/dags/flight-pipeline.py
[2026-04-28T21:32:14.625+0000] {processor.py:830} INFO - Processing file /opt/airflow/dags/flight-pipeline.py for tasks to queue
[2026-04-28T21:32:14.626+0000] {logging_mixin.py:188} INFO - [2026-04-28T21:32:14.626+0000] {dagbag.py:545} INFO - Filling up the DagBag from /opt/airflow/dags/flight-pipeline.py
[2026-04-28T21:32:15.869+0000] {processor.py:840} INFO - DAG(s) 'flights_ops_medallion_pipe' retrieved from /opt/airflow/dags/flight-pipeline.py
[2026-04-28T21:32:15.910+0000] {logging_mixin.py:188} INFO - [2026-04-28T21:32:15.909+0000] {dag.py:3089} INFO - Sync 1 DAGs
[2026-04-28T21:32:15.936+0000] {logging_mixin.py:188} INFO - [2026-04-28T21:32:15.936+0000] {dag.py:3947} INFO - Setting next_dagrun for flights_ops_medallion_pipe to 2026-04-28 21:30:00+00:00, run_after=2026-04-28 22:00:00+00:00
[2026-04-28T21:32:15.957+0000] {processor.py:183} INFO - Processing /opt/airflow/dags/flight-pipeline.py took 1.363 seconds
[2026-04-28T21:32:46.184+0000] {processor.py:161} INFO - Started process (PID=4889) to work on /opt/airflow/dags/flight-pipeline.py
[2026-04-28T21:32:46.192+0000] {processor.py:830} INFO - Processing file /opt/airflow/dags/flight-pipeline.py for tasks to queue
[2026-04-28T21:32:46.195+0000] {logging_mixin.py:188} INFO - [2026-04-28T21:32:46.194+0000] {dagbag.py:545} INFO - Filling up the DagBag from /opt/airflow/dags/flight-pipeline.py
[2026-04-28T21:32:47.300+0000] {processor.py:840} INFO - DAG(s) 'flights_ops_medallion_pipe' retrieved from /opt/airflow/dags/flight-pipeline.py
[2026-04-28T21:32:47.334+0000] {logging_mixin.py:188} INFO - [2026-04-28T21:32:47.334+0000] {dag.py:3089} INFO - Sync 1 DAGs
[2026-04-28T21:32:47.360+0000] {logging_mixin.py:188} INFO - [2026-04-28T21:32:47.360+0000] {dag.py:3947} INFO - Setting next_dagrun for flights_ops_medallion_pipe to 2026-04-28 21:30:00+00:00, run_after=2026-04-28 22:00:00+00:00
[2026-04-28T21:32:47.378+0000] {processor.py:183} INFO - Processing /opt/airflow/dags/flight-pipeline.py took 1.203 seconds
[2026-04-28T21:33:17.590+0000] {processor.py:161} INFO - Started process (PID=4892) to work on /opt/airflow/dags/flight-pipeline.py
[2026-04-28T21:33:17.598+0000] {processor.py:830} INFO - Processing file /opt/airflow/dags/flight-pipeline.py for tasks to queue
[2026-04-28T21:33:17.599+0000] {logging_mixin.py:188} INFO - [2026-04-28T21:33:17.599+0000] {dagbag.py:545} INFO - Filling up the DagBag from /opt/airflow/dags/flight-pipeline.py
[2026-04-28T21:33:18.521+0000] {processor.py:840} INFO - DAG(s) 'flights_ops_medallion_pipe' retrieved from /opt/airflow/dags/flight-pipeline.py
[2026-04-28T21:33:18.554+0000] {logging_mixin.py:188} INFO - [2026-04-28T21:33:18.554+0000] {dag.py:3089} INFO - Sync 1 DAGs
[2026-04-28T21:33:18.575+0000] {logging_mixin.py:188} INFO - [2026-04-28T21:33:18.575+0000] {dag.py:3947} INFO - Setting next_dagrun for flights_ops_medallion_pipe to 2026-04-28 21:30:00+00:00, run_after=2026-04-28 22:00:00+00:00
[2026-04-28T21:33:18.594+0000] {processor.py:183} INFO - Processing /opt/airflow/dags/flight-pipeline.py took 1.013 seconds
[2026-04-28T21:33:48.781+0000] {processor.py:161} INFO - Started process (PID=4895) to work on /opt/airflow/dags/flight-pipeline.py
[2026-04-28T21:33:48.793+0000] {processor.py:830} INFO - Processing file /opt/airflow/dags/flight-pipeline.py for tasks to queue
[2026-04-28T21:33:48.795+0000] {logging_mixin.py:188} INFO - [2026-04-28T21:33:48.795+0000] {dagbag.py:545} INFO - Filling up the DagBag from /opt/airflow/dags/flight-pipeline.py
[2026-04-28T21:33:49.731+0000] {processor.py:840} INFO - DAG(s) 'flights_ops_medallion_pipe' retrieved from /opt/airflow/dags/flight-pipeline.py
[2026-04-28T21:33:49.764+0000] {logging_mixin.py:188} INFO - [2026-04-28T21:33:49.763+0000] {dag.py:3089} INFO - Sync 1 DAGs
[2026-04-28T21:33:49.787+0000] {logging_mixin.py:188} INFO - [2026-04-28T21:33:49.787+0000] {dag.py:3947} INFO - Setting next_dagrun for flights_ops_medallion_pipe to 2026-04-28 21:30:00+00:00, run_after=2026-04-28 22:00:00+00:00
[2026-04-28T21:33:49.805+0000] {processor.py:183} INFO - Processing /opt/airflow/dags/flight-pipeline.py took 1.034 seconds
[2026-04-28T21:34:20.034+0000] {processor.py:161} INFO - Started process (PID=4898) to work on /opt/airflow/dags/flight-pipeline.py
[2026-04-28T21:34:20.044+0000] {processor.py:830} INFO - Processing file /opt/airflow/dags/flight-pipeline.py for tasks to queue
[2026-04-28T21:34:20.045+0000] {logging_mixin.py:188} INFO - [2026-04-28T21:34:20.045+0000] {dagbag.py:545} INFO - Filling up the DagBag from /opt/airflow/dags/flight-pipeline.py
[2026-04-28T21:34:20.916+0000] {processor.py:840} INFO - DAG(s) 'flights_ops_medallion_pipe' retrieved from /opt/airflow/dags/flight-pipeline.py
[2026-04-28T21:34:20.950+0000] {logging_mixin.py:188} INFO - [2026-04-28T21:34:20.949+0000] {dag.py:3089} INFO - Sync 1 DAGs
[2026-04-28T21:34:20.973+0000] {logging_mixin.py:188} INFO - [2026-04-28T21:34:20.973+0000] {dag.py:3947} INFO - Setting next_dagrun for flights_ops_medallion_pipe to 2026-04-28 21:30:00+00:00, run_after=2026-04-28 22:00:00+00:00
[2026-04-28T21:34:20.995+0000] {processor.py:183} INFO - Processing /opt/airflow/dags/flight-pipeline.py took 0.969 seconds
[2026-04-28T21:34:51.244+0000] {processor.py:161} INFO - Started process (PID=4901) to work on /opt/airflow/dags/flight-pipeline.py
[2026-04-28T21:34:51.253+0000] {processor.py:830} INFO - Processing file /opt/airflow/dags/flight-pipeline.py for tasks to queue
[2026-04-28T21:34:51.254+0000] {logging_mixin.py:188} INFO - [2026-04-28T21:34:51.253+0000] {dagbag.py:545} INFO - Filling up the DagBag from /opt/airflow/dags/flight-pipeline.py
[2026-04-28T21:34:52.282+0000] {processor.py:840} INFO - DAG(s) 'flights_ops_medallion_pipe' retrieved from /opt/airflow/dags/flight-pipeline.py
[2026-04-28T21:34:52.325+0000] {logging_mixin.py:188} INFO - [2026-04-28T21:34:52.324+0000] {dag.py:3089} INFO - Sync 1 DAGs
[2026-04-28T21:34:52.415+0000] {logging_mixin.py:188} INFO - [2026-04-28T21:34:52.415+0000] {dag.py:3947} INFO - Setting next_dagrun for flights_ops_medallion_pipe to 2026-04-28 21:30:00+00:00, run_after=2026-04-28 22:00:00+00:00
[2026-04-28T21:34:52.451+0000] {processor.py:183} INFO - Processing /opt/airflow/dags/flight-pipeline.py took 1.215 seconds
[2026-04-28T21:35:22.700+0000] {processor.py:161} INFO - Started process (PID=4904) to work on /opt/airflow/dags/flight-pipeline.py
[2026-04-28T21:35:22.710+0000] {processor.py:830} INFO - Processing file /opt/airflow/dags/flight-pipeline.py for tasks to queue
[2026-04-28T21:35:22.712+0000] {logging_mixin.py:188} INFO - [2026-04-28T21:35:22.711+0000] {dagbag.py:545} INFO - Filling up the DagBag from /opt/airflow/dags/flight-pipeline.py
[2026-04-28T21:35:23.677+0000] {processor.py:840} INFO - DAG(s) 'flights_ops_medallion_pipe' retrieved from /opt/airflow/dags/flight-pipeline.py
[2026-04-28T21:35:23.711+0000] {logging_mixin.py:188} INFO - [2026-04-28T21:35:23.710+0000] {dag.py:3089} INFO - Sync 1 DAGs
[2026-04-28T21:35:23.735+0000] {logging_mixin.py:188} INFO - [2026-04-28T21:35:23.734+0000] {dag.py:3947} INFO - Setting next_dagrun for flights_ops_medallion_pipe to 2026-04-28 21:30:00+00:00, run_after=2026-04-28 22:00:00+00:00
[2026-04-28T21:35:23.754+0000] {processor.py:183} INFO - Processing /opt/airflow/dags/flight-pipeline.py took 1.066 seconds
[2026-04-28T21:35:53.937+0000] {processor.py:161} INFO - Started process (PID=4907) to work on /opt/airflow/dags/flight-pipeline.py
[2026-04-28T21:35:53.946+0000] {processor.py:830} INFO - Processing file /opt/airflow/dags/flight-pipeline.py for tasks to queue
[2026-04-28T21:35:53.948+0000] {logging_mixin.py:188} INFO - [2026-04-28T21:35:53.947+0000] {dagbag.py:545} INFO - Filling up the DagBag from /opt/airflow/dags/flight-pipeline.py
[2026-04-28T21:35:54.915+0000] {processor.py:840} INFO - DAG(s) 'flights_ops_medallion_pipe' retrieved from /opt/airflow/dags/flight-pipeline.py
[2026-04-28T21:35:54.967+0000] {logging_mixin.py:188} INFO - [2026-04-28T21:35:54.966+0000] {dag.py:3089} INFO - Sync 1 DAGs
[2026-04-28T21:35:54.990+0000] {logging_mixin.py:188} INFO - [2026-04-28T21:35:54.989+0000] {dag.py:3947} INFO - Setting next_dagrun for flights_ops_medallion_pipe to 2026-04-28 21:30:00+00:00, run_after=2026-04-28 22:00:00+00:00
[2026-04-28T21:35:55.007+0000] {processor.py:183} INFO - Processing /opt/airflow/dags/flight-pipeline.py took 1.081 seconds
[2026-04-28T21:36:25.199+0000] {processor.py:161} INFO - Started process (PID=4910) to work on /opt/airflow/dags/flight-pipeline.py
[2026-04-28T21:36:25.209+0000] {processor.py:830} INFO - Processing file /opt/airflow/dags/flight-pipeline.py for tasks to queue
[2026-04-28T21:36:25.212+0000] {logging_mixin.py:188} INFO - [2026-04-28T21:36:25.210+0000] {dagbag.py:545} INFO - Filling up the DagBag from /opt/airflow/dags/flight-pipeline.py
[2026-04-28T21:36:26.108+0000] {processor.py:840} INFO - DAG(s) 'flights_ops_medallion_pipe' retrieved from /opt/airflow/dags/flight-pipeline.py
[2026-04-28T21:36:26.145+0000] {logging_mixin.py:188} INFO - [2026-04-28T21:36:26.144+0000] {dag.py:3089} INFO - Sync 1 DAGs
[2026-04-28T21:36:26.173+0000] {logging_mixin.py:188} INFO - [2026-04-28T21:36:26.173+0000] {dag.py:3947} INFO - Setting next_dagrun for flights_ops_medallion_pipe to 2026-04-28 21:30:00+00:00, run_after=2026-04-28 22:00:00+00:00
[2026-04-28T21:36:26.196+0000] {processor.py:183} INFO - Processing /opt/airflow/dags/flight-pipeline.py took 1.005 seconds
[2026-04-28T21:36:56.435+0000] {processor.py:161} INFO - Started process (PID=4913) to work on /opt/airflow/dags/flight-pipeline.py
[2026-04-28T21:36:56.445+0000] {processor.py:830} INFO - Processing file /opt/airflow/dags/flight-pipeline.py for tasks to queue
[2026-04-28T21:36:56.446+0000] {logging_mixin.py:188} INFO - [2026-04-28T21:36:56.446+0000] {dagbag.py:545} INFO - Filling up the DagBag from /opt/airflow/dags/flight-pipeline.py
[2026-04-28T21:36:57.391+0000] {processor.py:840} INFO - DAG(s) 'flights_ops_medallion_pipe' retrieved from /opt/airflow/dags/flight-pipeline.py
[2026-04-28T21:36:57.421+0000] {logging_mixin.py:188} INFO - [2026-04-28T21:36:57.420+0000] {dag.py:3089} INFO - Sync 1 DAGs
[2026-04-28T21:36:57.445+0000] {logging_mixin.py:188} INFO - [2026-04-28T21:36:57.445+0000] {dag.py:3947} INFO - Setting next_dagrun for flights_ops_medallion_pipe to 2026-04-28 21:30:00+00:00, run_after=2026-04-28 22:00:00+00:00
[2026-04-28T21:36:57.462+0000] {processor.py:183} INFO - Processing /opt/airflow/dags/flight-pipeline.py took 1.035 seconds
[2026-04-28T21:37:27.670+0000] {processor.py:161} INFO - Started process (PID=4916) to work on /opt/airflow/dags/flight-pipeline.py
[2026-04-28T21:37:27.679+0000] {processor.py:830} INFO - Processing file /opt/airflow/dags/flight-pipeline.py for tasks to queue
[2026-04-28T21:37:27.681+0000] {logging_mixin.py:188} INFO - [2026-04-28T21:37:27.680+0000] {dagbag.py:545} INFO - Filling up the DagBag from /opt/airflow/dags/flight-pipeline.py
[2026-04-28T21:37:28.565+0000] {processor.py:840} INFO - DAG(s) 'flights_ops_medallion_pipe' retrieved from /opt/airflow/dags/flight-pipeline.py
[2026-04-28T21:37:28.598+0000] {logging_mixin.py:188} INFO - [2026-04-28T21:37:28.597+0000] {dag.py:3089} INFO - Sync 1 DAGs
[2026-04-28T21:37:28.620+0000] {logging_mixin.py:188} INFO - [2026-04-28T21:37:28.620+0000] {dag.py:3947} INFO - Setting next_dagrun for flights_ops_medallion_pipe to 2026-04-28 21:30:00+00:00, run_after=2026-04-28 22:00:00+00:00
[2026-04-28T21:37:28.641+0000] {processor.py:183} INFO - Processing /opt/airflow/dags/flight-pipeline.py took 0.978 seconds
[2026-04-28T21:37:58.921+0000] {processor.py:161} INFO - Started process (PID=4919) to work on /opt/airflow/dags/flight-pipeline.py
[2026-04-28T21:37:58.933+0000] {processor.py:830} INFO - Processing file /opt/airflow/dags/flight-pipeline.py for tasks to queue
[2026-04-28T21:37:58.934+0000] {logging_mixin.py:188} INFO - [2026-04-28T21:37:58.934+0000] {dagbag.py:545} INFO - Filling up the DagBag from /opt/airflow/dags/flight-pipeline.py
[2026-04-28T21:37:59.856+0000] {processor.py:840} INFO - DAG(s) 'flights_ops_medallion_pipe' retrieved from /opt/airflow/dags/flight-pipeline.py
[2026-04-28T21:37:59.886+0000] {logging_mixin.py:188} INFO - [2026-04-28T21:37:59.886+0000] {dag.py:3089} INFO - Sync 1 DAGs
[2026-04-28T21:37:59.912+0000] {logging_mixin.py:188} INFO - [2026-04-28T21:37:59.911+0000] {dag.py:3947} INFO - Setting next_dagrun for flights_ops_medallion_pipe to 2026-04-28 21:30:00+00:00, run_after=2026-04-28 22:00:00+00:00
[2026-04-28T21:37:59.932+0000] {processor.py:183} INFO - Processing /opt/airflow/dags/flight-pipeline.py took 1.020 seconds
[2026-04-28T21:38:30.167+0000] {processor.py:161} INFO - Started process (PID=4922) to work on /opt/airflow/dags/flight-pipeline.py
[2026-04-28T21:38:30.177+0000] {processor.py:830} INFO - Processing file /opt/airflow/dags/flight-pipeline.py for tasks to queue
[2026-04-28T21:38:30.178+0000] {logging_mixin.py:188} INFO - [2026-04-28T21:38:30.178+0000] {dagbag.py:545} INFO - Filling up the DagBag from /opt/airflow/dags/flight-pipeline.py
[2026-04-28T21:38:31.243+0000] {processor.py:840} INFO - DAG(s) 'flights_ops_medallion_pipe' retrieved from /opt/airflow/dags/flight-pipeline.py
[2026-04-28T21:38:31.281+0000] {logging_mixin.py:188} INFO - [2026-04-28T21:38:31.280+0000] {dag.py:3089} INFO - Sync 1 DAGs
[2026-04-28T21:38:31.303+0000] {logging_mixin.py:188} INFO - [2026-04-28T21:38:31.303+0000] {dag.py:3947} INFO - Setting next_dagrun for flights_ops_medallion_pipe to 2026-04-28 21:30:00+00:00, run_after=2026-04-28 22:00:00+00:00
[2026-04-28T21:38:31.322+0000] {processor.py:183} INFO - Processing /opt/airflow/dags/flight-pipeline.py took 1.163 seconds
[2026-04-28T21:39:01.383+0000] {processor.py:161} INFO - Started process (PID=4925) to work on /opt/airflow/dags/flight-pipeline.py
[2026-04-28T21:39:01.394+0000] {processor.py:830} INFO - Processing file /opt/airflow/dags/flight-pipeline.py for tasks to queue
[2026-04-28T21:39:01.395+0000] {logging_mixin.py:188} INFO - [2026-04-28T21:39:01.394+0000] {dagbag.py:545} INFO - Filling up the DagBag from /opt/airflow/dags/flight-pipeline.py
[2026-04-28T21:39:02.243+0000] {processor.py:840} INFO - DAG(s) 'flights_ops_medallion_pipe' retrieved from /opt/airflow/dags/flight-pipeline.py
[2026-04-28T21:39:02.276+0000] {logging_mixin.py:188} INFO - [2026-04-28T21:39:02.274+0000] {dag.py:3089} INFO - Sync 1 DAGs
[2026-04-28T21:39:02.299+0000] {logging_mixin.py:188} INFO - [2026-04-28T21:39:02.299+0000] {dag.py:3947} INFO - Setting next_dagrun for flights_ops_medallion_pipe to 2026-04-28 21:30:00+00:00, run_after=2026-04-28 22:00:00+00:00
[2026-04-28T21:39:02.318+0000] {processor.py:183} INFO - Processing /opt/airflow/dags/flight-pipeline.py took 0.945 seconds
[2026-04-28T21:39:32.581+0000] {processor.py:161} INFO - Started process (PID=4928) to work on /opt/airflow/dags/flight-pipeline.py
[2026-04-28T21:39:32.591+0000] {processor.py:830} INFO - Processing file /opt/airflow/dags/flight-pipeline.py for tasks to queue
[2026-04-28T21:39:32.592+0000] {logging_mixin.py:188} INFO - [2026-04-28T21:39:32.592+0000] {dagbag.py:545} INFO - Filling up the DagBag from /opt/airflow/dags/flight-pipeline.py
[2026-04-28T21:39:33.523+0000] {processor.py:840} INFO - DAG(s) 'flights_ops_medallion_pipe' retrieved from /opt/airflow/dags/flight-pipeline.py
[2026-04-28T21:39:33.564+0000] {logging_mixin.py:188} INFO - [2026-04-28T21:39:33.563+0000] {dag.py:3089} INFO - Sync 1 DAGs
[2026-04-28T21:39:33.593+0000] {logging_mixin.py:188} INFO - [2026-04-28T21:39:33.593+0000] {dag.py:3947} INFO - Setting next_dagrun for flights_ops_medallion_pipe to 2026-04-28 21:30:00+00:00, run_after=2026-04-28 22:00:00+00:00
[2026-04-28T21:39:33.613+0000] {processor.py:183} INFO - Processing /opt/airflow/dags/flight-pipeline.py took 1.040 seconds
[2026-04-28T21:40:03.861+0000] {processor.py:161} INFO - Started process (PID=4931) to work on /opt/airflow/dags/flight-pipeline.py
[2026-04-28T21:40:03.871+0000] {processor.py:830} INFO - Processing file /opt/airflow/dags/flight-pipeline.py for tasks to queue
[2026-04-28T21:40:03.872+0000] {logging_mixin.py:188} INFO - [2026-04-28T21:40:03.872+0000] {dagbag.py:545} INFO - Filling up the DagBag from /opt/airflow/dags/flight-pipeline.py
[2026-04-28T21:40:04.777+0000] {processor.py:840} INFO - DAG(s) 'flights_ops_medallion_pipe' retrieved from /opt/airflow/dags/flight-pipeline.py
[2026-04-28T21:40:04.809+0000] {logging_mixin.py:188} INFO - [2026-04-28T21:40:04.808+0000] {dag.py:3089} INFO - Sync 1 DAGs
[2026-04-28T21:40:04.830+0000] {logging_mixin.py:188} INFO - [2026-04-28T21:40:04.829+0000] {dag.py:3947} INFO - Setting next_dagrun for flights_ops_medallion_pipe to 2026-04-28 21:30:00+00:00, run_after=2026-04-28 22:00:00+00:00
[2026-04-28T21:40:04.852+0000] {processor.py:183} INFO - Processing /opt/airflow/dags/flight-pipeline.py took 1.000 seconds
[2026-04-28T21:40:35.097+0000] {processor.py:161} INFO - Started process (PID=4934) to work on /opt/airflow/dags/flight-pipeline.py
[2026-04-28T21:40:35.107+0000] {processor.py:830} INFO - Processing file /opt/airflow/dags/flight-pipeline.py for tasks to queue
[2026-04-28T21:40:35.109+0000] {logging_mixin.py:188} INFO - [2026-04-28T21:40:35.108+0000] {dagbag.py:545} INFO - Filling up the DagBag from /opt/airflow/dags/flight-pipeline.py
[2026-04-28T21:40:35.990+0000] {processor.py:840} INFO - DAG(s) 'flights_ops_medallion_pipe' retrieved from /opt/airflow/dags/flight-pipeline.py
[2026-04-28T21:40:36.024+0000] {logging_mixin.py:188} INFO - [2026-04-28T21:40:36.023+0000] {dag.py:3089} INFO - Sync 1 DAGs
[2026-04-28T21:40:36.052+0000] {logging_mixin.py:188} INFO - [2026-04-28T21:40:36.052+0000] {dag.py:3947} INFO - Setting next_dagrun for flights_ops_medallion_pipe to 2026-04-28 21:30:00+00:00, run_after=2026-04-28 22:00:00+00:00
[2026-04-28T21:40:36.075+0000] {processor.py:183} INFO - Processing /opt/airflow/dags/flight-pipeline.py took 0.989 seconds
[2026-04-28T21:41:06.355+0000] {processor.py:161} INFO - Started process (PID=4937) to work on /opt/airflow/dags/flight-pipeline.py
[2026-04-28T21:41:06.365+0000] {processor.py:830} INFO - Processing file /opt/airflow/dags/flight-pipeline.py for tasks to queue
[2026-04-28T21:41:06.366+0000] {logging_mixin.py:188} INFO - [2026-04-28T21:41:06.365+0000] {dagbag.py:545} INFO - Filling up the DagBag from /opt/airflow/dags/flight-pipeline.py
[2026-04-28T21:41:07.291+0000] {processor.py:840} INFO - DAG(s) 'flights_ops_medallion_pipe' retrieved from /opt/airflow/dags/flight-pipeline.py
[2026-04-28T21:41:07.329+0000] {logging_mixin.py:188} INFO - [2026-04-28T21:41:07.329+0000] {dag.py:3089} INFO - Sync 1 DAGs
[2026-04-28T21:41:07.361+0000] {logging_mixin.py:188} INFO - [2026-04-28T21:41:07.360+0000] {dag.py:3947} INFO - Setting next_dagrun for flights_ops_medallion_pipe to 2026-04-28 21:30:00+00:00, run_after=2026-04-28 22:00:00+00:00
[2026-04-28T21:41:07.381+0000] {processor.py:183} INFO - Processing /opt/airflow/dags/flight-pipeline.py took 1.035 seconds
[2026-04-28T21:41:37.654+0000] {processor.py:161} INFO - Started process (PID=4940) to work on /opt/airflow/dags/flight-pipeline.py
[2026-04-28T21:41:37.665+0000] {processor.py:830} INFO - Processing file /opt/airflow/dags/flight-pipeline.py for tasks to queue
[2026-04-28T21:41:37.666+0000] {logging_mixin.py:188} INFO - [2026-04-28T21:41:37.666+0000] {dagbag.py:545} INFO - Filling up the DagBag from /opt/airflow/dags/flight-pipeline.py
[2026-04-28T21:41:38.660+0000] {processor.py:840} INFO - DAG(s) 'flights_ops_medallion_pipe' retrieved from /opt/airflow/dags/flight-pipeline.py
[2026-04-28T21:41:38.695+0000] {logging_mixin.py:188} INFO - [2026-04-28T21:41:38.694+0000] {dag.py:3089} INFO - Sync 1 DAGs
[2026-04-28T21:41:38.717+0000] {logging_mixin.py:188} INFO - [2026-04-28T21:41:38.717+0000] {dag.py:3947} INFO - Setting next_dagrun for flights_ops_medallion_pipe to 2026-04-28 21:30:00+00:00, run_after=2026-04-28 22:00:00+00:00
[2026-04-28T21:41:38.738+0000] {processor.py:183} INFO - Processing /opt/airflow/dags/flight-pipeline.py took 1.093 seconds
[2026-04-28T21:42:09.117+0000] {processor.py:161} INFO - Started process (PID=4943) to work on /opt/airflow/dags/flight-pipeline.py
[2026-04-28T21:42:09.131+0000] {processor.py:830} INFO - Processing file /opt/airflow/dags/flight-pipeline.py for tasks to queue
[2026-04-28T21:42:09.134+0000] {logging_mixin.py:188} INFO - [2026-04-28T21:42:09.132+0000] {dagbag.py:545} INFO - Filling up the DagBag from /opt/airflow/dags/flight-pipeline.py
[2026-04-28T21:42:09.987+0000] {processor.py:840} INFO - DAG(s) 'flights_ops_medallion_pipe' retrieved from /opt/airflow/dags/flight-pipeline.py
[2026-04-28T21:42:10.022+0000] {logging_mixin.py:188} INFO - [2026-04-28T21:42:10.021+0000] {dag.py:3089} INFO - Sync 1 DAGs
[2026-04-28T21:42:10.045+0000] {logging_mixin.py:188} INFO - [2026-04-28T21:42:10.044+0000] {dag.py:3947} INFO - Setting next_dagrun for flights_ops_medallion_pipe to 2026-04-28 21:30:00+00:00, run_after=2026-04-28 22:00:00+00:00
[2026-04-28T21:42:10.062+0000] {processor.py:183} INFO - Processing /opt/airflow/dags/flight-pipeline.py took 0.953 seconds
[2026-04-28T21:42:40.317+0000] {processor.py:161} INFO - Started process (PID=4946) to work on /opt/airflow/dags/flight-pipeline.py
[2026-04-28T21:42:40.328+0000] {processor.py:830} INFO - Processing file /opt/airflow/dags/flight-pipeline.py for tasks to queue
[2026-04-28T21:42:40.330+0000] {logging_mixin.py:188} INFO - [2026-04-28T21:42:40.329+0000] {dagbag.py:545} INFO - Filling up the DagBag from /opt/airflow/dags/flight-pipeline.py
[2026-04-28T21:42:41.205+0000] {processor.py:840} INFO - DAG(s) 'flights_ops_medallion_pipe' retrieved from /opt/airflow/dags/flight-pipeline.py
[2026-04-28T21:42:41.257+0000] {logging_mixin.py:188} INFO - [2026-04-28T21:42:41.256+0000] {dag.py:3089} INFO - Sync 1 DAGs
[2026-04-28T21:42:41.297+0000] {logging_mixin.py:188} INFO - [2026-04-28T21:42:41.296+0000] {dag.py:3947} INFO - Setting next_dagrun for flights_ops_medallion_pipe to 2026-04-28 21:30:00+00:00, run_after=2026-04-28 22:00:00+00:00
[2026-04-28T21:42:41.318+0000] {processor.py:183} INFO - Processing /opt/airflow/dags/flight-pipeline.py took 1.009 seconds
[2026-04-28T21:43:11.552+0000] {processor.py:161} INFO - Started process (PID=4949) to work on /opt/airflow/dags/flight-pipeline.py
[2026-04-28T21:43:11.564+0000] {processor.py:830} INFO - Processing file /opt/airflow/dags/flight-pipeline.py for tasks to queue
[2026-04-28T21:43:11.566+0000] {logging_mixin.py:188} INFO - [2026-04-28T21:43:11.566+0000] {dagbag.py:545} INFO - Filling up the DagBag from /opt/airflow/dags/flight-pipeline.py
[2026-04-28T21:43:12.788+0000] {processor.py:840} INFO - DAG(s) 'flights_ops_medallion_pipe' retrieved from /opt/airflow/dags/flight-pipeline.py
[2026-04-28T21:43:12.819+0000] {logging_mixin.py:188} INFO - [2026-04-28T21:43:12.818+0000] {dag.py:3089} INFO - Sync 1 DAGs
[2026-04-28T21:43:12.843+0000] {logging_mixin.py:188} INFO - [2026-04-28T21:43:12.842+0000] {dag.py:3947} INFO - Setting next_dagrun for flights_ops_medallion_pipe to 2026-04-28 21:30:00+00:00, run_after=2026-04-28 22:00:00+00:00
[2026-04-28T21:43:12.861+0000] {processor.py:183} INFO - Processing /opt/airflow/dags/flight-pipeline.py took 1.322 seconds
[2026-04-28T21:43:43.101+0000] {processor.py:161} INFO - Started process (PID=4952) to work on /opt/airflow/dags/flight-pipeline.py
[2026-04-28T21:43:43.110+0000] {processor.py:830} INFO - Processing file /opt/airflow/dags/flight-pipeline.py for tasks to queue
[2026-04-28T21:43:43.111+0000] {logging_mixin.py:188} INFO - [2026-04-28T21:43:43.111+0000] {dagbag.py:545} INFO - Filling up the DagBag from /opt/airflow/dags/flight-pipeline.py
[2026-04-28T21:43:44.003+0000] {processor.py:840} INFO - DAG(s) 'flights_ops_medallion_pipe' retrieved from /opt/airflow/dags/flight-pipeline.py
[2026-04-28T21:43:44.036+0000] {logging_mixin.py:188} INFO - [2026-04-28T21:43:44.036+0000] {dag.py:3089} INFO - Sync 1 DAGs
[2026-04-28T21:43:44.063+0000] {logging_mixin.py:188} INFO - [2026-04-28T21:43:44.062+0000] {dag.py:3947} INFO - Setting next_dagrun for flights_ops_medallion_pipe to 2026-04-28 21:30:00+00:00, run_after=2026-04-28 22:00:00+00:00
[2026-04-28T21:43:44.096+0000] {processor.py:183} INFO - Processing /opt/airflow/dags/flight-pipeline.py took 1.002 seconds
[2026-04-28T21:44:14.346+0000] {processor.py:161} INFO - Started process (PID=4955) to work on /opt/airflow/dags/flight-pipeline.py
[2026-04-28T21:44:14.354+0000] {processor.py:830} INFO - Processing file /opt/airflow/dags/flight-pipeline.py for tasks to queue
[2026-04-28T21:44:14.355+0000] {logging_mixin.py:188} INFO - [2026-04-28T21:44:14.354+0000] {dagbag.py:545} INFO - Filling up the DagBag from /opt/airflow/dags/flight-pipeline.py
[2026-04-28T21:44:15.223+0000] {processor.py:840} INFO - DAG(s) 'flights_ops_medallion_pipe' retrieved from /opt/airflow/dags/flight-pipeline.py
[2026-04-28T21:44:15.264+0000] {logging_mixin.py:188} INFO - [2026-04-28T21:44:15.263+0000] {dag.py:3089} INFO - Sync 1 DAGs
[2026-04-28T21:44:15.291+0000] {logging_mixin.py:188} INFO - [2026-04-28T21:44:15.290+0000] {dag.py:3947} INFO - Setting next_dagrun for flights_ops_medallion_pipe to 2026-04-28 21:30:00+00:00, run_after=2026-04-28 22:00:00+00:00
[2026-04-28T21:44:15.309+0000] {processor.py:183} INFO - Processing /opt/airflow/dags/flight-pipeline.py took 0.971 seconds
[2026-04-28T21:44:45.612+0000] {processor.py:161} INFO - Started process (PID=4958) to work on /opt/airflow/dags/flight-pipeline.py
[2026-04-28T21:44:45.622+0000] {processor.py:830} INFO - Processing file /opt/airflow/dags/flight-pipeline.py for tasks to queue
[2026-04-28T21:44:45.623+0000] {logging_mixin.py:188} INFO - [2026-04-28T21:44:45.623+0000] {dagbag.py:545} INFO - Filling up the DagBag from /opt/airflow/dags/flight-pipeline.py
[2026-04-28T21:44:46.448+0000] {processor.py:840} INFO - DAG(s) 'flights_ops_medallion_pipe' retrieved from /opt/airflow/dags/flight-pipeline.py
[2026-04-28T21:44:46.479+0000] {logging_mixin.py:188} INFO - [2026-04-28T21:44:46.479+0000] {dag.py:3089} INFO - Sync 1 DAGs
[2026-04-28T21:44:46.500+0000] {logging_mixin.py:188} INFO - [2026-04-28T21:44:46.500+0000] {dag.py:3947} INFO - Setting next_dagrun for flights_ops_medallion_pipe to 2026-04-28 21:30:00+00:00, run_after=2026-04-28 22:00:00+00:00
[2026-04-28T21:44:46.516+0000] {processor.py:183} INFO - Processing /opt/airflow/dags/flight-pipeline.py took 0.912 seconds
[2026-04-28T21:45:16.761+0000] {processor.py:161} INFO - Started process (PID=4961) to work on /opt/airflow/dags/flight-pipeline.py
[2026-04-28T21:45:16.774+0000] {processor.py:830} INFO - Processing file /opt/airflow/dags/flight-pipeline.py for tasks to queue
[2026-04-28T21:45:16.775+0000] {logging_mixin.py:188} INFO - [2026-04-28T21:45:16.775+0000] {dagbag.py:545} INFO - Filling up the DagBag from /opt/airflow/dags/flight-pipeline.py
[2026-04-28T21:45:17.629+0000] {processor.py:840} INFO - DAG(s) 'flights_ops_medallion_pipe' retrieved from /opt/airflow/dags/flight-pipeline.py
[2026-04-28T21:45:17.661+0000] {logging_mixin.py:188} INFO - [2026-04-28T21:45:17.660+0000] {dag.py:3089} INFO - Sync 1 DAGs
[2026-04-28T21:45:17.685+0000] {logging_mixin.py:188} INFO - [2026-04-28T21:45:17.684+0000] {dag.py:3947} INFO - Setting next_dagrun for flights_ops_medallion_pipe to 2026-04-28 21:30:00+00:00, run_after=2026-04-28 22:00:00+00:00
[2026-04-28T21:45:17.708+0000] {processor.py:183} INFO - Processing /opt/airflow/dags/flight-pipeline.py took 0.954 seconds
[2026-04-28T21:45:47.954+0000] {processor.py:161} INFO - Started process (PID=4964) to work on /opt/airflow/dags/flight-pipeline.py
[2026-04-28T21:45:47.964+0000] {processor.py:830} INFO - Processing file /opt/airflow/dags/flight-pipeline.py for tasks to queue
[2026-04-28T21:45:47.965+0000] {logging_mixin.py:188} INFO - [2026-04-28T21:45:47.964+0000] {dagbag.py:545} INFO - Filling up the DagBag from /opt/airflow/dags/flight-pipeline.py
[2026-04-28T21:45:48.894+0000] {processor.py:840} INFO - DAG(s) 'flights_ops_medallion_pipe' retrieved from /opt/airflow/dags/flight-pipeline.py
[2026-04-28T21:45:48.924+0000] {logging_mixin.py:188} INFO - [2026-04-28T21:45:48.924+0000] {dag.py:3089} INFO - Sync 1 DAGs
[2026-04-28T21:45:48.948+0000] {logging_mixin.py:188} INFO - [2026-04-28T21:45:48.948+0000] {dag.py:3947} INFO - Setting next_dagrun for flights_ops_medallion_pipe to 2026-04-28 21:30:00+00:00, run_after=2026-04-28 22:00:00+00:00
[2026-04-28T21:45:48.969+0000] {processor.py:183} INFO - Processing /opt/airflow/dags/flight-pipeline.py took 1.023 seconds
[2026-04-28T21:46:19.224+0000] {processor.py:161} INFO - Started process (PID=4967) to work on /opt/airflow/dags/flight-pipeline.py
[2026-04-28T21:46:19.235+0000] {processor.py:830} INFO - Processing file /opt/airflow/dags/flight-pipeline.py for tasks to queue
[2026-04-28T21:46:19.236+0000] {logging_mixin.py:188} INFO - [2026-04-28T21:46:19.236+0000] {dagbag.py:545} INFO - Filling up the DagBag from /opt/airflow/dags/flight-pipeline.py
[2026-04-28T21:46:20.142+0000] {processor.py:840} INFO - DAG(s) 'flights_ops_medallion_pipe' retrieved from /opt/airflow/dags/flight-pipeline.py
[2026-04-28T21:46:20.176+0000] {logging_mixin.py:188} INFO - [2026-04-28T21:46:20.175+0000] {dag.py:3089} INFO - Sync 1 DAGs
[2026-04-28T21:46:20.204+0000] {logging_mixin.py:188} INFO - [2026-04-28T21:46:20.204+0000] {dag.py:3947} INFO - Setting next_dagrun for flights_ops_medallion_pipe to 2026-04-28 21:30:00+00:00, run_after=2026-04-28 22:00:00+00:00
[2026-04-28T21:46:20.228+0000] {processor.py:183} INFO - Processing /opt/airflow/dags/flight-pipeline.py took 1.012 seconds
[2026-04-28T21:46:50.473+0000] {processor.py:161} INFO - Started process (PID=4970) to work on /opt/airflow/dags/flight-pipeline.py
[2026-04-28T21:46:50.482+0000] {processor.py:830} INFO - Processing file /opt/airflow/dags/flight-pipeline.py for tasks to queue
[2026-04-28T21:46:50.484+0000] {logging_mixin.py:188} INFO - [2026-04-28T21:46:50.484+0000] {dagbag.py:545} INFO - Filling up the DagBag from /opt/airflow/dags/flight-pipeline.py
[2026-04-28T21:46:51.714+0000] {processor.py:840} INFO - DAG(s) 'flights_ops_medallion_pipe' retrieved from /opt/airflow/dags/flight-pipeline.py
[2026-04-28T21:46:51.746+0000] {logging_mixin.py:188} INFO - [2026-04-28T21:46:51.746+0000] {dag.py:3089} INFO - Sync 1 DAGs
[2026-04-28T21:46:51.770+0000] {logging_mixin.py:188} INFO - [2026-04-28T21:46:51.769+0000] {dag.py:3947} INFO - Setting next_dagrun for flights_ops_medallion_pipe to 2026-04-28 21:30:00+00:00, run_after=2026-04-28 22:00:00+00:00
[2026-04-28T21:46:51.787+0000] {processor.py:183} INFO - Processing /opt/airflow/dags/flight-pipeline.py took 1.322 seconds
[2026-04-28T21:47:22.021+0000] {processor.py:161} INFO - Started process (PID=4973) to work on /opt/airflow/dags/flight-pipeline.py
[2026-04-28T21:47:22.032+0000] {processor.py:830} INFO - Processing file /opt/airflow/dags/flight-pipeline.py for tasks to queue
[2026-04-28T21:47:22.033+0000] {logging_mixin.py:188} INFO - [2026-04-28T21:47:22.033+0000] {dagbag.py:545} INFO - Filling up the DagBag from /opt/airflow/dags/flight-pipeline.py
[2026-04-28T21:47:22.939+0000] {processor.py:840} INFO - DAG(s) 'flights_ops_medallion_pipe' retrieved from /opt/airflow/dags/flight-pipeline.py
[2026-04-28T21:47:22.970+0000] {logging_mixin.py:188} INFO - [2026-04-28T21:47:22.969+0000] {dag.py:3089} INFO - Sync 1 DAGs
[2026-04-28T21:47:23.004+0000] {logging_mixin.py:188} INFO - [2026-04-28T21:47:23.003+0000] {dag.py:3947} INFO - Setting next_dagrun for flights_ops_medallion_pipe to 2026-04-28 21:30:00+00:00, run_after=2026-04-28 22:00:00+00:00
[2026-04-28T21:47:23.046+0000] {processor.py:183} INFO - Processing /opt/airflow/dags/flight-pipeline.py took 1.033 seconds
[2026-04-28T21:47:53.260+0000] {processor.py:161} INFO - Started process (PID=4976) to work on /opt/airflow/dags/flight-pipeline.py
[2026-04-28T21:47:53.270+0000] {processor.py:830} INFO - Processing file /opt/airflow/dags/flight-pipeline.py for tasks to queue
[2026-04-28T21:47:53.272+0000] {logging_mixin.py:188} INFO - [2026-04-28T21:47:53.271+0000] {dagbag.py:545} INFO - Filling up the DagBag from /opt/airflow/dags/flight-pipeline.py
[2026-04-28T21:47:54.207+0000] {processor.py:840} INFO - DAG(s) 'flights_ops_medallion_pipe' retrieved from /opt/airflow/dags/flight-pipeline.py
[2026-04-28T21:47:54.242+0000] {logging_mixin.py:188} INFO - [2026-04-28T21:47:54.242+0000] {dag.py:3089} INFO - Sync 1 DAGs
[2026-04-28T21:47:54.271+0000] {logging_mixin.py:188} INFO - [2026-04-28T21:47:54.271+0000] {dag.py:3947} INFO - Setting next_dagrun for flights_ops_medallion_pipe to 2026-04-28 21:30:00+00:00, run_after=2026-04-28 22:00:00+00:00
[2026-04-28T21:47:54.290+0000] {processor.py:183} INFO - Processing /opt/airflow/dags/flight-pipeline.py took 1.039 seconds
[2026-04-28T21:48:24.531+0000] {processor.py:161} INFO - Started process (PID=4979) to work on /opt/airflow/dags/flight-pipeline.py
[2026-04-28T21:48:24.543+0000] {processor.py:830} INFO - Processing file /opt/airflow/dags/flight-pipeline.py for tasks to queue
[2026-04-28T21:48:24.544+0000] {logging_mixin.py:188} INFO - [2026-04-28T21:48:24.544+0000] {dagbag.py:545} INFO - Filling up the DagBag from /opt/airflow/dags/flight-pipeline.py
[2026-04-28T21:48:25.439+0000] {processor.py:840} INFO - DAG(s) 'flights_ops_medallion_pipe' retrieved from /opt/airflow/dags/flight-pipeline.py
[2026-04-28T21:48:25.480+0000] {logging_mixin.py:188} INFO - [2026-04-28T21:48:25.479+0000] {dag.py:3089} INFO - Sync 1 DAGs
[2026-04-28T21:48:25.504+0000] {logging_mixin.py:188} INFO - [2026-04-28T21:48:25.504+0000] {dag.py:3947} INFO - Setting next_dagrun for flights_ops_medallion_pipe to 2026-04-28 21:30:00+00:00, run_after=2026-04-28 22:00:00+00:00
[2026-04-28T21:48:25.534+0000] {processor.py:183} INFO - Processing /opt/airflow/dags/flight-pipeline.py took 1.012 seconds
[2026-04-28T21:48:55.801+0000] {processor.py:161} INFO - Started process (PID=4982) to work on /opt/airflow/dags/flight-pipeline.py
[2026-04-28T21:48:55.811+0000] {processor.py:830} INFO - Processing file /opt/airflow/dags/flight-pipeline.py for tasks to queue
[2026-04-28T21:48:55.813+0000] {logging_mixin.py:188} INFO - [2026-04-28T21:48:55.812+0000] {dagbag.py:545} INFO - Filling up the DagBag from /opt/airflow/dags/flight-pipeline.py
[2026-04-28T21:48:56.756+0000] {processor.py:840} INFO - DAG(s) 'flights_ops_medallion_pipe' retrieved from /opt/airflow/dags/flight-pipeline.py
[2026-04-28T21:48:56.794+0000] {logging_mixin.py:188} INFO - [2026-04-28T21:48:56.794+0000] {dag.py:3089} INFO - Sync 1 DAGs
[2026-04-28T21:48:56.824+0000] {logging_mixin.py:188} INFO - [2026-04-28T21:48:56.824+0000] {dag.py:3947} INFO - Setting next_dagrun for flights_ops_medallion_pipe to 2026-04-28 21:30:00+00:00, run_after=2026-04-28 22:00:00+00:00
[2026-04-28T21:48:56.847+0000] {processor.py:183} INFO - Processing /opt/airflow/dags/flight-pipeline.py took 1.055 seconds
[2026-04-28T21:49:27.064+0000] {processor.py:161} INFO - Started process (PID=4985) to work on /opt/airflow/dags/flight-pipeline.py
[2026-04-28T21:49:27.074+0000] {processor.py:830} INFO - Processing file /opt/airflow/dags/flight-pipeline.py for tasks to queue
[2026-04-28T21:49:27.075+0000] {logging_mixin.py:188} INFO - [2026-04-28T21:49:27.075+0000] {dagbag.py:545} INFO - Filling up the DagBag from /opt/airflow/dags/flight-pipeline.py
[2026-04-28T21:49:27.927+0000] {processor.py:840} INFO - DAG(s) 'flights_ops_medallion_pipe' retrieved from /opt/airflow/dags/flight-pipeline.py
[2026-04-28T21:49:27.959+0000] {logging_mixin.py:188} INFO - [2026-04-28T21:49:27.958+0000] {dag.py:3089} INFO - Sync 1 DAGs
[2026-04-28T21:49:27.979+0000] {logging_mixin.py:188} INFO - [2026-04-28T21:49:27.979+0000] {dag.py:3947} INFO - Setting next_dagrun for flights_ops_medallion_pipe to 2026-04-28 21:30:00+00:00, run_after=2026-04-28 22:00:00+00:00
[2026-04-28T21:49:28.000+0000] {processor.py:183} INFO - Processing /opt/airflow/dags/flight-pipeline.py took 0.959 seconds
[2026-04-28T21:49:58.279+0000] {processor.py:161} INFO - Started process (PID=4988) to work on /opt/airflow/dags/flight-pipeline.py
[2026-04-28T21:49:58.293+0000] {processor.py:830} INFO - Processing file /opt/airflow/dags/flight-pipeline.py for tasks to queue
[2026-04-28T21:49:58.295+0000] {logging_mixin.py:188} INFO - [2026-04-28T21:49:58.294+0000] {dagbag.py:545} INFO - Filling up the DagBag from /opt/airflow/dags/flight-pipeline.py
[2026-04-28T21:49:59.240+0000] {processor.py:840} INFO - DAG(s) 'flights_ops_medallion_pipe' retrieved from /opt/airflow/dags/flight-pipeline.py
[2026-04-28T21:49:59.272+0000] {logging_mixin.py:188} INFO - [2026-04-28T21:49:59.272+0000] {dag.py:3089} INFO - Sync 1 DAGs
[2026-04-28T21:49:59.295+0000] {logging_mixin.py:188} INFO - [2026-04-28T21:49:59.295+0000] {dag.py:3947} INFO - Setting next_dagrun for flights_ops_medallion_pipe to 2026-04-28 21:30:00+00:00, run_after=2026-04-28 22:00:00+00:00
[2026-04-28T21:49:59.313+0000] {processor.py:183} INFO - Processing /opt/airflow/dags/flight-pipeline.py took 1.045 seconds
[2026-04-28T21:50:29.524+0000] {processor.py:161} INFO - Started process (PID=4991) to work on /opt/airflow/dags/flight-pipeline.py
[2026-04-28T21:50:29.535+0000] {processor.py:830} INFO - Processing file /opt/airflow/dags/flight-pipeline.py for tasks to queue
[2026-04-28T21:50:29.536+0000] {logging_mixin.py:188} INFO - [2026-04-28T21:50:29.535+0000] {dagbag.py:545} INFO - Filling up the DagBag from /opt/airflow/dags/flight-pipeline.py
[2026-04-28T21:50:30.444+0000] {processor.py:840} INFO - DAG(s) 'flights_ops_medallion_pipe' retrieved from /opt/airflow/dags/flight-pipeline.py
[2026-04-28T21:50:30.475+0000] {logging_mixin.py:188} INFO - [2026-04-28T21:50:30.475+0000] {dag.py:3089} INFO - Sync 1 DAGs
[2026-04-28T21:50:30.496+0000] {logging_mixin.py:188} INFO - [2026-04-28T21:50:30.495+0000] {dag.py:3947} INFO - Setting next_dagrun for flights_ops_medallion_pipe to 2026-04-28 21:30:00+00:00, run_after=2026-04-28 22:00:00+00:00
[2026-04-28T21:50:30.515+0000] {processor.py:183} INFO - Processing /opt/airflow/dags/flight-pipeline.py took 0.999 seconds
[2026-04-28T21:51:00.808+0000] {processor.py:161} INFO - Started process (PID=4994) to work on /opt/airflow/dags/flight-pipeline.py
[2026-04-28T21:51:00.818+0000] {processor.py:830} INFO - Processing file /opt/airflow/dags/flight-pipeline.py for tasks to queue
[2026-04-28T21:51:00.819+0000] {logging_mixin.py:188} INFO - [2026-04-28T21:51:00.819+0000] {dagbag.py:545} INFO - Filling up the DagBag from /opt/airflow/dags/flight-pipeline.py
[2026-04-28T21:51:01.724+0000] {processor.py:840} INFO - DAG(s) 'flights_ops_medallion_pipe' retrieved from /opt/airflow/dags/flight-pipeline.py
[2026-04-28T21:51:01.768+0000] {logging_mixin.py:188} INFO - [2026-04-28T21:51:01.768+0000] {dag.py:3089} INFO - Sync 1 DAGs
[2026-04-28T21:51:01.812+0000] {logging_mixin.py:188} INFO - [2026-04-28T21:51:01.812+0000] {dag.py:3947} INFO - Setting next_dagrun for flights_ops_medallion_pipe to 2026-04-28 21:30:00+00:00, run_after=2026-04-28 22:00:00+00:00
[2026-04-28T21:51:01.841+0000] {processor.py:183} INFO - Processing /opt/airflow/dags/flight-pipeline.py took 1.042 seconds
[2026-04-28T21:51:32.071+0000] {processor.py:161} INFO - Started process (PID=4997) to work on /opt/airflow/dags/flight-pipeline.py
[2026-04-28T21:51:32.081+0000] {processor.py:830} INFO - Processing file /opt/airflow/dags/flight-pipeline.py for tasks to queue
[2026-04-28T21:51:32.082+0000] {logging_mixin.py:188} INFO - [2026-04-28T21:51:32.082+0000] {dagbag.py:545} INFO - Filling up the DagBag from /opt/airflow/dags/flight-pipeline.py
[2026-04-28T21:51:33.178+0000] {processor.py:840} INFO - DAG(s) 'flights_ops_medallion_pipe' retrieved from /opt/airflow/dags/flight-pipeline.py
[2026-04-28T21:51:33.220+0000] {logging_mixin.py:188} INFO - [2026-04-28T21:51:33.220+0000] {dag.py:3089} INFO - Sync 1 DAGs
[2026-04-28T21:51:33.263+0000] {logging_mixin.py:188} INFO - [2026-04-28T21:51:33.263+0000] {dag.py:3947} INFO - Setting next_dagrun for flights_ops_medallion_pipe to 2026-04-28 21:30:00+00:00, run_after=2026-04-28 22:00:00+00:00
[2026-04-28T21:51:33.306+0000] {processor.py:183} INFO - Processing /opt/airflow/dags/flight-pipeline.py took 1.245 seconds
[2026-04-28T21:52:03.534+0000] {processor.py:161} INFO - Started process (PID=5000) to work on /opt/airflow/dags/flight-pipeline.py
[2026-04-28T21:52:03.547+0000] {processor.py:830} INFO - Processing file /opt/airflow/dags/flight-pipeline.py for tasks to queue
[2026-04-28T21:52:03.548+0000] {logging_mixin.py:188} INFO - [2026-04-28T21:52:03.548+0000] {dagbag.py:545} INFO - Filling up the DagBag from /opt/airflow/dags/flight-pipeline.py
[2026-04-28T21:52:04.411+0000] {processor.py:840} INFO - DAG(s) 'flights_ops_medallion_pipe' retrieved from /opt/airflow/dags/flight-pipeline.py
[2026-04-28T21:52:04.441+0000] {logging_mixin.py:188} INFO - [2026-04-28T21:52:04.441+0000] {dag.py:3089} INFO - Sync 1 DAGs
[2026-04-28T21:52:04.463+0000] {logging_mixin.py:188} INFO - [2026-04-28T21:52:04.463+0000] {dag.py:3947} INFO - Setting next_dagrun for flights_ops_medallion_pipe to 2026-04-28 21:30:00+00:00, run_after=2026-04-28 22:00:00+00:00
[2026-04-28T21:52:04.481+0000] {processor.py:183} INFO - Processing /opt/airflow/dags/flight-pipeline.py took 0.956 seconds
[2026-04-28T21:52:34.718+0000] {processor.py:161} INFO - Started process (PID=5003) to work on /opt/airflow/dags/flight-pipeline.py
[2026-04-28T21:52:34.721+0000] {processor.py:830} INFO - Processing file /opt/airflow/dags/flight-pipeline.py for tasks to queue
[2026-04-28T21:52:34.724+0000] {logging_mixin.py:188} INFO - [2026-04-28T21:52:34.723+0000] {dagbag.py:545} INFO - Filling up the DagBag from /opt/airflow/dags/flight-pipeline.py
[2026-04-28T21:52:35.718+0000] {processor.py:840} INFO - DAG(s) 'flights_ops_medallion_pipe' retrieved from /opt/airflow/dags/flight-pipeline.py
[2026-04-28T21:52:35.748+0000] {logging_mixin.py:188} INFO - [2026-04-28T21:52:35.748+0000] {dag.py:3089} INFO - Sync 1 DAGs
[2026-04-28T21:52:35.770+0000] {logging_mixin.py:188} INFO - [2026-04-28T21:52:35.770+0000] {dag.py:3947} INFO - Setting next_dagrun for flights_ops_medallion_pipe to 2026-04-28 21:30:00+00:00, run_after=2026-04-28 22:00:00+00:00
[2026-04-28T21:52:35.788+0000] {processor.py:183} INFO - Processing /opt/airflow/dags/flight-pipeline.py took 1.080 seconds
[2026-04-28T21:53:06.026+0000] {processor.py:161} INFO - Started process (PID=5006) to work on /opt/airflow/dags/flight-pipeline.py
[2026-04-28T21:53:06.035+0000] {processor.py:830} INFO - Processing file /opt/airflow/dags/flight-pipeline.py for tasks to queue
[2026-04-28T21:53:06.044+0000] {logging_mixin.py:188} INFO - [2026-04-28T21:53:06.042+0000] {dagbag.py:545} INFO - Filling up the DagBag from /opt/airflow/dags/flight-pipeline.py
[2026-04-28T21:53:07.793+0000] {processor.py:840} INFO - DAG(s) 'flights_ops_medallion_pipe' retrieved from /opt/airflow/dags/flight-pipeline.py
[2026-04-28T21:53:07.828+0000] {logging_mixin.py:188} INFO - [2026-04-28T21:53:07.828+0000] {dag.py:3089} INFO - Sync 1 DAGs
[2026-04-28T21:53:07.852+0000] {logging_mixin.py:188} INFO - [2026-04-28T21:53:07.852+0000] {dag.py:3947} INFO - Setting next_dagrun for flights_ops_medallion_pipe to 2026-04-28 21:30:00+00:00, run_after=2026-04-28 22:00:00+00:00
[2026-04-28T21:53:07.874+0000] {processor.py:183} INFO - Processing /opt/airflow/dags/flight-pipeline.py took 1.871 seconds
[2026-04-28T21:53:38.158+0000] {processor.py:161} INFO - Started process (PID=5009) to work on /opt/airflow/dags/flight-pipeline.py
[2026-04-28T21:53:38.161+0000] {processor.py:830} INFO - Processing file /opt/airflow/dags/flight-pipeline.py for tasks to queue
[2026-04-28T21:53:38.163+0000] {logging_mixin.py:188} INFO - [2026-04-28T21:53:38.162+0000] {dagbag.py:545} INFO - Filling up the DagBag from /opt/airflow/dags/flight-pipeline.py
[2026-04-28T21:53:39.163+0000] {processor.py:840} INFO - DAG(s) 'flights_ops_medallion_pipe' retrieved from /opt/airflow/dags/flight-pipeline.py
[2026-04-28T21:53:39.203+0000] {logging_mixin.py:188} INFO - [2026-04-28T21:53:39.202+0000] {dag.py:3089} INFO - Sync 1 DAGs
[2026-04-28T21:53:39.227+0000] {logging_mixin.py:188} INFO - [2026-04-28T21:53:39.227+0000] {dag.py:3947} INFO - Setting next_dagrun for flights_ops_medallion_pipe to 2026-04-28 21:30:00+00:00, run_after=2026-04-28 22:00:00+00:00
[2026-04-28T21:53:39.246+0000] {processor.py:183} INFO - Processing /opt/airflow/dags/flight-pipeline.py took 1.107 seconds
[2026-04-28T21:54:09.493+0000] {processor.py:161} INFO - Started process (PID=5012) to work on /opt/airflow/dags/flight-pipeline.py
[2026-04-28T21:54:09.495+0000] {processor.py:830} INFO - Processing file /opt/airflow/dags/flight-pipeline.py for tasks to queue
[2026-04-28T21:54:09.497+0000] {logging_mixin.py:188} INFO - [2026-04-28T21:54:09.496+0000] {dagbag.py:545} INFO - Filling up the DagBag from /opt/airflow/dags/flight-pipeline.py
[2026-04-28T21:54:10.408+0000] {processor.py:840} INFO - DAG(s) 'flights_ops_medallion_pipe' retrieved from /opt/airflow/dags/flight-pipeline.py
[2026-04-28T21:54:10.438+0000] {logging_mixin.py:188} INFO - [2026-04-28T21:54:10.437+0000] {dag.py:3089} INFO - Sync 1 DAGs
[2026-04-28T21:54:10.466+0000] {logging_mixin.py:188} INFO - [2026-04-28T21:54:10.466+0000] {dag.py:3947} INFO - Setting next_dagrun for flights_ops_medallion_pipe to 2026-04-28 21:30:00+00:00, run_after=2026-04-28 22:00:00+00:00
[2026-04-28T21:54:10.489+0000] {processor.py:183} INFO - Processing /opt/airflow/dags/flight-pipeline.py took 1.004 seconds
[2026-04-28T21:54:40.725+0000] {processor.py:161} INFO - Started process (PID=5015) to work on /opt/airflow/dags/flight-pipeline.py
[2026-04-28T21:54:40.731+0000] {processor.py:830} INFO - Processing file /opt/airflow/dags/flight-pipeline.py for tasks to queue
[2026-04-28T21:54:40.733+0000] {logging_mixin.py:188} INFO - [2026-04-28T21:54:40.732+0000] {dagbag.py:545} INFO - Filling up the DagBag from /opt/airflow/dags/flight-pipeline.py
[2026-04-28T21:54:42.061+0000] {processor.py:840} INFO - DAG(s) 'flights_ops_medallion_pipe' retrieved from /opt/airflow/dags/flight-pipeline.py
[2026-04-28T21:54:42.098+0000] {logging_mixin.py:188} INFO - [2026-04-28T21:54:42.097+0000] {dag.py:3089} INFO - Sync 1 DAGs
[2026-04-28T21:54:42.130+0000] {logging_mixin.py:188} INFO - [2026-04-28T21:54:42.129+0000] {dag.py:3947} INFO - Setting next_dagrun for flights_ops_medallion_pipe to 2026-04-28 21:30:00+00:00, run_after=2026-04-28 22:00:00+00:00
[2026-04-28T21:54:42.153+0000] {processor.py:183} INFO - Processing /opt/airflow/dags/flight-pipeline.py took 1.441 seconds
[2026-04-28T21:55:12.396+0000] {processor.py:161} INFO - Started process (PID=5018) to work on /opt/airflow/dags/flight-pipeline.py
[2026-04-28T21:55:12.407+0000] {processor.py:830} INFO - Processing file /opt/airflow/dags/flight-pipeline.py for tasks to queue
[2026-04-28T21:55:12.408+0000] {logging_mixin.py:188} INFO - [2026-04-28T21:55:12.408+0000] {dagbag.py:545} INFO - Filling up the DagBag from /opt/airflow/dags/flight-pipeline.py
[2026-04-28T21:55:13.469+0000] {processor.py:840} INFO - DAG(s) 'flights_ops_medallion_pipe' retrieved from /opt/airflow/dags/flight-pipeline.py
[2026-04-28T21:55:13.568+0000] {logging_mixin.py:188} INFO - [2026-04-28T21:55:13.567+0000] {dag.py:3089} INFO - Sync 1 DAGs
[2026-04-28T21:55:13.597+0000] {logging_mixin.py:188} INFO - [2026-04-28T21:55:13.596+0000] {dag.py:3947} INFO - Setting next_dagrun for flights_ops_medallion_pipe to 2026-04-28 21:30:00+00:00, run_after=2026-04-28 22:00:00+00:00
[2026-04-28T21:55:13.623+0000] {processor.py:183} INFO - Processing /opt/airflow/dags/flight-pipeline.py took 1.234 seconds
[2026-04-28T21:55:43.863+0000] {processor.py:161} INFO - Started process (PID=5021) to work on /opt/airflow/dags/flight-pipeline.py
[2026-04-28T21:55:43.867+0000] {processor.py:830} INFO - Processing file /opt/airflow/dags/flight-pipeline.py for tasks to queue
[2026-04-28T21:55:43.868+0000] {logging_mixin.py:188} INFO - [2026-04-28T21:55:43.868+0000] {dagbag.py:545} INFO - Filling up the DagBag from /opt/airflow/dags/flight-pipeline.py
[2026-04-28T21:55:44.785+0000] {processor.py:840} INFO - DAG(s) 'flights_ops_medallion_pipe' retrieved from /opt/airflow/dags/flight-pipeline.py
[2026-04-28T21:55:44.820+0000] {logging_mixin.py:188} INFO - [2026-04-28T21:55:44.819+0000] {dag.py:3089} INFO - Sync 1 DAGs
[2026-04-28T21:55:44.846+0000] {logging_mixin.py:188} INFO - [2026-04-28T21:55:44.845+0000] {dag.py:3947} INFO - Setting next_dagrun for flights_ops_medallion_pipe to 2026-04-28 21:30:00+00:00, run_after=2026-04-28 22:00:00+00:00
[2026-04-28T21:55:44.869+0000] {processor.py:183} INFO - Processing /opt/airflow/dags/flight-pipeline.py took 1.016 seconds
[2026-04-28T21:56:15.125+0000] {processor.py:161} INFO - Started process (PID=5024) to work on /opt/airflow/dags/flight-pipeline.py
[2026-04-28T21:56:15.128+0000] {processor.py:830} INFO - Processing file /opt/airflow/dags/flight-pipeline.py for tasks to queue
[2026-04-28T21:56:15.129+0000] {logging_mixin.py:188} INFO - [2026-04-28T21:56:15.129+0000] {dagbag.py:545} INFO - Filling up the DagBag from /opt/airflow/dags/flight-pipeline.py
[2026-04-28T21:56:15.997+0000] {processor.py:840} INFO - DAG(s) 'flights_ops_medallion_pipe' retrieved from /opt/airflow/dags/flight-pipeline.py
[2026-04-28T21:56:16.034+0000] {logging_mixin.py:188} INFO - [2026-04-28T21:56:16.033+0000] {dag.py:3089} INFO - Sync 1 DAGs
[2026-04-28T21:56:16.058+0000] {logging_mixin.py:188} INFO - [2026-04-28T21:56:16.058+0000] {dag.py:3947} INFO - Setting next_dagrun for flights_ops_medallion_pipe to 2026-04-28 21:30:00+00:00, run_after=2026-04-28 22:00:00+00:00
[2026-04-28T21:56:16.081+0000] {processor.py:183} INFO - Processing /opt/airflow/dags/flight-pipeline.py took 0.965 seconds
[2026-04-28T21:56:46.379+0000] {processor.py:161} INFO - Started process (PID=5027) to work on /opt/airflow/dags/flight-pipeline.py
[2026-04-28T21:56:46.382+0000] {processor.py:830} INFO - Processing file /opt/airflow/dags/flight-pipeline.py for tasks to queue
[2026-04-28T21:56:46.383+0000] {logging_mixin.py:188} INFO - [2026-04-28T21:56:46.383+0000] {dagbag.py:545} INFO - Filling up the DagBag from /opt/airflow/dags/flight-pipeline.py
[2026-04-28T21:56:47.270+0000] {processor.py:840} INFO - DAG(s) 'flights_ops_medallion_pipe' retrieved from /opt/airflow/dags/flight-pipeline.py
[2026-04-28T21:56:47.303+0000] {logging_mixin.py:188} INFO - [2026-04-28T21:56:47.303+0000] {dag.py:3089} INFO - Sync 1 DAGs
[2026-04-28T21:56:47.328+0000] {logging_mixin.py:188} INFO - [2026-04-28T21:56:47.328+0000] {dag.py:3947} INFO - Setting next_dagrun for flights_ops_medallion_pipe to 2026-04-28 21:30:00+00:00, run_after=2026-04-28 22:00:00+00:00
[2026-04-28T21:56:47.347+0000] {processor.py:183} INFO - Processing /opt/airflow/dags/flight-pipeline.py took 0.974 seconds
[2026-04-28T21:57:17.584+0000] {processor.py:161} INFO - Started process (PID=5030) to work on /opt/airflow/dags/flight-pipeline.py
[2026-04-28T21:57:17.595+0000] {processor.py:830} INFO - Processing file /opt/airflow/dags/flight-pipeline.py for tasks to queue
[2026-04-28T21:57:17.596+0000] {logging_mixin.py:188} INFO - [2026-04-28T21:57:17.596+0000] {dagbag.py:545} INFO - Filling up the DagBag from /opt/airflow/dags/flight-pipeline.py
[2026-04-28T21:57:18.564+0000] {processor.py:840} INFO - DAG(s) 'flights_ops_medallion_pipe' retrieved from /opt/airflow/dags/flight-pipeline.py
[2026-04-28T21:57:18.605+0000] {logging_mixin.py:188} INFO - [2026-04-28T21:57:18.604+0000] {dag.py:3089} INFO - Sync 1 DAGs
[2026-04-28T21:57:18.630+0000] {logging_mixin.py:188} INFO - [2026-04-28T21:57:18.630+0000] {dag.py:3947} INFO - Setting next_dagrun for flights_ops_medallion_pipe to 2026-04-28 21:30:00+00:00, run_after=2026-04-28 22:00:00+00:00
[2026-04-28T21:57:18.650+0000] {processor.py:183} INFO - Processing /opt/airflow/dags/flight-pipeline.py took 1.075 seconds
[2026-04-28T21:57:48.885+0000] {processor.py:161} INFO - Started process (PID=5033) to work on /opt/airflow/dags/flight-pipeline.py
[2026-04-28T21:57:48.888+0000] {processor.py:830} INFO - Processing file /opt/airflow/dags/flight-pipeline.py for tasks to queue
[2026-04-28T21:57:48.890+0000] {logging_mixin.py:188} INFO - [2026-04-28T21:57:48.890+0000] {dagbag.py:545} INFO - Filling up the DagBag from /opt/airflow/dags/flight-pipeline.py
[2026-04-28T21:57:49.962+0000] {processor.py:840} INFO - DAG(s) 'flights_ops_medallion_pipe' retrieved from /opt/airflow/dags/flight-pipeline.py
[2026-04-28T21:57:49.992+0000] {logging_mixin.py:188} INFO - [2026-04-28T21:57:49.992+0000] {dag.py:3089} INFO - Sync 1 DAGs
[2026-04-28T21:57:50.013+0000] {logging_mixin.py:188} INFO - [2026-04-28T21:57:50.013+0000] {dag.py:3947} INFO - Setting next_dagrun for flights_ops_medallion_pipe to 2026-04-28 21:30:00+00:00, run_after=2026-04-28 22:00:00+00:00
[2026-04-28T21:57:50.030+0000] {processor.py:183} INFO - Processing /opt/airflow/dags/flight-pipeline.py took 1.157 seconds
[2026-04-28T21:58:20.140+0000] {processor.py:161} INFO - Started process (PID=5036) to work on /opt/airflow/dags/flight-pipeline.py
[2026-04-28T21:58:20.142+0000] {processor.py:830} INFO - Processing file /opt/airflow/dags/flight-pipeline.py for tasks to queue
[2026-04-28T21:58:20.144+0000] {logging_mixin.py:188} INFO - [2026-04-28T21:58:20.143+0000] {dagbag.py:545} INFO - Filling up the DagBag from /opt/airflow/dags/flight-pipeline.py
[2026-04-28T21:58:20.997+0000] {processor.py:840} INFO - DAG(s) 'flights_ops_medallion_pipe' retrieved from /opt/airflow/dags/flight-pipeline.py
[2026-04-28T21:58:21.030+0000] {logging_mixin.py:188} INFO - [2026-04-28T21:58:21.030+0000] {dag.py:3089} INFO - Sync 1 DAGs
[2026-04-28T21:58:21.051+0000] {logging_mixin.py:188} INFO - [2026-04-28T21:58:21.051+0000] {dag.py:3947} INFO - Setting next_dagrun for flights_ops_medallion_pipe to 2026-04-28 21:30:00+00:00, run_after=2026-04-28 22:00:00+00:00
[2026-04-28T21:58:21.072+0000] {processor.py:183} INFO - Processing /opt/airflow/dags/flight-pipeline.py took 0.941 seconds
[2026-04-28T21:58:51.335+0000] {processor.py:161} INFO - Started process (PID=5039) to work on /opt/airflow/dags/flight-pipeline.py
[2026-04-28T21:58:51.339+0000] {processor.py:830} INFO - Processing file /opt/airflow/dags/flight-pipeline.py for tasks to queue
[2026-04-28T21:58:51.340+0000] {logging_mixin.py:188} INFO - [2026-04-28T21:58:51.340+0000] {dagbag.py:545} INFO - Filling up the DagBag from /opt/airflow/dags/flight-pipeline.py
[2026-04-28T21:58:52.235+0000] {processor.py:840} INFO - DAG(s) 'flights_ops_medallion_pipe' retrieved from /opt/airflow/dags/flight-pipeline.py
[2026-04-28T21:58:52.267+0000] {logging_mixin.py:188} INFO - [2026-04-28T21:58:52.266+0000] {dag.py:3089} INFO - Sync 1 DAGs
[2026-04-28T21:58:52.288+0000] {logging_mixin.py:188} INFO - [2026-04-28T21:58:52.288+0000] {dag.py:3947} INFO - Setting next_dagrun for flights_ops_medallion_pipe to 2026-04-28 21:30:00+00:00, run_after=2026-04-28 22:00:00+00:00
[2026-04-28T21:58:52.306+0000] {processor.py:183} INFO - Processing /opt/airflow/dags/flight-pipeline.py took 0.984 seconds
[2026-04-28T21:59:22.562+0000] {processor.py:161} INFO - Started process (PID=5042) to work on /opt/airflow/dags/flight-pipeline.py
[2026-04-28T21:59:22.565+0000] {processor.py:830} INFO - Processing file /opt/airflow/dags/flight-pipeline.py for tasks to queue
[2026-04-28T21:59:22.567+0000] {logging_mixin.py:188} INFO - [2026-04-28T21:59:22.566+0000] {dagbag.py:545} INFO - Filling up the DagBag from /opt/airflow/dags/flight-pipeline.py
[2026-04-28T21:59:23.689+0000] {processor.py:840} INFO - DAG(s) 'flights_ops_medallion_pipe' retrieved from /opt/airflow/dags/flight-pipeline.py
[2026-04-28T21:59:23.729+0000] {logging_mixin.py:188} INFO - [2026-04-28T21:59:23.729+0000] {dag.py:3089} INFO - Sync 1 DAGs
[2026-04-28T21:59:23.752+0000] {logging_mixin.py:188} INFO - [2026-04-28T21:59:23.752+0000] {dag.py:3947} INFO - Setting next_dagrun for flights_ops_medallion_pipe to 2026-04-28 21:30:00+00:00, run_after=2026-04-28 22:00:00+00:00
[2026-04-28T21:59:23.771+0000] {processor.py:183} INFO - Processing /opt/airflow/dags/flight-pipeline.py took 1.217 seconds
[2026-04-28T21:59:53.873+0000] {processor.py:161} INFO - Started process (PID=5045) to work on /opt/airflow/dags/flight-pipeline.py
[2026-04-28T21:59:53.876+0000] {processor.py:830} INFO - Processing file /opt/airflow/dags/flight-pipeline.py for tasks to queue
[2026-04-28T21:59:53.877+0000] {logging_mixin.py:188} INFO - [2026-04-28T21:59:53.877+0000] {dagbag.py:545} INFO - Filling up the DagBag from /opt/airflow/dags/flight-pipeline.py
[2026-04-28T21:59:54.772+0000] {processor.py:840} INFO - DAG(s) 'flights_ops_medallion_pipe' retrieved from /opt/airflow/dags/flight-pipeline.py
[2026-04-28T21:59:54.803+0000] {logging_mixin.py:188} INFO - [2026-04-28T21:59:54.803+0000] {dag.py:3089} INFO - Sync 1 DAGs
[2026-04-28T21:59:54.823+0000] {logging_mixin.py:188} INFO - [2026-04-28T21:59:54.823+0000] {dag.py:3947} INFO - Setting next_dagrun for flights_ops_medallion_pipe to 2026-04-28 21:30:00+00:00, run_after=2026-04-28 22:00:00+00:00
[2026-04-28T21:59:54.841+0000] {processor.py:183} INFO - Processing /opt/airflow/dags/flight-pipeline.py took 0.977 seconds
[2026-04-28T22:00:25.226+0000] {processor.py:161} INFO - Started process (PID=5082) to work on /opt/airflow/dags/flight-pipeline.py
[2026-04-28T22:00:25.229+0000] {processor.py:830} INFO - Processing file /opt/airflow/dags/flight-pipeline.py for tasks to queue
[2026-04-28T22:00:25.230+0000] {logging_mixin.py:188} INFO - [2026-04-28T22:00:25.230+0000] {dagbag.py:545} INFO - Filling up the DagBag from /opt/airflow/dags/flight-pipeline.py
[2026-04-28T22:00:26.856+0000] {processor.py:840} INFO - DAG(s) 'flights_ops_medallion_pipe' retrieved from /opt/airflow/dags/flight-pipeline.py
[2026-04-28T22:00:26.898+0000] {logging_mixin.py:188} INFO - [2026-04-28T22:00:26.897+0000] {dag.py:3089} INFO - Sync 1 DAGs
[2026-04-28T22:00:26.922+0000] {logging_mixin.py:188} INFO - [2026-04-28T22:00:26.922+0000] {dag.py:3947} INFO - Setting next_dagrun for flights_ops_medallion_pipe to 2026-04-28 22:00:00+00:00, run_after=2026-04-28 22:30:00+00:00
[2026-04-28T22:00:26.978+0000] {processor.py:183} INFO - Processing /opt/airflow/dags/flight-pipeline.py took 1.761 seconds
[2026-04-28T22:00:57.247+0000] {processor.py:161} INFO - Started process (PID=5095) to work on /opt/airflow/dags/flight-pipeline.py
[2026-04-28T22:00:57.251+0000] {processor.py:830} INFO - Processing file /opt/airflow/dags/flight-pipeline.py for tasks to queue
[2026-04-28T22:00:57.253+0000] {logging_mixin.py:188} INFO - [2026-04-28T22:00:57.252+0000] {dagbag.py:545} INFO - Filling up the DagBag from /opt/airflow/dags/flight-pipeline.py
[2026-04-28T22:00:58.649+0000] {processor.py:840} INFO - DAG(s) 'flights_ops_medallion_pipe' retrieved from /opt/airflow/dags/flight-pipeline.py
[2026-04-28T22:00:58.732+0000] {logging_mixin.py:188} INFO - [2026-04-28T22:00:58.732+0000] {dag.py:3089} INFO - Sync 1 DAGs
[2026-04-28T22:00:58.814+0000] {logging_mixin.py:188} INFO - [2026-04-28T22:00:58.814+0000] {dag.py:3947} INFO - Setting next_dagrun for flights_ops_medallion_pipe to 2026-04-28 22:00:00+00:00, run_after=2026-04-28 22:30:00+00:00
[2026-04-28T22:00:58.850+0000] {processor.py:183} INFO - Processing /opt/airflow/dags/flight-pipeline.py took 1.612 seconds
[2026-04-28T22:01:29.185+0000] {processor.py:161} INFO - Started process (PID=5098) to work on /opt/airflow/dags/flight-pipeline.py
[2026-04-28T22:01:29.189+0000] {processor.py:830} INFO - Processing file /opt/airflow/dags/flight-pipeline.py for tasks to queue
[2026-04-28T22:01:29.191+0000] {logging_mixin.py:188} INFO - [2026-04-28T22:01:29.190+0000] {dagbag.py:545} INFO - Filling up the DagBag from /opt/airflow/dags/flight-pipeline.py
[2026-04-28T22:01:31.088+0000] {processor.py:840} INFO - DAG(s) 'flights_ops_medallion_pipe' retrieved from /opt/airflow/dags/flight-pipeline.py
[2026-04-28T22:01:31.121+0000] {logging_mixin.py:188} INFO - [2026-04-28T22:01:31.120+0000] {dag.py:3089} INFO - Sync 1 DAGs
[2026-04-28T22:01:31.143+0000] {logging_mixin.py:188} INFO - [2026-04-28T22:01:31.143+0000] {dag.py:3947} INFO - Setting next_dagrun for flights_ops_medallion_pipe to 2026-04-28 22:00:00+00:00, run_after=2026-04-28 22:30:00+00:00
[2026-04-28T22:01:31.166+0000] {processor.py:183} INFO - Processing /opt/airflow/dags/flight-pipeline.py took 2.007 seconds
[2026-04-28T22:02:01.479+0000] {processor.py:161} INFO - Started process (PID=5101) to work on /opt/airflow/dags/flight-pipeline.py
[2026-04-28T22:02:01.482+0000] {processor.py:830} INFO - Processing file /opt/airflow/dags/flight-pipeline.py for tasks to queue
[2026-04-28T22:02:01.484+0000] {logging_mixin.py:188} INFO - [2026-04-28T22:02:01.483+0000] {dagbag.py:545} INFO - Filling up the DagBag from /opt/airflow/dags/flight-pipeline.py
[2026-04-28T22:02:02.545+0000] {processor.py:840} INFO - DAG(s) 'flights_ops_medallion_pipe' retrieved from /opt/airflow/dags/flight-pipeline.py
[2026-04-28T22:02:02.575+0000] {logging_mixin.py:188} INFO - [2026-04-28T22:02:02.575+0000] {dag.py:3089} INFO - Sync 1 DAGs
[2026-04-28T22:02:02.599+0000] {logging_mixin.py:188} INFO - [2026-04-28T22:02:02.598+0000] {dag.py:3947} INFO - Setting next_dagrun for flights_ops_medallion_pipe to 2026-04-28 22:00:00+00:00, run_after=2026-04-28 22:30:00+00:00
[2026-04-28T22:02:02.618+0000] {processor.py:183} INFO - Processing /opt/airflow/dags/flight-pipeline.py took 1.149 seconds
[2026-04-28T22:02:32.717+0000] {processor.py:161} INFO - Started process (PID=5104) to work on /opt/airflow/dags/flight-pipeline.py
[2026-04-28T22:02:32.719+0000] {processor.py:830} INFO - Processing file /opt/airflow/dags/flight-pipeline.py for tasks to queue
[2026-04-28T22:02:32.721+0000] {logging_mixin.py:188} INFO - [2026-04-28T22:02:32.720+0000] {dagbag.py:545} INFO - Filling up the DagBag from /opt/airflow/dags/flight-pipeline.py
[2026-04-28T22:02:33.612+0000] {processor.py:840} INFO - DAG(s) 'flights_ops_medallion_pipe' retrieved from /opt/airflow/dags/flight-pipeline.py
[2026-04-28T22:02:33.645+0000] {logging_mixin.py:188} INFO - [2026-04-28T22:02:33.645+0000] {dag.py:3089} INFO - Sync 1 DAGs
[2026-04-28T22:02:33.669+0000] {logging_mixin.py:188} INFO - [2026-04-28T22:02:33.668+0000] {dag.py:3947} INFO - Setting next_dagrun for flights_ops_medallion_pipe to 2026-04-28 22:00:00+00:00, run_after=2026-04-28 22:30:00+00:00
[2026-04-28T22:02:33.688+0000] {processor.py:183} INFO - Processing /opt/airflow/dags/flight-pipeline.py took 0.985 seconds
[2026-04-28T22:03:03.991+0000] {processor.py:161} INFO - Started process (PID=5107) to work on /opt/airflow/dags/flight-pipeline.py
[2026-04-28T22:03:03.999+0000] {processor.py:830} INFO - Processing file /opt/airflow/dags/flight-pipeline.py for tasks to queue
[2026-04-28T22:03:04.003+0000] {logging_mixin.py:188} INFO - [2026-04-28T22:03:04.002+0000] {dagbag.py:545} INFO - Filling up the DagBag from /opt/airflow/dags/flight-pipeline.py
[2026-04-28T22:03:05.075+0000] {processor.py:840} INFO - DAG(s) 'flights_ops_medallion_pipe' retrieved from /opt/airflow/dags/flight-pipeline.py
[2026-04-28T22:03:05.107+0000] {logging_mixin.py:188} INFO - [2026-04-28T22:03:05.107+0000] {dag.py:3089} INFO - Sync 1 DAGs
[2026-04-28T22:03:05.133+0000] {logging_mixin.py:188} INFO - [2026-04-28T22:03:05.133+0000] {dag.py:3947} INFO - Setting next_dagrun for flights_ops_medallion_pipe to 2026-04-28 22:00:00+00:00, run_after=2026-04-28 22:30:00+00:00
[2026-04-28T22:03:05.154+0000] {processor.py:183} INFO - Processing /opt/airflow/dags/flight-pipeline.py took 1.175 seconds
[2026-04-28T22:03:35.239+0000] {processor.py:161} INFO - Started process (PID=5110) to work on /opt/airflow/dags/flight-pipeline.py
[2026-04-28T22:03:35.242+0000] {processor.py:830} INFO - Processing file /opt/airflow/dags/flight-pipeline.py for tasks to queue
[2026-04-28T22:03:35.243+0000] {logging_mixin.py:188} INFO - [2026-04-28T22:03:35.243+0000] {dagbag.py:545} INFO - Filling up the DagBag from /opt/airflow/dags/flight-pipeline.py
[2026-04-28T22:03:36.105+0000] {processor.py:840} INFO - DAG(s) 'flights_ops_medallion_pipe' retrieved from /opt/airflow/dags/flight-pipeline.py
[2026-04-28T22:03:36.136+0000] {logging_mixin.py:188} INFO - [2026-04-28T22:03:36.135+0000] {dag.py:3089} INFO - Sync 1 DAGs
[2026-04-28T22:03:36.157+0000] {logging_mixin.py:188} INFO - [2026-04-28T22:03:36.156+0000] {dag.py:3947} INFO - Setting next_dagrun for flights_ops_medallion_pipe to 2026-04-28 22:00:00+00:00, run_after=2026-04-28 22:30:00+00:00
[2026-04-28T22:03:36.175+0000] {processor.py:183} INFO - Processing /opt/airflow/dags/flight-pipeline.py took 0.944 seconds
[2026-04-28T22:04:06.516+0000] {processor.py:161} INFO - Started process (PID=5113) to work on /opt/airflow/dags/flight-pipeline.py
[2026-04-28T22:04:06.519+0000] {processor.py:830} INFO - Processing file /opt/airflow/dags/flight-pipeline.py for tasks to queue
[2026-04-28T22:04:06.520+0000] {logging_mixin.py:188} INFO - [2026-04-28T22:04:06.520+0000] {dagbag.py:545} INFO - Filling up the DagBag from /opt/airflow/dags/flight-pipeline.py
[2026-04-28T22:04:07.299+0000] {processor.py:840} INFO - DAG(s) 'flights_ops_medallion_pipe' retrieved from /opt/airflow/dags/flight-pipeline.py
[2026-04-28T22:04:07.329+0000] {logging_mixin.py:188} INFO - [2026-04-28T22:04:07.329+0000] {dag.py:3089} INFO - Sync 1 DAGs
[2026-04-28T22:04:07.348+0000] {logging_mixin.py:188} INFO - [2026-04-28T22:04:07.347+0000] {dag.py:3947} INFO - Setting next_dagrun for flights_ops_medallion_pipe to 2026-04-28 22:00:00+00:00, run_after=2026-04-28 22:30:00+00:00
[2026-04-28T22:04:07.366+0000] {processor.py:183} INFO - Processing /opt/airflow/dags/flight-pipeline.py took 0.859 seconds
[2026-04-28T22:04:37.662+0000] {processor.py:161} INFO - Started process (PID=5116) to work on /opt/airflow/dags/flight-pipeline.py
[2026-04-28T22:04:37.665+0000] {processor.py:830} INFO - Processing file /opt/airflow/dags/flight-pipeline.py for tasks to queue
[2026-04-28T22:04:37.667+0000] {logging_mixin.py:188} INFO - [2026-04-28T22:04:37.666+0000] {dagbag.py:545} INFO - Filling up the DagBag from /opt/airflow/dags/flight-pipeline.py
[2026-04-28T22:04:38.450+0000] {processor.py:840} INFO - DAG(s) 'flights_ops_medallion_pipe' retrieved from /opt/airflow/dags/flight-pipeline.py
[2026-04-28T22:04:38.482+0000] {logging_mixin.py:188} INFO - [2026-04-28T22:04:38.482+0000] {dag.py:3089} INFO - Sync 1 DAGs
[2026-04-28T22:04:38.502+0000] {logging_mixin.py:188} INFO - [2026-04-28T22:04:38.502+0000] {dag.py:3947} INFO - Setting next_dagrun for flights_ops_medallion_pipe to 2026-04-28 22:00:00+00:00, run_after=2026-04-28 22:30:00+00:00
[2026-04-28T22:04:38.521+0000] {processor.py:183} INFO - Processing /opt/airflow/dags/flight-pipeline.py took 0.868 seconds
[2026-04-28T22:05:08.800+0000] {processor.py:161} INFO - Started process (PID=5119) to work on /opt/airflow/dags/flight-pipeline.py
[2026-04-28T22:05:08.803+0000] {processor.py:830} INFO - Processing file /opt/airflow/dags/flight-pipeline.py for tasks to queue
[2026-04-28T22:05:08.804+0000] {logging_mixin.py:188} INFO - [2026-04-28T22:05:08.804+0000] {dagbag.py:545} INFO - Filling up the DagBag from /opt/airflow/dags/flight-pipeline.py
[2026-04-28T22:05:09.597+0000] {processor.py:840} INFO - DAG(s) 'flights_ops_medallion_pipe' retrieved from /opt/airflow/dags/flight-pipeline.py
[2026-04-28T22:05:09.627+0000] {logging_mixin.py:188} INFO - [2026-04-28T22:05:09.627+0000] {dag.py:3089} INFO - Sync 1 DAGs
[2026-04-28T22:05:09.647+0000] {logging_mixin.py:188} INFO - [2026-04-28T22:05:09.646+0000] {dag.py:3947} INFO - Setting next_dagrun for flights_ops_medallion_pipe to 2026-04-28 22:00:00+00:00, run_after=2026-04-28 22:30:00+00:00
[2026-04-28T22:05:09.664+0000] {processor.py:183} INFO - Processing /opt/airflow/dags/flight-pipeline.py took 0.873 seconds
[2026-04-28T22:05:39.950+0000] {processor.py:161} INFO - Started process (PID=5122) to work on /opt/airflow/dags/flight-pipeline.py
[2026-04-28T22:05:39.953+0000] {processor.py:830} INFO - Processing file /opt/airflow/dags/flight-pipeline.py for tasks to queue
[2026-04-28T22:05:39.954+0000] {logging_mixin.py:188} INFO - [2026-04-28T22:05:39.954+0000] {dagbag.py:545} INFO - Filling up the DagBag from /opt/airflow/dags/flight-pipeline.py
[2026-04-28T22:05:40.751+0000] {processor.py:840} INFO - DAG(s) 'flights_ops_medallion_pipe' retrieved from /opt/airflow/dags/flight-pipeline.py
[2026-04-28T22:05:40.781+0000] {logging_mixin.py:188} INFO - [2026-04-28T22:05:40.781+0000] {dag.py:3089} INFO - Sync 1 DAGs
[2026-04-28T22:05:40.800+0000] {logging_mixin.py:188} INFO - [2026-04-28T22:05:40.800+0000] {dag.py:3947} INFO - Setting next_dagrun for flights_ops_medallion_pipe to 2026-04-28 22:00:00+00:00, run_after=2026-04-28 22:30:00+00:00
[2026-04-28T22:05:40.819+0000] {processor.py:183} INFO - Processing /opt/airflow/dags/flight-pipeline.py took 0.878 seconds
[2026-04-28T22:06:11.110+0000] {processor.py:161} INFO - Started process (PID=5125) to work on /opt/airflow/dags/flight-pipeline.py
[2026-04-28T22:06:11.113+0000] {processor.py:830} INFO - Processing file /opt/airflow/dags/flight-pipeline.py for tasks to queue
[2026-04-28T22:06:11.115+0000] {logging_mixin.py:188} INFO - [2026-04-28T22:06:11.114+0000] {dagbag.py:545} INFO - Filling up the DagBag from /opt/airflow/dags/flight-pipeline.py
[2026-04-28T22:06:11.923+0000] {processor.py:840} INFO - DAG(s) 'flights_ops_medallion_pipe' retrieved from /opt/airflow/dags/flight-pipeline.py
[2026-04-28T22:06:11.956+0000] {logging_mixin.py:188} INFO - [2026-04-28T22:06:11.955+0000] {dag.py:3089} INFO - Sync 1 DAGs
[2026-04-28T22:06:11.975+0000] {logging_mixin.py:188} INFO - [2026-04-28T22:06:11.975+0000] {dag.py:3947} INFO - Setting next_dagrun for flights_ops_medallion_pipe to 2026-04-28 22:00:00+00:00, run_after=2026-04-28 22:30:00+00:00
[2026-04-28T22:06:11.992+0000] {processor.py:183} INFO - Processing /opt/airflow/dags/flight-pipeline.py took 0.891 seconds
[2026-04-28T23:55:46.613+0000] {processor.py:161} INFO - Started process (PID=5128) to work on /opt/airflow/dags/flight-pipeline.py
[2026-04-28T23:55:46.627+0000] {processor.py:830} INFO - Processing file /opt/airflow/dags/flight-pipeline.py for tasks to queue
[2026-04-28T23:55:46.634+0000] {logging_mixin.py:188} INFO - [2026-04-28T23:55:46.631+0000] {dagbag.py:545} INFO - Filling up the DagBag from /opt/airflow/dags/flight-pipeline.py
[2026-04-28T23:55:49.131+0000] {processor.py:840} INFO - DAG(s) 'flights_ops_medallion_pipe' retrieved from /opt/airflow/dags/flight-pipeline.py
[2026-04-28T23:55:49.178+0000] {logging_mixin.py:188} INFO - [2026-04-28T23:55:49.177+0000] {dag.py:3089} INFO - Sync 1 DAGs
[2026-04-28T23:55:49.209+0000] {logging_mixin.py:188} INFO - [2026-04-28T23:55:49.209+0000] {dag.py:3947} INFO - Setting next_dagrun for flights_ops_medallion_pipe to 2026-04-28 23:00:00+00:00, run_after=2026-04-28 23:30:00+00:00
[2026-04-28T23:55:49.233+0000] {processor.py:183} INFO - Processing /opt/airflow/dags/flight-pipeline.py took 2.675 seconds
