icao24,origin_country,velocity,on_ground
aa9321,United States,234.81,False
801641,India,220.13,False
801643,India,162.04,False
7c2eff,Australia,0.0,False
80162e,India,225.56,False
aae312,United States,228.18,False
801648,India,231.54,False
c047b3,Canada,174.34,False
a5820f,United States,59.38,False
acdfa6,United States,242.9,False
ac4963,United States,277.95,False
801657,India,242.44,False
80163f,India,238.72,False
a36898,United States,218.52,False
a41ee6,United States,241.21,False
80160a,India,7.2,True
a73879,United States,68.56,False
80160f,India,240.12,False
aaf656,United States,115.28,False
801625,India,1.54,True
acdfab,United States,216.08,False
ad694c,United States,189.58,False
407a06,United Kingdom,225.37,False
801633,India,252.2,False
a34215,United States,64.39,False
a2228b,United States,225.0,False
8a02d3,Indonesia,238.63,False
a47597,United States,203.59,False
e80252,Chile,208.94,False
4bc8c6,Turkey,237.39,False
e80258,Chile,220.19,False
80167c,India,267.61,False
abf008,United States,163.71,False
a5f808,United States,259.42,False
a127a0,United States,59.47,False
e80261,Chile,239.54,False
841a6c,Japan,167.9,False
80164b,India,248.71,False
80164e,India,235.62,False
ac234f,United States,256.47,False
80164c,India,212.1,False
801661,India,135.07,False
e80274,Chile,231.36,False
ab0380,United States,39.15,False
ae631a,United States,149.61,False
a34268,United States,135.32,False
e8026f,Chile,202.5,False
80165c,India,240.23,False
e8026e,Chile,189.4,False
adecb6,United States,100.74,False
e8026d,Chile,197.58,False
80165d,India,243.62,False
ac1042,United States,223.61,False
801673,India,248.89,False
abf025,United States,71.3,False
a3b86c,United States,0.0,True
a4c527,United States,135.77,False
e8027a,Chile,253.99,False
ae630d,United States,92.49,False
801670,India,246.63,False
ae630a,United States,143.7,False
aa8075,United States,88.61,False
adda1b,United States,97.89,False
8a0423,Indonesia,102.44,False
8a0424,Indonesia,76.18,False
adda24,United States,4.89,True
ac6a65,United States,71.91,False
accd69,United States,87.24,False
8a0418,Indonesia,235.82,False
adb7ee,United States,214.77,False
a71264,United States,110.66,False
a0f4a2,United States,8.75,True
abad96,United States,87.8,False
a6f23d,United States,214.68,False
e8021c,Chile,197.46,False
e8021d,Chile,73.46,False
3455c1,Spain,244.52,False
aded77,United States,225.99,False
0d11f9,Mexico,204.08,False
a3428e,United States,166.36,False
a5d28c,United States,214.15,False
e80241,Chile,234.69,False
a8dbbd,United States,192.58,False
478854,Norway,268.29,False
c81d1b,New Zealand,47.04,False
a38a05,United States,184.32,False
851936,Japan,253.59,False
46b833,Greece,210.11,False
a6188e,United States,52.17,False
a58267,United States,204.32,False
a101c3,United States,239.74,False
a114f4,United States,212.28,False
a4c592,United States,156.4,False
a5958c,United States,0.0,True
a8584a,United States,100.32,False
a114ed,United States,0.0,True
aa099e,United States,216.52,False
a0f4b5,United States,184.36,False
7c2ea2,Australia,46.54,False
a27d26,United States,176.79,False
c04893,Canada,47.24,False
a8320e,United States,304.05,False
a38a3a,United States,183.82,False
8014a3,India,258.14,False
c0482a,Canada,253.8,False
a3ed69,United States,241.2,False
a38a50,United States,9.27,False
7cf9de,Australia,134.58,False
7cf9da,Australia,131.64,False
87455c,Japan,209.03,False
e49ec9,Brazil,235.53,False
7cf9db,Australia,72.44,False
7cf9dc,Australia,128.57,False
885223,Thailand,245.06,False
a14a95,United States,74.48,False
aaf4a5,United States,313.27,False
7cf9e8,Australia,155.82,False
7cf9e4,Australia,56.04,False
8014ad,India,224.02,False
a4fa0f,United States,29.49,False
7cf9e1,Australia,80.1,False
7c1c45,Australia,129.69,False
a00929,United States,208.36,False
accd13,United States,204.13,False
accd10,United States,18.52,True
a64d4d,United States,241.82,False
a091f3,United States,145.17,False
e07585,Argentina,211.37,False
e07584,Argentina,262.98,False
e07583,Argentina,76.48,False
c81d82,New Zealand,239.63,False
84d283,Japan,182.02,False
c81d8e,New Zealand,235.55,False
a234ef,United States,6.17,True
a3ed91,United States,295.34,False
84d28e,Japan,278.75,False
ac47de,United States,274.06,False
a857c2,United States,122.41,False
8014e5,India,214.65,False
e49eeb,Brazil,256.43,False
c81d9d,New Zealand,217.28,False
8014da,India,165.1,False
8014db,India,214.68,False
a3b7d1,United States,176.97,False
86ced2,Japan,191.54,False
ac6a24,United States,35.44,False
85188c,Japan,141.08,False
86cec5,Japan,286.46,False
a39d9b,United States,241.84,False
8014ea,India,140.53,False
8014c0,India,120.08,False
8014c1,India,0.06,True
8014c4,India,0.9,True
c0480c,Canada,68.98,False
a52d30,United States,37.05,False
a40d7a,United States,275.85,False
8a0449,Indonesia,232.04,False
a64d15,United States,44.02,False
acba1b,United States,0.0,True
a3b7f4,United States,192.99,False
a4d7e4,United States,0.0,True
8014d6,India,0.45,True
abad6c,United States,174.22,False
7c1c4b,Australia,135.46,False
aded25,United States,189.07,False
7c7188,Australia,62.51,False
aa0909,United States,140.77,False
aae267,United States,214.0,False
c020be,Canada,0.0,True
a27ca5,United States,61.68,False
ae6232,United States,41.24,False
a99a52,United States,212.95,False
a1bfb2,United States,143.77,False
0d123a,Mexico,213.95,False
a35605,United States,205.03,False
0d1258,Mexico,261.22,False
a10325,United States,43.92,False
7c7180,Australia,68.42,False
a99a22,United States,85.27,False
7809aa,China,244.7,False
ae6246,United States,43.25,False
ae6244,United States,46.23,False
a28fb4,United States,181.16,False
a03cb6,United States,187.21,False
a3ffaf,United States,0.0,True
e48c4c,Brazil,251.66,False
c07c7b,Canada,194.27,False
a0f60d,United States,33.32,False
ae6235,United States,30.95,False
a831e5,United States,146.56,False
a6191c,United States,50.88,False
a88d3c,United States,0.0,True
a5d1b9,United States,196.23,False
a46304,United States,230.1,False
a3696e,United States,218.99,False
ae6266,United States,55.66,False
a88d47,United States,218.81,False
0d1201,Mexico,196.6,False
a76d5a,United States,195.86,False
a88d49,United States,28.76,False
a75a24,United States,132.61,False
ada588,United States,43.26,False
801603,India,254.99,False
7cf9a5,Australia,6.26,False
801613,India,223.83,False
ab5d08,United States,56.36,False
ae624d,United States,46.94,False
0d120c,Mexico,235.18,False
a27cc0,United States,164.34,False
ae6298,United States,148.23,False
a831b2,United States,144.78,False
ae6291,United States,142.92,False
a64d8b,United States,29.33,False
a977bb,United States,231.92,False
471f14,Hungary,0.0,True
7809fc,China,182.89,False
a08021,United States,207.31,False
a9fd06,United States,31.19,False
885281,Thailand,232.73,False
c046f7,Canada,224.7,False
a09357,United States,65.07,False
ae6284,United States,68.59,False
a2363b,United States,44.14,False
ab5dd4,United States,220.02,False
a4d97e,United States,240.65,False
80174c,India,3.09,True
801759,India,229.46,False
e48c03,Brazil,212.82,False
a84625,United States,51.55,False
ad572a,United States,94.84,False
801767,India,90.1,False
a5e631,United States,64.41,False
e49f44,Brazil,212.74,False
a60665,United States,57.99,False
a0807e,United States,119.6,False
ac3751,United States,199.8,False
a3a67b,United States,224.21,False
800441,India,198.91,False
801772,India,9.26,True
c07e32,Canada,187.53,False
a5d319,United States,153.74,False
c07e33,Canada,165.96,False
801778,India,253.92,False
ad4404,United States,225.6,False
80172c,India,243.31,False
a1f00e,United States,215.85,False
801738,India,94.33,False
a08057,United States,198.88,False
a64ce6,United States,204.27,False
a7131b,United States,125.62,False
abadd6,United States,117.29,False
ad574f,United States,167.44,False
c07e62,Canada,210.67,False
ac2439,United States,225.85,False
a64cce,United States,233.07,False
a2ccbf,United States,55.98,False
a23699,United States,60.19,False
a7130c,United States,112.5,False
a3698a,United States,200.16,False
c07e59,Canada,177.29,False
a46310,United States,248.8,False
c035d4,Canada,228.29,False
8852e1,Thailand,9.26,True
a1acdb,United States,208.59,False
8852e3,Thailand,236.19,False
c06b22,Canada,50.68,False
80173e,India,196.03,False
a36994,United States,211.05,False
e0b0c5,Argentina,251.39,False
0d10e3,Mexico,83.88,False
ab4ae9,United States,289.84,False
7cb036,Australia,41.16,False
a5f938,United States,252.69,False
abadf9,United States,246.23,False
3c4b2f,Germany,266.95,False
ab0485,United States,277.77,False
0d10f6,Mexico,157.88,False
a9ea75,United States,36.66,False
a3a647,United States,178.68,False
0d10ec,Mexico,5.66,True
ad444d,United States,203.29,False
a9fd75,United States,53.41,False
ad444c,United States,35.63,False
a008b7,United States,78.51,False
a46368,United States,274.89,False
ab048d,United States,239.86,False
0d10fd,Mexico,2.83,True
801786,India,233.04,False
801787,India,58.79,False
407b70,United Kingdom,74.27,False
4cc279,Iceland,248.83,False
a9b4de,United States,199.65,False
80177e,India,96.29,False
a3fffc,United States,63.17,False
a008c9,United States,211.56,False
e49f59,Brazil,190.56,False
801796,India,61.5,False
a3a65f,United States,247.48,False
801792,India,188.58,False
ac247a,United States,188.58,False
ada5ee,United States,178.54,False
8a0301,Indonesia,221.99,False
0ac3f7,Colombia,90.61,False
a2ce01,United States,188.36,False
a3b8ad,United States,228.98,False
a368b2,United States,54.31,False
a235b7,United States,198.8,False
a03e86,United States,84.3,False
a14b1a,United States,253.33,False
c01074,Canada,253.29,False
a008ef,United States,172.82,False
a70079,United States,234.35,False
a1ae05,United States,302.15,False
a9b652,United States,83.3,False
4bb4f0,Turkey,233.98,False
a7000a,United States,226.7,False
4aca66,Sweden,270.8,False
4aca65,Sweden,249.62,False
4aca67,Sweden,244.12,False
a7000f,United States,59.3,False
a7133f,United States,180.15,False
a27e81,United States,69.99,False
8016a4,India,237.56,False
a222b2,United States,201.14,False
a7cfdd,United States,1.8,True
a2bb10,United States,106.1,False
a6f326,United States,194.0,False
a39e52,United States,106.06,False
a7cfe6,United States,201.86,False
76b864,Singapore,236.83,False
a89fda,United States,0.0,True
8016b6,India,236.09,False
a7bcb2,United States,37.84,False
a475a3,United States,0.0,True
a8dcba,United States,44.45,False
c01021,Canada,219.49,False
c07cf9,Canada,89.34,False
a14b53,United States,51.44,False
ac3731,United States,170.81,False
847114,Japan,174.18,False
a3a5eb,United States,0.9,True
a3a5ec,United States,206.07,False
ab15ba,United States,275.66,False
aaf5b4,United States,54.31,False
ac48f2,United States,241.01,False
a582bb,United States,242.06,False
c0360e,Canada,75.11,False
a475de,United States,165.81,False
8015cb,India,158.97,False
84c068,Japan,241.74,False
847096,Japan,173.59,False
a63b3e,United States,108.4,False
a3db5e,United States,196.65,False
8015a4,India,259.55,False
ad68f0,United States,0.0,True
ac6b0c,United States,110.33,False
ab5e6c,United States,264.86,False
a9a397,United States,204.76,False
a88e2e,United States,239.31,False
84709f,Japan,41.75,False
a26b4a,United States,128.4,False
ab4b50,United States,54.55,False
ad55b7,United States,61.64,False
a6e07f,United States,68.97,False
7c71f7,Australia,127.11,False
a3b8f5,United States,220.22,False
885308,Thailand,196.13,False
ab5e9b,United States,185.45,False
8015e4,India,250.72,False
3c4ad8,Germany,245.78,False
c81c9f,New Zealand,128.94,False
781a96,China,212.76,False
a52e50,United States,193.18,False
3c4acd,Germany,255.89,False
a64e2a,United States,173.89,False
a2bb83,United States,275.23,False
8015f7,India,218.53,False
abae8f,United States,150.94,False
ac7e9e,United States,257.81,False
88530a,Thailand,213.83,False
a38b84,United States,0.0,True
781a9b,China,231.29,False
ae62a1,United States,147.36,False
885315,Thailand,130.84,False
4bc856,Turkey,233.02,False
4bc854,Turkey,225.6,False
4bc853,Turkey,217.2,False
7c729d,Australia,112.54,False
c021f6,Canada,211.5,False
0d1126,Mexico,237.07,False
c06a76,Canada,126.93,False
0d111b,Mexico,231.34,False
a4c703,United States,235.49,False
ada64d,United States,209.13,False
aa92fc,United States,272.67,False
aa92fb,United States,251.72,False
0d112d,Mexico,199.7,False
0d112e,Mexico,208.3,False
c06a7a,Canada,5.4,True
aa92ff,United States,237.83,False
a52da3,United States,40.64,False
0d1142,Mexico,97.7,False
a0941a,United States,74.32,False
ad4394,United States,65.61,False
0d113b,Mexico,130.29,False
adecf8,United States,149.6,False
4401ea,Austria,243.39,False
0d1158,Mexico,233.68,False
a35701,United States,5.66,True
aa92f8,United States,268.49,False
c06a80,Canada,241.5,False
a712d2,United States,69.17,False
a1f116,United States,285.03,False
87339a,Japan,218.21,False
a582f9,United States,198.96,False
4bb565,Turkey,220.47,False
c06a39,Canada,272.18,False
a63b69,United States,142.29,False
ad438e,United States,64.83,False
ad438d,United States,280.87,False
ae6394,United States,42.62,False
801723,India,173.97,False
8518d0,Japan,242.25,False
4bc89a,Turkey,230.1,False
801726,India,226.51,False
801725,India,258.35,False
a39dca,United States,113.78,False
801729,India,252.54,False
a6f2b7,United States,234.08,False
ac7e15,United States,204.36,False
841b28,Japan,224.02,False
a8de33,United States,1.03,True
ac48ac,United States,7.2,True
aa2b44,United States,36.89,False
a0d124,United States,54.77,False
c07d5a,Canada,67.24,False
4bc885,Turkey,239.04,False
a9fe0b,United States,58.93,False
4bc895,Turkey,223.63,False
a1adba,United States,48.18,False
a75b5e,United States,218.25,False
a845f4,United States,252.13,False
a14ad1,United States,0.0,True
44008f,Austria,203.17,False
a6bfa6,United States,190.68,False
a36661,United States,197.94,False
452084,Bulgaria,196.52,False
a86927,United States,63.06,False
c058c0,Canada,208.02,False
c2c36d,Canada,132.07,False
80187c,India,224.19,False
a2467a,United States,80.79,False
a1cffd,United States,212.47,False
4068f6,United Kingdom,220.48,False
a36659,United States,71.57,False
a8b915,United States,68.76,False
e072d4,Argentina,150.34,False
c058cb,Canada,218.32,False
a3fcd6,United States,124.4,False
c058d5,Canada,250.93,False
738065,Israel,197.16,False
c07b05,Canada,0.0,True
738068,Israel,238.3,False
4bb46d,Turkey,196.6,False
ab2760,United States,236.07,False
80052d,India,225.77,False
ac340a,United States,134.54,False
a3661f,United States,276.22,False
738076,Israel,214.31,False
738075,Israel,4.12,True
738073,Israel,243.53,False
a1cfde,United States,43.51,False
a5f61d,United States,30.67,False
c058bb,Canada,262.4,False
4bb46f,Turkey,246.13,False
440059,Austria,184.09,False
3c4a13,Germany,289.73,False
adb723,United States,241.45,False
45202b,Bulgaria,0.0,True
3c4a03,Germany,228.46,False
484fff,Kingdom of the Netherlands,269.81,False
702098,Bangladesh,108.01,False
a04e00,United States,238.46,False
ab2786,United States,48.34,False
3c4a21,Germany,230.65,False
738057,Israel,145.82,False
738056,Israel,7.2,True
ac7aa9,United States,268.95,False
7cc461,Australia,32.62,False
ab5acb,United States,98.45,False
a3534a,United States,10.8,True
a3c94c,United States,285.65,False
ad675f,United States,233.57,False
a74923,United States,0.0,True
ae740a,United States,18.01,False
aaf459,United States,33.39,False
aae132,United States,0.19,True
a2469c,United States,137.36,False
452051,Bulgaria,231.18,False
aa3b8f,United States,22.26,False
800584,India,267.91,False
8a04ce,Indonesia,239.45,False
70209b,Bangladesh,277.91,False
ac7aba,United States,29.54,False
aa3b92,United States,62.69,False
84c0da,Japan,17.97,False
a7ccce,United States,211.72,False
a005b4,United States,23.6,False
adc8ee,United States,86.36,False
ad52c2,United States,214.63,False
a005af,United States,44.24,True
c02029,Canada,0.0,True
a6f00d,United States,181.72,False
a9c631,United States,186.41,False
a59398,United States,205.25,False
ac32ce,United States,52.36,False
a8431a,United States,221.65,False
a258b7,United States,264.45,False
a3539d,United States,209.45,False
a8697f,United States,202.5,False
adc8e7,United States,0.0,True
a8b964,United States,235.49,False
c0336d,Canada,211.34,False
ac32f2,United States,217.6,False
c02032,Canada,0.0,True
aa3ae4,United States,242.71,False
aa9136,United States,230.91,False
8a0635,Indonesia,226.6,False
a138b8,United States,217.36,False
accb50,United States,207.3,False
abab79,United States,53.55,False
a5e389,United States,64.9,False
ada2cc,United States,57.62,False
a4d65c,United States,0.77,True
ac7b8a,United States,252.66,False
adfe94,United States,6.43,True
adfe7d,United States,129.84,False
accb65,United States,226.51,False
a2de17,United States,254.45,False
8840f8,Thailand,238.65,False
8004a6,India,141.3,False
a03b67,United States,217.01,False
8960fb,United Arab Emirates,284.5,False
a8b920,United States,51.41,False
c04660,Canada,55.6,False
c04662,Canada,42.36,False
a5e339,United States,210.92,False
a89caa,United States,43.19,False
a5d007,United States,201.11,False
a97608,United States,134.28,False
ad9b94,United States,145.08,False
a258cd,United States,148.82,False
ab2729,United States,0.0,True
c0464c,Canada,30.18,False
a1be10,United States,180.31,False
aa0759,United States,10.29,True
8016e0,India,210.37,False
a52b19,United States,196.56,False
804c36,India,190.35,False
70472b,Myanmar,106.38,False
c81b2a,New Zealand,45.1,False
aa18d5,United States,0.0,True
a2cb12,United States,247.06,False
a2cb14,United States,258.7,False
a125f9,United States,239.61,False
8016c6,India,187.71,False
a39b0b,United States,39.58,False
a7ce03,United States,36.84,False
8016d2,India,5.66,True
a03b6d,United States,157.5,False
a615d0,United States,199.77,False
781b89,China,132.17,False
ac8e1d,United States,292.62,False
8016cc,India,266.64,False
406948,United Kingdom,297.66,False
a89e08,United States,33.44,False
a9768a,United States,186.93,False
e49caa,Brazil,252.51,False
ac45ac,United States,200.24,False
84715c,Japan,141.44,False
a41e90,United States,302.13,False
a3c8cb,United States,134.51,False
c05916,Canada,37.68,False
a352c9,United States,204.67,False
ab5b66,United States,196.66,False
a3fe42,United States,34.7,False
a39b56,United States,10.8,True
a8304f,United States,179.66,False
c1ea38,Canada,0.9,True
8470a0,Japan,199.52,False
a12733,United States,253.35,False
a77e97,United States,209.85,False
a12734,United States,237.65,False
a9c5c5,United States,138.55,False
ac8cf1,United States,278.26,False
a4c2ef,United States,227.59,False
a3eb9c,United States,51.35,False
aa3b84,United States,226.61,False
7cb066,Australia,0.0,True
ada302,United States,204.24,False
a842ac,United States,241.34,False
ad5329,United States,0.0,True
801804,India,212.09,False
801805,India,187.63,False
89617e,United Arab Emirates,271.71,False
ac468d,United States,212.66,False
a988f0,United States,206.56,False
aca99c,United States,246.05,False
896198,United Arab Emirates,233.25,False
896197,United Arab Emirates,199.99,False
a8ee45,United States,35.62,False
738102,Israel,274.22,False
ac2038,United States,224.87,False
738100,Israel,234.59,False
ac335b,United States,219.06,False
89618e,United Arab Emirates,277.22,False
a88b64,United States,140.64,False
adb656,United States,229.38,False
a1270a,United States,204.5,False
a1270b,United States,259.39,False
adc96f,United States,94.33,False
a89e2f,United States,31.39,False
ac337e,United States,225.19,False
a8b8ba,United States,226.81,False
a12778,United States,247.82,False
801835,India,2.06,True
a5e2a1,United States,206.43,False
896176,United Arab Emirates,239.26,False
896179,United Arab Emirates,271.36,False
a4c2ad,United States,274.04,False
896177,United Arab Emirates,273.06,False
a04dfa,United States,276.01,False
a0f427,United States,289.3,False
a4870d,United States,205.01,False
a5f5bf,United States,216.21,False
a748f8,United States,214.14,False
a1010c,United States,0.0,True
896184,United Arab Emirates,174.67,False
ab38a1,United States,201.38,False
a988da,United States,31.25,False
a12750,United States,188.51,False
ad5398,United States,134.33,False
a12756,United States,208.14,False
ac2082,United States,131.18,False
a602cd,United States,190.15,False
c057db,Canada,81.7,False
a4c2f8,United States,239.23,False
a1141f,United States,28.81,False
781b48,China,263.69,False
781b47,China,271.89,False
a5e2bc,United States,208.47,False
ab2854,United States,216.36,False
ab2855,United States,185.24,False
ab284d,United States,202.1,False
a60409,United States,166.46,False
a39ac6,United States,2.06,True
ab285d,United States,33.94,False
ac4843,United States,196.58,False
ab5bb1,United States,146.77,False
a34119,United States,4.37,True
a58103,United States,198.31,False
a77dae,United States,219.41,False
a12796,United States,170.32,False
017073,Egypt,46.53,False
a12797,United States,209.76,False
a12799,United States,152.44,False
3ad3ff,France,0.0,True
a53df5,United States,79.24,False
7c622c,Australia,66.59,False
a3b796,United States,3.34,True
ab154a,United States,82.25,False
a24782,United States,156.35,False
a48730,United States,9.26,True
a0f44c,United States,69.96,False
ab5bd4,United States,0.0,True
a28dda,United States,44.86,False
ae1ec7,United States,168.71,False
ab6efc,United States,230.3,False
abbee3,United States,264.02,False
a34154,United States,49.48,False
ac221b,United States,68.52,False
ad6857,United States,63.84,False
a9b2e9,United States,196.83,False
45213d,Bulgaria,241.68,False
ac3558,United States,239.37,False
ac4888,United States,231.37,False
abbedb,United States,221.12,False
a9fb4e,United States,195.19,False
a9c5e2,United States,107.6,False
7c6276,Australia,131.75,False
a09188,United States,245.94,False
ad9bc8,United States,181.91,False
a39ada,United States,210.89,False
80067f,India,6.17,True
ac8efa,United States,157.32,False
ada51e,United States,214.87,False
a2348d,United States,212.6,False
ada521,United States,163.05,False
a04f04,United States,55.15,False
ae1ed6,United States,122.68,False
adfec1,United States,192.03,False
a3411f,United States,237.92,False
70a9a1,Nepal,61.43,False
e49d22,Brazil,241.52,False
440189,Austria,0.0,True
a53dac,United States,265.33,False
a27aee,United States,273.7,False
a36799,United States,236.75,False
ac20c4,United States,192.36,False
a4c48f,United States,0.0,True
0d12dd,Mexico,224.85,False
a03c1f,United States,10.29,True
a3c9a1,United States,76.07,False
452112,Bulgaria,238.37,False
a28f12,United States,223.45,False
a8a785,United States,228.28,False
a126c4,United States,272.38,False
a04f75,United States,223.03,False
ae73e4,United States,35.56,False
a83152,United States,65.34,False
c03493,Canada,208.04,False
acdf9a,United States,216.03,False
e4a526,Brazil,234.61,False
a9c737,United States,206.69,False
300a63,Italy,3.09,True
e49baf,Brazil,201.22,False
a6049b,United States,194.68,False
ad53fd,United States,100.89,False
c03487,Canada,264.19,False
7cb0db,Australia,0.0,True
8a0515,Indonesia,72.51,False
a3549d,United States,238.67,False
a126ed,United States,196.58,False
7c7544,Australia,212.6,False
a77de9,United States,240.3,False
ae73fe,United States,46.79,False
84d622,Japan,185.04,False
7c0bc5,Australia,42.75,False
a96412,United States,226.37,False
7020a5,Bangladesh,97.61,False
7020a2,Bangladesh,127.95,False
7020a3,Bangladesh,100.35,False
7c753a,Australia,139.21,False
a1bf3a,United States,201.65,False
7020ab,Bangladesh,259.28,False
a61797,United States,203.36,False
781aa8,China,221.53,False
adec68,United States,55.19,False
ac4801,United States,194.77,False
0d12ac,Mexico,229.78,False
ad9c8f,United States,80.31,False
a8a748,United States,5.14,True
aa921e,United States,52.5,False
a379dd,United States,190.59,False
7020b8,Bangladesh,2.83,True
a6177f,United States,47.79,False
aa9220,United States,149.74,False
a126cc,United States,199.46,False
a5f799,United States,33.36,False
a379d3,United States,190.21,False
7020c2,Bangladesh,20.83,False
a379cd,United States,82.03,False
ac481d,United States,206.08,False
a0f3a5,United States,281.49,False
a259ec,United States,32.38,False
a126e6,United States,142.26,False
4bb2a3,Turkey,234.68,False
a499a0,United States,253.87,False
a7cf10,United States,212.71,False
a39c62,United States,187.84,False
781c70,China,224.0,False
a77f2d,United States,189.89,False
ae749f,United States,194.01,False
a486cc,United States,191.74,False
a486d8,United States,220.16,False
8017e5,India,166.17,False
aa06b7,United States,54.02,False
adc9b6,United States,211.5,False
ad79e8,United States,239.74,False
a3ff8d,United States,41.85,False
4892c1,Poland,74.78,False
8017f2,India,69.63,False
a15c80,United States,193.56,False
ac33a3,United States,203.21,False
a2cc24,United States,80.28,False
a233ce,United States,183.71,False
a233cc,United States,132.12,False
c04738,Canada,228.0,False
adc9a7,United States,182.94,False
4892c7,Poland,251.76,False
4892c6,Poland,238.4,False
a486b3,United States,224.4,False
ad79eb,United States,121.89,False
a53f20,United States,185.75,False
c07b8c,Canada,257.39,False
ae1f48,United States,59.38,False
a3ff33,United States,42.38,False
c81a43,New Zealand,65.55,False
884215,Thailand,217.12,False
ac33c4,United States,216.31,False
7cc3f6,Australia,58.21,False
884206,Thailand,212.52,False
884205,Thailand,221.9,False
7380c2,Israel,263.03,False
ac20a1,United States,299.97,False
7380c1,Israel,247.05,False
7380c6,Israel,234.13,False
7380c5,Israel,267.33,False
7380c4,Israel,0.45,True
abac50,United States,177.8,False
7380c3,Israel,237.29,False
ae1f4e,United States,41.39,False
a220cb,United States,284.27,False
ac7c52,United States,132.95,False
344345,Spain,250.16,False
abac48,United States,201.31,False
a9513e,United States,6.71,False
a40c51,United States,97.74,False
ac33e2,United States,301.2,False
c81a91,New Zealand,137.23,False
ad9ac8,United States,246.3,False
ad9ac9,United States,82.31,False
ac212d,United States,2.06,True
ac7ae4,United States,24.69,True
a28eb7,United States,199.89,False
acddf8,United States,93.12,False
a16ec2,United States,201.2,False
a04edb,United States,218.73,False
a12861,United States,292.2,False
ae1dd9,United States,43.84,False
a76c79,United States,150.81,False
ab1496,United States,170.41,False
840a64,Japan,253.33,False
ab148b,United States,237.93,False
a8dc4b,United States,205.29,False
ac3477,United States,100.38,False
aaf47a,United States,235.71,False
ae1dcf,United States,50.42,False
a8ef4d,United States,47.35,False
ae7458,United States,64.83,False
a963b6,United States,171.54,False
a5d0f5,United States,50.88,False
adfdde,United States,112.17,False
7c6182,Australia,0.0,True
ab017b,United States,135.9,False
a3a509,United States,181.81,False
7c617a,Australia,68.59,False
840a7c,Japan,131.18,False
a0e220,United States,170.63,False
a8b9e8,United States,189.69,False
4bb324,Turkey,176.28,False
abaafe,United States,186.66,False
a10231,United States,69.86,False
781c2d,China,257.57,False
ad4171,United States,0.0,True
accaf4,United States,76.65,False
a3ec93,United States,200.62,False
c07b09,Canada,197.59,False
a8a6d0,United States,200.44,False
a1288b,United States,0.0,True
781c3e,China,97.86,False
a9a18a,United States,53.62,False
a976a5,United States,246.87,False
a5e3e4,United States,207.6,False
a76c5c,United States,0.0,True
c07b42,Canada,246.68,False
ac59c3,United States,96.24,False
a1286c,United States,177.8,False
ac59aa,United States,224.34,False
a736ff,United States,256.9,False
781bf7,China,267.32,False
aac10d,United States,265.57,False
a02e0a,United States,194.26,False
ac5ab7,United States,204.38,False
a3338c,United States,166.0,False
a5d668,United States,178.27,False
abe101,United States,236.15,False
a8496e,United States,0.0,True
a3203e,United States,114.82,False
4bb266,Turkey,229.5,False
a19095,United States,93.12,False
a70333,United States,180.51,False
ac6dec,United States,55.8,False
adddd5,United States,212.31,False
adddd2,United States,93.04,False
ac1466,United States,233.59,False
020118,Morocco,0.77,True
abe124,United States,13.38,True
ad7ab8,United States,251.85,False
a81001,United States,68.94,False
8962e5,United Arab Emirates,269.47,False
c012c7,Canada,211.35,False
ac0143,United States,222.83,False
a81006,United States,237.05,False
c06e85,Canada,156.8,False
a33368,United States,42.3,False
ac5ada,United States,134.83,False
aa842c,United States,195.71,False
a4798f,United States,208.45,False
a4c96c,United States,275.63,False
4bb290,Turkey,222.78,False
4bb28d,Turkey,203.36,False
ad479d,United States,5.92,True
ac015f,United States,253.14,False
a4405f,United States,236.28,False
a57339,United States,89.86,False
ab19a7,United States,0.0,True
ac5afd,United States,155.64,False
a88fd1,United States,1.54,True
a58672,United States,220.59,False
a238a6,United States,245.6,False
a5d643,United States,220.01,False
a8ba8d,United States,44.3,False
a01b5c,United States,254.49,False
a37b0c,United States,234.33,False
aae719,United States,47.65,False
a082ac,United States,290.22,False
a01b56,United States,282.37,False
a0e5d7,United States,111.68,False
a082d2,United States,51.94,False
a4c8de,United States,224.02,False
7c0cce,Australia,59.07,False
7cc62c,Australia,30.67,False
a9ffeb,United States,1.8,True
a2be6d,United States,180.55,False
aae745,United States,50.63,False
4bb1a3,Turkey,10.91,False
a87cf9,United States,213.04,False
c0002a,Canada,52.97,False
ac2749,United States,198.09,False
020121,Morocco,127.06,False
a3a8b5,United States,53.78,False
4bb1a4,Turkey,249.14,False
a0e5fe,United States,11.73,False
a7f02d,United States,107.57,False
34659a,Spain,235.88,False
a3a8c0,United States,0.06,True
a95665,United States,250.35,False
a25b66,United States,220.73,False
a37b1c,United States,6.94,True
a3a8ba,United States,193.11,False
02013f,Morocco,0.0,True
a99ce1,United States,52.84,False
02013d,Morocco,225.1,False
ad4744,United States,216.42,False
a8dffc,United States,205.91,False
a692d0,United States,56.68,False
acab11,United States,215.68,False
780a62,China,170.3,False
780a63,China,258.1,False
a968f8,United States,172.65,False
780a65,China,251.73,False
406739,United Kingdom,199.14,False
7cfa32,Australia,81.48,False
344043,Spain,0.0,False
acbe34,United States,256.86,False
781d8d,China,267.67,False
c06cc2,Canada,40.6,False
aae5f7,United States,0.9,True
895053,Brunei Darussalam,0.0,True
895057,Brunei Darussalam,182.69,False
780a6a,China,8.75,True
ac5b43,United States,182.79,False
ac12d6,United States,242.63,False
acbe63,United States,238.73,False
c0133f,Canada,208.66,False
e8061d,Chile,187.56,False
7cfa13,Australia,43.12,False
ac12be,United States,299.78,False
ae52a9,United States,1.03,False
a2ab73,United States,202.11,False
780a7a,China,4.63,True
780a7b,China,253.3,False
345353,Spain,253.55,False
c06ce7,Canada,48.44,False
aa1b39,United States,48.15,False
a37b5a,United States,179.68,False
a968e3,United States,55.34,False
780a94,China,187.58,False
7cfa08,Australia,160.93,False
780a8d,China,0.77,True
780a8b,China,12.35,True
acbe88,United States,305.8,False
acab54,United States,3.09,True
4bb0f4,Turkey,20.09,False
a585ca,United States,67.67,False
a34729,United States,232.14,False
c07fbb,Canada,205.39,False
4bb0ea,Turkey,239.98,False
780a9e,China,171.22,False
a02dda,United States,0.64,True
7cfa73,Australia,277.85,False
c07fb0,Canada,70.48,False
a0e751,United States,261.85,False
a5d5c8,United States,214.85,False
c07fb1,Canada,0.0,True
a08446,United States,168.79,False
a572b9,United States,238.32,False
acab3f,United States,82.35,False
a01ac4,United States,102.15,False
a968bb,United States,193.96,False
4bb0fa,Turkey,272.15,False
c07fb8,Canada,185.01,False
c07fb9,Canada,231.65,False
aa2e36,United States,176.97,False
a702a8,United States,46.52,False
846098,Japan,230.44,False
a51e7d,United States,169.91,False
c07fe9,Canada,7.72,True
4bb0e6,Turkey,250.73,False
896313,United Arab Emirates,240.37,False
c07fbf,Canada,230.16,False
a37aa3,United States,264.97,False
a22771,United States,191.13,False
ad337c,United States,162.95,False
abf396,United States,298.41,False
a26df9,United States,125.78,False
6832b5,Kazakhstan,219.16,False
ac0094,United States,0.0,True
abe075,United States,269.41,False
a4671f,United States,221.75,False
a5d713,United States,2.06,True
a51dc3,United States,54.55,False
a3472f,United States,276.19,False
c80de5,New Zealand,44.22,False
c80de6,New Zealand,43.41,False
ac6e07,United States,159.25,False
a75da2,United States,288.54,False
346605,Spain,206.6,False
a38db4,United States,164.77,False
ad2095,United States,222.62,False
ac38c0,United States,45.83,False
a2274d,United States,83.85,False
a0978f,United States,58.25,False
780a0d,China,14.4,True
aae5a9,United States,212.03,False
780a0c,China,215.21,False
89639a,United Arab Emirates,147.5,False
4bb203,Turkey,234.84,False
7cc4a2,Australia,46.04,False
ab05c5,United States,47.57,False
7c61a5,Australia,44.74,False
e48fc2,Brazil,228.06,False
4bb20a,Turkey,164.11,False
780a1c,China,315.67,False
7c0d46,Australia,118.61,False
8a07ce,Indonesia,233.8,False
4bb213,Turkey,224.87,False
780a38,China,10.29,True
a9ee5a,United States,29.36,False
a2147c,United States,214.23,False
4bb20c,Turkey,213.18,False
ac38f5,United States,7.72,True
780a2a,China,101.72,False
aae5c8,United States,159.03,False
ab05e2,United States,40.13,False
a13af4,United States,2.31,True
e48fb5,Brazil,112.66,False
89505b,Brunei Darussalam,213.93,False
89505e,Brunei Darussalam,198.47,False
800735,India,247.71,False
a07176,United States,289.17,False
a07177,United States,0.0,True
8a07ad,Indonesia,177.56,False
780a58,China,18.52,True
780a54,China,249.57,False
a32116,United States,265.4,False
8a07b8,Indonesia,1.63,False
8830eb,Thailand,237.36,False
a26f08,United States,226.91,False
a44168,United States,184.57,False
a44166,United States,300.97,False
841ebc,Japan,173.07,False
8830f7,Thailand,235.09,False
8830f3,Thailand,198.08,False
8830f4,Thailand,235.85,False
ad4873,United States,192.27,False
a6946b,United States,195.67,False
ac289f,United States,299.46,False
a4414a,United States,239.74,False
a4a484,United States,292.57,False
4bb145,Turkey,229.03,False
4bb146,Turkey,248.12,False
a1f48f,United States,28.34,False
4bb105,Turkey,218.67,False
4bb106,Turkey,137.91,False
4bb104,Turkey,233.13,False
8963eb,United Arab Emirates,76.58,False
ad7bdf,United States,187.77,False
8963ea,United Arab Emirates,249.73,False
a0719b,United States,4.12,True
8963ec,United Arab Emirates,273.47,False
a49ae3,United States,0.0,False
a95745,United States,199.07,False
a3a9a2,United States,0.0,True
a3a9a3,United States,181.8,False
a83782,United States,10.8,True
7c7795,Australia,225.93,False
a6d130,United States,44.47,False
489224,Poland,240.27,False
a3a9b6,United States,214.27,False
abf592,United States,28.38,False
aa8548,United States,1.03,False
a8371a,United States,34.16,False
a4418c,United States,146.42,False
a02f87,United States,72.01,False
abf59b,United States,71.55,False
8963e3,United Arab Emirates,253.55,False
a13c43,United States,194.54,False
addeec,United States,81.9,False
4bb186,Turkey,239.94,False
4bb184,Turkey,0.0,True
4bb181,Turkey,150.84,False
4bb182,Turkey,239.73,False
a226c5,United States,223.12,False
a4fddb,United States,2.06,True
a63df3,United States,216.24,False
a106b4,United States,0.06,True
73836c,Israel,9.26,True
a82427,United States,41.56,False
4bb154,Turkey,239.47,False
4bb153,Turkey,171.03,False
e06611,Argentina,218.33,False
4bb14c,Turkey,257.91,False
a50adc,United States,248.98,False
4067f3,United Kingdom,21.61,True
399e86,France,198.01,False
a4eacb,United States,254.12,False
4067f0,United Kingdom,225.33,False
8007b2,India,257.41,False
a3a9eb,United States,158.75,False
a4b6b1,United States,46.33,False
a1f3c5,United States,7.72,True
a586b0,United States,246.43,False
a13c73,United States,260.71,False
adcc99,United States,126.4,False
896530,United Arab Emirates,278.62,False
ac2813,United States,195.21,False
a81183,United States,0.0,True
896536,United Arab Emirates,276.36,False
a3a9ff,United States,240.66,False
896533,United Arab Emirates,268.78,False
a4c9f8,United States,153.98,False
a26f6f,United States,116.78,False
ad4804,United States,230.41,False
a213d6,United States,216.54,False
a51f4a,United States,161.02,False
781cb2,China,267.29,False
7c0da7,Australia,78.26,False
781caa,China,225.33,False
4ac9c5,Sweden,232.2,False
4bb192,Turkey,252.19,False
4bb190,Turkey,261.66,False
ac2836,United States,267.76,False
ab084e,United States,29.11,False
ab3ba4,United States,93.32,False
8a074b,Indonesia,225.97,False
4bb18f,Turkey,238.01,False
4bb18b,Turkey,233.16,False
a599a8,United States,210.39,False
a3a9b8,United States,59.04,False
8007df,India,169.42,False
a466fc,United States,11.83,True
e064cb,Argentina,145.13,False
7c7772,Australia,74.44,False
a81141,United States,46.09,False
ad350a,United States,250.84,False
a51f0f,United States,181.16,False
68332b,Kazakhstan,191.78,False
a320a6,United States,203.71,False
a3df1e,United States,262.9,False
aa7288,United States,8.75,True
846250,Japan,132.02,False
3ad1ff,France,0.0,True
ac1547,United States,238.71,False
acbeab,United States,252.13,False
ac287c,United States,132.29,False
a200ba,United States,192.23,False
a50c00,United States,61.27,False
abe212,United States,305.31,False
781cfd,China,149.61,False
a87f6f,United States,60.03,False
acbf63,United States,220.71,False
ac13d6,United States,0.0,True
a08512,United States,155.16,False
ab3c72,United States,60.42,False
780b87,China,226.04,False
c80d98,New Zealand,43.18,False
ac6f8a,United States,207.32,False
aa83df,United States,141.29,False
a09852,United States,277.97,False
ac00b1,United States,236.08,False
aa70b1,United States,247.93,False
89645a,United Arab Emirates,79.14,False
ac13f9,United States,174.84,False
a8bc13,United States,194.27,False
896474,United Arab Emirates,269.37,False
7cc5ce,Australia,46.81,False
acbf73,United States,55.41,False
a836fb,United States,268.96,False
abf3da,United States,219.13,False
c05acc,Canada,7.46,True
896485,United Arab Emirates,255.19,False
896480,United Arab Emirates,225.17,False
c06db5,Canada,148.68,False
7c7701,Australia,246.42,False
02008b,Morocco,262.48,False
a07228,United States,206.75,False
89644d,United Arab Emirates,72.63,False
89644c,United Arab Emirates,263.73,False
896458,United Arab Emirates,93.09,False
a01be7,United States,220.14,False
02007a,Morocco,253.41,False
a8cf36,United States,46.71,False
a6f6b7,United States,298.21,False
c01401,Canada,212.48,False
ac00f6,United States,249.77,False
a0855d,United States,196.27,False
a3df9e,United States,64.31,False
a3cc82,United States,72.54,False
a34825,United States,200.89,False
abe0df,United States,302.14,False
a6e3b0,United States,137.58,False
a74c35,United States,44.2,False
a573ec,United States,226.1,False
8a078c,Indonesia,67.13,False
896442,United Arab Emirates,250.28,False
a38ef5,United States,235.03,False
780b01,China,234.92,False
a4683f,United States,0.0,True
a34878,United States,183.79,False
a3484e,United States,198.89,False
a1087a,United States,246.28,False
a25bc4,United States,9.26,True
781e3f,China,203.79,False
a6950e,United States,52.54,False
ab3c0a,United States,127.37,False
780b1c,China,90.4,False
750111,Malaysia,235.11,False
a21557,United States,206.34,False
a3defb,United States,229.04,False
750109,Malaysia,194.83,False
a13be3,United States,0.0,True
e06543,Argentina,250.99,False
7c75da,Australia,79.19,False
aaf9ea,United States,192.53,False
aa9800,United States,275.99,False
781e71,China,237.8,False
addf01,United States,211.23,False
a943ec,United States,35.04,False
a44240,United States,211.71,False
a8bc71,United States,211.15,False
ab4f5d,United States,203.04,False
a810ba,United States,10.29,True
781e82,China,302.35,False
a44238,United States,189.82,False
4bb102,Turkey,277.11,False
8a06aa,Indonesia,41.07,False
7cfb00,Australia,65.03,False
a1f595,United States,244.46,False
7c75e4,Australia,0.0,True
a4421d,United States,200.22,False
8460b0,Japan,207.46,False
a3355e,United States,205.6,False
a45552,United States,295.03,False
a8bc3a,United States,273.72,False
ab3c58,United States,201.68,False
a44213,United States,213.52,False
a44214,United States,217.1,False
ab3c61,United States,1.29,True
3a2e23,France,228.5,False
ad59f6,United States,252.45,False
a9a6de,United States,0.06,True
a1e241,United States,64.82,False
ac252a,United States,229.66,False
a84742,United States,143.59,False
840caf,Japan,279.68,False
aad213,United States,172.14,False
841ff4,Japan,197.67,False
ab1890,United States,284.04,False
aaf877,United States,170.05,False
a6f403,United States,84.89,False
a9672c,United States,198.03,False
3462c9,Spain,207.71,False
3462c8,Spain,209.4,False
aa2bc5,United States,294.67,False
3965b1,France,259.98,False
840cd8,Japan,191.27,False
a38ad5,United States,201.96,False
aa2bc2,United States,261.72,False
4ac98a,Sweden,208.0,False
a3311b,United States,156.5,False
a75ac7,United States,186.86,False
ad9edf,United States,145.97,False
485ecc,Kingdom of the Netherlands,286.0,False
a1f11d,United States,182.45,False
a009a4,United States,222.76,False
683274,Kazakhstan,250.01,False
a0817c,United States,253.13,False
aa2ba2,United States,267.2,False
aa2ba4,United States,258.05,False
a5c127,United States,284.57,False
c023ae,Canada,265.95,False
a64da4,United States,35.43,False
a6071f,United States,2.06,True
a0d19e,United States,220.34,False
e8048f,Chile,0.0,True
a129dc,United States,276.2,False
8964fb,United Arab Emirates,289.98,False
8964d0,United Arab Emirates,239.64,False
a4b41c,United States,230.41,False
3965af,France,267.93,False
3965ae,France,223.17,False
a9a2ca,United States,214.21,False
c07f47,Canada,180.29,False
a4b420,United States,198.26,False
a03f1e,United States,242.66,False
a129b0,United States,238.05,False
e48f6a,Brazil,249.22,False
781f36,China,207.34,False
c036b1,Canada,256.97,False
781f41,China,222.99,False
c07f32,Canada,149.75,False
a51ac6,United States,137.32,False
ad4584,United States,160.22,False
a369e7,United States,159.8,False
a99af5,United States,59.41,False
a3ef1b,United States,228.56,False
e8044a,Chile,128.12,False
e8044d,Chile,205.3,False
018090,Libyan Arab Jamahiriya,224.58,False
88596d,Thailand,101.0,False
e80464,Chile,246.56,False
e80461,Chile,235.22,False
780aa5,China,224.21,False
ae50cf,United States,56.72,False
a4c6a7,United States,47.55,False
e8045f,Chile,174.21,False
c07f02,Canada,156.42,False
a27f2e,United States,234.81,False
c07f01,Canada,250.68,False
e80471,Chile,261.14,False
e80473,Chile,266.66,False
a02c40,United States,287.06,False
a26c12,United States,208.29,False
e8046d,Chile,203.22,False
a4fc00,United States,258.91,False
4bb06d,Turkey,245.81,False
780ab3,China,252.11,False
4bb06b,Turkey,232.84,False
ac380d,United States,180.49,False
780aac,China,249.1,False
780aab,China,246.86,False
a9b775,United States,242.0,False
a03f84,United States,202.07,False
8008c7,India,1.8,True
ab1842,United States,89.99,False
a9a419,United States,0.0,True
ab5eb2,United States,244.45,False
896601,United Arab Emirates,263.68,False
a9675d,United States,252.55,False
ad5817,United States,203.47,False
a75ae5,United States,137.98,False
e80416,Chile,223.55,False
ab050f,United States,193.47,False
7c7891,Australia,5.92,True
c06ac7,Canada,65.12,False
e8040f,Chile,235.26,False
a63afa,United States,258.22,False
ac382e,United States,223.47,False
896614,United Arab Emirates,265.96,False
89660b,United Arab Emirates,242.38,False
ab5ed8,United States,232.14,False
885972,Thailand,238.44,False
ab0532,United States,103.57,False
ab1864,United States,225.7,False
ac250b,United States,233.57,False
ad5837,United States,241.99,False
7c7887,Australia,237.19,False
abaeb2,United States,191.04,False
43bea5,United Kingdom,275.44,False
a6f482,United States,213.81,False
a27f85,United States,37.51,False
885963,Thailand,247.33,False
a2cf45,United States,7.72,True
a2bc12,United States,5.66,True
406591,United Kingdom,77.17,False
a6e140,United States,222.76,False
a70151,United States,228.83,False
780aee,China,190.5,False
485f85,Kingdom of the Netherlands,225.98,False
a02c94,United States,186.61,False
a9a404,United States,201.14,False
a02c91,United States,248.18,False
a369ee,United States,138.98,False
a369eb,United States,96.01,False
e80447,Chile,294.33,False
a76f67,United States,1.8,True
8a09f0,Indonesia,235.28,False
a76f66,United States,239.93,False
ad56ac,United States,47.79,False
aa93c9,United States,1.03,True
abaf3a,United States,52.38,False
ab5f6a,United States,242.98,False
a846c4,United States,204.03,False
e48dc2,Brazil,242.1,False
a8df2c,United States,1.54,True
8a09e2,Indonesia,98.38,False
aa3f6b,United States,236.39,False
34644d,Spain,150.8,False
ac36cc,United States,81.34,False
ab5f87,United States,179.42,False
a87c05,United States,70.46,False
c80c8d,New Zealand,53.59,False
ad56e0,United States,147.24,False
896597,United Arab Emirates,263.51,False
e06491,Argentina,141.59,False
a690a8,United States,62.81,False
48af0e,Poland,207.14,False
c06aa7,Canada,4.89,True
a356fa,United States,61.85,False
c06aa4,Canada,237.02,False
48af0b,Poland,0.0,True
740828,Jordan,257.22,False
740822,Jordan,238.64,False
a38c66,United States,282.04,False
a76f6c,United States,302.9,False
8a09b8,Indonesia,228.52,False
a846d1,United States,160.03,False
ac36ef,United States,10.8,True
48af11,Poland,235.82,False
7c780c,Australia,159.94,False
461f4b,Finland,240.76,False
461f4c,Finland,272.86,False
aae3e8,United States,89.18,False
48af06,Poland,265.43,False
8a09a7,Indonesia,232.92,False
461f64,Finland,251.71,False
8a09a0,Indonesia,74.04,False
461f62,Finland,242.03,False
44cc45,Belgium,221.17,False
a619f9,United States,45.73,False
89656b,United Arab Emirates,263.2,False
461f5b,Finland,261.12,False
a8a9a6,United States,78.01,False
a09533,United States,231.14,False
461f5a,Finland,249.66,False
a63c13,United States,268.53,False
896582,United Arab Emirates,206.88,False
ad56f4,United States,282.06,False
896587,United Arab Emirates,250.2,True
a8df06,United States,204.75,False
ac10af,United States,272.33,False
a7bf22,United States,201.16,False
a76f43,United States,224.25,False
0d104c,Mexico,159.4,False
7c7802,Australia,158.15,False
7c7800,Australia,168.74,False
ad43e6,United States,114.17,False
781eb8,China,221.1,False
a76f46,United States,189.1,False
ac23ef,United States,296.2,False
7c7805,Australia,96.18,False
7c7804,Australia,77.53,False
89653d,United Arab Emirates,255.38,False
a52f88,United States,59.85,False
ad56fd,United States,61.74,False
a1f0f1,United States,59.22,False
781ebc,China,265.35,False
781ebb,China,225.21,False
461f56,Finland,249.42,False
0d1078,Mexico,236.28,False
461f52,Finland,239.73,False
461f54,Finland,239.73,False
4063e6,United Kingdom,9.26,True
acbaf8,United States,31.59,False
a35854,United States,208.76,False
750238,Malaysia,239.18,False
a27ebf,United States,217.22,False
a3eeb0,United States,194.04,False
8964c0,United Arab Emirates,261.22,False
c06b6a,Canada,264.27,False
a26ba5,United States,37.77,False
8964bb,United Arab Emirates,251.09,False
ab5f00,United States,199.91,False
4b990d,Turkey,11.83,True
0d100a,Mexico,220.91,False
750220,Malaysia,236.1,False
c81ed6,New Zealand,39.72,False
75020f,Malaysia,238.41,False
780c2f,China,231.74,False
a72823,United States,270.56,False
abf17f,United States,243.51,False
a0e532,United States,25.73,False
addadb,United States,216.16,False
a7ac8f,United States,195.93,False
4076e0,United Kingdom,77.72,False
76cc64,Singapore,253.15,False
a4c849,United States,196.74,False
8964a7,United Arab Emirates,274.22,False
a87c4f,United States,232.38,False
a700c3,United States,46.92,False
ab29cb,United States,99.83,False
781f7c,China,218.19,False
ab5f1b,United States,152.25,False
c035f8,Canada,228.83,False
a8cc46,United States,157.45,False
76cc74,Singapore,204.3,False
a570eb,United States,227.5,False
a4fc9a,United States,202.05,False
ac36a9,United States,90.16,False
750208,Malaysia,237.05,False
a33229,United States,200.36,False
ab5f43,United States,234.03,False
780c74,China,257.69,False
a700ac,United States,211.71,False
750206,Malaysia,211.13,False
a8df83,United States,55.05,False
a6f3d3,United States,235.54,False
abaf1e,United States,197.86,False
ab03a4,United States,184.2,False
a1f205,United States,91.06,False
a09590,United States,98.26,False
accf07,United States,227.35,False
a8df4b,United States,97.59,False
8a09f6,Indonesia,129.53,False
a8deb4,United States,225.65,False
a95519,United States,159.15,False
ac6cd2,United States,79.24,False
e48e46,Brazil,210.24,False
aa8349,United States,119.6,False
ad596f,United States,41.26,False
a33278,United States,200.86,False
8a092c,Indonesia,228.45,False
ad8cc2,United States,65.55,False
accfbb,United States,202.34,False
c06d48,Canada,165.02,False
c81cef,New Zealand,36.94,False
846444,Japan,263.98,False
a8350c,United States,85.92,False
a63bf4,United States,80.26,False
c011b6,Canada,197.03,False
a7288f,United States,155.58,False
a69242,United States,219.67,False
aad34b,United States,38.24,False
84b40d,Japan,8.75,True
ac134a,United States,179.29,False
ac267c,United States,252.41,False
a2bbcc,United States,9.77,True
ac0027,United States,255.63,False
ae5302,United States,77.76,False
a87bb9,United States,30.36,False
872720,Japan,189.76,False
3b15ff,France,8.23,True
ac6cf7,United States,60.27,False
abf32f,United States,110.32,False
750282,Malaysia,131.03,False
76cd03,Singapore,9.26,True
750287,Malaysia,186.05,False
750286,Malaysia,231.0,False
8832ea,Thailand,185.92,False
aa8315,United States,130.29,False
a60852,United States,0.0,True
a02d40,United States,47.12,False
a51bae,United States,73.15,False
ada982,United States,42.63,False
76cd14,Singapore,227.17,False
7c78ac,Australia,0.0,True
ac0048,United States,197.03,False
7c78aa,Australia,0.06,True
abe030,United States,273.97,False
76cd0b,Singapore,225.48,False
7c78af,Australia,154.35,False
a237b0,United States,239.45,False
7c78a8,Australia,215.02,False
8965f5,United Arab Emirates,278.65,False
8965f3,United Arab Emirates,1.8,True
44ccc7,Belgium,236.38,False
44ccc3,Belgium,244.44,False
750259,Malaysia,144.44,False
4078dd,United Kingdom,249.8,False
44ccd1,Belgium,240.56,False
75025f,Malaysia,5.4,True
ad203f,United States,58.21,False
44ccd8,Belgium,250.06,False
75025c,Malaysia,197.94,False
ac138c,United States,252.45,False
780ba8,China,220.18,False
7c5321,Australia,208.05,False
a8359c,United States,192.57,False
a37a02,United States,213.62,False
e80333,Chile,222.03,False
7c531f,Australia,219.15,False
7c531d,Australia,6.43,True
c2b567,Canada,95.33,False
406696,United Kingdom,214.42,False
e8032a,Chile,239.57,False
780bb6,China,286.17,False
c01286,Canada,66.62,False
a4c7b6,United States,60.71,False
780bb9,China,188.57,False
780bb8,China,218.85,False
7c530c,Australia,145.11,False
780bc7,China,231.45,False
e8033c,Chile,223.48,False
aa7082,United States,249.87,False
7c5302,Australia,144.06,False
71a914,Republic of Korea,90.03,False
7c5301,Australia,1.54,True
a3ca01,United States,198.84,False
c81e27,New Zealand,243.96,False
780bd3,China,216.98,False
ab5fc9,United States,288.62,False
8a0998,Indonesia,198.93,False
ac7fa0,United States,168.25,False
40665e,United Kingdom,232.49,False
780bcc,China,224.43,False
780bca,China,207.01,False
ac7faf,United States,291.01,False
c06bf4,Canada,164.33,False
a38d77,United States,97.83,False
85d42c,Japan,84.22,False
a63bfb,United States,112.07,False
a8222c,United States,244.32,False
84b42f,Japan,197.21,False
a9555b,United States,231.24,False
7c5358,Australia,177.43,False
7c5356,Australia,0.0,True
a83569,United States,231.18,False
8a0974,Indonesia,183.64,False
34648a,Spain,207.07,False
a8ded6,United States,209.36,False
a38d49,United States,86.94,False
a38d48,United States,227.36,False
ac1301,United States,80.53,False
8a094d,Indonesia,236.75,False
a5c292,United States,77.55,False
a5c293,United States,23.66,False
abafe1,United States,19.56,False
a37a08,United States,0.0,True
a6f584,United States,32.43,False
896713,United Arab Emirates,259.95,False
89670a,United Arab Emirates,233.66,False
8a093b,Indonesia,238.82,False
89670b,United Arab Emirates,208.46,False
70aa71,Nepal,0.0,False
a62a2d,United States,63.78,False
ad44a8,United States,56.65,False
ac24c5,United States,231.93,False
a4b4dc,United States,230.85,False
ab04e6,United States,262.61,False
345251,Spain,226.87,False
a15fa4,United States,130.5,False
407943,United Kingdom,268.91,False
aaf7fe,United States,37.28,False
ac24e4,United States,167.73,False
a01a9a,United States,76.9,False
a1f1de,United States,187.79,False
ab04fb,United States,29.28,False
abf1b5,United States,238.12,False
781fa7,China,223.59,False
aa94aa,United States,177.94,False
8462c4,Japan,184.81,False
a50a87,United States,65.29,False
781fa3,China,226.3,False
a8cd14,United States,5.92,True
a477fa,United States,44.43,False
152004,Russian Federation,222.79,False
e49fc2,Brazil,207.74,False
a4ea77,United States,248.68,False
407993,United Kingdom,263.37,False
407994,United Kingdom,244.76,False
7501fc,Malaysia,201.47,False
adca15,United States,70.26,False
40797a,United Kingdom,274.6,False
840e10,Japan,9.77,True
a08317,United States,265.32,False
89667f,United Arab Emirates,257.94,False
781fc3,China,264.0,False
89668a,United Arab Emirates,228.82,False
a584c3,United States,58.9,False
40796b,United Kingdom,237.29,False
a5d4b5,United States,39.87,False
a10614,United States,269.58,False
89665d,United Arab Emirates,231.0,False
a5d4af,United States,119.76,False
a451db,United States,204.91,False
e0b390,Argentina,219.7,False
76cd45,Singapore,253.5,False
c010ec,Canada,66.24,False
780d2a,China,255.66,False
c010ea,Canada,214.18,False
76cd46,Singapore,237.45,False
8832aa,Thailand,224.35,False
a9da3f,United States,48.37,False
8965cb,United Arab Emirates,214.11,False
a1afec,United States,194.3,False
a2396e,United States,248.02,False
7c77f7,Australia,269.51,False
7c77f6,Australia,263.91,False
c06c8f,Canada,112.45,False
a22669,United States,246.13,False
a9ed96,United States,43.54,False
c06c8a,Canada,70.32,False
c010f6,Canada,221.27,False
a0835d,United States,225.66,False
ae523b,United States,53.86,False
a99d89,United States,242.12,False
8832cb,Thailand,238.18,False
8832d1,Thailand,202.47,False
8832d4,Thailand,243.33,False
76cd71,Singapore,222.03,False
a1afcf,United States,169.28,False
76cd76,Singapore,38.07,True
abf29f,United States,179.08,False
75033d,Malaysia,223.58,False
a22642,United States,228.29,False
a2cfa2,United States,73.92,False
780d76,China,3.34,True
7c77c0,Australia,41.83,False
a0d374,United States,201.96,False
780d6c,China,227.98,False
a9a4c2,United States,185.09,False
152016,Russian Federation,148.67,False
aa1a81,United States,132.92,False
a0d36d,United States,220.78,False
c023e4,Canada,208.41,False
c81dcf,New Zealand,63.3,False
152027,Russian Federation,4.12,False
a3efa2,United States,134.77,False
a4ea9d,United States,63.07,False
7c77fb,Australia,227.77,False
a967eb,United States,235.07,False
a19020,United States,47.29,False
a86a66,United States,229.03,False
ac37bd,United States,247.95,False
152035,Russian Federation,208.85,False
8462ee,Japan,149.65,False
89408e,Bahrain,256.98,False
89408d,Bahrain,259.78,False
8a08cf,Indonesia,122.81,False
a1902f,United States,8.25,False
a2cff0,United States,70.55,False
a7ad84,United States,237.18,False
a33328,United States,229.15,False
a2000d,United States,100.07,False
c06c84,Canada,134.22,False
a33325,United States,67.91,False
c06c82,Canada,6.43,True
a33327,United States,0.0,True
a66a84,United States,221.42,False
89906d,Taiwan,155.8,False
a0cfbd,United States,256.69,False
a9f7dd,United States,25.1,False
ab7b8c,United States,199.13,False
c1e999,Canada,0.51,True
c0669e,Canada,1.29,True
899088,Taiwan,145.14,False
899085,Taiwan,156.4,False
ac52f2,United States,214.53,False
899081,Taiwan,245.95,False
a7a4e6,United States,222.1,False
ade8fa,United States,183.31,False
c05360,Canada,133.27,False
a2c90d,United States,190.0,False
adc2a7,United States,237.62,False
040198,Ethiopia,226.19,False
899093,Taiwan,213.32,False
a42a91,United States,183.4,False
c1e981,Canada,2.57,True
a1a924,United States,165.01,False
c0405a,Canada,252.73,False
c04051,Canada,221.17,False
89905a,Taiwan,88.18,False
a64924,United States,262.74,False
aceb76,United States,211.48,False
899076,Taiwan,299.38,False
c1e97a,Canada,16.98,True
89902f,Taiwan,2.06,True
a38641,United States,198.46,False
4bcd85,Turkey,148.69,False
4bcd83,Turkey,228.59,False
4bcd82,Turkey,232.6,False
0d085d,Mexico,275.54,False
a80d40,United States,216.05,False
040141,Ethiopia,254.02,False
406ec9,United Kingdom,259.49,False
c81958,New Zealand,132.33,False
c05323,Canada,26.74,False
c1e95c,Canada,1.8,True
a2796f,United States,0.0,True
a3861f,United States,193.63,False
a1efe7,United States,191.15,False
a9f7c0,United States,48.46,False
c1e973,Canada,2.06,True
c0797b,Canada,216.68,False
899055,Taiwan,209.97,False
899053,Taiwan,164.46,False
89900e,Taiwan,244.09,False
ab4732,United States,243.99,False
a754f1,United States,45.41,False
899019,Taiwan,255.57,False
a1463a,United States,239.66,False
899029,Taiwan,265.06,False
899028,Taiwan,5.4,True
a78a52,United States,194.07,False
a66a4c,United States,192.85,False
a0bcb2,United States,208.78,False
a32fd5,United States,298.26,False
780201,China,12.35,True
89901b,Taiwan,148.79,False
89901c,Taiwan,75.36,False
899038,Taiwan,226.45,False
c0799e,Canada,1.29,True
7c0601,Australia,79.81,False
899032,Taiwan,244.45,False
899031,Taiwan,285.4,False
a0267b,United States,242.71,False
a0001a,United States,268.65,False
a5031a,United States,199.91,False
acfe09,United States,141.31,False
a38682,United States,286.07,False
a2fcf2,United States,245.65,False
a25368,United States,39.43,False
abde0b,United States,6.94,True
a93fb1,United States,41.08,False
a6495f,United States,228.56,False
a75634,United States,206.14,False
a13386,United States,256.06,False
a2536f,United States,261.32,False
841709,Japan,23.75,False
7813af,China,107.41,False
406f75,United Kingdom,10.29,True
a50343,United States,66.36,False
e4894f,Brazil,242.62,False
406f74,United Kingdom,262.02,False
406f78,United Kingdom,158.54,False
a37347,United States,131.64,False
a64996,United States,172.11,False
c07973,Canada,0.0,True
c07971,Canada,199.6,False
a7a60e,United States,213.26,False
a1dcf2,United States,120.28,False
a6231f,United States,54.62,False
a37335,United States,282.95,False
c07966,Canada,224.17,False
ad0b11,United States,42.19,False
881b66,Thailand,103.52,False
a1a98d,United States,210.86,False
a3b02e,United States,267.58,False
a3864a,United States,259.41,False
ac65bb,United States,294.11,False
7800ad,China,197.45,False
a49378,United States,54.53,False
c07915,Canada,120.79,False
a37389,United States,254.24,False
ab7b67,United States,33.85,False
ac65dc,United States,245.29,False
abde5b,United States,6.69,True
a7da5f,United States,270.8,False
a2b698,United States,233.09,False
868b50,Japan,178.78,False
ae08ef,United States,77.48,False
89909c,Taiwan,226.36,False
a3e97f,United States,32.09,False
7800eb,China,250.45,False
a4e307,United States,181.21,False
a06e11,United States,182.9,False
a50323,United States,54.26,False
add667,United States,210.09,False
a038ff,United States,106.01,False
a145b7,United States,257.4,False
a86360,United States,67.25,False
c051e2,Canada,257.81,False
a4e38f,United States,120.61,False
a7302f,United States,79.23,False
ade96f,United States,37.55,False
ac5378,United States,193.63,False
a17b16,United States,222.1,False
a4e39b,United States,154.1,False
ac536c,United States,278.13,False
a06e35,United States,193.05,False
c818c9,New Zealand,115.58,False
add66d,United States,197.31,False
a158c9,United States,239.65,False
50840a,Ukraine,241.18,False
c051da,Canada,65.21,False
508429,Ukraine,92.97,False
c1e7f1,Canada,1.54,True
ac538f,United States,301.72,False
aa6cfa,United States,278.62,False
a2eb19,United States,63.13,False
a385c8,United States,0.0,True
a75676,United States,230.1,False
394a02,France,236.41,False
a50370,United States,264.03,False
a05b78,United States,296.72,False
394a07,France,268.65,False
a252a7,United States,184.43,False
8881d7,Viet Nam,189.92,False
394a14,France,253.14,False
0d06da,Mexico,108.64,False
7c4d13,Australia,117.62,False
7c4d14,Australia,64.75,False
a2fe28,United States,222.65,False
aa265e,United States,56.22,False
a7a666,United States,71.83,False
aa3994,United States,68.52,False
a6235b,United States,71.54,False
a6368a,United States,230.01,False
a7ecd7,United States,74.72,False
aa6ccb,United States,174.78,False
a9961b,United States,170.98,False
ad1e05,United States,184.32,False
8881ed,Viet Nam,184.35,False
a4e389,United States,208.58,False
a1cb05,United States,265.46,False
780212,China,239.43,False
04021d,Ethiopia,215.09,False
ac793f,United States,122.47,False
780217,China,85.73,False
3c70ca,Germany,276.98,False
a372e0,United States,79.43,False
a2eb55,United States,50.76,False
a42b45,United States,168.81,False
a385ee,United States,214.72,False
a43e5b,United States,284.34,False
04022a,Ethiopia,227.58,False
a4f5cc,United States,123.18,False
899016,Taiwan,224.76,False
ac6622,United States,198.57,False
78021a,China,270.35,False
899014,Taiwan,233.25,False
899013,Taiwan,194.0,False
a385da,United States,210.59,False
a43e60,United States,224.12,False
a9d37b,United States,124.82,False
780231,China,228.44,False
a05b7e,United States,182.01,False
a97083,United States,3.86,True
a97089,United States,41.67,False
040204,Ethiopia,253.75,False
ac7968,United States,214.65,False
a622b0,United States,50.85,False
a0ab4f,United States,50.07,False
ad8615,United States,72.24,False
ac6645,United States,226.16,False
a385e3,United States,31.38,False
78023e,China,90.63,False
ac0ff9,United States,181.65,False
ad2fd0,United States,191.65,False
a875a7,United States,31.45,False
acc945,United States,72.09,False
a9704d,United States,257.02,False
781587,China,112.33,False
a528d6,United States,238.45,False
a02730,United States,34.07,False
78024f,China,202.28,False
ad2fe8,United States,2.06,True
ac5326,United States,81.49,False
abefdd,United States,166.61,False
ae4fca,United States,53.19,False
a02738,United States,59.02,False
a0272a,United States,60.46,False
a4f5a0,United States,205.7,False
a3e8dc,United States,1.29,True
a06db4,United States,185.92,False
3c70b8,Germany,141.92,False
a515ad,United States,243.95,False
acc961,United States,65.33,False
ac6668,United States,262.45,False
760a06,Pakistan,257.74,False
a648d2,United States,49.87,False
c1e898,Canada,4.63,True
ac5349,United States,183.37,False
a2a2df,United States,254.32,False
a9969b,United States,210.59,False
a3c2a9,United States,201.54,False
ae0977,United States,211.44,False
a14700,United States,258.19,False
a2fe8f,United States,190.49,False
ad1cde,United States,245.5,False
a648e1,United States,108.82,False
a98386,United States,5.92,True
7c055b,Australia,62.57,False
a55e4a,United States,81.96,False
a43e83,United States,3.34,True
4ba9eb,Turkey,225.9,False
a7a5fa,United States,53.71,False
a742ec,United States,183.14,False
4ba9cb,Turkey,199.08,False
4ba9ca,Turkey,205.37,False
89916c,Taiwan,238.95,False
71c014,Republic of Korea,213.29,False
71c010,Republic of Korea,241.63,False
040046,Ethiopia,253.33,False
040045,Ethiopia,280.01,False
040060,Ethiopia,218.65,False
89917e,Taiwan,211.49,False
502d0d,Latvia,77.5,False
478d42,Norway,277.98,False
adb0b4,United States,280.81,False
aed0d7,United States,60.42,False
781622,China,210.09,False
89914c,Taiwan,148.08,False
a742c2,United States,187.42,False
a9e5a7,United States,34.78,False
89914e,Taiwan,111.54,False
89914a,Taiwan,138.04,False
a7db0b,United States,234.43,False
a36105,United States,221.24,False
a2b759,United States,105.47,False
78161c,China,226.8,False
781634,China,204.07,False
a9e5b5,United States,42.5,False
395de4,France,64.85,False
781638,China,40.8,False
a80e4e,United States,241.81,False
c0410b,Canada,37.41,False
a3874a,United States,264.04,False
040030,Ethiopia,133.73,False
a622eb,United States,91.06,False
89912d,Taiwan,185.59,False
89912c,Taiwan,239.41,False
a6ce7d,United States,206.63,False
899144,Taiwan,107.8,False
a1ddbb,United States,1.03,True
acb827,United States,154.19,False
acb824,United States,172.54,False
a6bb62,United States,31.59,False
a06dfd,United States,76.48,False
89913c,Taiwan,56.78,False
89913d,Taiwan,98.39,False
a3871e,United States,182.45,False
89913a,Taiwan,114.66,False
ab485e,United States,234.84,False
a79e7f,United States,15.88,False
a3b124,United States,145.13,False
acc9d0,United States,0.0,True
8990a0,Taiwan,219.25,False
aaac21,United States,222.01,False
aa5bd0,United States,132.79,False
a54aae,United States,96.42,False
ac66aa,United States,213.44,False
aba9e7,United States,219.02,False
71c072,Republic of Korea,208.1,False
71c070,Republic of Korea,126.21,False
a29aff,United States,0.0,False
8990a9,Taiwan,211.06,False
71c077,Republic of Korea,218.73,False
71c075,Republic of Korea,211.42,False
ac66d5,United States,183.84,False
c05403,Canada,140.51,False
a36130,United States,75.11,False
8990b1,Taiwan,264.49,False
acc9c3,United States,46.7,False
a2a455,United States,66.69,False
a5add3,United States,247.42,False
71c061,Republic of Korea,175.12,False
7c3b44,Australia,49.65,False
ae09de,United States,2.06,True
c05430,Canada,236.29,False
a61120,United States,49.91,False
a00171,United States,32.75,False
ad73a9,United States,70.48,False
a2679a,United States,298.84,False
71c099,Republic of Korea,175.11,False
7801c9,China,147.74,False
a2677e,United States,234.63,False
71c090,Republic of Korea,7.72,True
a5f107,United States,51.45,False
c06751,Canada,196.78,False
aa6ed1,United States,207.88,False
a26793,United States,193.1,False
485264,Kingdom of the Netherlands,8.23,False
84183d,Japan,107.08,False
ac9c45,United States,39.11,False
ab8f8e,United States,243.68,False
7c4e55,Australia,77.82,False
71c087,Republic of Korea,138.46,False
ab33dd,United States,59.54,False
acff5c,United States,55.29,False
ad99fc,United States,192.99,False
a3d755,United States,119.69,False
a026c9,United States,20.56,False
86ef62,Japan,190.34,False
a0bf26,United States,234.4,False
a75707,United States,62.96,False
ac53f8,United States,168.71,False
c06723,Canada,32.96,False
a3d767,United States,166.8,False
aca3d1,United States,191.92,False
c0671b,Canada,75.97,False
ab20e6,United States,162.39,False
ab20e7,United States,12.86,True
71c051,Republic of Korea,182.23,False
ac9c78,United States,63.28,False
c06724,Canada,112.24,False
ab20df,United States,274.44,False
a63756,United States,87.28,False
86ef6c,Japan,262.07,False
a8c796,United States,239.38,False
ad0ae4,United States,74.66,False
a8b476,United States,120.84,False
a05c59,United States,256.04,False
a146f1,United States,214.65,False
ad7471,United States,27.27,True
a9e784,United States,60.27,False
841794,Japan,198.7,False
a399b9,United States,3.6,True
7cf35f,Australia,2.83,True
a55f31,United States,197.13,False
a8b44e,United States,218.57,False
7815a1,China,268.07,False
7815a9,China,300.04,False
06a2fa,Qatar,740.64,False
a8c759,United States,186.6,False
a373b7,United States,210.84,False
c1e8cd,Canada,4.37,True
502ce4,Latvia,202.06,False
49d421,Czech Republic,273.18,False
a43f51,United States,4.12,True
49d420,Czech Republic,248.01,False
c1e8f6,Canada,4.89,True
a66aea,United States,112.04,False
7c05a8,Australia,0.51,False
a43f3c,United States,263.11,False
a2c9ec,United States,198.54,False
c1e8df,Canada,3.6,True
a9d413,United States,9.26,True
c804aa,New Zealand,58.75,False
c1e8c8,Canada,5.66,True
a06f8a,United States,253.78,False
a43f2a,United States,228.47,False
a4d169,United States,44.16,False
a146f9,United States,216.98,False
c052e0,Canada,76.76,False
a5f162,United States,7.2,True
c1e8d4,Canada,4.37,True
aed12a,United States,116.16,False
a399e4,United States,188.05,False
aabf50,United States,211.57,False
c052d3,Canada,221.79,False
c1e8be,Canada,6.69,True
a73143,United States,22.66,False
c052d5,Canada,235.89,False
781666,China,4.12,False
c804cd,New Zealand,53.86,False
a373ea,United States,60.8,False
4850f5,Kingdom of the Netherlands,195.86,False
c1e8a8,Canada,2.06,True
899119,Taiwan,195.1,False
a3c3e0,United States,199.38,False
040106,Ethiopia,255.77,False
a54c60,United States,214.45,False
040102,Ethiopia,230.68,False
a67f81,United States,273.08,False
89911c,Taiwan,247.32,False
a67f83,United States,53.48,False
7c0663,Australia,0.0,True
7c4cd4,Australia,97.51,False
a360b7,United States,223.66,False
a2b6ff,United States,128.1,False
ac6744,United States,273.16,False
a8fc06,United States,277.7,False
a240dc,United States,287.99,False
899135,Taiwan,256.87,False
899130,Taiwan,116.42,False
c078bf,Canada,221.62,False
a386fb,United States,0.0,True
a17c95,United States,237.88,False
899106,Taiwan,282.44,False
899108,Taiwan,206.62,False
899107,Taiwan,269.59,False
aaaaae,United States,191.41,False
845f30,Japan,68.1,False
899109,Taiwan,4.37,True
899114,Taiwan,174.52,False
406ecd,United Kingdom,237.4,False
7c4cb8,Australia,42.95,False
a78c2a,United States,67.51,False
a6bc31,United States,66.88,False
780379,China,221.9,False
ad8766,United States,288.61,False
ad8769,United States,210.32,False
a889a9,United States,4.63,True
a480f2,United States,159.59,False
4ba9c8,Turkey,26.76,False
4ba9c3,Turkey,254.41,False
ab2140,United States,238.06,False
a360ea,United States,225.01,False
a85188,United States,197.72,False
78037d,China,246.74,False
4ba9d3,Turkey,222.37,False
4ba9d2,Turkey,224.65,False
405bfd,United Kingdom,308.23,False
ac9abc,United States,183.59,False
405bfc,United Kingdom,269.63,False
7cf338,Australia,3.6,True
acfdf4,United States,194.79,False
a26801,United States,192.95,False
a7ef08,United States,171.13,False
c078b2,Canada,254.29,False
a503bf,United States,162.41,False
a55b7a,United States,208.75,False
a67b75,United States,223.58,False
4ba8ce,Turkey,230.43,False
a1a709,United States,29.57,False
781706,China,213.98,False
a02413,United States,168.24,False
abdc56,United States,181.54,False
a67b81,United States,0.0,True
a43b91,United States,201.4,False
7c080a,Australia,75.23,False
ad1c67,United States,302.85,False
4ba8f6,Turkey,233.31,False
ad1c78,United States,53.18,False
aa10ba,United States,224.42,False
86dd2a,Japan,245.14,False
abdc91,United States,233.27,False
abdc92,United States,243.84,False
acfc56,United States,0.64,True
781736,China,137.91,False
a885f4,United States,238.35,False
a7eb2f,United States,41.87,False
a81e38,United States,157.94,False
a68e4c,United States,199.27,False
407fad,United Kingdom,242.99,False
407fae,United Kingdom,0.0,True
a06aba,United States,194.89,False
a7fe18,United States,43.59,False
a8d5a4,United States,6.69,False
a6cb01,United States,188.8,False
a19de8,United States,1.03,True
a39723,United States,0.0,True
a8d5a0,United States,230.29,False
a765e3,United States,55.16,False
a03760,United States,57.11,False
a9d069,United States,104.44,False
7c4ec9,Australia,0.0,True
a79b44,United States,111.79,False
aa7f4e,United States,154.1,False
a07dcd,United States,259.53,False
a7fe2d,United States,0.06,True
a39711,United States,133.53,False
a6cb0d,United States,243.59,False
a01112,United States,212.44,False
a02443,United States,0.0,True
a1440c,United States,0.0,True
a765cb,United States,0.06,True
a68e7c,United States,267.05,False
c07712,Canada,3.6,True
a18ada,United States,114.05,False
ac0f26,United States,180.1,False
abb9b2,United States,221.11,False
a0baca,United States,254.76,False
8991bd,Taiwan,218.52,False
7802c1,China,193.68,False
aa7ebc,United States,211.6,False
8991d8,Taiwan,8.23,True
ac76a7,United States,176.75,False
48756b,Kingdom of the Netherlands,227.56,False
c80449,New Zealand,49.39,False
840613,Japan,45.23,False
aa7ec3,United States,190.12,False
aa7ec2,United States,255.46,False
a1314e,United States,227.44,False
7802d8,China,167.2,False
a1eddf,United States,54.61,False
a38439,United States,207.07,False
a2644a,United States,155.55,False
a3c111,United States,58.21,False
aabc11,United States,203.04,False
ab9f54,United States,195.98,False
a19df5,United States,228.21,False
8991b6,Taiwan,278.29,False
abb9df,United States,207.93,False
ac89f7,United States,234.0,False
adc17b,United States,5.4,True
abef2f,United States,174.4,False
a19dff,United States,211.75,False
a1311e,United States,214.1,False
c00da8,Canada,5.4,True
ac76ae,United States,235.55,False
7802f3,China,77.76,False
a992e4,United States,0.0,True
ad1c16,United States,14.92,True
406d7a,United Kingdom,243.56,False
406d7b,United Kingdom,311.06,False
ac0f4d,United States,74.22,False
86dd4c,Japan,329.92,False
ac63b4,United States,203.74,False
a2b45b,United States,222.61,False
7802fd,China,197.31,False
3c3eea,Germany,8.23,True
ae4f28,United States,16.08,False
a2fad8,United States,195.0,False
abef54,United States,231.36,False
a992c7,United States,137.51,False
a80b9c,United States,34.47,False
a992c9,United States,61.26,False
acc6d1,United States,282.07,False
ae06d8,United States,113.69,False
ad83b7,United States,234.27,False
3c3eec,Germany,8.23,True
a2a129,United States,132.75,False
c1e5e1,Canada,0.13,True
a44ddc,United States,207.04,False
a1a796,United States,54.89,False
c1e5f1,Canada,6.17,True
abef79,United States,222.48,False
4ba953,Turkey,253.86,False
ab313c,United States,259.79,False
4ba94f,Turkey,279.5,False
a7fde4,United States,176.05,False
c00e6c,Canada,231.17,False
a023a5,United States,182.57,False
a88774,United States,235.16,False
ad975d,United States,289.28,False
a3c192,United States,154.38,False
a07f60,United States,2.83,True
c829ab,New Zealand,224.77,False
7cf493,Australia,6.69,True
7cf496,Australia,8.75,True
4ba930,Turkey,242.93,False
acb468,United States,172.32,False
c062f5,Canada,245.19,False
e485cd,Brazil,183.42,False
4ba947,Turkey,6.69,True
acc76b,United States,281.9,False
a2b47f,United States,166.22,False
c00e8c,Canada,2.83,True
8990e9,Taiwan,203.18,False
a1b9ec,United States,72.84,False
acb46d,United States,225.99,False
8990e5,Taiwan,6.94,True
8990e4,Taiwan,96.55,False
aa7df3,United States,153.53,False
3542c3,Spain,235.32,False
a5012d,United States,205.4,False
8990f7,Taiwan,65.37,False
a44f0d,United States,225.47,False
a1ef41,United States,38.59,False
8990f5,Taiwan,132.57,False
8990f0,Taiwan,222.82,False
a06c71,United States,45.13,False
8990eb,Taiwan,5.4,True
8990ed,Taiwan,258.32,False
8990ec,Taiwan,233.56,False
a93dc6,United States,53.85,False
a55af4,United States,79.55,False
a79aae,United States,242.07,False
8990c1,Taiwan,253.17,False
7803af,China,201.72,False
c062b8,Canada,229.08,False
a49192,United States,31.49,False
aacf19,United States,208.74,False
8990d9,Taiwan,231.36,False
a32f17,United States,0.0,True
ab56a2,United States,181.88,False
852539,Japan,48.33,False
780457,China,235.42,False
c05099,Canada,60.33,False
a2fc47,United States,60.12,False
c05095,Canada,144.7,False
0d08d1,Mexico,14.92,True
7c3ad6,Australia,0.0,True
a263dc,United States,2.83,True
a32f82,United States,133.44,False
a1dc60,United States,0.0,True
c0508e,Canada,65.16,False
7c3acc,Australia,60.11,False
a526e6,United States,72.02,False
ac770e,United States,55.06,False
a5ac14,United States,184.97,False
aa7f2b,United States,246.48,False
a2fc2c,United States,62.98,False
c05086,Canada,197.92,False
7cf40f,Australia,3.09,True
a526e2,United States,109.72,False
0d08e6,Mexico,229.01,False
a646bc,United States,2.57,True
7cf40b,Australia,0.77,True
a9819b,United States,220.88,False
a899a2,United States,262.4,False
aa7f28,United States,267.89,False
c00e29,Canada,54.31,False
780475,China,219.62,False
aa7f24,United States,188.37,False
a2b3a2,United States,149.71,False
0d08f3,Mexico,254.01,False
7c3ab7,Australia,49.52,False
ab9dab,United States,63.09,False
c00e25,Canada,245.89,False
a81f1f,United States,78.4,False
a779eb,United States,249.88,False
c00e17,Canada,6.69,True
a0cf8d,United States,243.75,False
a1dc31,United States,182.94,False
a276dd,United States,246.41,False
ab574c,United States,54.08,False
aa7f03,United States,245.9,False
aa7f02,United States,250.96,False
a44f9c,United States,214.21,False
881bb6,Thailand,85.12,False
c0637c,Canada,155.88,False
a8c489,United States,256.81,False
a3e6b1,United States,251.59,False
c0503d,Canada,65.85,False
c0636a,Canada,90.13,False
a779b0,United States,175.67,False
a3e6ad,United States,147.27,False
7cf451,Australia,12.86,True
7cf452,Australia,4.63,True
aba765,United States,269.08,False
a98133,United States,151.38,False
a68f16,United States,32.96,False
c1e659,Canada,1.29,True
341119,Spain,196.82,False
a383f3,United States,197.41,False
7cf43c,Australia,0.0,True
ab4460,United States,30.91,False
c0506b,Canada,239.79,False
a92ae9,United States,158.37,False
881bd3,Thailand,86.78,False
407eeb,United Kingdom,192.6,False
a539f5,United States,90.54,False
a7417e,United States,71.0,False
c05067,Canada,218.54,False
7cf444,Australia,3.34,True
7cf440,Australia,5.92,True
851295,Japan,26.93,False
c05060,Canada,5.14,True
3d4d3f,Germany,78.23,False
c0505a,Canada,86.95,False
c06589,Canada,242.83,False
c1e880,Canada,3.34,True
a07ed6,United States,48.37,False
c1e885,Canada,4.63,True
a80c4e,United States,46.2,False
a4e0ec,United States,156.91,False
781833,China,248.54,False
c0523f,Canada,206.87,False
71c224,Republic of Korea,213.48,False
a81f83,United States,12.35,True
71c226,Republic of Korea,269.62,False
a6cc91,United States,176.09,False
c1e84d,Canada,15.43,True
e4997c,Brazil,226.0,False
71c257,Republic of Korea,213.61,False
71c255,Republic of Korea,76.58,False
aaaa92,United States,204.88,False
71c258,Republic of Korea,226.99,False
71c259,Republic of Korea,203.76,False
71c251,Republic of Korea,242.43,False
a14502,United States,174.88,False
a9f6c2,United States,229.48,False
a993ad,United States,175.04,False
71c242,Republic of Korea,201.15,False
c05213,Canada,223.72,False
7cf635,Australia,3.09,True
aaaa9a,United States,81.21,False
c06541,Canada,204.46,False
7cf631,Australia,1.54,True
a1a861,United States,48.88,False
7cf632,Australia,5.14,True
a3d3f0,United States,211.49,False
c0653f,Canada,281.3,False
a38527,United States,70.07,False
040260,Ethiopia,254.57,False
c05218,Canada,238.71,False
c05219,Canada,263.16,False
aca1da,United States,177.08,False
a7ec02,United States,42.98,False
781878,China,206.08,False
c1e847,Canada,10.29,True
a5ac3b,United States,203.19,False
7cf618,Australia,2.57,True
a740a0,United States,58.34,False
71c210,Republic of Korea,242.71,False
a4080c,United States,223.84,False
aa5a0e,United States,6.69,True
0c6063,Trinidad and Tobago,139.73,False
c06558,Canada,79.28,False
a1a832,United States,227.67,False
c05220,Canada,231.66,False
a15878,United States,56.16,False
c06550,Canada,154.99,False
adc1f0,United States,66.36,False
a06bd3,United States,192.08,False
acea99,United States,0.0,True
c0654b,Canada,217.51,False
a6cc45,United States,124.7,False
ac0fb6,United States,141.61,False
a06bcc,United States,52.23,False
a43bc6,United States,219.77,False
7803e5,China,223.44,False
aa395b,United States,1.8,True
0d094c,Mexico,205.0,False
a2fbc1,United States,81.87,False
7803f8,China,135.3,False
503ce6,Lithuania,83.97,True
7803f5,China,242.36,False
a2a213,United States,188.41,False
a2a219,United States,60.2,False
aba7b0,United States,247.73,False
a3c235,United States,40.75,False
a3c233,United States,243.26,False
ab44af,United States,248.12,False
ab44ae,United States,288.41,False
a5287c,United States,225.97,False
a1a87e,United States,204.2,False
a7b832,United States,9.77,True
406e46,United Kingdom,141.27,False
aabd2b,United States,267.43,False
acc7ae,United States,26.24,True
aba7c2,United States,7.72,True
c00ec7,Canada,3.34,True
a8881e,United States,5.92,True
a25288,United States,42.29,False
71c275,Republic of Korea,226.48,False
a037b2,United States,94.25,False
a37265,United States,152.38,False
a037b9,United States,215.18,False
a3725a,United States,3.09,True
abca17,United States,57.14,False
e48618,Brazil,186.44,False
a2659a,United States,236.19,False
71c293,Republic of Korea,153.85,False
ac51b2,United States,180.38,False
aaaa4a,United States,252.42,False
a993ea,United States,50.63,False
a2b569,United States,86.14,False
acfd2c,United States,188.46,False
abdd67,United States,62.35,False
7cf4e1,Australia,0.0,True
71c286,Republic of Korea,121.5,False
e49955,Brazil,190.53,False
c050ae,Canada,197.53,False
c050c4,Canada,173.88,False
c050c0,Canada,0.77,True
86dca2,Japan,208.19,False
ab3275,United States,224.63,False
a4f59c,United States,184.97,False
ac789b,United States,186.66,False
0aca66,Colombia,0.0,True
a9d20f,United States,127.45,False
ac6596,United States,0.06,True
e484f9,Brazil,227.15,False
a7a555,United States,146.71,False
a8758b,United States,203.35,False
ad857e,United States,171.34,False
a98219,United States,182.43,False
85134a,Japan,196.72,False
aca248,United States,138.55,False
a05a01,United States,240.93,False
a8d845,United States,99.25,False
840646,Japan,131.38,False
0d07f7,Mexico,261.42,False
ab329e,United States,237.88,False
406e0f,United Kingdom,202.87,False
ad7284,United States,247.39,False
a0aa2b,United States,205.28,False
8991e8,Taiwan,184.28,False
a7555d,United States,33.66,False
8991e6,Taiwan,186.15,False
8991e2,Taiwan,142.51,False
7c07cd,Australia,52.67,False
c050a0,Canada,149.99,False
86efb0,Japan,0.0,True
8991da,Taiwan,207.38,False
aa1219,United States,77.37,False
a93eb8,United States,251.27,False
a7687b,United States,4.89,True
ad727a,United States,199.43,False
ad727d,United States,175.57,False
7c07c9,Australia,36.25,False
a011ac,United States,187.2,False
c063c8,Canada,104.91,False
a7a532,United States,254.12,False
c076f4,Canada,0.0,True
3c8190,Germany,6.94,True
aa6ba6,United States,68.78,False
a0bd2a,United States,33.5,False
a7fed3,United States,191.08,False
a55d49,United States,70.62,False
780571,China,229.09,False
a384f2,United States,255.6,False
a2a1a5,United States,203.89,False
aa6d1b,United States,153.52,False
aa24a8,United States,48.66,False
c00f13,Canada,30.94,False
a67d2f,United States,179.13,False
a9d28a,United States,148.78,False
ab5867,United States,205.22,False
ab4531,United States,243.73,False
a7b7c5,United States,277.81,False
ab9eca,United States,131.33,False
a407da,United States,45.97,False
ad2ea7,United States,63.18,False
ad2ea4,United States,181.67,False
ad2ea1,United States,126.86,False
4ba88f,Turkey,222.37,False
704012,Myanmar,222.1,False
a3d4ed,United States,131.67,False
a251ae,United States,65.35,False
a30a0e,United States,147.5,False
78059f,China,224.32,False
a29a37,United States,194.79,False
a02612,United States,42.18,False
aabbc9,United States,265.06,False
89931c,Taiwan,6.69,True
e497e7,Brazil,254.27,False
a74290,United States,119.23,False
a491be,United States,70.42,False
0aca28,Colombia,231.73,False
a0aa7c,United States,232.62,False
abeeea,United States,0.0,True
c05190,Canada,231.58,False
49d26c,Czech Republic,76.14,False
c05186,Canada,150.48,False
a2b4ea,United States,281.06,False
ab324a,United States,183.83,False
a384f8,United States,148.39,False
ac6573,United States,181.93,False
a67d17,United States,216.66,False
a1ca5f,United States,149.92,False
c0517e,Canada,236.49,False
aa127e,United States,145.61,False
acb536,United States,220.32,False
7817a2,China,7.72,True
a9c2e5,United States,100.05,False
781946,China,237.79,False
71c356,Republic of Korea,215.28,False
71c353,Republic of Korea,226.48,False
a2edb4,United States,275.57,False
a50734,United States,122.48,False
a3b414,United States,198.08,False
a1244d,United States,236.81,False
a30dc5,United States,117.29,False
a66da8,United States,86.98,False
c82aa1,New Zealand,123.15,False
880c41,Thailand,224.99,False
78062b,China,234.65,False
a91e9a,United States,122.4,False
71c379,Republic of Korea,182.86,False
71c366,Republic of Korea,252.42,False
71c364,Republic of Korea,192.65,False
486071,Kingdom of the Netherlands,243.57,False
78063a,China,93.64,False
486072,Kingdom of the Netherlands,194.07,False
a1242d,United States,293.54,False
71c360,Republic of Korea,299.52,False
a89b9b,United States,205.11,False
aaaebf,United States,97.5,False
a77b76,United States,214.69,False
a7cb53,United States,213.02,False
7c2ac0,Australia,187.4,False
e49c07,Brazil,247.07,False
a2dac7,United States,202.56,False
71c314,Republic of Korea,1.29,True
a972d3,United States,116.78,False
7c8100,Australia,116.28,False
ab1210,United States,4.37,True
aa4c9f,United States,43.77,False
a3776f,United States,136.45,False
780667,China,190.86,False
a9c2b3,United States,60.77,False
a9d5e4,United States,0.0,True
7c2ab1,Australia,70.29,False
71c301,Republic of Korea,212.25,False
71c304,Republic of Korea,191.99,False
71c302,Republic of Korea,228.36,False
71c303,Republic of Korea,208.87,False
a1babb,United States,217.62,False
71c339,Republic of Korea,115.11,False
71c333,Republic of Korea,96.24,False
a1245e,United States,193.01,False
71c337,Republic of Korea,214.94,False
a9e8ce,United States,206.01,False
78199c,China,109.62,False
e49c00,Brazil,242.66,False
a48416,United States,44.3,False
71c329,Republic of Korea,218.29,False
a7de93,United States,224.09,False
e49c05,Brazil,238.36,False
71c321,Republic of Korea,217.51,False
71c326,Republic of Korea,210.63,False
06a068,Qatar,279.41,False
a4972c,United States,253.98,False
a0af06,United States,47.54,False
a3a155,United States,205.54,False
a8b744,United States,31.25,False
7804ea,China,217.54,False
a9873d,United States,189.52,False
a05f31,United States,0.06,True
a05f37,United States,178.48,False
a029e1,United States,100.88,False
aca6c0,United States,250.52,False
abbc52,United States,74.12,False
c0575d,Canada,48.91,False
a65ae2,United States,29.34,False
ad63a8,United States,233.65,False
7cf5e0,Australia,4.89,True
a8540b,United States,225.44,False
840868,Japan,54.07,False
aaf0c5,United States,235.57,False
ad50a9,United States,255.53,False
ab10cb,United States,159.44,False
a7dde1,United States,257.21,False
840870,Japan,22.5,False
39cea3,France,258.89,False
a05f11,United States,117.14,False
af4f46,United States,100.4,False
c04453,Canada,180.67,False
a4c170,United States,205.39,False
ab6c94,United States,279.4,False
af4f2f,United States,0.0,False
ac30c0,United States,281.99,False
7c2b51,Australia,79.24,False
7c3e85,Australia,54.21,False
aaf0ce,United States,11.32,True
a3c775,United States,84.08,False
71c399,Republic of Korea,233.16,False
ad63f7,United States,83.51,False
a73410,United States,202.2,False
ad50c9,United States,291.54,False
abbc75,United States,297.9,False
880c4b,Thailand,219.38,False
880c4a,Thailand,219.48,False
c05734,Canada,82.83,False
c05736,Canada,58.1,False
a53aae,United States,55.67,False
71c386,Republic of Korea,242.72,False
a78dd2,United States,107.58,False
406b0a,United Kingdom,257.36,False
a269b6,United States,41.03,False
a48499,United States,244.89,False
407e46,United Kingdom,141.63,False
a3a152,United States,240.62,False
aaaf07,United States,56.1,False
a8a490,United States,149.39,False
a123e3,United States,288.1,False
7805a0,China,217.84,False
c82c15,New Zealand,46.07,False
a1cf6b,United States,181.34,False
7805a4,China,129.87,False
adb476,United States,223.85,False
a389f8,United States,236.33,False
ac69b6,United States,239.49,False
a519ea,United States,296.41,False
ab7f22,United States,0.0,True
a496a5,United States,70.5,False
a6bf0f,United States,44.7,False
aa29b8,United States,91.08,False
a506d5,United States,242.1,False
ab6c08,United States,0.0,True
ada167,United States,213.1,False
a123bf,United States,175.67,False
a1cf48,United States,147.65,False
7805d3,China,107.07,False
86ddd4,Japan,210.76,False
a9615a,United States,107.08,False
a639f5,United States,127.69,False
7805e2,China,212.62,False
a2a6fe,United States,271.76,False
ab6c26,United States,201.42,False
a01805,United States,1.03,True
a59197,United States,64.92,False
abcf2f,United States,222.56,False
7805dc,China,322.8,False
a89aca,United States,223.48,False
ada16f,United States,0.51,True
ab23b5,United States,199.03,False
ad0f29,United States,245.33,False
a376fe,United States,292.84,False
a376ec,United States,62.57,False
7805eb,China,96.69,False
a85495,United States,56.15,False
ac56d9,United States,223.0,False
a91ddf,United States,247.12,False
ac56ba,United States,203.76,False
a243cb,United States,207.69,False
7805fd,China,156.69,False
a9610a,United States,48.12,False
ac69fc,United States,211.29,False
a3c6b9,United States,35.69,False
abcf58,United States,242.46,False
a5f3cf,United States,241.41,False
a3a0cf,United States,172.89,False
aaaddc,United States,180.12,False
c055d8,Canada,86.11,False
ac5765,United States,214.15,False
a613e0,United States,175.64,False
7cf65c,Australia,5.14,True
aca757,United States,213.63,False
aaadf8,United States,241.69,False
7cf666,Australia,3.86,True
7c8023,Australia,105.29,False
7c8021,Australia,142.53,False
a9d6c3,United States,46.01,False
7c801c,Australia,120.38,False
a89c23,United States,249.04,False
a6ac43,United States,9.26,True
a3a0ed,United States,231.23,False
a4c0e6,United States,53.23,False
7cf658,Australia,0.0,True
a7df86,United States,220.81,False
06a07d,Qatar,224.55,False
8406d0,Japan,0.9,True
7cf63f,Australia,7.46,True
39cf03,France,6.17,True
7cf63b,Australia,2.31,True
39cf06,France,1.54,True
a1bc9f,United States,65.58,False
3949e4,France,265.77,False
3949e3,France,235.31,False
a733e6,United States,0.0,True
39cf0a,France,164.7,False
39cf0c,France,260.95,False
39cf0f,France,5.4,True
a1bc92,United States,246.78,False
c055e9,Canada,128.34,False
155c32,Russian Federation,189.05,False
c055f5,Canada,163.18,False
a41c69,United States,0.0,True
aa4c42,United States,218.86,False
ac578c,United States,202.55,False
ab2496,United States,136.96,False
a77c11,United States,190.33,False
ab6aff,United States,46.8,False
a54f74,United States,111.12,False
a759eb,United States,229.28,False
a65c29,United States,211.78,False
7c806d,Australia,233.39,False
7cf69a,Australia,4.12,True
a24526,United States,213.21,False
ab249d,United States,0.0,True
a3b3e5,United States,247.82,False
7c8070,Australia,243.41,False
a2450b,United States,0.9,True
aca788,United States,150.58,False
86ddf0,Japan,182.17,False
c055c1,Canada,173.96,False
e4a2b7,Brazil,201.9,False
aa5f41,United States,259.06,False
7cf67b,Australia,3.34,True
ab49a8,United States,33.32,False
a24508,United States,217.86,False
a7cc00,United States,175.47,False
7cf66f,Australia,0.13,True
adb43d,United States,45.6,False
a7a9cd,United States,208.4,False
a53c82,United States,79.0,False
a3a0ca,United States,292.31,False
a3b529,United States,242.42,False
a1388c,United States,178.16,False
acca88,United States,178.86,False
4406de,Austria,246.92,False
a2454f,United States,93.63,False
aca903,United States,43.55,False
aaafc5,United States,99.61,False
a53ba4,United States,206.37,False
4b9e47,Turkey,251.26,False
a23200,United States,48.36,True
a2eeb2,United States,33.72,False
a28baa,United States,70.96,False
a54ee7,United States,167.85,False
a960e3,United States,45.2,False
ad0fac,United States,42.73,False
76b443,Singapore,251.06,False
ac5956,United States,5.92,True
a2452f,United States,242.93,False
a2452c,United States,208.45,False
ab6cc0,United States,65.07,False
a2452a,United States,0.0,True
a37842,United States,194.25,False
a35254,United States,0.06,True
a3c815,United States,53.61,False
ab3989,United States,216.31,False
abbca1,United States,187.26,False
76b453,Singapore,196.64,False
a9d6da,United States,35.51,False
70412b,Myanmar,135.31,False
78076e,China,176.86,False
a42efc,United States,66.26,False
4b9e4a,Turkey,245.19,False
7cf869,Australia,197.64,False
7cf865,Australia,163.22,False
76b44e,Singapore,224.45,False
8514d6,Japan,193.0,False
ac9ff2,United States,1.8,True
a47221,United States,212.89,False
ab398f,United States,31.45,False
ac3315,United States,167.79,False
a1bbe5,United States,218.65,False
af0948,United States,58.24,False
abbcc1,United States,195.3,False
7c3ef4,Australia,44.4,False
7c2bc5,Australia,0.0,True
7c8215,Australia,112.83,False
adb60d,United States,49.05,False
a35220,United States,9.77,True
aca94b,United States,154.69,False
a62819,United States,33.44,False
a720eb,United States,204.49,False
a54eb0,United States,115.68,False
a3b50f,United States,199.26,False
a36556,United States,231.59,False
abaa1a,United States,203.3,False
a97549,United States,59.61,False
a5f581,United States,230.52,False
ac7a33,United States,195.83,False
a61592,United States,8.23,True
a3a289,United States,3.34,True
abbd73,United States,181.83,False
a4c272,United States,41.49,False
407f2b,United Kingdom,162.72,False
a017a5,United States,203.52,False
a017a8,United States,271.19,False
7c80ae,Australia,123.73,False
a7cbd9,United States,54.34,False
abaa43,United States,203.22,False
ac7a52,United States,281.72,False
a9c506,United States,242.64,False
ac7a5b,United States,205.89,False
a85568,United States,133.76,False
ac7a5e,United States,179.03,False
aaf1f2,United States,292.19,False
7c80b9,Australia,82.58,False
a9d807,United States,94.71,False
a2a7b5,United States,75.71,False
aa4ce2,United States,155.87,False
80138d,India,199.91,False
a124b5,United States,236.47,False
abbd8d,United States,147.33,False
c05858,Canada,234.63,False
aa197e,United States,230.16,False
aa064d,United States,34.19,False
7c80fc,Australia,157.24,False
80139b,India,83.86,False
80139e,India,78.71,False
a9d813,United States,51.59,False
a7486a,United States,174.08,False
a89ba6,United States,155.24,False
a84200,United States,284.01,False
aed4b3,United States,91.8,False
a53bda,United States,50.95,False
a16d22,United States,204.83,False
c88099,Fiji,208.97,False
a65bbc,United States,226.36,False
c8809c,Fiji,97.56,False
7c80f6,Australia,111.76,False
a9b0ed,United States,0.19,True
851580,Japan,244.77,False
a27a2d,United States,226.95,False
a65d06,United States,250.15,False
7819f0,China,190.2,False
c05819,Canada,42.64,False
a231a6,United States,131.72,False
a0f1bb,United States,208.73,False
c030fd,Canada,65.85,False
a39a13,United States,191.9,False
86222e,Japan,0.39,True
a9b273,United States,224.73,False
a9b279,United States,276.73,False
a53d2c,United States,208.07,False
ada296,United States,228.28,False
a124d4,United States,0.0,True
a3b4d6,United States,219.3,False
a1bd44,United States,0.0,True
406ae8,United Kingdom,148.01,False
5100fc,Belarus,210.98,False
a3b4e9,United States,86.29,False
ac57af,United States,281.26,False
407f19,United Kingdom,238.78,False
abbd0a,United States,288.11,False
a8557a,United States,148.8,False
a27a83,United States,35.24,False
a364ea,United States,215.91,False
c030bb,Canada,247.26,False
a0191e,United States,204.28,False
a00603,United States,45.86,False
c030ef,Canada,293.64,False
ac8d3c,United States,5.92,True
c030eb,Canada,256.57,False
abbd2d,United States,247.98,False
a364e7,United States,213.66,False
c82b55,New Zealand,87.28,False
acdd1b,United States,182.99,False
a9c531,United States,88.39,False
a9755d,United States,42.19,False
abaa0e,United States,286.11,False
a244fd,United States,50.82,False
ad64a0,United States,45.97,False
7cf6a3,Australia,3.86,True
ab24f7,United States,195.49,False
a5e29a,United States,223.01,False
abbd47,United States,200.63,False
a17fb5,United States,197.6,False
a25925,United States,100.56,False
71c517,Republic of Korea,249.38,False
c83e9f,New Zealand,98.67,False
71c516,Republic of Korea,5.4,True
c030a6,Canada,219.16,False
a854d0,United States,9.77,True
a471ec,United States,204.84,False
abbbaa,United States,151.87,False
a64a73,United States,270.15,False
a734e0,United States,7.46,True
71c506,Republic of Korea,278.07,False
a3c900,United States,301.29,False
c043b7,Canada,235.54,False
71c509,Republic of Korea,192.65,False
71c502,Republic of Korea,194.75,False
a50900,United States,210.67,False
a471e0,United States,248.04,False
71c539,Republic of Korea,238.0,False
a52a99,United States,190.34,False
71c537,Republic of Korea,249.91,False
a8ed0a,United States,29.84,False
45ab53,Denmark,218.93,False
a2ca5f,United States,269.21,False
a77d89,United States,230.12,False
a77d7a,United States,53.78,False
71c526,Republic of Korea,209.41,False
7c8125,Australia,46.47,False
a05fc9,United States,50.43,False
a27a94,United States,256.24,False
71c523,Republic of Korea,208.68,False
a2efae,United States,10.29,True
acdbec,United States,221.61,False
5113cf,Estonia,18.01,True
a65d45,United States,103.35,False
406ac3,United Kingdom,1.8,True
ada227,United States,194.47,False
ae2efc,United States,109.06,False
a591c8,United States,51.94,False
ad526b,United States,0.06,True
ad526c,United States,78.4,False
a5e1a0,United States,44.66,False
ad5269,United States,126.01,False
acdbee,United States,258.89,False
acdbef,United States,128.53,False
e49a48,Brazil,242.31,False
aaf29f,United States,232.85,False
a11316,United States,40.86,False
a43ea6,United States,198.87,False
a63805,United States,220.76,False
a43ea2,United States,6.43,True
a25522,United States,27.9,False
71c597,Republic of Korea,248.99,False
71c596,Republic of Korea,200.64,False
a37517,United States,111.46,False
a8a0c1,United States,0.0,True
71c591,Republic of Korea,152.5,False
aced7a,United States,219.26,False
a12227,United States,43.66,False
aced7e,United States,54.07,False
801408,India,6.69,True
a8a0d9,United States,225.7,False
45cf24,Denmark,178.78,False
789205,China,210.41,False
71c588,Republic of Korea,211.73,False
789202,China,225.65,False
a05bde,United States,205.68,False
a38836,United States,8.23,True
a2551d,United States,247.45,False
71c582,Republic of Korea,232.02,False
71c580,Republic of Korea,216.95,False
ad61de,United States,199.14,False
71c581,Republic of Korea,217.8,False
ad8901,United States,169.44,False
789215,China,217.44,False
af04fc,United States,22.64,False
789219,China,220.13,False
789217,China,256.16,False
789218,China,272.18,False
a9e6df,United States,145.41,False
78921b,China,6.43,True
80142b,India,0.0,False
7cf992,Australia,74.21,False
a996e1,United States,83.98,False
ac692a,United States,173.99,False
78921c,China,169.94,False
ab3628,United States,143.82,False
801439,India,72.12,False
a3b0f3,United States,200.16,False
801444,India,235.19,True
801445,India,206.44,False
a8c6e1,United States,205.33,False
ab8fcb,United States,4.37,True
71c549,Republic of Korea,188.36,False
a8fc2e,United States,90.57,False
801455,India,262.0,False
71c546,Republic of Korea,82.58,False
a743ca,United States,25.14,False
a7ef4b,United States,228.76,False
a36218,United States,33.99,False
8622aa,Japan,40.04,False
ab2316,United States,222.68,False
ac694f,United States,314.19,False
407c8a,United Kingdom,232.08,False
801421,India,250.32,False
71c576,Republic of Korea,223.35,False
71c573,Republic of Korea,260.89,False
789254,China,262.16,False
801420,India,151.57,False
71c578,Republic of Korea,199.39,False
801424,India,145.4,False
80140e,India,238.29,False
acffb4,United States,233.61,False
acffb7,United States,275.87,False
51009c,Belarus,17.52,False
a2685b,United States,97.75,False
a2b83b,United States,274.35,False
80141e,India,220.74,False
ad8935,United States,224.54,False
80141c,India,177.22,False
801427,India,191.72,False
71c564,Republic of Korea,219.19,False
ad1fc8,United States,223.92,False
71c563,Republic of Korea,110.05,False
71c569,Republic of Korea,220.24,False
801434,India,6.43,True
acb938,United States,255.72,False
aaacc3,United States,178.62,False
a12241,United States,26.95,False
8622ae,Japan,186.43,False
789263,China,270.14,False
789260,China,257.63,False
80146f,India,263.49,False
aaad49,United States,0.0,True
a6bba3,United States,220.83,False
a8c840,United States,189.76,False
7c2d9b,Australia,29.48,False
ad0d35,United States,64.44,False
a66bd6,United States,92.76,False
801499,India,254.41,False
a75864,United States,40.21,False
801492,India,88.5,False
a3b268,United States,267.42,False
ab34f3,United States,241.0,False
a4d245,United States,52.99,False
7c81e0,Australia,141.45,False
a8c815,United States,60.54,False
a7dba2,United States,278.8,False
a43eea,United States,256.77,False
abcd45,United States,28.18,False
801461,India,259.2,False
ab34ea,United States,250.27,False
a12275,United States,26.24,False
80145d,India,204.35,False
80145f,India,266.24,False
a2ebbd,United States,7.72,True
aced21,United States,249.47,False
a30bce,United States,217.42,False
aced23,United States,102.48,False
ac67fc,United States,121.43,False
7c81d1,Australia,154.36,False
7c81d8,Australia,129.4,False
abba43,United States,253.15,False
780816,China,197.67,False
a027ca,United States,201.27,False
ac41ab,United States,194.27,False
a74505,United States,312.49,False
aa2969,United States,46.21,False
a55ed5,United States,244.56,False
a50549,United States,103.41,False
c05512,Canada,63.27,False
a54bab,United States,72.72,False
ad0d86,United States,6.17,True
a3d87d,United States,174.91,False
ac41ce,United States,237.66,False
a3627d,United States,197.6,False
abba55,United States,67.58,False
a55ef3,United States,270.72,False
abba5f,United States,53.61,False
a4d220,United States,252.1,False
407c02,United Kingdom,288.36,False
4cc4f1,Iceland,205.58,False
ac41f3,United States,298.07,False
a36279,United States,183.52,False
7cf7b9,Australia,0.51,False
ac4279,United States,127.47,False
aca594,United States,256.39,False
ae2bee,United States,52.64,False
a30d18,United States,1.8,True
440409,Austria,13.38,True
a04a49,United States,170.33,False
a134e0,United States,61.84,False
c040e8,Canada,166.49,False
a134d8,United States,139.14,False
a30d04,United States,241.11,False
a014c9,United States,212.08,False
06a1d0,Qatar,255.34,False
a16a02,United States,187.35,False
06a1e7,Qatar,259.31,False
a027fa,United States,91.51,False
a0ad1d,United States,279.8,False
a7456c,United States,240.19,False
a92eef,United States,125.16,False
a28a53,United States,227.13,False
a1cd4e,United States,212.87,False
a7dbaa,United States,0.45,True
4bb855,Turkey,237.43,False
4bb852,Turkey,212.45,False
ab34a6,United States,231.09,False
4bb84b,Turkey,132.88,False
4bb84c,Turkey,109.89,False
a2b7cd,United States,211.77,False
a387f0,United States,230.0,False
a1cd55,United States,267.07,False
7cf7bf,Australia,0.19,False
7cf7ba,Australia,0.51,False
a0ad6c,United States,213.12,False
a7dbcd,United States,98.72,False
407af4,United Kingdom,259.33,False
c053f6,Canada,261.56,False
aa6efa,United States,212.08,False
4bb87a,Turkey,227.12,False
aa01b3,United States,245.24,False
46a5e7,Greece,256.15,False
4cc52d,Iceland,76.8,False
acb82c,United States,103.41,False
789276,China,0.0,True
a6aa14,United States,88.72,False
a494eb,United States,242.29,False
aaabb7,United States,38.81,False
a8fd11,United States,75.76,False
aa5d60,United States,186.27,False
a744b3,United States,258.26,False
a2da59,United States,0.0,True
ac4210,United States,0.0,True
4cc547,Iceland,240.75,False
a494e9,United States,218.29,False
78927e,China,5.66,True
45ce4d,Denmark,231.88,False
4cc50e,Iceland,245.55,False
4cc50f,Iceland,194.97,False
4bb862,Turkey,235.91,False
a1cd90,United States,41.67,False
45ce57,Denmark,0.9,True
aca534,United States,79.84,False
789297,China,177.88,False
789298,China,0.9,True
c066f4,Canada,0.0,True
789292,China,142.12,False
789290,China,264.5,False
789295,China,8.75,True
789293,China,194.26,False
4bb86a,Turkey,138.85,False
7c2bf6,Australia,63.63,False
a2ed5a,United States,255.75,False
4bb876,Turkey,201.66,False
78928c,China,192.32,False
c053b4,Canada,3.86,True
a1ba59,United States,224.56,False
7c2bee,Australia,145.66,False
4bb86f,Turkey,234.41,False
7c2bea,Australia,160.1,False
a30d6b,United States,229.67,False
4cc586,Iceland,236.83,False
adc531,United States,272.18,False
aa5d23,United States,132.1,False
c82a8e,New Zealand,59.99,False
78929e,China,252.16,False
ac5569,United States,95.33,False
344645,Spain,218.71,False
abdeec,United States,221.47,False
a31fa0,United States,55.65,False
a2b911,United States,92.24,False
4cc576,Iceland,233.52,False
ad8895,United States,183.31,False
4cc578,Iceland,222.26,False
504e88,Republic of Moldova,198.85,False
a2da8f,United States,7.46,True
a4f7cb,United States,233.28,False
a05cc7,United States,1.29,True
4cc587,Iceland,240.49,False
acb878,United States,206.87,False
acb88c,United States,53.03,False
46b8b4,Greece,257.34,False
c079d5,Canada,143.99,False
a624ac,United States,267.62,False
4cc54b,Iceland,261.4,False
aef835,United States,85.91,False
acebbe,United States,70.21,False
a65a0b,United States,84.31,False
7807bb,China,5.14,True
ac425a,United States,212.51,False
a13668,United States,248.82,False
a0acbb,United States,240.09,False
a3761c,United States,275.54,False
a05cf3,United States,68.87,False
86cf91,Japan,286.88,False
af3b60,United States,75.63,False
a55fb9,United States,47.51,False
86cf7c,Japan,185.37,False
a29cbf,United States,214.42,False
06a10f,Qatar,246.03,False
86cf6f,Japan,190.79,False
e4a12b,Brazil,216.56,False
801531,India,256.4,False
06a122,Qatar,147.4,False
a8fd5a,United States,220.09,False
8850b8,Thailand,200.56,False
8850b6,Thailand,233.18,False
801503,India,189.97,False
7c2dc5,Australia,80.45,False
a51968,United States,220.59,False
a37616,United States,198.83,False
a4f947,United States,42.75,False
06a12f,Qatar,255.19,False
06a12d,Qatar,215.78,False
a3c649,United States,207.32,False
a55fe9,United States,212.08,False
a91d8e,United States,64.83,False
a8fd83,United States,57.69,False
a13650,United States,188.96,False
a2b98d,United States,34.99,False
a36344,United States,7.2,True
a611db,United States,6.43,True
a8fd3c,United States,277.46,False
a3899d,United States,237.43,False
a2b997,United States,67.32,False
06a159,Qatar,229.56,False
ac5723,United States,171.57,False
48c22f,Poland,240.77,False
a78d6b,United States,62.36,False
86cf2b,Japan,129.79,False
a53a98,United States,47.77,False
a24369,United States,0.39,True
a3897f,United States,236.54,False
a25695,United States,160.02,False
a23030,United States,222.45,False
a6bd78,United States,239.54,False
ab374c,United States,246.03,False
a3d90a,United States,0.0,True
a5f1ca,United States,9.26,True
801570,India,265.83,False
a13687,United States,225.4,False
a997e5,United States,199.97,False
801539,India,246.17,False
a0acdd,United States,0.0,True
a23000,United States,64.89,False
a2433a,United States,60.88,False
80153e,India,225.51,False
a1ccc5,United States,207.32,False
86cf4d,Japan,215.23,False
a1dfeb,United States,35.72,False
a31fda,United States,221.13,False
ab7ddb,United States,154.52,False
ad0daa,United States,5.4,True
801548,India,250.38,False
a1235b,United States,246.73,False
801552,India,205.07,False
a8b4c6,United States,184.16,False
a984bb,United States,48.79,False
a0acf8,United States,191.62,False
a55fa2,United States,196.22,False
a0acf9,United States,2.06,True
a05e02,United States,244.63,False
80158b,India,211.95,False
80158c,India,267.0,False
a73334,United States,46.2,False
a66ce0,United States,210.17,False
a028aa,United States,26.01,False
80159f,India,269.08,False
a2439c,United States,137.91,False
a66cf7,United States,0.0,True
ac8b2e,United States,265.03,False
aa4ac9,United States,58.21,False
a7a956,United States,5.4,True
ac8b32,United States,105.3,False
80156d,India,239.16,False
abbb2c,United States,259.76,False
ad0e61,United States,206.1,False
801584,India,2.06,True
a2a686,United States,210.19,False
ac9e77,United States,184.29,False
a4832e,United States,48.64,False
ac55f3,United States,236.74,False
a35036,United States,65.24,False
85186a,Japan,175.99,False
a3b398,United States,164.74,False
c03003,Canada,137.58,False
ab6b71,United States,36.41,False
80157c,India,251.25,False
a7598c,United States,206.03,False
c03001,Canada,215.82,False
a2ecf3,United States,146.55,False
a3500f,United States,81.88,False
801595,India,267.45,False
ac42bf,United States,291.41,False
a6cffc,United States,217.99,False
78091b,China,228.53,False
a66ca5,United States,192.88,False
a1ce16,United States,195.71,False
adb2a4,United States,84.37,False
7c2da9,Australia,27.85,False
a002a2,United States,160.43,False
ad0e97,United States,161.04,False
ac42df,United States,264.65,False
851820,Japan,27.16,False
851826,Japan,184.52,False
a148b9,United States,233.86,False
abbb92,United States,5.4,False
a5199a,United States,131.22,False
851848,Japan,109.29,False
a7a91f,United States,271.35,False
885107,Thailand,238.39,False
885106,Thailand,166.28,False
885103,Thailand,143.98,False
885102,Thailand,242.71,False
7892a5,China,261.86,False
7c2e48,Australia,191.61,False
7c1b0f,Australia,224.9,False
7892a9,China,154.27,False
0d03bf,Mexico,140.57,False
a002f1,United States,61.66,False
a638b0,United States,41.7,False
c819df,New Zealand,85.6,False
a2b8c5,United States,241.38,False
a9b007,United States,189.36,False
88510e,Thailand,225.37,False
88510d,Thailand,234.59,False
06a0c1,Qatar,228.99,False
adb35c,United States,211.37,False
7c1b00,Australia,73.37,False
a638d5,United States,37.57,False
885118,Thailand,4.12,False
4bb722,Turkey,241.06,False
ab35b6,United States,61.84,False
a1ce99,United States,250.39,False
342189,Spain,96.83,False
a9d646,United States,38.57,False
a3a086,United States,288.75,False
aaae1b,United States,243.07,False
a86674,United States,286.14,False
68000a,Bhutan,215.88,False
68000c,Bhutan,228.99,False
06a0de,Qatar,235.36,False
a41b0f,United States,26.03,False
7cf8eb,Australia,140.34,False
a362a9,United States,158.69,False
a42e48,United States,222.93,False
ab35d2,United States,257.54,False
a9e956,United States,100.88,False
7cf8f3,Australia,245.91,False
ac9e31,United States,36.93,False
a8a319,United States,211.02,False
a495b4,United States,213.96,False
ab35cb,United States,108.56,False
a29e5c,United States,192.78,False
abce38,United States,30.63,False
ad7631,United States,225.29,False
ad7634,United States,219.31,False
a77b35,United States,175.64,False
a53b69,United States,242.27,False
7c705f,Australia,49.62,False
8013fd,India,0.51,True
a01724,United States,196.99,False
71c753,Republic of Korea,14.92,True
a2db85,United States,33.82,False
a3fb6f,United States,235.2,False
a66e78,United States,66.55,False
a732ae,United States,58.9,False
a865c8,United States,0.0,True
aa02c3,United States,0.0,True
a8b5ad,United States,202.78,False
a9d5a2,United States,1.8,True
aa02ab,United States,4.63,True
88516c,Thailand,245.92,False
a66e7a,United States,245.69,False
aaf007,United States,9.77,True
8013e7,India,153.85,False
a9b088,United States,139.88,False
aa15cc,United States,203.59,False
7808a7,China,201.31,False
a865ca,United States,50.17,False
a7de53,United States,234.29,False
34210d,Spain,150.6,False
86cf16,Japan,13.38,True
a7cb0b,United States,206.24,False
71c713,Republic of Korea,239.19,False
71c714,Republic of Korea,195.64,False
71c719,Republic of Korea,243.31,False
ac3030,United States,281.7,False
71c718,Republic of Korea,157.96,False
a05dd8,United States,1.03,True
71c710,Republic of Korea,224.52,False
a37714,United States,51.51,False
0ac9f2,Colombia,231.24,False
71c708,Republic of Korea,4.12,False
ac5697,United States,72.29,False
8409da,Japan,141.32,False
885179,Thailand,259.75,False
885176,Thailand,238.04,False
a8a391,United States,0.0,True
aef953,United States,74.6,False
adc65e,United States,126.99,False
71c733,Republic of Korea,275.23,False
a9739c,United States,191.01,False
7808e7,China,192.41,False
a612a6,United States,96.33,False
a7de16,United States,278.2,False
a12403,United States,240.84,False
8409ed,Japan,112.19,False
704458,Myanmar,236.8,False
a9607d,United States,215.29,False
c067ae,Canada,0.0,True
3c4048,Germany,9.26,True
a5a8e2,United States,222.75,False
ad4f1c,United States,38.92,False
88044a,Thailand,231.73,False
a2e5ec,United States,0.0,True
7c6b2b,Australia,196.93,False
abd9d9,United States,140.64,False
ad19bc,United States,181.91,False
842194,Japan,148.14,False
880453,Thailand,242.19,False
a305fd,United States,104.42,False
e49405,Brazil,242.5,False
aa56d8,United States,210.94,False
a34e6a,United States,14.92,True
aa56d4,United States,262.22,False
4b1807,Switzerland,0.0,False
0d0c02,Mexico,69.77,False
7c6b1b,Australia,229.65,False
a1fb4b,United States,101.88,False
7c6b30,Australia,71.43,False
aaef60,United States,264.74,False
a282e5,United States,228.5,False
a798f5,United States,31.38,False
7c6b19,Australia,234.49,False
7c6b0f,Australia,95.92,False
7c6b0e,Australia,256.49,False
7c6b0c,Australia,211.09,False
ac96be,United States,204.6,False
a7e8bf,United States,218.47,False
aa69db,United States,126.47,False
a175fa,United States,213.63,False
aaa6dd,United States,1.29,True
7c6b09,Australia,203.94,False
0d0c26,Mexico,218.05,False
a1c5e0,United States,197.55,False
a5de65,United States,29.36,False
ac2f5a,United States,11.32,True
ab63d7,United States,244.73,False
7c6b18,Australia,220.69,False
a33b1e,United States,235.64,False
4952ad,Portugal,262.88,False
ac2f83,United States,283.36,False
a45b82,United States,264.86,False
aaef89,United States,66.89,False
ad4f72,United States,245.06,False
ad3c1f,United States,191.85,False
a9036a,United States,105.68,False
e49445,Brazil,201.88,False
a7b057,United States,192.13,False
e49446,Brazil,242.16,False
ae26ab,United States,60.19,False
3c6671,Germany,232.35,False
a2d2f2,United States,180.99,False
a34e9d,United States,224.73,False
ac1c76,United States,300.32,False
a1b2ee,United States,250.79,False
a798b9,United States,93.43,False
acd3b8,United States,55.6,False
ace6e2,United States,186.16,False
a34e97,United States,234.04,False
7c6b3d,Australia,214.85,False
a46e6a,United States,164.62,False
ae1458,United States,210.12,False
7c1089,Australia,71.87,False
ae2786,United States,56.07,False
3c65a2,Germany,319.0,False
ae277c,United States,47.04,False
c082f2,Canada,26.14,False
3c65ae,Germany,260.42,False
3c65ad,Germany,289.89,False
ab649a,United States,70.0,False
4b1883,Switzerland,259.58,False
4b1887,Switzerland,255.31,False
3c65c2,Germany,216.81,False
0d0af2,Mexico,233.29,False
0d0af1,Mexico,184.61,False
a05776,United States,1.8,True
861f44,Japan,186.98,False
4b1881,Switzerland,245.77,False
0d0af7,Mexico,173.48,False
ac1afa,United States,203.01,False
a8e2d6,United States,205.08,False
ad9136,United States,42.91,False
86d6ac,Japan,208.4,False
acd481,United States,286.51,False
aa8c99,United States,261.37,False
ae5ade,United States,21.1,False
a45b96,United States,202.14,False
aab9a3,United States,36.83,False
0d0afe,Mexico,201.64,False
a94b48,United States,294.96,False
86d6a7,Japan,49.94,False
3c65d7,Germany,216.49,False
86d6a4,Japan,202.44,False
aa30d3,United States,39.73,False
ae5ace,United States,49.93,False
3c65cb,Germany,206.54,False
a57b5a,United States,55.3,False
09c028,Burkina Faso,213.79,False
3c407e,Germany,1.29,True
a41410,United States,102.99,False
a94b0a,United States,227.24,False
7c6b07,Australia,253.2,False
0c4184,Dominican Republic,254.19,False
a94b0b,United States,182.44,False
a33aa7,United States,4.63,True
ac2f18,United States,217.62,False
861f00,Japan,0.0,True
c082a4,Canada,28.85,False
a83e49,United States,0.0,True
861f1a,Japan,165.37,False
a4ab89,United States,152.64,False
c02e91,Canada,238.85,False
c01b4f,Canada,230.56,False
0d0abd,Mexico,225.1,False
ac2f37,United States,202.68,False
a1c737,United States,44.29,False
a58de0,United States,261.51,False
758368,Philippines,225.75,False
c82458,New Zealand,94.86,False
7c7cce,Australia,146.26,False
a4bdd5,United States,15.44,False
427e46,United Kingdom,181.37,False
800daf,India,208.49,False
7c7cc6,Australia,59.43,False
758378,Philippines,48.24,False
7c7cc9,Australia,189.24,False
ab0dd7,United States,52.53,False
ad0725,United States,218.79,False
a95da3,United States,128.69,False
a0dae2,United States,217.33,False
a1512f,United States,186.44,False
75832f,Philippines,204.01,False
a2845b,United States,122.97,False
a65454,United States,0.0,True
a39100,United States,290.99,False
7c7ca6,Australia,93.61,False
a70aa1,United States,243.05,False
7c3635,Australia,61.95,False
86d5fa,Japan,3.34,True
ab6458,United States,90.02,False
861e78,Japan,180.96,False
a2718b,United States,57.35,False
ac1ab8,United States,75.3,False
c8247f,New Zealand,56.0,False
782040,China,128.39,False
ac2dea,United States,213.34,False
758306,Philippines,276.09,False
758305,Philippines,203.4,False
758304,Philippines,151.6,False
025414,Morocco,65.66,False
86d5e5,Japan,199.77,False
abfac6,United States,197.17,False
86d5d8,Japan,179.69,False
a33afa,United States,196.72,False
a4278e,United States,226.42,False
ac711b,United States,138.32,False
a3f436,United States,0.0,True
ace74e,United States,69.97,False
ad077b,United States,135.81,False
7c1013,Australia,39.35,False
a53436,United States,191.24,False
84cb5b,Japan,175.74,False
ac712d,United States,211.31,False
758307,Philippines,253.45,False
a0a6c5,United States,0.0,True
7c6a8d,Australia,251.7,False
408086,United Kingdom,222.46,False
a94acf,United States,58.21,False
a94ae3,United States,244.07,False
a9044e,United States,118.17,False
a94ae5,United States,178.33,False
abb2d5,United States,254.36,False
a7b133,United States,93.39,False
a6eadb,United States,36.33,False
3c5423,Germany,29.32,True
a76154,United States,212.6,False
c02cfc,Canada,251.93,False
a1c6a8,United States,262.99,False
3c5421,Germany,0.0,True
3c5434,Germany,207.95,False
c87f27,New Zealand,123.15,False
c87f23,New Zealand,61.66,False
3c5433,Germany,90.75,False
a8f75b,United States,143.2,False
3c5430,Germany,6.94,True
408053,United Kingdom,0.0,True
a7b13b,United States,213.62,False
408056,United Kingdom,189.55,False
a189e4,United States,68.03,False
3c542c,Germany,200.06,False
c87f37,New Zealand,76.33,False
0d0b92,Mexico,119.46,False
3c6702,Germany,269.34,False
3c6705,Germany,251.41,False
3c6703,Germany,249.51,False
a71ded,United States,238.53,False
ae5b6e,United States,115.56,False
a7d754,United States,217.34,False
a95dd3,United States,198.64,False
a1fc3b,United States,245.56,False
3c6717,Germany,327.22,False
3c6716,Germany,313.55,False
a82aa0,United States,4.63,True
7c492b,Australia,0.0,True
a163f2,United States,66.52,False
a0ef99,United States,48.79,False
a70ac2,United States,42.75,False
7c4947,Australia,78.09,False
a34f40,United States,166.11,False
a163c2,United States,63.28,False
a426a5,United States,90.92,False
3c670e,Germany,11.83,True
3c670c,Germany,242.54,False
a6eacf,United States,186.17,False
ac9709,United States,212.97,False
aa9de7,United States,204.28,False
40808c,United Kingdom,271.11,False
a5216c,United States,54.66,False
aa4440,United States,67.45,False
408096,United Kingdom,193.08,False
7c4927,Australia,249.61,False
3c671a,Germany,270.17,False
a70ae7,United States,53.89,False
868710,Japan,100.67,False
a7d6a8,United States,155.69,False
aa7a1f,United States,272.29,False
c02ebd,Canada,249.33,False
abc7c6,United States,174.42,False
c02eca,Canada,1.29,True
ace7aa,United States,229.72,False
ac1d1e,United States,122.55,False
c02ed9,Canada,276.35,False
c02ec1,Canada,0.0,True
408239,United Kingdom,113.13,False
a5cc35,United States,249.39,False
a283ed,United States,176.56,False
7c6c53,Australia,6.69,True
7c6c52,Australia,238.51,False
ad07bf,United States,203.61,False
c0850c,Canada,159.34,False
a1a0c4,United States,242.31,False
a46f75,United States,155.53,False
aaa7ef,United States,19.03,True
ac0a22,United States,209.92,False
a4bf95,United States,276.88,False
abea11,United States,237.19,False
7c6c2b,Australia,57.11,False
ab9a32,United States,201.15,False
40820e,United Kingdom,60.97,False
abc7e9,United States,239.23,False
c0853f,Canada,5.66,True
a83f56,United States,116.77,False
ae14a1,United States,52.4,False
abfd39,United States,267.76,False
c08537,Canada,246.56,False
408213,United Kingdom,226.32,False
c08536,Canada,0.26,True
7c7f4d,Australia,60.27,False
a2d3b3,United States,189.42,False
0d0b04,Mexico,240.1,False
408210,United Kingdom,237.41,False
ab64ee,United States,258.35,False
c821c1,New Zealand,226.0,False
a679bd,United States,75.88,False
a390ed,United States,245.13,False
a4ac03,United States,126.97,False
ae14aa,United States,58.65,False
a0a80e,United States,0.0,True
ae4a18,United States,110.6,False
aba1a0,United States,216.42,False
ab9a4e,United States,56.0,False
acd4b6,United States,58.85,False
a4bf41,United States,0.0,True
7c6c97,Australia,71.73,False
ae14b4,United States,87.48,False
acd4c0,United States,53.29,False
ad3d4e,United States,81.44,False
a9f11e,United States,187.21,False
a05827,United States,184.8,False
abb4ea,United States,284.22,False
aaca75,United States,226.92,False
c821f8,New Zealand,103.68,False
3c6563,Germany,190.49,False
7c7f8e,Australia,42.19,False
acd4d7,United States,252.75,False
ae14bb,United States,74.12,False
7c7f8c,Australia,51.53,False
ae4a26,United States,54.01,False
40823d,United Kingdom,86.27,False
acc23f,United States,198.87,False
abb595,United States,170.39,False
e491d9,Brazil,215.45,False
78206a,China,234.27,False
846a34,Japan,189.13,False
a1b519,United States,196.22,False
a7b0c4,United States,246.09,False
abb592,United States,80.47,False
a0454a,United States,163.29,False
a21ba7,United States,50.2,False
3c64a2,Germany,271.36,False
a22ed0,United States,126.27,False
a82c9c,United States,295.66,False
a3f500,United States,187.49,False
a17847,United States,0.0,True
3c64a6,Germany,269.56,False
3c64a5,Germany,210.16,False
aa7a83,United States,248.89,False
ade252,United States,248.68,False
a2e806,United States,195.05,False
0a0044,Algeria,207.07,False
e491c3,Brazil,200.4,False
a2c0ff,United States,227.05,False
a10eba,United States,29.33,False
acc262,United States,193.96,False
846a5b,Japan,104.65,False
ae024f,United States,123.79,False
a95f67,United States,48.05,False
a45ba2,United States,238.9,False
aa7a61,United States,287.87,False
a6ec56,United States,206.55,False
a5cc4c,United States,185.82,False
7c6c24,Australia,126.19,False
a653f7,United States,36.41,False
a83f63,United States,6.43,True
a9af3e,United States,218.65,False
a6ff72,United States,309.52,False
a8e3b3,United States,242.04,False
a1b535,United States,238.64,False
a1c868,United States,153.95,False
ad07a6,United States,148.78,False
e491f1,Brazil,268.77,False
c82315,New Zealand,138.98,False
a880b0,United States,233.78,False
aa7a3c,United States,20.06,True
a1fbb2,United States,267.49,False
abc7a3,United States,232.31,False
a9af29,United States,161.08,False
7c7f0e,Australia,75.15,False
0a0084,Algeria,209.75,False
a5cc7d,United States,38.21,False
4a08a5,Romania,236.68,True
a2d56d,United States,221.54,False
c82336,New Zealand,156.6,False
ad4eb5,United States,68.58,False
ac9850,United States,44.24,True
ab6542,United States,214.45,False
a69bc5,United States,179.63,False
a45bd7,United States,0.0,True
ab6552,United States,237.17,False
a5dee3,United States,126.5,False
a21bea,United States,137.39,False
a69bcd,United States,247.83,False
a4abde,United States,54.07,False
a5489b,United States,36.25,False
a46ef8,United States,0.0,True
a69bd9,United States,0.0,True
aaa86c,United States,0.0,True
a70bd1,United States,287.07,False
a2c224,United States,223.08,False
a1fbd9,United States,183.84,False
c01c28,Canada,155.86,False
ad4eba,United States,7.72,True
a1b573,United States,267.76,False
abb52c,United States,197.57,False
0d0a77,Mexico,123.32,False
aa9eb3,United States,132.14,False
a65509,United States,63.04,False
769105,Singapore,255.02,False
abfbaf,United States,58.08,False
aa4509,United States,64.85,False
a39289,United States,191.14,False
ace860,United States,72.99,False
e491a2,Brazil,207.02,False
ac8577,United States,134.78,False
a057cc,United States,226.77,False
861f88,Japan,213.83,False
c8236e,New Zealand,6.43,True
a4158a,United States,5.4,True
7c6ae3,Australia,102.56,False
a6b833,United States,59.66,False
a27299,United States,47.66,False
ac7256,United States,196.16,False
aa580e,United States,234.21,False
0d0a8d,Mexico,233.22,False
4080c0,United Kingdom,265.6,False
ade203,United States,35.66,False
0d0a9a,Mexico,221.42,False
a64208,United States,83.4,False
861ed6,Japan,185.29,False
4b15d6,Switzerland,231.93,False
ac70da,United States,242.39,False
861ebc,Japan,257.48,False
a0dd44,United States,0.0,True
a6428e,United States,54.35,False
a1fd03,United States,2.06,True
a8d231,United States,224.04,False
a057eb,United States,134.26,False
7c6b96,Australia,113.58,False
861ede,Japan,4.37,True
40815b,United Kingdom,221.42,False
40815c,United Kingdom,121.46,False
e49234,Brazil,202.71,False
c08441,Canada,30.0,False
a9aebe,United States,266.66,False
a9aebc,United States,224.3,False
a1a1b6,United States,214.88,False
a33d62,United States,209.81,False
7c2419,Australia,42.63,False
ae5c9a,United States,89.14,False
a82bbd,United States,63.17,False
a71efa,United States,73.06,False
a89545,United States,126.01,False
a65598,United States,202.92,False
a1ea0d,United States,75.74,False
0d0a08,Mexico,155.07,False
a76235,United States,182.66,False
e49294,Brazil,204.86,False
a271b0,United States,218.53,False
738c0a,Israel,0.0,True
a5cbf3,United States,200.15,False
861eb4,Japan,191.54,False
e4925f,Brazil,126.23,False
ab6519,United States,133.07,False
abc80c,United States,221.6,False
0d0a21,Mexico,242.1,False
a1c7e8,United States,47.82,False
e49270,Brazil,240.19,False
a1b4b2,United States,274.84,False
aa3226,United States,185.72,False
aaeec5,United States,1.29,True
ac2d09,United States,10.8,True
a2f6cb,United States,134.37,False
a6d9c3,United States,201.08,False
0d0e2b,Mexico,0.0,True
aaed17,United States,256.7,False
acd296,United States,215.12,False
a58c29,United States,142.31,False
a2f6ba,United States,224.03,False
0d0e3a,Mexico,208.29,False
a449f1,United States,26.75,True
a280a4,United States,139.38,False
aaed0c,United States,236.71,False
a0b6f5,United States,75.71,False
a2f6c4,United States,54.97,False
a0b6ea,United States,150.77,False
a5a6c1,United States,180.51,False
ad4d12,United States,10.29,True
7583e7,Philippines,131.11,False
0d0e4b,Mexico,226.41,False
7820c4,China,186.06,False
a58c2e,United States,179.06,False
7c6d69,Australia,66.31,False
abd7b4,United States,290.19,False
a449cb,United States,278.34,False
7c6d52,Australia,39.37,False
0d0e5b,Mexico,233.05,False
ac2d40,United States,58.71,False
86d996,Japan,2.31,True
c080dd,Canada,4.37,True
c080db,Canada,65.89,False
7820e8,China,139.07,False
abd7d1,United States,193.54,False
a6b48f,United States,155.62,False
a410b3,United States,201.83,False
7c6d9e,Australia,229.59,False
0d0e01,Mexico,211.39,False
87c003,Japan,236.33,False
ab0d76,United States,230.25,False
86d96c,Japan,235.3,False
151dcf,Russian Federation,243.87,False
7c6d8e,Australia,207.78,False
7c6d8d,Australia,104.19,False
0d0e11,Mexico,210.98,False
0d0e12,Mexico,225.67,False
0d0e15,Mexico,248.86,False
abc4be,United States,0.0,True
7c6d8f,Australia,217.22,False
151dfb,Russian Federation,219.96,False
a1b0c6,United States,89.08,False
aaa4dc,United States,251.98,False
7c6d7c,Australia,0.0,True
ac1a44,United States,193.33,False
7c6d7b,Australia,224.49,False
a34c57,United States,210.98,False
7c6d7f,Australia,0.13,True
7c6d7e,Australia,76.89,False
ac1a2c,United States,199.4,False
7c6d92,Australia,3.86,True
7c6d91,Australia,245.21,False
a4cf1c,United States,117.48,False
abc4d8,United States,219.45,False
7c6d98,Australia,124.22,False
758526,Philippines,3.86,True
a11eb7,United States,170.94,False
adaee8,United States,75.2,False
ad4bcb,United States,213.24,False
a0b823,United States,283.02,False
a0b821,United States,224.77,False
c820f4,New Zealand,197.04,False
a9bf60,United States,3.6,True
e490c3,Brazil,232.14,False
aaa593,United States,275.04,False
a72f91,United States,187.17,False
abb245,United States,217.7,False
78219f,China,272.34,False
78219a,China,116.01,False
ace549,United States,36.76,False
c080a6,Canada,218.59,False
aaa58b,United States,250.43,False
c080a2,Canada,277.05,False
c080a3,Canada,222.38,False
ad0562,United States,0.0,True
a9bf4b,United States,184.81,False
ac2bfd,United States,110.62,False
ae1239,United States,231.2,False
a6b3ec,United States,45.13,False
a890c1,United States,135.88,False
ad4bec,United States,23.94,False
a0b801,United States,276.6,False
adaeed,United States,134.28,False
846b6c,Japan,0.0,True
c080d9,Canada,249.26,False
a0b803,United States,188.93,False
a95c38,United States,238.55,False
c080aa,Canada,218.57,False
ab627c,United States,292.62,False
a783ee,United States,37.83,False
a3183d,United States,7.46,True
7c37dc,Australia,27.27,True
ab628c,United States,239.37,False
7c6d2a,Australia,223.35,False
a939e8,United States,163.55,False
a0422d,United States,34.47,False
a35ec2,United States,174.83,False
a0b86c,United States,273.22,False
0d0cda,Mexico,255.26,False
aa67fd,United States,108.55,False
a10bbc,United States,289.58,False
7c6d30,Australia,212.9,False
7c6d38,Australia,218.02,False
7c6d33,Australia,146.3,False
aa8a23,United States,4.12,True
a35eb0,United States,200.87,False
aa54d0,United States,71.31,False
a4bc76,United States,262.58,False
0d0cec,Mexico,249.56,False
a0b844,United States,246.49,False
aa9d45,United States,221.06,False
7c37bc,Australia,74.27,False
a0b841,United States,184.49,False
a0b840,United States,258.0,False
a0b848,United States,198.3,False
a806d8,United States,236.69,False
aa8a07,United States,125.01,False
a0a522,United States,290.28,False
151e8d,Russian Federation,220.38,False
ae10ec,United States,92.96,False
adf0f1,United States,171.5,False
7c6be5,Australia,156.55,False
a53207,United States,288.85,False
a35efa,United States,191.7,False
a31890,United States,182.67,False
c08195,Canada,52.16,False
a1d890,United States,263.52,False
7c388b,Australia,35.63,False
4006c3,United Kingdom,231.22,False
a29551,United States,231.89,False
758584,Philippines,220.25,False
485785,Kingdom of the Netherlands,257.18,False
7c7eee,Australia,55.0,False
ab8862,United States,251.27,False
c8221a,New Zealand,199.09,False
7c6bbf,Australia,149.32,False
a59ef7,United States,188.41,False
a23edc,United States,30.88,False
ac3eba,United States,212.29,False
a0b88f,United States,260.83,False
a0b88c,United States,230.21,False
7c6bb9,Australia,8.75,True
a1889a,United States,49.65,False
7c7ee1,Australia,90.58,False
a29548,United States,52.79,False
75857e,Philippines,238.04,False
a0b88b,United States,210.32,False
a0b88a,United States,216.85,False
782272,China,4.12,False
a6652b,United States,6.17,False
758560,Philippines,122.87,False
afa800,United States,49.39,False
ac2ba0,United States,128.41,False
acf849,United States,225.64,False
151e65,Russian Federation,195.33,False
a2e57e,United States,0.0,True
ab6229,United States,193.27,False
a83c7b,United States,6.17,True
a1629d,United States,233.91,False
c82268,New Zealand,223.15,False
a67811,United States,248.55,False
abb205,United States,13.38,True
ad1857,United States,193.97,False
ac9535,United States,92.09,False
ac2bb7,United States,189.55,False
ac2bb6,United States,237.25,False
ac3ee9,United States,210.98,False
ac952b,United States,258.77,False
aaa555,United States,221.79,False
ad185f,United States,138.73,False
ad185a,United States,186.75,False
78228a,China,240.84,False
ac8217,United States,245.76,False
a0428a,United States,122.01,False
ac2bc6,United States,226.17,False
a2d234,United States,0.0,True
c0817c,Canada,197.16,False
758539,Philippines,244.4,False
aa40f5,United States,53.87,False
a9ac2a,United States,47.24,False
758538,Philippines,170.5,False
7c6bf2,Australia,104.9,False
ab6247,United States,192.59,False
4246a3,United Kingdom,235.84,False
abb222,United States,193.63,False
75853a,Philippines,139.23,False
4b5d03,Switzerland,1.03,False
a0b7b8,United States,206.11,False
a0b7b7,United States,289.59,False
a0b7b6,United States,199.7,False
a6657e,United States,0.0,True
a53287,United States,218.96,False
abc3c6,United States,255.0,False
ac2c79,United States,175.87,False
3c6518,Germany,241.41,False
ac3f9c,United States,219.3,False
a187ba,United States,226.25,False
4b5d62,Switzerland,2.57,True
86d974,Japan,280.45,False
151dc6,Russian Federation,270.47,False
7c6c9a,Australia,223.67,False
a3059c,United States,28.48,False
86d94a,Japan,88.19,False
abc3ec,United States,8.23,True
151dac,Russian Federation,252.23,False
a7e890,United States,31.49,False
a2e58b,United States,60.39,False
0d0d52,Mexico,101.24,False
ac2c9c,United States,162.41,False
ae6c5d,United States,47.18,False
a5a878,United States,236.65,False
a0b7dc,United States,231.96,False
ae6c64,United States,51.59,False
782206,China,184.69,False
a7851c,United States,219.16,False
782204,China,0.0,True
a4bbde,United States,286.48,False
861fa4,Japan,212.16,False
a0b7fa,United States,267.01,False
adf0a3,United States,144.32,False
a34d0d,United States,54.02,False
42476c,United Kingdom,302.19,False
a317ba,United States,206.85,False
a067f6,United States,260.8,False
a7987c,United States,67.6,False
aa9bb8,United States,296.02,False
0d0d75,Mexico,227.67,False
a0b7d9,United States,6.94,True
a79898,United States,270.55,False
a7986f,United States,75.12,False
a6fbb5,United States,39.07,False
acd0ca,United States,191.26,False
aa4200,United States,249.2,False
a08a1a,United States,132.83,False
a78557,United States,221.27,False
a0ed34,United States,110.1,False
acd0cf,United States,205.08,False
86d90e,Japan,240.88,False
a797b4,United States,211.45,False
ad18b0,United States,212.95,False
a08a85,United States,267.62,False
a6c7b2,United States,218.71,False
4b5c97,Switzerland,1.54,False
aaa5b8,United States,170.75,False
aaee3b,United States,199.77,False
abd8cc,United States,40.29,False
0d0d38,Mexico,154.95,False
a34d52,United States,227.69,False
a0b7fb,United States,213.34,False
a46d26,United States,293.4,False
aaa5d4,United States,165.52,False
a664c9,United States,59.15,False
a34d2f,United States,219.64,False
ab62ad,United States,187.42,False
408041,United Kingdom,223.95,False
a11fa1,United States,192.39,False
a11fa3,United States,226.57,False
a34d98,United States,0.0,True
7584f1,Philippines,168.13,False
a2d1bc,United States,191.73,False
a33a55,United States,58.28,False
a2d1ad,United States,37.28,False
aaa5ff,United States,173.76,False
408016,United Kingdom,180.18,False
a1b1bc,United States,215.11,False
a18903,United States,36.96,False
a4bd24,United States,7.2,True
a8e247,United States,237.23,False
4a4eae,Romania,211.5,False
a46d4a,United States,205.09,False
ace5bc,United States,84.16,False
ae2669,United States,62.38,False
a23fb2,United States,88.7,False
a05646,United States,228.63,False
75862c,Philippines,234.86,False
a82a44,United States,245.74,False
a771cd,United States,147.89,False
86d9f4,Japan,9.44,False
a09cad,United States,198.4,False
ab5056,United States,241.64,False
a5ca4b,United States,197.4,False
ae2652,United States,124.88,False
c01a52,Canada,220.78,False
abc693,United States,166.43,False
a771d3,United States,4.63,True
ab6394,United States,190.63,False
440d70,Austria,229.53,False
758649,Philippines,68.88,False
a70a86,United States,0.77,True
a95d42,United States,96.76,False
a891e5,United States,2.57,True
75860f,Philippines,180.84,False
a05628,United States,257.41,False
acc02b,United States,206.7,False
ae6cef,United States,29.33,False
aa8b76,United States,66.38,False
ae6cee,United States,11.36,False
adf337,United States,56.82,False
c01a5a,Canada,275.91,False
a11fc1,United States,264.12,False
a11fc7,United States,269.93,False
ae2675,United States,34.47,False
c01a72,Canada,231.68,False
a6b4ac,United States,208.6,False
a797ea,United States,177.5,False
ae269e,United States,43.41,False
ae269f,United States,40.8,False
0d0bbe,Mexico,250.59,False
49526d,Portugal,2.06,True
aa8b40,United States,200.46,False
a03038,United States,73.2,False
495277,Portugal,249.25,False
7c38e5,Australia,46.78,False
a6ea1f,United States,63.47,False
86d9d2,Japan,319.21,False
ab0e21,United States,53.04,False
495267,Portugal,194.82,False
a35fc2,United States,240.97,False
aa9e4a,United States,195.63,False
a784d5,United States,134.67,False
a651e1,United States,130.51,False
a69a4b,United States,36.45,False
a0433b,United States,156.13,False
a39017,United States,73.27,True
a5330d,United States,70.07,False
a1769c,United States,51.66,False
ad1927,United States,183.41,False
7105b0,Saudi Arabia,282.14,False
a3900e,United States,63.11,False
4007ee,United Kingdom,274.98,False
151d88,Russian Federation,233.95,False
aa9ca8,United States,181.06,False
782361,China,217.44,False
782367,China,233.9,False
7cbcd5,Australia,46.52,False
4007f5,United Kingdom,155.88,False
a03070,United States,182.39,False
4007f3,United Kingdom,247.41,False
a29680,United States,188.05,False
a1d99b,United States,209.52,False
a42650,United States,79.88,False
a46cc1,United States,4.37,True
a96fb1,United States,172.34,False
ac3fc5,United States,239.71,False
151d78,Russian Federation,242.72,False
4247e0,United Kingdom,231.11,False
a4bcc9,United States,249.38,False
a2834c,United States,62.66,False
aaffd5,United States,57.73,False
a47fde,United States,250.92,False
781049,China,95.82,False
78103a,China,211.29,False
a2e646,United States,188.16,False
78103c,China,269.73,False
78103d,China,232.85,False
0d0ba1,Mexico,126.79,False
0d0ba3,Mexico,200.1,False
151d9a,Russian Federation,228.56,False
a7e92c,United States,71.69,False
7105ad,Saudi Arabia,263.09,False
782388,China,220.91,False
a2f95c,United States,194.04,False
484561,Kingdom of the Netherlands,258.25,False
ab764a,United States,61.53,False
151d91,Russian Federation,190.29,False
a28336,United States,6.69,True
a30657,United States,150.23,False
aaffed,United States,119.51,False
ab1ffe,United States,13.38,True
7105bb,Saudi Arabia,252.13,False
ab6339,United States,249.41,False
abc649,United States,75.17,False
ad5fe7,United States,165.86,False
a39052,United States,179.19,False
abd971,United States,0.0,True
78105a,China,227.03,False
aaa668,United States,145.71,False
ac2cca,United States,239.32,False
ac2ccd,United States,47.85,False
abb325,United States,156.39,False
adafb5,United States,248.48,False
ab766a,United States,233.67,False
a4cfb7,United States,230.42,False
ab7686,United States,42.88,False
a3afe1,United States,57.62,False
151d4a,Russian Federation,252.97,False
a4000f,United States,160.01,False
75864c,Philippines,41.83,False
a42680,United States,0.0,True
781096,China,217.04,False
ad9003,United States,202.64,False
acd329,United States,49.48,False
ab635d,United States,261.59,False
ad5fea,United States,256.56,False
a3901d,United States,219.5,False
884e70,Thailand,89.72,False
aaa68a,United States,4.63,True
ae6d51,United States,28.92,False
abb1c2,United States,254.66,False
a34e01,United States,62.5,False
c8215f,New Zealand,213.14,False
a7d673,United States,209.62,False
440bca,Austria,215.14,False
440bcb,Austria,192.1,False
a3e07a,United States,280.79,False
a10e46,United States,225.32,False
a2c087,United States,217.93,False
7585d9,Philippines,62.5,False
ac81d3,United States,248.52,False
ae6d46,United States,54.08,False
a7d665,United States,75.63,False
ae6d43,United States,55.07,False
4b5c47,Switzerland,5.14,True
a9034c,United States,242.78,False
7585a0,Philippines,57.51,False
a76066,United States,178.67,False
aa568f,United States,213.12,False
aa568e,United States,104.95,False
ac1a72,United States,207.88,False
a10e29,United States,205.91,False
a90351,United States,3.34,True
aa5690,United States,265.6,False
782307,China,221.75,False
0d0c9b,Mexico,182.79,False
7585b4,Philippines,225.83,False
76e314,Singapore,233.44,False
a09e47,United States,182.85,False
a2e5b4,United States,0.0,True
a042cd,United States,83.65,False
afca22,United States,16.88,False
a0b8fb,United States,0.0,True
ac1a95,United States,85.4,False
a318ea,United States,6.94,True
a042db,United States,0.0,True
a5468e,United States,186.74,False
a5dcde,United States,138.45,False
a438c3,United States,67.46,False
7c7fdc,Australia,30.19,False
ab891a,United States,190.7,False
aab922,United States,192.34,False
a6a347,United States,134.06,False
781003,China,22.62,False
781001,China,190.45,False
7c6ca2,Australia,0.64,True
a305a0,United States,51.57,False
781008,China,2.3,False
a6a33f,United States,286.12,False
440bc3,Austria,225.56,False
aa6989,United States,79.76,False
acf906,United States,222.93,False
440bc4,Austria,224.82,False
abfa8e,United States,290.77,False
aa5657,United States,143.33,False
4ca9cb,Ireland,240.46,False
a438b0,United States,207.43,False
ad3a7f,United States,238.56,False
4b5c73,Switzerland,5.14,True
ae11df,United States,240.76,False
a042bd,United States,40.39,False
a6c991,United States,50.66,False
abd90c,United States,223.21,False
78100b,China,268.82,False
a21b14,United States,59.52,False
a042d5,United States,135.9,False
abfa9a,United States,242.23,False
a70f80,United States,214.85,False
ae17cb,United States,45.56,False
a70f88,United States,197.25,False
a6a6f6,United States,230.2,False
c800d8,New Zealand,37.64,False
123456,Russian Federation,33.21,False
4841c4,Kingdom of the Netherlands,181.44,False
846d0c,Japan,87.33,False
a4f0b2,United States,29.97,False
abda30,United States,116.49,False
e4988c,Brazil,225.75,False
e49890,Brazil,200.79,False
7822f5,China,208.46,False
7c00d0,Australia,68.91,False
ac74e4,United States,5.92,True
ac74e3,United States,45.88,False
a44c70,United States,229.08,False
aa34e8,United States,38.22,False
a883bd,United States,68.03,False
c00bf1,Canada,175.43,False
a6a6fe,United States,0.0,True
a380bd,United States,41.56,False
a68c82,United States,197.02,False
aacd89,United States,38.59,False
a7b3c2,United States,254.27,False
ac61bc,United States,210.35,False
a45f8e,United States,225.54,False
7c6f8d,Australia,51.12,False
a69f9d,United States,201.67,False
c00bf7,Canada,138.12,False
abda54,United States,133.24,False
a0480b,United States,76.83,False
7c6f93,Australia,81.88,False
84bd16,Japan,207.21,False
a776b2,United States,242.34,False
a82f27,United States,72.99,False
ac61db,United States,4.37,True
400683,United Kingdom,283.85,False
a68c15,United States,54.14,False
a69f49,United States,253.33,False
c01ec6,Canada,176.51,False
ab6909,United States,200.56,False
a5cf3f,United States,122.7,False
ad1a4e,United States,89.35,False
c07506,Canada,56.39,False
a6a6ba,United States,76.14,False
c08861,Canada,245.69,False
acb1e5,United States,253.86,False
c8281c,New Zealand,143.82,False
c82827,New Zealand,49.18,False
c08857,Canada,218.35,False
c08852,Canada,214.01,False
a28812,United States,44.67,False
a9e167,United States,251.43,False
c08859,Canada,190.0,False
acb285,United States,213.13,False
7c39f1,Australia,144.63,False
7c39f3,Australia,124.3,False
a07bef,United States,244.35,False
70c149,Oman,76.24,False
07a201,Swaziland,251.8,False
a3e525,United States,206.1,False
a07bfa,United States,56.08,False
aa4932,United States,237.88,False
acc59d,United States,203.59,False
a33ed6,United States,193.53,False
0b430c,Guatemala,88.57,False
a1a51a,United States,51.29,False
a08efd,United States,235.87,False
7c39b5,Australia,246.2,False
a64529,United States,88.54,False
a03574,United States,213.03,False
a33eb6,United States,77.76,False
a33eb5,United States,264.8,False
a8c0d2,United States,185.17,False
758724,Philippines,65.47,False
a32bf3,United States,103.02,False
c060bc,Canada,133.56,False
c060bf,Canada,223.92,False
70c10d,Oman,226.62,False
a81c78,United States,134.83,False
e4851a,Brazil,138.62,False
a1427f,United States,196.14,False
a32bcb,United States,235.25,False
4baac4,Turkey,213.97,False
aa21ef,United States,235.39,False
c060c7,Canada,224.82,False
c073f0,Canada,55.15,False
a38223,United States,233.84,False
a44bb3,United States,55.59,False
7c39fc,Australia,141.62,False
aa6a76,United States,302.27,False
a8e6e2,United States,91.88,False
a21efb,United States,0.0,True
7c39f9,Australia,124.15,False
7c39f5,Australia,134.77,False
7c39f7,Australia,148.82,False
c81594,New Zealand,31.28,False
a20bf5,United States,43.03,False
a3820b,United States,108.21,False
a64578,United States,271.13,False
ac0bc4,United States,207.48,False
a75238,United States,220.86,False
ae1846,United States,56.16,False
7c1476,Australia,222.67,False
7c1470,Australia,217.74,False
7c1479,Australia,192.85,False
7c146d,Australia,4.37,True
7c013c,Australia,57.09,False
7c146a,Australia,259.37,False
ac0bde,United States,188.65,False
78115b,China,4.12,False
aa7bd6,United States,203.52,False
a7fbbb,United States,208.44,False
ac6243,United States,210.9,False
7c1468,Australia,169.4,False
c060b5,Canada,195.57,False
a81bcc,United States,196.22,False
abebbe,United States,0.0,True
a4189f,United States,2.83,True
ad953c,United States,195.74,False
a8986e,United States,63.77,False
a7c877,United States,113.16,False
7c6dea,Australia,0.0,True
abebe0,United States,6.69,True
a8986c,United States,183.32,False
a2759b,United States,49.26,False
a6a88c,United States,200.64,False
ac0bfb,United States,223.86,False
a7650b,United States,134.9,False
acd88e,United States,220.8,False
ac6266,United States,259.39,False
ade548,United States,3.6,True
ade541,United States,51.24,False
aa7ba5,United States,67.16,False
a3e55a,United States,53.47,False
a6452a,United States,113.51,False
a6a839,United States,38.2,False
c01f1e,Canada,203.22,False
ac6289,United States,195.03,False
75876b,Philippines,163.4,False
ae4bef,United States,67.31,False
a5123c,United States,146.5,False
a4f22e,United States,83.76,False
a06a09,United States,0.0,True
758792,Philippines,161.54,False
a047db,United States,10.29,True
a3828a,United States,1.03,True
84cefa,Japan,132.57,False
c06189,Canada,214.65,False
7c6da0,Australia,250.6,False
c06183,Canada,274.61,False
880858,Thailand,206.75,False
880856,Thailand,230.72,False
abec9b,United States,10.8,True
880850,Thailand,204.55,False
c0617c,Canada,225.03,False
c0617a,Canada,253.23,False
a06a5a,United States,199.12,False
acb0d7,United States,82.44,False
c06179,Canada,0.0,True
a99293,United States,210.06,False
c06173,Canada,255.66,False
a99290,United States,253.27,False
c06175,Canada,263.96,False
c06171,Canada,228.6,False
880844,Thailand,231.72,False
a417c9,United States,193.65,False
ab681a,United States,35.93,False
c0616c,Canada,204.74,False
a657b9,United States,144.3,False
a68d02,United States,196.02,False
c0616e,Canada,234.05,False
880841,Thailand,155.33,False
c827ee,New Zealand,264.45,False
86789e,Japan,260.58,False
a657bf,United States,74.77,False
a19d59,United States,214.92,False
a3f7f6,United States,57.16,False
7609f6,Pakistan,219.51,False
a20d36,United States,67.98,False
c01f0d,Canada,105.65,False
a7a28d,United States,169.99,False
c06197,Canada,254.7,False
76d107,Singapore,231.76,False
a5bd0b,United States,212.35,False
ab6851,United States,256.94,False
a06a54,United States,221.16,False
c0618c,Canada,171.74,False
7c6de6,Australia,0.0,True
7c6de4,Australia,4.37,True
7c6ddf,Australia,236.94,False
781112,China,257.78,False
a44d62,United States,289.33,False
7c6dd5,Australia,201.06,False
a6dbf3,United States,201.64,False
781118,China,194.13,False
78110e,China,245.02,False
846bd8,Japan,264.51,False
a7a25f,United States,222.5,False
c814fe,New Zealand,54.09,False
a31a34,United States,278.64,False
ab686f,United States,228.86,False
a3f7b8,United States,220.13,False
7c6dbb,Australia,212.74,False
7c6dba,Australia,141.51,False
a537b2,United States,244.4,False
84ceef,Japan,66.43,False
7c6db5,Australia,170.97,False
a75283,United States,7.46,True
7c6db2,Australia,9.26,True
7c6db1,Australia,236.31,False
7c6db0,Australia,103.18,False
ac6204,United States,133.68,False
a7a257,United States,164.64,False
ac1ee1,United States,201.61,False
c0614d,Canada,215.08,False
7c6db9,Australia,247.57,False
ad3ec4,United States,47.87,False
acd838,United States,206.62,False
aa7e9b,United States,223.93,False
4baa43,Turkey,232.92,False
a28928,United States,83.34,False
abdb35,United States,164.31,False
4baa48,Turkey,236.82,False
ade5b8,United States,0.0,False
4baa56,Turkey,241.49,False
a2fa6a,United States,115.25,False
a8e7df,United States,52.79,False
c05007,Canada,171.63,False
a21fa1,United States,180.09,False
ac62cc,United States,223.91,False
a2fa71,United States,218.3,False
4baa4d,Turkey,237.96,False
4baa4b,Turkey,238.62,False
4baa4c,Turkey,230.37,False
aa7e99,United States,250.1,False
a5aa3a,United States,205.33,False
7c4a4a,Australia,206.53,False
c06366,Canada,136.74,False
c05030,Canada,218.13,False
c06363,Canada,89.38,False
c06362,Canada,162.6,False
aa7e7d,United States,238.14,False
a31a76,United States,267.06,False
aa7e7c,United States,190.99,False
a31a77,United States,267.56,False
aa7e7a,United States,209.95,False
a511fd,United States,219.13,False
a28904,United States,294.79,False
c0502e,Canada,79.23,False
c0635b,Canada,200.37,False
a44d85,United States,277.35,False
ab8b7f,United States,230.68,False
c06357,Canada,131.55,False
c05029,Canada,46.11,False
c06356,Canada,147.4,False
aa7e79,United States,0.0,False
7c01bc,Australia,180.84,False
a2fa4e,United States,40.14,False
a5aa78,United States,185.9,False
acb2ad,United States,229.98,False
aa7e74,United States,216.08,False
add2bc,United States,54.41,False
a3e4e0,United States,2.83,True
a0232a,United States,216.39,False
c01fbb,Canada,78.63,False
a524e1,United States,266.17,False
add2b6,United States,211.34,False
a657f4,United States,282.99,False
acc5fb,United States,280.59,False
aa7e56,United States,190.03,False
a19cc7,United States,229.64,False
4baa66,Turkey,239.45,False
7586fc,Philippines,68.85,False
e4977b,Brazil,232.77,False
aa7e3a,United States,221.9,False
400776,United Kingdom,232.92,False
400774,United Kingdom,0.0,True
a524ee,United States,251.33,False
c82726,New Zealand,101.14,False
c82727,New Zealand,91.38,False
c00caa,Canada,165.23,False
a03651,United States,61.43,False
ae4e8f,United States,180.9,False
4baa6e,Turkey,244.47,False
4baa6a,Turkey,236.02,False
a5aa1c,United States,144.58,False
a3d302,United States,259.3,False
a27676,United States,60.81,False
a5cfa5,United States,116.37,False
a0103b,United States,256.46,False
add376,United States,282.43,False
a44ca0,United States,197.27,False
a7ea86,United States,203.99,False
ad705e,United States,236.58,False
a3962d,United States,184.16,False
a1435d,United States,0.0,True
a53975,United States,207.61,False
86eb51,Japan,63.89,False
a3d326,United States,69.46,False
a1fff2,United States,110.15,False
845b9c,Japan,194.28,False
a93d9f,United States,165.96,False
a6594f,United States,70.48,False
aa3718,United States,40.25,False
c82760,New Zealand,67.26,False
c82761,New Zealand,63.56,False
a1433a,United States,10.29,True
abb8c4,United States,281.41,False
c8274f,New Zealand,231.78,False
ab68f9,United States,238.78,False
a01037,United States,183.36,False
71e260,Republic of Korea,44.86,False
71e265,Republic of Korea,43.71,False
c81444,New Zealand,55.68,False
a37032,United States,14.92,True
7c01b5,Australia,105.56,False
ac0e42,United States,35.02,False
7cad48,Australia,172.12,False
7cad40,Australia,215.93,False
7cad44,Australia,79.0,False
a871d4,United States,233.01,False
7cad41,Australia,226.53,False
a8d4ef,United States,270.09,False
a44cda,United States,115.68,False
7cad2b,Australia,131.84,False
a1a697,United States,6.94,True
a1ecfd,United States,185.82,False
ab8b31,United States,84.46,False
a01097,United States,162.94,False
7c5d4c,Australia,4.37,True
a7b4f2,United States,236.38,False
8678e2,Japan,266.76,False
857b30,Japan,45.79,False
a2b348,United States,14.4,True
c8276b,New Zealand,89.21,False
a44cca,United States,209.22,False
45d069,Denmark,211.91,False
a02390,United States,261.35,False
7c4a0f,Australia,0.0,True
7c4a0c,Australia,72.06,False
acc5aa,United States,11.83,True
3a46b7,France,83.87,False
7823da,China,224.89,False
48436c,Kingdom of the Netherlands,75.11,False
7c4a28,Australia,0.0,True
a9f4c6,United States,197.01,False
45d06e,Denmark,117.42,False
a8d4cc,United States,241.39,False
acc5a5,United States,237.05,False
a3965c,United States,10.29,True
aabb53,United States,72.57,False
484370,Kingdom of the Netherlands,258.31,False
7c5d41,Australia,4.12,False
abb995,United States,281.17,False
a82ffb,United States,36.68,False
a76683,United States,236.26,False
ad9645,United States,178.99,False
46f00f,Greece,1.29,True
abece7,United States,118.32,False
77058f,Sri Lanka,257.06,False
a8996b,United States,210.98,False
ac899c,United States,44.83,False
a63388,United States,148.96,False
a07e04,United States,45.79,False
ade654,United States,144.14,False
7c0251,Australia,53.7,False
ac6364,United States,75.63,False
46f016,Greece,1.54,True
ab4383,United States,265.12,False
ac767c,United States,230.0,False
ab437a,United States,123.69,False
ac5041,United States,208.99,False
a40694,United States,4.37,True
a75368,United States,100.79,False
a7668a,United States,187.97,False
a418b2,United States,163.77,False
e495fc,Brazil,74.81,False
a68caa,United States,219.05,False
ab3071,United States,48.33,False
a022c4,United States,12.35,True
a022c6,United States,238.56,False
a19e61,United States,173.63,False
ac5066,United States,201.67,False
a19e68,United States,287.28,False
aa3646,United States,211.34,False
aa2311,United States,172.69,False
e482c5,Brazil,211.67,False
ab68a5,United States,0.0,True
a4e019,United States,21.25,False
e495db,Brazil,184.26,False
ac638d,United States,268.48,False
c8019d,New Zealand,78.97,False
a5bcda,United States,238.14,False
a68cf1,United States,74.68,False
4005bb,United Kingdom,109.3,False
aa4953,United States,213.34,False
7587fa,Philippines,3.86,True
a2b2a9,United States,215.54,False
ab5606,United States,44.26,False
0d09f7,Mexico,246.86,False
a262ad,United States,190.28,False
e48394,Brazil,151.94,False
a262d4,United States,186.34,False
aa7e16,United States,199.54,False
a18b71,United States,187.68,False
02b26b,Tunisia,151.22,False
a9e391,United States,156.95,False
a18b41,United States,6.17,True
a8609f,United States,247.58,False
a44e1c,United States,250.89,False
abb930,United States,222.46,False
a98051,United States,110.32,False
a44e24,United States,209.78,False
a67b07,United States,254.73,False
a645b4,United States,7.2,True
781213,China,230.39,False
a44e18,United States,222.67,False
7587f5,Philippines,227.01,False
78120c,China,141.62,False
a262a8,United States,174.45,False
a2b2da,United States,129.14,False
0d09b9,Mexico,233.86,False
a43b55,United States,199.94,False
a3f8b8,United States,203.61,False
7587cb,Philippines,3.09,True
ac0cab,United States,208.92,False
0d09be,Mexico,227.72,False
abb972,United States,182.12,False
a32e86,United States,203.61,False
a405db,United States,47.32,False
aba62c,United States,29.91,False
acd964,United States,2.06,True
4bbd14,Turkey,222.12,False
a56e0d,United States,219.48,False
a658a1,United States,251.2,False
ad9642,United States,228.46,False
a7538f,United States,196.15,False
ad3fde,United States,195.28,False
ab300a,United States,191.23,False
a382b6,United States,1.29,True
7587b5,Philippines,123.15,False
7c0204,Australia,11.83,True
aa236b,United States,76.86,False
a2fb32,United States,0.0,True
888189,Viet Nam,199.3,False
888187,Viet Nam,201.6,False
aa32c6,United States,45.1,False
ad3e36,United States,240.56,False
c01cae,Canada,95.16,False
a414ea,United States,60.65,False
888184,Viet Nam,208.88,False
a6b7e8,United States,32.96,False
a20a75,United States,67.14,False
a3f4ea,United States,210.55,False
abb5bf,United States,187.0,False
5084a6,Ukraine,258.55,False
aa45e7,United States,0.0,True
a7d7b5,United States,144.87,False
a414e8,United States,222.37,False
a0a900,United States,269.73,False
abb5c9,United States,142.81,False
88815b,Viet Nam,187.34,False
c02fe9,Canada,237.83,False
abb5c3,United States,228.21,False
c01cb7,Canada,198.78,False
c02fe7,Canada,238.43,False
a82d14,United States,282.17,False
a21d91,United States,28.03,False
a6b7ec,United States,0.0,True
abeb31,United States,185.05,False
a33d79,United States,238.81,False
a56a56,United States,181.68,False
5084d1,Ukraine,173.8,False
a6ed3b,United States,3.34,True
c811de,New Zealand,31.45,False
a894b5,United States,210.66,False
ac85ce,United States,199.33,False
88818c,Viet Nam,185.09,False
a69d67,United States,216.84,False
a641bf,United States,201.38,False
a654ec,United States,53.92,False
a33d68,United States,185.44,False
ac85ee,United States,121.05,False
a271bf,United States,56.7,False
a05910,United States,153.54,False
8413d7,Japan,211.18,False
abb5e6,United States,1.29,True
86eaf2,Japan,142.51,False
88812d,Viet Nam,254.0,False
7c1729,Australia,83.65,False
a0595d,United States,29.12,False
ab9b81,United States,263.29,False
abeb57,United States,232.85,False
e49698,Brazil,146.11,False
e49699,Brazil,67.1,False
888166,Viet Nam,216.84,False
c08620,Canada,144.16,False
a56a18,United States,172.31,False
a57d52,United States,210.98,False
c02fd8,Canada,202.12,False
ac0b80,United States,274.07,False
ac72f7,United States,239.22,False
c02fd5,Canada,196.54,False
a44a61,United States,199.25,False
ac0b96,United States,179.83,False
a0a91e,United States,289.15,False
e49670,Brazil,95.41,False
a29908,United States,191.51,False
a2e93c,United States,190.76,False
a0eff3,United States,57.95,False
a21cb8,United States,151.71,False
c00a99,Canada,121.04,False
a7c4fa,United States,198.13,False
abb69e,United States,9.77,True
a30961,United States,134.42,False
86ec40,Japan,174.74,False
acd68a,United States,250.37,False
a54941,United States,203.01,False
a08cee,United States,53.84,False
7cae08,Australia,211.39,False
7c28d4,Australia,21.7,False
a8e4e9,United States,267.26,False
7cf07e,Australia,1.8,True
7cf07b,Australia,9.26,False
7cf07c,Australia,1.29,True
a1c935,United States,255.19,False
a6692d,United States,229.65,False
a4bfc1,United States,0.0,True
7811a3,China,217.21,False
a7fa70,United States,170.77,False
02a0ad,Tunisia,268.89,False
e49608,Brazil,232.11,False
a26017,United States,71.93,False
ac608e,United States,89.84,False
a39338,United States,207.11,False
a6ed61,United States,304.22,False
a03391,United States,73.07,False
a7d7f3,United States,139.72,False
ac98ac,United States,96.7,False
c01d72,Canada,0.0,True
7c5e81,Australia,52.97,False
a0205c,United States,233.12,False
a0a98f,United States,151.3,False
ad3e16,United States,137.87,False
a04692,United States,185.58,False
485344,Kingdom of the Netherlands,242.19,False
7811d1,China,160.22,False
485342,Kingdom of the Netherlands,261.47,False
485343,Kingdom of the Netherlands,247.76,False
c00a68,Canada,75.23,False
a04695,United States,234.04,False
a03367,United States,38.97,False
a0a996,United States,48.64,False
86ec1c,Japan,65.34,False
a7fa2d,United States,211.0,False
a68a95,United States,180.32,False
abfe1c,United States,216.88,False
4bceb5,Turkey,241.21,False
845c8c,Japan,258.85,False
abb5a5,United States,146.26,False
a27326,United States,62.5,False
a34fe6,United States,110.82,False
70605e,Kuwait,240.68,False
abb5a1,United States,219.3,False
aa7b54,United States,9.77,True
4bcde7,Turkey,240.63,False
a95fbe,United States,247.04,False
7c0394,Australia,54.54,False
4bcdf2,Turkey,242.4,False
c01d2d,Canada,202.34,False
781392,China,242.56,False
48664a,Kingdom of the Netherlands,228.33,False
ac2fea,United States,238.2,False
a27380,United States,147.24,False
abfcb6,United States,264.88,False
a77645,United States,212.2,False
c084a3,Canada,74.35,False
a2d686,United States,30.94,False
ac997f,United States,50.78,False
a2602c,United States,291.69,False
aa596c,United States,5.14,True
7bd01b,China,66.5,False
4bcdd2,Turkey,245.41,False
aba30b,United States,261.05,False
c071a4,Canada,187.72,False
a2869c,United States,218.24,False
a2869f,United States,59.47,False
a95fb6,United States,25.83,False
a7c62c,United States,242.75,False
a88314,United States,61.74,False
ad4fe1,United States,118.62,False
a1a356,United States,47.7,False
c084b9,Canada,9.26,True
a2c338,United States,176.8,False
4bcde3,Turkey,166.87,False
4bcde1,Turkey,213.03,False
a5237a,United States,31.29,False
7cacd8,Australia,171.99,False
c01d3c,Canada,0.0,True
a38019,United States,0.0,True
a15397,United States,251.85,False
aa594a,United States,191.78,False
78008a,China,227.1,False
7cf073,Australia,5.14,True
a26093,United States,195.14,False
ac733b,United States,204.66,False
ace96c,United States,223.58,False
ace96a,United States,4.89,True
e481d6,Brazil,158.81,False
78009e,China,138.5,False
a57cbd,United States,56.7,False
a2b060,United States,116.27,False
acc350,United States,240.96,False
a69cb0,United States,200.63,False
a3f676,United States,76.81,False
a178ae,United States,24.69,True
a08e28,United States,53.62,False
ab538b,United States,242.27,False
acd675,United States,195.46,False
abb68c,United States,253.22,False
7c162d,Australia,43.73,False
a07b3e,United States,93.35,False
781307,China,200.68,False
7c5cb1,Australia,150.35,False
ae5d6d,United States,38.28,False
abfd8c,United States,285.28,False
7c5caf,Australia,135.43,False
a7506a,United States,260.7,False
a88380,United States,185.03,False
a6308b,United States,30.59,False
a19b49,United States,188.5,False
c838d9,New Zealand,27.88,False
a178de,United States,0.0,True
781324,China,183.46,False
888123,Viet Nam,232.02,False
888124,Viet Nam,247.41,False
ade1cd,United States,132.23,False
acc1eb,United States,278.13,False
ad2a81,United States,53.44,False
aaa929,United States,240.07,False
4851f6,Kingdom of the Netherlands,279.06,False
a07b38,United States,41.21,False
a33e08,United States,179.85,False
781335,China,221.56,False
ac990b,United States,54.44,False
ae01cb,United States,179.03,False
a19b18,United States,213.5,False
a0a8df,United States,262.81,False
781348,China,218.62,False
781346,China,228.83,False
781343,China,224.02,False
c07223,Canada,85.75,False
780022,China,261.69,False
a33e64,United States,79.76,False
4851af,Kingdom of the Netherlands,237.01,False
ae4a7d,United States,109.15,False
840142,Japan,183.88,False
aaa954,United States,79.85,False
a3d087,United States,47.51,False
abc948,United States,238.13,False
a5106e,United States,190.22,False
7c0334,Australia,0.06,True
ac2fc3,United States,222.26,False
a8f971,United States,39.93,False
85cd04,Japan,136.19,False
4ca5c7,Ireland,0.0,True
a402dd,United States,200.65,False
a5bb1b,United States,236.65,False
e49525,Brazil,230.6,False
706131,Kuwait,224.42,False
a82e2e,United States,184.25,False
a6ee47,United States,191.81,False
a44b56,United States,153.71,False
acc3b4,United States,249.76,False
aacc5b,United States,264.9,False
c00abd,Canada,,True
4bce47,Turkey,235.94,False
42450b,United Kingdom,98.26,False
a56b7d,United States,39.13,False
a1a2e0,United States,182.18,False
7c03fa,Australia,192.07,False
e4950d,Brazil,253.62,False
abec4d,United States,193.75,False
a6ee69,United States,36.76,False
a81b24,United States,46.61,False
abff87,United States,221.92,False
e49511,Brazil,233.76,False
ab40ce,United States,91.8,False
a82e57,United States,251.81,False
a4ae48,United States,171.27,False
ab40e7,United States,39.01,False
a535c2,United States,195.34,False
a6b8af,United States,168.86,False
3a4593,France,128.2,False
ab40f0,United States,0.0,True
a9e071,United States,27.95,False
ab40f7,United States,237.67,False
ac0c8b,United States,210.57,False
abec6c,United States,74.9,False
c01dac,Canada,168.41,False
8414a9,Japan,179.59,False
a6b8e1,United States,81.85,False
a788d3,United States,196.84,False
a402ea,United States,45.34,False
a99077,United States,223.48,False
845d2c,Japan,142.15,False
c00b9c,Canada,7.72,True
7c4c45,Australia,51.03,False
a41722,United States,136.24,False
c00b8a,Canada,227.46,False
7812a5,China,165.4,False
7812a3,China,207.89,False
a0dddc,United States,50.25,False
86da1e,Japan,206.53,False
7caf1a,Australia,196.16,False
8881c7,Viet Nam,241.21,False
a2d710,United States,238.47,False
a6a707,United States,247.98,False
ab79ca,United States,234.81,False
4243fa,United Kingdom,269.89,False
7c29da,Australia,215.16,False
a16761,United States,124.57,False
a2b10c,United States,240.74,False
a2b10f,United States,202.23,False
a2c43b,United States,70.45,False
c085fd,Canada,37.68,False
7c03f9,Australia,0.0,True
a2b10d,United States,243.77,False
4bcda9,Turkey,0.0,True
4bcda6,Turkey,240.68,False
845d88,Japan,62.35,False
4bcdb2,Turkey,208.15,False
a2b112,United States,75.62,False
4bcdb0,Turkey,244.52,False
ac1f1a,United States,197.06,False
a93b3e,United States,61.79,False
a32ad5,United States,0.06,True
a40434,United States,60.56,False
7c03e6,Australia,191.35,False
7812e2,China,206.1,False
a44aa2,United States,236.77,False
4bcdb4,Turkey,0.0,True
ace9a4,United States,63.45,False
a762cc,United States,297.2,False
7caf5e,Australia,149.98,False
a45dc9,United States,43.33,False
86da22,Japan,75.17,False
c00b93,Canada,0.64,True
ab53b9,United States,302.36,False
a81b73,United States,75.01,False
abec03,United States,209.48,False
a1a435,United States,225.07,False
a41743,United States,240.71,False
484129,Kingdom of the Netherlands,247.98,False
ac1f61,United States,128.4,False
ad2c19,United States,235.38,False
4bcda1,Turkey,245.75,False
a0ddfb,United States,198.39,False
ac741c,United States,198.36,False
a7b40e,United States,194.32,False
adf70a,United States,62.9,False
78016f,China,231.69,False
78149e,China,4.12,False
405f32,United Kingdom,0.77,True
78149f,China,252.33,False
aa477b,United States,208.07,False
a4179b,United States,210.16,False
c87efe,New Zealand,0.0,True
c87efd,New Zealand,0.0,True
abfdaf,United States,239.09,False
ac0aac,United States,190.88,False
a2b154,United States,284.2,False
a2b153,United States,171.98,False
8880f8,Viet Nam,206.75,False
8880f6,Viet Nam,198.8,False
abfdd1,United States,10.29,False
aa476a,United States,58.03,False
780191,China,180.89,False
780192,China,151.48,False
a2b12d,United States,196.81,False
a38141,United States,201.86,False
ab678e,United States,305.52,False
a2b135,United States,243.72,False
ac8777,United States,212.74,False
a2b133,United States,185.29,False
4ca615,Ireland,247.54,False
a3813b,United States,161.7,False
78018f,China,244.35,False
a2615e,United States,262.27,False
aa7aa6,United States,192.67,False
78019c,China,231.25,False
a2b130,United States,188.28,False
ab9af3,United States,285.85,False
a1a46f,United States,50.85,False
ab4151,United States,258.01,False
a94db8,United States,128.71,False
4bccae,Turkey,234.75,False
a5bae5,United States,33.26,False
7c29d4,Australia,129.46,False
448465,Belgium,217.36,False
c01e13,Canada,239.59,False
e480a2,Brazil,202.74,False
c01e11,Canada,10.8,True
448466,Belgium,248.16,False
3b77c9,France,53.92,False
a2b198,United States,0.0,True
ab415e,United States,197.5,False
a033ae,United States,147.74,False
a3d10f,United States,204.0,False
a2b17a,United States,229.01,False
ad2ad5,United States,35.21,False
a53774,United States,192.93,False
a3d122,United States,176.18,False
ad2af2,United States,93.11,False
a046b6,United States,242.54,False
c01e32,Canada,34.2,False
8880e7,Viet Nam,216.39,False
8880e6,Viet Nam,191.43,False
8880e3,Viet Nam,218.83,False
a53785,United States,72.89,False
a3f793,United States,0.0,True
a6eda1,United States,3.6,True
c01e28,Canada,226.49,False
ad2aea,United States,227.55,False
c01e1a,Canada,244.64,False
c01e1f,Canada,0.0,True
e493af,Brazil,223.3,False
a19c51,United States,40.76,False
e4814b,Brazil,138.57,False
abeb7c,United States,211.77,False
86ebd8,Japan,249.96,False
a32c1e,United States,187.86,False
a1ff69,United States,179.94,False
888218,Viet Nam,217.54,False
78141f,China,245.62,False
a5cf19,United States,299.35,False
a033f9,United States,4.12,True
a1c9ea,United States,213.02,False
c0737b,Canada,276.91,False
a20c44,United States,175.82,False
a32c0d,United States,53.7,False
a88491,United States,52.32,False
a046f8,United States,56.59,False
a56c19,United States,210.01,False
ab6716,United States,51.81,False
a7a17b,United States,237.15,False
a57f42,United States,0.0,True
a08f6b,United States,290.03,False
c06081,Canada,193.67,False
a2d6a9,United States,213.47,False
7c0402,Australia,138.02,False
a5cf1b,United States,218.21,False
a8d46a,United States,252.01,False
a88467,United States,220.64,False
7c045e,Australia,204.05,False
4bce0f,Turkey,219.65,False
4bce0b,Turkey,215.8,False
a9f424,United States,246.68,False
a82dfb,United States,197.26,False
e48198,Brazil,198.53,False
85dee8,Japan,205.78,False
a8e76a,United States,182.88,False
a81ad7,United States,150.71,False
a1ff90,United States,255.66,False
ab540d,United States,269.65,False
a81abe,United States,236.92,False
7c045d,Australia,238.62,False
a273f5,United States,202.92,False
a403b3,United States,219.81,False
a45f64,United States,241.74,False
888200,Viet Nam,212.3,False
a32c47,United States,255.49,False
a57f04,United States,205.13,False
a033ff,United States,172.82,False
a45f59,United States,248.31,False
a2e9fd,United States,6.43,True
a1ec57,United States,208.08,False
86ebb6,Japan,185.54,False
a32c3e,United States,122.99,False
4bce04,Turkey,220.2,False
a416be,United States,132.75,False
c0602f,Canada,283.23,False
a2d6ba,United States,70.54,False
aacaa5,United States,280.52,False
a63193,United States,111.65,False
780172,China,5.66,True
4bce13,Turkey,143.03,False
a086d8,United States,204.34,False
a099fd,United States,173.52,False
a7f44d,United States,77.34,False
a37f12,United States,274.8,False
abd254,United States,236.34,False
ac4bfe,United States,210.26,False
ac058a,United States,201.36,False
4d0107,Luxembourg,259.97,False
ad6bdc,United States,203.99,False
aa759b,United States,132.82,False
a12c23,United States,299.35,False
201053,Namibia,92.59,False
a1d18b,United States,0.0,True
abd26b,United States,176.5,False
a8aaa5,United States,151.98,False
a7e151,United States,136.05,False
a1d18f,United States,222.02,False
851bba,Japan,209.93,False
a0d6a8,United States,6.43,True
8940d6,Bahrain,166.82,False
a6977a,United States,43.07,False
a7076c,United States,240.46,False
468627,Greece,227.83,False
780e0f,China,95.07,False
780e0c,China,181.04,False
a060ae,United States,233.58,False
8940ca,Bahrain,193.92,False
4075b3,United Kingdom,262.89,False
a4dad4,United States,242.58,False
8940cc,Bahrain,245.3,False
a6e75b,United States,236.01,False
a2af3e,United States,191.42,False
7c79d9,Australia,56.31,False
846516,Japan,133.51,False
7c79d7,Australia,64.38,False
a060bc,United States,43.47,False
a5a11a,United States,212.12,False
7c79ca,Australia,64.44,False
a00c7a,United States,0.45,True
a2af2a,United States,204.0,False
a6844d,United States,178.55,False
780e36,China,175.55,False
4d0116,Luxembourg,243.52,False
4d0114,Luxembourg,286.24,False
4d0119,Luxembourg,244.67,False
a6c120,United States,262.84,False
a7912a,United States,220.25,False
7c79d1,Australia,50.06,False
8940b9,Bahrain,224.98,False
8940c3,Bahrain,220.45,False
8940c2,Bahrain,190.03,False
4d010d,Luxembourg,272.97,False
a68485,United States,287.33,False
a193aa,United States,153.88,False
a3cf6d,United States,281.61,False
346199,Spain,211.42,False
781ff6,China,228.51,False
a37f8d,United States,195.42,False
424caf,United Kingdom,278.71,False
a443bb,United States,47.33,False
abe501,United States,243.22,False
ac5eb4,United States,206.05,False
507c72,Uzbekistan,253.09,False
a7e18a,United States,220.23,False
ac5ec1,United States,46.99,False
780ccd,China,217.17,False
a7e198,United States,189.05,False
a696d5,United States,240.06,False
a1d0a3,United States,213.73,False
780cdc,China,233.16,False
ac5ed9,United States,166.95,False
acaec5,United States,227.59,False
a24c73,United States,210.1,False
ac0543,United States,181.86,False
507c95,Uzbekistan,210.34,False
a3bc84,United States,122.2,False
a336f0,United States,125.59,False
ac4bb8,United States,200.56,False
a336dc,United States,2.31,True
ad385f,United States,5.4,True
a92171,United States,249.05,False
c05f01,Canada,200.71,False
abe52d,United States,238.19,False
ad2531,United States,92.16,False
acf207,United States,144.79,False
a8aaff,United States,0.0,True
346146,Spain,294.83,False
7502b2,Malaysia,240.78,False
ad7ece,United States,208.81,False
ad1218,United States,9.77,True
ac5efa,United States,0.0,True
407698,United Kingdom,0.0,True
ac4bdd,United States,218.69,False
a3cf4f,United States,154.38,False
abd230,United States,102.75,False
c05f0f,Canada,138.58,False
a443e8,United States,147.77,False
7c678d,Australia,104.4,False
851bfe,Japan,200.83,False
abe579,United States,201.08,False
c05f09,Canada,164.1,False
c05f08,Canada,160.95,False
872885,Japan,190.18,False
7c6783,Australia,148.29,False
c05f04,Canada,156.89,False
702702,Bangladesh,144.07,False
a6f9b3,United States,205.63,False
a4dc0d,United States,75.17,False
347555,Spain,241.2,False
ac03ff,United States,0.0,True
ad7f96,United States,176.56,False
750405,Malaysia,164.47,False
a8bf73,United States,232.95,False
851c42,Japan,180.18,False
a21839,United States,208.59,False
a21833,United States,174.97,False
76cda7,Singapore,251.96,False
76cda8,Singapore,215.42,False
e40144,Brazil,214.22,False
acf0da,United States,289.66,False
a813aa,United States,52.57,False
76cdb5,Singapore,88.61,False
a31216,United States,170.94,False
a62f93,United States,190.79,False
76cdb7,Singapore,248.71,False
347519,Spain,263.52,False
76cdae,Singapore,239.14,False
aa1f97,United States,243.73,False
c0174d,Canada,0.9,True
a6f9fa,United States,218.5,False
76cdc3,Singapore,0.0,True
c0175a,Canada,245.47,False
a6d3b3,United States,211.59,False
ab9508,United States,52.63,False
7c6719,Australia,59.61,False
7c6714,Australia,0.0,True
a98f2d,United States,207.34,False
a19547,United States,35.2,False
a959df,United States,128.1,False
a37eb0,United States,235.08,False
a1f846,United States,24.27,False
ac0504,United States,260.38,False
a74f99,United States,42.63,False
a826f1,United States,286.72,False
aa1f5a,United States,176.73,False
a790b3,United States,242.29,False
a0756b,United States,158.66,False
c05da4,Canada,239.23,False
a4a879,United States,91.08,False
a61bb1,United States,60.59,False
8966f0,United Arab Emirates,226.11,False
750481,Malaysia,135.31,False
a44565,United States,293.08,False
a44560,United States,287.05,False
acaf0b,United States,197.08,False
750493,Malaysia,237.91,False
ad36a8,United States,290.1,False
ac5f42,United States,207.33,False
ab93a5,United States,216.22,False
a5521c,United States,69.27,False
8966ee,United Arab Emirates,278.24,False
75047c,Malaysia,217.3,False
75047d,Malaysia,191.06,False
c01725,Canada,268.89,False
a44548,United States,197.9,False
c0173a,Canada,268.78,False
75044c,Malaysia,255.58,False
75044d,Malaysia,251.84,False
a44544,United States,70.48,False
abf6ae,United States,127.34,False
780e84,China,231.96,False
c01755,Canada,270.41,False
750453,Malaysia,230.63,False
750470,Malaysia,162.25,False
aac3b8,United States,117.93,False
c0172e,Canada,237.51,False
a44533,United States,161.11,False
8966ce,United Arab Emirates,283.35,False
a69894,United States,231.69,False
c00416,Canada,45.1,False
ab80a2,United States,54.32,False
a97c9a,United States,239.65,False
a920ed,United States,29.61,False
84b3c9,Japan,184.07,False
ae56c2,United States,45.25,False
abf6d7,United States,227.61,False
750450,Malaysia,223.28,False
750451,Malaysia,240.14,False
863c44,Japan,3.6,True
ad6c26,United States,28.88,False
a44591,United States,209.36,False
a1d296,United States,51.3,False
a6981a,United States,231.12,False
750444,Malaysia,44.19,False
ac4c67,United States,212.87,False
a2f262,United States,17.68,False
a44588,United States,226.73,False
aac3f4,United States,236.67,False
abe3c8,United States,242.94,False
851c86,Japan,12.86,True
aab0ba,United States,282.79,False
a1e58f,United States,2.83,True
ac5f8f,United States,186.3,False
8966a8,United Arab Emirates,237.93,False
8966a9,United Arab Emirates,214.04,False
a44570,United States,189.34,False
ad23be,United States,61.77,False
8966a7,United Arab Emirates,4.12,True
4074e2,United Kingdom,248.03,False
4074e3,United Kingdom,223.93,False
ad6c3b,United States,212.47,False
a4455e,United States,203.9,False
ad002b,United States,211.74,False
a074d6,United States,38.08,False
a24d12,United States,43.8,False
abc058,United States,185.55,False
4cafcb,Ireland,61.99,False
a00d5b,United States,186.24,False
0c21b8,Panama,236.16,False
717c87,Saudi Arabia,248.36,False
a97bd2,United States,76.7,False
0c21a5,Panama,241.79,False
717c74,Saudi Arabia,259.02,False
c03a90,Canada,86.4,False
851cec,Japan,0.0,True
abc07b,United States,293.39,False
a4dbef,United States,0.9,True
a5b55f,United States,203.18,False
780f2f,China,135.69,False
a5fbdc,United States,171.4,False
a5c899,United States,278.16,False
a1f7fb,United States,80.85,False
a5c895,United States,191.87,False
a181d3,United States,42.15,False
a324b0,United States,238.45,False
abc09e,United States,185.91,False
7c67b7,Australia,137.12,False
c03a69,Canada,145.02,False
846658,Japan,189.22,False
a6e89b,United States,6.43,True
75049d,Malaysia,2.06,True
780f74,China,178.16,False
aa7668,United States,73.27,False
4caff4,Ireland,223.48,False
780f78,China,89.96,False
01024b,Egypt,227.07,False
a23a75,United States,34.69,False
01024d,Egypt,204.18,False
aa75e9,United States,37.64,False
407799,United Kingdom,281.17,False
a431ad,United States,0.0,True
ac4ca8,United States,90.56,False
01023b,Egypt,254.34,False
a4dd65,United States,205.91,False
86803d,Japan,177.0,False
aa0e62,United States,15.43,True
86803a,Japan,189.31,False
01023f,Egypt,258.18,False
86803b,Japan,128.2,False
aad96c,United States,49.65,False
a3bd81,United States,247.35,False
a1d1d0,United States,205.12,False
34628d,Spain,274.33,False
881051,Thailand,226.48,False
881050,Thailand,231.56,False
346291,Spain,281.2,False
a1d1c5,United States,211.62,False
a181e4,United States,29.86,False
4d002a,Luxembourg,284.62,False
010276,Egypt,217.35,False
868089,Japan,214.42,False
c03a20,Canada,76.61,False
a181ce,United States,323.43,False
ac1988,United States,1.29,False
01026a,Egypt,190.7,False
01025b,Egypt,236.72,False
01025d,Egypt,258.32,False
01025f,Egypt,224.08,False
a23a4d,United States,61.54,False
010266,Egypt,227.37,False
a1e4e9,United States,216.39,False
40641d,United Kingdom,260.45,False
a324ce,United States,175.54,False
abe65a,United States,232.98,False
abd336,United States,250.44,False
a707a3,United States,102.24,False
ab967b,United States,106.1,False
aab34c,United States,107.04,False
7c4269,Australia,4.6,False
a697b7,United States,36.66,False
a35a98,United States,177.01,False
abc012,United States,300.0,False
010206,Egypt,264.27,False
a4dd35,United States,180.52,False
01022f,Egypt,244.98,False
868041,Japan,145.55,False
a564ab,United States,251.38,False
abc035,United States,282.12,False
a0d90c,United States,203.79,False
a20639,United States,39.37,False
abd1e3,United States,162.98,False
a801de,United States,147.76,False
8464d2,Japan,211.53,False
a1f94c,United States,155.29,False
a2061e,United States,203.47,False
48ae23,Poland,279.87,False
7c6813,Australia,50.13,False
48ae21,Poland,237.02,False
485e2f,Kingdom of the Netherlands,232.53,False
485e2e,Kingdom of the Netherlands,292.65,False
750528,Malaysia,192.51,False
ac3a83,United States,259.65,False
a97d63,United States,221.88,False
a0d93d,United States,125.91,False
8464f4,Japan,171.17,False
48ae04,Poland,72.79,False
a01fee,United States,257.05,False
a7e1cd,United States,0.0,True
a84a1a,United States,283.6,False
a4ca66,United States,185.18,False
a1c003,United States,6.69,True
a2afeb,United States,93.77,False
a671ba,United States,210.75,False
c05efd,Canada,94.19,False
a791c0,United States,211.72,False
a97d59,United States,85.5,False
76cee8,Singapore,243.05,False
407739,United Kingdom,174.92,False
7c683d,Australia,1.03,True
a0504c,United States,29.88,False
c00558,Canada,54.62,False
407731,United Kingdom,189.86,False
8464b0,Japan,142.13,False
a0634c,United States,2.06,True
407729,United Kingdom,199.19,False
a19662,United States,65.33,False
76ceef,Singapore,249.67,False
ab9639,United States,160.26,False
76ceed,Singapore,225.62,False
84c7d2,Japan,287.68,False
a0d98d,United States,0.0,True
507c54,Uzbekistan,100.39,False
a44611,United States,77.17,False
347604,Spain,147.7,False
507c4b,Uzbekistan,105.64,False
ac5fc9,United States,55.65,False
a19679,United States,56.19,False
a5ea5c,United States,126.64,False
a37fd3,United States,6.94,True
aa1ffc,United States,194.53,False
a5a30a,United States,92.6,False
a05087,United States,69.76,False
aa6333,United States,296.68,False
a3136a,United States,147.66,False
a4200d,United States,200.42,False
c05eb1,Canada,221.35,False
aa763f,United States,243.98,False
a1d368,United States,257.02,False
ad6d03,United States,159.46,False
c05eb6,Canada,248.73,False
c05ee5,Canada,9.77,True
ac04ae,United States,213.7,False
39a208,France,0.9,True
75056c,Malaysia,235.51,False
75056d,Malaysia,104.76,False
a3133c,United States,186.05,False
c05edd,Canada,235.62,False
a20690,United States,257.08,False
ac04c6,United States,0.0,True
aa6303,United States,228.18,False
ac04c5,United States,61.43,False
ac04c2,United States,120.56,False
a6c31b,United States,0.0,True
a85cad,United States,216.48,False
a5c990,United States,45.51,False
c05ed0,Canada,199.71,False
e47fa8,Brazil,183.6,False
c01860,Canada,249.38,False
a6d643,United States,207.78,False
a1e66a,United States,53.29,False
a18380,United States,272.81,False
75057b,Malaysia,230.21,False
0101df,Egypt,247.33,False
a4463e,United States,292.7,False
300990,Italy,217.78,False
a8295d,United States,0.0,True
750561,Malaysia,226.3,False
75054c,Malaysia,253.33,False
aab1af,United States,297.08,False
a62fd1,United States,233.97,False
a82903,United States,155.07,False
aac4ed,United States,255.68,False
ac04f5,United States,1.8,True
a74fa2,United States,237.77,False
c05ea2,Canada,160.44,False
a4a974,United States,235.64,False
a1c05d,United States,193.8,False
75052a,Malaysia,158.24,False
8691cc,Japan,315.76,False
a70965,United States,36.82,False
750550,Malaysia,194.75,False
0101b7,Egypt,239.1,False
85c1af,Japan,54.17,False
750547,Malaysia,70.4,False
a98bad,United States,57.81,False
7c68b9,Australia,3.6,True
acbffd,United States,67.55,False
7c68b8,Australia,80.06,False
abf66c,United States,271.12,False
7c68b4,Australia,7.2,True
7c68aa,Australia,197.52,False
ae5650,United States,53.75,False
abd010,United States,209.61,False
a097d5,United States,44.86,False
ad3662,United States,59.56,False
4caea0,Ireland,142.54,False
7c68a5,Australia,197.83,False
a097ce,United States,190.29,False
7504b1,Malaysia,84.37,False
84b772,Japan,185.72,False
ac1698,United States,136.89,False
71ba18,Republic of Korea,205.42,False
aa735a,United States,11.32,True
a8bbbb,United States,82.95,False
ab9387,United States,219.08,False
a45596,United States,45.81,False
a6d241,United States,221.86,False
a44258,United States,0.0,True
a9eeb6,United States,0.0,True
84b794,Japan,284.0,False
a4423b,United States,195.74,False
aa733d,United States,27.85,False
aa733b,United States,222.66,False
aa600a,United States,190.03,False
a63ef3,United States,287.57,False
a25d36,United States,228.98,False
c027e8,Canada,60.9,False
aa8668,United States,0.0,True
a9450d,United States,206.11,False
ad237c,United States,239.73,False
abd063,United States,218.53,False
a071c6,United States,74.17,False
a071c8,United States,0.06,True
a00a50,United States,29.88,False
a071c2,United States,89.9,False
ad2384,United States,86.38,False
71ba13,Republic of Korea,185.83,False
7c68cb,Australia,95.98,False
76bd4b,Singapore,5.92,True
76bd4a,Singapore,261.03,False
c001b2,Canada,78.98,False
7c68ce,Australia,0.0,True
71ba09,Republic of Korea,212.04,False
c05d3c,Canada,216.24,False
ac5e01,United States,242.73,False
71ba01,Republic of Korea,196.22,False
c027ea,Canada,92.32,False
7c68c7,Australia,243.58,False
7c68bb,Australia,116.29,False
c05d56,Canada,203.67,False
a44291,United States,264.38,False
a62bdc,United States,67.91,False
4caed5,Ireland,71.69,False
a0e7bb,United States,36.22,False
aab09a,United States,209.79,False
a00a32,United States,42.9,False
4caed4,Ireland,0.64,True
7c4351,Australia,43.61,False
aa0b10,United States,229.24,False
a4b7d3,United States,255.91,False
a4b7d7,United States,212.11,False
a1e1b1,United States,217.48,False
a214e5,United States,232.71,False
aa1e38,United States,0.06,True
8466a0,Japan,259.9,False
a3cd58,United States,205.17,False
a1f4cd,United States,272.26,False
ab9302,United States,43.98,False
a7f286,United States,227.26,False
a62d26,United States,47.34,False
a49d22,United States,244.45,False
a4da13,United States,181.25,False
aae960,United States,197.61,False
7c3003,Australia,42.1,False
a24a0a,United States,195.26,False
ac2952,United States,184.66,False
aae965,United States,57.12,False
a49d16,United States,221.62,False
a9327a,United States,227.17,False
347255,Spain,210.41,False
ad493b,United States,220.05,False
7c4329,Australia,233.77,False
a694b2,United States,207.93,False
a837a5,United States,111.12,False
7504fd,Malaysia,181.68,False
a837a3,United States,198.66,False
a37d8d,United States,85.32,False
aa98a4,United States,270.06,False
a37d8a,United States,139.64,False
a24a82,United States,0.0,True
ac296f,United States,4.12,True
a441c9,United States,220.87,False
a5b285,United States,8.75,True
7504eb,Malaysia,140.06,False
ac297b,United States,218.3,False
aab001,United States,291.86,False
a441ac,United States,189.86,False
7504f4,Malaysia,208.97,False
aa739d,United States,293.22,False
a12a9d,United States,166.54,False
a12a9e,United States,217.03,False
adcca0,United States,127.37,False
a12a81,United States,197.49,False
7504c1,Malaysia,55.49,False
adcca6,United States,236.54,False
7504c4,Malaysia,231.45,False
7504c0,Malaysia,48.66,False
a2ad5b,United States,42.8,False
a1e1d8,United States,215.8,False
7504ac,Malaysia,226.08,False
7504af,Malaysia,114.6,False
a9a873,United States,38.22,False
348546,Spain,1.03,True
aac33e,United States,226.51,False
a8bbe1,United States,231.86,False
a81289,United States,51.96,False
acbfcf,United States,142.44,False
ab8031,United States,183.38,False
ac1675,United States,207.53,False
a98bf6,United States,62.11,False
a93257,United States,132.29,False
a12a7f,United States,277.86,False
a561ec,United States,165.12,False
a3ba92,United States,122.71,False
a07302,United States,53.5,False
c05bd6,Canada,93.04,False
abe1c2,United States,245.78,False
a1094c,United States,218.88,False
a48a83,United States,191.6,False
a07311,United States,180.91,False
c05bcf,Canada,239.59,False
347308,Spain,162.97,False
ab3d9a,United States,165.04,False
a6e4e8,United States,88.05,False
a0996b,United States,0.0,True
c01569,Canada,3.34,True
8a0a13,Indonesia,256.82,False
adba1f,United States,0.0,True
a8bd1b,United States,155.17,False
a09947,United States,201.17,False
a10931,United States,169.61,False
ae67ed,United States,221.91,False
a9dd0a,United States,54.91,False
a01ca4,United States,100.84,False
ad21bc,United States,255.59,False
a73a10,United States,233.59,False
adcd6d,United States,204.17,False
a07341,United States,213.91,False
4d23b8,Malta,234.45,False
76bcc5,Singapore,127.46,False
7c4316,Australia,171.2,False
a61a28,United States,30.37,False
c05ba9,Canada,239.32,False
ae54f1,United States,60.4,False
780ff1,China,200.43,False
c0150d,Canada,65.66,False
ac01fc,United States,287.93,False
a681a3,United States,68.42,False
881056,Thailand,75.5,False
717cc7,Saudi Arabia,71.52,False
ae54f4,United States,109.02,False
c05bc8,Canada,5.92,True
ac290c,United States,36.83,False
a5c4e3,United States,40.46,False
7c5620,Australia,49.33,False
a10970,United States,208.9,False
a74d56,United States,134.18,False
ac291f,United States,280.24,False
a08663,United States,212.74,False
a48a8f,United States,141.97,False
a26fc9,United States,0.0,True
a86d36,United States,159.21,False
a4eca6,United States,0.0,True
4d23ea,Malta,2.57,True
514005,Georgia,0.0,True
514004,Georgia,74.59,True
a9a901,United States,77.46,False
a83920,United States,102.58,False
a4b96d,United States,307.77,False
a06067,United States,218.53,False
a44308,United States,246.86,False
a83953,United States,231.06,False
4d23e1,Malta,213.24,False
a1933c,United States,216.73,False
704b21,Myanmar,115.69,False
a25cdc,United States,197.76,False
ab3d40,United States,214.3,False
a75fbf,United States,138.64,False
a34978,United States,145.3,False
8a0a6b,Indonesia,240.45,False
a55017,United States,262.89,False
c01505,Canada,212.09,False
ac5d38,United States,186.6,False
a9ca2a,United States,75.97,False
e47ed1,Brazil,151.3,False
a85a5f,United States,51.74,False
ac27f0,United States,234.07,False
a9dd6d,United States,72.93,False
ad34b4,United States,192.38,False
8a0a3e,Indonesia,239.42,False
3484d3,Spain,135.3,False
a32367,United States,0.0,True
a32368,United States,234.38,False
c000eb,Canada,250.93,False
ab3d6f,United States,138.8,False
39b228,France,224.5,False
a8bd6a,United States,82.44,False
ac5d61,United States,145.04,False
c05e8e,Canada,140.11,False
a8cffd,United States,286.75,False
a67040,United States,48.94,False
84b86d,Japan,195.23,False
a5c694,United States,130.45,False
86e518,Japan,171.06,False
a7f31f,United States,0.06,True
a6c013,United States,226.4,False
a0e8d7,United States,58.93,False
ab8173,United States,268.25,False
c002e4,Canada,66.73,False
abe475,United States,189.81,False
ac047d,United States,87.79,False
a085a4,United States,0.0,True
ac048d,United States,212.12,False
ad1142,United States,8.75,True
a6d36d,United States,87.26,False
acf131,United States,283.5,False
aab187,United States,186.92,False
a6706f,United States,69.45,False
abe496,United States,219.26,False
869560,Japan,262.28,False
ab09b4,United States,204.25,False
a12b2b,United States,286.98,False
aa7468,United States,240.89,False
c002a9,Canada,57.11,False
7c43aa,Australia,69.3,False
a7197d,United States,182.86,False
aab18c,United States,185.92,False
a9a91a,United States,257.92,False
a55024,United States,201.78,False
ad2497,United States,58.93,False
a24b1d,United States,48.69,False
adbaca,United States,272.51,False
71ce65,Republic of Korea,62.66,False
a12b0a,United States,224.88,False
a12b0e,United States,191.63,False
a7066e,United States,35.22,False
a00b2d,United States,133.81,False
ab2c04,United States,208.46,False
a8397c,United States,307.6,False
a6f98e,United States,224.58,False
aa1dcd,United States,69.81,False
a2f092,United States,219.63,False
a8cfb3,United States,64.11,False
abd19e,United States,176.24,False
7c56b7,Australia,59.16,True
aa6103,United States,222.18,False
a6701d,United States,32.41,False
a108fa,United States,57.1,False
a86cae,United States,125.19,False
a335f4,United States,5.92,True
3c7a44,Germany,263.27,False
a4a5c9,United States,140.73,False
ac1720,United States,237.17,False
a36b50,United States,233.68,False
3c7a50,Germany,299.55,False
3c7a51,Germany,226.0,False
a37e5a,United States,171.01,False
3c7a54,Germany,180.07,False
a455c7,United States,281.44,False
347388,Spain,256.68,False
ac0418,United States,234.46,False
ae5718,United States,282.3,False
a24b40,United States,229.18,False
a0d5eb,United States,151.16,False
a86e1d,United States,109.06,False
a5d8f0,United States,103.76,False
3c7a4f,Germany,241.66,False
84b7a1,Japan,174.07,False
a562aa,United States,149.44,False
3c7a4c,Germany,254.78,False
346045,Spain,204.88,False
a92082,United States,36.56,False
86d288,Japan,65.54,False
84b7b6,Japan,38.07,True
ab8112,United States,60.84,False
a442f3,United States,241.61,False
a442dd,United States,89.61,False
e4bc02,Brazil,208.26,False
ac1765,United States,246.48,False
abe40a,United States,67.91,False
aa99b7,United States,251.95,False
ac0448,United States,282.6,False
a588ba,United States,86.49,False
86d222,Japan,7.72,True
40756b,United Kingdom,202.0,False
347349,Spain,267.95,False
abe448,United States,230.68,False
a6709b,United States,211.67,False
abe42c,United States,223.64,False
7c4480,Australia,132.27,False
a335fa,United States,215.98,False
ac4ace,United States,273.08,False
a50e46,United States,43.03,False
a2ae6e,United States,30.44,False
40621b,United Kingdom,295.76,False
abe450,United States,73.68,False
ad2445,United States,189.46,False
ac045e,United States,247.41,False
ad7e6f,United States,200.52,False
ac5e8d,United States,215.05,False
a33716,United States,206.77,False
424c98,United Kingdom,212.54,False
a19404,United States,245.04,False
a86e6c,United States,118.77,False
c0033f,Canada,41.37,False
a85b42,United States,35.8,False
ac4b72,United States,275.42,False
aa72f5,United States,227.55,False
ad22e1,United States,225.12,False
a85b75,United States,68.47,False
a9cb18,United States,263.39,False
adbb39,United States,243.56,False
ac4b95,United States,232.92,False
a12ac7,United States,216.61,False
a12ac8,United States,210.71,False
7c4437,Australia,38.06,False
a12ac0,United States,4.63,True
a4ee82,United States,217.92,False
a61b4e,United States,215.64,False
a562e8,United States,206.37,False
7c4423,Australia,113.42,False
a695ea,United States,249.44,False
a2042f,United States,74.22,False
a37db9,United States,76.14,False
a33743,United States,4.89,True
424c62,United Kingdom,224.83,False
a33741,United States,193.0,False
a4ee93,United States,76.58,False
a12aa5,United States,268.19,False
851f4e,Japan,6.17,True
a74e7a,United States,160.18,False
ac1701,United States,262.13,False
a825e3,United States,168.95,False
a12aa1,United States,230.53,False
4cae34,Ireland,231.64,False
4cae35,Ireland,244.42,False
4cae32,Ireland,239.74,False
4cae33,Ireland,231.2,False
a705ee,United States,30.58,False
424c15,United Kingdom,248.81,False
a3244f,United States,178.79,False
7c42e1,Australia,211.85,False
7c42e2,Australia,172.09,False
a2adf4,United States,208.43,False
aa1dc2,United States,160.69,False
ac5e23,United States,207.5,False
a2f111,United States,4.89,True
a1f77c,United States,246.1,False
aa7409,United States,209.79,False
a31122,United States,6.69,True
ac28be,United States,184.09,False
86e3ec,Japan,87.28,False
a9cb83,United States,159.34,False
4d22ac,Malta,248.02,False
ac28e5,United States,203.74,False
a37dce,United States,134.24,False
ab2b23,United States,255.15,False
a69761,United States,2.57,True
a12ae3,United States,212.03,False
a12ae4,United States,246.45,False
a1d105,United States,272.48,False
ac5e47,United States,236.75,False
a12aea,United States,203.15,False
a20467,United States,46.95,False
a12aeb,United States,197.66,False
a37dbf,United States,229.17,False
ab2b34,United States,107.05,False
a82727,United States,213.09,False
a32437,United States,67.91,False
a6e72d,United States,112.5,False
a33766,United States,275.98,False
a57796,United States,204.35,False
846866,Japan,2.06,True
84b81c,Japan,192.03,False
ac15d1,United States,296.75,False
aad5ca,United States,265.81,False
a0b199,United States,216.78,False
ad6b16,United States,150.85,False
acae2e,United States,269.62,False
c001ea,Canada,257.45,False
aad5f2,United States,156.0,False
ac02b4,United States,210.09,False
a086b4,United States,180.17,False
a1d14a,United States,58.13,False
a0b169,United States,262.06,False
abe2a3,United States,142.6,False
4cae8f,Ireland,87.17,False
ad6b0c,United States,204.31,False
a01f13,United States,139.03,False
ad35e0,United States,213.23,False
a3245d,United States,6.94,True
a48ac4,United States,193.95,False
ac5e6e,United States,5.92,True
aac2e2,United States,206.68,False
ad35cc,United States,67.02,False
a22a20,United States,172.25,False
a7d276,United States,60.56,False
407267,United Kingdom,221.16,False
aa78b2,United States,73.17,False
ac08b1,United States,112.87,False
abb080,United States,104.4,False
a4cd23,United States,264.05,False
ac3e13,United States,173.1,False
86d334,Japan,181.92,False
a4ba02,United States,185.51,False
a58a04,United States,62.42,False
abe8b6,United States,207.36,False
ac08d4,United States,225.43,False
71bc36,Republic of Korea,282.15,False
a7824e,United States,198.62,False
a78263,United States,69.07,False
7c57fb,Australia,66.69,False
a6b253,United States,252.29,False
7c7a38,Australia,192.0,False
ad5e27,United States,0.0,True
a7e54f,United States,209.0,False
adf06d,United States,195.47,False
a8f235,United States,237.16,False
a35d73,United States,195.21,False
ac08f5,United States,184.89,False
7c44d3,Australia,48.55,False
a314d9,United States,191.06,False
ab72b3,United States,210.46,False
ac3e3a,United States,0.0,True
ab0b42,United States,203.36,False
aaa2b0,United States,219.61,False
abe8e4,United States,237.1,False
a80595,United States,239.62,False
a9cecd,United States,211.49,False
adf08e,United States,119.05,False
a6b264,United States,114.99,False
a794d9,United States,210.97,False
ac4ffb,United States,225.68,False
a804bb,United States,40.39,False
aa9b65,United States,258.52,False
a661bf,United States,0.0,True
a661c7,United States,250.2,False
ad6ff2,United States,216.24,False
a4ba76,United States,183.25,False
348358,Spain,141.2,False
ac3cef,United States,186.77,False
4d2338,Malta,78.91,False
850e36,Japan,224.46,False
ab868b,United States,49.73,False
adacc9,United States,144.29,False
8468ee,Japan,185.56,False
aa9b42,United States,184.08,False
800b45,India,222.49,False
a2e1c7,United States,12.86,True
a301d8,United States,206.82,False
a20957,United States,202.78,False
a1e946,United States,198.96,False
a11cb2,United States,84.2,False
a1d610,United States,45.31,False
acd00b,United States,49.99,False
4d238c,Malta,240.31,False
a817b1,United States,101.36,False
aa9b20,United States,294.65,False
a44918,United States,208.82,False
a44917,United States,247.9,False
a44916,United States,3.6,True
abd69d,United States,294.25,False
a60d3e,United States,40.52,False
4d239b,Malta,256.75,False
4d239c,Malta,86.98,False
a59d63,United States,211.2,False
ad1697,United States,217.36,False
a36fa4,United States,262.9,False
a5a4c1,United States,227.79,False
a20930,United States,179.32,False
a5ed50,United States,54.37,False
ad036b,United States,213.12,False
acf69b,United States,78.19,False
aaa39a,United States,221.35,False
a5ed58,United States,51.4,False
a59d5f,United States,207.14,False
a84d25,United States,0.0,True
c03d1a,Canada,63.06,False
86837c,Japan,302.97,False
a5b7ec,United States,231.54,False
a44969,United States,273.31,False
a3aca6,United States,225.15,False
a44964,United States,241.35,False
a44963,United States,183.36,False
8694d8,Japan,240.45,False
a36ff7,United States,157.19,False
a68946,United States,246.28,False
3c5824,Germany,232.88,False
c83311,New Zealand,63.64,False
0d0ef2,Mexico,50.45,False
a0669d,United States,286.96,False
a23ccb,United States,232.74,False
a0a30e,United States,179.69,False
a44940,United States,204.55,False
8681be,Japan,140.57,False
8681bd,Japan,173.06,False
8681b1,Japan,238.73,False
a44939,United States,209.93,False
a44938,United States,10.29,True
a0fcd4,United States,289.1,False
8681b6,Japan,116.29,False
8681b3,Japan,202.43,False
abe930,United States,219.15,False
a4491a,United States,242.66,False
86e4b8,Japan,255.06,False
a5b954,United States,204.53,False
8681aa,Japan,181.06,False
a4491f,United States,167.05,False
8681ae,Japan,195.8,False
aac954,United States,84.88,False
ad292a,United States,0.0,True
c03bfb,Canada,219.89,False
85d7c0,Japan,206.84,False
84b7c3,Japan,185.49,False
abd627,United States,216.55,False
a68902,United States,84.27,False
7c585f,Australia,250.7,False
c03bf5,Canada,243.88,False
a28036,United States,204.84,False
ac4fd8,United States,273.66,False
a4497f,United States,174.46,False
0d0eb6,Mexico,149.12,False
7c453a,Australia,47.13,False
a44988,United States,280.77,False
862d2e,Japan,194.79,False
4070ec,United Kingdom,125.9,False
4070ef,United Kingdom,218.13,False
a36fff,United States,237.92,False
a7d1e8,United States,56.67,False
a44984,United States,242.49,False
a924d9,United States,197.19,False
a95a1c,United States,194.75,False
a924ca,United States,40.86,False
0d0ec9,Mexico,196.01,False
a16037,United States,68.49,False
aa9a57,United States,1.54,True
a1e98e,United States,80.06,False
4070e7,United Kingdom,175.77,False
a4495c,United States,198.81,False
a66355,United States,201.65,False
71bd07,Republic of Korea,104.33,False
846954,Japan,3.34,True
4c01e3,Serbia,219.38,False
ac2a33,United States,204.92,False
4d21bc,Malta,226.73,False
4c01e7,Serbia,214.85,False
ac07fd,United States,78.95,False
a3f04a,United States,202.23,False
86d1f3,Japan,177.17,False
a8afec,United States,282.1,False
4c01f2,Serbia,138.4,False
86d1de,Japan,80.28,False
a7e630,United States,213.16,False
3c4587,Germany,191.61,False
a6a027,United States,78.94,False
71bd33,Republic of Korea,234.15,False
4cad46,Ireland,0.0,True
ae47dc,United States,32.96,False
a41036,United States,237.64,False
7c43cc,Australia,0.9,True
3482d5,Spain,275.02,False
3482d6,Spain,227.85,False
84b940,Japan,136.56,False
a77035,United States,211.87,False
a4101f,United States,104.61,False
3c4599,Germany,276.05,False
3c458a,Germany,248.03,False
3c458f,Germany,266.72,False
3c458d,Germany,194.99,False
a3f06f,United States,67.08,False
ab0a76,United States,83.87,False
abd4e7,United States,253.62,False
3c4596,Germany,260.18,False
a6a00b,United States,182.13,False
3c4595,Germany,245.04,False
ad5d4a,United States,30.46,False
ad5d6e,United States,82.01,False
ab1d9e,United States,45.2,False
0d0f91,Mexico,235.4,False
abc1bc,United States,237.36,False
acf4e8,United States,167.22,False
a66316,United States,214.52,False
ace1af,United States,185.04,False
ad01ab,United States,193.45,False
ac91d4,United States,214.53,False
846910,Japan,0.0,True
a53006,United States,6.17,True
ad5d5f,United States,205.87,False
a85fb8,United States,191.51,False
862d94,Japan,270.61,False
a2d096,United States,43.02,False
a5a648,United States,52.79,False
a79625,United States,195.02,False
a198ea,United States,50.77,False
151fc8,Russian Federation,213.69,False
abc1da,United States,229.84,False
4c01ee,Serbia,199.53,False
a208b1,United States,235.79,False
aa7952,United States,72.14,False
a6c630,United States,48.97,False
aaea8c,United States,250.83,False
acf4f9,United States,55.56,False
ac2a8d,United States,250.87,False
a3f02e,United States,65.85,False
a1b092,United States,204.81,False
a6765e,United States,45.3,False
45d965,Denmark,0.06,True
a4ce24,United States,1.29,False
7c7b13,Australia,23.06,False
a35e61,United States,59.37,False
881425,Thailand,237.17,False
a23e65,United States,50.66,False
71bd86,Republic of Korea,202.7,False
a0fe7a,United States,0.0,True
88140f,Thailand,137.15,False
abb19c,United States,0.0,True
a568e8,United States,231.13,False
800c01,India,231.68,False
a35e49,United States,249.02,False
39c494,France,1.8,True
a448d6,United States,214.95,False
a0a2bd,United States,188.41,False
a11e8b,United States,238.43,False
a4ce43,United States,44.25,False
407371,United Kingdom,265.96,False
a555c3,United States,183.83,False
a09b53,United States,52.03,False
a675a9,United States,137.99,False
a8f371,United States,72.99,False
86e780,Japan,9.26,True
0d0f89,Mexico,203.15,False
a60e3f,United States,44.59,False
ae1193,United States,178.07,False
4d20fe,Malta,299.5,False
abe9d3,United States,51.6,False
71bd54,Republic of Korea,215.12,False
aa79a6,United States,262.19,False
a7e691,United States,197.04,False
a3f07f,United States,200.41,False
a1c2f6,United States,44.26,False
aa4195,United States,266.03,False
a1c2f1,United States,190.45,False
0d0f13,Mexico,243.55,False
34718e,Spain,257.81,False
800c38,India,265.25,False
ac2c33,United States,115.18,False
a7c00f,United States,200.83,False
862db6,Japan,66.44,False
3c436a,Germany,10.8,True
7c32ae,Australia,66.59,False
a06703,United States,2.83,True
4c0222,Serbia,27.57,False
4c0221,Serbia,245.06,False
abd6c6,United States,291.07,False
800c11,India,0.0,True
a448fa,United States,205.22,False
a91343,United States,62.35,False
a292c9,United States,209.33,False
a0eb6b,United States,32.48,False
868428,Japan,212.59,False
71bd62,Republic of Korea,140.55,False
862dd8,Japan,178.03,False
ac2c56,United States,198.57,False
a448f8,United States,191.79,False
a3ae31,United States,117.52,False
a34b2f,United States,283.73,False
a7e693,United States,103.86,False
a6fb41,United States,223.9,False
a6c5f1,United States,51.35,False
a84e68,United States,203.51,False
aaeae5,United States,155.67,False
800c87,India,226.78,False
a18723,United States,125.16,False
a71b43,United States,279.38,False
abc455,United States,223.01,False
a4ce9d,United States,229.59,False
4cabd4,Ireland,56.29,False
a6fb32,United States,0.0,True
a4bb8a,United States,0.0,True
861c10,Japan,10.29,True
800c4b,India,227.14,False
4d2228,Malta,4.89,True
800c64,India,104.2,False
a9be0e,United States,264.76,False
a422cb,United States,128.34,False
0d0f07,Mexico,267.7,False
adf128,United States,190.38,False
a0675f,United States,49.48,False
86e79a,Japan,250.42,False
a688f7,United States,224.36,False
406016,United Kingdom,223.92,False
a688ff,United States,110.86,False
a84e0c,United States,83.61,False
800c99,India,85.17,False
a542d7,United States,132.17,False
ae1153,United States,147.71,False
a84e3f,United States,177.18,False
40731c,United Kingdom,63.31,False
abb172,United States,206.76,False
a0541b,United States,247.43,False
aa79f6,United States,172.04,False
ad4afb,United States,193.49,False
ad4afe,United States,217.47,False
4cabec,Ireland,261.82,False
ad049a,United States,248.46,False
4cabf8,Ireland,211.42,False
85c5dc,Japan,98.91,False
a1745b,United States,281.42,False
a1d76b,United States,212.47,False
a1878a,United States,141.77,False
a22ac6,United States,184.22,False
a9ab87,United States,2.06,True
a0a457,United States,226.11,False
a17468,United States,58.28,False
a1b107,United States,12.86,True
7c5950,Australia,153.09,False
0d0dd1,Mexico,232.51,False
a3adce,United States,160.61,False
0d0dd3,Mexico,204.59,False
ab7402,United States,0.0,False
ab1db2,United States,265.67,False
a3ade9,United States,0.0,True
a6c71c,United States,1.8,True
a0545a,United States,62.28,False
86d2aa,Japan,214.05,False
a35dc2,United States,179.03,False
a53105,United States,45.06,False
0d0df1,Mexico,222.47,False
a6c70f,United States,216.9,False
a2f721,United States,196.89,False
850e58,Japan,111.78,False
c08048,Canada,229.38,False
c08041,Canada,46.29,False
a42466,United States,3.6,True
ab741e,United States,203.05,False
a1b162,United States,236.19,False
3c42dc,Germany,7.46,True
ab6108,United States,228.21,False
a912f0,United States,137.49,False
a2d11c,United States,38.52,False
a34ae0,United States,198.87,False
a96e9a,United States,309.33,False
4cac10,Ireland,144.57,False
4cac12,Ireland,235.84,False
a3045c,United States,204.83,False
ab742e,United States,137.01,False
a2f77b,United States,197.49,False
a34ae6,United States,272.21,False
a7d2bc,United States,247.2,False
a30460,United States,237.32,False
abc40d,United States,72.41,False
0d0da8,Mexico,224.88,False
710057,Saudi Arabia,255.95,False
850e7a,Japan,124.37,False
861b20,Japan,128.39,False
a3adb9,United States,1.8,True
ab0acb,United States,311.44,False
a7d2f1,United States,213.56,False
861b28,Japan,125.21,False
7c3315,Australia,47.47,False
a17490,United States,218.67,False
a3adaa,United States,150.88,False
71be34,Republic of Korea,183.84,False
ac3e5d,United States,214.58,False
a6a11e,United States,237.47,False
7c7a71,Australia,0.0,True
71be25,Republic of Korea,83.99,False
a6b449,United States,29.81,False
71be23,Republic of Korea,250.77,False
aaa2d3,United States,215.91,False
7c7a4d,Australia,0.0,True
7c7a68,Australia,63.78,False
a5449a,United States,185.34,False
71be17,Republic of Korea,0.77,True
71be16,Republic of Korea,187.59,False
800af4,India,0.0,True
7c7a65,Australia,4.63,True
7c7a3e,Australia,283.45,False
850dae,Japan,129.44,False
a6b470,United States,113.16,False
7c44ec,Australia,83.22,False
151ede,Russian Federation,176.81,False
a65161,United States,137.53,False
ac2b61,United States,9.77,False
abc2c8,United States,250.36,False
a066a3,United States,0.0,True
aaeb6a,United States,223.3,False
a1c48c,United States,32.83,False
7c44da,Australia,225.32,False
7c7a46,Australia,215.22,False
7c44f0,Australia,83.4,False
7c7a47,Australia,3.34,True
7c7a48,Australia,219.11,False
7c7a49,Australia,181.15,False
a2d147,United States,43.55,False
71be39,Republic of Korea,280.48,False
a1b174,United States,56.9,False
7c44f6,Australia,173.0,False
7c7a41,Australia,215.22,False
a10c31,United States,0.0,True
8682fc,Japan,242.28,False
abc2e5,United States,159.56,False
86d2cc,Japan,132.81,False
ac2b80,United States,200.68,False
a3f133,United States,5.92,True
a55792,United States,58.7,False
7c7a8f,Australia,0.0,True
a60df8,United States,44.04,False
885b47,Thailand,279.72,False
885b43,Thailand,186.36,False
4d20e7,Malta,6.43,True
885b42,Thailand,178.36,False
c04ff4,Canada,226.33,False
a6b438,United States,212.06,False
39c427,France,263.13,False
ace2f9,United States,29.12,False
7c7a90,Australia,45.38,False
39c429,France,286.59,False
4cac66,Ireland,140.2,False
a71aad,United States,307.52,False
39c420,France,236.45,False
39c421,France,11.83,True
a449a2,United States,229.9,False
a77111,United States,212.13,False
86d2ee,Japan,293.73,False
c04ff7,Canada,190.98,False
a23f2e,United States,2.06,True
7c7a6c,Australia,36.13,False
a79768,United States,230.07,False
0d0e9b,Mexico,183.03,False
800d13,India,216.96,False
acf486,United States,232.08,False
a0c5c6,United States,101.97,False
800d0f,India,269.19,False
a92384,United States,183.04,False
800d1b,India,188.14,False
ae478d,United States,73.16,False
a24e0e,United States,61.69,False
a2e098,United States,206.92,False
a11b00,United States,211.03,False
acf49d,United States,59.93,False
a8acdf,United States,38.35,False
acf492,United States,191.94,False
aad9be,United States,107.58,False
a92361,United States,245.15,False
ab96a4,United States,238.35,False
acf48f,United States,211.71,False
ac4f29,United States,0.0,True
a062ec,United States,89.38,False
a35b39,United States,186.4,False
a85ce8,United States,183.04,False
0c20f2,Panama,237.98,False
a062ef,United States,209.31,False
7c7c77,Australia,12.86,True
a35b42,United States,200.33,False
a36e73,United States,118.67,False
a0b2bd,United States,71.75,False
abf9b1,United States,162.68,False
a2f2a3,United States,28.7,False
a9cca5,United States,212.19,False
ace18e,United States,45.99,False
7c7c74,Australia,137.01,False
7c33f5,Australia,45.56,False
a48e46,United States,243.85,False
7c7c76,Australia,224.02,False
a312a8,United States,52.48,False
ae216a,United States,0.0,True
a24e94,United States,60.71,False
a1e5cf,United States,43.73,False
a35b27,United States,82.2,False
a0b2db,United States,237.37,False
a445ad,United States,187.18,False
a445ab,United States,194.54,False
a80329,United States,0.0,False
a23b55,United States,139.51,False
0c20bd,Panama,241.63,False
0c20bb,Panama,182.13,False
a6c365,United States,212.6,False
0c20c9,Panama,238.72,False
a445a9,United States,225.73,False
800d37,India,224.31,False
a445a4,United States,173.74,False
75808c,Philippines,9.77,True
abf9d5,United States,115.89,False
aa5130,United States,7.72,True
a3be7c,United States,164.1,False
4691c3,Greece,229.4,False
ab975c,United States,203.88,False
a48e7b,United States,0.26,True
ad2733,United States,232.32,False
aa76ef,United States,0.45,True
a828e1,United States,239.77,False
a445ec,United States,191.42,False
451d86,Bulgaria,0.0,True
0c218d,Panama,226.8,False
a4cb3b,United States,112.4,False
a445f8,United States,242.16,False
7c3480,Australia,55.07,False
a445f0,United States,293.23,False
aaa120,United States,214.72,False
ac9113,United States,20.58,True
010154,Egypt,249.91,False
a5eb54,United States,52.12,False
010153,Egypt,242.63,False
0c216d,Panama,238.1,False
710130,Saudi Arabia,219.28,False
800d6a,India,146.63,False
a24e99,United States,80.85,False
a73e64,United States,43.95,False
a59b6b,United States,253.99,False
aa76cb,United States,255.95,False
a948c4,United States,270.25,False
a458ff,United States,98.22,False
a445d9,United States,200.67,False
71010f,Saudi Arabia,220.89,False
ac3ac9,United States,238.01,False
a61e98,United States,49.84,False
abe77a,United States,164.29,False
a7d085,United States,125.97,False
4d214b,Malta,225.03,False
a73e17,United States,182.69,False
a00dc3,United States,77.66,False
4d2155,Malta,181.79,False
a0640b,United States,53.03,False
ac078b,United States,294.19,False
86d594,Japan,226.11,False
ac4dfb,United States,196.26,False
408314,United Kingdom,243.24,False
abc12a,United States,214.56,False
86d57f,Japan,222.53,False
a708b0,United States,213.96,False
aecaa3,United States,107.9,False
a18403,United States,237.74,False
01010c,Egypt,245.12,False
4d211f,Malta,76.65,False
79a06d,China,210.42,False
a85e16,United States,41.42,False
4d2130,Malta,242.22,False
a73e2f,United States,212.78,False
a6e8ae,United States,239.14,False
c018c8,Canada,82.51,False
a9238a,United States,240.23,False
a17108,United States,223.48,False
39d2ae,France,259.45,False
adbe91,United States,218.13,False
a24dc1,United States,201.14,False
39d2b0,France,150.7,False
a0644d,United States,65.88,False
a3271e,United States,0.06,True
a06461,United States,198.65,False
a9bb67,United States,58.76,False
4081aa,United Kingdom,226.55,False
a0645e,United States,12.86,True
7c3409,Australia,49.24,False
a8ae7f,United States,7.72,True
39d2a5,France,239.53,False
a32718,United States,202.32,False
39d2a7,France,265.33,False
39d2a8,France,307.32,False
a00df9,United States,0.0,True
39d2a2,France,244.74,False
39d2a3,France,263.67,False
a935e0,United States,218.93,False
c04cf4,Canada,220.4,False
7c4796,Australia,6.69,True
a35aae,United States,234.3,False
a85e74,United States,48.79,False
a4cb6f,United States,211.13,False
a17140,United States,229.87,False
a5a2cc,United States,117.51,False
0c2162,Panama,218.45,False
7c7ac7,Australia,0.0,True
3480da,Spain,10.29,False
a43423,United States,221.17,False
ab8412,United States,60.84,False
7c7ab4,Australia,0.0,True
a43416,United States,193.29,False
3480cc,Spain,1.8,True
a59b9c,United States,241.25,False
a24de8,United States,8.23,True
7c7ab0,Australia,228.31,False
a23ab6,United States,49.26,False
3b21ff,France,0.0,True
7c7ab1,Australia,4.12,True
7c7aab,Australia,129.89,False
7c7aa6,Australia,149.98,False
a96b24,United States,32.23,False
4b18fc,Switzerland,0.51,True
7c7aa0,Australia,235.17,False
7c7aa1,Australia,224.89,False
a32756,United States,47.63,False
af9b93,United States,85.12,False
a72b6b,United States,226.33,False
c01970,Canada,158.15,False
86e808,Japan,198.97,False
ad38bf,United States,173.21,False
a5b768,United States,232.31,False
71bf47,Republic of Korea,200.78,False
c00642,Canada,259.83,False
a5b760,United States,187.82,False
a0d9a1,United States,195.33,True
ac3b0f,United States,7.72,True
a67452,United States,226.76,False
c01968,Canada,207.35,False
a12f08,United States,205.73,False
a35af8,United States,173.82,False
abe5d2,United States,138.15,False
86e822,Japan,4.89,True
c0064c,Canada,215.07,False
c0197e,Canada,192.62,False
a43458,United States,0.0,True
800be6,India,0.0,True
800be7,India,231.6,False
7c32f3,Australia,289.45,False
a54163,United States,156.15,False
a5a45c,United States,37.48,False
a80431,United States,29.74,False
c0196c,Canada,69.45,False
a17170,United States,231.75,False
ad5b18,United States,3.09,True
a97da7,United States,212.37,False
a12f2a,United States,275.31,False
a339b4,United States,274.12,False
71bf10,Republic of Korea,170.07,False
a339b1,United States,1.03,True
a81706,United States,45.28,False
71bf09,Republic of Korea,220.49,False
ac3b51,United States,0.0,True
ae58f1,United States,108.28,False
a4ddca,United States,186.01,False
a076a8,United States,45.38,False
71bf34,Republic of Korea,236.0,False
a5a412,United States,85.62,False
adab31,United States,0.0,True
71bf28,Republic of Korea,176.46,False
c0192e,Canada,231.02,False
a4347b,United States,0.9,True
7c7b8f,Australia,56.19,False
a12f6d,United States,285.48,False
451dad,Bulgaria,208.63,False
a0c6e5,United States,36.13,False
7c47ea,Australia,40.97,False
a12f73,United States,216.39,False
4b191d,Switzerland,262.31,False
a66193,United States,66.65,False
a6b183,United States,78.15,False
7580a0,Philippines,114.35,False
a35c0b,United States,238.19,False
a183d3,United States,219.57,False
abc292,United States,189.93,False
abc29a,United States,254.33,False
407131,United Kingdom,266.67,False
a196c8,United States,60.71,False
a12f56,United States,208.14,False
a92478,United States,202.81,False
c00821,Canada,3.86,True
a699c4,United States,39.1,False
a60c09,United States,123.74,False
7c7d18,Australia,35.43,False
a6b185,United States,54.99,False
a12f72,United States,113.3,False
ac07b8,United States,192.07,False
aa527a,United States,222.52,False
a709b4,United States,32.0,False
a92481,United States,1.8,True
adabfe,United States,189.1,False
a0fc23,United States,0.0,True
86d682,Japan,90.04,False
a300a9,United States,182.79,False
71bf94,Republic of Korea,192.68,False
a170d9,United States,285.76,False
71bf90,Republic of Korea,207.58,False
a23c5d,United States,127.79,False
a72af5,United States,81.19,False
86d61c,Japan,212.54,False
a1d3e9,United States,130.89,False
a73dfe,United States,222.81,False
7100c0,Saudi Arabia,283.95,False
a6d788,United States,86.41,False
71bf86,Republic of Korea,115.92,False
ab1d2f,United States,214.99,False
7c6a54,Australia,160.52,False
ab97e6,United States,252.0,False
a5417e,United States,290.01,False
a3bf08,United States,78.42,False
aafd1f,United States,286.38,False
407179,United Kingdom,0.0,True
a36f66,United States,129.82,False
a6c491,United States,101.32,False
a8adbb,United States,41.18,False
ab84c9,United States,212.49,False
abe7c5,United States,10.8,True
a97dcb,United States,196.47,False
ac07dc,United States,103.69,False
ad14a0,United States,206.11,False
a446aa,United States,67.91,False
a446b6,United States,160.09,False
a97de4,United States,78.4,False
a5b6f6,United States,102.57,False
498b29,Czech Republic,68.49,False
abd536,United States,216.34,False
c03c44,Canada,121.41,False
3c66c4,Germany,237.15,False
3c66c3,Germany,71.47,False
aaa224,United States,176.84,False
a3ac7a,United States,202.82,False
ab9892,United States,37.89,False
a7f6b9,United States,0.0,True
aafbd5,United States,46.43,False
4d2003,Malta,233.45,False
ad6ec5,United States,270.56,False
c006d2,Canada,238.14,False
a420af,United States,221.3,False
a35c97,United States,192.29,False
ad2862,United States,301.65,False
0c2065,Panama,228.56,False
ae4867,United States,31.96,False
ab1bf9,United States,174.37,False
0c2069,Panama,219.42,False
aa64ca,United States,116.59,False
adaba6,United States,84.45,False
abd559,United States,0.51,True
a540e3,United States,196.67,False
ac088e,United States,206.11,False
a60c79,United States,29.91,False
aaa247,United States,289.26,False
3ba9ff,France,0.0,True
86e8ac,Japan,211.75,False
a5ff93,United States,175.93,False
abe892,United States,199.88,False
a793d3,United States,93.22,False
ab7268,United States,255.17,False
c006ec,Canada,117.54,False
4d2039,Malta,208.8,False
4d2035,Malta,253.45,False
adbef0,United States,73.05,False
a4df56,United States,197.63,False
7c47aa,Australia,154.24,False
acf54f,United States,211.05,False
a73f35,United States,245.18,False
c03c02,Canada,221.3,False
ad1560,United States,205.54,False
ac3beb,United States,212.45,False
7c47a4,Australia,165.66,False
a2e0fe,United States,133.38,False
a32814,United States,90.24,False
4b906c,Turkey,246.59,False
a32800,United States,271.8,False
c019eb,Canada,176.53,False
aa77c0,United States,167.36,False
a0c810,United States,51.14,False
3c66c1,Germany,288.22,False
c03c04,Canada,119.53,False
c03c05,Canada,220.46,False
a3ac77,United States,246.62,False
a553ce,United States,119.87,False
4b9067,Turkey,77.78,False
a0b550,United States,199.67,False
aa7816,United States,56.41,False
a4482e,United States,207.94,False
a32867,United States,218.49,False
4082e6,United Kingdom,229.83,False
a31533,United States,256.9,False
adac5d,United States,135.26,False
a36eae,United States,0.19,True
a19890,United States,40.29,False
a96c72,United States,234.03,False
758224,Philippines,188.89,False
a24ec1,United States,163.34,False
a32844,United States,55.56,False
a9bc3d,United States,65.29,False
a12ee0,United States,271.77,False
a11bc8,United States,239.56,False
a36ea8,United States,241.2,False
a56866,United States,190.66,False
a0788a,United States,27.57,False
0c2047,Panama,236.51,False
abe80e,United States,82.32,False
a1c23f,United States,107.75,False
a923cf,United States,163.67,False
a30246,United States,207.69,False
a23bfb,United States,176.8,False
a32890,United States,233.44,False
0d0fba,Mexico,0.0,True
a05296,United States,100.32,False
a72c78,United States,140.2,False
a6c3ca,United States,7.72,True
7c7bd1,Australia,235.02,False
ae481d,United States,67.46,False
7c4899,Australia,64.0,False
7c355d,Australia,1.03,True
a936dd,United States,49.16,False
abe82c,United States,211.81,False
7c7bc7,Australia,193.7,False
800cbf,India,133.46,False
a1d546,United States,257.16,False
a6b0bd,United States,206.36,False
800cc9,India,145.63,False
0c2018,Panama,234.81,False
a4350c,United States,206.85,False
ab8553,United States,239.83,False
7c7c9b,Australia,232.22,False
7c7c9c,Australia,0.0,False
aafc36,United States,164.8,False
a66239,United States,237.47,False
a60bcb,United States,223.54,False
ac4f4c,United States,171.11,False
aa5237,United States,206.73,False
a5fef4,United States,223.79,False
a5fef7,United States,64.0,False
ad6f2d,United States,58.3,False
ab1c63,United States,48.66,False
aac6ee,United States,257.72,False
a72bda,United States,115.39,False
a2f584,United States,203.31,False
ab83e8,United States,1.29,True
ac4f6f,United States,0.0,True
a0b59d,United States,0.06,True
a72bf9,United States,40.6,False
800cff,India,229.7,False
ab2f9d,United States,20.17,False
800cfb,India,103.65,False
a5ebda,United States,87.2,False
c04ddc,Canada,103.98,False
a2e235,United States,5.14,True
ad5c38,United States,63.41,False
abd3c7,United States,194.92,False
458667,Denmark,198.16,False
ad6f93,United States,196.98,False
4caa41,Ireland,224.23,False
abc0c1,United States,186.45,False
a81815,United States,170.81,False
a2e28f,United States,15.95,True
a6751d,United States,85.2,False
a80522,United States,93.97,False
850fb6,Japan,7.2,True
aa7833,United States,244.84,False
abc0e4,United States,283.59,False
aaa0f7,United States,87.42,False
a6d83c,United States,0.0,True
c00734,Canada,164.34,False
