icao24,origin_country,velocity,on_ground
e8027c,Chile,218.73,False
e8027d,Chile,216.76,False
aa9321,United States,250.71,False
a4d862,United States,43.24,False
801640,India,96.87,False
a3b87f,United States,179.8,False
c07d20,Canada,3.86,True
7c2eff,Australia,0.0,False
80162e,India,223.49,False
7c1bc4,Australia,86.46,False
acdfa6,United States,261.12,False
801657,India,0.0,True
a36898,United States,216.53,False
acdfa3,United States,231.57,False
a3a578,United States,212.87,False
a5954e,United States,124.42,False
c047e7,Canada,45.07,False
801619,India,233.23,False
7c1bb9,Australia,38.45,False
a1befc,United States,229.56,False
a4d889,United States,211.7,False
aaf656,United States,248.58,False
a15bf8,United States,52.23,False
ad5622,United States,272.03,False
ad5623,United States,85.4,False
ad6954,United States,56.74,False
a6aec4,United States,181.39,False
ab0347,United States,38.16,False
801627,India,219.65,False
ad5628,United States,204.48,False
a0e250,United States,223.79,False
a0e23b,United States,39.29,False
a2ded8,United States,183.33,False
ad694c,United States,212.6,False
407a06,United Kingdom,211.88,False
a2355d,United States,66.22,False
ac498d,United States,83.3,False
ac498c,United States,253.66,False
adeca5,United States,215.39,False
aad012,United States,283.83,False
abacd2,United States,0.26,True
ae6304,United States,4.37,True
a47597,United States,1.29,True
4bc8c2,Turkey,9.46,False
e8024c,Chile,4.37,True
801697,India,225.27,False
4bc8d6,Turkey,218.13,False
4bc8d4,Turkey,231.81,False
a2226b,United States,54.35,False
a963f7,United States,219.12,False
ac234f,United States,241.08,False
ac101f,United States,208.05,False
a39bfa,United States,251.56,False
ad5679,United States,0.0,True
80164c,India,118.91,False
acdffc,United States,1.54,True
801659,India,263.71,False
801661,India,239.56,False
ac3688,United States,220.32,False
7c7239,Australia,53.52,False
801669,India,0.0,True
a3689e,United States,0.06,True
a3556f,United States,236.3,False
a950cb,United States,48.88,False
abf025,United States,211.92,False
a950ce,United States,234.27,False
a53ee2,United States,248.14,False
801671,India,174.73,False
0d11c0,Mexico,107.76,False
ab01ee,United States,49.73,False
adda1b,United States,111.13,False
abad94,United States,179.32,False
adda32,United States,6.19,False
e80211,Chile,76.2,False
a8456a,United States,34.53,False
a7bbe9,United States,232.87,False
ac6a65,United States,0.0,True
86cfa0,Japan,132.76,False
8a0419,Indonesia,72.92,False
e8020c,Chile,236.42,False
3455d5,Spain,269.19,False
e8020f,Chile,2.31,True
a5829d,United States,220.37,False
a6f23d,United States,201.08,False
0d11e4,Mexico,199.99,False
acba5a,United States,48.63,False
a71291,United States,230.21,False
e8021e,Chile,232.15,False
e8021d,Chile,214.81,False
aded77,United States,0.0,True
a71295,United States,11.32,True
ad41cd,United States,247.19,False
80169e,India,199.43,False
a127bb,United States,98.26,False
0d11f9,Mexico,175.75,False
a3428e,United States,298.06,False
a5d28e,United States,202.63,False
c0226c,Canada,241.91,False
e80246,Chile,81.59,False
a5d28c,United States,144.17,False
e80242,Chile,245.28,False
e48bf8,Brazil,64.12,False
c07bc7,Canada,246.28,False
c81d1b,New Zealand,41.03,False
46b831,Greece,250.43,False
a0f4d6,United States,24.69,False
a97861,United States,35.82,False
a9c834,United States,49.68,False
a091d5,United States,231.37,False
a8eed8,United States,250.0,False
ac491d,United States,72.03,False
a4c592,United States,284.66,False
a114f4,United States,206.63,False
a5958c,United States,196.17,False
a8584a,United States,142.94,False
a1ad46,United States,126.6,False
a95219,United States,85.85,False
a27d38,United States,143.96,False
4cc2a7,Iceland,219.2,False
a0f4b5,United States,226.91,False
4cc2a3,Iceland,250.35,False
a1ad1f,United States,21.02,False
c0356f,Canada,43.99,False
7c2ea2,Australia,51.17,False
851958,Japan,193.21,False
0d11b0,Mexico,209.24,False
aaf621,United States,99.31,False
47880d,Norway,260.65,False
a6f226,United States,79.78,False
aaf60a,United States,8.75,True
a71242,United States,87.46,False
e80201,Chile,170.71,False
a7bbb2,United States,251.69,False
a2ba48,United States,206.75,False
ab5d37,United States,42.63,True
a3ed69,United States,5.4,True
a88d01,United States,132.41,False
a39d6b,United States,34.1,False
7c1c51,Australia,8.23,True
a4fa0f,United States,56.03,False
7c1c45,Australia,0.0,True
a5f7d9,United States,27.4,False
a00929,United States,1.54,True
accd13,United States,220.48,False
a2ba29,United States,73.26,False
accd10,United States,210.71,False
a64d4d,United States,221.19,False
accd18,United States,146.1,False
a857ce,United States,10.8,True
a091f3,United States,213.1,False
e07583,Argentina,200.07,False
e07581,Argentina,200.71,False
ab14d9,United States,252.99,False
c02207,Canada,216.02,False
84d283,Japan,10.29,True
ad67ae,United States,213.71,False
a3ed96,United States,120.58,False
7cf9c4,Australia,171.18,False
a234ef,United States,262.39,False
aaf4c8,United States,235.25,False
aaf4d3,United States,67.21,False
8a0479,Indonesia,6.69,True
a02a95,United States,59.7,False
a02a93,United States,46.82,False
a26a44,United States,74.22,False
a26a45,United States,51.68,False
8014e4,India,227.93,False
a6f28c,United States,236.94,False
e49eeb,Brazil,64.35,False
c81d9d,New Zealand,237.74,False
8014dc,India,175.6,False
ac34bf,United States,0.0,True
8014df,India,205.92,False
e49ef3,Brazil,154.19,False
a40d8d,United States,96.74,False
7c1c6f,Australia,84.48,False
ab5d80,United States,186.02,False
accd1e,United States,53.41,False
e0b254,Argentina,245.56,False
a39d9b,United States,83.31,False
e48ba9,Brazil,254.57,False
ac21c3,United States,4.12,True
e48ba8,Brazil,242.18,False
a40d7a,United States,217.32,False
8014bb,India,236.84,False
e0b285,Argentina,246.05,False
acba1b,United States,0.45,True
a2ba4f,United States,224.55,False
e0b284,Argentina,196.23,False
e48ba7,Brazil,260.82,False
87453a,Japan,226.98,False
8014d8,India,211.86,False
abad6c,United States,188.44,False
7c1c4b,Australia,64.31,False
4520f9,Bulgaria,79.23,False
4a2021,Romania,222.3,False
471f66,Hungary,211.23,False
a09322,United States,181.61,False
ada557,United States,201.24,False
a4b1ff,United States,230.61,False
a4fa91,United States,33.85,False
a99a52,United States,201.15,False
a28fac,United States,65.41,False
a3ffa4,United States,52.08,False
a1bfb2,United States,249.63,False
ada546,United States,46.86,False
a03ce6,United States,241.67,False
a24931,United States,34.99,False
7809aa,China,194.87,False
a03cb6,United States,73.5,False
8014fa,India,233.25,False
c07c7b,Canada,231.7,False
c07c7a,Canada,0.0,True
a3a61a,United States,218.55,False
a5d1b9,United States,12.86,True
a40cb0,United States,69.25,False
a88d47,United States,204.52,False
a76d5a,United States,198.55,False
a604f9,United States,21.61,False
7809e4,China,214.62,False
a40ca4,United States,197.16,False
7809f0,China,11.83,True
801612,India,256.51,False
a9c7c7,United States,52.39,False
7809eb,China,224.48,False
471f01,Hungary,52.88,False
a51a87,United States,49.56,False
5003ee,San Marino,5.25,False
a831b2,United States,174.65,False
0d121d,Mexico,237.45,False
ac47b7,United States,279.45,False
c07c59,Canada,114.43,False
0d1233,Mexico,222.1,False
ab27d8,United States,34.79,False
ad9da9,United States,41.19,False
a59662,United States,50.15,False
a4d97e,United States,10.29,True
a46345,United States,161.13,False
e48c05,Brazil,77.09,False
a84625,United States,52.05,False
c07e42,Canada,45.32,False
80175a,India,202.63,False
4cc277,Iceland,244.13,False
a1f01f,United States,221.62,False
abadc0,United States,176.53,False
ac3751,United States,56.39,False
c07e32,Canada,143.46,False
a5d319,United States,174.67,False
c07e33,Canada,3.34,True
a40cca,United States,61.57,False
a40cd9,United States,241.03,False
c035cc,Canada,237.74,False
7c1cbe,Australia,153.8,False
a2dffe,United States,262.17,False
a22358,United States,9.26,True
a64ce6,United States,83.75,False
abadd6,United States,142.69,False
c81ad1,New Zealand,27.27,False
c022a8,Canada,228.27,False
801745,India,215.48,False
801742,India,233.43,False
ad574f,United States,246.75,False
a71337,United States,219.25,False
ac2439,United States,211.09,False
a64cce,United States,178.43,False
a08065,United States,73.85,False
c035bb,Canada,192.16,False
a9ea96,United States,188.27,False
801749,India,205.27,False
a85964,United States,189.36,False
a7130c,United States,201.91,False
c07e59,Canada,3.34,True
801752,India,3.34,True
a46310,United States,239.23,False
c035d4,Canada,0.06,True
a76cc0,United States,240.23,False
ac377b,United States,176.06,False
0d10e4,Mexico,197.25,False
abadf9,United States,197.54,False
3c4b27,Germany,289.74,False
a45051,United States,246.6,False
3c4b28,Germany,249.39,False
a99a96,United States,245.81,False
ab4af1,United States,0.0,True
7c6045,Australia,77.89,False
ac245c,United States,277.64,False
3c4b2d,Germany,286.55,False
a3a647,United States,239.93,False
a3ecc8,United States,241.36,False
a9fd75,United States,42.42,False
a46368,United States,255.25,False
a0808f,United States,276.77,False
a52cc8,United States,103.92,False
a9b4de,United States,258.38,False
80177e,India,220.89,False
a008c5,United States,234.49,False
a008c9,United States,4.12,True
a61973,United States,50.91,False
ac247a,United States,257.65,False
a39e0c,United States,69.45,False
a6905d,United States,0.0,True
ada5ee,United States,192.28,False
a6f380,United States,68.1,False
c0104f,Canada,240.25,False
a02b41,United States,50.54,False
a02b48,United States,65.92,False
a4a095,United States,237.76,False
a235b7,United States,147.01,False
c01049,Canada,239.78,False
a14b1a,United States,241.47,False
ae62f2,United States,159.81,False
0ac3d1,Colombia,228.4,False
7c71fd,Australia,44.54,False
a9b649,United States,188.9,False
ad8b97,United States,53.35,False
a45072,United States,191.7,False
a8204f,United States,46.23,False
0ac3d8,Colombia,119.29,False
ae62f9,United States,72.07,False
e0b197,Argentina,131.84,False
a8469e,United States,224.21,False
addb4a,United States,200.76,False
e48ad5,Brazil,182.0,False
e48ad4,Brazil,162.98,False
4bb4f0,Turkey,238.99,False
a7000a,United States,129.62,False
a84663,United States,247.09,False
4aca66,Sweden,234.29,False
4aca65,Sweden,0.0,True
a5e66d,United States,140.7,False
a7133f,United States,200.16,False
500328,San Marino,216.03,False
a26b51,United States,273.53,False
a488e5,United States,64.0,False
a222b2,United States,183.42,False
a2bb10,United States,71.18,False
ac370b,United States,254.0,False
7c1ca2,Australia,149.75,False
a9b62c,United States,257.72,False
a9b62a,United States,210.46,False
a7cfe6,United States,217.21,False
76b866,Singapore,196.09,False
a89fda,United States,192.34,False
76b868,Singapore,214.52,False
a7cfe3,United States,0.06,True
a475a3,United States,174.93,False
ab0416,United States,96.9,False
a15e70,United States,215.89,False
aa944a,United States,216.18,False
aa2abc,United States,155.69,False
505ce6,Slovakia,204.3,False
c81c31,New Zealand,81.85,False
44033f,Austria,135.74,False
847114,Japan,262.27,False
a3a5eb,United States,283.09,False
a3a5ec,United States,205.83,False
8015c6,India,239.4,False
0180bd,Libyan Arab Jamahiriya,193.31,False
ac7e1c,United States,271.27,False
a222ea,United States,207.05,False
c81c47,New Zealand,37.97,False
a3a5fc,United States,0.0,True
ac48f2,United States,129.87,False
47890c,Norway,4.89,True
84c068,Japan,196.26,False
c81c58,New Zealand,40.38,False
a3db5a,United States,219.49,False
a39e83,United States,48.66,False
8a0365,Indonesia,141.32,False
ab02c9,United States,44.48,False
a475d8,United States,272.15,False
8015a8,India,255.01,False
ab5e6c,United States,274.61,False
a858f6,United States,183.37,False
a88e2e,United States,110.86,False
8015b2,India,236.94,False
a26b4a,United States,214.87,False
873378,Japan,92.92,False
adb8b5,United States,29.7,False
c07cb9,Canada,121.8,False
ad8b1d,United States,215.6,False
ac22c5,United States,261.14,False
c06a9b,Canada,143.97,False
a3b8f5,United States,208.39,False
885308,Thailand,1.03,False
885305,Thailand,8.23,True
acce3f,United States,243.57,False
a70099,United States,187.22,False
a3a5d9,United States,241.52,False
ac7e80,United States,1.03,True
3c4ad8,Germany,264.86,False
a2bb89,United States,269.02,False
ac7e8a,United States,37.86,False
a52e50,United States,0.0,True
a52e54,United States,244.43,False
a462dd,United States,31.73,False
a5f8e4,United States,231.07,False
a2bb83,United States,0.0,False
0180a4,Libyan Arab Jamahiriya,209.92,False
ac6b61,United States,6.43,False
a3a5db,United States,35.33,False
8015f7,India,264.07,False
a4c5d8,United States,208.74,False
0d118c,Mexico,274.12,False
a14aa8,United States,227.69,False
e48b65,Brazil,223.66,False
aae380,United States,56.27,False
a8de7d,United States,209.05,False
a1adab,United States,217.02,False
4bc84e,Turkey,215.92,False
a0e431,United States,281.89,False
a60701,United States,131.16,False
c06a69,Canada,46.4,False
a99b83,United States,232.24,False
0d1138,Mexico,231.58,False
702066,Bangladesh,189.11,False
0d112a,Mexico,204.79,False
ada699,United States,205.27,False
aa92ff,United States,262.97,False
702067,Bangladesh,208.87,False
70204a,Bangladesh,272.77,False
abf052,United States,87.81,False
ad4390,United States,194.57,False
ac1080,United States,51.59,False
ac1076,United States,0.64,True
0d1155,Mexico,217.68,False
aa92f9,United States,260.69,False
841b6a,Japan,165.65,False
aa92f8,United States,253.09,False
a08153,United States,60.17,False
a1f116,United States,244.72,False
aa2b79,United States,247.47,False
87339a,Japan,271.41,False
a582f9,United States,220.09,False
a21127,United States,135.26,False
a5d2d4,United States,0.9,True
a8de56,United States,262.08,False
a51b93,United States,47.85,False
8518ae,Japan,267.43,False
ac7e09,United States,258.54,False
a39dca,United States,207.69,False
800401,India,195.87,False
ab28d7,United States,14.92,True
a39dd0,United States,11.32,True
a35764,United States,269.39,False
ad3098,United States,268.31,False
ac7e15,United States,214.36,False
a8de33,United States,275.59,False
ac48ac,United States,74.24,False
ac48d3,United States,180.09,False
abf09e,United States,219.6,False
aaf5b1,United States,248.39,False
a845f4,United States,5.4,True
a14ad1,United States,206.26,False
73806e,Israel,254.12,True
a98909,United States,265.97,False
a4996b,United States,200.39,False
a6bfa6,United States,212.31,False
a36661,United States,241.69,False
a2efec,United States,125.97,False
c058b4,Canada,12.86,True
c058c0,Canada,256.21,False
a4d624,United States,117.9,False
c058ae,Canada,261.79,False
a35336,United States,161.26,False
a2467a,United States,209.28,False
a11378,United States,88.77,False
e072d4,Argentina,170.42,False
ab2752,United States,0.0,True
738061,Israel,237.11,False
c07b05,Canada,239.74,False
738069,Israel,244.42,False
738068,Israel,248.9,False
a6bfbd,United States,61.07,False
a10019,United States,72.29,False
80184e,India,224.47,False
ac340a,United States,180.2,False
738072,Israel,234.16,False
a22003,United States,183.97,False
738076,Israel,261.96,False
80185f,India,181.98,False
c058bb,Canada,232.01,False
702087,Bangladesh,270.81,False
adb723,United States,67.96,False
8733bc,Japan,205.43,False
7c6179,Australia,0.0,False
3c4a03,Germany,233.01,False
aae106,United States,75.63,False
a4733e,United States,166.07,False
abaaa8,United States,182.21,False
a04e00,United States,199.53,False
ab0129,United States,0.0,True
738050,Israel,242.23,False
738054,Israel,242.98,False
738053,Israel,37.04,True
738051,Israel,47.03,False
3c4a14,Germany,257.52,False
738056,Israel,244.5,False
44003f,Austria,242.84,False
8a04f5,Indonesia,220.92,False
a66fa9,United States,41.95,False
e48b01,Brazil,219.73,False
7c6157,Australia,45.65,False
a3401a,United States,0.0,True
a74923,United States,0.0,True
a11392,United States,33.17,False
ad6758,United States,294.45,False
a2dce1,United States,195.93,False
ae7405,United States,62.07,False
800583,India,271.64,False
e80048,Chile,290.04,False
800589,India,237.21,False
7cc43c,Australia,59.32,False
aa3b92,United States,6.43,True
c04688,Canada,217.1,False
a7ccce,United States,198.66,False
a7101e,United States,189.26,False
ad52c2,United States,0.0,True
a73690,United States,187.98,False
a89ccc,United States,197.97,False
c02029,Canada,4.12,True
a6f00d,United States,269.15,False
a9c631,United States,127.97,False
a005c1,United States,36.12,False
8a064d,Indonesia,224.57,False
accb22,United States,159.43,False
874846,Japan,13.89,True
aa9156,United States,51.47,False
a95013,United States,70.07,False
a258b4,United States,73.87,False
a8b964,United States,139.81,False
a8301d,United States,52.68,False
abab67,United States,238.15,False
ac32f2,United States,155.09,False
ab5b8c,United States,204.3,False
aa3ae4,United States,209.46,False
aa9136,United States,261.11,False
a3537d,United States,25.8,False
e4a62d,Brazil,71.93,False
c02039,Canada,221.31,False
accb50,United States,173.81,False
a138b8,United States,225.78,False
a35388,United States,210.11,False
a96329,United States,43.18,False
a4b06c,United States,131.47,False
a4d65c,United States,202.93,False
8840fa,Thailand,129.4,False
a2de28,United States,110.91,False
a97626,United States,159.5,False
c04632,Canada,115.75,False
adfe6e,United States,139.92,False
a5e31c,United States,101.6,False
a2de17,United States,97.07,False
3c4a8b,Germany,248.92,False
aa9108,United States,71.82,False
3c4a8c,Germany,218.27,False
a03b67,United States,166.99,False
a4c34c,United States,242.27,False
a8b920,United States,41.42,False
c04660,Canada,31.53,False
c04662,Canada,59.73,False
a258be,United States,175.31,False
ab2718,United States,93.71,False
a15b05,United States,200.96,False
c0332c,Canada,195.71,False
a89caa,United States,34.82,False
a04e60,United States,140.42,False
a97608,United States,151.14,False
e4a66a,Brazil,120.98,False
a61697,United States,52.78,False
ab2728,United States,10.8,True
ab2729,United States,73.2,False
a6034a,United States,11.32,True
a1be10,United States,179.61,False
aa0759,United States,216.85,False
aa3b05,United States,244.16,False
8016e0,India,217.97,False
a52b19,United States,180.65,False
89611a,United Arab Emirates,208.89,False
a39b39,United States,259.6,False
aae09f,United States,0.0,True
a2cb32,United States,268.35,False
89611e,United Arab Emirates,194.04,False
70472a,Myanmar,116.01,False
a4d5c3,United States,42.34,False
a1be72,United States,197.04,False
7c72ac,Australia,59.36,False
a41e2c,United States,227.5,False
a2cb13,United States,270.63,False
8016ae,India,227.53,False
34558f,Spain,250.89,False
a4e8ef,United States,114.86,False
a125f9,United States,204.19,False
7c72b4,Australia,64.85,False
a1be3a,United States,116.42,False
8016d4,India,244.51,False
8016bf,India,206.1,False
a03b6d,United States,223.87,False
896120,United Arab Emirates,219.17,False
a615d0,United States,0.0,True
a41e29,United States,235.16,False
406947,United Kingdom,236.03,False
a65e53,United States,48.29,False
abbe23,United States,298.57,False
a15b4c,United States,158.05,False
abbe24,United States,80.77,False
a9768a,United States,0.0,False
ac45ac,United States,261.5,False
c1ea42,Canada,0.06,True
ab5b2b,United States,270.0,False
a41e90,United States,213.0,False
ac7b1b,United States,223.35,False
a12709,United States,7.72,True
ac8e53,United States,115.18,False
ab6e6d,United States,49.94,False
c81b78,New Zealand,51.17,False
acde46,United States,45.62,False
a40b41,United States,0.0,True
c1ea23,Canada,5.92,True
c81b83,New Zealand,63.81,False
8003e2,India,259.26,False
ab5b66,United States,104.61,False
a97690,United States,45.66,False
704729,Myanmar,104.06,False
c1ea32,Canada,3.09,True
a12731,United States,242.3,False
a12732,United States,4.12,True
702160,Bangladesh,53.03,False
a12733,United States,300.55,False
a12734,United States,232.86,False
a9c5c5,United States,132.16,False
7cb05e,Australia,156.26,False
7cb05d,Australia,0.0,True
c044f2,Canada,35.66,False
a77e8f,United States,190.2,False
a88b46,United States,51.35,False
7cb066,Australia,136.25,False
7cb067,Australia,9.26,True
a16db9,United States,212.48,False
801804,India,147.69,False
7cb061,Australia,154.4,False
801811,India,154.5,False
8626cc,Japan,0.0,True
89617f,United Arab Emirates,253.46,False
ac468d,United States,215.57,False
a988f0,United States,5.92,True
ac335e,United States,67.16,False
7cb059,Australia,0.0,True
a12712,United States,290.99,False
7cb058,Australia,152.62,False
a842e7,United States,99.89,False
738102,Israel,212.37,False
ac2038,United States,9.77,True
ac335b,United States,188.38,False
c031ba,Canada,182.43,False
a90e61,United States,227.09,False
adb656,United States,236.35,False
89618b,United Arab Emirates,231.4,False
8a05ad,Indonesia,249.27,False
ad533d,United States,186.26,False
adc96f,United States,89.73,False
ac337e,United States,191.29,False
a89e2f,United States,39.31,False
a24757,United States,279.06,False
a602ab,United States,1.29,True
a855ad,United States,10.8,True
896173,United Arab Emirates,232.8,False
a04dfa,United States,283.52,False
a0f427,United States,261.05,False
8a05a3,Indonesia,249.14,False
a5f5bf,United States,9.26,True
a748f8,United States,135.2,False
a1277a,United States,209.87,False
a602be,United States,48.66,False
a868d2,United States,50.07,False
ab38a1,United States,197.18,False
a988da,United States,57.22,False
a53e8e,United States,57.99,False
ac338d,United States,114.11,False
ad5398,United States,229.1,False
a9b39e,United States,217.14,False
a12756,United States,215.4,False
ac2082,United States,183.25,False
a602cd,United States,213.26,False
801816,India,12.35,True
ae6046,United States,120.37,False
c044c8,Canada,2.57,True
c044be,Canada,114.88,False
a988ae,United States,45.38,False
a12768,United States,29.33,False
a9a082,United States,259.59,False
ab2854,United States,239.28,False
a24796,United States,87.8,False
a1279f,United States,46.09,False
a60409,United States,262.91,False
a39ac6,United States,256.1,False
7c7574,Australia,64.79,False
7c7570,Australia,37.26,False
44019b,Austria,201.13,False
c059d2,Canada,208.89,False
a0f46f,United States,70.41,False
ac4843,United States,232.19,False
a34119,United States,5.4,True
a58103,United States,188.87,False
a39ab4,United States,80.25,False
a12797,United States,207.03,False
3ad3ff,France,0.0,True
a1aaae,United States,208.75,False
47b121,Norway,233.77,False
c059db,Canada,222.76,False
a3b796,United States,2.06,True
7cc532,Australia,38.1,False
a24789,United States,70.21,False
a28de3,United States,203.76,False
ac8ee5,United States,192.4,False
a5810c,United States,146.63,False
a24782,United States,154.67,False
a0f44c,United States,255.01,False
ab5bd4,United States,187.98,False
a9b2e0,United States,191.0,False
7c6281,Australia,43.9,False
7cc597,Australia,37.42,False
a7bb77,United States,68.94,False
a3413f,United States,62.3,False
a842f8,United States,187.67,False
abbedb,United States,239.46,False
a9fb4e,United States,87.46,False
ab5bf0,United States,226.52,False
a09188,United States,199.47,False
ad9bc8,United States,192.28,False
acdef1,United States,24.83,False
a39ada,United States,242.68,False
452181,Bulgaria,271.07,False
a47454,United States,58.93,False
adfebc,United States,201.63,False
ac3567,United States,72.66,False
300a9d,Italy,263.32,False
ac7bcc,United States,39.37,False
ada51e,United States,242.33,False
a2348d,United States,221.16,False
a4743b,United States,27.43,False
ada528,United States,3.34,True
a3411f,United States,47.33,True
e49d20,Brazil,220.4,False
440189,Austria,4.12,True
a53dac,United States,149.98,False
7c7597,Australia,64.11,False
8a03aa,Indonesia,128.85,False
a27aee,United States,233.83,False
a36799,United States,9.77,True
ac20c4,United States,202.05,False
ab00ce,United States,224.12,False
a4c48f,United States,80.25,False
aaf3ec,United States,28.8,False
0d12dd,Mexico,264.67,False
452119,Bulgaria,246.44,False
a3c9a3,United States,48.11,False
a7cdf6,United States,47.62,False
a8a785,United States,230.47,False
a9644c,United States,39.65,False
8a0536,Indonesia,131.61,False
a126c3,United States,247.75,False
a126c4,United States,1.03,True
a3c9b4,United States,267.25,False
8a051f,Indonesia,228.87,False
ac20e7,United States,191.71,False
acdf9a,United States,200.69,False
e4a526,Brazil,233.74,False
a6049b,United States,0.9,True
a96436,United States,204.78,False
a03c14,United States,42.21,False
a04f49,United States,4.12,True
8a0519,Indonesia,136.35,False
a15c01,United States,139.01,False
a3549d,United States,239.73,False
a3ff26,United States,240.34,False
ad9c6c,United States,66.6,False
452124,Bulgaria,240.51,False
ad53ea,United States,83.95,False
7c6210,Australia,49.48,False
a3eadd,United States,55.01,False
aa9244,United States,214.66,False
a1ac37,United States,35.21,False
84d622,Japan,148.7,False
7c753d,Australia,132.33,False
7c753a,Australia,150.29,False
a1bf3a,United States,12.35,True
7020b2,Bangladesh,230.3,False
a4b136,United States,5.66,True
7c7539,Australia,131.21,False
0d12ad,Mexico,215.89,False
a8a748,United States,0.0,True
a65dec,United States,50.63,False
a15c1c,United States,255.49,False
a88ab5,United States,3.0,False
440118,Austria,123.0,False
a5e44c,United States,70.99,False
7020c2,Bangladesh,231.12,False
a1ac11,United States,160.23,False
ab282b,United States,217.74,False
a85762,United States,46.84,False
ae60e3,United States,103.84,False
ab6eb9,United States,175.34,False
e49bfe,Brazil,242.97,False
e49bfd,Brazil,214.75,False
ac481d,United States,239.07,False
e49bff,Brazil,188.43,False
a4c492,United States,182.35,False
846020,Japan,180.42,False
aa4ee9,United States,136.67,False
a126e6,United States,11.83,True
a126e7,United States,235.38,False
a6adda,United States,40.14,False
e4a561,Brazil,211.13,False
a499a0,United States,244.86,False
a090a5,United States,28.41,False
acdf07,United States,48.94,False
a41f6c,United States,207.36,False
a77f2d,United States,209.17,False
ab39f0,United States,117.82,False
aa3c0b,United States,0.0,True
a8b9b3,United States,268.19,False
a233e7,United States,220.5,False
a53f5b,United States,219.24,False
a52c2d,United States,122.26,False
a2cc46,United States,238.84,False
a353c8,United States,259.84,False
a486cc,United States,0.64,True
a77f26,United States,259.47,False
a353d2,United States,72.65,False
8004df,India,270.92,False
a749d9,United States,44.82,False
ab5c26,United States,221.27,False
a486d8,United States,0.51,True
4bb1e8,Turkey,239.42,False
8017e5,India,0.19,True
8017e4,India,242.35,False
aa06b7,United States,65.02,False
a486be,United States,259.67,False
a1ac50,United States,43.92,False
a6af55,United States,149.9,False
a53f90,United States,40.97,False
adc9b6,United States,276.74,False
ad79e8,United States,142.31,False
a52c4f,United States,195.04,False
4bb1c4,Turkey,113.89,False
a15c80,United States,249.88,False
4892c5,Poland,232.18,False
8017f7,India,271.27,False
ac33a7,United States,53.35,False
a28f6a,United States,53.65,False
a52c68,United States,46.43,False
c04738,Canada,239.36,False
a593ce,United States,48.66,False
a83174,United States,205.92,False
a5d192,United States,50.28,False
a53f20,United States,198.98,False
aaf3b7,United States,45.53,False
ae1f48,United States,51.19,False
896212,United Arab Emirates,78.97,False
adc9d8,United States,42.37,False
ac33c4,United States,223.42,False
a7116f,United States,58.36,False
abac2a,United States,63.62,False
896214,United Arab Emirates,236.63,False
abac2c,United States,85.84,False
ab5c69,United States,1.03,True
a1280c,United States,132.08,False
89620c,United Arab Emirates,276.48,False
7380c2,Israel,270.25,False
ac20a1,United States,242.06,False
7380c1,Israel,253.75,False
7380c6,Israel,264.12,False
7380c3,Israel,260.4,False
a2cc6b,United States,36.26,False
7380c9,Israel,242.62,False
7380c8,Israel,239.46,False
7380c7,Israel,238.46,False
a9b43f,United States,0.0,True
c81a5b,New Zealand,62.05,False
a220cb,United States,0.0,True
e08594,Argentina,0.0,True
adc9db,United States,84.41,False
7380ca,Israel,242.43,False
ac7c67,United States,211.07,False
a27c98,United States,52.05,False
c81a90,New Zealand,89.73,False
c81a92,New Zealand,126.58,False
ad9ac9,United States,260.65,False
abbdfa,United States,0.0,True
a90f92,United States,206.28,False
e49c59,Brazil,193.16,False
a9fc34,United States,140.91,False
a36825,United States,0.0,True
acddf8,United States,7.72,True
a04edb,United States,201.39,False
ae742a,United States,43.78,False
a7bc58,United States,242.12,False
a12861,United States,128.21,False
a76c79,United States,213.04,False
c07b3c,Canada,196.63,False
a16ebc,United States,219.31,False
a7bc3e,United States,131.54,False
aaf47a,United States,131.51,False
a8a6cf,United States,4.89,True
a963b6,United States,155.03,False
ae7458,United States,289.7,False
aa90c2,United States,255.87,False
344304,Spain,218.21,False
abaadd,United States,218.24,False
a4d801,United States,41.24,False
8a04a5,Indonesia,149.45,False
a3fea3,United States,10.29,True
87cd03,Japan,192.62,False
a3a503,United States,190.37,False
a24824,United States,280.68,False
ab017b,United States,141.72,False
ac2173,United States,103.65,False
a3a509,United States,223.92,False
a4c3e4,United States,65.73,False
c07b0a,Canada,238.11,False
a976c7,United States,119.88,False
c058f7,Canada,220.59,False
aae180,United States,38.24,False
a34209,United States,132.42,False
abaafe,United States,0.0,True
a28eed,United States,34.98,False
a34201,United States,217.72,False
a10231,United States,156.17,False
a0f566,United States,272.53,False
a8a6d0,United States,238.82,False
a28ee7,United States,169.08,False
ae748d,United States,61.86,False
a89f80,United States,0.51,True
a5e3e4,United States,233.39,False
e49c5a,Brazil,7.2,True
a3ec9e,United States,136.71,False
a36845,United States,48.48,False
0d0019,Mexico,250.0,False
a5e3f8,United States,208.53,False
a9d9c1,United States,47.77,False
0d0022,Mexico,229.7,False
ac59aa,United States,0.0,True
ab39e3,United States,199.17,False
a736ff,United States,275.82,False
a4b0e0,United States,46.37,False
a57362,United States,212.71,False
aac10d,United States,7.72,True
ad474c,United States,226.67,False
ac0110,United States,38.19,False
ac5ab7,United States,213.21,False
a02e0a,United States,210.23,False
a5d668,United States,75.56,False
abe101,United States,225.78,False
a8496e,United States,115.29,False
3451cf,Spain,199.79,False
a6099c,United States,48.02,False
a32068,United States,136.67,False
3451cd,Spain,68.42,False
c012a5,Canada,205.75,False
a9563b,United States,125.44,False
a70330,United States,40.34,False
ac011d,United States,185.1,False
a71668,United States,254.56,False
7cc669,Australia,30.84,False
a70333,United States,225.45,False
4bb21a,Turkey,243.23,False
adddd5,United States,253.53,False
4079cd,United Kingdom,101.76,False
020118,Morocco,224.55,False
abe124,United States,267.06,False
a2136e,United States,48.98,False
ad7ab8,United States,201.71,False
a0c075,United States,235.76,False
a7299c,United States,60.97,False
a81000,United States,263.87,False
a81001,United States,84.88,False
8962e6,United Arab Emirates,284.62,False
a3201f,United States,198.36,False
ac0143,United States,151.93,False
a81006,United States,202.76,False
a87cbe,United States,125.02,False
aa7108,United States,76.9,False
3a2e68,France,268.06,False
ac5ada,United States,245.41,False
c012bd,Canada,229.43,False
a4798f,United States,244.18,False
a3dcd6,United States,254.44,False
a4c96c,United States,0.0,True
abe147,United States,187.9,False
a2be06,United States,244.47,False
ad212a,United States,194.08,False
4bb295,Turkey,239.89,False
adddda,United States,143.51,False
a5d623,United States,0.0,True
ad2138,United States,41.34,False
a9da7e,United States,58.21,False
a1e08d,United States,124.19,False
a14e3d,United States,85.77,False
ac148f,United States,276.83,False
ad479d,United States,207.98,False
aa9748,United States,54.02,False
a0f8cb,United States,220.11,False
a4405f,United States,110.04,False
abf480,United States,33.96,False
ac5afd,United States,107.33,False
a58672,United States,194.41,False
a01b04,United States,49.73,False
a82300,United States,59.37,False
c06e48,Canada,67.08,False
a238a6,United States,237.57,False
a5d648,United States,238.25,False
a5d643,United States,269.08,False
a71652,United States,87.89,False
4bb26d,Turkey,219.46,False
a5c31b,United States,138.09,False
7cc690,Australia,59.94,False
4bb289,Turkey,221.59,False
4bb287,Turkey,236.13,False
4bb285,Turkey,117.44,False
a4fe17,United States,52.43,False
896408,United Arab Emirates,227.11,False
896407,United Arab Emirates,231.86,False
896411,United Arab Emirates,219.75,False
a37b0c,United States,225.42,False
adde95,United States,205.14,False
a3a8ef,United States,6.43,True
a105d2,United States,89.83,False
a728c1,United States,60.72,False
a095f0,United States,168.53,False
c038aa,Canada,229.03,False
a01b56,United States,216.66,False
ab4db1,United States,46.77,False
a105e8,United States,206.93,False
467727,Finland,10.29,True
a4c8de,United States,0.0,True
a358bd,United States,258.53,False
a81030,United States,71.52,False
a465df,United States,260.69,False
7c6334,Australia,63.09,False
a2be6d,United States,68.94,False
345299,Spain,128.28,False
a87cf9,United States,7.2,True
7c7653,Australia,29.25,False
a8233a,United States,65.84,False
aa8499,United States,258.05,False
a38e69,United States,225.42,False
a25b4d,United States,77.89,False
a7f02d,United States,188.47,False
a37b45,United States,216.34,False
c0138f,Canada,46.3,False
a3a8c0,United States,221.52,False
a26e90,United States,48.78,False
a8103e,United States,1.03,True
a25b66,United States,72.39,False
ac142e,United States,199.69,False
a0d2e9,United States,65.34,False
a465ad,United States,36.96,False
a25b3f,United States,225.22,False
a51e0e,United States,67.67,False
a8dffc,United States,220.32,False
a5609b,United States,55.74,False
8005f4,India,267.2,False
a968f8,United States,235.64,False
c0131f,Canada,89.02,False
8005eb,India,269.98,False
acbe3e,United States,255.47,False
344043,Spain,0.0,True
a2ab7a,United States,110.8,False
aae5f7,United States,208.35,False
780a71,China,183.36,False
ac6e6c,United States,213.29,False
e8060b,Chile,191.21,False
c07fea,Canada,233.82,False
34535a,Spain,221.93,False
781d9d,China,195.32,False
e80625,Chile,223.44,False
781d9c,China,238.19,False
a2ab84,United States,39.8,False
e80627,Chile,227.63,False
ac5b43,United States,0.0,True
ac12d6,United States,201.89,False
acbe63,United States,102.48,False
abf2c2,United States,195.02,False
780a80,China,12.35,True
0ac168,Colombia,158.82,False
e8061c,Chile,250.92,False
a955a6,United States,220.3,False
a99e1d,United States,139.36,False
ac12be,United States,185.73,False
896354,United Arab Emirates,235.15,False
c00028,Canada,145.54,False
a2ab73,United States,151.97,False
780a7b,China,6.69,True
e80632,Chile,194.46,False
a37b5a,United States,208.28,False
e8062e,Chile,238.78,False
a968e3,United States,46.37,False
780a94,China,209.12,False
e8062c,Chile,219.02,False
a332e7,United States,131.78,False
7cfa06,Australia,140.84,False
7cfa07,Australia,122.28,False
7c61b0,Australia,40.85,False
780a8a,China,6.43,True
a6f5f3,United States,248.15,False
a63e3a,United States,0.32,True
89631b,United Arab Emirates,211.46,False
4bb0f4,Turkey,230.3,False
aa1b22,United States,220.8,False
89631a,United Arab Emirates,104.65,False
4bb0f0,Turkey,170.64,False
a34729,United States,217.18,False
4bb0ee,Turkey,240.78,False
c07fbb,Canada,242.58,False
4bb0ec,Turkey,264.7,False
a34724,United States,110.72,False
a63e49,United States,214.81,False
a02dda,United States,186.69,False
c07fb4,Canada,140.39,False
a7f096,United States,0.77,True
ac5b89,United States,247.54,False
a0e751,United States,218.35,False
c07fb1,Canada,0.13,True
a08446,United States,73.85,False
ad32e9,United States,3.86,True
a01ac4,United States,98.88,False
c07fb8,Canada,96.43,False
c07fb9,Canada,216.21,False
aa2e36,United States,251.81,False
896304,United Arab Emirates,233.13,False
abf2ea,United States,284.58,False
841e00,Japan,194.64,False
4bb0e5,Turkey,234.18,False
4bb0e6,Turkey,0.26,True
4bb0e3,Turkey,255.75,False
4bb0e4,Turkey,224.94,False
4bb0e1,Turkey,233.46,False
4bb0e2,Turkey,246.09,False
a715c6,United States,181.13,False
a01aa4,United States,64.21,False
e80600,Chile,239.85,False
a715bb,United States,233.55,False
4bb0e9,Turkey,230.56,False
a37aa3,United States,238.13,False
a22771,United States,228.75,False
abf396,United States,265.62,False
a26df9,United States,187.0,False
6832b5,Kazakhstan,12.52,False
a13adc,United States,64.29,False
a3472f,United States,226.62,False
a6f713,United States,0.0,True
e0664b,Argentina,242.08,False
a75da2,United States,287.69,False
346605,Spain,234.07,False
a19107,United States,61.51,False
a0977d,United States,222.24,False
a38db4,United States,156.88,False
ad2095,United States,216.81,False
a4a425,United States,46.11,False
a63dc7,United States,133.87,False
a21432,United States,221.23,False
780a13,China,92.63,False
a0978f,United States,46.92,False
780a18,China,265.92,False
aae5a9,United States,204.12,False
a1e13d,United States,0.0,True
4bb207,Turkey,246.43,False
89639b,United Arab Emirates,262.4,False
a1e13b,United States,137.5,False
a1f46b,United States,212.79,False
89639a,United Arab Emirates,258.65,False
a1f480,United States,53.51,False
4bb212,Turkey,254.86,False
780a27,China,13.89,True
e48fad,Brazil,130.98,False
a9db1d,United States,62.05,False
e48fc1,Brazil,222.6,False
80073e,India,261.94,False
780a29,China,92.72,False
780a1d,China,246.01,False
a46775,United States,58.36,False
4bb214,Turkey,254.97,False
a2147c,United States,240.76,False
a8ce4e,United States,63.97,False
a1913a,United States,107.64,False
800728,India,169.1,False
a1e132,United States,227.46,False
a13af4,United States,278.29,False
780a3d,China,6.69,True
6832d8,Kazakhstan,27.88,False
a07176,United States,233.18,False
a07177,United States,137.04,False
800738,India,253.73,False
c011f3,Canada,69.64,False
780a58,China,253.53,False
0ac121,Colombia,123.55,False
800741,India,268.56,False
8a07b7,Indonesia,71.2,False
ac5b20,United States,147.07,False
7c74a0,Australia,43.22,False
a51da1,United States,254.63,False
a44169,United States,213.96,False
8830f7,Thailand,237.24,False
a70463,United States,218.52,False
ad2218,United States,43.04,False
a9a734,United States,48.18,False
ad4873,United States,223.16,False
ac289f,United States,211.86,False
a6946b,United States,227.76,False
a4414a,United States,11.32,True
c013d0,Canada,241.34,False
4bb143,Turkey,223.25,False
a69472,United States,160.32,False
4bb141,Turkey,237.17,False
8963f2,United Arab Emirates,234.75,False
8963f5,United Arab Emirates,227.15,False
4bb109,Turkey,224.46,False
a1f48f,United States,40.51,False
4bb108,Turkey,70.77,False
4bb105,Turkey,0.0,False
4bb106,Turkey,262.18,False
4bb103,Turkey,240.11,False
8963ea,United Arab Emirates,279.09,False
a3348d,United States,98.29,False
c05c86,Canada,224.5,False
c000d4,Canada,3.09,True
a95745,United States,149.02,False
a3a9a2,United States,155.58,False
a3a9a3,United States,207.21,False
4bb10a,Turkey,255.72,False
a37af8,United States,185.63,False
ad3581,United States,217.85,False
a7178c,United States,257.96,False
a7045b,United States,226.39,False
a83782,United States,240.94,False
a83787,United States,192.46,False
7c7796,Australia,213.14,False
7c7795,Australia,2.06,True
a3a9b6,United States,226.87,False
8963d1,United Arab Emirates,255.87,False
a01c46,United States,280.07,False
a25c13,United States,181.62,False
aa720f,United States,9.26,True
a0e6c4,United States,229.4,False
a0e6c6,United States,198.96,False
aa8548,United States,19.87,False
8963d8,United Arab Emirates,283.82,False
c05c0e,Canada,211.06,False
ac159a,United States,187.19,False
a4418c,United States,93.63,False
a4418d,United States,219.96,False
8963e3,United Arab Emirates,228.81,False
8963cf,United Arab Emirates,236.24,False
8963ce,United Arab Emirates,256.78,False
4bb189,Turkey,145.52,False
4bb188,Turkey,268.13,False
4bb185,Turkey,254.79,False
4bb186,Turkey,233.69,False
a44197,United States,247.2,False
4bb183,Turkey,246.27,False
4bb181,Turkey,285.95,False
a226c5,United States,210.62,False
a359bc,United States,233.1,False
a4fddb,United States,228.93,False
a2bf05,United States,46.44,False
4bb148,Turkey,4.63,True
aa2ed8,United States,71.15,False
c013c3,Canada,209.28,False
4bb152,Turkey,257.29,False
aa1ba3,United States,127.27,False
ab07a2,United States,206.62,False
4bb14f,Turkey,248.12,False
4bb14a,Turkey,261.91,False
a6e413,United States,137.26,False
a50adc,United States,249.99,False
aa8514,United States,59.71,False
adcbf2,United States,7.2,True
a75dd8,United States,3.34,True
7c0dab,Australia,48.0,False
a3a9eb,United States,219.14,False
a586b0,United States,206.5,False
ab4ea8,United States,204.56,False
a75f15,United States,264.52,False
a1f3c8,United States,43.78,False
ac2813,United States,0.51,True
a333ae,United States,226.6,False
a466c7,United States,206.65,False
a070d7,United States,202.26,False
896535,United Arab Emirates,244.47,False
a3a9ff,United States,72.94,False
ad4804,United States,250.96,False
89652d,United Arab Emirates,256.63,False
a37c1c,United States,250.86,False
ab4ec6,United States,286.8,False
a239fe,United States,59.18,False
a1f3a1,United States,45.89,False
4bb199,Turkey,235.65,False
4ac9c5,Sweden,203.84,False
4ac9c6,Sweden,207.27,False
4bb195,Turkey,236.51,False
4bb192,Turkey,258.21,False
4bb190,Turkey,258.38,False
ab084e,United States,38.03,False
8a074e,Indonesia,229.62,False
a62c1a,United States,208.74,False
4bb18a,Turkey,270.88,False
896514,United Arab Emirates,268.74,False
a5e9f4,United States,247.19,False
4bb18b,Turkey,249.32,False
a5d6c2,United States,46.48,False
a849ab,United States,220.4,False
a63f4e,United States,141.58,False
ab4ee1,United States,68.78,False
7cfaa7,Australia,35.11,False
a3a9b8,United States,59.24,False
a599a5,United States,8.23,True
abf515,United States,71.22,False
a93140,United States,76.2,False
ac2859,United States,203.01,False
7c7771,Australia,213.78,False
ad350a,United States,0.0,True
7c7778,Australia,219.07,False
ab920d,United States,63.69,False
7c7776,Australia,211.67,False
a200df,United States,95.18,False
acbea2,United States,159.66,False
7c776f,Australia,231.77,False
c00158,Canada,129.15,False
ad8ed4,United States,10.8,True
aa7288,United States,146.35,False
a68198,United States,47.34,False
abe200,United States,44.09,False
ac1547,United States,224.59,False
7c642c,Australia,38.82,False
acbeac,United States,90.61,False
a81166,United States,206.48,False
a81163,United States,189.54,False
a200ba,United States,208.41,False
a25c75,United States,219.88,False
89647b,United Arab Emirates,152.44,False
c06df3,Canada,122.81,False
ac13d6,United States,205.97,False
a680ae,United States,255.31,False
ad46e5,United States,52.08,False
ada9eb,United States,50.45,False
a8bc34,United States,186.74,False
896496,United Arab Emirates,244.08,False
abf3b8,United States,223.32,False
e0659a,Argentina,7.42,False
780b7e,China,258.38,False
ac6f8a,United States,274.02,False
40683e,United Kingdom,85.94,False
a98c49,United States,39.13,False
a320f9,United States,213.73,False
a560f4,United States,201.49,False
a2280b,United States,0.0,True
780b8c,China,214.61,False
a8cf70,United States,0.0,True
ac00b1,United States,163.6,False
3e0fef,Germany,63.76,False
ac13f9,United States,200.48,False
a560ed,United States,48.04,False
a09829,United States,54.06,False
a810b4,United States,195.95,False
e48ec6,Brazil,179.31,False
a836fb,United States,218.84,False
a6f6fe,United States,56.81,False
896479,United Arab Emirates,74.38,False
a9b9e3,United States,222.09,False
abf3da,United States,249.21,False
c05acc,Canada,90.17,False
ac00d6,United States,259.32,False
896480,United Arab Emirates,261.31,False
7c7701,Australia,200.51,False
02008b,Morocco,242.73,False
40688d,United Kingdom,5.66,False
40688f,United Kingdom,216.58,False
896453,United Arab Emirates,242.28,False
a74c12,United States,189.09,False
acbf99,United States,276.72,False
a8cf1e,United States,82.37,False
406891,United Kingdom,256.8,False
896463,United Arab Emirates,271.72,False
acac5b,United States,72.32,False
c01401,Canada,240.59,False
a703c1,United States,237.42,False
a5d6f9,United States,214.48,False
a5c3c6,United States,41.49,False
a849fb,United States,234.45,False
a716f6,United States,237.37,False
a3cc82,United States,2.83,True
a87f50,United States,241.3,False
a34825,United States,217.66,False
a573ec,United States,147.45,False
a4ff9d,United States,74.77,False
896439,United Arab Emirates,204.17,False
896442,United Arab Emirates,237.63,False
ac018c,United States,201.02,False
781e1f,China,249.02,False
a1e218,United States,5.4,True
8963a3,United Arab Emirates,239.89,False
a51ede,United States,206.61,False
a0d550,United States,41.64,False
8a06f0,Indonesia,183.9,False
a3484e,United States,216.97,False
a25bc4,United States,259.98,False
a9dc5e,United States,292.64,False
ab3c0a,United States,3.34,True
750111,Malaysia,198.03,False
aa9801,United States,259.88,False
a6951f,United States,57.81,False
aaf9ea,United States,246.93,False
a4423a,United States,196.89,False
ab19fb,United States,198.8,False
aa9800,United States,136.13,False
aad3a0,United States,1.8,True
a4555e,United States,55.8,False
a8bc71,United States,241.21,False
ab4f5d,United States,0.0,True
a810ba,United States,0.0,True
a20288,United States,246.7,False
ab4f78,United States,279.58,False
4bb102,Turkey,255.33,False
a19296,United States,99.24,False
8460b0,Japan,131.13,False
c2b5b7,Canada,105.61,False
a1e23a,United States,66.88,False
ab4f80,United States,95.51,False
ac5c1f,United States,260.76,False
ab3c58,United States,14.92,True
a19268,United States,121.81,False
a99f92,United States,201.73,False
a4b827,United States,243.11,False
a1926a,United States,227.54,False
a44213,United States,73.39,False
a44211,United States,217.09,False
aad3c9,United States,276.5,False
ab3c61,United States,0.51,True
780b79,China,207.31,False
ac252a,United States,204.77,False
aa2bd9,United States,52.81,False
a3a78e,United States,45.81,False
a5844b,United States,48.55,False
3965a7,France,264.67,False
3965a4,France,244.88,False
aa954a,United States,69.98,False
c07f3d,Canada,95.31,False
a9672c,United States,218.12,False
ac6bc4,United States,45.32,False
7c659e,Australia,41.81,False
c06c25,Canada,49.77,False
aad229,United States,67.91,False
840cd8,Japan,180.07,False
a38ad5,United States,4.12,True
a4fae1,United States,45.1,False
ac6bd0,United States,246.1,False
c023c7,Canada,253.62,False
aa2bc2,United States,199.64,False
a14afe,United States,61.01,False
a3311b,United States,216.39,False
aaf87f,United States,220.37,False
a3578a,United States,237.71,False
a75ac7,United States,222.49,False
a76df8,United States,195.11,False
ad9edf,United States,105.47,False
485ecc,Kingdom of the Netherlands,244.02,False
a35781,United States,227.06,False
a34452,United States,42.3,False
ab4bf7,United States,244.56,False
a69139,United States,63.45,False
a009a4,United States,241.59,False
683274,Kazakhstan,255.25,False
3475d4,Spain,231.36,False
aa2ba2,United States,191.74,False
aa2ba1,United States,226.56,False
a5c127,United States,229.29,False
c023ae,Canada,232.13,False
e8047a,Chile,190.07,False
a33193,United States,45.6,False
ac6bf2,United States,185.76,False
a0d19e,United States,187.4,False
accefa,United States,84.38,False
a9eb99,United States,51.91,False
a14c11,United States,60.65,False
8964fb,United Arab Emirates,268.57,False
acbbc5,United States,40.07,False
a4b410,United States,45.11,False
8964fe,United Arab Emirates,232.88,False
4bb065,Turkey,154.75,False
8964fc,United Arab Emirates,228.46,False
c0119b,Canada,29.14,False
8964d4,United Arab Emirates,259.64,False
3965ab,France,260.44,False
a5e72c,United States,77.04,False
8964bc,United Arab Emirates,260.27,False
ad8bed,United States,229.46,False
c07f47,Canada,167.23,False
a52de7,United States,44.91,False
a03f1e,United States,262.14,False
4077d4,United Kingdom,229.8,False
aae59e,United States,200.46,False
781f37,China,147.4,False
8964d9,United Arab Emirates,260.62,False
a63aa5,United States,139.41,False
aad284,United States,34.88,False
847628,Japan,258.7,False
a21199,United States,87.5,False
c07f36,Canada,180.9,False
c036b1,Canada,222.72,False
e8043a,Chile,256.48,False
781db4,China,72.01,False
8008d2,India,7.2,True
a103b7,United States,55.03,False
896644,United Arab Emirates,197.04,False
a093bd,United States,254.14,False
a94156,United States,124.03,False
a0f6bc,United States,43.03,False
8008d4,India,14.4,True
a9eac2,United States,42.55,False
e8044a,Chile,144.52,False
a116f9,United States,53.41,False
a99afb,United States,237.71,False
aaf804,United States,174.3,False
e80468,Chile,247.71,False
aaf800,United States,46.27,False
e8045c,Chile,221.9,False
496c7b,Portugal,4.37,True
780aa1,China,141.49,False
a0f6b9,United States,214.48,False
e80475,Chile,140.06,False
e80477,Chile,189.85,False
c07f01,Canada,231.22,False
a739b7,United States,24.46,False
e80473,Chile,193.68,False
780ab6,China,221.34,False
e8046c,Chile,72.11,False
a4c6b3,United States,182.56,False
4bb06a,Turkey,0.0,True
ab1839,United States,240.86,False
e80487,Chile,199.62,False
a9eab2,United States,50.93,False
a9b775,United States,180.98,False
a03f84,United States,144.45,False
781df6,China,248.96,False
ab1842,United States,243.33,False
a9a419,United States,245.11,False
a9675d,United States,256.59,False
ad5817,United States,0.0,True
aaf831,United States,235.39,False
ab050f,United States,225.46,False
a343ba,United States,67.38,False
e80414,Chile,8.75,True
c06ac7,Canada,46.03,False
e8040f,Chile,273.92,False
c06ac1,Canada,46.83,False
e8040e,Chile,252.58,False
ac382e,United States,1.54,True
896620,United Arab Emirates,260.15,False
a9b755,United States,136.9,False
a356db,United States,195.02,False
7c788f,Australia,234.9,False
ab5ed8,United States,238.92,False
a57189,United States,45.84,False
ac250b,United States,220.92,False
3ddc4b,Germany,72.07,False
e8041f,Chile,96.44,False
ad5837,United States,145.37,False
7c7888,Australia,219.28,False
e48f00,Brazil,225.96,False
abaeb2,United States,272.86,False
ab185b,United States,71.69,False
ac384a,United States,46.27,False
347691,Spain,248.32,False
a2bc12,United States,252.55,False
a14c70,United States,6.69,True
a223ba,United States,223.08,False
a0d0a0,United States,43.97,False
a02c94,United States,143.35,False
a02c91,United States,217.64,False
a94105,United States,5.92,True
e80445,Chile,236.65,False
a76f66,United States,208.9,False
89659c,United Arab Emirates,212.65,False
89659b,United Arab Emirates,259.07,False
aa93c9,United States,264.11,False
a846bd,United States,54.35,False
3009ac,Italy,200.31,False
a87c12,United States,226.63,False
447c93,Austria,9.26,True
a846c4,United States,231.44,False
ab5f6a,United States,217.63,False
e48dc2,Brazil,207.38,False
a8df2c,United States,115.78,False
aa3f6b,United States,0.0,True
34644e,Spain,235.86,False
accf1c,United States,66.97,False
0d1097,Mexico,41.47,False
ac36cc,United States,221.19,False
a4a0b4,United States,198.08,False
346456,Spain,250.01,False
e0648b,Argentina,212.48,False
8a09bb,Indonesia,232.66,False
34510a,Spain,241.85,False
a726fb,United States,99.71,False
c01116,Canada,62.46,False
a690a8,United States,252.77,False
ada6b9,United States,168.24,False
a210c5,United States,94.04,False
506c46,Slovenia,0.0,True
c06aa4,Canada,213.51,False
740828,Jordan,239.62,False
740827,Jordan,257.16,False
a1f0b4,United States,58.64,False
ab4c76,United States,68.65,False
aae3d6,United States,45.58,False
a38c64,United States,268.91,False
a846d1,United States,244.92,False
ac7f80,United States,0.0,True
e80408,Chile,212.35,False
e48db2,Brazil,171.21,False
e80407,Chile,242.84,False
a726ec,United States,0.9,True
a5e6fb,United States,145.31,False
acbc45,United States,203.98,False
896569,United Arab Emirates,253.16,False
461f4b,Finland,267.85,False
461f4d,Finland,257.41,False
a3dc34,United States,244.19,False
a27ea8,United States,144.71,False
461f63,Finland,256.43,False
a4c6af,United States,212.79,False
8a09a6,Indonesia,165.39,False
ad9f7f,United States,268.03,False
0d103b,Mexico,170.39,False
44cc45,Belgium,205.25,False
ad56df,United States,56.5,False
396669,France,224.15,False
0d1050,Mexico,36.06,False
461f5a,Finland,267.07,False
447c2f,Austria,11.32,True
a8df06,United States,121.41,False
ac10af,United States,231.6,False
a3dc47,United States,224.14,False
a7bf22,United States,220.56,False
a76f43,United States,210.76,False
aae3fa,United States,238.16,False
a38c9b,United States,136.43,False
7c7800,Australia,188.57,False
781eb8,China,258.2,False
ad43e6,United States,224.02,False
a76f48,United States,101.35,False
ac23ef,United States,72.07,False
0d1067,Mexico,89.89,False
7c7805,Australia,0.0,True
7c7803,Australia,233.11,False
a5e6aa,United States,3.34,True
89653d,United Arab Emirates,0.0,False
896558,United Arab Emirates,5.4,False
896556,United Arab Emirates,261.14,False
0d1078,Mexico,198.54,False
461f56,Finland,256.84,False
a5e6be,United States,45.27,False
461f53,Finland,289.0,False
e48df6,Brazil,252.3,False
407837,United Kingdom,0.39,True
461f55,Finland,267.85,False
a3dc5a,United States,209.86,False
8964b1,United Arab Emirates,79.65,False
a99c87,United States,9.32,False
8964b0,United Arab Emirates,230.74,False
a39ead,United States,253.53,False
a26bb8,United States,174.88,False
a35854,United States,259.94,False
a0822c,United States,226.38,False
ac116e,United States,64.09,False
447c05,Austria,10.8,True
8964c3,United Arab Emirates,278.15,False
4b991a,Turkey,0.0,True
8964c2,United Arab Emirates,233.95,False
a0f886,United States,165.34,False
8964af,United Arab Emirates,260.08,False
8964bb,United Arab Emirates,0.0,False
ab5f00,United States,207.44,False
4b990c,Turkey,249.42,False
a23844,United States,232.61,False
ac1190,United States,0.0,True
447c2d,Austria,8.75,True
75020d,Malaysia,249.52,False
c81ebf,New Zealand,22.26,False
a15ebc,United States,116.27,False
0ac31e,Colombia,139.02,False
a4c835,United States,43.14,False
a47809,United States,223.99,False
abf17f,United States,258.23,False
8964a0,United Arab Emirates,276.51,False
75021d,Malaysia,226.55,False
a02bd8,United States,85.91,False
acbafa,United States,44.45,False
a7ac8f,United States,205.72,False
a02bcc,United States,68.76,False
76cc65,Singapore,99.0,False
a21246,United States,254.3,False
c035f8,Canada,166.86,False
76cc77,Singapore,147.82,False
76cc76,Singapore,79.98,False
a2bbac,United States,196.91,False
76cc6b,Singapore,148.5,False
ab5f43,United States,248.94,False
a9c9fe,United States,79.63,False
a700ac,United States,271.53,False
a33222,United States,257.54,False
a6f3d3,United States,144.72,False
abaf1e,United States,227.46,False
76cc7a,Singapore,233.86,False
adb9a1,United States,44.35,False
a953b2,United States,234.85,False
a9ff49,United States,82.83,False
a23893,United States,37.61,False
ad9f15,United States,103.44,False
a88f95,United States,77.61,False
8a09f8,Indonesia,243.44,False
a2254e,United States,60.52,False
8a09f6,Indonesia,194.82,False
a8deb4,United States,201.85,False
c05a0a,Canada,184.54,False
c81cf0,New Zealand,57.43,False
c81cf1,New Zealand,58.93,False
e48e46,Brazil,124.43,False
399c15,France,264.3,False
aa7018,United States,65.33,False
ac1327,United States,217.13,False
a8351a,United States,104.28,False
ada93f,United States,45.48,False
a8484b,United States,5.4,True
ad8cc2,United States,38.71,False
a4523a,United States,122.89,False
ab0687,United States,66.81,False
aa9679,United States,226.01,False
a4fbf1,United States,104.2,False
e48e55,Brazil,213.36,False
a64eff,United States,41.68,False
846444,Japan,205.5,False
a5d570,United States,214.04,False
4afbb9,Sweden,4.63,True
a2bbf2,United States,143.14,False
a5724f,United States,59.14,False
a21262,United States,52.85,False
aa8329,United States,128.56,False
8a090b,Indonesia,229.57,False
ac267c,United States,267.25,False
a2bbcc,United States,198.69,False
ae5302,United States,54.3,False
a87bb9,United States,52.18,False
c024d9,Canada,139.96,False
3b15ff,France,0.0,True
a38bdf,United States,72.48,False
a0d26d,United States,128.07,False
a72894,United States,163.1,False
a63beb,United States,185.85,False
abf32f,United States,0.13,True
750280,Malaysia,231.27,False
750287,Malaysia,125.71,False
4065de,United Kingdom,246.51,False
8a0909,Indonesia,130.42,False
a60852,United States,6.94,True
ad3347,United States,49.14,False
a02d40,United States,52.39,False
ac269e,United States,217.34,False
ac136d,United States,10.29,True
a58542,United States,126.07,False
4078fe,United Kingdom,133.92,False
7c78ab,Australia,226.26,False
ac0048,United States,154.86,False
7c78aa,Australia,96.11,False
abe030,United States,198.46,False
76cd0a,Singapore,126.49,False
7c78af,Australia,0.0,True
76cd0f,Singapore,134.04,False
75027c,Malaysia,203.04,False
a3a87f,United States,81.31,False
8965f5,United Arab Emirates,222.88,False
780d0c,China,96.07,False
8965f7,United Arab Emirates,213.13,False
7c78b0,Australia,208.39,False
ab9078,United States,148.08,False
4078de,United Kingdom,249.63,False
84640c,Japan,196.85,False
ad203f,United States,51.35,False
44ccd0,Belgium,254.07,True
8965ee,United Arab Emirates,181.54,False
c037d1,Canada,127.27,False
44ccca,Belgium,243.67,False
a57238,United States,238.56,False
a094a1,United States,60.84,False
c01294,Canada,5.47,False
781ed3,China,6.17,True
a104d0,United States,52.39,False
a8359c,United States,174.74,False
a37a02,United States,193.59,False
43bfe1,United Kingdom,3.6,True
7c531c,Australia,185.49,False
ac5a94,United States,222.93,False
780bb6,China,291.36,False
c01286,Canada,59.29,False
acbd8b,United States,78.94,False
ab1935,United States,124.12,False
a3a7be,United States,94.84,False
780bb7,China,257.33,False
84b495,Japan,7.72,True
e8033c,Chile,179.7,False
c81e27,New Zealand,246.24,False
a081a3,United States,257.18,False
406673,United Kingdom,89.11,False
a95590,United States,299.01,False
aa838a,United States,241.72,False
781efb,China,169.53,False
43bfdc,United Kingdom,3.6,True
43bfde,United Kingdom,2.57,True
c02586,Canada,24.18,False
a8def1,United States,114.09,False
ac7fb7,United States,107.42,False
84b42f,Japan,173.98,False
ab1978,United States,218.77,False
c06be3,Canada,0.0,True
ab1979,United States,256.75,False
ab5fda,United States,63.96,False
a331a3,United States,42.83,False
7c6684,Australia,8.76,False
a331b0,United States,48.02,False
84b451,Japan,138.02,False
ab5fdd,United States,87.26,False
a1f1b8,United States,60.37,False
7c534f,Australia,117.57,False
a95577,United States,97.78,False
7c534d,Australia,126.47,False
a8ded6,United States,207.26,False
ada936,United States,1.85,False
a38d49,United States,273.19,False
8a0963,Indonesia,6.43,True
ac1301,United States,140.37,False
a477d6,United States,53.96,False
346489,Spain,191.46,False
84648e,Japan,23.94,False
3cce70,Germany,99.75,False
a5c293,United States,30.59,False
a6e258,United States,207.94,False
abf308,United States,272.72,False
aa8366,United States,46.77,False
ada920,United States,109.07,False
a38d36,United States,187.17,False
84b473,Japan,199.86,False
70aa79,Nepal,247.44,False
89670a,United Arab Emirates,248.27,False
89670d,United Arab Emirates,152.79,False
a224e2,United States,52.97,False
89670b,United Arab Emirates,189.79,False
c07ee8,Canada,199.19,False
c07ee6,Canada,1.54,True
aa1a44,United States,35.52,False
ac24c5,United States,205.07,False
ac37f7,United States,77.25,False
a75d51,United States,64.2,False
c07ee0,Canada,118.44,False
c07eda,Canada,212.03,False
ab04e6,United States,64.67,False
a4fd73,United States,151.1,False
a15fa4,United States,200.08,False
a7ad0d,United States,238.52,False
ad57d9,United States,45.34,False
89669a,United Arab Emirates,217.54,False
ac24e4,United States,284.43,False
a451c1,United States,198.16,False
c0121e,Canada,217.67,False
acaa0d,United States,262.79,False
a1f1de,United States,203.49,False
c02566,Canada,26.34,False
8a08a0,Indonesia,191.04,False
e49fb3,Brazil,74.58,False
a967ae,United States,0.0,False
aa1a16,United States,216.73,False
ac11c6,United States,164.75,False
c02552,Canada,126.78,False
a86a0a,United States,69.3,False
8462c4,Japan,243.73,False
a211ef,United States,13.38,True
aa2d2f,United States,71.47,False
c07eee,Canada,72.89,False
e49fc2,Brazil,147.98,False
a2bd72,United States,238.92,False
a4ea77,United States,285.59,False
89667a,United Arab Emirates,110.99,False
ac5a4a,United States,245.79,False
a4c7e8,United States,0.51,False
781fb9,China,208.25,False
adca15,United States,184.86,False
840e10,Japan,121.88,False
a08317,United States,0.0,True
adca12,United States,239.53,False
a4c7cf,United States,65.5,False
e48ce6,Brazil,117.85,False
89667f,United Arab Emirates,269.7,False
781fc3,China,192.62,False
a3ca1a,United States,274.32,False
345212,Spain,175.43,False
a1afa6,United States,43.08,False
400ff4,United Kingdom,6.94,True
a584bc,United States,83.82,False
a4fd41,United States,106.73,False
7501e8,Malaysia,233.56,False
a0f91d,United States,196.61,False
a10614,United States,199.8,False
ac5a73,United States,109.71,False
a0f921,United States,71.0,False
a22603,United States,46.52,False
700017,Afghanistan,232.15,False
a5d4c3,United States,241.33,False
76ccc9,Singapore,295.62,False
a451db,United States,142.46,False
a26cbe,United States,38.58,False
c010ec,Canada,244.83,False
a0c000,United States,93.85,False
76cd49,Singapore,232.25,False
a1afec,United States,4.63,True
7c77f9,Australia,125.53,False
a2396e,United States,219.68,False
7c77f7,Australia,0.19,True
7c77f4,Australia,228.24,False
c06c8f,Canada,135.91,False
8965ce,United Arab Emirates,263.67,False
a4c93e,United States,51.44,False
a1afde,United States,70.32,False
c010f6,Canada,229.46,False
a8ba85,United States,49.94,False
ad3278,United States,106.54,False
152065,Russian Federation,232.64,False
a99d89,United States,255.73,False
a03fff,United States,209.74,False
a02ccd,United States,168.18,False
8965b1,United Arab Emirates,218.09,False
a99d87,United States,205.18,False
a46603,United States,87.97,False
a9a4e2,United States,205.5,False
8832d4,Thailand,255.6,False
ab17b1,United States,34.56,False
152079,Russian Federation,284.19,False
76cd71,Singapore,264.69,False
a58637,United States,104.14,False
750338,Malaysia,226.83,False
76cd76,Singapore,199.3,False
a1afcf,United States,171.63,False
a27fdb,United States,138.85,False
76cd77,Singapore,227.64,False
a3dcc2,United States,198.67,False
a63ca0,United States,31.96,False
8965c1,United Arab Emirates,264.64,False
a07015,United States,43.9,False
8965ac,United Arab Emirates,230.41,False
a02cf1,United States,0.0,True
a99d8d,United States,84.04,False
a22642,United States,234.1,False
a5e949,United States,7.72,True
8965c4,United Arab Emirates,240.24,False
c03804,Canada,120.19,False
7c77c0,Australia,66.28,False
a39fb1,United States,0.0,True
a0d374,United States,89.0,False
4b984f,Turkey,226.85,False
a941b2,United States,248.6,False
15200f,Russian Federation,252.27,False
a74a5a,United States,155.26,False
76cd7a,Singapore,262.53,False
a4ea7f,United States,72.77,False
a9a4c2,United States,242.2,False
a834f0,United States,43.47,False
aa1a81,United States,1.54,True
a7ad68,United States,82.06,False
a86a2b,United States,152.77,False
a691ed,United States,81.36,False
c81dcf,New Zealand,52.38,False
a0c049,United States,54.18,False
aa1a70,United States,9.77,True
a38ce9,United States,223.75,False
7c64f5,Australia,34.09,False
a4ea9d,United States,31.39,False
7c77fe,Australia,0.0,True
7c77fb,Australia,138.43,False
a967eb,United States,242.27,False
ae77a0,United States,121.4,False
8462ee,Japan,49.13,False
a7ad7c,United States,59.16,False
ab3a0c,United States,180.44,False
e0b305,Argentina,223.8,False
a2cff0,United States,0.0,True
a33328,United States,202.64,False
c06c86,Canada,126.18,False
a33325,United States,231.63,False
a4794e,United States,209.38,False
a2266e,United States,76.58,False
a33327,United States,106.52,False
c06c81,Canada,64.54,False
a92d70,United States,50.93,False
ac52ee,United States,188.95,False
a0cfbd,United States,282.79,False
aceb61,United States,237.78,False
a52911,United States,252.8,False
c0669e,Canada,160.59,False
ac52f2,United States,161.95,False
899087,Taiwan,272.03,False
a07fef,United States,49.56,False
899082,Taiwan,213.29,False
a7a4e6,United States,86.97,False
a3e920,United States,141.03,False
ade8fa,United States,194.94,False
c05360,Canada,173.83,False
4ca4b0,Ireland,243.13,False
ac52ff,United States,206.04,False
ac9b82,United States,130.76,False
899096,Taiwan,244.88,False
a42a97,United States,181.1,False
adc2a7,United States,245.15,False
a7da65,United States,245.87,False
c1e985,Canada,2.83,True
a51601,United States,172.86,False
e4a012,Brazil,199.15,False
89905e,Taiwan,65.29,False
c04051,Canada,269.69,False
a27921,United States,32.49,False
a1460e,United States,48.17,False
c0404f,Canada,229.99,False
c1e94c,Canada,4.89,True
89902f,Taiwan,263.94,False
4bcd84,Turkey,247.25,False
89902c,Taiwan,1.54,True
89902b,Taiwan,99.85,False
a2a300,United States,6.69,True
a80d40,United States,229.61,False
0d0872,Mexico,140.68,False
a32ff6,United States,282.27,False
a1a970,United States,45.73,False
a92d41,United States,69.02,False
a1efe7,United States,74.66,False
04014c,Ethiopia,266.65,False
aa12bb,United States,37.31,False
3a444f,France,58.2,False
c8195b,New Zealand,149.21,False
899053,Taiwan,1.03,True
a78a0e,United States,124.72,False
040155,Ethiopia,241.07,False
a2c93c,United States,84.6,False
a754f1,United States,0.0,False
a9d29c,United States,45.54,False
a79d78,United States,241.21,False
a1463a,United States,270.56,False
c0534e,Canada,173.96,False
899021,Taiwan,248.71,False
acb702,United States,38.57,False
a2c92b,United States,230.88,False
89901b,Taiwan,264.6,False
ac671b,United States,231.12,False
49d3d6,Czech Republic,248.13,False
ab473a,United States,141.02,False
899032,Taiwan,212.65,False
a0267b,United States,2.31,True
040132,Ethiopia,277.27,False
acfe09,United States,68.99,False
a38682,United States,6.94,True
a2fcf2,United States,140.44,False
abde0b,United States,218.15,False
aa6dd8,United States,160.8,False
a6dfbf,United States,193.15,False
a75634,United States,268.63,False
aa141e,United States,186.21,False
406f76,United Kingdom,259.82,False
e4894e,Brazil,206.07,False
a6496b,United States,136.91,False
a2c992,United States,180.85,False
406f79,United Kingdom,283.3,False
a7da9f,United States,261.85,False
c07973,Canada,167.74,False
c07971,Canada,222.03,False
0d083b,Mexico,218.11,False
a5299a,United States,55.2,False
0d083e,Mexico,229.99,False
a3732b,United States,172.42,False
a12030,United States,219.0,False
a37335,United States,88.49,False
c07966,Canada,193.11,False
ae08b7,United States,53.23,False
a3730c,United States,59.91,False
ae08b9,United States,64.67,False
a4095b,United States,29.62,False
a1a98d,United States,0.77,True
ac65bb,United States,217.64,False
ab8e6c,United States,135.3,False
a2a395,United States,131.71,False
7813f7,China,163.21,False
a4f601,United States,57.4,False
ae08f1,United States,111.64,False
a12096,United States,225.78,False
a37389,United States,214.63,False
a76909,United States,88.72,False
ab7b63,United States,214.08,False
a0be05,United States,225.51,False
ac65dc,United States,254.21,False
a3e95d,United States,57.4,False
a7da5f,United States,0.0,True
a4801f,United States,39.26,False
a7da9c,United States,179.9,False
a64955,United States,184.52,False
ac65fb,United States,205.63,False
a2b698,United States,213.96,False
c0792a,Canada,51.44,False
7c4d83,Australia,41.7,False
aa2701,United States,244.73,False
882e62,Thailand,77.05,False
04019a,Ethiopia,279.62,False
0d0810,Mexico,214.8,False
a6360b,United States,182.32,False
868b50,Japan,214.43,False
e48989,Brazil,72.17,False
a2b691,United States,161.48,False
a62307,United States,65.24,False
a4e307,United States,230.99,False
7c3a47,Australia,56.22,False
a76935,United States,222.86,False
ac52e2,United States,192.32,False
add665,United States,50.54,False
ab2056,United States,31.93,False
a8a017,United States,220.47,False
abdcfd,United States,182.79,False
ad734a,United States,209.11,False
acb688,United States,183.02,False
c051e4,Canada,243.48,False
a145b8,United States,188.66,False
a038ff,United States,189.76,False
a145b7,United States,242.07,False
ac668d,United States,182.6,False
a4e38f,United States,119.04,False
a7302f,United States,140.56,False
aa1396,United States,58.47,False
c051d1,Canada,249.04,False
ae4ffe,United States,0.0,True
acb679,United States,10.8,True
ac536c,United States,239.23,False
c818c9,New Zealand,91.9,False
add66d,United States,0.0,True
a99663,United States,78.88,False
ac537f,United States,226.04,False
a3e8ba,United States,62.76,False
c051da,Canada,245.0,False
508429,Ukraine,215.43,False
ac538f,United States,264.87,False
c1e7f2,Canada,1.03,True
a4e34f,United States,219.83,False
adc375,United States,40.85,False
c818db,New Zealand,131.2,False
a385c8,United States,193.11,False
394a00,France,257.91,False
ab58b2,United States,224.56,False
c064d8,Canada,130.03,False
394a04,France,236.43,False
394a02,France,263.76,False
a50370,United States,175.81,False
a6dffe,United States,275.24,False
a05b78,United States,150.88,False
394a07,France,253.44,False
a252a7,United States,197.85,False
ac4090,United States,6.69,True
aa1350,United States,58.95,False
0d06e5,Mexico,6.94,True
a252ae,United States,194.48,False
a278ff,United States,51.14,False
8881d7,Viet Nam,222.53,False
394a14,France,238.74,False
a9e627,United States,48.38,False
394a18,France,273.63,False
ac407d,United States,249.0,False
a1a8da,United States,214.58,False
ab8e28,United States,53.62,False
aa3994,United States,200.29,False
ad1e05,United States,1.8,True
a62384,United States,125.16,False
a7699a,United States,38.94,False
ab7b02,United States,0.0,True
8881f4,Viet Nam,228.74,False
ac793f,United States,213.82,False
ab8ca5,United States,204.83,False
a9c082,United States,66.5,False
780218,China,88.58,False
a6ce39,United States,5.4,True
a9c078,United States,47.18,False
a5ae2f,United States,3.86,True
acb608,United States,201.87,False
3c70cb,Germany,268.04,False
a43e5c,United States,213.24,False
ade907,United States,0.0,True
04022a,Ethiopia,3.34,True
5082f0,Ukraine,241.03,False
ac6622,United States,117.18,False
a3c2d5,United States,284.0,False
aa6e2d,United States,59.68,False
899013,Taiwan,183.17,False
a1de8d,United States,249.75,False
a7db08,United States,202.67,False
780235,China,241.52,False
394a0d,France,233.25,False
394a0b,France,253.75,False
abdca2,United States,66.14,False
a05b7e,United States,238.86,False
a97089,United States,84.13,False
040203,Ethiopia,181.54,False
a29b62,United States,77.88,False
a6ce58,United States,219.02,False
ab5993,United States,148.63,False
a17b5f,United States,123.28,False
a622bc,United States,167.75,False
abdcb5,United States,190.04,False
a372a7,United States,86.07,False
a30b31,United States,60.91,False
ac6645,United States,200.43,False
78023d,China,225.33,False
ad2fd0,United States,226.2,False
ab599b,United States,223.8,False
ac5326,United States,170.71,False
abefdd,United States,0.0,True
a54b09,United States,104.31,False
a3e8dc,United States,214.07,False
a5f07b,United States,46.34,False
a06db4,United States,119.15,False
7c0581,Australia,38.34,False
a515ad,United States,171.0,False
acc961,United States,0.64,True
78158e,China,231.99,False
aabcec,United States,69.72,False
ac6668,United States,246.54,False
78158c,China,179.16,False
aca308,United States,126.28,False
acb636,United States,214.3,False
abdcdc,United States,236.17,False
abdcda,United States,235.48,False
7caedb,Australia,207.78,False
a14700,United States,251.22,False
a2a2e3,United States,0.39,True
a2fe8f,United States,12.86,True
ad1cde,United States,204.1,False
a98386,United States,5.14,True
a54b30,United States,188.44,False
a43e83,United States,72.49,False
a0275c,United States,219.56,False
44d1ba,Belgium,145.81,False
4ba9eb,Turkey,214.65,False
a862e8,United States,51.01,False
aca3e6,United States,244.88,False
a742ec,United States,78.24,False
341446,Spain,0.0,True
a7ee6b,United States,51.98,False
0d079b,Mexico,254.64,False
a06dc5,United States,71.11,False
71c014,Republic of Korea,288.97,False
71c015,Republic of Korea,180.21,False
71c012,Republic of Korea,284.67,False
a9e5ac,United States,55.05,False
040048,Ethiopia,255.52,False
71c018,Republic of Korea,193.34,False
040046,Ethiopia,254.52,False
4ba9e2,Turkey,239.65,False
040060,Ethiopia,225.64,False
881c08,Thailand,110.9,False
a63712,United States,96.8,False
71c003,Republic of Korea,230.21,False
71c004,Republic of Korea,213.27,False
a6bb97,United States,202.97,False
89914c,Taiwan,125.94,False
a00152,United States,62.67,False
c0544e,Canada,57.59,False
a7db0b,United States,4.12,True
a17ad2,United States,171.38,False
06a391,Qatar,259.81,False
a2b759,United States,4.12,True
ab4840,United States,242.48,False
a9e5b5,United States,58.44,False
a742ad,United States,46.86,False
c8050e,New Zealand,54.49,False
44d1a2,Belgium,236.45,False
a92e5b,United States,40.44,False
0d0764,Mexico,3.6,True
a6ce7d,United States,193.07,False
899144,Taiwan,126.25,False
a1ddbb,United States,204.51,False
845f5a,Japan,162.68,False
a7ee5a,United States,73.58,False
89913c,Taiwan,63.74,False
89913e,Taiwan,262.14,False
89913d,Taiwan,5.66,True
a3871e,United States,250.48,False
89913a,Taiwan,129.3,False
a1210a,United States,62.58,False
a7b8fb,United States,44.48,False
ab485e,United States,106.39,False
aaaba1,United States,224.79,False
a8fb02,United States,86.87,False
8990a6,Taiwan,140.98,False
0d0707,Mexico,215.0,False
8990a2,Taiwan,221.86,False
8990a1,Taiwan,213.29,False
8990a0,Taiwan,230.57,False
a54aaa,United States,271.19,False
a54aae,United States,212.6,False
ac66aa,United States,191.93,False
a4f762,United States,41.67,False
aba9e7,United States,139.69,False
a2a466,United States,36.13,False
a3b11e,United States,211.61,False
a74429,United States,55.22,False
aa5bbc,United States,60.36,False
71c073,Republic of Korea,161.89,False
a79dc4,United States,140.97,False
a29aff,United States,81.55,False
a4943f,United States,244.9,False
a6374e,United States,90.61,False
71c074,Republic of Korea,189.47,False
aa153f,United States,40.89,False
a36130,United States,209.99,False
ac9c27,United States,157.91,False
a3612a,United States,212.95,False
8990aa,Taiwan,251.35,False
a49441,United States,0.0,True
a2a455,United States,9.77,True
71c062,Republic of Korea,253.97,False
86ef8e,Japan,204.71,False
c06738,Canada,226.4,False
71c064,Republic of Korea,77.15,False
c05430,Canada,226.66,False
a66ac3,United States,71.55,False
ad73a9,United States,232.0,False
a3b13f,United States,169.08,False
aabf80,United States,242.67,False
a2679a,United States,213.26,False
a0149d,United States,50.67,False
a99703,United States,133.97,False
a36110,United States,208.11,False
aaac4a,United States,256.83,False
ac9c49,United States,150.32,False
71c091,Republic of Korea,176.72,False
c06751,Canada,199.01,False
aa6ed1,United States,232.25,False
71c089,Republic of Korea,217.46,False
a2eaa9,United States,47.4,False
7801d4,China,0.9,True
7c4e55,Australia,64.31,False
a80dac,United States,142.37,False
ac53d5,United States,259.91,False
ab7c74,United States,6.0,False
a49498,United States,49.99,False
71c031,Republic of Korea,116.72,False
06a30d,Qatar,247.81,False
ad99fc,United States,266.28,False
a0bf26,United States,254.21,False
71c027,Republic of Korea,239.75,False
acc9ff,United States,260.22,False
a9d2d5,United States,0.0,True
ac53f8,United States,206.51,False
add6de,United States,55.91,False
a3d767,United States,198.27,False
c0670f,Canada,161.53,False
7c4e8e,Australia,42.7,False
a3615f,United States,249.52,False
ab20e6,United States,221.84,False
ac9c71,United States,4.15,False
71c056,Republic of Korea,123.62,False
c0671b,Canada,0.06,True
040087,Ethiopia,256.16,False
c06724,Canada,214.58,False
71c045,Republic of Korea,219.1,False
71c042,Republic of Korea,244.82,False
a8c796,United States,214.52,False
a146ce,United States,256.31,False
a91adc,United States,21.25,False
ab349c,United States,245.0,False
ac5488,United States,252.09,False
a266bf,United States,40.01,False
a9d44c,United States,0.0,True
06a2e0,Qatar,236.32,False
a97157,United States,32.03,False
a9e784,United States,44.8,False
a399b9,United States,200.9,False
7cf374,Australia,3.86,True
a67f04,United States,242.46,False
882da4,Thailand,250.32,False
a026e1,United States,227.08,False
06a2ea,Qatar,225.16,False
a55f31,United States,119.1,False
a8b44e,United States,0.0,True
49d414,Czech Republic,244.06,False
a99796,United States,214.7,False
ab59c9,United States,54.3,False
a000d6,United States,182.66,False
a9974c,United States,27.78,True
a2a3b6,United States,256.62,False
ab8f0d,United States,1.8,True
a373b7,United States,8.23,True
a9e737,United States,40.96,False
a43f51,United States,227.81,False
e48809,Brazil,252.89,False
7c05a8,Australia,0.0,False
a92ddf,United States,243.0,False
845daa,Japan,147.25,False
a75786,United States,68.77,False
a2c9ec,United States,4.63,True
ab8f37,United States,82.17,False
a98445,United States,239.38,False
c065e3,Canada,68.84,False
ad6182,United States,223.12,False
a3b186,United States,202.41,False
a1cc1f,United States,238.36,False
a2ff47,United States,61.22,False
a86461,United States,80.27,False
c052ca,Canada,174.42,False
a06f8a,United States,132.27,False
a266db,United States,81.08,False
c1e8aa,Canada,1.8,True
ab46c2,United States,41.88,False
a99744,United States,9.77,True
a146f9,United States,139.79,False
aba9c6,United States,74.6,False
a98412,United States,0.0,True
7c4e23,Australia,65.11,False
a7edf6,United States,84.21,False
a5f162,United States,248.6,False
a92dc6,United States,56.6,False
c1e8d4,Canada,3.86,True
a61173,United States,218.01,False
a9840e,United States,63.95,False
845dcc,Japan,1.03,True
c052d7,Canada,9.26,True
7815e6,China,227.57,False
a99754,United States,0.06,True
aabf50,United States,237.45,False
c052d3,Canada,232.64,False
a3e9b2,United States,223.59,False
c052d5,Canada,241.8,False
a6bacd,United States,56.63,False
a6bc0f,United States,78.94,False
a743a2,United States,65.66,False
a756d2,United States,226.21,False
a373ea,United States,269.47,False
89910b,Taiwan,216.18,False
49d44f,Czech Republic,253.39,False
a80f3c,United States,7.2,True
a3c3e6,United States,215.5,False
899122,Taiwan,69.96,False
899123,Taiwan,262.22,False
a54c60,United States,4.63,True
040102,Ethiopia,72.77,False
a92f2d,United States,72.13,False
e499ce,Brazil,118.47,False
a67f81,United States,217.91,False
89911b,Taiwan,269.2,False
a43f7d,United States,7.72,True
a360b7,United States,236.32,False
899137,Taiwan,1.29,True
a30c81,United States,87.32,False
899138,Taiwan,5.14,True
899133,Taiwan,258.3,False
ac6745,United States,87.61,False
899134,Taiwan,194.54,False
899131,Taiwan,5.66,True
ac541b,United States,243.18,False
a3b0bb,United States,68.47,False
a0ac7b,United States,49.99,False
899105,Taiwan,222.24,False
aa5c0b,United States,74.6,False
a7ef3c,United States,61.14,False
a1df9a,United States,68.44,False
781696,China,257.24,False
aa26c8,United States,62.21,False
845f30,Japan,134.59,False
899115,Taiwan,222.39,False
899116,Taiwan,219.22,False
7c4cac,Australia,114.65,False
aabdf8,United States,260.92,False
a13501,United States,205.66,False
780373,China,223.93,False
851142,Japan,201.52,False
a9c151,United States,8.75,True
4ba9c5,Turkey,230.28,False
4ba9c8,Turkey,226.87,False
c0407b,Canada,199.86,False
4ba9c1,Turkey,256.73,False
4ba9c4,Turkey,236.26,False
a85185,United States,144.99,False
a85188,United States,225.23,False
a67f2d,United States,56.02,False
4ba9d2,Turkey,249.33,False
4ba9d4,Turkey,259.6,False
405bfb,United Kingdom,0.0,True
ac9abc,United States,216.49,False
06a2b8,Qatar,216.11,False
7cf334,Australia,2.31,True
acfdf4,United States,0.0,True
06a2b2,Qatar,274.73,False
a67f3b,United States,60.98,False
e486c1,Brazil,0.64,True
e486c3,Brazil,220.6,False
ab214d,United States,218.2,False
a26801,United States,187.2,False
a66c16,United States,62.81,False
ac678b,United States,97.53,False
ab2169,United States,239.7,False
a14826,United States,39.06,False
a5af50,United States,49.91,False
a67f4b,United States,41.42,False
c04090,Canada,58.53,False
a55f6c,United States,122.75,False
a67b75,United States,211.35,False
8404f3,Japan,121.42,False
abdc56,United States,5.92,True
a67b81,United States,223.2,False
ab8c91,United States,64.49,False
abdc76,United States,246.45,False
4b8e47,Turkey,145.79,False
ad1c67,United States,268.78,False
ab30e6,United States,229.04,False
4ba8f6,Turkey,507.15,False
ab8c8f,United States,77.09,False
a43b85,United States,240.93,False
acfc75,United States,83.34,False
ac50d1,United States,220.2,False
ad70ba,United States,225.25,False
abdc91,United States,105.64,False
abdc92,United States,78.9,False
8511ca,Japan,0.0,True
aa7f8d,United States,231.07,False
0d09a5,Mexico,10.8,True
a885f4,United States,240.08,False
a31b7d,United States,63.08,False
ad83dd,United States,28.52,False
407fc2,United Kingdom,198.31,False
c0774c,Canada,67.63,False
407fac,United Kingdom,0.0,True
a06aba,United States,229.29,False
a7fe18,United States,51.25,False
a3970f,United States,212.62,False
a908e3,United States,126.45,False
a26412,United States,213.12,False
a8d5a4,United States,189.17,False
a3d2e5,United States,274.02,False
a1442f,United States,164.0,False
a8d5a0,United States,4.89,True
aa23b3,United States,239.17,False
aa7f5e,United States,75.28,False
c00dde,Canada,125.28,False
a03765,United States,186.18,False
a8e8a0,United States,1.29,True
aa7f4e,United States,207.46,False
ab4508,United States,88.81,False
a01112,United States,195.77,False
a1440c,United States,212.4,False
a1a70a,United States,40.75,False
a68e7c,United States,220.17,False
a88700,United States,177.84,False
a0cdff,United States,158.18,False
ac0f26,United States,76.14,False
a51425,United States,202.85,False
7802c5,China,99.78,False
a0baca,United States,59.82,False
8991bd,Taiwan,227.05,False
aa7ebc,United States,133.76,False
a18ae6,United States,57.27,False
7c3c75,Australia,35.82,False
8991d8,Taiwan,221.9,False
86dd90,Japan,261.76,False
8991d9,Taiwan,243.66,False
8991d4,Taiwan,229.62,False
c81777,New Zealand,25.17,False
aa7ec2,United States,251.99,False
a1314e,United States,7.72,True
a2644a,United States,204.59,False
abef16,United States,114.25,False
406d1a,United Kingdom,0.0,True
a6dda8,United States,49.59,False
c06403,Canada,198.37,False
a0cdf3,United States,154.9,False
a39750,United States,283.35,False
a44db3,United States,211.42,False
aabc11,United States,189.5,False
ab9f54,United States,121.64,False
c8043f,New Zealand,50.46,False
43e7a2,United Kingdom,230.84,False
a14452,United States,225.81,False
8991a8,Taiwan,214.69,False
abb9df,United States,220.61,False
ac89f7,United States,245.98,False
abef2f,United States,2.83,True
a19dff,United States,0.0,True
a26436,United States,182.25,False
a1311e,United States,233.09,False
c00da8,Canada,242.37,False
a4071d,United States,272.25,False
a26439,United States,81.22,False
ab8c37,United States,210.71,False
8991b9,Taiwan,210.24,False
a992e4,United States,239.55,False
ad1c11,United States,0.0,True
acfc05,United States,192.86,False
406d7a,United Kingdom,238.51,False
ad2f2d,United States,41.91,False
ae4f31,United States,19.33,False
0428da,Equatorial Guinea,229.12,False
a40797,United States,229.08,False
8511ec,Japan,166.38,False
ac89ff,United States,145.65,False
a992ed,United States,49.78,False
a2fad8,United States,262.19,False
406d79,United Kingdom,237.88,False
3c8214,Germany,3.34,True
abef54,United States,0.0,True
0acabf,Colombia,210.87,False
acfc26,United States,230.58,False
ad83b2,United States,238.62,False
ae06d8,United States,145.98,False
ad83b7,United States,267.72,False
a3845c,United States,178.73,False
a1a79c,United States,54.82,False
c1e5e2,Canada,0.06,True
7cf3d2,Australia,12.35,True
a0117e,United States,0.0,True
0acaab,Colombia,230.09,False
ac76f2,United States,218.61,False
406d4d,United Kingdom,230.15,False
406d4c,United Kingdom,217.9,False
ad2f71,United States,252.52,False
a3711a,United States,219.84,False
a56db1,United States,5.14,True
a872fb,United States,29.86,False
abef79,United States,196.84,False
a9e40a,United States,64.51,False
a7b76f,United States,49.94,False
a9942e,United States,237.79,False
a2519f,United States,205.68,False
a07f46,United States,206.77,False
4ba950,Turkey,236.89,False
c1e5ba,Canada,0.0,True
7c19c8,Australia,98.2,False
a6cad3,United States,217.61,False
a19f29,United States,218.0,False
4ba94f,Turkey,256.03,False
a7fde4,United States,201.48,False
a6cacb,United States,198.02,False
a023a5,United States,69.26,False
a92abb,United States,113.3,False
851230,Japan,187.8,False
a169e6,United States,166.42,False
a07f60,United States,268.49,False
a3c198,United States,0.0,True
4ba95a,Turkey,245.06,False
c829ab,New Zealand,223.21,False
a539a6,United States,61.74,False
a50192,United States,197.89,False
7cf492,Australia,0.9,True
acb468,United States,220.4,False
4ba92f,Turkey,197.94,False
503eaa,Lithuania,0.0,True
c1e5b9,Canada,9.26,True
4ba947,Turkey,224.99,False
acc76b,United States,74.6,False
7cf488,Australia,3.09,True
4ba945,Turkey,243.58,False
7cf46b,Australia,1.29,True
c1e5b0,Canada,6.69,True
acb46d,United States,215.63,False
a32f46,United States,70.14,False
8990e4,Taiwan,159.84,False
aa7df3,United States,233.0,False
a4e119,United States,64.72,False
a1ef57,United States,59.92,False
a5012d,United States,234.06,False
8990f7,Taiwan,65.24,False
a44f0d,United States,214.97,False
8990f6,Taiwan,88.89,False
a06c5e,United States,10.29,True
ab9f00,United States,222.8,False
a396a9,United States,187.37,False
8990f2,Taiwan,92.24,False
8990f4,Taiwan,237.03,False
8990f0,Taiwan,0.77,True
a06c71,United States,45.56,False
503ee1,Lithuania,4.63,True
8990ee,Taiwan,3.6,True
a55ada,United States,241.03,False
8990eb,Taiwan,236.83,False
a44f11,United States,114.65,False
8990ea,Taiwan,227.5,False
7803b6,China,159.29,False
ac0f03,United States,223.79,False
c062b8,Canada,191.2,False
8990be,Taiwan,221.19,False
8990bd,Taiwan,237.82,False
a036f2,United States,55.2,False
8990d5,Taiwan,255.08,False
8990d4,Taiwan,199.18,False
a88752,United States,270.06,False
aa7dad,United States,201.23,False
c00e55,Canada,148.48,False
7c06a8,Australia,0.0,False
a3c15d,United States,242.01,False
a87428,United States,206.32,False
a143a3,United States,220.2,False
aa7f46,United States,208.73,False
c05095,Canada,0.0,True
a32f82,United States,5.66,True
a526e6,United States,231.95,False
a5ac14,United States,188.94,False
aa7f2b,United States,199.19,False
aa7f2a,United States,245.96,False
a646bc,United States,133.68,False
7cf40b,Australia,11.32,True
a9819b,United States,195.02,False
ad9712,United States,222.48,False
aa7f28,United States,248.38,False
a2b3a2,United States,71.67,False
780473,China,187.26,False
ab9dab,United States,0.0,True
a886a1,United States,38.58,False
a406c9,United States,228.46,False
0d08ee,Mexico,107.7,False
a646d7,United States,50.54,False
a56f6f,United States,57.62,False
7cf409,Australia,3.86,True
c00e17,Canada,4.89,True
a6a9ce,United States,56.61,False
407eb5,United Kingdom,254.51,False
a0cf8d,United States,213.02,False
c00e14,Canada,207.83,False
a1dc2a,United States,140.25,False
acc707,United States,181.06,False
a010e6,United States,36.81,False
aa7f08,United States,6.69,True
aa7f06,United States,227.78,False
aa7f05,United States,140.9,False
c05056,Canada,221.23,False
aa7f02,United States,212.95,False
ac0dbb,United States,7.15,False
aa7f09,United States,227.97,False
c05044,Canada,216.51,False
4b8e03,Turkey,15.0,False
a8c484,United States,182.99,False
abedc8,United States,226.3,False
86eee4,Japan,142.23,False
a779b0,United States,224.02,False
ab3129,United States,8.23,True
407eec,United Kingdom,215.41,False
a98133,United States,265.3,False
341119,Spain,80.62,False
7cf43b,Australia,1.29,True
a383f3,United States,144.33,False
a7419b,United States,10.29,False
407eeb,United Kingdom,205.34,False
a8c44b,United States,249.28,False
a396fd,United States,6.94,True
7cf444,Australia,8.75,True
c05060,Canada,14.4,True
a9f777,United States,196.48,False
a5bf0e,United States,65.4,False
881bc8,Thailand,59.22,False
a8c45a,United States,140.37,False
881bc5,Thailand,67.38,False
c06589,Canada,88.77,False
ad84de,United States,259.39,False
e4999e,Brazil,256.9,False
c1e884,Canada,2.06,True
e4999f,Brazil,8.75,True
0c6040,Trinidad and Tobago,125.99,False
aa6d9a,United States,71.84,False
a80c4e,United States,35.3,False
780504,China,174.44,False
a7ff72,United States,0.0,True
a4e0ec,United States,217.36,False
c1e897,Canada,5.92,True
c1e896,Canada,7.46,True
71c223,Republic of Korea,188.79,False
a81f83,United States,259.25,False
acfd62,United States,242.18,False
71c225,Republic of Korea,74.94,False
a9f6cb,United States,136.0,False
adc1ae,United States,34.88,False
e4997c,Brazil,247.73,False
aa11dc,United States,208.97,False
71c257,Republic of Korea,159.84,False
a8c3a2,United States,271.78,False
abca5a,United States,42.58,False
aaaa92,United States,255.88,False
a620f5,United States,0.0,True
71c259,Republic of Korea,221.56,False
aaaa90,United States,31.82,False
a14502,United States,239.59,False
781851,China,223.59,False
a8e9fd,United States,209.28,False
a14507,United States,53.54,False
780525,China,172.05,False
71c245,Republic of Korea,281.73,False
a7ff92,United States,124.5,False
71c243,Republic of Korea,232.23,False
c8290b,New Zealand,39.8,False
71c244,Republic of Korea,279.95,False
a43c7a,United States,116.27,False
aa11d3,United States,7.72,True
7cf635,Australia,1.54,True
acea6c,United States,50.15,False
a13227,United States,36.33,False
c82930,New Zealand,36.81,False
7cf630,Australia,12.35,True
7cf632,Australia,5.14,True
a886bf,United States,125.76,False
c0653d,Canada,185.41,False
a2b513,United States,75.16,False
a67c3a,United States,224.85,False
a38527,United States,256.48,False
74483a,Jordan,209.89,False
8405cb,Japan,71.3,False
c1e83e,Canada,20.06,True
a7ff34,United States,272.36,False
c0651f,Canada,50.81,False
a3982b,United States,44.54,False
a67c4a,United States,52.18,False
aa24e1,United States,24.23,False
a5ac3b,United States,206.14,False
a32ec1,United States,179.95,False
7cf617,Australia,2.83,True
7cf618,Australia,11.83,True
c82952,New Zealand,222.93,False
0c605d,Trinidad and Tobago,191.43,False
a19ecf,United States,255.69,False
a79c59,United States,37.33,False
a1584a,United States,214.16,False
c0522f,Canada,44.47,False
040240,Ethiopia,284.53,False
0c6064,Trinidad and Tobago,241.42,False
c06558,Canada,213.18,False
a1a832,United States,251.95,False
780561,China,252.82,False
71c209,Republic of Korea,246.63,False
ac0faa,United States,64.31,False
4408fd,Austria,227.35,False
744826,Jordan,179.5,False
acea99,United States,265.05,False
c0654b,Canada,221.06,False
a6cc45,United States,251.24,False
a873a7,United States,30.08,False
aa6d40,United States,87.87,False
aa7ff3,United States,214.64,False
a6483d,United States,42.98,False
a8d811,United States,28.59,False
a1eefc,United States,49.9,False
aa395b,United States,193.04,False
503ce6,Lithuania,83.97,True
a2a216,United States,176.69,False
0d0963,Mexico,275.05,False
a3c235,United States,63.5,False
a3e895,United States,258.17,False
ac77d3,United States,222.29,False
ac64a6,United States,185.29,False
a7a508,United States,56.54,False
7c3d5a,Australia,52.81,False
a1a87e,United States,215.12,False
a52898,United States,208.26,False
a1455d,United States,45.89,False
7cf4b7,Australia,7.46,True
a1dbd3,United States,93.55,False
acc7ae,United States,259.59,False
abca00,United States,121.26,False
ab7a21,United States,203.1,False
3410d2,Spain,10.29,True
7c2a34,Australia,56.83,False
aabd56,United States,6.17,True
a25287,United States,83.34,False
aa3930,United States,215.57,False
0c6001,Trinidad and Tobago,119.13,False
abca08,United States,261.22,False
a037b2,United States,67.02,False
a037b9,United States,265.43,False
ab8d76,United States,288.37,False
a3725a,United States,259.06,False
c8167a,New Zealand,89.04,False
a2fbec,United States,227.85,False
acb4c1,United States,230.47,False
a2fbf1,United States,215.66,False
ac64cf,United States,231.6,False
a3724b,United States,46.44,False
a49232,United States,73.57,False
e48613,Brazil,90.6,False
7cf4df,Australia,9.77,True
ad97dd,United States,118.84,False
4ba902,Turkey,201.37,False
4ba901,Turkey,219.84,False
aaaa64,United States,10.29,True
abdd67,United States,210.56,False
abca36,United States,88.4,False
71c286,Republic of Korea,246.9,False
e49955,Brazil,97.54,False
c050ae,Canada,220.11,False
a06d39,United States,47.84,False
0aca5f,Colombia,80.46,False
c050c4,Canada,234.4,False
c050c5,Canada,1.8,True
c050c0,Canada,211.02,False
a4f59c,United States,208.14,False
ae0878,United States,0.0,True
a86236,United States,60.37,False
a9e546,United States,54.8,False
acc883,United States,63.08,False
a6cbdd,United States,131.58,False
ab3282,United States,235.42,False
a3729a,United States,202.95,False
c050cf,Canada,57.21,False
aca251,United States,231.17,False
ad857e,United States,185.8,False
85134a,Japan,168.69,False
e484ad,Brazil,126.8,False
aca22e,United States,142.01,False
a2a26d,United States,117.03,False
c063eb,Canada,229.62,False
7817cf,China,183.68,False
c1e6cc,Canada,1.54,True
c1e6d0,Canada,7.72,True
a63563,United States,50.39,False
a05a49,United States,203.79,False
a1dd2d,United States,215.92,False
7804c4,China,72.7,False
a9f821,United States,0.0,True
a74224,United States,103.9,False
ad7282,United States,112.3,False
a4f582,United States,33.51,False
406e10,United Kingdom,251.92,False
a7a512,United States,197.61,False
a384a0,United States,62.76,False
a43d09,United States,120.05,False
a92bb1,United States,0.0,True
a407b6,United States,32.7,False
c00f4c,Canada,48.23,False
a05a68,United States,203.33,False
a264c1,United States,239.82,False
a76877,United States,0.0,False
3c8178,Germany,6.43,True
a92bb8,United States,26.96,False
a7555d,United States,49.66,False
aa253b,United States,254.63,False
8991e2,Taiwan,1.8,True
aa2548,United States,97.13,False
a9d0fe,United States,132.92,False
8991dd,Taiwan,7.2,True
8991dc,Taiwan,258.95,False
c050a0,Canada,0.0,True
8991da,Taiwan,3.09,True
aa1219,United States,233.9,False
ad727a,United States,224.96,False
a9f818,United States,201.57,False
ad727c,United States,251.3,False
a011ac,United States,235.18,False
a7a532,United States,249.22,False
c828e9,New Zealand,67.91,False
c076f4,Canada,53.13,False
3c8191,Germany,5.14,False
c815b2,New Zealand,26.93,False
aa6ba6,United States,104.77,False
a7fed3,United States,68.22,False
a3c291,United States,210.07,False
ad9811,United States,287.08,False
780574,China,211.14,False
c828ea,New Zealand,126.61,False
0d07b3,Mexico,247.45,False
a05a93,United States,40.98,False
a9d284,United States,257.48,False
a2a1a5,United States,214.25,False
0d07c2,Mexico,265.73,False
c00f13,Canada,50.64,False
406caa,United Kingdom,0.0,False
a7b7c5,United States,215.15,False
a384d5,United States,5.14,True
a144f9,United States,148.14,False
8405b5,Japan,0.0,True
7c0898,Australia,49.45,False
ad2ea1,United States,118.35,False
704012,Myanmar,76.48,False
a05a6b,United States,211.95,False
ae0814,United States,184.2,False
a7b7b3,United States,42.62,False
7c4ef5,Australia,65.09,False
704018,Myanmar,113.69,False
7c4ef2,Australia,35.73,False
a7a59f,United States,242.57,False
ab321c,United States,235.89,False
ab321b,United States,134.23,False
a02612,United States,64.37,False
ab8bd7,United States,225.55,False
aabbc6,United States,49.94,False
ac786d,United States,39.58,False
a31d9c,United States,197.17,False
e497e7,Brazil,185.05,False
a92bec,United States,132.08,False
abeeea,United States,112.73,False
400025,United Kingdom,4.89,False
4ca24d,Ireland,220.2,False
ad853b,United States,208.76,False
a9f87d,United States,250.04,False
aba86c,United States,205.52,False
c05186,Canada,106.49,False
a55d31,United States,138.73,False
a2b4ea,United States,219.79,False
a384f8,United States,229.35,False
407fff,United Kingdom,205.06,False
a07fa4,United States,46.83,False
aa127e,United States,196.61,False
a42a37,United States,251.36,False
acb537,United States,145.62,False
71c353,Republic of Korea,171.43,False
a2edb4,United States,204.55,False
a4e714,United States,232.07,False
7cf705,Australia,4.89,True
a3b414,United States,235.2,False
a1244b,United States,223.85,False
a24441,United States,74.02,False
a1244d,United States,282.64,False
a54db6,United States,56.08,False
71c346,Republic of Korea,236.14,False
a9c2de,United States,240.89,False
a54db3,United States,54.08,False
a0043c,United States,45.25,False
880c49,Thailand,234.44,False
a66da8,United States,221.25,False
ac581a,United States,261.5,False
880c45,Thailand,218.46,False
71c378,Republic of Korea,279.98,False
a3b41a,United States,204.96,False
71c379,Republic of Korea,149.93,False
a37738,United States,70.99,False
a8a2dd,United States,36.23,False
ab2520,United States,188.92,False
e4a476,Brazil,227.87,False
ab3856,United States,257.98,False
a1242d,United States,271.52,False
0d0467,Mexico,203.57,False
aaaec0,United States,82.03,False
ab6ba6,United States,1.54,True
a7cb53,United States,210.12,False
7c2ac0,Australia,222.45,False
a8fe5d,United States,216.49,False
155c67,Russian Federation,112.85,False
ab385e,United States,116.39,False
71c316,Republic of Korea,212.51,False
a77b6f,United States,164.5,False
a972d3,United States,210.52,False
7c8100,Australia,142.36,False
ab1210,United States,147.66,False
a9d5e7,United States,240.35,False
ab120b,United States,248.18,False
71c302,Republic of Korea,72.03,False
71c303,Republic of Korea,5.14,True
a9e8e5,United States,29.25,False
ab6bc6,United States,103.96,False
a16adc,United States,272.48,False
503d3d,Lithuania,205.75,False
71c334,Republic of Korea,159.87,False
a8a2a2,United States,39.26,False
ac4533,United States,46.04,False
a8fe57,United States,57.12,False
71c337,Republic of Korea,145.05,False
ac5868,United States,256.39,False
a37760,United States,169.37,False
7c3dae,Australia,62.07,False
ac9ef7,United States,196.87,False
71c329,Republic of Korea,225.15,False
e49c03,Brazil,237.24,False
e49c06,Brazil,211.42,False
e49c05,Brazil,205.53,False
a9e8db,United States,34.78,False
78067d,China,201.52,False
71c321,Republic of Korea,0.0,True
aa4c87,United States,4.37,True
aca848,United States,43.8,False
06a066,Qatar,187.1,False
a29dee,United States,146.67,False
155c6b,Russian Federation,253.03,False
a37765,United States,209.96,False
a4e709,United States,102.61,False
a0af06,United States,64.2,False
a3a155,United States,209.39,False
a6aab5,United States,253.19,False
a05f24,United States,58.15,False
a91dba,United States,193.0,False
a9d71b,United States,53.5,False
7cf5f4,Australia,0.06,True
406b05,United Kingdom,256.21,False
7448a3,Jordan,262.92,False
a2318d,United States,40.34,False
abbc52,United States,66.22,False
ab10ae,United States,46.29,False
a029e4,United States,0.0,True
3420c6,Spain,5.4,True
a3514f,United States,214.88,False
ac43ba,United States,68.52,False
a149c1,United States,175.08,False
ad63a8,United States,218.35,False
a4845f,United States,75.2,False
a96109,United States,206.51,False
acb9ed,United States,6.94,True
7c2b59,Australia,61.54,False
7cf5cb,Australia,0.0,True
a8b70d,United States,95.94,False
aaf0c5,United States,0.51,True
aaf0c6,United States,136.39,False
a5f46e,United States,4.63,True
ab10d4,United States,226.6,False
ad50a9,United States,223.87,False
a7dde1,United States,189.95,False
a89ab9,United States,46.31,False
48e959,Poland,152.28,False
c04453,Canada,109.4,False
a4c170,United States,200.33,False
ab6c94,United States,198.23,False
155bac,Russian Federation,240.37,False
acdc40,United States,206.14,False
a6aaba,United States,247.52,False
ac30c0,United States,123.49,False
e49aa8,Brazil,235.21,False
a6bda8,United States,190.2,False
acdc5a,United States,173.34,False
47c968,Norway,237.22,False
a66dc4,United States,50.25,False
aa4bc0,United States,54.01,False
ad63f7,United States,143.49,False
a73410,United States,207.33,False
ad50c9,United States,234.92,False
406b49,United Kingdom,214.46,False
71c392,Republic of Korea,260.15,False
781915,China,269.34,False
a53aae,United States,66.97,False
71c386,Republic of Korea,238.14,False
a4d434,United States,70.94,False
a78da1,United States,0.0,True
71c383,Republic of Korea,253.04,False
c0440e,Canada,130.55,False
407e53,United Kingdom,207.12,False
407e54,United Kingdom,164.17,False
0d02ed,Mexico,271.31,False
406b20,United Kingdom,232.51,False
c04413,Canada,219.51,False
7d02dd,Australia,4.63,True
a3a152,United States,250.69,False
a2a6d3,United States,62.37,False
a8a490,United States,220.52,False
a123e2,United States,206.79,False
a003ea,United States,274.57,False
c82c15,New Zealand,37.05,False
a1cf6b,United States,269.15,False
adb476,United States,201.9,False
a1bc1f,United States,43.07,False
a243d2,United States,233.86,False
a84177,United States,65.8,False
a389f8,United States,155.78,False
a759a8,United States,3.09,True
a0af7c,United States,178.83,False
86ddb2,Japan,286.97,False
a389eb,United States,70.57,False
a4e6c0,United States,185.21,False
a506d1,United States,215.25,False
a8a478,United States,236.07,False
a506d5,United States,189.37,False
a8418f,United States,107.38,False
a04c4f,United States,56.24,False
ab6c08,United States,213.91,False
7818f3,China,195.16,False
a05f95,United States,0.0,True
7c3e12,Australia,35.97,False
ada167,United States,204.38,False
a54f68,United States,63.28,False
a123bf,United States,219.17,False
851492,Japan,223.98,False
a6aaf5,United States,1.03,True
ab6c26,United States,203.23,False
abcf2f,United States,227.38,False
a59197,United States,243.91,False
a1bc73,United States,47.62,False
a9d76c,United States,54.07,False
ab23b5,United States,219.35,False
c880a9,Fiji,240.54,False
7c2b36,Australia,37.06,False
a376fe,United States,199.94,False
ad0f29,United States,195.66,False
a85493,United States,209.69,False
a90aaa,United States,139.11,False
ac56d9,United States,234.92,False
a8b75a,United States,237.51,False
ac56ba,United States,239.37,False
a90ac0,United States,79.91,False
ac9f52,United States,269.98,False
a496d6,United States,105.53,False
7805fa,China,160.26,False
ac69fc,United States,183.62,False
4b9df5,Turkey,157.94,False
503cc0,Lithuania,225.44,False
a3a0cc,United States,133.86,False
aca73b,United States,74.08,False
adb401,United States,238.59,False
a4c0c5,United States,71.01,False
ab1122,United States,257.49,False
a5f3cf,United States,200.2,False
a3a0cf,United States,3.09,True
3949ea,France,235.91,False
aaf111,United States,102.28,False
aaaddc,United States,211.53,False
3949eb,France,2.57,True
ac5765,United States,274.78,False
a999fd,United States,64.39,False
7c802c,Australia,6.43,False
a613e0,United States,210.62,False
7cf65c,Australia,0.64,True
ad7760,United States,243.21,False
aaadf8,United States,202.78,False
06a081,Qatar,256.77,False
ac576e,United States,43.39,False
a89c1e,United States,57.29,False
7cf665,Australia,0.06,True
a9e9db,United States,46.37,False
7cf64f,Australia,1.03,True
a01854,United States,30.26,False
7cf64a,Australia,4.12,True
a6ac43,United States,158.32,False
06a083,Qatar,286.22,False
a3a0eb,United States,245.81,False
c055eb,Canada,168.02,False
7cf650,Australia,1.54,True
a01820,United States,226.12,False
3949e8,France,265.45,False
3949e9,France,243.86,False
7c8002,Australia,46.07,False
a733e6,United States,195.64,False
39cf0c,France,260.22,False
a6bf7c,United States,28.3,False
7c3ce8,Australia,44.05,False
a1bc92,United States,201.55,False
adb415,United States,40.16,False
a600e4,United States,59.04,False
39cf12,France,236.43,False
7cf62d,Australia,0.0,True
8406e8,Japan,216.39,False
aa4c42,United States,4.63,True
a7cc2c,United States,120.28,False
ac578c,United States,229.04,False
a54f74,United States,109.07,False
a759eb,United States,219.07,False
0d0354,Mexico,108.15,False
a04bbe,United States,188.29,False
a24529,United States,277.67,False
49d13f,Czech Republic,147.15,False
aa4c1a,United States,266.82,False
ab249d,United States,225.33,False
407cd2,United Kingdom,250.48,False
ab249e,United States,243.85,False
adb437,United States,132.78,False
a9e9a5,United States,52.48,False
7c8071,Australia,218.81,False
7c8070,Australia,238.52,False
a2583d,United States,0.0,True
a6bf30,United States,57.31,False
aca788,United States,235.81,False
86ddf0,Japan,269.36,False
a4c0a3,United States,0.0,True
e49b53,Brazil,236.56,False
a3b3df,United States,202.34,False
7bb054,China,192.77,False
a4e6ee,United States,136.17,False
aa5f41,United States,198.79,False
a9618a,United States,0.0,True
7cf684,Australia,4.63,True
a24508,United States,251.89,False
407cb0,United Kingdom,224.91,False
7cf66f,Australia,10.29,True
a7a9cd,United States,225.68,False
a3a0ca,United States,0.0,True
a4e82e,United States,64.92,False
a1388c,United States,146.96,False
aa5fc2,United States,92.91,False
a54ec0,United States,49.01,False
e4a394,Brazil,224.07,False
acca88,United States,218.46,False
acca7b,United States,244.85,False
406c8e,United Kingdom,61.95,False
ad9a8d,United States,45.28,False
a00570,United States,66.87,False
c057b3,Canada,81.49,False
a1cecb,United States,32.92,False
0ac95a,Colombia,231.34,False
ac9fbd,United States,142.25,False
76b442,Singapore,227.75,False
a2452f,United States,205.45,False
a37842,United States,198.66,False
ab3982,United States,3.09,True
abbca1,United States,256.83,False
ab3989,United States,155.88,False
76b453,Singapore,82.75,False
70412b,Myanmar,130.01,False
aca950,United States,130.68,False
a24591,United States,212.99,False
ab7fee,United States,0.77,True
a42efc,United States,208.72,False
7cf867,Australia,193.49,False
4b9e55,Turkey,232.86,False
a2eeff,United States,49.32,False
a7cc65,United States,126.31,False
ac9ff2,United States,189.78,False
a47221,United States,216.67,False
7c2baf,Australia,0.0,True
abbcc1,United States,173.74,False
a24573,United States,248.51,False
ad663a,United States,41.34,False
acdcb3,United States,156.34,False
a35220,United States,0.77,True
a2457b,United States,65.29,False
a3c847,United States,191.19,False
ac8ce5,United States,228.99,False
aca94f,United States,76.55,False
a41bb5,United States,267.44,False
aca94b,United States,250.24,False
7c2bb0,Australia,168.5,False
ac4668,United States,30.42,False
a36556,United States,189.01,False
a8ec57,United States,236.56,False
ac8d5c,United States,205.94,False
a9d83f,United States,42.05,False
acca19,United States,0.0,True
407f58,United Kingdom,80.41,False
a65bf2,United States,234.99,False
acdd3c,United States,219.21,False
ac7a33,United States,246.23,False
abbd73,United States,0.0,True
a6bef9,United States,41.7,False
a3a27a,United States,216.12,False
0d01fd,Mexico,78.59,False
ab11e5,United States,41.37,False
a7ded2,United States,11.33,False
a8feb8,United States,127.17,False
a9d81c,United States,37.3,False
ac8d80,United States,70.12,False
abaa43,United States,236.71,False
ac7a52,United States,228.02,False
ab6d9e,United States,55.58,False
ad64cd,United States,163.18,False
a9c508,United States,249.98,False
a9c506,United States,228.78,False
a85568,United States,137.62,False
ac7a5e,United States,218.88,False
a9d830,United States,32.41,False
aa4ce2,United States,233.8,False
407f8c,United Kingdom,200.12,False
80138d,India,188.81,False
a2dd09,United States,50.82,False
aa0663,United States,40.8,True
84091b,Japan,165.14,False
a4d545,United States,55.79,False
a7dea2,United States,87.48,False
abbd8d,United States,248.58,False
a15a08,United States,93.31,False
a6152a,United States,232.75,False
c04511,Canada,63.31,False
adea33,United States,75.0,False
aaf1fa,United States,246.99,False
adea26,United States,284.37,False
aa196d,United States,51.78,False
406c3b,United Kingdom,240.54,False
a3a254,United States,43.24,False
a7debf,United States,187.41,False
406c3a,United Kingdom,5.82,False
c88099,Fiji,74.54,False
c88092,Fiji,227.72,False
a8b805,United States,206.38,False
a65bbc,United States,178.6,False
c0584f,Canada,143.06,False
a74871,United States,270.62,False
a004be,United States,220.02,False
a3b4b5,United States,225.07,False
a231a6,United States,155.32,False
a0f1bb,United States,194.08,False
a39a13,United States,230.01,False
a9b275,United States,236.89,False
c82b09,New Zealand,95.11,False
a3b4c7,United States,0.0,True
a65d11,United States,83.7,False
a53d2c,United States,200.19,False
ada296,United States,7.2,True
c82b0b,New Zealand,157.74,False
a244aa,United States,170.39,False
a3b4d6,United States,192.74,False
c82b16,New Zealand,0.9,True
a27a26,United States,134.23,False
a591a4,United States,122.2,False
ac57af,United States,0.0,True
abbd0a,United States,295.99,False
86351c,Japan,94.8,False
a8557a,United States,183.7,False
a8424c,United States,178.92,False
a2dd86,United States,44.8,False
c030bb,Canada,198.24,False
a39a51,United States,35.38,False
c82b3b,New Zealand,59.38,False
a0191e,United States,273.31,False
a8b883,United States,131.61,False
ab5a1d,United States,66.37,False
a9887c,United States,86.34,False
c030ef,Canada,189.28,False
c030eb,Canada,0.77,True
a364e7,United States,133.07,False
7cf6b0,Australia,3.6,True
acdd1b,United States,197.56,False
ac31a1,United States,214.55,False
a3fd0c,United States,178.77,False
abaa0a,United States,43.61,False
abaa0e,United States,172.34,False
7cf6a4,Australia,9.26,True
a5e29a,United States,203.6,False
ad77d7,United States,217.61,False
a9d879,United States,26.75,True
a1bd6a,United States,221.21,False
71c517,Republic of Korea,251.34,False
886283,Thailand,147.02,False
71c510,Republic of Korea,188.33,False
a471ec,United States,240.55,False
a721b2,United States,67.65,False
ad6539,United States,58.64,False
71c506,Republic of Korea,192.12,False
a3c900,United States,263.23,False
a721e0,United States,0.0,True
45ab4b,Denmark,227.69,False
aa4d77,United States,198.35,False
aaf253,United States,85.95,False
407da5,United Kingdom,239.55,False
a52a99,United States,265.02,False
71c537,Republic of Korea,261.48,False
adb52f,United States,53.03,False
aaf268,United States,145.18,False
a77d89,United States,0.06,True
8514b4,Japan,192.83,False
c043cb,Canada,96.77,False
886291,Thailand,260.52,False
7c2ad4,Australia,246.23,False
7bb126,China,192.69,False
a2efae,United States,87.46,False
a89d0a,United States,211.5,False
a987b4,United States,59.16,False
a0afde,United States,112.17,False
a5f4c6,United States,44.17,False
5113cf,Estonia,8.23,False
c069de,Canada,145.31,False
ad6595,United States,236.16,False
406ac4,United Kingdom,223.4,False
7c8188,Australia,58.32,False
ada227,United States,223.66,False
acdbe7,United States,121.21,False
a614d7,United States,32.87,False
a9b27c,United States,154.28,False
ab129a,United States,200.65,False
ad526c,United States,252.24,False
a591d5,United States,129.35,False
a3a1da,United States,164.6,False
af3be4,United States,71.12,False
a13972,United States,33.96,False
7c8163,Australia,62.37,False
acdbee,United States,275.16,False
acdbef,United States,198.83,False
e49a48,Brazil,181.16,False
c056c6,Canada,221.46,False
aa17bb,United States,57.61,False
a89d22,United States,237.36,False
aaf29f,United States,206.9,False
86228c,Japan,192.99,False
ad5273,United States,243.08,False
a43ea6,United States,239.33,False
a983f3,United States,199.73,False
a12216,United States,43.95,False
a01567,United States,219.96,False
a37517,United States,202.73,False
a8a0c1,United States,0.0,True
71c594,Republic of Korea,71.52,False
a78c8f,United States,219.85,False
801406,India,4.12,True
a18eef,United States,46.14,False
a8a0d9,United States,194.79,False
a05bde,United States,135.82,False
ad0d9d,United States,102.19,False
ad61de,United States,290.9,False
a3c514,United States,211.6,False
4cc58a,Iceland,224.83,False
a850dc,United States,244.18,False
a06ef4,United States,55.4,False
86ce81,Japan,81.8,False
78921b,China,2.57,True
80142b,India,217.71,False
a996e1,United States,185.51,False
ac692a,United States,196.11,False
aa01f9,United States,87.98,False
78921d,China,246.07,False
71c559,Republic of Korea,179.22,False
a3b0f3,United States,222.37,False
a2fee9,United States,180.63,False
a996df,United States,205.33,False
a8c6e8,United States,229.85,False
a7ef5b,United States,119.17,False
ab8fd0,United States,245.85,False
78922f,China,69.09,False
a17bfe,United States,220.5,False
71c549,Republic of Korea,207.63,False
a8fc2e,United States,270.37,False
a42ba5,United States,10.29,True
a7dc30,United States,61.2,False
789244,China,0.0,True
789243,China,261.05,False
789248,China,0.77,True
71c545,Republic of Korea,90.22,False
a7ef4b,United States,0.0,True
a3b0fe,United States,190.49,False
a2422c,United States,54.37,False
a36200,United States,103.56,False
a43ec9,United States,245.55,False
aca609,United States,9.26,True
a43ec3,United States,143.18,False
71c576,Republic of Korea,268.44,False
a49510,United States,86.97,False
71c579,Republic of Korea,245.55,False
a0abc5,United States,220.66,False
acffb4,United States,206.38,False
a2685b,United States,163.16,False
78924e,China,117.23,False
80141c,India,171.79,False
ab8fee,United States,5.92,True
71c565,Republic of Korea,291.48,False
ad1fc8,United States,230.54,False
71c567,Republic of Korea,225.66,False
acb938,United States,89.79,False
ab7cd3,United States,39.83,False
aaad49,United States,0.0,True
a67ef3,United States,45.94,False
a6bba3,United States,5.92,True
a74541,United States,251.99,False
7c81dc,Australia,151.84,False
ad87aa,United States,218.19,False
a5f208,United States,161.71,False
e0958f,Argentina,200.95,False
a75864,United States,48.84,False
adb29f,United States,222.76,False
801492,India,225.77,False
abba06,United States,136.93,False
a3b268,United States,227.29,False
ac54d8,United States,54.38,False
acda02,United States,266.33,False
aa5cd3,United States,59.06,False
ab34f3,United States,245.23,False
a1226e,United States,282.07,False
a8785b,United States,0.06,True
7041c1,Myanmar,13.38,True
aa0325,United States,61.32,False
a43eea,United States,270.43,False
ab34ea,United States,75.3,False
801462,India,181.98,False
80145f,India,247.0,False
a2ebbd,United States,224.56,False
aced23,United States,221.25,False
aced24,United States,248.03,False
3444c4,Spain,175.11,False
7c81d6,Australia,136.91,False
a2ebc5,United States,158.1,False
aced1c,United States,68.34,False
aaad6d,United States,209.18,False
abba43,United States,255.9,False
a79ea8,United States,208.73,False
a79ea0,United States,6.17,True
a75834,United States,43.36,False
a29d01,United States,3.6,True
abba3d,United States,222.93,False
a4959a,United States,250.54,False
a50549,United States,236.67,False
c06819,Canada,51.61,False
aaad8f,United States,221.1,False
80148d,India,208.87,False
a3d87d,United States,263.48,False
78082e,China,246.81,False
ac8a66,United States,236.15,False
a4824c,United States,51.06,False
80149a,India,248.1,False
ac41f3,United States,181.07,False
78083b,China,228.62,False
7cf7b9,Australia,0.51,False
ac4279,United States,123.3,False
aca594,United States,228.33,False
8a0260,Indonesia,231.82,False
8a0262,Indonesia,138.66,False
a267f0,United States,50.85,False
ac559f,United States,102.2,False
a54d06,United States,42.1,False
a30d18,United States,133.27,False
a04a49,United States,86.27,False
acb89b,United States,143.53,False
a121a2,United States,43.71,False
a134d5,United States,141.85,False
06a1bd,Qatar,97.03,False
06a1bc,Qatar,255.38,False
a014c9,United States,218.79,False
a387a2,United States,46.64,False
a16a02,United States,215.22,False
06a1cc,Qatar,261.59,False
06a1cb,Qatar,244.0,False
a027fa,United States,204.65,False
a54d25,United States,49.4,False
a8fbe8,United States,30.88,False
a3d7e5,United States,255.15,False
ac429b,United States,191.18,False
a7456d,United States,199.64,False
a7456c,United States,194.77,False
4bb842,Turkey,206.42,False
06a1eb,Qatar,251.1,False
a2b7f5,United States,168.37,False
a2ed46,United States,53.07,False
a1cd4e,United States,102.92,False
a86558,United States,101.6,False
c053c8,Canada,205.45,False
a6bbd2,United States,64.31,False
ab34a7,United States,69.36,False
a241c7,United States,52.88,False
a134de,United States,71.09,False
7c1a29,Australia,217.34,False
adb29c,United States,256.11,False
a04a4d,United States,96.2,False
a05d92,United States,240.67,False
a2b7cd,United States,237.9,False
a387f0,United States,202.26,False
a134e8,United States,47.86,False
a1cd55,United States,211.37,False
a98539,United States,258.67,False
7cf7bf,Australia,0.19,False
7cf7ba,Australia,0.51,False
c1e9f4,Canada,4.89,True
ac54a4,United States,58.93,False
a0ad6c,United States,228.26,False
407af4,United Kingdom,249.38,False
407af5,United Kingdom,0.0,True
aa1568,United States,174.07,False
a3d7a7,United States,196.03,False
a254d7,United States,163.18,False
ab8ee9,United States,202.65,False
46a5e4,Greece,3.34,True
a4e4e9,United States,68.81,False
4cc52e,Iceland,68.94,False
a78d45,United States,143.1,False
acb82c,United States,272.34,False
a4f7fb,United States,54.26,False
a361f3,United States,223.1,False
a28a94,United States,31.02,False
789271,China,219.06,False
aa5d60,United States,186.76,False
a744b3,United States,0.0,True
ad8836,United States,190.62,False
a2da59,United States,262.28,False
a66d5e,United States,134.67,False
4cc53b,Iceland,243.41,False
ac4210,United States,8.23,True
a3fa63,United States,27.08,False
a997cc,United States,294.45,False
4cc53a,Iceland,237.82,False
789280,China,1.54,True
789285,China,250.78,False
a494e9,United States,0.0,True
c066dd,Canada,235.28,False
c82a80,New Zealand,80.73,False
a16a85,United States,291.52,False
a2da3d,United States,53.03,False
a3fa72,United States,50.54,False
4bb862,Turkey,236.83,False
a254ff,United States,213.01,False
4cc510,Iceland,229.84,False
789295,China,212.6,False
789296,China,215.59,False
4cc530,Iceland,224.67,False
c066cd,Canada,74.64,False
4bb879,Turkey,0.0,True
78928a,China,170.89,False
a361b6,United States,140.06,False
a29d93,United States,251.32,False
a1ba59,United States,70.0,False
4bb86e,Turkey,200.11,False
a494c5,United States,221.25,False
7c2bea,Australia,67.02,False
4bb86b,Turkey,216.39,False
4788ee,Norway,4.89,True
adc532,United States,215.56,False
adc531,United States,14.92,True
a4e4a7,United States,37.27,False
a517dc,United States,246.63,False
a06ff3,United States,230.76,False
46b8b5,Greece,234.88,False
a13608,United States,221.56,False
aa27b5,United States,47.37,False
c066b0,Canada,198.62,False
a66d33,United States,11.83,True
4cc573,Iceland,235.63,False
a0161a,United States,40.44,False
4cc570,Iceland,228.5,False
adc541,United States,59.66,False
46b8a2,Greece,244.2,False
7807bb,China,4.12,True
a4e4ba,United States,196.92,False
a9d599,United States,58.01,False
a13663,United States,62.57,False
a0299e,United States,64.39,False
a13668,United States,181.65,False
a9c1c8,United States,33.95,False
a05cf3,United States,247.1,False
a55fb9,United States,48.4,False
a851f6,United States,185.54,False
86cf7c,Japan,159.4,False
a3c60d,United States,252.89,False
06a110,Qatar,280.72,False
a6aa6e,United States,232.76,False
a55fc6,United States,57.42,False
801536,India,239.13,False
06a125,Qatar,227.61,False
e4a125,Brazil,174.9,False
4cc481,Iceland,262.51,False
a8fd5a,United States,65.86,False
a43fa0,United States,262.55,False
a87907,United States,233.03,False
a37616,United States,222.87,False
e4a131,Brazil,221.09,False
a8a1c2,United States,67.36,False
06a12d,Qatar,269.06,False
adb2ee,United States,57.11,False
a1dfb0,United States,112.88,False
a3c649,United States,10.29,True
a87904,United States,205.86,False
c03084,Canada,242.64,False
06a12a,Qatar,235.84,False
406a34,United Kingdom,274.21,False
a55fe9,United States,208.96,False
c0307a,Canada,216.62,False
a91d8e,United States,4.37,True
a13650,United States,255.33,False
a0acff,United States,0.0,True
06a13b,Qatar,5.14,True
a9d4b5,United States,177.94,False
a7ca33,United States,45.1,False
a48321,United States,224.21,False
a0acfd,United States,201.19,False
ac5723,United States,95.18,False
801560,India,206.65,False
a36348,United States,116.36,False
a36345,United States,84.8,False
a38991,United States,201.98,False
a78d6b,United States,190.69,False
a24369,United States,96.36,False
a3897f,United States,242.36,False
a6bd78,United States,176.02,False
a3d90a,United States,194.55,False
a5f1ca,United States,3.34,True
ab7dd0,United States,107.89,False
a997e5,United States,200.33,False
a30cbf,United States,0.0,True
a0acdd,United States,193.17,False
a25667,United States,6.94,True
a1100d,United States,220.85,False
ac5746,United States,272.51,False
a984c1,United States,39.11,False
a31fdb,United States,178.72,False
801554,India,240.88,False
a8b4c6,United States,222.94,False
7c1abd,Australia,66.27,False
a0acf8,United States,1.29,True
a55fa2,United States,268.96,False
ac42a3,United States,33.63,False
a4d33f,United States,184.7,False
a05e02,United States,112.15,False
80158c,India,287.79,False
a66ce0,United States,194.28,False
80159e,India,234.28,False
a9e93b,United States,156.18,False
a66cf7,United States,247.03,False
ac8b2e,United States,117.04,False
a48356,United States,138.89,False
407d00,United Kingdom,214.48,False
aa4ac9,United States,144.37,False
abbb24,United States,244.73,False
c06978,Canada,30.63,False
874518,Japan,268.26,False
e0814b,Argentina,202.78,False
abbb2c,United States,231.51,False
ad0e61,United States,221.5,False
a2a688,United States,35.0,False
a2a686,United States,226.55,False
a2ecec,United States,227.05,False
85186a,Japan,179.56,False
a3b398,United States,146.32,False
86cea3,Japan,79.75,False
c03001,Canada,10.29,True
7c1b6f,Australia,57.53,False
a1239c,United States,0.0,False
a1239d,United States,234.49,False
ac42bf,United States,10.29,True
acee50,United States,100.42,False
a6cffc,United States,8.75,True
a74679,United States,221.9,False
a4e62a,United States,44.17,False
a6cfb8,United States,51.37,False
a66ca5,United States,224.25,False
a1ce16,United States,107.02,False
adb2a4,United States,264.53,False
7c2da9,Australia,46.58,False
aa5dc5,United States,173.27,False
a04b24,United States,242.3,False
a3c662,United States,227.79,False
a54cd9,United States,198.56,False
851820,Japan,53.23,False
ac42df,United States,186.94,False
a9e902,United States,39.67,False
a89a9f,United States,51.41,False
c0561f,Canada,73.14,False
a67ff0,United States,111.61,False
a148b9,United States,207.89,False
a87942,United States,215.72,False
abbb92,United States,180.92,False
a148bc,United States,58.17,False
a87945,United States,80.45,False
06a109,Qatar,268.85,False
06a106,Qatar,232.3,False
407d22,United Kingdom,232.74,False
a4c004,United States,72.97,False
06a105,Qatar,243.13,False
a54cf6,United States,45.33,False
851848,Japan,190.18,False
a5aff2,United States,218.53,False
a75966,United States,158.21,False
aaf073,United States,47.98,False
885102,Thailand,0.0,True
7892a5,China,246.78,False
a5e095,United States,0.0,True
7c2e45,Australia,164.75,False
7892a6,China,207.46,False
7c2e48,Australia,6.94,True
7c1b17,Australia,63.74,False
7892a4,China,188.49,False
c819d3,New Zealand,54.22,False
a242a5,United States,5.4,True
a9605b,United States,226.59,False
a66e03,United States,197.37,False
a638b0,United States,65.82,False
a66e0d,United States,204.57,False
c819de,New Zealand,96.42,False
a78e09,United States,0.0,True
ad639e,United States,219.92,False
a2b8c5,United States,0.0,True
a96035,United States,128.97,False
7c2e2e,Australia,126.08,False
a9b007,United States,218.34,False
a015f1,United States,69.02,False
0ac9ee,Colombia,222.27,False
a96046,United States,63.77,False
a388af,United States,210.5,False
885115,Thailand,191.01,False
ab6b02,United States,207.76,False
046c56,Guinea,204.57,False
4bb722,Turkey,144.03,False
a1ce99,United States,266.99,False
680002,Bhutan,247.79,False
c806d6,New Zealand,48.36,False
680009,Bhutan,213.03,False
ab48e8,United States,123.73,False
a42e67,United States,91.01,False
aaae1b,United States,113.73,False
a362be,United States,38.24,False
68000a,Bhutan,238.23,False
68000c,Bhutan,212.34,False
ac9e26,United States,292.3,False
a495bf,United States,235.68,False
ad88a2,United States,50.23,False
adb392,United States,56.83,False
ac9e23,United States,208.02,False
06a0dd,Qatar,214.55,False
7c2e93,Australia,43.78,False
a242e6,United States,216.61,False
a242c3,United States,239.36,False
a362a9,United States,255.26,False
a362b2,United States,241.36,False
ab35d3,United States,235.0,False
ab35d2,United States,145.3,False
a495b4,United States,131.13,False
ab35cb,United States,3.6,True
a5e073,United States,143.34,False
a84034,United States,180.39,False
7c1b2a,Australia,59.54,False
a29e5c,United States,10.8,True
a255ee,United States,90.79,False
a04b92,United States,0.64,False
aaae4b,United States,260.7,False
06a0fe,Qatar,268.33,False
06a0ff,Qatar,230.19,False
06a0fc,Qatar,274.97,False
ad7631,United States,264.09,False
ad7633,United States,246.59,False
ad1fcd,United States,16.46,True
a77b33,United States,76.52,False
acffbc,United States,212.84,False
acffbe,United States,234.52,False
71c752,Republic of Korea,215.36,False
a8b5b2,United States,251.73,False
a865c8,United States,0.0,True
a8b5ad,United States,191.49,False
abccc3,United States,104.46,False
ac6993,United States,216.07,False
aa02ab,United States,200.4,False
71c741,Republic of Korea,226.79,False
a6ab27,United States,204.3,False
aaf007,United States,240.78,False
a6be6b,United States,38.39,False
4bb745,Turkey,235.4,False
a732d9,United States,240.35,False
a4d2df,United States,51.03,False
7808a3,China,102.15,False
ad763b,United States,238.6,False
a7a8ed,United States,223.78,False
a65b76,United States,253.79,False
a7cb0b,United States,212.62,False
8013ea,India,2.83,True
ab2372,United States,210.45,False
a17db6,United States,34.05,False
0ac9de,Colombia,233.05,False
71c715,Republic of Korea,99.47,False
7808ad,China,137.55,False
4a2182,Romania,204.47,False
ac3030,United States,207.02,False
71c717,Republic of Korea,190.59,False
a04aa9,United States,237.47,False
71c710,Republic of Korea,169.82,False
0ac9f0,Colombia,169.75,False
a9b06f,United States,202.01,False
a12429,United States,241.89,False
71c708,Republic of Korea,227.72,False
adc646,United States,170.14,False
ac5697,United States,234.72,False
a1373d,United States,255.17,False
a05ddc,United States,234.71,False
a638f5,United States,61.86,False
8409da,Japan,105.17,False
a8a391,United States,5.14,True
71c738,Republic of Korea,3.86,True
ac3053,United States,192.0,False
a77b0e,United States,224.02,False
adc65e,United States,105.46,False
0d0495,Mexico,135.31,False
a5f2a8,United States,52.06,False
a9739c,United States,239.82,False
a612a6,United States,213.68,False
a7de16,United States,253.63,False
704458,Myanmar,215.85,False
a54e87,United States,33.2,False
a3fb63,United States,37.04,False
0ac9c3,Colombia,235.94,False
a9607d,United States,224.95,False
c067ae,Canada,205.96,False
a41b89,United States,237.16,False
a665ae,United States,255.78,False
ab76bc,United States,7.2,True
ac96b8,United States,221.01,False
a46e70,United States,185.9,False
408120,United Kingdom,239.5,False
a2e5ec,United States,127.07,False
aa56db,United States,215.79,False
a7b08d,United States,207.0,False
aa56da,United States,6.69,True
88044d,Thailand,80.77,False
ade191,United States,93.11,False
abd9d9,United States,227.36,False
7c6b41,Australia,244.19,False
7c6b40,Australia,131.76,False
842194,Japan,174.63,False
880454,Thailand,138.73,False
ade199,United States,80.22,False
a34e6a,United States,248.52,False
aa56d5,United States,228.45,False
ad4f0b,United States,185.04,False
7c6b30,Australia,259.33,False
a33b52,United States,145.12,False
7c6b39,Australia,0.51,True
7c6b38,Australia,244.04,False
a282e5,United States,197.64,False
7c6b37,Australia,225.82,False
7c6b35,Australia,195.03,False
4952cf,Portugal,97.84,False
7c6b0f,Australia,205.31,False
a7e8bf,United States,237.51,False
c01aa6,Canada,199.38,False
a438f1,United States,183.86,False
aaa6da,United States,35.5,False
a21b44,United States,222.01,False
aa56b5,United States,260.08,False
aa56b8,United States,202.53,False
a46e40,United States,167.52,False
a1d8fd,United States,228.23,False
aa56b4,United States,129.25,False
aa56b3,United States,0.0,True
c822df,New Zealand,130.96,False
ac2f5a,United States,254.09,False
ab63d7,United States,237.16,False
a33b1e,United States,234.11,False
7c6b18,Australia,145.11,False
7c6b17,Australia,178.3,False
7c6b14,Australia,64.99,False
ac2f83,United States,254.72,False
4952b0,Portugal,244.88,False
a2d2fc,United States,58.32,False
4952b1,Portugal,251.45,False
e4943e,Brazil,246.32,False
aaef89,United States,261.39,False
ad3c1f,United States,283.68,False
e49444,Brazil,228.52,False
a7b057,United States,193.68,False
e49446,Brazil,249.68,False
abb3b6,United States,281.37,False
4952a7,Portugal,190.12,False
4952a9,Portugal,246.14,False
a2d2eb,United States,216.85,False
4952a2,Portugal,149.9,False
e4944e,Brazil,83.18,False
a6409c,United States,53.98,False
ab63f3,United States,58.93,False
a45b5d,United States,5.92,True
e49450,Brazil,100.28,False
ae5c17,United States,71.66,False
0a00c3,Algeria,156.39,False
a58e1e,United States,272.63,False
a2d2f2,United States,268.17,False
a34e9d,United States,229.16,False
a2d2da,United States,234.02,False
7c6b4d,Australia,87.37,False
a0db99,United States,60.74,False
ace6e2,United States,173.88,False
7c6b3d,Australia,229.01,False
ad4f86,United States,168.32,False
a88075,United States,70.05,False
ae13b0,United States,119.97,False
a0441d,United States,61.72,False
a94b50,United States,220.82,False
c02e9b,Canada,200.62,False
a69b92,United States,83.91,False
3c65a3,Germany,0.0,True
a8f5f9,United States,78.42,False
a94b4d,United States,239.38,False
ae277e,United States,29.25,False
ab649a,United States,202.39,False
4b1883,Switzerland,222.73,False
0d0af1,Mexico,204.07,False
0d0af7,Mexico,227.91,False
ae1478,United States,108.42,False
7c1065,Australia,63.89,False
a94b2b,United States,248.81,False
acd486,United States,137.71,False
a94b2e,United States,112.15,False
a45b96,United States,135.1,False
a94b48,United States,254.6,False
ac7188,United States,9.26,True
ae2793,United States,59.77,False
a915ef,United States,38.21,False
a41412,United States,209.54,False
a1511c,United States,25.29,False
a94b0a,United States,210.34,False
a1c75b,United States,68.68,False
a94b0b,United States,224.8,False
0c4186,Dominican Republic,220.73,False
a33aa7,United States,224.67,False
a94b29,United States,119.88,False
861f00,Japan,198.07,False
a70b2f,United States,227.59,False
7c35a1,Australia,58.2,False
a71e5c,United States,215.67,False
a83e49,United States,119.94,False
a0310c,United States,142.63,False
c81108,New Zealand,29.83,False
abd9b6,United States,214.72,False
c02e91,Canada,173.16,False
a785fd,United States,239.69,False
0d0ac8,Mexico,98.98,False
a2e70b,United States,56.65,False
a57b8b,United States,9.77,True
aa9f6f,United States,256.77,False
a69b86,United States,171.69,False
a94b02,United States,238.02,False
a94b08,United States,5.4,True
a928e8,United States,222.37,False
a08acb,United States,233.54,False
a29748,United States,242.41,False
c082c2,Canada,128.47,False
a16441,United States,47.53,False
ab6418,United States,57.11,False
a1a144,United States,45.33,False
a7d70e,United States,161.32,False
aa441c,United States,245.22,False
a1515b,United States,126.78,False
7c4990,Australia,119.79,False
c8243a,New Zealand,243.01,False
800daf,India,218.79,False
ad071d,United States,139.98,False
a41447,United States,0.0,True
758377,Philippines,38.34,False
ab774b,United States,85.4,False
7c7cbc,Australia,72.29,False
a4142f,United States,36.14,False
a0dae2,United States,245.29,False
a33ac2,United States,103.02,False
e4808c,Brazil,77.81,False
a39113,United States,82.14,False
ad072c,United States,238.3,False
a34ddf,United States,64.55,False
800da0,India,1.03,True
a1512f,United States,216.07,False
a3910c,United States,59.78,False
75832f,Philippines,136.61,False
a2845b,United States,190.73,False
a22dec,United States,27.57,False
a65454,United States,235.4,False
a39100,United States,0.39,True
a1c773,United States,59.07,False
ac7103,United States,257.22,False
a70aa1,United States,218.41,False
ae270a,United States,90.66,False
782031,China,106.55,False
a27190,United States,0.0,True
a40164,United States,33.64,False
c07071,Canada,137.19,False
861e78,Japan,0.9,True
86d5b6,Japan,258.85,False
ac1ab8,United States,6.17,True
ac2dea,United States,219.65,False
a10f22,United States,40.7,False
49530d,Portugal,71.0,False
ac7115,United States,185.41,False
abb440,United States,260.53,False
a7c2ef,United States,4.12,True
ab6471,United States,0.0,True
a069b2,United States,42.97,False
a94b72,United States,190.11,False
025414,Morocco,59.04,False
86d5e5,Japan,181.31,False
ae2762,United States,43.6,False
861e92,Japan,214.27,False
a94b6b,United States,73.57,False
495309,Portugal,202.22,False
abfac6,United States,103.61,False
abc780,United States,269.79,False
a33afa,United States,176.85,False
a2716a,United States,53.78,False
a4bdb9,United States,138.08,False
a4278e,United States,122.95,False
495304,Portugal,223.44,False
a3f436,United States,0.0,True
ad077b,United States,0.0,True
84cb5b,Japan,138.16,False
758308,Philippines,233.33,False
a33af8,United States,38.95,False
3b7b98,France,62.61,False
758307,Philippines,229.43,False
a0a6c5,United States,0.06,True
a559a3,United States,74.64,False
7c6a8d,Australia,206.52,False
a95dfc,United States,114.35,False
a94ae3,United States,246.41,False
0d0b4b,Mexico,211.43,False
a8f77c,United States,232.25,False
e48045,Brazil,0.26,True
ac82f8,United States,197.61,False
408062,United Kingdom,238.26,False
aa3166,United States,41.12,False
a9046d,United States,7.72,True
ae5b67,United States,148.78,False
ac1b93,United States,243.52,False
40804d,United Kingdom,207.85,False
40804e,United Kingdom,207.15,False
408053,United Kingdom,71.65,False
408051,United Kingdom,236.01,False
c87f2b,New Zealand,60.04,False
c07044,Canada,0.77,True
c87f2a,New Zealand,100.28,False
a7b13b,United States,239.56,False
3c542d,Germany,6.17,True
3c6701,Germany,153.68,False
3c6706,Germany,274.54,False
3c6709,Germany,260.78,False
3c6708,Germany,233.81,False
3c6707,Germany,237.38,False
a71ded,United States,114.52,False
a7d754,United States,207.86,False
a7c429,United States,62.32,False
a1fc3b,United States,157.39,False
a22f79,United States,225.24,False
a57af9,United States,239.69,False
abfb8a,United States,169.2,False
0d0b20,Mexico,229.39,False
a6679b,United States,218.13,False
a6fdd7,United States,181.93,False
a82aa8,United States,10.8,True
4951ee,Portugal,220.47,False
a21c53,United States,254.84,False
a030a8,United States,223.1,False
abc704,United States,92.19,False
0d0b30,Mexico,233.82,False
ab0da6,United States,132.75,False
aa8ac6,United States,39.0,False
a426a5,United States,2.83,True
3c670f,Germany,271.04,False
3c670e,Germany,236.45,False
e49388,Brazil,243.73,False
ac9709,United States,243.4,False
a7d775,United States,248.89,False
c08335,Canada,7.2,True
a5216c,United States,5.37,False
aa4440,United States,6.43,True
7c4927,Australia,256.62,False
e49390,Brazil,1.03,True
7c4921,Australia,0.0,True
408092,United Kingdom,265.78,False
a22f66,United States,30.26,False
a90428,United States,249.0,False
868710,Japan,205.52,False
aa7a1f,United States,130.05,False
a666cd,United States,132.38,False
c02eca,Canada,260.54,False
ad07ae,United States,50.67,False
aa44bb,United States,72.26,False
aa44d0,United States,241.65,False
c02ed9,Canada,249.62,False
a5cc35,United States,136.86,False
a283ed,United States,209.38,False
aa44ac,United States,249.65,False
abfd23,United States,7.72,True
ac97e4,United States,262.17,False
7c6c56,Australia,168.72,False
a3f3dc,United States,258.55,False
a45c45,United States,40.13,False
ac0a22,United States,207.96,False
7c6c2b,Australia,0.0,True
abc7e9,United States,200.27,False
40820f,United Kingdom,222.97,False
7c7f71,Australia,88.14,False
c02ef9,Canada,49.9,False
c08536,Canada,218.22,False
a2d3b3,United States,261.11,False
a1a0a1,United States,229.62,False
a4ac5a,United States,1.54,False
aadd5e,United States,64.13,False
c02ee7,Canada,253.97,False
ace7bf,United States,236.65,False
ac1d76,United States,62.4,False
abfd66,United States,174.76,False
a0a80e,United States,102.95,False
a559df,United States,48.49,False
ae27f7,United States,44.86,False
aba1a0,United States,114.91,False
ae4a16,United States,113.89,False
a7619b,United States,119.42,False
ac84f9,United States,125.65,False
e4932a,Brazil,213.06,False
e4932b,Brazil,142.4,False
a4bf48,United States,83.82,False
ad3d66,United States,159.71,False
a76192,United States,129.02,False
7c6c97,Australia,229.54,False
ab9a5c,United States,78.41,False
a9047f,United States,192.73,False
7c6c90,Australia,148.4,False
ad3d4e,United States,276.78,False
c821ee,New Zealand,192.87,False
408260,United Kingdom,234.27,False
ae4a1d,United States,119.15,False
ae14cc,United States,96.61,False
7c7f9e,Australia,53.3,False
aba1c9,United States,4.89,True
4a2aac,Romania,166.38,False
abb4ea,United States,196.01,False
ac71d2,United States,53.57,False
c821f8,New Zealand,130.08,False
3c6565,Germany,242.04,False
3c6564,Germany,0.0,True
7c6c5c,Australia,45.79,False
a5cc19,United States,154.76,False
a5cc15,United States,215.04,False
a5cc13,United States,90.55,False
a5cc12,United States,150.93,False
a5cc11,United States,131.71,False
3c656f,Germany,0.45,True
3c656e,Germany,242.27,False
ac71dd,United States,144.56,False
ac71e7,United States,274.8,False
40823c,United Kingdom,242.56,False
40823d,United Kingdom,214.02,False
adf567,United States,245.95,False
abb595,United States,215.53,False
846a34,Japan,175.93,False
a82c88,United States,42.25,False
ac858a,United States,73.85,False
a03235,United States,239.11,False
a1c82a,United States,231.44,False
aa7a83,United States,2.31,True
0a001b,Algeria,217.58,False
abb59f,United States,192.55,False
aba28e,United States,54.69,False
4b1781,Switzerland,241.45,False
ad928e,United States,84.96,False
0a008a,Algeria,93.63,False
a70c67,United States,280.14,False
7c7f53,Australia,57.88,False
aa7a61,United States,211.84,False
a1a21f,United States,227.43,False
a94c2a,United States,182.92,False
7c6c27,Australia,224.38,False
a6ec56,United States,245.77,False
a5cc4c,United States,134.99,False
7c7f51,Australia,0.13,True
ab77ac,United States,116.74,False
a83f63,United States,8.23,True
a8e3b9,United States,270.28,False
a1c86a,United States,0.0,True
ad9293,United States,2.31,True
c01c52,Canada,246.51,False
a6a3c2,United States,211.39,False
a8e3b3,United States,242.98,False
a1c868,United States,268.8,False
ad07a6,United States,7.46,True
abfd00,United States,293.69,False
a0dbc4,United States,47.67,False
a41518,United States,3.34,True
a880b0,United States,0.0,True
aa31c2,United States,289.34,False
abc7a3,United States,5.14,True
7c7f0a,Australia,50.33,False
a6ec65,United States,224.58,False
a2d56d,United States,218.33,False
c82336,New Zealand,114.79,False
ad4eb4,United States,179.63,False
ad4eb5,United States,242.79,False
7c6ac9,Australia,32.02,False
c82333,New Zealand,56.41,False
ac9850,United States,179.3,False
a76204,United States,39.15,False
aa4548,United States,256.31,False
c82349,New Zealand,100.14,False
c02f37,Canada,79.02,False
a2d573,United States,200.1,False
a6b840,United States,218.39,False
a45bd7,United States,0.0,True
ab786d,United States,34.09,False
ab6552,United States,218.81,False
a52242,United States,70.48,False
a5dee3,United States,215.55,False
abb537,United States,262.58,False
a21bea,United States,232.87,False
a5489b,United States,36.61,False
a69bd9,United States,226.15,False
aaa86a,United States,133.41,False
a52259,United States,28.78,False
ad0851,United States,113.95,False
a5cbc5,United States,57.76,False
a69bdd,United States,0.64,True
ac7216,United States,172.96,False
ad4eba,United States,90.24,False
a69be5,United States,209.63,False
a70bc9,United States,197.21,False
a1b573,United States,268.54,False
abb52c,United States,169.84,False
aadbe1,United States,52.72,False
c82379,New Zealand,116.97,False
782158,China,265.02,False
0d0a77,Mexico,208.21,False
aa9eb3,United States,223.7,False
a057c7,United States,229.4,False
ae6ed9,United States,52.39,False
c07193,Canada,10.29,True
47bdea,Norway,0.73,False
ace877,United States,62.93,False
769102,Singapore,259.99,False
a2c27e,United States,210.93,False
a39289,United States,249.21,False
7c6af1,Australia,74.12,False
0a0021,Algeria,247.78,False
ac8577,United States,206.88,False
a057cc,United States,199.52,False
abfbd0,United States,234.87,False
7c6aea,Australia,85.82,False
a2729e,United States,27.27,True
7c6ae2,Australia,135.22,False
7c6ae1,Australia,142.31,False
ade212,United States,65.29,False
adf542,United States,126.6,False
3c64f3,Germany,199.94,False
ac8588,United States,197.04,False
aa580e,United States,246.86,False
0d0a8d,Mexico,192.95,False
acd53d,United States,42.3,False
abb57a,United States,226.84,False
a64208,United States,69.13,False
4080ad,United Kingdom,213.46,False
7c6ad5,Australia,2.83,True
4080b6,United Kingdom,0.0,True
aba23a,United States,2.31,True
a6b81a,United States,6.69,True
a53551,United States,40.86,False
abb3ec,United States,183.05,False
a7c57d,United States,53.38,False
c81080,New Zealand,60.78,False
aa328f,United States,232.76,False
e49247,Brazil,245.28,False
4b15d6,Switzerland,205.49,False
a94bfc,United States,112.39,False
a94bff,United States,182.85,False
e4924a,Brazil,225.56,False
abfc97,United States,216.88,False
861ebc,Japan,118.8,False
a1c7c1,United States,255.62,False
7103da,Saudi Arabia,265.74,False
acd3e1,United States,59.78,False
861ef8,Japan,197.53,False
3c6649,Germany,255.49,False
408183,United Kingdom,197.65,False
a8d224,United States,117.29,False
a297ae,United States,56.14,False
c0716c,Canada,36.82,False
a1fd03,United States,280.6,False
a8d231,United States,238.35,False
a21d19,United States,2.31,True
40815c,United Kingdom,225.44,False
ae5c77,United States,107.76,False
a7c53e,United States,66.87,False
a8d206,United States,40.13,True
738c06,Israel,258.13,False
a1a1b6,United States,190.66,False
a8953c,United States,32.22,False
a271c3,United States,59.08,False
a89545,United States,216.22,False
a65598,United States,136.85,False
0d0a02,Mexico,226.43,False
a6fef8,United States,65.68,False
acc0db,United States,35.16,False
a45d1a,United States,178.25,False
acc0f4,United States,37.91,False
738c0b,Israel,251.92,False
a6a589,United States,72.12,False
861eb4,Japan,244.08,False
842208,Japan,173.13,False
c08463,Canada,124.63,False
0d0a16,Mexico,196.07,False
ab6519,United States,137.5,False
a1ea10,United States,79.35,False
abc80c,United States,273.25,False
a8955e,United States,236.42,False
c0712e,Canada,218.5,False
0d0a0f,Mexico,239.74,False
a20a11,United States,41.48,False
aaa83f,United States,180.88,False
ac2eaa,United States,137.37,False
0d0a21,Mexico,101.92,False
ad081a,United States,58.85,False
e4926f,Brazil,102.59,False
0d0a26,Mexico,82.51,False
aa9eef,United States,220.7,False
aaeec5,United States,110.48,False
ac2d09,United States,285.19,False
a09c97,United States,72.24,False
a59f53,United States,253.49,False
0d0e2b,Mexico,284.17,False
0d0e2a,Mexico,91.15,False
a89192,United States,0.0,True
0d0e40,Mexico,155.99,False
4843f2,Kingdom of the Netherlands,12.86,True
aaed17,United States,261.54,False
0d0e46,Mexico,154.29,False
7820b9,China,231.61,False
a449f1,United States,196.74,False
7c6d78,Australia,240.41,False
7c6d76,Australia,203.13,False
7c6d75,Australia,7.2,True
a0b6ea,United States,111.87,False
a449e5,United States,94.35,False
7c6d64,Australia,230.58,False
a09c6b,United States,33.26,False
7cbd27,Australia,51.25,False
a449cb,United States,230.57,False
7583f8,Philippines,100.06,False
0d0e5b,Mexico,241.41,False
a84f16,United States,48.07,False
7c6d53,Australia,69.11,False
7583bb,Philippines,36.01,False
abd7d1,United States,247.47,False
7c6d9b,Australia,185.92,False
7c6d9a,Australia,222.17,False
c080cd,Canada,14.4,True
151dd5,Russian Federation,27.57,False
0d0e04,Mexico,4.37,True
0d0e05,Mexico,119.37,False
ab0d76,United States,130.98,False
86d96c,Japan,188.4,False
a2d0b2,United States,52.77,False
a423d7,United States,218.17,False
7c6d8d,Australia,233.61,False
7c6d8c,Australia,231.37,False
abfa24,United States,229.39,False
aaed5a,United States,220.65,False
a4cf26,United States,148.48,False
aaed67,United States,52.29,False
abc4be,United States,148.26,False
7583a9,Philippines,172.12,False
7583a8,Philippines,243.15,False
7c6d8f,Australia,0.0,True
7583a1,Philippines,220.3,False
a7c166,United States,39.68,False
c820d4,New Zealand,219.13,False
7c6d7c,Australia,0.0,True
7c6d7b,Australia,250.1,False
ac1a44,United States,124.24,False
abfa36,United States,55.41,False
151df9,Russian Federation,234.45,False
aa4283,United States,33.85,False
7c6d7f,Australia,0.0,True
a22c7c,United States,58.13,False
7c6d95,Australia,237.57,False
ac1a2c,United States,247.79,False
7c6d93,Australia,0.0,True
7c6d92,Australia,138.51,False
7c6d91,Australia,209.17,False
7c6d90,Australia,0.0,True
a303ce,United States,52.96,False
0d0e1e,Mexico,205.13,False
abc4d8,United States,77.61,False
7c6d98,Australia,47.33,True
a47f66,United States,44.41,False
a1d811,United States,0.0,True
86d8cc,Japan,169.18,False
a11eb7,United States,206.21,False
a05521,United States,4.63,True
adaee8,United States,116.46,False
a0b81d,United States,242.5,False
a0b823,United States,208.8,False
8675d8,Japan,8.75,True
a0b821,United States,187.63,False
ac2be9,United States,110.78,False
758533,Philippines,237.85,False
a06860,United States,61.26,False
abb245,United States,232.72,False
e490c8,Brazil,219.26,False
a7e6cf,United States,265.84,False
c080a4,Canada,238.09,False
abc573,United States,199.21,False
c080a2,Canada,226.2,False
ad0562,United States,240.44,False
a0fea6,United States,0.0,True
ac2bfd,United States,165.97,False
758502,Philippines,67.32,False
a5dc8a,United States,168.41,False
a280fe,United States,0.0,True
8422f9,Japan,201.89,False
a913a3,United States,47.51,False
a0b801,United States,0.0,True
846b6c,Japan,136.0,False
a9bf27,United States,208.82,False
a890b7,United States,137.52,False
a1b0fb,United States,195.29,False
0c4354,Dominican Republic,252.82,False
0c4355,Dominican Republic,239.72,False
a95c38,United States,230.19,False
ab627c,United States,265.17,False
abc592,United States,73.65,False
aa54f1,United States,211.33,False
e490f1,Brazil,139.85,False
7c6d39,Australia,215.0,False
0d0cce,Mexico,191.29,False
ab628c,United States,242.72,False
ac8289,United States,246.69,False
a939e8,United States,279.51,False
a0b867,United States,0.0,True
a0a536,United States,63.66,False
abb271,United States,265.3,False
a96f2b,United States,189.05,False
a35ec2,United States,206.69,False
a60f7a,United States,66.05,False
0d0cdd,Mexico,228.58,False
acf89f,United States,223.84,False
49514f,Portugal,68.94,False
a10bbc,United States,144.98,False
a6c6c8,United States,196.25,False
a4380f,United States,200.64,False
a676f2,United States,57.85,False
a23ecf,United States,56.99,False
7c6d31,Australia,1.03,True
a43815,United States,58.52,False
a96f11,United States,127.69,False
151f0d,Russian Federation,40.29,False
a0b846,United States,207.93,False
a0b844,United States,14.4,True
a0b841,United States,227.43,False
a0b840,United States,267.23,False
84bb06,Japan,202.92,False
a806e0,United States,229.15,False
7c6d24,Australia,210.68,False
a0b848,United States,202.67,False
aa8a09,United States,203.61,False
aa8a07,United States,213.11,False
a7f9f4,United States,257.03,False
a05555,United States,58.95,False
aa67e1,United States,127.92,False
4246b3,United Kingdom,239.83,False
a1624e,United States,105.1,False
a3187c,United States,180.23,False
aab838,United States,176.8,False
a59eca,United States,49.91,False
a7e804,United States,58.21,False
a35ef1,United States,0.0,True
7cbbb3,Australia,38.59,False
a1d87a,United States,268.95,False
c03f02,Canada,180.15,False
a79821,United States,242.37,False
4006c4,United Kingdom,246.88,False
a1d873,United States,122.59,False
c03f37,Canada,221.0,False
a29551,United States,227.75,False
758584,Philippines,232.59,False
460483,Finland,117.82,False
758582,Philippines,234.84,False
485789,Kingdom of the Netherlands,253.55,False
a5320b,United States,0.0,True
abc504,United States,198.34,False
a4bbb0,United States,56.22,False
7c7eef,Australia,127.0,False
4006c0,United Kingdom,1.8,True
a6784c,United States,207.21,False
7c6bb8,Australia,4.12,True
484444,Kingdom of the Netherlands,228.18,False
a6652b,United States,9.26,True
a67805,United States,224.58,False
a95c89,United States,221.09,False
758560,Philippines,233.52,False
acf849,United States,201.66,False
ab6229,United States,91.43,False
a2e585,United States,89.31,False
c82268,New Zealand,210.2,False
abb205,United States,174.22,False
afa813,United States,51.56,False
ad1857,United States,223.42,False
ac2bb9,United States,196.64,False
ac3ee9,United States,212.49,False
aaa555,United States,165.43,False
a30596,United States,243.26,False
ad185f,United States,242.88,False
a2e571,United States,215.0,False
48440f,Kingdom of the Netherlands,245.19,False
a0428a,United States,182.72,False
a1c57e,United States,204.53,False
a0428e,United States,188.4,False
a16273,United States,295.63,False
c0817c,Canada,223.46,False
a9ac2a,United States,52.46,False
ac821f,United States,74.54,False
4246a2,United Kingdom,263.32,False
4246a3,United Kingdom,229.28,False
abb222,United States,285.02,False
c82284,New Zealand,61.89,False
a2e560,United States,276.88,False
ac8233,United States,61.05,False
acf83f,United States,3.71,False
ac2bd5,United States,256.78,False
ac2bd9,United States,97.07,False
a54520,United States,0.0,True
0d0d91,Mexico,226.51,False
a89234,United States,242.68,False
ab73f5,United States,203.18,False
ad03c4,United States,245.5,False
ae6c1d,United States,145.12,False
a0b7b8,United States,244.29,False
a0b7b7,United States,247.04,False
a0b7b6,United States,9.77,True
0d0d8d,Mexico,196.64,False
c08119,Canada,40.25,False
ac2c79,United States,252.93,False
ad03d5,United States,42.36,False
a9abb0,United States,60.27,False
a8920f,United States,0.0,True
4b5d62,Switzerland,10.8,True
151dc1,Russian Federation,279.01,False
a96ecb,United States,248.6,False
86d974,Japan,240.75,False
3c651a,Germany,254.21,False
ab60e3,United States,240.02,False
7c6c9f,Australia,1.54,True
c08139,Canada,46.24,False
7c6c9b,Australia,158.39,False
7c6c9a,Australia,247.49,False
abc3ec,United States,252.49,False
aaec9c,United States,216.62,False
a5322b,United States,86.55,False
c03dac,Canada,183.6,False
a1c4b5,United States,41.48,False
a0b7de,United States,5.14,True
a294c1,United States,31.38,False
a72ef7,United States,206.39,False
a7851c,United States,1.03,True
861fa4,Japan,149.15,False
a0b7fa,United States,243.29,False
86d906,Japan,231.14,False
a96ed7,United States,136.03,False
acd0c2,United States,148.17,False
a317ba,United States,136.56,False
a91535,United States,205.78,False
a91536,United States,207.5,False
a067ec,United States,223.2,False
a0b7bd,United States,115.61,False
a0b7ba,United States,3.34,True
acd0f1,United States,55.68,False
a08a1a,United States,219.74,False
86d928,Japan,167.99,False
a0ed34,United States,129.52,False
acd0e0,United States,97.96,False
a797b4,United States,135.41,False
a1b1af,United States,76.74,False
408000,United Kingdom,232.06,False
0d0d19,Mexico,42.38,False
a46d47,United States,218.58,False
a807a1,United States,16.47,False
ac95a3,United States,46.62,False
7821bd,China,90.44,False
aa55b5,United States,72.99,False
a8e29c,United States,255.49,False
7c12cd,Australia,77.31,False
a677ca,United States,206.35,False
a437da,United States,238.29,False
aaa5ae,United States,211.81,False
ab0e53,United States,0.0,False
7821cd,China,152.02,False
7584fc,Philippines,244.87,False
0d0d37,Mexico,188.06,False
a71d34,United States,189.02,False
a34d52,United States,206.93,False
a46d29,United States,214.03,False
a0b7fd,United States,210.35,False
a0b7fb,United States,110.61,False
a5dd1c,United States,267.75,False
a46d26,United States,142.01,False
abc5b8,United States,322.6,False
aaa5e2,United States,38.6,False
aadb37,United States,136.84,False
a7d58f,United States,65.27,False
7584e4,Philippines,127.09,False
a8e24d,United States,213.84,False
aa68a5,United States,92.78,False
ac1b44,United States,250.21,False
a11fa1,United States,0.9,True
a11fa3,United States,296.4,False
a0692d,United States,46.2,False
ab62d3,United States,188.8,False
a8e262,United States,121.84,False
a34d98,United States,10.29,True
a06943,United States,61.5,False
408026,United Kingdom,201.04,False
84118c,Japan,238.2,False
a2d1bc,United States,229.34,False
a557c3,United States,0.0,True
a9abc4,United States,214.12,False
a18903,United States,51.28,False
ab62f8,United States,249.2,False
a46d4e,United States,246.28,False
a8e247,United States,145.16,False
a46d4a,United States,206.79,False
a4bd0f,United States,88.52,False
a23fb9,United States,169.83,False
7c38c4,Australia,38.22,False
ab503a,United States,207.06,False
a05646,United States,279.51,False
75862c,Philippines,248.02,False
c02d99,Canada,149.81,False
a82a44,United States,174.48,False
ab5056,United States,1.03,True
a0696e,United States,45.33,False
a45a94,United States,41.78,False
a95d79,United States,70.51,False
ab6391,United States,61.06,False
a95d6e,United States,248.5,False
ab6394,United States,1.03,True
ad4cf2,United States,233.11,False
758622,Philippines,71.94,False
151e2b,Russian Federation,40.02,False
a5ca89,United States,3.6,True
75860f,Philippines,1.03,True
ae2683,United States,60.34,False
ac7049,United States,262.65,False
a05628,United States,286.51,False
acc02b,United States,10.29,False
aa42f7,United States,199.17,False
ae6cee,United States,37.64,False
a11fc1,United States,206.53,False
86d9fc,Japan,286.88,False
a95d52,United States,217.97,False
a11fc7,United States,203.07,False
a46d8f,United States,229.2,False
a33a93,United States,141.49,False
758629,Philippines,79.74,False
151e38,Russian Federation,268.26,False
a6b4ac,United States,191.83,False
a03028,United States,153.18,False
a28326,United States,43.84,False
7c5b31,Australia,69.82,False
a927ca,United States,49.27,False
a3f1ce,United States,239.77,False
a544ee,United States,244.3,False
a82a06,United States,80.11,False
aa9e6d,United States,235.35,False
ac7082,United States,198.23,False
c01a05,Canada,146.64,False
ae2697,United States,65.11,False
aa8b3e,United States,44.17,False
a03035,United States,183.05,False
06cf01,Central African Republic,239.99,False
a09cfe,United States,214.02,False
a58d8c,United States,157.52,False
a18976,United States,218.96,False
a5ca46,United States,32.87,False
a03000,United States,50.26,False
a05669,United States,297.28,False
495266,Portugal,6.43,True
a6a1b4,United States,200.33,False
a6ea35,United States,39.53,False
a6ea20,United States,46.54,False
a784d5,United States,204.49,False
a5ca58,United States,2.06,True
a651e1,United States,154.46,False
a29625,United States,106.24,False
aa55bd,United States,234.59,False
a0433b,United States,219.24,False
782358,China,171.41,False
a59ff4,United States,54.73,False
a67960,United States,81.49,False
aaffaa,United States,176.14,False
a4cfe0,United States,140.35,False
a3900e,United States,222.67,False
aa6963,United States,189.15,False
a2f998,United States,58.41,False
aaa621,United States,218.24,False
a66647,United States,43.52,False
a1d99b,United States,258.31,False
a46cc1,United States,295.03,False
a47fde,United States,0.51,True
a7e93b,United States,156.34,False
7c0012,Australia,149.66,False
a1501a,United States,113.8,False
4baac5,Turkey,234.37,False
a1b32f,United States,53.05,False
a2e646,United States,87.0,False
78103e,China,255.7,False
0d0ba1,Mexico,23.15,True
a0a673,United States,82.93,False
a2f95c,United States,190.89,False
a1635b,United States,239.84,False
a30657,United States,173.0,False
a1c64e,United States,146.82,False
ac2cb6,United States,50.2,False
75869f,Philippines,0.0,True
a35ff9,United States,50.73,False
781060,China,243.61,False
ab6339,United States,205.96,False
abc649,United States,203.85,False
758685,Philippines,239.43,False
7c0077,Australia,58.1,False
a8e1cc,United States,214.74,False
7c0074,Australia,33.82,False
a55945,United States,48.88,False
484560,Kingdom of the Netherlands,6.43,True
a3904c,United States,133.3,False
aaa668,United States,233.22,False
a6ea99,United States,198.0,False
ace60c,United States,249.79,False
a28392,United States,207.53,False
abc651,United States,238.63,False
abb325,United States,265.84,False
a2d370,United States,51.84,False
adafb5,United States,218.23,False
a42691,United States,62.5,False
a8e1f6,United States,189.05,False
aab99f,United States,151.42,False
a4000f,United States,254.21,False
ad1986,United States,190.68,False
781095,China,237.17,False
ad9003,United States,193.8,False
acd329,United States,34.93,False
a95d96,United States,237.79,False
a95d97,United States,253.59,False
ad5fea,United States,214.62,False
aa8a83,United States,283.38,False
a3901d,United States,0.06,True
a6ea9b,United States,52.57,False
aaa68a,United States,259.49,False
151d56,Russian Federation,230.71,False
a068b0,United States,49.9,False
aaed7f,United States,63.81,False
7c7fb1,Australia,43.02,False
aada4d,United States,0.0,True
4ca9c1,Ireland,71.05,False
a34e01,United States,177.57,False
a10e32,United States,77.08,False
a9bfed,United States,67.7,False
a8e32b,United States,209.47,False
a09e52,United States,28.25,False
a7d673,United States,209.5,False
7c391d,Australia,113.43,False
440bcc,Austria,217.12,False
a3e07a,United States,219.05,False
a2c087,United States,201.57,False
a6b680,United States,55.66,False
ad04f2,United States,44.64,False
84bac2,Japan,19.03,True
7585d7,Philippines,40.14,False
ace4bd,United States,0.0,True
4ca9bc,Ireland,254.89,False
ace4ba,United States,47.89,False
ac81d3,United States,221.58,False
ac81d2,United States,208.22,False
a7d665,United States,164.19,False
ad4d5a,United States,59.88,False
abfa65,United States,239.99,False
a8f646,United States,182.89,False
4b5c47,Switzerland,1.54,True
a77390,United States,42.57,False
7585a1,Philippines,234.04,False
7585a0,Philippines,116.07,False
a41393,United States,48.53,False
a76066,United States,5.92,True
aa435b,United States,230.7,False
aa568e,United States,8.23,True
ac1a72,United States,190.89,False
a558b6,United States,39.7,False
a9acb8,United States,240.45,False
a10e23,United States,205.08,False
aa5690,United States,0.0,True
782307,China,243.6,False
0d0c9c,Mexico,220.15,False
a09e47,United States,2.57,True
a188ba,United States,66.89,False
a7d62e,United States,164.19,False
a34e49,United States,4.63,True
7c7feb,Australia,46.03,False
ab890a,United States,182.39,False
aa699d,United States,39.35,False
a33b0d,United States,153.86,False
ad3a5f,United States,244.85,False
aa699a,United States,108.52,False
a318ea,United States,167.52,False
ac1a95,United States,0.0,True
a53369,United States,172.09,False
7c7fe2,Australia,50.46,False
acd1d8,United States,42.63,False
a042db,United States,203.05,False
a5468e,United States,206.63,False
a5dcde,United States,6.17,True
a438c3,United States,127.04,False
a65351,United States,93.41,False
aab922,United States,204.24,False
a6a347,United States,0.0,True
a91616,United States,285.0,False
ab7606,United States,4.74,False
440bbe,Austria,9.26,True
440bbf,Austria,189.9,False
a4009e,United States,144.06,False
ab1fb0,United States,2.83,True
7c6ca6,Australia,224.21,False
a08b2b,United States,44.25,False
a76028,United States,205.69,False
a09e70,United States,246.15,False
440bc4,Austria,178.76,False
aab935,United States,70.71,False
acf906,United States,202.48,False
aa6988,United States,253.92,False
440bc6,Austria,77.9,False
aa5657,United States,226.15,False
440bc9,Austria,57.12,False
a4008e,United States,255.26,False
aa9cc1,United States,267.29,False
4b5c71,Switzerland,11.32,True
abd90c,United States,226.99,False
ab1fbb,United States,200.76,False
a95ca4,United States,100.04,False
a8e6ab,United States,41.68,False
c08887,Canada,227.67,False
a3d0be,United States,95.18,False
a32c9a,United States,228.73,False
a70f88,United States,146.45,False
a5cf82,United States,259.8,False
a2b0cd,United States,144.78,False
a260ed,United States,185.28,False
aaba41,United States,243.75,False
4841c3,Kingdom of the Netherlands,239.19,False
7c5c99,Australia,50.12,False
e49889,Brazil,242.63,False
aa6a53,United States,187.74,False
a32c96,United States,211.32,False
ac74e4,United States,215.01,False
7c00d2,Australia,73.59,False
a883bd,United States,0.0,True
a6a6fe,United States,238.83,False
a68c82,United States,240.25,False
a7b3c2,United States,238.72,False
a45f8e,United States,237.9,False
7c5c74,Australia,151.98,False
aacd96,United States,245.06,False
c00bec,Canada,146.83,False
a69f9d,United States,184.96,False
aa34d9,United States,32.0,False
ae04aa,United States,161.65,False
a56c9f,United States,111.78,False
c07566,Canada,134.57,False
a0480b,United States,218.91,False
84bd16,Japan,244.77,False
ad2d5c,United States,33.97,False
a776b2,United States,126.49,False
ac61db,United States,212.2,False
acfa52,United States,212.03,False
aaba81,United States,89.4,False
a1683d,United States,41.15,False
a33ea8,United States,48.66,False
c01ec5,Canada,171.53,False
a69f49,United States,226.73,False
a68c15,United States,36.41,False
c01ec6,Canada,230.52,False
ab6909,United States,233.32,False
a789cb,United States,96.27,False
a5cf3f,United States,198.33,False
a5cf3c,United States,250.58,False
ad1a4e,United States,215.88,False
a2d803,United States,47.16,False
a3e3ca,United States,234.9,False
c82834,New Zealand,228.12,False
c82836,New Zealand,148.99,False
7cac7a,Australia,69.21,False
c08863,Canada,228.33,False
7585db,Philippines,67.02,False
a5cf66,United States,202.92,False
ae04fa,United States,126.49,False
400663,United Kingdom,193.27,False
c0885e,Canada,1.8,True
a5bc1f,United States,61.26,False
c82827,New Zealand,66.4,False
c82845,New Zealand,46.94,False
7585ed,Philippines,186.58,False
c08851,Canada,227.78,False
7585ea,Philippines,242.56,False
c0750f,Canada,64.99,False
ae04eb,United States,184.49,False
c0884e,Canada,9.26,True
c0884f,Canada,238.83,False
a28812,United States,0.0,True
a3951d,United States,47.95,False
c8283f,New Zealand,38.06,False
a19bd0,United States,55.93,False
7c39f1,Australia,141.55,False
a7fc8a,United States,45.89,False
70c149,Oman,3.09,False
a3e525,United States,258.95,False
75875f,Philippines,238.7,False
a33ed6,United States,195.49,False
a2886c,United States,246.18,False
a4aebe,United States,0.06,True
a21ed4,United States,208.6,False
a08efd,United States,205.8,False
a03574,United States,141.92,False
a1421b,United States,235.32,False
abb7a3,United States,89.29,False
a8c0d2,United States,189.46,False
a33eb1,United States,207.94,False
758724,Philippines,158.39,False
758723,Philippines,168.99,False
c060bc,Canada,243.24,False
c060bb,Canada,246.21,False
8411a4,Japan,2.06,True
c81561,New Zealand,54.93,False
70c10e,Oman,205.47,False
a68c8e,United States,66.01,False
a32bf5,United States,72.87,False
c81576,New Zealand,38.95,False
70c104,Oman,261.82,False
70c100,Oman,257.56,False
e4851a,Brazil,228.64,False
75871f,Philippines,38.88,False
c060c9,Canada,66.59,False
a9f3ad,United States,197.19,False
c060c5,Canada,0.0,True
c8288b,New Zealand,42.58,False
a81c69,United States,42.23,False
3de584,Germany,60.64,False
a65800,United States,260.21,False
a8d3b4,United States,268.27,False
a21efb,United States,153.68,False
7c39f9,Australia,80.76,False
a38211,United States,232.07,False
7c39f5,Australia,0.0,True
70c125,Oman,202.47,False
c060ca,Canada,226.62,False
a33eda,United States,193.85,False
a20bf5,United States,48.63,False
ab41b6,United States,41.31,False
abda02,United States,59.87,False
758709,Philippines,40.07,False
aaba1b,United States,274.12,False
e49830,Brazil,118.27,False
7c5c21,Australia,55.53,False
a64578,United States,254.22,False
781149,China,227.54,False
a3e597,United States,1.29,True
a4f250,United States,61.92,False
ac0bc4,United States,0.0,True
7c1475,Australia,261.14,False
7c1470,Australia,143.0,False
ac6227,United States,190.56,False
a6456d,United States,0.0,True
7c013c,Australia,49.78,False
7c013d,Australia,59.82,False
a7b520,United States,227.01,False
ac0bde,United States,250.49,False
c060b7,Canada,127.07,False
c060b4,Canada,164.44,False
c060b6,Canada,142.6,False
c060b2,Canada,141.92,False
a81bcc,United States,227.51,False
abebbe,United States,13.89,True
c060b1,Canada,164.94,False
a7c881,United States,222.53,False
a4189f,United States,127.8,False
a2c56d,United States,207.37,False
a047a3,United States,198.08,False
ac7581,United States,172.37,False
77044d,Sri Lanka,10.8,True
a2c574,United States,197.91,False
a2759b,United States,38.49,False
846bb6,Japan,131.41,False
7c6ded,Australia,230.56,False
a7650b,United States,127.47,False
ac6266,United States,210.97,False
a6451b,United States,36.28,False
aa7ba7,United States,254.96,False
a5121c,United States,112.22,False
a6a834,United States,1.29,True
a287ab,United States,78.71,False
a3f88e,United States,182.09,False
a76516,United States,0.0,True
c01f1e,Canada,148.48,False
aa350b,United States,36.15,False
c086bf,Canada,215.22,False
a4f21b,United States,218.02,False
c086bd,Canada,43.48,False
ae0581,United States,65.89,False
a7c849,United States,220.86,False
ac6289,United States,85.4,False
a5255d,United States,34.5,False
75876f,Philippines,72.1,False
75876b,Philippines,208.15,False
758798,Philippines,172.04,False
a6eec9,United States,218.95,False
a06a09,United States,267.29,False
758794,Philippines,173.57,False
758793,Philippines,0.0,True
a6587b,United States,219.41,False
a4f239,United States,262.24,False
75877a,Philippines,48.38,False
a19d0d,United States,197.49,False
a06a12,United States,116.46,False
a1a4bd,United States,52.77,False
88084f,Thailand,109.84,False
c06189,Canada,237.2,False
a2c4b8,United States,46.8,False
7c6da0,Australia,152.94,False
c06183,Canada,235.12,False
a44d1c,United States,1.29,True
a154e6,United States,0.0,True
880857,Thailand,236.2,False
c827d1,New Zealand,23.16,False
a06a5a,United States,241.56,False
acb0d7,United States,147.33,False
846bfa,Japan,199.14,False
c06179,Canada,226.0,False
c06174,Canada,219.6,False
c06173,Canada,263.67,False
a657ae,United States,21.47,False
a99296,United States,57.33,False
a141d5,United States,4.37,True
880846,Thailand,232.81,False
880845,Thailand,230.42,False
7586f7,Philippines,35.48,False
7586f4,Philippines,28.37,False
ab681a,United States,72.8,False
c0616c,Canada,72.21,False
a657b9,United States,35.5,True
880843,Thailand,227.67,False
c814bd,New Zealand,54.28,False
c827ee,New Zealand,226.37,False
a777b8,United States,9.77,True
a99262,United States,240.38,False
c0619b,Canada,0.51,True
c0619d,Canada,150.35,False
a524c5,United States,152.59,False
add0cd,United States,108.35,False
c06196,Canada,174.69,False
a7a28d,United States,183.4,False
c06197,Canada,206.62,False
a6a7a4,United States,67.59,False
7586d0,Philippines,227.59,False
ab6851,United States,4.37,True
7c2708,Australia,53.88,False
a06a54,United States,239.78,False
a18a1e,United States,224.11,False
a537ed,United States,200.93,False
7c6de2,Australia,240.11,False
7c6de0,Australia,168.57,False
7c6de7,Australia,236.6,False
7c0113,Australia,85.99,False
a32d84,United States,25.33,False
7586a8,Philippines,143.29,False
7c6de6,Australia,179.05,False
7586a7,Philippines,110.73,False
7c6de3,Australia,0.64,True
7c6ddb,Australia,241.09,False
a417fe,United States,8.75,True
ab6866,United States,48.09,False
7c6dd6,Australia,235.75,False
a6dbf3,United States,205.96,False
7586b6,Philippines,44.45,False
a99257,United States,0.0,True
a1ed5f,United States,217.65,False
a6329d,United States,209.77,False
a44d3f,United States,220.23,False
70c0c9,Oman,258.66,False
7c6dc9,Australia,185.56,False
7609b7,Pakistan,81.53,False
ac0ba7,United States,212.93,False
7c6dbb,Australia,12.86,True
a537b2,United States,270.44,False
c06156,Canada,213.82,False
84ceef,Japan,156.28,False
a2d7f3,United States,62.38,False
7c6db7,Australia,235.15,False
ab421a,United States,63.63,False
7c6db0,Australia,225.45,False
ac6204,United States,131.02,False
acd832,United States,126.46,False
7c6db9,Australia,8.75,True
a1ed5a,United States,60.37,False
aa7e9b,United States,216.27,False
a631bb,United States,125.67,False
a68d6f,United States,239.96,False
a5aa47,United States,57.63,False
c1e641,Canada,0.0,True
e49764,Brazil,153.23,False
4baa48,Turkey,254.48,False
a8d4b0,United States,108.02,False
a31a7b,United States,242.4,False
a8d4ad,United States,3.09,True
a4f1da,United States,2.06,True
ac62cc,United States,218.73,False
4baa4d,Turkey,217.49,False
a2fa71,United States,209.2,False
ac75ee,United States,211.03,False
a884b6,United States,246.94,False
aa7e99,United States,5.14,True
a5aa3a,United States,0.0,True
a4f1e5,United States,83.14,False
7c14fc,Australia,62.04,False
c05030,Canada,253.66,False
aa7e7d,United States,71.51,False
a31a76,United States,136.39,False
aa7e7b,United States,9.77,True
aa7e7a,United States,7.2,True
7c5d94,Australia,146.11,False
3df746,Germany,0.0,False
c0635f,Canada,186.08,False
a28904,United States,111.12,False
a44d85,United States,194.05,False
c0635a,Canada,179.34,False
a6dd89,United States,176.09,False
c06357,Canada,179.04,False
7cad4a,Australia,235.68,False
aa7e79,United States,268.84,False
c07686,Canada,122.78,False
a5aa78,United States,213.33,False
c07682,Canada,114.11,False
7c4a53,Australia,230.58,False
acb2ad,United States,219.68,False
7c4a51,Australia,230.18,False
aa6b43,United States,133.76,False
7c4a57,Australia,236.17,False
7c4a54,Australia,236.64,False
a2d92a,United States,230.1,False
a07cd8,United States,181.17,False
4842a9,Kingdom of the Netherlands,2.57,True
aa35e1,United States,67.39,False
ae4e94,United States,127.33,False
a0232a,United States,2.31,True
a7c7a2,United States,249.7,False
add2ad,United States,216.3,False
c01fbb,Canada,126.42,False
a21fe4,United States,60.52,False
4baa8d,Turkey,234.28,False
acc5fb,United States,190.67,False
aa7e56,United States,47.18,False
a524dd,United States,61.92,False
a1b93f,United States,50.94,False
4baa63,Turkey,250.04,False
aa6b0c,United States,55.08,False
3a3480,France,229.39,False
a28947,United States,5.92,True
400774,United Kingdom,243.43,False
a897d9,United States,60.33,False
c82726,New Zealand,146.42,False
4baa76,Turkey,233.7,False
4baa70,Turkey,219.93,False
aa35b9,United States,60.3,False
a6ca07,United States,59.07,False
a3d302,United States,192.65,False
ab9e13,United States,50.44,False
a4afbe,United States,198.66,False
a89915,United States,238.21,False
a27676,United States,234.18,False
4ca912,Ireland,10.8,True
a5cfa5,United States,282.68,False
3df79c,Germany,53.62,False
a0103b,United States,92.09,False
7c4a01,Australia,106.55,False
add376,United States,273.52,False
a44ca0,United States,149.67,False
a7ea86,United States,160.72,False
ad705e,United States,172.06,False
a3962d,United States,244.0,False
a53975,United States,189.47,False
a2c635,United States,193.16,False
a80a97,United States,181.43,False
a6593e,United States,181.54,False
abb8a0,United States,243.55,False
86eb51,Japan,55.83,False
a39630,United States,203.74,False
a3d326,United States,208.44,False
aace25,United States,57.48,False
a57fde,United States,64.56,False
a1fff2,United States,225.7,False
ab68e5,United States,56.41,False
a6594f,United States,141.53,False
a2d957,United States,207.99,False
440b61,Austria,188.63,False
ab68dd,United States,173.11,False
a1433a,United States,203.2,False
abb8c4,United States,71.45,False
c01fb9,Canada,3.6,True
a01037,United States,137.13,False
c07607,Canada,77.48,False
c00d9d,Canada,62.09,False
7cad46,Australia,0.0,True
7cad45,Australia,169.44,False
7cad49,Australia,235.71,False
7cad40,Australia,221.45,False
a93d7c,United States,194.9,False
7cad44,Australia,210.11,False
7cad43,Australia,225.48,False
7cad42,Australia,238.21,False
88808e,Viet Nam,224.81,False
7c4a45,Australia,232.14,False
a8d4f6,United States,251.6,False
a8d4ef,United States,0.0,True
c81456,New Zealand,46.04,False
a44cda,United States,3.6,True
7823bb,China,202.32,False
a1ecfd,United States,218.8,False
46f069,Greece,10.8,True
a01097,United States,0.0,True
8678e2,Japan,195.33,False
aa6b9f,United States,247.3,False
7c01b3,Australia,0.0,True
c8276c,New Zealand,60.93,False
a5aa7d,United States,46.33,False
ac62a9,United States,224.02,False
7cad26,Australia,3.29,False
86eb14,Japan,248.72,False
7c4a0d,Australia,0.0,True
a6ca7f,United States,209.73,False
7c4a28,Australia,3.86,True
45d068,Denmark,215.16,False
43c8e6,United Kingdom,63.21,False
7c4a22,Australia,64.42,False
7c14d0,Australia,50.76,False
a7a1e8,United States,239.92,False
a2766f,United States,232.13,False
a9f4c6,United States,63.71,False
43c8e0,United Kingdom,18.53,False
ab8b56,United States,201.06,False
3a46b1,France,140.55,False
ab9e83,United States,7.46,True
a3965c,United States,146.69,False
484371,Kingdom of the Netherlands,228.87,False
a14380,United States,220.56,False
a68cfd,United States,0.0,True
a75350,United States,32.96,False
abb995,United States,241.54,False
a4f368,United States,54.3,False
a76683,United States,253.41,False
4005c0,United Kingdom,249.06,False
4258c0,United Kingdom,11.32,True
a8731f,United States,37.44,False
ac899f,United States,47.56,False
46f00d,Greece,4.12,True
a8c329,United States,220.25,False
abece7,United States,271.58,False
c81491,New Zealand,64.19,False
a50069,United States,79.13,False
ac0cf8,United States,240.88,False
aa234a,United States,6.69,True
e495cf,Brazil,122.65,False
ac501e,United States,277.69,False
a63388,United States,0.06,True
c00d7d,Canada,69.48,False
770592,Sri Lanka,253.74,False
872fa0,Japan,12.35,True
ac6364,United States,234.48,False
ad2ce1,United States,186.4,False
a81cf8,United States,55.19,False
ab437a,United States,207.21,False
e495c6,Brazil,0.0,True
a3f8a1,United States,192.85,False
a7668a,United States,243.91,False
a288e4,United States,183.66,False
78129e,China,181.59,False
a07e5e,United States,39.37,False
a418b2,United States,199.97,False
ac769b,United States,219.35,False
a68caa,United States,238.32,False
a19e61,United States,10.8,True
aa8fdf,United States,176.59,False
ac5066,United States,253.72,False
aa2311,United States,8.23,True
a51358,United States,231.51,False
a18b1d,United States,159.14,False
a06b0b,United States,137.67,False
a035ba,United States,44.67,False
a4e019,United States,34.58,False
e495de,Brazil,193.85,False
aca02f,United States,200.37,False
a6a971,United States,35.11,False
a6a96c,United States,32.14,False
4005be,United Kingdom,230.44,False
aa4953,United States,189.67,False
7587fb,Philippines,0.45,True
a5be12,United States,72.48,False
7587fa,Philippines,257.5,False
0d09f7,Mexico,140.06,False
aa7e16,United States,69.94,False
a18b71,United States,262.91,False
a1ee65,United States,47.08,False
a9e391,United States,96.86,False
abb90d,United States,232.72,False
ad81fc,United States,83.72,False
a645a8,United States,144.8,False
a658d8,United States,55.8,False
a418e0,United States,226.04,False
a18b41,United States,197.37,False
ac892e,United States,93.63,False
a8609f,United States,202.79,False
abb930,United States,151.05,False
a44e1c,United States,210.59,False
781209,China,227.83,False
a98051,United States,196.91,False
ac8932,United States,213.29,False
a44e24,United States,9.26,True
ac893a,United States,183.16,False
ac760d,United States,210.88,False
a3d2c0,United States,246.41,False
a44e18,United States,205.57,False
7587f6,Philippines,34.48,False
78120b,China,210.87,False
a6de16,United States,39.13,False
a262a6,United States,211.03,False
a2b2da,United States,102.41,False
4a4d79,Romania,248.46,False
a99364,United States,56.19,False
4baa09,Turkey,106.35,False
aadfe3,United States,214.88,False
aba60f,United States,160.87,False
4ca7d8,Ireland,221.42,False
78122f,China,149.85,False
a98046,United States,145.55,False
ac763e,United States,3.34,True
aa104e,United States,239.0,False
872fe4,Japan,259.44,False
a32e86,United States,5.92,True
781250,China,146.96,False
a56e0d,United States,197.4,False
a8c32a,United States,209.67,False
0d09ce,Mexico,68.1,False
ad9642,United States,214.35,False
7587ac,Philippines,244.97,False
a8c348,United States,55.29,False
ade609,United States,204.31,False
ad3fde,United States,220.59,False
4bbd0d,Turkey,255.68,False
0d09e5,Mexico,258.77,False
a382b6,United States,139.09,False
abecc8,United States,188.92,False
ac8985,United States,177.19,False
a2fb32,United States,228.92,False
ad3e36,United States,0.0,True
a774b7,United States,119.44,False
ab9b31,United States,87.11,False
a94d16,United States,56.38,False
c0730e,Canada,89.23,False
aa8e79,United States,156.87,False
c02ff6,Canada,117.67,False
a3f4ea,United States,121.64,False
5084a6,Ukraine,261.18,False
a654cb,United States,208.67,False
aa45e7,United States,252.16,False
add08e,United States,264.57,False
a414e8,United States,237.52,False
abfe46,United States,77.77,False
c02fe9,Canada,260.63,False
aa7b33,United States,194.39,False
a0a903,United States,201.22,False
c02fe5,Canada,4.12,True
a82d14,United States,187.62,False
abeb31,United States,289.0,False
a56a56,United States,145.23,False
5084d1,Ukraine,250.88,False
a6ed3b,United States,236.29,False
a904a6,United States,239.51,False
a894b5,United States,277.37,False
aa45bf,United States,81.3,False
a6a4d5,United States,223.42,False
a401a9,United States,58.25,False
845c3b,Japan,130.15,False
a414d2,United States,73.63,False
a641bf,United States,222.53,False
a2d4d6,United States,54.64,False
abb5e9,United States,196.42,False
8413d7,Japan,87.41,False
a4ad7f,United States,168.63,False
a68a3d,United States,77.2,False
abb5e3,United States,191.92,False
aa7b10,United States,139.76,False
abb5ea,United States,148.77,False
ad2b43,United States,6.43,True
a8d27e,United States,194.75,False
c02fb8,Canada,1.03,True
ab9b81,United States,13.38,True
888133,Viet Nam,221.65,False
a04641,United States,121.17,False
abeb57,United States,209.4,False
e49699,Brazil,232.44,False
a1c90c,United States,48.43,False
a667cf,United States,32.25,False
888164,Viet Nam,228.83,False
a05940,United States,107.09,False
a3f4d7,United States,10.29,True
ade2b8,United States,102.89,False
ac0b96,United States,88.49,False
a667e8,United States,247.19,False
ab9b9d,United States,262.78,False
a68a06,United States,0.32,True
a3094d,United States,2.57,True
a2e93c,United States,257.54,False
a54929,United States,50.66,False
7c15bf,Australia,125.76,False
a81a73,United States,35.26,False
c00a99,Canada,139.72,False
a30961,United States,177.42,False
add012,United States,31.9,False
a66921,United States,52.5,False
a2e935,United States,236.61,False
a68a9b,United States,44.41,False
a3f621,United States,218.81,False
add048,United States,43.73,False
7cae06,Australia,235.92,False
7cae05,Australia,216.59,False
a78922,United States,138.23,False
a8e4e9,United States,1.29,True
ac606a,United States,35.56,False
7c5e1e,Australia,47.89,False
acc38b,United States,48.83,False
a10fe3,United States,51.17,False
a0464a,United States,4.37,True
7cf07b,Australia,0.0,True
7cf07c,Australia,7.46,True
7c28c8,Australia,127.34,False
aade08,United States,164.15,False
a03332,United States,173.47,False
a03331,United States,214.19,False
a4bfc1,United States,189.25,False
4ca82b,Ireland,233.32,False
c071c9,Canada,214.35,False
4ca837,Ireland,72.33,False
ac608e,United States,213.0,False
a39338,United States,209.59,False
a2e96b,United States,0.06,True
ac98ac,United States,278.36,False
a26025,United States,176.87,False
a68a5d,United States,48.12,False
aa7b78,United States,248.63,False
ad3e16,United States,276.34,False
a04692,United States,213.53,False
a29991,United States,269.99,False
ab9b13,United States,76.74,False
c00a68,Canada,58.89,False
a6ed7f,United States,127.27,False
a04695,United States,204.55,False
7cae43,Australia,10.8,True
7cae42,Australia,45.27,True
a16670,United States,52.08,False
a68a95,United States,138.31,False
a894f2,United States,242.49,False
0ca200,Antigua and Barbuda,174.16,False
aacb16,United States,30.0,False
845c8c,Japan,131.22,False
c071d5,Canada,53.03,False
a1fcc5,United States,230.38,False
ac1e2d,United States,237.4,False
8520c0,Japan,94.42,False
aa7b54,United States,269.96,False
abb5a2,United States,237.57,False
a0469d,United States,232.03,False
abb5a3,United States,236.66,False
aaa96f,United States,137.26,False
7c0398,Australia,57.93,False
4bcdf2,Turkey,186.83,False
c01d2d,Canada,231.51,False
a9afa0,United States,2.06,True
c01d2c,Canada,48.58,False
a45ced,United States,66.04,False
4bcded,Turkey,247.54,False
486649,Kingdom of the Netherlands,213.89,False
4bcdeb,Turkey,207.08,False
abfcb6,United States,87.97,False
a77645,United States,197.01,False
a95fe6,United States,47.37,False
a14084,United States,46.71,False
a14087,United States,199.57,False
a2602c,United States,288.22,False
aba30b,United States,84.27,False
14fa34,Russian Federation,189.03,False
a2869c,United States,234.57,False
a1a373,United States,54.18,False
a1fced,United States,191.29,False
aa9fe4,United States,63.31,False
ac1cde,United States,114.97,False
a1fcf9,United States,35.89,False
7c1694,Australia,4.37,True
a2c336,United States,168.05,False
a2c338,United States,228.03,False
a65692,United States,87.9,False
c01d3c,Canada,231.81,False
a38019,United States,232.15,False
a15397,United States,226.11,False
478cc8,Norway,63.66,False
abfcda,United States,195.71,False
86eb72,Japan,12.35,True
acc31a,United States,209.89,False
aa594a,United States,185.77,False
acd64b,United States,231.89,False
7c5e06,Australia,137.77,False
e494f1,Brazil,227.37,False
ade313,United States,45.28,False
abb674,United States,58.39,False
e494f7,Brazil,153.51,False
7cf073,Australia,7.2,True
a26093,United States,223.97,False
a6a606,United States,84.41,False
ac733b,United States,243.54,False
ace96d,United States,268.08,False
ace96c,United States,193.57,False
a3e327,United States,0.0,True
a4acae,United States,250.23,False
a08e3c,United States,75.12,False
ad3cdf,United States,0.0,True
a64305,United States,247.6,False
a58fdf,United States,186.83,False
acc326,United States,72.7,False
a4acbd,United States,215.39,False
a2b060,United States,4.89,True
e494bc,Brazil,91.51,False
3d3e16,Germany,63.12,False
a5dfda,United States,37.04,False
a5232b,United States,208.36,False
a07b3e,United States,201.16,False
a8d365,United States,112.17,False
abfd8c,United States,232.78,False
a08e82,United States,150.47,False
e48275,Brazil,128.52,False
a7506a,United States,215.81,False
7c5cac,Australia,58.2,False
a308d9,United States,52.41,False
e4827c,Brazil,113.16,False
a0de5c,United States,41.24,False
a6308b,United States,34.2,False
a99054,United States,0.0,True
7c2966,Australia,67.91,False
a178de,United States,198.3,False
a2e8b2,United States,48.24,False
a1c8bd,United States,237.85,False
a5ce02,United States,245.73,False
a4ae22,United States,215.29,False
a4ae28,United States,95.79,False
aaa929,United States,175.16,False
a33e08,United States,174.17,False
a8e688,United States,43.29,False
a8c028,United States,215.36,False
846f00,Japan,204.47,False
a8d327,United States,255.41,False
a95ffb,United States,4.89,True
a0cb68,United States,218.19,False
ad0919,United States,125.94,False
a0de99,United States,270.35,False
ac9923,United States,252.96,False
7c1687,Australia,38.42,False
7c1689,Australia,42.18,False
a9afe7,United States,179.09,False
ab0fbf,United States,47.34,False
4851ae,Kingdom of the Netherlands,260.48,False
a6a66f,United States,60.77,False
ae4a7c,United States,144.17,False
02a262,Tunisia,217.38,False
aaa954,United States,241.7,False
a1fe61,United States,42.1,False
4851b0,Kingdom of the Netherlands,282.86,False
ae290e,United States,4.15,False
ab0fdc,United States,62.04,False
a33e4a,United States,273.69,False
abb624,United States,283.1,False
a298ff,United States,66.27,False
a8700f,United States,46.44,False
ace9f6,United States,52.29,False
abff62,United States,34.93,False
a5bb1b,United States,206.97,False
aa7c64,United States,248.7,False
ac73b1,United States,148.36,False
a16707,United States,48.15,False
e4952a,Brazil,242.21,False
a69e6f,United States,43.73,False
abb6dc,United States,309.46,False
a7d8d1,United States,33.45,False
e4952e,Brazil,221.9,False
a44b56,United States,245.47,False
acc3b4,United States,197.09,False
ac0c64,United States,224.79,False
aacc5b,United States,252.07,False
c823ec,New Zealand,73.5,False
c06120,Canada,236.99,False
ad93c7,United States,56.96,False
c0611f,Canada,235.65,False
3c1bac,Germany,5.66,True
a8c08e,United States,36.83,False
a56b7d,United States,38.62,False
a1a2e0,United States,288.25,False
aa7c2d,United States,97.94,False
ae5f3a,United States,256.88,False
abec4d,United States,113.0,False
7cf0a6,Australia,16.46,True
a81b24,United States,52.57,False
abff87,United States,180.69,False
ab40ce,United States,1.54,True
a82e57,United States,217.23,False
aa7c1c,United States,86.5,False
a535c2,United States,224.47,False
ab40f8,United States,151.17,False
a03430,United States,50.54,False
aa46ae,United States,245.07,False
7c1831,Australia,200.62,False
abec6c,United States,169.86,False
a5bb17,United States,281.39,False
acc3f7,United States,226.64,False
acb0c4,United States,33.66,False
c01dac,Canada,238.72,False
a5bb10,United States,6.17,True
ac0c8e,United States,41.83,False
845d1c,Japan,95.7,False
a9e038,United States,0.0,False
acb0b9,United States,0.0,True
a788d3,United States,213.34,False
ac60ef,United States,203.11,False
a7a08a,United States,0.9,True
ae03e0,United States,70.57,False
c00b9e,Canada,101.95,False
c00b9c,Canada,187.27,False
a7fb7d,United States,0.06,True
a21dd4,United States,151.05,False
a19aaa,United States,184.22,False
a9f2d5,United States,50.31,False
a19ab1,United States,250.76,False
7c4c45,Australia,28.11,False
a41722,United States,6.69,True
c00b8a,Canada,153.23,False
a0cac5,United States,85.9,False
7caf37,Australia,32.38,False
7812a1,China,233.32,False
a882f8,United States,181.66,False
86da1e,Japan,0.0,True
a2d710,United States,0.0,True
a53742,United States,237.41,False
c87ec5,New Zealand,1.8,True
7caf16,Australia,213.51,False
4243fa,United Kingdom,221.09,False
7caf15,Australia,0.0,True
7caf14,Australia,225.93,False
7c29da,Australia,220.16,False
ac1f0e,United States,223.63,False
ab79de,United States,209.95,False
a2b10b,United States,3.09,True
a2b10d,United States,223.4,False
4bcda9,Turkey,149.5,False
4bcda4,Turkey,216.29,False
845d88,Japan,72.39,False
a41774,United States,72.03,False
a2b112,United States,211.73,False
4bcdb0,Turkey,247.84,False
48414d,Kingdom of the Netherlands,87.61,False
a32ad5,United States,212.12,False
a40434,United States,49.48,False
c01e7d,Canada,65.85,False
a2b110,United States,259.87,False
4bcdb6,Turkey,251.15,False
acb193,United States,27.44,False
4bcdb3,Turkey,208.87,False
a32ac6,United States,205.55,False
a7fb1c,United States,139.02,False
a81b45,United States,38.68,False
7caf5d,Australia,0.0,True
a15494,United States,48.31,False
c87ecd,New Zealand,5.4,True
4bcdac,Turkey,214.42,False
a6db55,United States,36.01,False
aaa9ed,United States,29.32,False
c00b7d,Canada,85.88,False
ac0c24,United States,237.17,False
ace9d8,United States,152.86,False
a3942b,United States,41.87,False
ab53b9,United States,195.64,False
c00b98,Canada,198.01,False
ac86af,United States,136.63,False
abec03,United States,178.36,False
a41743,United States,0.39,True
ad2c19,United States,178.09,False
c00b6e,Canada,62.42,False
c00b78,Canada,240.83,False
abff3c,United States,193.07,False
a6ee8e,United States,221.77,False
a0ddfb,United States,199.62,False
c00b86,Canada,0.0,True
a882d6,United States,40.18,False
a88429,United States,260.72,False
a2b157,United States,239.84,False
a2b156,United States,221.27,False
a82dbd,United States,229.32,False
a3d150,United States,170.34,False
aa7abe,United States,250.31,False
aa7abd,United States,282.59,False
c87efe,New Zealand,0.0,True
c87efd,New Zealand,0.0,True
ac0aac,United States,220.11,False
a2b150,United States,195.02,False
aa7ac8,United States,201.47,False
e493a0,Brazil,0.0,True
a2b153,United States,81.28,False
4ca63a,Ireland,193.43,False
a2b151,United States,196.6,False
a75103,United States,263.23,False
abb74f,United States,6.43,True
a059cb,United States,56.78,False
780193,China,223.22,False
4ca647,Ireland,222.59,False
8880f3,Viet Nam,257.85,False
a2b12e,United States,166.43,False
a40469,United States,118.8,False
aacad4,United States,266.89,False
78018d,China,1.8,True
ab678e,United States,241.85,False
a2b136,United States,240.65,False
a2b135,United States,2.83,True
a2b134,United States,217.62,False
ac8777,United States,162.94,False
a2b133,United States,220.4,False
405f12,United Kingdom,225.56,False
a3813b,United States,210.03,False
405f11,United Kingdom,129.02,False
a2c467,United States,57.85,False
a3813a,United States,288.83,False
4ca614,Ireland,5.92,True
a6a777,United States,86.1,False
a64489,United States,125.0,False
a2615e,United States,216.12,False
aa7aa6,United States,247.39,False
a32acf,United States,224.58,False
a6ede5,United States,0.0,True
abfdf8,United States,272.58,False
aa7aa0,United States,203.74,False
a2b130,United States,0.06,True
ab9af3,United States,221.52,False
3c71a7,Germany,111.16,False
ab4151,United States,191.04,False
4bccad,Turkey,253.15,False
a14189,United States,68.83,False
ab9af5,United States,59.93,False
7c29d5,Australia,185.94,False
7c29d8,Australia,171.11,False
acb10a,United States,180.81,False
e493d1,Brazil,242.17,False
448465,Belgium,260.32,False
c01e13,Canada,243.15,False
e480a4,Brazil,182.24,False
c01e11,Canada,202.79,False
a0cc06,United States,203.09,False
ae5df1,United States,106.87,False
acb124,United States,197.37,False
a08f62,United States,172.05,False
a2e9a3,United States,211.45,False
a309b4,United States,110.91,False
8880ab,Viet Nam,106.81,False
a2b196,United States,224.85,False
a0a9f8,United States,213.19,False
a033ae,United States,92.65,False
a77721,United States,147.02,False
8880b3,Viet Nam,182.62,False
a3d10f,United States,252.78,False
a3d122,United States,111.58,False
a046f2,United States,210.07,False
a82db4,United States,48.79,False
8880e2,Viet Nam,225.41,False
841520,Japan,262.14,False
a6eda1,United States,142.71,False
a2b176,United States,216.36,False
c01e1a,Canada,76.15,False
ad2af4,United States,251.96,False
7c1768,Australia,119.17,False
a9f461,United States,230.26,False
a5cf19,United States,245.72,False
a033f9,United States,99.29,False
e4948c,Brazil,235.1,False
424462,United Kingdom,206.12,False
a0df80,United States,162.65,False
a7a17b,United States,206.36,False
a93adf,United States,142.81,False
a08f6b,United States,232.9,False
a8d465,United States,279.39,False
abeb9f,United States,242.8,False
a87196,United States,268.33,False
c06080,Canada,0.64,True
aa349d,United States,70.57,False
a19c2d,United States,55.8,False
a88467,United States,5.92,True
e4818b,Brazil,247.64,False
ab6737,United States,3.09,True
c06022,Canada,253.55,False
a403c6,United States,238.97,False
a82dfb,United States,5.14,True
7caddb,Australia,0.0,True
e48198,Brazil,126.4,False
7cade1,Australia,213.41,False
a393bd,United States,87.15,False
a7faad,United States,133.41,False
7c1795,Australia,238.95,False
7cadce,Australia,100.74,False
ab540d,United States,5.14,True
a81abe,United States,159.06,False
c0866a,Canada,124.01,False
a273f5,United States,241.46,False
a403b3,United States,181.68,False
e4949a,Brazil,150.82,False
aa3476,United States,51.45,False
a2e9fd,United States,200.5,False
4bce09,Turkey,115.99,False
a1ec57,United States,73.51,False
4bce08,Turkey,238.13,False
4bce06,Turkey,216.55,False
a7fae4,United States,54.3,False
a153de,United States,220.24,False
a403a2,United States,57.36,False
4bce01,Turkey,174.69,False
a90799,United States,61.63,False
a7514b,United States,71.33,False
7c175d,Australia,43.24,False
3b51ff,France,0.0,True
a8e75f,United States,214.15,False
a2d6ba,United States,93.44,False
780173,China,172.34,False
a7f44d,United States,193.63,False
3a2a21,France,55.9,False
a349be,United States,180.14,False
abd254,United States,136.18,False
a7e122,United States,54.82,False
ac058a,United States,233.91,False
4d0101,Luxembourg,284.11,False
a01f73,United States,227.55,False
4d0107,Luxembourg,262.89,False
a92145,United States,242.65,False
a7f445,United States,247.92,False
a24c01,United States,185.03,False
acf261,United States,69.82,False
ad1272,United States,40.69,False
a7e152,United States,121.25,False
a7e151,United States,219.58,False
a80162,United States,188.13,False
a0d6a8,United States,245.96,False
a25f02,United States,57.7,False
a01f56,United States,202.86,False
a3117c,United States,214.21,False
a73aad,United States,39.7,False
a7076c,United States,262.11,False
a060ae,United States,172.13,False
a4dad4,United States,215.78,False
4075b3,United Kingdom,252.87,False
4075b4,United Kingdom,271.39,False
a00c80,United States,233.95,False
8940d7,Bahrain,235.26,False
846516,Japan,270.76,False
a00c7a,United States,0.77,True
a73ab6,United States,2.83,True
a70778,United States,195.26,False
ac17b0,United States,232.6,False
a086ed,United States,134.04,False
a6c120,United States,167.39,False
a0c3a8,United States,55.96,False
7c79b5,Australia,85.4,False
a79122,United States,225.1,False
a0c3b6,United States,232.8,False
a67151,United States,276.11,False
c05f93,Canada,242.75,False
a68485,United States,2.83,True
ac17af,United States,110.5,False
a3cf6d,United States,217.51,False
ac0519,United States,200.23,False
a37f8d,United States,3.86,True
7502db,Malaysia,156.96,False
aa0d52,United States,154.31,False
ab951a,United States,15.44,False
a443bb,United States,46.71,False
76ccd0,Singapore,263.52,False
abe501,United States,285.12,False
ac5eb4,United States,165.87,False
507c7f,Uzbekistan,4.12,True
a2af91,United States,192.4,False
ad7eb0,United States,38.49,False
a5b3a7,United States,281.5,False
76cce1,Singapore,276.0,False
507c71,Uzbekistan,244.42,False
a74f33,United States,223.8,False
ab3edd,United States,200.36,False
ac5ec1,United States,49.13,False
a7e198,United States,217.3,False
a683a8,United States,257.14,False
ac0531,United States,8.25,False
a696df,United States,40.52,False
a5fc42,United States,237.26,False
c04c36,Canada,206.12,False
ac5ed9,United States,161.91,False
acaec8,United States,236.55,False
ac0543,United States,256.3,False
abd204,United States,192.11,False
a959b4,United States,263.87,False
507c93,Uzbekistan,249.66,False
a336e3,United States,179.65,False
a85c01,United States,219.79,False
a336f0,United States,179.64,False
a61c53,United States,253.28,False
ac4bb8,United States,0.0,True
40762c,United Kingdom,136.84,False
a336df,United States,244.02,False
ad6bc1,United States,75.15,False
acf207,United States,260.31,False
a8aaff,United States,0.0,True
851bdc,Japan,198.69,False
346146,Spain,252.09,False
a80177,United States,0.0,True
7502b8,Malaysia,235.09,False
872863,Japan,207.69,False
ad7ece,United States,199.83,False
a5a19c,United States,64.56,False
ad2542,United States,214.46,False
40768d,United Kingdom,133.41,False
ac5efa,United States,211.41,False
a50f53,United States,204.73,False
ac4bdd,United States,169.19,False
c05f0a,Canada,230.52,False
a3cf4f,United States,5.14,True
abd230,United States,232.64,False
a443e8,United States,132.18,False
ab8266,United States,50.54,False
7c678d,Australia,217.23,False
a310cf,United States,217.68,False
851bfe,Japan,118.63,False
4b83a3,Turkey,40.65,False
407686,United Kingdom,62.55,False
a576d3,United States,73.77,False
abe579,United States,261.94,False
a9cc41,United States,210.4,False
c04af4,Canada,5.4,True
ac03ee,United States,217.73,False
34754c,Spain,215.54,False
a37ea4,United States,283.34,False
851c20,Japan,151.61,False
aa60da,United States,214.75,False
a1f822,United States,71.11,False
acaf82,United States,63.17,False
a07555,United States,119.35,False
ad23f4,United States,80.08,False
ad7f96,United States,15.95,True
ad7f8a,United States,57.65,False
ab80ed,United States,60.11,False
7c52fc,Australia,125.83,False
7c52fd,Australia,124.07,False
7c52fa,Australia,151.16,False
7c52ff,Australia,0.0,True
a19501,United States,48.38,False
ad10e9,United States,75.11,False
aa60bb,United States,251.73,False
76cda8,Singapore,263.53,False
76cda9,Singapore,239.1,False
acf0da,United States,0.0,True
407630,United Kingdom,195.48,False
c05de8,Canada,6.43,True
a97c23,United States,197.75,False
a44520,United States,210.84,False
a31216,United States,220.3,False
a62f93,United States,81.8,False
7c672c,Australia,39.87,False
a24baf,United States,45.84,False
c00444,Canada,81.01,False
a74f75,United States,196.65,False
aa0c65,United States,50.67,False
a6f9fa,United States,57.52,False
c0174f,Canada,2.57,True
7c6729,Australia,46.21,False
7c6725,Australia,65.48,False
a670b4,United States,53.11,False
7c671b,Australia,43.32,False
a706ea,United States,218.8,False
ad10ec,United States,205.79,False
a6e6e2,United States,128.45,False
a24ba7,United States,0.77,True
ac181d,United States,260.41,False
a44502,United States,232.15,False
a5fc87,United States,211.91,False
86e184,Japan,122.51,False
a98f2d,United States,252.75,False
a37ec4,United States,225.04,False
a85c3e,United States,0.0,True
a25ebe,United States,59.38,False
ac0504,United States,183.63,False
a97c18,United States,238.19,False
a07579,United States,205.52,False
a826f1,United States,187.6,False
aa1f5a,United States,171.48,False
a790b3,United States,1.54,True
a1f850,United States,38.06,False
a2f22e,United States,45.11,False
ab2c0b,United States,122.41,False
a44565,United States,192.56,False
a69869,United States,0.0,True
a44560,United States,3.6,True
7c65e9,Australia,56.09,False
a0628f,United States,258.74,False
a98ea6,United States,145.3,False
a6e837,United States,185.85,False
ad36a8,United States,241.98,False
ac5f42,United States,247.57,False
a1f89a,United States,108.47,False
8966ee,United Arab Emirates,227.11,False
c01729,Canada,105.99,False
a18284,United States,220.02,False
a4453e,United States,186.82,False
a44548,United States,169.59,False
a7086c,United States,199.15,False
a2f221,United States,84.16,False
a44540,United States,231.68,False
abf6ae,United States,138.66,False
a2aef2,United States,29.47,False
c01755,Canada,0.06,True
c01754,Canada,255.82,False
c01753,Canada,112.41,False
a1d242,United States,41.49,False
8966d3,United Arab Emirates,238.93,False
7c65c3,Australia,79.71,False
a74ecc,United States,217.44,False
a1e556,United States,62.82,False
a5523e,United States,44.02,False
aac3b8,United States,98.88,False
c0172e,Canada,224.11,False
750466,Malaysia,225.14,False
a920f4,United States,217.92,False
a97c9a,United States,114.21,False
ac16da,United States,172.65,False
ac5f5f,United States,241.96,False
750436,Malaysia,229.09,False
84b3c9,Japan,185.42,False
a56512,United States,3.34,True
851c64,Japan,126.18,False
863c44,Japan,9.26,True
e902c1,Uruguay,68.71,False
a44591,United States,0.0,True
750449,Malaysia,262.3,False
a6981a,United States,140.76,False
8966c3,United Arab Emirates,256.86,False
a2f268,United States,83.16,False
a44588,United States,269.89,False
aac3f4,United States,188.74,False
acaf6a,United States,47.85,False
abe3c8,United States,200.78,False
750410,Malaysia,181.41,False
a2059e,United States,86.16,False
aab0ba,United States,194.21,False
7c65db,Australia,47.39,False
a55218,United States,5.66,True
a44570,United States,202.56,False
a061a4,United States,62.32,False
ab7077,United States,11.83,True
ab839d,United States,246.62,False
abc058,United States,88.35,False
c03a5a,Canada,249.32,False
aa638a,United States,103.53,False
a12d48,United States,275.38,False
15409a,Russian Federation,185.24,False
a80287,United States,233.04,False
780f0e,China,224.36,False
a577a3,United States,0.0,True
a9221f,United States,46.96,False
0c21a7,Panama,1.03,True
a7e24a,United States,4.89,True
851cec,Japan,177.22,False
abc07b,United States,285.02,False
a4dbef,United States,254.14,False
a5b55f,United States,245.55,False
4caffb,Ireland,234.01,False
780f42,China,171.87,False
a5c895,United States,201.28,False
ad0074,United States,192.01,False
7c67d0,Australia,51.97,False
abc09e,United States,236.42,False
a6c248,United States,0.0,True
a6e89f,United States,243.86,False
a23a03,United States,215.1,False
a23a02,United States,126.67,False
ac4e31,United States,185.52,False
a7e20a,United States,248.81,False
780f75,China,160.89,False
a12d67,United States,108.17,False
780f71,China,103.11,False
a8021b,United States,0.0,True
a23a75,United States,66.3,False
ad260e,United States,52.61,False
a23a71,United States,54.58,False
a0b1ea,United States,218.57,False
a36d88,United States,27.27,False
780ddf,China,224.04,False
ae592f,United States,118.31,False
a181eb,United States,49.59,False
ac4ca8,United States,208.87,False
a684b5,United States,240.55,False
a85d15,United States,41.47,False
a4ca20,United States,3.6,True
01023c,Egypt,219.88,False
a4dd65,United States,193.63,False
c04d0a,Canada,0.0,True
aad981,United States,0.0,True
01023f,Egypt,245.93,False
86803b,Japan,210.26,False
ab9659,United States,76.0,False
a23a80,United States,45.81,False
010243,Egypt,132.27,False
34628d,Spain,82.06,False
a5ea08,United States,10.8,True
7c421c,Australia,60.74,False
a684c4,United States,228.96,False
a444d6,United States,55.41,False
a24d86,United States,34.66,False
a5ea1b,United States,188.6,False
881050,Thailand,224.74,False
7503db,Malaysia,186.95,False
aa75c6,United States,192.58,False
010282,Egypt,537.59,False
010284,Egypt,214.11,False
010283,Egypt,231.69,False
010276,Egypt,228.38,False
780dfb,China,221.22,False
c017ed,Canada,220.75,False
7c420b,Australia,39.11,False
3964e9,France,105.27,False
48ae83,Poland,1.85,False
01025c,Egypt,232.26,False
01025b,Egypt,222.71,False
01025f,Egypt,201.75,False
010264,Egypt,206.72,False
010266,Egypt,210.36,False
a35a31,United States,241.59,False
010265,Egypt,218.83,False
a1e4e9,United States,252.28,False
aaa012,United States,259.16,False
ad6cb1,United States,48.12,False
abd30f,United States,294.22,False
a4dd19,United States,51.01,False
ab967b,United States,211.08,False
a707a3,United States,7.46,True
aa88d2,United States,33.95,True
a61d00,United States,249.7,False
adbca5,United States,45.27,False
a35a98,United States,200.62,False
abc012,United States,258.13,False
010206,Egypt,246.63,False
a7e279,United States,201.22,False
484b58,Kingdom of the Netherlands,72.22,False
01022f,Egypt,223.92,False
ab703e,United States,277.7,False
aaa02c,United States,248.24,False
ace011,United States,201.51,False
c04d13,Canada,95.66,False
010237,Egypt,199.19,False
868043,Japan,153.75,False
a564ab,United States,183.24,False
abc035,United States,266.48,False
ab704b,United States,217.88,False
a0d90c,United States,259.5,False
868038,Japan,202.59,False
ab7067,United States,269.98,False
a7e1d3,United States,176.96,False
75050c,Malaysia,128.52,False
a6c1dc,United States,56.83,False
a00ce6,United States,6.17,True
48ae26,Poland,240.6,False
750517,Malaysia,243.1,False
48ae21,Poland,260.14,False
a0765e,United States,229.9,False
a37fb0,United States,240.96,False
acf1ac,United States,84.91,False
a84a55,United States,115.82,False
a2195d,United States,200.45,False
750528,Malaysia,226.5,False
ac3a83,United States,204.2,False
a8ad4e,United States,214.94,False
8464f4,Japan,262.73,False
a0d93e,United States,87.55,False
48ae06,Poland,1.03,True
48ae04,Poland,175.06,False
48ae03,Poland,140.95,False
48ae00,Poland,209.98,False
48ae01,Poland,255.72,False
a37fa1,United States,177.66,False
780eb0,China,141.26,False
750509,Malaysia,66.87,False
a5ea9a,United States,267.25,False
750501,Malaysia,54.09,False
a7e1cd,United States,114.42,False
a4ca66,United States,288.04,False
780ec4,China,141.85,False
507c49,Uzbekistan,68.5,False
a2afeb,United States,115.89,False
a1f98a,United States,38.94,False
a4462e,United States,200.32,False
c05efd,Canada,38.07,True
c05efc,Canada,9.26,True
a671c4,United States,51.75,False
a791c0,United States,0.0,True
400dae,United Kingdom,145.33,False
a0a034,United States,223.39,False
7c6844,Australia,220.4,False
76cee2,Singapore,132.61,False
a4ca6a,United States,204.62,False
a4ca6d,United States,53.75,False
a921a9,United States,109.76,False
7c6847,Australia,230.36,False
a96a1f,United States,47.69,False
a84a17,United States,241.61,False
a671f2,United States,5.14,True
ac5fad,United States,157.76,False
a24cc8,United States,50.0,False
8464b0,Japan,200.05,False
76cef2,Singapore,0.0,True
34760b,Spain,267.37,False
a24cc0,United States,193.68,False
a0634c,United States,193.85,False
507c5a,Uzbekistan,216.65,False
ab9630,United States,287.47,False
76ceef,Singapore,249.0,False
abf949,United States,1.8,True
7c6820,Australia,1.03,True
a44611,United States,143.41,False
ac1951,United States,201.88,False
a0b333,United States,189.61,False
ac5fc9,United States,58.68,False
a5ea5c,United States,252.64,False
aa6333,United States,311.56,False
a42027,United States,42.48,False
a44682,United States,41.19,False
a42020,United States,71.85,False
a70988,United States,34.65,False
750597,Malaysia,254.09,False
c05eb1,Canada,215.71,False
780f7e,China,223.82,False
c05eac,Canada,235.68,False
780f96,China,226.9,False
ad6d03,United States,101.57,False
75059a,Malaysia,193.77,False
c05eb6,Canada,207.4,False
c05eb7,Canada,221.31,False
aafa0d,United States,186.1,False
a86ff5,United States,53.28,False
ac4d43,United States,190.45,False
c05ee1,Canada,5.14,True
aac4c4,United States,3.6,True
a80321,United States,180.33,False
a2e014,United States,250.63,False
7c66cd,Australia,257.37,False
a1836c,United States,243.04,False
75056c,Malaysia,209.91,False
75056d,Malaysia,235.42,False
a3133c,United States,167.04,False
a42004,United States,57.01,False
c05edf,Canada,107.76,False
75056a,Malaysia,224.55,False
ac04c6,United States,193.53,False
aa6303,United States,220.43,False
ac04c5,United States,207.94,False
a1d365,United States,64.36,False
ac04c3,United States,190.03,False
a5c990,United States,36.41,False
750594,Malaysia,94.94,False
e47fa6,Brazil,75.12,False
c05ed0,Canada,0.06,False
ac04be,United States,195.34,False
a0a055,United States,196.53,False
0101de,Egypt,257.04,False
0c20f6,Panama,83.03,False
75057c,Malaysia,235.98,False
aa0ca5,United States,196.81,False
a32675,United States,71.49,False
87ad71,Japan,3.6,True
ac04d3,United States,257.51,False
a4463e,United States,222.46,False
abf7e9,United States,10.8,True
7c66d3,Australia,164.43,False
a8295d,United States,262.14,False
300990,Italy,263.89,False
ac3a38,United States,256.52,False
75054e,Malaysia,65.36,False
75054f,Malaysia,211.44,False
85c1b0,Japan,50.73,False
ad24ab,United States,173.88,False
a3cff7,United States,178.49,False
a82903,United States,223.1,False
aab1d2,United States,138.83,False
a4dca5,United States,93.08,False
aac4ed,United States,216.27,False
ac04f5,United States,0.0,True
ae57d3,United States,176.16,False
c05ea2,Canada,224.84,False
a5b61f,United States,79.51,False
750540,Malaysia,165.5,False
a4eff1,United States,241.3,False
abe4db,United States,178.37,False
ad5a1c,United States,170.87,False
a1d37a,United States,54.02,False
ac3a60,United States,205.47,False
a57997,United States,81.52,False
aa8919,United States,83.55,False
acbffd,United States,208.02,False
ae6989,United States,44.24,False
7c68b4,Australia,105.24,False
a6d234,United States,207.54,False
7c68aa,Australia,205.42,False
abd018,United States,236.35,False
ab935e,United States,0.06,True
c05d88,Canada,48.18,False
7c68ae,Australia,225.3,False
c05d81,Canada,0.06,True
a097d5,United States,43.78,False
a9eec1,United States,44.35,False
7c68a9,Australia,90.36,False
7c68a8,Australia,3.09,True
7c3091,Australia,51.86,False
7c68a5,Australia,78.58,False
a097cc,United States,149.91,False
7504b5,Malaysia,230.15,False
a8bbbc,United States,92.67,False
ab9383,United States,255.6,False
ac1698,United States,277.99,False
84b75d,Japan,265.54,False
7c68b1,Australia,151.09,False
a9a862,United States,161.93,False
aa735a,United States,66.37,False
ab9387,United States,239.64,False
a8cec7,United States,260.66,False
a45592,United States,196.77,False
abf67f,United States,35.38,False
a93209,United States,35.29,False
adccd1,United States,206.48,False
a44257,United States,285.7,False
c05d7b,Canada,194.63,False
a9eeb6,United States,152.12,False
a9eeb8,United States,45.83,False
84b77f,Japan,178.61,False
a62bc5,United States,24.02,False
a25d36,United States,213.91,False
a82523,United States,66.77,False
a68214,United States,52.69,False
c014b6,Canada,80.83,False
c027de,Canada,86.65,False
aa998e,United States,115.29,False
aa9990,United States,205.68,False
76bd47,Singapore,197.15,False
a5622d,United States,50.72,False
a347b1,United States,180.7,False
a9450d,United States,197.03,False
ad237f,United States,229.37,False
ad237c,United States,221.48,False
a83839,United States,250.54,False
aab07a,United States,1.54,True
abd063,United States,215.67,False
a0e7f4,United States,158.97,False
a4ebd9,United States,166.74,False
a071c8,United States,192.58,False
a071c2,United States,183.97,False
ae567c,United States,55.34,False
71ba10,Republic of Korea,293.9,False
a097e9,United States,184.87,False
71ba16,Republic of Korea,277.13,False
a74bba,United States,45.48,False
7c68cb,Australia,203.84,False
4caebe,Ireland,220.87,False
aa9979,United States,230.13,False
c05d3c,Canada,149.45,False
71ba04,Republic of Korea,237.16,False
a82532,United States,41.0,False
a81205,United States,182.7,False
a44291,United States,238.72,False
a8251a,United States,52.56,False
aab09a,United States,172.9,False
a214de,United States,107.69,False
a12a64,United States,61.2,False
a214e5,United States,185.46,False
8479bc,Japan,144.27,False
a36a19,United States,195.58,False
ab0969,United States,199.77,False
a214ed,United States,70.48,False
a24a3d,United States,29.84,False
a3cd58,United States,109.05,False
a1f4cd,United States,0.0,True
a4da13,United States,129.43,False
a5d7d8,United States,43.77,False
ab4fe2,United States,56.36,False
c027d1,Canada,235.68,False
ac2952,United States,8.23,True
a1f4c5,United States,255.15,False
7b1013,China,0.64,True
a9327a,United States,224.31,False
a837a7,United States,256.29,False
a837a6,United States,276.01,False
a24a31,United States,0.64,True
485b43,Kingdom of the Netherlands,277.27,False
a837a5,United States,202.53,False
86e496,Japan,255.35,False
a837a3,United States,212.08,False
7c4394,Australia,58.95,False
a37d8d,United States,75.83,False
a0990d,United States,41.48,False
a37d8a,United States,228.95,False
a8258b,United States,48.09,False
a02fa6,United States,81.06,False
a441c9,United States,203.84,False
a9325c,United States,48.19,False
ac297b,United States,256.78,False
4a0d12,Romania,233.62,False
a441ac,United States,243.85,False
a441ab,United States,211.6,False
ad495b,United States,0.0,True
a12a9e,United States,185.77,False
aac337,United States,251.44,False
a12a80,United States,90.0,False
adcca0,United States,223.06,False
a9a879,United States,6.17,True
a12a81,United States,1.8,True
a12a82,United States,211.03,False
adcca6,United States,2.06,True
7c4374,Australia,35.63,False
a09902,United States,103.1,False
a1e1d8,United States,0.0,True
7504aa,Malaysia,224.12,False
7c436c,Australia,51.03,False
a6d27b,United States,129.85,False
a12a95,United States,50.82,False
ab8031,United States,221.86,False
7504d0,Malaysia,175.56,False
a9dbc7,United States,39.45,False
ac1675,United States,278.59,False
a93257,United States,228.61,False
ac033e,United States,230.29,False
a12a7c,United States,222.99,False
a12a7d,United States,219.88,False
a9ca09,United States,48.4,False
8a0a1e,Indonesia,232.28,False
adba01,United States,44.9,False
a441fb,United States,219.37,False
3a4dc0,France,201.29,False
ae54c2,United States,88.79,False
a5b1bb,United States,45.79,False
c05bd6,Canada,219.95,False
a73a47,United States,77.25,False
8a0a26,Indonesia,186.08,False
abe1c2,United States,215.24,False
c05bd5,Canada,225.7,False
a1094c,United States,231.09,False
a441ef,United States,216.15,False
ad34e5,United States,54.73,False
780fb3,China,212.39,False
347303,Spain,232.17,False
347301,Spain,174.64,False
ae67ff,United States,229.29,False
c0025a,Canada,215.84,False
acad6d,United States,189.78,False
a09947,United States,221.05,False
ae54e6,United States,107.71,False
a22927,United States,46.24,False
4072dc,United Kingdom,207.08,False
a9dd0a,United States,40.26,False
84b5ee,Japan,0.19,True
ad21bc,United States,210.51,False
adcd6d,United States,270.68,False
a06010,United States,9.77,True
a07341,United States,275.06,False
ae54ed,United States,130.01,False
76bcc2,Singapore,80.45,False
88105a,Thailand,207.81,False
a61a28,United States,32.39,False
717caa,Saudi Arabia,225.73,False
a3cd7d,United States,224.23,False
a5b1a8,United States,186.09,False
a21656,United States,250.4,False
c0150d,Canada,6.69,True
ac01fd,United States,84.76,False
adba37,United States,175.9,False
4d23c4,Malta,181.06,False
a681a3,United States,51.67,False
ae54f5,United States,107.52,False
7b1001,China,13.89,True
a5b1b5,United States,8.23,True
a694dd,United States,0.0,True
a6e4bd,United States,95.38,False
a5c4e5,United States,0.0,True
a5c4e2,United States,170.22,False
84b5ac,Japan,176.06,False
a08663,United States,210.4,False
a34939,United States,55.68,False
ab4fae,United States,263.79,False
a26fc9,United States,171.96,False
a86d36,United States,242.35,False
ac27a6,United States,191.06,False
a3dfed,United States,49.78,False
a3dfeb,United States,8.75,True
ab3d14,United States,98.22,False
a4563b,United States,135.38,False
a4b964,United States,57.73,False
4d23ea,Malta,0.0,True
ab3d17,United States,186.27,False
514005,Georgia,0.0,True
514004,Georgia,74.59,True
a9a901,United States,9.77,True
a4b96d,United States,217.14,False
a3dffe,United States,10.29,True
a21692,United States,51.67,False
a83953,United States,5.4,True
a1933c,United States,8.75,True
a62cc9,United States,76.16,False
ab3d30,United States,37.64,False
a1099a,United States,205.45,False
a19343,United States,210.12,False
ab3d39,United States,260.67,False
a8aa87,United States,271.52,False
ab3d41,United States,244.52,False
a57677,United States,205.11,False
c01505,Canada,221.96,False
a97a67,United States,35.79,False
a1806a,United States,97.88,False
aa990d,United States,47.72,False
a20395,United States,71.94,False
aa9913,United States,287.24,False
ab3d59,United States,70.51,False
ac27cf,United States,216.67,False
a97a73,United States,109.17,False
acad02,United States,0.0,True
ac27f0,United States,84.38,False
ad47d8,United States,235.47,False
a5760f,United States,260.85,False
ad34b4,United States,2.57,True
8a0a3e,Indonesia,81.9,False
a944ea,United States,57.31,False
a2f016,United States,220.91,False
a32367,United States,224.73,False
a32368,United States,221.99,False
adcd15,United States,86.5,False
a44334,United States,247.98,False
a8bd6a,United States,205.96,False
a50cb7,United States,211.05,False
aa0a6e,United States,215.02,False
a1d01e,United States,62.36,False
aac1af,United States,1.03,True
ac5d61,United States,188.67,False
a31093,United States,44.02,False
a8bcd7,United States,44.19,False
a228ab,United States,58.57,False
c05e8e,Canada,135.98,False
aab13d,United States,50.93,False
a5a02e,United States,44.91,False
ae5773,United States,167.41,False
a68371,United States,201.49,False
a01e3d,United States,211.53,False
a085c4,United States,42.73,False
a5c694,United States,156.13,False
86e518,Japan,127.39,False
a6837d,United States,210.42,False
a7f31f,United States,0.0,True
a6c013,United States,231.36,False
a67050,United States,244.8,False
abe475,United States,74.02,False
a12b07,United States,191.23,False
ac047d,United States,185.46,False
a70699,United States,47.89,False
a6705c,United States,245.44,False
0a80e2,Bahamas,128.13,False
a085a4,United States,182.21,False
a6d36d,United States,85.04,False
acf131,United States,198.95,False
a79046,United States,203.25,False
abe496,United States,183.41,False
869560,Japan,257.77,False
a12b2b,United States,160.45,False
aae9a3,United States,213.91,False
c002a9,Canada,216.67,False
a7197d,United States,1.54,True
aab18c,United States,0.0,True
a6d30c,United States,48.53,False
4cadc2,Ireland,254.26,False
a2ae1e,United States,45.62,False
a00b61,United States,53.86,False
4cadc3,Ireland,81.19,False
4cadc4,Ireland,238.1,False
abd17b,United States,199.21,False
4cade2,Ireland,5.4,True
a6833b,United States,220.82,False
a8cfcd,United States,63.99,False
a5502b,United States,240.21,False
c05e3f,Canada,102.58,False
84b83e,Japan,0.0,True
a202a1,United States,215.08,False
a56374,United States,74.02,False
aa0aab,United States,169.46,False
aa6113,United States,5.66,True
ab2c04,United States,207.1,False
aa742d,United States,45.47,False
a8397c,United States,275.29,False
a6f98e,United States,139.23,False
abd19e,United States,6.43,True
a69698,United States,59.89,False
a86caa,United States,75.87,False
a13e56,United States,44.23,False
aa7426,United States,216.67,False
4cadb7,Ireland,0.64,True
a86cae,United States,121.85,False
a37e6c,United States,235.32,False
3c7a41,Germany,3.86,True
4cadfd,Ireland,75.12,False
a24b4b,United States,10.3,False
a4ee2e,United States,193.51,False
a37e80,United States,264.6,False
ab9413,United States,212.59,False
a335eb,United States,116.31,False
a6f8b7,United States,41.48,False
a575e0,United States,262.87,False
a61b14,United States,45.82,False
347388,Spain,242.27,False
ad7da2,United States,257.55,False
347387,Spain,255.23,False
a25e79,United States,34.06,False
347386,Spain,267.31,False
a0d5ed,United States,63.51,False
a5d8f0,United States,92.0,False
a575e7,United States,232.6,False
3c7a4f,Germany,250.36,False
84b7a1,Japan,203.87,False
a24b39,United States,177.23,False
a562aa,United States,3.86,True
a825a6,United States,255.68,False
a4db48,United States,50.94,False
a37e46,United States,59.46,False
a00b91,United States,146.16,False
84b7b6,Japan,144.67,False
ab8112,United States,228.13,False
a442f3,United States,0.0,True
86d237,Japan,270.06,False
ac175e,United States,33.44,False
a08714,United States,83.66,False
a442da,United States,122.4,False
abe40a,United States,11.83,True
aad780,United States,268.81,False
ac0448,United States,224.12,False
40756d,United Kingdom,0.0,True
869582,Japan,231.71,False
ae571a,United States,200.32,False
ab2ae0,United States,244.83,False
a588ba,United States,72.32,False
7c4493,Australia,77.6,False
347343,Spain,245.69,False
a2ae96,United States,176.09,False
abe448,United States,5.14,True
a2ae7d,United States,222.04,False
abe42c,United States,218.26,False
a7e067,United States,57.77,False
ab8148,United States,59.99,False
a335fa,United States,267.85,False
407569,United Kingdom,211.09,False
a25e9e,United States,31.82,False
abe450,United States,199.69,False
a50e3f,United States,0.0,True
86d244,Japan,296.86,False
a442b2,United States,62.47,False
aab146,United States,107.01,False
ad7e6f,United States,209.33,False
ac5e8d,United States,234.27,False
e47def,Brazil,248.58,False
c0168e,Canada,116.04,False
a33716,United States,277.18,False
a19404,United States,254.74,False
a0d724,United States,146.37,False
a86e6c,United States,247.22,False
a4db9a,United States,66.49,False
4cae11,Ireland,0.06,True
ac4b72,United States,237.03,False
ad22e1,United States,226.88,False
a958ff,United States,171.16,False
a97b31,United States,68.81,False
adbb36,United States,214.0,False
adbb39,United States,249.74,False
ac4b95,United States,192.2,False
a12ac5,United States,205.83,False
a12ac8,United States,238.36,False
a12ac9,United States,204.33,False
a0c42c,United States,289.1,False
a50e93,United States,260.45,False
a24aa1,United States,149.89,False
7c4437,Australia,56.22,False
a682b3,United States,42.19,False
a12ac1,United States,228.32,False
a12ac2,United States,225.2,False
a4ee82,United States,245.46,False
a562e8,United States,277.35,False
a5c5f4,United States,43.47,False
7c4423,Australia,89.83,False
a25dd0,United States,40.41,False
a25dd1,United States,57.52,False
4cae55,Ireland,137.91,False
a695ea,United States,144.84,False
a33743,United States,89.55,False
a838e2,United States,233.14,False
a33741,United States,152.8,False
a37da1,United States,204.14,False
a12aa5,United States,158.78,False
7c4414,Australia,204.41,False
a07448,United States,35.35,False
a74e7a,United States,238.65,False
a1e411,United States,86.89,False
a825e3,United States,249.39,False
a12aa0,United States,291.84,False
a5fb3e,United States,145.64,False
adbb6f,United States,166.74,False
c05cca,Canada,34.82,False
a0c427,United States,72.64,False
a13de2,United States,274.83,False
7c42e2,Australia,231.5,False
4cae80,Ireland,206.28,False
aae8ba,United States,41.98,False
300762,Italy,227.05,False
a2f111,United States,106.22,False
761487,Pakistan,260.82,False
a43100,United States,65.79,False
4cae91,Ireland,0.77,True
846844,Japan,165.66,False
ac28be,United States,258.7,False
a12ae6,United States,246.93,False
84b829,Japan,192.8,False
a12ae8,United States,221.11,False
a9cb83,United States,146.83,False
4d22ac,Malta,240.17,False
a5c74e,United States,44.91,False
ac28e5,United States,287.38,False
a3cdfa,United States,264.47,False
acae0a,United States,153.62,False
ab2b23,United States,237.4,False
a32449,United States,248.9,False
a12ae5,United States,191.38,False
ac5e47,United States,199.22,False
ad35a2,United States,31.59,False
a12aeb,United States,282.36,False
c0293e,Canada,0.0,True
aac2a1,United States,79.01,False
ad7e17,United States,90.23,False
a33766,United States,214.16,False
aad5ca,United States,118.27,False
a0b199,United States,129.98,False
c04a7d,Canada,8.75,True
ad6b14,United States,164.32,False
a109c8,United States,103.92,False
c05d9d,Canada,241.79,False
ad35af,United States,29.47,False
a086b4,United States,204.52,False
a85b7b,United States,37.17,False
4073ce,United Kingdom,249.41,False
a1d14a,United States,39.16,False
ad7e65,United States,44.47,False
4cae8f,Ireland,90.49,False
abe2c0,United States,59.43,False
ad6b0f,United States,105.7,False
a3245d,United States,166.47,False
ad35e0,United States,221.86,False
ac5e6e,United States,198.36,False
aac2e2,United States,244.92,False
a01f0d,United States,193.28,False
ad038b,United States,137.37,False
a7d276,United States,245.22,False
86d310,Japan,3.34,True
a35d2c,United States,44.38,False
7c57d1,Australia,76.07,False
abb089,United States,212.87,False
ac08b1,United States,262.12,False
a051e2,United States,31.95,False
a687af,United States,104.45,False
398699,France,219.72,False
a4cd23,United States,175.83,False
ac3e13,United States,221.13,False
86d31d,Japan,186.32,False
adf068,United States,188.05,False
a3ad47,United States,194.41,False
a23d25,United States,11.32,True
a92599,United States,50.41,False
aa407f,United States,91.64,False
a554b9,United States,45.2,False
a0fd3e,United States,229.61,False
a184d2,United States,244.3,False
abe8b6,United States,71.08,False
a7824e,United States,233.73,False
a80585,United States,43.23,False
a35d79,United States,0.64,True
7c7a38,Australia,262.95,False
4caca2,Ireland,138.21,False
a7e54f,United States,217.67,False
7c44c7,Australia,41.19,False
86960c,Japan,177.21,False
a35d73,United States,212.78,False
ad5e13,United States,136.72,False
aaeb0e,United States,244.3,False
adf09b,United States,46.83,False
a314d9,United States,0.0,True
ab72b3,United States,221.92,False
ac3e3a,United States,237.07,False
ab0b42,United States,235.08,False
aaa2b0,United States,215.31,False
a8aef3,United States,161.04,False
c03d9a,Canada,51.54,False
a9cecd,United States,0.0,True
a0ea58,United States,49.1,False
a3ad14,United States,133.12,False
a7e4b6,United States,44.74,False
a46a72,United States,147.65,False
a58a67,United States,232.84,False
4d2351,Malta,214.9,False
ab6020,United States,196.73,False
a301f3,United States,214.76,False
a661bf,United States,225.44,False
4b802a,Turkey,47.18,False
ac8009,United States,242.57,False
a2090d,United States,260.02,False
a661c7,United States,223.15,False
ab6032,United States,64.65,False
348358,Spain,219.91,False
ac3cef,United States,227.01,False
850e36,Japan,180.79,False
aab694,United States,119.87,False
348351,Spain,194.33,False
a2e1ce,United States,163.66,False
a1c1f5,United States,85.94,False
a301e9,United States,55.31,False
adacc9,United States,159.25,False
a5ed96,United States,50.54,False
ab7376,United States,230.29,False
a6b1c3,United States,1.29,True
a804e2,United States,36.1,False
a6b1c5,United States,72.16,False
a434f9,United States,134.15,False
a301df,United States,143.49,False
aa9b42,United States,158.76,False
a0791e,United States,66.37,False
a301d8,United States,245.2,False
a19910,United States,215.55,False
a20957,United States,199.52,False
a0b61c,United States,3.86,True
abb035,United States,239.54,False
aa52a0,United States,138.96,False
aa9b20,United States,88.03,False
a44918,United States,228.09,False
e03614,Argentina,154.14,False
a44917,United States,252.89,False
86835a,Japan,187.61,False
abd69d,United States,216.27,False
4d239b,Malta,253.11,False
a12fda,United States,72.02,False
a1e92b,United States,77.18,False
a0798b,United States,42.22,False
a0665b,United States,0.0,True
ad036e,United States,187.26,False
a20930,United States,142.96,False
a46a7e,United States,113.69,False
ad0375,United States,207.01,False
8468aa,Japan,131.76,False
a18611,United States,50.75,False
ad0373,United States,137.74,False
a60d5c,United States,47.96,False
c007d8,Canada,235.16,False
a24fb8,United States,254.06,False
86837c,Japan,277.74,False
ad037e,United States,84.1,False
c007d0,Canada,230.71,False
a06646,United States,221.99,False
a8f28f,United States,221.45,False
ac0912,United States,58.08,False
a0b65e,United States,67.03,False
7c582c,Australia,38.73,False
a9bd90,United States,56.62,False
a3aca6,United States,8.75,True
8681a8,Japan,176.87,False
a29337,United States,193.34,False
a35cba,United States,0.0,True
a5b923,United States,132.65,False
0d0ee3,Mexico,205.0,False
0d0ee9,Mexico,269.95,False
a36ff7,United States,211.64,False
a4493f,United States,205.19,False
a4493d,United States,201.63,False
0d0ef1,Mexico,78.98,False
a0b674,United States,0.06,True
aab603,United States,97.14,False
a44943,United States,110.27,False
a44940,United States,256.42,False
a6893e,United States,217.23,False
a4dfd2,United States,238.57,False
8681ba,Japan,269.99,False
8681be,Japan,91.25,False
0d0efb,Mexico,140.66,False
a44939,United States,210.72,False
a0fcd4,United States,211.2,False
8681b4,Japan,184.07,False
a4491a,United States,250.22,False
a5b954,United States,173.23,False
8681ae,Japan,164.83,False
8681ab,Japan,111.64,False
ab2fe4,United States,79.19,False
a35cfe,United States,0.0,True
c03bfb,Canada,224.01,False
a2803d,United States,230.02,False
abe959,United States,173.73,False
a68902,United States,48.05,False
abd627,United States,279.12,False
a41009,United States,83.33,False
c03bf1,Canada,204.76,False
a28036,United States,102.89,False
ac4fd8,United States,2.31,True
84b7d8,Japan,12.35,True
a4497f,United States,69.46,False
a44988,United States,102.45,False
7c451e,Australia,91.07,False
ad5ca8,United States,80.44,False
a36fff,United States,207.98,False
8694b6,Japan,217.44,False
a42323,United States,0.0,True
a95a1c,United States,5.14,False
ac096b,United States,76.75,False
7c585c,Australia,46.07,False
a16037,United States,138.81,False
a9bd41,United States,32.77,False
4070f0,United Kingdom,156.53,False
a61fa4,United States,6.94,True
4cad11,Ireland,5.14,True
a04067,United States,37.98,False
aa9a57,United States,0.0,False
ac097f,United States,44.64,False
4070e2,United Kingdom,166.23,False
abe95a,United States,60.34,False
4070e3,United Kingdom,188.95,False
a71a91,United States,62.26,False
4070e4,United Kingdom,0.0,False
a4495b,United States,224.28,False
4070e5,United Kingdom,205.63,False
a6b337,United States,55.2,False
a66355,United States,8.23,True
abe7e3,United States,295.62,False
4c01e2,Serbia,7.2,True
ac07fd,United States,115.44,False
a3f04a,United States,170.09,False
ad27f3,United States,286.88,False
ab71c3,United States,63.78,False
7c43f1,Australia,44.67,False
a208a1,United States,101.78,False
7c43f9,Australia,3.34,False
86d1de,Japan,194.85,False
a8063e,United States,198.49,False
aaea3d,United States,48.62,False
ad4a1d,United States,35.82,False
a7d32e,United States,234.44,False
4cad47,Ireland,244.13,False
4cad49,Ireland,269.53,False
84b940,Japan,189.42,False
a77035,United States,281.91,False
3c4585,Germany,298.37,False
3c4599,Germany,269.65,False
c82089,New Zealand,216.17,False
ab0a73,United States,251.23,False
c82084,New Zealand,38.06,False
3c4592,Germany,239.62,False
c00899,Canada,211.78,False
a5a62f,United States,257.7,False
0d0f91,Mexico,72.97,False
4d21ef,Malta,172.49,False
aa530c,United States,46.02,False
abc1bc,United States,10.8,True
ad01c0,United States,218.79,False
a41090,United States,214.11,False
ace1af,United States,154.12,False
ad01ab,United States,221.86,False
86e4da,Japan,262.74,False
a1d5a9,United States,90.16,False
a85fb8,United States,127.69,False
862d94,Japan,121.17,False
a2d094,United States,34.57,False
a3f00a,United States,215.6,False
aaea84,United States,194.57,False
ae6a25,United States,63.28,False
a59cee,United States,57.11,False
a208b1,United States,230.53,False
ab0a9d,United States,238.85,False
a6b301,United States,35.21,False
a66346,United States,197.61,False
a1b092,United States,195.89,False
ac0906,United States,253.55,False
a0b5f8,United States,66.95,False
45d961,Denmark,207.31,False
a302a0,United States,0.0,True
0d0f57,Mexico,248.82,False
a448db,United States,3.6,True
a35e61,United States,50.07,False
881427,Thailand,197.18,False
71bd87,Republic of Korea,132.25,False
abb19c,United States,256.49,False
a0fe7a,United States,176.65,False
a568e8,United States,253.76,False
39c498,France,183.91,False
a448d7,United States,208.07,False
a448d6,United States,227.36,False
a0a2bd,United States,227.29,False
800c07,India,1.29,True
abe9b1,United States,131.75,False
a448d3,United States,1.8,True
a11e8b,United States,233.37,False
a555c3,United States,194.49,False
aaff42,United States,76.68,False
c03da9,Canada,205.85,False
a7d39d,United States,127.57,False
a60e3f,United States,47.47,False
ae1193,United States,177.7,False
ab86d5,United States,64.85,False
a89086,United States,193.89,False
a22b28,United States,230.65,False
aa79a6,United States,241.92,False
a3f07f,United States,206.2,False
a1c2f6,United States,49.52,False
a1c2f1,United States,73.24,False
aa4195,United States,254.12,False
0d0f14,Mexico,216.97,False
0d0f17,Mexico,7.2,True
34718e,Spain,234.16,False
a8068f,United States,245.25,False
7c7b55,Australia,66.17,False
c02b6f,Canada,51.57,False
ac2c33,United States,229.43,False
800c42,India,4.89,True
a7c00f,United States,250.3,False
862db6,Japan,269.9,False
850df2,Japan,65.37,False
4c0221,Serbia,229.41,False
7c32a8,Australia,5.14,True
0d0f35,Mexico,218.93,False
a448fc,United States,159.31,False
800c0c,India,243.33,False
a65086,United States,288.6,False
39c48d,France,247.98,False
aa9afa,United States,57.44,False
862df4,Japan,228.03,False
862dd8,Japan,229.29,False
ac2c56,United States,4.12,True
a35e66,United States,203.88,False
0c43b0,Dominican Republic,240.14,False
a448f2,United States,129.13,False
a7e693,United States,133.3,False
a448f5,United States,201.0,False
a6fb41,United States,259.69,False
ac3dec,United States,175.01,False
4cabd1,Ireland,248.68,False
ac2abd,United States,1.54,True
aaead0,United States,57.14,False
a9ab05,United States,5.66,True
a9ab06,United States,82.85,False
a60e95,United States,51.02,False
a84e68,United States,208.4,False
aaeae5,United States,218.99,False
c03e5c,Canada,79.45,False
a18723,United States,222.76,False
a71b43,United States,205.22,False
800c85,India,269.55,False
a11da1,United States,108.63,False
a6d8ff,United States,132.43,False
a05410,United States,192.54,False
a7e5c1,United States,108.7,False
a4ce9d,United States,203.76,False
a9ab07,United States,264.46,False
4cabd4,Ireland,231.26,False
a6fb32,United States,159.2,False
acd120,United States,214.06,False
a4bb8a,United States,0.0,True
861c10,Japan,176.2,False
a782dd,United States,4.37,True
abd77e,United States,212.16,False
0d0f07,Mexico,4.12,True
a782e4,United States,231.18,False
abb12d,United States,94.98,False
a59e68,United States,266.47,False
a5ee51,United States,185.12,False
a675c0,United States,54.02,False
406016,United Kingdom,198.33,False
a84e0c,United States,62.16,False
a23dc0,United States,60.97,False
a90090,United States,41.24,False
a05458,United States,49.92,False
acd135,United States,2.06,True
a72e69,United States,258.43,False
a84e3f,United States,228.23,False
aa79f9,United States,285.11,False
aa79f6,United States,218.87,False
4d225a,Malta,221.62,False
ad4afb,United States,80.1,False
ad4afe,United States,224.99,False
ac3f09,United States,210.86,False
ad049a,United States,187.05,False
85c5dc,Japan,253.56,False
a1d76b,United States,78.0,False
a22ac6,United States,202.04,False
a9ab87,United States,210.55,False
a0a457,United States,208.99,False
0d0dc4,Mexico,86.49,False
c0807f,Canada,165.67,False
04c115,Kenya,235.07,False
a35dbe,United States,56.66,False
a3adce,United States,221.04,False
ab7402,United States,264.23,False
4d216e,Malta,214.37,False
a66411,United States,47.66,False
4071d7,United Kingdom,137.35,False
0d0de8,Mexico,263.79,False
a35dc2,United States,203.24,False
c008b7,Canada,76.82,False
ab8748,United States,241.51,False
a9ab72,United States,257.94,False
a59de5,United States,256.97,False
c03e07,Canada,240.8,False
c08095,Canada,232.96,False
a80703,United States,5.4,True
a6c70f,United States,231.26,False
a2f721,United States,207.76,False
a3f120,United States,212.67,False
ab1dd5,United States,214.46,False
7c3340,Australia,4.63,True
ab6101,United States,200.12,False
a46abc,United States,30.57,False
a912f0,United States,171.52,False
a71b82,United States,145.01,False
4cac16,Ireland,273.59,False
a96e9a,United States,8.23,True
4cac13,Ireland,268.85,False
aaa438,United States,225.35,False
861b06,Japan,2.83,True
a2f77b,United States,287.42,False
a7d2bc,United States,242.31,False
a46ab3,United States,0.32,True
0d0da0,Mexico,166.06,False
710055,Saudi Arabia,129.44,False
0d0da4,Mexico,0.9,True
abc40d,United States,202.05,False
0d0da8,Mexico,173.21,False
710057,Saudi Arabia,279.82,False
ac8111,United States,38.19,False
abc432,United States,240.89,False
71002a,Saudi Arabia,274.32,False
7c3314,Australia,2.31,True
850e7a,Japan,209.54,False
7c5972,Australia,45.39,False
8695c6,Japan,259.54,False
a47dd0,United States,43.98,False
400a90,United Kingdom,257.95,False
a17490,United States,270.27,False
0d0db9,Mexico,80.11,False
a209b9,United States,166.66,False
7c7a5d,Australia,0.06,True
ac3e5d,United States,262.17,False
ac92b1,United States,116.26,False
acf5be,United States,0.0,True
a28191,United States,53.52,False
71be21,Republic of Korea,242.25,False
a23f0c,United States,239.41,False
aaa2d3,United States,7.72,True
7c7a4a,Australia,221.04,False
7c7a4c,Australia,237.34,False
ad15cf,United States,212.04,False
a84dce,United States,218.63,False
86d2fb,Japan,62.72,False
ad4b54,United States,262.54,False
4cac0f,Ireland,244.52,False
ac2b61,United States,217.31,False
a71adb,United States,201.16,False
aaeb6a,United States,215.54,False
151ed0,Russian Federation,199.25,False
a7712e,United States,66.75,False
c03cf4,Canada,227.01,False
a6b463,United States,111.08,False
aafe9a,United States,25.38,False
a7d43c,United States,219.26,False
7c7a47,Australia,217.86,False
7c7a48,Australia,4.63,True
7c7a49,Australia,240.77,False
aa9ab6,United States,229.97,False
885b4a,Thailand,0.0,True
aa542f,United States,210.58,False
4cac88,Ireland,229.62,False
ad4b73,United States,84.98,False
a173a8,United States,261.96,False
a96da2,United States,33.69,False
4d20d8,Malta,259.45,False
8682fc,Japan,276.98,False
ac2b80,United States,221.79,False
a3f133,United States,119.38,False
c04fd7,Canada,267.63,False
a449af,United States,207.24,False
04c14a,Kenya,240.9,False
885b45,Thailand,235.78,False
c04fc4,Canada,36.07,False
c04ff4,Canada,0.9,True
39c423,France,160.93,False
a0b6b2,United States,218.71,False
39c420,France,233.91,False
4cac66,Ireland,218.29,False
a449a3,United States,258.08,False
a449a2,United States,218.29,False
a449a1,United States,251.28,False
abc2fa,United States,242.24,False
abc2fb,United States,226.66,False
a449a8,United States,1.03,True
71be03,Republic of Korea,93.06,False
c03cc6,Canada,294.31,False
c04ff7,Canada,207.32,False
a1e9ac,United States,258.4,False
71be02,Republic of Korea,245.83,False
04c11a,Kenya,274.42,False
0d0e9c,Mexico,212.21,False
7c7a85,Australia,35.96,False
adaae9,United States,202.88,False
acf486,United States,286.43,False
ace13e,United States,229.36,False
a5a38e,United States,140.43,False
ad5afe,United States,192.16,False
a4a8a2,United States,60.02,False
a36e1e,United States,53.23,False
a2e098,United States,249.57,False
a11b00,United States,8.23,True
a338ac,United States,99.65,False
a075d6,United States,49.14,False
a6609b,United States,57.62,False
acf492,United States,239.36,False
ab1c04,United States,175.79,False
a218d6,United States,72.07,False
0c20dd,Panama,207.15,False
c04e7b,Canada,139.94,False
ac4f29,United States,217.53,False
a062ec,United States,153.79,False
aa6495,United States,46.52,False
0c20f3,Panama,232.36,False
0c20f2,Panama,187.78,False
a445c7,United States,73.39,False
a48e3a,United States,225.18,False
a0b2bd,United States,57.89,False
86e82a,Japan,185.43,False
a2f2a3,United States,47.96,False
a0b2d2,United States,223.97,False
ace18e,United States,51.18,False
7c7c74,Australia,192.4,False
a48e46,United States,280.18,False
7c7c76,Australia,108.43,False
ac3c01,United States,61.5,False
a6869a,United States,47.29,False
a35b27,United States,294.25,False
a445ab,United States,5.14,True
a80329,United States,207.48,False
a7e318,United States,205.47,False
0c20d6,Panama,240.43,False
a5fcef,United States,184.73,False
c03b54,Canada,216.12,False
40837b,United Kingdom,0.0,True
a8164f,United States,44.39,False
aa779d,United States,228.0,False
861bb0,Japan,223.84,False
a23b55,United States,61.22,False
afead6,United States,46.71,False
86d538,Japan,212.86,False
0c20be,Panama,220.4,False
a12e80,United States,241.84,False
861bca,Japan,278.0,False
0c20c9,Panama,230.67,False
800d2d,India,229.63,False
a445a9,United States,235.15,False
a445a2,United States,0.06,True
0c20ac,Panama,256.27,False
a6c358,United States,217.61,False
0c20ad,Panama,235.44,False
a67399,United States,184.19,False
ab1c47,United States,7.46,True
aa644e,United States,90.16,False
7c33c6,Australia,95.51,False
c842c7,New Zealand,61.01,False
a3be7c,United States,199.52,False
ab975c,United States,217.57,False
c03b15,Canada,220.46,False
0c219f,Panama,241.45,False
ad2736,United States,248.32,False
a48e7b,United States,50.42,True
aa76ef,United States,206.4,False
ad2733,United States,194.9,False
aab431,United States,200.37,False
800d8b,India,0.0,False
a2f2d8,United States,54.69,False
ad6da6,United States,60.93,False
4d211a,Malta,148.64,False
a445ef,United States,193.67,False
aac75f,United States,46.31,False
aa0f6c,United States,41.68,False
a815a1,United States,28.83,False
a445f8,United States,246.63,False
0c2188,Panama,219.98,False
a445f0,United States,190.96,False
adbdb8,United States,56.68,False
abc107,United States,109.72,False
010154,Egypt,259.52,False
010153,Egypt,287.94,False
a73e6d,United States,137.74,False
0c216d,Panama,243.7,False
abd41a,United States,149.99,False
a445e3,United States,45.51,False
710130,Saudi Arabia,263.37,False
a325fd,United States,157.54,False
a4cb75,United States,230.03,False
aa76cb,United States,1.54,True
a445cd,United States,237.42,False
aafacd,United States,46.01,False
a445d9,United States,246.92,False
ac3ac9,United States,224.61,False
7c479f,Australia,222.49,False
a7d085,United States,211.43,False
ac4dfb,United States,0.06,True
ac078b,United States,195.62,False
408314,United Kingdom,237.2,False
ac3adf,United States,3.86,True
4d2168,Malta,73.25,False
abc12a,United States,0.0,True
adbdc1,United States,206.99,False
86d57f,Japan,264.56,False
adbdc9,United States,248.85,False
4d215a,Malta,214.57,False
ad0122,United States,234.0,False
adaac7,United States,63.18,False
a6e8ae,United States,213.12,False
c018c8,Canada,228.69,False
abc14d,United States,197.04,False
a60b1e,United States,208.58,False
39d2ae,France,248.41,False
39d2af,France,277.78,False
4d206e,Malta,185.78,False
39d2ad,France,279.97,False
a4470e,United States,236.05,False
0c210c,Panama,81.93,False
39d2b0,France,260.73,False
39d2b3,France,5.66,True
a3271e,United States,200.64,False
a1976b,United States,6.69,True
a3bda6,United States,195.03,False
a84b77,United States,39.35,False
a0c739,United States,48.02,False
7c3409,Australia,28.01,False
a96b65,United States,214.56,False
4d205c,Malta,231.34,False
a32718,United States,208.85,False
a56742,United States,31.45,False
39d2a0,France,0.0,True
39d2a1,France,240.54,False
39d2a2,France,243.93,False
a935e0,United States,228.72,False
a17140,United States,0.0,False
0c2162,Panama,244.16,False
a05173,United States,128.07,False
a2f41d,United States,31.89,False
a5eb61,United States,34.96,False
a0faf3,United States,274.74,False
a17155,United States,49.94,False
a23ace,United States,36.06,False
a11ad4,United States,63.74,False
a96b14,United States,264.62,False
7c7ab8,Australia,216.86,False
7c7ab0,Australia,216.59,False
3b21ff,France,0.0,True
a948f6,United States,52.38,False
7c7aac,Australia,237.88,False
a23ab2,United States,58.79,False
a5eb8f,United States,54.53,False
a35aa4,United States,156.61,False
7c7aab,Australia,8.75,True
7c7aa3,Australia,225.07,False
7c7aa4,Australia,139.13,False
7c7aa7,Australia,212.29,False
a8ae3e,United States,257.2,False
a96b24,United States,51.9,False
4b18fc,Switzerland,3.34,True
a5eb82,United States,57.27,False
7c7aa1,Australia,0.0,True
4081d7,United Kingdom,203.19,False
a72b6b,United States,218.96,False
71bf55,Republic of Korea,237.82,False
a2f482,United States,126.89,False
ab1b30,United States,37.58,False
a60ac5,United States,63.18,False
ad38bf,United States,141.21,False
a35afa,United States,50.06,False
a4478d,United States,8.75,True
a5b764,United States,251.18,False
3abfff,France,3.86,True
c04cb8,Canada,104.35,False
71bf41,Republic of Korea,214.64,False
71bf43,Republic of Korea,288.59,False
7c7b6a,Australia,49.55,False
ac3b0f,United States,203.76,False
a67452,United States,284.39,False
a31486,United States,219.07,False
7c7b83,Australia,57.53,False
a12f07,United States,254.35,False
c01968,Canada,215.97,False
a35af8,United States,231.59,False
7c7b88,Australia,46.84,False
a35ae4,United States,189.99,False
a6745a,United States,257.22,False
ab1b3e,United States,227.62,False
c0064c,Canada,236.57,False
7c7b5c,Australia,38.08,False
a43458,United States,179.42,False
7c7b5e,Australia,39.78,False
aa7757,United States,209.28,False
a31472,United States,140.98,False
850edc,Japan,82.64,False
3c4357,Germany,8.75,True
c0196c,Canada,246.17,False
a81761,United States,224.35,False
a4caf6,United States,47.16,False
3c4351,Germany,8.23,True
aac5ec,United States,228.22,False
7c7b63,Australia,57.22,False
a54169,United States,0.0,True
7c7b64,Australia,58.21,False
aab2bf,United States,147.76,False
ac4e85,United States,196.69,False
a12f2a,United States,247.81,False
a339b4,United States,243.58,False
a339b1,United States,257.57,False
a5540c,United States,221.42,False
a2919a,United States,200.58,False
a076a8,United States,48.15,False
ac3b78,United States,261.99,False
a2e172,United States,55.85,False
a4caa5,United States,150.73,False
adab31,United States,180.21,False
a2918e,United States,53.91,False
a73dc7,United States,68.52,False
a089e5,United States,57.53,False
a7f709,United States,147.33,False
7c7b8f,Australia,2.57,True
ad12e0,United States,262.85,False
3c5642,Germany,253.57,False
71bf17,Republic of Korea,210.71,False
86d66d,Japan,170.29,False
a196f3,United States,7.2,True
ad159b,United States,167.28,False
a12f73,United States,55.56,True
a9bad3,United States,248.11,False
a00f8c,United States,149.6,False
a12f75,United States,222.67,False
4b191e,Switzerland,253.21,False
4b191f,Switzerland,250.04,False
a3bf34,United States,92.21,False
a5ff07,United States,64.7,False
a35c0b,United States,238.19,False
a699a1,United States,7.72,True
a36f36,United States,106.13,False
a699aa,United States,231.48,False
4b1920,Switzerland,113.78,False
ab1d06,United States,0.0,True
a3bf46,United States,76.46,False
7c7d1a,Australia,5.14,True
a4cc00,United States,203.74,False
a12f4c,United States,192.99,False
a0c6c6,United States,227.46,False
a12f52,United States,211.77,False
a196c8,United States,256.79,False
7c47cf,Australia,116.64,False
a3ac25,United States,52.55,False
a1e6b9,United States,2.57,True
a3bf4e,United States,92.72,False
a60c09,United States,0.0,True
7c47ba,Australia,234.09,False
7c47bb,Australia,205.96,False
aac7b1,United States,179.99,False
7c7d19,Australia,47.96,False
a339c2,United States,133.3,False
a12f71,United States,248.2,False
a12f72,United States,234.09,False
adabfe,United States,273.06,False
86d682,Japan,261.82,False
aac7ab,United States,238.74,False
71bf95,Republic of Korea,226.97,False
a300a9,United States,218.42,False
a0b3f7,United States,64.52,False
a80468,United States,72.76,False
a23c5d,United States,262.59,False
a72af5,United States,86.23,False
86d61c,Japan,0.0,True
a5416c,United States,56.38,False
40717d,United Kingdom,155.15,False
40717a,United Kingdom,192.81,False
a7946a,United States,242.25,False
40717f,United Kingdom,79.69,True
a73dfe,United States,207.55,False
7100c3,Saudi Arabia,259.42,False
ab1d2f,United States,247.19,False
7c6a53,Australia,96.43,False
a313bf,United States,194.11,False
ab97e6,United States,233.29,False
a7f765,United States,242.29,False
7100bf,Saudi Arabia,233.7,False
a313b1,United States,39.62,False
a23c3e,United States,52.08,False
407176,United Kingdom,223.97,False
ad27ab,United States,81.8,False
abe7c5,United States,243.14,False
a72aec,United States,48.89,False
a97dcb,United States,156.09,False
ac07dc,United States,260.31,False
a97dcf,United States,54.26,False
ad14a0,United States,255.66,False
a446b6,United States,72.02,False
a1d3b4,United States,110.53,False
a19806,United States,66.41,False
a816ca,United States,189.17,False
abd536,United States,212.86,False
a72c46,United States,133.42,False
ad6ecb,United States,200.52,False
c03c44,Canada,222.23,False
3c66c3,Germany,229.46,False
ac086b,United States,188.47,False
aaa224,United States,10.8,True
a1c0ec,United States,234.74,False
3aac39,France,12.65,False
ad6ec5,United States,241.2,False
a923a8,United States,189.75,False
a35c97,United States,245.63,False
a923a9,United States,224.09,False
a6d6d8,United States,259.23,False
a793b1,United States,124.5,False
0c2070,Panama,228.42,False
ad2862,United States,76.22,False
aa9a30,United States,147.35,False
aa64ca,United States,217.98,False
0c205c,Panama,235.26,False
0c2064,Panama,238.91,False
3ba9ff,France,0.0,True
a72c4c,United States,123.79,False
a4cc95,United States,189.56,False
a0c82f,United States,121.48,False
a4df52,United States,219.86,False
adbef0,United States,201.07,False
a4df56,United States,6.43,True
a4df59,United States,67.91,False
acf54f,United States,267.06,False
a73f35,United States,142.71,False
ab7270,United States,1.8,False
c03c02,Canada,14.92,True
a6d6a0,United States,41.54,False
ad1560,United States,261.08,False
ac3beb,United States,218.29,False
7c47a9,Australia,244.73,False
7c47a6,Australia,10.29,True
7c47a4,Australia,202.53,False
4d203d,Malta,247.14,False
4d2041,Malta,0.0,True
a9249c,United States,231.72,False
4b906d,Turkey,0.0,True
4b906c,Turkey,13.42,False
c006c3,Canada,184.97,False
c04f53,Canada,255.84,False
a9baf5,United States,46.77,False
a32800,United States,262.05,False
abd57e,United States,259.56,False
c019eb,Canada,225.0,False
ae2238,United States,46.84,False
c006b1,Canada,219.14,False
3c66c2,Germany,182.81,False
a553d7,United States,33.68,False
a949a1,United States,152.85,False
c03c04,Canada,150.35,False
c03c05,Canada,138.04,False
c04f42,Canada,61.74,False
adbeed,United States,10.29,True
77cf32,Syrian Arab Republic,228.18,False
a3ac77,United States,5.14,True
aaa299,United States,54.62,False
a85f29,United States,146.79,False
a8f0bd,United States,88.49,False
7c4874,Australia,55.65,False
a11bba,United States,2.12,False
a32867,United States,176.96,False
a0fbb7,United States,2.06,True
7c7ba3,Australia,31.78,False
a20883,United States,167.25,False
a36eae,United States,224.36,False
4082cc,United Kingdom,207.29,False
a24ef7,United States,209.23,False
a24ef0,United States,214.02,False
75823e,Philippines,193.56,False
ace0d2,United States,216.38,False
ab2ea3,United States,64.29,False
a12ee7,United States,56.14,True
a1985e,United States,38.48,False
a32844,United States,3.09,True
a923ee,United States,223.68,False
a923ef,United States,252.85,False
a0c853,United States,89.68,False
a18534,United States,84.91,False
ac0818,United States,194.46,False
ae20ca,United States,231.05,False
a36ea8,United States,2.31,True
a56862,United States,227.31,False
4082b2,United Kingdom,217.42,False
a56866,United States,219.8,False
7c3581,Australia,2.06,True
0c203a,Panama,227.34,False
a923cd,United States,227.11,False
a923cf,United States,257.98,False
800cdc,India,216.77,False
0d0fbe,Mexico,82.58,False
a6c3ca,United States,177.65,False
a803d4,United States,49.7,False
a0fbfa,United States,10.8,True
86e7de,Japan,241.83,False
aa63ed,United States,8.75,True
7c7bd1,Australia,247.15,False
a9bc12,United States,153.34,False
a1856f,United States,30.83,False
ae481f,United States,0.0,True
7c7bce,Australia,229.06,False
0c200a,Panama,173.31,False
ad1506,United States,48.49,False
a56817,United States,40.03,False
a32886,United States,166.49,False
a1c230,United States,183.85,False
abe82c,United States,195.45,False
7c7bcc,Australia,231.55,False
a1d546,United States,84.68,False
a8af5f,United States,257.27,False
ae4814,United States,30.19,False
a6b0bd,United States,192.74,False
a1857f,United States,27.63,False
abd50f,United States,13.89,True
a4350c,United States,68.38,False
a2f522,United States,57.62,False
0d0ff3,Mexico,224.71,False
ab8553,United States,0.0,True
a803f7,United States,54.43,False
aa63e3,United States,129.02,False
0d0ff8,Mexico,209.84,False
7c7c9b,Australia,125.43,False
aafc36,United States,188.53,False
c04dbe,Canada,168.89,False
a66239,United States,249.24,False
aa5237,United States,217.46,False
a2928e,United States,39.88,False
a96ba2,United States,204.34,False
abf9f8,United States,86.69,False
adbf26,United States,111.31,False
a5fef4,United States,2.06,True
a54261,United States,224.21,False
a6b200,United States,47.87,False
3481c9,Spain,3.6,True
a2e24d,United States,90.7,False
a72bda,United States,243.44,False
abd3c1,United States,88.9,False
a2f584,United States,198.84,False
ab83e8,United States,277.44,False
a6d88b,United States,211.53,False
7c7c98,Australia,222.03,False
ab2f9d,United States,0.0,True
a9250d,United States,173.37,False
a47bd2,United States,39.73,False
ad5c33,United States,265.35,False
7c7c83,Australia,44.92,False
ac90a7,United States,235.36,False
abd3c7,United States,186.78,False
ac4f92,United States,182.84,False
aab3f5,United States,25.41,False
ad6f93,United States,0.0,True
aaa0d1,United States,196.42,False
a81815,United States,0.51,True
a2e28f,United States,155.01,False
aa0ec7,United States,246.18,False
4b1917,Switzerland,261.17,False
e94c84,Bolivia,216.58,False
ad5c89,United States,203.81,False
a7e509,United States,150.84,False
a5b867,United States,44.8,False
aa7833,United States,212.38,False
75824c,Philippines,229.72,False
abc0e4,United States,133.01,False
a197c2,United States,36.56,False
aa0ea1,United States,292.36,False
a09a04,United States,62.66,False
c00734,Canada,225.37,False
