icao24,origin_country,velocity,on_ground
ab1644,United States,205.0,False
c047c4,Canada,71.57,False
a4d862,United States,44.7,False
7c2efc,Australia,0.0,True
80162f,India,223.78,False
aa096a,United States,54.82,False
a5f849,United States,0.0,True
acdfa6,United States,104.07,False
ac4963,United States,193.49,False
c81bcf,New Zealand,55.24,False
801657,India,2.06,True
a3b88e,United States,210.31,False
a3ebe2,United States,27.96,False
a36898,United States,199.94,False
a0e247,United States,83.88,False
a22235,United States,33.1,False
acdfd3,United States,111.32,False
aaf656,United States,228.29,False
ad5621,United States,66.65,False
a9a0f1,United States,51.57,False
ad5623,United States,183.78,False
ab0347,United States,49.52,False
7c2ebe,Australia,55.56,False
a89eb9,United States,52.56,False
acdfab,United States,205.52,False
a0e250,United States,0.0,True
a2cba6,United States,188.63,False
407a05,United Kingdom,205.37,False
ad694c,United States,150.97,False
801633,India,193.61,False
a4b238,United States,66.05,False
80166c,India,245.93,False
adeca5,United States,205.84,False
ac365e,United States,50.28,False
0aa002,Barbados,236.4,False
ad564b,United States,184.79,False
a47597,United States,243.26,False
ae1fdc,United States,29.68,False
a6f0fb,United States,69.96,False
4bc8c8,Turkey,197.55,False
aae33a,United States,144.45,False
4bc8c7,Turkey,224.94,False
80167d,India,237.52,False
e8024c,Chile,259.61,False
abf008,United States,269.54,False
e80261,Chile,232.6,False
4bc8d4,Turkey,264.39,False
e8025e,Chile,219.26,False
80164b,India,235.64,False
e8025f,Chile,218.38,False
ac234f,United States,7.46,True
ac101f,United States,254.95,False
a35592,United States,185.77,False
acdffc,United States,113.7,False
47b217,Norway,204.52,False
801665,India,272.99,False
a52ba0,United States,4.12,True
adecb6,United States,214.68,False
80165a,India,0.0,True
aae377,United States,154.35,False
e8026c,Chile,2.83,True
a3556f,United States,206.11,False
ac1042,United States,212.56,False
ad565a,United States,41.93,False
abf025,United States,5.66,True
7c1bdd,Australia,9.26,True
a4c527,United States,206.09,False
ac21e4,United States,0.0,True
abad94,United States,197.49,False
a4b294,United States,206.44,False
a9fbb7,United States,137.83,False
a9fbb6,United States,53.47,False
adda24,United States,2.31,True
a76bec,United States,31.39,False
a9523c,United States,206.02,False
0d11cc,Mexico,179.8,False
a6f23d,United States,256.67,False
e8021a,Chile,235.73,False
a8dbb8,United States,73.25,False
e8021e,Chile,222.49,False
80168a,India,222.94,False
4bc8cb,Turkey,122.0,False
e8021d,Chile,101.07,False
3455c1,Spain,254.21,False
aded77,United States,214.39,False
c81d02,New Zealand,46.92,False
ad41cd,United States,210.65,False
a127bb,United States,256.35,False
a34291,United States,198.37,False
a5d28e,United States,216.85,False
e80244,Chile,236.69,False
c0226c,Canada,168.49,False
a96560,United States,49.52,False
a8a87e,United States,239.64,False
e80242,Chile,251.19,False
e48bf8,Brazil,49.9,False
440219,Austria,224.39,False
a4b243,United States,64.13,False
c07bbe,Canada,231.33,False
7c2ebb,Australia,76.76,False
a6188e,United States,39.67,False
a8eed8,United States,258.04,False
a114f4,United States,116.27,False
a5958c,United States,194.07,False
a8584a,United States,196.75,False
4cc2a3,Iceland,230.42,False
ab1628,United States,93.11,False
a1ad1f,United States,26.84,False
ab6fbf,United States,271.76,False
a6f240,United States,104.55,False
c80a16,New Zealand,44.02,False
0d11b0,Mexico,162.57,False
a8a82f,United States,221.05,False
47880d,Norway,236.96,False
a6f226,United States,210.8,False
e80205,Chile,225.21,False
a2ba48,United States,199.93,False
8014a4,India,110.33,False
a2cd75,United States,206.07,False
aa07f9,United States,82.15,False
a101f9,United States,224.01,False
a5f7e5,United States,227.48,False
c03517,Canada,217.06,False
a40d62,United States,158.22,False
7c1c50,Australia,61.73,False
87455c,Japan,199.1,False
a977b1,United States,47.85,False
8014b4,India,104.58,False
e0b215,Argentina,253.16,False
8a0493,Indonesia,197.67,False
accd13,United States,74.21,False
a2ba29,United States,0.0,True
accd10,United States,209.78,False
a88d1a,United States,228.34,False
a3a4ed,United States,264.58,False
a2ba24,United States,175.34,False
8a047a,Indonesia,0.0,True
accd18,United States,95.83,False
a64d4d,United States,0.0,True
a091f3,United States,202.69,False
e07584,Argentina,170.24,False
e07583,Argentina,248.6,False
e07582,Argentina,267.94,False
ab5d58,United States,223.41,False
a3ed7c,United States,86.43,False
84d283,Japan,150.3,False
c04850,Canada,97.14,False
87457e,Japan,163.92,False
a4b1c7,United States,59.43,False
ad67ae,United States,214.1,False
accd09,United States,95.33,False
7cf9c4,Australia,210.41,False
84d28e,Japan,191.32,False
a234ef,United States,185.73,False
a5d1a2,United States,0.06,True
ac47de,United States,138.81,False
c81d95,New Zealand,25.31,False
a724af,United States,50.73,False
aaf4bd,United States,206.29,False
a857c2,United States,232.77,False
a6f28c,United States,71.61,False
a2ba7e,United States,0.06,True
e49eed,Brazil,235.98,False
aa3d09,United States,139.11,False
8014dc,India,12.35,True
8014db,India,0.0,True
85188c,Japan,177.85,False
a40d8d,United States,192.14,False
e48ba8,Brazil,234.04,False
8014af,India,266.76,False
8014bb,India,225.25,False
acba1b,United States,283.68,False
a2ba4f,United States,242.83,False
a3b7f4,United States,208.32,False
e0b284,Argentina,256.69,False
a4d7e4,United States,66.94,False
abad6c,United States,261.59,False
7c1c4b,Australia,59.16,False
aa0909,United States,76.76,False
471f67,Hungary,221.56,False
0d122b,Mexico,181.96,False
ac2262,United States,114.61,False
a99a3d,United States,213.6,False
a99a52,United States,209.08,False
a28fac,United States,36.06,False
a1bfb2,United States,191.64,False
ada549,United States,46.86,False
a1bfb7,United States,57.5,False
a03ce6,United States,220.97,False
ad4248,United States,43.15,False
ae620b,United States,0.0,True
ae620c,United States,0.0,True
a03cb6,United States,217.8,False
e48c4d,Brazil,252.24,False
c07c7b,Canada,222.51,False
c07c7a,Canada,5.4,True
a594fa,United States,240.51,False
5003d3,San Marino,200.36,False
a46304,United States,199.78,False
a3696e,United States,77.85,False
7809cf,China,225.38,False
a41fe4,United States,0.0,True
a40cb0,United States,48.12,False
a844c4,United States,36.88,False
7c2f26,Australia,78.98,False
a40ca4,United States,212.74,False
a9b4a4,United States,137.64,False
a51a76,United States,134.46,False
a2cca4,United States,49.11,False
801612,India,221.64,False
a7aa1f,United States,19.39,False
7c2f20,Australia,63.8,False
a1bfd7,United States,188.47,False
c81ce8,New Zealand,53.23,False
c81ce5,New Zealand,57.19,False
0d1233,Mexico,112.89,False
a4d97e,United States,63.76,False
aa8114,United States,232.91,False
e48c03,Brazil,115.51,False
a46345,United States,197.21,False
aa8110,United States,37.23,False
ac2412,United States,205.91,False
80175f,India,202.25,False
ac3751,United States,245.23,False
c07e32,Canada,217.7,False
a5d319,United States,7.46,True
a40cd9,United States,263.07,False
a1f00e,United States,90.43,False
a22358,United States,1.8,True
a7131c,United States,53.67,False
abadd6,United States,208.14,False
801744,India,2.83,True
a5701c,United States,209.42,False
801742,India,232.58,False
ad574f,United States,191.39,False
a71337,United States,206.26,False
c07e62,Canada,210.66,False
a59689,United States,48.64,False
ac2439,United States,131.18,False
a41fed,United States,232.48,False
c035bb,Canada,222.14,False
80173c,India,208.02,False
a9ea96,United States,231.82,False
a85964,United States,0.77,True
ad9dac,United States,105.05,False
c035d4,Canada,229.96,False
a46310,United States,4.12,True
a76cc0,United States,69.36,False
c07e51,Canada,274.93,False
a65fb5,United States,173.43,False
a53fbf,United States,86.55,False
aae465,United States,235.41,False
a3ffd3,United States,37.23,False
ab4ae9,United States,268.09,False
a128aa,United States,104.81,False
7cb035,Australia,45.48,False
3c4b30,Germany,301.18,False
ad442d,United States,71.75,False
407b8b,United Kingdom,224.82,False
3c4b28,Germany,266.62,False
a4d946,United States,181.81,False
ab4af1,United States,218.05,False
e48c2f,Brazil,145.84,False
ac245c,United States,218.16,False
3c4b2e,Germany,265.02,False
ab0485,United States,194.01,False
0d10f8,Mexico,200.5,False
ad8aa9,United States,233.45,False
a60621,United States,80.79,False
a1f070,United States,4.89,True
a89fa3,United States,217.67,False
ad5795,United States,105.65,False
ad444d,United States,1.03,True
a60631,United States,47.73,False
a9fd75,United States,64.39,False
a85931,United States,189.42,False
a60633,United States,57.75,False
a0808f,United States,216.08,False
0d10fe,Mexico,193.31,False
a52cc8,United States,267.19,False
801788,India,171.31,False
a6afab,United States,84.3,False
abf11f,United States,223.05,False
ac379a,United States,214.53,False
80044b,India,210.98,False
ad5785,United States,182.78,False
80177e,India,141.77,False
e48c30,Brazil,6.69,True
801793,India,99.82,False
a3a65f,United States,208.39,False
801792,India,198.25,False
ada5ee,United States,16.98,True
a02b2d,United States,0.0,True
a4a082,United States,68.11,False
a6f380,United States,50.66,False
c0104f,Canada,263.14,False
a45091,United States,211.49,False
a02b41,United States,50.34,False
a4507a,United States,45.28,False
a4507f,United States,57.85,False
a84699,United States,265.66,False
a2ce05,United States,261.77,False
a235b7,United States,183.71,False
a02b50,United States,54.66,False
a14b1a,United States,0.06,True
80047c,India,156.57,False
ad42fa,United States,56.65,False
a4639d,United States,38.52,False
4aca04,Sweden,77.11,False
e4a75f,Brazil,151.33,False
a82055,United States,98.91,False
e48ad4,Brazil,151.24,False
a1ae05,United States,277.99,False
a8efe7,United States,62.2,False
4bb4f0,Turkey,238.27,False
a7000a,United States,137.09,False
a84663,United States,264.38,False
4aca67,Sweden,244.3,False
a7133f,United States,232.65,False
7c1cb4,Australia,66.2,False
7c2fe7,Australia,172.34,False
a26b51,United States,122.98,False
ac370b,United States,165.88,False
aa8148,United States,97.94,False
a9b62a,United States,213.53,False
4bb4ee,Turkey,237.33,False
a8a980,United States,56.61,False
76b865,Singapore,218.75,False
a89fda,United States,0.0,True
a6068f,United States,78.15,False
a70019,United States,132.98,False
ab5db8,United States,0.0,True
a0f5ca,United States,30.54,False
a102b6,United States,53.01,False
a90fcb,United States,200.76,False
ab5dab,United States,199.47,False
471fac,Hungary,216.62,False
76b86a,Singapore,156.79,False
76b86b,Singapore,172.88,False
a88ce3,United States,87.46,False
aa9459,United States,55.57,False
ab0425,United States,68.14,False
a368d3,United States,0.06,True
a2ce29,United States,198.01,False
a88ccf,United States,65.75,False
c81c31,New Zealand,59.87,False
c02358,Canada,121.85,False
c81c33,New Zealand,36.54,False
847114,Japan,247.71,False
a4fb37,United States,43.55,False
a3a5eb,United States,0.06,True
a2ce7d,United States,185.24,False
c81c47,New Zealand,49.22,False
a2ce7f,United States,57.03,False
a5e5ae,United States,31.7,False
a51b58,United States,212.38,False
a63b2a,United States,45.0,False
a582bb,United States,257.72,False
abae2c,United States,198.33,False
a475de,United States,157.8,False
8a0377,Indonesia,81.64,False
84c068,Japan,170.39,False
47b1e8,Norway,61.22,False
8a0375,Indonesia,205.99,False
a38b61,United States,152.2,False
aa2b21,United States,60.56,False
a39e7d,United States,174.94,False
a2ce83,United States,157.05,False
ac6b12,United States,62.57,False
ac22a2,United States,127.49,False
a462a6,United States,53.82,False
a9a399,United States,257.93,False
a88e2e,United States,261.73,False
a26b4a,United States,170.33,False
873378,Japan,195.93,False
8015ad,India,210.62,False
aaf5df,United States,232.58,False
a9538b,United States,271.27,False
ab02e3,United States,35.7,False
7c71f7,Australia,0.0,True
e0b142,Argentina,146.06,False
a5c08b,United States,0.73,False
abae62,United States,280.34,False
a11721,United States,252.39,False
c04920,Canada,77.88,False
a738a3,United States,78.12,False
aae2d9,United States,231.65,False
ad8b20,United States,212.49,False
e49dde,Brazil,143.7,False
a0f70c,United States,117.84,False
a3db20,United States,263.93,False
acce3f,United States,216.7,False
a3a5d9,United States,180.21,False
a2bb90,United States,33.38,False
ab5e9b,United States,248.2,False
ac6b53,United States,52.16,False
3c4ad9,Germany,282.58,False
8015e4,India,223.42,False
3c4ad8,Germany,6.22,False
8015e7,India,225.55,True
a2bb89,United States,155.58,False
a3a5cf,United States,6.94,True
a52e50,United States,284.0,False
a52e4e,United States,94.33,False
a2bb83,United States,0.0,False
a63b04,United States,147.78,False
8015f7,India,275.42,False
abae8f,United States,249.22,False
ac22ea,United States,231.92,False
a618f5,United States,5.92,True
885315,Thailand,256.98,False
ad4363,United States,86.63,False
4401e2,Austria,231.69,False
a0f73c,United States,76.14,False
a3571c,United States,224.99,False
a08114,United States,122.59,False
a8de7d,United States,69.45,False
ab038b,United States,201.17,False
a1adab,United States,208.85,False
c06a76,Canada,242.52,False
a34400,United States,91.73,False
0d111a,Mexico,209.47,False
ada669,United States,216.55,False
a88e8a,United States,193.89,False
aa92fb,United States,238.88,False
0d112a,Mexico,1.29,True
0d112f,Mexico,2.57,True
ada699,United States,199.46,False
702067,Bangladesh,217.17,False
a02aa8,United States,95.31,False
0d113b,Mexico,267.34,False
ad4390,United States,245.91,False
4bc849,Turkey,141.72,False
ada683,United States,178.17,False
4bc841,Turkey,241.9,False
a35701,United States,189.74,False
a9c8ff,United States,178.15,False
841b6a,Japan,180.84,False
c06a82,Canada,204.15,False
a965d1,United States,52.78,False
a1f116,United States,249.8,False
87339a,Japan,311.14,False
a5d2d4,United States,189.48,False
a8de56,United States,236.23,False
c06a38,Canada,246.51,False
a99b1b,United States,87.28,False
4401a3,Austria,300.3,False
a40dbb,United States,5.66,True
8518d0,Japan,177.89,False
a39dca,United States,277.13,False
a88e51,United States,225.06,False
a39dd0,United States,204.07,False
a952ae,United States,283.92,False
a14ac7,United States,70.77,False
ac7e15,United States,130.9,False
a5d2f9,United States,4.12,True
c81bb3,New Zealand,138.07,False
a9c8b7,United States,91.12,False
0d1103,Mexico,192.45,False
a34425,United States,63.57,False
ac48ac,United States,0.06,True
a4fb92,United States,79.25,False
aa92c2,United States,97.44,False
a99b16,United States,1.8,True
ac48d3,United States,247.58,False
abf09e,United States,217.43,False
4bb563,Turkey,191.1,False
4bc895,Turkey,229.22,False
5002bd,San Marino,245.6,False
a34417,United States,47.66,False
a14ad1,United States,2.57,True
a14ad4,United States,160.37,False
0d1119,Mexico,182.35,False
a98909,United States,168.98,False
a4996b,United States,67.66,False
a6bfa6,United States,204.18,False
a3c975,United States,120.19,False
a0f355,United States,176.7,False
a9fa5c,United States,226.04,False
c058ae,Canada,267.28,False
a4995f,United States,90.59,False
a35336,United States,241.21,False
a8690a,United States,168.08,False
a4e95e,United States,45.46,False
a47303,United States,0.0,True
a1cffd,United States,4.12,True
4068f6,United Kingdom,218.32,False
440090,Austria,3.09,True
a3fcd6,United States,188.58,False
738060,Israel,219.2,False
801862,India,202.06,False
738063,Israel,260.7,False
738068,Israel,262.22,False
a2dca3,United States,39.65,False
c058cd,Canada,220.2,False
ab2760,United States,259.31,False
ac340a,United States,197.83,False
a3661f,United States,282.13,False
a5f629,United States,38.16,False
738072,Israel,253.6,False
c058c3,Canada,260.67,False
738075,Israel,268.76,False
a9c4fc,United States,166.23,False
738073,Israel,230.45,False
a36636,United States,259.99,False
c058bb,Canada,262.04,False
702087,Bangladesh,292.56,False
8733bc,Japan,269.57,False
a1139f,United States,79.18,False
a62908,United States,42.18,False
3c4a0d,Germany,263.11,False
a3c940,United States,203.22,False
738050,Israel,252.72,False
3c4a21,Germany,263.68,False
738053,Israel,262.28,False
738052,Israel,237.4,False
738051,Israel,9.26,True
e4a5a5,Brazil,0.0,True
738057,Israel,249.44,False
ac7aa9,United States,0.39,True
738055,Israel,246.9,False
a11380,United States,265.15,False
ac210e,United States,281.79,False
e48b00,Brazil,68.4,False
70209a,Bangladesh,72.16,False
a3401a,United States,189.55,False
440081,Austria,247.3,False
a74923,United States,211.02,False
aae132,United States,208.73,False
ab0147,United States,232.57,False
a2dce1,United States,209.58,False
c02070,Canada,0.0,True
e80046,Chile,70.94,False
ab013a,United States,99.97,False
e80048,Chile,0.9,True
e80047,Chile,261.96,False
800584,India,240.02,False
70209b,Bangladesh,261.12,False
e80049,Chile,282.17,False
c04688,Canada,244.52,False
a7ccce,United States,2.57,True
c04681,Canada,92.6,False
a7dffd,United States,46.85,False
a7101e,United States,231.34,False
adc8ee,United States,164.01,False
ad52c2,United States,225.8,False
8a064d,Indonesia,70.41,False
a59398,United States,191.35,False
accb22,United States,54.03,False
874846,Japan,184.72,False
a8431a,United States,0.45,True
ac32cf,United States,217.71,False
a3539d,United States,176.1,False
a97675,United States,193.1,False
a018ee,United States,140.35,False
e0b058,Argentina,223.05,False
a8697f,United States,12.86,True
a9b310,United States,61.56,False
8a063b,Indonesia,129.7,False
8a063c,Indonesia,233.59,False
a8b964,United States,10.8,True
a4b065,United States,270.92,False
ac32f2,United States,89.15,False
ab5b8c,United States,189.39,False
a04e24,United States,230.9,False
a84356,United States,86.97,False
c04693,Canada,102.6,False
8a0639,Indonesia,127.42,False
aa3ae2,United States,198.8,False
c0468e,Canada,197.87,False
a47364,United States,203.27,False
e4a62d,Brazil,178.37,False
a8699a,United States,147.06,False
accb50,United States,69.99,False
a138b8,United States,189.76,False
a4d65c,United States,186.53,False
ac7b8a,United States,258.95,False
accb65,United States,199.09,False
a5e31c,United States,255.28,False
a258ed,United States,68.78,False
a78fcf,United States,184.29,False
a3fcfb,United States,203.05,False
a005fc,United States,57.98,False
8840f8,Thailand,28.29,True
3c4a8b,Germany,233.95,False
a73647,United States,83.49,False
ae1e95,United States,142.04,False
8960fb,United Arab Emirates,242.73,False
a6032d,United States,234.64,False
a03b25,United States,162.73,False
8a0603,Indonesia,236.03,False
a03b1d,United States,290.58,False
abab9d,United States,62.25,False
a04e60,United States,186.23,False
841bd1,Japan,92.7,False
a03b34,United States,66.97,False
ad9b94,United States,211.13,False
a9fa9e,United States,217.39,False
a258cd,United States,216.54,False
a5d00a,United States,70.69,False
a15b21,United States,37.6,False
ab2729,United States,248.92,False
a74992,United States,209.99,False
a1be10,United States,110.98,False
a03b40,United States,221.54,False
a73665,United States,171.12,False
aa3b05,United States,217.93,False
781b3e,China,176.2,False
aae09f,United States,7.46,True
a9b381,United States,243.56,False
c81b24,New Zealand,152.6,False
a9b389,United States,177.69,False
70472a,Myanmar,139.63,False
a748bc,United States,0.0,True
ac209a,United States,40.85,False
a628e2,United States,50.73,False
a41e2c,United States,253.97,False
a39b20,United States,120.83,False
a28e5b,United States,215.93,False
34558e,Spain,251.83,False
aa908e,United States,207.35,False
a39b19,United States,196.36,False
a4e8ef,United States,258.8,False
a125f9,United States,203.72,False
a498d7,United States,56.98,False
a748dd,United States,36.93,False
8016d2,India,116.86,False
a1be3a,United States,6.69,True
8016d4,India,0.77,True
a365b7,United States,264.58,False
a03b6d,United States,0.06,True
abbe26,United States,55.48,False
a2de1f,United States,231.62,False
a615d0,United States,278.84,False
a41e29,United States,185.78,False
ac8e1d,United States,186.77,False
4891a6,Poland,240.1,False
a15b4c,United States,172.58,False
aa9088,United States,158.03,False
a9c66a,United States,191.44,False
8003f3,India,181.69,False
ac7b19,United States,115.35,False
471d65,Hungary,221.42,False
ab12b0,United States,218.33,False
a1ab98,United States,37.64,False
c1ea42,Canada,6.17,True
a41e90,United States,215.1,False
ac7b1b,United States,257.03,False
471d5b,Hungary,238.41,False
ab6e6d,United States,49.05,False
a472c7,United States,0.0,True
a3c8cb,United States,154.15,False
a40b3d,United States,82.43,False
a41e74,United States,205.41,False
e49ca9,Brazil,70.94,False
a352c9,United States,274.97,False
c07a7c,Canada,183.86,False
a52b00,United States,56.87,False
ac45ea,United States,50.85,False
7c0b77,Australia,36.06,False
c1ea38,Canada,7.46,True
aca97c,United States,26.44,False
a12731,United States,208.13,False
a12732,United States,260.66,False
a12734,United States,139.53,False
abbce5,United States,215.11,False
a9c5c5,United States,239.42,False
ac8cf1,United States,0.0,True
7cb05c,Australia,168.89,False
7cb05d,Australia,1.8,True
a88b46,United States,44.74,False
c044f3,Canada,48.49,False
aa3b85,United States,280.42,False
8a05e7,Indonesia,189.43,False
aa3b84,United States,110.95,False
adb62e,United States,64.41,False
7cb067,Australia,0.0,True
7cb065,Australia,97.55,False
a842ac,United States,65.5,False
ad5329,United States,130.9,False
a2cb9e,United States,176.68,False
a24720,United States,137.0,False
7cb063,Australia,174.76,False
801810,India,223.54,False
801811,India,93.42,False
a1272d,United States,284.25,False
acdcc3,United States,122.44,False
8626cc,Japan,108.04,False
89617f,United Arab Emirates,244.54,False
a988f0,United States,219.52,False
aca99c,United States,215.39,False
89617c,United Arab Emirates,148.61,False
7cb059,Australia,65.58,False
a12711,United States,228.87,False
a842e2,United States,0.0,True
896197,United Arab Emirates,205.26,False
738102,Israel,237.73,False
ac2038,United States,221.97,False
738100,Israel,259.61,False
ac335b,United States,69.25,False
896191,United Arab Emirates,128.6,False
adb653,United States,197.9,False
c031ba,Canada,202.19,False
3c15be,Germany,270.92,False
a8a5bf,United States,52.51,False
8a05ae,Indonesia,0.45,True
ad533d,United States,204.5,False
a1270a,United States,208.72,False
a1270b,United States,194.32,False
aa4e80,United States,199.26,False
a89e2f,United States,50.54,False
ac337e,United States,0.77,True
a8b8ba,United States,190.65,False
a89e2b,United States,62.38,False
aa05f6,United States,189.1,False
a24757,United States,195.01,False
a735d7,United States,9.77,True
c07a08,Canada,34.5,False
a04dfa,United States,208.97,False
adb680,United States,202.41,False
a4870d,United States,153.03,False
a5f5bf,United States,251.14,False
a1010c,United States,223.25,False
a5e2b2,United States,55.85,False
a1277a,United States,196.28,False
ad4049,United States,124.8,False
a748ec,United States,140.11,False
896180,United Arab Emirates,92.82,False
ad5398,United States,257.08,False
a12750,United States,241.22,False
c044bb,Canada,6.69,True
a12753,United States,207.04,False
c07a0f,Canada,0.0,True
a12755,United States,4.37,True
40690d,United Kingdom,223.35,False
ac2082,United States,129.54,False
a602cd,United States,166.2,False
801822,India,103.72,False
c031a0,Canada,141.21,False
a2471c,United States,160.63,False
a722b1,United States,246.71,False
a4c2f8,United States,269.01,False
a65e8c,United States,30.42,False
801828,India,226.37,False
c07a14,Canada,255.38,False
801831,India,190.49,False
a2dddd,United States,86.82,False
ab2854,United States,228.09,False
ab2855,United States,140.48,False
a15aef,United States,271.07,False
ab284d,United States,140.39,False
a60409,United States,180.09,False
452198,Bulgaria,222.25,False
04200a,Equatorial Guinea,192.16,False
a3a43a,United States,40.67,False
a0916a,United States,56.23,False
ab5bb1,United States,294.36,False
a39ab4,United States,194.6,False
a77dae,United States,244.07,False
a12797,United States,202.4,False
a12798,United States,204.08,False
a12799,United States,205.7,False
a3a44a,United States,212.03,False
a2ddac,United States,83.65,False
7c7555,Australia,0.06,True
a52abf,United States,36.62,False
aaf53a,United States,136.49,False
a0f44c,United States,86.73,False
ab5bd4,United States,259.81,False
7cc529,Australia,49.09,False
ab6efc,United States,244.57,False
a9b2e0,United States,220.21,False
aae233,United States,291.71,False
a7bb77,United States,162.31,False
e071cb,Argentina,182.67,False
500168,San Marino,254.36,False
ac3558,United States,250.89,False
ac4888,United States,146.42,False
a9fb4e,United States,0.0,True
a09188,United States,198.33,False
ad9bc8,United States,236.13,False
acdef1,United States,46.13,False
a39ada,United States,228.83,False
440198,Austria,17.49,True
300a9d,Italy,263.52,False
500194,San Marino,226.49,False
a8db54,United States,34.98,False
ada51e,United States,277.84,False
a9b2c1,United States,69.49,False
a34130,United States,244.26,False
a35463,United States,103.04,False
7c7591,Australia,68.1,False
e49d20,Brazil,84.45,False
ac7bf8,United States,237.57,False
440189,Austria,91.94,False
e49d24,Brazil,84.05,False
a53dac,United States,4.89,True
8a03ab,Indonesia,238.93,False
a40aaf,United States,33.96,False
a27aee,United States,216.08,False
a36799,United States,223.27,False
ac20c4,United States,0.0,True
ab00ce,United States,87.97,False
ad53ce,United States,9.26,True
a4b166,United States,141.91,False
452119,Bulgaria,241.47,False
a28f12,United States,172.09,False
a8a785,United States,198.92,False
a34199,United States,212.25,False
a5e47f,United States,72.24,False
a126c3,United States,204.58,False
a126c4,United States,226.34,False
a97797,United States,8.75,True
ae0c47,United States,75.11,False
a3c9b4,United States,197.45,False
8018b9,India,179.43,False
a4615d,United States,49.45,False
c03493,Canada,80.08,False
e4a526,Brazil,187.07,False
acdf9a,United States,232.75,False
a9c737,United States,215.12,False
a96434,United States,267.47,False
471da8,Hungary,243.78,False
a6049b,United States,147.71,False
452138,Bulgaria,72.54,False
ad53fd,United States,79.84,False
c03487,Canada,231.69,False
a04f49,United States,244.85,False
a15c01,United States,217.14,False
ad53ea,United States,84.82,False
a2cc16,United States,36.49,False
a126ed,United States,248.57,False
c07aa4,Canada,126.27,False
a6add1,United States,33.5,False
8a0509,Indonesia,150.57,False
aa3bf0,United States,156.81,False
a4b125,United States,270.47,False
a41f37,United States,223.17,False
ab2823,United States,91.58,False
a1ac0f,United States,62.46,False
7020ac,Bangladesh,255.62,False
a61797,United States,6.17,True
ac4801,United States,215.71,False
7020b4,Bangladesh,237.21,False
a52aed,United States,227.01,False
aa9224,United States,0.0,True
7020be,Bangladesh,268.12,False
a379d3,United States,80.77,False
ab282b,United States,0.77,True
a379cd,United States,104.92,False
ac4818,United States,59.04,False
a6045d,United States,196.84,False
ab6eb9,United States,167.22,False
e49bfc,Brazil,73.92,False
e49bfd,Brazil,80.92,False
ac481d,United States,279.37,False
a4c492,United States,10.29,True
e4a54d,Brazil,208.15,False
846020,Japan,179.81,False
e4a54b,Brazil,260.83,False
aa4ee9,United States,196.22,False
a126e6,United States,224.42,False
a499a0,United States,204.7,False
a7cf10,United States,181.92,False
a89f0f,United States,51.24,False
a64c16,United States,43.57,False
a233e7,United States,257.21,False
a53f5b,United States,232.01,False
a52c2d,United States,117.81,False
85e27c,Japan,116.54,False
4bb1e7,Turkey,261.25,False
a4c3b6,United States,108.28,False
a353c8,United States,91.35,False
a486cc,United States,139.02,False
a8318f,United States,90.71,False
a353d2,United States,180.39,False
ab5c26,United States,140.42,False
4bb1e8,Turkey,258.95,False
a89f2d,United States,51.54,False
8017e5,India,194.67,False
ac46c3,United States,222.26,False
aa06b7,United States,281.05,False
a603b0,United States,279.87,False
a53f90,United States,37.48,False
adc9b6,United States,277.37,False
ad79e8,United States,149.65,False
7c0c49,Australia,1.8,True
4892c1,Poland,213.76,False
4bb1c4,Turkey,240.35,False
a736c1,United States,237.84,False
4bb1c3,Turkey,252.12,False
ac33a3,United States,192.59,False
8017f7,India,263.01,False
a28f6f,United States,49.34,False
a7cf0a,United States,2.06,True
a28f80,United States,250.08,False
4892c9,Poland,241.61,False
c04738,Canada,199.49,False
adc9a7,United States,260.29,False
ac46e5,United States,195.26,False
a340f4,United States,75.97,False
896212,United Arab Emirates,261.17,False
896210,United Arab Emirates,296.36,False
abac2a,United States,22.64,False
aa19b9,United States,72.92,False
a95171,United States,227.29,False
ab5c69,United States,104.63,False
ac20a1,United States,156.52,False
7380c1,Israel,262.13,False
7380c5,Israel,261.99,False
7380c4,Israel,252.08,False
abac50,United States,217.31,False
7380c9,Israel,253.35,False
7380c8,Israel,276.13,False
7380c7,Israel,268.48,False
a9b43f,United States,85.4,False
e08594,Argentina,190.83,False
abac48,United States,267.61,False
a9c773,United States,46.75,False
a3ec31,United States,58.79,False
a96481,United States,75.06,False
7380ca,Israel,251.15,False
ab00d6,United States,236.85,False
a593a0,United States,254.31,False
aa915f,United States,175.74,False
c81a91,New Zealand,86.92,False
ac212d,United States,80.49,False
abbdfa,United States,220.05,False
a04ee7,United States,34.09,False
accac7,United States,145.25,False
ad5460,United States,195.57,False
a16ec2,United States,214.11,False
a04edb,United States,190.8,False
a7bc58,United States,205.92,False
aaf485,United States,189.78,False
ab148b,United States,212.74,False
a03bc7,United States,258.87,False
a16ebc,United States,213.68,False
ac3477,United States,157.39,False
a64c9c,United States,80.38,False
adfdc1,United States,144.75,False
adb782,United States,270.14,False
a8a6cf,United States,70.96,False
ac2154,United States,226.87,False
344305,Spain,280.38,False
8a04a9,Indonesia,231.86,False
abaadd,United States,197.5,False
ad5480,United States,186.23,False
8a04a4,Indonesia,75.66,False
a3a503,United States,168.73,False
a3a509,United States,242.03,False
a976ea,United States,95.85,False
840a7c,Japan,311.66,False
a0e220,United States,109.12,False
a976c7,United States,196.15,False
aa90a0,United States,265.66,False
a8a6c0,United States,248.14,False
c045d4,Canada,226.04,False
a34209,United States,227.26,False
a34201,United States,142.31,False
a65f86,United States,57.65,False
a10231,United States,170.44,False
a0f566,United States,215.15,False
a7cf40,United States,186.06,False
c07b09,Canada,249.54,False
a8a6d0,United States,224.91,False
a1bee0,United States,213.23,False
a2486f,United States,157.07,False
781c3e,China,222.3,False
aa3c44,United States,40.03,False
a89f80,United States,256.71,False
a5e3e4,United States,6.94,True
e49c5a,Brazil,147.15,False
c045f1,Canada,191.9,False
aa06df,United States,36.12,False
ac218f,United States,59.37,False
ac59c3,United States,127.45,False
a09239,United States,187.54,False
a28ec2,United States,90.79,False
aa19fb,United States,86.55,False
a1286c,United States,225.29,False
a723cc,United States,66.34,False
0d0022,Mexico,207.28,False
ac59aa,United States,191.17,False
ab39e3,United States,198.76,False
a736ff,United States,245.48,False
a4b0e2,United States,41.06,False
a76ffa,United States,136.98,False
e47e71,Brazil,0.0,True
ac5ab7,United States,4.63,True
a3338c,United States,182.32,False
abe101,United States,206.06,False
a5d668,United States,207.8,False
a5e999,United States,70.71,False
ac1446,United States,78.15,False
a8496e,United States,0.0,True
c012ae,Canada,167.49,False
a2007c,United States,251.0,False
aa7130,United States,171.47,False
3451cd,Spain,215.9,False
4bb263,Turkey,235.1,False
4bb261,Turkey,236.6,False
ac011d,United States,198.58,False
ad2103,United States,9.77,True
a32056,United States,9.26,True
adddd5,United States,221.33,False
acaaad,United States,139.56,False
4079cd,United Kingdom,15.43,True
02010d,Morocco,254.04,False
aa8454,United States,57.37,False
a69361,United States,46.95,False
020118,Morocco,214.53,False
ac1466,United States,260.07,False
a70361,United States,151.42,False
a4400d,United States,65.27,False
a6d00b,United States,233.01,False
ad7ab8,United States,209.87,False
a0c075,United States,0.0,True
a81001,United States,287.83,False
aa1aab,United States,204.55,False
a81005,United States,242.84,False
a4a388,United States,35.0,False
ac0143,United States,208.82,False
a81006,United States,211.98,False
a5d68a,United States,186.72,False
a5738b,United States,209.17,False
ac5ada,United States,218.05,False
c012bd,Canada,214.0,False
a6f616,United States,47.02,False
aa974f,United States,147.53,False
a118e0,United States,82.82,False
a2be06,United States,219.19,False
a4fcc0,United States,100.65,False
ad212a,United States,233.32,False
a4b64b,United States,81.21,False
c038c8,Canada,249.61,False
acaad4,United States,140.7,False
ac015f,United States,0.0,True
a1909d,United States,92.66,False
a4c98f,United States,1.03,True
4bb275,Turkey,214.11,False
4bb273,Turkey,1.03,True
a238a6,United States,197.08,False
a5d648,United States,192.3,False
4bb272,Turkey,216.87,False
aa8404,United States,165.3,False
4bb270,Turkey,221.26,False
a70328,United States,126.17,False
a71654,United States,193.53,False
ad2170,United States,221.72,False
a5c31b,United States,69.85,False
ab19af,United States,38.67,False
4bb279,Turkey,211.13,False
4066d0,United Kingdom,209.6,False
4bb286,Turkey,228.44,False
a9ed9d,United States,57.89,False
a76fe9,United States,150.09,False
a96923,United States,59.63,False
896409,United Arab Emirates,263.97,False
896408,United Arab Emirates,274.19,False
896407,United Arab Emirates,221.14,False
a37b0c,United States,229.58,False
a3a8df,United States,219.44,False
e065d3,Argentina,179.65,False
adde95,United States,202.51,False
a3a8ef,United States,213.82,False
a728c1,United States,265.57,False
a26e3a,United States,49.17,False
a095f0,United States,69.13,False
7cfa94,Australia,200.57,False
a01b56,United States,245.92,False
a0e5cc,United States,74.1,False
a0e5d7,United States,4.89,True
aa7198,United States,121.77,False
a082d2,United States,39.31,False
a358bd,United States,0.06,True
a465df,United States,186.44,False
02012d,Morocco,266.88,False
ac6db1,United States,131.26,False
a2be6d,United States,0.0,True
506ca0,Slovenia,245.86,False
a87cf4,United States,0.0,True
7c0cd4,Australia,53.35,False
ac6dc0,United States,165.16,False
a6e361,United States,215.02,False
a8233a,United States,245.85,False
020124,Morocco,217.53,False
4bb1a4,Turkey,250.96,False
aae757,United States,155.53,False
a38e69,United States,200.71,False
ad3408,United States,46.13,False
a3a8c0,United States,258.56,False
a95665,United States,62.76,False
a25b66,United States,0.06,True
a37b1c,United States,8.75,True
ac142e,United States,265.51,False
8a0838,Indonesia,232.2,False
a70397,United States,34.5,False
ad4747,United States,231.05,False
a8102a,United States,236.51,False
020145,Morocco,210.42,False
a8dffc,United States,195.52,False
a5609b,United States,50.88,False
8005f0,India,259.04,False
a968f8,United States,84.37,False
a9ee0a,United States,165.02,False
acbe3c,United States,115.51,False
acab0e,United States,241.44,False
344043,Spain,0.0,False
acbe34,United States,220.09,False
e80618,Chile,122.18,False
ad7b17,United States,229.4,False
a835c5,United States,240.66,False
a848f5,United States,81.98,False
a6f5d7,United States,63.66,False
85d098,Japan,190.71,False
8005d5,India,252.55,False
a87e6a,United States,92.42,False
780a6e,China,196.63,False
89633a,United Arab Emirates,218.23,False
a4a2ec,United States,30.98,False
7cfa14,Australia,68.51,False
a2ab73,United States,103.63,False
c06ce7,Canada,42.23,False
c06ce8,Canada,99.43,False
a37b5a,United States,281.5,False
ada8df,United States,168.51,False
780a93,China,246.04,False
e8062b,Chile,236.35,False
a4eb8d,United States,108.7,False
acbe4f,United States,278.6,False
7cfa06,Australia,133.56,False
7cfa07,Australia,128.95,False
c06cdd,Canada,44.09,False
a835e2,United States,155.91,False
780a97,China,278.62,False
780a98,China,5.66,True
c06cda,Canada,149.32,False
a5c2dd,United States,135.76,False
ac5b66,United States,0.0,True
4bb0f6,Turkey,255.98,False
4bb0f4,Turkey,227.75,False
89631a,United Arab Emirates,301.63,False
4bb0f3,Turkey,227.5,False
4bb0f0,Turkey,253.39,False
a34729,United States,240.33,False
c07fbb,Canada,1.03,True
aa2e3a,United States,47.03,False
4bb0ed,Turkey,4.63,True
4bb0eb,Turkey,0.0,True
a7f096,United States,7.72,True
a0e751,United States,233.78,False
c07fb1,Canada,4.63,True
a08446,United States,144.02,False
acab3f,United States,270.56,False
704946,Myanmar,240.19,False
4bb0fa,Turkey,257.98,False
c07fb9,Canada,182.12,False
896304,United Arab Emirates,243.85,False
896306,United Arab Emirates,239.63,False
a74b1b,United States,72.54,False
346648,Spain,211.57,False
a51e7d,United States,4.89,True
4bb0e7,Turkey,246.51,False
4bb0e5,Turkey,244.85,False
4bb0e3,Turkey,255.72,False
4bb0e4,Turkey,234.85,False
4bb0e1,Turkey,207.8,False
a715c6,United States,212.05,False
896313,United Arab Emirates,273.31,False
a2270f,United States,24.28,False
89630e,United Arab Emirates,77.82,False
89630d,United Arab Emirates,262.25,False
884346,Thailand,94.86,False
a37aa3,United States,1.8,True
a22771,United States,265.25,False
a38dd8,United States,173.8,False
a34764,United States,194.82,False
abe075,United States,0.0,True
a34759,United States,84.04,False
a33425,United States,50.6,False
a3472f,United States,128.04,False
a98b76,United States,197.79,False
a1f415,United States,68.42,False
a5d71c,United States,67.41,False
c80de6,New Zealand,37.96,False
a63db5,United States,282.55,False
a75da2,United States,196.96,False
346605,Spain,183.13,False
a38db4,United States,191.62,False
ad2095,United States,208.21,False
a1f403,United States,287.13,False
aaf8c6,United States,117.29,False
a98b7b,United States,35.56,False
a9db62,United States,59.46,False
a69416,United States,69.52,False
a63dc7,United States,215.05,False
a21432,United States,0.0,True
aae5a9,United States,3.6,True
a37ae4,United States,102.3,False
780a0a,China,249.06,False
80073a,India,265.11,False
4bb208,Turkey,231.36,False
4bb205,Turkey,238.62,False
abe09a,United States,232.17,False
a1f46b,United States,4.12,True
a20150,United States,44.77,False
4bb212,Turkey,235.36,False
a955fd,United States,64.49,False
a99e91,United States,170.19,False
e48fc1,Brazil,164.44,False
780a1e,China,255.3,False
780a1d,China,250.89,False
a1e138,United States,41.21,False
a6f5fc,United States,269.34,False
780a38,China,0.45,True
a822d1,United States,205.11,False
a2147c,United States,188.21,False
a33465,United States,50.28,False
ab3b1d,United States,52.81,False
a9ee46,United States,53.11,False
a8ce4f,United States,0.0,True
ac25c4,United States,271.58,False
ad45a4,United States,172.65,False
a38dec,United States,132.88,False
a1e134,United States,4.89,True
a13af4,United States,276.8,False
780a3e,China,253.01,False
a34770,United States,81.8,False
780a3f,China,282.68,False
780a3b,China,243.59,False
800739,India,274.59,False
780a59,China,267.82,False
780a58,China,12.35,True
a32114,United States,50.67,False
8a07b7,Indonesia,101.59,False
a32116,United States,204.08,False
ac6e51,United States,233.74,False
e48fb4,Brazil,261.37,False
a86ab5,United States,244.46,False
a26f01,United States,77.0,False
847517,Japan,195.97,False
a44169,United States,209.63,False
a1e194,United States,150.84,False
8830f6,Thailand,69.76,False
8830f7,Thailand,170.35,False
a70463,United States,274.35,False
8830f4,Thailand,238.82,False
ad4873,United States,184.79,False
ad4890,United States,0.0,True
ac289f,United States,133.82,False
c013d0,Canada,218.21,False
4bb145,Turkey,252.16,False
a70452,United States,59.3,False
4bb142,Turkey,259.29,False
a6812d,United States,88.92,False
a6f78a,United States,204.5,False
8963f1,United Arab Emirates,239.13,False
8963f6,United Arab Emirates,229.39,False
a7046e,United States,51.91,False
4bb108,Turkey,230.8,False
4bb105,Turkey,249.09,False
4bb106,Turkey,245.65,False
4bb103,Turkey,253.97,False
ad7bdf,United States,280.8,False
a0719b,United States,145.28,False
a3a9a2,United States,191.38,False
4bb10a,Turkey,224.21,False
ad3581,United States,215.35,False
a7178c,United States,6.43,True
a7045b,United States,217.97,False
a9a724,United States,53.98,False
a83782,United States,0.0,True
a83787,United States,184.81,False
489224,Poland,238.47,False
489223,Poland,213.8,False
c013de,Canada,249.88,False
a0e6c4,United States,87.97,False
a0e6c6,United States,157.15,False
a69424,United States,1.03,True
ac0275,United States,111.86,False
75002b,Malaysia,205.54,False
75002a,Malaysia,182.79,False
ac159a,United States,5.14,True
a4418d,United States,207.51,False
8963e3,United Arab Emirates,214.16,False
a359c2,United States,233.15,False
a38f12,United States,90.7,False
a13c43,United States,3.09,True
4bb187,Turkey,255.69,False
a083d1,United States,215.64,False
4bb185,Turkey,236.69,False
a44197,United States,225.31,False
8963dc,United Arab Emirates,177.48,False
4bb184,Turkey,259.74,False
4bb181,Turkey,239.73,False
a226c5,United States,2.06,True
8963e7,United Arab Emirates,130.84,False
a4fddb,United States,192.75,False
a82427,United States,52.52,False
aa2ed8,United States,5.92,True
aa1ba3,United States,237.26,False
e06611,Argentina,262.24,False
ac028f,United States,50.95,False
781e0a,China,241.85,False
4bb14c,Turkey,0.9,True
4bb14d,Turkey,241.45,False
4bb14a,Turkey,4.12,False
a50adc,United States,250.65,False
4bb162,Turkey,139.15,False
a6810d,United States,209.42,False
a75dd8,United States,170.05,False
a3a9eb,United States,172.12,False
a1f3c5,United States,206.63,False
a333b5,United States,228.57,False
a586b0,United States,198.48,False
a13c73,United States,250.45,False
a75f15,United States,206.05,False
4ac9e3,Sweden,227.57,False
896532,United Arab Emirates,257.7,False
896531,United Arab Emirates,131.64,False
ac2813,United States,195.57,False
a609d4,United States,7.72,True
a466c7,United States,216.58,False
a070d7,United States,173.75,False
a4c9f8,United States,232.48,False
a3a9ff,United States,203.32,False
a63f2e,United States,242.54,False
a26f6f,United States,64.6,False
ad4804,United States,212.81,False
a3cc36,United States,7.84,False
a599ec,United States,145.97,False
a37c1c,United States,148.5,False
ab4ec6,United States,162.34,False
aae82f,United States,64.06,False
896504,United Arab Emirates,188.37,False
c05c04,Canada,74.91,False
4bb196,Turkey,256.86,False
a0e6e2,United States,34.21,False
4ac9c5,Sweden,0.06,True
4ac9c6,Sweden,216.96,False
4bb194,Turkey,72.54,False
4bb192,Turkey,230.13,False
ac2836,United States,260.53,False
ab084e,United States,2.57,True
8a074e,Indonesia,147.76,False
a62c1a,United States,192.32,False
020072,Morocco,254.12,False
4bb18e,Turkey,100.88,False
a716a2,United States,245.01,False
a5e9f4,United States,186.38,False
a9dada,United States,51.14,False
a63f4e,United States,182.37,False
a466fc,United States,194.98,False
ac2859,United States,180.61,False
a5b164,United States,111.08,False
7c7772,Australia,7.2,True
7c7770,Australia,143.13,False
c80d5e,New Zealand,32.67,False
a81141,United States,68.33,False
7c7778,Australia,192.29,False
acbea2,United States,152.75,False
a51f0f,United States,197.14,False
a3a9d2,United States,248.43,False
7c776f,Australia,5.14,True
ad8ed7,United States,197.9,False
ad8ed4,United States,193.0,False
a13c92,United States,123.32,False
abf535,United States,24.78,False
ac5bc2,United States,177.14,False
aa7288,United States,168.83,False
a98ac6,United States,51.86,False
a94450,United States,47.21,False
846250,Japan,115.03,False
ac1547,United States,277.9,False
a9a750,United States,247.85,False
ac287c,United States,274.23,False
aac232,United States,39.53,False
a200ba,United States,209.37,False
a8247b,United States,39.65,False
a466d2,United States,204.77,False
a25c75,United States,250.41,False
ac6f88,United States,203.64,False
a87f6f,United States,43.73,False
acbf63,United States,78.28,False
a14ea4,United States,54.39,False
ac13d6,United States,275.18,False
89647e,United Arab Emirates,4.12,True
89647d,United Arab Emirates,279.7,False
a08512,United States,252.45,False
c05ac1,Canada,43.04,False
ab3c72,United States,53.22,False
a8bc34,United States,167.56,False
3e0fe8,Germany,55.74,False
acbf70,United States,126.3,False
abf3b8,United States,5.14,True
a680d4,United States,75.69,False
780b7f,China,269.06,False
a440cd,United States,136.13,False
a320f9,United States,166.57,False
a560f3,United States,136.58,False
a9dc0e,United States,51.78,False
ac00b1,United States,9.26,True
a0980e,United States,54.62,False
a2ac8d,United States,119.46,False
a8bc13,United States,147.58,False
896470,United Arab Emirates,220.02,False
896474,United Arab Emirates,238.51,False
e48ec6,Brazil,1.03,True
a9ef35,United States,44.18,False
406832,United Kingdom,277.87,False
c01464,Canada,209.9,False
a836fb,United States,0.0,True
acbf73,United States,5.14,False
aa2f7b,United States,30.7,False
a6f6fe,United States,55.32,False
896479,United Arab Emirates,131.11,False
896484,United Arab Emirates,277.13,False
c05acc,Canada,7.72,True
a01bbc,United States,196.5,False
aa1c45,United States,71.67,False
a07224,United States,140.85,False
896449,United Arab Emirates,209.9,False
40688c,United Kingdom,213.9,False
02008b,Morocco,259.46,False
c06dac,Canada,192.47,False
40688d,United Kingdom,5.14,True
a07228,United States,0.0,True
40688f,United Kingdom,223.9,False
896454,United Arab Emirates,146.41,False
89644b,United Arab Emirates,237.07,False
a98c00,United States,56.54,False
896458,United Arab Emirates,204.65,False
896456,United Arab Emirates,237.44,False
406891,United Kingdom,127.45,False
ad20d1,United States,34.32,False
896461,United Arab Emirates,267.98,False
896465,United Arab Emirates,230.74,False
a693aa,United States,206.36,False
c01401,Canada,204.3,False
a0855d,United States,195.49,False
a3df9e,United States,209.4,False
a703c1,United States,243.52,False
a5d6f9,United States,0.64,True
a3cc82,United States,201.19,False
a716f6,United States,232.89,False
a34825,United States,130.91,False
a50c88,United States,87.03,False
02009f,Morocco,190.75,False
ad20f4,United States,181.77,False
a87f41,United States,28.29,False
a38ef5,United States,0.45,True
a1f557,United States,259.36,False
ac0197,United States,85.33,False
781e34,China,231.98,False
a08570,United States,104.24,False
a4a538,United States,183.32,False
ab19df,United States,2.31,True
a0c20f,United States,230.63,False
ab3c12,United States,44.81,False
ab19f2,United States,174.37,False
a1f543,United States,45.24,False
a58873,United States,208.83,False
a2bec7,United States,242.75,False
ab3c0a,United States,231.95,False
781e4e,China,214.04,False
a0d561,United States,252.13,False
ac6f31,United States,68.1,False
a1f526,United States,191.63,False
84c3fc,Japan,91.95,False
a3cbe3,United States,99.21,False
aaf9ea,United States,2.06,True
a4423a,United States,109.72,False
738443,Israel,222.3,False
a943ec,United States,34.69,False
a44240,United States,221.19,False
738447,Israel,253.79,False
a4555e,United States,59.24,False
738448,Israel,249.24,False
ab4f5d,United States,214.97,False
a810ba,United States,212.46,False
a44238,United States,213.16,False
a19292,United States,153.87,False
7c75e1,Australia,0.0,True
a1f599,United States,58.68,False
a4421d,United States,140.58,False
8460b0,Japan,114.18,False
ad8f3e,United States,50.63,False
a45552,United States,272.69,False
a1e23a,United States,113.86,False
ac26cf,United States,250.63,False
780b5a,China,220.13,False
ad59db,United States,59.47,False
a44213,United States,193.16,False
a44211,United States,264.72,False
aad3c9,United States,261.61,False
aa70cb,United States,83.35,False
ab3c61,United States,0.39,True
a44214,United States,188.11,False
a2abc5,United States,152.56,False
ac6f5f,United States,37.04,False
a19272,United States,130.57,False
a1e241,United States,254.0,False
acceab,United States,150.73,False
ac252a,United States,218.74,False
a03f06,United States,41.16,False
841fdc,Japan,231.86,False
ac6ba8,United States,7.17,False
840caf,Japan,165.86,False
3965a4,France,251.92,False
841ff4,Japan,194.27,False
c049fd,Canada,182.69,False
ab1890,United States,213.27,False
a71435,United States,56.36,False
a9672c,United States,221.25,False
a7140f,United States,69.53,False
e48f69,Brazil,140.45,False
c06c25,Canada,34.2,False
aa2bc4,United States,202.69,False
ac2546,United States,279.3,False
aa2bc5,United States,176.19,False
aad229,United States,251.92,False
840cd8,Japan,174.71,False
a38ad5,United States,8.75,True
ac121a,United States,249.6,False
c023c7,Canada,226.91,False
aa2bc2,United States,247.78,False
4ac98a,Sweden,209.97,False
aaf87e,United States,40.09,False
a3311b,United States,149.35,False
aaf87f,United States,211.9,False
a21142,United States,108.41,False
ad9edf,United States,200.07,False
c023bd,Canada,257.6,False
846333,Japan,283.85,False
a51af8,United States,215.72,False
485ecc,Kingdom of the Netherlands,251.44,False
a009a4,United States,278.12,False
a4fae8,United States,270.92,False
aa2ba1,United States,217.46,False
aa2ba4,United States,250.92,False
c023ae,Canada,257.6,False
a5c127,United States,207.55,False
781f03,China,100.76,False
aae582,United States,203.42,False
4064bb,United Kingdom,213.57,False
a0d19e,United States,72.54,False
8964fb,United Arab Emirates,232.57,False
4bb069,Turkey,236.62,False
ac2587,United States,47.67,False
a4b410,United States,50.55,False
4bb065,Turkey,223.17,False
8964fd,United Arab Emirates,108.7,False
4bb063,Turkey,228.26,False
750140,Malaysia,239.28,False
a4b41c,United States,203.09,False
8964bd,United Arab Emirates,262.19,False
3965ae,France,287.17,False
ad8bed,United States,6.43,True
a9a2ca,United States,187.93,False
4077d3,United Kingdom,271.38,False
c07f47,Canada,160.68,False
a5e739,United States,181.13,False
a4b420,United States,186.08,False
4077d4,United Kingdom,271.52,False
781f39,China,230.84,False
4077ba,United Kingdom,168.62,False
847628,Japan,212.99,False
acbbcc,United States,56.67,False
8964e3,United Arab Emirates,263.66,False
c07f36,Canada,142.76,False
a70181,United States,183.28,False
a94156,United States,251.5,False
8008d4,India,1.29,True
e80458,Chile,162.59,False
a9b78e,United States,225.2,False
896660,United Arab Emirates,257.74,False
e80461,Chile,239.38,False
aaf804,United States,245.02,False
885973,Thailand,2.57,True
407898,United Kingdom,281.63,False
a0f6b9,United States,190.09,False
c07f02,Canada,11.32,True
e80474,Chile,76.88,False
a27f2e,United States,155.45,False
e80473,Chile,245.5,False
4bb073,Turkey,223.57,False
4ac8a8,Sweden,261.31,False
a02c40,United States,162.62,False
a26c12,United States,207.32,False
e8046c,Chile,227.9,False
e8046f,Chile,252.09,False
8008c2,India,3.6,True
e8046a,Chile,206.05,False
a4c6b6,United States,57.97,False
40653a,United Kingdom,142.99,False
aaf828,United States,207.12,False
e80481,Chile,216.98,False
a03f84,United States,256.08,False
a9b775,United States,242.37,False
8008c7,India,3.6,True
89662e,United Arab Emirates,232.0,False
a9a419,United States,194.18,False
a88ddf,United States,292.76,False
a75ae5,United States,293.67,False
c06ac7,Canada,26.56,False
a75abe,United States,49.56,False
346384,Spain,273.76,False
e8040e,Chile,245.37,False
a9fdbb,United States,62.87,False
e80422,Chile,241.14,False
7c788f,Australia,242.76,False
89660d,United Arab Emirates,107.2,False
a6e10b,United States,40.21,False
a9fdc3,United States,203.66,False
ab4ba6,United States,241.0,False
7c6551,Australia,62.35,False
ab1864,United States,209.52,False
abaeb2,United States,201.31,False
a6f482,United States,241.79,False
a5717f,United States,208.49,False
885968,Thailand,164.06,False
a27f85,United States,35.3,False
a093f7,United States,209.23,False
a6f45a,United States,41.54,False
a2bc12,United States,180.94,False
a14c70,United States,208.57,False
406591,United Kingdom,278.25,False
e48f12,Brazil,242.65,False
e80444,Chile,129.87,False
c80c69,New Zealand,62.35,False
a9a404,United States,4.63,True
a02c91,United States,254.98,False
89659d,United Arab Emirates,12.35,True
a76f66,United States,165.32,False
89659c,United Arab Emirates,234.48,False
0d106e,Mexico,138.08,False
506c34,Slovenia,205.39,False
abaf3a,United States,42.82,False
a87c12,United States,211.23,False
ab5f6a,United States,259.3,False
a8df2c,United States,243.49,False
8a09ca,Indonesia,225.15,False
aaf6e8,United States,37.27,False
accf1c,United States,265.65,False
a8a9f2,United States,72.51,False
346456,Spain,16.98,True
8a09d5,Indonesia,192.29,False
a1f0c0,United States,37.57,False
e0648b,Argentina,206.65,False
aa3f65,United States,262.25,False
a2bc5a,United States,204.31,False
a700a4,United States,200.34,False
ad56e0,United States,161.06,False
c06aac,Canada,118.81,False
896597,United Arab Emirates,237.43,False
c06aab,Canada,243.13,False
a210c7,United States,186.51,False
a690a8,United States,206.37,False
c06aa7,Canada,232.29,False
740825,Jordan,265.69,False
a726f8,United States,159.96,False
ab4c76,United States,9.26,True
a1f0b4,United States,6.69,True
abaf6e,United States,244.65,False
a76f6c,United States,211.97,False
8a09b8,Indonesia,229.97,False
a4a0d9,United States,222.7,False
89655d,United Arab Emirates,276.46,False
461f4e,Finland,256.53,False
a9eafb,United States,34.53,False
461f4c,Finland,254.6,False
461f4d,Finland,256.45,False
447c4f,Austria,14.4,True
48af08,Poland,26.87,False
a3dc34,United States,227.87,False
0d1049,Mexico,10.29,True
461f65,Finland,263.1,False
ad8c4c,United States,0.0,True
a63c0b,United States,135.75,False
407862,United Kingdom,232.88,False
44cc47,Belgium,230.47,False
89656d,United Arab Emirates,96.24,False
a619f9,United States,31.96,False
461f5b,Finland,246.09,False
396668,France,65.85,False
781ea7,China,235.14,False
a09533,United States,0.0,True
461f5a,Finland,249.24,False
896587,United Arab Emirates,261.99,False
a7bf22,United States,173.72,False
7c7802,Australia,204.04,False
a52f70,United States,0.0,False
7c7801,Australia,225.36,False
c0371f,Canada,234.94,False
a2bc9e,United States,209.56,False
ad43e6,United States,258.73,False
a463fd,United States,58.59,False
ac23ef,United States,199.13,False
0d1068,Mexico,183.59,False
a7bf0d,United States,192.44,False
a15ea6,United States,245.56,False
461f57,Finland,243.56,False
461f52,Finland,246.66,False
461f53,Finland,258.21,False
e48df6,Brazil,238.94,False
a606e4,United States,1.54,True
781f3a,China,185.83,False
a23860,United States,102.49,False
a690fb,United States,5.4,True
a39ead,United States,245.48,False
a26bb8,United States,142.74,False
ac249e,United States,194.1,False
a3eeb0,United States,262.53,False
4b991a,Turkey,216.45,False
8964c1,United Arab Emirates,233.88,False
a0f886,United States,209.47,False
8964c0,United Arab Emirates,288.22,False
c06b6a,Canada,238.45,False
a0823a,United States,49.84,False
a0f86b,United States,173.65,False
ab5f00,United States,170.02,False
0d100a,Mexico,214.72,False
a47818,United States,79.54,False
0d1021,Mexico,33.54,False
a11864,United States,111.55,False
a72808,United States,212.19,False
780c3a,China,199.12,False
addadb,United States,187.57,False
750222,Malaysia,241.53,False
a7ac8f,United States,255.5,False
ab5f1b,United States,133.15,False
a690bf,United States,221.6,False
a4a0cd,United States,198.16,False
c035f8,Canada,73.14,False
a820a2,United States,30.59,False
a820a4,United States,79.88,False
a33239,United States,204.53,False
ac119d,United States,138.69,False
780c5d,China,104.49,False
a2bbac,United States,157.92,False
a4fc9a,United States,190.09,False
ab4c15,United States,201.47,False
a33229,United States,119.46,False
ab5f43,United States,9.77,True
76cc82,Singapore,94.06,False
76cc81,Singapore,97.21,False
a700ac,United States,205.04,False
a33222,United States,191.19,False
750204,Malaysia,200.23,False
e06443,Argentina,80.85,False
a6f3d3,United States,190.35,False
a690f2,United States,55.96,False
abaf1e,United States,264.04,False
c06b76,Canada,36.53,False
a09590,United States,0.9,True
a8df4b,United States,0.77,True
a23893,United States,37.73,False
a1057a,United States,166.87,False
ab5f65,United States,32.67,False
a6e0c9,United States,218.67,False
a2254e,United States,50.07,False
ac7f41,United States,191.63,False
a8deb4,United States,219.48,False
e0b2c4,Argentina,169.75,False
ada956,United States,69.78,False
a5722c,United States,255.37,False
ac6cd2,United States,259.3,False
e48e46,Brazil,235.57,False
a57247,United States,219.96,False
c81cdb,New Zealand,38.98,False
a51bf3,United States,71.52,False
ad8cc2,United States,43.59,False
ad8ca6,United States,208.74,False
c06d48,Canada,215.81,False
507ca7,Uzbekistan,244.79,False
c81cef,New Zealand,33.96,False
aae66d,United States,162.34,False
507ca4,Uzbekistan,0.0,True
a8350b,United States,121.29,False
a57258,United States,54.57,False
4078ae,United Kingdom,236.82,False
a33265,United States,115.03,False
ab9024,United States,130.47,False
a76ee8,United States,43.24,False
c81cea,New Zealand,59.18,False
a5d570,United States,183.23,False
a9b806,United States,229.83,False
a2bbf2,United States,215.41,False
a5724f,United States,29.62,False
a88ede,United States,222.62,False
a69242,United States,247.27,False
484cbb,Kingdom of the Netherlands,269.74,False
aa831b,United States,88.64,False
a33254,United States,106.18,False
abafff,United States,230.82,False
4b8582,Turkey,110.82,False
ac134a,United States,263.21,False
a2bbcc,United States,252.42,False
7c5370,Australia,104.48,False
4d0208,Luxembourg,269.62,False
8a0914,Indonesia,210.26,False
e48e36,Brazil,123.99,False
c024d9,Canada,275.09,False
75029c,Malaysia,212.39,False
ac1353,United States,63.95,False
abf32f,United States,276.36,False
76cd01,Singapore,222.77,False
750286,Malaysia,224.11,False
4065de,United Kingdom,277.4,False
aad375,United States,213.86,False
aa8315,United States,69.0,False
a60852,United States,207.06,False
abf351,United States,275.31,False
a96810,United States,53.86,False
a72841,United States,56.63,False
a59869,United States,43.42,False
a72842,United States,52.97,False
4078fd,United Kingdom,213.38,False
a4a209,United States,188.73,False
ac136d,United States,162.32,False
a58542,United States,210.46,False
76cd16,Singapore,91.58,False
4078fe,United Kingdom,217.46,False
7c78ac,Australia,204.14,False
ac0048,United States,213.29,False
76cd19,Singapore,162.12,False
7c78ab,Australia,0.06,True
ab904e,United States,209.89,False
8832e8,Thailand,237.34,False
7c78ae,Australia,257.5,False
75027d,Malaysia,226.21,False
75027c,Malaysia,233.2,False
43bffc,United Kingdom,5.66,True
750288,Malaysia,237.32,False
8832cf,Thailand,237.56,False
7c78a9,Australia,0.0,True
a4fbac,United States,212.46,False
ab905c,United States,245.97,False
8965f4,United Arab Emirates,242.57,False
750262,Malaysia,244.48,False
abf375,United States,90.66,False
8965f8,United Arab Emirates,271.9,False
7c78b2,Australia,204.71,False
8965f6,United Arab Emirates,2.83,True
ab9078,United States,232.72,False
ad2051,United States,42.1,False
4078de,United Kingdom,271.19,False
44ccd1,Belgium,261.43,False
8965fb,United Arab Emirates,238.62,False
44ccca,Belgium,259.06,False
a9ec7f,United States,4.12,True
ac138c,United States,3.86,True
a9558c,United States,131.99,False
c01294,Canada,59.35,False
7c5327,Australia,0.0,True
a081aa,United States,201.24,False
c0128f,Canada,58.79,False
43bfe1,United Kingdom,3.09,True
7c531f,Australia,3.86,True
406696,United Kingdom,208.77,False
780bb8,China,244.33,False
84b495,Japan,274.93,False
7c530e,Australia,135.2,False
e8033d,Chile,0.0,True
e8033c,Chile,189.54,False
aa7082,United States,0.0,True
7c5302,Australia,156.54,False
7c5300,Australia,102.22,False
a14d40,United States,259.59,False
7c5301,Australia,168.67,False
a597c5,United States,52.99,False
a3ca01,United States,207.91,False
ab5faa,United States,203.22,False
ab060b,United States,56.94,False
a081a3,United States,234.6,False
a82293,United States,218.23,False
a357a4,United States,229.91,False
406670,United Kingdom,214.15,False
40665e,United Kingdom,208.68,False
43bfdf,United Kingdom,2.83,True
a2aa36,United States,89.8,False
ac7faf,United States,184.49,False
ac260d,United States,42.8,False
a9b85b,United States,143.06,False
85d42c,Japan,151.79,False
ab1978,United States,215.8,False
a84899,United States,56.14,False
c06be3,Canada,198.36,False
a82235,United States,204.34,False
7c4023,Australia,100.54,False
a83569,United States,120.57,False
7c4024,Australia,53.95,False
a224fa,United States,3.34,True
e48e07,Brazil,68.5,False
84b451,Japan,169.48,False
8a0974,Indonesia,173.37,False
c0256e,Canada,207.21,False
aaf968,United States,253.34,False
7c534d,Australia,143.37,False
aa8372,United States,129.2,False
a2bd48,United States,253.64,False
8a095b,Indonesia,232.6,False
780bfb,China,183.28,False
a38d49,United States,137.32,False
ab197e,United States,132.62,False
a0d1b5,United States,51.08,False
ab5ffc,United States,4.12,True
abf308,United States,161.8,False
abafe4,United States,258.06,False
a081f4,United States,40.25,False
a94223,United States,136.13,False
a224e2,United States,49.81,False
adca9b,United States,230.79,False
89670b,United Arab Emirates,222.25,False
a62a2d,United States,69.12,False
ac24c5,United States,274.7,False
40660e,United Kingdom,203.14,False
0201a4,Morocco,4.63,True
40660c,United Kingdom,1.8,True
c07eda,Canada,193.7,False
a15fa4,United States,204.94,False
a4fd6f,United States,57.35,False
8a08b9,Indonesia,182.44,False
a7ad0d,United States,201.83,False
aa1a26,United States,232.96,False
e49fb6,Brazil,155.85,False
ac24e4,United States,292.64,False
aa94be,United States,130.68,False
a38d98,United States,67.39,False
c0388a,Canada,42.9,False
a1f1de,United States,3.34,True
e49fb5,Brazil,153.93,False
ab04fb,United States,30.63,False
a6f4d0,United States,53.78,False
aae4ee,United States,86.12,False
a6f4be,United States,52.09,False
c07ef2,Canada,84.77,False
e49fc2,Brazil,188.75,False
89667a,United Arab Emirates,268.83,False
407993,United Kingdom,185.44,False
407994,United Kingdom,248.95,False
ac5a4a,United States,202.85,False
407992,United Kingdom,272.59,False
840e10,Japan,196.13,False
a08317,United States,255.42,False
a02cc9,United States,0.0,False
ab4d9e,United States,52.84,False
e48ce6,Brazil,131.02,False
c02501,Canada,143.62,False
345212,Spain,91.81,False
896698,United Arab Emirates,229.04,False
40796b,United Kingdom,223.78,False
40796c,United Kingdom,221.53,False
a4fd2a,United States,79.77,False
40796a,United Kingdom,213.07,False
aa2d14,United States,205.2,False
a5d4b5,United States,42.71,False
a49a82,United States,236.57,False
a0f91d,United States,208.91,False
a4fd3d,United States,36.82,False
a10614,United States,1.03,True
7c0fa2,Australia,58.93,False
780cb5,China,235.39,False
780cb1,China,206.92,False
700017,Afghanistan,244.34,False
780cb6,China,273.04,False
896681,United Arab Emirates,277.48,False
a02cb5,United States,246.11,False
7501f1,Malaysia,236.83,False
a451db,United States,269.21,False
407959,United Kingdom,216.95,False
e0b392,Argentina,199.93,False
a0d331,United States,84.78,False
aa9600,United States,266.89,False
a4c92d,United States,1.03,True
8832b5,Thailand,215.98,False
a9ed87,United States,39.93,False
ad325b,United States,227.01,False
a1afec,United States,228.9,False
a2396e,United States,187.93,False
7c77f9,Australia,177.81,False
7c77f8,Australia,170.14,False
7c77f7,Australia,174.79,False
7c77f6,Australia,227.06,False
7c77f4,Australia,252.1,False
a22669,United States,214.66,False
c06c8a,Canada,135.06,False
a1afde,United States,73.59,False
c010f6,Canada,190.48,False
a86a77,United States,237.58,False
a0835d,United States,5.14,True
a03fff,United States,217.63,False
a22635,United States,45.27,False
a9da33,United States,63.78,False
a9a4e2,United States,277.0,False
8832d2,Thailand,153.43,False
ab17b1,United States,38.56,False
750333,Malaysia,190.94,False
76cd74,Singapore,233.27,False
76cd73,Singapore,254.53,False
76cd75,Singapore,266.49,False
abf29f,United States,193.5,False
76cd77,Singapore,3.86,True
a3dcc2,United States,77.25,False
a3a980,United States,63.74,False
a39fb7,United States,4.37,False
a15ffa,United States,61.26,False
a35949,United States,9.26,True
a39fb1,United States,230.53,False
4b984f,Turkey,224.31,False
76cd7a,Singapore,285.78,False
a9da13,United States,44.25,False
89409a,Bahrain,210.26,False
750319,Malaysia,240.44,False
780d85,China,207.12,False
152018,Russian Federation,116.13,False
a2bce6,United States,169.34,False
a2cffc,United States,135.41,False
a1e018,United States,30.37,False
c010a8,Canada,264.12,False
a45321,United States,62.87,False
a954ea,United States,217.5,False
c81dcf,New Zealand,47.1,False
7c77fa,Australia,124.24,False
a1901c,United States,51.67,False
7c77fb,Australia,0.0,True
c010e4,Canada,221.79,False
a9ed0a,United States,52.72,False
894097,Bahrain,260.17,False
a967eb,United States,231.89,False
a33339,United States,229.05,False
780d9c,China,0.0,True
a4795a,United States,199.44,False
8462ee,Japan,110.73,False
a7ad7c,United States,0.0,True
ab3a0c,United States,188.47,False
89408d,Bahrain,264.1,False
a33328,United States,188.78,False
c06c86,Canada,61.43,False
a2000d,United States,209.19,False
8a08d9,Indonesia,236.22,False
a4794e,United States,222.24,False
c06c82,Canada,61.57,False
a3e911,United States,271.87,False
a0cfbd,United States,202.3,False
a3e917,United States,57.84,False
aceb61,United States,191.98,False
a1594e,United States,99.48,False
abde8c,United States,203.44,False
ac52f2,United States,137.74,False
a7da2a,United States,212.51,False
899082,Taiwan,196.36,False
a7a4e6,United States,207.58,False
c80604,New Zealand,54.74,False
ade8fa,United States,216.55,False
89907b,Taiwan,301.99,False
a2c90d,United States,225.76,False
a32fa7,United States,206.99,False
a874e1,United States,239.97,False
899094,Taiwan,221.51,False
a42a91,United States,249.57,False
a20fa4,United States,30.91,False
89904e,Taiwan,4.37,True
c1e984,Canada,2.83,True
a51601,United States,212.62,False
c0405a,Canada,248.92,False
e4a012,Brazil,218.73,False
a79d9a,United States,130.32,False
c04051,Canada,212.35,False
c04052,Canada,218.75,False
89905d,Taiwan,275.2,False
a491f1,United States,139.36,False
a27920,United States,189.69,False
aceb76,United States,0.06,True
aa12df,United States,59.72,False
aca2f1,United States,116.65,False
899076,Taiwan,277.44,False
a0cfb6,United States,223.66,False
89902f,Taiwan,186.02,False
a13349,United States,78.06,False
4bcd81,Turkey,241.55,False
89902d,Taiwan,2.57,True
a02690,United States,59.78,False
a32ff6,United States,225.69,False
c81959,New Zealand,141.01,False
a18ce7,United States,70.63,False
c1e95c,Canada,6.94,True
a1efe7,United States,227.04,False
706212,Kuwait,175.45,False
c0797b,Canada,197.27,False
899058,Taiwan,65.29,False
c8195c,New Zealand,82.25,False
899053,Taiwan,140.57,False
a38633,United States,198.34,False
89900f,Taiwan,259.04,False
a18cbb,United States,1.29,True
c0534e,Canada,212.59,False
a0bcb2,United States,281.89,False
a32fd5,United States,4.37,True
a2c92b,United States,200.65,False
a0bcd0,United States,32.94,False
ac671b,United States,142.1,False
a02681,United States,208.02,False
a79d71,United States,167.76,False
a54a95,United States,66.09,False
406f7b,United Kingdom,246.4,False
406f86,United Kingdom,157.06,False
a6dfbf,United States,173.42,False
adb086,United States,55.06,False
a5aca0,United States,52.47,False
86ee7e,Japan,221.87,False
a6495f,United States,196.56,False
a75634,United States,217.61,False
a13386,United States,270.09,False
aa141e,United States,6.43,True
aabe45,United States,52.54,False
a4e330,United States,212.49,False
406f75,United Kingdom,248.98,False
a6496b,United States,208.59,False
a3866a,United States,8.23,True
406f78,United Kingdom,3.6,False
a6dfaa,United States,169.07,False
a2668b,United States,0.0,True
a37347,United States,229.71,False
a39994,United States,68.34,False
a3b028,United States,234.55,False
c07973,Canada,183.28,False
c07971,Canada,220.47,False
a6dfe7,United States,203.7,False
a00050,United States,215.1,False
a24014,United States,186.33,False
a3732b,United States,139.69,False
a12030,United States,213.32,False
a1dcf2,United States,67.19,False
aba8e1,United States,204.96,False
a37335,United States,0.0,True
c07966,Canada,205.91,False
ad98bc,United States,20.07,False
a7a616,United States,199.93,False
7c4d1b,Australia,0.0,True
a3b02e,United States,244.88,False
ac65bb,United States,197.39,False
a6dfce,United States,51.44,False
a8d915,United States,43.02,False
7c3a00,Australia,0.0,True
ab8e6c,United States,12.86,True
a2406b,United States,196.85,False
a038c7,United States,196.06,False
a49378,United States,46.92,False
c07915,Canada,64.31,False
a37389,United States,197.17,False
a025a2,United States,64.62,False
acc8e1,United States,41.42,False
a6ba7d,United States,75.17,False
ab7b63,United States,61.71,False
a56fbe,United States,38.82,False
aaab60,United States,164.81,False
a7da5f,United States,112.8,False
a6492f,United States,184.73,False
0d0806,Mexico,182.01,False
ac65fb,United States,2.31,True
a4f622,United States,205.51,False
aa2701,United States,269.89,False
e48989,Brazil,140.14,False
a2fcee,United States,129.67,False
ac52e2,United States,262.79,False
c051cc,Canada,216.11,False
abdcfd,United States,196.5,False
780297,China,181.57,False
a0ab03,United States,69.98,False
a038ff,United States,196.57,False
a145b7,United States,190.91,False
a97029,United States,5.92,True
ac668d,United States,197.55,False
a4e38f,United States,222.12,False
a7302f,United States,190.56,False
78029e,China,175.15,False
a3608b,United States,200.41,False
a06e71,United States,245.15,False
a4e39e,United States,41.99,False
acb679,United States,173.36,False
ac536c,United States,261.08,False
c818c9,New Zealand,120.54,False
a158c9,United States,6.43,True
adb014,United States,193.52,False
a18e1e,United States,104.65,False
a2a38e,United States,226.63,False
a0be20,United States,224.01,False
508429,Ukraine,211.66,False
a3739f,United States,56.23,False
ac538f,United States,186.47,False
406f3b,United Kingdom,297.36,False
adc375,United States,30.19,False
c818db,New Zealand,133.68,False
a75676,United States,141.4,False
c064d8,Canada,235.4,False
c064d7,Canada,86.37,False
a2fe2d,United States,121.26,False
394a03,France,250.06,False
394a02,France,226.1,False
a05b78,United States,233.1,False
394a05,France,225.65,False
a252a7,United States,214.43,False
394a09,France,232.53,False
a18e6e,United States,137.36,False
aa6cf1,United States,49.97,False
a9e625,United States,34.07,False
394a14,France,266.03,False
394a18,France,251.08,False
394a17,France,210.22,False
86da5c,Japan,168.22,False
a2fe28,United States,206.83,False
a3b066,United States,56.81,False
a385a2,United States,30.25,False
a7a666,United States,43.32,False
a6235b,United States,104.08,False
a6368a,United States,237.06,False
a2fe21,United States,9.26,True
a9961b,United States,296.02,False
ad1e05,United States,190.58,False
a0ab2a,United States,85.82,False
a8631a,United States,248.57,False
8881f5,Viet Nam,249.41,False
a79e31,United States,206.82,False
a2fe7e,United States,102.95,False
a2a2bb,United States,67.3,False
a9c078,United States,34.47,False
a372e0,United States,0.0,True
a2fe86,United States,31.09,False
a42b45,United States,217.93,False
a0ab8d,United States,108.47,False
781553,China,212.76,False
ab5975,United States,272.02,False
a31e86,United States,60.9,False
a43e5b,United States,271.48,False
5082f0,Ukraine,235.53,False
899018,Taiwan,165.72,False
aa6e2d,United States,166.33,False
48c5f9,Poland,0.0,True
899013,Taiwan,288.92,False
a1de8d,United States,233.21,False
c077cd,Canada,280.95,False
780237,China,247.81,False
ade930,United States,59.71,False
a385da,United States,252.04,False
781563,China,158.18,False
780231,China,236.36,False
ac0fdc,United States,209.58,False
394a0a,France,283.08,False
ac5310,United States,90.15,False
ad861a,United States,31.89,False
ac7968,United States,186.83,False
a6ce58,United States,95.34,False
a4f5f0,United States,251.55,False
a66b3c,United States,36.83,False
aacfed,United States,5.92,True
abdcb5,United States,251.09,False
760a0c,Pakistan,256.14,False
ac5314,United States,238.86,False
a67e75,United States,42.81,False
a875a7,United States,37.1,False
acc95c,United States,77.4,False
a02732,United States,189.15,False
a3d5b0,United States,227.9,False
ac5326,United States,0.0,True
abefdd,United States,163.81,False
a0272a,United States,64.67,False
a4f5a0,United States,202.01,False
a54b01,United States,38.73,False
a06db4,United States,264.74,False
a515ad,United States,196.61,False
acc961,United States,214.72,False
ac6668,United States,130.01,False
acb636,United States,241.11,False
760a05,Pakistan,245.02,False
a768c2,United States,186.43,False
3c70c1,Germany,244.8,False
a7b8a1,United States,152.86,False
abdcda,United States,211.17,False
a4f5b8,United States,231.19,False
a55e46,United States,0.0,True
3c70c8,Germany,237.57,False
ab335d,United States,67.08,False
a2a2df,United States,278.52,False
ac5349,United States,0.0,True
a9969b,United States,262.97,False
a3c2a9,United States,184.5,False
a55e3c,United States,199.26,False
a8b377,United States,227.26,False
a14700,United States,9.26,True
a4f5c7,United States,55.57,False
a5f09a,United States,251.79,False
ad1cde,United States,284.75,False
78027a,China,214.72,False
a98386,United States,211.24,False
7caed7,Australia,5.92,True
a9e680,United States,38.03,False
4ba9ea,Turkey,152.81,False
ad0c81,United States,84.58,False
a66b8e,United States,55.0,False
ac40f1,United States,269.33,False
a2b702,United States,0.06,True
a7ee6b,United States,30.3,False
4ba9ca,Turkey,260.17,False
4ba9cc,Turkey,229.63,False
040048,Ethiopia,281.38,False
a9e5ae,United States,36.97,False
4ba9e8,Turkey,209.98,False
4ba9e6,Turkey,4.89,True
040046,Ethiopia,106.98,False
4ba9e2,Turkey,236.35,False
a9e5d5,United States,52.16,False
89917f,Taiwan,209.92,False
ab4825,United States,57.82,False
71c004,Republic of Korea,211.13,False
71c001,Republic of Korea,180.17,False
a6bb98,United States,214.53,False
06a390,Qatar,232.34,False
781623,China,184.89,False
89914c,Taiwan,126.25,False
a742c2,United States,211.88,False
89914f,Taiwan,114.61,False
89914e,Taiwan,100.77,False
a7ee53,United States,75.26,False
a2a41e,United States,6.17,True
c0411d,Canada,137.35,False
a05aea,United States,39.29,False
a7db0b,United States,185.01,False
a66b57,United States,39.58,False
502d59,Latvia,145.12,False
c81837,New Zealand,59.72,False
a2b759,United States,197.31,False
acec9f,United States,61.46,False
c06774,Canada,84.42,False
a80e4e,United States,262.83,False
c8050e,New Zealand,51.3,False
a26779,United States,55.8,False
a8b2a1,United States,19.21,False
a0144e,United States,216.45,False
a6ce7d,United States,141.51,False
4481bf,Belgium,1.8,True
899143,Taiwan,93.74,False
899141,Taiwan,7.2,True
acb824,United States,211.56,False
a0012a,United States,120.67,False
a06dfd,United States,8.75,True
89913b,Taiwan,122.86,False
ab4866,United States,277.09,False
89913d,Taiwan,8.23,True
502d5e,Latvia,0.0,True
a1210a,United States,55.51,False
78164c,China,267.77,False
ab485e,United States,193.42,False
aa6f80,United States,204.71,False
a3b124,United States,178.15,False
0d0707,Mexico,5.66,True
7c05f5,Australia,46.33,False
aa021e,United States,45.93,False
8990a0,Taiwan,178.37,False
a54aaa,United States,267.12,False
ac66aa,United States,272.18,False
c0673a,Canada,2.31,True
aba9e7,United States,143.26,False
a3b11e,United States,103.18,False
71c072,Republic of Korea,93.24,False
a79dc4,United States,198.93,False
a4943f,United States,252.76,False
a4943e,United States,187.13,False
71c077,Republic of Korea,234.43,False
a6374e,United States,99.39,False
71c074,Republic of Korea,238.61,False
c05403,Canada,71.03,False
a29af3,United States,235.19,False
a36130,United States,210.94,False
8990b1,Taiwan,281.67,False
abdf3f,United States,210.46,False
aaac36,United States,56.32,False
a3612a,United States,207.12,False
a3d78d,United States,90.64,False
ad86a3,United States,57.0,False
ac9c0d,United States,4.24,False
aa1541,United States,31.89,False
71c062,Republic of Korea,92.19,False
ac53b2,United States,164.42,False
c05430,Canada,178.16,False
a7edaf,United States,54.2,False
a00171,United States,43.48,False
ab7c53,United States,42.81,False
aaac47,United States,98.59,False
ac66cd,United States,191.8,False
7801c6,China,9.26,True
ad73a9,United States,197.85,False
7801c1,China,221.5,False
ac66cf,United States,92.1,False
7801c2,China,12.86,True
71c099,Republic of Korea,288.03,False
a7edb0,United States,50.67,False
a80daf,United States,113.96,False
a1cac8,United States,65.96,False
aaac4a,United States,256.56,False
a5f107,United States,55.93,False
c06751,Canada,0.39,True
aa6ed1,United States,206.39,False
a00187,United States,273.38,False
71c089,Republic of Korea,160.96,False
c0541c,Canada,209.12,False
a99712,United States,140.46,False
ad99f9,United States,208.04,False
7801d4,China,6.94,True
84183d,Japan,108.7,False
71c084,Republic of Korea,256.72,False
ac53d5,United States,256.7,False
ac53be,United States,175.53,False
c06709,Canada,251.72,False
71c031,Republic of Korea,93.77,False
aca3a3,United States,213.83,False
06a30d,Qatar,8.75,True
ad99fc,United States,214.3,False
06a30a,Qatar,231.19,False
71c027,Republic of Korea,216.44,False
ac53f8,United States,258.69,False
a36165,United States,222.31,False
aca3d1,United States,66.6,False
ad73e7,United States,78.82,False
a5ada9,United States,116.79,False
c0671b,Canada,0.06,True
ab20e6,United States,247.11,False
71c051,Republic of Korea,168.74,False
c06724,Canada,0.0,True
a3b110,United States,215.67,False
ab20df,United States,71.14,False
ab349f,United States,298.51,False
a399d4,United States,228.33,False
84176b,Japan,117.22,False
a91af0,United States,235.33,False
ac5488,United States,50.42,False
a266bf,United States,36.79,False
acb77b,United States,46.92,False
a05c59,United States,274.52,False
06a2e9,Qatar,271.95,False
06a2e0,Qatar,238.39,False
06a2e1,Qatar,158.45,False
06a2df,Qatar,263.27,False
a97157,United States,19.06,False
a9e74c,United States,61.66,False
a769a3,United States,0.0,True
a399af,United States,175.35,False
a026e1,United States,197.18,False
add793,United States,224.21,False
a9844d,United States,148.39,False
a55f31,United States,196.42,False
a8c781,United States,30.82,False
ad614c,United States,140.06,False
a8b44e,United States,198.98,False
49d414,Czech Republic,232.88,False
ab59c9,United States,223.23,False
a5047c,United States,157.1,False
a30c46,United States,185.84,False
49d421,Czech Republic,249.03,False
a43f51,United States,173.3,False
a2ec31,United States,164.16,False
49d423,Czech Republic,246.13,False
c1e8f6,Canada,4.37,True
e48808,Brazil,265.31,False
a43f3c,United States,185.05,False
a61159,United States,47.9,False
a6246e,United States,0.0,True
7815c4,China,140.64,False
a2c9ec,United States,0.0,True
ab8f36,United States,269.23,False
a3b186,United States,207.22,False
a9d413,United States,235.15,False
a1cc1f,United States,204.26,False
a78af1,United States,58.59,False
ad1f15,United States,52.69,False
c052ca,Canada,180.28,False
a06f8a,United States,238.61,False
acc9b2,United States,219.31,False
c1e8aa,Canada,9.26,True
a9e710,United States,44.54,False
ab59ed,United States,54.18,False
a399e4,United States,194.19,False
a013ee,United States,70.28,False
c052d7,Canada,256.1,False
a120a6,United States,44.45,False
aabf50,United States,261.86,False
c1e8bf,Canada,7.2,True
a73143,United States,27.43,False
c052d5,Canada,240.62,False
abdf22,United States,119.57,False
a399de,United States,212.46,False
c804cc,New Zealand,44.47,False
4850f5,Kingdom of the Netherlands,128.51,False
89910a,Taiwan,265.91,False
a3c3e0,United States,65.22,False
899123,Taiwan,218.1,False
a54c60,United States,0.64,True
ab7aa2,United States,218.34,False
c804d2,New Zealand,33.82,False
a67f81,United States,226.6,False
a43f7d,United States,250.82,False
a360b7,United States,205.29,False
a2b6ff,United States,214.9,False
a240dc,United States,117.81,False
a8fc09,United States,197.55,False
899135,Taiwan,175.47,False
c078bf,Canada,128.86,False
ac541b,United States,202.88,False
a386fb,United States,143.25,False
a78c43,United States,205.29,False
a78c44,United States,102.29,False
a29c6c,United States,53.84,False
a4f6fe,United States,201.44,False
899103,Taiwan,218.03,False
899106,Taiwan,245.54,False
a240b6,United States,157.02,False
899108,Taiwan,264.39,False
845f30,Japan,258.72,False
a0ac92,United States,214.84,False
78168f,China,276.86,False
899116,Taiwan,77.63,False
a6bc31,United States,234.25,False
ab2132,United States,92.92,False
aabdf8,United States,261.17,False
a80f04,United States,82.58,False
ad8766,United States,213.58,False
4850b0,Kingdom of the Netherlands,260.66,False
ad8769,United States,188.71,False
851142,Japan,268.9,False
7cf353,Australia,1.54,True
4ba9c5,Turkey,234.45,False
4ba9c8,Turkey,43.73,False
ad1dd4,United States,280.98,False
4ba9c4,Turkey,247.45,False
c04072,Canada,161.78,False
a8d9a0,United States,102.3,False
4ba9d2,Turkey,244.51,False
4ba9d4,Turkey,224.74,False
405bfb,United Kingdom,207.16,False
4ba9d0,Turkey,256.31,False
ab7af5,United States,195.63,False
acfdf4,United States,170.26,False
e486c1,Brazil,236.5,False
06a2af,Qatar,280.84,False
a26801,United States,124.86,False
aa019a,United States,207.06,False
ac9aca,United States,22.85,False
ad6116,United States,235.82,False
a80f15,United States,151.97,False
a7ef08,United States,159.83,False
a7ef02,United States,98.05,False
a55b7a,United States,208.96,False
ae06dd,United States,79.66,False
4ba8ce,Turkey,223.47,False
8404f3,Japan,108.02,False
a02413,United States,179.19,False
abdc56,United States,223.69,False
a67b81,United States,199.49,False
a43b91,United States,205.32,False
4b8e45,Turkey,175.31,False
a14406,United States,95.85,False
acc6df,United States,0.0,True
a07dc8,United States,133.76,False
abdc66,United States,71.55,False
78170e,China,230.8,False
abef98,United States,76.97,False
4ba8f2,Turkey,225.98,False
a43b85,United States,244.92,False
ab30f0,United States,88.25,False
4ba8c8,Turkey,3.09,False
ad70ba,United States,0.0,True
abdc91,United States,217.75,False
abdc92,United States,221.13,False
acfc56,United States,218.31,False
8511ca,Japan,63.28,False
0d09a5,Mexico,219.38,False
a885f4,United States,1.03,True
c07754,Canada,53.52,False
a81e38,United States,275.09,False
7cf515,Australia,3.34,True
add3dc,United States,148.86,False
a0baa1,United States,247.65,False
a7fe27,United States,252.05,False
407fad,United Kingdom,210.24,False
407fae,United Kingdom,215.81,False
7c4ee9,Australia,27.34,False
a3e5fa,United States,213.14,False
7c3ba1,Australia,228.29,False
a26412,United States,59.16,False
abdc9b,United States,252.43,False
a39723,United States,111.44,False
a8d5a0,United States,4.63,True
78041d,China,6.17,True
aba802,United States,198.5,False
a40700,United States,65.99,False
aa23b3,United States,145.39,False
a55b69,United States,57.85,False
780437,China,190.86,False
0d8137,Venezuela,199.37,False
aa7f4e,United States,213.64,False
a07dcd,United States,228.27,False
a15753,United States,32.23,False
a02443,United States,260.53,False
a1a70a,United States,44.25,False
a1440c,United States,235.71,False
a18ada,United States,275.4,False
aa6ba4,United States,276.9,False
abb9b2,United States,274.67,False
ab9f38,United States,220.09,False
8991bd,Taiwan,2.83,False
aa7ebc,United States,141.57,False
a32df9,United States,58.7,False
86dd90,Japan,0.0,True
ac76a7,United States,245.87,False
ab69dc,United States,50.29,False
a1314e,United States,282.46,False
a3d42b,United States,153.53,False
7cf3a5,Australia,1.54,True
a38439,United States,203.34,False
a2644a,United States,85.94,False
abef16,United States,111.16,False
a0cdf3,United States,210.96,False
ab9f54,United States,220.41,False
406d27,United Kingdom,253.49,False
a1ede3,United States,244.22,False
4ca2ab,Ireland,190.18,False
48888e,Poland,239.43,False
a14452,United States,217.56,False
c07721,Canada,201.42,False
abb9df,United States,3.09,True
8991b7,Taiwan,207.46,False
48b207,Poland,210.71,False
adc17b,United States,200.65,False
abef2f,United States,206.75,False
a19dff,United States,253.27,False
c00da8,Canada,196.32,False
a0cdeb,United States,52.63,False
ab56e3,United States,123.8,False
a26439,United States,135.31,False
ab8c37,United States,205.6,False
a15795,United States,214.07,False
a992e4,United States,254.28,False
ad1c11,United States,216.47,False
ab56f3,United States,78.2,False
acfc05,United States,62.37,False
406d7a,United Kingdom,241.45,False
406d7b,United Kingdom,247.19,False
a52715,United States,51.3,False
a31af0,United States,210.93,False
a40797,United States,200.04,False
a2b45b,United States,192.6,False
c80485,New Zealand,46.37,False
acfc00,United States,242.1,False
a2fad8,United States,199.95,False
abef54,United States,213.88,False
a992c7,United States,126.45,False
e48736,Brazil,82.03,False
a01180,United States,197.02,False
a8d5db,United States,148.73,False
0b4128,Guatemala,76.2,False
ad83b7,United States,211.66,False
a3845c,United States,0.06,True
ac0f6c,United States,0.0,True
86dd6e,Japan,198.75,False
a0117e,United States,129.99,False
0acaab,Colombia,236.64,False
a2a10b,United States,117.23,False
a1449d,United States,106.86,False
ad2f71,United States,154.42,False
a3711a,United States,211.36,False
a992cb,United States,73.27,False
abef79,United States,204.95,False
a07f46,United States,208.74,False
a2519f,United States,0.0,True
a8c439,United States,6.94,True
4ba953,Turkey,226.51,False
4ba956,Turkey,241.76,False
abdac6,United States,5.92,True
7c19c8,Australia,123.71,False
a6cad3,United States,215.16,False
a19f29,United States,127.91,False
a289be,United States,63.3,False
4ba94f,Turkey,231.56,False
a20f15,United States,62.35,False
c00e93,Canada,138.0,False
4ba94e,Turkey,232.6,False
a4e14b,United States,82.8,False
4ba94a,Turkey,232.56,False
aba76e,United States,136.06,False
ab4489,United States,208.35,False
a289b2,United States,55.08,False
c062aa,Canada,30.84,False
a023a5,United States,205.17,False
a88774,United States,151.3,False
a92abb,United States,140.08,False
a7eaa4,United States,167.18,False
a3c192,United States,64.41,False
aa6ade,United States,190.89,False
4ba95a,Turkey,245.36,False
a9940c,United States,192.27,False
c829ac,New Zealand,229.48,False
a4e181,United States,165.5,False
aa2474,United States,54.65,False
acc799,United States,207.51,False
4ba92f,Turkey,228.58,False
ad7125,United States,53.47,False
add436,United States,68.45,False
4ba947,Turkey,234.62,False
acc76b,United States,219.79,False
4ba946,Turkey,236.27,False
4ba948,Turkey,174.57,False
a8d751,United States,197.04,False
c1e5b0,Canada,8.23,True
acb46d,United States,188.69,False
a31c16,United States,56.08,False
8990e8,Taiwan,155.7,False
8990e1,Taiwan,271.46,False
8990e3,Taiwan,273.09,False
503ee8,Lithuania,6.17,True
8990e0,Taiwan,268.16,False
a276ca,United States,42.19,False
a20f53,United States,38.73,False
a5012d,United States,199.03,False
8990f7,Taiwan,121.41,False
a44f0d,United States,3.6,True
a396a9,United States,232.97,False
ad846f,United States,240.29,False
8990f1,Taiwan,124.07,False
a88737,United States,268.26,False
a396b0,United States,257.19,False
a143c6,United States,260.91,False
44083f,Austria,143.04,False
8990ee,Taiwan,276.77,False
a55ae8,United States,232.58,False
a143bb,United States,81.28,False
8990c7,Taiwan,230.07,False
a023b3,United States,94.57,False
8990c5,Taiwan,0.0,True
c088fb,Canada,246.99,False
aa7dd6,United States,268.13,False
8990c1,Taiwan,281.91,False
c062b8,Canada,0.0,True
8990bd,Taiwan,224.71,False
a32f1b,United States,236.54,False
c00e5c,Canada,100.22,False
a3c163,United States,0.06,True
a7fdab,United States,214.99,False
c00e55,Canada,0.0,True
a0cf55,United States,58.13,False
a3c15d,United States,197.31,False
a143a3,United States,210.95,False
c816d6,New Zealand,50.63,False
7c19ce,Australia,3.34,True
ab56a9,United States,98.07,False
aa7f48,United States,258.37,False
aa7f46,United States,203.23,False
c05095,Canada,208.83,False
a899af,United States,4.37,True
a32f82,United States,199.75,False
a263dc,United States,202.16,False
a32f84,United States,254.94,False
a3d3b3,United States,0.51,True
78044f,China,264.74,False
c816e8,New Zealand,87.74,False
c0508e,Canada,54.69,False
ac770e,United States,57.77,False
aa7f2b,United States,202.98,False
aa7f2a,United States,185.77,False
c05086,Canada,214.21,False
a130e6,United States,82.04,False
a646bc,United States,154.26,False
a8e9b5,United States,87.48,False
a9819b,United States,222.41,False
a263e3,United States,198.03,False
e498aa,Brazil,88.82,False
ad9712,United States,198.7,False
aa7f27,United States,153.83,False
aa7f25,United States,208.54,False
aa7f24,United States,191.11,False
780473,China,87.89,False
0d08f3,Mexico,290.61,False
ab9dab,United States,12.35,True
c00e25,Canada,190.01,False
a3d3d8,United States,31.58,False
a406c9,United States,197.69,False
a06c88,United States,63.3,False
0d08eb,Mexico,216.07,False
49d369,Czech Republic,218.93,False
a20f73,United States,4.63,True
a526ed,United States,212.0,False
7cf409,Australia,13.38,True
a56f6f,United States,58.67,False
a6a9ce,United States,45.58,False
a0cf8d,United States,195.23,False
a1dc31,United States,132.61,False
c00e15,Canada,194.64,False
a276dd,United States,220.55,False
a143e9,United States,267.49,False
ab574c,United States,59.73,False
c0509f,Canada,138.79,False
48e9f3,Poland,226.22,False
a19f8e,United States,58.65,False
aa7f08,United States,249.32,False
aa7f05,United States,209.77,False
c05056,Canada,248.7,False
aa7f03,United States,252.22,False
aa7f01,United States,213.0,False
c06381,Canada,62.57,False
aa7f09,United States,275.74,False
7cf470,Australia,8.23,True
a3f9d3,United States,54.2,False
ad972a,United States,177.32,False
a539c9,United States,201.27,False
4b8e05,Turkey,232.41,False
ab3117,United States,211.32,False
ab9de9,United States,7.2,True
ac7762,United States,189.49,False
a8c484,United States,176.85,False
a7a478,United States,35.44,False
a68f07,United States,27.54,False
7cf44d,Australia,2.57,True
a2a0ae,United States,101.14,False
7cf451,Australia,15.43,True
abdaa4,United States,184.76,False
0d08b3,Mexico,235.53,False
aba765,United States,270.09,False
407eec,United Kingdom,130.14,False
c0506b,Canada,210.13,False
ab3133,United States,240.19,False
407eeb,United Kingdom,228.15,False
a539f5,United States,0.0,True
a396fd,United States,161.02,False
7cf442,Australia,3.09,True
e485b0,Brazil,196.17,False
a526bb,United States,78.51,False
ac6445,United States,165.78,False
a03816,United States,7.2,True
c06589,Canada,69.9,False
111111,Russian Federation,107.39,False
acb4e1,United States,48.77,False
e4999e,Brazil,0.0,True
e4999d,Brazil,171.74,False
c1e884,Canada,5.4,True
3a5400,France,138.89,False
aa6d9a,United States,222.89,False
ac51e8,United States,161.58,False
a1a810,United States,6.69,True
780504,China,280.57,False
a07ee3,United States,29.34,False
71c224,Republic of Korea,295.02,False
a81f83,United States,233.25,False
71c225,Republic of Korea,293.57,False
a0ceb3,United States,188.07,False
a6cc91,United States,185.61,False
a8d6bd,United States,163.6,False
c05271,Canada,4.12,True
e4997c,Brazil,258.35,False
aa11dc,United States,225.77,False
71c257,Republic of Korea,125.91,False
71c254,Republic of Korea,105.62,False
71c255,Republic of Korea,123.09,False
71c259,Republic of Korea,225.98,False
a740f1,United States,108.31,False
a80c87,United States,219.15,False
71c252,Republic of Korea,312.25,False
aaaa90,United States,29.86,False
a14502,United States,205.25,False
c82920,New Zealand,25.77,False
a993ad,United States,247.05,False
c1e869,Canada,16.98,True
a43c7a,United States,236.33,False
adc1a3,United States,69.0,False
aa11d3,United States,173.53,False
7cf635,Australia,1.8,True
aa11c9,United States,185.96,False
7cf636,Australia,7.72,True
c06541,Canada,214.21,False
7cf631,Australia,0.0,True
a3d3f0,United States,198.55,False
a886bf,United States,0.0,True
c0653d,Canada,220.22,False
c0653f,Canada,254.95,False
a55c73,United States,0.0,True
a18bc0,United States,135.61,False
040261,Ethiopia,254.63,False
a38527,United States,0.0,True
c05218,Canada,258.11,False
74482b,Jordan,212.9,False
a0ceed,United States,65.15,False
a7ff34,United States,183.99,False
a92c25,United States,143.68,False
aca1dd,United States,232.43,False
a5ac3f,United States,66.14,False
a5ac3b,United States,262.1,False
a2c836,United States,0.0,True
7cf616,Australia,0.39,True
c06539,Canada,225.48,False
ac791d,United States,196.38,False
0d099a,Mexico,240.05,False
c82952,New Zealand,139.57,False
c82953,New Zealand,257.27,False
0c605f,Trinidad and Tobago,237.49,False
a19ecf,United States,195.4,False
c06560,Canada,38.83,False
a1584a,United States,246.27,False
aba90a,United States,94.46,False
0c6060,Trinidad and Tobago,249.64,False
aa5a0e,United States,263.03,False
aa24c1,United States,68.84,False
c05220,Canada,2.57,True
a15878,United States,74.0,False
a7ec24,United States,31.14,False
744823,Jordan,252.43,False
a06bd3,United States,235.38,False
acea99,United States,132.44,False
a6cc45,United States,1.8,True
ac0fb6,United States,149.47,False
a3c0ee,United States,61.05,False
0d0947,Mexico,0.0,True
a43bc6,United States,4.12,True
ad97a7,United States,141.96,False
a8d807,United States,77.49,False
a52873,United States,52.85,False
e49938,Brazil,0.06,True
0d094c,Mexico,183.67,False
a49206,United States,198.91,False
503ce6,Lithuania,83.97,True
a3c21a,United States,223.04,False
c1e803,Canada,3.6,True
a2a219,United States,32.41,False
aca29a,United States,233.7,False
c80335,New Zealand,40.77,False
ab44af,United States,0.0,True
ab44ae,United States,85.5,False
a3d568,United States,180.58,False
e49907,Brazil,101.69,False
a5287c,United States,168.25,False
a1589d,United States,186.21,False
a1a87e,United States,189.71,False
a52898,United States,237.57,False
a7b832,United States,137.99,False
ac77be,United States,143.19,False
acc7ae,United States,206.02,False
a31bc3,United States,3.09,True
abca00,United States,255.95,False
a67bc8,United States,207.99,False
7cf4a6,Australia,5.92,True
c8298f,New Zealand,61.96,False
c00ec7,Canada,127.17,False
a37279,United States,2.83,True
a8b0bf,United States,58.13,False
4ba914,Turkey,4.12,False
aabd56,United States,234.21,False
ab7a33,United States,70.96,False
4ba90b,Turkey,116.07,False
a06d01,United States,45.0,False
abca08,United States,267.51,False
a037b2,United States,191.54,False
ab44dd,United States,250.0,False
a37265,United States,252.32,False
7cf4fd,Australia,1.54,True
a37260,United States,6.17,True
0d090e,Mexico,267.18,False
a2fbec,United States,258.14,False
e48614,Brazil,115.73,False
a2fbf1,United States,214.74,False
ac64cf,United States,161.04,False
add4a0,United States,176.87,False
ad1d3d,United States,95.92,False
71c293,Republic of Korea,198.27,False
7cf4f2,Australia,2.57,True
ad97dd,United States,140.57,False
4ba902,Turkey,224.1,False
a3e85c,United States,54.34,False
abdd67,United States,160.32,False
aabd7f,United States,210.75,False
71c286,Republic of Korea,217.72,False
c050ae,Canada,259.86,False
a037e3,United States,82.16,False
a92bcf,United States,59.9,False
c050c4,Canada,210.55,False
c050c5,Canada,211.74,False
c050c0,Canada,194.52,False
ac523c,United States,64.82,False
ac789b,United States,258.3,False
a86236,United States,62.57,False
7817ac,China,217.78,False
0aca5d,Colombia,230.86,False
a157d9,United States,50.55,False
a9e50e,United States,50.86,False
a8758b,United States,0.0,True
ad857e,United States,260.03,False
7817d0,China,241.13,False
aa6bed,United States,213.07,False
aca22e,United States,272.25,False
c1e6d5,Canada,15.95,True
a2a26d,United States,0.0,True
a9953b,United States,253.98,False
aa2576,United States,116.55,False
a7b84c,United States,99.63,False
a05a49,United States,232.31,False
a1dd2d,United States,2.31,True
840646,Japan,110.0,False
7817de,China,143.09,False
ab329e,United States,210.97,False
7c3d53,Australia,207.37,False
7804c6,China,258.87,False
406e11,United Kingdom,186.83,False
a7a512,United States,262.76,False
4ba893,Turkey,250.93,False
a264ae,United States,55.8,False
a6355a,United States,214.27,False
acfbfd,United States,172.99,False
a9f837,United States,55.34,False
a0aa1b,United States,187.04,False
a93ee7,United States,55.09,False
a264a5,United States,53.03,False
a0bd33,United States,189.14,False
a9d0fe,United States,243.24,False
aa2543,United States,147.52,False
86efb0,Japan,127.71,False
8991da,Taiwan,222.75,False
aa1219,United States,155.47,False
a86212,United States,58.92,False
c828dc,New Zealand,46.31,False
a9f818,United States,185.49,False
ad727d,United States,175.32,False
a011ac,United States,258.77,False
a7a532,United States,205.26,False
a7fed3,United States,256.09,False
ae0803,United States,231.69,False
ab4515,United States,113.63,False
a80d09,United States,245.43,False
0d07b3,Mexico,216.65,False
a9d286,United States,264.14,False
a9d284,United States,253.92,False
780586,China,197.75,False
a2a1a5,United States,220.2,False
aa6d1b,United States,126.07,False
c00f13,Canada,30.08,False
406caa,United Kingdom,215.8,False
a9d28a,United States,191.26,False
a42a10,United States,75.11,False
ab5867,United States,279.02,False
ac783b,United States,169.47,False
ab4531,United States,162.66,False
a7b7c5,United States,215.43,False
ab9eca,United States,234.74,False
407fcc,United Kingdom,260.54,False
ad2ea9,United States,223.0,False
a371a2,United States,30.97,False
ad2ea7,United States,78.71,False
aba82e,United States,233.94,False
407fcd,United Kingdom,267.7,True
a55d70,United States,58.97,False
ab3214,United States,200.8,False
407fd2,United Kingdom,184.82,False
704018,Myanmar,119.91,False
ab586f,United States,232.15,False
ab321b,United States,195.24,False
aabbc9,United States,231.69,False
a2a1e7,United States,4.12,True
ae4ea9,United States,104.05,False
aba874,United States,197.54,False
c802db,New Zealand,50.16,False
a491be,United States,64.39,False
a07fc6,United States,124.14,False
a03954,United States,206.22,False
0aca28,Colombia,238.22,False
ad1baf,United States,65.93,False
abeeea,United States,200.7,False
aba882,United States,166.66,False
e497b0,Brazil,0.0,True
4ca24d,Ireland,9.77,True
aba891,United States,9.77,True
a55d31,United States,212.39,False
a1ca64,United States,208.08,False
a384f8,United States,218.49,False
ac6573,United States,199.54,False
407fff,United Kingdom,0.0,True
400008,United Kingdom,29.32,False
a42a39,United States,258.99,False
a3d4c6,United States,97.46,False
a1ca5f,United States,199.21,False
aa127e,United States,187.59,False
a42a37,United States,223.29,False
7817a2,China,25.73,False
a1110d,United States,200.51,False
a2edb4,United States,187.77,False
a3b414,United States,154.18,False
a1244b,United States,228.69,False
aa1821,United States,218.65,False
a30dc5,United States,202.52,False
71c347,Republic of Korea,236.15,False
a13767,United States,0.0,True
880c43,Thailand,0.51,True
a8b5fc,United States,245.75,False
71c375,Republic of Korea,254.28,False
71c379,Republic of Korea,168.2,False
a37738,United States,201.53,False
ac5825,United States,39.1,False
a50757,United States,193.53,False
a0ade2,United States,286.14,False
a8a2da,United States,55.65,False
78063b,China,205.82,False
486071,Kingdom of the Netherlands,293.51,False
71c364,Republic of Korea,198.2,False
486072,Kingdom of the Netherlands,252.53,False
a0add4,United States,3.86,True
71c362,Republic of Korea,209.45,False
a7de89,United States,0.0,True
a77b76,United States,251.98,False
ab1203,United States,229.7,False
a7cb53,United States,215.31,False
71c317,Republic of Korea,213.78,False
e49c07,Brazil,234.31,False
ac9eb4,United States,130.26,False
ab385e,United States,202.64,False
7c810c,Australia,136.77,False
7c8100,Australia,149.49,False
71c306,Republic of Korea,89.76,False
ad7828,United States,148.42,False
a3776f,United States,292.84,False
a9d5e5,United States,182.35,False
a9c2b3,United States,259.1,False
71c300,Republic of Korea,88.06,False
71c304,Republic of Korea,142.49,False
a16adc,United States,263.34,False
71c333,Republic of Korea,7.2,True
503d3d,Lithuania,226.45,False
a9e8ce,United States,211.16,False
a8eb21,United States,242.66,False
a48416,United States,68.85,False
a23138,United States,205.79,False
e49c04,Brazil,239.46,False
a7de93,United States,254.78,False
7cf70e,Australia,2.57,True
e49c05,Brazil,223.87,False
78067d,China,231.01,False
71c327,Republic of Korea,202.62,False
a1bac2,United States,153.31,False
aa4c87,United States,0.19,True
7cf715,Australia,2.31,True
155c6b,Russian Federation,77.63,False
a37765,United States,241.74,False
a7ddbd,United States,3.6,True
a9873d,United States,7.72,True
7cf5f4,Australia,0.45,True
47c98d,Norway,228.89,False
406b05,United Kingdom,267.69,False
a6aaaa,United States,300.02,False
a05f31,United States,252.96,False
a48480,United States,186.98,False
a05f37,United States,186.41,False
aca6c0,United States,193.78,False
abbc52,United States,200.44,False
a3514f,United States,196.22,False
a4d483,United States,268.22,False
a149c1,United States,8.23,True
407e21,United Kingdom,235.31,False
a23197,United States,34.28,False
ad63a8,United States,237.17,False
7cf5e0,Australia,2.83,True
acb9ed,United States,254.06,False
ac30b6,United States,94.16,False
a61481,United States,50.94,False
abcf7f,United States,299.75,False
aaf0c6,United States,186.6,False
ab10d4,United States,187.79,False
aaf0c3,United States,222.16,False
ad50a9,United States,150.78,False
a7dde1,United States,249.0,False
a2316e,United States,256.31,False
a4c170,United States,227.46,False
a6147f,United States,148.01,False
a77ad8,United States,69.48,False
a8b72b,United States,62.32,False
a3a190,United States,75.2,False
aa0559,United States,258.03,False
ac30c0,United States,245.4,False
7c2b51,Australia,56.4,False
e49aa8,Brazil,37.04,True
aaf0ce,United States,3.86,True
a1cf1a,United States,32.74,False
a3c775,United States,194.92,False
a42f03,United States,97.62,False
a149f1,United States,253.65,False
a16c15,United States,38.92,False
a73410,United States,146.02,False
ad50c9,United States,282.58,False
abbc75,United States,147.82,False
c05736,Canada,63.81,False
ac30e9,United States,236.02,False
880c52,Thailand,233.37,False
71c386,Republic of Korea,65.92,False
407e68,United Kingdom,120.55,False
7c2b8a,Australia,34.82,False
407e4e,United Kingdom,219.91,False
c83f1a,New Zealand,81.02,False
e4a43c,Brazil,169.31,False
a50793,United States,152.89,False
407e53,United Kingdom,235.11,False
406b22,United Kingdom,213.6,False
a53ad7,United States,0.0,True
a05f59,United States,4.12,True
a003a6,United States,184.92,False
ac30fe,United States,43.08,False
407e45,United Kingdom,214.8,False
a7218f,United States,172.21,False
a8a490,United States,0.0,True
a123e2,United States,252.05,False
c82c15,New Zealand,36.79,False
adb476,United States,206.92,False
a243d2,United States,231.56,False
a1bc1d,United States,71.36,False
a389f8,United States,164.02,False
ab49d4,United States,47.37,False
a759a8,United States,4.63,True
a506d1,United States,217.77,False
a4e6c0,United States,260.54,False
a42f1c,United States,48.49,False
a8a478,United States,182.06,False
a506d6,United States,85.12,False
ab6c08,United States,187.03,False
a65c08,United States,0.0,True
a1bc29,United States,236.13,False
a123bc,United States,45.54,False
7c8089,Australia,4.37,True
a28c23,United States,271.58,False
a639f5,United States,207.02,False
ac9f39,United States,2.83,True
503cb3,Lithuania,194.01,False
7805e2,China,133.38,False
a01805,United States,200.08,False
868db5,Japan,246.06,False
abcf2f,United States,216.61,False
a59197,United States,203.44,False
440607,Austria,65.14,False
ab7f63,United States,86.94,False
a1bc73,United States,49.27,False
ab23b5,United States,232.75,False
ada16f,United States,3.86,True
7c2b36,Australia,3.34,True
a01815,United States,65.29,False
a230d6,United States,89.21,False
a376fe,United States,233.55,False
ad0f29,United States,217.06,False
a376ec,United States,258.87,False
503cbe,Lithuania,192.94,False
a7216d,United States,260.63,False
ac56d9,United States,242.9,False
ac56ba,United States,233.75,False
ac9f52,United States,248.26,False
ab7f6c,United States,161.12,False
a639a4,United States,90.51,False
a4c18c,United States,150.05,False
a1cf6d,United States,69.03,False
ac69fc,United States,281.82,False
a519cc,United States,96.77,False
4b9df5,Turkey,208.96,False
44061b,Austria,213.82,False
a4f9af,United States,71.83,False
780699,China,227.6,False
ad7757,United States,57.18,False
a3a0cf,United States,205.76,False
503d62,Lithuania,239.91,False
7cf674,Australia,0.9,True
a8b6be,United States,6.43,True
7cf675,Australia,0.13,True
aaf111,United States,191.93,False
06a077,Qatar,5.92,True
ad7760,United States,220.67,False
aaadf8,United States,261.43,False
7c8023,Australia,116.64,False
06a080,Qatar,154.85,False
7cf669,Australia,3.34,True
c055c6,Canada,113.1,False
c055c9,Canada,190.99,False
7c801c,Australia,136.47,False
c055d6,Canada,168.55,False
c055d2,Canada,158.3,False
39cf02,France,252.16,False
aa4c3e,United States,0.0,True
3949e4,France,247.78,False
3949e3,France,235.58,False
3949e9,France,0.77,True
a733e6,United States,210.46,False
39cf0d,France,232.14,False
a42f8b,United States,200.99,False
503d71,Lithuania,245.91,False
adb415,United States,44.82,False
39cf10,France,79.92,False
a600e4,United States,259.14,False
c055f5,Canada,188.32,False
06a09c,Qatar,211.52,False
7cf62d,Australia,3.6,True
aca760,United States,140.79,False
155c37,Russian Federation,271.35,False
8406e8,Japan,0.0,True
e49b0a,Brazil,218.06,False
aa4c42,United States,249.24,False
ab2496,United States,5.92,True
ab6afa,United States,86.47,False
a7df23,United States,219.82,False
a759eb,United States,217.36,False
e4a2d5,Brazil,247.28,False
7c806b,Australia,173.98,False
7c8069,Australia,235.57,False
7c8066,Australia,179.25,False
7c8065,Australia,273.23,False
a24529,United States,6.17,True
aa03a2,United States,189.82,False
ab249d,United States,206.81,False
a2a80f,United States,275.38,False
407cd1,United Kingdom,250.04,False
a65c38,United States,36.35,False
a3b3e5,United States,198.0,False
a29eb6,United States,185.65,False
acedf5,United States,274.07,False
a2450b,United States,0.0,True
aca788,United States,67.91,False
aca79d,United States,196.76,False
e49b51,Brazil,229.57,False
7cf692,Australia,10.8,True
e4a2b7,Brazil,224.83,False
c055c1,Canada,124.81,False
a00537,United States,131.94,False
a9618a,United States,245.74,False
7cf689,Australia,0.06,True
407cb3,United Kingdom,95.71,False
a866aa,United States,224.68,False
7cf684,Australia,5.14,False
a24508,United States,210.62,False
a7cc00,United States,88.36,False
ad646e,United States,274.73,False
7cf66f,Australia,0.13,True
adb43d,United States,52.97,False
a53c82,United States,87.67,False
a3a0ca,United States,3.34,True
78072a,China,246.25,False
ac5920,United States,269.98,False
e4a36d,Brazil,200.48,False
a28bbf,United States,163.88,False
a53ba4,United States,191.41,False
4b9e47,Turkey,254.35,False
4b9e45,Turkey,9.27,False
a2eec1,United States,56.47,False
a3fbaa,United States,230.22,False
a4e851,United States,58.83,False
ac9fb5,United States,95.96,False
ab6cb0,United States,262.66,False
a54ee7,United States,230.32,False
76b444,Singapore,233.54,False
ac5956,United States,209.56,False
a36516,United States,184.06,False
a2452f,United States,1.03,True
a2452c,United States,255.43,False
ab6cc0,United States,217.77,False
a35254,United States,0.06,True
ac462d,United States,157.02,False
abbca1,United States,215.91,False
ab3989,United States,3.09,True
76b451,Singapore,81.9,False
4b9e4f,Turkey,219.46,False
76b455,Singapore,229.62,False
70412b,Myanmar,107.04,False
ab7fee,United States,197.89,False
7c2be9,Australia,187.77,False
a24591,United States,127.37,False
c03261,Canada,206.53,False
ac9ff2,United States,209.86,False
a47221,United States,259.67,False
ab398a,United States,245.08,False
ac3315,United States,258.29,False
aca948,United States,231.65,False
aaf326,United States,52.35,False
a36562,United States,215.67,False
7c2baf,Australia,3.34,True
7c2bc6,Australia,212.36,False
c88019,Fiji,201.43,False
c88018,Fiji,224.61,False
7c2bc5,Australia,0.0,True
a35236,United States,59.63,False
a9d6e2,United States,31.14,False
a35220,United States,205.29,False
ac8ce5,United States,140.18,False
aca94b,United States,244.14,False
7c2bb0,Australia,234.97,False
ac3338,United States,243.24,False
a3b50f,United States,220.6,False
a8ec57,United States,220.76,False
abaa1a,United States,237.17,False
a6abcc,United States,239.07,False
a5f581,United States,201.53,False
ac31b0,United States,76.79,False
a4d58f,United States,216.16,False
a60260,United States,69.66,False
7cf6fb,Australia,4.89,True
abbd73,United States,274.51,False
a4c272,United States,43.95,False
a6157b,United States,40.72,False
7c80ac,Australia,0.0,True
407f2c,United Kingdom,247.0,False
407f2d,United Kingdom,277.65,False
a017a5,United States,210.03,False
7c80ae,Australia,80.79,False
a8b848,United States,217.13,False
ac7a58,United States,112.09,False
ad9a3d,United States,186.11,False
ad64cd,United States,223.99,False
a9c506,United States,5.66,True
a9d837,United States,13.53,False
a3524e,United States,204.5,False
ac7a65,United States,269.67,False
407f0e,United Kingdom,241.89,False
7c80b9,Australia,6.94,False
ab11fb,United States,55.75,False
a9d807,United States,210.29,False
a2a7b5,United States,0.0,True
aa4ce2,United States,220.99,False
a54eea,United States,48.64,False
407f8d,United Kingdom,218.11,False
c0583e,Canada,51.56,False
407f96,United Kingdom,229.29,False
84091b,Japan,196.82,False
a124b5,United States,187.67,False
a5f52d,United States,210.37,False
abbd8d,United States,195.52,False
a74865,United States,218.03,False
3c4ec7,Germany,214.61,False
acdd76,United States,101.0,False
407f7b,United Kingdom,73.05,False
a377a2,United States,186.42,False
c0583a,Canada,65.16,False
adea26,United States,209.42,False
a7486a,United States,208.28,False
406c3b,United Kingdom,246.36,False
406c3a,United Kingdom,96.86,False
c88099,Fiji,202.9,False
a8b805,United States,177.02,False
0ac919,Colombia,60.98,False
a6bed6,United States,45.39,False
407f66,United Kingdom,65.68,False
7c80f5,Australia,110.17,False
407f62,United Kingdom,243.6,False
aa17c2,United States,75.8,False
a16d89,United States,235.66,False
a65d06,United States,161.41,False
a111bd,United States,200.63,False
ad5288,United States,227.54,False
a39a13,United States,0.0,True
86222e,Japan,178.92,False
a9b275,United States,270.41,False
a3b4c7,United States,214.19,False
a9b279,United States,102.68,False
ada296,United States,188.29,False
a004ec,United States,91.35,False
a3b4d6,United States,207.41,False
a27a26,United States,222.37,False
ac57af,United States,75.12,False
ac57d2,United States,151.0,False
a39a62,United States,262.61,False
a1aa74,United States,74.37,False
abbd0a,United States,74.15,False
c82b32,New Zealand,200.49,False
a5e295,United States,220.02,False
a5e293,United States,97.64,False
a84255,United States,205.51,False
a471a0,United States,5.14,True
ac57f9,United States,138.61,False
a28d7a,United States,50.27,False
abbd2d,United States,231.57,False
0291a4,Tunisia,299.7,False
7cf6b0,Australia,1.54,True
a9b200,United States,91.32,False
a9755d,United States,30.87,False
a39a30,United States,158.31,False
48c2ab,Poland,262.76,False
abaa0e,United States,207.47,False
7cf6a8,Australia,4.37,True
a40a18,United States,0.06,True
7cf6a4,Australia,9.26,True
a9d879,United States,40.28,False
a1bd6a,United States,270.32,False
a17fb5,United States,241.95,False
a25925,United States,220.09,False
a76a3a,United States,238.17,False
ab256a,United States,250.92,False
71c513,Republic of Korea,177.04,False
ad520d,United States,56.92,False
a8a4c7,United States,0.39,True
a471ec,United States,236.29,False
48c2a4,Poland,108.36,False
abbbae,United States,214.28,False
a9fa04,United States,243.42,False
a867f5,United States,30.37,False
71c502,Republic of Korea,75.94,False
a50900,United States,211.44,False
aa4d77,United States,267.04,False
a52a99,United States,209.5,False
a8ed0a,United States,27.28,False
a8a4a0,United States,154.67,False
a841c0,United States,119.9,False
5113c3,Estonia,8.23,True
a2ca5f,United States,265.97,False
88628f,Thailand,278.72,False
a721d5,United States,108.65,False
8514b4,Japan,165.66,False
a77d89,United States,182.92,False
c043cb,Canada,191.58,False
a2dd8d,United States,59.08,False
867d00,Japan,60.71,False
886291,Thailand,261.81,False
7c2ad4,Australia,241.62,False
71c523,Republic of Korea,284.43,False
a27a94,United States,173.21,False
a841b7,United States,55.05,False
a2efae,United States,206.29,False
a3a1ab,United States,59.16,False
a89d0a,United States,142.94,False
e49a55,Brazil,159.69,False
acdbec,United States,216.53,False
a53d70,United States,105.31,False
ad6595,United States,269.9,False
406ac4,United Kingdom,234.3,False
aca88b,United States,64.04,False
a3ea54,United States,175.75,False
ada227,United States,259.11,False
a53d80,United States,113.62,False
a747cb,United States,207.14,False
ad526c,United States,190.81,False
ad5269,United States,7.72,True
acdbee,United States,190.38,False
c056c6,Canada,196.26,False
a89d22,United States,194.52,False
aaf29f,United States,211.08,False
86228c,Japan,0.0,True
e49a2e,Brazil,237.41,False
ad5273,United States,281.96,False
a43ea6,United States,224.76,False
aced8f,United States,212.48,False
a63805,United States,155.31,False
0d065f,Mexico,254.21,False
a25522,United States,25.54,False
71c595,Republic of Korea,207.07,False
abba6c,United States,262.86,False
a01567,United States,227.85,False
a13541,United States,0.51,True
e4a258,Brazil,204.53,False
aced7a,United States,17.49,True
780860,China,233.07,False
789201,China,1.03,True
a8a0d9,United States,190.04,False
71c588,Republic of Korea,88.03,False
a05bde,United States,81.63,False
a18ef8,United States,248.7,False
ad61de,United States,219.78,False
78086c,China,284.06,False
a9e6cb,United States,46.31,False
789213,China,274.54,False
789214,China,291.55,False
a3c50a,United States,51.57,False
a850dc,United States,7.72,True
48c139,Poland,252.21,False
7c3fc3,Australia,119.88,False
48c131,Poland,217.36,False
86ce81,Japan,6.43,True
a9e6df,United States,0.0,True
a18ed4,United States,151.22,False
a996e1,United States,98.37,False
ac692a,United States,80.27,False
789233,China,266.22,False
a876f4,United States,51.65,False
a2fee9,United States,46.3,True
71c555,Republic of Korea,178.15,False
71c556,Republic of Korea,197.9,False
a6cf94,United States,0.0,True
a610c8,United States,228.62,False
a8c6e1,United States,4.12,True
ab3632,United States,90.23,False
78922c,China,80.53,False
ab2308,United States,45.93,False
ab8fcb,United States,223.83,False
a17bfe,United States,205.49,False
ab3639,United States,233.68,False
a8fc2e,United States,216.82,False
801454,India,95.09,False
71c540,Republic of Korea,257.04,False
789246,China,266.34,False
ab362c,United States,218.17,False
0d0646,Mexico,67.25,False
789241,China,272.53,False
a43ec9,United States,118.59,False
a05bf4,United States,157.1,False
a43ec3,United States,250.52,False
a2fec9,United States,75.47,False
a49510,United States,79.23,False
a0abc5,United States,203.62,False
a996be,United States,180.82,False
acffb7,United States,268.25,False
a2685b,United States,66.89,False
ad8935,United States,226.82,False
ab8fee,United States,210.94,False
ac9cb1,United States,58.87,False
71c564,Republic of Korea,193.89,False
789265,China,6.43,True
71c568,Republic of Korea,168.65,False
71c569,Republic of Korea,196.74,False
ab364d,United States,99.24,False
acb938,United States,165.19,False
aaacc3,United States,200.2,False
aaad49,United States,283.51,False
a67ef7,United States,50.15,False
a12296,United States,36.03,False
a3c586,United States,48.04,False
c06852,Canada,36.01,False
3444da,Spain,234.6,False
a9e81d,United States,66.49,False
a8c846,United States,137.8,False
ad0d35,United States,269.7,False
a5f208,United States,206.61,False
a75864,United States,48.19,False
7c1a88,Australia,85.99,False
7c81cd,Australia,4.6,False
abcd50,United States,83.03,False
a1226e,United States,243.75,False
a8785b,United States,270.18,False
aa1652,United States,179.58,False
a43eea,United States,75.02,False
ab34ea,United States,7.72,True
80145b,India,214.93,False
a2ebbd,United States,227.75,False
aced21,United States,211.81,False
a30bce,United States,213.29,False
aced24,United States,204.55,False
a3621e,United States,163.21,False
a24267,United States,40.18,False
7c81d6,Australia,60.31,False
a75883,United States,78.65,False
a73220,United States,164.14,False
ad0d3b,United States,68.23,False
aaad6d,United States,1.8,False
add7dc,United States,228.96,False
aa295d,United States,199.12,False
a05d24,United States,68.34,False
a027ca,United States,215.95,False
aa1635,United States,77.89,False
a79ea0,United States,106.02,False
a29d01,United States,58.89,False
a55ed5,United States,0.0,True
407c26,United Kingdom,228.51,False
c06817,Canada,9.77,True
a50549,United States,213.0,False
80148e,India,207.63,False
c05512,Canada,20.58,True
a66ba7,United States,45.7,False
a3d87d,United States,2.83,True
ac54ff,United States,103.47,False
a3627d,United States,5.66,True
a4e538,United States,140.69,False
a36272,United States,89.0,False
a4d220,United States,271.58,False
78083a,China,70.64,False
add7f1,United States,98.38,False
4cc4f1,Iceland,235.35,False
acda2c,United States,7.72,True
7cf7b9,Australia,0.51,False
a9e88d,United States,193.53,False
a9e899,United States,46.13,False
ac4279,United States,152.47,False
a254af,United States,41.83,False
a54d03,United States,38.52,False
a05d6b,United States,91.75,False
c040e8,Canada,212.18,False
a134d5,United States,0.0,True
06a1be,Qatar,226.39,False
06a1bb,Qatar,163.21,False
aa0292,United States,235.02,False
a16a02,United States,197.81,False
06a1cf,Qatar,209.67,False
06a1e9,Qatar,262.35,False
06a1e7,Qatar,158.43,False
a97251,United States,209.55,False
a3d7e2,United States,57.53,False
ac429b,United States,169.94,False
a0ad1d,United States,200.76,False
a241c3,United States,42.68,False
a374cc,United States,85.6,False
a87898,United States,209.41,False
4bb841,Turkey,243.55,False
a4d266,United States,247.3,False
06a1ed,Qatar,249.37,False
06a1eb,Qatar,0.0,True
a9e850,United States,35.72,False
a2b7f5,United States,119.6,False
a1cd4e,United States,218.4,False
a7dbaa,United States,201.38,False
c053c8,Canada,168.87,False
ab34a6,United States,244.5,False
4bb84e,Turkey,222.1,False
ab34a7,United States,179.1,False
4bb84c,Turkey,221.09,False
a1ba0a,United States,43.8,False
adb29c,United States,203.36,False
c82a2d,New Zealand,55.8,False
a134e8,United States,63.58,False
a1cd55,United States,224.27,False
a98539,United States,279.71,False
0d04ae,Mexico,231.45,False
7cf7bf,Australia,0.19,False
7cf7ba,Australia,0.51,False
c1e9f4,Canada,8.23,True
c1e9f7,Canada,7.2,True
a121be,United States,33.99,False
407af2,United Kingdom,69.17,False
a3d7a7,United States,182.96,False
a7dbd2,United States,55.73,False
aa01b3,United States,58.66,False
46a5e2,Greece,252.82,False
a6bd2b,United States,39.38,False
4cc52d,Iceland,217.01,False
789276,China,248.29,False
a494eb,United States,253.2,False
504e59,Republic of Moldova,237.69,False
a744b3,United States,3.6,False
ad8835,United States,212.44,False
aa14d2,United States,239.45,False
4cc53b,Iceland,248.04,False
ac4210,United States,188.48,False
a997cc,United States,188.52,False
789286,China,175.24,False
789285,China,245.39,False
a494e9,United States,246.01,False
8515c4,Japan,0.0,True
78927f,China,5.14,True
c1e9a7,Canada,5.14,True
ac9bc0,United States,116.16,False
acb84d,United States,158.5,False
4bb863,Turkey,223.5,False
45ce57,Denmark,4.12,True
45ce56,Denmark,220.6,False
4bb870,Turkey,234.97,False
c066f4,Canada,247.66,False
504e6c,Republic of Moldova,5.92,True
ac9bad,United States,44.39,False
789295,China,201.04,False
789294,China,1.29,True
4bb86a,Turkey,221.75,False
4cc530,Iceland,204.69,False
504e65,Republic of Moldova,243.32,False
a29d7f,United States,104.43,False
7c2bf6,Australia,179.8,False
a2ed5a,United States,155.7,False
4bb876,Turkey,65.92,False
a361b6,United States,108.17,False
a1ba59,United States,214.8,False
a77a32,United States,170.69,False
7c2bea,Australia,167.25,False
a30d6b,United States,187.59,False
a4d1e3,United States,82.47,False
aa5d23,United States,211.96,False
a25603,United States,81.73,False
c82a8e,New Zealand,66.31,False
78929d,China,0.9,True
ac4237,United States,0.06,True
ac5569,United States,7.72,True
a8a28a,United States,75.91,False
abdeec,United States,233.75,False
a54d2d,United States,47.06,False
504e87,Republic of Moldova,244.38,False
a06ff3,United States,60.72,False
45ce46,Denmark,219.93,False
4cc57b,Iceland,218.85,False
a66d27,United States,187.56,False
a4f7cb,United States,266.84,False
4cc57c,Iceland,248.03,False
ac5576,United States,49.99,False
a26934,United States,54.06,False
4cc57a,Iceland,214.07,False
45ce49,Denmark,116.59,False
acb878,United States,268.1,False
4b4271,Switzerland,58.21,False
c066b2,Canada,0.45,True
c066b0,Canada,261.87,False
46b8aa,Greece,249.48,False
4cc573,Iceland,249.3,False
a13610,United States,87.63,False
4cc570,Iceland,190.31,False
a53a31,United States,98.67,False
acebbe,United States,70.26,False
8a026b,Indonesia,234.14,False
46b8a2,Greece,1.03,True
ac9bfa,United States,57.45,False
a13664,United States,80.6,False
a851ed,United States,49.01,False
a3761c,United States,217.83,False
a05cf3,United States,216.62,False
801524,India,142.58,False
06a116,Qatar,285.14,False
a851f6,United States,183.59,False
86cf7c,Japan,61.74,False
c03069,Canada,267.45,False
06a10b,Qatar,234.63,False
a6aa6e,United States,184.58,False
e4a12b,Brazil,233.99,False
e4a12a,Brazil,192.5,False
06a125,Qatar,285.14,False
06a123,Qatar,253.72,False
06a11d,Qatar,222.39,False
ac5700,United States,0.0,True
e4a133,Brazil,129.14,False
ab7da4,United States,7.28,False
06a12d,Qatar,278.12,False
a3c649,United States,275.66,False
a3891a,United States,227.13,False
a55fce,United States,48.05,False
a55fe9,United States,1.03,True
a91d8e,United States,0.45,True
c0307c,Canada,260.25,False
06a140,Qatar,239.86,False
06a141,Qatar,231.52,False
a13650,United States,183.93,False
80154b,India,222.07,False
a12378,United States,211.91,False
80154a,India,68.95,False
a1ccec,United States,191.93,False
a0acff,United States,239.45,False
406a9c,United Kingdom,201.15,False
a9d4b5,United States,265.07,False
a8fd3c,United States,275.6,False
a48321,United States,137.21,False
a2b991,United States,160.14,False
ac5723,United States,280.96,False
48c22d,Poland,244.51,False
a8b4cc,United States,60.62,False
80155d,India,104.1,False
80155a,India,0.0,True
a38991,United States,217.17,False
86cf2b,Japan,181.23,False
a29cf9,United States,43.92,False
a24369,United States,89.63,False
a3897f,United States,122.75,False
a48315,United States,232.66,False
c0301d,Canada,146.42,False
a23030,United States,266.71,False
ab374c,United States,21.61,True
a3d90a,United States,251.52,False
a5f1ca,United States,203.04,False
a11020,United States,202.47,False
a997e5,United States,185.18,False
ab7dd6,United States,39.7,False
48c228,Poland,243.03,False
a0acdd,United States,253.75,False
a6aa5f,United States,77.17,False
c83ab2,New Zealand,53.73,False
a23000,United States,53.51,False
ac5746,United States,278.42,False
7c1acf,Australia,250.48,False
80152f,India,232.81,False
a2564e,United States,170.85,False
86cf4d,Japan,182.72,False
a8fd2c,United States,168.34,False
090149,Angola,188.42,False
7c1ac2,Australia,179.22,False
7c1ac1,Australia,4.89,True
a8b4c6,United States,215.88,False
7c1abb,Australia,69.31,False
a0acf8,United States,220.67,False
a55fa2,United States,212.48,False
a0acf9,United States,10.29,True
e4a166,Brazil,142.09,False
a05e02,United States,248.39,False
a66ce0,United States,209.82,False
80159e,India,77.12,False
80159f,India,202.99,False
a9e93b,United States,0.0,False
a2439c,United States,160.17,False
ac8b2e,United States,271.45,False
aaae79,United States,68.03,False
a48356,United States,9.77,True
407d00,United Kingdom,221.77,False
e0814b,Argentina,67.49,False
abbb2c,United States,213.88,False
a7eff7,United States,208.6,False
a24370,United States,11.32,True
ac9e77,United States,225.82,False
85186a,Japan,156.48,False
a4c03c,United States,38.24,False
a1239c,United States,2.31,True
acdb17,United States,37.11,False
a6135b,United States,33.12,False
a6cffc,United States,208.51,False
aa0439,United States,38.34,False
a74679,United States,213.03,False
a66ca8,United States,10.8,True
407d4c,United Kingdom,210.1,False
a66ca5,United States,218.81,False
a80fb2,United States,33.75,False
a1ce16,United States,184.49,False
adb2a4,United States,6.69,True
abce7a,United States,205.79,False
aa5dc5,United States,207.35,False
a8791f,United States,66.41,False
a04b24,United States,201.75,False
aca5e5,United States,236.47,False
a66cb8,United States,44.95,True
a3c662,United States,158.39,False
a54cd9,United States,260.67,False
a5afd0,United States,54.55,False
a67ff6,United States,264.88,False
406a04,United Kingdom,145.18,False
a5afe6,United States,52.96,False
abbb77,United States,0.0,True
a59007,United States,43.8,False
a17e0e,United States,84.17,False
abbb92,United States,170.64,False
06a108,Qatar,236.85,False
407d22,United Kingdom,218.41,False
06a103,Qatar,0.0,True
a75966,United States,212.59,False
a54e16,United States,51.08,False
a9d67a,United States,58.67,False
adc694,United States,258.03,False
ad504d,United States,176.71,False
ad6394,United States,283.04,False
a638a0,United States,170.02,False
7892a6,China,255.09,False
7892a3,China,177.03,False
06a0a5,Qatar,227.31,False
7892a4,China,197.96,False
a0ae75,United States,58.65,False
a42e13,United States,262.62,False
c819de,New Zealand,118.23,False
c819df,New Zealand,0.32,True
a78e09,United States,207.84,False
06a0b7,Qatar,277.17,False
ab48aa,United States,153.22,False
7c1b06,Australia,244.13,False
ad639e,United States,75.63,False
a2b8c5,United States,198.37,False
a135cb,United States,202.81,False
ab48bf,United States,210.77,False
a8539b,United States,51.81,False
a54e46,United States,52.39,False
88510f,Thailand,0.0,True
adb35c,United States,280.8,False
0d03de,Mexico,197.36,False
06a0bc,Qatar,266.73,False
06a0ba,Qatar,216.74,False
a638d5,United States,36.58,False
885115,Thailand,0.0,True
a59067,United States,189.57,False
a60052,United States,229.87,False
a3a06a,United States,37.64,False
a5e02d,United States,200.44,False
a9d63b,United States,163.33,False
a1ce99,United States,220.6,False
680009,Bhutan,186.0,False
680008,Bhutan,0.0,True
aaae1b,United States,203.33,False
a8a343,United States,197.15,False
ada069,United States,35.29,False
06a0e6,Qatar,230.83,False
ab7e41,United States,241.99,False
a495bf,United States,0.0,True
06a0df,Qatar,278.1,False
ac9e23,United States,179.51,False
a242c3,United States,1.8,True
a362a9,United States,207.66,False
7cf8f5,Australia,208.98,False
ab35d2,United States,235.64,False
a2db21,United States,216.0,False
a495b4,United States,221.73,False
ab35cb,United States,204.96,False
a9e965,United States,37.45,False
a04b92,United States,234.21,False
aa5cf8,United States,77.48,False
06a0fe,Qatar,117.9,False
06a0fd,Qatar,228.61,False
06a0fa,Qatar,232.57,False
06a0fb,Qatar,251.95,False
ac696c,United States,214.57,False
ad7631,United States,199.5,False
ab4994,United States,46.94,False
ad1fcf,United States,159.1,False
71c759,Republic of Korea,131.32,False
ad7639,United States,47.33,True
acffbc,United States,122.45,False
a53b69,United States,91.77,False
7c705f,Australia,53.42,False
a732a2,United States,0.06,True
ac9cd6,United States,84.5,False
ac6993,United States,90.44,False
aa02ab,United States,212.56,False
71c741,Republic of Korea,156.31,False
a00407,United States,152.67,False
aaf007,United States,167.06,False
8013e5,India,223.02,False
600b20,Azerbaijan,254.15,False
06a19e,Qatar,272.67,False
06a19f,Qatar,259.69,False
aa15cc,United States,153.36,False
8013df,India,219.52,False
aa4b32,United States,225.21,False
ab2363,United States,234.96,False
ac300d,United States,232.84,False
a7cb20,United States,41.75,False
aca62e,United States,148.96,False
acffe6,United States,75.45,False
8013ea,India,253.2,False
a7cb0b,United States,199.72,False
a495e9,United States,223.49,False
ab2372,United States,0.0,False
a13748,United States,211.99,False
71c713,Republic of Korea,208.92,False
0ac9dc,Colombia,217.42,False
ac3030,United States,238.5,False
71c717,Republic of Korea,247.31,False
ab236a,United States,203.1,False
71c712,Republic of Korea,221.52,False
a05dd8,United States,212.65,False
a4e5ae,United States,93.06,False
a04aa9,United States,212.3,False
0ac9f0,Colombia,238.71,False
a9b06f,United States,136.23,False
4cc45a,Iceland,237.73,False
ac5697,United States,191.04,False
a1373d,United States,197.55,False
a6be11,United States,31.9,False
71c701,Republic of Korea,269.41,False
a05ddc,United States,220.62,False
a638f5,United States,1.46,False
a3c5ea,United States,0.0,True
a8a391,United States,260.98,False
a54e78,United States,123.87,False
ac3053,United States,218.63,False
adc65e,United States,269.55,False
a482fc,United States,2.57,True
a612a6,United States,237.62,False
a7de16,United States,200.7,False
a12403,United States,179.61,False
a05dc5,United States,72.87,False
a9c380,United States,204.18,False
0ac9c3,Colombia,245.11,False
a41b89,United States,265.59,False
c067ae,Canada,211.13,False
a7b08d,United States,83.96,False
aa56db,United States,206.66,False
c822ab,New Zealand,45.28,False
7c6b2f,Australia,215.86,False
408124,United Kingdom,240.05,False
7c6b2d,Australia,181.35,False
ade18c,United States,0.0,True
a808ba,United States,42.82,False
abd9d9,United States,271.24,False
7c6b41,Australia,201.74,False
7c6b40,Australia,205.8,False
a665b9,United States,250.11,False
880451,Thailand,86.56,False
a305fd,United States,193.38,False
880456,Thailand,67.46,False
aa56d8,United States,262.38,False
a34e6a,United States,183.15,False
aa56d4,United States,210.33,False
a9f082,United States,52.69,False
aa56d5,United States,195.26,False
ad4f0b,United States,178.93,False
7c6b1c,Australia,250.6,False
7c6b30,Australia,243.93,False
a9f06a,United States,56.0,False
aaef60,United States,150.22,False
7c6b38,Australia,206.05,False
a282e5,United States,237.32,False
7c6b37,Australia,0.0,False
a665c5,United States,215.51,False
7c6b19,Australia,89.82,False
a1c5f2,United States,41.09,False
7c6b0d,Australia,6.69,True
a7e8bf,United States,203.19,False
aaa6dd,United States,301.7,False
aa8c10,United States,233.62,False
aa56b5,United States,87.66,False
a46e40,United States,190.0,False
a1fb33,United States,231.15,False
ad3c27,United States,10.8,True
a1c5e0,United States,229.46,False
4952c7,Portugal,209.98,False
a33b23,United States,182.18,False
ac2f5a,United States,229.18,False
a46e35,United States,203.51,False
7c6b18,Australia,221.27,False
7c6b17,Australia,131.93,False
7c6b14,Australia,0.0,True
4b180a,Switzerland,0.06,True
4952ae,Portugal,0.32,True
ac2f83,United States,199.64,False
a45b82,United States,126.42,False
c822ed,New Zealand,137.57,False
4952b0,Portugal,225.73,False
4952b2,Portugal,261.97,False
e4943e,Brazil,75.7,False
aaef89,United States,221.97,False
c822ec,New Zealand,130.68,False
e49445,Brazil,228.81,False
a7b057,United States,215.07,False
ac83c3,United States,137.16,False
a1fb98,United States,140.86,False
4952a1,Portugal,161.1,False
e4944e,Brazil,166.0,False
e4944f,Brazil,236.8,False
4952a3,Portugal,248.86,False
4952a5,Portugal,191.44,False
4952a6,Portugal,260.68,False
e48120,Brazil,228.45,False
48cb15,Poland,231.08,False
a2d2f2,United States,118.36,False
a34e9d,United States,223.97,False
ac1c76,United States,232.07,False
a1b2ee,United States,65.13,False
408143,United Kingdom,243.44,False
7c6b4d,Australia,59.83,False
40812e,United Kingdom,140.3,False
ace6ef,United States,60.56,False
a7b074,United States,198.06,False
7c6b3b,Australia,225.33,False
abfc71,United States,191.1,False
ace6e2,United States,199.35,False
ad4f81,United States,169.13,False
7c6b3c,Australia,1.03,True
a46e6a,United States,273.36,False
ad4f85,United States,55.8,False
ad4f86,United States,48.75,False
acd3ad,United States,60.34,False
a45b48,United States,49.78,False
a94b51,United States,231.98,False
a0441d,United States,40.52,False
0d0aca,Mexico,220.35,False
a94b50,United States,238.25,False
861f3c,Japan,174.41,False
0d0acd,Mexico,200.37,False
a6eb5c,United States,115.56,False
a94b4b,United States,201.77,False
a95e7c,United States,41.81,False
4b187b,Switzerland,225.46,False
4b187f,Switzerland,0.45,True
3c65ae,Germany,1.29,True
3c65ab,Germany,259.33,False
ab649a,United States,286.9,False
0d0af1,Mexico,212.96,False
0d0af7,Mexico,199.05,False
a83e87,United States,94.26,False
8686aa,Japan,258.85,False
ad9136,United States,43.26,False
a8f5be,United States,190.83,False
861f5e,Japan,257.68,False
86d6ac,Japan,7.72,True
adf45a,United States,234.11,False
acd481,United States,200.74,False
ac7179,United States,167.18,False
a8f5ba,United States,33.2,False
3c65c5,Germany,4.12,False
a45b8c,United States,86.01,False
acd486,United States,224.78,False
a94b2e,United States,4.63,True
aa8c99,United States,256.46,False
aab9a8,United States,163.58,False
a94b48,United States,254.66,False
7c2387,Australia,53.84,False
ac7188,United States,251.71,False
ae145c,United States,236.99,False
a8e2b0,United States,79.85,False
c82413,New Zealand,58.71,False
a6eb1e,United States,258.28,False
a94b0a,United States,217.8,False
a94b0b,United States,249.32,False
a1a110,United States,232.37,False
acd47e,United States,201.84,False
847c18,Japan,179.11,False
ac2f18,United States,214.74,False
a808ed,United States,84.18,False
a94b29,United States,206.78,False
a785cd,United States,37.56,False
861f00,Japan,190.27,False
a70b2f,United States,48.09,False
ac718d,United States,59.22,False
a71e5c,United States,201.24,False
a808f3,United States,119.29,False
a83e49,United States,208.25,False
a915cf,United States,234.17,False
a2840e,United States,197.66,False
a1c743,United States,46.89,False
c81102,New Zealand,4.12,True
c02e91,Canada,86.25,False
0d0ac8,Mexico,217.66,False
a57b8b,United States,68.81,False
aa43c4,United States,200.72,False
aa56f8,United States,75.11,False
0d0abf,Mexico,200.16,False
a94b05,United States,259.3,False
a94b02,United States,254.58,False
ac2f37,United States,281.29,False
a94b08,United States,194.77,False
a30735,United States,51.44,False
a29748,United States,135.42,False
a08acb,United States,180.07,False
ae149c,United States,95.86,False
a58de0,United States,152.03,False
aa441c,United States,242.9,False
7c7cce,Australia,0.51,True
a45aaf,United States,3.09,True
a4276a,United States,53.85,False
a41447,United States,163.11,False
782006,China,75.69,False
ab774b,United States,247.57,False
ad0725,United States,176.19,False
a3e11c,United States,62.26,False
c8244b,New Zealand,74.1,False
a71db6,United States,120.08,False
c8244c,New Zealand,57.35,False
a95da3,United States,216.36,False
aaa754,United States,55.34,False
a0dae2,United States,0.0,True
a39113,United States,264.33,False
7c362d,Australia,0.0,True
800da0,India,202.63,False
800da2,India,238.56,False
7c496c,Australia,0.0,True
a2845b,United States,285.18,False
a65454,United States,266.08,False
c82489,New Zealand,32.73,False
a42750,United States,188.21,False
ac7103,United States,204.89,False
75833b,Philippines,255.1,False
86d5fa,Japan,3.86,True
a3f401,United States,261.17,False
0d0b95,Mexico,177.33,False
3de8e3,Germany,54.21,False
e492b0,Brazil,65.65,False
86d5c3,Japan,182.38,False
a40164,United States,37.22,False
861e78,Japan,61.22,False
c8247f,New Zealand,34.84,False
ac2dea,United States,278.11,False
a27182,United States,18.01,False
49530a,Portugal,79.86,False
a3915a,United States,233.12,False
84cb66,Japan,123.19,False
758305,Philippines,74.66,False
a94b72,United States,228.21,False
025414,Morocco,59.22,False
14fc25,Russian Federation,232.09,False
86d5e5,Japan,172.69,False
a65408,United States,269.89,False
7c7cf2,Australia,83.54,False
a65405,United States,84.48,False
495305,Portugal,213.77,False
a94b6b,United States,233.13,False
495307,Portugal,220.55,False
495308,Portugal,233.81,False
495309,Portugal,232.86,False
abc780,United States,199.12,False
acd442,United States,67.68,False
495301,Portugal,221.83,False
a4bdb9,United States,0.77,True
495302,Portugal,219.17,False
c8249c,New Zealand,58.28,False
ace74e,United States,7.72,True
a1b486,United States,64.51,False
ad077b,United States,189.98,False
a53436,United States,111.8,False
84cb5b,Japan,145.33,False
7c6a8d,Australia,227.38,False
aaee9c,United States,128.38,False
a94ae3,United States,247.05,False
a94ae5,United States,6.94,True
e49364,Brazil,69.97,False
acd2d3,United States,161.08,False
abb2d5,United States,213.02,False
a7b133,United States,265.68,False
a559b7,United States,74.11,False
3c5428,Germany,217.97,False
a7b11b,United States,275.29,False
40805d,United Kingdom,219.89,False
c0701b,Canada,47.55,False
a1c6a8,United States,274.37,False
ac82f8,United States,70.48,False
3c5421,Germany,216.77,False
a559c3,United States,219.33,False
c87f27,New Zealand,109.75,False
c87f21,New Zealand,112.26,False
a7b13f,United States,234.61,False
a90474,United States,194.48,False
abb2fe,United States,226.21,False
c87f2b,New Zealand,104.43,False
a1a18f,United States,227.47,False
a7b13b,United States,0.0,True
abfb7c,United States,3.86,True
0d0b91,Mexico,177.01,False
a559ca,United States,105.45,False
3c6702,Germany,0.0,True
a7743b,United States,117.59,False
3c6707,Germany,235.58,False
c87f3a,New Zealand,80.11,False
a0ef80,United States,34.68,False
a8941f,United States,47.1,False
a1fc3b,United States,211.09,False
0d0b0f,Mexico,135.21,False
3c6711,Germany,232.15,False
3c6710,Germany,258.54,False
7c492b,Australia,229.03,False
a163f2,United States,105.09,False
a0ef99,United States,60.78,False
a21c4c,United States,68.47,False
a82aa8,United States,120.91,False
a34f53,United States,218.29,False
4951ef,Portugal,245.29,False
c02cf1,Canada,129.58,False
a6b799,United States,52.67,False
0d0b35,Mexico,255.28,False
758384,Philippines,184.85,False
a34f40,United States,283.73,False
3c670b,Germany,151.28,False
3c670d,Germany,244.23,False
3c670c,Germany,272.54,False
e49388,Brazil,231.36,False
ac9709,United States,267.04,False
a296e5,United States,47.87,False
40808c,United Kingdom,145.58,False
ac970e,United States,196.64,False
aa4440,United States,70.87,False
aa8ab2,United States,283.95,False
a64163,United States,144.17,False
a65490,United States,191.15,False
868710,Japan,0.06,True
a7d6a8,United States,276.75,False
a413cb,United States,212.38,False
a70c23,United States,36.46,False
c02eca,Canada,2.57,True
a83f30,United States,183.08,False
a666d0,United States,77.72,False
c02ed9,Canada,245.19,False
a533bd,United States,250.95,False
c02ec1,Canada,243.99,False
a3f3e1,United States,66.76,False
a5cc35,United States,280.63,False
a33c68,United States,92.09,False
7c6c53,Australia,1.54,True
7c6c52,Australia,199.57,False
02a1a4,Tunisia,202.89,False
a1a0c4,United States,256.71,False
aa44ad,United States,272.54,False
abfd23,United States,0.45,True
7c6c56,Australia,76.39,False
02a1a7,Tunisia,225.96,False
aaa7ef,United States,208.21,False
7c6c55,Australia,222.58,False
7c7f5c,Australia,60.81,False
a4bf95,United States,108.46,False
ab9a32,United States,210.99,False
a150d8,United States,63.8,False
abc7e9,United States,187.66,False
c0853f,Canada,243.85,False
a7d6ae,United States,4.63,True
a83f56,United States,57.62,False
a34f7f,United States,212.77,False
abfd39,United States,7.46,True
408213,United Kingdom,241.05,False
a7e9e7,United States,167.08,False
7c49fb,Australia,0.0,False
408210,United Kingdom,207.32,False
a283cf,United States,52.35,False
a5cc3c,United States,281.22,False
aa8d21,United States,41.73,False
ae14ac,United States,142.87,False
abfd66,United States,225.08,False
aaca3c,United States,44.39,False
ae4a18,United States,103.82,False
a7619b,United States,207.46,False
ae4a10,United States,86.98,False
ace7e7,United States,133.44,False
ad3d66,United States,69.63,False
a929a2,United States,165.2,False
7c6c92,Australia,208.19,False
7c6c90,Australia,81.46,True
ad3d4e,United States,199.19,False
ac1d80,United States,174.76,False
a0580d,United States,89.83,False
408260,United Kingdom,224.46,False
a1fc9d,United States,2.06,True
adf4c7,United States,102.91,False
a3f3b3,United States,71.05,False
abb4ea,United States,204.01,False
aaca75,United States,239.19,False
ac0a75,United States,206.51,False
acd4d7,United States,273.0,False
acd4d4,United States,139.51,False
a4bf67,United States,60.76,False
a5cc12,United States,139.42,False
a5cc11,United States,0.77,True
ac71dd,United States,122.31,False
40823f,United Kingdom,214.63,False
3c6571,Germany,4.89,True
a400b2,United States,191.25,False
40823c,United Kingdom,228.34,False
40823d,United Kingdom,215.72,False
ae01a1,United States,153.15,False
a16534,United States,260.23,False
abb58b,United States,41.34,False
782078,China,207.75,False
846a34,Japan,274.03,False
a1b519,United States,217.36,False
a82c88,United States,55.98,False
c01c7c,Canada,60.65,False
a22ed4,United States,50.99,False
ac7289,United States,54.55,False
a03235,United States,275.92,False
a760e4,United States,72.32,False
a34ea4,United States,243.5,False
a34ea0,United States,65.63,False
a3f500,United States,254.41,False
a17847,United States,252.16,False
a9af67,United States,66.7,False
7c1185,Australia,75.27,False
3c64a5,Germany,0.0,True
3c64ad,Germany,8.23,True
ae0258,United States,154.62,False
e491c3,Brazil,142.28,False
aa31ed,United States,199.9,False
ae0250,United States,185.53,False
a10eba,United States,40.8,False
e491ae,Brazil,254.43,False
e491af,Brazil,235.65,False
a57c7d,United States,58.64,False
0a008e,Algeria,343.65,False
a45ba2,United States,205.68,False
a57c93,United States,52.54,False
a5cc4c,United States,225.73,False
7c6c24,Australia,116.23,False
c02f6a,Canada,205.52,False
a29884,United States,26.26,False
a7c3a2,United States,35.73,False
ad9293,United States,210.27,False
a7c3d9,United States,227.38,False
e491f0,Brazil,2.83,True
c82315,New Zealand,136.07,False
a69c97,United States,220.35,False
a880b0,United States,210.52,False
a69c91,United States,131.28,False
a6a3f8,United States,86.92,False
ab77d5,United States,206.93,False
0a0074,Algeria,162.98,False
0a0075,Algeria,236.07,False
a0589c,United States,55.85,False
0a0087,Algeria,247.55,False
aaa7d0,United States,43.95,False
a27201,United States,5.92,True
a4281d,United States,227.5,False
a520fd,United States,55.22,False
e491ef,Brazil,96.69,False
a5354f,United States,51.12,False
a4bef6,United States,178.39,False
abc82a,United States,56.41,False
7c6ab0,Australia,57.77,False
a39243,United States,266.71,False
c82349,New Zealand,113.94,False
c01c02,Canada,238.44,False
a2d573,United States,11.83,True
ab0ef9,United States,3.34,True
a6b840,United States,252.7,False
a45bd7,United States,252.66,False
a69bc3,United States,228.18,False
ab786d,United States,43.18,False
75847f,Philippines,131.38,False
aa4535,United States,52.36,False
ab6552,United States,1.8,True
a5dee6,United States,50.39,False
abb537,United States,198.77,False
aa9ed3,United States,53.03,False
a69bd9,United States,226.33,False
aaa86a,United States,3.34,True
aaa86c,United States,226.16,False
ad4eca,United States,191.14,False
ac1bb6,United States,167.72,False
ac1bb7,United States,77.38,False
ad0851,United States,174.55,False
a6b868,United States,215.2,False
a3e269,United States,57.29,False
a65576,United States,266.66,False
a1fbd9,United States,198.02,False
c01c28,Canada,1.54,True
ad4ebc,United States,232.28,False
a5cbd9,United States,46.56,False
a4abf9,United States,175.09,False
a1b573,United States,139.33,False
a70bc9,United States,65.75,False
abb52c,United States,209.74,False
4a08e9,Romania,230.83,False
0d0a77,Mexico,186.31,False
aa9eb3,United States,196.06,False
a057c7,United States,210.88,False
aaa88b,United States,64.32,False
4080df,United Kingdom,213.32,False
4080de,United Kingdom,145.55,False
3c64c5,Germany,215.89,False
ae152c,United States,267.18,False
4080e4,United Kingdom,223.15,False
a2c27e,United States,203.77,False
4080e2,United Kingdom,221.4,False
a39289,United States,232.05,False
e491a1,Brazil,115.06,False
ac8577,United States,194.8,False
a6682f,United States,40.77,False
75843d,Philippines,51.02,False
ac1be9,United States,147.05,False
a4158a,United States,0.0,True
a58ed4,United States,46.25,False
a3f541,United States,67.39,False
abb54f,United States,264.34,False
7c6aef,Australia,133.48,False
782179,China,167.07,False
a6b833,United States,201.63,False
c02f21,Canada,254.14,False
ab525f,United States,201.7,False
a27299,United States,59.87,False
adf540,United States,204.49,False
4080c0,United Kingdom,250.69,False
a64204,United States,72.92,False
a057b6,United States,43.65,False
a27285,United States,69.85,False
a65537,United States,70.32,False
4080b6,United Kingdom,228.78,False
a2727a,United States,93.47,False
a1a286,United States,143.69,False
aa5806,United States,7.2,True
3c64ee,Germany,256.83,False
861ed6,Japan,274.08,False
a0dd36,United States,253.91,False
aa328f,United States,1.03,True
a94bfc,United States,276.35,False
a94bff,United States,251.85,False
abfc97,United States,237.98,False
a307b6,United States,64.29,False
a7c56d,United States,194.63,False
a8e585,United States,35.5,False
ac1c9b,United States,230.47,False
a0dd44,United States,266.11,False
7103dd,Saudi Arabia,260.42,False
a7c59b,United States,38.65,False
e49221,Brazil,117.14,False
a7629a,United States,27.88,False
861ede,Japan,67.91,False
40815c,United Kingdom,213.47,False
0d0a71,Mexico,261.89,False
738c06,Israel,244.07,False
a33d62,United States,0.39,True
a427e3,United States,123.48,False
a89545,United States,217.85,False
a71efa,United States,150.5,False
39d307,France,0.0,True
0d0a02,Mexico,149.99,False
a1b4bb,United States,56.7,False
0d0a08,Mexico,3.86,True
a76235,United States,257.18,False
e49295,Brazil,234.28,False
aa589c,United States,146.64,False
a6b87a,United States,68.45,False
a6a589,United States,70.42,False
ab6512,United States,89.83,False
a1b4ab,United States,257.08,False
aa4572,United States,47.85,False
ab6519,United States,0.06,True
a031bd,United States,1.8,True
abc80c,United States,9.77,True
e49266,Brazil,122.78,False
ab6526,United States,77.3,False
a284b5,United States,0.0,True
0d0a21,Mexico,148.91,False
ad081a,United States,63.97,False
aa321e,United States,48.53,False
e4926f,Brazil,203.57,False
a1ea02,United States,54.06,False
ab0ed6,United States,178.37,False
a19a48,United States,0.0,True
e49270,Brazil,174.41,False
a1b4b2,United States,207.17,False
a19a2e,United States,73.85,False
a11f9d,United States,294.27,False
aaed05,United States,9.77,True
ac2d09,United States,269.68,False
a59f53,United States,159.69,False
a6d9c3,United States,253.79,False
0d0e2b,Mexico,197.76,False
0d0e40,Mexico,4.37,True
aaed17,United States,266.51,False
a5ef0e,United States,4.37,True
acd296,United States,271.08,False
a34c38,United States,76.9,False
a2f6ba,United States,224.88,False
a34c2f,United States,191.43,False
a449f1,United States,260.45,False
4843f3,Kingdom of the Netherlands,256.87,False
a280a4,United States,219.89,False
aaed0c,United States,227.63,False
aaed0d,United States,262.01,False
ac2d25,United States,45.79,False
a5a6c1,United States,186.47,False
7583e8,Philippines,130.11,False
ad4d12,United States,139.08,False
0d0e4b,Mexico,232.47,False
a58c2e,United States,12.86,True
a1e9ea,United States,85.41,False
a2f6b3,United States,218.91,False
0d0e66,Mexico,214.68,False
7583ec,Philippines,250.92,False
0d0e65,Mexico,225.19,False
0d0e68,Mexico,23.15,True
7c37ec,Australia,157.49,False
a449cb,United States,1.54,True
aaa4b3,United States,213.55,False
aab7e4,United States,64.49,False
aaed42,United States,41.67,False
7583f8,Philippines,236.6,False
0d0e5b,Mexico,226.48,False
c820ab,New Zealand,130.49,False
c080dc,Canada,200.38,False
c080db,Canada,223.06,False
abd7d1,United States,253.54,False
aa429c,United States,88.21,False
7c6d9e,Australia,263.97,False
a569c4,United States,285.79,False
7c6d9d,Australia,208.07,False
7c6d9b,Australia,196.03,False
7c6d9a,Australia,223.88,False
c080cd,Canada,140.37,False
a59f15,United States,96.49,False
a4cf16,United States,56.95,False
a8913b,United States,289.32,False
0d0e04,Mexico,90.13,False
0d0e05,Mexico,195.3,False
86d96c,Japan,2.31,True
151dcb,Russian Federation,207.43,False
7583d1,Philippines,204.86,False
a423d7,United States,252.7,False
aaed4f,United States,80.77,False
c080e0,Canada,201.26,False
ac2d62,United States,125.72,False
abfa24,United States,73.12,False
c820ce,New Zealand,215.75,False
a4cf26,United States,231.73,False
0d0e15,Mexico,221.8,False
abc4be,United States,264.81,False
a34c68,United States,280.51,False
7583a9,Philippines,144.58,False
7c6d8f,Australia,154.29,False
ab0d87,United States,49.99,False
a60f15,United States,44.74,False
a22c79,United States,46.2,False
c820d4,New Zealand,200.0,False
7c6d7c,Australia,271.6,False
a689bd,United States,110.9,False
ac1a44,United States,269.81,False
a95acc,United States,140.64,False
a34c58,United States,230.05,False
a34c57,United States,212.31,False
7c6d7f,Australia,119.81,False
7c6d7e,Australia,1.54,True
7c6d94,Australia,3.34,True
7c6d93,Australia,124.16,False
ac1a2c,United States,218.36,False
7c6d91,Australia,153.45,False
151dec,Russian Federation,221.34,False
44b0c3,Belgium,214.3,False
0d0e1d,Mexico,232.88,False
7c6d97,Australia,240.88,False
758526,Philippines,240.94,False
758525,Philippines,271.73,False
a11eb7,United States,261.89,False
ae6bb4,United States,0.0,True
a0b81d,United States,158.53,False
a0b823,United States,258.88,False
a71c6c,United States,42.5,False
a650c7,United States,141.06,False
a0b821,United States,247.35,False
a0b820,United States,8.23,True
c820f4,New Zealand,165.76,False
a4bc92,United States,241.38,False
aaa590,United States,234.77,False
758533,Philippines,240.85,False
758531,Philippines,96.29,False
a72f91,United States,1.54,True
a23ea5,United States,63.21,False
a09ba1,United States,52.68,False
a6a0a7,United States,85.39,False
ac2bf8,United States,268.19,False
c080a4,Canada,208.43,False
abc573,United States,149.75,False
aaa58b,United States,5.14,True
c080a2,Canada,211.81,False
c080a3,Canada,201.98,False
acd22c,United States,195.93,False
a280fe,United States,254.23,False
8422f9,Japan,191.13,False
a6fc7c,United States,54.89,False
a0b802,United States,207.32,False
a0b801,United States,255.75,False
a83c70,United States,62.04,False
a890b5,United States,143.37,False
c080d9,Canada,198.03,False
a9bf27,United States,0.0,True
a1b0fb,United States,215.24,False
0c4354,Dominican Republic,188.01,False
a913b1,United States,54.82,False
c080ac,Canada,80.56,False
c080aa,Canada,214.0,False
ab627c,United States,226.83,False
a890a4,United States,59.62,False
aa54f4,United States,165.21,False
7c6d2f,Australia,247.62,False
ac8289,United States,185.76,False
a84f41,United States,38.59,False
a35ec2,United States,278.48,False
48449a,Kingdom of the Netherlands,276.98,False
a0b86c,United States,0.0,True
0d0cdd,Mexico,220.1,False
a0b86a,United States,208.85,False
4b5cef,Switzerland,8.75,False
a10bbc,United States,9.77,True
a6c6c8,United States,213.27,False
a4380f,United States,0.0,True
e490ef,Brazil,71.65,False
7c6d38,Australia,209.55,False
0d0cf8,Mexico,125.04,False
7c6d37,Australia,201.18,False
7c6d36,Australia,10.29,True
7c6d33,Australia,102.34,False
7c6d32,Australia,208.73,False
7c6d31,Australia,223.83,False
c02c3d,Canada,51.54,False
0d0cec,Mexico,0.0,True
48448c,Kingdom of the Netherlands,207.26,False
a31829,United States,0.0,True
a05544,United States,236.8,False
a0b846,United States,0.0,True
a0b845,United States,271.13,False
a0b844,United States,152.11,False
a0b840,United States,192.28,False
a806e0,United States,211.66,False
7c6d24,Australia,220.87,False
a0b849,United States,260.45,False
a60f9b,United States,142.13,False
aa8a07,United States,263.91,False
a31819,United States,46.58,False
a84f4c,United States,47.34,False
a05559,United States,207.06,False
a1d81c,United States,89.76,False
a67846,United States,144.87,False
a2d20e,United States,93.12,False
151e8a,Russian Federation,4.15,False
ae10ec,United States,109.65,False
a53207,United States,201.53,False
a7e804,United States,49.91,False
a31890,United States,0.0,True
a54535,United States,320.32,False
a67858,United States,206.48,False
a35ef1,United States,192.34,False
a1d87a,United States,265.15,False
c03f02,Canada,3.34,True
a79821,United States,15.43,True
ac3ea3,United States,215.83,False
a34bc8,United States,187.03,False
0d0cb3,Mexico,0.64,True
782251,China,184.43,False
0d0cb9,Mexico,181.85,False
7c6bc2,Australia,287.91,False
a2e51d,United States,7.72,True
7c6bc0,Australia,0.9,True
a43855,United States,270.82,False
a0a54d,United States,264.54,False
c03f37,Canada,249.67,False
a29551,United States,111.65,False
a5320b,United States,191.57,False
abc504,United States,83.86,False
a0b889,United States,205.39,False
7c7eef,Australia,124.16,False
78224d,China,213.75,False
c8221a,New Zealand,111.59,False
a47ead,United States,98.05,False
a6784c,United States,96.91,False
7c6bbc,Australia,12.35,True
ac3eba,United States,0.9,True
a7982a,United States,77.76,False
a0b88f,United States,191.57,False
a0b88c,United States,139.88,False
ab885c,United States,221.25,False
a1889a,United States,34.99,False
484443,Kingdom of the Netherlands,249.05,False
a4cef4,United States,50.27,False
a0feff,United States,90.74,False
0d0cd9,Mexico,60.4,False
a67805,United States,214.27,False
a67806,United States,0.0,True
a95c89,United States,193.66,False
ac2ba0,United States,246.12,False
acf849,United States,265.3,False
a2e57e,United States,193.87,False
a83c91,United States,0.0,True
7c1272,Australia,35.8,False
abb205,United States,202.21,False
a890c7,United States,148.11,False
ac3ee9,United States,176.36,False
aaa555,United States,4.37,True
ac952b,United States,149.96,False
484415,Kingdom of the Netherlands,267.43,False
ad185f,United States,75.54,False
a2e571,United States,197.62,False
a6780b,United States,188.31,False
a0428a,United States,209.95,False
a1c57e,United States,224.63,False
7c6bf2,Australia,93.63,False
4246a2,United Kingdom,228.19,False
c82284,New Zealand,135.92,False
a7d3fe,United States,0.0,True
0d0d92,Mexico,191.64,False
c82299,New Zealand,43.68,False
a0b7b8,United States,239.99,False
a0b7b7,United States,99.93,False
7584a8,Philippines,238.68,False
a0b7b6,United States,265.37,False
aaa3f2,United States,193.97,False
a53287,United States,100.79,False
a92899,United States,287.16,False
ac3f92,United States,114.11,False
ab0c7e,United States,69.11,False
3c6519,Germany,257.55,False
ac2c79,United States,0.0,True
ac3f9c,United States,191.28,False
a6c88e,United States,209.89,False
a187ba,United States,137.27,False
a067b4,United States,217.1,False
a7858e,United States,198.46,False
3c651a,Germany,273.3,False
ab60e3,United States,266.62,False
aa4252,United States,277.27,False
151dbf,Russian Federation,270.61,False
ac80c1,United States,57.34,False
aa689a,United States,60.42,False
7c6c9f,Australia,248.48,False
3c7865,Germany,259.25,False
7c6c9b,Australia,216.13,False
e4910e,Brazil,6.69,True
aa6899,United States,225.38,False
abc3ec,United States,10.29,True
a7e890,United States,63.52,False
a91556,United States,29.29,False
a2e58b,United States,59.71,False
aaec9c,United States,92.61,False
a65220,United States,135.88,False
a67883,United States,232.75,False
a174c8,United States,79.71,False
a5a878,United States,283.57,False
a0b7de,United States,0.0,True
a0b7dc,United States,4.37,False
0d0d4b,Mexico,259.13,False
a7851c,United States,0.0,True
a6c84a,United States,37.04,False
a317ba,United States,164.45,False
a91535,United States,249.7,False
a96ed9,United States,4.37,True
0d0d75,Mexico,188.02,False
a66576,United States,280.96,False
a79890,United States,241.59,False
a6b554,United States,35.56,False
a067ec,United States,196.48,False
a7e865,United States,41.87,False
a0b7bb,United States,247.01,False
a0b7ba,United States,219.13,False
0d0d6b,Mexico,30.0,False
7c3845,Australia,0.06,True
aab812,United States,241.43,False
4b5d8b,Switzerland,0.0,True
0d0d83,Mexico,220.07,False
0d0d86,Mexico,179.22,False
aa4200,United States,239.28,False
a80875,United States,31.93,False
a08a1a,United States,275.63,False
a78557,United States,236.67,False
aa6857,United States,281.82,False
acd0cf,United States,260.47,False
a6b53b,United States,71.95,False
a2d1a7,United States,31.75,False
a677be,United States,212.75,False
a797b4,United States,220.41,False
a08a6b,United States,209.85,False
ac2e20,United States,204.03,False
4951d5,Portugal,13.38,True
a6c7b1,United States,39.87,False
a46d47,United States,209.41,False
a677ca,United States,207.97,False
a437da,United States,200.1,False
a33a30,United States,179.61,False
ab0e53,United States,191.09,False
aaee3b,United States,209.09,False
a437ce,United States,1.8,True
ab0e4c,United States,219.15,False
ac2e48,United States,213.56,False
0d0d38,Mexico,201.2,False
a8e279,United States,268.6,False
a10d82,United States,198.34,False
a1c4d8,United States,0.06,True
a46d29,United States,4.37,True
a0b7fe,United States,226.87,False
a0b7fd,United States,119.71,False
a0b7fb,United States,193.52,False
a46d26,United States,270.79,False
a5dd1c,United States,216.36,False
a83d18,United States,224.09,False
aaa5d4,United States,210.63,False
a4bd4d,United States,147.62,False
a34d2f,United States,256.16,False
a544de,United States,109.54,False
a46d11,United States,96.7,False
ace5b6,United States,253.97,False
ab62ad,United States,244.51,False
a33a78,United States,112.06,False
ace5aa,United States,69.82,False
7584e4,Philippines,168.08,False
aa68a5,United States,117.3,False
c01a7d,Canada,247.73,False
a11fa1,United States,211.01,False
a8e262,United States,102.48,False
a34d98,United States,219.73,False
408034,United Kingdom,201.57,False
a05614,United States,241.74,False
a83bfc,United States,43.21,False
a06943,United States,47.67,False
ac82b1,United States,38.67,False
a7d585,United States,36.64,False
392ae2,France,163.24,False
408027,United Kingdom,93.52,False
a46d70,United States,139.44,False
a33a55,United States,75.67,False
a557c3,United States,275.25,False
ac82bb,United States,92.64,False
aa3086,United States,273.15,False
aaee96,United States,203.22,False
a411b7,United States,206.05,False
aaa5ff,United States,233.7,False
aa439e,United States,140.27,False
a45a37,United States,45.79,False
a4bd24,United States,132.08,False
abb2bd,United States,34.99,False
a46d4e,United States,209.72,False
a8e247,United States,266.74,False
408011,United Kingdom,213.86,False
7584d7,Philippines,240.66,False
ace5bb,United States,0.0,True
a33a50,United States,298.48,False
ac82d4,United States,28.48,False
a23fb2,United States,198.08,False
75862c,Philippines,223.43,False
c02d99,Canada,255.15,False
a771cd,United States,176.66,False
ab5056,United States,148.75,False
a5ca4b,United States,193.82,False
a95d6e,United States,194.36,False
75863a,Philippines,32.61,False
a771d3,United States,32.82,False
ab6394,United States,8.75,True
758649,Philippines,58.51,False
ad4cf2,United States,199.65,False
a70a86,United States,49.71,False
a5ca89,United States,215.05,False
75860f,Philippines,239.05,False
aa42df,United States,196.34,False
a05628,United States,256.87,False
acc02b,United States,195.07,False
adf337,United States,54.7,False
a9ad36,United States,228.72,False
a46d8f,United States,214.49,False
a05633,United States,54.41,False
758628,Philippines,69.39,False
495293,Portugal,194.14,False
a6b4ac,United States,225.61,False
0d0bac,Mexico,136.64,False
a1b30d,United States,42.97,False
a28326,United States,60.47,False
aa55ee,United States,130.94,False
ade032,United States,61.32,False
a651a9,United States,213.48,False
86d9b8,Japan,175.5,False
a6c7cf,United States,60.6,False
0d0bba,Mexico,254.55,False
0d0bbe,Mexico,209.03,False
49526d,Portugal,264.83,False
acc040,United States,137.14,False
a03038,United States,252.84,False
495276,Portugal,137.18,False
a531cc,United States,69.11,False
a70a0c,United States,37.98,False
a6ea1f,United States,41.63,False
0d0bce,Mexico,97.84,False
a771af,United States,4.63,True
495266,Portugal,75.12,False
a35fc2,United States,213.79,False
a18972,United States,32.99,False
aa9e4a,United States,193.42,False
a784d5,United States,221.24,False
ad905a,United States,84.1,False
a23fe5,United States,238.43,False
a67960,United States,161.46,False
aaffaa,United States,269.38,False
7105b1,Saudi Arabia,267.0,False
a3900e,United States,147.31,False
4007ed,United Kingdom,214.84,False
151d88,Russian Federation,212.97,False
a54650,United States,220.21,False
aa9ca8,United States,64.32,False
a55985,United States,214.48,False
aaa621,United States,140.06,False
a29680,United States,221.99,False
a1c66a,United States,0.64,True
a46cc1,United States,259.77,False
4007f2,United Kingdom,0.0,True
a2834c,United States,58.2,False
a3e011,United States,209.94,False
a15027,United States,253.24,False
a7e93b,United States,197.5,False
ab6316,United States,240.71,False
4baac7,Turkey,233.32,False
4baac6,Turkey,218.12,False
ab1fea,United States,71.62,False
a2e646,United States,175.88,False
aa6943,United States,279.43,False
4baad0,Turkey,236.8,False
0d0ba1,Mexico,256.71,False
0d0ba3,Mexico,230.7,False
a30663,United States,224.81,False
a2f95c,United States,225.91,False
a80952,United States,257.8,False
4baad6,Turkey,188.85,False
a28336,United States,246.66,False
a30657,United States,280.37,False
a1c64e,United States,68.94,False
aaffed,United States,225.01,False
0d0bb3,Mexico,187.85,False
ab1ffe,United States,0.0,True
495211,Portugal,206.01,False
abc649,United States,252.08,False
a39052,United States,180.57,False
abd971,United States,110.67,False
a8e1cc,United States,213.0,False
aa6922,United States,8.23,True
a4268d,United States,84.05,False
aaa668,United States,235.72,False
a6ea99,United States,194.41,False
a28392,United States,209.97,False
adafb5,United States,220.54,False
85db54,Japan,1.54,True
abc63a,United States,138.22,False
7c005d,Australia,97.96,False
a40027,United States,0.0,True
ac832e,United States,165.97,False
151d4a,Russian Federation,258.67,False
a8e1ae,United States,189.8,False
a4000f,United States,142.21,False
a80912,United States,62.19,False
ad9003,United States,7.72,False
ac700e,United States,43.81,False
aa8a83,United States,186.63,False
aaa68a,United States,197.86,False
acf975,United States,253.28,False
aada4d,United States,162.19,False
abb1c2,United States,197.6,False
4b5c23,Switzerland,0.0,True
a34e01,United States,0.9,True
a7869b,United States,217.25,False
4ca9aa,Ireland,103.56,False
a7d673,United States,204.24,False
7585cd,Philippines,240.31,False
ac81cc,United States,133.25,False
a2c087,United States,213.03,False
a9accd,United States,2.06,True
a6a354,United States,214.27,False
7585d6,Philippines,46.95,False
a22e28,United States,211.07,False
ac81d3,United States,236.85,False
ac81d2,United States,0.0,True
4ca9ba,Ireland,242.16,False
a7e996,United States,76.45,False
c8216e,New Zealand,237.4,False
a8f646,United States,265.66,False
a6a382,United States,58.08,False
c08260,Canada,199.14,False
7585a2,Philippines,154.42,False
0d0c8f,Mexico,0.64,True
7585a0,Philippines,131.3,False
ac1a72,United States,0.0,True
a558b6,United States,42.38,False
a10e29,United States,5.66,True
abb1de,United States,111.95,False
a10e23,United States,160.63,False
aa5690,United States,0.0,True
782307,China,218.83,False
7585b4,Philippines,215.51,False
abfa5b,United States,45.37,False
a09e47,United States,176.09,False
a188ba,United States,85.15,False
ab890a,United States,239.31,False
acd1de,United States,60.05,False
acd1f6,United States,248.79,False
a22e72,United States,12.87,False
a042db,United States,226.82,False
a5468e,United States,233.19,False
a5dcde,United States,243.85,False
a438c3,United States,69.97,False
7c7fdc,Australia,50.99,False
7c7fdf,Australia,55.05,False
ab891a,United States,229.25,False
a305aa,United States,187.09,False
aab922,United States,190.09,False
c03ed7,Canada,151.85,False
a91616,United States,74.99,False
a8f607,United States,0.64,True
781002,China,277.37,False
440bbe,Austria,238.79,False
781003,China,247.21,False
a4009e,United States,0.0,True
7c6ca2,Australia,144.91,False
a175d3,United States,53.2,False
7c6ca0,Australia,185.9,False
a6a33f,United States,251.45,False
c03efe,Canada,121.67,False
a042ae,United States,126.25,False
acf906,United States,208.47,False
440bc5,Austria,142.26,False
440bc6,Austria,3.6,True
aa5657,United States,153.93,False
a4008e,United States,0.9,True
a7d63e,United States,235.63,False
a09e6c,United States,142.9,False
abd90c,United States,262.99,False
aaa616,United States,216.66,False
ab1fbb,United States,202.1,False
78100b,China,235.6,False
ac3fa5,United States,213.08,False
e49037,Brazil,210.38,False
a042d5,United States,196.41,False
a70f80,United States,149.54,False
c08883,Canada,52.08,False
a70f88,United States,207.08,False
a6a6f6,United States,217.36,False
a260ed,United States,253.01,False
846d0c,Japan,167.95,False
ab54ed,United States,59.9,False
a883a7,United States,4.89,True
a6dc42,United States,198.81,False
43ea87,United Kingdom,212.13,False
e4988e,Brazil,100.94,False
ac74e4,United States,267.57,False
a883bd,United States,235.75,False
a919cd,United States,5.92,True
a896ed,United States,47.67,False
4867ec,Kingdom of the Netherlands,7.72,True
a5bc79,United States,11.83,True
ac61bc,United States,286.45,False
a3d0f5,United States,214.87,False
4bab2d,Turkey,236.8,False
7c5c74,Australia,153.3,False
aa21b1,United States,59.68,False
e49866,Brazil,213.48,False
ae04ad,United States,155.56,False
a5bc83,United States,84.18,False
7c6f93,Australia,84.63,False
84bd16,Japan,5.14,True
400685,United Kingdom,220.09,False
ac61db,United States,241.12,False
a5cf41,United States,107.8,False
acfa52,United States,215.89,False
c07517,Canada,71.2,False
a69f49,United States,256.73,False
c07519,Canada,59.36,False
c01ec6,Canada,1.8,True
c08833,Canada,92.16,False
a1684c,United States,149.73,False
a5cf3f,United States,200.32,False
a5cf3c,United States,166.01,False
ad1a4e,United States,235.38,False
c82834,New Zealand,205.63,False
c07534,Canada,123.68,False
a3f6fe,United States,57.87,False
c82836,New Zealand,57.77,False
c08863,Canada,256.22,False
c08864,Canada,218.79,False
c08861,Canada,2.06,True
acb1e5,United States,184.2,False
7608fa,Pakistan,264.63,False
7cac87,Australia,55.26,False
a15516,United States,270.38,False
c08851,Canada,248.55,False
c0884e,Canada,101.35,False
c0884f,Canada,272.84,False
abda7d,United States,193.16,False
a9e167,United States,235.26,False
a789ea,United States,219.07,False
c08859,Canada,221.22,False
758768,Philippines,223.66,False
758767,Philippines,99.67,False
acb285,United States,213.83,False
c060fc,Canada,70.52,False
a3951c,United States,138.38,False
75874a,Philippines,176.8,False
7c39f1,Australia,206.8,False
e49817,Brazil,95.64,False
a3e525,United States,208.41,False
a8c0f0,United States,266.93,False
758773,Philippines,214.68,False
ad959d,United States,35.82,False
a65835,United States,195.42,False
c81530,New Zealand,53.41,False
aa4932,United States,211.13,False
a07bfa,United States,0.0,False
a2c515,United States,159.36,False
a0cbd6,United States,6.69,True
a33ed6,United States,194.09,False
70c13c,Oman,156.56,False
a2886c,United States,230.11,False
a33ead,United States,0.77,True
a1fec6,United States,20.58,False
a21ed4,United States,115.75,False
a89814,United States,207.98,False
a1a51a,United States,38.41,False
a08efa,United States,64.17,False
75872b,Philippines,243.57,False
a08efd,United States,199.6,False
a03574,United States,116.27,False
a8c0d2,United States,84.88,False
a33eb5,United States,2.06,True
e49849,Brazil,257.55,False
a32bf3,United States,195.76,False
c060bd,Canada,13.89,True
c060bc,Canada,247.87,False
c060ba,Canada,200.41,False
8411a4,Japan,103.84,False
140ae2,Russian Federation,239.07,False
70c10b,Oman,219.18,False
7822a2,China,222.64,False
7c5c59,Australia,29.36,False
a32bf5,United States,274.15,False
a32bf6,United States,32.16,False
c81576,New Zealand,68.42,False
a81c5b,United States,44.82,False
c073db,Canada,217.63,False
a1427f,United States,257.26,False
a32bcb,United States,3.09,True
a9f3ad,United States,172.55,False
c060c8,Canada,200.16,False
4baac1,Turkey,219.73,False
4baac2,Turkey,228.68,False
a906f3,United States,128.41,False
c060c5,Canada,239.25,False
a1a56d,United States,0.19,True
c060c1,Canada,171.39,False
70c109,Oman,241.44,False
a38223,United States,193.06,False
7c39fc,Australia,4.89,True
aacd50,United States,212.78,False
7c6f69,Australia,102.75,False
a81c98,United States,49.39,False
a21efb,United States,159.46,False
7c39f9,Australia,88.51,False
a38211,United States,206.4,False
70c126,Oman,135.41,False
ad1a02,United States,121.81,False
e49830,Brazil,204.58,False
a8d3c1,United States,170.87,False
a64578,United States,213.93,False
a5124c,United States,250.9,False
7c0157,Australia,65.4,False
a38281,United States,41.49,False
aa3579,United States,257.68,False
aba52d,United States,59.65,False
a9f502,United States,247.68,False
ac0bc4,United States,246.27,False
c8158f,New Zealand,47.85,False
a6322f,United States,50.44,False
acd83d,United States,164.22,False
781158,China,223.12,False
7c1474,Australia,161.73,False
7c1475,Australia,220.74,False
ade507,United States,76.68,False
ac6227,United States,210.09,False
acc53e,United States,73.85,False
ac0bde,United States,0.0,True
ac6243,United States,247.9,False
c060b8,Canada,136.69,False
c060b4,Canada,177.39,False
7c1469,Australia,268.92,False
a81bcc,United States,136.23,False
c060b1,Canada,174.32,False
abebbe,United States,236.83,False
a2c56d,United States,195.9,False
a5127c,United States,240.6,False
a44be5,United States,136.85,False
ac7581,United States,4.37,True
77044d,Sri Lanka,0.64,True
77044f,Sri Lanka,154.36,False
7c6deb,Australia,249.09,False
7c6dea,Australia,71.58,False
abebe0,United States,262.32,False
a2c574,United States,243.87,False
a8986c,United States,205.57,False
aa8ee8,United States,90.43,False
7c6ded,Australia,223.27,False
a4188e,United States,31.09,False
7c6dec,Australia,213.15,False
a7650b,United States,207.99,False
a64531,United States,228.72,False
acd88e,United States,218.24,False
a20d0e,United States,0.0,True
ac6266,United States,228.57,False
a18a03,United States,68.0,False
a3f87d,United States,46.31,False
abebf6,United States,88.82,False
aa7ba7,United States,219.81,False
ade53c,United States,129.73,False
a154ae,United States,292.74,False
ade548,United States,71.0,False
a034d4,United States,56.18,False
c01f28,Canada,79.9,False
a3e55b,United States,28.78,False
a3e55a,United States,238.23,False
a287ab,United States,116.43,False
a3f88e,United States,0.0,True
c827a6,New Zealand,259.85,False
aa3520,United States,99.71,False
c01f1e,Canada,191.1,False
a6452d,United States,124.95,False
c086bf,Canada,67.92,False
a6eed5,United States,209.89,False
a7c849,United States,206.4,False
ac6289,United States,227.7,False
a4f233,United States,117.86,False
75876f,Philippines,220.04,False
75876b,Philippines,6.17,True
75876a,Philippines,136.68,False
758794,Philippines,158.12,False
ae4be8,United States,50.64,False
a3828a,United States,198.08,False
ae189a,United States,205.18,False
a2b27b,United States,81.5,False
a261a3,United States,32.9,False
c06189,Canada,70.32,False
a034fe,United States,59.44,False
c06183,Canada,0.51,True
a44d1c,United States,240.44,False
a154e6,United States,204.52,False
880852,Thailand,229.08,False
c0617a,Canada,189.97,False
a06a5a,United States,222.12,False
a1b7df,United States,13.89,True
a417bc,United States,65.99,False
c06178,Canada,237.93,False
84bbdf,Japan,159.27,False
846bfa,Japan,212.88,False
c06173,Canada,0.0,True
c06175,Canada,99.93,False
ae03ed,United States,110.19,False
a657ac,United States,40.85,False
c06171,Canada,234.43,False
c0616c,Canada,148.55,False
880842,Thailand,153.32,False
ad2c9f,United States,290.97,False
a06a2d,United States,190.76,False
86789e,Japan,0.0,True
a777b8,United States,247.17,False
a99262,United States,211.06,False
a1b7e4,United States,105.59,False
c827f0,New Zealand,206.04,False
c827f1,New Zealand,103.48,False
a68d17,United States,55.32,False
c814cc,New Zealand,53.57,False
7586ca,Philippines,203.52,False
a7a28d,United States,186.6,False
c06193,Canada,163.24,False
a99272,United States,132.92,False
76d106,Singapore,229.06,False
a5bd0b,United States,192.84,False
c0618e,Canada,211.65,False
a06a54,United States,174.95,False
7609e4,Pakistan,220.11,False
c0618c,Canada,274.21,False
a537ed,United States,123.0,False
7c6de9,Australia,232.19,False
7c6de8,Australia,6.17,True
7c6de7,Australia,284.17,False
7586a8,Philippines,107.48,False
781109,China,223.85,False
a31a54,United States,281.73,False
a32d85,United States,57.42,False
7586a7,Philippines,153.17,False
7c6de4,Australia,211.03,False
7c6de3,Australia,112.92,False
a31a56,United States,137.82,False
a8856d,United States,267.4,False
a63282,United States,75.62,False
7c6ddf,Australia,0.0,True
7c6ddc,Australia,220.72,False
a417fe,United States,258.85,False
a44d62,United States,200.38,False
7c6dd8,Australia,217.39,False
7c6dd6,Australia,3.34,True
7c6dd5,Australia,0.0,True
a6dbf3,United States,210.29,False
846bbb,Japan,103.06,False
a394f5,United States,102.08,False
78110b,China,136.84,False
aaded5,United States,207.14,False
a0ba4e,United States,0.0,True
a6329d,United States,270.85,False
ab686f,United States,255.94,False
a3f7b8,United States,230.83,False
ac0ba7,United States,9.77,True
7c6dbb,Australia,217.62,False
a537b2,United States,191.38,False
84ceef,Japan,9.26,True
7c6db7,Australia,135.14,False
aa3591,United States,277.63,False
7c6db1,Australia,1.29,True
ac6204,United States,187.37,False
a7a257,United States,198.92,False
aadeec,United States,102.35,False
a9089d,United States,57.11,False
c0614d,Canada,196.24,False
78112a,China,229.45,False
7c6db8,Australia,213.9,False
ac0bb9,United States,88.04,False
4baa44,Turkey,23.43,False
4baa42,Turkey,12.05,False
7810bf,China,234.28,False
a56d8d,United States,78.23,False
c07676,Canada,271.99,False
a55a5b,United States,146.64,False
a68d6f,United States,207.45,False
a897f4,United States,0.0,True
abdb35,United States,74.3,False
a28928,United States,191.16,False
a8d4b0,United States,216.28,False
4baa49,Turkey,4.12,False
4baa46,Turkey,1.63,False
4baa53,Turkey,222.75,False
c05007,Canada,250.39,False
a8d4ad,United States,262.1,False
aa22e6,United States,58.16,False
c05001,Canada,131.93,False
4842d0,Kingdom of the Netherlands,5.4,True
a4f1da,United States,135.1,False
ac62cc,United States,0.26,True
a07ca0,United States,0.0,True
4baa4d,Turkey,230.75,False
a2fa71,United States,216.9,False
a31a96,United States,275.01,False
c06364,Canada,161.06,False
c06366,Canada,178.27,False
aa7e7d,United States,215.17,False
aa7e7c,United States,106.52,False
a31a76,United States,259.53,False
a31a77,United States,0.0,True
aa7e7a,United States,14.4,True
a1da83,United States,46.11,False
a7c7fe,United States,118.22,False
a511fd,United States,211.1,False
a28904,United States,0.0,True
c0502e,Canada,220.39,False
a44d85,United States,5.92,True
7c01e2,Australia,91.75,False
a884ce,United States,85.46,False
c06357,Canada,162.62,False
c06359,Canada,176.46,False
aa7e79,United States,214.53,False
a5aa78,United States,207.43,False
a08fb3,United States,57.07,False
c0501e,Canada,179.28,False
a7c7ee,United States,243.07,False
7c4a53,Australia,241.25,False
acb2ad,United States,195.52,False
a03618,United States,149.9,False
aa6b43,United States,203.3,False
7c4a57,Australia,256.5,False
7c4a54,Australia,79.38,False
a2d92a,United States,209.03,False
a14316,United States,55.9,False
ad82f4,United States,114.34,False
a07cd8,United States,1.8,False
a1696b,United States,213.5,False
a1ffd3,United States,59.08,False
a68d32,United States,194.01,False
a0232a,United States,140.25,False
a68d38,United States,264.94,False
a7c7a2,United States,281.98,False
add2ad,United States,159.53,False
a26308,United States,38.45,False
a21fe6,United States,307.63,False
a524e1,United States,205.25,False
70c0fc,Oman,220.33,False
add2b6,United States,199.93,False
a657f4,United States,205.0,False
aa7e56,United States,180.06,False
a1ffab,United States,141.81,False
a21fca,United States,119.97,False
a777bf,United States,164.0,False
aa7e51,United States,259.76,False
a9e26f,United States,290.88,False
4baa65,Turkey,238.34,False
4baa61,Turkey,4.12,False
a68d4d,United States,44.4,False
400776,United Kingdom,0.0,True
a28947,United States,262.74,False
aa7e2e,United States,222.66,False
400774,United Kingdom,263.47,False
c00cd6,Canada,163.55,False
a6a7cb,United States,7.42,False
c82727,New Zealand,136.49,False
c01ff2,Canada,150.57,False
a03651,United States,46.11,False
a1695a,United States,103.99,False
4868ba,Kingdom of the Netherlands,219.0,False
a55a60,United States,125.9,False
4baa6b,Turkey,235.22,False
a3d302,United States,0.0,True
86eb36,Japan,239.43,False
a4afbe,United States,0.0,True
a27676,United States,245.12,False
a5cfa5,United States,146.9,False
a0103b,United States,263.44,False
ab68c8,United States,67.19,False
a7ea7e,United States,237.27,False
add376,United States,267.26,False
c82744,New Zealand,59.15,False
a44ca0,United States,244.7,False
adc03a,United States,43.08,False
ab68d0,United States,133.36,False
a7ea86,United States,201.18,False
a3962d,United States,192.59,False
a1435d,United States,69.49,False
a53975,United States,267.41,False
ac508b,United States,73.2,False
ac508c,United States,66.08,False
a1ecb9,United States,194.0,False
a3e658,United States,15.95,True
a1ffe5,United States,36.63,False
a27650,United States,57.75,False
c8273f,New Zealand,213.34,False
a1fff2,United States,278.5,False
845b9c,Japan,282.39,False
a93d9f,United States,200.76,False
a6594f,United States,1.29,True
a991f4,United States,29.4,False
a1433a,United States,156.79,False
ab68f9,United States,239.69,False
a01037,United States,7.2,False
c81444,New Zealand,39.7,False
a37032,United States,155.2,False
c00d9d,Canada,64.39,False
7cad48,Australia,77.79,False
7cad40,Australia,179.72,False
a93d7c,United States,203.4,False
7cad44,Australia,235.49,False
7c14df,Australia,41.48,False
a871d4,United States,149.62,False
7cad43,Australia,155.07,False
a53925,United States,82.97,False
7cad42,Australia,215.04,False
c8275b,New Zealand,26.8,False
7c01c1,Australia,129.53,False
a8d4ef,United States,180.97,False
a44cda,United States,181.06,False
a1a697,United States,150.9,False
a5391e,United States,72.3,False
a7ea48,United States,195.66,False
a1ecfd,United States,268.14,False
a01097,United States,237.01,False
a3701a,United States,130.98,False
a2b348,United States,1.8,True
a26381,United States,237.16,False
c8276c,New Zealand,103.27,False
4ca960,Ireland,223.59,False
ab9e5a,United States,192.86,False
a02390,United States,193.83,False
7c4a0f,Australia,0.0,False
7c4a0c,Australia,0.0,True
abb8ea,United States,207.02,False
a6ca7f,United States,260.61,False
acc5aa,United States,194.8,False
3a46b5,France,107.89,False
48436c,Kingdom of the Netherlands,13.89,True
45d068,Denmark,232.39,False
a0105b,United States,285.67,False
a8d4d2,United States,260.68,False
a2766f,United States,7.72,True
7c4a09,Australia,5.66,True
ab8b56,United States,212.97,False
a8d4cc,United States,199.94,False
a3e61a,United States,177.3,False
a3965c,United States,269.7,False
a14380,United States,117.46,False
7c4a11,Australia,139.31,False
7c0276,Australia,73.38,False
abb995,United States,139.83,False
ac0ce3,United States,211.08,False
ad9645,United States,8.23,True
a8c329,United States,254.97,False
a6469a,United States,246.09,False
ac6353,United States,85.58,False
a8996b,United States,12.35,True
ac0cf8,United States,202.46,False
770594,Sri Lanka,236.21,False
ab4372,United States,134.8,False
e495cf,Brazil,109.69,False
ac501e,United States,140.32,False
770590,Sri Lanka,271.08,False
a5005a,United States,97.18,False
a8733f,United States,44.91,False
46f016,Greece,3.34,True
a99309,United States,77.23,False
ac767c,United States,241.61,False
ad2ce1,United States,216.4,False
ac5041,United States,232.6,False
a40694,United States,113.09,False
a8d62c,United States,56.13,False
a3f8a1,United States,252.82,False
a7668a,United States,215.31,False
4258f1,United Kingdom,16.98,True
a288e4,United States,141.33,False
aca01a,United States,197.09,False
a418b2,United States,215.57,False
a20e38,United States,204.0,False
a68caa,United States,217.51,False
a022c6,United States,191.48,False
a19e68,United States,264.1,False
a51358,United States,192.07,False
e84074,Ecuador,235.98,False
a4f347,United States,166.75,False
ab68a5,United States,252.27,False
c00d51,Canada,258.79,False
a4e019,United States,28.74,False
aca02f,United States,168.94,False
a035d8,United States,48.97,False
a6a971,United States,30.26,False
a6a96c,United States,28.2,False
4005bd,United Kingdom,263.52,False
4005bc,United Kingdom,0.0,True
7587fb,Philippines,236.45,False
0d09f7,Mexico,141.83,False
a07e9f,United States,57.26,False
a262ad,United States,242.17,False
a68e14,United States,275.42,False
acb1f8,United States,221.88,False
a18b71,United States,230.23,False
a9e391,United States,140.74,False
4bbd09,Turkey,242.11,False
ad81fc,United States,79.64,False
a1db22,United States,109.76,False
a8609f,United States,211.15,False
abb930,United States,190.49,False
a19e78,United States,98.47,False
a98051,United States,163.75,False
ac8932,United States,205.68,False
a288ff,United States,7.46,True
a8c36d,United States,195.88,False
a512b2,United States,252.42,False
a2d8d9,United States,152.28,False
a3d2c0,United States,202.23,False
a44e18,United States,78.21,False
7587f6,Philippines,40.34,False
c813b2,New Zealand,57.21,False
a3e5ea,United States,53.94,False
ae5fa0,United States,0.0,True
c813bb,New Zealand,41.69,False
a8d685,United States,75.83,False
4a4d79,Romania,236.45,False
a3f8b8,United States,191.43,False
a9f677,United States,69.94,False
a2b2d2,United States,48.84,False
a405f2,United States,39.11,False
0d09bd,Mexico,216.73,False
76d250,Singapore,235.3,False
abb972,United States,5.4,True
a2c5db,United States,0.0,True
ad3fd6,United States,276.54,False
4bbd13,Turkey,237.56,False
a8c32a,United States,216.08,False
76d24f,Singapore,177.72,False
0d09ce,Mexico,2.83,True
ade609,United States,5.66,True
a31b47,United States,165.79,False
4bbd0c,Turkey,111.35,False
a382b6,United States,218.88,False
a9f64b,United States,192.94,False
ac8985,United States,205.11,False
a44e59,United States,210.35,False
ad3e36,United States,210.07,False
c01cae,Canada,236.09,False
c0730e,Canada,212.08,False
a2c1bd,United States,242.39,False
a3f4ea,United States,264.51,False
e49647,Brazil,147.47,False
a44a48,United States,187.19,False
abb5bf,United States,219.02,False
c02fe2,Canada,7.72,True
5084a6,Ukraine,242.89,False
a3f4ee,United States,57.11,False
888176,Viet Nam,156.36,False
a7d7b5,United States,261.46,False
888177,Viet Nam,219.14,False
a271de,United States,212.3,False
a0a900,United States,6.17,True
abb5c9,United States,114.65,False
abc8f2,United States,94.23,False
abb5c3,United States,0.0,True
abeb31,United States,224.16,False
a56a56,United States,207.46,False
aa8e4d,United States,52.78,False
5084d1,Ukraine,244.49,False
a6a4d5,United States,126.47,False
a271e4,United States,42.81,False
a69d85,United States,157.79,False
a33d68,United States,1.8,True
ac85ee,United States,164.22,False
abb5e9,United States,182.69,False
8413d7,Japan,74.72,False
aa7b10,United States,216.02,False
abb5e7,United States,87.16,False
888143,Viet Nam,8.75,True
acd5e3,United States,231.82,False
43c5de,United Kingdom,206.14,False
abb5ec,United States,260.31,False
ad2b45,United States,83.75,False
ad2b43,United States,5.92,True
c02fb8,Canada,246.84,False
ac0b61,United States,3.34,True
ac0b74,United States,116.19,False
5084e2,Ukraine,210.58,False
a57d42,United States,287.34,False
a44a6d,United States,209.08,False
e49697,Brazil,238.95,False
e49698,Brazil,94.65,False
a05940,United States,280.79,False
a3f4d7,United States,201.96,False
a70d29,United States,61.12,False
c02fd8,Canada,218.68,False
a1ea8e,United States,73.06,False
c02fd5,Canada,213.69,False
a44a61,United States,242.16,False
ac0b96,United States,234.81,False
a33d9d,United States,148.96,False
aba2ef,United States,196.78,False
888152,Viet Nam,250.05,False
a414fb,United States,238.09,False
a0a91e,United States,211.48,False
ad2b76,United States,51.96,False
a667e8,United States,282.1,False
ac0b7f,United States,186.92,False
ab9b9d,United States,261.83,False
88813c,Viet Nam,210.84,False
a29908,United States,183.48,False
a57d4d,United States,217.33,False
a94d94,United States,229.6,False
a0eff3,United States,50.99,False
a2d610,United States,245.36,False
7cae0d,Australia,0.0,True
a14008,United States,105.61,False
a34fae,United States,167.84,False
a7fa58,United States,67.83,False
a2e935,United States,208.07,False
a4bfa0,United States,60.6,False
acd68a,United States,60.98,False
a22fda,United States,105.27,False
a3f621,United States,223.16,False
a66935,United States,241.0,False
a0330a,United States,209.55,False
7cae04,Australia,218.46,False
8880a5,Viet Nam,222.26,False
8880a3,Viet Nam,217.05,False
a1c935,United States,0.0,True
a6692d,United States,223.24,False
a1b674,United States,51.98,False
a6a4dc,United States,87.53,False
7cae63,Australia,124.67,False
a0337c,United States,138.28,False
a39338,United States,253.21,False
a6ed61,United States,213.46,False
a1c997,United States,197.82,False
a2e96b,United States,221.93,False
7c15f9,Australia,99.72,False
a03398,United States,214.59,False
a7d7f3,United States,99.21,False
a26025,United States,166.53,False
ac1e0d,United States,4.63,True
c01d5e,Canada,165.03,False
aa7b78,United States,74.62,False
ac98c1,United States,226.02,False
a7c4aa,United States,89.23,False
a2733d,United States,58.13,False
ad3e16,United States,264.58,False
a0a98a,United States,218.36,False
a0dccf,United States,215.82,False
a04692,United States,228.71,False
485345,Kingdom of the Netherlands,247.19,False
485343,Kingdom of the Netherlands,300.2,False
c00a68,Canada,77.78,False
a41632,United States,225.18,False
7cae42,Australia,130.81,False
a82d83,United States,146.83,False
a7fa2d,United States,232.62,False
c01d7e,Canada,239.22,False
a03377,United States,66.91,False
a1fcc5,United States,215.89,False
ac1e2d,United States,41.16,True
aa7b54,United States,236.54,False
a33cb3,United States,94.54,False
abb5a3,United States,258.31,False
aaa96f,United States,3.34,True
a5ccbf,United States,212.88,False
7335b1,Islamic Republic of Iran,224.59,False
e494b4,Brazil,244.42,False
4bcde6,Turkey,229.21,False
a95fd2,United States,73.91,False
846dc8,Japan,163.29,False
a2c35a,United States,178.43,False
a9afa0,United States,118.13,False
4bcdee,Turkey,237.66,False
486648,Kingdom of the Netherlands,222.42,False
a6a638,United States,78.85,False
a27380,United States,238.55,False
a08e04,United States,65.9,False
abfcb6,United States,194.32,False
4bcdf9,Turkey,175.35,False
a4acf2,United States,69.17,False
c084a3,Canada,208.48,False
a14087,United States,128.58,False
48663e,Kingdom of the Netherlands,223.54,False
c01d1f,Canada,2.31,True
a95fe9,United States,194.28,False
4bcdba,Turkey,231.33,False
a7765e,United States,63.81,False
aa596c,United States,205.31,False
a3800f,United States,45.59,False
ab400f,United States,238.85,False
aba30b,United States,263.73,False
c071a4,Canada,2.06,True
a2869c,United States,5.14,True
abc96f,United States,224.22,False
a95fb6,United States,53.8,False
ad4fe1,United States,271.7,False
a78991,United States,182.72,False
a5236c,United States,170.76,False
aa8cb2,United States,273.05,False
c084b9,Canada,0.0,True
4bcdd5,Turkey,235.45,False
a2c336,United States,210.62,False
4bcde3,Turkey,246.27,False
c084c2,Canada,132.42,False
c00a0d,Canada,214.81,False
c01d3c,Canada,204.27,False
c00a0b,Canada,193.64,False
a38019,United States,249.77,False
a15397,United States,211.61,False
4ca741,Ireland,239.5,False
acc31a,United States,289.0,False
7c5e06,Australia,143.37,False
ade313,United States,36.63,False
a38082,United States,253.32,False
a2608a,United States,35.59,False
7cf073,Australia,4.63,True
aa9fbb,United States,78.19,False
a26093,United States,212.03,False
a58fe9,United States,187.66,False
a298c2,United States,54.15,False
ac733b,United States,212.04,False
a5363e,United States,241.29,False
ace96a,United States,226.02,False
a4acae,United States,189.08,False
a08e3c,United States,229.67,False
ad3cdf,United States,192.72,False
a64305,United States,2.83,True
aa5941,United States,266.08,False
ab5383,United States,203.87,False
a3f660,United States,49.99,False
86eb94,Japan,144.53,False
a39398,United States,125.16,False
a66970,United States,240.43,False
a6ffc3,United States,214.7,False
acc350,United States,209.38,False
a3e32a,United States,156.13,False
acc359,United States,91.39,False
adf64e,United States,7.46,True
e494bb,Brazil,150.39,False
e494bc,Brazil,106.39,False
ad3cf3,United States,266.96,False
a93a94,United States,33.44,False
a058d8,United States,0.0,True
a7d928,United States,54.65,False
a178b4,United States,193.46,False
405e24,United Kingdom,210.37,False
a4acd6,United States,33.44,False
abb68c,United States,230.62,False
a07b3e,United States,207.21,False
aa58a6,United States,207.04,False
a08e82,United States,4.89,True
e48274,Brazil,101.6,False
aaca98,United States,86.28,False
a7506a,United States,81.98,False
a6308b,United States,28.7,False
7705c3,Sri Lanka,234.85,False
ae4a2a,United States,120.04,False
a19b2f,United States,97.85,False
a178de,United States,215.57,False
aaa90c,United States,1.8,True
a4ae22,United States,181.1,False
ac0a9e,United States,86.11,False
aaa929,United States,0.0,True
4851f6,Kingdom of the Netherlands,258.9,False
e49588,Brazil,221.42,False
a8e689,United States,90.34,False
491d85,Portugal,261.77,False
a8c028,United States,195.82,False
a33e07,United States,16.15,False
aaa936,United States,58.44,False
a19b18,United States,208.74,False
acc1f3,United States,276.27,False
a6a681,United States,56.62,False
ad0919,United States,209.31,False
a0de99,United States,227.21,False
781349,China,213.34,False
4851af,Kingdom of the Netherlands,278.07,False
a77687,United States,62.9,False
02a262,Tunisia,204.16,False
aa202a,United States,55.05,False
aaa954,United States,67.56,False
7cacb1,Australia,236.51,False
4851b3,Kingdom of the Netherlands,267.12,False
a33e4a,United States,245.21,False
a4f05d,United States,129.97,False
a91986,United States,225.05,False
ab5315,United States,300.69,False
a07b6e,United States,12.01,False
abb624,United States,16.98,True
a428d8,United States,58.28,False
7c5cbc,Australia,12.37,False
a57e89,United States,91.45,False
a93b01,United States,7.72,True
4ca5c6,Ireland,10.29,True
a44b5e,United States,95.17,False
abec26,United States,275.38,False
aa7c64,United States,147.59,False
c08758,Canada,214.48,False
c07422,Canada,52.02,False
a69e6f,United States,38.72,False
ab53e4,United States,197.52,False
a8f8e4,United States,57.84,False
c01dcb,Canada,210.12,False
a392f2,United States,0.0,True
a44b56,United States,236.57,False
ab53db,United States,121.98,False
4bce42,Turkey,245.91,False
ac0c64,United States,282.43,False
aa8f79,United States,138.61,False
c06120,Canada,257.02,False
a272ee,United States,60.98,False
501c2f,Croatia,235.31,False
7cf0b7,Australia,4.12,True
a33e85,United States,275.31,False
7cf0a7,Australia,4.63,True
7cf0a6,Australia,3.6,True
abff87,United States,257.57,False
e49512,Brazil,191.97,False
ac73f9,United States,3.6,True
a535be,United States,286.0,False
ab40e8,United States,181.69,False
4866c1,Kingdom of the Netherlands,248.99,False
3a4593,France,103.34,False
a788b2,United States,127.63,False
86ebfa,Japan,0.0,True
ab40f0,United States,276.31,False
ab40f8,United States,250.45,False
ab40f7,United States,83.87,False
ac0c8b,United States,152.69,False
aa46ae,United States,290.06,False
7c1831,Australia,4.63,True
a522b9,United States,76.66,False
acc3f7,United States,107.38,False
c01dac,Canada,9.77,True
e4953d,Brazil,186.79,False
a8c058,United States,49.72,False
ac0c8e,United States,46.86,False
8414a9,Japan,112.19,False
a69e3a,United States,56.39,False
acb0b9,United States,201.59,False
a788d3,United States,193.85,False
ab6800,United States,195.19,False
a402ea,United States,37.64,False
a44b6b,United States,62.27,False
a7a08a,United States,253.01,False
c00b9e,Canada,193.93,False
86da40,Japan,0.06,True
a0cab1,United States,199.26,False
a21dd4,United States,125.13,False
aadf08,United States,284.11,False
ade468,United States,57.07,False
7c16d4,Australia,131.35,False
a882f8,United States,151.99,False
a1a404,United States,43.8,False
3a3280,France,256.32,False
ab79d4,United States,43.88,False
4243fa,United Kingdom,248.02,False
7caf16,Australia,212.6,False
7c29da,Australia,225.4,False
ac1f0e,United States,204.61,False
add150,United States,144.15,False
a2b10c,United States,241.82,False
a2b10b,United States,5.4,True
a68b84,United States,54.08,False
a1b795,United States,205.32,False
4bcda6,Turkey,308.12,False
4bcda5,Turkey,234.9,False
4bcdb0,Turkey,75.05,False
a2b112,United States,246.91,False
a6db69,United States,58.71,False
a40434,United States,46.96,False
a6db3f,United States,45.8,False
a2b110,United States,208.38,False
4bcdb5,Turkey,254.72,False
4bcdb4,Turkey,198.1,False
7812e8,China,180.49,False
abb6a8,United States,56.7,False
a7fb1c,United States,0.0,True
a32ac6,United States,193.74,False
c00b7e,Canada,210.26,False
c00b93,Canada,162.99,False
a3942a,United States,114.37,False
c00b98,Canada,4.89,True
ac86af,United States,204.16,False
86da16,Japan,176.78,False
abec03,United States,284.42,False
a0cac6,United States,203.4,False
abff33,United States,221.0,False
a1a435,United States,216.06,False
a41743,United States,238.85,False
ad2c19,United States,188.98,False
ace9ba,United States,173.7,False
c00b86,Canada,143.97,False
4ca700,Ireland,130.05,False
c00b80,Canada,204.32,False
a5bb8e,United States,44.76,False
ac741b,United States,67.08,False
841538,Japan,297.64,False
a7b40e,United States,186.09,False
a5cde9,United States,58.51,False
aa7abe,United States,177.02,False
aa7abd,United States,0.0,True
c87efe,New Zealand,0.0,True
c87efd,New Zealand,0.0,True
a94dc7,United States,243.43,False
ac0aac,United States,111.12,False
aa7ac8,United States,6.69,True
a2b153,United States,208.58,False
4ca63a,Ireland,147.86,False
4ca63b,Ireland,233.9,False
a2b151,United States,211.58,False
780195,China,4.89,True
a26182,United States,39.11,False
780191,China,240.9,False
a2b12d,United States,201.12,False
a40469,United States,142.78,False
a40460,United States,234.77,False
ab678e,United States,214.11,False
abb775,United States,275.34,False
a3e48c,United States,75.53,False
a2b135,United States,102.84,False
405f13,United Kingdom,239.51,False
78018f,China,4.89,True
4bccab,Turkey,145.44,False
aa341f,United States,192.8,False
a2615e,United States,2.57,False
78019c,China,1.8,True
aa7aa0,United States,175.58,False
4ca623,Ireland,234.86,False
ab4151,United States,0.0,True
abfddf,United States,87.38,False
c085e0,Canada,172.06,False
abb76d,United States,247.5,False
4bccae,Turkey,219.73,False
4bccad,Turkey,221.51,False
7c29d8,Australia,0.0,True
acb10a,United States,208.59,False
7c29d4,Australia,228.9,False
e493d1,Brazil,139.83,False
c01e13,Canada,221.62,False
e480a2,Brazil,271.46,False
c01e10,Canada,205.35,False
a0cc06,United States,276.33,False
a07c1a,United States,61.43,False
4003ad,United Kingdom,144.15,False
a0a9f6,United States,66.78,False
a309b4,United States,197.89,False
a2b198,United States,0.0,True
ab415e,United States,243.85,False
a033ae,United States,270.54,False
ac7478,United States,65.27,False
a77721,United States,0.0,True
a3d10f,United States,6.94,True
a059e3,United States,252.45,False
8880df,Viet Nam,260.68,False
a07c05,United States,45.05,False
ab416e,United States,76.85,False
a53785,United States,56.11,False
a0a9ac,United States,203.56,False
a3f798,United States,63.81,False
a38176,United States,71.31,False
a21f0a,United States,95.74,False
a6eda1,United States,260.91,False
a07c0d,United States,59.73,False
c01e28,Canada,4.63,True
ad2aed,United States,206.62,False
a56acc,United States,53.57,False
7813a1,China,214.41,False
ac748a,United States,210.42,False
a3e473,United States,173.89,False
a166ef,United States,228.94,False
a8d489,United States,7.46,True
a166ee,United States,61.24,False
a1ec31,United States,46.52,False
a19c57,United States,215.57,False
abeb7c,United States,265.28,False
a9f461,United States,210.98,False
888219,Viet Nam,214.73,False
a9079f,United States,43.04,False
c0737b,Canada,242.7,False
a20c44,United States,272.82,False
a20c40,United States,104.53,False
a88491,United States,3.6,True
ab6716,United States,43.51,False
a08f6b,United States,212.38,False
aa59a5,United States,253.66,False
abeb9f,United States,267.33,False
78143d,China,154.38,False
a789b4,United States,149.17,False
aa2184,United States,222.56,False
a5cf1b,United States,0.0,True
a08f94,United States,230.79,False
7cadf2,Australia,91.94,False
e4818c,Brazil,254.65,False
7c045f,Australia,11.83,True
ab5408,United States,157.31,False
a1ec74,United States,44.67,False
a403c6,United States,89.51,False
a9f424,United States,251.3,False
a8e76a,United States,176.14,False
a7faad,United States,0.9,True
7c0460,Australia,222.31,False
a1ff90,United States,115.94,False
ab540d,United States,86.94,False
a273f5,United States,249.07,False
a403b3,United States,190.48,False
a45f64,United States,245.33,False
e4949f,Brazil,233.62,False
a57f04,United States,277.67,False
a033ff,United States,196.98,False
a286fe,United States,252.75,False
a7c79c,United States,135.35,False
a45f59,United States,212.6,False
ab674b,United States,0.0,True
a1ec57,United States,177.4,False
a32c3e,United States,237.1,False
4bce02,Turkey,226.91,False
4bce01,Turkey,243.48,False
4bce16,Turkey,164.86,False
780172,China,248.89,False
a20c63,United States,64.53,False
a7a133,United States,108.31,False
7c79a9,Australia,78.29,False
a8aac8,United States,197.13,False
a7f44d,United States,0.0,True
a086ce,United States,91.46,False
ad123d,United States,82.75,False
a67160,United States,242.69,False
a7e122,United States,56.0,False
ad2573,United States,0.0,True
ac058a,United States,207.69,False
a81467,United States,197.03,False
a5a15a,United States,138.26,False
ad6bdc,United States,141.62,False
a67170,United States,66.27,False
a12c23,United States,251.27,False
a92145,United States,1.8,True
a086f7,United States,190.91,False
abd26b,United States,241.36,False
a7e152,United States,205.57,False
39b493,France,242.39,False
a1d18f,United States,256.51,False
851bba,Japan,4.89,True
a50f21,United States,47.18,False
a50f24,United States,159.0,False
a3117c,United States,4.89,True
8940d1,Bahrain,229.01,False
a6e767,United States,139.43,False
a5a10a,United States,210.23,False
a7076c,United States,197.98,False
a4dad4,United States,255.38,False
4075b3,United Kingdom,279.98,False
4075b4,United Kingdom,289.46,False
8953fd,Brunei Darussalam,69.87,False
8940d9,Bahrain,270.4,False
a6e75b,United States,214.05,False
780e29,China,136.24,False
a00c80,United States,237.79,False
780e28,China,192.91,False
a00c85,United States,209.13,False
ad1284,United States,236.82,False
a0d6fb,United States,184.58,False
aa7574,United States,124.42,False
4d012d,Luxembourg,182.44,False
a2af2a,United States,237.2,False
4d012b,Luxembourg,186.66,False
a456a9,United States,207.84,False
a6844d,United States,217.71,False
a36c0c,United States,48.87,False
a73ab6,United States,256.73,False
a70778,United States,235.16,False
4d0113,Luxembourg,236.42,False
4d0112,Luxembourg,265.79,False
780e2b,China,207.42,False
4d0111,Luxembourg,314.53,False
ac17b0,United States,207.69,False
4d0119,Luxembourg,122.54,False
4d0118,Luxembourg,241.94,False
a6c120,United States,0.0,True
780e40,China,189.69,False
a7912a,United States,208.44,False
a2af23,United States,138.28,False
a0c3b6,United States,262.73,False
4d010b,Luxembourg,260.61,False
a68485,United States,151.85,False
8940c9,Bahrain,214.06,False
a193aa,United States,67.42,False
a37f8d,United States,123.23,False
7502db,Malaysia,150.1,False
ac5eae,United States,50.73,False
a5fc0d,United States,57.89,False
507c88,Uzbekistan,246.24,False
abe501,United States,87.11,False
780cbd,China,217.59,False
ac5eb4,United States,275.32,False
aa74c2,United States,59.2,False
a2af91,United States,133.63,False
ac1846,United States,200.67,False
a24c77,United States,3.86,False
407666,United Kingdom,225.44,False
a323d6,United States,141.91,False
76cce4,Singapore,271.93,False
507c72,Uzbekistan,242.92,False
ad2508,United States,46.84,False
ab3edd,United States,206.81,False
ac5ec1,United States,50.42,False
a62f61,United States,120.17,False
aab202,United States,212.38,False
a696d5,United States,185.27,False
a959cf,United States,4.37,True
a683a8,United States,265.26,False
c04c1a,Canada,44.9,False
a826bb,United States,38.41,False
ad250a,United States,87.9,False
7502c3,Malaysia,88.84,False
ac5ed9,United States,1.54,True
5140d8,Georgia,228.71,False
aa87d3,United States,245.33,False
a456d6,United States,163.76,False
407642,United Kingdom,220.55,False
a1e3ac,United States,63.31,False
507c98,Uzbekistan,236.52,False
abd204,United States,188.69,False
7502d5,Malaysia,213.23,False
a336e3,United States,200.02,False
a85c01,United States,163.18,False
a336f0,United States,65.99,False
ab2bcb,United States,71.14,False
ac4bb8,United States,0.0,True
a5b3ad,United States,230.84,False
5140c7,Georgia,13.38,True
a336dc,United States,158.09,False
a4ef90,United States,227.31,False
a336df,United States,192.44,False
84657c,Japan,8.23,True
ad385f,United States,266.53,False
a8aaff,United States,249.24,False
851bdc,Japan,179.42,False
a80177,United States,181.67,False
7502b7,Malaysia,126.01,False
872863,Japan,175.41,False
ad7ece,United States,277.94,False
ad1218,United States,197.29,False
5140e4,Georgia,231.69,False
40768d,United Kingdom,215.68,False
40768b,United Kingdom,244.02,False
ac4bdd,United States,130.68,False
84659e,Japan,183.34,False
ad6bcd,United States,70.01,False
a443e8,United States,5.66,True
40767a,United Kingdom,222.16,False
a24c99,United States,6.69,True
851bfe,Japan,295.64,False
407688,United Kingdom,250.65,False
407689,United Kingdom,238.35,False
c029b0,Canada,79.84,False
abe579,United States,203.64,False
7c6783,Australia,208.6,False
40766d,United Kingdom,75.12,False
a6f9b3,United States,212.48,False
a21845,United States,273.31,False
851c20,Japan,0.0,True
a1f822,United States,240.79,False
ac4c8a,United States,239.64,False
ad7f96,United States,112.71,False
a0c527,United States,98.01,False
7c52fd,Australia,120.09,False
7c52fa,Australia,143.77,False
7c52ff,Australia,159.53,False
a98f6a,United States,148.0,False
3a3cb2,France,129.85,False
a70801,United States,266.8,False
a8bf73,United States,84.88,False
851c42,Japan,265.33,False
a8bf6f,United States,71.82,False
a21839,United States,229.25,False
a21833,United States,240.77,False
ad10e9,United States,182.23,False
aa60bb,United States,258.7,False
76cda4,Singapore,240.67,False
76cda1,Singapore,186.48,False
e40144,Brazil,219.24,False
acf0da,United States,201.66,False
76cdb0,Singapore,258.05,False
a31216,United States,259.41,False
a0757f,United States,217.61,False
347518,Spain,262.55,False
a6d3c2,United States,212.39,False
aa1f97,United States,216.91,False
c0174d,Canada,260.36,False
acf0d8,United States,216.48,False
76cdc1,Singapore,74.51,False
76cdc2,Singapore,239.46,False
a6f9fa,United States,190.57,False
aa86fb,United States,313.59,False
a6d3b3,United States,202.69,False
acf0e0,United States,217.14,False
aa86f9,United States,274.84,False
a5b3f8,United States,68.73,False
ac181d,United States,201.24,False
a44502,United States,4.89,True
a5fc87,United States,148.17,False
a683ea,United States,57.03,False
87aada,Japan,4.89,True
a98f2d,United States,262.33,False
a13ef3,United States,60.03,False
a37ec4,United States,202.7,False
a37eb0,United States,93.84,False
a1f846,United States,34.66,False
ac0504,United States,194.19,False
a25ebe,United States,65.44,False
a97c13,United States,91.33,False
a97c18,United States,226.57,False
7c6701,Australia,45.6,False
a07579,United States,82.26,False
a13efc,United States,242.45,False
aa1f5a,United States,9.77,True
a0756b,United States,141.35,False
750485,Malaysia,228.86,False
ab2c0b,United States,230.0,False
8966f0,United Arab Emirates,10.8,True
c0171a,Canada,223.5,False
a1e590,United States,181.4,False
75046c,Malaysia,130.36,False
a44560,United States,9.26,True
c01734,Canada,10.8,True
ad36a8,United States,198.78,False
ac5f42,United States,168.65,False
a5521c,United States,207.24,False
ab93a5,United States,4.12,True
75047c,Malaysia,174.51,False
ad7f11,United States,162.64,False
8940a5,Bahrain,129.58,False
a4453e,United States,222.19,False
c01725,Canada,2.06,True
c01723,Canada,74.97,False
8966d0,United Arab Emirates,271.86,False
ac4c21,United States,0.0,True
a7086c,United States,159.65,False
75044c,Malaysia,239.36,False
c0173e,Canada,237.77,False
abf6ae,United States,209.1,False
4074b5,United Kingdom,227.19,False
ac16bb,United States,187.16,False
a5789a,United States,71.09,False
c01755,Canada,240.46,False
c01759,Canada,239.82,False
8966d4,United Arab Emirates,232.92,False
ad36c8,United States,235.36,False
aa882e,United States,265.51,False
c0172e,Canada,241.18,False
75045d,Malaysia,189.31,False
75045a,Malaysia,133.53,False
3a2b01,France,65.34,False
a69822,United States,0.0,True
ab80a2,United States,62.05,False
a97c9a,United States,0.45,True
ac16da,United States,223.25,False
84b3c9,Japan,176.03,False
abf6d7,United States,313.75,False
851c64,Japan,197.4,False
a2f270,United States,48.11,False
06e005,Rwanda,161.1,False
75043e,Malaysia,155.88,False
8966aa,United Arab Emirates,230.16,False
a9cc7a,United States,227.31,False
a44591,United States,180.58,False
ab93db,United States,3.34,True
a70812,United States,201.42,False
ac4c67,United States,4.12,True
a44588,United States,252.1,False
acaf79,United States,46.13,False
a6e81e,United States,86.55,False
aac3f4,United States,185.35,False
abe3c8,United States,246.24,False
c01714,Canada,58.14,False
ac03e2,United States,154.87,False
a1e58f,United States,204.69,False
a55218,United States,211.17,False
a920db,United States,49.56,False
a44570,United States,202.46,False
a69850,United States,54.23,False
750424,Malaysia,229.13,False
4074e2,United Kingdom,228.15,False
ab2c8e,United States,208.37,False
4074e3,United Kingdom,201.6,False
ac03f2,United States,261.86,False
ad6c3b,United States,243.11,False
a4455e,United States,187.15,False
a8abe6,United States,167.73,False
a074d6,United States,2.83,True
ab839d,United States,264.7,False
a80251,United States,60.51,False
a087fd,United States,255.42,False
abc058,United States,198.71,False
4cafcf,Ireland,147.49,False
0c21a5,Panama,235.31,False
0c21a7,Panama,155.55,False
a2f293,United States,65.79,False
a4dd05,United States,233.1,False
780f1c,China,239.44,False
4cafb3,Ireland,95.28,False
abc07b,United States,216.08,False
a5b55f,United States,8.23,True
ace073,United States,122.09,False
c004e9,Canada,247.97,False
a5c899,United States,214.33,False
aa635d,United States,94.22,False
a5c895,United States,195.29,False
ad0074,United States,203.27,False
a6857d,United States,30.83,False
a81541,United States,71.91,False
ace063,United States,206.76,False
0100dc,Egypt,282.99,False
ad0088,United States,110.96,False
a6c248,United States,175.43,False
a6c247,United States,143.12,False
4076b1,United Kingdom,207.03,False
4076b0,United Kingdom,214.04,False
851ca8,Japan,206.33,False
a6e89f,United States,278.54,False
7000a1,Afghanistan,270.7,False
a6e89b,United States,189.32,False
a23a03,United States,159.92,False
c004ea,Canada,233.4,False
ac3b09,United States,47.98,False
407797,United Kingdom,202.39,False
407798,United Kingdom,255.29,False
01024f,Egypt,142.44,False
a5fd2d,United States,2.31,True
01024e,Egypt,206.52,False
adcfa9,United States,34.7,False
407794,United Kingdom,157.0,False
c017d7,Canada,262.28,False
010262,Egypt,265.65,False
40777c,United Kingdom,248.58,False
780ddc,China,210.23,False
010256,Egypt,231.34,False
ac4ca8,United States,281.83,False
a684b5,United States,85.95,False
a48d67,United States,53.53,False
a4ca20,United States,5.17,False
a59a2e,United States,219.57,False
a4dd65,United States,252.61,False
86803d,Japan,166.81,False
01023f,Egypt,215.05,False
ab9659,United States,51.75,False
a1d1d0,United States,195.19,False
a3bd81,United States,68.95,False
010250,Egypt,242.67,False
a24d9f,United States,52.16,False
ad3959,United States,43.77,False
a23a6c,United States,25.89,False
010246,Egypt,161.83,False
010247,Egypt,122.09,False
a5ea08,United States,216.0,False
a684c4,United States,87.55,False
01026c,Egypt,277.8,False
881054,Thailand,224.04,False
346291,Spain,214.76,False
a1d1c5,United States,235.26,False
484b6e,Kingdom of the Netherlands,228.99,False
010282,Egypt,250.1,False
010284,Egypt,234.18,False
a11a76,United States,57.32,False
010274,Egypt,239.12,False
868088,Japan,276.38,False
868089,Japan,168.06,False
780dfb,China,226.95,False
c017ed,Canada,232.97,False
01025f,Egypt,223.42,False
ad6ca7,United States,137.4,False
a11a81,United States,2.31,True
a1e4e2,United States,44.41,False
010264,Egypt,77.17,False
010265,Egypt,222.51,False
ac4cd4,United States,5.66,True
7c4209,Australia,205.12,False
aaa012,United States,260.73,False
abf96c,United States,137.8,False
ad6cb1,United States,33.99,False
a6e7e0,United States,76.0,False
abe65a,United States,254.82,False
abf995,United States,203.44,False
a707a3,United States,211.23,False
ab967b,United States,213.0,False
a8028a,United States,214.16,False
a92299,United States,234.0,False
aa88d2,United States,76.98,False
a61d00,United States,105.91,False
7503ac,Malaysia,147.87,False
ab968a,United States,98.77,False
a577d4,United States,144.8,False
a35a98,United States,153.89,False
868012,Japan,219.72,False
abc012,United States,272.53,False
ad3997,United States,226.04,False
a35a92,United States,192.45,False
010208,Egypt,256.03,False
a4dd35,United States,65.36,False
a23a93,United States,43.92,False
a564b2,United States,63.88,False
aaa02c,United States,225.14,False
868042,Japan,178.92,False
a564ab,United States,219.85,False
abc035,United States,285.98,False
ad001e,United States,41.41,False
a0d90c,United States,278.68,False
a697cf,United States,163.58,False
ad0022,United States,174.95,False
a25fca,United States,248.71,False
a9ba31,United States,244.87,False
a0764f,United States,32.92,False
a7e1d3,United States,0.06,True
a00ce0,United States,241.67,False
a1f94c,United States,199.64,False
48ae22,Poland,177.8,False
7c6813,Australia,0.0,True
48ae21,Poland,1.46,False
ad24eb,United States,133.85,False
485e2f,Kingdom of the Netherlands,268.72,False
485e2e,Kingdom of the Netherlands,261.17,False
a84a55,United States,185.13,False
a24cb1,United States,35.56,False
a0b316,United States,41.09,False
a1e60b,United States,89.85,False
a2195d,United States,182.44,False
3008b7,Italy,1.63,False
ac3a83,United States,267.12,False
750525,Malaysia,282.07,False
ad5a4b,United States,37.17,False
a9cd47,United States,201.61,False
8464f4,Japan,173.87,False
a1960d,United States,58.66,False
48ae02,Poland,251.68,False
48ae03,Poland,180.22,False
48ae01,Poland,72.06,False
a37fa1,United States,269.73,False
a01fee,United States,216.68,False
a7e1cd,United States,209.68,False
45fe4a,Denmark,0.06,True
a5ea3c,United States,82.41,False
347643,Spain,284.58,False
407757,United Kingdom,255.52,False
a671d4,United States,66.49,False
507c43,Uzbekistan,235.74,False
a671ba,United States,274.55,False
c05efd,Canada,148.83,False
a791c0,United States,214.94,False
a5ea4a,United States,39.8,False
acf1ec,United States,0.0,True
a0a034,United States,224.84,False
a3396b,United States,223.41,False
a20681,United States,205.25,False
a4ca6a,United States,235.65,False
c0187a,Canada,210.2,False
c0054a,Canada,45.32,False
76cee9,Singapore,1.03,True
407739,United Kingdom,223.62,False
a827f2,United States,58.66,False
ac1934,United States,246.38,False
01027c,Egypt,284.41,False
a671f2,United States,223.44,False
8464b0,Japan,150.24,False
a4460d,United States,222.5,False
a24cc0,United States,179.18,False
40771a,United Kingdom,282.29,False
ab3fcc,United States,226.6,False
a0634c,United States,186.39,False
a18331,United States,184.47,False
a5fd9d,United States,39.1,False
a07690,United States,265.82,False
abf949,United States,240.41,False
507c56,Uzbekistan,210.39,False
7c6820,Australia,2.31,True
a44611,United States,172.3,False
ac1951,United States,204.99,False
aa0ccf,United States,80.76,False
a8bfb6,United States,274.18,False
aa1ffc,United States,186.64,False
a5a30a,United States,154.43,False
aa6333,United States,210.62,False
a1c03a,United States,207.75,False
aa5000,United States,66.55,False
a54016,United States,53.22,False
750598,Malaysia,230.07,False
a4200d,United States,265.69,False
c05eb1,Canada,268.13,False
a1d368,United States,268.87,False
a5666e,United States,233.66,False
a48ce7,United States,58.03,False
a2f352,United States,136.34,False
ad6d03,United States,158.3,False
75059a,Malaysia,148.6,False
a93631,United States,256.98,False
a4a99c,United States,187.96,False
c05eb6,Canada,214.43,False
abf7c5,United States,207.97,False
a32696,United States,41.24,False
c05ee5,Canada,12.86,True
ac4d43,United States,209.79,False
c05ee1,Canada,214.64,False
ac04ae,United States,198.16,False
a1836c,United States,243.66,False
75056c,Malaysia,234.75,False
a3133c,United States,208.76,False
c05edd,Canada,198.84,False
75056a,Malaysia,79.47,False
ac04c6,United States,235.04,False
ac04c3,United States,205.27,False
750579,Malaysia,0.0,True
ac04c2,United States,62.93,False
a5c990,United States,34.34,False
750593,Malaysia,105.03,False
a1e677,United States,46.93,False
c0051f,Canada,0.0,True
a18380,United States,198.77,False
0101db,Egypt,213.93,False
a1c023,United States,47.31,False
ac04d3,United States,231.23,False
7c66d3,Australia,235.33,False
a4463e,United States,192.85,False
abe4b9,United States,209.32,False
a8295d,United States,201.38,False
a68612,United States,37.56,False
a00e2d,United States,49.56,False
ad24ab,United States,191.53,False
750556,Malaysia,161.23,False
aab1af,United States,157.96,False
a62fd1,United States,0.0,True
a82903,United States,235.28,False
aab1d2,United States,260.47,False
aac4ed,United States,0.0,True
a4dca9,United States,213.61,False
a74fa2,United States,202.5,False
a1c05d,United States,229.98,False
a5530b,United States,300.26,False
75052a,Malaysia,154.25,False
abe4db,United States,257.4,False
a00e0d,United States,220.87,False
a61cc0,United States,50.39,False
a56661,United States,221.47,False
a74fae,United States,0.0,True
a1d37a,United States,40.25,False
7c53e0,Australia,104.48,False
acf1a3,United States,213.93,False
750544,Malaysia,201.78,False
acbffd,United States,219.5,False
abf66c,United States,272.91,False
7c68b6,Australia,212.54,False
a6d234,United States,210.77,False
7c68aa,Australia,0.0,True
a6f895,United States,70.32,False
7504a1,Malaysia,231.51,False
a98bc2,United States,119.07,False
abd010,United States,248.37,False
aac366,United States,226.0,False
40749a,United Kingdom,248.87,False
a93229,United States,224.31,False
4caeaf,Ireland,202.98,False
a4426c,United States,60.84,False
7c68a5,Australia,207.46,False
a86bc2,United States,76.0,False
a097cc,United States,185.61,False
a097ce,United States,241.87,False
7504b1,Malaysia,230.12,False
406177,United Kingdom,159.38,False
4b9521,Turkey,238.15,False
ab9383,United States,264.7,False
84b75d,Japan,195.18,False
71ba18,Republic of Korea,216.2,False
4caeb0,Ireland,203.36,False
aa735a,United States,0.51,True
4caeb1,Ireland,208.76,False
a44262,United States,0.0,True
a45592,United States,0.0,True
7c68a1,Australia,237.57,False
c05d7c,Canada,161.89,False
a99eca,United States,67.64,False
a44257,United States,239.73,False
a45586,United States,247.89,False
a6d241,United States,0.0,False
a44258,United States,212.18,False
c001e2,Canada,233.37,False
c001e5,Canada,143.62,False
a9eeb6,United States,1.54,True
c05d98,Canada,233.05,False
c001e4,Canada,220.73,False
84b77f,Japan,225.15,False
a4423b,United States,216.47,False
aa600a,United States,263.43,False
aa733b,United States,0.06,False
a25d36,United States,205.19,False
a37d13,United States,55.08,False
a5755a,United States,59.09,False
a25d2f,United States,42.5,False
a4a54c,United States,1.8,True
aa998e,United States,225.69,False
a71875,United States,65.75,False
76bd41,Singapore,245.06,False
aa9990,United States,169.37,False
a347b1,United States,255.12,False
a9450d,United States,258.87,False
ad237f,United States,197.2,False
c027d7,Canada,49.29,False
abd063,United States,49.95,False
a0e7f4,United States,7.72,True
a071c8,United States,218.12,False
a071c2,United States,253.45,False
aa864a,United States,67.03,False
ad2384,United States,205.8,False
71ba13,Republic of Korea,123.8,False
71ba12,Republic of Korea,227.78,False
a097e9,United States,272.26,False
7c68cb,Australia,199.06,False
a5d87a,United States,264.13,False
7c68ce,Australia,204.91,False
a56256,United States,13.38,False
71ba02,Republic of Korea,260.37,False
ac5e01,United States,232.85,False
7c68c7,Australia,131.15,False
71ba05,Republic of Korea,249.12,False
c05d56,Canada,217.14,False
a8251a,United States,59.38,False
aab09a,United States,198.55,False
4caed3,Ireland,80.98,False
a5d891,United States,152.86,False
aa0b10,United States,211.05,False
adba7e,United States,50.17,False
aa1e41,United States,224.39,False
a214de,United States,206.85,False
a12a64,United States,55.45,False
a214e5,United States,164.64,False
8479bc,Japan,191.37,False
a37d4f,United States,120.69,False
ab4fd4,United States,237.02,False
a36a19,United States,240.05,False
aae93e,United States,48.38,False
8466a0,Japan,174.98,False
a36a21,United States,261.52,False
a3cd58,United States,186.84,False
a1f4cd,United States,175.72,False
a4da13,United States,72.76,False
aae960,United States,197.27,False
a4a4ad,United States,53.11,False
a24a0a,United States,225.49,False
ac2952,United States,7.46,True
a24a19,United States,182.17,False
a49d16,United States,253.39,False
a9327a,United States,246.41,False
a24a31,United States,81.39,False
a837a6,United States,259.73,False
4932a1,Portugal,0.0,True
a837a3,United States,0.0,True
a37d8d,United States,177.64,False
a24a82,United States,203.66,False
a37d8a,United States,234.99,False
40745e,United Kingdom,251.46,False
a24a6a,United States,82.32,False
a1090f,United States,96.73,False
a4b7a0,United States,79.19,False
4a0d12,Romania,233.52,False
a9325f,United States,77.05,False
a441ab,United States,156.39,False
ad495b,United States,235.35,False
aa739d,United States,0.0,True
acbfc0,United States,0.0,True
aa739e,United States,146.7,False
aac337,United States,264.23,False
ad363d,United States,245.44,False
a12a81,United States,210.7,False
a00a8a,United States,195.52,False
0700bc,Senegal,80.87,False
ac5cd7,United States,254.96,False
7c436c,Australia,28.92,False
a9a871,United States,133.19,False
a9323c,United States,204.59,False
7c4366,Australia,53.38,False
a9dbc5,United States,46.77,False
ad7cae,United States,43.12,False
a93257,United States,208.22,False
a12a7c,United States,79.22,False
a12a7f,United States,210.57,False
4caf29,Ireland,247.88,False
a681cf,United States,73.22,False
a09961,United States,128.06,False
a9a7d9,United States,11.83,True
ac4a44,United States,4.63,True
abe1c2,United States,234.65,False
c05bd2,Canada,193.53,False
c05bd5,Canada,215.94,False
a48a83,United States,126.8,False
a441ef,United States,2.57,True
c05bcf,Canada,0.0,True
4caf1e,Ireland,98.94,False
ab3d9a,United States,145.3,False
a6e4e8,United States,257.28,False
ac01d3,United States,1.8,True
a0996b,United States,255.68,False
a811a6,United States,52.53,False
a09947,United States,4.63,True
a10931,United States,107.32,False
a9a7d0,United States,107.02,False
a944c8,United States,238.44,False
a957f9,United States,52.07,False
84b5ee,Japan,306.82,False
a62d4a,United States,47.1,False
a4da37,United States,64.0,False
a06010,United States,256.79,False
a07341,United States,138.51,False
a837cf,United States,239.16,False
76bcc3,Singapore,210.67,False
4d23b7,Malta,89.78,False
76bcc5,Singapore,110.6,False
76bcc7,Singapore,242.53,False
780fde,China,189.53,False
a5b1a8,United States,0.0,True
c0150d,Canada,221.49,False
abe1eb,United States,0.0,True
881059,Thailand,233.13,False
86808a,Japan,112.12,False
c05bc2,Canada,76.47,False
c0153b,Canada,231.7,False
a74d68,United States,42.2,False
780fff,China,7.72,True
a62d90,United States,0.0,True
a21633,United States,261.48,False
a08663,United States,197.45,False
a5c4de,United States,187.78,False
a6e4c2,United States,40.04,False
08483f,Chad,182.26,False
ac27a6,United States,0.06,True
a5762f,United States,,True
a3dfeb,United States,193.03,False
ab3d14,United States,81.91,False
514005,Georgia,0.0,True
514004,Georgia,74.59,True
aae7b3,United States,203.73,False
a4b96d,United States,146.16,False
8a0a8a,Indonesia,225.33,False
a44308,United States,6.94,True
a83953,United States,4.12,True
a08698,United States,113.86,False
a1099f,United States,222.11,False
a1933c,United States,159.92,False
a57666,United States,0.0,True
a19343,United States,175.19,False
a71972,United States,56.78,False
a8aa87,United States,207.72,False
a25cdc,United States,183.66,False
a32321,United States,221.78,False
a3362f,United States,154.24,False
a1801c,United States,159.46,False
ab3d40,United States,228.42,False
a34978,United States,75.43,False
a5b311,United States,50.63,False
a5c640,United States,178.54,False
c01505,Canada,269.21,False
a25ccb,United States,50.34,False
a97a67,United States,16.85,False
a1939a,United States,168.7,False
ac5d38,United States,132.1,False
ab3d51,United States,105.19,False
ac27cf,United States,251.45,False
a5fa9f,United States,36.82,False
ac27f0,United States,235.31,False
acad02,United States,274.13,False
ad47d8,United States,228.63,False
a3235b,United States,92.49,False
8a0a4a,Indonesia,234.47,False
39b22e,France,235.39,False
a57613,United States,41.67,False
a8aa77,United States,182.57,False
a944ea,United States,56.52,False
a944ec,United States,224.69,False
aa0a93,United States,229.86,False
ab3d6f,United States,203.39,False
39b221,France,192.86,False
8a0a43,Indonesia,224.68,False
8a0a44,Indonesia,237.22,False
a44334,United States,237.44,False
a0b063,United States,52.1,False
39b225,France,262.76,False
a7190b,United States,86.39,False
aa0a6e,United States,100.84,False
a98d7e,United States,283.36,False
a4b952,United States,236.38,False
ad34aa,United States,58.93,False
ac5d61,United States,254.4,False
ab91bd,United States,43.84,False
71ce87,Republic of Korea,54.72,False
a01e47,United States,292.7,False
c05e8e,Canada,216.89,False
abd135,United States,219.18,False
aab13d,United States,0.0,False
aa748b,United States,81.91,False
a79039,United States,40.74,False
a01e3d,United States,207.63,False
a098f6,United States,216.29,False
a5c694,United States,210.32,False
a6d34b,United States,248.89,False
a6837d,United States,193.64,False
a67050,United States,90.65,False
ab8173,United States,192.99,False
abe475,United States,194.06,False
a12b07,United States,0.0,True
aab169,United States,0.0,True
a12b09,United States,230.7,False
7505a9,Malaysia,211.75,False
acf146,United States,0.26,True
a085a4,United States,137.55,False
ad1142,United States,13.89,True
a98cbc,United States,257.55,False
acf131,United States,228.64,False
c05e9d,Canada,142.92,False
abe496,United States,241.28,False
869560,Japan,229.96,False
86d200,Japan,190.23,False
ac049e,United States,147.02,False
a12b2b,United States,223.84,False
aa7468,United States,302.94,False
aae9a3,United States,259.66,False
a7197d,United States,174.24,False
c05e62,Canada,143.06,False
a9a91a,United States,191.73,False
a6f96c,United States,32.41,True
a072d9,United States,225.73,False
abd17b,United States,264.46,False
ab819c,United States,211.78,False
a67014,United States,61.06,False
a5767d,United States,283.01,False
3a3a20,France,134.86,False
a75fdf,United States,149.68,False
adbaca,United States,256.9,False
846888,Japan,157.6,False
a12b0a,United States,244.5,False
a12b0e,United States,214.84,False
a7066e,United States,17.92,False
aa6113,United States,238.71,False
86951c,Japan,275.4,False
ab2c04,United States,0.0,True
ad7f04,United States,194.49,False
a8397c,United States,196.75,False
aa1dcd,United States,266.31,False
a2f092,United States,216.11,False
aedabf,United States,16.15,False
abd19e,United States,239.27,False
aa6103,United States,224.96,False
c04b39,Canada,30.0,False
a8cfae,United States,212.31,False
c05e0a,Canada,40.8,False
a4b8f6,United States,218.47,False
4cadfe,Ireland,134.42,False
a335f4,United States,253.94,False
3c7a44,Germany,218.67,False
a24b4b,United States,10.61,False
a4ee2e,United States,203.0,False
a37e82,United States,62.92,False
a37e80,United States,149.53,False
3c7a51,Germany,4.12,False
a50e68,United States,87.97,False
a1e2c4,United States,168.42,False
3c7a54,Germany,88.61,False
aad72c,United States,193.62,False
a6f8b7,United States,65.9,False
a61b14,United States,45.24,False
ad7da2,United States,76.39,False
ac0418,United States,236.74,False
a24b40,United States,224.08,False
a86e1d,United States,5.92,True
3c7a4a,Germany,267.28,False
3c7a4b,Germany,257.91,False
a825a6,United States,12.86,True
3c7a4e,Germany,2.31,True
a36b1d,United States,50.67,False
346047,Spain,217.52,False
a575f4,United States,192.02,False
a50e83,United States,109.82,False
a25e5c,United States,33.95,False
a00b91,United States,164.24,False
86d288,Japan,264.6,False
a24b49,United States,157.25,False
84b7b6,Japan,125.83,False
ab8112,United States,148.86,False
ab2ac4,United States,66.09,False
a442da,United States,10.8,True
a08714,United States,0.0,True
ac1765,United States,207.11,False
abe40a,United States,188.03,False
aad780,United States,2.57,True
aa99b7,United States,260.27,False
40756b,United Kingdom,7.72,True
ab2ae1,United States,241.93,False
acadb6,United States,32.87,False
347343,Spain,211.11,False
a2ae96,United States,156.46,False
a9dcca,United States,49.92,False
a36b73,United States,271.76,False
a455ea,United States,178.84,False
ad1104,United States,60.54,False
a335fa,United States,204.01,False
ac4ace,United States,0.77,False
a25e9b,United States,59.65,False
a2ae6e,United States,55.51,False
40621d,United Kingdom,254.45,False
acadd3,United States,167.85,False
a2ae6c,United States,215.88,False
ad7e6f,United States,213.96,False
4cae05,Ireland,211.28,False
a682ef,United States,218.47,False
7c571a,Australia,61.25,False
a9a8ec,United States,128.73,False
acae64,United States,201.89,False
a86e6c,United States,252.46,False
c0033f,Canada,46.99,False
a0d72b,United States,195.56,False
ac4b72,United States,283.63,False
a0875d,United States,56.44,False
aa72f5,United States,253.58,False
a9cb1c,United States,207.38,False
34740f,Spain,0.9,True
a945d5,United States,35.87,False
ac02ea,United States,2.83,True
ad22e1,United States,262.53,False
a85b75,United States,67.75,False
a958ff,United States,180.61,False
a9cb18,United States,207.55,False
a57719,United States,300.63,False
a0740c,United States,77.39,False
a12ac7,United States,211.87,False
a3373a,United States,229.47,False
a50e93,United States,225.54,False
a97b05,United States,56.66,False
a86e3f,United States,107.08,False
7c4439,Australia,50.49,False
a12ac1,United States,208.16,False
a0878e,United States,263.34,False
a4ee99,United States,68.54,False
a45725,United States,52.39,False
a562e8,United States,3.86,True
4cae57,Ireland,196.8,False
7c4423,Australia,2.57,False
a25dd0,United States,47.29,False
a695ea,United States,231.24,False
a1f751,United States,79.01,False
aa72b1,United States,0.0,True
a12aa4,United States,213.39,False
a12aa5,United States,172.69,False
c01674,Canada,10.29,True
a5b2d9,United States,42.38,False
4cae26,Ireland,230.84,False
4cae22,Ireland,9.26,True
851f4e,Japan,191.44,False
7c4418,Australia,204.89,False
7c4415,Australia,103.41,False
a74e7a,United States,219.12,False
a1e411,United States,244.56,False
ac1701,United States,211.79,False
a825e3,United States,251.37,False
a682f2,United States,70.58,False
4cae31,Ireland,0.45,True
4cae33,Ireland,223.78,False
a705ee,United States,34.09,False
a0c427,United States,0.0,False
a3cde4,United States,258.38,False
a6e720,United States,192.85,False
7c42cc,Australia,198.46,False
7c42e2,Australia,232.6,False
a2adf4,United States,190.96,False
ac5e23,United States,203.09,False
a2f111,United States,213.55,False
a1f77c,United States,120.53,False
a43106,United States,89.4,False
a3376c,United States,131.19,False
7c42d0,Australia,51.26,False
846844,Japan,179.69,False
ac28be,United States,0.0,True
a12ae6,United States,101.35,False
84b829,Japan,178.6,False
a12ae8,United States,126.98,False
a12ae9,United States,204.02,False
4d22ab,Malta,3.34,True
4d22ac,Malta,246.22,False
ac28e5,United States,75.95,False
ab2b23,United States,254.23,False
a32449,United States,268.63,False
a69761,United States,206.77,False
4cae4a,Ireland,73.89,False
a12ae3,United States,279.18,False
a12ae4,United States,206.21,False
a12ae5,United States,256.27,False
c02966,Canada,135.1,False
a44416,United States,77.69,False
4d22bd,Malta,184.97,False
ac5e47,United States,189.22,False
ad35a2,United States,10.59,False
a12aeb,United States,262.08,False
a32437,United States,206.4,False
a18142,United States,86.28,False
a57796,United States,230.53,False
846866,Japan,287.14,False
ac15d1,United States,199.73,False
aad5ca,United States,283.81,False
a0b199,United States,235.16,False
ad6b14,United States,7.72,True
acae2e,United States,202.1,False
c001ea,Canada,191.15,False
c05d9d,Canada,206.91,False
a00c09,United States,225.54,False
ab92c4,United States,206.75,False
a50db4,United States,56.39,False
aad5f2,United States,152.32,False
ac02b4,United States,142.46,False
a086b4,United States,0.06,True
4073ce,United Kingdom,254.54,False
ad48ef,United States,204.3,False
a18178,United States,33.06,False
abe2c0,United States,62.48,False
ad6b0c,United States,231.49,False
ad6b0f,United States,210.49,False
ad6b0e,United States,188.16,False
a48ac4,United States,9.77,True
ac5e6e,United States,188.34,False
aac2e2,United States,267.78,False
a9cb3f,United States,46.37,False
a9cb3e,United States,44.27,False
aac8a4,United States,242.78,False
a59d09,United States,60.65,False
c00926,Canada,193.48,False
a0fd55,United States,68.94,False
aa78b2,United States,212.49,False
a8059b,United States,191.57,False
ac08b1,United States,265.66,False
adacfd,United States,141.57,False
a47d05,United States,232.41,False
398699,France,266.05,False
ac3e13,United States,81.85,False
a11d47,United States,266.34,False
86d334,Japan,304.78,False
adf068,United States,163.39,False
adf065,United States,138.02,False
a554b9,United States,51.28,False
a3ad3e,United States,105.16,False
a9125f,United States,64.61,False
a58a04,United States,42.56,False
abe8b6,United States,80.03,False
a6626c,United States,33.57,False
a09a90,United States,213.63,False
a47d4c,United States,181.42,False
7c7a39,Australia,3.34,True
ad5e27,United States,267.59,False
a7d230,United States,57.53,False
a54299,United States,128.84,False
4caca2,Ireland,141.31,False
a22a73,United States,36.56,False
a7e54f,United States,214.75,False
a2e1a6,United States,82.75,False
aa5395,United States,45.04,False
a1c1c7,United States,6.69,True
a47d46,United States,264.86,False
adf09b,United States,47.33,False
7c44b9,Australia,9.26,True
ab0b42,United States,255.75,False
a8aef3,United States,209.9,False
4d2302,Malta,232.92,False
a9cecd,United States,95.69,False
a22a3d,United States,52.48,False
ad4b05,United States,234.5,False
a9ced7,United States,0.0,True
a327ee,United States,195.09,False
868316,Japan,88.35,False
4cacf1,Ireland,237.11,False
a1e902,United States,186.64,False
ac4ffb,United States,180.58,False
a7e4b6,United States,57.11,False
800b54,India,4.12,True
850e14,Japan,224.98,False
a46a72,United States,200.33,False
a1990c,United States,54.57,False
aa9b65,United States,225.92,False
a00fc1,United States,77.85,False
a60d70,United States,29.49,False
a794e1,United States,239.69,False
4d2352,Malta,219.34,False
8468cc,Japan,181.71,False
abb007,United States,1.29,True
ac8009,United States,159.46,False
a2090d,United States,12.35,True
a781a0,United States,184.73,False
a4ba76,United States,140.78,False
850e36,Japan,161.46,False
a804df,United States,70.99,False
a84d62,United States,139.21,False
ab7376,United States,4.63,True
a301df,United States,248.1,False
348342,Spain,96.21,False
4d2341,Malta,228.75,False
ac801e,United States,216.07,False
a47d69,United States,204.32,False
a1e946,United States,0.26,True
acd00b,United States,63.12,False
a19962,United States,73.29,False
a11cc1,United States,236.63,False
e03614,Argentina,234.43,False
a44917,United States,201.76,False
a44916,United States,197.08,False
a72d12,United States,40.02,False
ab6077,United States,81.44,False
a0c968,United States,132.34,False
a0665b,United States,96.87,False
800b78,India,11.32,True
a3ad6d,United States,4.12,True
aa78e7,United States,134.59,False
a5a4c1,United States,193.0,False
ad036e,United States,33.44,True
ad036b,United States,207.3,False
a46a7e,United States,211.93,False
4d235f,Malta,269.37,False
8468aa,Japan,191.84,False
ad0377,United States,72.38,False
a59d5f,United States,200.6,False
a18611,United States,39.37,False
a84d25,United States,213.87,False
86837c,Japan,190.18,False
800b81,India,152.79,False
800b80,India,191.01,False
a1e919,United States,196.06,False
a2e1fd,United States,178.54,False
a06646,United States,259.82,False
4d2384,Malta,272.24,False
a8f28f,United States,245.71,False
a11cf4,United States,203.89,False
a44960,United States,210.99,False
a3aca6,United States,226.12,False
8681a8,Japan,167.69,False
a44964,United States,193.31,False
a44963,United States,184.31,False
a35caa,United States,48.94,False
a29337,United States,184.05,False
a44962,United States,0.0,True
a7d1ee,United States,78.37,False
a1b001,United States,79.92,False
a36ff7,United States,226.91,False
a7d1ef,United States,53.79,False
a6fa94,United States,117.73,False
3c5824,Germany,223.5,False
862d50,Japan,191.18,False
ab2fb5,United States,148.21,False
a4493f,United States,169.26,False
a4493e,United States,262.32,False
a4493c,United States,261.15,False
0d0ef1,Mexico,93.49,False
a0669d,United States,142.0,False
a4493a,United States,205.65,False
a23ccb,United States,138.97,False
a0a30e,United States,214.7,False
7c580a,Australia,32.31,False
a44943,United States,73.59,False
a6893e,United States,252.2,False
a56972,United States,55.29,False
ac0941,United States,251.05,False
a68960,United States,61.43,False
8681b9,Japan,75.23,False
8681b7,Japan,167.3,False
a4491c,United States,283.28,False
a95a6b,United States,24.74,False
a4491a,United States,189.17,False
ac4fb5,United States,208.37,False
a4491f,United States,185.05,False
3c582d,Germany,260.0,False
a7f901,United States,47.34,False
8681ae,Japan,189.78,False
8681ac,Japan,283.62,False
aac954,United States,190.55,False
862d0c,Japan,272.96,False
ad292a,United States,195.78,False
a6c4fe,United States,60.82,False
aa9a7a,United States,238.45,False
aa51fe,United States,201.72,False
a30361,United States,45.84,False
abd627,United States,238.22,False
7c585f,Australia,124.1,False
a6b1be,United States,216.55,False
c03bf1,Canada,251.53,False
a28036,United States,186.08,False
a661fc,United States,218.74,False
c8200b,New Zealand,130.24,False
ac4fd8,United States,237.12,False
7c453a,Australia,35.11,False
862d2e,Japan,276.95,False
a44983,United States,208.89,False
a44982,United States,235.04,False
4070ec,United Kingdom,252.52,False
a44981,United States,213.06,False
4070ea,United Kingdom,130.76,False
a3298a,United States,7.72,True
4070ee,United Kingdom,219.79,False
a44984,United States,241.75,False
a18692,United States,41.83,False
ac096a,United States,218.8,False
a7e4fc,United States,77.22,False
a16037,United States,217.88,False
4070f0,United Kingdom,103.84,False
aaa339,United States,43.85,False
4070e8,United Kingdom,226.82,False
4070e9,United Kingdom,221.26,False
4070e2,United Kingdom,236.63,False
4070e1,United Kingdom,216.05,False
4070e6,United Kingdom,0.0,True
a4495d,United States,204.61,False
4070e7,United Kingdom,73.54,False
4070e4,United Kingdom,215.62,False
4070e5,United Kingdom,107.91,False
c82058,New Zealand,49.68,False
a8f302,United States,0.73,False
a7d316,United States,139.73,False
a1b084,United States,76.25,False
a85ff5,United States,254.75,False
151fd1,Russian Federation,263.32,False
a3f04a,United States,190.2,False
ad27f3,United States,264.42,False
7c43f1,Australia,43.71,False
aa4019,United States,92.57,False
a2806c,United States,208.16,False
a9bca6,United States,44.76,False
3c4589,Germany,188.48,False
a29391,United States,184.65,False
a7d32e,United States,208.26,False
a6c689,United States,59.59,False
4cad49,Ireland,290.4,False
acf4c7,United States,96.2,False
4cad45,Ireland,266.82,False
ae47f9,United States,66.3,False
4cad2a,Ireland,76.07,False
3c4586,Germany,6.43,True
3c4583,Germany,266.52,False
3c4584,Germany,237.88,False
ad5d3d,United States,183.95,False
846978,Japan,186.83,False
c82089,New Zealand,147.13,False
ac91ba,United States,190.13,False
ab0a73,United States,72.76,False
3c458f,Germany,228.99,False
3c458c,Germany,243.94,False
c82081,New Zealand,232.96,False
ab0a76,United States,212.63,False
ad14ce,United States,74.77,False
4cad3e,Ireland,218.13,False
a65054,United States,266.05,False
a92640,United States,213.34,False
a1b056,United States,37.07,False
3c4596,Germany,198.45,False
c00899,Canada,205.92,False
a4ccba,United States,250.16,False
4d21ef,Malta,118.8,False
ac2a69,United States,258.04,False
ad14f9,United States,239.78,False
abc1bc,United States,225.35,False
ac91cd,United States,260.68,False
ad01c0,United States,255.29,False
ad5d84,United States,151.29,False
a61ff5,United States,0.0,True
a41090,United States,136.65,False
ab0a88,United States,180.84,False
ace1af,United States,18.52,True
4d21eb,Malta,89.82,False
ac91d4,United States,258.5,False
4d21ec,Malta,63.02,False
c04eb6,Canada,1.54,True
a6c616,United States,48.4,False
ad5d5f,United States,211.49,False
a85fb8,United States,275.34,False
a2d094,United States,46.96,False
a0c8f7,United States,187.38,False
a5a648,United States,111.69,False
c00839,Canada,94.59,False
aaea84,United States,202.3,False
8694fa,Japan,235.37,False
a23e37,United States,41.98,False
a198ed,United States,267.8,False
a72ca2,United States,205.91,False
ab71fe,United States,60.33,False
a328a7,United States,69.74,False
a7f94d,United States,39.8,False
a66331,United States,43.98,False
4c01ed,Serbia,172.57,False
4c01ec,Serbia,124.53,False
151fc7,Russian Federation,199.67,False
a208b1,United States,75.44,False
846932,Japan,12.86,True
86e4fc,Japan,6.94,True
a66346,United States,209.58,False
a198e5,United States,2.06,False
a6765e,United States,50.93,False
a1e8a7,United States,50.42,False
45d961,Denmark,210.24,False
45d962,Denmark,219.36,False
a6509d,United States,118.46,False
a89076,United States,205.58,False
a7d395,United States,246.06,False
881426,Thailand,213.49,False
881425,Thailand,232.6,False
881423,Thailand,202.21,False
71bd87,Republic of Korea,127.59,False
a2f5b6,United States,127.11,False
abb19c,United States,145.42,False
a0fe7a,United States,201.66,False
a6b39a,United States,48.83,False
a568e8,United States,199.93,False
39c494,France,245.28,False
a35e47,United States,146.96,False
aac9d2,United States,59.66,False
39c498,France,182.2,False
a448d7,United States,210.51,False
a448d6,United States,120.47,False
a0a2bd,United States,189.76,False
a47e28,United States,240.67,False
a0fe80,United States,3.34,True
a448d1,United States,193.42,False
0d0f77,Mexico,203.4,False
a675a9,United States,171.73,False
c03da9,Canada,207.37,False
0d0f80,Mexico,164.04,False
adf16f,United States,47.67,False
ac3f2f,United States,8.23,True
a89086,United States,210.46,False
a22b28,United States,231.45,False
aa79a6,United States,61.22,False
a7e691,United States,222.52,False
ac3f59,United States,60.65,False
a1c2f1,United States,216.84,False
a46b3e,United States,56.2,False
0d0f13,Mexico,204.23,False
34718e,Spain,201.57,False
800c44,India,222.31,False
ac2c33,United States,284.59,False
800c48,India,212.79,False
a06703,United States,150.29,False
4c0222,Serbia,206.83,False
a8067f,United States,46.57,False
adf194,United States,230.28,False
abd6c6,United States,228.56,False
71aa42,Republic of Korea,96.04,False
a89058,United States,39.58,False
a77077,United States,59.68,False
0d0f35,Mexico,93.67,False
800c0b,India,175.95,False
800c16,India,8.75,True
ae6c13,United States,145.2,False
a7706b,United States,187.09,False
aa9afc,United States,239.96,False
862df4,Japan,271.77,False
a292c9,United States,217.62,False
a4ce11,United States,71.51,False
862dd8,Japan,200.2,False
71bd60,Republic of Korea,203.6,False
0d0f49,Mexico,192.44,False
a448f8,United States,204.25,False
a448f5,United States,283.87,False
4d2237,Malta,213.18,False
ac3dec,United States,225.91,False
4d2233,Malta,153.69,False
ab6137,United States,77.77,False
a9ab05,United States,213.17,False
aaeae5,United States,202.18,False
a71b43,United States,201.34,False
aa40c8,United States,94.46,False
ab879f,United States,253.95,False
a05410,United States,213.29,False
a4ce9d,United States,296.27,False
aaeadf,United States,67.84,False
a9ab07,United States,260.22,False
a0540a,United States,188.13,False
a422f7,United States,119.34,False
a6fb32,United States,157.66,False
ac2aca,United States,147.51,False
a4bb8a,United States,196.15,False
861c10,Japan,157.1,False
a7d2ae,United States,0.0,True
abc462,United States,98.02,False
abd77e,United States,252.02,False
ab6162,United States,253.71,False
a35e9c,United States,172.37,False
a95b14,United States,65.99,False
abc478,United States,0.0,True
0d0f07,Mexico,207.31,False
4c0244,Serbia,53.29,False
a782e4,United States,68.63,False
a805f3,United States,231.14,False
4d2221,Malta,61.5,False
a925bc,United States,135.33,False
a1d735,United States,36.58,False
a59e68,United States,265.53,False
a5ee51,United States,0.0,True
a688f4,United States,34.65,False
4d2271,Malta,143.98,False
a688ff,United States,205.99,False
406012,United Kingdom,74.1,False
a84e0c,United States,0.0,True
acd135,United States,1.8,False
ac948c,United States,78.46,False
a84e3a,United States,72.02,False
a782a1,United States,225.38,False
a72e69,United States,277.55,False
a84e3f,United States,194.94,False
a675e8,United States,225.56,False
a662b8,United States,35.02,False
ad4afb,United States,228.47,False
ac3f09,United States,219.52,False
ad4afe,United States,220.45,False
ad049a,United States,201.86,False
c008a6,Canada,22.71,False
a1d76b,United States,61.24,False
a1878a,United States,155.55,False
a60da2,United States,39.25,False
a22ac6,United States,105.56,False
a9ab87,United States,187.06,False
a3add3,United States,140.72,False
850e9c,Japan,166.47,False
0d0dd1,Mexico,200.76,True
710063,Saudi Arabia,274.12,False
a1c441,United States,31.3,False
78562c,China,39.18,False
a9ab64,United States,55.8,False
ab1db2,United States,0.0,True
a06793,United States,55.54,False
a66411,United States,38.64,False
a6c71c,United States,228.08,False
0d0de7,Mexico,155.37,False
a05470,United States,3.09,True
0d0ddb,Mexico,246.42,False
861b64,Japan,289.86,False
c08095,Canada,245.16,False
4071c7,United Kingdom,251.77,False
0d0df1,Mexico,0.0,True
a2f721,United States,32.58,False
850e58,Japan,84.68,False
c08048,Canada,262.55,False
ab741e,United States,260.36,False
a1b162,United States,173.37,False
ab6108,United States,243.13,False
a912f0,United States,202.28,False
ab7437,United States,228.31,False
a41121,United States,5.66,True
4cac12,Ireland,248.32,False
4cac13,Ireland,213.95,False
a079c1,United States,55.68,False
a9ab3e,United States,99.77,False
a34ae6,United States,252.8,False
a3ada3,United States,252.76,False
a46ab3,United States,261.84,False
710050,Saudi Arabia,259.3,False
7c331a,Australia,74.08,False
a30460,United States,211.95,False
0d0da5,Mexico,238.21,False
71002a,Saudi Arabia,276.78,False
a3adb9,United States,195.28,False
a7d2f7,United States,208.36,False
7c3315,Australia,7.46,True
a17490,United States,209.41,False
a55731,United States,206.05,False
71be35,Republic of Korea,183.17,False
151ec2,Russian Federation,211.29,False
a6513a,United States,62.93,False
758087,Philippines,183.8,False
4cac45,Ireland,249.08,False
a6c781,United States,249.78,False
ac3e5d,United States,221.39,False
7c7a71,Australia,5.66,True
71be25,Republic of Korea,256.57,False
a5a790,United States,54.93,False
acf5be,United States,200.52,False
a28191,United States,44.25,False
71be23,Republic of Korea,174.17,False
a28194,United States,47.12,False
7c7a4a,Australia,0.0,True
c03cbe,Canada,60.8,False
4cac55,Ireland,0.0,True
ad15cf,United States,6.17,True
a66482,United States,36.53,False
7c7a60,Australia,2.57,True
75807f,Philippines,192.65,False
ac3e80,United States,0.0,True
7c7a3e,Australia,265.83,False
a90122,United States,75.55,False
7c7a3d,Australia,199.5,False
ad4b54,United States,196.57,False
704e86,Myanmar,83.44,False
7c7a58,Australia,55.19,False
acf5f4,United States,202.02,False
4cac0f,Ireland,250.28,False
a65161,United States,141.74,False
ac2b61,United States,233.66,False
a41144,United States,0.0,True
a0c9b2,United States,236.52,False
a7d43c,United States,171.74,False
ac2b6c,United States,240.57,False
7c44da,Australia,223.03,False
7c7a46,Australia,204.17,False
7c7a48,Australia,138.62,False
151eca,Russian Federation,1.03,True
71be39,Republic of Korea,232.37,False
7c7a45,Australia,230.31,False
a65104,United States,247.95,False
aa542f,United States,221.94,False
4cac88,Ireland,208.12,False
a5a759,United States,31.73,False
abc2e5,United States,208.41,False
86d2cc,Japan,180.51,False
a55785,United States,6.17,True
ac2b80,United States,122.59,False
a35f29,United States,135.82,False
8682f4,Japan,0.06,True
c04fae,Canada,147.22,False
ac2b8e,United States,69.04,False
885b45,Thailand,118.62,False
885b41,Thailand,239.13,False
885b42,Thailand,231.43,False
a5edbf,United States,215.04,False
c04ff4,Canada,243.33,False
39c425,France,255.08,False
a0b6b2,United States,228.53,False
a83aa2,United States,76.0,False
a6b435,United States,171.01,False
39c428,France,287.16,False
ace2f9,United States,42.15,False
71be10,Republic of Korea,91.58,False
4cac65,Ireland,1.03,True
a71aad,United States,262.65,False
39c420,France,255.63,False
4cac62,Ireland,0.0,True
4cac63,Ireland,214.34,False
a449a1,United States,248.95,False
a449a8,United States,151.51,False
86d2ee,Japan,176.68,False
a6b42a,United States,133.17,False
c04ff7,Canada,7.72,True
a2d18c,United States,60.24,False
a1e9ac,United States,172.94,False
a6c756,United States,204.88,False
a5579d,United States,78.25,False
a5a77a,United States,58.27,False
a79768,United States,170.31,False
a053ad,United States,170.71,False
aa6735,United States,150.25,False
04c11c,Kenya,283.24,False
a11f57,United States,59.29,False
a09c49,United States,51.51,False
86d2db,Japan,216.82,False
acf486,United States,201.16,False
407031,United Kingdom,5.66,True
a075df,United States,1.54,True
a0c5c6,United States,154.91,False
861bec,Japan,184.88,False
a9ccde,United States,264.1,False
a1f8e6,United States,198.91,False
a1e5b5,United States,233.62,False
a12e57,United States,159.0,False
0c20a6,Panama,233.54,False
a1f8e4,United States,192.05,False
a0b2a7,United States,193.41,False
a92384,United States,1.8,True
a92387,United States,46.94,False
a3be1a,United States,108.14,False
a088ec,United States,61.79,False
a8acdf,United States,48.69,False
aaa19e,United States,143.53,False
a062a4,United States,121.73,False
a6c39f,United States,238.09,False
acf492,United States,91.57,False
a218cb,United States,184.05,False
a578d3,United States,20.99,False
a92361,United States,79.74,False
ab96a4,United States,256.39,False
acf48f,United States,223.12,False
ab1c01,United States,33.09,False
a4a8d0,United States,202.52,False
abf9a3,United States,196.91,False
a8f00e,United States,248.29,False
0c20de,Panama,232.29,False
0c20dc,Panama,172.43,False
a062ec,United States,0.06,True
a5669f,United States,179.31,False
a062ef,United States,197.2,False
7c7c77,Australia,209.24,False
a458f8,United States,72.87,False
a48e3a,United States,1.54,True
ac06a1,United States,268.02,False
a9cca5,United States,210.34,False
a8298f,United States,217.66,False
a48e46,United States,175.8,False
a24e94,United States,29.34,False
a23b60,United States,134.47,False
7c33d8,Australia,81.9,False
861ba8,Japan,188.1,False
a35b27,United States,143.84,False
a7f63d,United States,150.34,False
a445ad,United States,135.41,False
a445ab,United States,184.73,False
0c20e0,Panama,245.14,False
a80329,United States,0.0,True
a7e318,United States,1.03,True
0c20d5,Panama,241.79,False
ad6f00,United States,33.12,False
a445b0,United States,231.7,False
a47b08,United States,163.27,False
a23b55,United States,74.63,False
800d34,India,0.51,True
a12e80,United States,199.22,False
861bca,Japan,289.23,False
800d37,India,248.84,False
a35b0b,United States,188.25,False
a6605b,United States,81.92,False
a6c358,United States,203.0,False
a67399,United States,182.24,False
ace19a,United States,214.48,False
ab1c47,United States,192.93,False
ac3c0d,United States,282.14,False
a3be7c,United States,224.87,False
c03b15,Canada,184.97,False
ad2733,United States,204.76,False
aa76ef,United States,179.81,False
a48e7b,United States,184.27,False
a828e1,United States,216.36,False
a3be8f,United States,0.51,True
a48e81,United States,161.1,False
a445ec,United States,238.22,False
a445ef,United States,236.99,False
0c218c,Panama,249.37,False
a445ee,United States,212.31,False
0c218b,Panama,232.76,False
ac3aa8,United States,195.26,False
aa0f6c,United States,40.75,False
a432c1,United States,77.79,False
aafac4,United States,28.92,False
a445f0,United States,194.62,False
0c217c,Panama,170.1,False
adbdb8,United States,47.92,False
010153,Egypt,242.11,False
01013d,Egypt,280.72,False
aa76cb,United States,229.49,False
a445cd,United States,199.76,False
a61e93,United States,87.63,False
abe77a,United States,218.79,False
a20714,United States,113.48,False
a4cb08,United States,209.79,False
4c0178,Serbia,16.46,True
4d2155,Malta,249.75,False
ac4dfb,United States,204.8,False
ac078b,United States,0.0,True
a0640b,United States,78.94,False
ac3adf,United States,193.45,False
4d2168,Malta,1.03,True
abc12a,United States,280.24,False
86d57f,Japan,183.34,False
a5c8bb,United States,104.65,False
a18403,United States,6.94,True
aa76a8,United States,199.26,False
408305,United Kingdom,218.1,False
abe79d,United States,250.78,False
a85e16,United States,38.68,False
a59b2c,United States,24.91,False
c018c8,Canada,199.71,False
abc14d,United States,193.3,False
a47b5a,United States,284.78,False
aaa178,United States,227.39,False
39d2ae,France,261.82,False
3dfa59,Germany,69.06,False
adbe91,United States,0.0,True
39d2aa,France,260.45,False
39d2ad,France,230.49,False
39d2b2,France,275.39,False
a3271c,United States,70.77,False
a3271e,United States,232.77,False
a06464,United States,114.99,False
aafb9a,United States,42.23,False
a06461,United States,212.8,False
a24dd1,United States,80.36,False
a44704,United States,210.44,False
a3bdb3,United States,49.24,False
a06435,United States,240.87,False
a3bdad,United States,95.47,False
a96b65,United States,0.0,True
39d2a5,France,239.04,False
39d2a9,France,288.55,False
4d2065,Malta,0.06,True
39d2a4,France,170.51,False
0c2166,Panama,236.29,False
7c3460,Australia,57.62,False
a1c11a,United States,43.87,False
a35aae,United States,137.42,False
a4cb6f,United States,316.25,False
a17140,United States,163.74,False
a1d44e,United States,157.94,False
a5a2cc,United States,239.8,False
0c2162,Panama,251.04,False
a23abc,United States,64.31,False
7c7acd,Australia,48.09,False
01015d,Egypt,4.12,False
a35ab8,United States,210.1,False
a792d0,United States,67.5,False
a60b89,United States,45.81,False
7c7ab4,Australia,225.17,False
7c7ab5,Australia,235.48,False
ad270d,United States,38.06,False
4d208a,Malta,201.39,False
a96b14,United States,223.87,False
7c7ab9,Australia,198.37,False
3480cc,Spain,95.24,False
a24de8,United States,134.67,False
3b21ff,France,9.26,True
7c7aac,Australia,0.0,True
7c7aae,Australia,190.35,False
a0a116,United States,46.99,False
7c7aa3,Australia,0.0,True
7c7aa6,Australia,269.46,False
a8ae3d,United States,46.61,False
a8ae3e,United States,217.72,False
a48da9,United States,82.33,False
71014b,Saudi Arabia,193.77,False
a7e2c0,United States,281.7,False
4b18fe,Switzerland,50.95,False
aab40b,United States,235.81,False
a7e2af,United States,2.57,True
a2f403,United States,52.05,False
a2076d,United States,94.69,False
abf8e0,United States,102.37,False
c01970,Canada,233.62,False
a3147c,United States,57.03,False
7c7b7d,Australia,0.0,True
a59ace,United States,146.91,False
aa6446,United States,89.65,False
a4478d,United States,204.38,False
a54137,United States,257.72,False
a5b760,United States,211.43,False
ac4e54,United States,164.51,False
a73dd3,United States,6.69,True
a12f08,United States,212.87,False
c01968,Canada,206.45,False
a35af8,United States,194.37,False
ac3b32,United States,146.56,False
a35ae4,United States,217.05,False
c0064c,Canada,0.64,True
a35adb,United States,132.65,False
ad5b28,United States,168.1,False
aab2c0,United States,250.54,False
a6b10c,United States,266.33,False
7c32f3,Australia,4.37,True
a35ad3,United States,239.42,False
a6b100,United States,238.19,False
a80431,United States,52.76,False
c0196c,Canada,107.0,False
a1d45a,United States,76.4,False
a0a174,United States,87.49,False
a17170,United States,212.19,False
ad5b18,United States,3.86,True
71bf57,Republic of Korea,255.88,False
a1d470,United States,50.92,False
abd2a8,United States,71.57,False
a67407,United States,65.34,False
ac4e85,United States,259.19,False
a12f2a,United States,106.16,False
a339b4,United States,199.33,False
a339b1,United States,55.26,False
a5540c,United States,49.9,False
c01938,Canada,157.16,False
ab1b86,United States,70.46,False
a4ddca,United States,188.89,False
ac3b78,United States,0.0,True
a9bb70,United States,172.68,False
aa7718,United States,262.51,False
adab36,United States,141.99,False
a73dc7,United States,202.13,False
a1d49e,United States,42.92,False
7c7b8f,Australia,28.83,False
abd2e6,United States,205.43,False
71bf19,Republic of Korea,215.92,False
a12f6d,United States,216.37,False
a6618c,United States,133.94,False
a196f3,United States,159.66,False
a24f4d,United States,53.2,False
a12f73,United States,212.8,False
ac927f,United States,207.98,False
a61f05,United States,203.69,False
a35c0b,United States,208.87,False
a699a1,United States,175.94,False
a61f00,United States,51.95,False
acf591,United States,55.53,False
a12f7e,United States,42.97,False
4b1921,Switzerland,222.57,False
abc297,United States,51.08,False
ab1d06,United States,191.78,False
7580b3,Philippines,151.69,False
a7816a,United States,220.63,False
a4cc00,United States,132.06,False
a12f4c,United States,212.62,False
a339d6,United States,141.08,False
4caa5a,Ireland,138.86,False
a0c6c6,United States,268.03,False
407131,United Kingdom,154.74,False
a1f9ba,United States,52.78,False
a60c09,United States,198.27,False
aac7b1,United States,86.72,False
a339c2,United States,279.41,False
a12f71,United States,190.37,False
a12f72,United States,147.04,False
ac07b8,United States,155.76,False
aa527a,United States,85.64,False
3dd798,Germany,32.48,False
a0fc23,United States,210.86,False
4caa5f,Ireland,128.64,False
86d682,Japan,207.1,False
aac7ab,United States,257.72,False
a300a9,United States,269.06,False
c03c6b,Canada,269.11,False
aafd17,United States,208.99,False
ab1d30,United States,260.4,False
ab97ca,United States,204.8,False
40717d,United Kingdom,226.16,False
40717a,United Kingdom,221.47,False
40717b,United Kingdom,254.27,False
a8adda,United States,43.23,False
86d629,Japan,187.2,False
71bf83,Republic of Korea,238.25,False
71bf89,Republic of Korea,222.97,False
ab1d2f,United States,228.02,False
7c6a53,Australia,125.72,False
407180,United Kingdom,250.79,False
407181,United Kingdom,0.0,True
ab97e6,United States,222.22,False
a5417e,United States,267.78,False
a9baa6,United States,39.81,False
7c6a57,Australia,62.5,False
aafd1f,United States,271.14,False
407177,United Kingdom,155.53,False
407176,United Kingdom,226.16,False
ab84c9,United States,203.0,False
a196fb,United States,48.94,False
abe7c5,United States,115.25,False
868688,Japan,139.76,False
a206fc,United States,132.3,False
ad14a0,United States,205.96,False
a78151,United States,35.79,False
a446aa,United States,1.54,True
a446b6,United States,245.89,False
a6c46f,United States,191.45,False
abd536,United States,205.23,False
ad6ecb,United States,221.53,False
c03c44,Canada,207.85,False
ad6ecc,United States,57.59,False
ad6ec5,United States,239.92,False
a72c34,United States,47.73,False
0c205f,Panama,201.75,False
a5ff76,United States,205.96,False
a2e0c0,United States,0.06,True
aa9a30,United States,169.56,False
86d5a1,Japan,180.96,False
aa64ca,United States,110.82,False
0c205b,Panama,235.69,False
abd559,United States,96.8,False
a60c73,United States,55.15,False
861e56,Japan,163.31,False
a540e3,United States,215.15,False
aaa244,United States,285.7,False
a433d1,United States,128.81,False
ad0212,United States,56.14,False
0c2064,Panama,220.21,False
aaa247,United States,226.01,False
86e8ac,Japan,172.94,False
aafbf3,United States,0.45,True
a446eb,United States,214.73,False
ab1bfb,United States,196.81,False
a5ec61,United States,198.63,False
a5ec64,United States,102.59,False
abe892,United States,192.14,False
a3280d,United States,49.91,False
a4df50,United States,210.37,False
7c47b8,Australia,237.99,False
a4df52,United States,175.97,False
a4df56,United States,217.85,False
7c47aa,Australia,239.81,False
acf54f,United States,259.64,False
c03c02,Canada,206.41,False
ac3beb,United States,208.16,False
ad1560,United States,70.51,False
7c47a4,Australia,2.06,True
4d203d,Malta,224.72,False
aaa25f,United States,46.95,False
3c79c5,Germany,186.54,False
a4df4f,United States,83.98,False
a32814,United States,220.72,False
a9249c,United States,251.62,False
c04f53,Canada,240.07,False
abd57e,United States,230.67,False
aa77c0,United States,209.24,False
a686d5,United States,175.94,False
a72c10,United States,0.0,True
c006b1,Canada,0.39,True
c03c04,Canada,212.77,False
a3ac77,United States,195.03,False
a85f29,United States,137.8,False
0c2095,Panama,240.46,False
a8f0bd,United States,126.37,False
a0b550,United States,194.13,False
a3284b,United States,219.12,False
ad00e3,United States,87.46,False
a32867,United States,183.67,False
a0fbb7,United States,2.57,True
4082e6,United Kingdom,224.73,False
a31533,United States,210.54,False
a32861,United States,10.29,True
adac5d,United States,93.4,False
7c7ba5,Australia,55.34,False
a20888,United States,0.0,False
0d0ffe,Mexico,208.64,False
4082cc,United Kingdom,221.32,False
a24ef7,United States,197.15,False
4082cd,United Kingdom,207.69,False
a24ef0,United States,230.48,False
75823e,Philippines,238.87,False
a32851,United States,83.06,False
ae20c7,United States,243.93,False
a96c72,United States,181.59,False
a923ee,United States,77.17,False
a923ef,United States,271.92,False
a12ee0,United States,172.78,False
a36ea8,United States,226.2,False
a56862,United States,5.66,True
a6882b,United States,202.73,False
a56866,United States,199.1,False
a97f84,United States,58.37,False
a96c55,United States,87.61,False
abe80e,United States,7.46,False
0c202c,Panama,225.41,False
a673fc,United States,56.27,False
a6b0c5,United States,0.0,True
0d0fc1,Mexico,242.74,False
a923cd,United States,182.8,False
a923cf,United States,87.47,False
a30246,United States,207.64,False
a23bfb,United States,0.0,True
a3287f,United States,64.84,False
a6c3ca,United States,0.45,True
a32893,United States,124.97,False
a1c229,United States,2.83,True
aa63ed,United States,210.6,False
a9bc12,United States,100.91,False
7c7bce,Australia,199.49,False
a1c21e,United States,49.05,False
a96c2e,United States,199.36,False
7c7bcc,Australia,230.26,False
7c7bc6,Australia,226.45,False
a793fd,United States,134.99,False
a6b0bd,United States,237.18,False
0d0fde,Mexico,252.51,False
800cc9,India,157.61,False
800cc8,India,154.59,False
abd50f,United States,242.0,False
ab8553,United States,208.45,False
0d0ff4,Mexico,129.41,False
0d0ff7,Mexico,196.54,False
a6b0d2,United States,185.79,False
a24efd,United States,85.44,False
3c4207,Germany,5.14,False
7c7c9b,Australia,178.1,False
7114e5,Saudi Arabia,247.77,False
7c7c9c,Australia,0.0,True
abf9eb,United States,52.02,False
aafc36,United States,238.01,False
a66239,United States,267.81,False
a60bcb,United States,66.88,False
ac4f4c,United States,287.36,False
aa5237,United States,4.63,True
3481d5,Spain,245.35,False
adbf26,United States,215.5,False
a5fef5,United States,150.61,False
ac06f5,United States,228.77,False
aac6ee,United States,228.61,False
a54268,United States,52.05,False
ab96fc,United States,197.27,False
ab83e8,United States,8.23,True
3c420c,Germany,4.12,True
ac4f6f,United States,175.86,False
a0b59d,United States,0.06,True
a6d88b,United States,188.84,False
7c7c98,Australia,0.0,True
86d607,Japan,179.85,False
ad5c30,United States,197.43,False
c04ddc,Canada,186.54,False
a2e235,United States,223.44,False
0d0fb1,Mexico,214.93,False
aa6533,United States,0.64,True
47bfc8,Norway,21.7,False
c83065,New Zealand,58.49,False
a6750e,United States,278.65,False
aaa0d1,United States,192.6,False
4caa40,Ireland,204.14,False
a0b4a4,United States,48.94,False
abc0c1,United States,151.25,False
a0fd28,United States,248.54,False
a197e6,United States,68.44,False
a7f804,United States,69.97,False
a81815,United States,200.14,False
a2e28f,United States,174.42,False
451cc1,Bulgaria,65.03,False
4b1916,Switzerland,272.66,False
4b1917,Switzerland,73.71,False
a4227c,United States,48.38,False
a6d857,United States,227.52,False
a5688a,United States,61.07,False
850fb6,Japan,291.89,False
c00741,Canada,221.19,False
aa781f,United States,91.15,False
ac90de,United States,55.53,False
aa0ea1,United States,166.46,False
a73ed2,United States,47.53,False
