icao24,origin_country,velocity,on_ground
ae1fa7,United States,58.72,False
ab1644,United States,232.46,False
ab6fdd,United States,200.12,False
a3b87f,United States,93.2,False
801647,India,47.85,False
801648,India,145.08,False
a3687e,United States,71.63,False
acdfa6,United States,3.86,True
801657,India,196.87,False
a36898,United States,111.31,False
801616,India,153.22,False
a5954e,United States,66.97,False
aaf656,United States,177.91,False
a15bf8,United States,45.0,False
a6053c,United States,47.08,False
a09273,United States,64.67,False
80161a,India,204.65,False
ad5628,United States,0.0,True
801626,India,226.33,False
a2cba6,United States,196.27,False
ad694c,United States,189.34,False
407a06,United Kingdom,0.51,True
c047cf,Canada,62.08,False
a4758e,United States,65.55,False
adffd6,United States,236.32,False
adeca5,United States,225.92,False
a950e9,United States,69.49,False
a2228b,United States,225.01,False
a34280,United States,40.57,False
7c725c,Australia,36.03,False
e80258,Chile,221.58,False
4bc8c1,Turkey,217.6,False
a7bc8e,United States,101.62,False
e8024c,Chile,0.0,True
e80269,Chile,219.67,False
a2226b,United States,40.96,False
80164e,India,1.03,True
acdffc,United States,108.19,False
47b217,Norway,229.98,False
801659,India,2.06,True
ac3688,United States,222.36,False
e80273,Chile,221.44,False
801667,India,205.79,False
801665,India,242.02,False
a34268,United States,267.33,False
8744d4,Japan,279.14,False
a59530,United States,6.94,True
a5f825,United States,10.29,True
ac1042,United States,178.43,False
a950cb,United States,52.93,False
adffcf,United States,235.02,False
a4c527,United States,44.74,False
abad94,United States,183.31,False
adda1b,United States,1.29,True
0d11c9,Mexico,66.52,False
e80211,Chile,76.21,False
a5e58b,United States,74.24,False
e80210,Chile,198.39,False
adda24,United States,272.53,False
e80214,Chile,218.04,False
e8020f,Chile,292.49,False
a5829d,United States,221.45,False
0d11cc,Mexico,93.5,False
e8021c,Chile,261.65,False
0d11e4,Mexico,174.3,False
acba5a,United States,28.67,False
80168a,India,0.0,True
aded77,United States,182.51,False
c81d02,New Zealand,27.11,False
ad41cd,United States,147.01,False
ad41ed,United States,226.09,False
80169e,India,238.12,False
a127bb,United States,222.7,False
46b82d,Greece,211.36,False
a3428e,United States,254.28,False
a5d28e,United States,272.21,False
c0226c,Canada,266.05,False
a5d28c,United States,236.45,False
a71288,United States,52.47,False
a88bee,United States,45.24,False
a5f894,United States,183.34,False
adda5f,United States,215.26,False
46b831,Greece,9.77,True
851936,Japan,192.95,False
a9c834,United States,41.8,False
a02a66,United States,62.64,False
4cc2ad,Iceland,229.94,False
a8eed8,United States,0.0,True
a58267,United States,186.95,False
c81d2e,New Zealand,27.97,False
ab1614,United States,56.59,False
a247fd,United States,85.07,False
a27d3c,United States,28.3,False
a5958c,United States,186.97,False
a26a0d,United States,37.21,True
8851e2,Thailand,48.49,False
46b825,Greece,243.79,False
4cc2a3,Iceland,237.64,False
ab1628,United States,214.3,False
7c2ea2,Australia,57.44,False
a03d71,United States,87.43,False
a091b4,United States,160.99,False
a71257,United States,60.04,False
c04893,Canada,61.48,False
a85887,United States,280.55,False
a39d11,United States,180.68,False
aaf60a,United States,141.29,False
a7bbb2,United States,184.01,False
a2ba48,United States,81.28,False
8014a4,India,228.6,False
a2cd75,United States,124.77,False
aa07f9,United States,0.0,True
a354ed,United States,58.41,False
c04830,Canada,31.85,False
ab5d2c,United States,253.46,False
7c2f69,Australia,69.45,False
a474bb,United States,41.26,False
e0b215,Argentina,251.42,False
8014ad,India,3.09,True
8a0494,Indonesia,147.16,False
a88d1a,United States,228.69,False
a1ad73,United States,224.85,False
a52d74,United States,57.45,False
4aca89,Sweden,219.76,False
a64d4d,United States,274.71,False
e07585,Argentina,256.09,False
ab5d4a,United States,254.56,False
ab14d9,United States,155.16,False
84d283,Japan,185.02,False
a40d2e,United States,154.65,False
c81d8e,New Zealand,81.02,False
a234ef,United States,123.47,False
aaf4d3,United States,27.23,False
a88d10,United States,11.32,True
a857c2,United States,275.38,False
a38a0f,United States,165.94,False
a9659e,United States,24.98,False
e49eec,Brazil,175.68,False
e49eee,Brazil,176.5,False
e49eed,Brazil,0.0,True
aa3d09,United States,155.85,False
c81d9d,New Zealand,230.9,False
ac34bf,United States,181.04,False
85188c,Japan,0.0,True
7c1c95,Australia,114.78,False
8014f8,India,242.97,False
a40d8d,United States,230.92,False
ac6a1f,United States,233.99,False
aa929c,United States,110.3,False
a39d9b,United States,213.97,False
a40d95,United States,21.61,False
c2b0ad,Canada,127.04,False
e48ba9,Brazil,250.41,False
a341dc,United States,61.43,False
343141,Spain,213.55,False
8a0448,Indonesia,222.63,False
e0b285,Argentina,109.21,False
acba1b,United States,1.54,True
8014bc,India,248.56,False
a26a93,United States,217.05,False
ac21af,United States,2.06,True
c04825,Canada,114.88,False
c80a97,New Zealand,35.29,False
8014c8,India,262.71,False
e0b284,Argentina,247.03,False
a4d7e4,United States,218.38,False
abad6c,United States,116.74,False
ad9d59,United States,49.48,False
a00948,United States,181.7,False
7809a6,China,227.53,False
a88d6f,United States,0.06,True
a9ea32,United States,206.87,False
a03ce6,United States,166.96,False
a63a97,United States,48.38,False
a7aa2a,United States,51.03,False
7809b1,China,196.13,False
ab0299,United States,44.52,False
a63a9f,United States,56.14,False
a59601,United States,278.74,False
c07c7b,Canada,214.1,False
c07c7a,Canada,200.88,False
34440b,Spain,205.94,False
ad425d,United States,63.89,False
471f3d,Hungary,96.72,False
a831e5,United States,197.97,False
a594fa,United States,230.42,False
a99a05,United States,66.31,False
a46304,United States,244.64,False
a88d47,United States,5.92,True
a51a71,United States,133.5,False
0d1202,Mexico,3.6,True
a76d5a,United States,94.75,False
7c2f2d,Australia,75.03,False
7c1c10,Australia,44.7,False
a0802e,United States,55.8,False
a23675,United States,131.76,False
801612,India,271.28,False
801613,India,178.12,False
aa91b6,United States,66.29,False
0d1218,Mexico,219.91,False
7809ea,China,209.81,False
a08021,United States,198.0,False
c81ce4,New Zealand,38.59,False
c81ce5,New Zealand,55.26,False
c046f7,Canada,240.11,False
a857ff,United States,62.38,False
0d1233,Mexico,233.86,False
aa9440,United States,0.0,True
ab5dd4,United States,229.63,False
80174d,India,240.09,False
80174b,India,0.9,True
a46345,United States,297.69,False
8a01dd,Indonesia,206.54,False
ad9db0,United States,192.9,False
c81ac5,New Zealand,41.64,False
c81ac0,New Zealand,141.25,False
800441,India,234.2,False
a5d319,United States,251.37,False
c07e32,Canada,212.68,False
801778,India,125.0,False
a64ce6,United States,204.26,False
abadd6,United States,116.97,False
a59689,United States,33.13,False
c035bb,Canada,191.56,False
c035d4,Canada,207.53,False
a46310,United States,240.72,False
a1acdb,United States,167.29,False
c81acb,New Zealand,30.98,False
a9ea64,United States,61.92,False
a5f938,United States,235.33,False
abadf9,United States,248.42,False
3c4b31,Germany,235.52,False
3c4b27,Germany,268.85,False
3c4b2d,Germany,258.77,False
ad8aa9,United States,260.79,False
407b7b,United Kingdom,205.45,False
80179b,India,243.19,False
a1f070,United States,158.13,False
a3a63c,United States,80.49,False
3c4b2b,Germany,265.78,False
a89fa3,United States,92.12,False
ad444d,United States,286.18,False
a85931,United States,228.97,False
a0808f,United States,215.01,False
a52cc8,United States,6.69,True
407b70,United Kingdom,226.59,False
abf11f,United States,68.0,False
ac379a,United States,222.03,False
80177d,India,230.68,False
a4634b,United States,237.03,False
a008c5,United States,0.0,True
a3fffc,United States,189.52,False
ac247a,United States,213.47,False
a39e0c,United States,216.62,False
ada5ee,United States,217.35,False
3443d4,Spain,152.39,False
adee80,United States,45.48,False
8a0301,Indonesia,235.29,False
addb2b,United States,238.92,False
a3b8ad,United States,151.93,False
a84699,United States,252.92,False
a02b3b,United States,50.46,False
a2ce05,United States,221.12,False
a02b50,United States,60.53,False
a14b1a,United States,1.29,True
a248e0,United States,52.8,False
a02b15,United States,63.09,False
80047c,India,236.65,False
ad42fa,United States,29.95,False
ad8b97,United States,49.41,False
4aca06,Sweden,257.43,False
a45072,United States,191.01,False
a5c077,United States,33.1,False
a6e04c,United States,57.66,False
a6e055,United States,256.39,False
e0b198,Argentina,2.83,True
e0b197,Argentina,233.77,False
a248c8,United States,56.41,False
a8469e,United States,218.49,False
addb4a,United States,222.02,False
e48ad5,Brazil,223.43,False
4aca65,Sweden,226.94,False
7c1cb2,Australia,51.37,False
8016a7,India,0.0,True
8016a4,India,241.28,False
a222b2,United States,196.68,False
a7cfdd,United States,45.55,False
aaf720,United States,47.43,False
a2bb10,United States,213.18,False
ac370b,United States,136.94,False
a9b62a,United States,205.85,False
76b861,Singapore,131.85,False
a89fda,United States,196.44,False
a02b95,United States,147.5,False
a475a3,United States,215.29,False
ab5db8,United States,206.52,False
47891e,Norway,1.54,True
a0f5ca,United States,47.62,False
a15e70,United States,201.76,False
a9661f,United States,68.13,False
aa944a,United States,258.65,False
4bb4e3,Turkey,232.28,False
76b86d,Singapore,238.39,False
ab0425,United States,74.34,False
ac3731,United States,204.78,False
c81c31,New Zealand,102.97,False
c02358,Canada,221.27,False
46b927,Greece,185.38,False
a27e53,United States,53.47,False
847114,Japan,98.94,False
8015c2,India,225.91,False
a2ce7f,United States,62.97,False
47b1dc,Norway,255.79,False
ac48f2,United States,124.29,False
ab4b1e,United States,157.43,False
84c068,Japan,171.96,False
47b1e8,Norway,40.6,False
8a0374,Indonesia,215.39,False
aa2b21,United States,232.04,False
aaf5bc,United States,226.12,False
c81c50,New Zealand,65.19,False
ab02c9,United States,50.86,False
8015a8,India,231.79,False
ab5e6c,United States,262.28,False
a88e2e,United States,208.37,False
8015b2,India,233.55,False
873378,Japan,12.86,True
ac7e60,United States,180.99,False
aaf5df,United States,174.63,False
ad8b1d,United States,215.13,False
7c0a6b,Australia,0.73,False
c06a9b,Canada,289.89,False
a3b8f5,United States,83.06,False
abae62,United States,266.74,False
885306,Thailand,5.66,True
aae2d9,United States,251.15,False
a0f70c,United States,212.82,False
acce3f,United States,217.96,False
a5c09d,United States,120.74,False
0d1179,Mexico,41.32,False
a3a5d9,United States,213.2,False
3c4ad8,Germany,239.1,False
8015e7,India,0.9,True
8015e5,India,216.39,False
a2bb89,United States,236.5,False
ada5d1,United States,40.38,False
a5f8e4,United States,211.58,False
7c71d7,Australia,4.12,True
8015f7,India,234.77,False
88530f,Thailand,246.51,False
abae8f,United States,210.51,False
a38b84,United States,256.11,False
e48b64,Brazil,65.93,False
4bc859,Turkey,212.68,False
a99b5f,United States,192.99,False
c021f6,Canada,238.72,False
4bc84b,Turkey,255.69,False
0d111a,Mexico,164.64,False
a0e431,United States,187.34,False
a60701,United States,94.91,False
0d1130,Mexico,245.62,False
344557,Spain,245.32,False
a35725,United States,43.85,False
ada64d,United States,224.56,False
a0e429,United States,54.65,False
a10441,United States,71.6,False
0d112a,Mexico,184.54,False
0d112e,Mexico,238.35,False
a87b8a,United States,263.43,False
344545,Spain,153.92,False
ae634a,United States,64.31,False
ad4395,United States,6.94,True
adecf8,United States,0.0,True
ad4390,United States,246.56,False
4bc848,Turkey,208.67,False
0d1158,Mexico,261.38,False
aa92f8,United States,250.47,False
c06a82,Canada,283.97,False
a1f116,United States,0.64,True
aa2b79,United States,273.78,False
87339a,Japan,276.18,False
a21127,United States,174.91,False
a5d2d4,United States,224.45,False
8518ae,Japan,209.15,False
ab28c5,United States,252.63,False
8518d0,Japan,18.01,True
a10481,United States,61.33,False
4bc89a,Turkey,212.84,False
ac7e09,United States,176.3,False
801729,India,257.11,False
ab28d7,United States,236.83,False
a6f2b7,United States,179.47,False
ae503d,United States,236.57,False
ac7e18,United States,147.6,False
841b28,Japan,188.97,False
aa92c2,United States,168.45,False
ae638e,United States,149.53,False
ac48d3,United States,207.15,False
aaf5a9,United States,175.7,False
4bc887,Turkey,228.27,False
abf09e,United States,213.91,False
702034,Bangladesh,132.89,False
4bc885,Turkey,243.53,False
4bc894,Turkey,196.74,False
aaf5b1,United States,300.17,False
a75b5e,United States,278.22,False
a98909,United States,6.69,True
a09042,United States,7.2,True
a4996b,United States,205.02,False
73806b,Israel,252.51,False
a0f355,United States,2.31,True
c058b4,Canada,0.06,True
a4d624,United States,9.77,True
c058ae,Canada,245.08,False
a8690a,United States,81.34,False
a2467a,United States,150.79,False
a47303,United States,222.23,False
4068f6,United Kingdom,9.26,True
a36659,United States,63.35,False
a3fcd6,United States,95.97,False
a3795a,United States,0.0,True
4bb475,Turkey,241.81,False
738063,Israel,248.82,False
a2dca1,United States,34.57,False
801864,India,215.36,False
a2463a,United States,56.54,False
4bb46d,Turkey,223.97,False
a3661f,United States,236.22,False
738072,Israel,238.41,False
a22003,United States,64.83,False
738075,Israel,229.68,False
a1cfde,United States,67.58,False
a8da84,United States,0.0,False
c058bb,Canada,273.83,False
4bb46f,Turkey,240.96,False
c058be,Canada,262.94,False
702087,Bangladesh,245.01,False
8733bc,Japan,190.18,False
a0f37e,United States,211.49,False
ac8dc7,United States,69.66,False
aa0701,United States,174.43,False
abaaa8,United States,173.13,False
3c4a0d,Germany,312.06,False
a04e00,United States,219.75,False
ab6df9,United States,92.76,False
738050,Israel,253.41,False
3c4a21,Germany,281.76,False
738057,Israel,220.29,False
738056,Israel,6.69,True
738055,Israel,249.82,False
a6290b,United States,37.53,False
8a04f5,Indonesia,234.11,False
ac210e,United States,285.86,False
a3534a,United States,194.24,False
a3401a,United States,186.48,False
440080,Austria,156.84,False
a74923,United States,202.19,False
a09075,United States,8.75,True
ad6755,United States,205.94,False
7cc455,Australia,54.28,False
a2dce1,United States,212.73,False
a3c966,United States,43.8,False
e80046,Chile,204.84,False
800588,India,257.72,False
aa3b92,United States,76.25,False
a7ccce,United States,198.88,False
a7101e,United States,264.86,False
8a064c,Indonesia,239.5,False
a59398,United States,218.13,False
a83006,United States,72.02,False
874846,Japan,0.77,True
ac32cf,United States,201.13,False
a258b7,United States,203.11,False
a72350,United States,53.67,False
a018ee,United States,231.44,False
ae1e50,United States,136.87,False
8a063b,Indonesia,127.09,False
adb5de,United States,37.07,False
a5939c,United States,101.44,False
aa3ae9,United States,211.08,False
ac32f2,United States,217.39,False
ab5b8c,United States,283.93,False
ad9b5e,United States,0.0,True
aa9136,United States,255.04,False
aa3ae2,United States,209.26,False
a47364,United States,176.46,False
440030,Austria,238.65,False
a89cdc,United States,38.15,False
e8cfd2,Peru,137.48,False
accb50,United States,203.1,False
a35388,United States,227.54,False
aa3abe,United States,54.39,False
a84307,United States,33.02,False
a245b7,United States,8.75,True
a97626,United States,235.37,False
a125dd,United States,73.85,False
accb65,United States,201.48,False
3c4a8c,Germany,312.35,False
a03b67,United States,103.41,False
a97639,United States,240.95,False
e4a685,Brazil,53.62,False
8a0605,Indonesia,131.76,False
8a0603,Indonesia,75.28,False
a89caa,United States,53.29,False
a5e339,United States,102.29,False
a8430d,United States,134.1,False
a04e60,United States,149.15,False
50021d,San Marino,196.58,False
a97608,United States,195.98,False
ad9b94,United States,11.32,False
8960e7,United Arab Emirates,202.86,False
a5d00a,United States,66.4,False
ab2729,United States,199.16,False
a6034a,United States,225.84,False
a74992,United States,141.26,False
a78ffa,United States,122.71,False
aa0759,United States,239.4,False
a73665,United States,286.59,False
aa3b05,United States,220.64,False
344297,Spain,203.73,False
8003b0,India,95.6,False
89611d,United Arab Emirates,261.55,False
a52b19,United States,66.37,False
47c1c2,Norway,293.0,False
a39b39,United States,274.25,False
70472a,Myanmar,108.31,False
a748bc,United States,246.79,False
a1be72,United States,183.52,False
a52b1f,United States,254.75,False
405631,United Kingdom,68.12,False
a41e2c,United States,282.33,False
4891b3,Poland,90.58,False
a2cb13,United States,220.76,False
a628eb,United States,83.16,False
a39b19,United States,235.88,False
aa908e,United States,12.35,True
a125f9,United States,217.95,False
aa9093,United States,206.12,False
896118,United Arab Emirates,284.11,False
ac8e2a,United States,63.77,False
a65e4e,United States,38.16,False
896120,United Arab Emirates,232.94,False
c81b57,New Zealand,59.9,False
a6ae24,United States,1.54,True
4891a6,Poland,229.57,False
a378dc,United States,55.26,False
e49caa,Brazil,143.7,False
e49cab,Brazil,171.58,False
c1ea42,Canada,6.17,True
84715c,Japan,192.67,False
a41e90,United States,8.23,False
a12709,United States,264.69,False
a53e0c,United States,5.92,True
a72399,United States,40.67,False
a8302c,United States,76.57,False
c1ea55,Canada,0.06,True
a472c4,United States,58.25,False
a3c8cb,United States,183.35,False
a9633c,United States,52.68,False
8003e2,India,285.88,False
ab5b66,United States,208.78,False
a52b00,United States,60.42,False
a95037,United States,2.83,True
8470a0,Japan,192.58,False
a12731,United States,139.51,False
a12732,United States,227.03,False
a77e97,United States,4.37,True
a12734,United States,223.21,False
a7ce70,United States,63.39,False
a9c5c5,United States,148.91,False
abbce5,United States,0.0,True
7cc38f,Australia,41.21,False
7cb05d,Australia,110.32,False
a88b46,United States,57.19,False
7cb05a,Australia,130.74,False
7cb066,Australia,0.0,True
7cb065,Australia,0.0,True
ad5329,United States,192.07,False
7cb061,Australia,8.23,True
801811,India,208.02,False
a1272d,United States,213.03,False
a842b8,United States,175.05,False
a1272f,United States,136.35,False
aca989,United States,46.71,False
a988f0,United States,221.14,False
7cb053,Australia,132.08,False
a12710,United States,234.96,False
7cb059,Australia,11.32,True
7cb058,Australia,150.13,False
ada336,United States,119.0,False
a88b70,United States,191.8,False
7c606d,Australia,70.57,False
a8ee45,United States,39.37,False
ac2038,United States,194.48,False
738100,Israel,241.87,False
a8b8ea,United States,51.37,False
3c15be,Germany,300.65,False
a89e93,United States,34.98,True
3c4b21,Germany,247.88,False
a04db8,United States,114.89,False
a1270f,United States,238.67,False
a3b5fc,United States,67.91,False
ac337e,United States,202.88,False
a8a5a1,United States,39.25,False
a8b8d6,United States,75.92,False
a04dfa,United States,272.08,False
a4870d,United States,0.0,True
a0f427,United States,275.05,False
ac205f,United States,231.66,False
80183b,India,221.27,False
a1277a,United States,248.68,False
896186,United Arab Emirates,250.87,False
800521,India,171.64,False
896188,United Arab Emirates,183.52,False
a855a6,United States,76.14,False
a12750,United States,184.79,False
c044bb,Canada,212.81,False
a12753,United States,170.31,False
a12755,United States,243.68,False
40690a,United Kingdom,247.47,False
40690d,United Kingdom,79.87,False
ac2082,United States,165.5,False
5001ac,San Marino,263.99,False
801822,India,209.98,False
a4c2f8,United States,275.23,False
ab38aa,United States,0.0,True
a89e47,United States,86.87,False
c07a14,Canada,269.41,False
a1279f,United States,32.7,False
a9fb92,United States,117.29,False
a60409,United States,224.23,False
a73735,United States,227.44,False
47b12e,Norway,232.25,False
ab5bb1,United States,218.14,False
a34119,United States,226.4,False
a58103,United States,246.81,False
a77dae,United States,244.85,False
ad5517,United States,35.63,False
a1277b,United States,8.75,True
a1aaae,United States,86.74,False
a2ddac,United States,164.07,False
7cc532,Australia,47.35,False
a3b796,United States,99.78,False
a28de3,United States,212.18,False
ac8ee5,United States,0.0,True
7c7555,Australia,55.41,False
a24782,United States,219.25,False
aaf53a,United States,229.53,False
a0f44c,United States,70.14,False
a4871c,United States,165.0,False
ab5bd4,United States,151.99,False
7cc529,Australia,43.23,False
ac486a,United States,216.62,False
ab6efc,United States,229.34,False
abbee3,United States,298.8,False
45213e,Bulgaria,248.27,False
47878d,Norway,2.31,True
a16f06,United States,43.85,False
abbedb,United States,197.55,False
ad6884,United States,225.69,False
a09188,United States,262.71,False
452180,Bulgaria,270.33,False
ad554c,United States,61.41,False
500194,San Marino,221.99,False
ac8efa,United States,201.69,False
ada520,United States,62.42,False
ada521,United States,188.37,False
8a03c6,Indonesia,223.75,False
a3411f,United States,216.57,False
e49d24,Brazil,206.89,False
a53dac,United States,0.51,False
a27aee,United States,141.67,False
a36799,United States,70.63,False
452166,Bulgaria,238.83,False
45caa8,Denmark,210.78,False
a28f25,United States,87.46,False
a3c9a1,United States,220.58,False
a9b423,United States,48.61,False
a8a785,United States,205.38,False
a34199,United States,241.46,False
440128,Austria,70.22,False
a126c4,United States,73.06,False
c0345a,Canada,0.51,False
ac20e7,United States,281.08,False
c03493,Canada,106.49,False
acdf9a,United States,268.12,False
a9c737,United States,240.92,False
e4a527,Brazil,225.48,False
a58190,United States,144.24,False
a96434,United States,227.85,False
a6049b,United States,175.83,False
a259a2,United States,45.8,False
a9b402,United States,58.65,False
452138,Bulgaria,245.84,False
452134,Bulgaria,230.95,False
a2219e,United States,60.84,False
a3549d,United States,136.87,False
471db4,Hungary,245.28,False
452124,Bulgaria,245.5,False
a126eb,United States,246.57,False
a126ed,United States,222.5,False
7cc50b,Australia,46.66,False
aa3bf0,United States,103.95,False
4bb2aa,Turkey,234.18,False
a41f37,United States,70.75,False
7020ab,Bangladesh,182.47,False
a61797,United States,102.93,False
a6177c,United States,47.72,False
a4b136,United States,129.89,False
a8a748,United States,235.45,False
a15c4b,United States,65.86,False
7020b4,Bangladesh,12.98,False
ab282f,United States,66.09,False
a379cd,United States,277.27,False
a6045d,United States,197.68,False
8018c8,India,230.26,False
a85762,United States,6.43,True
ab6eb9,United States,208.74,False
a126de,United States,37.55,False
a84437,United States,45.62,False
ac481d,United States,204.16,False
846020,Japan,186.99,False
a126e6,United States,224.17,False
a499a0,United States,244.45,False
acdf07,United States,62.93,False
a869bc,United States,154.33,False
c81a05,New Zealand,50.78,False
a8b9b3,United States,267.24,False
a53f5b,United States,60.19,False
a353c8,United States,211.86,False
7cc3b7,Australia,52.78,False
a486cc,United States,180.62,False
a353c6,United States,126.37,False
a8b9c0,United States,125.45,False
a749d9,United States,48.77,False
8004de,India,235.82,False
a486d8,United States,209.49,False
ac7c00,United States,254.82,False
a9a14b,United States,147.78,False
a7bc04,United States,179.27,False
a1bf6d,United States,54.26,False
aa06b7,United States,215.67,False
adc9b6,United States,157.48,False
4bb1c4,Turkey,236.81,False
8017f2,India,231.14,False
8017f3,India,254.25,False
a7cf21,United States,52.69,False
a15c80,United States,205.11,False
ac33a3,United States,220.84,False
8017f7,India,274.22,False
4892c2,Poland,156.81,False
a28f6f,United States,44.41,False
abbf49,United States,227.61,False
a28f80,United States,184.72,False
c04738,Canada,211.86,False
4892c6,Poland,226.5,False
ad79eb,United States,117.28,False
ac46e5,United States,226.15,False
a5d192,United States,46.53,False
a53f20,United States,216.84,False
896210,United Arab Emirates,286.01,False
a52c03,United States,48.94,False
a27c9e,United States,49.56,False
abac2c,United States,291.34,False
a65f19,United States,241.89,False
7380c1,Israel,239.17,False
7380c0,Israel,237.32,False
7380c4,Israel,217.99,False
ae1f4e,United States,34.71,False
a9b43f,United States,198.63,False
a220cb,United States,137.87,False
344346,Spain,223.78,False
a100fe,United States,30.88,False
a6f17a,United States,25.03,False
aae0ab,United States,237.6,False
7380ca,Israel,258.29,False
a6af03,United States,77.29,False
ad9ac9,United States,276.54,False
ac212d,United States,267.19,False
abbdfa,United States,142.63,False
a9fc34,United States,217.1,False
a28eb7,United States,84.88,False
accac7,United States,216.96,False
a36825,United States,68.99,False
acddf8,United States,178.92,False
ad5460,United States,224.66,False
a04edb,United States,155.95,False
a12861,United States,249.89,False
ab1496,United States,213.12,False
acdde1,United States,84.25,False
aaf485,United States,0.0,True
ab148b,United States,225.97,False
a89f88,United States,213.03,False
aaf47a,United States,252.93,False
adb782,United States,184.95,False
a9d9f2,United States,124.58,False
ac2154,United States,241.62,False
a5d0f5,United States,45.42,False
344305,Spain,293.15,False
ad5480,United States,232.06,False
a3a503,United States,186.98,False
3c4a02,Germany,226.05,False
a3a509,United States,245.48,False
a04ed5,United States,52.46,False
a8dc45,United States,238.81,False
a0e220,United States,210.09,False
a4c3e8,United States,160.39,False
a8b9e8,United States,199.62,False
ad4171,United States,3.86,True
a0f566,United States,196.53,False
accaf4,United States,128.61,False
a736e5,United States,49.1,False
a23551,United States,83.65,False
a28ee7,United States,93.13,False
a1bee0,United States,228.29,False
a89f80,United States,236.14,False
e49c5a,Brazil,226.88,False
ab39e3,United States,192.32,False
a89f62,United States,225.33,False
a15bc1,United States,75.72,False
a736ff,United States,172.11,False
781bf7,China,266.21,False
ac5ab7,United States,264.14,False
a3338c,United States,184.05,False
a02e0a,United States,75.11,False
abe101,United States,221.4,False
a5d668,United States,199.67,False
a57369,United States,1.54,False
3451cf,Spain,203.05,False
acbdad,United States,270.89,False
aa9798,United States,66.07,False
ac011d,United States,210.32,False
aac136,United States,209.99,False
4bb21a,Turkey,245.33,False
adddd5,United States,0.0,True
acaaad,United States,206.49,False
a56050,United States,0.0,True
4079cc,United Kingdom,94.62,False
8a0809,Indonesia,192.27,False
020118,Morocco,210.93,False
a9b921,United States,38.35,False
020110,Morocco,173.47,False
a6d00b,United States,192.12,False
a81000,United States,207.01,False
a81001,United States,92.78,False
a81005,United States,222.58,False
ac0143,United States,214.12,False
a81006,United States,217.44,False
ac5ada,United States,129.39,False
a4798f,United States,200.39,False
a4c96c,United States,267.28,False
4bb27a,Turkey,213.9,False
aa974f,United States,165.44,False
a0f8d3,United States,174.65,False
4bb293,Turkey,240.56,False
a5d623,United States,240.29,False
4bb292,Turkey,247.55,False
ad7ad8,United States,47.65,False
ac148f,United States,242.76,False
c038c8,Canada,244.0,False
abf486,United States,135.94,False
a57334,United States,201.6,False
44cdcf,Belgium,233.26,False
a58672,United States,215.99,False
4bb268,Turkey,252.1,False
4bb276,Turkey,203.01,False
a5d648,United States,261.65,False
adddff,United States,242.6,False
a71654,United States,238.35,False
4bb26f,Turkey,247.15,False
4bb26c,Turkey,241.39,False
3c5b31,Germany,259.53,False
4066d0,United Kingdom,46.94,False
a76fe9,United States,237.21,False
896409,United Arab Emirates,255.92,False
896408,United Arab Emirates,248.7,False
44cdc6,Belgium,214.37,False
44cdc5,Belgium,79.42,False
896411,United Arab Emirates,258.08,False
a212a3,United States,30.15,False
adde95,United States,217.2,False
a598cb,United States,257.54,False
a728c1,United States,203.26,False
a082ac,United States,270.77,False
7cfa94,Australia,0.0,True
a01b56,United States,141.12,False
a105e8,United States,9.77,True
a0d2a9,United States,44.5,False
aa7198,United States,166.66,False
aae739,United States,63.18,False
781bb5,China,221.08,False
ac6db1,United States,111.4,False
a94358,United States,49.12,False
7c7659,Australia,2.83,True
aae73b,United States,228.26,False
a6e358,United States,52.85,False
a6e361,United States,223.99,False
ac2747,United States,246.0,False
7c764d,Australia,124.19,False
8a083c,Indonesia,244.46,False
4bb1a4,Turkey,250.23,False
aae757,United States,276.93,False
ac6dd2,United States,10.8,True
a38e69,United States,164.24,False
7cc60f,Australia,5.92,True
a3a8c0,United States,275.35,False
aa8481,United States,247.76,False
a3a8ba,United States,240.02,False
ad4747,United States,243.41,False
ad4744,United States,244.22,False
020145,Morocco,199.79,False
a98b16,United States,37.04,False
acab11,United States,210.37,False
7cc4e9,Australia,38.06,False
896372,United Arab Emirates,260.97,False
780a5a,China,1.03,True
a0971b,United States,55.15,False
acbe3f,United States,83.57,False
344043,Spain,0.0,False
a9ee34,United States,46.3,False
ac6e76,United States,40.9,False
c06cc3,Canada,43.52,False
781d8d,China,236.29,False
aae5f7,United States,191.11,False
780a71,China,247.97,False
acbe37,United States,109.63,False
aa2e6f,United States,2.31,True
a6f5d7,United States,172.41,False
e80622,Chile,234.07,False
85d098,Japan,132.17,False
780a6f,China,221.67,False
780a6e,China,78.87,False
a2ab6c,United States,207.73,False
a4a2ec,United States,37.26,False
e8061c,Chile,224.04,False
896357,United Arab Emirates,235.0,False
e8062a,Chile,217.49,False
a62b88,United States,176.3,False
a75e7e,United States,178.99,False
c06cda,Canada,211.4,False
a452c4,United States,145.57,False
4bb0f5,Turkey,227.71,False
4bb0f3,Turkey,268.36,False
a7f08e,United States,277.83,False
4bb0ee,Turkey,0.0,True
a01ab4,United States,52.02,False
a26db7,United States,40.34,False
4bb0ed,Turkey,235.06,False
4bb0ea,Turkey,229.56,False
4bb0eb,Turkey,230.58,False
a02dda,United States,223.03,False
780a9b,China,279.4,False
a21417,United States,56.41,False
acab3f,United States,259.56,False
02019c,Morocco,216.07,False
704946,Myanmar,229.86,False
4bb0fa,Turkey,236.14,False
c07fb8,Canada,195.35,False
aa2e36,United States,213.52,False
896304,United Arab Emirates,230.99,False
896303,United Arab Emirates,236.21,False
846098,Japan,251.79,False
88434b,Thailand,109.89,False
346648,Spain,249.82,False
ad7b7e,United States,151.9,False
4bb0e5,Turkey,230.79,False
4bb0e6,Turkey,265.57,False
89630a,United Arab Emirates,200.75,False
4bb0e4,Turkey,273.2,False
4bb0e1,Turkey,226.72,False
7cc4f4,Australia,52.16,False
a2270e,United States,168.51,False
4bb0e9,Turkey,214.75,False
abf396,United States,207.34,False
a26df9,United States,187.75,False
a4671f,United States,230.36,False
a3472f,United States,184.18,False
a0e762,United States,23.86,False
a98b76,United States,100.34,False
a75da2,United States,130.96,False
a38db4,United States,194.12,False
ad2095,United States,195.1,False
a98b7b,United States,34.25,False
a63dc7,United States,195.49,False
a07134,United States,58.1,False
8a07ea,Indonesia,75.69,False
780a16,China,267.99,False
780a13,China,243.72,False
a3dddc,United States,69.55,False
aae5a9,United States,220.21,False
780a0a,China,0.0,True
4bb207,Turkey,252.97,False
a1f46b,United States,186.49,False
a9db33,United States,42.9,False
aae5a5,United States,310.43,False
4bb212,Turkey,203.44,False
a955fd,United States,6.17,True
80073f,India,259.3,False
a19168,United States,125.35,False
780a1c,China,276.06,False
a1e138,United States,52.89,False
a6f5fc,United States,247.46,False
aaf8f1,United States,274.23,False
780a38,China,223.59,False
c06d87,Canada,55.91,False
781d63,China,130.96,False
a822d6,United States,76.65,False
4bb20d,Turkey,234.95,False
a33465,United States,51.56,False
a8ce4f,United States,211.64,False
a8ce4e,United States,40.13,False
ad45a4,United States,155.72,False
800728,India,242.31,False
ab05e2,United States,37.53,False
a86b87,United States,40.34,False
a1e132,United States,140.38,False
780a3f,China,207.34,False
780a3c,China,245.99,False
a1914b,United States,3.6,True
800734,India,264.33,False
a07177,United States,253.85,False
ac5b20,United States,222.31,False
a86ab5,United States,270.61,False
a26f01,United States,62.25,False
847517,Japan,277.98,False
a44169,United States,202.55,False
a26f08,United States,249.0,False
a6e441,United States,28.48,False
a1e17e,United States,174.0,False
a63dff,United States,225.02,False
a69463,United States,267.57,False
ad2218,United States,65.07,False
8830f2,Thailand,244.35,False
acabc1,United States,54.15,False
ac289f,United States,205.58,False
a4414a,United States,217.59,False
48922b,Poland,165.3,False
a4a484,United States,213.32,False
4bb145,Turkey,161.93,False
c013d0,Canada,215.35,False
4bb146,Turkey,217.87,False
a9edb4,United States,51.41,False
4bb143,Turkey,248.48,False
4bb144,Turkey,90.42,False
a119ce,United States,175.7,False
a6f78a,United States,203.94,False
8963f6,United Arab Emirates,260.22,False
4bb109,Turkey,248.47,False
489225,Poland,216.73,False
4bb108,Turkey,274.63,False
4bb105,Turkey,219.26,False
4bb106,Turkey,110.62,False
4bb104,Turkey,266.59,False
abe243,United States,228.97,False
ad3581,United States,282.61,False
a7178c,United States,268.06,False
a83787,United States,2.31,True
489220,Poland,188.72,False
489224,Poland,243.73,False
489223,Poland,248.24,False
a1e166,United States,73.5,False
a3a9b6,United States,186.58,False
aa720f,United States,234.32,False
a239e5,United States,48.69,False
8963d8,United Arab Emirates,160.93,False
8963d6,United Arab Emirates,226.23,False
c05c0e,Canada,8.75,True
ac159a,United States,295.6,False
a4418c,United States,1.8,True
a26f37,United States,150.1,False
8963e5,United Arab Emirates,238.62,False
a6f720,United States,71.94,False
8963ce,United Arab Emirates,252.77,False
a13c43,United States,215.85,False
4bb189,Turkey,219.26,False
a44197,United States,54.57,False
8963dd,United Arab Emirates,277.63,False
a4fddb,United States,227.8,False
a63df3,United States,117.22,False
a106b4,United States,179.35,False
3465d9,Spain,150.72,False
4bb149,Turkey,265.84,False
4bb147,Turkey,217.17,False
a2bf05,United States,41.67,False
4bb148,Turkey,223.95,False
aa2ed8,United States,188.21,False
4bb155,Turkey,249.02,False
a7adb2,United States,187.43,False
4bb14d,Turkey,247.17,False
a50adc,United States,268.72,False
4067f2,United Kingdom,216.95,False
4067f3,United Kingdom,227.66,False
8a05ef,Indonesia,233.94,False
a6810d,United States,209.3,False
4067f0,United Kingdom,226.3,False
ab4ea5,United States,43.3,False
a50c15,United States,179.81,False
a1f3c5,United States,245.2,False
a333b5,United States,220.25,False
ab4ea8,United States,116.06,False
7c7740,Australia,205.38,False
4ac9e6,Sweden,222.12,False
a93186,United States,59.22,False
adcc99,United States,141.88,False
a609d4,United States,207.43,False
a466c7,United States,245.67,False
a070d7,United States,220.94,False
aa1d10,United States,52.79,False
ab0841,United States,195.15,False
a9dafa,United States,6.69,True
896536,United Arab Emirates,256.36,False
a333a4,United States,45.05,False
a3a9ff,United States,217.71,False
a4c9f8,United States,2.57,True
ad4804,United States,197.3,False
a213d6,United States,179.03,False
a51f4a,United States,199.33,False
a37c1c,United States,88.69,False
aae82f,United States,55.79,False
896504,United Arab Emirates,200.22,False
4bb196,Turkey,245.18,False
4ac9c6,Sweden,157.1,False
4bb195,Turkey,250.69,False
8a074e,Indonesia,205.68,False
4bb18f,Turkey,239.94,False
4bb18a,Turkey,256.8,False
4bb18b,Turkey,243.97,False
89650a,United Arab Emirates,241.13,False
a599a8,United States,241.21,False
a3a9b8,United States,44.54,False
a56198,United States,85.84,False
4067a4,United Kingdom,0.0,True
a3a9ab,United States,11.97,False
a466fc,United States,268.27,False
a3a9af,United States,233.09,False
abf515,United States,51.76,False
ac2859,United States,183.59,False
7c777f,Australia,210.9,False
a5b183,United States,73.63,False
7c7772,Australia,185.55,False
781ce6,China,233.84,False
c80d5e,New Zealand,49.05,False
c00154,Canada,220.67,False
ad350a,United States,199.76,False
7c7778,Australia,185.67,False
ab4eeb,United States,10.8,True
ab920d,United States,49.9,False
acbea2,United States,18.52,True
a51f0f,United States,238.83,False
c80d61,New Zealand,33.09,False
a3a9d2,United States,246.32,False
ad8ed4,United States,211.99,False
a320a6,United States,114.29,False
7c7765,Australia,187.87,False
7c7762,Australia,134.09,False
acaba2,United States,64.6,False
846250,Japan,194.66,False
3ad1ff,France,2.57,True
ac1547,United States,129.71,False
ac287c,United States,261.06,False
a81166,United States,143.26,False
a200ba,United States,229.47,False
a25c75,United States,72.4,False
89647c,United Arab Emirates,241.13,False
acbf63,United States,226.37,False
abf3b8,United States,120.03,False
a4a3fc,United States,46.28,False
a09852,United States,215.51,False
a560f3,United States,307.4,False
ac00b1,United States,198.82,False
89645a,United Arab Emirates,253.8,False
a37c8e,United States,89.59,False
ac13f9,United States,179.36,False
a8bc13,United States,239.04,False
841f65,Japan,209.69,False
896475,United Arab Emirates,224.67,False
a190fc,United States,36.96,False
a560fb,United States,188.13,False
896479,United Arab Emirates,243.74,False
abf3da,United States,69.18,False
896485,United Arab Emirates,229.06,False
a02eee,United States,56.84,False
7c7701,Australia,234.33,False
40688c,United Kingdom,2.83,True
40688b,United Kingdom,233.15,False
a07228,United States,283.89,False
a4ff73,United States,92.0,False
a09890,United States,47.34,False
89644b,United Arab Emirates,262.02,False
a21538,United States,86.17,False
896457,United Arab Emirates,69.43,False
406890,United Kingdom,258.4,False
406891,United Kingdom,242.0,False
02007a,Morocco,240.7,False
896465,United Arab Emirates,241.62,False
a693aa,United States,180.07,False
841f14,Japan,30.88,False
c01401,Canada,216.53,False
a0855d,United States,5.66,True
adcc6c,United States,47.91,False
a5c3c6,United States,37.08,False
a3cc82,United States,182.59,False
a50c77,United States,72.55,False
87cde5,Japan,175.73,False
abe0df,United States,216.61,False
a693c4,United States,69.36,False
a6e3b0,United States,220.05,False
ad20f4,United States,147.01,False
c06dba,Canada,179.71,False
896442,United Arab Emirates,234.88,False
896441,United Arab Emirates,289.53,False
a38ef5,United States,187.48,False
781e2b,China,227.81,False
a1e218,United States,227.1,False
c05b9c,Canada,42.33,False
a4683f,United States,158.42,False
781e52,China,227.7,False
a58873,United States,0.0,True
750111,Malaysia,238.32,False
aa9801,United States,232.18,False
aaf9ea,United States,7.72,True
a86c91,United States,48.37,False
addf01,United States,258.37,False
a810ba,United States,4.89,True
aae6d5,United States,299.11,False
a98c7c,United States,45.38,False
a3489f,United States,233.13,False
4b8750,Turkey,236.47,False
a823f2,United States,44.76,False
a98c93,United States,29.33,False
7c75e7,Australia,41.83,False
a2abda,United States,193.9,False
a1f595,United States,253.77,False
a37bf9,United States,60.09,False
ac13b3,United States,230.54,False
a3355e,United States,186.4,False
ab3c58,United States,234.01,False
ac5c1f,United States,251.96,False
781e8a,China,238.21,False
a4b827,United States,0.0,True
780b5e,China,223.19,False
a44211,United States,207.96,False
aad3c9,United States,256.31,False
ada9bb,United States,98.6,False
a44214,United States,167.82,False
a5d814,United States,230.25,False
3a2e23,France,241.44,False
3a2e22,France,270.35,False
aa1c91,United States,60.05,False
c80cfa,New Zealand,47.51,False
a38af8,United States,178.08,False
ac252a,United States,294.1,False
a03f06,United States,56.1,False
a75aa2,United States,122.2,False
3965a6,France,268.36,False
3965a4,France,246.31,False
841ff4,Japan,0.0,True
3965a9,France,249.35,False
a64dce,United States,49.46,False
a64df2,United States,170.23,False
3462c8,Spain,136.55,False
3965b0,France,229.95,False
ad4528,United States,155.43,False
c023bb,Canada,242.13,False
c023c8,Canada,248.48,False
a3311b,United States,212.06,False
a3578a,United States,211.67,False
a75ac7,United States,190.98,False
a76df8,United States,282.8,False
ad9edf,United States,241.36,False
a88dbb,United States,185.67,False
c06c53,Canada,124.15,False
aa9538,United States,63.36,False
a40de8,United States,116.85,False
a35781,United States,191.5,False
ac122a,United States,48.02,False
c023b7,Canada,301.53,False
a009a4,United States,230.02,False
a0817c,United States,204.29,False
3475d4,Spain,207.58,False
3475d3,Spain,216.82,False
aa2ba2,United States,231.02,False
aa2ba1,United States,249.06,False
a5c127,United States,193.64,False
c023ae,Canada,243.01,False
aae582,United States,1.03,True
e8047b,Chile,242.27,False
a0d19e,United States,197.16,False
a5e716,United States,0.0,True
8964f9,United Arab Emirates,226.73,False
a72722,United States,126.38,False
a129dc,United States,199.72,False
ac2591,United States,7.72,True
8964fa,United Arab Emirates,289.15,False
a4b410,United States,34.32,False
4bb062,Turkey,244.43,False
8964d4,United Arab Emirates,266.76,False
a03f24,United States,0.0,True
a4b41c,United States,77.37,False
8964bd,United Arab Emirates,263.54,False
8964bc,United Arab Emirates,255.28,False
4077d3,United Kingdom,279.43,False
c07f47,Canada,172.25,False
847628,Japan,202.34,False
a15f0c,United States,7.72,True
8964e8,United Arab Emirates,202.17,False
e8043a,Chile,248.8,False
a093bd,United States,252.45,False
a03f90,United States,97.49,False
a3ef1b,United States,260.49,False
a40f18,United States,39.93,False
40655b,United Kingdom,214.0,False
88596a,Thailand,200.08,False
aaf804,United States,0.0,True
89664c,United Arab Emirates,220.47,False
e8045e,Chile,242.7,False
c01195,Canada,134.92,False
780aa1,China,7.2,True
780aa0,China,249.64,False
e8045f,Chile,156.78,False
a0f6b9,United States,112.5,False
e80475,Chile,257.92,False
e80474,Chile,244.0,False
a27f2e,United States,5.66,True
e80477,Chile,159.26,False
89661f,United Arab Emirates,86.52,False
a02c40,United States,260.71,False
89661e,United Arab Emirates,264.42,False
a26c12,United States,106.32,False
4bb06d,Turkey,203.07,False
780ab3,China,187.93,False
4bb06b,Turkey,236.03,False
a4c6b3,United States,183.84,False
4bb06a,Turkey,213.39,False
a4c6b6,United States,60.74,False
896633,United Arab Emirates,248.61,False
a596b1,United States,246.04,False
780aaa,China,73.54,False
a03f84,United States,197.64,False
89662e,United Arab Emirates,236.63,False
ab1842,United States,196.41,False
a1f0a6,United States,45.79,False
346390,Spain,230.12,False
a5c12e,United States,41.11,False
ad5817,United States,227.06,False
896604,United Arab Emirates,261.7,False
a356f6,United States,206.33,False
780abe,China,187.81,False
780abb,China,0.19,True
780abc,China,0.0,True
e80416,Chile,242.63,False
ab050f,United States,228.35,False
346385,Spain,241.34,False
346384,Spain,231.22,False
e8040e,Chile,163.8,False
a27f7f,United States,7.2,True
896615,United Arab Emirates,91.95,False
e80421,Chile,225.79,False
ab184d,United States,249.28,False
7c788f,Australia,246.52,False
7c788d,Australia,147.94,False
ab4ba6,United States,146.26,False
ab5ed8,United States,220.52,False
885972,Thailand,149.7,False
ad5837,United States,206.73,False
aaf83c,United States,79.23,False
a6f482,United States,224.63,False
a95423,United States,68.57,False
a27f85,United States,62.93,False
885963,Thailand,182.98,False
a4b49c,United States,0.39,True
e8042b,Chile,6.17,False
a9b72d,United States,54.65,False
406591,United Kingdom,238.77,False
e48f12,Brazil,231.45,False
e48f04,Brazil,202.54,False
e80441,Chile,125.85,False
e48f03,Brazil,242.69,False
ab186b,United States,49.23,False
a9a404,United States,185.52,False
a02c91,United States,199.78,False
e80445,Chile,216.08,False
e80448,Chile,223.54,False
89659c,United Arab Emirates,257.6,False
a76f66,United States,263.6,False
a76f68,United States,118.24,False
abaf47,United States,237.72,False
a87c12,United States,7.72,True
a2cf9e,United States,59.99,False
a846c4,United States,226.88,False
ab5f6a,United States,5.66,True
e48dc2,Brazil,140.31,False
a846c8,United States,67.83,False
a8df2c,United States,86.29,False
a463cf,United States,63.5,False
accf1c,United States,6.94,True
ac36cc,United States,221.88,False
ab5f87,United States,132.74,False
a570ae,United States,263.44,False
aaf6ed,United States,67.39,False
a2bc5a,United States,144.05,False
ad56e0,United States,243.69,False
a726fb,United States,190.01,False
ab5f98,United States,55.91,False
c06aaa,Canada,279.31,False
c06aab,Canada,272.07,False
a210c7,United States,242.94,False
600865,Azerbaijan,222.73,False
48af0c,Poland,211.2,False
740825,Jordan,264.27,False
740821,Jordan,250.44,False
a0d0e5,United States,42.36,False
8a09b8,Indonesia,200.63,False
a76f6c,United States,6.17,True
ac36ef,United States,185.34,False
a38c60,United States,256.89,False
e48db2,Brazil,29.32,True
600853,Azerbaijan,5.14,True
a15eb5,United States,124.2,False
406544,United Kingdom,67.44,False
48af09,Poland,170.24,False
a03ed2,United States,169.16,False
a3dc34,United States,177.22,False
a63c00,United States,44.17,False
0d1049,Mexico,168.48,False
44cc41,Belgium,222.14,False
8a09a5,Indonesia,233.14,False
a4c6af,United States,245.48,False
ad8c4c,United States,292.84,False
407862,United Kingdom,209.52,False
0d103f,Mexico,199.93,False
89656b,United Arab Emirates,205.68,False
a619ec,United States,53.01,False
a09533,United States,215.91,False
461f5a,Finland,255.43,False
ad56f4,United States,232.71,False
896587,United Arab Emirates,265.59,False
40784f,United Kingdom,128.85,False
a3dc47,United States,0.51,True
89656f,United Arab Emirates,232.37,False
a7bf22,United States,215.64,False
a76f43,United States,210.26,False
7c7801,Australia,242.45,False
a2bc9e,United States,157.92,False
ad43e6,United States,245.29,False
781eb8,China,236.33,False
781eb7,China,266.36,False
461f49,Finland,260.09,False
ac23ef,United States,216.88,False
7c7806,Australia,7.46,True
7c7803,Australia,145.15,False
461f48,Finland,0.0,True
4b9903,Turkey,234.75,False
a9eaec,United States,57.77,False
4b9907,Turkey,217.35,False
781ebc,China,275.53,False
aa818d,United States,287.37,False
0d1078,Mexico,267.22,False
461f59,Finland,250.77,False
407838,United Kingdom,251.37,False
461f52,Finland,256.64,False
461f53,Finland,241.35,False
407837,United Kingdom,217.3,False
461f55,Finland,42.0,False
e48df5,Brazil,235.38,False
461f50,Finland,243.11,False
8964b2,United Arab Emirates,262.68,False
a22539,United States,163.07,False
8964b0,United Arab Emirates,126.9,False
75022b,Malaysia,139.13,False
a690fb,United States,167.69,False
a26bb8,United States,195.2,False
4063e6,United Kingdom,82.87,False
a72800,United States,159.71,False
8964b6,United Arab Emirates,239.09,False
a35854,United States,174.91,False
780c29,China,193.11,False
ab29a5,United States,56.17,False
ac249e,United States,211.48,False
781f4c,China,229.66,False
a3eeb0,United States,71.98,False
c06b6a,Canada,5.4,True
ad447d,United States,223.21,False
a5e801,United States,63.52,False
a35843,United States,183.93,False
4b990d,Turkey,238.88,False
0d100a,Mexico,230.3,False
a0f852,United States,79.73,False
ac1190,United States,8.23,True
a03ef7,United States,203.49,False
4076dd,United Kingdom,217.1,False
abf17f,United States,244.59,False
addadb,United States,3.86,True
aa80e4,United States,50.0,False
a4c849,United States,216.13,False
8964a7,United Arab Emirates,162.53,False
a87c4f,United States,181.4,False
ab5f1b,United States,131.72,False
a4a0cd,United States,215.04,False
a8cc46,United States,288.72,False
abaf06,United States,50.48,False
a45210,United States,0.0,True
76cc70,Singapore,234.49,False
aa80d9,United States,79.76,False
780c5c,China,251.35,False
750210,Malaysia,237.36,False
a2bbac,United States,178.39,False
840d81,Japan,202.47,False
ac36a9,United States,215.52,False
780c78,China,176.09,False
a38bba,United States,67.8,False
780c74,China,260.91,False
a700ac,United States,266.55,False
a33222,United States,63.28,False
a6f3d3,United States,11.32,True
abaf1e,United States,227.8,False
a9c9cf,United States,92.24,False
a700da,United States,139.49,False
a2bba4,United States,240.69,False
ab03a4,United States,238.99,False
c06b76,Canada,50.93,False
a2253c,United States,1.54,True
e06459,Argentina,174.56,False
7cc6ab,Australia,5.47,False
a47847,United States,28.34,False
accf07,United States,117.46,False
a8df4b,United States,163.72,False
ad9f15,United States,235.26,False
ac7f41,United States,130.63,False
a8deb4,United States,2.06,True
e0b2c4,Argentina,239.04,False
e48e46,Brazil,133.41,False
507cb3,Uzbekistan,239.74,False
8a092e,Indonesia,224.23,False
a71539,United States,74.41,False
ad463c,United States,62.42,False
c81cef,New Zealand,47.67,False
846444,Japan,286.43,False
ab9024,United States,276.83,False
a5d570,United States,191.4,False
a63bf4,United States,227.95,False
a34580,United States,41.16,False
a2bbf2,United States,259.96,False
a21262,United States,44.31,False
484cba,Kingdom of the Netherlands,92.09,False
abafff,United States,218.26,False
a8dea1,United States,31.42,False
abf32f,United States,190.77,False
750280,Malaysia,135.07,False
750287,Malaysia,229.88,False
750286,Malaysia,223.49,False
76cd06,Singapore,250.15,False
ad8cec,United States,72.02,False
a60852,United States,1.29,True
aac03d,United States,5.66,True
4078fd,United Kingdom,243.45,False
76cd11,Singapore,250.43,False
4078fe,United Kingdom,223.37,False
aad386,United States,46.95,False
ac0048,United States,156.52,False
ab904e,United States,230.85,False
8832e8,Thailand,233.37,False
abe030,United States,66.97,False
76cd0b,Singapore,206.46,False
7c78af,Australia,178.14,False
75027e,Malaysia,167.26,False
7c78ad,Australia,0.0,True
a64ee7,United States,66.57,False
750261,Malaysia,244.74,False
a4fbac,United States,194.58,False
4078ef,United Kingdom,218.4,False
750264,Malaysia,242.66,False
a57229,United States,222.4,False
4078dd,United Kingdom,249.79,False
44ccd1,Belgium,266.48,False
8965ee,United Arab Emirates,192.03,False
780d1f,China,198.45,False
780d32,China,225.26,False
a5988d,United States,39.37,False
75025b,Malaysia,221.34,False
a96805,United States,105.8,False
76cd43,Singapore,250.4,False
ac138c,United States,243.01,False
a38d1b,United States,87.7,False
c01294,Canada,62.8,False
acaa77,United States,236.19,False
7c5321,Australia,279.62,False
a8359c,United States,0.0,True
c0128f,Canada,56.54,False
43bfe1,United Kingdom,4.37,True
7c531c,Australia,128.78,False
7c531d,Australia,130.3,False
a5c298,United States,58.44,False
e80336,Chile,180.15,False
87aad9,Japan,3.86,True
e8033d,Chile,161.11,False
a597c5,United States,53.42,False
a51d1b,United States,158.6,False
40666c,United Kingdom,216.62,False
a3ca01,United States,213.58,False
aa839b,United States,138.48,False
a51d1f,United States,59.04,False
c81e22,New Zealand,139.1,False
a081a3,United States,198.05,False
7c6622,Australia,37.42,False
aae612,United States,44.76,False
abafb5,United States,34.66,False
a8def1,United States,254.53,False
ac260d,United States,27.4,False
896727,United Arab Emirates,10.29,True
8a0987,Indonesia,237.18,False
a9b85b,United States,159.67,False
a224f9,United States,209.92,False
a8222c,United States,0.0,True
8a096f,Indonesia,236.09,False
ab1971,United States,0.0,True
c06be3,Canada,199.13,False
a331a3,United States,49.52,False
a224fa,United States,204.17,False
a7abc5,United States,57.31,False
c2b535,Canada,109.33,False
accfac,United States,29.97,False
85d43f,Japan,50.79,False
c0259d,Canada,55.96,False
ab197e,United States,117.03,False
ac1301,United States,7.46,True
a344be,United States,260.47,False
aaf974,United States,202.93,False
84c790,Japan,237.21,False
abf308,United States,118.68,False
7c4000,Australia,76.39,False
a38d36,United States,202.25,False
aa9695,United States,40.13,False
84b473,Japan,191.28,False
c81e79,New Zealand,126.39,False
a8deda,United States,302.43,False
c07ee8,Canada,216.73,False
a62a2d,United States,68.45,False
8a08d1,Indonesia,115.49,False
ac24c5,United States,131.97,False
a451cf,United States,197.37,False
0201a4,Morocco,240.77,False
c07eda,Canada,83.88,False
407943,United Kingdom,251.49,False
a714c8,United States,63.78,False
ad57d9,United States,46.66,False
aa1a26,United States,221.11,False
ac24e4,United States,217.01,False
a1f1e3,United States,68.57,False
a38d95,United States,68.94,False
c07efb,Canada,30.97,False
a1f1de,United States,224.11,False
c02566,Canada,35.63,False
e49fb4,Brazil,134.25,False
a967ae,United States,293.83,False
aa1a16,United States,139.75,False
ac11c6,United States,187.44,False
abf1b5,United States,198.19,False
a211ef,United States,156.71,False
34654b,Spain,134.88,False
c07eee,Canada,184.48,False
a834c0,United States,49.65,False
a4ea76,United States,42.23,False
89667e,United Arab Emirates,263.25,False
406666,United Kingdom,243.52,False
406668,United Kingdom,239.51,False
89667b,United Arab Emirates,270.91,False
adca15,United States,217.0,False
40797c,United Kingdom,258.2,False
ad7a1e,United States,46.71,False
781fc3,China,263.47,False
a3ca1a,United States,137.4,False
a47905,United States,301.29,False
ac11e9,United States,286.29,False
a5e7d5,United States,65.34,False
a584c3,United States,67.5,False
40796b,United Kingdom,218.75,False
40796a,United Kingdom,218.71,False
a584bc,United States,246.27,False
7501e8,Malaysia,208.45,False
896665,United Arab Emirates,257.52,False
a4fd3d,United States,,False
a2390d,United States,50.67,False
a10614,United States,219.98,False
400fe3,United Kingdom,203.82,False
ac5a73,United States,216.31,False
a1193f,United States,30.97,False
7501f9,Malaysia,195.39,False
781fe9,China,204.07,False
76ccc9,Singapore,261.5,False
a37a96,United States,152.28,False
407959,United Kingdom,226.62,False
c010ec,Canada,240.12,False
c010ea,Canada,217.11,False
aa9600,United States,90.1,False
7c77de,Australia,129.53,False
a3595e,United States,51.96,False
8832b5,Thailand,240.93,False
a1afec,United States,245.41,False
a2396e,United States,237.44,False
7c77f8,Australia,201.72,False
7c77f7,Australia,88.08,False
a22669,United States,256.67,False
c06c8f,Canada,89.68,False
8965e1,United Arab Emirates,227.24,False
a03fff,United States,178.2,False
a46603,United States,236.82,False
8832d5,Thailand,82.83,False
a9da34,United States,166.7,False
8832d1,Thailand,142.82,False
76cd72,Singapore,229.72,False
8965b9,United Arab Emirates,245.57,False
76cd74,Singapore,2.06,True
abf29f,United States,213.54,False
a3dcc2,United States,194.74,False
a39fb7,United States,208.24,False
a07015,United States,5.4,True
a22642,United States,217.4,False
76cd6d,Singapore,269.92,False
a5e949,United States,217.31,False
addbed,United States,40.03,False
a9ed46,United States,56.86,False
76cd7a,Singapore,275.18,False
aa1a81,United States,179.24,False
c81de6,New Zealand,79.84,False
780d7e,China,216.38,False
a86a2b,United States,135.42,False
a45321,United States,63.81,False
a9da0d,United States,6.43,True
7c77fa,Australia,239.89,False
a4ea9d,United States,30.56,False
15202e,Russian Federation,67.64,False
7c77fd,Australia,253.59,False
7c77fb,Australia,266.03,False
a967eb,United States,179.64,False
152038,Russian Federation,262.35,False
8a08e9,Indonesia,210.17,False
a0d349,United States,88.56,False
a4795a,United States,211.5,False
8462ee,Japan,145.76,False
ab3a0c,United States,245.7,False
89408f,Bahrain,258.02,False
a9ed37,United States,48.94,False
a86a61,United States,116.99,False
a75d9c,United States,57.83,False
15203c,Russian Federation,154.93,False
a3a93b,United States,223.34,False
a4794e,United States,209.71,False
c06c82,Canada,127.04,False
a33327,United States,219.3,False
c81923,New Zealand,70.07,False
a3e911,United States,205.32,False
a66a84,United States,72.62,False
89906b,Taiwan,69.3,False
899088,Taiwan,292.57,False
abde8c,United States,183.41,False
ac52f2,United States,270.15,False
a7da2a,United States,203.17,False
ade8fa,United States,226.49,False
7800ff,China,148.93,False
89907d,Taiwan,262.37,False
a981bf,United States,154.13,False
899095,Taiwan,226.83,False
ad0b5e,United States,0.06,True
899094,Taiwan,289.92,False
a20fa4,United States,53.29,False
ac9b93,United States,62.16,False
a51601,United States,238.22,False
a2790a,United States,47.34,False
89905e,Taiwan,262.38,False
c04052,Canada,0.51,True
a491f1,United States,230.6,False
a1460a,United States,209.76,False
a1460e,United States,48.1,False
c0404f,Canada,272.76,False
89902f,Taiwan,219.68,False
a0001d,United States,174.9,False
4bcd83,Turkey,139.67,False
c07995,Canada,274.28,False
4bcd82,Turkey,217.59,False
a66a34,United States,45.6,False
040141,Ethiopia,261.38,False
c81958,New Zealand,130.26,False
706214,Kuwait,140.78,False
c05323,Canada,41.81,False
c81975,New Zealand,50.58,False
04014c,Ethiopia,261.56,False
e488a3,Brazil,122.52,False
c0797b,Canada,0.0,True
899055,Taiwan,1.29,True
a55d8e,United States,15.98,False
899053,Taiwan,248.8,False
e4a067,Brazil,78.17,False
a18cbb,United States,259.64,False
899019,Taiwan,251.01,False
a1463a,United States,205.38,False
899029,Taiwan,5.14,True
a78a52,United States,1.29,True
899023,Taiwan,89.06,False
a66a4c,United States,0.0,True
a0bcb2,United States,6.94,True
899021,Taiwan,116.83,False
a32fd5,United States,188.04,False
c81998,New Zealand,50.24,False
a2c92b,United States,230.23,False
a06cf3,United States,50.64,False
a02681,United States,193.31,False
49d3d3,Czech Republic,1.03,True
899039,Taiwan,176.89,False
c0799e,Canada,256.16,False
899036,Taiwan,266.42,False
899030,Taiwan,261.25,False
899031,Taiwan,283.95,False
a0267b,United States,282.76,False
040133,Ethiopia,232.88,False
a5031a,United States,219.31,False
406f7c,United Kingdom,26.26,False
c1e90a,Canada,4.63,True
a38682,United States,76.78,False
a3e998,United States,200.4,False
c1e90e,Canada,9.26,True
aaab05,United States,46.27,False
406f7a,United Kingdom,226.66,False
abde0b,United States,131.77,False
406f86,United Kingdom,220.78,False
406f87,United Kingdom,218.42,False
a48004,United States,49.54,False
a5aca0,United States,44.33,False
e48950,Brazil,84.36,False
a6495f,United States,205.03,False
a2536f,United States,210.98,False
aa141e,United States,101.76,False
7c04c3,Australia,224.25,False
a3999e,United States,82.54,False
406f79,United Kingdom,245.3,False
a2c992,United States,134.43,False
406f78,United Kingdom,251.54,False
7813c1,China,280.77,False
a2668b,United States,163.74,False
7c3a23,Australia,0.0,True
c07973,Canada,251.58,False
c07971,Canada,233.26,False
0d083f,Mexico,7.72,True
a1201e,United States,55.57,False
3a4495,France,135.93,False
a37335,United States,221.82,False
c07966,Canada,209.9,False
a7a616,United States,219.7,False
ab45f6,United States,47.43,False
a3b02e,United States,0.06,True
a4095f,United States,246.6,False
7c3a00,Australia,194.27,False
acb5ba,United States,216.21,False
a49378,United States,42.38,False
a12096,United States,154.55,False
c07915,Canada,95.68,False
ab7b63,United States,64.46,False
a0be05,United States,196.94,False
ac65dc,United States,213.0,False
44815b,Belgium,1.8,True
a24082,United States,213.63,False
a6492f,United States,279.83,False
a7da9c,United States,138.69,False
7c3a3c,Australia,51.54,False
a64954,United States,44.18,False
aca2ae,United States,125.42,False
aa2701,United States,233.19,False
868b50,Japan,108.84,False
0d080e,Mexico,237.25,False
ac9b67,United States,65.74,False
a4e307,United States,217.13,False
a76935,United States,0.64,True
ac52e2,United States,0.0,True
e48987,Brazil,230.95,False
a8a017,United States,181.93,False
a05b1a,United States,69.5,False
a8501d,United States,40.38,False
a99686,United States,225.88,False
a9e65d,United States,31.39,False
a7302f,United States,247.3,False
ab2072,United States,176.79,False
ac536c,United States,270.29,False
a5f06e,United States,209.33,False
add66d,United States,121.71,False
a158c9,United States,292.14,False
c051da,Canada,200.08,False
ac4069,United States,66.27,False
aa6cfa,United States,219.33,False
c1e7f4,Canada,5.66,True
a61024,United States,171.25,False
a43e2f,United States,68.5,False
adc375,United States,50.93,False
ab58b2,United States,190.25,False
394a00,France,265.78,False
a75676,United States,191.49,False
a80cc9,United States,50.93,False
394a08,France,273.14,False
3cc187,Germany,185.67,False
a252a7,United States,218.68,False
4ca570,Ireland,163.06,False
394a11,France,236.62,False
394a14,France,239.46,False
a9e627,United States,46.64,False
aa3994,United States,257.51,False
a2fe21,United States,69.46,False
aa6ccb,United States,245.92,False
a62384,United States,296.15,False
8881ef,Viet Nam,219.06,False
ab7b02,United States,193.96,False
a025ff,United States,238.84,False
a8631a,United States,229.15,False
aa25d9,United States,39.95,False
a80e1b,United States,100.59,False
a5ae2f,United States,70.48,False
a372e4,United States,114.11,False
899000,Taiwan,262.42,False
acb608,United States,237.32,False
781555,China,141.4,False
ab5975,United States,248.12,False
ab8caa,United States,70.72,False
04022c,Ethiopia,250.61,False
5082f0,Ukraine,232.14,False
899016,Taiwan,229.15,False
ac6622,United States,4.63,True
899018,Taiwan,251.11,False
a1de8d,United States,220.25,False
ab8cc1,United States,241.16,False
aa38e5,United States,55.56,False
394a0a,France,270.79,False
ac0fdc,United States,81.3,False
ac5310,United States,75.81,False
040203,Ethiopia,276.56,False
a4f5f0,United States,289.66,False
a622bc,United States,219.17,False
ac5314,United States,195.71,False
ad2fd0,United States,230.6,False
acc95c,United States,218.51,False
ab599b,United States,248.4,False
ac5326,United States,77.4,False
abefdd,United States,199.21,False
780261,China,209.54,False
780262,China,0.0,True
a3e8dc,United States,168.06,False
a06db4,United States,196.81,False
ac6668,United States,255.56,False
acb636,United States,270.23,False
760a05,Pakistan,257.78,False
adc313,United States,182.8,False
a768c2,United States,205.32,False
a7b8a1,United States,275.38,False
abdcda,United States,213.48,False
3c70c5,Germany,238.71,False
3c70c3,Germany,235.27,False
78026e,China,251.83,False
a3c2a9,United States,162.02,False
a2a2e3,United States,298.41,False
ad1cde,United States,276.84,False
a43e7f,United States,0.06,True
a98386,United States,245.27,False
acb650,United States,42.3,False
c1e89a,Canada,6.69,True
7c055b,Australia,48.1,False
a43e83,United States,227.98,False
a05ab3,United States,70.99,False
4ba9ec,Turkey,242.27,False
86ef28,Japan,4.12,True
a05aac,United States,221.83,False
a14764,United States,52.76,False
3c3fd9,Germany,6.69,True
a742ec,United States,205.21,False
4ba9ce,Turkey,254.7,False
a51717,United States,45.58,False
4ba9cb,Turkey,225.99,False
71c014,Republic of Korea,246.7,False
040048,Ethiopia,245.27,False
71c018,Republic of Korea,133.84,False
4ba9e7,Turkey,175.67,False
4ba9e5,Turkey,213.82,False
040047,Ethiopia,112.17,False
71c010,Republic of Korea,242.86,False
4ba9e2,Turkey,222.73,False
4ba9e1,Turkey,228.57,False
a9e5d5,United States,60.07,False
781610,China,239.66,False
04004b,Ethiopia,270.07,False
13d82f,Russian Federation,49.14,False
71c004,Republic of Korea,161.62,False
71c005,Republic of Korea,245.15,False
a51738,United States,151.6,False
a6bb98,United States,141.33,False
a8b2c2,United States,129.87,False
89914b,Taiwan,114.25,False
a7db0b,United States,132.21,False
502d46,Latvia,207.82,False
502d45,Latvia,0.0,True
0d074b,Mexico,200.96,False
ab8eab,United States,48.43,False
502d3e,Latvia,237.34,False
c8050e,New Zealand,32.56,False
a91b2b,United States,176.37,False
406fd8,United Kingdom,206.06,False
a1ddc6,United States,83.31,False
4481bf,Belgium,1.8,True
acb821,United States,43.88,False
899146,Taiwan,88.18,False
899142,Taiwan,88.94,False
899141,Taiwan,128.2,False
a38743,United States,42.7,False
7c070b,Australia,0.0,True
a875da,United States,10.8,True
a3871e,United States,181.07,False
89913a,Taiwan,87.77,False
502d5a,Latvia,236.22,False
4481b0,Belgium,2.31,True
502d5c,Latvia,237.35,False
ab485e,United States,182.13,False
a91b0c,United States,70.15,False
c05411,Canada,44.04,False
8990a5,Taiwan,238.59,False
8990a2,Taiwan,206.93,False
a54aaa,United States,190.11,False
aaac21,United States,160.78,False
a79dad,United States,270.95,False
ac66aa,United States,214.49,False
7801a3,China,0.0,True
aba9e7,United States,245.86,False
aa0226,United States,54.84,False
a79dc4,United States,218.4,False
a29aff,United States,5.4,True
c05416,Canada,212.68,False
71c076,Republic of Korea,262.32,False
71c075,Republic of Korea,258.63,False
a37479,United States,34.21,False
c05403,Canada,247.92,False
a36130,United States,198.57,False
aaac36,United States,55.82,False
a3d78d,United States,70.01,False
a3612a,United States,218.75,False
71c067,Republic of Korea,195.2,False
7801b5,China,4.89,True
a12180,United States,51.66,False
71c062,Republic of Korea,208.57,False
71c060,Republic of Korea,245.92,False
a12185,United States,52.79,False
ac53a0,United States,77.17,False
a61120,United States,39.34,False
840508,Japan,116.1,False
0d071b,Mexico,188.1,False
a5045e,United States,124.0,False
7801c7,China,0.0,True
a1479f,United States,52.16,False
7801c1,China,251.18,False
ad73a9,United States,8.75,True
71c095,Republic of Korea,141.06,False
a2679a,United States,229.8,False
a12151,United States,65.9,False
a7edb0,United States,15.75,False
71c090,Republic of Korea,3.34,True
c06751,Canada,221.22,False
a26793,United States,197.36,False
ade9c0,United States,263.94,False
ad99f9,United States,207.92,False
ac9c45,United States,42.26,False
ab8f8e,United States,160.0,False
a5adf1,United States,3.86,True
ac53be,United States,178.88,False
71c038,Republic of Korea,254.82,False
c06709,Canada,220.72,False
71c032,Republic of Korea,113.88,False
71c030,Republic of Korea,195.16,False
71c031,Republic of Korea,151.08,False
aca3a3,United States,219.31,False
06a30d,Qatar,141.36,False
ad99fc,United States,178.61,False
06a30a,Qatar,263.07,False
71c026,Republic of Korea,175.45,False
71c027,Republic of Korea,199.75,False
ac53f8,United States,216.22,False
a2a47d,United States,49.58,False
a37495,United States,89.83,False
aca3d1,United States,142.85,False
a63745,United States,58.57,False
a3615f,United States,179.07,False
c0671b,Canada,213.86,False
ab20e6,United States,247.3,False
040087,Ethiopia,86.36,False
71c050,Republic of Korea,131.14,False
71c051,Republic of Korea,172.43,False
c06724,Canada,216.38,False
ac9c75,United States,73.0,False
a3b110,United States,223.5,False
a4945f,United States,238.76,False
a4e41d,United States,79.49,False
a5042e,United States,132.15,False
71c046,Republic of Korea,135.6,False
04008c,Ethiopia,260.58,False
424293,United Kingdom,248.78,False
a61187,United States,53.41,False
a146ce,United States,213.91,False
a0bf55,United States,37.1,False
ab349f,United States,279.5,False
84176b,Japan,236.29,False
a7dadc,United States,174.67,False
ac5487,United States,138.5,False
adc43e,United States,2.83,True
ac9aef,United States,31.59,False
06a2e7,Qatar,250.22,False
a06f7d,United States,170.44,False
a146f1,United States,193.86,False
a026fc,United States,213.79,False
06a2f5,Qatar,10.29,True
a769a3,United States,176.91,False
a9e754,United States,46.41,False
882da4,Thailand,242.19,False
a9e752,United States,52.56,False
a4f6a5,United States,274.28,False
add793,United States,134.51,False
a55f31,United States,136.63,False
49d414,Czech Republic,214.26,False
a2a3b6,United States,192.0,False
a31f74,United States,172.39,False
a7311e,United States,48.4,False
a120c4,United States,30.84,False
49d421,Czech Republic,246.3,False
49d423,Czech Republic,242.72,False
c1e8f6,Canada,1.54,True
a66aea,United States,88.71,False
e48809,Brazil,134.28,False
a43f3c,United States,175.35,False
a6246e,United States,8.75,True
a2c9ec,United States,217.7,False
a98445,United States,245.52,False
a3b186,United States,73.57,False
a9d413,United States,133.94,False
c1e8c3,Canada,6.94,True
a1cc1f,United States,7.2,True
c052ca,Canada,206.76,False
a06f8a,United States,87.46,False
acc9b2,United States,217.73,False
ab59f4,United States,213.58,False
a92dc6,United States,56.78,False
c1e8d4,Canada,3.86,True
aa276a,United States,91.06,False
a399e4,United States,286.97,False
a013ee,United States,197.94,False
c1e8bb,Canada,4.63,True
a120a6,United States,43.29,False
c052d3,Canada,210.32,False
a3e9b2,United States,195.55,False
c052d5,Canada,221.76,False
a98423,United States,235.09,False
a399de,United States,188.62,False
aa5c46,United States,99.26,False
89910b,Taiwan,238.04,False
4850f6,Kingdom of the Netherlands,261.17,False
89910a,Taiwan,7.72,False
a4f6dd,United States,252.72,False
7bc007,China,112.61,False
a8d9d3,United States,136.51,False
899122,Taiwan,273.69,False
899124,Taiwan,223.74,False
ab7aa2,United States,169.88,False
89911c,Taiwan,222.25,False
a43f7d,United States,223.15,False
a360b7,United States,217.17,False
aa39fd,United States,291.54,False
a8fc06,United States,5.92,True
ad1da9,United States,0.06,True
a240dc,United States,114.41,False
899133,Taiwan,216.03,False
a8fc09,United States,223.46,False
899134,Taiwan,219.97,False
ac541b,United States,274.96,False
a386fb,United States,208.24,False
a29c6c,United States,53.03,False
a17c95,United States,0.0,True
899106,Taiwan,217.9,False
899105,Taiwan,251.78,False
a92f0e,United States,285.73,False
a743b4,United States,46.86,False
ac5442,United States,66.76,False
a120f6,United States,57.66,False
ab477d,United States,1.29,True
899117,Taiwan,223.74,False
7cafb9,Australia,53.99,False
ac9aa8,United States,57.76,False
a6bc31,United States,244.69,False
a2a3af,United States,215.55,False
4ba9c5,Turkey,257.47,False
4ba9c3,Turkey,224.88,False
ab7add,United States,57.84,False
405bfe,United Kingdom,260.32,False
a26819,United States,268.54,False
4ba9d0,Turkey,251.36,False
06a2b3,Qatar,198.4,False
7cf334,Australia,2.06,True
06a2b1,Qatar,222.48,False
a67f3b,United States,57.53,False
e486c1,Brazil,36.01,True
06a2af,Qatar,249.76,False
aa019c,United States,75.22,False
ac9acc,United States,70.93,False
a649fc,United States,42.7,False
ab2169,United States,283.4,False
ad6116,United States,187.42,False
06a2c6,Qatar,259.08,False
7c4cf8,Australia,0.0,True
aa39b7,United States,63.57,False
c078b2,Canada,265.99,False
ad876e,United States,92.32,False
acb772,United States,41.68,False
a55f6c,United States,179.75,False
a9849a,United States,101.83,False
a55f6f,United States,49.84,False
8404f3,Japan,122.53,False
abdc56,United States,292.19,False
a67b81,United States,197.67,False
abdc76,United States,197.01,False
ad1c67,United States,185.16,False
4ba8f9,Turkey,234.07,False
a7eb0c,United States,33.44,False
abef98,United States,216.61,False
add3bc,United States,177.15,False
ad1c78,United States,54.08,False
aa10ba,United States,193.31,False
ab30f0,United States,132.22,False
a7a2be,United States,52.63,False
ac50d1,United States,243.17,False
ad70ba,United States,173.46,False
86dd2a,Japan,280.63,False
a8d5b1,United States,45.89,False
a6cb60,United States,49.34,False
acfc56,United States,132.53,False
8511ca,Japan,166.94,False
0d09a4,Mexico,172.44,False
0d09a5,Mexico,227.63,False
a885f4,United States,7.2,True
c07754,Canada,57.62,False
add3dc,United States,131.88,False
407fc7,United Kingdom,251.33,False
a7fe27,United States,0.0,True
a3971c,United States,68.35,False
407fae,United Kingdom,225.58,False
a55b50,United States,5.4,True
407fac,United Kingdom,227.8,False
aa7f84,United States,42.21,False
a3e5fa,United States,239.75,False
a512d6,United States,56.22,False
a8d5a4,United States,182.68,False
abdc9b,United States,252.87,False
aba800,United States,282.48,False
c05114,Canada,121.37,False
aa23b3,United States,169.65,False
a9d069,United States,4.37,True
a03765,United States,215.71,False
aa7f4e,United States,132.67,False
a7fe2d,United States,208.87,False
c00dce,Canada,244.1,False
ab4508,United States,5.4,True
a02443,United States,118.48,False
a68e7c,United States,225.39,False
a18ada,United States,218.34,False
abb9b2,United States,241.0,False
c8041f,New Zealand,49.47,False
a18ae1,United States,111.64,False
aa7ebc,United States,215.62,False
8991d8,Taiwan,232.87,False
ac76a7,United States,184.38,False
aa7ec2,United States,13.38,True
ab8c19,United States,259.71,False
a38439,United States,110.15,False
406d1a,United Kingdom,294.39,False
7815fa,China,216.61,False
ab9f54,United States,211.31,False
a56dcf,United States,238.05,False
406d27,United Kingdom,257.5,False
8991a9,Taiwan,202.99,False
a14452,United States,184.03,False
a13121,United States,37.23,False
abb9df,United States,274.38,False
a0cdeb,United States,0.0,False
8991b9,Taiwan,238.91,False
a992e4,United States,0.0,True
406d7a,United Kingdom,222.76,False
ac0f4d,United States,202.55,False
a40797,United States,202.27,False
406d77,United Kingdom,273.8,False
406d79,United Kingdom,1.54,True
406d70,United Kingdom,245.03,False
0acaaa,Colombia,235.78,False
acc6d1,United States,251.55,False
a01180,United States,0.0,True
a40782,United States,30.46,False
a8d5db,United States,197.82,False
a3845c,United States,151.35,False
0acac2,Colombia,230.05,False
a52736,United States,295.91,False
a4076a,United States,250.87,False
406d4c,United Kingdom,181.1,False
ad2f71,United States,181.53,False
a992cf,United States,109.78,False
abef79,United States,219.52,False
85120e,Japan,198.18,False
a2519f,United States,103.41,False
7c19c1,Australia,8.75,False
a8c439,United States,189.49,False
4ba953,Turkey,263.91,False
4ba956,Turkey,221.61,False
4ba955,Turkey,266.23,False
a19f29,United States,202.89,False
a7fde4,United States,189.98,False
ab4489,United States,132.33,False
a023a5,United States,219.47,False
a20f1a,United States,86.06,False
a8b112,United States,43.75,False
aa6ade,United States,224.08,False
4ba95a,Turkey,221.69,False
c829ab,New Zealand,224.29,False
c00e9d,Canada,222.71,False
acc799,United States,223.06,False
4ba92f,Turkey,244.13,False
4ba947,Turkey,265.98,False
4ba946,Turkey,264.09,False
a2b47f,United States,95.17,False
c00e8c,Canada,12.86,True
4ba948,Turkey,18.92,False
c1e5b0,Canada,1.03,True
7816c6,China,263.25,False
8990e9,Taiwan,0.0,True
8990e7,Taiwan,0.06,True
7816bd,China,232.45,False
8990f7,Taiwan,82.33,False
a396a9,United States,242.69,False
8990f3,Taiwan,178.85,False
8990f2,Taiwan,74.38,False
acb470,United States,208.18,False
ad846f,United States,2.83,True
a88737,United States,262.93,False
a143c6,United States,77.46,False
8990c7,Taiwan,245.09,False
8990c9,Taiwan,99.28,False
8990c5,Taiwan,0.0,True
8990c0,Taiwan,106.63,False
ac0f03,United States,8.23,True
a1dc05,United States,172.45,False
8990be,Taiwan,228.81,False
a32f1b,United States,141.86,False
a49195,United States,48.82,False
a3c163,United States,0.06,True
aacf19,United States,0.0,True
a32f17,United States,0.0,True
aa7dad,United States,0.06,True
7c06a2,Australia,46.94,False
a7fdab,United States,213.53,False
c00e55,Canada,117.62,False
a0cf55,United States,232.92,False
7803bf,China,272.28,False
a143a3,United States,226.5,False
c816d6,New Zealand,43.41,False
a263dc,United States,227.1,False
aa36c8,United States,48.37,False
a1dc60,United States,238.44,False
a6a9d3,United States,36.68,False
a3d3b3,United States,231.43,False
a526e6,United States,217.18,False
aa7f2a,United States,217.97,False
c05086,Canada,207.84,False
a526e1,United States,20.74,False
a526e2,United States,192.81,False
49d357,Czech Republic,232.04,False
ad9712,United States,179.15,False
aa7f27,United States,265.22,False
aa7f24,United States,87.97,False
a2b3a2,United States,0.0,True
0d08f3,Mexico,4.37,True
ab9dab,United States,69.92,False
a779eb,United States,197.7,False
a81f1f,United States,121.48,False
a06c88,United States,65.85,False
0d08eb,Mexico,95.84,False
0d08ef,Mexico,201.23,False
a526ed,United States,240.88,False
c00e17,Canada,281.98,False
a3d3cb,United States,31.08,False
c00e15,Canada,249.7,False
a276dd,United States,260.34,False
a143e9,United States,82.31,False
c0509f,Canada,162.48,False
48e9f1,Poland,82.72,False
aa7f08,United States,170.51,False
aa7f06,United States,3.86,True
aa7f02,United States,0.0,True
ac0dbb,United States,65.61,False
aa7f01,United States,220.76,False
c05054,Canada,255.05,False
a7a46d,United States,50.53,False
78049f,China,177.28,False
abdaa4,United States,167.66,False
7cf452,Australia,6.17,False
407eec,United Kingdom,224.16,False
a68f16,United States,48.37,False
a383f3,United States,236.94,False
c0506b,Canada,217.03,False
a7419b,United States,48.79,False
407eeb,United Kingdom,232.97,False
a396fd,United States,61.07,False
c05067,Canada,222.33,False
7cf442,Australia,12.86,True
ad2dcc,United States,30.59,False
c1e675,Canada,3.6,True
48e9b9,Poland,250.12,False
c06589,Canada,223.3,False
a15842,United States,88.95,False
ad1d73,United States,218.18,False
e4999f,Brazil,224.73,False
ad71c2,United States,49.7,False
3a5400,France,250.75,False
aa6d9a,United States,151.93,False
ae07eb,United States,151.62,False
a7ff72,United States,214.21,False
a4e0ec,United States,221.17,False
71c223,Republic of Korea,193.55,False
71c225,Republic of Korea,270.56,False
a0ceb3,United States,90.36,False
a8d6bd,United States,60.39,False
a9f6b9,United States,256.7,False
c05271,Canada,5.4,True
e4997c,Brazil,165.3,False
a8c3a2,United States,182.86,False
a620f5,United States,177.89,False
71c259,Republic of Korea,0.0,True
abca68,United States,1.03,True
aaaa90,United States,21.11,False
ac9a7a,United States,24.83,False
a8e9fd,United States,247.57,False
781858,China,245.05,False
a43c7a,United States,0.0,True
71c247,Republic of Korea,82.64,False
780533,China,199.3,False
a15888,United States,54.33,False
aba902,United States,157.98,False
a3d3f0,United States,159.61,False
c1e841,Canada,2.06,True
a1453c,United States,47.42,False
c0653f,Canada,148.6,False
a67c3a,United States,114.72,False
c05218,Canada,101.53,False
a7ff34,United States,6.69,True
aca1dd,United States,191.48,False
a5ac3f,United States,50.05,False
c81624,New Zealand,41.48,False
503e61,Lithuania,229.26,False
0c605f,Trinidad and Tobago,213.33,False
a19ecf,United States,206.77,False
71c210,Republic of Korea,239.56,False
aa5a0e,United States,219.19,False
0c6063,Trinidad and Tobago,252.95,False
040242,Ethiopia,236.08,False
a1a832,United States,191.29,False
ac792f,United States,22.97,False
744822,Jordan,205.63,False
aba91b,United States,221.56,False
a6cc45,United States,10.29,True
ac0fb6,United States,0.06,True
0d0947,Mexico,247.3,False
406e65,United Kingdom,220.59,False
406e66,United Kingdom,239.61,False
406e69,United Kingdom,180.79,False
c00eb0,Canada,217.62,False
7cf4bd,Australia,1.54,True
a1eefc,United States,36.06,False
aa395b,United States,191.4,False
a49206,United States,215.56,False
503ce6,Lithuania,83.97,True
a3c21a,United States,129.82,False
a2a213,United States,87.51,False
a2a219,United States,56.39,False
0d0963,Mexico,174.31,False
a0bbe1,United States,53.5,False
c82997,New Zealand,48.87,False
a88848,United States,215.61,False
a1589d,United States,84.4,False
a1a87e,United States,175.21,False
a7b832,United States,7.2,True
a52898,United States,248.1,False
7cf4b5,Australia,0.13,True
a1dbd3,United States,164.78,False
a64886,United States,25.46,False
abca00,United States,203.09,False
abdd1c,United States,270.86,False
a6deb0,United States,53.86,False
a87509,United States,61.07,False
a3e89a,United States,251.54,False
ab7a21,United States,219.63,False
a37279,United States,30.14,False
406e9f,United Kingdom,226.71,False
4ba919,Turkey,209.15,False
4ba913,Turkey,245.67,False
4ba910,Turkey,211.77,False
71c278,Republic of Korea,199.5,False
a3859c,United States,89.02,False
abca08,United States,220.95,False
ab44dd,United States,225.75,False
aaaa2a,United States,54.33,False
7cf4fe,Australia,5.92,True
c81699,New Zealand,53.2,False
aa7fa1,United States,230.95,False
ab8d76,United States,87.46,False
405b66,United Kingdom,0.64,True
aba7f6,United States,40.8,False
a2fbf1,United States,227.75,False
ac64cf,United States,179.58,False
a49232,United States,4.12,True
ad1d3d,United States,215.49,False
7cf4f1,Australia,4.89,True
ac51b2,United States,260.18,False
ae07ce,United States,275.37,False
4ba904,Turkey,16.66,False
4ba901,Turkey,211.39,False
a43bd6,United States,45.81,False
a25278,United States,270.44,False
aaaa64,United States,202.32,False
acfd2c,United States,196.04,False
aabd7f,United States,221.5,False
e49952,Brazil,286.9,False
71c286,Republic of Korea,267.94,False
a13298,United States,35.56,False
c050ae,Canada,0.9,True
c050c4,Canada,220.3,False
c050c5,Canada,211.81,False
c050c0,Canada,225.17,False
86dca2,Japan,7.72,True
7817b7,China,2.83,True
ac523c,United States,166.33,False
ab3275,United States,180.88,False
ac789b,United States,204.08,False
ad7224,United States,52.39,False
ac6596,United States,137.96,False
a157d9,United States,46.95,False
a05a25,United States,4.63,True
a3729a,United States,187.11,False
ad857e,United States,0.0,True
85134a,Japan,135.27,False
a2a26d,United States,216.64,False
a7425a,United States,228.97,False
c1e6cc,Canada,5.66,True
a1dd2e,United States,152.53,False
ad7282,United States,295.13,False
a63571,United States,138.52,False
a0aa2b,United States,206.95,False
a88856,United States,56.11,False
406e11,United Kingdom,219.08,False
acfbfd,United States,223.76,False
8991e4,Taiwan,188.16,False
a0bd33,United States,278.49,False
aa6bc0,United States,241.22,False
aa2548,United States,93.88,False
86efb0,Japan,207.33,False
8991db,Taiwan,238.55,False
aa1219,United States,133.3,False
ad727a,United States,226.09,False
ad727d,United States,73.17,False
ad727c,United States,247.78,False
a4e267,United States,56.41,False
a7fed3,United States,61.05,False
a5abf2,United States,144.96,False
a80d09,United States,0.06,True
c828ea,New Zealand,139.43,False
406cd2,United Kingdom,227.72,False
a9d286,United States,230.64,False
aa37ce,United States,300.51,False
a9d284,United States,194.18,False
a384f2,United States,255.22,False
406cab,United Kingdom,221.29,False
a9d28a,United States,256.98,False
a42a10,United States,225.97,False
4ca244,Ireland,202.36,False
8418cc,Japan,3.6,True
ab5867,United States,284.9,False
ab4531,United States,0.77,True
a7b7c5,United States,69.62,False
ab9eca,United States,120.42,False
aba842,United States,47.87,False
704003,Myanmar,137.36,False
407fcc,United Kingdom,4.37,True
a371a2,United States,28.97,False
407fcd,United Kingdom,293.65,False
ad2ea4,United States,216.42,False
ab4541,United States,4.37,True
ab3214,United States,244.29,False
a1a7eb,United States,207.17,False
a251ae,United States,103.92,False
a42a5c,United States,195.77,False
ab321c,United States,265.98,False
ab321b,United States,225.62,False
a9e575,United States,46.23,False
ae4ea9,United States,105.23,False
e497e7,Brazil,258.71,False
4ca27f,Ireland,242.04,False
ab588d,United States,52.23,False
a29a94,United States,62.76,False
abeeea,United States,222.49,False
400025,United Kingdom,66.88,False
4ca24e,Ireland,4.63,True
a9f87d,United States,160.22,False
c05192,Canada,76.91,False
ab8bf0,United States,39.29,False
a67d01,United States,47.95,False
a55d31,United States,211.71,False
a2b4ea,United States,214.85,False
ac6573,United States,218.41,False
a384f8,United States,240.82,False
a07fa6,United States,209.9,False
acc860,United States,64.77,False
c0517e,Canada,228.78,False
a67d11,United States,221.45,False
acb536,United States,221.17,False
781940,China,255.76,False
71c357,Republic of Korea,271.33,False
a12467,United States,36.63,False
a3b414,United States,12.35,True
a1244b,United States,217.65,False
71c345,Republic of Korea,246.01,False
a30dc5,United States,210.6,False
71c349,Republic of Korea,188.36,False
880c49,Thailand,225.64,False
880c44,Thailand,129.76,False
880c45,Thailand,217.52,False
a3b41a,United States,218.63,False
a37738,United States,152.7,False
ac5825,United States,108.34,False
a0ade2,United States,205.36,False
406b4a,United Kingdom,157.19,False
a972ee,United States,202.49,False
71c365,Republic of Korea,274.16,False
71c362,Republic of Korea,246.36,False
704021,Myanmar,83.68,False
a77b76,United States,121.02,False
ab1203,United States,206.62,False
ab6ba6,United States,172.0,False
ac583f,United States,225.17,False
71c318,Republic of Korea,204.0,False
780657,China,207.94,False
ab7ece,United States,110.1,False
ab385e,United States,200.36,False
71c316,Republic of Korea,131.76,False
a2dac7,United States,199.09,False
71c314,Republic of Korea,165.45,False
a9d5be,United States,46.54,False
a1baf1,United States,218.81,False
a9d5ba,United States,70.53,False
a972d3,United States,1.54,True
ab1210,United States,87.32,False
ad7828,United States,158.62,False
a9d5e7,United States,285.0,False
a9d5e5,United States,236.85,False
a9c2b3,United States,147.63,False
a9d5e4,United States,238.46,False
ab120b,United States,256.09,False
71c303,Republic of Korea,276.23,False
a9e8e5,United States,47.43,False
a16adc,United States,223.8,False
71c333,Republic of Korea,198.66,False
a8fe57,United States,60.31,False
a8a2a6,United States,51.6,False
a8eb21,United States,231.79,False
a23138,United States,94.14,False
e49c04,Brazil,238.86,False
e49c06,Brazil,193.63,False
71c322,Republic of Korea,134.34,False
aa4c87,United States,192.2,False
406b91,United Kingdom,216.37,False
ab6be7,United States,48.49,False
a29dee,United States,121.29,False
a8b740,United States,0.0,False
a0af06,United States,60.84,False
a6aab5,United States,0.0,True
e49aaa,Brazil,230.44,False
a9873d,United States,210.82,False
ab23e1,United States,44.74,False
406b05,United Kingdom,231.24,False
a05f31,United States,212.64,False
7448a1,Jordan,260.48,False
a05f37,United States,5.92,True
abbc52,United States,102.71,False
a3514f,United States,0.0,True
a4d483,United States,301.11,False
ad63a1,United States,290.63,False
ad63a8,United States,245.67,False
48e95b,Poland,215.67,False
a8540b,United States,279.36,False
acb9ed,United States,193.45,False
7cf5cb,Australia,0.0,True
ab10d4,United States,218.19,False
ad50a9,United States,214.47,False
aaf0c3,United States,218.5,False
a7dde1,United States,149.25,False
39cea4,France,69.97,False
a6147f,United States,215.04,False
aa0559,United States,129.47,False
a9d711,United States,101.34,False
aaf0ce,United States,0.0,True
a3c775,United States,244.9,False
a149f1,United States,214.56,False
a73410,United States,207.64,False
406b48,United Kingdom,248.32,False
880c4c,Thailand,229.52,False
407e71,United Kingdom,71.49,False
c05737,Canada,51.26,False
a29f26,United States,38.07,False
71c386,Republic of Korea,260.55,False
407e69,United Kingdom,245.08,False
407e60,United Kingdom,258.66,False
7c2b8a,Australia,35.56,False
c0440e,Canada,183.24,False
407e53,United Kingdom,139.85,False
406b22,United Kingdom,131.85,False
a74764,United States,203.82,False
407e54,United Kingdom,217.83,False
aa0524,United States,64.0,False
e4a437,Brazil,191.5,False
a4715c,United States,55.68,False
ac30fe,United States,28.3,False
406b13,United Kingdom,279.12,False
a6276a,United States,53.35,False
a3a152,United States,228.24,False
7d02da,Australia,4.63,True
a04c79,United States,44.47,False
a8a490,United States,77.17,False
a123e0,United States,222.26,False
a123e2,United States,212.46,False
a123e3,United States,186.13,False
adb476,United States,239.91,False
a389f8,United States,85.18,False
ac69b6,United States,235.84,False
a519ea,United States,63.28,False
a759a8,United States,85.24,False
a0af7c,United States,236.39,False
86ddb2,Japan,253.52,False
a389eb,United States,247.98,False
a4e6c0,United States,226.07,False
a8a478,United States,0.39,True
a506d5,United States,215.08,False
ab6c08,United States,214.05,False
7c3e12,Australia,52.47,False
ada167,United States,202.98,False
a123bf,United States,185.69,False
a16c3a,United States,221.83,False
ada160,United States,48.22,False
47a1ef,Norway,211.67,False
a639f5,United States,111.19,False
acb9c6,United States,45.34,False
a9d75e,United States,36.54,False
503cb3,Lithuania,1.8,True
a01805,United States,212.18,False
a41c56,United States,90.7,False
a59197,United States,212.27,False
a1bc73,United States,43.75,False
a6aaf0,United States,192.77,False
ab23b5,United States,267.96,False
ad0f29,United States,255.22,False
a90ab9,United States,58.01,False
a85493,United States,176.12,False
a7216d,United States,155.98,False
a30f85,United States,179.51,False
a90aaa,United States,169.99,False
ac56d9,United States,0.0,False
a8b760,United States,1.54,True
ac56ba,United States,185.29,False
add9c1,United States,58.87,False
a1cf96,United States,47.94,False
ac8c20,United States,65.5,False
ac69fc,United States,195.43,False
503cc0,Lithuania,3.86,True
ab7f7d,United States,57.62,False
abcf58,United States,238.5,False
a3c6b9,United States,37.47,False
7cf678,Australia,0.51,True
a5f3cf,United States,260.7,False
503d62,Lithuania,89.11,False
aaf111,United States,214.23,False
aaaddc,United States,208.08,False
ac5765,United States,204.64,False
a613e0,United States,109.25,False
a05eb4,United States,227.06,False
a7cc1b,United States,19.76,False
7c8023,Australia,0.0,True
06a080,Qatar,220.02,False
c055c6,Canada,89.66,False
c055d6,Canada,0.0,True
c055d2,Canada,4.89,True
a3a0eb,United States,192.86,False
c055ec,Canada,60.05,False
c055eb,Canada,0.0,True
aa4c3e,United States,232.36,False
3949e3,France,112.28,False
ab6af3,United States,104.84,False
3949e6,France,292.84,False
39cf0c,France,210.88,False
39cf0f,France,230.89,False
aca74f,United States,66.73,False
adb415,United States,34.14,False
a600e4,United States,147.09,False
a5e0d3,United States,188.84,False
a41c69,United States,242.24,False
7cf62d,Australia,4.89,True
aca760,United States,254.46,False
8406e8,Japan,219.35,False
3949f0,France,227.11,False
3949f4,France,4.89,True
aa4c42,United States,138.74,False
3949f9,France,247.76,False
3c3e9e,Germany,58.93,False
a4c0f3,United States,40.25,False
ad7796,United States,241.95,False
ab2496,United States,242.82,False
a7df23,United States,237.38,False
7c806a,Australia,190.14,False
a2a81a,United States,52.76,False
a759eb,United States,144.76,False
e4a2d5,Brazil,173.39,False
7c806d,Australia,197.54,False
7c806c,Australia,232.36,False
a7a9c5,United States,292.21,False
7c8069,Australia,282.86,False
7c8067,Australia,0.0,True
7c8065,Australia,221.16,False
a49809,United States,44.29,False
a24526,United States,138.71,False
c068b9,Canada,232.29,False
407cd1,United Kingdom,305.97,False
a3b3e5,United States,216.94,False
a29eb6,United States,197.03,False
a6bf31,United States,49.65,False
aca788,United States,249.98,False
86ddf0,Japan,0.45,True
7c8055,Australia,68.34,False
e49b51,Brazil,250.08,False
a6bf4e,United States,239.18,False
a3b3df,United States,145.74,False
aa5f41,United States,242.1,False
a9618a,United States,197.62,False
ac3183,United States,67.51,False
0d0380,Mexico,79.84,False
c068e3,Canada,80.85,False
a7a9cd,United States,8.23,True
a3b529,United States,218.1,False
0d0312,Mexico,202.0,False
e4a377,Brazil,190.66,False
a29ef4,United States,47.67,False
a2454f,United States,233.0,False
aa1944,United States,46.04,False
a4e84a,United States,65.73,False
a3fbaa,United States,183.46,False
a23200,United States,193.51,False
ac4610,United States,30.42,False
aaafd8,United States,2.06,True
ac9fb5,United States,140.38,False
406c81,United Kingdom,162.65,False
ab6cb0,United States,136.33,False
adea8d,United States,230.48,False
a9c3cd,United States,68.98,False
a3a222,United States,156.76,False
adea97,United States,49.85,False
76b443,Singapore,101.65,False
406c79,United Kingdom,6.45,False
76b447,Singapore,104.1,False
a2eea2,United States,51.25,False
ac5956,United States,237.71,False
ab6cac,United States,70.59,False
a2452f,United States,202.88,False
406c71,United Kingdom,0.0,True
a2452a,United States,239.54,False
a37842,United States,176.98,False
ab3982,United States,0.0,True
a35254,United States,239.36,False
a3c815,United States,63.56,False
abbca1,United States,75.32,False
76b450,Singapore,243.13,False
76b451,Singapore,192.56,False
4b9e4b,Turkey,4.12,False
a24591,United States,242.24,False
ab7fee,United States,178.22,False
a42efc,United States,237.68,False
ae2fa7,United States,145.76,False
76b44f,Singapore,207.31,False
e082d5,Argentina,5.14,True
ac9ff2,United States,234.26,False
ab398a,United States,256.1,False
ac3315,United States,190.66,False
a9d6d1,United States,56.92,False
a1bbe5,United States,108.23,False
abbcc1,United States,0.0,True
7c2bc5,Australia,200.07,False
a2457d,United States,71.75,False
c8801a,Fiji,198.83,False
a3c847,United States,217.71,False
a62825,United States,220.2,False
a3b518,United States,50.67,False
ac4668,United States,55.68,False
a3b50f,United States,283.92,False
a973e0,United States,245.99,False
abaa1a,United States,187.86,False
a65bf2,United States,170.75,False
7cf6fb,Australia,5.14,True
abbd73,United States,198.25,False
acdd2e,United States,109.58,False
a8feb8,United States,173.32,False
407f38,United Kingdom,248.48,False
a8688c,United States,46.31,False
abaa43,United States,249.5,False
ac7a52,United States,207.35,False
ad64cd,United States,65.33,False
a9c508,United States,283.73,False
a9c506,United States,218.32,False
ad64e2,United States,39.0,False
aaf1f2,United States,187.16,False
c8806f,Fiji,172.94,False
aa4ce2,United States,198.53,False
407f8c,United Kingdom,216.93,False
abbd8d,United States,179.73,False
407f7b,United Kingdom,190.93,False
adea26,United States,266.5,False
a97516,United States,61.79,False
510115,Belarus,169.93,False
a6153e,United States,266.22,False
406c3b,United Kingdom,182.2,False
406c3a,United Kingdom,175.03,False
c88098,Fiji,176.26,False
aa0649,United States,34.19,False
a65bbc,United States,216.23,False
a3a263,United States,5.92,True
a53beb,United States,17.6,False
c0584f,Canada,283.54,False
407f64,United Kingdom,222.98,False
a9b0ed,United States,124.07,False
a03a0c,United States,54.53,False
7c80f5,Australia,70.81,False
a72213,United States,137.09,False
407f62,United Kingdom,250.1,False
851580,Japan,202.19,False
a16d89,United States,204.73,False
a65d06,United States,211.58,False
a3b4b5,United States,206.07,False
a0f1bb,United States,120.0,False
c030fd,Canada,3.34,True
a39a13,United States,213.38,False
a9b273,United States,204.92,False
c82b09,New Zealand,143.2,False
a1aa10,United States,295.51,False
a3b4d6,United States,16.98,True
c82b16,New Zealand,192.91,False
a867a2,United States,51.55,False
406ae9,United Kingdom,133.42,False
3e2282,Germany,147.54,False
a9b251,United States,63.29,False
a9c583,United States,41.91,False
ac57af,United States,231.73,False
407f0d,United Kingdom,258.04,False
a0190c,United States,32.38,False
abbd0a,United States,197.89,False
86351c,Japan,0.0,True
c82b32,New Zealand,215.43,False
a5e295,United States,147.25,False
c030bb,Canada,108.65,False
a39a51,United States,39.37,False
a1aa4e,United States,249.92,False
a1aa5a,United States,43.18,False
c030ef,Canada,249.3,False
c82b59,New Zealand,55.68,False
ac31a1,United States,70.55,False
abaa0e,United States,121.15,False
c82b5b,New Zealand,56.82,False
a5e29a,United States,186.83,False
a1bd6a,United States,102.7,False
407dc5,United Kingdom,213.56,False
a25925,United States,2.57,True
ae2ed7,United States,65.49,False
c030a6,Canada,255.51,False
a854d0,United States,0.0,True
a471ec,United States,1.54,True
abbbae,United States,0.0,True
a64a73,United States,213.82,False
a734e0,United States,4.37,True
a9d7e8,United States,48.31,False
71c501,Republic of Korea,195.17,False
a52a99,United States,181.93,False
a7cd77,United States,46.93,False
71c531,Republic of Korea,162.69,False
a64a75,United States,128.22,False
0d028d,Mexico,248.57,False
a77d89,United States,67.91,False
8514b4,Japan,236.82,False
ae2ee6,United States,123.04,False
c043cb,Canada,204.48,False
ae2ee0,United States,89.06,False
71c522,Republic of Korea,261.2,False
a27a94,United States,194.94,False
a2ca64,United States,278.36,False
a2efae,United States,196.71,False
7c3f03,Australia,107.17,False
e49a54,Brazil,220.36,False
a24636,United States,36.79,False
ac4597,United States,72.8,False
a3fd77,United States,40.13,False
5113cf,Estonia,16.46,True
ad6595,United States,199.98,False
a987c0,United States,5.92,True
406ac3,United Kingdom,222.75,False
ada227,United States,244.36,False
a601a8,United States,58.44,False
ae2efc,United States,60.87,False
a747cb,United States,5.14,True
ad526c,United States,175.81,False
a591d5,United States,254.66,False
7c8168,Australia,79.93,False
a13972,United States,42.26,False
acdbee,United States,268.7,False
acdbef,United States,164.27,False
e49a48,Brazil,216.82,False
a0afca,United States,76.71,False
a867d1,United States,59.15,False
adc88f,United States,46.58,False
86228c,Japan,205.28,False
e49a2e,Brazil,165.67,False
a43ea6,United States,77.17,False
a8fc72,United States,198.72,False
71c595,Republic of Korea,169.89,False
71c596,Republic of Korea,132.3,False
abba6c,United States,210.98,False
a01567,United States,240.87,False
a37517,United States,0.0,True
71c593,Republic of Korea,84.8,False
71c592,Republic of Korea,74.73,False
aced7a,United States,231.55,False
a12227,United States,62.5,False
a78c8f,United States,220.85,False
801408,India,230.72,False
801405,India,221.04,False
789201,China,0.0,True
a8a0d9,United States,149.53,False
a05bde,United States,168.06,False
a38836,United States,298.29,False
71c581,Republic of Korea,271.36,False
789207,China,0.13,True
a9f9fd,United States,69.62,False
a2b810,United States,253.27,False
789216,China,220.18,False
0d0698,Mexico,191.04,False
7cf922,Australia,97.84,False
a850dc,United States,295.24,False
a7dc99,United States,56.7,False
a18ece,United States,0.0,True
86ce81,Japan,7.46,True
a996e1,United States,89.43,False
48c128,Poland,217.75,False
ac692a,United States,106.35,False
a730b2,United States,42.1,False
71c559,Republic of Korea,203.45,False
789228,China,249.26,False
a30bbe,United States,51.74,False
789233,China,177.64,False
aa01de,United States,261.37,False
a2fee9,United States,123.02,False
a2b872,United States,44.72,False
789230,China,0.0,True
a8c6e1,United States,180.43,False
a0026e,United States,252.76,False
78922c,China,211.65,False
80143a,India,246.82,False
a610ca,United States,66.92,False
ab2308,United States,24.62,False
71c542,Republic of Korea,85.62,False
789245,China,267.64,False
801458,India,101.86,False
a7ef4b,United States,262.91,False
a3b0fe,United States,227.76,False
789241,China,216.31,False
a36200,United States,208.53,False
ac694f,United States,224.35,False
a43ec3,United States,256.45,False
801421,India,222.23,False
71c578,Republic of Korea,5.14,True
acffb7,United States,246.19,False
a2685b,United States,205.09,False
78924d,China,40.13,False
78924e,China,122.43,False
a2b83b,United States,178.32,False
ab8fee,United States,268.3,False
801427,India,243.2,False
71c564,Republic of Korea,72.2,False
ad1fc8,United States,145.64,False
71c563,Republic of Korea,183.53,False
71c569,Republic of Korea,202.18,False
a1dee3,United States,91.38,False
aaad49,United States,88.71,False
a6bba3,United States,230.5,False
a92ec2,United States,47.69,False
a3c586,United States,63.89,False
a6cec4,United States,233.59,False
ac67f7,United States,48.0,True
a5f208,United States,200.94,False
a75864,United States,53.3,False
ad87c3,United States,5.87,False
adb29f,United States,146.31,False
a8c811,United States,241.97,False
a3b268,United States,199.24,False
ab34f3,United States,119.67,False
a1226e,United States,66.98,False
a8785b,United States,103.41,False
3444d0,Spain,56.3,False
7041c1,Myanmar,242.71,False
a43eea,United States,211.39,False
80145c,India,202.34,False
a3621e,United States,258.23,False
aaad6d,United States,214.89,False
801470,India,12.35,False
440452,Austria,217.13,False
a79ea8,United States,6.43,True
ac41ab,United States,212.01,False
ad74e8,United States,66.43,False
aa6fca,United States,252.08,False
a74505,United States,234.64,False
aa2969,United States,49.97,False
a55ed5,United States,3.34,False
a4959a,United States,61.15,False
a3d86c,United States,64.31,False
407c26,United Kingdom,252.55,False
a54bb3,United States,129.69,False
c06819,Canada,48.57,False
a6ceb8,United States,205.33,False
780831,China,217.97,False
a54bab,United States,166.67,False
ac41ce,United States,238.72,False
a3627d,United States,216.93,False
a55ef3,United States,216.28,False
a3d890,United States,201.16,False
80149a,India,188.73,False
a54bbf,United States,210.51,False
80149c,India,218.76,False
a1cd1d,United States,37.11,False
7cf7b9,Australia,0.51,False
8a0261,Indonesia,232.2,False
a267f0,United States,59.18,False
a04a49,United States,0.06,True
a05d79,United States,138.84,False
06a1c6,Qatar,286.57,False
a001bd,United States,279.08,False
06a1bb,Qatar,5.66,True
a30d04,United States,241.11,False
873028,Japan,93.09,False
a16a02,United States,219.67,False
a147d1,United States,5.14,True
06a1cf,Qatar,262.3,False
a17d1c,United States,50.08,False
06a1e9,Qatar,4.89,True
440425,Austria,205.96,False
a027fa,United States,269.69,False
ac429b,United States,185.54,False
a0ad1d,United States,0.06,False
a29d11,United States,4.63,True
a241c3,United States,44.56,False
c066fb,Canada,191.54,False
4bb849,Turkey,237.99,False
4bb850,Turkey,0.0,True
06a1ec,Qatar,234.89,False
8a020e,Indonesia,81.13,False
a9e850,United States,44.59,False
7c1a38,Australia,0.06,True
a7dbaa,United States,223.52,False
4bb855,Turkey,235.11,False
0d04a3,Mexico,154.82,False
a28a2c,United States,200.66,False
4bb853,Turkey,3.6,True
c1e9fd,Canada,7.72,True
4bb84f,Turkey,65.89,False
ab34a7,United States,39.1,False
4bb84b,Turkey,227.37,False
a0ad5a,United States,79.62,False
a04a4d,United States,196.18,False
a2b7cd,United States,221.35,False
a05d92,United States,194.96,False
a2b7ce,United States,54.64,False
7cf7bf,Australia,0.19,False
7cf7ba,Australia,0.51,False
a29d48,United States,208.17,False
a121be,United States,59.72,False
407af3,United Kingdom,249.24,False
a29d3e,United States,0.0,True
adb293,United States,54.01,False
aa6efa,United States,0.0,False
a04a79,United States,40.21,False
4bb87a,Turkey,236.37,False
8515a2,Japan,250.81,False
a4e4e9,United States,65.4,False
ac9ba5,United States,35.2,False
acb82c,United States,10.8,True
4cc52d,Iceland,252.16,False
789279,China,113.2,False
aa5d60,United States,149.21,False
a744b3,United States,6.94,True
a3fa60,United States,51.01,False
a14922,United States,59.56,False
ad8836,United States,5.92,True
a2da59,United States,147.35,False
c066b6,Canada,283.82,False
4cc53b,Iceland,216.58,False
a494db,United States,79.96,False
4cc547,Iceland,209.85,False
789285,China,95.17,False
c066dd,Canada,217.93,False
8515c4,Japan,209.58,False
78927f,China,203.36,False
4cc50f,Iceland,238.92,False
aa5d2f,United States,50.93,False
c066f4,Canada,230.61,False
ac9bad,United States,66.95,False
789295,China,145.09,False
789296,China,216.85,False
789294,China,252.58,False
4bb879,Turkey,237.15,False
a361b6,United States,127.59,False
aca529,United States,65.8,False
a494c5,United States,2.57,True
4bb86b,Turkey,0.0,True
adc532,United States,1.03,True
a13624,United States,57.93,False
4cc581,Iceland,215.74,False
adc531,United States,198.33,False
ac5569,United States,141.45,False
abdeec,United States,176.81,False
4cc576,Iceland,260.07,False
4cc578,Iceland,204.62,False
7807a1,China,222.82,False
ad8895,United States,184.97,False
504e87,Republic of Moldova,230.53,False
a06ff3,United States,187.28,False
a2da8f,United States,253.78,False
c079a6,Canada,270.28,False
4cc57b,Iceland,209.63,False
4cc57c,Iceland,205.34,False
a4f7cb,United States,219.86,False
a14960,United States,62.93,False
a4e4c6,United States,52.06,False
acb88c,United States,64.47,False
a14934,United States,88.5,False
c079d5,Canada,215.88,False
a66d33,United States,225.9,False
adc540,United States,53.59,False
46b8a6,Greece,173.56,False
a3fa49,United States,62.32,False
acb892,United States,243.14,False
ac425a,United States,230.23,False
a0acbb,United States,260.03,False
a9c1c8,United States,65.79,False
a3761c,United States,148.43,False
a05cf3,United States,2.06,True
801524,India,219.63,False
a31fe8,United States,79.41,False
06a114,Qatar,275.04,False
a851f6,United States,194.07,False
406a62,United Kingdom,147.06,False
06a112,Qatar,0.0,True
a29cbf,United States,175.25,False
adc5ff,United States,214.02,False
c03068,Canada,254.12,False
06a10d,Qatar,193.3,False
06a10b,Qatar,227.84,False
e4a12a,Brazil,85.82,False
a01693,United States,47.33,False
801532,India,230.85,False
06a127,Qatar,273.69,False
06a11f,Qatar,1.03,True
a43fa0,United States,218.75,False
a87907,United States,102.51,False
06a138,Qatar,228.01,False
ac5700,United States,221.73,False
e4a130,Brazil,171.25,False
06a12e,Qatar,234.09,False
ac570d,United States,42.69,False
a55fe9,United States,210.62,False
a91d8e,United States,248.7,False
ab7db3,United States,110.44,False
a3b30e,United States,47.85,False
c0307c,Canada,0.64,True
a8fd3c,United States,196.05,False
a48321,United States,155.46,False
801562,India,185.96,False
06a157,Qatar,238.99,False
ac5723,United States,196.04,False
a0acfd,United States,0.0,True
48c22f,Poland,136.39,False
ad7701,United States,178.29,False
a6aa2f,United States,65.75,False
86cf2b,Japan,270.18,False
48c239,Poland,92.21,False
a3897f,United States,234.81,False
86cf38,Japan,159.61,False
a6bd78,United States,196.66,False
406a91,United Kingdom,0.0,True
c80777,New Zealand,3.86,True
ac5746,United States,246.57,False
7c1acf,Australia,245.49,False
86cf4d,Japan,212.51,False
7c1ac5,Australia,0.64,True
c80783,New Zealand,44.09,False
a8fd2c,United States,130.71,False
c80781,New Zealand,34.05,False
a1235b,United States,107.67,False
a26993,United States,57.03,False
7c1ac1,Australia,4.89,True
a8b4c6,United States,65.34,False
a984bb,United States,36.06,False
a0acf8,United States,175.3,False
a0acf9,United States,197.54,False
e103c2,Argentina,157.04,False
a05e02,United States,198.96,False
ab6b45,United States,172.29,False
407d10,United Kingdom,126.77,False
a66ce0,United States,222.22,False
a7dca6,United States,94.16,False
80159e,India,265.1,False
a2439c,United States,0.0,True
a66ceb,United States,146.64,False
a4c031,United States,137.13,False
80159a,India,124.47,False
a48356,United States,181.32,False
a3769b,United States,40.26,False
aa4ac9,United States,193.75,False
abbb24,United States,262.29,False
a5e003,United States,196.53,False
e0814b,Argentina,130.04,False
abbb2c,United States,266.56,False
ad0e61,United States,242.33,False
a49671,United States,59.68,False
ac9e77,United States,265.33,False
a2ecec,United States,223.25,False
a4832e,United States,37.1,False
ac55f3,United States,235.83,False
a12396,United States,47.77,False
acb8f3,United States,0.0,True
c03001,Canada,245.02,False
a2ecf3,United States,199.9,False
801596,India,260.53,False
ac42bf,United States,215.55,False
780928,China,181.23,False
a6cffc,United States,107.54,False
a4e636,United States,51.08,False
a87927,United States,62.86,False
407d44,United Kingdom,222.27,False
ac42df,United States,217.12,False
c0561f,Canada,45.76,False
a48379,United States,85.93,False
a66cd8,United States,45.25,False
78095a,China,213.18,False
06a106,Qatar,269.46,False
407d22,United Kingdom,253.67,False
06a107,Qatar,171.86,False
06a105,Qatar,221.75,False
06a100,Qatar,208.37,False
a7a91f,United States,179.59,False
a5aff2,United States,219.64,False
a54cf9,United States,51.94,False
a16b46,United States,48.55,False
adb34f,United States,60.46,False
885107,Thailand,221.08,False
885103,Thailand,14.4,True
7892a5,China,4.12,True
06a0a6,Qatar,0.9,True
a5e095,United States,217.17,False
7892a6,China,211.8,False
06a0a7,Qatar,286.47,False
06a0a5,Qatar,220.4,False
a9605b,United States,235.42,False
a638b0,United States,59.41,False
c806b9,New Zealand,58.7,False
aaf094,United States,29.47,False
ad639e,United States,220.17,False
c819e9,New Zealand,31.65,False
06a0ab,Qatar,268.88,False
06a0aa,Qatar,248.27,False
a135cb,United States,137.09,False
ab48bf,United States,177.38,False
a54e46,United States,54.07,False
adb35c,United States,207.53,False
ac308f,United States,204.14,False
885115,Thailand,1.03,True
4bb721,Turkey,231.74,False
046c56,Guinea,193.56,False
a9d640,United States,287.52,False
680001,Bhutan,191.36,False
a1ce99,United States,283.98,False
47a0bf,Norway,215.74,False
680008,Bhutan,13.42,False
a5f385,United States,52.46,False
8013d5,India,184.57,False
68000a,Bhutan,222.98,False
06a0e9,Qatar,228.49,False
a1ce84,United States,56.96,False
06a0de,Qatar,236.02,False
ac9e23,United States,199.21,False
06a0dd,Qatar,226.8,False
a242c3,United States,89.53,False
a362a9,United States,212.21,False
06a0f8,Qatar,267.83,False
a362b2,United States,239.0,False
a8a318,United States,69.77,False
a495b4,United States,240.02,False
a29e5c,United States,71.77,False
ab22b0,United States,38.84,False
aaae4b,United States,292.05,False
06a0fc,Qatar,206.81,False
ac696c,United States,236.54,False
ad7633,United States,209.81,False
ad1fcd,United States,206.29,False
71c752,Republic of Korea,155.59,False
86cf09,Japan,80.47,False
7c7051,Australia,57.93,False
a41b5d,United States,39.37,False
ac6993,United States,187.35,False
a9d5a2,United States,196.81,False
a00401,United States,65.4,False
a6ab27,United States,0.0,True
06a19e,Qatar,146.5,False
a1bb83,United States,204.05,False
a28b91,United States,169.27,False
aa4b32,United States,251.93,False
ac300d,United States,76.14,False
a65b76,United States,210.26,False
a7cb0b,United States,251.14,False
71c715,Republic of Korea,117.31,False
0ac9dc,Colombia,224.88,False
4a2182,Romania,250.09,False
7808ac,China,268.73,False
ac3030,United States,258.42,False
71c717,Republic of Korea,217.41,False
a00432,United States,50.33,False
a04aa9,United States,291.42,False
a2570c,United States,86.79,False
a2570b,United States,100.4,False
a37713,United States,196.92,False
a9b06f,United States,214.52,False
a66e3b,United States,227.17,False
71c703,Republic of Korea,260.24,False
ac5697,United States,215.52,False
a05ddc,United States,10.29,True
0ac9e1,Colombia,274.77,False
a638f5,United States,15.13,False
7808ca,China,102.89,False
a8a391,United States,129.16,False
71c738,Republic of Korea,272.36,False
adc65e,United States,247.25,False
a482fc,United States,0.0,True
a7a8c0,United States,51.82,False
a7de16,United States,245.16,False
a12403,United States,204.43,False
704458,Myanmar,227.94,False
a54e87,United States,43.52,False
a00425,United States,183.6,False
a78e2e,United States,59.71,False
c067ae,Canada,220.81,False
a665ae,United States,5.14,True
a46e70,United States,199.3,False
ac1c16,United States,175.29,False
408124,United Kingdom,0.0,True
7c6b2d,Australia,1.8,True
7c6b41,Australia,223.22,False
abd9d9,United States,210.51,False
7c6b40,Australia,200.77,False
880451,Thailand,226.71,False
a305fd,United States,211.35,False
aa56d4,United States,238.54,False
c822be,New Zealand,49.73,False
7c6b1c,Australia,194.41,False
880443,Thailand,218.35,False
7c6b39,Australia,218.44,False
7c6b37,Australia,223.73,False
a282e5,United States,210.2,False
7c6b35,Australia,215.32,False
ad3c16,United States,244.35,False
7c6b0e,Australia,8.23,True
a70b23,United States,265.33,False
ac96be,United States,217.25,False
c08416,Canada,30.4,False
aa56b5,United States,234.41,False
ac1c45,United States,35.39,False
ac2f5a,United States,209.4,False
ab63d7,United States,210.05,False
a33b1e,United States,270.21,False
7c6b18,Australia,252.01,False
4952ab,Portugal,248.48,False
ac2f83,United States,206.22,False
4952b0,Portugal,232.02,False
4952b2,Portugal,221.24,False
aaef89,United States,0.0,True
ad3c1f,United States,188.91,False
a7b057,United States,216.85,False
4952a7,Portugal,244.54,False
a2d2eb,United States,234.53,False
e4944e,Brazil,198.88,False
e4944f,Brazil,178.55,False
4952a4,Portugal,220.41,False
c822fc,New Zealand,69.84,False
4952a6,Portugal,192.02,False
e49450,Brazil,222.34,False
ad3c2e,United States,52.17,False
a2d2f2,United States,177.3,False
a34e9d,United States,82.55,False
ae13ac,United States,152.58,False
a1b2ee,United States,254.07,False
ae13ad,United States,118.81,False
e4941c,Brazil,4.37,True
ad3c55,United States,34.56,False
408143,United Kingdom,240.6,False
7c6b3b,Australia,216.81,False
abfc71,United States,159.58,False
a4ab11,United States,55.05,False
a46e6a,United States,181.55,False
ae13b0,United States,106.74,False
a94b51,United States,201.63,False
a0441d,United States,54.37,False
a1c722,United States,114.59,False
a94b50,United States,239.74,False
0d0acd,Mexico,217.99,False
a69b92,United States,54.21,False
a94b4d,United States,247.9,False
a94b4b,United States,0.0,True
0d0ae8,Mexico,221.73,False
4b187f,Switzerland,220.95,False
c01b5b,Canada,108.21,False
4b1883,Switzerland,215.81,False
0d0af1,Mexico,229.96,False
a05776,United States,206.5,False
4b1880,Switzerland,0.0,True
4b1881,Switzerland,291.36,False
ac1afa,United States,285.05,False
8686aa,Japan,215.39,False
861f5e,Japan,204.67,False
0d0aef,Mexico,3.86,True
acd481,United States,197.19,False
a45b96,United States,248.22,False
0d0afe,Mexico,0.0,True
a94b48,United States,184.13,False
a04424,United States,0.9,True
ae012e,United States,247.47,False
86d6a4,Japan,279.68,False
3c65ca,Germany,207.96,False
a41412,United States,239.78,False
7c6b07,Australia,179.34,False
a1a110,United States,138.85,False
a33aa7,United States,208.35,False
aa30ab,United States,44.25,False
ac2f18,United States,249.32,False
a94b29,United States,201.18,False
a71e5c,United States,192.22,False
a2e738,United States,36.25,False
a915cf,United States,109.98,False
861f1a,Japan,255.24,False
c81108,New Zealand,55.96,False
adf49c,United States,137.4,False
abd9b6,United States,197.66,False
c02e92,Canada,177.5,False
a785fd,United States,193.96,False
aa9f6a,United States,273.7,False
a57b8b,United States,1.8,True
0c4155,Dominican Republic,139.13,False
7c48a4,Australia,47.8,False
aa56f7,United States,231.82,False
a94b05,United States,215.23,False
ac2f37,United States,202.38,False
a94b08,United States,216.85,False
a29748,United States,63.81,False
a08acb,United States,191.37,False
861f22,Japan,266.53,False
aa9f76,United States,233.29,False
a58de0,United States,7.72,True
758368,Philippines,227.96,False
aa441c,United States,164.28,False
a1515b,United States,238.42,False
7c7cce,Australia,103.1,False
a57aab,United States,117.36,False
782003,China,0.9,True
ab0dd7,United States,72.62,False
ab774b,United States,188.84,False
a34def,United States,128.98,False
c8244e,New Zealand,78.3,False
c8244b,New Zealand,118.08,False
c8244c,New Zealand,134.5,False
a95da3,United States,3.09,True
aaa754,United States,57.62,False
a0dae2,United States,218.48,False
a57ad0,United States,255.58,False
e4808c,Brazil,238.21,False
a65449,United States,250.01,False
a1512f,United States,100.14,False
7c496c,Australia,15.95,True
a2845b,United States,178.63,False
aaa75d,United States,133.17,False
a42752,United States,73.85,False
a3f401,United States,196.13,False
a27191,United States,32.05,False
ad074b,United States,71.43,False
86d5c3,Japan,198.0,False
861e78,Japan,232.2,False
ac1ab8,United States,8.75,True
70804d,Lao People's Democratic Republic,184.89,False
ac2dea,United States,218.88,False
861e4e,Japan,128.96,False
a10f22,United States,52.68,False
49530a,Portugal,171.19,False
a33aff,United States,26.01,False
49530c,Portugal,80.27,False
c2bcfb,Canada,88.02,False
75831c,Philippines,1.29,True
a3915a,United States,199.37,False
a2717f,United States,116.73,False
aadae3,United States,280.78,False
84cb66,Japan,200.3,False
758304,Philippines,146.01,False
025414,Morocco,54.02,False
a65408,United States,240.79,False
861e92,Japan,165.85,False
86d5e0,Japan,11.32,True
a58dae,United States,4.89,True
a94b6b,United States,213.62,False
495306,Portugal,170.66,False
a33afd,United States,265.95,False
ac1ad7,United States,234.53,False
abc780,United States,1.54,True
495301,Portugal,169.13,False
495304,Portugal,132.17,False
84cb5b,Japan,195.19,False
a0a6c5,United States,221.66,False
7c6a8d,Australia,228.94,False
aaee9c,United States,139.89,False
a0dc17,United States,3.86,True
a94ae5,United States,258.91,False
a2f9b3,United States,169.88,False
a76154,United States,201.0,False
40805d,United Kingdom,219.59,False
abb2e7,United States,71.99,False
a1c6a8,United States,218.4,False
ac82f8,United States,139.13,False
408064,United Kingdom,218.5,False
408062,United Kingdom,241.93,False
a3918f,United States,210.63,False
a2c17e,United States,58.03,False
e48014,Brazil,174.0,False
a5df05,United States,66.58,False
a7615f,United States,0.0,True
abb2fe,United States,232.18,False
abfb7c,United States,220.6,False
40803f,United Kingdom,2.31,True
40803c,United Kingdom,227.08,False
0d0b91,Mexico,181.19,False
3c6706,Germany,218.34,False
3c6704,Germany,8.23,True
3c6709,Germany,253.97,False
3c6708,Germany,254.29,False
a306e1,United States,53.56,False
a7d754,United States,216.48,False
a95dd3,United States,214.04,False
a6fddb,United States,4.12,True
3c6710,Germany,248.6,False
3c6714,Germany,223.99,False
a163f2,United States,218.75,False
3c6719,Germany,217.47,False
a2f9dd,United States,196.97,False
c03feb,Canada,63.77,False
a76115,United States,37.45,False
a83dbe,United States,84.41,False
a70ac4,United States,208.24,False
a030a8,United States,194.83,False
c02cf1,Canada,295.16,False
3a1465,France,263.63,False
c823af,New Zealand,18.42,False
0d0b35,Mexico,158.93,False
a6b790,United States,53.92,False
a34f40,United States,200.24,False
0d0b39,Mexico,132.75,False
3c670b,Germany,227.72,False
e48051,Brazil,138.62,False
a9042a,United States,226.11,False
3c670d,Germany,309.12,False
a6eacf,United States,0.0,True
a296e5,United States,50.67,False
c08335,Canada,212.15,False
408092,United Kingdom,194.62,False
ab772d,United States,292.77,False
4951ce,Portugal,0.0,True
a65490,United States,0.06,False
7c4929,Australia,265.55,False
a4bf72,United States,30.68,False
a58f6a,United States,49.41,False
a030fd,United States,106.06,False
a413cb,United States,189.72,False
abc7c6,United States,218.18,False
c02eca,Canada,5.92,True
ad07ae,United States,34.69,False
ace7aa,United States,213.14,False
aa44d0,United States,279.27,False
c02ec1,Canada,218.15,False
a283ed,United States,230.83,False
348084,Spain,267.49,False
aa57df,United States,300.13,False
7c6c52,Australia,134.77,False
aa44ad,United States,294.78,False
abfd23,United States,257.98,False
ac97e4,United States,156.38,False
a46f75,United States,208.16,False
7c6c56,Australia,228.13,False
7c6c55,Australia,6.17,True
ac0a22,United States,129.64,False
abea11,United States,183.52,False
40820e,United Kingdom,216.78,False
abc7e9,United States,216.94,False
c0853f,Canada,169.7,False
40820f,United Kingdom,11.32,True
a283f4,United States,205.03,False
c08537,Canada,243.65,False
a5cc53,United States,64.54,False
408210,United Kingdom,208.89,False
a1a0a7,United States,64.19,False
a4ac5a,United States,66.11,False
a5cc3c,United States,260.82,False
a809f3,United States,75.36,False
39d30a,France,185.44,False
ace7bf,United States,146.46,False
4690e5,Greece,143.46,False
a559df,United States,43.41,False
ae4a18,United States,89.55,False
aba1a0,United States,129.18,False
a4bf41,United States,212.75,False
e4932b,Brazil,237.7,False
7c6c97,Australia,250.19,False
7c6c96,Australia,218.3,False
ae14b4,United States,79.74,False
7c6c90,Australia,239.46,False
ad3d4e,United States,205.91,False
7c6c99,Australia,4.63,True
408262,United Kingdom,243.15,False
a4ac26,United States,135.84,False
408260,United Kingdom,226.07,False
ad2a42,United States,45.1,False
aba1c9,United States,250.93,False
a1fc9e,United States,91.2,False
4a2aac,Romania,201.07,False
aaca75,United States,245.95,False
a69c01,United States,180.24,False
c02eb9,Canada,248.15,False
a5cc19,United States,292.68,False
a5cc15,United States,1.29,True
a270db,United States,65.96,False
a5cc13,United States,214.96,False
7c10ad,Australia,65.07,False
a5cc11,United States,272.07,False
40823f,United Kingdom,243.77,False
a3f3c9,United States,66.6,False
3c6570,Germany,208.38,False
40823c,United Kingdom,190.98,False
ac71e7,United States,0.0,True
acc23f,United States,222.03,False
782079,China,280.06,False
abb595,United States,190.93,False
a1b519,United States,243.79,False
a82c88,United States,57.99,False
a03235,United States,227.79,False
a3f500,United States,214.72,False
e491b1,Brazil,109.25,False
aa7a83,United States,231.47,False
0a001b,Algeria,65.33,False
ade252,United States,5.66,True
abb59f,United States,106.93,False
a94c4e,United States,193.5,False
aba281,United States,4.63,True
a2e806,United States,177.72,False
0a0048,Algeria,259.0,False
aa31ed,United States,140.41,False
a7b0d7,United States,49.65,False
7c249b,Australia,36.21,False
4080f6,United Kingdom,210.75,False
ad928b,United States,221.75,False
ad928e,United States,225.75,False
a70c67,United States,263.4,False
a69c5b,United States,72.03,False
a5cc4c,United States,229.67,False
a2c209,United States,58.92,False
c083aa,Canada,209.43,False
a29884,United States,39.1,False
a1a218,United States,184.47,False
a6ff74,United States,209.2,False
a6ff72,United States,279.93,False
abfd00,United States,226.41,False
c82315,New Zealand,99.35,False
a880b0,United States,244.69,False
7c7f27,Australia,43.9,False
846a16,Japan,113.07,False
7c7f32,Australia,46.4,False
ab77d5,United States,217.39,False
8687bc,Japan,83.97,False
abc7a3,United States,135.68,False
a1c857,United States,43.8,False
7c7f0e,Australia,97.59,False
e491ef,Brazil,244.0,False
a6ec65,United States,83.47,False
a64213,United States,66.95,False
c82336,New Zealand,145.2,False
758487,Philippines,271.43,False
a5354e,United States,35.43,False
ac9850,United States,230.99,False
a78865,United States,72.54,False
c82349,New Zealand,146.67,False
a2d573,United States,217.08,False
a6b840,United States,191.51,False
abb524,United States,59.86,False
a45bd7,United States,178.63,False
a69bc3,United States,175.42,False
aa4535,United States,41.18,False
abb537,United States,263.95,False
a21bea,United States,115.84,False
aaa86c,United States,135.1,False
abb534,United States,186.37,False
a2c224,United States,241.69,False
ad0851,United States,213.93,False
a65576,United States,36.01,True
c01c28,Canada,15.95,True
a1c88f,United States,187.43,False
a1b573,United States,233.35,False
a70bc9,United States,234.55,False
a0a7a0,United States,0.0,True
0d0a77,Mexico,204.9,False
a057c7,United States,230.08,False
c07195,Canada,60.8,False
3c64c8,Germany,270.13,False
769105,Singapore,225.85,False
769104,Singapore,279.36,False
a880ff,United States,297.29,False
a2c27e,United States,69.64,False
a54852,United States,57.42,False
758439,Philippines,160.49,False
a39289,United States,291.8,False
7c6af1,Australia,118.43,False
0a0021,Algeria,238.86,False
e491a1,Brazil,180.29,False
758453,Philippines,153.53,False
a7b0f5,United States,27.78,True
ac8577,United States,255.17,False
a057cc,United States,212.76,False
a6682f,United States,44.92,False
abfbd0,United States,257.71,False
c8236e,New Zealand,212.38,False
abb54f,United States,221.22,False
4080bf,United Kingdom,277.24,False
7c6ae1,Australia,131.61,False
a057a6,United States,225.37,False
a6b833,United States,140.05,False
3c64f0,Germany,297.7,False
a1a27d,United States,139.56,False
78216a,China,207.98,False
ac7256,United States,202.98,False
3c64f6,Germany,208.86,False
4080bb,United Kingdom,148.46,False
4080c7,United Kingdom,66.06,False
abb57a,United States,196.67,False
782189,China,141.59,False
c81073,New Zealand,62.38,False
a64208,United States,85.4,False
4a08ec,Romania,194.46,False
0d84ce,Venezuela,76.71,False
aa328f,United States,220.2,False
e49246,Brazil,195.8,False
e49247,Brazil,119.83,False
a94bff,United States,217.72,False
e4924a,Brazil,189.6,False
a6428e,United States,51.57,False
aba0cb,United States,33.55,False
408184,United Kingdom,223.07,False
a297ae,United States,45.1,False
408181,United Kingdom,8.23,True
e49221,Brazil,257.47,False
c0716c,Canada,53.19,False
a1fd03,United States,6.94,True
861ede,Japan,96.29,False
aaa816,United States,54.65,False
40815b,United Kingdom,207.38,False
ae13f4,United States,116.32,False
40815c,United Kingdom,21.09,True
a0dd0f,United States,61.66,False
a8d206,United States,0.0,True
a9aebc,United States,214.45,False
a1a1b6,United States,245.37,False
a164ed,United States,3.6,True
a71efa,United States,4.63,True
0d0a02,Mexico,73.34,False
a1b4bb,United States,57.88,False
a1ea0d,United States,56.82,False
a83ef5,United States,224.24,False
0d0a08,Mexico,92.47,False
e49295,Brazil,135.26,False
aa589c,United States,264.62,False
a271b0,United States,264.18,False
ab6511,United States,59.66,False
0d0a19,Mexico,136.99,False
7103d6,Saudi Arabia,280.48,False
abc80c,United States,211.12,False
a7c567,United States,78.47,False
a20a11,United States,57.62,False
a284b5,United States,214.07,False
0d0a21,Mexico,66.57,False
a0ca2d,United States,60.92,False
aa321e,United States,48.75,False
ab0ed6,United States,258.85,False
ac9840,United States,61.22,False
7103bb,Saudi Arabia,252.58,False
a46c1a,United States,88.64,False
ab87c8,United States,242.72,False
a59f53,United States,205.68,False
a22c59,United States,54.45,False
ad17a5,United States,45.3,False
0d0e40,Mexico,229.18,False
aaed17,United States,255.3,False
0d0e46,Mexico,215.88,False
acd296,United States,10.8,True
a58c29,United States,222.53,False
7820b9,China,238.04,False
a34c2f,United States,224.55,False
4843f3,Kingdom of the Netherlands,240.75,False
a303a9,United States,47.51,False
a173d2,United States,238.21,False
a5a6c1,United States,175.73,False
a58c2e,United States,250.27,False
a689f6,United States,51.31,False
ad17c5,United States,50.95,False
a2f6b3,United States,170.03,False
a449cb,United States,208.9,False
aaa4b3,United States,249.12,False
7583f8,Philippines,139.32,False
7c6d59,Australia,0.06,True
c080dc,Canada,208.6,False
a8e132,United States,3.34,True
7c3905,Australia,185.42,False
a6b48f,United States,159.5,False
a410b3,United States,240.14,False
c820b6,New Zealand,169.26,False
a303ff,United States,50.92,False
c820b2,New Zealand,44.99,False
a2d0b9,United States,45.76,False
7c6d9f,Australia,239.4,False
7c6d9c,Australia,212.19,False
a59f15,United States,87.33,False
a4cf16,United States,53.11,False
7820f4,China,173.94,False
0d0e05,Mexico,220.85,False
c820c8,New Zealand,42.33,False
ab0d76,United States,180.79,False
86d96c,Japan,230.95,False
a423d7,United States,250.71,False
aaed4f,United States,2.06,True
aaed5a,United States,208.86,False
0d0e11,Mexico,239.27,False
a4cf26,United States,291.33,False
abc4be,United States,161.09,False
7c6d8f,Australia,211.99,False
a23f9b,United States,126.7,False
aaa4dc,United States,281.19,False
7820fb,China,214.33,False
7820fa,China,164.4,False
a303d8,United States,52.5,False
7c6d7b,Australia,215.45,False
7583ab,Philippines,135.83,False
7c6d7f,Australia,242.2,False
7c6d7e,Australia,268.56,False
0d0e29,Mexico,213.39,False
ac1a2c,United States,232.17,False
abc4d8,United States,182.53,False
a96f71,United States,38.94,False
a1d811,United States,189.76,False
ae6bb4,United States,131.64,False
a0b81d,United States,240.31,False
a0b823,United States,263.12,False
a650c7,United States,211.05,False
a0b820,United States,200.53,False
a9bf60,United States,275.74,False
aaa590,United States,7.72,True
a806ea,United States,268.35,False
abb245,United States,219.67,False
a09ba1,United States,30.88,False
a6a0a7,United States,248.54,False
c080a5,Canada,213.62,False
aaa58b,United States,267.85,False
a783e3,United States,45.56,False
c080a2,Canada,206.02,False
a8f3c5,United States,176.35,False
ac2bfd,United States,160.91,False
ae1232,United States,213.07,False
a0b802,United States,240.93,False
a0b801,United States,234.4,False
846b6c,Japan,261.11,False
c080d9,Canada,215.71,False
a0b803,United States,0.0,True
adaef6,United States,121.43,False
0c4355,Dominican Republic,0.77,True
c080ae,Canada,212.99,False
a95c38,United States,295.46,False
c080aa,Canada,179.77,False
7c6d39,Australia,3.6,True
a1c521,United States,76.67,False
ab628c,United States,219.47,False
7c6d2b,Australia,213.74,False
a0b867,United States,7.72,True
a84f41,United States,5.14,True
a0b86c,United States,238.83,False
0d0cdd,Mexico,233.69,False
a0b86a,United States,209.08,False
a10bbc,United States,129.01,False
7c6d30,Australia,239.82,False
a0ebab,United States,280.24,False
e490ed,Brazil,130.5,False
0d0cf8,Mexico,121.74,False
7c6d37,Australia,204.33,False
7c6d36,Australia,177.97,False
aa8a26,United States,218.25,False
7c6d33,Australia,216.77,False
7c6d32,Australia,73.17,False
a4bc76,United States,239.34,False
aa9d3c,United States,253.24,False
84bb13,Japan,155.01,False
495150,Portugal,70.48,False
a0b846,United States,236.9,False
a0b845,United States,224.15,False
a0b844,United States,0.0,True
a0b841,United States,219.9,False
a0b840,United States,237.2,False
ac828f,United States,68.76,False
7c6d24,Australia,154.3,False
495148,Portugal,165.16,False
a0b849,United States,241.13,False
a60f9b,United States,216.76,False
0d0cfd,Mexico,66.22,False
a7f9f4,United States,222.72,False
a05559,United States,9.77,True
4246b3,United Kingdom,241.01,False
ae10ec,United States,106.98,False
a35efa,United States,249.4,False
a78500,United States,90.24,False
a7e804,United States,42.46,False
7c3890,Australia,26.92,False
c03f02,Canada,263.5,False
0d0cb0,Mexico,168.09,False
ac3ea3,United States,195.32,False
a890fe,United States,0.0,True
7c6bc2,Australia,222.59,False
a1b212,United States,53.03,False
a0a54a,United States,241.81,False
a29551,United States,202.13,False
7c3880,Australia,59.66,False
485788,Kingdom of the Netherlands,259.45,False
a5320b,United States,235.3,False
abc504,United States,7.72,True
a0b889,United States,239.61,False
a59ef7,United States,233.18,False
a0b88c,United States,0.51,False
7c6bb9,Australia,259.02,False
484444,Kingdom of the Netherlands,269.45,False
7c7ee1,Australia,118.78,False
ae10ff,United States,116.97,False
0d0cd0,Mexico,121.94,False
75857d,Philippines,0.0,True
a0b88b,United States,220.31,False
a95c89,United States,194.68,False
ac2ba0,United States,235.79,False
a2e57e,United States,74.26,False
acf846,United States,225.35,False
ab6229,United States,70.81,False
78227c,China,0.51,True
a28276,United States,45.41,False
abb205,United States,205.96,False
3991e2,France,100.57,False
ad1857,United States,220.18,False
ac2bb9,United States,139.02,False
ad185a,United States,187.37,False
a60ea3,United States,104.91,False
a2e571,United States,204.5,False
ac8217,United States,253.85,False
ac2bc6,United States,250.83,False
a16273,United States,275.95,False
c0817c,Canada,278.12,False
758539,Philippines,70.7,False
aa40f5,United States,49.01,False
4246a2,United Kingdom,272.3,False
ab6247,United States,66.22,False
4246a3,United Kingdom,65.75,False
a60eb5,United States,53.54,False
75853a,Philippines,214.28,False
a96f9e,United States,85.69,False
abd86d,United States,66.69,False
ac954d,United States,229.85,False
0d0d92,Mexico,4.89,True
a067d6,United States,33.82,False
a89234,United States,263.1,False
abd6ed,United States,272.69,False
a0b7b8,United States,3.6,True
a0b7b7,United States,232.69,False
7584a8,Philippines,226.94,False
a8e20f,United States,239.69,False
abc3c6,United States,264.76,False
ab0c7e,United States,45.59,False
ac2c79,United States,132.79,False
3c6518,Germany,287.18,False
ac3f9c,United States,235.8,False
a187ba,United States,3.09,True
a7d571,United States,57.51,False
7c6c9a,Australia,175.51,False
151db6,Russian Federation,259.41,False
a9021c,United States,151.34,False
abc3ec,United States,189.65,False
151dac,Russian Federation,220.47,False
842388,Japan,137.98,False
a09d22,United States,218.04,False
a1fa00,United States,33.7,False
aaec9c,United States,209.99,False
a65220,United States,5.66,True
aa4230,United States,238.13,False
a174c8,United States,87.07,False
a5a878,United States,276.79,False
a0b7de,United States,4.12,True
7c6ba9,Australia,74.12,False
a72ef7,United States,244.69,False
a7851c,United States,233.13,False
a4bbde,United States,246.89,False
7c250b,Australia,71.26,False
a0b7fa,United States,217.64,False
86d906,Japan,222.48,False
a96ed7,United States,250.92,False
acd0c2,United States,225.55,False
a317ba,United States,233.48,False
a6a226,United States,0.06,True
a66576,United States,200.7,False
a067ec,United States,196.87,False
a0b7d9,United States,4.12,True
0d0d83,Mexico,207.12,False
a5325b,United States,275.62,False
a6fbb5,United States,27.85,False
aa4200,United States,134.14,False
acd0ca,United States,208.53,False
4a91f8,Sweden,240.97,False
a96eb3,United States,52.88,False
86d90e,Japan,276.11,False
a2d1a7,United States,58.41,False
a797b4,United States,202.46,False
ac2e20,United States,218.15,False
ad18b0,United States,298.63,False
408000,United Kingdom,105.13,False
4951d1,Portugal,253.9,False
a8e29c,United States,71.0,False
7c12cd,Australia,64.94,False
0d0d27,Mexico,183.97,False
a437da,United States,289.95,False
a437cf,United States,235.35,False
aaee3b,United States,240.48,False
7821cf,China,253.8,False
3a3688,France,73.54,False
a174f7,United States,152.26,False
a8e279,United States,242.93,False
a10d82,United States,197.56,False
a34d52,United States,85.77,False
a5dd1c,United States,7.46,True
a46d26,United States,216.48,False
440ca9,Austria,214.61,False
abc5b7,United States,166.28,False
ab62ad,United States,224.3,False
a11fa3,United States,214.76,False
a0692d,United States,43.59,False
ab62d3,United States,208.47,False
a8e262,United States,271.7,False
a2e4fb,United States,45.39,False
408033,United Kingdom,246.35,False
408034,United Kingdom,206.3,False
a05614,United States,155.79,False
a08a8f,United States,212.75,False
a46d70,United States,193.97,False
a2d1bc,United States,218.93,False
a33a55,United States,180.49,False
aaa5ff,United States,106.48,False
aa439e,United States,228.78,False
a4bd24,United States,111.64,False
ab62f8,United States,233.29,False
408011,United Kingdom,140.41,False
a46d4f,United States,208.37,False
ace5bd,United States,241.87,False
ace5bb,United States,105.87,False
aa305f,United States,237.37,False
4844b2,Kingdom of the Netherlands,255.82,False
ab503a,United States,213.0,False
ab6380,United States,303.5,False
a82a44,United States,112.41,False
a09cad,United States,271.75,False
a0563b,United States,292.8,False
ab5056,United States,124.5,False
a5ca4b,United States,144.79,False
a11fe7,United States,263.41,False
0d0bff,Mexico,194.17,False
c01a52,Canada,182.2,False
440d70,Austria,218.65,False
ab6394,United States,14.92,True
ad4cf2,United States,267.69,False
a4aa94,United States,49.65,False
a70a86,United States,20.83,False
c01a6a,Canada,118.46,False
a5ca89,United States,210.17,False
a70a89,United States,61.95,False
75860f,Philippines,174.08,False
7c0097,Australia,53.84,False
a05629,United States,287.69,False
a05626,United States,238.21,False
acc02b,United States,0.0,True
ace68b,United States,116.0,False
a95d52,United States,34.47,True
a9ad36,United States,220.42,False
a11fc6,United States,172.32,False
a11fc7,United States,294.11,False
a7d4f4,United States,45.25,False
151e38,Russian Federation,243.46,False
a70a20,United States,37.09,False
aa9e6d,United States,200.26,False
49526d,Portugal,154.31,False
aa8b40,United States,169.98,False
495276,Portugal,7.73,False
ae268b,United States,39.1,False
a5ca47,United States,27.85,False
a1896d,United States,50.93,False
a771af,United States,213.5,False
a6a1b4,United States,200.24,False
a35fc2,United States,277.98,False
a6b4e1,United States,56.83,False
aa9e4a,United States,223.36,False
a784d5,United States,206.32,False
a23fe5,United States,236.82,False
a0a644,United States,102.36,False
426a62,United Kingdom,186.85,False
a0566a,United States,263.81,False
a83d45,United States,80.61,False
a39017,United States,222.24,False
a2d342,United States,98.77,False
7105b2,Saudi Arabia,272.93,False
aaffaa,United States,244.4,False
7105b1,Saudi Arabia,229.34,False
ad1927,United States,199.01,False
4007ed,United Kingdom,262.94,False
4007ec,United Kingdom,231.96,False
a6b60a,United States,277.59,False
151d88,Russian Federation,237.31,False
aa9ca8,United States,201.78,False
4007f5,United Kingdom,227.46,False
a29680,United States,176.79,False
a1c66a,United States,226.2,False
4247e0,United Kingdom,188.17,False
a15027,United States,218.75,False
a6a303,United States,63.92,False
aaffcd,United States,95.34,False
4baac5,Turkey,140.19,False
a2e646,United States,102.89,False
a0a675,United States,43.78,False
0d0ba1,Mexico,187.57,False
7c000c,Australia,0.06,True
4baacd,Turkey,200.87,False
7c6cd9,Australia,50.94,False
495217,Portugal,250.87,False
ac2cb2,United States,299.12,False
aaffed,United States,209.17,False
48455f,Kingdom of the Netherlands,309.77,False
ab6339,United States,238.63,False
7c0070,Australia,72.09,False
758685,Philippines,4.89,True
7c0077,Australia,52.46,False
abd971,United States,5.92,True
a8e1cc,United States,1.29,True
484560,Kingdom of the Netherlands,255.33,False
a15089,United States,42.95,False
ad5ff1,United States,248.11,False
abc651,United States,268.25,False
a60fb6,United States,0.0,True
abb325,United States,278.54,False
ab766a,United States,211.71,False
aa6914,United States,0.0,True
a42691,United States,39.63,False
a40027,United States,9.77,True
151d4a,Russian Federation,253.29,False
a4000f,United States,198.08,False
a2d359,United States,68.24,False
a42680,United States,192.23,False
ac2ce9,United States,227.44,False
a03093,United States,183.08,False
ab635d,United States,212.7,False
a40014,United States,11.73,False
ad5fea,United States,153.8,False
a46ce1,United States,207.06,False
aa8a83,United States,197.58,False
aaa68a,United States,229.21,False
abb1c2,United States,135.74,False
7c3945,Australia,253.26,False
a7869b,United States,195.1,False
4ca9aa,Ireland,185.13,False
a8e32b,United States,106.34,False
7585cd,Philippines,244.71,False
a3e07a,United States,144.56,False
ac81cc,United States,245.73,False
a2c087,United States,188.4,False
a6b680,United States,29.49,False
a6a354,United States,188.68,False
aa569c,United States,32.54,False
7c390c,Australia,187.25,False
7c390b,Australia,196.6,False
a8f646,United States,206.9,False
0a00cd,Algeria,260.0,False
7585a1,Philippines,241.69,False
a9034c,United States,2.06,True
a76066,United States,224.61,False
aa568f,United States,243.71,False
ac1a72,United States,192.02,False
a10e29,United States,204.71,False
abb1de,United States,90.28,False
a10e23,United States,252.63,False
aa5694,United States,135.19,False
782307,China,124.24,False
a09e47,United States,217.64,False
7c3917,Australia,196.95,False
aa9cde,United States,137.53,False
a1fb1a,United States,73.05,False
a0b8fb,United States,190.48,False
acd1f6,United States,0.9,True
ac1a95,United States,265.26,False
a318ea,United States,190.67,False
acd1d8,United States,44.29,False
a9bfc9,United States,212.68,False
a83cb0,United States,70.81,False
a042db,United States,215.22,False
a5468e,United States,233.36,False
a34e36,United States,32.96,False
a5dcde,United States,1.03,True
a71cbd,United States,35.68,False
a438c3,United States,180.47,False
aab922,United States,199.65,False
a6a347,United States,288.77,False
a91616,United States,225.76,False
aab91b,United States,66.79,False
781003,China,254.99,False
a6a33f,United States,218.75,False
a042ae,United States,11.32,True
a4008e,United States,221.51,False
ad3a7f,United States,211.89,False
a175ba,United States,53.29,False
7c260d,Australia,56.45,False
abd90c,United States,234.88,False
abda0e,United States,61.84,False
a5cf82,United States,196.87,False
a260ed,United States,201.95,False
a69f88,United States,274.39,False
4841c3,Kingdom of the Netherlands,6.43,True
ab54ed,United States,49.48,False
7c5c99,Australia,87.1,False
abb7f7,United States,147.26,False
a6dc42,United States,219.23,False
7822dc,China,208.2,False
4854ca,Kingdom of the Netherlands,0.0,True
440a8c,Austria,237.43,False
a6a6e6,United States,41.16,False
a883bd,United States,0.0,True
400610,United Kingdom,280.63,False
c00bec,Canada,3.09,True
aa21b1,United States,51.4,False
4bab48,Turkey,126.17,False
ae04ad,United States,124.53,False
a2c3cf,United States,48.46,False
84bd16,Japan,262.71,False
4ca8fa,Ireland,261.97,False
ab9d9e,United States,298.65,False
c82810,New Zealand,133.88,False
400685,United Kingdom,5.4,True
a5cf41,United States,139.94,False
a07bb3,United States,243.24,False
aaba81,United States,163.09,False
c01ec5,Canada,213.46,False
ae04f4,United States,138.72,False
c01ec6,Canada,165.0,False
a536f7,United States,56.9,False
c08833,Canada,140.14,False
ab6909,United States,253.6,False
a9e191,United States,51.03,False
a523c4,United States,60.05,False
acc4df,United States,39.79,False
a5cf3f,United States,235.79,False
a5cf3c,United States,71.55,False
a6a6ba,United States,65.14,False
c82836,New Zealand,127.73,False
a1b811,United States,128.92,False
c08863,Canada,65.85,False
c08861,Canada,239.57,False
acb1e5,United States,191.9,False
a5cf63,United States,55.16,False
7585e9,Philippines,43.68,False
c0885e,Canada,254.92,False
c01ee6,Canada,195.39,False
c08852,Canada,127.87,False
a15516,United States,175.52,False
c08853,Canada,254.0,False
7585ed,Philippines,130.43,False
7cac6f,Australia,58.57,False
7585ea,Philippines,214.49,False
c0751c,Canada,177.62,False
a9e167,United States,248.08,False
a28812,United States,234.67,False
a789ea,United States,184.74,False
acc4ff,United States,104.43,False
a02209,United States,80.39,False
c00ba7,Canada,70.01,False
c08859,Canada,215.35,False
acb285,United States,190.91,False
7c39f1,Australia,159.8,False
a1ebc4,United States,45.72,False
a7fc8a,United States,49.48,False
758774,Philippines,236.38,False
c81530,New Zealand,34.99,False
aa8fa7,United States,50.66,False
c8284a,New Zealand,155.05,False
a33ed6,United States,259.2,False
a2886c,United States,255.74,False
c82870,New Zealand,95.07,False
c82871,New Zealand,132.21,False
a21ed4,United States,202.69,False
a6582c,United States,58.76,False
ac0d14,United States,57.21,False
a64529,United States,71.94,False
a03574,United States,212.0,False
a69ec7,United States,38.24,False
aacd0a,United States,48.55,False
a33eb5,United States,200.65,False
a3d220,United States,39.79,False
a33eb1,United States,68.54,False
a32bf3,United States,184.81,False
e49849,Brazil,249.09,False
e48519,Brazil,234.15,False
c060bc,Canada,218.23,False
c060ba,Canada,154.89,False
aa4903,United States,133.5,False
a2c54e,United States,57.14,False
a81c5b,United States,45.8,False
c80243,New Zealand,43.48,False
a1427f,United States,244.2,False
c060c9,Canada,68.84,False
4baac4,Turkey,234.4,False
aa21ef,United States,6.43,True
a906f3,United States,167.63,False
c060c2,Canada,260.42,False
7c39fc,Australia,175.97,False
a32bba,United States,143.0,False
aa6a76,United States,143.69,False
a1feea,United States,108.75,False
846d80,Japan,200.87,False
7c39f6,Australia,186.54,False
70c126,Oman,215.85,False
70c11e,Oman,208.86,False
a8e6f2,United States,173.01,False
758703,Philippines,140.97,False
a9f502,United States,304.04,False
ac6213,United States,38.12,False
ac0bc4,United States,249.6,False
78114a,China,284.19,False
7c1476,Australia,0.26,True
a76552,United States,176.73,False
7c146f,Australia,225.17,False
abfefd,United States,226.33,False
ac0bde,United States,208.12,False
a7fbbb,United States,6.94,True
a3825e,United States,201.16,False
78115f,China,154.71,False
7c1468,Australia,236.65,False
ab5592,United States,39.41,False
a81bcc,United States,211.02,False
781172,China,222.7,False
a4189f,United States,8.23,True
4ca973,Ireland,66.21,False
aa8ef0,United States,222.73,False
a2c56d,United States,112.6,False
ac7581,United States,10.29,True
ab425e,United States,67.7,False
4ca97b,Ireland,228.95,False
ad953c,United States,5.14,True
7c6dea,Australia,265.06,False
abebe0,United States,251.15,False
a8986c,United States,206.33,False
770453,Sri Lanka,235.83,False
7c6ded,Australia,178.29,False
ac0bfb,United States,185.51,False
a7650b,United States,257.07,False
a167cb,United States,82.72,False
acd88e,United States,233.89,False
ac6266,United States,221.29,False
aa7ba7,United States,234.76,False
a154ae,United States,61.64,False
a034d4,United States,94.12,False
c01f28,Canada,166.83,False
ad9569,United States,35.0,False
ade543,United States,201.46,False
a3e55b,United States,19.12,False
c827a3,New Zealand,200.43,False
48683f,Kingdom of the Netherlands,254.93,False
a90802,United States,47.49,False
c01f1e,Canada,5.92,True
c086bf,Canada,226.36,False
c827ab,New Zealand,54.03,False
a0cd00,United States,64.75,False
ac6289,United States,207.31,False
75876b,Philippines,224.42,False
a06a09,United States,204.3,False
758792,Philippines,227.48,False
a3e57f,United States,114.75,False
a6587b,United States,171.55,False
a06a12,United States,116.05,False
a2b27b,United States,87.04,False
c827ce,New Zealand,56.1,False
c06189,Canada,241.34,False
a20d4b,United States,46.54,False
880857,Thailand,207.75,False
a417d6,United States,83.75,False
880859,Thailand,198.39,False
846bfa,Japan,222.95,False
c06173,Canada,245.53,False
c06175,Canada,217.43,False
880845,Thailand,231.58,False
a657b9,United States,126.06,False
880842,Thailand,115.95,False
a657b4,United States,66.08,False
a06a2d,United States,39.43,False
a777b8,United States,215.81,False
70c0ee,Oman,256.94,False
a657bf,United States,4.37,True
a287da,United States,145.53,False
a9e22e,United States,195.65,False
c827f0,New Zealand,0.0,True
7609f1,Pakistan,262.51,False
c06196,Canada,0.39,True
c06193,Canada,251.03,False
88085a,Thailand,212.88,False
76d107,Singapore,237.36,False
76d109,Singapore,238.17,False
7586d0,Philippines,224.54,False
a18a1c,United States,229.59,False
ab6851,United States,297.41,False
a06a54,United States,295.19,False
a537ed,United States,0.0,True
7c6de0,Australia,206.75,False
c00af1,Canada,67.16,False
781101,China,214.65,False
781100,China,262.66,False
7c6de7,Australia,252.63,False
7c0113,Australia,59.92,False
7c6de6,Australia,266.13,False
a31a54,United States,240.88,False
a8856d,United States,217.61,False
c814e0,New Zealand,72.3,False
7c6dde,Australia,155.24,False
a417fe,United States,187.18,False
ac1eba,United States,157.43,False
ab6866,United States,39.01,False
7c6dd8,Australia,246.56,False
7c6dd7,Australia,255.77,False
a6dbf3,United States,208.02,False
4bab2a,Turkey,245.92,False
846bd8,Japan,83.91,False
a0ba4e,United States,262.66,False
a6329d,United States,95.03,False
a44d3f,United States,210.51,False
ab686f,United States,235.58,False
7c6dbb,Australia,190.64,False
7c6dba,Australia,231.3,False
a537b2,United States,236.96,False
84bbbd,Japan,212.36,False
84ceef,Japan,90.67,False
7c6db5,Australia,0.0,True
a06a7e,United States,109.14,False
7c6db3,Australia,72.02,True
7c6db2,Australia,220.32,False
aa3591,United States,150.33,False
7c6db9,Australia,213.9,False
7c6db8,Australia,61.49,False
acd838,United States,176.81,False
aa7e9a,United States,116.69,False
7810bc,China,209.2,False
a68d6f,United States,180.49,False
ac62bb,United States,51.3,False
a28928,United States,254.15,False
a67a47,United States,48.33,False
a1b90d,United States,129.47,False
a2fa6a,United States,210.68,False
a511f6,United States,254.66,False
a8d4ad,United States,101.39,False
888053,Viet Nam,137.51,False
ac62cc,United States,212.95,False
a2fa71,United States,111.82,False
a884b6,United States,207.15,False
a31a96,United States,291.03,False
758806,Philippines,3.34,True
a5aa3a,United States,199.27,False
a4f1e5,United States,193.59,False
add2b0,United States,0.0,True
aa7e7d,United States,264.82,False
aa7e7c,United States,218.61,False
aa7e7b,United States,238.39,False
a44d85,United States,106.31,False
a7c7fb,United States,0.0,True
7c01e2,Australia,131.66,False
acc5e7,United States,33.26,False
7cad4a,Australia,1.03,True
a5aa78,United States,85.84,False
a08fb3,United States,55.03,False
c0501e,Canada,208.73,False
7c4a53,Australia,239.0,False
ac62f3,United States,199.81,False
a44d74,United States,79.14,False
a7fd3f,United States,32.41,False
7c4a56,Australia,118.22,False
7c4a57,Australia,209.69,False
7c4a54,Australia,271.5,False
a657db,United States,88.47,False
4baa84,Turkey,203.33,False
4baa85,Turkey,98.67,False
a0232a,United States,179.47,False
70c0fd,Oman,264.62,False
aa6b1d,United States,216.04,False
a524e1,United States,4.12,True
3a348e,France,264.69,False
a1b948,United States,77.34,False
70c0fb,Oman,242.28,False
a657f4,United States,207.12,False
acc5fb,United States,77.12,False
aa7e56,United States,192.08,False
a19cc7,United States,267.54,False
7586fc,Philippines,188.52,False
a68d4d,United States,48.79,False
400775,United Kingdom,304.43,False
400774,United Kingdom,283.29,False
4868e2,Kingdom of the Netherlands,2.31,True
c00cd6,Canada,210.19,False
4baa76,Turkey,217.7,False
3c7426,Germany,250.12,False
400773,United Kingdom,303.62,False
400772,United Kingdom,307.39,False
400771,United Kingdom,4.37,True
c00caa,Canada,132.01,False
4baa6c,Turkey,219.16,False
a6dd39,United States,42.58,False
a5aa1c,United States,170.91,False
abdb9a,United States,41.39,False
a4afbe,United States,108.15,False
a5cfa5,United States,218.74,False
a7ea7e,United States,238.37,False
a0103b,United States,217.3,False
7c4a00,Australia,55.93,False
add376,United States,210.41,False
c82744,New Zealand,244.5,False
ab68d0,United States,138.13,False
a1435d,United States,200.65,False
a53975,United States,211.66,False
a2c635,United States,290.6,False
a80a97,United States,1.29,True
a39630,United States,234.43,False
a3e658,United States,242.42,False
a02350,United States,204.9,False
a1fff2,United States,0.0,True
845b9c,Japan,244.44,False
a93d9f,United States,262.27,False
a6594f,United States,222.72,False
a1433a,United States,223.72,False
c8274f,New Zealand,251.29,False
a01037,United States,226.15,False
86eb2e,Japan,242.24,False
c81444,New Zealand,51.97,False
a37032,United States,212.28,False
c00d9d,Canada,66.97,False
7cad47,Australia,256.82,False
7cad46,Australia,189.95,False
7cad49,Australia,0.0,True
46f06a,Greece,5.66,True
a871d4,United States,233.81,False
7cad43,Australia,227.56,False
7cad42,Australia,0.0,True
7cad41,Australia,0.0,True
a3f91e,United States,218.16,False
a8d4f3,United States,95.33,False
a7b4ea,United States,85.97,False
a8d4f6,United States,250.43,False
7c01c0,Australia,51.67,False
a8d4ef,United States,219.48,False
a1a697,United States,243.36,False
a1ecff,United States,98.61,False
a7ea48,United States,131.97,False
7c5d4c,Australia,3.6,True
a8d4ee,United States,85.25,False
aa6b9f,United States,277.51,False
888090,Viet Nam,225.95,False
a52602,United States,245.41,False
7c01b3,Australia,221.63,False
a44cca,United States,1.8,True
c8276c,New Zealand,4.63,True
3a46ae,France,123.32,False
ac62a9,United States,222.55,False
7cad26,Australia,2.3,False
c061fd,Canada,234.26,False
abb8ea,United States,211.65,False
a6ca7f,United States,209.96,False
3a46b7,France,71.36,False
c8277f,New Zealand,78.76,False
a4afa0,United States,42.4,False
a8d4d2,United States,239.32,False
a38348,United States,252.83,False
a9f4c6,United States,172.47,False
ab8b56,United States,246.88,False
3a46b1,France,83.33,False
484369,Kingdom of the Netherlands,296.32,False
aabb53,United States,133.85,False
484370,Kingdom of the Netherlands,263.73,False
a14380,United States,272.25,False
88809e,Viet Nam,220.81,False
c074cb,Canada,272.92,False
e495d0,Brazil,200.65,False
ab434c,United States,41.48,False
7c0274,Australia,49.05,False
4258c0,United Kingdom,12.86,True
ad9645,United States,272.68,False
4ca892,Ireland,210.86,False
a8c329,United States,233.44,False
aa234a,United States,117.81,False
770591,Sri Lanka,242.56,False
7c0251,Australia,58.17,False
46f015,Greece,13.89,True
acd99a,United States,263.25,False
ab4383,United States,81.81,False
4ca855,Ireland,9.77,True
ac5041,United States,214.58,False
a40694,United States,0.0,True
a288e4,United States,248.09,False
aca01a,United States,93.17,False
ac769b,United States,70.03,False
a68caa,United States,190.68,False
a1a5b7,United States,69.21,False
a2a09e,United States,96.6,False
a022c4,United States,246.19,False
a022c6,United States,0.0,True
a19e61,United States,177.59,False
a20e3e,United States,69.13,False
a275a8,United States,50.06,False
aa3646,United States,161.98,False
aa2311,United States,7.72,True
a18b1d,United States,148.16,False
a51358,United States,0.0,True
867904,Japan,81.39,False
aa7cb4,United States,132.22,False
e84071,Ecuador,235.12,False
ac638d,United States,274.39,False
e495de,Brazil,73.98,False
a76651,United States,50.44,False
4005bd,United Kingdom,147.19,False
4005ba,United Kingdom,223.02,False
ab5606,United States,59.89,False
aa7e20,United States,53.78,False
0d09ec,Mexico,152.78,False
a262d4,United States,72.97,False
a1a5cf,United States,137.32,False
aa7e16,United States,291.81,False
a18b71,United States,134.88,False
a9e391,United States,187.71,False
ad81fc,United States,33.75,False
a658d8,United States,47.38,False
a022d5,United States,18.01,True
a898aa,United States,67.7,False
a1b8ee,United States,286.25,False
ac892e,United States,229.18,False
a1db21,United States,0.0,True
abb930,United States,200.84,False
a44e1c,United States,251.99,False
a288ff,United States,13.89,True
ac8932,United States,150.72,False
a898b8,United States,66.08,False
a44e24,United States,265.59,False
a2c5a3,United States,265.71,False
ac893a,United States,107.52,False
ac760d,United States,199.86,False
a67b11,United States,84.88,False
c813b2,New Zealand,56.92,False
a645c7,United States,127.11,False
ad9611,United States,51.53,False
781225,China,251.45,False
a405fb,United States,71.55,False
a2b2da,United States,160.05,False
4a4d79,Romania,225.54,False
a3f8b8,United States,129.46,False
a9802b,United States,268.03,False
7587ca,Philippines,155.97,False
a9f677,United States,48.44,False
ac0cb1,United States,223.01,False
a8e996,United States,25.51,False
ac763e,United States,196.69,False
a7406e,United States,51.74,False
76d250,Singapore,118.3,False
abb972,United States,239.71,False
a32e86,United States,231.41,False
a62092,United States,37.51,False
ac0cc9,United States,2.83,True
4bbd15,Turkey,44.24,True
a56e0d,United States,234.14,False
a395dd,United States,84.9,False
a8c348,United States,39.78,False
ad3fde,United States,211.93,False
a9f64b,United States,154.79,False
7587b5,Philippines,131.75,False
86796c,Japan,252.95,False
ac8985,United States,223.45,False
a44e59,United States,280.77,False
a2fb32,United States,2.57,True
c02ff1,Canada,103.6,False
a1ea70,United States,202.65,False
c01cae,Canada,6.17,True
a414ea,United States,45.24,False
c0730e,Canada,255.21,False
a2c1bd,United States,229.2,False
a3f4ea,United States,191.87,False
ac72a4,United States,72.24,False
5084a6,Ukraine,257.43,False
a3f4ee,United States,7.73,False
a654cb,United States,189.9,False
aa45e7,United States,295.91,False
888177,Viet Nam,229.21,False
a414e8,United States,283.8,False
abb5c9,United States,223.88,False
abb5c3,United States,0.0,True
a82d14,United States,210.19,False
c01cb7,Canada,152.45,False
a07a7b,United States,49.68,False
a6b7ec,United States,256.94,False
a56a56,United States,189.6,False
5084d1,Ukraine,241.95,False
a6ed3b,United States,250.33,False
aa8e48,United States,69.43,False
a33d68,United States,0.13,True
acd5ad,United States,2.06,True
a4ad90,United States,270.38,False
abb5e6,United States,211.77,False
acd5e3,United States,197.21,False
abb5ea,United States,224.51,False
43c5de,United Kingdom,200.64,False
a8d27e,United States,0.0,True
a10fc2,United States,56.53,False
ac0b61,United States,231.96,False
a04641,United States,168.04,False
ad3e82,United States,62.33,False
a44a6d,United States,172.87,False
ac72e4,United States,280.3,False
a3f4bd,United States,44.35,False
02a199,Tunisia,200.16,False
ade2b8,United States,241.91,False
c02fd8,Canada,245.43,False
c02fd5,Canada,207.18,False
888158,Viet Nam,216.02,False
888153,Viet Nam,169.47,False
a414fb,United States,0.0,True
a0a91f,United States,6.94,True
a667e8,United States,262.79,False
ab9b9d,United States,271.97,False
ac0b7f,United States,267.03,False
a29908,United States,240.76,False
a68a06,United States,0.19,True
a0eff3,United States,59.59,False
abb69e,United States,70.18,False
7cae0d,Australia,178.14,False
a66921,United States,43.54,False
a82d92,United States,72.26,False
4ca808,Ireland,201.31,False
ad8041,United States,19.31,False
a0330a,United States,251.26,False
ac6086,United States,54.43,False
7cae04,Australia,1.29,True
7c5e1e,Australia,53.2,False
7c28c8,Australia,118.51,False
a9f1a9,United States,142.17,False
a1b606,United States,50.77,False
a6692d,United States,247.41,False
a4bfc1,United States,249.4,False
a7fa70,United States,0.06,True
a22fba,United States,46.04,False
a42987,United States,54.41,False
a1b674,United States,49.39,False
ac608e,United States,206.91,False
a6ed61,United States,248.68,False
a2d63c,United States,109.55,False
a03398,United States,279.55,False
a40312,United States,0.0,True
a03397,United States,189.61,False
ac98ac,United States,233.52,False
ab78e7,United States,45.07,False
a68a5d,United States,0.0,True
ac1e0d,United States,64.99,False
aa7b78,United States,282.23,False
ac98c1,United States,170.17,False
a0a98f,United States,286.62,False
ad3e16,United States,247.32,False
70605a,Kuwait,244.97,False
a29991,United States,0.0,True
ab9b13,United States,123.3,False
c00a68,Canada,0.0,True
a6ed7f,United States,184.38,False
a41632,United States,218.53,False
a03367,United States,43.66,False
aade42,United States,152.89,False
4ca815,Ireland,235.91,False
abfe12,United States,235.17,False
a34fe0,United States,77.2,False
abfe1c,United States,227.39,False
a894f2,United States,252.91,False
a26006,United States,46.01,False
845c8c,Japan,202.48,False
a27326,United States,238.32,False
845c8d,Japan,208.15,False
a1fcc5,United States,177.38,False
a34fe6,United States,0.0,True
8520c0,Japan,93.15,False
c00a4f,Canada,77.15,False
abb5a2,United States,236.7,False
aa7b54,United States,204.16,False
aaa96f,United States,182.26,False
a95fbe,United States,203.73,False
7c0394,Australia,3.6,True
4bcdf0,Turkey,231.87,False
a2c35a,United States,218.29,False
c01d2d,Canada,212.65,False
4ca770,Ireland,235.77,False
486648,Kingdom of the Netherlands,221.25,False
4bcdec,Turkey,246.56,False
486649,Kingdom of the Netherlands,226.76,False
a27380,United States,62.77,False
a08e04,United States,65.61,False
a3d039,United States,212.01,False
a2605b,United States,4.37,True
abfcb6,United States,0.0,True
a3e35d,United States,58.36,False
c084a3,Canada,216.98,False
4ca765,Ireland,228.61,False
4bcdba,Turkey,237.66,False
aa596c,United States,176.75,False
aba30b,United States,236.49,False
4ca738,Ireland,83.07,False
a2869c,United States,0.0,True
a14053,United States,91.04,False
a7c62c,United States,6.43,True
ad4fe1,United States,243.58,False
c084b9,Canada,88.41,False
4bcde1,Turkey,241.57,False
7335a7,Islamic Republic of Iran,221.95,False
0d8500,Venezuela,79.32,False
c00a0d,Canada,233.41,False
abfcbd,United States,63.75,False
c00a0b,Canada,215.12,False
4bcdce,Turkey,0.0,True
7c28b7,Australia,66.7,False
acd64b,United States,10.8,True
e494f1,Brazil,242.06,False
ade313,United States,32.14,False
a38082,United States,288.96,False
a2608a,United States,42.26,False
aa9fbb,United States,185.87,False
aa9fbd,United States,77.29,False
a5363e,United States,196.1,False
ace96d,United States,234.9,False
ace96c,United States,0.0,True
ace96a,United States,275.99,False
a4acae,United States,216.9,False
a64305,United States,0.51,True
a58fdf,United States,219.08,False
4ca76f,Ireland,220.87,False
a2b060,United States,262.1,False
841400,Japan,189.22,False
a178ae,United States,222.13,False
a5232b,United States,214.23,False
a52348,United States,62.81,False
405e24,United Kingdom,210.96,False
abb68c,United States,236.87,False
7c6fe3,Australia,71.77,False
aa58a6,United States,154.77,False
abfd8c,United States,218.89,False
a7506a,United States,187.13,False
a33e2d,United States,194.64,False
a9903a,United States,233.35,False
7705c2,Sri Lanka,79.3,False
a178de,United States,267.12,False
888123,Viet Nam,219.51,False
a4ae28,United States,93.04,False
aaa929,United States,252.63,False
acc1ee,United States,253.83,False
491d86,Portugal,286.21,False
491d84,Portugal,229.4,False
a33e07,United States,53.86,False
846f00,Japan,174.21,False
a19b18,United States,74.6,False
781347,China,266.92,False
ad0919,United States,183.48,False
781349,China,221.81,False
a45e56,United States,133.46,False
ac2fa4,United States,177.83,False
ab6620,United States,64.51,False
a07b98,United States,146.74,False
4851af,Kingdom of the Netherlands,293.88,False
abc91f,United States,90.94,False
a33e5e,United States,165.37,False
a272b8,United States,179.98,False
a1fe61,United States,51.31,False
4851b0,Kingdom of the Netherlands,294.51,False
7c164d,Australia,60.72,False
c01bfb,Canada,85.01,False
78135f,China,188.81,False
a91986,United States,96.11,False
ab5315,United States,229.4,False
ac861e,United States,31.55,False
a285ca,United States,44.43,False
abb624,United States,195.97,False
a1a2a2,United States,304.13,False
7812ff,China,242.44,False
ac1f75,United States,213.28,False
a57e89,United States,77.7,False
4ca5c6,Ireland,11.83,True
85cd04,Japan,71.06,False
a57e87,United States,253.87,False
a895b0,United States,170.49,False
abec26,United States,1.8,True
a5bb1b,United States,203.77,False
e49523,Brazil,164.51,False
e49525,Brazil,70.55,False
a16707,United States,34.16,False
e4952a,Brazil,202.89,False
706132,Kuwait,181.86,False
a82e2e,United States,0.77,True
a392f2,United States,1.29,True
acc3b4,United States,278.78,False
a69e7a,United States,0.0,True
a82e63,United States,62.5,False
aa8f78,United States,2.83,True
ac73e9,United States,122.76,False
a1a2e0,United States,180.87,False
ab40d1,United States,212.17,False
aa8f5c,United States,33.03,False
501c2d,Croatia,206.12,False
7cf0a9,Australia,1.54,True
aa46cb,United States,234.88,False
abec4d,United States,206.74,False
a82e57,United States,297.94,False
a5ce25,United States,26.01,False
e4822c,Brazil,33.26,False
a535c2,United States,201.16,False
a548ee,United States,156.99,False
ad2c4f,United States,209.91,False
86ebfa,Japan,258.37,False
ac0c8b,United States,264.32,False
abec6c,United States,149.1,False
781401,China,194.02,False
acc3f7,United States,115.75,False
a5ce40,United States,210.6,False
845d1c,Japan,199.88,False
a9e038,United States,6.19,False
acb0b9,United States,71.25,False
ab6800,United States,199.77,False
a7a08a,United States,5.66,True
c00b9c,Canada,204.0,False
a19aaa,United States,239.6,False
a19ab1,United States,221.22,False
7caf2c,Australia,194.67,False
a1b73c,United States,135.4,False
7caf1a,Australia,182.22,False
a1a404,United States,44.52,False
a04773,United States,94.84,False
a52418,United States,39.16,False
a81b9d,United States,60.21,False
8881ae,Viet Nam,219.51,False
ac99c8,United States,55.03,False
ab79ca,United States,308.26,False
a14109,United States,61.24,False
7caf15,Australia,215.16,False
7caf14,Australia,182.22,False
ac1f0e,United States,72.57,False
ab79de,United States,197.91,False
a895eb,United States,258.73,False
4bcda9,Turkey,229.94,False
4bcda5,Turkey,276.43,False
73244b,Islamic Republic of Iran,259.83,False
a2b112,United States,0.06,True
a44aa2,United States,139.28,False
a2b110,United States,217.33,False
a44aa8,United States,66.22,False
4bcdb5,Turkey,207.75,False
4bcdac,Turkey,234.79,False
4bcdab,Turkey,218.88,False
ac0c24,United States,204.35,False
abb6b5,United States,218.83,False
c00b93,Canada,255.31,False
abec03,United States,223.69,False
48412f,Kingdom of the Netherlands,251.96,False
a32ab4,United States,90.74,False
ad2c19,United States,105.75,False
c00b78,Canada,93.07,False
a0ddfb,United States,169.97,False
c00b86,Canada,199.75,False
c00b80,Canada,241.3,False
ac741b,United States,67.21,False
ac741c,United States,129.02,False
a7b40e,United States,211.0,False
a2b156,United States,15.43,True
c085d5,Canada,248.09,False
78149e,China,230.88,False
aa7abe,United States,195.09,False
aa7abd,United States,195.01,False
aa477b,United States,69.74,False
c87efe,New Zealand,0.0,True
c87efd,New Zealand,0.0,True
a0a9b2,United States,206.76,False
aa7ac8,United States,139.54,False
a2b150,United States,222.66,False
a2b154,United States,204.13,False
a2b153,United States,0.06,True
4ca63a,Ireland,225.59,False
abb74f,United States,63.92,False
c00b20,Canada,47.33,False
8880f7,Viet Nam,225.46,False
a68ad4,United States,221.74,False
a26182,United States,54.13,False
78018d,China,209.36,False
3c71a4,Germany,250.39,False
4bcca9,Turkey,223.93,False
ac8777,United States,238.95,False
a3813b,United States,218.3,False
405f11,United Kingdom,244.67,False
aaddfb,United States,79.75,False
aacad8,United States,252.04,False
a32af8,United States,57.7,False
4bccaa,Turkey,238.44,False
ab4147,United States,26.24,True
a2615e,United States,1.29,True
a32acf,United States,182.7,False
aa7aa6,United States,6.94,True
4bccb9,Turkey,219.01,False
a2b130,United States,268.87,False
aa7aa0,United States,213.02,False
4bccb5,Turkey,184.18,False
a3812f,United States,269.86,False
ab4151,United States,201.35,False
abb76d,United States,107.21,False
ab9af5,United States,60.68,False
47340e,Hungary,244.29,False
7c29d8,Australia,217.81,False
7c29d4,Australia,0.0,True
e493d1,Brazil,228.22,False
c01e13,Canada,8.23,True
e480a2,Brazil,185.41,False
c01e10,Canada,213.19,False
a3819d,United States,3.34,True
a6a711,United States,202.69,False
a2e9a3,United States,65.34,False
a309b4,United States,161.67,False
a2b198,United States,9.77,True
a0a9f8,United States,243.88,False
a033ae,United States,215.73,False
a77721,United States,262.43,False
a53774,United States,136.95,False
a046f2,United States,222.04,False
ad2af2,United States,130.68,False
a046b6,United States,98.42,False
acb131,United States,247.83,False
a07c0d,United States,66.62,False
a2b176,United States,262.64,False
ad2aed,United States,290.33,False
ad2aea,United States,198.68,False
a3e473,United States,84.56,False
a8d489,United States,256.69,False
a1ec31,United States,81.26,True
abeb7c,United States,116.14,False
a07c72,United States,56.55,False
adf5fb,United States,38.41,False
a033f9,United States,179.47,False
a20c44,United States,133.55,False
a32c0d,United States,40.93,False
a56c19,United States,220.71,False
ab6716,United States,48.0,False
a299f9,United States,18.7,False
aa59a5,United States,192.07,False
c06081,Canada,9.26,True
abeb9f,United States,217.47,False
781455,China,232.29,False
a789b4,United States,288.26,False
a5cf1b,United States,215.39,False
7c0403,Australia,199.44,False
a4af3b,United States,50.48,False
e49476,Brazil,234.65,False
a8d46a,United States,207.09,False
a88467,United States,8.75,True
7c045f,Australia,204.8,False
a1ec77,United States,72.76,False
a8e770,United States,155.98,False
4bce0b,Turkey,214.21,False
a393d8,United States,230.4,False
e48199,Brazil,235.22,False
a8e76a,United States,8.75,True
ab6748,United States,59.16,False
a7faad,United States,276.79,False
a1ff90,United States,288.91,False
aa7aeb,United States,162.37,False
ab540d,United States,258.85,False
a380a0,United States,0.0,True
a81abe,United States,217.93,False
a273f5,United States,240.62,False
a45f64,United States,203.73,False
a403b3,United States,220.33,False
a57f04,United States,208.0,False
a033ff,United States,0.0,True
a286fe,United States,215.06,False
ab674b,United States,185.8,False
a45f59,United States,75.7,False
a32c3e,United States,216.59,False
4bce02,Turkey,235.29,False
4bce01,Turkey,226.32,False
a403a2,United States,64.8,False
a416be,United States,232.38,False
a2d6d8,United States,251.49,False
c06032,Canada,46.34,False
e48184,Brazil,149.38,False
c0868a,Canada,97.03,False
4bce13,Turkey,242.68,False
a8aac8,United States,222.77,False
a81473,United States,47.3,False
a12c0f,United States,25.33,False
a7f44d,United States,147.13,False
a37f12,United States,129.15,False
a25f2a,United States,68.41,False
abd254,United States,158.64,False
ac4bfe,United States,249.79,False
ac058a,United States,225.0,False
4d0104,Luxembourg,273.71,False
4d0107,Luxembourg,93.12,False
ad124e,United States,177.95,False
a12c23,United States,223.68,False
a92145,United States,237.46,False
a24c01,United States,201.83,False
84655a,Japan,0.0,True
abd26b,United States,182.43,False
a8147b,United States,129.09,False
a9ddb0,United States,240.63,False
a81480,United States,18.19,False
a3117c,United States,291.62,False
4075af,United Kingdom,222.03,False
a5a10a,United States,207.15,False
4075b3,United Kingdom,283.17,False
a4dad4,United States,241.13,False
a2af3e,United States,0.0,True
a0d6fb,United States,6.94,True
a060bc,United States,49.77,False
a97aa5,United States,253.21,False
4d012f,Luxembourg,242.26,False
aa755c,United States,62.47,False
4d0112,Luxembourg,4.63,True
4d0117,Luxembourg,260.78,False
ac17b0,United States,241.65,False
a6c120,United States,274.7,False
a4daf9,United States,59.72,False
4d0128,Luxembourg,231.19,False
846538,Japan,197.66,False
a0c3b6,United States,197.0,False
a203a9,United States,235.49,False
a68485,United States,224.85,False
ac0519,United States,144.43,False
ab951a,United States,28.3,False
abe501,United States,181.9,False
76ccd1,Singapore,247.0,False
780cbe,China,200.65,False
781feb,China,211.83,False
ac5eb4,United States,224.07,False
76cccb,Singapore,279.16,False
7502cd,Malaysia,77.48,False
a24c77,United States,276.43,False
c029dd,Canada,213.23,False
76cccd,Singapore,228.99,False
507c72,Uzbekistan,262.15,False
76cce5,Singapore,262.46,False
40631a,United Kingdom,255.06,False
a7e198,United States,234.42,False
a323c8,United States,221.47,False
c003a8,Canada,168.82,False
5140d7,Georgia,222.81,False
c04c36,Canada,196.42,False
ac5ed9,United States,88.01,False
406319,United Kingdom,231.47,False
acaec8,United States,209.98,False
5140d1,Georgia,239.69,False
407642,United Kingdom,215.52,False
abd204,United States,215.52,False
5140c6,Georgia,179.41,False
ac4bb8,United States,169.74,False
a5b3ad,United States,174.24,False
ad7eaf,United States,60.07,False
a336df,United States,222.84,False
84657c,Japan,266.14,False
ad385f,United States,84.08,False
a8aaff,United States,205.27,False
851bdc,Japan,201.9,False
485d61,Kingdom of the Netherlands,233.29,False
7502b7,Malaysia,230.07,False
7502b1,Malaysia,235.99,False
ad2542,United States,0.0,True
40768c,United Kingdom,217.49,False
40768d,United Kingdom,218.12,False
40768a,United Kingdom,225.24,False
ac5efa,United States,70.12,False
407699,United Kingdom,253.17,False
c05f0a,Canada,15.43,True
ac4bdd,United States,201.31,False
84659e,Japan,260.46,False
a706a7,United States,37.56,False
abd230,United States,195.25,False
c05f0f,Canada,171.03,False
7c678d,Australia,224.34,False
a310cf,United States,2.83,True
a24c99,United States,206.73,False
a4ef52,United States,212.38,False
a4ef58,United States,190.83,False
407689,United Kingdom,256.04,False
aab267,United States,43.84,False
a576ce,United States,105.4,False
a49f89,United States,251.59,False
c04af4,Canada,124.5,False
3c4969,Germany,202.38,False
ad6c71,United States,116.96,False
34754d,Spain,279.27,False
abe3e6,United States,125.02,False
a37ea4,United States,168.66,False
a9cc2b,United States,78.0,False
ab80f4,United States,211.24,False
ac4c8a,United States,223.72,False
ac03ff,United States,182.6,False
ad7f96,United States,145.93,False
a07522,United States,252.41,False
a25ea2,United States,49.56,False
a8bf73,United States,222.49,False
a21839,United States,143.66,False
a8bf6e,United States,153.67,False
a21833,United States,169.48,False
aa60bb,United States,199.04,False
76cda4,Singapore,249.35,False
acf0da,United States,247.69,False
a813aa,United States,29.84,False
a1f884,United States,197.17,False
a37ed3,United States,219.73,False
76cdaf,Singapore,265.06,False
c0174f,Canada,125.43,False
a37eca,United States,6.94,True
a6d3b3,United States,162.15,False
c05dd8,Canada,208.67,False
780daf,China,254.77,False
ac181d,United States,0.06,True
7c6714,Australia,53.37,False
a98f2d,United States,278.02,False
a0755a,United States,76.78,False
a12bc1,United States,193.22,False
a37ec4,United States,195.09,False
ab9516,United States,45.07,False
aad82a,United States,48.68,False
a826f1,United States,0.0,True
a33843,United States,214.4,False
c00454,Canada,41.67,False
a0756b,United States,142.21,False
c05da4,Canada,240.31,False
750481,Malaysia,232.27,False
a44565,United States,84.96,False
a69869,United States,142.35,False
75046c,Malaysia,76.34,False
c01732,Canada,276.15,False
a0628f,United States,241.87,False
ad36a8,United States,217.78,False
ac5f42,United States,288.05,False
8940a3,Bahrain,213.0,False
8940a1,Bahrain,258.36,False
a5521c,United States,216.46,False
8966ed,United Arab Emirates,90.17,False
a82833,United States,66.01,False
a18284,United States,200.69,False
a0b279,United States,2.83,True
a4453e,United States,69.97,False
abf6a4,United States,109.58,False
ac4c21,United States,249.62,False
750463,Malaysia,227.3,False
8966be,United Arab Emirates,234.44,False
a44542,United States,82.06,False
a44540,United States,273.84,False
aac3a8,United States,54.57,False
c0173e,Canada,181.54,False
75044d,Malaysia,216.85,False
a44544,United States,220.83,False
abf6ae,United States,293.89,False
8966bd,United Arab Emirates,233.62,False
780e86,China,249.32,False
4074b6,United Kingdom,221.73,False
c01755,Canada,289.5,False
c01753,Canada,277.02,False
750459,Malaysia,141.39,False
ae56a1,United States,66.14,False
8966d5,United Arab Emirates,232.24,False
ab2c3a,United States,131.26,False
a94817,United States,75.22,False
ad36c8,United States,219.46,False
8966cf,United Arab Emirates,255.6,False
75045d,Malaysia,194.22,False
a5a226,United States,256.23,False
750466,Malaysia,212.71,False
ac4c44,United States,189.92,False
3a2b01,France,71.57,False
a69822,United States,0.0,True
ac16da,United States,217.7,False
ac5f5f,United States,214.67,False
7c52f8,Australia,174.35,False
75043c,Malaysia,222.07,False
8966ac,United Arab Emirates,253.98,False
a4eeb4,United States,114.62,False
a087d3,United States,81.1,False
a70812,United States,291.73,False
8966c3,United Arab Emirates,227.96,False
8966c5,United Arab Emirates,270.11,False
a44588,United States,247.22,False
a6e81e,United States,228.78,False
aac3f4,United States,69.43,False
ac03e2,United States,221.99,False
750410,Malaysia,202.18,False
a74eb4,United States,246.88,False
851c86,Japan,0.0,True
aab0ba,United States,218.12,False
ac5f8f,United States,245.53,False
84b3eb,Japan,83.87,False
a69850,United States,52.55,False
750425,Malaysia,232.58,False
4074e2,United Kingdom,72.49,False
ab2c8e,United States,255.33,False
ad6c3b,United States,100.83,False
a4455e,United States,213.58,False
a57877,United States,49.73,False
a8abe6,United States,9.26,True
a074d4,United States,51.75,False
a074d6,United States,42.56,False
a074d2,United States,52.39,False
abc058,United States,247.9,False
a00d5b,United States,247.72,False
0c21b6,Panama,243.37,False
c01910,Canada,31.9,False
a2f293,United States,56.31,False
780f35,China,188.11,False
851cec,Japan,3.09,True
abc07b,United States,208.37,False
a4dbef,United States,269.17,False
c004e9,Canada,219.27,False
a5fbdc,United States,1.8,True
a97bb6,United States,14.29,False
a23a28,United States,206.12,False
a8286f,United States,41.06,False
a85bb8,United States,38.06,False
a324b0,United States,204.29,False
ae2056,United States,48.87,False
780f3d,China,282.8,False
0100dc,Egypt,186.92,False
a61bed,United States,71.51,False
0c21f9,Panama,248.1,False
a0c4de,United States,40.13,False
a324a9,United States,266.07,False
aac5a9,United States,80.22,False
abc09e,United States,70.21,False
a6c248,United States,284.47,False
a6c247,United States,177.99,False
c04d98,Canada,67.68,False
a6e89f,United States,204.49,False
846658,Japan,133.44,False
a6e89b,United States,207.7,False
a194bf,United States,59.43,False
a23a02,United States,274.84,False
ac18e0,United States,65.12,False
c004ea,Canada,215.1,False
75049d,Malaysia,75.86,False
a12d67,United States,189.28,False
a8021b,United States,5.4,True
4caff4,Ireland,229.17,False
01024c,Egypt,223.84,False
a5fd2d,United States,8.23,True
a23a71,United States,54.34,False
a564d3,United States,233.11,False
a0b1ea,United States,220.22,False
010262,Egypt,232.79,False
ac4ca8,United States,197.21,False
01023a,Egypt,217.9,False
a47a32,United States,49.48,False
86803d,Japan,86.86,False
aa0e62,United States,124.62,False
86803a,Japan,185.0,False
01023f,Egypt,209.52,False
aa75ca,United States,64.32,False
aa88fb,United States,173.0,False
ad3959,United States,53.19,False
40643c,United Kingdom,220.2,False
868056,Japan,208.9,False
a444d6,United States,4.89,True
a47a21,United States,219.91,False
010280,Egypt,35.35,False
010284,Egypt,214.77,False
a11a76,United States,57.06,False
010276,Egypt,216.11,False
868089,Japan,74.79,False
ab7013,United States,29.84,True
c017ed,Canada,152.28,False
ac1988,United States,168.82,False
a204f3,United States,64.26,False
a85d1b,United States,191.51,False
a324d9,United States,187.56,False
a73d45,United States,192.1,False
010263,Egypt,209.27,False
010265,Egypt,214.67,False
40641d,United Kingdom,256.41,False
7c4209,Australia,174.57,False
a6d4b2,United States,36.33,False
abf96c,United States,164.5,False
01020b,Egypt,252.28,False
abd336,United States,261.89,False
ab967b,United States,262.49,False
a707a3,United States,188.82,False
aa88d2,United States,233.71,False
7503aa,Malaysia,234.85,False
a35a7d,United States,59.43,False
ad3997,United States,279.81,False
a7e279,United States,229.34,False
01022b,Egypt,255.26,False
01022d,Egypt,217.42,False
a4dd35,United States,194.62,False
a23a94,United States,49.9,False
01022f,Egypt,221.61,False
a564b2,United States,59.78,False
868041,Japan,202.1,False
868042,Japan,195.3,False
a564ab,United States,212.04,False
40779a,United Kingdom,219.67,False
abc035,United States,204.67,False
a0d90c,United States,232.37,False
a20639,United States,63.1,False
a0764f,United States,27.44,False
abd1e3,United States,222.41,False
a801de,United States,235.37,False
8464d2,Japan,135.85,False
48ae22,Poland,138.73,False
a2061e,United States,189.32,False
48ae23,Poland,274.62,False
a37fb0,United States,275.26,False
acf1ac,United States,230.71,False
ad5a50,United States,8.23,True
a24cb1,United States,55.85,False
a2195d,United States,4.12,True
ac3a83,United States,219.7,False
a97d63,United States,264.41,False
a72a9b,United States,58.49,False
a9cd47,United States,5.14,True
8464f4,Japan,71.66,False
34764a,Spain,240.88,False
48ae07,Poland,274.33,False
48ae02,Poland,68.94,False
48ae03,Poland,92.82,False
a37fa1,United States,218.4,False
a7e1cd,United States,166.62,False
45fe4a,Denmark,0.06,True
a84a1a,United States,150.71,False
347643,Spain,240.87,False
a791c0,United States,282.55,False
a3396b,United States,249.63,False
a4ca6a,United States,158.67,False
c0187a,Canada,230.3,False
a5ea3b,United States,44.59,False
407731,United Kingdom,218.65,False
a671f2,United States,143.17,False
ac5fad,United States,210.65,False
76cef1,Singapore,211.71,False
76cef2,Singapore,6.43,True
a4460d,United States,119.87,False
76cef6,Singapore,202.6,False
40771a,United Kingdom,310.2,False
ab3fcc,United States,154.1,False
a0634c,United States,4.37,True
a18331,United States,162.6,False
abf949,United States,216.22,False
507c54,Uzbekistan,259.4,False
507c50,Uzbekistan,281.24,False
a4ca8c,United States,35.94,False
a97d2b,United States,191.94,False
a0b333,United States,146.25,False
aa1ffc,United States,227.17,False
a5a30a,United States,207.63,False
aa6333,United States,234.66,False
aa5000,United States,32.94,False
a3136a,United States,123.85,False
a42020,United States,0.0,True
0101e0,Egypt,268.81,False
750598,Malaysia,1.03,True
4075df,United Kingdom,217.61,False
a1d368,United States,144.86,False
ac4d1a,United States,232.15,False
ad6d03,United States,229.93,False
aa630b,United States,229.19,False
a5c983,United States,58.22,False
c05eb7,Canada,248.9,False
750583,Malaysia,214.31,False
ac4d43,United States,225.9,False
aafa0d,United States,251.27,False
c05ee1,Canada,210.95,False
ac04ae,United States,90.96,False
ac04c6,United States,4.37,True
a0c68d,United States,36.03,False
ac04c5,United States,219.26,False
750579,Malaysia,199.94,False
ac04c2,United States,232.92,False
c05ee9,Canada,58.64,False
c05ed0,Canada,105.98,False
c01860,Canada,201.51,False
0101db,Egypt,268.88,False
0c20f6,Panama,242.81,False
a4463e,United States,193.73,False
abe4b9,United States,268.1,False
a86fcf,United States,53.07,False
a8295d,United States,220.86,False
750562,Malaysia,219.26,False
a9cd8d,United States,52.02,False
8691aa,Japan,259.6,False
aab1af,United States,240.31,False
a70942,United States,43.15,False
a62fd1,United States,251.02,False
a9ba6c,United States,47.33,False
a82903,United States,194.61,False
a50fef,United States,139.7,False
a1c05d,United States,243.4,False
ac04ec,United States,63.33,False
a3cffa,United States,43.9,False
a00e0d,United States,279.44,False
c05ea6,Canada,214.62,False
a67313,United States,57.82,False
acf1a3,United States,92.49,False
85c1af,Japan,48.83,False
acbffd,United States,215.69,False
7c68b8,Australia,182.12,False
7c68b6,Australia,197.79,False
aa7389,United States,58.32,False
a9eec6,United States,29.45,False
a097cc,United States,205.63,False
7504b5,Malaysia,155.72,False
a097ce,United States,268.34,False
c04a48,Canada,52.22,False
ac1698,United States,82.07,False
4caeb0,Ireland,217.75,False
aa735a,United States,221.42,False
4caeb1,Ireland,214.64,False
ae5675,United States,65.84,False
86e40e,Japan,246.67,False
a44262,United States,174.86,False
a45592,United States,0.9,True
c05d7c,Canada,143.12,False
a99eca,United States,51.88,False
a9585f,United States,95.6,False
c001e2,Canada,181.27,False
a9eeb8,United States,46.3,False
84b77f,Japan,91.71,False
a4423b,United States,245.5,False
aa600a,United States,10.8,True
a25d36,United States,220.37,False
c027e8,Canada,142.82,False
aac39e,United States,79.67,False
aa998e,United States,211.54,False
a3cbf8,United States,52.79,False
aa9990,United States,218.66,False
76bd44,Singapore,104.06,False
76bd45,Singapore,228.96,False
76bd48,Singapore,254.45,False
a347b1,United States,10.8,True
a5d86c,United States,43.96,False
ad237f,United States,188.52,False
ad237c,United States,225.84,False
a63eee,United States,58.15,False
a9a80f,United States,45.28,False
a227e9,United States,55.96,False
a0e7f4,United States,171.86,False
a071c8,United States,0.0,True
a00a50,United States,52.03,False
a75ed6,United States,1.54,True
abd06a,United States,56.47,False
71ba12,Republic of Korea,163.83,False
71ba17,Republic of Korea,202.05,False
a097e9,United States,252.95,False
71ba15,Republic of Korea,95.25,False
a00a17,United States,71.91,False
a5d87a,United States,254.33,False
a8252d,United States,40.26,False
ac5e01,United States,221.54,False
71ba01,Republic of Korea,239.63,False
71ba04,Republic of Korea,111.62,False
71ba03,Republic of Korea,221.85,False
a81205,United States,233.9,False
a44291,United States,264.38,False
a62bdc,United States,3.34,True
84b73b,Japan,184.36,False
aab09a,United States,173.32,False
aa0b10,United States,224.28,False
a321a9,United States,184.79,False
a5d7b5,United States,59.83,False
a214de,United States,138.04,False
a4b7d7,United States,217.53,False
a1e1b1,United States,245.67,False
a717b6,United States,198.33,False
8479bc,Japan,216.98,False
ab4fd4,United States,274.47,False
abf602,United States,84.61,False
a36a19,United States,256.81,False
7b103c,China,6.17,True
7b1041,China,11.83,True
a36a21,United States,72.11,False
a3cd58,United States,83.29,False
a1f4cd,United States,92.09,False
ac1613,United States,62.21,False
a7f286,United States,98.02,False
aae960,United States,213.06,False
a214bd,United States,60.39,False
a4b7da,United States,75.1,False
a24a19,United States,205.84,False
a4ed40,United States,61.05,False
a49d16,United States,106.81,False
a9327a,United States,250.95,False
a837a6,United States,214.41,False
485b42,Kingdom of the Netherlands,319.43,False
ac6fcf,United States,112.13,False
ad493b,United States,280.95,False
a1f4b1,United States,0.0,True
a694b2,United States,225.87,False
a837a5,United States,224.9,False
a837a3,United States,240.67,False
a37d8d,United States,132.74,False
a24a82,United States,226.3,False
a37d8a,United States,279.34,False
a441c9,United States,219.22,False
ad8fc5,United States,101.19,False
a441ab,United States,234.01,False
a82598,United States,4.12,True
a12a9d,United States,105.14,False
a12a9e,United States,125.28,False
aa739e,United States,261.19,False
adcca5,United States,261.38,False
a12a80,United States,224.98,False
adcca0,United States,209.12,False
a12a81,United States,223.78,False
ad363d,United States,125.28,False
0700bc,Senegal,79.52,False
7504ac,Malaysia,154.85,False
a4ed14,United States,45.51,False
ac1675,United States,0.0,True
ad3656,United States,45.92,False
ad3654,United States,154.42,False
a12a7b,United States,211.53,False
a12a7d,United States,209.13,False
a9dbc1,United States,34.23,False
a12a7f,United States,227.58,False
347206,Spain,214.61,False
ac4a44,United States,180.52,False
8a0a24,Indonesia,71.84,False
a73a47,United States,173.08,False
abe1c2,United States,244.24,False
a441ef,United States,7.46,True
a10967,United States,242.36,False
a8bd1b,United States,204.17,False
a441f5,United States,82.31,False
aac1e8,United States,49.32,False
a944b9,United States,167.6,False
a09947,United States,221.32,False
424b97,United Kingdom,132.72,False
a5fa72,United States,37.77,False
a944c8,United States,235.37,False
ad21bc,United States,210.59,False
a4ed65,United States,33.1,False
a62d4a,United States,48.05,False
a4a4cb,United States,155.91,False
a06010,United States,0.77,True
a07341,United States,202.29,False
780fe9,China,181.5,False
88105a,Thailand,149.83,False
a98d0c,United States,49.05,False
4d23b8,Malta,218.88,False
76bcc9,Singapore,231.68,False
a0733a,United States,10.29,True
a957bd,United States,33.19,False
a5b1a8,United States,207.6,False
ac01fc,United States,239.79,False
abe1eb,United States,275.05,False
881058,Thailand,174.74,False
881056,Thailand,231.82,False
86808a,Japan,209.98,False
7b1001,China,17.49,True
aa97f2,United States,61.01,False
a6e4bb,United States,170.8,False
a5c4e5,United States,63.23,False
ac290c,United States,48.97,False
a73a1c,United States,214.94,False
717ce0,Saudi Arabia,218.12,False
a48a8f,United States,76.8,False
a5c4de,United States,217.2,False
a38fa4,United States,206.85,False
ac27a6,United States,165.89,False
a18033,United States,68.03,False
a2acbe,United States,50.67,False
a57650,United States,55.92,False
514005,Georgia,0.0,True
514004,Georgia,74.59,True
a4b973,United States,55.96,False
4d23fb,Malta,186.6,False
ab3d1b,United States,61.55,False
a44308,United States,207.9,False
4d23e1,Malta,233.4,False
a5d965,United States,244.82,False
ab3d39,United States,213.82,False
a25cdc,United States,189.79,False
704b21,Myanmar,99.31,False
a1801c,United States,180.58,False
a20346,United States,0.0,True
a75fbf,United States,180.78,False
ac5d0d,United States,66.7,False
a55017,United States,225.15,False
a5c640,United States,161.38,False
c01505,Canada,265.54,False
a5d905,United States,128.1,False
a5d902,United States,36.64,False
e47ed1,Brazil,78.87,False
a5fa9f,United States,6.71,False
ac27f0,United States,213.52,False
a5892f,United States,261.83,False
4072c8,United Kingdom,231.86,False
39b22e,France,227.24,False
a9dd6d,United States,59.29,False
a57613,United States,63.5,False
a944f7,United States,53.53,False
ad34b4,United States,213.53,False
3484d3,Spain,183.35,False
45d96f,Denmark,226.69,False
a0d69c,United States,49.65,False
a49ce2,United States,241.67,False
a2f016,United States,231.88,False
a32367,United States,295.26,False
a3499b,United States,44.12,False
4072a4,United Kingdom,220.8,False
a50cb7,United States,172.45,False
a1d01e,United States,62.72,False
a4b952,United States,83.57,False
aac1af,United States,241.29,False
acad1d,United States,46.54,False
c05e8e,Canada,220.85,False
abd135,United States,160.94,False
a348a1,United States,133.09,False
ae5773,United States,108.47,False
adcdcc,United States,241.75,False
a5c694,United States,0.0,True
a6d34b,United States,205.75,False
86e518,Japan,263.15,False
a6837d,United States,143.28,False
abf79f,United States,68.47,False
adcdd9,United States,35.11,False
a98cf8,United States,42.05,False
a67050,United States,171.64,False
abe475,United States,266.96,False
a12b07,United States,244.51,False
aab169,United States,238.62,False
a12b09,United States,265.14,False
a2f05b,United States,253.39,False
a6705c,United States,224.34,False
a9463a,United States,46.94,False
a8268d,United States,151.69,False
a6d36d,United States,0.0,True
aab187,United States,155.64,False
acadfa,United States,69.82,False
a9464b,United States,182.51,False
a81365,United States,0.0,True
ab09b4,United States,220.08,False
a12b2b,United States,220.87,False
aa7468,United States,0.0,True
a7197d,United States,176.27,False
c05e62,Canada,220.41,False
a9a91a,United States,238.75,False
abd17b,United States,0.0,True
a6833b,United States,194.22,False
adbaca,United States,215.74,False
a202a1,United States,205.48,False
a12b0a,United States,8.23,True
a25e37,United States,52.23,False
a68352,United States,58.03,False
aa7439,United States,164.83,False
ab2c04,United States,215.63,False
aa8769,United States,133.17,False
84b84b,Japan,168.13,False
aa1dcd,United States,249.2,False
abd19e,United States,147.66,False
a6d326,United States,124.15,False
a01e78,United States,120.96,False
aa6103,United States,265.98,False
aa1dd1,United States,208.0,False
c05e72,Canada,182.03,False
aa7426,United States,11.32,True
4cadb7,Ireland,96.52,False
3c7a48,Germany,264.29,False
a192f5,United States,47.1,False
a37e79,United States,38.07,False
a335f4,United States,5.4,True
a958a8,United States,33.18,False
a24b4b,United States,15.74,False
a36b53,United States,96.0,False
a36b50,United States,292.67,False
a1f5ff,United States,315.19,False
a335eb,United States,218.13,False
3c7a50,Germany,217.61,False
a1e2c4,United States,168.74,False
a575e0,United States,255.09,False
86d266,Japan,304.43,False
a25e78,United States,52.14,False
ac0417,United States,159.5,False
aad73b,United States,0.06,True
a575e7,United States,225.12,False
40751c,United Kingdom,238.69,False
3c7a4f,Germany,214.44,False
a4a5e1,United States,62.45,False
3c7a4b,Germany,7.2,True
a718e0,United States,106.89,False
a92082,United States,50.2,False
a838ae,United States,73.78,False
a00b91,United States,191.79,False
86d288,Japan,202.32,False
84b7b6,Japan,6.94,True
86d237,Japan,200.39,False
ac1765,United States,209.27,False
abe40a,United States,152.54,False
aad780,United States,306.83,False
a80053,United States,47.62,False
ab2ad8,United States,293.51,False
40756d,United Kingdom,7.46,True
ae571a,United States,237.42,False
ab2ae0,United States,211.93,False
40756a,United Kingdom,164.12,False
7c4493,Australia,138.81,False
407575,United Kingdom,230.23,False
abe448,United States,215.28,False
a9dcca,United States,52.36,False
a6709b,United States,220.72,False
aa617c,United States,151.55,False
ab8148,United States,135.02,False
acade8,United States,42.48,False
a335fa,United States,235.75,False
ad6aa7,United States,48.07,False
a25e9b,United States,43.07,False
a2ae6e,United States,44.4,False
abe450,United States,244.64,False
a50e3f,United States,183.64,False
ad2445,United States,255.98,False
ac045e,United States,140.36,False
a1e2dd,United States,80.31,False
ac5e8d,United States,144.45,False
c0168e,Canada,80.78,False
424c98,United Kingdom,227.6,False
a0d72b,United States,147.66,False
ac4b72,United States,203.57,False
aa72f5,United States,227.02,False
ad22e1,United States,109.41,False
acae8e,United States,75.37,False
a25dcc,United States,60.47,False
a12ac5,United States,221.57,False
407512,United Kingdom,267.15,False
a12ac7,United States,3.6,False
a12ac9,United States,211.71,False
4cae48,Ireland,180.08,False
a97b05,United States,53.79,False
7c4439,Australia,49.14,False
7c4437,Australia,38.86,False
a12ac0,United States,219.11,False
a562e8,United States,220.18,False
a25dd0,United States,44.95,False
a5fb31,United States,26.2,False
7c4428,Australia,199.43,False
a695ea,United States,231.66,False
a37db9,United States,88.49,False
aa72b1,United States,150.93,False
a37da1,United States,190.22,False
a682e3,United States,223.23,False
4cae29,Ireland,188.29,False
a1e411,United States,238.63,False
ac1701,United States,185.09,False
a825e3,United States,0.51,True
4cae35,Ireland,240.19,False
4cae31,Ireland,251.64,False
4cae33,Ireland,193.47,False
84b807,Japan,200.85,False
a6e720,United States,222.31,False
a3244f,United States,208.56,False
a3244a,United States,221.77,False
4cae83,Ireland,6.43,True
a20471,United States,190.08,False
abd096,United States,1.29,True
a2adf4,United States,106.63,False
aa1dc2,United States,169.11,False
4cae80,Ireland,261.93,False
c02945,Canada,163.2,False
ac5e23,United States,0.0,True
a2f111,United States,181.79,False
761487,Pakistan,266.23,False
4cae96,Ireland,254.14,False
aa7409,United States,244.43,False
4cae91,Ireland,126.93,False
ac28be,United States,222.21,False
846844,Japan,180.78,False
a1f792,United States,143.86,False
a12ae6,United States,150.9,False
84b829,Japan,96.93,False
acae12,United States,41.03,False
a12ae8,United States,256.05,False
a12ae9,United States,280.24,False
4cae5a,Ireland,243.28,False
a9cb83,United States,244.76,False
4d22ac,Malta,253.83,False
ac28e5,United States,9.26,True
a06154,United States,75.23,False
a3cdfa,United States,156.57,False
ab2b23,United States,199.45,False
a4dab6,United States,249.51,False
a69761,United States,238.02,False
4cae4b,Ireland,102.62,False
a12ae4,United States,194.0,False
a12ae5,United States,122.89,False
a12aea,United States,213.27,False
a37dbf,United States,216.07,False
a12aeb,United States,92.5,False
c0293e,Canada,235.42,False
a21791,United States,45.94,False
a33766,United States,223.75,False
846866,Japan,198.78,False
ab2b2c,United States,117.11,False
ac15d1,United States,188.8,False
a9cb67,United States,53.43,False
ad48cd,United States,39.72,False
acae2e,United States,230.67,False
a01f37,United States,233.13,False
adce02,United States,170.05,False
ad35af,United States,55.4,False
aad5f2,United States,230.6,False
ac02b4,United States,8.23,True
a086b4,United States,211.61,False
a1949c,United States,46.83,False
a3113a,United States,115.67,False
a1d14a,United States,48.17,False
abe2a3,United States,226.91,False
ac02c3,United States,97.14,False
abf5d9,United States,201.07,False
a01f13,United States,3.34,True
ad6b0e,United States,126.34,False
ad35e0,United States,76.14,False
a48ac4,United States,177.07,False
aac2e2,United States,206.32,False
a01f0d,United States,174.41,False
a70713,United States,55.96,False
c00926,Canada,0.0,True
a47d11,United States,234.6,False
407267,United Kingdom,10.8,True
aa78b2,United States,108.16,False
abb089,United States,240.88,False
a47d05,United States,204.25,False
868338,Japan,188.29,False
398699,France,283.53,False
ac3e13,United States,102.03,False
ab98d0,United States,67.45,False
a6d7a5,United States,59.15,False
adf068,United States,219.4,False
adf065,United States,7.72,True
a4ba02,United States,101.07,False
abe8b6,United States,195.33,False
a5ed02,United States,132.7,False
ac08d4,United States,216.76,False
a22a07,United States,241.46,False
a6626c,United States,13.12,False
a171f7,United States,40.33,False
a78263,United States,225.44,False
a35d79,United States,212.45,False
7c7a36,Australia,142.53,False
7c7a38,Australia,209.2,False
ad5e27,United States,271.59,False
a54299,United States,219.54,False
71bc21,Republic of Korea,220.3,False
a7e54f,United States,156.81,False
4d230d,Malta,241.7,False
a35d73,United States,223.52,False
ac08f5,United States,278.15,False
aaeb0e,United States,176.37,False
a47d46,United States,260.06,False
348395,Spain,6.43,True
ac3e3a,United States,0.0,True
aaa2b0,United States,200.62,False
4d2300,Malta,243.92,False
a1d4bc,United States,224.25,False
abe8ea,United States,59.15,False
a9cecd,United States,221.1,False
a22a3d,United States,41.36,False
a291b4,United States,55.12,False
a1e902,United States,181.76,False
ac4ffb,United States,2.57,True
a46a72,United States,211.11,False
abd659,United States,198.38,False
aa9b65,United States,191.8,False
a59d92,United States,5.92,True
ab6020,United States,9.77,True
a00fbd,United States,34.7,False
a661bf,United States,222.99,False
ab1cfb,United States,46.58,False
aab66f,United States,220.33,False
ac8009,United States,186.71,False
ad6fdd,United States,48.42,False
a781a0,United States,148.17,False
ab6032,United States,44.09,False
ad6ff2,United States,282.65,False
a4ba76,United States,237.19,False
a2e1ce,United States,181.07,False
ab735a,United States,3.45,False
a84d62,United States,184.95,False
ab7376,United States,300.79,False
a434f9,United States,188.63,False
a291f7,United States,223.87,False
a19910,United States,288.71,False
ac3cfc,United States,273.28,False
acd00b,United States,61.07,False
a1e93d,United States,82.34,False
abd693,United States,156.12,False
aa52a0,United States,85.45,False
aa9b20,United States,208.9,False
a00ffc,United States,0.06,True
a44917,United States,282.08,False
a44916,United States,212.71,False
a60d3e,United States,57.11,False
a59d63,United States,205.71,False
800b9e,India,229.62,False
800b9c,India,212.94,False
ad036b,United States,222.19,False
a5ed58,United States,39.22,False
ad0377,United States,55.77,False
a60d5c,United States,50.48,False
c007d8,Canada,219.25,False
4d2387,Malta,245.27,False
86837c,Japan,216.0,False
800b81,India,233.11,False
a06648,United States,31.85,False
a06646,United States,282.95,False
aa78bc,United States,225.39,False
a44969,United States,229.81,False
a44960,United States,216.12,False
7c5841,Australia,86.0,False
a3aca6,United States,231.11,False
7c4511,Australia,39.62,False
a44963,United States,126.79,False
a29337,United States,202.18,False
a36ff7,United States,201.48,False
862d50,Japan,171.35,False
a4493e,United States,4.89,True
a4493d,United States,200.99,False
a4493c,United States,3.6,True
a3acac,United States,153.88,False
a0b674,United States,36.83,False
a0669d,United States,231.98,False
a4493a,United States,229.71,False
a23ccb,United States,195.28,False
a44940,United States,181.08,False
a6893e,United States,217.72,False
ab860a,United States,33.82,False
8681be,Japan,144.18,False
8681bd,Japan,165.08,False
8681b1,Japan,219.91,False
a44939,United States,212.2,False
a44938,United States,290.68,False
ac0941,United States,88.69,False
8681b4,Japan,238.43,False
abe930,United States,147.32,False
8681b7,Japan,185.11,False
a4491c,United States,175.46,False
a5b954,United States,215.5,False
ac4fb5,United States,213.66,False
8681ad,Japan,218.87,False
8681ae,Japan,129.63,False
ab2fe4,United States,184.74,False
ad292a,United States,246.76,False
7c4556,Australia,60.65,False
a0406e,United States,44.56,False
abd627,United States,277.23,False
c03bf7,Canada,12.35,True
a1b024,United States,89.98,False
7c585f,Australia,5.14,True
c03bf1,Canada,189.1,False
a924fc,United States,216.36,False
c8200a,New Zealand,55.86,False
c8200b,New Zealand,131.32,False
4cad1e,Ireland,251.68,False
a4497f,United States,122.75,False
a42329,United States,226.58,False
4070eb,United Kingdom,231.02,False
4070ec,United Kingdom,215.29,False
4070ea,United Kingdom,234.59,False
4070ef,United Kingdom,214.2,False
a36fff,United States,256.67,False
4070ed,United Kingdom,221.53,False
8694b6,Japan,6.94,True
a44984,United States,9.26,True
a7d1cc,United States,59.3,False
ac096b,United States,92.4,False
84b7e5,Japan,248.22,False
ab9991,United States,36.01,False
4070f0,United Kingdom,200.46,False
4070e8,United Kingdom,8.75,True
4070e2,United Kingdom,239.52,False
4070e3,United Kingdom,221.44,False
a4dfa6,United States,254.12,False
4070e6,United Kingdom,236.06,False
4070e7,United Kingdom,243.33,False
a4495c,United States,251.02,False
4070e4,United Kingdom,222.31,False
4070e5,United Kingdom,222.95,False
151fe0,Russian Federation,4.12,False
a66355,United States,0.0,True
a67687,United States,40.96,False
a198a3,United States,49.85,False
a6c65a,United States,40.14,False
ac2a33,United States,183.14,False
4c01e5,Serbia,242.25,False
151fd1,Russian Federation,237.33,False
a8aff9,United States,188.74,False
4c01e7,Serbia,223.73,False
a80650,United States,37.96,False
ad27f3,United States,221.37,False
4d21c8,Malta,4.37,True
a8afec,United States,163.11,False
a29391,United States,282.76,False
a7d32e,United States,276.6,False
ab1d90,United States,51.54,False
4cad49,Ireland,254.48,False
3482d5,Spain,264.99,False
3c4581,Germany,246.93,False
a7e666,United States,50.22,False
4cad2a,Ireland,77.52,False
3c4586,Germany,205.78,False
ae6a13,United States,21.09,True
a84ce6,United States,46.47,False
151ff3,Russian Federation,211.36,False
c82089,New Zealand,235.13,False
a6504b,United States,219.34,False
3c458e,Germany,272.78,False
a7d31b,United States,43.65,False
ab71e4,United States,52.12,False
3c458d,Germany,196.81,False
c82081,New Zealand,127.93,False
abd4e7,United States,151.82,False
ac91c2,United States,215.55,False
3c4591,Germany,248.67,False
3c4594,Germany,124.67,False
c00899,Canada,157.07,False
ad5d4a,United States,49.07,False
a59cd5,United States,52.29,False
ac2a69,United States,216.85,False
abc1bc,United States,228.9,False
acf4e8,United States,203.94,False
a66316,United States,177.23,False
ab0a88,United States,150.11,False
a41090,United States,187.71,False
ad01ab,United States,215.17,False
4083ad,United Kingdom,242.86,False
a2d090,United States,62.66,False
a85fb8,United States,0.0,True
862d94,Japan,0.0,True
a3f00a,United States,123.65,False
8694fa,Japan,244.46,False
a72ca2,United States,190.38,False
151fc5,Russian Federation,171.5,False
a80641,United States,174.83,False
4cad88,Ireland,218.4,False
aa6627,United States,34.47,False
a9bd9a,United States,74.73,False
a208b1,United States,210.14,False
a198ba,United States,22.78,False
a0b5a2,United States,1.15,False
4d21f0,Malta,246.41,False
a1b092,United States,176.81,False
a1b091,United States,71.47,False
a5a665,United States,223.76,False
a6765e,United States,31.08,False
ac0906,United States,276.43,False
71aa64,Republic of Korea,137.18,False
a4ce24,United States,38.81,False
a172d4,United States,189.36,False
a4ce28,United States,190.17,False
a172d2,United States,1.03,True
a448db,United States,5.66,True
a35e61,United States,54.79,False
ac09c2,United States,57.25,False
a9004f,United States,39.65,False
a89076,United States,136.44,False
881426,Thailand,242.03,False
a23e65,United States,30.44,False
881425,Thailand,85.61,False
abb19c,United States,218.1,False
71bd85,Republic of Korea,200.9,False
a568e8,United States,204.36,False
a2f5b8,United States,166.73,False
a448d7,United States,15.43,True
a0a2bd,United States,263.73,False
800c07,India,66.51,False
45d970,Denmark,223.35,False
a22b45,United States,24.98,False
a6b39c,United States,44.92,False
a448d3,United States,7.72,True
a0fe4a,United States,125.12,False
a555c3,United States,160.52,False
a675a9,United States,209.65,False
a1e8f7,United States,51.6,False
a35e25,United States,46.21,False
a60e3f,United States,56.6,False
a09b65,United States,221.89,False
a09b61,United States,57.45,False
ac3f2f,United States,217.13,False
a89086,United States,183.66,False
a22b28,United States,212.88,False
aa79a6,United States,211.31,False
a7e691,United States,230.8,False
a1c2f1,United States,172.69,False
a46b3e,United States,60.98,False
0d0f13,Mexico,1.03,True
0d0f17,Mexico,191.94,False
34718d,Spain,220.86,False
485a82,Kingdom of the Netherlands,132.32,False
485a83,Kingdom of the Netherlands,242.98,False
ac2c33,United States,238.52,False
862db6,Japan,274.86,False
a22b91,United States,80.54,False
a5307f,United States,175.9,False
800c3c,India,238.76,False
4c0224,Serbia,241.69,False
4c0223,Serbia,200.39,False
a35e6f,United States,164.79,False
71bd62,Republic of Korea,273.75,False
a4ce11,United States,205.7,False
ac2c56,United States,185.52,False
a568c9,United States,30.51,False
a35e66,United States,108.87,False
0d0f49,Mexico,181.09,False
a448f8,United States,197.86,False
a448f2,United States,73.41,False
a448f5,United States,254.41,False
a65092,United States,0.77,True
a9bcc2,United States,73.38,False
ac3dec,United States,249.19,False
ac2abd,United States,242.66,False
4d2233,Malta,221.27,False
abd774,United States,76.62,False
a0b702,United States,48.15,False
a71b43,United States,0.0,True
800c86,India,245.73,False
a18723,United States,128.85,False
800c85,India,254.8,False
ab879f,United States,191.64,False
a9ab17,United States,223.83,False
a05410,United States,198.48,False
ad5dcb,United States,248.61,False
a4ce9d,United States,279.34,False
ab0aed,United States,53.91,False
4d222c,Malta,100.61,False
a0540a,United States,73.2,False
4cabd4,Ireland,261.36,False
a422f7,United States,225.86,False
acd120,United States,247.73,False
a7d2ae,United States,201.56,False
4d2228,Malta,244.13,False
abc478,United States,219.95,False
a782e4,United States,224.74,False
abb12d,United States,2.57,True
adf128,United States,196.63,False
acd12e,United States,31.02,False
3c68cb,Germany,157.32,False
406015,United Kingdom,0.0,True
406018,United Kingdom,69.99,False
406011,United Kingdom,142.4,False
a90090,United States,2.06,True
a05458,United States,54.18,False
aa9c34,United States,31.89,False
acd135,United States,137.82,False
ab618b,United States,263.43,False
abb172,United States,286.48,False
800c8e,India,1.8,True
a0541b,United States,225.09,False
a675e8,United States,197.37,False
a662b8,United States,33.96,False
aa79f6,United States,211.6,False
ad4afb,United States,199.85,False
ad4afe,United States,236.55,False
aaff03,United States,37.61,False
ad049a,United States,207.02,False
3c55c8,Germany,199.17,False
85c5dc,Japan,254.77,False
a1745b,United States,66.95,False
a1d76b,United States,272.84,False
a60da2,United States,50.15,False
71004b,Saudi Arabia,261.34,False
850e9c,Japan,204.36,False
a67735,United States,53.66,False
a3adce,United States,138.2,False
a1c441,United States,75.32,False
ab1db2,United States,151.48,False
a0a440,United States,86.23,False
a66411,United States,50.03,False
0d0de3,Mexico,277.81,False
86d2aa,Japan,0.13,True
a8f2f4,United States,47.84,False
a35dc2,United States,146.62,False
ab8748,United States,273.86,False
a9ab72,United States,153.74,False
a2f71a,United States,51.14,False
aab72c,United States,96.21,False
c08095,Canada,198.13,False
4071c7,United Kingdom,241.57,False
a2f721,United States,190.91,False
a35db6,United States,87.75,False
850e58,Japan,0.0,True
a41131,United States,241.34,False
a46ad7,United States,49.41,False
a42466,United States,0.06,True
a1b162,United States,227.24,False
a6fb71,United States,256.13,False
a71b82,United States,145.31,False
a34ae0,United States,175.67,False
a6b2de,United States,86.95,False
a96e9a,United States,217.9,False
a2f77b,United States,232.25,False
a7d2bc,United States,227.35,False
a3ada3,United States,263.4,False
a2f76f,United States,94.62,False
a95b3e,United States,48.66,False
0d0da0,Mexico,248.57,False
0d0da5,Mexico,200.17,False
0d0da8,Mexico,177.64,False
abc432,United States,223.31,False
8695c6,Japan,227.62,False
a3adb9,United States,97.59,False
ac2ab3,United States,117.94,False
ab0acb,United States,260.78,False
a83ac8,United States,50.93,False
758081,Philippines,94.84,False
71be25,Republic of Korea,217.6,False
a28192,United States,55.85,False
71be24,Republic of Korea,291.33,False
71be23,Republic of Korea,307.64,False
a23f0c,United States,191.61,False
aaa2d3,United States,263.34,False
7c7a4a,Australia,260.91,False
7c7a4d,Australia,206.74,False
c04fff,Canada,239.16,False
ad15cf,United States,261.74,False
ac3e80,United States,209.71,False
800af1,India,9.77,True
ace2b7,United States,3.09,True
4cac0f,Ireland,18.87,False
ac2b61,United States,100.91,False
71be40,Republic of Korea,258.6,False
a6516a,United States,62.25,False
7c44da,Australia,171.6,False
7c7a47,Australia,198.01,False
7c7a49,Australia,240.8,False
a2d147,United States,44.4,False
a65104,United States,273.84,False
aa9ab6,United States,234.31,False
a92729,United States,53.61,False
a173a8,United States,256.35,False
a55785,United States,251.9,False
ac2b80,United States,0.0,True
a71aa5,United States,216.51,False
8682f4,Japan,188.84,False
a449af,United States,0.0,True
7c7a8f,Australia,4.12,True
885b48,Thailand,231.76,False
885b46,Thailand,0.0,True
885b43,Thailand,71.22,False
a186e8,United States,59.54,False
885b44,Thailand,217.95,False
885b41,Thailand,127.77,False
39c427,France,297.26,False
39c428,France,284.94,False
ace2f9,United States,26.28,False
04c147,Kenya,91.23,False
c03cad,Canada,117.92,False
a71aad,United States,272.72,False
4cac66,Ireland,206.93,False
a449a2,United States,195.98,False
a449a8,United States,180.59,False
a77111,United States,279.75,False
a1e9ac,United States,238.7,False
a6c756,United States,203.91,False
a5579d,United States,79.74,False
a79768,United States,222.44,False
c04fdd,Canada,276.25,False
0d0e9b,Mexico,230.1,False
4d20c7,Malta,238.85,False
0d0e9f,Mexico,201.87,False
a11f59,United States,223.57,False
a3f161,United States,203.04,False
a09c49,United States,40.84,False
acf486,United States,196.52,False
a075df,United States,227.35,False
a0c5c6,United States,245.49,False
861bec,Japan,264.46,False
a9ccde,United States,269.99,False
0c20a6,Panama,244.88,False
86e86e,Japan,7.46,True
a4208f,United States,78.1,False
a5409e,United States,62.21,False
a92384,United States,167.19,False
800d1b,India,146.59,False
a0d8ec,United States,37.27,False
ac916e,United States,43.14,False
a2e098,United States,6.43,True
a66092,United States,74.21,False
c00700,Canada,4.12,True
a578d3,United States,25.22,False
a92361,United States,193.1,False
ab1c01,United States,49.07,False
a92367,United States,235.63,False
a48e53,United States,43.22,False
a35b39,United States,0.0,True
a5669f,United States,197.04,False
a1e5f1,United States,239.09,False
a85ce8,United States,0.0,True
0c20f3,Panama,197.24,False
a8bfeb,United States,219.18,False
a445c7,United States,279.7,False
a36e73,United States,148.42,False
7c7c76,Australia,253.69,False
0c20ce,Panama,236.15,False
861ba8,Japan,243.7,False
0c20cf,Panama,248.09,False
a445ad,United States,226.44,False
0c20d5,Panama,228.18,False
a5fcef,United States,248.16,False
40837b,United Kingdom,208.74,False
a445b0,United States,177.01,False
a6d65e,United States,230.99,False
0c20bb,Panama,238.88,False
a195f0,United States,0.06,True
a12e80,United States,111.64,False
861bca,Japan,211.67,False
a97cb5,United States,240.47,False
a445a9,United States,220.19,False
a6c35d,United States,117.41,False
a445a2,United States,1.8,True
a35b0b,United States,249.04,False
abf9d5,United States,268.44,False
a6c358,United States,221.56,False
0c20ad,Panama,230.67,False
a67399,United States,26.75,True
aa5130,United States,140.56,False
40702e,United Kingdom,223.37,False
ac3c0c,United States,247.99,False
ab1c47,United States,235.02,False
ac06d4,United States,47.43,False
aa777e,United States,0.0,True
ab975c,United States,226.21,False
c03b15,Canada,239.45,False
a3be97,United States,41.7,False
aa76ef,United States,242.44,False
aab431,United States,186.77,False
a828e1,United States,212.13,False
a2f2d8,United States,59.0,False
a48e81,United States,241.27,False
a445ef,United States,177.39,False
0c218c,Panama,248.3,False
ac3aa8,United States,223.08,False
aa0f6c,United States,31.59,False
a708ef,United States,289.8,False
a445f8,United States,206.34,False
0c2189,Panama,239.57,False
a72b40,United States,196.57,False
abc107,United States,207.14,False
ac9113,United States,178.94,False
a73e6d,United States,283.77,False
710119,Saudi Arabia,314.81,False
01013c,Egypt,276.04,False
a6d5bd,United States,197.48,False
a948c4,United States,202.18,False
a445cd,United States,0.51,True
010143,Egypt,226.42,False
a445d9,United States,249.41,False
c04e63,Canada,143.49,False
710121,Saudi Arabia,276.38,False
0c2172,Panama,246.3,False
a578e8,United States,71.41,False
a7d085,United States,229.16,False
86d594,Japan,74.91,False
ac4dfb,United States,8.23,True
abc12a,United States,164.74,False
adbdc1,United States,214.55,False
86d57f,Japan,78.69,False
a948a2,United States,137.55,False
a708b0,United States,265.63,False
ad0122,United States,209.98,False
a18403,United States,0.0,True
aa76a8,United States,203.73,False
a61e3d,United States,61.64,False
4d211b,Malta,226.33,False
a708bf,United States,181.27,False
a9238a,United States,232.07,False
c018c8,Canada,4.89,True
4d2146,Malta,209.69,False
abc14d,United States,240.52,False
a60b1e,United States,288.17,False
a48e8a,United States,136.24,False
aaa178,United States,267.12,False
39d2ae,France,263.34,False
39d2af,France,259.1,False
a24dc3,United States,82.16,False
39d2ad,France,244.2,False
a24dc1,United States,228.62,False
710190,Saudi Arabia,309.91,False
a05128,United States,51.67,False
3dfa58,Germany,57.11,False
39d2b1,France,271.54,False
39d2b2,France,281.44,False
39d2b4,France,101.97,False
a3271e,United States,180.78,False
a06464,United States,135.62,False
4d207c,Malta,138.03,False
a24dd1,United States,39.57,False
a0778f,United States,67.52,False
a96b65,United States,5.92,True
a00df9,United States,235.6,False
39d2a0,France,228.13,False
39d2a1,France,275.69,False
39d2a4,France,307.88,False
a935e0,United States,230.49,False
a552fd,United States,21.15,False
c04cf4,Canada,251.83,False
a5a2cc,United States,219.13,False
a0faf3,United States,106.18,False
aac71d,United States,239.3,False
a43423,United States,178.63,False
ab8411,United States,262.92,False
7c7ab4,Australia,233.06,False
a0fac3,United States,6.69,True
7c7ab6,Australia,212.76,False
a96b14,United States,202.05,False
3b21ff,France,0.0,True
7c7ab3,Australia,235.1,False
7c7aa3,Australia,9.77,True
7c7aa5,Australia,0.0,True
a8ae3e,United States,134.7,False
800ba9,India,245.93,False
7c7aa0,Australia,188.07,False
7c7aa1,Australia,203.83,False
71bf55,Republic of Korea,265.53,False
c01970,Canada,252.1,False
71bf53,Republic of Korea,3.6,True
a5b767,United States,62.97,False
a4478d,United States,64.82,False
a5b764,United States,217.92,False
a1c178,United States,23.78,False
c00642,Canada,244.82,False
71bf43,Republic of Korea,292.21,False
800bfa,India,114.79,False
a73dd3,United States,195.64,False
ac3b0f,United States,206.84,False
a31486,United States,202.41,False
c01968,Canada,208.49,False
a35ae4,United States,6.43,True
a6745a,United States,246.88,False
a43458,United States,0.0,True
a0a161,United States,78.3,False
7100b4,Saudi Arabia,282.51,False
aa7757,United States,265.5,False
ac18fe,United States,176.53,False
a8042c,United States,57.53,False
850edc,Japan,87.38,False
a7e40c,United States,50.83,False
a6879a,United States,56.81,False
a6b100,United States,204.01,False
c0196c,Canada,201.88,False
a17170,United States,0.0,True
71bf57,Republic of Korea,272.77,False
a54169,United States,220.07,False
a12f2a,United States,214.88,False
a339b4,United States,237.57,False
a5540c,United States,194.6,False
a24f14,United States,87.02,False
71bf02,Republic of Korea,149.03,False
ac3b51,United States,234.82,False
71bf01,Republic of Korea,183.19,False
a2919a,United States,210.85,False
71bf30,Republic of Korea,183.15,False
a076a8,United States,63.78,False
aa7718,United States,227.91,False
adab31,United States,238.05,False
71bf25,Republic of Korea,145.79,False
aafb95,United States,34.2,False
abd2e6,United States,161.35,False
71bf19,Republic of Korea,200.21,False
a12f6d,United States,230.83,False
a61f08,United States,61.43,False
86d66d,Japan,193.34,False
a196f3,United States,0.51,True
ad159b,United States,252.66,False
a12f73,United States,202.66,False
a61f05,United States,248.71,False
a699a1,United States,208.08,False
a35c0b,United States,179.56,False
a24f55,United States,0.06,True
4b191a,Switzerland,272.36,False
4b191b,Switzerland,231.17,False
4b1920,Switzerland,264.76,False
4b1921,Switzerland,265.03,False
abc292,United States,245.91,False
a4cc00,United States,87.37,False
a12f4c,United States,3.86,True
a12f52,United States,1.8,True
a96ae3,United States,262.91,False
a6e9b2,United States,37.75,False
ac929c,United States,165.79,False
a92478,United States,239.07,False
7c47ba,Australia,144.02,False
7c47bb,Australia,210.42,False
4b1941,Switzerland,226.24,False
a709b4,United States,42.8,False
aa527a,United States,219.11,False
3dd798,Germany,14.62,False
adabfe,United States,278.52,False
ab1d28,United States,6.94,True
aac7ab,United States,197.37,False
71bf93,Republic of Korea,191.38,False
a78140,United States,47.77,False
71bf92,Republic of Korea,191.03,False
71bf90,Republic of Korea,263.54,False
a23c5d,United States,183.41,False
ab0a04,United States,265.97,False
a1d3e9,United States,73.5,False
40717c,United Kingdom,240.3,False
40717d,United Kingdom,238.71,False
a6d78d,United States,42.1,False
40717a,United Kingdom,89.86,False
40717e,United Kingdom,240.12,False
71bf82,Republic of Korea,238.18,False
71bf86,Republic of Korea,234.66,False
407182,United Kingdom,257.49,False
407183,United Kingdom,190.91,False
a313bf,United States,187.82,False
a7f765,United States,158.32,False
7100bf,Saudi Arabia,257.1,False
aafd1f,United States,302.44,False
407179,United Kingdom,241.13,False
407177,United Kingdom,248.31,False
407176,United Kingdom,142.0,False
a446ba,United States,179.1,False
ab84c9,United States,285.08,False
868688,Japan,217.84,False
a97dcb,United States,233.43,False
a446b6,United States,0.0,True
a1d3b4,United States,246.96,False
abd536,United States,8.23,True
ad6ecb,United States,291.97,False
c03c44,Canada,230.45,False
ad6ecd,United States,254.74,False
3c66c4,Germany,6.17,True
ac086b,United States,151.68,False
0c2081,Panama,233.12,False
aaa224,United States,177.73,False
0c2084,Panama,243.62,False
a7f6b9,United States,235.65,False
0c2077,Panama,228.95,False
ab1be7,United States,51.91,False
a673e3,United States,39.3,False
a420af,United States,210.02,False
a923a8,United States,218.63,False
a8af51,United States,102.08,False
a35c97,United States,1.03,True
ab1bf0,United States,302.38,False
a5ec5c,United States,179.54,False
ab1bf9,United States,223.73,False
ac9233,United States,59.08,False
86d5a1,Japan,209.38,False
aaa22a,United States,52.22,False
aa64ca,United States,254.33,False
0c205b,Panama,227.11,False
aafbdf,United States,84.41,False
a540e3,United States,243.04,False
aaa244,United States,154.93,False
a433d1,United States,115.21,False
aaa247,United States,202.69,False
0c2061,Panama,233.56,False
aafbf3,United States,144.85,False
ab1bfb,United States,214.57,False
abe892,United States,194.35,False
aaa259,United States,56.04,False
a4cc95,United States,238.44,False
a4df52,United States,211.58,False
7c47b8,Australia,5.92,True
a4df56,United States,1.29,True
a4df59,United States,71.91,False
7c47aa,Australia,246.81,False
acf54f,United States,191.74,False
ab7270,United States,10.8,False
7c47ac,Australia,85.6,False
ac3beb,United States,191.77,False
7c47a8,Australia,246.46,False
a11ba0,United States,261.39,False
7c47a9,Australia,194.5,False
a6b19c,United States,55.31,False
7c47a3,Australia,200.76,False
adbee7,United States,54.18,False
a9249c,United States,231.77,False
a9baf5,United States,49.87,False
c019eb,Canada,208.25,False
abd57e,United States,0.0,True
a673a1,United States,43.69,False
aa77c0,United States,174.88,False
c006b1,Canada,140.23,False
c03c05,Canada,215.91,False
3c66b4,Germany,245.95,False
77cf32,Syrian Arab Republic,188.7,False
abc274,United States,65.48,False
0c2093,Panama,231.95,False
a85f29,United States,242.04,False
4b9065,Turkey,215.04,False
7c4875,Australia,228.63,False
a8f0bd,United States,209.63,False
a3284b,United States,199.14,False
a11bba,United States,36.23,False
4082e7,United Kingdom,66.97,False
a31533,United States,133.34,False
adac5d,United States,76.74,False
4082cc,United Kingdom,231.66,False
4082cd,United Kingdom,254.12,False
4082cb,United Kingdom,218.87,False
a4481c,United States,179.63,False
a24ef0,United States,162.85,False
75823e,Philippines,67.96,False
ae20c8,United States,0.0,True
a96c72,United States,194.84,False
a12ee7,United States,190.16,False
a24ec1,United States,207.87,False
a32844,United States,216.93,False
a923ee,United States,164.28,False
a12ee0,United States,209.42,False
a11bc8,United States,269.85,False
a06560,United States,34.2,False
a36ea8,United States,196.28,False
ac0832,United States,83.35,False
758201,Philippines,110.26,False
abe80e,United States,222.51,False
a17260,United States,32.67,False
a923cd,United States,256.21,False
a923cf,United States,76.86,False
0d0fbc,Mexico,62.66,False
a3287f,United States,53.51,False
a72c78,United States,200.75,False
a6c3ca,United States,180.82,False
a32893,United States,72.54,False
a1c229,United States,13.89,True
a9bc12,United States,153.39,False
0c200c,Panama,225.01,False
a96c2e,United States,138.12,False
abe82c,United States,184.95,False
7c7bc6,Australia,17.49,True
426e69,United Kingdom,189.12,False
a793fd,United States,207.69,False
c03af2,Canada,208.34,False
a1857f,United States,59.72,False
abd50f,United States,225.01,False
7c3559,Australia,66.65,False
7c354d,Australia,49.44,False
0d0ff8,Mexico,259.59,False
7c7c9b,Australia,5.66,True
a66233,United States,166.22,False
abe6bc,United States,44.19,False
aafc36,United States,202.09,False
a60bcb,United States,71.0,False
a79556,United States,136.11,False
adbf26,United States,212.53,False
a5fef7,United States,57.77,False
4b17ff,Switzerland,0.0,True
3c420a,Germany,1.8,True
ac06f5,United States,277.83,False
a2f584,United States,244.19,False
ab83e8,United States,195.34,False
a66251,United States,51.78,False
ac4f6f,United States,4.63,True
a0b59d,United States,0.0,True
3c4222,Germany,16.98,True
7c7c98,Australia,0.0,False
ac90a7,United States,135.95,False
abd3c7,United States,74.22,False
aa6533,United States,258.97,False
4caa41,Ireland,217.93,False
a0b4a4,United States,59.64,False
abc0c1,United States,195.98,False
ad6f83,United States,66.73,False
a81815,United States,205.36,False
a7f804,United States,239.86,False
a5fee6,United States,78.41,False
4b1917,Switzerland,228.69,False
ad13f3,United States,68.68,False
a7e509,United States,0.0,True
850fb6,Japan,101.39,False
75824e,Philippines,118.29,False
aa781f,United States,274.65,False
abc0e4,United States,3.86,True
a197c2,United States,89.58,False
a7950f,United States,196.64,False
7c4807,Australia,72.59,False
a6d83c,United States,227.34,False
