icao24,origin_country,velocity,on_ground
39de4f,France,243.2,False
a89ea5,United States,36.61,False
39de4e,France,233.08,False
a5f852,United States,7.2,True
aa3cbe,United States,0.0,True
39de4b,France,229.62,False
39de4a,France,228.47,False
a23582,United States,32.32,False
39de58,France,238.44,False
a3feee,United States,37.81,False
a5953a,United States,44.09,False
c07d20,Canada,160.14,False
39de51,France,218.71,False
39de53,France,218.88,False
39de55,France,160.31,False
39de54,France,222.97,False
a34230,United States,240.62,False
a3fefb,United States,130.68,False
801647,India,199.47,False
a41ef3,United States,230.33,False
acdfa6,United States,79.87,False
a9a0fd,United States,36.35,False
c07d11,Canada,47.1,False
ac4963,United States,100.84,False
a3b88e,United States,194.64,False
aed922,United States,84.6,False
a4c549,United States,58.28,False
ac2308,United States,188.72,False
a36898,United States,236.37,False
acdfa3,United States,213.31,False
a4c54b,United States,84.37,False
a3a578,United States,136.34,False
801616,India,137.45,False
a1befc,United States,258.82,False
a65edc,United States,58.44,False
a5d201,United States,103.96,False
ad5622,United States,236.97,False
80161c,India,104.81,False
ad5623,United States,1.54,True
a2decd,United States,69.75,False
ab0347,United States,38.1,False
a6aec4,United States,168.81,False
ad5628,United States,239.3,False
a6aec0,United States,217.95,False
a89eb9,United States,31.32,False
a0e250,United States,10.8,True
39de46,France,221.63,False
39de45,France,236.83,False
39de48,France,219.34,False
a0e23b,United States,42.71,False
39de47,France,222.22,False
39de49,France,0.0,True
ac3656,United States,148.55,False
39de40,France,230.7,False
39de42,France,238.45,False
39de41,France,214.69,False
407a01,United Kingdom,135.72,False
80166c,India,228.11,False
44028c,Austria,68.34,False
adeca5,United States,76.14,False
ab0356,United States,229.65,False
511188,Estonia,110.17,False
aad012,United States,275.9,False
4acb01,Sweden,222.05,False
acccc6,United States,69.45,False
a47597,United States,240.65,False
51116f,Estonia,223.76,False
e80252,Chile,244.14,False
4bc8c6,Turkey,74.24,False
4bc8c4,Turkey,241.82,False
c0229c,Canada,35.03,False
a9b3df,United States,36.76,False
4bc8c3,Turkey,143.9,False
ae1fd5,United States,49.61,False
e8024a,Chile,211.39,False
abf008,United States,81.04,False
511171,Estonia,248.03,False
511172,Estonia,240.76,False
a5f808,United States,251.77,False
a59519,United States,0.77,True
801699,India,225.01,False
a4d838,United States,205.85,False
4bc8d4,Turkey,234.53,False
80164f,India,231.54,False
ac101f,United States,222.14,False
a35592,United States,183.71,False
a39bfa,United States,218.21,False
471efa,Hungary,221.97,False
471efb,Hungary,251.42,False
e80270,Chile,88.06,False
471eff,Hungary,82.23,False
471efd,Hungary,219.46,False
801663,India,131.92,False
ac3688,United States,267.03,False
a3b85b,United States,52.79,False
ad3006,United States,184.85,False
51118a,Estonia,242.0,False
511195,Estonia,215.29,False
a3a541,United States,53.82,False
80165a,India,238.2,False
e8026d,Chile,233.48,False
80165d,India,237.98,False
ae6316,United States,247.04,False
511194,Estonia,185.29,False
ac1042,United States,268.1,False
a5951e,United States,78.75,False
3442c2,Spain,131.7,False
abf025,United States,265.66,False
aae36f,United States,238.84,False
a3fef1,United States,86.74,False
a4c527,United States,256.77,False
801670,India,228.93,False
0d11c0,Mexico,164.25,False
aa8075,United States,81.85,False
3455da,Spain,8.75,True
abad94,United States,171.34,False
0d11c8,Mexico,32.67,False
a114a4,United States,97.18,False
adda32,United States,68.66,False
4acb43,Sweden,59.43,False
4acb42,Sweden,220.25,False
a02a0a,United States,92.57,False
a4b294,United States,156.4,False
e80210,Chile,241.39,False
e80212,Chile,223.02,False
adda23,United States,0.0,True
ae61b7,United States,75.53,False
ac6a65,United States,280.5,False
0d11d1,Mexico,139.13,False
a9523e,United States,103.51,False
3455d7,Spain,0.0,True
440248,Austria,229.87,False
3455d8,Spain,246.04,False
adb7ee,United States,225.15,False
a03d4c,United States,134.89,False
e8020c,Chile,222.76,False
4acb58,Sweden,235.25,False
3455d5,Spain,241.63,False
a71264,United States,245.87,False
a5829d,United States,137.71,False
44023f,Austria,76.35,False
a6f23d,United States,232.31,False
a9a224,United States,82.51,False
3c5ee8,Germany,223.8,False
ae61d4,United States,205.87,False
3c5ee5,Germany,220.21,False
0d11e4,Mexico,148.0,False
aae1ff,United States,130.9,False
e8021e,Chile,219.23,False
e8021d,Chile,201.52,False
ab2916,United States,238.38,False
3455c1,Spain,248.72,False
aded77,United States,186.19,False
e48be3,Brazil,77.17,False
a71295,United States,346.11,False
a6f280,United States,271.59,False
ad41cd,United States,178.03,False
3c5ee2,Germany,235.4,False
0d11f1,Mexico,50.6,False
3c5ee1,Germany,209.75,False
80169e,India,164.22,False
3c5ef6,Germany,200.78,False
a127bb,United States,272.96,False
a34291,United States,135.55,False
0d11f9,Mexico,228.18,False
46b82d,Greece,234.77,False
46b82b,Greece,257.54,False
46b82c,Greece,110.92,False
3c5eed,Germany,208.49,False
3c5eec,Germany,221.75,False
80169c,India,115.89,False
3c5eeb,Germany,222.6,False
46b82f,Greece,186.78,False
e80244,Chile,258.36,False
a5d28e,United States,226.18,False
c0226c,Canada,219.24,False
a5d28c,United States,187.57,False
3c5ef0,Germany,213.23,False
e48bf8,Brazil,125.28,False
ae61c4,United States,235.43,False
a5f894,United States,156.46,False
c07bc7,Canada,209.91,False
440219,Austria,235.92,False
a6aef7,United States,129.75,False
a84546,United States,53.55,False
a27d4a,United States,67.23,False
ac490c,United States,73.7,False
a7254e,United States,84.63,False
46b831,Greece,223.87,False
46b832,Greece,181.1,False
46b830,Greece,214.14,False
44020c,Austria,226.52,False
ac4917,United States,247.47,False
a6188e,United States,50.31,False
a8eed8,United States,243.19,False
a58267,United States,207.9,False
440209,Austria,218.67,False
ae61e1,United States,103.0,False
aded7e,United States,45.97,False
ab1614,United States,35.06,False
a101c3,United States,112.3,False
a114f4,United States,194.45,False
a4c592,United States,224.4,False
a5958c,United States,273.13,False
a5f87d,United States,45.39,False
46b821,Greece,235.64,False
46b825,Greece,1.29,True
46b822,Greece,87.53,False
46b826,Greece,235.79,False
abbfa4,United States,39.18,False
a39d0f,United States,25.13,False
867fac,Japan,151.56,False
a1ad1f,United States,32.48,False
ab6fbf,United States,219.25,False
aa3ce7,United States,276.32,False
4acb5a,Sweden,231.65,False
aaf617,United States,223.58,False
a8a82f,United States,211.4,False
a39d11,United States,174.37,False
a96521,United States,140.22,False
e80207,Chile,220.22,False
a7bbb2,United States,262.71,False
a2ba48,United States,246.59,False
a4fa16,United States,280.53,False
a4d7f0,United States,89.05,False
aa07f9,United States,202.97,False
a101f9,United States,0.0,True
c0482a,Canada,258.58,False
a3da32,United States,46.71,False
ab5d37,United States,68.03,False
a88d01,United States,237.03,False
a4c4aa,United States,177.48,False
a5f7e5,United States,167.6,False
c03517,Canada,86.0,False
a00915,United States,48.09,False
a51a38,United States,237.88,False
885221,Thailand,265.54,False
343194,Spain,5.92,True
ac34a0,United States,238.2,False
885223,Thailand,239.53,False
a474bf,United States,84.78,False
c0481b,Canada,252.71,False
a26a4f,United States,309.45,False
a0090f,United States,190.41,False
a0e1f3,United States,105.01,False
8014ae,India,225.6,False
a00929,United States,208.96,False
ab14ba,United States,42.2,False
4aca82,Sweden,190.99,False
4aca81,Sweden,208.85,False
accd10,United States,119.64,False
393323,France,132.14,False
4aca84,Sweden,218.24,False
ad9d0f,United States,52.5,False
a2ba24,United States,2.06,True
4aca83,Sweden,213.31,False
4aca85,Sweden,233.92,False
4aca88,Sweden,5.92,True
c81d7e,New Zealand,240.56,False
8a047a,Indonesia,134.71,False
c0484c,Canada,92.15,False
a857ce,United States,68.41,False
a091f3,United States,174.2,False
a354e0,United States,70.8,False
e07583,Argentina,152.42,False
e07582,Argentina,251.12,False
a3ed7c,United States,174.73,False
a474b9,United States,53.88,False
84d283,Japan,242.33,False
4aca90,Sweden,193.11,False
a5f7dc,United States,190.85,False
a4b1c7,United States,184.09,False
ac34c7,United States,59.17,False
a2cd44,United States,43.47,False
ad67ae,United States,215.22,False
4aca96,Sweden,225.75,False
4aca99,Sweden,225.93,False
a234ef,United States,267.31,False
a3ed91,United States,222.57,False
c0483e,Canada,0.0,True
aaf4d3,United States,5.14,True
4aca8a,Sweden,100.32,False
4aca8d,Sweden,257.1,False
ac47de,United States,181.28,False
4aca8f,Sweden,200.02,False
a857c9,United States,230.02,False
344498,Spain,210.48,False
a857c2,United States,172.78,False
a26a45,United States,47.04,False
a6f28c,United States,4.89,True
ac21a7,United States,72.02,False
e49eec,Brazil,241.58,False
a2ba7e,United States,237.49,False
a0093e,United States,75.12,False
aa3d08,United States,53.86,False
ad54c0,United States,48.49,False
3c5eee,Germany,209.85,False
8014db,India,138.81,False
ac34bf,United States,83.61,False
4520cf,Bulgaria,223.91,False
4520ce,Bulgaria,201.05,False
344481,Spain,228.56,False
a40d8d,United States,192.81,False
8014ed,India,207.4,False
4400ec,Austria,213.8,False
0d1296,Mexico,92.81,False
a00966,United States,43.92,False
471f9a,Hungary,216.36,False
adb7b8,United States,3.09,True
4520fb,Bulgaria,232.6,False
8014c4,India,150.31,False
8014af,India,85.92,False
471f81,Hungary,105.86,False
471f86,Hungary,157.55,False
a64d15,United States,26.23,False
acba1b,United States,208.31,False
471f6a,Hungary,138.84,False
471f6d,Hungary,219.18,False
e49ed5,Brazil,72.43,False
471f6b,Hungary,167.62,False
a3da0d,United States,53.35,False
4520eb,Bulgaria,227.74,False
abad6c,United States,229.3,False
34444b,Spain,227.2,False
a95277,United States,203.95,False
344459,Spain,202.55,False
a8dbfb,United States,49.94,False
aa0909,United States,167.8,False
471f66,Hungary,225.73,False
471f67,Hungary,183.94,False
a03cd4,United States,212.4,False
471f65,Hungary,223.19,False
ad422c,United States,46.33,False
471f62,Hungary,225.05,False
a27ca5,United States,43.84,False
a99a52,United States,186.98,False
7809a6,China,236.42,False
344449,Spain,239.66,False
a4d905,United States,143.46,False
471f77,Hungary,219.02,False
471f78,Hungary,112.29,False
471f71,Hungary,250.43,False
a9ea32,United States,235.66,False
471f70,Hungary,180.96,False
471f75,Hungary,233.94,False
471f76,Hungary,242.11,False
a08004,United States,186.23,False
a03ce6,United States,218.79,False
a951ce,United States,40.44,False
aae26f,United States,44.78,False
0d1258,Mexico,77.77,False
a16ff1,United States,221.43,False
4400b7,Austria,224.14,False
471f5c,Hungary,198.19,False
4400b3,Austria,252.02,False
4400b2,Austria,225.34,False
a73909,United States,51.42,False
742838,Jordan,239.31,False
a63a9f,United States,258.42,False
7809b9,China,236.71,False
ae6246,United States,39.39,False
471f41,Hungary,225.8,False
ae6251,United States,33.36,False
e49f7a,Brazil,133.97,False
aae27f,United States,144.96,False
e48c4d,Brazil,224.34,False
4520aa,Bulgaria,228.32,False
471f58,Hungary,205.51,False
471f55,Hungary,230.86,False
4400d0,Austria,254.71,False
c07c7b,Canada,203.87,False
a0f60d,United States,54.43,False
c07c7a,Canada,237.49,False
34440a,Spain,226.4,False
ae6242,United States,44.6,False
a03cc5,United States,256.16,False
471f3d,Hungary,216.47,False
a831e5,United States,199.06,False
344416,Spain,217.18,False
a8ca31,United States,77.39,False
344417,Spain,4.37,True
c07c92,Canada,168.38,False
a46309,United States,34.7,False
a46304,United States,223.44,False
344409,Spain,13.38,True
a76d5a,United States,73.05,False
a6f1a4,United States,28.99,False
471f35,Hungary,229.72,False
a40ca4,United States,147.15,False
a5f7fe,United States,142.81,False
471f37,Hungary,235.49,False
a75a21,United States,254.32,False
a1034e,United States,55.08,False
a51a76,United States,146.83,False
471f31,Hungary,235.15,False
471f32,Hungary,153.44,False
801611,India,244.71,False
0d1216,Mexico,64.99,False
0d1219,Mexico,201.97,False
471f00,Hungary,218.88,False
a75a57,United States,43.3,False
a88d70,United States,177.24,False
ae6288,United States,170.74,False
a08021,United States,225.0,False
a977d4,United States,159.87,False
ac47b7,United States,136.35,False
a857ff,United States,49.46,False
a3b90e,United States,260.41,False
80174b,India,209.91,False
a9ea9c,United States,37.28,False
a2ccef,United States,172.86,False
aa8114,United States,269.03,False
a46345,United States,157.37,False
ab175a,United States,96.4,False
a76cb4,United States,211.85,False
a40cdf,United States,110.65,False
ac2412,United States,236.49,False
407b55,United Kingdom,227.67,False
80175f,India,230.6,False
abadc0,United States,154.86,False
c81ac5,New Zealand,63.97,False
a3301a,United States,134.56,False
ac3751,United States,0.0,True
c07e32,Canada,254.23,False
a5d319,United States,259.9,False
a40cd9,United States,0.0,True
50037e,San Marino,236.68,False
a1f00e,United States,78.2,False
e49f12,Brazil,76.79,False
a64ce6,United States,243.31,False
abadd6,United States,262.04,False
801743,India,162.1,False
a71337,United States,99.89,False
ac2439,United States,200.61,False
a64cce,United States,290.04,False
a71335,United States,0.06,True
a36991,United States,72.49,False
abf105,United States,32.32,False
a85964,United States,257.72,False
a7130c,United States,237.24,False
801752,India,68.42,False
8852e4,Thailand,12.39,False
a46310,United States,118.69,False
c035d4,Canada,7.46,True
8852e1,Thailand,252.3,False
a1acdb,United States,66.38,False
8852e3,Thailand,269.79,False
47a039,Norway,6.17,True
a2dff5,United States,70.32,False
a76cc0,United States,133.05,False
8852e2,Thailand,258.83,False
c07e51,Canada,229.47,False
80173e,India,5.14,True
490688,Portugal,107.7,False
c035bf,Canada,161.09,False
a65fb8,United States,98.91,False
0d10e7,Mexico,121.84,False
e48c42,Brazil,259.91,False
a9ea63,United States,54.21,False
407b8b,United Kingdom,232.41,False
407b8f,United Kingdom,231.88,False
abadf9,United States,198.8,False
3c4b27,Germany,246.0,False
a45051,United States,252.2,False
a87a98,United States,47.63,False
a9ea61,United States,32.23,False
e49f5a,Brazil,139.49,False
af8400,United States,111.86,False
a02b00,United States,98.01,False
ad9df4,United States,142.87,False
50038c,San Marino,253.49,False
ac245c,United States,218.85,False
0d10f6,Mexico,205.52,False
ab0485,United States,0.13,True
3430cd,Spain,214.48,False
3430cc,Spain,244.92,False
a128be,United States,36.22,False
a87a97,United States,59.43,False
e4a6af,Brazil,54.06,False
80179a,India,158.75,False
ac6ad9,United States,50.95,False
a61949,United States,0.0,True
a008df,United States,227.17,False
ad9de6,United States,75.39,False
a7260e,United States,65.65,False
a8dd7a,United States,51.41,False
a3ffeb,United States,55.45,False
a85931,United States,205.4,False
e49f48,Brazil,156.01,False
0d10fd,Mexico,81.9,False
407b70,United Kingdom,210.75,False
abf11f,United States,130.7,False
ac379a,United States,85.01,False
a9fd5e,United States,68.17,False
80044b,India,201.13,False
a4634b,United States,129.18,False
a3fffc,United States,234.42,False
a3a65f,United States,224.35,False
a4d979,United States,264.12,False
3c4b4e,Germany,239.68,False
a4b319,United States,73.64,False
ac247a,United States,263.42,False
3c4b4b,Germany,220.86,False
ad42db,United States,39.87,False
3443d4,Spain,213.32,False
3443d2,Spain,210.7,False
3443d3,Spain,253.13,False
a5707c,United States,62.76,False
a6f380,United States,36.58,False
a70066,United States,52.81,False
c0104f,Canada,246.05,False
a8dcee,United States,202.69,False
addb2b,United States,128.06,False
a84699,United States,59.48,False
ad8b61,United States,222.14,False
a368b2,United States,55.58,False
a092c3,United States,67.49,False
a6f35c,United States,0.0,True
a092c6,United States,175.97,False
c01074,Canada,131.06,False
a9532b,United States,161.93,False
ad8b97,United States,43.36,False
4aca04,Sweden,230.0,False
4aca05,Sweden,138.96,False
4aca08,Sweden,228.86,False
0d10bc,Mexico,212.9,False
4aca09,Sweden,1.8,True
a5f8a5,United States,52.48,False
a5c077,United States,52.17,False
a02b27,United States,277.19,False
4aca12,Sweden,220.29,False
a6e055,United States,236.66,False
a9c97b,United States,55.41,False
505ca6,Slovakia,83.47,False
a6e062,United States,50.66,False
a3ee31,United States,261.16,False
addb4a,United States,154.68,False
4aca0a,Sweden,229.09,False
4aca0d,Sweden,0.0,True
a02b30,United States,79.48,False
a1ae05,United States,73.16,False
4bb4f0,Turkey,225.94,False
4aca66,Sweden,239.8,False
a8dcb2,United States,55.53,False
4aca67,Sweden,235.38,False
a7133f,United States,238.84,False
a5e679,United States,263.56,False
a26b51,United States,250.55,False
8016a5,India,242.28,False
a27e88,United States,88.12,False
a222b2,United States,106.97,False
a2bb10,United States,114.72,False
4aca73,Sweden,218.15,False
a9797b,United States,21.15,False
a6f326,United States,69.75,False
4aca75,Sweden,0.0,True
ac370b,United States,172.77,False
a9b62c,United States,244.0,False
a9b62a,United States,229.09,False
4aca78,Sweden,224.64,False
4bb4ee,Turkey,220.87,False
a7cfe6,United States,178.43,False
a8a97b,United States,58.25,False
4aca6b,Sweden,237.57,False
a89fda,United States,211.3,False
4aca6d,Sweden,223.3,False
8016b7,India,147.18,False
8016b8,India,124.5,False
a6f31d,United States,53.94,False
a475a3,United States,230.57,False
aaf724,United States,47.35,False
a8dcba,United States,50.42,False
471fa9,Hungary,168.67,False
a15e70,United States,206.35,False
4aca46,Sweden,90.66,False
a355b1,United States,160.87,False
a02b4a,United States,81.29,False
440352,Austria,243.7,False
a6e030,United States,62.13,False
471fa4,Hungary,229.15,False
471fa2,Hungary,215.45,False
471fa5,Hungary,218.11,False
471fa0,Hungary,0.0,True
44034b,Austria,225.01,False
aa944a,United States,226.48,False
471fac,Hungary,226.62,False
4bb4e3,Turkey,223.47,False
471faa,Hungary,221.31,False
aa2abc,United States,273.89,False
471fae,Hungary,243.62,False
ab0425,United States,0.06,True
a368d3,United States,242.06,False
505ce6,Slovakia,219.39,False
ac3731,United States,232.15,False
4aca4a,Sweden,202.99,False
c02358,Canada,193.18,False
ab4aa2,United States,57.12,False
46b927,Greece,132.8,False
a15e6c,United States,5.92,True
8015c1,India,13.12,False
0d118f,Mexico,233.58,False
ab15ba,United States,242.01,False
ab4b20,United States,65.01,False
a462c4,United States,54.99,False
a51b58,United States,114.96,False
a4c5f9,United States,81.12,False
c0360e,Canada,237.8,False
ab4b34,United States,8.23,True
505e8e,Slovakia,154.53,False
ab4b2a,United States,277.82,False
aa2b21,United States,198.6,False
8015d9,India,207.82,False
a39e7d,United States,221.7,False
a9a38b,United States,38.81,False
aae2a5,United States,245.84,False
46da6c,Greece,186.41,False
a858f3,United States,271.19,False
8015a7,India,112.88,False
781a4b,China,259.12,False
ab5e6c,United States,192.5,False
a9a397,United States,251.38,False
acce1b,United States,172.44,False
8015ad,India,95.7,False
a64e88,United States,33.63,False
0d114a,Mexico,290.14,False
ad8b1d,United States,261.13,False
a09402,United States,0.0,True
e4a749,Brazil,71.45,False
aa08d4,United States,69.74,False
a3b8f5,United States,221.17,False
abae62,United States,5.4,True
885308,Thailand,221.17,False
885303,Thailand,258.25,False
a738a3,United States,75.48,False
c06a8d,Canada,124.71,False
e49dde,Brazil,210.88,False
acce3f,United States,220.02,False
a3a5d9,United States,270.79,False
ac7e80,United States,170.69,False
a9b67b,United States,190.18,False
3c4ad7,Germany,0.0,True
34324f,Spain,214.11,False
34324e,Spain,241.04,False
a725a7,United States,127.62,False
3c4acd,Germany,212.2,False
a52e54,United States,215.92,False
c81c9e,New Zealand,142.27,False
a63b03,United States,212.21,False
0d1184,Mexico,50.82,False
a52e4e,United States,90.61,False
addb24,United States,76.12,False
ad9e7a,United States,202.21,False
88530f,Thailand,216.38,False
ad9e73,United States,0.0,True
a605bd,United States,32.82,False
abae8f,United States,162.75,False
a582a9,United States,271.74,False
a03da1,United States,1.03,True
39348e,France,208.87,False
abae94,United States,31.82,False
885313,Thailand,176.26,False
adece7,United States,34.39,False
e48b64,Brazil,202.8,False
e48b65,Brazil,221.27,False
4bc855,Turkey,233.62,False
a8de7d,United States,259.2,False
a1adab,United States,173.46,False
c021f6,Canada,177.01,False
4401e9,Austria,239.16,False
4401e8,Austria,218.71,False
4401e4,Austria,254.75,False
a15de9,United States,303.3,False
0d111a,Mexico,234.8,False
0d111b,Mexico,209.78,False
a99b79,United States,84.63,False
a60701,United States,89.84,False
34454b,Spain,243.36,False
aae391,United States,199.56,False
a832e1,United States,48.09,False
e4a5e3,Brazil,70.53,False
34454a,Spain,107.87,False
e4a5e2,Brazil,59.48,False
344557,Spain,2.31,True
a99b83,United States,223.01,False
c06a64,Canada,42.62,False
0d1138,Mexico,182.31,False
a88e8a,United States,249.79,False
ada64d,United States,202.54,False
ae632d,United States,64.58,False
70203e,Bangladesh,275.66,False
aa92fc,United States,290.66,False
0d112a,Mexico,197.86,False
0d112c,Mexico,242.48,False
c06a7d,Canada,191.9,False
0d1142,Mexico,96.66,False
4401fa,Austria,137.8,False
a87b97,United States,63.63,False
0d1146,Mexico,211.05,False
ad4395,United States,171.95,False
0d113b,Mexico,215.94,False
ad4390,United States,221.35,False
4bc849,Turkey,243.9,False
4bc845,Turkey,200.45,False
4bc846,Turkey,214.67,False
4401dc,Austria,226.36,False
a965fb,United States,25.89,False
ada66e,United States,183.78,False
a35701,United States,124.1,False
aa92f9,United States,247.52,False
4401f7,Austria,231.24,False
ad4386,United States,46.27,False
abf06f,United States,41.11,False
4bc88b,Turkey,210.91,False
a582f9,United States,206.83,False
4bc899,Turkey,241.91,False
4787b3,Norway,223.11,False
a8de56,United States,211.87,False
801723,India,148.16,False
a99b1b,United States,267.29,False
a14ae0,United States,4.63,True
ad3067,United States,196.36,False
4bc88f,Turkey,233.52,False
a39dca,United States,271.12,False
abf086,United States,42.23,False
c021a4,Canada,57.53,False
a4fb87,United States,67.91,False
a2111a,United States,91.06,False
a712be,United States,69.7,False
ac7e18,United States,242.59,False
a63b94,United States,133.14,False
a5d2f9,United States,234.57,False
4bc883,Turkey,250.12,False
a4771b,United States,272.64,False
c06a50,Canada,10.29,True
aa92c2,United States,163.72,False
a5d2fb,United States,78.5,False
a712e1,United States,154.14,False
4787a0,Norway,0.0,True
abf09e,United States,0.06,True
c034e8,Canada,77.89,False
4bc885,Turkey,251.45,False
4bc894,Turkey,229.36,False
4bb563,Turkey,254.47,False
aaf5b1,United States,233.28,False
4bc892,Turkey,218.65,False
ac48bb,United States,31.59,False
a4996b,United States,206.37,False
a41cc6,United States,64.04,False
a0f355,United States,211.89,False
c2b053,Canada,86.55,False
a66fc1,United States,55.29,False
a86920,United States,151.67,False
c058b4,Canada,234.19,False
a4d624,United States,71.3,False
c058ae,Canada,273.91,False
a4995f,United States,225.38,False
a34008,United States,68.36,False
a35336,United States,274.62,False
a09054,United States,78.2,False
a2467a,United States,67.94,False
ab2742,United States,50.95,False
440096,Austria,219.45,False
4068f6,United Kingdom,247.58,False
a1bce2,United States,61.91,False
e072d0,Argentina,238.01,False
c058d4,Canada,162.61,False
c07b05,Canada,87.79,False
801860,India,141.61,False
801864,India,199.22,False
80184e,India,261.62,False
c058cd,Canada,238.56,False
ab2760,United States,249.6,False
ac340a,United States,259.83,False
ab2764,United States,108.61,False
a24666,United States,311.91,False
c058c3,Canada,3.86,True
a24663,United States,43.02,False
801874,India,210.77,False
a6030e,United States,41.27,False
a36636,United States,0.06,True
e072cf,Argentina,253.3,False
c03397,Canada,96.21,False
aaf41f,United States,38.07,False
440065,Austria,143.02,False
a0907f,United States,42.55,False
440062,Austria,219.03,False
44004f,Austria,99.04,False
452037,Bulgaria,238.3,False
3c4a0d,Germany,257.36,False
3c4a0c,Germany,4.37,True
a04e00,United States,240.61,False
3453cc,Spain,214.69,False
440047,Austria,219.06,False
c0204c,Canada,117.74,False
3453d3,Spain,238.44,False
440052,Austria,219.57,False
3c4a14,Germany,8.23,True
ac7aa9,United States,218.63,False
aaf446,United States,43.41,False
452023,Bulgaria,0.06,True
44006e,Austria,8.23,True
8a04f7,Indonesia,240.37,False
a11380,United States,229.66,False
ac210e,United States,11.32,True
a86904,United States,131.38,False
484fdf,Kingdom of the Netherlands,217.63,False
a3401a,United States,0.0,True
440083,Austria,228.15,False
a3c94c,United States,245.55,False
440081,Austria,233.32,False
440080,Austria,0.0,True
a74923,United States,246.37,False
ac7aaa,United States,86.96,False
80189e,India,237.33,False
ad6755,United States,265.16,False
ad6758,United States,205.9,False
e80040,Chile,206.29,False
c2c31d,Canada,87.46,False
e80046,Chile,203.59,False
440075,Austria,176.49,False
a3799a,United States,88.84,False
800584,India,45.27,True
e80047,Chile,3.6,True
ab013c,United States,158.54,False
ae1dac,United States,34.32,False
70209e,Bangladesh,248.79,False
ad674f,United States,191.11,False
a88a6a,United States,85.05,False
c04688,Canada,191.71,False
a7ccce,United States,194.01,False
a6acf7,United States,38.71,False
c02023,Canada,61.5,False
ae1e4f,United States,198.33,False
440018,Austria,153.91,False
a7101e,United States,236.76,False
ad52c2,United States,169.44,False
adfe49,United States,119.71,False
e4a65c,Brazil,132.33,False
abab43,United States,32.45,False
a6f00d,United States,208.43,False
a9c631,United States,247.61,False
accb22,United States,209.38,False
440005,Austria,236.28,False
a6169a,United States,83.61,False
ac32cf,United States,6.69,True
a8431a,United States,172.21,False
a018ee,United States,207.14,False
a258b4,United States,148.68,False
a8697f,United States,200.18,False
a9895c,United States,172.84,False
45a953,Denmark,230.29,False
c03372,Canada,125.65,False
a8b964,United States,213.09,False
c02047,Canada,64.51,False
440036,Austria,69.94,False
a4b074,United States,186.91,False
a4b065,United States,216.05,False
a5939c,United States,222.28,False
abab67,United States,241.82,False
ac32f2,United States,0.0,True
ab5b8c,United States,236.46,False
ad9b5e,United States,0.0,True
ad52bb,United States,48.23,False
a5e395,United States,158.24,False
c04693,Canada,176.35,False
adfe4c,United States,112.63,False
a47364,United States,259.95,False
a89cdc,United States,49.09,False
44001f,Austria,183.2,False
44001c,Austria,240.42,False
44001a,Austria,234.21,False
a245c0,United States,43.75,False
a6bfe8,United States,68.94,False
a4d65c,United States,152.3,False
a8a614,United States,36.54,False
ae1e8d,United States,111.05,False
a9d91a,United States,35.2,False
adfe90,United States,121.54,False
a97626,United States,186.77,False
a91fd7,United States,54.74,False
accb65,United States,146.15,False
a5e31c,United States,226.18,False
a258ed,United States,13.89,False
a2de17,United States,6.94,True
a3fcfb,United States,254.28,False
47c1f7,Norway,207.11,False
a5934d,United States,67.38,False
a90cb0,United States,58.13,False
3c4a8c,Germany,251.01,False
a9d932,United States,51.66,False
a03b67,United States,275.04,False
a77cb8,United States,51.18,False
a138dc,United States,150.38,False
8017a0,India,161.26,False
a258be,United States,185.75,False
c0332c,Canada,237.32,False
a89caa,United States,31.02,False
a5d007,United States,274.45,False
a8b926,United States,261.66,False
a3409b,United States,46.89,False
a97608,United States,242.94,False
a5d000,United States,59.73,False
e085d8,Argentina,62.33,False
aa4dd2,United States,207.64,False
a5d00a,United States,38.81,False
a61697,United States,48.46,False
c0464c,Canada,49.9,False
aa0759,United States,184.53,False
ab271f,United States,172.98,False
adfe8d,United States,119.87,False
a3a391,United States,50.03,False
5001d3,San Marino,279.18,False
8003b1,India,233.75,False
344297,Spain,210.98,False
a52b19,United States,286.03,False
47c1c2,Norway,5.92,True
aae09f,United States,225.19,False
c81b24,New Zealand,136.9,False
a2cb32,United States,253.49,False
89611e,United Arab Emirates,259.41,False
a95090,United States,14.23,False
a95094,United States,181.79,False
a39b35,United States,98.51,False
a8b8a3,United States,46.11,False
a41e2c,United States,158.39,False
8016af,India,237.21,False
8016ad,India,207.93,False
aa18c4,United States,118.75,False
34558e,Spain,160.1,False
aa908e,United States,267.01,False
4891b9,Poland,93.32,False
a9c699,United States,59.32,False
a9638b,United States,46.53,False
a39b0b,United States,51.59,False
a6ae0d,United States,81.03,False
aa9093,United States,203.03,False
a65e60,United States,55.56,False
a1be3a,United States,126.15,False
a365b7,United States,164.06,False
8016bf,India,132.85,False
a65e4e,United States,33.54,False
5001dc,San Marino,82.36,False
896120,United Arab Emirates,260.32,False
a112e1,United States,46.94,False
a2de1f,United States,67.35,False
a41e29,United States,277.2,False
a4d5cc,United States,57.89,False
a0f2c6,United States,55.75,False
406948,United Kingdom,262.97,False
a15b4c,United States,256.09,False
a6f04c,United States,261.2,False
a9c66a,United States,235.98,False
8003f3,India,207.91,False
e49caa,Brazil,103.87,False
471d60,Hungary,177.48,False
471d66,Hungary,203.73,False
a9b33b,United States,246.18,False
471d64,Hungary,1.03,False
a508b9,United States,109.08,False
c1ea41,Canada,1.03,True
c1ea42,Canada,13.89,True
a41e90,United States,3.6,True
e4a612,Brazil,101.13,False
e49cbe,Brazil,76.18,False
a12709,United States,217.52,False
a96384,United States,40.97,False
471d5e,Hungary,216.06,False
a472c7,United States,130.62,False
a472ac,United States,51.81,False
ab5b4b,United States,56.53,False
abab21,United States,40.04,False
a41e74,United States,181.75,False
8003e4,India,270.39,False
406997,United Kingdom,69.06,False
a4d5a1,United States,222.45,False
a352c9,United States,241.92,False
c07a7c,Canada,7.72,True
a97690,United States,65.35,False
a485cf,United States,3.92,False
4784c2,Norway,103.11,False
a9b338,United States,11.28,False
c1ea32,Canada,8.75,True
344217,Spain,135.52,False
a12733,United States,201.04,False
a77e97,United States,234.04,False
ad6668,United States,48.12,False
a12735,United States,280.11,False
aed61d,United States,0.0,True
a9c5c5,United States,0.0,True
a6ae97,United States,40.68,False
a842ac,United States,230.34,False
aa3b78,United States,155.3,False
af094e,United States,63.34,False
a16db9,United States,269.46,False
a8ee5d,United States,82.67,False
a722d7,United States,161.54,False
a1272d,United States,253.42,False
a1272f,United States,299.93,False
acdcc8,United States,49.74,False
a988f0,United States,264.05,False
89617c,United Arab Emirates,106.06,False
a12710,United States,134.63,False
a12711,United States,194.84,False
896198,United Arab Emirates,269.73,False
a842e2,United States,195.64,False
a8ee45,United States,51.75,False
ac2038,United States,118.77,False
a04da8,United States,145.25,False
ac335b,United States,229.7,False
896191,United Arab Emirates,272.48,False
aca98d,United States,44.1,False
c031ba,Canada,196.69,False
a8a5bf,United States,49.8,False
a90e61,United States,71.75,False
a88b64,United States,120.38,False
3c4b23,Germany,241.08,False
8a05ac,Indonesia,233.45,False
c031c9,Canada,5.14,True
8a05ad,Indonesia,136.49,False
8a05ae,Indonesia,232.29,False
ad533d,United States,210.39,False
a1270a,United States,186.6,False
a1270b,United States,154.97,False
aa4e80,United States,230.88,False
e48a81,Brazil,0.0,True
80182a,India,242.29,False
a12777,United States,144.93,False
a89e2b,United States,38.59,False
aa05f6,United States,167.46,False
a988d0,United States,79.51,False
a24757,United States,197.53,False
a602ab,United States,254.75,False
a5e2a2,United States,113.6,False
a15aaa,United States,80.91,False
a5e2a1,United States,277.16,False
c044b2,Canada,160.61,False
c07a08,Canada,50.34,False
896174,United Arab Emirates,321.74,False
e49d9b,Brazil,87.92,False
ae6030,United States,61.66,False
896177,United Arab Emirates,213.0,False
a4870d,United States,216.73,False
ad5384,United States,42.21,False
ac205f,United States,222.81,False
80183b,India,242.33,False
a5f5bf,United States,261.2,False
a748f8,United States,152.47,False
aa18fc,United States,134.55,False
a15aae,United States,154.6,False
a3a2f8,United States,64.79,False
ab38a1,United States,303.66,False
a1276f,United States,51.97,False
896189,United Arab Emirates,133.1,False
a988da,United States,49.8,False
a748ec,United States,264.33,False
896182,United Arab Emirates,275.78,False
a12750,United States,254.97,False
a9b39e,United States,83.38,False
a12755,United States,4.63,True
a1bda2,United States,77.13,False
a12756,United States,163.88,False
a12758,United States,139.91,False
40690a,United Kingdom,208.41,False
40690d,United Kingdom,235.52,False
40690c,United Kingdom,216.77,False
a64b4f,United States,43.27,False
801819,India,79.75,False
5001ac,San Marino,130.83,False
ac339b,United States,60.7,False
80180b,India,132.89,False
a722b1,United States,239.56,False
a4c2f8,United States,150.74,False
ab38aa,United States,161.22,False
801823,India,131.46,False
a1141a,United States,20.94,False
801828,India,232.51,False
a88b16,United States,58.16,False
a5e2be,United States,41.47,False
a1146e,United States,45.76,False
ab284d,United States,215.94,False
a73735,United States,83.03,False
ab1534,United States,118.35,False
3c00af,Germany,3.86,True
c046a0,Canada,94.86,False
39dd48,France,119.42,False
ac4843,United States,244.6,False
042017,Equatorial Guinea,206.2,False
47b12e,Norway,245.29,False
ab5bb1,United States,183.12,False
a34119,United States,247.18,False
39dd45,France,0.0,True
a77dae,United States,1.54,True
a39aa7,United States,210.97,False
a12796,United States,295.46,False
a65dd6,United States,51.37,False
a52ac3,United States,99.36,False
a28deb,United States,58.16,False
a35435,United States,47.9,False
a47408,United States,67.63,False
a28de3,United States,151.78,False
a24789,United States,226.6,False
ac8ee5,United States,168.33,False
a48730,United States,165.96,False
a1bdcc,United States,25.56,False
ab021b,United States,28.85,False
a27aab,United States,111.13,False
c059df,Canada,223.59,False
ac486a,United States,114.81,False
452163,Bulgaria,226.25,False
478791,Norway,114.54,False
440179,Austria,86.61,False
440181,Austria,189.3,False
ae1eba,United States,68.85,False
aa0828,United States,47.12,False
44015a,Austria,235.81,False
ac221b,United States,56.59,False
a04f25,United States,92.33,False
a9fb67,United States,8.75,True
a7bb77,United States,0.0,True
a3413f,United States,55.46,False
45213d,Bulgaria,238.5,False
47878d,Norway,0.0,False
a842f8,United States,253.74,False
ad684c,United States,44.09,False
440170,Austria,199.52,False
abbedb,United States,96.81,False
478772,Norway,222.29,False
adfed7,United States,85.14,False
452181,Bulgaria,270.37,False
a39ada,United States,227.9,False
00b356,South Africa,80.0,False
e49d10,Brazil,57.15,False
a8db3b,United States,175.07,False
440198,Austria,190.62,False
45216e,Bulgaria,217.39,False
ac2233,United States,73.37,False
a47454,United States,45.69,False
adfebc,United States,268.98,False
45caae,Denmark,108.97,False
39dd53,France,171.42,False
a8db54,United States,55.75,False
a2348d,United States,254.65,False
a3411f,United States,122.43,False
ac7bf8,United States,236.58,False
a53dac,United States,196.17,False
a8db4d,United States,63.28,False
a23494,United States,6.17,True
a0918c,United States,70.14,False
a27aee,United States,232.69,False
a36799,United States,4.63,True
a019af,United States,47.85,False
452166,Bulgaria,197.85,False
471dbf,Hungary,224.84,False
45caa7,Denmark,145.47,False
ab13ff,United States,53.7,False
45caa6,Denmark,111.76,False
471dbd,Hungary,169.16,False
c02141,Canada,142.87,False
471dbe,Hungary,242.31,False
ab5c91,United States,189.56,False
45caa8,Denmark,213.66,False
ad53ce,United States,142.16,False
a9b41d,United States,38.08,False
471dbc,Hungary,191.25,False
47873a,Norway,110.99,False
440132,Austria,200.3,False
a5949e,United States,242.35,False
452119,Bulgaria,200.82,False
a72482,United States,40.85,False
471dc0,Hungary,204.41,False
45caa1,Denmark,133.43,False
abac67,United States,44.27,False
a28f12,United States,184.43,False
a34199,United States,217.14,False
440128,Austria,221.82,False
a126c3,United States,0.51,False
c0345a,Canada,27.84,False
a3c9b4,United States,152.12,False
8018b9,India,219.04,False
a03c41,United States,296.26,False
a4b16c,United States,84.65,False
ac20e7,United States,187.77,False
e4a526,Brazil,218.96,False
300a62,Italy,212.47,False
a006b7,United States,60.31,False
e4a527,Brazil,79.78,False
a6049b,United States,160.73,False
471da8,Hungary,220.67,False
a9b402,United States,105.47,False
452138,Bulgaria,240.31,False
a5818b,United States,149.58,False
ae73e6,United States,79.24,False
471daf,Hungary,222.4,False
c03487,Canada,224.47,False
a04f49,United States,185.55,False
39ca81,France,64.32,False
471db6,Hungary,243.29,False
471db7,Hungary,227.25,False
471db8,Hungary,214.9,False
452126,Bulgaria,253.26,False
a126ea,United States,107.52,False
a126eb,United States,284.75,False
a15c54,United States,236.74,False
4bb2aa,Turkey,230.54,False
a1ac38,United States,0.0,True
a5945e,United States,212.89,False
a4b125,United States,199.64,False
a41f37,United States,214.86,False
a233a8,United States,54.12,False
a113be,United States,160.72,False
ab280a,United States,45.58,False
7020a4,Bangladesh,114.59,False
7020a5,Bangladesh,13.38,True
300a3a,Italy,69.64,False
a41f1a,United States,232.49,False
a1bf3a,United States,157.37,False
a65dfa,United States,54.85,False
a16f91,United States,32.41,False
ab2824,United States,247.79,False
c0340b,Canada,126.98,False
4bb2ae,Turkey,227.62,False
a2cc09,United States,82.37,False
a6177c,United States,32.0,False
ac4801,United States,273.53,False
a58149,United States,50.95,False
aa9220,United States,198.29,False
a4c46c,United States,156.3,False
a04f78,United States,61.05,False
a126cc,United States,268.02,False
440117,Austria,220.3,False
440115,Austria,215.81,False
a52aed,United States,146.26,False
aa9224,United States,261.35,False
7020be,Bangladesh,268.77,False
a5e44c,United States,255.63,False
a76ad7,United States,52.97,False
ab282d,United States,0.0,True
ac4818,United States,54.12,False
8018c8,India,198.14,False
ab6eb9,United States,8.75,True
e49bfc,Brazil,236.03,False
e49bfd,Brazil,223.17,False
ac481d,United States,266.35,False
a03c4c,United States,61.43,False
a4c492,United States,236.18,False
a83108,United States,241.35,False
e4a54d,Brazil,230.68,False
ab150a,United States,172.98,False
a126e8,United States,208.48,False
a46192,United States,95.85,False
4bb2a3,Turkey,226.78,False
a499a0,United States,171.4,False
a40c3e,United States,117.63,False
a233f0,United States,149.48,False
a39c62,United States,242.67,False
a593a6,United States,46.37,False
a27c6d,United States,50.39,False
a593a9,United States,280.45,False
a1ac79,United States,57.29,False
ab39f0,United States,213.66,False
a41f72,United States,232.73,False
a53f5b,United States,146.99,False
a233e7,United States,196.85,False
4bb1e6,Turkey,236.49,False
a4c3b4,United States,55.6,False
a486cc,United States,230.33,False
a77f26,United States,208.14,False
a65f4e,United States,169.29,False
a90f25,United States,54.02,False
a353d2,United States,191.99,False
a8b9c0,United States,208.23,False
8004df,India,109.56,False
8004dd,India,264.24,False
ab5c26,United States,134.98,False
a486d8,United States,205.4,False
a603a2,United States,43.77,False
4bb1e8,Turkey,265.65,False
a27c78,United States,135.61,False
a27c59,United States,31.91,False
a4d6f2,United States,77.92,False
a3ec4f,United States,267.34,False
8017e4,India,134.59,False
c81a1b,New Zealand,94.16,False
a499ec,United States,197.99,False
aca9d4,United States,36.7,False
adff04,United States,57.52,False
a65f68,United States,31.53,False
c0473b,Canada,262.58,False
a6af55,United States,191.66,False
adc9b6,United States,237.69,False
ad79e8,United States,220.57,False
a52c4f,United States,257.44,False
4bb1c4,Turkey,243.85,False
8017f2,India,181.61,False
a736c1,United States,234.95,False
4892c5,Poland,231.86,False
a15c80,United States,260.53,False
ac33a3,United States,270.82,False
8017f7,India,166.23,False
a15c88,United States,93.39,False
a233ce,United States,290.21,False
a28f6f,United States,47.37,False
a593e2,United States,133.94,False
a28f80,United States,186.63,False
4892c9,Poland,240.99,False
4892c7,Poland,223.76,False
adc9a7,United States,238.05,False
4bb1c7,Turkey,240.64,False
a486b3,United States,235.31,False
a16f9f,United States,65.11,False
ad79eb,United States,246.39,False
accc10,United States,134.02,False
ac46e7,United States,40.39,False
a53f20,United States,4.63,True
c07b8c,Canada,10.29,True
aaf3b7,United States,36.1,False
34568c,Spain,210.58,False
ae1f49,United States,59.24,False
a3c9e2,United States,247.6,False
a3b6b6,United States,35.21,False
acdf3b,United States,40.25,False
345698,Spain,219.34,False
a9a136,United States,104.4,False
e07246,Argentina,217.97,False
a9648d,United States,42.12,False
ac33c4,United States,0.26,True
345691,Spain,231.24,False
a40c6c,United States,0.06,True
accc09,United States,35.83,False
acdf34,United States,42.34,False
ae1f33,United States,54.82,False
ab5c69,United States,204.65,False
a9649a,United States,50.03,False
345686,Spain,266.63,False
345687,Spain,223.69,False
aa9181,United States,52.43,False
a509f2,United States,72.51,False
344344,Spain,210.21,False
abac48,United States,154.75,False
a7118c,United States,62.02,False
a629df,United States,55.9,False
a3ff61,United States,136.66,False
a8dae8,United States,259.75,False
a52c1e,United States,48.04,False
ab00d6,United States,219.52,False
ac7c67,United States,135.6,False
ac33e2,United States,216.78,False
aaf477,United States,103.76,False
ad9ac9,United States,0.0,True
ac212d,United States,269.08,False
abbdfa,United States,287.65,False
ae0ab3,United States,66.62,False
a28eb7,United States,132.06,False
accac7,United States,148.05,False
aaf46a,United States,37.1,False
ab014f,United States,63.39,False
ad5460,United States,108.77,False
acddf8,United States,149.73,False
a12861,United States,226.34,False
c07b3f,Canada,147.28,False
acdde1,United States,93.68,False
c045ea,Canada,101.32,False
840a64,Japan,233.65,False
ad9aac,United States,62.2,False
ac3477,United States,173.49,False
345646,Spain,210.71,False
345642,Spain,220.31,False
345643,Spain,14.92,True
ad6782,United States,253.54,False
345645,Spain,187.6,False
aa90ba,United States,183.25,False
a830cd,United States,45.81,False
adb782,United States,49.48,True
ae7458,United States,268.07,False
ac2154,United States,250.23,False
344304,Spain,150.6,False
ad5480,United States,174.16,False
a976df,United States,44.86,False
a3a503,United States,205.6,False
a830bf,United States,52.16,False
a40c8c,United States,45.17,False
a3a509,United States,277.99,False
a976ea,United States,31.62,False
ac215c,United States,63.02,False
a0e220,United States,197.86,False
a4c3e8,United States,74.97,False
c07b0a,Canada,258.99,False
e4a3f0,Brazil,164.2,False
34560d,Spain,205.08,False
a6af5b,United States,65.18,False
4bb324,Turkey,251.98,False
aae180,United States,58.09,False
aa90a0,United States,225.07,False
a34209,United States,241.0,False
a89f54,United States,53.41,False
abaafe,United States,233.03,False
345614,Spain,217.92,False
a6af72,United States,33.32,False
345615,Spain,0.0,True
345616,Spain,8.23,True
a34201,United States,191.35,False
ab39b8,United States,0.0,True
345612,Spain,75.76,False
471e16,Hungary,6.69,True
a28ee7,United States,130.65,False
a1bee0,United States,237.38,False
c058de,Canada,57.7,False
a03bff,United States,88.58,False
a03bfe,United States,39.67,False
39dd01,France,3.09,True
a89f80,United States,73.57,False
a856ee,United States,34.85,False
a4b0be,United States,179.88,False
c045f1,Canada,240.83,False
a3ec9e,United States,178.0,False
a6af90,United States,165.07,False
398d09,France,67.38,False
a0e211,United States,11.83,False
a22201,United States,65.09,False
a4c3fe,United States,2.06,True
ad417b,United States,58.44,False
4079eb,United Kingdom,55.96,False
781bf6,China,243.5,False
3451da,Spain,226.86,False
ad474c,United States,126.03,False
ab3aca,United States,45.46,False
ac5ab7,United States,277.95,False
a02e0a,United States,261.59,False
4079f6,United Kingdom,104.29,False
a95642,United States,133.38,False
4079f7,United Kingdom,184.75,False
abe101,United States,93.43,False
a87cb5,United States,44.38,False
4066ab,United Kingdom,223.12,False
a84970,United States,48.09,False
a6f643,United States,99.39,False
3451d9,Spain,209.63,False
3451d3,Spain,76.89,False
ad8dbc,United States,71.6,False
3451d5,Spain,4.63,True
ab079c,United States,100.9,False
4bb263,Turkey,234.6,False
abf444,United States,52.27,False
4bb261,Turkey,0.0,True
ac011d,United States,196.93,False
a94323,United States,50.56,False
a70333,United States,249.77,False
ad2103,United States,47.96,False
ad4763,United States,102.35,False
a32055,United States,140.92,False
a32056,United States,67.0,False
4bb21a,Turkey,209.4,False
8962d0,United Arab Emirates,266.68,False
adddd5,United States,224.6,False
acaaad,United States,182.87,False
4079cd,United Kingdom,233.61,False
adddd2,United States,99.31,False
02010d,Morocco,111.13,False
abf456,United States,64.67,False
ab3aeb,United States,41.7,False
4079d0,United Kingdom,60.23,False
a3203b,United States,148.25,False
a69361,United States,55.51,False
020118,Morocco,236.19,False
abe124,United States,242.67,False
a70361,United States,127.63,False
4079d3,United Kingdom,178.92,False
020112,Morocco,215.11,False
020111,Morocco,221.58,False
a32045,United States,57.43,False
a2136e,United States,68.34,False
ad7ab8,United States,259.38,False
a81000,United States,282.09,False
aa1aab,United States,227.96,False
a81001,United States,240.36,False
a6803b,United States,62.08,False
aa7115,United States,49.5,False
a81005,United States,216.1,False
ac0143,United States,213.94,False
a81006,United States,174.24,False
a5d68a,United States,192.77,False
a5738b,United States,244.44,False
020105,Morocco,217.72,False
c06e85,Canada,0.0,True
020104,Morocco,225.86,False
ac5ada,United States,234.53,False
a95633,United States,232.51,False
a88fb4,United States,0.06,True
a52fee,United States,31.45,False
4bb27a,Turkey,220.24,False
aa974f,United States,261.73,False
aa8431,United States,178.41,False
a118e0,United States,73.5,False
a2be06,United States,213.57,False
738288,Israel,268.74,False
4bb296,Turkey,157.83,False
a5d623,United States,270.99,False
4bb292,Turkey,232.63,False
ad2138,United States,10.56,False
a082a6,United States,2.57,True
4bb290,Turkey,239.93,False
ad7ad8,United States,57.11,False
4bb28f,Turkey,223.74,False
4bb28d,Turkey,232.1,False
4bb28e,Turkey,225.01,False
4bb28b,Turkey,233.2,False
4bb28a,Turkey,233.56,False
abf486,United States,74.0,False
ac015f,United States,190.33,False
ae543e,United States,88.04,False
ab19a7,United States,222.67,False
ac5afd,United States,260.8,False
ad2160,United States,225.22,False
44cdcc,Belgium,214.09,False
aa8410,United States,115.61,False
4bb268,Turkey,249.38,False
4bb275,Turkey,219.07,False
4bb276,Turkey,257.21,False
4bb273,Turkey,122.77,False
adddff,United States,259.09,False
abf499,United States,67.6,False
4bb272,Turkey,243.09,False
a70328,United States,119.76,False
a71654,United States,173.72,False
4bb26f,Turkey,231.3,False
a2009d,United States,71.3,False
4bb26d,Turkey,240.92,False
4bb26e,Turkey,198.85,False
4bb26c,Turkey,224.09,False
a32071,United States,47.34,False
3c5b31,Germany,199.61,False
a5c31b,United States,241.87,False
4bb279,Turkey,243.1,False
3c5b32,Germany,224.36,False
a4fce8,United States,208.53,False
4bb289,Turkey,222.38,False
4bb287,Turkey,226.42,False
4bb282,Turkey,187.0,False
4bb281,Turkey,193.53,False
c00089,Canada,50.97,False
896401,United Arab Emirates,212.04,False
a01b5c,United States,172.53,False
e065c2,Argentina,97.7,False
44cdc9,Belgium,221.96,False
adcb79,United States,36.96,False
44cdc8,Belgium,0.0,True
a728a7,United States,211.57,False
adde9b,United States,129.16,False
020175,Morocco,229.89,False
a37b0c,United States,228.49,False
a6e38d,United States,171.23,False
44cdd1,Belgium,223.21,False
a63e0d,United States,131.7,False
a598d6,United States,67.88,False
adde95,United States,263.18,False
a3a8f5,United States,160.06,False
a7f080,United States,57.17,False
a3a8ef,United States,276.9,False
a9ecdb,United States,35.47,False
a728c1,United States,0.0,True
a082c0,United States,66.11,False
c038ac,Canada,278.28,False
a01b56,United States,190.99,False
a4fe48,United States,59.5,False
a105e8,United States,139.19,False
a095ef,United States,63.02,False
a6d088,United States,37.47,False
aa7198,United States,189.21,False
a4c8de,United States,290.44,False
020140,Morocco,228.11,False
a7036c,United States,179.64,False
a465df,United States,241.76,False
02012c,Morocco,226.16,False
ac6db1,United States,96.21,False
02012b,Morocco,138.39,False
a9ecc7,United States,47.56,False
781bab,China,239.1,False
020139,Morocco,226.92,False
aae745,United States,58.42,False
506ca0,Slovenia,226.11,False
a3a8a0,United States,100.23,False
a6803f,United States,122.89,False
a94358,United States,33.93,False
a87cf9,United States,149.85,False
a87cf4,United States,200.64,False
a7acda,United States,226.01,False
a8233a,United States,193.93,False
ac2747,United States,225.69,False
020123,Morocco,229.94,False
7c764d,Australia,3.6,True
7c7648,Australia,3.6,False
a9b95e,United States,70.45,False
a7f02d,United States,199.72,False
a332b4,United States,58.03,False
a26e90,United States,74.64,False
a3a8c0,United States,207.61,False
a25b66,United States,0.0,True
a37b1c,United States,139.08,False
a25b48,United States,53.57,False
a81045,United States,87.98,False
ad340d,United States,107.05,False
a3a8ba,United States,237.7,False
aa8486,United States,42.29,False
a6e376,United States,156.23,False
a25b3f,United States,254.51,False
a70396,United States,46.94,False
ad4747,United States,201.91,False
a8102a,United States,226.6,False
ad4744,United States,228.12,False
ac1437,United States,37.45,False
020145,Morocco,218.45,False
a8dffc,United States,283.07,False
8005f4,India,73.57,False
acab11,United States,201.49,False
780a62,China,275.4,False
e48ffa,Brazil,133.88,False
a715f5,United States,47.96,False
a968f8,United States,186.95,False
acbe3e,United States,211.76,False
acbe3c,United States,223.34,False
896372,United Arab Emirates,246.91,False
344043,Spain,0.0,False
a9ee34,United States,32.94,False
acbe34,United States,225.97,False
a332fc,United States,50.63,False
780a5c,China,237.6,False
ab4e94,United States,254.35,False
aae5f7,United States,77.68,False
acbe37,United States,226.69,False
acbe36,United States,92.88,False
acbe2d,United States,56.1,False
a62b67,United States,2.12,False
a09737,United States,220.53,False
895057,Brunei Darussalam,256.08,False
ad7b17,United States,73.57,False
781d9c,China,253.26,False
a5c2bc,United States,83.66,False
ac5b43,United States,223.16,False
a332fe,United States,61.89,False
a2ab80,United States,221.26,False
346691,Spain,120.34,False
ac12d6,United States,275.3,False
acbe63,United States,229.01,False
780a6d,China,255.71,False
780a80,China,272.36,False
896356,United Arab Emirates,262.54,False
ac12be,United States,275.22,False
a2ab73,United States,216.58,False
780a7b,China,258.08,False
a6e2d2,United States,18.12,False
346689,Spain,212.29,False
89634a,United Arab Emirates,235.02,False
a99e32,United States,222.19,False
a955b5,United States,6.43,True
a968e3,United States,51.47,False
e8062a,Chile,144.79,False
a75e7e,United States,149.96,False
a2ab4d,United States,57.17,False
780a8b,China,224.61,False
a5c2dc,United States,45.48,False
a25b97,United States,54.94,False
ad8e5c,United States,58.28,False
780a8a,China,250.53,False
a5c2dd,United States,182.33,False
ac5b66,United States,306.46,False
a6f5f2,United States,43.78,False
a6f5f3,United States,219.16,False
acbe88,United States,182.47,False
405455,United Kingdom,224.74,False
4bb0f4,Turkey,246.86,False
405456,United Kingdom,207.87,False
aa1b22,United States,247.06,False
4bb0f2,Turkey,237.58,False
44ce6c,Belgium,200.76,False
a99e09,United States,182.03,False
a07106,United States,48.82,False
a34729,United States,77.17,False
4bb0ee,Turkey,4.74,False
c07fbb,Canada,239.87,False
4bb0ef,Turkey,233.68,False
4bb0ed,Turkey,238.04,False
4bb0ea,Turkey,198.13,False
44ce6e,Belgium,210.42,False
a5e8ce,United States,0.0,True
ae52c8,United States,35.5,False
a6f5a4,United States,44.76,False
a34723,United States,32.41,False
a02dda,United States,5.66,True
a63e46,United States,0.0,True
a7f096,United States,242.75,False
acab43,United States,180.14,False
c07fb0,Canada,200.78,False
a08446,United States,206.87,False
a07115,United States,38.21,False
a715a6,United States,43.51,False
ad7b58,United States,27.96,False
acab3f,United States,236.99,False
02019d,Morocco,221.61,False
02019b,Morocco,211.31,False
a968bb,United States,238.43,False
c07fb9,Canada,206.63,False
a572af,United States,199.31,False
4bb0d2,Turkey,239.17,False
34530d,Spain,237.78,False
a74b1b,United States,197.82,False
abf2ea,United States,116.28,False
c07fdb,Canada,205.52,False
896312,United Arab Emirates,225.16,False
346648,Spain,216.82,False
44ce61,Belgium,182.69,False
346649,Spain,80.77,False
346644,Spain,83.88,False
c03975,Canada,66.22,False
345313,Spain,209.77,False
c07fe9,Canada,251.45,False
345314,Spain,214.53,False
4bb0e7,Turkey,233.87,False
4bb0e5,Turkey,249.72,False
4bb0e3,Turkey,238.64,False
406754,United Kingdom,0.0,True
4bb0e2,Turkey,277.35,False
a715c6,United States,207.38,False
a02dd2,United States,43.77,False
896318,United Arab Emirates,261.6,False
896317,United Arab Emirates,284.41,False
a2270f,United States,145.38,False
adcb43,United States,55.92,False
44ce72,Belgium,80.77,False
89630b,United Arab Emirates,283.85,False
4bb0e9,Turkey,230.03,False
89630f,United Arab Emirates,182.69,False
a37aa3,United States,210.53,False
a71705,United States,65.48,False
a98b8b,United States,73.37,False
abf396,United States,0.0,True
a38dd8,United States,202.13,False
0200ed,Morocco,221.55,False
a34764,United States,192.93,False
ac006d,United States,202.69,False
0200ea,Morocco,220.81,False
a38dc2,United States,77.38,False
34660f,Spain,233.16,False
0200f5,Morocco,116.97,False
34660b,Spain,244.37,False
abe075,United States,253.34,False
a9db6c,United States,47.65,False
346610,Spain,174.63,False
346613,Spain,225.09,False
a38db3,United States,41.15,False
a1f418,United States,38.49,False
4ab822,Sweden,228.43,False
4ab823,Sweden,221.74,False
a98b76,United States,115.57,False
4ab824,Sweden,219.96,False
a6f713,United States,174.51,False
4ab825,Sweden,228.57,False
ab18bc,United States,50.0,False
a9ee84,United States,54.41,False
a75da2,United States,167.01,False
a5d727,United States,0.0,False
a75da8,United States,306.8,False
ad2095,United States,144.66,False
a22768,United States,56.92,False
aaf8c6,United States,215.74,False
a98b7b,United States,37.94,False
a69416,United States,81.21,False
a63dc7,United States,187.4,False
a69415,United States,49.7,False
a21432,United States,187.98,False
a13ac0,United States,87.9,False
a99e89,United States,45.7,False
a99e84,United States,88.18,False
80073c,India,88.31,False
ab05aa,United States,49.01,False
4bb208,Turkey,239.49,False
aa1b9d,United States,71.98,False
4bb206,Turkey,197.36,False
4bb207,Turkey,230.47,False
4bb204,Turkey,241.77,False
4bb205,Turkey,221.6,False
89639a,United Arab Emirates,232.91,False
a9db33,United States,37.98,False
4bb203,Turkey,226.66,False
a20155,United States,37.56,False
780a27,China,261.36,False
a9db1d,United States,49.49,False
a1f480,United States,56.98,False
4bb210,Turkey,232.82,False
a955fd,United States,267.28,False
a692fe,United States,42.23,False
0200af,Morocco,223.74,False
0200ae,Morocco,236.29,False
a19168,United States,140.82,False
80073d,India,236.08,False
80073e,India,106.04,False
e48fc2,Brazil,182.73,False
4bb20a,Turkey,240.27,False
780a1c,China,271.76,False
a1e138,United States,34.2,False
4bb215,Turkey,233.52,False
4bb213,Turkey,176.64,False
4bb214,Turkey,237.6,False
a6f5fc,United States,269.56,False
6832dc,Kazakhstan,234.8,False
a822d1,United States,224.84,False
ab05d7,United States,46.04,False
a822d6,United States,203.25,False
4bb20d,Turkey,235.03,False
a9ee5a,United States,54.08,False
4bb20e,Turkey,220.3,False
a2147c,United States,153.44,False
4bb20c,Turkey,237.87,False
89637d,United Arab Emirates,140.84,False
89637c,United Arab Emirates,267.26,False
a8ce4f,United States,187.44,False
ad45a4,United States,240.82,False
895062,Brunei Darussalam,241.5,False
a0848d,United States,7.46,True
780a44,China,1.03,True
a942aa,United States,254.94,False
a86b87,United States,38.29,False
a1e132,United States,136.55,False
a13af4,United States,261.59,False
89638d,United Arab Emirates,208.5,False
89505a,Brunei Darussalam,5.14,True
e48fb7,Brazil,6.17,True
aa2e9c,United States,56.28,False
a21477,United States,175.98,False
800734,India,218.64,False
800739,India,149.2,False
4bb201,Turkey,235.31,False
a9db0f,United States,49.39,False
800741,India,236.89,False
a1e121,United States,223.88,False
e48fb4,Brazil,250.28,False
a26f01,United States,208.0,False
c026fd,Canada,51.76,False
847517,Japan,264.12,False
a26f08,United States,184.54,False
a1e194,United States,166.58,False
ac5bd7,United States,175.27,False
a69463,United States,247.76,False
a70463,United States,8.75,True
8830f4,Thailand,238.9,False
c026ff,Canada,44.7,False
750094,Malaysia,175.67,False
ac289f,United States,13.89,True
a4414a,United States,175.57,False
ab924d,United States,45.84,False
c013d0,Canada,255.95,False
4bb146,Turkey,274.2,False
4bb144,Turkey,228.6,False
a6f78a,United States,151.39,False
8963f6,United Arab Emirates,281.68,False
8963f5,United Arab Emirates,278.2,False
4bb109,Turkey,185.77,False
a82467,United States,37.96,False
4bb107,Turkey,221.67,False
8963df,United Arab Emirates,127.77,False
4bb105,Turkey,273.22,False
a0c16b,United States,233.74,False
ad7bdf,United States,10.8,True
a0719b,United States,195.17,False
a3a9a2,United States,201.56,False
a3a9a3,United States,215.24,False
a32150,United States,0.0,True
4bb10a,Turkey,230.8,False
abe24d,United States,64.36,False
aa1be0,United States,261.81,False
a83787,United States,148.78,False
489220,Poland,216.48,False
aa987d,United States,55.58,False
a01c46,United States,222.07,False
aa720f,United States,262.53,False
a0e6c4,United States,0.0,True
3452c9,Spain,241.29,False
a69424,United States,215.24,False
a9570e,United States,44.25,False
3452c7,Spain,240.25,False
3452c8,Spain,137.06,False
abf593,United States,225.75,False
a226b5,United States,54.01,False
a8371a,United States,59.92,False
a239e5,United States,45.3,False
a239e0,United States,112.35,False
c05c0e,Canada,0.06,True
ac159a,United States,325.24,False
a9a709,United States,164.15,False
a63de2,United States,163.48,False
8963e5,United Arab Emirates,7.46,True
8963e3,United Arab Emirates,243.5,False
8963ce,United Arab Emirates,237.98,False
c026b7,Canada,62.78,False
ad225b,United States,51.66,False
781e02,China,256.38,False
a44197,United States,242.5,False
4bb183,Turkey,278.8,False
a226c5,United States,147.48,False
a359bc,United States,296.62,False
8963e7,United Arab Emirates,275.98,False
ad3594,United States,110.01,False
a4417d,United States,243.7,False
a106b3,United States,164.32,False
3465d8,Spain,4.37,True
c013b3,Canada,71.04,False
3465d4,Spain,203.15,False
aa1ba6,United States,64.65,False
a4fdf6,United States,279.0,False
c013c3,Canada,274.55,False
ab07a2,United States,226.41,False
a8373a,United States,31.96,False
a13c0b,United States,275.38,False
a4a466,United States,88.09,False
a50adc,United States,241.72,False
4bb159,Turkey,255.83,False
4067f2,United Kingdom,192.12,False
a82408,United States,43.9,False
4067f5,United Kingdom,71.91,False
a5d778,United States,56.67,False
4bb162,Turkey,255.7,False
aa8514,United States,8.23,True
a8372b,United States,48.4,False
a4eacb,United States,189.97,False
4067f0,United Kingdom,237.03,False
ab4ea5,United States,37.45,False
a3a9eb,United States,220.72,False
a1f3c5,United States,203.22,False
a3df50,United States,172.36,False
a13c73,United States,248.52,False
ab4ea8,United States,175.64,False
4ac9e1,Sweden,164.45,False
4ac9e5,Sweden,224.93,False
a346f0,United States,90.47,False
020058,Morocco,203.48,False
ac2813,United States,7.2,True
020057,Morocco,208.6,False
a14f8e,United States,60.05,False
c039a9,Canada,62.64,False
a466aa,United States,152.54,False
4ac9f2,Sweden,212.54,False
4ac9f3,Sweden,161.64,False
a213d9,United States,52.0,False
a213d6,United States,191.62,False
aad500,United States,33.72,False
a51f4a,United States,193.03,False
a37c1c,United States,186.03,False
a63f3a,United States,36.16,False
a4b6d6,United States,61.48,False
02006f,Morocco,182.72,False
02006e,Morocco,191.65,False
a9dace,United States,33.99,False
ad4818,United States,256.46,False
4ac9c5,Sweden,154.58,False
4ac9c6,Sweden,253.33,False
a0e6e4,United States,48.64,False
4bb195,Turkey,228.09,False
4bb192,Turkey,274.46,False
ac2836,United States,260.28,False
a466a5,United States,71.81,False
a62c1a,United States,223.99,False
020073,Morocco,188.89,False
020072,Morocco,245.94,False
4bb18f,Turkey,247.23,False
ab0864,United States,7.2,True
4bb18b,Turkey,249.73,False
ab0865,United States,171.54,False
896513,United Arab Emirates,234.76,False
a5e9f4,United States,107.15,False
02005b,Morocco,221.35,False
a7f140,United States,116.66,False
c00165,Canada,139.11,False
4067a4,United Kingdom,235.3,False
a3a9af,United States,95.34,False
a9daac,United States,39.7,False
a93140,United States,82.83,False
ac2859,United States,215.73,False
a1e0af,United States,94.66,False
ab920d,United States,45.6,False
a200df,United States,184.89,False
47c0d9,Norway,235.46,False
a51f0f,United States,168.94,False
4ac9ec,Sweden,229.18,False
ad8ed7,United States,229.06,False
4ac9ef,Sweden,222.99,False
34538e,Spain,216.1,False
a9edc6,United States,0.06,True
a070f4,United States,98.38,False
acaba2,United States,45.32,False
a68198,United States,55.19,False
a99df4,United States,201.23,False
8007cc,India,233.61,False
34538d,Spain,236.9,False
ac1547,United States,277.97,False
a49c37,United States,94.33,False
345398,Spain,0.0,True
a81166,United States,171.58,False
ad485f,United States,52.06,False
a200bf,United States,74.47,False
a200ba,United States,183.72,False
a38f78,United States,43.66,False
a3df43,United States,127.01,False
a599ce,United States,93.64,False
008396,South Africa,29.57,False
89647c,United Arab Emirates,79.25,False
adcc0c,United States,33.97,False
acbf63,United States,0.45,True
89647f,United Arab Emirates,247.32,False
89647e,United Arab Emirates,245.15,False
89647d,United Arab Emirates,241.7,False
a680ae,United States,232.92,False
ad46e5,United States,41.18,False
c05ac1,Canada,41.65,False
a0e80c,United States,93.95,False
e0658f,Argentina,4.89,True
a8bc34,United States,279.9,False
3e0fe4,Germany,53.86,False
aa70c4,United States,52.79,False
abf3b8,United States,251.93,False
4d02be,Luxembourg,123.25,False
ac6f8a,United States,161.26,False
a2ac9e,United States,32.38,False
a320f9,United States,208.73,False
a560f3,United States,315.81,False
a8bc49,United States,96.05,False
a74c4b,United States,85.39,False
a0851b,United States,273.47,False
344158,Spain,0.0,True
484f97,Kingdom of the Netherlands,5.54,False
ac00b1,United States,11.32,True
aa70b1,United States,244.26,False
a5c3da,United States,49.73,False
344156,Spain,194.01,False
a86c5b,United States,41.69,False
ac13f9,United States,118.14,False
484f6c,Kingdom of the Netherlands,103.31,False
a810ac,United States,105.93,False
a6e3db,United States,149.11,False
484f6d,Kingdom of the Netherlands,216.36,False
896472,United Arab Emirates,232.45,False
a9ef0e,United States,58.1,False
896474,United Arab Emirates,258.61,False
a02ea4,United States,59.37,False
a74c93,United States,4.63,True
e48ec6,Brazil,215.63,False
a560fb,United States,211.24,False
406832,United Kingdom,230.55,False
a836fb,United States,221.16,False
aa83bc,United States,49.05,False
896484,United Arab Emirates,223.03,False
c05acd,Canada,36.1,False
484f73,Kingdom of the Netherlands,237.83,False
3e0ff2,Germany,73.75,False
adcc28,United States,91.38,False
3e0ff0,Germany,68.2,False
a01bbc,United States,71.73,False
7c7701,Australia,225.35,False
02008b,Morocco,179.44,False
a07228,United States,249.17,False
896452,United Arab Emirates,218.0,False
40688a,United Kingdom,236.14,False
a956b4,United States,78.94,False
02007d,Morocco,216.17,False
a01be7,United States,196.75,False
02007a,Morocco,212.06,False
a26ec9,United States,69.63,False
c01401,Canada,7.72,True
ac00f6,United States,215.72,False
a3df9e,United States,212.77,False
a5d6f9,United States,285.29,False
e48eff,Brazil,217.75,False
a3cc82,United States,73.05,False
a34825,United States,232.02,False
a6e3b0,United States,203.67,False
a6e3b2,United States,230.47,False
a74c35,United States,48.87,False
a14ed8,United States,42.3,False
a703b5,United States,0.0,True
a86c12,United States,71.85,False
ad20f4,United States,239.99,False
89642d,United Arab Emirates,246.82,False
a38ef5,United States,115.86,False
3e4053,Germany,146.76,False
a1e218,United States,207.07,False
a45525,United States,60.71,False
aaf9c1,United States,205.62,False
a3dedd,United States,54.65,False
aa9826,United States,93.35,False
a2aba2,United States,171.67,False
781e49,China,243.98,False
a56204,United States,47.47,False
a4a538,United States,226.87,False
aa980d,United States,135.52,False
a0c20f,United States,127.07,False
acbf02,United States,173.33,False
ab19f2,United States,249.43,False
ad8f18,United States,184.01,False
a2bec7,United States,253.31,False
ab3c0a,United States,221.76,False
ac6f31,United States,93.41,False
a0d561,United States,172.09,False
aae6b3,United States,200.99,False
a21557,United States,189.97,False
a26ee2,United States,54.65,False
a50bd6,United States,242.08,False
e06541,Argentina,196.48,False
84c3fc,Japan,233.31,False
a0857b,United States,47.22,False
a13be3,United States,18.01,True
a75eb4,United States,87.2,False
e06542,Argentina,0.0,True
aaf9ea,United States,252.54,False
ab19fb,United States,170.35,False
addf01,United States,219.42,False
a20271,United States,63.6,False
a1e270,United States,166.71,False
a810d7,United States,273.52,False
738444,Israel,237.77,False
a5b0fc,United States,5.92,True
ab4f5d,United States,188.78,False
a810ba,United States,129.74,False
a20289,United States,44.52,False
a98c7a,United States,243.87,False
aae6d5,United States,82.34,False
a9dc61,United States,50.41,False
a44238,United States,211.16,False
a3489f,United States,78.85,False
a20288,United States,247.99,False
4bb101,Turkey,265.32,False
4bb102,Turkey,101.32,False
a930ce,United States,42.38,False
a1f599,United States,57.21,False
aae6cd,United States,286.21,False
a2abda,United States,238.11,False
a4421d,United States,209.56,False
ad8f3e,United States,50.22,False
a2abca,United States,45.33,False
aad3b5,United States,57.18,False
a45552,United States,209.47,False
a8bc3a,United States,258.48,False
a49bc3,United States,59.68,False
ad7c29,United States,51.37,False
ab3c58,United States,201.53,False
781e8a,China,269.92,False
a25bfd,United States,93.13,False
ac6f61,United States,305.44,False
aa83fb,United States,270.7,False
ad33a8,United States,56.28,False
a44211,United States,250.21,False
ab3c61,United States,222.04,False
ada9bb,United States,97.57,False
3a2e22,France,239.81,False
c2b5ad,Canada,134.65,False
a88db5,United States,40.75,False
c023a9,Canada,70.53,False
841fdc,Japan,277.69,False
a5844b,United States,53.07,False
a75aa2,United States,226.24,False
a5844a,United States,51.95,False
a71435,United States,55.13,False
a9672c,United States,12.35,True
3965b4,France,131.9,False
ac2546,United States,0.0,True
3965b1,France,233.78,False
ac2549,United States,7.72,True
a71422,United States,138.67,False
a2babb,United States,82.19,False
c023bb,Canada,148.92,False
c023c7,Canada,131.99,False
aa2bc2,United States,275.32,False
aa2bc1,United States,190.26,False
aaf87f,United States,225.6,False
a3311b,United States,213.69,False
a7143e,United States,43.51,False
a3578a,United States,0.06,True
a75ac7,United States,274.51,False
a21142,United States,176.55,False
ad9edf,United States,205.52,False
a5713d,United States,245.76,False
ac122a,United States,64.88,False
a38ac5,United States,41.03,False
ad9ed6,United States,63.78,False
3ddc04,Germany,9.83,False
a4c79f,United States,143.87,False
c023aa,Canada,257.28,False
a1f11d,United States,186.86,False
a009a4,United States,85.04,False
a83429,United States,178.84,False
c036e8,Canada,213.83,False
683273,Kazakhstan,249.09,False
aa2ba4,United States,231.56,False
a5c127,United States,261.79,False
a5c124,United States,32.43,False
acced9,United States,169.94,False
aae582,United States,283.23,False
3475c9,Spain,255.36,False
e80490,Chile,256.94,False
aa9521,United States,11.32,True
a0d19e,United States,206.58,False
a03f3a,United States,37.33,False
3c49c8,Germany,219.38,False
0ac41c,Colombia,66.24,False
addba4,United States,220.88,False
3c49ce,Germany,184.65,False
3c49cb,Germany,217.75,False
a14c03,United States,147.41,False
ac2587,United States,83.98,False
8964ff,United Arab Emirates,197.4,False
3c49d4,Germany,224.04,False
8964fc,United Arab Emirates,275.84,False
a4c744,United States,63.23,False
781f29,China,252.29,False
c0119b,Canada,53.03,False
c07f2e,Canada,64.7,False
a03f26,United States,114.45,False
4bb029,Turkey,234.68,False
ad8bed,United States,196.06,False
4bb027,Turkey,120.42,False
c07f47,Canada,154.36,False
a03f1e,United States,209.87,False
4077d4,United Kingdom,20.06,True
a72745,United States,206.71,False
e48f6b,Brazil,125.86,False
a72746,United States,49.81,False
e48f6a,Brazil,174.4,False
4077ba,United Kingdom,203.61,False
aad284,United States,58.64,False
ac259f,United States,59.72,False
acbbcc,United States,58.97,False
4077bb,United Kingdom,235.64,False
a7271e,United States,191.23,False
781f2f,China,267.36,False
a0d18d,United States,41.67,False
a009da,United States,233.68,False
ad4584,United States,0.0,True
a2cf34,United States,280.04,False
a1af3e,United States,50.51,False
a103b7,United States,53.03,False
896643,United Arab Emirates,77.82,False
4c808f,Cyprus,208.78,False
ae63f8,United States,114.0,False
40656b,United Kingdom,217.68,False
a3ef1b,United States,167.98,False
ae63e0,United States,212.2,False
ad8c82,United States,194.04,False
a9b78e,United States,136.55,False
018099,Libyan Arab Jamahiriya,192.72,False
781dbe,China,104.45,False
88596a,Thailand,149.37,False
40788c,United Kingdom,86.65,False
c0248a,Canada,229.83,False
e80462,Chile,159.01,False
e80461,Chile,168.47,False
ae63e5,United States,240.69,False
c01195,Canada,91.69,False
780aa2,China,222.0,False
407898,United Kingdom,252.55,False
896623,United Arab Emirates,274.72,False
496c89,Portugal,4.89,True
896621,United Arab Emirates,244.94,False
a0f6b9,United States,230.98,False
896625,United Arab Emirates,229.98,False
781dd8,China,177.52,False
4bb075,Turkey,238.99,False
a739b7,United States,54.06,False
484c9b,Kingdom of the Netherlands,240.97,False
a369be,United States,224.34,False
4bb074,Turkey,240.56,False
4ac8a8,Sweden,242.13,False
e80478,Chile,247.3,False
a26c12,United States,282.08,False
780ab6,China,272.29,False
a03f75,United States,108.34,False
4bb06e,Turkey,239.84,False
8008c2,India,213.41,False
4bb06b,Turkey,237.84,False
4bb06c,Turkey,256.91,False
e8046a,Chile,224.52,False
a4c6b3,United States,221.96,False
a4c6b6,United States,72.36,False
af83e8,United States,75.63,False
ae63ed,United States,237.33,False
40653a,United Kingdom,202.09,False
e80488,Chile,246.7,False
40653e,United Kingdom,193.82,False
40653d,United Kingdom,163.18,False
e80481,Chile,218.24,False
780aab,China,247.09,False
a15f58,United States,77.57,False
e80483,Chile,233.63,False
8008c6,India,2.83,True
a9b775,United States,263.17,False
781df9,China,262.92,False
780ac6,China,208.42,False
a9a419,United States,93.71,False
a2cf6a,United States,148.49,False
a5714f,United States,56.62,False
346391,Spain,220.96,False
a5c12e,United States,71.47,False
a356f6,United States,3.86,True
a1f0a9,United States,3.6,True
a63af2,United States,51.82,False
ab183e,United States,297.43,False
aaf835,United States,48.94,False
e80416,Chile,223.41,False
a9a410,United States,78.3,False
a88de8,United States,194.49,False
896618,United Arab Emirates,73.85,False
a1af6b,United States,40.44,False
896617,United Arab Emirates,266.48,False
aa9597,United States,87.16,False
896620,United Arab Emirates,133.56,False
ab184d,United States,171.64,False
a356db,United States,186.16,False
aa2bfa,United States,89.14,False
ab5ed8,United States,263.92,False
a02c77,United States,53.8,False
ad9ea3,United States,97.84,False
ab0532,United States,1.29,True
345041,Spain,198.26,False
ac250b,United States,307.3,False
ad5837,United States,214.6,False
3e0f92,Germany,9.39,False
a5717c,United States,88.58,False
39a2e3,France,223.88,False
484c5a,Kingdom of the Netherlands,209.88,False
39a2e0,France,7.2,True
a2cf3b,United States,68.83,False
496c2c,Portugal,2.57,True
885963,Thailand,128.12,False
a093f7,United States,190.48,False
347695,Spain,253.78,False
e8042a,Chile,213.79,False
347692,Spain,114.21,False
a2cf43,United States,200.34,False
347690,Spain,0.06,True
4780c8,Norway,213.93,False
ac7ed0,United States,235.31,False
a223ba,United States,182.94,False
4780c7,Norway,6.94,True
780aec,China,28.0,False
a02c94,United States,9.77,True
484c52,Kingdom of the Netherlands,216.11,False
a94105,United States,101.05,False
484c59,Kingdom of the Netherlands,222.19,False
0d106c,Mexico,188.85,False
ac6c26,United States,84.82,False
ac7f56,United States,45.27,False
496c28,Portugal,7.46,True
0d106e,Mexico,210.75,False
447c8c,Austria,2.57,True
aa93c9,United States,201.9,False
a846bd,United States,44.53,False
a966b2,United States,53.47,False
a1f0e8,United States,66.95,False
a76f68,United States,68.94,False
ab5f6a,United States,263.38,False
e48dc5,Brazil,1.8,True
aa3f77,United States,56.08,False
40780e,United Kingdom,3.6,True
461f9b,Finland,225.93,False
461f9c,Finland,217.16,False
461f9d,Finland,235.72,False
8a09cc,Indonesia,225.48,False
aaf6e8,United States,33.02,False
34644c,Spain,215.08,False
ac36cc,United States,197.62,False
aae3c4,United States,59.92,False
ab5f87,United States,4.37,True
a4a0b4,United States,174.08,False
a343ed,United States,57.09,False
ac7f62,United States,49.46,False
0d108c,Mexico,239.31,False
346458,Spain,226.65,False
ac7f77,United States,198.93,False
461f6c,Finland,213.95,False
461f6d,Finland,224.33,False
461f6e,Finland,195.57,False
ab5f90,United States,54.2,False
ad56e0,United States,267.34,False
a38c78,United States,71.93,False
a726fb,United States,79.96,False
c06aac,Canada,231.0,False
a690a8,United States,92.09,False
ada6b9,United States,71.04,False
345116,Spain,201.37,False
a846e9,United States,188.67,False
484c24,Kingdom of the Netherlands,12.86,True
a210c5,United States,186.27,False
48af0e,Poland,220.69,False
48af0f,Poland,228.63,False
ad8c0e,United States,94.14,False
48af0b,Poland,210.75,False
a63c81,United States,83.03,False
a1f0b4,United States,141.29,False
adef1e,United States,32.41,False
a5d3e1,United States,150.74,False
a38c66,United States,191.01,False
a38c64,United States,175.33,False
3009b2,Italy,105.42,False
48af11,Poland,236.54,False
345107,Spain,249.54,False
3009b6,Italy,235.65,False
e48db0,Brazil,229.32,False
3009b8,Italy,124.37,False
406542,United Kingdom,260.17,False
406544,United Kingdom,5.4,True
0d102f,Mexico,72.11,False
461f4c,Finland,272.28,False
48af09,Poland,199.15,False
48af07,Poland,207.1,False
406540,United Kingdom,6.17,True
48af08,Poland,212.08,False
ad8c59,United States,56.5,False
459c49,Denmark,36.03,False
a9a492,United States,58.55,False
48af03,Poland,193.65,False
48af01,Poland,209.71,False
48af02,Poland,228.9,False
a27ea8,United States,143.9,False
c2b2f1,Canada,117.24,False
461f63,Finland,186.06,False
406539,United Kingdom,222.7,False
44cc43,Belgium,256.13,False
461f64,Finland,238.08,False
44cc42,Belgium,0.06,True
461f65,Finland,215.45,False
461f62,Finland,198.57,False
ad8c4c,United States,236.85,False
407862,United Kingdom,273.43,False
406532,United Kingdom,118.17,False
44cc47,Belgium,215.94,False
a739af,United States,72.24,False
44cc46,Belgium,257.9,False
44cc45,Belgium,211.11,False
0d103f,Mexico,173.85,False
89656c,United Arab Emirates,252.02,False
a8a9a3,United States,56.27,False
a09533,United States,6.69,True
ac10af,United States,144.49,False
a08209,United States,45.81,False
38201a,France,260.03,False
a76f43,United States,238.05,False
a4c6e8,United States,56.1,False
a2bc9e,United States,0.06,True
a5e6c3,United States,51.45,False
a4c6e9,United States,163.49,False
c0371f,Canada,224.06,False
40650b,United Kingdom,189.16,False
461f48,Finland,241.43,False
447c76,Austria,4.89,True
a9a474,United States,203.5,False
407844,United Kingdom,115.33,False
a9eaec,United States,36.82,False
a739e1,United States,89.75,False
a3ef90,United States,40.93,False
aa3f18,United States,84.5,False
896559,United Arab Emirates,188.21,False
447c61,Austria,10.29,True
461f57,Finland,249.97,False
40782b,United Kingdom,134.37,False
461f59,Finland,268.2,False
407838,United Kingdom,152.5,False
461f55,Finland,229.36,False
ad43df,United States,135.55,False
ad8c5e,United States,147.63,False
4063de,United Kingdom,220.59,False
0ac345,Colombia,0.0,True
a39eac,United States,166.61,False
a2ceb5,United States,227.97,False
a52ea4,United States,227.98,False
4063e6,United Kingdom,161.81,False
a72800,United States,178.0,False
a35854,United States,281.95,False
a27ebf,United States,207.2,False
a0f886,United States,188.06,False
a26ba3,United States,75.31,False
8964bb,United Arab Emirates,189.16,False
a35847,United States,10.8,True
461f36,Finland,254.74,False
ab5f00,United States,257.23,False
461f30,Finland,206.65,False
4b990d,Turkey,223.37,False
461f31,Finland,8.52,False
a35843,United States,184.24,False
a953e4,United States,213.32,False
ac1190,United States,308.14,False
0d1020,Mexico,154.67,False
ac1187,United States,53.55,False
0d1021,Mexico,44.25,False
a15ebc,United States,144.2,False
39666f,France,164.9,False
a9a3af,United States,53.91,False
a47809,United States,230.42,False
abf17f,United States,0.06,True
4076da,United Kingdom,214.86,False
a8df8b,United States,108.8,False
a09552,United States,230.54,False
447c1a,Austria,1.03,True
aa80e4,United States,54.06,False
4076e4,United Kingdom,105.58,False
0d1030,Mexico,224.1,False
4076e2,United Kingdom,2.06,True
a5e827,United States,168.66,False
a9a3bf,United States,49.68,False
8964a5,United Arab Emirates,0.0,True
a72812,United States,82.98,False
8964a3,United Arab Emirates,284.76,False
8964a2,United Arab Emirates,239.92,False
a7ac8f,United States,201.28,False
8964a8,United Arab Emirates,72.43,False
aa80ca,United States,197.31,False
76cc69,Singapore,246.51,False
ab5f1b,United States,218.25,False
a4fc8c,United States,10.29,True
a4a0cd,United States,183.93,False
c035f8,Canada,238.2,False
a45216,United States,65.95,False
a45210,United States,187.68,False
aa80d9,United States,231.42,False
76cc72,Singapore,274.11,False
a33239,United States,217.71,False
a5d3fb,United States,28.34,False
a2bbac,United States,236.49,False
a7ac49,United States,104.49,False
a4fc9a,United States,77.25,False
a2cef2,United States,225.97,False
76cc6c,Singapore,76.55,False
a8cc3c,United States,204.39,False
ab4c15,United States,253.59,False
a2cee6,United States,94.91,False
ab5f43,United States,0.0,True
a0e57d,United States,187.6,False
47947c,Norway,233.52,False
a700ac,United States,0.45,True
abaf1e,United States,254.66,False
ab29eb,United States,67.44,False
ab4c0c,United States,50.58,False
a2bba4,United States,211.43,False
a700da,United States,182.38,False
0ab044,Belize,58.97,False
ab03a4,United States,250.36,False
e0645a,Argentina,77.76,False
a9ff49,United States,184.86,False
ab29ff,United States,42.7,False
a8df4b,United States,218.74,False
a1aee9,United States,47.29,False
ab5f65,United States,33.14,False
48adab,Poland,205.25,False
ad9f15,United States,174.71,False
48adac,Poland,64.46,False
a0d236,United States,58.41,False
aa2c62,United States,84.41,False
a953af,United States,213.83,False
a2254e,United States,32.94,False
ac7f41,United States,242.29,False
a8deb4,United States,152.23,False
a63bd4,United States,268.81,False
aad333,United States,27.24,False
e0b2c4,Argentina,232.97,False
ada956,United States,82.11,False
aa8357,United States,241.07,False
abaff6,United States,56.11,False
489009,Poland,218.23,False
ada949,United States,97.16,False
aa7018,United States,66.29,False
aa8349,United States,93.32,False
ac1327,United States,174.22,False
a9b837,United States,198.24,False
4d0225,Luxembourg,266.8,False
3c48ee,Germany,230.54,False
aa9679,United States,207.67,False
aae65f,United States,87.43,False
ad463c,United States,45.8,False
aae65d,United States,47.61,False
a83528,United States,87.89,False
e48e55,Brazil,241.69,False
c024b8,Canada,144.3,False
507ca9,Uzbekistan,213.72,False
e48e49,Brazil,91.57,False
c06d48,Canada,219.26,False
aae66d,United States,242.85,False
4078ae,United Kingdom,77.31,False
a64eff,United States,67.88,False
840df8,Japan,241.84,False
c024dc,Canada,3.86,True
a34580,United States,30.87,False
c06d5b,Canada,83.61,False
507cba,Uzbekistan,260.04,False
a2bbf2,United States,201.73,False
a7022b,United States,55.82,False
ad598e,United States,48.77,False
84b40d,Japan,287.83,False
a5c231,United States,225.49,False
ac267c,United States,115.91,False
a82215,United States,236.86,False
ae5303,United States,55.6,False
a87bb9,United States,45.37,False
a7287d,United States,218.06,False
ada964,United States,55.9,False
a7021e,United States,49.74,False
accff1,United States,58.89,False
76cd04,Singapore,283.65,False
4065de,United Kingdom,262.66,False
aa8315,United States,217.84,False
ad8cec,United States,183.02,False
a60852,United States,218.12,False
abf351,United States,247.06,False
aac03d,United States,240.31,False
a02d2e,United States,54.29,False
a5e834,United States,123.73,False
a72841,United States,71.01,False
c037ab,Canada,151.73,False
4078fd,United Kingdom,192.25,False
ac136d,United States,213.82,False
a58542,United States,110.2,False
e48e94,Brazil,108.78,False
aad386,United States,39.93,False
ad201e,United States,117.54,False
abe030,United States,270.6,False
aa2ca2,United States,118.53,False
76cd0f,Singapore,254.7,False
ab905c,United States,7.46,True
4078ef,United Kingdom,0.0,True
8965f5,United Arab Emirates,0.9,True
e48e61,Brazil,80.19,False
a5d51c,United States,234.49,False
a99c9a,United States,78.41,False
44ccc8,Belgium,0.06,True
44ccc7,Belgium,234.64,False
abf375,United States,0.0,True
8965f6,United Arab Emirates,205.06,False
a57229,United States,265.99,False
4078db,United Kingdom,6.69,True
a4fbbc,United States,200.64,False
ad2051,United States,40.53,False
4078dd,United Kingdom,221.65,False
ad203f,United States,42.56,False
8965ee,United Arab Emirates,218.81,False
e48e77,Brazil,73.26,False
c037d0,Canada,197.89,False
a5988d,United States,44.8,False
75025d,Malaysia,212.79,False
aa3fb2,United States,0.0,True
8965fb,United Arab Emirates,245.04,False
75025a,Malaysia,248.35,False
ad2049,United States,148.91,False
76cd43,Singapore,228.67,False
781ed4,China,227.54,False
c01294,Canada,59.04,False
781ed3,China,240.71,False
7c5327,Australia,206.48,False
a8359c,United States,216.23,False
447cb9,Austria,1.03,False
c81e05,New Zealand,265.4,False
e80333,Chile,127.98,False
7c531e,Australia,197.31,False
ac5a94,United States,222.7,False
addd7a,United States,48.33,False
a9a573,United States,263.73,False
c2b567,Canada,116.18,False
e80338,Chile,249.3,False
e8032a,Chile,231.91,False
780bb6,China,257.84,False
600803,Azerbaijan,213.34,False
a9426f,United States,100.49,False
780bb9,China,250.43,False
87aad4,Japan,10.29,True
ac390f,United States,225.5,False
461fa7,Finland,224.38,False
e8033d,Chile,119.53,False
e8033c,Chile,232.32,False
461fa9,Finland,230.23,False
461fa2,Finland,65.33,False
aa7082,United States,206.25,False
461fa3,Finland,223.45,False
461fa4,Finland,236.42,False
461fa0,Finland,225.45,False
ac391d,United States,67.13,False
461fa1,Finland,241.58,False
40666c,United Kingdom,215.48,False
a63d00,United States,89.94,False
40666b,United Kingdom,215.02,False
a3ca01,United States,238.54,False
40799c,United Kingdom,229.47,False
40666d,United Kingdom,237.71,False
40666a,United Kingdom,232.41,False
a081a3,United States,193.18,False
a82298,United States,132.25,False
c81e2c,New Zealand,140.9,False
406670,United Kingdom,210.6,False
ab5fc9,United States,267.4,False
a02d5c,United States,80.83,False
a14d53,United States,57.95,False
aa838c,United States,71.11,False
a607af,United States,59.09,False
43bfdc,United Kingdom,6.94,True
461faa,Finland,239.53,False
43bfdd,United Kingdom,18.52,True
a607c0,United States,206.48,False
43bfde,United Kingdom,13.38,True
399c7b,France,0.0,True
ac7faf,United States,208.67,False
aa8390,United States,275.71,False
a6f577,United States,52.72,False
a9687f,United States,52.53,False
a9b85b,United States,186.49,False
a38d77,United States,173.54,False
ada908,United States,15.13,False
a224f9,United States,203.91,False
84b42f,Japan,235.75,False
aaf960,United States,210.42,False
ab1978,United States,248.98,False
a82237,United States,73.57,False
ab1979,United States,222.48,False
a331b0,United States,54.21,False
c2b535,Canada,65.07,False
a8ded6,United States,0.0,True
346499,Spain,123.87,False
a82260,United States,53.47,False
ada936,United States,45.42,False
a38d48,United States,204.28,False
a8ded0,United States,42.37,False
a14d78,United States,185.56,False
ac1301,United States,6.17,True
ad4615,United States,65.72,False
a70284,United States,216.45,False
a344be,United States,164.96,False
a01a73,United States,116.43,False
a6e25c,United States,57.62,False
ac396a,United States,192.85,False
a6e258,United States,0.0,True
abf308,United States,6.94,True
a38d36,United States,273.43,False
a6f584,United States,43.36,False
e80327,Chile,200.46,False
c07ee8,Canada,236.77,False
a5c1a8,United States,58.44,False
40660e,United Kingdom,240.89,False
c07ee0,Canada,223.39,False
a51d83,United States,50.99,False
0201a2,Morocco,224.98,False
0201a0,Morocco,214.14,False
acbd26,United States,76.17,False
a4b4dc,United States,226.58,False
ac24ab,United States,28.38,False
40660c,United Kingdom,221.54,False
ab04e6,United States,188.82,False
a74a12,United States,0.0,True
a38d8f,United States,8.75,True
ab04dd,United States,92.79,False
a49a50,United States,281.76,False
a51d93,United States,30.97,False
aa1a1c,United States,3.09,True
a7ad0d,United States,70.45,False
4794f2,Norway,5.4,True
aaf7fe,United States,38.24,False
345248,Spain,147.08,False
aa1a26,United States,242.43,False
407930,United Kingdom,231.57,False
ac24e4,United States,267.57,False
a75d73,United States,34.23,False
a967b4,United States,70.93,False
0201c5,Morocco,235.34,False
0201c4,Morocco,218.88,False
c0121c,Canada,77.11,False
0201c3,Morocco,229.29,False
0201c1,Morocco,206.33,False
0201c0,Morocco,212.45,False
a2bd6d,United States,69.62,False
0201af,Morocco,135.99,False
c0388a,Canada,75.12,False
a451b5,United States,48.33,False
c02567,Canada,296.89,False
a1f1de,United States,147.47,False
c02566,Canada,35.0,False
a967ae,United States,190.39,False
aa1a16,United States,229.41,False
0201b6,Morocco,133.26,False
c07ef2,Canada,156.97,False
c0120d,Canada,46.94,False
c07eee,Canada,235.75,False
a451a3,United States,7.2,True
a4ea77,United States,201.81,False
407917,United Kingdom,67.06,False
a451a7,United States,51.35,False
a03fde,United States,142.61,False
407994,United Kingdom,204.24,False
89667e,United Arab Emirates,272.92,False
407997,United Kingdom,72.03,False
89667b,United Arab Emirates,227.22,False
a09645,United States,41.06,False
ac5a4a,United States,238.46,False
a727c7,United States,55.91,False
34520a,Spain,244.08,False
adca12,United States,181.12,False
ab4d9e,United States,66.17,False
781fc4,China,254.69,False
345212,Spain,225.02,False
addd2b,United States,34.42,False
a4b4c5,United States,59.37,False
a967a3,United States,29.84,True
a584c4,United States,167.23,False
a584c3,United States,62.93,False
4d00d0,Luxembourg,180.02,False
ad44f2,United States,231.86,False
40796c,United Kingdom,205.96,False
acaa1c,United States,196.86,False
addd34,United States,37.77,False
4d00c3,Luxembourg,179.35,False
40796a,United Kingdom,271.09,False
ae77f8,United States,57.21,False
a584bc,United States,284.96,False
86e036,Japan,250.84,False
407979,United Kingdom,253.21,False
345204,Spain,187.94,False
aa2d14,United States,5.4,True
400fdb,United Kingdom,231.96,False
a5d4b5,United States,38.84,False
a0f91d,United States,234.62,False
a571b1,United States,62.01,False
400fda,United Kingdom,215.66,False
a0f926,United States,69.62,False
400fe2,United Kingdom,86.91,False
896679,United Arab Emirates,240.83,False
a03fe5,United States,0.0,True
700007,Afghanistan,214.94,False
a451db,United States,251.09,False
e0b390,Argentina,2.06,True
a5d4aa,United States,199.07,False
76cd45,Singapore,277.91,False
c010ec,Canada,239.7,False
a5e90e,United States,199.49,False
4d00ee,Luxembourg,189.53,False
a0d331,United States,88.81,False
c010ef,Canada,140.95,False
addbec,United States,50.93,False
c2b3d7,Canada,241.98,False
8832b1,Thailand,204.82,False
a2396e,United States,204.55,False
8965d6,United Arab Emirates,191.45,False
a9da3b,United States,242.85,False
ad3285,United States,202.8,False
a1f307,United States,39.62,False
a22669,United States,108.04,False
a4c93e,United States,49.8,False
15205f,Russian Federation,208.35,False
c06c8a,Canada,120.75,False
a3efcc,United States,19.15,False
a0c005,United States,77.15,False
a35966,United States,82.88,False
a0835d,United States,0.0,True
a99d89,United States,125.01,False
a02ccd,United States,253.99,False
a3a978,United States,41.07,False
ad327f,United States,50.06,False
a9a4e2,United States,129.57,False
4d00d6,Luxembourg,7.46,True
4d00d4,Luxembourg,70.22,False
4d00d8,Luxembourg,132.22,False
76cd71,Singapore,278.89,False
76cd74,Singapore,255.09,False
4d00ca,Luxembourg,82.36,False
8965b8,United Arab Emirates,279.75,False
750338,Malaysia,231.75,False
76cd77,Singapore,86.45,False
76cd79,Singapore,243.86,False
009959,South Africa,170.33,False
a08341,United States,84.88,False
a07015,United States,,True
8965ac,United Arab Emirates,196.98,False
a99d8d,United States,202.43,False
c2b3c3,Canada,68.97,False
4d00f4,Luxembourg,223.37,False
a22642,United States,225.06,False
4d00f3,Luxembourg,263.56,False
4d00f2,Luxembourg,240.9,False
a5e949,United States,222.48,False
3c49b1,Germany,206.71,False
a3a97f,United States,60.76,False
a8cd91,United States,50.94,False
a71604,United States,154.61,False
a954e1,United States,107.32,False
89409d,Bahrain,254.72,False
a941b2,United States,269.34,False
a821bf,United States,131.18,False
a47995,United States,140.99,False
a834f0,United States,44.47,False
a9ed2e,United States,37.83,False
a86a2b,United States,155.21,False
15201f,Russian Federation,27.39,False
0201d2,Morocco,185.9,False
0201d1,Morocco,218.56,False
a691ed,United States,49.94,False
a0c049,United States,44.88,False
a3efa2,United States,234.71,False
a9ed27,United States,35.94,False
780d8f,China,254.7,False
ac6d0c,United States,258.01,False
894094,Bahrain,213.96,False
a967eb,United States,161.37,False
a33339,United States,181.78,False
152038,Russian Federation,237.7,False
ac37bd,United States,223.45,False
a2132c,United States,52.21,False
a7ad7c,United States,194.37,False
89408e,Bahrain,233.98,False
89408d,Bahrain,220.24,False
a1902b,United States,114.88,False
a954d2,United States,43.66,False
a2cff0,United States,282.61,False
a20027,United States,47.95,False
a7ad84,United States,191.15,False
a9da02,United States,37.59,False
a52fb2,United States,176.94,False
a33328,United States,128.01,False
a954ca,United States,269.93,False
a2000d,United States,3.09,True
a33325,United States,206.74,False
a4794e,United States,207.42,False
a33327,United States,0.51,True
152046,Russian Federation,232.86,False
a6e1e5,United States,45.28,False
a3e911,United States,6.43,True
a66a84,United States,266.93,False
ac52ee,United States,196.36,False
aceb61,United States,191.03,False
a741dd,United States,40.69,False
abde8c,United States,244.65,False
c81914,New Zealand,46.71,False
899080,Taiwan,230.93,False
a7da2a,United States,268.54,False
732544,Islamic Republic of Iran,221.15,False
a7a4e6,United States,233.32,False
ade8fa,United States,198.73,False
7800ff,China,236.38,False
89907d,Taiwan,166.43,False
ac52ff,United States,122.96,False
a2c90d,United States,185.46,False
aa5b92,United States,282.49,False
a981bf,United States,146.13,False
a7da1d,United States,43.78,False
899094,Taiwan,222.66,False
a1a92e,United States,50.93,False
acfe9e,United States,66.2,False
a92d50,United States,32.31,False
acfe9d,United States,49.91,False
04015c,Ethiopia,245.33,False
a1a924,United States,199.29,False
c0405a,Canada,144.84,False
040168,Ethiopia,248.65,False
e4a012,Brazil,232.18,False
a2790a,United States,45.86,False
a2790d,United States,0.13,True
c1e992,Canada,1.54,True
a981a8,United States,59.66,False
aa5b6c,United States,41.21,False
a7da55,United States,0.0,True
a52946,United States,67.88,False
c0404e,Canada,90.54,False
aceb76,United States,171.86,False
a03977,United States,165.97,False
4bcd85,Turkey,213.45,False
4bcd84,Turkey,228.56,False
c07995,Canada,243.78,False
4bcd83,Turkey,222.55,False
4bcd82,Turkey,229.65,False
4bcd81,Turkey,224.39,False
a7da01,United States,206.93,False
a26661,United States,47.34,False
781503,China,248.39,False
a9f7b0,United States,244.46,False
a3c1e6,United States,105.27,False
a00039,United States,219.82,False
a5ad4d,United States,83.9,False
a67d66,United States,229.63,False
c81958,New Zealand,123.6,False
c05323,Canada,55.15,False
a39961,United States,71.14,False
4ca4f4,Ireland,195.95,False
a1efe7,United States,196.36,False
a24001,United States,56.41,False
c0797b,Canada,0.0,True
ab471d,United States,72.43,False
a5ad5f,United States,33.71,False
c8195c,New Zealand,146.62,False
a55d8e,United States,62.64,False
aa6e81,United States,256.22,False
a887fd,United States,95.17,False
a18cbb,United States,162.7,False
ab4737,United States,57.76,False
899019,Taiwan,236.85,False
a741c8,United States,52.08,False
c0534e,Canada,218.46,False
a1463a,United States,233.78,False
040125,Ethiopia,221.11,False
a78a52,United States,268.76,False
a66a4c,United States,75.12,False
a0bcb2,United States,303.38,False
a32fd5,United States,4.63,True
899021,Taiwan,222.11,False
89901e,Taiwan,231.96,False
c05348,Canada,62.27,False
a2661c,United States,50.72,False
ac671b,United States,214.58,False
89901d,Taiwan,219.6,False
49d3d5,Czech Republic,252.42,False
49d3d4,Czech Republic,244.26,False
ac671f,United States,59.87,False
49d3d6,Czech Republic,239.82,False
49d3d3,Czech Republic,226.77,False
c0533d,Canada,124.77,False
a2b602,United States,142.55,False
c0799e,Canada,239.51,False
899032,Taiwan,220.41,False
899031,Taiwan,239.97,False
a0267b,United States,267.8,False
040132,Ethiopia,117.46,False
a5031a,United States,0.0,True
a38685,United States,6.43,True
acfe09,United States,167.29,False
a38682,United States,243.37,False
a5bfce,United States,70.09,False
a43ce4,United States,112.06,False
a43ce3,United States,47.53,False
a24039,United States,218.93,False
a2fcf2,United States,225.8,False
aaab05,United States,50.03,False
406f7a,United Kingdom,252.16,False
a7561e,United States,33.7,False
aaab06,United States,51.96,False
abde0b,United States,244.07,False
acc8b3,United States,34.5,False
406f87,United Kingdom,172.38,False
a43ccc,United States,265.08,False
c1e917,Canada,5.14,True
a0139b,United States,81.95,False
a6495f,United States,270.61,False
a75634,United States,308.13,False
a13386,United States,213.18,False
a2536f,United States,258.19,False
a00086,United States,228.89,False
a67cc6,United States,61.07,False
406f75,United Kingdom,245.77,False
486491,Kingdom of the Netherlands,166.58,False
a4e321,United States,88.12,False
a6496b,United States,241.37,False
e4894e,Brazil,216.95,False
e4894f,Brazil,122.4,False
a5bfe9,United States,220.21,False
7813c2,China,245.6,False
a13391,United States,207.54,False
a13392,United States,0.0,True
a2668b,United States,211.69,False
43e9b3,United Kingdom,126.37,False
a13398,United States,62.01,False
a86300,United States,42.4,False
a64996,United States,230.07,False
c07973,Canada,231.06,False
0d083b,Mexico,240.44,False
a24014,United States,201.48,False
aa2744,United States,265.19,False
ab7b38,United States,6.17,True
486483,Kingdom of the Netherlands,205.86,False
4ca4ef,Ireland,155.69,False
4ca4ee,Ireland,214.29,False
4ca4ed,Ireland,191.21,False
3a4494,France,257.7,False
486464,Kingdom of the Netherlands,38.89,False
a7a616,United States,251.38,False
a00067,United States,57.81,False
ac65bb,United States,110.95,False
406f52,United Kingdom,9.49,False
a4095f,United States,28.85,False
ae08c0,United States,52.48,False
a2fcb7,United States,44.73,False
a6dfce,United States,54.66,False
0d0866,Mexico,216.85,False
0d0867,Mexico,13.89,True
a91a83,United States,50.51,False
48644a,Kingdom of the Netherlands,60.17,False
a8fa72,United States,36.53,False
485123,Kingdom of the Netherlands,225.65,False
485122,Kingdom of the Netherlands,120.87,False
aba8fe,United States,260.47,False
a06e0b,United States,200.23,False
a4f601,United States,51.51,False
a12096,United States,208.46,False
c07915,Canada,144.86,False
a37389,United States,254.22,False
a76909,United States,230.29,False
a56fbe,United States,37.6,False
a0be05,United States,147.35,False
ac65dc,United States,203.12,False
a24082,United States,234.59,False
a7da5f,United States,6.43,True
a6492f,United States,0.0,True
abcb37,United States,53.03,False
ade8c8,United States,59.65,False
0d0804,Mexico,268.81,False
0d0805,Mexico,6.69,False
a64955,United States,198.26,False
ad1e71,United States,63.95,False
a8fa3f,United States,50.46,False
a2b698,United States,233.66,False
a4f622,United States,264.1,False
aca2ae,United States,208.53,False
aa2701,United States,3.09,True
7800e5,China,239.99,False
a50317,United States,92.61,False
ac9b59,United States,55.03,False
0d0810,Mexico,213.59,False
a0008c,United States,14.92,True
3c1aeb,Germany,14.92,True
a49343,United States,60.21,False
a2fcee,United States,176.43,False
a4e307,United States,237.48,False
a75605,United States,51.65,False
a8b1e1,United States,50.39,False
ac52e2,United States,230.07,False
502daa,Latvia,164.67,False
c051cc,Canada,274.53,False
a2fe02,United States,57.59,False
a8a017,United States,191.93,False
acc99c,United States,44.62,False
47a743,Norway,8.23,True
a145b7,United States,256.55,False
a8634c,United States,38.08,False
a5f064,United States,59.65,False
a4e38f,United States,97.75,False
a99692,United States,42.11,False
a17b16,United States,196.72,False
502db3,Latvia,163.82,False
c051d0,Canada,232.53,False
a06e71,United States,237.48,False
acb679,United States,257.21,False
ac536c,United States,226.83,False
a4805b,United States,45.0,False
a025ab,United States,90.47,False
add66d,United States,203.43,False
a3e8c2,United States,223.52,False
a158c9,United States,184.37,False
474400,Hungary,0.0,True
ac537f,United States,180.1,False
a2a38e,United States,254.76,False
a3e8d2,United States,48.79,False
a025bc,United States,53.0,False
44813d,Belgium,9.77,True
44813c,Belgium,2.57,True
ac538f,United States,234.74,False
406f3b,United Kingdom,240.71,False
a4e34f,United States,8.75,True
406f3e,United Kingdom,73.16,False
c818da,New Zealand,136.01,False
aa001f,United States,44.67,False
a385c8,United States,159.36,False
a6ccd1,United States,45.0,False
a145f6,United States,57.44,False
a9e610,United States,60.72,False
ab58b2,United States,92.6,False
c064d8,Canada,248.64,False
a80cc9,United States,57.52,False
a145f7,United States,34.74,False
a9e614,United States,47.39,False
394a02,France,230.18,False
a50370,United States,227.54,False
394a08,France,224.14,False
a252a7,United States,235.58,False
394a09,France,253.77,False
a1cb0f,United States,224.15,False
a6dff9,United States,223.16,False
4ca570,Ireland,225.52,False
aca382,United States,75.41,False
0d06e5,Mexico,90.54,False
a86315,United States,46.82,False
a252ae,United States,224.36,False
a99655,United States,95.18,False
a278ff,United States,40.29,False
ab58c5,United States,54.76,False
394a14,France,230.06,False
394a13,France,222.67,False
ab58c1,United States,137.04,False
0d06da,Mexico,138.47,False
4ca566,Ireland,233.57,False
394a18,France,261.91,False
4ca565,Ireland,181.02,False
4ca564,Ireland,221.26,False
ac407d,United States,166.98,False
4ca569,Ireland,239.34,False
4ca568,Ireland,68.83,False
a3b063,United States,0.06,True
a87678,United States,54.11,False
a385a2,United States,32.77,False
ab8e28,United States,36.13,False
a06e87,United States,157.53,False
7814b7,China,267.34,False
ad1e05,United States,219.3,False
a31e24,United States,240.16,False
a7699a,United States,47.08,False
aa397c,United States,58.13,False
adb04a,United States,255.77,False
7814c4,China,227.31,False
a7fff9,United States,40.21,False
a06e97,United States,62.16,False
a99638,United States,0.06,True
a4d04c,United States,154.24,False
ab4630,United States,64.44,False
a79e31,United States,82.07,False
780218,China,12.35,True
c077c4,Canada,74.18,False
a2a2bb,United States,68.65,False
a9c078,United States,30.63,False
a372e4,United States,88.51,False
a54b41,United States,0.0,True
a372e0,United States,0.19,True
a55e5c,United States,171.31,False
a80e20,United States,196.79,False
a80e21,United States,57.14,False
a42b45,United States,248.5,False
a385ee,United States,6.94,True
a3c2be,United States,304.37,False
780220,China,247.59,False
ade907,United States,69.53,False
a43e5c,United States,227.37,False
ad2faa,United States,85.68,False
04022c,Ethiopia,239.19,False
5082f0,Ukraine,226.69,False
aba93f,United States,210.01,False
78021a,China,208.72,False
aa6e2d,United States,250.54,False
a1de8d,United States,239.0,False
a6ce21,United States,42.34,False
040233,Ethiopia,221.51,False
a7db08,United States,148.71,False
ade930,United States,65.44,False
a385da,United States,243.87,False
780235,China,245.27,False
780232,China,4.89,True
780233,China,267.6,False
394a0a,France,146.01,False
4ca56d,Ireland,127.74,False
aba961,United States,159.44,False
a05b7e,United States,0.06,True
acc954,United States,67.26,False
ae093d,United States,100.54,False
4ca56b,Ireland,220.59,False
ae4faf,United States,55.49,False
a6ce58,United States,274.21,False
a0ab4f,United States,49.99,False
abefba,United States,237.25,False
a9707e,United States,218.33,False
a4f5f0,United States,0.0,True
ac530f,United States,32.03,False
a8a083,United States,8.23,True
abdcb5,United States,286.31,False
a6bb18,United States,47.35,False
78023d,China,182.84,False
a2fe3c,United States,291.14,False
ad2fd0,United States,204.07,False
a9704d,United States,66.51,False
a528d6,United States,268.59,False
c05293,Canada,77.49,False
ab599b,United States,71.6,False
ac5331,United States,263.84,False
ac7992,United States,95.8,False
a4f5a0,United States,229.38,False
a3e8dc,United States,202.44,False
a4f5a7,United States,300.41,False
3c70b8,Germany,232.72,False
ae093f,United States,147.75,False
aabcec,United States,57.42,False
aca309,United States,187.6,False
760a05,Pakistan,156.8,False
adc313,United States,227.72,False
a768c2,United States,259.6,False
abdcdc,United States,190.78,False
abdcda,United States,78.2,False
34134d,Spain,224.76,False
3c70c3,Germany,243.15,False
3c70c8,Germany,234.36,False
34134e,Spain,218.93,False
3c70c6,Germany,250.53,False
a648d2,United States,48.81,False
ac5349,United States,200.17,False
3c70aa,Germany,244.34,False
a3c2a9,United States,3.6,True
a768bd,United States,83.75,False
a2a2e6,United States,6.17,True
a14700,United States,209.95,False
ad1cde,United States,13.38,True
a9e67b,United States,231.99,False
a98386,United States,244.62,False
ac5356,United States,40.35,False
a55e60,United States,52.46,False
ad1ce8,United States,29.86,False
acb650,United States,46.95,False
a43e83,United States,133.88,False
a648e6,United States,37.1,False
ac40e9,United States,6.43,True
a7db66,United States,46.93,False
a05ab3,United States,230.26,False
44d1ba,Belgium,211.09,False
4ba9ea,Turkey,251.73,False
a9e5e4,United States,48.12,False
a862e8,United States,67.16,False
acec87,United States,74.38,False
abcc87,United States,3.86,True
a05aad,United States,40.33,False
040062,Ethiopia,236.11,False
ad73fc,United States,119.17,False
ad73df,United States,0.0,True
aca3e6,United States,192.88,False
4ba9fa,Turkey,3.6,True
a1474a,United States,48.36,False
a742ec,United States,150.24,False
ad0c7e,United States,43.68,False
4481d9,Belgium,1.03,True
a06deb,United States,56.92,False
a06dec,United States,75.74,False
4ba9cf,Turkey,217.11,False
a91b40,United States,153.04,False
a982b5,United States,76.7,False
89916b,Taiwan,232.97,False
a51717,United States,37.77,False
4ba9ca,Turkey,237.78,False
a06dc5,United States,67.2,False
89916c,Taiwan,262.99,False
a982ab,United States,56.36,False
71c014,Republic of Korea,248.02,False
71c012,Republic of Korea,248.68,False
a9e5ae,United States,53.7,False
a06dc9,United States,0.0,True
4ba9e5,Turkey,246.56,False
4ba9e2,Turkey,251.7,False
845f9f,Japan,1.8,True
a982c2,United States,32.96,False
502d0d,Latvia,224.09,False
a2eb9e,United States,37.13,False
502d0e,Latvia,148.8,False
71c003,Republic of Korea,104.47,False
71c001,Republic of Korea,254.86,False
4ba9f9,Turkey,244.16,False
a9e5bf,United States,39.7,False
71c008,Republic of Korea,207.77,False
a51738,United States,250.03,False
4ba9f5,Turkey,2.31,True
502d29,Latvia,206.19,False
a6bb98,United States,160.49,False
a6bb97,United States,0.06,True
502d28,Latvia,232.14,False
06a390,Qatar,245.6,False
a742c2,United States,272.54,False
a2a41e,United States,261.67,False
781624,China,92.18,False
a01485,United States,0.0,True
0d0752,Mexico,232.9,False
502d59,Latvia,215.56,False
a2b759,United States,222.5,False
06a391,Qatar,254.58,False
899160,Taiwan,243.18,False
a12133,United States,32.93,False
502d43,Latvia,159.45,False
ab4840,United States,220.43,False
502d45,Latvia,5.66,True
a502fb,United States,53.03,False
44d1a2,Belgium,217.51,False
a80e54,United States,41.68,False
406fd8,United Kingdom,2.31,True
44d1a1,Belgium,203.57,False
502d47,Latvia,238.65,False
a17ae9,United States,63.37,False
781644,China,234.34,False
502d79,Latvia,219.19,False
89912d,Taiwan,235.89,False
4481bf,Belgium,1.29,True
ac5500,United States,137.46,False
0d0771,Mexico,88.32,False
a1ddbb,United States,202.05,False
acb827,United States,292.46,False
acb824,United States,234.19,False
a0012a,United States,179.24,False
a13441,United States,43.8,False
502d5e,Latvia,0.0,True
502d5d,Latvia,216.71,False
a7b8fb,United States,38.08,False
4481b0,Belgium,2.57,True
502d5c,Latvia,214.33,False
a18df6,United States,140.28,False
aa6f80,United States,165.77,False
8990a6,Taiwan,5.66,True
a3b124,United States,195.1,False
c05411,Canada,48.89,False
0d0707,Mexico,5.14,True
8990a4,Taiwan,285.6,False
a54aaa,United States,204.82,False
a2eae5,United States,74.61,False
a79dad,United States,63.95,False
a2b797,United States,56.65,False
71c079,Republic of Korea,270.62,False
aba9e7,United States,213.27,False
a0aaff,United States,39.87,False
a29aff,United States,0.0,False
a4943f,United States,200.01,False
71c076,Republic of Korea,242.47,False
71c075,Republic of Korea,6.69,True
c06734,Canada,112.93,False
a29af3,United States,261.68,False
a36130,United States,280.96,False
ac9c27,United States,125.61,False
a8c70f,United States,33.5,False
a1cadb,United States,126.56,False
abdf3f,United States,183.86,False
aaac36,United States,53.92,False
7814e7,China,250.87,False
a3d78d,United States,221.19,False
ac79ea,United States,57.77,False
a9e701,United States,54.84,False
a49441,United States,279.07,False
a4e448,United States,90.17,False
71c062,Republic of Korea,237.58,False
c06736,Canada,95.33,False
ac53a0,United States,183.08,False
c06738,Canada,1.8,True
a3b140,United States,196.28,False
a4e44b,United States,37.68,False
ac53b2,United States,11.32,True
c05430,Canada,8.23,True
a61120,United States,51.88,False
ab7c52,United States,55.67,False
a74441,United States,66.6,False
aabf80,United States,227.63,False
a17af7,United States,78.71,False
a2679a,United States,128.9,False
aaac3a,United States,59.32,False
abdf53,United States,85.55,False
0d0733,Mexico,244.77,False
a0149d,United States,48.78,False
ad86ca,United States,47.06,False
a2677e,United States,309.94,False
71c090,Republic of Korea,247.01,False
a5f107,United States,62.86,False
aa6ed1,United States,151.49,False
a1215a,United States,51.55,False
a26793,United States,0.0,True
a1214e,United States,47.39,False
ad99f6,United States,32.09,False
a12160,United States,56.04,False
a12164,United States,41.32,False
ab20ad,United States,75.36,False
a75710,United States,122.79,False
c06709,Canada,278.86,False
a06f49,United States,207.3,False
aca3a3,United States,278.22,False
06a30d,Qatar,286.3,False
ad99fc,United States,237.51,False
06a30a,Qatar,88.95,False
a0bf26,United States,239.73,False
a48153,United States,59.18,False
a55dc3,United States,61.86,False
acec1b,United States,46.85,False
a75707,United States,57.11,False
86ef4a,Japan,254.28,False
ac53f8,United States,209.68,False
c06723,Canada,49.32,False
aca3d1,United States,0.0,True
ac9c6d,United States,1.03,False
a2a491,United States,45.82,False
ab20e6,United States,79.77,False
c0671b,Canada,264.28,False
a06f22,United States,203.84,False
c06724,Canada,3.34,True
040088,Ethiopia,157.6,False
ac40d8,United States,60.78,False
a1219f,United States,49.78,False
71c045,Republic of Korea,233.1,False
e09296,Argentina,66.9,False
48520a,Kingdom of the Netherlands,235.28,False
48520c,Kingdom of the Netherlands,235.14,False
485207,Kingdom of the Netherlands,146.26,False
485209,Kingdom of the Netherlands,7.46,True
aceacf,United States,57.65,False
ab349f,United States,221.78,False
ab349e,United States,5.92,True
a7dadc,United States,162.21,False
485206,Kingdom of the Netherlands,203.13,False
ab349c,United States,216.58,False
ac5495,United States,125.84,False
a1a9f4,United States,196.34,False
a31f2f,United States,34.79,False
ab2182,United States,33.68,False
a013d0,United States,76.91,False
a9c113,United States,64.34,False
a8b479,United States,245.35,False
06a2e4,Qatar,74.6,False
a74491,United States,43.08,False
a146f1,United States,70.94,False
06a2e0,Qatar,181.4,False
a7a799,United States,38.92,False
a9e784,United States,28.3,False
a5f176,United States,108.23,False
a8fadf,United States,57.11,False
a1a9bc,United States,106.89,False
aa0172,United States,63.08,False
a8c772,United States,46.25,False
a279cb,United States,66.81,False
502cc6,Latvia,220.4,False
a026cf,United States,255.43,False
a9e759,United States,40.16,False
7cf35f,Australia,3.6,True
46ced4,Greece,132.84,False
4b8df2,Turkey,181.56,False
a026e1,United States,160.36,False
ac79a3,United States,189.27,False
aabf09,United States,2.06,True
a9844d,United States,87.8,False
a8a11d,United States,189.82,False
a8b44e,United States,189.16,False
a05c45,United States,77.93,False
06a2fb,Qatar,277.89,False
502ccd,Latvia,243.84,False
502ccf,Latvia,67.16,False
a120af,United States,48.16,False
502cce,Latvia,219.26,False
a8c759,United States,217.39,False
aa5af4,United States,52.69,False
502ce6,Latvia,168.89,False
502ce5,Latvia,185.66,False
502ce8,Latvia,0.0,True
502ce4,Latvia,72.33,False
502ce3,Latvia,222.66,False
49d421,Czech Republic,216.23,False
a43f51,United States,238.68,False
49d423,Czech Republic,235.03,False
a91ab7,United States,279.69,False
142afc,Russian Federation,27.84,False
a31f6a,United States,101.91,False
a1cc2f,United States,38.68,False
a31f64,United States,29.84,True
a8faa0,United States,41.91,False
a43f3c,United States,256.79,False
a6246e,United States,230.81,False
a2c9ec,United States,1.54,True
502cd7,Latvia,227.55,False
a9e745,United States,33.47,False
502cd0,Latvia,224.76,False
a9d413,United States,181.43,False
a3b186,United States,226.04,False
a1cc1f,United States,217.84,False
c052ca,Canada,224.36,False
a86462,United States,21.98,False
49d42b,Czech Republic,235.17,False
a99744,United States,216.12,False
c1e8ae,Canada,5.4,True
a1df65,United States,124.13,False
a5f162,United States,182.94,False
c065ef,Canada,146.93,False
a9973c,United States,192.51,False
a9e71a,United States,44.94,False
aed12a,United States,56.59,False
aa276a,United States,154.9,False
a61173,United States,186.2,False
ab7c24,United States,50.03,False
a18f94,United States,63.62,False
a399e4,United States,70.42,False
a05c6d,United States,1.29,True
c052d7,Canada,123.56,False
a99754,United States,37.85,False
a8643c,United States,51.7,False
a133d5,United States,54.01,False
c1e8ba,Canada,7.2,True
a000bf,United States,148.61,False
aabf50,United States,223.49,False
a3e9b2,United States,167.09,False
abdf22,United States,63.82,False
a399de,United States,220.97,False
aaac0c,United States,43.33,False
a743a2,United States,73.87,False
a756d2,United States,234.19,False
502d95,Latvia,0.06,True
502d96,Latvia,236.85,False
4850f5,Kingdom of the Netherlands,239.53,False
a3c3e0,United States,97.86,False
040106,Ethiopia,242.89,False
899122,Taiwan,236.99,False
899121,Taiwan,227.08,False
899124,Taiwan,254.8,False
899123,Taiwan,143.12,False
ab7aa2,United States,88.09,False
040101,Ethiopia,244.19,False
ad8710,United States,4.89,True
a67f81,United States,277.74,False
a2ec69,United States,61.66,False
a503e1,United States,66.22,False
89911c,Taiwan,220.64,False
a360b7,United States,184.98,False
a8fc06,United States,240.33,False
a2b6ff,United States,9.77,True
aa39fd,United States,5.14,True
ac6744,United States,5.92,True
a240dc,United States,197.34,False
502d7c,Latvia,194.68,False
899133,Taiwan,97.76,False
502d7b,Latvia,216.72,False
a8fc09,United States,7.2,True
a67f76,United States,136.31,False
502d7a,Latvia,202.49,False
a120fe,United States,217.59,False
a2a3d2,United States,303.95,False
ac541f,United States,91.01,False
abddc6,United States,53.75,False
ac9aa2,United States,42.8,False
a54c79,United States,51.57,False
a253dd,United States,55.34,False
899103,Taiwan,229.62,False
a373e3,United States,114.62,False
ad1db5,United States,51.8,False
ab8df7,United States,49.7,False
ab2121,United States,2.06,True
a31f8b,United States,65.85,False
aa26c8,United States,110.1,False
899107,Taiwan,0.0,True
a0ac92,United States,174.45,False
a67f8a,United States,235.64,False
406ecd,United Kingdom,251.83,False
502d9f,Latvia,196.76,False
ac4107,United States,155.1,False
a6bc31,United States,147.52,False
a120da,United States,61.5,False
aabdf8,United States,166.8,False
a30c4b,United States,29.32,False
7cf359,Australia,5.14,True
ad8766,United States,8.75,True
a889a9,United States,47.9,False
4ba9ac,Turkey,224.51,False
a516c1,United States,219.23,False
ad875f,United States,49.13,False
4ba9c8,Turkey,255.98,False
4ba9c1,Turkey,253.08,False
4ba9c4,Turkey,226.87,False
4ba9c3,Turkey,215.5,False
aceaa6,United States,65.58,False
a85185,United States,4.37,True
78037b,China,258.67,False
add737,United States,72.81,False
405bfe,United Kingdom,237.43,False
a67f37,United States,211.77,False
4ba9d2,Turkey,231.24,False
ac9abc,United States,123.43,False
a649e3,United States,46.44,False
ab7af5,United States,220.07,False
46bc52,Greece,136.42,False
06a2b8,Qatar,270.04,False
06a2b5,Qatar,96.26,False
06a2b3,Qatar,231.22,False
acfdf4,United States,246.85,False
46bc4b,Greece,127.24,False
aca455,United States,10.8,True
ab2169,United States,205.73,False
a9715e,United States,65.88,False
a7ef08,United States,198.87,False
06a2c6,Qatar,229.61,False
06a2c7,Qatar,219.7,False
06a2c4,Qatar,170.53,False
ad0ace,United States,195.83,False
46bc49,Greece,93.17,False
a97172,United States,32.39,False
a9d46f,United States,149.7,False
ad876e,United States,190.34,False
a480ad,United States,0.51,False
a636d0,United States,91.52,False
a55f6c,United States,117.45,False
a42c75,United States,51.17,False
46bc51,Greece,114.73,False
ac679b,United States,35.5,False
4ba8cf,Turkey,237.31,False
a7c8fe,United States,288.24,False
a68e8b,United States,220.28,False
a92b2b,United States,198.18,False
abdc56,United States,204.17,False
e48799,Brazil,131.75,False
abdc76,United States,301.86,False
a14406,United States,97.13,False
ad1c67,United States,243.03,False
ab30e6,United States,264.44,False
acc6df,United States,104.58,False
ae06e4,United States,126.45,False
a992ab,United States,197.4,False
a07dc9,United States,248.98,False
a7eb0c,United States,38.59,False
abef98,United States,203.41,False
ad83f3,United States,0.0,True
ab30f0,United States,13.38,True
4ba8c8,Turkey,214.04,False
a81e98,United States,120.61,False
a752e9,United States,55.93,False
abdc92,United States,172.23,False
abdc96,United States,282.62,False
a0371c,United States,50.82,False
781739,China,284.39,False
aa7f8d,United States,265.82,False
781736,China,228.94,False
406d8e,United Kingdom,144.21,False
a43b5a,United States,45.73,False
a885f4,United States,268.0,False
406d92,United Kingdom,209.05,False
406d90,United Kingdom,220.52,False
0b414c,Guatemala,0.0,False
406d95,United Kingdom,221.65,False
407fc2,United Kingdom,223.59,False
c07754,Canada,53.29,False
a68e4c,United States,244.04,False
a1574e,United States,186.34,False
c0774c,Canada,4.12,True
407fae,United Kingdom,215.19,False
a55b50,United States,217.97,False
a3e5fa,United States,243.45,False
aa6c50,United States,221.75,False
a7fe18,United States,52.46,False
ac50fa,United States,237.91,False
abdc9b,United States,228.33,False
a3d2e5,United States,212.81,False
a8d5a0,United States,217.75,False
a39723,United States,150.61,False
a20da6,United States,130.92,False
aa23b3,United States,137.39,False
a7fe44,United States,93.35,False
a03765,United States,218.61,False
a1eda0,United States,127.59,False
a55b72,United States,73.19,False
aa7f4e,United States,201.77,False
ac7809,United States,237.57,False
a645ff,United States,209.81,False
a9d06b,United States,40.65,False
ab4502,United States,122.93,False
a6de3c,United States,48.69,False
ab4508,United States,184.04,False
a07de2,United States,36.97,False
a93e14,United States,69.94,False
a68e7c,United States,91.23,False
aa6ba4,United States,116.45,False
3e120a,Germany,11.28,False
abb9b2,United States,186.18,False
a51425,United States,242.78,False
39bdae,France,224.87,False
ab56b1,United States,183.8,False
a2b433,United States,62.76,False
aa7ebc,United States,247.74,False
a38432,United States,28.97,False
aa7ec3,United States,142.09,False
aa7ec2,United States,75.12,False
a38439,United States,241.79,False
3e1214,Germany,44.35,False
abef16,United States,211.17,False
add490,United States,44.54,False
39bda2,France,6.94,True
ac0f40,United States,124.37,False
39bda6,France,129.49,False
c07731,Canada,36.23,False
a40749,United States,47.16,False
49d1c6,Czech Republic,155.1,False
aabc11,United States,94.83,False
a56dcf,United States,183.83,False
ab43a1,United States,210.62,False
4ca2c1,Ireland,210.41,False
4ca2c0,Ireland,0.0,True
a3d43e,United States,52.32,False
4ca2ad,Ireland,11.32,True
a0cde6,United States,59.99,False
a14452,United States,263.1,False
abb9df,United States,5.14,True
39bdb4,France,89.04,False
4ca2cb,Ireland,76.43,False
39bdb7,France,218.42,False
39bdb8,France,202.58,False
39bdb9,France,221.83,False
ac89f7,United States,0.0,True
adc17b,United States,243.78,False
4ca2d5,Ireland,254.18,False
39bdb0,France,169.4,False
a19dff,United States,180.01,False
a1311e,United States,216.22,False
c00da8,Canada,29.32,True
a0cdeb,United States,61.14,False
ab8c37,United States,221.39,False
49d1cd,Czech Republic,218.68,False
4ca2bf,Ireland,124.07,False
a15795,United States,1.29,False
acd9e5,United States,44.86,False
a992e4,United States,244.09,False
ad1c16,United States,153.87,False
ad1c11,United States,234.55,False
a52709,United States,0.0,True
ac0f4d,United States,119.68,False
86dd4c,Japan,274.04,False
ac76d2,United States,63.64,False
a40797,United States,96.91,False
ac63b4,United States,143.91,False
a25179,United States,199.98,False
ae4f28,United States,7.87,False
ad1c0f,United States,141.91,False
405a48,United Kingdom,227.7,False
a2fad8,United States,7.46,True
abef54,United States,157.39,False
a43abe,United States,68.99,False
0acaaa,Colombia,0.0,False
acc6d1,United States,270.83,False
0b4121,Guatemala,0.0,False
a7eb96,United States,24.4,False
c1e5dc,Canada,3.6,True
a25146,United States,42.23,False
a3845c,United States,72.09,False
aacf7f,United States,50.48,False
0b411a,Guatemala,66.55,False
c1e5e1,Canada,0.26,True
a4076a,United States,62.29,False
a0117e,United States,81.13,False
ac76f2,United States,237.66,False
a2a10b,United States,95.11,False
ad2f75,United States,255.45,False
a992cf,United States,231.95,False
ad83a8,United States,50.07,False
a93e8e,United States,288.57,False
c1e5f1,Canada,10.29,True
ab8c6d,United States,236.3,False
abef79,United States,197.89,False
a7b76f,United States,6.94,False
a9942e,United States,192.81,False
ab4476,United States,104.14,False
a2519f,United States,148.08,False
a07f46,United States,189.88,False
4ba954,Turkey,228.72,False
4ba955,Turkey,229.04,False
ab313c,United States,200.17,False
a6cad3,United States,96.53,False
ab579a,United States,208.16,False
a19f29,United States,156.21,False
503eb3,Lithuania,235.45,False
c062d1,Canada,130.75,False
a4e14b,United States,77.11,False
abedfe,United States,226.94,False
a63494,United States,60.86,False
a81df6,United States,64.0,False
a20f1a,United States,1.03,True
a92abe,United States,183.21,False
4b3306,Switzerland,0.0,False
a0bc06,United States,32.32,False
7816a2,China,256.75,False
a9f757,United States,73.23,False
abdad5,United States,136.99,False
aba791,United States,128.68,False
a20f24,United States,30.37,False
4b3301,Switzerland,57.62,False
008de6,South Africa,88.26,False
008de4,South Africa,236.67,False
a07f60,United States,180.71,False
a3c198,United States,240.3,False
c829ab,New Zealand,222.26,False
c00e9d,Canada,247.41,False
a539a6,United States,60.74,False
a50193,United States,89.79,False
a50192,United States,67.46,False
a07f1b,United States,53.86,False
acc799,United States,83.47,False
4ba92f,Turkey,242.01,False
a07f34,United States,50.24,False
4ba947,Turkey,257.63,False
4ba946,Turkey,224.19,False
acc76b,United States,264.43,False
c00e8c,Canada,252.98,False
4ba948,Turkey,241.11,False
c00e8b,Canada,196.92,False
4ba945,Turkey,167.42,False
008deb,South Africa,181.75,False
a2a159,United States,31.18,False
a43adf,United States,55.37,False
aa6abe,United States,75.2,False
86eec2,Japan,273.58,False
7816c6,China,251.15,False
a88743,United States,45.79,False
a8d720,United States,220.52,False
8990e6,Taiwan,218.75,False
a31c15,United States,51.53,False
a19f73,United States,30.39,False
8990e0,Taiwan,228.92,False
a8d71c,United States,207.32,False
8990df,Taiwan,230.06,False
8990db,Taiwan,199.93,False
a3d474,United States,140.87,False
a5012d,United States,0.9,True
a6ddb9,United States,210.66,False
a396a9,United States,107.28,False
8990f3,Taiwan,251.56,False
a06c5e,United States,47.01,False
a06c71,United States,44.04,False
a143c6,United States,190.62,False
44083f,Austria,221.57,False
8990eb,Taiwan,232.14,False
8990c9,Taiwan,232.38,False
c075cc,Canada,20.58,True
8990c0,Taiwan,288.09,False
aa7dd6,United States,29.68,False
ac0f03,United States,266.39,False
a55ade,United States,141.29,False
8990c1,Taiwan,288.33,False
a156c5,United States,65.02,False
aca175,United States,83.4,False
49d328,Czech Republic,223.03,False
a55af6,United States,58.71,False
8990d9,Taiwan,221.13,False
8990d8,Taiwan,229.56,False
a32f17,United States,220.69,False
a156ce,United States,44.8,False
a276a5,United States,231.36,False
a88752,United States,219.98,False
aa7dad,United States,208.59,False
a7fdab,United States,200.88,False
c00e55,Canada,81.04,False
a3c15d,United States,203.03,False
a87428,United States,168.37,False
a143a3,United States,90.33,False
4ca301,Ireland,236.9,False
4ca304,Ireland,227.01,False
c05099,Canada,143.87,False
a32f82,United States,175.58,False
a32f85,United States,114.45,False
a539fe,United States,46.58,False
a3e6e4,United States,208.9,False
a010f7,United States,228.33,False
a539fb,United States,155.83,False
a526e6,United States,228.56,False
a406cf,United States,161.81,False
781795,China,254.1,False
a5ac14,United States,274.52,False
aa7f2b,United States,216.65,False
49d33d,Czech Republic,202.5,False
c05086,Canada,225.5,False
0d08e6,Mexico,135.82,False
a9819b,United States,237.08,False
a44f55,United States,79.7,False
a263e3,United States,202.82,False
ad9712,United States,144.96,False
aa7f28,United States,233.88,False
a7ff27,United States,65.54,False
aa7f23,United States,264.27,False
a2b3a2,United States,224.44,False
a81f2e,United States,93.8,False
c00e25,Canada,251.81,False
a779eb,United States,0.0,True
a633a0,United States,57.75,False
a3d3d8,United States,57.65,False
a406c9,United States,0.0,True
0d08eb,Mexico,197.47,False
49d369,Czech Republic,231.17,False
407eb2,United Kingdom,232.97,False
440824,Austria,222.77,False
c00e15,Canada,231.36,False
48e9f5,Poland,219.07,False
48e9f4,Poland,224.25,False
a1dc2a,United States,240.03,False
acc707,United States,219.31,False
48e9f3,Poland,227.81,False
0d08fd,Mexico,195.33,False
48e9f0,Poland,7.72,True
a19f8e,United States,101.6,False
45ac4f,Denmark,219.18,False
aa7f06,United States,205.27,False
aa7f05,United States,309.25,False
c05056,Canada,246.55,False
ac0dbb,United States,57.43,False
40123f,United Kingdom,244.54,False
c05054,Canada,243.45,False
c06381,Canada,43.73,False
aa7f09,United States,198.67,False
a2a0bb,United States,32.96,False
ac0dc3,United States,215.61,False
48e9e6,Poland,54.21,False
a8c489,United States,64.31,False
c05044,Canada,232.78,False
ab9de9,United States,223.82,False
c06377,Canada,54.44,False
a07ea1,United States,0.0,True
0d08a2,Mexico,191.94,False
a3e6b0,United States,27.24,False
3c2d57,Germany,245.53,False
c0636a,Canada,117.85,False
ab8ac8,United States,54.76,False
a370ad,United States,37.42,False
a779b0,United States,196.95,False
aba765,United States,118.94,False
0d08b7,Mexico,58.43,False
a98133,United States,223.62,False
a68f16,United States,46.95,False
406bbb,United Kingdom,197.95,False
ab311b,United States,60.21,False
a383f3,United States,182.5,False
c0506b,Canada,119.77,False
a92ae9,United States,194.62,False
a32f9d,United States,192.19,False
ab3133,United States,197.58,False
a2fc61,United States,53.95,False
a396fd,United States,231.43,False
c05067,Canada,255.54,False
a7417e,United States,261.18,False
c1e675,Canada,0.06,True
a03816,United States,178.76,False
a56f3c,United States,51.97,False
c06589,Canada,249.74,False
ad84de,United States,265.73,False
ae07fd,United States,258.44,False
ad84f6,United States,42.2,False
a2a0ff,United States,221.27,False
a860a3,United States,233.92,False
a07ecb,United States,49.52,False
ac51e8,United States,206.27,False
abca65,United States,34.99,False
a80c4e,United States,29.84,False
c1e890,Canada,14.92,True
a7ff72,United States,186.57,False
a4e0ec,United States,204.25,False
c1e887,Canada,9.26,True
71c227,Republic of Korea,103.62,False
a0ceb3,United States,228.12,False
c1e84d,Canada,8.75,True
c05271,Canada,187.69,False
aa11dc,United States,205.11,False
a8c3a2,United States,66.38,False
abca5a,United States,50.25,False
a620f5,United States,193.07,False
a27816,United States,45.54,False
a740f1,United States,113.19,False
a2a0f0,United States,49.47,False
a80c87,United States,189.64,False
ac9a78,United States,0.0,False
ac9a7a,United States,41.67,False
a14502,United States,189.36,False
a14507,United States,37.42,False
781857,China,237.9,False
781856,China,150.5,False
71c243,Republic of Korea,151.3,False
ab7a9d,United States,143.04,False
0b4036,Guatemala,48.81,False
a43c7a,United States,206.33,False
adc1a2,United States,70.96,False
503e44,Lithuania,242.02,False
aaaa9a,United States,51.57,False
aba902,United States,0.06,True
aba903,United States,131.32,False
c06541,Canada,236.73,False
7cf631,Australia,13.38,True
a1eecb,United States,76.35,False
c0653d,Canada,255.22,False
a1453c,United States,68.49,False
744841,Jordan,267.77,False
a26545,United States,33.68,False
c0653f,Canada,280.64,False
040262,Ethiopia,5.14,True
add4fb,United States,122.45,False
a31ba5,United States,209.14,False
0d0997,Mexico,6.43,True
c05218,Canada,216.82,False
a646f9,United States,110.6,False
c05219,Canada,276.05,False
74482a,Jordan,242.31,False
c07866,Canada,245.7,False
ab5933,United States,237.9,False
c07864,Canada,226.5,False
48506b,Kingdom of the Netherlands,249.68,False
4408df,Austria,207.0,False
48506c,Kingdom of the Netherlands,224.86,False
a7ec02,United States,30.88,False
a20ef5,United States,51.19,False
a92c25,United States,190.63,False
744843,Jordan,138.15,False
aca1dd,United States,257.7,False
a5ac3b,United States,291.63,False
4aaa4b,Sweden,72.02,False
a8e9f0,United States,75.55,False
a15865,United States,302.68,False
ac791d,United States,205.01,False
c82953,New Zealand,226.36,False
a7ec34,United States,90.75,False
a19ecf,United States,198.9,False
a2c81e,United States,38.9,False
a1584a,United States,221.26,False
040248,Ethiopia,258.52,False
a2c823,United States,224.48,False
a67c5a,United States,170.5,False
a4080c,United States,229.7,False
aa5a0e,United States,83.2,False
ab460e,United States,92.21,False
a753c1,United States,253.7,False
a20ed1,United States,47.39,False
a1452b,United States,60.15,False
c1e822,Canada,6.17,True
aba91b,United States,1.03,True
485061,Kingdom of the Netherlands,224.98,False
acea99,United States,241.06,False
c0654b,Canada,224.4,False
ac0fb6,United States,211.74,False
a2b560,United States,235.71,False
a43bc6,United States,112.62,False
406e65,United Kingdom,206.53,False
4408c9,Austria,92.09,False
406e69,United Kingdom,66.49,False
aa7fe7,United States,38.57,False
503cf5,Lithuania,227.05,False
c00eb0,Canada,228.42,False
a52873,United States,82.03,False
a1eefd,United States,56.49,False
a31bbf,United States,266.39,False
0d094c,Mexico,191.06,False
503ce6,Lithuania,83.97,True
a3c21a,United States,210.2,False
ac77af,United States,107.11,False
c1e803,Canada,8.75,True
c1e805,Canada,8.23,True
0d0963,Mexico,7.46,True
e49901,Brazil,68.98,False
acfd08,United States,55.65,False
a37211,United States,183.05,False
a3c233,United States,274.79,False
c07854,Canada,64.04,False
c82997,New Zealand,61.77,False
e49907,Brazil,212.18,False
44d068,Belgium,226.91,False
a5287c,United States,0.0,True
a3852d,United States,212.44,False
a1589d,United States,198.11,False
a74201,United States,180.08,False
a0cefa,United States,60.72,False
a1dbd3,United States,106.57,False
a31bc6,United States,58.03,False
acc7ae,United States,207.5,False
aa2629,United States,48.24,False
a9d0e6,United States,183.71,False
406e2e,United Kingdom,254.33,False
abca00,United States,0.0,True
abdd1c,United States,192.73,False
a2c84f,United States,159.01,False
a1eee9,United States,50.15,False
ab7a21,United States,238.23,False
ab31a4,United States,51.57,False
7cf4a6,Australia,7.2,True
406e31,United Kingdom,121.03,False
a6deae,United States,54.18,False
ab57fa,United States,109.44,False
c00ec7,Canada,104.49,False
c06515,Canada,210.62,False
0d0988,Mexico,5.14,True
a6353e,United States,58.95,False
a37279,United States,54.12,False
406e9f,United Kingdom,189.82,False
4ba919,Turkey,150.84,False
4ba913,Turkey,238.19,False
4ba916,Turkey,173.9,False
4ba915,Turkey,222.48,False
4ba910,Turkey,201.67,False
aabd56,United States,182.73,False
4ba912,Turkey,244.96,False
aabd54,United States,37.77,False
0b4023,Guatemala,138.62,False
4ba90f,Turkey,240.99,False
71c275,Republic of Korea,224.29,False
ab44de,United States,246.4,False
a37265,United States,185.31,False
aa7fa1,United States,248.47,False
405b66,United Kingdom,11.32,True
a52844,United States,0.0,True
405b67,United Kingdom,235.46,False
a3725a,United States,187.99,False
4ba91a,Turkey,253.78,True
a2fbec,United States,264.39,False
405b64,United Kingdom,8.75,True
0d0924,Mexico,201.18,False
a8d6fe,United States,66.16,False
e49945,Brazil,105.6,False
a980b7,United States,160.9,False
aba7fa,United States,146.42,False
acb4c9,United States,179.75,False
abca1f,United States,4.12,True
e4993c,Brazil,93.31,False
ac64cf,United States,183.71,False
0b4006,Guatemala,126.73,False
ad1d3d,United States,276.39,False
71c293,Republic of Korea,227.24,False
a2b56a,United States,51.74,False
ae07ce,United States,187.34,False
4ba902,Turkey,213.07,False
a43bd6,United States,50.46,False
a43bd1,United States,218.91,False
acfd2c,United States,158.85,False
a76818,United States,78.6,False
abca36,United States,195.61,False
71c285,Republic of Korea,241.68,False
a44eeb,United States,34.95,False
71c284,Republic of Korea,176.06,False
a0bd18,United States,65.56,False
c050ae,Canada,0.0,False
a037e3,United States,70.77,False
a8d889,United States,31.58,False
3424d4,Spain,217.25,False
3424d1,Spain,78.01,False
3424d5,Spain,91.96,False
a9e537,United States,44.32,False
0641ee,Nigeria,127.35,False
ac523c,United States,209.45,False
ab3275,United States,106.46,False
a4f59c,United States,281.92,False
ac789b,United States,172.95,False
7817b4,China,220.11,False
a06d47,United States,56.53,False
c063ca,Canada,104.85,False
ac6596,United States,215.37,False
e484f9,Brazil,130.81,False
a8754d,United States,192.48,False
a037ee,United States,57.93,False
a157d9,United States,57.65,False
a05a25,United States,192.59,False
c8038a,New Zealand,64.78,False
adc238,United States,133.24,False
acb56f,United States,215.04,False
a9e50e,United States,45.58,False
a8758b,United States,251.79,False
ad857e,United States,239.85,False
aa6bed,United States,201.63,False
aca22e,United States,256.39,False
a8b215,United States,156.5,False
a2a26d,United States,221.78,False
c063eb,Canada,248.1,False
c1e6ca,Canada,1.29,True
c1e6cc,Canada,0.39,True
a6228e,United States,49.82,False
a05a03,United States,189.23,False
a1dd2d,United States,314.44,False
a64891,United States,52.88,False
a74224,United States,3.86,True
ad7282,United States,249.0,False
ad7284,United States,179.47,False
a0aa2b,United States,306.61,False
a17a43,United States,60.71,False
a9951f,United States,47.61,False
acfbfd,United States,220.97,False
a43d09,United States,189.93,False
a0aa1b,United States,87.89,False
a31d18,United States,39.62,False
a7555d,United States,52.56,False
8991e7,Taiwan,221.23,False
a5158e,United States,59.52,False
a9f800,United States,118.86,False
a9d0fe,United States,198.0,False
aa2543,United States,131.61,False
ad727a,United States,238.23,False
a0bd47,United States,50.31,False
a011ac,United States,130.65,False
a7a532,United States,185.04,False
aa6ba6,United States,254.3,False
a7fed3,United States,203.07,False
a7fed0,United States,93.52,False
a1a7c5,United States,49.98,False
4ca243,Ireland,95.02,False
a2a1b8,United States,66.22,False
a9d27c,United States,215.08,False
503e82,Lithuania,209.92,False
c828ea,New Zealand,133.05,False
0d07b3,Mexico,183.28,False
aa37ce,United States,193.72,False
a384f2,United States,193.79,False
a9d284,United States,245.16,False
46ba85,Greece,61.73,False
407fea,United Kingdom,221.11,False
a767bc,United States,52.48,False
407ff4,United Kingdom,233.0,False
a2a1a5,United States,7.72,True
aa6d1b,United States,143.99,False
ab9ebd,United States,239.23,False
0d07c3,Mexico,231.75,False
407ff1,United Kingdom,80.45,False
a384d7,United States,63.71,False
406cab,United Kingdom,236.9,False
407fda,United Kingdom,112.22,False
406caa,United Kingdom,243.01,False
78057c,China,194.08,False
503e6a,Lithuania,213.84,False
a42a10,United States,8.75,True
4ca244,Ireland,200.71,False
ab4531,United States,159.41,False
ab9ed7,United States,0.51,True
a7b7c5,United States,258.73,False
c802af,New Zealand,56.39,False
a5ad42,United States,114.21,False
407fcb,United Kingdom,82.83,False
407fca,United Kingdom,210.12,False
407fcd,United Kingdom,241.87,False
503e9a,Lithuania,227.36,False
a9e591,United States,38.24,False
a55d5b,United States,131.61,False
c00f3f,Canada,64.58,False
4ba88f,Turkey,256.69,False
a501ad,United States,45.1,False
a397ee,United States,65.28,False
ab3214,United States,267.0,False
a05a6b,United States,179.2,False
c00f37,Canada,35.33,False
ab586f,United States,275.9,False
a407d4,United States,14.41,False
4ca225,Ireland,193.71,False
407fc9,United Kingdom,11.83,True
4ca226,Ireland,253.56,False
4ca280,Ireland,216.64,False
a7428f,United States,204.38,False
a7a59f,United States,149.71,False
40002e,United Kingdom,3.86,False
89930e,Taiwan,12.35,False
4ca294,Ireland,71.84,False
4ca292,Ireland,214.36,False
a31d9c,United States,124.0,False
342581,Spain,234.97,False
ae4ea2,United States,58.95,False
400033,United Kingdom,1.8,False
ad2eca,United States,86.34,False
4ca27b,Ireland,244.42,False
400027,United Kingdom,32.92,False
a02629,United States,87.71,False
0aca28,Colombia,245.05,False
c00f07,Canada,85.3,False
a8b249,United States,57.16,False
a29a6d,United States,182.21,False
abeeea,United States,83.23,False
e497b0,Brazil,136.42,False
ae4ed4,United States,72.01,False
a42a3a,United States,85.73,False
c05190,Canada,227.44,False
49d26c,Czech Republic,197.62,False
a9f87d,United States,200.19,False
a491ae,United States,243.56,False
406cdd,United Kingdom,58.22,False
a9e558,United States,47.86,False
a9e559,United States,112.32,False
479d40,Norway,7.72,True
ad8550,United States,69.82,False
4ca256,Ireland,217.57,False
aba86c,United States,141.48,False
a1dd9b,United States,27.4,False
4ca259,Ireland,224.93,False
a2b4ea,United States,91.81,False
a384f8,United States,73.57,False
ac6573,United States,159.56,False
a67d17,United States,157.43,False
407fff,United Kingdom,77.93,False
4ca25b,Ireland,242.56,False
8418b4,Japan,7.72,True
a07fa6,United States,0.0,False
4ca25a,Ireland,226.88,False
a1ca5f,United States,238.43,False
c0517e,Canada,214.66,False
aba87b,United States,165.02,False
a42a37,United States,187.37,False
781942,China,258.22,False
406b90,United Kingdom,218.32,False
a1110d,United States,0.45,True
a28ab5,United States,7.46,True
a04ae6,United States,96.44,False
71c356,Republic of Korea,229.03,False
aa1833,United States,58.68,False
a2edb4,United States,61.66,False
71c359,Republic of Korea,267.97,False
a17df4,United States,234.99,False
406b82,United Kingdom,245.03,False
406b83,United Kingdom,214.95,False
406b80,United Kingdom,226.45,False
a12467,United States,59.71,False
a3b414,United States,65.74,False
406b6d,United Kingdom,200.51,False
a1244b,United States,197.43,False
a1244d,United States,235.02,False
71c347,Republic of Korea,231.52,False
a9c2df,United States,41.18,False
a9c2de,United States,171.2,False
a54dae,United States,65.8,False
e4a486,Brazil,86.47,False
ac581c,United States,224.5,False
406b5c,United Kingdom,71.69,False
880c48,Thailand,251.05,False
406b5a,United Kingdom,122.23,False
4405ea,Austria,210.46,False
406b5b,United Kingdom,216.13,False
06a014,Qatar,140.74,False
a3b41a,United States,256.65,False
a2a728,United States,126.73,False
ab2520,United States,249.45,False
a0ade2,United States,205.94,False
71c366,Republic of Korea,244.84,False
a2a719,United States,67.49,False
71c363,Republic of Korea,236.74,False
407e82,United Kingdom,226.62,False
71c361,Republic of Korea,249.59,False
780654,China,260.54,False
ab6ba6,United States,181.13,False
a7cb53,United States,234.11,False
06a01c,Qatar,230.31,False
ac583f,United States,217.36,False
aaaebc,United States,35.66,False
ab385e,United States,265.56,False
a89b55,United States,47.32,True
a37780,United States,42.83,False
ad7828,United States,12.35,True
a3776f,United States,266.51,False
a9d5e4,United States,0.32,True
ab120a,United States,177.55,False
71c301,Republic of Korea,226.45,False
ab120b,United States,0.0,True
71c303,Republic of Korea,253.62,False
503d47,Lithuania,80.92,False
ab1221,United States,85.08,False
503d40,Lithuania,0.0,True
ac9ee5,United States,142.29,False
503d3d,Lithuania,223.6,False
a8a2a2,United States,35.19,False
71c336,Republic of Korea,145.7,False
a48416,United States,55.0,False
ac9ef7,United States,246.34,False
71c329,Republic of Korea,245.12,False
ac9ef1,United States,58.28,False
e49c03,Brazil,230.3,False
e49c06,Brazil,237.9,False
71c323,Republic of Korea,235.28,False
71c326,Republic of Korea,241.28,False
ad650c,United States,53.28,False
06a068,Qatar,236.99,False
a7cb4a,United States,94.32,False
406b91,United Kingdom,2.83,True
a4972c,United States,198.52,False
39ceb2,France,150.81,False
a59143,United States,61.07,False
39ceb3,France,217.11,False
39ceb4,France,251.68,False
a3a155,United States,219.76,False
3420cc,Spain,240.85,False
39ceb7,France,228.27,False
3420ca,Spain,216.03,False
e49aaa,Brazil,199.64,False
39ceb8,France,202.85,False
47a32e,Norway,213.66,False
39ceb9,France,0.0,True
a9873d,United States,209.47,False
39ceb0,France,219.78,False
aca6d6,United States,89.66,False
407e33,United Kingdom,143.07,False
407e31,United Kingdom,122.2,False
407e32,United Kingdom,81.43,False
47a349,Norway,138.52,False
406b05,United Kingdom,232.21,False
a97421,United States,179.12,False
acdc1a,United States,234.07,False
a05f31,United States,250.88,False
a90aa2,United States,49.9,False
aca6c0,United States,283.42,False
a2318d,United States,33.75,False
ad63a1,United States,214.11,False
ae1c18,United States,59.7,False
39ceab,France,107.68,False
39ceac,France,207.75,False
407e21,United Kingdom,177.81,False
39ceaf,France,215.76,False
a8b74e,United States,40.26,False
48e95f,Poland,209.01,False
48e95c,Poland,223.61,False
ac9f88,United States,243.96,False
e49ac6,Brazil,111.69,False
a96109,United States,188.56,False
acb9ed,United States,160.6,False
a59167,United States,56.65,False
e07191,Argentina,271.58,False
ab10d4,United States,284.03,False
a24493,United States,171.24,False
407e13,United Kingdom,58.47,False
ad50a9,United States,196.06,False
aaf0c3,United States,251.84,False
a7dde1,United States,118.25,False
39cea1,France,241.13,False
39cea3,France,253.42,False
a85444,United States,48.0,False
a05f17,United States,57.64,False
48e959,Poland,226.15,False
39cea4,France,212.46,False
48e958,Poland,232.16,False
39cea6,France,204.07,False
39cea8,France,141.59,False
a4c170,United States,0.64,True
a9d70a,United States,51.25,False
ab6c94,United States,271.91,False
39cea0,France,225.76,False
c0311c,Canada,162.01,False
a6147f,United States,198.51,False
155bac,Russian Federation,251.98,False
a77ad8,United States,176.96,False
ac30c0,United States,245.56,False
e49aa8,Brazil,223.78,False
a42ded,United States,29.62,False
ab10df,United States,5.14,True
a6bda8,United States,251.5,False
a05f66,United States,277.2,False
a66dc4,United States,55.16,False
a149f1,United States,75.28,False
ad63f7,United States,231.04,False
a73410,United States,200.39,False
ad50c9,United States,195.41,False
aa1870,United States,287.8,False
406b49,United Kingdom,130.84,False
abbc75,United States,197.63,False
71c395,Republic of Korea,236.11,False
c05734,Canada,76.65,False
407e71,United Kingdom,207.03,False
c05737,Canada,58.36,False
407e5f,United Kingdom,0.0,False
ac30e9,United States,233.15,False
a4d42d,United States,238.38,False
781916,China,252.09,False
a62767,United States,61.19,False
ac30dc,United States,46.71,False
ac8c8f,United States,62.35,False
aa5ed8,United States,74.74,False
71c387,Republic of Korea,244.21,False
407e69,United Kingdom,225.72,False
aa0537,United States,52.05,False
407e60,United Kingdom,0.0,True
71c382,Republic of Korea,156.89,False
71c383,Republic of Korea,234.07,False
407e61,United Kingdom,76.76,False
ae2f9f,United States,156.64,False
a4e773,United States,204.07,False
46dca2,Greece,84.6,False
acdc91,United States,52.46,False
407e53,United Kingdom,210.83,False
407e54,United Kingdom,230.7,False
aa0524,United States,54.78,False
a78dd2,United States,75.63,False
acdc6b,United States,59.66,False
a66df1,United States,80.63,False
e49ae9,Brazil,118.51,False
a3a152,United States,0.0,True
a4e6a1,United States,56.67,False
a123e0,United States,263.47,False
a123e3,United States,9.26,True
7805a9,China,267.23,False
a1cf6b,United States,239.86,False
44064a,Austria,190.48,False
adb476,United States,199.79,False
a243d2,United States,175.71,False
a506c7,United States,90.19,False
a389f8,United States,0.64,True
ac69b6,United States,189.92,False
aaaf0f,United States,86.36,False
a759a8,United States,75.16,False
a0af7c,United States,177.2,False
a496a5,United States,137.99,False
a389eb,United States,228.7,False
a506d1,United States,259.12,False
a4e6c0,United States,152.14,False
7805aa,China,246.09,False
3c08bb,Germany,242.14,False
a8419c,United States,58.68,False
a53c24,United States,47.37,False
a65c08,United States,210.83,False
a759cc,United States,118.73,False
ada167,United States,273.48,False
a506e2,United States,71.2,False
a54f68,United States,52.22,False
440668,Austria,221.08,False
a4719a,United States,104.9,False
e4a2e2,Brazil,235.68,False
a96167,United States,117.36,False
ada160,United States,49.91,False
44065c,Austria,181.6,False
a28c23,United States,279.68,False
a639f6,United States,34.87,False
a639f5,United States,133.01,False
440614,Austria,213.63,False
a9877d,United States,54.85,False
440610,Austria,241.99,False
48c1bb,Poland,185.92,False
a0f0d5,United States,24.27,False
ab6c26,United States,217.75,False
a41c56,United States,236.67,False
a230c5,United States,65.25,False
a7346d,United States,42.81,False
abcf2f,United States,223.85,False
a59197,United States,9.77,True
440607,Austria,186.29,False
440606,Austria,225.43,False
a8544e,United States,46.55,False
ada16f,United States,195.32,False
a519b7,United States,53.65,False
ab7f5c,United States,112.32,False
a01815,United States,58.92,False
acb9ab,United States,255.19,False
a230d6,United States,260.75,False
ad0f29,United States,202.78,False
a0f0aa,United States,119.87,False
a376ec,United States,110.39,False
a85495,United States,50.79,False
a2ef76,United States,42.55,False
a7216d,United States,6.94,True
ac56d9,United States,131.8,False
440631,Austria,212.74,False
acdc06,United States,41.0,False
a243cb,United States,254.6,False
a496cb,United States,297.69,False
48c1a9,Poland,229.48,False
48c1a7,Poland,254.78,False
48c1a5,Poland,232.33,False
a2dc40,United States,62.78,False
a3d9d6,United States,45.53,False
48c1a4,Poland,239.49,False
48c1a1,Poland,89.9,False
a9d741,United States,42.11,False
440625,Austria,218.32,False
a9610a,United States,39.83,False
a8a43a,United States,227.13,False
ac69fc,United States,275.61,False
a54f1f,United States,164.05,False
a72179,United States,169.14,False
a1bc59,United States,59.32,False
44061b,Austria,211.49,False
a8b6be,United States,2.31,True
aaf111,United States,216.39,False
45aa4f,Denmark,146.04,False
aaaddc,United States,251.23,False
a2dc9f,United States,0.64,True
c055d8,Canada,168.71,False
ad774b,United States,62.51,False
ac5765,United States,108.74,False
a613e0,United States,2.83,True
7bb034,China,95.25,False
06a078,Qatar,234.38,False
a65c65,United States,33.13,False
aca757,United States,217.04,False
aaadf8,United States,186.12,False
a9d6c0,United States,46.84,False
a973b5,United States,66.46,False
a25816,United States,108.04,False
a6bf5a,United States,234.64,False
ac4450,United States,175.94,False
c055c6,Canada,118.24,False
c055c9,Canada,128.68,False
ac8ac3,United States,239.86,False
a8b6e2,United States,69.47,False
a9e9db,United States,53.5,False
c055d2,Canada,0.0,True
a6ac43,United States,237.73,False
a3a0eb,United States,248.39,False
a3a0ed,United States,204.86,False
c055eb,Canada,65.11,False
39cf08,France,225.74,False
06a07f,Qatar,99.04,False
8406d0,Japan,241.89,False
a7cc55,United States,79.87,False
ab113e,United States,50.33,False
39cf01,France,230.29,False
a8ec03,United States,236.47,False
a483de,United States,189.52,False
a01820,United States,136.85,False
ab6af3,United States,0.0,True
a0f0f1,United States,258.8,False
503d71,Lithuania,168.07,False
a590ea,United States,239.69,False
c055e9,Canada,108.85,False
a600e4,United States,130.43,False
a5e0d3,United States,235.91,False
c055f5,Canada,52.1,False
39cf12,France,236.57,False
a41c69,United States,199.47,False
ad775d,United States,216.85,False
39cf13,France,260.25,False
aca760,United States,3.09,True
c055f2,Canada,79.7,False
aa4c42,United States,202.8,False
7cf637,Australia,1.29,True
a4c0f3,United States,32.38,False
3949f7,France,234.03,False
ab1161,United States,166.75,False
ab1168,United States,62.21,False
ab6afa,United States,5.14,False
a759f1,United States,237.25,False
a4e6e6,United States,46.25,False
a77c11,United States,268.88,False
a0186f,United States,48.11,False
a54f73,United States,210.51,False
ab6aff,United States,63.97,False
4ca14e,Ireland,67.8,False
407ce4,United Kingdom,234.88,False
ac4484,United States,262.89,False
7c806f,Australia,317.72,False
7c806e,Australia,230.58,False
7c806d,Australia,105.84,False
7c806c,Australia,238.3,False
7c806b,Australia,239.81,False
acdad5,United States,59.88,False
aa5f64,United States,5.4,True
407cd7,United Kingdom,5.66,True
7c8067,Australia,178.21,False
a04bbe,United States,200.78,False
acedf0,United States,199.11,False
7c8066,Australia,234.82,False
7c8064,Australia,233.52,False
aa4c26,United States,43.07,False
a24529,United States,195.54,False
aa03a2,United States,63.5,False
aa4c1a,United States,237.02,False
adb437,United States,240.44,False
49d13d,Czech Republic,119.57,False
407cd1,United Kingdom,197.29,False
a66f5f,United States,51.32,False
a3b3e5,United States,0.06,True
a29eb6,United States,234.79,False
acedf5,United States,188.79,False
7818a8,China,233.83,False
7c8070,Australia,280.37,False
a2450b,United States,147.65,False
aca788,United States,186.31,False
a999ce,United States,42.1,False
a733b3,United States,187.76,False
e49b53,Brazil,237.95,False
a25820,United States,290.22,False
ad514e,United States,41.06,False
e4a2b8,Brazil,191.01,False
c055c1,Canada,102.42,False
e4a2b7,Brazil,205.94,False
0d0377,Mexico,247.83,False
a733a2,United States,37.05,False
407cb2,United Kingdom,222.14,False
a13854,United States,0.06,True
a24508,United States,216.14,False
a7df36,United States,284.71,False
ad646e,United States,254.46,False
a7a9cd,United States,1.03,True
a53c82,United States,43.77,False
4010ea,United Kingdom,226.6,False
4010ee,United Kingdom,74.59,False
4010ed,United Kingdom,25.21,True
a25886,United States,192.25,False
a3b529,United States,252.86,False
a3652a,United States,4.63,True
4010eb,United Kingdom,141.07,False
a1388c,United States,180.04,False
ac5920,United States,256.3,False
a54ec0,United States,134.9,False
aaafad,United States,218.57,False
4406de,Austria,227.75,False
e2008d,Argentina,38.71,False
a29ef4,United States,56.4,False
4010dd,United Kingdom,231.61,False
e4a36d,Brazil,202.71,False
4010db,United Kingdom,163.66,False
4010da,United Kingdom,243.77,False
a2eec7,United States,41.01,False
4010e9,United Kingdom,204.99,False
a2a858,United States,35.94,False
a54ed1,United States,112.05,False
a35206,United States,184.28,False
a53ba4,United States,292.61,False
a4e84a,United States,248.81,False
a3a212,United States,67.28,False
abcfb0,United States,250.32,False
a00570,United States,42.92,False
aaafd8,United States,239.65,False
a00578,United States,43.39,False
a28baa,United States,104.59,False
406c80,United Kingdom,228.21,False
adea8d,United States,212.65,False
a54ee7,United States,291.5,False
c057ae,Canada,44.76,False
a3a222,United States,286.57,False
abcfc9,United States,63.52,False
c057a8,Canada,51.55,False
76b445,Singapore,241.57,False
406c71,United Kingdom,186.81,False
a2452f,United States,169.38,False
a2452c,United States,70.87,False
406c72,United Kingdom,215.1,False
a720e5,United States,85.44,False
a35254,United States,283.46,False
ac462d,United States,112.73,False
ab3989,United States,238.71,False
76b452,Singapore,254.57,False
a9d6da,United States,47.49,False
78076e,China,206.22,False
78076b,China,6.17,False
78076c,China,243.77,False
aca950,United States,237.32,False
4b9e4b,Turkey,216.08,False
a24591,United States,222.76,False
ab7fee,United States,248.99,False
a49892,United States,38.2,False
a42efc,United States,211.89,False
4b9e4a,Turkey,242.12,False
adc922,United States,181.92,False
e082d5,Argentina,233.48,False
a47221,United States,0.0,True
ab398a,United States,216.23,False
c0458b,Canada,127.3,False
ab398f,United States,61.01,False
ac3315,United States,223.7,False
aca948,United States,225.23,False
a35248,United States,80.03,False
a4e808,United States,244.4,False
ae2fd4,United States,65.9,False
c03297,Canada,89.44,False
a1bbe5,United States,281.39,False
abbcc1,United States,254.92,False
ae2fd3,United States,104.02,False
a24573,United States,131.33,False
aae008,United States,49.68,False
adb60d,United States,54.82,False
a35220,United States,177.86,False
a3c847,United States,257.08,False
a62825,United States,159.95,False
ac8ce5,United States,0.0,True
aca94b,United States,234.75,False
a720eb,United States,241.82,False
ac4668,United States,40.13,False
a36557,United States,105.81,False
a54eb1,United States,101.42,False
a60253,United States,271.98,False
acca19,United States,285.38,False
a8553c,United States,0.0,True
a89bab,United States,184.92,False
a6abcc,United States,187.65,False
abaa25,United States,68.84,False
ac7a33,United States,211.56,False
ad77df,United States,258.41,False
a3a289,United States,69.3,False
abbd73,United States,208.67,False
adc7bd,United States,33.44,False
407f43,United Kingdom,143.0,False
a72232,United States,50.12,False
407f42,United Kingdom,6.94,True
a74892,United States,221.63,False
a9d855,United States,65.38,False
aa4cfa,United States,226.64,False
a85575,United States,204.81,False
ac31d7,United States,238.11,False
ad9a41,United States,151.12,False
009a53,South Africa,2.57,True
abaa43,United States,201.98,False
407f1f,United Kingdom,197.32,False
ac7a58,United States,194.98,False
ad9a3d,United States,190.15,False
ac7a5b,United States,255.36,False
a3524e,United States,6.69,True
407f0e,United Kingdom,214.69,False
aaf1f2,United States,247.27,False
ab11fa,United States,36.58,False
ad9a2d,United States,128.32,False
ab11fb,United States,232.23,False
a1bd0d,United States,54.41,False
0d01b0,Mexico,174.45,False
adfd74,United States,159.84,False
a2a7b5,United States,70.57,False
a004d9,United States,180.61,False
407f8c,United Kingdom,7.46,True
aa4ce1,United States,100.96,False
aa1995,United States,154.38,False
a017fc,United States,53.2,False
a5f52d,United States,0.0,True
a15a08,United States,91.27,False
44079a,Austria,0.32,True
3c4ec7,Germany,257.64,False
407f7b,United Kingdom,201.74,False
407f7c,United Kingdom,208.33,False
a377a2,United States,211.96,False
a28d0b,United States,47.7,False
407f7a,United Kingdom,179.38,False
adea26,United States,221.94,False
407f89,United Kingdom,81.28,False
a5e202,United States,66.93,False
c03210,Canada,91.2,False
a7debf,United States,290.25,False
a3fbed,United States,61.95,False
a7353f,United States,84.04,False
a257a5,United States,59.16,False
aa0649,United States,60.21,False
a8b804,United States,54.69,False
a8b805,United States,235.65,False
a65bbc,United States,288.94,False
c8809c,Fiji,184.76,False
ac590c,United States,65.39,False
407f65,United Kingdom,166.43,False
a03a0c,United States,48.15,False
a004bd,United States,110.15,False
407f67,United Kingdom,145.87,False
a004bf,United States,235.27,False
407f62,United Kingdom,232.69,False
407f60,United Kingdom,222.72,False
a16d89,United States,151.01,False
a3b4b5,United States,124.5,False
a111bd,United States,122.65,False
ad5288,United States,93.48,False
a0f1bb,United States,72.03,False
a4d4a0,United States,52.5,False
c030fd,Canada,0.0,True
a84298,United States,57.03,False
a39a13,United States,224.61,False
a9b273,United States,122.96,False
a231b9,United States,67.91,False
a53d2c,United States,279.87,False
a507f5,United States,239.71,False
406ade,United Kingdom,195.71,False
a3b4d6,United States,93.77,False
a867a2,United States,45.76,False
c05836,Canada,80.3,False
406ae9,United Kingdom,257.14,False
a2dd17,United States,240.67,False
a04d7e,United States,13.36,False
a04d93,United States,61.54,False
a257f8,United States,238.33,False
ac57af,United States,205.69,False
ac57d2,United States,165.25,False
407f0d,United Kingdom,219.35,False
440735,Austria,123.71,False
407f19,United Kingdom,220.61,False
440732,Austria,194.32,False
a5929f,United States,65.82,False
a231da,United States,201.12,False
a364ea,United States,281.61,False
a5e293,United States,46.77,False
a84255,United States,180.07,False
a1aa4e,United States,195.64,False
a1bd8c,United States,138.62,False
ab5a1d,United States,276.0,False
a9887c,United States,101.13,False
c030ef,Canada,242.03,False
c030eb,Canada,120.87,False
0291a4,Tunisia,290.57,False
ac44ad,United States,128.11,False
acdd1b,United States,238.74,False
a16d8c,United States,88.5,False
a9c531,United States,70.85,False
ac31a1,United States,261.84,False
a8ebd9,United States,84.33,False
48c2af,Poland,215.71,False
abaa0a,United States,80.86,False
48c2ac,Poland,162.3,False
7436ac,Jordan,70.03,False
acdd15,United States,173.08,False
abaa0e,United States,198.81,False
a244fd,United States,50.17,False
ab24f5,United States,0.0,True
48c2b9,Poland,212.94,False
a5e29a,United States,281.08,False
ab24f7,United States,87.46,False
48c2b7,Poland,257.14,False
48c2b3,Poland,231.98,False
342398,Spain,185.76,False
342397,Spain,4.89,True
48c2b1,Poland,228.25,False
48c2b0,Poland,219.95,False
886289,Thailand,244.9,False
a17fb5,United States,222.13,False
407dc5,United Kingdom,242.44,False
a53d9c,United States,282.75,False
a25925,United States,215.34,False
ab6bdf,United States,45.8,False
71c515,Republic of Korea,237.57,False
ac8bd7,United States,62.77,False
ad520a,United States,44.4,False
a601d2,United States,50.67,False
e49a09,Brazil,57.18,False
48c2a6,Poland,180.44,False
48c2a7,Poland,253.69,False
48c2a4,Poland,234.43,False
48c2a5,Poland,262.83,False
a53d9d,United States,50.22,False
48c2a2,Poland,1.03,True
abcedd,United States,52.72,False
48c2a3,Poland,237.43,False
a24609,United States,39.13,False
a64a73,United States,178.27,False
ab1257,United States,211.36,False
a3c900,United States,139.58,False
71c504,Republic of Korea,225.71,False
c043b7,Canada,291.38,False
a9d7e4,United States,46.43,False
a9fa04,United States,267.68,False
71c501,Republic of Korea,239.58,False
a05fda,United States,51.37,False
a50900,United States,0.0,True
ac456f,United States,63.24,False
aa4d77,United States,266.31,False
a27a8e,United States,83.37,False
a52a99,United States,0.0,True
71c538,Republic of Korea,257.26,False
a8ed0a,United States,38.81,False
71c530,Republic of Korea,244.07,False
45ab53,Denmark,224.81,False
88628e,Thailand,244.43,False
45ab54,Denmark,222.17,False
a77d89,United States,7.72,True
c043cb,Canada,256.68,False
a62902,United States,44.54,False
ac4591,United States,270.53,False
71c521,Republic of Korea,258.68,False
a05fc9,United States,54.94,False
71c524,Republic of Korea,211.66,False
a8b7e6,United States,49.68,False
adb566,United States,58.13,False
a24636,United States,56.86,False
a1bca8,United States,58.66,False
c069f3,Canada,132.7,False
a5f4c6,United States,36.67,False
acdbec,United States,278.08,False
5113cf,Estonia,19.55,True
ac459f,United States,183.24,False
a987c0,United States,55.73,False
c069d8,Canada,75.69,False
a3a1d1,United States,78.74,False
a4e7fb,United States,200.28,False
5113d3,Estonia,2.06,True
5113bf,Estonia,2.31,True
a747cb,United States,315.77,False
a13963,United States,62.14,False
a05ff5,United States,84.89,False
a40a9f,United States,89.29,False
ad526b,United States,221.6,False
ad526c,United States,2.57,True
a591d5,United States,155.85,False
343654,Spain,6.69,True
a11302,United States,37.85,False
adb581,United States,57.56,False
7819d6,China,246.85,False
a3a1da,United States,120.14,False
a0afca,United States,76.14,False
c056c6,Canada,233.66,False
a5f4d2,United States,63.21,False
45ab26,Denmark,165.22,False
a89d22,United States,183.55,False
aaf29f,United States,179.65,False
a11316,United States,43.57,False
e49a2e,Brazil,245.62,False
ad5273,United States,157.1,False
a12212,United States,37.96,False
780851,China,247.67,False
a8fc72,United States,79.39,False
a12216,United States,46.54,False
aced8f,United States,100.77,False
0d0672,Mexico,229.71,False
a01567,United States,164.11,False
a37517,United States,0.0,True
a37514,United States,54.03,False
a13541,United States,230.19,False
aced7a,United States,191.38,False
a18eef,United States,68.33,False
a8a0bc,United States,159.89,False
45cf23,Denmark,11.83,True
71c587,Republic of Korea,243.82,False
71c588,Republic of Korea,228.53,False
789203,China,227.14,False
a05bde,United States,182.19,False
ad61de,United States,204.08,False
ac8a9c,United States,174.05,False
ad8901,United States,213.96,False
0d067e,Mexico,184.49,False
78086c,China,240.35,False
48c12f,Poland,232.28,False
48c12e,Poland,201.95,False
a850dc,United States,197.44,False
48c139,Poland,5.14,True
3921bc,France,49.39,False
789219,China,261.96,False
48c135,Poland,70.63,False
789217,China,256.94,False
a63834,United States,152.02,False
511391,Estonia,4.37,True
48c134,Poland,209.84,False
48c131,Poland,238.55,False
48c132,Poland,255.7,False
48c130,Poland,249.07,False
ac6924,United States,52.63,False
a4e507,United States,89.91,False
a9d3af,United States,244.62,False
aabfb3,United States,153.9,False
a2422a,United States,56.82,False
a996e1,United States,200.15,False
ac692a,United States,220.41,False
48c129,Poland,217.68,False
48c126,Poland,219.24,False
48c127,Poland,227.08,False
48c124,Poland,217.67,False
48c125,Poland,251.2,False
789229,China,223.93,False
48c122,Poland,200.94,False
48c123,Poland,0.0,True
71c553,Republic of Korea,229.12,False
789231,China,7.72,True
a2ebb9,United States,179.32,False
a1deff,United States,97.16,False
a7ef5b,United States,76.48,False
a996f0,United States,2.31,True
a6cf94,United States,0.0,True
a8c6e1,United States,197.25,False
a0026e,United States,4.12,True
a1cbc8,United States,66.5,False
a30baf,United States,47.49,False
ab3639,United States,210.71,False
a17bfe,United States,149.93,False
ab362c,United States,258.88,False
789246,China,262.45,False
a7ef4b,United States,191.9,False
a36218,United States,53.92,False
a12263,United States,45.92,False
a3b0fe,United States,234.36,False
ab7cb0,United States,41.37,False
a2422c,United States,48.64,False
ac694f,United States,218.96,False
a9e6a5,United States,55.48,False
a996c1,United States,153.55,False
489789,Poland,114.65,False
a49510,United States,272.76,False
a0abc5,United States,216.52,False
a66c99,United States,67.86,False
71c572,Republic of Korea,249.35,False
acffb7,United States,103.18,False
a2685b,United States,109.07,False
a2b83b,United States,220.67,False
ac9cb1,United States,6.22,False
789267,China,173.68,False
71c562,Republic of Korea,236.54,False
801431,India,245.67,False
789265,China,226.81,False
aaacc3,United States,186.31,False
71c560,Republic of Korea,251.59,False
8622ae,Japan,264.91,False
789260,China,8.23,True
a2a518,United States,76.42,False
c06860,Canada,107.67,False
a6bba3,United States,218.0,False
ab34d1,United States,255.07,False
a63887,United States,81.46,False
a3b23c,United States,40.85,False
a74541,United States,138.43,False
c0685e,Canada,43.12,False
a67ef1,United States,58.73,False
a98515,United States,221.83,False
a12295,United States,30.25,False
a8783e,United States,72.15,False
a63895,United States,163.5,False
a4955e,United States,112.51,False
3444da,Spain,133.42,False
a63893,United States,131.59,False
a8c846,United States,175.74,False
a5f208,United States,160.27,False
a1229b,United States,41.83,False
440488,Austria,226.3,False
440484,Austria,5.92,True
0900f0,Angola,23.15,True
a75864,United States,14.44,False
4cc4d2,Iceland,98.83,False
ac67db,United States,68.11,False
a3624a,United States,231.0,False
3444cf,Spain,228.02,False
801495,India,87.72,False
a4954e,United States,71.77,False
44047d,Austria,244.88,False
a6387f,United States,133.39,False
3444ca,Spain,196.76,False
4cc4a9,Iceland,145.69,False
a36241,United States,228.96,False
ab7d78,United States,33.5,False
a66be6,United States,43.42,False
ab34f3,United States,174.27,False
3444d0,Spain,202.32,False
3444d1,Spain,170.78,False
abcd45,United States,31.73,False
a43eea,United States,208.29,False
801461,India,108.55,False
801462,India,240.84,False
80145b,India,115.18,False
a2ebbd,United States,241.5,False
aced23,United States,275.78,False
a30bce,United States,138.43,False
3444c9,Spain,151.05,False
a3621e,United States,241.32,False
aaad78,United States,37.41,False
ac8a1f,United States,46.44,False
a73220,United States,1.54,True
aaad6d,United States,220.3,False
801470,India,87.98,False
abba2b,United States,40.3,False
440452,Austria,230.68,False
009d4a,South Africa,215.51,False
a79ea8,United States,96.72,False
aa1635,United States,242.13,False
a79ea0,United States,81.6,False
a74505,United States,0.9,True
aa2969,United States,50.12,False
a29d01,United States,53.29,False
a3c540,United States,0.0,True
aca4c3,United States,77.63,False
e4a211,Brazil,130.99,False
a62528,United States,60.4,False
a3d86c,United States,52.99,False
407c0b,United Kingdom,254.77,False
a9c0c4,United States,66.04,False
a54bab,United States,214.18,False
ac41ce,United States,205.74,False
a3627d,United States,197.39,False
a4e538,United States,194.25,False
44046d,Austria,232.12,False
440469,Austria,89.84,False
469dc1,Greece,227.75,False
ad74f2,United States,71.51,False
80149e,India,228.58,False
a4d220,United States,275.81,False
a147a9,United States,44.47,False
ac41f3,United States,200.04,False
a1cd1d,United States,38.59,False
7cf7b9,Australia,0.51,False
a014db,United States,35.19,False
ac4279,United States,259.29,False
aca594,United States,208.97,False
a267f0,United States,54.02,False
ac559f,United States,212.18,False
a54d06,United States,55.2,False
a0ad57,United States,54.65,False
a54d03,United States,54.32,False
adc569,United States,49.82,False
a05d6b,United States,98.78,False
c040e8,Canada,239.32,False
adc560,United States,113.37,False
06a1d9,Qatar,229.98,False
a014c9,United States,245.49,False
342091,Spain,209.92,False
407ac1,United Kingdom,271.8,False
a16a02,United States,163.94,False
a8a247,United States,72.62,False
06a1e7,Qatar,248.51,False
440425,Austria,219.36,False
a97251,United States,209.89,False
a54d25,United States,49.77,False
a54d23,United States,42.81,False
a8b56f,United States,198.9,False
ac429b,United States,0.0,True
a04a36,United States,41.53,False
a8c89c,United States,149.44,False
a7456c,United States,73.85,False
a62595,United States,49.13,False
a8c875,United States,102.66,False
a78bf4,United States,79.69,False
a7a87a,United States,49.26,False
06a1ed,Qatar,138.41,False
a41a14,United States,28.78,False
a2b7f5,United States,214.95,False
a2ed46,United States,54.14,False
a9854e,United States,209.45,False
a1cd4e,United States,244.01,False
c053ba,Canada,226.0,False
a7dbaa,United States,146.38,False
c82a1b,New Zealand,129.7,False
4bb852,Turkey,130.24,False
a001fd,United States,209.46,False
c053d6,Canada,62.96,False
4bb84d,Turkey,240.82,False
ab34a7,United States,149.79,False
4bb84e,Turkey,231.83,False
4bb84c,Turkey,216.41,False
a9e82f,United States,54.08,False
adb29c,United States,277.83,False
a267fa,United States,11.74,False
a04a4d,United States,1.03,True
a2b7cd,United States,281.26,False
a05d92,United States,135.91,False
a001ce,United States,58.66,False
a387f0,United States,189.11,False
a98539,United States,0.64,True
a4d27c,United States,262.68,False
7cf7bf,Australia,0.19,False
0d04af,Mexico,239.03,False
7cf7ba,Australia,0.51,False
a267f8,United States,48.66,False
407af3,United Kingdom,258.24,False
ab7d44,United States,50.15,False
a29d3e,United States,8.75,True
aa5bcb,United States,42.75,False
a6bbef,United States,215.45,False
a254d8,United States,202.19,False
a254d7,United States,333.36,False
c1e9f1,Canada,4.12,True
344696,Spain,138.49,False
aa6efa,United States,267.34,False
4bb87a,Turkey,193.97,False
aa01b3,United States,125.46,False
46a5e2,Greece,233.86,False
344694,Spain,91.84,False
c1e9c3,Canada,1.8,True
46a5e1,Greece,0.0,True
46a5e3,Greece,186.92,False
ab8ee7,United States,69.26,False
a54d76,United States,53.66,False
a6bd2b,United States,45.0,False
a78d46,United States,57.51,False
4cc52c,Iceland,177.67,False
4cc52d,Iceland,175.15,False
a997bd,United States,258.19,False
a2da60,United States,2.83,True
504e59,Republic of Moldova,5.66,True
789271,China,244.44,False
4402f1,Austria,5.14,True
a4d1c8,United States,208.66,False
ad8835,United States,203.5,False
ad8836,United States,0.0,True
c066b6,Canada,100.84,False
ac4210,United States,270.68,False
a6bd34,United States,113.01,False
a9e7a9,United States,34.61,False
a06faa,United States,35.56,False
c066dd,Canada,69.53,False
c1e9a0,Canada,11.83,True
4bb868,Turkey,102.41,False
4bb869,Turkey,247.02,False
4bb866,Turkey,178.85,False
4bb864,Turkey,102.75,False
a1cd90,United States,34.0,False
789299,China,200.65,False
4bb870,Turkey,196.69,False
789298,China,242.41,False
c053c0,Canada,35.02,False
a66d6a,United States,78.83,False
aa5d40,United States,133.01,False
789293,China,221.52,False
4bb86a,Turkey,244.93,False
c1e9b3,Canada,0.0,True
c1e9b4,Canada,3.86,True
504e65,Republic of Moldova,117.48,False
c1e9b9,Canada,8.23,True
504e61,Republic of Moldova,226.43,False
4bb876,Turkey,240.88,False
78928b,China,266.29,False
78928c,China,188.4,False
4bb874,Turkey,244.16,False
a1ba59,United States,83.31,False
a77a32,United States,114.86,False
4bb86f,Turkey,214.9,False
a1ba4a,United States,73.58,False
a877e7,United States,195.1,False
4bb86d,Turkey,224.17,False
a494c5,United States,213.23,False
4bb86b,Turkey,208.53,False
adc531,United States,258.58,False
ac9be7,United States,45.8,False
a25603,United States,76.4,False
a0bfaa,United States,48.02,False
78929c,China,196.79,False
a517dc,United States,233.59,False
a6bd01,United States,237.0,False
ac4237,United States,142.72,False
344645,Spain,198.14,False
a00318,United States,67.92,False
344646,Spain,7.2,True
abdeec,United States,169.82,False
344648,Spain,204.76,False
469e41,Greece,102.59,False
469e45,Greece,221.31,False
504e87,Republic of Moldova,227.61,False
a0163f,United States,52.69,False
a9c291,United States,172.89,False
a2da8f,United States,223.87,False
a637cc,United States,75.69,False
a66d27,United States,186.93,False
a4f7cb,United States,267.43,False
a18fbf,United States,82.67,False
45ce47,Denmark,208.97,False
a481ec,United States,218.15,False
47a097,Norway,10.8,True
a361fe,United States,150.13,False
acb88c,United States,44.62,False
46b8b4,Greece,217.25,False
46b8b5,Greece,250.24,False
46b8b2,Greece,245.81,False
46b8b3,Greece,217.33,False
a0293f,United States,85.69,False
a4e4ad,United States,72.97,False
c066b0,Canada,253.27,False
ac9bef,United States,71.37,False
46b8ad,Greece,237.19,False
4402e8,Austria,224.83,False
a3c4dc,United States,58.13,False
a14947,United States,64.99,False
acebbe,United States,60.03,False
a1ba97,United States,11.32,True
47a05e,Norway,225.39,False
7807bb,China,213.86,False
46b8a6,Greece,220.17,False
a06fd7,United States,42.98,False
a00307,United States,122.38,False
a1492e,United States,56.1,False
a9d599,United States,42.05,False
a13668,United States,98.65,False
a851ed,United States,32.92,False
a1dfda,United States,274.94,False
a0acbb,United States,129.13,False
a9c1c8,United States,35.94,False
a00353,United States,69.58,False
06a115,Qatar,245.91,False
06a116,Qatar,272.32,False
801523,India,86.43,False
a851f6,United States,212.87,False
06a114,Qatar,236.0,False
406a62,United Kingdom,194.8,False
a2562e,United States,83.88,False
a9c1af,United States,62.81,False
a29cbf,United States,262.76,False
a37632,United States,66.79,False
adc5ff,United States,259.18,False
c03069,Canada,267.31,False
06a10f,Qatar,263.44,False
a6aa6e,United States,220.6,False
06a10a,Qatar,236.17,False
801526,India,75.63,False
a63934,United States,276.26,False
e4a12a,Brazil,241.35,False
406a59,United Kingdom,244.1,False
06a122,Qatar,237.23,False
06a120,Qatar,239.88,False
a8a1f1,United States,51.86,False
06a121,Qatar,285.67,False
a37626,United States,98.67,False
a2430a,United States,36.62,False
e4a125,Brazil,236.54,False
a1dfc5,United States,139.69,False
406a3e,United Kingdom,218.66,False
4cc481,Iceland,245.21,False
a9c1a4,United States,111.12,False
06a138,Qatar,243.13,False
06a136,Qatar,102.41,False
a37616,United States,251.84,False
ab371f,United States,49.68,False
407d75,United Kingdom,236.51,False
a4e619,United States,36.54,False
e4a130,Brazil,85.52,False
407d5f,United Kingdom,53.65,False
ab7da4,United States,0.0,False
adb2ee,United States,66.91,False
a87904,United States,176.58,False
a3c649,United States,8.23,True
a24304,United States,46.23,False
407d5c,United Kingdom,224.52,False
a51974,United States,77.15,False
06a144,Qatar,0.0,True
a91d8e,United States,222.45,False
a90a5f,United States,62.76,False
468d07,Greece,4.63,True
06a140,Qatar,153.13,False
a9d4cf,United States,33.69,False
06a141,Qatar,155.58,False
a13650,United States,268.46,False
a984d1,United States,176.35,False
a7dd69,United States,49.48,False
a1ccec,United States,212.46,False
a9d4b5,United States,123.65,False
48c241,Poland,46.13,False
a8fd3c,United States,0.0,True
a997fa,United States,98.39,False
a997fb,United States,41.93,False
ac5723,United States,239.02,False
48c22c,Poland,176.66,False
48c22b,Poland,152.75,False
a4d1f2,United States,57.49,False
ad7701,United States,265.26,False
a66d9f,United States,266.85,False
48c234,Poland,209.17,False
48c235,Poland,164.98,False
a24369,United States,287.91,False
48c232,Poland,231.81,False
a3897f,United States,202.72,False
48e893,Poland,203.44,False
48c231,Poland,243.41,False
a48315,United States,259.55,False
c0301d,Canada,137.18,False
406a92,United Kingdom,216.88,False
a3d90a,United States,146.27,False
a5f1ca,United States,120.75,False
aaadc4,United States,52.03,False
a12355,United States,48.07,False
a13688,United States,33.82,False
80152d,India,0.64,True
406a91,United Kingdom,0.06,True
48c227,Poland,105.3,False
090150,Angola,250.05,False
48c225,Poland,210.11,False
48c226,Poland,138.02,False
a0acdd,United States,214.05,False
a6aa5f,United States,79.74,False
48c223,Poland,204.39,False
48c224,Poland,170.53,False
48c221,Poland,128.94,False
a1366d,United States,185.4,False
801547,India,222.46,False
aa4b78,United States,46.02,False
a984c1,United States,49.31,False
a851be,United States,211.77,False
a1dfeb,United States,117.98,False
a31fda,United States,207.09,False
801548,India,91.85,False
a23018,United States,179.02,False
090149,Angola,150.53,False
a1235b,United States,189.61,False
801551,India,118.27,False
801552,India,264.6,False
a8b4c6,United States,116.27,False
ab110c,United States,113.21,False
a0acf8,United States,209.01,False
a0acf9,United States,214.68,False
a4835c,United States,224.47,False
a2438d,United States,51.41,False
aa045f,United States,55.85,False
a66ce0,United States,292.51,False
a98637,United States,64.85,False
80159e,India,229.63,False
80159f,India,75.63,False
a0f089,United States,41.03,False
a9e93b,United States,183.53,False
a4e692,United States,45.59,False
aaae79,United States,174.84,False
80159a,India,118.44,False
00a3b9,South Africa,223.36,False
a97310,United States,236.92,False
a6399d,United States,91.27,False
aa4ac9,United States,25.21,False
a73329,United States,85.77,False
a8b639,United States,48.57,False
a8a309,United States,280.83,False
abbb24,United States,223.38,False
a78cc5,United States,216.28,False
a9d613,United States,41.39,False
a2ecfb,United States,75.05,False
a4d35c,United States,57.56,False
a4c02f,United States,241.08,False
ad0e61,United States,249.9,False
801584,India,112.3,False
a7eff7,United States,165.59,False
a2a686,United States,225.69,False
aa5de7,United States,39.88,False
ac9e77,United States,222.77,False
ac55f3,United States,205.32,False
adc5b8,United States,87.2,False
a4c03c,United States,17.52,False
c03003,Canada,240.29,False
a36352,United States,33.36,False
acb8f8,United States,201.75,False
ac9e7b,United States,57.84,False
801597,India,263.04,False
a5e01a,United States,49.56,False
a6002a,United States,51.68,False
a3501b,United States,30.11,False
ac42bf,United States,174.39,False
ab22f9,United States,37.96,False
a23050,United States,32.45,False
a6cffc,United States,185.3,False
a72019,United States,42.69,False
ac9e83,United States,53.47,False
801594,India,164.17,False
801591,India,241.85,False
a148cd,United States,62.58,False
a268c4,United States,75.78,False
a388a9,United States,174.25,False
a86605,United States,0.0,True
a61305,United States,55.28,False
a1ce16,United States,207.94,False
a79fc1,United States,42.02,False
a04b24,United States,190.11,False
a51980,United States,59.71,False
a29e24,United States,184.86,False
44056b,Austria,205.91,False
aca5e5,United States,76.25,False
a29e03,United States,155.35,False
a3c662,United States,146.76,False
ad0e97,United States,185.36,False
a05e4a,United States,6.43,True
a66cb2,United States,222.52,False
a63975,United States,226.59,False
407d45,United Kingdom,50.12,False
ac42df,United States,56.08,True
a4e648,United States,73.14,False
a4f979,United States,30.37,False
a89a9f,United States,49.82,False
a66cc8,United States,40.65,False
406a03,United Kingdom,251.42,False
406a02,United Kingdom,218.65,False
abbb77,United States,1.29,True
a148b9,United States,298.2,False
a8793d,United States,162.72,False
c06952,Canada,104.32,False
a4e65a,United States,78.85,False
acee86,United States,241.79,False
a62665,United States,227.73,False
06a103,Qatar,235.63,False
a75966,United States,201.13,False
a66cbf,United States,85.83,False
a638a9,United States,0.0,True
a3d8be,United States,234.17,False
ad504d,United States,195.59,False
c06909,Canada,47.85,False
885108,Thailand,239.97,False
a638a4,United States,57.81,False
a9d688,United States,39.7,False
885107,Thailand,256.46,False
885106,Thailand,254.65,False
ad5046,United States,87.23,False
885102,Thailand,2.31,True
7892a4,China,7.72,True
a17e83,United States,111.32,False
a42e13,United States,170.75,False
407bdc,United Kingdom,228.46,False
a9d699,United States,96.71,False
c819dc,New Zealand,55.96,False
a66e0d,United States,285.84,False
c819dd,New Zealand,105.67,False
a78e09,United States,148.3,False
06a0b5,Qatar,242.72,False
a388c5,United States,79.06,False
a758b3,United States,94.35,False
06a0b0,Qatar,5.66,True
88511a,Thailand,283.22,False
a3fb19,United States,82.64,False
c819e0,New Zealand,84.77,False
06a0ad,Qatar,230.54,False
a9b007,United States,177.61,False
a135cb,United States,250.86,False
440549,Austria,4.37,True
0ac9ef,Colombia,169.03,False
88510e,Thailand,244.57,False
a9d66f,United States,0.0,True
88510c,Thailand,257.54,False
adb35c,United States,221.8,False
06a0bc,Qatar,209.59,False
885118,Thailand,266.83,False
a8a35b,United States,37.1,False
a9998d,United States,52.87,False
a8a337,United States,225.76,False
ab7e33,United States,8.75,True
a4c063,United States,61.48,False
a8c98c,United States,103.96,False
a1ce99,United States,242.29,False
342188,Spain,248.63,False
a42e67,United States,81.11,False
aaae1b,United States,213.56,False
a8a343,United States,211.15,False
a86674,United States,209.85,False
3d397b,Germany,63.51,False
06a0e6,Qatar,275.68,False
a495bf,United States,181.18,False
155bca,Russian Federation,236.74,False
a9e988,United States,41.99,False
ad88a2,United States,60.11,False
06a0df,Qatar,258.6,False
4acaa1,Sweden,236.31,False
4acaa5,Sweden,242.23,False
a242c3,United States,162.2,False
a362a9,United States,116.97,False
06a0f5,Qatar,262.31,False
ac9e2b,United States,53.51,False
06a0f6,Qatar,254.96,False
ab35d2,United States,210.38,False
a28b52,United States,50.85,False
a2db21,United States,152.73,False
acb8b0,United States,237.05,False
a29e5c,United States,227.92,False
a3a09b,United States,64.96,False
aa5cf8,United States,260.38,False
a91ce6,United States,124.77,False
06a0fe,Qatar,4.12,True
06a0fa,Qatar,114.66,False
a5f396,United States,37.23,False
aa02d5,United States,272.16,False
ad7634,United States,223.62,False
a13706,United States,44.67,False
a8b5b0,United States,97.94,False
a745db,United States,239.4,False
8013fd,India,194.62,False
a54e8f,United States,97.62,False
a3fb6f,United States,263.88,False
a41b73,United States,46.61,False
a91e3a,United States,50.22,False
a732a2,United States,209.42,False
a8b5ad,United States,240.33,False
acb93f,United States,98.96,False
abccc5,United States,165.69,False
a2ee9b,United States,47.31,False
ac6993,United States,12.35,True
a05da7,United States,239.66,False
aa02ab,United States,192.32,False
acb953,United States,179.74,False
c054b5,Canada,4.63,True
88516c,Thailand,284.73,False
88516b,Thailand,75.63,False
a7de1c,United States,202.85,False
a6ab27,United States,155.26,False
88516d,Thailand,13.58,False
acffc6,United States,59.43,False
aaf007,United States,171.25,False
a1bb83,United States,248.78,False
add969,United States,59.39,False
aa15cc,United States,243.65,False
a28b91,United States,7.2,True
a8c8c1,United States,106.87,False
a89b35,United States,42.83,False
4acab0,Sweden,228.78,False
a01704,United States,80.38,False
c054bc,Canada,63.33,False
a7cb28,United States,44.35,False
ac300d,United States,282.99,False
7808a9,China,267.41,False
ad763b,United States,167.51,False
e4a081,Brazil,78.16,False
a8fe29,United States,48.94,False
acffe6,United States,90.72,False
8013ea,India,177.84,False
a495e9,United States,226.93,False
aa28f2,United States,75.83,False
7808ac,China,233.83,False
71c717,Republic of Korea,223.1,False
a638e1,United States,92.04,False
a3fb37,United States,36.58,False
a6be24,United States,62.99,False
342107,Spain,133.76,False
342105,Spain,218.02,False
a9b06f,United States,174.1,False
71c704,Republic of Korea,128.51,False
a12429,United States,255.11,False
a66e3b,United States,204.76,False
71c703,Republic of Korea,264.82,False
a24401,United States,268.44,False
71c709,Republic of Korea,237.15,False
a3fb40,United States,257.72,False
71c706,Republic of Korea,219.8,False
add979,United States,103.48,False
39bb24,France,234.99,False
ac5697,United States,0.0,True
a1373d,United States,0.0,True
39bb22,France,199.28,False
885177,Thailand,240.75,False
a3c5ea,United States,177.59,False
885176,Thailand,271.88,False
a8a391,United States,2.83,True
885171,Thailand,10.82,False
ac3053,United States,259.73,False
a482fc,United States,101.29,False
3a0e98,France,51.49,False
a05daa,United States,92.19,False
a00418,United States,52.07,False
a9b048,United States,167.96,False
4403f0,Austria,228.45,False
a12403,United States,253.17,False
a54e87,United States,38.18,False
a3fb63,United States,36.38,False
a9c380,United States,122.71,False
a9607d,United States,159.44,False
a78e2e,United States,62.96,False
a3fb5b,United States,70.46,False
e49406,Brazil,138.05,False
a665ae,United States,185.18,False
408127,United Kingdom,7.72,False
a7e8b3,United States,76.46,False
a2e5f5,United States,60.7,False
aa8c39,United States,223.36,False
a5cb05,United States,39.61,False
a2e5ec,United States,221.73,False
aa56da,United States,213.18,False
4b1813,Switzerland,183.68,False
abd9d9,United States,200.89,False
ad19bc,United States,182.03,False
440da5,Austria,217.93,False
880454,Thailand,235.71,False
a678e5,United States,257.07,False
3d602e,Germany,5.92,True
a3f2ae,United States,51.54,True
4b1805,Switzerland,213.29,False
a0db7e,United States,55.14,False
4b1807,Switzerland,193.24,False
aa56d4,United States,211.93,False
4b1809,Switzerland,3.86,True
4b1800,Switzerland,0.0,True
ab76e6,United States,207.37,False
4952ca,Portugal,238.29,False
4952cb,Portugal,213.5,False
4952cc,Portugal,263.46,False
a282e5,United States,189.23,False
4952cf,Portugal,208.18,False
a665c5,United States,4.63,True
7c35c6,Australia,142.1,False
4952d2,Portugal,127.98,False
7c6b0f,Australia,230.85,False
a10e98,United States,4.12,True
a70b23,United States,199.02,False
ac96be,United States,251.96,False
4952d1,Portugal,11.32,True
aa69db,United States,55.56,False
ab76eb,United States,215.71,False
c01aa4,Canada,46.56,False
a21b44,United States,188.91,False
aa8c10,United States,198.17,False
4b181b,Switzerland,192.73,False
c08416,Canada,59.94,False
a1fb33,United States,184.31,False
aa56b4,United States,210.27,False
4952c1,Portugal,0.39,True
4952c2,Portugal,245.07,False
440daf,Austria,223.71,False
4952c3,Portugal,189.53,False
a1c5e0,United States,122.11,False
4952c6,Portugal,227.11,False
4952c7,Portugal,196.45,False
abc6ce,United States,86.58,False
a46e2b,United States,65.24,False
4b180c,Switzerland,208.31,False
acf9cf,United States,46.27,False
ac2f5a,United States,3.86,True
ac1c2c,United States,127.38,False
ab63d7,United States,245.92,False
ac1c2f,United States,129.97,False
7c6b18,Australia,224.65,False
a33b1e,United States,262.31,False
a46e35,United States,238.3,False
a282c2,United States,49.2,False
4952ab,Portugal,245.36,False
4b180a,Switzerland,226.16,False
ac2f83,United States,256.7,False
4b1858,Switzerland,266.09,False
3c6668,Germany,2.57,True
4952b0,Portugal,226.36,False
4952b1,Portugal,226.15,False
4952b3,Portugal,248.48,False
e4943e,Brazil,237.98,False
aaef89,United States,113.26,False
3c665a,Germany,237.08,False
408166,United Kingdom,156.94,False
ad4f72,United States,180.36,False
3c664d,Germany,224.67,False
a7b057,United States,128.28,False
3c6664,Germany,67.32,False
a45b78,United States,66.75,False
abb3b6,United States,192.91,False
ac83c3,United States,4.12,True
a1fb99,United States,109.5,False
a2d2eb,United States,252.24,False
a8d052,United States,82.16,False
4952a2,Portugal,224.04,False
4952a4,Portugal,267.15,False
a7d69e,United States,53.2,False
4952a6,Portugal,231.01,False
0a00c2,Algeria,268.56,False
3c6670,Germany,231.5,False
abc6f5,United States,0.32,True
ac83d5,United States,242.44,False
a58e1e,United States,223.87,False
ac1c76,United States,288.22,False
a1b2ee,United States,261.96,False
40812e,United Kingdom,210.23,False
40812d,United Kingdom,231.43,False
acd3b8,United States,37.61,False
7c6b3b,Australia,228.11,False
a678cf,United States,226.39,False
abfc71,United States,281.8,False
ace6e2,United States,207.65,False
a282ee,United States,257.03,False
408134,United Kingdom,237.49,False
ad4f81,United States,274.04,False
ad4f86,United States,145.87,False
ae13b0,United States,115.37,False
ac70c1,United States,135.95,False
a9f016,United States,41.22,False
a94b51,United States,7.72,True
c02e9b,Canada,161.81,False
aba145,United States,42.57,False
a69b90,United States,157.01,False
a94b4d,United States,255.63,False
a94b4b,United States,235.14,False
ae0115,United States,137.01,False
ab649a,United States,222.95,False
acd43b,United States,49.48,False
a22db7,United States,93.06,False
4b187a,Switzerland,158.46,False
ae1444,United States,13.38,True
ad3add,United States,63.67,False
0d0af2,Mexico,191.5,False
0d0af1,Mexico,218.53,False
a05776,United States,121.37,False
adf41e,United States,100.19,False
4b1880,Switzerland,214.95,False
4b1882,Switzerland,238.16,False
a10dd5,United States,201.81,False
ac1afa,United States,76.86,False
a0443c,United States,96.75,False
a6eb93,United States,46.84,False
ae1479,United States,223.36,False
0d0aef,Mexico,209.89,False
acc13d,United States,55.07,False
a1c708,United States,52.23,False
acd481,United States,206.93,False
a915e5,United States,48.91,False
a1c705,United States,52.57,False
3c65c7,Germany,240.6,False
3c65c5,Germany,67.86,False
a94b2b,United States,221.86,False
acd486,United States,252.9,False
3c65c8,Germany,228.68,False
e492ba,Brazil,106.42,False
a04417,United States,127.52,False
a94b2e,United States,213.34,False
ae279b,United States,63.96,False
a45b96,United States,236.53,False
a902cc,United States,60.72,False
a94b48,United States,257.02,False
a09dc5,United States,46.14,False
3b7b3c,France,49.91,False
3b7b3b,France,61.34,False
3c65d8,Germany,242.43,False
a04424,United States,227.5,False
ae012e,United States,172.87,False
3c65d9,Germany,226.41,False
ae145c,United States,191.95,False
3c65cc,Germany,128.1,False
3c65cb,Germany,227.55,False
c02e5a,Canada,162.79,False
a1b435,United States,55.39,False
a70b43,United States,2.06,False
a6eb1e,United States,229.04,False
a1511c,United States,42.98,False
a5de70,United States,30.63,False
0c4185,Dominican Republic,214.94,False
a33aa8,United States,77.09,False
0d0aa8,Mexico,189.09,False
aab9c7,United States,46.92,False
a0a77b,United States,34.51,False
acd47e,United States,211.48,False
a83e3b,United States,110.81,False
ac2f18,United States,202.55,False
a94b29,United States,216.41,False
c82439,New Zealand,94.75,False
a4ab89,United States,246.16,False
aaef21,United States,149.92,False
a04453,United States,30.11,False
abd9b6,United States,68.42,False
a785fd,United States,142.06,False
0d0ac8,Mexico,217.83,False
a57b8b,United States,206.46,False
aa9f6e,United States,80.23,False
a0dab2,United States,164.17,False
aa43c4,United States,160.57,False
aa56f8,United States,154.79,False
0d0abd,Mexico,194.69,False
0c4157,Dominican Republic,216.32,False
a69b86,United States,9.77,True
aa56f7,United States,204.38,False
0d0abf,Mexico,214.37,False
a94b02,United States,1.29,True
a08acb,United States,163.48,False
a29748,United States,236.94,False
861f22,Japan,70.48,False
aadc11,United States,42.79,False
ae016d,United States,98.26,False
ad4f04,United States,45.54,False
ae149c,United States,101.97,False
a58de0,United States,223.4,False
a39138,United States,36.72,False
abc726,United States,49.65,False
a40128,United States,75.85,False
a77412,United States,0.0,True
a2c129,United States,176.05,False
c8243a,New Zealand,75.62,False
800daf,India,155.99,False
aaedb9,United States,6.94,True
a2c10b,United States,121.63,False
a69aa6,United States,49.05,False
ab0dd7,United States,61.55,False
ab774b,United States,166.87,False
a1c78a,United States,40.13,False
aa9dab,United States,69.42,False
a2d446,United States,80.29,False
a0dae2,United States,199.22,False
a57ad0,United States,230.59,False
e4808c,Brazil,191.75,False
a28461,United States,137.31,False
a65449,United States,173.5,False
a1512f,United States,227.42,False
a1b449,United States,0.0,True
a65454,United States,236.62,False
a6a417,United States,220.84,False
ac7103,United States,214.98,False
800db0,India,69.63,False
a4aad3,United States,220.07,False
a70aa1,United States,225.14,False
ac842d,United States,68.58,False
a39173,United States,270.6,False
a27197,United States,179.9,False
86d5c3,Japan,138.84,False
ac9773,United States,133.46,False
86d5b6,Japan,220.6,False
782043,China,142.63,False
ab5132,United States,54.41,False
ac2dea,United States,240.92,False
a189be,United States,43.01,False
a82b8e,United States,41.93,False
ae1404,United States,119.04,False
ae6da1,United States,73.28,False
49530d,Portugal,228.47,False
ae272e,United States,94.33,False
abb440,United States,108.61,False
a3915a,United States,257.37,False
acd417,United States,90.7,False
758304,Philippines,239.16,False
a94b72,United States,222.44,False
516097,Montenegro,159.56,False
14fc25,Russian Federation,209.5,False
a65408,United States,241.06,False
abc780,United States,171.24,False
ac1ad7,United States,0.0,True
abfac6,United States,192.8,False
48597e,Kingdom of the Netherlands,239.19,False
3b7b89,France,1.03,False
a4278e,United States,189.7,False
48597d,Kingdom of the Netherlands,238.71,False
a58dbb,United States,52.1,False
a1a14b,United States,50.86,False
a53436,United States,0.0,True
ae141e,United States,91.9,False
ac712d,United States,263.1,False
3c6746,Germany,146.86,False
a0a6c5,United States,173.93,False
440cfe,Austria,208.21,False
3c6749,Germany,0.0,True
408086,United Kingdom,214.3,False
a1d9e6,United States,66.25,False
a94ae3,United States,207.03,False
acd2be,United States,246.89,False
abb2d5,United States,194.41,False
a7748a,United States,60.42,False
e49368,Brazil,178.41,False
ae6e76,United States,57.14,False
a8f77c,United States,110.87,False
a6a47d,United States,156.83,False
a6eadb,United States,37.55,False
3c6754,Germany,0.0,True
0d0b67,Mexico,219.75,False
ace5de,United States,269.57,False
a76154,United States,287.13,False
c02cfc,Canada,196.92,False
e48044,Brazil,207.73,False
abb2e7,United States,48.92,False
a1c6a8,United States,221.19,False
3c6753,Germany,3.09,True
ac82f8,United States,179.43,False
ac1b82,United States,118.77,False
3c6750,Germany,226.72,False
a90488,United States,51.19,False
a176b1,United States,215.12,False
3c675a,Germany,198.62,False
408066,United Kingdom,62.5,False
0d0b6a,Mexico,139.76,False
a8947e,United States,265.91,False
a9046d,United States,195.1,False
e48014,Brazil,230.86,False
a4016d,United States,43.23,False
40804d,United Kingdom,229.02,False
408059,United Kingdom,225.39,False
a5df05,United States,51.57,False
a7615f,United States,241.84,False
0d0b89,Mexico,221.37,False
408051,United Kingdom,239.03,False
a7b13b,United States,236.77,False
a189f2,United States,222.17,False
a9045f,United States,130.76,False
abfb7c,United States,215.04,False
a9add6,United States,62.48,False
40803f,United Kingdom,241.82,False
a8e43a,United States,47.4,False
40803c,United Kingdom,213.17,False
0d0b91,Mexico,225.54,False
3c6701,Germany,262.03,False
a7743a,United States,2.83,True
a7d754,United States,236.01,False
a95dd3,United States,80.77,False
a57af9,United States,156.97,False
a7d751,United States,128.0,False
3c6711,Germany,268.09,False
440cab,Austria,210.84,False
440cac,Austria,225.41,False
a2f9f5,United States,27.57,False
7c492a,Australia,240.94,False
3c6714,Germany,262.49,False
a163f2,United States,180.86,False
a0ef99,United States,66.59,False
a8e420,United States,67.96,False
a6fdd2,United States,250.56,False
393edc,France,30.35,False
a7c418,United States,71.2,False
75839f,Philippines,213.81,False
4951ef,Portugal,229.07,False
a0ef90,United States,59.9,False
a21c53,United States,220.0,False
440cda,Austria,59.38,False
a030a8,United States,8.23,True
abc704,United States,109.06,False
a163ad,United States,216.18,False
a6b799,United States,30.69,False
a1fc23,United States,77.77,False
a65484,United States,7.46,True
0d0b35,Mexico,211.08,False
a22f4a,United States,207.77,False
a163c2,United States,233.32,False
4008ad,United Kingdom,227.5,False
3c670a,Germany,257.45,False
a426a5,United States,189.41,False
3c670f,Germany,254.36,False
a9042a,United States,289.43,False
a8943d,United States,185.33,False
e48057,Brazil,168.75,False
a6eacf,United States,208.99,False
ac9709,United States,295.17,False
e48058,Brazil,68.36,False
a83df0,United States,55.28,False
4008b2,United Kingdom,65.85,False
c08335,Canada,115.42,False
a89442,United States,229.59,False
e4805d,Brazil,207.44,False
7c4920,Australia,0.0,True
aa8ab2,United States,243.58,False
e49390,Brazil,229.68,False
4951cb,Portugal,181.17,False
a64163,United States,218.16,False
4951cc,Portugal,228.89,False
4951cd,Portugal,208.25,False
4951ce,Portugal,223.87,False
7c4929,Australia,243.44,False
ac0a04,United States,63.46,False
a83f2b,United States,266.75,False
a283fc,United States,278.77,False
abfd0a,United States,64.6,False
a413cb,United States,233.49,False
c02ebd,Canada,260.97,False
c02eca,Canada,279.15,False
40822d,United Kingdom,230.78,False
ad07ae,United States,4.89,True
ab9a0e,United States,0.06,True
a533bd,United States,185.62,False
3c6586,Germany,104.86,False
a70c1c,United States,112.15,False
a4ac50,United States,224.21,False
348085,Spain,149.7,False
a283ed,United States,149.06,False
a413bd,United States,37.6,False
02a1a5,Tunisia,222.59,False
aa57df,United States,230.09,False
02a1a6,Tunisia,197.68,False
c0850c,Canada,167.34,False
02a1a4,Tunisia,1.03,True
aa44ad,United States,167.77,False
c02ec7,Canada,283.98,False
abfd23,United States,238.59,False
a46f75,United States,196.52,False
aaa7ef,United States,0.0,True
39d314,France,242.51,False
ac0a22,United States,153.87,False
39d318,France,218.07,False
a773b2,United States,62.78,False
c08544,Canada,9.26,True
abea11,United States,169.49,False
39d310,France,215.98,False
39d311,France,242.84,False
39d312,France,109.94,False
abc7e9,United States,193.1,False
a83f56,United States,133.13,False
abc7e1,United States,82.75,False
4690fa,Greece,207.8,False
710411,Saudi Arabia,229.69,False
abfd39,United States,121.83,False
c08537,Canada,0.06,True
c08535,Canada,79.85,False
408213,United Kingdom,20.58,True
a7e9e4,United States,145.17,False
47bf9d,Norway,187.86,False
a1fc56,United States,52.95,False
a7d6b1,United States,44.09,False
a5cc53,United States,64.39,False
a5df82,United States,221.88,False
39d30c,France,185.23,False
39d30d,France,200.51,False
39d30f,France,247.17,False
ab64ee,United States,5.14,True
a5cc3c,United States,138.73,False
a270b3,United States,45.39,False
a809f3,United States,97.61,False
39d30a,France,222.26,False
c02ee7,Canada,231.51,False
c821c1,New Zealand,162.06,False
39d30b,France,204.08,False
abea30,United States,24.45,False
4690e9,Greece,165.42,False
ae14ac,United States,117.81,False
3c7878,Germany,236.09,False
3c7879,Germany,212.12,False
3c6549,Germany,74.68,False
4690e2,Greece,265.5,False
3c786b,Germany,144.2,False
a05842,United States,221.09,False
ae14c5,United States,77.21,False
408281,United Kingdom,130.31,False
aadd86,United States,121.9,False
aba1a0,United States,202.04,False
4b5da1,Switzerland,0.06,True
3c6544,Germany,218.06,False
39e68f,France,191.56,False
a7619b,United States,190.83,False
ae4a10,United States,109.09,False
acd4b6,United States,37.83,False
4690f9,Greece,209.32,False
a4bf40,United States,26.55,False
a4bf41,United States,248.71,False
3c7889,Germany,222.3,False
a90496,United States,92.61,False
e4932b,Brazil,227.62,False
3c787a,Germany,216.11,False
3c6551,Germany,94.65,False
ad3d4e,United States,7.72,True
a1a0ff,United States,217.04,False
ac1d80,United States,170.38,False
3c6552,Germany,219.6,False
408262,United Kingdom,115.07,False
39e681,France,218.57,False
408260,United Kingdom,244.25,False
39e684,France,83.31,False
39e686,France,124.97,False
39e688,France,225.56,False
a05827,United States,198.32,False
4a2aac,Romania,224.94,False
39e680,France,0.0,True
3c6561,Germany,251.84,False
4b5dad,Switzerland,0.06,True
c02eb9,Canada,246.18,False
a8e46d,United States,134.46,False
a1fc9c,United States,83.87,False
ac0a75,United States,268.89,False
acd4d7,United States,1.54,True
a69c21,United States,154.93,False
a5cc15,United States,285.06,False
a4bf67,United States,38.67,False
408251,United Kingdom,12.86,True
a5cc13,United States,212.62,False
a5cc11,United States,90.03,False
39e694,France,242.6,False
3c656f,Germany,181.06,False
a666bb,United States,83.98,False
ae4a0b,United States,109.05,False
ad3d84,United States,0.0,True
a390d6,United States,135.57,False
a390d5,United States,158.6,False
40823c,United Kingdom,117.42,False
40823d,United Kingdom,145.47,False
ae01a1,United States,157.76,False
a6ec95,United States,7.2,True
acc23f,United States,214.23,False
abb58b,United States,53.44,False
0a004b,Algeria,228.43,False
a1b519,United States,147.27,False
ab527e,United States,165.22,False
a34eb4,United States,56.1,False
ac858a,United States,151.55,False
ae5bdf,United States,63.8,False
a17876,United States,229.2,False
a21ba7,United States,57.05,False
e491e9,Brazil,70.66,False
3c64a1,Germany,226.85,False
a94c7b,United States,204.42,False
a03235,United States,223.87,False
a3f500,United States,173.39,False
a17847,United States,197.86,False
a09ed4,United States,51.7,False
abb59e,United States,166.43,False
abb59f,United States,184.97,False
aba281,United States,265.85,False
3c64ad,Germany,233.7,False
a880ce,United States,81.04,False
a94c65,United States,9.77,True
e491c3,Brazil,14.4,True
aba28e,United States,5.4,True
4080ea,United Kingdom,0.0,True
a10eba,United States,46.96,False
a7b0d7,United States,69.21,False
846a5b,Japan,3.09,True
e491ae,Brazil,235.79,False
4080f6,United Kingdom,221.08,False
4080f7,United Kingdom,230.92,False
a7c3b4,United States,76.9,False
ad928b,United States,115.29,False
0a008e,Algeria,230.76,False
0a008d,Algeria,233.96,False
a45ba2,United States,7.46,True
a1a21f,United States,225.01,False
a6ec56,United States,193.59,False
a69c68,United States,279.04,False
a5cc4c,United States,198.62,False
c02f6a,Canada,0.64,True
a69c84,United States,127.59,False
a773c8,United States,202.3,False
a46ec9,United States,42.7,False
c083ad,Canada,47.89,False
c083aa,Canada,227.79,False
ab77ac,United States,187.06,False
a69c6b,United States,157.48,False
a653f7,United States,27.61,False
a83f63,United States,219.16,False
a9af49,United States,162.17,False
ad9293,United States,243.05,False
a9af3e,United States,250.69,False
adf592,United States,66.94,False
a6a3c2,United States,114.81,False
a8e3b3,United States,319.68,False
a1c868,United States,201.33,False
a2e83c,United States,66.7,False
02a1ac,Tunisia,229.27,False
02a1ab,Tunisia,218.5,False
a83f8c,United States,273.93,False
a41518,United States,0.0,True
aa7a3c,United States,0.0,True
a8f6b5,United States,53.68,False
02a1b4,Tunisia,234.2,False
ab77d5,United States,67.91,False
02a1b0,Tunisia,186.03,False
02a1b1,Tunisia,206.3,False
0a0074,Algeria,233.1,False
c083f2,Canada,226.62,False
8687bc,Japan,0.0,True
a0589c,United States,45.25,False
a1c857,United States,46.57,False
ad929d,United States,31.08,False
a22ef3,United States,172.42,False
a9af29,United States,195.81,False
0a0086,Algeria,113.29,False
a34ec7,United States,160.76,False
a916cc,United States,41.73,False
a5cc7d,United States,34.08,False
a30850,United States,67.66,False
4a08a5,Romania,231.43,False
ac983e,United States,267.15,False
a7751a,United States,59.89,False
c82335,New Zealand,130.17,False
c82336,New Zealand,98.26,False
a2d56f,United States,190.63,False
ad4eb4,United States,203.83,False
ad4eb5,United States,221.75,False
a2d583,United States,53.53,False
aa4548,United States,140.54,False
a4bef6,United States,218.02,False
3c64fa,Germany,117.95,False
4080a4,United Kingdom,213.11,False
4080a2,United Kingdom,247.02,False
a69bbb,United States,136.67,False
a39243,United States,257.33,False
a53570,United States,49.23,False
3b31ff,France,0.0,True
a2d573,United States,242.12,False
ab0ef9,United States,206.7,False
c01c06,Canada,133.72,False
a45bd7,United States,0.0,True
a78855,United States,64.82,False
a69bc3,United States,186.84,False
a5dee6,United States,69.37,False
a21bea,United States,7.72,True
abb537,United States,169.93,False
aa9ed3,United States,30.97,False
a2d54b,United States,67.22,False
a39233,United States,52.81,False
a8d0fc,United States,56.73,False
a69bd9,United States,227.31,False
abb534,United States,184.11,False
aaa86c,United States,206.99,False
a4abe2,United States,100.7,False
a69bd1,United States,245.27,False
a2d554,United States,50.46,False
ad0851,United States,232.0,False
a52258,United States,40.7,False
39e4ac,France,9.77,True
ad4eba,United States,150.75,False
a70bc9,United States,185.12,False
a1b573,United States,199.1,False
aaa894,United States,100.63,False
abb52c,United States,242.63,False
c8234a,New Zealand,144.48,False
49410c,Portugal,186.23,False
a0a7a0,United States,130.09,False
0d0a77,Mexico,0.0,True
aa9eb3,United States,111.63,False
a057c7,United States,242.72,False
4080db,United Kingdom,220.47,False
a9f0d4,United States,30.37,False
4080df,United Kingdom,248.88,False
4080de,United Kingdom,261.64,False
47bdea,Norway,65.79,False
a78822,United States,74.66,False
3c64c6,Germany,116.66,False
494113,Portugal,111.19,False
acd545,United States,211.11,False
ae152c,United States,165.63,False
769101,Singapore,151.77,False
769102,Singapore,156.52,False
4080e3,United Kingdom,210.51,False
4080e4,United Kingdom,233.95,False
ac987b,United States,261.92,False
a65512,United States,51.56,False
a39289,United States,273.1,False
ac8577,United States,263.82,False
abfbd0,United States,190.36,False
0d0a7d,Mexico,154.64,False
0d0a7f,Mexico,82.35,False
ac1be9,United States,0.0,True
0d0a92,Mexico,172.73,False
ac1bee,United States,40.68,False
a6b833,United States,148.56,False
39d1aa,France,198.66,False
ac8588,United States,197.49,False
ac7256,United States,234.53,False
c02f21,Canada,235.13,False
3c64f6,Germany,166.43,False
abfbe0,United States,52.17,False
acd566,United States,50.54,False
4080c1,United Kingdom,216.57,False
4080c2,United Kingdom,216.49,False
a6a507,United States,57.29,False
a54874,United States,81.43,False
ab5278,United States,34.33,False
a71ec1,United States,144.46,False
a8d0d5,United States,41.12,False
463aea,Finland,215.08,False
a39269,United States,87.89,False
abb57a,United States,241.04,False
a64208,United States,5.92,True
4080ad,United Kingdom,229.65,False
ac857b,United States,188.0,False
a1a286,United States,266.36,False
4a08eb,Romania,223.21,False
abb3ec,United States,228.31,False
4009c6,United Kingdom,232.02,False
ae00b6,United States,243.37,False
aa328f,United States,69.85,False
e49247,Brazil,208.34,False
4b15d8,Switzerland,232.6,False
a94bfc,United States,129.13,False
a94bff,United States,172.33,False
abfc97,United States,260.22,False
3c6637,Germany,203.42,False
ae00a7,United States,168.37,False
0d0a3a,Mexico,239.38,False
a6428e,United States,53.2,False
ae00a0,United States,251.71,False
e80bb6,Chile,50.67,False
ae00a1,United States,170.02,False
a547b3,United States,61.21,False
4b15ed,Switzerland,218.21,False
4b15ee,Switzerland,220.95,False
408184,United Kingdom,246.07,False
4b15ef,Switzerland,245.54,False
408188,United Kingdom,191.51,False
a297ae,United States,44.8,False
408181,United Kingdom,224.76,False
0d0a4c,Mexico,223.78,False
e49221,Brazil,74.9,False
a1fd03,United States,213.81,False
c0716c,Canada,31.75,False
a07a11,United States,2.62,False
a8d231,United States,178.05,False
40815b,United Kingdom,201.6,False
3c7982,Germany,220.2,False
3c6650,Germany,11.32,True
40815c,United Kingdom,198.42,False
3c7983,Germany,213.76,False
3c7984,Germany,213.95,False
3c6652,Germany,244.39,False
3c7981,Germany,212.74,False
a8d206,United States,196.99,False
c08441,Canada,51.54,False
a9aeba,United States,41.24,False
a1a1b6,United States,194.57,False
ae5c9f,United States,81.23,False
a77575,United States,147.75,False
a1ea39,United States,46.11,False
a7d879,United States,5.92,True
a32a1b,United States,1.54,True
39d303,France,0.0,True
a71efa,United States,0.0,True
a89545,United States,231.68,False
39d305,France,227.03,False
a6a555,United States,153.98,False
a65598,United States,236.05,False
39d307,France,241.15,False
39d308,France,217.65,False
39d309,France,137.83,False
a64264,United States,32.88,False
a83ef2,United States,223.1,False
a1ea0d,United States,55.29,False
a83ef5,United States,171.5,False
39d300,France,40.13,True
a9051e,United States,0.0,True
39d301,France,151.29,False
39d302,France,166.62,False
a76235,United States,113.34,False
e49295,Brazil,236.39,False
a76234,United States,93.63,False
a271b0,United States,179.51,False
a6b87a,United States,188.39,False
c02de8,Canada,6.17,True
a427bc,United States,175.05,False
ab6513,United States,69.98,False
aa4572,United States,51.26,False
aa4574,United States,39.62,False
ab6519,United States,207.73,False
aa8be5,United States,213.79,False
a031bd,United States,213.36,False
abc80c,United States,268.2,False
0d0a0d,Mexico,204.19,False
0d0a0f,Mexico,214.13,False
aaeeb4,United States,226.75,False
a284b5,United States,200.68,False
ab6529,United States,116.16,False
ad081a,United States,8.23,True
aa321e,United States,58.03,False
0d0a26,Mexico,5.14,True
a19a48,United States,70.57,False
a0a7ff,United States,203.84,False
e49276,Brazil,229.79,False
400880,United Kingdom,137.53,False
400879,United Kingdom,218.53,False
a59f53,United States,271.82,False
0d0e2b,Mexico,0.0,True
a5ef37,United States,28.31,False
0d0e2c,Mexico,173.89,False
0d0e40,Mexico,6.17,True
ab87bb,United States,56.75,False
aaed17,United States,220.91,False
a58c29,United States,147.65,False
4a91fa,Sweden,245.27,False
aa67af,United States,119.16,False
3c6474,Germany,218.81,False
a689e0,United States,35.5,False
3c6473,Germany,237.27,False
4843f3,Kingdom of the Netherlands,230.36,False
a280a4,United States,198.9,False
aaed0c,United States,234.84,False
a72f0a,United States,160.91,False
a47f44,United States,55.48,False
a543b8,United States,52.08,False
a449e5,United States,196.76,False
a2f6aa,United States,45.89,False
ad4d12,United States,0.0,True
a34c1e,United States,36.93,False
a58c2e,United States,260.21,False
3c6484,Germany,224.51,False
a806a1,United States,72.76,False
a676c4,United States,283.66,False
3c6487,Germany,0.0,True
abd7b4,United States,247.52,False
3c6486,Germany,223.88,False
3c648a,Germany,7.72,True
a2f6b3,United States,241.67,False
3c648f,Germany,238.5,False
aaed42,United States,31.25,False
400846,United Kingdom,1.29,True
3c6491,Germany,232.2,False
3c6495,Germany,257.76,False
0d0e5f,Mexico,204.83,False
a676d4,United States,54.19,False
3c6426,Germany,221.37,False
4b1619,Switzerland,160.84,False
3c6424,Germany,230.61,False
3c6429,Germany,214.22,False
abd7e0,United States,29.97,False
c820ab,New Zealand,120.87,False
c080dc,Canada,231.7,False
a9279f,United States,46.13,False
a2d0b9,United States,48.77,False
a4cf10,United States,17.89,False
a2e3e7,United States,53.91,False
151dd2,Russian Federation,27.97,False
abd7f1,United States,40.18,False
a59f15,United States,3.09,True
0d0e04,Mexico,208.61,False
ab0d76,United States,239.82,False
3c6433,Germany,136.92,False
c080e0,Canada,230.51,False
3c6446,Germany,13.38,True
abfa24,United States,71.29,False
aaed5a,United States,228.99,False
a1b0c2,United States,69.5,False
0d0e11,Mexico,264.77,False
0d0e15,Mexico,293.62,False
0d0e14,Mexico,184.8,False
abc4be,United States,248.58,False
7583a1,Philippines,225.45,False
ab0d87,United States,47.66,False
3c6441,Germany,0.0,True
3c6443,Germany,216.88,False
3c6442,Germany,200.61,False
4b161e,Switzerland,89.91,False
a95acc,United States,133.42,False
3c644a,Germany,190.71,False
4b1620,Switzerland,221.16,False
a303d6,United States,67.96,False
a34c57,United States,0.77,True
a35f95,United States,76.12,False
ac1a2c,United States,223.08,False
a4cf1c,United States,131.38,False
ad3a0d,United States,41.03,False
0d0e1e,Mexico,88.32,False
0d0e1d,Mexico,232.33,False
abc4d8,United States,196.73,False
a423b3,United States,54.43,False
a96f71,United States,35.97,False
a58c8f,United States,50.67,False
a11eb7,United States,200.75,False
a890a2,United States,110.67,False
78218b,China,124.02,False
adaee8,United States,225.57,False
a0b81d,United States,213.5,False
ad4bcb,United States,72.88,False
a0b823,United States,118.4,False
ad5efe,United States,67.06,False
a0b821,United States,209.93,False
a0b820,United States,224.0,False
ac2be9,United States,268.23,False
acf888,United States,61.7,False
a17501,United States,58.22,False
c820f4,New Zealand,146.6,False
a0b826,United States,206.26,False
a58c9e,United States,74.68,False
aaa590,United States,78.74,False
acf870,United States,3.25,False
e490c3,Brazil,235.09,False
abb245,United States,266.28,False
a530f7,United States,30.37,False
ae6ba5,United States,104.54,False
a05537,United States,104.43,False
a650d9,United States,175.07,False
ac2bf8,United States,196.04,False
aaa58b,United States,223.27,False
c080a5,Canada,225.93,False
c080a2,Canada,243.88,False
c080a3,Canada,221.43,False
ad0562,United States,239.62,False
a9bf4b,United States,274.72,False
a18840,United States,171.14,False
a46c95,United States,99.78,False
a280fe,United States,185.93,False
a0b802,United States,225.35,False
a0b801,United States,240.28,False
440c6f,Austria,198.19,False
c080d9,Canada,4.63,True
abc56d,United States,2.06,True
440c83,Austria,225.05,False
a0b803,United States,218.53,False
aa9d6e,United States,189.47,False
a5dc9b,United States,219.91,False
0c4355,Dominican Republic,250.48,False
c080ae,Canada,157.73,False
c080aa,Canada,111.52,False
ab627c,United States,228.09,False
acf88c,United States,45.83,False
a9ac07,United States,59.77,False
a2d0d5,United States,49.41,False
a3183d,United States,157.52,False
ae1254,United States,185.31,False
4b1699,Switzerland,252.04,False
acd262,United States,207.83,False
a95c08,United States,93.17,False
ab628c,United States,10.8,True
a939e8,United States,206.26,False
a0b866,United States,243.66,False
a84f41,United States,44.32,False
4b1691,Switzerland,196.01,False
abb271,United States,228.26,False
a819f1,United States,36.62,False
a0422d,United States,39.11,False
a35ec2,United States,207.71,False
a4cf95,United States,4.12,True
48449a,Kingdom of the Netherlands,214.05,False
49514c,Portugal,237.93,False
49514e,Portugal,79.67,False
49514f,Portugal,238.29,False
a10bbc,United States,169.35,False
a6c6c8,United States,0.0,True
a4380f,United States,222.24,False
a4cf7f,United States,235.14,False
a1d83b,United States,145.37,False
e490ee,Brazil,186.74,False
49514b,Portugal,248.98,False
c009ea,Canada,109.57,False
a796d0,United States,65.8,False
a18880,United States,43.32,False
a16221,United States,145.78,False
aa8a23,United States,71.49,False
a35eb0,United States,232.55,False
aa9d3c,United States,183.2,False
0d0cec,Mexico,156.94,False
495150,Portugal,0.0,True
a31829,United States,175.92,False
151f0c,Russian Federation,214.92,False
a0b845,United States,201.68,False
a0b844,United States,0.77,True
45d181,Denmark,52.18,False
a0b841,United States,236.89,False
495145,Portugal,224.5,False
a0b849,United States,260.94,False
495148,Portugal,239.63,False
acd27a,United States,1.15,False
495149,Portugal,213.32,False
a806d8,United States,249.72,False
a0420e,United States,65.86,False
440c32,Austria,0.0,True
0d0cfd,Mexico,248.34,False
440c34,Austria,126.1,False
aa8a09,United States,132.55,False
440c38,Austria,238.28,False
a7f9f4,United States,99.51,False
a84f4c,United States,38.06,False
a05555,United States,60.92,False
4b168f,Switzerland,214.18,False
a530cd,United States,30.87,False
a900fb,United States,49.96,False
adf0f1,United States,208.48,False
c009be,Canada,170.95,False
a3aede,United States,68.81,False
a0426b,United States,103.92,False
a23eff,United States,52.36,False
a67858,United States,149.63,False
a35ef1,United States,198.09,False
a1d87a,United States,174.73,False
aab82c,United States,65.65,False
a34bac,United States,5.92,True
a4384d,United States,286.57,False
a79821,United States,233.85,False
ae10ea,United States,103.41,False
0d0cb0,Mexico,218.64,False
a72ea5,United States,190.48,False
a890fe,United States,279.69,False
a72ea6,United States,115.03,False
ae10f3,United States,113.23,False
7c6bc1,Australia,278.64,False
a1b212,United States,64.44,False
a0a54a,United States,218.99,False
a29551,United States,11.32,True
a5320b,United States,180.06,False
abc504,United States,0.0,True
ab8862,United States,189.18,False
782263,China,246.99,False
a53223,United States,93.13,False
a3f231,United States,54.15,False
a0b88f,United States,216.12,False
a0b88c,United States,219.21,False
0d0cba,Mexico,129.84,False
4b028e,Switzerland,226.6,False
484442,Kingdom of the Netherlands,221.9,False
4b028d,Switzerland,231.45,False
4b028b,Switzerland,0.0,True
a35ebc,United States,93.29,False
ae10ff,United States,93.26,False
a29548,United States,41.68,False
4b0290,Switzerland,216.0,False
a59efc,United States,160.71,False
aa6811,United States,226.4,False
a0b88a,United States,0.0,True
4b0295,Switzerland,0.0,True
a6652b,United States,105.87,False
4b0294,Switzerland,219.73,False
4b0293,Switzerland,212.99,False
4b0292,Switzerland,231.94,False
c82258,New Zealand,120.48,False
a95c89,United States,129.7,False
ac2ba0,United States,225.48,False
a95c7c,United States,69.18,False
acf849,United States,298.2,False
ab1eea,United States,62.84,False
acf846,United States,6.69,True
ab6229,United States,6.43,True
3991e3,France,157.09,False
3991e6,France,216.6,False
a2e585,United States,239.74,False
c82268,New Zealand,162.61,False
ad1857,United States,263.03,False
3991e8,France,184.36,False
3991e7,France,217.66,False
3991e9,France,214.05,False
ac2bb6,United States,79.24,False
a890c7,United States,177.7,False
151e55,Russian Federation,213.36,False
ac3ee9,United States,247.81,False
a30596,United States,208.32,False
ad185a,United States,167.68,False
a60ea3,United States,148.68,False
a2e571,United States,227.09,False
4b27bf,Switzerland,51.82,False
a0428a,United States,246.48,False
ac2bc6,United States,172.16,False
a1c57e,United States,169.42,False
a913dd,United States,74.28,False
ad1861,United States,0.06,True
758539,Philippines,248.19,False
a8e0a5,United States,222.95,False
a9ac2a,United States,52.46,False
a83c9b,United States,181.02,False
ab6247,United States,78.22,False
a1b247,United States,46.31,False
4006eb,United Kingdom,0.0,True
ac8233,United States,58.79,False
ac2bd5,United States,71.51,False
a34bdc,United States,267.71,False
ac2bd4,United States,180.26,False
ac2bd9,United States,198.89,False
ab7586,United States,55.9,False
a54520,United States,268.49,False
c0816e,Canada,112.9,False
a7d3fe,United States,204.8,False
a067d6,United States,34.94,False
0d0d99,Mexico,126.37,False
151da6,Russian Federation,27.9,False
a0b7b7,United States,7.46,True
a8e20f,United States,262.37,False
ab73f9,United States,45.34,False
ab73ee,United States,36.68,False
a6657e,United States,239.19,False
abc3c6,United States,263.22,False
a9aba2,United States,232.71,False
ac3f92,United States,105.16,False
a6a238,United States,60.51,False
3c6518,Germany,139.45,False
3c6517,Germany,196.19,False
ad03d5,United States,50.92,False
a80895,United States,41.19,False
ac80ae,United States,47.47,False
ad4c44,United States,277.73,False
a10d1e,United States,224.07,False
a067b4,United States,105.98,False
3c6523,Germany,6.43,True
4a91af,Sweden,162.68,False
a6a266,United States,53.65,False
aa4252,United States,0.77,True
a83bec,United States,74.26,False
ac80c1,United States,40.04,False
3c7865,Germany,177.64,False
aa688f,United States,108.04,False
c02ae3,Canada,161.88,False
a96edf,United States,69.5,False
e4910e,Brazil,227.81,False
abc3ec,United States,188.96,False
3c7861,Germany,214.55,False
a1b295,United States,60.78,False
4a91b3,Sweden,181.14,False
a91556,United States,36.41,False
a2e58b,United States,47.1,False
a174bf,United States,248.59,False
0d0d52,Mexico,184.38,False
aaec9c,United States,5.66,True
acd0c7,United States,226.7,False
a0b7f4,United States,55.05,False
a7985a,United States,216.17,False
a7d50e,United States,92.97,False
a10d56,United States,224.17,False
a5a86a,United States,48.23,False
ac2c9c,United States,225.01,False
c03dac,Canada,144.89,False
a5322d,United States,87.98,False
aa4230,United States,270.5,False
a161a4,United States,147.19,False
a5a878,United States,314.91,False
a041c3,United States,45.25,False
a7851c,United States,258.81,False
a80845,United States,65.29,False
aab805,United States,88.19,False
a7e839,United States,57.11,False
a91536,United States,319.6,False
a067f9,United States,55.07,False
a067f8,United States,102.47,False
a067f6,United States,265.5,False
a7987c,United States,49.45,False
a83bc1,United States,130.39,False
a6b554,United States,35.52,False
a067ec,United States,246.3,False
a0b7d9,United States,97.38,False
a79898,United States,239.5,False
a0b7ba,United States,1.03,False
adf0bb,United States,54.37,False
0d0d86,Mexico,11.83,True
a5325b,United States,228.33,False
ae6c7e,United States,59.68,False
a78557,United States,199.08,False
4a91f9,Sweden,117.14,False
acd0cf,United States,185.04,False
acd0ce,United States,112.79,False
4a91f8,Sweden,238.09,False
a96eb4,United States,261.89,False
86d90e,Japan,239.27,False
a677be,United States,132.62,False
a2d1a7,United States,48.43,False
a797b4,United States,226.92,False
a677bf,United States,32.03,False
ac2e20,United States,0.0,True
a4bd34,United States,46.27,False
ad18b0,United States,0.51,True
4951ca,Portugal,4.12,True
4951d3,Portugal,244.51,False
4951d4,Portugal,219.26,False
4951d7,Portugal,208.93,False
0d0d18,Mexico,199.94,False
a08a85,United States,178.97,False
ae0094,United States,172.88,False
a2f7ed,United States,55.86,False
a58d42,United States,72.32,False
a46d47,United States,209.03,False
aa68f2,United States,110.49,False
48ca40,Poland,160.1,False
aaa5b8,United States,201.1,False
40097e,United Kingdom,236.28,False
40097d,United Kingdom,4.12,True
aa55b5,United States,294.92,False
a677ca,United States,229.35,False
aaa5ae,United States,213.44,False
aaee43,United States,188.84,False
ab0e53,United States,175.35,False
ab0e54,United States,0.0,True
adf397,United States,62.87,False
ae006d,United States,251.32,False
aa9e1f,United States,38.84,False
ae006b,United States,274.58,False
488d84,Poland,40.52,False
a6c7bf,United States,52.97,False
a437ce,United States,232.53,False
aaee3b,United States,227.16,False
ab88ee,United States,307.4,False
ae009c,United States,256.7,False
ab0e4c,United States,0.64,True
400982,United Kingdom,228.86,False
400981,United Kingdom,246.44,False
400980,United Kingdom,257.93,False
a174f7,United States,200.9,False
0d0d38,Mexico,11.32,True
0d0d37,Mexico,204.83,False
a10d82,United States,192.44,False
a34d52,United States,110.46,False
a33a20,United States,222.07,False
a1c4d8,United States,190.54,False
a0b7fd,United States,217.21,False
a0b7fb,United States,250.53,False
a437d0,United States,44.99,False
a46d26,United States,224.35,False
a677e3,United States,96.24,False
440ca9,Austria,9.77,True
a83d18,United States,0.0,True
a304bb,United States,172.79,False
a1fa15,United States,58.28,False
aadb25,United States,54.37,False
aaa5d4,United States,84.96,False
400964,United Kingdom,92.73,False
a34d2f,United States,205.69,False
a46d11,United States,67.91,False
ace5b6,United States,0.64,True
ab62ad,United States,6.43,True
408041,United Kingdom,203.96,False
a8926a,United States,304.21,False
aaee71,United States,223.21,False
7821fc,China,227.11,False
a8e24d,United States,201.29,False
ac82a3,United States,54.77,False
a0b90a,United States,61.36,False
ac1b44,United States,221.9,False
a11fa1,United States,140.86,False
ab62d3,United States,197.27,False
ac95da,United States,0.06,True
408032,United Kingdom,224.33,False
a2e4fb,United States,52.72,False
a0b90e,United States,57.48,False
408034,United Kingdom,218.68,False
3c0caa,Germany,203.73,False
ac82b1,United States,42.34,False
84118c,Japan,267.4,False
a46d70,United States,264.58,False
a2d1bc,United States,268.74,False
a557c3,United States,182.1,False
a95bf7,United States,43.95,False
abc5e4,United States,90.96,False
aaa5ff,United States,0.0,True
4844c6,Kingdom of the Netherlands,21.61,True
392af1,France,102.28,False
392af2,France,6.17,True
a1b1bc,United States,187.22,False
392af8,France,217.46,False
ab62f8,United States,245.64,False
408011,United Kingdom,238.47,False
a46d4e,United States,5.66,True
392aeb,France,234.76,False
a34d82,United States,49.47,False
a46d4a,United States,243.18,False
ace5bb,United States,195.64,False
392aed,France,239.28,False
392aee,France,230.41,False
c01a4b,Canada,129.97,False
c02d7d,Canada,63.8,False
ae0005,United States,162.57,False
ae2669,United States,38.19,False
ab503a,United States,264.97,False
a05646,United States,238.33,False
440d6e,Austria,105.23,False
a11fe7,United States,217.67,False
a69a6c,United States,52.94,False
abc67f,United States,207.98,False
ac702e,United States,96.5,False
ab6394,United States,262.06,False
ad4cf2,United States,250.93,False
440d71,Austria,6.94,True
ae0029,United States,184.45,False
ae6cec,United States,62.5,False
ad9039,United States,259.29,False
ae0026,United States,207.15,False
a45a83,United States,43.69,False
adf344,United States,63.78,False
acd363,United States,35.4,False
a891e0,United States,0.0,True
a05627,United States,160.73,False
acc02b,United States,0.0,True
4857b3,Kingdom of the Netherlands,64.97,False
ae0017,United States,242.77,False
ae0016,United States,307.27,False
ae0015,United States,197.09,False
ae0011,United States,230.66,False
a7d4f4,United States,51.81,False
ae6cf2,United States,220.72,False
495298,Portugal,207.93,False
c01a71,Canada,223.14,False
ae000b,United States,185.66,False
495292,Portugal,180.92,False
495293,Portugal,0.0,True
400960,United Kingdom,215.16,False
ac7074,United States,126.7,False
ae0046,United States,185.59,False
a11ffd,United States,40.39,False
86d9b0,Japan,268.53,False
a6fd48,United States,96.02,False
ae269f,United States,31.8,False
0d0bc8,Mexico,58.15,False
a6b4c3,United States,125.7,False
a544ee,United States,246.64,False
ae003d,United States,201.9,False
86d9b8,Japan,226.0,False
aa9e6d,United States,213.27,False
760918,Pakistan,239.05,False
ac7088,United States,246.94,False
acc040,United States,280.95,False
40093f,United Kingdom,212.36,False
a7e7ad,United States,86.06,False
aa8b40,United States,218.64,False
400944,United Kingdom,1.03,True
a03038,United States,243.91,False
49526a,Portugal,201.11,False
49526b,Portugal,199.88,False
a95d2e,United States,138.09,False
495277,Portugal,197.14,False
ade022,United States,178.51,False
ae002e,United States,206.83,False
ae002d,United States,219.21,False
40092b,United Kingdom,0.45,True
a95d00,United States,234.13,False
ab509c,United States,45.42,False
ae0063,United States,272.89,False
aa42aa,United States,59.68,False
a531e8,United States,69.48,False
a11fda,United States,47.77,False
a95d09,United States,40.98,False
a6a1b4,United States,245.92,False
ae138e,United States,74.4,False
aa9e4a,United States,186.27,False
ae0059,United States,268.95,False
a95d13,United States,55.86,False
a1764a,United States,72.84,False
a57a84,United States,56.67,False
a71d5c,United States,79.55,False
aa68ee,United States,103.01,False
aa55bd,United States,202.98,False
a0566a,United States,243.0,False
a6fd56,United States,93.88,False
a5330d,United States,51.29,False
a04392,United States,203.33,False
aaffaa,United States,180.0,False
ad1927,United States,163.47,False
a80943,United States,41.48,False
ab761e,United States,244.18,False
a3900e,United States,97.24,False
a1a01c,United States,55.23,False
4007ed,United Kingdom,235.72,False
a15040,United States,108.11,False
a2f998,United States,43.24,False
aa9ca8,United States,115.24,False
a34cf7,United States,57.35,False
a29680,United States,200.88,False
a80931,United States,51.53,False
4007dc,United Kingdom,163.59,False
4007da,United Kingdom,161.09,False
adf1ef,United States,0.13,True
4c348c,Serbia,156.22,False
aaffd5,United States,27.3,False
a7e93b,United States,4.37,True
151d8c,Russian Federation,27.9,False
782377,China,169.16,False
4baac9,Turkey,224.36,False
4baac5,Turkey,264.38,False
4baad2,Turkey,178.34,False
4baad3,Turkey,239.99,False
a84fbe,United States,20.17,False
a7e941,United States,270.76,False
a6663b,United States,85.82,False
7105ad,Saudi Arabia,257.84,False
4baaca,Turkey,228.66,False
440d10,Austria,201.45,False
a29661,United States,49.41,False
a1635b,United States,219.2,False
a80952,United States,189.74,False
acf91a,United States,222.17,False
a5599e,United States,277.45,False
4baad6,Turkey,204.52,False
a30657,United States,0.0,True
ac2cb2,United States,229.87,False
a78633,United States,121.76,False
151d96,Russian Federation,27.63,False
0d0bb3,Mexico,121.62,False
ab1ffe,United States,178.97,False
48455a,Kingdom of the Netherlands,208.61,False
495213,Portugal,194.0,False
7105bb,Saudi Arabia,202.56,False
495214,Portugal,178.16,False
ab5002,United States,206.31,False
4baace,Turkey,237.32,False
495215,Portugal,221.64,False
495216,Portugal,226.24,False
ab6339,United States,258.26,False
484559,Kingdom of the Netherlands,3.09,True
abc649,United States,199.82,False
484558,Kingdom of the Netherlands,225.34,False
a82a7a,United States,80.63,False
a39052,United States,242.76,False
abd971,United States,276.24,False
484556,Kingdom of the Netherlands,207.97,False
484560,Kingdom of the Netherlands,108.8,False
aaa668,United States,240.66,False
ac2cca,United States,94.57,False
ace60c,United States,252.98,False
a60fb6,United States,75.32,False
485873,Kingdom of the Netherlands,7.72,True
485871,Kingdom of the Netherlands,213.03,False
485876,Kingdom of the Netherlands,199.48,False
a2838d,United States,43.3,False
a8e1f6,United States,207.64,False
a4001a,United States,79.55,False
a4cfb7,United States,158.8,False
a40027,United States,148.73,False
a39033,United States,58.32,False
151d4e,Russian Federation,217.25,False
a3afe8,United States,149.39,False
a2d359,United States,215.56,False
a80912,United States,80.1,False
a42680,United States,78.4,False
ad1986,United States,212.07,False
151d69,Russian Federation,230.23,False
ad9003,United States,268.8,False
a78605,United States,267.62,False
a95d93,United States,42.93,False
a95d96,United States,230.22,False
ab635d,United States,219.36,False
a40014,United States,24.4,False
a3901d,United States,234.57,False
151d52,Russian Federation,150.05,False
aaa68a,United States,115.44,False
ac2d85,United States,65.96,False
ab0d8d,United States,69.47,False
a95cde,United States,61.92,False
aada4d,United States,195.6,False
4ca9c1,Ireland,208.73,False
4ca9c2,Ireland,213.22,False
4ca9c3,Ireland,217.57,False
a9299f,United States,49.52,False
0c40c8,Dominican Republic,211.79,False
a7b015,United States,1.8,True
a22e14,United States,103.02,False
a7869b,United States,269.11,False
4ca9aa,Ireland,90.56,False
a7b013,United States,276.15,False
a8e32b,United States,69.63,False
aa437c,United States,38.8,False
4b5c19,Switzerland,7.46,True
a7d673,United States,266.14,False
484506,Kingdom of the Netherlands,231.02,False
440bcd,Austria,227.67,False
a3e07a,United States,297.11,False
4ca9d1,Ireland,151.25,False
ac81cc,United States,205.78,False
4ca9d2,Ireland,210.45,False
ac94fc,United States,225.69,False
a2c087,United States,223.67,False
4ca9d3,Ireland,226.64,False
4ca9d4,Ireland,209.12,False
a068fd,United States,54.26,False
ad04f2,United States,54.79,False
4ca9bc,Ireland,202.26,False
ac81d3,United States,209.68,False
4ca9ba,Ireland,211.96,False
4ca9bb,Ireland,140.39,False
c8216e,New Zealand,68.0,False
abfa65,United States,215.94,False
a8f646,United States,0.0,True
4ca9a9,Ireland,214.29,False
48ef35,Poland,34.69,False
461852,Finland,8.75,True
a9034c,United States,306.15,False
a76066,United States,269.04,False
a9aca5,United States,78.73,False
aa435b,United States,161.33,False
ae5a48,United States,50.2,False
ae11c5,United States,151.3,False
a10e29,United States,191.43,False
ae6d60,United States,62.38,False
a9acb8,United States,189.62,False
abb1de,United States,203.31,False
a10e23,United States,239.99,False
aa5691,United States,256.96,False
7585b3,Philippines,228.53,False
a09e47,United States,114.74,False
a4bcec,United States,107.08,False
a1b2a8,United States,177.87,False
a08b63,United States,53.92,False
a1fb1a,United States,181.43,False
ab890a,United States,272.67,False
4ca9eb,Ireland,131.28,False
aa699d,United States,51.32,False
acd1f6,United States,269.02,False
a83cae,United States,52.05,False
4ca9ec,Ireland,225.65,False
ad3a5f,United States,159.05,False
4ca9ea,Ireland,218.36,False
151d9e,Russian Federation,247.21,False
a9bfc9,United States,0.77,True
a33b07,United States,139.78,False
aa698f,United States,165.22,False
a042db,United States,217.84,False
a0ee78,United States,54.41,False
ae11bc,United States,157.15,False
a5468e,United States,106.15,False
a5dcde,United States,206.74,False
a305b0,United States,188.85,False
a78657,United States,48.8,False
a175f8,United States,169.77,False
a438c3,United States,0.0,True
ae5a57,United States,70.75,False
ae5a86,United States,45.1,False
a91616,United States,244.07,False
781002,China,259.56,False
781003,China,249.62,False
7c2632,Australia,65.44,False
781009,China,253.3,False
a76028,United States,230.48,False
a6a33f,United States,100.23,False
a042ae,United States,162.94,False
aab935,United States,57.14,False
aa5657,United States,169.46,False
4ca9cf,Ireland,200.76,False
a4008e,United States,120.47,False
4ca9cb,Ireland,219.72,False
4ca9cc,Ireland,210.01,False
ad3a7f,United States,203.5,False
a188eb,United States,42.7,False
a7d63e,United States,172.15,False
ae5a71,United States,56.45,False
a7c30f,United States,245.91,False
abd90c,United States,191.41,False
ab1fbb,United States,194.82,False
78100b,China,153.04,False
aa6974,United States,137.4,False
a6c98b,United States,62.8,False
a08b58,United States,170.71,False
a0ee3d,United States,54.91,False
4601f2,Finland,154.97,False
a5cf89,United States,33.93,False
a94f55,United States,22.73,False
a2b0cd,United States,280.47,False
a260ed,United States,218.85,False
aaba41,United States,231.88,False
4841c3,Kingdom of the Netherlands,252.42,False
4601f5,Finland,0.0,True
4841c5,Kingdom of the Netherlands,241.21,False
e49888,Brazil,192.27,False
4601f8,Finland,133.91,False
e49889,Brazil,88.4,False
a6dc42,United States,7.46,False
7822dd,China,237.39,False
4854cb,Kingdom of the Netherlands,246.53,False
7822f4,China,233.09,False
4854ca,Kingdom of the Netherlands,138.47,False
4854cf,Kingdom of the Netherlands,216.81,False
440a8d,Austria,255.25,False
ac74dd,United States,123.55,False
4854cd,Kingdom of the Netherlands,228.72,False
a4af9a,United States,63.78,False
4601fb,Finland,128.45,False
a68c67,United States,48.94,False
a44c70,United States,5.92,True
a403df,United States,221.63,False
a6a6fe,United States,262.51,False
a68c82,United States,192.9,False
47ba0d,Norway,7.72,True
a5bc79,United States,115.18,False
a7b3c2,United States,7.46,True
ac61bc,United States,2.57,True
a45f8e,United States,229.25,False
4bab2c,Turkey,126.6,False
e4985f,Brazil,80.26,False
4841a9,Kingdom of the Netherlands,221.1,False
ad81b9,United States,221.22,False
aacd96,United States,276.82,False
a69f9d,United States,209.68,False
abed68,United States,233.87,False
4841a5,Kingdom of the Netherlands,220.69,False
4bab48,Turkey,150.25,False
4bab45,Turkey,192.19,False
a56c9f,United States,128.68,False
abda54,United States,192.81,False
a0480b,United States,201.0,False
aaba75,United States,44.66,False
ae4d47,United States,4.63,True
3c7583,Germany,239.43,False
a1ec7a,United States,76.37,False
a3e3ac,United States,53.39,False
a776b2,United States,171.37,False
c82810,New Zealand,132.34,False
ac61db,United States,235.03,False
400683,United Kingdom,196.81,False
a5cf41,United States,152.31,False
a656bf,United States,37.27,False
a919c1,United States,11.32,True
acfa52,United States,81.85,False
a5cf2d,United States,0.0,True
a3f6f8,United States,75.59,False
40066c,United Kingdom,193.0,False
a69f49,United States,267.8,False
ad81cf,United States,5.92,True
a919ba,United States,275.24,False
c01ec6,Canada,209.9,False
a536f7,United States,53.17,False
a5bc25,United States,49.47,False
ab8a99,United States,54.84,False
acc4df,United States,44.09,False
ad1a4e,United States,237.57,False
ae4d67,United States,229.71,False
c07506,Canada,46.71,False
c08866,Canada,215.52,False
c08864,Canada,202.38,False
c08862,Canada,254.94,False
acb1e5,United States,230.04,False
a7d9e6,United States,67.5,False
a5cf66,United States,209.95,False
a9e161,United States,53.19,False
490d06,Portugal,230.93,False
a69f5f,United States,69.0,False
a08ec1,United States,47.98,False
c0885e,Canada,243.28,False
c01ee6,Canada,145.77,False
4867c4,Kingdom of the Netherlands,220.1,False
c06208,Canada,32.02,False
a789f6,United States,46.77,False
a15516,United States,238.01,False
c01ebb,Canada,7.72,True
7608eb,Pakistan,241.15,False
c0884f,Canada,188.33,False
a8f9a3,United States,184.72,False
a0dea6,United States,96.2,False
c00ba7,Canada,219.93,False
a1b878,United States,70.87,False
a7fc9e,United States,42.26,False
c060fd,Canada,65.16,False
a41852,United States,55.29,False
a1fef1,United States,94.95,False
a3e525,United States,241.31,False
758773,Philippines,1.8,True
758772,Philippines,225.57,False
758770,Philippines,91.25,False
a6dc9e,United States,55.8,False
a2886c,United States,212.84,False
a3d207,United States,48.79,False
a16879,United States,40.93,False
c82870,New Zealand,137.91,False
a33ead,United States,49.74,False
a21ed4,United States,267.62,False
a39517,United States,79.41,False
a08efd,United States,242.7,False
a1b842,United States,92.09,False
3c0d0c,Germany,250.28,False
a64529,United States,72.04,False
a03574,United States,240.11,False
a6583b,United States,221.82,False
abb7a3,United States,0.0,True
a33eb5,United States,7.46,True
a8c0d2,United States,228.25,False
a33eb1,United States,145.07,False
758724,Philippines,233.0,False
a32bf3,United States,83.86,False
c060bc,Canada,251.91,False
c060ba,Canada,248.81,False
a8c0a5,United States,42.66,False
ab8a09,United States,79.52,False
70c107,Oman,239.72,False
a38233,United States,49.11,False
70c101,Oman,237.72,False
a9f3c0,United States,65.85,False
a1427f,United States,113.41,False
a9f3ad,United States,213.81,False
4baac4,Turkey,205.37,False
4baac2,Turkey,214.44,False
a906f3,United States,153.51,False
c060c5,Canada,187.21,False
c060c7,Canada,158.39,False
a1ebf7,United States,36.38,False
a39554,United States,235.16,False
aa7d9a,United States,65.22,False
a39553,United States,80.45,False
a38223,United States,77.49,False
a32bba,United States,272.63,False
a8d3b4,United States,230.21,False
e49821,Brazil,142.94,False
a21efb,United States,132.14,False
a38211,United States,69.96,False
70c124,Oman,8.75,True
a3f834,United States,74.54,False
70c126,Oman,262.88,False
a3e509,United States,207.12,False
abb7de,United States,235.38,False
a20bf5,United States,47.96,False
a27567,United States,149.79,False
ac0d3e,United States,216.7,False
aaba1b,United States,290.84,False
758707,Philippines,230.47,False
a8d3c1,United States,106.04,False
ac620d,United States,50.2,False
a64578,United States,190.41,False
781149,China,248.47,False
ac0bc4,United States,179.29,False
acd83d,United States,156.68,False
404d0b,United Kingdom,69.27,False
7c1476,Australia,258.34,False
a3959d,United States,46.25,False
a7b520,United States,234.46,False
acc53e,United States,57.37,False
abfefd,United States,6.43,True
ad2bbe,United States,170.18,False
c00c67,Canada,53.39,False
a7fbbb,United States,198.63,False
a8e830,United States,197.0,False
ac6243,United States,197.49,False
c060b8,Canada,156.83,False
c060b7,Canada,113.89,False
c060b6,Canada,187.98,False
ab5592,United States,61.32,False
c060b2,Canada,144.7,False
a2c56d,United States,231.66,False
aba573,United States,230.99,False
ac7581,United States,74.51,False
4ca97a,Ireland,223.72,False
4ca97b,Ireland,239.37,False
484205,Kingdom of the Netherlands,1.54,True
4ca97c,Ireland,233.31,False
abebe0,United States,203.93,False
a8986c,United States,121.51,False
a6a88c,United States,237.43,False
a7650b,United States,278.05,False
a6eeb9,United States,169.8,False
ac6266,United States,197.04,False
a1b7ad,United States,117.8,False
a6451b,United States,39.95,False
a3f87d,United States,43.8,False
a1ed13,United States,86.27,False
ade548,United States,185.29,False
ade543,United States,0.0,True
a3e55b,United States,62.76,False
a5387d,United States,47.22,False
c827a3,New Zealand,213.26,False
a287ab,United States,222.85,False
48683f,Kingdom of the Netherlands,228.0,False
a2b29c,United States,49.68,False
a1b7b6,United States,228.95,False
c086bf,Canada,182.0,False
a6eed5,United States,188.91,False
a7c849,United States,233.14,False
a70eda,United States,245.35,False
aa350f,United States,255.8,False
ac6289,United States,198.37,False
a5255d,United States,26.37,False
a3d23c,United States,50.76,False
a047ca,United States,267.61,False
a06a02,United States,221.85,False
a90834,United States,239.59,False
a1b7a7,United States,69.72,False
a06a09,United States,203.93,False
758793,Philippines,247.54,False
a68bd7,United States,52.06,False
a047db,United States,0.45,True
a4f239,United States,250.63,False
a6587b,United States,222.76,False
ad8262,United States,117.14,False
a3828a,United States,11.83,True
a06a10,United States,39.39,False
ae189a,United States,109.97,False
a2b27b,United States,42.5,False
a06a12,United States,103.99,False
a394aa,United States,92.71,False
acb0e7,United States,249.86,False
ae03fb,United States,49.4,False
a99280,United States,189.2,False
a44d1c,United States,262.97,False
880857,Thailand,13.89,True
a154e6,United States,148.23,False
c0617c,Canada,226.85,False
70c0e1,Oman,269.32,False
c0617a,Canada,228.27,False
486804,Kingdom of the Netherlands,222.64,False
486803,Kingdom of the Netherlands,15.43,True
c06178,Canada,232.84,False
c06177,Canada,229.29,False
c06174,Canada,240.93,False
a1da13,United States,38.28,False
c06175,Canada,228.56,False
a394a7,United States,117.31,False
486800,Kingdom of the Netherlands,223.6,False
a657ae,United States,53.35,False
a657ad,United States,207.81,False
a657ac,United States,36.12,False
a417c2,United States,93.85,False
c827e9,New Zealand,221.32,False
c0616e,Canada,206.5,False
a56d1f,United States,88.14,False
a154bf,United States,38.42,False
a06a2d,United States,168.66,False
a55a02,United States,219.99,False
a56d31,United States,173.5,False
a777b8,United States,280.81,False
a657bf,United States,9.77,True
a99262,United States,199.71,False
a3f7f6,United States,54.41,False
a1b7e4,United States,194.31,False
c827f1,New Zealand,133.28,False
a287f3,United States,33.63,False
c0619d,Canada,226.13,False
a524c5,United States,248.01,False
3c0ca3,Germany,249.3,False
47480e,Hungary,4.63,True
c06196,Canada,248.32,False
3c0ca6,Germany,227.29,False
a7a28d,United States,253.94,False
c06197,Canada,248.89,False
c06193,Canada,221.61,False
a55a0c,United States,213.81,False
781101,China,252.24,False
4ca8e7,Ireland,212.46,False
c06145,Canada,60.15,False
c07478,Canada,28.92,False
aa2296,United States,45.0,False
4ca8e6,Ireland,205.16,False
3c61f3,Germany,8.75,False
a31a56,United States,231.87,False
aadead,United States,129.76,False
a2b1ab,United States,256.69,False
7586a0,Philippines,63.81,False
a8856d,United States,8.23,True
3a4994,France,147.41,False
add0ff,United States,37.84,False
4bab25,Turkey,237.78,False
4bab26,Turkey,254.25,False
4bab23,Turkey,250.17,False
4bab24,Turkey,229.91,False
7c6ddb,Australia,280.73,False
a417fe,United States,0.0,True
781112,China,217.61,False
ab5538,United States,73.92,False
7c6dd9,Australia,5.92,True
7c6dd7,Australia,150.27,False
a6dbf3,United States,64.14,False
a9087f,United States,209.47,False
78110e,China,257.05,False
a31a50,United States,272.76,False
ad3ea5,United States,46.79,False
a43a28,United States,59.59,False
4ca8da,Ireland,89.86,False
ae1830,United States,59.82,False
a0ba4e,United States,246.86,False
a1ed5f,United States,94.8,False
a6328d,United States,238.86,False
ab686f,United States,214.75,False
4ca8af,Ireland,204.61,False
ac0ba7,United States,193.59,False
aadee4,United States,43.47,False
a2c4c7,United States,72.24,False
a0cd8d,United States,87.98,False
4ca8d7,Ireland,238.96,False
4ca8d8,Ireland,244.51,False
a0ba69,United States,186.23,False
4ca8d4,Ireland,12.35,True
7c6db0,Australia,5.66,True
ac6204,United States,83.35,False
ac1ee1,United States,190.9,False
4ca8bd,Ireland,234.36,False
c0614d,Canada,205.76,False
acd838,United States,180.85,False
4baa44,Turkey,223.88,False
aa7e9a,United States,208.88,False
4baa43,Turkey,205.96,False
a631ba,United States,89.17,False
a67a53,United States,48.75,False
3c7438,Germany,225.25,False
a764e1,United States,42.7,False
a55a5b,United States,139.69,False
3c7439,Germany,256.82,False
ab42e6,United States,53.59,False
c00ceb,Canada,82.98,False
abdb35,United States,160.93,False
a28928,United States,258.32,False
4baa48,Turkey,200.78,False
a3d1ed,United States,71.89,False
0b429c,Guatemala,66.68,False
4baa49,Turkey,228.42,False
4baa46,Turkey,196.54,False
4baa56,Turkey,197.99,False
a31a7b,United States,265.53,False
4baa53,Turkey,173.01,False
a511f6,United States,172.34,False
3c0ac7,Germany,242.34,False
4baa52,Turkey,201.82,False
4baa50,Turkey,214.21,False
a21fa1,United States,192.44,False
888052,Viet Nam,244.41,False
ac62cc,United States,274.23,False
3c743a,Germany,249.85,False
a897e5,United States,61.84,False
4baa4d,Turkey,233.66,False
a897e4,United States,200.52,False
4baa4b,Turkey,197.91,False
ac75ee,United States,253.55,False
4baa4c,Turkey,223.54,False
acd8ea,United States,75.32,False
a93d4e,United States,69.06,False
758806,Philippines,241.35,False
4baa59,Turkey,196.66,False
a4f1e5,United States,197.82,False
4c31e0,Serbia,173.9,False
c06365,Canada,168.51,False
acb2c2,United States,4.89,True
c06361,Canada,165.28,False
c06360,Canada,151.03,False
c05030,Canada,185.09,False
c06363,Canada,177.47,False
add2b0,United States,213.57,False
c06362,Canada,180.9,False
aa7e7c,United States,239.58,False
3c0aca,Germany,238.35,False
aa7e7b,United States,0.77,True
a31a77,United States,238.49,False
aa7e7a,United States,234.3,False
3df746,Germany,52.58,False
a0ba96,United States,91.95,False
c0635a,Canada,165.48,False
c06358,Canada,172.31,False
c05029,Canada,52.6,False
c07684,Canada,0.0,True
c06356,Canada,148.69,False
aa7e79,United States,249.48,False
3df741,Germany,0.0,False
c07682,Canada,102.73,False
a5aa78,United States,201.18,False
a08fb3,United States,58.57,False
ae4e4a,United States,130.62,False
3c0acc,Germany,214.1,False
3c0acb,Germany,246.3,False
7c4a50,Australia,260.15,False
501e6e,Croatia,173.43,False
7c4a51,Australia,244.18,False
acb2ad,United States,217.02,False
a44d74,United States,73.21,False
aa6b43,United States,154.08,False
e48424,Brazil,135.42,False
a5bd8b,United States,92.35,False
4baa89,Turkey,231.24,False
a2d92a,United States,235.63,False
4baa87,Turkey,228.49,False
4baa84,Turkey,234.12,False
47bb0a,Norway,210.67,False
4baa81,Turkey,207.47,False
a21fd2,United States,0.0,True
a3d1b1,United States,221.1,False
a1696b,United States,259.15,False
a3e4e0,United States,48.23,False
a27633,United States,64.51,False
4baa7a,Turkey,238.4,False
a1ffd3,United States,49.13,False
a7c7a9,United States,224.27,False
a2d939,United States,167.18,False
a0232a,United States,174.93,False
a68d38,United States,265.91,False
a14324,United States,113.16,False
add2af,United States,38.6,False
a6a7ae,United States,60.65,False
a26308,United States,39.45,False
a524e1,United States,220.45,False
a1b948,United States,4.37,True
a20cb0,United States,77.27,False
a1a616,United States,44.2,False
a657f4,United States,10.8,True
a01016,United States,183.13,False
4baa8e,Turkey,236.85,False
acc5fb,United States,202.39,False
4baa8b,Turkey,148.63,False
a657f0,United States,30.39,False
4baa8c,Turkey,160.1,False
4baa8a,Turkey,234.53,False
a21fca,United States,62.21,False
a777bf,United States,159.82,False
a524db,United States,3.45,False
4868f7,Kingdom of the Netherlands,4.12,True
4baa67,Turkey,8.75,True
a7c7d2,United States,0.0,True
4baa63,Turkey,81.53,False
aa7e3a,United States,169.02,False
4baa4f,Turkey,236.94,False
a27614,United States,65.16,False
abdb8f,United States,62.26,False
400774,United Kingdom,230.58,False
4868e2,Kingdom of the Netherlands,213.55,False
399232,France,62.21,False
4baa75,Turkey,151.32,False
4baa76,Turkey,205.06,False
3c7425,Germany,244.2,False
4baa74,Turkey,153.36,False
c01ff2,Canada,144.48,False
3c7428,Germany,241.91,False
4baa70,Turkey,237.87,False
400772,United Kingdom,220.97,False
400771,United Kingdom,231.26,False
43eb83,United Kingdom,120.14,False
4868ba,Kingdom of the Netherlands,223.36,False
4baa6f,Turkey,207.74,False
4baa6e,Turkey,227.31,False
3c7421,Germany,243.05,False
a5aa1c,United States,215.81,False
a27609,United States,100.65,False
a6dd34,United States,80.25,False
a3d302,United States,187.53,False
aa372e,United States,46.77,False
a89915,United States,196.33,False
aa3736,United States,30.91,False
4ca912,Ireland,77.79,False
3df79d,Germany,0.0,False
acb39c,United States,36.88,False
a0103b,United States,0.0,True
a7ea7e,United States,144.86,False
7c4a00,Australia,110.59,False
add376,United States,227.72,False
c82744,New Zealand,237.91,False
ad705e,United States,197.77,False
a53975,United States,71.52,False
a2d965,United States,139.88,False
a2c635,United States,211.31,False
0b4216,Guatemala,0.0,True
a80a97,United States,249.04,False
4868b9,Kingdom of the Netherlands,240.63,False
abb8a0,United States,0.06,True
a1ecb9,United States,212.52,False
c82759,New Zealand,196.94,False
a39630,United States,236.96,False
a3e658,United States,228.58,False
a68ca6,United States,236.35,False
a69fd7,United States,118.86,False
a93d9f,United States,232.09,False
ab68e5,United States,44.41,False
a1ecc4,United States,47.72,False
a21fde,United States,54.37,False
a92a80,United States,170.8,False
ab68dd,United States,259.43,False
a1699a,United States,251.53,False
a1433a,United States,74.41,False
a1300a,United States,73.77,False
a9e1be,United States,266.02,False
abb8c4,United States,190.01,False
a3e65d,United States,85.44,False
ab68f9,United States,206.05,False
a02369,United States,59.41,False
a01037,United States,256.9,False
a5cfd6,United States,36.53,False
86eb2e,Japan,274.53,False
a69fcb,United States,255.12,False
a52661,United States,53.99,False
a871cf,United States,182.75,False
a93d89,United States,37.13,False
a93d7c,United States,185.83,False
a80a69,United States,196.57,False
a3f91e,United States,302.29,False
a8d4f3,United States,78.69,False
a7b4ea,United States,0.06,True
a8d4f6,United States,69.96,False
a8d4ef,United States,3.09,True
a44cda,United States,256.49,False
ad2e37,United States,54.99,False
a1a697,United States,149.32,False
4ca95e,Ireland,68.38,False
a1ecfd,United States,209.9,False
a25058,United States,62.8,False
888090,Viet Nam,238.14,False
aba5b2,United States,96.4,False
0b4259,Guatemala,64.31,False
a2b348,United States,194.64,False
a26381,United States,240.49,False
a44cca,United States,192.03,False
495037,Portugal,75.86,False
495038,Portugal,213.62,False
4ca961,Ireland,224.94,False
a37012,United States,56.9,False
ac62a9,United States,184.96,False
a5392d,United States,53.47,False
45d069,Denmark,231.74,False
a02390,United States,206.97,False
acc5aa,United States,229.87,False
4ca935,Ireland,151.45,False
0b4245,Guatemala,68.85,False
ab8b3e,United States,173.96,False
45d068,Denmark,252.42,False
48436f,Kingdom of the Netherlands,263.63,False
48436e,Kingdom of the Netherlands,261.31,False
a2768c,United States,199.73,False
a8d4d2,United States,198.38,False
758814,Philippines,251.84,False
a2766f,United States,258.56,False
a7a1e8,United States,232.57,False
a39662,United States,0.0,True
ad2e57,United States,49.54,False
ab8b56,United States,275.87,False
484370,Kingdom of the Netherlands,283.81,False
4ca947,Ireland,243.33,False
4a068d,Romania,139.99,False
a14380,United States,206.12,False
ab42cb,United States,52.71,False
a39668,United States,193.49,False
ab5689,United States,87.81,False
a048d1,United States,0.0,True
a68cfd,United States,268.93,False
a8d63b,United States,138.71,False
ac6335,United States,151.16,False
a1b8a6,United States,170.43,False
ad9645,United States,284.72,False
4ca891,Ireland,214.83,False
ad9646,United States,239.36,False
4ca892,Ireland,243.44,False
a5137a,United States,283.1,False
acc62f,United States,203.17,False
ad830f,United States,62.82,False
a8996b,United States,171.82,False
ac0cf8,United States,187.76,False
ab3041,United States,0.0,True
aa234a,United States,199.09,False
aa7ced,United States,5.14,True
ac899c,United States,53.15,False
ac501e,United States,199.69,False
a63388,United States,277.56,False
4ca84f,Ireland,74.13,False
770591,Sri Lanka,83.99,False
4ca84c,Ireland,226.91,False
4ca84d,Ireland,137.19,False
4ca84a,Ireland,235.26,False
a4f397,United States,71.66,False
a75378,United States,52.18,False
ab436f,United States,225.43,False
acd99a,United States,205.63,False
4ca854,Ireland,209.9,False
4ca855,Ireland,220.86,False
a94fe3,United States,221.27,False
a44cfd,United States,106.19,False
ad2ce1,United States,194.77,False
4ca852,Ireland,223.31,False
a8d635,United States,250.79,False
aa365c,United States,35.65,False
ac5041,United States,210.95,False
a40694,United States,0.9,True
a7668a,United States,252.13,False
3c60aa,Germany,244.34,False
4258f0,United Kingdom,9.26,True
a4e05e,United States,63.81,False
a288e4,United States,238.44,False
aca01a,United States,54.57,False
a07e5e,United States,47.42,False
a6dca0,United States,46.37,False
a44e06,United States,55.03,False
a6efcc,United States,45.27,False
e495fc,Brazil,216.51,False
a022c4,United States,246.47,False
ad7028,United States,93.77,False
a19e61,United States,239.12,False
a18b38,United States,56.65,False
aa3646,United States,270.66,False
aa2311,United States,199.54,False
486954,Kingdom of the Netherlands,112.4,False
aa8fe2,United States,54.99,False
4ca88c,Ireland,233.91,False
a07e3a,United States,53.13,False
a6598e,United States,248.82,False
c087f9,Canada,5.4,True
aa8fd9,United States,282.23,False
aa8fd8,United States,50.08,False
c00d51,Canada,202.28,False
4ca893,Ireland,207.51,False
e495de,Brazil,123.73,False
a1b8c5,United States,135.82,False
e495df,Brazil,225.33,False
c087cf,Canada,58.17,False
adc023,United States,52.48,False
acb35c,United States,30.97,False
a06b1b,United States,118.33,False
c074a9,Canada,27.97,False
a06b1a,United States,40.41,False
4005be,United Kingdom,246.53,False
c00d42,Canada,81.56,False
ab9e05,United States,50.16,False
aa4953,United States,136.92,False
a50048,United States,82.11,False
ab5600,United States,147.79,False
424690,United Kingdom,236.3,False
a06b6b,United States,189.72,False
a0ce88,United States,173.21,False
a262ae,United States,194.23,False
a262ad,United States,218.69,False
aa7e20,United States,62.5,False
a68e14,United States,131.46,False
a1a5cf,United States,196.54,False
a262d4,United States,261.59,False
a9e37f,United States,68.12,False
aa7e16,United States,0.0,True
a525c9,United States,50.22,False
a18b71,United States,219.26,False
a98082,United States,84.13,False
a1ee64,United States,56.02,False
a9e391,United States,0.0,True
a0ce7f,United States,59.9,False
4bbd06,Turkey,226.53,False
a658d8,United States,38.59,False
a525d5,United States,50.82,False
a1b8ee,United States,227.46,False
a18b41,United States,0.0,True
a1db21,United States,231.5,False
abb930,United States,196.16,False
a98051,United States,230.1,False
a3d2b4,United States,45.17,False
a288fe,United States,46.03,False
a288ff,United States,220.74,False
a98057,United States,75.53,False
a022e2,United States,221.12,False
a68e38,United States,73.41,False
a1ee2c,United States,2.06,True
ac760d,United States,197.7,False
a55b36,United States,7.65,False
a9d031,United States,264.85,False
a5be2d,United States,33.45,False
e48386,Brazil,138.06,False
a3e5ea,United States,52.9,False
ab5648,United States,0.0,True
a8b024,United States,122.17,False
038227,Côte d'Ivoire,242.56,False
4baa09,Turkey,116.23,False
a3f8b8,United States,225.79,False
aba60f,United States,150.16,False
a8c34c,United States,203.8,False
ac0cab,United States,100.83,False
c07588,Canada,82.43,False
ad3fbd,United States,6.17,False
ac0cae,United States,19.59,False
aa1076,United States,49.9,False
abb94f,United States,123.07,False
424655,United Kingdom,234.28,False
a2b2d2,United States,39.88,False
0d09be,Mexico,238.49,False
490d86,Portugal,69.04,False
ac763e,United States,0.0,True
ad3fcf,United States,51.35,False
4601fd,Finland,119.87,False
4601fc,Finland,61.2,False
abb972,United States,257.07,False
a1db63,United States,62.81,False
0d09d4,Mexico,186.87,False
aba648,United States,90.58,False
0d09d7,Mexico,121.65,False
acd964,United States,131.11,False
ad3fd9,United States,230.2,False
a2c5db,United States,205.46,False
a3e5a3,United States,61.18,False
ac0cc9,United States,45.27,False
781250,China,247.88,False
a86064,United States,309.75,False
a56e0d,United States,265.34,False
a8c32a,United States,168.39,False
3c0c9e,Germany,218.27,False
a32e7e,United States,115.62,False
ad9642,United States,247.25,False
4ca7b9,Ireland,213.28,False
4ca7b6,Ireland,145.4,False
a7538f,United States,181.67,False
ade609,United States,3.86,True
4bbd0e,Turkey,207.15,False
4ca7b3,Ireland,232.15,False
0d09e3,Mexico,222.89,False
0d09e5,Mexico,247.47,False
a382b6,United States,264.39,False
4bbd0a,Turkey,204.5,False
abecc8,United States,161.67,False
501dc4,Croatia,154.75,False
a3e5b6,United States,69.49,False
ac7658,United States,2.06,True
a8603e,United States,131.41,False
a2fb32,United States,74.26,False
ab5682,United States,69.26,False
0d09df,Mexico,113.32,False
a1ea70,United States,9.77,True
a82d29,United States,38.45,False
abfe42,United States,35.83,False
aa32c4,United States,41.0,False
ad3e36,United States,189.39,False
ab65e2,United States,53.11,False
c0730e,Canada,93.41,False
a2c1bd,United States,239.53,False
88816e,Viet Nam,71.65,False
a05923,United States,212.53,False
c02ff6,Canada,196.57,False
a3f4ea,United States,289.52,False
abb5bf,United States,8.75,True
a7d7b2,United States,64.51,False
ac72a4,United States,40.38,False
aa45e7,United States,276.86,False
a7d7b5,United States,85.72,False
abfe52,United States,48.02,False
888174,Viet Nam,200.55,False
888175,Viet Nam,224.98,False
a94d27,United States,31.91,False
a0a900,United States,69.97,False
ace8bd,United States,51.91,False
abb5c9,United States,182.87,False
add090,United States,82.12,False
aade5d,United States,37.33,False
abb5c3,United States,213.24,False
c02fe7,Canada,0.06,True
a07a7b,United States,48.94,False
abeb31,United States,245.14,False
a9f294,United States,189.17,False
a2c1b6,United States,180.26,False
5084d1,Ukraine,225.55,False
ad92a2,United States,135.1,False
a6ed3b,United States,197.82,False
a904a6,United States,208.29,False
ab52d8,United States,57.29,False
ac85ce,United States,272.16,False
acd5ba,United States,48.83,False
4ca6aa,Ireland,153.51,False
a641bf,United States,68.94,False
a69d80,United States,181.09,False
a641bd,United States,151.33,False
a654ec,United States,51.91,False
aacb4a,United States,244.46,False
aa8e3e,United States,55.73,False
a33d68,United States,221.58,False
a917b1,United States,156.68,False
e4962d,Brazil,227.05,False
a427eb,United States,179.62,False
e4962e,Brazil,149.91,False
a654f9,United States,45.81,False
a0ca73,United States,239.77,False
a05910,United States,5.66,True
a69d6e,United States,84.18,False
a4ad7f,United States,10.29,True
88817c,Viet Nam,241.3,False
a641c9,United States,134.51,False
ac1e81,United States,139.13,False
e4967f,Brazil,209.15,False
ae5e4b,United States,116.5,False
a6b7a0,United States,42.1,False
88812d,Viet Nam,257.99,False
88812a,Viet Nam,274.7,False
a8d27e,United States,179.69,False
ac0b61,United States,155.8,False
ac0b74,United States,163.38,False
888139,Viet Nam,236.92,False
a547e9,United States,56.31,False
44d2b6,Belgium,238.67,False
ab9b81,United States,192.83,False
44d2ab,Belgium,227.03,False
44d2aa,Belgium,231.69,False
a04641,United States,263.78,False
ad3e85,United States,46.13,False
ad3e82,United States,52.66,False
a57d42,United States,234.69,False
a44a6d,United States,1.03,True
49d5ee,Czech Republic,231.24,False
e49699,Brazil,208.16,False
a3f4bd,United States,40.67,False
888167,Viet Nam,284.28,False
888165,Viet Nam,247.04,False
a2c1ec,United States,263.23,False
a3f4d7,United States,183.37,False
a32a94,United States,265.39,False
ade2b8,United States,5.14,True
a57d52,United States,239.71,False
02a194,Tunisia,238.85,False
ac0b80,United States,220.85,False
c01ca9,Canada,193.2,False
ae02d4,United States,58.57,False
a16600,United States,144.13,False
888152,Viet Nam,273.33,False
a0a91f,United States,259.2,False
a3e1b7,United States,80.53,False
c02fc8,Canada,58.42,False
a2e93c,United States,211.98,False
a1797d,United States,64.31,False
ab406f,United States,67.85,False
acb045,United States,41.64,False
a22fcb,United States,107.07,False
a7fa4c,United States,205.62,False
a30961,United States,186.92,False
a2994c,United States,37.18,False
a1b625,United States,89.47,False
a14008,United States,228.82,False
add012,United States,57.44,False
3e167d,Germany,53.15,False
478e00,Norway,0.0,True
4ca806,Ireland,229.43,False
a82d92,United States,63.5,False
a2e935,United States,210.98,False
4ca804,Ireland,202.05,False
4ca801,Ireland,196.25,False
a22fda,United States,209.27,False
a66935,United States,251.09,False
a0efd1,United States,70.46,False
a16639,United States,57.29,False
a04653,United States,45.86,False
a78922,United States,234.11,False
a04655,United States,72.08,False
4002ad,United Kingdom,64.75,False
e481cf,Brazil,169.74,False
a2e928,United States,129.57,False
4002b4,United Kingdom,237.11,False
a7fa76,United States,232.81,False
a1c935,United States,193.4,False
a4bfc1,United States,157.68,False
ae036d,United States,85.71,False
02a0ad,Tunisia,0.0,True
a1b674,United States,61.43,False
4ca82e,Ireland,234.33,False
a894d9,United States,54.61,False
c071c3,Canada,168.65,False
a94d4d,United States,103.92,False
a1c997,United States,208.46,False
a1fccc,United States,188.47,False
7811aa,China,186.76,False
a641f1,United States,222.5,False
a03399,United States,209.69,False
ac98ac,United States,245.56,False
a56a94,United States,37.48,False
a26025,United States,0.0,True
a68a5d,United States,164.98,False
a1a32a,United States,24.85,False
4ca849,Ireland,232.5,False
a0205c,United States,188.94,False
ac1e0d,United States,252.17,False
aa7b78,United States,0.0,True
a16678,United States,201.63,False
4ca80b,Ireland,255.76,False
4ca80c,Ireland,178.82,False
70605a,Kuwait,271.68,False
a68a81,United States,187.99,False
a03367,United States,40.9,False
4ca813,Ireland,215.67,False
a16670,United States,78.3,False
4ca810,Ireland,217.72,False
a7fa2d,United States,161.06,False
a2730d,United States,184.47,False
a68a95,United States,272.4,False
a0dcf7,United States,52.06,False
abfe1c,United States,150.84,False
c084ec,Canada,28.16,False
acb096,United States,65.46,False
a26006,United States,48.12,False
487997,Kingdom of the Netherlands,63.28,False
ad08bd,United States,195.11,False
a1fcc5,United States,238.69,False
abc8d2,United States,58.15,False
aa7b54,United States,212.72,False
abb5a3,United States,248.92,False
aaa96f,United States,132.72,False
4ca760,Ireland,190.13,False
a69ccb,United States,230.83,False
4a0483,Romania,126.45,False
a95fbe,United States,209.22,False
4bcde6,Turkey,242.41,False
c084b6,Canada,55.36,False
a3936e,United States,56.23,False
4bcdf0,Turkey,232.92,False
a3f694,United States,45.44,False
3ce8e8,Germany,209.17,False
4ca770,Ireland,227.18,False
486648,Kingdom of the Netherlands,206.18,False
ab5335,United States,200.87,False
4bcdeb,Turkey,268.07,False
ac2fea,United States,6.43,True
a27380,United States,0.0,True
a08e04,United States,51.97,False
a3d039,United States,216.76,False
abfcb6,United States,215.19,False
4ca75f,Ireland,209.84,False
a2d695,United States,152.31,False
a77645,United States,262.22,False
a26066,United States,103.24,False
c084a3,Canada,246.13,False
a2d686,United States,36.16,False
4ca766,Ireland,4.37,True
4ca761,Ireland,179.3,False
4ca763,Ireland,81.26,False
478ce7,Norway,140.86,False
394c18,France,244.8,False
4bcdba,Turkey,232.13,False
a2602c,United States,211.2,False
aa596c,United States,11.83,True
78006a,China,6.94,True
ab400f,United States,91.57,False
a7b315,United States,37.07,False
a7c643,United States,72.15,False
a69cf0,United States,142.0,False
4ca736,Ireland,222.6,False
4ca737,Ireland,207.77,False
78139f,China,210.9,False
c071a4,Canada,242.58,False
4ca733,Ireland,232.25,False
ab4024,United States,86.43,False
4ca730,Ireland,64.94,False
4ca73b,Ireland,2.31,True
4ca73d,Ireland,238.63,False
aa8cb2,United States,227.98,False
c084b9,Canada,105.87,False
4ca73a,Ireland,1.03,True
acd61e,United States,317.74,False
4bcdd5,Turkey,222.41,False
a2c336,United States,192.11,False
4bcde3,Turkey,229.48,False
a78997,United States,96.6,False
acc302,United States,225.95,False
4bcde1,Turkey,267.87,False
a65692,United States,85.71,False
c00a0b,Canada,0.64,True
ab5365,United States,262.77,False
a15397,United States,126.31,False
4ca740,Ireland,131.03,False
40039d,United Kingdom,237.92,False
4ca741,Ireland,220.22,False
ac865a,United States,4.63,True
a0de19,United States,153.87,False
abfcda,United States,233.84,False
acc31a,United States,174.65,False
aa594a,United States,272.7,False
a6ffa7,United States,231.24,False
acd64b,United States,0.0,True
a38082,United States,177.07,False
a2b081,United States,146.1,False
ac6025,United States,228.89,False
aa9fbb,United States,62.11,False
4ca798,Ireland,210.28,False
a26093,United States,133.21,False
ac733b,United States,220.27,False
a78945,United States,221.02,False
ace96c,United States,283.9,False
a3e329,United States,9.32,False
ace96a,United States,8.23,True
a4acae,United States,212.61,False
ad3cdf,United States,179.54,False
a58fdf,United States,201.02,False
a7fa94,United States,226.79,False
a9191d,United States,211.77,False
adf61a,United States,73.19,False
ab5383,United States,209.2,False
a4acb8,United States,140.2,False
ade339,United States,191.25,False
4ca782,Ireland,105.58,False
394c0a,France,220.91,False
a2606d,United States,106.44,False
a4acbd,United States,0.0,True
a69cb5,United States,181.17,False
a66970,United States,217.95,False
4ca76f,Ireland,166.79,False
a6ffc3,United States,271.25,False
acc350,United States,0.0,True
4ca76a,Ireland,245.06,False
a1a39b,United States,49.05,False
a7d933,United States,118.95,False
acc359,United States,0.0,True
a6b94a,United States,211.0,False
e494bb,Brazil,97.14,False
e494bc,Brazil,239.28,False
ad8037,United States,18.93,False
ad3cf3,United States,171.91,False
a6ffb7,United States,0.51,True
a1a397,United States,32.04,False
449681,Belgium,217.25,False
a058d8,United States,173.81,False
a178ae,United States,189.19,False
a08e28,United States,50.0,False
449683,Belgium,234.02,False
a5232b,United States,178.14,False
a5365d,United States,217.08,False
ad933e,United States,46.3,False
adf63b,United States,4.37,True
acd675,United States,252.2,False
abb68c,United States,225.04,False
a69caf,United States,133.56,False
a2d5a0,United States,135.46,False
781300,China,222.37,False
a07b3e,United States,3.6,True
a8d365,United States,211.85,False
a032bb,United States,245.29,False
aa58a6,United States,229.78,False
a08e82,United States,197.53,False
adf4e9,United States,100.99,False
e48273,Brazil,212.47,False
e48274,Brazil,164.96,False
ae01d2,United States,110.53,False
a7506a,United States,183.86,False
a88382,United States,57.0,False
a9903a,United States,223.47,False
a4ae10,United States,119.83,False
a6308e,United States,40.07,False
a33e25,United States,59.64,False
a4f08d,United States,46.95,False
a19b2f,United States,93.82,False
a178de,United States,257.84,False
888123,Viet Nam,273.95,False
a87078,United States,188.92,False
ade1cd,United States,3.6,True
acc1eb,United States,228.56,False
ac0a9e,United States,253.16,False
ae01f9,United States,154.09,False
acc1ee,United States,178.18,False
abc912,United States,61.41,False
780005,China,239.16,False
a33e08,United States,257.58,False
a8c028,United States,68.94,False
ae01cf,United States,121.14,False
4a29f9,Romania,226.88,False
a8e687,United States,73.92,False
78132a,China,243.76,False
a4ae1f,United States,129.51,False
a69e14,United States,47.33,False
a0a8df,United States,238.13,False
a8d327,United States,190.5,False
4ca6a6,Ireland,213.38,False
781344,China,197.36,False
ad0919,United States,114.47,False
a0de99,United States,0.0,True
4864ec,Kingdom of the Netherlands,10.29,True
4ca6a4,Ireland,213.99,False
4864ed,Kingdom of the Netherlands,10.8,True
a032fd,United States,65.58,False
a6568c,United States,51.49,False
a3d074,United States,175.9,False
a9afe7,United States,263.75,False
a9f302,United States,10.29,True
abb604,United States,81.21,False
a88335,United States,250.68,False
a428ee,United States,60.91,False
4ca6b3,Ireland,232.95,False
a07b8f,United States,176.12,False
a45e3a,United States,93.92,False
ae01ee,United States,91.62,False
a6a66f,United States,46.57,False
a77687,United States,162.82,False
ae4a7c,United States,109.33,False
a1eb49,United States,36.64,False
781361,China,245.99,False
aaa954,United States,264.85,False
a272b8,United States,76.65,False
a5106e,United States,72.75,False
a285da,United States,65.85,False
a32b22,United States,58.21,False
a1b5e7,United States,246.28,False
ab662f,United States,38.42,False
a1b5e2,United States,48.05,False
ac2fc3,United States,204.39,False
ae291a,United States,1.8,True
a33e4a,United States,212.43,False
aa466f,United States,266.45,False
a6306c,United States,45.18,False
a8f971,United States,50.93,False
abb624,United States,0.0,True
c01bea,Canada,79.87,False
a9afbe,United States,44.16,False
a20b45,United States,38.28,False
a91993,United States,65.13,False
e49528,Brazil,104.36,False
ac0c41,United States,191.95,False
4853d0,Kingdom of the Netherlands,245.09,False
4ca5c8,Ireland,100.49,False
4866ed,Kingdom of the Netherlands,237.04,False
a82e3c,United States,150.48,False
a44b5e,United States,89.61,False
4ca5c6,Ireland,222.48,False
4866ee,Kingdom of the Netherlands,218.73,False
a45e8a,United States,104.96,False
a642b4,United States,91.35,False
a895b0,United States,152.27,False
a5bb1e,United States,61.86,False
abec26,United States,210.16,False
4853d2,Kingdom of the Netherlands,211.25,False
4853d3,Kingdom of the Netherlands,176.01,False
ac73b2,United States,78.72,False
adf6a6,United States,95.81,False
c00ab9,Canada,46.85,False
e49526,Brazil,106.48,False
ac1f82,United States,263.98,False
48ea01,Poland,240.82,False
e4952b,Brazil,155.35,False
4866df,Kingdom of the Netherlands,210.34,False
a82e2e,United States,237.31,False
4866de,Kingdom of the Netherlands,236.49,False
e4952f,Brazil,197.56,False
706136,Kuwait,195.01,False
a1eb7a,United States,54.55,False
a8f8e4,United States,76.68,False
c01dcb,Canada,223.76,False
a6ee47,United States,231.21,False
a392f2,United States,7.2,True
341682,Spain,218.17,False
501c15,Croatia,218.58,False
501c44,Croatia,219.34,False
a0cb7a,United States,48.94,False
4bce42,Turkey,181.7,False
501c43,Croatia,149.42,False
ac0c64,United States,230.35,False
a81b2a,United States,5.14,True
501c42,Croatia,169.05,False
ab53f1,United States,221.35,False
501c2f,Croatia,223.9,False
a70e86,United States,188.87,False
a70e7a,United States,202.33,False
ac86ee,United States,16.46,True
a8c08e,United States,33.85,False
4bce47,Turkey,225.58,False
4bce46,Turkey,225.06,False
ac73d5,United States,46.04,False
501c49,Croatia,235.65,False
4bbb21,Turkey,263.32,False
48c9cf,Poland,229.96,False
ae5f3a,United States,191.15,False
a4ae9b,United States,1.54,True
a6a5e4,United States,42.7,False
a895c6,United States,53.47,False
aa46cb,United States,116.94,False
abec4d,United States,192.72,False
3d085a,Germany,97.24,False
a69e98,United States,43.73,False
a6db36,United States,52.93,False
a4ae48,United States,145.09,False
a535c2,United States,269.88,False
ab40e8,United States,183.03,False
43c6fb,United Kingdom,183.49,False
a655ab,United States,279.78,False
a9e071,United States,29.18,False
ab40f7,United States,222.39,False
aa46ae,United States,182.12,False
abec6c,United States,219.46,False
a8c094,United States,217.75,False
501c4a,Croatia,239.06,False
a7a077,United States,61.66,False
acc3f7,United States,253.59,False
a5bb16,United States,218.02,False
c01dac,Canada,227.12,False
abec90,United States,225.56,False
e4953d,Brazil,251.81,False
48ea4d,Poland,218.53,False
a03401,United States,47.92,False
3c8502,Germany,244.07,False
a9e038,United States,0.0,False
ad93f0,United States,266.44,False
ac60ea,United States,62.04,False
a9f36f,United States,206.66,False
ac60ef,United States,206.74,False
401853,United Kingdom,57.49,False
ae5f94,United States,176.82,False
49d4eb,Czech Republic,286.48,False
86da40,Japan,252.27,False
c00b9d,Canada,174.31,False
a7fb7d,United States,4.12,True
48418d,Kingdom of the Netherlands,229.12,False
a19aaa,United States,228.08,False
a9f2d5,United States,35.73,False
a19ab1,United States,173.54,False
86da38,Japan,267.57,False
a08dfd,United States,256.1,False
a41722,United States,146.28,False
a0345f,United States,234.9,False
c00b8a,Canada,168.88,False
a1fdb4,United States,46.49,False
3cc247,Germany,0.0,False
e480f9,Brazil,130.63,False
aadf05,United States,80.8,False
e480dc,Brazil,233.1,False
a882f8,United States,107.45,False
a1a401,United States,46.53,False
a07ab8,United States,178.99,False
8881c6,Viet Nam,1.03,True
484186,Kingdom of the Netherlands,134.18,False
a4ada1,United States,81.81,False
a4ada2,United States,168.33,False
acb17b,United States,91.6,False
add159,United States,93.63,False
a81b9d,United States,51.35,False
8881ab,Viet Nam,217.63,False
48548d,Kingdom of the Netherlands,113.88,False
ab66b0,United States,28.8,False
4243fa,United Kingdom,5.66,True
50848a,Ukraine,199.7,False
48415f,Kingdom of the Netherlands,228.51,False
7812bd,China,231.5,False
a2b10f,United States,209.96,False
a68b85,United States,44.09,False
a2c43b,United States,79.19,False
c085fd,Canada,12.89,False
a2b10d,United States,251.58,False
4bcda9,Turkey,231.37,False
4bcda6,Turkey,140.84,False
aacc07,United States,283.54,False
4bcda5,Turkey,232.07,False
4bcda2,Turkey,227.71,False
a41774,United States,52.63,False
c00b71,Canada,110.11,False
4bcdb0,Turkey,193.58,False
484162,Kingdom of the Netherlands,92.88,False
484161,Kingdom of the Netherlands,228.56,False
ac1f1a,United States,206.75,False
48414c,Kingdom of the Netherlands,234.88,False
a2d76a,United States,273.1,False
4bcdaa,Turkey,218.75,False
a44aa2,United States,275.09,False
a2c440,United States,0.0,True
add16d,United States,229.12,False
4bcdb6,Turkey,131.67,False
a44aa8,United States,203.28,False
acb193,United States,23.16,False
4bcdb5,Turkey,219.9,False
4bcdb3,Turkey,224.97,False
4ca727,Ireland,224.02,False
4bcdae,Turkey,85.19,False
4bcdac,Turkey,180.58,False
4bcdab,Turkey,269.17,False
aa7c95,United States,39.7,False
c00b7c,Canada,202.28,False
c00b7e,Canada,257.99,False
ac0c24,United States,130.15,False
c00b7d,Canada,265.55,False
a3f701,United States,39.31,False
a1fde8,United States,24.78,False
484132,Kingdom of the Netherlands,9.26,True
a93b25,United States,44.14,False
a3942a,United States,92.12,False
3cc243,Germany,0.0,True
ac86af,United States,242.3,False
a0cac6,United States,199.96,False
abec03,United States,8.23,True
a38109,United States,170.51,False
a1a435,United States,246.95,False
a41743,United States,265.92,False
4a5df7,Romania,229.27,False
ad2c19,United States,236.09,False
abff3b,United States,119.88,False
c00b78,Canada,145.21,False
a6ee8e,United States,275.97,False
4ca708,Ireland,199.19,False
ace9ba,United States,225.09,False
e480fa,Brazil,245.48,False
a0ddfb,United States,220.12,False
484130,Kingdom of the Netherlands,3.09,True
c00b80,Canada,264.97,False
a5bb8e,United States,46.44,False
ae0405,United States,269.35,False
aa344e,United States,7.46,True
a7b40e,United States,263.3,False
a81aa2,United States,98.54,False
a9072b,United States,100.39,False
a2b156,United States,95.99,False
a5cde9,United States,55.39,False
a3d150,United States,205.25,False
aa477b,United States,130.16,False
c87efe,New Zealand,0.0,True
c87efd,New Zealand,0.0,True
a0a9b2,United States,118.84,False
ab4126,United States,225.38,False
ac0aac,United States,206.61,False
a1419e,United States,41.16,False
a2b154,United States,145.15,False
a4f143,United States,88.86,False
4ca63a,Ireland,11.83,True
abfdd1,United States,238.71,False
8880f7,Viet Nam,277.43,False
4ca645,Ireland,228.9,False
4ca646,Ireland,220.19,False
ad3dc4,United States,40.43,False
780191,China,245.09,False
ae1729,United States,59.96,False
a77769,United States,195.22,False
a40469,United States,207.21,False
aa342a,United States,62.09,False
aacad4,United States,219.6,False
a38141,United States,0.06,True
3c71a4,Germany,230.81,False
a3813b,United States,225.07,False
405f13,United Kingdom,4.12,True
ac6118,United States,209.24,False
405f11,United Kingdom,217.04,False
a7faa4,United States,68.76,False
aacad8,United States,240.88,False
4ca614,Ireland,225.16,False
ac876b,United States,22.92,False
4bccaa,Turkey,97.44,False
a2615d,United States,47.7,False
4ca61f,Ireland,1.03,True
486741,Kingdom of the Netherlands,228.51,False
aa7aa6,United States,4.63,True
4ca61b,Ireland,232.81,False
a6ede5,United States,277.83,False
4bccb9,Turkey,225.28,False
4ca61c,Ireland,230.55,False
c00b35,Canada,242.03,False
4ca61d,Ireland,241.59,False
486740,Kingdom of the Netherlands,234.56,False
a81ab4,United States,54.93,False
4bccb5,Turkey,241.56,False
c01e69,Canada,66.73,False
ab9af3,United States,236.89,False
a9073c,United States,36.19,False
a26165,United States,52.12,False
a26162,United States,48.81,False
4ca622,Ireland,94.26,False
4ca623,Ireland,231.08,False
c085e0,Canada,145.33,False
4ca625,Ireland,205.15,False
a5bae5,United States,4.63,True
4bccad,Turkey,233.16,False
ab9af5,United States,66.15,False
4ca621,Ireland,229.12,False
ab4153,United States,103.8,False
c01e13,Canada,0.0,True
c01e11,Canada,5.14,True
e480a4,Brazil,221.23,False
c01e10,Canada,225.06,False
a57dbe,United States,19.04,False
ab9aee,United States,60.7,False
aa3417,United States,237.21,False
a4adc1,United States,72.32,False
8880c6,Viet Nam,240.42,False
a08f62,United States,197.3,False
ac878c,United States,176.07,False
a0a9f6,United States,217.78,False
a046e7,United States,23.43,False
a2e9a3,United States,122.25,False
a3d112,United States,181.31,False
a21f2f,United States,103.38,False
a4adca,United States,132.39,False
a5cdae,United States,151.02,False
ab415e,United States,219.72,False
a0a9f8,United States,173.3,False
0b4413,Guatemala,49.58,False
a77721,United States,78.53,False
0b4412,Guatemala,32.38,False
a3d10f,United States,263.95,False
abb78c,United States,42.82,False
4ca660,Ireland,113.58,False
a059e3,United States,260.11,False
a0a9c0,United States,62.32,False
a82db3,United States,198.44,False
ae4ae3,United States,160.82,False
c085b3,Canada,79.55,False
8880e4,Viet Nam,278.18,False
ac747c,United States,45.18,False
8880e1,Viet Nam,237.11,False
8880e2,Viet Nam,226.97,False
ac747a,United States,284.32,False
ae5dff,United States,140.57,False
a3f793,United States,233.78,False
4ca670,Ireland,226.83,False
a0a9d1,United States,194.77,False
a38176,United States,251.93,False
a6eda7,United States,112.79,False
e493c1,Brazil,85.44,False
a6eda1,United States,242.17,False
a82da6,United States,69.57,False
adf75f,United States,210.96,False
a3e470,United States,0.0,True
ac748a,United States,207.34,False
c01e1a,Canada,239.32,False
a52467,United States,89.09,False
a153be,United States,67.06,False
a8d489,United States,219.58,False
a669ac,United States,60.97,False
a21f5e,United States,49.97,False
a6319b,United States,200.91,False
c07396,Canada,248.7,False
abeb7c,United States,201.66,False
a69f08,United States,45.25,False
a9f461,United States,0.0,True
a1b6e9,United States,0.0,True
a5cf19,United States,247.7,False
888214,Viet Nam,247.76,False
a1c9ea,United States,260.31,False
a32c19,United States,61.96,False
ad2b95,United States,173.26,False
a6319f,United States,278.2,False
a1a3a1,United States,106.61,False
a20c44,United States,211.48,False
c0604c,Canada,66.81,False
a19c4b,United States,43.68,False
02a181,Tunisia,217.45,False
a07c87,United States,46.3,False
a1a3a9,United States,245.39,False
a2d6a2,United States,223.07,False
a299f9,United States,33.13,False
a7a17b,United States,260.46,False
e4945e,Brazil,62.26,False
c06081,Canada,101.26,False
abeb9f,United States,165.31,False
a5cf0d,United States,41.48,False
e48135,Brazil,233.05,False
a56c24,United States,243.41,False
a789b4,United States,113.67,False
aa2184,United States,11.32,True
a309cc,United States,183.15,False
a3f6e5,United States,30.19,False
a8d46a,United States,182.25,False
a393ce,United States,87.73,False
a88467,United States,212.6,False
e4818a,Brazil,244.0,False
4852f4,Kingdom of the Netherlands,126.7,False
4bce0f,Turkey,56.14,False
4bce0e,Turkey,188.97,False
a8e770,United States,232.97,False
a140e5,United States,32.54,False
4bce0b,Turkey,221.88,False
a82dfb,United States,215.72,False
4852f6,Kingdom of the Netherlands,219.26,False
abb726,United States,57.03,False
e4819c,Brazil,225.48,False
a7faad,United States,214.11,False
a9f42b,United States,61.26,False
7c0460,Australia,0.0,True
a1ff90,United States,98.24,False
4bce1a,Turkey,167.69,False
a7b444,United States,150.66,False
ab540d,United States,88.4,False
a403b3,United States,206.23,False
888200,Viet Nam,240.45,False
a033ff,United States,264.2,False
a286fe,United States,261.1,False
152c97,Russian Federation,218.46,False
a9f409,United States,24.11,False
a1ec57,United States,195.51,False
4bce08,Turkey,227.05,False
4bce06,Turkey,226.76,False
4bce04,Turkey,268.38,False
4bce02,Turkey,143.94,False
4bce10,Turkey,218.88,False
a0df9b,United States,72.32,False
a2c3a0,United States,145.87,False
ab4108,United States,187.49,False
ac1dbc,United States,38.39,False
a393a9,United States,89.97,False
c0735e,Canada,48.9,False
aacaa5,United States,219.16,False
4bce16,Turkey,234.6,False
a349be,United States,0.0,True
abd254,United States,220.41,False
a7e122,United States,46.07,False
a13f49,United States,249.61,False
ad2573,United States,215.22,False
ac4bfe,United States,282.71,False
46866b,Greece,232.15,False
4d0104,Luxembourg,272.21,False
a80136,United States,35.89,False
a2af09,United States,51.51,False
a9212f,United States,225.52,False
a12c30,United States,216.06,False
ad6bdc,United States,6.69,True
a67170,United States,50.95,False
a97ae6,United States,219.46,False
a12c23,United States,215.31,False
a216b1,United States,32.48,False
a24c01,United States,72.54,False
a7e151,United States,0.77,True
a97ab3,United States,35.5,False
a7f475,United States,68.61,False
a0d6a8,United States,142.22,False
ad126f,United States,218.4,False
872841,Japan,221.29,False
a3bc03,United States,44.73,False
a13f35,United States,95.79,False
a12c04,United States,233.06,False
a3117c,United States,204.26,False
a67198,United States,35.83,False
4075af,United Kingdom,258.01,False
a0c3c9,United States,52.46,False
a2af59,United States,248.18,False
a86dd9,United States,29.84,False
4075b3,United Kingdom,90.54,False
4075b4,United Kingdom,229.16,False
a6e75b,United States,219.7,False
a00c80,United States,251.98,False
a2af3e,United States,247.48,False
a55148,United States,47.73,False
c05f5d,Canada,99.19,False
a6978d,United States,39.26,False
a5a11a,United States,218.92,False
8940cf,Bahrain,219.32,False
e809e3,Chile,114.31,False
4075a2,United Kingdom,3.09,True
a2af2a,United States,224.69,False
a6844d,United States,184.55,False
a70778,United States,260.92,False
ac4d01,United States,4.37,True
a1f6ad,United States,85.46,False
4d0116,Luxembourg,262.94,False
ac4d05,United States,56.96,False
a86df1,United States,112.8,False
ac17b0,United States,228.11,False
a86df4,United States,39.43,False
a61af2,United States,43.42,False
a25f4b,United States,259.81,False
484a91,Kingdom of the Netherlands,39.67,False
400e13,United Kingdom,139.96,False
8940c5,Bahrain,269.26,False
a79122,United States,190.98,False
ac4d18,United States,42.26,False
a00c5c,United States,207.03,False
4d010d,Luxembourg,240.67,False
a68485,United States,259.88,False
a193aa,United States,182.64,False
aad7bd,United States,67.35,False
a3cf6d,United States,268.88,False
a37f8d,United States,195.47,False
a0c3fc,United States,241.26,False
a4ef67,United States,52.93,False
a2af7c,United States,44.39,False
48ad85,Poland,219.08,False
a2af91,United States,11.83,True
a12c8b,United States,7.46,False
48ad86,Poland,188.97,False
48ad83,Poland,183.47,False
48ad84,Poland,60.77,False
7502cd,Malaysia,254.86,False
c029dd,Canada,0.0,True
48ad82,Poland,216.67,False
a24c77,United States,197.62,False
a5b3a7,United States,225.65,False
a1e3ce,United States,45.3,False
346183,Spain,218.41,False
a50f80,United States,135.24,False
76cce5,Singapore,261.38,False
76cce3,Singapore,245.91,False
ab3edd,United States,120.81,False
40631a,United Kingdom,3.6,True
a62f61,United States,152.28,False
400cd8,United Kingdom,217.97,False
a959cf,United States,212.38,False
c04c1a,Canada,47.87,False
a323c8,United States,213.89,False
ab3ef8,United States,36.74,False
4791dd,Norway,113.47,False
a1d0a3,United States,187.31,False
3c4906,Germany,209.17,False
abe524,United States,248.42,False
a683ad,United States,229.84,False
7502c3,Malaysia,241.76,False
c05f57,Canada,52.21,False
a959a1,United States,34.71,False
a61c3e,United States,66.88,False
c04c36,Canada,236.0,False
a86f44,United States,38.59,False
ad2517,United States,108.75,False
34615a,Spain,258.02,False
ac5ed9,United States,0.0,True
a060e7,United States,81.75,False
407642,United Kingdom,207.97,False
a1e3ae,United States,44.19,False
7502d8,Malaysia,255.83,False
ac0543,United States,185.9,False
abd204,United States,185.0,False
a959b4,United States,223.93,False
7502d5,Malaysia,11.32,False
a826ab,United States,159.69,False
a336e3,United States,186.26,False
a5b3ad,United States,246.47,False
a336dc,United States,194.18,False
a589d5,United States,222.09,False
a8016c,United States,81.99,False
346147,Spain,213.14,False
ac0565,United States,64.47,False
ad1218,United States,260.61,False
34745a,Spain,0.45,True
a01ec9,United States,273.72,False
40768a,United Kingdom,32.92,True
40768b,United Kingdom,164.46,False
a6c16f,United States,60.97,False
ac5efa,United States,129.84,False
ac4bdd,United States,225.09,False
c05f0a,Canada,243.38,False
a4dc11,United States,155.52,False
a3cf4f,United States,204.89,False
a36c89,United States,46.65,False
ab8260,United States,76.49,False
ab8261,United States,91.01,False
abd230,United States,0.9,True
c05f0c,Canada,253.53,False
a443e8,United States,214.54,False
40767a,United Kingdom,223.88,False
a310cf,United States,240.67,False
4791ac,Norway,189.37,False
347454,Spain,229.7,False
407688,United Kingdom,196.52,False
3950cd,France,9.77,True
a80194,United States,52.72,False
48ad0f,Poland,229.65,False
a4dc25,United States,96.94,False
48ad0b,Poland,198.27,False
a310c5,United States,53.1,False
c05f04,Canada,164.88,False
a1d0d8,United States,50.54,False
a6f9b3,United States,213.55,False
a310bb,United States,144.26,False
c04af4,Canada,189.27,False
3c4969,Germany,201.18,False
48ad09,Poland,199.59,False
a7f3e4,United States,217.52,False
a1e508,United States,142.1,False
34754d,Spain,206.77,False
48ad03,Poland,204.95,False
a670de,United States,241.17,False
48ad02,Poland,208.69,False
a5fc9b,United States,266.0,False
a37ea4,United States,226.58,False
a73c87,United States,131.08,False
a01eeb,United States,59.87,False
c04ae9,Canada,39.21,False
a86f8b,United States,43.36,False
ac4c8a,United States,195.1,False
a07555,United States,82.15,False
ac03ff,United States,229.22,False
aa60de,United States,44.14,False
ad7f96,United States,243.84,False
a1f81f,United States,1.54,True
34620b,Spain,230.53,False
750405,Malaysia,256.39,False
a6d3f2,United States,222.13,False
ab80ed,United States,88.01,False
ab80ef,United States,47.83,False
a98f79,United States,103.04,False
3c496d,Germany,219.74,False
a25ea2,United States,45.11,False
a98f6a,United States,213.91,False
a8ac42,United States,180.48,False
a21839,United States,257.47,False
aa60bb,United States,117.57,False
76cda1,Singapore,271.74,False
76cda7,Singapore,270.28,False
a0752b,United States,246.37,False
acf0da,United States,209.48,False
a98f54,United States,65.46,False
a44528,United States,48.88,False
407630,United Kingdom,225.1,False
407631,United Kingdom,227.47,False
a97c23,United States,212.76,False
a683e4,United States,203.26,False
a0d895,United States,46.43,False
34750f,Spain,46.3,False
a2f200,United States,155.35,False
a44520,United States,87.98,False
a813aa,United States,51.86,False
76cdb0,Singapore,256.4,False
34750b,Spain,145.7,False
34750a,Spain,245.09,False
76cdb4,Singapore,245.55,False
76cdb2,Singapore,133.41,False
c05ddf,Canada,87.0,False
a62f93,United States,240.23,False
4afb6c,Sweden,5.4,True
76cdb6,Singapore,206.67,False
a0757f,United States,67.66,False
a670a3,United States,251.46,False
347519,Spain,237.14,False
a24baf,United States,42.21,False
a19566,United States,60.54,False
a37ed3,United States,194.08,False
76cdaa,Singapore,241.7,False
76cdaf,Singapore,272.9,False
a37ebf,United States,55.07,False
76cdc2,Singapore,81.93,False
a6f9fa,United States,271.98,False
c0174f,Canada,145.75,False
a1f85f,United States,87.74,False
a1e540,United States,70.75,False
c05dd8,Canada,186.79,False
347501,Spain,209.69,False
76cdba,Singapore,289.7,False
ad10ec,United States,1.03,True
c04aa9,Canada,85.12,False
a21862,United States,113.16,False
a24ba7,United States,172.87,False
07009f,Senegal,88.51,False
a6c0b8,United States,223.04,False
87aada,Japan,9.77,True
a9df08,United States,60.86,False
a0755a,United States,87.53,False
a85c3d,United States,42.38,False
a1f846,United States,45.39,False
a25ebe,United States,47.51,False
a25ebf,United States,31.45,False
a97c18,United States,261.56,False
a07579,United States,0.0,True
a826f1,United States,228.46,False
aa1f5a,United States,124.54,False
a9df0c,United States,66.75,False
a1f851,United States,87.8,False
a4a879,United States,0.0,True
ad7f0d,United States,61.22,False
8966f0,United Arab Emirates,258.91,False
c0171a,Canada,192.64,False
a44565,United States,231.45,False
400d5b,United Kingdom,83.55,False
a69869,United States,219.61,False
75046c,Malaysia,239.03,False
a44560,United States,245.5,False
a0628f,United States,217.16,False
a98ea6,United States,129.67,False
acaf0b,United States,282.08,False
c01734,Canada,238.48,False
750493,Malaysia,223.32,False
ab3f4f,United States,60.39,False
8940a0,Bahrain,275.76,False
a68546,United States,50.63,False
8966ef,United Arab Emirates,287.77,False
a4320f,United States,73.53,False
a18284,United States,2.06,True
a2f227,United States,53.05,False
8940a4,Bahrain,230.82,False
abf6a4,United States,162.44,False
c01723,Canada,237.6,False
ac4c21,United States,223.98,False
a44548,United States,225.93,False
aa883e,United States,2.83,True
ad36b4,United States,220.27,False
aa8852,United States,183.52,False
75044b,Malaysia,269.21,False
75044c,Malaysia,244.63,False
75044a,Malaysia,271.89,False
a2aef2,United States,30.18,False
4074b8,United Kingdom,228.82,False
4074b5,United Kingdom,212.29,False
ac16bb,United States,210.53,False
c01753,Canada,241.52,False
8966d4,United Arab Emirates,233.09,False
ab2c3a,United States,252.53,False
aa882e,United States,216.7,False
a5523e,United States,56.6,False
a7085c,United States,37.45,False
a69894,United States,249.44,False
ac4c44,United States,190.89,False
a4a830,United States,46.22,False
a087ab,United States,140.0,False
ac16da,United States,209.2,False
ac5f5f,United States,21.61,True
ae56c2,United States,53.61,False
a3bba1,United States,74.38,False
8966ac,United Arab Emirates,244.51,False
ab93db,United States,229.52,False
a57856,United States,2.31,True
a6981a,United States,0.0,True
ad7f4a,United States,35.51,False
afa189,United States,0.0,True
a3258e,United States,54.82,False
a44588,United States,291.94,False
a6e81e,United States,76.66,False
abe3c7,United States,2.31,True
a31261,United States,52.93,True
aab0ba,United States,178.11,False
a1e58f,United States,245.64,False
ad23d5,United States,3.86,True
a55218,United States,205.99,False
a82806,United States,46.81,False
47921c,Norway,21.09,True
3473d0,Spain,89.04,False
abf6fd,United States,61.82,False
ab2c8e,United States,274.21,False
4074e3,United Kingdom,256.58,False
ac03f2,United States,164.9,False
39b44e,France,113.63,False
ad6c3b,United States,160.95,False
48adb9,Poland,204.13,False
4cafc3,Ireland,117.59,False
4cafc4,Ireland,228.26,False
a217c0,United States,1.29,True
4cafc0,Ireland,191.64,False
48ada8,Poland,183.19,False
48ada4,Poland,147.84,False
48ada5,Poland,239.43,False
48ada2,Poland,211.69,False
4cafcc,Ireland,218.57,False
48ada0,Poland,237.69,False
4cafcd,Ireland,210.75,False
48ada1,Poland,219.69,False
abc058,United States,0.0,True
4cafce,Ireland,232.34,False
c03a5a,Canada,200.5,False
4cafd1,Ireland,0.06,True
4cafd2,Ireland,218.87,False
4cafd3,Ireland,0.0,True
a80287,United States,240.05,False
a2f293,United States,55.8,False
a00d48,United States,36.01,False
4cafb3,Ireland,245.66,False
4cafb4,Ireland,232.88,False
40649f,United Kingdom,213.97,False
abc07b,United States,0.45,True
a4dbef,United States,238.38,False
a5524d,United States,35.53,False
a35a16,United States,102.31,False
ace073,United States,0.0,True
c004e9,Canada,201.35,False
ac907a,United States,57.77,False
c004f3,Canada,215.15,False
a5c899,United States,0.0,True
a5c895,United States,68.07,False
c04d70,Canada,0.0,True
a23a27,United States,6.43,True
a23a26,United States,40.13,False
ad0074,United States,182.88,False
a36d3c,United States,70.96,False
ace063,United States,140.38,False
780f3f,China,146.37,False
a324b0,United States,189.23,False
abc09e,United States,0.9,True
a6c247,United States,210.53,False
a181a7,United States,174.08,False
4076b1,United Kingdom,224.95,False
c04d98,Canada,203.32,False
4076b0,United Kingdom,224.18,False
ac05a6,United States,41.18,False
aa0cf4,United States,61.95,False
a6e89b,United States,180.62,False
a23a03,United States,250.17,False
a11a2f,United States,66.5,False
ac18e0,United States,66.9,False
a7e20a,United States,249.09,False
a204c9,United States,59.7,False
aa7668,United States,224.83,False
4caff6,Ireland,240.32,False
4caff7,Ireland,224.9,False
407797,United Kingdom,64.46,False
3964eb,France,201.17,False
407795,United Kingdom,208.73,False
407796,United Kingdom,219.18,False
3964ea,France,197.19,False
01024c,Egypt,239.82,False
01024f,Egypt,256.91,False
a5fd2d,United States,180.42,False
3964ee,France,188.22,False
3007ef,Italy,212.84,False
407793,United Kingdom,164.23,False
a431af,United States,49.28,False
407794,United Kingdom,211.12,False
40777c,United Kingdom,5.4,True
a24d8c,United States,46.94,False
010256,Egypt,191.29,False
a684b5,United States,223.0,False
a0b1f2,United States,82.29,False
a85d15,United States,37.55,False
a6e7d0,United States,46.31,False
01023a,Egypt,263.26,False
a4dd65,United States,5.4,True
c04d0a,Canada,152.69,False
01023e,Egypt,247.76,False
aa0e62,United States,157.45,False
a4ca38,United States,93.35,False
aad96c,United States,49.94,False
a1d1d0,United States,232.36,False
010250,Egypt,205.63,False
40643b,United Kingdom,233.3,False
40643a,United Kingdom,70.21,False
40643d,United Kingdom,192.12,False
34628d,Spain,251.62,False
010246,Egypt,169.76,False
c04d0d,Canada,31.7,False
a47a21,United States,284.23,False
aa75c6,United States,138.06,False
484b6e,Kingdom of the Netherlands,218.68,False
aad97b,United States,255.88,False
3964e0,France,4.12,True
406440,United Kingdom,94.48,False
3964e4,France,144.48,False
40775c,United Kingdom,201.41,False
a24d6b,United States,31.39,False
3964e2,France,205.43,False
010276,Egypt,231.9,False
3964e1,France,1.29,True
3964e8,France,161.08,False
c04d50,Canada,157.65,False
a181cb,United States,281.63,False
3964e9,France,224.09,False
48ae80,Poland,236.73,False
01025c,Egypt,204.87,False
a4ca56,United States,37.13,False
a707f0,United States,61.95,False
01025f,Egypt,208.28,False
ad6ca7,United States,195.43,False
ad263e,United States,49.29,False
ac9001,United States,4.63,True
a0b1dc,United States,92.46,False
3964f1,France,197.75,False
a947a3,United States,52.52,False
a73d45,United States,228.37,False
a23a4f,United States,44.41,False
a35a31,United States,226.36,False
ac4cd4,United States,6.43,True
3964f9,France,229.65,False
40641d,United Kingdom,197.14,False
a1e4e9,United States,172.82,False
3964f7,France,212.63,False
a814a2,United States,146.19,False
abf96c,United States,288.64,False
a47a03,United States,118.31,False
01020b,Egypt,53.19,False
a4dd13,United States,97.16,False
abe65a,United States,187.26,False
aa88d2,United States,182.47,False
a01fd8,United States,51.81,False
a01fd9,United States,58.22,False
a61d00,United States,192.27,False
acafdc,United States,68.54,False
a19616,United States,53.95,False
adbca5,United States,38.24,False
abe679,United States,47.55,False
a577d4,United States,196.91,False
010204,Egypt,176.46,False
abc012,United States,201.79,False
a35a92,United States,236.99,False
a7e276,United States,199.42,False
010207,Egypt,231.76,False
484b58,Kingdom of the Netherlands,0.0,True
a4dd35,United States,133.37,False
01022c,Egypt,192.64,False
a48d94,United States,36.64,False
ab703e,United States,124.6,False
ad000d,United States,160.63,False
adbcd8,United States,0.77,True
a07602,United States,46.97,False
a47a4a,United States,90.5,False
010236,Egypt,237.98,False
a2f1e5,United States,24.02,False
a564ab,United States,213.79,False
40779a,United Kingdom,158.5,False
abc035,United States,153.0,False
ad001e,United States,51.37,False
a0d90c,United States,258.03,False
a697cf,United States,269.67,False
a08948,United States,39.73,False
868034,Japan,228.15,False
484b32,Kingdom of the Netherlands,227.01,False
ad0022,United States,196.33,False
a59a0f,United States,54.8,False
ab7067,United States,250.54,False
a25fca,United States,162.84,False
a20639,United States,39.18,False
a6c1f1,United States,40.69,False
346355,Spain,227.23,False
abd1e3,United States,183.67,False
a3260d,United States,49.46,False
a59a9a,United States,31.39,False
a801de,United States,215.22,False
4792a6,Norway,241.25,False
a45931,United States,167.61,False
48ae26,Poland,261.9,False
a1f94c,United States,248.95,False
a2061e,United States,236.58,False
48ae23,Poland,231.9,False
48ae20,Poland,239.8,False
ae44f2,United States,52.57,False
a0d967,United States,60.77,False
a4a918,United States,159.8,False
a4a917,United States,53.5,False
a37fb0,United States,179.38,False
a4a924,United States,9.46,False
a25fbe,United States,133.61,False
acf1ac,United States,248.0,False
485e2e,Kingdom of the Netherlands,5.92,True
a69912,United States,106.24,False
a84a55,United States,205.15,False
485e49,Kingdom of the Netherlands,69.06,False
a2195d,United States,248.97,False
ac3a83,United States,202.38,False
a2195b,United States,75.36,False
a97d63,United States,6.17,True
4b1a2d,Switzerland,7.2,True
4b1a2e,Switzerland,126.24,False
a9cd47,United States,159.2,False
a6c1fe,United States,45.94,False
60183a,Turkmenistan,259.53,False
4b1a2a,Switzerland,254.29,False
a4efa4,United States,34.98,True
347659,Spain,251.89,False
a84a7b,United States,246.22,False
a0630d,United States,0.06,True
a01fee,United States,270.74,False
4b1a34,Switzerland,235.39,False
4b1a1d,Switzerland,200.83,False
a20621,United States,227.12,False
a21952,United States,91.43,False
4b1a1f,Switzerland,174.68,False
a0c628,United States,197.37,False
4b1a1b,Switzerland,210.05,False
4b1a24,Switzerland,78.01,False
a5ea9a,United States,259.49,False
a7e1cd,United States,180.6,False
4b1a25,Switzerland,242.06,False
a0897e,United States,47.87,False
45fe4a,Denmark,0.06,True
4b1a27,Switzerland,223.9,False
4b1a28,Switzerland,211.24,False
4b1a29,Switzerland,256.18,False
347646,Spain,200.94,False
a4ca66,United States,232.46,False
a84a1a,United States,210.32,False
c04bd2,Canada,7.72,True
a2afeb,United States,80.79,False
a1f98a,United States,46.48,False
507c40,Uzbekistan,27.8,False
a4462e,United States,130.45,False
a6c1b8,United States,86.02,False
a671ba,United States,147.85,False
c05efd,Canada,106.59,False
a791c0,United States,126.55,False
346303,Spain,231.88,False
400dae,United Kingdom,222.61,False
40772f,United Kingdom,203.93,False
010290,Egypt,246.95,False
a4ca6a,United States,0.0,True
a5a1d3,United States,47.3,False
adaa69,United States,67.58,False
40772d,United Kingdom,210.57,False
c0187a,Canada,180.24,False
40772e,United Kingdom,203.36,False
a19691,United States,267.14,False
a2afe1,United States,44.25,False
a5ea3b,United States,20.5,False
407731,United Kingdom,244.95,False
ab9628,United States,187.2,False
ab3fd1,United States,64.89,False
ac5fad,United States,101.29,False
a7f4e9,United States,249.16,False
478096,Norway,87.55,False
478092,Norway,119.41,False
a24cc8,United States,32.38,False
478095,Norway,76.9,False
76cef3,Singapore,273.19,False
507c60,Uzbekistan,231.68,False
478091,Norway,65.26,False
478090,Norway,83.98,False
a59a99,United States,64.04,False
a72a5d,United States,43.26,False
a13ffe,United States,37.56,False
a1f96f,United States,70.17,False
ab3fcc,United States,273.35,False
a07690,United States,166.34,False
461e1c,Finland,257.59,False
461e1d,Finland,202.33,False
461e1e,Finland,213.21,False
a1e632,United States,75.61,False
461e1a,Finland,229.58,False
a4ca8e,United States,0.0,True
a25ff8,United States,49.97,False
47808b,Norway,92.49,False
507c4c,Uzbekistan,136.24,False
01029a,Egypt,211.69,False
ac5fc9,United States,38.24,False
47808c,Norway,144.54,False
a19679,United States,217.13,False
a4592a,United States,159.75,False
a5ea5c,United States,203.04,False
a2f364,United States,90.47,False
a5a30a,United States,249.3,False
a85ca4,United States,60.53,False
a80304,United States,257.0,False
4075f4,United Kingdom,169.83,False
0101cd,Egypt,200.42,False
ac04a3,United States,87.27,False
87ad82,Japan,4.63,True
a30044,United States,36.62,False
c05ec7,Canada,6.17,True
a98fc5,United States,50.06,False
a4200d,United States,183.97,False
4075df,United Kingdom,256.51,False
a66001,United States,56.38,False
aa8985,United States,46.95,False
a3bcff,United States,141.12,False
c05eac,Canada,233.48,False
0101bc,Egypt,248.57,False
461e14,Finland,226.94,False
a98fd7,United States,149.93,False
a0a05a,United States,75.57,False
4075e0,United Kingdom,237.66,False
a74ffc,United States,48.39,False
478058,Norway,23.96,False
c05ee1,Canada,260.63,False
aac4c4,United States,294.36,False
a1836c,United States,191.82,False
a5401e,United States,45.54,False
a42004,United States,60.81,False
c05edd,Canada,233.98,False
c05edf,Canada,263.62,False
ac04c6,United States,149.78,False
aa6303,United States,146.59,False
ac04c5,United States,69.13,False
a0b35c,United States,191.99,False
750579,Malaysia,273.67,False
a93604,United States,167.12,False
750577,Malaysia,275.26,False
a36ce4,United States,213.17,False
e47fa6,Brazil,241.62,False
c05ed0,Canada,212.98,False
e47fa8,Brazil,154.51,False
a6d645,United States,125.22,False
c01860,Canada,103.09,False
a82973,United States,190.68,False
44a8a6,Belgium,198.11,False
400e4a,United Kingdom,215.21,False
a5b66e,United States,78.68,False
a81646,United States,58.46,False
4075c2,United Kingdom,230.86,False
a0506f,United States,49.14,False
ac04d3,United States,266.51,False
87ad73,Japan,3.86,True
c05ed7,Canada,49.46,False
a8295f,United States,28.83,False
e47fa0,Brazil,186.19,False
abe4b9,United States,193.11,False
a86fcf,United States,54.35,False
0101a7,Egypt,6.43,True
a3cfe8,United States,45.88,False
a50fe7,United States,195.74,False
8691aa,Japan,250.58,False
750556,Malaysia,252.22,False
ad24ab,United States,207.46,False
a70944,United States,33.68,False
a56634,United States,233.05,False
a30073,United States,45.81,False
ab81d9,United States,56.52,False
e47ffe,Brazil,229.06,False
a82903,United States,68.16,False
a218b8,United States,89.14,False
aab1d2,United States,232.73,False
a4a95b,United States,0.06,True
a4a95a,United States,112.91,False
aac4ed,United States,221.37,False
a4dca9,United States,185.15,False
a1c083,United States,39.37,False
a921f1,United States,42.2,False
3461cf,Spain,134.22,False
750540,Malaysia,232.92,False
a50fef,United States,119.02,False
3461ce,Spain,192.11,False
0101c8,Egypt,72.64,False
a4dcb6,United States,103.44,False
a00e0e,United States,174.99,False
a00e0d,United States,265.93,False
a4dcba,United States,160.48,False
4075ff,United Kingdom,174.26,False
a61cc0,United States,55.26,False
4075fd,United Kingdom,247.21,False
750551,Malaysia,0.0,True
48aca5,Poland,47.51,False
0101b9,Egypt,72.93,False
a2f375,United States,50.25,False
0101b8,Egypt,271.25,False
a1d37a,United States,37.36,False
a1d391,United States,33.5,False
acf1a3,United States,220.75,False
750548,Malaysia,260.0,False
a57997,United States,280.92,False
750543,Malaysia,255.3,False
aa8919,United States,95.06,False
a61cac,United States,203.61,False
a9eebc,United States,34.99,False
acbffd,United States,2.06,True
adccc6,United States,0.0,True
a6d234,United States,107.3,False
abd018,United States,270.11,False
7504a1,Malaysia,243.2,False
a5b248,United States,49.56,False
40749b,United Kingdom,262.31,False
4caea0,Ireland,206.84,False
a93229,United States,218.81,False
4caeaf,Ireland,272.4,False
aa6048,United States,211.86,False
a097cb,United States,38.31,False
4caead,Ireland,161.4,False
a82557,United States,66.87,False
ad7ccb,United States,60.62,False
a8bbbc,United States,257.91,False
ab9383,United States,0.06,True
71ba18,Republic of Korea,195.61,False
abf66f,United States,225.31,False
40615b,United Kingdom,215.71,False
4caeb1,Ireland,229.24,False
a9dba1,United States,46.03,False
a5c582,United States,85.77,False
aa735a,United States,213.72,False
a6959a,United States,40.16,False
a5628c,United States,137.96,False
86e40e,Japan,264.41,False
a097b4,United States,83.02,False
400afd,United Kingdom,219.33,False
400afc,United Kingdom,222.95,False
400afb,United Kingdom,236.58,False
ab805a,United States,267.86,False
a93209,United States,44.43,False
c05d7c,Canada,157.66,False
c001d8,Canada,255.0,False
c001d7,Canada,59.82,False
a9eeb6,United States,13.89,True
abd02f,United States,51.97,False
a6e56a,United States,91.6,False
aa600a,United States,90.03,False
a70538,United States,217.2,False
a63ef3,United States,274.94,False
a37d13,United States,47.92,False
c027de,Canada,1.03,True
4caee7,Ireland,223.15,False
a4a54c,United States,6.69,True
aa998e,United States,239.55,False
4caee8,Ireland,231.9,False
a071b1,United States,87.58,False
a3cbf4,United States,56.82,False
4caee4,Ireland,205.06,False
ad1042,United States,48.32,False
76bd41,Singapore,176.78,False
a347b6,United States,32.41,False
76bd48,Singapore,92.48,False
acacfb,United States,149.36,False
401f21,United Kingdom,64.39,False
a5d86c,United States,49.65,False
a9450d,United States,199.01,False
ad237c,United States,240.19,False
c027d7,Canada,39.87,False
3004f7,Italy,70.37,False
a227e9,United States,49.94,False
a75ed1,United States,47.23,False
a0e7f4,United States,244.24,False
4b2bcf,Switzerland,5.3,False
a107fe,United States,157.64,False
a071c8,United States,0.0,True
a071c2,United States,169.32,False
71ba13,Republic of Korea,240.28,False
71ba10,Republic of Korea,252.09,False
a097e8,United States,98.32,False
71ba15,Republic of Korea,241.58,False
c05d4b,Canada,47.04,False
a50bea,United States,181.79,False
ad105b,United States,46.86,False
71ba09,Republic of Korea,256.85,False
a56256,United States,62.99,False
a4a56b,United States,116.53,False
a097f4,United States,234.94,False
ac5e01,United States,280.77,False
c05d3c,Canada,232.58,False
a86ba5,United States,43.3,False
a83861,United States,94.81,False
c027ea,Canada,142.06,False
71ba04,Republic of Korea,239.03,False
71ba03,Republic of Korea,192.93,False
4caeca,Ireland,213.23,False
a81205,United States,91.06,False
a44291,United States,235.45,False
4caed5,Ireland,234.85,False
a6955f,United States,40.64,False
4caed8,Ireland,186.71,False
aab09a,United States,154.39,False
abd081,United States,221.11,False
347288,Spain,225.0,False
a24a40,United States,91.62,False
aa0b10,United States,180.07,False
adba7e,United States,71.99,False
347287,Spain,244.42,False
a4b7d3,United States,265.82,False
a214de,United States,230.83,False
a4b7d8,United States,48.82,False
a717b6,United States,0.0,True
aa1e30,United States,218.41,False
abf602,United States,139.93,False
a36a19,United States,269.96,False
ab0969,United States,239.36,False
7b103c,China,13.38,True
8466a0,Japan,4.89,True
a24a3d,United States,42.35,False
a36a21,United States,251.56,False
a3cd58,United States,165.94,False
ac1613,United States,46.14,False
86e474,Japan,11.83,True
46d2f2,Greece,121.4,False
a49d22,United States,5.4,True
aae960,United States,68.54,False
a24a0a,United States,218.77,False
4caefb,Ireland,238.48,False
a1f4c7,United States,66.5,False
a0e7ed,United States,218.33,False
a9327a,United States,188.49,False
347256,Spain,95.66,False
347258,Spain,194.48,False
a00a68,United States,133.76,False
ad8fa4,United States,188.92,False
a191c5,United States,59.2,False
c05d08,Canada,204.44,False
a9dbff,United States,63.03,False
ad3616,United States,173.22,False
a467b5,United States,156.15,False
7504fe,Malaysia,12.44,False
ac1639,United States,44.47,False
a37d8a,United States,228.06,False
aa1e08,United States,130.33,False
a441c9,United States,104.43,False
406135,United Kingdom,4.89,True
a587a9,United States,44.5,False
a0991f,United States,94.19,False
aab001,United States,160.22,False
ad495b,United States,270.47,False
407464,United Kingdom,114.53,False
407462,United Kingdom,217.65,False
ad8fbc,United States,153.47,False
a93270,United States,54.37,False
aa739d,United States,248.71,False
acbfc0,United States,0.0,True
a12a9e,United States,241.21,False
aa739e,United States,86.38,False
ac0339,United States,35.3,False
adcca0,United States,224.08,False
a12a80,United States,9.77,False
a00a8a,United States,285.14,False
a12a82,United States,103.49,False
a3cd0f,United States,283.34,False
adcca6,United States,221.56,False
7504c4,Malaysia,256.68,False
a9dbb4,United States,36.56,False
a93240,United States,62.27,False
a1e1d8,United States,0.0,True
7504ac,Malaysia,248.73,False
abe30b,United States,91.51,False
ae695b,United States,125.14,False
a81290,United States,67.24,False
a93249,United States,74.77,False
407446,United Kingdom,141.33,False
a6d27b,United States,185.88,False
a81288,United States,52.08,False
acbfe5,United States,127.53,False
ac033e,United States,248.31,False
ad3656,United States,39.85,False
a12a7c,United States,278.83,False
a9dbc1,United States,46.53,False
a12a7f,United States,244.65,False
a85a2c,United States,79.06,False
4caf26,Ireland,232.78,False
a811aa,United States,52.96,False
4caf28,Ireland,123.75,False
4caf29,Ireland,127.32,False
aa1d9c,United States,215.88,False
a07302,United States,48.23,False
a0e92d,United States,92.89,False
abf4cb,United States,52.8,False
a441fd,United States,47.67,False
c05bdb,Canada,57.49,False
4caf0a,Ireland,150.38,False
4caf0b,Ireland,127.18,False
c05bd6,Canada,0.39,True
a561fb,United States,81.0,False
a73a47,United States,271.58,False
a1094c,United States,183.34,False
4caf34,Ireland,233.14,False
a441ef,United States,322.67,False
aa84fb,United States,86.36,False
a07311,United States,142.34,False
c05bcf,Canada,230.23,False
347307,Spain,5.66,True
a6e4e8,United States,180.95,False
ac01d3,United States,238.37,False
347301,Spain,211.47,False
ad7d80,United States,49.91,False
aac1e7,United States,55.83,False
a0e917,United States,44.88,False
c0025a,Canada,154.96,False
abe1bd,United States,56.11,False
ae54e7,United States,120.79,False
a4da95,United States,225.62,False
400b84,United Kingdom,230.11,False
400b83,United Kingdom,192.83,False
780fd3,China,237.05,False
a22927,United States,45.39,False
4caf16,Ireland,140.75,False
a61a8c,United States,54.77,False
a944c3,United States,0.0,True
a5fa72,United States,37.89,False
780fd9,China,284.15,False
4072dc,United Kingdom,208.08,False
ab0902,United States,58.15,False
a957f9,United States,52.58,False
a86d72,United States,44.52,False
a01ca5,United States,8.75,True
51408c,Georgia,211.17,False
ad7d6a,United States,0.06,True
ad21bc,United States,249.69,False
a62d4a,United States,30.57,False
a0e981,United States,226.76,False
adcd6d,United States,258.19,False
a4a4cb,United States,189.03,False
a07341,United States,207.63,False
a98d0c,United States,31.43,False
a4a4e8,United States,216.73,False
c01533,Canada,111.76,False
348603,Spain,74.38,False
c05ba9,Canada,243.19,False
a2bfab,United States,49.24,False
a5b1a8,United States,70.87,False
adcd70,United States,252.25,False
aa84bb,United States,93.73,False
c0150d,Canada,0.0,True
a3cd99,United States,0.0,True
4d23c3,Malta,221.19,False
a681a3,United States,60.82,False
c05bc8,Canada,194.32,False
a957a2,United States,41.12,False
a694dd,United States,245.34,False
a6e4bb,United States,223.78,False
a5c4e5,United States,58.85,False
a5c4e2,United States,142.54,False
a5c4e1,United States,59.54,False
4caf2b,Ireland,72.4,False
a0e956,United States,237.97,False
4caf2a,Ireland,73.44,False
a85a19,United States,46.07,False
aa1d39,United States,38.31,False
ac291f,United States,173.81,False
a74d57,United States,5.4,True
717ce6,Saudi Arabia,210.07,False
a26fc9,United States,245.59,False
a38fa4,United States,169.44,False
a5c4db,United States,51.51,False
a0d639,United States,83.29,False
4d23ed,Malta,236.05,False
aae7a0,United States,210.84,False
ac27a6,United States,162.01,False
a3dfeb,United States,252.04,False
a32349,United States,92.11,False
a4eca6,United States,212.17,False
a3ccbd,United States,221.72,False
a4b964,United States,39.35,False
a9dd9b,United States,47.04,False
a8391b,United States,123.62,False
ab3d0a,United States,162.17,False
a2acbe,United States,3.6,True
514005,Georgia,0.0,True
514004,Georgia,74.59,True
a9a901,United States,217.85,False
aae7b3,United States,151.12,False
a19372,United States,169.71,False
a4b973,United States,64.79,False
4d23fb,Malta,223.3,False
4d23fc,Malta,237.51,False
4d23fd,Malta,223.44,False
a20338,United States,52.39,False
a3230f,United States,292.01,False
a0c32c,United States,58.59,False
c0282b,Canada,76.07,False
ab3d30,United States,43.33,False
c0282c,Canada,69.45,False
4caf82,Ireland,236.66,False
a2bfe2,United States,59.86,False
a5d965,United States,180.76,False
a57666,United States,152.82,False
a19344,United States,84.93,False
a19343,United States,147.09,False
ab3d39,United States,224.49,False
a8aa87,United States,277.32,False
a3ccf7,United States,0.0,True
a21679,United States,3.86,True
a06046,United States,249.77,False
8a0a84,Indonesia,220.4,False
ab3d41,United States,217.88,False
ab3d40,United States,256.78,False
a34978,United States,223.85,False
ac5d0d,United States,304.7,False
8a0a6a,Indonesia,236.45,False
a55017,United States,190.58,False
4caf7e,Ireland,211.82,False
c02835,Canada,53.29,False
a97a67,United States,1.15,False
a1939a,United States,76.86,False
ac5d38,United States,9.77,True
a06097,United States,55.01,False
a0b076,United States,61.66,False
a58938,United States,48.36,False
ac27cf,United States,109.05,False
e47ed1,Brazil,73.08,False
a5fa9f,United States,11.28,False
a32370,United States,47.24,False
ac27f0,United States,257.96,False
a18082,United States,258.7,False
a97a6d,United States,57.12,False
ab2a37,United States,68.61,False
a5760f,United States,143.2,False
ad34b4,United States,217.8,False
acad38,United States,227.15,False
a20373,United States,57.62,False
a20376,United States,55.9,False
ad6a18,United States,76.79,False
aa0a92,United States,53.8,False
a20385,United States,38.01,False
4072a5,United Kingdom,209.93,False
a50cb7,United States,86.55,False
aa0a6e,United States,78.26,False
abf4c6,United States,33.34,False
aac1af,United States,4.63,True
acad1d,United States,51.0,False
ac5d61,United States,215.12,False
a31093,United States,51.06,False
aac481,United States,53.39,False
a228ab,United States,49.39,False
ad111d,United States,176.37,False
ae5775,United States,86.47,False
a5a038,United States,25.45,False
a01e3d,United States,265.66,False
a25e0f,United States,32.75,False
a098f6,United States,100.18,False
a5c694,United States,175.84,False
3e7289,Germany,29.93,False
adcdd9,United States,26.96,False
a8bcdd,United States,4.89,True
a12b09,United States,126.37,False
aac499,United States,220.86,False
ac047d,United States,90.32,False
a6705c,United States,247.1,False
a8cfdd,United States,277.85,False
a8268d,United States,154.41,False
008126,South Africa,185.29,False
a93326,United States,61.5,False
45b534,Denmark,96.17,False
acf131,United States,196.78,False
406279,United Kingdom,242.55,False
aab187,United States,224.04,False
a098d8,United States,44.25,False
a79046,United States,253.45,False
a94661,United States,267.78,False
869560,Japan,238.19,False
ac049e,United States,249.93,False
a5500a,United States,130.84,False
a6e645,United States,37.68,False
4cadba,Ireland,252.43,False
aae9a3,United States,259.15,False
4cadbc,Ireland,223.25,False
aab18c,United States,4.63,True
4cadc8,Ireland,98.99,False
a6f96c,United States,199.14,False
4cadc1,Ireland,230.92,False
a99fd7,United States,25.25,False
ad2497,United States,33.68,False
4cadc3,Ireland,79.13,False
4cadc4,Ireland,0.0,True
4cade0,Ireland,214.75,False
4cade2,Ireland,151.73,False
a6d306,United States,67.85,False
c028f5,Canada,132.19,False
a5767d,United States,232.54,False
a6f961,United States,165.09,False
3988f5,France,4.15,False
adbaca,United States,254.09,False
34608e,Spain,99.29,False
4cadd9,Ireland,221.63,False
a202a1,United States,174.85,False
a12b0a,United States,250.21,False
a4308c,United States,51.7,False
aa742e,United States,91.05,False
346090,Spain,11.83,True
44a831,Belgium,224.88,False
4cada8,Ireland,69.79,False
c04b54,Canada,205.08,False
4cada3,Ireland,248.24,False
44a838,Belgium,234.38,False
4cada4,Ireland,244.85,False
a8cfa9,United States,152.21,False
48ac82,Poland,199.18,False
a8264f,United States,8.23,True
a8cfb3,United States,116.38,False
4cadc0,Ireland,246.53,False
abd19e,United States,186.17,False
a55055,United States,0.0,True
aa6103,United States,209.24,False
4cadac,Ireland,148.43,False
a5c67b,United States,42.23,False
a085da,United States,215.94,False
a00b3b,United States,51.44,False
4cadb8,Ireland,215.31,False
4cadb7,Ireland,214.31,False
a24b05,United States,159.05,False
a108fa,United States,62.96,False
a01e84,United States,51.08,False
406222,United Kingdom,227.23,False
3c7a41,Germany,228.18,False
c05e0a,Canada,77.49,False
a192f5,United States,60.52,False
4cadfd,Ireland,233.01,False
3c7a42,Germany,214.61,False
a072fd,United States,63.39,False
4cadff,Ireland,166.82,False
a335f4,United States,206.37,False
a455cd,United States,191.88,False
40753d,United Kingdom,245.25,False
a24b4b,United States,32.58,False
a4a5c9,United States,62.21,False
4cadfb,Ireland,226.66,False
4bd156,Turkey,231.08,False
a6f8c9,United States,32.2,False
4cadfc,Ireland,220.94,False
a36b50,United States,191.22,False
40753f,United Kingdom,215.04,False
adbb9e,United States,56.17,False
3c7a50,Germany,238.35,False
a50e66,United States,29.86,False
4bd14f,Turkey,246.47,False
a37e5a,United States,245.93,False
3c7a54,Germany,253.71,False
e47f21,Brazil,240.06,False
a37e74,United States,48.94,False
a575e0,United States,173.24,False
34604c,Spain,8.75,True
a1e2bc,United States,104.71,False
a455c7,United States,186.75,False
44a826,Belgium,167.26,False
ad7da2,United States,263.54,False
4cadf0,Ireland,218.85,False
407534,United Kingdom,227.32,False
ae5718,United States,290.09,False
ac0417,United States,150.84,False
a24b40,United States,246.41,False
a1e2b3,United States,0.0,False
3e0a36,Germany,25.77,False
4caddb,Ireland,229.12,False
3c7a4a,Germany,264.57,False
40751c,United Kingdom,248.85,False
4cade7,Ireland,237.85,False
84b7a1,Japan,247.8,False
4cade8,Ireland,84.76,False
4cade9,Ireland,216.07,False
ac1747,United States,220.32,False
4cade4,Ireland,252.44,False
a36b1d,United States,59.73,False
c05e1a,Canada,36.18,False
346047,Spain,67.67,False
a4db48,United States,47.77,False
a6e5a8,United States,79.25,False
a00b91,United States,116.28,False
aad766,United States,0.0,True
4cadf8,Ireland,238.12,False
4cadf9,Ireland,231.91,False
a13e8c,United States,171.93,False
4cadf4,Ireland,227.67,False
4cadf5,Ireland,233.86,False
ab8112,United States,264.02,False
c028cd,Canada,233.29,False
4cadf7,Ireland,223.19,False
0a80c2,Bahamas,225.29,False
a442f3,United States,8.75,True
aad75d,United States,41.48,False
40757f,United Kingdom,248.32,False
a08714,United States,309.96,False
e4bc02,Brazil,245.27,False
a80053,United States,33.47,False
ab2ad8,United States,232.2,False
406250,United Kingdom,213.45,False
a4b8c6,United States,44.58,False
40756d,United Kingdom,0.26,True
3b37ff,France,2.06,True
ae571a,United States,294.98,False
a3bb06,United States,46.89,False
40756b,United Kingdom,221.69,False
40756c,United Kingdom,239.5,False
acadb6,United States,51.59,False
40756a,United Kingdom,220.56,False
407575,United Kingdom,125.65,False
a48b51,United States,204.21,False
abf76b,United States,7.46,True
abe448,United States,179.08,False
ae5752,United States,139.21,False
aa617c,United States,70.18,False
40622d,United Kingdom,131.02,False
a36b73,United States,285.68,False
a455ea,United States,216.51,False
40622f,United Kingdom,198.8,False
a2ae7d,United States,216.63,False
a3bb19,United States,46.31,False
abe42c,United States,1.8,True
ac1789,United States,282.61,False
a335fa,United States,143.24,False
407568,United Kingdom,0.0,True
400be5,United Kingdom,224.15,False
a322d5,United States,54.11,False
a2ae6e,United States,37.26,False
abe450,United States,305.65,False
40621d,United Kingdom,246.22,False
a5a09d,United States,37.04,False
a24b7c,United States,220.09,False
a92043,United States,83.97,False
ad2445,United States,260.06,False
a588da,United States,33.44,False
a7907c,United States,64.91,False
ad7e6f,United States,255.95,False
c01694,Canada,87.26,False
ac5e8d,United States,177.95,False
4cae00,Ireland,223.24,False
a19404,United States,3.34,True
346107,Spain,247.54,False
acae64,United States,210.86,False
a97b52,United States,65.29,False
c0033f,Canada,30.94,False
a0d72b,United States,261.25,False
ad22d5,United States,29.86,False
4cae11,Ireland,223.04,False
ac4b72,United States,302.79,False
abe2d9,United States,263.5,False
aa72f5,United States,250.36,False
a9cb1c,United States,229.24,False
a85b6f,United States,68.66,False
a7f2e7,United States,58.76,False
44a6e4,Belgium,213.23,False
a9a8df,United States,60.82,False
adbb39,United States,262.02,False
a25dcc,United States,45.42,False
a25dce,United States,51.96,False
a12ac7,United States,312.33,False
a12ac8,United States,183.93,False
4cae49,Ireland,196.69,False
a0c42c,United States,168.01,False
4d22a0,Malta,246.09,False
a945b3,United States,58.92,False
a86e3f,United States,123.08,False
a945b9,United States,56.92,False
a86e47,United States,48.34,False
424c51,United Kingdom,128.18,False
a12ac1,United States,77.66,False
a12ac3,United States,152.17,False
a12ad5,United States,54.43,False
a61b4e,United States,241.15,False
c05cb6,Canada,37.68,False
a958f1,United States,126.52,False
4cae56,Ireland,252.17,False
a9a8d4,United States,46.55,False
4d22b0,Malta,207.8,False
4cae58,Ireland,197.4,False
4d22b1,Malta,208.47,False
4cae59,Ireland,217.66,False
a21771,United States,92.12,False
a25dd0,United States,47.7,False
4cae53,Ireland,214.48,False
3e0a41,Germany,28.2,False
4cae54,Ireland,263.66,False
c05cae,Canada,66.97,False
a695ea,United States,270.56,False
a61b51,United States,63.66,False
acae9c,United States,80.26,False
a37db9,United States,266.64,False
a33743,United States,192.99,False
a1f751,United States,129.79,False
a4ee93,United States,58.77,False
a37da1,United States,196.52,False
a682e3,United States,138.91,False
a1f733,United States,49.48,False
a5b2d9,United States,45.84,False
a07444,United States,58.53,False
a5b2d0,United States,36.38,False
a74e7a,United States,192.18,False
a1e411,United States,244.94,False
ac1701,United States,236.16,False
a825e3,United States,262.55,False
a12aa0,United States,222.37,False
300780,Italy,206.61,False
c80ed7,New Zealand,57.85,False
adbb6f,United States,263.1,False
a705f5,United States,41.18,False
a958d2,United States,223.7,False
4cae31,Ireland,199.47,False
aa0b29,United States,83.97,False
4cae33,Ireland,236.48,False
a705ee,United States,32.41,False
4cae1c,Ireland,66.89,False
4cae1d,Ireland,118.22,False
a24ade,United States,213.0,False
a3cde4,United States,284.23,False
a32460,United States,112.5,False
a33792,United States,194.87,False
a2adec,United States,78.82,False
a20471,United States,241.45,False
30074f,Italy,71.2,False
aa1dc2,United States,219.02,False
a2adf4,United States,202.61,False
4cae6d,Ireland,161.04,False
ac5e23,United States,165.88,False
4cae8c,Ireland,89.89,False
4cae8d,Ireland,240.75,False
a2f111,United States,116.77,False
a1f77c,United States,189.11,False
4cae97,Ireland,81.87,False
4cae98,Ireland,205.98,False
4cae99,Ireland,216.77,False
aa7409,United States,263.06,False
4cae92,Ireland,243.5,False
4cae93,Ireland,178.93,False
4cae94,Ireland,232.08,False
4cae91,Ireland,189.87,False
a57774,United States,116.19,False
4cae7d,Ireland,214.01,False
4073a0,United Kingdom,231.26,False
4d22af,Malta,223.47,False
a12ae9,United States,241.95,False
4cae5a,Ireland,223.17,False
a6e746,United States,52.69,False
a9cb83,United States,255.69,False
4d22ad,Malta,228.47,False
a5c74e,United States,43.59,False
ac28e5,United States,124.7,False
a5b41a,United States,3.09,True
4cae69,Ireland,232.86,False
4d22c1,Malta,198.78,False
4cae63,Ireland,266.13,False
4cae64,Ireland,215.17,False
a3cdfa,United States,284.35,False
4cae65,Ireland,232.62,False
4cae66,Ireland,241.67,False
4d22b7,Malta,201.26,False
4cae60,Ireland,193.07,False
4d22b8,Malta,205.8,False
4cae61,Ireland,233.77,False
4d22b9,Malta,81.84,False
ae68b6,United States,156.01,False
a32449,United States,216.22,False
a4dab6,United States,286.65,False
4d22b4,Malta,64.79,False
4d22b5,Malta,225.3,False
a18135,United States,41.18,False
c02969,Canada,91.58,False
4cae4b,Ireland,230.7,False
4cae4c,Ireland,84.93,False
a12ae4,United States,3.34,True
a12ae5,United States,1.03,True
4d22bf,Malta,224.28,False
a44416,United States,155.78,False
4cae6b,Ireland,186.96,False
a5b42f,United States,214.77,False
a1d105,United States,177.15,False
4d22bd,Malta,225.96,False
ab08fc,United States,197.59,False
ac5e47,United States,171.87,False
4d22be,Malta,209.63,False
a12aeb,United States,236.54,False
a37dbf,United States,263.13,False
a25df2,United States,42.3,False
a07497,United States,89.29,False
a6e72d,United States,72.43,False
4d22c3,Malta,199.2,False
a33766,United States,12.86,True
4d22ba,Malta,230.94,False
acae33,United States,43.22,False
ab2b2c,United States,252.23,False
ac15d1,United States,67.39,False
aad5ca,United States,242.44,False
a0b199,United States,217.77,False
ae68ba,United States,70.03,False
a9cb67,United States,2.83,True
a48af4,United States,89.96,False
a3cdb2,United States,163.74,False
3472cc,Spain,207.53,False
ad35c8,United States,0.06,True
ab2b3f,United States,51.82,False
c05d9d,Canada,240.05,False
adce02,United States,6.43,True
e0a445,Argentina,201.91,False
3aafff,France,8.75,True
ac02b4,United States,141.74,False
a85b7b,United States,55.69,False
a086b4,United States,175.38,False
4cae9b,Ireland,76.15,False
4cae9d,Ireland,100.91,False
4cae9e,Ireland,202.17,False
4cae9a,Ireland,220.64,False
ad22a5,United States,54.65,False
a3113a,United States,185.99,False
ad22a1,United States,42.92,False
3472c9,Spain,123.16,False
3472c4,Spain,210.26,False
ad7e65,United States,42.93,False
4d22f7,Malta,228.09,False
ad48ef,United States,7.46,True
abe2a3,United States,214.78,False
4cae8f,Ireland,185.46,False
ac02c1,United States,44.47,False
ad6b0c,United States,223.17,False
4d22ff,Malta,227.77,False
ad6b0f,United States,211.25,False
a01f13,United States,187.38,False
a5640a,United States,52.39,False
a48ac4,United States,208.51,False
4d22fb,Malta,228.18,False
4d22fe,Malta,228.5,False
4cae9f,Ireland,221.67,False
a35d38,United States,218.17,False
ace391,United States,123.28,False
c00926,Canada,241.02,False
aa78af,United States,34.82,False
a7d276,United States,229.45,False
a09a58,United States,263.93,False
a8059b,United States,0.06,True
ac08b1,United States,234.97,False
abb080,United States,92.26,False
a687af,United States,67.31,False
ac3e13,United States,2.06,True
a207ce,United States,139.48,False
a077fe,United States,52.56,False
a11d47,United States,5.14,True
abe8a0,United States,78.55,False
a92599,United States,34.65,False
a4ba02,United States,177.91,False
aa4089,United States,117.3,False
abe8b6,United States,212.37,False
a8f262,United States,52.12,False
ac08d4,United States,158.12,False
a58a10,United States,43.08,False
a051c0,United States,158.38,False
aab5b7,United States,92.11,False
4cacb0,Ireland,234.49,False
a171f1,United States,218.48,False
a171f7,United States,32.94,False
a291ce,United States,147.06,False
a09a90,United States,170.24,False
a35d79,United States,160.96,False
a7e55c,United States,39.06,False
a47d4c,United States,221.9,False
aa405f,United States,259.02,False
a10a7b,United States,43.01,False
86960c,Japan,159.0,False
adf06d,United States,155.05,False
a8f235,United States,303.25,False
4d230c,Malta,244.64,False
a35d73,United States,95.21,False
34838b,Spain,219.72,False
4cacb5,Ireland,222.78,False
a2f4d1,United States,47.47,False
34838a,Spain,149.83,False
a0a1f1,United States,34.39,False
a47d46,United States,1.54,True
4cacb4,Ireland,236.47,False
a314d9,United States,155.61,False
a0ea3f,United States,269.01,False
a434ac,United States,59.22,False
aaeb27,United States,64.31,False
ac3e3a,United States,194.27,False
ad28ce,United States,189.3,False
a7827c,United States,212.83,False
4d2303,Malta,167.12,False
a8aef3,United States,5.4,False
4d2304,Malta,260.47,False
a7e580,United States,47.85,False
4d2301,Malta,87.89,False
4d2302,Malta,193.92,False
a2f4b5,United States,56.94,False
348383,Spain,198.43,False
c03d9a,Canada,45.11,False
a9cecf,United States,248.17,False
a9cecd,United States,209.02,False
a314c5,United States,37.68,False
ab0b56,United States,42.69,False
a327ee,United States,149.83,False
a2f4b1,United States,17.97,False
a794d9,United States,204.31,False
3c56ef,Germany,224.99,False
ac4ffb,United States,2.57,True
a95a03,United States,194.75,False
a46a72,United States,226.55,False
4d2357,Malta,203.23,False
a661aa,United States,196.28,False
4d234a,Malta,178.93,False
4d234b,Malta,231.89,False
a661ae,United States,82.51,False
aa9b65,United States,201.59,False
3c56f7,Germany,25.21,True
3c56f6,Germany,3.6,True
3c56f5,Germany,224.35,False
a60d70,United States,26.01,False
a6c4d7,United States,198.84,False
a58a67,United States,244.62,False
4d2350,Malta,209.25,False
a794e1,United States,238.34,False
4d2352,Malta,222.34,False
ab6020,United States,241.25,False
3c56ea,Germany,220.7,False
4d2369,Malta,55.05,True
4d2368,Malta,196.74,False
a5a4f3,United States,50.0,False
800b63,India,78.11,False
a924c6,United States,213.44,False
ac8009,United States,210.32,False
a06624,United States,67.75,False
ad6fdd,United States,36.53,False
4d234c,Malta,224.73,False
4d234d,Malta,166.68,False
4d234e,Malta,249.9,False
4d234f,Malta,198.28,False
a674f4,United States,140.04,False
a781a0,United States,267.58,False
aab685,United States,218.53,False
ac3cef,United States,169.14,False
aaa34c,United States,0.0,True
a2e1ce,United States,188.73,False
ab7376,United States,181.88,False
a6b1c3,United States,5.14,True
a1c1ed,United States,58.03,False
a301df,United States,236.31,False
aa9b42,United States,200.96,False
4d2347,Malta,239.36,False
a0791d,United States,130.42,False
4cace0,Ireland,95.54,False
4d2349,Malta,0.0,True
a2e1c7,United States,222.65,False
4d2346,Malta,227.04,False
a301d8,United States,193.75,False
c03d68,Canada,53.79,False
ab603c,United States,42.19,False
a19910,United States,197.13,False
ac801e,United States,256.42,False
a0c902,United States,271.11,False
acd00b,United States,61.58,False
a5b7d1,United States,51.56,False
a5a4a0,United States,50.78,False
a0c94e,United States,39.18,False
a1e948,United States,210.17,False
a0c94f,United States,107.16,False
a32940,United States,47.37,False
4d2392,Malta,213.53,False
a44916,United States,105.23,False
abd69d,United States,152.84,False
a674aa,United States,217.52,False
a1863b,United States,228.11,False
a72d13,United States,74.4,False
a12fda,United States,209.44,False
ad1697,United States,166.31,False
a0665d,United States,100.08,False
a0c968,United States,109.67,False
800b9c,India,208.53,False
a5a4c6,United States,50.53,False
4d236a,Malta,86.17,False
ad036e,United States,226.48,False
4d236b,Malta,131.02,False
4d236c,Malta,0.0,True
a32919,United States,125.9,False
ad036b,United States,142.36,False
ab6081,United States,132.06,False
acf69b,United States,168.82,False
a07965,United States,39.65,False
a5ed58,United States,41.37,False
a3ad88,United States,219.79,False
348306,Spain,188.19,False
348307,Spain,191.88,False
348305,Spain,195.09,False
a0b60c,United States,256.87,False
c007d8,Canada,189.43,False
a60d5a,United States,45.07,False
a1e910,United States,73.61,False
a24fb8,United States,183.51,False
c007d0,Canada,211.74,False
3c56f4,Germany,216.34,False
a2e1fd,United States,213.41,False
a06646,United States,215.36,False
300394,Italy,88.63,False
4d2386,Malta,227.26,False
4d2382,Malta,226.5,False
348412,Spain,197.79,False
ac0912,United States,46.83,False
ae21de,United States,64.21,False
a44960,United States,265.27,False
a3aca6,United States,259.81,False
8694d8,Japan,240.3,False
a06697,United States,176.09,False
a44963,United States,216.27,False
a44962,United States,10.29,True
a9bd7b,United States,64.44,False
a0b666,United States,90.91,False
0d0ee3,Mexico,201.78,False
a2097b,United States,29.69,False
0d0ee9,Mexico,233.86,False
a36ff7,United States,0.0,True
3c5829,Germany,203.02,False
a4493f,United States,270.57,False
a4493d,United States,136.41,False
a1d63f,United States,50.68,False
a1d63d,United States,157.49,False
a4493a,United States,82.35,False
aab603,United States,150.6,False
ac0929,United States,33.91,False
a6892b,United States,86.1,False
a7f90d,United States,51.21,False
a6d932,United States,170.81,False
a44943,United States,136.05,False
a9bd78,United States,50.73,False
4d228b,Malta,235.51,False
a44940,United States,268.44,False
a23cb0,United States,70.96,False
a6893e,United States,260.26,False
a05347,United States,238.01,False
a8f1d2,United States,130.19,False
a0fcd4,United States,216.06,False
abe930,United States,92.06,False
a66301,United States,127.06,False
a4491d,United States,165.77,False
a4491c,United States,205.47,False
a4491a,United States,238.6,False
3c582d,Germany,261.84,False
ab994f,United States,37.97,False
4cad29,Ireland,228.89,False
a1b038,United States,110.52,False
ad6fb5,United States,39.3,False
ad292a,United States,273.59,False
aa9a7a,United States,75.75,False
a2d023,United States,279.79,False
aa51fe,United States,116.49,False
ad1605,United States,255.03,False
c03bfb,Canada,197.61,False
a4365e,United States,67.42,False
a68903,United States,196.36,False
abd627,United States,188.57,False
398601,France,213.65,False
a68902,United States,65.12,False
aab62f,United States,50.66,False
c03bf2,Canada,229.89,False
4cad39,Ireland,215.43,False
a1b024,United States,57.33,False
a04088,United States,76.39,False
a28036,United States,81.28,False
a43667,United States,273.09,False
a0407f,United States,186.49,False
a7f7fc,United States,0.0,True
4cad1e,Ireland,228.49,False
4cad1f,Ireland,224.23,False
a4497f,United States,230.92,False
a68914,United States,75.17,False
a44988,United States,124.71,False
862d2e,Japan,260.15,False
4070eb,United Kingdom,227.08,False
a44983,United States,260.49,False
4070ec,United Kingdom,90.11,False
a44982,United States,136.03,False
a44981,United States,243.13,False
4070ef,United Kingdom,247.31,False
a36fff,United States,192.07,False
a7d1e8,United States,52.93,False
8694b6,Japan,265.57,False
a44984,United States,184.57,False
4070ee,United Kingdom,220.39,False
84b7e5,Japan,202.19,False
ac3cb8,United States,80.27,False
4cad10,Ireland,218.57,False
4cad11,Ireland,0.9,True
4cad12,Ireland,211.62,False
a6b1dc,United States,216.46,False
aaa339,United States,65.66,False
aa9a57,United States,129.97,False
4070e8,United Kingdom,216.72,False
4070e9,United Kingdom,221.61,False
0d0ed6,Mexico,185.66,False
4070e1,United Kingdom,248.71,False
a4dfa6,United States,230.1,False
4070e6,United Kingdom,74.85,False
4070e7,United Kingdom,213.73,False
ab0a2f,United States,26.46,False
a1c39e,United States,60.68,False
151fe7,Russian Federation,206.53,False
151fe8,Russian Federation,27.82,False
151fe9,Russian Federation,227.31,False
ad27e0,United States,45.76,False
ab0a47,United States,44.67,False
4cad4f,Ireland,209.37,False
abe7e3,United States,225.98,False
4c01e4,Serbia,236.99,False
398640,France,228.04,False
a6b324,United States,49.82,False
4c01e5,Serbia,7.72,True
151fd1,Russian Federation,80.9,False
a6b327,United States,32.7,False
ac07fd,United States,0.77,True
a6d982,United States,66.04,False
ac3d4a,United States,1.63,False
a8afec,United States,188.32,False
ad14af,United States,89.75,False
4c01f3,Serbia,212.5,False
a8063e,United States,267.11,False
a7e630,United States,307.09,False
aafd6a,United States,250.1,False
4cad42,Ireland,222.07,False
ac91af,United States,54.33,False
4cad44,Ireland,254.65,False
a80689,United States,283.68,False
3482d5,Spain,218.29,False
84b940,Japan,234.46,False
ab84ff,United States,260.33,False
a1c397,United States,32.48,False
a97fd8,United States,39.83,False
3c4582,Germany,269.24,False
a97fd9,United States,151.79,False
151ff1,Russian Federation,28.61,False
151ff4,Russian Federation,236.54,False
4cad57,Ireland,230.77,False
3c458b,Germany,4.12,True
a80677,United States,233.49,False
3c458f,Germany,263.43,False
ab0a72,United States,67.19,False
4cad51,Ireland,0.0,True
4cad52,Ireland,134.08,False
ab0a76,United States,129.14,False
4cad3e,Ireland,210.09,False
a1c386,United States,46.14,False
3c4592,Germany,0.0,True
4cad3f,Ireland,212.96,False
151fee,Russian Federation,248.95,False
3c4593,Germany,244.83,False
aa797d,United States,198.9,False
c00895,Canada,67.35,False
3c4596,Germany,252.91,False
3c4597,Germany,4.63,True
4cad3d,Ireland,265.05,False
ad5d4a,United States,25.72,False
c00899,Canada,0.64,True
a5a62f,United States,207.61,False
ad5d6f,United States,110.23,False
ab1d9e,United States,47.65,False
a8060e,United States,58.28,False
0d0f91,Mexico,226.48,False
4cad9f,Ireland,99.89,False
ac2a69,United States,213.51,False
ad14f9,United States,213.11,False
abc1bc,United States,240.87,False
a0c8e2,United States,63.53,False
a4ccd0,United States,43.85,False
a41090,United States,136.28,False
ace1af,United States,72.03,False
a41096,United States,240.68,False
ad01ab,United States,113.56,False
4d21ec,Malta,215.72,False
ac91d4,United States,1.29,False
4d21ed,Malta,203.33,False
4d21ee,Malta,122.52,False
4d21ea,Malta,170.17,False
ad5d5c,United States,44.24,True
a6c616,United States,42.19,False
a6c617,United States,34.39,False
a0c8f2,United States,36.96,False
a0c8f7,United States,214.25,False
a2d096,United States,53.68,False
a73fd1,United States,57.88,False
a1e8c2,United States,38.35,False
a6d93a,United States,146.28,False
8694fa,Japan,182.09,False
4d21fc,Malta,248.05,False
a198ea,United States,55.3,False
4d21fe,Malta,122.85,False
a198ed,United States,232.28,False
a72ca2,United States,179.54,False
4cad7a,Ireland,81.84,False
4cad7b,Ireland,69.98,False
4d21ce,Malta,118.64,False
4c01eb,Serbia,231.09,False
4c01ec,Serbia,206.35,False
4cad86,Ireland,243.3,False
4cad87,Ireland,235.23,False
aa6627,United States,44.67,False
4c01ee,Serbia,121.29,False
a208b1,United States,0.0,True
a6c63d,United States,45.54,False
a7f93c,United States,94.5,False
a4105b,United States,6.94,True
abc1ef,United States,57.22,False
aaea8c,United States,179.71,False
a6b301,United States,48.83,False
4cad97,Ireland,220.47,False
a198e5,United States,233.76,False
4cad98,Ireland,218.5,False
4d21f0,Malta,228.71,False
4d21f2,Malta,227.4,False
4cad93,Ireland,189.79,False
4cad94,Ireland,218.49,False
a5ffeb,United States,47.69,False
a1b092,United States,203.77,False
4cad95,Ireland,229.34,False
4cad96,Ireland,211.46,False
a208c3,United States,0.32,True
4cad91,Ireland,206.13,False
4d21e9,Malta,257.24,False
4d21db,Malta,242.09,False
a6d95b,United States,238.04,False
a6898d,United States,186.49,False
4cad7f,Ireland,225.12,False
45d965,Denmark,154.86,False
45d961,Denmark,208.58,False
a302a0,United States,200.86,False
acd181,United States,179.63,False
ae1180,United States,104.63,False
a172c9,United States,4.37,True
a89076,United States,166.49,False
abb19c,United States,259.2,False
a5b8c2,United States,238.65,False
a35e49,United States,292.45,False
a0b5fa,United States,71.53,False
a10b68,United States,47.72,False
39c498,France,249.35,False
a448d7,United States,216.24,False
aaec00,United States,42.34,False
a448d5,United States,223.79,False
a0a2bd,United States,273.71,False
a8e071,United States,31.53,False
800c08,India,214.92,False
ab99db,United States,58.46,False
a6b39c,United States,46.23,False
a448d3,United States,282.95,False
a11e8b,United States,249.12,False
a8e039,United States,88.72,False
0d0f72,Mexico,132.08,False
ad29c1,United States,40.69,False
c03da9,Canada,175.39,False
ac2c10,United States,189.92,False
a4109a,United States,35.62,False
86e778,Japan,214.64,False
a0a2b3,United States,51.22,False
ab86d1,United States,69.72,False
a60e3f,United States,59.39,False
ae1193,United States,217.13,False
ab86d5,United States,57.92,False
ac3f2f,United States,228.01,False
4d20fd,Malta,245.18,False
a89086,United States,7.46,True
a172ae,United States,220.64,False
4d20fb,Malta,5.92,True
a7e691,United States,235.14,False
3003ae,Italy,227.33,False
3003af,Italy,10.8,True
a1c2f6,United States,17.12,False
aa4195,United States,247.4,False
a1c2f1,United States,0.0,True
34718e,Spain,251.62,False
a8068f,United States,193.7,False
a6a03c,United States,38.6,False
485a83,Kingdom of the Netherlands,244.3,False
c02b6f,Canada,50.0,False
485a81,Kingdom of the Netherlands,14.92,True
485a86,Kingdom of the Netherlands,150.94,False
800c47,India,74.6,False
485a84,Kingdom of the Netherlands,240.65,False
a5307f,United States,157.2,False
4d2208,Malta,245.31,False
71bd73,Republic of Korea,225.71,False
ac3f77,United States,225.49,False
71bd78,Republic of Korea,246.53,False
a6a068,United States,40.75,False
a448fc,United States,139.42,False
ac3f5a,United States,69.94,False
a65086,United States,165.31,False
aa9afc,United States,246.75,False
a91349,United States,280.96,False
a35e5b,United States,183.56,False
a8f338,United States,193.85,False
a35e66,United States,32.41,True
a9cff2,United States,58.44,False
a92681,United States,83.34,False
a448f2,United States,9.26,True
a2f5d0,United States,227.31,False
4d2237,Malta,224.1,False
ac3dec,United States,199.76,False
a6fb41,United States,170.64,False
4d2238,Malta,130.96,False
c03e6d,Canada,48.37,False
4d2239,Malta,189.45,False
ac2abd,United States,6.43,True
4d2234,Malta,215.91,False
4d2235,Malta,235.82,False
4d2236,Malta,234.94,False
a9ab05,United States,235.49,False
4d222a,Malta,106.84,False
4d221e,Malta,0.0,True
4d221f,Malta,215.12,False
34714e,Spain,218.47,False
3986e6,France,85.66,False
4d221a,Malta,225.89,False
abc440,United States,24.4,False
3986e3,France,110.11,False
a06738,United States,50.77,False
4d221d,Malta,235.05,False
4d2232,Malta,230.51,False
a6c5f1,United States,68.38,False
4d2248,Malta,224.38,False
aaeae5,United States,204.5,False
4d2244,Malta,226.72,False
4d2245,Malta,221.6,False
4d2246,Malta,240.06,False
4d2247,Malta,217.21,False
800c89,India,259.37,False
4c0261,Serbia,238.81,False
4d223a,Malta,240.37,False
096028,Cape Verde,197.72,False
a05410,United States,227.9,False
ac8135,United States,31.53,False
4c0260,Serbia,11.32,True
ab0aef,United States,5.66,True
a7e5ad,United States,50.67,False
ac2ad5,United States,65.88,False
4d222b,Malta,251.71,False
4d222c,Malta,203.27,False
4d222d,Malta,153.95,False
4d222e,Malta,226.73,False
a46b6b,United States,56.83,False
4d2240,Malta,209.67,False
4d2241,Malta,243.99,False
4d2242,Malta,189.07,False
4d2243,Malta,229.87,False
a0540a,United States,5.14,True
a422f7,United States,115.36,False
4d2216,Malta,249.16,False
a5db6a,United States,90.19,False
4d2211,Malta,195.37,False
4d2212,Malta,196.33,False
4d2213,Malta,179.07,False
ae1118,United States,180.57,False
4d2219,Malta,233.95,False
a7d2c4,United States,173.72,False
a7d2ae,United States,223.42,False
800c4a,India,233.94,False
ace455,United States,48.57,False
a782dd,United States,248.2,False
485a33,Kingdom of the Netherlands,3.6,True
abd77e,United States,93.11,False
485a34,Kingdom of the Netherlands,149.61,False
4d2210,Malta,190.96,False
4d2226,Malta,255.32,False
4d2228,Malta,240.15,False
a5ee8f,United States,102.81,False
4d2229,Malta,225.7,False
4d2222,Malta,242.44,False
4d2223,Malta,253.47,False
4d2224,Malta,221.34,False
4d2225,Malta,96.66,False
4c0242,Serbia,163.16,False
4c0241,Serbia,115.61,False
ab615b,United States,143.19,False
0d0f07,Mexico,229.96,False
ab6172,United States,86.82,False
4c0244,Serbia,132.7,False
4d220b,Malta,13.38,True
4c0245,Serbia,114.03,False
ab6177,United States,58.68,False
4d2220,Malta,220.47,False
abb12d,United States,116.79,False
ae1137,United States,110.93,False
acd12f,United States,39.57,False
4d2279,Malta,235.84,False
4d226b,Malta,184.2,False
4d226c,Malta,228.89,False
ae1135,United States,103.05,False
a09ab9,United States,288.59,False
4d226e,Malta,199.71,False
86e79a,Japan,248.99,False
4d226a,Malta,220.71,False
40600e,United Kingdom,246.56,False
40600d,United Kingdom,243.03,False
4d225e,Malta,225.03,False
c008f0,Canada,252.61,False
a6c5b0,United States,52.48,False
4d2274,Malta,214.72,False
4d2275,Malta,223.4,False
a688f4,United States,42.92,False
4d2270,Malta,204.61,False
4d2271,Malta,233.92,False
406014,United Kingdom,242.58,False
406015,United Kingdom,215.24,False
4d2288,Malta,251.38,False
406018,United Kingdom,72.97,False
4d2289,Malta,203.06,False
0d0dfb,Mexico,45.1,False
aa9c39,United States,53.5,False
4d227e,Malta,175.15,False
a688ff,United States,314.73,False
a09ac5,United States,62.68,False
4d227a,Malta,242.35,False
a925a8,United States,49.32,False
a05458,United States,62.15,False
4d226f,Malta,239.99,False
4d2286,Malta,196.22,False
ae111c,United States,128.08,False
4d2287,Malta,206.02,False
a4ce71,United States,230.43,False
4d2259,Malta,200.35,False
ab618b,United States,188.17,False
abc49b,United States,96.8,False
4d2256,Malta,200.49,False
4d2257,Malta,159.86,False
a675f1,United States,52.78,False
4d2258,Malta,222.95,False
4d224c,Malta,219.95,False
a542d7,United States,0.0,True
4cabde,Ireland,134.54,False
40731c,United Kingdom,246.53,False
4cabda,Ireland,234.4,False
a5b8fe,United States,44.29,False
a0541b,United States,271.4,False
4d2268,Malta,225.46,False
4d2269,Malta,229.54,False
4d225b,Malta,207.19,False
4d225c,Malta,100.09,False
4d225d,Malta,221.02,False
a675ef,United States,46.35,False
ad4afe,United States,198.05,False
a09aa4,United States,125.39,False
3c55c5,Germany,0.39,True
3c55c3,Germany,227.29,False
4d224d,Malta,192.34,False
aa66ad,United States,61.24,False
4d224f,Malta,188.31,False
3c55c7,Germany,195.24,False
4d2263,Malta,125.39,False
70afb9,Nepal,211.05,False
a6d8f4,United States,51.81,False
a5db2c,United States,235.44,False
4cabf8,Ireland,247.8,False
4d2261,Malta,250.83,False
c008a6,Canada,59.68,False
c008a9,Canada,215.52,False
71005e,Saudi Arabia,230.47,False
a05483,United States,213.04,False
a22ac6,United States,204.89,False
0d0dc4,Mexico,172.09,False
c0807f,Canada,133.06,False
a34aa0,United States,214.27,False
a3add3,United States,281.85,False
0d0dbe,Mexico,212.13,False
0d0dd1,Mexico,184.69,False
710063,Saudi Arabia,270.2,False
a1d772,United States,101.84,False
a0548f,United States,204.38,False
a9ab64,United States,51.44,False
ab7402,United States,230.3,False
a3ade9,United States,154.18,False
a05467,United States,165.45,False
ad1709,United States,81.49,False
400a5b,United Kingdom,213.78,False
4071d9,United Kingdom,0.0,True
4071d7,United Kingdom,103.29,False
493288,Portugal,196.23,False
493284,Portugal,206.56,False
a6c71c,United States,0.0,True
348508,Spain,243.14,False
a2942e,United States,212.5,False
a35dc2,United States,181.9,False
c008b7,Canada,199.06,False
ab8748,United States,233.22,False
a9ab72,United States,252.22,False
a05470,United States,274.25,False
a2f71a,United States,80.44,False
a1c411,United States,47.04,False
c03e07,Canada,267.14,False
a22ab7,United States,55.11,False
a2f721,United States,206.87,False
0d0df4,Mexico,44.38,False
a35db6,United States,121.69,False
a2941c,United States,79.69,False
aafdc4,United States,190.85,False
4cac06,Ireland,248.17,False
a9be5f,United States,72.6,False
c0803a,Canada,257.52,False
a4111b,United States,39.11,False
a1b162,United States,226.0,False
a912f0,United States,143.07,False
a2d11e,United States,53.23,False
a6b2de,United States,88.07,False
4b19fc,Switzerland,231.37,False
a96e9a,United States,213.91,False
a079c1,United States,55.08,False
a1b150,United States,55.67,False
a41110,United States,54.45,False
ac3dd2,United States,267.26,False
a46ab3,United States,156.57,False
0d0da4,Mexico,229.83,False
a2946d,United States,93.71,False
710053,Saudi Arabia,280.8,False
a16154,United States,9.26,True
0d0da8,Mexico,200.73,False
abc40d,United States,142.0,False
a5571c,United States,231.73,False
a22aeb,United States,4.12,True
c08059,Canada,123.31,False
71002a,Saudi Arabia,237.22,False
a7d2f7,United States,0.0,True
ab0acb,United States,225.17,False
a7d2f1,United States,233.35,False
ab611e,United States,65.48,False
a17490,United States,201.37,False
ad5daf,United States,134.27,False
a1d77e,United States,84.72,False
a9be4c,United States,43.92,False
a55731,United States,86.97,False
0d0db9,Mexico,108.7,False
a90101,United States,62.96,False
abc2b1,United States,54.5,False
151ec3,Russian Federation,176.99,False
a9bdae,United States,63.39,False
a5447f,United States,74.72,False
a209b9,United States,118.0,False
151ec8,Russian Federation,216.39,False
ac92b1,United States,126.31,False
c03cd3,Canada,84.66,False
a6b449,United States,45.97,False
a23f0c,United States,233.88,False
aaa2d3,United States,272.43,False
4cac54,Ireland,175.97,False
4cac55,Ireland,227.46,False
4cac56,Ireland,218.2,False
c04fff,Canada,211.82,False
ad15cf,United States,195.72,False
a2d168,United States,50.79,False
a209c0,United States,189.53,False
a77150,United States,220.5,False
a8f402,United States,75.57,False
ad4b54,United States,142.31,False
4cac20,Ireland,226.62,False
a199a5,United States,57.33,False
acf5f4,United States,190.86,False
ac2b61,United States,0.0,True
abc2c8,United States,293.25,False
4cac0b,Ireland,239.17,False
a71adb,United States,191.45,False
a066a5,United States,169.71,False
71be41,Republic of Korea,191.4,False
71be40,Republic of Korea,229.2,False
aaeb6a,United States,200.2,False
a41144,United States,129.53,False
aafe9a,United States,40.35,False
a0c9b2,United States,290.91,False
a80799,United States,167.82,False
a2d147,United States,51.44,False
a77147,United States,62.35,False
4cac1e,Ireland,207.97,False
4cac1f,Ireland,240.9,False
c04fd4,Canada,41.48,False
a65104,United States,163.24,False
aa9ab6,United States,299.45,False
aa542f,United States,232.07,False
4cac87,Ireland,228.87,False
04c15b,Kenya,298.02,False
4cac89,Ireland,226.87,False
4cac85,Ireland,242.27,False
abc2e5,United States,268.19,False
a55785,United States,250.21,False
861b8e,Japan,232.02,False
a6774d,United States,51.03,False
a3f133,United States,253.49,False
4cac8e,Ireland,173.41,False
04c159,Kenya,210.91,False
4cac8a,Ireland,61.75,False
c04fae,Canada,81.28,False
885b45,Thailand,179.6,False
a58aca,United States,57.31,False
a186e8,United States,66.63,False
a5edbf,United States,188.39,False
a84dd1,United States,274.63,False
0d0e91,Mexico,214.8,False
a6b435,United States,210.94,False
a5edf9,United States,87.61,False
a079fc,United States,240.31,False
c03cad,Canada,115.45,False
39c421,France,160.61,False
4d20c0,Malta,260.43,False
a449a2,United States,257.19,False
abc2fb,United States,4.63,True
a77111,United States,276.1,False
c04ff7,Canada,209.07,False
71be09,Republic of Korea,210.51,False
a1e9ad,United States,63.31,False
39b101,France,237.0,False
a1e9ac,United States,234.45,False
c04fe4,Canada,221.58,False
4d20bd,Malta,109.83,False
4d20be,Malta,525.87,False
4d20bf,Malta,244.03,False
a6c756,United States,150.38,False
a23f2c,United States,95.02,False
04c11a,Kenya,249.41,False
a79768,United States,221.97,False
c04fdd,Canada,260.44,False
a053ad,United States,251.04,False
4d20bc,Malta,231.0,False
773645,Sri Lanka,230.66,False
800d13,India,143.98,False
acf486,United States,276.04,False
a9235f,United States,50.83,False
a0c5c6,United States,173.91,False
ad5afe,United States,196.58,False
a1e5b5,United States,244.33,False
a12e57,United States,204.21,False
a1f8e4,United States,258.87,False
a8acfb,United States,75.12,False
a12e70,United States,53.54,False
adbdee,United States,206.9,False
a92383,United States,45.69,False
a92384,United States,290.88,False
ae478a,United States,57.62,False
a9499e,United States,77.86,False
a088ec,United States,50.61,False
a9ccbd,United States,78.15,False
a2e098,United States,258.73,False
a0d8d8,United States,33.5,False
a11b00,United States,219.02,False
aaa19e,United States,204.06,False
a338ac,United States,83.72,False
86d572,Japan,224.88,False
40832b,United Kingdom,246.32,False
a062a4,United States,84.61,False
a7d057,United States,55.69,False
a338a6,United States,52.97,False
0c20dd,Panama,243.56,False
a48e53,United States,49.94,False
86e844,Japan,236.38,False
ac4f29,United States,223.4,False
a062ec,United States,0.06,True
a80345,United States,94.71,False
a6b014,United States,85.97,False
aa6497,United States,110.88,False
a35b39,United States,286.22,False
a5669f,United States,301.48,False
a1e5f1,United States,2.57,True
a062ef,United States,152.04,False
a8bfeb,United States,0.0,True
a6c33f,United States,174.8,False
ac06a1,United States,227.75,False
a1e5eb,United States,116.16,False
a9cca5,United States,198.63,False
04c2a6,Kenya,220.81,False
7c7c76,Australia,75.83,False
a445ad,United States,174.5,False
a7e318,United States,180.8,False
a78018,United States,51.47,False
ad39ab,United States,62.77,False
c03b54,Canada,103.69,False
a7e310,United States,249.87,False
a9ccb6,United States,48.77,False
aa779d,United States,0.0,True
a23b55,United States,0.06,True
c03b6f,Canada,59.8,False
0c20ba,Panama,239.57,False
a6c365,United States,136.81,False
a062ca,United States,50.17,False
a12e80,United States,256.33,False
a48e1d,United States,8.23,True
a1e5d6,United States,60.93,False
ab1c37,United States,129.3,False
a445a4,United States,178.21,False
a7f672,United States,61.32,False
abf9d5,United States,18.01,True
ac4f51,United States,56.18,False
a23b40,United States,197.87,False
a6c358,United States,108.12,False
a5a37d,United States,46.58,False
ac3c0c,United States,280.28,False
aa777e,United States,143.68,False
a338db,United States,133.76,False
aa0dfa,United States,286.76,False
a23b36,United States,73.76,False
ace19e,United States,52.05,False
710108,Saudi Arabia,83.35,False
a3be7c,United States,246.63,False
4691c5,Greece,3.86,True
4691c2,Greece,1.54,True
4691c1,Greece,198.0,False
ad2733,United States,215.45,False
aa76ef,United States,0.0,True
aab431,United States,273.8,False
a552bc,United States,53.24,False
a23b89,United States,32.87,False
4d2129,Malta,256.73,False
a2f2d8,United States,50.63,False
a48e81,United States,206.51,False
0c218a,Panama,199.15,False
a445ec,United States,220.02,False
451d86,Bulgaria,229.87,False
a445ef,United States,221.47,False
451d85,Bulgaria,233.68,False
34810b,Spain,0.0,True
ac3aa8,United States,165.65,False
710100,Saudi Arabia,213.0,False
a445f2,United States,0.51,True
a708ef,United States,187.29,False
710104,Saudi Arabia,181.42,False
4caab4,Ireland,196.94,False
0c2195,Panama,241.48,False
710102,Saudi Arabia,269.24,False
a59b5e,United States,243.36,False
a4cb68,United States,40.49,False
a72b40,United States,165.24,False
aaa120,United States,215.17,False
a6d5ca,United States,193.22,False
a5a2c2,United States,46.24,False
71011e,Saudi Arabia,210.37,False
71011d,Saudi Arabia,243.47,False
a445dd,United States,47.62,False
010154,Egypt,230.08,False
010153,Egypt,250.58,False
a73e6d,United States,232.1,False
abd41a,United States,151.99,False
aaa125,United States,4.12,True
a1d2dc,United States,258.81,False
710119,Saudi Arabia,243.74,False
a4cb75,United States,228.23,False
aab462,United States,207.79,False
0c216c,Panama,223.75,False
a445cd,United States,203.88,False
c005d6,Canada,60.88,False
a36e86,United States,75.56,False
71010f,Saudi Arabia,125.94,False
a445d9,United States,203.04,False
a5a2ba,United States,37.3,False
800d7a,India,109.45,False
a6d5d1,United States,224.01,False
abe77a,United States,226.78,False
ac9134,United States,56.59,True
abc123,United States,70.22,False
4caada,Ireland,104.54,False
a3be50,United States,114.75,False
4c0178,Serbia,132.29,False
4c0177,Serbia,134.37,False
ac078b,United States,215.0,False
ac3adf,United States,217.17,False
adbdc1,United States,283.26,False
adbdc6,United States,49.87,False
adbdc9,United States,183.95,False
ad0122,United States,235.37,False
ad6df0,United States,72.68,False
a18403,United States,214.33,False
aa76a8,United States,6.17,True
408305,United Kingdom,0.51,True
abe79d,United States,257.86,False
ae2125,United States,7.2,True
3c54a1,Germany,216.7,False
a3be73,United States,50.67,False
4d2131,Malta,242.28,False
c018c8,Canada,208.06,False
abc14d,United States,193.98,False
adaab7,United States,71.6,False
ad013b,United States,40.51,False
3c54a3,Germany,127.93,False
4d2141,Malta,237.28,False
4caad8,Ireland,130.31,False
adbe91,United States,227.26,False
39d2aa,France,180.81,False
4d206b,Malta,203.7,False
39d2ad,France,265.93,False
a24dc1,United States,188.29,False
a97e9f,United States,60.05,False
4b18b8,Switzerland,184.2,False
0c210d,Panama,210.16,False
39d2b4,France,251.71,False
a3271e,United States,0.0,True
aafb9a,United States,46.3,False
a1976b,United States,39.93,False
3c6917,Germany,211.62,False
a3bda6,United States,232.23,False
4d207c,Malta,76.91,False
4d207d,Malta,220.03,False
4081aa,United Kingdom,226.15,False
a24dd1,United States,93.49,False
4d2080,Malta,221.57,False
4d2088,Malta,228.96,False
4d2085,Malta,188.63,False
4d204b,Malta,118.96,False
a06435,United States,160.83,False
4d204a,Malta,228.26,False
a06439,United States,97.78,False
4081a9,United Kingdom,245.49,False
4081a1,United Kingdom,230.55,False
a96b65,United States,260.18,False
a19758,United States,84.04,False
4d2068,Malta,230.52,False
4b18ba,Switzerland,169.86,False
a9bb45,United States,0.0,True
a1974b,United States,66.01,False
a32718,United States,190.91,False
39d2a8,France,257.78,False
adab64,United States,44.31,False
a00df9,United States,283.0,False
a55414,United States,195.83,False
ab2da1,United States,52.43,False
a935e0,United States,216.77,False
c04cf4,Canada,10.29,True
0c2168,Panama,236.45,False
a0b473,United States,50.66,False
a35aae,United States,0.0,True
a36dec,United States,70.51,False
a60b77,United States,59.61,False
4b18f2,Switzerland,239.06,False
aac721,United States,117.3,False
4b18f4,Switzerland,8.23,True
4b18f5,Switzerland,221.76,False
01015d,Egypt,216.39,False
a05173,United States,183.43,False
aac71d,United States,241.73,False
7c7ac4,Australia,97.29,False
a815e4,United States,140.06,False
a35ab8,United States,0.0,True
a0fac3,United States,270.18,False
a8ae2e,United States,221.6,False
4d208f,Malta,222.83,False
a59b9c,United States,271.93,False
a24de8,United States,194.24,False
4d208e,Malta,235.6,False
a23ab2,United States,59.46,False
4d2090,Malta,195.1,False
a24de2,United States,216.6,False
4d2092,Malta,219.26,False
a96b0b,United States,78.91,False
a35aa7,United States,59.92,False
a35aa4,United States,212.61,False
4d2096,Malta,214.91,False
c00692,Canada,154.9,False
aa75ef,United States,144.99,False
4b18fe,Switzerland,134.56,False
4081d7,United Kingdom,230.82,False
a7e2af,United States,191.29,False
a2f403,United States,48.97,False
a72b6b,United States,207.65,False
a4caba,United States,227.08,False
a5fde4,United States,35.59,False
c01970,Canada,238.65,False
a5b75d,United States,33.45,False
a3147c,United States,49.48,False
a2f482,United States,130.47,False
a60ac5,United States,74.94,False
ad38bf,United States,243.79,False
a6d74d,United States,42.6,False
ab82a8,United States,73.21,False
a089c3,United States,54.91,False
71bf43,Republic of Korea,214.1,False
a79420,United States,125.94,False
aab2a5,United States,212.67,False
a73dd3,United States,219.99,False
a67452,United States,217.92,False
a31486,United States,146.9,False
c01968,Canada,71.09,False
a35af8,United States,0.0,True
ac3b32,United States,257.52,False
a84ab1,United States,209.59,False
c0064c,Canada,194.95,False
a43458,United States,214.82,False
800be5,India,5.66,True
aa7757,United States,102.31,False
ad5b28,United States,224.18,False
a6744d,United States,100.88,False
a5a455,United States,33.39,False
a31472,United States,236.19,False
a6b10c,United States,139.81,False
c00669,Canada,52.32,False
a47aac,United States,54.07,False
aa640c,United States,209.92,False
a5a45c,United States,42.99,False
a1d45a,United States,62.56,False
a5b78a,United States,203.45,False
aab2c7,United States,117.97,False
a17170,United States,271.35,False
800bf9,India,209.31,False
ad5b18,United States,50.95,False
a0a15e,United States,52.32,False
a54169,United States,237.11,False
a1d470,United States,46.28,False
ac4e85,United States,146.24,False
a12f2a,United States,215.14,False
a339b4,United States,1.8,True
a339b1,United States,214.29,False
ae58ec,United States,122.86,False
a81706,United States,40.02,False
a3bdcc,United States,106.94,False
a00f4f,United States,90.54,False
ac3b51,United States,198.47,False
a339a5,United States,34.51,False
a076d8,United States,115.39,False
a2919a,United States,264.3,False
a4ddca,United States,167.21,False
71bf30,Republic of Korea,241.91,False
a076a8,United States,53.2,False
0100a2,Egypt,255.63,False
ac3b78,United States,281.4,False
a2e172,United States,129.82,False
adab36,United States,209.88,False
a4caa7,United States,82.85,False
ac3b75,United States,44.09,False
a73dc7,United States,302.86,False
a0a18a,United States,97.58,False
c0192e,Canada,218.0,False
abd2e6,United States,4.37,True
a12f6d,United States,223.99,False
a196f3,United States,0.32,True
a0c6e5,United States,34.85,False
ab729e,United States,55.77,False
a24f4c,United States,169.52,False
a12f74,United States,51.68,False
a12f75,United States,231.15,False
a709a9,United States,49.7,False
a61f05,United States,226.61,False
a699a1,United States,215.74,False
a339e9,United States,48.55,False
a183d3,United States,9.26,True
a063db,United States,46.82,False
a7f79b,United States,0.0,True
a7816a,United States,9.77,True
a61f10,United States,102.89,False
398578,France,245.25,False
4caa5c,Ireland,112.19,False
a829a3,United States,64.2,False
a4cc00,United States,233.24,False
a12f4c,United States,290.78,False
abc29f,United States,69.17,False
4caa5a,Ireland,247.13,False
a96ae3,United States,244.88,False
a11c23,United States,54.35,False
4caa60,Ireland,231.36,False
ac929c,United States,202.73,False
39856f,France,6.17,True
a92478,United States,96.83,False
4b193a,Switzerland,224.04,False
a1e6b9,United States,69.96,False
a60c09,United States,3.09,True
aac7b1,United States,64.82,False
4b1942,Switzerland,232.92,False
ac07b8,United States,253.49,False
a6b192,United States,50.88,False
aa527a,United States,273.18,False
aafd11,United States,152.95,False
7c47bc,Australia,261.56,False
adabfe,United States,276.24,False
a0fc23,United States,260.27,False
ab1d28,United States,2.06,True
a196ca,United States,92.14,False
4caa5f,Ireland,0.0,True
aac7ab,United States,199.6,False
71bf95,Republic of Korea,251.37,False
aafd17,United States,180.88,False
ac3d16,United States,109.82,False
a170d9,United States,193.75,False
ad5d04,United States,190.08,False
40717c,United Kingdom,130.62,False
40717d,United Kingdom,224.84,False
40717b,United Kingdom,178.32,False
a7946a,United States,146.26,False
a36f7e,United States,278.56,False
40717e,United Kingdom,213.38,False
71bf83,Republic of Korea,233.25,False
a73dfe,United States,268.28,False
aafd1b,United States,60.27,False
71bf82,Republic of Korea,257.72,False
86d624,Japan,237.21,False
71bf89,Republic of Korea,240.67,False
71bf86,Republic of Korea,227.5,False
7100c3,Saudi Arabia,253.65,False
4b194f,Switzerland,178.66,False
a313bf,United States,216.42,False
407180,United Kingdom,205.0,False
a7f765,United States,117.29,False
4b194e,Switzerland,223.52,False
aafd1f,United States,227.78,False
7100bd,Saudi Arabia,96.26,False
a206eb,United States,50.55,False
a36f68,United States,38.24,False
407177,United Kingdom,196.68,False
a6b151,United States,236.68,False
407178,United Kingdom,192.65,False
407176,United Kingdom,130.77,False
a8adbb,United States,43.47,False
a66174,United States,141.18,False
ab84c9,United States,140.78,False
a6b14a,United States,149.45,False
ad14a8,United States,204.19,False
a326d8,United States,200.95,False
a97dcb,United States,260.48,False
a446b6,United States,247.98,False
ab0a35,United States,141.58,False
c03c2b,Canada,14.71,False
a816ca,United States,127.14,False
abe862,United States,53.05,False
a949f6,United States,208.93,False
abd536,United States,298.85,False
ad6ecb,United States,210.86,False
c03c44,Canada,125.95,False
3c66c4,Germany,233.01,False
ad6ecc,United States,0.26,True
c04f73,Canada,210.03,False
aa64f7,United States,52.64,False
aaa224,United States,256.11,False
a300db,United States,125.9,False
3c66ba,Germany,185.16,False
a3ac7a,United States,241.1,False
a2e0d1,United States,58.66,False
a1c0ec,United States,159.09,False
a19815,United States,55.92,False
4d2007,Malta,252.68,False
a7f6b9,United States,215.67,False
ad6ec6,United States,293.04,False
ab7238,United States,57.05,False
3c66e3,Germany,26.24,True
3c66e2,Germany,237.24,False
a923a8,United States,0.0,True
a923a9,United States,83.67,False
ad6ebc,United States,40.81,False
0c205e,Panama,216.11,False
abe872,United States,266.93,False
ad2862,United States,2.31,True
ab1bf0,United States,250.21,False
a5ec5c,United States,249.07,False
a793d5,United States,194.08,False
a8af0c,United States,137.87,False
ac9233,United States,71.82,False
ac3be0,United States,247.0,False
3c66e7,Germany,237.25,False
3c66e6,Germany,230.86,False
aa9a25,United States,141.14,False
a540e3,United States,223.49,False
ac088e,United States,0.0,True
aaa247,United States,208.46,False
4692d8,Greece,91.47,False
a84c2a,United States,35.5,False
a48f85,United States,234.99,False
a2e0a8,United States,0.0,True
4692d1,Greece,218.89,False
a5ec61,United States,196.7,False
a5ff93,United States,194.02,False
abe892,United States,225.85,False
4692cc,Greece,235.83,False
ab7268,United States,271.51,False
c006ec,Canada,130.98,False
a803b5,United States,0.0,True
0c2052,Panama,224.8,False
4692d9,Greece,233.18,False
a0c82f,United States,113.2,False
348213,Spain,249.92,False
a4a9ef,United States,101.68,False
4d2035,Malta,231.43,False
adbef0,United States,228.13,False
a3280a,United States,141.21,False
a4df56,United States,215.43,False
4d2038,Malta,254.63,False
acf54f,United States,200.55,False
a73f35,United States,29.32,True
ab7270,United States,237.4,False
3c79b7,Germany,219.24,False
4d201e,Malta,196.52,False
ad2898,United States,278.31,False
aaa267,United States,234.45,False
a6d6a0,United States,39.65,False
348207,Spain,172.73,False
ad5bf3,United States,96.54,False
348206,Spain,66.55,False
ad1560,United States,223.59,False
ac3beb,United States,240.49,False
348203,Spain,253.55,False
348204,Spain,135.6,False
a20847,United States,86.46,False
3c79ba,Germany,251.69,False
4d2049,Malta,198.01,False
ad023e,United States,64.42,False
c019c5,Canada,152.92,False
a686c7,United States,97.57,False
451e8b,Bulgaria,237.55,False
a4df74,United States,74.85,False
4b906c,Turkey,248.62,False
3c66a4,Germany,171.18,False
a4df5a,United States,132.31,False
a1980d,United States,59.41,False
3c66a2,Germany,236.21,False
3c66a1,Germany,222.34,False
a32800,United States,200.2,False
711542,Saudi Arabia,265.48,False
abd57e,United States,212.13,False
c019eb,Canada,229.35,False
a0c810,United States,48.69,False
ad0250,United States,53.5,False
3c66ac,Germany,219.19,False
3c66ae,Germany,226.97,False
a5ec0f,United States,50.63,False
a949a1,United States,185.15,False
adbeed,United States,190.05,False
4d200f,Malta,221.86,False
a85f20,United States,261.37,False
4b9069,Turkey,185.37,False
a3ac77,United States,171.61,False
4d200e,Malta,240.56,False
4d2020,Malta,233.92,False
0c2093,Panama,231.12,False
4d2022,Malta,120.28,False
a85f29,United States,229.49,False
4b9065,Turkey,237.4,False
a11bd3,United States,48.43,False
a96c96,United States,194.26,False
a1721d,United States,85.34,False
ad00e3,United States,264.99,False
a2f518,United States,80.22,False
4082e7,United Kingdom,237.32,False
ac90f3,United States,239.29,False
a1e872,United States,93.13,False
a0fbb7,United States,256.81,False
a0523e,United States,47.92,False
a32861,United States,207.32,False
a23bba,United States,47.04,False
adac5d,United States,7.2,True
a0b54b,United States,49.48,False
0d0ffe,Mexico,245.29,False
a20883,United States,123.82,False
a1855c,United States,32.49,False
a05256,United States,84.22,False
4082cb,United Kingdom,246.04,False
a4481c,United States,236.89,False
a24ef0,United States,94.25,False
a3bebd,United States,197.32,False
ace0d2,United States,0.0,True
a6b0f5,United States,244.87,False
a3bed6,United States,98.73,False
a12ee7,United States,274.03,False
758224,Philippines,229.77,False
a1e843,United States,131.02,False
a24ec1,United States,5.14,True
a32844,United States,181.54,False
a56855,United States,78.91,False
a12ee0,United States,292.48,False
4082ac,United Kingdom,231.69,False
a11bc8,United States,271.46,False
a68840,United States,71.3,False
a24ed5,United States,187.27,False
ad2807,United States,210.6,False
43a8f4,United Kingdom,132.14,False
ad2802,United States,228.22,False
a56862,United States,209.2,False
a59ba8,United States,43.65,False
a56866,United States,0.0,True
a97f84,United States,52.79,False
0c2046,Panama,214.15,False
abe80e,United States,299.84,False
0d0fc1,Mexico,232.88,False
a7f6f8,United States,185.65,False
a1726a,United States,69.21,False
a7f6f6,United States,174.71,False
a3021d,United States,125.58,False
a72c78,United States,174.15,False
a8af98,United States,227.06,False
a923db,United States,47.79,False
aac850,United States,230.83,False
a803d4,United States,44.77,False
a0fbfa,United States,249.96,False
ab7204,United States,35.65,False
ab8537,United States,5.66,True
aa63ed,United States,7.72,True
a0a238,United States,72.09,False
800cc7,India,126.57,False
a1c21e,United States,46.31,False
0c200c,Panama,237.67,False
a936dd,United States,49.56,False
a96c2e,United States,264.25,False
abe82c,United States,193.93,False
a0c899,United States,35.65,False
4b17f8,Switzerland,225.49,False
4b17f9,Switzerland,221.34,False
7c7bc7,Australia,147.67,False
a6b0bd,United States,245.75,False
a793fd,United States,252.69,False
a2f532,United States,35.19,False
a96c47,United States,120.67,False
a1724b,United States,32.94,False
a4350c,United States,158.66,False
0d0ff3,Mexico,214.14,False
a7f6fd,United States,72.89,False
ab8553,United States,177.97,False
0d0ff4,Mexico,249.77,False
0d0ff7,Mexico,174.99,False
aac873,United States,62.29,False
4b17e6,Switzerland,231.49,False
a6b0d2,United States,104.84,False
a24efd,United States,62.41,False
aafc2d,United States,201.96,False
c03aa5,Canada,48.55,False
e94c8e,Bolivia,97.85,False
aa6574,United States,69.33,False
a5556d,United States,83.07,False
a1c27b,United States,87.55,False
aafc36,United States,127.92,False
a66239,United States,197.56,False
a60bcb,United States,110.78,False
ac4f4c,United States,240.67,False
4a1a62,Romania,233.53,False
a96ba2,United States,237.66,False
a2928e,United States,48.11,False
aab3ab,United States,213.06,False
a55586,United States,93.86,False
abf9f8,United States,8.75,True
a7e522,United States,228.53,False
adbf26,United States,198.77,False
a5fef4,United States,230.42,False
ac4f74,United States,45.0,False
3c4214,Germany,7.72,False
a84ba8,United States,54.37,False
a66243,United States,137.07,False
4b17fb,Switzerland,0.0,True
a9ceaf,United States,43.68,False
a66244,United States,189.36,False
4b17fc,Switzerland,0.0,True
4b17fd,Switzerland,232.52,False
4b17fe,Switzerland,223.89,False
4b17fa,Switzerland,0.0,True
a54266,United States,127.06,False
a72bc6,United States,158.49,False
c00757,Canada,262.62,False
a2f584,United States,263.66,False
ab83e8,United States,126.77,False
a6c562,United States,30.39,False
a67580,United States,61.54,False
a78246,United States,132.47,False
ac4f6f,United States,236.4,False
aac6fd,United States,64.75,False
ab2f9d,United States,36.76,False
86d602,Japan,211.53,False
a80556,United States,300.78,False
ad5c30,United States,269.84,False
a2e239,United States,89.19,False
a2e235,United States,92.61,False
a67595,United States,55.69,False
ac90a7,United States,190.69,False
abd3c7,United States,205.99,False
acf3ba,United States,50.67,False
abd3cf,United States,262.91,False
aa5202,United States,36.41,False
a1e7b2,United States,70.67,False
adbf62,United States,44.25,False
398561,France,220.22,False
c00725,Canada,250.31,False
a8180d,United States,257.04,False
398569,France,226.91,False
abc0c1,United States,201.43,False
398564,France,223.1,False
a5b84e,United States,41.78,False
47bfb3,Norway,226.37,False
4caa57,Ireland,205.38,False
4caa58,Ireland,227.79,False
a11d40,United States,65.95,False
abd3e6,United States,56.15,False
aa0ec7,United States,5.4,True
451cc1,Bulgaria,231.29,False
c04db0,Canada,51.44,False
ad13f5,United States,89.52,False
aaa0f3,United States,54.07,False
a4cbc8,United States,253.91,False
aa7833,United States,207.18,False
c00741,Canada,239.16,False
a73ee8,United States,91.46,False
4b1903,Switzerland,230.89,False
abc0e4,United States,1.29,True
a7950f,United States,108.56,False
a11d18,United States,0.06,True
a54245,United States,6.94,True
a09a02,United States,63.64,False
