icao24,origin_country,velocity,on_ground
a53edd,United States,93.24,False
801640,India,153.34,False
a3feee,United States,5.92,True
a5953a,United States,53.5,False
a3b87f,United States,254.14,False
801647,India,269.89,False
c81bce,New Zealand,131.4,False
a3b88e,United States,275.34,False
c81bcc,New Zealand,23.15,False
a36898,United States,254.43,False
acdfa3,United States,201.24,False
80160b,India,205.89,False
a23563,United States,1.54,True
7c2ee7,Australia,74.99,False
a5955b,United States,57.65,False
a4b228,United States,232.14,False
851914,Japan,12.86,True
ad5623,United States,212.19,False
ad5628,United States,12.35,True
ac7cd5,United States,0.06,True
a2cba6,United States,0.0,True
ad694c,United States,250.4,False
407a06,United Kingdom,216.13,False
a34215,United States,2.31,True
a36878,United States,190.41,False
aa4fc9,United States,50.17,False
ac498d,United States,68.03,False
adeca5,United States,256.53,False
ab0356,United States,215.14,False
a2228b,United States,207.91,False
7c7268,Australia,50.91,False
a47597,United States,220.72,False
e80251,Chile,229.93,False
ab034d,United States,228.22,False
aae33a,United States,229.26,False
4bc8c7,Turkey,210.94,False
c81bff,New Zealand,46.56,False
4bc8c2,Turkey,218.23,False
4bc8c1,Turkey,212.79,False
a53eb2,United States,71.15,False
e8024f,Chile,233.75,False
a5f808,United States,149.16,False
a950eb,United States,239.29,False
ad563d,United States,216.53,False
e80269,Chile,224.54,False
80164f,India,136.38,False
ac101f,United States,204.46,False
acdffc,United States,206.7,False
801659,India,267.71,False
801662,India,3.86,True
ac3688,United States,187.74,False
e80275,Chile,4.89,True
801666,India,223.16,False
ad3006,United States,257.52,False
80165c,India,189.21,False
8a02a5,Indonesia,238.44,False
e8026c,Chile,249.96,False
801669,India,0.0,True
a3556f,United States,182.03,False
abf025,United States,181.02,False
a3b86c,United States,148.76,False
a950ce,United States,272.04,False
a53ee2,United States,86.43,False
ac21e4,United States,0.0,True
c02267,Canada,182.94,False
abad94,United States,174.67,False
a4b294,United States,192.3,False
e80212,Chile,210.65,False
adda24,United States,2.57,True
adda25,United States,249.47,False
a127d4,United States,41.27,False
e80215,Chile,251.24,False
aae1ed,United States,134.61,False
accd69,United States,6.94,True
86cfa0,Japan,184.63,False
8a0418,Indonesia,244.47,False
e8020c,Chile,204.24,False
3455d5,Spain,223.88,False
e0b299,Argentina,193.27,False
a5829d,United States,70.48,False
a14a09,United States,52.76,False
a6f23d,United States,182.66,False
0d11e4,Mexico,157.35,False
a9653d,United States,258.85,False
a71291,United States,204.48,False
4bc8ce,Turkey,31.75,False
e8021d,Chile,134.59,False
e48be3,Brazil,222.01,False
ad41cd,United States,273.61,False
ad41ed,United States,1.29,False
e8022a,Chile,258.0,False
a127bb,United States,269.06,False
0d11f9,Mexico,110.64,False
46b82d,Greece,262.83,False
a5d28e,United States,229.88,False
ab6fa4,United States,27.57,False
c07bc7,Canada,228.42,False
a72563,United States,98.02,False
c81d25,New Zealand,136.89,False
c0487a,Canada,53.24,False
acba97,United States,45.38,True
ac4917,United States,198.2,False
4cc2ad,Iceland,246.19,False
a7ced2,United States,127.59,False
a72567,United States,67.66,False
a58267,United States,241.68,False
a52bfb,United States,195.8,False
ac491d,United States,92.11,False
a101c3,United States,187.6,False
a4c592,United States,1.8,True
a5958c,United States,240.38,False
8851e5,Thailand,208.47,False
a8584c,United States,46.52,False
4cc2a7,Iceland,84.41,False
867fac,Japan,279.41,False
a1ad1f,United States,44.86,False
7c2ea2,Australia,50.95,False
a14a18,United States,69.8,False
aaf621,United States,60.78,False
a8a82f,United States,204.35,False
a6f226,United States,116.21,False
aaf60a,United States,7.46,True
a39d11,United States,0.0,True
47b0e7,Norway,214.11,False
a8320e,United States,247.09,False
a091fd,United States,0.0,True
aa07f9,United States,284.25,False
7cf9f7,Australia,137.16,False
a3ed69,United States,248.48,False
a64d38,United States,61.13,False
7c1c50,Australia,64.31,False
87455c,Japan,194.77,False
a2cd68,United States,251.63,False
c04830,Canada,1.8,True
ac34a0,United States,255.03,False
a26a4f,United States,203.24,False
c0481c,Canada,218.63,False
ad67a4,United States,114.23,False
a5f7d9,United States,40.21,False
a3a4ed,United States,201.23,False
accd10,United States,270.95,False
ad9d0f,United States,42.56,False
ab5d52,United States,266.42,False
a091f3,United States,202.22,False
e07584,Argentina,121.88,False
a3ed89,United States,72.32,False
ab5d4a,United States,152.5,False
ab14d9,United States,230.92,False
a474b4,United States,61.91,False
84d283,Japan,173.06,False
7cf9c4,Australia,221.72,False
a234ef,United States,263.27,False
a3ed91,United States,200.62,False
aaf4c8,United States,216.41,False
a88d10,United States,219.31,False
ac47de,United States,191.48,False
a9a289,United States,214.53,False
a26a44,United States,59.92,False
aa3d09,United States,149.12,False
c81d9d,New Zealand,215.63,False
ab14f5,United States,61.77,False
8014db,India,262.15,False
a00952,United States,186.44,False
8014de,India,0.9,True
c04800,Canada,41.75,False
a40d8d,United States,0.0,True
ad9d31,United States,39.65,False
a39d9b,United States,2.06,True
e48ba9,Brazil,239.71,False
aaf4ee,United States,116.17,False
ae74ad,United States,48.58,False
a40d7a,United States,164.26,False
a64d16,United States,228.23,False
e0b285,Argentina,191.22,False
a5f7c2,United States,65.68,False
acba1b,United States,211.95,False
ac21af,United States,250.59,False
8a0441,Indonesia,201.54,False
a3b7f4,United States,217.44,False
e49ed4,Brazil,149.22,False
86cee7,Japan,206.31,False
a4d7e4,United States,10.29,True
abad6c,United States,241.18,False
a39d95,United States,1.29,True
7c1c4f,Australia,0.0,True
8014ce,India,3.09,True
a9a248,United States,92.33,False
aa91fe,United States,158.99,False
aa0909,United States,169.47,False
8a03b3,Indonesia,225.66,False
0d122b,Mexico,135.31,False
8a03b0,Indonesia,243.05,False
a9ea22,United States,28.3,False
a09322,United States,198.41,False
471f62,Hungary,109.98,False
a4fa91,United States,32.02,False
7809a2,China,184.13,False
a1bfb2,United States,204.4,False
c033de,Canada,69.53,False
7809a9,China,221.93,False
a9ea32,United States,109.61,False
ae6216,United States,52.47,False
a03ce5,United States,43.73,False
a711db,United States,40.39,False
a35605,United States,139.19,False
a63a97,United States,46.89,False
a8a7eb,United States,57.85,False
aae280,United States,207.51,False
a03cb6,United States,168.41,False
e48c4c,Brazil,215.4,False
a59601,United States,269.54,False
8014fa,India,234.75,False
c033fe,Canada,127.95,False
c07c7b,Canada,224.34,False
c07c7a,Canada,220.7,False
a8dd4b,United States,50.06,False
ac2287,United States,51.68,False
a10308,United States,43.29,False
a88d8d,United States,68.87,False
a73903,United States,44.97,False
c07c92,Canada,110.32,False
a594fa,United States,207.74,False
a46304,United States,193.12,False
a3696e,United States,221.34,False
c81cb1,New Zealand,31.9,False
a9fd11,United States,29.25,False
a76d5a,United States,242.43,False
0d1202,Mexico,248.59,False
7809e4,China,221.11,False
a75a24,United States,101.93,False
a41fd4,United States,218.16,False
ada588,United States,49.8,False
a4b1e9,United States,2.83,True
a9b4a4,United States,207.26,False
a23675,United States,146.63,False
801612,India,272.18,False
ae0bfd,United States,1.63,False
0d1218,Mexico,178.97,False
471f01,Hungary,214.8,False
c020a9,Canada,80.56,False
a63a72,United States,0.06,True
e07542,Argentina,211.64,False
a7aa1f,United States,52.58,False
a831b2,United States,5.4,True
aa91a2,United States,146.8,False
7c2f04,Australia,35.11,False
a3560b,United States,240.34,False
0d121d,Mexico,204.03,False
a977d4,United States,6.94,True
a27cb4,United States,131.47,False
a4b1ee,United States,296.97,False
a8dd27,United States,55.07,False
a35694,United States,36.03,False
80174d,India,2.83,True
a6afd2,United States,63.28,False
a59662,United States,34.34,False
a4d97e,United States,102.37,False
ada714,United States,112.4,False
ab175a,United States,69.37,False
a40cdf,United States,89.66,False
4cc277,Iceland,224.3,False
8a01e0,Indonesia,236.7,False
a3a67b,United States,159.91,False
c07e32,Canada,202.15,False
a5d319,United States,222.64,False
801775,India,261.25,False
a2cce6,United States,46.11,False
7c1cdb,Australia,12.35,True
c048cb,Canada,0.0,True
a90fd3,United States,29.34,False
a40cd9,United States,189.81,False
80172c,India,25.72,True
a76cba,United States,68.0,False
a1f018,United States,159.71,False
a2dffe,United States,189.56,False
a22358,United States,230.8,False
abadd6,United States,136.71,False
a1036b,United States,35.19,False
a89fcf,United States,194.41,False
a2ccd3,United States,25.12,False
ad574f,United States,179.42,False
c07e62,Canada,0.0,True
ac2439,United States,159.49,False
a70002,United States,197.17,False
c035bb,Canada,210.33,False
a9ea96,United States,91.91,False
801749,India,0.0,True
a85964,United States,160.55,False
a7130c,United States,210.76,False
c07e59,Canada,237.66,False
a46310,United States,9.26,True
8852e1,Thailand,72.1,False
a1acdb,United States,151.33,False
8852e2,Thailand,3.6,True
80173e,India,10.29,True
e49f0a,Brazil,226.78,False
c035bf,Canada,178.47,False
a3eca2,United States,242.75,False
ab4ae9,United States,216.38,False
a9ea63,United States,44.32,False
abadf9,United States,173.55,False
3c4b31,Germany,266.42,False
a45051,United States,222.49,False
ab046d,United States,124.93,False
a99a96,United States,267.91,False
a4d946,United States,257.47,False
0d10f0,Mexico,152.51,False
c2b369,Canada,277.25,False
3c4b2f,Germany,239.56,False
ac245c,United States,216.18,False
3c4b2e,Germany,277.82,False
a3a647,United States,198.79,False
3c4b2c,Germany,293.58,False
7cb012,Australia,0.06,True
a3a655,United States,39.31,False
a8dd7b,United States,253.12,False
e49f52,Brazil,65.22,False
ad444d,United States,254.33,False
a85931,United States,3.6,True
a9ea45,United States,45.06,False
a9fd75,United States,57.45,False
a46368,United States,227.08,False
a60633,United States,70.75,False
af841c,United States,34.44,False
a0808f,United States,121.98,False
c07e23,Canada,48.94,False
abf11f,United States,161.3,False
80177d,India,212.96,False
a2239b,United States,51.08,False
c048b6,Canada,9.83,False
ad445c,United States,91.73,False
e49f59,Brazil,122.44,False
801793,India,194.68,False
4cc27c,Iceland,245.35,False
ac247a,United States,226.58,False
a39e0c,United States,287.38,False
ada5ee,United States,204.18,False
aae2fa,United States,240.96,False
addb47,United States,42.18,True
a39e16,United States,149.14,False
a6f380,United States,42.42,False
c0104f,Canada,249.05,False
a8dcee,United States,79.73,False
ada5f8,United States,61.32,False
a45091,United States,182.85,False
addb2b,United States,127.58,False
a368b2,United States,43.75,False
a2ce05,United States,212.46,False
0d10ac,Mexico,253.59,False
a235b7,United States,201.61,False
a88cec,United States,233.63,False
c01049,Canada,273.78,False
a092c6,United States,128.7,False
addb5f,United States,89.49,False
ab1704,United States,84.48,False
0d10bd,Mexico,214.12,False
a008ed,United States,212.63,False
a008ef,United States,181.74,False
addb4a,United States,188.17,False
e48ad4,Brazil,71.94,False
4bb4f0,Turkey,246.42,False
4aca65,Sweden,233.72,False
a7133f,United States,191.29,False
8016a4,India,178.03,False
a222b2,United States,0.0,True
c81c0a,New Zealand,45.92,False
a2bb10,United States,96.12,False
a6f326,United States,179.74,False
a83326,United States,47.67,False
ac370b,United States,205.74,False
a222bd,United States,237.29,False
4bb4ee,Turkey,255.01,False
ae62fd,United States,62.81,False
76b861,Singapore,238.44,False
ab172f,United States,59.29,False
50030d,San Marino,0.0,True
aa945d,United States,68.14,False
a40e1c,United States,226.06,False
a102b6,United States,60.47,False
a15e70,United States,217.82,False
a8efba,United States,190.23,False
4bb4e3,Turkey,248.7,False
a88ce4,United States,109.19,False
ac3731,United States,273.24,False
847114,Japan,196.98,False
a3a5ec,United States,280.11,False
ac7e1c,United States,240.22,False
a462c4,United States,50.6,False
a51b58,United States,135.11,False
47b1dc,Norway,100.38,False
a9fe05,United States,56.9,False
c0360e,Canada,230.03,False
abae2c,United States,279.17,False
e0744d,Argentina,167.53,False
ab4b34,United States,8.75,True
8a0375,Indonesia,223.72,False
8015cd,India,291.9,False
aa2b21,United States,262.65,False
ad68f0,United States,67.91,False
a63b45,United States,196.52,False
8015a7,India,270.43,False
781a4b,China,1.54,True
8015a5,India,267.84,False
ab5e6c,United States,260.54,False
a39e6b,United States,2.57,True
a9a397,United States,100.89,False
a858f6,United States,258.34,False
a88e2e,United States,105.98,False
440304,Austria,0.0,True
873378,Japan,187.47,False
ad68e9,United States,43.8,False
885312,Thailand,226.29,False
a3b8dc,United States,47.69,False
7c0a6b,Australia,6.92,False
a64e16,United States,40.09,False
e0b149,Argentina,180.64,False
ac35dd,United States,47.37,False
adee38,United States,26.93,False
ad8b20,United States,291.44,False
aae2d9,United States,207.61,False
a0f70c,United States,144.57,False
ad55d0,United States,41.88,False
0d1179,Mexico,57.1,False
a3a5d9,United States,188.61,False
0d116a,Mexico,156.25,False
3c4acd,Germany,226.03,False
a52e54,United States,191.88,False
c81c9e,New Zealand,3.34,True
a5f8e4,United States,273.89,False
a2bb83,United States,223.41,False
05a0af,Maldives,242.28,False
0180a6,Libyan Arab Jamahiriya,227.36,False
a3a5db,United States,43.85,False
aa8081,United States,45.82,False
ad9e73,United States,0.0,True
abae8f,United States,184.09,False
ac7e9e,United States,270.41,False
a03da1,United States,0.06,True
a605c1,United States,4.12,True
a52e5b,United States,209.53,False
adece7,United States,72.21,False
a0f73c,United States,185.83,False
a3571c,United States,128.03,False
a8de7d,United States,269.11,False
ad3028,United States,183.11,False
ac236a,United States,145.6,False
a0e431,United States,292.78,False
aae391,United States,139.54,False
a35727,United States,240.61,False
a99b83,United States,223.1,False
0d1139,Mexico,185.34,False
ada64d,United States,222.36,False
aa92fc,United States,253.33,False
aa92fa,United States,276.52,False
0d112d,Mexico,109.81,False
0d112e,Mexico,239.23,False
702067,Bangladesh,235.46,False
aa92ff,United States,245.07,False
0d1140,Mexico,239.49,False
70204a,Bangladesh,265.56,False
a87b97,United States,0.51,True
a9c8ec,United States,34.79,False
a87b8a,United States,98.59,False
ad4395,United States,241.85,False
0d113b,Mexico,221.43,False
ad4390,United States,227.67,False
4bc848,Turkey,217.22,False
4bc845,Turkey,219.05,False
0d1154,Mexico,256.81,False
841b6a,Japan,284.94,False
a0f735,United States,233.05,False
a9eb06,United States,52.03,False
aa2b79,United States,163.84,False
a88e71,United States,225.81,False
87339a,Japan,224.08,False
a582f9,United States,167.95,False
a5d2d4,United States,246.03,False
ad438d,United States,192.72,False
a8de56,United States,234.59,False
8518ae,Japan,132.75,False
ad3067,United States,200.44,False
8518d0,Japan,206.93,False
ac7e09,United States,190.75,False
a63b81,United States,67.0,False
a39dd0,United States,232.92,False
ac7e15,United States,148.54,False
c81bb3,New Zealand,116.34,False
841b28,Japan,174.75,False
a4771b,United States,226.69,False
ac48ac,United States,211.71,False
aa92c2,United States,225.44,False
ae638e,United States,259.15,False
ac48d3,United States,0.13,True
4bc889,Turkey,210.15,False
aaf5a9,United States,284.05,False
abf09e,United States,240.33,False
4bc895,Turkey,254.68,False
a845f4,United States,236.7,False
a63b95,United States,170.25,False
a14ad1,United States,143.69,False
a14ad4,United States,111.13,False
73806e,Israel,248.64,False
73806d,Israel,246.44,False
a98909,United States,0.06,True
a36661,United States,179.07,False
a6bfa6,United States,8.75,True
a3c975,United States,93.18,False
a0f355,United States,207.07,False
a2efec,United States,261.3,False
801878,India,67.91,False
c058b4,Canada,32.92,True
c058ae,Canada,121.93,False
a8690e,United States,126.03,False
7c0ada,Australia,38.4,False
a2467a,United States,246.17,False
a3796b,United States,48.31,False
c058cb,Canada,258.15,False
738060,Israel,0.0,True
738065,Israel,251.52,False
801861,India,184.66,False
c07b05,Canada,4.63,True
738069,Israel,243.65,False
738068,Israel,80.11,False
80184e,India,198.33,False
c058cd,Canada,203.47,False
a35314,United States,71.08,False
ab2760,United States,238.57,False
a3fce7,United States,264.12,False
80052d,India,144.6,False
ac340a,United States,1.8,True
738072,Israel,208.14,False
a22003,United States,7.46,True
c058c3,Canada,247.0,False
738075,Israel,231.13,False
738073,Israel,242.11,False
a4c327,United States,0.0,True
a8da84,United States,210.1,False
80185f,India,112.4,False
a36636,United States,182.67,False
c058bb,Canada,233.99,False
adb723,United States,287.49,False
8733bc,Japan,142.63,False
3c4a10,Germany,275.23,False
a1139f,United States,195.17,False
ad6731,United States,50.95,False
3c4a0c,Germany,266.11,False
a04e00,United States,213.02,False
738050,Israel,255.8,False
ac3430,United States,191.38,False
738051,Israel,252.35,False
c0204a,Canada,117.15,False
738057,Israel,242.36,False
c0337d,Canada,126.68,False
738055,Israel,181.53,False
ac7aa9,United States,270.21,False
44003f,Austria,250.04,False
8a04f7,Indonesia,234.13,False
ac210e,United States,212.3,False
a3401a,United States,175.23,False
ad675f,United States,0.0,False
aaf459,United States,44.4,False
ae7408,United States,63.84,False
70209f,Bangladesh,228.89,False
e80048,Chile,3.34,True
800588,India,248.63,False
800582,India,203.03,False
aa3b92,United States,81.62,False
a7cd8f,United States,39.57,False
ad6760,United States,92.74,False
c04688,Canada,224.4,False
a7ccce,United States,259.86,False
adc8ee,United States,87.97,False
8a064e,Indonesia,193.09,False
a6f00d,United States,300.96,False
8a064c,Indonesia,232.97,False
a60387,United States,60.09,False
accb22,United States,175.09,False
abbe94,United States,54.69,False
874846,Japan,215.33,False
8a0658,Indonesia,46.91,False
ac32cf,United States,144.16,False
a258b7,United States,237.25,False
a018ee,United States,172.93,False
a6acdd,United States,38.12,False
a8697f,United States,169.27,False
a8b964,United States,224.11,False
ae1e6c,United States,56.82,False
aa3ae9,United States,220.41,False
ac32f2,United States,239.5,False
ab5b8c,United States,233.1,False
ad52bb,United States,0.06,True
aa9136,United States,260.42,False
a47367,United States,45.38,False
aa3ae2,United States,2.83,True
ad52d3,United States,52.58,False
c0202b,Canada,122.14,False
c0202d,Canada,137.65,False
abab75,United States,110.44,False
accb50,United States,274.6,False
a6acff,United States,45.1,False
a35388,United States,0.0,True
8a061e,Indonesia,212.81,False
abab90,United States,223.41,False
a4d65c,United States,211.95,False
8840fa,Thailand,216.64,False
a97626,United States,11.32,True
a1be1d,United States,58.28,False
a3a369,United States,44.4,False
accb65,United States,199.61,False
a2de17,United States,263.23,False
a3fcfb,United States,186.24,False
a005fc,United States,45.23,False
8840f9,Thailand,165.3,False
3c4a8b,Germany,274.38,False
a46094,United States,198.33,False
aa9108,United States,87.67,False
a86981,United States,34.48,False
c04662,Canada,51.61,False
a258be,United States,184.49,False
a16e42,United States,244.59,False
a15b05,United States,166.53,False
a89caa,United States,43.6,False
a5e339,United States,225.02,False
a04e60,United States,194.52,False
a97608,United States,183.52,False
a60363,United States,63.78,False
ab2728,United States,225.25,False
a61697,United States,50.67,False
a15b21,United States,31.38,False
a74992,United States,118.85,False
c0464c,Canada,32.91,False
a1be10,United States,2.57,True
a78ffa,United States,214.2,False
ab271f,United States,260.21,False
a6acba,United States,40.07,False
8016e0,India,0.0,True
a52b19,United States,213.59,False
781b3a,China,213.79,False
ab38bd,United States,48.58,False
a39b39,United States,77.79,False
a40b26,United States,103.92,False
8016df,India,263.61,False
70472b,Myanmar,104.98,False
aa18d0,United States,213.77,False
a1be72,United States,149.63,False
aa18d5,United States,133.77,False
781b5b,China,236.75,False
a2de46,United States,189.78,False
a41e2c,United States,301.19,False
a39b20,United States,182.9,False
896108,United Arab Emirates,263.82,False
abbe16,United States,56.2,False
34558e,Spain,236.96,False
aa908e,United States,124.5,False
a4e8ef,United States,191.44,False
a125f9,United States,228.73,False
896111,United Arab Emirates,267.67,False
7c72b4,Australia,62.35,False
ab38eb,United States,80.33,False
aa9093,United States,103.45,False
a04e9f,United States,176.83,False
a03b6d,United States,202.24,False
a615d0,United States,263.29,False
406948,United Kingdom,268.59,False
a89e08,United States,35.04,False
a15b4c,United States,204.91,False
a602a5,United States,64.43,False
abbe24,United States,62.72,False
a9768a,United States,183.63,False
acde22,United States,49.61,False
ac45ac,United States,242.12,False
a8303f,United States,55.8,False
c1ea42,Canada,2.83,True
84715c,Japan,12.86,True
a41e90,United States,227.77,False
ac45d6,United States,80.05,False
a72399,United States,52.24,False
ac8e53,United States,257.24,False
7c0b98,Australia,46.89,False
a9b357,United States,7.72,True
a3c8cb,United States,290.64,False
a9633c,United States,37.68,False
a472ac,United States,43.95,False
a40b41,United States,0.0,True
8003e2,India,246.67,False
ab5b66,United States,157.79,False
c05909,Canada,189.07,False
c1ea35,Canada,1.03,True
ab0032,United States,286.26,False
8470a0,Japan,182.0,False
a77e97,United States,201.91,False
a12735,United States,205.12,False
a52b8b,United States,39.45,False
a24713,United States,8.23,True
abbce5,United States,182.72,False
a77e8f,United States,272.89,False
a65e9b,United States,49.14,False
a16da1,United States,47.3,False
7cb067,Australia,142.31,False
7cb065,Australia,3.86,True
a842ac,United States,67.08,False
a962c9,United States,36.61,False
a2cb9e,United States,107.04,False
7cb061,Australia,1.54,True
aca989,United States,51.1,False
ac468d,United States,240.51,False
aca99c,United States,198.78,False
a12711,United States,187.8,False
a12712,United States,126.04,False
89617b,United Arab Emirates,113.33,False
ada336,United States,224.88,False
738102,Israel,269.2,False
a842e7,United States,212.78,False
ac2038,United States,184.73,False
738100,Israel,263.86,False
a40b85,United States,68.35,False
a8ee40,United States,30.57,False
738103,Israel,233.02,False
896193,United Arab Emirates,273.72,False
896191,United Arab Emirates,271.37,False
adb653,United States,185.04,False
4a3122,Romania,160.78,False
89618d,United Arab Emirates,275.94,False
a8a5bf,United States,37.73,False
a90e61,United States,242.39,False
a88b64,United States,252.69,False
adb656,United States,220.99,False
8a05ac,Indonesia,7.72,True
89618b,United Arab Emirates,238.8,False
a04db8,United States,142.56,False
a1270f,United States,24.69,True
aa4e80,United States,201.04,False
ac337e,United States,99.8,False
a8b8ba,United States,224.79,False
a4d5f6,United States,30.11,False
ad402f,United States,116.02,False
a602ab,United States,3.09,True
ae6024,United States,13.58,False
a735d7,United States,222.87,False
896176,United Arab Emirates,235.09,False
896174,United Arab Emirates,265.45,False
e49d9a,Brazil,160.72,False
a10118,United States,125.42,False
80182f,India,138.39,False
a04dfa,United States,289.74,False
a4870d,United States,8.23,True
a8ee20,United States,48.37,False
a5f5bf,United States,226.39,False
a748f8,United States,56.6,False
a868cb,United States,41.48,False
adb65b,United States,265.4,False
781b26,China,225.38,False
896186,United Arab Emirates,187.09,False
a868d2,United States,45.79,False
a3a2f8,United States,76.22,False
adc98b,United States,212.75,False
a748ec,United States,244.4,False
a12750,United States,174.15,False
a12753,United States,209.48,False
a12755,United States,236.66,False
a12756,United States,213.64,False
a12758,United States,229.37,False
ac2082,United States,249.09,False
801819,India,222.47,False
801822,India,244.82,False
a855d9,United States,92.02,False
c044be,Canada,129.51,False
a842a9,United States,273.19,False
80180e,India,155.7,False
a722b1,United States,187.86,False
ab38aa,United States,133.76,False
a4c2f9,United States,58.37,False
406909,United Kingdom,233.02,False
781b48,China,2.31,True
a10102,United States,103.07,False
a5e2bc,United States,152.17,False
a9fb96,United States,205.34,False
a48764,United States,48.62,False
a15aef,United States,288.98,False
a9fb92,United States,9.26,True
7c7570,Australia,57.14,False
ad6814,United States,55.06,False
7c7577,Australia,58.36,False
a4c422,United States,229.23,False
ab5bb1,United States,208.07,False
a34119,United States,201.32,False
a58103,United States,297.77,False
a77dae,United States,230.46,False
a12796,United States,172.23,False
a12799,United States,209.87,False
a84404,United States,57.11,False
a1277b,United States,185.69,False
a6adaf,United States,51.31,False
a65dbc,United States,41.83,False
a35434,United States,51.75,False
a3b796,United States,198.8,False
ac8ee5,United States,183.19,False
aaf53a,United States,244.15,False
a24782,United States,72.24,False
ac2203,United States,246.3,False
a4871c,United States,154.2,False
ab5bd4,United States,269.68,False
a28dda,United States,56.92,False
ae1ec4,United States,68.03,False
8a03f3,Indonesia,224.85,False
abbee3,United States,273.89,False
ac221b,United States,40.18,False
a9b2e0,United States,199.01,False
7c6281,Australia,50.72,False
ae1eb0,United States,116.1,False
a7bb77,United States,194.2,False
45213d,Bulgaria,0.0,True
ac4888,United States,9.26,True
a39af6,United States,250.6,False
ad6884,United States,90.87,False
ad9bc8,United States,181.74,False
aa90fb,United States,57.11,False
acdef1,United States,28.67,False
a39ada,United States,147.53,False
8a03c8,Indonesia,195.03,False
aaf587,United States,46.52,False
7c7591,Australia,66.25,False
a09192,United States,127.27,False
a40ac2,United States,51.94,False
ada526,United States,158.68,False
a23494,United States,162.9,False
a36799,United States,0.0,True
ad53ce,United States,279.77,False
a9b41d,United States,44.88,False
a95128,United States,237.03,False
a3c9a1,United States,66.31,False
44012f,Austria,0.0,True
a64aef,United States,185.63,False
e4a533,Brazil,185.72,False
ab00df,United States,51.47,False
a34199,United States,7.2,True
a126bb,United States,64.72,False
c0211f,Canada,145.15,False
8a0536,Indonesia,256.42,False
a126c3,United States,199.63,False
a126c4,United States,253.81,False
a97797,United States,12.35,True
a126c7,United States,40.52,False
a3c9b4,United States,252.62,False
a4b16c,United States,150.22,False
ac20e7,United States,264.99,False
aae0db,United States,161.02,False
c03493,Canada,216.23,False
acdf9a,United States,197.97,False
a9c737,United States,272.7,False
e4a527,Brazil,158.42,False
ad40c7,United States,38.42,False
a6049b,United States,214.61,False
a9b402,United States,151.91,False
c03487,Canada,96.2,False
68220d,Mongolia,245.47,False
a04f49,United States,145.41,False
ad9c6c,United States,77.32,False
452124,Bulgaria,247.28,False
4bb2b2,Turkey,212.74,False
a126eb,United States,12.35,True
a126ed,United States,225.06,False
a8eda9,United States,49.97,False
c07aa4,Canada,4.89,True
8a0509,Indonesia,180.63,False
300a44,Italy,212.96,False
aa3bf0,United States,271.16,False
84d622,Japan,274.97,False
a4b125,United States,180.15,False
7020a4,Bangladesh,130.72,False
7c753d,Australia,0.0,True
a4c45a,United States,185.41,False
a1ac0c,United States,176.1,False
a61797,United States,223.7,False
7020b2,Bangladesh,229.4,False
a4b136,United States,108.82,False
7c7539,Australia,6.43,True
0d12ad,Mexico,203.82,False
a379dd,United States,195.34,False
a126cc,United States,258.41,False
440118,Austria,193.11,False
a52aed,United States,253.08,False
7020c2,Bangladesh,230.26,False
a1ac11,United States,144.24,False
e49bf6,Brazil,238.59,False
a379cd,United States,138.29,False
ab6eb9,United States,3.86,True
ac481d,United States,80.97,False
a0f3a5,United States,220.89,False
e49bff,Brazil,233.29,False
a259ec,United States,52.71,False
a4c492,United States,8.75,True
846021,Japan,2.57,True
846020,Japan,183.6,False
aa4ee9,United States,159.79,False
a126e6,United States,1.8,True
a126e7,United States,156.6,False
a6adda,United States,51.7,False
a7cf10,United States,262.06,False
acdf07,United States,45.92,False
aca9b6,United States,91.9,False
a39c62,United States,0.0,True
a77f2d,United States,249.94,False
8017ff,India,188.9,False
a53f5b,United States,134.23,False
a233e7,United States,204.08,False
ae749b,United States,0.0,True
a353c8,United States,130.69,False
a353c6,United States,198.27,False
a77f26,United States,248.76,False
a353d2,United States,143.79,False
a2cc2c,United States,84.96,False
c04716,Canada,254.33,False
a603a2,United States,38.29,False
a27c78,United States,274.45,False
a27c59,United States,43.73,False
aa06b7,United States,248.01,False
a53f84,United States,56.98,False
c81a1b,New Zealand,0.0,False
adc9b6,United States,107.54,False
a52c4f,United States,173.06,False
a15c80,United States,212.5,False
4892c4,Poland,219.35,False
a28f80,United States,166.44,False
4892c9,Poland,212.19,False
c04738,Canada,226.64,False
ad79eb,United States,203.22,False
a53f20,United States,250.77,False
abbf4c,United States,93.99,False
c07b8c,Canada,220.78,False
abac1e,United States,49.46,False
abbf4e,United States,43.92,False
a9a132,United States,142.26,False
a3c9e2,United States,3.09,True
abac22,United States,147.11,False
ac33c4,United States,7.72,True
89620b,United Arab Emirates,260.0,False
ab6f96,United States,39.13,False
a3ff44,United States,172.22,False
a1280c,United States,191.0,False
884207,Thailand,209.52,False
89620e,United Arab Emirates,249.68,False
89620d,United Arab Emirates,239.05,False
7380c2,Israel,233.95,False
ac20a1,United States,211.15,False
7380c0,Israel,239.19,False
7380c6,Israel,250.12,False
7380c5,Israel,268.27,False
7380c4,Israel,225.82,False
a9778d,United States,66.04,False
ae1f4e,United States,39.8,False
7380c9,Israel,236.94,False
7380c7,Israel,227.79,False
a9b43f,United States,294.41,False
a220cb,United States,266.59,False
a52c0c,United States,113.09,False
4bb1ed,Turkey,257.85,False
344346,Spain,223.52,False
abac48,United States,78.3,False
aaf3e8,United States,77.12,False
a353e5,United States,48.55,False
7380cb,Israel,248.22,False
ab00d6,United States,251.79,False
ad66e9,United States,32.93,False
ac7c67,United States,145.47,False
ac33e2,United States,190.73,False
c81a91,New Zealand,110.02,False
ad9ac9,United States,202.1,False
ac212d,United States,206.3,False
abbdfa,United States,209.92,False
0d001e,Mexico,95.68,False
a950a8,United States,66.93,False
e49c59,Brazil,148.6,False
aa3c9a,United States,66.37,False
a9fc34,United States,213.5,False
ab014c,United States,46.97,False
a28eb7,United States,197.37,False
a36825,United States,205.92,False
ad5460,United States,167.03,False
aaf488,United States,45.18,False
ab1496,United States,0.0,True
a88c4e,United States,74.31,False
87cd24,Japan,129.79,False
aaf485,United States,174.37,False
ab148b,United States,230.3,False
ad9aac,United States,35.03,False
a16ebc,United States,205.78,False
ac3477,United States,203.12,False
ae1dcf,United States,32.16,False
a830a7,United States,200.31,False
a10202,United States,198.42,False
adb782,United States,136.72,False
a830cd,United States,47.54,False
a8a6cf,United States,65.34,False
a9d9f2,United States,11.32,True
344304,Spain,223.7,False
abaadd,United States,114.73,False
ad5480,United States,2.06,True
accabe,United States,255.11,False
a3fea3,United States,45.39,False
a3a503,United States,204.61,False
a3a509,United States,284.18,False
7c617a,Australia,73.26,False
840a7c,Japan,303.97,False
e49c2f,Brazil,103.02,False
a8dc45,United States,219.7,False
a4c3e4,United States,277.32,False
aae184,United States,122.06,False
a23547,United States,69.35,False
c032a2,Canada,10.29,True
a34209,United States,193.85,False
abaafe,United States,189.28,False
ab39b8,United States,0.0,True
a10231,United States,185.55,False
a0f566,United States,1.54,True
a09259,United States,214.19,False
accaf4,United States,153.74,False
a3ec93,United States,184.46,False
c07b09,Canada,223.17,False
a1bee0,United States,200.1,False
a976a5,United States,187.58,False
a5e3e4,United States,211.89,False
c07b42,Canada,246.96,False
aa06df,United States,55.41,False
aa4f70,United States,54.84,False
ac59c3,United States,118.8,False
0d000f,Mexico,244.83,False
a09239,United States,243.64,False
0d0022,Mexico,5.92,True
a989df,United States,45.17,False
ae0afd,United States,66.93,False
a57362,United States,266.45,False
e47e71,Brazil,0.0,True
ad474c,United States,221.73,False
aa8477,United States,255.95,False
a02e0a,United States,211.09,False
a3338c,United States,8.75,True
ac5ab7,United States,217.64,False
7c769b,Australia,46.83,False
a5d668,United States,12.86,True
abe101,United States,7.2,True
3451cf,Spain,229.66,False
a2007c,United States,0.32,True
c012a5,Canada,90.98,False
a6f643,United States,192.52,False
aa8466,United States,89.0,False
a3336d,United States,40.86,False
ab079c,United States,94.91,False
ac011d,United States,182.64,False
a70333,United States,113.57,False
7cc668,Australia,41.72,False
ad2103,United States,65.27,False
a6935a,United States,41.67,False
adddd5,United States,291.57,False
4079cd,United Kingdom,199.98,False
a56056,United States,57.11,False
a6e342,United States,34.02,False
aa9785,United States,66.44,False
a7acd6,United States,207.37,False
ac1466,United States,301.43,False
020118,Morocco,214.15,False
aa1ac4,United States,259.29,False
abe124,United States,242.0,False
a0c075,United States,205.69,False
ad7ab8,United States,139.44,False
a81000,United States,193.09,False
a81001,United States,222.03,False
c012ba,Canada,220.85,False
8962e5,United Arab Emirates,200.56,False
a81005,United States,251.41,False
ac0143,United States,111.93,False
a5738b,United States,194.46,False
a5d68a,United States,285.33,False
aa7108,United States,0.0,True
c06e85,Canada,165.45,False
ac5ada,United States,12.86,True
a3a990,United States,189.39,False
a3dcd6,United States,264.24,False
a4c96c,United States,300.25,False
aa974f,United States,121.93,False
ae6789,United States,87.55,False
a0f8d3,United States,223.02,False
4bb299,Turkey,0.0,True
4bb295,Turkey,235.78,False
738288,Israel,193.96,False
aa9758,United States,63.57,False
a5d623,United States,230.56,False
a9da7e,United States,44.92,False
c038ca,Canada,239.77,False
c038cc,Canada,268.57,False
4bb28e,Turkey,243.53,False
a4b64b,United States,187.38,False
a5731c,United States,22.59,False
a44078,United States,262.82,False
ad479d,United States,267.59,False
aa8418,United States,219.95,False
ac5afb,United States,60.36,False
a105bc,United States,191.99,False
ac5afd,United States,195.12,False
ad2160,United States,225.77,False
7c6393,Australia,59.93,False
4bb268,Turkey,229.81,False
e47e7c,Brazil,251.54,False
e47e7f,Brazil,154.34,False
a71654,United States,250.96,False
4bb26f,Turkey,245.03,False
a9da7a,United States,94.49,False
c06e45,Canada,118.28,False
4bb283,Turkey,138.74,False
4bb281,Turkey,253.16,False
a51e24,United States,257.39,False
896408,United Arab Emirates,225.5,False
a01b5c,United States,200.76,False
896407,United Arab Emirates,232.15,False
a93061,United States,49.14,False
a37b0c,United States,78.2,False
a2be35,United States,167.2,False
a0e5ee,United States,177.42,False
896413,United Arab Emirates,234.6,False
adde95,United States,223.53,False
a01b80,United States,77.9,False
a7f080,United States,61.66,False
a105d2,United States,95.34,False
a26e3a,United States,49.28,False
a082ac,United States,277.88,False
c038aa,Canada,247.42,False
718a90,Republic of Korea,41.37,False
a81030,United States,95.68,False
aae72c,United States,201.35,False
a25b6d,United States,117.73,False
aa716b,United States,65.75,False
aae745,United States,59.83,False
a7f018,United States,110.3,False
4bb1a3,Turkey,213.41,False
345299,Spain,231.09,False
7c7659,Australia,64.44,False
ac6dc0,United States,223.47,False
a6e361,United States,228.43,False
ac2749,United States,307.19,False
020122,Morocco,229.93,False
4bb1a4,Turkey,216.08,False
aa8493,United States,84.05,False
aa8499,United States,252.38,False
a38e69,United States,246.44,False
a7f02d,United States,122.05,False
a1f2c8,United States,72.8,False
a3a8c0,United States,247.64,False
ad3401,United States,56.36,False
a8103e,United States,239.89,False
a37b1c,United States,164.47,False
aac111,United States,47.35,False
84c43e,Japan,0.0,True
a81043,United States,190.38,False
8a0837,Indonesia,227.86,False
a3a8ba,United States,179.23,False
ac6dd4,United States,209.88,False
abf421,United States,78.7,False
ad4744,United States,203.57,False
020145,Morocco,215.42,False
abf40b,United States,63.63,False
a8dffc,United States,192.15,False
a5b078,United States,152.25,False
a5609b,United States,64.68,False
acab11,United States,173.7,False
780a4b,China,205.49,False
e48ffb,Brazil,225.89,False
e48ffa,Brazil,240.3,False
a09720,United States,43.3,False
8005eb,India,251.18,False
8005ee,India,258.28,False
7cfa31,Australia,141.53,False
344043,Spain,0.0,False
acbe34,United States,146.73,False
c06cc3,Canada,53.56,False
896388,United Arab Emirates,232.86,False
ad7b17,United States,2.57,True
ac5b43,United States,219.74,False
e80621,Chile,229.12,False
acbe63,United States,241.75,False
a6e2bd,United States,71.99,False
a2ab6c,United States,186.19,False
a4a2ec,United States,48.0,False
e48fcf,Brazil,227.75,False
896356,United Arab Emirates,7.72,True
ac12be,United States,225.93,False
7c0d81,Australia,53.92,False
345353,Spain,9.77,True
aa1b39,United States,61.72,False
7cc4ab,Australia,48.48,False
a968e3,United States,54.62,False
780a94,China,215.16,False
7c74ce,Australia,54.57,False
e8062a,Chile,225.95,False
a332e6,United States,177.51,False
e8062c,Chile,86.46,False
c0399b,Canada,208.4,False
7cfa06,Australia,120.08,False
7cfa08,Australia,110.09,False
7cfa07,Australia,129.07,False
c06cdd,Canada,32.93,False
896366,United Arab Emirates,135.61,False
780a98,China,266.22,False
c06cda,Canada,140.2,False
780a8b,China,254.0,False
a452c4,United States,2.06,True
a955ab,United States,98.34,False
ac5b66,United States,196.89,False
a87e69,United States,262.99,False
a6f5f2,United States,36.72,False
acab54,United States,5.66,True
4bb0f5,Turkey,238.95,False
4bb0f2,Turkey,269.67,False
a07106,United States,46.56,False
4bb0ec,Turkey,227.73,False
4bb0ea,Turkey,235.99,False
89631d,United Arab Emirates,264.75,False
a02dda,United States,175.93,False
a63e46,United States,4.63,True
ac5b89,United States,249.54,False
c07fb1,Canada,1.54,True
aa95ac,United States,211.45,False
a608fc,United States,48.82,False
acab3f,United States,266.21,False
a968bb,United States,274.42,False
4bb0fa,Turkey,237.43,False
c07fb8,Canada,232.71,False
c07fb9,Canada,253.79,False
ad7b7c,United States,59.57,False
a62b39,United States,120.66,False
c07fe9,Canada,227.86,False
39b861,France,78.58,False
4bb0e7,Turkey,246.89,False
4bb0e8,Turkey,254.32,False
a75e42,United States,42.81,False
406752,United Kingdom,206.3,False
4bb0e6,Turkey,235.07,False
406755,United Kingdom,239.98,False
4bb0e4,Turkey,239.48,False
4bb0e2,Turkey,258.31,False
896316,United Arab Emirates,272.13,False
a715c6,United States,198.26,False
896313,United Arab Emirates,272.51,False
c07fbf,Canada,162.86,False
a2270f,United States,9.77,True
adcb43,United States,29.23,False
89630e,United Arab Emirates,266.15,False
e80601,Chile,170.17,False
89630f,United Arab Emirates,122.95,False
a37aa3,United States,180.42,False
7c0d18,Australia,77.31,False
a46745,United States,114.84,False
aa9721,United States,211.71,False
abf396,United States,271.59,False
ac006d,United States,205.52,False
a9db89,United States,25.25,False
ac0094,United States,0.0,False
abe075,United States,197.54,False
a98b76,United States,182.06,False
ab18bc,United States,56.08,False
c80de3,New Zealand,31.91,False
a9ee84,United States,51.51,False
a75da2,United States,2.31,True
a9db3f,United States,26.8,False
346605,Spain,223.7,False
a0711b,United States,5.4,True
ad2095,United States,129.3,False
c0390e,Canada,118.59,False
a63dc7,United States,186.57,False
a26dc9,United States,82.37,False
a2274d,United States,76.47,False
780a0d,China,242.49,False
89639c,United Arab Emirates,283.24,False
aae5a9,United States,12.86,True
aa1b9d,United States,61.92,False
4bb206,Turkey,213.34,False
aa1b9f,United States,298.2,False
4bb207,Turkey,207.72,False
a1f46b,United States,281.47,False
4bb205,Turkey,248.28,False
89639a,United Arab Emirates,229.2,False
4bb202,Turkey,210.74,False
a9db1d,United States,56.67,False
4bb212,Turkey,251.17,False
7cc4a2,Australia,51.1,False
80073f,India,265.65,False
a19168,United States,86.46,False
7c0d63,Australia,3.6,True
4bb20a,Turkey,199.21,False
780a1d,China,213.03,False
4bb215,Turkey,209.17,False
4bb213,Turkey,72.51,False
a6f5fc,United States,70.21,False
c06d87,Canada,56.58,False
a822d6,United States,179.28,False
4bb20e,Turkey,242.43,False
a2147c,United States,232.35,False
a33465,United States,34.51,False
a1e141,United States,19.56,False
a9ee47,United States,48.23,False
e48fa6,Brazil,72.62,False
a8ce4e,United States,57.89,False
a37ac2,United States,71.29,False
ad45a4,United States,247.19,False
a955e8,United States,144.48,False
800728,India,202.73,False
a0848d,United States,51.02,False
800732,India,5.4,True
a1e132,United States,43.21,True
a13af4,United States,302.0,False
aaf8ef,United States,132.11,False
89638d,United Arab Emirates,205.12,False
780a3e,China,233.24,False
4bb201,Turkey,213.23,False
780a57,China,274.7,False
0ac121,Colombia,113.73,False
a9db0f,United States,28.92,False
a32114,United States,57.84,False
780a4a,China,212.15,False
a32116,United States,124.26,False
a26f01,United States,222.97,False
8830ef,Thailand,251.25,False
a44168,United States,211.08,False
a87de9,United States,32.94,False
8830f6,Thailand,247.1,False
a63dff,United States,240.75,False
841ebc,Japan,187.09,False
a4eae7,United States,208.35,False
a70463,United States,188.53,False
a69463,United States,234.14,False
ad4873,United States,174.91,False
750094,Malaysia,225.6,False
ac289f,United States,128.43,False
a4414a,United States,243.65,False
a83760,United States,37.56,False
a6e436,United States,63.28,False
a4a484,United States,228.75,False
a4a482,United States,113.14,False
a5748a,United States,294.49,False
4bb145,Turkey,174.51,False
4bb146,Turkey,272.15,False
4bb144,Turkey,231.43,False
4bb141,Turkey,216.58,False
a119ce,United States,116.83,False
a1e189,United States,56.55,False
4bb109,Turkey,233.37,False
a1f48f,United States,22.62,False
a19190,United States,144.54,False
4bb103,Turkey,131.7,False
7c779b,Australia,237.77,False
a3348d,United States,123.62,False
8963ef,United Arab Emirates,264.49,False
c05c86,Canada,255.29,False
ae687c,United States,99.2,False
a3a9a3,United States,200.23,False
ab9278,United States,229.45,False
ad3581,United States,89.64,False
a6815b,United States,100.59,False
a7178c,United States,263.1,False
c013dc,Canada,212.8,False
a83782,United States,202.18,False
a83787,United States,222.03,False
7c7799,Australia,203.96,False
a1e14a,United States,152.36,False
a86aac,United States,52.56,False
c013de,Canada,219.46,False
a5b154,United States,193.28,False
a4a49d,United States,49.84,False
a3a9b6,United States,144.98,False
8963d0,United Arab Emirates,284.92,False
a4a439,United States,51.68,False
a71748,United States,52.97,False
8963d5,United Arab Emirates,175.74,False
a6f737,United States,48.24,False
4bb15a,Turkey,222.07,False
a0e6c6,United States,152.83,False
a69424,United States,187.1,False
addefe,United States,165.75,False
a239e0,United States,216.4,False
c05c0e,Canada,208.87,False
a4418c,United States,211.46,False
a63de2,United States,126.22,False
a4418d,United States,177.72,False
a359c2,United States,185.04,False
8963cf,United Arab Emirates,263.2,False
a13c43,United States,173.54,False
4bb188,Turkey,245.08,False
4bb186,Turkey,248.42,False
4bb183,Turkey,264.16,False
ad2267,United States,82.97,False
a4fddb,United States,204.39,False
a14f2a,United States,79.5,False
a69447,United States,164.32,False
4bb149,Turkey,248.43,False
a2bf05,United States,47.49,False
c013b7,Canada,57.14,False
a75de4,United States,13.38,True
c013c3,Canada,200.45,False
4bb152,Turkey,255.38,False
a44187,United States,2.83,True
4bb153,Turkey,243.9,False
aa1ba3,United States,174.98,False
e06611,Argentina,144.64,False
4bb14a,Turkey,128.26,False
4bb159,Turkey,244.59,False
8a05ef,Indonesia,193.16,False
a5d778,United States,40.75,False
a8372b,United States,34.78,False
a4eacb,United States,264.42,False
a50c15,United States,159.41,False
7c0dab,Australia,43.59,False
a3a9eb,United States,100.5,False
a1f3c5,United States,138.14,False
a466bd,United States,57.99,False
a4b6b6,United States,252.61,False
a13c73,United States,223.9,False
ab0836,United States,109.94,False
a75f15,United States,270.29,False
896531,United Arab Emirates,256.12,False
ac2813,United States,201.76,False
a333ae,United States,293.17,False
a609d4,United States,130.16,False
a466c7,United States,199.17,False
a070d7,United States,165.09,False
a4b6c2,United States,53.86,False
a3a9ff,United States,201.39,False
a26f6f,United States,173.98,False
ad4804,United States,233.94,False
a213d6,United States,193.52,False
a63f37,United States,145.73,False
a51f4a,United States,192.26,False
a37c1c,United States,237.9,False
ab4ec6,United States,126.93,False
ae6805,United States,218.24,False
a1f3a1,United States,32.88,False
a3cc40,United States,220.02,False
4bb195,Turkey,210.24,False
ac2836,United States,0.0,True
ab084e,United States,45.1,False
a01c76,United States,33.26,False
a9daf0,United States,40.13,False
a190a5,United States,50.04,False
4bb18b,Turkey,216.06,False
a5e9f4,United States,0.0,True
a63f4e,United States,152.89,False
a849ab,United States,250.0,False
a106fd,United States,183.96,False
7cfaa7,Australia,70.03,False
c00165,Canada,186.71,False
a466fc,United States,181.32,False
a9a776,United States,80.39,False
ac2859,United States,198.78,False
ac6ecd,United States,82.43,False
c80d5e,New Zealand,36.45,False
ad350a,United States,137.7,False
7c7778,Australia,238.17,False
ac5bb0,United States,213.57,False
acbea2,United States,189.98,False
a320c1,United States,193.74,False
a3a9d1,United States,210.07,False
a51f0f,United States,248.02,False
c80d61,New Zealand,51.44,False
c00158,Canada,8.23,True
7c776f,Australia,169.41,False
ab0891,United States,58.46,False
ad8ed7,United States,291.85,False
ad8ed4,United States,199.98,False
a190d1,United States,60.34,False
7c7768,Australia,171.24,False
aa7288,United States,210.43,False
3ad1ff,France,5.14,True
ac1547,United States,123.13,False
a213e9,United States,93.04,False
a9a750,United States,270.19,False
acbeac,United States,87.61,False
ac287c,United States,117.54,False
ad485f,United States,66.97,False
a38f78,United States,31.75,False
a50c00,United States,50.12,False
a466d2,United States,194.53,False
ac13d6,United States,191.92,False
a08512,United States,231.21,False
c05ac1,Canada,49.1,False
aa83ec,United States,57.89,False
e0658f,Argentina,271.88,False
abf3b8,United States,181.37,False
ad8f4c,United States,57.64,False
c06de0,Canada,41.31,False
40683e,United Kingdom,274.3,False
7cc5f9,Australia,50.31,False
a4a3fc,United States,26.96,False
a560f3,United States,254.9,False
a560f4,United States,214.71,False
a2280b,United States,0.0,True
a0851b,United States,218.58,False
ac00b1,United States,233.09,False
aa70b1,United States,228.99,False
ac13f9,United States,142.96,False
a6e3db,United States,174.34,False
ac6f9c,United States,177.8,False
a98c19,United States,65.55,False
896472,United Arab Emirates,265.82,False
896471,United Arab Emirates,258.28,False
a703fb,United States,43.08,False
e48ec6,Brazil,113.38,False
a560fb,United States,237.42,False
a440c0,United States,178.79,False
a9b9e3,United States,8.23,True
896484,United Arab Emirates,261.47,False
ad33e0,United States,130.62,False
abf3da,United States,188.21,False
484f71,Kingdom of the Netherlands,251.39,False
aa1c48,United States,105.87,False
a01bbc,United States,254.79,False
aa96e8,United States,53.54,False
7c7701,Australia,218.18,False
a573c7,United States,190.41,False
a07228,United States,72.88,False
a01bd8,United States,123.54,False
896453,United Arab Emirates,216.78,False
a4a3c7,United States,71.92,False
020092,Morocco,235.66,False
a21535,United States,59.73,False
406890,United Kingdom,195.51,False
896461,United Arab Emirates,255.98,False
ab0809,United States,60.65,False
a693aa,United States,136.85,False
896463,United Arab Emirates,222.49,False
ac00f6,United States,74.26,False
a0855d,United States,214.78,False
a5d6f9,United States,0.0,True
a34825,United States,233.16,False
a87f50,United States,137.7,False
a693c4,United States,43.42,False
a6e3b2,United States,284.2,False
a716ee,United States,84.89,False
896439,United Arab Emirates,236.65,False
896440,United Arab Emirates,146.53,False
ad20f4,United States,235.31,False
a87f41,United States,203.22,False
89642d,United Arab Emirates,181.5,False
a836c7,United States,38.95,False
a703ad,United States,126.78,False
8a06fd,Indonesia,213.18,False
8a06fa,Indonesia,76.0,False
45a6b6,Denmark,256.74,False
a1e218,United States,190.3,False
8963a1,United Arab Emirates,269.38,False
a34878,United States,237.2,False
a34874,United States,49.91,False
a08570,United States,61.62,False
a25bc4,United States,207.53,False
a50bc5,United States,35.38,False
781e51,China,187.6,False
a1f543,United States,41.08,False
a2bec7,United States,181.57,False
a9dc5e,United States,275.13,False
a6950e,United States,61.63,False
a0d561,United States,8.75,True
aae6b3,United States,296.11,False
a25bb7,United States,196.81,False
aa9801,United States,278.21,False
a9dc53,United States,7.2,True
addf01,United States,186.56,False
aad3a0,United States,8.23,True
a810ba,United States,0.0,True
aad3a4,United States,51.88,False
8a06aa,Indonesia,28.16,False
ad59d2,United States,51.12,False
781e83,China,258.1,False
a98c95,United States,32.44,False
a37bf9,United States,9.9,False
8460b0,Japan,199.65,False
a49bc7,United States,53.47,False
a810f1,United States,64.32,False
ab3c58,United States,75.11,False
ac26cf,United States,211.31,False
a4b827,United States,253.22,False
a37be9,United States,57.53,False
a34892,United States,260.32,False
a44214,United States,201.42,False
ada9bb,United States,,True
ac6f5f,United States,31.98,False
c80cfa,New Zealand,31.59,False
a38af8,United States,203.01,False
ad5855,United States,98.71,False
a5844b,United States,34.66,False
a70102,United States,159.16,False
aad213,United States,189.2,False
3965a4,France,220.96,False
c049fd,Canada,219.22,False
ab1890,United States,249.72,False
a03f10,United States,78.22,False
3462c8,Spain,219.67,False
aa2bc4,United States,10.29,True
3965b1,France,288.48,False
aa2bc5,United States,241.69,False
a40dea,United States,66.19,False
a4a11d,United States,107.39,False
a6076c,United States,201.69,False
840cd8,Japan,181.47,False
ac121a,United States,99.93,False
a38ad5,United States,220.6,False
a76df1,United States,232.74,False
a6e103,United States,73.29,False
a3311b,United States,213.32,False
a4b470,United States,160.6,False
a3578a,United States,222.31,False
a76df8,United States,84.88,False
a21142,United States,222.26,False
c023bd,Canada,252.63,False
ac6bbc,United States,64.68,False
a51af8,United States,248.6,False
a4c79b,United States,215.97,False
a40de8,United States,216.64,False
ac122a,United States,47.34,False
a009a4,United States,280.21,False
683273,Kazakhstan,248.15,False
aa2ba5,United States,231.36,False
3475d3,Spain,84.55,False
aa2ba1,United States,216.66,False
c023ae,Canada,215.71,False
acced9,United States,209.09,False
781f03,China,228.87,False
aae582,United States,174.08,False
aa950d,United States,286.74,False
ac6bf2,United States,191.35,False
e80491,Chile,179.82,False
a0d19e,United States,215.01,False
ac2576,United States,268.46,False
a129d9,United States,228.15,False
a27f07,United States,210.44,False
a9eb99,United States,41.67,False
8964fb,United Arab Emirates,238.62,False
4bb068,Turkey,235.53,False
a4b410,United States,25.23,False
8964fe,United Arab Emirates,225.99,False
a87b9b,United States,206.76,False
a4b41c,United States,283.81,False
3965ae,France,221.64,False
8964bc,United Arab Emirates,271.44,False
3965ad,France,240.9,False
a46488,United States,247.56,False
ad8bed,United States,196.76,False
a4b420,United States,194.8,False
a03f1e,United States,260.82,False
a129b0,United States,228.92,False
4077d4,United Kingdom,281.77,False
781f39,China,151.72,False
8964d9,United Arab Emirates,256.92,False
847628,Japan,176.57,False
a3edf5,United States,118.48,False
8964e8,United Arab Emirates,263.44,False
ad4584,United States,193.05,False
a51ac6,United States,151.15,False
a2cf34,United States,182.79,False
e8043a,Chile,91.62,False
896643,United Arab Emirates,96.26,False
a369e2,United States,255.25,False
a9eabc,United States,37.78,False
e80454,Chile,157.28,False
a94156,United States,111.12,False
e80450,Chile,263.81,False
8008d4,India,4.37,True
a75afd,United States,232.35,False
a9b78e,United States,196.74,False
e80468,Chile,233.32,False
a9b797,United States,130.5,False
aaf800,United States,34.71,False
e8045c,Chile,247.62,False
a51c04,United States,45.54,False
407898,United Kingdom,265.55,False
896625,United Arab Emirates,266.17,False
e80470,Chile,149.7,False
a369be,United States,170.83,False
89661e,United Arab Emirates,75.53,False
e8046f,Chile,153.3,False
a1f19b,United States,148.19,False
4bb06d,Turkey,253.33,False
4bb06b,Turkey,215.08,False
a4c6b3,United States,12.35,True
a2cf09,United States,212.44,False
e80487,Chile,236.6,False
a45186,United States,29.74,False
a03f84,United States,208.66,False
a9b775,United States,209.54,False
a9eab5,United States,44.92,False
780ac8,China,265.35,False
c06ad9,Canada,62.29,False
ab1842,United States,240.45,False
a9a419,United States,197.82,False
ab5eb2,United States,120.9,False
896601,United Arab Emirates,222.34,False
a9675d,United States,272.15,False
ad5817,United States,0.0,True
a356f6,United States,132.24,False
a330a0,United States,221.16,False
e80417,Chile,226.17,False
ab050f,United States,69.96,False
a210a3,United States,207.98,False
a4a15a,United States,257.03,False
346384,Spain,127.18,False
e8040e,Chile,260.87,False
683250,Kazakhstan,131.99,False
e8040d,Chile,209.56,False
e80428,Chile,239.23,False
ab184d,United States,61.48,False
a9b755,United States,0.64,True
00b02e,South Africa,243.56,False
a356db,United States,252.32,False
7c788f,Australia,218.13,False
7c788d,Australia,229.65,False
ac250b,United States,257.92,False
ad5837,United States,244.13,False
a9b70e,United States,4.89,True
ae780b,United States,25.83,False
885962,Thailand,73.37,False
ac7ebb,United States,195.89,False
ac384a,United States,46.37,False
485f82,Kingdom of the Netherlands,276.47,False
a2bc12,United States,207.78,False
a70151,United States,181.79,False
a02c91,United States,204.07,False
ac3858,United States,48.36,False
a369ee,United States,101.6,False
0d106d,Mexico,189.93,False
0d106e,Mexico,206.83,False
883294,Thailand,254.24,False
0d1083,Mexico,251.83,False
abaf47,United States,0.0,True
a87c12,United States,289.45,False
a88f41,United States,81.05,False
ad56c8,United States,47.65,False
ab5f6a,United States,210.53,False
a0d0f1,United States,36.46,False
a8df2c,United States,0.45,True
a5d3c1,United States,63.27,False
accf1c,United States,190.93,False
ac36cc,United States,148.18,False
ab4c4b,United States,158.71,False
a4a0b4,United States,75.5,False
346456,Spain,267.55,False
e0648b,Argentina,249.34,False
8a09be,Indonesia,223.37,False
a700a4,United States,230.49,False
a2cf8b,United States,86.65,False
a726fb,United States,261.35,False
34510a,Spain,232.98,False
ac6c2c,United States,124.29,False
896598,United Arab Emirates,220.71,False
c06aac,Canada,257.39,False
ada6b9,United States,222.33,False
ab4c76,United States,237.43,False
a76f6d,United States,183.25,False
a38c64,United States,237.75,False
a690ab,United States,85.97,False
a846d1,United States,119.49,False
a38c60,United States,29.32,True
e48db0,Brazil,91.33,False
a4a0d9,United States,273.32,False
345109,Spain,253.43,False
461f4e,Finland,278.28,False
89655d,United Arab Emirates,223.35,False
896569,United Arab Emirates,224.76,False
a3dc34,United States,238.47,False
a27ea8,United States,132.8,False
44cc43,Belgium,229.86,False
461f63,Finland,269.25,False
89655f,United Arab Emirates,7.2,True
a4c6af,United States,286.11,False
8a09a6,Indonesia,168.88,False
a03eca,United States,265.66,False
8a09a0,Indonesia,226.94,False
ad8c4c,United States,143.2,False
89656d,United Arab Emirates,271.17,False
a619ef,United States,32.83,False
896582,United Arab Emirates,250.44,False
447c2f,Austria,1.54,True
ac10af,United States,221.56,False
a3dc47,United States,186.48,False
89656f,United Arab Emirates,238.75,False
a7bf22,United States,198.15,False
7c7802,Australia,191.56,False
7c7801,Australia,8.23,True
a2bc9e,United States,229.03,False
ad43e6,United States,212.33,False
a76f48,United States,157.01,False
ac23ef,United States,193.77,False
0d1068,Mexico,159.91,False
ac6c83,United States,198.43,False
346401,Spain,72.97,False
a52f89,United States,46.92,False
a5e6d7,United States,39.62,False
a739e1,United States,71.98,False
781ebb,China,239.98,False
461f57,Finland,277.11,False
447c60,Austria,0.0,True
461f59,Finland,113.85,False
461f55,Finland,284.48,False
461f50,Finland,1858.29,False
a3dc5a,United States,3.09,True
a22539,United States,268.75,False
8964b0,United Arab Emirates,70.67,False
a690fb,United States,203.28,False
a26bb8,United States,202.09,False
a0822c,United States,72.02,False
8964c3,United Arab Emirates,241.19,False
a3eeb0,United States,206.11,False
a833ff,United States,76.9,False
4b991a,Turkey,228.7,False
ada788,United States,69.14,False
a0956b,United States,235.41,False
080010,United Republic of Tanzania,154.67,False
ab5f00,United States,195.49,False
a35843,United States,186.16,False
a14ba3,United States,113.72,False
ac1190,United States,196.65,False
0d1021,Mexico,43.24,False
ac117b,United States,71.82,False
8964a1,United Arab Emirates,193.27,False
addadb,United States,253.72,False
75021d,Malaysia,170.08,False
a4b50c,United States,167.69,False
a09552,United States,1.8,True
a9ff6a,United States,236.1,False
750223,Malaysia,222.31,False
a7ac8f,United States,208.39,False
a59856,United States,57.93,False
ac7f12,United States,64.89,False
780c4d,China,152.3,False
ab5f1b,United States,266.86,False
a8cc46,United States,215.42,False
a63c85,United States,53.7,False
ac119d,United States,119.48,False
a570eb,United States,177.5,False
ae648b,United States,48.43,False
76cc6b,Singapore,232.76,False
ac36a9,United States,185.43,False
a9ff4d,United States,50.15,False
aa3f9f,United States,191.5,False
76cc83,Singapore,8.75,True
a33222,United States,205.49,False
a6f3d3,United States,203.51,False
aa93da,United States,36.0,False
ac49e4,United States,176.36,False
ac49e8,United States,9.26,True
a3452b,United States,49.32,False
a700da,United States,108.35,False
ac7f30,United States,152.85,False
adb9a1,United States,60.76,False
ab4c1d,United States,264.32,False
a09590,United States,0.9,True
a833df,United States,45.48,False
accf07,United States,178.08,False
a8df4b,United States,241.87,False
a1057a,United States,201.38,False
a99c2b,United States,37.11,False
a6e0c9,United States,253.84,False
a2254e,United States,39.93,False
a8deb4,United States,291.69,False
a63bd4,United States,62.76,False
c05a0a,Canada,199.36,False
e0b2c4,Argentina,220.36,False
c024c5,Canada,246.86,False
8a0942,Indonesia,223.7,False
507cb9,Uzbekistan,230.27,False
aa8349,United States,132.75,False
a8484b,United States,47.42,False
a33278,United States,16.98,True
a8351d,United States,0.06,True
ad8ca6,United States,206.2,False
a63be5,United States,304.85,False
a9b837,United States,174.4,False
4d0226,Luxembourg,106.52,False
aa9679,United States,205.14,False
e48e55,Brazil,208.14,False
ab9024,United States,111.64,False
846444,Japan,188.06,False
a9b806,United States,138.42,False
ac6cdf,United States,162.08,False
a63bf4,United States,209.6,False
a2bbf2,United States,216.59,False
a3323d,United States,255.25,False
a47898,United States,120.61,False
7c404a,Australia,88.9,False
a22591,United States,65.87,False
aa8329,United States,146.21,False
8a090b,Indonesia,195.77,False
ac134a,United States,1.03,True
a2bbcc,United States,0.0,True
ac0027,United States,153.9,False
4d0208,Luxembourg,67.98,False
a87bb9,United States,49.9,False
3b15ff,France,0.0,True
a38bdf,United States,68.85,False
a0d26d,United States,230.32,False
abf32f,United States,256.52,False
a5c247,United States,158.64,False
76cd01,Singapore,207.81,False
750282,Malaysia,179.15,False
750286,Malaysia,120.54,False
aad375,United States,42.18,True
aa8315,United States,260.65,False
76cd09,Singapore,157.25,False
ad8cec,United States,235.09,False
abf351,United States,97.32,False
aac03d,United States,250.64,False
a5e834,United States,162.52,False
a76eb5,United States,205.15,False
a02d40,United States,53.86,False
8832da,Thailand,241.21,False
76cd16,Singapore,149.83,False
4078fe,United Kingdom,222.46,False
e48e94,Brazil,243.28,False
7c78ac,Australia,0.0,True
7c78aa,Australia,1.03,True
ad201e,United States,136.78,False
76cd0c,Singapore,204.14,False
7c78ae,Australia,186.56,False
7c78ad,Australia,144.53,False
76cd0f,Singapore,286.03,False
4d0263,Luxembourg,261.22,False
aa2ca9,United States,233.91,False
8965f5,United Arab Emirates,268.72,False
a5d51c,United States,186.51,False
abf375,United States,245.01,False
a02d0c,United States,215.52,False
8965f8,United Arab Emirates,240.28,False
ad3368,United States,38.67,False
7c78b2,Australia,144.98,False
7c78b1,Australia,64.96,False
ab9078,United States,200.68,False
ad2051,United States,48.88,False
44ccd0,Belgium,261.12,False
a9ec96,United States,42.34,False
8965fb,United Arab Emirates,247.36,False
a094a3,United States,35.87,False
a96804,United States,84.98,False
a96805,United States,49.91,False
a9ec7f,United States,243.87,False
781ed4,China,257.65,False
acaa77,United States,259.53,False
7c5320,Australia,0.0,True
7c531d,Australia,0.0,True
ac5a94,United States,205.52,False
780bb6,China,273.81,False
780bb9,China,229.96,False
c01280,Canada,55.54,False
7c530d,Australia,167.39,False
ab192a,United States,52.65,False
7c530b,Australia,147.43,False
8a099f,Indonesia,235.81,False
e8033c,Chile,1.29,True
7c5304,Australia,157.98,False
7c5302,Australia,150.86,False
7c5300,Australia,179.73,False
a3ca01,United States,256.51,False
40666d,United Kingdom,243.29,False
ab5faa,United States,219.75,False
43bfef,United Kingdom,8.23,True
ad7a90,United States,35.3,False
a6e28a,United States,49.54,False
a357a4,United States,288.49,False
ac7fa0,United States,104.65,False
adca65,United States,185.19,False
8a097e,Indonesia,247.18,False
43bfdf,United Kingdom,3.6,True
aaf942,United States,72.82,False
a9a539,United States,73.66,False
a8def1,United States,219.71,False
8a0987,Indonesia,235.44,False
a9b85b,United States,6.17,True
ac3945,United States,287.05,False
a8222c,United States,5.66,True
84b42f,Japan,176.33,False
8a096f,Indonesia,235.0,False
aaf960,United States,186.74,False
aae631,United States,130.29,False
ab1979,United States,282.62,False
7c5356,Australia,180.37,False
a331a3,United States,51.54,False
a224fa,United States,220.39,False
8a0972,Indonesia,76.42,False
aaf968,United States,249.61,False
7c534f,Australia,95.62,False
7c534d,Australia,0.0,True
a8ded6,United States,12.35,True
70aa6f,Nepal,193.56,False
a38d49,United States,188.5,False
a14d78,United States,251.45,False
a5729c,United States,143.06,False
ac1301,United States,252.42,False
a96877,United States,68.07,False
7c400f,Australia,4.43,False
346489,Spain,79.3,False
84c790,Japan,176.57,False
a83581,United States,51.1,False
abf308,United States,289.65,False
a38d36,United States,183.84,False
896714,United Arab Emirates,219.24,False
84b473,Japan,220.87,False
70aa79,Nepal,252.91,False
a69299,United States,209.12,False
89670b,United Arab Emirates,224.03,False
c07ee8,Canada,220.68,False
a62a2d,United States,50.97,False
c07ee6,Canada,225.78,False
c07ee4,Canada,224.8,False
ac24c5,United States,290.71,False
a451cf,United States,159.57,False
0201a3,Morocco,1.54,True
a727fa,United States,125.57,False
ac6d2c,United States,144.88,False
ad7a08,United States,180.26,False
ab04e6,United States,168.45,False
a5e7ec,United States,211.44,False
a74a12,United States,233.16,False
a23914,United States,208.92,False
ad57bb,United States,4.37,True
407943,United Kingdom,267.4,False
ac11a8,United States,202.38,False
a727f6,United States,175.43,False
aa94d0,United States,121.64,False
a09616,United States,43.54,False
ab04f9,United States,257.53,False
ac24e4,United States,194.14,False
aa1a24,United States,188.14,False
a1f1de,United States,4.12,True
c02566,Canada,49.78,False
e49fb2,Brazil,217.3,False
a967ae,United States,272.04,False
e49fb4,Brazil,163.67,False
aa94aa,United States,38.07,False
aa2d2f,United States,89.59,False
c07eee,Canada,100.79,False
e49fc2,Brazil,2.57,True
a4ea77,United States,274.33,False
407994,United Kingdom,0.0,True
406666,United Kingdom,4.12,True
a4c7e7,United States,12.9,False
407992,United Kingdom,260.17,False
adca15,United States,247.38,False
ae77fa,United States,60.59,False
40797a,United Kingdom,260.83,False
840e10,Japan,186.92,False
a4c7cd,United States,66.5,False
e48ce6,Brazil,117.03,False
781fc3,China,253.31,False
a3ca1a,United States,286.65,False
896698,United Arab Emirates,195.1,False
a08321,United States,255.36,False
407979,United Kingdom,101.26,False
a584bc,United States,177.01,False
781fbe,China,239.95,False
aa2d14,United States,287.16,False
a5d4b5,United States,40.6,False
7501e9,Malaysia,183.64,False
896665,United Arab Emirates,246.03,False
a0f91d,United States,188.19,False
7501e4,Malaysia,205.52,False
ac5a73,United States,211.18,False
89665d,United Arab Emirates,188.07,False
896677,United Arab Emirates,231.82,False
ada7ff,United States,3.6,True
a0e607,United States,182.7,False
e0b392,Argentina,89.73,False
c010ea,Canada,244.79,False
8832aa,Thailand,247.02,False
8832b1,Thailand,232.87,False
a1afec,United States,89.71,False
7c77f8,Australia,235.95,False
7c77f6,Australia,106.0,False
7c77f4,Australia,239.42,False
a22669,United States,265.22,False
c06c8a,Canada,129.64,False
a03fff,United States,300.06,False
a9a4e2,United States,156.4,False
15206b,Russian Federation,229.86,False
8965b4,United Arab Emirates,254.43,False
76cd71,Singapore,261.7,False
8965b9,United Arab Emirates,14.4,True
76cd74,Singapore,237.44,False
a99d90,United States,161.38,False
76cd75,Singapore,236.77,False
abf29f,United States,196.6,False
4077fb,United Kingdom,8.23,True
76cd79,Singapore,271.37,False
a3a980,United States,56.25,False
a39fb7,United States,264.94,False
a07015,United States,55.15,False
a4c95d,United States,66.31,False
8965ac,United Arab Emirates,229.6,False
75033c,Malaysia,173.42,False
a99d8d,United States,134.82,False
a1afc8,United States,199.33,False
a22642,United States,211.44,False
76cd6d,Singapore,264.68,False
a3a97f,United States,65.89,False
a39fb1,United States,7.72,True
a0d374,United States,179.89,False
4b984f,Turkey,210.48,False
a691f0,United States,45.28,False
a4ea7e,United States,227.27,False
4b9856,Turkey,0.0,True
a2cffc,United States,184.58,False
c07f7c,Canada,271.48,False
a86a2b,United States,268.76,False
c023ca,Canada,44.76,False
3badff,France,5.4,True
0201d3,Morocco,0.0,True
a0e69b,United States,59.55,False
8a08eb,Indonesia,233.56,False
152027,Russian Federation,4.12,False
a3a91f,United States,80.92,False
7c77fa,Australia,217.28,False
a3efa2,United States,245.19,False
a9ed27,United States,35.21,False
a1901c,United States,48.42,False
863b52,Japan,0.51,False
7c77ff,Australia,4.12,True
7c77fb,Australia,225.77,False
a33339,United States,68.82,False
152039,Russian Federation,257.33,False
152038,Russian Federation,232.94,False
ac37bd,United States,157.8,False
780d9c,China,6.43,True
ae77a0,United States,156.09,False
c06c91,Canada,4.37,True
8462ee,Japan,48.97,False
a4795a,United States,4.89,True
a59922,United States,121.33,False
a7ad7c,United States,234.18,False
89408e,Bahrain,268.82,False
ab3a0c,United States,217.87,False
c023ee,Canada,0.0,True
a2cff0,United States,147.79,False
15203b,Russian Federation,283.87,False
a52fb2,United States,89.51,False
a33328,United States,197.12,False
c06c87,Canada,87.43,False
c06c84,Canada,63.49,False
a2000d,United States,261.53,False
a3a93b,United States,168.48,False
a4794e,United States,95.18,False
c06c82,Canada,146.53,False
8a08d9,Indonesia,156.24,False
a33327,United States,0.0,True
a19038,United States,73.22,False
a66a84,United States,292.98,False
89906b,Taiwan,145.86,False
aaab88,United States,260.1,False
a0cfbd,United States,183.67,False
ac52ee,United States,228.87,False
ab7b8c,United States,197.16,False
a52911,United States,203.35,False
a92d6d,United States,257.84,False
899082,Taiwan,235.46,False
c80604,New Zealand,53.15,False
ade8fa,United States,197.72,False
aaab8d,United States,79.19,False
89907e,Taiwan,228.5,False
4ca4b0,Ireland,253.27,False
ac52ff,United States,222.34,False
ad0b73,United States,164.1,False
a981bf,United States,136.53,False
899095,Taiwan,225.22,False
adc2a7,United States,252.39,False
c1e99c,Canada,4.37,True
a42a91,United States,0.0,True
a20fa4,United States,51.28,False
a2791e,United States,210.03,False
04015c,Ethiopia,274.71,False
a7da65,United States,228.13,False
a51601,United States,246.44,False
c0405a,Canada,1.03,True
040168,Ethiopia,218.36,False
e4a012,Brazil,209.9,False
a2790a,United States,41.37,False
89905e,Taiwan,261.04,False
c04051,Canada,217.44,False
a64924,United States,232.85,False
a1460a,United States,8.23,True
a1a919,United States,60.23,False
aceb76,United States,212.04,False
ad0b7f,United States,7.72,True
040172,Ethiopia,279.5,False
a0cfb6,United States,76.71,False
89902f,Taiwan,260.31,False
4bcd86,Turkey,243.2,False
c80637,New Zealand,53.11,False
4bcd83,Turkey,251.76,False
a54a4e,United States,96.83,False
a66a34,United States,35.66,False
a32ff6,United States,292.1,False
a4e1d6,United States,49.8,False
a3861f,United States,251.24,False
a5ad74,United States,81.44,False
04014d,Ethiopia,178.62,False
c0797b,Canada,211.95,False
a9f7b9,United States,48.04,False
899051,Taiwan,59.71,False
a80d30,United States,140.8,False
a12020,United States,44.58,False
a38634,United States,35.12,False
040155,Ethiopia,226.62,False
a38633,United States,247.79,False
a4e1d3,United States,0.0,False
a0398f,United States,236.85,False
a2c93c,United States,75.04,False
a2795f,United States,37.36,False
a54a6b,United States,36.28,False
ab4737,United States,43.42,False
899019,Taiwan,136.64,False
a6cd5a,United States,0.0,False
a79d81,United States,81.93,False
899025,Taiwan,158.15,False
a32fd5,United States,10.8,True
899020,Taiwan,250.68,False
a0bcb7,United States,92.21,False
a0bcd0,United States,36.93,False
ac671b,United States,0.13,True
adc2ff,United States,251.45,False
49d3d6,Czech Republic,200.59,False
a4e1ec,United States,43.14,False
49d3d3,Czech Republic,247.88,False
aa25cd,United States,142.65,False
ab473a,United States,150.84,False
c1e947,Canada,6.94,True
c0799e,Canada,252.15,False
040132,Ethiopia,276.55,False
406f7c,United Kingdom,252.43,False
acfe09,United States,196.18,False
aaab05,United States,58.97,False
406f7b,United Kingdom,21.7,False
a6dfbf,United States,164.65,False
e48950,Brazil,1.29,True
a5aca0,United States,41.67,False
86ee7e,Japan,8.23,True
a74306,United States,244.47,False
a81fab,United States,183.08,False
a75634,United States,204.24,False
a00088,United States,232.52,False
406f76,United Kingdom,235.04,False
a3999e,United States,4.89,True
e4894f,Brazil,1.8,True
a68ff0,United States,49.84,False
a6dfaa,United States,250.55,False
c07973,Canada,244.19,False
a50351,United States,51.17,False
a5acc1,United States,229.17,False
a12030,United States,144.64,False
3a4495,France,129.08,False
a37335,United States,248.18,False
a51685,United States,0.0,True
7800a9,China,218.2,False
3a4494,France,78.11,False
c07966,Canada,208.08,False
a3b02e,United States,219.02,False
a00067,United States,113.88,False
ac65bb,United States,190.99,False
ad98d9,United States,8.75,True
a2fcab,United States,62.76,False
7c3a00,Australia,159.23,False
ab8e6c,United States,252.29,False
ad98ee,United States,46.34,False
a06e0b,United States,141.18,False
c07915,Canada,2.57,True
a37389,United States,206.81,False
acc8e1,United States,48.94,False
ab7b63,United States,247.91,False
a0be05,United States,211.13,False
ac65dc,United States,211.54,False
a3e95d,United States,33.44,False
0d0806,Mexico,177.98,False
a2404a,United States,27.78,True
a64955,United States,4.37,True
ac65fb,United States,192.12,False
a4f622,United States,256.83,False
aa2701,United States,181.19,False
882e62,Thailand,257.95,False
7c3a2a,Australia,54.11,False
a52988,United States,80.83,False
7800eb,China,258.18,False
ac9b67,United States,64.51,False
ac9b63,United States,10.34,False
a76935,United States,192.57,False
ac52e2,United States,226.52,False
e48987,Brazil,22.64,True
a61069,United States,48.34,False
abdcfd,United States,159.75,False
a8a017,United States,244.78,False
a2fe02,United States,41.81,False
a8a012,United States,0.0,False
a9e656,United States,1.29,True
c051e4,Canada,260.44,False
a038ff,United States,192.44,False
a145b8,United States,260.11,False
a99686,United States,200.12,False
a97029,United States,210.56,False
c051e2,Canada,289.07,False
ac668d,United States,198.66,False
acc98f,United States,51.31,False
a7302f,United States,84.27,False
3ab9ff,France,0.0,True
ac5378,United States,116.27,False
a17b16,United States,251.38,False
acb679,United States,252.45,False
a9d334,United States,47.85,False
a06e35,United States,270.72,False
a99661,United States,129.11,False
add66d,United States,206.65,False
c1e7e0,Canada,9.26,True
a1a8b9,United States,9.9,False
a18e0b,United States,183.13,False
adb014,United States,181.35,False
aa1368,United States,203.49,False
ab2098,United States,52.23,False
a2eb19,United States,45.34,False
adc375,United States,51.03,False
c818db,New Zealand,120.45,False
a385c8,United States,264.99,False
a1cb30,United States,58.28,False
c064d8,Canada,10.29,True
a50370,United States,234.31,False
394a08,France,260.59,False
394a07,France,238.82,False
ac4090,United States,195.53,False
a6dff9,United States,92.74,False
0d06e5,Mexico,243.93,False
a6101d,United States,49.85,False
7814a1,China,242.45,False
394a14,France,256.5,False
a9e627,United States,6.36,False
394a18,France,251.64,False
7c4d14,Australia,59.89,False
394a17,France,269.35,False
ac407d,United States,205.87,False
aa3994,United States,11.32,True
aba8a0,United States,113.21,False
ad1e05,United States,204.23,False
a7699a,United States,55.69,False
adb04a,United States,180.9,False
a1cb05,United States,140.41,False
ad6087,United States,60.97,False
a4d04c,United States,194.57,False
a79e31,United States,64.44,False
781549,China,242.8,False
a6ce39,United States,195.76,False
a5ae2f,United States,208.49,False
899000,Taiwan,277.15,False
acb608,United States,213.35,False
a385ee,United States,3.86,True
781555,China,188.13,False
a3c2be,United States,219.86,False
a8d8b7,United States,63.09,False
ab8caa,United States,59.93,False
5082f0,Ukraine,263.19,False
a92e28,United States,37.73,False
899017,Taiwan,237.27,False
899014,Taiwan,172.38,False
a1de8d,United States,271.16,False
ab8cc1,United States,203.19,False
a7db08,United States,223.2,False
780236,China,255.53,False
c077cd,Canada,0.39,True
a43e60,United States,230.74,False
a9d37b,United States,83.29,False
ae4fb5,United States,43.8,False
ac0fdc,United States,211.29,False
394a0a,France,289.31,False
780231,China,232.26,False
394a0e,France,228.99,False
040204,Ethiopia,281.92,False
a502cc,United States,41.01,False
ae093d,United States,225.45,False
ac7968,United States,160.3,False
a17b5f,United States,131.13,False
a622bc,United States,218.8,False
a7b8d7,United States,0.0,False
a7ee20,United States,89.71,False
abdcb5,United States,187.68,False
a8a083,United States,0.0,True
aa25a6,United States,101.13,False
ac5314,United States,235.09,False
a385e3,United States,28.48,False
ac0ff9,United States,204.03,False
acc95c,United States,262.65,False
06a3b6,Qatar,83.34,False
a9837d,United States,270.39,False
a528d6,United States,176.5,False
c05293,Canada,3.34,True
ac5331,United States,180.43,False
a768a2,United States,290.73,False
78157d,China,230.29,False
ac5326,United States,204.32,False
a85072,United States,43.9,False
aa38ae,United States,32.93,False
a2eb95,United States,6.17,True
a3e8dc,United States,262.79,False
a5f07b,United States,52.93,False
a06db4,United States,0.0,True
7c0581,Australia,50.77,False
acc961,United States,206.31,False
78158f,China,191.63,False
78158c,China,75.5,False
aca309,United States,249.32,False
acb636,United States,0.0,True
a768c2,United States,245.79,False
ade971,United States,56.04,False
ae4ff0,United States,68.43,False
ac5349,United States,251.62,False
a2a2e3,United States,139.69,False
a4f5c7,United States,61.32,False
a9703f,United States,131.76,False
a2fe8f,United States,170.61,False
ad1cde,United States,224.83,False
7caecd,Australia,29.91,False
7c0569,Australia,63.87,False
a02721,United States,48.66,False
a98386,United States,205.79,False
a55e60,United States,47.33,False
a0275c,United States,8.23,True
acff9d,United States,84.69,False
a05ab3,United States,265.13,False
4ba9ec,Turkey,255.46,False
86ef28,Japan,189.25,False
a00116,United States,102.23,False
a05aad,United States,38.57,False
aca3e6,United States,215.12,False
a742ec,United States,155.96,False
341446,Spain,165.6,False
4ba9cb,Turkey,229.96,False
89916d,Taiwan,252.31,False
4ba9cc,Turkey,232.47,False
71c014,Republic of Korea,283.57,False
040048,Ethiopia,244.02,False
4ba9e9,Turkey,264.94,False
a5170f,United States,237.44,False
c0417c,Canada,135.37,False
4ba9e5,Turkey,222.41,False
040047,Ethiopia,196.87,False
040046,Ethiopia,167.64,False
4ba9e1,Turkey,184.64,False
04004b,Ethiopia,245.63,False
502d0d,Latvia,132.03,False
71c002,Republic of Korea,213.96,False
71c007,Republic of Korea,230.58,False
4ba9f6,Turkey,232.43,False
89914d,Taiwan,114.18,False
a742c2,United States,212.47,False
89914a,Taiwan,117.18,False
a2a425,United States,86.19,False
a2b759,United States,193.23,False
06a391,Qatar,225.91,False
a0014e,United States,8.75,True
781634,China,222.31,False
780303,China,204.14,False
ab4840,United States,243.05,False
c05446,Canada,59.68,False
89915c,Taiwan,177.73,False
a80e4e,United States,132.24,False
0d0760,Mexico,230.34,False
899179,Taiwan,0.0,False
a0144e,United States,184.55,False
a6ce7d,United States,166.69,False
a02792,United States,286.26,False
4481bf,Belgium,3.09,True
ac5500,United States,193.98,False
a31dc2,United States,21.98,False
acb827,United States,250.92,False
a6bb62,United States,59.73,False
a6bb63,United States,47.96,False
c80548,New Zealand,37.45,False
ab4866,United States,240.79,False
a875da,United States,268.26,False
4481b0,Belgium,7.72,True
ab485e,United States,192.8,False
899150,Taiwan,115.54,False
a37401,United States,41.06,False
aa6f80,United States,229.38,False
a3b124,United States,200.09,False
8990a2,Taiwan,206.87,False
8990a4,Taiwan,296.61,False
a86407,United States,215.76,False
a54aae,United States,265.53,False
a1216f,United States,36.96,False
ac66aa,United States,81.8,False
a2a466,United States,53.59,False
71c072,Republic of Korea,161.46,False
a74429,United States,54.62,False
a79dc4,United States,222.41,False
0d0710,Mexico,231.94,False
a29aff,United States,174.45,False
a4943f,United States,210.26,False
c05416,Canada,0.32,True
a4943e,United States,238.53,False
a3d792,United States,30.61,False
a6374e,United States,64.77,False
71c074,Republic of Korea,226.8,False
71c075,Republic of Korea,214.73,False
a36130,United States,224.03,False
ac9c27,United States,79.92,False
8990b5,Taiwan,262.43,False
a8c70f,United States,43.95,False
aa5bc5,United States,253.04,False
abdf3f,United States,193.83,False
a31dfc,United States,179.45,False
aaac36,United States,38.65,False
8990aa,Taiwan,246.44,False
aaac2b,United States,59.22,False
71c062,Republic of Korea,253.05,False
71c060,Republic of Korea,96.69,False
c8054a,New Zealand,41.78,False
a12185,United States,45.38,False
c05430,Canada,230.32,False
0d071b,Mexico,237.26,False
ad73a9,United States,231.39,False
7801c1,China,125.78,False
7801c2,China,1.03,True
abcc22,United States,67.91,False
71c090,Republic of Korea,183.61,False
ab8f96,United States,148.82,False
aa6ed1,United States,242.83,False
a1215a,United States,48.37,False
a26793,United States,102.01,False
ad99f2,United States,47.18,False
a4d140,United States,46.93,False
ade9c0,United States,0.0,True
a66ad3,United States,143.54,False
ac9c45,United States,16.85,False
a2a437,United States,74.47,False
ac53d5,United States,3.34,True
485251,Kingdom of the Netherlands,4.63,True
71c038,Republic of Korea,243.33,False
71c032,Republic of Korea,224.68,False
aca3a3,United States,287.46,False
ad99fc,United States,232.14,False
aca3a0,United States,188.65,False
a159cc,United States,247.23,False
a0bf26,United States,79.78,False
ac9c61,United States,30.91,False
71c027,Republic of Korea,195.29,False
a75707,United States,46.33,False
ac53f8,United States,215.24,False
aca3d1,United States,201.79,False
c0670f,Canada,92.01,False
ac9c6d,United States,6.69,False
a2a491,United States,38.68,False
71c059,Republic of Korea,151.0,False
c0671b,Canada,228.42,False
add6e7,United States,86.74,False
ab20e6,United States,261.17,False
a4e414,United States,50.44,False
71c051,Republic of Korea,236.2,False
a9e5ea,United States,21.4,False
c06724,Canada,204.4,False
e48854,Brazil,115.06,False
a026a5,United States,253.23,False
71c046,Republic of Korea,293.92,False
a146ce,United States,243.39,False
a529b5,United States,43.95,False
a7dadc,United States,157.54,False
a1df47,United States,52.16,False
a91af0,United States,231.82,False
a409c1,United States,7.72,True
a0bf3c,United States,102.94,False
aa017c,United States,191.19,False
a8b476,United States,143.03,False
aa016e,United States,53.17,False
a8b479,United States,223.02,False
a266b9,United States,251.22,False
06a2e4,Qatar,216.53,False
06a2e2,Qatar,247.29,False
a74491,United States,35.04,False
06a2e1,Qatar,249.69,False
ad7471,United States,221.35,False
a5f176,United States,237.6,False
a9e784,United States,47.94,False
a8fadf,United States,134.69,False
a399b9,United States,65.85,False
06a2f2,Qatar,272.07,False
a17c12,United States,184.73,False
06a2f0,Qatar,241.81,False
a67f04,United States,175.43,False
06a2eb,Qatar,266.0,False
a0bf1c,United States,30.63,False
add793,United States,182.68,False
ac79a3,United States,201.69,False
a92dfc,United States,244.29,False
a4f6a3,United States,0.0,True
a8fac3,United States,49.97,False
a8b44e,United States,224.21,False
a99796,United States,137.51,False
aceaf9,United States,79.6,False
06a2fa,Qatar,221.4,False
a18f3b,United States,70.45,False
a1df18,United States,136.96,False
ab59c9,United States,266.48,False
a9974c,United States,282.44,False
a9841b,United States,177.87,False
a0bf8c,United States,1.8,True
a31f74,United States,66.87,False
a6bac6,United States,56.09,False
a7311e,United States,47.69,False
a4e485,United States,119.47,False
c1e8cc,Canada,1.29,True
c1e8cb,Canada,2.06,True
a79dfa,United States,122.04,False
49d423,Czech Republic,252.54,False
a8c763,United States,51.67,False
e48808,Brazil,235.41,False
a4e491,United States,115.79,False
a92ddf,United States,195.07,False
a6246e,United States,177.46,False
a75786,United States,30.08,False
a2c9ec,United States,206.63,False
a98445,United States,235.18,False
a1cc3b,United States,51.57,False
a06f8a,United States,187.03,False
acc9b2,United States,212.49,False
ab46c2,United States,48.53,False
a146f9,United States,211.51,False
7c4e24,Australia,54.07,False
a0bf5d,United States,31.96,False
a61173,United States,246.04,False
0d05e4,Mexico,246.16,False
49d43e,Czech Republic,273.7,False
ab7c24,United States,53.2,False
845dcc,Japan,196.73,False
a013ee,United States,219.51,False
a99754,United States,17.6,False
c1e8bf,Canada,6.17,True
a3e9b2,United States,187.81,False
a98423,United States,229.04,False
a7ede5,United States,137.57,False
aaac0c,United States,56.47,False
c804cd,New Zealand,35.67,False
a373ea,United States,241.29,False
89910b,Taiwan,177.57,False
c1e8a9,Canada,7.2,True
a92f38,United States,41.27,False
a3c3e6,United States,250.95,False
899121,Taiwan,244.24,False
899123,Taiwan,229.04,False
ab7aa2,United States,178.15,False
c078cf,Canada,54.53,False
c078ba,Canada,4.37,True
89911b,Taiwan,206.32,False
ac6744,United States,232.89,False
a240dc,United States,201.7,False
899138,Taiwan,122.57,False
899132,Taiwan,50.12,False
a120fe,United States,210.74,False
ac541b,United States,146.79,False
a386fb,United States,211.06,False
781683,China,206.18,False
a78c44,United States,111.33,False
a17c95,United States,292.44,False
a31f93,United States,155.82,False
a120e4,United States,28.46,False
a7ef51,United States,197.99,False
a54c79,United States,43.23,False
a373e3,United States,0.0,True
899105,Taiwan,242.89,False
aa5c0b,United States,87.02,False
899108,Taiwan,261.1,False
845f30,Japan,232.3,False
899115,Taiwan,0.0,True
406ecc,United Kingdom,242.73,False
ab477d,United States,251.36,False
ac5436,United States,127.83,False
ac4107,United States,180.58,False
a2a3af,United States,176.87,False
a516c1,United States,95.24,False
4ba9c9,Turkey,250.43,False
4ba9c5,Turkey,260.97,False
a8517f,United States,35.08,False
4ba9c8,Turkey,262.95,False
4ba9c4,Turkey,264.62,False
ab7ae4,United States,281.22,False
ab2144,United States,259.3,False
a5af37,United States,77.18,False
a67f2d,United States,46.23,False
abcac0,United States,81.48,False
4ba9d3,Turkey,179.0,False
4ba9d2,Turkey,262.9,False
4ba9d4,Turkey,250.96,False
4ba9d0,Turkey,245.09,False
06a2b8,Qatar,270.61,False
e486c3,Brazil,218.43,False
a360f6,United States,46.89,False
a26801,United States,206.47,False
ab2169,United States,207.39,False
a80f15,United States,173.46,False
ad6116,United States,251.83,False
acb772,United States,51.91,False
a55b7a,United States,192.91,False
a67b76,United States,39.25,False
acc6ed,United States,79.3,False
a68e8b,United States,195.84,False
abdc56,United States,201.66,False
a43b91,United States,289.56,False
abdc76,United States,149.0,False
4b8e47,Turkey,134.81,False
a81e5b,United States,186.56,False
ade6c6,United States,79.59,False
a07dc9,United States,276.57,False
4ba8f6,Turkey,3.64,False
a7eb0c,United States,56.08,False
abef98,United States,5.66,True
a43b85,United States,213.27,False
a752ea,United States,196.76,False
ad1c78,United States,56.62,False
ab30f0,United States,217.62,False
ad70ba,United States,157.66,False
abdc78,United States,247.61,False
abdc92,United States,169.24,False
abdc96,United States,74.08,False
acfc56,United States,251.04,False
aa7f8d,United States,0.0,True
a885f4,United States,208.35,False
406d92,United Kingdom,0.0,True
a7eb2f,United States,41.37,False
407fc2,United Kingdom,223.86,False
c07754,Canada,49.27,False
407fc7,United Kingdom,237.8,False
a0baa1,United States,129.14,False
a56e79,United States,94.14,False
a3d2d7,United States,58.82,False
c0774c,Canada,45.11,False
a898d1,United States,93.63,False
a06aba,United States,256.12,False
aa6c50,United States,118.84,False
a8d5a4,United States,240.25,False
a3d2e5,United States,128.27,False
a7c8f5,United States,182.44,False
aa7f5c,United States,0.51,False
a55b69,United States,48.34,False
a9d069,United States,62.21,False
a8e8a0,United States,0.0,True
aa7f4e,United States,243.97,False
a07dcd,United States,269.8,False
a4f2d3,United States,247.39,False
c00dce,Canada,251.64,False
ab4508,United States,132.75,False
c07712,Canada,101.84,False
a88700,United States,239.78,False
a64738,United States,175.36,False
7802af,China,220.35,False
abb9b2,United States,173.58,False
aa7ebc,United States,208.36,False
ab56b8,United States,66.8,False
7802ba,China,243.79,False
8991d4,Taiwan,201.92,False
c80449,New Zealand,54.88,False
ab9f2d,United States,57.73,False
aa7ec3,United States,187.28,False
a1314a,United States,277.69,False
a3d42b,United States,192.22,False
a1446f,United States,101.19,False
3e1213,Germany,3.13,False
abef16,United States,74.1,False
a3c113,United States,240.88,False
7815fe,China,241.32,False
ab9f54,United States,215.26,False
a14452,United States,298.89,False
8991a8,Taiwan,207.85,False
a13121,United States,0.32,True
abb9df,United States,176.36,False
8991b7,Taiwan,103.29,False
48b207,Poland,203.84,False
8991b4,Taiwan,1.29,False
ac89f7,United States,69.52,False
a68dd5,United States,53.2,False
adc17b,United States,245.95,False
abef2f,United States,213.95,False
a26434,United States,63.09,False
a20df0,United States,209.9,False
a1311e,United States,216.85,False
c00da8,Canada,228.52,False
a26439,United States,118.28,False
8991b9,Taiwan,171.05,False
a15795,United States,185.04,False
ad1c16,United States,218.19,False
ac0f4d,United States,69.88,False
a5270b,United States,54.5,False
406d79,United Kingdom,287.55,False
a2fad8,United States,7.46,True
acfc00,United States,233.78,False
abef54,United States,173.98,False
a80b9c,United States,51.26,False
0acaaa,Colombia,234.04,False
a01180,United States,204.3,False
a8d5db,United States,297.72,False
ae06d8,United States,138.98,False
ae06d9,United States,98.61,False
ac0f6c,United States,240.47,False
c1e5e1,Canada,6.94,True
a4076a,United States,236.13,False
a0117e,United States,254.26,False
0acaab,Colombia,253.33,False
a4076c,United States,39.13,False
a3e741,United States,63.18,False
a49106,United States,52.46,False
a3711a,United States,112.94,False
7cf3c9,Australia,5.14,True
ae4f48,United States,52.58,False
a7b76f,United States,30.42,False
a9942e,United States,145.83,False
a07f46,United States,5.4,True
a2519f,United States,242.19,False
a8c439,United States,191.63,False
4ba954,Turkey,4.12,False
4ba953,Turkey,246.03,False
ab313c,United States,0.0,True
c1e5ba,Canada,0.0,True
c1e5ad,Canada,2.57,True
c00e93,Canada,107.42,False
4ba94c,Turkey,221.4,False
7cf49d,Australia,5.14,True
4ba94b,Turkey,227.92,False
4ba94e,Turkey,229.93,False
4ba94d,Turkey,0.0,True
4ba94a,Turkey,282.07,False
a7fde4,United States,7.46,True
a6cacb,United States,224.1,False
ab4489,United States,218.06,False
c00e6c,Canada,210.41,False
a023a5,United States,206.99,False
a20f1a,United States,190.91,False
851230,Japan,185.84,False
c1e5bf,Canada,8.23,True
a3c192,United States,0.0,True
aa6ade,United States,153.84,False
c1e5d3,Canada,0.64,True
4ba95a,Turkey,228.25,False
a8d76b,United States,262.18,False
a9940c,United States,210.61,False
7cf493,Australia,4.37,True
a07f1b,United States,64.04,False
acb468,United States,191.48,False
acc799,United States,217.8,False
c062f9,Canada,247.5,False
4ba92f,Turkey,258.11,False
4ba946,Turkey,272.33,False
acc76b,United States,220.38,False
4ba949,Turkey,268.63,False
7cf488,Australia,0.13,True
4ba945,Turkey,228.86,False
a43adf,United States,52.9,False
ad9792,United States,82.89,False
acb46d,United States,185.7,False
845ebc,Japan,184.98,False
8990e1,Taiwan,262.38,False
8990e3,Taiwan,265.18,False
aa7df3,United States,174.21,False
a19f73,United States,22.47,False
503ee8,Lithuania,2.31,True
a4f450,United States,52.6,False
aa3778,United States,55.8,False
a8d71c,United States,163.66,False
a5012d,United States,196.81,False
8990f7,Taiwan,117.17,False
8990f6,Taiwan,118.77,False
a55acf,United States,126.6,False
a010ac,United States,63.8,False
86dc9a,Japan,13.89,True
a143c6,United States,1.03,True
a4e11a,United States,118.12,False
a55af0,United States,124.17,False
503efe,Lithuania,4.89,True
a023b3,United States,236.44,False
ac0f03,United States,161.97,False
43c208,United Kingdom,211.02,False
8990ba,Taiwan,221.34,False
a32f1b,United States,190.38,False
8990d7,Taiwan,120.41,False
aa7dad,United States,206.75,False
a0cf55,United States,251.55,False
a3c15d,United States,205.12,False
a87428,United States,215.08,False
c816d6,New Zealand,56.08,False
7c19ce,Australia,47.63,False
a81dbc,United States,105.46,False
a7fdb0,United States,213.24,False
aa7f48,United States,100.83,False
c05099,Canada,183.87,False
a32f82,United States,139.89,False
a32f85,United States,73.14,False
7c3ad2,Australia,139.43,False
a3d3b3,United States,190.04,False
a143f9,United States,47.85,False
c0508e,Canada,57.11,False
7c3ace,Australia,77.79,False
a526e6,United States,230.97,False
407ed8,United Kingdom,257.36,False
a5ac14,United States,114.15,False
c05086,Canada,273.82,False
7cf40f,Australia,3.6,True
a526e2,United States,173.05,False
a526df,United States,43.1,False
a9819b,United States,165.17,False
ac7717,United States,161.07,False
a8b168,United States,42.12,False
aa7f28,United States,289.39,False
c00e29,Canada,32.72,False
a2b3a2,United States,197.61,False
aa7f23,United States,8.23,True
c00e25,Canada,221.79,False
a779eb,United States,215.4,False
7c0775,Australia,0.0,True
0d08ef,Mexico,175.08,False
7cf409,Australia,0.06,True
a0cf8d,United States,196.6,False
c00e15,Canada,223.31,False
7c4dd0,Australia,7.46,True
a143e9,United States,86.13,False
78047b,China,253.73,False
c0509f,Canada,121.22,False
a18c5d,United States,46.71,False
a1dc2a,United States,144.26,False
aa7f06,United States,140.73,False
aa7f05,United States,204.05,False
aa7f02,United States,212.34,False
aa7f01,United States,200.76,False
c05054,Canada,207.63,False
aa7f09,United States,99.31,False
c1e678,Canada,14.92,True
a2a0bb,United States,0.0,True
4b8e04,Turkey,237.85,False
ab9de9,United States,260.55,False
7cf44d,Australia,3.34,True
a1dc8f,United States,60.05,False
86eee4,Japan,97.85,False
ac0dd9,United States,293.59,False
a659be,United States,199.26,False
ab3129,United States,106.5,False
a31c78,United States,58.65,False
a68f16,United States,35.02,False
a383f3,United States,196.7,False
7cf43b,Australia,9.26,True
7cf43c,Australia,2.57,True
a92ae9,United States,143.28,False
a2a0b0,United States,81.55,False
a659cb,United States,78.74,False
a539f5,United States,112.83,False
a396fd,United States,182.47,False
c05067,Canada,284.25,False
a7417e,United States,262.54,False
7cf441,Australia,13.89,False
881bba,Thailand,68.35,False
3c81c5,Germany,1.03,True
ac6445,United States,238.39,False
881bc8,Thailand,62.38,False
a9f771,United States,50.82,False
881bc5,Thailand,59.66,False
ad84de,United States,247.62,False
e4999f,Brazil,226.7,False
0c603a,Trinidad and Tobago,142.4,False
a7ff6a,United States,0.0,True
a80c4e,United States,50.63,False
a7ff72,United States,169.3,False
a4e0ec,United States,143.01,False
c1e897,Canada,4.89,True
c1e887,Canada,9.26,True
a81f83,United States,251.96,False
71c257,Republic of Korea,224.3,False
71c259,Republic of Korea,180.23,False
a03849,United States,40.52,False
71c252,Republic of Korea,248.63,False
aaaa90,United States,48.4,False
a14502,United States,84.92,False
a8e9fd,United States,209.0,False
adc1a4,United States,84.03,False
c8290b,New Zealand,51.01,False
71c243,Republic of Korea,221.12,False
71c244,Republic of Korea,229.43,False
a43c7a,United States,171.44,False
a6cc84,United States,211.47,False
aa11c9,United States,129.47,False
a13227,United States,6.69,True
c82931,New Zealand,61.13,False
a1a861,United States,102.47,False
a3d3f0,United States,196.85,False
a886bf,United States,285.7,False
c0653f,Canada,223.31,False
a67c3a,United States,219.45,False
a38527,United States,201.32,False
0d0997,Mexico,218.3,False
c05218,Canada,221.7,False
a646f9,United States,201.48,False
ad0a8a,United States,62.84,False
aca1da,United States,216.84,False
a7ff34,United States,205.26,False
a55c76,United States,0.06,True
c1e845,Canada,12.35,False
aca1dd,United States,75.62,False
a5ac3b,United States,210.75,False
a5bf6b,United States,61.77,False
a740a0,United States,40.85,False
503e61,Lithuania,223.66,False
c82952,New Zealand,231.18,False
0d099a,Mexico,217.57,False
c82953,New Zealand,237.88,False
0c605e,Trinidad and Tobago,229.16,False
71c218,Republic of Korea,244.8,False
a19ecf,United States,208.53,False
a1584a,United States,210.93,False
040248,Ethiopia,212.7,False
0c6060,Trinidad and Tobago,247.09,False
a2c823,United States,6.43,False
71c217,Republic of Korea,210.52,False
a4080c,United States,247.6,False
0c6064,Trinidad and Tobago,237.13,False
a753c1,United States,99.99,False
780560,China,244.19,False
71c209,Republic of Korea,232.34,False
744828,Jordan,204.66,False
4408fd,Austria,209.37,False
744827,Jordan,150.12,False
a7ec24,United States,62.96,False
744822,Jordan,251.72,False
a1452b,United States,72.39,False
aba91b,United States,177.2,False
a633f2,United States,49.05,False
a79c54,United States,0.0,True
a6cc45,United States,212.98,False
c07833,Canada,120.1,False
4bca61,Turkey,225.84,False
c07835,Canada,94.47,False
aa7fe4,United States,9.26,True
503ce6,Lithuania,83.97,True
a2a216,United States,195.7,False
7803f4,China,161.83,False
0d0963,Mexico,264.6,False
aba7b0,United States,258.32,False
c80336,New Zealand,43.73,False
c80335,New Zealand,35.43,False
ac77d3,United States,168.92,False
a3c233,United States,156.18,False
a0bbe3,United States,64.75,False
ab44af,United States,227.8,False
a01262,United States,87.33,False
a5287c,United States,201.19,False
a1589d,United States,155.67,False
a52898,United States,1.54,False
a20eee,United States,56.65,False
a1dbd3,United States,164.14,False
c80346,New Zealand,42.05,False
abdd1c,United States,263.76,False
aabd50,United States,80.16,False
4ba919,Turkey,217.28,False
ade7af,United States,58.93,False
e4995d,Brazil,0.0,True
71c279,Republic of Korea,190.03,False
4ba90b,Turkey,75.73,False
aa2607,United States,141.09,False
a037b2,United States,187.54,False
7cf4fe,Australia,3.86,True
7cf4ff,Australia,6.69,True
a80c8c,United States,250.52,False
aa7fa1,United States,187.13,False
a037b9,United States,2.31,True
7c2a7e,Australia,74.67,False
c8034e,New Zealand,66.93,False
a80c93,United States,101.69,False
a2fbec,United States,184.87,False
acb4c1,United States,215.52,False
7cf4ef,Australia,1.54,True
a2fbf1,United States,217.61,False
7c2a82,Australia,73.92,False
ac64cf,United States,120.51,False
ac51b2,United States,232.98,False
7cf4df,Australia,5.92,True
4ba902,Turkey,211.53,False
4ba905,Turkey,215.24,False
a25278,United States,220.86,False
7cf4e9,Australia,3.34,True
aaaa64,United States,193.87,False
71c286,Republic of Korea,4.37,True
c050ae,Canada,260.66,False
a7424d,United States,127.64,False
c050c4,Canada,184.17,False
c050c0,Canada,222.26,False
ab3275,United States,178.8,False
ac789b,United States,209.39,False
a06d48,United States,51.02,False
a79bf6,United States,234.27,False
ac6596,United States,242.03,False
c1e6eb,Canada,10.8,True
a18d29,United States,231.92,False
0aca5e,Colombia,239.68,False
0aca5d,Colombia,243.11,False
ab3282,United States,161.29,False
a05a25,United States,207.85,False
adc238,United States,203.18,False
c063fa,Canada,159.15,False
ad857e,United States,208.31,False
a98219,United States,138.93,False
aa6bed,United States,98.22,False
a9953e,United States,37.97,False
a86259,United States,27.54,False
c063eb,Canada,213.86,False
a05a01,United States,282.19,False
a05a03,United States,239.87,False
a9e520,United States,55.8,False
c828ad,New Zealand,45.11,False
a1dd2d,United States,167.12,False
0d07f6,Mexico,194.83,False
ab329e,United States,0.77,True
7817f6,China,178.65,False
a384b0,United States,228.74,False
a74224,United States,114.18,False
acb59c,United States,279.83,False
a0aa0c,United States,40.04,False
406e0f,United Kingdom,235.42,False
3c8167,Germany,4.37,True
406e11,United Kingdom,237.67,False
a31d1d,United States,45.1,False
a0aa1b,United States,209.56,False
a05a68,United States,156.75,False
ad7274,United States,207.18,False
a92bb8,United States,59.24,False
3c817a,Germany,1.03,True
a9f800,United States,139.67,False
aa2548,United States,56.39,False
a9d0fe,United States,219.47,False
ad727a,United States,189.11,False
ad727d,United States,270.86,False
ad727c,United States,247.82,False
a86218,United States,49.92,False
a011ac,United States,250.37,False
a7fed3,United States,208.59,False
a3c291,United States,188.06,False
a05a48,United States,188.6,False
a371ad,United States,49.65,False
c828ec,New Zealand,49.73,False
a80d09,United States,240.14,False
a384f2,United States,160.77,False
a9d284,United States,217.04,False
a2a1a5,United States,190.48,False
c00f14,Canada,73.05,False
a384d8,United States,85.15,False
503e6b,Lithuania,204.51,False
aa37bf,United States,47.98,False
a634ba,United States,68.19,False
780595,China,167.71,False
a7b7c5,United States,223.63,False
a2fd3c,United States,158.5,False
a0aa48,United States,33.85,False
ab9eca,United States,78.2,False
704003,Myanmar,98.29,False
a384d5,United States,201.3,False
a2fd43,United States,75.64,False
a9e591,United States,49.65,False
ab4541,United States,46.2,False
a3d4ed,United States,292.92,False
704011,Myanmar,11.66,False
a1ca0d,United States,154.86,False
a2fd34,United States,38.29,False
a8b292,United States,8.23,True
704018,Myanmar,148.21,False
ab586f,United States,175.2,False
a397f2,United States,89.66,False
a31d3b,United States,187.51,False
aabbb3,United States,42.81,False
7c4eea,Australia,59.99,False
a42a5c,United States,234.34,False
e484a2,Brazil,137.38,False
ab321c,United States,147.16,False
a251fc,United States,37.51,False
86dce6,Japan,1.03,True
4ca292,Ireland,6.94,True
e497e6,Brazil,233.57,False
ab588d,United States,4.63,True
a31d9f,United States,84.58,False
a29a6d,United States,132.43,False
abeeea,United States,192.6,False
aba886,United States,184.86,False
a491ac,United States,128.43,False
ab8bf0,United States,43.84,False
a9e553,United States,,True
e497ae,Brazil,169.06,False
c05186,Canada,150.36,False
a55d31,United States,172.73,False
a2fd6a,United States,127.72,False
ab324a,United States,7.2,True
ac6573,United States,173.37,False
a384f8,United States,100.69,False
a3d4c6,United States,179.28,False
8418b4,Japan,143.25,False
a42a37,United States,181.03,False
a1cdd7,United States,47.62,False
49d04d,Czech Republic,223.75,False
71c353,Republic of Korea,253.12,False
a4e714,United States,245.86,False
71c352,Republic of Korea,212.78,False
a0179b,United States,57.11,False
a1244b,United States,228.18,False
a1244d,United States,226.85,False
a30dc5,United States,250.26,False
71c347,Republic of Korea,251.45,False
468e45,Greece,246.06,False
a9c2de,United States,290.48,False
503d00,Lithuania,208.95,False
c069c9,Canada,4.63,True
71c378,Republic of Korea,280.64,False
71c379,Republic of Korea,144.74,False
a13776,United States,46.65,False
a0ade2,United States,280.12,False
a16aad,United States,246.95,False
a4e742,United States,274.21,False
a1242d,United States,296.82,False
aaaec0,United States,80.53,False
a0178b,United States,47.72,False
ab1203,United States,122.03,False
a7cb53,United States,232.34,False
ac583f,United States,5.14,True
a8fe5d,United States,251.84,False
a48448,United States,107.12,False
aaaebc,United States,58.93,False
ab385e,United States,182.46,False
71c316,Republic of Korea,179.01,False
a12491,United States,130.65,False
7c810c,Australia,121.01,False
ab1210,United States,93.09,False
a972d9,United States,103.71,False
a9d5e7,United States,206.22,False
780667,China,91.34,False
a9d5e4,United States,167.02,False
71c305,Republic of Korea,242.99,False
71c303,Republic of Korea,200.36,False
a28adf,United States,52.41,False
a9e8e5,United States,6.94,True
a16adc,United States,262.43,False
a1babb,United States,247.86,False
a23127,United States,86.48,False
7c3dd1,Australia,136.03,False
a8a2a2,United States,42.82,False
ac5868,United States,116.99,False
a23138,United States,191.91,False
71c329,Republic of Korea,201.63,False
a7cb67,United States,287.61,False
a7de93,United States,198.71,False
e49c06,Brazil,238.83,False
7c3dc8,Australia,83.75,False
06a066,Qatar,138.79,False
aaf228,United States,176.85,False
a2444d,United States,5.92,True
a37765,United States,212.79,False
a3a155,United States,219.55,False
a6aab5,United States,1.29,True
7cf5f4,Australia,4.89,True
c82aee,New Zealand,69.21,False
a05f31,United States,202.87,False
a3a160,United States,268.88,False
a05f37,United States,211.74,False
a029e5,United States,212.3,False
a9d738,United States,51.97,False
a9d72d,United States,59.61,False
a3514f,United States,250.32,False
407e21,United Kingdom,260.53,False
7cf5e9,Australia,2.57,True
a9d737,United States,46.31,False
ac9f88,United States,185.65,False
a8540b,United States,184.92,False
a96109,United States,162.16,False
7c2b59,Australia,17.56,False
7cf5cb,Australia,0.0,True
a65af7,United States,42.26,False
a3b49f,United States,74.22,False
ad50a9,United States,156.32,False
ab10cb,United States,264.34,False
a7dde1,United States,204.51,False
a89ab9,United States,41.27,False
a3a187,United States,199.28,False
a05f17,United States,57.17,False
af4f46,United States,80.41,False
a2dae0,United States,8.79,False
ab6c94,United States,178.65,False
a77ad8,United States,142.75,False
aa1881,United States,61.41,False
a1118c,United States,54.96,False
a6aaba,United States,274.97,False
aa0559,United States,240.02,False
7c2b51,Australia,64.42,False
aaf0ce,United States,110.48,False
a6bda8,United States,215.16,False
a3c775,United States,197.82,False
a66dc4,United States,32.92,False
a149f1,United States,68.66,False
ad63f7,United States,0.06,True
ad50c9,United States,68.94,False
e49af4,Brazil,57.21,False
aaf0e4,United States,47.34,False
abbc75,United States,189.01,False
880c4c,Thailand,187.9,False
c05734,Canada,0.0,True
ac30e9,United States,202.18,False
ad63e1,United States,92.74,False
71c386,Republic of Korea,260.02,False
a4d434,United States,49.41,False
407e68,United Kingdom,216.95,False
406b1b,United Kingdom,112.02,False
c0573e,Canada,54.58,False
c0440e,Canada,0.0,True
407e53,United Kingdom,235.87,False
a74764,United States,281.49,False
a3fae7,United States,64.35,False
a9c2ef,United States,56.55,False
7d02de,Australia,1.8,True
406b0a,United Kingdom,215.5,False
af3c55,United States,41.67,False
a48499,United States,188.75,False
7d02dd,Australia,1.29,True
a3a152,United States,291.74,False
aa1848,United States,86.16,False
aa29d4,United States,46.37,False
a4e6a2,United States,42.75,False
a8a490,United States,0.0,True
a0af87,United States,64.26,False
a123e0,United States,5.14,True
a123e2,United States,231.0,False
a123e3,United States,285.82,False
a376e3,United States,69.53,False
ab7f18,United States,1.54,True
c82c15,New Zealand,28.25,False
a1cf6b,United States,271.3,False
a1cf6a,United States,48.72,False
adb476,United States,15.95,True
a84175,United States,128.71,False
ac69b6,United States,243.99,False
a376d2,United States,128.45,False
a110c1,United States,205.42,False
a759a8,United States,37.36,False
a0af7c,United States,212.38,False
86ddb2,Japan,205.84,False
a389ef,United States,55.56,False
a389eb,United States,151.14,False
a4e6c0,United States,213.45,False
a506d1,United States,221.44,False
a8a478,United States,226.87,False
ab6c08,United States,179.71,False
a65c08,United States,216.67,False
a1bc29,United States,207.96,False
a123bf,United States,160.18,False
851492,Japan,275.43,False
a9d75e,United States,61.55,False
503cb3,Lithuania,238.09,False
a496ed,United States,89.35,False
ad76a4,United States,124.72,False
ab6c26,United States,10.29,True
a01805,United States,184.91,False
acb9bf,United States,143.0,False
abcf23,United States,195.26,False
a41c56,United States,210.32,False
868db5,Japan,222.26,False
a59197,United States,216.85,False
a2dc57,United States,47.12,False
a3d9c1,United States,49.68,False
ab23b5,United States,210.82,False
7c2b36,Australia,,True
a41c45,United States,46.2,False
ad0f29,United States,1.8,True
a230d6,United States,75.81,False
a376ec,United States,62.25,False
ac43a3,United States,82.28,False
a85495,United States,43.57,False
ac56d9,United States,157.16,False
a8b75a,United States,275.17,False
ac56ba,United States,259.23,False
add9c1,United States,50.08,False
a8b75f,United States,269.59,False
ad89f6,United States,47.43,False
ab7f6c,United States,172.75,False
ac8c20,United States,93.75,False
a72179,United States,218.84,False
503cc0,Lithuania,240.88,False
44061d,Austria,5.92,True
06a070,Qatar,234.42,False
adb401,United States,199.68,False
a5f3cf,United States,234.02,False
ad7757,United States,44.43,False
a25807,United States,53.47,False
7c8031,Australia,110.3,False
aaf111,United States,208.01,False
7cf676,Australia,0.06,True
aaaddc,United States,207.3,False
a2dc9f,United States,58.65,False
3949ed,France,0.9,True
3949ee,France,260.14,False
3949ec,France,232.13,False
a7df61,United States,211.85,False
ac5765,United States,181.43,False
7c802a,Australia,137.28,False
78068c,China,227.1,False
a05eb6,United States,74.57,False
06a078,Qatar,257.98,False
ad7760,United States,183.21,False
aca757,United States,194.64,False
06a081,Qatar,222.88,False
7c8023,Australia,140.54,False
a6bf5a,United States,286.42,False
7cf64e,Australia,1.29,True
c055d2,Canada,130.45,False
49d116,Czech Republic,149.95,False
a3a0ed,United States,41.19,False
c055ec,Canada,126.37,False
c055eb,Canada,166.92,False
abbac4,United States,186.35,False
39cf08,France,229.39,False
39cf09,France,264.51,False
a7df86,United States,202.99,False
aa5f7c,United States,116.54,False
06a07b,Qatar,273.04,False
39cf00,France,225.89,False
39cf01,France,0.0,True
39cf02,France,263.03,False
39cf03,France,233.45,False
a01820,United States,234.71,False
ab6af3,United States,133.97,False
3949e9,France,219.35,False
a999df,United States,302.65,False
a2dc83,United States,53.53,False
a0f0f3,United States,39.24,False
a853ba,United States,39.86,False
a733e6,United States,167.28,False
39cf0b,France,268.43,False
39cf0c,France,69.36,False
a65c8f,United States,44.27,False
a42f8b,United States,0.64,True
a1bc92,United States,208.93,False
a5e0d3,United States,0.0,True
a41c69,United States,224.81,False
7cf62d,Australia,14.92,True
39cf13,France,248.27,False
aca760,United States,296.07,False
8406e8,Japan,194.01,False
a1bc8f,United States,59.87,False
aa4c42,United States,12.86,True
a7cc2c,United States,176.91,False
ac578c,United States,194.52,False
3949f8,France,273.01,False
ad7796,United States,157.66,False
ab2496,United States,0.0,True
a0053a,United States,208.54,False
a759f1,United States,248.6,False
a77c11,United States,66.37,False
a7df23,United States,258.23,False
a759eb,United States,294.4,False
e4a2d4,Brazil,226.88,False
7c806e,Australia,184.26,False
7c806b,Australia,2.06,True
aa5f64,United States,108.83,False
ab1171,United States,52.97,False
7c8069,Australia,234.48,False
a1cea5,United States,42.62,False
a04bbe,United States,188.56,False
7c8066,Australia,221.62,False
acedf0,United States,183.89,False
aa4c26,United States,40.22,False
a24529,United States,262.42,False
aa03a2,United States,73.46,False
ab249d,United States,231.95,False
ab249e,United States,0.0,True
a3b3e5,United States,231.26,False
a3b3e3,United States,57.11,False
a999cb,United States,84.53,False
acedf5,United States,0.0,True
7c8070,Australia,233.57,False
a2450b,United States,212.8,False
c055c1,Canada,162.52,False
e4a2b6,Brazil,72.72,False
a733a2,United States,29.33,False
a24508,United States,229.38,False
ad646e,United States,288.28,False
7cf66d,Australia,0.06,True
a53c82,United States,75.99,False
a3a0ca,United States,192.93,False
a1388c,United States,152.46,False
e4a37f,Brazil,160.51,False
7c2ba8,Australia,204.19,False
a50857,United States,52.99,False
e4a390,Brazil,153.35,False
e4a394,Brazil,225.02,False
a2588a,United States,7.72,True
acca88,United States,213.77,False
a3651c,United States,159.95,False
e095c3,Argentina,28.71,False
a28bc9,United States,0.39,True
a2454f,United States,161.71,False
a4e851,United States,52.41,False
a00578,United States,34.32,False
ab6cb0,United States,0.0,False
406c80,United Kingdom,123.53,False
c2c237,Canada,150.9,False
c057ae,Canada,55.08,False
a960e3,United States,42.5,False
a3a224,United States,65.61,False
76b445,Singapore,90.89,False
ac5956,United States,129.54,False
76b449,Singapore,86.67,False
a2452f,United States,8.23,True
a2452c,United States,208.88,False
a53bc6,United States,42.81,False
a840bb,United States,32.01,False
ab3982,United States,7.46,True
7c2be8,Australia,148.62,False
abbca1,United States,255.4,False
70412b,Myanmar,106.66,False
78076e,China,228.58,False
aca950,United States,193.98,False
a24591,United States,211.44,False
a973de,United States,34.61,False
4b9e4a,Turkey,213.89,False
4b9e55,Turkey,237.04,False
7c2bd7,Australia,169.79,False
ac9ff2,United States,195.97,False
a47221,United States,0.0,True
a960bf,United States,95.92,False
ac3315,United States,302.61,False
ac9fe9,United States,236.89,False
7c2baf,Australia,231.97,False
c03297,Canada,75.67,False
abbcc1,United States,202.52,False
a7cc94,United States,207.47,False
c88019,Fiji,171.19,False
7c2bc5,Australia,227.37,False
a24573,United States,107.25,False
7c2bbd,Australia,77.41,False
c8801a,Fiji,222.58,False
8514f8,Japan,126.86,False
a973d6,United States,199.09,False
a3c847,United States,3.34,True
a91f95,United States,53.43,False
ac8ce5,United States,0.0,True
aca94b,United States,10.29,True
7c2bb0,Australia,0.0,True
a720eb,United States,216.52,False
a62819,United States,40.68,False
ac3338,United States,89.0,False
a3b50f,United States,288.74,False
a36556,United States,4.37,True
0ac98a,Colombia,213.62,False
aaf1ab,United States,50.99,False
acca19,United States,275.6,False
a97549,United States,68.38,False
a6abcc,United States,217.09,False
ac7a33,United States,187.5,False
a61592,United States,86.14,False
43c174,United Kingdom,218.85,False
a6157b,United States,63.28,False
a97554,United States,49.9,False
a7ded2,United States,12.45,False
407f2b,United Kingdom,83.99,False
407f2c,United Kingdom,257.59,False
a8feb8,United States,210.0,False
7c80ae,Australia,160.26,False
c0457f,Canada,204.44,False
ab11f9,United States,94.5,False
abaa43,United States,199.66,False
a8b848,United States,266.61,False
ac7a52,United States,178.64,False
a8feaa,United States,63.81,False
ad64cd,United States,208.23,False
a89bd4,United States,201.5,False
a9d837,United States,50.48,False
ac7a5b,United States,167.51,False
ae0a0a,United States,0.0,True
a3524e,United States,218.1,False
aaf1f2,United States,0.0,True
a9d807,United States,233.27,False
aa4ce2,United States,122.0,False
80138d,India,203.34,False
a6bebf,United States,89.76,False
a4d545,United States,44.77,False
a7dea2,United States,0.06,True
84091b,Japan,204.4,False
aa1994,United States,87.02,False
c05858,Canada,208.19,False
a6152a,United States,171.78,False
a004e2,United States,68.5,False
7c80fc,Australia,73.17,False
a54efc,United States,261.01,False
a377a2,United States,144.64,False
ac31fe,United States,44.54,False
a4d552,United States,4.12,True
c0583a,Canada,252.81,False
a8b82a,United States,175.13,False
adea26,United States,282.1,False
a89ba6,United States,104.32,False
c8808f,Fiji,228.0,False
c03210,Canada,2.83,True
840944,Japan,1.03,True
a6abae,United States,108.56,False
a8b805,United States,227.44,False
a65bbc,United States,229.6,False
e4a330,Brazil,137.19,False
a3a263,United States,167.7,False
a6bed6,United States,58.59,False
c8809d,Fiji,233.56,False
7c80f5,Australia,139.69,False
aa0633,United States,212.55,False
aa5fd3,United States,106.71,False
a72213,United States,0.06,True
407f62,United Kingdom,200.36,False
a8683d,United States,49.72,False
407f60,United Kingdom,0.0,True
851580,Japan,11.83,True
7c3f3b,Australia,43.97,False
a65d06,United States,0.0,True
a3b4b5,United States,0.0,True
a0f1bb,United States,214.75,False
c030fd,Canada,229.16,False
86222e,Japan,190.97,False
a9b275,United States,228.95,False
c82b08,New Zealand,142.96,False
e49a8b,Brazil,184.98,False
a9b273,United States,200.86,False
e4a1e7,Brazil,174.49,False
c82b09,New Zealand,129.32,False
a3b4c8,United States,0.0,True
ada296,United States,185.75,False
a1aa10,United States,224.18,False
a507f5,United States,263.12,False
c0581a,Canada,77.15,False
a124d4,United States,176.0,False
7806e2,China,210.94,False
a3b4d6,United States,221.53,False
c82b16,New Zealand,226.21,False
a867a2,United States,50.48,False
a27a26,United States,176.28,False
5100fc,Belarus,88.81,False
a1bd37,United States,62.96,False
ac57af,United States,217.12,False
407dfc,United Kingdom,131.13,False
ac57d2,United States,142.54,False
abbd0a,United States,198.17,False
86351c,Japan,134.73,False
a8557a,United States,116.97,False
a2dd86,United States,47.86,False
a5e293,United States,127.17,False
c82b3b,New Zealand,162.6,False
7cf6c1,Australia,0.32,True
ac8d31,United States,78.2,False
ab5a1d,United States,0.0,True
341086,Spain,7.72,True
ac8d3c,United States,244.45,False
a364e7,United States,237.57,False
abbd2d,United States,291.27,False
7cf6b0,Australia,4.12,True
ac31a1,United States,210.41,False
abaa0a,United States,57.22,False
abaa0e,United States,157.93,False
ab24f5,United States,133.35,False
a1bd6a,United States,251.15,False
abbd47,United States,198.66,False
ab1242,United States,248.15,False
886281,Thailand,276.23,False
ab6bdf,United States,55.11,False
71c516,Republic of Korea,237.84,False
ac4552,United States,68.65,False
a471ec,United States,256.62,False
a00639,United States,193.55,False
abcedd,United States,152.1,False
abbbae,United States,196.3,False
a841a9,United States,142.04,False
ab1257,United States,96.47,False
a64a73,United States,70.28,False
a12625,United States,0.51,True
a9d7e8,United States,53.3,False
71c507,Republic of Korea,108.06,False
c043b7,Canada,220.23,False
a1260b,United States,134.72,False
a50900,United States,163.86,False
a52a99,United States,282.95,False
aceeee,United States,59.64,False
a841c0,United States,111.35,False
71c536,Republic of Korea,234.84,False
88628f,Thailand,276.08,False
a77d89,United States,167.63,False
8527e8,Japan,101.93,False
c043cb,Canada,223.28,False
ac4591,United States,251.44,False
a2ca5d,United States,278.97,False
7c8126,Australia,9.26,True
a8b7e6,United States,33.25,False
a27a94,United States,150.49,False
a2efae,United States,251.22,False
a30fbb,United States,0.32,True
a89d0a,United States,108.9,False
e49a55,Brazil,235.59,False
a987b4,United States,143.9,False
c069f3,Canada,123.33,False
a5f4c6,United States,37.44,False
acdbec,United States,264.79,False
a04cdc,United States,72.82,False
ad6595,United States,210.29,False
a30faf,United States,60.62,False
e49a62,Brazil,162.21,False
c069d8,Canada,250.57,False
a3ea54,United States,285.08,False
ada227,United States,0.45,True
a30fc9,United States,52.0,False
aaf27c,United States,200.59,False
acdbe7,United States,186.67,False
ab129a,United States,206.88,False
a591c8,United States,57.95,False
ad526c,United States,207.75,False
ae1bfe,United States,29.49,False
7819d6,China,257.99,False
ad5269,United States,275.43,False
a3ea70,United States,56.53,False
acdbef,United States,102.86,False
aaf29f,United States,222.98,False
86228c,Japan,145.74,False
407dbf,United Kingdom,138.77,False
a11316,United States,26.76,False
a43ea7,United States,261.16,False
a8fc72,United States,206.07,False
7c3fdf,Australia,130.75,False
a1dec2,United States,64.88,False
ac8a7e,United States,49.91,False
a25522,United States,47.92,False
71c597,Republic of Korea,242.56,False
71c596,Republic of Korea,243.99,False
8622d0,Japan,11.83,True
a01567,United States,131.17,False
a37517,United States,145.29,False
a8fc73,United States,259.85,False
a13541,United States,177.27,False
aced7a,United States,132.64,False
a78c8f,United States,220.36,False
a9c0b5,United States,58.24,False
a983fd,United States,151.12,False
789202,China,0.0,True
a17bc3,United States,71.47,False
a38836,United States,112.77,False
aa2918,United States,147.01,False
a05bda,United States,0.0,True
ad61de,United States,233.56,False
ac8a9c,United States,212.07,False
a3c514,United States,179.17,False
ab3601,United States,222.51,False
ad8906,United States,36.79,False
51138e,Estonia,5.66,True
a2b810,United States,249.76,False
789216,China,259.61,False
a850dc,United States,224.67,False
511391,Estonia,5.14,True
a9e6df,United States,0.0,True
80142a,India,208.05,False
a9e6c4,United States,50.78,False
a2a53d,United States,95.92,False
a730b2,United States,57.82,False
ac692a,United States,0.0,True
aa01f9,United States,78.99,False
a2fee9,United States,0.0,True
a9e6ac,United States,41.0,False
ab8fd0,United States,254.3,False
a610c8,United States,10.29,True
80143a,India,247.47,False
a8fc2e,United States,203.17,False
71c542,Republic of Korea,288.32,False
801454,India,182.63,False
789243,China,267.98,False
801458,India,198.17,False
ab362c,United States,207.57,False
789241,China,5.4,True
a2422c,United States,47.37,False
a36200,United States,206.72,False
ab2316,United States,137.51,False
ac694f,United States,172.45,False
a9e6a5,United States,43.99,False
80140b,India,190.66,False
7c7006,Australia,43.15,False
a43ec3,United States,143.54,False
71c576,Republic of Korea,140.5,False
71c573,Republic of Korea,271.45,False
71c578,Republic of Korea,195.11,False
a0abc5,United States,168.85,False
ab230f,United States,34.97,False
a66c99,United States,95.4,False
71c571,Republic of Korea,79.36,False
acffb4,United States,190.83,False
acffb7,United States,122.4,False
a2685b,United States,260.92,False
78924b,China,209.69,False
aabff1,United States,44.4,False
ad8935,United States,204.0,False
80141c,India,0.0,True
ab8fee,United States,253.28,False
801427,India,249.2,False
789267,China,4.37,True
a1decf,United States,147.11,False
71c568,Republic of Korea,259.2,False
aaacc3,United States,7.46,True
aca608,United States,222.85,False
aaad49,United States,291.83,False
a62550,United States,40.52,False
a6bba3,United States,215.82,False
a98515,United States,206.48,False
a8650b,United States,164.43,False
7c81dc,Australia,136.27,False
ad0d35,United States,265.56,False
a5f208,United States,13.89,True
e0958e,Argentina,179.73,False
a75864,United States,39.29,False
a8c83b,United States,163.83,False
adb29f,United States,0.0,True
ab6a2e,United States,43.24,False
801495,India,244.67,False
a87876,United States,213.32,False
a1226b,United States,132.26,False
ab34f3,United States,10.29,True
ab6a40,United States,53.47,False
a1226e,United States,186.8,False
aaad72,United States,54.48,False
7c81e0,Australia,134.91,False
a43eec,United States,166.2,False
aced2b,United States,220.65,False
ab34ea,United States,222.07,False
a12275,United States,53.51,False
80145d,India,214.61,False
80145c,India,258.0,False
a2ebbd,United States,194.35,False
a80ee4,United States,42.95,False
a3621e,United States,253.3,False
3444c4,Spain,197.89,False
a73220,United States,261.67,False
aaad6d,United States,195.71,False
aa295d,United States,205.46,False
abba43,United States,265.94,False
a267a6,United States,49.68,False
780816,China,197.89,False
aa0300,United States,65.09,False
ac41ab,United States,296.96,False
a147b5,United States,51.3,False
aa6fca,United States,235.73,False
a55ed5,United States,163.27,False
e4a211,Brazil,139.24,False
a8c802,United States,112.66,False
adc4a3,United States,52.77,False
a50549,United States,206.02,False
aaad8f,United States,225.74,False
a9d3f6,United States,64.95,False
a54bab,United States,144.13,False
780839,China,126.24,False
80148d,India,3.86,True
ac41ce,United States,255.25,False
a24293,United States,60.29,False
a4e538,United States,48.81,False
ac8a66,United States,174.51,False
a54bbf,United States,173.74,False
78083a,China,72.24,False
acda2c,United States,185.16,False
a36279,United States,168.47,False
7cf7b9,Australia,0.51,False
a16a20,United States,100.32,False
ae2bf2,United States,56.82,False
a9e88d,United States,119.41,False
a8b57e,United States,289.99,False
ac4279,United States,181.79,False
440409,Austria,125.87,False
adb230,United States,69.27,False
c040e8,Canada,233.04,False
a121a2,United States,40.01,False
06a1bb,Qatar,189.18,False
a0ad3e,United States,195.89,False
ae2bda,United States,63.06,False
a014c9,United States,216.07,False
8a0240,Indonesia,136.58,False
06a1e8,Qatar,213.65,False
06a1e6,Qatar,262.03,False
a97251,United States,175.33,False
8a0235,Indonesia,234.87,False
8a021d,Indonesia,208.46,False
c066fb,Canada,212.34,False
a28a53,United States,195.9,False
a97228,United States,69.07,False
06a1ea,Qatar,181.07,False
a8521f,United States,0.0,True
a9e850,United States,47.29,False
a2b7f5,United States,210.24,False
a7dbaa,United States,139.69,False
4bb856,Turkey,253.55,False
c053c8,Canada,208.08,False
a6bbd2,United States,90.06,False
342059,Spain,252.92,False
4bb84f,Turkey,249.18,False
4bb84b,Turkey,202.99,False
a9e82a,United States,66.4,False
7c1a1d,Australia,4.37,True
a001cf,United States,108.33,False
a2b7cd,United States,222.76,False
a387f0,United States,0.0,True
a98539,United States,195.05,False
7cf7bf,Australia,0.19,False
7c1a31,Australia,266.42,False
7cf7ba,Australia,0.51,False
a29d48,United States,177.65,False
a2ed22,United States,66.37,False
407af2,United Kingdom,7.46,True
a6127b,United States,44.3,False
a6bbef,United States,136.3,False
a254d7,United States,233.75,False
aa6efa,United States,236.92,False
344694,Spain,198.9,False
8515a2,Japan,194.64,False
ac9ba5,United States,38.4,False
789276,China,180.21,False
a494eb,United States,84.37,False
789271,China,191.34,False
c82a72,New Zealand,36.58,False
a494f3,United States,57.35,False
a2da59,United States,263.03,False
a3fa63,United States,44.32,False
a997cc,United States,82.95,False
789287,China,203.45,False
4cc547,Iceland,255.01,False
789284,China,194.97,False
a997ce,United States,90.57,False
a494e9,United States,9.26,True
a611bb,United States,77.66,False
8515c4,Japan,251.25,False
c1e9a3,Canada,0.9,True
a744e2,United States,62.58,False
4cc50f,Iceland,221.08,False
504e70,Republic of Moldova,264.42,False
78927a,China,9.77,True
a4e4fc,United States,60.28,False
ad752d,United States,60.81,False
4bb870,Turkey,230.43,False
c053c0,Canada,64.47,False
c066f0,Canada,215.96,False
ad8871,United States,155.68,False
a241d7,United States,174.63,False
a16a98,United States,0.45,True
c1e9b9,Canada,11.83,True
7c2bf6,Australia,142.01,False
a2ed5a,United States,249.57,False
7c2bf5,Australia,189.43,False
ac5560,United States,55.41,False
c053b4,Canada,187.91,False
a77a32,United States,204.66,False
7c2bef,Australia,139.66,False
3cf3a4,Germany,0.13,True
4bb86d,Turkey,239.55,False
a494c5,United States,204.33,False
a30d6b,United States,186.39,False
adc532,United States,174.34,False
a4e4a7,United States,28.34,False
a517dc,United States,1.8,True
a6bd01,United States,0.0,True
ac5569,United States,0.32,True
abdeec,United States,171.45,False
ac689e,United States,239.01,False
504e86,Republic of Moldova,232.74,False
ab358d,United States,22.09,False
a4f7cb,United States,164.01,False
ab358e,United States,6.17,True
a18fbd,United States,225.18,False
4cc57a,Iceland,207.26,False
acb878,United States,219.9,False
a4e4c6,United States,61.32,False
a13608,United States,214.19,False
4cc54b,Iceland,229.48,False
897005,Solomon Islands,251.44,False
7807c9,China,144.21,False
a66d33,United States,140.68,False
8a026e,Indonesia,182.07,False
acebbe,United States,78.22,False
46b8a2,Greece,247.75,False
acb892,United States,195.13,False
ac425a,United States,238.49,False
a9d599,United States,43.32,False
a13668,United States,171.87,False
a0acbb,United States,282.74,False
a18fff,United States,55.68,False
a05cf3,United States,202.64,False
e4a13d,Brazil,85.5,False
06a115,Qatar,280.74,False
06a116,Qatar,257.45,False
a851f6,United States,194.62,False
a31fe3,United States,61.84,False
a3c60d,United States,168.86,False
86cf7c,Japan,213.12,False
a31fe5,United States,69.56,False
a29cbf,United States,186.33,False
adc5ff,United States,210.86,False
c03069,Canada,226.97,False
a0f002,United States,108.99,False
06a10b,Qatar,251.05,False
86cf6f,Japan,159.27,False
a63934,United States,100.9,False
801532,India,216.21,False
801530,India,85.47,False
e4a12c,Brazil,240.75,False
78097f,China,150.39,False
e4a125,Brazil,222.16,False
a4e60a,United States,30.3,False
7c2dc2,Australia,146.56,False
ac5700,United States,261.94,False
a51968,United States,238.33,False
a26969,United States,65.16,False
a37616,United States,186.9,False
e4a130,Brazil,222.07,False
a3c649,United States,277.25,False
c03084,Canada,108.05,False
407d5c,United Kingdom,213.91,False
c0307a,Canada,6.17,True
a91d8e,United States,107.52,False
ac5718,United States,93.8,False
a3b30e,United States,39.95,False
468d07,Greece,0.0,True
06a140,Qatar,210.37,False
a0acb6,United States,264.75,False
a13650,United States,273.56,False
a12378,United States,184.35,False
a984d4,United States,175.36,False
a49659,United States,106.32,False
a1ccec,United States,266.0,False
a0acff,United States,246.54,False
406a9e,United Kingdom,290.0,False
406a9f,United Kingdom,231.56,False
a8fd3c,United States,296.68,False
ac5723,United States,199.13,False
a0acfd,United States,219.19,False
aaadb2,United States,219.25,False
a43fee,United States,111.52,False
a36345,United States,103.76,False
ad7701,United States,287.71,False
c83aa6,New Zealand,51.97,False
a78d6b,United States,109.93,False
a24369,United States,168.8,False
86cf38,Japan,296.29,False
a3d90a,United States,279.35,False
406a93,United Kingdom,223.87,False
a12355,United States,52.5,False
a997e5,United States,254.6,False
ab7dd6,United States,55.41,False
801539,India,213.72,False
a25667,United States,146.99,False
ac5746,United States,285.77,False
a851be,United States,180.02,False
a1235b,United States,184.41,False
c80781,New Zealand,34.51,False
a0acf8,United States,143.98,False
7c1abd,Australia,201.08,False
a55fa2,United States,275.41,False
7c1aba,Australia,193.9,False
a05e02,United States,194.19,False
a9861e,United States,38.89,False
80158c,India,256.83,False
a4e680,United States,51.67,False
a3c68f,United States,38.49,False
a73334,United States,60.31,False
80159e,India,219.06,False
ad88cb,United States,237.85,False
a9e93b,United States,229.45,False
aaae79,United States,268.89,False
80159a,India,205.07,False
a6266d,United States,103.09,False
a48356,United States,0.0,True
a98643,United States,52.97,False
abbb24,United States,222.77,False
a97316,United States,154.97,False
80156e,India,190.73,False
a4c02d,United States,275.76,False
ad0e61,United States,299.8,False
a4e696,United States,49.82,False
a7eff7,United States,270.9,False
a2a686,United States,243.7,False
a98615,United States,39.94,False
ac9e77,United States,206.36,False
a2ecec,United States,135.71,False
ac55f3,United States,155.48,False
ad88ef,United States,136.23,False
a2ecf3,United States,282.42,False
a1239c,United States,161.74,False
a3500f,United States,170.51,False
acdb17,United States,30.19,False
ac42bf,United States,194.12,False
acee50,United States,5.66,True
a6cffc,United States,196.94,False
a74679,United States,0.0,True
a388a9,United States,219.58,False
a86605,United States,7.72,True
a66ca5,United States,172.92,False
adb2a4,United States,209.92,False
a3c666,United States,61.41,False
ad0e97,United States,51.58,False
a54cd9,United States,122.55,False
ac42df,United States,212.73,False
407d44,United Kingdom,233.81,False
a9e902,United States,47.47,False
851826,Japan,186.09,False
a98603,United States,83.59,False
a74611,United States,185.92,False
a4837f,United States,124.04,False
a0ae07,United States,84.3,False
406a04,United Kingdom,220.06,False
a4e653,United States,57.85,False
a5afe6,United States,63.16,False
abbb77,United States,197.31,False
a148b9,United States,69.97,False
a8793d,United States,170.8,False
a4e65b,United States,55.09,False
a62667,United States,38.24,False
a48379,United States,234.11,False
a62665,United States,234.09,False
a5aff9,United States,64.21,False
06a106,Qatar,235.99,False
c0694c,Canada,130.52,False
a7a91f,United States,144.25,False
851848,Japan,190.73,False
a54cf6,United States,42.95,False
a5aff2,United States,204.71,False
a54cf9,United States,54.07,False
885110,Thailand,0.0,True
a3c5a3,United States,97.33,False
a1bb23,United States,71.92,False
7c2e63,Australia,64.83,False
a9d688,United States,31.32,False
06a0a9,Qatar,212.53,False
a9d68b,United States,47.94,False
7892a5,China,204.57,False
a42e13,United States,189.34,False
a638b0,United States,52.23,False
a53b06,United States,47.24,False
c819dd,New Zealand,124.96,False
c819df,New Zealand,144.93,False
a78e09,United States,252.87,False
aaae08,United States,34.94,False
aaf094,United States,38.57,False
ad639e,United States,205.31,False
c819e9,New Zealand,39.31,False
06a0af,Qatar,262.17,False
a135cb,United States,196.58,False
0ac9ef,Colombia,216.29,False
88510f,Thailand,192.65,False
adb35c,United States,201.35,False
06a0be,Qatar,231.28,False
0d03de,Mexico,241.06,False
8013c2,India,4.89,True
a8a338,United States,57.49,False
a7202a,United States,157.71,False
4bb722,Turkey,0.0,True
a5e02d,United States,214.55,False
a9d640,United States,141.16,False
a1ce99,United States,254.95,False
680002,Bhutan,211.97,False
a8666b,United States,59.54,False
a5f385,United States,2.06,False
aaae1b,United States,192.27,False
a86674,United States,5.92,True
68000a,Bhutan,208.47,False
ab7e41,United States,237.05,False
7c2e7f,Australia,65.79,False
a96022,United States,59.99,False
a9d651,United States,141.62,False
ac9e23,United States,182.89,False
7c2e93,Australia,35.0,False
a41b0f,United States,38.1,False
06a0f7,Qatar,240.72,False
a362b2,United States,263.15,False
ab35d3,United States,157.16,False
a9e956,United States,113.98,False
a1bb45,United States,223.57,False
a2db21,United States,188.81,False
a495b4,United States,247.93,False
a04b7d,United States,110.05,False
aaae4b,United States,290.44,False
a242c5,United States,56.32,False
ac696c,United States,131.14,False
acffbe,United States,227.51,False
a745db,United States,3.34,True
a7a8e8,United States,57.64,False
86cf09,Japan,220.18,False
a865c8,United States,6.94,True
a65b61,United States,136.78,False
7c7051,Australia,38.48,False
a65b4b,United States,44.14,False
a7de30,United States,47.16,False
acb93f,United States,177.64,False
ac6993,United States,133.73,False
aa02ab,United States,220.16,False
71c741,Republic of Korea,238.72,False
acb953,United States,193.28,False
c054b5,Canada,146.74,False
a6ab27,United States,217.82,False
a05da6,United States,36.89,False
71c743,Republic of Korea,266.56,False
a66e7a,United States,222.58,False
ab3681,United States,118.27,False
a4d2f7,United States,171.06,False
a65b74,United States,100.06,False
06a19e,Qatar,78.1,False
8013e2,India,3.09,True
a732d9,United States,234.34,False
a242ee,United States,49.01,False
a9b088,United States,273.56,False
600b26,Azerbaijan,256.68,False
a1bb88,United States,73.05,False
aa4b32,United States,6.69,True
ac300d,United States,0.0,True
a7cb29,United States,97.85,False
e4a06c,Brazil,225.65,False
86cf16,Japan,254.49,False
aa5e3e,United States,76.31,False
a7a8ed,United States,203.75,False
a65b76,United States,192.62,False
4acac3,Sweden,7.46,True
ac3030,United States,274.26,False
71c712,Republic of Korea,196.52,False
a05dd8,United States,258.2,False
71c710,Republic of Korea,170.13,False
7808c9,China,246.23,False
a12429,United States,206.87,False
71c708,Republic of Korea,295.42,False
add979,United States,231.95,False
4cc45a,Iceland,214.51,False
a00443,United States,36.62,False
a1240a,United States,189.89,False
a1373d,United States,262.97,False
a6be11,United States,49.48,False
a2571c,United States,77.89,False
8409da,Japan,144.81,False
71c738,Republic of Korea,188.37,False
a77b0e,United States,181.94,False
7808e4,China,178.47,False
a7de16,United States,0.0,True
a3c5fd,United States,268.85,False
8409ed,Japan,164.54,False
704458,Myanmar,257.59,False
adc64a,United States,33.66,False
0ac9c2,Colombia,235.69,False
a78e2e,United States,41.19,False
c067ae,Canada,227.17,False
e49406,Brazil,230.55,False
a6fe0f,United States,111.8,False
ab76bc,United States,12.86,True
ad4f1c,United States,58.44,False
a46e70,United States,95.27,False
88044a,Thailand,230.74,False
aa56db,United States,255.98,False
a2e5ec,United States,2.83,False
7c6b2f,Australia,222.1,False
7c6b2d,Australia,219.79,False
408121,United Kingdom,216.26,False
ade18c,United States,161.71,False
7c6b41,Australia,6.43,True
7c6b40,Australia,67.74,False
a665b9,United States,152.38,False
ade199,United States,101.05,False
7c35f0,Australia,64.39,False
a305fd,United States,150.46,False
4b1803,Switzerland,0.06,True
aa56d4,United States,255.08,False
4b1809,Switzerland,0.06,True
aa56d5,United States,283.97,False
7c6b1c,Australia,0.06,True
0d0c07,Mexico,209.19,False
a665be,United States,147.25,False
a3f2c6,United States,64.31,False
a1fb4b,United States,228.11,False
a21b6a,United States,19.66,False
ac1c0b,United States,99.71,False
7c6b37,Australia,0.06,True
7c6b0f,Australia,250.37,False
a3f2d5,United States,54.21,False
ac96be,United States,181.04,False
a798ea,United States,44.92,False
ab76eb,United States,65.87,False
c01aa5,Canada,214.27,False
a21b44,United States,217.98,False
aa8c10,United States,6.43,True
aa56b5,United States,194.98,False
aa56b8,United States,161.62,False
a57b4d,United States,72.54,False
a1fb33,United States,193.24,False
a1d8fd,United States,248.99,False
a6c8cd,United States,167.24,False
a1c5e0,United States,266.1,False
c822df,New Zealand,93.43,False
a808bf,United States,156.74,False
a3f2e7,United States,45.0,False
ac2f5a,United States,114.63,False
a33b1e,United States,71.36,False
7c6b17,Australia,23.66,True
7c6b14,Australia,207.05,False
4952ac,Portugal,192.77,False
a5de4a,United States,56.58,False
4952ae,Portugal,227.63,False
ac2f83,United States,250.33,False
4952b0,Portugal,255.34,False
ad4f72,United States,242.66,False
ac96df,United States,109.63,False
7c6b84,Australia,59.73,False
ad3c1f,United States,214.2,False
ab63db,United States,62.67,False
a9036a,United States,104.76,False
ae13a1,United States,123.04,False
a7b057,United States,222.75,False
e49446,Brazil,229.16,False
4952a9,Portugal,248.9,False
7c6b5a,Australia,89.12,False
abb3be,United States,230.41,False
4952a4,Portugal,170.82,False
4952a5,Portugal,207.32,False
e49450,Brazil,204.4,False
e48120,Brazil,223.33,False
0a00c2,Algeria,276.05,False
a2d2f5,United States,34.82,False
ac70a5,United States,154.36,False
a58e1e,United States,128.68,False
ac1c76,United States,149.39,False
a21b90,United States,0.06,True
408143,United Kingdom,11.32,True
ac70ab,United States,58.93,False
7c7e97,Australia,60.23,False
ac83cf,United States,29.18,False
7c6b3b,Australia,150.38,False
aa3199,United States,35.56,False
ad4f81,United States,88.49,False
7c6b3d,Australia,0.0,True
7c6b3c,Australia,234.43,False
a45b48,United States,53.99,False
a0441d,United States,46.11,False
a94b51,United States,148.96,False
a94b50,United States,244.09,False
3c65a2,Germany,236.82,False
a6a2f2,United States,281.64,False
4b187e,Switzerland,95.17,False
4b187f,Switzerland,143.83,False
a16410,United States,100.15,False
a7d5ec,United States,80.91,False
ade106,United States,50.86,False
3c65ad,Germany,250.91,False
ae0115,United States,155.23,False
4b1883,Switzerland,0.0,True
a05777,United States,188.89,False
a05776,United States,212.38,False
a83e86,United States,249.51,False
4b1881,Switzerland,2.31,True
a6eb66,United States,53.92,False
ac1afa,United States,6.43,True
8686aa,Japan,89.85,False
861f5e,Japan,260.22,False
a94b2b,United States,286.5,False
a94b2e,United States,192.29,False
a915dc,United States,67.92,False
a915de,United States,64.21,False
ae279b,United States,51.86,False
3c65cd,Germany,4.12,False
e492e0,Brazil,134.31,False
a5470e,United States,30.68,False
0d0afe,Mexico,116.34,False
ac7188,United States,206.64,False
ae5ae4,United States,75.79,False
a0312f,United States,180.62,False
a6eb1e,United States,191.14,False
a34dbf,United States,153.72,False
a22de4,United States,87.92,False
a41412,United States,261.1,False
a94b0a,United States,277.46,False
a1c75b,United States,72.73,False
a1a110,United States,199.73,False
a33aa7,United States,5.92,True
0d0aa8,Mexico,238.43,False
aab9c7,United States,49.91,False
acd47e,United States,207.12,False
a83e3b,United States,87.43,False
ac2f18,United States,286.47,False
861f00,Japan,82.76,False
c082a4,Canada,32.87,False
a71e5c,United States,114.23,False
a83e49,United States,246.3,False
c82439,New Zealand,237.02,False
a6fe6b,United States,37.58,False
a04453,United States,37.38,False
abd9b6,United States,77.09,False
a785fd,United States,224.18,False
aa30a2,United States,59.68,False
c01b4f,Canada,141.99,False
a7d5d6,United States,92.08,False
aa9f6f,United States,144.94,False
a69b86,United States,284.82,False
aa56f7,United States,86.43,False
a94b02,United States,139.53,False
ac2f37,United States,186.44,False
a94b08,United States,181.07,False
a08acb,United States,1.03,True
a29748,United States,0.06,True
a7e8ee,United States,29.33,False
0d0ad1,Mexico,256.05,False
861f22,Japan,225.91,False
aadc11,United States,57.7,False
a16441,United States,50.85,False
abc726,United States,0.45,True
a1515b,United States,290.35,False
c81122,New Zealand,30.69,False
a4276a,United States,70.12,False
ace718,United States,144.27,False
a71dc2,United States,238.82,False
ac972d,United States,62.81,False
ab774b,United States,210.02,False
a46de7,United States,36.16,False
ad0725,United States,140.56,False
c8244b,New Zealand,130.68,False
a71db6,United States,129.64,False
a95da3,United States,117.23,False
a0dae2,United States,207.42,False
e4808c,Brazil,191.38,False
a39113,United States,118.73,False
a4aabc,United States,48.36,False
a21ad6,United States,39.31,False
a65449,United States,236.54,False
ac9746,United States,57.63,False
a1a116,United States,45.06,False
a2e74e,United States,94.21,False
a1b449,United States,71.34,False
ac7103,United States,198.88,False
a4aad3,United States,193.7,False
a0dade,United States,49.39,False
7c3635,Australia,42.92,False
86d5fa,Japan,3.34,True
aaedf4,United States,7.72,True
3de8e3,Germany,28.34,False
ab6458,United States,179.12,False
7c1045,Australia,36.83,False
a27197,United States,211.27,False
86d5c3,Japan,270.88,False
c07071,Canada,137.45,False
86d5b6,Japan,243.34,False
70804d,Lao People's Democratic Republic,190.23,False
ac2dea,United States,214.48,False
758338,Philippines,235.12,False
a10f22,United States,59.83,False
a41487,United States,211.86,False
49530a,Portugal,184.55,False
c81179,New Zealand,41.11,False
49530c,Portugal,171.47,False
a6670c,United States,2.83,True
abb440,United States,1.8,True
3873ff,France,1.8,True
a3915a,United States,165.59,False
a069b2,United States,41.83,False
a94b72,United States,200.45,False
14fc25,Russian Federation,255.01,False
ae2762,United States,53.82,False
a65408,United States,0.0,True
861e92,Japan,83.56,False
a2c151,United States,98.03,False
495305,Portugal,152.28,False
a94b6b,United States,1.8,True
495308,Portugal,198.85,False
a33afd,United States,131.33,False
abc780,United States,177.07,False
abfac6,United States,210.26,False
a3914c,United States,69.51,False
a4bdb9,United States,191.39,False
a4012b,United States,48.07,False
495302,Portugal,178.51,False
495304,Portugal,194.25,False
ace74e,United States,119.35,False
ad077b,United States,231.95,False
e492a5,Brazil,129.15,False
758307,Philippines,216.03,False
a33af8,United States,41.15,False
0d0b50,Mexico,49.52,False
a0a6c5,United States,1.29,True
7c6a8d,Australia,221.45,False
7c6a8c,Australia,153.2,False
a6a482,United States,47.04,False
a94ae3,United States,272.93,False
a9044e,United States,117.06,False
a94ae5,United States,207.45,False
abb2d5,United States,224.48,False
ae6e76,United States,8.98,False
a8f77c,United States,260.63,False
a46f00,United States,32.77,False
a7b133,United States,175.38,False
a6eadb,United States,40.18,False
0d0b66,Mexico,239.86,False
a76154,United States,253.42,False
c02cfc,Canada,189.14,False
601103,Kyrgyzstan,268.89,False
a1c6a8,United States,7.72,True
ac82f8,United States,12.86,True
aa448c,United States,34.93,False
408064,United Kingdom,230.59,False
408062,United Kingdom,243.74,False
c87f23,New Zealand,138.42,False
3c5432,Germany,0.06,True
a8f75b,United States,108.03,False
7c6a5e,Australia,66.21,False
a0dc03,United States,0.0,True
aa3150,United States,59.38,False
a189f2,United States,293.28,False
0d0b92,Mexico,225.36,False
0d0b91,Mexico,203.39,False
3c6702,Germany,0.77,True
3c6709,Germany,271.53,False
a71ded,United States,198.82,False
a8941f,United States,0.06,True
a7d754,United States,244.99,False
a95dd3,United States,206.74,False
a1fc3b,United States,280.17,False
a83dce,United States,78.47,False
3c6711,Germany,66.88,False
3c6716,Germany,283.44,False
3c6715,Germany,266.0,False
a83dd0,United States,80.49,False
aa9deb,United States,129.46,False
a1fc36,United States,48.09,False
a296f4,United States,234.22,False
a030a8,United States,241.35,False
c02cf1,Canada,245.08,False
a7745c,United States,68.21,False
0d0b35,Mexico,2.06,True
a163c2,United States,231.15,False
a306bd,United States,63.8,False
3c670f,Germany,268.03,False
3c670e,Germany,265.51,False
e48053,Brazil,212.17,False
a8943d,United States,67.16,False
3c670c,Germany,221.65,False
e49388,Brazil,241.08,False
ac9709,United States,174.77,False
a7d775,United States,170.62,False
aaa71c,United States,83.15,False
e4805d,Brazil,158.1,False
aa8ab2,United States,265.6,False
a030ab,United States,3.86,True
ab772d,United States,252.47,False
a65490,United States,198.78,False
a90428,United States,191.29,False
7c4929,Australia,266.68,False
aa7a1f,United States,215.24,False
a809da,United States,132.61,False
a666cd,United States,134.19,False
abc7c6,United States,185.92,False
aa44d0,United States,262.64,False
c02ed9,Canada,118.57,False
ab9a25,United States,116.72,False
a283ed,United States,134.96,False
7c6c3d,Australia,86.44,False
aa44ac,United States,252.9,False
7582f5,Philippines,237.11,False
7c6c58,Australia,123.88,False
abc7d3,United States,48.05,False
a3f3dc,United States,128.64,False
7c6c56,Australia,0.0,True
7c6c55,Australia,0.77,True
7c7f5c,Australia,30.92,False
a4bf95,United States,251.41,False
a6c9fd,United States,49.41,False
abea11,United States,200.15,False
ab9a32,United States,190.13,False
7c6c2b,Australia,54.69,False
40820e,United Kingdom,232.04,False
c0853f,Canada,0.06,True
c08537,Canada,245.14,False
a6c9eb,United States,53.88,False
a1a0a1,United States,151.98,False
0d0b04,Mexico,196.32,False
7c49fb,Australia,115.19,False
a5df82,United States,0.0,True
aadd5f,United States,0.0,True
ace7bf,United States,190.57,False
abfd66,United States,196.41,False
a0a80e,United States,210.76,False
aba1a0,United States,221.59,False
ae4a13,United States,99.89,False
ac0a58,United States,135.14,False
7c6c97,Australia,0.19,True
7c6c95,Australia,242.17,False
a7b169,United States,54.08,False
7c6c91,Australia,11.84,False
ae5d35,United States,70.37,False
7c10c9,Australia,70.18,False
aadd8e,United States,247.96,False
c821ee,New Zealand,81.28,False
4a2aac,Romania,85.94,False
abb4ea,United States,180.66,False
aaca75,United States,31.9,True
c821f8,New Zealand,60.27,False
ac1d90,United States,86.36,False
a8e46d,United States,151.93,False
3c6564,Germany,213.01,False
ac0a75,United States,250.65,False
a5cc19,United States,7.72,True
a5cc15,United States,181.95,False
a5cc13,United States,217.02,False
a5cc11,United States,229.26,False
ae4a0a,United States,115.24,False
e49311,Brazil,68.94,False
a7b186,United States,91.46,False
40823c,United Kingdom,231.26,False
758404,Philippines,116.52,False
abb595,United States,134.2,False
a1b519,United States,3.34,True
846a34,Japan,64.83,False
a7b0c4,United States,83.91,False
a69c9c,United States,130.59,False
a34eb4,United States,45.18,False
a82c88,United States,45.83,False
a17876,United States,223.88,False
a10edc,United States,37.04,False
ae5be2,United States,0.0,False
a1c82a,United States,221.61,False
ae5be1,United States,69.59,False
a3f500,United States,225.35,False
e491b0,Brazil,241.08,False
7c1185,Australia,65.25,False
aa7a83,United States,135.24,False
a53504,United States,54.26,False
abb59f,United States,174.1,False
aba281,United States,171.59,False
a8f6ef,United States,274.39,False
a08bb4,United States,202.55,False
e491ae,Brazil,232.58,False
a16579,United States,242.19,False
ad928e,United States,197.74,False
a45ba2,United States,193.88,False
7c7f54,Australia,34.87,False
7c6c24,Australia,98.79,False
a2722e,United States,53.51,False
c02f6a,Canada,9.77,True
a46ec9,United States,52.72,False
a5cc72,United States,29.68,False
a69c6b,United States,181.21,False
a83f63,United States,180.17,False
c01c52,Canada,259.66,False
a8e3b3,United States,210.1,False
a1b535,United States,220.22,False
a1c868,United States,209.14,False
ad07a6,United States,135.99,False
abfd00,United States,113.91,False
a83f8c,United States,269.45,False
c82315,New Zealand,94.67,False
a880b0,United States,215.07,False
846a16,Japan,66.74,False
7c7f29,Australia,33.58,False
02a1b3,Tunisia,246.02,False
ab77d5,United States,11.83,True
aa31c2,United States,134.37,False
c083f2,Canada,254.11,False
8687bc,Japan,213.6,False
a1c857,United States,45.27,False
7c7f0a,Australia,41.19,False
a903b9,United States,202.86,False
ab64b8,United States,0.0,True
a0eeea,United States,73.13,False
a9af29,United States,157.89,False
a2d56d,United States,260.0,False
ad4eb5,United States,135.51,False
ace81d,United States,0.0,True
a33bef,United States,45.34,False
a5354e,United States,35.44,False
ac9850,United States,0.0,True
aa4548,United States,280.79,False
3c64fa,Germany,218.81,False
aaa861,United States,5.14,True
a2d573,United States,196.96,False
a6b840,United States,181.98,False
ab0ef9,United States,249.59,False
a69bc3,United States,224.46,False
75847f,Philippines,158.03,False
a5dee6,United States,71.01,False
a6686c,United States,53.03,False
a21bea,United States,177.67,False
a5489b,United States,60.11,False
a5489c,United States,243.87,False
a9f0f2,United States,202.98,False
a2c20f,United States,41.41,False
782144,China,301.76,False
a1fbd9,United States,247.1,False
c01c28,Canada,0.0,True
ac7216,United States,186.71,False
ad4eba,United States,203.75,False
aaa893,United States,244.17,False
a1b573,United States,67.7,False
a70bc9,United States,241.96,False
c8234a,New Zealand,230.19,False
adf526,United States,49.48,False
aadbe1,United States,53.65,False
a0a7a0,United States,302.28,False
c82379,New Zealand,72.72,False
0d0a77,Mexico,234.81,False
aaa88b,United States,264.98,False
769104,Singapore,260.92,False
a880ff,United States,256.63,False
a2c27e,United States,133.43,False
a08d22,United States,52.48,False
a39289,United States,250.9,False
7c6af1,Australia,7.72,True
7c6aec,Australia,93.85,False
0d0a7d,Mexico,199.35,False
abfbd0,United States,202.41,False
7c6aea,Australia,121.29,False
ad0887,United States,268.51,False
a58ed4,United States,34.26,False
abb54f,United States,245.42,False
4080bf,United Kingdom,267.14,False
7c6ae0,Australia,1.29,False
a3f547,United States,16.88,False
a6b833,United States,218.97,False
3c64f3,Germany,258.23,False
ac7256,United States,198.25,False
a71ec1,United States,210.94,False
758436,Philippines,228.39,False
4080ad,United Kingdom,147.56,False
7c6ad5,Australia,4.89,True
a1a286,United States,203.95,False
861ed6,Japan,190.89,False
abb3ec,United States,57.8,False
ad3c78,United States,231.79,False
aa328f,United States,187.66,False
a0dd1d,United States,80.49,False
a94bfc,United States,261.99,False
a94bff,United States,96.72,False
ae13bd,United States,115.69,False
e4924a,Brazil,120.66,False
abfc97,United States,178.96,False
0d0a3a,Mexico,131.26,False
a8956e,United States,49.27,False
a0a7f0,United States,186.6,False
a044f4,United States,59.02,False
861ef8,Japan,289.67,False
408184,United Kingdom,127.02,False
a0dd14,United States,83.4,False
a297ae,United States,58.52,False
408181,United Kingdom,0.0,True
0d0a4c,Mexico,113.46,False
e49221,Brazil,242.5,False
a9aee8,United States,84.17,False
a1fd03,United States,254.96,False
c0716c,Canada,48.82,False
acd3ea,United States,55.0,False
861ede,Japan,65.27,False
40815b,United Kingdom,238.07,False
40815c,United Kingdom,235.37,False
ae5c77,United States,123.35,False
a8d206,United States,208.46,False
a9aebe,United States,77.17,False
a9aebc,United States,237.4,False
a9052c,United States,62.55,False
a1a1b6,United States,236.69,False
a33d62,United States,151.62,False
7c2419,Australia,42.18,False
a89545,United States,63.8,False
a65598,United States,192.62,False
a83ef2,United States,238.01,False
a1ea0d,United States,66.97,False
a78890,United States,44.47,False
a83ef5,United States,192.23,False
af20c1,United States,83.92,False
0d0a08,Mexico,4.63,True
a9051e,United States,204.51,False
a83edb,United States,158.71,False
e49295,Brazil,220.67,False
a271b0,United States,196.5,False
738c0b,Israel,5.66,True
a5cbf3,United States,241.09,False
a427bc,United States,172.93,False
a5227c,United States,218.64,False
abc80c,United States,65.87,False
a8955e,United States,185.49,False
c0712e,Canada,232.15,False
459744,Denmark,60.54,False
a284b5,United States,246.48,False
782107,China,151.47,False
e4926f,Brazil,110.39,False
ab0ed6,United States,153.84,False
aa3226,United States,233.54,False
a9aeb0,United States,3.34,True
aaeec5,United States,0.0,False
7583fa,Philippines,2.83,True
ac2d09,United States,211.0,False
a72f22,United States,0.0,True
a59f53,United States,204.62,False
a2f6cb,United States,106.31,False
a6d9c3,United States,76.65,False
0d0e2b,Mexico,249.21,False
ab0d25,United States,38.45,False
aaed17,United States,5.66,False
acd296,United States,188.08,False
a5ef0e,United States,1.03,True
a58c29,United States,185.49,False
a34c2f,United States,158.81,False
7c6d78,Australia,0.32,True
aaed0d,United States,218.19,False
a0a3c4,United States,40.93,False
a2f6c4,United States,30.77,False
a0b6ea,United States,240.56,False
a5a6c1,United States,209.92,False
ad4d12,United States,273.55,False
7583e4,Philippines,211.23,False
a9018b,United States,75.62,False
7c6d67,Australia,239.7,False
a676c4,United States,183.24,False
a556df,United States,53.47,False
7820bf,China,146.56,False
ac2d33,United States,89.06,False
aaed35,United States,0.26,True
0d0e5a,Mexico,0.0,True
c820a7,New Zealand,51.95,False
0d0e5b,Mexico,239.55,False
a84f14,United States,55.22,False
a84f10,United States,47.4,False
a90145,United States,45.39,False
c820ab,New Zealand,146.04,False
a59f03,United States,59.96,False
acf7d0,United States,38.45,False
a6b48f,United States,147.27,False
7c6d9e,Australia,0.0,True
151dd1,Russian Federation,3.09,True
abd7f1,United States,0.0,True
a59f15,United States,210.12,False
0d0e04,Mexico,239.69,False
0d0e05,Mexico,210.15,False
86d96c,Japan,186.21,False
a423d7,United States,102.38,False
c080e3,Canada,0.0,True
c080e0,Canada,77.68,False
a6faee,United States,48.87,False
7c6d8d,Australia,7.2,True
aaed5a,United States,202.3,False
a1b0c2,United States,65.07,False
acf7e4,United States,61.07,False
0d0e12,Mexico,221.67,False
84106c,Japan,229.12,False
aaed67,United States,36.56,False
abc4be,United States,0.77,True
7583a9,Philippines,242.17,False
7c6d8f,Australia,0.0,True
7583a7,Philippines,84.1,False
151dfb,Russian Federation,221.35,False
7583a1,Philippines,229.75,False
7c6d7b,Australia,248.53,False
a303d8,United States,39.11,False
a34c58,United States,190.22,False
a34c57,United States,249.86,False
7c6d7f,Australia,0.13,True
ad04d0,United States,247.55,False
7c6d96,Australia,246.42,False
a22c7c,United States,32.49,False
0d0e29,Mexico,249.77,False
7c6d93,Australia,142.21,False
7c6d92,Australia,0.0,True
7c6d98,Australia,175.5,False
a47f66,United States,53.57,False
a1d811,United States,216.44,False
adf205,United States,22.1,False
86d8cc,Japan,170.32,False
a11eb7,United States,218.74,False
ae1211,United States,127.32,False
a11eb8,United States,122.03,False
ac9576,United States,249.25,False
adaee8,United States,233.83,False
a0b81e,United States,227.21,False
ac2be9,United States,203.26,False
aaa590,United States,228.37,False
758533,Philippines,115.99,False
a650cd,United States,176.8,False
a72f91,United States,186.67,False
abb245,United States,140.58,False
78219a,China,199.59,False
a7e6cf,United States,6.43,True
a650d9,United States,211.05,False
ac2bf8,United States,138.74,False
c080a5,Canada,224.06,False
c080a2,Canada,234.14,False
a0fea6,United States,291.66,False
c080a3,Canada,7.72,True
a8f3c5,United States,243.06,False
abc55f,United States,217.36,False
a9bf4b,United States,215.58,False
758502,Philippines,236.96,False
a5dc8a,United States,56.78,False
a280fe,United States,37.04,True
a0b801,United States,128.12,False
c080d9,Canada,192.14,False
a9bf27,United States,178.3,False
758511,Philippines,129.84,False
0c4354,Dominican Republic,239.32,False
0c4355,Dominican Republic,215.57,False
c080ae,Canada,207.34,False
0c4356,Dominican Republic,234.83,False
c080aa,Canada,231.83,False
a770d4,United States,45.79,False
a3183d,United States,7.72,True
7c6d39,Australia,242.44,False
a96f36,United States,51.06,False
ab628c,United States,1.03,True
7c6d2b,Australia,0.0,True
ac8289,United States,242.1,False
a96f37,United States,189.44,False
abb271,United States,230.65,False
a60f7a,United States,6.43,True
a0b86c,United States,286.13,False
0d0cdd,Mexico,151.79,False
a0b86a,United States,274.46,False
49514c,Portugal,91.23,False
acf89f,United States,201.07,False
49514d,Portugal,235.61,False
7c6d30,Australia,0.0,True
a6c6c8,United States,224.15,False
7c6d38,Australia,6.17,True
7c6d37,Australia,0.0,True
7c6d36,Australia,0.0,True
a35eb0,United States,199.88,False
c02c3d,Canada,51.91,False
7c6d0c,Australia,102.36,False
a84f5d,United States,26.42,False
a0b846,United States,224.65,False
a0b841,United States,229.38,False
a0b840,United States,271.67,False
a0b849,United States,268.78,False
a0b848,United States,196.95,False
aa8a09,United States,277.78,False
a06884,United States,86.23,False
a05559,United States,198.05,False
a6b3b8,United States,57.33,False
a3f0df,United States,121.71,False
ab8839,United States,57.22,False
a1624e,United States,0.0,True
a53207,United States,191.24,False
a35efa,United States,91.61,False
a1c557,United States,152.6,False
782245,China,245.55,False
a79821,United States,198.03,False
ac3ea3,United States,256.79,False
a35ef7,United States,222.48,False
4006c4,United Kingdom,2.06,True
a1d873,United States,191.23,False
a29551,United States,195.87,False
c03f37,Canada,11.83,True
758584,Philippines,194.1,False
485785,Kingdom of the Netherlands,17.7,False
a5320b,United States,117.14,False
abc504,United States,185.49,False
7c1229,Australia,59.0,False
a29559,United States,66.46,False
a0b889,United States,0.0,True
c8221a,New Zealand,187.28,False
ac3eba,United States,176.16,False
ac950b,United States,224.3,False
a0b88c,United States,202.77,False
a60ef8,United States,130.8,False
a1889a,United States,31.42,False
a29548,United States,33.96,False
a0b88b,United States,8.23,True
a0b88a,United States,196.22,False
a6652b,United States,196.05,False
a23eee,United States,4.63,True
a67805,United States,228.02,False
758560,Philippines,241.58,False
a2e596,United States,84.45,False
a890e5,United States,57.45,False
ac2ba0,United States,201.15,False
151e66,Russian Federation,193.67,False
ab8880,United States,2.06,True
a95c99,United States,6.94,True
a28276,United States,58.93,False
abb205,United States,198.82,False
ad1857,United States,251.42,False
a890c7,United States,122.21,False
ac3ee9,United States,200.93,False
aaa555,United States,248.04,False
3bb9ff,France,0.0,True
484416,Kingdom of the Netherlands,258.82,False
484415,Kingdom of the Netherlands,133.94,False
151e6b,Russian Federation,243.88,False
a28261,United States,45.33,False
ad185a,United States,52.5,False
484410,Kingdom of the Netherlands,255.81,False
484411,Kingdom of the Netherlands,81.87,False
a2d234,United States,211.22,False
ac2bc6,United States,201.83,False
a1c57e,United States,1.03,True
a4cea7,United States,29.25,False
c0817c,Canada,182.75,False
a46bbe,United States,216.27,False
ac821f,United States,73.84,False
4246a2,United Kingdom,262.45,False
c82284,New Zealand,125.73,False
acf83f,United States,63.17,False
aa40e0,United States,144.13,False
a34bdc,United States,2.57,True
ac2bd4,United States,263.95,False
c0816e,Canada,78.75,False
a7d3fe,United States,199.9,False
a83be2,United States,149.7,False
ab73f5,United States,243.73,False
ad03c4,United States,202.69,False
a0b7b8,United States,202.99,False
ab73ee,United States,51.54,False
aa558a,United States,59.16,False
abc3c6,United States,227.92,False
a7c20c,United States,93.35,False
3c6517,Germany,254.97,False
ac3f9c,United States,192.43,False
a6c88e,United States,244.68,False
a187ba,United States,4.63,True
a067b4,United States,229.94,False
a7858e,United States,0.0,True
3c651a,Germany,259.61,False
ab60e3,United States,251.77,False
388601,France,2.31,False
842370,Japan,247.01,False
a7859e,United States,100.11,False
ac80c1,United States,33.1,False
7c6c9c,Australia,189.44,False
7c6c9b,Australia,210.0,False
c02ae3,Canada,185.09,False
e4910b,Brazil,49.59,False
e4910c,Brazil,199.54,False
7c10ed,Australia,94.19,False
abc3ec,United States,190.91,False
151daf,Russian Federation,292.24,False
aa688a,United States,184.84,False
a09d22,United States,203.56,False
0d0d52,Mexico,183.34,False
a317d8,United States,135.28,False
ac2c9c,United States,219.99,False
c03dac,Canada,180.78,False
ae6c5d,United States,55.56,False
a174c8,United States,91.43,False
a437b5,United States,270.19,False
060035,Mauritius,232.38,False
ae6c76,United States,56.65,False
861fa4,Japan,227.08,False
a0b7fa,United States,263.71,False
86d906,Japan,214.05,False
a041bf,United States,32.92,False
a66561,United States,190.5,False
aa553a,United States,225.44,False
a317ba,United States,66.88,False
a91536,United States,215.4,False
aa9bb7,United States,265.89,False
aa9bb8,United States,286.32,False
a66573,United States,221.35,False
a79890,United States,80.25,False
a79898,United States,245.95,False
a7c209,United States,4.63,True
a54595,United States,46.4,False
0d0d86,Mexico,236.27,False
a5325b,United States,251.28,False
acd0ca,United States,178.16,False
aa4200,United States,0.0,True
a08a1a,United States,155.55,False
7c2505,Australia,3.09,True
e49151,Brazil,139.63,False
a0ed34,United States,118.99,False
86d90e,Japan,295.1,False
a1b1af,United States,93.15,False
a677bf,United States,35.97,False
ad18b0,United States,250.14,False
ab88e8,United States,218.62,False
a0da51,United States,54.53,False
a46d47,United States,223.9,False
7c5b79,Australia,253.69,False
aaa5b8,United States,114.09,False
aa55b5,United States,279.37,False
a437da,United States,193.65,False
aaa5ae,United States,191.8,False
a34d63,United States,175.36,False
aaee43,United States,243.66,False
a58d3e,United States,80.42,False
ae139c,United States,131.33,False
aaee3b,United States,211.74,False
ab88ee,United States,246.27,False
ab0e4c,United States,197.6,False
3a3688,France,233.17,False
7584fc,Philippines,242.1,False
a71d34,United States,143.7,False
a8e279,United States,296.74,False
a1c4d9,United States,34.2,False
400978,United Kingdom,102.11,False
a34d52,United States,0.0,True
a0b7fd,United States,264.42,False
a0b7fb,United States,90.54,False
a46d26,United States,228.78,False
ac1b21,United States,158.69,False
0d0d41,Mexico,227.57,False
0d0d40,Mexico,76.61,False
aaa5d4,United States,206.79,False
a304b2,United States,0.0,True
abc5b8,United States,226.87,False
a46d19,United States,46.72,False
acc09f,United States,56.63,False
a437c0,United States,191.88,False
ace5b6,United States,202.88,False
aaa5e2,United States,45.1,False
ab75f9,United States,33.85,False
a411d3,United States,205.47,False
ac1b44,United States,208.39,False
a11fa1,United States,261.5,False
a11fa3,United States,208.65,False
a0692d,United States,46.13,False
ad3b27,United States,42.12,False
a8e262,United States,133.24,False
a34d98,United States,144.05,False
a0b914,United States,60.23,False
ac82c7,United States,275.67,False
abfb46,United States,95.79,False
a2d1c6,United States,227.71,False
a557c3,United States,207.08,False
a1b1bc,United States,183.12,False
a4bd24,United States,108.04,False
ab62f8,United States,218.43,False
408011,United Kingdom,208.07,False
a46d4e,United States,236.64,False
a22d9f,United States,243.13,False
a0da7a,United States,259.3,False
a46d4a,United States,234.03,False
ace5bd,United States,7.2,True
ace5bb,United States,178.59,False
aa305b,United States,47.37,False
a17623,United States,58.95,False
a23fb9,United States,115.14,False
ae2669,United States,3.6,True
a23fb2,United States,8.75,True
a70a67,United States,47.04,False
a7d4e5,United States,48.57,False
ae2660,United States,29.12,False
a891b7,United States,29.77,False
a82a44,United States,259.24,False
a09cad,United States,282.28,False
ab5056,United States,260.71,False
758637,Philippines,51.41,False
a18969,United States,37.73,False
0d0bff,Mexico,194.74,False
758650,Philippines,226.39,False
abc693,United States,133.77,False
ab6394,United States,201.76,False
440d70,Austria,0.0,True
758649,Philippines,76.65,False
ad9039,United States,177.44,False
a70a86,United States,46.04,False
a45a83,United States,33.96,False
acd363,United States,47.56,False
151e2c,Russian Federation,239.05,False
a5ca89,United States,80.82,False
75860f,Philippines,234.09,False
ac7049,United States,59.6,False
aa42df,United States,0.0,True
a05627,United States,254.32,False
a05626,United States,130.16,False
ae2678,United States,51.44,False
a95d52,United States,203.01,False
86d9fc,Japan,280.5,False
a9ad36,United States,260.99,False
ae6cf2,United States,211.98,False
151e31,Russian Federation,212.2,False
a82a58,United States,42.15,False
758629,Philippines,54.3,False
758628,Philippines,74.81,False
440d93,Austria,247.79,False
a45a69,United States,42.23,False
ac7074,United States,6.17,True
aa55ee,United States,237.2,False
a0434a,United States,58.89,False
c01a05,Canada,173.21,False
a1500a,United States,204.78,False
acc040,United States,182.94,False
aa8b40,United States,212.79,False
a03038,United States,226.98,False
49526a,Portugal,190.49,False
49526b,Portugal,248.86,False
495276,Portugal,199.01,False
a83d29,United States,36.64,False
0d0bce,Mexico,221.76,False
a5ca46,United States,56.6,False
aa42aa,United States,150.6,False
a05669,United States,241.62,False
a771af,United States,141.57,False
a1762d,United States,30.6,False
86d9d2,Japan,234.56,False
a35fc2,United States,252.38,False
a6a1b4,United States,248.3,False
a1897c,United States,239.07,False
a0433b,United States,0.0,True
a39017,United States,204.71,False
781028,China,239.81,False
a5330d,United States,59.73,False
a67969,United States,52.0,False
ab1fd9,United States,40.13,False
4007fa,United Kingdom,1.03,False
a3900e,United States,253.69,False
4007ed,United Kingdom,147.79,False
4007ec,United Kingdom,261.76,False
aa9ca8,United States,171.11,False
a66647,United States,51.84,False
a1d99b,United States,298.38,False
78235f,China,237.12,False
a0439b,United States,117.3,False
4007f1,United Kingdom,247.14,False
4007f0,United Kingdom,210.87,False
a47fde,United States,142.78,False
a7e93d,United States,51.25,False
7c6ce2,Australia,247.25,False
151d8b,Russian Federation,4.12,False
ab6316,United States,142.02,False
4baac7,Turkey,244.34,False
aaffcd,United States,273.1,False
aa6943,United States,83.78,False
0d0ba2,Mexico,209.31,False
a7e941,United States,270.08,False
a2f95c,United States,198.16,False
a29661,United States,50.12,False
ab764a,United States,37.25,False
a6c94f,United States,55.34,False
a30657,United States,251.58,False
ac2cb2,United States,271.08,False
ab1ffe,United States,233.08,False
a35ff9,United States,34.66,False
a54684,United States,120.37,False
48455e,Kingdom of the Netherlands,285.59,False
ab5002,United States,247.6,False
ab6339,United States,175.99,False
abc649,United States,200.08,False
a82a7f,United States,63.23,False
ad5fe7,United States,181.79,False
7c0077,Australia,34.82,False
abd971,United States,171.01,False
a39052,United States,176.97,False
a8e1cc,United States,214.53,False
a3904c,United States,177.08,False
aaa668,United States,253.56,False
ad5ff1,United States,254.55,False
ace60c,United States,211.98,False
a67931,United States,36.62,False
adafb5,United States,233.0,False
85db54,Japan,279.11,False
a40027,United States,145.31,False
a901fe,United States,84.24,False
a3afe8,United States,135.6,False
aab99f,United States,64.31,False
ad1986,United States,188.89,False
acd329,United States,33.99,False
781092,China,83.97,False
a3aff0,United States,66.54,False
a95d97,United States,141.14,False
ab635d,United States,202.92,False
a46ce1,United States,289.38,False
a3901d,United States,0.06,True
a6ea9b,United States,9.77,True
ae5a20,United States,0.0,True
a95cde,United States,0.06,True
a7602b,United States,74.94,False
abb1c2,United States,147.27,False
a08b20,United States,128.76,False
a22e18,United States,141.59,False
a7d673,United States,186.49,False
7c391d,Australia,124.29,False
440bca,Austria,177.2,False
a6a358,United States,67.08,False
440bcc,Austria,6.69,True
a3e07a,United States,290.87,False
a89344,United States,43.55,False
ac81cc,United States,220.95,False
7585d7,Philippines,43.97,False
7585d6,Philippines,48.57,False
4ca9ba,Ireland,256.46,False
a7d665,United States,0.0,True
c08268,Canada,133.61,False
a6a382,United States,267.45,False
a3e08d,United States,206.74,False
c08260,Canada,223.14,False
0d0c8f,Mexico,186.54,False
7585a0,Philippines,122.23,False
a9034c,United States,13.38,True
aa568f,United States,225.89,False
a9acb8,United States,209.63,False
abb1de,United States,208.29,False
a10e23,United States,183.2,False
0d0c9b,Mexico,243.28,False
a188ba,United States,94.96,False
abfa81,United States,50.85,False
ab890a,United States,267.61,False
ad3a5f,United States,180.16,False
aa699a,United States,105.61,False
a318ea,United States,138.01,False
a7d630,United States,206.17,False
a53369,United States,1.03,True
7c7fe2,Australia,60.94,False
a295c9,United States,69.94,False
a5dcde,United States,173.71,False
a438c3,United States,158.96,False
7c7fdf,Australia,64.84,False
aab922,United States,147.06,False
a91616,United States,191.96,False
a64037,United States,35.68,False
a89339,United States,61.7,False
7c7fd4,Australia,28.8,False
781002,China,265.74,False
440bbe,Austria,10.8,True
a66695,United States,187.99,False
adf1f7,United States,79.86,False
7c6ca6,Australia,0.26,True
a175d3,United States,49.95,False
a6a33f,United States,201.4,False
440bc3,Austria,241.07,False
a042ae,United States,69.89,False
440bc6,Austria,207.78,False
440bc9,Austria,130.18,False
a4008e,United States,184.54,False
ad3a7f,United States,278.16,False
ab7613,United States,269.21,False
7c7fba,Australia,48.37,False
ab1fbb,United States,209.75,False
a95ca4,United States,168.77,False
a042d5,United States,2.83,True
a8e6ab,United States,41.85,False
c08887,Canada,167.08,False
a5cf89,United States,50.93,False
a5cf82,United States,203.64,False
a6a6f6,United States,189.68,False
a260ed,United States,0.0,True
123456,Russian Federation,24.7,False
4841c3,Kingdom of the Netherlands,232.97,False
a883a7,United States,172.53,False
aa34f7,United States,47.49,False
e4988f,Brazil,75.19,False
440a8d,Austria,230.77,False
a6dc36,United States,3.34,True
ac74f9,United States,0.45,True
a883bd,United States,6.43,True
a403df,United States,280.08,False
a896ed,United States,47.43,False
ac61bc,United States,296.63,False
a45f8e,United States,0.19,True
4bab2c,Turkey,199.22,False
a3d0f5,United States,4.89,True
aacd96,United States,250.76,False
c00bf7,Canada,170.57,False
a5cf8b,United States,130.9,False
a0480b,United States,157.38,False
a7c6e0,United States,46.28,False
84bd16,Japan,196.41,False
a3d0fe,United States,59.63,False
400685,United Kingdom,93.63,False
a5cf41,United States,288.66,False
a523b1,United States,178.43,False
a656bf,United States,46.27,False
a69f49,United States,73.66,False
ad81cf,United States,48.35,False
a523ab,United States,0.0,True
aa6a06,United States,203.77,False
aa7d36,United States,171.93,False
400666,United Kingdom,56.11,False
400664,United Kingdom,204.9,False
a5cf3c,United States,209.42,False
ad1a4e,United States,188.1,False
c82834,New Zealand,246.09,False
a6a6ba,United States,67.44,False
c82836,New Zealand,129.35,False
c08864,Canada,212.17,False
aaba8e,United States,57.77,False
c08862,Canada,231.83,False
acb1e5,United States,0.77,True
aa7d25,United States,70.63,False
7585e8,Philippines,170.91,False
c01ed0,Canada,189.31,False
c08851,Canada,73.87,False
7585ea,Philippines,255.84,False
c01ebb,Canada,209.34,False
7585f8,Philippines,182.24,False
a8f9a3,United States,129.16,False
c00ba7,Canada,1.29,True
aa8fae,United States,173.17,False
acb285,United States,199.03,False
a65827,United States,47.03,False
acb27c,United States,189.86,False
a1eba6,United States,31.67,False
758774,Philippines,210.64,False
a3e525,United States,186.46,False
70c148,Oman,229.84,False
a3950c,United States,52.1,False
a07bfa,United States,49.14,False
75875e,Philippines,231.46,False
acc59d,United States,252.73,False
70c13c,Oman,199.81,False
758769,Philippines,0.77,True
a57ed1,United States,147.13,False
a3d207,United States,46.31,False
c82871,New Zealand,88.09,False
a28860,United States,48.91,False
a1fed3,United States,8.23,False
a9f3ba,United States,49.59,False
a0cbc0,United States,37.59,False
a3e542,United States,165.96,False
ac0d14,United States,55.92,False
a03574,United States,204.15,False
a8c0d2,United States,217.17,False
a32bf3,United States,238.17,False
e49849,Brazil,226.73,False
c060bb,Canada,224.69,False
c060ba,Canada,183.51,False
70c10e,Oman,10.8,True
a2b234,United States,184.7,False
70c10a,Oman,223.57,False
7c6f84,Australia,123.48,False
70c106,Oman,246.3,False
c073db,Canada,233.88,False
e4851a,Brazil,0.0,True
a1427f,United States,189.83,False
e4851b,Brazil,190.78,False
c060c9,Canada,222.97,False
a2b223,United States,198.68,False
4baac1,Turkey,245.96,False
c060c4,Canada,140.57,False
c060c7,Canada,241.76,False
a1a56d,United States,9.77,True
c060c6,Canada,244.92,False
c060c2,Canada,224.74,False
7822ab,China,193.82,False
7c39fa,Australia,160.23,False
aacd50,United States,166.07,False
a8e6e2,United States,135.4,False
a38211,United States,210.68,False
a33eda,United States,1.54,True
a7b3f4,United States,50.07,False
a20bf5,United States,54.11,False
a8e6f7,United States,48.38,False
ab41b6,United States,59.16,False
a4051e,United States,5.92,True
aaba1b,United States,229.01,False
a8e6f2,United States,204.47,False
a64578,United States,278.34,False
a5124c,United States,238.11,False
acd866,United States,211.98,False
ac6213,United States,56.0,False
ac0bc4,United States,198.27,False
781153,China,215.22,False
acd83d,United States,71.65,False
7c1476,Australia,0.0,True
7c1470,Australia,213.62,False
7c013d,Australia,42.18,False
a7b520,United States,4.63,True
ac0bde,United States,211.71,False
ad2bbe,United States,146.11,False
7c1465,Australia,224.12,False
a7fbbb,United States,233.35,False
ac6243,United States,120.7,False
c060b8,Canada,189.03,False
7c1468,Australia,259.5,False
7c1469,Australia,248.1,False
7c0139,Australia,30.39,False
48420a,Kingdom of the Netherlands,7.46,True
a90879,United States,95.48,False
a2c56d,United States,130.67,False
a5127c,United States,207.02,False
77044c,Sri Lanka,228.99,False
ad953c,United States,130.75,False
4ca97b,Ireland,98.77,False
a9085d,United States,198.16,False
a8986e,United States,57.01,False
7c6deb,Australia,0.0,False
abebe0,United States,186.98,False
7c6ded,Australia,155.24,False
a7fbb3,United States,0.0,True
ac0bfb,United States,0.0,True
acd88e,United States,219.93,False
a20d0e,United States,0.0,True
a047eb,United States,0.0,True
aba56f,United States,38.2,False
ac7589,United States,46.27,False
a69ebc,United States,37.05,False
a3f891,United States,89.51,False
a3e567,United States,180.31,False
a034d4,United States,59.99,False
c01f28,Canada,257.56,False
a07d59,United States,265.42,False
ade543,United States,185.34,False
a57eec,United States,39.24,False
a5387d,United States,47.85,False
c827a3,New Zealand,241.71,False
a0cd30,United States,37.78,False
a2b29c,United States,60.51,False
c01f1e,Canada,0.9,True
ad8269,United States,81.22,False
c086bd,Canada,41.47,False
a047d8,United States,53.38,False
a6dba6,United States,68.94,False
a6eed5,United States,227.92,False
a7c849,United States,0.0,True
ac6289,United States,217.18,False
a76546,United States,132.58,False
ade55c,United States,59.3,False
758798,Philippines,208.41,False
a06a09,United States,220.64,False
7c0163,Australia,221.4,False
a047db,United States,10.29,True
a6587b,United States,1.03,True
a261a3,United States,36.53,False
88084f,Thailand,220.7,False
c06189,Canada,0.0,True
88084c,Thailand,170.02,False
c06183,Canada,116.71,False
a20d4b,United States,39.86,False
880857,Thailand,235.88,False
abec9b,United States,221.66,False
a1b7df,United States,99.84,False
84bbdf,Japan,95.02,False
a657ae,United States,53.78,False
a394a7,United States,91.5,False
a657ac,United States,43.07,False
880845,Thailand,223.63,False
c0616c,Canada,255.37,False
a68d02,United States,300.16,False
a1b7cd,United States,121.2,False
a777b8,United States,224.81,False
a99262,United States,218.71,False
a06a46,United States,112.43,False
7609f0,Pakistan,242.96,False
c0619b,Canada,1.8,True
a524c5,United States,188.26,False
7586ce,Philippines,248.73,False
7586ca,Philippines,202.67,False
c06196,Canada,231.58,False
7586d7,Philippines,239.52,False
a56d52,United States,61.74,False
7586d0,Philippines,6.94,True
a06a54,United States,272.22,False
a537ed,United States,2.57,True
7c6de2,Australia,227.27,False
7c6de9,Australia,245.54,False
7c6de8,Australia,224.23,False
7c6de7,Australia,12.35,True
7c6de6,Australia,239.67,False
7c6de5,Australia,84.15,False
7c6de3,Australia,165.9,False
aadead,United States,55.82,False
a31a56,United States,2.06,True
7609d6,Pakistan,258.7,False
7609d5,Pakistan,199.39,False
7586a0,Philippines,239.34,False
7c6ddc,Australia,231.73,False
7c6ddb,Australia,165.9,False
4bab24,Turkey,247.88,False
a417fe,United States,267.87,False
7c6dd9,Australia,79.11,False
7c6dd6,Australia,238.73,False
a9f54b,United States,258.65,False
4bab2a,Turkey,232.88,False
7c0106,Australia,97.85,False
ae1830,United States,0.51,False
a6329d,United States,318.65,False
a44d3f,United States,211.6,False
a99221,United States,29.05,False
a9f528,United States,254.39,False
ab686f,United States,77.68,False
ac0ba7,United States,238.44,False
c06156,Canada,207.93,False
781134,China,239.29,False
84bbbd,Japan,168.24,False
a31a29,United States,50.2,False
a1ed4e,United States,125.22,False
7c6db7,Australia,1.54,True
7c6db6,Australia,149.42,False
7c6db5,Australia,170.28,False
7c6db4,Australia,124.85,False
7c6db1,Australia,6.94,True
7c6db0,Australia,231.37,False
ac6204,United States,0.0,True
c0614d,Canada,0.0,True
7c6db9,Australia,223.91,False
7c6db8,Australia,237.99,False
acd838,United States,186.75,False
c00cf5,Canada,90.96,False
a0360e,United States,86.95,False
abdb2f,United States,3.09,True
ab42e6,United States,52.48,False
a28928,United States,186.93,False
4baa48,Turkey,0.51,False
4baa49,Turkey,0.0,False
c812e3,New Zealand,44.64,False
a31a7b,United States,267.58,False
a8d4ad,United States,6.43,True
4baa54,Turkey,42.81,False
a21fa1,United States,199.13,False
ac62cc,United States,80.25,False
a897e4,United States,157.47,False
a884b6,United States,249.88,False
ac75ee,United States,275.6,False
e49770,Brazil,224.93,False
aa7e99,United States,92.03,False
a8e7f0,United States,68.79,False
a5aa3a,United States,192.86,False
a8e7f1,United States,65.71,False
a4f1e5,United States,177.77,False
7c4a4a,Australia,242.52,False
c06365,Canada,11.83,True
c06366,Canada,186.41,False
c06360,Canada,167.76,False
aa7e7d,United States,277.99,False
a31a76,United States,0.06,True
aa7e7c,United States,174.71,False
aa7e7b,United States,171.09,False
aa7e7a,United States,258.77,False
3df746,Germany,32.87,False
7cad65,Australia,1.03,False
a28904,United States,111.12,False
c0635b,Canada,173.95,False
a44d85,United States,242.72,False
7c01e7,Australia,162.98,False
c06357,Canada,158.5,False
a67a86,United States,34.65,False
a0492e,United States,85.19,False
7cad4a,Australia,232.09,False
aa7e79,United States,6.69,True
c07681,Canada,65.79,False
7c01bc,Australia,60.6,False
a5aa78,United States,187.71,False
ab8b8c,United States,155.97,False
a1690c,United States,146.63,False
ac62f3,United States,279.4,False
7c4a56,Australia,233.21,False
7c4a55,Australia,234.29,False
abdb88,United States,175.16,False
add2bc,United States,31.9,False
a1a626,United States,76.3,False
a6a7d6,United States,49.56,False
aa35e1,United States,265.69,False
ae4e99,United States,62.58,False
a0232a,United States,256.26,False
add2ad,United States,193.13,False
a2760f,United States,73.57,False
70c0fd,Oman,270.13,False
4baa92,Turkey,209.95,False
3a348e,France,256.64,False
add2b6,United States,104.71,False
add2b5,United States,199.16,False
a657f4,United States,230.1,False
a657f0,United States,35.63,False
a777bf,United States,219.7,False
a0100a,United States,241.42,False
3a3493,France,230.3,False
a2892c,United States,122.59,False
4baa63,Turkey,244.75,False
7586fa,Philippines,105.92,False
abdb8f,United States,38.81,False
aa7e2e,United States,5.66,True
a6a7cf,United States,143.15,False
aa7e36,United States,220.92,False
c01ff1,Canada,51.51,False
400773,United Kingdom,251.1,False
ae4e8d,United States,111.83,False
4baa6c,Turkey,231.58,False
a3d302,United States,204.13,False
ab9e13,United States,68.01,False
a89915,United States,197.64,False
a5cfa5,United States,4.89,True
3df79c,Germany,53.79,False
a0103b,United States,309.6,False
add376,United States,285.52,False
c82744,New Zealand,0.0,True
c81415,New Zealand,132.79,False
a3962d,United States,233.19,False
a2c635,United States,8.75,True
a80a97,United States,157.94,False
c82757,New Zealand,220.76,False
a5130a,United States,205.05,False
a0ccbc,United States,62.63,False
a26315,United States,41.03,False
aace25,United States,59.48,False
a68ca7,United States,86.95,False
a69fd7,United States,253.17,False
a1a63d,United States,259.75,False
a1fff2,United States,265.36,False
845b9c,Japan,118.46,False
a6594f,United States,253.83,False
ab68dd,United States,211.88,False
a1433a,United States,292.33,False
a26325,United States,0.0,True
abb8c4,United States,196.54,False
4ca907,Ireland,235.3,False
a01037,United States,188.44,False
c07607,Canada,68.69,False
a2b34b,United States,166.11,False
a37032,United States,181.24,False
c00d9d,Canada,61.96,False
7cad47,Australia,7.72,True
7cad45,Australia,229.44,False
7cad49,Australia,134.86,False
4258ee,United Kingdom,16.46,True
a871d4,United States,71.3,False
7cad42,Australia,0.0,True
a3f91e,United States,198.97,False
88808b,Viet Nam,0.0,True
a8d4f6,United States,189.28,False
88808a,Viet Nam,216.81,False
ad2e37,United States,37.64,False
a1a697,United States,257.26,False
888097,Viet Nam,254.16,False
a1ecfd,United States,210.07,False
a7ea41,United States,59.37,False
7cad1c,Australia,143.17,False
a44cca,United States,125.11,False
c8276c,New Zealand,93.91,False
3a46ad,France,141.88,False
48436a,Kingdom of the Netherlands,257.6,False
0b4242,Guatemala,46.25,False
7cad26,Australia,55.82,False
a6ca7f,United States,139.24,False
48436c,Kingdom of the Netherlands,118.61,False
7c4a25,Australia,2.83,True
a1a692,United States,46.71,False
7c4a26,Australia,2.57,True
a8d4d2,United States,251.9,False
758814,Philippines,160.86,False
7c14d0,Australia,58.49,False
a9f4c6,United States,70.39,False
ad2e57,United States,57.97,False
ab8b56,United States,284.69,False
7c5d2c,Australia,141.52,False
acc5a5,United States,274.8,False
a3965c,United States,223.87,False
7810c6,China,139.8,False
a14380,United States,220.67,False
add303,United States,227.12,False
a168ad,United States,209.19,False
aba64a,United States,41.56,False
4005c0,United Kingdom,275.96,False
a75359,United States,213.86,False
ac633f,United States,101.58,False
ac899f,United States,57.53,False
46f00d,Greece,3.86,True
77058d,Sri Lanka,245.63,False
77058f,Sri Lanka,276.07,False
7c5bfc,Australia,5.66,True
a8996b,United States,181.94,False
ac0cf8,United States,183.38,False
781284,China,4.12,False
ab3041,United States,0.0,True
ac899c,United States,37.98,False
c00d7d,Canada,124.99,False
c074ef,Canada,191.81,False
770593,Sri Lanka,213.51,False
aa3681,United States,47.95,False
46f016,Greece,1.03,True
46f017,Greece,1.03,True
ab4383,United States,3.09,True
a44cfd,United States,108.79,False
a6338b,United States,120.4,False
a168a8,United States,54.55,False
a7668a,United States,159.71,False
7c023d,Australia,0.0,True
a288e4,United States,191.4,False
a89953,United States,255.81,False
a07e5e,United States,47.89,False
a88626,United States,30.19,False
a418b2,United States,207.05,False
a20e38,United States,198.25,False
e495fa,Brazil,228.53,False
a022c4,United States,207.2,False
ad7028,United States,132.53,False
a19e61,United States,193.93,False
ac5066,United States,225.84,False
a19e68,United States,189.89,False
aa3646,United States,203.9,False
aa4978,United States,62.9,False
71e282,Republic of Korea,42.8,False
867904,Japan,5.92,True
a06b0b,United States,209.73,False
e84070,Ecuador,229.23,False
a1b8c4,United States,188.41,False
aca02f,United States,72.66,False
a5bcda,United States,283.36,False
ade66f,United States,184.42,False
4005bf,United Kingdom,266.66,False
4005be,United Kingdom,235.21,False
4005bd,United Kingdom,267.75,False
7587fb,Philippines,0.77,True
7587fa,Philippines,254.48,False
0d09f0,Mexico,49.91,False
a262af,United States,69.97,False
a8c397,United States,0.0,True
0d09f7,Mexico,249.44,False
a262ae,United States,233.11,False
a262ad,United States,123.74,False
a395e5,United States,177.86,False
aadfa8,United States,213.39,False
aadfa3,United States,30.94,False
a262d4,United States,201.6,False
a3e5ba,United States,190.11,False
a1a5cf,United States,193.26,False
aa7e16,United States,12.86,True
a2fb16,United States,224.43,False
a18b71,United States,192.41,False
a9e391,United States,211.49,False
a3d2a5,United States,24.83,False
a645a8,United States,278.04,False
add1ca,United States,198.82,False
a418e0,United States,115.24,False
ac892f,United States,35.94,False
ac892e,United States,86.43,False
abb930,United States,178.37,False
a1a5d6,United States,193.47,False
a67b07,United States,2.06,True
a645b4,United States,145.31,False
a81e07,United States,67.69,False
a31b08,United States,250.21,False
a6de16,United States,45.84,False
ab4318,United States,54.79,False
ab5648,United States,302.12,False
a2b2da,United States,73.95,False
7c5bc4,Australia,2.57,True
a98046,United States,55.24,False
abb94f,United States,198.19,False
a2b2d1,United States,39.26,False
0d09be,Mexico,37.04,True
ac763e,United States,120.38,False
ab3007,United States,271.38,False
76d253,Singapore,242.58,False
76d256,Singapore,213.07,False
a32e86,United States,206.84,False
acd964,United States,201.92,False
152a55,Russian Federation,226.6,False
ad3fd9,United States,178.67,False
a2c5dd,United States,141.33,False
a62092,United States,42.2,False
43c94b,United Kingdom,27.15,False
a8c32a,United States,188.16,False
ad9642,United States,197.82,False
a382b6,United States,190.03,False
86796c,Japan,188.06,False
a44e59,United States,301.06,False
ac8985,United States,131.7,False
a2fb32,United States,181.99,False
a9e329,United States,45.95,False
a1ea70,United States,225.15,False
ad3e36,United States,177.95,False
c01cae,Canada,237.65,False
7811f8,China,222.74,False
e49641,Brazil,209.38,False
c02ff6,Canada,163.71,False
a44a48,United States,0.9,True
abb5bf,United States,226.0,False
5084a6,Ukraine,206.84,False
a7d7b5,United States,273.65,False
ab9b49,United States,266.96,False
ace8c9,United States,34.08,False
a414e8,United States,83.55,False
a0a900,United States,6.43,True
a271f1,United States,44.56,False
abfe45,United States,290.27,False
a82d14,United States,205.23,False
c01cb7,Canada,1.8,True
c02fe7,Canada,0.9,True
a6b7ec,United States,185.83,False
abeb31,United States,217.72,False
c07334,Canada,64.93,False
a2c1b6,United States,174.86,False
a56a56,United States,241.8,False
5084d1,Ukraine,264.02,False
aade76,United States,221.46,False
a6ed3b,United States,179.16,False
a271e4,United States,36.82,False
a641bf,United States,194.32,False
ac85f8,United States,87.28,False
49d5d6,Czech Republic,0.06,True
abb5e9,United States,289.66,False
acd5ad,United States,216.0,False
a0ca73,United States,230.02,False
aa45c1,United States,87.17,False
abb5e6,United States,187.48,False
a4ad24,United States,256.96,False
abb5ea,United States,1.03,True
a8829b,United States,79.27,False
a30925,United States,70.63,False
abeb48,United States,40.14,False
c02fb8,Canada,0.51,True
ac0b61,United States,189.2,False
a0595d,United States,49.23,False
a04641,United States,262.91,False
ad3e82,United States,54.91,False
ac72e4,United States,176.49,False
a3f4bd,United States,47.37,False
888168,Viet Nam,133.56,False
c08620,Canada,5.4,True
a3f4d7,United States,184.53,False
a57d52,United States,199.92,False
ae4b57,United States,62.16,False
a69d23,United States,43.07,False
ac0b80,United States,240.37,False
aa209c,United States,30.35,False
888155,Viet Nam,195.28,False
a57d55,United States,57.53,False
a0a91e,United States,260.11,False
a667e8,United States,266.32,False
43c5eb,United Kingdom,62.07,False
a68a04,United States,132.38,False
a81a73,United States,49.8,False
c00a99,Canada,101.81,False
abb69e,United States,65.92,False
a30961,United States,6.17,True
7cae0d,Australia,128.78,False
ad935b,United States,219.65,False
86ec40,Japan,290.09,False
4ca808,Ireland,214.02,False
ab4090,United States,158.56,False
7c15c0,Australia,0.0,False
acd68a,United States,113.67,False
a58fb6,United States,63.45,False
a3f621,United States,210.02,False
a0330a,United States,158.64,False
7cae08,Australia,228.66,False
7c5e26,Australia,86.86,False
7cae06,Australia,0.0,True
7cae04,Australia,239.89,False
a8e4e9,United States,0.51,True
a10fe8,United States,200.29,False
7c5e1e,Australia,1.03,True
7cf07b,Australia,0.0,True
a1b609,United States,45.56,False
7811a7,China,237.01,False
a6692d,United States,212.85,False
a81a81,United States,5.4,True
a04669,United States,160.32,False
a4bfc7,United States,227.55,False
a54963,United States,140.85,False
a761c8,United States,81.82,False
a1b674,United States,42.48,False
a7fa26,United States,0.0,True
4ca82b,Ireland,238.25,False
a16692,United States,273.94,False
ac608e,United States,247.85,False
a39338,United States,218.75,False
a6ed61,United States,217.37,False
a1c997,United States,183.34,False
a40318,United States,196.93,False
a2e96b,United States,198.21,False
aaa8d0,United States,131.92,False
a641f1,United States,209.73,False
a03398,United States,154.94,False
a7d7f3,United States,62.4,False
ac98ac,United States,0.0,True
a26025,United States,204.95,False
a4ad9f,United States,69.94,False
ac1e0d,United States,220.96,False
a0205c,United States,81.41,False
a16679,United States,72.14,False
a1c982,United States,125.17,False
70605a,Kuwait,11.32,True
485345,Kingdom of the Netherlands,285.43,False
c00a68,Canada,73.45,False
a68a81,United States,217.11,False
a04695,United States,0.9,True
a904e6,United States,41.95,False
7811d7,China,204.66,False
a16670,United States,52.02,False
ae5e03,United States,194.12,False
4ca810,Ireland,252.86,False
a14010,United States,0.0,True
abfe12,United States,105.91,False
7c02a5,Australia,89.99,False
a1c971,United States,0.0,False
a29980,United States,2.83,True
abfe1c,United States,159.58,False
ac1e49,United States,43.58,False
abb5a5,United States,72.37,False
ad08bd,United States,214.04,False
a27326,United States,169.42,False
a1fcc5,United States,254.29,False
a34fe6,United States,212.95,False
abb5a1,United States,177.54,False
abb5a3,United States,198.63,False
aaa96f,United States,153.78,False
ac1cad,United States,72.24,False
e494b4,Brazil,226.48,False
4bcdf6,Turkey,218.02,False
a4ace0,United States,97.38,False
7335b4,Islamic Republic of Iran,218.26,False
a8e60e,United States,65.34,False
4bcdf2,Turkey,214.58,False
a2c35a,United States,208.29,False
846dc8,Japan,185.05,False
394c09,France,184.15,False
a3e369,United States,246.9,False
4bcded,Turkey,221.22,False
ac2fea,United States,206.56,False
a3d039,United States,148.71,False
abfcb6,United States,98.76,False
a77645,United States,194.37,False
ac7316,United States,60.7,False
a95fe6,United States,46.99,False
a2d681,United States,56.2,False
ab400f,United States,0.0,True
a2869c,United States,235.15,False
a0339f,United States,189.95,False
abc96f,United States,233.67,False
aa9fe4,United States,88.49,False
ac1cde,United States,120.81,False
a1a356,United States,44.5,False
a28695,United States,37.57,False
4bcde3,Turkey,242.92,False
7335a7,Islamic Republic of Iran,228.0,False
c00a0d,Canada,213.06,False
7cacd8,Australia,186.71,False
c00a0b,Canada,0.0,True
a38019,United States,88.52,False
780092,China,212.31,False
abfcda,United States,114.48,False
86eb72,Japan,163.94,False
aa594a,United States,142.1,False
a08e2c,United States,1.15,False
a2608a,United States,32.48,False
a2b081,United States,202.46,False
e494f7,Brazil,237.11,False
ab402b,United States,58.77,False
a26093,United States,0.0,True
a6a607,United States,62.67,False
a78945,United States,247.47,False
ac733b,United States,207.75,False
ace96d,United States,228.52,False
ace96c,United States,153.9,False
e481d6,Brazil,162.84,False
ab5383,United States,106.21,False
a4acbd,United States,229.12,False
3b9b20,France,43.32,False
a69cb1,United States,45.27,False
a4acc6,United States,71.51,False
e494bb,Brazil,210.69,False
a3f671,United States,47.18,False
adf658,United States,144.61,False
a1409a,United States,182.37,False
a178ae,United States,172.8,False
ab538b,United States,238.01,False
a5232b,United States,137.0,False
acd675,United States,151.21,False
a3d021,United States,67.91,False
a032c5,United States,73.05,False
a07b3e,United States,186.74,False
abfd8c,United States,194.56,False
a08e82,United States,268.13,False
e48275,Brazil,77.82,False
a88380,United States,5.66,True
a308d9,United States,28.85,False
adf4e3,United States,38.71,False
a99054,United States,114.86,False
a178de,United States,201.48,False
a1c8bd,United States,119.2,False
aaa90c,United States,225.71,False
ae01f0,United States,120.51,False
abc907,United States,47.03,False
a5ce02,United States,218.93,False
acc1eb,United States,211.05,False
a08e60,United States,13.9,False
aaa929,United States,176.68,False
a0de31,United States,0.0,True
4851f7,Kingdom of the Netherlands,128.76,False
abc912,United States,45.12,False
491d86,Portugal,5.66,True
a33e08,United States,122.15,False
a8c028,United States,221.73,False
a4ae37,United States,188.38,False
a0a8de,United States,170.1,False
78132a,China,221.98,False
781347,China,246.42,False
4ca6a6,Ireland,216.08,False
c08564,Canada,0.0,True
a95ffb,United States,203.04,False
a0cb68,United States,189.09,False
a0de99,United States,95.04,False
a19b77,United States,7.0,False
c08561,Canada,76.79,False
c01bde,Canada,255.16,False
a5238e,United States,129.85,False
4851ae,Kingdom of the Netherlands,262.33,False
a6a66f,United States,53.38,False
a77687,United States,66.8,False
781360,China,246.86,False
aaa954,United States,196.49,False
a272b8,United States,156.79,False
abc948,United States,244.53,False
a5106e,United States,258.56,False
7cacb1,Australia,252.19,False
ac2fc3,United States,287.04,False
a4f05d,United States,157.16,False
ae2913,United States,58.93,False
a1eb0f,United States,36.61,False
c08574,Canada,0.0,True
a45e1c,United States,50.56,False
c07243,Canada,58.28,False
abb624,United States,201.66,False
a1a2a2,United States,203.42,False
e49528,Brazil,76.04,False
ac0c41,United States,112.15,False
85cd04,Japan,140.45,False
a5bb1e,United States,1.03,True
abec26,United States,167.72,False
4853d2,Kingdom of the Netherlands,8.23,True
a6db26,United States,57.22,False
e49523,Brazil,228.03,False
a69e69,United States,48.38,False
e49526,Brazil,33.95,True
706130,Kuwait,225.29,False
a69e6f,United States,55.92,False
e4952b,Brazil,143.77,False
a7d8d1,United States,56.27,False
ab53e4,United States,141.12,False
c01dcb,Canada,242.14,False
a6ee47,United States,75.05,False
acc3b4,United States,184.34,False
a642cd,United States,0.0,True
ac0c64,United States,299.2,False
a70e7a,United States,122.2,False
7cf0b6,Australia,2.06,True
4bce47,Turkey,234.17,False
ac73d5,United States,51.55,False
a68b71,United States,59.09,False
c07444,Canada,138.4,False
a1a2e0,United States,155.14,False
aa46cb,United States,191.06,False
abec4d,United States,137.83,False
a6ee69,United States,31.08,False
a69e98,United States,1.8,True
abff87,United States,264.94,False
ab40ce,United States,193.26,False
a82e57,United States,1.29,True
a5ce25,United States,5.14,True
a7a092,United States,43.46,False
a788c6,United States,119.98,False
a03423,United States,287.13,False
a08dbd,United States,40.67,False
ad2c4f,United States,184.63,False
a6b8af,United States,271.05,False
a548ec,United States,176.07,False
3a4593,France,126.89,False
ab40f0,United States,0.0,True
a9e071,United States,34.97,False
e4956f,Brazil,234.23,False
abec6c,United States,171.4,False
7c1832,Australia,221.29,False
a5bb17,United States,183.92,False
e4953d,Brazil,202.75,False
a535e4,United States,61.85,False
a5ce40,United States,232.01,False
a522b3,United States,72.76,False
845d1c,Japan,95.39,False
a668f1,United States,64.77,False
a788d3,United States,235.0,False
ab6800,United States,177.57,False
a2c2ef,United States,11.84,False
a4ae5d,United States,61.64,False
a3e2d9,United States,203.68,False
78140f,China,56.62,False
c00b9c,Canada,192.34,False
a0cab1,United States,221.17,False
a21dd4,United States,157.07,False
a19aaa,United States,228.09,False
ad815e,United States,48.53,False
a19ab1,United States,213.88,False
add143,United States,113.97,False
7c4c45,Australia,54.2,False
a0ddd7,United States,29.97,False
a41722,United States,95.17,False
a1a413,United States,0.06,True
a0345f,United States,200.33,False
7c16d6,Australia,41.52,False
a03479,United States,68.81,False
a08de0,United States,193.93,False
3a3280,France,248.09,False
abc9a1,United States,50.92,False
a14104,United States,258.77,False
e480d1,Brazil,252.23,False
a3f756,United States,37.61,False
c87ec5,New Zealand,7.72,True
7caf14,Australia,210.16,False
7c29da,Australia,230.03,False
ac1f0e,United States,206.63,False
ab79de,United States,0.0,True
a2b10c,United States,3.34,True
a1a469,United States,39.22,False
a2c43b,United States,55.8,False
4bcda9,Turkey,256.67,False
aadf34,United States,78.82,False
aacc07,United States,223.16,False
4bcda4,Turkey,215.11,False
845d88,Japan,189.92,False
a33ded,United States,1.29,True
a1a470,United States,31.21,False
a7fb2f,United States,33.44,False
a2d76a,United States,205.72,False
a32ad5,United States,171.88,False
4bcdaa,Turkey,211.38,False
add16d,United States,63.33,False
aaa9f0,United States,36.16,False
a2b110,United States,193.77,False
4bcdb3,Turkey,70.29,False
a4041d,United States,4.88,False
a32ac6,United States,10.29,True
7caf5f,Australia,158.9,False
4bcdac,Turkey,232.2,False
4bcdab,Turkey,248.4,False
c00b7d,Canada,186.99,False
a1fdf4,United States,27.21,False
ac86af,United States,8.23,True
a38109,United States,239.5,False
abff33,United States,258.37,False
a32ab4,United States,219.34,False
ad2c19,United States,243.41,False
abff3c,United States,145.16,False
a0ddfb,United States,2.06,True
a1b75f,United States,75.8,False
857d90,Japan,131.09,False
48411a,Kingdom of the Netherlands,257.53,False
ac741c,United States,87.48,False
841538,Japan,65.85,False
a81aa2,United States,193.47,False
a4f132,United States,113.56,False
a70df1,United States,43.04,False
a2b156,United States,0.51,True
ae172a,United States,67.03,False
aa7abe,United States,98.79,False
aa7abd,United States,189.55,False
c87efe,New Zealand,0.0,True
c87efd,New Zealand,0.0,True
acd71a,United States,43.8,False
ac1ddc,United States,112.78,False
ac0aac,United States,265.3,False
aa7ac8,United States,221.35,False
a2b150,United States,198.99,False
a2b154,United States,233.98,False
a2b153,United States,221.7,False
a68ad4,United States,67.24,False
780190,China,256.46,False
a2b12e,United States,271.22,False
a2b12d,United States,190.05,False
ae1758,United States,76.84,False
a89773,United States,85.1,False
a1a47c,United States,125.78,False
ab678e,United States,130.17,False
ab9acc,United States,59.78,False
a2b135,United States,0.45,True
ac8777,United States,5.14,True
ac6118,United States,246.43,False
a3813a,United States,209.17,False
a2c467,United States,3.86,True
4bccab,Turkey,197.53,False
a2615e,United States,218.32,False
a2c44c,United States,79.1,False
a32acf,United States,238.82,False
aa7aa6,United States,206.03,False
a6ede5,United States,0.0,True
abfdf8,United States,288.49,False
ab9af3,United States,272.39,False
a9073c,United States,50.25,False
3c71a7,Germany,225.17,False
a3945a,United States,142.8,False
ab4151,United States,66.97,False
c085e0,Canada,135.1,False
a94db8,United States,259.37,False
845be4,Japan,173.46,False
7c29d8,Australia,231.3,False
acb10a,United States,0.0,True
7c29d4,Australia,133.81,False
e493d1,Brazil,228.51,False
448465,Belgium,224.41,False
c01e13,Canada,164.83,False
c01e10,Canada,210.54,False
a0cc06,United States,210.32,False
ae5df2,United States,138.82,False
a059fd,United States,34.47,False
a21f26,United States,51.76,False
7c29ca,Australia,0.0,False
a1c9d8,United States,55.31,False
a6a711,United States,264.31,False
a0a9f6,United States,198.54,False
a2e9a3,United States,61.74,False
a033ae,United States,199.01,False
a3d122,United States,206.69,False
a53774,United States,125.68,False
a046f2,United States,218.48,False
ad2af2,United States,238.82,False
a059e3,United States,217.81,False
acb12f,United States,111.02,False
a07c05,United States,53.65,False
acb12d,United States,223.38,False
c01e33,Canada,45.97,False
a21f04,United States,95.78,False
ac747c,United States,35.08,False
8880e2,Viet Nam,234.22,False
a0a9d1,United States,209.22,False
a6eda7,United States,211.77,False
a6eda1,United States,244.07,False
c01e28,Canada,185.17,False
a2b176,United States,0.39,True
ad2aed,United States,4.63,True
a5244e,United States,58.97,False
a5baa2,United States,78.1,False
a44aee,United States,66.79,False
ae5dec,United States,147.89,False
a033e8,United States,136.03,False
a8d489,United States,212.89,False
a1c9fd,United States,72.21,False
888224,Viet Nam,252.02,False
a6319b,United States,232.96,False
abeb7c,United States,209.38,False
78141d,China,198.09,False
a9f461,United States,198.98,False
a4f19e,United States,47.7,False
a033f9,United States,222.26,False
a1c9ea,United States,274.7,False
a32c19,United States,40.21,False
a0df80,United States,6.94,True
c0737c,Canada,0.0,True
a20c44,United States,255.74,False
a32c0d,United States,54.22,False
a56c19,United States,188.53,False
a0cc1a,United States,38.92,False
a7a17b,United States,212.76,False
a57f42,United States,3.09,True
aa59a5,United States,173.77,False
a8d465,United States,209.8,False
a1c9f5,United States,213.19,False
a669da,United States,29.54,False
c06080,Canada,254.49,False
a5cf1b,United States,258.28,False
a4af3b,United States,55.8,False
a403c6,United States,201.14,False
a6daf1,United States,40.52,False
e48199,Brazil,4.12,True
7c0460,Australia,0.0,True
aa7aeb,United States,132.85,False
ab540d,United States,271.12,False
a380a0,United States,0.06,True
a9e108,United States,45.31,False
a273f5,United States,259.45,False
a45f64,United States,193.74,False
a57f04,United States,196.32,False
a033ff,United States,237.98,False
a45f59,United States,219.79,False
ab674b,United States,163.32,False
a2e9fd,United States,65.5,False
e48175,Brazil,205.39,False
4bce08,Turkey,222.06,False
a1ec57,United States,220.71,False
a9f409,United States,56.0,False
a32c3e,United States,95.69,False
a140ab,United States,75.09,False
a153de,United States,152.08,False
a416be,United States,208.02,False
a7facd,United States,138.81,False
a8712a,United States,217.1,False
4bce19,Turkey,247.89,False
a63193,United States,209.99,False
a086d8,United States,195.15,False
aab273,United States,57.25,False
a109ef,United States,0.0,True
a79158,United States,199.75,False
4d0105,Luxembourg,274.77,False
ad6bdc,United States,203.03,False
a92145,United States,235.65,False
a6c12f,United States,231.26,False
a6717a,United States,57.7,False
84655a,Japan,273.56,False
a7e152,United States,140.97,False
39b493,France,258.45,False
a80162,United States,253.86,False
a50f0a,United States,103.09,False
a9ddb0,United States,234.83,False
851bba,Japan,200.64,False
872841,Japan,196.15,False
a12c04,United States,195.32,False
a3117c,United States,213.74,False
a73aad,United States,60.23,False
ad1290,United States,44.25,False
a323a9,United States,74.93,False
a2af59,United States,222.77,False
4075b3,United Kingdom,188.21,False
4075b4,United Kingdom,177.1,False
8953fd,Brunei Darussalam,75.69,False
a7f411,United States,77.85,False
a2af3e,United States,146.24,False
a00c85,United States,209.04,False
a0d6fb,United States,177.8,False
846516,Japan,207.35,False
8940cf,Bahrain,245.27,False
a00c7a,United States,1.03,True
e809e4,Chile,52.02,False
4d012c,Luxembourg,4.12,True
4d012e,Luxembourg,237.77,False
a456a9,United States,172.58,False
4d0140,Luxembourg,240.78,False
a86df1,United States,54.7,False
a61af2,United States,29.96,False
ac17b3,United States,60.05,False
4d0118,Luxembourg,273.9,False
aa8892,United States,39.51,False
a12c42,United States,237.09,False
780e3c,China,187.15,False
a7910e,United States,52.38,False
846538,Japan,73.32,False
a79122,United States,110.33,False
a203a9,United States,247.57,False
a68485,United States,187.87,False
a25f51,United States,47.21,False
ac0519,United States,182.43,False
a3cf6d,United States,253.98,False
a49f87,United States,175.63,False
346199,Spain,235.89,False
a443bb,United States,37.21,False
abe501,United States,240.59,False
a323e3,United States,164.93,False
c04c04,Canada,259.59,False
76ccd1,Singapore,267.53,False
a576f0,United States,67.52,False
a2af91,United States,171.31,False
ac1847,United States,84.55,False
a24c77,United States,133.01,False
a5b3a7,United States,189.7,False
ad382c,United States,37.68,False
a1e3ce,United States,46.44,False
507c72,Uzbekistan,226.16,False
a74f33,United States,234.75,False
507c71,Uzbekistan,268.9,False
a7e18a,United States,166.4,False
76cce6,Singapore,270.95,False
a7e18b,United States,208.06,False
aa87e4,United States,8.75,True
a7e198,United States,3.34,True
c05f57,Canada,47.69,False
ad2517,United States,251.59,False
5140d9,Georgia,0.0,True
5140d8,Georgia,270.52,False
5140d1,Georgia,252.13,False
abe533,United States,54.37,False
ac0543,United States,74.59,False
507c98,Uzbekistan,253.34,False
abd204,United States,267.58,False
7502d5,Malaysia,236.3,False
c05f54,Canada,186.16,False
a85c01,United States,1.03,True
a336f0,United States,5.14,True
ac4bb8,United States,7.72,True
7c6749,Australia,36.14,False
a4ef90,United States,260.9,False
a336df,United States,181.56,False
7502bc,Malaysia,201.7,False
84657c,Japan,153.75,False
ad385f,United States,255.88,False
a74f08,United States,182.75,False
851bdc,Japan,149.71,False
a4ef31,United States,209.87,False
346146,Spain,235.3,False
ac0564,United States,207.33,False
7502b2,Malaysia,230.16,False
ad7ece,United States,185.29,False
5140e1,Georgia,219.3,False
407698,United Kingdom,290.84,False
a50f53,United States,192.59,False
407699,United Kingdom,268.47,False
c05f0a,Canada,165.3,False
a3cf4f,United States,222.25,False
a5c6a1,United States,201.11,False
ad387a,United States,137.8,False
abd230,United States,223.91,False
c05f0c,Canada,215.05,False
a443e8,United States,68.03,False
ab8266,United States,42.07,False
c05f0e,Canada,101.2,False
a24c99,United States,74.14,False
a310cf,United States,218.58,False
407686,United Kingdom,246.1,False
4b83a6,Turkey,49.18,False
a576d3,United States,52.06,False
7c6786,Australia,170.17,False
a08826,United States,0.0,True
c04af4,Canada,167.81,False
34754d,Spain,231.04,False
abe3e6,United States,0.9,True
a8bf91,United States,251.18,False
a19523,United States,50.75,False
aa60da,United States,200.46,False
a1f822,United States,202.66,False
a0c51a,United States,53.29,False
ad23f4,United States,76.3,False
ad7f96,United States,177.56,False
a97c40,United States,36.38,False
a07522,United States,203.81,False
a01ed1,United States,95.53,False
a98f6a,United States,198.64,False
851c42,Japan,187.61,False
a21839,United States,187.65,False
a813fc,United States,85.4,False
a21833,United States,0.64,True
aa60bb,United States,120.77,False
76cda7,Singapore,162.75,False
a44520,United States,251.32,False
76cdb1,Singapore,216.85,False
40761a,United Kingdom,0.0,True
a31216,United States,254.99,False
a62f93,United States,6.43,True
76cdb7,Singapore,283.0,False
a9df1f,United States,58.39,False
a0757f,United States,185.45,False
a670a3,United States,234.35,False
347518,Spain,228.93,False
a683f3,United States,7.46,True
a06262,United States,48.9,False
c04aa1,Canada,229.14,False
c0174d,Canada,256.7,False
a6f9fa,United States,0.0,False
aa86fb,United States,301.62,False
a37eca,United States,38.89,False
a6d3b3,United States,243.25,False
7c671b,Australia,52.14,False
a6e6e2,United States,75.55,False
ad10ec,United States,222.47,False
a24ba7,United States,198.02,False
a5fc87,United States,241.3,False
a98f2d,United States,246.66,False
a0755a,United States,66.89,False
780dd6,China,137.06,False
780dd5,China,186.03,False
a85c3e,United States,224.16,False
ac0504,United States,127.79,False
a97c18,United States,253.55,False
a07579,United States,197.45,False
aa1f5e,United States,57.06,False
e4017e,Brazil,140.85,False
a826f1,United States,170.1,False
a790b3,United States,1.29,True
8966f0,United Arab Emirates,194.56,False
a62ee6,United States,264.71,False
a69869,United States,256.21,False
a3bbcb,United States,75.43,False
a44560,United States,124.37,False
a3bbce,United States,75.26,False
a0628f,United States,270.61,False
750475,Malaysia,200.11,False
c01734,Canada,162.12,False
a6e837,United States,225.06,False
a2aeff,United States,87.49,False
750494,Malaysia,194.08,False
ad49d9,United States,46.54,False
ac5f42,United States,190.39,False
a5521c,United States,161.02,False
a1f89a,United States,81.81,False
a68546,United States,50.94,False
a98eb4,United States,141.5,False
a18284,United States,223.8,False
c01725,Canada,84.58,False
a4453e,United States,207.82,False
ac4c21,United States,212.18,False
a0c581,United States,163.36,False
a44548,United States,188.05,False
aa883e,United States,125.01,False
a6e866,United States,40.77,False
8966be,United Arab Emirates,245.95,False
a44540,United States,218.2,False
a4dbd3,United States,110.0,False
a37efc,United States,228.53,False
4074b8,United Kingdom,178.36,False
a2aef2,United States,51.31,False
a1d242,United States,57.56,False
c01753,Canada,5.4,True
c01759,Canada,228.09,False
8966d4,United Arab Emirates,265.97,False
ab2c3a,United States,146.8,False
ad36c8,United States,204.17,False
75045d,Malaysia,233.11,False
a44533,United States,0.0,True
75045a,Malaysia,224.83,False
a67231,United States,180.7,False
ac4c44,United States,206.48,False
a69822,United States,187.97,False
ac16da,United States,200.55,False
abf6ca,United States,53.62,False
a920ed,United States,37.41,False
ad7f3a,United States,207.42,False
75043f,Malaysia,214.99,False
a790fc,United States,68.97,False
8966aa,United Arab Emirates,231.68,False
863c44,Japan,117.73,False
a4a83b,United States,79.23,False
a44591,United States,8.75,True
a6981a,United States,171.23,False
a1828d,United States,127.14,False
a82823,United States,34.57,False
750413,Malaysia,201.47,False
abe3c7,United States,49.28,False
ae56e5,United States,48.61,False
ae56e2,United States,70.09,False
abe3c8,United States,190.38,False
c01714,Canada,59.82,False
a74eb4,United States,223.65,False
aab0ba,United States,232.7,False
06e029,Rwanda,231.65,False
a1e58f,United States,3.09,True
ad23d5,United States,9.77,True
a7081a,United States,133.55,False
a55218,United States,73.0,False
4074e4,United Kingdom,213.74,False
a3bbba,United States,57.98,False
a44570,United States,279.89,False
4074e2,United Kingdom,203.6,False
ab2c8e,United States,140.42,False
ab80cb,United States,52.94,False
750422,Malaysia,139.4,False
ad6c3b,United States,245.8,False
a4455e,United States,215.6,False
a8abe6,United States,219.74,False
a12d2f,United States,208.75,False
a97bf3,United States,213.17,False
3474ce,Spain,129.97,False
ab839d,United States,271.0,False
abc058,United States,191.43,False
4cafca,Ireland,229.21,False
0c21b6,Panama,232.17,False
0c21b8,Panama,217.48,False
851cca,Japan,178.47,False
15409a,Russian Federation,5.66,True
a80287,United States,268.6,False
a577a3,United States,200.18,False
a2f293,United States,45.79,False
a4dbef,United States,254.91,False
ac4e07,United States,91.52,False
a5524d,United States,50.73,False
a181c9,United States,237.2,False
a0fa34,United States,43.46,False
c004f3,Canada,228.36,False
a92210,United States,166.25,False
a5c895,United States,193.96,False
a23a26,United States,50.85,False
ad0074,United States,198.5,False
a98ef0,United States,199.26,False
ace063,United States,10.8,True
a324b0,United States,157.55,False
0100dc,Egypt,208.24,False
0c21dc,Panama,235.31,False
a337d3,United States,89.14,False
a6c247,United States,204.23,False
c04d98,Canada,206.1,False
851ca8,Japan,219.25,False
7000a4,Afghanistan,260.29,False
a23a03,United States,253.26,False
a23a02,United States,260.34,False
a5a252,United States,37.27,False
ace08c,United States,59.55,False
a0d7fb,United States,47.94,False
ad38c2,United States,168.97,False
a5527f,United States,31.36,False
87ad9e,Japan,3.86,True
a82899,United States,45.79,False
a98ed4,United States,259.64,False
a12d67,United States,59.13,False
aa7668,United States,231.69,False
ad38aa,United States,58.82,False
ad260e,United States,32.1,False
a5fd2d,United States,265.31,False
86804e,Japan,0.0,True
a3bd5f,United States,155.69,False
780ddc,China,195.38,False
ac4ca8,United States,200.36,False
a0fa73,United States,52.32,False
a684b5,United States,4.37,True
a4ca20,United States,2.62,False
a59a2e,United States,170.26,False
a4dd65,United States,172.14,False
86803d,Japan,193.34,False
aa88fb,United States,228.87,False
a60a1c,United States,72.92,False
40643c,United Kingdom,226.83,False
010246,Egypt,145.91,False
7c421c,Australia,71.81,False
a684c4,United States,216.28,False
c04d0d,Canada,33.25,False
aab325,United States,47.8,False
01026c,Egypt,252.1,False
4d001b,Luxembourg,4.63,True
010276,Egypt,241.6,False
a5ea37,United States,42.66,False
780dfd,China,225.08,False
ab7013,United States,249.21,False
c017ed,Canada,71.01,False
ac1988,United States,3.34,True
c04d3f,Canada,0.0,True
01026b,Egypt,208.18,False
01025e,Egypt,265.29,False
a85d1b,United States,125.72,False
01025d,Egypt,229.17,False
a4ca56,United States,39.0,False
a11a81,United States,191.54,False
7c4203,Australia,256.48,False
a73d45,United States,280.55,False
010264,Egypt,215.96,False
010263,Egypt,202.69,False
010265,Egypt,200.07,False
abf96c,United States,79.67,False
ab8354,United States,58.65,False
ad6cb1,United States,50.79,False
abe65a,United States,195.55,False
abf995,United States,214.89,False
abd336,United States,0.0,False
ab967b,United States,228.51,False
a8028a,United States,191.13,False
a00ca4,United States,149.75,False
a92299,United States,157.83,False
aa88d2,United States,6.43,True
a61d00,United States,273.68,False
a1f90e,United States,267.69,False
7503ac,Malaysia,244.0,False
a1f909,United States,100.14,False
a577d4,United States,173.01,False
7c4264,Australia,54.14,False
a35a97,United States,121.0,False
abc012,United States,280.45,False
ad3997,United States,255.55,False
a7e276,United States,204.98,False
010207,Egypt,245.22,False
a7e279,United States,219.96,False
a431e8,United States,158.75,False
a9cbdb,United States,244.59,False
01022d,Egypt,207.08,False
ab703e,United States,257.41,False
a431ce,United States,89.59,False
ad000d,United States,0.0,True
a0fa8b,United States,131.55,False
868042,Japan,196.38,False
a564ab,United States,195.83,False
ae598c,United States,74.78,False
a08940,United States,49.26,False
a0d90c,United States,249.83,False
a08948,United States,49.84,False
868038,Japan,201.78,False
ad0022,United States,260.82,False
a20639,United States,34.16,False
abd1e3,United States,211.85,False
a7e1d3,United States,180.79,False
acf1c9,United States,51.57,False
48ae26,Poland,223.73,False
48ae24,Poland,208.91,False
750517,Malaysia,206.73,False
7c6813,Australia,26.34,False
48ae23,Poland,270.32,False
48ae21,Poland,144.57,False
a0765e,United States,228.67,False
ad24eb,United States,114.2,False
acf1ac,United States,175.63,False
aafa97,United States,3.09,True
a2195d,United States,189.39,False
a0899e,United States,47.16,False
84b4b7,Japan,194.48,False
48ae04,Poland,88.69,False
48ae00,Poland,205.17,False
48ae01,Poland,181.3,False
347659,Spain,229.98,False
a84a7b,United States,117.98,False
a37fa1,United States,83.34,False
a20621,United States,279.91,False
a0d94d,United States,79.87,False
750509,Malaysia,68.78,False
a5ea9a,United States,0.0,True
ad11eb,United States,207.47,False
a4ca66,United States,222.45,False
a4462e,United States,192.75,False
c05efa,Canada,101.07,False
a671ba,United States,231.57,False
c05efd,Canada,152.31,False
a0a034,United States,233.84,False
76cee2,Singapore,184.43,False
a4ca6a,United States,251.76,False
a84a11,United States,50.99,False
7c6847,Australia,121.41,False
407739,United Kingdom,217.92,False
7c683d,Australia,233.09,False
a0504c,United States,45.8,False
7c683b,Australia,133.24,False
01027c,Egypt,247.63,False
407731,United Kingdom,5.92,True
a671f2,United States,6.69,True
ac5fad,United States,216.08,False
76cef4,Singapore,282.95,False
ab3fcb,United States,34.29,False
a4460e,United States,194.92,False
a24cc0,United States,203.15,False
a4460d,United States,203.91,False
76cef6,Singapore,159.79,False
a0634c,United States,184.0,False
acafa6,United States,43.24,False
a5fd9d,United States,44.59,False
a33971,United States,39.88,False
ab9630,United States,250.04,False
76ceea,Singapore,223.06,False
ab9639,United States,270.33,False
abf949,United States,196.4,False
84c7d2,Japan,174.74,False
507c57,Uzbekistan,198.63,False
7c6820,Australia,1.03,True
a4ca8c,United States,37.98,False
507c50,Uzbekistan,78.22,False
a44611,United States,0.77,True
a4ca8e,United States,0.32,True
a0b333,United States,138.62,False
347604,Spain,231.4,False
a5ea5c,United States,131.89,False
a36ca2,United States,30.88,False
a37fd3,United States,274.85,False
a86fd2,United States,45.27,False
a8294f,United States,41.78,False
aa1ffc,United States,140.84,False
a5a30a,United States,164.01,False
a42027,United States,41.27,False
a1c03a,United States,213.58,False
a9360e,United States,0.0,True
a42020,United States,194.26,False
a5fcbf,United States,45.42,False
c05ec7,Canada,187.75,False
4075df,United Kingdom,215.45,False
ac4d1a,United States,218.52,False
c05eac,Canada,224.83,False
aa0cc0,United States,4.37,True
ad6d03,United States,69.64,False
0101bd,Egypt,133.05,False
c05eb6,Canada,206.18,False
a98fd7,United States,112.85,False
a86ff4,United States,50.94,False
a74ffc,United States,40.09,False
c05ee1,Canada,213.36,False
ae57aa,United States,60.86,False
7c66cd,Australia,234.16,False
75056c,Malaysia,210.2,False
a5401e,United States,50.75,False
a3133c,United States,204.57,False
aa6303,United States,225.73,False
ac04c3,United States,178.86,False
750579,Malaysia,225.82,False
a85cad,United States,234.32,False
750592,Malaysia,244.51,False
750594,Malaysia,192.28,False
c05ed0,Canada,177.52,False
a1d347,United States,86.89,False
c01860,Canada,186.6,False
a6c311,United States,5.92,True
a18380,United States,201.78,False
0101db,Egypt,232.07,False
0101dd,Egypt,269.62,False
a4463e,United States,201.89,False
ac3a38,United States,253.92,False
a1709e,United States,73.24,False
8691aa,Japan,226.08,False
ad24ab,United States,4.63,True
adbd26,United States,59.68,False
aab1af,United States,181.6,False
a62fd1,United States,176.84,False
a3cff7,United States,217.53,False
a4dca4,United States,95.57,False
aab1d2,United States,205.77,False
a4a95b,United States,0.0,True
ac04f5,United States,0.0,True
a4efdb,United States,69.63,False
c05ea2,Canada,212.61,False
a1c05d,United States,262.74,False
ad24e1,United States,60.09,False
a3cffc,United States,53.47,False
c84170,New Zealand,54.88,False
abe4db,United States,196.87,False
a4dcb6,United States,83.88,False
c05ea6,Canada,228.83,False
a56661,United States,8.23,True
75053f,Malaysia,91.04,False
a96a7d,United States,41.26,False
750549,Malaysia,94.17,False
a6995d,United States,46.29,False
a57997,United States,0.0,True
acbffd,United States,4.37,True
7c68b8,Australia,215.71,False
7c68b4,Australia,224.82,False
7c68aa,Australia,160.03,False
a6f895,United States,62.36,False
abd010,United States,287.95,False
a5b244,United States,25.23,False
7c68a4,Australia,155.09,False
7504b1,Malaysia,223.47,False
aac36a,United States,195.56,False
c014f4,Canada,35.5,False
4caeb3,Ireland,275.05,False
7c68b1,Australia,216.85,False
71ba18,Republic of Korea,90.47,False
aa735a,United States,177.7,False
abf68a,United States,129.08,False
a8cec7,United States,0.0,True
a45596,United States,2.06,True
c04a78,Canada,98.97,False
abf67f,United States,2.57,True
ab805a,United States,10.29,True
c05d7c,Canada,142.18,False
a44257,United States,279.27,False
c05d7b,Canada,253.68,False
ad7cec,United States,46.72,False
a6d241,United States,242.63,False
c001e2,Canada,0.06,True
a9eeb6,United States,229.12,False
c001e5,Canada,245.81,False
a4556d,United States,220.71,False
aa733b,United States,195.63,False
aa600a,United States,146.28,False
846748,Japan,191.47,False
a68214,United States,26.28,False
a87eac,United States,47.39,False
c027de,Canada,103.82,False
a8383b,United States,52.18,False
aa998e,United States,6.69,True
4caee4,Ireland,233.77,False
aa9990,United States,145.02,False
acacfb,United States,111.68,False
a4b88f,United States,93.13,False
a9a824,United States,273.01,False
76bd49,Singapore,212.49,False
a9450d,United States,214.19,False
ad237f,United States,279.26,False
c027d7,Canada,50.66,False
a4ebd9,United States,191.44,False
a071c8,United States,218.88,False
71ba11,Republic of Korea,273.13,False
a097e9,United States,213.96,False
71ba16,Republic of Korea,198.32,False
7c68ce,Australia,249.43,False
71ba09,Republic of Korea,255.31,False
a8252d,United States,55.41,False
ac5e01,United States,249.25,False
c05d3c,Canada,4.63,True
71ba06,Republic of Korea,241.38,False
7c68c7,Australia,0.0,True
4caecc,Ireland,232.34,False
a81205,United States,154.05,False
c05d56,Canada,245.58,False
a44291,United States,8.75,True
a62bdc,United States,124.81,False
84b73b,Japan,192.45,False
7c4351,Australia,5.14,True
aa85b8,United States,85.66,False
a4b7d7,United States,212.97,False
a717b6,United States,249.72,False
8479bc,Japan,226.51,False
ab4fd4,United States,262.04,False
abf602,United States,155.08,False
a3cd58,United States,128.84,False
a1f4cd,United States,156.28,False
a7f286,United States,137.91,False
a7f289,United States,0.06,True
a49d22,United States,178.99,False
ab0971,United States,166.29,False
a37d38,United States,220.25,False
a74d26,United States,105.45,False
a37d35,United States,90.56,False
717cb2,Saudi Arabia,224.65,False
ad8fad,United States,3.6,True
7c5669,Australia,61.66,False
a0e7ed,United States,126.94,False
a9327a,United States,94.14,False
a837a6,United States,176.93,False
a24a31,United States,5.4,True
ad493b,United States,270.95,False
c05d08,Canada,0.77,True
7c4329,Australia,5.66,True
7b100f,China,13.89,True
485b45,Kingdom of the Netherlands,259.83,False
a837a1,United States,35.5,False
a694b2,United States,132.91,False
485b43,Kingdom of the Netherlands,260.62,False
a837a5,United States,207.35,False
7504fd,Malaysia,159.83,False
86e496,Japan,244.9,False
a837a3,United States,256.08,False
407477,United Kingdom,0.0,True
aa98a4,United States,239.77,False
a37d8a,United States,199.61,False
a24a82,United States,142.26,False
40745e,United Kingdom,237.42,False
a8258b,United States,55.08,False
a9dbd1,United States,55.11,False
a441c9,United States,2.06,True
a6d26f,United States,197.89,False
7504eb,Malaysia,237.54,False
a9325c,United States,71.89,False
ac297b,United States,231.0,False
aab001,United States,273.94,False
ac297c,United States,85.57,False
ad495b,United States,242.82,False
a321e2,United States,42.33,False
a12a9d,United States,184.89,False
a12a9e,United States,196.42,False
86e430,Japan,245.84,False
aa739e,United States,205.22,False
a8bbff,United States,247.0,False
adcca3,United States,304.68,False
a24a67,United States,31.91,False
a12a80,United States,153.14,False
adcca0,United States,213.62,False
a12a81,United States,264.24,False
a12a82,United States,223.8,False
a4ed07,United States,48.88,False
ac5cd7,United States,91.66,False
a9dbb7,United States,48.64,False
ae695f,United States,123.81,False
a1e1d8,United States,5.92,True
7504ac,Malaysia,229.24,False
a9a873,United States,49.78,False
7c436c,Australia,35.0,False
7504aa,Malaysia,210.62,False
a81288,United States,47.95,False
acbfcf,United States,199.81,False
7c4364,Australia,45.62,False
ad7cae,United States,24.59,False
ac1675,United States,174.62,False
a93257,United States,236.87,False
a12a7b,United States,250.71,False
a62d04,United States,43.02,False
a12a7d,United States,191.16,False
ab9366,United States,98.94,False
acad53,United States,123.83,False
ac01ae,United States,65.85,False
a07302,United States,0.0,True
a8aa24,United States,47.85,False
a441fd,United States,58.27,False
a441fb,United States,203.42,False
3a4dc0,France,258.4,False
ac4a44,United States,217.59,False
c05bd6,Canada,227.6,False
a73a47,United States,3.86,True
a0862e,United States,47.67,False
c05bd2,Canada,254.8,False
abe1c2,United States,196.52,False
abe1ad,United States,6.43,True
4caf35,Ireland,215.9,False
a441ef,United States,242.56,False
a07311,United States,70.69,False
c05bcf,Canada,227.15,False
a6e4e8,United States,225.21,False
347303,Spain,135.09,False
347302,Spain,5.92,True
a8bd1b,United States,6.43,True
a944b9,United States,169.82,False
c0025a,Canada,77.9,False
acad6d,United States,64.84,False
a10931,United States,236.87,False
ad21af,United States,210.51,False
ae54e3,United States,129.18,False
aa1d79,United States,292.18,False
a944c3,United States,54.99,False
a957f9,United States,62.5,False
84b5ee,Japan,203.44,False
a01ca4,United States,95.09,False
a01ca5,United States,212.11,False
a441d6,United States,210.66,False
ad21bc,United States,250.1,False
a62d4b,United States,131.78,False
adcd6b,United States,156.69,False
a73a10,United States,209.47,False
adcd6d,United States,291.76,False
a5d7f7,United States,190.32,False
a1e302,United States,236.64,False
a06010,United States,229.46,False
a61a28,United States,32.23,False
717cd8,Saudi Arabia,241.75,False
c05ba9,Canada,183.24,False
a3cd7d,United States,204.57,False
780ff0,China,210.96,False
a1f622,United States,253.56,False
a21656,United States,235.91,False
c0150d,Canada,223.76,False
ac01fd,United States,4.89,True
ac01fc,United States,253.07,False
abe1eb,United States,223.45,False
aa97f7,United States,76.7,False
a681a3,United States,38.08,False
881056,Thailand,211.98,False
7b1000,China,9.26,True
ae54f6,United States,114.27,False
7b1001,China,15.43,True
a694dd,United States,233.19,False
a5c4e5,United States,48.55,False
c0153b,Canada,206.19,False
a5c4e2,United States,213.94,False
a0e956,United States,295.05,False
a61a4b,United States,51.57,False
a62d90,United States,37.45,False
a08663,United States,262.07,False
a5c4de,United States,173.33,False
a38fa4,United States,191.01,False
aa861c,United States,46.61,False
ac27a6,United States,242.41,False
a3dfeb,United States,4.12,True
a4eca6,United States,207.58,False
ab3d14,United States,85.86,False
ab3d17,United States,211.66,False
a25cdf,United States,28.85,False
514005,Georgia,0.0,True
514004,Georgia,74.59,True
a9a901,United States,276.65,False
a83920,United States,81.95,False
a3dffe,United States,184.5,False
a9591e,United States,61.32,False
aa9949,United States,31.76,False
a4b973,United States,68.8,False
a1099f,United States,203.84,False
c01519,Canada,170.65,False
a32328,United States,15.35,False
a5d965,United States,287.74,False
a19343,United States,231.43,False
ab3d39,United States,178.07,False
a32321,United States,68.42,False
a34978,United States,258.86,False
ac5d0d,United States,205.5,False
a5c640,United States,177.17,False
c02836,Canada,231.16,False
a19357,United States,174.4,False
aa990d,United States,51.3,False
8a0a72,Indonesia,0.0,False
ab3d51,United States,225.24,False
a51fb5,United States,35.5,False
a5fa9f,United States,48.18,False
a1e395,United States,50.64,False
ac27f0,United States,285.71,False
ad47d8,United States,212.28,False
4072c8,United Kingdom,225.54,False
39b22e,France,219.4,False
ad34b9,United States,228.95,False
a4566a,United States,54.07,False
8a0a3e,Indonesia,126.29,False
a32367,United States,134.18,False
a32368,United States,204.17,False
a9a7eb,United States,101.74,False
a3dfde,United States,89.47,False
ad34aa,United States,46.97,False
ac5d61,United States,8.23,True
a9a7fa,United States,2.62,False
a31093,United States,33.63,False
a8bcd7,United States,32.75,False
a25e14,United States,47.98,False
a25e15,United States,29.93,False
a25e18,United States,52.78,False
abd135,United States,181.17,False
71ce82,Republic of Korea,39.3,False
a68371,United States,186.29,False
a5c694,United States,194.8,False
a9a97f,United States,161.28,False
c002e4,Canada,147.61,False
a12b07,United States,205.13,False
abe475,United States,259.35,False
aab169,United States,115.25,False
aac499,United States,273.25,False
adbad6,United States,85.82,False
a6705c,United States,181.56,False
e47f70,Brazil,224.04,False
acf146,United States,139.06,False
ae578d,United States,45.79,False
ac048d,United States,180.31,False
a8cfda,United States,68.24,False
ad1142,United States,286.92,False
a98cbc,United States,0.9,True
ac049a,United States,39.29,False
acf131,United States,0.06,True
a79046,United States,218.58,False
e47f84,Brazil,219.02,False
aa7472,United States,86.24,False
ae5792,United States,57.85,False
abe496,United States,11.83,True
a8134e,United States,52.12,False
ab09b4,United States,297.07,False
71ce40,Republic of Korea,75.81,False
a13e74,United States,65.34,False
a7197d,United States,5.4,True
a085ed,United States,0.0,True
c05e62,Canada,230.63,False
a9a91a,United States,282.75,False
4cadc7,Ireland,262.0,False
a99fd7,United States,29.88,False
a2ae1e,United States,46.58,False
aa8788,United States,151.94,False
a6d301,United States,46.12,False
adbaca,United States,209.41,False
ab09d0,United States,54.32,False
846888,Japan,217.79,False
c05e3f,Canada,130.72,False
a12b0a,United States,229.78,False
a2ae12,United States,219.58,False
a12b0e,United States,217.89,False
aa0aab,United States,250.95,False
a6f994,United States,194.62,False
c04b57,Canada,198.42,False
c05e89,Canada,58.32,False
ab2c04,United States,190.88,False
ad7f04,United States,47.87,False
84b84b,Japan,201.63,False
a8397c,United States,102.62,False
a8cfa9,United States,3.34,True
7c56d1,Australia,50.12,False
a8264f,United States,193.65,False
a2f092,United States,169.38,False
45c822,Denmark,247.34,False
a01e74,United States,45.38,False
abd19e,United States,258.29,False
a6d326,United States,117.94,False
c04b39,Canada,0.0,True
c05e72,Canada,203.17,False
aa7426,United States,209.06,False
a6701d,United States,31.9,False
a072fd,United States,50.17,False
4cadfe,Ireland,5.92,True
3c7a44,Germany,251.29,False
a24b4b,United States,24.45,False
a36b50,United States,143.22,False
a37e80,United States,178.9,False
a50e66,United States,52.5,False
3c7a50,Germany,245.29,False
a37e5a,United States,76.19,False
a1e2c4,United States,238.14,False
34604e,Spain,226.9,False
a0c2f7,United States,48.15,False
aac415,United States,183.76,False
a61b14,United States,44.17,False
347388,Spain,268.72,False
ad7da2,United States,261.89,False
ac0418,United States,228.53,False
c05e2d,Canada,0.0,True
ae5718,United States,242.43,False
ac0417,United States,101.85,False
a24b40,United States,205.84,False
a5d8f0,United States,85.68,False
84b7a1,Japan,169.36,False
a24b39,United States,170.08,False
ac1747,United States,246.35,False
3c7a4b,Germany,0.0,True
a072f5,United States,55.22,False
346045,Spain,210.0,False
a2ae46,United States,63.81,False
a25e5c,United States,53.62,False
a4db2c,United States,48.84,False
c80f8b,New Zealand,76.1,False
0a80aa,Bahamas,52.78,False
abe40a,United States,204.55,False
ac042a,United States,194.76,False
a80053,United States,0.0,True
ac0448,United States,237.38,False
c00398,Canada,72.7,False
00811f,South Africa,72.64,False
86d222,Japan,68.91,False
40756b,United Kingdom,236.57,False
347349,Spain,229.34,False
7c4493,Australia,43.75,False
a2ae96,United States,156.7,False
86d259,Japan,273.57,False
a1e2f8,United States,50.51,False
a6709b,United States,285.23,False
aa617c,United States,181.23,False
a36b73,United States,250.68,False
a3bb19,United States,,True
abe42c,United States,138.09,False
ab8148,United States,224.63,False
a202f4,United States,45.58,False
acade8,United States,47.34,False
407567,United Kingdom,1.54,True
a335fa,United States,201.28,False
abf786,United States,53.52,False
a25e9e,United States,36.54,False
40621d,United Kingdom,209.53,False
40621c,United Kingdom,190.88,False
ac045c,United States,140.56,False
aab146,United States,214.27,False
ad7e6f,United States,297.2,False
346114,Spain,199.76,False
c01694,Canada,134.32,False
ac5e8d,United States,0.0,True
a19404,United States,157.49,False
acae64,United States,180.07,False
4cae19,Ireland,202.09,False
a0d72b,United States,269.95,False
424c9d,United Kingdom,5.66,False
ac4b72,United States,185.52,False
a9cb1c,United States,274.54,False
a85b75,United States,50.17,False
a958ff,United States,147.35,False
a9cb18,United States,232.55,False
c0168f,Canada,105.43,False
a57719,United States,188.41,False
a12ac7,United States,212.89,False
a12ac8,United States,196.01,False
a12ac9,United States,207.09,False
a3373a,United States,251.3,False
a5b2b0,United States,173.97,False
a5fb40,United States,38.49,False
a86e3f,United States,169.18,False
a945b9,United States,46.01,False
7c4437,Australia,40.96,False
a12ac0,United States,217.96,False
a12ac2,United States,221.1,False
a12ac3,United States,187.21,False
a4ee99,United States,79.84,False
7c573e,Australia,257.18,False
acae9a,United States,198.87,False
a562e8,United States,182.56,False
4cae58,Ireland,66.51,False
a25dd1,United States,55.19,False
3e0a41,Germany,33.38,False
4d22a1,Malta,237.81,False
acae9f,United States,43.66,False
a33743,United States,193.19,False
a4ee93,United States,58.1,False
a33741,United States,79.39,False
a37da1,United States,193.98,False
a682e3,United States,205.07,False
7c4418,Australia,10.8,True
a25dc9,United States,50.61,False
ac1701,United States,106.06,False
a12aa0,United States,258.92,False
a12aa1,United States,219.92,False
4cae34,Ireland,138.58,False
4cae31,Ireland,238.81,False
4cae32,Ireland,5.66,True
a6e720,United States,207.18,False
7c42cc,Australia,207.95,False
a3244a,United States,228.52,False
7c42e2,Australia,215.08,False
a20471,United States,205.58,False
300762,Italy,188.73,False
a2addf,United States,138.42,False
7c42bf,Australia,0.0,True
a2f111,United States,186.45,False
4073a1,United Kingdom,6.43,True
4cae91,Ireland,13.89,True
a31122,United States,210.38,False
ac28be,United States,177.44,False
a31120,United States,100.45,False
7c42d2,Australia,0.0,True
a12ae6,United States,3.09,True
a12ae8,United States,228.58,False
a12ae9,United States,0.0,True
a9cb83,United States,247.54,False
4d22ac,Malta,257.95,False
ac28e5,United States,249.96,False
4cae69,Ireland,3.09,True
7c42ac,Australia,3.34,True
ab2b23,United States,302.0,False
a32449,United States,207.85,False
a12ae3,United States,275.95,False
4cae4b,Ireland,124.43,False
aae8df,United States,53.41,False
a12ae4,United States,286.54,False
a12ae5,United States,0.0,True
a55130,United States,51.06,False
a20467,United States,56.08,False
a25df2,United States,50.46,False
ab92a2,United States,95.86,False
ad7e17,United States,90.61,False
a33766,United States,205.91,False
846866,Japan,192.85,False
ac15d1,United States,119.91,False
ad6b14,United States,109.07,False
abf5b7,United States,82.33,False
c02900,Canada,50.04,False
acae2e,United States,8.75,True
a3cdb2,United States,164.73,False
a97b99,United States,101.58,False
a0e9b7,United States,61.51,False
c04a6d,Canada,162.68,False
a44477,United States,200.87,False
ab92c4,United States,86.22,False
a48ae7,United States,211.91,False
ad35af,United States,31.39,False
aad5f2,United States,139.84,False
ad48df,United States,205.98,False
ac02b4,United States,218.35,False
4d22f7,Malta,270.62,False
ad35bc,United States,118.46,False
abe2a3,United States,0.0,True
a0b15c,United States,43.59,False
ab92e0,United States,51.41,False
ad6b0c,United States,89.62,False
a01f13,United States,177.78,False
ad6b0f,United States,146.62,False
ad35e0,United States,213.21,False
ac5e6e,United States,177.42,False
abf5da,United States,38.39,False
a01f0d,United States,238.1,False
a22a20,United States,175.99,False
c00926,Canada,230.88,False
a327da,United States,47.7,False
a47d11,United States,181.58,False
7c57d1,Australia,87.2,False
aa78b2,United States,193.07,False
ac08b1,United States,168.7,False
adacfd,United States,178.06,False
a47d05,United States,126.58,False
a22a29,United States,62.93,False
a3ad36,United States,69.39,False
398699,France,241.14,False
ac3e13,United States,192.15,False
a0c7e3,United States,39.3,False
a077fe,United States,25.09,False
a3ad2f,United States,63.11,False
a91260,United States,98.01,False
86d31d,Japan,111.24,False
86d334,Japan,133.76,False
a23d25,United States,136.2,False
a3ad47,United States,229.15,False
a92599,United States,57.11,False
a554b9,United States,47.56,False
a4ba02,United States,188.83,False
a9125f,United States,136.71,False
abe8b6,United States,211.52,False
a6626a,United States,132.22,False
a7824e,United States,252.83,False
a09a90,United States,218.64,False
a35d79,United States,193.53,False
7c7a38,Australia,242.86,False
7c7a39,Australia,219.96,False
ad5e27,United States,233.7,False
a54299,United States,193.62,False
4caca2,Ireland,131.6,False
7c44c7,Australia,37.59,False
a8f235,United States,6.43,True
4d230d,Malta,258.38,False
a35d73,United States,186.02,False
a1c1c7,United States,134.77,False
4cacb9,Ireland,237.42,False
ac08f5,United States,218.64,False
71bc19,Republic of Korea,276.74,False
a0a1f1,United States,31.53,False
aaeb0e,United States,225.09,False
a47d46,United States,60.68,False
7c44b9,Australia,127.71,False
a11d94,United States,48.64,False
aaa2b0,United States,229.01,False
a11d7c,United States,95.21,False
4d2303,Malta,150.77,False
a1d4bc,United States,174.67,False
a80595,United States,247.79,False
a9cecf,United States,262.32,False
a9cecd,United States,206.86,False
ab1e81,United States,87.33,False
a8aef1,United States,85.79,False
868316,Japan,195.92,False
4cacf1,Ireland,247.9,False
a794d9,United States,120.92,False
ac4ffb,United States,2.31,True
850e14,Japan,169.7,False
a1990c,United States,54.55,False
aa9b65,United States,10.8,True
a60d70,United States,46.91,False
a6c4d7,United States,199.22,False
aa52cf,United States,60.56,False
a00fc2,United States,6.43,True
4d2350,Malta,92.11,False
4d2351,Malta,214.98,False
ab734d,United States,54.09,False
abb007,United States,262.14,False
ac8009,United States,196.39,False
ad6fdd,United States,30.97,False
4d2362,Malta,107.98,False
a96d3f,United States,45.79,False
ab6032,United States,49.41,False
ac3cef,United States,249.39,False
348351,Spain,223.25,False
aa9b42,United States,270.66,False
a2e1c7,United States,142.26,False
a817fc,United States,243.79,False
abd685,United States,48.38,False
7c4563,Australia,41.48,False
7c455d,Australia,54.96,False
ac801e,United States,187.28,False
a20957,United States,228.72,False
a1e946,United States,0.0,True
a59d52,United States,74.38,False
a817b1,United States,206.44,False
a00ffa,United States,37.58,False
ab738b,United States,52.32,False
e03613,Argentina,193.72,False
a44916,United States,196.91,False
abd69d,United States,215.22,False
4d239c,Malta,219.1,False
a05338,United States,73.52,False
ab6077,United States,92.34,False
a3ad6d,United States,215.36,False
a5a4c7,United States,49.77,False
a58a36,United States,228.63,False
a3ad88,United States,215.8,False
acd03d,United States,37.84,False
8468aa,Japan,198.06,False
a59d5f,United States,292.83,False
ad0373,United States,232.73,False
c007d8,Canada,230.46,False
a24fb8,United States,211.07,False
a5b7ec,United States,236.02,False
4d2386,Malta,244.85,False
a11cf4,United States,156.8,False
a44960,United States,109.58,False
a3aca6,United States,210.12,False
8681a8,Japan,269.93,False
a44964,United States,0.9,True
a44963,United States,211.79,False
a29337,United States,259.1,False
a44962,United States,5.14,True
a04035,United States,153.31,False
a35cba,United States,9.26,True
0d0ee3,Mexico,217.4,False
a2097b,United States,27.82,False
a0c998,United States,45.6,False
a36ff7,United States,185.3,False
a6fa94,United States,255.79,False
862d50,Japan,23.15,True
ab2fb5,United States,129.86,False
a29326,United States,44.41,False
a4493f,United States,155.1,False
a4493d,United States,84.38,False
0d0ef1,Mexico,74.08,False
a35cb9,United States,56.66,False
ab2fad,United States,88.79,False
a23ccb,United States,155.47,False
a0a30e,United States,0.0,True
a18657,United States,61.88,False
a44943,United States,163.36,False
a44940,United States,183.46,False
a6893e,United States,194.7,False
a56972,United States,47.67,False
a54312,United States,198.61,False
c82009,New Zealand,158.46,False
a0fcd4,United States,10.29,True
8681b5,Japan,185.16,False
abe930,United States,210.51,False
8681b9,Japan,10.8,True
a4491a,United States,260.82,False
a5b954,United States,212.82,False
ac4fb5,United States,201.12,False
a4491f,United States,185.82,False
8681ad,Japan,221.75,False
8681ab,Japan,187.79,False
8681ac,Japan,208.76,False
aac954,United States,101.0,False
4cad29,Ireland,131.7,False
ad292a,United States,0.0,True
a35cfe,United States,218.27,False
c03bf2,Canada,186.91,False
a1b025,United States,65.74,False
a1b024,United States,95.47,False
c03bf5,Canada,239.68,False
c83354,New Zealand,61.71,False
a6b1be,United States,253.78,False
a28036,United States,199.3,False
a43667,United States,214.01,False
7c5878,Australia,51.49,False
c8200a,New Zealand,90.61,False
84b7d8,Japan,198.09,False
aafcb7,United States,121.5,False
7c451e,Australia,88.55,False
a44982,United States,6.17,True
4070ef,United Kingdom,217.12,False
a36fff,United States,208.67,False
0d0eae,Mexico,229.45,False
a42323,United States,126.62,False
a924d9,United States,151.23,False
7c4538,Australia,80.05,False
ac096b,United States,84.6,False
a18698,United States,93.65,False
a16037,United States,174.47,False
aa9a4f,United States,34.61,False
a6b1dc,United States,193.77,False
a1e98f,United States,40.49,False
4070e2,United Kingdom,234.18,False
a4dfa6,United States,247.27,False
a0405c,United States,61.27,False
a4495d,United States,163.09,False
a4495b,United States,276.07,False
aafd4d,United States,100.6,False
ab1d5e,United States,138.84,False
ad27e0,United States,6.17,True
a92650,United States,247.29,False
a5a675,United States,89.66,False
a4369c,United States,5.66,True
4c01e3,Serbia,229.6,False
ac2a33,United States,286.56,False
a85ff5,United States,261.5,False
ac07fd,United States,250.31,False
86d1f3,Japan,198.69,False
7c43f1,Australia,55.16,False
aa4019,United States,43.23,False
7c30c0,Australia,53.61,False
7c43f9,Australia,1.03,True
a93997,United States,118.85,False
a7e630,United States,215.83,False
aaea3d,United States,46.07,False
4cad49,Ireland,272.37,False
a77035,United States,89.53,False
a9cfa4,United States,45.84,False
ae47f3,United States,49.46,False
3c4586,Germany,273.38,False
c82089,New Zealand,2.06,True
ab0a73,United States,259.0,False
a47cf9,United States,55.39,False
c82081,New Zealand,182.08,False
a65054,United States,288.31,False
a92640,United States,184.8,False
aafd90,United States,263.09,False
abd4e7,United States,182.92,False
3c4596,Germany,228.53,False
3c4597,Germany,291.02,False
a91315,United States,33.44,False
4cad3d,Ireland,85.45,False
ad5d4a,United States,51.08,False
a5a62f,United States,129.21,False
ad5d6e,United States,100.71,False
0d0f91,Mexico,2.83,True
4d21ef,Malta,87.75,False
ac2a69,United States,293.12,False
a10b14,United States,61.43,False
ad01c0,United States,0.0,True
a66316,United States,156.8,False
a208d7,United States,56.02,False
ad01ab,United States,8.23,True
ac91d4,United States,1.8,True
a53001,United States,148.56,False
a3f012,United States,53.71,False
a6c617,United States,43.97,False
a0b5c5,United States,232.32,False
a85fb8,United States,0.0,True
aaea84,United States,287.13,False
a72ca2,United States,5.66,True
a198ed,United States,255.44,False
a078e5,United States,0.0,True
4c01ed,Serbia,99.35,False
a78325,United States,41.31,False
4c01ee,Serbia,0.19,True
4cad80,Ireland,230.75,False
a4105b,United States,189.45,False
abc1ef,United States,49.98,False
acf4f9,United States,54.79,False
a66346,United States,172.45,False
4d21f0,Malta,57.29,False
a1b092,United States,150.5,False
ac0906,United States,201.92,False
45d965,Denmark,236.97,False
a4ce21,United States,0.0,True
45d962,Denmark,197.75,False
a302a0,United States,193.02,False
a172d4,United States,261.27,False
a292aa,United States,53.2,False
a448db,United States,197.63,False
a172c9,United States,48.9,False
a7d395,United States,232.68,False
ae116b,United States,72.74,False
a23e63,United States,48.58,False
abb19c,United States,0.06,True
a0fe7a,United States,169.13,False
a90059,United States,59.04,False
88140e,Thailand,145.27,False
39c494,France,243.3,False
a35e47,United States,86.28,False
39c495,France,177.82,False
a448d7,United States,2.31,True
a448d6,United States,165.12,False
a448d5,United States,272.77,False
a0a2bd,United States,206.23,False
a47e28,United States,121.43,False
0d0f5e,Mexico,220.15,False
a448d3,United States,165.52,False
a11e5c,United States,50.72,False
ad29c1,United States,32.29,False
a4ce45,United States,39.53,False
ab99f4,United States,118.27,False
a555c3,United States,103.96,False
a448ba,United States,213.66,False
a09b53,United States,64.89,False
c03da9,Canada,174.67,False
a23e44,United States,52.39,False
ae117b,United States,62.76,False
a35e29,United States,153.24,False
a7d39d,United States,192.52,False
a09b65,United States,188.42,False
a11e77,United States,36.89,False
86e75e,Japan,5.4,True
ac3f2f,United States,187.41,False
a89086,United States,6.43,True
a0eb7e,United States,48.24,False
ac2c23,United States,191.82,False
a1c2f1,United States,1.54,False
a46b3e,United States,47.85,False
a10b97,United States,47.12,False
a46b3c,United States,52.63,False
34718e,Spain,193.79,False
485a81,Kingdom of the Netherlands,163.6,False
a7c00f,United States,247.54,False
862db6,Japan,233.05,False
a5307f,United States,209.92,False
151ef8,Russian Federation,204.0,False
850df2,Japan,152.55,False
a06703,United States,171.18,False
0d0f28,Mexico,248.68,False
4c0224,Serbia,271.07,False
adf194,United States,241.47,False
800c11,India,84.88,False
71bd73,Republic of Korea,223.57,False
7c32a8,Australia,49.48,False
a448fa,United States,8.23,True
a448fc,United States,9.26,True
800c0b,India,1.54,True
a65086,United States,226.71,False
a1d5fd,United States,42.19,False
39c48d,France,211.54,False
a292c9,United States,156.2,False
a4ce11,United States,180.84,False
862dd8,Japan,133.87,False
ac2c56,United States,0.0,True
a4ce15,United States,63.31,False
a35e66,United States,162.23,False
a8e002,United States,244.16,False
a23e8d,United States,38.92,False
a448f8,United States,201.18,False
a9cff8,United States,207.05,False
a448f6,United States,133.73,False
ac3dec,United States,77.12,False
4cabd1,Ireland,253.96,False
ac2abd,United States,185.1,False
4cabd2,Ireland,218.57,False
34714d,Spain,64.39,False
8469ec,Japan,249.92,False
4d2232,Malta,207.79,False
800c87,India,237.02,False
a71b43,United States,288.72,False
a6d8ff,United States,199.05,False
abc455,United States,260.68,False
a05410,United States,153.18,False
a7e5c1,United States,273.5,False
a4ce9d,United States,187.16,False
a72e6d,United States,112.99,False
a9ab08,United States,107.01,False
a0540a,United States,179.81,False
a422f7,United States,231.15,False
a4bb84,United States,31.49,False
a4bb97,United States,0.0,True
7c3361,Australia,62.97,False
4d2211,Malta,106.66,False
a4bb8a,United States,74.09,False
ac9478,United States,187.87,False
a7d2c4,United States,167.94,False
a22b8b,United States,55.09,False
ab6162,United States,245.77,False
ae6aab,United States,56.75,False
a35e9c,United States,180.9,False
abc478,United States,150.66,False
a83b3e,United States,76.67,False
0d0f07,Mexico,1.8,True
a782e4,United States,185.08,False
a0675f,United States,53.62,False
adf128,United States,208.07,False
ab616f,United States,215.82,False
a09ab9,United States,172.27,False
ac9498,United States,4.24,False
a05449,United States,273.56,False
a5ee51,United States,101.95,False
a675c0,United States,132.84,False
3c68cb,Germany,192.29,False
406015,United Kingdom,250.88,False
a9be02,United States,109.53,False
a938d4,United States,51.08,False
a29405,United States,55.34,False
abc49b,United States,212.62,False
a542d7,United States,220.3,False
a72e5b,United States,51.25,False
a0541b,United States,203.15,False
a72e5f,United States,45.47,False
aa79f9,United States,229.34,False
aa79f6,United States,7.72,True
a05434,United States,208.7,False
ac3f09,United States,172.93,False
4d2262,Malta,71.71,False
a5db2c,United States,104.9,False
4cabf8,Ireland,184.38,False
85c5dc,Japan,158.84,False
a1d76b,United States,226.01,False
a60da2,United States,38.71,False
a22ac6,United States,0.0,True
0d0dba,Mexico,214.56,False
7c5950,Australia,136.71,False
850e9c,Japan,263.59,False
a0eaca,United States,45.79,False
0d0dd1,Mexico,231.15,False
78562c,China,37.05,False
710064,Saudi Arabia,273.01,False
ab1db2,United States,207.61,False
8682da,Japan,247.59,False
86d2aa,Japan,231.72,False
a35dc2,United States,248.28,False
acf703,United States,55.75,False
ab8748,United States,272.34,False
a9ab72,United States,257.88,False
c03e07,Canada,234.44,False
861b64,Japan,205.29,False
4071c7,United Kingdom,221.62,False
861b69,Japan,258.14,False
a6c70f,United States,3.86,True
a2f721,United States,106.06,False
a3f120,United States,144.93,False
a0546c,United States,108.74,False
a079a5,United States,42.81,False
a41131,United States,62.99,False
7c3344,Australia,49.77,False
a41133,United States,54.74,False
a46ad6,United States,218.68,False
ab741e,United States,181.56,False
ab6101,United States,187.36,False
a1b162,United States,6.43,True
a2d11c,United States,48.68,False
a6fb71,United States,74.72,False
a34ae0,United States,195.62,False
a41120,United States,37.98,False
4cac16,Ireland,251.16,False
4cac12,Ireland,233.52,False
a2f77b,United States,124.08,False
a7d2bc,United States,209.56,False
a04175,United States,46.27,False
a41110,United States,55.0,False
a1b12a,United States,240.72,False
a46ab3,United States,63.28,False
ad5dd0,United States,57.45,False
71002c,Saudi Arabia,270.0,False
850e7a,Japan,198.46,False
ab0acb,United States,247.04,False
ac2ab3,United States,264.69,False
861b28,Japan,198.8,False
a17490,United States,208.18,False
a9be4c,United States,46.25,False
a0c9c7,United States,82.37,False
71be35,Republic of Korea,247.46,False
a209b9,United States,34.85,False
7c7a5d,Australia,50.79,False
ab1e90,United States,79.62,False
ac3e5d,United States,183.19,False
ac92b1,United States,204.08,False
71be25,Republic of Korea,242.0,False
acf5be,United States,245.82,False
71be21,Republic of Korea,238.72,False
a23f0c,United States,66.93,False
a8e102,United States,68.29,False
7c7a4d,Australia,236.13,False
c04fff,Canada,245.53,False
ad15cf,United States,280.22,False
a2d168,United States,52.5,False
a5449a,United States,292.26,False
75807f,Philippines,225.25,False
ac3e80,United States,180.69,False
7c7a3f,Australia,227.82,False
7c7a58,Australia,55.01,False
aa5457,United States,247.3,False
4cac0e,Ireland,256.51,False
ac2b61,United States,294.62,False
abc2c8,United States,178.06,False
a066a8,United States,275.53,False
a41144,United States,165.88,False
7c7a46,Australia,164.15,False
a2d147,United States,57.65,False
ac92e6,United States,250.53,False
4cac87,Ireland,212.66,False
ad4b73,United States,83.75,False
a173a8,United States,218.02,False
a5a759,United States,45.28,False
a96da2,United States,37.14,False
abc2e5,United States,213.36,False
86d2cc,Japan,136.81,False
a71aa5,United States,246.68,False
ad4b4d,United States,57.62,False
0d0e82,Mexico,257.02,False
a449af,United States,6.94,True
70e089,Cambodia,16.75,False
ad5e91,United States,49.97,False
c04fae,Canada,0.0,True
885b43,Thailand,0.51,False
885b44,Thailand,258.36,False
885b41,Thailand,208.41,False
885b42,Thailand,230.97,False
abc2f7,United States,43.04,False
a0c9fc,United States,221.13,False
a84dd1,United States,192.5,False
39c423,France,23.69,False
39c424,France,288.02,False
a6b439,United States,77.0,False
39c425,France,261.5,False
04c148,Kenya,79.23,False
39c429,France,252.97,False
c03cad,Canada,65.87,False
c03caf,Canada,103.41,False
a449a3,United States,155.49,False
4cac63,Ireland,218.03,False
a449a8,United States,190.78,False
a77111,United States,232.29,False
a11f46,United States,61.36,False
a10c0a,United States,58.26,False
71be01,Republic of Korea,183.93,False
a6c756,United States,188.72,False
a6c74a,United States,262.05,False
acf486,United States,175.3,False
a075df,United States,0.0,True
861bec,Japan,196.75,False
a9ccde,United States,229.88,False
0c20a4,Panama,236.23,False
7c33b1,Australia,47.4,False
a78056,United States,61.02,False
ac916e,United States,43.3,False
a24e45,United States,47.87,False
a088ec,United States,,True
aaa19e,United States,235.28,False
a338ac,United States,0.51,True
a062a4,United States,163.57,False
a6c39f,United States,200.63,False
aad9be,United States,83.31,False
ab96a4,United States,142.89,False
ab1c04,United States,163.35,False
a42072,United States,240.0,False
a92367,United States,216.19,False
0c20df,Panama,200.84,False
0c20dd,Panama,138.81,False
a48e53,United States,42.34,False
a062ec,United States,260.15,False
a5669f,United States,263.94,False
a85ce8,United States,68.94,False
7c7c5b,Australia,154.29,False
a35b34,United States,195.65,False
a8bfeb,United States,259.08,False
a36e73,United States,244.47,False
ac06a1,United States,146.97,False
abf9b1,United States,250.34,False
a1e5eb,United States,166.18,False
0c20cf,Panama,235.03,False
a35b27,United States,281.64,False
a0b2db,United States,148.82,False
a7f63d,United States,255.42,False
aac6b6,United States,61.01,False
a80329,United States,190.73,False
ad6f00,United States,46.47,False
a445b0,United States,5.4,True
aa779d,United States,130.17,False
86d538,Japan,154.38,False
0c20bb,Panama,233.76,False
800d36,India,246.02,False
a48e1f,United States,272.5,False
a6c365,United States,192.14,False
a062ca,United States,38.07,False
ae59c8,United States,46.82,False
a445a9,United States,211.74,False
adbf06,United States,247.19,False
a6c35d,United States,139.02,False
a445a2,United States,59.43,False
abf9d5,United States,0.0,False
a35b0b,United States,135.66,False
a67399,United States,277.08,False
ad26b2,United States,50.85,False
a8299a,United States,137.27,False
ab1c47,United States,0.0,True
0c20b6,Panama,235.24,False
0c20b5,Panama,226.3,False
aa777e,United States,81.56,False
7c33c6,Australia,98.78,False
ac06d0,United States,45.99,False
aa0dfa,United States,265.07,False
a23b36,United States,64.83,False
0c219f,Panama,238.06,False
ad2736,United States,115.51,False
ad2733,United States,199.82,False
aa76ef,United States,180.85,False
a48e7b,United States,187.75,False
aaa100,United States,49.1,False
710110,Saudi Arabia,3.86,True
a23b89,United States,41.54,False
a3be8f,United States,68.22,False
0c218a,Panama,245.61,False
4d211a,Malta,267.31,False
a445ee,United States,144.59,False
aac75f,United States,49.97,False
ac3aa8,United States,241.03,False
a445f8,United States,157.56,False
710102,Saudi Arabia,258.81,False
e8c068,Peru,110.98,False
a59b5d,United States,52.46,False
a445f0,United States,236.64,False
a72b40,United States,207.12,False
a73e6d,United States,212.57,False
abd41a,United States,123.25,False
aaa125,United States,267.24,False
710130,Saudi Arabia,268.51,False
ab9792,United States,0.0,True
7c7aed,Australia,3.86,True
a6d5e2,United States,158.8,False
a325fd,United States,220.1,False
01013d,Egypt,237.33,False
aa76cb,United States,97.46,False
a948c4,United States,289.38,False
a445cd,United States,4.12,True
aafacd,United States,38.73,False
a35b53,United States,40.85,False
ac3ac9,United States,183.2,False
710122,Saudi Arabia,240.33,False
a672d6,United States,27.17,False
7c479f,Australia,241.59,False
7c479d,Australia,171.42,False
800d7a,India,83.11,False
a20718,United States,58.25,False
a7d085,United States,198.84,False
abe77a,United States,206.15,False
aab477,United States,56.79,False
ac4dfb,United States,301.86,False
a698c5,United States,58.93,False
408314,United Kingdom,243.05,False
adbdc1,United States,220.0,False
86d57f,Japan,174.68,False
a708b0,United States,170.48,False
ace108,United States,228.7,False
a565bb,United States,67.16,False
ac912e,United States,121.03,False
c018d3,Canada,130.84,False
ad278c,United States,191.19,False
a59b34,United States,291.01,False
a19700,United States,53.37,False
79a061,China,255.01,False
abc14d,United States,1.29,True
a60b1e,United States,197.86,False
39d2ab,France,283.77,False
39d2ad,France,266.91,False
a24dc1,United States,5.92,True
0c210d,Panama,241.37,False
39d2b1,France,226.73,False
a7e2da,United States,117.79,False
39d2b4,France,266.04,False
a06461,United States,241.59,False
a9bb67,United States,41.87,False
a24dd1,United States,0.06,True
a06435,United States,1.8,False
4d2056,Malta,216.79,False
a96b60,United States,53.53,False
ab9715,United States,61.22,False
4d205c,Malta,68.03,False
a32718,United States,201.78,False
a56742,United States,45.44,False
a935e0,United States,231.96,False
a672f4,United States,54.93,False
a552fd,United States,19.98,False
c04cf4,Canada,5.92,True
a6c2bd,United States,52.8,False
a35aae,United States,204.67,False
a36dec,United States,83.82,False
a17140,United States,3.86,True
a1d44e,United States,136.45,False
a5a2cc,United States,231.3,False
7c7aca,Australia,136.92,False
7c7acd,Australia,77.62,False
0c2160,Panama,214.75,False
a6d5dc,United States,135.13,False
a5eb61,United States,51.08,False
a0faf3,United States,260.67,False
aac71d,United States,275.83,False
a43423,United States,259.82,False
71145c,Saudi Arabia,246.32,False
a5eb68,United States,60.59,False
a35ab8,United States,206.43,False
a922bf,United States,153.36,False
a0fac3,United States,214.04,False
7c7ab4,Australia,231.68,False
7c7ab5,Australia,1.03,True
a96b14,United States,265.24,False
7c7ab9,Australia,0.0,True
a9ce0f,United States,61.22,False
a24de8,United States,3.6,True
7c7ab1,Australia,240.09,False
3b21ff,France,0.0,True
a948f6,United States,48.94,False
7c7aac,Australia,223.25,False
7c7aae,Australia,213.03,False
a2075e,United States,0.0,True
7c7aa4,Australia,0.19,True
7c7aa5,Australia,247.59,False
7c7aa7,Australia,239.84,False
a8ae3d,United States,63.09,False
a9bb06,United States,55.23,False
7c7aa0,Australia,95.21,False
7c7aa1,Australia,0.0,True
a72b6b,United States,201.27,False
a32753,United States,100.72,False
a4caba,United States,112.83,False
a5fde4,United States,49.05,False
abf8e0,United States,258.06,False
86e808,Japan,188.3,False
47becb,Norway,55.47,False
a5b768,United States,201.5,False
a35afa,United States,59.38,False
a4478d,United States,162.23,False
a5b764,United States,4.37,True
3abfff,France,0.0,True
71bf43,Republic of Korea,253.58,False
a72aa1,United States,86.27,False
a73dd3,United States,99.89,False
a67452,United States,256.81,False
a31486,United States,162.68,False
a12f08,United States,79.78,False
a12f09,United States,229.22,False
a35af8,United States,242.3,False
ab95da,United States,58.24,False
ac3b32,United States,208.68,False
abe5d2,United States,0.0,True
a84ab1,United States,229.98,False
7100b5,Saudi Arabia,225.38,False
7100b4,Saudi Arabia,238.59,False
a23af4,United States,50.93,False
ac18fe,United States,76.65,False
a5a455,United States,40.04,False
a35ae9,United States,50.16,False
a8042c,United States,27.5,False
a72ad9,United States,165.09,False
850edc,Japan,99.99,False
c0196c,Canada,237.22,False
a1d45a,United States,109.74,False
aab2bf,United States,0.13,True
abd2a9,United States,121.06,False
ac4e85,United States,237.12,False
a339b4,United States,162.41,False
a5540c,United States,159.61,False
ac3b51,United States,2.83,True
71bf09,Republic of Korea,211.0,False
71bf06,Republic of Korea,210.2,False
ad25de,United States,64.62,False
a4ddca,United States,0.26,True
0100a2,Egypt,266.05,False
ac3b78,United States,164.0,False
71bf29,Republic of Korea,202.93,False
a8170d,United States,272.2,False
abd2e6,United States,211.82,False
a12f6d,United States,186.74,False
a12f6f,United States,233.12,False
a196f3,United States,163.21,False
7c47ea,Australia,34.71,False
a12f73,United States,9.26,True
4b191f,Switzerland,250.84,False
a0fc35,United States,47.56,False
a61f05,United States,198.91,False
a699a1,United States,290.43,False
4b191a,Switzerland,271.42,False
7c34ab,Australia,54.2,False
4b1920,Switzerland,264.64,False
a24f66,United States,48.31,False
a12f4c,United States,202.84,False
a96ae3,United States,212.31,False
ac929c,United States,176.15,False
a36f1d,United States,217.13,False
a196bc,United States,41.24,False
c00821,Canada,248.61,False
a1e6b9,United States,199.98,False
a60c09,United States,256.9,False
aac7b1,United States,182.94,False
a12f72,United States,210.09,False
ac07b8,United States,184.82,False
a709b4,United States,46.27,False
ab1d28,United States,157.47,False
4caa5f,Ireland,239.79,False
a300a9,United States,205.13,False
aafd17,United States,201.31,False
71bf92,Republic of Korea,199.34,False
a23c5d,United States,277.49,False
a47c2b,United States,65.11,False
ab1d30,United States,261.81,False
40717a,United Kingdom,241.34,False
86d629,Japan,248.02,False
a73dfe,United States,251.14,False
71bf89,Republic of Korea,246.19,False
86d624,Japan,246.02,False
a81785,United States,61.89,False
a36f66,United States,146.61,False
a23c3e,United States,49.87,False
ab84c9,United States,199.68,False
abe7c5,United States,208.67,False
868688,Japan,266.33,False
ad14a3,United States,197.67,False
ac07dc,United States,184.16,False
a97dcb,United States,278.95,False
ad14a0,United States,180.36,False
a6b140,United States,24.18,False
a78151,United States,46.33,False
a85dfe,United States,60.42,False
a446b6,United States,109.84,False
a97de4,United States,185.91,False
a6c46f,United States,205.8,False
a48f33,United States,64.41,False
a12f9b,United States,52.02,False
a170ad,United States,27.86,False
ae4848,United States,0.0,True
a72c41,United States,141.09,False
ae4844,United States,52.22,False
a816ca,United States,292.6,False
ae4841,United States,49.77,False
abd536,United States,10.8,True
ad6ecb,United States,138.69,False
ab2eff,United States,52.06,False
0c2081,Panama,236.64,False
aaa224,United States,197.89,False
a7f6aa,United States,190.71,False
a3ac7a,United States,268.38,False
ad6ec5,United States,249.69,False
a420af,United States,153.06,False
a923a8,United States,248.66,False
ab1bdd,United States,50.11,False
a8af51,United States,93.06,False
a48f8c,United States,37.56,False
a85f41,United States,205.43,False
a5ff76,United States,87.69,False
0c205d,Panama,190.43,False
c006e0,Canada,6.94,True
0c2070,Panama,237.49,False
ad2862,United States,114.43,False
aa9a30,United States,133.81,False
0c2074,Panama,224.54,False
ab1bf9,United States,209.25,False
86d5a1,Japan,180.36,False
aa64ca,United States,188.92,False
abd559,United States,194.11,False
861e56,Japan,202.85,False
0c204c,Panama,212.11,False
ac088e,United States,6.43,True
3ba9ff,France,0.0,True
a2f3e2,United States,5.14,True
ab1bfb,United States,201.6,False
47ae38,Norway,273.59,False
a4cc95,United States,114.61,False
a4df52,United States,274.96,False
7c47b8,Australia,237.67,False
adbef0,United States,191.74,False
a4df56,United States,119.08,False
acf54f,United States,288.1,False
a73f35,United States,228.25,False
c03c02,Canada,227.7,False
a579fc,United States,50.97,False
aaa267,United States,120.11,False
a7d196,United States,51.65,False
ac3beb,United States,11.32,True
7c47a8,Australia,174.22,False
a11ba0,United States,288.29,False
711508,Saudi Arabia,186.24,False
a6b19c,United States,55.09,False
4d2047,Malta,260.76,False
7c47a3,Australia,11.83,True
aaa25f,United States,28.29,False
a32814,United States,190.27,False
4b906d,Turkey,235.4,False
4b906c,Turkey,63.61,False
adabce,United States,70.46,False
abd57e,United States,199.37,False
711543,Saudi Arabia,98.65,False
3c66c2,Germany,96.79,False
a553d7,United States,36.72,False
a709f3,United States,59.39,False
a3ac77,United States,219.52,False
4d200e,Malta,2.31,True
4b9067,Turkey,250.49,False
a553ce,United States,272.21,False
a0c823,United States,126.17,False
a1d534,United States,169.1,False
aaa0fc,United States,228.73,False
a0b550,United States,136.28,False
aa7816,United States,63.53,False
a5b802,United States,77.31,False
7c7bad,Australia,2.57,True
a32867,United States,4.63,True
a31533,United States,7.2,True
a32861,United States,202.68,False
0d0ffd,Mexico,222.87,False
7c4860,Australia,50.97,False
a7e3ed,United States,30.11,False
a96c72,United States,219.28,False
a12ecb,United States,49.48,False
a923ef,United States,245.33,False
ac0818,United States,234.52,False
a3bee2,United States,95.69,False
4082ac,United Kingdom,232.35,False
a8f0ab,United States,24.38,False
adac93,United States,160.01,False
ad2802,United States,223.79,False
a36ea8,United States,195.37,False
7c3515,Australia,45.88,False
a56862,United States,277.96,False
a56866,United States,210.27,False
7c3581,Australia,48.45,False
758201,Philippines,0.0,True
ab2ec9,United States,151.57,False
abe80e,United States,169.99,False
a23bfb,United States,159.32,False
a96c61,United States,156.36,False
a1726a,United States,49.94,False
a7f6f6,United States,199.06,False
a05296,United States,68.1,False
a3287f,United States,32.93,False
0d0fbe,Mexico,90.69,False
a35bbd,United States,40.13,False
a660dc,United States,44.92,False
a32893,United States,246.81,False
a1c229,United States,0.0,True
ab8537,United States,210.87,False
a8af59,United States,57.33,False
aa63ed,United States,4.89,True
a32886,United States,288.12,False
a96c2e,United States,139.9,False
abe82c,United States,171.25,False
7c7bcc,Australia,212.56,False
a36ee3,United States,282.46,False
a8af5f,United States,251.41,False
a6b0bd,United States,206.17,False
a793fd,United States,158.07,False
4b17de,Switzerland,0.0,True
a0b580,United States,51.35,False
abd50f,United States,199.48,False
a1e881,United States,80.34,False
0d0ff6,Mexico,149.51,False
ac06cd,United States,92.57,False
c03aa1,Canada,36.35,False
7c7c9b,Australia,229.16,False
7c7c9c,Australia,235.75,False
abe6bc,United States,36.61,False
a60bcb,United States,189.64,False
a80538,United States,46.35,False
ac4f4c,United States,216.0,False
aa5237,United States,208.54,False
3481d5,Spain,0.0,True
aab3ab,United States,260.22,False
abf9f8,United States,177.21,False
a5fef4,United States,178.45,False
ac4f74,United States,6.17,True
3481c9,Spain,152.79,False
a67571,United States,10.8,True
aac6ee,United States,277.99,False
c00757,Canada,200.71,False
a4cbeb,United States,244.88,False
a72bda,United States,66.14,False
a2f584,United States,230.43,False
ab83e8,United States,213.34,False
ac4f6f,United States,111.64,False
0d0fa2,Mexico,219.16,False
a0b59d,United States,216.18,False
3c4222,Germany,3.34,True
a6d88b,United States,257.66,False
a5ebe4,United States,46.65,False
a54280,United States,256.38,False
ad5c30,United States,213.13,False
ad5c33,United States,222.95,False
a47bd2,United States,49.49,False
a2e235,United States,242.97,False
ac90a7,United States,7.46,True
abd3c7,United States,287.21,False
ac4f92,United States,259.33,False
4caa41,Ireland,224.84,False
a0fd13,United States,29.47,False
adbf62,United States,49.43,False
4caa40,Ireland,227.12,False
a197ce,United States,76.9,False
a3befa,United States,191.45,False
aa0ec7,United States,202.7,False
451cc1,Bulgaria,236.77,False
a8050e,United States,169.54,False
4b1916,Switzerland,76.58,False
a077c5,United States,55.71,False
ad5c89,United States,196.95,False
a5688a,United States,258.15,False
c00741,Canada,3.6,True
a55568,United States,48.26,False
aa781f,United States,271.53,False
abc0e4,United States,184.53,False
ac90de,United States,38.67,False
a1c28c,United States,87.07,False
4b1900,Switzerland,181.74,False
aa0ea1,United States,221.54,False
a54245,United States,248.48,False
