icao24,origin_country,velocity,on_ground
c07d0b,Canada,45.69,False
a4d862,United States,50.95,False
801640,India,0.0,True
a4d86a,United States,141.35,False
acdfa6,United States,97.34,False
a4c54a,United States,37.47,False
aae30b,United States,138.43,False
aa9300,United States,174.88,False
a23563,United States,1.8,True
801619,India,261.17,False
7c1bb8,Australia,156.53,False
801622,India,5.92,True
a4d889,United States,232.37,False
851914,Japan,195.38,False
a15bf8,United States,52.14,False
ad6954,United States,51.75,False
801625,India,200.8,False
ad5628,United States,216.62,False
a23578,United States,41.18,False
407a05,United Kingdom,238.58,False
a2ded8,United States,227.71,False
a4b234,United States,110.84,False
ad694c,United States,181.15,False
8a02ca,Indonesia,77.48,False
a34215,United States,206.0,False
a2355d,United States,155.1,False
ac498d,United States,82.21,False
adeca5,United States,269.13,False
ac498c,United States,252.56,False
ab0356,United States,221.18,False
ae6309,United States,6.94,True
abacd2,United States,122.48,False
aae32d,United States,243.13,False
7c725c,Australia,63.81,False
a47597,United States,0.0,True
e80251,Chile,222.25,False
4bc8c2,Turkey,205.35,False
abf008,United States,179.28,False
a61836,United States,10.29,True
801697,India,222.13,False
8a02ae,Indonesia,214.11,False
841a6c,Japan,113.91,False
ac234f,United States,8.23,True
ac101f,United States,217.55,False
acdffc,United States,229.89,False
801663,India,256.71,False
ac3688,United States,171.31,False
ae0ccd,United States,11.42,False
801665,India,275.97,False
801666,India,255.06,False
ae631a,United States,9.77,True
ae1ff9,United States,56.36,False
adecb6,United States,0.0,True
a4d84d,United States,83.49,False
e8026c,Chile,130.79,False
a3689e,United States,162.77,False
a3556f,United States,62.73,False
ac1042,United States,166.76,False
a950cb,United States,69.31,False
e48d49,Brazil,210.93,False
a3b86c,United States,108.08,False
7c1bdd,Australia,131.58,False
a53ee2,United States,274.66,False
ac21e4,United States,189.96,False
0d11c0,Mexico,220.75,False
accd77,United States,57.65,False
a9522d,United States,133.9,False
adda1b,United States,101.73,False
a4b294,United States,162.13,False
e80211,Chile,214.76,False
a8456a,United States,65.39,False
adda24,United States,204.08,False
ac6a65,United States,136.01,False
accd69,United States,258.52,False
8a0418,Indonesia,235.6,False
e8020f,Chile,248.95,False
adb7f4,United States,42.85,False
0800ae,United Republic of Tanzania,236.16,False
a6f23d,United States,152.95,False
adb7f9,United States,67.09,False
4bc8cd,Turkey,256.18,False
a71291,United States,195.92,False
e8021e,Chile,213.67,False
3455c1,Spain,262.4,False
aded77,United States,0.0,True
ad41cd,United States,164.11,False
a127bb,United States,179.69,False
a34291,United States,180.8,False
a9787f,United States,51.0,False
a5d28e,United States,0.0,True
a3428e,United States,290.67,False
c0226c,Canada,245.36,False
e80246,Chile,165.88,False
e48bf8,Brazil,162.34,False
a5823e,United States,240.55,False
c07bbe,Canada,235.32,False
a97861,United States,0.0,False
ac4917,United States,109.67,False
a091d5,United States,208.58,False
4cc2ad,Iceland,243.54,False
a88ba7,United States,44.83,False
ab1612,United States,130.17,False
440202,Austria,55.71,False
a5958c,United States,291.2,False
a1ad45,United States,150.73,False
a8584a,United States,217.89,False
a5f87d,United States,26.92,False
a1ad46,United States,0.0,True
a96541,United States,42.64,False
46b822,Greece,243.6,False
a76bdd,United States,84.63,False
aa099e,United States,191.84,False
4cc2a7,Iceland,254.37,False
a0f4b5,United States,252.77,False
adda93,United States,86.33,False
a1ad1f,United States,47.4,False
ab6fbf,United States,263.53,False
aaf617,United States,259.74,False
a8a82f,United States,249.44,False
a85887,United States,248.58,False
a091ab,United States,234.07,False
aaf60a,United States,209.06,False
a39d11,United States,188.21,False
a8320e,United States,137.26,False
a7bbb2,United States,222.27,False
a724a8,United States,265.86,False
c0482a,Canada,0.0,True
a3ed69,United States,95.45,False
a4c4aa,United States,1.03,True
7cf9f1,Australia,134.07,False
a00912,United States,265.0,False
87455c,Japan,87.36,False
ac34a0,United States,277.0,False
8014b0,India,254.3,False
a39d71,United States,0.0,True
a40d59,United States,40.18,False
a4c4bb,United States,240.81,False
8014ad,India,209.98,False
ad67a7,United States,82.86,False
a5f7d9,United States,21.25,False
a64d42,United States,0.0,True
a00929,United States,4.37,True
accd13,United States,178.93,False
a02a79,United States,209.26,False
accd12,United States,236.51,False
accd10,United States,255.36,False
4aca85,Sweden,186.78,False
ab5d52,United States,10.29,True
accd18,United States,67.85,False
e07584,Argentina,122.81,False
a0f4f6,United States,220.92,False
a3ed7c,United States,277.03,False
ab5d4a,United States,227.47,False
c81d80,New Zealand,194.98,False
84d283,Japan,182.3,False
87457e,Japan,221.45,False
c04850,Canada,66.92,False
a2cd44,United States,48.49,False
ad67ae,United States,227.95,False
c81d8e,New Zealand,230.46,False
a3ed96,United States,159.06,False
a3ed91,United States,236.83,False
a38a21,United States,213.18,False
ac47de,United States,229.47,False
7c1c23,Australia,75.8,False
8014e4,India,214.56,False
8014e5,India,217.48,False
ad9d42,United States,46.11,False
aa3d09,United States,168.03,False
c81d9d,New Zealand,224.38,False
ab14f5,United States,49.24,False
8014dd,India,253.39,False
ac34bf,United States,160.49,False
c04800,Canada,30.12,False
ac6a1f,United States,0.0,True
a39d9b,United States,207.53,False
adb7b8,United States,137.22,False
a9a266,United States,111.29,False
e0b285,Argentina,223.31,False
acba1b,United States,229.72,False
a3b7f4,United States,163.34,False
86cef4,Japan,193.82,False
e49ed4,Brazil,6.17,True
87453a,Japan,183.73,False
a4d7e4,United States,182.32,False
7cf9fa,Australia,143.34,False
7c2f7d,Australia,57.12,False
abad6c,United States,4.89,True
a39d95,United States,257.76,False
ad9d59,United States,27.73,False
7c1c4f,Australia,104.69,False
7c2f92,Australia,54.48,False
344455,Spain,214.27,False
a09322,United States,191.34,False
a4fa91,United States,36.89,False
8a03a6,Indonesia,269.93,False
aa2a7f,United States,138.7,False
a03ce6,United States,227.08,False
a35605,United States,192.0,False
a9ea05,United States,54.94,False
e48c4c,Brazil,152.14,False
8014fa,India,233.95,False
c07c7a,Canada,192.38,False
ad9bef,United States,44.45,False
a10308,United States,52.55,False
a831e5,United States,256.22,False
a6191c,United States,44.67,False
a5d1b9,United States,260.75,False
a46304,United States,227.87,False
a3696e,United States,199.68,False
ae6266,United States,213.07,False
a88d47,United States,224.17,False
a2ccb7,United States,57.53,False
0d1201,Mexico,242.48,False
0d1202,Mexico,223.7,False
a27cdc,United States,71.55,False
471f35,Hungary,190.26,False
a40ca4,United States,234.18,False
a9b4a4,United States,273.63,False
7809f0,China,163.4,False
801612,India,218.74,False
0d1216,Mexico,208.65,False
0d1218,Mexico,234.64,False
aa2a38,United States,75.0,False
a03cde,United States,74.05,False
488184,Poland,222.97,False
0d1228,Mexico,260.65,False
a4fa78,United States,287.96,False
7c2f03,Australia,7.2,False
a3560b,United States,204.71,False
c81ce4,New Zealand,50.13,False
ab5d21,United States,161.05,False
a977d4,United States,233.46,False
0d1233,Mexico,144.03,False
ab27d8,United States,64.32,False
a59662,United States,39.78,False
a4d97e,United States,188.06,False
c07e39,Canada,57.21,False
e48c04,Brazil,211.44,False
a76cb4,United States,214.93,False
ad572a,United States,141.03,False
ac2412,United States,207.62,False
a5e635,United States,50.46,False
ad9db0,United States,214.41,False
a76cb8,United States,258.73,False
a4765f,United States,55.69,False
80175a,India,238.46,False
4cc277,Iceland,230.47,False
a9660b,United States,36.31,False
abadc0,United States,220.19,False
a40ce4,United States,270.51,False
a60665,United States,65.04,False
ac3751,United States,199.68,False
c07e32,Canada,240.83,False
800446,India,169.11,False
801778,India,245.15,False
c07e33,Canada,171.16,False
7c1cdb,Australia,121.06,False
a40cd9,United States,273.9,False
a76cba,United States,78.77,False
a2dffe,United States,122.45,False
a9ea89,United States,45.51,False
801744,India,150.71,False
a2ccd3,United States,31.67,False
ad574f,United States,260.29,False
a71337,United States,151.88,False
c07e62,Canada,220.04,False
ac2439,United States,205.34,False
a40cbb,United States,132.59,False
a64cce,United States,232.17,False
a2ccbf,United States,0.06,True
a08065,United States,72.08,False
c035bb,Canada,200.86,False
801748,India,224.5,False
a9ea96,United States,252.72,False
a85964,United States,186.14,False
a7130c,United States,203.74,False
c07e59,Canada,251.26,False
ad9dac,United States,0.0,True
a46310,United States,249.3,False
c035d4,Canada,218.48,False
a76cc0,United States,214.43,False
a64cdb,United States,204.4,False
a36994,United States,7.72,True
e0b0c5,Argentina,250.1,False
ac377b,United States,0.06,True
a65fb8,United States,148.53,False
a9a1e0,United States,190.68,False
7cb035,Australia,0.0,True
e4a6bf,Brazil,31.9,True
3c4b32,Germany,267.61,False
abadf9,United States,68.03,False
a45051,United States,126.94,False
a99a96,United States,240.06,False
e49f5a,Brazil,225.03,False
a72604,United States,43.29,False
a9b4fe,United States,33.99,False
3c4b2f,Germany,241.79,False
a4503d,United States,219.74,False
0d10f8,Mexico,0.0,True
e4a6ae,Brazil,154.27,False
a951e8,United States,69.49,False
a85931,United States,148.23,False
a9fd75,United States,51.68,False
a46368,United States,243.9,False
0d10fe,Mexico,223.62,False
a52cc8,United States,159.34,False
801788,India,247.31,False
a9b4de,United States,285.31,False
ac379a,United States,221.31,False
a3fffc,United States,206.28,False
a008c9,United States,198.92,False
ad445c,United States,162.09,False
a1f03a,United States,95.57,False
e49f59,Brazil,184.01,False
ac247a,United States,191.76,False
ad42db,United States,30.98,False
a39e0c,United States,271.12,False
a5c061,United States,70.37,False
8a0301,Indonesia,74.61,False
c0104f,Canada,214.85,False
a45091,United States,89.52,False
a248df,United States,64.83,False
a2ce05,United States,95.0,False
c0103e,Canada,267.64,False
0d10ac,Mexico,201.15,False
a235b7,United States,197.99,False
a88cec,United States,283.65,False
c01049,Canada,254.64,False
a368ab,United States,55.08,False
a03e86,United States,81.24,False
a27e31,United States,231.81,False
ae0e81,United States,45.56,False
a14b1a,United States,11.32,True
ad42fa,United States,52.08,False
a45072,United States,265.26,False
0d10bb,Mexico,182.6,False
0d10bc,Mexico,162.09,False
a008ed,United States,209.37,False
ae62f8,United States,7.2,True
a8469e,United States,218.88,False
a9b658,United States,163.16,False
a70079,United States,167.85,False
a1ae05,United States,114.21,False
4bb4f0,Turkey,242.69,False
8016a2,India,185.49,False
a7000a,United States,210.49,False
a84663,United States,199.77,False
4aca65,Sweden,277.54,False
4aca67,Sweden,1.29,True
a7133f,United States,177.73,False
7c1cb5,Australia,85.41,False
8016a4,India,0.0,True
a58379,United States,38.4,False
a092ea,United States,0.06,True
a2bb10,United States,181.8,False
a83326,United States,36.23,False
ac370b,United States,4.63,True
7c2fd3,Australia,66.88,False
a7398e,United States,257.95,False
76b863,Singapore,241.79,False
76b868,Singapore,130.09,False
8016b7,India,231.17,False
ab172f,United States,31.42,False
a7cfe3,United States,226.47,False
a475a3,United States,0.0,True
a57061,United States,220.43,False
a9c938,United States,281.34,False
a102b6,United States,32.11,False
ab0416,United States,181.32,False
c81c28,New Zealand,41.83,False
ab5dab,United States,227.42,False
a8efba,United States,134.2,False
aa944a,United States,269.51,False
4bb4e3,Turkey,252.76,False
aa2abc,United States,227.77,False
aa9459,United States,23.86,False
a88ccf,United States,271.12,False
ac3731,United States,275.04,False
c81c31,New Zealand,85.61,False
c81c33,New Zealand,34.65,False
a15e6d,United States,81.23,False
847114,Japan,202.44,False
c03689,Canada,92.24,False
a462d2,United States,215.2,False
a3a5ec,United States,264.1,False
8015c6,India,225.24,False
ab15ba,United States,195.07,False
ac7e1c,United States,261.47,False
a2ce7d,United States,206.32,False
c81c47,New Zealand,35.51,False
ad9e28,United States,75.47,False
a5e5ae,United States,50.68,False
a2ce7f,United States,32.94,False
a14b8f,United States,63.13,False
a51b58,United States,255.94,False
47b1dc,Norway,233.63,False
ac48f2,United States,147.86,False
c0493b,Canada,115.06,False
84c068,Japan,182.05,False
ab4b34,United States,215.4,False
c81c56,New Zealand,41.87,False
a38b61,United States,0.51,True
aa2b21,United States,199.37,False
aaf5bd,United States,100.91,False
ae0e29,United States,50.6,False
ad68f0,United States,135.3,False
a605f0,United States,23.61,False
a858f3,United States,177.24,False
a475d8,United States,0.0,True
ab5e6c,United States,6.17,True
8015a5,India,219.26,False
a39e6b,United States,188.43,False
a15e9b,United States,96.2,False
ac6b22,United States,67.1,False
a9a397,United States,195.17,False
a858f6,United States,241.7,False
a88e2e,United States,196.97,False
a26b4a,United States,241.95,False
873378,Japan,215.4,False
a5e5f0,United States,48.46,False
a2bb1a,United States,49.28,False
ae0e3f,United States,53.68,False
8015fc,India,190.04,False
a3b8f5,United States,196.39,False
abae62,United States,183.94,False
885301,Thailand,251.37,False
0d1171,Mexico,229.93,False
acce3f,United States,227.06,False
e49de4,Brazil,211.77,False
a3a5d9,United States,212.88,False
ac7e80,United States,206.45,False
0d116a,Mexico,229.85,False
3c4ad9,Germany,275.54,False
a9536a,United States,126.9,False
acce75,United States,181.88,False
a2bb89,United States,219.92,False
a462f1,United States,158.9,False
8015e5,India,243.61,False
a3a5cf,United States,94.6,False
a95380,United States,48.12,False
0d1182,Mexico,158.75,False
c81c9e,New Zealand,130.91,False
ada5d1,United States,36.76,False
ac6b62,United States,185.55,False
05a0af,Maldives,253.75,False
a3a5db,United States,50.22,False
ad9e73,United States,207.97,False
88530f,Thailand,1.8,True
a582a3,United States,125.22,False
abae8f,United States,204.69,False
ad9e76,United States,166.61,False
88530d,Thailand,5.4,True
7c0a57,Australia,85.19,False
0d118c,Mexico,248.31,False
e48b64,Brazil,230.72,False
e48b66,Brazil,219.28,False
a0f73c,United States,202.56,False
e48b65,Brazil,199.06,False
4bc854,Turkey,182.05,False
e49e7d,Brazil,144.8,False
a39da1,United States,114.54,False
4bc84d,Turkey,243.58,False
0d111a,Mexico,246.84,False
ada64d,United States,218.83,False
aa92fa,United States,257.7,False
0d112a,Mexico,6.17,True
c06a7d,Canada,0.0,True
c06a7a,Canada,238.27,False
0d1140,Mexico,220.55,False
a52da3,United States,28.37,False
70204a,Bangladesh,276.27,False
a87b8a,United States,134.22,False
ad4395,United States,229.26,False
4bc841,Turkey,213.23,False
0d1158,Mexico,243.14,False
a35701,United States,153.76,False
841b6a,Japan,268.76,False
aa2b79,United States,180.81,False
87339a,Japan,5.4,True
a582f9,United States,3.09,False
a21127,United States,157.35,False
a5d2d4,United States,217.39,False
a1179b,United States,48.87,False
a63b69,United States,165.66,False
a99b1b,United States,175.76,False
8518ae,Japan,1.29,True
a2376e,United States,35.02,False
a10477,United States,63.24,False
ad3067,United States,276.46,False
80171a,India,232.86,False
a39dca,United States,240.4,False
a88e54,United States,220.91,False
ab28d7,United States,0.0,True
a39dd0,United States,233.23,False
ac7e15,United States,161.66,False
ac48ac,United States,11.83,True
ac48d3,United States,271.53,False
ac48d6,United States,33.85,False
aaf5a9,United States,3.09,True
a9c8d2,United States,95.95,False
4bc888,Turkey,230.72,False
abf09e,United States,211.89,False
702034,Bangladesh,137.23,False
abf09c,United States,194.05,False
4bc890,Turkey,139.78,False
a14ad1,United States,191.04,False
73806d,Israel,141.27,False
73806c,Israel,255.99,False
a6bfa6,United States,246.3,False
a36661,United States,197.31,False
a0f355,United States,239.27,False
c2b03f,Canada,79.51,False
a4d624,United States,138.23,False
c058ae,Canada,242.46,False
a4995f,United States,0.0,True
a2467a,United States,0.0,True
80187d,India,227.81,False
a4e95e,United States,40.69,False
a3796b,United States,45.97,False
a1cffd,United States,191.9,False
7cc427,Australia,32.16,False
ab2752,United States,61.86,False
c058cb,Canada,219.5,False
a3fcd6,United States,228.01,False
a3795a,United States,223.69,False
801861,India,230.64,False
c07b05,Canada,218.73,False
738069,Israel,242.44,False
a10019,United States,51.17,False
80184e,India,245.34,False
c058cd,Canada,219.06,False
4bb46e,Turkey,227.36,False
ab2760,United States,0.0,True
80052d,India,95.45,False
ac340a,United States,182.11,False
738072,Israel,269.28,False
738073,Israel,228.21,False
c058bb,Canada,238.22,False
c02067,Canada,81.48,False
a8da3b,United States,131.63,False
adb723,United States,185.26,False
8733bc,Japan,213.06,False
7c6179,Australia,54.39,False
aa0701,United States,234.77,False
a4733e,United States,208.3,False
abaaa8,United States,216.48,False
a04e00,United States,159.72,False
738050,Israel,259.99,False
738054,Israel,254.86,False
ac7aa9,United States,6.69,True
a11380,United States,263.05,False
ac210e,United States,39.1,True
70209a,Bangladesh,278.52,False
a86904,United States,146.13,False
e48b01,Brazil,208.94,False
a3401a,United States,196.6,False
ad675f,United States,237.92,False
440081,Austria,225.01,False
ae740b,United States,59.16,False
aaf459,United States,50.93,False
ae7408,United States,75.43,False
ad6758,United States,226.7,False
a2dce1,United States,217.64,False
ae7400,United States,62.29,False
c02070,Canada,0.0,True
e80047,Chile,186.24,False
800584,India,238.34,False
440070,Austria,240.66,False
aa3b99,United States,55.53,False
ae1daa,United States,68.42,False
aa3b92,United States,92.76,False
a7ba5f,United States,41.49,False
c04687,Canada,111.64,False
a7ccce,United States,10.8,True
a005b3,United States,0.0,True
a9c62b,United States,54.33,False
a6f00d,United States,182.92,False
a4c37e,United States,0.0,True
8a064c,Indonesia,230.21,False
a59398,United States,243.98,False
adb5b3,United States,50.66,False
ac32cf,United States,196.92,False
a3539d,United States,202.3,False
ae1e58,United States,136.64,False
a97675,United States,184.94,False
a258b7,United States,211.44,False
e0b058,Argentina,7.72,True
a258b4,United States,10.29,True
a6acdd,United States,31.38,False
adb5de,United States,31.98,False
ae0b3e,United States,0.0,True
a4b065,United States,264.14,False
abab67,United States,187.11,False
ac32f2,United States,186.98,False
abab83,United States,53.03,False
a48699,United States,92.92,False
aa3ae2,United States,5.4,True
a89cdf,United States,6.94,True
a8699a,United States,194.57,False
a89cdc,United States,53.55,False
abab79,United States,64.95,False
a4d65c,United States,174.87,False
ac7b8a,United States,10.29,True
adfe91,United States,114.31,False
a245b7,United States,3.34,True
a258ed,United States,273.1,False
a91fcf,United States,38.35,False
8840f8,Thailand,68.13,False
a03b67,United States,213.0,False
c04660,Canada,59.68,False
a86981,United States,48.49,False
8017a0,India,199.85,False
c04662,Canada,37.73,False
a15b05,United States,258.6,False
aa3aa4,United States,37.96,False
a65cf1,United States,192.42,False
a97608,United States,219.91,False
ab2728,United States,225.93,False
a61697,United States,39.97,False
aa0759,United States,66.76,False
a73665,United States,201.36,False
a04e73,United States,53.04,False
a41e4e,United States,31.65,False
89611d,United Arab Emirates,112.67,False
a3fe3d,United States,46.72,False
89611b,United Arab Emirates,198.96,False
ab38bd,United States,50.12,False
a40b1b,United States,37.75,False
a6ae15,United States,53.88,False
a39b39,United States,233.54,False
c81b24,New Zealand,88.39,False
8016dd,India,232.66,False
70472b,Myanmar,103.56,False
781b4b,China,113.94,False
a1be72,United States,174.76,False
a28e6c,United States,55.66,False
a39b35,United States,54.64,False
7c72ac,Australia,71.22,False
a41e2c,United States,245.7,False
a2cb14,United States,241.21,False
8016ae,India,216.34,False
c81b3d,New Zealand,58.01,False
abbe0c,United States,69.27,False
a3a2c2,United States,46.11,False
a39b19,United States,165.78,False
aa908e,United States,8.75,True
a125f9,United States,128.41,False
8016c8,India,194.03,False
7c72b4,Australia,4.12,True
c1ea6a,Canada,4.37,True
a1be3a,United States,100.13,False
8016d4,India,210.45,False
a365b7,United States,261.22,False
a615d0,United States,11.32,True
a41e29,United States,196.6,False
a0f2c6,United States,53.67,False
abbe24,United States,83.78,False
e49caa,Brazil,82.04,False
e49cac,Brazil,269.47,False
ac45ac,United States,223.52,False
a8303f,United States,42.95,False
ac45d6,United States,83.33,False
a41e90,United States,241.28,False
a12701,United States,35.67,False
e4a612,Brazil,188.11,False
ab6e70,United States,53.29,False
a5e39d,United States,189.28,False
ac8e53,United States,174.17,False
ab25ed,United States,54.91,False
a9633c,United States,50.08,False
abbe4a,United States,280.51,False
a472ac,United States,40.34,False
c81b83,New Zealand,32.41,True
a4d5a1,United States,249.21,False
ab5b66,United States,242.33,False
a97690,United States,54.06,False
c1ea38,Canada,6.43,True
a962b0,United States,58.96,False
aca97c,United States,30.25,False
ab0032,United States,221.84,False
a12733,United States,226.85,False
a52b8c,United States,54.69,False
a9c5c5,United States,228.48,False
ac8cf1,United States,187.09,False
a04dc4,United States,64.47,False
a88b46,United States,35.11,False
a3eb9c,United States,35.51,False
aa3b84,United States,249.87,False
ada309,United States,224.41,False
a24720,United States,7.72,True
801806,India,68.94,False
af0955,United States,40.64,False
a1272f,United States,195.17,False
acdcc3,United States,116.59,False
8626cc,Japan,181.32,False
ac468d,United States,207.12,False
89617e,United Arab Emirates,201.48,False
738101,Israel,281.3,False
ac2038,United States,0.0,True
738100,Israel,219.26,False
896191,United Arab Emirates,266.66,False
adb653,United States,200.89,False
a90e61,United States,197.04,False
adb656,United States,224.17,False
8a05ac,Indonesia,2.06,True
a7ce87,United States,36.21,False
8a05ab,Indonesia,0.0,True
a1270f,United States,247.73,False
adc96f,United States,84.22,False
a7ce6c,United States,57.7,False
ac337e,United States,220.55,False
a988d1,United States,0.06,True
a24757,United States,124.58,False
ad402f,United States,6.69,True
a602ab,United States,223.48,False
ae6024,United States,45.79,False
c044b2,Canada,10.29,True
a4c2ad,United States,0.77,True
896178,United Arab Emirates,201.38,False
a8ee20,United States,43.21,False
a48713,United States,175.13,False
a748f8,United States,113.86,False
a868cb,United States,6.69,True
89616a,United Arab Emirates,233.06,False
a1277a,United States,198.87,False
adb65b,United States,0.0,True
800520,India,222.62,False
896185,United Arab Emirates,76.4,False
a12750,United States,273.74,False
a12753,United States,192.0,False
40690a,United Kingdom,226.5,False
ac2082,United States,258.17,False
ae6046,United States,188.34,False
c031a0,Canada,172.82,False
80180e,India,133.92,False
a722b1,United States,270.67,False
ab38aa,United States,146.75,False
a65e8c,United States,62.48,False
c07a14,Canada,6.69,True
adb67c,United States,65.37,False
a9fb92,United States,183.79,False
a77da1,United States,235.15,False
ac4843,United States,197.08,False
ab5bb1,United States,272.2,False
a77dae,United States,213.51,False
a12796,United States,246.71,False
017073,Egypt,41.78,False
a12797,United States,281.94,False
a1277b,United States,277.53,False
3ad3ff,France,10.8,True
a28deb,United States,44.3,False
a11473,United States,6.69,True
47b121,Norway,246.81,False
c059db,Canada,57.53,False
ac8ee5,United States,166.4,False
a4871c,United States,0.0,True
ab5bd4,United States,102.75,False
7cc529,Australia,54.55,False
ac486a,United States,211.04,False
ab6efc,United States,0.0,True
ab1573,United States,48.15,False
ae1eb3,United States,114.81,False
aaf562,United States,7.72,True
ae1eb1,United States,107.76,False
a7bb77,United States,219.15,False
ac4888,United States,246.79,False
abbedb,United States,225.45,False
a9fb4e,United States,281.08,False
ab5bf0,United States,288.45,False
ad6884,United States,230.29,False
a09188,United States,136.24,False
452180,Bulgaria,278.21,False
a39ada,United States,169.26,False
ad687b,United States,66.01,False
500194,San Marino,250.39,False
a2348d,United States,192.83,False
8a03c4,Indonesia,139.21,False
aaf587,United States,19.26,False
a40ac2,United States,89.33,False
e49d20,Brazil,192.52,False
a3411f,United States,256.21,False
ababe8,United States,207.34,False
a23494,United States,171.5,False
ababe1,United States,200.05,False
a27aee,United States,0.0,True
a36799,United States,136.96,False
ac20c4,United States,248.08,False
a4c48f,United States,126.54,False
abac67,United States,46.81,False
a7baaf,United States,77.31,False
a8a785,United States,153.52,False
a126c4,United States,191.38,False
8a051c,Indonesia,129.51,False
a34185,United States,62.79,False
aae0db,United States,185.79,False
a9c737,United States,143.32,False
300a62,Italy,275.09,False
e49baf,Brazil,228.53,False
a16f15,United States,54.03,False
300a5c,Italy,171.39,False
452134,Bulgaria,252.04,False
a3549d,United States,0.0,True
ad9c6c,United States,56.02,False
a126eb,United States,231.45,False
c07aa4,Canada,96.18,False
a3a478,United States,50.49,False
a6add1,United States,35.36,False
a3eadd,United States,56.78,False
8a0508,Indonesia,74.13,False
aa3bf0,United States,62.19,False
a96411,United States,235.11,False
a41f37,United States,198.62,False
c02104,Canada,59.34,False
8005b9,India,232.69,False
a65dfa,United States,39.15,False
7020ac,Bangladesh,222.55,False
a61797,United States,5.14,True
a090c1,United States,56.6,False
7c7539,Australia,141.59,False
0d12ad,Mexico,198.21,False
aa921e,United States,62.25,False
a379dd,United States,283.14,False
7020b4,Bangladesh,223.85,False
aa9220,United States,195.76,False
a126cc,United States,282.05,False
440118,Austria,134.51,False
a52aed,United States,249.24,False
a379d3,United States,104.13,False
a5e44c,United States,232.32,False
7020bd,Bangladesh,222.97,False
c0477e,Canada,145.49,False
ab282b,United States,192.37,False
a379cd,United States,171.75,False
a85762,United States,45.47,False
ab6eb9,United States,178.99,False
e4a559,Brazil,203.14,False
e49bfe,Brazil,214.58,False
ac481d,United States,2.31,True
a4c492,United States,9.26,True
a83108,United States,229.83,False
aa4ee9,United States,166.94,False
a126e6,United States,284.5,False
a126e8,United States,234.34,False
a090a5,United States,35.17,False
a499a0,United States,0.0,True
a7cf10,United States,233.83,False
a89f0f,United States,54.31,False
a41f6c,United States,245.94,False
a41f72,United States,173.31,False
a2cc46,United States,145.18,False
4bb1e1,Turkey,227.53,False
a353c8,United States,139.91,False
a353c6,United States,189.72,False
a353d2,United States,193.67,False
8004dd,India,259.79,False
ab5c26,United States,209.6,False
a486d8,United States,194.6,False
4bb1e8,Turkey,263.61,False
ac46c3,United States,212.13,False
aa06b7,United States,201.12,True
a486be,United States,262.32,False
a499ec,United States,193.23,False
a6af55,United States,0.0,True
adc9b6,United States,290.15,False
ad79e8,United States,205.45,False
a593be,United States,43.96,False
4892c4,Poland,209.24,False
a233ce,United States,178.45,False
a28f6f,United States,39.6,False
a499dc,United States,48.46,False
4892c9,Poland,241.97,False
4892c8,Poland,236.09,False
c04738,Canada,227.92,False
a460d1,United States,231.43,False
ae1f2d,United States,10.15,False
896209,United Arab Emirates,287.83,False
abbf4c,United States,222.5,False
a9a132,United States,156.69,False
896213,United Arab Emirates,267.64,False
a3ff34,United States,55.91,False
ac46e0,United States,305.87,False
a52c03,United States,43.19,False
ac33c4,United States,0.0,True
896216,United Arab Emirates,235.89,False
8a0579,Indonesia,249.54,False
847294,Japan,228.04,False
ac20a1,United States,183.17,False
7380c2,Israel,261.54,False
7380c1,Israel,220.2,False
7380c6,Israel,238.72,False
7380c5,Israel,236.16,False
7380c4,Israel,248.27,False
a9778d,United States,67.66,False
7380c8,Israel,260.14,False
a9b43f,United States,3.6,True
a220cb,United States,197.95,False
a749c8,United States,149.32,False
ac7c52,United States,0.0,True
344344,Spain,178.75,False
344346,Spain,269.32,False
aaf3e8,United States,66.37,False
7380cb,Israel,232.72,False
7380ca,Israel,265.5,False
ac7c67,United States,181.83,False
ac33e2,United States,169.05,False
acdf4f,United States,84.06,False
ac212d,United States,0.0,True
a09204,United States,196.17,False
aa3c9a,United States,6.43,True
a9fc34,United States,6.94,True
a28eb7,United States,211.02,False
accac7,United States,170.82,False
ad677f,United States,0.0,True
a950b2,United States,228.21,False
a7bc58,United States,224.45,False
a76c79,United States,245.86,False
c07b3f,Canada,128.08,False
ab148b,United States,256.23,False
a16ebc,United States,209.22,False
c07b59,Canada,226.69,False
ac3477,United States,189.38,False
adb782,United States,169.75,False
a8a6cf,United States,64.65,False
ae7458,United States,216.02,False
a9d9f2,United States,114.72,False
ac2154,United States,195.64,False
abaadd,United States,207.3,False
a4d801,United States,57.65,False
a976df,United States,49.45,False
8a04a5,Indonesia,221.11,False
a3a503,United States,130.72,False
a40c8c,United States,60.62,False
ac2173,United States,279.78,False
a3a509,United States,169.95,False
7c617d,Australia,67.81,False
a5f6ef,United States,45.86,False
a23547,United States,72.65,False
a580b8,United States,34.1,False
a89f54,United States,53.66,False
abaafe,United States,183.26,False
a736e5,United States,54.18,False
a3ec93,United States,259.61,False
c07b09,Canada,65.51,False
a28ee7,United States,227.29,False
a1bee0,United States,11.83,True
a89f80,United States,209.93,False
a5e3e4,United States,157.39,False
a4b0bb,United States,232.53,False
c045f1,Canada,221.58,False
a36845,United States,45.39,False
0d0019,Mexico,243.07,False
a09239,United States,203.25,False
a28ec2,United States,80.93,False
a1beb8,United States,116.44,False
c07b39,Canada,90.94,False
a8a6b0,United States,54.18,False
a36834,United States,21.11,False
a6800a,United States,184.73,False
e47e71,Brazil,68.55,False
ad474c,United States,211.02,False
aa8477,United States,248.17,False
a0c081,United States,99.32,False
7c769b,Australia,48.29,False
a5d668,United States,218.5,False
abe101,United States,293.72,False
a6099c,United States,27.65,False
a2007c,United States,291.78,False
a6f643,United States,0.0,True
4bb266,Turkey,240.02,False
ab9148,United States,65.58,False
ac011d,United States,91.06,False
a96988,United States,35.69,False
a70333,United States,240.21,False
a32056,United States,122.43,False
4bb21a,Turkey,246.39,False
adddd5,United States,9.26,True
a0d397,United States,64.31,False
4079cc,United Kingdom,285.93,False
8a0809,Indonesia,235.2,False
02010d,Morocco,171.49,False
a0d392,United States,43.48,False
ac1466,United States,254.09,False
a4400d,United States,46.71,False
ad7ab8,United States,273.77,False
a0c075,United States,195.1,False
a81000,United States,266.53,False
a82332,United States,5.66,True
a81001,United States,205.96,False
a6803b,United States,56.16,False
8962e5,United Arab Emirates,229.85,False
7c6349,Australia,61.58,False
a3201f,United States,82.32,False
a02e09,United States,38.2,False
a81006,United States,206.19,False
aa7108,United States,97.71,False
020104,Morocco,252.5,False
ac5ada,United States,7.72,True
c012bd,Canada,0.39,True
a3a990,United States,219.02,False
a4c96c,United States,294.46,False
aa974f,United States,190.58,False
abe147,United States,94.16,False
a0f8d3,United States,139.43,False
4bb296,Turkey,198.08,False
adddda,United States,90.54,False
a5d623,United States,295.29,False
4bb290,Turkey,247.68,False
a9da7e,United States,47.65,False
aa1aa9,United States,140.9,False
c038ca,Canada,254.19,False
c038cc,Canada,0.13,True
a358a5,United States,49.33,False
4bb28d,Turkey,198.77,False
4bb28e,Turkey,209.5,False
ad479d,United States,207.69,False
aa8418,United States,240.25,False
aa9748,United States,53.22,False
ac015f,United States,245.36,False
abf480,United States,57.7,False
a57337,United States,285.19,False
ac5afd,United States,0.0,True
a4fcce,United States,234.09,False
a58672,United States,72.02,False
a5d648,United States,110.78,False
a095b4,United States,270.24,False
e47e7c,Brazil,5.14,True
a71654,United States,95.89,False
a2009d,United States,84.1,False
a9da7a,United States,108.16,False
4bb279,Turkey,230.35,False
3c5b32,Germany,273.14,False
4bb288,Turkey,267.97,False
ab4f15,United States,91.9,False
4bb282,Turkey,219.31,False
ae52fa,United States,0.51,True
a26e4a,United States,210.84,False
a63e14,United States,178.0,False
ab0730,United States,50.61,False
467719,Finland,8.23,True
a3a8ef,United States,64.82,False
a9ecdb,United States,50.55,False
a345a0,United States,130.46,False
a5d5a9,United States,43.41,False
a83697,United States,39.26,False
7cc62c,Australia,33.6,False
a9ffeb,United States,76.88,False
aae745,United States,53.11,False
a2ab47,United States,38.67,False
4bb1a3,Turkey,147.43,False
a465cf,United States,36.73,False
a6e358,United States,54.35,False
a6e361,United States,205.16,False
a8233a,United States,67.39,False
7c764c,Australia,62.38,False
aae757,United States,146.15,False
a7f02d,United States,51.56,False
a8dff1,United States,177.26,False
a37b45,United States,225.24,False
a3a8c0,United States,0.06,True
8a082f,Indonesia,78.34,False
a95665,United States,197.17,False
a8103e,United States,114.21,False
a9a631,United States,37.27,False
a465ad,United States,39.18,False
a25b3f,United States,217.25,False
ac1437,United States,56.19,False
020145,Morocco,248.99,False
a692d0,United States,36.7,False
780a62,China,258.73,False
acbe3e,United States,262.26,False
acbe3c,United States,226.6,False
a09728,United States,252.68,False
7cfa31,Australia,146.47,False
e80617,Chile,174.74,False
344043,Spain,0.0,False
acbe34,United States,210.4,False
aad2bc,United States,51.78,False
aae5f7,United States,10.8,True
896383,United Arab Emirates,219.55,False
e80620,Chile,213.42,False
a9ee1f,United States,42.88,False
ac5b43,United States,221.73,False
e80624,Chile,96.74,False
ac12d6,United States,196.85,False
7c0d6e,Australia,50.93,False
780a80,China,6.43,True
ac12be,United States,268.15,False
896354,United Arab Emirates,286.48,False
896353,United Arab Emirates,221.75,False
e80632,Chile,0.0,True
345352,Spain,146.39,False
a37b5a,United States,143.53,False
780a7f,China,155.7,False
7c74ce,Australia,44.2,False
a6f5da,United States,64.28,False
a332e7,United States,139.45,False
7cfa06,Australia,70.93,False
a10708,United States,54.15,False
896363,United Arab Emirates,272.01,False
ad8e69,United States,55.56,False
a75e7e,United States,243.93,False
7cfa08,Australia,103.46,False
7cfa07,Australia,136.06,False
c06cda,Canada,165.53,False
780a8a,China,274.58,False
884342,Thailand,88.82,False
adde5e,United States,63.71,False
4bb0f6,Turkey,268.14,False
acab54,United States,178.67,False
4bb0f3,Turkey,234.32,False
ab3b97,United States,43.19,False
a34729,United States,218.53,False
c07fbb,Canada,237.66,False
4bb0ec,Turkey,232.88,False
4bb0ea,Turkey,263.69,False
a585cc,United States,47.49,False
a63e46,United States,188.88,False
c07fb1,Canada,12.35,True
a08446,United States,200.44,False
a07115,United States,42.57,False
acab3f,United States,216.84,False
704946,Myanmar,231.19,False
4bb0fa,Turkey,262.5,False
c07fb9,Canada,219.16,False
aa2e36,United States,244.11,False
896303,United Arab Emirates,200.92,False
a835af,United States,234.02,False
abf2ea,United States,295.82,False
a74b1b,United States,254.11,False
841e00,Japan,173.53,False
a63e61,United States,37.51,False
345319,Spain,236.78,False
4bb0e7,Turkey,82.75,False
4bb0e6,Turkey,263.06,False
a715c6,United States,115.24,False
c07fbf,Canada,229.8,False
a2270f,United States,263.53,False
a2270e,United States,182.51,False
4bb0e9,Turkey,76.14,False
a37aa3,United States,224.19,False
abf396,United States,186.51,False
a2275e,United States,56.9,False
a34764,United States,10.29,True
ac006d,United States,207.04,False
a9db89,United States,43.46,False
ac0094,United States,263.25,False
abe075,United States,170.94,False
a1f418,United States,53.66,False
c80de5,New Zealand,41.96,False
c80de6,New Zealand,37.96,False
a6f713,United States,52.0,False
a9ee84,United States,19.64,False
a75da2,United States,197.3,False
ae538f,United States,66.89,False
ad2095,United States,275.12,False
a0e773,United States,53.41,False
aaf8c6,United States,173.98,False
a69415,United States,26.23,False
780a18,China,238.59,False
a2bdff,United States,278.32,False
4bb206,Turkey,248.26,False
4bb207,Turkey,244.21,False
4bb204,Turkey,203.63,False
a20153,United States,40.89,False
a1f46b,United States,159.66,False
4bb202,Turkey,241.87,False
a9db1d,United States,37.77,False
80073d,India,265.82,False
e48fc2,Brazil,98.85,False
780a1d,China,278.87,False
4bb219,Turkey,220.91,False
4bb214,Turkey,247.45,False
aaf8f1,United States,214.86,False
aa1b94,United States,64.03,False
a2147c,United States,0.0,True
a9ee46,United States,38.56,False
a8ce4e,United States,53.75,False
a1913b,United States,64.01,False
a9db19,United States,53.59,False
896397,United Arab Emirates,209.81,False
a13af4,United States,297.26,False
ac25d2,United States,63.53,False
7c0d23,Australia,55.77,False
780a3d,China,165.75,False
aa1b78,United States,210.16,False
800735,India,263.17,False
a07176,United States,236.83,False
a20143,United States,43.66,False
a07177,United States,210.34,False
780a58,China,241.95,False
a9db0f,United States,33.5,False
780a54,China,4.63,True
ab3b3a,United States,42.56,False
ac6e51,United States,287.07,False
e48fb4,Brazil,207.5,False
a51da1,United States,222.33,False
ac5b20,United States,210.93,False
c013d6,Canada,219.81,False
a6e441,United States,54.55,False
a82449,United States,49.7,False
a69463,United States,214.61,False
a70463,United States,69.96,False
8830f4,Thailand,226.98,False
a9a734,United States,101.19,False
ac289f,United States,238.59,False
a4a484,United States,204.37,False
ac5bf6,United States,173.05,False
a4a482,United States,110.13,False
c013d0,Canada,148.8,False
a44150,United States,55.9,False
4bb146,Turkey,235.94,False
4bb143,Turkey,251.52,False
4bb144,Turkey,252.87,False
c013d1,Canada,130.79,False
acbeff,United States,241.36,False
8963f6,United Arab Emirates,260.35,False
4bb109,Turkey,259.64,False
4bb107,Turkey,235.64,False
4bb105,Turkey,4.63,True
ae6884,United States,194.37,False
4bb106,Turkey,234.81,False
ae6882,United States,238.38,False
ad7bdf,United States,235.69,False
a3348d,United States,127.47,False
a95745,United States,245.71,False
a3a9a3,United States,202.73,False
ab9278,United States,222.75,False
a37af8,United States,207.88,False
7c7790,Australia,153.61,False
a83782,United States,242.91,False
c013da,Canada,199.01,False
a83787,United States,237.6,False
a3479e,United States,60.39,False
7c7795,Australia,0.0,True
a119af,United States,182.04,False
489223,Poland,206.77,False
a4a49d,United States,24.38,False
4bb15a,Turkey,272.48,False
a5d73c,United States,31.49,False
a0e6c4,United States,211.43,False
a0e6c6,United States,249.92,False
a5742f,United States,33.39,False
8963d9,United Arab Emirates,268.88,False
a239e2,United States,34.27,False
ac159a,United States,1.03,True
8963e0,United Arab Emirates,201.47,False
a4418d,United States,203.49,False
8963da,United Arab Emirates,209.9,False
4bb187,Turkey,265.53,False
4bb188,Turkey,257.59,False
a14f69,United States,57.84,False
4bb186,Turkey,260.83,False
8963dd,United Arab Emirates,182.57,False
4bb183,Turkey,214.26,False
a359bc,United States,217.42,False
a0f9ee,United States,62.86,False
a4fddb,United States,1.54,True
c05c2d,Canada,41.43,False
a01c24,United States,56.49,False
a63df3,United States,234.77,False
a4417d,United States,219.76,False
a106b3,United States,148.23,False
4bb149,Turkey,4.12,False
4bb148,Turkey,10.29,True
4bb156,Turkey,230.52,False
aa2ed8,United States,214.81,False
4bb154,Turkey,246.42,False
a75de4,United States,177.55,False
4bb152,Turkey,222.58,False
c013c3,Canada,269.18,False
4bb153,Turkey,244.63,False
aa1ba3,United States,198.88,False
ab07a2,United States,240.76,False
abe28f,United States,63.77,False
aa8521,United States,94.43,False
a13c21,United States,0.06,True
a14f52,United States,209.81,False
a6810d,United States,200.53,False
a75dd8,United States,251.57,False
7c0dab,Australia,68.03,False
a586b0,United States,217.45,False
ab4ea8,United States,27.78,True
a13c73,United States,202.52,False
ab0836,United States,137.56,False
a25c4f,United States,57.37,False
a333ae,United States,287.24,False
ac2813,United States,3.6,True
a466c7,United States,190.16,False
a609d4,United States,226.69,False
a4c9f8,United States,248.17,False
a3a9ff,United States,212.26,False
a609dd,United States,47.98,False
896539,United Arab Emirates,256.56,False
a479e9,United States,91.31,False
a213d6,United States,248.4,False
a14f9c,United States,148.21,False
a51f4a,United States,246.76,False
a1f3a1,United States,1.8,True
a573a7,United States,55.05,False
a3cc40,United States,210.06,False
a26f5e,United States,46.37,False
4bb199,Turkey,207.43,False
4bb196,Turkey,193.43,False
4bb190,Turkey,269.45,False
ab084e,United States,25.87,False
ac2836,United States,153.62,False
a87f14,United States,48.23,False
4bb18a,Turkey,268.81,False
4bb18b,Turkey,263.51,False
a5e9f4,United States,204.26,False
896513,United Arab Emirates,256.07,False
a63f4e,United States,153.1,False
a359de,United States,275.98,False
a9dae2,United States,59.38,False
a50c3a,United States,47.18,False
a599a5,United States,84.94,False
a320c9,United States,134.13,False
a5b15e,United States,72.63,False
ac2859,United States,209.74,False
7c7770,Australia,151.76,False
aae873,United States,27.16,False
ad350a,United States,210.5,False
7c7779,Australia,154.25,False
7c7778,Australia,210.26,False
c80d67,New Zealand,33.18,False
a51f0f,United States,249.87,False
a3df1e,United States,229.89,False
7c7765,Australia,142.97,False
ac1547,United States,4.63,True
acbeac,United States,86.65,False
ac287c,United States,9.26,True
a4c9d5,United States,245.95,False
a200ba,United States,179.27,False
a466d2,United States,218.39,False
89647c,United Arab Emirates,0.0,True
ac13d6,United States,199.44,False
a560cb,United States,63.03,False
a08512,United States,161.66,False
ac13d9,United States,54.57,False
ad46e5,United States,48.12,False
896489,United Arab Emirates,251.66,False
a703e4,United States,0.0,False
3e0fe7,Germany,72.99,False
abf3b8,United States,197.9,False
89648a,United Arab Emirates,237.85,False
780b7f,China,248.04,False
c06de5,Canada,170.61,False
a1082b,United States,69.63,False
a6f6dd,United States,281.02,False
a09852,United States,67.4,False
a836fb,United States,85.4,True
a440c0,United States,195.81,False
896479,United Arab Emirates,266.0,False
a9b9e3,United States,260.33,False
7c75ed,Australia,53.89,False
abf3da,United States,284.64,False
896483,United Arab Emirates,74.55,False
c05acc,Canada,138.57,False
3e0ff2,Germany,55.47,False
896480,United Arab Emirates,266.28,False
a01bbc,United States,130.97,False
aa1c45,United States,209.35,False
7c7701,Australia,204.65,False
7c7700,Australia,153.61,False
a63f5e,United States,70.09,False
40688f,United Kingdom,104.87,False
89643d,United Arab Emirates,219.01,False
a729fa,United States,45.32,False
a50c4b,United States,202.9,False
020092,Morocco,249.92,False
89644b,United Arab Emirates,199.77,False
89644a,United Arab Emirates,262.78,False
896461,United Arab Emirates,224.38,False
a6f6b7,United States,274.33,False
a26ec9,United States,182.1,False
a693aa,United States,173.54,False
c01401,Canada,231.5,False
a703c1,United States,95.07,False
a2281f,United States,110.68,False
abe0df,United States,275.44,False
a693c4,United States,1.03,True
a6e3b0,United States,135.77,False
ae53f2,United States,141.23,False
ad20f4,United States,204.32,False
a87f41,United States,157.99,False
a836c3,United States,48.48,False
a6f6d4,United States,52.53,False
a836c7,United States,42.55,False
a703af,United States,9.26,True
a1f557,United States,243.34,False
ab19d0,United States,8.75,True
a0c238,United States,64.21,False
8963a2,United Arab Emirates,180.84,False
a6f801,United States,51.55,False
aaf9c1,United States,117.94,False
a57539,United States,60.09,False
adcade,United States,100.76,False
a0d550,United States,54.08,False
a1f52a,United States,55.54,False
780b20,China,202.25,False
a58873,United States,227.04,False
a2bec7,United States,28.29,True
a9dc5e,United States,245.11,False
ab3c0a,United States,171.69,False
780b1e,China,129.25,False
a5753e,United States,0.0,False
aa9801,United States,238.12,False
a75eb4,United States,135.77,False
780b38,China,247.64,False
e06542,Argentina,58.42,False
aaf9ea,United States,126.03,False
a4423a,United States,212.62,False
addf01,United States,232.37,False
406814,United Kingdom,253.11,False
a8bc71,United States,221.16,False
738448,Israel,248.46,False
a810ba,United States,78.2,False
aae6d5,United States,233.66,False
a98c7a,United States,126.74,False
a44238,United States,172.78,False
a3489f,United States,249.07,False
a20288,United States,259.15,False
4bb101,Turkey,232.81,False
4bb102,Turkey,243.45,False
aa70f9,United States,43.08,False
a2abda,United States,3.6,True
acbf0b,United States,42.63,False
8460b0,Japan,214.64,False
a37be6,United States,40.41,False
a49bc7,United States,62.02,False
781e95,China,264.54,False
ab3c58,United States,0.0,True
7c62a5,Australia,2.57,False
a25bfe,United States,41.89,False
a37be9,United States,66.81,False
780b5e,China,194.64,False
a44214,United States,266.13,False
ab3c61,United States,259.37,False
a6d0ea,United States,56.4,False
a5d814,United States,0.06,True
a38af8,United States,244.37,False
ac252a,United States,167.41,False
c07f4c,Canada,63.67,False
abaed1,United States,107.17,False
a84742,United States,186.45,False
aa2bd9,United States,44.48,False
c07f65,Canada,252.32,False
a5844b,United States,36.45,False
3965a2,France,266.54,False
840caf,Japan,164.64,False
3965a4,France,282.33,False
841ff4,Japan,0.0,True
ab1890,United States,217.12,False
c07f3d,Canada,168.01,False
a9672c,United States,253.73,False
3462c8,Spain,124.63,False
aa2bc4,United States,140.26,False
ad4528,United States,1.8,True
ac2545,United States,37.48,False
aa2bc5,United States,261.17,False
a4a11d,United States,156.91,False
ac121a,United States,225.29,False
aa2bc2,United States,246.87,False
aa2bc1,United States,257.5,False
a83439,United States,38.68,False
c023c9,Canada,245.48,False
a75ac7,United States,138.63,False
a3578a,United States,142.52,False
a76df8,United States,273.52,False
a21142,United States,9.77,True
485ecd,Kingdom of the Netherlands,228.87,False
ab4bf7,United States,253.55,False
a08181,United States,55.59,False
c023aa,Canada,4.63,True
c023b7,Canada,246.54,False
a009a4,United States,271.82,False
a0817c,United States,196.31,False
683268,Kazakhstan,225.02,False
aa2ba5,United States,237.14,False
aa2ba2,United States,204.01,False
aa2ba1,United States,210.44,False
ac2567,United States,250.13,False
aa2ba4,United States,293.49,False
a5c127,United States,7.72,True
a72779,United States,180.12,False
c023ae,Canada,6.17,True
acced9,United States,204.86,False
ac6bf2,United States,221.1,False
e80491,Chile,242.07,False
a0d19e,United States,1.54,True
e48f8b,Brazil,37.48,False
a129d9,United States,182.75,False
aae597,United States,287.75,False
a9eb99,United States,55.24,False
ac2593,United States,142.68,False
a3edcf,United States,234.11,False
8964fa,United Arab Emirates,240.26,False
acbbc5,United States,48.84,False
a4b410,United States,52.38,False
4bb065,Turkey,217.2,False
8964fc,United Arab Emirates,259.38,False
4bb061,Turkey,250.94,False
8964d4,United Arab Emirates,256.33,False
3965ab,France,220.76,False
3965aa,France,257.23,False
a4b41c,United States,284.41,False
3965af,France,276.11,False
3965ae,France,278.38,False
c07f39,Canada,176.32,False
c06c15,Canada,56.06,False
a9a2ca,United States,204.77,False
a4b420,United States,6.43,True
4077d4,United Kingdom,242.93,False
781f38,China,188.29,False
8964d9,United Arab Emirates,255.49,False
acbbcc,United States,54.06,False
c07f36,Canada,169.81,False
c036b1,Canada,216.56,False
781f41,China,239.42,False
ad4584,United States,231.03,False
a51ac6,United States,136.26,False
a2cf34,United States,122.55,False
a103b7,United States,48.23,False
896644,United Arab Emirates,253.96,False
a99af5,United States,39.73,False
a70181,United States,155.39,False
e80450,Chile,97.19,False
a94156,United States,241.81,False
a0f6bc,United States,25.23,False
8008d4,India,1.8,True
a093d6,United States,74.62,False
e8044b,Chile,232.32,False
c02494,Canada,236.37,False
e8044f,Chile,237.15,False
e80463,Chile,169.53,False
a99afb,United States,170.1,False
780aa3,China,0.0,True
c01195,Canada,98.45,False
780aa2,China,245.71,False
a4518f,United States,166.23,False
c07f01,Canada,220.7,False
e80470,Chile,246.56,False
e80472,Chile,252.85,False
4bb072,Turkey,217.7,False
e80478,Chile,144.82,False
a02c40,United States,204.28,False
e8046f,Chile,248.39,False
a4c6b0,United States,59.11,False
780ab3,China,0.0,True
a02c49,United States,102.17,False
896633,United Arab Emirates,219.13,False
ac380d,United States,216.38,False
e80480,Chile,220.47,False
a2cf06,United States,264.99,False
780aaa,China,0.0,True
a9eab2,United States,44.29,False
a9b775,United States,187.95,False
89662e,United Arab Emirates,222.61,False
ab1842,United States,262.47,False
ab5eb2,United States,229.63,False
e80409,Chile,244.01,False
896601,United Arab Emirates,218.97,False
a5c12e,United States,78.09,False
ad5817,United States,226.8,False
a71473,United States,55.34,False
a6e131,United States,2.06,True
780abe,China,6.94,True
e80413,Chile,209.79,False
896615,United Arab Emirates,251.51,False
a27f7f,United States,240.33,False
896614,United Arab Emirates,259.8,False
7c788b,Australia,231.37,False
7c788f,Australia,239.07,False
ab5ed8,United States,155.91,False
885972,Thailand,212.34,False
a2cf52,United States,47.47,False
a57189,United States,39.72,False
7c7888,Australia,226.99,False
abaeb2,United States,194.42,False
aaf83c,United States,208.96,False
a5717c,United States,60.27,False
39a2e0,France,216.23,False
a2cf45,United States,47.69,False
a2cf44,United States,109.13,False
a2bc12,United States,74.6,False
a14c70,United States,188.18,False
a9b72d,United States,1.29,True
a223ba,United States,264.99,False
e48f12,Brazil,218.46,False
a6e140,United States,129.29,False
a02c91,United States,0.77,True
a94105,United States,239.26,False
a369ee,United States,103.31,False
e80445,Chile,233.99,False
a76f67,United States,269.76,False
89659d,United Arab Emirates,252.63,False
a76f66,United States,223.49,False
aa93c9,United States,234.42,False
76cc9e,Singapore,210.14,False
e48dc1,Brazil,229.75,False
ab5f6a,United States,159.82,False
adb9c3,United States,58.71,False
780c9e,China,215.71,False
aaf6e8,United States,55.85,False
ac36cc,United States,0.0,True
a4c6fe,United States,69.45,False
ab5f87,United States,0.0,True
c80c8d,New Zealand,53.41,False
ad56e0,United States,201.76,False
896598,United Arab Emirates,107.02,False
e06491,Argentina,132.29,False
a690a8,United States,233.76,False
ada6b9,United States,208.92,False
a210c5,United States,76.34,False
48af0f,Poland,261.1,False
740828,Jordan,241.16,False
ab4c76,United States,277.63,False
a1f0b4,United States,180.34,False
abaf6e,United States,267.5,False
a38c66,United States,182.88,False
a76f6d,United States,205.78,False
a38c64,United States,148.14,False
8a09b8,Indonesia,137.48,False
ac36ef,United States,194.89,False
a38c60,United States,199.49,False
a4a0d9,United States,168.87,False
3b4bff,France,0.0,True
e48db1,Brazil,190.36,False
0d102f,Mexico,8.75,True
ad8c59,United States,60.51,False
8a09a7,Indonesia,83.78,False
7500e4,Malaysia,205.78,False
0d1049,Mexico,227.41,False
8a09a0,Indonesia,214.46,False
44cc45,Belgium,220.5,False
a619f9,United States,50.6,False
461f5b,Finland,276.13,False
396669,France,222.67,False
0d1050,Mexico,32.48,False
a08209,United States,49.9,False
896585,United Arab Emirates,235.17,False
ac10af,United States,157.79,False
ada6c9,United States,7.72,True
346419,Spain,257.66,False
600851,Azerbaijan,339.03,False
a76f43,United States,217.93,False
0d104d,Mexico,28.92,False
7c7801,Australia,210.32,False
a2bc9e,United States,256.14,False
7c7800,Australia,211.54,False
0d1068,Mexico,211.57,False
a11825,United States,65.41,False
7c7803,Australia,229.5,False
89653e,United Arab Emirates,204.64,False
a52f89,United States,57.65,False
896559,United Arab Emirates,0.0,False
aa818d,United States,276.36,False
461f56,Finland,273.55,False
461f52,Finland,275.83,False
461f53,Finland,275.48,False
acbc60,United States,0.06,True
a606e9,United States,237.29,False
e48df6,Brazil,255.69,False
781f3a,China,203.33,False
75022b,Malaysia,237.19,False
a26bb8,United States,225.01,False
acbaf8,United States,5.4,True
8964b3,United Arab Emirates,262.61,False
a39ec0,United States,92.36,False
a0822c,United States,112.19,False
780c27,China,247.84,False
ac249e,United States,277.35,False
a3eeb0,United States,248.83,False
a1aec2,United States,30.42,False
a0f86b,United States,251.42,False
461f30,Finland,210.97,False
750220,Malaysia,235.28,False
a23844,United States,0.0,True
75020c,Malaysia,225.76,False
ac1190,United States,189.71,False
a03ef5,United States,200.96,False
781f73,China,260.33,False
780c40,China,195.49,False
781f71,China,178.67,False
a4c838,United States,67.39,False
a6082f,United States,297.61,False
addadb,United States,206.02,False
461f09,Finland,265.59,False
aa80e4,United States,49.65,False
0d1030,Mexico,227.27,False
4076e8,United Kingdom,1.03,True
76cc62,Singapore,218.57,False
acbafa,United States,58.36,False
a9ff6d,United States,50.39,False
781f7d,China,216.28,False
ab5f1b,United States,197.87,False
a2bbc6,United States,200.52,False
abaf06,United States,34.75,False
76cc76,Singapore,159.84,False
a5d3fb,United States,37.83,False
76cc79,Singapore,141.61,False
780c5c,China,261.33,False
a2bbac,United States,8.23,True
a4fc9a,United States,237.59,False
840d81,Japan,197.58,False
a1059b,United States,67.59,False
ab5f43,United States,266.06,False
76cc82,Singapore,227.33,False
a9c9fe,United States,122.83,False
a700ac,United States,105.86,False
76cc85,Singapore,219.64,False
e06443,Argentina,126.11,False
c022da,Canada,48.78,False
abaf1e,United States,247.0,False
780c6b,China,118.57,False
ab4c0c,United States,55.68,False
a0d21f,United States,202.07,False
a9ff49,United States,189.27,False
accf07,United States,263.52,False
a8df4b,United States,291.17,False
a1057a,United States,1.03,True
a2254e,United States,55.92,False
a8deb4,United States,220.58,False
c05a0a,Canada,7.72,True
e48e46,Brazil,161.73,False
ac1325,United States,43.88,False
507cb3,Uzbekistan,250.75,False
ac1327,United States,184.82,False
3463da,Spain,228.03,False
aa9679,United States,5.66,True
a4fbf5,United States,228.62,False
496caf,Portugal,4.63,True
c06d48,Canada,201.02,False
507ca4,Uzbekistan,67.32,False
a33269,United States,40.8,False
c81ced,New Zealand,37.56,False
485ffa,Kingdom of the Netherlands,36.44,False
496cb2,Portugal,4.89,True
846444,Japan,242.17,False
8a091b,Indonesia,224.29,False
840df8,Japan,256.24,False
a63bf4,United States,211.21,False
a45233,United States,210.64,False
ac134a,United States,149.46,False
ac267c,United States,242.27,False
a2bbcc,United States,214.02,False
a1f23c,United States,61.99,False
aac01e,United States,68.22,False
ada963,United States,78.62,False
c024d9,Canada,245.27,False
3b15ff,France,19.55,True
a38bdf,United States,53.54,False
a63beb,United States,59.68,False
75029e,Malaysia,240.5,False
abf32f,United States,201.65,False
76cd02,Singapore,263.81,False
750286,Malaysia,224.12,False
4065de,United Kingdom,258.3,False
aa8315,United States,152.31,False
a60852,United States,211.21,False
aac03d,United States,146.0,False
76cd14,Singapore,94.89,False
aad386,United States,45.24,False
7c78ab,Australia,229.7,False
ac0048,United States,190.97,False
76cd19,Singapore,172.95,False
7c78aa,Australia,98.32,False
ad201e,United States,250.09,False
abe030,United States,169.99,False
a5986a,United States,191.95,False
7c78af,Australia,0.06,True
75027d,Malaysia,148.37,False
7c78ad,Australia,215.15,False
a4fbac,United States,185.89,False
750262,Malaysia,228.78,False
abf375,United States,71.69,False
44ccc3,Belgium,247.83,False
7c78b2,Australia,231.38,False
8965f6,United Arab Emirates,231.03,False
a57229,United States,182.85,False
ab9078,United States,106.62,False
a57230,United States,60.87,False
a9ec96,United States,56.73,False
ada98c,United States,168.9,False
a5988d,United States,2.31,True
aa3fb2,United States,39.58,False
a094a3,United States,34.57,False
a9ec7f,United States,0.0,True
acaa77,United States,77.68,False
7c5324,Australia,231.85,False
7c5325,Australia,145.66,False
a104d0,United States,45.1,False
a37a02,United States,213.14,False
7c531e,Australia,1.03,True
ac5a94,United States,0.0,True
addd7a,United States,38.12,False
e80337,Chile,227.6,False
a82278,United States,86.27,False
a14d71,United States,92.1,False
c01280,Canada,64.51,False
e8032f,Chile,215.35,False
87aad6,Japan,5.14,True
84b495,Japan,205.66,False
8a099f,Indonesia,231.36,False
7c5305,Australia,0.0,True
7c5302,Australia,153.84,False
461fa1,Finland,252.52,False
a63d09,United States,42.19,False
43bfec,United Kingdom,4.63,True
a50a08,United States,56.18,False
a104c2,United States,84.45,False
40665e,United Kingdom,185.76,False
43bfde,United Kingdom,2.57,True
a237d2,United States,43.49,False
a8def1,United States,249.82,False
a6f577,United States,53.48,False
a9687f,United States,48.24,False
8a0987,Indonesia,236.73,False
ac3945,United States,214.31,False
aaf960,United States,286.18,False
ab1971,United States,195.39,False
ada902,United States,101.6,False
a331a3,United States,46.24,False
e48e05,Brazil,143.63,False
ab5fdd,United States,142.44,False
a95577,United States,175.85,False
7c5344,Australia,146.14,False
a38d49,United States,207.66,False
7c5343,Australia,81.69,False
a14d78,United States,185.13,False
ac1301,United States,0.0,True
ac263e,United States,34.71,False
abf308,United States,212.63,False
abafe4,United States,273.92,False
a9fec4,United States,186.66,False
84b473,Japan,200.15,False
c81e79,New Zealand,114.58,False
70aa79,Nepal,152.13,False
a224e2,United States,36.12,False
c07ee8,Canada,9.77,True
c07ee4,Canada,206.74,False
ac24c5,United States,241.38,False
c07ee0,Canada,121.69,False
a451cf,United States,214.23,False
c07eda,Canada,231.4,False
a03fb8,United States,41.7,False
407944,United Kingdom,258.05,False
e49fe1,Brazil,76.39,False
89669a,United Arab Emirates,215.39,False
ac24e4,United States,212.97,False
aa94be,United States,184.07,False
e0b359,Argentina,171.73,False
e49fb3,Brazil,201.44,False
a967ae,United States,244.47,False
ac11c6,United States,63.06,False
c07ef2,Canada,227.97,False
a2aa3a,United States,50.42,False
a211ef,United States,278.79,False
a477fa,United States,59.91,False
34654b,Spain,252.92,False
aa2d2f,United States,90.7,False
e49fc2,Brazil,101.94,False
a451a7,United States,49.5,False
89667a,United Arab Emirates,272.96,False
7501fa,Malaysia,231.58,False
adca0c,United States,65.16,False
a23949,United States,48.31,False
89667b,United Arab Emirates,270.19,False
7501fc,Malaysia,224.5,False
a4c7e7,United States,42.18,False
ac5a4a,United States,221.85,False
407992,United Kingdom,263.32,False
34520e,Spain,247.71,False
adca15,United States,285.61,False
89667f,United Arab Emirates,240.07,False
a5d4a7,United States,60.74,False
ae64ae,United States,63.07,False
ac6d8c,United States,138.32,False
addd34,United States,41.38,False
a584bc,United States,196.76,False
ae64c3,United States,133.82,False
7501e9,Malaysia,195.97,False
7501e8,Malaysia,112.15,False
a3ca43,United States,101.13,False
7c0fa2,Australia,72.96,False
ac5a73,United States,212.99,False
acaa61,United States,136.1,False
7501f9,Malaysia,215.94,False
a5d4c3,United States,277.55,False
781fda,China,231.92,False
a0e607,United States,245.43,False
a4fd61,United States,39.68,False
c010ec,Canada,247.97,False
a26cbe,United States,48.18,False
8832aa,Thailand,221.75,False
780d2e,China,185.98,False
8832b1,Thailand,251.92,False
a2396e,United States,186.59,False
7c77f8,Australia,213.67,False
7c77f5,Australia,215.0,False
a9da3b,United States,143.87,False
7c77f4,Australia,246.39,False
a4c93e,United States,44.92,False
c06c8a,Canada,88.57,False
a9ed99,United States,56.1,False
3ea12c,Germany,245.71,False
a1afde,United States,59.22,False
780d56,China,206.48,False
c010f6,Canada,243.7,False
a8ba85,United States,53.5,False
ad3278,United States,130.31,False
a0835d,United States,173.54,False
a03fff,United States,203.57,False
8965b1,United Arab Emirates,219.99,False
a99d87,United States,221.4,False
a46603,United States,292.33,False
a3a978,United States,48.44,False
a9a4e2,United States,176.65,False
a5994d,United States,0.06,False
8965b9,United Arab Emirates,238.5,False
76cd75,Singapore,254.92,False
abf29f,United States,0.0,True
ab17aa,United States,51.11,False
76cd6d,Singapore,6.43,True
a2cfa2,United States,184.16,False
a5e949,United States,194.99,False
a35949,United States,67.14,False
a0d374,United States,213.66,False
4b984f,Turkey,219.72,False
a821bf,United States,203.4,False
a74a5a,United States,177.65,False
a9b7f6,United States,145.68,False
a3200c,United States,166.31,False
a47991,United States,196.61,False
a2269c,United States,52.27,False
a2cffc,United States,196.29,False
c07f7c,Canada,260.86,False
a86a2b,United States,222.24,False
a47988,United States,98.27,False
3badff,France,0.0,True
7c64f1,Australia,4.89,True
a0c049,United States,49.33,False
a38ce9,United States,134.26,False
a3efa2,United States,219.4,False
780d8f,China,242.72,False
a0e687,United States,60.04,False
7c77ff,Australia,150.96,False
7c77fb,Australia,240.43,False
a967eb,United States,217.21,False
a33339,United States,259.48,False
a2cff2,United States,210.11,False
a86a66,United States,211.81,False
a1f346,United States,57.22,False
ac37bd,United States,201.73,False
89408e,Bahrain,267.37,False
ab3a0c,United States,167.74,False
a2cff0,United States,203.04,False
a9da02,United States,47.8,False
a3a93b,United States,86.25,False
c06c84,Canada,141.86,False
c06c82,Canada,99.63,False
a4794e,United States,241.32,False
a821d7,United States,41.11,False
a66a84,United States,114.54,False
a0cfbd,United States,188.79,False
ac52ee,United States,180.09,False
a6cd7d,United States,3.6,True
a52911,United States,244.64,False
899088,Taiwan,242.19,False
a7da2a,United States,201.24,False
89907c,Taiwan,190.22,False
ac52ff,United States,174.84,False
ac9b7f,United States,61.14,False
a2c90d,United States,208.27,False
ad0b5e,United States,0.06,True
a7b7fb,United States,237.89,False
a20fa4,United States,45.32,False
c1e985,Canada,9.26,True
a1a924,United States,4.63,True
899063,Taiwan,164.94,False
c04051,Canada,214.62,False
ad0b98,United States,35.33,False
a64924,United States,253.04,False
a0cfb6,United States,148.56,False
a42a79,United States,51.44,False
899071,Taiwan,83.42,False
a7da09,United States,198.54,False
4bcd85,Turkey,252.87,False
a7da05,United States,33.99,False
4bcd83,Turkey,200.84,False
0d085c,Mexico,240.89,False
899046,Taiwan,254.0,False
406ec9,United Kingdom,239.99,False
c05323,Canada,5.66,True
a5ad74,United States,83.1,False
c1e972,Canada,9.77,True
04014d,Ethiopia,280.4,False
a24001,United States,72.76,False
040159,Ethiopia,256.41,False
a1333e,United States,64.94,False
c8195a,New Zealand,137.74,False
aa12bb,United States,39.57,False
a4e1d2,United States,31.02,False
040156,Ethiopia,283.06,False
a38633,United States,269.78,False
aa6e81,United States,238.83,False
78150d,China,215.75,False
a887fd,United States,179.26,False
a13325,United States,104.96,False
a2c93c,United States,75.85,False
a0398d,United States,101.29,False
a18cbb,United States,223.46,False
a79d78,United States,9.77,True
a1463a,United States,203.23,False
c0534e,Canada,163.49,False
a79d81,United States,188.13,False
a78a52,United States,210.99,False
ab472d,United States,14.23,False
c1e939,Canada,10.29,True
899021,Taiwan,193.48,False
a32fd5,United States,134.93,False
a0bcd0,United States,43.73,False
89901d,Taiwan,242.06,False
49d3d4,Czech Republic,238.47,False
49d3d6,Czech Republic,256.99,False
a4e1ec,United States,43.75,False
a02681,United States,244.27,False
ab473a,United States,214.9,False
899030,Taiwan,215.91,False
899032,Taiwan,253.84,False
899031,Taiwan,267.11,False
a5031a,United States,186.52,False
406f7c,United Kingdom,243.24,False
406f7a,United Kingdom,29.0,False
aaab05,United States,56.48,False
7c4d4c,Australia,0.0,True
abde0b,United States,249.44,False
406f86,United Kingdom,221.35,False
a4e317,United States,52.29,False
a43ccc,United States,0.0,True
a75634,United States,233.61,False
a2536f,United States,240.42,False
406f75,United Kingdom,238.06,False
406f73,United Kingdom,277.13,False
a3e99c,United States,54.41,False
ac78ce,United States,59.22,False
406f78,United Kingdom,262.33,False
7c3a23,Australia,88.7,False
acc8d1,United States,79.63,False
c07973,Canada,225.35,False
c07971,Canada,0.0,True
a37337,United States,39.73,False
c07966,Canada,184.4,False
a0137f,United States,71.47,False
487795,Kingdom of the Netherlands,160.53,False
ae08b7,United States,104.82,False
a3b02e,United States,263.81,False
a4095f,United States,217.16,False
a2fcb7,United States,52.32,False
0d0866,Mexico,10.29,True
ab8e6c,United States,103.29,False
a8760d,United States,7.22,False
a8fa72,United States,37.14,False
a1208c,United States,59.99,False
a76909,United States,140.33,False
acc8e1,United States,31.91,False
ad0b39,United States,4.89,True
ab7b67,United States,56.62,False
ab7b63,United States,225.32,False
a0be05,United States,164.57,False
acb5ac,United States,48.09,False
ac65dc,United States,172.81,False
abde5b,United States,251.21,False
0d0804,Mexico,220.83,False
a7da9c,United States,172.51,False
7c3a3c,Australia,34.56,False
ac65fb,United States,205.57,False
a981cc,United States,188.83,False
aa2701,United States,107.31,False
150658,Russian Federation,269.92,False
e48989,Brazil,244.38,False
a9e4f1,United States,51.14,False
a5bfc9,United States,85.82,False
7800eb,China,0.0,True
a4e307,United States,180.69,False
ac52e2,United States,194.9,False
a50323,United States,140.47,False
add667,United States,192.48,False
abdcfd,United States,198.31,False
c051cc,Canada,203.04,False
ac5371,United States,44.76,False
a038fb,United States,78.45,False
a038fc,United States,40.13,False
c051e4,Canada,251.67,False
a145b8,United States,187.33,False
a038ff,United States,171.32,False
ad1cf5,United States,133.3,False
a1a8d8,United States,272.67,False
a5f047,United States,52.47,False
a7302f,United States,190.5,False
ac4052,United States,220.71,False
3ab9ff,France,0.0,True
a9e62a,United States,38.6,False
add66d,United States,282.86,False
ac537f,United States,176.57,False
a8d997,United States,54.64,False
a2a38e,United States,162.48,False
50840a,Ukraine,202.87,False
ac4069,United States,63.81,False
508429,Ukraine,215.1,False
aca365,United States,54.5,False
ac538f,United States,241.17,False
7061f6,Kuwait,123.55,False
a4e34f,United States,151.05,False
adc375,United States,36.62,False
c818da,New Zealand,0.0,True
c818db,New Zealand,154.98,False
a385c8,United States,118.7,False
ad605f,United States,95.51,False
a145f6,United States,47.85,False
c064d8,Canada,253.91,False
a80cc9,United States,64.97,False
c064d7,Canada,122.48,False
a92cc1,United States,4.89,True
394a01,France,261.05,False
a05b78,United States,183.71,False
a05b6b,United States,37.27,False
ab58c5,United States,37.1,False
a0be81,United States,6.69,True
394a13,France,213.51,False
a9e627,United States,42.3,False
ac407d,United States,192.92,False
8881d0,Viet Nam,0.0,False
a4e36e,United States,64.84,False
a385a2,United States,29.49,False
a385b2,United States,54.08,False
a025ec,United States,196.84,False
aa3994,United States,174.88,False
aa6ccb,United States,246.66,False
a9961b,United States,263.44,False
ad1e05,United States,201.97,False
a79cf2,United States,148.33,False
a4808b,United States,62.97,False
a31e23,United States,193.0,False
ab7b02,United States,205.34,False
a6cce2,United States,56.02,False
a1cb05,United States,278.08,False
a4e389,United States,144.79,False
8881f1,Viet Nam,233.95,False
a99637,United States,156.84,False
a4d04c,United States,132.46,False
a79e31,United States,0.0,True
aa25d9,United States,46.27,False
a9c078,United States,29.95,False
a372e0,United States,201.31,False
acb608,United States,70.48,False
a42b45,United States,174.08,False
a385ee,United States,234.17,False
ad2fad,United States,228.87,False
a43e5b,United States,280.42,False
04022c,Ethiopia,220.78,False
04022a,Ethiopia,261.37,False
a31e84,United States,56.2,False
0d06a7,Mexico,194.0,False
5082f0,Ukraine,262.68,False
ac6622,United States,184.53,False
a3c2d5,United States,304.11,False
ac7954,United States,8.23,True
899018,Taiwan,262.26,False
a2b5da,United States,176.95,False
899014,Taiwan,228.18,False
780237,China,1.29,True
780235,China,273.76,False
a43e60,United States,247.12,False
a9d37b,United States,109.69,False
780231,China,251.64,False
394a0a,France,256.97,False
394a0e,France,262.55,False
aba961,United States,123.68,False
aa38e8,United States,55.08,False
a05b7e,United States,200.5,False
acc954,United States,153.62,False
ae4fae,United States,2.83,True
ac7968,United States,235.06,False
abefba,United States,188.47,False
a4f5f0,United States,266.71,False
a17b5f,United States,85.58,False
a622bc,United States,205.06,False
760a0d,Pakistan,251.52,False
abdcb7,United States,184.35,False
ac6645,United States,201.88,False
ac5312,United States,188.63,False
ac0ff9,United States,242.26,False
ad2fd0,United States,287.37,False
a528d6,United States,182.76,False
ab2018,United States,48.53,False
ab599b,United States,249.3,False
a55e22,United States,42.93,False
ac5326,United States,282.8,False
abefdd,United States,193.55,False
a4f5a0,United States,200.71,False
a14726,United States,79.98,False
a06db4,United States,143.37,False
acc961,United States,107.3,False
aabcec,United States,69.86,False
78158e,China,167.71,False
ac6668,United States,180.06,False
7c057e,Australia,42.02,False
adc313,United States,257.8,False
abdcdc,United States,206.38,False
a7b8a1,United States,118.17,False
abdcda,United States,192.21,False
ab202a,United States,239.45,False
ae4ff0,United States,45.6,False
ac5349,United States,252.1,False
7caee8,Australia,94.95,False
3c70aa,Germany,267.12,False
a9969b,United States,234.3,False
a3c2a9,United States,259.29,False
ae4fea,United States,71.94,False
a2a2e6,United States,257.4,True
ae0978,United States,237.49,False
a2a2e3,United States,271.74,False
ae4fe5,United States,41.53,False
a2fe8f,United States,12.86,True
a5f09d,United States,73.59,False
a02721,United States,57.45,False
a6ce07,United States,121.95,False
7caed9,Australia,0.26,True
a05ab3,United States,203.2,False
4ba9eb,Turkey,208.03,False
040062,Ethiopia,251.86,False
aca3e6,United States,2.57,True
a0aaa0,United States,259.65,False
4481d9,Belgium,2.57,True
4ba9cf,Turkey,266.51,False
a3d722,United States,103.14,False
89916b,Taiwan,237.34,False
a06dc3,United States,90.32,False
4ba9cd,Turkey,250.21,False
4ba9cc,Turkey,260.28,False
71c015,Republic of Korea,281.97,False
71c013,Republic of Korea,155.7,False
a9e5ae,United States,53.29,False
a5170f,United States,93.83,False
4ba9e5,Turkey,247.98,False
71c010,Republic of Korea,249.79,False
4ba9e1,Turkey,215.79,False
a982c4,United States,34.78,False
04004b,Ethiopia,216.79,False
478d42,Norway,261.14,False
71c003,Republic of Korea,217.06,False
71c005,Republic of Korea,92.64,False
adb0b4,United States,211.04,False
a742c2,United States,141.21,False
89914a,Taiwan,57.92,False
a01485,United States,0.0,True
a00159,United States,136.87,False
a7db0b,United States,242.08,False
4481a1,Belgium,8.23,True
502d58,Latvia,212.19,False
06a391,Qatar,254.89,False
78161d,China,256.53,False
ab4840,United States,233.72,False
a9f8e8,United States,36.54,False
a982a9,United States,43.24,False
89915c,Taiwan,82.44,False
a80e4e,United States,0.45,True
a2a414,United States,75.5,False
a2a416,United States,131.93,False
a17ae9,United States,35.52,False
a31dd2,United States,52.16,False
a622eb,United States,78.01,False
a1ddc6,United States,56.23,False
acb821,United States,53.54,False
a1ddbb,United States,299.88,False
899142,Taiwan,2.83,True
ab351f,United States,46.83,False
c80548,New Zealand,46.94,False
a875da,United States,239.65,False
a3871e,United States,268.2,False
89913a,Taiwan,117.54,False
4481b0,Belgium,3.09,True
ab485e,United States,181.29,False
aa6f80,United States,174.67,False
7814be,China,220.6,False
8990a8,Taiwan,2.06,True
7c05ea,Australia,42.81,False
a54aaa,United States,176.89,False
aba9e7,United States,222.8,False
a3b11e,United States,216.63,False
71c072,Republic of Korea,7.72,True
a79dc4,United States,201.85,False
0d0710,Mexico,195.1,False
a29aff,United States,77.68,False
71c071,Republic of Korea,165.69,False
71c076,Republic of Korea,236.94,False
c05416,Canada,1.29,True
a4943e,United States,212.93,False
ae09ac,United States,46.66,False
a2415a,United States,39.8,False
abdf3f,United States,212.65,False
acc9c3,United States,56.16,False
a3d78d,United States,240.83,False
c8054b,New Zealand,56.08,False
7801b2,China,13.89,True
71c061,Republic of Korea,156.97,False
71c062,Republic of Korea,193.27,False
71c060,Republic of Korea,196.22,False
c06736,Canada,26.96,True
c06738,Canada,239.95,False
ac53b2,United States,171.24,False
c05430,Canada,213.86,False
a5addf,United States,47.39,False
0d071b,Mexico,111.93,False
ae09f7,United States,3.92,False
7801c6,China,224.86,False
a2a447,United States,46.37,False
a2fdcf,United States,52.81,False
aaac4a,United States,234.18,False
aa6ed1,United States,266.75,False
a26793,United States,111.27,False
71c089,Republic of Korea,88.96,False
ab8f8e,United States,183.62,False
7c05d2,Australia,42.9,False
71c085,Republic of Korea,248.69,False
71c086,Republic of Korea,225.0,False
ac53d5,United States,201.47,False
7801ca,China,222.26,False
a49498,United States,57.85,False
ac53be,United States,113.75,False
a50418,United States,8.75,True
c06709,Canada,0.0,True
71c031,Republic of Korea,119.51,False
a06f49,United States,252.13,False
388181,France,1.8,False
7801dc,China,178.31,False
a0bf26,United States,241.61,False
71c027,Republic of Korea,227.71,False
acc9ff,United States,160.93,False
ac9c6d,United States,49.99,False
71c059,Republic of Korea,219.31,False
a12191,United States,56.07,False
040087,Ethiopia,239.19,False
a4945f,United States,222.26,False
ab20df,United States,0.0,True
a026a5,United States,224.39,False
a3d76c,United States,147.35,False
71c046,Republic of Korea,6.17,True
a3d76f,United States,65.73,False
a06f31,United States,166.94,False
71c042,Republic of Korea,260.37,False
a529b5,United States,42.18,False
a91adc,United States,62.76,False
a7dadc,United States,180.58,False
a1a9f4,United States,67.52,False
a266bf,United States,39.7,False
a529b7,United States,54.2,False
a06f83,United States,181.48,False
a9c113,United States,60.51,False
a8b476,United States,103.77,False
a8b479,United States,168.67,False
06a2e8,Qatar,232.23,False
a0bf64,United States,47.47,False
a7dacf,United States,3.34,True
a73169,United States,95.64,False
06a2df,Qatar,208.31,False
ad7471,United States,165.86,False
a9e784,United States,48.4,False
841794,Japan,191.65,False
a5f176,United States,61.73,False
a8fadf,United States,161.29,False
c1e8fa,Canada,2.57,True
06a2f0,Qatar,229.03,False
a67f04,United States,176.53,False
aa0166,United States,50.61,False
a55f31,United States,207.97,False
a0bf8c,United States,183.33,False
7c4e36,Australia,66.89,False
a7311e,United States,43.08,False
a373b7,United States,0.26,True
502ce5,Latvia,246.04,False
a43f51,United States,193.49,False
a7daa1,United States,145.73,False
e48809,Brazil,175.9,False
a4e491,United States,87.53,False
a43f3c,United States,1.54,True
aabf24,United States,48.26,False
845daa,Japan,205.68,False
a2c9ec,United States,208.47,False
ab8f37,United States,72.15,False
ab59e1,United States,80.02,False
ad6182,United States,80.36,False
a43f2e,United States,243.01,False
a85133,United States,44.09,False
a06f8a,United States,82.35,False
0d05d7,Mexico,83.4,False
a9e710,United States,52.02,False
c1e8ac,Canada,8.75,True
a146f9,United States,1.29,True
ab59f4,United States,113.21,False
a5f162,United States,240.9,False
a000c9,United States,63.87,False
a87784,United States,39.37,False
845dcc,Japan,253.94,False
a013ee,United States,215.32,False
c1e8bb,Canada,6.94,True
c052d3,Canada,226.95,False
abdf22,United States,143.79,False
a756d2,United States,224.17,False
89910b,Taiwan,148.23,False
4850f5,Kingdom of the Netherlands,272.12,False
c078d8,Canada,57.34,False
899119,Taiwan,225.69,False
a3c3e0,United States,270.21,False
a54c60,United States,284.77,False
c078cf,Canada,135.24,False
89911c,Taiwan,195.44,False
a43f7d,United States,136.33,False
899137,Taiwan,240.96,False
ac6744,United States,228.19,False
a8fc06,United States,226.28,False
a2b6ff,United States,185.9,False
aa39fd,United States,245.16,False
a240dc,United States,148.05,False
aa5c1c,United States,0.0,True
ac6745,United States,86.84,False
a8fc09,United States,1.8,True
aaaaa7,United States,69.54,False
a120fe,United States,271.74,False
a2a3d2,United States,0.0,True
7c063a,Australia,66.5,False
ac5431,United States,34.66,False
899104,Taiwan,241.24,False
aa5c0b,United States,88.61,False
ad1db5,United States,,True
899108,Taiwan,244.24,False
899107,Taiwan,206.08,False
ac5442,United States,239.99,False
a30c52,United States,61.84,False
899109,Taiwan,1.29,True
7c0646,Australia,66.74,False
ac5435,United States,201.83,False
899114,Taiwan,216.86,False
a67f8a,United States,237.16,False
ac5436,United States,89.76,False
a2a3ab,United States,31.09,False
a2a3af,United States,222.74,False
aabdf8,United States,163.95,False
a13501,United States,210.6,False
ad8769,United States,107.87,False
7cf353,Australia,5.14,True
a54c15,United States,50.06,False
4ba9c5,Turkey,27.08,False
4ba9c8,Turkey,233.57,False
c0407b,Canada,5.92,True
4ba9c2,Turkey,273.78,False
4ba9c1,Turkey,244.7,False
4ba9c4,Turkey,205.82,False
a9c158,United States,123.45,False
a18eb5,United States,98.33,False
a5af37,United States,57.48,False
a85188,United States,268.18,False
a00203,United States,275.0,False
a480cb,United States,41.88,False
4ba9d2,Turkey,267.37,False
4ba9d4,Turkey,228.11,False
ac9abc,United States,224.05,False
7cf338,Australia,3.6,True
06a2b8,Qatar,259.87,False
06a2b2,Qatar,238.0,False
e486c3,Brazil,194.81,False
a26801,United States,4.12,True
ac9acc,United States,73.41,False
a756a0,United States,54.85,False
ad6116,United States,217.87,False
aaaaee,United States,59.39,False
acb772,United States,31.55,False
a01519,United States,50.73,False
a55b7a,United States,200.24,False
a67b76,United States,50.54,False
4ba8ce,Turkey,216.17,False
c0645b,Canada,38.43,False
7c0831,Australia,34.99,False
a67b81,United States,117.54,False
a15739,United States,0.06,True
78170e,China,242.8,False
abef98,United States,180.92,False
ab8c8f,United States,84.88,False
a43b85,United States,81.28,False
a752ea,United States,164.31,False
aa10ba,United States,250.71,False
4ba8c8,Turkey,216.98,False
a92b0c,United States,0.0,True
ad70ba,United States,0.0,True
abdc78,United States,171.02,False
a752e9,United States,43.66,False
abdc92,United States,177.49,False
acfc56,United States,209.2,False
8511ca,Japan,183.94,False
aa7f8d,United States,276.7,False
aa7f8c,United States,269.76,False
acb3cd,United States,49.24,False
a43b5a,United States,39.43,False
a885f4,United States,145.17,False
c07752,Canada,107.04,False
a1575a,United States,115.01,False
c0774c,Canada,59.17,False
407fad,United Kingdom,207.4,False
407fae,United Kingdom,206.61,False
a55b50,United States,267.44,False
aa36ed,United States,47.37,False
a06aba,United States,268.9,False
a3e5fa,United States,216.95,False
a6de1f,United States,75.17,False
a908e3,United States,7.72,True
a512d6,United States,81.56,False
a03798,United States,44.12,False
a8d5a4,United States,150.63,False
a3d2e5,United States,6.94,True
c07749,Canada,141.02,False
c05114,Canada,133.92,False
aba802,United States,122.89,False
a765e3,United States,54.21,False
aa23b3,United States,206.72,False
aa7f5e,United States,160.92,False
a67b3d,United States,57.64,False
aa7f5c,United States,68.75,False
a8e8a0,United States,236.71,False
c00dea,Canada,236.92,False
aa7f4e,United States,289.63,False
c80409,New Zealand,45.47,False
a39711,United States,124.23,False
c00dce,Canada,1.8,True
ab4508,United States,269.46,False
a01112,United States,266.72,False
a1440c,United States,188.77,False
a1a70a,United States,7.87,False
c07712,Canada,208.68,False
abb9b2,United States,199.01,False
ab56b4,United States,286.41,False
a51425,United States,217.1,False
8991bd,Taiwan,225.12,False
aa7ebc,United States,91.96,False
ab56b8,United States,73.85,False
a1a777,United States,59.68,False
8991d4,Taiwan,231.98,False
a1314e,United States,206.26,False
3e1213,Germany,70.12,False
a38439,United States,230.57,False
406d1a,United Kingdom,235.42,False
8991a7,Taiwan,201.5,False
ab9f54,United States,108.04,False
a14452,United States,118.33,False
c8043a,New Zealand,30.87,False
adc192,United States,78.74,False
ad1c05,United States,48.37,False
7802dd,China,199.24,False
ac89f7,United States,232.97,False
abef2f,United States,247.05,False
a19dff,United States,184.77,False
c00da8,Canada,162.52,False
8991aa,Taiwan,205.3,False
a68dd1,United States,213.36,False
a26439,United States,132.28,False
ac76ae,United States,258.24,False
39bda9,France,155.5,False
8991b9,Taiwan,221.19,False
ad1c11,United States,173.37,False
a2a144,United States,144.07,False
3c3ece,Germany,2.83,True
ac0f4d,United States,227.41,False
aabc3a,United States,49.26,False
8511ec,Japan,206.84,False
ae4f28,United States,2.57,True
abef54,United States,202.9,False
a80b9c,United States,43.25,False
a992c9,United States,45.39,False
a01180,United States,192.92,False
a7eb98,United States,33.72,False
a8d5db,United States,220.23,False
ad83b2,United States,200.03,False
a3845c,United States,230.47,False
ac0f6c,United States,166.8,False
86dd6e,Japan,289.22,False
406d4c,United Kingdom,263.68,False
a39781,United States,210.56,False
7cf3c9,Australia,5.92,True
c1e5f1,Canada,8.75,True
a56db1,United States,208.51,False
ab8c6d,United States,285.67,False
a6470a,United States,55.05,False
abef79,United States,2.83,True
a7b76f,United States,46.94,False
a9942e,United States,220.75,False
85120e,Japan,188.65,False
a2519f,United States,139.78,False
a07f46,United States,252.66,False
4ba959,Turkey,221.13,False
4ba956,Turkey,261.98,False
4ba955,Turkey,228.52,False
4ba950,Turkey,235.1,False
ac7794,United States,65.66,False
ad843b,United States,190.4,False
a19f29,United States,229.75,False
4ba94f,Turkey,241.04,False
4ba94b,Turkey,257.23,False
4ba94d,Turkey,234.3,False
4ba94a,Turkey,233.29,False
a6cacb,United States,202.01,False
ab4489,United States,258.4,False
a88774,United States,164.06,False
851230,Japan,201.74,False
7816a2,China,4.12,False
abdad5,United States,184.35,False
a7eaa4,United States,242.14,False
aa6ade,United States,220.92,False
7cf48e,Australia,5.92,True
a8d76b,United States,258.3,False
c829ab,New Zealand,230.04,False
c829ac,New Zealand,112.92,False
a9940c,United States,0.0,True
7cf493,Australia,7.72,True
a50192,United States,175.55,False
a4e181,United States,185.72,False
acc799,United States,209.59,False
a6215f,United States,54.79,False
acb463,United States,212.45,False
4ba92f,Turkey,258.29,False
e485cd,Brazil,162.47,False
7816b5,China,251.7,False
a7413a,United States,57.06,False
4ba947,Turkey,209.9,False
4ba946,Turkey,240.67,False
4ba949,Turkey,5.4,True
a43aea,United States,128.77,False
a07f44,United States,226.48,False
acb46d,United States,190.63,False
a31c11,United States,74.05,False
8990e4,Taiwan,269.39,False
aa7df3,United States,184.66,False
8990e0,Taiwan,271.94,False
a6ddb9,United States,251.28,False
a44f0d,United States,241.04,False
a1ef41,United States,53.96,False
ab9f00,United States,288.74,False
a06c5e,United States,58.08,False
a396a9,United States,212.3,False
8990f2,Taiwan,90.0,False
8990f5,Taiwan,98.77,False
acb470,United States,172.93,False
ad846f,United States,249.33,False
a55ae8,United States,168.62,False
8990ec,Taiwan,207.71,False
8990c9,Taiwan,212.38,False
aa7dd6,United States,252.38,False
ac0f03,United States,191.48,False
c062b8,Canada,148.43,False
8990bc,Taiwan,239.93,False
a68def,United States,279.29,False
a32f1b,United States,0.0,True
a74128,United States,158.78,False
a3c169,United States,80.49,False
8990d7,Taiwan,77.67,False
8990d6,Taiwan,231.72,False
a7fdab,United States,152.07,False
a7fdaa,United States,65.07,False
a32f12,United States,183.35,False
a07f6a,United States,147.73,False
a3c15d,United States,123.54,False
a87428,United States,153.17,False
c803a6,New Zealand,73.26,False
ab56a2,United States,176.71,False
a81dbc,United States,194.61,False
a79ab8,United States,29.07,False
a7fdb0,United States,217.56,False
aa7f46,United States,214.99,False
c05095,Canada,4.12,True
a98197,United States,170.69,False
aa36c8,United States,39.45,False
a32f82,United States,150.82,False
a3e6e4,United States,288.63,False
a3e6e3,United States,183.45,False
c0508e,Canada,62.58,False
a526e6,United States,191.38,False
407ed8,United Kingdom,256.53,False
aa7f2b,United States,2.83,True
a526e2,United States,207.54,False
0d08e7,Mexico,214.56,False
a646bc,United States,241.89,False
a9819b,United States,0.0,True
a6df11,United States,64.6,False
a130cb,United States,5.4,True
aa7f28,United States,214.65,False
aa7f23,United States,229.02,False
a2b3a2,United States,196.45,False
a143e2,United States,46.71,False
c00e24,Canada,219.1,False
a779eb,United States,214.27,False
78179b,China,182.65,False
a3d3d8,United States,37.47,False
0d08ef,Mexico,190.21,False
a526ed,United States,291.78,False
7cf409,Australia,0.26,True
a6a9ce,United States,47.98,False
a68f72,United States,56.0,False
a2fc16,United States,44.67,False
a0cf8d,United States,192.11,False
a276dd,United States,3.34,True
ab574c,United States,46.09,False
a1dc2a,United States,8.75,True
a010e6,United States,57.53,False
aa7f08,United States,205.82,False
aa7f06,United States,216.36,False
ab5763,United States,70.33,False
ac0dba,United States,47.91,False
c05054,Canada,229.47,False
aa7f09,United States,292.89,False
a9d121,United States,53.23,False
c0637c,Canada,72.54,False
a8c484,United States,246.78,False
0d08a2,Mexico,0.0,True
abedc8,United States,302.09,False
0acb2d,Colombia,0.0,True
aa1188,United States,54.88,False
78049f,China,171.04,False
ab8ac8,United States,47.49,False
86eee4,Japan,227.39,False
7cf451,Australia,13.38,True
7cf452,Australia,6.17,True
7c3af4,Australia,38.08,False
0d08b7,Mexico,190.87,False
341119,Spain,80.05,False
7cf43c,Australia,7.2,True
a659cb,United States,179.25,False
a396fd,United States,174.92,False
a7417e,United States,194.57,False
7cf440,Australia,10.8,True
3c81c8,Germany,7.46,True
c05060,Canada,230.22,False
ac5121,United States,0.0,False
a9f777,United States,223.78,False
a1ef9b,United States,55.71,False
acc742,United States,34.19,False
881bc5,Thailand,54.19,False
a8d6de,United States,1.03,True
acb4e1,United States,51.68,False
a14517,United States,47.37,False
0c603b,Trinidad and Tobago,131.81,False
e4999d,Brazil,197.55,False
a5ac84,United States,62.27,False
e4999f,Brazil,222.86,False
3a5400,France,209.78,False
a81f7b,United States,10.8,True
a20eb0,United States,0.0,True
a7ff72,United States,214.89,False
a4e0ec,United States,192.78,False
c1e896,Canada,6.69,True
c1e888,Canada,7.46,True
c0523f,Canada,234.27,False
a81f83,United States,2.06,True
71c226,Republic of Korea,307.42,False
ac9a65,United States,37.05,False
71c255,Republic of Korea,280.84,False
a620f5,United States,250.99,False
a27816,United States,42.98,False
71c259,Republic of Korea,0.0,True
a80c87,United States,213.06,False
a03849,United States,43.73,False
71c251,Republic of Korea,204.88,False
a8e9fd,United States,187.29,False
71c245,Republic of Korea,261.67,False
a993ad,United States,251.48,False
c8290b,New Zealand,47.22,False
71c244,Republic of Korea,287.47,False
a43c7a,United States,196.63,False
71c247,Republic of Korea,80.39,False
aa11d3,United States,6.69,True
a38522,United States,179.04,False
7cf635,Australia,1.29,True
c06541,Canada,201.55,False
7cf630,Australia,11.83,True
a44eb5,United States,46.41,False
78185d,China,221.1,False
c0653f,Canada,1.54,True
78185b,China,159.59,False
aa24dd,United States,29.84,False
040262,Ethiopia,286.08,False
a20ecb,United States,50.0,False
aca1da,United States,11.83,True
a92c25,United States,52.39,False
c1e847,Canada,6.17,True
aa24e1,United States,35.38,False
a5ac3b,United States,87.48,False
c06539,Canada,284.62,False
c82952,New Zealand,228.84,False
0c605d,Trinidad and Tobago,240.49,False
0c605c,Trinidad and Tobago,144.96,False
71c210,Republic of Korea,248.16,False
a500cd,United States,51.56,False
040241,Ethiopia,287.38,False
0c6061,Trinidad and Tobago,209.56,False
aa6d51,United States,57.11,False
c06558,Canada,214.11,False
c81634,New Zealand,57.32,False
744828,Jordan,141.5,False
4408fb,Austria,268.69,False
744821,Jordan,203.04,False
aba91b,United States,101.02,False
a7b6bf,United States,53.15,False
c0654b,Canada,273.74,False
ac0fb6,United States,120.28,False
aa6d40,United States,46.61,False
406e66,United Kingdom,68.99,False
a49206,United States,207.77,False
503ce6,Lithuania,83.97,True
a2a216,United States,275.64,False
a2a213,United States,1.54,True
0d0963,Mexico,175.43,False
a3c233,United States,229.35,False
a0bbe1,United States,37.95,False
c82997,New Zealand,41.37,False
a32ede,United States,43.44,False
a74201,United States,203.46,False
a1a87e,United States,164.83,False
7cf4b0,Australia,0.19,True
aba7c2,United States,51.17,False
a38546,United States,244.55,False
aa2629,United States,55.31,False
4ca1aa,Ireland,141.64,False
abca00,United States,8.23,True
abdd1c,United States,255.07,False
7cf4a9,Australia,7.46,True
7cf4a6,Australia,6.43,True
a4f559,United States,80.77,False
7cf4a1,Australia,6.43,True
a1dbc0,United States,80.81,False
c06515,Canada,230.81,False
a2b58d,United States,71.45,False
ab57fc,United States,269.57,False
4ba913,Turkey,240.54,False
4ba916,Turkey,242.34,False
aabd56,United States,232.97,False
ab7a33,United States,69.76,False
aba7dc,United States,59.94,False
71c278,Republic of Korea,214.3,False
aa3930,United States,215.74,False
ae07d4,United States,85.33,False
a76807,United States,43.73,False
71c274,Republic of Korea,217.2,False
71c275,Republic of Korea,267.18,False
71c273,Republic of Korea,201.52,False
ab31ae,United States,135.29,False
ab44dd,United States,52.84,False
a37265,United States,203.93,False
a3e846,United States,44.25,False
7cf4fd,Australia,6.43,True
a80c8c,United States,222.84,False
a3725a,United States,190.1,False
a2fbec,United States,233.85,False
0d0924,Mexico,95.34,False
abca1f,United States,27.07,False
a3724b,United States,52.46,False
a49232,United States,193.15,False
7cf4f1,Australia,4.12,True
ac51b2,United States,228.53,False
a37245,United States,6.17,True
ad97dd,United States,74.08,False
a993f5,United States,55.45,False
4ba905,Turkey,0.0,False
4ba904,Turkey,217.17,False
ae07e6,United States,184.07,False
ae07e2,United States,175.31,False
aaaa64,United States,174.21,False
abdd67,United States,190.68,False
acfd2c,United States,149.3,False
abca36,United States,197.31,False
71c286,Republic of Korea,239.41,False
a13298,United States,46.95,False
a9e3bc,United States,63.5,False
c050ae,Canada,159.81,False
a7424d,United States,86.46,False
c050c4,Canada,275.67,False
a9e537,United States,49.05,False
a6358a,United States,123.15,False
c050c5,Canada,244.07,False
c050c0,Canada,8.75,True
7817b5,China,218.64,False
ac523c,United States,244.11,False
ac6596,United States,0.0,True
7817ad,China,226.97,False
a7ebc6,United States,52.58,False
a05a25,United States,10.29,True
a8b22a,United States,96.22,False
adc238,United States,208.47,False
c063fa,Canada,166.27,False
a98219,United States,309.67,False
aa6bed,United States,184.54,False
c063eb,Canada,234.61,False
c828a8,New Zealand,135.69,False
a05a01,United States,210.76,False
a05a03,United States,200.52,False
c828ad,New Zealand,28.85,False
a1dd2d,United States,0.51,True
7c2a18,Australia,63.99,False
a3c24a,United States,24.83,False
a06d6b,United States,41.98,False
7817de,China,221.32,False
ab329e,United States,231.4,False
7804c5,China,94.56,False
7804bd,China,185.83,False
a62248,United States,5.4,True
a29a14,United States,32.87,False
3c817a,Germany,7.72,True
8991e0,Taiwan,239.14,False
8991e2,Taiwan,1.54,True
aa6bc0,United States,261.05,False
aa2548,United States,79.41,False
a9d0fe,United States,1.8,True
c050a1,Canada,261.13,False
c050a0,Canada,93.88,False
8991db,Taiwan,232.63,False
86efb0,Japan,13.89,True
aa1219,United States,203.1,False
a86214,United States,49.65,False
a63595,United States,122.91,False
ad727d,United States,245.15,False
a011ac,United States,196.22,False
a7fed0,United States,1.03,True
aa37ce,United States,253.61,False
a9d284,United States,208.73,False
a384f2,United States,203.24,False
a17a5f,United States,54.99,False
407fea,United Kingdom,221.96,False
a2a1a5,United States,5.14,True
a2fd4d,United States,172.14,False
a05a8e,United States,85.58,False
406cab,United Kingdom,238.22,False
a371b2,United States,45.32,False
503e6b,Lithuania,191.53,False
a42a10,United States,227.48,False
8418cc,Japan,297.93,False
a7b7c5,United States,196.55,False
ab9eca,United States,168.53,False
704003,Myanmar,103.05,False
a384d5,United States,176.92,False
7c0898,Australia,57.7,False
a55d5e,United States,50.95,False
4ba88f,Turkey,221.94,False
ab3214,United States,225.21,False
a754a3,United States,88.11,False
a3d4ed,United States,0.0,True
a05a6b,United States,212.43,False
a1ca0d,United States,197.02,False
78059b,China,108.83,False
7c4ef5,Australia,33.69,False
704018,Myanmar,137.48,False
ab586f,United States,160.87,False
a18d7f,United States,143.23,False
a42a5c,United States,149.17,False
a251fc,United States,51.26,False
86dce6,Japan,8.23,True
acc857,United States,47.85,False
4ca292,Ireland,232.36,False
e497e0,Brazil,3.34,True
a3e7bf,United States,43.24,False
ab588d,United States,6.17,True
0aca28,Colombia,247.04,False
c0648a,Canada,49.62,False
a29a6d,United States,253.34,False
abeeea,United States,207.12,False
a251f0,United States,187.31,False
400025,United Kingdom,4.89,False
aba886,United States,132.79,False
a9f87d,United States,140.06,False
ab8bf0,United States,57.52,False
a2ea55,United States,55.92,False
a55d31,United States,210.62,False
a384f8,United States,208.14,False
407fff,United Kingdom,207.43,False
0d07a8,Mexico,207.78,False
8418b4,Japan,257.64,False
a07fa6,United States,7.72,True
a1ca5f,United States,117.9,False
c0517e,Canada,201.04,False
aa127e,United States,240.0,False
a42a37,United States,151.25,False
406b90,United Kingdom,255.63,False
a0045f,United States,81.33,False
86df4e,Japan,130.29,False
a1110d,United States,187.05,False
a28ab5,United States,265.45,False
a2edb4,United States,166.39,False
a1244b,United States,287.35,False
71c345,Republic of Korea,88.07,False
a1244d,United States,277.56,False
a54db6,United States,15.95,False
a30dc5,United States,198.67,False
a54db1,United States,48.26,False
a89b7a,United States,28.34,False
a9c2de,United States,240.88,False
880c42,Thailand,136.86,False
c82aa3,New Zealand,223.9,False
71c378,Republic of Korea,285.13,False
71c379,Republic of Korea,147.61,False
a0adc8,United States,49.9,False
ab2520,United States,242.92,False
a2a70f,United States,208.58,False
486071,Kingdom of the Netherlands,272.96,False
71c365,Republic of Korea,281.05,False
486072,Kingdom of the Netherlands,271.12,False
a1242d,United States,195.58,False
a05dfe,United States,39.1,False
0d0467,Mexico,8.75,True
aaaec0,United States,84.55,False
407e82,United Kingdom,248.57,False
71c360,Republic of Korea,262.13,False
71c361,Republic of Korea,270.69,False
ab3861,United States,7.0,False
ab3866,United States,211.2,False
ad6503,United States,10.29,True
ab1203,United States,200.65,False
ac583f,United States,217.75,False
780656,China,222.12,False
aaaebc,United States,44.14,False
a3778e,United States,182.25,False
a9e8ed,United States,47.62,False
ab385e,United States,1.8,True
71c316,Republic of Korea,214.88,False
a2dac7,United States,104.81,False
71c314,Republic of Korea,190.76,False
ab1210,United States,123.65,False
ad7828,United States,10.29,True
a972d9,United States,81.13,False
a9d5e7,United States,190.59,False
a23159,United States,58.92,False
a9d5e5,United States,232.55,False
a9c2b3,United States,217.54,False
a9d5e4,United States,260.66,False
a28adf,United States,54.65,False
a6ab62,United States,271.3,False
a50707,United States,202.55,False
a16adc,United States,82.97,False
a9d5b4,United States,55.91,False
71c333,Republic of Korea,5.92,True
71c331,Republic of Korea,131.54,False
71c332,Republic of Korea,113.45,False
71c337,Republic of Korea,256.4,False
a9e8ce,United States,201.68,False
7c3dc4,Australia,53.3,False
a7de93,United States,135.74,False
e49c06,Brazil,233.41,False
71c321,Republic of Korea,224.21,False
71c324,Republic of Korea,289.86,False
c0315a,Canada,249.35,False
06a064,Qatar,265.08,False
a29dee,United States,0.0,True
a37765,United States,197.02,False
a3a155,United States,209.85,False
ab23e1,United States,61.55,False
406b05,United Kingdom,255.72,False
7c2b89,Australia,121.63,False
a05f37,United States,295.61,False
a2318d,United States,33.34,False
abbc52,United States,152.78,False
a9741d,United States,3.6,True
a3514f,United States,240.43,False
ad63a1,United States,233.98,False
ae1c18,United States,51.56,False
ae1c19,United States,16.49,False
48e95e,Poland,210.88,False
ac9f88,United States,1.03,True
a8540b,United States,207.86,False
a96109,United States,4.89,True
a59167,United States,39.63,False
a77ae0,United States,249.91,False
a8543a,United States,45.3,False
aaf0c6,United States,91.75,False
ab10d4,United States,216.27,False
a24493,United States,134.86,False
a97401,United States,221.99,False
ad50a9,United States,209.54,False
a9d700,United States,5.66,True
ab10cb,United States,278.42,False
a85444,United States,46.72,False
c05783,Canada,60.15,False
c04453,Canada,229.86,False
a1118c,United States,33.85,False
acdc40,United States,70.94,False
a6aaba,United States,199.16,False
a6aabc,United States,193.2,False
ab10df,United States,189.53,False
ad50c9,United States,203.2,False
406b48,United Kingdom,74.4,False
406b49,United Kingdom,256.54,False
abbc75,United States,206.51,False
880c4c,Thailand,170.03,False
71c390,Republic of Korea,134.21,False
c05735,Canada,54.8,False
a3b454,United States,160.9,False
a136ca,United States,49.56,False
880c52,Thailand,234.77,False
71c388,Republic of Korea,276.67,False
0d02da,Mexico,144.52,False
a05f6f,United States,79.93,False
a4d434,United States,54.21,False
71c385,Republic of Korea,2.83,True
a3a138,United States,51.09,False
c0573e,Canada,49.92,False
c0440e,Canada,19.03,True
a3a12c,United States,55.66,False
407e54,United Kingdom,241.93,False
406b21,United Kingdom,67.42,False
a016d0,United States,37.09,False
c04413,Canada,0.0,True
a4715c,United States,44.78,False
a3a152,United States,235.3,False
a4e6a2,United States,43.77,False
a639bb,United States,258.65,False
a123e0,United States,215.33,False
a123e2,United States,229.86,False
a123e3,United States,0.77,True
ab7f18,United States,59.68,False
a9616a,United States,91.48,False
a389f8,United States,194.53,False
ac69b6,United States,179.57,False
a0af91,United States,50.12,False
ab49d4,United States,50.42,False
a759a8,United States,52.08,False
a0af7c,United States,183.05,False
a389eb,United States,290.32,False
a506d1,United States,205.99,False
a4e6c0,United States,246.44,False
7c8098,Australia,0.0,False
a506d5,United States,130.96,False
ab6c08,United States,192.77,False
a3fc34,United States,64.42,False
a9c457,United States,50.13,False
ada167,United States,221.76,False
a123bf,United States,182.89,False
851492,Japan,168.85,False
a1cf48,United States,191.58,False
a506da,United States,179.69,False
86ddd3,Japan,35.11,False
acef18,United States,278.83,False
a1cf9f,United States,69.97,False
a2ef8e,United States,57.95,False
a483bc,United States,140.0,False
a2a6fe,United States,193.73,False
a01805,United States,66.13,False
a9d766,United States,47.73,False
a41c56,United States,111.77,False
a59197,United States,219.07,False
abcf2f,United States,258.83,False
a41c3c,United States,55.08,False
ada16f,United States,94.19,False
a519b8,United States,254.06,False
a41c45,United States,61.39,False
ad0f29,United States,11.32,True
a90ab9,United States,71.02,False
a376ec,United States,270.44,False
ab23ad,United States,241.09,False
a90aaa,United States,187.26,False
ac56d9,United States,0.0,True
a91ddf,United States,148.2,False
a8b760,United States,3.34,True
a8b75a,United States,237.79,False
a243cb,United States,60.19,False
ac56ba,United States,6.94,True
a8b75f,United States,234.62,False
a1cf96,United States,49.14,False
ab7f6c,United States,52.45,False
a16c6f,United States,0.06,True
a9876e,United States,216.23,False
a1bc3b,United States,38.97,False
add9ac,United States,43.73,False
ac69fc,United States,0.0,True
a72179,United States,88.35,False
503cc0,Lithuania,244.13,False
06a070,Qatar,284.27,False
a3a0cc,United States,187.44,False
06a071,Qatar,255.16,False
adb401,United States,7.72,True
ad7757,United States,46.58,False
7c8032,Australia,134.02,False
a5f3cf,United States,207.74,False
503d62,Lithuania,4.37,True
aaaddc,United States,238.41,False
a7df61,United States,186.12,False
ad774b,United States,53.28,False
ac5765,United States,197.08,False
7c802a,Australia,137.94,False
a613e0,United States,0.0,True
ad7760,United States,200.23,False
ad6415,United States,214.39,False
a6bf5a,United States,213.73,False
c055c6,Canada,134.64,False
a9d6c3,United States,46.61,False
c055c9,Canada,158.42,False
aca72c,United States,55.68,False
ac3114,United States,152.48,False
ab378d,United States,38.88,False
a89c23,United States,236.71,False
a01854,United States,46.35,False
06a083,Qatar,287.93,False
a3a0ed,United States,57.07,False
7cf658,Australia,0.06,True
c055ec,Canada,190.09,False
aa5f7c,United States,1.03,True
7cf63d,Australia,0.0,True
aa4c3e,United States,175.71,False
3949e4,France,235.82,False
3949e8,France,230.79,False
3949e9,France,276.77,False
a733e6,United States,103.33,False
a4c0dd,United States,193.03,False
a600e4,United States,280.54,False
06a09c,Qatar,218.57,False
a41c69,United States,197.17,False
39cf13,France,249.17,False
8406e8,Japan,206.65,False
ab1160,United States,219.8,False
aa4c42,United States,270.28,False
3949f4,France,249.61,False
7cf637,Australia,11.83,True
ac578c,United States,211.5,False
3949f8,France,6.43,True
ab1168,United States,218.2,False
a17ecd,United States,226.0,False
ad512d,United States,51.96,False
a759eb,United States,262.52,False
a65c29,United States,213.07,False
7c806f,Australia,234.69,False
7c806e,Australia,252.81,False
7c806c,Australia,177.94,False
aa4c26,United States,53.94,False
a24529,United States,217.9,False
aa03a2,United States,104.59,False
aa4c1a,United States,238.29,False
a24526,United States,187.55,False
407cd1,United Kingdom,259.33,False
a999cb,United States,74.62,False
4ca15e,Ireland,0.0,True
0d0366,Mexico,133.88,False
acedf5,United States,144.25,False
a2450b,United States,75.11,False
aca788,United States,180.23,False
a4c0a3,United States,276.18,False
a733b3,United States,226.34,False
e49b53,Brazil,220.27,False
407caf,United Kingdom,180.44,False
0d0377,Mexico,211.78,False
a89c18,United States,112.0,False
ab49a8,United States,45.48,False
a866aa,United States,200.1,False
a24508,United States,199.98,False
a6ac0d,United States,266.25,False
a7cc00,United States,200.99,False
ad646e,United States,199.77,False
adb43d,United States,46.71,False
a4d3cd,United States,41.18,False
a53c82,United States,76.48,False
a3b529,United States,202.07,False
a1122a,United States,48.33,False
ab393c,United States,60.78,False
7c2ba8,Australia,0.0,True
aa5fc2,United States,90.87,False
aaafad,United States,296.96,False
acca88,United States,195.69,False
a3651c,United States,92.27,False
4010da,United Kingdom,88.72,False
a4e840,United States,64.6,False
a0f213,United States,47.51,False
a28bb8,United States,55.05,False
ad0fa7,United States,57.8,False
a4d525,United States,50.6,False
406c81,United Kingdom,219.38,False
0ac95b,Colombia,0.0,False
c2c237,Canada,154.53,False
aa1935,United States,129.53,False
adea97,United States,,True
ac5956,United States,213.27,False
a36516,United States,4.12,True
a6151d,United States,67.38,False
a2452c,United States,139.15,False
a2452a,United States,275.54,False
ab3982,United States,179.19,False
a9d6f9,United States,55.87,False
abbca1,United States,199.19,False
78076e,China,255.08,False
4b9e4b,Turkey,179.88,False
a24591,United States,153.62,False
7cf868,Australia,200.55,False
7cf866,Australia,112.0,False
8514d6,Japan,138.33,False
ab398a,United States,187.87,False
ac9fe9,United States,188.47,False
aca948,United States,209.9,False
c0458a,Canada,225.35,False
abbcc1,United States,186.46,False
7c2bc6,Australia,222.78,False
a7cc94,United States,186.63,False
a90c54,United States,43.46,False
7c8218,Australia,111.46,False
7c2bc5,Australia,213.1,False
7c2bc1,Australia,121.63,False
a24573,United States,284.57,False
adb60d,United States,46.03,False
a3520e,United States,188.44,False
ac8ce5,United States,214.96,False
a0f262,United States,156.43,False
ac3338,United States,72.41,False
a3b50f,United States,173.37,False
a36556,United States,237.99,False
a8ec57,United States,141.48,False
a4726a,United States,46.71,False
a9d83f,United States,39.56,False
acca19,United States,217.21,False
a65bf2,United States,182.95,False
a61592,United States,246.32,False
a9d855,United States,65.34,False
acdd2e,United States,2.57,True
a017a8,United States,281.44,False
abaa43,United States,117.65,False
ac7a52,United States,0.0,True
ad9a3d,United States,187.9,False
a9c508,United States,254.14,False
a9c506,United States,252.15,False
a85568,United States,121.59,False
c0323e,Canada,69.45,False
a7def8,United States,181.76,False
a98862,United States,53.35,False
ac7a65,United States,241.37,False
a9d830,United States,29.84,False
c8806f,Fiji,243.34,False
a2a7b5,United States,190.73,False
407f8d,United Kingdom,218.34,False
a6152a,United States,159.61,False
aa064d,United States,51.44,False
aaf1fa,United States,268.54,False
a377a2,United States,183.14,False
407f7a,United Kingdom,237.19,False
510115,Belarus,250.71,False
a6153e,United States,136.05,False
a86861,United States,52.78,False
406c3b,United Kingdom,218.29,False
c8808f,Fiji,0.64,True
840944,Japan,175.94,False
c03210,Canada,219.26,False
406c3a,United Kingdom,210.32,False
a61565,United States,46.71,False
a85536,United States,56.94,False
407f79,United Kingdom,8.23,True
a8b804,United States,46.3,False
c88092,Fiji,223.31,False
a8b805,United States,253.13,False
a65bbc,United States,181.55,False
a3a263,United States,58.65,False
a5e21e,United States,59.08,False
407f63,United Kingdom,193.96,False
aa5fd7,United States,44.02,False
a9b0ed,United States,197.09,False
aa5fd3,United States,105.64,False
adfd76,United States,163.08,False
a004be,United States,237.68,False
a72213,United States,285.72,False
a3b4b5,United States,252.12,False
a124eb,United States,68.69,False
c030fd,Canada,217.51,False
a39a13,United States,194.42,False
a9b275,United States,248.27,False
c82b09,New Zealand,66.38,False
a3ea15,United States,117.43,False
a53d2c,United States,186.9,False
ada296,United States,172.57,False
a507f5,United States,183.8,False
a627d1,United States,197.81,False
a3b4d6,United States,217.9,False
a27a26,United States,195.63,False
5100fc,Belarus,149.23,False
ac57c6,United States,61.17,False
a591a4,United States,257.28,False
ac57d2,United States,280.19,False
407f19,United Kingdom,259.32,False
abbd0a,United States,0.51,True
acdd03,United States,37.04,False
a231da,United States,94.98,False
c82b35,New Zealand,51.01,False
a364ea,United States,192.16,False
7cf6be,Australia,4.12,True
a5e293,United States,124.71,False
a1aa4e,United States,158.04,False
a27a5c,United States,242.14,False
c82b46,New Zealand,9.12,False
ab5a1d,United States,233.21,False
c030ea,Canada,206.76,False
abbd2d,United States,287.62,False
a364e7,United States,197.47,False
ad9a01,United States,68.77,False
a351c1,United States,45.89,False
a8b87f,United States,55.69,False
ab11b7,United States,39.94,False
ac7a14,United States,66.26,False
a9755d,United States,34.2,False
a3fd0c,United States,238.66,False
7cf6a8,Australia,4.12,True
a244fd,United States,52.32,False
ab24f7,United States,178.76,False
a8ebca,United States,236.64,False
a9d879,United States,44.38,False
abbd47,United States,198.45,False
a25925,United States,173.61,False
a974c2,United States,36.83,False
ab6bdf,United States,66.51,False
886283,Thailand,167.23,False
ad520a,United States,44.25,False
abbbae,United States,112.3,False
a89d3f,United States,41.22,False
ab1257,United States,297.29,False
a734e0,United States,37.78,False
aceebc,United States,96.25,False
c043b7,Canada,213.06,False
a50900,United States,220.99,False
a471e0,United States,226.76,False
a721e0,United States,113.07,False
aaf253,United States,62.86,False
407da5,United Kingdom,236.36,False
71c539,Republic of Korea,9.77,True
71c537,Republic of Korea,235.87,False
a8ed0a,United States,41.87,False
ae2ef2,United States,120.41,False
71c535,Republic of Korea,251.46,False
aaf268,United States,229.75,False
8514b4,Japan,249.02,False
a77d89,United States,153.57,False
8527e8,Japan,96.72,False
aaf264,United States,166.65,False
867d00,Japan,179.28,False
7c2ad8,Australia,267.46,False
a2ca5d,United States,258.99,False
a841b3,United States,61.07,False
a27a94,United States,189.05,False
a987b4,United States,102.45,False
a987aa,United States,181.09,False
a5f4c6,United States,42.05,False
acdbec,United States,178.64,False
ad6595,United States,139.45,False
a1cfc2,United States,52.68,False
ada227,United States,250.19,False
a52a3c,United States,55.77,False
acdbe7,United States,208.89,False
a614d7,United States,37.6,False
a24619,United States,33.34,False
ab129a,United States,267.21,False
ad526b,United States,239.45,False
ad526c,United States,279.72,False
a3ea68,United States,228.39,False
adc89a,United States,68.48,False
a591d5,United States,157.09,False
a4c1d8,United States,42.58,False
a64a3b,United States,182.94,False
a867d1,United States,26.75,False
e49a2e,Brazil,102.5,False
a43ea7,United States,141.52,False
a43ea6,United States,9.77,True
a8fc72,United States,247.71,False
7c3fdf,Australia,116.45,False
a25522,United States,48.36,False
71c595,Republic of Korea,224.72,False
abba6c,United States,208.88,False
a01567,United States,236.09,False
a37517,United States,254.73,False
a8fc73,United States,266.28,False
a9e6ec,United States,65.51,False
a12226,United States,42.46,False
a0bef0,United States,90.64,False
a78c8f,United States,6.94,True
a05bde,United States,187.27,False
a2551a,United States,294.44,False
ad61de,United States,123.61,False
51138e,Estonia,14.4,True
adb1e9,United States,41.98,False
a8b3ce,United States,41.67,False
7c3fc3,Australia,89.47,False
a37553,United States,46.12,False
a9e6c4,United States,53.79,False
a996e1,United States,213.79,False
a2a53d,United States,96.2,False
a730b2,United States,53.62,False
ac692a,United States,232.35,False
aa01f9,United States,84.16,False
789229,China,264.32,False
a876f4,United States,4.12,True
789231,China,272.07,False
a8c6e8,United States,133.88,False
71c556,Republic of Korea,234.65,False
a7ef5b,United States,86.47,False
a12250,United States,40.35,False
ab8fd0,United States,235.64,False
a8c6e1,United States,192.96,False
78922c,China,207.82,False
a30baf,United States,53.29,False
ab2305,United States,3.34,True
ab8fcb,United States,260.92,False
71c549,Republic of Korea,223.14,False
801454,India,185.96,False
71c542,Republic of Korea,186.14,False
789245,China,270.15,False
789242,China,255.86,False
789246,China,132.92,False
a30bc9,United States,59.41,False
71c545,Republic of Korea,93.49,False
a7ef4b,United States,211.32,False
789240,China,101.39,False
a43ec9,United States,188.3,False
504e36,Republic of Moldova,244.6,False
aca609,United States,82.37,False
a996c1,United States,235.0,False
7c7006,Australia,39.31,False
a43ec3,United States,219.65,False
a2fec9,United States,48.53,False
ab230f,United States,51.82,False
a66c99,United States,217.61,False
acffb7,United States,252.54,False
a2b83b,United States,143.66,False
ad8935,United States,287.38,False
ab8fee,United States,0.0,True
a9e6b0,United States,34.66,False
a1489c,United States,187.96,False
ac9cb1,United States,54.28,False
789264,China,130.02,False
789268,China,0.0,True
aca608,United States,3.6,True
0d0665,Mexico,93.13,False
ac4309,United States,36.61,False
8622ae,Japan,187.86,False
aaad49,United States,4.12,True
a66bc3,United States,39.53,False
a6bba3,United States,255.92,False
add7a0,United States,43.41,False
c0552d,Canada,150.09,False
a12295,United States,36.53,False
a8c840,United States,227.02,False
7c81dc,Australia,150.35,False
a5f208,United States,10.8,True
e0958f,Argentina,228.06,False
801499,India,259.37,False
e940fa,Bolivia,195.63,False
7c81cd,Australia,73.53,False
acda02,United States,192.34,False
ab34f3,United States,247.06,False
3444d0,Spain,143.69,False
3444d1,Spain,81.02,False
7041c1,Myanmar,242.96,False
c0687a,Canada,0.13,True
aced42,United States,141.5,False
a43eec,United States,252.82,False
add7c9,United States,220.97,False
a7dba2,United States,262.94,False
ab34ea,United States,212.26,False
a43eed,United States,263.03,False
a2ebbd,United States,240.89,False
aced21,United States,211.45,False
a30bce,United States,201.78,False
a3621e,United States,203.56,False
7c81d6,Australia,126.72,False
aced1c,United States,135.41,False
aaad6d,United States,98.45,False
aa295d,United States,136.69,False
abba43,United States,218.69,False
abba2b,United States,48.26,False
aa1635,United States,0.0,True
aa6fca,United States,65.34,False
a79ea0,United States,226.04,False
aa2969,United States,40.67,False
abba3d,United States,0.0,True
a3d86c,United States,47.21,False
a50549,United States,0.13,True
aaad8f,United States,232.08,False
a6ceb8,United States,186.58,False
c05512,Canada,104.47,False
ac41ce,United States,164.87,False
a3d87d,United States,179.5,False
a3c54f,United States,189.76,False
a3627d,United States,192.94,False
a4e538,United States,214.48,False
a55ef3,United States,253.22,False
a3d890,United States,228.08,False
a970f2,United States,0.06,True
ac8a66,United States,123.41,False
a4824c,United States,67.26,False
a54bbf,United States,181.6,False
407c02,United Kingdom,216.6,False
acda2c,United States,229.05,False
ad0d7d,United States,58.55,False
ac41f3,United States,201.91,False
a36279,United States,206.58,False
a1cd1d,United States,58.21,False
7cf7b9,Australia,0.51,False
ae2bf2,United States,37.58,False
a014db,United States,47.69,False
ac4279,United States,205.15,False
ae2bef,United States,48.15,False
adc571,United States,53.03,False
a267f0,United States,31.73,False
adc565,United States,41.43,False
a30d18,United States,208.15,False
a04a49,United States,178.9,False
440409,Austria,5.66,True
a30d14,United States,49.05,False
acb89b,United States,139.77,False
06a1c0,Qatar,287.05,False
a134d5,United States,100.84,False
e4a0b2,Brazil,132.12,False
a54d26,United States,49.68,False
a3d7e2,United States,59.48,False
c82a08,New Zealand,0.0,True
06a1dc,Qatar,185.3,False
a0ad1d,United States,212.14,False
ae2bfd,United States,54.1,False
a8c875,United States,249.39,False
c066fb,Canada,227.99,False
4bb844,Turkey,7.0,False
a92eef,United States,147.89,False
a254dd,United States,218.6,False
a28a53,United States,71.49,False
a7322a,United States,213.16,False
a1cd4e,United States,172.96,False
a9854e,United States,153.48,False
4bb859,Turkey,218.38,False
c053ba,Canada,209.92,False
a7dbaa,United States,183.34,False
c053c8,Canada,165.71,False
a6bbd2,United States,8.75,True
4bb861,Turkey,250.91,False
ab34a7,United States,156.98,False
a241c7,United States,33.25,False
a1ba0a,United States,60.56,False
7c1a1d,Australia,45.66,False
a387f0,United States,0.06,True
7cf7bf,Australia,0.19,False
7cf7ba,Australia,0.51,False
c1e9f4,Canada,8.23,True
c1e9f6,Canada,1.29,True
a267f8,United States,57.53,False
ac54a4,United States,58.15,False
407af3,United Kingdom,253.26,False
a3d7a7,United States,154.0,False
a6bbef,United States,268.1,False
a7dbd2,United States,55.6,False
aa01b3,United States,135.79,False
abdec9,United States,140.39,False
8515a2,Japan,196.57,False
46a5e1,Greece,192.19,False
a54d73,United States,55.96,False
abdec7,United States,164.87,False
acb82c,United States,226.58,False
a877d3,United States,259.43,False
aaabb7,United States,47.85,False
add80b,United States,241.76,False
504e59,Republic of Moldova,0.77,True
789271,China,114.58,False
aa5d60,United States,192.33,False
78926f,China,7.72,True
c1e9d2,Canada,10.29,True
c82a72,New Zealand,36.94,False
aa01a6,United States,64.09,False
a2da59,United States,145.65,False
ad8836,United States,238.43,False
ac4210,United States,271.78,False
a361d7,United States,279.21,False
789286,China,0.77,True
789287,China,198.23,False
4cc548,Iceland,126.55,False
a9e7a9,United States,37.47,False
c1e9d1,Canada,4.12,True
a494e9,United States,103.3,False
c066dd,Canada,212.55,False
c82a80,New Zealand,75.85,False
78927f,China,207.92,False
4bb867,Turkey,240.95,False
4cc50f,Iceland,230.15,False
a1cd90,United States,37.07,False
abdee2,United States,65.34,False
504e6c,Republic of Moldova,264.75,False
789296,China,215.53,False
789293,China,199.04,False
ad7528,United States,50.33,False
78928a,China,127.95,False
a29d7f,United States,87.33,False
7c2bf9,Australia,139.95,False
ac5560,United States,87.22,False
78928b,China,0.45,True
a29d93,United States,90.8,False
a1ba59,United States,201.43,False
7c2bee,Australia,179.41,False
4bb86d,Turkey,216.09,False
7c2bea,Australia,159.44,False
a494c5,United States,189.37,False
4bb86b,Turkey,257.23,False
adc532,United States,0.0,True
4cc586,Iceland,0.0,True
a504b8,United States,73.76,False
ac4237,United States,295.03,False
a6bd01,United States,173.59,False
abdeec,United States,259.37,False
4cc576,Iceland,233.9,False
4cc578,Iceland,237.78,False
a54d2c,United States,48.22,False
504e87,Republic of Moldova,226.29,False
a4f7cb,United States,208.1,False
ac5576,United States,54.11,False
a05cc7,United States,259.49,False
a18fd2,United States,46.86,False
46b8b4,Greece,247.83,False
a13608,United States,199.12,False
a624ac,United States,273.88,False
8a0289,Indonesia,184.07,False
897005,Solomon Islands,237.8,False
4cc573,Iceland,232.0,False
a0161a,United States,48.0,False
4cc570,Iceland,210.62,False
acebbe,United States,0.06,False
46b8a2,Greece,243.06,False
a2a61f,United States,40.03,False
a0acbb,United States,188.47,False
a01680,United States,146.97,False
a05cf3,United States,4.63,True
801524,India,197.02,False
a2ffc2,United States,58.57,False
a851f6,United States,58.13,False
7c1ab8,Australia,255.41,False
06a112,Qatar,268.09,False
a29cbf,United States,247.15,False
c03069,Canada,222.26,False
86cf6f,Japan,268.39,False
a6aa6e,United States,207.75,False
e4a12a,Brazil,216.07,False
a51958,United States,187.54,False
06a121,Qatar,278.85,False
e4a125,Brazil,219.56,False
a14972,United States,70.99,False
a8fd5a,United States,0.06,True
a87913,United States,47.53,False
a87907,United States,225.24,False
a37616,United States,0.45,True
06a12f,Qatar,244.13,False
adb2ee,United States,52.69,False
a3c649,United States,284.43,False
407d5c,United Kingdom,211.51,False
406a34,United Kingdom,114.12,False
a55fe9,United States,276.37,False
a13650,United States,69.8,False
a611db,United States,276.3,False
80154e,India,89.01,False
06a13d,Qatar,256.51,False
406a9c,United Kingdom,71.65,False
06a13b,Qatar,153.94,False
406a9f,United Kingdom,199.6,False
a2b991,United States,194.57,False
ac5723,United States,231.01,False
48c22e,Poland,256.74,False
801560,India,62.55,False
a36345,United States,83.11,False
80155a,India,246.03,False
ad7701,United States,252.6,False
a6aa2f,United States,41.67,False
86cf2b,Japan,100.71,False
a48315,United States,280.38,False
406a92,United Kingdom,0.0,True
a3d90a,United States,283.26,False
a2ffdc,United States,95.47,False
c80777,New Zealand,50.54,False
801539,India,217.82,False
c83ab4,New Zealand,49.31,False
c83ab2,New Zealand,49.4,False
ac9db8,United States,79.71,False
7c2dfe,Australia,51.6,False
09014d,Angola,254.7,False
09014c,Angola,232.78,False
a2564c,United States,56.6,False
a8b4ad,United States,53.38,False
86cf4d,Japan,91.81,False
a8fd2c,United States,125.99,False
7c1abb,Australia,203.44,False
7c1abd,Australia,190.56,False
a55fa2,United States,1.03,True
a11035,United States,79.75,False
a4960c,United States,209.42,False
a62676,United States,60.56,False
407d10,United Kingdom,0.0,True
80159e,India,266.82,False
a66cf7,United States,245.56,False
a48356,United States,220.76,False
407d00,United Kingdom,214.02,False
abbb24,United States,168.65,False
a97316,United States,230.25,False
abbb2c,United States,242.36,False
ad0e61,United States,3.09,True
a2a686,United States,66.43,False
a80ffc,United States,63.81,False
ac9e77,United States,292.03,False
ac8b43,United States,245.61,False
7c1b6f,Australia,66.95,False
acb8f8,United States,1.29,True
801597,India,261.92,False
a6135b,United States,50.99,False
801596,India,143.51,False
ac42bf,United States,193.34,False
abce6a,United States,89.19,False
a6cffc,United States,181.02,False
a74679,United States,248.69,False
a6cfb8,United States,35.68,False
a388a9,United States,210.98,False
0d03f4,Mexico,221.18,False
a86605,United States,226.65,False
a1ce16,United States,231.83,False
7c2da9,Australia,35.21,False
aa5dc5,United States,110.02,False
a04b24,United States,129.59,False
a3c665,United States,63.17,False
a002a8,United States,79.7,False
a63977,United States,250.4,False
a54cd9,United States,210.26,False
ac42df,United States,241.13,False
a9e902,United States,49.28,False
851826,Japan,200.51,False
abbb77,United States,0.0,True
a4e65b,United States,49.4,False
a87942,United States,2.57,True
a028e5,United States,235.25,False
a87945,United States,88.7,False
06a109,Qatar,237.99,False
06a107,Qatar,271.88,False
06a102,Qatar,266.92,False
a5aff2,United States,206.57,False
a75966,United States,221.78,False
a54cf9,United States,59.02,False
885114,Thailand,10.29,True
ad504d,United States,168.07,False
a9d687,United States,65.37,False
7892a3,China,236.1,False
7892a4,China,247.74,False
a9605b,United States,308.15,False
a53b06,United States,48.15,False
aaae08,United States,50.28,False
c819e0,New Zealand,136.99,False
06a0ab,Qatar,127.44,False
a9b007,United States,278.34,False
06a0aa,Qatar,263.73,False
a268f1,United States,34.47,False
a9d66c,United States,203.93,False
ab7e0a,United States,156.91,False
0ac9ef,Colombia,223.99,False
a72092,United States,58.25,False
88510f,Thailand,53.18,False
a96046,United States,82.97,False
a388af,United States,216.17,False
7c1b00,Australia,66.69,False
06a0bc,Qatar,138.78,False
06a0ba,Qatar,256.27,False
ac308f,United States,199.88,False
8013c2,India,275.38,False
4bb722,Turkey,202.41,False
680001,Bhutan,209.15,False
680002,Bhutan,249.53,False
680009,Bhutan,215.32,False
ab48e8,United States,208.12,False
aaae1b,United States,0.0,True
68000c,Bhutan,12.45,False
a495bf,United States,267.31,False
ad88a2,United States,56.52,False
a242c3,United States,176.46,False
7cf8ed,Australia,141.41,False
a42e3f,United States,245.56,False
7cf8ef,Australia,158.81,False
a362a9,United States,246.54,False
ab6b21,United States,78.58,False
ab35d3,United States,234.79,False
acb8ba,United States,0.0,True
7cf8f5,Australia,218.3,False
a8535f,United States,53.29,False
a9e956,United States,0.9,True
a2db21,United States,229.64,False
a495b4,United States,150.29,False
ab35cb,United States,222.72,False
7c1b2a,Australia,48.91,False
a362a2,United States,274.27,False
a2ee2e,United States,2.06,True
aa5cf8,United States,214.72,False
a9d637,United States,52.27,False
06a0fe,Qatar,90.32,False
06a0fd,Qatar,264.22,False
ad7631,United States,204.15,False
ad1fcd,United States,218.27,False
abccb1,United States,74.55,False
acffbc,United States,208.57,False
a53b69,United States,6.94,True
71c752,Republic of Korea,270.47,False
a01724,United States,135.11,False
71c753,Republic of Korea,153.03,False
a91e3a,United States,30.87,False
a732ae,United States,163.9,False
86cf09,Japan,207.3,False
a625f9,United States,32.94,False
a8b5ad,United States,202.99,False
71c746,Republic of Korea,251.62,False
71c747,Republic of Korea,214.3,False
a9d5a2,United States,167.2,False
ac6993,United States,265.55,False
a90b26,United States,56.16,False
aa02ab,United States,206.53,False
acb953,United States,197.56,False
71c741,Republic of Korea,202.08,False
a66e7a,United States,152.5,False
71c743,Republic of Korea,169.75,False
aaf007,United States,189.74,False
a65b74,United States,87.75,False
a1bb83,United States,168.91,False
aa15cc,United States,91.85,False
a242ee,United States,49.09,False
600b26,Azerbaijan,0.13,True
a65b64,United States,183.84,False
ac300d,United States,184.58,False
a878fe,United States,40.38,False
a7a8ed,United States,273.93,False
a41b44,United States,217.49,False
ab2372,United States,199.29,False
a638df,United States,253.17,False
4a2182,Romania,246.72,False
ac3030,United States,120.87,False
ab236a,United States,271.31,False
a3fb37,United States,43.24,False
a05dd8,United States,222.07,False
a6be24,United States,41.78,False
0ac9f0,Colombia,219.67,False
a9b06f,United States,272.29,False
a12429,United States,229.27,False
a66e3b,United States,178.25,False
71c702,Republic of Korea,110.38,False
a758c4,United States,37.84,False
adc646,United States,222.99,False
a91e11,United States,132.36,False
7c2e09,Australia,0.0,False
a1240a,United States,299.99,False
a3c5f3,United States,51.08,False
ac5697,United States,200.05,False
a6be11,United States,41.98,False
a1373d,United States,275.34,False
a05ddc,United States,241.58,False
a53b2b,United States,184.22,False
a66e43,United States,0.0,True
0ac9e1,Colombia,238.44,False
885175,Thailand,260.71,False
ac3053,United States,222.16,False
adc65e,United States,249.78,False
71c732,Republic of Korea,251.09,False
a482fc,United States,210.31,False
a612a6,United States,0.32,True
a3c5fd,United States,288.35,False
a9739f,United States,41.18,False
a12403,United States,200.78,False
8409ed,Japan,197.05,False
adc64a,United States,28.88,False
a9c380,United States,144.17,False
a9607d,United States,262.55,False
c067ae,Canada,168.07,False
e49406,Brazil,231.58,False
7c35e7,Australia,175.94,False
aa8c39,United States,254.97,False
a46e70,United States,0.0,True
a7b08d,United States,53.1,False
aa56db,United States,1.8,True
a1b2e3,United States,29.28,False
aa56da,United States,261.76,False
88044f,Thailand,163.2,False
a808ba,United States,42.82,False
ade191,United States,198.94,False
7c6b40,Australia,162.34,False
880454,Thailand,228.83,False
ade199,United States,5.92,True
880451,Thailand,134.61,False
a305fd,United States,227.44,False
a3f2ae,United States,44.66,False
880450,Thailand,200.37,False
aa56d5,United States,236.54,False
ad4f0b,United States,0.0,True
ade17a,United States,52.89,False
7c6b1c,Australia,216.3,False
0d0c07,Mexico,234.18,False
7c6b38,Australia,255.51,False
7c6b37,Australia,216.0,False
7c35c6,Australia,0.0,True
7c6b19,Australia,152.81,False
ad3c16,United States,262.93,False
a10e99,United States,30.37,False
abc6ba,United States,223.59,False
7c6b0c,Australia,8.75,True
7c6b0b,Australia,239.62,False
aa69db,United States,180.06,False
7c6b28,Australia,1.03,True
ab76eb,United States,165.37,False
aa8c10,United States,222.71,False
a6fe41,United States,177.22,False
a57b4d,United States,248.82,False
aa56b4,United States,270.1,False
ad3c20,United States,40.28,False
ae26a1,United States,59.54,False
a46e35,United States,85.78,False
7c6b18,Australia,234.3,False
a33b1e,United States,139.47,False
a545fc,United States,173.97,False
7c6b14,Australia,212.38,False
a5de4a,United States,49.62,False
4b180a,Switzerland,0.0,True
4b180b,Switzerland,0.0,True
ac2f83,United States,201.23,False
4952b1,Portugal,236.05,False
4952b3,Portugal,244.85,False
abb3ad,United States,51.45,False
aaef89,United States,63.44,False
c822ec,New Zealand,129.89,False
ad4f72,United States,198.25,False
7c6b80,Australia,5.14,True
ad3c1f,United States,252.57,False
a7b057,United States,204.37,False
4952a8,Portugal,175.23,False
7c6b5b,Australia,231.07,False
abb3be,United States,209.33,False
4952a5,Portugal,250.24,False
ad3c2f,United States,60.65,False
7c6b4c,Australia,99.41,False
a2d2da,United States,272.96,False
ad90a3,United States,188.13,False
ac1c5f,United States,101.05,False
7c6b3b,Australia,187.6,False
abfc71,United States,97.67,False
a4ab11,United States,45.72,False
ace6e2,United States,182.4,False
aa3199,United States,45.13,False
a34e97,United States,242.64,False
7c6b3d,Australia,226.25,False
7c6b3c,Australia,155.76,False
a88075,United States,229.46,False
a94b51,United States,178.81,False
a6eb71,United States,62.59,False
a94b50,United States,277.01,False
ae2786,United States,60.56,False
3c65a3,Germany,0.0,True
a95e7c,United States,30.87,False
0d0ae8,Mexico,102.61,False
ae277e,United States,1.54,False
a16410,United States,111.35,False
c01b5b,Canada,95.28,False
aba155,United States,275.01,False
4b1885,Switzerland,266.62,False
ab649c,United States,79.18,False
4b1880,Switzerland,229.12,False
4b1881,Switzerland,1.03,True
0d0af7,Mexico,245.09,False
8686aa,Japan,223.87,False
861f5e,Japan,196.27,False
acd46e,United States,50.97,False
a7c2f6,United States,0.51,True
3c65c7,Germany,95.7,True
a94b2b,United States,135.56,False
ae5af0,United States,64.41,False
ae146d,United States,82.14,False
aa8c99,United States,227.29,False
ae279b,United States,58.24,False
a45b96,United States,152.8,False
0d0afe,Mexico,198.33,False
a8f5cd,United States,50.22,False
ae012e,United States,186.66,False
3c65ca,Germany,4.12,False
a57b5a,United States,123.75,False
aba188,United States,41.99,False
a34dbf,United States,144.04,False
a1511c,United States,34.47,False
a1b42f,United States,206.62,False
a33aa7,United States,186.48,False
a6a2b1,United States,54.85,False
a4ab61,United States,157.1,False
0c4183,Dominican Republic,244.97,False
a83e3b,United States,83.35,False
ac2f18,United States,230.79,False
a94b29,United States,216.32,False
a808df,United States,130.91,False
861f00,Japan,88.76,False
ae147f,United States,119.46,False
a915cf,United States,121.43,False
c82439,New Zealand,244.85,False
3c409d,Germany,3.6,True
a09df6,United States,0.9,True
c02e91,Canada,205.79,False
a2e70b,United States,42.79,False
a57b8b,United States,209.84,False
aa9f6f,United States,215.74,False
a0dab2,United States,3.86,True
a69b86,United States,91.31,False
aa56f7,United States,102.72,False
a94b05,United States,146.82,False
a94b02,United States,216.57,False
a08acb,United States,220.67,False
a29748,United States,211.24,False
a70b4d,United States,45.18,False
a1515b,United States,284.72,False
a6b730,United States,48.02,False
a77412,United States,47.8,False
ac9723,United States,154.56,False
ae2707,United States,64.42,False
a41447,United States,251.39,False
ad071d,United States,181.61,False
782005,China,75.46,False
758377,Philippines,49.56,False
a28473,United States,262.28,False
ad0725,United States,205.63,False
ad0726,United States,278.18,False
a71db6,United States,260.51,False
c8244b,New Zealand,102.02,False
aaa754,United States,40.56,False
a0dae2,United States,238.51,False
a33ac2,United States,111.81,False
e4808c,Brazil,166.21,False
a39113,United States,253.46,False
a21ad6,United States,34.02,False
800da3,India,162.52,False
ac2dc7,United States,206.04,False
a1b449,United States,216.07,False
a1a117,United States,127.69,False
a39100,United States,81.29,False
a1c773,United States,41.36,False
7c3631,Australia,78.05,False
a0dadb,United States,113.79,False
7c3635,Australia,62.35,False
a3f401,United States,132.21,False
a27191,United States,56.08,False
a27197,United States,207.5,False
861e70,Japan,270.31,False
c07071,Canada,110.67,False
ac8438,United States,49.68,False
861e78,Japan,101.84,False
0a011b,Algeria,230.35,False
782040,China,145.63,False
861e4e,Japan,206.49,False
a27182,United States,56.36,False
49530c,Portugal,127.55,False
a6670c,United States,113.77,False
ace744,United States,61.07,False
75831c,Philippines,0.0,True
abb440,United States,3.34,True
a2717f,United States,138.45,False
a069b2,United States,49.92,False
84cb66,Japan,181.25,False
a94b72,United States,251.12,False
86d5e5,Japan,6.43,True
861e92,Japan,241.85,False
a65405,United States,66.29,False
ac1ad7,United States,224.81,False
abfac6,United States,216.34,False
abc780,United States,141.64,False
a2716a,United States,53.84,False
a4bdb9,United States,285.84,False
a4278e,United States,8.75,True
ad077b,United States,251.89,False
ac712d,United States,193.9,False
758309,Philippines,232.25,False
a33af8,United States,48.55,False
a0a6c5,United States,0.06,True
7c6a8d,Australia,219.41,False
aaee9c,United States,215.85,False
a94ae3,United States,178.78,False
acd2d3,United States,234.69,False
abb2d5,United States,219.67,False
a8f77c,United States,238.52,False
a7b133,United States,162.33,False
a043c8,United States,47.16,False
e4936a,Brazil,249.68,False
c08354,Canada,107.55,False
a76154,United States,205.35,False
c02cfc,Canada,7.72,True
a8947e,United States,167.34,False
a3918f,United States,187.53,False
40804e,United Kingdom,214.35,False
a5df05,United States,63.53,False
a559d9,United States,81.46,False
408053,United Kingdom,225.16,False
a1a18f,United States,239.28,False
c87f2b,New Zealand,83.33,False
a189f2,United States,210.88,False
3c542c,Germany,101.21,False
0d0b92,Mexico,163.09,False
ab7704,United States,60.84,False
3c6701,Germany,253.41,False
3c6706,Germany,237.22,False
a2d3a9,United States,196.08,False
a6a440,United States,166.11,False
a1fc3b,United States,177.07,False
a95dd3,United States,0.0,True
3c6712,Germany,0.0,True
3c6711,Germany,238.76,False
3c6716,Germany,238.19,False
a83dd0,United States,64.21,False
a9175a,United States,61.69,False
a82aa8,United States,234.86,False
a2f9dd,United States,199.22,False
7c4947,Australia,54.07,False
75839f,Philippines,232.44,False
4951ef,Portugal,140.81,False
71f096,Republic of Korea,92.09,False
a030a8,United States,201.71,False
a91739,United States,272.18,False
c823af,New Zealand,24.74,False
758386,Philippines,79.55,False
0d0b35,Mexico,213.93,False
758384,Philippines,226.33,False
3c670a,Germany,257.04,False
a426a5,United States,201.76,False
e48051,Brazil,77.54,False
3c670f,Germany,274.55,False
c823b6,New Zealand,59.41,False
a6eacf,United States,207.22,False
c823bd,New Zealand,62.86,False
aa9de7,United States,271.64,False
e4805d,Brazil,185.36,False
aa4440,United States,256.62,False
a78790,United States,46.75,False
aa8ab2,United States,5.66,True
7c4927,Australia,7.72,True
7c4922,Australia,261.92,False
408092,United Kingdom,246.26,False
a22f66,United States,43.32,False
a65490,United States,293.83,False
aa7a1f,United States,6.43,True
a83f2b,United States,208.32,False
a809da,United States,144.56,False
a413cb,United States,168.17,False
a666cd,United States,163.8,False
abc7c6,United States,297.03,False
c02eca,Canada,255.03,False
ace7aa,United States,222.13,False
ad07ae,United States,48.97,False
c02ed9,Canada,244.28,False
7c7f90,Australia,0.0,True
a4bf81,United States,74.58,False
c02ec1,Canada,228.9,False
a5cc37,United States,200.46,False
a3f3e5,United States,72.57,False
7c6c53,Australia,228.26,False
c0850c,Canada,151.62,False
a1a0c4,United States,230.25,False
aa44ad,United States,251.83,False
a3f3dc,United States,191.41,False
7c6c55,Australia,220.58,False
aaa7ef,United States,173.68,False
7c7f5c,Australia,2.57,False
ac0a22,United States,195.07,False
a4bf95,United States,244.16,False
abea11,United States,155.07,False
ab9a32,United States,214.67,False
7c6c2b,Australia,59.29,False
40820e,United Kingdom,205.01,False
abc7e9,United States,168.22,False
c0853f,Canada,147.57,False
a7d6ae,United States,220.48,False
abc7e1,United States,72.77,False
a7d6b6,United States,229.52,False
a7e9e7,United States,204.14,False
a1a0a1,United States,219.74,False
ad3d45,United States,53.37,False
0d0b04,Mexico,4.63,True
7c49fb,Australia,0.0,True
a5cc53,United States,64.45,False
a4ac5a,United States,50.68,False
c02ee9,Canada,247.3,False
aadd5f,United States,191.4,False
a809f5,United States,188.95,False
c02ee7,Canada,266.98,False
7c6c33,Australia,251.95,False
c821c1,New Zealand,79.84,False
abea30,United States,40.25,False
a390ed,United States,232.79,False
a5df10,United States,56.17,False
7c6c7c,Australia,146.2,False
ac84f9,United States,0.0,True
7c6c97,Australia,152.18,False
aadd91,United States,142.87,False
7c6c90,Australia,224.76,False
a9f152,United States,78.16,False
a58f3a,United States,34.07,False
a666ae,United States,64.78,False
a400d0,United States,83.8,False
4a2aac,Romania,68.8,False
abb4ea,United States,184.65,False
aaca75,United States,110.73,False
3c6562,Germany,241.67,False
ac0a75,United States,90.24,False
acd4d7,United States,220.01,False
a5cc15,United States,168.67,False
a270db,United States,44.82,False
a5cc13,United States,207.58,False
a400aa,United States,51.26,False
7cbc47,Australia,41.65,False
3c656c,Germany,284.66,False
a390d7,United States,50.54,False
a390d6,United States,128.34,False
a3f3c9,United States,64.03,False
ae4a27,United States,116.44,False
ac71e7,United States,218.98,False
a6ec95,United States,236.23,False
acc23f,United States,235.32,False
a9af80,United States,185.21,False
a2e81c,United States,56.6,False
adf567,United States,194.15,False
782078,China,266.28,False
abb595,United States,169.43,False
a1b519,United States,213.02,False
c01c7c,Canada,49.94,False
7c1194,Australia,0.0,True
a94c7b,United States,240.02,False
a1c82a,United States,202.82,False
a34ea0,United States,89.89,False
a5481a,United States,39.87,False
a3f500,United States,119.12,False
e491b1,Brazil,229.87,False
aa7a83,United States,6.17,True
0a001b,Algeria,230.35,False
ad9284,United States,49.87,False
a94c4e,United States,224.65,False
a94c60,United States,135.35,False
a17855,United States,213.32,False
aa31ed,United States,8.75,True
a08bb4,United States,0.0,True
a66822,United States,44.39,False
e491ae,Brazil,136.13,False
ad928b,United States,190.62,False
ad928e,United States,117.51,False
ad928d,United States,191.12,False
a70c67,United States,210.96,False
7c7f52,Australia,55.77,False
a4ac6e,United States,84.48,False
7c6c27,Australia,200.17,False
a6ec56,United States,205.79,False
7c6c25,Australia,253.04,False
a8f6cd,United States,101.89,False
c083aa,Canada,219.44,False
a7c3a2,United States,43.46,False
a83f63,United States,182.8,False
a1c868,United States,220.3,False
e491f0,Brazil,212.01,False
ad07a6,United States,61.72,False
c82315,New Zealand,135.1,False
a83f8c,United States,185.91,False
7c7f27,Australia,46.44,False
a880b0,United States,63.97,False
a22ee7,United States,86.63,False
846a16,Japan,102.54,False
a520f9,United States,127.87,False
aa7a3c,United States,181.5,False
aa31c2,United States,243.73,False
c083f2,Canada,213.18,False
8687bc,Japan,0.64,True
abc7a3,United States,193.91,False
7c7f0a,Australia,42.2,False
a0dbd3,United States,102.48,False
a22ef6,United States,189.31,False
a1522b,United States,38.24,False
ab64b8,United States,229.07,False
a9af29,United States,275.44,False
aa44cd,United States,255.07,False
a4281d,United States,187.6,False
a2d56d,United States,258.26,False
c82336,New Zealand,117.41,False
758487,Philippines,263.4,False
a6fec7,United States,98.88,False
ad4eb5,United States,100.1,False
ac9850,United States,99.82,False
ab6542,United States,91.06,False
4080a2,United Kingdom,200.65,False
c82349,New Zealand,78.85,False
a45bd7,United States,221.58,False
75847f,Philippines,67.46,False
ab6552,United States,182.63,False
a5dee6,United States,48.04,False
a2725d,United States,249.57,False
a5dee3,United States,173.89,False
abb537,United States,258.85,False
a21bea,United States,202.72,False
e4929c,Brazil,256.1,False
a41558,United States,50.22,False
a69bcd,United States,210.15,False
aaa86a,United States,0.06,False
a70bd1,United States,0.0,True
ac1bb6,United States,135.89,False
ad0851,United States,250.6,False
c01c28,Canada,215.24,False
ac7216,United States,186.59,False
ad4eba,United States,68.36,False
a5cbd9,United States,52.84,False
c82379,New Zealand,7.2,True
0d0a77,Mexico,198.46,False
a6b810,United States,112.84,False
a057c7,United States,184.97,False
c07193,Canada,196.28,False
a9f0d8,United States,49.44,False
769103,Singapore,263.15,False
a08d22,United States,48.69,False
a65512,United States,29.88,False
ab5257,United States,271.19,False
758453,Philippines,110.86,False
7c6af9,Australia,129.07,False
a057cc,United States,141.99,False
ad0887,United States,183.0,False
a880ed,United States,49.52,False
abb54f,United States,90.45,False
7c6ae5,Australia,112.92,False
4080bf,United Kingdom,247.39,False
7c6ae1,Australia,135.32,False
ade212,United States,71.88,False
a6b833,United States,295.77,False
a1a27d,United States,92.58,False
3c64f7,Germany,187.05,False
c02f21,Canada,218.13,False
ab525f,United States,6.17,True
78216a,China,266.28,False
ac8588,United States,11.83,True
ac7256,United States,242.89,False
0d0a8d,Mexico,234.69,False
a4bed7,United States,32.1,False
ab5278,United States,53.71,False
7c6ad3,Australia,47.16,False
abb57a,United States,195.32,False
a64208,United States,0.0,True
a65537,United States,71.71,False
4a08ea,Romania,240.85,False
ac857b,United States,234.33,False
a1a286,United States,142.14,False
a45bdd,United States,0.0,True
a89597,United States,189.47,False
aba0c8,United States,81.49,False
aa328f,United States,151.25,False
a94bff,United States,115.96,False
ae13bd,United States,120.26,False
ae13be,United States,125.92,False
e4924a,Brazil,195.61,False
a7d89b,United States,63.04,False
a1c7c1,United States,313.93,False
a6428e,United States,51.41,False
a7626b,United States,178.29,False
a19a0f,United States,49.48,False
a044f4,United States,60.53,False
861ef8,Japan,121.24,False
3c6649,Germany,264.27,False
408183,United Kingdom,183.7,False
408184,United Kingdom,183.19,False
a8d224,United States,5.66,True
842250,Japan,225.24,False
e49221,Brazil,127.61,False
a1fd03,United States,200.44,False
a8d231,United States,81.04,False
a76290,United States,51.19,False
40815b,United Kingdom,205.19,False
ae5c77,United States,151.86,False
0d0a71,Mexico,130.59,False
a9aebe,United States,249.92,False
a1a1b6,United States,1.8,True
a33d62,United States,230.97,False
a8953c,United States,28.46,False
ae00f7,United States,203.6,False
a89545,United States,87.46,False
a71efa,United States,196.52,False
a65598,United States,146.31,False
a64264,United States,26.8,False
a83ef5,United States,188.09,False
aa589c,United States,233.4,False
a271b0,United States,215.56,False
a20a42,United States,72.24,False
ab6519,United States,177.36,False
a031bd,United States,74.77,False
c0712e,Canada,225.24,False
a284b5,United States,269.76,False
0d0a26,Mexico,83.73,False
e4926f,Brazil,197.33,False
a19a48,United States,192.04,False
0d0a1a,Mexico,242.57,False
aa3226,United States,230.92,False
aaeec5,United States,200.56,False
a6d9ae,United States,54.77,False
a90185,United States,128.08,False
7583fa,Philippines,135.82,False
a556c2,United States,69.92,False
a59f53,United States,271.96,False
a2f6cb,United States,117.34,False
a6d9c3,United States,67.94,False
a35f5a,United States,41.83,False
0d0e40,Mexico,188.65,False
ab87bb,United States,60.05,False
aaed17,United States,253.66,False
acd296,United States,6.43,True
a449f1,United States,176.51,False
a280a0,United States,44.24,False
aaed0c,United States,188.13,False
a0ff6e,United States,46.31,False
a0a3c4,United States,43.97,False
a60f4e,United States,30.0,False
a5a6c1,United States,8.75,True
a58c2e,United States,135.56,False
a689f0,United States,32.41,False
a676c4,United States,166.58,False
ac2d33,United States,85.27,False
a0ff7d,United States,52.43,False
a2f6b3,United States,119.75,False
0d0e65,Mexico,264.81,False
0d0e68,Mexico,186.92,False
aaa4b3,United States,147.39,False
a6c6a4,United States,33.96,False
0d0e5b,Mexico,241.59,False
151de3,Russian Federation,232.52,False
7583bb,Philippines,44.33,False
a59f03,United States,51.65,False
c820ae,New Zealand,128.64,False
151dda,Russian Federation,27.7,False
abd7d1,United States,0.0,True
7c6d9e,Australia,184.53,False
7c6d9d,Australia,137.04,False
c080cf,Canada,9.77,True
abd7f1,United States,33.82,False
a4cf12,United States,70.32,False
a8913b,United States,244.1,False
ab0d76,United States,236.95,False
86d96c,Japan,275.12,False
c080e3,Canada,56.63,False
c080e0,Canada,233.56,False
a6b47c,United States,261.26,False
7c6d8d,Australia,1.29,True
7c6d8c,Australia,188.21,False
ac2d69,United States,98.57,False
aaed5a,United States,233.42,False
a1b0c2,United States,77.32,False
acf7e4,United States,56.5,False
84106c,Japan,120.16,False
0d0e12,Mexico,202.87,False
0d0e14,Mexico,234.7,False
abc4be,United States,263.82,False
7c6d8f,Australia,246.9,False
7583a8,Philippines,236.75,False
151dfb,Russian Federation,239.04,False
a1b0c6,United States,13.38,True
7583a1,Philippines,208.29,False
aaa4dc,United States,254.47,False
a7c166,United States,52.12,False
7c6d7b,Australia,244.51,False
ac1a44,United States,0.06,True
7583ab,Philippines,223.59,False
0d0e20,Mexico,249.51,False
ad04d0,United States,0.0,True
a34c57,United States,233.22,False
7c6d96,Australia,249.33,False
ac1a2c,United States,215.26,False
7c6d92,Australia,213.7,False
a6a181,United States,85.4,False
151dec,Russian Federation,216.53,False
7c6d90,Australia,8.23,True
86d98e,Japan,131.6,False
ad3a0d,United States,54.57,False
7c11e1,Australia,65.21,False
abc4d8,United States,208.86,False
758526,Philippines,229.43,False
a1d811,United States,1.8,True
adf205,United States,47.1,False
86d8cc,Japan,174.1,False
a3f0f0,United States,10.8,True
a11eb7,United States,0.0,True
a05521,United States,0.06,True
a2d0fb,United States,51.41,False
ae6bb4,United States,0.73,False
a0b81e,United States,275.24,False
adaee8,United States,227.86,False
a0b81d,United States,266.84,False
a2d0fd,United States,52.09,False
8675d8,Japan,190.56,False
a0b820,United States,98.94,False
ac2be9,United States,232.87,False
ae6bad,United States,121.13,False
aaa590,United States,197.9,False
758534,Philippines,74.66,False
e490c3,Brazil,186.62,False
a72f91,United States,233.36,False
ae6ba8,United States,126.34,False
abb245,United States,187.26,False
ac2bf8,United States,204.61,False
c080a4,Canada,223.2,False
c080a2,Canada,178.55,False
c080a3,Canada,230.54,False
a9bf4b,United States,208.67,False
a0b802,United States,133.76,False
adaeed,United States,166.78,False
846b6c,Japan,222.98,False
c080d9,Canada,194.56,False
a9bf27,United States,261.44,False
a0b803,United States,285.88,False
aa9d6e,United States,2.57,True
0c4353,Dominican Republic,226.15,False
c080ae,Canada,228.32,False
a96f68,United States,131.8,False
ab627c,United States,263.38,False
abc591,United States,77.68,False
abc592,United States,85.47,False
a1b0ef,United States,31.65,False
a3183e,United States,263.13,False
a3183d,United States,214.65,False
7c6d2f,Australia,132.59,False
7c6d2b,Australia,226.68,False
a96f37,United States,267.62,False
a0b866,United States,230.54,False
a96f2b,United States,201.7,False
a35ec2,United States,169.27,False
a60f7a,United States,50.88,False
a0b86c,United States,174.24,False
0d0cdd,Mexico,254.39,False
acf89f,United States,190.59,False
49514d,Portugal,145.7,False
acd252,United States,81.85,False
a1d83d,United States,102.61,False
a0a545,United States,260.27,False
a4cf7f,United States,0.0,True
c009ee,Canada,49.18,False
7c6d33,Australia,216.72,False
a676f7,United States,38.12,False
a35eb0,United States,208.09,False
7c6d32,Australia,100.54,False
7c6d31,Australia,217.89,False
84bb13,Japan,187.12,False
a43815,United States,160.26,False
a96f11,United States,102.35,False
a0b845,United States,0.0,True
a0b841,United States,276.66,False
a806e0,United States,169.13,False
ac828f,United States,193.55,False
7c6d24,Australia,209.59,False
a0b848,United States,295.82,False
a806d8,United States,0.64,True
aa8a09,United States,4.63,True
a7f9f4,United States,196.64,False
a05559,United States,141.61,False
a0a522,United States,306.2,False
a04229,United States,47.34,False
aa67e1,United States,116.65,False
151f14,Russian Federation,220.4,False
4246b3,United Kingdom,237.54,False
151e8d,Russian Federation,232.32,False
a1624e,United States,27.78,True
a4385b,United States,82.43,False
0d0cb0,Mexico,212.63,False
ac3ea3,United States,0.0,True
a1d890,United States,215.12,False
a1c544,United States,73.16,False
4006c3,United Kingdom,258.5,False
4006c2,United Kingdom,253.68,False
e4917f,Brazil,149.09,False
a1d873,United States,272.59,False
a0a54a,United States,141.62,False
a29551,United States,211.03,False
7c3880,Australia,2.06,True
a5320b,United States,189.1,False
485789,Kingdom of the Netherlands,274.92,False
abc504,United States,187.63,False
7c7eef,Australia,143.09,False
a59ef7,United States,254.93,False
a6784c,United States,80.73,False
a0b88f,United States,8.23,True
a0b88c,United States,294.81,False
7c6bb9,Australia,260.66,False
484443,Kingdom of the Netherlands,241.65,False
a30535,United States,30.97,False
aafecc,United States,52.17,False
a0b88b,United States,82.83,False
a6652b,United States,1.03,True
a67805,United States,237.54,False
0c4349,Dominican Republic,232.84,False
acf841,United States,172.0,False
a2e57e,United States,202.49,False
ab8880,United States,237.49,False
acf846,United States,216.61,False
abb205,United States,148.82,False
7c1275,Australia,51.3,False
ac2bb9,United States,199.9,False
ac2bb8,United States,211.06,False
151e58,Russian Federation,27.73,False
7c259b,Australia,82.39,False
ac8217,United States,238.78,False
a0428a,United States,0.51,True
a6780f,United States,117.74,False
a16273,United States,92.09,False
c0817c,Canada,181.36,False
a900e0,United States,254.11,False
758539,Philippines,83.92,False
4246a2,United Kingdom,243.04,False
abb222,United States,192.2,False
c82284,New Zealand,137.7,False
c82285,New Zealand,107.93,False
a9ac54,United States,0.06,True
ac2bd6,United States,204.61,False
ac2bd9,United States,72.32,False
c8226a,New Zealand,41.68,False
a7d3fe,United States,3.34,True
0d0d92,Mexico,149.6,False
ace3b9,United States,47.37,False
ab73f5,United States,214.17,False
ad03c4,United States,204.52,False
abd6ed,United States,259.66,False
a0b7b8,United States,8.23,True
a0b7b7,United States,204.61,False
151da9,Russian Federation,27.85,False
a53287,United States,186.45,False
abc3c6,United States,226.8,False
ac2c79,United States,191.66,False
3c6518,Germany,247.27,False
3c6517,Germany,254.12,False
a6c88e,United States,208.02,False
151dbf,Russian Federation,259.37,False
e49104,Brazil,220.34,False
7c6c9c,Australia,236.09,False
7c6c9b,Australia,247.0,False
7c6c9a,Australia,208.04,False
e4910c,Brazil,249.3,False
ad4c60,United States,0.0,True
e4910e,Brazil,8.75,True
86d94a,Japan,274.61,False
abc3ec,United States,267.31,False
842388,Japan,121.5,False
a0b7f4,United States,31.29,False
a65220,United States,224.29,False
a5dbae,United States,200.63,False
a174c8,United States,101.51,False
7c2539,Australia,156.68,False
a0b7dc,United States,72.26,False
a58bdc,United States,60.07,False
a72ef7,United States,236.48,False
a7851c,United States,229.59,False
a0b7fa,United States,216.86,False
adf0a3,United States,135.52,False
86d906,Japan,217.4,False
a317ba,United States,0.0,True
a91535,United States,224.04,False
a08a19,United States,68.43,False
0d0d75,Mexico,0.0,True
a66576,United States,208.12,False
a067ec,United States,68.94,False
a5dbcb,United States,238.35,False
a0b7d8,United States,267.36,False
a0b7bd,United States,199.73,False
a79898,United States,190.17,False
a7c209,United States,46.44,False
ae6c86,United States,55.34,False
a89207,United States,284.43,False
ae10bc,United States,251.99,False
ae10bf,United States,305.85,False
aa4200,United States,272.49,False
a08a1a,United States,269.41,False
a0ed34,United States,120.27,False
a041b0,United States,64.67,False
acd0e0,United States,131.61,False
a2d1a7,United States,44.32,False
a797b4,United States,239.09,False
ad18b0,United States,177.23,False
a08a85,United States,219.91,False
0d0d19,Mexico,46.25,False
a807a1,United States,15.65,False
a2e4c7,United States,190.19,False
aa55b5,United States,206.89,False
7821bc,China,193.47,False
a8e29c,United States,2.57,True
a90290,United States,94.37,False
a437da,United States,186.91,False
aaee43,United States,235.22,False
aaee3b,United States,78.71,False
aa9e28,United States,186.79,False
0d0d37,Mexico,209.68,False
a8e279,United States,208.47,False
a34d52,United States,0.0,True
a46d29,United States,119.05,False
a0b7fe,United States,3.6,True
a0b7fd,United States,1.29,True
a0b7fb,United States,200.08,False
a46d26,United States,6.94,True
a5dd1c,United States,8.75,True
a2f7d7,United States,47.55,False
ac1b21,United States,7.72,True
a304b2,United States,49.7,False
aaa5d4,United States,218.77,False
abc5ac,United States,154.07,False
a664c9,United States,55.41,False
a4bd4d,United States,90.36,False
acc09f,United States,44.35,False
a544db,United States,50.66,False
a34d2f,United States,192.9,False
a437c0,United States,83.46,False
a531ae,United States,38.48,False
ab62ad,United States,204.52,False
ab75f9,United States,43.01,False
a411d3,United States,243.94,False
ac1b44,United States,0.0,True
a11fa1,United States,217.34,False
a11fa3,United States,151.13,False
ab62d3,United States,186.23,False
ad3b27,United States,57.1,False
a8e262,United States,278.12,False
a34d98,United States,237.52,False
408034,United Kingdom,236.45,False
a06943,United States,38.65,False
a0b914,United States,43.08,False
ac82c7,United States,94.4,False
a557c3,United States,222.21,False
a2d1ad,United States,49.78,False
aaa5ff,United States,215.33,False
a4bd24,United States,0.0,True
acf8f3,United States,0.06,True
ab62f8,United States,213.38,False
a45a1b,United States,87.75,False
408011,United Kingdom,204.35,False
a22d9f,United States,218.99,False
a8e247,United States,188.37,False
a46d4f,United States,235.61,False
a9befc,United States,196.27,False
a46d4a,United States,283.26,False
7584d7,Philippines,191.42,False
ace5bd,United States,112.17,False
ace5bc,United States,194.9,False
ae0006,United States,197.04,False
a23fb9,United States,64.26,False
a70a67,United States,53.05,False
a05646,United States,212.77,False
c02d99,Canada,204.75,False
a05648,United States,121.16,False
ad0673,United States,52.48,False
a0563b,United States,209.55,False
ab5056,United States,6.69,True
a5ca4b,United States,240.84,False
a11fe7,United States,217.33,False
c01a52,Canada,154.55,False
abc67f,United States,203.42,False
ab6394,United States,203.84,False
758649,Philippines,68.69,False
a70a86,United States,32.67,False
758621,Philippines,82.48,False
a95d42,United States,96.41,False
a70a84,United States,34.02,False
acd363,United States,54.53,False
a1d918,United States,52.72,False
75860f,Philippines,91.46,False
758616,Philippines,236.17,False
ae001a,United States,184.74,False
a95d52,United States,170.67,False
86d9fc,Japan,274.35,False
a9ad36,United States,186.75,False
adf32a,United States,55.65,False
a54605,United States,72.92,False
758629,Philippines,50.66,False
758628,Philippines,71.34,False
ae266a,United States,54.57,False
a2f94a,United States,296.16,False
ac7074,United States,127.02,False
a05681,United States,51.91,False
a11ffd,United States,44.86,False
aa55ee,United States,268.19,False
c02d51,Canada,112.72,False
ab0e05,United States,43.12,False
a82a06,United States,208.92,False
86d9b8,Japan,6.69,True
a6ea11,United States,34.5,False
ae0038,United States,214.36,False
a0301f,United States,274.44,False
49526d,Portugal,126.13,False
a1500a,United States,203.42,False
ab88b6,United States,233.48,False
aa8b40,United States,32.41,True
a6c7e7,United States,40.09,False
495276,Portugal,118.01,False
06cf01,Central African Republic,152.06,False
ab0e19,United States,144.31,False
a0a635,United States,75.12,False
495266,Portugal,0.0,True
a35fc2,United States,241.97,False
a6a1b4,United States,253.34,False
a6ea20,United States,40.43,False
a784d5,United States,227.47,False
a651e1,United States,7.72,True
a1897c,United States,179.51,False
a1d93b,United States,212.54,False
a0433b,United States,181.8,False
a39017,United States,10.29,True
ab7627,United States,203.35,False
a59ff4,United States,43.12,False
aaffaa,United States,256.68,False
ad1927,United States,202.11,False
ab761e,United States,132.74,False
a3900e,United States,232.97,False
151d86,Russian Federation,206.51,False
a2f998,United States,53.73,False
aa9ca8,United States,122.78,False
aaa621,United States,190.9,False
a1b348,United States,45.81,False
aaa61e,United States,42.38,False
a66647,United States,46.91,False
4007f9,United Kingdom,3.09,True
ab7639,United States,48.13,False
4007f3,United Kingdom,257.23,False
a29680,United States,247.55,False
a1d99b,United States,292.29,False
a46cc1,United States,265.0,False
a96fb1,United States,166.7,False
4007f0,United Kingdom,273.8,False
ab6316,United States,169.43,False
7c0012,Australia,8.75,True
aa6943,United States,253.42,False
aaecb8,United States,43.65,False
a30663,United States,143.66,False
a30657,United States,192.6,False
a1c64e,United States,249.06,False
aaffed,United States,0.0,True
ab1ffe,United States,269.9,False
ab6339,United States,152.79,False
ad5fe7,United States,254.21,False
abd971,United States,192.33,False
a8e1cc,United States,261.25,False
78105a,China,233.02,False
758680,Philippines,86.73,False
151d46,Russian Federation,250.43,False
abc62a,United States,245.06,False
aaa668,United States,177.16,False
a3afd3,United States,31.65,False
abc651,United States,281.55,False
adafb5,United States,213.26,False
a8e1f6,United States,230.2,False
a4001a,United States,85.22,False
ace63d,United States,151.82,False
aa8a8a,United States,210.99,False
ae6cb9,United States,4.15,False
a2d359,United States,185.2,False
a42680,United States,198.23,False
ad9003,United States,6.43,True
acd329,United States,45.56,False
ab635d,United States,200.9,False
a66623,United States,35.21,False
a46ce1,United States,4.37,True
a3901d,United States,206.52,False
151d57,Russian Federation,237.49,False
a34e01,United States,0.0,True
4b5c18,Switzerland,7.46,True
a7869b,United States,1.03,True
a7d676,United States,282.65,False
a8e32b,United States,181.77,False
ac81c6,United States,34.32,False
a7d673,United States,212.25,False
440bce,Austria,221.18,False
a3e07a,United States,257.81,False
a6b680,United States,32.48,False
84bac2,Japan,0.45,True
0d0c7c,Mexico,167.75,False
ace4bd,United States,7.2,True
ac81d3,United States,241.06,False
abfa65,United States,286.07,False
c08268,Canada,109.3,False
a6a382,United States,0.0,True
7585a2,Philippines,198.8,False
a9034c,United States,166.22,False
a41393,United States,49.31,False
aa568f,United States,218.88,False
a8f63b,United States,0.0,True
ac1a72,United States,196.53,False
a10e29,United States,72.48,False
a9acb8,United States,202.38,False
a90352,United States,246.75,False
a90351,United States,267.52,False
a10e23,United States,193.07,False
abb1de,United States,242.17,False
aa5694,United States,150.32,False
aa5691,United States,175.55,False
aa5690,United States,249.7,False
3a3718,France,168.39,False
c0824e,Canada,28.01,False
a09e47,United States,266.69,False
a188ba,United States,94.56,False
ae5a65,United States,60.11,False
a34e49,United States,0.0,True
a0b8fb,United States,0.0,True
aa699d,United States,49.95,False
0d0c2f,Mexico,0.0,True
ad3a5f,United States,221.25,False
ac1a95,United States,2.83,True
a318ea,United States,168.73,False
a7d630,United States,249.83,False
7c7fe2,Australia,44.41,False
a295c9,United States,180.23,False
a33b07,United States,167.81,False
a5468e,United States,167.07,False
a5dcde,United States,284.25,False
7c7fdb,Australia,48.19,False
a438c3,United States,260.28,False
ab891a,United States,261.41,False
a52045,United States,67.77,False
a91616,United States,254.18,False
7c7fd4,Australia,40.93,False
440bbf,Austria,127.78,False
a305a6,United States,51.35,False
7c6ca2,Australia,259.75,False
781008,China,211.08,False
a6a33f,United States,183.51,False
acf906,United States,281.03,False
440bc5,Austria,60.08,False
a1d8e1,United States,41.16,False
440bc9,Austria,134.91,False
a6c99c,United States,49.77,False
a4008e,United States,222.39,False
a6667d,United States,44.56,False
a7d63e,United States,204.16,False
ab1fbb,United States,183.14,False
78233d,China,61.2,False
a042d2,United States,226.65,False
a70f80,United States,235.38,False
c08887,Canada,193.11,False
a70f88,United States,81.8,False
a896e0,United States,38.03,False
4841ad,Kingdom of the Netherlands,259.49,False
a5cf82,United States,202.01,False
a6a6f6,United States,274.17,False
abb7f9,United States,165.34,False
a630a4,United States,81.19,False
a2b0cd,United States,0.06,True
846d0c,Japan,179.92,False
c800d3,New Zealand,61.48,False
a7fc19,United States,128.79,False
7822dc,China,215.87,False
ae04a1,United States,130.67,False
e49890,Brazil,87.77,False
a68c67,United States,32.51,False
a403df,United States,28.29,True
a6a6fe,United States,232.08,False
a7b3c2,United States,144.96,False
7c6f8d,Australia,40.13,False
c00bec,Canada,192.58,False
a69f9d,United States,92.47,False
abed68,United States,176.37,False
aa21b1,United States,47.96,False
e49866,Brazil,240.37,False
a5cf8b,United States,256.08,False
aa34d9,United States,42.34,False
c07566,Canada,124.56,False
477d74,Hungary,1.03,True
a2c3cf,United States,49.01,False
84bd16,Japan,190.5,False
4ca8fa,Ireland,217.57,False
a3e3ac,United States,74.91,False
a776b2,United States,287.52,False
c82810,New Zealand,119.56,False
400685,United Kingdom,8.75,True
400683,United Kingdom,0.0,True
a5cf41,United States,230.32,False
aaba83,United States,49.96,False
aaba81,United States,298.18,False
40066c,United Kingdom,220.37,False
a523ab,United States,216.63,False
a536dd,United States,215.33,False
a536f7,United States,42.64,False
477d4c,Hungary,1.29,True
a523c4,United States,54.43,False
acc4df,United States,47.1,False
a5cf3f,United States,230.67,False
400664,United Kingdom,26.24,True
a5cf3c,United States,205.6,False
ad94ee,United States,46.92,False
c08866,Canada,289.99,False
c08863,Canada,245.39,False
c08864,Canada,212.72,False
c08862,Canada,210.84,False
acb1e5,United States,187.83,False
7585da,Philippines,62.96,False
7585e8,Philippines,115.82,False
a5bc1f,United States,49.71,False
c82827,New Zealand,46.58,False
a15516,United States,0.0,True
c08853,Canada,211.23,False
c08851,Canada,245.27,False
c01ebb,Canada,156.1,False
c0751c,Canada,214.64,False
c0884e,Canada,214.86,False
7585f8,Philippines,230.1,False
a28812,United States,0.0,True
758766,Philippines,0.45,True
a3f841,United States,58.97,False
a0cbd2,United States,44.86,False
acb285,United States,81.6,False
0b4342,Guatemala,0.0,False
a20bc1,United States,51.6,False
aa8fb6,United States,62.77,False
acb27c,United States,0.0,True
7c39f1,Australia,12.35,True
a07bef,United States,174.65,False
a7fc8a,United States,40.67,False
a3e525,United States,212.62,False
758773,Philippines,4.37,True
758771,Philippines,0.0,True
75875f,Philippines,222.89,False
a07bfa,United States,0.0,False
75875e,Philippines,231.33,False
a0cbd6,United States,240.27,False
70c13c,Oman,0.0,False
a2886c,United States,216.67,False
758769,Philippines,178.08,False
aa4938,United States,85.34,False
a16879,United States,0.0,True
a45ea9,United States,24.32,False
c82871,New Zealand,138.61,False
a1fec6,United States,38.15,False
a33ead,United States,54.99,False
a21ed4,United States,204.34,False
a08efd,United States,244.02,False
7c39b5,Australia,0.0,True
a1b841,United States,179.15,False
7c39b2,Australia,31.33,False
a03574,United States,266.92,False
abb7a3,United States,243.04,False
a8c0d2,United States,119.39,False
ab67cf,United States,50.17,False
a32bf3,United States,189.11,False
c060bf,Canada,0.0,True
a40562,United States,87.41,False
a2b234,United States,0.0,True
a0cbff,United States,205.11,False
7c5c59,Australia,46.94,False
a2d88a,United States,33.2,False
a32bf4,United States,48.33,False
a93c79,United States,49.24,False
e4851a,Brazil,184.38,False
a1427f,United States,206.63,False
a9f3ad,United States,225.12,False
c060c9,Canada,264.99,False
abb7c7,United States,52.22,False
a906f3,United States,116.16,False
c060c2,Canada,212.19,False
3de584,Germany,5.14,False
7c39fc,Australia,0.0,True
a32bba,United States,178.15,False
aacd50,United States,7.2,True
7c39f9,Australia,173.9,False
a38211,United States,211.44,False
7c39f5,Australia,183.98,False
7c39f7,Australia,128.13,False
ad1a02,United States,103.37,False
a33eda,United States,248.68,False
a20bf5,United States,54.93,False
a27567,United States,286.37,False
a27569,United States,43.52,False
e49830,Brazil,225.43,False
a8e6f2,United States,207.53,False
a89872,United States,227.58,False
ad8207,United States,80.1,False
3a21e5,France,92.5,False
a81bc4,United States,3.6,True
7c0157,Australia,76.92,False
a9f502,United States,248.81,False
ac0bc4,United States,142.23,False
a6dbbd,United States,218.34,False
a6322f,United States,53.19,False
78114a,China,194.1,False
a4f263,United States,57.48,False
ac6227,United States,192.43,False
a76552,United States,198.56,False
a2c58b,United States,116.59,False
7c013d,Australia,51.26,False
a7b520,United States,197.62,False
abfefd,United States,204.33,False
ac0bde,United States,70.12,False
a7fbbb,United States,193.53,False
ac6243,United States,167.29,False
c060b4,Canada,169.24,False
7c1468,Australia,257.28,False
c073e4,Canada,131.69,False
c073e6,Canada,117.57,False
a4189f,United States,224.17,False
a5127c,United States,190.86,False
ac7581,United States,191.41,False
4ca97a,Ireland,185.21,False
abebe0,United States,179.09,False
a2759b,United States,36.89,False
a4188e,United States,48.07,False
a7650b,United States,279.59,False
a6eeb9,United States,212.47,False
a64531,United States,209.09,False
aa7bb5,United States,16.59,False
ac6266,United States,299.86,False
a5120d,United States,64.01,False
a06a26,United States,60.86,False
a3e567,United States,257.31,False
ade548,United States,142.05,False
c01f28,Canada,224.59,False
a7c819,United States,253.39,False
a3f88e,United States,209.01,False
c827a6,New Zealand,215.85,False
a7c813,United States,214.55,False
a6452f,United States,106.9,False
c01f1e,Canada,103.03,False
a6eed5,United States,6.17,True
78119d,China,181.66,False
a7c849,United States,185.3,False
ac6289,United States,192.96,False
a3e584,United States,218.98,False
a4f22e,United States,199.32,False
758794,Philippines,218.05,False
758793,Philippines,250.26,False
a6587b,United States,154.99,False
a70ee6,United States,207.06,False
e483dd,Brazil,90.75,False
a3828a,United States,153.22,False
a394aa,United States,69.33,False
ae03fb,United States,111.55,False
a034fe,United States,62.42,False
c0617d,Canada,225.49,False
880854,Thailand,73.57,False
c06177,Canada,85.41,False
a657ad,United States,203.91,False
c06171,Canada,2.83,True
a657ab,United States,47.67,False
880844,Thailand,238.15,False
a1b7f1,United States,175.84,False
c0616c,Canada,243.24,False
a657b9,United States,209.88,False
ad2c9f,United States,143.99,False
ab5502,United States,53.15,False
c814bd,New Zealand,46.58,False
c827f0,New Zealand,223.39,False
c827f1,New Zealand,111.83,False
c827f2,New Zealand,27.08,False
7586ca,Philippines,198.51,False
a1ed21,United States,39.04,False
88085a,Thailand,243.05,False
a5bd0b,United States,144.53,False
7586d0,Philippines,235.61,False
a18a1c,United States,216.23,False
ab6851,United States,237.2,False
a06a54,United States,218.61,False
a18a1e,United States,255.27,False
a537ed,United States,232.63,False
7c6de2,Australia,194.92,False
a1a4fd,United States,77.07,False
7c6de8,Australia,0.0,True
7586a8,Philippines,124.22,False
7c6de6,Australia,214.86,False
a32d85,United States,48.37,False
7586a7,Philippines,134.79,False
7c6de4,Australia,228.46,False
7609d7,Pakistan,252.09,False
a2b1ab,United States,210.16,False
a2c4db,United States,179.19,False
a63282,United States,124.8,False
a43a34,United States,4.12,True
7c6dde,Australia,0.0,True
76d10a,Singapore,235.81,False
a417fe,United States,177.56,False
7c6dd6,Australia,73.85,False
7586b9,Philippines,50.63,False
7c6dd4,Australia,151.02,False
a6dbf3,United States,220.14,False
a9e21e,United States,47.42,False
a2c4cb,United States,295.54,False
ad3ea5,United States,52.99,False
a2c4e0,United States,0.0,True
846bd8,Japan,130.3,False
a1ed5f,United States,197.34,False
a99221,United States,23.51,False
7c6dc9,Australia,253.67,False
ac0ba7,United States,6.69,True
a261d7,United States,54.08,False
c06156,Canada,248.65,False
84bbbd,Japan,150.35,False
84ceef,Japan,127.23,False
7c6db6,Australia,75.27,False
7c6db5,Australia,8.23,True
7c6db4,Australia,237.6,False
7c6db2,Australia,172.86,False
7c6db1,Australia,217.62,False
ac6204,United States,106.58,False
7c6db9,Australia,0.13,True
78112a,China,213.33,False
7c6db8,Australia,3.86,True
a32d4a,United States,58.5,False
aa7e9a,United States,7.46,True
4baa43,Turkey,0.0,False
a631ba,United States,77.15,False
c00cf4,Canada,2.83,True
c07676,Canada,137.07,False
7810bc,China,220.27,False
ac62bb,United States,52.46,False
a28928,United States,275.52,False
e49764,Brazil,85.9,False
4baa48,Turkey,3.6,False
c812e3,New Zealand,36.13,False
a8d4ad,United States,1.54,True
c05007,Canada,292.58,False
a511f6,United States,183.54,False
a21fa1,United States,5.92,True
0b4295,Guatemala,0.39,True
ac62cc,United States,213.93,False
a884b6,United States,267.87,False
4baa4c,Turkey,3.25,False
a631d1,United States,103.06,False
a93d4e,United States,63.63,False
a5aa3a,United States,7.72,True
a8e7f1,United States,43.78,False
a4f1e5,United States,217.52,False
7c4a4a,Australia,244.06,False
aa7e7c,United States,277.42,False
a31a76,United States,265.69,False
aa7e7a,United States,179.95,False
3df746,Germany,6.45,False
a511fd,United States,211.04,False
a44d85,United States,246.34,False
acc5e7,United States,28.38,False
c06357,Canada,156.35,False
c06359,Canada,144.15,False
a67a86,United States,34.56,False
c07684,Canada,1.29,True
c06356,Canada,89.85,False
aa7e79,United States,273.37,False
ade5ba,United States,42.07,False
a5aa78,United States,150.84,False
c07682,Canada,113.93,False
c0501e,Canada,212.51,False
7c4a53,Australia,159.41,False
7c4a50,Australia,252.98,False
7c4a51,Australia,228.81,False
acb2ad,United States,0.0,True
ac62f3,United States,165.25,False
a03618,United States,215.36,False
aa6b43,United States,266.44,False
7c4a57,Australia,240.06,False
7c4a54,Australia,243.13,False
a16975,United States,77.5,False
a2d92a,United States,0.51,True
a14316,United States,36.97,False
abdb88,United States,4.63,True
a07cd8,United States,2.83,True
ae4e94,United States,133.73,False
a7c7a2,United States,262.86,False
aa22a7,United States,46.58,False
a19cbb,United States,47.34,False
70c0fe,Oman,237.56,False
a524e1,United States,162.89,False
add2b6,United States,185.14,False
add2b5,United States,214.95,False
aa7e56,United States,212.58,False
a777bf,United States,4.63,True
a19cc7,United States,240.6,False
4baa62,Turkey,201.72,False
4baa61,Turkey,237.77,False
aa7e3a,United States,202.69,False
a28947,United States,204.96,False
400776,United Kingdom,255.68,False
aa7e2e,United States,284.01,False
a33fa7,United States,85.44,False
a3d1cc,United States,40.13,False
400773,United Kingdom,238.66,False
4868ba,Kingdom of the Netherlands,258.27,False
a9e287,United States,61.66,False
4baa6a,Turkey,27.7,False
abdb9a,United States,60.49,False
a3d302,United States,211.15,False
ab9e12,United States,297.86,False
ab9e13,United States,58.53,False
a0103b,United States,283.94,False
ab68c8,United States,70.51,False
a4afc8,United States,51.01,False
7c4a00,Australia,133.42,False
c82744,New Zealand,234.36,False
ab68d0,United States,216.81,False
a7ea86,United States,71.0,False
a3962d,United States,272.98,False
a53975,United States,194.92,False
a2c635,United States,83.51,False
a80a97,United States,277.23,False
abb8a0,United States,191.84,False
a0104d,United States,49.4,False
a5130a,United States,209.04,False
a3e658,United States,199.38,False
a3d326,United States,212.28,False
a70fbe,United States,60.39,False
aa370d,United States,40.93,False
aace26,United States,63.69,False
a1a63d,United States,240.2,False
a1fff2,United States,174.1,False
a20caf,United States,70.85,False
a1ecc4,United States,64.64,False
a69fbc,United States,176.02,False
a4afe9,United States,65.19,False
a70fb6,United States,218.35,False
ab68dd,United States,246.55,False
c82763,New Zealand,35.04,False
a1433a,United States,0.0,True
a89925,United States,48.34,False
abb8c4,United States,77.85,False
a01037,United States,199.44,False
46f07c,Greece,12.35,True
c07607,Canada,73.71,False
a3e670,United States,60.37,False
a38367,United States,194.01,False
a37032,United States,72.33,False
0b424e,Guatemala,43.26,False
7cad48,Australia,236.15,False
7cad47,Australia,0.06,True
7cad45,Australia,0.0,True
7c4a41,Australia,132.3,False
7cad44,Australia,249.33,False
a2a029,United States,62.49,False
7cad43,Australia,154.16,False
7cad41,Australia,0.0,True
7c01c2,Australia,0.0,True
a3f91e,United States,216.71,False
88808e,Viet Nam,219.72,False
7c4a43,Australia,231.75,False
a8d4ef,United States,2.83,True
aa6b9d,United States,260.81,False
a44cda,United States,254.25,False
a1ecfd,United States,233.41,False
a01097,United States,65.54,False
a7b4f2,United States,238.51,False
a2b348,United States,162.34,False
ae4e02,United States,45.3,False
c8276c,New Zealand,133.54,False
a7fd5c,United States,49.56,False
a4065c,United States,46.92,False
a37012,United States,28.41,False
ac62a9,United States,278.03,False
a6ca7f,United States,13.38,True
3a46b5,France,132.59,False
3a46b2,France,130.45,False
3a46b3,France,139.46,False
ab8b3e,United States,172.34,False
7823da,China,224.02,False
a0105b,United States,288.22,False
aace5c,United States,261.01,False
a8d4d2,United States,5.66,True
ab8b3c,United States,95.21,False
ad2e57,United States,44.88,False
ab8b56,United States,196.06,False
45d06e,Denmark,195.36,False
a32cce,United States,2.31,True
7c5d2c,Australia,75.95,False
7810c0,China,247.59,False
aa6b7e,United States,248.48,False
a8d4cc,United States,210.82,False
acc5a5,United States,237.71,False
aabb53,United States,114.35,False
3a46a1,France,153.87,False
7810c4,China,160.07,False
733545,Islamic Republic of Iran,227.69,False
a39668,United States,224.18,False
a168ad,United States,209.75,False
e495d0,Brazil,172.54,False
4258c4,United Kingdom,8.75,True
abb995,United States,179.13,False
aba64a,United States,39.22,False
a82ffb,United States,29.69,False
4ca892,Ireland,225.79,False
46f00d,Greece,11.32,True
a4f381,United States,122.15,False
a38391,United States,96.33,False
a6335d,United States,66.49,False
a8996b,United States,196.38,False
aa234a,United States,218.33,False
e495cf,Brazil,229.64,False
ac501e,United States,190.52,False
a63388,United States,201.83,False
770590,Sri Lanka,242.01,False
c00d7d,Canada,116.91,False
872fa0,Japan,130.01,False
e495b3,Brazil,141.37,False
7c0251,Australia,61.54,False
ac6364,United States,199.94,False
ab4383,United States,182.46,False
a44cfd,United States,252.48,False
a37045,United States,158.01,False
aa365c,United States,30.97,True
a40694,United States,201.77,False
7c5be5,Australia,35.29,False
a3f8a1,United States,272.78,False
4258f0,United Kingdom,6.69,True
a288e4,United States,165.08,False
aca01a,United States,11.83,True
78129c,China,219.99,False
a88626,United States,53.51,False
a418b2,United States,239.31,False
ac769b,United States,201.34,False
a68caa,United States,69.79,False
a022c4,United States,6.17,True
a19e61,United States,267.51,False
a7c92e,United States,26.74,False
ac5066,United States,207.01,False
7c029b,Australia,66.7,False
aa2311,United States,285.06,False
a5bccd,United States,193.75,False
a51362,United States,61.36,False
adc032,United States,0.0,True
aca02f,United States,66.37,False
a6a971,United States,57.03,False
a3e69d,United States,145.87,False
ade66f,United States,147.21,False
4005bd,United Kingdom,243.11,False
4005ba,United Kingdom,263.77,False
ab5600,United States,162.92,False
7587fb,Philippines,230.59,False
a395e5,United States,221.35,False
a382b3,United States,194.46,False
aa7e20,United States,63.62,False
a1a5cf,United States,211.31,False
aa7e16,United States,191.84,False
a9e391,United States,153.18,False
abb90d,United States,8.23,True
4bbd05,Turkey,2.06,True
a658d8,United States,44.92,False
a418e0,United States,134.99,False
a2c5b1,United States,226.36,False
abb930,United States,148.33,False
a98051,United States,135.54,False
a68e39,United States,38.95,False
a288ff,United States,292.88,False
a44e24,United States,126.83,False
a67b07,United States,244.74,False
a9804f,United States,223.87,False
ac760d,United States,240.41,False
a3d2c0,United States,203.6,False
7587f6,Philippines,45.18,False
a9d031,United States,281.11,False
a6de16,United States,34.68,False
a5be2d,United States,48.68,False
a55b2a,United States,54.5,False
a898a9,United States,94.4,False
a262a8,United States,120.7,False
872fc9,Japan,175.07,False
aba628,United States,208.06,False
a9935c,United States,88.77,False
a382ca,United States,240.81,False
7587ca,Philippines,119.84,False
a98046,United States,11.83,True
abb94f,United States,116.32,False
ac0cb1,United States,88.75,False
a81cff,United States,22.92,False
0d09be,Mexico,184.79,False
ad3fce,United States,78.82,False
0d09d0,Mexico,251.22,False
a1db63,United States,64.28,False
76d255,Singapore,244.4,False
acd964,United States,204.16,False
a2c5db,United States,134.74,False
ad3fd6,United States,193.45,False
ac0cc9,United States,0.0,True
a56e0d,United States,162.32,False
0d09ce,Mexico,207.69,False
a658a1,United States,214.23,False
a262f5,United States,48.91,False
a2c5e3,United States,176.12,False
ade609,United States,0.0,True
a382b6,United States,235.34,False
7587b5,Philippines,141.67,False
a44e59,United States,174.26,False
abecc3,United States,170.67,False
ac7658,United States,198.78,False
a2fb32,United States,233.66,False
a1ea70,United States,201.21,False
a82d29,United States,51.82,False
ad3e36,United States,184.47,False
ac1e57,United States,53.94,False
a401bc,United States,55.07,False
a94d16,United States,192.84,False
c0730e,Canada,217.48,False
e49641,Brazil,181.13,False
a3f4ea,United States,195.57,False
5084a6,Ukraine,278.96,False
a654cb,United States,234.21,False
aa45e7,United States,294.03,False
a0a900,United States,247.04,False
abfe46,United States,72.99,False
abfe45,United States,236.37,False
abb5c3,United States,182.91,False
a0a903,United States,292.07,False
e49656,Brazil,206.93,False
c02fe7,Canada,0.0,True
a33d79,United States,284.42,False
aade76,United States,320.65,False
5084d1,Ukraine,259.74,False
a894b5,United States,0.0,True
a0ca62,United States,3.34,True
a4ad6c,United States,45.89,False
a401a4,United States,52.71,False
ac85f8,United States,87.98,False
a774c2,United States,131.47,False
aa8e3e,United States,73.05,False
a33d68,United States,145.1,False
c811eb,New Zealand,38.81,False
888194,Viet Nam,226.55,False
aba2b7,United States,226.76,False
abb5e9,United States,188.94,False
acd5ad,United States,203.67,False
8413d7,Japan,111.6,False
a68a3d,United States,51.45,False
aa45c1,United States,87.97,False
abb5e3,United States,213.78,False
acd5e3,United States,182.19,False
abb5ec,United States,150.38,False
ad2b43,United States,10.29,True
86eaf2,Japan,191.04,False
a6b7a0,United States,13.38,True
a30925,United States,64.78,False
a8d27e,United States,295.44,False
c02fb4,Canada,8.75,True
a0595d,United States,55.48,False
ab9b81,United States,232.5,False
a69d21,United States,99.74,False
a04641,United States,207.33,False
a44a6d,United States,211.61,False
abeb57,United States,205.92,False
a4ad1f,United States,86.04,False
e49699,Brazil,225.65,False
ac72e4,United States,211.37,False
a667cf,United States,30.84,False
ae5e80,United States,127.63,False
c08620,Canada,134.38,False
a05940,United States,227.81,False
a3f4d7,United States,207.64,False
a57d52,United States,212.66,False
c02fd8,Canada,220.33,False
a69d23,United States,58.65,False
c02fd5,Canada,144.29,False
ae02d2,United States,114.12,False
a44a61,United States,86.43,False
ac0b96,United States,275.56,False
888158,Viet Nam,1.03,True
a56a25,United States,259.96,False
e4966d,Brazil,191.48,False
ab9b9d,United States,151.91,False
43c5eb,United Kingdom,77.17,False
a0a96c,United States,190.23,False
7c15bf,Australia,60.39,False
a30961,United States,66.81,False
ad935b,United States,122.03,False
ab4090,United States,136.51,False
acd68a,United States,204.33,False
a3f621,United States,178.76,False
a66935,United States,256.09,False
a66932,United States,105.99,False
a78922,United States,233.69,False
a6b90b,United States,29.84,False
8880a3,Viet Nam,224.38,False
a03329,United States,82.48,False
7c5e1e,Australia,49.14,False
a81a7f,United States,222.36,False
a6692d,United States,210.1,False
a81a81,United States,92.6,False
7811a2,China,247.96,False
a4bfc1,United States,0.0,True
a7fa70,United States,200.31,False
ae036d,United States,59.66,False
a16642,United States,87.1,False
4ca82b,Ireland,228.19,False
a82d60,United States,245.29,False
76d1c9,Singapore,233.75,False
a2e96b,United States,0.06,True
a7d7f3,United States,0.0,False
ac98ac,United States,180.25,False
7c02d2,Australia,29.12,False
733682,Islamic Republic of Iran,233.89,False
a82d54,United States,135.52,False
a04692,United States,220.61,False
a04695,United States,222.53,False
7cae42,Australia,0.0,True
a82d83,United States,210.74,False
abfe12,United States,192.72,False
ab9b0a,United States,76.28,False
a7c4da,United States,53.23,False
a7fa2d,United States,214.71,False
abc8ce,United States,220.6,False
ad08d6,United States,197.98,False
a68a95,United States,189.84,False
ac1e49,United States,58.79,False
a03377,United States,208.89,False
ad08bd,United States,201.4,False
845c8c,Japan,240.04,False
a27326,United States,192.11,False
a34fe6,United States,141.87,False
ad3e0b,United States,96.9,False
ac1e2d,United States,215.43,False
70605b,Kuwait,239.14,False
8520c0,Japan,76.76,False
abb5a1,United States,136.5,False
e494b3,Brazil,154.54,False
4bcde8,Turkey,258.59,False
4bcde7,Turkey,242.08,False
4bcde6,Turkey,244.84,False
a5ccc7,United States,5.66,True
a2c35a,United States,162.27,False
a2c35b,United States,215.67,False
a52353,United States,21.61,False
a45ced,United States,60.54,False
ac2fea,United States,182.61,False
486649,Kingdom of the Netherlands,30.35,True
4bcdeb,Turkey,256.82,False
a3d039,United States,224.81,False
4bcdf9,Turkey,195.1,False
a77645,United States,223.86,False
c084a3,Canada,213.05,False
a14087,United States,118.01,False
c01d1a,Canada,53.41,False
a69cce,United States,136.28,False
4bcdba,Turkey,3.6,True
a2d681,United States,31.43,False
aba30b,United States,6.94,True
c071a4,Canada,215.1,False
a2869c,United States,233.59,False
780083,China,224.5,False
a2869f,United States,40.12,False
a0339f,United States,211.99,False
a88314,United States,58.14,False
aa9fe4,United States,81.82,False
ac1cde,United States,139.69,False
7cace4,Australia,77.54,False
a6fff8,United States,295.51,False
aa8cb2,United States,231.15,False
c084b9,Canada,266.15,False
a2c336,United States,191.9,False
a2c338,United States,271.33,False
ab401d,United States,80.29,False
c084c2,Canada,0.0,True
c00a0b,Canada,229.66,False
c01d3c,Canada,217.18,False
a38019,United States,162.85,False
ab5365,United States,208.74,False
a33cf6,United States,51.42,False
abfcda,United States,292.5,False
acc31a,United States,277.42,False
acd64b,United States,194.66,False
e494f7,Brazil,184.73,False
ab402b,United States,46.86,False
aa9fbb,United States,65.85,False
a5363e,United States,71.18,False
ace96a,United States,206.4,False
a08e3c,United States,162.93,False
e481d7,Brazil,166.62,False
a64305,United States,209.08,False
a58fdf,United States,286.92,False
a9191d,United States,238.26,False
ab5383,United States,177.5,False
a66970,United States,215.94,False
a6ffc3,United States,294.88,False
841400,Japan,185.18,False
ab538b,United States,270.09,False
a5232a,United States,96.88,False
a66987,United States,208.67,False
acd675,United States,217.68,False
abb68c,United States,202.07,False
a8d365,United States,247.12,False
aa58a6,United States,176.45,False
ae4a4b,United States,53.62,False
adf4e9,United States,214.61,False
a08e82,United States,0.0,True
e48273,Brazil,231.96,False
e48274,Brazil,230.6,False
a33e2d,United States,199.26,False
a88380,United States,219.03,False
a308d9,United States,44.44,False
e4827c,Brazil,0.06,True
a6308b,United States,44.45,False
a178de,United States,3.86,True
7c293d,Australia,60.05,False
aaca9d,United States,75.65,False
ae01f0,United States,106.18,False
ade1cd,United States,124.3,False
a5ce02,United States,7.72,True
acc1eb,United States,3.34,True
aaa929,United States,232.37,False
a0de31,United States,59.9,False
4851f7,Kingdom of the Netherlands,7.2,True
abc912,United States,49.39,False
a33e08,United States,189.66,False
ab6601,United States,43.63,False
846f00,Japan,1.29,True
a19b18,United States,274.24,False
a0a8df,United States,303.82,False
a8d327,United States,256.06,False
781346,China,248.99,False
a0cb68,United States,286.16,False
a0de99,United States,227.78,False
ad0919,United States,187.2,False
846def,Japan,256.37,False
a032fd,United States,3.09,True
a1eb50,United States,49.71,False
c01bde,Canada,211.77,False
7c1689,Australia,48.55,False
a3d074,United States,107.9,False
a82ce0,United States,42.2,False
a8c006,United States,214.74,False
ae01ee,United States,151.29,False
a6a66f,United States,47.37,False
ade1db,United States,37.28,False
a33e5e,United States,187.6,False
a1b5ea,United States,71.82,False
aaa954,United States,189.1,False
abc948,United States,14.92,True
4851b0,Kingdom of the Netherlands,252.73,False
7cacb0,Australia,182.53,False
78135e,China,195.48,False
4851b3,Kingdom of the Netherlands,295.68,False
a4f05d,United States,180.57,False
a91986,United States,138.0,False
ae2914,United States,70.45,False
a0de7f,United States,51.41,False
aa466f,United States,140.44,False
a45e1c,United States,37.51,False
abb624,United States,211.41,False
ab663f,United States,177.2,False
a1a2a2,United States,215.06,False
a32b7b,United States,35.23,False
c07435,Canada,113.38,False
a0cb9e,United States,181.78,False
a4ae85,United States,150.65,False
a93b01,United States,187.11,False
85cd04,Japan,155.07,False
a402dd,United States,243.6,False
aa8f8b,United States,123.99,False
a895b0,United States,194.97,False
a5bb1e,United States,57.62,False
a5bb1b,United States,179.08,False
e49524,Brazil,84.66,False
c00ab9,Canada,56.79,False
e4952b,Brazil,237.15,False
abb6dc,United States,203.68,False
ab53e4,United States,209.31,False
a82e2e,United States,252.63,False
c01dcb,Canada,298.15,False
a44b56,United States,261.46,False
a0cb7a,United States,44.82,False
a81b2a,United States,158.36,False
aacc5b,United States,212.65,False
c06120,Canada,220.87,False
c0611f,Canada,250.49,False
c00acd,Canada,17.49,True
a8f8ae,United States,43.29,False
ace9fd,United States,52.81,False
abec4d,United States,118.94,False
abff87,United States,279.52,False
ab40ce,United States,5.66,True
a82e57,United States,30.35,True
aa7c1c,United States,83.48,False
a4ae48,United States,185.05,False
ab40e7,United States,54.11,False
a535be,United States,171.93,False
a03427,United States,180.48,False
a04758,United States,173.49,False
a6ee11,United States,57.49,False
ab40f0,United States,259.55,False
a9e071,United States,49.5,False
ab40f8,United States,257.9,False
7c1832,Australia,231.4,False
abec6c,United States,211.74,False
acb0c9,United States,110.15,False
acc3f7,United States,209.79,False
c01dac,Canada,220.21,False
e4953d,Brazil,238.56,False
a535e4,United States,3.09,True
ae03f7,United States,103.33,False
a9905e,United States,151.16,False
ad2c8b,United States,49.78,False
a788d3,United States,195.16,False
ad93f0,United States,198.4,False
ab6800,United States,183.19,False
ab6806,United States,75.12,False
a08db1,United States,31.14,False
ac60ef,United States,171.11,False
a3e2d9,United States,202.89,False
a19ab1,United States,182.79,False
a1a41a,United States,63.82,False
a0ddd7,United States,26.36,False
a41722,United States,0.77,True
a1a413,United States,20.37,False
c00b8a,Canada,12.35,True
7c16d6,Australia,48.94,False
e480f9,Brazil,162.46,False
a882f8,United States,92.55,False
c82513,New Zealand,85.57,False
c82510,New Zealand,52.43,False
a1a406,United States,48.84,False
3a3280,France,264.55,False
a2d710,United States,63.79,False
ab79d4,United States,28.57,False
a14104,United States,263.66,False
a1674f,United States,7.72,True
7c29dd,Australia,54.99,False
0d8469,Venezuela,250.06,False
ab79de,United States,4.63,True
a2c43e,United States,0.0,True
a2b10b,United States,0.06,True
4bcda9,Turkey,255.55,False
4bcda6,Turkey,134.38,False
845d88,Japan,0.9,True
a2d76a,United States,4.63,True
4bcdaa,Turkey,0.06,True
c01e7d,Canada,49.05,False
add16d,United States,192.49,False
a44aa8,United States,89.27,False
c01e93,Canada,219.64,False
a32ac6,United States,288.04,False
a7fb1c,United States,186.86,False
ac1f2d,United States,29.18,False
4bcdac,Turkey,257.23,False
7caf5c,Australia,91.96,False
7812de,China,137.13,False
ac0c24,United States,202.72,False
c00b98,Canada,219.0,False
abec03,United States,192.65,False
abff33,United States,3.6,True
a41743,United States,87.46,False
a5bb9d,United States,249.71,False
ac1f61,United States,241.84,False
ad2c19,United States,239.02,False
a93b30,United States,42.97,False
ad3f46,United States,53.86,False
c00b78,Canada,66.88,False
abff3c,United States,273.25,False
a6ee8e,United States,239.04,False
4bcda1,Turkey,222.35,False
ac99ee,United States,35.5,False
a0ddfb,United States,88.69,False
a882d6,United States,44.81,False
c00b86,Canada,198.69,False
a5bb8e,United States,43.73,False
ac741c,United States,204.44,False
a7b40e,United States,199.1,False
a2b157,United States,182.72,False
a2b156,United States,214.39,False
a7c748,United States,168.63,False
c085d5,Canada,163.62,False
aa7abe,United States,212.19,False
aa477b,United States,174.13,False
aa7abd,United States,212.03,False
c87efe,New Zealand,0.0,True
aba40f,United States,64.84,False
c87efd,New Zealand,0.0,True
abfdaf,United States,229.96,False
ab6781,United States,55.22,False
a56af2,United States,36.79,False
a6a757,United States,87.15,False
a2b150,United States,232.97,False
e493a0,Brazil,192.15,False
a2b154,United States,214.64,False
a2b151,United States,242.56,False
abb74f,United States,64.31,False
a68ad4,United States,222.03,False
a93aa9,United States,25.8,False
a2b12e,United States,246.35,False
a7644e,United States,57.33,False
aacad4,United States,208.36,False
ab678e,United States,77.35,False
3c71a1,Germany,146.06,False
a2b136,United States,204.79,False
a2b135,United States,212.14,False
ae041b,United States,117.43,False
ac8777,United States,92.63,False
a3813b,United States,75.62,False
ac6118,United States,262.66,False
405f11,United Kingdom,1.8,True
a2615e,United States,152.5,False
aa7aa6,United States,243.97,False
c00b35,Canada,4.63,True
aa7aa0,United States,144.6,False
a2b130,United States,238.14,False
c01e69,Canada,2.57,True
ab4151,United States,164.27,False
abb76d,United States,200.41,False
a14189,United States,61.39,False
ab9af5,United States,66.79,False
acb10a,United States,76.4,False
c01e10,Canada,229.38,False
a0cc06,United States,213.7,False
ac878c,United States,197.93,False
a2b198,United States,204.24,False
a0a9f8,United States,266.15,False
a2b196,United States,6.69,True
a3d10f,United States,242.1,False
8880b3,Viet Nam,0.0,True
abb78c,United States,58.92,False
a53774,United States,198.44,False
a046f2,United States,247.92,False
a3f793,United States,276.39,False
a0a9ac,United States,238.95,False
a0a9d4,United States,254.97,False
a0a9d1,United States,123.38,False
a38176,United States,238.1,False
a21f0a,United States,143.23,False
a2b176,United States,224.29,False
ad2aed,United States,241.2,False
adf75f,United States,183.99,False
a3816b,United States,202.54,False
a8d489,United States,252.37,False
7c1763,Australia,59.65,False
a2d6c8,United States,57.48,False
abeb7c,United States,211.78,False
a393a4,United States,166.28,False
a166f9,United States,49.05,False
a033f9,United States,231.58,False
888214,Viet Nam,244.61,False
a99176,United States,46.37,False
a6319f,United States,206.69,False
a19c4b,United States,39.58,False
a32c0d,United States,58.66,False
02a181,Tunisia,204.86,False
a1a3a9,United States,164.98,False
a2d6a2,United States,67.82,False
a56c19,United States,236.9,False
a7a17b,United States,199.12,False
aa59a5,United States,65.92,False
7c5db1,Australia,23.75,False
a8d465,United States,220.17,False
78143a,China,164.2,False
a6b9c1,United States,237.66,False
a87196,United States,220.21,False
a5cf30,United States,56.68,False
a789b4,United States,175.94,False
7c1735,Australia,70.39,False
a69f39,United States,39.53,False
a5cf1b,United States,287.99,False
a88467,United States,3.09,True
ab6737,United States,254.68,False
e4818c,Brazil,250.03,False
ac870e,United States,71.94,False
4bce0e,Turkey,200.63,False
c06022,Canada,248.06,False
a1ec74,United States,32.99,False
a403c6,United States,220.76,False
a9f424,United States,283.5,False
e48198,Brazil,102.03,False
85dee8,Japan,263.26,False
a82dff,United States,203.87,False
7cade1,Australia,8.23,True
ab6748,United States,85.36,False
a7faad,United States,223.68,False
a8c121,United States,106.29,False
a1ff90,United States,189.44,False
aa7aeb,United States,191.25,False
ab540d,United States,225.07,False
a9e108,United States,37.91,False
a403b3,United States,188.67,False
a45f64,United States,292.22,False
e4949a,Brazil,0.0,True
a033ff,United States,187.4,False
ab674b,United States,130.87,False
a45f59,United States,209.59,False
a9f409,United States,15.13,False
a81aef,United States,166.3,False
a403a2,United States,44.59,False
a416be,United States,209.85,False
7c175d,Australia,5.66,True
a8712a,United States,196.94,False
a2d6ba,United States,78.28,False
4bce16,Turkey,247.92,False
780170,China,5.66,True
a8aac8,United States,176.82,False
a086d8,United States,137.01,False
aab273,United States,31.06,False
aab274,United States,41.43,False
a7f44d,United States,201.56,False
a43190,United States,76.49,False
a349be,United States,257.27,False
a7f451,United States,56.75,False
ad2573,United States,181.07,False
ac4bfe,United States,207.63,False
4d0101,Luxembourg,241.22,False
a01f73,United States,156.03,False
45a347,Denmark,40.67,False
4d0103,Luxembourg,243.91,False
4d0107,Luxembourg,276.08,False
a12c30,United States,146.73,False
ad6bdc,United States,290.35,False
a6717a,United States,81.01,False
a7e152,United States,240.61,False
a4ef02,United States,48.82,False
869210,Japan,253.83,False
780e07,China,150.64,False
851bba,Japan,188.29,False
a0d6a8,United States,72.65,False
a2f173,United States,87.53,False
a3bc09,United States,56.53,False
a6977a,United States,46.86,False
8940d5,Bahrain,225.46,False
a6e767,United States,4.12,True
a4dad4,United States,179.7,False
a25f6e,United States,202.46,False
4075b3,United Kingdom,285.25,False
8953fd,Brunei Darussalam,83.24,False
a00c80,United States,146.53,False
a0d6fb,United States,149.96,False
8940cf,Bahrain,263.31,False
a00c7a,United States,114.83,False
4d012c,Luxembourg,273.39,False
a456a9,United States,154.76,False
a70778,United States,117.29,False
4d0117,Luxembourg,264.2,False
a0c3a8,United States,47.02,False
a13f64,United States,44.8,False
ad129d,United States,44.24,False
a12c39,United States,132.57,False
a2af23,United States,273.29,False
846538,Japan,191.65,False
7c79b6,Australia,75.04,False
a2af26,United States,177.95,False
4d010b,Luxembourg,226.49,False
a00c5c,United States,161.81,False
a193aa,United States,267.16,False
a6d43a,United States,68.0,False
a25f51,United States,45.4,False
ac0519,United States,193.77,False
a3cf6d,United States,259.79,False
a49f87,United States,223.22,False
346199,Spain,209.26,False
76ccd0,Singapore,278.61,False
a323e3,United States,186.31,False
ac5eb4,United States,1.29,True
a443c4,United States,68.4,False
76cccb,Singapore,245.7,False
a24c77,United States,193.44,False
c029dd,Canada,209.54,False
a74f32,United States,36.01,False
76cccd,Singapore,262.17,False
ab3ee2,United States,285.35,False
a5b3a7,United States,194.76,False
407667,United Kingdom,237.11,False
a74f33,United States,217.43,False
507c71,Uzbekistan,254.0,False
76cce3,Singapore,267.79,False
40631a,United Kingdom,5.4,True
a7e18a,United States,229.04,False
780ccc,China,217.67,False
a8bf0f,United States,66.26,False
a7e198,United States,190.95,False
a959cf,United States,181.25,False
a826bb,United States,48.0,False
7502c3,Malaysia,79.19,False
c05f57,Canada,44.22,False
c04c36,Canada,221.56,False
7502c2,Malaysia,230.31,False
34615a,Spain,243.0,False
acaec5,United States,238.53,False
a1e3ae,United States,33.25,False
a336e3,United States,172.55,False
5140c5,Georgia,198.19,False
a24c5a,United States,27.27,False
a336f0,United States,207.65,False
a61c53,United States,235.97,False
ac4bb8,United States,191.35,False
7c6749,Australia,48.88,False
40762c,United Kingdom,242.56,False
347488,Spain,274.88,False
ae5854,United States,126.25,False
a4a6a3,United States,47.69,False
780cfb,China,82.72,False
abe52d,United States,149.97,False
a8aaff,United States,174.03,False
a4dc03,United States,22.22,False
a01ec0,United States,50.95,False
ad1218,United States,191.13,False
ac055e,United States,0.64,True
40768d,United Kingdom,224.78,False
40768a,United Kingdom,228.86,False
407698,United Kingdom,272.8,False
ac4bdd,United States,197.53,False
84659e,Japan,186.24,False
abd237,United States,7.2,True
ad387a,United States,94.89,False
c05f0c,Canada,106.21,False
7c678d,Australia,208.45,False
a24c99,United States,242.58,False
407685,United Kingdom,78.28,False
a4ef52,United States,58.41,False
a97aec,United States,67.09,False
407689,United Kingdom,223.2,False
4b83a4,Turkey,47.74,False
a310c5,United States,54.45,False
a310c4,United States,46.58,False
abe579,United States,250.3,False
c05f09,Canada,222.55,False
872885,Japan,201.67,False
a719c8,United States,65.93,False
a6f9b3,United States,227.93,False
a310bc,United States,93.26,False
8463b4,Japan,195.18,False
abe3e6,United States,77.68,False
a813f5,United States,40.13,True
851c20,Japan,75.81,False
a0c51a,United States,45.34,False
ac03ff,United States,185.74,False
ad23f4,United States,82.64,False
ae56db,United States,65.41,False
ad7f96,United States,248.81,False
a9cc3b,United States,61.86,False
c04adc,Canada,225.95,False
750400,Malaysia,226.44,False
7c52fc,Australia,187.68,False
7c52fa,Australia,1.03,True
a98f79,United States,54.53,False
a4a80b,United States,135.63,False
a98f6a,United States,197.87,False
a7e0bb,United States,58.16,False
851c42,Japan,0.0,True
aa60bb,United States,210.45,False
acf0da,United States,153.3,False
c05de4,Canada,85.0,False
780da9,China,229.06,False
a62f93,United States,275.16,False
a0757f,United States,0.9,True
7c672c,Australia,55.68,False
347519,Spain,238.14,False
a826e9,United States,0.0,True
a37ed3,United States,135.9,False
76cdac,Singapore,157.38,False
76cdaf,Singapore,237.37,False
acf0d8,United States,187.33,False
c0174d,Canada,241.14,False
aa86fb,United States,137.87,False
c0174f,Canada,7.72,True
a37eca,United States,55.41,False
7c671b,Australia,46.84,False
c05dd8,Canada,193.28,False
780daf,China,247.54,False
a7f3c5,United States,298.57,False
ac181d,United States,264.02,False
a44502,United States,254.42,False
a13edc,United States,149.45,False
a5fc87,United States,201.37,False
86e184,Japan,12.86,True
a98f2d,United States,165.88,False
a19547,United States,48.33,False
a85c3e,United States,0.9,True
ac0504,United States,191.33,False
780dd2,China,218.64,False
a97c18,United States,200.87,False
aad82a,United States,65.63,False
a07579,United States,203.83,False
a1954d,United States,51.96,False
aa1f5e,United States,49.66,False
a826f1,United States,183.91,False
a790b3,United States,3.86,True
a0756b,United States,114.6,False
c0171a,Canada,252.98,False
a62ee6,United States,313.46,False
a0628f,United States,173.98,False
acaf0b,United States,214.27,False
a70848,United States,207.03,False
ad36a8,United States,168.03,False
ab93a5,United States,235.81,False
8966ee,United Arab Emirates,240.95,False
c01729,Canada,208.75,False
75047c,Malaysia,145.92,False
ac4c21,United States,176.62,False
a44548,United States,203.39,False
ad36b4,United States,290.86,False
a5522b,United States,47.89,False
a3121c,United States,40.25,False
a44544,United States,9.26,True
abf6ae,United States,231.99,False
75044a,Malaysia,263.43,False
4074b8,United Kingdom,251.27,False
c01755,Canada,252.67,False
a1d242,United States,48.18,False
7c65c3,Australia,70.25,False
8966d4,United Arab Emirates,266.67,False
a74ecc,United States,0.0,True
ad36c8,United States,159.24,False
a24bf9,United States,207.64,False
a44533,United States,217.73,False
a4dbe4,United States,143.24,False
a1f894,United States,31.48,False
a70877,United States,74.77,False
750467,Malaysia,240.44,False
ac4c44,United States,75.32,False
a69822,United States,228.26,False
ac16da,United States,199.01,False
a920ed,United States,43.05,False
750450,Malaysia,156.5,False
8966af,United Arab Emirates,222.32,False
75043a,Malaysia,196.51,False
ab80b2,United States,159.79,False
a44591,United States,257.85,False
8966c7,United Arab Emirates,240.13,False
8966c3,United Arab Emirates,267.82,False
ac4c67,United States,201.81,False
a44588,United States,256.08,False
a3bbc0,United States,59.2,False
ae56e3,United States,55.65,False
abe3c8,United States,296.89,False
aab0ba,United States,206.14,False
a1e58f,United States,208.58,False
ad23d5,United States,134.19,False
a7081a,United States,1.03,True
84b3eb,Japan,214.99,False
a48be2,United States,44.86,False
ac03f2,United States,249.37,False
ad6c3b,United States,293.85,False
a4455e,United States,227.63,False
aab396,United States,148.81,False
ae2025,United States,45.58,False
4cafc0,Ireland,0.0,True
3474ce,Spain,84.45,False
a24d12,United States,37.56,False
3474cb,Spain,225.8,False
ab839d,United States,188.38,False
c03a5a,Canada,179.78,False
4cafcb,Ireland,225.43,False
aa638a,United States,107.56,False
a00d5b,United States,200.95,False
0c21b6,Panama,237.52,False
a7e270,United States,46.58,False
a80287,United States,203.42,False
a9221f,United States,60.7,False
0c21a4,Panama,237.85,False
ae203e,United States,49.47,False
872968,Japan,70.57,False
a7e24a,United States,237.68,False
780f1e,China,210.26,False
851cec,Japan,192.16,False
abc07b,United States,230.1,False
a4dbef,United States,239.46,False
a5fbe9,United States,82.83,False
a5b55f,United States,67.91,False
7c67d7,Australia,46.21,False
7c67cb,Australia,46.85,False
ac907a,United States,31.45,False
a0fa34,United States,48.09,False
a5c899,United States,194.86,False
a23a28,United States,8.23,True
aa635d,United States,129.64,False
ad0074,United States,285.7,False
a8286f,United States,40.14,False
780f3c,China,250.02,False
a181d3,United States,25.21,False
a5b56c,United States,127.88,False
ace063,United States,203.75,False
a85bb8,United States,60.27,False
780f3d,China,1.29,True
7c67d0,Australia,49.14,False
0c21dd,Panama,249.85,False
abc09e,United States,230.51,False
a5a260,United States,102.89,False
851ca8,Japan,129.6,False
846658,Japan,249.67,False
a23a03,United States,134.31,False
ac4e31,United States,224.3,False
a11a2f,United States,31.91,False
a194e0,United States,58.97,False
a0d7fb,United States,44.41,False
a82899,United States,48.12,False
a7e20a,United States,0.0,True
a12d67,United States,169.97,False
a23a16,United States,27.78,False
407798,United Kingdom,261.45,False
407795,United Kingdom,122.68,False
ad260e,United States,53.79,False
a5fd2d,United States,269.29,False
01024e,Egypt,73.54,False
a23a71,United States,53.11,False
abe621,United States,91.77,False
a827bd,United States,52.47,False
ac5fd7,United States,85.49,False
010256,Egypt,214.42,False
ac4ca8,United States,199.71,False
a0fa73,United States,47.87,False
a85d14,United States,74.18,False
a85d15,United States,48.63,False
a4ca20,United States,34.57,False
a3bd6e,United States,60.76,False
aa0e67,United States,54.35,False
01023b,Egypt,212.92,False
c04d0a,Canada,119.91,False
aa0e62,United States,221.01,False
a23a80,United States,53.54,False
aa88fb,United States,183.96,False
010244,Egypt,131.7,False
a4dd4d,United States,1.15,False
a73d1a,United States,47.37,False
34628d,Spain,241.42,False
881050,Thailand,229.94,False
346291,Spain,235.73,False
010280,Egypt,245.11,False
aad97b,United States,229.32,False
010274,Egypt,226.62,False
a24d6b,United States,40.03,False
010276,Egypt,236.92,False
a4ca2f,United States,58.46,False
868089,Japan,135.37,False
c03a20,Canada,96.48,False
a5c7ed,United States,86.29,False
ac1988,United States,199.49,False
a84a06,United States,51.9,False
01026b,Egypt,264.68,False
a204f3,United States,29.84,False
01025b,Egypt,240.84,False
a707f0,United States,39.1,False
ad6ca7,United States,201.83,False
a11a81,United States,194.03,False
7c4203,Australia,121.45,False
a73d45,United States,70.0,False
010263,Egypt,200.64,False
010266,Egypt,199.26,False
ac4cd4,United States,119.41,False
40641d,United Kingdom,193.67,False
7c4209,Australia,249.33,False
abd30f,United States,248.79,False
a4dd19,United States,40.13,False
ab967b,United States,176.14,False
a61d00,United States,207.63,False
acafdc,United States,72.26,False
ad398e,United States,48.98,False
a0d92a,United States,33.15,False
a1f909,United States,81.12,False
abe679,United States,54.02,False
a577d4,United States,212.86,False
a1f905,United States,23.56,False
a35a92,United States,188.65,False
010208,Egypt,254.64,False
a7e279,United States,10.8,True
01022d,Egypt,197.93,False
a4dd35,United States,0.51,True
a23a95,United States,33.91,False
a23a93,United States,47.4,False
acf344,United States,303.6,False
a48d94,United States,38.41,False
ab703e,United States,179.62,False
a9225e,United States,248.22,False
ad000d,United States,228.08,False
399a71,France,56.62,False
a08937,United States,38.64,False
010237,Egypt,98.8,False
a47a4a,United States,148.86,False
a48d84,United States,23.46,False
ad001e,United States,49.73,False
a08948,United States,57.53,False
868038,Japan,194.48,False
a0764f,United States,64.07,False
a3260d,United States,15.65,False
a801de,United States,274.75,False
a7e1d3,United States,155.89,False
acf1c9,United States,54.15,False
a00ce0,United States,98.81,False
8464d2,Japan,123.0,False
a4591c,United States,86.77,False
a801e0,United States,42.12,False
48ae26,Poland,269.89,False
48ae22,Poland,76.78,False
48ae23,Poland,137.96,False
a0765e,United States,227.66,False
a0d966,United States,92.49,False
a37fb0,United States,205.52,False
a2195d,United States,15.43,True
a60a9b,United States,184.59,False
ac3a83,United States,67.63,False
750525,Malaysia,223.05,False
acf1da,United States,56.75,False
a01fdf,United States,94.14,False
a06310,United States,293.25,False
a9cd47,United States,172.98,False
34764a,Spain,258.95,False
48ae07,Poland,192.68,False
347659,Spain,226.59,False
601834,Turkmenistan,5.4,True
a01fee,United States,211.44,False
750509,Malaysia,72.17,False
a5ea9a,United States,0.0,True
ad11eb,United States,91.27,False
a2afeb,United States,208.49,False
a20675,United States,301.86,False
a4462e,United States,189.55,False
c05efa,Canada,131.81,False
a671ba,United States,189.23,False
c05efd,Canada,154.3,False
c05efc,Canada,187.79,False
a72a33,United States,57.31,False
7c6844,Australia,222.5,False
a4ca6a,United States,211.49,False
a5a1d3,United States,71.33,False
a4ca6d,United States,39.15,False
a84a11,United States,41.67,False
a19691,United States,165.21,False
a2afe1,United States,47.77,False
76cee9,Singapore,244.52,False
a96a1f,United States,43.12,False
a5ea3b,United States,46.8,False
407731,United Kingdom,0.0,True
a671f2,United States,79.75,False
a7f4e9,United States,211.66,False
abe603,United States,99.93,False
8464b0,Japan,185.47,False
a59a99,United States,0.0,True
a24cc0,United States,189.29,False
a814f0,United States,107.36,False
ab3fcc,United States,230.65,False
a0634c,United States,0.0,True
a18331,United States,96.24,False
507c5a,Uzbekistan,211.99,False
76ceea,Singapore,249.54,False
76ceef,Singapore,7.72,True
abf949,United States,199.22,False
507c59,Uzbekistan,261.17,False
84c7d2,Japan,3.09,True
a0d98d,United States,190.93,False
a9cd14,United States,94.37,False
c0055d,Canada,41.56,False
a25ff2,United States,84.76,False
a12cec,United States,76.32,False
a18342,United States,51.1,False
a5ea5c,United States,12.35,True
a37fd3,United States,208.13,False
aa1ffc,United States,1.29,True
a5a30a,United States,196.54,False
4075f4,United Kingdom,242.31,False
a42020,United States,243.34,False
a98fc5,United States,45.56,False
c05ec7,Canada,202.74,False
0101e0,Egypt,279.44,False
750598,Malaysia,0.0,True
a5fcb8,United States,75.3,False
7c66dc,Australia,265.06,False
ac4d1a,United States,200.27,False
7c66f1,Australia,4.85,False
c05eac,Canada,226.64,False
ad6d03,United States,1.03,True
a86faf,United States,50.54,False
c05eb7,Canada,221.4,False
a86ff5,United States,53.75,False
c05ee1,Canada,0.0,True
a2f32d,United States,81.13,False
ac04ae,United States,194.74,False
aac4c4,United States,0.06,True
7c66cd,Australia,0.0,True
300979,Italy,208.22,False
a45992,United States,290.68,False
a3133c,United States,226.8,False
a42004,United States,53.53,False
c05edd,Canada,0.0,False
c05edf,Canada,274.25,False
a2f335,United States,36.96,False
ac04c5,United States,191.38,False
750579,Malaysia,242.4,False
a85cad,United States,190.15,False
e47fa6,Brazil,166.37,False
c01860,Canada,0.06,True
e47fa8,Brazil,244.0,False
a18380,United States,216.12,False
4075c2,United Kingdom,255.33,False
75057c,Malaysia,240.56,False
0c20f5,Panama,254.65,False
0101df,Egypt,274.95,False
a0a046,United States,53.83,False
ac17ee,United States,44.04,False
a4463e,United States,218.97,False
a86fce,United States,49.34,False
300990,Italy,218.34,False
ac3a38,United States,218.53,False
ad24ab,United States,249.24,False
a70944,United States,46.84,False
750552,Malaysia,84.47,False
750555,Malaysia,177.14,False
a62fd1,United States,170.02,False
a50fdd,United States,121.94,False
a3cff7,United States,233.78,False
a82903,United States,195.79,False
aab1d2,United States,71.26,False
ac04f5,United States,210.88,False
a74fa2,United States,238.2,False
c05ea2,Canada,0.0,True
862a60,Japan,284.53,False
a4eff1,United States,159.55,False
8691cc,Japan,239.53,False
abe4db,United States,226.49,False
c05ea6,Canada,197.09,False
750551,Malaysia,239.02,False
a96a7d,United States,55.08,False
acf1a3,United States,164.94,False
a9eebc,United States,43.23,False
7c68b8,Australia,243.24,False
aad696,United States,176.96,False
7c68b6,Australia,177.45,False
a6d234,United States,215.48,False
7c68aa,Australia,223.44,False
a9320c,United States,82.29,False
7504a6,Malaysia,0.0,True
a8bbb0,United States,56.79,False
a6f895,United States,69.86,False
a69582,United States,224.3,False
a9eec6,United States,44.74,False
abd010,United States,289.5,False
7c68ae,Australia,108.59,False
a9eec9,United States,65.99,False
a95881,United States,274.66,False
aac366,United States,259.15,False
a097d5,United States,53.98,False
ad3662,United States,57.95,False
a93229,United States,91.2,False
7c68a5,Australia,203.99,False
7504b5,Malaysia,231.44,False
a9587d,United States,142.47,False
c014f4,Canada,46.4,False
ac1698,United States,142.26,False
84b75d,Japan,128.02,False
71ba18,Republic of Korea,199.53,False
a93239,United States,43.33,True
4caeb0,Ireland,249.09,False
4caeb1,Ireland,224.0,False
a8bbbb,United States,57.89,False
aa735a,United States,6.17,True
a8cec7,United States,0.0,True
a45596,United States,73.46,False
a7058e,United States,92.88,False
a45592,United States,12.86,True
7c68a1,Australia,209.42,False
ab805a,United States,91.53,False
c05d7c,Canada,148.35,False
a45586,United States,114.73,False
c05d7b,Canada,277.29,False
ad7cec,United States,46.07,False
a6d241,United States,175.33,False
a44258,United States,9.77,True
a9eeb6,United States,83.52,False
c001e5,Canada,218.64,False
a4556d,United States,5.92,True
aa733b,United States,199.19,False
aa1cdf,United States,60.76,False
a25d36,United States,288.68,False
846748,Japan,182.91,False
abd04f,United States,199.02,False
a68214,United States,40.9,False
c027de,Canada,1.29,True
a3cbf4,United States,52.03,False
aa9990,United States,108.13,False
76bd44,Singapore,221.99,False
a347b1,United States,243.88,False
ad237f,United States,231.17,False
c027d7,Canada,51.06,False
aab07a,United States,193.85,False
abd063,United States,138.23,False
a74ba2,United States,52.51,False
a9a80f,United States,43.75,False
a0e7f4,United States,196.91,False
a071c8,United States,184.59,False
ad2384,United States,221.59,False
71ba17,Republic of Korea,281.28,False
4caebe,Ireland,207.4,False
76bd4a,Singapore,139.06,False
7c68ce,Australia,13.38,True
ac5e01,United States,137.02,False
7c68c7,Australia,104.07,False
71ba03,Republic of Korea,242.34,False
a81205,United States,166.41,False
c05d56,Canada,193.21,False
aab09a,United States,243.83,False
7c68d1,Australia,153.41,False
aa0b10,United States,231.11,False
a214de,United States,208.66,False
a4b7d7,United States,185.54,False
8479bc,Japan,0.0,True
a50d45,United States,49.99,False
abf602,United States,153.82,False
a36a19,United States,290.84,False
7c4343,Australia,16.49,False
7b1041,China,5.92,True
a1f4cd,United States,181.14,False
a49d22,United States,237.43,False
a4da13,United States,191.4,False
ab4fe2,United States,58.93,False
aae960,United States,67.52,False
7b100d,China,9.77,True
a01d7d,United States,90.17,False
a24a0a,United States,269.99,False
a1f4c7,United States,70.88,False
ac2952,United States,232.75,False
7504ec,Malaysia,235.99,False
a00a67,United States,53.92,False
a9327a,United States,153.03,False
347255,Spain,0.9,True
a837a7,United States,201.91,False
a837a6,United States,231.58,False
a24a31,United States,161.58,False
7c4325,Australia,206.91,False
ad493b,United States,160.01,False
c05d08,Canada,184.64,False
ab3cba,United States,158.05,False
a837a5,United States,184.33,False
a837a3,United States,190.68,False
7c4394,Australia,49.78,False
aa98a4,United States,250.8,False
a0990d,United States,42.95,False
a24a82,United States,203.47,False
a37d8a,United States,258.5,False
a68292,United States,51.41,False
a8258b,United States,51.65,False
a441c9,United States,199.76,False
ac297b,United States,240.2,False
a9325c,United States,46.94,False
a441ab,United States,146.13,False
7504f4,Malaysia,206.82,False
aac337,United States,174.44,False
aa739e,United States,209.89,False
a12a80,United States,171.7,False
a12a81,United States,170.18,False
a12a82,United States,205.78,False
7504c8,Malaysia,62.66,False
7c4374,Australia,43.29,False
3b25ff,France,0.0,True
a1e1d8,United States,0.45,True
7504aa,Malaysia,205.7,False
addfbf,United States,171.48,False
a6d27b,United States,184.57,False
a12a95,United States,39.3,False
a81289,United States,51.78,False
a4b7c7,United States,76.15,False
7c4364,Australia,54.03,False
ab8031,United States,12.35,True
a93257,United States,159.85,False
a12a7b,United States,144.48,False
86e452,Japan,256.63,False
acad53,United States,255.46,False
a9ca09,United States,19.69,False
a73a47,United States,208.5,False
c05bd2,Canada,236.27,False
a837fa,United States,30.88,False
a1094c,United States,172.39,False
abe1ad,United States,146.74,False
a48a83,United States,210.45,False
ad6a23,United States,43.8,False
c05bcf,Canada,254.74,False
ab3d9a,United States,196.11,False
a6e4e8,United States,176.49,False
347303,Spain,225.54,False
c01569,Canada,128.25,False
347302,Spain,211.13,False
a8bd1b,United States,237.26,False
acad77,United States,2.06,True
a441f5,United States,219.46,False
a9a7c4,United States,195.42,False
a944b9,United States,126.44,False
780fc4,China,206.05,False
a09947,United States,186.49,False
ae54e5,United States,130.88,False
aa1d79,United States,220.73,False
4072dc,United Kingdom,213.47,False
a9a7c9,United States,2.31,True
a01ca5,United States,201.28,False
a441d6,United States,194.24,False
adcd6d,United States,260.61,False
a1e302,United States,233.52,False
a06010,United States,226.67,False
717cbf,Saudi Arabia,226.09,False
76bcc2,Singapore,270.25,False
76bcc4,Singapore,194.66,False
a3cd7d,United States,228.45,False
a5b1a8,United States,1.29,True
acad84,United States,48.44,False
a3493a,United States,49.23,False
a21656,United States,259.92,False
c0150d,Canada,230.04,False
ac01fd,United States,13.82,False
c05bc8,Canada,211.13,False
a694dd,United States,228.69,False
a6e4bd,United States,86.32,False
a5c4e5,United States,74.42,False
a5c4e2,United States,195.89,False
a4ed84,United States,42.29,False
ad6a89,United States,46.92,False
a26fc9,United States,206.43,False
a0998a,United States,234.13,False
a86d36,United States,219.2,False
aa861c,United States,50.37,False
08483f,Chad,143.53,False
a4eca6,United States,170.66,False
ab3d17,United States,129.86,False
a25cdf,United States,46.77,False
514005,Georgia,0.0,True
514004,Georgia,74.59,True
a9a901,United States,197.5,False
a83920,United States,4.12,True
a3dffe,United States,222.42,False
8a0a8c,Indonesia,235.89,False
8a0a99,Indonesia,211.41,False
a83953,United States,84.88,False
a1099f,United States,69.97,False
4d23e1,Malta,261.66,False
a1933c,United States,97.23,False
ab3d30,United States,58.5,False
a5d965,United States,143.01,False
704b22,Myanmar,97.16,False
a3362f,United States,240.4,False
a1801c,United States,89.59,False
a75fbf,United States,206.8,False
a34978,United States,209.4,False
8a0a6a,Indonesia,227.6,False
a50cf0,United States,50.12,False
c01505,Canada,197.25,False
a5c640,United States,190.46,False
a19357,United States,274.5,False
a9ca2a,United States,101.13,False
ac27cf,United States,178.27,False
e47ed1,Brazil,170.2,False
a5fa9f,United States,17.7,False
acad02,United States,186.86,False
8a0a67,Indonesia,77.48,False
a63fa4,United States,156.69,False
39b22e,France,240.92,False
ad34b9,United States,211.9,False
ad34b4,United States,154.85,False
ad47e4,United States,37.04,False
acad38,United States,187.08,False
ad6a14,United States,43.08,False
8a0a3e,Indonesia,220.6,False
a2f016,United States,160.29,False
a32368,United States,244.61,False
a3ccb7,United States,212.07,False
a06083,United States,52.99,False
39b228,France,225.29,False
a50cb7,United States,2.31,True
a98d7e,United States,275.72,False
a85a87,United States,44.56,False
aac1af,United States,206.84,False
7c41d8,Australia,76.0,False
acad1d,United States,5.14,True
a9a7fa,United States,34.0,False
a8bcd7,United States,51.31,False
c05e8e,Canada,237.31,False
86953e,Japan,235.73,False
a098f6,United States,234.67,False
86e518,Japan,265.14,False
71ce73,Republic of Korea,12.56,False
a6837d,United States,234.49,False
a7f31f,United States,0.64,True
a9a97f,United States,269.14,False
ab8173,United States,177.71,False
abe475,United States,202.9,False
a12b07,United States,203.19,False
aab169,United States,224.73,False
aac499,United States,151.68,False
a70699,United States,59.38,False
a6705c,United States,252.2,False
acf146,United States,201.36,False
a3239c,United States,199.47,False
0a80cd,Bahamas,197.04,False
a7904c,United States,167.52,False
a085a4,United States,143.39,False
ae578d,United States,1.85,False
a93326,United States,53.11,False
ad1142,United States,196.36,False
c002eb,Canada,127.13,False
a81365,United States,51.7,False
ad114f,United States,52.68,False
abe496,United States,220.6,False
86d200,Japan,125.17,False
a82643,United States,114.3,False
a0d5d6,United States,219.66,False
aab18c,United States,227.19,False
c05e62,Canada,232.69,False
a9a91a,United States,7.72,True
a6f96c,United States,242.56,False
abd17b,United States,182.25,False
ab819c,United States,193.66,False
a6833b,United States,224.47,False
3a3a20,France,137.8,False
a8cfcd,United States,41.68,False
a71980,United States,235.66,False
a5502b,United States,292.42,False
a98cb1,United States,47.42,False
c05e3f,Canada,128.02,False
a12b0a,United States,74.81,False
a12b0e,United States,223.81,False
aa0aab,United States,139.98,False
a7066e,United States,44.32,False
a6f993,United States,234.33,False
a12b21,United States,44.53,False
a68352,United States,40.06,False
aa7439,United States,228.33,False
a6f98e,United States,220.6,False
7c56d1,Australia,2.57,True
a8264f,United States,198.34,False
a55055,United States,202.6,False
aa6103,United States,0.77,True
aa7426,United States,234.5,False
a6701d,United States,45.62,False
a085f3,United States,85.4,False
3c7a48,Germany,256.0,False
4cadff,Ireland,154.67,False
a335f4,United States,103.5,False
4cadfa,Ireland,196.46,False
a24b4b,United States,14.41,False
4cadfb,Ireland,255.74,False
a4ee2e,United States,282.74,False
a37e80,United States,231.07,False
a335eb,United States,249.82,False
a37e5a,United States,0.0,True
a468ea,United States,2.77,False
ac0418,United States,65.34,False
ae5718,United States,290.69,False
a0d5ed,United States,64.51,False
a86e1d,United States,66.11,False
a322a1,United States,64.65,False
a575e7,United States,211.77,False
a562aa,United States,1.29,True
c80f73,New Zealand,77.74,False
3c7a4e,Germany,254.89,False
a4db48,United States,27.99,False
aa86a5,United States,64.03,False
a25e5d,United States,29.86,False
a00b91,United States,225.34,False
7c443f,Australia,50.42,False
ab8112,United States,220.95,False
86d237,Japan,0.9,True
a08714,United States,176.16,False
ac1765,United States,240.44,False
abe40a,United States,251.35,False
aad780,United States,272.27,False
ac0448,United States,215.8,False
40756d,United Kingdom,112.36,False
ab2ae0,United States,191.44,False
347349,Spain,210.41,False
acadb6,United States,47.69,False
a1e2f8,United States,48.55,False
a6709b,United States,72.02,False
40622d,United Kingdom,179.55,False
a36b73,United States,191.23,False
abe42c,United States,230.89,False
a25e9c,United States,38.24,False
a25e9e,United States,47.12,False
40621b,United Kingdom,248.71,False
abe450,United States,181.19,False
40621c,United Kingdom,289.79,False
a50e3f,United States,282.77,False
ad2445,United States,280.91,False
ac045e,United States,69.96,False
86d244,Japan,259.26,False
ac045c,United States,105.99,False
a7907c,United States,110.24,False
ad7e6f,United States,216.71,False
4cae05,Ireland,214.76,False
aac2e9,United States,40.02,False
a682ef,United States,216.47,False
ac5e8d,United States,127.39,False
a33716,United States,142.02,False
a19404,United States,219.63,False
acae64,United States,248.6,False
c0033f,Canada,55.01,False
ac4b72,United States,189.28,False
aa72f5,United States,206.32,False
abe2f6,United States,0.0,True
ad6b76,United States,43.51,False
ad22e1,United States,109.45,False
a812f9,United States,44.76,False
a9cb18,United States,4.89,False
adbb36,United States,100.96,False
adbb39,United States,213.18,False
a812e9,United States,41.65,False
a12ac7,United States,215.85,False
a25dcf,United States,55.68,False
a12ac8,United States,202.18,False
a12ac9,United States,270.71,False
a0c42c,United States,199.22,False
a5b2b0,United States,177.49,False
a86e3f,United States,144.57,False
a24aa0,United States,181.05,False
7c4437,Australia,52.78,False
adce8b,United States,53.56,False
a12ac1,United States,278.41,False
a12ac2,United States,281.11,False
a4ee82,United States,262.51,False
a12ac3,United States,138.21,False
acae9a,United States,222.84,False
a562e8,United States,185.31,False
4cae58,Ireland,3.34,True
a00af3,United States,47.32,False
a06149,United States,53.29,False
3e0a41,Germany,40.68,False
a695ea,United States,285.36,False
a37db9,United States,173.75,False
a838e2,United States,163.56,False
aa72b1,United States,197.09,False
a4570a,United States,292.69,False
a838e5,United States,200.28,False
a37da1,United States,216.77,False
a12aa4,United States,210.92,False
a12aa5,United States,203.25,False
c01674,Canada,53.57,False
c05ce2,Canada,12.35,True
c80eaf,New Zealand,30.11,False
a07448,United States,37.16,False
a74e7a,United States,223.66,False
ac1701,United States,194.8,False
aa85d1,United States,83.06,False
4cae35,Ireland,254.53,False
c0297d,Canada,44.54,False
a5fb50,United States,54.35,False
4cae31,Ireland,6.43,True
4cae33,Ireland,267.79,False
a705ee,United States,41.3,False
a0c427,United States,14.55,False
a13de2,United States,203.97,False
a3244f,United States,225.83,False
a06176,United States,42.0,False
a20471,United States,179.27,False
a50de8,United States,39.73,False
abd096,United States,313.64,False
7c42e4,Australia,0.0,True
ac5e23,United States,186.34,False
a2addf,United States,229.91,False
7c42bf,Australia,5.92,True
a3376c,United States,85.96,False
aa7409,United States,191.04,False
4073a1,United Kingdom,225.06,False
a31120,United States,117.69,False
86e3ec,Japan,255.37,False
a2179e,United States,81.15,False
84b829,Japan,251.93,False
a12ae9,United States,208.17,False
a9cb83,United States,200.94,False
ac28e5,United States,185.95,False
a12ae4,United States,4.12,True
a12ae5,United States,219.98,False
a55130,United States,49.45,False
a1d105,United States,116.23,False
ac5e47,United States,201.83,False
424c3c,United Kingdom,247.56,False
a12aea,United States,282.32,False
a25df2,United States,53.11,False
a9cb7f,United States,58.64,False
a24ad2,United States,228.36,False
ad7e17,United States,92.26,False
a19474,United States,84.43,False
a57796,United States,281.92,False
846866,Japan,202.97,False
a01f24,United States,47.24,False
c04a7d,Canada,61.79,False
adce10,United States,169.59,False
c02900,Canada,30.0,False
a0e9b7,United States,221.11,False
ab92c4,United States,223.86,False
a85b88,United States,119.02,False
ac02b4,United States,202.65,False
4073ce,United Kingdom,248.02,False
ad22a5,United States,61.72,False
a3113a,United States,162.13,False
a9cb47,United States,177.04,False
a0b169,United States,143.0,False
abe2a3,United States,7.2,True
ac02c1,United States,44.4,False
a9de89,United States,47.72,False
ad6b0c,United States,7.2,True
a01f13,United States,200.29,False
ac5e6e,United States,193.55,False
a01f0d,United States,184.31,False
7c42f9,Australia,2.31,True
a22a20,United States,184.43,False
c00926,Canada,219.34,False
a327de,United States,271.28,False
a7d276,United States,118.5,False
a47d11,United States,189.65,False
ac08b1,United States,186.9,False
868338,Japan,157.84,False
398699,France,243.87,False
adf067,United States,64.49,False
a23d25,United States,212.27,False
a92599,United States,5.66,True
a554b9,United States,51.4,False
a4ba02,United States,7.2,True
a58a04,United States,49.11,False
ac08d4,United States,239.46,False
a7d284,United States,190.86,False
a80585,United States,54.58,False
a6c586,United States,47.83,False
a35d79,United States,247.62,False
a6b253,United States,188.64,False
7c7a36,Australia,124.71,False
a54299,United States,234.66,False
4caca2,Ireland,129.79,False
71bc20,Republic of Korea,263.73,False
a7e54f,United States,261.99,False
a23d8b,United States,63.57,False
aaeb0e,United States,67.39,False
7c44b9,Australia,63.74,False
ab72b3,United States,270.64,False
aaa2b0,United States,267.14,False
a91225,United States,59.66,False
ab85f5,United States,85.93,False
a80595,United States,273.12,False
a2f4aa,United States,26.56,False
a9cecd,United States,217.12,False
adf08e,United States,237.54,False
a6b264,United States,83.65,False
a22a3d,United States,,True
a46a72,United States,202.87,False
a661ae,United States,162.05,False
a804bd,United States,74.7,False
a00fbd,United States,40.06,False
a9bd0f,United States,28.57,False
a301f3,United States,187.44,False
a661bf,United States,212.71,False
800b62,India,152.94,False
ac8009,United States,161.26,False
a96d3f,United States,48.66,False
a46a59,United States,5.14,True
a4ba76,United States,189.85,False
348358,Spain,204.67,False
850e36,Japan,188.41,False
348351,Spain,233.52,False
a794f6,United States,83.67,False
ab868b,United States,56.67,False
a6c4f7,United States,58.65,False
a301df,United States,106.62,False
aa9b42,United States,238.13,False
a2e1c7,United States,256.48,False
a0791a,United States,132.31,False
a817fc,United States,238.61,False
a9bd04,United States,43.39,False
a0c903,United States,53.04,False
a19910,United States,148.06,False
ac801e,United States,140.22,False
a434e8,United States,53.41,False
a20957,United States,252.46,False
abd69d,United States,203.54,False
86835a,Japan,194.92,False
a59d63,United States,209.91,False
a36fa4,United States,66.8,False
a804a7,United States,62.26,False
a3ad6d,United States,191.19,False
a5a4c7,United States,51.37,False
a5a4c1,United States,175.55,False
a58a36,United States,75.2,False
a46a7e,United States,0.39,True
a8f295,United States,73.12,False
4d2374,Malta,2.31,True
8468aa,Japan,199.77,False
a59d5f,United States,193.16,False
a71a0b,United States,224.54,False
a18611,United States,39.06,False
a84d25,United States,295.17,False
ad0373,United States,219.67,False
a0b60c,United States,125.46,False
a24fb8,United States,204.82,False
86837c,Japan,190.38,False
800b80,India,234.35,False
800b82,India,61.73,True
a06646,United States,187.41,False
a44969,United States,229.12,False
ac0912,United States,37.23,False
a3aca6,United States,228.1,False
a1600b,United States,6.69,True
a29337,United States,0.0,True
8694d8,Japan,1.03,True
a44962,United States,201.19,False
a0a332,United States,102.04,False
a2097b,United States,56.83,False
a1e994,United States,47.34,False
0d0ee7,Mexico,0.0,True
862d50,Japan,212.29,False
a1601e,United States,204.33,False
a4493e,United States,208.09,False
a4493d,United States,234.09,False
a4493c,United States,0.39,True
a1d63d,United States,71.0,False
a0669d,United States,209.54,False
a0a30e,United States,136.35,False
a44943,United States,193.27,False
a44940,United States,243.65,False
8681ba,Japan,231.77,False
a56972,United States,53.24,False
8681be,Japan,205.31,False
aac943,United States,52.36,False
0d0efb,Mexico,203.84,False
8681b1,Japan,161.58,False
a44939,United States,209.41,False
8681b2,Japan,274.56,False
a0fcd4,United States,98.86,False
8681b0,Japan,184.36,False
8681b5,Japan,72.62,False
8681b3,Japan,159.23,False
abe930,United States,18.52,True
8681b4,Japan,161.83,False
8681b9,Japan,211.47,False
a4491c,United States,250.42,False
a1d61f,United States,57.99,False
a6d91c,United States,42.66,False
a5b954,United States,291.03,False
86e4b8,Japan,254.98,False
a1d61b,United States,56.66,False
ac4fb5,United States,185.07,False
a4491f,United States,179.68,False
aac954,United States,277.72,False
ad292a,United States,279.84,False
ad6fb5,United States,45.8,False
aa9a7a,United States,0.0,True
ad1605,United States,190.53,False
c03bfb,Canada,151.88,False
84b7c3,Japan,178.99,False
a2803d,United States,234.7,False
a68902,United States,73.85,False
aab62f,United States,0.06,True
c03bf2,Canada,215.74,False
a43667,United States,300.91,False
a47cd1,United States,85.42,False
c8200f,New Zealand,90.2,False
a924fc,United States,235.13,False
a8f1c3,United States,41.21,False
a7e4ca,United States,53.86,False
ac4fd8,United States,218.53,False
a4497f,United States,3.6,True
7c453a,Australia,47.96,False
a44988,United States,182.77,False
7c451e,Australia,91.58,False
a44983,United States,227.95,False
ad5ca8,United States,84.61,False
a44982,United States,9.77,True
a924d9,United States,167.61,False
a44984,United States,91.12,False
ac096b,United States,82.67,False
a1c354,United States,81.51,False
a2934f,United States,182.68,False
0d0ec9,Mexico,165.65,False
a16037,United States,0.0,True
aaa326,United States,258.73,False
a61fa4,United States,9.77,True
a6b1dc,United States,143.13,False
aa9a57,United States,276.79,False
4070e2,United Kingdom,136.44,False
4070e3,United Kingdom,208.04,False
0d0ed6,Mexico,254.1,False
a0405c,United States,6.17,False
a4495d,United States,210.43,False
a4495b,United States,188.18,False
aafd4d,United States,277.89,False
ab1d5e,United States,292.8,False
ad27e0,United States,48.02,False
a92650,United States,244.68,False
ab0a47,United States,59.9,False
abe7e3,United States,94.66,False
c8203f,New Zealand,58.95,False
846954,Japan,281.28,False
300401,Italy,69.88,False
ac2a33,United States,182.59,False
a7e62d,United States,105.1,False
a85ff5,United States,212.86,False
a078d4,United States,27.11,False
a80650,United States,36.97,False
a3f04a,United States,11.32,True
ad27f3,United States,7.2,True
ab0a56,United States,55.51,False
a208a1,United States,72.51,False
ad14aa,United States,224.66,False
7c43f9,Australia,46.61,False
ac3d60,United States,38.01,False
a93997,United States,180.06,False
a7e630,United States,205.02,False
3c4587,Germany,159.44,False
a29391,United States,179.37,False
ab1d90,United States,9.83,False
7c43cc,Australia,40.07,False
4cad44,Ireland,239.37,False
4cad45,Ireland,299.11,False
3482d5,Spain,236.52,False
151ffa,Russian Federation,216.04,False
84b940,Japan,181.92,False
a77035,United States,1.54,True
a7e666,United States,186.87,False
4cad2a,Ireland,65.16,False
3c4598,Germany,294.82,False
a6504b,United States,246.67,False
ab0a73,United States,5.4,True
3c458f,Germany,3.34,True
3c458c,Germany,262.35,False
ab0a72,United States,41.57,False
a1c386,United States,54.35,False
aafd90,United States,179.88,False
aa797d,United States,231.77,False
a6c66c,United States,43.84,False
abd4e7,United States,240.96,False
ad5d4a,United States,58.51,False
3c4595,Germany,214.89,False
c00899,Canada,87.89,False
a4ccba,United States,254.12,False
a59cd5,United States,18.89,False
0d0f91,Mexico,228.34,False
a23e1b,United States,53.5,False
ace1af,United States,202.74,False
a6c61c,United States,37.04,False
ad01ab,United States,61.41,False
a3f012,United States,4.89,True
c04eb6,Canada,199.95,False
a6c616,United States,45.79,False
a6d944,United States,28.37,False
862d94,Japan,258.26,False
a2d096,United States,56.47,False
aaea84,United States,202.46,False
a72ca2,United States,230.35,False
a7f94d,United States,28.3,False
a66331,United States,42.7,False
a0fe19,United States,229.43,False
a065ab,United States,71.39,False
151fc7,Russian Federation,189.52,False
a81967,United States,2.06,True
a78325,United States,46.17,False
abc1da,United States,257.78,False
a9bd9a,United States,210.53,False
ab0a9d,United States,249.07,False
ad4a6e,United States,43.71,False
a9aa97,United States,52.23,False
a5fff9,United States,154.32,False
a66346,United States,137.0,False
4d21f0,Malta,187.54,False
a65019,United States,37.06,False
ae21c6,United States,52.08,False
45d965,Denmark,215.43,False
45d961,Denmark,197.75,False
a302a0,United States,148.11,False
a448db,United States,266.28,False
a34b30,United States,183.35,False
a0b5df,United States,0.0,False
a89076,United States,145.59,False
a22b34,United States,48.87,False
a35e4b,United States,41.7,False
881424,Thailand,236.81,False
881423,Thailand,206.48,False
a2f5b7,United States,190.5,False
a0fe7a,United States,159.12,False
a35e49,United States,179.03,False
a0b5fa,United States,61.51,False
a448d7,United States,222.9,False
a448d6,United States,4.63,True
800c07,India,138.09,False
a6b39c,United States,50.67,False
a448d3,United States,227.75,False
a11e8b,United States,218.96,False
ad29c1,United States,60.4,False
407371,United Kingdom,171.25,False
ab99f4,United States,130.97,False
a555c3,United States,185.57,False
a23e46,United States,61.84,False
a60e33,United States,7.72,True
a052d8,United States,43.51,False
ac2c10,United States,0.77,True
a7d39d,United States,174.33,False
86e75e,Japan,157.38,False
ac3f2f,United States,195.64,False
a22b28,United States,251.86,False
abd6a5,United States,171.01,False
71bd54,Republic of Korea,163.62,False
a2f5fc,United States,181.8,False
a1c2f6,United States,43.41,False
a1c2f1,United States,7.46,True
0d0f13,Mexico,213.16,False
34718d,Spain,228.01,False
7c7b54,Australia,67.38,False
c02b6f,Canada,5.92,True
ac2c33,United States,199.06,False
a7c00f,United States,206.26,False
adf194,United States,137.98,False
a448fa,United States,196.36,False
a448fc,United States,139.6,False
a7706b,United States,210.74,False
a91349,United States,230.75,False
a4ce11,United States,303.12,False
a35e66,United States,203.22,False
a23e8d,United States,30.15,False
a9cff2,United States,50.43,False
a448f8,United States,230.56,False
a448f2,United States,204.03,False
ac3dec,United States,4.89,True
7c3381,Australia,50.17,False
ac2abd,United States,231.68,False
4cabd3,Ireland,250.57,False
a05408,United States,53.61,False
acf763,United States,36.36,False
a84e68,United States,257.03,False
a11da1,United States,137.93,False
800c85,India,96.8,False
800c89,India,237.88,False
ab879f,United States,233.47,False
abc455,United States,244.22,False
a4ce9e,United States,53.5,False
ad5dcb,United States,6.94,True
ab0aed,United States,47.61,False
a0540a,United States,192.02,False
a422f7,United States,240.49,False
a4bb97,United States,86.73,False
7c3361,Australia,54.76,False
4d2211,Malta,69.72,False
acd120,United States,196.65,False
a4bb8a,United States,284.01,False
861c10,Japan,83.89,False
aa9c5b,United States,226.42,False
aaa488,United States,218.84,False
ae110c,United States,122.54,False
ab6162,United States,226.94,False
ae6aad,United States,0.0,True
a35e9c,United States,215.63,False
0d0f07,Mexico,234.33,False
a0675f,United States,52.78,False
a688ea,United States,0.0,False
a688ed,United States,64.92,False
ac9498,United States,208.0,False
a5ee51,United States,236.46,False
40600e,United Kingdom,62.77,False
a06778,United States,71.08,False
a09aaf,United States,39.13,False
a688f4,United States,43.01,False
a6d8bf,United States,176.81,False
406018,United Kingdom,223.41,False
aa9c2d,United States,92.74,False
a688ff,United States,145.59,False
a29405,United States,29.49,False
ab618b,United States,176.76,False
abc49b,United States,279.2,False
a542d7,United States,234.07,False
ae1160,United States,81.36,False
abb172,United States,178.79,False
a0541b,United States,0.0,True
a72e5f,United States,47.87,False
a6d8de,United States,48.82,False
a06763,United States,44.25,False
ad049a,United States,224.87,False
a5db2c,United States,229.56,False
4cabf8,Ireland,194.89,False
71005e,Saudi Arabia,266.31,False
a05483,United States,283.89,False
a60da2,United States,44.64,False
7c5960,Australia,51.35,False
a9ab87,United States,210.1,False
a0a457,United States,189.68,False
c0807f,Canada,167.89,False
71004a,Saudi Arabia,263.26,False
0d0dba,Mexico,224.12,False
850e9c,Japan,0.0,True
a9ab7b,United States,5.66,True
0d0dd1,Mexico,189.08,False
a1c441,United States,69.97,False
a05462,United States,55.32,False
8682da,Japan,213.91,False
a6c71c,United States,261.59,False
86d2aa,Japan,168.99,False
c0809d,Canada,157.57,False
acf703,United States,36.28,False
ab8748,United States,233.94,False
a59de5,United States,176.36,False
0d0ddb,Mexico,234.32,False
c03e07,Canada,208.3,False
a22ab7,United States,65.01,False
4071c7,United Kingdom,284.11,False
a80703,United States,181.62,False
a0a446,United States,67.59,False
a3f120,United States,197.03,False
a41131,United States,183.34,False
a46ad6,United States,198.33,False
7c3340,Australia,4.89,True
ac3db6,United States,245.8,False
a7d2ce,United States,90.55,False
a1b162,United States,235.87,False
ac940c,United States,47.54,False
a3045c,United States,99.84,False
a2f77b,United States,210.33,False
a34ae6,United States,1.29,True
a9be6d,United States,37.04,False
a3ada3,United States,187.02,False
a1b12a,United States,203.93,False
a41110,United States,48.07,False
a46ab3,United States,223.43,False
710050,Saudi Arabia,270.79,False
710053,Saudi Arabia,239.65,False
a16154,United States,48.04,False
a30460,United States,250.04,False
a23dff,United States,29.03,False
0d0da8,Mexico,185.29,False
71002c,Saudi Arabia,265.65,False
abc432,United States,232.06,False
a3043b,United States,36.44,False
ac2ab3,United States,255.84,False
861b28,Japan,212.5,False
a209b9,United States,247.64,False
a6c781,United States,0.0,True
aab5f8,United States,73.22,False
ac3e5d,United States,194.21,False
7c7a71,Australia,42.58,False
151ebb,Russian Federation,1.29,True
ac92b1,United States,271.51,False
151ebc,Russian Federation,83.38,False
71be25,Republic of Korea,179.97,False
acf5be,United States,235.43,False
a066c7,United States,243.95,False
71be23,Republic of Korea,259.73,False
aaa2d3,United States,225.71,False
7c7a4a,Australia,202.05,False
7c7a4b,Australia,218.66,True
4cac55,Ireland,4.63,True
7c7a4d,Australia,229.98,False
151eb9,Russian Federation,5.17,False
800af5,India,7.72,True
aab5ff,United States,266.15,False
71be16,Republic of Korea,258.73,False
acf5ab,United States,71.21,False
75807f,Philippines,130.25,False
a84dce,United States,182.86,False
ac3e80,United States,209.14,False
71be19,Republic of Korea,241.49,False
86d2fb,Japan,265.42,False
7c7a3e,Australia,206.32,False
850dae,Japan,25.21,True
a6b470,United States,208.94,False
7c7a58,Australia,60.28,False
acf5f4,United States,218.06,False
4cac0d,Ireland,238.25,False
4cac0f,Ireland,246.68,False
ac2b61,United States,199.47,False
a71adb,United States,130.88,False
71be40,Republic of Korea,265.2,False
71be46,Republic of Korea,130.77,False
71be45,Republic of Korea,154.43,False
a41144,United States,260.09,False
ac2b6c,United States,122.53,False
7c44da,Australia,258.68,False
7c7a46,Australia,210.86,False
7c7a49,Australia,0.0,True
a2d147,United States,39.29,False
a1b174,United States,56.28,False
a65104,United States,237.94,False
ace2d9,United States,41.12,False
aa9ab6,United States,285.54,False
a6b414,United States,24.1,False
ad4b73,United States,7.46,True
a11f71,United States,51.45,False
abc2e5,United States,173.68,False
0d0e6f,Mexico,152.31,False
861b8e,Japan,243.71,False
a3f133,United States,197.9,False
a96da8,United States,50.55,False
0d0e82,Mexico,230.85,False
a316a8,United States,53.7,False
a449af,United States,223.28,False
a55792,United States,179.27,False
885b47,Thailand,6.43,True
885b45,Thailand,218.17,False
a5a764,United States,45.51,False
39c424,France,234.7,False
ace2f9,United States,40.67,False
a83aa7,United States,60.27,False
4cac66,Ireland,218.54,False
a449a1,United States,218.58,False
a449a8,United States,236.71,False
71be05,Republic of Korea,111.13,False
71be09,Republic of Korea,204.98,False
a1e9ac,United States,278.39,False
c03cb4,Canada,104.24,False
a5a77b,United States,26.36,False
a11f59,United States,206.88,False
7c7a85,Australia,48.38,False
a075df,United States,278.51,True
a0c5c6,United States,144.14,False
861bec,Japan,263.79,False
a062ad,United States,46.07,False
a1f8e7,United States,55.68,False
a1f8e6,United States,318.17,False
a12e57,United States,182.7,False
a24e39,United States,186.16,False
7c46e6,Australia,68.35,False
7c33b1,Australia,4.37,True
7c7c31,Australia,45.04,False
a12e2d,United States,63.63,False
a338ac,United States,208.67,False
c00700,Canada,198.21,False
a6c39f,United States,186.64,False
a7d057,United States,51.47,False
acf492,United States,204.94,False
ab96a4,United States,187.54,False
ab1c04,United States,153.39,False
a42072,United States,148.72,False
0c20de,Panama,224.75,False
0c20dd,Panama,243.35,False
a48e53,United States,54.57,False
ac4f29,United States,241.69,False
a8bfeb,United States,220.75,False
a445c7,United States,214.16,False
a36e73,United States,176.97,False
abf9b1,United States,228.73,False
a6734e,United States,40.76,False
7c7c74,Australia,240.02,False
7c7c76,Australia,0.0,True
861ba8,Japan,213.04,False
a35b27,United States,281.14,False
a80329,United States,122.2,False
a78018,United States,70.79,False
c03b54,Canada,268.84,False
a445b0,United States,0.0,True
aa779d,United States,230.72,False
7c7c3e,Australia,52.29,False
86d538,Japan,109.44,False
0c20be,Panama,240.62,False
aad9f2,United States,44.16,False
a12e80,United States,212.8,False
861bca,Japan,165.25,False
a7f672,United States,63.34,False
a35b0b,United States,192.86,False
a6c358,United States,202.93,False
a67399,United States,11.32,True
7c7c45,Australia,57.09,False
0c20b6,Panama,217.52,False
0c20b5,Panama,237.24,False
aa777e,United States,196.97,False
7c33c6,Australia,89.96,False
7c46f5,Australia,61.92,False
ace19e,United States,50.49,False
7c7c41,Australia,61.72,False
a3be7c,United States,59.99,False
4691c4,Greece,240.45,False
ab975c,United States,288.93,False
a935a1,United States,6.69,True
c03b15,Canada,96.06,False
a3be97,United States,26.05,False
ad2736,United States,103.65,False
aa76ef,United States,179.75,False
aac763,United States,87.97,False
a672a5,United States,52.57,False
a23b89,United States,32.49,False
c005b8,Canada,79.23,False
ad6da6,United States,61.23,False
ac9101,United States,118.75,False
c005b3,Canada,195.65,False
a445ef,United States,193.2,False
0c218b,Panama,232.02,False
a445f8,United States,242.53,False
7c3480,Australia,59.24,False
7c7af8,Australia,51.41,False
aafac4,United States,35.29,False
a445f0,United States,186.85,False
71011e,Saudi Arabia,268.94,False
0c217c,Panama,123.8,False
abc107,United States,158.46,False
aa89fe,United States,62.67,False
abd41a,United States,146.59,False
710130,Saudi Arabia,254.0,False
a815d6,United States,87.07,False
7c7aef,Australia,68.98,False
a325fd,United States,0.0,True
a4cb75,United States,146.83,False
01013d,Egypt,287.05,False
7c7ae4,Australia,48.91,False
a445cd,United States,9.77,True
aafacd,United States,32.39,False
a445d9,United States,277.06,False
ac3ac9,United States,288.0,False
a5a2ba,United States,50.25,False
a672d6,United States,34.65,False
7c479f,Australia,214.4,False
800d7a,India,175.31,False
abe77a,United States,0.0,True
a7d085,United States,153.17,False
4d2159,Malta,209.05,False
ad0119,United States,203.42,False
ac078b,United States,190.48,False
adbdbe,United States,185.55,False
ac3adf,United States,175.49,False
adbdc1,United States,193.51,False
abc12a,United States,107.49,False
86d57f,Japan,190.63,False
a948a2,United States,113.78,False
adbdc9,United States,208.44,False
a565bb,United States,76.76,False
a7d064,United States,124.07,False
a6b07e,United States,69.72,False
ac912e,United States,111.68,False
aa76a8,United States,168.73,False
abe79d,United States,114.21,False
c018d3,Canada,132.22,False
ad278c,United States,227.31,False
aa0f38,United States,3.6,False
7c218b,Australia,51.66,False
a85e16,United States,54.7,False
a708bf,United States,204.8,False
c018c8,Canada,133.27,False
a9238a,United States,4.12,True
a60b1e,United States,299.89,False
aaa178,United States,63.35,False
39d2ae,France,273.6,False
39d2af,France,226.56,False
adbe91,United States,212.15,False
39d2aa,France,264.58,False
4b18b8,Switzerland,241.84,False
39d2b0,France,237.61,False
39d2b1,France,282.97,False
39d2b2,France,265.05,False
a68704,United States,6.17,True
a3271e,United States,1.8,True
a1976b,United States,51.88,False
a3bda6,United States,218.67,False
a06461,United States,1.03,True
a19774,United States,32.45,False
a9ce7e,United States,40.77,False
a8ae6d,United States,98.1,False
ab9715,United States,63.82,False
39d2a9,France,63.84,False
a00df9,United States,205.28,False
4d2065,Malta,72.41,False
39d2a4,France,0.0,True
7c7ad5,Australia,74.77,False
a60b77,United States,116.99,False
a32789,United States,56.59,False
a1d44e,United States,106.19,False
0c2160,Panama,212.24,False
aac71d,United States,242.59,False
a43423,United States,205.28,False
a35ab8,United States,192.59,False
a9bb0c,United States,220.96,False
a60b89,United States,81.81,False
a11ad4,United States,0.0,True
7c7ab4,Australia,0.0,True
7c7ab5,Australia,237.66,False
7c7ab8,Australia,215.81,False
7c7ab9,Australia,0.0,True
a8ae2e,United States,208.6,False
a59b9c,United States,183.51,False
7c7aac,Australia,199.93,False
7c7aae,Australia,235.97,False
7c7aa5,Australia,77.17,True
7c7aa7,Australia,182.98,False
a8ae3e,United States,201.98,False
7c7aa9,Australia,249.85,False
7c7aa1,Australia,119.39,False
71bf56,Republic of Korea,233.94,False
abf8e0,United States,0.0,True
60000d,Armenia,675.97,False
a5b768,United States,195.52,False
a54137,United States,29.32,True
3abfff,France,12.35,True
ac4e54,United States,162.55,False
a47ad2,United States,181.31,False
ac3b0f,United States,201.26,False
a67452,United States,277.88,False
a31486,United States,192.95,False
a12f07,United States,1.8,True
a12f08,United States,197.87,False
c01968,Canada,84.8,False
ac3b32,United States,291.58,False
a6878c,United States,130.34,False
71bf75,Republic of Korea,235.68,False
c0197e,Canada,223.8,False
7c7b5c,Australia,46.52,False
0100db,Egypt,206.17,False
aa0dd5,United States,75.62,False
a35adb,United States,245.03,False
aa7757,United States,156.18,False
ad5b28,United States,138.6,False
ac18fe,United States,243.33,False
a6b10c,United States,136.33,False
ac3b45,United States,52.41,False
a85dd1,United States,44.62,False
c0196c,Canada,244.6,False
7c7b69,Australia,58.37,False
a97da7,United States,143.04,False
aac5ec,United States,165.39,False
71bf57,Republic of Korea,285.75,False
7c7b62,Australia,53.18,False
7c7b63,Australia,34.53,False
a54169,United States,195.45,False
7c7b65,Australia,36.83,False
a67407,United States,262.56,False
ac4e85,United States,0.39,True
a12f2a,United States,190.36,False
a076c6,United States,41.98,False
a339b1,United States,231.88,False
a5540c,United States,202.89,False
a73da8,United States,61.35,False
ac3b51,United States,6.94,True
a00f60,United States,87.69,False
71bf06,Republic of Korea,199.3,False
ae58f5,United States,133.06,False
ad25de,United States,56.31,False
abd2c7,United States,56.81,False
71bf30,Republic of Korea,81.68,False
a4ddca,United States,197.4,False
a076a8,United States,49.14,False
0100a3,Egypt,258.88,False
ac3b78,United States,188.63,False
a9bb70,United States,174.43,False
0100a6,Egypt,229.42,False
aa7718,United States,4.63,True
adab30,United States,83.47,False
adab31,United States,214.75,False
71bf24,Republic of Korea,242.24,False
c0192e,Canada,227.57,False
ad12e0,United States,190.62,False
3c5642,Germany,231.74,False
a0c6e5,United States,49.27,False
a24f4f,United States,84.22,False
a24f4d,United States,48.91,False
a00f8c,United States,265.76,False
a12f74,United States,28.31,False
a12f75,United States,264.92,False
a61f05,United States,215.32,False
7580a0,Philippines,2.57,True
a699a1,United States,243.08,False
4b191a,Switzerland,258.73,False
4b191b,Switzerland,241.57,False
a339e6,United States,204.89,False
a48f0d,United States,65.33,False
a206da,United States,133.06,False
abc292,United States,232.57,False
a699b0,United States,219.39,False
abc29a,United States,259.02,False
86d68f,Japan,174.77,False
a0d9f2,United States,110.62,False
a0c6c6,United States,257.47,False
a196c8,United States,4.63,True
a96ae3,United States,290.27,False
7c47cf,Australia,141.72,False
a076f1,United States,243.87,False
a1e6b9,United States,2.06,True
a6b185,United States,0.0,True
ac07b8,United States,252.02,False
a92481,United States,283.43,False
7c47bc,Australia,2.06,True
adabfe,United States,136.69,False
aac7ab,United States,239.52,False
71bf93,Republic of Korea,226.17,False
a23c70,United States,274.38,False
a0b3f7,United States,52.7,False
aafd17,United States,208.25,False
71bf92,Republic of Korea,198.58,False
a72af5,United States,89.39,False
ab1d30,United States,261.77,False
7c6a62,Australia,61.5,False
a36f7e,United States,61.25,False
86d629,Japan,163.49,False
71bf89,Republic of Korea,170.61,False
71bf86,Republic of Korea,286.71,False
7100c3,Saudi Arabia,266.29,False
407183,United Kingdom,203.94,False
a313bf,United States,223.04,False
ab97e6,United States,9.26,True
a5417e,United States,232.0,False
a7f765,United States,194.92,False
7100bf,Saudi Arabia,189.95,False
407176,United Kingdom,181.39,False
a66174,United States,208.74,False
a1d3bb,United States,58.22,False
abe7c5,United States,171.64,False
868688,Japan,210.59,False
ad14a8,United States,198.33,False
a72aec,United States,35.77,False
a97de4,United States,114.76,False
a1d3b4,United States,177.18,False
ae4848,United States,0.0,True
abd536,United States,206.12,False
3c66c3,Germany,0.0,True
aaa224,United States,68.65,False
a6d6e4,United States,214.76,False
a3ac7a,United States,216.44,False
ad6ec6,United States,77.68,False
a420af,United States,178.17,False
a35c97,United States,239.36,False
a923a8,United States,208.6,False
a923a9,United States,223.85,False
0c205f,Panama,236.14,False
a48f8c,United States,51.35,False
a6d6d8,United States,72.37,False
a793b1,United States,213.47,False
0c2070,Panama,233.71,False
a85f6f,United States,56.39,False
aafbdf,United States,245.34,False
3ba9ff,France,1.03,True
a84c2a,United States,48.79,False
711568,Saudi Arabia,226.88,False
a5ff93,United States,215.28,False
abe892,United States,177.01,False
a4cc95,United States,248.45,False
7c47b8,Australia,244.69,False
a4cc23,United States,55.51,False
a4df56,United States,261.19,False
a3ac2f,United States,209.2,False
acf54f,United States,207.25,False
a0c838,United States,58.95,False
c03c02,Canada,0.0,True
7c47ad,Australia,85.37,False
7c47ac,Australia,138.87,False
aaa267,United States,262.95,False
ac3beb,United States,281.52,False
711506,Saudi Arabia,248.67,False
711508,Saudi Arabia,163.41,False
7c47a4,Australia,136.75,False
7c47a3,Australia,83.23,False
4d203d,Malta,264.12,False
a7d17b,United States,73.52,False
a4df74,United States,36.81,False
c006c3,Canada,131.19,False
a9baf5,United States,50.93,False
adabce,United States,53.55,False
a59c52,United States,38.12,False
abd57e,United States,212.49,False
ad0250,United States,40.26,False
c03c05,Canada,159.44,False
a85f20,United States,0.0,False
a85f29,United States,213.12,False
a553ce,United States,168.64,False
0c2096,Panama,244.84,False
4b9067,Turkey,218.0,False
a1c0fb,United States,90.1,False
a96c96,United States,176.02,False
a8f0bd,United States,199.13,False
a4482e,United States,274.65,False
7c7bad,Australia,17.04,False
ac90f4,United States,188.09,False
ac90f3,United States,231.68,False
a32867,United States,123.39,False
a0fbb7,United States,4.89,True
a31533,United States,249.05,False
a32861,United States,135.68,False
7c7ba5,Australia,42.56,False
7c7ba9,Australia,67.52,False
a36eae,United States,159.47,False
7c3538,Australia,100.21,False
ab2ea3,United States,55.41,False
a1985e,United States,56.0,False
a6d80b,United States,105.56,False
a923ef,United States,277.46,False
6010ef,Kyrgyzstan,231.1,False
a36ea8,United States,216.11,False
a56866,United States,271.8,False
7c3581,Australia,10.8,True
0c202c,Panama,231.9,False
0d0fc1,Mexico,154.14,False
a923cd,United States,8.75,True
a30246,United States,111.32,False
a6c3f3,United States,47.79,False
a1726a,United States,54.34,False
ab8524,United States,276.04,False
a32893,United States,3.86,True
a9bc12,United States,3.86,True
800cc7,India,161.46,False
a32886,United States,215.67,False
abe82c,United States,200.63,False
7c7bcc,Australia,243.05,False
7c7bc6,Australia,231.05,False
7c353e,Australia,59.21,False
0d0fde,Mexico,248.59,False
a1857f,United States,34.99,False
0d0ff3,Mexico,219.16,False
a0a23b,United States,151.83,False
aac875,United States,169.31,False
ab8553,United States,215.75,False
aafc2d,United States,220.2,False
e94c8e,Bolivia,243.78,False
a6755a,United States,26.77,False
abe6bc,United States,49.09,False
a60bcb,United States,274.2,False
aa5237,United States,119.57,False
3481d5,Spain,71.63,False
a96ba2,United States,249.52,False
a2928e,United States,44.09,False
abf9f8,United States,139.79,False
3c4214,Germany,5.66,True
ac4f74,United States,46.48,False
ab1c4b,United States,64.55,False
aa6565,United States,43.08,False
a6b200,United States,47.16,False
aac6ee,United States,254.78,False
ab96fc,United States,0.0,True
a72bda,United States,143.03,False
a2f584,United States,190.99,False
a66256,United States,193.34,False
7c7c7a,Australia,70.67,False
a78246,United States,161.04,False
ac4f6f,United States,169.6,False
a0b59d,United States,89.0,False
3c4222,Germany,2.57,True
a7e544,United States,128.47,False
86d607,Japan,183.43,False
a54280,United States,159.44,False
ad5c30,United States,3.86,True
a8053b,United States,64.32,False
ac90a7,United States,90.03,False
7c7c84,Australia,36.31,False
ac4f92,United States,278.67,False
a5685b,United States,25.8,False
aaa0d1,United States,64.51,False
adbf62,United States,45.0,False
4caa40,Ireland,0.0,True
a8180d,United States,259.05,False
abc0c1,United States,164.7,False
a81815,United States,99.77,False
a3befa,United States,240.14,False
a207c0,United States,85.34,False
a2e28f,United States,9.26,True
4b1917,Switzerland,252.49,False
4b1918,Switzerland,252.43,False
4b1919,Switzerland,191.11,False
a68871,United States,4.89,True
850fb6,Japan,192.72,False
aa7833,United States,230.04,False
ad13dc,United States,34.2,False
abc0e4,United States,232.73,False
4b1900,Switzerland,236.9,False
adac42,United States,97.89,False
a54245,United States,239.06,False
