icao24,origin_country,velocity,on_ground
a5f852,United States,42.91,False
e8027e,Chile,214.89,False
e8027d,Chile,231.47,False
a53edd,United States,58.46,False
ab6fdd,United States,241.01,False
a3b87f,United States,202.2,False
a3feee,United States,45.89,False
ab030d,United States,77.97,False
3cf0b8,Germany,202.81,False
acdfa6,United States,186.54,False
c07d11,Canada,41.17,False
ac4963,United States,3.09,True
a3b88e,United States,175.24,False
a52bd1,United States,156.7,False
a4d879,United States,241.87,False
a36898,United States,0.0,True
ac496b,United States,70.03,False
aae323,United States,164.13,False
c81bf5,New Zealand,65.71,False
a5954e,United States,202.19,False
a23563,United States,53.94,False
aa3ca7,United States,49.2,False
aaf656,United States,199.68,False
a15bf8,United States,48.04,False
a72545,United States,56.18,False
ad5622,United States,12.86,True
80161c,India,67.38,False
ac231d,United States,84.6,False
a22248,United States,20.18,False
a89eb9,United States,50.21,False
acdfab,United States,0.0,True
a0e250,United States,238.53,False
39de48,France,210.17,False
a0e23b,United States,41.85,False
a48850,United States,256.12,False
ae1faa,United States,0.0,False
ad694c,United States,205.51,False
407a06,United Kingdom,216.27,False
aa4fc9,United States,52.51,False
44028c,Austria,191.72,False
adeca5,United States,221.16,False
a2228b,United States,72.24,False
a9b3f0,United States,170.98,False
4acb01,Sweden,223.85,False
4acb02,Sweden,224.73,False
4acb04,Sweden,15.43,True
adffbe,United States,91.11,False
a47597,United States,278.5,False
ab034d,United States,288.17,False
aae33a,United States,201.66,False
4bc8c6,Turkey,237.83,False
4bc8c1,Turkey,216.12,False
adffc5,United States,224.45,False
abf008,United States,151.86,False
a61836,United States,191.66,False
511172,Estonia,223.96,False
a5f808,United States,213.83,False
adffad,United States,239.59,False
e80267,Chile,239.37,False
4bc8d6,Turkey,250.14,False
a59521,United States,113.5,False
a963f7,United States,242.93,False
ac234f,United States,209.53,False
80164c,India,111.55,False
ad5679,United States,250.81,False
a39bfa,United States,206.48,False
ac101f,United States,151.37,False
47b217,Norway,272.11,False
471efe,Hungary,251.02,False
471efc,Hungary,94.96,False
ac3688,United States,197.31,False
a950bf,United States,232.6,False
a59529,United States,57.52,False
44029f,Austria,219.42,False
adecb6,United States,183.61,False
a3689e,United States,0.0,True
ae6311,United States,136.72,False
abf025,United States,272.81,False
a2cbe8,United States,92.18,False
a3b86c,United States,256.39,False
801670,India,138.73,False
a4754d,United States,78.2,False
aa8075,United States,268.72,False
ab01ee,United States,41.56,False
accd77,United States,65.51,False
a03d49,United States,228.09,False
abad94,United States,248.99,False
a4b294,United States,135.43,False
a8dbd3,United States,321.19,False
a7bbe9,United States,215.04,False
a9fbb6,United States,46.48,False
adda24,United States,220.89,False
39470b,France,138.81,False
a9a215,United States,60.72,False
ac6a65,United States,277.74,False
accd69,United States,279.45,False
0d11d1,Mexico,210.9,False
e8020b,Chile,209.17,False
3455d9,Spain,72.41,False
e0b298,Argentina,40.97,False
4acb59,Sweden,221.51,False
a5829d,United States,70.48,False
a0f4a2,United States,279.13,False
a6f23d,United States,211.48,False
a9653d,United States,145.13,False
a71291,United States,136.34,False
4acb23,Sweden,217.22,False
4bc8cb,Turkey,234.31,False
aae1fa,United States,95.49,False
4bc8ca,Turkey,238.1,False
c81d02,New Zealand,49.48,False
ac6a85,United States,57.56,False
ad41cd,United States,147.23,False
ad41ed,United States,216.82,False
a9521f,United States,68.35,False
46b82c,Greece,221.36,False
46b82f,Greece,262.43,False
a5d28e,United States,153.54,False
a3428e,United States,197.66,False
c0226c,Canada,225.76,False
a8a87e,United States,142.53,False
e48bf8,Brazil,126.02,False
c07bc7,Canada,13.38,True
adda5f,United States,272.29,False
a26a1d,United States,145.99,False
46b832,Greece,246.44,False
ac4917,United States,24.18,True
a091d5,United States,226.85,False
a72567,United States,199.21,False
a8eed8,United States,2.57,True
a58267,United States,143.74,False
a7cebf,United States,0.06,True
440201,Austria,199.34,False
a101c3,United States,195.77,False
a114f4,United States,214.23,False
a26a0d,United States,37.23,False
a5958c,United States,76.28,False
a8584a,United States,186.67,False
a5f87d,United States,46.94,False
a1ad46,United States,113.5,False
a1ad44,United States,214.29,False
a15d6e,United States,180.63,False
a15d6c,United States,52.27,False
aa099e,United States,220.53,False
440237,Austria,218.25,False
adda95,United States,49.94,False
aa3ce7,United States,214.08,False
aaf617,United States,254.61,False
a27d26,United States,180.4,False
aaf621,United States,83.62,False
0d11b3,Mexico,215.81,False
c04893,Canada,47.61,False
a247df,United States,45.09,False
47880d,Norway,242.97,False
440224,Austria,211.89,False
a6f226,United States,227.95,False
aaf60a,United States,218.74,False
a39d11,United States,236.09,False
a96521,United States,131.78,False
ac4947,United States,86.34,False
e80209,Chile,236.87,False
a7bbb2,United States,211.42,False
a3a4cb,United States,1.03,True
ae629b,United States,235.28,False
aa07f9,United States,280.28,False
a101f9,United States,275.4,False
c0482a,Canada,220.83,False
ab27e1,United States,47.96,False
a617e8,United States,117.71,False
a737cb,United States,190.5,False
885226,Thailand,251.37,False
a221d4,United States,58.65,False
885222,Thailand,267.29,False
e49ec9,Brazil,228.27,False
885221,Thailand,227.41,False
343194,Spain,220.09,False
c04830,Canada,45.81,False
c0481b,Canada,239.5,False
c0481c,Canada,213.82,False
a1ad7b,United States,171.78,False
a5f7d9,United States,42.75,False
a39d5d,United States,5.14,True
a00929,United States,0.0,True
a63a1a,United States,32.05,False
4aca81,Sweden,0.0,True
accd10,United States,0.64,True
c81d7e,New Zealand,221.42,False
8a047a,Indonesia,118.0,False
c0484c,Canada,105.77,False
4aca89,Sweden,225.7,False
a581c1,United States,41.15,False
a88d26,United States,266.22,False
a091f3,United States,137.29,False
e07582,Argentina,3.86,True
a3ed89,United States,28.81,True
ab5d4a,United States,250.84,False
ab14d9,United States,250.12,False
84d283,Japan,161.04,False
c04850,Canada,37.04,True
a9529f,United States,62.36,False
4aca90,Sweden,135.1,False
4aca93,Sweden,214.92,False
4aca92,Sweden,118.05,False
ad67ab,United States,125.01,False
a2cd44,United States,37.84,False
4aca96,Sweden,189.64,False
a3ed96,United States,126.74,False
4aca98,Sweden,124.89,False
a3ed91,United States,199.22,False
a26a2c,United States,111.59,False
a234ef,United States,235.06,False
aaf4d3,United States,51.68,False
a88d10,United States,258.08,False
a38a21,United States,134.89,False
4aca8c,Sweden,5.66,True
a857c9,United States,161.02,False
a6f28c,United States,4.12,True
8014e8,India,236.87,False
e49eec,Brazil,105.65,False
e49eeb,Brazil,232.0,False
a40d9b,United States,190.14,False
a2ba7e,United States,278.67,False
e49eef,Brazil,248.66,False
aa3d09,United States,122.82,False
c81d9d,New Zealand,68.33,False
ab14f5,United States,50.67,False
8014dd,India,5.14,True
8014db,India,229.2,False
a3b7d1,United States,0.39,True
86ced2,Japan,94.17,False
4520ce,Bulgaria,216.78,False
471f8e,Hungary,241.34,False
a9fbf8,United States,66.9,False
7c1c95,Australia,0.0,True
a16fb5,United States,84.12,False
accd23,United States,133.92,False
e0b255,Argentina,258.25,False
e0b254,Argentina,0.0,True
4520d2,Bulgaria,237.45,False
aa929c,United States,208.05,False
a39d9b,United States,0.0,True
471f9a,Hungary,265.97,False
adb7b8,United States,60.11,False
a3a4b7,United States,0.06,True
471f9e,Hungary,240.66,False
ac21c3,United States,145.84,False
e48ba8,Brazil,105.07,False
343141,Spain,212.08,False
ae74ac,United States,50.42,False
a64d16,United States,6.17,True
471f6f,Hungary,153.36,False
e0b285,Argentina,214.62,False
c04829,Canada,195.98,False
acba1b,United States,3.34,True
a26a93,United States,222.07,False
c04826,Canada,294.95,False
e49ed4,Brazil,198.79,False
471f6d,Hungary,227.23,False
e0b284,Argentina,246.45,False
471f6b,Hungary,204.52,False
e48ba7,Brazil,253.31,False
a4d7e4,United States,199.94,False
86cee7,Japan,11.32,True
e48baa,Brazil,157.08,False
abad6c,United States,287.88,False
471f7a,Hungary,130.31,False
a26a87,United States,42.2,False
c04810,Canada,53.11,False
344455,Spain,242.69,False
471f68,Hungary,246.08,False
471f69,Hungary,92.81,False
e4a6fb,Brazil,218.69,False
c020be,Canada,152.6,False
ae6226,United States,50.51,False
471f65,Hungary,247.68,False
471f62,Hungary,244.71,False
a4fa91,United States,35.38,False
a99a3d,United States,106.19,False
344446,Spain,148.17,False
a1bfb2,United States,65.36,False
471f77,Hungary,238.35,False
471f78,Hungary,228.82,False
aae279,United States,157.61,False
471f71,Hungary,174.67,False
ada549,United States,52.05,False
a9ea32,United States,213.38,False
aa2a7f,United States,100.09,False
adfecf,United States,118.81,False
a03ce6,United States,179.69,False
a35605,United States,0.0,True
adfee0,United States,118.41,False
ab0293,United States,62.16,False
a73909,United States,64.82,False
ae623b,United States,46.4,False
a8a7eb,United States,45.83,False
742838,Jordan,220.06,False
a24935,United States,48.94,False
4400dc,Austria,209.27,False
a00970,United States,66.05,False
a03cb6,United States,146.74,False
a3ffaf,United States,238.72,False
ae0bed,United States,59.04,False
ae623e,United States,16.66,False
ae623c,United States,47.61,False
471f58,Hungary,230.47,False
4520aa,Bulgaria,233.24,False
a964e3,United States,53.2,False
4400be,Austria,125.61,False
ab029d,United States,58.65,False
a16fbd,United States,97.95,False
5003a6,San Marino,64.51,False
a3a61b,United States,235.79,False
a6191c,United States,43.92,False
ae622b,United States,40.65,False
a594fa,United States,168.21,False
a99a05,United States,51.25,False
a5d1b9,United States,266.03,False
a88d3a,United States,174.41,False
c81cb1,New Zealand,47.96,False
ae6268,United States,164.71,False
a9fd11,United States,44.27,False
a88d47,United States,182.62,False
7c2f2e,Australia,43.85,False
a76d5a,United States,194.28,False
0d1202,Mexico,134.81,False
a8a7cf,United States,52.17,False
a844c4,United States,56.65,False
471f37,Hungary,238.87,False
a4b1e9,United States,44.27,False
471f38,Hungary,2.31,True
a75a21,United States,198.58,False
a1bff3,United States,53.57,False
a9b4a4,United States,0.0,True
471f31,Hungary,151.43,False
471f32,Hungary,235.14,False
a9c7c7,United States,51.98,False
a27ccd,United States,89.53,False
471f02,Hungary,211.24,False
471f03,Hungary,256.66,False
471f01,Hungary,211.77,False
a03cde,United States,56.81,False
a88d5e,United States,272.76,False
471f04,Hungary,136.44,False
a51a87,United States,56.92,False
e07542,Argentina,210.2,False
a27cc9,United States,8.23,True
a63a64,United States,127.4,False
a08021,United States,106.39,False
c81ce6,New Zealand,42.82,False
885283,Thailand,226.18,False
a3560d,United States,31.21,False
c81ce4,New Zealand,33.44,False
c81ce5,New Zealand,52.72,False
ac47b7,United States,0.0,True
885281,Thailand,260.87,False
c046f7,Canada,287.48,False
a857ff,United States,40.18,False
a711c6,United States,50.17,False
a0934b,United States,200.08,False
0d1233,Mexico,193.63,False
a4891e,United States,96.18,False
5003e8,San Marino,139.56,False
a3b90e,United States,201.31,False
a4d97e,United States,133.21,False
c048e8,Canada,86.32,False
e48c03,Brazil,245.75,False
a46345,United States,204.98,False
e48c05,Brazil,197.33,False
a40cdf,United States,80.77,False
8a01de,Indonesia,120.92,False
ad9db0,United States,219.24,False
80175f,India,253.68,False
abadc0,United States,0.77,True
a2ccf1,United States,46.86,False
e49f43,Brazil,90.65,False
801768,India,269.59,False
e49f45,Brazil,134.93,False
ac6aa2,United States,35.29,False
a3a67b,United States,201.42,False
800441,India,239.74,False
a5d319,United States,224.51,False
c07e32,Canada,206.27,False
ad4407,United States,46.61,False
ab5df2,United States,128.06,False
a34358,United States,168.32,False
a40cd9,United States,210.56,False
c035cc,Canada,238.86,False
a2dffe,United States,251.06,False
ae6404,United States,230.64,False
a1f00e,United States,207.31,False
a22358,United States,239.77,False
a08057,United States,0.0,True
a7131c,United States,66.01,False
c022a8,Canada,184.2,False
a89fcf,United States,196.03,False
a0f67c,United States,119.46,False
a5701c,United States,275.44,False
801745,India,223.85,False
a71337,United States,70.0,False
c07e62,Canada,213.69,False
a57028,United States,37.81,False
a70003,United States,45.79,False
a70002,United States,247.48,False
a2235b,United States,0.0,True
c048eb,Canada,89.84,False
c035bb,Canada,135.57,False
407b1f,United Kingdom,130.19,False
a2ccbc,United States,92.29,False
a9ea96,United States,146.15,False
a85964,United States,135.51,False
8852e4,Thailand,236.94,False
a46310,United States,0.64,True
c035d4,Canada,217.86,False
a0d02c,United States,49.94,False
8852e3,Thailand,217.59,False
a1acdb,United States,198.78,False
a2dff5,United States,58.0,False
c06b22,Canada,51.81,False
a96601,United States,2.57,False
a1f012,United States,93.29,False
c035bf,Canada,212.74,False
a128aa,United States,56.08,False
a008d5,United States,213.64,False
a9ea63,United States,54.87,False
407b8b,United Kingdom,177.72,False
a5f938,United States,198.14,False
3c4b31,Germany,271.98,False
a45051,United States,232.66,False
3c4b28,Germany,220.41,False
a99a96,United States,135.07,False
a4d946,United States,7.46,True
ab4af1,United States,2.31,True
a9b4fe,United States,55.23,False
e48c2f,Brazil,240.88,False
3c4b2e,Germany,249.92,False
ac245c,United States,76.45,False
a03e33,United States,31.89,False
3c4b2d,Germany,242.46,False
a4503d,United States,202.33,False
3430cc,Spain,203.6,False
0d10f8,Mexico,233.92,False
a9ea6a,United States,56.48,False
e49f89,Brazil,56.82,False
c0107c,Canada,249.7,False
a61949,United States,0.0,True
3c4b2b,Germany,248.32,False
a1f04a,United States,76.81,False
ad4461,United States,240.44,False
e49f52,Brazil,161.96,False
a8dd7a,United States,33.55,False
ad444d,United States,250.86,False
a85931,United States,206.5,False
a008b7,United States,65.85,False
a9fd75,United States,48.83,False
3c4b49,Germany,218.5,False
a0808f,United States,198.55,False
a52cc8,United States,156.35,False
abf11f,United States,182.72,False
4cc279,Iceland,214.26,False
a9b4de,United States,10.29,True
ac379a,United States,286.06,False
80177d,India,254.4,False
a4634b,United States,240.42,False
80177e,India,211.37,False
a008c9,United States,170.34,False
a3a65f,United States,142.57,False
3c4b4e,Germany,63.74,False
ac247a,United States,269.57,False
ad42db,United States,44.38,False
a39e0c,United States,15.95,True
ada5ee,United States,291.36,False
a248cf,United States,48.38,False
ac22fb,United States,231.05,False
addb47,United States,281.72,False
3443d3,Spain,189.94,False
a69060,United States,220.97,False
a2ce01,United States,227.08,False
addb2b,United States,211.93,False
a84699,United States,240.9,False
a2ce05,United States,205.37,False
a6f367,United States,52.53,False
c0103e,Canada,278.26,False
a235b7,United States,0.0,True
a8467b,United States,83.82,False
a02b50,United States,61.2,False
a03e86,United States,75.27,False
a092c6,United States,151.8,False
ad42fa,United States,48.37,False
4aca04,Sweden,70.41,False
a008ed,United States,282.77,False
a248b4,United States,55.0,False
a5f8a5,United States,49.91,False
a8dccc,United States,54.81,False
a7005c,United States,216.6,False
e49dfd,Brazil,111.04,False
440389,Austria,254.26,False
a95355,United States,1.29,True
a008fe,United States,243.07,False
addb4a,United States,1.54,True
a3b8e8,United States,72.95,False
e48ad4,Brazil,231.0,False
4aca0b,Sweden,130.3,False
4aca0d,Sweden,215.82,False
a1ae05,United States,236.51,False
4bb4f4,Turkey,216.78,False
a57041,United States,42.98,False
a84663,United States,244.87,False
a8dcb8,United States,150.73,False
7c2fe2,Australia,102.84,False
4aca65,Sweden,264.27,False
a7133f,United States,135.69,False
a88cbf,United States,77.85,False
a5e679,United States,206.39,False
a222b2,United States,234.09,False
a092ea,United States,177.9,False
a9797b,United States,37.05,False
4aca72,Sweden,218.68,False
ac370b,United States,172.1,False
a9531c,United States,54.57,False
a9b62a,United States,265.75,False
ae62fd,United States,82.26,False
76b861,Singapore,232.2,False
a7cfe6,United States,7.2,True
76b866,Singapore,71.65,False
7c2fd6,Australia,200.11,False
4aca6d,Sweden,218.35,False
a475a3,United States,231.36,False
a27e56,United States,205.63,False
ab5db8,United States,179.91,False
a2ce30,United States,9.77,True
500349,San Marino,63.92,False
a102b6,United States,44.95,False
ab0416,United States,10.8,True
a15e70,United States,103.58,False
a355b1,United States,221.26,False
a90fcb,United States,166.01,False
471fa4,Hungary,243.77,False
471fa2,Hungary,0.0,True
471fa7,Hungary,2.31,True
ab5dab,United States,187.94,False
471fa5,Hungary,237.67,False
a248f7,United States,49.78,False
471fa0,Hungary,192.82,False
a8efba,United States,244.91,False
44034b,Austria,219.98,False
471fac,Hungary,241.32,False
a5c051,United States,66.4,False
a88ccf,United States,192.59,False
ac3731,United States,228.76,False
a72692,United States,135.14,False
a27e50,United States,196.65,False
c81c33,New Zealand,49.18,False
4aca4f,Sweden,210.8,False
a26b24,United States,0.32,True
8015c1,India,221.51,False
ad68ba,United States,201.84,False
ab15ba,United States,261.9,False
a2ce7d,United States,285.86,False
a51b58,United States,183.5,False
e0744b,Argentina,239.34,False
47b1dc,Norway,256.03,False
a3a5fc,United States,245.45,False
ac48f2,United States,240.02,False
a582bb,United States,173.56,False
a4fb2f,United States,194.0,False
ab4b34,United States,215.12,False
c81c56,New Zealand,50.34,False
a39e7d,United States,181.79,False
e07459,Argentina,39.65,False
8015a4,India,239.92,False
a63b47,United States,137.12,False
a88e45,United States,254.95,False
ab02c4,United States,61.24,False
ab5e6c,United States,238.83,False
8015a5,India,240.21,False
a9a397,United States,217.28,False
a26b4a,United States,181.09,False
a64e7e,United States,142.62,False
ab4b51,United States,51.74,False
a63b58,United States,101.31,False
c07cae,Canada,71.98,False
ad68e9,United States,47.47,False
a64e88,United States,41.48,False
a9538b,United States,232.08,False
ac7e6d,United States,208.89,False
c06a9b,Canada,198.66,False
e0b149,Argentina,227.85,False
a3b8f5,United States,267.17,False
885306,Thailand,236.88,False
abae62,United States,292.4,False
0ac3b5,Colombia,49.54,False
410fe2,United Kingdom,128.97,False
7c0a5d,Australia,13.58,False
c06a8d,Canada,217.59,False
873312,Japan,265.3,False
0d1179,Mexico,40.68,False
ac22bf,United States,80.2,False
a3a5d9,United States,260.64,False
781a7a,China,279.11,False
0d116b,Mexico,3.6,True
3c4ad9,Germany,281.28,False
a9536a,United States,99.5,False
3c4ad7,Germany,1.03,True
acce75,United States,248.1,False
a3a5cf,United States,184.55,False
3cf106,Germany,218.56,False
ac7e8a,United States,4.89,True
a52e50,United States,243.05,False
a64e2a,United States,224.69,False
c81c9e,New Zealand,0.0,True
a52e54,United States,207.65,False
a52e4f,United States,132.26,False
a5f8e4,United States,200.99,False
a4d8dd,United States,49.73,False
ad9e7c,United States,230.39,False
a63b04,United States,184.47,False
abae8f,United States,201.09,False
873334,Japan,232.83,False
a52e5b,United States,1.29,True
885313,Thailand,255.09,False
4401e2,Austria,231.12,False
adece7,United States,52.69,False
e48b64,Brazil,171.83,False
e48b66,Brazil,161.8,False
a0f73c,United States,186.92,False
e48b65,Brazil,120.04,False
a3571c,United States,174.03,False
aae381,United States,255.48,False
4bc853,Turkey,242.31,False
adeccf,United States,71.61,False
a11762,United States,160.43,False
4401d1,Austria,195.73,False
ad3042,United States,44.8,False
a0e431,United States,257.46,False
a99b79,United States,49.33,False
34454b,Spain,52.22,False
a1ada6,United States,147.03,False
ada669,United States,193.19,False
34454a,Spain,214.54,False
c021e7,Canada,30.29,False
a99b83,United States,213.91,False
739347,Israel,217.54,False
a35725,United States,21.61,False
a14ab2,United States,4.63,True
aa92fb,United States,251.36,False
0d112a,Mexico,241.39,False
c06a7f,Canada,196.36,False
c06a7d,Canada,218.96,False
ada699,United States,156.39,False
c06a7a,Canada,226.15,False
70204b,Bangladesh,229.77,False
ad4395,United States,211.57,False
0d113b,Mexico,106.63,False
ad4390,United States,196.78,False
4bc845,Turkey,217.38,False
4bc846,Turkey,247.98,False
4bc841,Turkey,227.04,False
0d1151,Mexico,191.89,False
ab5e04,United States,39.0,False
0d1154,Mexico,209.6,False
a3edaa,United States,229.29,False
a35701,United States,260.14,False
a0f735,United States,292.39,False
c06a82,Canada,203.82,False
aa92f8,United States,5.92,True
4bc88c,Turkey,222.84,False
abf06f,United States,40.3,False
a08153,United States,41.78,False
ab28aa,United States,119.91,False
a1f116,United States,138.7,False
a9c8e5,United States,89.71,False
a582f9,United States,202.92,False
a5d2d4,United States,252.35,False
a8de56,United States,234.43,False
a51b93,United States,166.23,False
a4773f,United States,50.91,False
a40dbb,United States,189.61,False
ad4397,United States,241.38,False
a9eb15,United States,45.27,False
a9eb19,United States,48.78,False
a63b81,United States,53.22,False
a39dca,United States,186.34,False
c021a4,Canada,46.27,False
ab28d7,United States,234.35,False
a6f2b7,United States,150.94,False
a39dd0,United States,241.33,False
ac7e15,United States,7.46,True
c81bb3,New Zealand,132.48,False
a22432,United States,59.62,False
4bc884,Turkey,234.3,False
4bc881,Turkey,229.46,False
4bc882,Turkey,251.4,False
c07d88,Canada,31.08,False
a4771b,United States,261.01,False
344501,Spain,120.08,False
aaf5a9,United States,258.5,False
4bc885,Turkey,239.53,False
702034,Bangladesh,241.45,False
4bb563,Turkey,228.4,False
4bb564,Turkey,214.9,False
a75b5e,United States,262.51,False
ab15c6,United States,59.92,False
a14ad1,United States,0.51,True
a14ad4,United States,8.23,True
73806e,Israel,235.0,False
44008f,Austria,248.9,False
a98909,United States,227.71,False
a4996b,United States,251.41,False
a0f355,United States,251.68,False
c2b053,Canada,117.04,False
73806f,Israel,255.45,False
a1bcda,United States,87.71,False
a61627,United States,82.85,False
a48649,United States,59.92,False
a0f33a,United States,156.69,False
a4d624,United States,124.51,False
a35336,United States,259.59,False
a2467a,United States,96.75,False
44007c,Austria,7.72,True
a0e037,United States,41.39,False
a54ff9,United States,171.96,False
a86908,United States,262.53,False
a8b914,United States,129.52,False
ac4727,United States,59.59,False
ab2752,United States,192.34,False
a3fcd6,United States,203.49,False
738061,Israel,271.07,False
738060,Israel,245.64,False
738065,Israel,0.0,False
738064,Israel,230.95,False
a49951,United States,205.2,False
738063,Israel,244.32,False
c07b05,Canada,140.5,False
ab274c,United States,233.13,False
a37979,United States,134.82,False
80184e,India,247.23,False
c058cd,Canada,235.94,False
ab2760,United States,266.05,False
a3fce7,United States,251.98,False
a5f624,United States,36.53,False
a5f629,United States,39.08,False
a3661a,United States,9.26,True
a48611,United States,69.13,False
738075,Israel,252.89,False
a1cfda,United States,48.66,False
a36636,United States,248.57,False
a73627,United States,110.95,False
73806a,Israel,246.62,False
a66fdc,United States,37.27,False
4bb46f,Turkey,3.09,True
a35373,United States,198.16,False
c03397,Canada,64.83,False
adb723,United States,225.59,False
3c4a12,Germany,260.2,False
3c4a11,Germany,264.59,False
3c4a10,Germany,149.22,False
45202b,Bulgaria,240.19,False
a89d8b,United States,99.68,False
aa0701,United States,190.98,False
3c4a0f,Germany,232.72,False
abaaa8,United States,241.93,False
3c4a0d,Germany,246.63,False
a04e00,United States,216.23,False
738050,Israel,208.37,False
738054,Israel,250.59,False
440053,Austria,163.49,False
738052,Israel,0.0,False
738057,Israel,262.55,False
a22062,United States,60.54,False
738056,Israel,0.0,False
738055,Israel,238.85,False
ac7aa9,United States,209.9,False
8a04f7,Indonesia,254.85,False
e48b00,Brazil,182.0,False
70209a,Bangladesh,263.44,False
e48b01,Brazil,237.43,False
ae7412,United States,59.63,False
484fdf,Kingdom of the Netherlands,152.21,False
a3401a,United States,219.98,False
440083,Austria,210.51,False
ad675e,United States,52.99,False
73934d,Israel,238.44,False
452051,Bulgaria,167.53,False
a1bcf5,United States,42.58,False
ac7ad3,United States,72.62,False
a2dce1,United States,272.64,False
ae7405,United States,44.27,False
abbdf7,United States,70.72,False
c02070,Canada,56.6,False
e80046,Chile,3.6,True
440075,Austria,221.04,False
ab013a,United States,128.89,False
e80045,Chile,227.5,False
70209f,Bangladesh,190.04,False
e80048,Chile,136.87,False
e80047,Chile,83.28,False
ab013c,United States,225.97,False
70209e,Bangladesh,272.21,False
aa3b92,United States,75.5,False
a9d7ec,United States,53.23,False
e0b04f,Argentina,95.98,False
c04688,Canada,225.7,False
c04681,Canada,226.58,False
440019,Austria,188.51,False
a005b4,United States,54.01,False
ae1e4f,United States,113.09,False
adfe51,United States,114.31,False
a9c62b,United States,39.61,False
acde67,United States,54.29,False
a8b981,United States,111.85,False
a89ccc,United States,216.57,False
ae1e62,United States,95.75,False
a6f00d,United States,177.88,False
a9c631,United States,209.34,False
a59398,United States,0.0,True
ae1e55,United States,73.65,False
a258b7,United States,11.83,True
a97675,United States,182.91,False
a3539d,United States,3.86,True
a9b317,United States,42.62,False
aa9143,United States,0.0,True
a8b964,United States,197.73,False
ae1e6f,United States,66.97,False
c02045,Canada,69.62,False
440039,Austria,0.0,True
a4b065,United States,299.83,False
aa3ae9,United States,198.7,False
ac32f2,United States,81.64,False
ab5b8c,United States,253.41,False
ad9b5e,United States,113.04,False
ad52bb,United States,36.96,False
a0e098,United States,212.77,False
a5e395,United States,118.97,False
492908,Portugal,177.49,False
e8cfcf,Peru,223.41,False
adfe4b,United States,122.59,False
aa9136,United States,237.13,False
aa3ae2,United States,257.45,False
440030,Austria,107.23,False
a5807d,United States,73.45,False
44001f,Austria,127.42,False
44001e,Austria,251.56,False
a35388,United States,178.9,False
44001b,Austria,238.66,False
8960f6,United Arab Emirates,236.19,False
a2de24,United States,246.47,False
ac7b8a,United States,216.46,False
a8a614,United States,35.52,False
adfe95,United States,115.24,False
adfe94,United States,124.45,False
adfe93,United States,145.54,False
a04e6c,United States,64.51,False
adfe90,United States,148.32,False
a04e6f,United States,248.76,False
a1be41,United States,58.08,False
a03b50,United States,206.12,False
a53cf6,United States,35.83,False
a16e72,United States,298.86,False
ae1e7d,United States,93.97,False
a53cec,United States,37.61,False
a258ed,United States,219.46,False
a2de17,United States,84.65,False
a78fcf,United States,4.63,True
a04e7c,United States,46.04,False
a91fcf,United States,49.68,False
a46094,United States,164.38,False
3c4a8b,Germany,0.64,True
a96305,United States,90.87,False
a90cb0,United States,201.63,False
3c4a8c,Germany,253.99,False
a03b67,United States,182.05,False
c03330,Canada,3.86,True
e4a688,Brazil,80.47,False
a005d8,United States,55.92,False
a15b05,United States,253.42,False
c0332c,Canada,219.18,False
a5d007,United States,1.29,True
8960d9,United Arab Emirates,121.41,False
a97608,United States,216.61,False
8960e7,United Arab Emirates,172.68,False
ae1e9e,United States,154.34,False
a5d00a,United States,51.62,False
a6034a,United States,65.85,False
a005da,United States,84.16,False
adfe99,United States,122.89,False
c03329,Canada,259.83,False
aa0759,United States,175.9,False
ab271f,United States,210.59,False
aa3b05,United States,5.92,True
aa3b04,United States,37.84,False
a1ab52,United States,24.11,False
a39b39,United States,216.17,False
a03b91,United States,245.56,False
a748bc,United States,245.48,False
781b4b,China,152.81,False
a03b8e,United States,36.58,False
a1be72,United States,68.24,False
c81b2a,New Zealand,37.86,False
a03b8d,United States,29.81,False
a95094,United States,169.69,False
a40b12,United States,61.84,False
a27b58,United States,108.7,False
a2de46,United States,216.19,False
405631,United Kingdom,152.62,False
a2cb14,United States,267.85,False
abbe16,United States,57.62,False
a4e8ef,United States,73.85,False
a125f9,United States,233.79,False
a9638b,United States,49.92,False
a7ce03,United States,42.9,False
896118,United Arab Emirates,253.04,False
a365b7,United States,251.54,False
a615d0,United States,214.64,False
a41e29,United States,128.11,False
ac8e1d,United States,148.15,False
a0f2c6,United States,51.94,False
a365ae,United States,143.31,False
345583,Spain,236.94,False
a9c66a,United States,128.41,False
8003f3,India,3.6,True
a9768a,United States,191.82,False
471d62,Hungary,244.75,False
e49caa,Brazil,207.02,False
471d67,Hungary,243.15,False
471d65,Hungary,242.8,False
a232fd,United States,50.13,False
ab12b0,United States,108.61,False
ac45ac,United States,231.19,False
a8303f,United States,55.82,False
a2cb5e,United States,37.36,False
ab5b2b,United States,0.0,True
a12709,United States,270.95,False
a5e39d,United States,110.73,False
a2de7e,United States,215.28,False
ac8e53,United States,198.99,False
471d5b,Hungary,141.08,False
a9d97a,United States,41.7,False
ab25ed,United States,55.03,False
a3c8cb,United States,96.73,False
a9766c,United States,209.91,False
a472ac,United States,40.56,False
ad9b28,United States,170.95,False
ab5b4b,United States,52.46,False
acde3d,United States,112.48,False
a53e35,United States,182.63,False
a9767b,United States,88.57,False
a3c8da,United States,86.6,False
ab5b66,United States,289.76,False
a39b56,United States,181.38,False
a96361,United States,48.12,False
c05909,Canada,90.58,False
a9b338,United States,9.27,False
abab34,United States,245.77,False
ab6e8b,United States,32.72,False
a77e97,United States,176.18,False
a12734,United States,243.99,False
ab0039,United States,150.27,False
a12735,United States,119.87,False
a7ce70,United States,52.97,False
aed61d,United States,36.12,False
a40b9d,United States,87.43,False
a9c5c5,United States,254.61,False
abbce5,United States,214.02,False
a8ee4d,United States,139.55,False
7cb05c,Australia,0.39,True
7cb05d,Australia,5.14,True
a77e8f,United States,178.16,False
ac8ce9,United States,179.71,False
abbce1,United States,54.57,False
c1ea00,Canada,6.94,True
a90e6e,United States,47.51,False
a3eb9c,United States,47.66,False
ad4010,United States,56.55,False
a24727,United States,137.4,False
acdcc0,United States,203.35,False
a88b2a,United States,51.32,False
801804,India,193.47,False
a24720,United States,157.52,False
7cb063,Australia,126.07,False
a40b8a,United States,65.29,False
a1272f,United States,275.16,False
aca989,United States,49.4,False
a12710,United States,279.25,False
ada336,United States,274.41,False
a8ee45,United States,28.07,False
e4a4b1,Brazil,244.48,False
a842e7,United States,213.18,False
ac2038,United States,286.45,False
738100,Israel,237.97,False
a8ee40,United States,36.77,False
ac335b,United States,90.57,False
adb653,United States,188.66,False
89618d,United Arab Emirates,246.68,False
a12723,United States,25.31,False
c031ba,Canada,123.57,False
adb656,United States,283.51,False
3c4b23,Germany,270.22,False
a7ce87,United States,42.7,False
c031c9,Canada,157.16,False
3c4b21,Germany,241.34,False
a90e68,United States,45.0,False
ad533d,United States,109.43,False
e4a4a3,Brazil,112.67,False
a1270b,United States,237.02,False
a1270f,United States,100.78,False
a7ce6c,United States,44.67,False
ac337e,United States,283.89,False
a89e2b,United States,59.59,False
a12777,United States,197.42,False
aa05f6,United States,179.1,False
a988d1,United States,3.6,True
a24757,United States,11.32,True
a602ab,United States,209.58,False
a735d7,United States,227.19,False
c07a08,Canada,30.05,False
adfcdf,United States,128.25,False
a8b8d6,United States,106.64,False
adb680,United States,193.93,False
3e3033,Germany,15.43,True
a5f5bf,United States,274.97,False
a868cb,United States,7.2,True
a23434,United States,50.73,False
a602be,United States,56.0,False
a868d2,United States,43.01,False
ab38a1,United States,186.48,False
a988da,United States,29.84,False
a35409,United States,271.71,False
a855a6,United States,10.29,True
ad5398,United States,208.59,False
c044bc,Canada,87.38,False
a12755,United States,181.11,False
a12758,United States,165.79,False
a602cd,United States,214.25,False
ab6e05,United States,68.75,False
aa18ea,United States,286.91,False
a16dc3,United States,171.37,False
c044be,Canada,92.92,False
a722b1,United States,105.98,False
a4c2f9,United States,52.55,False
ab38aa,United States,251.29,False
4bb439,Turkey,239.1,False
a65e8c,United States,44.35,False
801823,India,4.12,True
a868f7,United States,205.68,False
ab2855,United States,0.0,True
a24796,United States,120.7,False
a9fb92,United States,224.8,False
ab151d,United States,61.51,False
c059cb,Canada,234.65,False
ab1534,United States,71.43,False
7c7570,Australia,7.72,True
3c00af,Germany,225.54,False
ab1533,United States,53.56,False
a0f46f,United States,256.53,False
ab5bb1,United States,218.16,False
a34119,United States,12.86,True
a58103,United States,258.37,False
a77dae,United States,199.13,False
a12796,United States,52.03,False
a0e124,United States,169.7,False
a84404,United States,64.31,False
a1144e,United States,45.13,False
a1277b,United States,4.37,True
a4c439,United States,58.28,False
c059db,Canada,176.37,False
a47408,United States,57.65,False
a2ddac,United States,189.13,False
a28de3,United States,219.96,False
a24789,United States,225.91,False
ac8ee5,United States,132.28,False
a24782,United States,187.0,False
a4d773,United States,39.37,False
a0f44c,United States,209.92,False
ab5bd4,United States,265.14,False
ac486a,United States,232.15,False
ae1ec6,United States,119.32,False
ab6efc,United States,259.03,False
abbee3,United States,256.22,False
440179,Austria,217.02,False
440184,Austria,159.1,False
e49d1a,Brazil,97.13,False
ae1eb7,United States,59.36,False
a34154,United States,188.12,False
ae1eb3,United States,111.05,False
a9b2e0,United States,0.0,True
a7bb77,United States,200.25,False
45213d,Bulgaria,220.48,False
a3413f,United States,56.67,False
440175,Austria,71.82,False
a842f8,United States,198.34,False
440171,Austria,207.84,False
440170,Austria,184.01,False
ac3558,United States,172.42,False
ad684f,United States,147.45,False
ac4888,United States,87.16,False
a9fb4e,United States,232.91,False
ad6884,United States,287.04,False
7c6276,Australia,116.64,False
a09188,United States,0.0,True
ad9bc8,United States,239.4,False
adfed5,United States,67.66,False
adfed4,United States,53.52,False
acdef1,United States,54.13,False
adfed2,United States,78.43,False
a39ada,United States,244.7,False
a22155,United States,48.69,False
440198,Austria,205.65,False
adfed1,United States,56.86,False
300a9d,Italy,260.97,False
a90e8f,United States,57.35,False
a53db2,United States,57.69,False
a2479f,United States,69.97,False
ac8efa,United States,290.48,False
a8db55,United States,221.41,False
ab0261,United States,0.0,True
a35463,United States,101.49,False
adfec1,United States,182.72,False
ac7bf8,United States,255.54,False
a53dac,United States,183.14,False
a8db4d,United States,53.62,False
ab025c,United States,93.27,False
440193,Austria,3.34,True
acdee3,United States,58.73,False
acdee4,United States,44.39,False
452169,Bulgaria,241.32,False
a36799,United States,255.97,False
ac20c4,United States,201.89,False
471dbd,Hungary,0.0,True
ab00ce,United States,100.37,False
c02141,Canada,141.64,False
471dbe,Hungary,285.08,False
47873f,Norway,68.05,False
a9b41d,United States,46.96,False
e4a549,Brazil,213.62,False
471dbc,Hungary,220.52,False
ab5c93,United States,75.83,False
a5949e,United States,250.87,False
aae0d3,United States,59.68,False
a3c9a3,United States,52.02,False
471dc0,Hungary,235.91,False
44012f,Austria,232.14,False
8018a8,India,167.63,False
abac67,United States,52.18,False
452112,Bulgaria,230.33,False
0d12f1,Mexico,213.39,False
e4a533,Brazil,146.59,False
a28f12,United States,261.82,False
a8a785,United States,229.18,False
ab00df,United States,45.19,False
ab00de,United States,0.0,True
a4616b,United States,54.37,False
a9644c,United States,35.56,False
c04794,Canada,150.55,False
440128,Austria,3.09,True
8a0536,Indonesia,219.96,False
c0478d,Canada,0.0,True
a04f5f,United States,50.93,False
abbf9a,United States,5.66,True
a97797,United States,233.1,False
a126c7,United States,53.31,False
c02137,Canada,127.71,False
a9a103,United States,77.71,False
8018b7,India,225.38,False
452101,Bulgaria,109.65,False
aae0db,United States,132.66,False
ac20e7,United States,213.95,False
acdf9a,United States,223.07,False
e4a526,Brazil,233.86,False
a9c737,United States,199.02,False
adec63,United States,47.43,False
300a62,Italy,3.09,True
ae0c5e,United States,62.42,False
a22195,United States,0.0,False
a6049b,United States,186.17,False
471da8,Hungary,253.24,False
a40afd,United States,81.41,False
a9b402,United States,172.15,False
c03487,Canada,220.47,False
4bd8ac,Turkey,170.3,False
a3549d,United States,134.96,False
adff78,United States,211.28,False
471db8,Hungary,249.42,False
471db9,Hungary,231.26,False
a139d8,United States,33.68,False
452124,Bulgaria,255.65,False
a9b411,United States,67.49,False
471db3,Hungary,237.19,False
a499e1,United States,87.49,False
c07aa4,Canada,210.94,False
7c0bae,Australia,127.94,False
a6add1,United States,40.26,False
ab2819,United States,122.85,False
7c7542,Australia,0.0,True
a1ac38,United States,37.33,False
a4b125,United States,236.87,False
a41f37,United States,190.73,False
ab280a,United States,38.39,False
8005b9,India,244.46,False
781aa6,China,215.55,False
7020ab,Bangladesh,259.75,False
781aa8,China,228.86,False
a61797,United States,1.54,True
a6177c,United States,32.54,False
ae73ec,United States,62.67,False
a16f88,United States,46.37,False
a4b136,United States,52.4,False
a7cda7,United States,42.92,False
a64ad1,United States,53.57,False
a379dd,United States,244.76,False
e4a582,Brazil,142.87,False
ab6ea5,United States,289.25,False
a28f48,United States,258.44,False
c04787,Canada,167.11,False
440118,Austria,157.48,False
440115,Austria,200.51,False
a379d3,United States,174.95,False
a5e44c,United States,137.59,False
7020c2,Bangladesh,207.02,False
c07abf,Canada,28.13,False
a246b8,United States,140.01,False
a379cd,United States,156.84,False
a6045d,United States,269.65,False
a85762,United States,26.68,False
781ac5,China,228.52,False
440107,Austria,144.6,False
ac481d,United States,295.88,False
e49bff,Brazil,234.61,False
a259ec,United States,42.63,False
c0475f,Canada,0.06,True
a4c492,United States,237.77,False
a83108,United States,253.75,False
aa4ee9,United States,0.0,True
00a097,South Africa,0.0,True
a126e7,United States,270.1,False
a6adda,United States,55.77,False
a46192,United States,93.65,False
4bb2a3,Turkey,237.25,False
a499a0,United States,78.71,False
a7cf10,United States,161.54,False
a233f0,United States,68.94,False
a3ff5d,United States,19.03,True
a39c62,United States,206.48,False
aca9b6,United States,179.24,False
a41f6c,United States,9.26,True
a869bc,United States,223.57,False
a77f2d,United States,292.99,False
a090f4,United States,57.53,False
ab39f0,United States,180.6,False
c81a02,New Zealand,55.6,False
abbf11,United States,151.6,False
a53f5b,United States,6.43,True
a989c1,United States,244.36,False
a2cc46,United States,160.87,False
aa3c14,United States,81.13,False
a2cc45,United States,159.1,False
ab39eb,United States,6.43,True
a486cc,United States,215.06,False
a8b9c0,United States,171.54,False
a353d2,United States,244.96,False
a749d9,United States,58.08,False
a3ff89,United States,67.49,False
ab5c26,United States,0.0,True
a603a2,United States,45.7,False
a27c78,United States,228.21,False
a1bf6d,United States,29.33,False
8017e5,India,4.12,True
ac46c3,United States,270.49,False
aa06b7,United States,282.26,False
ac7c0a,United States,67.74,False
a28f7d,United States,9.26,True
a6af55,United States,108.61,False
a353af,United States,229.32,False
ad79e8,United States,1.8,True
4892c1,Poland,215.22,False
a15c80,United States,140.98,False
8017f7,India,254.74,False
ac33a3,United States,294.58,False
aca9c2,United States,0.0,True
a89f22,United States,46.33,False
a28f80,United States,181.46,False
a76c0f,United States,61.81,False
ad79eb,United States,244.09,False
a53f20,United States,226.29,False
a3c9e2,United States,215.88,False
aa19ac,United States,117.61,False
a9648d,United States,38.56,False
a52c03,United States,27.8,False
ac33c4,United States,172.45,False
89620a,United Arab Emirates,255.31,False
a40c6c,United States,0.0,True
896215,United Arab Emirates,275.25,False
a40c6a,United States,193.05,False
a95173,United States,234.98,False
ab5c69,United States,262.57,False
a65f19,United States,194.18,False
7380c2,Israel,262.68,False
7380c1,Israel,220.59,False
7380c0,Israel,267.04,False
7380c5,Israel,237.29,False
a9778d,United States,261.38,False
7380c3,Israel,8.75,True
ac8f7d,United States,57.77,False
a9b43f,United States,0.0,True
a52c0c,United States,118.14,False
a2df8f,United States,42.58,False
ac7c52,United States,0.77,True
4785bf,Norway,0.0,True
e08594,Argentina,214.1,False
a9b445,United States,196.92,False
344345,Spain,221.71,False
a100fe,United States,49.7,False
a3ff61,United States,225.76,False
a8dae8,United States,140.88,False
a96481,United States,60.65,False
ae0c27,United States,45.97,False
7380ca,Israel,180.41,False
a710d4,United States,62.35,False
ad9ac9,United States,281.08,False
ac212d,United States,239.86,False
abbdfa,United States,264.75,False
a9fc34,United States,261.37,False
a963cd,United States,26.34,False
ad5460,United States,192.58,False
a5d0be,United States,130.5,False
a16ec2,United States,1.03,True
a7bc58,United States,74.38,False
adfdc8,United States,131.44,False
a76c79,United States,283.41,False
a15ba8,United States,89.04,False
840a64,Japan,280.76,False
4785c1,Norway,117.9,False
345646,Spain,189.08,False
345642,Spain,246.53,False
ad4123,United States,238.91,False
ad6782,United States,125.87,False
345645,Spain,63.29,False
471e26,Hungary,42.18,True
a8ef4d,United States,37.78,False
adb782,United States,235.57,False
ae7458,United States,226.88,False
ac2154,United States,268.03,False
e49c29,Brazil,83.65,False
abaadd,United States,197.27,False
a04ebe,United States,38.98,False
a3a503,United States,230.2,False
3c4a02,Germany,275.01,False
ab017b,United States,198.77,False
ac2173,United States,193.24,False
a3a509,United States,229.67,False
840a7c,Japan,0.0,True
852a68,Japan,90.0,False
a8dc45,United States,210.98,False
a8ef2b,United States,56.36,False
a0e220,United States,153.84,False
89627b,United Arab Emirates,269.59,False
a5f6ef,United States,28.85,False
c07b0a,Canada,266.08,False
a976c7,United States,244.63,False
a23547,United States,77.17,False
a8b9e8,United States,125.15,False
47c39c,Norway,123.61,False
aa90a0,United States,263.12,False
a580c3,United States,62.45,False
abaafe,United States,137.42,False
e49c7f,Brazil,119.42,False
345615,Spain,73.05,False
a10235,United States,80.1,False
a34201,United States,255.55,False
a3ec7b,United States,66.93,False
a10231,United States,178.32,False
a28eee,United States,89.24,False
a7cf44,United States,125.13,False
accaf4,United States,71.52,False
a736e5,United States,48.38,False
a3ec93,United States,112.68,False
a1288b,United States,261.36,False
a28ee7,United States,225.27,False
a52c92,United States,147.07,False
a1bee0,United States,251.57,False
a12879,United States,31.9,False
a976a5,United States,274.32,False
a89f80,United States,0.0,True
a7bc44,United States,43.71,False
a856f3,United States,52.93,False
a90f39,United States,56.48,False
c045f1,Canada,190.94,False
ab39cb,United States,66.93,False
0d000f,Mexico,259.53,False
a89f69,United States,193.0,False
4bb322,Turkey,243.73,False
a4c3fe,United States,52.39,False
a76c4f,United States,47.43,False
a4c3ff,United States,50.48,False
ab39e3,United States,69.36,False
a989df,United States,43.32,False
a76c61,United States,64.11,False
a36834,United States,28.78,False
781bf7,China,224.77,False
aac10d,United States,195.27,False
a5867f,United States,196.17,False
aa8477,United States,134.64,False
acbdd7,United States,88.54,False
ac5ab7,United States,293.37,False
a02e0a,United States,114.67,False
3b05ff,France,0.0,True
a8496e,United States,8.75,True
c012ae,Canada,135.37,False
7cc679,Australia,29.49,False
a2007c,United States,251.29,False
a87cb5,United States,46.37,False
c012a5,Canada,211.16,False
3451d5,Spain,186.84,False
3451d6,Spain,152.32,False
a57379,United States,103.35,False
ac011d,United States,289.99,False
a96988,United States,63.77,False
a70333,United States,0.77,True
ad2103,United States,52.83,False
aac136,United States,242.31,False
a32056,United States,214.7,False
adddd5,United States,247.52,False
a56050,United States,232.47,False
c05b4c,Canada,114.35,False
adddd2,United States,89.91,False
ad476f,United States,40.01,False
a1f36d,United States,58.12,False
ab3aeb,United States,49.94,False
a3203b,United States,196.36,False
a45353,United States,203.44,False
a4400d,United States,27.8,False
ad3445,United States,72.75,False
a0c075,United States,236.77,False
8962e6,United Arab Emirates,5.92,True
8962e5,United Arab Emirates,255.49,False
3d7b2a,Germany,44.19,False
abe131,United States,74.38,False
a87cbe,United States,271.31,False
aa7108,United States,54.77,False
c06e84,Canada,51.49,False
020105,Morocco,215.59,False
a32038,United States,238.48,False
ac5ada,United States,205.44,False
c012bd,Canada,253.49,False
a1e045,United States,182.22,False
a4798f,United States,68.43,False
a3dcd6,United States,226.04,False
aad498,United States,85.0,False
a4c96c,United States,293.9,False
a26e29,United States,153.31,False
abe147,United States,251.15,False
a2be06,United States,217.81,False
a13b10,United States,131.12,False
ad212a,United States,227.51,False
738289,Israel,207.26,False
738287,Israel,237.13,False
738286,Israel,0.0,True
a5d623,United States,256.71,False
c038cc,Canada,263.81,False
ac148f,United States,230.72,False
4bb28e,Turkey,208.46,False
c06e17,Canada,146.46,False
acaad6,United States,115.02,False
a0f8cb,United States,187.86,False
ac015f,United States,8.23,True
abf480,United States,59.22,False
ab19a7,United States,195.09,False
ac5afd,United States,205.03,False
a02e72,United States,58.1,False
44cdcf,Belgium,0.0,True
aac189,United States,204.93,False
a58672,United States,263.82,False
a87ca9,United States,33.85,False
ad214c,United States,34.28,False
a5d648,United States,214.76,False
a238a6,United States,198.01,False
abf499,United States,70.03,False
aa8404,United States,231.94,False
a75cc7,United States,68.81,False
4066ce,United Kingdom,245.17,False
a5c31b,United States,207.63,False
ab19af,United States,45.39,False
acaaf9,United States,52.0,False
acaaf5,United States,210.97,False
ad2169,United States,40.77,False
a76fe9,United States,215.37,False
ad2167,United States,31.7,False
a51e24,United States,298.3,False
896409,United Arab Emirates,262.22,False
896401,United Arab Emirates,248.03,False
896408,United Arab Emirates,269.79,False
a01b5c,United States,0.06,True
adcb79,United States,48.53,False
a728a7,United States,228.36,False
a728a8,United States,6.69,True
adde9b,United States,280.19,False
ad32fd,United States,138.97,False
a7f051,United States,49.09,False
a6e38d,United States,117.47,False
a3a8df,United States,195.19,False
a345b5,United States,50.41,False
7c7611,Australia,2.57,False
adde95,United States,281.42,False
a3a8f5,United States,164.5,False
ab0730,United States,39.67,False
a7f080,United States,60.39,False
a728c1,United States,6.43,True
a082ac,United States,5.66,False
c038ac,Canada,203.19,False
7cfa93,Australia,240.53,False
a082d2,United States,52.27,False
a9300b,United States,43.73,False
a465df,United States,236.17,False
02012b,Morocco,213.79,False
a9ffeb,United States,223.61,False
a9ecc7,United States,47.43,False
a2be6d,United States,0.45,True
345299,Spain,260.46,False
a87cf9,United States,128.1,False
a87cf4,United States,113.39,False
aae751,United States,46.43,False
ab0769,United States,72.65,False
a9ecd7,United States,56.27,False
a8233a,United States,3.6,True
ac2747,United States,209.69,False
a1f2cd,United States,52.38,False
7c764d,Australia,221.73,False
4bb1a4,Turkey,281.28,False
aae757,United States,227.47,False
a9697f,United States,52.3,False
a38e69,United States,147.58,False
a7f02d,United States,188.57,False
a26e90,United States,60.15,False
ad3401,United States,85.71,False
4c2d40,Serbia,185.34,False
a8103e,United States,229.14,False
a25b66,United States,295.42,False
84c43e,Japan,8.23,True
ad340d,United States,209.66,False
e0a2c4,Argentina,136.49,False
ad340b,United States,49.91,False
02013c,Morocco,222.82,False
a25b3b,United States,240.69,False
a25b3f,United States,216.63,False
abf421,United States,79.55,False
a70397,United States,53.66,False
ad4747,United States,202.38,False
a8102a,United States,224.68,False
ab9126,United States,42.2,False
020145,Morocco,232.83,False
a8dffc,United States,154.23,False
a6f69f,United States,3.86,True
345385,Spain,193.07,False
a87e4d,United States,54.97,False
8005f1,India,275.05,False
acab11,United States,197.76,False
40672e,United Kingdom,238.57,False
780a63,China,267.67,False
ad45c3,United States,98.37,False
aa82cd,United States,1.29,True
8005f0,India,141.17,False
a968f8,United States,168.58,False
acbe3c,United States,250.37,False
896372,United Arab Emirates,256.6,False
780a66,China,257.52,False
ab4e86,United States,67.72,False
8005ef,India,275.1,False
a09728,United States,199.01,False
780a65,China,129.67,False
e80610,Chile,157.69,False
acab0e,United States,189.86,False
344043,Spain,0.0,False
acbe34,United States,212.08,False
a9ee34,United States,36.53,False
ac6e76,United States,46.44,False
781d8e,China,94.36,False
781d8d,China,295.67,False
aae5f7,United States,109.52,False
ac6e6c,United States,166.59,False
aa95ea,United States,78.12,False
a62b67,United States,0.51,False
34668c,Spain,231.17,False
a09737,United States,135.57,False
ad7b17,United States,257.94,False
34668b,Spain,230.54,False
a848f5,United States,55.26,False
ac5b43,United States,11.83,True
a2ab80,United States,159.44,False
ac12d5,United States,33.03,False
ac12d6,United States,185.73,False
c02685,Canada,41.48,False
c01353,Canada,106.85,False
346692,Spain,227.5,False
a09702,United States,74.66,False
780a80,China,194.08,False
a4a2ec,United States,56.83,False
7c61c3,Australia,90.58,False
ac12be,United States,199.72,False
896354,United Arab Emirates,261.21,False
c00028,Canada,138.54,False
a2ab73,United States,263.97,False
a99e32,United States,69.52,False
a955b5,United States,212.18,False
a968e3,United States,35.5,False
a332e6,United States,110.03,False
a62b88,United States,143.47,False
780a97,China,267.16,False
a9b8aa,United States,75.01,False
a452c4,United States,276.29,False
ac5b66,United States,0.0,True
a5c2dd,United States,205.33,False
a99e01,United States,166.71,False
acbe88,United States,256.48,False
acab54,United States,0.06,True
4bb0f5,Turkey,254.89,False
aa1b22,United States,217.05,False
44ce6c,Belgium,215.97,False
a07106,United States,40.77,False
a34729,United States,102.87,False
a7f08e,United States,200.37,False
c07fbb,Canada,227.45,False
a02dda,United States,0.0,True
a62b14,United States,52.08,False
c07fb4,Canada,226.95,False
a7f096,United States,144.87,False
ac5b89,United States,253.44,False
c07fb0,Canada,71.26,False
a5d5c8,United States,203.66,False
adde4c,United States,57.53,False
a01ac7,United States,99.2,False
02019d,Morocco,226.4,False
02019c,Morocco,75.62,False
a01ac4,United States,79.46,False
a968bb,United States,154.44,False
c07fb8,Canada,219.84,False
c07fb9,Canada,0.0,True
896304,United Arab Emirates,254.82,False
a5c2a5,United States,64.62,False
abf2ea,United States,204.45,False
346648,Spain,235.63,False
345314,Spain,219.95,False
406753,United Kingdom,223.75,False
406752,United Kingdom,202.28,False
406755,United Kingdom,200.9,False
4bb0e4,Turkey,203.42,False
a715c6,United States,0.0,True
a02dd2,United States,31.53,False
ae52ca,United States,49.48,False
adcb43,United States,32.21,False
a6f5b5,United States,135.47,False
89630c,United Arab Emirates,254.73,False
89630b,United Arab Emirates,247.28,False
a37aa3,United States,223.07,False
aa9721,United States,78.63,False
abf396,United States,192.55,False
c80daf,New Zealand,42.26,False
a5d705,United States,57.79,False
0200ef,Morocco,226.69,False
a38dd8,United States,210.59,False
0200ed,Morocco,224.83,False
ac006d,United States,76.25,False
ab18ac,United States,45.8,False
34660f,Spain,181.84,False
34660e,Spain,202.81,False
34660b,Spain,76.66,False
a1078a,United States,60.84,False
abe075,United States,278.74,False
a0d456,United States,46.93,False
346614,Spain,164.0,False
4ab825,Sweden,222.31,False
a75da2,United States,229.63,False
346603,Spain,284.59,False
a69419,United States,8.23,True
ad2095,United States,273.19,False
ab4e1a,United States,50.73,False
a9db62,United States,53.75,False
a63dc7,United States,16.98,True
780a19,China,4.12,True
aaf8ba,United States,119.75,False
780a17,China,202.39,False
a37ae4,United States,247.1,False
a1f46b,United States,177.02,False
89639a,United Arab Emirates,247.05,False
a46785,United States,220.37,False
780a27,China,2.31,True
781d57,China,211.7,False
ab05c5,United States,45.47,False
780a29,China,87.72,False
780a1d,China,294.14,False
7c0d46,Australia,2.57,False
a8bb67,United States,50.87,False
aa1b94,United States,85.37,False
ab3b1d,United States,40.43,False
780a2a,China,205.96,False
800728,India,70.0,False
ab05e4,United States,53.52,False
800732,India,236.9,False
780a44,China,292.53,False
a0e78e,United States,62.3,False
a955de,United States,93.52,False
a25abe,United States,59.73,False
a37ab5,United States,220.67,False
ac25d2,United States,59.43,False
e48fb7,Brazil,237.89,False
780a3c,China,189.37,False
89505e,Brunei Darussalam,180.1,False
800737,India,278.44,False
800738,India,254.51,False
800739,India,269.96,False
800741,India,235.36,False
a32114,United States,42.34,False
a1e121,United States,141.26,False
ac6e51,United States,5.92,True
e48fb4,Brazil,239.45,False
a26f01,United States,192.29,False
c013cb,Canada,67.52,False
c013d6,Canada,200.4,False
a44166,United States,244.29,False
a6e441,United States,30.0,False
ac5bd6,United States,44.19,False
a70463,United States,198.93,False
a69463,United States,296.13,False
8830f4,Thailand,248.92,False
abf53e,United States,103.02,False
ad4890,United States,113.83,False
a4414a,United States,233.86,False
a9edaa,United States,30.87,False
c013d0,Canada,148.95,False
a69472,United States,178.88,False
4bb141,Turkey,275.76,False
a6f78a,United States,248.0,False
8963f1,United Arab Emirates,229.4,False
ac157d,United States,222.19,False
a1f48f,United States,33.07,False
e47d34,Brazil,192.39,False
ad7bdf,United States,243.37,False
abe243,United States,87.71,False
abf576,United States,147.75,False
a0719b,United States,127.78,False
8963ec,United Arab Emirates,270.45,False
a49ae3,United States,122.52,False
a95745,United States,101.76,False
ab9278,United States,89.49,False
7c779e,Australia,34.53,False
abf57b,United States,90.6,False
a7045b,United States,141.06,False
c013dc,Canada,217.35,False
a83782,United States,209.84,False
a83781,United States,259.26,False
a83787,United States,231.68,False
7c7799,Australia,193.13,False
7c7798,Australia,184.73,False
8963ff,United Arab Emirates,97.75,False
a1f496,United States,87.89,False
a01c46,United States,285.45,False
a25c13,United States,209.94,False
8963d0,United Arab Emirates,84.16,False
a01c44,United States,119.71,False
a6f737,United States,55.14,False
8963d2,United Arab Emirates,236.6,False
afb214,United States,67.91,False
a0e6c6,United States,276.79,False
a37c00,United States,59.22,False
a4eaa2,United States,67.74,False
8963d9,United Arab Emirates,268.35,False
8963d8,United Arab Emirates,261.17,False
a239e0,United States,154.07,False
c05c0e,Canada,188.94,False
8963e2,United Arab Emirates,282.66,False
a13c2d,United States,80.58,False
a63de2,United States,172.11,False
a26f37,United States,250.01,False
a359c2,United States,242.96,False
8963cf,United Arab Emirates,265.57,False
8963ce,United Arab Emirates,266.71,False
a5610b,United States,53.68,False
c026b7,Canada,27.18,False
4bb189,Turkey,298.37,False
aa1bb7,United States,211.93,False
4bb188,Turkey,226.97,False
8963dd,United Arab Emirates,262.53,False
a44197,United States,173.99,False
4bb186,Turkey,265.8,False
4bb182,Turkey,221.45,False
a226c5,United States,76.66,False
a359bc,United States,204.84,False
abe27d,United States,193.28,False
a096c8,United States,0.06,True
a63df3,United States,224.18,False
a14f2f,United States,0.0,True
3465d9,Spain,198.03,False
a106b3,United States,134.52,False
3465d8,Spain,221.86,False
a9db95,United States,31.8,False
a82427,United States,46.3,False
c013b7,Canada,61.48,False
aa2ed8,United States,154.83,False
c013c3,Canada,184.97,False
a5745b,United States,293.32,False
aa1ba3,United States,128.76,False
aa984a,United States,96.75,False
4bb14f,Turkey,261.17,False
4bb14c,Turkey,224.18,False
abe28f,United States,7.85,True
3465c9,Spain,232.75,False
a50adc,United States,275.86,False
4067f6,United Kingdom,269.46,False
399e86,France,272.64,False
4067f5,United Kingdom,242.08,False
a75dd8,United States,243.18,False
a213d0,United States,143.29,False
a3a9eb,United States,95.92,False
a333b5,United States,197.34,False
4bb19a,Turkey,222.12,False
a13c73,United States,201.73,False
ab4ea8,United States,90.71,False
c06f13,Canada,227.13,False
4ac9e5,Sweden,212.39,False
a1f3c8,United States,53.07,False
4ac9e7,Sweden,234.59,False
aa97ad,United States,90.94,False
a333ae,United States,0.26,True
ac2813,United States,78.36,False
ab0841,United States,264.37,False
896536,United Arab Emirates,269.11,False
a63f2e,United States,294.15,False
a333a0,United States,101.71,False
896537,United Arab Emirates,271.51,False
a466aa,United States,178.72,False
4ac9f4,Sweden,168.1,False
ad4804,United States,220.84,False
a213d6,United States,185.92,False
a51f4a,United States,201.75,False
a37c1c,United States,0.0,False
a63f3a,United States,49.14,False
ae6809,United States,234.02,False
aa97a7,United States,53.52,False
ab0852,United States,70.63,False
a1f3a1,United States,51.47,False
a9dace,United States,33.26,False
ad4818,United States,192.33,False
4bb199,Turkey,222.33,False
4bb196,Turkey,214.66,False
781caa,China,268.89,False
a573b1,United States,93.55,False
4ac9c6,Sweden,224.5,False
4bb192,Turkey,233.19,False
ac2836,United States,206.25,False
020072,Morocco,209.91,False
a01c76,United States,44.64,False
ab0864,United States,185.34,False
896513,United Arab Emirates,80.55,False
a5e9f4,United States,1.8,True
896517,United Arab Emirates,260.83,False
a63f4e,United States,194.31,False
a106fd,United States,170.87,False
a190f1,United States,166.95,False
a599a5,United States,263.09,False
a466fc,United States,293.01,False
a3a9af,United States,270.61,False
abf515,United States,70.96,False
c0015c,Canada,144.17,False
ac2859,United States,287.99,False
e064cb,Argentina,207.34,False
a0c0ea,United States,195.91,False
ad350a,United States,190.25,False
7c7778,Australia,178.55,False
ab4eeb,United States,151.7,False
7c7776,Australia,176.91,False
7c7774,Australia,152.66,False
a87dff,United States,89.61,False
a9dac8,United States,196.04,False
781cdf,China,253.07,False
47c0d9,Norway,228.69,False
ad8ed7,United States,160.94,False
a5e9a1,United States,35.63,False
ab0899,United States,86.71,False
a1f3e4,United States,190.5,False
ac5bc2,United States,187.56,False
a25c6e,United States,178.45,False
a94450,United States,49.78,False
ac5bb9,United States,248.13,False
a99df4,United States,79.0,False
3ad1ff,France,2.31,True
ac1547,United States,91.61,False
a25c84,United States,39.45,False
345398,Spain,224.33,False
ac287c,United States,152.2,False
a81166,United States,210.89,False
a81163,United States,290.65,False
a200bf,United States,69.92,False
a200ba,United States,10.29,True
a38f78,United States,3.09,True
c0149c,Canada,50.17,False
008396,South Africa,61.67,False
a6e48f,United States,66.89,False
38497a,France,269.47,False
89647b,United Arab Emirates,231.18,False
a87f6f,United States,56.55,False
c00122,Canada,54.96,False
acbf63,United States,189.23,False
c05ac2,Canada,200.66,False
89647f,United Arab Emirates,251.55,False
ac13d6,United States,199.09,False
ad46e5,United States,48.69,False
a9ef2b,United States,66.06,False
3e0fe9,Germany,2.57,False
ada9f2,United States,40.41,False
ac26ef,United States,43.3,False
e1724f,Argentina,178.67,False
a680d4,United States,71.73,False
a1082b,United States,87.98,False
a4a3fc,United States,45.11,False
a09852,United States,219.82,False
a320f9,United States,186.54,False
a560f3,United States,261.87,False
a98c51,United States,4.89,True
344158,Spain,238.32,False
ac00b1,United States,201.18,False
344156,Spain,67.67,False
a8cf2d,United States,130.36,False
ac13f9,United States,216.82,False
a320e5,United States,271.21,False
896474,United Arab Emirates,271.04,False
a190fc,United States,50.73,False
ad46ee,United States,35.22,False
ac00d0,United States,58.66,False
406832,United Kingdom,156.16,False
a440c0,United States,194.81,False
ad20b5,United States,40.02,False
c05acc,Canada,153.6,False
a9b9d6,United States,100.48,False
896485,United Arab Emirates,189.85,False
484f73,Kingdom of the Netherlands,238.59,False
3e0ff2,Germany,58.77,False
484f72,Kingdom of the Netherlands,229.97,False
adcc28,United States,54.01,False
a02eee,United States,23.93,False
a74c21,United States,139.03,False
aa1c48,United States,6.94,True
a01bbc,United States,259.66,False
a46828,United States,185.0,False
7c7701,Australia,181.4,False
a09884,United States,52.02,False
40688b,United Kingdom,248.89,False
c06dac,Canada,173.59,False
40688d,United Kingdom,240.02,False
a07228,United States,97.47,False
896452,United Arab Emirates,241.96,False
a50c4b,United States,230.28,False
a09890,United States,59.09,False
406890,United Kingdom,225.7,False
406891,United Kingdom,245.96,False
89644f,United Arab Emirates,247.11,False
c01401,Canada,5.14,True
a0855d,United States,252.4,False
a3df9e,United States,206.93,False
a5d6f9,United States,294.26,False
a716f6,United States,0.26,True
a3cc82,United States,220.88,False
a560b9,United States,56.3,False
a87f51,United States,215.12,False
abe0df,United States,159.38,False
a6e3b0,United States,243.99,False
a3cc7c,United States,70.41,False
a716ee,United States,0.06,True
a573ec,United States,220.63,False
a08547,United States,57.81,False
a99f16,United States,90.03,False
a703b5,United States,192.56,False
a716e5,United States,54.01,False
ad20f4,United States,254.33,False
a26ea6,United States,194.51,False
896442,United Arab Emirates,262.54,False
896441,United Arab Emirates,276.78,False
89642e,United Arab Emirates,224.67,False
a836c7,United States,42.79,False
aa8513,United States,232.69,False
ab4f1b,United States,236.43,False
a1e218,United States,128.45,False
aaf9c6,United States,110.87,False
a83801,United States,99.26,False
a3dedd,United States,0.06,True
a4683f,United States,234.27,False
a5c504,United States,7.72,True
ab19e7,United States,79.96,False
a34874,United States,58.92,False
a0d550,United States,53.65,False
ab19df,United States,267.58,False
a0c20d,United States,83.32,False
acbf02,United States,215.74,False
a25bc4,United States,219.06,False
ab19f2,United States,0.0,True
a2bec7,United States,243.05,False
a0d561,United States,203.57,False
a1f527,United States,171.83,False
a1f526,United States,158.9,False
e06541,Argentina,247.35,False
a13be3,United States,0.0,True
a75eb4,United States,210.82,False
a4423a,United States,49.39,True
ac6f46,United States,98.96,False
addf01,United States,138.98,False
a9dc3d,United States,0.06,True
a44240,United States,161.54,False
a8bc71,United States,216.45,False
a98c85,United States,41.98,False
ab4f5d,United States,247.07,False
aae6d5,United States,263.08,False
a20289,United States,53.57,False
781e81,China,203.07,False
a98c7c,United States,35.04,False
a44238,United States,242.91,False
aae6cd,United States,217.63,False
aa70f9,United States,33.1,False
a1f595,United States,84.8,False
a1e23a,United States,180.06,False
a8bc3a,United States,113.44,False
ac5c1f,United States,271.96,False
ac26cf,United States,117.86,False
a99f92,United States,259.31,False
a32248,United States,72.26,False
a1e250,United States,80.18,False
aa83fb,United States,272.78,False
ad33a9,United States,168.73,False
ad33a8,United States,151.66,False
781e8e,China,134.25,False
a44212,United States,272.99,False
a44211,United States,221.52,False
aad3c4,United States,262.17,False
a44214,United States,154.02,False
ab3c61,United States,218.65,False
3a2e23,France,249.97,False
a19272,United States,275.23,False
e06588,Argentina,246.18,False
c07f4f,Canada,191.29,False
a38af8,United States,246.87,False
acceab,United States,68.94,False
aaf874,United States,170.74,False
ac252a,United States,179.73,False
a4a114,United States,232.73,False
a009b7,United States,253.97,False
c07f59,Canada,52.18,False
a5844b,United States,58.66,False
c07f65,Canada,67.45,False
aad213,United States,269.18,False
c049fd,Canada,231.36,False
a009c4,United States,263.2,False
a40def,United States,74.16,False
ad4528,United States,79.74,False
ac2545,United States,7.72,True
aa2bc5,United States,213.39,False
a40dea,United States,54.57,False
3475da,Spain,248.25,False
a38ad5,United States,201.5,False
a88dd4,United States,269.65,False
c023c8,Canada,238.13,False
a60799,United States,170.57,False
a6e103,United States,39.13,False
aa2bc2,United States,208.67,False
c023c5,Canada,92.82,False
a26af5,United States,3.6,True
4ac98a,Sweden,248.5,False
aaf87e,United States,46.95,False
aaf87f,United States,219.19,False
a3311b,United States,101.35,False
a75ac7,United States,206.68,False
ad9edf,United States,285.6,False
485ecd,Kingdom of the Netherlands,228.95,False
ac122a,United States,4.37,True
ab4bf7,United States,290.53,False
aa3ee0,United States,28.99,False
3475d9,Spain,80.53,False
a1f11d,United States,207.63,False
a009a4,United States,268.62,False
485ec6,Kingdom of the Netherlands,92.44,False
3475d8,Spain,205.5,False
c036e8,Canada,92.04,False
a2bab8,United States,55.03,False
aa2ba1,United States,181.21,False
aa2ba4,United States,0.0,True
a5714c,United States,161.89,False
acced9,United States,204.17,False
aae582,United States,229.56,False
4064bb,United Kingdom,221.67,False
a03f48,United States,283.31,False
a03f3a,United States,32.31,False
e48f8d,Brazil,218.77,False
a72720,United States,79.45,False
a129dc,United States,200.64,False
a9eb99,United States,43.01,False
a4b410,United States,6.94,True
ac2587,United States,87.67,False
a2117a,United States,60.02,False
8964d2,United Arab Emirates,260.65,False
a4c74c,United States,84.18,False
a4b41b,United States,29.91,False
a59760,United States,256.88,False
a03f24,United States,145.04,False
3965ae,France,256.5,False
8964bd,United Arab Emirates,258.55,False
8964bc,United Arab Emirates,250.1,False
c07f39,Canada,75.12,False
c036b3,Canada,55.07,False
a60751,United States,58.5,False
a9a2ca,United States,71.41,False
a52de7,United States,63.52,False
c07f47,Canada,142.67,False
a4b420,United States,218.46,False
a03f1e,United States,191.88,False
a3449a,United States,54.01,False
aae59e,United States,215.5,False
e48f6b,Brazil,132.41,False
8964d9,United Arab Emirates,5.66,True
aad284,United States,58.66,False
4077ba,United Kingdom,245.7,False
4077bb,United Kingdom,170.81,False
4077c8,United Kingdom,70.03,False
781f2f,China,250.77,False
781f2d,China,219.74,False
a4faa5,United States,0.0,True
c07f36,Canada,131.79,False
ad589d,United States,80.77,False
c07f34,Canada,140.72,False
c07f32,Canada,108.97,False
4077c4,United Kingdom,226.88,False
ad4584,United States,135.82,False
a51ac6,United States,262.82,False
e8043c,Chile,214.33,False
a14c2e,United States,55.57,False
ae63f0,United States,217.12,False
a103b7,United States,40.33,False
a236bd,United States,71.31,False
ae63de,United States,198.32,False
e8043d,Chile,173.89,False
a8cadb,United States,0.77,True
c02494,Canada,240.9,False
018090,Libyan Arab Jamahiriya,256.94,False
ad8c82,United States,192.38,False
a9b78e,United States,276.04,False
018099,Libyan Arab Jamahiriya,258.7,False
781dbe,China,231.3,False
896663,United Arab Emirates,238.67,False
e80461,Chile,239.22,False
a99afb,United States,223.98,False
a9a465,United States,228.73,False
a9ead7,United States,52.96,False
ae50e3,United States,52.18,False
a15f3c,United States,53.57,False
896624,United Arab Emirates,243.69,False
496c87,Portugal,8.75,True
780aa8,China,274.54,False
40787b,United Kingdom,241.17,False
af83f5,United States,82.07,False
e80476,Chile,253.56,False
e80471,Chile,130.26,False
a739b7,United States,41.67,False
a369be,United States,199.98,False
a02c40,United States,283.26,False
a369b9,United States,100.91,False
e8046f,Chile,232.92,False
781de5,China,212.68,False
a1f19b,United States,122.81,False
a4c6b3,United States,0.9,True
a4c6b6,United States,51.08,False
896633,United Arab Emirates,86.63,False
a596b1,United States,239.17,False
a2cf07,United States,186.76,False
780ab9,China,99.99,False
40653a,United Kingdom,195.54,False
780aac,China,259.17,False
780aaa,China,218.99,False
40653d,United Kingdom,233.29,False
e80481,Chile,240.98,False
a606a2,United States,6.51,False
a606a5,United States,37.53,False
ab5eb7,United States,4.63,True
ab1842,United States,237.69,False
a1f0a6,United States,31.32,False
346390,Spain,275.08,False
a1af93,United States,38.56,False
a2cf6a,United States,200.64,False
a5c12e,United States,84.26,False
ad5817,United States,0.0,True
e80416,Chile,219.96,False
a5c136,United States,81.85,False
e80418,Chile,186.35,False
aaf831,United States,208.89,False
ab050f,United States,10.29,True
e80415,Chile,80.67,False
aaf82d,United States,106.23,False
ac382e,United States,6.69,True
896617,United Arab Emirates,250.32,False
896616,United Arab Emirates,261.48,False
e80422,Chile,97.54,False
a88dcb,United States,244.1,False
896620,United Arab Emirates,241.54,False
89660b,United Arab Emirates,163.97,False
a9b755,United States,4.37,True
7c788f,Australia,216.48,False
a356db,United States,139.92,False
7c788d,Australia,98.82,False
ab4ba6,United States,189.74,False
ab0532,United States,240.74,False
a57189,United States,36.56,False
345042,Spain,200.43,False
ac250b,United States,185.66,False
e8041f,Chile,221.22,False
ad5837,United States,284.36,False
a03f9e,United States,67.32,False
e8041b,Chile,218.99,False
7c7884,Australia,225.14,False
34768e,Spain,8.75,True
a71497,United States,52.23,False
a6f482,United States,2.31,True
a15f88,United States,83.56,False
a9b70e,United States,125.39,False
484c5a,Kingdom of the Netherlands,228.38,False
a2cf3b,United States,257.85,False
a70169,United States,114.63,False
885963,Thailand,247.41,False
a093f7,United States,224.26,False
a4b49c,United States,66.37,False
aaf861,United States,270.06,False
485f82,Kingdom of the Netherlands,233.09,False
ac384a,United States,48.58,False
a2bc12,United States,0.0,True
347690,Spain,197.72,False
a82135,United States,51.9,False
e8042c,Chile,135.77,False
a223ba,United States,111.43,False
e48f12,Brazil,223.72,False
a6e140,United States,7.2,True
e48f04,Brazil,93.39,False
34634c,Spain,132.83,False
a71484,United States,41.88,False
4780c7,Norway,63.17,False
ab186b,United States,4.89,True
a02c91,United States,197.89,False
485f84,Kingdom of the Netherlands,271.19,False
484c59,Kingdom of the Netherlands,227.15,False
a76f67,United States,189.51,False
a76f66,United States,278.72,False
0d106d,Mexico,228.59,False
447c8c,Austria,15.95,True
a26c9f,United States,63.81,False
abaf3a,United States,54.37,False
0d1083,Mexico,169.85,False
a76f68,United States,181.66,False
447c93,Austria,1.29,True
a38c95,United States,0.45,True
ab5f6a,United States,104.93,False
a846c4,United States,9.77,True
461f9c,Finland,108.87,False
461f9d,Finland,188.16,False
484c1b,Kingdom of the Netherlands,11.83,True
34644d,Spain,234.07,False
aae3c4,United States,57.0,False
ac36cc,United States,172.92,False
ad9f39,United States,52.48,False
ab5f87,United States,241.32,False
a4c6fe,United States,57.62,False
aae3c2,United States,50.22,False
ab4c4b,United States,220.86,False
a570ae,United States,129.82,False
0b8080,Haiti,0.19,True
a2cf8b,United States,216.51,False
a3dc97,United States,51.18,False
a1f0c2,United States,160.59,False
ad56e0,United States,231.95,False
ad8c37,United States,255.0,False
34510a,Spain,177.52,False
a726fb,United States,285.38,False
896597,United Arab Emirates,274.59,False
e06491,Argentina,104.54,False
a690a8,United States,190.7,False
aa93a4,United States,91.59,False
ada6b9,United States,236.61,False
a3dc8f,United States,100.33,False
ada6b5,United States,0.0,True
48af0d,Poland,147.26,False
a88f4a,United States,49.78,False
506c46,Slovenia,234.37,False
c06aa4,Canada,244.63,False
a1f0b4,United States,147.3,False
ab4c76,United States,227.2,False
a75c48,United States,43.22,False
48af19,Poland,245.19,False
a5d3e1,United States,226.82,False
48af12,Poland,222.48,False
a570e7,United States,82.37,False
ac36ef,United States,228.21,False
48af11,Poland,194.93,False
a4a0d9,United States,288.17,False
a38c60,United States,208.49,False
345109,Spain,134.86,False
ac7f80,United States,0.06,False
406542,United Kingdom,230.01,False
600854,Azerbaijan,223.33,False
406544,United Kingdom,226.55,False
89655d,United Arab Emirates,247.44,False
0d102f,Mexico,68.21,False
896569,United Arab Emirates,259.36,False
447c4f,Austria,21.61,True
406540,United Kingdom,89.11,False
48af05,Poland,34.98,True
aae3f6,United States,119.02,False
48af02,Poland,0.0,True
406539,United Kingdom,104.64,False
a5f9e6,United States,55.13,False
0d1049,Mexico,240.14,False
ad9f7f,United States,169.05,False
ad8c4c,United States,205.03,False
a619f9,United States,43.27,False
34640e,Spain,275.61,False
a8a9a3,United States,48.09,False
396668,France,233.7,False
ac6c6f,United States,107.53,False
a09533,United States,195.19,False
a03ee0,United States,164.96,False
896582,United Arab Emirates,191.45,False
40784f,United Kingdom,150.97,False
a11857,United States,197.26,False
ac10af,United States,214.64,False
a5f9d7,United States,65.34,False
0d104b,Mexico,147.15,False
aae3fa,United States,108.87,False
a23805,United States,0.0,True
7c7802,Australia,234.73,False
a38c9b,United States,0.06,True
7c7800,Australia,200.99,False
a4c6e9,United States,197.25,False
a2bc9e,United States,130.02,False
a76f46,United States,130.16,False
461f49,Finland,262.8,False
0d1068,Mexico,229.21,False
a52f88,United States,57.31,False
a1f0f1,United States,51.65,False
a15ea6,United States,237.05,False
4b9907,Turkey,207.63,False
896559,United Arab Emirates,251.1,False
461f56,Finland,8.23,True
447c60,Austria,0.45,True
a5e6be,United States,43.15,False
407838,United Kingdom,136.94,False
a2bc94,United States,177.63,False
a0950a,United States,49.91,False
e48df6,Brazil,235.25,False
407837,United Kingdom,232.88,False
461f55,Finland,161.22,False
a3dc5a,United States,12.86,True
447c67,Austria,14.92,True
a9a3e1,United States,180.97,False
ada795,United States,35.94,False
8964b2,United Arab Emirates,170.11,False
a1186d,United States,56.54,False
0ac345,Colombia,53.29,False
ae6473,United States,106.26,False
a6e0eb,United States,80.75,False
a690fb,United States,4.63,True
a700fe,United States,152.58,False
a4c811,United States,100.33,False
8964b6,United Arab Emirates,269.57,False
8964b3,United Arab Emirates,250.83,False
447c05,Austria,0.77,True
8964c3,United Arab Emirates,277.38,False
a3eeb0,United States,243.72,False
4b991a,Turkey,228.11,False
8964c1,United Arab Emirates,289.37,False
a23872,United States,206.9,False
461f39,Finland,180.76,False
a0f86b,United States,108.34,False
ab5f00,United States,195.63,False
4b990d,Turkey,6.43,True
4076ed,United Kingdom,60.81,False
abf16e,United States,165.07,False
396671,France,217.73,False
a23844,United States,211.95,False
ac1190,United States,236.75,False
781f73,China,237.68,False
0d1024,Mexico,232.04,False
a72823,United States,214.68,False
abf17f,United States,235.48,False
4076dd,United Kingdom,70.28,False
a47809,United States,198.93,False
ab5f0a,United States,1.03,False
addadb,United States,256.33,False
0d1030,Mexico,206.0,False
4076e2,United Kingdom,240.89,False
781f83,China,222.26,False
a9ff6a,United States,227.16,False
a820f9,United States,53.11,False
76cc62,Singapore,111.8,False
a10543,United States,55.91,False
a7ac8f,United States,265.22,False
4076e0,United Kingdom,0.45,True
a4c849,United States,65.88,False
76cc66,Singapore,276.72,False
ab5f1b,United States,187.33,False
a08278,United States,48.31,False
a45216,United States,0.0,True
a5c0c3,United States,61.34,False
a2bbc6,United States,179.8,False
a8cc46,United States,224.88,False
a45210,United States,179.18,False
ad69b1,United States,176.93,False
76cc71,Singapore,89.44,False
a33239,United States,153.72,False
a4a0e5,United States,52.81,False
76cc79,Singapore,219.81,False
ac36a9,United States,173.58,False
76cc6d,Singapore,133.46,False
76cc6c,Singapore,250.13,False
ab4c15,United States,3.6,True
c035f3,Canada,161.93,False
a9ff4d,United States,42.7,False
750208,Malaysia,238.85,False
ab5f43,United States,209.49,False
a690d9,United States,31.14,False
76cc82,Singapore,279.06,False
a700da,United States,232.68,False
ab03a4,United States,213.24,False
c06b76,Canada,51.65,False
a9c9cd,United States,40.76,False
a820c8,United States,83.7,False
a09590,United States,234.85,False
a7bf90,United States,117.36,False
a1057a,United States,193.93,False
a6e0c9,United States,173.89,False
a2254e,United States,44.97,False
ac7f41,United States,209.0,False
8a09f6,Indonesia,12.53,False
a8deb4,United States,217.86,False
a5e880,United States,62.55,False
4d0210,Luxembourg,253.57,False
a95519,United States,0.0,True
a63bd4,United States,232.19,False
aae64e,United States,143.44,False
c024c5,Canada,230.77,False
aae65c,United States,120.4,False
ac1327,United States,178.26,False
aad336,United States,65.06,False
a6920b,United States,36.22,False
a8351a,United States,100.98,False
a88ebf,United States,84.96,False
a8351d,United States,59.68,False
ad8ca6,United States,254.19,False
c06d2c,Canada,150.36,False
aa9679,United States,6.94,True
ad463c,United States,43.96,False
4ab56e,Sweden,135.84,False
e48e49,Brazil,66.37,False
c81cef,New Zealand,41.7,False
ac2668,United States,93.21,False
496cb1,Portugal,3.6,True
aae678,United States,63.57,False
aac00e,United States,52.87,False
a2bbf2,United States,96.6,False
8a090f,Indonesia,200.54,False
aa8329,United States,148.15,False
c011c4,Canada,152.58,False
a1f264,United States,48.02,False
abafff,United States,256.99,False
a2bbcc,United States,188.22,False
ac0027,United States,201.59,False
3463c6,Spain,214.13,False
484cb4,Kingdom of the Netherlands,152.45,False
c024d9,Canada,222.95,False
ad8cbe,United States,80.47,False
a72894,United States,135.84,False
a0e59f,United States,157.94,False
507cc3,Uzbekistan,272.41,False
abf32f,United States,164.53,False
4ab562,Sweden,140.14,False
a4fbff,United States,65.99,False
a6e20a,United States,30.59,False
4ab565,Sweden,141.95,False
ada94d,United States,215.6,False
a3a873,United States,112.88,False
ad8cec,United States,182.77,False
c06d05,Canada,61.39,False
a60852,United States,242.95,False
abf351,United States,191.8,False
aa3fe9,United States,173.58,False
a7282f,United States,30.42,False
a5e834,United States,108.56,False
a72841,United States,3.6,True
aa3fce,United States,143.06,False
a96817,United States,184.24,False
acbcce,United States,43.04,False
76cd13,Singapore,238.13,False
acbccc,United States,131.18,False
a14d1e,United States,103.51,False
76cd15,Singapore,126.54,False
e48e94,Brazil,199.41,False
7c78ac,Australia,213.56,False
aa2cb0,United States,248.5,False
7c78aa,Australia,6.94,True
ad201e,United States,189.96,False
abe030,United States,163.38,False
76cd0c,Singapore,238.35,False
7c78af,Australia,136.49,False
7c78ae,Australia,217.16,False
7c78ad,Australia,208.68,False
76cd0f,Singapore,249.41,False
a72836,United States,184.4,False
ad4685,United States,55.29,False
4078ef,United Kingdom,125.0,False
a117a6,United States,82.19,False
8965f4,United Arab Emirates,268.98,False
acbcfd,United States,40.29,False
a5e84c,United States,52.99,False
abf375,United States,220.92,False
7c78b2,Australia,0.0,True
7c78b1,Australia,224.6,False
a57229,United States,294.09,False
4078f0,United Kingdom,100.91,False
a4fbbc,United States,176.45,False
4078dd,United Kingdom,3.34,True
a88ea9,United States,36.56,False
ad203f,United States,31.75,False
e48e77,Brazil,236.6,False
75025d,Malaysia,69.37,False
a5988d,United States,30.15,False
a59899,United States,72.26,False
750266,Malaysia,248.5,False
a9ec7f,United States,183.32,False
76cd42,Singapore,225.35,False
7c5325,Australia,5.92,True
a104d0,United States,55.29,False
447cb8,Austria,1.29,True
a37a02,United States,195.79,False
c81e05,New Zealand,237.19,False
a477b4,United States,51.08,False
ac5a94,United States,239.65,False
7c531d,Australia,243.14,False
c2b567,Canada,172.01,False
a607a8,United States,118.01,False
a9426f,United States,213.6,False
a4c7b6,United States,55.51,False
c0127e,Canada,140.83,False
7c530b,Australia,99.97,False
7c530a,Australia,0.64,True
461fa8,Finland,4.12,True
ab5fb1,United States,72.48,False
7c5304,Australia,0.0,True
7c5305,Australia,183.76,False
461fa0,Finland,190.28,False
7c5302,Australia,128.81,False
7c5300,Australia,41.16,True
c81e29,New Zealand,133.77,False
a14d40,United States,297.49,False
a3ca01,United States,233.7,False
a02d4c,United States,56.08,False
40666d,United Kingdom,214.51,False
ab5faa,United States,251.09,False
7c5307,Australia,0.0,True
40666a,United Kingdom,73.66,False
a82293,United States,124.56,False
c81e2c,New Zealand,157.23,False
406670,United Kingdom,228.01,False
ab5fc9,United States,240.71,False
43bff9,United Kingdom,4.89,True
a9ebd8,United States,80.78,False
a4fd0e,United States,84.22,False
43bff0,United Kingdom,13.38,True
a0e4b2,United States,203.91,False
43bfdf,United Kingdom,2.83,True
ac7faf,United States,222.62,False
a6f577,United States,35.56,False
ac260f,United States,53.96,False
7c6696,Australia,78.31,False
471a80,Hungary,121.55,False
a224f9,United States,187.09,False
ac3945,United States,143.74,False
a14d8b,United States,142.4,False
7c668f,Australia,69.97,False
ab1971,United States,239.82,False
a82237,United States,85.4,False
a9555e,United States,0.9,True
a83569,United States,81.36,False
a224fa,United States,88.36,False
e48e05,Brazil,199.13,False
c0256e,Canada,157.96,False
aaf968,United States,243.97,False
471a7e,Hungary,122.65,False
89672f,United Arab Emirates,254.4,False
aa8372,United States,125.27,False
a38d48,United States,240.46,False
a5729c,United States,261.59,False
ac1301,United States,223.53,False
a6e258,United States,201.18,False
a0e4f8,United States,91.9,False
a7025f,United States,32.51,False
a6f589,United States,91.94,False
abf308,United States,160.57,False
a26d4a,United States,59.7,False
a38d36,United States,158.66,False
ab198d,United States,229.35,False
a69299,United States,187.54,False
70aa79,Nepal,205.63,False
a224e2,United States,54.88,False
c07ee6,Canada,245.16,False
ac24c5,United States,196.23,False
c07ee0,Canada,6.17,False
a4b4dc,United States,217.15,False
ac24ab,United States,47.82,False
ab04e6,United States,251.0,False
a11921,United States,61.67,False
a75d60,United States,261.22,False
ad57bb,United States,72.02,False
a15fa4,United States,247.45,False
345251,Spain,229.71,False
c81e8a,New Zealand,56.15,False
aa1a1c,United States,65.63,False
a727ef,United States,147.41,False
aae4ce,United States,46.22,False
a03fc9,United States,220.48,False
a01a9a,United States,42.95,False
0201c5,Morocco,205.65,False
ae77cc,United States,10.82,False
a99d06,United States,72.99,False
a38d95,United States,57.89,False
a1f1de,United States,261.36,False
c02566,Canada,34.99,False
a4fd96,United States,0.0,False
ac11c6,United States,247.47,False
0201b5,Morocco,196.04,False
aa94aa,United States,131.84,False
a6f4bb,United States,56.92,False
ad7a13,United States,87.28,False
a4ea77,United States,101.43,False
407993,United Kingdom,272.27,False
407994,United Kingdom,225.42,False
406666,United Kingdom,60.97,False
89667c,United Arab Emirates,250.37,False
406668,United Kingdom,229.12,False
a09645,United States,21.61,False
ac5a4a,United States,206.16,False
40797a,United Kingdom,237.44,False
acbd5e,United States,197.89,False
a3ca22,United States,47.04,False
e48ce6,Brazil,215.04,False
89667f,United Arab Emirates,271.38,False
89668b,United Arab Emirates,250.42,False
a4c7f0,United States,44.59,False
345212,Spain,200.33,False
a967a3,United States,6.17,True
ad44f2,United States,198.37,False
40796b,United Kingdom,244.96,False
acaa1c,United States,68.75,False
40796a,United Kingdom,213.17,False
407979,United Kingdom,231.93,False
a5e7ba,United States,83.9,False
a584bc,United States,240.07,False
a4fd42,United States,68.29,False
a5d4b8,United States,247.06,False
7c790c,Australia,87.94,False
a5d4b5,United States,33.36,False
7501e8,Malaysia,67.52,False
780ca9,China,251.22,False
a0f91d,United States,257.26,False
a4c7ee,United States,37.94,False
a571b1,United States,49.39,False
a22603,United States,46.3,False
a584da,United States,67.88,False
400fe2,United Kingdom,127.35,False
a5d4c3,United States,200.21,False
700011,Afghanistan,216.03,False
781fda,China,227.03,False
76ccc9,Singapore,265.65,False
a451db,United States,276.47,False
acbd6b,United States,57.55,False
e48cd2,Brazil,63.12,False
ad31cd,United States,76.86,False
a4fd61,United States,33.51,False
a0e607,United States,0.0,True
76cd45,Singapore,248.61,False
76cd48,Singapore,272.36,False
addbf5,United States,152.2,False
a09688,United States,77.68,False
a07028,United States,45.51,False
ad325b,United States,206.5,False
8832b0,Thailand,189.54,False
a1afec,United States,115.24,False
a2396e,United States,7.2,True
7c77f8,Australia,206.91,False
a22669,United States,164.67,False
c06c8f,Canada,119.64,False
a3dca4,United States,32.02,False
8832a8,Thailand,233.77,False
a9ed95,United States,36.12,False
c06c8a,Canada,137.64,False
a1afde,United States,87.98,False
a3efcc,United States,28.37,False
a0835d,United States,150.26,False
c81db2,New Zealand,53.79,False
a9a4e2,United States,266.5,False
8832d0,Thailand,240.0,False
76cd76,Singapore,265.92,False
a99d90,United States,234.07,False
a1afcf,United States,210.12,False
abf29f,United States,282.53,False
76cd77,Singapore,260.14,False
a3dcc2,United States,271.57,False
a64fd8,United States,24.66,False
a39fb7,United States,207.59,False
a02cf1,United States,194.45,False
4d00f4,Luxembourg,4.37,True
a9da44,United States,51.44,False
4d00f3,Luxembourg,212.07,False
a2cfa2,United States,244.46,False
780d75,China,225.27,False
a8cd91,United States,43.04,False
a58642,United States,204.97,False
a9a4dd,United States,83.21,False
a39fb1,United States,242.9,False
a941b2,United States,283.85,False
a86a3d,United States,43.77,False
a821bf,United States,165.51,False
a74a5a,United States,224.94,False
a47995,United States,140.25,False
a9ed2e,United States,48.92,False
a691dd,United States,94.91,False
a954de,United States,44.24,False
a2269c,United States,56.81,False
e49fa7,Brazil,134.9,False
a2cffc,United States,194.81,False
c81de6,New Zealand,91.23,False
c010a8,Canada,245.58,False
a47988,United States,279.26,False
a3332b,United States,71.09,False
a0e69b,United States,72.4,False
a9da0d,United States,0.0,True
a0c049,United States,38.43,False
a3a91f,United States,56.84,False
7c77fa,Australia,141.17,False
152040,Russian Federation,1768.02,False
e0b30b,Argentina,62.29,False
15202d,Russian Federation,27.82,False
a954c8,United States,133.04,False
a967eb,United States,6.69,True
a33339,United States,191.98,False
a1f346,United States,56.82,False
c06c95,Canada,114.23,False
780d9c,China,234.0,False
a4795a,United States,193.75,False
152031,Russian Federation,148.91,False
152052,Russian Federation,199.61,False
ab3a0c,United States,140.51,False
a6e1e3,United States,37.64,False
a9da08,United States,45.89,False
780d9e,China,236.34,False
a2cff0,United States,0.0,True
a9da02,United States,24.59,False
a52fb2,United States,179.55,False
c06c87,Canada,0.0,False
a2000d,United States,139.53,False
a33325,United States,104.34,False
a9b7cb,United States,58.21,False
a59930,United States,55.67,False
a19038,United States,67.92,False
a66a84,United States,176.44,False
a0130f,United States,56.41,False
a0263d,United States,59.04,False
040190,Ethiopia,274.56,False
a03985,United States,126.42,False
a621f8,United States,45.34,False
a9f7dd,United States,19.56,False
ab7b8c,United States,187.25,False
aceb61,United States,129.67,False
a19fbe,United States,49.24,False
a66a78,United States,90.64,False
899085,Taiwan,266.07,False
a92d6d,United States,175.95,False
c81919,New Zealand,63.97,False
a7da2a,United States,211.85,False
c80604,New Zealand,38.39,False
a66a98,United States,80.44,False
ade8fa,United States,103.69,False
a15979,United States,73.34,False
89907d,Taiwan,276.44,False
ac52ff,United States,0.0,True
a2c90d,United States,192.67,False
aa5b92,United States,231.95,False
a981bf,United States,95.51,False
899097,Taiwan,243.04,False
ad0b5e,United States,0.64,True
add5d9,United States,43.75,False
adc2a7,United States,0.0,True
040171,Ethiopia,279.62,False
a92d50,United States,40.21,False
a2791e,United States,204.03,False
a1a924,United States,149.41,False
899068,Taiwan,252.42,False
a2790a,United States,47.51,False
c04051,Canada,212.49,False
04016c,Ethiopia,236.94,False
c04052,Canada,65.54,False
a7da55,United States,56.86,False
a52946,United States,64.78,False
a3d60b,United States,48.55,False
aceb76,United States,198.03,False
c0404f,Canada,241.23,False
a0cfb6,United States,247.83,False
a42a79,United States,41.12,False
a43ca8,United States,221.59,False
89902f,Taiwan,232.81,False
c07996,Canada,224.09,False
4bcd84,Turkey,199.76,False
a7da05,United States,,True
c07995,Canada,249.8,False
4bcd82,Turkey,225.32,False
a2c95a,United States,55.9,False
4bcd81,Turkey,220.09,False
a66a2e,United States,127.33,False
0d085c,Mexico,201.77,False
a7ed31,United States,239.15,False
a9f7b0,United States,232.97,False
a2a300,United States,291.71,False
a3c1e6,United States,228.03,False
a80d40,United States,194.96,False
a66a34,United States,48.77,False
a54a4e,United States,82.45,False
899040,Taiwan,215.77,False
a67d66,United States,153.45,False
a32ff6,United States,287.77,False
c81958,New Zealand,134.98,False
c81959,New Zealand,110.38,False
040143,Ethiopia,253.79,False
a7ed29,United States,95.11,False
c05323,Canada,51.4,False
c81973,New Zealand,30.91,False
04014b,Ethiopia,9.77,True
a3861f,United States,0.0,True
4ca4f4,Ireland,145.13,False
04014e,Ethiopia,273.43,False
a1efe9,United States,17.97,False
e488b1,Brazil,142.68,False
a9f7c0,United States,15.65,False
4ca4f2,Ireland,233.55,False
a38633,United States,203.4,False
ab4732,United States,237.71,False
89900e,Taiwan,231.56,False
89900d,Taiwan,242.8,False
a0398c,United States,190.13,False
a18cbb,United States,0.0,True
a79d78,United States,156.11,False
c0534e,Canada,254.78,False
a1463a,United States,206.23,False
a78a52,United States,153.45,False
899022,Taiwan,217.44,False
a31ca6,United States,139.42,False
a0bcb2,United States,51.06,False
49d3bb,Czech Republic,213.04,False
a1dcb0,United States,96.75,False
a32fd5,United States,185.0,False
899020,Taiwan,4.37,True
89901f,Taiwan,4.37,True
a0bcd0,United States,43.26,False
89901b,Taiwan,72.59,False
a7ed48,United States,85.34,False
ac671b,United States,215.91,False
a4e1ec,United States,54.34,False
a02681,United States,209.61,False
04012b,Ethiopia,281.94,False
899038,Taiwan,242.69,False
aa25cd,United States,251.15,False
c1e945,Canada,12.86,True
899039,Taiwan,245.95,False
a32fc6,United States,135.9,False
c0799e,Canada,226.26,False
040131,Ethiopia,247.04,False
899030,Taiwan,168.79,False
a1dca0,United States,289.86,False
899032,Taiwan,264.15,False
a5031a,United States,250.78,False
406f7c,United Kingdom,258.99,False
acfe09,United States,88.9,False
c1e90b,Canada,14.4,True
a00070,United States,129.37,False
a56fea,United States,185.45,False
406f7a,United Kingdom,239.27,False
406f87,United Kingdom,229.88,False
a75633,United States,41.37,False
a9f904,United States,0.13,True
a5aca0,United States,54.55,False
e48950,Brazil,95.97,False
a2536f,United States,223.78,False
a5032a,United States,267.85,False
aa141e,United States,190.24,False
a00084,United States,230.58,False
3e010d,Germany,31.32,False
a3999e,United States,189.62,False
e4894f,Brazil,3.34,True
a2c992,United States,51.37,False
406f78,United Kingdom,251.78,False
a13391,United States,221.35,False
a6dfaa,United States,185.17,False
7c04d2,Australia,100.14,False
a2668b,United States,224.39,False
a4097b,United States,40.95,False
a37347,United States,219.58,False
a31ce0,United States,38.79,False
a4e32f,United States,81.91,False
c07971,Canada,204.52,False
a32ffe,United States,297.6,False
0d083e,Mexico,258.43,False
a24014,United States,200.69,False
aa2744,United States,203.74,False
a4f668,United States,41.3,False
4ca4ef,Ireland,226.6,False
4ca4ee,Ireland,2.31,True
abde34,United States,230.28,False
a7a60e,United States,0.0,True
4ca4ed,Ireland,168.12,False
a12030,United States,81.93,False
a1dcf2,United States,142.87,False
aba8e1,United States,269.46,False
a37335,United States,205.18,False
a0137e,United States,57.18,False
a39997,United States,144.42,False
c07966,Canada,209.18,False
a00062,United States,10.8,True
a1a98d,United States,227.55,False
a3b02e,United States,284.85,False
ac65bb,United States,3.34,True
ad98d9,United States,56.78,False
aabe70,United States,43.51,False
ab8e6c,United States,238.77,False
a8760d,United States,41.31,False
a8fa72,United States,45.18,False
a1208c,United States,0.06,True
e4898a,Brazil,241.68,False
a038c7,United States,224.71,False
a06e0b,United States,205.5,False
ab7b59,United States,76.24,False
a49375,United States,221.06,False
aceb0a,United States,214.11,False
a12096,United States,3.86,True
a76909,United States,190.8,False
a861ef,United States,34.09,False
ab7b67,United States,67.35,False
a0be05,United States,169.44,False
aaab60,United States,299.35,False
ac65dc,United States,70.59,False
abde5b,United States,222.12,False
ae08e3,United States,242.28,False
a7da9c,United States,65.96,False
0d0805,Mexico,215.3,False
ade8ed,United States,50.46,False
ae08fb,United States,114.35,False
ae08fa,United States,168.89,False
a8fa3f,United States,73.32,False
a2b698,United States,214.27,False
882e62,Thailand,244.85,False
44818d,Belgium,6.43,True
0d0810,Mexico,182.22,False
a55cb4,United States,0.0,False
a9d1c5,United States,35.68,False
a56fdb,United States,111.18,False
0d080b,Mexico,239.21,False
a31cfe,United States,103.45,False
c00fa8,Canada,74.42,False
ad0b3f,United States,81.49,False
7800eb,China,231.86,False
a4e307,United States,190.41,False
a50329,United States,1.03,True
a76935,United States,231.2,False
ac52e2,United States,247.74,False
e48987,Brazil,240.87,False
a8a017,United States,102.41,False
abdcfd,United States,183.61,False
448145,Belgium,13.89,True
a2c8b9,United States,44.88,False
a038fd,United States,31.55,False
a97026,United States,274.42,False
47a743,Norway,5.14,True
a99686,United States,5.4,True
c051e0,Canada,107.41,False
a9967a,United States,173.13,False
c051e2,Canada,111.87,False
a97029,United States,268.26,False
ac668d,United States,192.65,False
a5f064,United States,39.67,False
502dad,Latvia,215.8,False
a8d99c,United States,12.89,False
a7302f,United States,204.86,False
a528a5,United States,284.7,False
ad1cff,United States,30.47,False
a99692,United States,34.14,False
ac4052,United States,259.49,False
ade96e,United States,188.99,False
a9e668,United States,30.36,False
ac5378,United States,72.33,False
3425ce,Spain,58.34,False
a9e663,United States,31.91,False
acb679,United States,1.29,True
ac536c,United States,203.73,False
c051ec,Canada,261.86,False
a5f06e,United States,246.06,False
ac4067,United States,209.83,False
a18e18,United States,186.27,False
add66c,United States,216.73,False
a158c9,United States,284.62,False
adb014,United States,175.88,False
50840a,Ukraine,227.3,False
c051da,Canada,211.64,False
aa1368,United States,123.17,False
508429,Ukraine,220.04,False
a97017,United States,132.5,False
aca362,United States,57.77,False
adc375,United States,52.6,False
a132d0,United States,69.45,False
0d06d5,Mexico,0.0,True
a9e610,United States,57.11,False
394a00,France,266.65,False
ab58b2,United States,9.77,True
c064d8,Canada,117.6,False
a80cc9,United States,53.41,False
394a04,France,246.15,False
a252a7,United States,269.41,False
394a05,France,170.49,False
a88974,United States,41.68,False
c064ab,Canada,7.42,False
a2c8e6,United States,42.58,False
4ca570,Ireland,229.04,False
0d06e5,Mexico,255.82,False
a4d040,United States,205.22,False
a252ae,United States,253.8,False
a278ff,United States,52.4,False
a9e625,United States,42.2,False
394a15,France,260.22,False
ab58c1,United States,148.05,False
4ca566,Ireland,214.05,False
394a18,France,240.99,False
a7eca2,United States,38.92,False
ac407d,United States,147.49,False
406f1f,United Kingdom,125.65,False
a99659,United States,142.97,False
4ca569,Ireland,205.65,False
4ca568,Ireland,227.32,False
a3b063,United States,96.87,False
a2fe28,United States,285.3,False
a3b066,United States,48.91,False
a87678,United States,56.87,False
aa6ce1,United States,73.63,False
a278eb,United States,39.16,False
a398d3,United States,70.37,False
a7a666,United States,97.21,False
aa3994,United States,0.0,True
a2fe21,United States,211.06,False
aa6ccb,United States,243.23,False
49d563,Czech Republic,240.12,False
aba8ad,United States,163.62,False
a7699a,United States,48.4,False
adb04a,United States,76.43,False
ab7b02,United States,212.59,False
a6cce2,United States,41.72,False
a025ff,United States,241.62,False
a265af,United States,67.32,False
8881f5,Viet Nam,244.18,False
0d06fd,Mexico,200.5,False
a05b62,United States,202.21,False
a4d04c,United States,155.53,False
04021d,Ethiopia,114.98,False
a3c2af,United States,34.08,False
a2fe7e,United States,135.22,False
a79e31,United States,131.84,False
a55e63,United States,118.76,False
780218,China,127.3,False
aa25d9,United States,54.39,False
aacfbe,United States,244.69,False
a5ae2f,United States,76.18,False
899000,Taiwan,221.2,False
a372e0,United States,160.13,False
5082ef,Ukraine,220.69,False
3c70cb,Germany,255.54,False
a42b45,United States,187.9,False
48b2d1,Poland,218.91,False
a385ee,United States,176.01,False
aba958,United States,181.11,False
ac6622,United States,187.75,False
a4f5cc,United States,113.29,False
c077b1,Canada,130.96,False
899017,Taiwan,294.18,False
78021c,China,257.64,False
899014,Taiwan,273.33,False
899013,Taiwan,5.4,True
040230,Ethiopia,176.66,False
ab8cc1,United States,171.76,False
a7db08,United States,188.48,False
ae0944,United States,63.53,False
a43e60,United States,210.5,False
a7ee35,United States,50.67,False
a2eb38,United States,52.54,False
ac0fdc,United States,8.23,True
ab9fef,United States,37.4,False
4ca56c,Ireland,176.45,False
a05b7e,United States,0.0,True
ae093b,United States,65.24,False
acc954,United States,189.37,False
ae093c,United States,166.43,False
acc951,United States,91.46,False
4ca56b,Ireland,116.64,False
ae4fae,United States,1.29,True
ae4faf,United States,67.88,False
ac7968,United States,219.66,False
ae4fac,United States,52.32,False
a6ce58,United States,206.83,False
48c5e5,Poland,82.81,False
48c5e6,Poland,135.87,False
abefba,United States,74.59,False
48c5e4,Poland,137.83,False
ab5993,United States,160.57,False
a9707e,United States,193.16,False
a4f5f0,United States,202.26,False
a755c3,United States,52.85,False
abdcb5,United States,201.29,False
a8a083,United States,1.54,True
aa25a6,United States,200.07,False
abdcb7,United States,270.86,False
ac5314,United States,198.32,False
ac6645,United States,270.36,False
a385e3,United States,45.04,False
78023e,China,161.06,False
ab465b,United States,44.12,False
040219,Ethiopia,264.12,False
a385e0,United States,112.75,False
a2fe3c,United States,249.93,False
a18e9d,United States,284.85,False
ad2fd0,United States,174.54,False
a6ce40,United States,115.52,False
a9704d,United States,204.09,False
a528d6,United States,252.77,False
ac5331,United States,7.2,True
a55e22,United States,43.74,False
ac5326,United States,128.61,False
abefdd,United States,290.23,False
ab2026,United States,174.86,False
a3e8dc,United States,226.28,False
3c70b4,Germany,200.91,False
a4f5a7,United States,297.36,False
a06db4,United States,203.75,False
3c70b5,Germany,145.87,False
a515ad,United States,121.31,False
acc961,United States,207.25,False
ac6668,United States,270.29,False
aca309,United States,141.33,False
acb636,United States,99.4,False
ade971,United States,53.53,False
34134d,Spain,105.35,False
3c70c4,Germany,251.47,False
a372f9,United States,39.85,False
a3c2a3,United States,47.56,False
c1e898,Canada,7.46,True
a5ae0c,United States,114.95,False
acfccc,United States,252.94,False
ac5349,United States,206.05,False
a3c2a9,United States,224.52,False
a5f09a,United States,113.04,False
a9703f,United States,119.31,False
a98380,United States,174.21,False
a2fe8f,United States,140.05,False
a02721,United States,56.88,False
a98386,United States,212.15,False
a6ce07,United States,237.65,False
a54b30,United States,259.49,False
7c0567,Australia,47.9,False
ad1ce8,United States,44.32,False
c1e89b,Canada,4.89,True
a31e9c,United States,38.58,False
ac534b,United States,39.07,False
a0275c,United States,295.32,False
4ba9eb,Turkey,280.47,False
a05aac,United States,0.06,True
a31da1,United States,63.52,False
a05aad,United States,38.79,False
a7a5fa,United States,56.09,False
aca3e6,United States,117.43,False
a742ec,United States,208.12,False
ac40f1,United States,62.76,False
a06dec,United States,56.06,False
44d1a6,Belgium,69.92,False
89916c,Taiwan,222.17,False
a06dc5,United States,62.93,False
c8180e,New Zealand,32.45,False
781602,China,250.3,False
040048,Ethiopia,262.84,False
44d1b3,Belgium,235.14,False
71c011,Republic of Korea,237.64,False
a982c2,United States,61.73,False
a9e5d6,United States,222.72,False
89917f,Taiwan,237.84,False
04004c,Ethiopia,248.71,False
502d0f,Latvia,189.18,False
a9e5d2,United States,51.03,False
a05aa1,United States,44.14,False
a9e5bf,United States,48.45,False
71c008,Republic of Korea,263.07,False
aa13ff,United States,152.35,False
78160e,China,228.54,False
a755f2,United States,191.25,False
a742c2,United States,186.59,False
406fdb,United Kingdom,0.0,True
a4e2ce,United States,52.47,False
a31de6,United States,133.63,False
502d59,Latvia,206.67,False
a2b759,United States,0.0,True
78161d,China,284.09,False
502d44,Latvia,178.81,False
ab8eb9,United States,30.95,False
a7db18,United States,189.58,False
a982a9,United States,53.03,False
a05afb,United States,37.95,False
a7a5ae,United States,76.28,False
c8050e,New Zealand,45.42,False
a91b2b,United States,242.18,False
406fd8,United Kingdom,0.32,True
040030,Ethiopia,271.02,False
a0015d,United States,248.82,False
a0144e,United States,200.75,False
a79e8c,United States,42.7,False
4481bf,Belgium,1.03,True
acb821,United States,44.76,False
a00137,United States,71.15,False
0d0772,Mexico,280.06,False
acb824,United States,211.21,False
a06dfd,United States,95.4,False
c04135,Canada,44.58,False
a8d8cc,United States,5.66,True
a17ac9,United States,52.99,False
89913e,Taiwan,142.61,False
a66b96,United States,53.38,False
a79e7d,United States,269.58,False
502d5d,Latvia,180.17,False
502d5f,Latvia,161.66,False
502d5a,Latvia,89.73,False
4481b0,Belgium,1.03,True
a2541e,United States,46.57,False
aa6f80,United States,241.67,False
ac66c4,United States,34.27,False
8990a4,Taiwan,186.12,False
8990a0,Taiwan,10.8,True
a1349d,United States,258.25,False
a63765,United States,0.0,False
ae09d6,United States,77.12,False
aba9e7,United States,233.67,False
3ce686,Germany,2.57,True
a2a466,United States,53.38,False
71c072,Republic of Korea,204.47,False
a79dc4,United States,0.0,True
a29aff,United States,0.0,True
c05416,Canada,226.77,False
a3d792,United States,22.64,False
71c074,Republic of Korea,5.4,True
71c075,Republic of Korea,232.0,False
a12177,United States,61.01,False
a37479,United States,36.07,False
abdf3f,United States,219.94,False
a31dfc,United States,249.95,False
a66ab9,United States,54.17,False
a3612a,United States,182.49,False
a9e701,United States,39.54,False
a039ab,United States,68.91,False
a49441,United States,213.77,False
71c061,Republic of Korea,212.63,False
a12183,United States,47.77,False
a12186,United States,47.73,False
a2fdea,United States,47.01,False
71c063,Republic of Korea,222.59,False
ac53b2,United States,209.84,False
7801ad,China,76.07,False
a7edad,United States,167.74,False
a61120,United States,47.62,False
a7edaf,United States,112.08,False
0d071a,Mexico,219.85,False
a00171,United States,37.84,False
a17af7,United States,66.73,False
aaac3a,United States,51.49,False
a0149d,United States,56.78,False
a5f121,United States,5.66,True
a5046b,United States,165.16,False
7c3b18,Australia,93.32,False
71c091,Republic of Korea,5.66,True
c06752,Canada,189.83,False
a5f107,United States,44.41,False
aabf87,United States,100.22,False
a80dc4,United States,209.1,False
71c089,Republic of Korea,246.39,False
ac9c45,United States,68.99,False
ab8f8e,United States,183.16,False
a5adf1,United States,253.08,False
a80dac,United States,233.23,False
ac53d5,United States,216.62,False
a06f35,United States,73.5,False
a75710,United States,187.84,False
ac53be,United States,161.26,False
71c034,Republic of Korea,210.0,False
a48163,United States,88.22,False
c06709,Canada,209.4,False
ad99fc,United States,272.54,False
06a30d,Qatar,233.57,False
06a30b,Qatar,227.94,False
71c026,Republic of Korea,102.34,False
3c3ffc,Germany,9.26,False
a75707,United States,56.39,False
c8058d,New Zealand,47.04,False
ac53f8,United States,197.67,False
a36165,United States,4.89,True
c06723,Canada,35.33,False
add6de,United States,45.17,False
c0670f,Canada,189.64,False
a2a491,United States,41.38,False
a3615f,United States,203.93,False
c0671b,Canada,253.84,False
ab20e7,United States,291.02,False
aaac90,United States,49.56,False
040087,Ethiopia,241.9,False
71c050,Republic of Korea,163.5,False
abdf99,United States,35.8,False
ad1f7d,United States,59.21,False
a9e5ea,United States,40.8,False
c06724,Canada,221.11,False
e48854,Brazil,224.55,False
a3b110,United States,245.87,False
ab20df,United States,267.39,False
ac40d8,United States,52.08,False
a3b118,United States,83.85,False
04008d,Ethiopia,216.7,False
a1219f,United States,44.64,False
ab20f9,United States,0.06,True
a3d76f,United States,46.3,False
48520b,Kingdom of the Netherlands,234.78,False
a51770,United States,119.63,False
48520a,Kingdom of the Netherlands,219.63,False
86ef6c,Japan,267.27,False
71c043,Republic of Korea,243.0,False
0d0703,Mexico,200.88,False
71c042,Republic of Korea,248.12,False
a8c796,United States,223.1,False
424293,United Kingdom,239.94,False
a146ce,United States,124.3,False
a4819b,United States,155.05,False
a7dadc,United States,141.16,False
ab349c,United States,287.06,False
a266bf,United States,47.87,False
a0bf3c,United States,89.06,False
479ee7,Norway,227.11,False
a9d44c,United States,205.26,False
06a2e9,Qatar,5.4,True
06a2e2,Qatar,260.83,False
06a2e3,Qatar,67.64,False
a97157,United States,0.0,True
a9e784,United States,43.75,False
a8fadf,United States,197.54,False
06a2f5,Qatar,235.84,False
c1e8fa,Canada,2.83,True
a67f04,United States,198.76,False
a279cb,United States,202.5,False
a9e759,United States,46.44,False
7cf35f,Australia,4.12,False
a649b5,United States,223.29,False
a0bf1c,United States,53.88,False
a266b0,United States,109.33,False
a92dfc,United States,4.37,True
a55f31,United States,90.97,False
4b8de5,Turkey,216.35,False
a8b44e,United States,222.17,False
a8a11d,United States,121.52,False
49d414,Czech Republic,220.67,False
4b8de8,Turkey,227.71,False
add790,United States,248.04,False
49d412,Czech Republic,72.11,False
a18f3b,United States,72.23,False
a1df18,United States,159.42,False
ab59c9,United States,227.65,False
a0bf8c,United States,77.79,False
a31f74,United States,197.46,False
a7311e,United States,41.67,False
a000cc,United States,148.58,False
502ce5,Latvia,116.23,False
502ce8,Latvia,189.6,False
a7daa6,United States,183.9,False
a373c0,United States,118.96,False
502ce4,Latvia,182.75,False
a2b6d3,United States,34.82,False
a000e7,United States,57.11,False
a1cc2f,United States,74.9,False
e48808,Brazil,83.03,False
a43f3c,United States,181.67,False
a6cde2,United States,36.79,False
a75786,United States,4.63,True
a2c9ec,United States,187.21,False
502cd7,Latvia,174.03,False
a1cc46,United States,182.08,False
c804a6,New Zealand,47.38,False
3c7087,Germany,268.47,False
a9d413,United States,210.62,False
c1e8c3,Canada,4.63,True
a1df4e,United States,187.15,False
a85133,United States,1.29,True
a06f8a,United States,0.0,True
acc9b2,United States,7.2,True
c1e8ac,Canada,12.86,True
a146f9,United States,219.67,False
ab59f4,United States,86.67,False
adb182,United States,36.12,False
a9e71a,United States,36.41,False
a1df3e,United States,132.88,False
a000c9,United States,192.93,False
aa276a,United States,242.53,False
a18f92,United States,185.72,False
a61173,United States,206.76,False
0d05e4,Mexico,155.78,False
a17c65,United States,217.8,False
a18f94,United States,66.79,False
a399e4,United States,239.55,False
c052d7,Canada,164.08,False
a99754,United States,74.47,False
a120a6,United States,63.39,False
c052d3,Canada,220.84,False
a3e9b2,United States,196.22,False
c817f5,New Zealand,24.75,False
abdf22,United States,191.91,False
a399de,United States,186.61,False
aaac0c,United States,39.63,False
c804cc,New Zealand,47.21,False
c1e8a8,Canada,3.6,True
49d44a,Czech Republic,162.78,False
a6cf55,United States,56.23,False
c804d2,New Zealand,31.4,False
7c4cd0,Australia,58.25,False
c078ba,Canada,172.52,False
a67f81,United States,220.44,False
a43f7d,United States,277.95,False
a996b9,United States,89.85,False
7c4cd8,Australia,66.08,False
ac6744,United States,245.55,False
a8fc06,United States,3.6,True
899133,Taiwan,198.86,False
899135,Taiwan,240.37,False
899134,Taiwan,229.86,False
502d7a,Latvia,247.9,False
a43f83,United States,158.33,False
a4e3d0,United States,81.52,False
ac541b,United States,160.98,False
a3b0bb,United States,51.35,False
a386fb,United States,109.45,False
ab2115,United States,90.7,False
a503f0,United States,63.63,False
a29c6c,United States,38.08,False
a17c95,United States,243.67,False
a373e5,United States,219.66,False
a253dd,United States,42.75,False
a9c178,United States,44.47,False
899106,Taiwan,229.98,False
899105,Taiwan,175.53,False
7c0656,Australia,67.06,False
a31f8c,United States,142.68,False
ab2123,United States,43.65,False
aaaac1,United States,217.65,False
899107,Taiwan,5.92,True
aa26c8,United States,231.58,False
ac5435,United States,186.39,False
ab477d,United States,185.13,False
a0ac92,United States,203.77,False
ab211e,United States,38.52,False
ac5436,United States,0.0,True
406ecd,United Kingdom,271.15,False
502d9f,Latvia,216.95,False
ac4107,United States,0.0,True
a2a3af,United States,255.7,False
ad8766,United States,257.98,False
a13501,United States,188.66,False
ad8769,United States,288.69,False
a889a9,United States,50.73,False
4ba9ac,Turkey,208.19,False
a2680f,United States,90.78,False
7cf353,Australia,2.83,True
a54c15,United States,55.16,False
a6cf17,United States,57.56,False
4863db,Kingdom of the Netherlands,9.26,True
a01523,United States,118.96,False
a9c150,United States,54.37,False
c0407b,Canada,216.96,False
a8b49a,United States,231.68,False
a67f38,United States,196.54,False
405bfe,United Kingdom,255.07,False
a480cb,United States,27.48,False
a06ecc,United States,0.06,True
405bfd,United Kingdom,238.01,False
ac9abc,United States,177.43,False
46bc55,Greece,0.0,True
06a2b3,Qatar,244.42,False
06a2b4,Qatar,248.26,False
06a2b0,Qatar,249.92,False
ab214d,United States,134.32,False
a360f6,United States,46.27,False
ac9acc,United States,65.34,False
ad6116,United States,230.92,False
a7ef08,United States,131.4,False
a14824,United States,75.74,False
c04090,Canada,31.33,False
a97172,United States,46.23,False
c078b2,Canada,99.17,False
ad876e,United States,196.69,False
a360e7,United States,80.53,False
a01510,United States,274.31,False
a5af3a,United States,61.02,False
a2ec85,United States,42.4,False
a1cc9a,United States,144.97,False
a55b7a,United States,250.15,False
a67b76,United States,56.63,False
a7c8fe,United States,248.42,False
a02413,United States,200.1,False
a68e8b,United States,243.53,False
a55b7f,United States,228.82,False
a67b81,United States,282.77,False
a43b91,United States,150.18,False
ab8c91,United States,44.39,False
abdc76,United States,179.38,False
ad1c67,United States,144.38,False
ab30e6,United States,218.88,False
86dd08,Japan,246.99,False
a6cb48,United States,144.05,False
a07dc9,United States,263.61,False
a752ea,United States,204.42,False
ad83f3,United States,85.16,False
4ba8c3,Turkey,226.41,False
ad70ba,United States,198.45,False
abdc78,United States,293.35,False
abdc91,United States,171.32,False
a6cb60,United States,43.95,False
abdc92,United States,84.63,False
a81e7b,United States,92.59,False
acfc4a,United States,16.15,False
abdc96,United States,212.66,False
406d8e,United Kingdom,226.1,False
aa7f8c,United States,153.45,False
4aab15,Sweden,7.17,False
406d92,United Kingdom,217.22,False
407fc1,United Kingdom,64.78,False
a81e38,United States,168.19,False
a7c8d8,United States,111.32,False
407fc7,United Kingdom,208.18,False
a7fe27,United States,11.83,True
a06ac7,United States,63.74,False
aa7f7c,United States,218.78,False
407fac,United Kingdom,252.33,False
aa7f84,United States,52.56,False
a06aba,United States,103.83,False
a15778,United States,195.64,False
a512d6,United States,76.14,False
a3d2e5,United States,201.98,False
a68e5a,United States,214.72,False
a68e64,United States,133.94,False
a39723,United States,191.55,False
a645ee,United States,71.49,False
aba802,United States,62.21,False
a765e3,United States,39.8,False
a81e4f,United States,8.23,True
a55b69,United States,41.18,False
a03765,United States,127.71,False
aa7f4e,United States,261.43,False
a512f1,United States,56.63,False
ab4508,United States,164.7,False
a68e7c,United States,238.22,False
add3f4,United States,190.62,False
a44dd3,United States,273.48,False
7c4f8b,Australia,83.99,False
abb9b2,United States,210.57,False
7815f7,China,150.99,False
39bdab,France,129.53,False
39bdac,France,208.82,False
a51425,United States,157.91,False
a0baca,United States,212.86,False
ab9f38,United States,6.17,True
a32df9,United States,38.73,False
86dd90,Japan,0.39,True
aa7ec3,United States,196.21,False
a1314e,United States,218.49,False
a3d42b,United States,73.37,False
ab8c19,United States,258.61,False
a38439,United States,213.88,False
a2644a,United States,214.47,False
39bda4,France,226.19,False
a44db3,United States,299.64,False
aabc11,United States,199.42,False
a3973f,United States,144.94,False
4ca2c9,Ireland,5.4,True
ab43a3,United States,72.03,False
a5bdb7,United States,33.06,False
4ca2c0,Ireland,225.29,False
ab9f4b,United States,223.04,False
4ca2ab,Ireland,122.54,False
a14452,United States,193.65,False
aba6af,United States,61.01,False
ac89f7,United States,209.12,False
adc17b,United States,219.34,False
a56ddc,United States,114.95,False
abef2f,United States,255.47,False
ab43b1,United States,75.12,False
a19dff,United States,262.65,False
a1a74e,United States,50.63,False
c00da8,Canada,138.02,False
a68dd1,United States,218.59,False
ab8c37,United States,210.5,False
49d1cd,Czech Republic,209.73,False
a15795,United States,111.72,False
4ca2bf,Ireland,5.66,True
a2faf0,United States,176.21,False
a049b0,United States,45.27,False
c80478,New Zealand,32.94,False
a992e4,United States,184.17,False
3c8207,Germany,8.23,True
406d7a,United Kingdom,217.39,False
a992f0,United States,256.84,False
3b7566,France,129.54,False
0b4132,Guatemala,86.61,False
c80485,New Zealand,54.37,False
acd9d5,United States,142.51,False
406d77,United Kingdom,237.65,False
a52721,United States,171.88,False
a79b93,United States,142.51,False
406d78,United Kingdom,137.94,False
a2fad8,United States,7.46,True
acfc00,United States,77.76,False
a992c9,United States,47.55,False
ac76f5,United States,110.76,False
acc6d1,United States,219.44,False
a01180,United States,189.52,False
a7eb96,United States,17.56,False
a8d5db,United States,174.71,False
0acac2,Colombia,237.68,False
c8047f,New Zealand,50.81,False
ade6b0,United States,0.39,True
a4076a,United States,210.07,False
0acaab,Colombia,247.42,False
a1a796,United States,49.77,False
a92b66,United States,0.06,True
ad2f75,United States,167.22,False
a1449d,United States,164.01,False
47a518,Norway,146.25,False
a3711a,United States,170.8,False
ad83a8,United States,50.73,False
a7b76f,United States,55.48,False
a9942e,United States,193.87,False
a07f46,United States,93.71,False
abdac6,United States,194.22,False
aabacd,United States,47.42,False
ab313c,United States,9.26,True
c1e5ba,Canada,11.83,True
a8d763,United States,288.89,False
ac7794,United States,66.62,False
a6cad3,United States,201.53,False
a19f29,United States,230.33,False
ae075c,United States,10.29,True
4ba94c,Turkey,235.22,False
4ba94b,Turkey,277.46,False
a93df9,United States,55.13,False
a6cacb,United States,139.57,False
abedfe,United States,129.67,False
a92abb,United States,262.28,False
a20f1a,United States,124.54,False
c00e75,Canada,140.56,False
4b3309,Switzerland,55.03,False
c1e5bf,Canada,8.23,True
a036ce,United States,73.08,False
aa6ade,United States,224.66,False
a3c192,United States,193.2,False
a3c198,United States,169.82,False
4ba95a,Turkey,238.66,False
c829ab,New Zealand,227.06,False
a9940c,United States,69.25,False
c00e9d,Canada,209.33,False
a4e181,United States,176.71,False
7cf496,Australia,5.4,True
acb468,United States,188.81,False
acb469,United States,50.16,False
acc799,United States,224.98,False
4ba92f,Turkey,7.46,True
7816b5,China,247.7,False
ad7125,United States,49.55,False
a7413a,United States,55.47,False
a8d757,United States,45.8,False
a2b47f,United States,290.32,False
c00e8c,Canada,209.37,False
a7413c,United States,104.98,False
a7fdf6,United States,49.82,False
a07f44,United States,222.11,False
c1e5b2,Canada,7.72,True
a5bdcf,United States,38.24,False
8990e7,Taiwan,276.05,False
aa3781,United States,48.04,False
8990e3,Taiwan,98.77,False
aa7df3,United States,236.21,False
aa3778,United States,52.22,False
a8d71c,United States,201.79,False
aa3776,United States,2.62,False
aca14a,United States,54.89,False
a1ef57,United States,55.68,False
a5012d,United States,0.0,True
a6ddb9,United States,64.95,False
a44f0d,United States,206.74,False
acb45b,United States,64.92,False
a396a9,United States,196.81,False
a88739,United States,58.17,False
a81db1,United States,64.02,False
acb470,United States,230.6,False
a19f83,United States,51.97,False
ad846f,United States,233.98,False
a88737,United States,191.45,False
a143c6,United States,204.4,False
44083f,Austria,113.78,False
adc10b,United States,34.5,False
44083c,Austria,130.67,False
44083b,Austria,224.35,False
8990ea,Taiwan,238.96,False
a55ae8,United States,239.82,False
a67aae,United States,58.07,False
8990ec,Taiwan,231.22,False
a8d701,United States,104.13,False
c088fb,Canada,165.67,False
8990c0,Taiwan,86.5,False
a7fdbe,United States,57.53,False
a55ade,United States,154.34,False
ac0f03,United States,0.0,True
c062b8,Canada,220.07,False
a32f1b,United States,262.42,False
81a59a,India,2.57,True
a156ce,United States,37.68,False
8990d5,Taiwan,222.49,False
aa7dad,United States,130.99,False
a32f12,United States,295.39,False
a3c15d,United States,213.14,False
c816d6,New Zealand,32.38,False
a81dbc,United States,228.03,False
a79ab8,United States,1.03,True
4ca304,Ireland,95.99,False
781783,China,235.14,False
aa36c8,United States,42.4,False
a1dc60,United States,185.54,False
78044e,China,449.66,False
a3e6e3,United States,212.79,False
a010f0,United States,72.09,False
a010f7,United States,188.06,False
a539fb,United States,212.38,False
a526e6,United States,224.47,False
ac770e,United States,51.37,False
a513b9,United States,223.54,False
a406cf,United States,126.54,False
a5ac14,United States,70.48,False
781793,China,99.3,False
a20f9f,United States,38.12,False
0d08e6,Mexico,217.41,False
a526e2,United States,97.23,False
a646bc,United States,164.23,False
3c81ca,Germany,4.37,True
c816f7,New Zealand,28.37,False
a9819b,United States,111.4,False
a44f56,United States,191.8,False
ac7718,United States,35.73,False
49d357,Czech Republic,229.46,False
3c81cc,Germany,5.66,True
ad9712,United States,218.65,False
aa7f28,United States,260.5,False
a2b3a2,United States,186.37,False
0d08f3,Mexico,194.59,False
a31c32,United States,150.0,False
a406c9,United States,197.04,False
78179b,China,118.51,False
a44f49,United States,74.7,False
49d369,Czech Republic,242.44,False
a3d3ca,United States,7.2,True
0d08ef,Mexico,139.26,False
a526ed,United States,194.07,False
c00e17,Canada,75.76,False
c00e15,Canada,252.91,False
a276dd,United States,0.0,True
ab574c,United States,24.59,False
48e9f5,Poland,88.39,False
c0509f,Canada,166.41,False
48e9f4,Poland,190.69,False
a1dc2a,United States,219.64,False
acc707,United States,0.0,True
0d08fd,Mexico,229.61,False
a010e6,United States,60.78,False
aa7f06,United States,0.19,True
a9813b,United States,201.97,False
ab5763,United States,125.9,False
c05056,Canada,243.97,False
aa7f02,United States,196.81,False
aa7f01,United States,240.68,False
c05054,Canada,233.61,False
a659a2,United States,63.17,False
a2a0bb,United States,30.25,False
a659a6,United States,60.92,False
ac0dc4,United States,135.86,False
a539c9,United States,267.38,False
4b8e05,Turkey,186.8,False
a8c489,United States,65.34,False
4b8e04,Turkey,229.02,False
c05044,Canada,10.29,False
a3f9ca,United States,44.76,False
a8c484,United States,151.95,False
a8b14f,United States,47.42,False
a44f8a,United States,130.58,False
a539cd,United States,0.06,True
ac6428,United States,0.06,True
86eee4,Japan,97.83,False
c0636c,Canada,164.11,False
ac0dd9,United States,277.37,False
a3e6ad,United States,157.63,False
a92acb,United States,131.3,False
7cf450,Australia,7.46,True
0d08b3,Mexico,253.92,False
aba765,United States,130.3,False
407eec,United Kingdom,202.81,False
49d39d,Czech Republic,223.46,False
341119,Spain,192.05,False
7cf43c,Australia,2.57,True
ab4460,United States,47.33,False
c0506b,Canada,251.52,False
a92ae9,United States,176.42,False
ab3133,United States,184.09,False
407eeb,United Kingdom,6.17,True
a8c44b,United States,216.55,False
a539f5,United States,187.49,False
a396fd,United States,196.17,False
a7417e,United States,239.23,False
c05067,Canada,243.92,False
a9945d,United States,96.83,False
7cf440,Australia,2.57,True
c05060,Canada,243.37,False
ac6445,United States,179.25,False
a03816,United States,270.51,False
a8c45a,United States,200.44,False
c06589,Canada,258.16,False
a8d6de,United States,3.86,True
acb4e1,United States,59.59,False
e4999e,Brazil,184.58,False
e4999d,Brazil,243.71,False
c1e884,Canada,5.92,True
e4999f,Brazil,235.39,False
ad84f6,United States,25.72,False
0b4068,Guatemala,82.19,False
0c6040,Trinidad and Tobago,138.33,False
341216,Spain,8.75,True
a81f7b,United States,84.24,False
abca65,United States,37.57,False
0b4056,Guatemala,97.55,False
c1e897,Canada,6.17,True
a81f83,United States,2.83,True
acfd62,United States,215.49,False
71c225,Republic of Korea,136.43,False
a8d6bd,United States,150.75,False
a3e813,United States,54.18,False
0b402d,Guatemala,60.42,False
a9f6b9,United States,107.04,False
c05271,Canada,153.48,False
ad1d94,United States,95.66,False
a8c3a2,United States,234.97,False
ac9a70,United States,49.26,False
a2a0f0,United States,52.0,False
a80c87,United States,109.01,False
a8e9fd,United States,1.03,True
34250a,Spain,264.13,False
71c243,Republic of Korea,250.66,False
a6cc84,United States,181.7,False
aa11c9,United States,0.0,True
aaaa9a,United States,63.92,False
a7c9f8,United States,34.82,False
a3d3f0,United States,142.81,False
a886bf,United States,4.12,True
c0653d,Canada,289.06,False
a18bc0,United States,119.08,False
a7ff2d,United States,67.83,False
a67c3a,United States,160.78,False
aa11c1,United States,37.44,False
a38527,United States,223.26,False
74482e,Jordan,200.99,False
040260,Ethiopia,252.6,False
a1a85f,United States,63.59,False
064236,Nigeria,184.81,False
c05219,Canada,248.44,False
74483a,Jordan,245.67,False
a1a853,United States,172.48,False
48506b,Kingdom of the Netherlands,229.59,False
48506d,Kingdom of the Netherlands,255.69,False
a32eaf,United States,0.51,False
a67c63,United States,47.92,False
0b4098,Guatemala,110.9,False
a7ff34,United States,159.26,False
a92c25,United States,0.0,True
aca1dd,United States,272.47,False
c1e847,Canada,1.8,True
c06537,Canada,53.8,False
4aaa4d,Sweden,34.98,False
7cf617,Australia,7.72,True
a1a844,United States,40.16,False
a15865,United States,0.06,True
503e61,Lithuania,233.11,False
a67c72,United States,141.57,False
c82952,New Zealand,154.1,False
a67c5d,United States,151.5,False
a7ec34,United States,81.81,False
0c605c,Trinidad and Tobago,242.94,False
aa5a0e,United States,70.48,False
a07eee,United States,143.03,False
040241,Ethiopia,252.55,False
040240,Ethiopia,257.61,False
0c6061,Trinidad and Tobago,249.91,False
0c6063,Trinidad and Tobago,228.96,False
0c6064,Trinidad and Tobago,273.52,False
a1a832,United States,222.3,False
a753c1,United States,181.09,False
c05220,Canada,0.0,True
c06550,Canada,147.05,False
e4869f,Brazil,228.3,False
a06bd3,United States,190.85,False
a753be,United States,47.65,False
aba91b,United States,169.71,False
a7b6bf,United States,42.79,False
a6cc45,United States,196.14,False
a7ff3c,United States,50.51,False
ab5960,United States,54.96,False
ac0fb6,United States,257.61,False
4bca69,Turkey,193.27,False
4bca62,Turkey,134.86,False
aba7a7,United States,100.95,False
c82986,New Zealand,135.3,False
aa395b,United States,2.31,True
aa7fe4,United States,5.4,True
0d094c,Mexico,261.69,False
a2fbc1,United States,87.42,False
a49206,United States,196.36,False
503ce6,Lithuania,83.97,True
a3c21a,United States,176.16,False
a2a213,United States,0.0,True
a2a219,United States,84.05,False
a2a218,United States,37.94,False
c80336,New Zealand,36.12,False
a3c235,United States,56.41,False
ac77d3,United States,248.92,False
a3e895,United States,139.06,False
a3c233,United States,2.31,True
ab44ae,United States,255.6,False
c82997,New Zealand,56.36,False
ac64a6,United States,257.57,False
44d068,Belgium,0.0,True
a8b0dc,United States,48.12,False
a5287c,United States,64.66,False
a3852d,United States,220.56,False
a74201,United States,252.09,False
a1a87e,United States,244.79,False
a52898,United States,265.57,False
a20eee,United States,45.32,False
acc7ae,United States,146.14,False
e49900,Brazil,140.13,False
c81679,New Zealand,50.34,False
abca00,United States,224.69,False
a67bc8,United States,188.95,False
a63559,United States,191.44,False
ab7a21,United States,210.62,False
7cf4a6,Australia,8.23,True
aabd52,United States,52.43,False
a37274,United States,106.31,False
aba7dc,United States,52.48,False
a76807,United States,39.86,False
71c274,Republic of Korea,255.53,False
71c275,Republic of Korea,165.02,False
aa2607,United States,55.08,False
a37265,United States,237.88,False
aa7fa1,United States,238.85,False
acb4c1,United States,267.15,False
a980b7,United States,215.82,False
7cf4ef,Australia,4.37,True
a2fbf1,United States,246.56,False
ac64cf,United States,6.43,True
a3d51c,United States,68.01,False
ad1d3d,United States,154.99,False
a37245,United States,174.76,False
acb4b2,United States,105.01,False
a37244,United States,255.57,False
a993f4,United States,182.42,False
4ba902,Turkey,233.12,False
aaaa4a,United States,1.54,True
a3e85c,United States,69.46,False
7cf4e8,Australia,1.03,False
aaaa64,United States,7.72,True
a43bd1,United States,123.5,False
acfd2c,United States,293.21,False
aa3909,United States,109.54,False
aabd7f,United States,4.12,True
abca36,United States,66.09,False
a44eeb,United States,48.42,False
e49955,Brazil,211.82,False
71c284,Republic of Korea,224.52,False
e484e8,Brazil,93.13,False
ad2efa,United States,1.54,False
3424d5,Spain,203.66,False
a18d16,United States,66.05,False
c050c4,Canada,227.38,False
a6225b,United States,40.52,False
c050c0,Canada,10.29,True
86efd4,Japan,0.0,True
86dca2,Japan,108.8,False
7817b7,China,3.34,True
ac523c,United States,4.37,True
a4f59c,United States,90.17,False
ac789b,United States,80.58,False
acc86f,United States,42.48,False
adc204,United States,41.31,False
a4e291,United States,43.71,False
e484f9,Brazil,236.5,False
a1a7a2,United States,37.68,False
0aca5d,Colombia,164.64,False
ab3282,United States,255.84,False
a05a25,United States,7.72,True
3c09d9,Germany,203.1,False
adc238,United States,281.95,False
acb56e,United States,189.92,False
c050cf,Canada,28.01,False
c063fa,Canada,172.36,False
ad857e,United States,292.76,False
aca22e,United States,243.56,False
a2a26d,United States,242.23,False
c1e6cc,Canada,9.77,True
a9e526,United States,27.7,False
c1e6d0,Canada,7.72,True
0d07f0,Mexico,153.37,False
a64891,United States,39.31,False
a6dee4,United States,88.79,False
0d07f6,Mexico,222.32,False
ab329e,United States,152.32,False
a74224,United States,198.05,False
ad7282,United States,169.82,False
a0aa0c,United States,66.4,False
a81eca,United States,52.08,False
ad7284,United States,153.48,False
7c3d39,Australia,86.87,False
406e10,United Kingdom,236.21,False
a9f838,United States,99.31,False
a407b6,United States,26.75,False
a0aa1b,United States,7.46,True
c00f4c,Canada,28.85,False
ad7274,United States,214.29,False
a93ee7,United States,32.39,False
3c817b,Germany,5.66,True
8991e4,Taiwan,259.75,False
aa253b,United States,309.75,False
8991e6,Taiwan,98.2,False
a0bd33,United States,251.12,False
aa6bc0,United States,245.23,False
0aca8e,Colombia,128.36,False
0aca8d,Colombia,187.06,False
c828d4,New Zealand,229.39,False
c050a0,Canada,67.39,False
a277e2,United States,91.18,False
a93eb8,United States,254.04,False
3c818e,Germany,10.29,True
3c818f,Germany,5.92,True
a63595,United States,101.4,False
a7687b,United States,213.77,False
ad727d,United States,143.47,False
a0bd47,United States,48.91,False
a011ac,United States,216.7,False
c076f4,Canada,46.48,False
3c8190,Germany,4.63,True
a3c291,United States,143.8,False
a6deeb,United States,34.78,False
c828ec,New Zealand,34.2,False
0d07b3,Mexico,237.06,False
aa37ce,United States,287.7,False
a384f2,United States,193.97,False
a9d284,United States,0.0,True
4ca251,Ireland,246.92,False
aa6d1b,United States,106.02,False
ab4529,United States,122.55,False
a67d2f,United States,193.03,False
a42a10,United States,211.6,False
4ca244,Ireland,216.05,False
a42a15,United States,146.24,False
a647e6,United States,29.33,False
a1a7fd,United States,43.73,False
ab9ed7,United States,3.86,True
a7b7c5,United States,5.66,True
a384d5,United States,115.62,False
407fcd,United Kingdom,164.15,False
0d07ca,Mexico,218.25,False
ab3214,United States,191.15,False
a384ab,United States,183.87,False
a1ca0d,United States,222.99,False
a7b7b3,United States,49.99,False
a1a7eb,United States,127.49,False
c00f37,Canada,72.55,False
44093e,Austria,218.74,False
a29a37,United States,232.25,False
a42a5c,United States,237.97,False
a7a59f,United States,260.18,False
a8b266,United States,139.83,False
ab321c,United States,272.14,False
a527ab,United States,52.46,False
a9e575,United States,43.66,False
4ca293,Ireland,209.81,False
a31d9c,United States,204.34,False
ae4ea3,United States,123.68,False
a3e7bf,United States,66.51,False
e497e6,Brazil,206.27,False
4ca27f,Ireland,221.52,False
ab588d,United States,0.0,True
a29a94,United States,63.17,False
4ca27c,Ireland,221.16,False
0aca28,Colombia,189.19,False
49d275,Czech Republic,51.0,False
a8b26e,United States,79.93,False
c00f07,Canada,82.83,False
ad8547,United States,219.07,False
a0aa7c,United States,261.67,False
abeeea,United States,214.54,False
4ca24f,Ireland,137.51,False
4ca24e,Ireland,120.4,False
4ca24d,Ireland,177.67,False
c05190,Canada,180.23,False
a647b0,United States,47.67,False
acb541,United States,224.76,False
4ca256,Ireland,216.19,False
aba86c,United States,168.67,False
a54a02,United States,32.02,False
a2b4ea,United States,277.01,False
a1ca64,United States,215.55,False
a55d31,United States,0.0,False
ab324a,United States,108.21,False
ac6573,United States,295.99,False
a384f8,United States,0.06,True
407fff,United Kingdom,234.06,False
a67d17,United States,166.18,False
0d07a8,Mexico,224.42,False
a3d4c6,United States,250.47,False
a1ca5f,United States,147.32,False
acb537,United States,215.04,False
a1cdd4,United States,92.69,False
781949,China,71.54,False
a1110d,United States,156.24,False
a28ab5,United States,206.89,False
78193a,China,225.32,False
71c353,Republic of Korea,202.21,False
71c354,Republic of Korea,207.32,False
406b82,United Kingdom,238.14,False
a4e714,United States,259.61,False
406b80,United Kingdom,238.28,False
a17df8,United States,83.24,False
a04add,United States,40.49,False
a3b414,United States,116.74,False
a7cb89,United States,253.87,False
a1244b,United States,222.12,False
a1244d,United States,216.25,False
a30dc5,United States,240.41,False
71c346,Republic of Korea,263.24,False
a13790,United States,58.27,False
a89b7a,United States,43.41,False
a16aa6,United States,133.81,False
a04ac5,United States,64.47,False
406b5a,United Kingdom,239.98,False
406b5b,United Kingdom,234.58,False
a9c2ad,United States,219.77,False
406b62,United Kingdom,143.83,False
ab2520,United States,95.24,False
a0044e,United States,79.14,False
a8a2da,United States,39.01,False
a9c2d5,United States,41.69,False
486073,Kingdom of the Netherlands,262.68,False
486071,Kingdom of the Netherlands,268.47,False
71c364,Republic of Korea,90.36,False
71c365,Republic of Korea,2.06,True
a1242d,United States,197.2,False
ab7ebc,United States,246.7,False
a4e746,United States,244.4,False
71c362,Republic of Korea,263.06,False
e4a484,Brazil,149.53,False
407e82,United Kingdom,237.56,False
a7de89,United States,0.06,True
ab1203,United States,185.49,False
a77b76,United States,216.96,False
ab6ba6,United States,150.02,False
a7cb53,United States,8.75,True
ac583f,United States,227.52,False
a90b56,United States,48.7,False
a972c8,United States,136.7,False
7c2ac0,Australia,246.99,False
a8fe5d,United States,205.75,False
aaaebc,United States,57.75,False
ab385e,United States,227.26,False
a985ee,United States,66.03,False
7c810d,Australia,137.63,False
a36466,United States,30.46,False
7c810c,Australia,112.5,False
a972d3,United States,184.44,False
7c8100,Australia,109.55,False
a91e92,United States,63.39,False
ad7828,United States,104.63,False
a3776f,United States,137.04,False
a9d5e5,United States,174.57,False
ab120a,United States,206.01,False
71c303,Republic of Korea,250.52,False
a1babb,United States,162.93,False
c82ae4,New Zealand,8.23,True
a25785,United States,247.17,False
a1245e,United States,12.35,True
71c332,Republic of Korea,206.68,False
71c337,Republic of Korea,2.31,True
a9e8ce,United States,3.09,True
090020,Angola,132.73,False
a23138,United States,91.57,False
ab1239,United States,217.0,False
e49c02,Brazil,198.33,False
e49c01,Brazil,232.0,False
a7de93,United States,277.44,False
71c326,Republic of Korea,253.67,False
a8a2b8,United States,48.94,False
aa4c87,United States,218.15,False
a91e6e,United States,0.06,True
a1cdf2,United States,47.55,False
ad0ed1,United States,123.89,False
06a064,Qatar,237.66,False
7cf715,Australia,4.12,True
a29dee,United States,198.76,False
155c6c,Russian Federation,176.24,False
a12484,United States,145.04,False
a4972c,United States,238.64,False
a3a155,United States,212.79,False
a6aab5,United States,0.0,True
7cf5ec,Australia,2.06,True
a8b746,United States,33.25,False
a0af01,United States,86.74,False
ab10b6,United States,60.2,False
406b05,United Kingdom,235.87,False
39cea9,France,239.43,False
a2dafe,United States,112.8,False
adc6b7,United States,55.65,True
a05f37,United States,175.47,False
aca6c0,United States,208.4,False
a2318d,United States,47.35,False
abbc52,United States,186.83,False
a029e4,United States,211.13,False
a9d738,United States,31.09,False
a3faff,United States,53.75,False
3420c6,Spain,53.88,False
a9d72d,United States,252.17,False
a4d483,United States,254.76,False
a48475,United States,57.48,False
a149c1,United States,203.42,False
7cf5e8,Australia,2.83,True
48e95e,Poland,216.12,False
7cf5e0,Australia,9.77,True
ac9f88,United States,98.95,False
48e95a,Poland,185.04,False
c82afb,New Zealand,76.62,False
a96109,United States,183.42,False
a5f451,United States,217.78,False
7c2b59,Australia,0.0,True
c04463,Canada,237.04,False
7cf5cb,Australia,0.0,True
e07191,Argentina,197.21,False
ab10d4,United States,231.02,False
ad50a9,United States,199.14,False
7cf5d4,Australia,0.39,True
a7dde1,United States,293.5,False
39cea2,France,133.51,False
39cea5,France,166.52,False
a05f12,United States,189.44,False
ac43f9,United States,238.84,False
39cea8,France,220.83,False
c04453,Canada,245.66,False
a4c170,United States,260.44,False
a9d70a,United States,47.39,False
39cea0,France,217.19,False
a98740,United States,52.02,False
a6147f,United States,114.3,False
a77ad8,United States,169.68,False
acdc40,United States,109.17,False
a6aaba,United States,232.81,False
aaf0ce,United States,246.95,False
ab10df,United States,262.65,False
acdc5a,United States,6.43,True
acdc66,United States,55.3,False
47c968,Norway,261.82,False
a42f04,United States,26.87,False
a16c17,United States,103.92,False
c0572b,Canada,54.02,False
a73410,United States,287.97,False
71c398,Republic of Korea,217.42,False
aaf0e4,United States,62.76,False
abbc75,United States,178.29,False
c05734,Canada,0.0,True
407e71,United Kingdom,232.83,False
c05737,Canada,20.58,False
71c394,Republic of Korea,245.08,False
407e5f,United Kingdom,233.2,False
ac30e9,United States,197.39,False
aa0531,United States,200.46,False
0d02da,Mexico,174.51,False
a4d434,United States,62.76,False
a4c104,United States,82.98,False
407e68,United Kingdom,231.4,False
407e63,United Kingdom,206.9,False
407e60,United Kingdom,208.46,False
71c382,Republic of Korea,254.04,False
407e61,United Kingdom,222.06,False
71c383,Republic of Korea,128.89,False
407e4e,United Kingdom,223.29,False
a3a138,United States,35.29,False
c0440e,Canada,67.72,False
46dca2,Greece,199.04,False
407e56,United Kingdom,272.86,False
407e53,United Kingdom,233.65,False
a9c2ef,United States,45.8,False
406b0a,United Kingdom,169.68,False
aaf0ff,United States,194.34,False
a66dea,United States,172.16,False
a003a9,United States,58.85,False
407e45,United Kingdom,225.15,False
407e46,United Kingdom,253.75,False
a3a152,United States,0.0,True
aaaf07,United States,42.29,False
a8a490,United States,177.9,False
a96172,United States,121.89,False
a123e2,United States,199.19,False
ab7f18,United States,56.58,False
a1cf6b,United States,7.46,True
a243d2,United States,134.59,False
a389f8,United States,180.15,False
ac69b6,United States,220.59,False
a519ea,United States,52.71,False
a3b3a7,United States,61.66,False
a389eb,United States,198.98,False
a506d1,United States,195.96,False
a4e6c0,United States,198.06,False
a4f9f0,United States,60.03,False
a256bf,United States,26.2,False
a17f70,United States,89.51,False
a9d782,United States,40.42,False
ab6c08,United States,213.03,False
a3fc34,United States,59.06,False
a9c457,United States,67.72,False
a1bc29,United States,238.56,False
a05f94,United States,10.85,False
a84197,United States,93.24,False
a54f68,United States,55.51,False
407cf7,United Kingdom,81.32,False
a123bf,United States,218.6,False
a4719e,United States,46.37,False
a4719a,United States,77.77,False
ab49f2,United States,56.6,False
47a1ef,Norway,212.38,False
a28c23,United States,89.93,False
a639f5,United States,181.03,False
acef18,United States,233.43,False
a230d1,United States,138.68,False
a6aaf5,United States,64.16,False
440610,Austria,112.83,False
a2a6fe,United States,233.32,False
a01805,United States,188.08,False
acb9bf,United States,8.75,True
a41c56,United States,249.21,False
868db5,Japan,73.14,False
aaaf58,United States,85.5,False
440606,Austria,241.64,False
440605,Austria,239.0,False
ab23b5,United States,217.3,False
a9b118,United States,53.61,False
a519b8,United States,0.0,True
a41c45,United States,35.53,False
ad0f29,United States,271.0,False
a376fe,United States,239.91,False
a376ec,United States,180.84,False
a85493,United States,110.79,False
ac56d9,United States,230.06,False
440631,Austria,227.53,False
a496cb,United States,226.91,False
add9c1,United States,31.9,False
a8b75f,United States,266.1,False
48c1a7,Poland,226.25,False
a1cf96,United States,42.1,False
48c1a4,Poland,187.57,False
48c1a2,Poland,223.8,False
a9876e,United States,105.53,False
a1bc3b,United States,51.31,False
a9610a,United States,55.0,False
a243de,United States,122.65,False
a110d5,United States,121.74,False
a8a43a,United States,137.87,False
a1bc55,United States,35.5,False
ab1122,United States,201.27,False
c055cd,Canada,0.0,True
a5f3cf,United States,34.47,True
7c8031,Australia,100.42,False
aaaddc,United States,203.18,False
a9d6b4,United States,51.08,False
c055d8,Canada,109.6,False
7c802e,Australia,104.02,False
ad774b,United States,54.99,False
ac5765,United States,145.92,False
7c802a,Australia,120.19,False
7cf65c,Australia,8.75,True
06a078,Qatar,239.43,False
06a079,Qatar,232.41,False
aca757,United States,126.93,False
ad7760,United States,222.97,False
a613e7,United States,235.6,False
aaadf8,United States,227.63,False
a9d6c0,United States,46.78,False
7c8023,Australia,135.33,False
06a080,Qatar,271.98,False
7cf669,Australia,2.06,True
a6bf5a,United States,270.29,False
a25814,United States,84.17,False
c055c6,Canada,154.72,False
ac8ac2,United States,50.78,False
7c801c,Australia,127.52,False
c055d6,Canada,171.86,False
a613f3,United States,32.72,False
a89c25,United States,60.68,False
ac4446,United States,91.32,False
a6ac43,United States,243.59,False
a89c29,United States,189.01,False
a3a0ed,United States,244.58,False
aca75a,United States,45.92,False
c055eb,Canada,82.76,False
39cf07,France,275.52,False
abbac4,United States,64.31,False
39cf08,France,225.93,False
aa5f7c,United States,259.35,False
a8ec03,United States,126.24,False
a590f3,United States,69.49,False
39cf03,France,266.66,False
a01820,United States,223.84,False
aa4c3e,United States,4.37,True
ab6af3,United States,121.24,False
503d74,Lithuania,259.14,False
a42f8b,United States,193.28,False
a1bc92,United States,225.48,False
a9d6a2,United States,7.46,True
155c32,Russian Federation,191.44,False
39cf10,France,156.65,False
a600e4,United States,288.68,False
c055f2,Canada,90.87,False
e49b0a,Brazil,242.65,False
aa4c42,United States,201.52,False
acdaa5,United States,0.0,True
3949f9,France,243.35,False
ac578c,United States,197.49,False
3949f7,France,220.6,False
ab1161,United States,105.13,False
ad7796,United States,202.15,False
ab6afa,United States,80.29,False
ab2496,United States,212.36,False
a759f1,United States,263.79,False
a4d3b5,United States,74.99,False
a0186d,United States,53.11,False
a759eb,United States,231.82,False
a65c29,United States,220.6,False
a54f80,United States,136.16,False
7c806e,Australia,154.99,False
a3fc58,United States,221.45,False
aa5f64,United States,179.31,False
acedf0,United States,179.35,False
a04bbe,United States,179.04,False
a24529,United States,256.86,False
aa03a2,United States,84.51,False
aa4c1a,United States,0.0,True
ab249d,United States,209.38,False
adb437,United States,176.28,False
407cd1,United Kingdom,257.41,False
a3b3e5,United States,0.0,True
a29eb6,United States,191.03,False
acedf5,United States,76.03,False
a2450b,United States,69.97,False
aca788,United States,240.77,False
a3b3df,United States,3.6,True
407cad,United Kingdom,161.92,False
ac4499,United States,75.37,False
e4a2b7,Brazil,145.36,False
407caf,United Kingdom,163.21,False
a9618a,United States,241.79,False
a733a2,United States,56.41,False
407cb2,United Kingdom,192.52,False
a866aa,United States,10.29,True
a24508,United States,215.08,False
a7df35,United States,44.82,False
407cb1,United Kingdom,202.05,False
0d0380,Mexico,230.58,False
ab7f05,United States,36.82,False
ad646e,United States,214.33,False
0d0383,Mexico,194.07,False
a7a9cd,United States,230.36,False
a00547,United States,241.95,False
7cf66a,Australia,2.57,True
a78f4e,United States,52.17,False
a3a0ca,United States,194.04,False
4010ee,United Kingdom,0.0,True
4010eb,United Kingdom,134.55,False
a2eed9,United States,57.05,False
78072a,China,240.82,False
a2eed5,United States,34.16,False
ac5920,United States,144.28,False
7c2ba8,Australia,217.76,False
aa1959,United States,91.38,False
e4a393,Brazil,128.73,False
e4a390,Brazil,217.98,False
e4a394,Brazil,65.22,False
ab2623,United States,52.96,False
acca88,United States,252.21,False
4406de,Austria,218.11,False
a29ef4,United States,48.12,False
adea75,United States,47.22,False
4010dc,United Kingdom,232.28,False
aaafc5,United States,177.64,False
a53ba4,United States,185.17,False
a4e84a,United States,4.43,False
ab3967,United States,58.53,False
a3650a,United States,66.22,False
a4e851,United States,31.18,False
a4d520,United States,56.81,False
406c81,United Kingdom,0.0,True
aaafd1,United States,118.94,False
406c80,United Kingdom,228.7,False
a54ee7,United States,226.34,False
a65ba7,United States,213.32,False
a0056b,United States,45.51,False
a0056e,United States,184.25,False
a3a222,United States,232.55,False
a3a224,United States,51.66,False
76b443,Singapore,162.32,False
76b447,Singapore,236.72,False
a4d533,United States,54.88,False
406c71,United Kingdom,230.1,False
a2452f,United States,219.6,False
a8ec94,United States,73.05,False
a2452c,United States,195.33,False
a2452a,United States,212.0,False
a37842,United States,207.34,False
a74833,United States,40.52,False
ab3982,United States,188.11,False
ad6623,United States,39.67,False
78076d,China,224.61,False
78076e,China,236.85,False
78076b,China,225.55,False
ab7fee,United States,0.0,True
76b44d,Singapore,180.66,False
4b9e55,Turkey,233.15,False
ac9ff2,United States,213.08,False
a47221,United States,182.39,False
ac3315,United States,216.18,False
acefb2,United States,46.41,False
a9d6d1,United States,28.52,False
7c2baf,Australia,233.78,False
a8b6df,United States,56.75,False
c03297,Canada,88.34,False
af0948,United States,74.5,False
7c2bc6,Australia,0.0,True
c88019,Fiji,84.96,False
7c2bc5,Australia,102.03,False
a973c7,United States,172.71,False
a24573,United States,98.26,False
a9e9ef,United States,176.23,False
a50833,United States,64.39,False
aa3a85,United States,86.17,False
aca976,United States,82.47,False
a35220,United States,237.07,False
a2457b,United States,40.65,False
a973d6,United States,267.55,False
a3520e,United States,221.3,False
aca94b,United States,288.74,False
7c2bb0,Australia,223.42,False
a9e9fb,United States,34.32,False
a9e9fe,United States,71.23,False
ac3338,United States,259.06,False
a973e0,United States,111.11,False
a36556,United States,108.78,False
a8ec57,United States,256.3,False
ab24ee,United States,97.62,False
a9c50d,United States,202.48,False
e4a308,Brazil,156.99,False
a9c50b,United States,4.37,True
acca19,United States,280.64,False
c0322e,Canada,127.88,False
a65bf2,United States,172.31,False
a8553f,United States,234.14,False
ac7a33,United States,0.0,True
7bb0bb,China,199.56,False
a137b9,United States,55.41,False
acdd2e,United States,100.57,False
a85575,United States,160.55,False
407f2c,United Kingdom,270.99,False
407f2d,United Kingdom,218.34,False
407f38,United Kingdom,239.98,False
a017a8,United States,250.14,False
a7cbcc,United States,296.24,False
7c80ae,Australia,148.17,False
407f35,United Kingdom,215.36,False
abaa43,United States,0.0,True
a8b848,United States,212.98,False
407f1f,United Kingdom,118.06,False
ad9a3d,United States,274.93,False
ab6d9e,United States,28.33,False
a90ba7,United States,48.38,False
407f1e,United Kingdom,142.54,False
407f1b,United Kingdom,140.92,False
a9c506,United States,210.22,False
ac7a5b,United States,244.71,False
a3524f,United States,47.69,False
a3524e,United States,255.27,False
acca32,United States,165.73,False
a1bd0d,United States,64.31,False
a9d807,United States,221.26,False
a004d9,United States,257.72,False
a257bc,United States,210.2,False
407f8c,United Kingdom,261.86,False
a50894,United States,201.12,False
aa0663,United States,50.06,False
a15a07,United States,58.82,False
a5f52d,United States,0.0,True
abbd8d,United States,141.27,False
a15a08,United States,92.6,False
aa1994,United States,72.34,False
a6152a,United States,250.13,False
c05858,Canada,229.45,False
c05840,Canada,240.31,False
aaf1fa,United States,221.85,False
407f7b,United Kingdom,235.46,False
a28d0b,United States,50.66,False
407f7a,United Kingdom,240.6,False
a6153e,United States,181.83,False
407f6e,United Kingdom,159.52,False
a61560,United States,48.63,False
a7debf,United States,228.63,False
a16d22,United States,191.04,False
a6bede,United States,63.77,False
a6abae,United States,154.38,False
ac5904,United States,230.76,False
a78ef3,United States,80.13,False
a4d56e,United States,77.05,False
407f5f,United Kingdom,140.57,False
a16d30,United States,152.81,False
adfd80,United States,151.38,False
407f66,United Kingdom,240.56,False
407f63,United Kingdom,128.79,False
7c80f6,Australia,103.93,False
406c39,United Kingdom,268.03,False
a5e229,United States,306.91,False
a73549,United States,36.01,False
407f60,United Kingdom,251.93,False
a5f551,United States,182.82,False
a53d27,United States,68.65,False
a4e7c3,United States,92.57,False
a1aa39,United States,68.17,False
a39a19,United States,115.31,False
a9c593,United States,235.73,False
a747a8,United States,53.29,False
a3b4b5,United States,99.64,False
c05818,Canada,64.28,False
a231a6,United States,207.77,False
e49a8a,Brazil,230.28,False
a9b273,United States,214.64,False
a2dd1f,United States,204.19,False
c82b09,New Zealand,1.8,True
a3b4c7,United States,198.01,False
a3b4c8,United States,186.63,False
a9b279,United States,205.63,False
a84292,United States,36.1,False
a53d2c,United States,193.14,False
ada296,United States,185.33,False
a1aa10,United States,226.52,False
c0581a,Canada,82.86,False
a3b4d1,United States,57.56,False
c82b16,New Zealand,231.82,False
c82b10,New Zealand,46.17,False
a867a2,United States,34.47,False
e49a86,Brazil,226.49,False
a591a4,United States,80.46,False
ac57af,United States,0.0,True
ac57d2,United States,69.3,False
407f0d,United Kingdom,216.81,False
abbd0a,United States,202.13,False
a8557a,United States,140.11,False
a5e293,United States,0.0,True
a1aa4e,United States,72.54,False
a0191e,United States,157.72,False
a364f8,United States,160.49,False
47a2f4,Norway,58.52,False
ac57f9,United States,208.26,False
a9887c,United States,124.85,False
ac8d3c,United States,203.01,False
a364e7,United States,264.53,False
ad9a01,United States,58.5,False
a111f3,United States,92.65,False
abaa09,United States,49.45,False
7cf6b0,Australia,3.86,False
a497f2,United States,51.22,False
a9755d,United States,40.98,False
48c2ad,Poland,252.69,False
48c2ab,Poland,0.0,True
abaa0a,United States,46.71,False
86220c,Japan,278.29,False
a40a17,United States,170.6,False
a244fd,United States,25.73,False
a3b4a4,United States,59.63,False
ab24f7,United States,213.38,False
a5e29a,United States,151.97,False
a2a7eb,United States,183.2,False
c030f7,Canada,226.3,False
48c2b3,Poland,208.4,False
342398,Spain,233.23,False
a1bd6a,United States,223.66,False
48c2b1,Poland,207.91,False
48c2b2,Poland,215.82,False
48c2b0,Poland,219.68,False
a17fb5,United States,178.87,False
ab1242,United States,191.14,False
886285,Thailand,247.06,False
a76a3a,United States,262.58,False
a0afa5,United States,156.12,False
ad520a,United States,49.24,False
48c2a8,Poland,223.93,False
48c2a9,Poland,216.61,False
a987ec,United States,93.22,False
a471ec,United States,188.9,False
a9d7c8,United States,0.0,True
48c2a4,Poland,205.96,False
48c2a5,Poland,227.91,False
48c2a2,Poland,117.03,False
a00639,United States,299.37,False
abcedd,United States,172.43,False
48c2a0,Poland,0.77,True
abbbae,United States,4.12,True
48c2a1,Poland,71.36,False
a64a73,United States,236.14,False
a3c900,United States,0.39,True
a9d7e4,United States,44.59,False
c043b7,Canada,90.5,False
a9fa04,United States,205.37,False
71c508,Republic of Korea,272.92,False
ab124f,United States,165.08,False
a00646,United States,195.29,False
a471db,United States,136.65,False
a6ad69,United States,49.9,False
a50900,United States,205.03,False
a471e0,United States,226.45,False
ae2ef8,United States,57.84,False
aa4d77,United States,219.17,False
71c539,Republic of Korea,91.5,False
a52a99,United States,294.42,False
a8ed0a,United States,33.66,False
a4c1fc,United States,239.12,False
a841c0,United States,138.91,False
a8a4a2,United States,47.82,False
34368c,Spain,7.2,True
45ab53,Denmark,198.78,False
88628e,Thailand,252.83,False
ae2eef,United States,90.21,False
adb52f,United States,25.73,False
a40a4c,United States,149.36,False
886291,Thailand,255.84,False
a77d7a,United States,46.57,False
7c2ad8,Australia,0.0,True
a854df,United States,281.03,False
71c522,Republic of Korea,276.67,False
a27a94,United States,216.77,False
a2ca64,United States,201.16,False
a89d0a,United States,169.88,False
a9b29a,United States,10.29,True
a6ad37,United States,66.51,False
5113ce,Estonia,5.14,False
a11324,United States,48.82,False
a65d45,United States,151.69,False
a30faf,United States,0.06,True
ac459f,United States,211.57,False
406ac4,United Kingdom,218.3,False
a614d0,United States,66.06,False
7c8190,Australia,71.91,False
af3bdd,United States,126.29,False
a591c8,United States,42.38,False
a05ff5,United States,154.1,False
a721a4,United States,231.12,False
ad526b,United States,206.65,False
ad526c,United States,96.4,False
a591d5,United States,126.07,False
e49a1b,Brazil,141.88,False
7c8168,Australia,8.23,True
a24626,United States,51.41,False
acdbee,United States,224.81,False
e49a48,Brazil,244.57,False
a0afca,United States,50.95,False
407dbf,United Kingdom,261.65,False
ae1bee,United States,75.32,False
a11316,United States,46.41,False
ae1bef,United States,191.4,False
e49a2e,Brazil,253.33,False
ad5273,United States,118.59,False
a43ea7,United States,204.03,False
a43ea6,United States,236.45,False
780851,China,263.92,False
a8fc72,United States,247.15,False
a12216,United States,24.32,False
0d065f,Mexico,88.67,False
a43ea2,United States,205.92,False
a1485a,United States,0.0,True
a730eb,United States,83.68,False
a01567,United States,237.95,False
a37517,United States,2.83,True
a8a0c1,United States,226.52,False
71c594,Republic of Korea,252.07,False
e4a274,Brazil,48.31,False
a13541,United States,266.52,False
a12222,United States,40.67,False
aced7a,United States,222.81,False
a78c8f,United States,300.2,False
801408,India,247.77,False
801406,India,260.34,False
801409,India,266.51,False
a55ea7,United States,37.04,False
45cf22,Denmark,136.25,False
a8a0d9,United States,238.01,False
45cf24,Denmark,189.24,False
789204,China,245.52,False
45cf21,Denmark,214.16,False
a05bde,United States,268.95,False
ad0d9d,United States,181.61,False
71c580,Republic of Korea,240.22,False
ad61de,United States,4.37,True
ac8a9c,United States,157.66,False
a3c514,United States,213.99,False
a2b810,United States,216.95,False
789214,China,274.14,False
48c12b,Poland,8.23,True
a850dc,United States,209.74,False
a850de,United States,38.95,True
7c3fc3,Australia,131.37,False
48c135,Poland,215.76,False
a3d857,United States,72.39,False
789218,China,276.24,False
48c133,Poland,214.11,False
48c134,Poland,221.99,False
48c131,Poland,0.0,True
a18ecb,United States,194.47,False
86ce81,Japan,195.55,False
a9e6df,United States,106.63,False
aabfb3,United States,160.63,False
a2a53d,United States,77.6,False
48c128,Poland,160.32,False
a730b2,United States,70.39,False
a2b86b,United States,35.79,False
48c125,Poland,235.14,False
789229,China,10.29,True
48c122,Poland,49.39,True
48c123,Poland,180.26,False
a3b0f3,United States,170.48,False
789234,China,255.24,False
aa01de,United States,222.6,False
a2fee9,United States,221.45,False
71c552,Republic of Korea,226.04,False
71c555,Republic of Korea,186.32,False
a7ef5b,United States,195.91,False
a7ef5c,United States,124.93,False
ab8fd0,United States,290.55,False
a12253,United States,40.44,False
a6cf94,United States,8.23,True
a8c6e1,United States,210.02,False
a0026e,United States,135.86,False
80143a,India,276.72,False
a0abee,United States,200.08,False
ab2308,United States,52.16,False
a91c54,United States,7.72,True
ab3639,United States,223.06,False
a31edd,United States,188.28,False
a8fc2e,United States,242.95,False
a1225a,United States,6.94,True
789244,China,251.14,False
ab362c,United States,196.39,False
ab8fcd,United States,64.46,False
a7ef4b,United States,180.53,False
789241,China,246.5,False
ab7cb0,United States,39.87,False
80140c,India,246.51,False
7cd314,Australia,29.93,False
ac694f,United States,294.62,False
78923f,China,156.55,False
aa4a4f,United States,163.18,False
a49510,United States,42.18,True
71c577,Republic of Korea,7.2,True
a17bd2,United States,50.81,False
ab230f,United States,54.08,False
789251,China,253.9,False
acffb4,United States,142.76,False
acffb7,United States,199.65,False
a6bc84,United States,49.55,False
71c570,Republic of Korea,237.95,False
aabff1,United States,52.71,False
80141c,India,145.81,False
ad8935,United States,292.72,False
ab8fee,United States,169.81,False
ac9cb1,United States,55.26,False
ad1fc8,United States,193.89,False
801431,India,224.35,False
71c563,Republic of Korea,235.6,False
aaacc3,United States,116.81,False
aabff5,United States,57.53,False
a0158b,United States,245.84,False
a0158a,United States,185.64,False
71c561,Republic of Korea,4.89,True
a12241,United States,47.73,False
789260,China,227.67,False
e4a284,Brazil,40.25,False
a63883,United States,245.61,False
aaad49,United States,218.48,False
a67ef3,United States,55.66,False
ad0d20,United States,155.72,False
ab34d6,United States,143.1,False
a98515,United States,221.25,False
a50579,United States,40.33,False
a3c586,United States,42.82,False
a8c840,United States,201.83,False
a6cec4,United States,209.99,False
a1229c,United States,43.8,False
e0958e,Argentina,199.91,False
440484,Austria,86.77,False
adb29f,United States,189.05,False
a74535,United States,194.37,False
a3b268,United States,220.63,False
a42bd4,United States,189.48,False
a9980e,United States,59.99,False
ab34f3,United States,210.46,False
a1226e,United States,207.97,False
a8785b,United States,218.19,False
a54bfb,United States,79.19,False
a43eec,United States,129.52,False
add7c9,United States,234.26,False
ab34ea,United States,271.16,False
aced2f,United States,37.84,False
a43eed,United States,164.38,False
aced23,United States,224.12,False
a2b891,United States,76.17,False
80145a,India,167.4,False
7c81d6,Australia,14.4,False
ac8a1f,United States,26.76,False
aaad6d,United States,96.32,False
a05d24,United States,71.94,False
aca4cb,United States,47.47,False
aa1635,United States,214.81,False
e4a21a,Brazil,151.22,False
c06828,Canada,67.68,False
aa6fca,United States,200.88,False
a79ea0,United States,199.96,False
c06810,Canada,230.11,False
abba54,United States,178.23,False
a8c802,United States,222.89,False
a54bb3,United States,270.28,False
a50549,United States,0.0,True
aaad8f,United States,49.39,True
e4a202,Brazil,231.86,False
a54bab,United States,281.62,False
a3d87d,United States,187.48,False
a3d87c,United States,290.25,False
a7a823,United States,46.31,False
abcd7a,United States,226.21,False
a24293,United States,57.1,False
abba55,United States,5.92,True
a3d890,United States,181.02,False
a4f86a,United States,122.4,False
abba5f,United States,53.38,False
a54bbf,United States,242.78,False
a4d220,United States,175.55,False
4cc4f1,Iceland,225.01,False
a36279,United States,207.69,False
a29d37,United States,263.43,False
a1cd1d,United States,47.39,False
7cf7b9,Australia,0.51,False
adc55d,United States,235.92,False
ac4279,United States,270.51,False
a267f0,United States,1.54,True
a30d18,United States,132.43,False
440409,Austria,202.41,False
adb232,United States,34.68,False
acb89b,United States,136.25,False
06a1c0,Qatar,265.82,False
adc569,United States,42.8,False
a97279,United States,215.66,False
0d04df,Mexico,219.98,False
aa0292,United States,250.96,False
a267c9,United States,266.38,False
a014c9,United States,257.46,False
407ac3,United Kingdom,240.43,False
a04a28,United States,42.34,False
a54d26,United States,41.67,False
440425,Austria,206.91,False
a97251,United States,221.27,False
a8fbe8,United States,38.67,False
a8b56f,United States,211.71,False
ac429b,United States,90.87,False
06a1de,Qatar,256.12,False
a241c4,United States,62.83,False
a374cc,United States,59.04,True
c066fb,Canada,0.0,True
4bb847,Turkey,65.82,False
4bb844,Turkey,220.39,False
4bb842,Turkey,228.42,False
a254dd,United States,226.32,False
a254da,United States,4.89,True
a28a53,United States,0.0,True
a8521f,United States,223.27,False
a2b7f5,United States,225.49,False
a7dbae,United States,42.29,False
ac9d03,United States,36.68,False
a9854e,United States,220.45,False
c053bb,Canada,73.58,False
a7dbaa,United States,148.41,False
a4d284,United States,108.17,False
ab34a6,United States,222.0,False
4bb84d,Turkey,135.52,False
ab34a7,United States,171.2,False
4bb84a,Turkey,202.76,False
343386,Spain,215.51,False
c1e9e8,Canada,1.54,True
343385,Spain,227.73,False
a04a4d,United States,200.56,False
aa0243,United States,0.06,True
a2b7cd,United States,5.92,True
a05d92,United States,212.96,False
a387f0,United States,201.16,False
a1cd55,United States,227.33,False
a4d27c,United States,196.08,False
7cf7bf,Australia,0.19,False
7cf7ba,Australia,0.51,False
a29d48,United States,0.0,True
a267f8,United States,34.51,False
ab7d44,United States,51.08,False
a29d3e,United States,6.69,True
a05d8d,United States,149.73,False
aa1568,United States,95.61,False
0d04bb,Mexico,165.39,False
a3d7a7,United States,6.94,True
adb293,United States,,True
a28a22,United States,212.95,False
ad87a9,United States,76.67,False
a254d6,United States,267.36,False
c1e9f0,Canada,6.69,True
a7dbd2,United States,49.27,False
344699,Spain,245.37,False
aa01b3,United States,184.07,False
344693,Spain,217.01,False
344695,Spain,141.52,False
46a5e1,Greece,213.69,False
aa01b5,United States,82.25,False
4cc52f,Iceland,212.89,False
abdec7,United States,91.87,False
a997c7,United States,172.74,False
789276,China,0.0,True
c1e9ac,Canada,1.29,True
add80b,United States,0.0,True
ad8835,United States,261.02,False
ad8836,United States,2.83,True
a2da59,United States,178.51,False
c066b6,Canada,272.14,False
a361d7,United States,240.03,False
a997cc,United States,262.97,False
a9e7a9,United States,36.82,False
a997ce,United States,92.92,False
a494e9,United States,261.25,False
45ce4f,Denmark,2.57,True
ab3564,United States,122.86,False
45ce4b,Denmark,239.89,False
c1e9a3,Canada,7.2,True
4bb868,Turkey,245.98,False
4cc50e,Iceland,235.59,False
504e70,Republic of Moldova,266.03,False
4bb865,Turkey,220.81,False
a4e4fc,United States,64.95,False
78927a,China,222.77,False
4bb863,Turkey,242.52,False
45ce57,Denmark,226.39,False
ad752d,United States,43.41,False
4bb870,Turkey,231.34,False
c053c0,Canada,41.3,False
abdee2,United States,63.89,False
c066f4,Canada,207.71,False
504e6c,Republic of Moldova,232.65,False
c066f0,Canada,242.46,False
ac9bae,United States,2.57,True
add82e,United States,28.74,False
a744d5,United States,54.29,False
504e65,Republic of Moldova,259.53,False
a14907,United States,38.31,False
78928b,China,215.08,False
a29d93,United States,234.6,False
a77a32,United States,209.59,False
a494c5,United States,201.0,False
acb858,United States,71.16,False
a30d6b,United States,153.3,False
adc532,United States,168.65,False
a4e4a3,United States,9.26,True
adc531,United States,262.53,False
4cc581,Iceland,206.69,False
a9d59a,United States,1.8,True
ac9be7,United States,37.1,False
a4e4a7,United States,56.11,False
aca551,United States,84.5,False
ac4237,United States,277.81,False
a6bd01,United States,152.99,False
344645,Spain,216.41,False
a41a99,United States,55.98,False
abdeec,United States,209.81,False
4cc576,Iceland,219.36,False
4cc578,Iceland,210.52,False
504e88,Republic of Moldova,215.12,False
a3c4d0,United States,77.76,False
45ce46,Denmark,69.9,False
4cc57b,Iceland,237.84,False
4cc57c,Iceland,216.47,False
a02982,United States,53.23,False
45ce47,Denmark,61.25,False
45ce49,Denmark,236.28,False
ad8881,United States,181.33,False
a2da7f,United States,291.64,False
c066a8,Canada,102.93,False
a13608,United States,186.14,False
46b8b6,Greece,230.91,False
a624ac,United States,240.2,False
897003,Solomon Islands,101.0,False
4cc54a,Iceland,89.87,False
4cc54b,Iceland,219.28,False
c066b0,Canada,170.25,False
4402e8,Austria,6.43,True
a66d33,United States,191.47,False
acebe9,United States,73.95,False
a54d4e,United States,53.95,False
ad0bef,United States,34.65,False
acebbe,United States,77.15,False
46b8a2,Greece,199.13,False
46b8a6,Greece,194.57,False
a13668,United States,249.72,False
a90a74,United States,99.79,False
a0acbb,United States,254.52,False
e4a13c,Brazil,236.45,False
a3761c,United States,202.53,False
a49610,United States,266.9,False
e4a13d,Brazil,148.75,False
a55fb9,United States,45.89,False
7c1ab8,Australia,190.9,False
a3c60d,United States,245.95,False
adc5ff,United States,248.71,False
06a10f,Qatar,269.98,False
a6aa6e,United States,140.83,False
a63934,United States,148.16,False
c04394,Canada,227.21,False
e4a12b,Brazil,186.37,False
e4a12a,Brazil,243.34,False
a7dd95,United States,298.92,False
a2b943,United States,42.26,False
801530,India,214.39,False
06a126,Qatar,252.53,False
a51958,United States,189.32,False
a31fd1,United States,159.53,False
e4a140,Brazil,115.42,False
a4e604,United States,44.39,False
06a120,Qatar,238.5,False
8850ae,Thailand,260.8,False
a4e60a,United States,56.55,False
4cc481,Iceland,210.46,False
8850b6,Thailand,267.21,False
a87907,United States,249.27,False
e4a131,Brazil,218.32,False
407d5f,United Kingdom,124.33,False
a18ff8,United States,123.18,False
ab7da4,United States,58.22,False
06a12c,Qatar,217.11,False
a1230b,United States,31.9,False
a55fe9,United States,3.09,True
a9d4cf,United States,45.65,False
a0acb6,United States,136.89,False
a13650,United States,259.62,False
80154a,India,208.81,False
a611db,United States,0.0,True
a7dd69,United States,39.64,False
a1ccec,United States,189.22,False
a0acff,United States,114.1,False
a8fd3c,United States,184.79,False
a48321,United States,206.17,False
a3899d,United States,210.67,False
a2b991,United States,278.89,False
a65a5b,United States,37.14,False
a0acfd,United States,188.09,False
48c22e,Poland,223.31,False
48c22f,Poland,80.78,False
48c22c,Poland,211.74,False
48c22b,Poland,105.99,False
a8b4cc,United States,231.11,False
a38991,United States,243.76,False
48c239,Poland,214.07,False
a4d1fc,United States,239.66,False
a24369,United States,7.72,True
48c233,Poland,132.78,False
a3897f,United States,239.91,False
48c230,Poland,214.25,False
a0f02a,United States,217.78,False
a23032,United States,75.04,False
a2ecc6,United States,98.3,False
a23030,United States,5.66,True
a6bd78,United States,226.8,False
406a92,United Kingdom,165.22,False
09011d,Angola,154.73,False
a11020,United States,270.69,False
48c229,Poland,154.65,False
406a91,United Kingdom,146.2,False
48c228,Poland,163.96,False
48c225,Poland,219.11,False
a0acdd,United States,252.69,False
48c223,Poland,68.68,False
48c224,Poland,225.73,False
48c221,Poland,251.8,False
48c222,Poland,248.55,False
48c220,Poland,209.74,False
ac5746,United States,211.82,False
ab375e,United States,36.35,False
80152f,India,166.1,False
abcdc9,United States,51.86,False
a851be,United States,245.2,False
a1dfea,United States,85.16,False
ac8aa5,United States,120.89,False
a25678,United States,166.81,False
a00382,United States,97.75,False
c80781,New Zealand,42.63,False
a8b4c6,United States,242.33,False
a2a634,United States,71.31,False
a0acf9,United States,126.21,False
a05e02,United States,262.79,False
ac8b28,United States,97.44,False
a5affa,United States,245.65,False
ab6b45,United States,208.89,False
80158c,India,300.41,False
a4e680,United States,55.85,False
a3c68c,United States,300.1,False
a73334,United States,44.92,False
407d10,United Kingdom,236.17,False
a66ce0,United States,94.54,False
a05e16,United States,78.01,False
80159e,India,239.52,False
a9e93b,United States,176.0,False
a87960,United States,107.18,False
a66cf7,United States,201.67,False
acee23,United States,64.54,False
ac8b2e,United States,253.04,False
47a218,Norway,123.98,False
aa4ac9,United States,269.19,False
a73329,United States,70.46,False
a8a309,United States,174.52,False
a5e003,United States,172.23,False
80156e,India,148.27,False
a4d35c,United States,56.41,False
a7efee,United States,64.31,False
a7333f,United States,47.82,False
a7333e,United States,180.39,False
ad0e61,United States,197.3,False
aa5df0,United States,44.43,False
a4e696,United States,43.52,False
a7eff7,United States,208.09,False
a9e914,United States,29.03,False
ac9e77,United States,194.9,False
a4832e,United States,50.63,False
a12396,United States,44.09,False
c05664,Canada,56.74,False
ab6b71,United States,54.15,False
a3500f,United States,211.08,False
a6002a,United States,114.95,False
ac42bf,United States,190.93,False
acee50,United States,214.51,False
a9e924,United States,38.31,False
ac8b55,United States,155.43,False
a37689,United States,136.17,False
801594,India,0.0,True
ab7e9d,United States,43.75,False
a6cfb6,United States,37.21,False
aca5f2,United States,146.92,False
0d03f4,Mexico,228.03,False
aa4aa2,United States,81.41,False
a86605,United States,128.34,False
a66ca5,United States,218.06,False
a80fb2,United States,50.39,False
a7a929,United States,149.37,False
440582,Austria,249.38,False
a1ce16,United States,261.58,False
aa5dc5,United States,147.52,False
a7a90d,United States,117.94,False
a04b24,United States,216.73,False
a3c662,United States,79.84,False
a002a9,United States,74.77,False
a63975,United States,281.34,False
a54cd9,United States,263.0,False
ac42df,United States,183.42,False
a04b31,United States,134.1,False
a48392,United States,53.54,False
ac42fc,United States,220.89,False
c0561e,Canada,138.98,False
406a03,United Kingdom,268.75,False
a7efb8,United States,84.72,False
adb2c7,United States,248.93,False
abbb77,United States,138.88,False
a148b6,United States,73.58,False
a148b9,United States,181.95,False
407d30,United Kingdom,104.9,False
a4e65b,United States,54.61,False
a87942,United States,11.83,True
a9c1f4,United States,263.94,False
a148bc,United States,77.34,False
407d1f,United Kingdom,144.64,False
acee86,United States,190.86,False
440589,Austria,212.08,False
c0693c,Canada,83.5,False
06a101,Qatar,254.69,False
a54cf6,United States,52.74,False
851848,Japan,5.14,True
a5aff2,United States,270.21,False
a75966,United States,206.87,False
885113,Thailand,220.99,False
ad504d,United States,5.4,True
a638a4,United States,49.27,False
885107,Thailand,165.0,False
885106,Thailand,115.91,False
885103,Thailand,259.58,False
a7338c,United States,92.74,False
a002da,United States,87.46,False
a9d696,United States,27.75,False
a8403c,United States,42.37,False
a42e13,United States,244.1,False
a242a8,United States,8.75,True
407bdc,United Kingdom,225.43,False
a66e03,United States,275.03,False
ad5056,United States,48.97,False
c819dd,New Zealand,140.14,False
c819df,New Zealand,2.83,True
a78e09,United States,207.28,False
a66e0b,United States,66.24,False
a9b007,United States,175.75,False
a9b00a,United States,63.17,False
a53b19,United States,46.92,False
a002c7,United States,65.34,False
440549,Austria,117.92,False
a8539b,United States,47.47,False
0ac9ee,Colombia,241.38,False
88510d,Thailand,221.45,False
a9d66f,United States,49.31,False
88510c,Thailand,294.3,False
88510b,Thailand,250.67,False
adb35c,United States,229.65,False
885119,Thailand,277.4,False
07c0a4,Sudan,143.31,False
885116,Thailand,67.5,False
a638d5,United States,29.69,False
885115,Thailand,228.33,False
a8fcff,United States,77.19,False
a41b2f,United States,46.66,False
ab7e1e,United States,124.15,False
a16b84,United States,202.46,False
ab7e33,United States,156.53,False
4bb722,Turkey,230.79,False
a9d63b,United States,176.35,False
ab35b9,United States,202.05,False
ab48e8,United States,295.37,False
342188,Spain,157.6,False
a3a086,United States,7.72,True
aaae1b,United States,164.48,False
a86674,United States,238.9,False
68000a,Bhutan,203.75,False
ac9e26,United States,7.72,True
06a0e6,Qatar,253.3,False
a1ce84,United States,47.87,False
a42e4e,United States,153.93,False
c041b9,Canada,243.87,False
a495bf,United States,0.0,True
a9d64c,United States,29.32,False
a96022,United States,87.09,False
a72034,United States,67.66,False
a2b8fe,United States,200.91,False
a9e988,United States,56.6,False
ad88a2,United States,52.81,False
a41b20,United States,33.68,False
06a0df,Qatar,19.03,True
4acaa1,Sweden,222.59,False
a41b22,United States,57.77,False
a9e983,United States,33.85,False
ac9e36,United States,213.93,False
a362a9,United States,209.72,False
a29e6a,United States,181.93,False
a495aa,United States,211.62,False
c041f5,Canada,53.17,False
a8a319,United States,268.75,False
a2db21,United States,96.33,False
a495b4,United States,249.24,False
acb8b0,United States,232.82,False
ac55c3,United States,67.03,False
a1bb1e,United States,76.39,False
a29e5c,United States,4.63,False
abbb08,United States,64.67,False
a2b8db,United States,158.2,False
abce38,United States,31.85,False
a2a5aa,United States,214.26,False
abce31,United States,121.22,False
ac696c,United States,260.86,False
aa02d5,United States,184.19,False
ad1fcd,United States,229.01,False
71c759,Republic of Korea,217.84,False
add949,United States,33.36,False
abccb8,United States,146.21,False
a7cb11,United States,122.63,False
a53b69,United States,222.48,False
a745db,United States,219.28,False
a8b5b2,United States,187.44,False
71c753,Republic of Korea,133.31,False
a54e8f,United States,90.57,False
a7a8e8,United States,1.8,True
a3fb6f,United States,294.58,False
88517a,Thailand,266.02,False
a732ae,United States,215.92,False
ac431b,United States,91.23,False
a8b5ad,United States,2.83,True
a7de30,United States,49.2,False
71c746,Republic of Korea,238.86,False
ac9cd0,United States,55.83,False
ac6993,United States,185.01,False
aa02ab,United States,0.0,True
88516f,Thailand,208.23,False
71c741,Republic of Korea,212.76,False
a7de1c,United States,250.45,False
88516b,Thailand,268.59,False
88516e,Thailand,221.09,False
aa5e5f,United States,55.98,False
88516d,Thailand,242.33,False
a6ab27,United States,220.27,False
aaf006,United States,34.51,False
a41b66,United States,257.91,False
a4d2f7,United States,113.91,False
a41b60,United States,54.65,False
abccd8,United States,264.79,False
06a19f,Qatar,236.48,False
a1bb83,United States,186.17,False
add969,United States,63.17,False
a9b088,United States,186.51,False
aa15cc,United States,222.74,False
a4d2dc,United States,137.69,False
600b26,Azerbaijan,6.94,True
a4d2df,United States,25.8,False
a8c8c1,United States,168.95,False
a78e92,United States,60.29,False
a65b64,United States,228.95,False
acfff7,United States,80.82,False
abccbc,United States,87.29,False
8a018c,Indonesia,3.6,True
34210d,Spain,32.41,True
ad763b,United States,241.09,False
c054d1,Canada,,True
a7a8ed,United States,115.33,False
a7cb0b,United States,69.3,False
a495e9,United States,253.13,False
ab2372,United States,182.7,False
ab1046,United States,32.74,False
aa28f2,United States,220.64,False
71c719,Republic of Korea,65.07,False
ac3030,United States,177.1,False
ab236a,United States,279.9,False
a05dd8,United States,196.0,False
a3fb37,United States,57.18,False
a04aa9,United States,8.23,True
a6be24,United States,48.18,False
a2570b,United States,81.56,False
342105,Spain,86.23,False
a12429,United States,0.64,True
a24401,United States,194.91,False
a91e11,United States,135.22,False
aca665,United States,204.59,False
ab237e,United States,145.16,False
ad765e,United States,228.36,False
a00443,United States,43.73,False
ac5697,United States,206.17,False
71c700,Republic of Korea,246.38,False
a1373d,United States,259.48,False
a2571e,United States,80.33,False
a05ddc,United States,188.9,False
a37703,United States,6.19,True
a3c5ea,United States,220.66,False
885179,Thailand,260.97,False
885176,Thailand,224.31,False
885175,Thailand,273.15,False
a8a391,United States,160.22,False
a41b8d,United States,40.13,False
ac3053,United States,157.19,False
a54e78,United States,163.16,False
7808cb,China,255.96,False
adc65e,United States,1.03,True
3a0e98,France,44.17,False
7808e7,China,248.25,False
a3c5fd,United States,229.48,False
a12403,United States,239.05,False
a4e5ea,United States,37.89,False
adc64a,United States,45.65,False
c067ae,Canada,230.11,False
a665ae,United States,259.85,False
ac1c10,United States,84.99,False
a6fe0f,United States,68.06,False
aa8c39,United States,211.03,False
a57b26,United States,42.57,False
ac1c16,United States,223.3,False
aa56da,United States,196.98,False
7c6b2f,Australia,230.55,False
408121,United Kingdom,225.6,False
4b1813,Switzerland,0.0,True
a57b27,United States,245.36,False
ade18c,United States,225.6,False
7c6b2b,Australia,1.54,True
abd9d9,United States,132.79,False
7c6b40,Australia,102.9,False
a678e5,United States,178.11,False
4b1803,Switzerland,0.0,True
aa56d4,United States,188.87,False
4b1808,Switzerland,0.06,True
ad4f0b,United States,179.64,False
aa56d5,United States,99.2,False
ae0197,United States,196.88,False
0d0c01,Mexico,65.8,False
7c6b1c,Australia,241.35,False
4b1801,Switzerland,0.0,True
7c6b31,Australia,232.74,False
7c6b30,Australia,132.88,False
a1fb4b,United States,211.11,False
a33b52,United States,138.96,False
ab76e6,United States,235.76,False
aaef60,United States,276.43,False
880443,Thailand,74.35,False
a425d1,United States,37.64,False
a282e5,United States,1.54,True
7c6b37,Australia,1.8,True
7c6b35,Australia,224.51,False
4952cf,Portugal,217.41,False
ad3c16,United States,242.54,False
4952d2,Portugal,2.57,True
7c6b0d,Australia,232.19,False
7c6b0b,Australia,164.32,False
ac96ca,United States,82.85,False
ac96be,United States,128.52,False
a3f2d7,United States,48.13,False
aa69db,United States,134.36,False
ab76eb,United States,178.29,False
a21b44,United States,235.14,False
aaa6dd,United States,232.01,False
4b181a,Switzerland,199.79,False
4b181b,Switzerland,237.44,False
4952c9,Portugal,69.65,False
a46e40,United States,78.71,False
a1d8fd,United States,255.0,False
a1fb33,United States,216.52,False
a57b4d,United States,190.85,False
aa9f39,United States,54.32,False
4952c4,Portugal,193.51,False
4952c7,Portugal,184.43,False
ad3c20,United States,62.04,False
4952c8,Portugal,201.89,False
a33b23,United States,204.72,False
4b180c,Switzerland,0.0,True
440db0,Austria,220.07,False
ae26a1,United States,67.66,False
a33b1e,United States,2.83,True
a46e35,United States,248.71,False
ac1c2f,United States,209.92,False
7c6b18,Australia,206.45,False
7c6b17,Australia,246.63,False
4952ad,Portugal,246.44,False
7c6b12,Australia,234.72,False
4b1858,Switzerland,134.5,False
ac1c56,United States,74.24,False
c822ed,New Zealand,143.82,False
4952b3,Portugal,246.09,False
abb3ad,United States,51.11,False
c822ec,New Zealand,111.64,False
3c664e,Germany,3.09,True
a7b051,United States,154.1,False
a7b057,United States,273.22,False
ac83c3,United States,198.52,False
abb3b6,United States,93.17,False
4952a8,Portugal,226.38,False
a2d2eb,United States,160.13,False
4952a1,Portugal,245.12,False
4952a5,Portugal,247.49,False
abc6f5,United States,0.0,True
3c6674,Germany,90.7,False
a34e9d,United States,65.58,False
a5a8c3,United States,49.24,False
a2d2da,United States,121.04,False
ad90a3,United States,260.1,False
aa9f08,United States,86.46,False
ad4f98,United States,86.65,False
abb3d5,United States,50.79,False
40812d,United Kingdom,211.57,False
7c6b3b,Australia,124.33,False
acd3b8,United States,50.07,False
abfc78,United States,44.45,False
ace6e2,United States,0.0,True
e4942c,Brazil,76.9,False
a545c3,United States,75.99,False
ad4f81,United States,215.83,False
7c6b3d,Australia,68.32,False
a94b50,United States,231.92,False
0d0acd,Mexico,9.26,True
3c65a2,Germany,227.11,False
a94b4d,United States,103.47,False
a94b4b,United States,258.46,False
ad0799,United States,200.69,False
c082f6,Canada,30.57,False
4b187c,Switzerland,261.0,False
3c65ae,Germany,224.82,False
ab649a,United States,214.68,False
3c65ab,Germany,130.16,False
ae1445,United States,73.39,False
aba155,United States,290.42,False
a7c2c0,United States,90.24,False
4b1883,Switzerland,257.89,False
4b1885,Switzerland,251.12,False
a6eb4d,United States,191.9,False
3c65c3,Germany,180.65,False
aa30eb,United States,62.09,False
ac7159,United States,84.65,False
a05776,United States,227.11,False
adf41e,United States,153.31,False
4b1881,Switzerland,263.45,False
4b1882,Switzerland,252.05,False
ad9131,United States,59.09,False
70801c,Lao People's Democratic Republic,67.1,False
ac1afa,United States,239.82,False
a8e2d6,United States,210.65,False
ae5aab,United States,122.71,False
86d6ac,Japan,142.13,False
ae1479,United States,155.08,False
e492d2,Brazil,176.84,False
acd481,United States,205.17,False
3c65d1,Germany,233.76,False
e492ba,Brazil,121.33,False
abb47d,United States,114.4,False
a94b2e,United States,2.06,True
aa8c99,United States,236.13,False
aa8c98,United States,242.34,False
a915de,United States,68.78,False
a45b96,United States,235.03,False
aab9a8,United States,272.34,False
ae1468,United States,290.13,False
a902cc,United States,56.27,False
ac7188,United States,230.1,False
3c65d8,Germany,72.21,False
3c65d7,Germany,255.73,False
a7c2cd,United States,250.62,False
ae5acf,United States,64.62,False
a785e9,United States,39.11,False
aa43ee,United States,180.66,False
a1511c,United States,36.1,False
a5de70,United States,22.64,False
a94b0a,United States,1.8,True
ab89c3,United States,82.13,False
a0579a,United States,275.76,False
a1a110,United States,202.42,False
0c4186,Dominican Republic,232.19,False
a33aa7,United States,195.52,False
aab9c4,United States,205.83,False
a1b422,United States,154.18,False
a83e3b,United States,96.35,False
a665fe,United States,75.32,False
ac2f18,United States,213.17,False
a94b29,United States,206.58,False
a8f5c5,United States,0.06,True
ae147f,United States,201.71,False
ae147a,United States,226.85,False
a808f3,United States,186.83,False
c82438,New Zealand,4.15,False
c82439,New Zealand,298.09,False
a2973d,United States,79.16,False
a3072a,United States,45.51,False
c81108,New Zealand,48.88,False
0d0aaf,Mexico,0.0,True
a28423,United States,264.84,False
a04453,United States,51.3,False
abd9b6,United States,99.04,False
c02e91,Canada,211.1,False
c02e92,Canada,100.85,False
a785fd,United States,0.51,True
a0577a,United States,41.38,False
c01b4f,Canada,212.66,False
aa43c4,United States,73.2,False
aa9f6f,United States,228.08,False
aa56f8,United States,166.9,False
0d0abd,Mexico,239.71,False
a94b05,United States,198.63,False
a94b02,United States,208.69,False
ac2f37,United States,179.92,False
3c65a1,Germany,232.16,False
a29748,United States,294.73,False
a08acb,United States,172.62,False
a928da,United States,38.56,False
a70b4d,United States,64.03,False
a2e719,United States,54.21,False
a58de0,United States,214.34,False
758368,Philippines,211.75,False
a6b730,United States,34.69,False
a4276a,United States,64.61,False
a2d44a,United States,59.18,False
a2d44b,United States,68.98,False
ab774b,United States,240.54,False
7c7cc1,Australia,0.0,True
a46de7,United States,36.38,False
ad0724,United States,191.38,False
a4142f,United States,45.99,False
a58ded,United States,209.89,False
a71db6,United States,235.97,False
c8244c,New Zealand,132.47,False
861e9a,Japan,0.0,True
a0dae2,United States,196.42,False
a4aabc,United States,2.57,True
a1b453,United States,60.71,False
ad072c,United States,151.04,False
a42761,United States,52.83,False
a4aac1,United States,80.11,False
a1512f,United States,185.21,False
aa5738,United States,7.46,True
75832f,Philippines,222.77,False
800da3,India,98.2,False
a77433,United States,83.47,False
a2845b,United States,174.49,False
a91700,United States,180.83,False
a22dec,United States,39.64,False
a2d41d,United States,41.42,False
abc759,United States,46.35,False
a1b449,United States,206.37,False
a65454,United States,140.14,False
a39100,United States,201.33,False
a1c773,United States,63.96,False
a28452,United States,54.11,False
ac7103,United States,162.32,False
a42752,United States,64.31,False
a78754,United States,44.8,False
75833a,Philippines,252.92,False
ab7781,United States,119.54,False
aaedf4,United States,54.3,False
ae1417,United States,99.17,False
e492b0,Brazil,186.44,False
ab6458,United States,169.38,False
a27197,United States,6.17,True
ac7113,United States,169.42,False
c07071,Canada,144.11,False
ac7112,United States,215.15,False
ae140e,United States,127.67,False
ace756,United States,125.93,False
abfaa3,United States,80.06,False
ad4de1,United States,9.57,False
a2c14e,United States,119.64,False
a189be,United States,64.52,False
a82b8e,United States,47.03,False
ac9784,United States,184.05,False
abb440,United States,10.29,True
e492aa,Brazil,233.52,False
a4279d,United States,248.87,False
a3915a,United States,231.39,False
758306,Philippines,230.21,False
aadae3,United States,0.0,True
758304,Philippines,73.25,False
a94b6b,United States,73.0,False
abfac6,United States,209.6,False
a4bdb9,United States,145.47,False
495302,Portugal,76.53,False
a4012b,United States,42.35,False
ace74e,United States,158.67,False
ad077b,United States,178.47,False
c81190,New Zealand,70.73,False
ac712d,United States,266.44,False
ad3ac5,United States,0.0,True
7c499c,Australia,115.38,False
758307,Philippines,87.99,False
3b7b98,France,60.82,False
3c6744,Germany,69.25,False
440cfe,Austria,233.39,False
7c6a8c,Australia,0.06,True
a0dc17,United States,4.12,True
a94ae3,United States,283.11,False
acd2be,United States,146.07,False
0d0b4b,Mexico,233.9,False
7c4910,Australia,77.07,False
acd2d3,United States,126.75,False
a10f4a,United States,29.49,False
a056f9,United States,49.18,False
a6eadb,United States,35.83,False
a043c8,United States,51.58,False
3c5429,Germany,189.38,False
3c6759,Germany,220.73,False
0d0b67,Mexico,230.5,False
3c5428,Germany,179.05,False
c08354,Canada,79.24,False
a82ae8,United States,203.75,False
a163a6,United States,58.47,False
e48043,Brazil,0.06,True
a76154,United States,1.29,True
ac1b80,United States,143.64,False
a1c6a8,United States,78.75,False
a22f41,United States,81.76,False
601103,Kyrgyzstan,244.48,False
ac82f8,United States,215.25,False
3c5421,Germany,238.7,False
a1a19f,United States,136.85,False
408064,United Kingdom,197.98,False
408062,United Kingdom,129.07,False
a559c1,United States,275.46,False
a8947e,United States,174.72,False
e48014,Brazil,223.31,False
c87f22,New Zealand,128.06,False
ae5b67,United States,75.06,False
c87f21,New Zealand,78.05,False
3c5432,Germany,72.21,False
40804d,United Kingdom,221.5,False
3c5431,Germany,254.01,False
408059,United Kingdom,220.64,False
a5df05,United States,32.02,False
a7615f,United States,265.82,False
408053,United Kingdom,146.39,False
abb2fe,United States,111.69,False
408051,United Kingdom,102.34,False
408052,United Kingdom,233.78,False
4248a7,United Kingdom,249.51,False
aa3150,United States,67.35,False
a189f2,United States,284.39,False
a176c1,United States,52.64,False
3c542d,Germany,225.07,False
a069fe,United States,85.45,False
abfb7c,United States,195.72,False
3c542c,Germany,220.41,False
0d0b7c,Mexico,217.39,False
40803c,United Kingdom,1.03,True
0d0b92,Mexico,187.77,False
0d0b91,Mexico,198.58,False
a10f8a,United States,58.13,False
e4939b,Brazil,227.16,False
e4939c,Brazil,226.45,False
3c6705,Germany,194.67,False
3c6704,Germany,269.48,False
440cbf,Austria,249.41,False
a6eab8,United States,282.3,False
a76120,United States,47.4,False
3c6707,Germany,272.13,False
a7d74b,United States,39.31,False
a306e1,United States,26.29,False
440cc1,Austria,216.59,False
a7d754,United States,284.59,False
a95dd3,United States,217.04,False
a70ad0,United States,30.26,False
a57af9,United States,273.38,False
0d0b0f,Mexico,204.9,False
a7c40c,United States,66.16,False
3c6717,Germany,228.07,False
a90410,United States,58.21,False
3c6716,Germany,220.39,False
7c492b,Australia,0.0,True
3c6714,Germany,183.55,False
440caf,Austria,242.22,False
3c6719,Germany,260.51,False
3c6718,Germany,261.37,False
a21c4c,United States,220.91,False
a8e420,United States,67.64,False
a34f53,United States,227.02,False
a69ae7,United States,54.78,False
4951ef,Portugal,228.28,False
aaa710,United States,44.88,False
a21c53,United States,266.27,False
a163ad,United States,179.75,False
a030a8,United States,172.21,False
0d0b30,Mexico,106.24,False
a7612f,United States,99.81,False
0d0b35,Mexico,202.92,False
a22f4a,United States,72.54,False
0d0b39,Mexico,129.7,False
a426a5,United States,211.86,False
3c670a,Germany,264.05,False
a6a45e,United States,9.77,True
e48053,Brazil,69.26,False
3c670d,Germany,261.18,False
a8943d,United States,207.14,False
c823b0,New Zealand,31.4,False
a90439,United States,41.27,False
a4aafa,United States,153.59,False
a296e5,United States,44.04,False
aaa71c,United States,98.79,False
4008b2,United Kingdom,10.29,True
a6b786,United States,55.13,False
c823bd,New Zealand,44.25,False
40808c,United Kingdom,229.86,False
7c4920,Australia,233.3,False
aa4440,United States,280.37,False
3c671a,Germany,238.44,False
ab772b,United States,134.85,False
408092,United Kingdom,139.11,False
a64163,United States,170.96,False
4951cb,Portugal,228.12,False
a4019e,United States,32.39,False
4951cd,Portugal,229.32,False
a64160,United States,203.84,False
a65490,United States,209.59,False
c08525,Canada,36.36,False
a7d6a8,United States,231.73,False
a390aa,United States,103.47,False
ac0a04,United States,18.87,False
aa7a1f,United States,181.79,False
a83f2b,United States,144.66,False
a413cb,United States,171.37,False
a546f4,United States,31.42,False
c02ebd,Canada,241.81,False
a666cd,United States,163.26,False
c02eca,Canada,153.62,False
40822e,United Kingdom,241.51,False
ac1d1b,United States,49.14,False
ab9a0e,United States,0.0,True
a533bd,United States,232.57,False
a4bf81,United States,70.57,False
c02ec1,Canada,239.02,False
a5cc35,United States,84.55,False
3c658b,Germany,0.51,True
a283ed,United States,137.67,False
a666df,United States,84.27,False
02a1a5,Tunisia,194.03,False
02a1a3,Tunisia,261.18,False
c0850c,Canada,133.58,False
c02ec7,Canada,240.75,False
7582f4,Philippines,8.23,True
aaa7ef,United States,223.27,False
7c6c55,Australia,231.63,False
a4bf95,United States,251.64,False
408228,United Kingdom,202.22,False
ab9a32,United States,5.4,True
abc7e9,United States,281.38,False
c0853f,Canada,286.11,False
a2e6dd,United States,36.96,False
ac97f1,United States,45.11,False
a83f56,United States,196.05,False
a34f7f,United States,195.89,False
c08537,Canada,286.81,False
a773a6,United States,104.86,False
a7e9e4,United States,0.06,True
408213,United Kingdom,241.12,False
a2d3b3,United States,268.85,False
a1a0a1,United States,62.73,False
a7d6b1,United States,38.8,False
ac84cc,United States,0.51,True
a5cc53,United States,66.22,False
c821ba,New Zealand,124.79,False
408210,United Kingdom,224.5,False
ace7ba,United States,115.23,False
c821c1,New Zealand,192.9,False
a809f5,United States,219.15,False
3c6548,Germany,203.9,False
abea30,United States,48.23,False
e49329,Brazil,237.7,False
abfd66,United States,196.47,False
ae14ac,United States,85.34,False
3c6549,Germany,5.92,True
4690e2,Greece,209.29,False
4b5da7,Switzerland,3.86,True
4690e1,Greece,207.42,False
a0a80e,United States,200.67,False
a4bf39,United States,49.31,False
a6ff08,United States,63.28,False
a7619b,United States,119.2,False
ae4a13,United States,123.54,False
348049,Spain,227.91,False
a559f9,United States,50.34,False
a4bf41,United States,292.4,False
e4932b,Brazil,233.46,False
ab9a5b,United States,257.18,False
7c6c97,Australia,145.6,False
a7b169,United States,141.98,False
7c6c92,Australia,221.84,False
ae14b4,United States,84.88,False
ad3d4e,United States,218.21,False
ae14b1,United States,78.98,False
3c6568,Germany,157.07,False
a1a0df,United States,177.49,False
a0580d,United States,108.86,False
408260,United Kingdom,232.08,False
ac71cf,United States,51.74,False
a1fc9e,United States,107.85,False
adf4c6,United States,55.05,False
a3f3b3,United States,59.78,False
a666b9,United States,11.33,False
a70c08,United States,56.75,False
abb4ea,United States,215.37,False
aaca75,United States,117.09,False
3c6561,Germany,230.12,False
3c6566,Germany,11.32,True
3c6565,Germany,217.31,False
ac0a75,United States,5.66,True
a0581d,United States,62.46,False
3c656b,Germany,208.5,False
a5cc12,United States,104.13,False
a5cc11,United States,243.41,False
ae4a0a,United States,132.95,False
ac71dd,United States,214.11,False
ad3d84,United States,149.14,False
3c656c,Germany,253.96,False
a390d6,United States,235.91,False
39e691,France,118.17,False
a3f3c9,United States,4.12,True
3c6573,Germany,230.77,False
ae4a28,United States,118.54,False
a400b2,United States,261.75,False
3c6571,Germany,227.8,False
40823c,United Kingdom,217.78,False
ac71e7,United States,169.74,False
ae01a1,United States,189.57,False
acc23f,United States,260.09,False
a2e81c,United States,35.67,False
7c49b4,Australia,78.88,False
782078,China,263.45,False
a04550,United States,72.03,False
a70c9f,United States,0.0,True
adf561,United States,138.04,False
a82c88,United States,3.6,True
a17876,United States,284.6,False
acd55e,United States,86.52,False
a94c85,United States,55.3,False
ae5bd8,United States,48.07,False
3c64a1,Germany,246.77,False
a94c7b,United States,268.59,False
a1c82a,United States,0.0,True
ae5bce,United States,55.07,False
a3f500,United States,189.52,False
e491b0,Brazil,259.81,False
a2981e,United States,51.57,False
a17847,United States,180.05,False
3c64b1,Germany,255.54,False
3c64a5,Germany,235.79,False
0a001a,Algeria,214.49,False
ade252,United States,5.66,True
abb59e,United States,199.71,False
abb59f,United States,1.54,True
a78802,United States,246.44,False
3c64ae,Germany,222.47,False
a8f6ef,United States,176.74,False
3c64ad,Germany,139.83,False
0a0047,Algeria,207.51,False
ae0258,United States,97.2,False
0a0048,Algeria,269.11,False
e491c3,Brazil,236.57,False
aa31ed,United States,207.32,False
a08bb4,United States,176.68,False
e491af,Brazil,220.48,False
4080f6,United Kingdom,0.06,True
a1c885,United States,67.08,False
ad928b,United States,217.73,False
ad928e,United States,236.6,False
ad928d,United States,201.59,False
a520d6,United States,88.01,False
a45ba2,United States,200.45,False
a4ac6b,United States,46.57,False
aa7a61,United States,247.37,False
a1a21f,United States,202.25,False
a6ec56,United States,170.99,False
a5cc4c,United States,263.55,False
c02f6a,Canada,235.87,False
a773c8,United States,178.1,False
a34eca,United States,91.61,False
a5cc72,United States,58.71,False
a653f7,United States,37.93,False
3dd577,Germany,58.44,False
a83f63,United States,248.68,False
a34ee6,United States,218.5,False
a520de,United States,82.76,False
a0326f,United States,131.71,False
a6a3c2,United States,211.12,False
a8e3b3,United States,232.53,False
a1c868,United States,143.28,False
a7c3d9,United States,244.56,False
02a1ac,Tunisia,0.0,True
abfd00,United States,129.7,False
a22ee9,United States,55.14,False
a22ee7,United States,78.19,False
a6a3f8,United States,61.84,False
02a1b3,Tunisia,242.19,False
02a1b1,Tunisia,210.17,False
aa31c2,United States,161.88,False
c083f2,Canada,96.2,False
a0589c,United States,50.04,False
ad929d,United States,55.45,False
a22ef6,United States,210.93,False
ade27a,United States,47.38,False
a0eeea,United States,0.06,True
a9af29,United States,129.91,False
a2e830,United States,144.84,False
e491ef,Brazil,233.62,False
abc7b1,United States,42.42,False
a5cc7d,United States,28.83,False
a69baa,United States,198.39,False
ad4eb5,United States,193.57,False
a5487b,United States,208.79,False
a3f579,United States,261.82,False
c82349,New Zealand,139.11,False
a2d573,United States,10.29,True
ab0ef9,United States,205.92,False
a45bd7,United States,244.01,False
a69bc3,United States,204.2,False
ab786d,United States,34.59,False
ab6552,United States,179.47,False
a5dee6,United States,67.28,False
a2725d,United States,235.91,False
a21bea,United States,155.03,False
a3088f,United States,264.67,False
a41558,United States,59.39,False
adf500,United States,5.4,True
a5489b,United States,54.53,False
a8d0fc,United States,50.37,False
abb534,United States,11.83,True
a6fee2,United States,6.28,False
a70bd1,United States,223.38,False
a7c525,United States,64.32,False
a2d554,United States,35.11,False
a4abe6,United States,47.01,False
a9f0f2,United States,258.14,False
a2c224,United States,110.24,False
ad0851,United States,218.96,False
c01c28,Canada,218.84,False
a8950b,United States,204.03,False
ac7216,United States,201.61,False
a70bc9,United States,176.79,False
a1b573,United States,217.33,False
abb52c,United States,217.57,False
0d0a75,Mexico,272.66,False
c82379,New Zealand,123.58,False
782158,China,228.45,False
0d0a77,Mexico,230.51,False
a6b810,United States,107.33,False
a057c7,United States,211.67,False
4080df,United Kingdom,236.21,False
7c2496,Australia,9.26,True
0a0019,Algeria,235.83,False
4080e1,United Kingdom,216.96,False
a2c27e,United States,251.84,False
ac987b,United States,282.82,False
a39289,United States,202.46,False
7c6af3,Australia,139.9,False
0a0022,Algeria,156.91,False
ac8577,United States,4.37,True
7c6af9,Australia,105.87,False
a057cc,United States,221.49,False
abfbd0,United States,293.16,False
0d0a7d,Mexico,268.82,False
861f88,Japan,180.39,False
a4158a,United States,231.45,False
c8236e,New Zealand,168.6,False
a58ed4,United States,32.54,False
a880ed,United States,46.92,False
7c6ae5,Australia,134.72,False
4080bf,United Kingdom,241.54,False
7c6ae3,Australia,137.26,False
acd54d,United States,174.39,False
7c6ae0,Australia,56.82,False
a057a6,United States,281.21,False
a1a27d,United States,96.17,False
c02f21,Canada,199.76,False
ab525f,United States,282.58,False
ac8588,United States,134.83,False
3c64f5,Germany,84.94,False
a3e20d,United States,57.75,False
0d0a8d,Mexico,189.65,False
4080c1,United Kingdom,231.03,False
4080c2,United Kingdom,232.56,False
4080c0,United Kingdom,292.47,False
acd53f,United States,66.88,False
a8d0cb,United States,88.51,False
0d0a9a,Mexico,3.86,True
a8d0ce,United States,55.41,False
4080ad,United Kingdom,143.52,False
0d0a9b,Mexico,243.44,False
a53557,United States,39.57,False
a54889,United States,45.56,False
4080b6,United Kingdom,227.63,False
acd552,United States,202.25,False
a45bdd,United States,157.75,False
3c64ef,Germany,120.57,False
3c64ee,Germany,233.32,False
782191,China,232.4,False
ad3c78,United States,249.35,False
aa328f,United States,8.23,True
ae00b3,United States,110.78,False
a1c7ac,United States,62.64,False
abfc97,United States,282.24,False
0d84da,Venezuela,115.86,False
ae00a6,United States,164.98,False
a76277,United States,141.19,False
c8107e,New Zealand,53.53,False
ac70e2,United States,184.72,False
ae00a3,United States,177.72,False
ae00a1,United States,214.68,False
861ef8,Japan,236.3,False
4b15ed,Switzerland,4.37,True
a7c59e,United States,154.2,False
a297ae,United States,43.71,False
408181,United Kingdom,211.89,False
e49220,Brazil,196.98,False
c0716c,Canada,40.13,False
a1fd03,United States,201.58,False
3c6643,Germany,1.03,True
a07a11,United States,48.02,False
ae00d6,United States,178.05,False
acd3ea,United States,47.31,False
ae00c7,United States,247.19,False
a40291,United States,61.66,False
ae5c77,United States,101.48,False
0d0a71,Mexico,142.63,False
c08449,Canada,87.61,False
a8d206,United States,260.17,False
a9aebe,United States,239.77,False
a1b4e1,United States,246.7,False
a9aeba,United States,3.86,True
a3f59e,United States,112.05,False
a33d62,United States,211.16,False
ae5c9a,United States,75.7,False
a9aec2,United States,146.27,False
0d0a02,Mexico,228.98,False
a64264,United States,32.45,False
a69bfe,United States,168.96,False
a1ea0d,United States,58.34,False
a83ef5,United States,191.77,False
a45d1a,United States,270.88,False
ae13fc,United States,119.46,False
a0ca50,United States,133.94,False
e49295,Brazil,205.78,False
ab0eab,United States,210.99,False
a271b0,United States,202.0,False
a6b87a,United States,236.56,False
c02de7,Canada,192.45,False
c02de8,Canada,198.16,False
a5cbf3,United States,250.54,False
ab6511,United States,55.53,False
a1b4ab,United States,225.9,False
ae00fb,United States,168.87,False
aa8be5,United States,202.29,False
a33d33,United States,210.9,False
a7c55b,United States,271.75,False
a3e28e,United States,106.66,False
a8955e,United States,211.07,False
c0712e,Canada,216.81,False
c0845b,Canada,37.56,False
ab6526,United States,223.61,False
a284b5,United States,4.37,True
a9aeb8,United States,53.71,False
e4926f,Brazil,224.8,False
ab0ed6,United States,186.44,False
a19a48,United States,75.62,False
a0a7ff,United States,194.2,False
a1c7e4,United States,5.14,True
aa9eef,United States,140.57,False
aa3226,United States,204.01,False
aaeec5,United States,188.87,False
ac2d09,United States,196.06,False
a72f22,United States,68.44,False
a59f53,United States,223.12,False
0d0e2a,Mexico,136.2,False
0d0e2c,Mexico,210.06,False
a280b8,United States,139.76,False
0d0e40,Mexico,179.92,False
a4bc23,United States,64.36,False
ab87bb,United States,45.89,False
aaed17,United States,7.72,True
a34c38,United States,64.93,False
a58c29,United States,270.87,False
a939b3,United States,105.92,False
a22c5a,United States,51.94,False
a2f6ba,United States,240.19,False
0d0e3a,Mexico,210.37,False
a280a0,United States,60.91,False
a449f1,United States,259.2,False
a34c2f,United States,227.15,False
a689e0,United States,41.68,False
7c6d78,Australia,7.72,True
4b5d9b,Switzerland,6.69,True
a280a4,United States,230.29,False
a0a3c4,United States,39.83,False
a0b6ea,United States,68.81,False
a689ee,United States,211.67,False
a449e5,United States,216.42,False
ad4d12,United States,297.09,False
a329ff,United States,75.06,False
3c6485,Germany,212.65,False
a58c2e,United States,236.03,False
a689f0,United States,43.23,False
3c6488,Germany,77.68,False
abd7b4,United States,273.1,False
a2f6b3,United States,70.49,False
a0ec4e,United States,87.48,False
0d0e66,Mexico,238.19,False
7583eb,Philippines,7.46,True
3c648c,Germany,252.68,False
a449cb,United States,110.7,False
0d0e69,Mexico,212.89,False
7583f8,Philippines,163.58,False
0d0e5a,Mexico,247.02,False
0d0e5b,Mexico,70.87,False
0d0e5e,Mexico,160.1,False
a9017a,United States,65.14,False
aaed2d,United States,55.68,False
4b1617,Switzerland,210.81,False
abd7e0,United States,42.37,False
a59f03,United States,49.1,False
a9279f,United States,31.09,False
440c8e,Austria,244.85,False
151ddc,Russian Federation,31.09,False
aada0f,United States,87.04,False
a6b48f,United States,135.45,False
e49206,Brazil,243.39,False
a2d0b9,United States,62.78,False
abfa10,United States,35.47,False
7c6d9d,Australia,236.47,False
a4cf10,United States,69.76,False
aada1b,United States,270.54,False
0d0e00,Mexico,139.02,False
a59f15,United States,192.57,False
ad3a05,United States,91.61,False
ab0d76,United States,279.79,False
a2d0b2,United States,56.13,False
aaed4f,United States,89.53,False
c080e3,Canada,0.06,True
c080e0,Canada,141.08,False
a6b47c,United States,249.0,False
7c6d8d,Australia,217.13,False
7c6d8c,Australia,246.46,False
aaed5a,United States,250.96,False
0d0e11,Mexico,218.89,False
abc4be,United States,254.88,False
a34c68,United States,175.64,False
4b161f,Switzerland,229.74,False
a23f9b,United States,44.02,False
7583a5,Philippines,227.12,False
151dfb,Russian Federation,247.8,False
151dfc,Russian Federation,215.74,False
151dfe,Russian Federation,189.92,False
aaa4dc,United States,225.53,False
7c6d7c,Australia,0.0,False
7c6d7b,Australia,230.11,False
a303d8,United States,28.81,True
7583ab,Philippines,238.55,False
a95acc,United States,202.75,False
151df6,Russian Federation,210.51,False
a34c58,United States,270.41,False
0d0e21,Mexico,194.68,False
7c6d7f,Australia,215.07,False
a556b4,United States,37.68,False
0d0e29,Mexico,135.92,False
ac1a2c,United States,2.31,True
7c6d92,Australia,180.69,False
abc4d8,United States,203.58,False
ad4bd3,United States,69.77,False
a1d811,United States,265.6,False
a11eb4,United States,202.79,False
adaee8,United States,288.24,False
a0b81e,United States,219.98,False
ad4bca,United States,294.34,False
a0b81d,United States,210.09,False
ad4bcb,United States,71.0,False
a0b823,United States,228.56,False
8675d8,Japan,3.86,True
a650c7,United States,177.44,False
a0b821,United States,239.62,False
a46c9a,United States,265.95,False
ac2be9,United States,0.9,True
a17501,United States,48.16,False
a0b826,United States,6.43,True
a9bf60,United States,203.96,False
a770a2,United States,211.49,False
aaa593,United States,237.57,False
a23ea4,United States,33.84,False
abb245,United States,75.36,False
a913d6,United States,4.37,True
a09ba1,United States,32.7,False
a0b82f,United States,212.8,False
c080a6,Canada,240.81,False
ac2bf8,United States,236.19,False
abc573,United States,293.29,False
c080a5,Canada,150.16,False
ad0562,United States,283.58,False
c080a3,Canada,224.29,False
a0fea6,United States,0.0,True
a0681c,United States,253.98,False
ac2bfd,United States,175.51,False
a5dc8a,United States,244.61,False
acd22c,United States,252.35,False
adaeed,United States,189.79,False
a83c70,United States,48.16,False
a9bf27,United States,253.94,False
a0b803,United States,5.4,True
a1b0fb,United States,131.45,False
c080ac,Canada,0.0,True
a96f66,United States,182.67,False
ab627c,United States,242.79,False
a7d3d3,United States,236.23,False
a9ac07,United States,44.86,False
aa54f4,United States,135.74,False
a95c2f,United States,268.44,False
a1b0ef,United States,29.57,False
a9bf2b,United States,29.46,False
7c6d2f,Australia,177.0,False
acd262,United States,10.8,True
7c6d2b,Australia,0.64,True
ac8289,United States,226.14,False
7c6d2a,Australia,0.0,True
a0b866,United States,194.14,False
4b1691,Switzerland,225.82,False
a819f1,United States,3.6,True
a0422d,United States,40.26,False
a60f75,United States,73.57,False
a35ec2,United States,0.0,True
acf89f,United States,117.11,False
49514e,Portugal,71.51,False
49514f,Portugal,218.02,False
7c6d30,Australia,222.49,False
a6c6c8,United States,236.68,False
a0a545,United States,86.49,False
a4380f,United States,0.0,True
aa54bd,United States,85.4,False
a4cf7f,United States,0.0,True
49514a,Portugal,220.08,False
a4380d,United States,222.44,False
c009ea,Canada,134.73,False
a676f2,United States,27.17,False
7c6d37,Australia,6.43,True
7c6d33,Australia,157.43,False
7c6d32,Australia,151.14,False
a35eb0,United States,167.05,False
a2f829,United States,54.17,False
a18858,United States,42.58,False
84bb13,Japan,183.13,False
495153,Portugal,220.18,False
a6b3aa,United States,47.73,False
a31829,United States,173.71,False
a663ce,United States,52.69,False
a84f5d,United States,45.58,False
a0b846,United States,219.16,False
a0b844,United States,227.43,False
a0b840,United States,212.29,False
a806e0,United States,129.54,False
495145,Portugal,160.84,False
495146,Portugal,199.87,False
a0b849,United States,295.79,False
a0b848,United States,0.0,True
a7e6c7,United States,4.89,True
440c32,Austria,84.55,False
a4bc87,United States,211.73,False
440c35,Austria,201.18,False
aa8a09,United States,292.33,False
440c36,Austria,194.64,False
a7f9f4,United States,0.0,True
a84f4c,United States,37.05,False
a05559,United States,239.39,False
a0a522,United States,264.11,False
440c1b,Austria,231.51,False
aa67e1,United States,66.27,False
ab7504,United States,50.58,False
acd0fd,United States,56.36,False
ae10eb,United States,159.33,False
ae10fa,United States,149.44,False
a35efa,United States,178.62,False
aa6842,United States,136.08,False
a31890,United States,212.11,False
c03f0c,Canada,236.1,False
a67858,United States,0.0,True
a35ef1,United States,209.09,False
782245,China,223.61,False
a3186a,United States,171.53,False
a35eeb,United States,210.81,False
a79821,United States,192.14,False
ae10ea,United States,86.75,False
0d0cb1,Mexico,215.69,False
a34bc8,United States,240.56,False
a890fe,United States,68.94,False
a60ebd,United States,181.25,False
0d0cb9,Mexico,205.15,False
e4917d,Brazil,124.44,False
a1d873,United States,206.93,False
c03f37,Canada,200.91,False
a29551,United States,233.0,False
abc504,United States,244.37,False
a0b889,United States,204.13,False
c8221a,New Zealand,225.85,False
c8221c,New Zealand,56.81,False
7c6bbc,Australia,249.8,False
a72ed5,United States,48.83,False
ac3eba,United States,2.83,True
a0b88c,United States,199.77,False
ab885c,United States,236.65,False
a30535,United States,48.43,False
75857d,Philippines,212.51,False
a35ed6,United States,106.66,False
a23eee,United States,49.4,False
a6652b,United States,186.53,False
a95c89,United States,0.0,True
151e4f,Russian Federation,9.83,False
ac2ba0,United States,215.01,False
acf849,United States,7.72,True
a83c92,United States,68.84,False
a2e57e,United States,204.71,False
782282,China,265.82,False
ab8880,United States,255.87,False
acf846,United States,101.47,False
a1c599,United States,86.92,False
3991e4,France,214.02,False
a28276,United States,42.66,False
abb205,United States,206.68,False
440af5,Austria,117.8,False
ad1857,United States,215.23,False
ac2bb7,United States,70.48,False
75855b,Philippines,15.43,True
ac2bb6,United States,180.81,False
ac3ee9,United States,222.13,False
ac952b,United States,207.57,False
a30596,United States,197.43,False
a54501,United States,55.05,False
484416,Kingdom of the Netherlands,259.55,False
a28261,United States,51.61,False
a900dd,United States,108.26,False
484411,Kingdom of the Netherlands,149.84,False
a2d234,United States,202.57,False
ac2bc6,United States,217.06,False
a16273,United States,297.38,False
758538,Philippines,168.32,False
ab6247,United States,207.89,False
abb222,United States,175.49,False
c82284,New Zealand,114.43,False
ac8233,United States,53.7,False
a96f9c,United States,54.84,False
a34bdc,United States,265.91,False
a54520,United States,159.81,False
a7d3fe,United States,7.2,True
ace3b9,United States,43.66,False
a067d6,United States,47.35,False
a89234,United States,0.0,True
86d952,Japan,0.06,True
ab73f5,United States,216.17,False
ad03c4,United States,219.88,False
abd6ed,United States,239.72,False
a0b7b7,United States,201.58,False
a6b571,United States,205.45,False
ae6c1a,United States,125.14,False
0d0d8d,Mexico,205.18,False
aaa3f2,United States,160.22,False
ab73ee,United States,52.74,False
a6657e,United States,245.35,False
a08a06,United States,56.16,False
abc3c6,United States,269.62,False
a9aba2,United States,242.63,False
ab60ba,United States,41.87,False
aa9bfd,United States,51.97,False
ac3f92,United States,116.36,False
ac2c79,United States,288.47,False
3c6518,Germany,259.5,False
ad03d5,United States,35.11,False
ac93dd,United States,39.67,False
a6c88e,United States,205.22,False
151dc1,Russian Federation,239.53,False
ab60e3,United States,291.6,False
a6b593,United States,204.86,False
842370,Japan,232.6,False
151dbb,Russian Federation,3.34,True
a96ee2,United States,272.49,False
a7d571,United States,51.97,False
3c6521,Germany,234.45,False
7c6c9c,Australia,236.06,False
7c6c9b,Australia,226.39,False
a3059c,United States,58.66,False
151db5,Russian Federation,37.68,False
abc3ec,United States,139.04,False
a89241,United States,0.0,True
4a91b3,Sweden,87.17,False
40912d,United Kingdom,217.14,False
a2e58b,United States,57.25,False
a09d22,United States,188.33,False
ab60ee,United States,52.94,False
a7e894,United States,50.35,False
a6c868,United States,47.4,False
aaec9c,United States,2.83,True
a5a86c,United States,54.59,False
a67883,United States,138.75,False
c03dac,Canada,220.47,False
a5322d,United States,67.44,False
aa4230,United States,236.64,False
a174c8,United States,100.84,False
a1c4b7,United States,85.52,False
a0b7de,United States,209.62,False
a0b7dc,United States,265.53,False
a041c3,United States,46.85,False
a6c855,United States,39.11,False
a0b7fa,United States,292.14,False
adf0a3,United States,286.7,False
a0da26,United States,214.84,False
a09d81,United States,57.62,False
a66561,United States,187.04,False
a6c84a,United States,27.08,False
a96ed9,United States,161.67,False
a91536,United States,276.3,False
a067f6,United States,176.67,False
a66573,United States,258.16,False
a66576,United States,242.12,False
a79890,United States,174.37,False
a6b554,United States,47.89,False
a067ec,United States,177.28,False
a0b7d8,United States,169.8,False
a0b7bd,United States,218.94,False
a79898,United States,225.65,False
0d0d83,Mexico,226.22,False
a80870,United States,33.94,False
acd0ca,United States,1.03,True
a08a1a,United States,0.0,True
a0b7ca,United States,50.39,False
a0ed34,United States,149.9,False
a96eb8,United States,86.05,False
ac2e20,United States,219.93,False
ab0e2b,United States,62.51,False
4951d3,Portugal,4.37,True
4951d7,Portugal,172.43,False
a6c7a9,United States,48.0,False
408000,United Kingdom,126.86,False
a304e4,United States,66.01,False
0d0d18,Mexico,223.0,False
a0da51,United States,53.42,False
a58d42,United States,68.34,False
ac709b,United States,200.1,False
a46d47,United States,2.06,True
a304d8,United States,227.63,False
a437de,United States,5.92,True
aaa5b8,United States,141.13,False
40097c,United Kingdom,217.02,False
a8e29c,United States,257.94,False
a437da,United States,252.44,False
aaa5ae,United States,207.78,False
a34d63,United States,138.41,False
aaee43,United States,155.72,False
a22d88,United States,77.54,False
a437cf,United States,266.85,False
aaee3b,United States,212.37,False
ab88ee,United States,227.38,False
ae009c,United States,138.51,False
ab0e4c,United States,203.88,False
ac2e48,United States,258.61,False
a71d34,United States,0.0,True
a8e279,United States,0.9,True
aaee51,United States,81.71,False
a34d52,United States,239.43,False
a46d29,United States,206.85,False
a0b7fb,United States,226.72,False
a46d26,United States,208.95,False
a5dd1c,United States,111.35,False
a677e3,United States,172.65,False
ac1b21,United States,216.5,False
0d0d41,Mexico,5.66,True
0d0d40,Mexico,221.99,False
ab62b1,United States,43.26,False
aaa5d4,United States,0.0,True
a4bd4d,United States,265.04,False
a10d7f,United States,215.63,False
ace5b6,United States,92.85,False
ab62ad,United States,189.69,False
a2d1db,United States,204.19,False
aadb37,United States,0.0,False
aadb2d,United States,40.46,False
a11fa1,United States,265.53,False
ab62d3,United States,210.55,False
ac95da,United States,222.59,False
ad3b27,United States,35.12,False
a34d98,United States,0.0,True
408033,United Kingdom,218.85,False
aaee84,United States,85.52,False
ad4e46,United States,48.63,False
ac82b1,United States,43.36,False
ac82c7,United States,70.33,False
392ae7,France,151.05,False
abfb46,United States,0.0,True
a46d70,United States,244.04,False
392ae8,France,207.29,False
a2d1bc,United States,213.65,False
a33a55,United States,134.48,False
a1b1bc,United States,280.97,False
ad05f2,United States,44.59,False
ab62f8,United States,288.31,False
408011,United Kingdom,228.01,False
4a4eae,Romania,142.29,False
a46d4e,United States,6.94,True
a0da7a,United States,0.0,False
a46d4f,United States,222.82,False
a46d4a,United States,194.22,False
a58d1d,United States,11.56,False
a4bd0f,United States,93.35,False
ae2669,United States,1.63,False
a23fb2,United States,0.45,True
75862c,Philippines,243.48,False
440d6e,Austria,188.4,False
c02d99,Canada,233.38,False
440d6f,Austria,212.65,False
a83d76,United States,242.56,False
aba00b,United States,50.45,False
a82a44,United States,5.4,True
151e24,Russian Federation,28.0,False
a0563b,United States,250.74,False
ab5056,United States,199.7,False
a5ca4b,United States,2.06,True
ace64a,United States,177.59,False
ab504c,United States,173.16,False
a69a6c,United States,48.45,False
c01a52,Canada,206.93,False
a1761e,United States,134.99,False
abc67f,United States,88.04,False
ad4cf2,United States,232.9,False
ae0029,United States,164.92,False
758625,Philippines,61.67,False
a70a86,United States,52.71,False
ad9039,United States,196.87,False
a70a84,United States,30.37,False
151e2c,Russian Federation,233.11,False
75860f,Philippines,159.94,False
a891e0,United States,204.19,False
adf342,United States,69.95,False
aa8b76,United States,51.74,False
ae267b,United States,37.48,False
c01a5a,Canada,251.24,False
ae0015,United States,182.54,False
a95d52,United States,201.1,False
ae0019,United States,222.94,False
a95d57,United States,176.06,False
abb389,United States,202.61,False
a06967,United States,189.78,False
a0a601,United States,53.36,False
a46d8f,United States,160.43,False
495297,Portugal,224.56,False
495298,Portugal,234.43,False
495299,Portugal,212.76,False
a3afab,United States,68.84,False
440d91,Austria,173.1,False
a17610,United States,50.78,False
a0b97c,United States,186.54,False
ac7074,United States,252.71,False
a6fd2c,United States,221.79,False
a43952,United States,189.19,False
ae0044,United States,197.7,False
a03028,United States,0.0,True
a28326,United States,48.49,False
a797ea,United States,223.2,False
a82a06,United States,97.96,False
a6ea11,United States,26.08,False
ae0038,United States,218.74,False
aa9e6d,United States,216.69,False
a0301f,United States,209.05,False
760918,Pakistan,258.35,False
7c38f8,Australia,51.79,False
a1500a,United States,268.61,False
ae0034,United States,218.99,False
a6b4b7,United States,269.85,False
ac706a,United States,276.89,False
a95d2e,United States,88.61,False
0d0bd8,Mexico,247.55,False
ae002e,United States,366.37,False
ae002d,United States,147.66,False
a31961,United States,7.46,True
a58d8c,United States,170.53,False
ae0065,United States,131.93,False
ae0063,United States,259.09,False
a5ca46,United States,41.98,False
a03000,United States,83.31,False
a05669,United States,281.43,False
440d4c,Austria,218.19,False
440d4d,Austria,124.6,False
86d9d2,Japan,77.72,False
ae005b,United States,254.5,False
495267,Portugal,206.62,False
a35fc2,United States,78.46,False
495269,Portugal,215.11,False
a4aa61,United States,179.65,False
aa9e4a,United States,187.68,False
a771a8,United States,284.28,False
a03011,United States,68.98,False
a1897c,United States,276.12,False
a29625,United States,143.66,False
a57a84,United States,62.07,False
ae0061,United States,183.85,False
aa55bd,United States,248.06,False
a0433b,United States,287.49,False
ab7627,United States,138.96,False
a59ff4,United States,50.83,False
4007fb,United Kingdom,224.82,False
4007fa,United Kingdom,255.33,False
a84fb8,United States,41.27,False
aaffaa,United States,140.78,False
a4cfe0,United States,151.4,False
4007ee,United Kingdom,3.86,True
4007ed,United Kingdom,198.69,False
a6b60a,United States,229.09,False
ab761c,United States,0.0,True
a6c93c,United States,39.45,False
aa9ca8,United States,267.78,False
a96fa3,United States,62.48,False
a66647,United States,45.33,False
4007f9,United Kingdom,240.33,False
4007f7,United Kingdom,4.37,True
e4908e,Brazil,4.12,True
4007f5,United Kingdom,137.71,False
4007f4,United Kingdom,211.98,False
a29680,United States,6.17,True
a1d99b,United States,276.94,False
a1c66a,United States,53.5,False
a46cc1,United States,181.98,False
a5dca6,United States,74.74,False
4007f2,United Kingdom,232.65,False
4007f1,United Kingdom,246.63,False
a96fb4,United States,186.45,False
adf1ec,United States,156.61,False
4007f0,United Kingdom,246.22,False
a6795b,United States,104.87,False
a15027,United States,195.87,False
a7e93b,United States,1.54,True
ab6316,United States,187.82,False
a83ca4,United States,237.19,False
7c0012,Australia,13.38,True
4baac9,Turkey,160.56,False
a2e646,United States,0.0,True
a7e944,United States,106.04,False
a0a674,United States,68.05,False
a53340,United States,57.25,False
a7e92a,United States,185.97,False
e4906f,Brazil,91.73,False
a2f95c,United States,71.38,False
ab764a,United States,48.43,False
a5599e,United States,122.39,False
495217,Portugal,235.3,False
a6c94f,United States,7.0,False
a30657,United States,220.0,False
a1c64e,United States,125.83,False
a1c64c,United States,152.25,False
ac2cb4,United States,32.93,False
75869f,Philippines,96.8,False
a7d604,United States,94.25,False
495212,Portugal,212.12,False
48455e,Kingdom of the Netherlands,264.1,False
495213,Portugal,236.22,False
495214,Portugal,204.64,False
ab5002,United States,218.03,False
ab6339,United States,90.94,False
abc649,United States,184.58,False
a67928,United States,145.61,False
ad5fe7,United States,0.0,True
abd971,United States,237.69,False
a8e1cc,United States,202.46,False
78105b,China,249.54,False
484556,Kingdom of the Netherlands,2.83,True
a95d9d,United States,88.75,False
a3904c,United States,2.57,True
aaa668,United States,289.17,False
ab633b,United States,47.92,False
a2d370,United States,1.54,True
adafb5,United States,210.92,False
a09e24,United States,133.56,False
a8e1f6,United States,243.86,False
ab5024,United States,114.75,False
a40027,United States,229.33,False
ac832e,United States,174.61,False
a39034,United States,39.21,False
a8e1ae,United States,173.26,False
aab99f,United States,60.65,False
a4000f,United States,202.29,False
a80912,United States,62.64,False
a2d359,United States,159.37,False
ad1986,United States,163.62,False
a78605,United States,225.65,False
a95d94,United States,58.41,False
ac700e,United States,48.66,False
a068a7,United States,0.64,True
ad5fea,United States,206.76,False
aaecff,United States,50.35,False
a3901d,United States,88.52,False
aaa68a,United States,168.42,False
acf975,United States,230.86,False
ae5a20,United States,0.51,False
aada4d,United States,120.28,False
abb1c2,United States,81.36,False
a5338d,United States,241.96,False
a34e01,United States,161.12,False
4ca9c1,Ireland,68.7,False
4ca9c3,Ireland,235.83,False
a22e17,United States,78.69,False
ace4e0,United States,174.95,False
4ca9aa,Ireland,5.92,True
a7c345,United States,243.3,False
ac81c6,United States,49.9,False
a3e07a,United States,214.27,False
4ca9d1,Ireland,163.45,False
a2c087,United States,202.26,False
4ca9d2,Ireland,143.61,False
4ca9d3,Ireland,0.0,True
4ca9d4,Ireland,247.73,False
a6a354,United States,210.41,False
a9accd,United States,231.08,False
ad04f2,United States,29.84,False
4ca9d0,Ireland,224.73,False
7585d7,Philippines,40.07,False
a22e28,United States,132.53,False
ace4ba,United States,55.91,False
ac81d3,United States,250.77,False
a3907c,United States,78.8,False
a7d665,United States,194.0,False
abfa65,United States,6.69,True
a8f646,United States,192.83,False
4ca9a9,Ireland,241.2,False
0a00cd,Algeria,248.57,False
c08268,Canada,196.08,False
4ca9a1,Ireland,247.75,False
a7c35c,United States,232.69,False
a9034c,United States,21.61,True
7585a0,Philippines,118.47,False
a76066,United States,237.36,False
aa435b,United States,205.03,False
aa568f,United States,200.78,False
ac1a72,United States,211.21,False
a10e29,United States,206.62,False
a9acb8,United States,136.13,False
aa5694,United States,206.58,False
a10e23,United States,296.43,False
abb1de,United States,209.7,False
4b5c1e,Switzerland,13.89,True
aa5690,United States,192.78,False
0d0c9b,Mexico,226.92,False
7585b4,Philippines,173.07,False
7585b3,Philippines,183.71,False
abfa5f,United States,148.38,False
aada90,United States,171.19,False
a4bcec,United States,176.78,False
c03ee4,Canada,67.04,False
a89319,United States,49.14,False
abfa81,United States,7.72,True
a1fb1a,United States,102.68,False
a0b8fb,United States,227.91,False
a22e59,United States,96.77,False
a9bfb5,United States,186.31,False
a33b0d,United States,111.02,False
ac1a95,United States,216.71,False
a53369,United States,209.74,False
a295c9,United States,289.16,False
acd1d8,United States,44.1,False
7c7fe6,Australia,95.31,False
a9bfc9,United States,211.49,False
ae11bb,United States,141.02,False
a5468e,United States,180.43,False
a83cb3,United States,43.95,False
a305b0,United States,120.9,False
a6a30e,United States,1.63,False
adf1b5,United States,62.5,False
aab922,United States,225.87,False
4ca9e7,Ireland,275.1,False
440bbf,Austria,1.03,True
adf1f7,United States,46.17,False
a66695,United States,212.49,False
7c6ca4,Australia,150.55,False
7c6ca1,Australia,231.0,False
a175d3,United States,58.83,False
440bc1,Austria,223.84,False
acf906,United States,225.22,False
a042ae,United States,178.7,False
a4008e,United States,200.59,False
a4008c,United States,64.26,False
aa4322,United States,260.93,False
a22e3c,United States,131.16,False
abd90c,United States,281.02,False
a5338b,United States,63.67,False
a95ca4,United States,196.81,False
a22e42,United States,208.33,False
a042d5,United States,213.34,False
a69f90,United States,298.47,False
a16814,United States,117.65,False
4601f2,Finland,84.92,False
abda0e,United States,75.12,False
a5cf80,United States,55.26,False
a6a6f6,United States,153.58,False
a260ed,United States,223.85,False
a380f4,United States,251.55,False
aaba41,United States,195.0,False
a69f88,United States,226.69,False
4601f5,Finland,62.35,False
4601f9,Finland,116.73,False
a883a7,United States,205.39,False
a6dc42,United States,197.67,False
ac74e8,United States,42.9,False
a0482a,United States,76.74,False
aa34f7,United States,50.99,False
4854ca,Kingdom of the Netherlands,210.6,False
e4988e,Brazil,109.33,False
4854cf,Kingdom of the Netherlands,240.6,False
ab8a54,United States,46.8,False
440a8d,Austria,270.81,False
a3d0e6,United States,5.4,True
4601fa,Finland,62.98,False
e49892,Brazil,18.01,False
c01ef8,Canada,151.93,False
a68c67,United States,42.81,False
a6dc36,United States,171.04,False
a69f97,United States,180.15,False
ac74e4,United States,208.29,False
adf7b8,United States,40.67,False
a44c70,United States,297.71,False
aa34e8,United States,42.55,False
aa21b7,United States,52.78,False
a403df,United States,220.67,False
c00bf1,Canada,159.02,False
a6a6fe,United States,236.57,False
4867ec,Kingdom of the Netherlands,230.02,False
c07572,Canada,171.37,False
ac61bc,United States,216.48,False
a7b3c2,United States,189.45,False
a45f8e,United States,171.34,False
ad81b9,United States,170.81,False
aacd96,United States,0.77,True
400610,United Kingdom,228.08,False
c00bec,Canada,105.56,False
abed68,United States,211.79,False
a20c98,United States,75.69,False
4bab52,Turkey,229.01,False
abda54,United States,232.33,False
a4f0db,United States,43.07,False
ad81a1,United States,250.73,False
a3d0fb,United States,0.0,True
a2b0b0,United States,46.66,False
a3d0fe,United States,42.9,False
a776b2,United States,200.61,False
c82810,New Zealand,137.61,False
400685,United Kingdom,224.28,False
a5cf41,United States,194.05,False
a523b1,United States,0.06,True
a656bf,United States,49.41,False
a07bb3,United States,137.45,False
acfa52,United States,67.72,False
aaba81,United States,234.82,False
a1683c,United States,87.04,False
a02217,United States,77.62,False
a33ea8,United States,37.1,False
a02218,United States,74.85,False
abda57,United States,66.97,False
ad2d6f,United States,57.42,False
c82806,New Zealand,35.44,False
ae04f3,United States,127.35,False
a523ab,United States,213.81,False
c01ec6,Canada,201.58,False
a536dd,United States,204.34,False
c82808,New Zealand,52.23,False
ab8a97,United States,78.35,False
a3e3d1,United States,112.29,False
0d8367,Venezuela,132.27,False
a5cf3f,United States,176.06,False
ad1a4e,United States,177.24,False
c07506,Canada,52.05,False
ad94ee,United States,51.96,False
c82834,New Zealand,111.82,False
a3f6fe,United States,51.09,False
c08863,Canada,227.38,False
aaba8e,United States,65.85,False
c82833,New Zealand,66.29,False
c08862,Canada,169.18,False
a5cf66,United States,252.16,False
c8281b,New Zealand,26.58,False
a896b2,United States,57.82,False
7585e8,Philippines,210.41,False
c0885e,Canada,240.98,False
c01ee6,Canada,246.62,False
a82f41,United States,73.85,False
4867c4,Kingdom of the Netherlands,217.04,False
a16845,United States,53.71,False
c08852,Canada,240.95,False
a15516,United States,268.07,False
0d8387,Venezuela,120.39,False
a9e167,United States,207.72,False
a643c4,United States,62.21,False
a8f9a3,United States,194.38,False
4867b0,Kingdom of the Netherlands,239.23,False
a9f3f9,United States,220.02,False
acb285,United States,278.74,False
a45ec0,United States,46.7,False
a20bc1,United States,45.89,False
a52515,United States,243.17,False
a57eb0,United States,0.0,True
758774,Philippines,5.4,True
758771,Philippines,261.29,False
c81530,New Zealand,51.74,False
aa4932,United States,221.44,False
a07bfa,United States,0.0,False
a0cbd6,United States,165.57,False
7c39e2,Australia,67.12,False
a33ed6,United States,75.11,False
a2886c,United States,200.16,False
702f08,Bangladesh,3.6,False
0b430a,Guatemala,71.74,False
a16879,United States,53.51,False
a3d207,United States,47.62,False
c82871,New Zealand,101.82,False
a4aebe,United States,182.6,False
a1fec6,United States,52.57,False
a64517,United States,133.91,False
a28860,United States,40.52,False
a9e0a8,United States,64.99,False
75872d,Philippines,227.48,False
75872c,Philippines,232.65,False
a08efd,United States,217.64,False
a1a514,United States,58.32,False
a3e542,United States,138.16,False
a0cbc1,United States,63.74,False
ac0d14,United States,1.29,True
a6583b,United States,234.54,False
a33eb5,United States,1.29,True
a6a815,United States,166.92,False
a33eb1,United States,121.37,False
a39575,United States,11.32,True
e49849,Brazil,256.29,False
c060bc,Canada,236.85,False
abed10,United States,291.16,False
c060bf,Canada,202.46,False
a3f800,United States,106.35,False
7cac27,Australia,91.06,False
c82893,New Zealand,3.6,False
c060bb,Canada,217.41,False
c060ba,Canada,98.28,False
75870e,Philippines,76.95,False
c81561,New Zealand,36.03,False
e4982f,Brazil,228.89,False
a81c78,United States,149.82,False
a2d88a,United States,41.98,False
a7c6fa,United States,189.33,False
a32bf6,United States,13.89,True
70c105,Oman,256.09,False
a2c54e,United States,44.31,False
70c107,Oman,239.96,False
c81576,New Zealand,0.0,True
70c103,Oman,256.29,False
70c104,Oman,198.85,False
a38230,United States,38.31,False
a9f3c0,United States,147.52,False
a32bcb,United States,211.89,False
c060c9,Canada,216.57,False
aa21ef,United States,142.35,False
a1a56d,United States,251.35,False
a1ebf7,United States,57.89,False
c073f1,Canada,115.25,False
c8288c,New Zealand,3.25,False
aa7d9a,United States,62.26,False
a38223,United States,197.24,False
a32bba,United States,211.58,False
a8d3b4,United States,74.6,False
c8289f,New Zealand,58.59,False
aacd50,United States,182.42,False
aa6a76,United States,169.78,False
a21efb,United States,283.6,False
0b433f,Guatemala,0.0,True
7c39f5,Australia,4.12,True
70c125,Oman,272.54,False
7c39f7,Australia,102.07,False
0b4352,Guatemala,57.93,False
7c5c0a,Australia,81.5,False
a3952d,United States,86.22,False
c81594,New Zealand,46.27,False
a20bf5,United States,48.02,False
abda02,United States,72.29,False
758709,Philippines,40.16,False
a8d3c1,United States,157.02,False
a33ef5,United States,234.75,False
c086db,Canada,71.88,False
a81bc4,United States,114.61,False
486898,Kingdom of the Netherlands,159.28,False
acd866,United States,238.22,False
a6dbbd,United States,194.6,False
ab4248,United States,54.3,False
78114a,China,40.13,False
a6456d,United States,242.78,False
a76552,United States,205.91,False
781161,China,217.97,False
a7b520,United States,199.03,False
a4f24d,United States,36.74,False
aba53f,United States,37.07,False
abfefd,United States,241.8,False
add201,United States,55.19,False
ae4bb6,United States,63.4,False
78115b,China,218.57,False
ad2bbe,United States,210.9,False
7c1465,Australia,215.43,False
aa7bd6,United States,236.83,False
c00c67,Canada,30.94,False
ac6243,United States,210.5,False
c060b8,Canada,103.18,False
c060b9,Canada,3.6,True
7c1467,Australia,266.33,False
c060b6,Canada,155.4,False
aa8eee,United States,108.36,False
abebbe,United States,11.83,True
a4189f,United States,214.44,False
a2c56d,United States,202.69,False
a5127c,United States,183.87,False
a047a3,United States,0.0,True
aba573,United States,183.14,False
ac7581,United States,245.55,False
a7c877,United States,130.86,False
7c6dea,Australia,217.91,False
abebe0,United States,146.6,False
a2c574,United States,230.78,False
ac889a,United States,143.35,False
7c011b,Australia,56.28,False
ac0bfb,United States,246.24,False
a7650b,United States,242.19,False
a6eeb9,United States,95.48,False
aa352b,United States,33.45,False
aa7bb5,United States,13.1,False
ac6266,United States,271.19,False
ad2bda,United States,50.26,False
a6451b,United States,55.94,False
a3f87d,United States,65.43,False
0b4301,Guatemala,69.82,False
a154ae,United States,0.64,True
ade548,United States,216.07,False
c01f28,Canada,222.93,False
486840,Kingdom of the Netherlands,242.16,False
a3e55b,United States,18.18,False
a3e55a,United States,233.3,False
c827a3,New Zealand,162.79,False
a3f88e,United States,208.9,False
48683e,Kingdom of the Netherlands,235.75,False
48683f,Kingdom of the Netherlands,229.96,False
aba57f,United States,178.79,False
a0cd30,United States,53.68,False
c01f1e,Canada,222.29,False
a90802,United States,41.65,False
a6452d,United States,222.16,False
a6a865,United States,263.69,False
a56be4,United States,51.4,False
a6eed5,United States,106.64,False
a7c849,United States,196.85,False
a5255a,United States,108.42,False
ac6289,United States,228.59,False
c827b1,New Zealand,222.04,False
a6eec9,United States,224.78,False
a06a09,United States,0.0,True
758794,Philippines,157.72,False
a38293,United States,217.79,False
aa8eb3,United States,176.93,False
758792,Philippines,2.83,True
ae4be8,United States,99.1,False
a6a84a,United States,47.91,False
a6587b,United States,221.04,False
a70ee6,United States,161.35,False
ad8262,United States,136.65,False
a19d0d,United States,0.0,True
ae189a,United States,176.94,False
aa3509,United States,5.14,True
a261a3,United States,49.39,False
c06189,Canada,259.84,False
ae03fb,United States,123.6,False
88084c,Thailand,93.24,False
a2c4b8,United States,52.55,False
a034fe,United States,46.83,False
a44d1c,United States,278.41,False
7c6da0,Australia,246.58,False
ae03fd,United States,143.44,False
a154e6,United States,0.0,True
c0617c,Canada,244.23,False
a56d0c,United States,60.98,False
3c7607,Germany,111.82,False
a06a5a,United States,78.23,False
a56d29,United States,59.38,False
c06177,Canada,254.02,False
c06179,Canada,239.95,False
c06173,Canada,0.0,True
a657ae,United States,51.97,False
a394a7,United States,63.79,False
c06171,Canada,219.52,False
a56d25,United States,42.63,False
a8859e,United States,60.82,False
a417c9,United States,269.79,False
ab681a,United States,58.95,False
a68d02,United States,265.14,False
c0616e,Canada,233.34,False
880843,Thailand,78.5,False
a06a2d,United States,136.87,False
a99262,United States,242.23,False
a9e22e,United States,156.19,False
a99269,United States,90.5,False
c0619d,Canada,297.16,False
c827ff,New Zealand,45.11,False
47480e,Hungary,14.92,True
a7a28d,United States,225.67,False
a19d64,United States,183.83,False
c06197,Canada,275.72,False
7586d7,Philippines,224.34,False
76d107,Singapore,82.75,False
70c0f6,Oman,256.98,False
a06a54,United States,91.76,False
c0618c,Canada,245.92,False
c07476,Canada,32.03,False
7c6de9,Australia,3.09,True
7c6de8,Australia,0.0,True
7c6de6,Australia,244.53,False
a31a54,United States,235.49,False
a32d85,United States,51.45,False
add0ff,United States,39.81,False
4bab24,Turkey,178.88,False
ac750b,United States,84.94,False
a417fe,United States,177.5,False
ab6866,United States,35.65,False
c07466,Canada,52.08,False
7c6dd9,Australia,71.55,False
7c6dd8,Australia,222.89,False
7c6dd7,Australia,185.94,False
7c6dd4,Australia,227.19,False
a9e21e,United States,35.66,False
7586b6,Philippines,47.18,False
a99257,United States,91.03,False
a31a50,United States,233.1,False
a6327d,United States,55.48,False
aaded6,United States,72.6,False
a2fa33,United States,64.31,False
a1ed5f,United States,68.29,False
a0ba4e,United States,193.41,False
a32d62,United States,64.11,False
a44d3f,United States,271.02,False
a417eb,United States,54.69,False
4ca8af,Ireland,255.96,False
ab686f,United States,275.23,False
a3f7b8,United States,189.13,False
7609b0,Pakistan,163.72,False
7c6dbb,Australia,217.51,False
7c6dba,Australia,228.86,False
a537b2,United States,252.57,False
a1a4cd,United States,0.0,False
c06156,Canada,235.57,False
84bbbd,Japan,65.03,False
4ca8d7,Ireland,216.04,False
4ca8d8,Ireland,200.08,False
a1ed4e,United States,111.58,False
a0ba69,United States,171.24,False
4ca8d4,Ireland,234.76,False
4ca8d5,Ireland,235.23,False
7c6db4,Australia,244.88,False
a75283,United States,245.06,False
a021fe,United States,43.68,False
7c6db1,Australia,130.29,False
aa3591,United States,79.41,False
7c6db0,Australia,0.0,True
7c1417,Australia,270.44,False
c0614d,Canada,68.54,False
ad3ec4,United States,47.16,False
ac0bb9,United States,183.84,False
acd838,United States,276.17,False
a8e87b,United States,47.69,False
a32d4a,United States,45.97,False
c00cf5,Canada,30.88,False
acd8ff,United States,154.26,False
c00cec,Canada,95.02,False
a08fbb,United States,125.35,False
abdb35,United States,253.64,False
a3d1ed,United States,92.97,False
a8e7df,United States,44.17,False
a16943,United States,34.5,False
c05007,Canada,234.03,False
a511f6,United States,6.17,True
a21fa1,United States,138.35,False
0b4298,Guatemala,78.8,False
acc5c9,United States,131.37,False
ac62cc,United States,0.0,True
7c01f0,Australia,0.0,True
aa7e99,United States,273.17,False
a93d4e,United States,150.93,False
a4f1e5,United States,292.28,False
7c4a4a,Australia,141.68,False
501e83,Croatia,6.94,True
c06366,Canada,65.41,False
c06361,Canada,153.82,False
c06363,Canada,169.36,False
0b4285,Guatemala,0.0,True
aa7e7d,United States,213.75,False
a31a76,United States,238.42,False
aa7e7c,United States,215.37,False
7c4a4f,Australia,224.57,False
aa7e7b,United States,191.23,False
aa7e7a,United States,257.7,False
7c5d94,Australia,131.64,False
aabb80,United States,43.61,False
c0635b,Canada,157.75,False
a44d85,United States,287.87,False
c0635a,Canada,64.09,False
ab8b7f,United States,207.88,False
a907ed,United States,16.98,False
a67a86,United States,34.16,False
a897fa,United States,8.23,True
c06356,Canada,166.52,False
7cad4a,Australia,241.73,False
a5aa78,United States,0.32,True
7c4a51,Australia,208.86,False
acb2ad,United States,245.3,False
c00cfe,Canada,94.68,False
a2b1d3,United States,137.87,False
aa7e74,United States,240.34,False
7c4a57,Australia,235.8,False
aa6b43,United States,156.3,False
4baa84,Turkey,217.22,False
c07630,Canada,67.0,False
abdb88,United States,146.6,False
a1696b,United States,193.06,False
a33fc3,United States,55.23,False
a0232a,United States,72.02,False
a68d38,United States,106.5,False
add2ad,United States,216.61,False
888018,Viet Nam,249.58,False
70c0fd,Oman,263.54,False
aa6b1d,United States,210.19,False
a524e1,United States,213.23,False
add2b6,United States,235.04,False
add2b5,United States,270.06,False
a3e4f7,United States,131.41,False
a657f4,United States,252.24,False
a43a9f,United States,50.67,False
acc5fb,United States,190.99,False
aa7e56,United States,1.54,True
a777bf,United States,298.91,False
a524db,United States,77.31,False
4868f7,Kingdom of the Netherlands,253.09,False
a67a16,United States,35.56,False
a7c7d2,United States,269.08,False
a3e4ed,United States,46.81,False
a5aa28,United States,61.72,False
aa7e3a,United States,215.67,False
a81d2e,United States,60.75,False
a28947,United States,199.38,False
a9929d,United States,144.33,False
c82727,New Zealand,142.43,False
c07646,Canada,251.73,False
a6a7cf,United States,268.07,False
c06312,Canada,208.22,False
a41904,United States,93.43,False
aa7e36,United States,238.92,False
400772,United Kingdom,241.11,False
400771,United Kingdom,253.74,False
4868bc,Kingdom of the Netherlands,0.39,True
4868ba,Kingdom of the Netherlands,214.3,False
4baa6b,Turkey,202.99,False
a5aa1c,United States,132.41,False
440b90,Austria,234.06,False
440b91,Austria,8.23,True
abdb9a,United States,33.6,False
a3d302,United States,0.19,True
a3f966,United States,81.12,False
a1ecd6,United States,215.29,False
ab9e12,United States,269.91,False
0b4228,Guatemala,0.0,True
a2d977,United States,262.07,False
4ca912,Ireland,235.6,False
a5cfa5,United States,170.94,False
440b2f,Austria,234.19,False
a7ea7e,United States,231.74,False
a0103b,United States,202.49,False
add376,United States,0.0,True
c82744,New Zealand,5.66,True
a44ca0,United States,224.52,False
ab68d0,United States,212.42,False
ad705e,United States,6.94,True
a7ea86,United States,264.14,False
a3962d,United States,217.14,False
a53975,United States,202.13,False
a2d960,United States,186.34,False
a80a97,United States,4.12,True
4868b9,Kingdom of the Netherlands,0.64,True
a1ecb9,United States,231.45,False
a3e658,United States,138.63,False
a3d326,United States,227.2,False
a70fbe,United States,56.82,False
a01020,United States,115.94,False
a68ca7,United States,0.0,True
a93d9f,United States,128.61,False
a4afe4,United States,37.04,False
a21fde,United States,52.08,False
a6594f,United States,189.33,False
440b61,Austria,163.28,False
a41941,United States,251.57,False
77181f,Sri Lanka,243.85,False
a70fb6,United States,233.55,False
ab68dd,United States,179.01,False
a45fb3,United States,84.76,False
a1699a,United States,0.06,True
a1433a,United States,131.59,False
a69fe7,United States,96.86,False
a89925,United States,59.7,False
a9e1be,United States,195.06,False
a52666,United States,40.64,False
abb8c4,United States,226.0,False
a01035,United States,182.57,False
ab68f9,United States,183.22,False
a1a62d,United States,68.42,False
a52661,United States,48.83,False
c07607,Canada,0.06,True
a3e670,United States,43.19,False
acd8c1,United States,52.29,False
c81444,New Zealand,53.85,False
c00d9d,Canada,61.39,False
7cad48,Australia,161.6,False
7c01aa,Australia,0.0,True
7cad47,Australia,217.61,False
46f079,Greece,4.37,True
7cad45,Australia,229.24,False
c82770,New Zealand,50.56,False
a2a029,United States,84.7,False
a93d7c,United States,214.63,False
7cad44,Australia,0.0,True
4258ee,United Kingdom,4.63,True
a13060,United States,145.22,False
7cad41,Australia,171.51,False
c061f8,Canada,56.63,False
88808d,Viet Nam,241.96,False
a7b4ea,United States,273.19,False
a8d4ef,United States,199.17,False
ad2e37,United States,51.06,False
a1a697,United States,0.0,True
a65917,United States,0.0,True
a7b4f2,United States,266.53,False
a67a8b,United States,45.1,False
888090,Viet Nam,233.09,False
a2b348,United States,5.66,True
c8276c,New Zealand,6.17,True
a44cca,United States,177.71,False
495037,Portugal,195.14,False
ab9e5a,United States,145.62,False
a2b32c,United States,81.92,False
ac62a9,United States,138.93,False
7823cd,China,3.6,True
45d069,Denmark,202.09,False
4ca92d,Ireland,254.4,False
48436b,Kingdom of the Netherlands,242.11,False
c061fd,Canada,207.47,False
4ca935,Ireland,0.06,True
48436f,Kingdom of the Netherlands,295.74,False
43c8e3,United Kingdom,7.37,False
a1a692,United States,67.18,False
43c8e5,United Kingdom,8.76,False
45d064,Denmark,100.12,False
a2766f,United States,239.0,False
a2d97c,United States,8.23,False
ad2e57,United States,45.25,False
ab8b56,United States,253.56,False
aace76,United States,36.26,False
aa6b7e,United States,237.19,False
a8d4cc,United States,221.3,False
acc5a5,United States,216.78,False
484369,Kingdom of the Netherlands,240.34,False
a3e61a,United States,233.56,False
a3965c,United States,212.3,False
aba5d3,United States,93.23,False
4a068c,Romania,146.45,False
88809d,Viet Nam,257.6,False
88809a,Viet Nam,147.55,False
a168ad,United States,294.83,False
a68cfd,United States,245.78,False
4ca86e,Ireland,212.0,False
a5269c,United States,54.53,False
a4f371,United States,75.61,False
abb995,United States,194.88,False
e495d5,Brazil,67.21,False
aba64a,United States,0.26,True
781273,China,261.92,False
4258c1,United Kingdom,2.57,True
a75359,United States,143.47,False
a3c066,United States,69.47,False
ad9645,United States,0.0,True
a5137d,United States,143.33,False
a89989,United States,204.48,False
a8c31b,United States,144.15,False
ac6346,United States,222.9,False
ac0cf8,United States,210.98,False
aa234a,United States,192.09,False
aa7ced,United States,54.65,False
a2b37d,United States,34.5,False
e495cf,Brazil,200.12,False
ac501e,United States,180.42,False
add324,United States,204.19,False
a63388,United States,232.46,False
4ca84f,Ireland,118.17,False
770591,Sri Lanka,234.78,False
770593,Sri Lanka,0.9,True
4ca84b,Ireland,217.58,False
4ca84a,Ireland,205.73,False
ac6364,United States,211.05,False
4ca853,Ireland,221.14,False
acd99a,United States,4.63,True
4ca855,Ireland,227.41,False
ad2ce1,United States,264.17,False
ac767c,United States,231.04,False
4ca852,Ireland,88.75,False
a8d635,United States,0.06,True
a37045,United States,103.99,False
aa498e,United States,68.79,False
a6dcf8,United States,43.96,False
ac5041,United States,230.82,False
a1308f,United States,40.8,False
a3f8a1,United States,263.25,False
a3f8a8,United States,149.67,False
ab4392,United States,144.09,False
4258f0,United Kingdom,10.29,True
a89953,United States,179.81,False
a022b9,United States,122.64,False
a6efd1,United States,135.74,False
a6dca0,United States,37.56,False
a4e000,United States,72.4,False
aa4989,United States,107.72,False
a20e38,United States,180.27,False
a6efcc,United States,41.92,False
ac503b,United States,32.49,False
ad7028,United States,246.96,False
a19e61,United States,70.66,False
aa230a,United States,124.46,False
aa8fdf,United States,103.18,False
a5399a,United States,147.49,False
ab306f,United States,75.73,False
a4e011,United States,87.46,False
a68cd1,United States,170.02,False
aa2311,United States,226.67,False
a51358,United States,137.87,False
c00d46,Canada,146.03,False
a5bccd,United States,6.94,True
a6dcc3,United States,51.74,False
e482c5,Brazil,235.89,False
aa8fe2,United States,57.78,False
a3e68a,United States,82.0,False
a07e3a,United States,56.08,False
a50033,United States,72.14,False
c00d51,Canada,136.2,False
ac638d,United States,202.32,False
4ca893,Ireland,220.72,False
a6a971,United States,48.12,False
a3e69d,United States,272.53,False
aa4953,United States,141.03,False
a07e67,United States,55.77,False
e495ee,Brazil,125.02,False
ab5600,United States,110.61,False
a06b6b,United States,124.81,False
7587fb,Philippines,128.18,False
7587fa,Philippines,208.08,False
a262ad,United States,0.0,True
a382b3,United States,211.65,False
a262d4,United States,253.36,False
a18b71,United States,78.1,False
a9e391,United States,1.54,True
a1db31,United States,66.31,False
4bbd07,Turkey,249.13,False
a645a8,United States,57.93,False
a8c39d,United States,50.93,False
a658d8,United States,53.05,False
a418e0,United States,90.66,False
4bbd01,Turkey,151.05,False
a898aa,United States,69.17,False
a1db22,United States,207.17,False
abb930,United States,197.06,False
a44e1c,United States,190.34,False
a9f67d,United States,257.95,False
a98051,United States,178.49,False
a288ff,United States,151.27,False
a44e24,United States,211.04,False
a67b07,United States,162.24,False
a645b4,United States,188.3,False
a9804f,United States,64.02,False
ac760d,United States,178.99,False
a98060,United States,182.37,False
a18b55,United States,191.94,False
a3d2c0,United States,265.65,False
a44e18,United States,77.68,False
a6de16,United States,34.88,False
a55b2a,United States,36.45,False
c813b2,New Zealand,51.31,False
a262a6,United States,95.21,False
43c941,United Kingdom,42.26,False
3a220a,France,135.69,False
a2b2da,United States,299.04,False
4a4d79,Romania,59.52,False
a8d67c,United States,82.45,False
a2b2e1,United States,4.12,True
0d09c8,Mexico,6.69,True
a262fa,United States,68.24,False
c0757a,Canada,196.93,False
a81cff,United States,43.22,False
4baa14,Turkey,179.95,False
0d09be,Mexico,223.09,False
490d86,Portugal,195.11,False
aa104e,United States,238.66,False
4601fc,Finland,33.95,True
a1db63,United States,67.6,False
76d255,Singapore,228.67,False
a44e5f,United States,247.02,False
a32e86,United States,222.53,False
acd964,United States,270.36,False
152a55,Russian Federation,233.94,False
ad3fd9,United States,285.01,False
a2c5db,United States,0.77,True
4bbd19,Turkey,227.7,False
501dd0,Croatia,182.67,False
a86064,United States,198.58,False
c0627d,Canada,54.53,False
ac0cc9,United States,3.6,True
4bbd12,Turkey,253.07,False
aba62e,United States,106.06,False
4ca7b9,Ireland,72.41,False
a395dd,United States,66.95,False
4ca7b5,Ireland,225.91,False
a7538f,United States,171.54,False
ad3fde,United States,195.35,False
4ca7b3,Ireland,226.78,False
43c954,United Kingdom,45.65,False
7587b5,Philippines,104.45,False
ab300e,United States,49.48,False
a44e59,United States,190.94,False
a2fb32,United States,0.0,True
ad2cb0,United States,213.06,False
0d09de,Mexico,192.21,False
acd5a1,United States,142.22,False
888189,Viet Nam,196.22,False
ad3e36,United States,150.17,False
c01cae,Canada,195.78,False
e4963e,Brazil,74.38,False
a94d16,United States,282.2,False
a6b7e7,United States,105.38,False
a6b7e8,United States,5.92,True
c0730e,Canada,239.21,False
a2c1bd,United States,12.35,True
a05923,United States,231.34,False
e49640,Brazil,156.68,False
a3f4ea,United States,206.96,False
a44a48,United States,199.92,False
abb5bf,United States,254.68,False
a654cb,United States,177.18,False
a7d7b5,United States,14.92,True
ab9b49,United States,0.0,True
a0a900,United States,279.47,False
88815e,Viet Nam,250.67,False
88815b,Viet Nam,257.55,False
e48321,Brazil,88.18,False
a05939,United States,199.7,False
abc8f2,United States,69.96,False
abfe45,United States,202.93,False
aade5d,United States,31.53,False
a1ea5e,United States,204.0,False
aa7b33,United States,145.83,False
abb5c3,United States,93.63,False
c01cb7,Canada,221.22,False
c02fe7,Canada,250.65,False
a82d14,United States,253.93,False
a07a7b,United States,58.65,False
a774d6,United States,98.94,False
a2c1b6,United States,235.92,False
4ca6c4,Ireland,246.42,False
aade77,United States,200.31,False
a56a56,United States,228.96,False
a6ed3b,United States,199.2,False
a904a6,United States,95.25,False
ac85ce,United States,295.84,False
4ca6aa,Ireland,194.98,False
88818e,Viet Nam,276.94,False
a271e4,United States,43.12,False
a69d67,United States,223.48,False
adf5a8,United States,104.81,False
a654ec,United States,42.38,False
4ca6d9,Ireland,122.89,False
a33d68,United States,213.42,False
c02fed,Canada,230.74,False
a917b1,United States,183.59,False
aba2b7,United States,236.72,False
acd5ad,United States,199.27,False
a4ad7f,United States,141.16,False
a521de,United States,174.83,False
abb5e6,United States,214.33,False
a4ad90,United States,232.87,False
abb5e7,United States,217.51,False
86eaea,Japan,200.02,False
acd5e3,United States,196.42,False
888143,Viet Nam,202.41,False
43c5dc,United Kingdom,176.21,False
abb5ec,United States,222.26,False
ae5e4d,United States,72.15,False
a22fa0,United States,52.66,False
ac0b4e,United States,64.9,False
a8d27e,United States,135.01,False
c02fb8,Canada,237.25,False
ac0b61,United States,237.2,False
888139,Viet Nam,268.03,False
a0595d,United States,2.06,True
ac0b74,United States,228.42,False
ac0b75,United States,48.97,False
a04641,United States,249.51,False
a44a6d,United States,181.23,False
a4ad1a,United States,91.23,False
49d5ef,Czech Republic,0.0,True
abeb57,United States,258.19,False
e49699,Brazil,217.04,False
ac72e4,United States,200.12,False
888167,Viet Nam,222.71,False
a69d31,United States,133.9,False
02a198,Tunisia,246.79,False
c08620,Canada,132.93,False
a69d1d,United States,147.43,False
a2c1ec,United States,244.18,False
ab9b99,United States,149.15,False
a3f4d7,United States,242.48,False
ade2b8,United States,269.01,False
a57d52,United States,97.78,False
ac0b80,United States,208.97,False
02a192,Tunisia,231.58,False
a44a61,United States,228.95,False
888158,Viet Nam,260.48,False
a33d9d,United States,202.78,False
aba2ef,United States,215.26,False
888152,Viet Nam,223.43,False
a414fb,United States,209.92,False
a0a91e,United States,275.02,False
a10fb4,United States,34.47,False
a29908,United States,238.15,False
4ca6fc,Ireland,246.93,False
ad92cf,United States,77.48,False
a3094d,United States,81.22,False
a2e93c,United States,251.63,False
ac737d,United States,69.95,False
7cae0a,Australia,0.0,True
a30961,United States,65.66,False
ad935b,United States,200.44,False
a53612,United States,220.52,False
a2e935,United States,83.1,False
a7fa52,United States,71.22,False
4ca808,Ireland,228.09,False
a904f0,United States,176.1,False
4ca801,Ireland,201.47,False
a66935,United States,240.76,False
7cf08a,Australia,4.12,True
4002c6,United Kingdom,279.33,False
a1b60a,United States,65.29,False
ac606a,United States,41.65,False
a10fe8,United States,0.0,True
a6da9b,United States,67.74,False
7c5e1e,Australia,4.63,True
a6692d,United States,201.68,False
a7fa70,United States,158.76,False
a5cd87,United States,120.14,False
a26017,United States,51.44,False
a16692,United States,242.58,False
a1a351,United States,43.23,False
a39338,United States,221.2,False
76d1c8,Singapore,242.78,False
c80005,New Zealand,32.41,False
a1c997,United States,206.55,False
ad08b6,United States,46.35,False
aaa8d0,United States,0.06,True
a7d7f3,United States,70.39,False
ac98ac,United States,248.61,False
4ca847,Ireland,269.53,False
a0205c,United States,62.76,False
aa7b78,United States,198.39,False
ac98c1,United States,248.29,False
485345,Kingdom of the Netherlands,266.15,False
485342,Kingdom of the Netherlands,296.24,False
c00a68,Canada,3.6,True
a04695,United States,245.77,False
a2d635,United States,188.64,False
a03367,United States,31.34,False
4ca813,Ireland,198.82,False
a16670,United States,57.6,False
a0dcf0,United States,0.45,True
ad08d7,United States,283.96,False
a68a95,United States,123.99,False
abfe1c,United States,292.1,False
a29982,United States,48.87,False
a26006,United States,49.91,False
a904d9,United States,115.84,False
aacb16,United States,56.4,False
ab52a6,United States,43.21,False
a27326,United States,260.1,False
a761cd,United States,229.56,False
a1fcc5,United States,256.75,False
a34fe6,United States,70.39,False
70605c,Kuwait,246.97,False
abb5a1,United States,237.19,False
abb5a2,United States,155.32,False
aaa96f,United States,128.62,False
a3d024,United States,52.51,False
4ca760,Ireland,209.42,False
a69ccb,United States,179.85,False
a5dfee,United States,170.41,False
4ca74e,Ireland,262.12,False
e494b3,Brazil,227.01,False
a3d01a,United States,94.97,False
7335b1,Islamic Republic of Iran,207.8,False
e494b4,Brazil,231.13,False
a5ccc7,United States,58.32,False
48664a,Kingdom of the Netherlands,226.3,False
781393,China,226.59,False
3ce8e8,Germany,203.74,False
a3e369,United States,204.96,False
4bcded,Turkey,214.11,False
4ca770,Ireland,227.38,False
4bcdec,Turkey,219.51,False
486649,Kingdom of the Netherlands,218.3,False
a3d039,United States,230.92,False
abfcb6,United States,7.2,True
a5dfff,United States,124.32,False
a7c618,United States,3.6,True
4ca75f,Ireland,221.47,False
4bcdf9,Turkey,223.96,False
a4acf2,United States,77.37,False
ac9975,United States,274.02,False
c8135f,New Zealand,44.32,False
c084a3,Canada,224.48,False
a8e61e,United States,93.44,False
a2d686,United States,54.08,False
4ca766,Ireland,209.4,False
48663e,Kingdom of the Netherlands,231.6,False
4ca762,Ireland,92.77,False
394c19,France,228.05,False
a3d042,United States,183.18,False
a95fe9,United States,183.33,False
4bcdef,Turkey,173.63,False
a1fcfd,United States,244.18,False
aa596c,United States,147.14,False
aa463a,United States,53.05,False
a1537f,United States,56.7,False
ab400f,United States,293.09,False
aba30b,United States,169.57,False
4ca737,Ireland,93.92,False
4ca739,Ireland,246.43,False
c071a4,Canada,230.31,False
a82cbb,United States,30.69,False
a88314,United States,52.72,False
ad4fe1,United States,218.5,False
4ca73f,Ireland,97.61,False
a69cfc,United States,133.67,False
a69cfd,United States,174.16,False
4ca73b,Ireland,205.3,False
ac8670,United States,63.52,False
4ca73e,Ireland,233.98,False
aa8cb2,United States,252.61,False
c084b9,Canada,255.33,False
a2c336,United States,78.2,False
40039a,United Kingdom,187.72,False
4bcde3,Turkey,211.95,False
ad4fdf,United States,127.88,False
c00a0b,Canada,266.62,False
aadcf7,United States,27.21,False
a38019,United States,217.15,False
a15397,United States,72.09,False
4bcdce,Turkey,231.43,False
4ca741,Ireland,230.57,False
abfcda,United States,185.22,False
aa9fbe,United States,82.48,False
e494f5,Brazil,140.46,False
a38082,United States,209.92,False
e494f7,Brazil,68.22,False
a2b081,United States,244.91,False
7cf073,Australia,5.66,True
ac733b,United States,234.59,False
a78945,United States,93.83,False
a5363e,United States,195.4,False
ace96d,United States,78.3,False
ace96c,United States,288.21,False
ac1cff,United States,91.99,False
a4acae,United States,188.88,False
a08e3c,United States,181.64,False
e481d8,Brazil,236.99,False
a64305,United States,165.99,False
a045bc,United States,2.57,True
ab5383,United States,200.79,False
a9f1ef,United States,0.26,True
a2b05b,United States,203.56,False
4ca782,Ireland,1.03,True
a66970,United States,270.79,False
a57cbd,United States,71.87,False
4ca76f,Ireland,241.39,False
a2b060,United States,217.67,False
4ca76a,Ireland,247.81,False
a1a39b,United States,40.58,False
a53668,United States,195.52,False
a93a7f,United States,149.58,False
a57cca,United States,38.24,True
ac868d,United States,57.31,False
a3d014,United States,68.06,False
a058d8,United States,272.04,False
a6ffb5,United States,233.83,False
a178ae,United States,206.38,False
3b9b1e,France,22.1,False
a5dfda,United States,39.63,False
a5232b,United States,212.89,False
ad933e,United States,45.62,False
a78954,United States,145.02,False
ac7379,United States,90.46,False
a6ffaf,United States,145.27,False
abb68c,United States,240.25,False
a77628,United States,52.69,False
a3d021,United States,41.03,False
a07b3e,United States,200.89,False
adf4f4,United States,84.84,False
a8d365,United States,70.28,False
aa58a6,United States,277.55,False
a99042,United States,134.14,False
abfd8c,United States,166.9,False
e48273,Brazil,227.06,False
a7506a,United States,11.32,True
a178fb,United States,230.16,False
7705c3,Sri Lanka,232.94,False
ac0a92,United States,75.55,False
a032e4,United States,100.95,False
a178de,United States,268.82,False
aaa90c,United States,245.25,False
888124,Viet Nam,178.2,False
a5ce02,United States,171.94,False
acc1eb,United States,216.69,False
acc1ee,United States,147.72,False
a0de31,United States,0.0,True
4851f7,Kingdom of the Netherlands,254.18,False
a8c028,United States,223.51,False
e4958a,Brazil,90.58,False
ad91f2,United States,34.75,False
a99033,United States,40.9,False
4a29f9,Romania,127.53,False
acc1f3,United States,202.97,False
a69e14,United States,56.08,False
c08569,Canada,47.67,False
4ca6a6,Ireland,207.56,False
4ca6a4,Ireland,83.32,False
846def,Japan,257.68,False
c0722e,Canada,94.14,False
ae2909,United States,50.22,False
a3d074,United States,57.11,False
a9afe7,United States,251.15,False
a07b8f,United States,11.83,True
a1eb40,United States,50.63,False
a77687,United States,262.61,False
abc91f,United States,296.79,False
781361,China,248.89,False
a3d087,United States,35.33,False
a272b8,United States,289.12,False
4851b0,Kingdom of the Netherlands,238.87,False
e4828c,Brazil,162.31,False
a5106e,United States,220.12,False
ab0fdc,United States,55.41,False
a0cb44,United States,0.0,True
ac2fc3,United States,140.7,False
a0cb2e,United States,10.3,False
a33e4a,United States,221.31,False
aa466f,United States,130.67,False
aa4682,United States,72.21,False
abb624,United States,283.92,False
ab663f,United States,132.99,False
a298ff,United States,61.54,False
a0cb9e,United States,233.9,False
ac0c41,United States,1.8,True
e49529,Brazil,232.25,False
4ca5c8,Ireland,240.47,False
ac1f75,United States,233.74,False
4853d1,Kingdom of the Netherlands,231.95,False
a93b01,United States,8.23,True
4866ed,Kingdom of the Netherlands,232.13,False
4ca5c7,Ireland,211.45,False
a402dd,United States,3.09,True
a642b4,United States,146.57,False
a895b0,United States,144.16,False
a5bb1e,United States,59.68,False
a5bb1b,United States,195.77,False
3c1bb1,Germany,0.0,True
e4952b,Brazil,244.37,False
4866df,Kingdom of the Netherlands,225.87,False
abb6dc,United States,4.63,True
a7d8d1,United States,50.58,False
4866de,Kingdom of the Netherlands,225.36,False
c01dcb,Canada,239.04,False
a7d8bf,United States,48.72,False
c0874a,Canada,29.49,False
a70e4e,United States,238.27,False
a44b56,United States,287.8,False
4bce42,Turkey,248.78,False
acc3b4,United States,234.59,False
ac0c64,United States,0.0,True
4866e0,Kingdom of the Netherlands,232.34,False
a81b2a,United States,214.93,False
ab53f1,United States,215.66,False
c06120,Canada,3.6,True
c823ea,New Zealand,38.12,False
c0611f,Canada,224.54,False
c00acd,Canada,130.57,False
3c1bae,Germany,136.63,False
7cf0b2,Australia,3.6,False
ac73d5,United States,52.48,False
70612c,Kuwait,238.12,False
c07446,Canada,145.01,False
4bbb21,Turkey,4.89,True
c07445,Canada,66.22,False
5083a2,Ukraine,127.45,False
a1a2e0,United States,191.78,False
aa7c2d,United States,103.44,False
ae5f3a,United States,190.49,False
a32b62,United States,27.34,False
abff87,United States,142.97,False
aa46e1,United States,79.78,False
ab40ce,United States,190.01,False
e49512,Brazil,211.72,False
ae5f50,United States,158.84,False
501c38,Croatia,196.04,False
a08dc6,United States,86.61,False
a4ae48,United States,91.99,False
a99087,United States,262.42,False
a535c2,United States,217.33,False
478f5c,Norway,118.67,False
a788b2,United States,182.13,False
ab40f0,United States,270.09,False
aba3ec,United States,44.27,False
a4ae58,United States,192.14,False
ab40f8,United States,266.12,False
ac73ff,United States,187.98,False
ac0c8b,United States,201.82,False
0d8489,Venezuela,136.49,False
abec6c,United States,203.4,False
a8c094,United States,205.96,False
a4ae3d,United States,0.0,True
43c6f7,United Kingdom,204.23,False
acc3f7,United States,163.25,False
acb0c4,United States,42.21,False
a5bb16,United States,0.06,True
c01dac,Canada,235.2,False
e4953a,Brazil,239.32,False
e4953d,Brazil,216.36,False
a5ce40,United States,115.42,False
a9f35e,United States,237.5,False
a9f363,United States,86.28,False
ae03f3,United States,51.32,False
a788d3,United States,263.25,False
ad93f0,United States,158.08,False
ab6800,United States,192.4,False
aa8f1b,United States,251.5,False
478f47,Norway,245.51,False
ac60ea,United States,60.41,False
a99077,United States,185.2,False
a9f36f,United States,244.12,False
c00b9e,Canada,106.71,False
a7fb7d,United States,189.14,False
3cc24b,Germany,209.31,False
a19aaa,United States,225.74,False
a9f2d5,United States,47.96,False
8881a8,Viet Nam,245.78,False
acb169,United States,136.59,False
86da38,Japan,242.64,False
a08dfd,United States,232.64,False
a1b744,United States,83.93,False
a41722,United States,256.62,False
c00b8a,Canada,256.92,False
a0345f,United States,0.0,True
a1b742,United States,98.03,False
e480f9,Brazil,198.13,False
a19abb,United States,89.19,False
7caf37,Australia,40.13,False
7c16cf,Australia,69.49,False
3cc253,Germany,215.91,False
a4170c,United States,34.61,False
e480dc,Brazil,222.26,False
a1fdaf,United States,40.97,False
a2d728,United States,152.38,False
8881c7,Viet Nam,262.52,False
a4ada2,United States,273.38,False
ab79d4,United States,50.85,False
a53742,United States,190.99,False
abc9a1,United States,38.31,False
a14104,United States,236.94,False
8881ae,Viet Nam,258.05,False
c87ec5,New Zealand,6.43,True
ab66b0,United States,40.25,False
50848a,Ukraine,217.7,False
a1674f,United States,78.92,False
7c29da,Australia,245.49,False
acb177,United States,151.44,False
48415f,Kingdom of the Netherlands,251.27,False
acb16b,United States,192.93,False
ac1f0e,United States,243.11,False
a07abc,United States,194.08,False
a2c43e,United States,261.82,False
a2b10c,United States,206.46,False
a2b10b,United States,0.0,True
a895eb,United States,9.77,True
7c03f9,Australia,7.2,True
a2b10d,United States,195.52,False
a7c5f4,United States,244.94,False
aacc07,United States,283.29,False
4bcda4,Turkey,1.03,True
a3943f,United States,148.96,False
4bcdb2,Turkey,175.33,False
4a0443,Romania,190.83,False
ac99d0,United States,69.0,False
a39459,United States,103.41,False
a32ad5,United States,275.47,False
4bcdaa,Turkey,220.99,False
ac1f44,United States,143.62,False
7812e1,China,190.33,False
4bcdb5,Turkey,218.29,False
4bcdb3,Turkey,9.77,True
a762cc,United States,223.31,False
a32ac6,United States,231.01,False
c87eca,New Zealand,6.94,True
aa7c95,United States,56.78,False
c00b7c,Canada,211.54,False
a7fb5a,United States,158.25,False
c00b7e,Canada,10.8,True
a1eaad,United States,62.76,False
a28786,United States,60.23,False
7caf69,Australia,82.71,False
a1fdf4,United States,43.12,False
ac86af,United States,210.57,False
abec03,United States,207.32,False
abff33,United States,248.64,False
a33de3,United States,8.75,True
ad2c19,United States,183.48,False
c00b78,Canada,6.94,True
a6ee8e,United States,2.83,True
4bcda1,Turkey,221.67,False
ac99ee,United States,37.64,False
e480fa,Brazil,233.25,False
ace9ba,United States,170.72,False
ac99ec,United States,52.56,False
4ca703,Ireland,239.17,False
484131,Kingdom of the Netherlands,36.01,True
c00b86,Canada,209.14,False
a33dd7,United States,54.64,False
4ca702,Ireland,214.19,False
c00b80,Canada,121.13,False
abc9f4,United States,267.11,False
a4adfa,United States,210.84,False
ac741c,United States,194.27,False
ae0405,United States,211.59,False
8880ff,Viet Nam,249.09,False
a7b40e,United States,255.29,False
a4f132,United States,119.44,False
a2b157,United States,0.0,True
a7c748,United States,185.32,False
a3d150,United States,241.24,False
a82dbd,United States,280.1,False
ae0409,United States,137.22,False
aa7abd,United States,246.43,False
c87efe,New Zealand,0.0,True
c87efd,New Zealand,0.0,True
ab6781,United States,56.6,False
c085af,Canada,160.11,False
ab4126,United States,269.41,False
ac0aac,United States,200.74,False
aa210c,United States,52.02,False
aa7ac8,United States,265.74,False
a1419e,United States,46.65,False
a2b154,United States,0.06,True
4ca63a,Ireland,226.98,False
a2b151,United States,199.66,False
a75103,United States,250.31,False
8880f8,Viet Nam,249.84,False
8880f6,Viet Nam,167.68,False
c00b20,Canada,29.54,False
4ca640,Ireland,135.62,False
4ca643,Ireland,86.04,False
a2b12e,United States,182.79,False
a2b12d,United States,182.19,False
aacad4,United States,229.75,False
a39473,United States,94.31,False
a38141,United States,134.05,False
a5cdfd,United States,62.37,False
aa7ab3,United States,81.75,False
a3d15e,United States,116.86,False
3c71a1,Germany,243.78,False
ab9acc,United States,3.09,True
a4177f,United States,173.4,False
a2b134,United States,203.56,False
ac8777,United States,177.14,False
405f12,United Kingdom,230.95,False
a3813b,United States,241.32,False
ac6118,United States,275.44,False
405f11,United Kingdom,96.43,False
a3813a,United States,216.6,False
4ca614,Ireland,256.58,False
a6a777,United States,79.83,False
4bccaa,Turkey,219.73,False
a2615e,United States,200.42,False
4ca61e,Ireland,220.47,False
a32acf,United States,197.85,False
a6dab5,United States,40.14,False
4ca61b,Ireland,1.8,True
c00b35,Canada,241.58,False
a6ede5,United States,224.5,False
abfdf8,United States,241.81,False
4bccb5,Turkey,241.93,False
a40455,United States,237.2,False
c00b41,Canada,63.28,False
a08f11,United States,53.94,False
ab4151,United States,154.43,False
4ca623,Ireland,0.0,True
abfddf,United States,195.33,False
c085e0,Canada,243.87,False
4bccae,Turkey,217.93,False
a5bae5,United States,36.03,False
4bccad,Turkey,248.29,False
4ca621,Ireland,224.76,False
ab4158,United States,235.75,False
acb10a,United States,0.0,True
e493d1,Brazil,245.3,False
c01e13,Canada,229.03,False
448465,Belgium,247.31,False
e480a4,Brazil,226.9,False
c01e10,Canada,250.77,False
ab9aee,United States,37.45,False
448466,Belgium,1.8,True
a08f60,United States,218.64,False
a52433,United States,83.98,False
ac878c,United States,90.21,False
a6a711,United States,247.02,False
a0a9f6,United States,254.16,False
a046e7,United States,46.58,False
a2b198,United States,205.62,False
a033ae,United States,178.68,False
a77721,United States,192.61,False
a3d10f,United States,185.15,False
a2b17a,United States,246.42,False
a046f2,United States,203.64,False
a059e3,United States,203.77,False
8880df,Viet Nam,257.88,False
add10d,United States,29.29,False
acb146,United States,69.04,False
8880e3,Viet Nam,274.74,False
ac747c,United States,54.7,False
8880e0,Viet Nam,13.02,False
a0a9d4,United States,135.4,False
a0a9d1,United States,181.07,False
a6eda1,United States,192.06,False
c01e28,Canada,83.68,False
ad2aed,United States,199.21,False
a5244e,United States,54.57,False
a68ab1,United States,73.02,False
a4f117,United States,51.09,False
c01e1a,Canada,81.41,False
a8d489,United States,207.11,False
a1c9fd,United States,70.03,False
a21f5e,United States,54.65,False
a393a4,United States,168.51,False
abeb7c,United States,8.75,True
a9f461,United States,239.19,False
a1b6e9,United States,0.19,True
a8d47d,United States,131.58,False
a033f9,United States,96.75,False
a5cf19,United States,118.17,False
888215,Viet Nam,255.44,False
adf5ef,United States,84.69,False
c0737c,Canada,263.05,False
a19c4b,United States,48.78,False
02a181,Tunisia,230.03,False
a1a3a9,United States,277.56,False
a2d6a2,United States,208.53,False
a56c19,United States,188.05,False
a299f9,United States,58.37,False
a7a17b,United States,286.18,False
a93adf,United States,221.83,False
a7a17a,United States,31.72,False
a57f42,United States,189.19,False
c06081,Canada,233.9,False
a8d465,United States,117.28,False
a2d6a9,United States,198.96,False
abeb9f,United States,86.22,False
a3f6d3,United States,140.86,False
a6b9c1,United States,219.47,False
e48135,Brazil,207.34,False
c06078,Canada,128.2,False
a70f11,United States,198.26,False
a0a9fe,United States,68.61,False
c06080,Canada,139.24,False
a166e8,United States,129.67,False
a5cf1b,United States,145.18,False
aa216f,United States,57.27,False
e4818a,Brazil,225.86,False
a88467,United States,62.77,False
a89794,United States,54.3,False
c06026,Canada,131.72,False
a1ec77,United States,51.98,False
4bce0e,Turkey,250.34,False
c06022,Canada,236.88,False
a81ae6,United States,109.32,False
a1ec74,United States,57.36,False
4bce0a,Turkey,94.59,False
a9f424,United States,140.87,False
a403c6,United States,0.0,True
a82dfb,United States,176.21,False
e48198,Brazil,95.83,False
aa348b,United States,48.79,False
ab6748,United States,71.55,False
e4819c,Brazil,175.15,False
c08677,Canada,125.16,False
a7faad,United States,146.0,False
a4f182,United States,41.68,False
a1ec62,United States,50.45,False
a8d455,United States,65.16,False
4bce1a,Turkey,218.88,False
aa7aeb,United States,210.2,False
a7c779,United States,205.72,False
ab673c,United States,206.05,False
ab540d,United States,6.94,True
a81abe,United States,168.77,False
a403b3,United States,121.18,False
a45f64,United States,273.99,False
e4949a,Brazil,0.9,True
e4949f,Brazil,227.58,False
a32c47,United States,242.46,False
a57f04,United States,206.0,False
a033ff,United States,178.87,False
a45f59,United States,214.27,False
a2e9fd,United States,253.33,False
a9f409,United States,1.63,False
a7fae4,United States,27.57,False
4bce02,Turkey,182.02,False
a153de,United States,181.5,False
a20c71,United States,72.47,False
a2c3a0,United States,137.8,False
a94ddc,United States,126.08,False
a6daf4,United States,81.93,False
a286ed,United States,199.0,False
a7facd,United States,198.63,False
3b51ff,France,3.34,True
a8712a,United States,68.99,False
4bce19,Turkey,225.32,False
e48189,Brazil,241.35,False
a7c792,United States,99.95,False
4bce15,Turkey,256.14,False
a7a133,United States,106.16,False
a086d8,United States,294.25,False
a7f44d,United States,141.07,False
ad123d,United States,82.89,False
a086ce,United States,142.48,False
ab959e,United States,102.89,False
a37f12,United States,236.64,False
a37f20,United States,14.4,True
a67160,United States,198.47,False
abd254,United States,184.23,False
acf23d,United States,250.41,False
a349be,United States,287.36,False
a7e122,United States,41.56,False
ac4bfe,United States,238.78,False
4d0101,Luxembourg,230.71,False
a01f73,United States,200.45,False
4d0106,Luxembourg,260.28,False
4d0105,Luxembourg,239.63,False
45a347,Denmark,1.03,False
4d0104,Luxembourg,262.69,False
4d0109,Luxembourg,231.47,False
a9212f,United States,275.27,False
a6e792,United States,132.82,False
a12c30,United States,221.34,False
ad6bdc,United States,299.14,False
a12c23,United States,275.73,False
a216b1,United States,53.53,False
ad1258,United States,45.17,False
a6c12f,United States,108.7,False
a24c01,United States,77.93,False
a80162,United States,127.01,False
a7e151,United States,127.72,False
a1d18f,United States,223.11,False
a7e146,United States,190.52,False
a0d6a8,United States,190.76,False
a3cf1a,United States,99.99,False
a25f06,United States,95.41,False
a9ddc9,United States,49.27,False
8940d0,Bahrain,264.33,False
4075af,United Kingdom,126.61,False
ad1290,United States,42.71,False
a7076c,United States,140.69,False
a060ae,United States,222.46,False
4075b3,United Kingdom,93.66,False
a4dad4,United States,215.8,False
8940ce,Bahrain,211.79,False
a00c80,United States,154.39,False
a2af3e,United States,212.92,False
a00c85,United States,147.35,False
a56485,United States,19.37,False
a00c7a,United States,247.88,False
a6844d,United States,5.4,True
a70778,United States,147.65,False
4d0116,Luxembourg,276.76,False
4d0115,Luxembourg,240.9,False
aa8892,United States,38.59,False
ad129d,United States,35.77,False
a0e9ee,United States,46.37,False
8940b5,Bahrain,258.45,False
8940b9,Bahrain,198.1,False
a7910e,United States,59.22,False
8940c3,Bahrain,162.58,False
a0d6db,United States,41.34,False
a203a9,United States,131.7,False
a00c5c,United States,162.98,False
c05f94,Canada,275.37,False
aa7548,United States,265.76,False
a68485,United States,222.01,False
4d010c,Luxembourg,229.45,False
a25f51,United States,41.97,False
a13f6a,United States,95.75,False
ac0519,United States,223.01,False
a3cf6d,United States,214.46,False
a49f87,United States,192.27,False
7502da,Malaysia,240.89,False
507c89,Uzbekistan,248.22,False
76ccd0,Singapore,251.35,False
ac5eb4,United States,195.47,False
a4ef4d,United States,250.65,False
507c7f,Uzbekistan,0.0,True
48ad86,Poland,3.86,True
c029dd,Canada,253.97,False
48ad82,Poland,49.52,False
a24c77,United States,193.03,False
48ad80,Poland,246.08,False
76cccd,Singapore,252.39,False
407667,United Kingdom,228.52,False
a1e3ce,United States,45.28,False
a73c06,United States,73.76,False
76cce2,Singapore,247.12,False
76cce3,Singapore,231.43,False
ab3edd,United States,188.58,False
76cce7,Singapore,295.59,False
a62f61,United States,189.7,False
aab209,United States,58.26,False
400cd8,United Kingdom,4.63,True
ab2bae,United States,71.08,False
aab202,United States,270.33,False
a323c8,United States,223.04,False
ac185a,United States,56.92,False
a1d0a3,United States,205.01,False
a826bb,United States,50.86,False
a36c49,United States,68.03,False
7502c4,Malaysia,207.75,False
a36c45,United States,178.08,False
c04c36,Canada,198.01,False
7502c2,Malaysia,183.29,False
780cdc,China,228.78,False
5140d9,Georgia,183.75,False
406319,United Kingdom,107.09,False
a336ef,United States,35.5,False
acaec8,United States,175.32,False
ab2bd1,United States,188.02,False
a85c16,United States,185.34,False
acaec5,United States,184.79,False
5140d1,Georgia,237.7,False
a336e4,United States,136.47,False
7502d8,Malaysia,232.57,False
507c97,Uzbekistan,6.94,True
abd204,United States,241.59,False
a85c01,United States,234.85,False
a336f0,United States,213.75,False
a5b3ad,United States,157.79,False
a336dc,United States,204.67,False
a4ef90,United States,162.06,False
a719ff,United States,190.5,False
a336df,United States,82.98,False
a36c2d,United States,71.84,False
ad385f,United States,281.2,False
c05f01,Canada,64.04,False
a50f2f,United States,124.47,False
ad2531,United States,239.04,False
a8aaff,United States,236.01,False
a2f0d9,United States,179.26,False
ac0564,United States,178.64,False
ad1218,United States,150.61,False
a8015a,United States,206.28,False
a8015d,United States,160.43,False
40768c,United Kingdom,125.28,False
40768d,United Kingdom,211.77,False
40768a,United Kingdom,205.62,False
a7e158,United States,152.65,False
c05f0a,Canada,220.28,False
ac4bdd,United States,265.99,False
a2f0ba,United States,59.04,False
34744d,Spain,229.06,False
c05f0f,Canada,3.09,True
c05f0c,Canada,131.35,False
40767a,United Kingdom,227.82,False
a24c99,United States,70.75,False
347459,Spain,224.45,False
407687,United Kingdom,7.72,True
347453,Spain,152.06,False
7c6781,Australia,24.18,True
407688,United Kingdom,240.36,False
407686,United Kingdom,0.0,True
a36c6d,United States,91.32,False
407689,United Kingdom,226.66,False
c05f09,Canada,5.92,True
abe579,United States,217.63,False
a62f3f,United States,174.15,False
7c6786,Australia,214.01,False
a2f0aa,United States,241.52,False
c05f04,Canada,124.55,False
34610f,Spain,245.48,False
a1d0d8,United States,35.19,False
a719c8,United States,49.91,False
a4dc0d,United States,31.14,False
a310bb,United States,106.87,False
a443d3,United States,146.42,False
a2f0b0,United States,62.28,False
a1f838,United States,41.88,False
a21845,United States,212.0,False
ac03ef,United States,259.2,False
3c4969,Germany,179.98,False
ad6c71,United States,267.03,False
a1e508,United States,133.3,False
34754c,Spain,213.74,False
c04aed,Canada,228.87,False
a73c8e,United States,130.3,False
a5fc9b,United States,77.4,False
a37ea4,United States,186.24,False
a21852,United States,116.99,False
ac4c8a,United States,211.93,False
a07555,United States,84.16,False
aa0c9e,United States,44.43,False
750403,Malaysia,190.61,False
ab80ed,United States,97.42,False
a6d3f2,United States,246.34,False
aa60e6,United States,85.18,False
750400,Malaysia,188.08,False
7c52fc,Australia,0.39,True
7c52fa,Australia,168.98,False
a97c40,United States,58.67,False
a8bf5f,United States,76.79,False
a07522,United States,235.82,False
7c52ff,Australia,94.27,False
a25ea2,United States,48.97,False
a98f6a,United States,71.43,False
a8bf73,United States,229.29,False
a21839,United States,242.99,False
a21833,United States,71.09,False
ad10e9,United States,226.31,False
aa60bb,United States,287.14,False
76cda4,Singapore,193.95,False
76cda1,Singapore,222.78,False
a13eab,United States,76.65,False
a3ceab,United States,58.52,False
a430e8,United States,51.96,False
a2f0f3,United States,163.03,False
c05de8,Canada,144.22,False
a1e547,United States,179.73,False
a97c23,United States,84.51,False
a683e4,United States,171.18,False
a2f200,United States,0.51,True
a44520,United States,246.7,False
780da8,China,246.28,False
76cdb0,Singapore,243.99,False
a3bc95,United States,49.43,False
a12bdc,United States,269.81,False
76cdb6,Singapore,136.61,False
a1f884,United States,224.7,False
a19566,United States,45.19,False
a06262,United States,44.83,False
76cdae,Singapore,252.07,False
76cdaf,Singapore,243.1,False
acf0d8,United States,218.57,False
76cdc2,Singapore,237.66,False
a6f9fa,United States,188.32,False
a37eca,United States,37.48,False
76cdc3,Singapore,209.42,False
a98f5a,United States,89.21,False
a6d3b3,United States,271.41,False
347505,Spain,130.96,False
a1e540,United States,51.11,False
a550cf,United States,50.22,False
ad10ec,United States,222.3,False
c04aa9,Canada,78.09,False
a12bc7,United States,46.64,False
a1e522,United States,31.76,False
a24ba8,United States,136.17,False
a24ba7,United States,140.85,False
a5fc87,United States,0.0,True
a13edd,United States,217.48,False
a7f3ab,United States,219.34,False
a1f860,United States,78.92,False
a959df,United States,199.49,False
a74f8e,United States,51.96,False
aa1f5a,United States,1.54,True
a790b3,United States,266.64,False
750484,Malaysia,63.51,False
c05da4,Canada,226.94,False
ab2c0b,United States,223.55,False
750481,Malaysia,180.78,False
c0171a,Canada,257.72,False
8966ea,United Arab Emirates,235.09,False
a44560,United States,5.4,True
750479,Malaysia,245.6,False
c01732,Canada,217.53,False
a0628f,United States,283.9,False
acaf0b,United States,0.0,True
a70848,United States,159.53,False
a6e837,United States,163.1,False
ac5f42,United States,260.33,False
ab93a5,United States,187.98,False
a5521c,United States,173.5,False
8966ef,United Arab Emirates,239.82,False
a6985d,United States,272.38,False
8940a5,Bahrain,218.91,False
a4453e,United States,89.39,False
abf6a5,United States,56.75,False
ac4c21,United States,282.81,False
a94806,United States,66.3,False
aa883e,United States,149.36,False
8966be,United Arab Emirates,75.12,False
ad49e2,United States,59.77,False
aac3a8,United States,53.23,False
ab93b2,United States,45.05,False
abf6ae,United States,265.14,False
a44544,United States,6.69,True
4074b8,United Kingdom,190.33,False
4074b6,United Kingdom,238.33,False
ac16bb,United States,176.1,False
c01755,Canada,241.59,False
c01754,Canada,245.08,False
a74ecc,United States,256.08,False
a1e558,United States,160.4,False
ad36c8,United States,237.01,False
a7085c,United States,51.51,False
a44533,United States,162.15,False
750465,Malaysia,145.91,False
ae69df,United States,171.59,False
ab80a2,United States,54.02,False
ac16da,United States,288.11,False
ac5f5f,United States,205.31,False
ad7f3a,United States,192.49,False
ab2c70,United States,129.2,False
8966ad,United Arab Emirates,100.05,False
ab80b2,United States,242.39,False
a9cc7a,United States,189.03,False
a44591,United States,0.64,True
750449,Malaysia,238.8,False
ac4c67,United States,279.05,False
a82823,United States,52.8,False
a6e81e,United States,259.85,False
a3ceda,United States,40.18,False
a56531,United States,212.16,False
a1d284,United States,57.21,False
abe3c8,United States,73.57,False
c01714,Canada,51.91,False
ac4c61,United States,48.94,False
a087a5,United States,87.98,False
a43245,United States,151.56,False
a7081a,United States,290.02,False
75041b,Malaysia,0.0,True
a55218,United States,182.91,False
a4dba2,United States,72.17,False
a3bbba,United States,26.48,False
8966a9,United Arab Emirates,256.53,False
a44570,United States,189.84,False
a36bfa,United States,135.69,False
750425,Malaysia,6.69,True
8966a6,United Arab Emirates,253.43,False
ab2c8e,United States,123.03,False
4074e3,United Kingdom,242.32,False
ad6c3b,United States,211.2,False
a4455e,United States,218.32,False
48adb9,Poland,175.94,False
aab396,United States,208.39,False
ae2029,United States,49.91,False
a0c4a1,United States,214.85,False
a074bc,United States,47.96,False
ae2026,United States,44.23,False
ae2022,United States,36.68,False
4cafc3,Ireland,80.47,False
ad1365,United States,46.69,False
a5a278,United States,141.87,False
3474ce,Spain,209.87,False
4cafc2,Ireland,98.24,False
a12d3b,United States,179.01,False
ab839d,United States,285.64,False
48ada3,Poland,202.31,False
abc058,United States,193.2,False
4cafce,Ireland,167.84,False
780f11,China,141.07,False
4cafd8,Ireland,217.01,False
0c21b5,Panama,246.3,False
4cafd6,Ireland,217.89,False
4cafd2,Ireland,81.4,False
4cafd3,Ireland,255.17,False
a80287,United States,0.06,True
ae2047,United States,1.8,True
a9221f,United States,40.34,False
a6c286,United States,60.84,False
a8159a,United States,91.1,False
a4327e,United States,78.22,False
aa637b,United States,38.94,False
a98efb,United States,9.77,True
ae2031,United States,32.1,False
4cafb4,Ireland,243.94,False
4cafb5,Ireland,235.52,False
40649f,United Kingdom,86.27,False
c03a90,Canada,145.54,False
4076cc,United Kingdom,242.92,False
abc07b,United States,0.0,True
a98ece,United States,62.35,False
a5fbe9,United States,90.45,False
a5b55f,United States,8.23,True
c004f3,Canada,220.65,False
a98ee0,United States,53.86,False
a23a28,United States,86.95,False
ad0074,United States,0.0,True
780f3b,China,240.89,False
a7f51a,United States,186.55,False
a181d3,United States,51.45,False
ace063,United States,7.72,True
780f3d,China,224.8,False
0c21f9,Panama,141.5,False
a24d41,United States,50.93,False
abc09e,United States,232.42,False
aa7687,United States,44.25,False
a6c247,United States,216.6,False
ac05a6,United States,56.92,False
a6e89f,United States,0.0,True
a6e89b,United States,9.26,True
a23a03,United States,261.88,False
a23a02,United States,104.53,False
aac5b2,United States,53.44,False
ac3b09,United States,60.82,False
75049d,Malaysia,219.93,False
4076a3,United Kingdom,47.18,False
aa7668,United States,0.0,True
4caff6,Ireland,0.0,True
a8021b,United States,179.23,False
407797,United Kingdom,210.9,False
3964eb,France,213.81,False
780de5,China,210.17,False
407796,United Kingdom,207.15,False
a5fd2d,United States,268.42,False
a6e7ba,United States,45.56,False
a08910,United States,56.47,False
407793,United Kingdom,182.15,False
c017d7,Canada,107.21,False
a24d8c,United States,36.89,False
ad7fbe,United States,48.17,False
ac4ca8,United States,113.93,False
a4ca20,United States,24.62,False
a59a2e,United States,178.99,False
01023b,Egypt,207.02,False
a4dd65,United States,284.32,False
ab9657,United States,278.83,False
86803a,Japan,6.69,True
aa88fb,United States,188.44,False
a1d1d0,United States,239.77,False
40643b,United Kingdom,7.2,True
40643a,United Kingdom,0.0,True
010245,Egypt,213.44,False
aab325,United States,38.31,False
406442,United Kingdom,232.65,False
01026c,Egypt,173.54,False
406444,United Kingdom,233.29,False
a23a50,United States,52.47,False
ad262f,United States,29.91,False
aa75c6,United States,7.72,True
010280,Egypt,252.59,False
a35a37,United States,92.0,False
acafcf,United States,35.0,False
010281,Egypt,220.02,False
ac4cc4,United States,138.28,False
a5ea37,United States,35.2,False
a4ca56,United States,48.43,False
01025f,Egypt,217.7,False
ad6ca7,United States,200.29,False
a24d90,United States,33.5,False
a73d45,United States,130.98,False
010266,Egypt,206.36,False
010265,Egypt,210.11,False
ac4cd4,United States,216.2,False
3951c1,France,198.13,False
a1e4e6,United States,200.84,False
aaa012,United States,252.29,False
a324ce,United States,217.73,False
abf96c,United States,254.51,False
a47a03,United States,144.05,False
adcfe6,United States,45.1,False
aa75a6,United States,291.42,False
abe65a,United States,206.22,False
a8028a,United States,113.86,False
aa88d2,United States,0.0,True
a01fd9,United States,50.31,False
a0894c,United States,41.98,False
a35a7a,United States,90.19,False
ae3302,United States,70.87,False
abe679,United States,46.2,False
a577d4,United States,98.66,False
a00cb3,United States,36.49,False
868012,Japan,237.91,False
abc012,United States,0.0,True
010208,Egypt,196.87,False
aa0e0d,United States,290.39,False
a7e279,United States,188.41,False
a4dd35,United States,201.61,False
01022c,Egypt,222.86,False
a9225e,United States,187.77,False
ae3333,United States,62.96,False
adbcbd,United States,48.49,False
ac901f,United States,88.5,False
a697c7,United States,46.31,False
a48d84,United States,40.84,False
abc035,United States,191.23,False
ab704b,United States,250.38,False
a0d90c,United States,186.44,False
a08948,United States,47.66,False
ab7067,United States,221.73,False
a20639,United States,42.82,False
abd1e3,United States,122.05,False
a7e1d3,United States,0.06,True
acf1c9,United States,29.77,False
8464d2,Japan,0.26,True
a97d7c,United States,138.12,False
a00ce6,United States,55.47,False
a1f94c,United States,140.48,False
ad24eb,United States,123.38,False
ad5a5c,United States,225.89,False
a6c1f5,United States,33.14,False
a12cd6,United States,126.0,False
ad5a50,United States,52.99,False
a5ea84,United States,5.66,True
a24cb1,United States,53.65,False
a32619,United States,37.45,False
a2195d,United States,267.58,False
ac3a83,United States,284.82,False
ae44e8,United States,62.21,False
a6c1e4,United States,50.08,False
a2afa6,United States,94.88,False
a45915,United States,4.37,False
a97d63,United States,3.86,True
a9cd47,United States,191.43,False
34631a,Spain,148.68,False
48ae00,Poland,262.57,False
a84a7b,United States,294.35,False
a50fbe,United States,34.42,False
a01fee,United States,209.92,False
a7e1cd,United States,279.2,False
a5ea9a,United States,205.28,False
346319,Spain,140.67,False
a4ca66,United States,260.7,False
507c48,Uzbekistan,242.43,False
a2afeb,United States,204.45,False
a671d4,United States,87.22,False
ab3fb8,United States,3.86,True
a20677,United States,131.18,False
aac608,United States,43.73,False
a4462e,United States,224.4,False
c05efa,Canada,104.93,False
400dc3,United Kingdom,123.5,False
a671c4,United States,40.13,False
a791c0,United States,183.18,False
a2afdb,United States,71.38,False
400dae,United Kingdom,220.18,False
c05ef7,Canada,176.22,False
400dc2,United Kingdom,157.74,False
40772f,United Kingdom,226.91,False
a84a11,United States,0.06,True
a4dd8e,United States,43.99,False
a73d5d,United States,131.56,False
40772d,United Kingdom,226.4,False
40772e,United Kingdom,239.42,False
a1d332,United States,54.49,False
a19699,United States,72.36,False
a5ea3b,United States,53.41,False
a671f2,United States,191.95,False
ac5fad,United States,228.03,False
a7f4e9,United States,251.56,False
ab9624,United States,47.34,False
a814ec,United States,74.58,False
a24cc8,United States,32.54,False
40771f,United Kingdom,142.07,False
8464b0,Japan,11.32,True
76cef2,Singapore,0.0,True
34760b,Spain,228.21,False
a4460e,United States,235.2,False
a24cc0,United States,187.74,False
a4460d,United States,6.94,True
76cef9,Singapore,226.01,False
ab3fcc,United States,243.51,False
47807f,Norway,54.39,False
76ceec,Singapore,234.97,False
a5fd9d,United States,37.27,False
76ceef,Singapore,223.06,False
abf949,United States,233.16,False
461e1c,Finland,138.39,False
a0d98d,United States,217.36,False
507c55,Uzbekistan,292.6,False
a1966b,United States,86.81,False
a4ca8c,United States,56.41,False
a44611,United States,211.35,False
ac1951,United States,0.0,True
a0b333,United States,207.21,False
507c4d,Uzbekistan,293.85,False
47808d,Norway,95.13,False
ac5fc9,United States,41.83,False
a19679,United States,6.69,False
76cefa,Singapore,176.37,False
a5ea5c,United States,211.25,False
a37fd3,United States,172.85,False
a70978,United States,33.5,False
aa1ffc,United States,179.48,False
a5a30a,United States,144.25,False
aac4a4,United States,245.39,False
a5fcbd,United States,79.67,False
a44682,United States,64.11,False
ac4d0d,United States,66.22,False
a42020,United States,272.54,False
c05ec7,Canada,238.71,False
4075f3,United Kingdom,152.85,False
750598,Malaysia,192.63,False
a4200d,United States,200.41,False
c84129,New Zealand,54.3,False
a1c02c,United States,62.5,False
a5666e,United States,252.08,False
aa6321,United States,63.8,False
7c66dc,Australia,162.12,False
a1e68b,United States,59.57,False
ac4d1a,United States,148.05,False
c05eac,Canada,251.34,False
0101bc,Egypt,214.36,False
aa0cc0,United States,263.45,False
87ad7f,Japan,4.63,True
a4a99c,United States,114.43,False
c05eb6,Canada,222.34,False
abf7c5,United States,54.62,False
a4dcda,United States,80.87,False
aafa0d,United States,197.55,False
ac04ae,United States,265.02,False
39a208,France,241.43,False
39a207,France,190.73,False
39a206,France,158.54,False
39a205,France,227.01,False
39a204,France,215.02,False
a81657,United States,133.97,False
7c79fc,Australia,93.09,False
a3133c,United States,242.14,False
39a201,France,204.66,False
c05edd,Canada,234.72,False
a44660,United States,268.04,False
a2f335,United States,63.53,False
ac04c6,United States,154.41,False
a0a02b,United States,85.26,False
750579,Malaysia,220.06,False
ac04c2,United States,158.98,False
a85cad,United States,307.72,False
a4dcfd,United States,163.37,False
e47fa8,Brazil,184.97,False
a2e002,United States,44.45,False
a2f328,United States,256.41,False
a18380,United States,157.2,False
a4463e,United States,208.09,False
a8295f,United States,53.61,False
abe4b9,United States,285.36,False
a8295d,United States,218.84,False
a86fcf,United States,53.62,False
a4efbb,United States,144.09,False
ad24ab,United States,202.92,False
750556,Malaysia,227.47,False
a62fd1,United States,93.45,False
e47ffe,Brazil,237.98,False
48acae,Poland,30.68,False
aab1d2,United States,207.92,False
a4a95b,United States,42.97,False
ac04f5,United States,295.86,False
aac4ed,United States,250.69,False
a921f1,United States,44.52,False
a1c05d,United States,147.22,False
a43378,United States,52.02,False
ad24e1,United States,275.15,False
8691cc,Japan,235.14,False
a4335d,United States,267.88,False
c05ea6,Canada,229.46,False
4075ff,United Kingdom,232.14,False
a4dcba,United States,262.94,False
750550,Malaysia,12.44,False
a30052,United States,56.6,False
a56661,United States,233.69,False
a74fae,United States,63.76,False
a29069,United States,5.14,True
a1d37a,United States,34.07,False
a4a97b,United States,207.52,False
750548,Malaysia,229.89,False
a075a3,United States,6.94,False
a57997,United States,174.31,False
750543,Malaysia,115.08,False
a61cac,United States,195.51,False
7c68b8,Australia,154.77,False
adccc6,United States,84.92,False
7c68b6,Australia,0.0,True
a6f895,United States,44.27,False
7c68ae,Australia,216.23,False
87ada8,Japan,5.66,True
a9eecc,United States,40.36,False
7c68a8,Australia,63.04,False
c05d5d,Canada,87.71,False
a097ce,United States,240.88,False
4caeb3,Ireland,142.63,False
a94567,United States,49.09,False
aa735a,United States,5.4,True
ab9387,United States,210.12,False
a6959a,United States,37.36,False
7c3087,Australia,90.57,False
a44262,United States,220.43,False
a9eea8,United States,51.65,False
400afd,United Kingdom,248.97,False
400afc,United Kingdom,236.66,False
400afb,United Kingdom,228.1,False
ab805a,United States,228.47,False
aa8681,United States,242.27,False
a93209,United States,45.2,False
a44257,United States,176.88,False
c05d7b,Canada,213.72,False
a45586,United States,203.8,False
ad7cec,United States,51.19,False
a6d241,United States,178.7,False
a9585f,United States,74.27,False
a44258,United States,188.52,False
abe373,United States,61.41,False
a8cecd,United States,258.1,False
c001e5,Canada,0.06,True
abd02f,United States,55.75,False
a4556d,United States,187.05,False
aa733b,United States,123.15,False
a87eac,United States,32.99,False
a8383b,United States,43.12,False
4caee8,Ireland,69.53,False
aa9990,United States,172.23,False
76bd44,Singapore,206.99,False
76bd45,Singapore,154.24,False
a347b6,United States,30.77,False
a9a824,United States,292.59,False
a4b88f,United States,81.36,False
ad237c,United States,191.4,False
a4b891,United States,220.62,False
a83839,United States,250.32,False
a9a80f,United States,38.86,False
a0e7f4,United States,226.72,False
a0d4c2,United States,48.29,False
a107fe,United States,173.92,False
a071c8,United States,155.07,False
a071c2,United States,145.96,False
ad2386,United States,163.11,False
abd06a,United States,63.09,False
71ba17,Republic of Korea,251.43,False
a63efe,United States,77.52,False
4caec8,Ireland,40.67,False
7c68ce,Australia,150.33,False
71ba07,Republic of Korea,237.86,False
71ba02,Republic of Korea,290.29,False
ac5e01,United States,219.5,False
c05d3c,Canada,223.27,False
71ba06,Republic of Korea,225.51,False
71ba05,Republic of Korea,273.83,False
7c68c7,Australia,239.94,False
c027ea,Canada,119.91,False
c05d3a,Canada,65.15,False
4caecb,Ireland,170.7,False
a81205,United States,150.66,False
4caecc,Ireland,240.73,False
c05d56,Canada,262.73,False
a00a1a,United States,5.14,True
a62bdc,United States,189.28,False
ad1079,United States,55.56,False
abd081,United States,232.54,False
a5d891,United States,92.82,False
347288,Spain,115.82,False
a321a9,United States,267.26,False
a5d7b5,United States,63.78,False
a4b7d3,United States,0.0,True
a4b7d4,United States,63.36,False
a4b7d7,United States,264.81,False
a74d03,United States,66.05,False
a717b6,United States,0.0,True
a071ec,United States,239.78,False
abf602,United States,139.42,False
a36a19,United States,0.0,True
aa1e38,United States,144.56,False
a24a3d,United States,50.08,False
a36a21,United States,203.38,False
a3cd58,United States,4.12,True
aae958,United States,229.72,False
86e474,Japan,2.06,True
a49d22,United States,0.0,True
a9326b,United States,47.16,False
a4da13,United States,200.45,False
a347e5,United States,45.41,False
aa1e27,United States,232.14,False
a24a0a,United States,213.82,False
ac2952,United States,176.24,False
ad8fad,United States,75.32,False
a467c5,United States,48.55,False
c05d0e,Canada,38.49,False
a00a63,United States,232.58,False
a49d16,United States,97.83,False
a74d1f,United States,87.04,False
a24a13,United States,2.31,True
a9327a,United States,219.13,False
ac6fcc,United States,99.35,False
a837a7,United States,231.45,False
a00a68,United States,224.83,False
a24a31,United States,225.33,False
a50d69,United States,70.51,False
ad493b,United States,161.19,False
8466c7,Japan,288.42,False
485b45,Kingdom of the Netherlands,239.46,False
a694b2,United States,183.58,False
485b43,Kingdom of the Netherlands,255.43,False
485b44,Kingdom of the Netherlands,260.71,False
a837a5,United States,207.25,False
86e496,Japan,235.83,False
347247,Spain,197.56,False
a37d8d,United States,263.79,False
a0990d,United States,53.61,False
a37d8a,United States,275.81,False
e8087f,Chile,64.38,False
a24a6d,United States,64.2,False
a8258b,United States,55.15,False
a441c9,United States,126.5,False
a6d26f,United States,206.05,False
ac297b,United States,218.26,False
aae97e,United States,163.37,False
a441ab,United States,222.98,False
407462,United Kingdom,180.28,False
a12a9d,United States,275.05,False
86e430,Japan,240.05,False
aa739e,United States,193.51,False
aac337,United States,270.63,False
a8bbff,United States,186.69,False
adcca5,United States,278.16,False
a12a81,United States,217.93,False
a334f9,United States,38.29,False
a4ed07,United States,64.13,False
adcca6,United States,222.71,False
a9dbb4,United States,42.55,False
ac5cd7,United States,157.83,False
347219,Spain,211.18,False
ac6ffa,United States,173.5,False
348546,Spain,139.72,False
348547,Spain,0.45,True
a9eeef,United States,39.7,False
a6d27b,United States,188.45,False
a81288,United States,45.79,False
a12a95,United States,38.24,False
a81289,United States,57.03,False
ab8031,United States,207.69,False
87add4,Japan,3.6,True
ac033e,United States,187.38,False
a93257,United States,144.58,False
a25d91,United States,134.96,False
a12a7b,United States,261.18,False
a12a7c,United States,202.78,False
a12a7d,United States,9.77,True
a62d04,United States,51.45,False
86e452,Japan,236.44,False
4caf26,Ireland,226.5,False
4caf27,Ireland,140.14,False
acad53,United States,225.07,False
4caf28,Ireland,222.06,False
adba01,United States,57.38,False
ae54c2,United States,119.95,False
ac4a44,United States,3.86,True
a0e934,United States,205.8,False
a6d1c4,United States,33.68,False
adcd39,United States,106.04,False
c05bd6,Canada,191.27,False
a73a47,United States,217.06,False
c05bd2,Canada,223.87,False
c05bd5,Canada,242.91,False
a1094c,United States,180.01,False
e0a58f,Argentina,95.21,False
4caf34,Ireland,231.85,False
4caf35,Ireland,234.67,False
a441ef,United States,140.14,False
a0e93e,United States,52.79,False
a02ff5,United States,82.07,False
a6e4e8,United States,224.88,False
4caf1d,Ireland,229.7,False
347302,Spain,189.83,False
347301,Spain,120.08,False
a8bd1b,United States,248.5,False
4072ea,United Kingdom,249.84,False
a0e90b,United States,70.87,False
780fc7,China,247.25,False
e80870,Chile,57.65,False
a10931,United States,5.92,True
ad21af,United States,172.47,False
e80878,Chile,61.96,False
ae54e5,United States,113.23,False
ae54e3,United States,68.07,False
aa1d79,United States,216.88,False
aa0a43,United States,200.49,False
a61a8c,United States,54.93,False
a957f9,United States,46.3,False
a811c0,United States,48.64,False
84b5ee,Japan,242.97,False
a01ca5,United States,81.8,False
ad21bc,United States,271.96,False
adcd6b,United States,0.06,True
a73a10,United States,245.53,False
adcd6d,United States,246.83,False
a1e302,United States,193.01,False
a22976,United States,37.53,False
a704c2,United States,80.31,False
a06010,United States,180.22,False
a1931f,United States,125.37,False
76bcc4,Singapore,59.29,False
a98d0c,United States,38.89,False
acad8d,United States,174.37,False
ae54f1,United States,79.39,False
a18008,United States,168.57,False
a74d32,United States,242.55,False
a06020,United States,227.85,False
a1f622,United States,221.14,False
abe1eb,United States,227.27,False
4d23c3,Malta,228.27,False
aa0a0a,United States,202.14,False
a681a3,United States,45.7,False
c01528,Canada,47.85,False
ae54f6,United States,59.83,False
ae54f4,United States,98.7,False
76bccc,Singapore,246.87,False
a5b1b5,United States,84.2,False
a6e4bb,United States,177.92,False
c0153b,Canada,233.44,False
a0864e,United States,22.19,False
aae924,United States,54.62,False
4caf2a,Ireland,215.42,False
3deb82,Germany,67.42,False
aa0a04,United States,45.81,False
84b5ac,Japan,69.7,False
a957b0,United States,36.26,False
a08663,United States,278.06,False
ac291f,United States,207.06,False
ab4fae,United States,228.69,False
a681c6,United States,45.54,False
c02876,Canada,135.17,False
a38fa4,United States,276.41,False
a86d36,United States,303.79,False
a6e4c2,United States,52.45,False
a71948,United States,222.99,False
aa861c,United States,65.5,False
ac27a6,United States,206.6,False
4d23f9,Malta,248.19,False
a3dfed,United States,50.43,False
a4eca6,United States,191.12,False
a4b961,United States,271.84,False
4d23f8,Malta,95.57,False
514005,Georgia,0.0,True
514004,Georgia,74.59,True
a9a901,United States,282.95,False
aae7b3,United States,247.59,False
a4b96d,United States,248.27,False
a83920,United States,215.88,False
a3dffe,United States,184.73,False
8a0a8c,Indonesia,231.57,False
4d23fb,Malta,221.33,False
4d23fd,Malta,71.32,False
a44308,United States,94.78,False
a83953,United States,161.22,False
a1099f,United States,72.26,False
a1933c,United States,208.08,False
ab3d30,United States,42.44,False
a4fff6,United States,98.8,False
a19343,United States,229.87,False
a8aa87,United States,119.46,False
a25cdc,United States,197.67,False
a3ccf7,United States,51.67,False
a20349,United States,234.05,False
a1801c,United States,3.34,True
ab3d40,United States,192.12,False
a4ece1,United States,55.26,False
4caf94,Ireland,225.15,False
a5b316,United States,53.92,False
ac5d0d,United States,253.01,False
a2032d,United States,54.69,False
c01505,Canada,254.68,False
4caf7e,Ireland,226.89,False
aa990d,United States,49.85,False
a3369f,United States,42.62,False
a58938,United States,25.42,False
ac27cf,United States,149.7,False
ac27f0,United States,258.03,False
ad47d8,United States,295.5,False
4072c8,United Kingdom,230.36,False
a4433d,United States,53.55,False
ad34b4,United States,155.42,False
acad38,United States,269.99,False
a45671,United States,55.23,False
a944ec,United States,241.42,False
a32368,United States,169.53,False
aa0a92,United States,42.82,False
39b228,France,216.57,False
a8bd6a,United States,256.09,False
a9ca37,United States,276.88,False
a50cb7,United States,136.87,False
a2169c,United States,43.08,False
acad1d,United States,2.83,True
a25e14,United States,46.53,False
c05e8f,Canada,156.17,False
a25e18,United States,38.12,False
abd135,United States,201.6,False
ae5773,United States,126.1,False
a6d353,United States,73.87,False
adcdcc,United States,224.56,False
a098f6,United States,221.96,False
a5c694,United States,193.63,False
a6d34b,United States,50.12,False
abf79c,United States,39.7,False
a6c013,United States,0.0,True
a9a97f,United States,219.34,False
45c86d,Denmark,236.23,False
a8bcdd,United States,206.19,False
a67050,United States,174.08,False
c002e4,Canada,0.0,True
acf10b,United States,280.29,False
a12b07,United States,294.42,False
c05e96,Canada,6.69,True
7505bc,Malaysia,128.68,False
a12b09,United States,221.81,False
aac499,United States,140.51,False
a6705c,United States,209.9,False
e47f70,Brazil,186.57,False
a6c044,United States,248.68,False
acf149,United States,241.33,False
ae578f,United States,63.01,False
a93326,United States,43.24,False
a6c03b,United States,59.76,False
ad1142,United States,259.51,False
aab187,United States,176.48,False
a79046,United States,0.45,True
a3238a,United States,0.0,False
a8001e,United States,51.88,False
ab09b4,United States,221.25,False
a12b2b,United States,273.52,False
aa7468,United States,264.48,False
4cadbf,Ireland,217.87,False
4cadba,Ireland,223.27,False
aae9a3,United States,236.54,False
4cadbc,Ireland,218.36,False
a7197d,United States,210.06,False
a9a91a,United States,223.87,False
4cadc6,Ireland,235.36,False
a6d30c,United States,62.51,False
a6f96c,United States,231.75,False
a2ae1e,United States,0.0,True
4cadc3,Ireland,127.88,False
abd17b,United States,279.81,False
ab819c,United States,271.26,False
a6833b,United States,145.52,False
a8bca7,United States,95.48,False
a5767d,United States,259.76,False
a67018,United States,47.56,False
a75fdf,United States,252.32,False
adbaca,United States,218.5,False
a202a6,United States,63.26,False
34608e,Spain,99.64,False
a6f95b,United States,46.48,False
a202a1,United States,238.21,False
a12b0a,United States,253.63,False
a2ae12,United States,271.53,False
a12b0e,United States,294.62,False
aa6113,United States,92.6,False
a6f993,United States,0.0,True
a81336,United States,86.61,False
c04b57,Canada,209.38,False
4cada3,Ireland,175.56,False
4cada4,Ireland,240.08,False
a8cfa9,United States,205.15,False
4cada0,Ireland,241.59,False
48ac82,Poland,176.47,False
aae9d9,United States,55.34,False
4cadc0,Ireland,211.53,False
a55055,United States,213.85,False
aa6103,United States,282.31,False
aa1dd1,United States,107.08,False
4cadb9,Ireland,229.66,False
c04b41,Canada,66.52,False
aa7426,United States,159.7,False
4cadb7,Ireland,175.84,False
a37e6c,United States,0.06,True
3c7a49,Germany,258.28,False
a072fd,United States,45.92,False
4cadfd,Ireland,228.19,False
4cadfe,Ireland,229.74,False
4cadff,Ireland,228.0,False
a24b4b,United States,20.25,False
4cadfc,Ireland,229.77,False
a6f8c9,United States,48.66,False
4bd155,Turkey,239.64,False
a36b50,United States,211.02,False
a0c2f9,United States,73.18,False
3c7a54,Germany,217.68,False
a7f39c,United States,137.55,False
a6f8b7,United States,50.95,False
a0c2f7,United States,33.34,False
a575e0,United States,230.32,False
a4db20,United States,96.04,False
aad745,United States,194.18,False
a61b14,United States,44.25,False
ad7da2,United States,4.37,True
4cadf0,Ireland,245.23,False
347388,Spain,219.37,False
c05e2d,Canada,136.05,False
ac0418,United States,179.56,False
ae5718,United States,200.74,False
aad751,United States,150.51,False
a86e1d,United States,208.69,False
3e0a30,Germany,45.81,False
a575e7,United States,74.59,False
a705c5,United States,47.16,False
a322a1,United States,60.54,False
a562b7,United States,234.1,False
a202b8,United States,178.05,False
3c7a4f,Germany,257.56,False
4cade9,Ireland,114.87,False
a562aa,United States,1.29,True
ac1747,United States,90.57,False
a4a5e1,United States,58.03,False
aa1f2f,United States,292.78,False
a86e27,United States,0.0,True
4cade6,Ireland,230.02,False
c05e1a,Canada,43.32,False
4cadee,Ireland,0.0,True
a4db2c,United States,4.37,True
4cadf8,Ireland,227.08,False
a455a1,United States,242.26,False
4cadf5,Ireland,222.3,False
4cadf7,Ireland,150.01,False
a442f3,United States,0.0,True
a5a080,United States,70.23,False
ac4aa5,United States,64.14,False
a442da,United States,1.54,True
abe40a,United States,143.2,False
ac042a,United States,242.84,False
e47f4f,Brazil,210.84,False
ab811f,United States,44.67,False
a4b8c6,United States,66.64,False
ab2ae0,United States,0.51,True
40756b,United Kingdom,228.0,False
a4b8af,United States,99.4,False
ab2ae1,United States,234.5,False
acadb6,United States,52.08,False
7c4493,Australia,102.84,False
407575,United Kingdom,232.75,False
a6709e,United States,59.38,False
abe448,United States,111.59,False
a6709b,United States,270.82,False
40622b,United Kingdom,76.39,False
acade4,United States,62.67,False
40622d,United Kingdom,152.93,False
40622f,United Kingdom,237.02,False
a3bb14,United States,71.93,False
abe42c,United States,214.68,False
ac1789,United States,2.31,True
a335fa,United States,120.27,False
a25e9c,United States,36.79,False
e47f41,Brazil,165.68,False
acadd3,United States,121.24,False
40621d,United Kingdom,230.41,False
40621c,United Kingdom,267.22,False
ad2445,United States,216.38,False
aab146,United States,56.78,False
a7907f,United States,7.72,True
a7907c,United States,209.61,False
ad7e6f,United States,230.85,False
aac2e9,United States,44.17,False
a07423,United States,53.68,False
ac5e8d,United States,240.95,False
c0168e,Canada,157.38,False
a86e85,United States,178.54,False
a33716,United States,223.98,False
a9a8ec,United States,211.27,False
a19404,United States,211.49,False
ab92ed,United States,140.96,False
4cae19,Ireland,261.18,False
a682ff,United States,228.01,False
a57706,United States,182.24,False
ad22e1,United States,216.54,False
a85b75,United States,42.21,False
44a6e4,Belgium,65.63,False
a7f2d5,United States,91.71,False
a57719,United States,254.25,False
a49e9a,United States,237.67,False
a0740c,United States,100.04,False
adbb39,United States,259.22,False
a12ac5,United States,80.77,False
a4db57,United States,56.2,False
a12ac7,United States,78.71,False
a12ac8,United States,215.63,False
a20433,United States,233.73,False
a3373a,United States,210.26,False
a24aa8,United States,117.64,False
a50e93,United States,276.94,False
a24aa7,United States,91.64,False
4cae48,Ireland,216.86,False
a5b2b0,United States,188.85,False
a61b42,United States,44.54,False
a61b43,United States,93.03,False
a12ac0,United States,38.07,True
a86e47,United States,38.56,False
a12ac1,United States,236.25,False
a12ac3,United States,247.71,False
a61b4e,United States,1.8,True
4cae57,Ireland,218.18,False
a562e8,United States,220.96,False
4d22b0,Malta,193.43,False
4cae58,Ireland,228.39,False
a5c5f4,United States,40.12,False
4cae59,Ireland,227.31,False
4cae53,Ireland,233.87,False
4cae54,Ireland,92.04,False
4cae55,Ireland,232.86,False
a1e40e,United States,64.51,False
a37db9,United States,212.2,False
a838e2,United States,1.8,True
aa72b1,United States,170.9,False
a838e5,United States,227.51,False
a37da1,United States,248.4,False
a12aa4,United States,215.91,False
4cae27,Ireland,145.92,False
c01674,Canada,139.66,False
a682e3,United States,179.79,False
4cae24,Ireland,134.55,False
adbb92,United States,135.48,False
4cae25,Ireland,0.64,True
4cae26,Ireland,71.18,False
a07448,United States,0.0,True
7c4418,Australia,131.31,False
a1e411,United States,294.67,False
ac1701,United States,223.66,False
a825e3,United States,161.26,False
ac1704,United States,48.83,False
a12aa1,United States,83.86,False
a01dec,United States,40.72,False
adbb6f,United States,172.22,False
4cae35,Ireland,70.94,False
a5fb50,United States,52.51,False
a958d2,United States,0.0,True
4cae32,Ireland,161.44,False
4cae33,Ireland,263.66,False
a73b3c,United States,90.85,False
4cae1d,Ireland,1.29,True
a13de2,United States,310.19,False
ad48a9,United States,217.73,False
a24ade,United States,110.37,False
a6e720,United States,253.37,False
a3244f,United States,103.38,False
a3244a,United States,118.36,False
a20471,United States,293.9,False
4cae80,Ireland,222.07,False
4cae6c,Ireland,227.96,False
4cae6d,Ireland,179.77,False
c02945,Canada,182.98,False
7c42e4,Australia,0.0,True
ac5e23,United States,199.99,False
4cae8c,Ireland,14.92,True
4cae8d,Ireland,220.98,False
7c42bf,Australia,0.0,True
a2f111,United States,3.09,True
a1f77c,United States,159.66,False
4cae96,Ireland,245.39,False
4cae97,Ireland,75.04,False
4cae98,Ireland,136.5,False
4cae99,Ireland,219.19,False
a3376c,United States,211.3,False
4073a1,United Kingdom,202.21,False
4cae91,Ireland,230.76,False
a31122,United States,191.19,False
a57774,United States,131.28,False
4073a0,United Kingdom,198.16,False
a12ae6,United States,254.8,False
a12ae8,United States,200.13,False
4d22ab,Malta,261.36,False
a9cb83,United States,218.9,False
a5c74e,United States,51.08,False
4cae67,Ireland,250.6,False
4cae69,Ireland,236.82,False
4cae63,Ireland,249.55,False
a74dbf,United States,87.62,False
4cae64,Ireland,204.94,False
a3cdfa,United States,159.42,False
4cae60,Ireland,222.58,False
ab2b23,United States,233.97,False
4cae61,Ireland,211.03,False
4d22b8,Malta,219.25,False
4d22b3,Malta,219.28,False
a12ae3,United States,228.98,False
a12ae4,United States,197.21,False
4cae4c,Ireland,217.83,False
aae8df,United States,33.25,False
a74dd6,United States,54.1,False
c02966,Canada,215.85,False
a24acc,United States,213.74,False
4cae6b,Ireland,237.84,False
a5b42f,United States,249.26,False
4d22bc,Malta,220.02,False
ab2b1d,United States,50.07,False
4cae78,Ireland,106.58,False
a0c45f,United States,56.83,False
ad35a2,United States,60.94,False
a12aea,United States,229.14,False
a20467,United States,51.03,False
c0293e,Canada,255.38,False
4d22c8,Malta,100.8,False
a82727,United States,6.17,True
4d22c3,Malta,222.76,False
4d22c4,Malta,247.76,False
a33766,United States,221.75,False
acae33,United States,0.06,True
a3cda4,United States,91.2,False
aac2a4,United States,45.37,False
a0e9a1,United States,79.23,False
ad48cd,United States,41.87,False
acae2e,United States,5.66,True
a109c8,United States,221.9,False
a69719,United States,68.98,False
a44477,United States,262.65,False
a01f37,United States,206.51,False
adce02,United States,294.27,False
ac02b4,United States,2.31,True
4cae9d,Ireland,231.95,False
ab92d1,United States,38.89,False
4cae9e,Ireland,205.82,False
3c5999,Germany,236.56,False
a70718,United States,173.68,False
4cae9a,Ireland,232.59,False
abe2b2,United States,0.0,True
ab92d6,United States,82.25,False
3472c9,Spain,242.83,False
ad7e65,United States,39.0,False
ac02c1,United States,41.34,False
ad35e0,United States,86.43,False
a3245d,United States,0.0,True
a48ac4,United States,196.48,False
a8ab78,United States,30.21,False
ac5e6e,United States,254.33,False
aac2e2,United States,210.16,False
a01f0d,United States,204.26,False
ad35cc,United States,41.87,False
4cae9f,Ireland,0.0,True
a9cb3e,United States,32.44,False
a11d71,United States,87.43,False
c00926,Canada,241.43,False
a314ad,United States,221.61,False
a3ad24,United States,214.03,False
a327da,United States,54.78,False
a09a58,United States,195.33,False
abb089,United States,215.6,False
a7e58d,United States,52.43,False
a8059b,United States,256.98,False
adacfd,United States,183.11,False
a22a29,United States,54.72,False
c0092d,Canada,61.55,False
a0c7e3,United States,45.89,False
a91260,United States,3.6,True
adf067,United States,61.01,False
a3ad47,United States,270.28,False
a23d25,United States,269.46,False
a92599,United States,49.07,False
a0fd3e,United States,207.32,False
a184d2,United States,213.81,False
a554b1,United States,78.86,False
abe8b6,United States,192.03,False
ab0b11,United States,243.06,False
ac08d4,United States,230.7,False
a051c0,United States,263.66,False
a0a1e9,United States,126.32,False
a7824e,United States,226.73,False
a171f7,United States,44.56,False
a09a90,United States,158.5,False
a35d79,United States,248.82,False
ad5e27,United States,199.54,False
a8056d,United States,137.58,False
4caca1,Ireland,50.12,False
4caca3,Ireland,7.2,True
a7e54f,United States,222.19,False
adf06d,United States,136.11,False
a8f235,United States,267.0,False
4d230d,Malta,183.23,False
a35d73,United States,271.53,False
a1c1c7,United States,253.66,False
4cacb9,Ireland,219.42,False
34838b,Spain,102.84,False
71bc19,Republic of Korea,4.12,True
71bc17,Republic of Korea,153.91,False
a0a1f1,United States,30.35,False
aaeb0e,United States,97.75,False
a47d46,United States,207.86,False
a314d9,United States,253.9,False
ab72b3,United States,240.92,False
a434ac,United States,55.36,False
aa4053,United States,65.75,False
ab0b42,United States,198.14,False
ac3e3a,United States,183.12,False
a7827c,United States,163.66,False
4d2303,Malta,229.02,False
a8aef3,United States,0.51,True
a1d4bc,United States,197.95,False
348383,Spain,197.86,False
adf08e,United States,155.57,False
a6b264,United States,71.6,False
a0ea58,United States,44.8,False
4cacf1,Ireland,217.36,False
a794d9,United States,178.05,False
4d2357,Malta,217.73,False
4d234a,Malta,203.85,False
4d234b,Malta,229.59,False
4cacdf,Ireland,94.84,False
aa9b65,United States,197.05,False
a6c4d7,United States,206.26,False
a58a67,United States,197.59,False
a4cd6f,United States,46.17,False
4d2350,Malta,228.09,False
a794e1,United States,112.78,False
ab7356,United States,41.18,False
3c56eb,Germany,219.35,False
ab6020,United States,197.04,False
4d2368,Malta,231.55,False
a9bd0f,United States,57.89,False
a2e1dc,United States,75.71,False
ad6fdd,United States,31.96,False
a2090d,United States,10.8,True
4d234d,Malta,214.49,False
c007ec,Canada,73.67,False
a1c1ff,United States,65.25,False
a674f4,United States,211.73,False
a781a0,United States,204.16,False
a4ba76,United States,211.98,False
a301e4,United States,142.1,False
a2e1ce,United States,201.91,False
a7f7eb,United States,153.31,False
a661d6,United States,62.15,False
4d2347,Malta,184.73,False
800b45,India,144.65,False
4d2348,Malta,226.29,False
4d2349,Malta,226.0,False
348345,Spain,222.11,False
a2e1c7,United States,113.38,False
a817fc,United States,192.91,False
a301d8,United States,141.47,False
ad0343,United States,42.21,False
4d2341,Malta,114.17,False
a19910,United States,215.14,False
ac801e,United States,0.32,True
a47d69,United States,110.81,False
a1e946,United States,8.75,True
a20957,United States,189.95,False
ad5cff,United States,222.97,False
aa52a0,United States,126.54,False
ab7394,United States,239.55,False
a817b1,United States,194.0,False
a11cc1,United States,225.32,False
a00ffc,United States,105.79,False
a44918,United States,0.0,True
abd69d,United States,0.06,True
4d239d,Malta,5.66,True
4d239b,Malta,145.87,False
a1863b,United States,212.96,False
a12fda,United States,229.96,False
ad1697,United States,214.54,False
a0798b,United States,43.26,False
a19973,United States,0.0,True
800b9c,India,92.72,False
a5a4c1,United States,125.59,False
4d236c,Malta,226.04,False
ace374,United States,39.63,False
a7f7c2,United States,76.86,False
a58a36,United States,71.04,False
a32919,United States,130.19,False
a1e926,United States,6.43,True
a6c4b7,United States,159.52,False
a3ad88,United States,62.25,False
acd03d,United States,46.77,False
ad0375,United States,250.72,False
a71a0b,United States,153.22,False
ad0373,United States,214.27,False
4d2387,Malta,126.78,False
a24fb8,United States,259.58,False
c007d0,Canada,222.25,False
a2e1fd,United States,262.33,False
a541d0,United States,59.8,False
aa78bd,United States,180.69,False
4d2384,Malta,86.28,False
4d2385,Malta,229.54,False
a661a7,United States,128.76,False
a18679,United States,99.28,False
ac0912,United States,56.59,False
a1600b,United States,205.14,False
a44963,United States,155.9,False
a35cba,United States,116.85,False
a5b923,United States,221.93,False
a0a332,United States,231.37,False
a36ff7,United States,0.9,True
a4493f,United States,201.33,False
a4493e,United States,300.49,False
a4493c,United States,204.8,False
a1d63d,United States,251.12,False
0d0ef1,Mexico,59.18,False
a0669d,United States,250.34,False
a4493a,United States,207.18,False
0d0eec,Mexico,223.3,False
a44943,United States,191.19,False
a44940,United States,225.25,False
a4dfd2,United States,112.81,False
a54312,United States,251.02,False
c82009,New Zealand,4.63,True
ae6a87,United States,71.98,False
0d0efb,Mexico,188.89,False
a0fcd4,United States,0.0,True
a68960,United States,66.49,False
a20980,United States,209.68,False
a6d91c,United States,44.76,False
a1d61f,United States,0.0,True
a4491a,United States,95.71,False
a5b954,United States,3.86,True
86e4b8,Japan,271.27,False
ac4fb5,United States,220.52,False
a4491f,United States,190.34,False
8681ae,Japan,81.55,False
a55655,United States,211.9,False
a56985,United States,42.18,False
a18665,United States,283.95,False
aac954,United States,7.46,True
ad292a,United States,221.46,False
aa51fe,United States,213.77,False
c03bfb,Canada,220.85,False
ad6faf,United States,37.1,False
a1c371,United States,40.85,False
abd627,United States,197.01,False
a68902,United States,54.64,False
a7d1b8,United States,60.21,False
c03bf2,Canada,221.4,False
c83354,New Zealand,64.32,False
a28036,United States,18.01,True
a43667,United States,263.25,False
c8200a,New Zealand,20.06,True
4cad1e,Ireland,260.61,False
ac4fd8,United States,134.86,False
a83a48,United States,53.38,False
a1c349,United States,53.5,False
862d2e,Japan,249.95,False
4070ec,United Kingdom,235.96,False
a44982,United States,213.29,False
a2d000,United States,208.58,False
a44981,United States,237.39,False
a36fff,United States,278.38,False
abc303,United States,213.31,False
4070ed,United Kingdom,214.68,False
4070ee,United Kingdom,0.45,True
a924d9,United States,200.56,False
a44984,United States,1.29,True
a0537a,United States,80.43,False
0d0ec3,Mexico,250.64,False
a1d685,United States,41.7,False
ab7334,United States,208.59,False
0d0ec9,Mexico,212.7,False
aaa326,United States,226.33,False
aa9a4f,United States,47.85,False
a2e321,United States,57.33,False
a61fa4,United States,151.5,False
4cad10,Ireland,237.71,False
4cad11,Ireland,210.58,False
4cad12,Ireland,210.92,False
a47cb5,United States,51.17,False
a6890b,United States,138.01,False
4070e8,United Kingdom,227.87,False
aa9a57,United States,107.61,False
a1e98f,United States,0.0,True
ac097f,United States,55.37,False
4070e2,United Kingdom,225.55,False
4070e3,United Kingdom,229.74,False
a7d1ba,United States,54.74,False
0d0ed6,Mexico,4.63,True
a4dfa6,United States,135.88,False
a4495d,United States,258.4,False
4070e4,United Kingdom,69.63,False
ad14b6,United States,159.68,False
151fe1,Russian Federation,264.76,False
a5435c,United States,42.63,False
4cad64,Ireland,205.31,False
a7d316,United States,248.47,False
aab4e0,United States,38.24,False
abe7e3,United States,86.95,False
a5a675,United States,104.89,False
4c01e3,Serbia,194.74,False
4c01e0,Serbia,248.99,False
a5ece3,United States,252.73,False
ac2a33,United States,0.0,True
a6b324,United States,49.91,False
151fd1,Russian Federation,243.37,False
ac07fd,United States,0.0,True
a80650,United States,39.44,False
a3f04a,United States,0.0,True
ad27f3,United States,247.73,False
ac3d4a,United States,1.03,False
a8afec,United States,3.09,True
a77006,United States,48.38,False
4c01f3,Serbia,257.29,False
4c01f2,Serbia,104.4,False
86d1de,Japan,0.06,True
a96cd7,United States,206.75,False
aab4dc,United States,56.02,False
4cad5f,Ireland,161.35,False
3c4589,Germany,291.58,False
ab0a4e,United States,26.75,False
3c4587,Germany,179.45,False
a29391,United States,0.0,True
ac2a45,United States,232.63,False
a7d32e,United States,213.73,False
ad4a1d,United States,9.26,True
ab1d90,United States,16.57,False
4cad40,Ireland,0.0,True
a6502f,United States,34.69,False
4cad41,Ireland,221.23,False
3c4581,Germany,242.5,False
a7e666,United States,216.7,False
4cad2b,Ireland,208.95,False
3c4584,Germany,280.62,False
ac3d85,United States,129.68,False
c82089,New Zealand,219.28,False
151ff6,Russian Federation,27.7,False
151ff7,Russian Federation,211.9,False
a80677,United States,82.14,False
3c458f,Germany,273.13,False
a3f06f,United States,41.98,False
3c458d,Germany,234.71,False
ab0a77,United States,52.09,False
ab0a76,United States,108.9,False
4cad3e,Ireland,193.95,False
aafd90,United States,171.87,False
3c4590,Germany,96.13,False
abd4e7,United States,174.24,False
4cad3a,Ireland,256.71,False
4cad3b,Ireland,233.48,False
3c4597,Germany,242.72,False
4cad3c,Ireland,126.14,False
a91315,United States,45.38,False
c00899,Canada,171.57,False
4cad3d,Ireland,237.07,False
a1e8bf,United States,129.02,False
ad5d6e,United States,132.46,False
3c5853,Germany,10.8,True
0d0f91,Mexico,9.77,True
4d21ef,Malta,155.11,False
ac2a69,United States,225.94,False
ad14f9,United States,243.78,False
abc1bc,United States,296.08,False
ac91cd,United States,226.87,False
a35e15,United States,50.42,False
acf4e8,United States,210.66,False
ad01c0,United States,108.83,False
a41090,United States,266.94,False
4d21f7,Malta,98.39,False
a41096,United States,92.23,False
4d21eb,Malta,228.0,False
ad01ab,United States,268.53,False
ac91d4,United States,256.99,False
a53001,United States,130.65,False
4d21ea,Malta,217.67,False
ad5d5c,United States,231.44,False
a6c615,United States,42.79,False
a6c617,United States,46.92,False
ad5d5f,United States,183.71,False
a0c8f2,United States,53.82,False
a85fb8,United States,250.5,False
aaea6a,United States,76.74,False
a2d096,United States,54.01,False
a5a645,United States,183.12,False
0d0f9e,Mexico,186.44,False
4d21fc,Malta,235.36,False
a198ea,United States,51.8,False
acf4cc,United States,166.19,False
aaea83,United States,46.27,False
a53013,United States,89.23,False
a198ed,United States,218.37,False
4cad7b,Ireland,57.33,False
151fc5,Russian Federation,71.2,False
a0fe19,United States,215.09,False
4cad86,Ireland,216.2,False
ae6a3f,United States,247.32,False
4cad89,Ireland,222.01,False
a1b08d,United States,86.07,False
a208b1,United States,232.45,False
4cad80,Ireland,245.74,False
a6897c,United States,82.16,False
c04ed6,Canada,222.09,False
a0c8d8,United States,76.49,False
a65018,United States,46.02,False
a7e60c,United States,181.7,False
a5a65e,United States,57.27,False
a5fff9,United States,0.64,True
abc1ef,United States,56.09,False
aa7952,United States,214.26,False
a6b301,United States,46.61,False
a66346,United States,147.61,False
151fb5,Russian Federation,250.5,False
4d21f0,Malta,2.06,True
ad5d95,United States,166.26,False
4d21f2,Malta,229.52,False
4cad93,Ireland,0.0,True
a5ffeb,United States,41.43,False
a42390,United States,46.58,False
4cad96,Ireland,235.62,False
a85fba,United States,58.44,False
a5a665,United States,189.9,False
4cad91,Ireland,226.12,False
4cad92,Ireland,220.22,False
a23e14,United States,69.86,False
a6898d,United States,117.67,False
a0b5f8,United States,48.55,False
a8f37a,United States,155.54,False
45d961,Denmark,219.03,False
45d962,Denmark,219.03,False
a302a0,United States,103.34,False
a448db,United States,93.77,False
a23e5b,United States,56.79,False
ac09c2,United States,223.53,False
a23e65,United States,49.65,False
a46b03,United States,176.12,False
a23e63,United States,46.44,False
a0fe7a,United States,253.9,False
a4ce33,United States,84.41,False
a5b8c2,United States,222.78,False
800c01,India,239.32,False
a35e49,United States,2.06,True
39c495,France,251.42,False
a35e47,United States,217.64,False
a448d6,United States,215.14,False
a8e071,United States,49.91,False
a0fe86,United States,210.06,False
a47e28,United States,174.52,False
0d0f5e,Mexico,229.96,False
a448d3,United States,203.91,False
a11e8b,United States,210.66,False
a11e5c,United States,46.75,False
a4ce43,United States,55.56,False
ad29c1,United States,50.72,False
a4ce45,United States,49.48,False
407371,United Kingdom,265.08,False
a555c3,United States,290.14,False
a448ba,United States,202.33,False
40602e,United Kingdom,145.79,False
a675a9,United States,155.78,False
ac2c10,United States,207.65,False
a052d8,United States,38.9,False
86e778,Japan,117.09,False
a6a095,United States,40.43,False
ae1191,United States,217.68,False
a09b65,United States,260.8,False
ab86d5,United States,36.89,False
ac3f2f,United States,211.46,False
a89086,United States,285.25,False
4d20ff,Malta,71.39,False
ae117c,United States,234.3,False
abe9d3,United States,47.82,False
a3f07f,United States,288.65,False
a1c2f1,United States,74.95,False
aa4195,United States,233.48,False
0d0f13,Mexico,244.16,False
a46b3a,United States,54.61,False
0d0f17,Mexico,228.6,False
a6504e,United States,79.84,False
a3f099,United States,53.84,False
c02b6f,Canada,45.37,False
485a83,Kingdom of the Netherlands,4.89,True
ac2c33,United States,0.0,True
a7c00f,United States,115.14,False
347191,Spain,223.18,False
151eea,Russian Federation,27.78,False
406091,United Kingdom,217.87,False
0d0f1e,Mexico,75.87,False
a89058,United States,48.33,False
71bd78,Republic of Korea,268.07,False
a0fe8f,United States,271.28,False
a448fa,United States,184.77,False
0d0f35,Mexico,232.02,False
a0a2cf,United States,45.67,False
a65086,United States,186.27,False
0d0f2b,Mexico,247.77,False
a35e6f,United States,252.2,False
a35e5b,United States,209.61,False
a8f338,United States,244.36,False
a4ce11,United States,189.79,False
a1c2ad,United States,58.74,False
ac2c56,United States,6.94,True
71bd61,Republic of Korea,227.71,False
71bd60,Republic of Korea,99.34,False
0d0f49,Mexico,162.82,False
a7e693,United States,143.35,False
a65096,United States,50.54,False
a315dd,United States,3.6,True
4d2237,Malta,242.98,False
ac3dec,United States,262.31,False
4cabd2,Ireland,231.74,False
4cabd3,Ireland,201.23,False
ab6137,United States,244.87,False
4d2234,Malta,72.79,False
abd774,United States,72.92,False
ac9451,United States,249.33,False
4d221f,Malta,203.32,False
4d221a,Malta,61.84,False
4cabc7,Ireland,146.5,False
4cabc3,Ireland,55.66,False
a84e68,United States,230.78,False
4cabc6,Ireland,145.01,False
4d2248,Malta,237.45,False
ad5dd3,United States,97.69,False
a18723,United States,228.11,False
a71b43,United States,224.83,False
a11da1,United States,118.0,False
800c85,India,83.6,False
a6d8ff,United States,135.86,False
ab879f,United States,192.8,False
a9ab17,United States,261.34,False
abc455,United States,250.69,False
4d223b,Malta,208.02,False
096028,Cape Verde,213.74,False
a05410,United States,215.62,False
a7e5c1,United States,231.65,False
a4ce9d,United States,186.53,False
ad5dcb,United States,5.14,True
ab0aed,United States,35.3,False
4d222b,Malta,204.66,False
4d222d,Malta,149.26,False
4d222e,Malta,237.72,False
a8f2a0,United States,133.88,False
a782c1,United States,59.72,False
a4bb80,United States,222.47,False
a0540a,United States,141.37,False
4cabd4,Ireland,204.6,False
a422f7,United States,4.63,True
ac2aca,United States,119.28,False
a4bb84,United States,45.32,False
4d2217,Malta,215.79,False
4d2211,Malta,237.74,False
4d2212,Malta,176.06,False
acd120,United States,194.99,False
4d2219,Malta,198.3,False
a4bb8a,United States,149.6,False
ace44b,United States,79.58,False
4d2226,Malta,220.91,False
4d2228,Malta,240.65,False
4d2222,Malta,225.69,False
4d2224,Malta,231.54,False
abc478,United States,202.73,False
a782e4,United States,0.0,True
4d2220,Malta,211.48,False
4d2221,Malta,238.25,False
a925bc,United States,0.0,True
adf128,United States,255.7,False
a4ce64,United States,250.68,False
acd12f,United States,50.64,False
4d226b,Malta,231.78,False
a09ab9,United States,218.56,False
a59e68,United States,274.43,False
a5ee51,United States,169.26,False
40600e,United Kingdom,4.63,True
4d225e,Malta,248.14,False
c008f0,Canada,1.29,True
a688f4,United States,50.42,False
4d2272,Malta,179.79,False
406018,United Kingdom,228.31,False
4d2288,Malta,251.06,False
348441,Spain,0.51,True
4d2289,Malta,92.92,False
4d227c,Malta,222.41,False
4d227d,Malta,80.22,False
4d227e,Malta,0.64,True
4d227f,Malta,88.36,False
a09ac5,United States,47.1,False
4d227a,Malta,247.9,False
a05458,United States,49.73,False
4d226f,Malta,117.19,False
acd135,United States,171.08,False
4d2286,Malta,5.66,True
a0544d,United States,146.46,False
4d2259,Malta,215.88,False
abc49b,United States,0.0,True
4d2255,Malta,231.81,False
4d2256,Malta,172.69,False
4d2258,Malta,234.95,False
4d224c,Malta,149.48,False
ae1158,United States,59.54,False
4cabda,Ireland,220.27,False
abb172,United States,0.64,True
a0541b,United States,221.33,False
a675e8,United States,248.09,False
a72e5f,United States,36.62,False
aa79f9,United States,88.43,False
aa79f6,United States,261.76,False
4d2269,Malta,182.07,False
4d225b,Malta,7.72,True
4d225c,Malta,233.68,False
a05434,United States,256.08,False
a06763,United States,39.1,False
ac3f09,United States,238.56,False
ad4afe,United States,127.69,False
aa9c10,United States,39.53,False
4cabec,Ireland,202.73,False
4d224d,Malta,210.65,False
4d2264,Malta,232.87,False
4d2265,Malta,213.94,False
a5db2c,United States,214.25,False
4d2260,Malta,131.21,False
4d2261,Malta,138.42,False
70afb7,Nepal,201.99,False
85c5dc,Japan,145.59,False
a11dfc,United States,51.1,False
c0807f,Canada,117.03,False
a18796,United States,92.81,False
a3add3,United States,179.47,False
7c5950,Australia,144.79,False
c08081,Canada,235.84,False
a59dbb,United States,173.65,False
0d0dd1,Mexico,173.27,False
493297,Portugal,71.43,False
a1c441,United States,72.65,False
78562c,China,41.88,False
aafda1,United States,113.44,False
a9be92,United States,86.36,False
ab7402,United States,192.8,False
abd719,United States,202.48,False
ab1db2,United States,185.07,False
a66411,United States,51.06,False
a06795,United States,157.82,False
4071d7,United Kingdom,229.25,False
0d0de2,Mexico,209.79,False
aa6702,United States,139.78,False
a6c71c,United States,189.01,False
348508,Spain,188.89,False
348509,Spain,201.11,False
a35dc2,United States,64.82,False
a0412b,United States,125.02,False
a55767,United States,196.95,False
a3f119,United States,30.82,False
c03e07,Canada,242.99,False
a22ab7,United States,57.26,False
a6c70f,United States,198.09,False
a2f721,United States,227.45,False
0d0df4,Mexico,47.16,False
a3f120,United States,255.54,False
4b19e6,Switzerland,0.9,True
aab73f,United States,203.65,False
a9be71,United States,67.06,False
a9ab40,United States,134.64,False
850e58,Japan,130.76,False
a28160,United States,39.53,False
a41131,United States,238.95,False
a46ad6,United States,239.42,False
a9be75,United States,231.77,False
a42466,United States,220.87,False
ab741e,United States,227.27,False
ab6101,United States,158.35,False
a912dd,United States,64.47,False
ab6108,United States,239.12,False
a9ab51,United States,71.82,False
ab7437,United States,218.05,False
a34ae0,United States,194.68,False
a96e9a,United States,252.92,False
aaa438,United States,290.6,False
861b03,Japan,249.34,False
a46ac0,United States,134.63,False
710023,Saudi Arabia,251.89,False
a2f77b,United States,115.81,False
abd72a,United States,139.75,False
a079c0,United States,92.14,False
a34ae6,United States,176.51,False
a7d2bc,United States,236.1,False
a3ada3,United States,149.87,False
a04173,United States,67.41,False
a1b12a,United States,170.24,False
a35dfc,United States,272.15,False
a46ab3,United States,233.36,False
0d0da4,Mexico,208.32,False
a23dff,United States,36.38,False
abc40d,United States,277.4,False
a42438,United States,33.0,False
ac8111,United States,43.71,False
abc432,United States,252.24,False
a3adb9,United States,108.57,False
a3043b,United States,39.21,False
a3176b,United States,209.68,False
ac2ab3,United States,190.56,False
ab0acb,United States,59.43,False
a7d2f1,United States,285.67,False
ac2ab8,United States,192.32,False
a3adaa,United States,112.85,False
a0417c,United States,50.64,False
0d0db7,Mexico,56.82,False
a9be4c,United States,43.26,False
a55731,United States,154.68,False
71be35,Republic of Korea,265.6,False
abc2b1,United States,49.78,False
a209b9,United States,158.71,False
a65142,United States,29.25,False
151ebd,Russian Federation,202.34,False
a5a790,United States,25.13,False
71be29,Republic of Korea,105.53,False
71be21,Republic of Korea,64.71,False
aaa2d3,United States,257.04,False
4cac54,Ireland,248.52,False
4cac55,Ireland,240.97,False
7c7a4d,Australia,162.15,False
4cac56,Ireland,192.02,False
a209c6,United States,37.04,False
c04fff,Canada,229.55,False
a1b190,United States,64.87,False
4cac53,Ireland,133.24,False
a209c0,United States,220.73,False
a84dce,United States,205.03,False
7c7a3e,Australia,199.85,False
4cac24,Ireland,213.74,False
7c7a3d,Australia,221.75,False
4cac20,Ireland,216.98,False
acf5f4,United States,260.94,False
151edd,Russian Federation,2.91,False
a65161,United States,124.1,False
ac2b61,United States,204.02,False
a6faca,United States,194.03,False
71be41,Republic of Korea,268.25,False
a066a3,United States,158.33,False
a83ad0,United States,56.2,False
a066a8,United States,221.0,False
a6b463,United States,160.72,False
aafe9a,United States,51.88,False
a0c9b2,United States,199.04,False
758073,Philippines,199.64,False
7c7a46,Australia,0.0,True
7c7a48,Australia,63.37,False
7c7a49,Australia,2.57,True
a2d147,United States,48.49,False
71be39,Republic of Korea,269.51,False
4cac1e,Ireland,212.19,False
151ecd,Russian Federation,232.3,False
a1b170,United States,67.92,False
a65104,United States,215.48,False
aa9ab6,United States,223.87,False
4cac87,Ireland,246.49,False
a2f6a9,United States,83.4,False
4cac88,Ireland,212.92,False
4cac89,Ireland,203.21,False
a173a8,United States,6.17,True
4cac85,Ireland,207.98,False
c03ca9,Canada,111.4,False
ac2b80,United States,205.19,False
861b8e,Japan,266.47,False
a3f133,United States,73.85,False
c04fd7,Canada,242.88,False
a5ede1,United States,51.55,False
0d0e82,Mexico,204.75,False
a449af,United States,227.29,False
aa6763,United States,205.34,False
a60df8,United States,47.96,False
4d20f3,Malta,232.23,False
0d0e7c,Mexico,70.22,False
4cac91,Ireland,243.68,False
abc2ec,United States,56.19,False
4cac93,Ireland,0.0,True
a5edbf,United States,211.96,False
abc2f7,United States,56.65,False
c04ff4,Canada,226.55,False
a84dd1,United States,6.69,True
39c425,France,245.45,False
39c427,France,238.06,False
4d20ac,Malta,229.31,False
a6b435,United States,209.54,False
4d20c4,Malta,0.0,False
39c420,France,234.56,False
a71aad,United States,0.0,True
39c421,France,268.96,False
4d20c0,Malta,240.99,False
a0c9cf,United States,105.84,False
a449a3,United States,194.68,False
a449a2,United States,139.23,False
a2d18a,United States,38.08,False
a449a8,United States,125.53,False
abc2fb,United States,240.67,False
a77111,United States,110.92,False
a10c0a,United States,57.53,False
a1e9ac,United States,109.21,False
c04fe4,Canada,259.77,False
c03cb4,Canada,0.0,True
4d20be,Malta,196.83,False
a5a77b,United States,50.93,False
4d20d0,Malta,194.91,False
04c11a,Kenya,264.17,False
0d0e9c,Mexico,208.27,False
a6511d,United States,94.88,False
a11f59,United States,142.66,False
acf486,United States,210.78,False
407031,United Kingdom,226.41,False
ad5afb,United States,129.39,False
a5a38e,United States,215.77,False
ad5afe,United States,95.25,False
a2e09a,United States,261.92,False
a12e57,United States,227.0,False
0c20a6,Panama,229.53,False
86e86e,Japan,159.26,False
a36e1e,United States,38.73,False
a0b2a7,United States,285.99,False
407022,United Kingdom,227.64,False
a182a9,United States,65.39,False
ac916e,United States,43.59,False
a4207f,United States,5.4,True
a2e094,United States,264.72,False
a2e098,United States,3.6,True
acf49d,United States,43.77,False
a1f8c3,United States,122.96,False
c00700,Canada,216.2,False
acf492,United States,300.08,False
acf48c,United States,235.87,False
ab96a4,United States,270.72,False
ab1c04,United States,101.56,False
a92367,United States,192.21,False
a85ce3,United States,203.11,False
ac4f29,United States,134.06,False
a062ec,United States,195.46,False
a85ce8,United States,198.71,False
7c7c77,Australia,203.19,False
a35b44,United States,233.77,False
a8bfeb,United States,218.17,False
a36e73,United States,103.41,False
a48e3a,United States,217.68,False
a6b00f,United States,228.58,False
a0b2d2,United States,58.01,False
a0c5ef,United States,200.86,False
7c7c74,Australia,230.23,False
a48e46,United States,205.19,False
7c7c76,Australia,7.2,True
0c20ce,Panama,230.25,False
ac3c01,United States,47.84,False
a23b60,United States,141.09,False
a7f63d,United States,212.38,False
a458dc,United States,78.24,False
a80329,United States,96.09,False
a5fcef,United States,2.83,True
c03b54,Canada,87.7,False
a91011,United States,83.39,False
40837b,United Kingdom,228.15,False
a445b0,United States,1.54,True
aa779d,United States,0.0,True
a8164e,United States,148.86,False
a23b55,United States,197.68,False
ae59ab,United States,41.7,False
a6c365,United States,199.2,False
a062ca,United States,51.97,False
a12e80,United States,80.81,False
ae59c7,United States,49.87,False
0c20c9,Panama,204.33,False
a445a9,United States,250.05,False
a338ed,United States,38.5,False
a445a4,United States,113.52,False
a062e6,United States,64.95,False
800d41,India,229.02,False
a67399,United States,10.29,True
aa5130,United States,201.63,False
ace19a,United States,125.56,False
40702e,United Kingdom,145.6,False
ab1c47,United States,7.2,True
aa777e,United States,218.51,False
aa0dfa,United States,199.75,False
4691c4,Greece,229.48,False
a48e90,United States,90.63,False
0c219f,Panama,164.38,False
c03b15,Canada,109.43,False
aa76ef,United States,45.27,True
a552bc,United States,52.97,False
a23b89,United States,43.55,False
4d2129,Malta,218.4,False
a2f2d8,United States,34.79,False
a48e81,United States,158.77,False
a2f2d9,United States,52.02,False
a445ec,United States,0.0,True
0c218d,Panama,247.03,False
0c218c,Panama,232.83,False
ac4dd6,United States,77.98,False
a445f2,United States,243.46,False
a445f8,United States,211.49,False
710102,Saudi Arabia,272.72,False
aafac4,United States,44.92,False
a445f0,United States,199.86,False
c005e5,Canada,79.6,False
abc107,United States,243.62,False
010162,Egypt,261.75,False
0c216d,Panama,245.43,False
abd41a,United States,234.35,False
710130,Saudi Arabia,83.4,False
a24e99,United States,64.62,False
a325fd,United States,202.62,False
a73e63,United States,72.57,False
a4cb75,United States,216.79,False
348103,Spain,145.12,False
348101,Spain,91.67,False
a59b6b,United States,230.55,False
aa76cb,United States,269.68,False
a445cd,United States,4.89,False
aafacd,United States,26.48,False
a445d9,United States,231.44,False
a61e93,United States,86.63,False
ac3ac9,United States,0.9,True
a1d2cc,United States,32.56,False
4d2100,Malta,218.46,False
7c7adc,Australia,100.14,False
abe77a,United States,0.0,True
4caaf1,Ireland,261.11,False
4d2159,Malta,218.06,False
a73e17,United States,157.27,False
4d213e,Malta,225.49,False
ab8488,United States,71.4,False
ac4dfb,United States,233.96,False
ac078b,United States,211.78,False
a59b0a,United States,103.76,False
a5c8d7,United States,61.25,False
ac3adf,United States,237.52,False
4d2168,Malta,190.62,False
abc12a,United States,222.31,False
adbdc1,United States,295.29,False
a5c8d3,United States,54.99,False
adbdc6,United States,56.25,False
a708b0,United States,294.75,False
a3be62,United States,78.3,False
a5c8bb,United States,177.72,False
ad0122,United States,220.36,False
a18403,United States,275.84,False
4d2161,Malta,246.43,False
aa76a8,United States,208.45,False
abe79d,United States,287.45,False
ae2125,United States,8.23,True
a432ed,United States,72.79,False
ad278c,United States,183.79,False
010117,Egypt,153.86,False
a73e2f,United States,238.8,False
4d2145,Malta,223.09,False
adaab1,United States,25.55,False
a3ab3e,United States,52.17,False
ad013b,United States,52.9,False
aaa178,United States,236.64,False
4d2141,Malta,258.72,False
4081bf,United Kingdom,109.81,False
adbe91,United States,218.46,False
39d2aa,France,240.94,False
4d206b,Malta,209.17,False
4d206c,Malta,109.98,False
39d2ad,France,164.43,False
4b18b8,Switzerland,0.45,True
0c210e,Panama,215.36,False
3dfa58,Germany,41.29,False
39d2b0,France,253.32,False
a7e2da,United States,234.53,False
39d2b2,France,249.0,False
39d2b3,France,226.04,False
39d2b4,France,202.44,False
a3271e,United States,77.05,False
ad5b72,United States,164.58,False
a3bda6,United States,0.0,True
a06461,United States,108.19,False
4d2086,Malta,227.31,False
a19774,United States,82.33,False
a0645e,United States,220.17,False
a11ac2,United States,115.16,False
a1e727,United States,85.73,False
a06435,United States,5.66,True
a96b65,United States,233.09,False
a11aa6,United States,50.05,False
4b18ba,Switzerland,0.77,True
39d2a5,France,240.18,False
39d2a6,France,96.0,False
a32718,United States,211.06,False
39d2a9,France,228.44,False
a00df9,United States,194.37,False
4d2067,Malta,207.73,False
ab2da1,United States,67.13,False
7c7ad6,Australia,77.34,False
a935e0,United States,7.2,True
c00682,Canada,143.63,False
7c4796,Australia,234.43,False
a36dec,United States,71.11,False
a9bb09,United States,112.53,False
7c7acc,Australia,102.06,False
3480da,Spain,9.26,True
aac71d,United States,129.51,False
a43423,United States,272.67,False
a1c10f,United States,219.84,False
a0fadf,United States,42.5,False
a35ab8,United States,74.6,False
a922bf,United States,232.25,False
c00679,Canada,144.13,False
a0fac3,United States,205.43,False
7c7ab5,Australia,166.39,False
7c7ab8,Australia,220.32,False
a7e2d2,United States,230.32,False
a24de8,United States,147.82,False
a59b9c,United States,183.54,False
3b21ff,France,5.66,True
7c7ab3,Australia,1.54,True
7c7aac,Australia,235.89,False
7c7aae,Australia,88.79,False
4d2092,Malta,217.05,False
7c7aa3,Australia,10.29,True
a24deb,United States,0.0,True
7c7aa5,Australia,87.04,False
a8ae3d,United States,38.41,False
aa75ef,United States,233.66,False
800ba9,India,246.87,False
a0a131,United States,118.38,False
a7e2c0,United States,188.87,False
a5eb82,United States,41.17,False
4b18fe,Switzerland,236.01,False
4b18ff,Switzerland,9.77,True
7c7aa0,Australia,159.59,False
7c7aa1,Australia,6.17,True
4081d7,United Kingdom,230.46,False
a72b6b,United States,146.76,False
7c475b,Australia,217.42,False
c01970,Canada,224.9,False
a6c425,United States,53.04,False
71bf54,Republic of Korea,204.51,False
ad38bf,United States,254.25,False
aafb25,United States,52.55,False
a5b768,United States,181.66,False
aa6446,United States,60.97,False
a35afa,United States,53.11,False
ab82a8,United States,60.36,False
abe5a2,United States,241.17,False
3abfff,France,20.58,True
a59ae6,United States,107.58,False
a3aaf7,United States,101.92,False
a1718e,United States,69.86,False
a5b76f,United States,60.64,False
800bfa,India,265.06,False
a47ad2,United States,264.09,False
ac3b0f,United States,192.44,False
a67452,United States,289.06,False
a12f08,United States,244.4,False
a12f09,United States,272.19,False
ac3b32,United States,185.64,False
c04cd4,Canada,130.99,False
a72abd,United States,139.9,False
a35ae4,United States,199.03,False
a1848c,United States,39.81,False
abd2a1,United States,44.83,False
ab1b3e,United States,273.19,False
c0064c,Canada,221.57,False
c04ccf,Canada,172.6,False
aa7757,United States,254.14,False
ad38df,United States,0.0,True
a5414a,United States,39.58,False
c00669,Canada,48.55,False
ac3b45,United States,53.11,False
c05ff6,Canada,202.32,False
a7942b,United States,127.2,False
a5b78a,United States,67.31,False
aab2c7,United States,194.21,False
a78116,United States,194.05,False
800bf9,India,245.53,False
a6c42f,United States,31.59,False
a97da7,United States,158.45,False
aac5ec,United States,217.86,False
a32792,United States,236.17,False
a54169,United States,102.82,False
aab2bf,United States,225.46,False
a67407,United States,167.36,False
a12f2a,United States,214.41,False
a339b4,United States,227.43,False
a339b1,United States,217.81,False
ae58ec,United States,123.61,False
a6871f,United States,207.55,False
a3bde1,United States,205.0,False
71bf00,Republic of Korea,0.77,True
ae58f2,United States,77.88,False
a4ddca,United States,2.31,True
a076a8,United States,50.22,False
ac3b78,United States,190.43,False
aa7718,United States,192.52,False
adab36,United States,0.0,True
adab31,United States,180.27,False
71bf24,Republic of Korea,84.8,False
a0a18a,United States,135.38,False
c0192e,Canada,221.75,False
a67438,United States,160.72,False
ad12e0,United States,70.63,False
aafb95,United States,47.35,False
abd2e6,United States,222.39,False
a6741d,United States,84.12,False
a61f08,United States,38.67,False
a12f6f,United States,234.99,False
a196f3,United States,239.41,False
a0c6e5,United States,46.7,False
a24f4e,United States,39.88,False
ad159b,United States,160.94,False
a12f75,United States,260.93,False
a66193,United States,34.51,False
4b191f,Switzerland,230.81,False
a35c0b,United States,136.31,False
86d668,Japan,8.75,True
a339e6,United States,177.03,False
a9115d,United States,35.87,False
a23c2f,United States,276.59,False
4b1921,Switzerland,263.42,False
abc292,United States,5.66,True
ab1d06,United States,175.43,False
a7816a,United States,275.09,False
a61f10,United States,88.06,False
a459ab,United States,148.37,False
a12f4c,United States,252.67,False
abc29f,United States,51.35,False
4caa5a,Ireland,236.55,False
7c47cb,Australia,217.42,False
a196c8,United States,168.33,False
a12f52,United States,6.94,False
a12f56,United States,316.48,False
4caa60,Ireland,238.01,False
ac929c,United States,209.31,False
4caa61,Ireland,95.83,False
a0c6ac,United States,45.2,False
a076f1,United States,292.51,False
c00821,Canada,217.3,False
a1e6b9,United States,64.41,False
4caa6d,Ireland,251.39,False
451dbd,Bulgaria,224.08,False
7c47ba,Australia,178.34,False
7c47bb,Australia,217.46,False
a339c2,United States,242.5,False
a12f71,United States,81.91,False
a12f72,United States,224.88,False
ac07b8,United States,301.46,False
a206c9,United States,139.51,False
a206c8,United States,56.83,False
a709b4,United States,1.03,True
adabfe,United States,233.99,False
3dd796,Germany,45.04,False
a3ac39,United States,50.67,False
ab1d28,United States,52.47,False
86d682,Japan,9.77,True
a300a9,United States,206.45,False
a6747a,United States,160.14,False
a79472,United States,138.7,False
a170d9,United States,116.41,False
71bf90,Republic of Korea,217.46,False
ad5d04,United States,222.53,False
ab84a6,United States,11.84,False
ab97ca,United States,210.0,False
40717b,United Kingdom,239.13,False
40717e,United Kingdom,222.72,False
a36f7e,United States,7.46,True
40717f,United Kingdom,207.35,False
a8adda,United States,36.19,False
a73dfe,United States,156.46,False
71bf82,Republic of Korea,215.37,False
7100c0,Saudi Arabia,245.5,False
86d624,Japan,290.75,False
ac3d23,United States,229.83,False
71bf86,Republic of Korea,242.08,False
a81785,United States,51.74,False
4b194f,Switzerland,248.31,False
a80449,United States,54.69,False
407180,United Kingdom,233.67,False
407181,United Kingdom,237.43,False
3dd732,Germany,56.16,False
a7f765,United States,222.94,False
4b194c,Switzerland,205.65,False
7100bf,Saudi Arabia,269.59,False
4b194d,Switzerland,220.94,False
aafd1f,United States,257.74,False
407179,United Kingdom,214.73,False
407177,United Kingdom,230.35,False
407178,United Kingdom,231.17,False
a313b4,United States,202.99,False
a8adbb,United States,42.33,False
a6c491,United States,93.88,False
a66174,United States,0.06,True
ab84c9,United States,263.39,False
abe7c5,United States,184.63,False
a050d8,United States,53.36,False
aac7dd,United States,80.21,False
a97dcb,United States,282.85,False
ad14a0,United States,238.08,False
ab0a35,United States,252.02,False
a1d3b4,United States,245.62,False
ae4848,United States,63.89,False
ad6ecb,United States,145.09,False
aaa224,United States,229.05,False
a6d6e4,United States,232.59,False
3c66ba,Germany,254.77,False
a3ac7a,United States,215.11,False
a1c0ec,United States,196.61,False
0c2084,Panama,4.89,True
348249,Spain,218.36,False
a20804,United States,46.53,False
4d2007,Malta,233.82,False
a85f3b,United States,82.21,False
ad6ec6,United States,210.19,False
a420af,United States,219.24,False
3c66e2,Germany,212.62,False
a35c97,United States,0.0,True
a290f3,United States,149.67,False
abe872,United States,275.4,False
a6d6d8,United States,253.58,False
ad2862,United States,202.92,False
aa9a30,United States,204.44,False
a5ec5c,United States,175.78,False
0c2068,Panama,233.68,False
ab1bf9,United States,272.48,False
0c2069,Panama,233.94,False
71156d,Saudi Arabia,151.13,False
aaa22a,United States,48.64,False
aa64ca,United States,85.82,False
a60c73,United States,36.06,False
3c66e5,Germany,237.33,False
a540e2,United States,205.06,False
a540e3,United States,300.46,False
c006fe,Canada,114.26,False
ad0212,United States,58.46,False
aaa247,United States,187.22,False
a84c2a,United States,44.78,False
4692d4,Greece,244.85,False
aafbf3,United States,91.67,False
0c2059,Panama,225.39,False
a72c50,United States,46.7,False
ab1bfb,United States,126.86,False
aa64ac,United States,235.59,False
0ae060,Costa Rica,49.18,False
ab7267,United States,225.9,False
ab7268,United States,232.55,False
47ae38,Norway,226.72,False
ad6ef0,United States,266.37,False
a1d3ea,United States,98.88,False
7c47b9,Australia,196.41,False
a4df52,United States,277.56,False
a4a9ef,United States,79.9,False
acf563,United States,235.35,False
a4df56,United States,220.91,False
acf54f,United States,7.72,True
a0c838,United States,64.6,False
a05209,United States,22.5,False
4d201e,Malta,74.51,False
ad2898,United States,0.0,True
aafbfe,United States,0.0,True
a579fc,United States,4.63,True
a6d6a0,United States,67.02,False
348207,Spain,251.92,False
348208,Spain,193.96,False
348205,Spain,123.79,False
ad1560,United States,219.06,False
348206,Spain,151.02,False
ac3beb,United States,211.03,False
348204,Spain,213.41,False
7c47a6,Australia,155.4,False
4d2049,Malta,236.8,False
7c47a3,Australia,226.88,False
7580ef,Philippines,130.94,False
a24eb7,United States,1.54,True
a05210,United States,49.84,False
c019c5,Canada,131.2,False
a24eb2,United States,194.64,False
a7d17b,United States,60.81,False
acf559,United States,248.43,False
a9249c,United States,165.13,False
a6d6ae,United States,143.51,False
c04f53,Canada,230.39,False
3c66a3,Germany,145.7,False
a673a9,United States,49.39,False
adabce,United States,43.01,False
c04f54,Canada,49.56,False
3c66a8,Germany,4.12,True
a59c52,United States,50.58,False
abd57e,United States,12.35,True
aa77c0,United States,105.7,False
a0c810,United States,41.57,False
a709ff,United States,32.03,False
ad0250,United States,48.8,False
3c66ac,Germany,8.23,True
3c66aa,Germany,220.04,False
3c66c2,Germany,243.18,False
0c208e,Panama,39.1,True
a709f3,United States,56.22,False
a85f20,United States,216.86,False
a5c9ff,United States,228.16,False
a3ac77,United States,188.53,False
4d200d,Malta,146.54,False
4d2021,Malta,206.4,False
a85f29,United States,209.04,False
0c2095,Panama,177.08,False
4b9065,Turkey,184.3,False
a8f0bd,United States,137.37,False
ad00e3,United States,280.83,False
4082e7,United Kingdom,222.85,False
a31533,United States,217.58,False
a32861,United States,268.84,False
adac5d,United States,97.24,False
a8f0e1,United States,66.14,False
a7d0d0,United States,78.26,False
a32851,United States,188.55,False
a6b0f5,United States,233.52,False
a3aba0,United States,33.21,False
a12ee7,United States,215.88,False
a0fba3,United States,121.48,False
a0c84f,United States,196.76,False
a05222,United States,35.0,False
6010e3,Kyrgyzstan,235.84,False
adac93,United States,276.26,False
4082ab,United Kingdom,0.51,True
a36ea8,United States,5.14,True
a56862,United States,294.68,False
a56866,United States,219.02,False
a0522b,United States,271.49,False
ac0831,United States,157.66,False
a6b0ac,United States,204.75,False
ab2ec9,United States,226.59,False
a1e89f,United States,94.19,False
0d0fc1,Mexico,243.95,False
a923cd,United States,93.12,False
a30246,United States,146.46,False
a23bfb,United States,261.17,False
ab2ed7,United States,34.19,False
71157e,Saudi Arabia,237.12,False
a7f6f6,United States,214.84,False
a05296,United States,71.4,False
a6c3ca,United States,221.85,False
a8af98,United States,230.99,False
a660dc,United States,50.51,False
0d0fd0,Mexico,3.6,True
aac850,United States,273.25,False
a803d4,United States,53.03,False
0d0fd7,Mexico,88.34,False
a1c229,United States,222.21,False
0c2025,Panama,214.22,False
aa63ed,United States,193.62,False
7c7bce,Australia,172.66,False
a1c21e,United States,51.49,False
a2e205,United States,140.49,False
7c4899,Australia,65.41,False
a96c2e,United States,220.05,False
abe82c,United States,224.42,False
4b17f8,Switzerland,0.0,True
a36ee3,United States,231.13,False
7c7bc6,Australia,218.8,False
a793fd,United States,73.45,False
a48ec7,United States,185.89,False
a29223,United States,181.73,False
a6b0bf,United States,0.0,False
c03af2,Canada,223.88,False
800cc8,India,262.1,False
a96c47,United States,0.06,True
4b17de,Switzerland,65.84,False
abd50f,United States,199.67,False
a4350c,United States,244.48,False
0d0ff7,Mexico,121.39,False
7c487c,Australia,219.72,False
aac873,United States,272.15,False
4b17e6,Switzerland,0.0,True
a6b0d2,United States,248.44,False
ae59cc,United States,45.53,False
a2e276,United States,29.61,False
aab3b4,United States,77.51,False
a66239,United States,227.77,False
a60bcb,United States,8.23,True
ac4f4c,United States,237.54,False
aa5237,United States,204.13,False
3481d5,Spain,235.04,False
a96ba2,United States,87.99,False
a2928e,United States,51.54,False
ad5c29,United States,51.41,False
7101ac,Saudi Arabia,216.7,False
c04dd9,Canada,55.05,False
3c4214,Germany,5.92,True
a54261,United States,100.77,False
4b17fb,Switzerland,0.0,True
aac6f5,United States,232.99,False
7114d6,Saudi Arabia,256.46,False
a6b202,United States,197.39,False
a84ba7,United States,66.01,False
a67571,United States,219.18,False
7114d9,Saudi Arabia,257.69,False
a5b898,United States,94.89,False
a2927f,United States,52.66,False
aac6ee,United States,269.06,False
c00757,Canada,214.53,False
ac3c41,United States,275.74,False
a8051d,United States,52.53,False
a6757a,United States,167.93,False
a2f584,United States,220.86,False
a29278,United States,90.21,False
a78246,United States,193.2,False
ac4f6f,United States,245.09,False
a1c25f,United States,173.72,False
a0b59d,United States,0.0,True
aac6fd,United States,211.44,False
3c4222,Germany,5.66,True
7c7c98,Australia,0.0,True
ad5c30,United States,140.85,False
a9250d,United States,179.54,False
ad5c33,United States,283.53,False
a2e239,United States,151.83,False
c04ddc,Canada,223.4,False
ad5c38,United States,181.05,False
0d0fb1,Mexico,192.37,False
abd3c7,United States,134.57,False
ac4f92,United States,107.6,False
ab83ec,United States,67.5,False
a327a3,United States,223.72,False
a077e8,United States,49.49,False
ad6f93,United States,247.03,False
4caa41,Ireland,228.74,False
a5a511,United States,85.85,False
4caa40,Ireland,248.24,False
a197ce,United States,83.88,False
abc0c1,United States,216.04,False
4caa58,Ireland,246.44,False
a81815,United States,242.83,False
a207c3,United States,215.81,False
abd3e6,United States,35.87,False
a2e28f,United States,252.09,False
aa0eaa,United States,61.24,False
4b1916,Switzerland,235.26,False
4b1917,Switzerland,301.13,False
4b1919,Switzerland,257.97,False
a6d857,United States,192.97,False
ad5c89,United States,243.92,False
a7e509,United States,71.11,False
aaa0f3,United States,38.49,False
aa781f,United States,253.23,False
4b1904,Switzerland,241.46,False
abc0e4,United States,147.07,False
aa0ea1,United States,284.78,False
a6d83c,United States,216.17,False
aa7823,United States,55.95,False
ad00be,United States,60.71,False
