icao24,origin_country,velocity,on_ground
c81bd2,New Zealand,38.95,False
aa9321,United States,8.75,True
ab6fdd,United States,148.05,False
801645,India,0.0,True
a5953a,United States,32.93,False
8744f6,Japan,187.25,False
80163d,India,248.93,False
aae310,United States,291.39,False
801647,India,11.32,True
801648,India,0.0,False
c81bce,New Zealand,110.59,False
a3b88e,United States,207.43,False
a52bd1,United States,172.07,False
a65eca,United States,44.74,False
acdfa3,United States,250.34,False
adffb0,United States,183.78,False
801616,India,237.88,False
a23563,United States,31.28,False
acdfbe,United States,43.22,False
a6aecd,United States,211.08,False
a1befc,United States,241.95,False
851914,Japan,244.56,False
aaf656,United States,215.04,False
ad5623,United States,207.18,False
ad5628,United States,198.25,False
801626,India,222.02,False
a0e250,United States,230.83,False
a2ded8,United States,175.05,False
a77ed4,United States,42.3,False
ad694c,United States,118.86,False
ac8ff7,United States,38.41,False
407a06,United Kingdom,228.99,False
a34215,United States,0.0,False
aa0955,United States,136.78,False
ac498d,United States,78.58,False
adeca5,United States,280.54,False
ab0356,United States,216.23,False
a2228b,United States,162.13,False
ab034d,United States,260.18,False
4bc8c6,Turkey,0.51,True
c81bff,New Zealand,49.24,False
4bc8c2,Turkey,1.03,True
e80258,Chile,143.2,False
a7bc8e,United States,164.15,False
a4d82c,United States,51.97,False
abf008,United States,217.88,False
a5f808,United States,266.32,False
841a6c,Japan,191.4,False
a2226b,United States,55.71,False
a963f7,United States,225.46,False
ac101f,United States,212.84,False
a35592,United States,184.73,False
801659,India,216.31,False
801662,India,4.37,True
adffdd,United States,223.5,False
e80274,Chile,230.3,False
a34268,United States,4.37,True
e8026e,Chile,224.78,False
a3a541,United States,54.89,False
a3689e,United States,6.94,True
ac1042,United States,0.0,True
a950cb,United States,59.35,False
a950cc,United States,72.07,False
abf025,United States,0.06,True
a3b86c,United States,5.66,True
a53ee2,United States,247.59,False
e8027a,Chile,267.17,False
a4c527,United States,0.0,True
ac21e4,United States,232.31,False
aa8075,United States,62.42,False
abad94,United States,127.08,False
adda1b,United States,106.25,False
a4b294,United States,206.28,False
e80211,Chile,201.11,False
a9fbb7,United States,145.64,False
adda24,United States,127.08,False
adda23,United States,199.46,False
accd69,United States,202.06,False
7c70ee,Australia,104.6,False
86cfa0,Japan,191.17,False
a71264,United States,198.78,False
0d11cc,Mexico,247.94,False
abad96,United States,87.17,False
a6f23d,United States,0.0,True
0d11e6,Mexico,219.16,False
e8021d,Chile,217.42,False
e48be3,Brazil,210.08,False
c81d02,New Zealand,24.53,False
ad41ed,United States,235.72,False
80169e,India,161.31,False
a127bb,United States,176.45,False
0d11f9,Mexico,1.54,True
c0226c,Canada,251.58,False
a5d28c,United States,211.95,False
a88bed,United States,62.35,False
e48bf8,Brazil,58.66,False
c81d1b,New Zealand,37.59,False
a84544,United States,200.13,False
a38a05,United States,196.22,False
c07bbe,Canada,221.67,False
c81d25,New Zealand,121.47,False
c0487a,Canada,45.46,False
a6188e,United States,33.2,False
a8eed8,United States,256.91,False
a58267,United States,0.0,True
ad8a80,United States,27.15,False
a6f207,United States,181.3,False
a114f4,United States,0.0,True
a8584a,United States,0.77,True
46b824,Greece,250.64,False
a114ed,United States,270.69,False
4cc2a7,Iceland,245.57,False
a0f4b5,United States,200.83,False
4cc2a3,Iceland,263.15,False
a1ad1f,United States,30.44,False
ab1628,United States,187.06,False
ab6fbf,United States,236.47,False
7c2ea2,Australia,56.61,False
c80a16,New Zealand,42.58,False
851958,Japan,259.26,False
a27d26,United States,173.96,False
aaf621,United States,121.38,False
a85887,United States,215.04,False
aaf60a,United States,0.0,True
8014a4,India,222.91,False
a38a3a,United States,212.82,False
aa07f9,United States,137.42,False
ab27e1,United States,61.48,False
ab4a09,United States,64.09,False
a4d7dc,United States,135.9,False
8014b3,India,206.29,False
c0481c,Canada,244.93,False
8a0494,Indonesia,234.7,False
a4c4bb,United States,207.91,False
e0b215,Argentina,242.88,False
8014ae,India,178.33,False
a4fa0f,United States,70.15,False
a5f7d9,United States,39.07,False
a64d42,United States,30.94,False
a00929,United States,0.0,True
a3a4ed,United States,283.66,False
8a047a,Indonesia,0.0,True
a64d4d,United States,0.0,True
accd18,United States,189.1,False
e0b244,Argentina,134.91,False
a091f3,United States,263.95,False
e07581,Argentina,192.65,False
a3ed7c,United States,229.67,False
c02207,Canada,204.86,False
84d283,Japan,130.24,False
87457e,Japan,168.12,False
ad67ae,United States,7.2,True
84d28e,Japan,192.67,False
a234ef,United States,204.28,False
34448d,Spain,209.46,False
ac47de,United States,241.41,False
a02a95,United States,226.16,False
c81d93,New Zealand,43.18,False
8014e8,India,223.76,False
e49eec,Brazil,134.51,False
e49eee,Brazil,116.75,False
e49eef,Brazil,227.08,False
aa3d09,United States,183.42,False
c81d9d,New Zealand,115.78,False
a3b7d1,United States,277.39,False
ac34bf,United States,214.11,False
e49ef1,Brazil,243.24,False
86ced2,Japan,182.16,False
7c1c99,Australia,135.52,False
a40d8d,United States,204.36,False
e0b255,Argentina,172.04,False
ac6a1f,United States,285.74,False
a39d9b,United States,238.54,False
e48ba9,Brazil,218.78,False
e49eca,Brazil,244.39,False
c0480c,Canada,81.2,False
a40d7a,United States,4.89,True
a64d15,United States,54.07,False
8014bb,India,237.34,False
a64d16,United States,164.28,False
e0b285,Argentina,215.07,False
8014bd,India,0.0,False
e0b284,Argentina,237.33,False
e49ed5,Brazil,124.5,False
a4d7e0,United States,148.87,False
7cf9ff,Australia,131.83,False
a4d7e4,United States,211.13,False
a12921,United States,45.39,False
abad6c,United States,183.31,False
7c1c4b,Australia,59.16,False
a39d95,United States,99.84,False
ad9d59,United States,50.53,False
7c1c4f,Australia,96.25,False
7c2f92,Australia,32.05,False
a4fa91,United States,52.08,False
aaf58b,United States,56.92,False
8a03a5,Indonesia,137.03,False
c033de,Canada,116.52,False
a03ce6,United States,201.6,False
0d1258,Mexico,125.39,False
a10323,United States,62.11,False
ab0299,United States,29.84,False
a28fb4,United States,200.41,False
a03cb6,United States,0.77,True
a3ffaf,United States,0.0,True
a59601,United States,218.36,False
a99a31,United States,61.27,False
c033fe,Canada,104.46,False
a0f60d,United States,50.86,False
ae6235,United States,53.39,False
ab029d,United States,47.98,False
c07c92,Canada,157.79,False
a594fa,United States,159.48,False
a5d1b9,United States,0.77,True
a3696e,United States,180.14,False
a41fe4,United States,62.26,False
a88d47,United States,0.06,True
c046f4,Canada,144.31,False
a75a2d,United States,0.64,True
a76d5a,United States,146.62,False
0d1202,Mexico,232.98,False
7c1c10,Australia,0.77,True
a88d49,United States,65.27,False
a35655,United States,44.38,False
a99a15,United States,78.44,False
a75a21,United States,57.68,False
a2cca7,United States,11.73,False
801612,India,271.98,False
7809eb,China,208.45,False
c020a9,Canada,72.43,False
a27cc0,United States,117.63,False
a7aa1f,United States,37.1,False
c81ce8,New Zealand,54.49,False
7c2f03,Australia,0.0,True
a977d4,United States,95.19,False
ac47b7,United States,219.36,False
c046f7,Canada,198.81,False
ae6277,United States,8.23,True
a64d9a,United States,29.56,False
80174a,India,185.33,False
a6afd8,United States,269.59,False
a2ccee,United States,51.17,False
a4d97e,United States,146.16,False
801759,India,233.21,False
a46345,United States,247.3,False
aa8110,United States,70.63,False
ad9db0,United States,219.73,False
a76cb8,United States,203.58,False
a4d98e,United States,56.4,False
ab0446,United States,63.97,False
abadc0,United States,199.35,False
8a01e0,Indonesia,232.82,False
a60665,United States,78.46,False
ac3751,United States,222.78,False
801772,India,265.13,False
c07e32,Canada,207.0,False
800446,India,125.46,False
c07e33,Canada,208.23,False
a40cd9,United States,138.66,False
c035cc,Canada,230.95,False
801738,India,212.43,False
a22358,United States,5.66,True
a08057,United States,4.63,True
a64ce6,United States,199.49,False
a7131b,United States,174.45,False
a47656,United States,58.32,False
ad574f,United States,178.33,False
aad117,United States,46.04,False
a71337,United States,231.3,False
ac2439,United States,4.63,True
a40cbb,United States,84.3,False
a64cce,United States,194.42,False
c035bb,Canada,236.26,False
a7130c,United States,189.46,False
a3698a,United States,196.22,False
c07e59,Canada,189.01,False
a4b354,United States,27.45,False
8852e1,Thailand,1.54,True
a1acdb,United States,0.0,True
a76cc0,United States,73.05,False
c035bf,Canada,87.61,False
a9a1e3,United States,112.12,False
e0b0c5,Argentina,259.39,False
aae465,United States,243.65,False
a5f938,United States,0.0,True
abadf9,United States,8.23,True
7cb023,Australia,36.63,False
3c4b2f,Germany,316.79,False
ac245c,United States,2.31,True
3c4b2d,Germany,267.33,False
50038b,San Marino,244.14,False
a4503d,United States,210.75,False
c0107c,Canada,259.23,False
a1f070,United States,2.31,True
a61949,United States,8.23,True
ad444e,United States,96.1,False
a008b7,United States,61.95,False
a9fd75,United States,63.91,False
a85931,United States,203.15,False
0d10fe,Mexico,241.82,False
a52cc8,United States,220.15,False
801783,India,184.97,False
407b70,United Kingdom,223.17,False
778823,Syrian Arab Republic,196.3,False
ac379a,United States,223.31,False
80177d,India,227.31,False
80177e,India,177.64,False
a3fffc,United States,202.95,False
a008c9,United States,0.0,True
801793,India,157.23,False
800463,India,275.93,False
801798,India,263.31,False
a3a65f,United States,300.56,False
ac247a,United States,212.53,False
a6905d,United States,0.0,True
ada5ee,United States,203.9,False
3443d5,Spain,141.06,False
8a0301,Indonesia,173.19,False
a6f380,United States,44.91,False
a0f5b1,United States,76.63,False
a70066,United States,55.7,False
c0104f,Canada,261.35,False
a95364,United States,59.06,False
a45091,United States,244.24,False
a2ce01,United States,169.32,False
0d10b3,Mexico,40.57,False
addb2b,United States,135.38,False
a2ce05,United States,135.85,False
a03e86,United States,82.95,False
a14b1a,United States,170.86,False
a4639d,United States,50.92,False
ab1704,United States,73.46,False
0d10bc,Mexico,117.27,False
a1f07a,United States,228.6,False
e0b198,Argentina,205.24,False
a3b8e1,United States,84.66,False
addb4a,United States,249.82,False
a70079,United States,96.25,False
a84663,United States,5.66,True
4aca65,Sweden,2.57,False
4aca67,Sweden,240.88,False
a7000f,United States,199.71,False
a7133f,United States,8.23,True
a88cbc,United States,231.1,False
a2bb10,United States,220.87,False
a6f326,United States,189.62,False
ac370b,United States,230.55,False
a39e52,United States,103.69,False
a9b62a,United States,204.52,False
a222bd,United States,136.05,False
4bb4ee,Turkey,237.93,False
a89fda,United States,10.8,True
76b868,Singapore,178.25,False
a475a3,United States,220.49,False
a57061,United States,140.57,False
e48afd,Brazil,217.56,False
ab1747,United States,64.79,False
ab0416,United States,239.21,False
471fa1,Hungary,231.87,False
a02b4e,United States,52.35,False
4bb4e3,Turkey,229.6,False
a02b68,United States,81.17,False
76b86d,Singapore,229.33,False
a88ce4,United States,7.2,True
a14b53,United States,59.78,False
c81c34,New Zealand,39.83,False
ac3731,United States,223.22,False
c02358,Canada,9.77,True
c81c33,New Zealand,53.61,False
847114,Japan,216.63,False
a3a5eb,United States,168.57,False
8015c7,India,6.69,True
a51b58,United States,207.12,False
47b1dc,Norway,269.88,False
a582bb,United States,225.54,False
c0360e,Canada,232.53,False
abae2c,United States,221.05,False
ab4b34,United States,217.0,False
a26b80,United States,233.08,False
8a0375,Indonesia,226.93,False
a38b61,United States,130.54,False
aa2b21,United States,185.15,False
a39e7d,United States,144.29,False
ac7e59,United States,226.01,False
ab02c9,United States,31.59,False
8015a8,India,267.23,False
8015a5,India,277.08,False
a15e9a,United States,120.18,False
ab5e6c,United States,207.4,False
a858f6,United States,8.75,True
873378,Japan,201.55,False
8015ad,India,186.12,False
0d114a,Mexico,72.62,False
ad8b1d,United States,240.52,False
ac22c5,United States,0.0,True
7c71f7,Australia,145.12,False
e0b142,Argentina,195.97,False
885306,Thailand,250.93,False
abae62,United States,200.48,False
a0f70c,United States,184.38,False
e49dde,Brazil,212.68,False
873312,Japan,254.14,False
acce3f,United States,265.22,False
ab5e9b,United States,0.9,True
a4d8f2,United States,128.56,False
3c4ad7,Germany,259.8,False
8015e7,India,193.93,False
a2bb89,United States,236.24,False
c81c9f,New Zealand,22.12,True
a3a5cf,United States,9.26,True
ac7e8a,United States,18.73,False
a52e50,United States,256.92,False
3c4acd,Germany,243.73,False
a52e54,United States,204.49,False
a4d8dd,United States,53.67,False
a4d8dc,United States,136.45,False
a2bb83,United States,296.91,False
45cd6b,Denmark,262.37,False
ad9e73,United States,174.56,False
0d118c,Mexico,209.66,False
a64e45,United States,39.76,False
ad5698,United States,37.59,False
4bc856,Turkey,227.9,False
a8de7d,United States,280.09,False
a1adab,United States,159.6,False
ada65c,United States,193.73,False
c021f6,Canada,186.06,False
c06a76,Canada,237.48,False
0d111a,Mexico,227.27,False
a0e431,United States,258.01,False
a60701,United States,218.19,False
0d1130,Mexico,234.3,False
adffec,United States,226.88,False
a9eb3c,United States,62.29,False
a27daa,United States,54.11,False
0d112d,Mexico,214.01,False
c06a7f,Canada,254.0,False
c06a7d,Canada,251.72,False
ada699,United States,254.16,False
702067,Bangladesh,215.91,False
a87b97,United States,73.29,False
0d1146,Mexico,198.9,False
ad4395,United States,9.77,True
ad4390,United States,6.69,True
4bc849,Turkey,221.33,False
4bc847,Turkey,234.11,False
4401ea,Austria,232.53,False
a3edaa,United States,215.28,False
0d1158,Mexico,266.65,False
a35701,United States,187.54,False
ab28b5,United States,307.7,False
aa92f9,United States,247.76,False
841b6a,Japan,102.99,False
ad4389,United States,152.87,False
aa92f8,United States,266.68,False
4bc88c,Turkey,19.88,False
a952a2,United States,135.84,False
aa2b79,United States,281.06,False
a1f116,United States,5.14,True
87339a,Japan,92.46,False
a5d2d4,United States,80.53,False
c06a39,Canada,92.77,False
ad438d,United States,272.33,False
a8de56,United States,0.0,True
801723,India,229.23,False
a99b1b,United States,231.06,False
ac7e09,United States,262.5,False
a39dca,United States,3.09,True
a6f2b7,United States,63.64,False
ac7e15,United States,179.19,False
a5d2f9,United States,235.13,False
c06a58,Canada,225.9,False
ac48ac,United States,150.24,False
aa92c2,United States,124.72,False
5002c0,San Marino,248.02,False
702033,Bangladesh,179.84,False
a99b16,United States,284.62,False
ac48d3,United States,7.72,True
c81bc4,New Zealand,68.25,False
abf09e,United States,252.67,False
4bc885,Turkey,227.29,False
aaf5b1,United States,265.96,False
4bb562,Turkey,235.45,False
a1adba,United States,54.19,False
ac48bb,United States,34.65,False
a14ad1,United States,143.81,False
8a0394,Indonesia,147.64,False
a14ad4,United States,164.57,False
73806e,Israel,83.82,False
73806d,Israel,258.69,False
a4996b,United States,143.57,False
a6bfa6,United States,212.2,False
73806b,Israel,251.8,False
c058b4,Canada,228.46,False
801883,India,231.99,False
c058c2,Canada,0.06,True
a4d624,United States,73.61,False
a35336,United States,233.54,False
a2467a,United States,0.0,True
ada2fb,United States,31.33,False
a1cffd,United States,75.31,False
4068f6,United Kingdom,216.08,False
a36659,United States,241.98,False
a8b915,United States,50.95,False
c058cb,Canada,0.77,True
a3fcd6,United States,185.59,False
80184b,India,212.51,False
c058d5,Canada,245.18,False
738065,Israel,237.94,False
c07b05,Canada,231.57,False
738068,Israel,255.42,False
c058cd,Canada,242.89,False
a36643,United States,71.47,False
a0f340,United States,59.32,False
ac340a,United States,156.96,False
a8da83,United States,55.05,False
a3661f,United States,299.38,False
a22003,United States,223.35,False
c058c3,Canada,267.14,False
738076,Israel,258.67,False
738073,Israel,232.3,False
a1cfde,United States,43.6,False
a4c326,United States,106.56,False
a3fcf5,United States,156.81,False
a36636,United States,234.62,False
3c4a13,Germany,268.38,False
adb723,United States,287.84,False
440057,Austria,166.24,False
3c4a12,Germany,262.74,False
8733bc,Japan,235.38,False
aaf41f,United States,62.64,False
440060,Austria,262.7,False
aa0701,United States,172.52,False
abaaa8,United States,189.82,False
738050,Israel,249.2,False
a41cf8,United States,230.55,False
adb712,United States,53.22,False
738052,Israel,247.05,False
738051,Israel,267.43,False
7c748c,Australia,77.24,False
738057,Israel,256.6,False
738056,Israel,240.25,False
a6290b,United States,39.7,False
aaf449,United States,32.01,False
70209a,Bangladesh,278.53,False
ae7412,United States,62.25,False
a3534a,United States,196.63,False
a3401a,United States,2.83,True
440083,Austria,89.66,False
ae1dba,United States,34.78,False
ae740a,United States,54.48,False
aae132,United States,0.19,True
a2dce1,United States,215.72,False
ac3452,United States,196.6,False
e80048,Chile,83.11,False
800589,India,151.21,False
ac7aba,United States,50.93,False
a89d9f,United States,62.97,False
8a04d7,Indonesia,255.19,False
e80049,Chile,267.82,False
a7101e,United States,92.31,False
a005af,United States,244.39,False
8a064e,Indonesia,210.51,False
a6f00d,United States,181.31,False
a9c631,United States,186.21,False
accb22,United States,236.74,False
ac32ce,United States,6.43,True
ac32cf,United States,245.73,False
a8431a,United States,198.99,False
a018ee,United States,166.48,False
a8697f,United States,194.62,False
adc8e7,United States,118.61,False
c03372,Canada,42.7,False
a4b065,United States,104.33,False
a5939c,United States,277.47,False
abab67,United States,214.54,False
ab5b8c,United States,258.69,False
aa912d,United States,57.05,False
aa3ae4,United States,207.35,False
ad52d3,United States,59.99,False
c0202d,Canada,60.02,False
c02039,Canada,4.89,True
a138b8,United States,220.92,False
a4d65c,United States,238.57,False
ac7b8a,United States,268.26,False
adfe7d,United States,128.64,False
aa3ac2,United States,55.29,False
8840f8,Thailand,72.74,False
3c4a8c,Germany,272.03,False
a6032d,United States,226.91,False
a4c34c,United States,283.24,False
c04662,Canada,42.81,False
8a0603,Indonesia,218.0,False
c0332c,Canada,1.03,True
a98931,United States,7.72,True
a89caa,United States,35.04,False
a5d007,United States,184.82,False
a04e60,United States,249.72,False
a15b21,United States,34.09,False
ab2729,United States,0.0,True
a1be10,United States,0.0,True
a78ffa,United States,156.63,False
aa0759,United States,3.86,True
ab271f,United States,279.68,False
aa3b05,United States,82.34,False
804c36,India,290.05,False
aa18ca,United States,53.61,False
8016de,India,226.18,False
c81b24,New Zealand,134.2,False
8016dd,India,258.7,False
70472a,Myanmar,112.92,False
a1be72,United States,199.28,False
a4d5c7,United States,223.87,False
c81b2a,New Zealand,33.66,False
8016ec,India,37.56,False
a1be79,United States,6.94,True
a8b8a3,United States,45.18,False
a83082,United States,46.37,False
a41e2c,United States,254.89,False
a2cb14,United States,278.72,False
896108,United Arab Emirates,219.27,False
a4e8ef,United States,208.64,False
a3eb3c,United States,58.15,False
a615c5,United States,208.76,False
aa9093,United States,277.05,False
8016d4,India,219.02,False
a365b7,United States,224.95,False
a03b6d,United States,203.36,False
a615d0,United States,191.95,False
a41e29,United States,206.39,False
89610d,United Arab Emirates,5.14,True
a15b4c,United States,215.35,False
abbe24,United States,73.44,False
a9c66a,United States,289.54,False
e49cac,Brazil,97.94,False
e49cab,Brazil,229.48,False
c1ea42,Canada,2.06,True
c1ea44,Canada,2.83,True
a5d068,United States,42.88,False
c81b63,New Zealand,56.6,False
a41e90,United States,148.61,False
ac7b1b,United States,171.64,False
ac8e53,United States,145.16,False
a3c8cb,United States,206.66,False
adc8cf,United States,68.35,False
ad9b28,United States,265.77,False
a40b41,United States,115.86,False
a97690,United States,55.46,False
a8304f,United States,178.0,False
c1ea35,Canada,6.69,True
a12732,United States,259.53,False
702160,Bangladesh,49.05,False
a12733,United States,157.54,False
a12734,United States,245.33,False
a9c5c5,United States,208.87,False
abbce5,United States,220.46,False
ac8cf1,United States,293.72,False
a4c2ef,United States,264.55,False
a88b46,United States,49.48,False
a3eb9c,United States,42.46,False
7cb067,Australia,12.86,True
7cb065,Australia,9.26,True
acdcc0,United States,71.65,False
ad5329,United States,212.41,False
a24720,United States,0.0,True
801805,India,146.46,False
801811,India,216.39,False
a1272d,United States,285.54,False
7c6091,Australia,36.28,False
a1272f,United States,112.17,False
aca989,United States,59.32,False
a988f0,United States,185.25,False
aca99c,United States,299.3,False
a12712,United States,294.14,False
a842e2,United States,183.84,False
a842e7,United States,129.64,False
738102,Israel,268.95,False
ac2038,United States,6.17,True
a40b84,United States,57.25,False
ac335b,United States,7.72,True
89618e,United Arab Emirates,257.43,False
a88b64,United States,146.15,False
adb656,United States,245.66,False
3c4b21,Germany,269.19,False
a1270a,United States,13.38,True
a1270b,United States,3.86,True
a1270f,United States,201.29,False
abbcff,United States,85.12,False
aa4e80,United States,204.67,False
a8b8ba,United States,0.0,True
a4d5f6,United States,47.45,False
a12778,United States,184.66,False
a24757,United States,251.93,False
a735d7,United States,246.88,False
a4c2ad,United States,0.9,True
a04dfa,United States,306.45,False
a988cc,United States,206.63,False
80182d,India,224.27,False
a0f427,United States,279.46,False
ac205f,United States,186.12,False
ab38a1,United States,192.94,False
a988da,United States,46.23,False
a35404,United States,186.41,False
a735bf,United States,86.73,False
a12750,United States,5.4,True
a12753,United States,219.13,False
a12755,United States,273.92,False
a12758,United States,193.42,False
40690a,United Kingdom,247.39,False
40690c,United Kingdom,219.31,False
ad404e,United States,81.36,False
a988ae,United States,36.56,False
a722b1,United States,243.01,False
ab38aa,United States,0.64,True
ae6039,United States,54.28,False
a8b8b9,United States,161.38,False
801831,India,193.15,False
a2472c,United States,170.24,False
c059ca,Canada,135.22,False
ab2854,United States,174.4,False
ab2855,United States,207.75,False
ab284d,United States,199.94,False
a60409,United States,196.92,False
a39ac6,United States,260.18,False
a48759,United States,219.07,False
a34119,United States,148.8,False
a58103,United States,198.28,False
a39ab4,United States,142.74,False
a77dae,United States,200.63,False
a12796,United States,214.2,False
a12799,United States,250.99,False
a1277b,United States,183.67,False
3ad3ff,France,0.0,True
a53df5,United States,81.8,False
7c622c,Australia,57.09,False
a2ddac,United States,292.8,False
a24789,United States,6.17,True
ac8ee5,United States,0.0,True
a5810c,United States,251.79,False
a52abf,United States,35.4,False
ab154a,United States,171.86,False
aaf53a,United States,244.43,False
a0f44c,United States,220.11,False
ab5bd4,United States,281.96,False
acdea4,United States,40.34,False
ae1ec9,United States,88.56,False
abbee3,United States,272.05,False
a34154,United States,235.5,False
a9b2e0,United States,221.81,False
aae233,United States,125.9,False
a7bb77,United States,195.71,False
45213d,Bulgaria,0.0,True
ac4888,United States,141.16,False
a3fdb0,United States,41.06,False
ab5bf0,United States,292.42,False
a9c5e2,United States,151.59,False
ad6884,United States,189.36,False
a09188,United States,0.0,True
ad9bc8,United States,203.58,False
452181,Bulgaria,271.12,False
a39ada,United States,1.54,True
ac8efa,United States,267.16,False
a2348d,United States,0.0,True
ada521,United States,4.63,True
8a03c6,Indonesia,146.91,False
a40ac0,United States,238.01,False
440189,Austria,187.88,False
a53dac,United States,217.13,False
ada526,United States,152.3,False
7c7597,Australia,46.43,False
8a03ab,Indonesia,238.6,False
a27aee,United States,281.81,False
ab00ce,United States,241.55,False
452119,Bulgaria,254.29,False
a95128,United States,186.66,False
a3c9a1,United States,248.83,False
adb6cb,United States,80.06,False
a34199,United States,223.21,False
a126c3,United States,205.75,False
a3c9b4,United States,137.82,False
ae73e4,United States,53.15,False
a83152,United States,61.84,False
ac20e7,United States,119.25,False
aae0db,United States,202.67,False
c03493,Canada,239.85,False
a9c737,United States,109.77,False
300a62,Italy,284.12,False
8a0520,Indonesia,182.77,False
a04f2d,United States,77.59,False
7cb0f2,Australia,190.3,False
300a5c,Italy,248.99,False
ad53fd,United States,73.91,False
c03487,Canada,5.66,True
a04f49,United States,217.22,False
8a0516,Indonesia,222.59,False
a8312b,United States,91.21,False
ad9c6c,United States,60.03,False
452124,Bulgaria,253.19,False
a126ea,United States,78.2,False
4bb2b0,Turkey,247.57,False
a126ed,United States,226.41,False
c07aa4,Canada,242.73,False
8a0507,Indonesia,177.15,False
a6add1,United States,45.32,False
8a0508,Indonesia,135.86,False
ae73fe,United States,63.06,False
a96412,United States,225.97,False
a41f37,United States,252.32,False
a90dc0,United States,58.3,False
7c753a,Australia,137.37,False
c04769,Canada,49.84,False
a61797,United States,227.76,False
4bb2ad,Turkey,223.1,False
a6177c,United States,50.66,False
adec68,United States,54.21,False
a4b136,United States,151.67,False
ac4801,United States,199.67,False
7c7539,Australia,99.31,False
7c752f,Australia,238.51,False
a379dd,United States,229.67,False
aa9220,United States,71.0,False
a126cc,United States,199.14,False
a5f799,United States,47.82,False
7c7525,Australia,87.33,False
a379d3,United States,222.72,False
7020c2,Bangladesh,235.05,False
a76ad7,United States,58.66,False
a1ac11,United States,197.07,False
ab282b,United States,176.79,False
a379cd,United States,5.4,True
c04788,Canada,104.91,False
a6045d,United States,12.86,True
e49bfc,Brazil,238.82,False
440107,Austria,254.29,False
ac481d,United States,148.46,False
a4c492,United States,279.04,False
a126e6,United States,4.37,True
a126e7,United States,245.77,False
4bb2a3,Turkey,224.19,False
a499a0,United States,5.14,True
ad79ac,United States,36.31,False
a39c62,United States,197.3,False
aca9b6,United States,202.44,False
a869bc,United States,69.09,False
aa3c0b,United States,4.63,True
7c60c8,Australia,50.58,False
a9519b,United States,176.3,False
ae749f,United States,104.87,False
4bb1e4,Turkey,261.31,False
a353c8,United States,248.79,False
a486cc,United States,219.77,False
a353d2,United States,200.69,False
4bb1e8,Turkey,254.25,False
a9516e,United States,302.9,False
a89f30,United States,35.36,False
4bb1c4,Turkey,155.02,False
4892c1,Poland,247.79,False
8017f2,India,178.61,False
4bb1c5,Turkey,250.19,False
a15c80,United States,205.88,False
a2cc24,United States,204.66,False
a233ce,United States,164.11,False
a233cc,United States,131.12,False
a28f80,United States,197.56,False
c04738,Canada,219.17,False
781c9d,China,243.22,False
adc9a7,United States,98.14,False
ad79eb,United States,0.0,True
a53f20,United States,209.08,False
a3ff33,United States,40.9,False
ac46e0,United States,268.35,False
a95173,United States,112.07,False
ab5c69,United States,83.85,False
847294,Japan,192.76,False
884206,Thailand,223.81,False
89620c,United Arab Emirates,252.5,False
7380c2,Israel,256.24,False
ac20a1,United States,91.12,False
7380c1,Israel,238.21,False
7380c5,Israel,271.44,False
7380c4,Israel,272.36,False
abac50,United States,184.92,False
7380c3,Israel,234.67,False
ae1f4e,United States,40.98,False
7380c9,Israel,279.96,False
7380c8,Israel,252.41,False
a9b43f,United States,100.13,False
a220cb,United States,7.2,True
ac7c52,United States,198.18,False
344344,Spain,3.09,True
adb6c7,United States,59.03,False
a7118c,United States,3.09,True
a96481,United States,68.43,False
7380ca,Israel,248.45,False
ab00d6,United States,280.68,False
ac7c67,United States,215.73,False
c81a75,New Zealand,31.41,False
c81a90,New Zealand,137.66,False
ad9ac9,United States,290.96,False
ac212d,United States,167.94,False
0d001e,Mexico,195.29,False
a9c6e7,United States,250.89,False
a9fc34,United States,224.81,False
ac3463,United States,32.0,False
a28eb7,United States,113.51,False
a9d9fe,United States,50.17,False
acddf8,United States,214.66,False
ad5460,United States,206.84,False
ae1dd9,United States,42.02,False
a12861,United States,203.94,False
a7cf89,United States,223.93,False
ab1496,United States,217.16,False
a8dc4b,United States,186.91,False
8a04ab,Indonesia,208.0,False
ae1dcf,United States,0.0,True
adb782,United States,8.75,True
ae7458,United States,193.4,False
a9d9f2,United States,201.65,False
ac2154,United States,181.7,False
accae5,United States,76.65,False
344304,Spain,195.16,False
abaadd,United States,148.82,False
8a04a4,Indonesia,230.95,False
accabe,United States,206.25,False
7c6182,Australia,47.87,False
a3a503,United States,127.26,False
a2cc9a,United States,98.79,False
a04ed5,United States,56.54,False
840a7c,Japan,90.19,False
a8dc45,United States,201.55,False
a8ef2b,United States,74.85,False
c07b0a,Canada,223.58,False
aae180,United States,86.38,False
a34209,United States,238.4,False
a0e20b,United States,111.35,False
abaafe,United States,77.12,False
a34201,United States,131.07,False
a10231,United States,195.35,False
c07b09,Canada,187.71,False
a8a6d0,United States,217.3,False
a76c2d,United States,54.37,False
a6af63,United States,75.34,False
89625c,United Arab Emirates,0.0,False
a7bc44,United States,60.39,False
a4b0bb,United States,288.7,False
a76c5c,United States,151.66,False
781c52,China,262.14,False
a0e211,United States,38.67,False
a09239,United States,208.23,False
4bb321,Turkey,149.51,False
c07b38,Canada,82.14,False
0d0022,Mexico,239.41,False
a89f62,United States,70.5,False
ab39e3,United States,140.1,False
a4b0e2,United States,6.71,False
aa8477,United States,144.07,False
a02e0a,United States,282.85,False
a5d668,United States,197.27,False
a8496e,United States,178.53,False
a2007c,United States,279.72,False
3451cd,Spain,212.14,False
a6f643,United States,97.16,False
a3203e,United States,137.95,False
a44031,United States,233.0,False
a70333,United States,176.37,False
4bb21a,Turkey,254.77,False
a56050,United States,0.0,True
adddd2,United States,100.52,False
a6e342,United States,29.61,False
a0d392,United States,39.85,False
020118,Morocco,241.12,False
aa843d,United States,219.75,False
a1f384,United States,33.59,False
a0c075,United States,235.62,False
ad7ab8,United States,262.24,False
acbdcd,United States,80.3,False
a81000,United States,215.24,False
a81001,United States,213.62,False
7c6349,Australia,44.35,False
a81005,United States,195.97,False
a81006,United States,297.41,False
a5d68a,United States,205.76,False
c06e85,Canada,186.61,False
a8231c,United States,174.48,False
a33368,United States,88.22,False
ac5ada,United States,211.49,False
a32038,United States,54.1,False
a70358,United States,86.06,False
a3a990,United States,0.0,True
a26e27,United States,249.63,False
a4c96c,United States,153.83,False
aa974f,United States,244.52,False
abe147,United States,272.93,False
a2be06,United States,266.07,False
acaae3,United States,2.57,True
a5d623,United States,228.44,False
ad2138,United States,54.81,False
c038ca,Canada,247.29,False
c038cc,Canada,250.21,False
a95609,United States,105.35,False
a4b64b,United States,204.1,False
abf480,United States,55.8,False
ab19a7,United States,0.0,True
ac5afd,United States,214.24,False
a88fd1,United States,214.33,False
a4c98f,United States,272.27,False
4bb273,Turkey,192.95,False
a5d643,United States,197.69,False
4bb26e,Turkey,243.05,False
4bb26c,Turkey,222.97,False
a9da7a,United States,63.3,False
a5c31b,United States,0.0,True
c06e38,Canada,40.04,False
4bb286,Turkey,226.97,False
c06e45,Canada,130.17,False
4bb287,Turkey,243.13,False
a76fe9,United States,223.22,False
7c637f,Australia,139.13,False
a598c9,United States,64.12,False
896409,United Arab Emirates,291.45,False
a5e8a5,United States,100.51,False
a4fe17,United States,37.3,False
896407,United Arab Emirates,234.75,False
adde95,United States,67.14,False
a26e3a,United States,53.92,False
a728c1,United States,284.86,False
a082ac,United States,7.72,True
a095f0,United States,224.7,False
a0f8f1,United States,209.53,False
c038ac,Canada,297.86,False
c038aa,Canada,226.3,False
7cfa94,Australia,189.54,False
c00094,Canada,61.75,False
a01b56,United States,0.0,True
a105e8,United States,209.24,False
a095ee,United States,55.89,False
a4c8de,United States,147.55,False
a358bd,United States,193.72,False
020140,Morocco,65.16,False
a465df,United States,245.35,False
a9ffeb,United States,2.31,True
ac6db1,United States,156.8,False
a2be6d,United States,7.72,True
a87cf4,United States,161.83,False
a81022,United States,9.57,False
aae751,United States,42.75,False
aae73b,United States,278.62,False
a6e361,United States,2.57,True
a8233a,United States,218.36,False
ac2749,United States,225.57,False
7c764d,Australia,8.75,True
4bb1a4,Turkey,264.42,False
aa8499,United States,207.53,False
a38e69,United States,235.75,False
a7f02d,United States,222.77,False
34659a,Spain,228.87,False
a3a8c0,United States,284.35,False
a81045,United States,279.38,False
ac142e,United States,281.02,False
a465ad,United States,41.68,False
8a0838,Indonesia,229.91,False
02013d,Morocco,217.68,False
a8102a,United States,232.6,False
ad4744,United States,176.69,False
ac1437,United States,63.97,False
020145,Morocco,255.51,False
a692d0,United States,53.15,False
acab11,United States,0.0,True
e48ffb,Brazil,112.15,False
7cc4e9,Australia,36.15,False
a968f8,United States,199.93,False
a02da2,United States,0.0,True
acbe3c,United States,134.78,False
a51e9e,United States,67.08,False
344043,Spain,0.0,False
acbe34,United States,277.33,False
acbe32,United States,0.26,True
aa1b57,United States,155.76,False
aae5f7,United States,240.32,False
acbe37,United States,157.53,False
ad7b17,United States,223.08,False
895057,Brunei Darussalam,246.57,False
34668b,Spain,239.16,False
ac5b43,United States,76.86,False
e80624,Chile,222.78,False
780a6f,China,252.68,False
e8061d,Chile,107.05,False
780a80,China,243.33,False
e80630,Chile,0.0,False
a2ab73,United States,215.88,False
780a7b,China,240.43,False
345353,Spain,288.21,False
a37b5a,United States,197.49,False
896357,United Arab Emirates,235.59,False
a332e7,United States,147.24,False
a75e7e,United States,258.71,False
c06cda,Canada,154.42,False
a452c4,United States,214.74,False
ac5b66,United States,300.86,False
acbe88,United States,259.6,False
4bb0f6,Turkey,242.73,False
a63e3a,United States,207.06,False
acab54,United States,236.67,False
4bb0f3,Turkey,256.31,False
a99e09,United States,87.89,False
896326,United Arab Emirates,229.45,False
a26db7,United States,39.64,False
4bb0ec,Turkey,229.63,False
4bb0ed,Turkey,256.86,False
ab3b8b,United States,76.53,False
a02dda,United States,176.26,False
a7f096,United States,149.44,False
ac5b89,United States,264.59,False
c07fb0,Canada,5.14,True
aa95ac,United States,150.71,False
a08446,United States,210.44,False
acab3f,United States,187.86,False
a01ac4,United States,108.79,False
a968bb,United States,71.94,False
c07fb8,Canada,188.77,False
c07fb9,Canada,226.23,False
ad7b4d,United States,203.39,False
896305,United Arab Emirates,164.2,False
846098,Japan,0.0,True
345314,Spain,172.81,False
c07fe9,Canada,1.8,True
4bb0e7,Turkey,248.05,False
406753,United Kingdom,5.92,True
4bb0e5,Turkey,5.4,True
4bb0e3,Turkey,271.77,False
c06ca2,Canada,35.29,False
4bb0e1,Turkey,273.43,False
4bb0e9,Turkey,246.7,False
a37aa3,United States,52.68,False
ad337c,United States,191.01,False
ae5383,United States,69.02,False
a2bdc1,United States,85.47,False
ac006d,United States,210.78,False
6832b5,Kazakhstan,232.74,False
34660f,Spain,165.6,False
ac0094,United States,5.14,True
a5d713,United States,0.45,True
346614,Spain,67.03,False
a3472f,United States,219.51,False
a98b76,United States,111.35,False
c80de6,New Zealand,26.08,False
ac6e07,United States,190.55,False
ab18bc,United States,46.48,False
a75da2,United States,177.81,False
a9db3f,United States,24.74,False
346605,Spain,214.48,False
a38db4,United States,66.88,False
ad2095,United States,0.0,True
a21432,United States,193.05,False
a26dc9,United States,63.17,False
780a0b,China,245.24,False
aae5a9,United States,0.0,True
780a0c,China,220.33,False
a2bdff,United States,0.0,True
4bb207,Turkey,268.49,False
4bb204,Turkey,261.82,False
a1f46b,United States,191.46,False
4bb203,Turkey,223.33,False
a955fd,United States,64.28,False
7cc4a2,Australia,29.47,False
738321,Israel,4.12,False
80073f,India,271.31,False
7c0d63,Australia,49.77,False
80073d,India,273.11,False
e48fc2,Brazil,8.75,True
780a1d,China,0.0,True
4bb219,Turkey,243.01,False
781d63,China,133.28,False
4bb20d,Turkey,232.41,False
a2147c,United States,75.3,False
4bb20c,Turkey,0.0,True
a8ce4f,United States,219.74,False
a37ac2,United States,38.62,False
ad45a4,United States,187.26,False
a1e132,United States,255.79,False
a13af4,United States,297.79,False
780a3f,China,212.56,False
781d6d,China,222.8,False
780a3b,China,214.48,False
a07177,United States,128.61,False
8a07ad,Indonesia,242.51,False
a9db0f,United States,45.81,False
8a07b7,Indonesia,100.88,False
a86ab5,United States,285.6,False
8830ef,Thailand,242.51,False
847517,Japan,259.31,False
a44168,United States,228.75,False
a6e441,United States,38.22,False
a87de9,United States,44.74,False
a70463,United States,5.66,True
8830f2,Thailand,231.01,False
a6946b,United States,198.12,False
a6e436,United States,53.43,False
4bb143,Turkey,243.16,False
a69472,United States,171.78,False
a70452,United States,32.93,False
a119ce,United States,158.01,False
a82467,United States,58.22,False
4bb109,Turkey,270.67,False
4bb107,Turkey,231.25,False
a7046e,United States,44.32,False
4bb106,Turkey,263.47,False
ae6882,United States,194.0,False
4bb103,Turkey,231.96,False
ad7bdf,United States,119.44,False
a3a9a2,United States,248.55,False
a3a9a3,United States,218.44,False
a37af8,United States,228.25,False
a7178c,United States,242.96,False
c013dc,Canada,163.69,False
a83787,United States,184.07,False
a6d130,United States,38.79,False
4bb15a,Turkey,226.9,False
a0e6c4,United States,107.7,False
a69424,United States,237.87,False
a9570e,United States,55.31,False
8963d7,United Arab Emirates,250.41,False
ac159a,United States,128.64,False
a4418c,United States,242.54,False
a02f87,United States,2.57,True
abf59b,United States,75.51,False
a4418d,United States,224.42,False
aa9876,United States,53.23,False
8963ce,United Arab Emirates,278.87,False
8963da,United Arab Emirates,0.0,False
4bb187,Turkey,287.18,False
aa1bb7,United States,254.33,False
4bb185,Turkey,295.84,False
addeec,United States,73.1,False
4bb186,Turkey,235.62,False
4bb181,Turkey,252.14,False
a359bc,United States,87.47,False
a4fddb,United States,0.0,True
a4417d,United States,206.65,False
c013b5,Canada,163.08,False
4bb149,Turkey,284.62,False
4bb147,Turkey,126.69,False
a2bf05,United States,55.67,False
4bb148,Turkey,237.65,False
aa2ed8,United States,244.57,False
4bb154,Turkey,235.4,False
4bb152,Turkey,263.1,False
4bb14e,Turkey,243.07,False
4bb14b,Turkey,247.79,False
4067f3,United Kingdom,240.65,False
a6810d,United States,214.59,False
a4eacb,United States,264.62,False
4067f0,United Kingdom,214.28,False
a3a9eb,United States,211.79,False
a4b6b6,United States,169.03,False
a586b0,United States,158.86,False
ab4ea8,United States,226.67,False
a13c73,United States,189.93,False
a38f74,United States,63.77,False
a609d4,United States,2.06,True
a070d7,United States,235.89,False
a01c98,United States,0.39,True
a9dafb,United States,19.03,False
ab4eac,United States,104.24,False
a26f6f,United States,228.83,False
a213d9,United States,51.22,False
a213d6,United States,217.41,False
a51f4a,United States,206.19,False
a479cf,United States,151.85,False
7c0da7,Australia,0.0,False
4bb199,Turkey,242.24,False
4bb196,Turkey,256.32,False
4ac9c5,Sweden,221.19,False
4bb194,Turkey,246.05,False
4bb192,Turkey,259.8,False
4bb190,Turkey,269.72,False
4bb18f,Turkey,238.35,False
4bb18d,Turkey,147.77,False
4bb18a,Turkey,184.59,False
a5e9f4,United States,0.0,True
a849ab,United States,219.72,False
a63f4e,United States,177.92,False
896516,United Arab Emirates,253.79,False
ab4ee1,United States,72.7,False
a599a5,United States,263.67,False
a466fc,United States,194.93,False
ac2859,United States,110.22,False
7c7772,Australia,247.66,False
a81141,United States,80.63,False
ab4eeb,United States,192.66,False
7c7774,Australia,140.84,False
a70491,United States,140.38,False
a51f0f,United States,7.72,True
a3a9d2,United States,163.34,False
c00158,Canada,102.89,False
ad8ed7,United States,232.28,False
7c7768,Australia,168.87,False
a3df1e,United States,0.0,True
aa7288,United States,200.64,False
3ad1ff,France,0.0,True
a333ce,United States,85.13,False
a9a750,United States,288.04,False
acbeac,United States,82.25,False
a81166,United States,133.69,False
a9311d,United States,62.78,False
a38f78,United States,58.97,False
a466d2,United States,299.64,False
a25c75,United States,224.88,False
e0658d,Argentina,124.52,False
a87f6f,United States,33.72,False
ac13d6,United States,170.2,False
a08512,United States,134.93,False
c05ac1,Canada,26.76,False
e0658f,Argentina,5.4,True
896497,United Arab Emirates,215.18,False
3e0fe7,Germany,64.01,False
abf3b8,United States,200.68,False
c06de0,Canada,52.27,False
a09852,United States,273.92,False
a320f9,United States,130.23,False
ac00b5,United States,38.61,False
ac00b1,United States,175.84,False
acbf4f,United States,49.49,False
ac13f9,United States,192.96,False
e48ec6,Brazil,57.7,False
a440c3,United States,40.76,False
896479,United Arab Emirates,110.33,False
896484,United Arab Emirates,274.56,False
896483,United Arab Emirates,198.99,False
896481,United Arab Emirates,266.61,False
484f73,Kingdom of the Netherlands,246.14,False
a6e3e9,United States,52.39,False
aa1c45,United States,158.2,False
40688e,United Kingdom,72.81,False
40688d,United Kingdom,214.46,False
a07228,United States,1.8,True
896452,United Arab Emirates,252.33,False
896461,United Arab Emirates,243.34,False
02007a,Morocco,253.85,False
a693aa,United States,294.32,False
896463,United Arab Emirates,287.12,False
a0c202,United States,59.36,False
c01401,Canada,187.07,False
a0855d,United States,2.06,True
a5d6f9,United States,83.35,False
a716f6,United States,129.91,False
a87f51,United States,78.45,False
abe0df,United States,0.0,True
a693c4,United States,65.16,False
a6e3b0,United States,83.51,False
a716ee,United States,250.52,False
8a078c,Indonesia,,True
896442,United Arab Emirates,248.76,False
a836c7,United States,38.86,False
a1f557,United States,262.53,False
780b0d,China,207.76,False
a4a533,United States,130.51,False
a3484e,United States,206.35,False
a0c20f,United States,249.3,False
a08576,United States,58.17,False
a25bc4,United States,248.28,False
a1f543,United States,51.42,False
ad8f18,United States,0.0,True
a58873,United States,102.89,False
ab3c0a,United States,204.5,False
a0d561,United States,273.33,False
750111,Malaysia,74.6,False
a3defb,United States,219.98,False
a63ecc,United States,57.5,False
750109,Malaysia,210.87,False
aa9801,United States,258.02,False
e06543,Argentina,0.0,True
e06542,Argentina,197.49,False
aaf9ea,United States,1.29,True
8a06d0,Indonesia,98.27,False
aa9800,United States,256.42,False
acbf25,United States,54.8,False
addf01,United States,217.62,False
ad59e1,United States,89.05,False
738443,Israel,256.9,False
a943ec,United States,36.01,False
a44240,United States,217.93,False
a8bc71,United States,169.36,False
ab4f5d,United States,232.09,False
a44238,United States,217.61,False
a20288,United States,204.73,False
4bb101,Turkey,268.79,False
7c75e0,Australia,0.0,True
c80cdf,New Zealand,53.62,False
aae6cd,United States,200.97,False
a2abda,United States,5.4,True
8460b0,Japan,195.17,False
a3355e,United States,0.0,True
7cc5a6,Australia,48.31,False
c2b5b7,Canada,168.14,False
a1e23a,United States,183.46,False
ac26cf,United States,204.61,False
780b5d,China,221.88,False
ad59db,United States,265.55,False
a44213,United States,188.11,False
a44211,United States,121.17,False
a44214,United States,192.86,False
ad59f6,United States,67.59,False
a1e241,United States,233.55,False
a84742,United States,171.82,False
aa8229,United States,46.72,False
840caf,Japan,78.2,False
aae545,United States,57.84,False
ab1890,United States,233.83,False
3462c9,Spain,284.95,False
3462c8,Spain,208.77,False
3965b0,France,269.44,False
4bb025,Turkey,80.43,False
aa2bc4,United States,206.99,False
ac2545,United States,5.14,True
3965b1,France,254.48,False
a2113a,United States,27.9,False
ac121a,United States,171.59,False
a38ad5,United States,157.94,False
a4fae1,United States,28.08,False
c023c8,Canada,262.68,False
aa2bc2,United States,6.17,True
c023c5,Canada,249.19,False
aa2bc1,United States,270.42,False
aaf87f,United States,3.09,True
a3311b,United States,0.0,True
a76df8,United States,149.26,False
a21142,United States,131.14,False
c023bd,Canada,274.97,False
485ecc,Kingdom of the Netherlands,0.45,True
a4c79f,United States,168.85,False
ab4bf7,United States,275.91,False
c023b7,Canada,259.07,False
a1f11d,United States,198.84,False
683274,Kazakhstan,255.43,False
a009a8,United States,56.07,False
3475d4,Spain,225.01,False
aa2ba1,United States,247.43,False
a5c127,United States,280.28,False
acced9,United States,256.04,False
aae582,United States,200.21,False
4064bb,United Kingdom,9.26,True
e8048f,Chile,189.83,False
a27f00,United States,143.56,False
a116b8,United States,52.08,False
a27f07,United States,245.25,False
ac2591,United States,4.37,True
4bb065,Turkey,220.5,False
7c77a1,Australia,8.13,False
a87b9b,United States,242.58,False
76cc02,Singapore,160.75,False
a03f24,United States,191.19,False
3965af,France,270.99,False
8964bd,United Arab Emirates,269.76,False
4077d3,United Kingdom,206.77,False
a9a2ca,United States,119.13,False
aae59b,United States,0.06,True
a4b420,United States,202.71,False
a03f1e,United States,3.34,True
4077d4,United Kingdom,268.23,False
781f37,China,229.24,False
a63aa5,United States,229.25,False
847628,Japan,202.63,False
781f41,China,227.52,False
a51ac6,United States,257.66,False
a2cf34,United States,261.59,False
a236bd,United States,78.63,False
896644,United Arab Emirates,229.06,False
a3a6a1,United States,58.53,False
a94156,United States,271.65,False
8008d4,India,4.37,True
ae63f8,United States,78.66,False
ae63e0,United States,123.33,False
89664b,United Arab Emirates,153.51,False
ad8c82,United States,254.3,False
aaf804,United States,271.51,False
89664c,United Arab Emirates,0.0,True
a9a465,United States,205.43,False
e80468,Chile,259.48,False
885973,Thailand,253.54,False
a9ead7,United States,55.6,False
e8045b,Chile,239.31,False
896623,United Arab Emirates,266.5,False
ae50cf,United States,39.93,False
e8045f,Chile,149.64,False
c07f01,Canada,0.64,True
e80476,Chile,220.25,False
4bb075,Turkey,249.81,False
e80472,Chile,261.7,False
a02c40,United States,0.0,False
e8046c,Chile,75.71,False
4bb06b,Turkey,240.95,False
4bb06c,Turkey,141.47,False
780aad,China,259.9,False
a093fa,United States,51.08,False
ab1842,United States,9.26,True
a9a419,United States,187.91,False
ad5817,United States,7.72,True
896604,United Arab Emirates,251.86,False
a75ae5,United States,214.0,False
780abc,China,291.31,False
a9b743,United States,193.1,False
a6f44f,United States,59.22,False
aaf831,United States,189.07,False
ab050f,United States,92.09,False
346386,Spain,135.21,False
346385,Spain,150.85,False
e8040f,Chile,0.45,True
a63afa,United States,292.14,False
a88dce,United States,47.91,False
ab184a,United States,47.43,False
ab184d,United States,217.33,False
a356db,United States,232.53,False
7c788d,Australia,227.39,False
ab4ba6,United States,196.89,False
ab0532,United States,249.62,False
ab1864,United States,223.66,False
ac250b,United States,0.0,True
43bea5,United Kingdom,69.48,False
e8041e,Chile,222.31,False
e80435,Chile,0.0,True
a27f85,United States,67.91,False
885963,Thailand,252.53,False
aa956d,United States,53.22,False
a2cf45,United States,49.7,False
aa2bdd,United States,62.99,False
a2bc12,United States,233.9,False
e48f12,Brazil,168.61,False
ac7ed0,United States,260.85,False
a223ba,United States,200.62,False
e48f03,Brazil,253.35,False
a02c94,United States,217.93,False
a9a404,United States,4.37,True
485f83,Kingdom of the Netherlands,258.5,False
a369ee,United States,9.77,True
a76f67,United States,259.24,False
a76f66,United States,205.78,False
89659b,United Arab Emirates,267.88,False
883294,Thailand,240.67,False
abaf3a,United States,50.55,False
496c26,Portugal,1.29,True
a87c12,United States,242.44,False
0d1088,Mexico,7.46,True
a2cf9e,United States,78.43,False
e48dc1,Brazil,129.85,False
a8df2c,United States,246.63,False
780c9e,China,240.01,False
accf1c,United States,224.47,False
ac36cc,United States,0.77,True
ab5f87,United States,216.22,False
a4a0b4,United States,135.06,False
0d108c,Mexico,224.59,False
e0648b,Argentina,199.83,False
8a09be,Indonesia,197.0,False
a2bc5a,United States,113.07,False
a700a4,United States,183.53,False
ad8c37,United States,223.15,False
c06aac,Canada,257.8,False
896597,United Arab Emirates,258.4,False
aae3d4,United States,209.81,False
896596,United Arab Emirates,209.35,False
a26c93,United States,52.69,False
a690a8,United States,267.71,False
8a09c4,Indonesia,231.74,False
a210c5,United States,213.34,False
a38c4a,United States,152.12,False
c06aa4,Canada,68.83,False
740828,Jordan,248.11,False
740822,Jordan,230.58,False
a1f0b4,United States,1.03,True
a38c66,United States,228.45,False
a76f6d,United States,76.65,False
a38c64,United States,227.12,False
a76f6c,United States,192.71,False
a4a0d9,United States,218.94,False
a38c60,United States,237.33,False
a1f0af,United States,75.72,False
e80408,Chile,232.97,False
600853,Azerbaijan,2.57,True
896569,United Arab Emirates,232.04,False
461f4d,Finland,258.29,False
a27ea8,United States,53.11,True
461f64,Finland,256.41,False
89655f,United Arab Emirates,186.92,False
a4c6af,United States,203.66,False
ad9f7f,United States,256.0,False
ad8c4c,United States,231.29,False
0d103b,Mexico,60.33,False
407862,United Kingdom,204.13,False
89656e,United Arab Emirates,274.72,False
0d103d,Mexico,229.63,False
a619f9,United States,35.52,False
44cc45,Belgium,223.17,False
461f5b,Finland,252.96,False
396668,France,197.77,False
a8a9a6,United States,45.48,False
a09533,United States,186.08,False
a8df06,United States,0.0,True
a3dc47,United States,241.25,False
a10520,United States,44.32,False
0d104f,Mexico,200.56,False
7c7801,Australia,241.12,False
a76f48,United States,122.58,False
a76f46,United States,202.46,False
0d1068,Mexico,184.61,False
a3dc4b,United States,71.54,False
ad56fd,United States,0.06,True
781ebc,China,250.1,False
461f56,Finland,243.57,False
a5e6be,United States,37.64,False
461f53,Finland,251.0,False
461f55,Finland,252.69,False
e48df5,Brazil,264.47,False
a3dc5a,United States,231.15,False
ada795,United States,39.13,False
781f3a,China,222.76,False
8964b2,United Arab Emirates,278.29,False
a52ea4,United States,123.48,False
a26bb8,United States,173.34,False
8964b5,United Arab Emirates,246.43,False
4b991a,Turkey,154.46,False
8964c0,United Arab Emirates,269.14,False
a0f86b,United States,213.45,False
4b990d,Turkey,4.12,False
4076ed,United Kingdom,203.09,False
c81ed6,New Zealand,18.7,False
a72823,United States,5.4,True
a4c835,United States,46.53,False
abf17f,United States,250.64,False
8964a1,United Arab Emirates,237.16,False
8964a0,United Arab Emirates,270.71,False
75021d,Malaysia,213.91,False
a4c83d,United States,58.96,False
aa80e4,United States,46.11,False
750223,Malaysia,238.08,False
a7ac8f,United States,206.88,False
76cc64,Singapore,194.92,False
76cc63,Singapore,141.25,False
a87c4f,United States,213.08,False
c06b3d,Canada,152.33,False
a690bf,United States,282.87,False
a4a0cd,United States,221.35,False
a75c6e,United States,87.11,False
76cc72,Singapore,167.33,False
76cc75,Singapore,167.33,False
ac36a9,United States,0.0,True
c035f3,Canada,149.02,False
a33229,United States,235.17,False
ab5f43,United States,6.94,True
a700ac,United States,228.05,False
abaf1e,United States,219.02,False
a9b6b2,United States,87.0,False
76cc7c,Singapore,159.71,False
a2ced8,United States,255.07,False
ab03a4,United States,189.55,False
c06b76,Canada,48.62,False
e06459,Argentina,215.51,False
7cc6ab,Australia,44.45,False
adb9a1,United States,42.71,False
e0645a,Argentina,198.05,False
a09590,United States,189.89,False
accf07,United States,6.94,True
780c90,China,215.08,False
a1aee9,United States,39.53,False
ac7f41,United States,228.67,False
a63bd4,United States,234.81,False
8a0947,Indonesia,231.71,False
c81cf0,New Zealand,49.02,False
aa7018,United States,62.38,False
aa8349,United States,116.31,False
ac1327,United States,209.14,False
abafda,United States,73.31,False
507ca9,Uzbekistan,237.72,False
c06d48,Canada,68.5,False
507ca7,Uzbekistan,127.0,False
a8350c,United States,99.42,False
a63bf4,United States,208.31,False
507cbd,Uzbekistan,212.16,False
a2bbf2,United States,114.48,False
a3323d,United States,225.15,False
a47898,United States,255.65,False
a5725e,United States,150.42,False
84b40d,Japan,194.26,False
ac134a,United States,183.32,False
a8dea1,United States,57.11,False
a2bbcc,United States,214.08,False
ae5302,United States,66.8,False
8a0915,Indonesia,204.14,False
c024d9,Canada,248.04,False
a0829e,United States,178.36,False
ac6cf7,United States,298.83,False
abf32f,United States,0.64,True
4065de,United Kingdom,184.0,False
e48e88,Brazil,146.83,False
ad8cec,United States,285.87,False
c06d05,Canada,57.8,False
a60852,United States,180.26,False
76cd10,Singapore,214.07,False
76cd12,Singapore,251.93,False
4078fd,United Kingdom,234.67,False
a51bae,United States,97.09,False
4078fe,United Kingdom,193.73,False
aad386,United States,46.92,False
a4c85f,United States,59.32,False
7c78aa,Australia,138.51,False
ad201e,United States,262.51,False
abe030,United States,0.0,True
76cd0a,Singapore,243.78,False
76cd0d,Singapore,7.2,True
75027d,Malaysia,234.22,False
a4b534,United States,177.68,False
a72834,United States,235.11,False
7c78a9,Australia,226.71,False
ab905c,United States,206.2,False
abf375,United States,208.74,False
750255,Malaysia,233.53,False
a57229,United States,2.31,True
ab9078,United States,9.26,True
ad203f,United States,45.3,False
a9ec96,United States,51.62,False
44ccd0,Belgium,282.9,False
44ccd8,Belgium,258.61,False
a5988d,United States,52.69,False
a9ec7f,United States,70.48,False
c01294,Canada,60.11,False
a38d34,United States,241.91,False
c0128f,Canada,58.42,False
7c531c,Australia,176.74,False
ac5a94,United States,195.42,False
a38d1e,United States,64.31,False
406696,United Kingdom,206.56,False
780bb6,China,279.62,False
c01286,Canada,14.23,False
a4c7b6,United States,56.94,False
780bb9,China,183.56,False
7c7973,Australia,38.56,False
ac390f,United States,281.77,False
7c5310,Australia,63.04,False
84b495,Japan,174.77,False
7c530e,Australia,0.0,True
8a099f,Indonesia,235.64,False
7c5302,Australia,0.9,True
7c5300,Australia,147.74,False
71a914,Republic of Korea,90.03,False
7c5301,Australia,165.07,False
a51d1b,United States,240.26,False
40666d,United Kingdom,216.41,False
a94251,United States,96.4,False
ab5faa,United States,202.78,False
a117dc,United States,249.91,False
a081a3,United States,206.09,False
c81e2c,New Zealand,2.83,True
406670,United Kingdom,175.08,False
ab5fc9,United States,217.22,False
a95590,United States,144.03,False
43bff8,United Kingdom,6.17,True
40665e,United Kingdom,231.64,False
43bff0,United Kingdom,12.35,True
43bfdc,United Kingdom,7.72,True
43bfdf,United Kingdom,5.66,True
a8def6,United States,50.63,False
abafb8,United States,36.7,False
ac7faf,United States,6.94,True
c06bf4,Canada,3.86,True
a38d77,United States,226.91,False
a96890,United States,168.64,False
ab195f,United States,52.06,False
89671b,United Arab Emirates,236.94,False
89671d,United Arab Emirates,234.7,False
8a096f,Indonesia,234.76,False
a9555b,United States,260.82,False
ab1978,United States,193.35,False
ab1979,United States,253.47,False
7c5357,Australia,96.4,False
7c5356,Australia,230.03,False
ab5fdd,United States,76.14,False
780beb,China,140.84,False
7c534f,Australia,114.29,False
7c534d,Australia,80.77,False
a14d6f,United States,35.0,False
c81e5e,New Zealand,115.4,False
85d43f,Japan,43.15,False
a14d80,United States,100.31,False
ada936,United States,4.24,False
a38d49,United States,279.86,False
a38d48,United States,156.22,False
8a0967,Indonesia,81.49,False
a8357a,United States,133.85,False
ac1301,United States,220.84,False
7c400f,Australia,67.64,False
a5c292,United States,62.98,False
a37a08,United States,0.0,True
abf308,United States,199.66,False
a38d36,United States,241.79,False
84b473,Japan,181.19,False
a224e2,United States,50.12,False
adca9b,United States,198.27,False
a62a2d,United States,64.41,False
89405a,Bahrain,102.67,False
ac24c5,United States,200.88,False
89405e,Bahrain,104.36,False
a451cf,United States,240.22,False
c81e7a,New Zealand,4.15,False
a4b4dc,United States,243.0,False
a451cb,United States,189.13,False
c07eda,Canada,196.13,False
ab04e6,United States,7.2,True
a23914,United States,219.19,False
407944,United Kingdom,260.33,False
a15fa4,United States,206.84,False
345251,Spain,0.0,False
a23911,United States,89.84,False
a03fc0,United States,62.16,False
aa94d0,United States,70.78,False
a7ad0d,United States,218.02,False
aaf7fe,United States,41.7,False
a5e7fa,United States,138.27,False
e49fb6,Brazil,218.92,False
ac24e4,United States,208.85,False
a01a9a,United States,41.64,False
c07efb,Canada,42.38,False
a967ae,United States,220.6,False
c01239,Canada,55.23,False
ac11c6,United States,218.69,False
a6f4be,United States,25.21,False
8462c4,Japan,281.32,False
a211ef,United States,186.68,False
aa2d2f,United States,72.34,False
c07eee,Canada,145.86,False
addd11,United States,40.96,False
407914,United Kingdom,225.44,False
a4ea77,United States,304.97,False
acbd69,United States,0.45,True
a15fd3,United States,0.06,True
407992,United Kingdom,255.85,False
adca15,United States,235.66,False
40797c,United Kingdom,5.14,True
a34605,United States,68.73,False
781fc3,China,263.53,False
a3ca1a,United States,0.0,True
a584c3,United States,,False
ad44f2,United States,237.58,False
40796b,United Kingdom,238.59,False
addd34,United States,47.37,False
7c0fb3,Australia,60.98,False
aa2d14,United States,209.43,False
ad7a60,United States,84.61,False
a5d4b5,United States,31.72,False
896665,United Arab Emirates,269.57,False
7501e6,Malaysia,206.02,False
a0f91d,United States,235.98,False
a3ca43,United States,195.37,False
a10614,United States,224.31,False
ac5a73,United States,146.15,False
400fe0,United Kingdom,97.0,False
896677,United Arab Emirates,192.24,False
700011,Afghanistan,0.0,False
896681,United Arab Emirates,266.82,False
a35905,United States,90.17,False
a451db,United States,8.75,True
e0b392,Argentina,195.55,False
c010ea,Canada,225.45,False
addbec,United States,49.85,False
a1afec,United States,112.18,False
7c77f9,Australia,175.28,False
7c77f5,Australia,0.0,True
7c77f4,Australia,249.4,False
a22669,United States,152.77,False
8832a8,Thailand,169.89,False
c06c8c,Canada,4.89,True
a1afde,United States,69.0,False
a27fea,United States,36.01,False
a99d89,United States,268.01,False
a03fff,United States,270.68,False
a9da39,United States,46.86,False
a02ccd,United States,196.85,False
a9a4e2,United States,186.49,False
8832d3,Thailand,248.2,False
ab17b0,United States,81.0,False
76cd70,Singapore,265.3,False
76cd72,Singapore,3.6,True
a52fe1,United States,41.72,False
a1afcf,United States,181.61,False
abf29f,United States,216.05,False
76cd77,Singapore,271.62,False
a1afc8,United States,186.94,False
a9da44,United States,54.66,False
a2cfa2,United States,0.0,True
a35949,United States,0.0,True
a8cd91,United States,32.7,False
a4fca9,United States,263.92,False
a39fb1,United States,237.07,False
a941b0,United States,41.48,False
a0d374,United States,217.85,False
89409e,Bahrain,202.46,False
a9a4c2,United States,187.79,False
89409c,Bahrain,184.73,False
89409a,Bahrain,234.35,False
aa1a81,United States,183.69,False
a2cffc,United States,147.11,False
a86a2b,United States,168.71,False
a45321,United States,53.05,False
a9da22,United States,53.68,False
8a08eb,Indonesia,227.95,False
a691ed,United States,18.42,False
c81dcf,New Zealand,43.14,False
780d8a,China,206.87,False
a0c049,United States,49.73,False
7c77ff,Australia,259.34,False
7c77fd,Australia,162.24,False
c010e4,Canada,7.72,True
a33339,United States,201.85,False
a0d346,United States,69.43,False
152035,Russian Federation,0.0,True
a4795a,United States,225.85,False
8462ee,Japan,91.6,False
a7ad7c,United States,268.76,False
89408f,Bahrain,272.68,False
ab3a0c,United States,121.09,False
89408d,Bahrain,259.5,False
ab04bb,United States,202.23,False
780d9e,China,137.31,False
a2cff0,United States,183.46,False
aa94ef,United States,124.33,False
aa94ed,United States,285.39,False
a52fb2,United States,47.18,False
c06c84,Canada,90.0,False
a33325,United States,292.44,False
a4794e,United States,119.11,False
a33327,United States,77.17,False
c06c81,Canada,82.04,False
a66a84,United States,135.79,False
a3e911,United States,187.36,False
89906b,Taiwan,120.92,False
89906d,Taiwan,66.7,False
aceb61,United States,280.47,False
ab7b8c,United States,265.41,False
ac52f2,United States,188.3,False
899087,Taiwan,296.87,False
a7da2a,United States,153.96,False
a7a4e6,United States,149.62,False
ade8fa,United States,190.89,False
c05360,Canada,91.64,False
ac52ff,United States,234.28,False
a2c90d,United States,200.12,False
aa5b92,United States,232.55,False
a02667,United States,44.74,False
899097,Taiwan,243.5,False
adc2a7,United States,8.23,True
a18cb4,United States,67.16,False
a92d50,United States,46.61,False
04015c,Ethiopia,274.08,False
a1a924,United States,246.7,False
a76901,United States,247.7,False
a2790a,United States,37.68,False
c04051,Canada,230.68,False
89905a,Taiwan,271.95,False
a491f1,United States,212.96,False
c1e97c,Canada,5.4,True
89902f,Taiwan,292.69,False
a38641,United States,176.06,False
4bcd85,Turkey,237.81,False
a13349,United States,181.19,False
4bcd83,Turkey,231.29,False
0d085d,Mexico,258.85,False
899046,Taiwan,265.23,False
a32ff6,United States,212.51,False
406ec9,United Kingdom,84.55,False
a18ce8,United States,234.25,False
a514ff,United States,47.51,False
040159,Ethiopia,93.88,False
c0797b,Canada,212.16,False
c8195b,New Zealand,97.78,False
78150d,China,204.8,False
a2c93c,United States,68.85,False
a754f1,United States,43.08,False
c0534e,Canada,225.1,False
a78a52,United States,126.45,False
899025,Taiwan,279.76,False
a0bcb2,United States,200.63,False
a32fd5,United States,145.43,False
899021,Taiwan,112.71,False
040123,Ethiopia,272.03,False
780204,China,251.49,False
a2c92b,United States,73.0,False
ac671b,United States,3.6,True
89901d,Taiwan,262.32,False
89901c,Taiwan,235.54,False
04012b,Ethiopia,293.37,False
ab473a,United States,166.04,False
ab473e,United States,68.38,False
899036,Taiwan,190.73,False
899031,Taiwan,257.26,False
a2c934,United States,0.0,True
a0001a,United States,313.53,False
a5031a,United States,196.79,False
acfe09,United States,6.17,True
a38682,United States,151.13,False
a7561b,United States,93.33,False
a6dfbf,United States,129.01,False
e48950,Brazil,1.29,True
a6495f,United States,208.74,False
a75634,United States,218.36,False
a13386,United States,292.01,False
a8c600,United States,45.58,False
aa141e,United States,187.26,False
406f74,United Kingdom,251.27,False
a5bfe9,United States,213.43,False
a2c992,United States,192.16,False
406f79,United Kingdom,247.31,False
a6dfaa,United States,133.45,False
a2668b,United States,230.23,False
a64996,United States,252.13,False
a3b028,United States,215.31,False
c07973,Canada,4.12,True
c07971,Canada,197.49,False
0d083e,Mexico,242.73,False
a24014,United States,5.14,True
aaab1c,United States,232.55,False
a12030,United States,192.17,False
a37335,United States,237.19,False
a1a98d,United States,148.81,False
ac65bb,United States,110.17,False
a2fcb7,United States,44.82,False
a49378,United States,55.62,False
ac65dc,United States,269.21,False
a24082,United States,133.9,False
a6492f,United States,183.39,False
a7da9c,United States,190.78,False
a64954,United States,56.5,False
ac65fb,United States,83.8,False
aa2701,United States,4.37,True
0d0810,Mexico,18.01,True
e48989,Brazil,220.4,False
acb5d2,United States,268.81,False
a2fcee,United States,0.0,True
a4e307,United States,186.67,False
a06e11,United States,0.06,True
7c3a47,Australia,44.76,False
ac52e2,United States,280.95,False
c818a7,New Zealand,55.15,False
a06e4a,United States,108.21,False
a6104e,United States,64.13,False
c051e4,Canada,262.23,False
a038ff,United States,193.0,False
78028e,China,253.64,False
a6237b,United States,219.38,False
a97029,United States,231.23,False
ac668d,United States,222.98,False
502dad,Latvia,240.87,False
a4e38f,United States,252.72,False
a8d99c,United States,16.46,False
a9e65d,United States,39.07,False
aa1396,United States,37.28,False
a4e39b,United States,117.22,False
a06e71,United States,213.39,False
845ce4,Japan,158.64,False
acb679,United States,248.73,False
c1e7db,Canada,1.29,True
add66d,United States,207.6,False
add66c,United States,151.62,False
a158c9,United States,0.0,True
adb014,United States,268.38,False
c051da,Canada,211.28,False
ac538f,United States,306.45,False
aa6cfa,United States,270.43,False
adc375,United States,56.52,False
a385c8,United States,257.97,False
394a00,France,282.95,False
c064d8,Canada,129.87,False
394a02,France,247.05,False
a18e6d,United States,70.67,False
3cc187,Germany,205.02,False
8881cc,Viet Nam,247.77,False
aa1350,United States,33.82,False
aa6cf1,United States,46.12,False
a9e627,United States,35.03,False
394a12,France,277.84,False
4ca566,Ireland,156.64,False
a2fe32,United States,55.93,False
adc362,United States,79.9,False
ac407d,United States,78.26,False
a2fe28,United States,204.36,False
a5037b,United States,59.87,False
a3b05d,United States,255.91,False
ab8e28,United States,36.14,False
a6235b,United States,188.8,False
a2fe21,United States,168.86,False
a7ecd7,United States,75.05,False
a9961b,United States,217.43,False
ad1e05,United States,190.83,False
aba8ad,United States,98.15,False
8881ef,Viet Nam,212.57,False
ab7b02,United States,79.3,False
a1cb05,United States,283.54,False
ab8ca5,United States,177.4,False
780219,China,218.43,False
a6ce39,United States,3.86,True
a9c078,United States,34.02,False
a2a2bb,United States,194.45,False
a5ae2f,United States,291.07,False
899000,Taiwan,246.42,False
a372e0,United States,154.39,False
a385ee,United States,0.0,True
ad2fab,United States,197.36,False
a43e5c,United States,79.74,False
040238,Ethiopia,230.83,False
78021c,China,280.11,False
78021a,China,274.83,False
aa5b12,United States,69.13,False
a385da,United States,178.94,False
780235,China,201.14,False
a7ee35,United States,13.15,False
781563,China,138.35,False
a43e60,United States,96.05,False
a9d37b,United States,74.68,False
780233,China,251.27,False
394a0b,France,257.82,False
ac0fdc,United States,183.37,False
a742a9,United States,57.22,False
ab9fef,United States,45.54,False
394a0e,France,269.51,False
78155c,China,149.82,False
abefba,United States,276.17,False
ab5993,United States,198.64,False
a6bb20,United States,45.93,False
ac530f,United States,37.84,False
760a0c,Pakistan,256.28,False
a2fe3c,United States,134.65,False
ad2fd0,United States,211.02,False
a9704d,United States,267.16,False
06a3b6,Qatar,277.65,False
ab2018,United States,59.57,False
ab599b,United States,165.65,False
a02730,United States,32.93,False
78157d,China,221.37,False
ac5326,United States,210.77,False
ae4fca,United States,39.79,False
a02738,United States,56.86,False
a4f5a0,United States,204.24,False
a85065,United States,194.92,False
a3e8dc,United States,224.68,False
a06db4,United States,198.73,False
a515ad,United States,184.43,False
acc961,United States,97.78,False
adc313,United States,0.0,True
abdcda,United States,232.7,False
3c70c2,Germany,148.98,False
ab202a,United States,268.62,False
c1e898,Canada,4.37,True
ac5349,United States,229.74,False
a9969b,United States,2.06,True
a2a2e6,United States,280.79,False
a2a2e3,United States,220.22,False
a4f5c7,United States,59.29,False
ad1cde,United States,256.75,False
a43e7f,United States,190.35,False
a55e60,United States,44.03,False
780294,China,168.24,False
c1e89a,Canada,8.23,True
040066,Ethiopia,251.89,False
a742ec,United States,195.15,False
4ba9cf,Turkey,267.24,False
4ba9ce,Turkey,223.35,False
4ba9cb,Turkey,249.84,False
ad60f3,United States,80.34,False
71c015,Republic of Korea,192.8,False
71c013,Republic of Korea,262.28,False
4ba9e8,Turkey,269.18,False
71c018,Republic of Korea,119.68,False
4ba9e7,Turkey,244.0,False
71c016,Republic of Korea,280.33,False
71c010,Republic of Korea,256.32,False
040045,Ethiopia,269.57,False
4ba9e2,Turkey,238.67,False
89917f,Taiwan,193.05,False
04004b,Ethiopia,140.96,False
502d0d,Latvia,224.95,False
478d42,Norway,221.27,False
71c004,Republic of Korea,210.71,False
4ba9f9,Turkey,227.5,False
71c006,Republic of Korea,198.5,False
89914c,Taiwan,97.61,False
a742c2,United States,226.66,False
89914b,Taiwan,75.0,False
89914a,Taiwan,91.62,False
c0411d,Canada,159.36,False
a4e2ce,United States,54.49,False
a1dddf,United States,48.09,False
a0aac5,United States,87.04,False
a66b57,United States,48.36,False
c81838,New Zealand,45.24,False
899160,Taiwan,157.98,False
c81839,New Zealand,96.42,False
06a391,Qatar,269.0,False
78161d,China,273.67,False
a3c2fb,United States,194.72,False
a9f8e8,United States,59.99,False
a49409,United States,43.8,False
781638,China,59.35,False
a80e4e,United States,186.01,False
406fd8,United Kingdom,224.57,False
040030,Ethiopia,218.36,False
44d1a1,Belgium,232.0,False
a0144e,United States,7.46,True
89912d,Taiwan,0.0,True
a6ce7d,United States,3.6,True
0d0771,Mexico,105.67,False
899140,Taiwan,4.12,True
899141,Taiwan,86.5,False
acb824,United States,220.87,False
a7ee5a,United States,80.27,False
89913f,Taiwan,76.95,False
c80548,New Zealand,35.54,False
ab4866,United States,264.0,False
a3871e,United States,202.23,False
89913a,Taiwan,94.59,False
a92e43,United States,117.41,False
899150,Taiwan,108.28,False
8990a5,Taiwan,245.43,False
0d0707,Mexico,216.58,False
8990a2,Taiwan,216.51,False
8990a0,Taiwan,237.25,False
a54aae,United States,117.14,False
aaac25,United States,58.08,False
ac66aa,United States,151.25,False
aba9e7,United States,5.4,True
a3b11e,United States,113.23,False
71c072,Republic of Korea,117.95,False
71c073,Republic of Korea,201.39,False
71c070,Republic of Korea,226.5,False
a4943f,United States,108.42,False
a4943e,United States,256.09,False
71c074,Republic of Korea,195.06,False
c05400,Canada,56.74,False
c05403,Canada,5.66,True
ad1f48,United States,28.52,False
a36130,United States,239.3,False
a8c70f,United States,44.16,False
abdf3f,United States,211.66,False
7801b7,China,234.89,False
a3612a,United States,218.09,False
7801b4,China,209.87,False
8990aa,Taiwan,192.51,False
a49441,United States,2.31,True
ac53a0,United States,228.32,False
71c064,Republic of Korea,5.14,True
ac53b2,United States,172.06,False
a61120,United States,35.02,False
7814dc,China,110.3,False
0d071b,Mexico,188.21,False
aaac47,United States,158.9,False
ad73a9,United States,259.33,False
a2679a,United States,1.54,False
71c090,Republic of Korea,253.31,False
a26793,United States,135.54,False
a80dc4,United States,251.23,False
ade9c0,United States,0.0,True
7801d4,China,252.68,False
84183d,Japan,201.1,False
71c081,Republic of Korea,258.6,False
a75710,United States,177.53,False
c06706,Canada,96.59,False
71c032,Republic of Korea,160.1,False
71c027,Republic of Korea,223.12,False
86ef4a,Japan,211.66,False
ac53f8,United States,215.0,False
aca3d1,United States,282.31,False
c0671b,Canada,204.3,False
040087,Ethiopia,192.69,False
71c050,Republic of Korea,180.52,False
71c051,Republic of Korea,203.96,False
ac9c78,United States,62.35,False
a06f22,United States,0.0,True
c06724,Canada,217.61,False
e48854,Brazil,211.77,False
a4945f,United States,279.1,False
a3b110,United States,207.64,False
a63756,United States,83.78,False
aa280e,United States,42.38,False
48520d,Kingdom of the Netherlands,30.35,True
0d0703,Mexico,74.91,False
71c041,Republic of Korea,236.67,False
a61187,United States,208.06,False
84176b,Japan,246.18,False
ac5488,United States,252.98,False
a0bf3f,United States,51.09,False
a18f70,United States,230.33,False
a013d8,United States,53.1,False
a74492,United States,45.7,False
06a2e0,Qatar,235.61,False
a146f1,United States,82.44,False
06a2df,Qatar,270.13,False
a05c66,United States,94.89,False
a399b9,United States,181.98,False
851120,Japan,178.48,False
a769a3,United States,200.74,False
a8c772,United States,21.4,False
a67f04,United States,204.75,False
a279cb,United States,128.47,False
882da4,Thailand,246.52,False
882da1,Thailand,226.62,False
add793,United States,203.2,False
ac79a3,United States,0.0,True
7cf368,Australia,4.12,True
a55f31,United States,143.59,False
a8c781,United States,67.38,False
a8a11d,United States,0.0,True
c817bd,New Zealand,30.25,False
ab8f0d,United States,22.12,True
a8c759,United States,0.0,True
49d421,Czech Republic,236.54,False
7c3b15,Australia,47.37,False
a43f51,United States,3.86,True
49d420,Czech Republic,91.68,False
a7daa1,United States,121.55,False
c1e8f6,Canada,2.83,True
e48808,Brazil,226.04,False
a2a3a9,United States,87.98,False
a43f3c,United States,249.86,False
845daa,Japan,1.03,True
a05c8f,United States,0.06,False
a6246e,United States,88.5,False
ab8f37,United States,84.38,False
a98445,United States,240.67,False
a9d413,United States,287.37,False
c052ca,Canada,232.63,False
a43f2a,United States,245.18,False
acc9b2,United States,250.21,False
c1e8ac,Canada,9.26,True
adb182,United States,47.47,False
a0bf7c,United States,74.63,False
a61173,United States,221.31,False
a17c65,United States,115.03,False
a399e4,United States,203.96,False
a013ee,United States,241.14,False
a000bf,United States,180.22,False
c052d3,Canada,194.99,False
a399de,United States,246.23,False
a996a1,United States,73.58,False
a373ea,United States,244.14,False
89910b,Taiwan,187.48,False
4850f5,Kingdom of the Netherlands,255.77,False
a3c3e6,United States,271.58,False
ad8730,United States,29.91,False
a67f81,United States,227.39,False
a43f7d,United States,202.25,False
7c0663,Australia,59.96,False
7c4cd4,Australia,85.26,False
a360b7,United States,192.94,False
ac6744,United States,0.0,True
ad1da9,United States,0.06,False
ac6745,United States,84.08,False
899134,Taiwan,233.95,False
ac541b,United States,224.66,False
a386fb,United States,234.86,False
a7ef56,United States,121.92,False
a78c43,United States,210.15,False
899104,Taiwan,4.37,True
a4f6fe,United States,209.87,False
aa5c0b,United States,86.13,False
899108,Taiwan,265.35,False
899107,Taiwan,264.88,False
aa26c8,United States,205.16,False
899109,Taiwan,216.79,False
899115,Taiwan,218.9,False
406ecc,United Kingdom,256.1,False
ab477d,United States,246.77,False
ab211e,United States,1.29,True
7c4cac,Australia,138.01,False
a5af7c,United States,83.99,False
aabdf8,United States,253.54,False
abddbf,United States,178.23,False
7cf359,Australia,1.8,True
ad8766,United States,286.34,False
ad8769,United States,230.83,False
a889a9,United States,33.69,False
7cf350,Australia,1.29,True
a480f2,United States,295.02,False
851142,Japan,200.86,False
4ba9c9,Turkey,253.46,False
4ba9c2,Turkey,251.65,False
4ba9c1,Turkey,235.36,False
aceaa6,United States,76.78,False
4ba9c3,Turkey,226.45,False
a5af37,United States,68.64,False
a9d48c,United States,78.01,False
a360ea,United States,235.92,False
a67f38,United States,179.09,False
a480cb,United States,46.07,False
4ba9d2,Turkey,27.75,False
ac9abc,United States,212.27,False
7cf334,Australia,0.0,True
acfdf4,United States,209.32,False
a54c33,United States,64.42,False
a4f6bb,United States,222.52,False
a649fc,United States,34.5,False
ad6116,United States,160.96,False
acb772,United States,59.78,False
ae06df,United States,116.21,False
a67b72,United States,152.96,False
a8d5bd,United States,1.03,True
4ba8ce,Turkey,214.36,False
8404f3,Japan,91.59,False
abdc56,United States,270.45,False
e48799,Brazil,0.51,True
781710,China,211.36,False
a43b91,United States,5.66,True
ad1c67,United States,2.06,True
ab30e6,United States,259.14,False
4ba8f6,Turkey,4.66,False
abef98,United States,120.43,False
a67b94,United States,62.5,False
ade6eb,United States,111.3,False
a752ea,United States,251.23,False
aa10ba,United States,60.76,False
a7a2be,United States,0.06,True
4ba8c3,Turkey,226.15,False
ad70ba,United States,172.56,False
86dd2a,Japan,199.09,False
acfc56,United States,226.16,False
a885f4,United States,255.68,False
c07754,Canada,60.33,False
a7c8d8,United States,222.13,False
a0baa1,United States,184.66,False
a7fe27,United States,143.37,False
407fae,United Kingdom,240.39,False
407fac,United Kingdom,231.29,False
aa7f84,United States,46.79,False
a3e5fa,United States,0.0,True
a8d5a4,United States,3.86,True
a1442f,United States,280.56,False
a645e1,United States,30.47,False
a6cb01,United States,190.49,False
a0baa6,United States,68.65,False
a765e3,United States,51.44,False
aa23b3,United States,140.27,False
aa7f5e,United States,204.91,False
a55b69,United States,31.09,False
a03765,United States,230.8,False
a9d069,United States,188.22,False
c0510c,Canada,37.84,False
c00dea,Canada,245.86,False
aa7f4e,United States,3.34,False
c80409,New Zealand,43.77,False
c00dce,Canada,1.54,True
ab4508,United States,0.64,True
a02443,United States,267.9,False
a1440c,United States,235.36,False
a68e7c,United States,290.89,False
a18ada,United States,222.93,False
ac0f26,United States,289.63,False
a51425,United States,166.48,False
aa7ebc,United States,5.4,True
c07717,Canada,83.0,False
7802be,China,167.08,False
8991d8,Taiwan,221.34,False
8991d7,Taiwan,223.83,False
7802bf,China,162.13,False
86dd90,Japan,248.11,False
8991d9,Taiwan,226.26,False
ac76a7,United States,195.32,False
c80449,New Zealand,33.54,False
8991d5,Taiwan,202.21,False
aa7ec3,United States,205.19,False
aa7ec2,United States,3.86,True
ab8c19,United States,276.82,False
a1eddf,United States,36.44,False
a38439,United States,1.29,True
a2644a,United States,178.61,False
8991a7,Taiwan,266.28,False
a3c111,United States,64.46,False
a0cdf3,United States,163.23,False
aabc11,United States,187.32,False
3c825c,Germany,2.31,True
8991a9,Taiwan,189.82,False
a13121,United States,50.39,False
a19df5,United States,321.15,False
c07721,Canada,231.0,False
7802dd,China,205.03,False
ac89f7,United States,217.81,False
8991b3,Taiwan,228.57,False
abef2f,United States,3.34,True
a20df0,United States,160.55,False
c0771c,Canada,91.73,False
a1311e,United States,102.9,False
ab56e3,United States,145.39,False
ab8c37,United States,216.1,False
a13131,United States,68.33,False
ac63a2,United States,66.95,False
ad1c18,United States,230.82,False
ad1c11,United States,201.14,False
acfc05,United States,178.33,False
406d7a,United Kingdom,26.77,False
ac0f4d,United States,202.18,False
406d6f,United Kingdom,72.79,False
8511ec,Japan,193.12,False
acfc00,United States,186.41,False
a2fad8,United States,185.61,False
abef54,United States,6.94,True
a992c7,United States,137.4,False
a80b9c,United States,51.91,False
a9e2a8,United States,69.6,False
acc6d1,United States,132.22,False
a01180,United States,201.54,False
7cf3ca,Australia,6.17,True
a8d5db,United States,253.64,False
0acac0,Colombia,232.86,False
a3845c,United States,209.81,False
ac0f6c,United States,259.43,False
a2a129,United States,122.13,False
a4076a,United States,205.68,False
ac76f2,United States,200.99,False
ad2f71,United States,231.81,False
a3711a,United States,220.92,False
abef79,United States,213.86,False
a2519f,United States,223.8,False
a07f46,United States,0.06,True
4ba954,Turkey,4.12,False
4ba953,Turkey,253.98,False
a37191,United States,106.25,False
4ba955,Turkey,261.61,False
a6cad3,United States,242.74,False
a19f29,United States,217.27,False
4ba94b,Turkey,212.65,False
4ba94a,Turkey,81.28,False
c00e6c,Canada,197.04,False
a023a5,United States,189.01,False
a88774,United States,0.0,True
a92abb,United States,174.06,False
a20f1a,United States,249.0,False
851230,Japan,191.65,False
ad975d,United States,239.8,False
a3c192,United States,0.0,True
a8d76b,United States,140.31,False
4ba95a,Turkey,241.13,False
c829ac,New Zealand,228.21,False
c1e5a8,Canada,12.86,True
a4e181,United States,70.67,False
acc799,United States,251.57,False
c062f5,Canada,238.19,False
add436,United States,48.49,False
4ba947,Turkey,0.0,True
acc76b,United States,0.0,True
4ba946,Turkey,238.03,False
4ba949,Turkey,245.11,False
4ba948,Turkey,262.92,False
ad1adf,United States,70.37,False
4ba945,Turkey,244.18,False
7cf46f,Australia,6.17,True
8990e9,Taiwan,162.5,False
a31c15,United States,12.53,False
8990e5,Taiwan,275.67,False
a19f73,United States,26.46,False
503ee8,Lithuania,3.09,True
a6ddb9,United States,187.49,False
8990f7,Taiwan,98.68,False
a44f0d,United States,186.48,False
a1ef41,United States,42.3,False
c829dc,New Zealand,74.71,False
a06c5e,United States,39.11,False
a396a9,United States,121.2,False
8990f3,Taiwan,258.43,False
acb470,United States,203.31,False
a88737,United States,223.38,False
8990eb,Taiwan,2.31,True
a44f11,United States,117.14,False
a93dc6,United States,59.38,False
a32f1b,United States,175.18,False
c00e5c,Canada,243.11,False
aef42d,United States,46.65,False
a32f17,United States,255.23,False
a156ce,United States,38.07,False
7c19d2,Australia,146.84,False
aa7dad,United States,112.72,False
a3c15d,United States,115.97,False
7c06a8,Australia,31.9,False
a87428,United States,252.09,False
c816d6,New Zealand,41.11,False
7c3ad6,Australia,0.0,True
a6a9d3,United States,42.98,False
78044e,China,261.44,False
a3d3b3,United States,294.83,False
c0508e,Canada,20.58,True
7c3acc,Australia,68.2,False
a010f7,United States,239.62,False
407ed8,United Kingdom,230.85,False
a4f3a8,United States,107.21,False
780461,China,212.59,False
aa7f2a,United States,235.84,False
0d08e3,Mexico,231.21,False
a646bc,United States,168.73,False
7cf40b,Australia,0.51,True
a1dc4b,United States,61.43,False
a263e3,United States,202.77,False
a130cb,United States,195.71,False
a899a2,United States,153.45,False
aa7f27,United States,124.34,False
aa7f25,United States,108.03,False
0d08f4,Mexico,148.96,False
c00e24,Canada,216.25,False
a68f4f,United States,,True
a406c9,United States,289.12,False
7cf407,Australia,0.51,True
a500a3,United States,51.29,False
a68f72,United States,36.62,False
a1dc31,United States,221.47,False
c00e14,Canada,224.02,False
a143e9,United States,190.48,False
ab574c,United States,4.12,True
c0509f,Canada,144.99,False
a18c5d,United States,80.13,False
0d08fd,Mexico,222.06,False
aa7f08,United States,231.36,False
c05056,Canada,250.99,False
c06380,Canada,93.07,False
c803f8,New Zealand,52.39,False
a539c9,United States,248.53,False
a8c489,United States,93.35,False
c05044,Canada,214.61,False
ab9de9,United States,113.73,False
abedc8,United States,255.51,False
a3e6b1,United States,265.99,False
a9d138,United States,50.54,False
a3e6ad,United States,137.1,False
7cf452,Australia,7.72,True
0d08b3,Mexico,229.89,False
7cf43c,Australia,4.12,True
c0506b,Canada,124.75,False
407eeb,United Kingdom,220.39,False
a539f5,United States,132.74,False
a7417e,United States,255.74,False
c05067,Canada,219.05,False
7cf442,Australia,1.8,True
e485b0,Brazil,219.12,False
881bba,Thailand,63.07,False
c05060,Canada,233.04,False
a3e6d2,United States,159.34,False
a03816,United States,0.45,True
881bc5,Thailand,51.1,False
ad84de,United States,169.16,False
e4999e,Brazil,185.46,False
0c603a,Trinidad and Tobago,133.94,False
a7ff72,United States,169.09,False
c1e896,Canada,11.83,True
71c223,Republic of Korea,212.16,False
71c220,Republic of Korea,174.99,False
a8d6bd,United States,191.18,False
e4997c,Brazil,167.08,False
a8c3a2,United States,215.61,False
aaaa92,United States,214.8,False
71c255,Republic of Korea,239.52,False
a860c9,United States,59.15,False
a620f5,United States,269.73,False
a27816,United States,36.49,False
71c259,Republic of Korea,0.0,True
a80c87,United States,241.64,False
a9f6c2,United States,0.0,True
71c245,Republic of Korea,273.52,False
71c247,Republic of Korea,233.46,False
aa11d3,United States,180.62,False
7cf635,Australia,3.34,True
7cf630,Australia,9.77,True
c05212,Canada,225.48,False
a1a861,United States,91.69,False
7cf632,Australia,0.06,True
a3d3f0,United States,217.18,False
a886bf,United States,154.6,False
c0653d,Canada,246.76,False
a7c9dc,United States,0.0,False
c0653f,Canada,251.41,False
a31ba2,United States,96.48,False
a38527,United States,244.07,False
aba917,United States,104.12,False
aca1da,United States,205.68,False
a0ceed,United States,56.92,False
a7ff34,United States,254.17,False
a92c25,United States,196.03,False
c8292d,New Zealand,81.9,False
c1e848,Canada,4.12,True
e0e082,Argentina,217.91,False
c06539,Canada,201.56,False
7cf618,Australia,3.34,True
a40820,United States,252.69,False
0d099a,Mexico,138.38,False
c82953,New Zealand,257.22,False
71c218,Republic of Korea,236.6,False
a19ecf,United States,184.38,False
780557,China,234.69,False
a1584a,United States,213.47,False
71c210,Republic of Korea,230.53,False
a6cc54,United States,220.2,False
0c6058,Trinidad and Tobago,135.35,False
a15878,United States,55.05,False
c06550,Canada,69.49,False
4408fb,Austria,273.75,False
a6cc45,United States,295.66,False
ac0fb6,United States,0.0,True
aa6d40,United States,76.22,False
7cf4d8,Australia,7.46,True
7cf4d2,Australia,1.29,True
7cf4d3,Australia,7.46,True
c00eb0,Canada,88.79,False
aa395b,United States,205.63,False
aa7fe4,United States,0.0,True
a2fbc1,United States,63.12,False
a49206,United States,0.0,True
503ce6,Lithuania,83.97,True
c8296c,New Zealand,27.23,False
a1a88d,United States,58.59,False
0d0963,Mexico,3.34,True
a3c235,United States,32.38,False
a3e895,United States,166.42,False
ac77d3,United States,176.47,False
e49907,Brazil,57.56,False
a32ede,United States,17.48,False
a55bbf,United States,55.41,False
a74201,United States,177.52,False
aabd2b,United States,211.11,False
aba7c2,United States,58.2,False
aa2629,United States,53.67,False
abca00,United States,292.67,False
a6deb0,United States,53.53,False
a67bc8,United States,272.15,False
3c814d,Germany,5.66,True
ab7a21,United States,218.13,False
a14584,United States,122.37,False
c00ec7,Canada,52.78,False
4ba913,Turkey,244.12,False
4ba912,Turkey,238.62,False
ab7a33,United States,82.67,False
71c279,Republic of Korea,211.22,False
a25287,United States,67.1,False
abca08,United States,247.3,False
aa2607,United States,133.98,False
a037b2,United States,191.37,False
a37265,United States,237.23,False
a037b9,United States,0.0,True
abca17,United States,139.43,False
e48614,Brazil,143.97,False
abdd63,United States,177.9,False
acb4c1,United States,225.04,False
a980b7,United States,168.41,False
7cf4ef,Australia,3.86,True
a2fbf1,United States,2.83,True
7cf4f1,Australia,0.51,True
ac51b2,United States,216.14,False
e49957,Brazil,210.06,False
4ba906,Turkey,0.0,False
3b1dff,France,1.03,True
ad97dd,United States,216.51,False
e49958,Brazil,154.39,False
aaaa4a,United States,0.0,True
aaaa64,United States,168.16,False
abdd67,United States,225.4,False
aabd7f,United States,249.87,False
c07805,Canada,78.64,False
71c286,Republic of Korea,137.46,False
a0bd18,United States,42.44,False
ad2efa,United States,153.65,False
a037da,United States,199.17,False
a9e536,United States,40.25,False
a7a568,United States,60.3,False
c050c5,Canada,180.91,False
86dca2,Japan,4.89,True
7817b7,China,0.9,True
a4f59c,United States,217.65,False
c063ce,Canada,102.3,False
a4e291,United States,37.13,False
a9d20f,United States,55.05,False
7817ad,China,204.74,False
c1e6eb,Canada,6.94,True
a7a555,United States,191.01,False
adc238,United States,246.04,False
a37295,United States,45.05,False
a8758b,United States,241.0,False
a98219,United States,220.23,False
aa6bed,United States,92.2,False
7817d8,China,228.37,False
aca22e,United States,229.57,False
a2a26d,United States,235.22,False
a74273,United States,85.1,False
c1e6d0,Canada,6.94,True
a8d845,United States,103.64,False
a1dd2d,United States,176.46,False
a3c259,United States,7.72,True
acb59c,United States,0.0,True
ad7282,United States,120.66,False
ad7284,United States,251.85,False
a251a2,United States,38.98,False
406e10,United Kingdom,207.7,False
406e11,United Kingdom,238.26,False
a7a512,United States,273.32,False
a264ae,United States,47.73,False
a9f837,United States,52.12,False
a18d5b,United States,136.87,False
3c817d,Germany,8.75,True
7804ca,China,193.58,False
aa6bc0,United States,242.34,False
7c07cd,Australia,2.31,True
8991dd,Taiwan,213.8,False
c050a0,Canada,162.51,False
3c818e,Germany,2.06,True
a7687b,United States,256.79,False
a9f818,United States,0.0,True
ad727a,United States,209.76,False
ad727d,United States,203.95,False
ad727c,United States,237.83,False
a0bd47,United States,41.07,False
3c8190,Germany,8.75,True
3c8191,Germany,6.69,True
aa6ba6,United States,164.16,False
a05a48,United States,269.06,False
a55d49,United States,43.29,False
ab9eac,United States,57.26,False
a9d284,United States,245.55,False
a2a1a5,United States,171.19,False
a55d54,United States,54.89,False
a05a8e,United States,90.58,False
aa24a8,United States,58.66,False
7cf52c,Australia,4.37,True
a371b0,United States,5.92,True
a9d28a,United States,162.81,False
a42a14,United States,84.8,False
ac783c,United States,58.74,False
a2c7f2,United States,53.99,False
ab9eca,United States,190.18,False
704003,Myanmar,122.96,False
ad2ea9,United States,5.66,True
8405b5,Japan,0.51,True
ad2ea4,United States,211.44,False
ad2ea1,United States,253.47,False
ac7849,United States,265.94,False
ab3214,United States,67.08,False
704011,Myanmar,19.69,False
a05a6b,United States,214.72,False
a1ca0d,United States,266.21,False
704018,Myanmar,107.08,False
ab586f,United States,195.51,False
a30a0e,United States,251.6,False
78059f,China,181.19,False
ab321b,United States,220.07,False
86dce6,Japan,292.45,False
aabbc9,United States,7.72,True
342582,Spain,209.73,False
e497e5,Brazil,125.59,False
a491be,United States,245.28,False
c0648a,Canada,35.73,False
a0aa7c,United States,244.42,False
abeeea,United States,196.6,False
c05190,Canada,214.68,False
49d26c,Czech Republic,216.11,False
a92bff,United States,29.4,False
ab324a,United States,185.5,False
a384f8,United States,217.11,False
407fff,United Kingdom,0.0,True
a67d17,United States,7.72,True
a3d4c6,United States,80.36,False
a07fa6,United States,239.22,False
a1ca5f,United States,158.12,False
781940,China,250.12,False
c03197,Canada,96.0,False
71c353,Republic of Korea,224.61,False
a2574d,United States,197.68,False
a3b414,United States,64.67,False
a1244d,United States,203.36,False
a89b7a,United States,47.94,False
a29dcf,United States,56.53,False
a66da8,United States,194.88,False
c82aa3,New Zealand,194.69,False
880c47,Thailand,5.14,True
a8b5fc,United States,273.53,False
71c375,Republic of Korea,276.4,False
71c379,Republic of Korea,3.34,True
a8fe96,United States,108.34,False
a37738,United States,189.39,False
ac5829,United States,156.58,False
78062c,China,138.39,False
ab2520,United States,6.43,True
a8a2dd,United States,50.48,False
a0ade2,United States,285.14,False
407e7b,United Kingdom,11.83,True
aaaec0,United States,78.24,False
71c363,Republic of Korea,163.22,False
a89b9b,United States,63.6,False
ab1203,United States,191.42,False
a77b76,United States,221.9,False
a7cb53,United States,4.37,True
71c317,Republic of Korea,241.13,False
a23148,United States,48.35,False
aaaebc,United States,48.11,False
e49c08,Brazil,159.53,False
e49c07,Brazil,244.34,False
a9e8ed,United States,44.86,False
71c316,Republic of Korea,190.48,False
a972d3,United States,225.85,False
ab1210,United States,116.29,False
aa4c9f,United States,47.33,False
a9d5e7,United States,172.69,False
a9c2b3,United States,178.55,False
a9d5e4,United States,94.15,False
ab120a,United States,228.45,False
71c304,Republic of Korea,224.68,False
71c305,Republic of Korea,127.33,False
503d17,Lithuania,239.07,False
a16adc,United States,4.63,True
a25785,United States,181.8,False
a8a2a2,United States,30.0,False
a12473,United States,0.51,False
780682,China,214.75,False
a23138,United States,205.97,False
71c329,Republic of Korea,225.01,False
e49c03,Brazil,210.63,False
a7cb67,United States,191.48,False
a25791,United States,62.25,False
a1bac2,United States,220.62,False
aa4c87,United States,2.31,True
a37765,United States,202.46,False
a0af06,United States,67.18,False
a3a155,United States,0.0,True
7d02e0,Australia,0.06,True
e49aab,Brazil,78.94,False
a9d71a,United States,46.23,False
47c98d,Norway,201.28,False
7cf5f4,Australia,5.92,True
adc6b8,United States,78.06,False
a05f31,United States,0.06,True
a05f37,United States,171.83,False
aca6c0,United States,291.49,False
a36493,United States,122.36,False
ad76bd,United States,29.18,False
abbc52,United States,226.33,False
a029e4,United States,259.58,False
a9d738,United States,27.82,False
3420c6,Spain,224.67,False
a3514f,United States,216.34,False
a4d483,United States,273.55,False
a149c1,United States,198.46,False
c0575d,Canada,110.92,False
ad63a8,United States,239.93,False
7cf5e0,Australia,13.38,True
acb9ed,United States,194.89,False
a96109,United States,247.36,False
a91de8,United States,258.38,False
a77ae0,United States,218.46,False
ab10d4,United States,229.09,False
aaf0c3,United States,241.83,False
39cea3,France,11.83,True
a05f11,United States,115.52,False
a89ab5,United States,36.7,False
a9d70d,United States,48.75,False
a4c170,United States,169.6,False
ab6c94,United States,74.0,False
a77ad8,United States,193.38,False
acdc40,United States,209.94,False
7c2b51,Australia,73.97,False
ac30c0,United States,109.15,False
e49aa9,Brazil,208.48,False
aaf0ce,United States,197.64,False
a6bda8,United States,197.65,False
a3c775,United States,273.36,False
aa4bc0,United States,2.57,True
ad63f7,United States,231.04,False
a73410,United States,306.09,False
ad50c9,United States,257.96,False
406b48,United Kingdom,284.36,False
abbc75,United States,1.54,True
880c4a,Thailand,227.98,False
407e71,United Kingdom,230.46,False
c05737,Canada,59.05,False
71c394,Republic of Korea,264.99,False
a4d42d,United States,92.21,False
ac30dc,United States,34.39,False
a53aae,United States,54.55,False
71c386,Republic of Korea,189.53,False
407e68,United Kingdom,216.12,False
71c385,Republic of Korea,281.22,False
407e4e,United Kingdom,109.23,False
e4a446,Brazil,221.37,False
c0440e,Canada,187.73,False
46dca2,Greece,4.37,True
406b22,United Kingdom,117.5,False
a74764,United States,245.14,False
407e53,United Kingdom,226.84,False
407e46,United Kingdom,218.06,False
a3a152,United States,191.51,False
440652,Austria,280.28,False
a123e2,United States,239.86,False
a54f31,United States,0.06,True
a256dc,United States,66.06,False
c82c15,New Zealand,40.09,False
a1cf6b,United States,185.66,False
7805a9,China,238.81,False
adb476,United States,8.75,True
a243d2,United States,228.86,False
ac69b6,United States,200.87,False
ad648f,United States,57.89,False
a496a5,United States,0.0,True
a389eb,United States,220.88,False
a8a478,United States,227.38,False
a256be,United States,63.39,False
a506d5,United States,77.63,False
a8418d,United States,0.0,True
a65c08,United States,166.7,False
a05f95,United States,1.8,True
7c3e12,Australia,20.74,False
a639e2,United States,38.24,False
ada167,United States,189.13,False
a123bf,United States,205.32,False
851492,Japan,186.71,False
a96161,United States,36.38,False
440670,Austria,238.44,False
a16c3a,United States,242.0,False
a28c23,United States,242.27,False
7cf5ac,Australia,6.17,True
a2ef8e,United States,40.6,False
ab6c26,United States,216.76,False
a01805,United States,246.48,False
a41c56,United States,142.51,False
a59197,United States,276.75,False
a89aca,United States,201.44,False
ab23b5,United States,195.52,False
a230d6,United States,248.9,False
a376fe,United States,0.77,True
a376ec,United States,179.73,False
a85493,United States,234.27,False
ac56d9,United States,186.58,False
a8b760,United States,251.38,False
ac56ba,United States,210.19,False
a496cb,United States,30.87,True
a90ac0,United States,70.53,False
a1cf96,United States,32.12,False
ac9f52,United States,188.44,False
ac69fc,United States,8.75,True
a3c6b9,United States,39.07,False
06a070,Qatar,279.79,False
a3a0cc,United States,219.36,False
aca73b,United States,78.59,False
ad7757,United States,46.69,False
503d62,Lithuania,139.65,False
a3a0cf,United States,206.5,False
aaf111,United States,220.15,False
aaaddc,United States,252.0,False
3949ee,France,254.04,False
a613e0,United States,252.68,False
ad7760,United States,245.49,False
06a072,Qatar,250.36,False
7c802f,Australia,157.55,False
aaadf8,United States,252.61,False
06a081,Qatar,241.46,False
7c8023,Australia,143.78,False
06a080,Qatar,177.05,False
7cf669,Australia,0.0,True
a6bf5a,United States,10.29,True
c055c6,Canada,193.19,False
c055c9,Canada,84.92,False
7c801c,Australia,143.28,False
c055d2,Canada,183.21,False
a6ac43,United States,216.32,False
a3a0ed,United States,122.73,False
c055ec,Canada,131.7,False
c055eb,Canada,92.78,False
e49b11,Brazil,81.98,False
39cf09,France,231.57,False
39cf03,France,241.31,False
3949e0,France,267.8,False
a01820,United States,218.17,False
aa4c3e,United States,123.41,False
7cf63b,Australia,1.03,True
a1bc9f,United States,53.92,False
3949e5,France,240.41,False
39cf0a,France,257.02,False
a733e6,United States,0.0,True
a65c8f,United States,47.85,False
adb415,United States,35.56,False
39cf11,France,149.83,False
a5e0d3,United States,201.46,False
c055f5,Canada,0.64,True
a41c69,United States,0.0,True
7cf62d,Australia,3.86,True
aca760,United States,224.32,False
7cf637,Australia,0.39,True
ac578c,United States,256.69,False
3949f7,France,118.65,False
3949f8,France,8.23,True
ab2496,United States,206.37,False
a77c11,United States,199.28,False
a7df23,United States,89.01,False
a0186d,United States,61.69,False
7c806a,Australia,218.74,False
407ce4,United Kingdom,218.61,False
a759eb,United States,225.95,False
a65c29,United States,243.21,False
7c806f,Australia,258.72,False
a3fc58,United States,187.26,False
a00559,United States,35.43,False
e49b88,Brazil,64.32,False
ab249d,United States,189.74,False
a3b3e5,United States,2.06,True
a999cb,United States,116.46,False
7cf68f,Australia,4.37,True
7c8071,Australia,0.0,True
7c8070,Australia,241.41,False
aca788,United States,170.99,False
7c8056,Australia,123.96,False
7c8055,Australia,58.51,False
aca79d,United States,240.36,False
a3b3df,United States,231.47,False
e49b53,Brazil,245.65,False
c055c1,Canada,143.04,False
7cf684,Australia,3.86,True
a25839,United States,3.09,True
780735,China,191.47,False
a1388c,United States,143.55,False
a2eed5,United States,64.97,False
7c2ba8,Australia,246.47,False
ac5920,United States,225.01,False
0d0312,Mexico,129.42,False
a50857,United States,49.14,False
acca88,United States,175.41,False
a2454f,United States,191.2,False
a98806,United States,179.76,False
aaafc5,United States,103.19,False
a28bbf,United States,95.51,False
a53ba4,United States,3.6,True
a23200,United States,178.18,False
78074a,China,221.9,False
406c81,United Kingdom,152.91,False
ab6cb0,United States,125.01,False
c2c237,Canada,121.82,False
a960e3,United States,52.57,False
7c3ea1,Australia,55.93,False
ac5956,United States,220.1,False
76b448,Singapore,219.67,False
a36516,United States,236.13,False
a2452c,United States,214.55,False
a37842,United States,194.83,False
ab3983,United States,218.48,False
a35254,United States,205.35,False
abbca1,United States,205.4,False
ab3989,United States,250.19,False
78076d,China,274.81,False
70412b,Myanmar,99.8,False
76b456,Singapore,188.37,False
aca950,United States,4.63,True
a24591,United States,241.84,False
ab7fee,United States,187.75,False
a42efc,United States,4.37,True
4b9e4a,Turkey,4.12,False
a36588,United States,223.06,False
4b9e55,Turkey,243.18,False
ac9ff2,United States,261.46,False
aca941,United States,19.28,False
ac3315,United States,188.31,False
ab0013,United States,279.41,False
a36562,United States,241.67,False
abbcc1,United States,80.28,False
7c2bc5,Australia,209.42,False
a24573,United States,134.64,False
a35220,United States,0.0,True
8514f8,Japan,184.81,False
a62825,United States,253.57,False
a3c847,United States,3.09,True
ac8ce5,United States,256.12,False
a41bb5,United States,270.88,False
7c2bb0,Australia,195.28,False
a973e0,United States,67.41,False
abaa1a,United States,213.74,False
acca19,United States,119.2,False
ab11d8,United States,48.11,False
a5f581,United States,175.94,False
adc7bd,United States,52.91,False
a3a27a,United States,129.64,False
407f2b,United Kingdom,228.5,False
ac31d7,United States,223.42,False
a9d81c,United States,35.14,False
abbd6e,United States,53.51,False
7c80ae,Australia,113.26,False
a7cbd9,United States,34.28,False
abaa43,United States,86.1,False
ac7a52,United States,258.66,False
a9c508,United States,225.36,False
ad9a33,United States,43.3,False
ac7a5b,United States,204.13,False
ac7a5e,United States,6.94,True
407f0e,United Kingdom,137.51,False
aaf1f2,United States,0.0,True
c8806f,Fiji,223.01,False
a9d807,United States,196.03,False
8621ea,Japan,190.82,False
407f8c,United Kingdom,185.9,False
80138d,India,238.94,False
c0583f,Canada,270.18,False
a7dea2,United States,84.33,False
abbd8d,United States,184.98,False
a15a08,United States,76.13,False
a6152a,United States,152.33,False
aa064d,United States,38.74,False
adea33,United States,77.9,False
407f7a,United Kingdom,235.59,False
c0583a,Canada,254.94,False
adea26,United States,245.74,False
a7486a,United States,200.62,False
406c3b,United Kingdom,271.22,False
a89ba6,United States,146.11,False
c8808f,Fiji,195.78,False
a84200,United States,0.0,True
aa4cc1,United States,125.16,False
a16d22,United States,226.76,False
406c3a,United Kingdom,190.53,False
a257a9,United States,113.91,False
a8b804,United States,59.36,False
a8b805,United States,227.87,False
c0584f,Canada,152.23,False
a9b0ed,United States,239.99,False
aa5fd3,United States,96.63,False
a5e229,United States,72.02,False
a72213,United States,175.49,False
a8683d,United States,41.29,False
e49a97,Brazil,157.36,False
851580,Japan,12.86,True
a16d89,United States,159.27,False
a3b4b5,United States,192.78,False
c05819,Canada,75.48,False
862226,Japan,169.46,False
7806c5,China,208.37,False
a0f1bb,United States,192.99,False
c030fd,Canada,270.14,False
a39a13,United States,203.2,False
86222e,Japan,6.94,True
e49a8a,Brazil,207.13,False
a9b273,United States,3.34,True
e49a8d,Brazil,91.08,False
a3ea15,United States,8.75,True
a3b4c7,United States,196.57,False
a9b279,United States,281.44,False
a53d2c,United States,209.66,False
ab37d6,United States,262.28,False
a3b4d6,United States,175.24,False
a27a26,United States,173.77,False
406ae8,United Kingdom,213.51,False
5100fc,Belarus,11.83,True
e49a86,Brazil,199.22,False
7c3f0a,Australia,90.78,False
a3b4e9,United States,143.02,False
ac57d2,United States,76.79,False
abbd0a,United States,183.71,False
a0191e,United States,0.0,True
7cf6c8,Australia,1.29,True
a471a8,United States,64.95,False
a00603,United States,97.55,False
c82b43,New Zealand,45.05,False
7cf6ae,Australia,3.6,True
aa059e,United States,0.0,True
ab5a1d,United States,213.32,False
ac57f9,United States,233.67,False
ac8d3c,United States,263.72,False
a364e7,United States,188.89,False
c82b55,New Zealand,119.08,False
acdd1b,United States,204.23,False
c82b71,New Zealand,54.21,False
ac8d58,United States,38.73,False
abaa0e,United States,299.76,False
ab24f7,United States,178.21,False
868ee4,Japan,265.6,False
342397,Spain,246.32,False
a1bd6a,United States,251.16,False
abbd47,United States,202.85,False
407dc5,United Kingdom,282.25,False
ae2ed5,United States,88.22,False
a53d9c,United States,274.72,False
a721bc,United States,161.05,False
c030a6,Canada,0.0,True
a854d0,United States,246.86,False
a471ec,United States,184.58,False
abbbae,United States,178.18,False
ad6539,United States,0.0,True
c043b7,Canada,224.74,False
ab124f,United States,170.41,False
71c501,Republic of Korea,107.07,False
a50900,United States,0.0,True
a5e1db,United States,47.54,False
a601ee,United States,60.92,False
a471e0,United States,264.27,False
aaf253,United States,168.48,False
aa4d77,United States,203.57,False
a52a99,United States,0.0,True
71c532,Republic of Korea,210.93,False
45ab53,Denmark,218.93,False
a2ca5f,United States,277.98,False
88628f,Thailand,288.89,False
71c534,Republic of Korea,222.29,False
8514b4,Japan,190.59,False
ae2ee2,United States,61.49,False
a77d7a,United States,64.41,False
7c2ad4,Australia,7.46,True
71c524,Republic of Korea,241.13,False
a27a94,United States,212.99,False
a2efae,United States,196.78,False
a89d0a,United States,228.64,False
a987b4,United States,69.51,False
acdbec,United States,113.18,False
a11326,United States,43.12,False
ad6595,United States,254.5,False
406ac3,United Kingdom,222.95,False
ada227,United States,135.82,False
aaf27c,United States,246.99,False
acdbe7,United States,229.14,False
a747cb,United States,241.62,False
ab129a,United States,201.72,False
ad526a,United States,63.3,False
a721a4,United States,192.8,False
ad526b,United States,86.29,False
a591d5,United States,0.0,True
ad5269,United States,136.97,False
a64a3b,United States,142.52,False
a0afca,United States,87.7,False
adc88f,United States,36.79,False
aaf29f,United States,217.61,False
407dbf,United Kingdom,96.45,False
a11316,United States,0.0,True
7806b5,China,137.84,False
a43ea6,United States,82.31,False
aced8f,United States,0.0,True
a63805,United States,185.43,False
a43ea2,United States,251.07,False
71c596,Republic of Korea,135.98,False
a01567,United States,198.36,False
a37517,United States,215.12,False
a8a0c1,United States,235.06,False
71c593,Republic of Korea,206.26,False
a78c8f,United States,206.03,False
71c588,Republic of Korea,139.39,False
a05bde,United States,1.03,True
a14880,United States,77.41,False
a14883,United States,45.52,False
a2551a,United States,144.25,False
71c581,Republic of Korea,217.14,False
ad61de,United States,0.0,True
a3c514,United States,157.86,False
789207,China,5.66,True
a9e6cb,United States,52.38,False
a2b810,United States,277.66,False
789215,China,268.83,False
a3c50a,United States,41.18,False
a850de,United States,59.93,False
a18ecc,United States,248.44,False
a9e6df,United States,195.11,False
a2422a,United States,56.99,False
a9e6c4,United States,29.0,False
aa01f9,United States,86.1,False
ab3628,United States,156.2,False
801439,India,209.87,False
a3b0f3,United States,203.01,False
71c554,Republic of Korea,103.31,False
aa01de,United States,200.2,False
801444,India,0.0,True
801441,India,0.0,False
a8c6e8,United States,218.77,False
71c556,Republic of Korea,217.62,False
a2554d,United States,29.69,False
a8c6e1,United States,66.88,False
78922c,China,193.46,False
ab2305,United States,0.06,True
a17bfe,United States,217.95,False
a8fc2e,United States,218.64,False
510080,Belarus,200.12,True
801455,India,192.25,False
71c540,Republic of Korea,156.34,False
71c541,Republic of Korea,153.68,False
ab362c,United States,237.23,False
a7ef4b,United States,1.54,True
a3b0fe,United States,209.17,False
a36200,United States,189.63,False
ab2316,United States,224.73,False
ab3648,United States,126.6,False
801421,India,142.91,False
a49510,United States,238.3,False
71c577,Republic of Korea,251.5,False
a0abc5,United States,205.92,False
0d0655,Mexico,0.73,False
a66c99,United States,250.83,False
0d0657,Mexico,228.93,False
acffb4,United States,200.28,False
71c570,Republic of Korea,91.5,False
a0157e,United States,53.61,False
a2b83b,United States,4.37,True
ad1fbc,United States,173.32,False
a2feaa,United States,57.59,False
789269,China,0.0,True
71c567,Republic of Korea,221.05,False
ab7cd3,United States,50.97,False
80141f,India,2.31,True
a12241,United States,31.34,False
aaad49,United States,180.02,False
ac54b2,United States,76.25,False
a6bba3,United States,212.54,False
a5f208,United States,233.65,False
3444ca,Spain,14.4,True
a3b268,United States,86.88,False
a7eeca,United States,51.78,False
acda02,United States,243.05,False
a66be6,United States,40.07,False
a1226e,United States,215.38,False
a8785d,United States,47.9,False
a50591,United States,49.92,False
a43eec,United States,224.63,False
a8c815,United States,41.47,False
801461,India,169.67,False
a12275,United States,52.72,False
801460,India,141.61,False
a2ebbd,United States,117.64,False
80145f,India,214.52,False
aced21,United States,264.15,False
aced23,United States,172.71,False
a30bce,United States,212.5,False
a3621e,United States,125.28,False
ac67fc,United States,202.87,False
7c81d1,Australia,0.0,True
aaad6d,United States,267.86,False
7c81d8,Australia,134.31,False
add7dc,United States,261.58,False
aa295d,United States,180.5,False
a027ca,United States,159.8,False
aa0300,United States,132.98,False
ac41ab,United States,100.85,False
a79ea8,United States,241.64,False
aa1635,United States,221.67,False
a79ea0,United States,251.02,False
aa2969,United States,41.16,False
a50549,United States,223.19,False
c05512,Canada,128.83,False
a54bab,United States,221.94,False
a3d87d,United States,197.35,False
a4e538,United States,163.63,False
abba55,United States,63.76,False
78082f,China,244.64,False
ac8a66,United States,218.67,False
4cc4f1,Iceland,84.4,False
ac41f3,United States,8.75,True
7cf7b9,Australia,0.51,False
ac4279,United States,187.66,False
ae2bee,United States,40.3,False
a387bd,United States,42.21,False
adc565,United States,30.51,False
a04a49,United States,0.64,True
acb89b,United States,205.54,False
06a1c0,Qatar,261.51,False
c040e8,Canada,4.63,True
a134d5,United States,199.0,False
a0ad3e,United States,202.69,False
a134ca,United States,56.78,False
a30d04,United States,59.82,False
a014c9,United States,206.87,False
407ac3,United Kingdom,244.96,False
8a0240,Indonesia,220.37,False
06a1e9,Qatar,238.48,False
06a1e7,Qatar,244.9,False
06a1e6,Qatar,268.73,False
a027fa,United States,211.13,False
a54d23,United States,57.0,False
a3d7e2,United States,112.57,False
c82a08,New Zealand,100.54,False
ac429b,United States,253.25,False
a241c4,United States,31.29,False
a001f9,United States,215.79,False
c066fb,Canada,195.38,False
c82a0f,New Zealand,129.17,False
a04a6d,United States,95.6,False
c053ba,Canada,216.0,False
a7dbaa,United States,193.53,False
a28a2c,United States,201.42,False
4bb856,Turkey,222.73,False
4bb84e,Turkey,229.05,False
ab34a7,United States,197.02,False
4bb84c,Turkey,237.2,False
4bb84a,Turkey,242.31,False
a04a4d,United States,153.31,False
a387f0,United States,67.66,False
a1cd55,United States,147.15,False
a17d5c,United States,2.57,True
7cf7bf,Australia,0.19,False
7cf7ba,Australia,0.51,False
c1e9f4,Canada,1.29,True
a267f8,United States,46.95,False
a2ed22,United States,236.82,False
a0ad6c,United States,226.0,False
407af2,United Kingdom,270.73,False
407af4,United Kingdom,269.53,False
407af5,United Kingdom,278.2,False
a3d7a7,United States,257.52,False
a5f270,United States,74.85,False
aa6efa,United States,1.54,True
4bb87a,Turkey,233.41,False
aa01b3,United States,5.92,True
8515a2,Japan,0.0,True
4cc52e,Iceland,259.83,False
46a5e7,Greece,232.11,False
a877d3,United States,82.35,False
a8fd11,United States,59.3,False
aa5d60,United States,292.34,False
ab8ef1,United States,67.66,False
c82a70,New Zealand,70.89,False
a3fa60,United States,52.96,False
a4d1c8,United States,211.16,False
ad8835,United States,231.12,False
ad8836,United States,0.0,True
4cc53b,Iceland,195.03,False
a997cc,United States,84.17,False
789286,China,3.86,True
789280,China,182.75,False
789285,China,9.26,True
a494e9,United States,183.58,False
c066dd,Canada,267.55,False
a3b1de,United States,55.31,False
78927e,China,198.54,False
78927f,China,257.99,False
504e70,Republic of Moldova,106.76,False
c066f4,Canada,6.69,True
4cc510,Iceland,126.82,False
789295,China,201.27,False
a121ec,United States,34.78,False
789296,China,6.17,True
504e61,Republic of Moldova,204.01,False
a2ed5a,United States,90.43,False
7c2bf9,Australia,186.25,False
a78d57,United States,54.35,False
4bb876,Turkey,236.71,False
c053b4,Canada,203.36,False
a29d93,United States,230.89,False
3cf3a4,Germany,134.13,False
4bb86f,Turkey,254.23,False
a494c5,United States,231.56,False
a9d59a,United States,182.13,False
aa5d23,United States,0.64,False
4cc582,Iceland,232.03,False
c82a8e,New Zealand,68.37,False
78929c,China,0.0,True
ac9be4,United States,91.37,False
78929d,China,1.29,True
a517dc,United States,0.0,True
ac4237,United States,244.4,False
ac5569,United States,219.15,False
a54d2d,United States,31.82,False
a2b911,United States,94.36,False
469e45,Greece,112.56,False
8a028f,Indonesia,228.26,False
a3c4d0,United States,189.88,False
4cc57b,Iceland,245.89,False
4cc57c,Iceland,215.52,False
a05cc7,United States,189.02,False
8a0295,Indonesia,236.61,False
acb878,United States,212.54,False
a481f2,United States,68.03,False
46b8b4,Greece,155.78,False
a13608,United States,247.98,False
8a0289,Indonesia,210.46,False
a66d33,United States,113.44,False
4cc573,Iceland,239.19,False
4cc570,Iceland,256.75,False
acebbe,United States,68.54,False
a65a0b,United States,94.83,False
7807bb,China,179.95,False
ac425a,United States,214.92,False
a9d599,United States,51.67,False
a13668,United States,239.55,False
a05cf3,United States,194.45,False
a8a1e7,United States,36.83,False
a3c60d,United States,138.9,False
c03068,Canada,233.59,False
c03069,Canada,70.94,False
86cf6f,Japan,64.32,False
801527,India,0.51,False
406a59,United Kingdom,220.89,False
a55fc6,United States,54.97,False
06a128,Qatar,239.2,False
e4a12c,Brazil,219.31,False
a51958,United States,206.99,False
a31fd1,United States,156.18,False
e4a125,Brazil,258.4,False
06a11d,Qatar,89.04,False
a9d4d7,United States,63.89,False
a87913,United States,48.16,False
a87907,United States,222.86,False
ac5700,United States,92.27,False
a51968,United States,187.66,False
e4a131,Brazil,206.1,False
e4a130,Brazil,80.42,False
407d5f,United Kingdom,131.08,False
e4a117,Brazil,211.89,False
adb2ee,United States,48.94,False
a3c649,United States,287.47,False
a24304,United States,52.56,False
407d5c,United Kingdom,224.89,False
a1230b,United States,45.23,False
a91d8e,United States,220.25,False
c0307c,Canada,255.84,False
06a140,Qatar,236.72,False
a0acb6,United States,218.65,False
a13650,United States,203.35,False
a2b98d,United States,32.54,False
a36344,United States,114.86,False
7c7144,Australia,37.08,False
a12378,United States,1.8,True
a984d1,United States,0.0,True
a9e7e8,United States,30.82,False
a984d4,United States,192.52,False
06a13c,Qatar,256.59,False
a0acff,United States,4.89,True
a1ccec,United States,2.83,True
406a9c,United Kingdom,238.13,False
a8fd3c,United States,298.38,False
a48321,United States,193.45,False
ac5723,United States,131.72,False
aaadb2,United States,200.79,False
a36345,United States,74.14,False
a864cd,United States,7.46,True
a38991,United States,233.41,False
a6aa2f,United States,38.29,False
a24369,United States,1.29,True
a48315,United States,170.93,False
86cf38,Japan,286.06,False
c0301d,Canada,74.94,False
a23030,United States,0.0,True
a3d90a,United States,0.0,True
801570,India,149.78,False
a997e5,United States,228.56,False
a13687,United States,234.75,False
a11020,United States,136.93,False
80152e,India,217.3,False
a6aa5f,United States,58.67,False
ac5746,United States,220.15,False
7c2dff,Australia,34.47,False
aca738,United States,60.17,False
a31fda,United States,0.9,True
a25678,United States,67.52,False
c80783,New Zealand,42.38,False
a8fd2c,United States,205.83,False
090149,Angola,206.38,False
7c1ac1,Australia,197.19,False
a8b4c6,United States,198.27,False
7c2df8,Australia,44.39,False
a0acf8,United States,203.94,False
a55fa2,United States,209.15,False
a0acf9,United States,200.8,False
a11035,United States,65.79,False
a05e02,United States,29.32,True
ab6b45,United States,218.68,False
a9e935,United States,53.87,False
a05e16,United States,82.54,False
80159e,India,277.3,False
80159f,India,271.31,False
a66cf7,United States,0.0,True
ac8b2e,United States,0.0,True
aaae79,United States,240.22,False
80159a,India,79.87,False
a7a956,United States,74.6,False
abbb24,United States,0.0,True
a8a309,United States,142.93,False
a78cc5,United States,208.51,False
a2ecfb,United States,77.71,False
874518,Japan,203.72,False
c0433e,Canada,61.74,False
a4c036,United States,60.67,False
a2a686,United States,212.51,False
ac9e77,United States,206.0,False
a4832e,United States,55.68,False
ac55f3,United States,244.1,False
85186a,Japan,117.78,False
ac8b43,United States,232.15,False
a4c03c,United States,34.02,False
a3b398,United States,8.23,True
86cea3,Japan,256.12,False
a2ecf3,United States,230.89,False
a8530a,United States,28.74,False
ac42bf,United States,223.74,False
acee50,United States,270.39,False
a6cffc,United States,226.14,False
ac9e83,United States,41.48,False
a74679,United States,198.01,False
a66ca8,United States,72.72,False
407d4c,United Kingdom,227.79,False
a4e62a,United States,40.84,False
a04b0a,United States,236.85,False
a66ca5,United States,202.38,False
a0ae0e,United States,135.07,False
a3c662,United States,132.65,False
407d44,United Kingdom,231.65,False
851826,Japan,144.43,False
406a04,United Kingdom,237.28,False
a148b1,United States,34.98,False
abbb77,United States,224.17,False
a148b9,United States,3.86,True
c06952,Canada,138.67,False
a87942,United States,0.45,True
a59012,United States,50.15,False
a48379,United States,172.08,False
780965,China,9.77,True
78095a,China,203.36,False
06a103,Qatar,119.24,False
a54cf6,United States,57.29,False
a75966,United States,145.59,False
885110,Thailand,2.06,True
a3d8be,United States,205.12,False
aaf073,United States,18.7,False
c06909,Canada,51.01,False
a84059,United States,43.22,False
7c2e45,Australia,207.73,False
7c2e48,Australia,6.17,True
7892a3,China,1.29,False
7892a4,China,174.69,False
a42e13,United States,164.52,False
a66e03,United States,238.64,False
a53b06,United States,59.55,False
c819de,New Zealand,138.68,False
a78e09,United States,202.24,False
ad639e,United States,241.21,False
7c2e2e,Australia,126.14,False
a17e3a,United States,18.44,False
0ac9ef,Colombia,238.74,False
a2b8b8,United States,254.5,False
0ac9ee,Colombia,237.69,False
ab48bf,United States,165.72,False
a96046,United States,66.81,False
a388af,United States,227.81,False
885115,Thailand,91.41,False
a8a35b,United States,41.17,False
8013c2,India,190.27,False
e1040d,Argentina,226.46,False
a60052,United States,183.98,False
4bb722,Turkey,4.89,True
a9d63b,United States,201.8,False
a1ce99,United States,283.53,False
680009,Bhutan,248.09,False
ab48e8,United States,269.69,False
a9d646,United States,52.36,False
a3a086,United States,5.92,False
aaae1b,United States,188.12,False
a86674,United States,15.43,True
68000a,Bhutan,230.51,False
a495bf,United States,218.29,False
ad88a2,United States,49.56,False
06a0de,Qatar,238.98,False
ac9e23,United States,102.09,False
a375ca,United States,72.48,False
a41b0f,United States,53.11,False
7cf8eb,Australia,147.9,False
a362a9,United States,209.78,False
a362b2,United States,137.89,False
a9e956,United States,0.0,True
7cf8f3,Australia,220.72,False
a8a319,United States,195.83,False
ab35cb,United States,215.72,False
a2b8f1,United States,71.61,False
a29e5c,United States,0.0,True
aaae4b,United States,273.06,False
06a0fe,Qatar,281.68,False
06a0fc,Qatar,231.12,False
ac696c,United States,265.14,False
ad7631,United States,193.48,False
ad7634,United States,0.64,True
ad1fcd,United States,197.23,False
ad7639,United States,210.66,False
acffbc,United States,67.42,False
acffbe,United States,233.07,False
a53b69,United States,100.08,False
a745db,United States,267.52,False
71c751,Republic of Korea,74.1,False
71c752,Republic of Korea,242.37,False
71c753,Republic of Korea,151.84,False
7c7070,Australia,54.2,False
a3fb6f,United States,213.47,False
8013fb,India,225.71,False
8013fc,India,11.83,True
a865c8,United States,0.0,True
ac9cd6,United States,79.22,False
71c747,Republic of Korea,213.78,False
ac6993,United States,196.65,False
a9d5a2,United States,0.0,False
71c741,Republic of Korea,225.41,False
71c744,Republic of Korea,198.13,False
aa02ac,United States,37.04,False
600b21,Azerbaijan,265.82,False
a732d9,United States,0.45,True
aa4b32,United States,4.63,True
a865ca,United States,57.12,False
ac300d,United States,1.29,False
a7cb29,United States,54.02,False
ad763b,United States,251.71,False
aa5e3e,United States,74.91,False
c054d1,Canada,54.8,False
acffe6,United States,77.23,False
a7cb0b,United States,213.3,False
a495e9,United States,214.0,False
0ac9de,Colombia,149.51,False
4a2182,Romania,8.23,True
ac3030,United States,292.22,False
adc63b,United States,115.23,False
71c712,Republic of Korea,214.89,False
a6be24,United States,74.96,False
342107,Spain,6.69,True
0ac9f2,Colombia,199.68,False
a9b06f,United States,171.55,False
a53b38,United States,104.81,False
71c704,Republic of Korea,75.17,False
71c708,Republic of Korea,239.24,False
ac5697,United States,191.76,False
a1240a,United States,231.66,False
a1373d,United States,291.93,False
a54e71,United States,148.95,False
a05ddc,United States,198.39,False
a8a391,United States,248.78,False
ac3053,United States,92.37,False
a7de16,United States,249.01,False
a12403,United States,305.12,False
8409ed,Japan,182.54,False
adc64a,United States,23.16,False
a9607d,United States,239.55,False
c067ae,Canada,205.09,False
a41b89,United States,207.24,False
ab76bc,United States,6.69,True
aa8c39,United States,232.71,False
408120,United Kingdom,225.4,False
aa56db,United States,151.02,False
a2e5ec,United States,206.87,False
a7b08d,United States,282.0,False
aa56da,United States,145.87,False
7c6b2f,Australia,92.6,False
408121,United Kingdom,252.1,False
ade18c,United States,279.34,False
abd9d9,United States,282.68,False
ade191,United States,153.8,False
a665b9,United States,256.35,False
7c6b40,Australia,237.15,False
880458,Thailand,229.17,False
a305fd,United States,199.26,False
a21b85,United States,51.14,False
a34e6a,United States,174.49,False
ae0197,United States,96.74,False
ae0195,United States,168.4,False
ade17a,United States,57.72,False
7c6b1b,Australia,204.44,False
7c6b31,Australia,272.95,False
7c6b30,Australia,231.92,False
aaef60,United States,150.22,False
7c6b38,Australia,0.0,True
7c6b37,Australia,202.55,False
a282e5,United States,229.84,False
ace6b5,United States,82.07,False
ab0f6f,United States,81.23,False
ad3c16,United States,11.83,True
7c6b0d,Australia,218.73,False
7c6b0b,Australia,231.36,False
ac96be,United States,202.89,False
a34e72,United States,37.23,False
4952d1,Portugal,204.08,False
c01aa6,Canada,213.59,False
a175fa,United States,144.26,False
a21b44,United States,153.5,False
aa56b5,United States,205.38,False
a808d5,United States,206.17,False
a46e40,United States,260.25,False
a1fb33,United States,214.13,False
aa56b3,United States,272.35,False
aa9f39,United States,46.96,False
4952c7,Portugal,225.27,False
acf9cf,United States,55.62,False
ab63d7,United States,214.24,False
a46e35,United States,211.25,False
7c6b18,Australia,69.14,False
a33b1e,United States,213.34,False
7c6b17,Australia,234.52,False
4952ab,Portugal,171.28,False
a6fe31,United States,85.03,False
e4943f,Brazil,258.68,False
aaef89,United States,224.9,False
ad4f72,United States,0.0,True
ac83ad,United States,43.22,False
a8e382,United States,69.09,False
ad3c1f,United States,205.36,False
7c6b80,Australia,51.54,False
a9036a,United States,110.49,False
a7b057,United States,207.5,False
abb3b6,United States,272.43,False
7c6b5a,Australia,50.92,False
a2d2eb,United States,137.77,False
4952a5,Portugal,230.32,False
e49450,Brazil,118.12,False
e48120,Brazil,91.67,False
a58e1e,United States,213.21,False
a34e9d,United States,0.0,True
7c6b3b,Australia,282.46,False
ace6e2,United States,195.02,False
ad4f86,United States,275.52,False
a88075,United States,254.47,False
a9f016,United States,56.7,False
a94b51,United States,199.33,False
0d0aca,Mexico,239.88,False
a94b50,United States,202.18,False
861f3c,Japan,298.2,False
a69b92,United States,252.82,False
a69b90,United States,86.05,False
a94b4d,United States,233.76,False
ad0799,United States,230.21,False
ae277c,United States,0.0,False
a16410,United States,72.81,False
ab649a,United States,168.35,False
aba155,United States,210.87,False
4b1885,Switzerland,0.0,True
3c65c2,Germany,4.12,False
0d0af1,Mexico,63.78,False
a05776,United States,198.9,False
a03115,United States,112.15,False
a83e86,United States,208.41,False
4b1880,Switzerland,14.4,True
4b1882,Switzerland,220.45,False
0d0af7,Mexico,235.84,False
ac1afa,United States,203.05,False
8686aa,Japan,213.2,False
a8f5be,United States,277.78,False
861f5e,Japan,6.69,True
adf45a,United States,148.43,False
ac7179,United States,145.49,False
acd486,United States,224.83,False
a94b2e,United States,204.22,False
aa8c99,United States,94.57,False
a54711,United States,48.9,False
0d0afb,Mexico,155.52,False
a45b96,United States,201.24,False
ab0f11,United States,68.53,False
aa30d3,United States,69.72,False
3c407e,Germany,3.86,True
a6eb1e,United States,0.0,False
a34dbf,United States,159.28,False
a41410,United States,60.76,False
a28444,United States,106.38,False
a41412,United States,163.34,False
a94b0a,United States,0.19,True
ab89c3,United States,66.36,False
7c6b07,Australia,148.25,False
a1a110,United States,225.64,False
0d0aa8,Mexico,232.29,False
847c18,Japan,235.88,False
ac2f18,United States,215.94,False
a94b29,United States,158.48,False
aa9f95,United States,38.34,False
861f00,Japan,107.31,False
a71e5c,United States,212.12,False
a83e49,United States,127.07,False
a915cf,United States,62.76,False
a2840e,United States,265.04,False
c81108,New Zealand,43.19,False
aaef21,United States,240.56,False
abd9b6,United States,239.48,False
c02e91,Canada,112.15,False
a6a2d0,United States,60.24,False
c01b4f,Canada,214.46,False
a0311d,United States,0.0,True
a57b8b,United States,249.93,False
aa43c4,United States,162.93,False
a69b86,United States,210.52,False
a94b05,United States,261.06,False
a94b02,United States,265.27,False
ac2f37,United States,207.75,False
a94b08,United States,238.81,False
a1c737,United States,57.51,False
a29748,United States,187.29,False
a08acb,United States,193.79,False
aa9f70,United States,0.0,True
a58de0,United States,259.75,False
758368,Philippines,215.85,False
c82458,New Zealand,82.14,False
7c7cce,Australia,4.12,True
a2d44a,United States,44.86,False
a71dc2,United States,191.28,False
a41447,United States,98.21,False
782005,China,194.21,False
758378,Philippines,45.57,False
ab774b,United States,0.0,True
a1b472,United States,40.53,False
a95da3,United States,136.5,False
a0dae2,United States,214.53,False
7c362d,Australia,0.0,True
a4aabc,United States,0.0,True
aaa74e,United States,49.12,False
c82472,New Zealand,37.81,False
75832f,Philippines,77.6,False
a1b449,United States,229.4,False
a39100,United States,3.34,True
a42750,United States,184.25,False
ac7103,United States,127.07,False
a42752,United States,62.96,False
7c3635,Australia,52.58,False
7c3637,Australia,,True
75833a,Philippines,0.77,True
86d5fa,Japan,67.06,False
a34de6,United States,116.69,False
a27190,United States,0.0,True
a3f401,United States,8.75,True
ab6458,United States,159.16,False
a27197,United States,95.35,False
861e78,Japan,76.66,False
a2718b,United States,67.95,False
ac1ab8,United States,183.47,False
c8247f,New Zealand,56.62,False
ac2dea,United States,144.52,False
861e4e,Japan,134.88,False
ac7121,United States,79.92,False
49530b,Portugal,214.19,False
49530c,Portugal,219.46,False
a6670c,United States,225.29,False
75831c,Philippines,0.0,True
abb440,United States,232.59,False
a3915a,United States,206.5,False
aadae3,United States,155.69,False
ae1438,United States,134.02,False
84cb66,Japan,211.09,False
758304,Philippines,138.44,False
14fc25,Russian Federation,234.95,False
861e92,Japan,260.6,False
a65408,United States,89.4,False
a94b6b,United States,225.64,False
495306,Portugal,202.72,False
495308,Portugal,243.5,False
495302,Portugal,210.2,False
495304,Portugal,158.01,False
a3f436,United States,212.39,False
ace74e,United States,0.0,True
84cb5b,Japan,192.34,False
4248cb,United Kingdom,231.05,False
ac712d,United States,5.14,True
758307,Philippines,234.23,False
a0a6c5,United States,228.04,False
408086,United Kingdom,240.93,False
a6a482,United States,57.22,False
a94ae3,United States,279.7,False
a9044e,United States,101.5,False
acd2be,United States,239.61,False
0d0b4b,Mexico,225.82,False
acd2d3,United States,129.87,False
a4018d,United States,37.73,False
ac82e3,United States,140.05,False
e49368,Brazil,228.85,False
a8f77c,United States,260.62,False
3c5426,Germany,8.75,True
3c5425,Germany,214.33,False
e4803d,Brazil,0.0,True
a76154,United States,186.06,False
abb2e7,United States,55.91,False
ac82f8,United States,264.93,False
408064,United Kingdom,221.34,False
408062,United Kingdom,244.6,False
0d0b6a,Mexico,146.82,False
c87f28,New Zealand,91.69,False
e48014,Brazil,75.4,False
a8f75b,United States,127.02,False
a5df05,United States,47.73,False
408053,United Kingdom,238.16,False
c87f2b,New Zealand,110.0,False
a1a18f,United States,232.43,False
a09f67,United States,61.75,False
40803c,United Kingdom,161.95,False
0d0b92,Mexico,203.73,False
0d0b91,Mexico,208.1,False
3c6702,Germany,244.73,False
a6a445,United States,50.92,False
3c6706,Germany,259.39,False
c87f3c,New Zealand,78.9,False
a306e4,United States,37.05,False
a8941f,United States,32.04,False
a1fc3b,United States,114.73,False
a57af9,United States,60.39,False
3c6710,Germany,229.95,False
0d0b20,Mexico,258.87,False
7c492b,Australia,0.13,True
a83dd0,United States,45.1,False
a163f2,United States,212.68,False
3c6718,Germany,237.82,False
a21c4c,United States,234.7,False
7c4947,Australia,78.09,False
75839f,Philippines,237.17,False
a21c53,United States,272.71,False
a030a8,United States,124.78,False
c02cf1,Canada,266.08,False
758386,Philippines,73.45,False
a34f40,United States,214.16,False
3c670b,Germany,236.19,False
3c670a,Germany,273.19,False
a6a45e,United States,0.0,True
3c670f,Germany,269.41,False
3c670e,Germany,286.0,False
a8943d,United States,207.24,False
3c670c,Germany,237.02,False
a6eacf,United States,189.54,False
ac970f,United States,213.82,False
e4805d,Brazil,238.95,False
aa4440,United States,212.13,False
e49390,Brazil,204.62,False
7c4923,Australia,193.89,False
7c4921,Australia,250.62,False
a64163,United States,169.47,False
a65490,United States,162.57,False
ab64af,United States,58.07,False
a4bf72,United States,30.19,False
a70c23,United States,41.7,False
c02ebd,Canada,251.07,False
a666cd,United States,250.06,False
abc7c6,United States,204.0,False
ac1d1e,United States,235.74,False
a5cc37,United States,91.23,False
a283ed,United States,191.88,False
7c6c53,Australia,0.0,True
c0850c,Canada,85.75,False
ad07bf,United States,0.0,True
a1a0c4,United States,263.13,False
aa44ac,United States,243.41,False
7582f5,Philippines,235.91,False
ac97e4,United States,156.18,False
a46f75,United States,168.12,False
ac0a22,United States,0.0,True
a4bf95,United States,257.68,False
aa57e6,United States,233.69,False
a5cc44,United States,42.34,False
7c6c2b,Australia,44.73,False
7c6c2a,Australia,70.14,False
40820e,United Kingdom,221.45,False
c0853f,Canada,214.02,False
7c7f77,Australia,40.3,False
ac0a0c,United States,68.84,False
a34f7f,United States,205.56,False
7c7f4b,Australia,46.37,False
408213,United Kingdom,218.96,False
a7d6b3,United States,290.29,False
7c7f4d,Australia,59.24,False
a809f8,United States,202.86,False
c08536,Canada,214.97,False
a2d3b3,United States,184.58,False
a69c64,United States,109.21,False
7c49fb,Australia,0.0,True
a7d6b1,United States,49.85,False
ac84cc,United States,70.93,False
408210,United Kingdom,232.5,False
aadd5e,United States,62.21,False
c02ee7,Canada,248.6,False
ace7bf,United States,208.05,False
a4ac03,United States,136.27,False
ae4a16,United States,101.95,False
a4bf41,United States,214.19,False
ab9a5b,United States,193.17,False
7c6c97,Australia,220.85,False
a1781f,United States,90.1,False
aba1b2,United States,65.51,False
acd4c0,United States,56.77,False
ad3d4e,United States,141.88,False
a7c496,United States,83.18,False
408262,United Kingdom,227.44,False
c821ee,New Zealand,209.47,False
adf4c6,United States,30.47,False
a666b9,United States,61.63,False
3c6562,Germany,227.37,False
c821f8,New Zealand,135.35,False
a8e46d,United States,117.94,False
ac0a75,United States,206.14,False
acd4d7,United States,207.63,False
a5cc19,United States,203.27,False
a270db,United States,37.3,False
a5cc13,United States,199.17,False
ae14ba,United States,67.68,False
a5cc12,United States,243.31,False
a5cc11,United States,206.61,False
ac71dd,United States,223.05,False
a4bf4d,United States,75.12,False
ae4a28,United States,84.77,False
a400b2,United States,219.16,False
40823c,United Kingdom,211.91,False
40823d,United Kingdom,221.83,False
ae5be6,United States,60.31,False
a05882,United States,87.46,False
abb592,United States,82.78,False
8674aa,Japan,107.87,False
a15218,United States,50.99,False
3c64a2,Germany,73.05,False
a22ed0,United States,159.43,False
a94c7b,United States,250.65,False
a03235,United States,149.83,False
a82c9c,United States,200.66,False
a3f500,United States,7.2,True
a17847,United States,266.53,False
e491b1,Brazil,250.91,False
a9af67,United States,28.63,False
3c64a5,Germany,0.0,True
abb59e,United States,201.04,False
aba281,United States,139.23,False
a2e806,United States,212.81,False
ad928d,United States,186.23,False
0a008c,Algeria,220.58,False
a70c67,United States,218.36,False
7c7f52,Australia,48.77,False
aa7a61,United States,193.69,False
7c7f54,Australia,31.58,False
a94c2a,United States,155.09,False
7c6c27,Australia,229.63,False
a6ec56,United States,202.51,False
a5cc4c,United States,198.48,False
7c6c24,Australia,107.45,False
c083aa,Canada,247.18,False
ab77ac,United States,117.94,False
c01c48,Canada,156.84,False
a1a218,United States,103.45,False
a5cc72,United States,31.67,False
c01c52,Canada,270.45,False
ad9293,United States,84.41,False
e491f0,Brazil,251.49,False
a1c868,United States,242.36,False
0a0078,Algeria,197.36,False
a880b0,United States,183.08,False
a1c857,United States,42.3,False
a0eeeb,United States,69.06,False
7c7f0e,Australia,73.27,False
4a08a5,Romania,229.47,False
c82336,New Zealand,58.43,False
ace81d,United States,227.26,False
a78865,United States,54.99,False
3c64fa,Germany,241.51,False
4080a2,United Kingdom,224.73,False
7c6ab0,Australia,5.4,True
c82349,New Zealand,8.75,True
a2d573,United States,144.65,False
a6b840,United States,176.31,False
a45bd7,United States,266.11,False
a69bc3,United States,201.88,False
75847f,Philippines,147.62,False
ab6552,United States,240.95,False
a5dee6,United States,33.75,False
a2725d,United States,67.6,False
a5dee3,United States,178.33,False
7c6aa0,Australia,5.66,True
a69bcd,United States,0.45,True
a69bd9,United States,0.0,True
aaa86a,United States,8.23,True
abb534,United States,7.46,True
ad0851,United States,4.37,True
c01c28,Canada,236.8,False
a70bc9,United States,219.36,False
a1b573,United States,61.49,False
4a08e9,Romania,67.32,False
aadbe1,United States,28.07,False
a0a7a0,United States,205.85,False
4080f1,United Kingdom,167.3,False
aa9eb3,United States,167.37,False
a057c7,United States,196.46,False
4080df,United Kingdom,235.03,False
4080de,United Kingdom,224.73,False
769105,Singapore,269.55,False
a2c27e,United States,207.14,False
7c6af6,Australia,186.12,False
782168,China,254.06,False
758453,Philippines,5.66,True
ac8577,United States,77.7,False
86d6c8,Japan,179.35,False
7c6aea,Australia,11.74,False
a880ed,United States,45.34,False
7c6ae1,Australia,116.48,False
a6b833,United States,249.81,False
3c64f4,Germany,205.18,False
ae5bd2,United States,56.48,False
7c246e,Australia,3.86,True
4080c0,United Kingdom,6.69,True
0d0a9a,Mexico,232.81,False
a64208,United States,47.74,False
4080ad,United Kingdom,231.36,False
4080b6,United Kingdom,6.17,True
acd552,United States,149.53,False
ac857b,United States,230.29,False
a1a286,United States,142.71,False
aa5806,United States,150.46,False
a9f229,United States,103.12,False
e49247,Brazil,232.86,False
4b15d6,Switzerland,260.8,False
a94bff,United States,8.75,True
abfc97,United States,254.22,False
ac70da,United States,74.89,False
861ebc,Japan,78.34,False
861ef8,Japan,252.61,False
408183,United Kingdom,217.86,False
408184,United Kingdom,233.44,False
a8d224,United States,75.64,False
a547b1,United States,48.75,False
a297ae,United States,48.1,False
842250,Japan,173.47,False
e49220,Brazil,251.57,False
a1fd03,United States,166.22,False
40815b,United Kingdom,208.87,False
40815c,United Kingdom,219.88,False
a8d206,United States,3.34,True
a9aebe,United States,252.36,False
a33d62,United States,244.85,False
a8953c,United States,41.64,False
a71efa,United States,203.72,False
a89545,United States,10.29,True
a65598,United States,136.51,False
a83ef5,United States,132.16,False
a76235,United States,4.63,True
a6b87a,United States,0.39,True
a271b0,United States,173.34,False
acc0f4,United States,57.42,False
ab6511,United States,21.02,False
a1b4ab,United States,8.75,True
c08463,Canada,109.94,False
ab6519,United States,59.66,False
7103d6,Saudi Arabia,252.63,False
abc80c,United States,117.48,False
c01ae8,Canada,0.0,True
a284b5,United States,275.35,False
abb507,United States,100.31,False
e4926f,Brazil,221.1,False
ab0ed6,United States,216.74,False
a19a48,United States,220.72,False
a1c7e8,United States,51.76,False
aa9eef,United States,0.0,True
a1b4b2,United States,133.08,False
a59f53,United States,69.97,False
a2f6cb,United States,120.85,False
a6d9c3,United States,199.27,False
0d0e2b,Mexico,228.93,False
a280b8,United States,21.09,True
aaed17,United States,166.11,False
0d0e46,Mexico,221.73,False
acd296,United States,216.48,False
a34c38,United States,77.85,False
a58c29,United States,202.75,False
7820b9,China,260.14,False
a2f6ba,United States,213.27,False
a34c2f,United States,179.96,False
a89187,United States,32.41,False
a0b6f5,United States,51.98,False
ad4d12,United States,212.96,False
7583e7,Philippines,94.19,False
a6d9e3,United States,157.43,False
a689f0,United States,48.72,False
a58c2e,United States,5.92,True
a676c4,United States,171.08,False
abd7b4,United States,297.88,False
7820bd,China,208.82,False
a2f6b3,United States,185.26,False
7820bc,China,166.79,False
a449cb,United States,295.58,False
c080dc,Canada,232.01,False
7820db,China,209.98,False
c820b6,New Zealand,235.42,False
a2d0b9,United States,49.34,False
7c6d9f,Australia,234.02,False
7c6d9d,Australia,227.1,False
a4cf12,United States,133.65,False
abd7f1,United States,28.29,False
a59f15,United States,200.6,False
0d0e01,Mexico,245.8,False
c820c9,New Zealand,58.51,False
ab0d76,United States,0.0,True
a2d0b2,United States,35.11,False
c080e3,Canada,57.63,False
a423d7,United States,217.31,False
7c6d8e,Australia,74.77,False
7c6d8c,Australia,0.0,True
aaed5a,United States,207.07,False
0d0e12,Mexico,199.43,False
a4cf26,United States,148.42,False
0d0e15,Mexico,236.0,False
abc4be,United States,186.85,False
a34c68,United States,247.65,False
7c6d8f,Australia,170.53,False
0d0e16,Mexico,169.95,False
ab0d85,United States,76.94,False
7583a2,Philippines,195.35,False
aaa4dc,United States,273.41,False
7820fb,China,205.07,False
7820fa,China,211.16,False
7c6d7c,Australia,229.06,False
151df1,Russian Federation,236.05,False
ac1a44,United States,211.0,False
a303d8,United States,62.27,False
7583ab,Philippines,141.42,False
7c6d7f,Australia,242.58,False
a34c57,United States,294.67,False
7c6d7e,Australia,146.83,False
7c6d96,Australia,172.53,False
7583b7,Philippines,237.19,False
7c6d92,Australia,0.0,True
0d0e1d,Mexico,245.56,False
7c6d98,Australia,5.14,True
a1d811,United States,231.75,False
a11eb4,United States,193.95,False
a11eb7,United States,215.63,False
a6fc4d,United States,45.3,False
a0b81d,United States,165.65,False
440c5a,Austria,222.81,False
ad4bcb,United States,171.48,False
a46c9a,United States,191.96,False
ac2be9,United States,288.5,False
a0b826,United States,173.84,False
a9bf60,United States,196.07,False
aaa590,United States,205.78,False
abb245,United States,174.93,False
a530f7,United States,49.5,False
aaa57e,United States,58.44,False
ae6ba4,United States,3.86,True
a7e6cf,United States,171.82,False
a6a0a7,United States,165.89,False
abc573,United States,228.86,False
ad0562,United States,219.28,False
a9bf4b,United States,192.14,False
a0681c,United States,229.68,False
ac2bfd,United States,228.69,False
758502,Philippines,111.98,False
ae1239,United States,215.09,False
a890c1,United States,215.6,False
a0b802,United States,1.03,True
a0b801,United States,0.0,True
846b6c,Japan,212.7,False
a890b5,United States,130.46,False
a1b0fb,United States,259.23,False
a0b803,United States,0.0,True
aa9d6e,United States,288.36,False
758512,Philippines,106.31,False
0c4356,Dominican Republic,252.08,False
a95c38,United States,221.82,False
c080aa,Canada,205.04,False
ab627c,United States,0.0,True
a7d3d3,United States,47.4,False
a3183e,United States,225.7,False
a3183d,United States,0.45,True
7c6d39,Australia,242.37,False
0d0cce,Mexico,184.73,False
ab628c,United States,247.67,False
7c6d2a,Australia,188.58,False
ac8289,United States,146.54,False
a939e8,United States,214.95,False
a0b867,United States,220.78,False
a0eba6,United States,26.95,False
7c6d46,Australia,141.24,False
a35ec2,United States,1.29,True
a3af9e,United States,55.69,False
a0b86c,United States,296.14,False
0d0cdd,Mexico,174.08,False
a0ebaf,United States,57.6,False
aa67fd,United States,115.12,False
a10bbc,United States,0.0,True
7c6d30,Australia,155.36,False
a4380f,United States,0.0,True
a96f3e,United States,65.82,False
aa8a26,United States,195.66,False
7c6d36,Australia,213.61,False
a35eb0,United States,192.53,False
7c6d32,Australia,214.23,False
7c6d31,Australia,240.27,False
aa9d3c,United States,224.18,False
0d0cec,Mexico,7.72,True
a96f11,United States,140.17,False
a72f7d,United States,239.15,False
a0b844,United States,280.18,False
a0b841,United States,175.97,False
a806e0,United States,179.59,False
7c6d24,Australia,213.58,False
a0b849,United States,2.06,True
a806d8,United States,237.83,False
aa8a09,United States,123.58,False
a7f9f4,United States,259.13,False
a83c23,United States,238.51,False
aa67e1,United States,140.4,False
a2f807,United States,43.08,False
a67846,United States,220.4,False
aa550c,United States,255.66,False
a1624e,United States,104.65,False
ae10ec,United States,110.1,False
adf0f1,United States,237.24,False
a53207,United States,286.29,False
a35efa,United States,210.37,False
a7e804,United States,46.3,False
a35ef1,United States,206.25,False
a1d87a,United States,255.35,False
c03f02,Canada,197.68,False
ac3ea3,United States,218.33,False
0d0cb1,Mexico,217.12,False
a1d890,United States,225.93,False
a8082d,United States,29.7,False
4006c4,United Kingdom,285.73,False
a0a54d,United States,279.96,False
4006c3,United Kingdom,249.29,False
e4917f,Brazil,138.61,False
a59ef0,United States,36.49,False
c03f37,Canada,251.57,False
485789,Kingdom of the Netherlands,282.12,False
abc504,United States,243.48,False
a0b889,United States,111.89,False
7c7eef,Australia,0.0,True
7c3888,Australia,51.88,False
ab8862,United States,5.4,True
c8221a,New Zealand,1.8,True
a59ef7,United States,0.9,True
7c6bbb,Australia,223.53,False
ac3eba,United States,120.46,False
a0b88f,United States,2.57,True
a0b88c,United States,191.18,False
a23eee,United States,51.11,False
a95c89,United States,237.16,False
a8e0c0,United States,74.38,False
a2e596,United States,70.4,False
ac2ba0,United States,0.19,True
85da42,Japan,139.53,False
a890d8,United States,65.93,False
a2e57e,United States,0.0,True
ab6229,United States,166.91,False
c82268,New Zealand,195.49,False
aa40fb,United States,130.52,False
151e52,Russian Federation,249.63,False
ac2bb6,United States,172.01,False
ac2bb9,United States,225.9,False
ac952b,United States,286.54,False
aaa555,United States,6.69,True
a30596,United States,67.96,False
aab887,United States,70.07,False
3bb9ff,France,1.03,True
484416,Kingdom of the Netherlands,11.83,True
ad185f,United States,220.72,False
a2e571,United States,217.14,False
48440f,Kingdom of the Netherlands,252.19,False
a0428a,United States,256.34,False
c0817c,Canada,198.16,False
a9ac2a,United States,55.13,False
758558,Philippines,242.82,False
ac821f,United States,69.17,False
7c6bf2,Australia,3.34,True
ab6247,United States,221.69,False
c0816d,Canada,122.06,False
4b5d03,Switzerland,1.03,False
0d0d92,Mexico,142.2,False
a89234,United States,281.26,False
86d952,Japan,298.23,False
ad03c4,United States,246.98,False
7584a7,Philippines,193.49,False
a8e20f,United States,215.08,False
a6657e,United States,0.0,True
ac2c79,United States,208.04,False
3c6519,Germany,280.68,False
ac3f9c,United States,178.83,False
a6c88e,United States,142.44,False
a9bee2,United States,196.74,False
151dc0,Russian Federation,262.0,False
86d974,Japan,242.66,False
a7858e,United States,191.82,False
ab60e3,United States,243.44,False
842370,Japan,256.12,False
e49104,Brazil,243.59,False
151db4,Russian Federation,4.12,True
e4910e,Brazil,7.72,True
abc3ec,United States,226.86,False
842388,Japan,303.24,False
a2e58b,United States,47.74,False
ab60ee,United States,45.98,False
0d0d52,Mexico,255.67,False
ac2c9c,United States,213.54,False
ae6c5d,United States,48.38,False
ad4c96,United States,8.23,True
a174c8,United States,90.45,False
a437b5,United States,233.78,False
a5a878,United States,270.52,False
a1c4b5,United States,60.05,False
a041c3,United States,52.95,False
a72ef7,United States,63.93,False
a7851c,United States,0.0,True
861fa4,Japan,151.47,False
a0b7fa,United States,9.77,True
86d906,Japan,194.77,False
e49180,Brazil,0.32,True
ae6c5b,United States,51.08,False
7c2526,Australia,27.27,False
acd0c2,United States,191.8,False
42476c,United Kingdom,298.47,False
a317ba,United States,6.94,True
a91535,United States,178.72,False
aa9bb8,United States,4.37,True
a66573,United States,70.12,False
a66576,United States,249.56,False
a79890,United States,194.13,False
a0b7d9,United States,128.64,False
a0b7bd,United States,267.65,False
a0b7bb,United States,171.44,False
a79898,United States,239.25,False
a08a1a,United States,260.69,False
a78557,United States,201.4,False
a677be,United States,194.27,False
ac2e20,United States,193.68,False
4951ca,Portugal,0.0,True
a46d47,United States,191.32,False
ac95a3,United States,46.03,False
aaa5b8,United States,195.09,False
aa55b5,United States,193.18,False
a8e29c,United States,9.26,True
7c12cd,Australia,62.27,False
a677ca,United States,237.61,False
a437da,United States,224.15,False
aaee43,United States,230.99,False
ab0e53,United States,273.72,False
a437ce,United States,188.79,False
aaee3b,United States,196.65,False
ab0e4c,United States,188.16,False
0d0d36,Mexico,218.35,False
a174f7,United States,196.6,False
aaee46,United States,57.52,False
a8e279,United States,1.29,True
a10d82,United States,212.44,False
a34d52,United States,0.0,True
a1c4d8,United States,225.28,False
a0b7fe,United States,262.39,False
a0b7fd,United States,135.67,False
a5dd1c,United States,205.31,False
ac1b21,United States,179.93,False
0d0d41,Mexico,219.7,False
0d0d40,Mexico,4.12,True
a46d19,United States,45.83,False
ace5b6,United States,245.98,False
7584e4,Philippines,193.93,False
aadb2d,United States,52.22,False
c01a7d,Canada,266.96,False
a11fa1,United States,192.11,False
a0692d,United States,28.0,False
a11fa3,United States,5.4,True
a8e262,United States,88.18,False
a34d98,United States,65.89,False
408033,United Kingdom,185.72,False
408034,United Kingdom,239.04,False
ab62d2,United States,71.0,False
a2d1bc,United States,233.46,False
a33a55,United States,194.01,False
ac82bc,United States,215.35,False
a2d1ad,United States,32.62,False
a9026b,United States,66.41,False
aaa5ff,United States,286.12,False
aa439e,United States,214.61,False
ab62f8,United States,202.05,False
a8e247,United States,303.5,False
4a4eae,Romania,117.7,False
7584d8,Philippines,5.4,True
a46d4a,United States,189.71,False
ace5bc,United States,202.05,False
aa305f,United States,273.32,False
ae2669,United States,34.02,False
a23fb2,United States,193.68,False
75862d,Philippines,50.46,False
a771cd,United States,7.2,True
a09cad,United States,166.67,False
ab5056,United States,297.63,False
86d9da,Japan,270.37,False
a95d74,United States,44.74,False
0d0bff,Mexico,221.18,False
758650,Philippines,164.52,False
c01a52,Canada,225.85,False
a6b4f7,United States,208.82,False
75863a,Philippines,36.7,False
abc693,United States,148.32,False
ab6394,United States,0.0,True
758649,Philippines,81.9,False
a70a86,United States,44.33,False
a70a84,United States,36.03,False
a95d42,United States,79.86,False
a5ca89,United States,185.35,False
ae0023,United States,230.67,False
a05626,United States,295.13,False
acc02b,United States,226.5,False
ae6cef,United States,3.13,False
ae6cee,United States,60.27,False
a11fc1,United States,212.08,False
a95d52,United States,164.82,False
a11fc7,United States,233.7,False
75861f,Philippines,38.56,False
a7d4f4,United States,53.79,False
75861e,Philippines,35.04,False
7c007a,Australia,56.27,False
a6b4ac,United States,197.53,False
ac7074,United States,248.78,False
a797ea,United States,169.2,False
86d9b0,Japan,262.59,False
ae269f,United States,15.98,False
a544ee,United States,283.01,False
86d9b8,Japan,4.12,True
ac7082,United States,157.43,False
ac7087,United States,130.01,False
c01a05,Canada,131.47,False
ae2697,United States,47.35,False
acc040,United States,211.21,False
ae2693,United States,6.69,False
aa8b40,United States,135.37,False
a03038,United States,268.69,False
49526b,Portugal,211.33,False
06cf01,Central African Republic,48.36,True
a09cfe,United States,213.01,False
a70a0c,United States,38.88,False
aa42b4,United States,136.33,False
a771af,United States,144.93,False
495266,Portugal,65.58,False
151e03,Russian Federation,4.15,False
a6a1b4,United States,296.13,False
495269,Portugal,110.7,False
a6ea35,United States,50.46,False
a18972,United States,43.3,False
a784d5,United States,179.69,False
a651e1,United States,172.32,False
a23fe5,United States,240.82,False
a23fe1,United States,75.89,False
a1d93b,United States,177.78,False
a82a17,United States,42.2,False
a0433b,United States,1.03,True
a39017,United States,196.5,False
a5330d,United States,37.5,False
ab7627,United States,137.44,False
a67960,United States,226.82,False
aaffaa,United States,231.73,False
ad1927,United States,200.37,False
a3900e,United States,214.65,False
4007ed,United Kingdom,235.96,False
a6b60a,United States,199.76,False
aaa621,United States,204.45,False
a47fec,United States,53.19,False
e4908e,Brazil,161.18,False
a03070,United States,164.65,False
a1d99b,United States,196.65,False
78102a,China,233.19,False
78102f,China,136.97,False
a96fb1,United States,167.08,False
151d78,Russian Federation,258.05,False
a4bcc9,United States,231.86,False
a2834c,United States,60.71,False
aaffd5,United States,52.51,False
a3e011,United States,223.3,False
a15027,United States,243.56,False
a4bcca,United States,54.69,False
a83ca6,United States,149.41,False
a2e646,United States,189.5,False
aa6943,United States,111.73,False
a30663,United States,148.76,False
151d7d,Russian Federation,244.33,False
a2f95c,United States,216.06,False
a29661,United States,60.87,False
484561,Kingdom of the Netherlands,267.68,False
a80952,United States,157.49,False
a1c64e,United States,127.65,False
aaffed,United States,233.04,False
ad5fab,United States,48.83,False
0d0bb3,Mexico,240.88,False
ab1ffe,United States,208.41,False
48455f,Kingdom of the Netherlands,257.66,False
ab6339,United States,86.65,False
abc649,United States,219.29,False
a39052,United States,195.28,False
abd971,United States,281.28,False
7c0074,Australia,56.38,False
aaa668,United States,197.36,False
a6ea99,United States,294.58,False
abc651,United States,11.32,True
adafb5,United States,266.57,False
aa6914,United States,246.18,False
a70a8c,United States,3.6,True
a4cfb7,United States,120.16,False
a8e1f6,United States,201.75,False
781085,China,219.74,False
a40027,United States,233.02,False
a3afe1,United States,124.88,False
a42680,United States,7.72,True
ad1986,United States,157.55,False
781095,China,257.82,False
ad9003,United States,6.69,True
78108d,China,157.8,False
a3901d,United States,180.42,False
aaa68a,United States,237.25,False
c0828b,Canada,223.26,False
abb1c2,United States,281.22,False
4ca9c1,Ireland,0.0,True
a7869b,United States,283.16,False
a7d673,United States,217.24,False
440bcb,Austria,195.64,False
7c7fa0,Australia,55.57,False
a3e07a,United States,237.74,False
a6a354,United States,116.84,False
84bac2,Japan,0.0,True
7585d7,Philippines,44.23,False
7585d6,Philippines,42.95,False
4ca9ba,Ireland,278.56,False
4ca9bb,Ireland,228.76,False
c8216e,New Zealand,232.53,False
a8f646,United States,186.95,False
a3e08d,United States,249.53,False
7585a2,Philippines,283.65,False
0d0c8f,Mexico,1.03,True
a9034c,United States,0.0,True
a76066,United States,185.52,False
aa435b,United States,215.35,False
aa568f,United States,0.19,True
aa568e,United States,6.17,True
ac1a72,United States,166.2,False
a558b5,United States,32.04,False
a9acb8,United States,149.85,False
a90351,United States,245.62,False
abb1de,United States,228.31,False
aa5694,United States,0.0,False
7585b4,Philippines,185.39,False
a188ba,United States,84.63,False
afca22,United States,42.33,False
a1fb1a,United States,161.83,False
ab890a,United States,170.53,False
a0b8fb,United States,0.0,True
a33b0d,United States,127.88,False
aa699d,United States,42.1,False
e49046,Brazil,142.37,False
a1fb27,United States,121.03,False
a83cab,United States,3.09,True
ad3a5f,United States,181.13,False
a318ea,United States,226.5,False
ac1a95,United States,196.38,False
a305aa,United States,200.35,False
aab922,United States,5.92,True
a91616,United States,258.31,False
ab7606,United States,28.41,False
ab1fb0,United States,229.59,False
7c6ca6,Australia,238.35,False
a175d3,United States,38.59,False
782339,China,86.51,False
a76028,United States,227.06,False
aab936,United States,158.36,False
440bc1,Austria,0.0,True
abfa8e,United States,260.55,False
440bc4,Austria,143.26,False
a8931f,United States,87.2,False
440bc6,Austria,95.64,False
aa5657,United States,79.73,False
440bc9,Austria,228.24,False
7c7fd9,Australia,34.07,False
4ca9cb,Ireland,208.56,False
4b5c73,Switzerland,8.23,True
781015,China,158.54,False
a6c997,United States,51.53,False
ab7613,United States,271.71,False
78233b,China,81.45,False
a95ca4,United States,237.43,False
a70f80,United States,0.0,True
c08887,Canada,78.2,False
ae17cb,United States,76.71,False
e4987a,Brazil,147.67,False
a5cf82,United States,81.92,False
a6a6f6,United States,212.5,False
a69f88,United States,146.26,False
4841c4,Kingdom of the Netherlands,235.09,False
7c5c99,Australia,61.25,False
a6dc42,United States,205.34,False
abda30,United States,99.0,False
e4988e,Brazil,232.32,False
440a8c,Austria,251.56,False
a7c6b9,United States,183.47,False
ac74e4,United States,193.93,False
a403df,United States,193.79,False
a6a6fe,United States,0.0,True
ab9d92,United States,57.25,False
a896ed,United States,48.61,False
aacd89,United States,60.8,False
ac61bc,United States,111.68,False
a69f9d,United States,130.31,False
ae04d8,United States,175.41,False
a5cf8b,United States,148.95,False
abda54,United States,231.43,False
c07566,Canada,158.84,False
a3d0fd,United States,64.89,False
a3e3ac,United States,60.74,False
aa7d49,United States,220.23,False
c82810,New Zealand,91.28,False
400685,United Kingdom,140.81,False
ac61db,United States,178.92,False
400683,United Kingdom,246.35,False
aaba81,United States,232.66,False
40066c,United Kingdom,92.4,False
a523ab,United States,258.56,False
aa7d36,United States,11.83,True
ab6909,United States,205.75,False
ade4c7,United States,38.59,False
a5cf3f,United States,252.94,False
c82835,New Zealand,128.9,False
c82836,New Zealand,142.06,False
c08864,Canada,249.51,False
c08861,Canada,6.43,True
a7d9e6,United States,12.44,False
acb1e5,United States,0.64,True
a5cf66,United States,0.9,True
c01ee6,Canada,219.75,False
c82827,New Zealand,23.67,False
c08857,Canada,194.6,False
a4f0a4,United States,32.92,False
a7c6a1,United States,70.46,False
aaba9a,United States,247.3,False
c0884f,Canada,178.57,False
a9e167,United States,261.93,False
abda7e,United States,78.2,False
c00ba7,Canada,138.11,False
758768,Philippines,230.35,False
758767,Philippines,202.05,False
e840ac,Ecuador,220.3,False
a07bef,United States,3.09,True
70c149,Oman,244.94,False
758779,Philippines,38.39,False
e49817,Brazil,136.03,False
07a201,Swaziland,229.87,False
758774,Philippines,25.72,True
758773,Philippines,228.21,False
70c148,Oman,210.83,False
758772,Philippines,1.29,True
c81530,New Zealand,54.29,False
a2886c,United States,286.42,False
a57ed1,United States,146.32,False
a33ead,United States,41.68,False
a21ed4,United States,200.3,False
a89814,United States,249.15,False
a1a51a,United States,46.71,False
75872b,Philippines,245.52,False
aa4929,United States,112.35,False
a6582c,United States,40.33,False
7c39b5,Australia,0.0,True
a3e542,United States,85.91,False
7c39b2,Australia,49.14,False
aa4912,United States,45.6,False
a33eb1,United States,186.24,False
a6450b,United States,54.69,False
a32bf3,United States,277.06,False
c060bd,Canada,152.28,False
ac0d21,United States,99.43,False
c060bc,Canada,223.35,False
a906fb,United States,165.33,False
c060bf,Canada,95.6,False
c060be,Canada,248.76,False
8411a4,Japan,271.6,False
c81561,New Zealand,54.43,False
70c10d,Oman,235.25,False
70c101,Oman,245.74,False
a1427f,United States,203.37,False
75871f,Philippines,37.56,False
e4851b,Brazil,192.08,False
4baac4,Turkey,213.8,False
c060c8,Canada,155.07,False
aa21ef,United States,2.83,True
a906f3,United States,184.0,False
a1a56d,United States,232.45,False
c060c1,Canada,243.58,False
7c39fa,Australia,184.97,False
a32bba,United States,175.43,False
a8d3b4,United States,182.61,False
aacd3d,United States,10.29,True
aa6a76,United States,301.93,False
a8e6e2,United States,107.43,False
7c39f9,Australia,0.0,True
a38213,United States,183.12,False
7c39f5,Australia,167.21,False
70c124,Oman,234.98,False
a20bf5,United States,35.62,False
a27567,United States,234.15,False
758709,Philippines,37.56,False
0b434b,Guatemala,64.28,False
a64578,United States,297.14,False
aa2250,United States,168.29,False
acd866,United States,137.18,False
a3827c,United States,100.4,False
c8158f,New Zealand,33.44,False
acd83d,United States,5.4,True
ae1846,United States,67.13,False
7c1474,Australia,0.0,True
7c1475,Australia,4.63,True
aba558,United States,80.81,False
ac6227,United States,5.4,True
7c013d,Australia,42.44,False
a4057a,United States,30.59,False
abfefd,United States,249.05,False
ac0bde,United States,225.75,False
a7fbbb,United States,5.4,True
c060b4,Canada,61.84,False
7c1468,Australia,253.13,False
78115d,China,216.61,False
a81bcc,United States,170.1,False
c060b1,Canada,178.3,False
a4189f,United States,234.71,False
a2c56d,United States,238.46,False
a047a3,United States,189.23,False
a44be5,United States,280.54,False
ac7581,United States,190.35,False
77044d,Sri Lanka,149.53,False
4ca97a,Ireland,98.66,False
ad953c,United States,95.89,False
7c6deb,Australia,212.5,False
7c6dea,Australia,139.97,False
abebe0,United States,225.48,False
a7c878,United States,257.35,False
a2759b,United States,40.22,False
a07d01,United States,70.87,False
a4f26b,United States,239.19,False
a6a88c,United States,207.74,False
7c6ded,Australia,253.81,False
7c6dec,Australia,205.47,False
a7650b,United States,196.33,False
a6eeb9,United States,224.46,False
a7c81b,United States,246.02,False
a20d0e,United States,231.46,False
a8981e,United States,201.54,False
ade548,United States,75.62,False
c01f28,Canada,10.8,False
a287ab,United States,224.08,False
a3f88e,United States,188.29,False
c827a6,New Zealand,254.22,False
a1ed02,United States,204.0,False
c086bd,Canada,41.67,False
78119e,China,232.07,False
ac6289,United States,1.54,True
add22f,United States,109.77,False
75876f,Philippines,175.0,False
a3e584,United States,66.56,False
ae4bef,United States,73.71,False
a06a09,United States,224.88,False
ae4bf0,United States,87.46,False
a4f239,United States,243.16,False
e483dd,Brazil,97.96,False
a3828a,United States,167.91,False
a19d0d,United States,209.92,False
88084c,Thailand,229.96,False
a44d1c,United States,133.84,False
c06183,Canada,155.44,False
a154e6,United States,62.16,False
abec9b,United States,223.82,False
c0617d,Canada,219.64,False
c0617a,Canada,225.85,False
a657aa,United States,259.55,False
a06a5a,United States,205.69,False
c06178,Canada,6.69,True
84bbdf,Japan,253.57,False
acb0d7,United States,84.26,False
c06177,Canada,213.27,False
846bfa,Japan,196.32,False
c06179,Canada,254.28,False
a99290,United States,239.88,False
c06175,Canada,0.77,True
a1ed40,United States,34.61,False
a20d5a,United States,42.95,False
a657ad,United States,237.59,False
a657ac,United States,21.98,False
c06171,Canada,201.34,False
880845,Thailand,84.63,False
a417c9,United States,149.83,False
a68d02,United States,208.78,False
a417af,United States,248.25,False
a657bf,United States,88.22,False
a99262,United States,231.57,False
a99269,United States,60.98,False
c827f0,New Zealand,275.34,False
c827f1,New Zealand,74.15,False
a68d17,United States,52.55,False
c06196,Canada,0.0,True
a1ed21,United States,37.97,False
c06197,Canada,241.59,False
a55a15,United States,52.08,False
70c0f8,Oman,236.99,False
a5bd0b,United States,263.43,False
7586d0,Philippines,237.11,False
c0618e,Canada,255.42,False
a06a54,United States,74.62,False
a537ed,United States,208.09,False
a63284,United States,15.13,False
781100,China,281.92,False
4ca8e6,Ireland,197.17,False
7c0113,Australia,0.0,False
7586a8,Philippines,124.93,False
7c6de6,Australia,203.32,False
7586a7,Philippines,99.35,False
7c6de4,Australia,93.64,False
a2b1ab,United States,209.2,False
a63282,United States,38.58,False
7c6ddd,Australia,0.77,True
7c6ddc,Australia,9.26,True
7c6ddb,Australia,272.24,False
a417fe,United States,258.09,False
a44d62,United States,0.0,True
c00ae5,Canada,208.47,False
ab6866,United States,46.92,False
7c6dd9,Australia,158.67,False
7c6dd8,Australia,235.89,False
7c6dd5,Australia,187.16,False
a6dbf3,United States,228.0,False
7586b7,Philippines,53.11,False
a2c4e0,United States,146.99,False
aaded7,United States,86.05,False
ae1830,United States,46.65,False
a0ba4e,United States,217.64,False
a1ed5f,United States,120.31,False
a1ed77,United States,21.34,False
a44d3f,United States,207.58,False
a99221,United States,21.8,False
ab686f,United States,247.51,False
ac0ba7,United States,183.47,False
7c6dba,Australia,177.77,False
a537b2,United States,150.74,False
84ceef,Japan,9.77,True
c06151,Canada,152.72,False
a75283,United States,0.0,True
7c6db4,Australia,252.63,False
7c6db0,Australia,240.06,False
ac6204,United States,190.91,False
aa7bea,United States,200.48,False
a7a257,United States,90.05,False
a0cd92,United States,30.37,False
c0614d,Canada,0.0,True
ad3ec4,United States,49.78,False
ac0bb9,United States,248.33,False
acd838,United States,6.43,True
aa7e9a,United States,200.87,False
a2fa7b,United States,45.0,False
a0360e,United States,46.93,False
c07676,Canada,243.34,False
a7c7f2,United States,1.15,False
a28928,United States,212.24,False
4baa48,Turkey,26.68,False
a31a7b,United States,186.64,False
a8e7df,United States,49.47,False
a511f6,United States,195.56,False
c05007,Canada,198.77,False
a8d4ad,United States,5.14,True
888054,Viet Nam,156.71,False
a07ca0,United States,1.29,True
4baa4b,Turkey,227.78,False
ac75ee,United States,214.15,False
a884b6,United States,268.55,False
aa7e99,United States,152.37,False
758806,Philippines,0.0,True
acb2c2,United States,216.88,False
add2b0,United States,289.9,False
c06362,Canada,75.69,False
a7a1b1,United States,64.31,False
aa7e7d,United States,223.12,False
a31a76,United States,143.04,False
aa7e7b,United States,196.75,False
a31a77,United States,211.17,False
aabb80,United States,54.01,False
a511fd,United States,92.47,False
c0635f,Canada,139.78,False
c0502e,Canada,150.24,False
a44d85,United States,0.06,True
4842c6,Kingdom of the Netherlands,3.34,True
a7c7fb,United States,47.98,False
acc5e7,United States,33.09,False
aa7e79,United States,7.46,True
7cad4a,Australia,120.57,False
a5aa78,United States,90.04,False
c07682,Canada,71.27,False
c0501e,Canada,229.75,False
7c4a50,Australia,176.66,False
ab8b8c,United States,102.17,False
7c4a51,Australia,235.13,False
acb2ad,United States,0.0,True
c00cfe,Canada,12.35,True
a907f0,United States,42.58,False
7c4a56,Australia,245.27,False
aa6b43,United States,203.85,False
7c4a54,Australia,80.98,False
4baa89,Turkey,231.17,False
abdb88,United States,177.33,False
add2c4,United States,136.95,False
a0232a,United States,0.9,True
a68d38,United States,210.37,False
a7c7a2,United States,231.2,False
add2b6,United States,0.0,True
a657f4,United States,213.14,False
acc5fb,United States,0.0,True
aa7e56,United States,6.17,True
4baa66,Turkey,27.69,False
e4977b,Brazil,227.46,False
aa7e3a,United States,145.02,False
4baa4f,Turkey,214.62,False
3a3480,France,208.65,False
4baa5a,Turkey,235.86,False
aa7e2e,United States,272.73,False
a6a7f7,United States,109.1,False
c00cd6,Canada,227.4,False
400771,United Kingdom,285.51,False
a03651,United States,62.5,False
a4f1af,United States,39.41,False
4baa6e,Turkey,4.12,False
4baa6a,Turkey,4.12,False
a41977,United States,85.32,False
a4afbe,United States,209.36,False
a27676,United States,206.63,False
a5cfa5,United States,0.9,True
7c4a00,Australia,0.0,True
a80a8f,United States,255.33,False
add376,United States,293.99,False
a44ca0,United States,196.2,False
a7ea86,United States,246.03,False
a2d965,United States,122.05,False
a80a97,United States,140.76,False
ac508b,United States,172.22,False
ab55a4,United States,48.92,False
c82759,New Zealand,194.98,False
a39630,United States,219.82,False
a3d326,United States,224.13,False
a03681,United States,30.19,False
a26315,United States,56.84,False
a1fff2,United States,4.37,True
a93d9f,United States,168.63,False
ab68e5,United States,69.37,False
ab55af,United States,84.31,False
a1433a,United States,2.06,True
a01037,United States,175.93,False
86eb2e,Japan,208.4,False
a871cf,United States,264.04,False
a38367,United States,256.35,False
c81444,New Zealand,42.26,False
7c01b5,Australia,138.46,False
ac0e42,United States,70.44,False
c00d9d,Canada,66.09,False
7cad47,Australia,223.79,False
7cad46,Australia,235.06,False
46f06a,Greece,7.72,True
a93d7c,United States,199.34,False
7cad44,Australia,243.53,False
a2a029,United States,41.38,False
7cad43,Australia,148.35,False
c061f8,Canada,39.0,False
adc091,United States,59.38,False
a8d4f6,United States,219.76,False
7c01c0,Australia,102.44,False
7c4a43,Australia,221.23,False
aa6b9d,United States,235.56,False
a1a697,United States,225.5,False
a65917,United States,173.26,False
a7ea48,United States,234.09,False
a01097,United States,79.14,False
a67a8b,United States,64.44,False
857b30,Japan,48.23,False
7c01b3,Australia,172.51,False
495037,Portugal,3.6,True
ac62a9,United States,139.47,False
45d069,Denmark,211.91,False
a02390,United States,295.11,False
abb8ea,United States,269.3,False
acc5aa,United States,157.1,False
abee3a,United States,53.98,False
aace5c,United States,260.7,False
a2768c,United States,8.75,True
a8d4d2,United States,74.54,False
a7a1e8,United States,243.86,False
a9f4c6,United States,149.64,False
7c4a09,Australia,76.51,False
ad2e57,United States,41.83,False
ab8b56,United States,100.88,False
45d06e,Denmark,219.06,False
3a46b1,France,99.46,False
ac75db,United States,72.54,False
a8d4cc,United States,179.88,False
aabb53,United States,14.4,True
484370,Kingdom of the Netherlands,270.63,False
a14380,United States,127.87,False
758827,Philippines,182.05,False
e495d0,Brazil,145.07,False
4ca86e,Ireland,194.59,False
abb995,United States,0.51,True
a76683,United States,150.33,False
78125d,China,143.12,False
4005c0,United Kingdom,238.65,False
ad9645,United States,142.48,False
a6469a,United States,135.0,False
77058f,Sri Lanka,246.21,False
a8996b,United States,2.06,True
ac0cf8,United States,143.87,False
ab4372,United States,5.92,True
e495cf,Brazil,179.98,False
ac501e,United States,241.74,False
a63388,United States,65.85,False
ade654,United States,278.05,False
872fa0,Japan,216.98,False
7c0251,Australia,45.97,False
ac6364,United States,226.49,False
46f016,Greece,1.8,True
ab4383,United States,11.83,True
a8d635,United States,227.57,False
ac5041,United States,202.87,False
a40694,United States,227.21,False
a75368,United States,106.07,False
a3f8a1,United States,220.4,False
a7668a,United States,196.54,False
a288e4,United States,293.78,False
a89953,United States,194.79,False
aca01a,United States,221.92,False
a70fda,United States,58.36,False
a418b2,United States,267.7,False
e495fa,Brazil,129.51,False
a20e38,United States,221.35,False
a022c4,United States,248.14,False
a19e61,United States,164.83,False
a20e3e,United States,0.0,False
add31b,United States,91.23,False
a022d0,United States,136.12,False
71e282,Republic of Korea,48.36,False
a51358,United States,221.9,False
c074aa,Canada,51.03,False
c00d46,Canada,146.83,False
e482c5,Brazil,235.75,False
e84070,Ecuador,230.11,False
c00d51,Canada,246.41,False
ac638d,United States,292.14,False
e495de,Brazil,172.31,False
aca02f,United States,236.11,False
ac5087,United States,40.8,False
ade66f,United States,184.75,False
a68cf1,United States,78.5,False
4005bf,United Kingdom,278.36,False
4005bb,United Kingdom,241.9,False
4005ba,United Kingdom,4.37,True
a07e67,United States,52.97,False
a06b6b,United States,0.0,True
7587fb,Philippines,102.65,False
7587fa,Philippines,237.17,False
a262d4,United States,213.55,False
a2fb16,United States,221.23,False
acb1f8,United States,292.91,False
a18b71,United States,261.76,False
02b26b,Tunisia,173.79,False
a9e391,United States,121.27,False
a395d5,United States,152.96,False
ad81fc,United States,84.91,False
a645a8,United States,196.07,False
a8609f,United States,70.48,False
a8609a,United States,233.9,False
a44e1c,United States,0.0,True
a288ff,United States,190.61,False
a1a5d6,United States,187.81,False
a8c36d,United States,252.67,False
a44e24,United States,224.83,False
a67b07,United States,246.85,False
a2c5a3,United States,50.99,False
ac893a,United States,226.64,False
a3d2c0,United States,233.37,False
7587f6,Philippines,42.38,False
ab9cb0,United States,58.41,False
3a220a,France,135.37,False
a2b2da,United States,230.59,False
a3f8b1,United States,55.51,False
a43b55,United States,203.8,False
a2b2e1,United States,287.13,False
ac0cab,United States,204.29,False
a98046,United States,12.86,True
0d09c8,Mexico,133.21,False
4bbd10,Turkey,238.14,False
abb972,United States,183.25,False
0d09d5,Mexico,187.49,False
a32e86,United States,0.0,True
acd964,United States,192.12,False
aa1056,United States,244.73,False
ad3fd9,United States,250.01,False
a2c5dd,United States,5.92,True
a62092,United States,38.44,False
a8c32a,United States,243.68,False
ad9642,United States,3.34,True
ac631e,United States,57.17,False
a8c348,United States,49.33,False
abecc4,United States,69.26,False
a382b6,United States,134.79,False
86796c,Japan,1.03,True
ac7658,United States,216.19,False
a2fb32,United States,281.59,False
0d09de,Mexico,176.85,False
a1ea70,United States,176.21,False
a82d29,United States,54.44,False
ac1e56,United States,265.54,False
a5cd47,United States,32.04,False
a521b2,United States,98.88,False
a414ea,United States,58.97,False
c0730e,Canada,0.06,True
a2c1bd,United States,295.02,False
7811f8,China,208.66,False
e49640,Brazil,138.54,False
aa8e79,United States,95.55,False
e49641,Brazil,106.99,False
c824f5,New Zealand,4.74,False
a3f4ea,United States,196.34,False
abb5bf,United States,220.6,False
a7d7b2,United States,186.79,False
5084a6,Ukraine,241.81,False
888177,Viet Nam,212.0,False
888174,Viet Nam,214.72,False
ace8bd,United States,53.04,False
abb5c9,United States,179.61,False
c02fe9,Canada,232.6,False
aa7b33,United States,229.39,False
c02fe4,Canada,172.2,False
a0a903,United States,69.49,False
c01cb7,Canada,216.45,False
a6b7ec,United States,193.17,False
abeb31,United States,203.78,False
a33d79,United States,150.38,False
5084d1,Ukraine,242.33,False
a6ed3b,United States,202.67,False
a641b6,United States,0.06,True
a6a4d5,United States,198.16,False
a271e4,United States,39.26,False
a641bf,United States,198.59,False
a2d4d6,United States,31.08,False
a33d68,United States,192.79,False
e4962e,Brazil,181.53,False
abb5e9,United States,152.46,False
acd5ad,United States,164.78,False
8413d7,Japan,68.98,False
a4ad7f,United States,142.17,False
a6b7f0,United States,156.46,False
aa7b10,United States,6.69,True
abb5e6,United States,156.8,False
888143,Viet Nam,7.72,True
abb5ea,United States,7.46,True
86eaf2,Japan,193.47,False
a03304,United States,43.85,False
a6b7a0,United States,41.17,False
c02fb8,Canada,167.63,False
7c1729,Australia,76.82,False
ac0b61,United States,3.86,False
a0595d,United States,39.18,False
5084e2,Ukraine,152.35,False
a44a6d,United States,235.19,False
e49697,Brazil,253.45,False
aacb7f,United States,108.35,False
ade2b8,United States,134.26,False
c02fd8,Canada,226.86,False
ae02d4,United States,119.42,False
a44a61,United States,188.69,False
ac0b96,United States,187.77,False
a56a25,United States,1.29,True
a0a91e,United States,218.03,False
ab9b9d,United States,151.71,False
a68a03,United States,144.58,False
a68a04,United States,144.86,False
a3094d,United States,75.34,False
a0a96c,United States,128.72,False
ad803c,United States,38.84,False
a7c4fa,United States,224.35,False
7cae0a,Australia,208.16,False
a30961,United States,226.45,False
c071db,Canada,40.7,False
a66921,United States,27.8,False
86ec40,Japan,189.04,False
acb039,United States,67.01,False
a54941,United States,187.09,False
a3f621,United States,191.24,False
ac6086,United States,166.26,False
7cae06,Australia,216.53,False
7cae05,Australia,235.7,False
a03329,United States,108.24,False
a03331,United States,209.79,False
a81a81,United States,251.22,False
a6692d,United States,215.24,False
7c28ba,Australia,78.26,False
a4bfc1,United States,184.94,False
a0efca,United States,70.41,False
a0a967,United States,223.06,False
4ca82b,Ireland,186.56,False
a26017,United States,66.14,False
4ca837,Ireland,207.78,False
7cae62,Australia,185.45,False
a0337c,United States,198.45,False
a1c997,United States,127.87,False
aaa8d0,United States,72.6,False
c00a35,Canada,147.41,False
a03397,United States,227.45,False
c01d72,Canada,141.92,False
7c5e81,Australia,0.0,True
a21cef,United States,29.14,False
ac98c1,United States,192.69,False
a0a98f,United States,141.04,False
ad3e16,United States,170.59,False
a04692,United States,208.66,False
485345,Kingdom of the Netherlands,285.3,False
485342,Kingdom of the Netherlands,274.84,False
c00a68,Canada,68.17,False
a41632,United States,224.16,False
a7fa2d,United States,6.69,True
c01d7e,Canada,244.44,False
a894f2,United States,168.99,False
845c8c,Japan,199.86,False
485341,Kingdom of the Netherlands,283.45,False
ac1e2d,United States,294.34,False
a34fe6,United States,73.05,False
8520c0,Japan,100.34,False
70605e,Kuwait,247.06,False
4bcde7,Turkey,205.85,False
3929cc,France,221.73,False
7335b5,Islamic Republic of Iran,226.02,False
4bcdf2,Turkey,230.58,False
4bcdf0,Turkey,244.8,False
a2c35a,United States,206.98,False
846dc8,Japan,177.8,False
48664a,Kingdom of the Netherlands,223.52,False
486648,Kingdom of the Netherlands,183.46,False
486649,Kingdom of the Netherlands,144.6,False
a3d039,United States,217.24,False
a9afac,United States,37.68,False
a77645,United States,207.29,False
c084a3,Canada,223.19,False
a95fe6,United States,49.34,False
c01d1f,Canada,,True
aa463e,United States,256.87,False
a2602c,United States,229.12,False
aa596c,United States,229.84,False
ab400f,United States,230.43,False
aba30b,United States,71.0,False
4bcdd2,Turkey,221.34,False
a2869f,United States,0.0,True
a88314,United States,50.67,False
ad4fe1,United States,211.66,False
ac1cde,United States,116.16,False
7c1694,Australia,146.59,False
aa8cb2,United States,0.0,True
c084b9,Canada,254.6,False
a2c336,United States,232.87,False
ace965,United States,100.94,False
c01d3e,Canada,63.89,False
c01d3c,Canada,0.0,True
c00a0b,Canada,233.12,False
a38019,United States,246.95,False
ab5365,United States,183.06,False
a15397,United States,287.85,False
4bcdce,Turkey,232.13,False
a0a8c4,United States,59.73,False
86eb72,Japan,134.11,False
a058e5,United States,59.59,False
aa594a,United States,209.86,False
ade313,United States,34.34,False
a38082,United States,237.95,False
a26093,United States,0.0,True
a53644,United States,166.27,False
a78945,United States,136.13,False
ace96c,United States,189.63,False
ace96a,United States,81.28,False
a08e3c,United States,247.9,False
e481d8,Brazil,131.84,False
a7fa94,United States,0.0,False
a9191d,United States,220.41,False
ab5383,United States,247.34,False
841400,Japan,171.98,False
a3f671,United States,50.97,False
a07b3e,United States,201.44,False
aa58a6,United States,7.46,True
a08e82,United States,240.89,False
a7506a,United States,236.7,False
a88382,United States,26.24,False
a9903a,United States,188.38,False
e4827c,Brazil,188.87,False
a6308e,United States,33.88,False
7705c3,Sri Lanka,238.11,False
781316,China,208.35,False
a178de,United States,202.6,False
aaa90c,United States,151.49,False
a5ce02,United States,169.86,False
acc1eb,United States,241.73,False
acc1ee,United States,259.14,False
ade1cc,United States,79.58,False
a07b38,United States,52.0,False
a33e08,United States,78.69,False
846f00,Japan,10.29,True
a99033,United States,42.18,False
ae01cb,United States,114.84,False
e49591,Brazil,214.21,False
acc1f3,United States,69.46,False
a69e14,United States,50.0,False
ae2902,United States,0.0,True
a0cb68,United States,72.58,False
a0de99,United States,198.2,False
ad0919,United States,0.0,True
c08561,Canada,89.43,False
780019,China,259.87,False
ac9923,United States,259.62,False
ac2fa4,United States,236.7,False
a21e83,United States,81.36,False
a88335,United States,228.12,False
4851ad,Kingdom of the Netherlands,268.78,False
a5238e,United States,107.28,False
ae4a7c,United States,156.53,False
02a262,Tunisia,245.55,False
ac8609,United States,118.51,False
02a260,Tunisia,197.19,False
ac860c,United States,49.14,True
a5106e,United States,208.82,False
a1c8fb,United States,148.22,False
ab0fdc,United States,62.25,False
a7637a,United States,7.72,True
a33e4a,United States,259.82,False
c01bf7,Canada,88.78,False
ab663f,United States,282.01,False
a1fe4a,United States,44.5,False
a1a2a2,United States,242.92,False
a32b7b,United States,37.09,False
a402dd,United States,177.35,False
aa8f8b,United States,103.76,False
abec26,United States,272.72,False
a20b97,United States,47.38,False
e49524,Brazil,173.54,False
a16707,United States,54.53,False
e4952a,Brazil,191.38,False
706131,Kuwait,201.13,False
a69e6f,United States,34.2,False
a7d8d1,United States,42.58,False
ab53e4,United States,244.69,False
c0740f,Canada,77.76,False
c01dcb,Canada,242.5,False
a7d8bf,United States,59.59,False
a6ee47,United States,195.42,False
a44b56,United States,221.9,False
acc3b4,United States,285.99,False
ac0c64,United States,257.15,False
aacc5b,United States,278.66,False
aa7c3c,United States,252.72,False
c00abd,Canada,145.81,False
3c1bac,Germany,117.89,False
a69e7a,United States,45.1,False
a70e7a,United States,170.98,False
a4ae8c,United States,50.93,False
aa8f78,United States,26.74,False
a8c08e,United States,45.65,False
ac73d5,United States,60.82,False
a68b71,United States,38.59,False
a7c5c3,United States,40.13,False
a1a2e0,United States,201.26,False
aa7c2d,United States,96.81,False
aa8f5c,United States,67.89,False
a33e85,United States,126.47,False
e4950d,Brazil,255.42,False
abec4d,United States,210.59,False
a82e57,United States,0.0,True
aa7c1c,United States,89.51,False
a4ae48,United States,222.31,False
ab40e7,United States,38.83,False
a535c2,United States,217.1,False
a6b8af,United States,154.16,False
ab40f8,United States,271.37,False
ab40f7,United States,157.74,False
aa46ae,United States,120.92,False
7c1832,Australia,208.67,False
c01dac,Canada,0.06,True
e4953a,Brazil,144.07,False
e4953d,Brazil,212.58,False
a668ee,United States,235.97,False
845d1c,Japan,203.11,False
a788d3,United States,209.94,False
a402ea,United States,34.1,False
a7a08a,United States,255.0,False
c00b9e,Canada,211.76,False
c00b9d,Canada,219.55,False
a41722,United States,202.79,False
e480f9,Brazil,157.56,False
7caf37,Australia,33.1,False
7c16cf,Australia,5.56,False
a882f8,United States,132.92,False
a1a404,United States,63.44,False
3a3280,France,138.52,False
a28749,United States,171.29,False
abc9a1,United States,49.97,False
e480d1,Brazil,132.3,False
a3f756,United States,38.31,False
7caf16,Australia,196.32,False
7caf15,Australia,0.0,True
7c29da,Australia,2.31,True
ac1f0e,United States,187.81,False
a2c43e,United States,141.59,False
a2b10c,United States,227.69,False
ab79de,United States,253.08,False
7812bd,China,138.94,False
a2b10f,United States,213.55,False
4bcda9,Turkey,211.11,False
4bcda6,Turkey,168.98,False
845d88,Japan,208.82,False
a2b112,United States,288.45,False
4bcdb0,Turkey,237.0,False
a2c449,United States,171.49,False
ac1f1a,United States,137.07,False
a39459,United States,96.33,False
a21dfc,United States,50.82,False
a642fc,United States,45.39,False
7812e1,China,230.3,False
a44aa2,United States,92.08,False
a6db3f,United States,37.45,False
4bcdb4,Turkey,223.52,False
a7fb1c,United States,234.36,False
a32ac6,United States,135.61,False
a33df9,United States,55.13,False
a81b45,United States,56.28,False
a6db55,United States,40.29,False
c00b98,Canada,200.88,False
ab53b9,United States,307.02,False
a41743,United States,263.99,False
ad2c19,United States,284.73,False
ad3f47,United States,54.04,False
a6ee8e,United States,175.82,False
4bcda1,Turkey,231.92,False
4ca708,Ireland,201.75,False
ac99ee,United States,36.01,False
e480fa,Brazil,144.62,False
ace9ba,United States,13.38,True
c00b86,Canada,215.24,False
c00b80,Canada,196.42,False
ac741c,United States,137.7,False
841538,Japan,6.69,True
a2b156,United States,0.0,True
78016d,China,2.57,True
aa7abe,United States,198.65,False
aa7abd,United States,8.75,True
aa211a,United States,51.96,False
c87efe,New Zealand,0.0,True
c87efd,New Zealand,0.0,True
a0a9b2,United States,148.29,False
ac0aac,United States,305.67,False
aa7ac8,United States,219.92,False
a2b150,United States,8.23,True
a1419e,United States,36.03,False
a2b154,United States,1.54,False
a2b153,United States,179.69,False
a2b151,United States,4.63,True
a68ad4,United States,230.81,False
780190,China,3.86,True
a2b12d,United States,208.8,False
aacad4,United States,248.6,False
a38141,United States,210.62,False
78018d,China,6.17,True
78018e,China,7.2,True
a2b136,United States,285.46,False
a3813b,United States,110.32,False
4ca615,Ireland,7.46,True
78018f,China,1.29,True
a3813a,United States,287.32,False
abfded,United States,2.57,True
a32acf,United States,122.39,False
c00b35,Canada,264.77,False
4bccb5,Turkey,238.33,False
a2b130,United States,213.47,False
aa7aa0,United States,6.17,True
4ca624,Ireland,116.46,False
a94db8,United States,193.72,False
abb76d,United States,221.48,False
4bccae,Turkey,202.67,False
a5bae5,United States,42.44,False
e480a2,Brazil,186.19,False
c01e11,Canada,207.95,False
e480a4,Brazil,212.83,False
c01e10,Canada,221.19,False
448466,Belgium,214.48,False
a309b4,United States,0.0,True
a2b198,United States,95.33,False
a2b196,United States,0.0,True
a033ae,United States,184.01,False
a77721,United States,136.16,False
ac7479,United States,6.69,True
a3d10f,United States,61.92,False
ad2af2,United States,237.69,False
8880df,Viet Nam,229.61,False
8880e8,Viet Nam,122.93,False
a53781,United States,66.97,False
a3f793,United States,193.78,False
a0a9d4,United States,178.29,False
a0a9d1,United States,233.09,False
a6eda7,United States,206.9,False
a2b176,United States,235.09,False
ad2aea,United States,6.43,True
ac748a,United States,170.28,False
a033f9,United States,255.18,False
a5cf19,United States,249.75,False
a1c9ea,United States,278.97,False
e4948b,Brazil,240.42,False
a140a7,United States,81.18,False
a9079f,United States,37.84,False
a1b6d0,United States,46.33,False
a20c44,United States,231.03,False
c0737b,Canada,277.87,False
a1a3a9,United States,194.53,False
a56c19,United States,214.36,False
ab6716,United States,39.62,False
a7a17b,United States,202.81,False
a57f42,United States,247.84,False
a08f6b,United States,0.0,True
a2d6a9,United States,187.75,False
abeb9f,United States,117.68,False
e48135,Brazil,248.33,False
a0a9fe,United States,48.31,False
a5cf1b,United States,232.65,False
a88467,United States,1.29,True
a89794,United States,6.43,True
c06026,Canada,125.75,False
c06022,Canada,3.86,True
43c700,United Kingdom,142.94,False
a403c6,United States,183.99,False
e48198,Brazil,68.38,False
a8e76a,United States,198.96,False
a7faad,United States,109.3,False
a8c121,United States,5.92,True
aa7aeb,United States,180.92,False
a7b444,United States,233.52,False
a1a3da,United States,31.98,False
e4949a,Brazil,123.51,False
888200,Viet Nam,202.21,False
e4949f,Brazil,220.64,False
a0df99,United States,74.85,False
a33f79,United States,77.29,False
a2e9fd,United States,159.27,False
a32c3e,United States,199.54,False
4bce02,Turkey,196.1,False
a153de,United States,231.17,False
ab6769,United States,226.1,False
a416be,United States,185.73,False
3b51ff,France,0.0,True
a8712a,United States,221.97,False
780173,China,2.83,True
e48189,Brazil,254.46,False
c0868a,Canada,195.27,False
4bce13,Turkey,147.18,False
a7f44d,United States,62.08,False
a099fd,United States,160.47,False
a349be,United States,234.49,False
abd254,United States,0.0,True
ad2573,United States,233.06,False
a82791,United States,50.16,False
ad124e,United States,192.6,False
ad6bdc,United States,205.22,False
a12c23,United States,249.57,False
a92145,United States,153.07,False
a6c12f,United States,106.58,False
a24c01,United States,278.99,False
84655a,Japan,199.28,False
a6717b,United States,27.27,False
abd26b,United States,0.77,True
a7e152,United States,264.65,False
a7e151,United States,196.75,False
a80162,United States,234.14,False
a1d18f,United States,0.0,True
a25f0d,United States,73.87,False
780e05,China,274.37,False
a0d6a8,United States,10.29,True
a6977a,United States,62.27,False
4075af,United Kingdom,222.3,False
a5a10a,United States,260.06,False
468627,Greece,234.07,False
780e0c,China,1.8,True
4075b3,United Kingdom,312.61,False
a7f411,United States,65.95,False
a5a11a,United States,196.61,False
c016e5,Canada,213.08,False
a00c7a,United States,248.56,False
a7f408,United States,37.64,False
a2af2a,United States,211.54,False
a6844d,United States,98.79,False
a86df1,United States,97.58,False
ac17b0,United States,170.58,False
a216bf,United States,38.49,False
a6c120,United States,0.0,True
780e2e,China,191.8,False
400e14,United Kingdom,168.16,False
846538,Japan,197.9,False
8940c3,Bahrain,7.72,True
a79122,United States,241.13,False
a203a9,United States,126.75,False
ac0519,United States,182.39,False
a49f87,United States,173.76,False
346199,Spain,8.75,True
a37f8d,United States,199.66,False
a4ef67,United States,54.77,False
a323e3,United States,147.77,False
ac5eb4,United States,149.88,False
a2af91,United States,218.9,False
7502cd,Malaysia,237.07,False
a24c77,United States,182.18,False
c029dd,Canada,198.28,False
a73c06,United States,100.57,False
507c72,Uzbekistan,241.97,False
76cce5,Singapore,271.63,False
40631a,United Kingdom,244.1,False
ab3edd,United States,255.08,False
aab202,United States,249.09,False
a7e198,United States,210.35,False
a6f9ee,United States,113.73,False
a826bb,United States,30.36,False
a456ca,United States,80.92,False
c003a8,Canada,68.07,False
acaeaf,United States,60.42,False
ad2517,United States,198.23,False
7502c2,Malaysia,220.33,False
ac5ed9,United States,145.28,False
34615a,Spain,236.7,False
aa0d1e,United States,72.04,False
407642,United Kingdom,214.72,False
a24c73,United States,217.66,False
abd204,United States,196.0,False
a336e3,United States,235.03,False
5140c6,Georgia,222.31,False
a85c01,United States,69.45,False
ac4bb8,United States,202.59,False
780ced,China,218.61,False
ac053f,United States,114.81,False
a336dc,United States,187.73,False
a336df,United States,272.16,False
a85c03,United States,39.22,False
ad385f,United States,255.12,False
c05f01,Canada,109.65,False
acf207,United States,95.38,False
a8aaff,United States,242.03,False
851bdc,Japan,205.77,False
a08844,United States,34.25,False
7502b0,Malaysia,240.4,False
ad1218,United States,219.33,False
c05f0a,Canada,209.4,False
84659e,Japan,180.81,False
ac4bdd,United States,128.81,False
a3cf4f,United States,239.48,False
7c6796,Australia,193.69,False
abd230,United States,1.29,True
7c678d,Australia,222.64,False
a24c99,United States,134.5,False
a310cf,United States,193.9,False
abe579,United States,192.68,False
c05f09,Canada,202.69,False
c05f08,Canada,23.66,True
abe578,United States,67.85,False
872885,Japan,182.76,False
a2f0aa,United States,67.91,False
a6f9b3,United States,201.4,False
a4dc0d,United States,33.83,False
a49f89,United States,251.18,False
c04af4,Canada,124.85,False
c04aed,Canada,216.73,False
abe3e6,United States,234.09,False
ab80f4,United States,280.92,False
ac4c8a,United States,242.49,False
ac03ff,United States,233.54,False
aa0c9e,United States,50.55,False
ab80ed,United States,64.19,False
7c52fa,Australia,120.09,False
a07522,United States,143.99,False
a8bf72,United States,61.71,False
a8bf6e,United States,195.76,False
a21833,United States,153.99,False
aa60bb,United States,200.08,False
76cda1,Singapore,253.18,False
76cda2,Singapore,198.74,False
76cda6,Singapore,219.91,False
acf0db,United States,181.31,False
7c671d,Australia,3.86,True
a44521,United States,207.64,False
a31216,United States,169.74,False
a670a3,United States,250.83,False
7c672c,Australia,59.32,False
a37ed3,United States,202.51,False
acf0d8,United States,186.29,False
a933b4,United States,27.45,False
c0175a,Canada,206.05,False
a33864,United States,59.09,False
c05dd8,Canada,188.05,False
ad10ec,United States,182.74,False
acf0e0,United States,185.9,False
0a806f,Bahamas,220.15,False
ac181d,United States,264.35,False
a13edc,United States,117.56,False
86e184,Japan,269.27,False
7c6719,Australia,37.13,False
7c6714,Australia,4.12,True
a25ebe,United States,52.41,False
780dd1,China,250.35,False
a07579,United States,226.34,False
780dce,China,201.25,False
a826f1,United States,94.68,False
a33843,United States,0.0,True
750484,Malaysia,232.33,False
c05da4,Canada,218.38,False
ab2c0b,United States,227.41,False
750481,Malaysia,235.81,False
8966f0,United Arab Emirates,113.86,False
c0171a,Canada,229.83,False
a1e590,United States,180.21,False
750475,Malaysia,210.77,False
a98ea6,United States,148.06,False
c01734,Canada,255.68,False
acaf0b,United States,224.6,False
ad36a8,United States,274.7,False
750492,Malaysia,212.59,False
ab93a5,United States,214.53,False
a5521c,United States,202.28,False
75047c,Malaysia,209.87,False
a98eb4,United States,225.56,False
75047d,Malaysia,199.18,False
a4453e,United States,277.66,False
c01725,Canada,239.78,False
ac4c21,United States,160.57,False
a0c581,United States,139.22,False
aa883e,United States,200.28,False
ad49e2,United States,52.12,False
a44540,United States,191.04,False
75044d,Malaysia,252.27,False
c0173e,Canada,247.32,False
8966bc,United Arab Emirates,239.05,False
a44544,United States,218.56,False
abf6ae,United States,189.34,False
c01754,Canada,114.98,False
7c65c3,Australia,81.33,False
ad36c8,United States,190.38,False
aa882e,United States,275.14,False
750470,Malaysia,232.7,False
a1e54b,United States,168.22,False
aac3b8,United States,145.87,False
c0172e,Canada,220.7,False
a44533,United States,192.21,False
a69894,United States,0.0,True
8583ca,Japan,79.31,False
ac4c44,United States,197.59,False
750441,Malaysia,231.43,False
780e8c,China,233.52,False
ab80a2,United States,53.84,False
a920ed,United States,46.53,False
750436,Malaysia,199.3,False
ae56c2,United States,63.81,False
abf6d7,United States,203.64,False
ad7f3a,United States,2.83,True
a2f270,United States,52.17,False
8966ad,United Arab Emirates,0.0,False
8966af,United Arab Emirates,258.04,False
863c44,Japan,0.0,True
8966ac,United Arab Emirates,77.48,False
a9cc7a,United States,218.91,False
a1d296,United States,58.21,False
ac4c67,United States,200.12,False
a97c85,United States,119.67,False
a82823,United States,56.19,False
750419,Malaysia,171.9,False
a3124f,United States,60.98,False
4074e4,United Kingdom,8.75,True
84b3eb,Japan,178.41,False
a44570,United States,239.07,False
ab2c8e,United States,212.81,False
ac03f2,United States,163.33,False
39b44e,France,220.34,False
750422,Malaysia,180.88,False
780f09,China,150.94,False
c03a5a,Canada,212.51,False
aa638a,United States,116.38,False
a00d5b,United States,196.26,False
7c4295,Australia,3.86,True
a7e270,United States,51.76,False
a1f7a7,United States,5.4,True
a97bd2,United States,246.03,False
0c21a4,Panama,248.92,False
ace04f,United States,71.66,False
a6c27d,United States,50.94,False
a2f293,United States,34.16,False
388d21,France,1.29,False
ae202e,United States,0.0,True
c03a90,Canada,93.33,False
4b835f,Turkey,61.07,False
a5b55f,United States,7.46,True
4caffb,Ireland,269.41,False
c004e9,Canada,244.58,False
a5fbdc,United States,0.0,True
780f42,China,219.71,False
c004f3,Canada,230.04,False
a23a28,United States,241.88,False
a5c895,United States,213.5,False
a23a26,United States,3.09,True
ad0074,United States,248.12,False
a6857d,United States,39.31,False
a85bb8,United States,54.18,False
0c21de,Panama,190.48,False
abc09e,United States,215.35,False
a6c248,United States,168.34,False
a6d575,United States,46.14,False
4076b1,United Kingdom,232.0,False
c03a69,Canada,183.73,False
4076b0,United Kingdom,242.26,False
a6e89f,United States,283.72,False
7000a4,Afghanistan,0.0,False
846658,Japan,165.14,False
a6e89b,United States,297.09,False
a23a03,United States,0.0,True
a7e20a,United States,169.2,False
aafb07,United States,32.54,False
aa7668,United States,0.0,True
01024b,Egypt,6.17,True
01024c,Egypt,226.03,False
a5fd2d,United States,285.27,False
a697db,United States,235.02,False
40777c,United Kingdom,0.0,True
a24d8c,United States,77.58,False
ac4ca8,United States,237.53,False
a684b5,United States,210.46,False
a48d67,United States,46.86,False
a4ca20,United States,25.8,False
a59a2e,United States,187.19,False
01023b,Egypt,107.17,False
aa0e62,United States,1.03,True
01023f,Egypt,229.97,False
a23a80,United States,44.14,False
aa88fb,United States,182.37,False
abd302,United States,62.47,False
a60a1c,United States,64.82,False
a324f5,United States,75.82,False
a1d1d0,United States,211.57,False
40643a,United Kingdom,219.31,False
7503db,Malaysia,228.72,False
346291,Spain,286.83,False
aad97b,United States,226.09,False
4d002a,Luxembourg,284.62,False
010284,Egypt,194.79,False
406440,United Kingdom,218.82,False
010283,Egypt,282.2,False
010276,Egypt,229.81,False
a5ea37,United States,27.85,False
868089,Japan,73.77,False
a3bd8b,United States,82.24,False
01025c,Egypt,223.27,False
01025b,Egypt,240.93,False
01025d,Egypt,251.7,False
a85d1b,United States,151.83,False
01025f,Egypt,224.08,False
ac4ccf,United States,137.74,False
a11a81,United States,215.6,False
010266,Egypt,219.79,False
010265,Egypt,227.72,False
ac4cd4,United States,155.96,False
a1e4e9,United States,242.46,False
40641d,United Kingdom,209.54,False
7c4209,Australia,235.76,False
a324ce,United States,188.88,False
abf96c,United States,194.68,False
abd30f,United States,225.17,False
abd336,United States,2.31,True
a8028a,United States,228.74,False
a92299,United States,234.7,False
aa88d2,United States,199.94,False
aa0e1e,United States,49.05,False
a61d00,United States,1.29,True
a577d4,United States,278.41,False
33fff0,Italy,166.29,False
010206,Egypt,247.98,False
a35a92,United States,144.49,False
a7e279,United States,0.06,True
a4dd35,United States,144.47,False
01022f,Egypt,223.88,False
ab703e,United States,182.28,False
ae3333,United States,39.38,False
ad000d,United States,239.53,False
868042,Japan,243.92,False
868043,Japan,272.25,False
a564ab,United States,267.46,False
a564c2,United States,46.97,False
a0d90c,United States,198.7,False
a697cf,United States,217.48,False
868034,Japan,216.29,False
ab7067,United States,64.55,False
a19648,United States,57.52,False
abd1e3,United States,13.38,True
a00ce0,United States,136.47,False
8464d2,Japan,6.94,True
a1f94c,United States,67.39,False
48ae22,Poland,147.62,False
a2061e,United States,221.68,False
48ae20,Poland,258.74,False
48ae21,Poland,252.06,False
a37fb0,United States,10.8,True
ac3a83,United States,167.08,False
a0d975,United States,96.33,False
ad5a4b,United States,42.81,False
a9cd47,United States,224.98,False
8464f4,Japan,8.75,True
a0d93d,United States,239.8,False
48ae06,Poland,217.25,False
48ae07,Poland,301.77,False
48ae03,Poland,5.14,True
48ae00,Poland,269.67,False
48ae01,Poland,82.58,False
a37fa1,United States,194.27,False
a01fee,United States,273.83,False
a45906,United States,8.75,True
780eb9,China,93.42,False
a00cd4,United States,57.36,False
a7e1cd,United States,261.52,False
a5ea9a,United States,279.47,False
a4ca66,United States,199.46,False
a5ea3c,United States,70.21,False
780ec4,China,170.98,False
507c41,Uzbekistan,220.58,False
a4462e,United States,125.55,False
a671ba,United States,151.22,False
a671c4,United States,44.86,False
a97d59,United States,84.99,False
76cee2,Singapore,243.21,False
a4ca6a,United States,210.0,False
a19691,United States,236.86,False
7c6847,Australia,0.0,False
76cee9,Singapore,4.37,True
407739,United Kingdom,223.57,False
a17032,United States,51.94,False
a0504c,United States,38.41,False
ac1934,United States,184.57,False
a96a1f,United States,23.29,False
ac5fad,United States,150.98,False
76cef2,Singapore,181.88,False
a4460e,United States,144.25,False
a4460d,United States,190.73,False
a24cc0,United States,242.0,False
76cef6,Singapore,251.63,False
40771a,United Kingdom,283.24,False
a814f1,United States,38.48,False
a07690,United States,167.11,False
76ceed,Singapore,85.03,False
abf949,United States,147.56,False
a44611,United States,273.05,False
780ef8,China,234.69,False
a0b333,United States,193.93,False
347605,Spain,212.86,False
507c4d,Uzbekistan,128.65,False
347604,Spain,283.06,False
a19679,United States,282.43,False
a4592a,United States,105.24,False
a5ea5c,United States,144.93,False
a86fd2,United States,56.47,False
a8294f,United States,41.49,False
780f6a,China,212.51,False
87ad76,Japan,3.6,True
aa6333,United States,316.26,False
a3136a,United States,130.09,False
a42020,United States,68.03,False
750599,Malaysia,200.03,False
a4200d,United States,247.54,False
a1d368,United States,280.86,False
a5666e,United States,139.76,False
ac4d1a,United States,234.73,False
ad6d03,United States,250.54,False
a93631,United States,0.0,True
aa630b,United States,226.16,False
c05eb7,Canada,68.4,False
4075e0,United Kingdom,228.09,False
c05ee5,Canada,254.41,False
aafa0d,United States,202.16,False
c05ee1,Canada,212.04,False
a1836c,United States,240.27,False
a3133c,United States,208.41,False
c05edd,Canada,195.51,False
a98fa8,United States,40.01,False
750574,Malaysia,260.57,False
a5c990,United States,39.07,False
e47fa6,Brazil,172.19,False
c05ed0,Canada,226.59,False
c01860,Canada,166.7,False
7c79ee,Australia,76.95,False
a6d643,United States,202.64,False
a48cc1,United States,52.61,False
75057b,Malaysia,237.61,False
0101df,Egypt,234.28,False
a0506f,United States,46.21,False
7c66d3,Australia,251.69,False
aa0ca7,United States,256.26,False
300990,Italy,56.14,False
a2e078,United States,31.59,False
75054f,Malaysia,231.07,False
a82914,United States,53.65,False
750553,Malaysia,221.4,False
a62fd1,United States,212.5,False
a4dca5,United States,108.9,False
ae57d2,United States,61.66,False
aac4ed,United States,257.02,False
ac04f5,United States,274.5,False
75052a,Malaysia,218.88,False
a3cffa,United States,38.24,False
abe4db,United States,210.71,False
a70965,United States,34.61,False
acf1a3,United States,240.77,False
85c1af,Japan,60.44,False
750547,Malaysia,75.04,False
750541,Malaysia,139.42,False
a57997,United States,208.84,False
750543,Malaysia,148.46,False
7c68b9,Australia,185.57,False
acbffd,United States,259.58,False
7c68aa,Australia,0.45,True
a98bc2,United States,212.0,False
7c68ae,Australia,229.78,False
aac35d,United States,57.61,False
a95881,United States,128.52,False
c05d81,Canada,91.06,False
4caea0,Ireland,179.96,False
a93229,United States,142.02,False
7c68a9,Australia,195.37,False
a9eecf,United States,60.05,False
7c68a4,Australia,53.38,False
a097cc,United States,154.38,False
a00a08,United States,113.41,False
a097ce,United States,200.44,False
7504b1,Malaysia,182.68,False
ac1698,United States,273.15,False
7c68b1,Australia,131.08,False
a94567,United States,64.31,False
aa868f,United States,75.09,False
71ba18,Republic of Korea,192.93,False
4caeb6,Ireland,112.5,False
ab9387,United States,228.78,False
a8cec7,United States,216.76,False
a74bfc,United States,35.0,False
a1e27f,United States,85.75,False
a44262,United States,146.52,False
a45592,United States,229.61,False
7c68a1,Australia,215.43,False
c05d7b,Canada,135.44,False
a45586,United States,209.78,False
ae5665,United States,27.65,False
a44258,United States,166.33,False
84b794,Japan,211.46,False
84b77f,Japan,74.66,False
a4556d,United States,153.35,False
a4423b,United States,201.63,False
aa733d,United States,56.4,False
aa600a,United States,207.03,False
aa733b,United States,158.83,False
a62bc5,United States,30.47,False
a63ef3,United States,108.04,False
a68214,United States,31.95,False
aa998e,United States,210.34,False
4caee5,Ireland,4.12,True
76bd44,Singapore,202.64,False
ad237c,United States,225.41,False
ae5684,United States,63.04,False
aab07a,United States,154.8,False
abd063,United States,4.89,True
a0e7f4,United States,178.36,False
a071c6,United States,86.88,False
a071c8,United States,0.06,True
a00a50,United States,46.52,False
a071c2,United States,211.73,False
71ba17,Republic of Korea,122.96,False
a097e9,United States,215.57,False
7c68cb,Australia,197.57,False
ad105b,United States,0.0,True
c001b2,Canada,81.98,False
71ba01,Republic of Korea,158.42,False
c05d3c,Canada,212.89,False
c05d3e,Canada,52.51,False
c027ea,Canada,66.14,False
c05d56,Canada,9.26,True
a8251a,United States,55.14,False
a0e7bb,United States,55.51,False
84b73b,Japan,182.86,False
4caed4,Ireland,0.0,True
aa0b10,United States,185.04,False
a4b7d3,United States,294.03,False
a4b7d7,United States,211.82,False
a214e5,United States,143.03,False
a347f9,United States,88.57,False
ab4fd4,United States,1.54,True
a36a19,United States,75.71,False
aa1e38,United States,187.73,False
8466a0,Japan,208.15,False
a36a21,United States,243.57,False
7c433b,Australia,28.57,False
86e474,Japan,268.68,False
a7f289,United States,114.74,False
a4a4ad,United States,61.57,False
a24a0a,United States,199.02,False
a49d16,United States,0.77,True
347255,Spain,1.29,True
a837a7,United States,267.74,False
a24a31,United States,177.67,False
a837a6,United States,177.86,False
c05d08,Canada,225.12,False
a837a1,United States,54.22,False
485b44,Kingdom of the Netherlands,252.97,False
a837a5,United States,192.56,False
a837a3,United States,159.56,False
a37d8d,United States,208.26,False
a37d8a,United States,234.17,False
ac296f,United States,71.6,False
a441c9,United States,206.32,False
a5b285,United States,89.99,False
ad8fc5,United States,63.36,False
aab001,United States,250.31,False
ac297c,United States,7.2,True
4a0d12,Romania,174.14,False
a441ac,United States,212.17,False
ad495b,United States,2.06,True
a12a9e,United States,212.21,False
a8bbff,United States,135.06,False
adcca5,United States,165.55,False
a12a80,United States,0.64,True
adcca0,United States,265.43,False
a12a81,United States,215.37,False
a12a82,United States,256.81,False
a334f9,United States,34.65,False
a1e1d8,United States,1.03,True
a9a873,United States,53.29,False
a8bbe1,United States,245.57,False
ac1675,United States,205.11,False
ac033e,United States,244.9,False
a93257,United States,169.02,False
a12a7c,United States,228.92,False
86e452,Japan,237.96,False
acad53,United States,147.1,False
a3ba92,United States,110.67,False
aa0a72,United States,234.32,False
c05bd6,Canada,224.35,False
c05bd2,Canada,226.0,False
abe1c2,United States,75.3,False
a837fa,United States,28.83,False
a97a37,United States,42.37,False
c05bd5,Canada,261.38,False
ab2a76,United States,10.8,True
ab3d9a,United States,14.92,True
a3ba9c,United States,56.49,False
a6e4e8,United States,2.83,True
ac01d3,United States,231.08,False
347303,Spain,139.74,False
a811a6,United States,17.1,False
347302,Spain,121.2,False
347301,Spain,145.55,False
a5fa85,United States,43.3,False
a58915,United States,64.7,False
a09947,United States,77.17,False
acad6b,United States,39.04,False
a10931,United States,214.68,False
4072dc,United Kingdom,170.98,False
84b5ee,Japan,277.27,False
a01ca5,United States,144.2,False
ad21bc,United States,0.0,True
adcd6d,United States,206.88,False
a06010,United States,205.9,False
88105a,Thailand,111.96,False
780fdb,China,224.88,False
a4a4e8,United States,257.07,False
424b31,United Kingdom,269.19,False
7c561d,Australia,85.1,False
7c5635,Australia,49.99,False
c0150d,Canada,198.19,False
ac01fd,United States,78.91,False
ac01fc,United States,246.94,False
a837c1,United States,79.09,False
7b1000,China,9.26,True
ae54f6,United States,49.44,False
86808a,Japan,88.22,False
a0d659,United States,58.9,False
c05bc8,Canada,226.99,False
a10970,United States,140.69,False
a85a19,United States,39.15,False
aae91e,United States,54.26,False
a21636,United States,48.36,False
84b5ac,Japan,185.63,False
a704d3,United States,183.38,False
a21633,United States,284.99,False
ab4fae,United States,282.45,False
a26fc9,United States,6.17,True
a48a8f,United States,225.51,False
a86d36,United States,44.24,True
a6e4c2,United States,43.9,False
a1d018,United States,69.31,False
ac27a6,United States,228.87,False
ab3d14,United States,91.92,False
4d23ea,Malta,223.54,False
a32343,United States,59.59,False
514005,Georgia,0.0,True
514004,Georgia,74.59,True
a9a901,United States,10.8,True
a21698,United States,51.56,False
a4b96d,United States,1.29,True
a3dffe,United States,260.97,False
a4a63d,United States,135.39,False
a4b973,United States,59.8,False
4d23e1,Malta,249.32,False
a1933c,United States,223.58,False
a5897b,United States,30.88,False
a19343,United States,206.8,False
ab3d39,United States,6.69,True
a1801c,United States,207.74,False
a34978,United States,246.32,False
ac5d0d,United States,101.07,False
a4b996,United States,0.51,True
a55017,United States,7.2,True
a1939a,United States,156.25,False
a1806a,United States,54.26,False
a5fa9f,United States,40.33,False
acad02,United States,226.01,False
ac27f0,United States,131.29,False
8a0a67,Indonesia,237.2,False
e0a54e,Argentina,157.71,False
a8aa77,United States,65.02,False
ad34b4,United States,198.69,False
ad47e4,United States,45.39,False
a0d69b,United States,128.43,False
3484d3,Spain,219.06,False
a0d69c,United States,62.35,False
a32367,United States,0.0,True
a32368,United States,0.0,True
a4ffb7,United States,212.1,False
a44334,United States,150.61,False
a50cb7,United States,233.68,False
aa0a6e,United States,10.29,True
a98d7e,United States,278.62,False
aac1af,United States,4.12,True
abd135,United States,207.76,False
adcdcc,United States,229.72,False
a098f6,United States,244.28,False
a5c694,United States,130.67,False
a6d34b,United States,235.35,False
a7f31f,United States,81.69,False
a9a97f,United States,64.39,False
abe475,United States,216.91,False
a12b07,United States,4.63,True
aab169,United States,289.0,False
a6f99b,United States,107.6,False
a8cfdd,United States,1.54,True
a8268d,United States,220.8,False
a085a4,United States,132.74,False
ac048d,United States,92.91,False
ab09a8,United States,49.65,False
aab187,United States,178.53,False
a79046,United States,232.87,False
869560,Japan,259.68,False
ab09b4,United States,197.94,False
ac049e,United States,199.76,False
a12b2b,United States,290.44,False
aa7468,United States,228.64,False
aae9a3,United States,212.97,False
a7197d,United States,215.16,False
a6e640,United States,48.94,False
aab18c,United States,194.43,False
c05e62,Canada,251.55,False
a6f96c,United States,233.06,False
4cadc1,Ireland,73.89,False
ab819c,United States,199.3,False
4cade2,Ireland,76.68,False
3a3a20,France,99.99,False
a24b1d,United States,141.7,False
a75fdf,United States,247.73,False
adbaca,United States,287.65,False
846888,Japan,181.71,False
c05e3f,Canada,115.36,False
a12b0e,United States,225.96,False
aa6113,United States,249.86,False
44a831,Belgium,236.49,False
c04b57,Canada,145.25,False
ab2c04,United States,1.54,True
aa742d,United States,50.39,False
a8397c,United States,275.16,False
abd19e,United States,188.88,False
7c56b7,Australia,205.11,False
a55055,United States,0.0,True
aa6103,United States,207.86,False
c04b39,Canada,40.65,False
448bc6,Belgium,144.05,False
a86caa,United States,63.56,False
a13e56,United States,43.41,False
c05e72,Canada,229.5,False
a8cfae,United States,5.14,True
aa7426,United States,214.44,False
4cadb7,Ireland,233.59,False
a7f304,United States,32.82,False
a37e6c,United States,226.89,False
aa86cb,United States,0.0,False
3c7a42,Germany,237.3,False
a335f4,United States,230.54,False
3c7a45,Germany,247.47,False
40753d,United Kingdom,243.81,False
4cadfb,Ireland,152.4,False
a4a5c0,United States,37.51,False
a50e67,United States,154.57,False
a37e5a,United States,0.19,True
a61b14,United States,28.14,False
ad7da2,United States,213.47,False
346057,Spain,255.54,False
c05e2d,Canada,117.27,False
ae5718,United States,289.53,False
ac0417,United States,240.78,False
a24b40,United States,279.54,False
347386,Spain,272.41,False
a5d8f0,United States,84.01,False
a705c5,United States,39.15,False
84b7a1,Japan,143.95,False
3c7a4f,Germany,0.0,False
a562aa,United States,268.37,False
a24b39,United States,205.11,False
ac1747,United States,146.37,False
a825a6,United States,187.55,False
3c7a4c,Germany,3.34,True
a4db48,United States,55.05,False
a00b91,United States,128.39,False
a13e8c,United States,166.54,False
c028cd,Canada,216.09,False
0a80c2,Bahamas,220.08,False
a442dd,United States,90.24,False
a08714,United States,180.95,False
ac042a,United States,117.5,False
e47f4f,Brazil,5.92,True
aa99b7,United States,265.26,False
ab2ae0,United States,61.07,False
86d222,Japan,146.13,False
40756b,United Kingdom,220.29,False
40756c,United Kingdom,208.11,False
a2ae96,United States,178.14,False
abe448,United States,99.4,False
40622b,United Kingdom,221.19,False
a192ff,United States,72.76,False
a9202d,United States,135.01,False
40621b,United Kingdom,309.34,False
a2ae6e,United States,42.95,False
abe450,United States,253.69,False
a50e3f,United States,180.55,False
ad2445,United States,193.72,False
ac045c,United States,214.93,False
aab146,United States,82.11,False
ac5e8d,United States,151.58,False
c0033f,Canada,49.22,False
a945fc,United States,146.43,False
ac4b72,United States,5.14,True
aa72f5,United States,207.37,False
a9cb1c,United States,232.73,False
abe2f6,United States,0.0,True
a958ff,United States,151.43,False
a9de45,United States,85.99,False
ac4b95,United States,220.89,False
a12ac5,United States,162.97,False
a3bb5f,United States,40.51,False
a12ac7,United States,189.99,False
a12ac9,United States,215.66,False
a3373a,United States,256.24,False
a0c42c,United States,58.68,False
a50e93,United States,281.61,False
a86e3f,United States,90.47,False
a24aa1,United States,168.39,False
a12ac0,United States,263.52,False
a12ac1,United States,246.7,False
a12ac2,United States,102.37,False
a12ac3,United States,277.86,False
a97b12,United States,54.49,False
a562e8,United States,191.05,False
4cae57,Ireland,194.94,False
7c4423,Australia,140.89,False
3e0a41,Germany,29.26,False
a37db9,United States,0.0,True
aa72b1,United States,155.99,False
424c62,United Kingdom,77.76,False
a838e5,United States,61.87,False
a12aa4,United States,201.96,False
a825e3,United States,220.08,False
4cae35,Ireland,233.73,False
a5fb50,United States,36.41,False
a958d2,United States,288.14,False
ad48a9,United States,157.65,False
84b807,Japan,194.14,False
a24add,United States,82.4,False
a6e720,United States,181.73,False
a06176,United States,46.81,False
a3244f,United States,214.73,False
a3244a,United States,229.21,False
7c42e2,Australia,227.15,False
a2adf4,United States,5.4,True
aae8ba,United States,32.7,False
7c42bf,Australia,139.11,False
a2f111,United States,112.32,False
a43100,United States,267.6,False
761487,Pakistan,250.0,False
aa7409,United States,190.6,False
7c42d0,Australia,51.78,False
4073a1,United Kingdom,4.37,True
a31122,United States,176.87,False
ac28be,United States,0.0,True
84b829,Japan,176.25,False
a12ae8,United States,251.4,False
ab08ea,United States,44.25,False
4d22ac,Malta,245.06,False
aa871b,United States,54.41,False
ac28e5,United States,197.97,False
a32449,United States,287.87,False
a69761,United States,172.05,False
a12ae4,United States,223.27,False
a74dd6,United States,43.33,False
a12ae5,United States,193.45,False
ad35a2,United States,57.17,False
ab2b34,United States,101.83,False
a32437,United States,214.21,False
ad7e17,United States,95.39,False
a33766,United States,291.49,False
ab2b2c,United States,148.42,False
ac15d1,United States,3.6,True
aad5ca,United States,265.67,False
ae68bd,United States,137.87,False
a0b199,United States,198.17,False
a0e9a1,United States,47.63,False
c04a7d,Canada,92.16,False
ad6b14,United States,68.1,False
ad6b16,United States,236.11,False
abf5b7,United States,56.9,False
c001ea,Canada,281.86,False
a0e9b7,United States,233.2,False
ab92c4,United States,244.07,False
a48ae7,United States,47.33,True
aad5f2,United States,237.32,False
a086b4,United States,173.02,False
a1d14a,United States,54.64,False
abe2a3,United States,156.61,False
4cae8f,Ireland,125.01,False
ad6b0c,United States,2.57,True
ad6b0f,United States,73.59,False
a01f13,United States,215.67,False
a3245d,United States,118.04,False
ad35e0,United States,79.9,False
a48ac4,United States,207.09,False
a01f0d,United States,176.86,False
ace391,United States,80.18,False
c00926,Canada,224.52,False
a0fd55,United States,76.15,False
a291a2,United States,74.27,False
a47d11,United States,220.67,False
7c57d1,Australia,78.71,False
407267,United Kingdom,221.31,False
aa78b2,United States,207.85,False
abb089,United States,240.54,False
ac08b1,United States,177.81,False
adacfd,United States,233.06,False
a47d05,United States,236.64,False
a0b4e2,United States,79.58,False
abb080,United States,112.79,False
398699,France,258.09,False
ac3e13,United States,160.05,False
adf05e,United States,95.69,False
a11d47,United States,259.87,False
86d31d,Japan,197.14,False
adf068,United States,275.82,False
a92599,United States,55.66,False
a554b9,United States,46.44,False
a4ba02,United States,174.32,False
a4ba05,United States,54.06,False
a9125f,United States,12.35,True
ac08d4,United States,175.7,False
800b12,India,229.22,False
71bc36,Republic of Korea,246.34,False
a7824e,United States,225.14,False
a171f7,United States,53.1,False
a78263,United States,177.62,False
a09a90,United States,214.63,False
a6b253,United States,96.76,False
7c7a36,Australia,212.65,False
a47d4c,United States,145.29,False
7c7a38,Australia,77.19,False
7c7a39,Australia,204.17,False
ad5e27,United States,7.2,True
a54299,United States,207.43,False
4caca2,Ireland,141.66,False
a22a73,United States,52.91,False
a7e54f,United States,201.39,False
7c44c7,Australia,29.72,False
a35d73,United States,213.21,False
ac08f5,United States,236.13,False
a0a1f1,United States,49.22,False
a47d46,United States,251.95,False
adf09b,United States,62.15,False
ab72b3,United States,219.52,False
ac3e3a,United States,203.04,False
ab0b42,United States,199.63,False
a8aef3,United States,215.16,False
a1d4bc,United States,218.71,False
a9cecd,United States,197.17,False
a327ee,United States,205.24,False
868316,Japan,202.5,False
a447d5,United States,54.34,False
4cacf1,Ireland,230.27,False
ad5cc2,United States,99.51,False
ac4ffb,United States,72.59,False
a46a72,United States,173.66,False
a804bb,United States,39.43,False
a1990c,United States,50.61,False
aa9b65,United States,195.55,False
a6c4d7,United States,243.33,False
8468cc,Japan,287.72,False
ab6020,United States,222.82,False
a00fbd,United States,46.11,False
a301f3,United States,8.23,True
a661bf,United States,170.26,False
ac8009,United States,289.71,False
a2090d,United States,249.2,False
a661c7,United States,248.38,False
ac3cef,United States,243.53,False
a2e1ce,United States,263.95,False
a301e9,United States,29.69,False
a84d62,United States,199.7,False
ab7376,United States,283.23,False
a301df,United States,241.4,False
aa9b42,United States,6.17,True
7c4567,Australia,40.72,False
ad0343,United States,53.51,False
a434e3,United States,45.38,False
ac801e,United States,220.73,False
a47d69,United States,115.91,False
4d238c,Malta,235.66,False
ad5cfa,United States,132.02,False
abd690,United States,71.31,False
aa52a0,United States,190.99,False
ab7394,United States,147.14,False
aa9b20,United States,249.12,False
a19962,United States,63.96,False
e03614,Argentina,115.42,False
a44918,United States,2.83,True
a44917,United States,293.31,False
a44916,United States,218.65,False
4d239b,Malta,234.21,False
a1863b,United States,266.38,False
a59d63,United States,187.07,False
a0665b,United States,124.16,False
a5a4c1,United States,210.63,False
ad036b,United States,112.56,False
a58a41,United States,121.95,False
aaa39b,United States,75.66,False
a5ed58,United States,36.03,False
a59d5f,United States,211.69,False
a71a0b,United States,82.54,False
a84d25,United States,220.4,False
c03d1a,Canada,222.85,False
800b81,India,216.45,False
c007d0,Canada,206.91,False
a5a4be,United States,47.37,False
a44960,United States,235.35,False
a3aca6,United States,0.0,True
a44963,United States,217.14,False
8694d8,Japan,229.74,False
a44962,United States,240.48,False
a35cba,United States,212.49,False
a5b923,United States,150.72,False
0d0ee3,Mexico,259.52,False
0d0ee9,Mexico,232.25,False
a36ff7,United States,202.32,False
a68946,United States,259.93,False
c83311,New Zealand,58.08,False
ab2fb5,United States,147.4,False
862d50,Japan,278.01,False
a4493e,United States,140.78,False
a4493c,United States,238.76,False
0d0ef1,Mexico,84.1,False
a44943,United States,197.01,False
a44940,United States,211.89,False
8681ba,Japan,298.81,False
8681bd,Japan,156.21,False
a54312,United States,214.91,False
a44939,United States,216.18,False
a44938,United States,255.54,False
8681b5,Japan,214.1,False
ace1fe,United States,39.64,False
8681b9,Japan,199.76,False
a4491d,United States,89.54,False
a6d91c,United States,28.8,False
7c5817,Australia,64.78,False
a4491a,United States,207.03,False
86e4b8,Japan,268.29,False
ac4fb5,United States,300.08,False
a4491f,United States,200.72,False
8681ad,Japan,196.52,False
8681ab,Japan,184.36,False
aac954,United States,214.22,False
ab2fe4,United States,196.48,False
ad292a,United States,2.83,True
aa51fe,United States,211.23,False
c03bfb,Canada,0.0,True
84b7c3,Japan,28.29,True
a30361,United States,51.88,False
abe959,United States,299.69,False
c8200a,New Zealand,95.2,False
c8200b,New Zealand,123.61,False
ac4fd8,United States,85.07,False
a4497f,United States,212.48,False
7c453a,Australia,39.57,False
a44988,United States,241.44,False
ab1cd2,United States,65.34,False
4070eb,United Kingdom,0.0,True
a44983,United States,240.38,False
4070ec,United Kingdom,214.42,False
a44982,United States,223.27,False
a44984,United States,0.0,True
a95a1c,United States,181.43,False
ac096b,United States,72.26,False
a1d685,United States,51.62,False
aaa326,United States,220.45,False
a16037,United States,218.19,False
0d0ec8,Mexico,150.05,False
4070f0,United Kingdom,213.86,False
a47cb5,United States,49.12,False
aaa339,United States,40.46,False
4070e3,United Kingdom,223.75,False
4070e7,United Kingdom,214.6,False
a4495b,United States,184.86,False
4070e5,United Kingdom,222.26,False
a6b337,United States,53.61,False
abe7e3,United States,203.39,False
a6c65a,United States,58.28,False
846954,Japan,159.08,False
4c01e3,Serbia,203.73,False
ac2a33,United States,209.05,False
4d21bc,Malta,218.79,False
151fd1,Russian Federation,240.71,False
4c01e7,Serbia,117.61,False
ac07fd,United States,255.61,False
ad27f3,United States,156.81,False
86d1f3,Japan,66.17,False
ab1d81,United States,108.11,False
a8afec,United States,259.67,False
4c01f3,Serbia,184.31,False
a9bca6,United States,54.57,False
a29391,United States,10.29,True
a7d32e,United States,239.5,False
4cad46,Ireland,273.75,False
acf4c9,United States,141.0,False
3482d5,Spain,284.79,False
3482d6,Spain,225.77,False
84b940,Japan,172.39,False
a77035,United States,210.1,False
846978,Japan,202.12,False
3c458e,Germany,257.37,False
ab0a76,United States,214.11,False
a1c386,United States,52.08,False
3c4593,Germany,254.3,False
abd4e7,United States,100.63,False
a6a00b,United States,232.76,False
a5a62f,United States,218.26,False
0d0f91,Mexico,0.0,True
ad14f9,United States,185.13,False
ac91cd,United States,219.79,False
acf4e8,United States,196.02,False
ad01c0,United States,222.37,False
a66316,United States,171.34,False
ace1af,United States,99.14,False
ad01ab,United States,0.06,True
ac91d4,United States,93.14,False
a53006,United States,216.59,False
a2d090,United States,37.31,False
a85fb8,United States,67.45,False
862d94,Japan,211.31,False
ab0a95,United States,261.74,False
a2d096,United States,51.44,False
a5a648,United States,86.43,False
c00839,Canada,95.09,False
aaea84,United States,202.76,False
8694fa,Japan,208.46,False
a23e36,United States,47.56,False
aaea83,United States,44.77,False
a72ca2,United States,218.48,False
a198ed,United States,6.43,True
a328a7,United States,9.49,False
ac91f1,United States,140.46,False
a23e01,United States,24.16,False
c04ed6,Canada,181.77,False
a1e8b8,United States,126.73,False
a4105b,United States,182.64,False
a66346,United States,164.96,False
a3f02e,United States,148.5,False
a198e2,United States,45.1,False
a5a665,United States,198.11,False
a6898d,United States,198.62,False
45d965,Denmark,224.03,False
a4ce21,United States,217.9,False
a0fe6e,United States,213.44,False
a302a0,United States,254.34,False
a89076,United States,192.02,False
881421,Thailand,237.49,False
881426,Thailand,209.11,False
a23e65,United States,32.74,False
881424,Thailand,191.53,False
abb19c,United States,287.51,False
a0fe7a,United States,212.88,False
88140f,Thailand,105.37,False
a568e8,United States,219.39,False
a35e49,United States,3.86,True
39c494,France,241.16,False
39c498,France,130.97,False
a0a2bd,United States,0.0,True
a47e28,United States,180.63,False
0d0f5f,Mexico,190.8,False
0d0f5e,Mexico,125.05,False
a448d1,United States,199.59,False
a555c3,United States,183.93,False
a675a9,United States,171.97,False
a09b53,United States,68.66,False
a8f371,United States,238.71,False
a208f2,United States,57.21,False
c03da9,Canada,233.3,False
a23e62,United States,61.77,False
ac2c10,United States,227.09,False
86e778,Japan,0.0,True
a7d39d,United States,0.19,True
a60e3f,United States,61.23,False
ae1191,United States,174.01,False
a09b65,United States,251.72,False
ae1193,United States,176.09,False
a11e77,United States,40.65,False
ac3f2f,United States,176.63,False
a89086,United States,217.05,False
71bd54,Republic of Korea,231.34,False
aa79a6,United States,297.36,False
a7e691,United States,164.27,False
ac2c23,United States,247.13,False
a1c2f6,United States,43.78,False
a46b3d,United States,67.64,False
aa4195,United States,3.09,True
a46b3a,United States,70.23,False
151efa,Russian Federation,206.97,False
ac2c33,United States,222.48,False
a5307f,United States,225.28,False
347191,Spain,219.04,False
4c0221,Serbia,247.04,False
0d0f1c,Mexico,246.97,False
adf194,United States,233.97,False
abd6c6,United States,246.55,False
a448fa,United States,201.55,False
800c0c,India,251.69,False
ae6c14,United States,138.4,False
aaec3e,United States,64.36,False
aa9afc,United States,193.96,False
862df4,Japan,297.63,False
868428,Japan,78.59,False
ac2c56,United States,217.62,False
a568c9,United States,50.25,False
0d0f49,Mexico,192.25,False
a23e8d,United States,53.29,False
a448f8,United States,136.63,False
a448f2,United States,205.27,False
a8069e,United States,71.09,False
a448f6,United States,203.52,False
a448f5,United States,241.61,False
a65092,United States,238.78,False
4d2237,Malta,205.9,False
ac3dec,United States,220.78,False
4cabd1,Ireland,272.67,False
adadc3,United States,47.69,False
a9ab05,United States,150.54,False
a6c5dc,United States,8.75,True
8469ec,Japan,70.46,False
ad5dd3,United States,0.0,True
800c86,India,243.24,False
a18723,United States,226.44,False
a71b43,United States,225.41,False
a6d8ff,United States,184.71,False
ab879f,United States,213.28,False
a9ab17,United States,208.61,False
abc455,United States,255.01,False
a7e5c1,United States,189.62,False
a4ce9d,United States,166.71,False
4d222c,Malta,138.62,False
a9ab07,United States,272.18,False
4d222e,Malta,158.14,False
a0540a,United States,0.0,True
4cabd4,Ireland,229.63,False
a422f7,United States,187.43,False
a6fb32,United States,279.34,False
acd120,United States,106.75,False
a4bb8a,United States,0.0,True
861c10,Japan,156.42,False
aa9c5b,United States,263.04,False
abd77e,United States,177.08,False
ab6162,United States,238.27,False
a35e9c,United States,276.84,False
4d2228,Malta,256.61,False
abc478,United States,201.45,False
0d0f07,Mexico,239.5,False
a782e4,United States,200.12,False
abb12d,United States,183.49,False
adf128,United States,221.82,False
acd12f,United States,57.32,False
a5ee51,United States,207.57,False
c008f0,Canada,186.74,False
a688f7,United States,130.01,False
406016,United Kingdom,212.13,False
aa9c2d,United States,76.04,False
a688ff,United States,251.86,False
4d227b,Malta,79.83,False
a4ce71,United States,259.02,False
abc49b,United States,198.88,False
4d2258,Malta,196.23,False
40731c,United Kingdom,218.37,False
abb172,United States,1.8,True
a0541b,United States,0.0,True
a662b8,United States,26.56,False
aa79f6,United States,198.23,False
ad4afb,United States,230.43,False
ac3f09,United States,198.8,False
a5db2c,United States,200.28,False
4cabf8,Ireland,234.45,False
a1878a,United States,149.81,False
0d0daf,Mexico,222.74,False
a22ac6,United States,59.82,False
a9ab87,United States,71.51,False
0d0dba,Mexico,209.81,False
850e9c,Japan,210.31,False
a3adce,United States,210.54,False
0d0dd9,Mexico,216.18,False
ab7402,United States,99.04,False
a6c71c,United States,204.14,False
86d2aa,Japan,0.51,True
a55767,United States,180.65,False
a53105,United States,37.47,False
ab8748,United States,281.36,False
a05470,United States,69.13,False
0d0dda,Mexico,226.76,False
c03e07,Canada,2.31,True
861b64,Japan,213.32,False
c08048,Canada,240.51,False
a2d143,United States,51.18,False
ab741e,United States,187.63,False
ab6101,United States,244.82,False
ab6108,United States,154.81,False
4cac10,Ireland,245.7,False
a96e9a,United States,248.41,False
861b06,Japan,202.75,False
a2f77b,United States,217.66,False
a079c1,United States,39.31,False
a34ae6,United States,207.92,False
a7d2bc,United States,301.59,False
a3ada3,United States,264.69,False
a1b12a,United States,222.89,False
710059,Saudi Arabia,194.3,False
0d0da8,Mexico,0.0,True
abc432,United States,208.14,False
71002a,Saudi Arabia,279.57,False
7c5972,Australia,56.08,False
a3adb9,United States,264.88,False
a7d2f7,United States,247.36,False
8695c6,Japan,245.06,False
a3043b,United States,44.56,False
7c3315,Australia,48.04,False
758087,Philippines,238.72,False
a209b9,United States,235.72,False
758081,Philippines,0.0,True
ac3e5d,United States,251.14,False
7c7a71,Australia,25.12,False
71be25,Republic of Korea,200.57,False
acf5be,United States,63.96,False
7c7a4a,Australia,232.77,False
a8e102,United States,39.62,False
7c7a4d,Australia,218.03,False
7c7a68,Australia,33.75,False
c04fff,Canada,247.17,False
a5449a,United States,215.61,False
7c7a60,Australia,4.89,True
800af4,India,0.0,True
86d2fb,Japan,280.12,False
7c7a3e,Australia,125.83,False
7c7a3f,Australia,207.32,False
850dae,Japan,122.23,False
ad4b54,United States,256.59,False
704e86,Myanmar,115.65,False
4cac0e,Ireland,235.16,False
ac2b61,United States,140.01,False
71be41,Republic of Korea,89.14,False
71be40,Republic of Korea,110.15,False
a066a3,United States,181.66,False
c03cf1,Canada,230.21,False
a6b463,United States,68.23,False
a41144,United States,111.05,False
758073,Philippines,242.58,False
a7d43c,United States,216.41,False
ac2b6c,United States,219.47,False
7c7a46,Australia,203.89,False
7c7a49,Australia,0.0,True
71be39,Republic of Korea,255.08,False
151ecd,Russian Federation,156.97,False
7c44f6,Australia,116.59,False
7c7a45,Australia,201.96,False
a65104,United States,235.78,False
aa542f,United States,240.53,False
4cac87,Ireland,220.43,False
4cac88,Ireland,176.57,False
a10c31,United States,74.68,False
04c14b,Kenya,200.06,False
a1e9f5,United States,76.17,False
8682fc,Japan,232.65,False
abc2e5,United States,153.27,False
a55785,United States,237.65,False
a3f133,United States,0.0,True
8682f4,Japan,165.14,False
a449af,United States,194.2,False
a209fa,United States,169.5,False
ac2b8e,United States,133.91,False
885b47,Thailand,183.58,False
a053cb,United States,62.64,False
ad4b66,United States,51.26,False
885b41,Thailand,245.05,False
a5edbf,United States,191.0,False
c04ff4,Canada,221.63,False
39c423,France,255.44,False
39c425,France,274.43,False
39c426,France,284.73,False
ace2f9,United States,38.24,False
a6b435,United States,237.57,False
0d0e97,Mexico,245.11,False
4cac66,Ireland,212.04,False
a71aad,United States,254.66,False
39c421,France,263.52,False
4cac63,Ireland,202.55,False
a2d18a,United States,55.69,False
abc2fb,United States,67.91,False
a449a8,United States,206.1,False
a77111,United States,144.54,False
a23f27,United States,31.38,False
a11f46,United States,58.4,False
a2d18c,United States,49.26,False
c04ff7,Canada,7.72,True
a1e9ad,United States,139.56,False
c03cb4,Canada,67.92,False
4d20bd,Malta,1.29,True
4d20be,Malta,172.83,False
a6c756,United States,178.78,False
a23f2e,United States,99.36,False
a5313d,United States,39.88,False
c04fdd,Canada,151.5,False
a11f59,United States,200.32,False
86e888,Japan,4.37,True
861bec,Japan,188.29,False
a5a38e,United States,197.36,False
a2e09a,United States,244.07,False
a12e57,United States,143.24,False
a91051,United States,95.97,False
a92384,United States,6.94,True
a338bb,United States,43.59,False
a24e45,United States,29.57,False
a2e094,United States,222.14,False
a24e0e,United States,81.63,False
a24e0a,United States,131.38,False
a2e098,United States,219.44,False
acf49d,United States,54.76,False
ab2f23,United States,105.3,False
aaa19e,United States,232.37,False
c00700,Canada,204.67,False
a338a6,United States,53.92,False
a92362,United States,233.97,False
acf48f,United States,184.35,False
a8f00e,United States,272.99,False
0c20dd,Panama,197.92,False
ad39b3,United States,81.32,False
a73ceb,United States,36.1,False
ac4f29,United States,167.87,False
a062ec,United States,198.93,False
a85ce8,United States,122.18,False
a062ef,United States,192.34,False
a8bfeb,United States,224.17,False
a35b42,United States,201.73,False
abf9b1,United States,208.36,False
ace18e,United States,38.95,False
7c7c74,Australia,184.2,False
a48e46,United States,285.37,False
a24e94,United States,53.59,False
ae216a,United States,0.0,True
7c33d8,Australia,101.92,False
a66046,United States,0.06,True
a35b27,United States,218.51,False
a445ad,United States,214.42,False
a445ab,United States,216.22,False
a7e318,United States,139.29,False
a80329,United States,219.12,False
c04e86,Canada,180.14,False
a5fcef,United States,244.04,False
3c4252,Germany,2.31,True
aa779d,United States,293.77,False
a23b55,United States,230.17,False
a8164e,United States,156.59,False
0c20bd,Panama,243.32,False
aad9f2,United States,56.39,False
a12e80,United States,0.06,True
861bca,Japan,249.07,False
a445a9,United States,239.22,False
a445a4,United States,199.6,False
75808c,Philippines,159.39,False
a35b0b,United States,162.26,False
abf9d5,United States,144.63,False
800d41,India,206.37,False
ab2f5a,United States,72.84,False
a6c358,United States,223.46,False
a67399,United States,81.31,False
ace19a,United States,233.18,False
ab1c47,United States,209.38,False
a338db,United States,132.52,False
ac3c0f,United States,86.21,False
7c33c6,Australia,107.67,False
a23b36,United States,74.99,False
861bd2,Japan,231.23,False
710107,Saudi Arabia,265.99,False
4691c3,Greece,229.18,False
ab975c,United States,220.42,False
c03b15,Canada,8.23,True
a48e7b,United States,277.66,False
aa76ef,United States,223.27,False
a698fa,United States,45.26,False
aaa100,United States,46.82,False
aab431,United States,177.74,False
a828e1,United States,0.0,True
a48e81,United States,5.4,True
a2f2d9,United States,37.59,False
a445ec,United States,212.2,False
0c218d,Panama,231.4,False
a445ef,United States,224.59,False
ac3aa8,United States,245.86,False
a815a1,United States,43.42,False
a445f2,United States,283.58,False
710103,Saudi Arabia,279.27,False
0c2194,Panama,252.02,False
c04e5c,Canada,83.33,False
a445f0,United States,206.52,False
a72b40,United States,241.73,False
abc107,United States,211.67,False
010154,Egypt,249.62,False
aaa125,United States,255.36,False
a1d2dc,United States,59.07,False
a24e99,United States,61.91,False
a325fd,United States,0.0,True
a59b6b,United States,68.48,False
aa76cb,United States,171.01,False
a445d9,United States,219.59,False
710121,Saudi Arabia,252.68,False
a20718,United States,52.93,False
408329,United Kingdom,243.51,False
abe77a,United States,194.96,False
a73e16,United States,150.43,False
ad0119,United States,146.62,False
a0640b,United States,52.38,False
ac078b,United States,0.0,True
408314,United Kingdom,261.82,False
a59b0a,United States,257.23,False
4d2168,Malta,160.45,False
abc12a,United States,212.5,False
a5c8d3,United States,46.37,False
adbdc1,United States,215.43,False
86d57f,Japan,64.9,False
ace108,United States,238.79,False
a5c8bb,United States,8.23,True
a18403,United States,200.9,False
aa76a8,United States,0.0,True
01010c,Egypt,226.39,False
408305,United Kingdom,142.51,False
4d211f,Malta,59.21,False
4d2130,Malta,240.65,False
a85e16,United States,48.18,False
c018c8,Canada,0.0,True
abc14d,United States,175.84,False
39d2ae,France,255.25,False
a17108,United States,211.89,False
adbe91,United States,197.98,False
39d2ab,France,282.49,False
4d206b,Malta,160.82,False
a24dc1,United States,211.23,False
a0644d,United States,46.58,False
a00dfe,United States,41.18,False
a06461,United States,65.96,False
4081aa,United Kingdom,213.61,False
a06435,United States,170.23,False
a96b65,United States,239.74,False
a8ae7f,United States,97.23,False
39d2a5,France,239.68,False
a32718,United States,0.0,True
39d2a7,France,142.14,False
a00df5,United States,29.96,False
39d2a3,France,265.46,False
a672f4,United States,50.46,False
7c4798,Australia,238.35,False
7c4796,Australia,258.07,False
7c7ad0,Australia,81.45,False
a6c2bd,United States,43.36,False
a4cb6f,United States,203.51,False
a5a2cc,United States,242.4,False
7c7aca,Australia,147.69,False
800bc0,India,263.96,False
0c2161,Panama,236.52,False
aac71d,United States,226.15,False
a7f5d0,United States,74.12,False
a11afd,United States,0.0,True
a43423,United States,235.0,False
a4340e,United States,0.0,True
7c7ab4,Australia,109.5,False
a11ad4,United States,144.35,False
a0fac3,United States,163.86,False
7c7ab8,Australia,185.3,False
3480cc,Spain,222.86,False
7c7ab0,Australia,106.82,False
a23ab6,United States,44.86,False
3b21ff,France,0.0,True
7c7ab3,Australia,227.89,False
7c7aac,Australia,3.09,True
7c7aae,Australia,253.83,False
7c7aab,Australia,0.0,True
a35aa4,United States,13.38,True
7c7aa6,Australia,0.0,True
a8ae3e,United States,213.79,False
7c7aa9,Australia,221.45,False
aab40b,United States,175.54,False
a72b6a,United States,152.25,False
71bf56,Republic of Korea,245.75,False
abf8e0,United States,234.92,False
c01970,Canada,87.74,False
71bf54,Republic of Korea,187.27,False
a5b768,United States,67.66,False
a5b764,United States,259.13,False
c00642,Canada,151.25,False
abe5a2,United States,117.4,False
a5b760,United States,208.77,False
a1718e,United States,108.9,False
a73dd3,United States,218.45,False
a67452,United States,204.18,False
a12f08,United States,200.17,False
a12f09,United States,229.72,False
7c7b87,Australia,34.92,False
ab1b3e,United States,0.0,True
71bf75,Republic of Korea,207.06,False
a43458,United States,216.28,False
aa7757,United States,249.03,False
ac18fe,United States,142.86,False
a31472,United States,258.38,False
c01999,Canada,34.96,False
c0196c,Canada,221.78,False
abf8ff,United States,255.26,False
a1d45a,United States,227.01,False
aa6416,United States,108.2,False
a97da7,United States,2.83,True
ac4e85,United States,245.71,False
a339b4,United States,0.9,True
a5540c,United States,231.04,False
a6871f,United States,3.86,True
ac3b51,United States,303.65,False
a67416,United States,57.7,False
a2919a,United States,142.55,False
71bf30,Republic of Korea,274.19,False
ac3b78,United States,192.45,False
aa7718,United States,214.18,False
acf2d0,United States,89.99,False
adab36,United States,2.06,True
c0192e,Canada,211.74,False
a1d49e,United States,9.94,False
a66103,United States,6.17,True
7c7b8f,Australia,50.72,False
71bf19,Republic of Korea,143.35,False
a12f6d,United States,6.94,True
a12f6f,United States,233.0,False
a61f08,United States,75.59,False
a326c7,United States,0.0,True
86d66d,Japan,201.89,False
a196f3,United States,242.58,False
4b191d,Switzerland,275.44,False
a12f75,United States,82.82,False
a0fc35,United States,50.46,False
a61f05,United States,216.23,False
a699a1,United States,237.85,False
86d668,Japan,252.53,False
4b1921,Switzerland,10.29,True
abc292,United States,192.11,False
a7816a,United States,256.37,False
a4cc00,United States,205.01,False
a12f4c,United States,169.18,False
86d68f,Japan,209.18,False
a12f52,United States,217.9,False
a96ae3,United States,204.29,False
a4a9e6,United States,178.59,False
a699c4,United States,59.9,False
a60c09,United States,0.0,True
aac7b1,United States,122.07,False
7c47bb,Australia,248.28,False
a339c2,United States,278.97,False
a12f71,United States,2.31,True
a12f72,United States,150.76,False
ac07b8,United States,74.57,False
a92481,United States,241.8,False
adabfe,United States,193.73,False
a0fc23,United States,0.0,True
ab1d28,United States,246.21,False
86d682,Japan,267.38,False
a300a9,United States,207.84,False
a5eaf8,United States,35.53,False
71bf93,Republic of Korea,196.6,False
a170d9,United States,267.69,False
71bf92,Republic of Korea,233.41,False
ab1d30,United States,252.41,False
a36f90,United States,167.87,False
40717d,United Kingdom,215.17,False
40717a,United Kingdom,216.07,False
a36f7e,United States,172.33,False
a8adda,United States,36.93,False
a7811e,United States,0.0,True
7100c1,Saudi Arabia,277.06,False
a313bf,United States,192.9,False
ab97e6,United States,128.67,False
7c6a58,Australia,151.76,False
aafd1f,United States,211.5,False
407179,United Kingdom,233.86,False
86d64b,Japan,79.76,False
a36f66,United States,108.97,False
407178,United Kingdom,188.81,False
407176,United Kingdom,222.89,False
ab84c0,United States,48.88,False
a8adbb,United States,57.1,False
ab84c9,United States,9.26,True
ad27ab,United States,50.93,False
abe7c5,United States,273.39,False
a050d8,United States,46.66,False
868688,Japan,194.77,False
a97dcb,United States,83.31,False
aac7f5,United States,151.64,False
ad14a0,United States,196.61,False
a446b6,United States,171.89,False
ab0a35,United States,171.65,False
a6c46f,United States,143.12,False
a5b6f6,United States,101.32,False
a816ca,United States,246.1,False
abd536,United States,10.8,True
c03c44,Canada,227.37,False
a4df7d,United States,70.83,False
ab2eff,United States,9.27,False
a1c0ec,United States,226.24,False
0c2083,Panama,241.93,False
a7f6b9,United States,136.82,False
a35c97,United States,191.92,False
a923a8,United States,274.27,False
a923a9,United States,283.23,False
a48f8c,United States,63.95,False
a85f41,United States,238.21,False
0c205e,Panama,215.74,False
0c205d,Panama,229.89,False
a5ff76,United States,165.27,False
a793b1,United States,97.13,False
ad2862,United States,0.0,True
ab1bf0,United States,253.38,False
0c2069,Panama,235.59,False
aa64ca,United States,238.05,False
abd559,United States,120.98,False
861e56,Japan,298.34,False
a540e3,United States,229.32,False
ac088e,United States,201.46,False
aaa244,United States,179.65,False
a433d1,United States,47.74,False
a60c79,United States,42.56,False
aaa247,United States,0.0,True
3ba9ff,France,0.0,True
0c2061,Panama,233.54,False
aafbf3,United States,115.71,False
ab1bfb,United States,176.25,False
a5ff93,United States,141.75,False
4d2039,Malta,231.15,False
a4df52,United States,0.64,True
4d2035,Malta,224.47,False
adbef0,United States,283.11,False
a4df56,United States,215.1,False
a4df59,United States,62.35,False
7c47aa,Australia,256.16,False
a4cc29,United States,212.44,False
a73f35,United States,8.75,True
c03c02,Canada,217.16,False
7c47ac,Australia,200.99,False
ad1560,United States,222.77,False
ac3beb,United States,92.88,False
a5c9f7,United States,207.34,False
4d203d,Malta,248.68,False
a0b510,United States,51.91,False
a9249c,United States,196.79,False
4b906d,Turkey,217.01,False
c019eb,Canada,217.42,False
abd57e,United States,233.65,False
a0c810,United States,40.01,False
aa77c0,United States,194.98,False
ae2238,United States,52.89,False
3c66c2,Germany,4.37,True
a553d7,United States,17.29,False
c03c04,Canada,91.12,False
3c66c1,Germany,265.72,False
c03c05,Canada,69.88,False
a3ac77,United States,1.54,True
a85f29,United States,262.87,False
a553ce,United States,190.5,False
4b9067,Turkey,195.22,False
a8f0bd,United States,160.8,False
a0b551,United States,230.64,False
a0b550,United States,222.07,False
ac90f3,United States,225.82,False
4082e6,United Kingdom,225.59,False
a31533,United States,195.79,False
a32861,United States,264.82,False
adac5d,United States,223.04,False
a36eae,United States,0.51,True
a24ef7,United States,229.03,False
4082cd,United Kingdom,232.51,False
4082cb,United Kingdom,203.91,False
7c7ba1,Australia,4.89,False
a32851,United States,120.7,False
ace0d2,United States,238.22,False
a12ee7,United States,242.58,False
a0fba3,United States,147.14,False
a32844,United States,190.44,False
ac0818,United States,269.57,False
4082ac,United Kingdom,217.37,False
4082ab,United Kingdom,161.25,False
7c3581,Australia,3.86,True
0c203a,Panama,234.19,False
abe80e,United States,197.14,False
0d0fc1,Mexico,1.29,True
a923cf,United States,1.8,True
0d0fba,Mexico,243.24,False
a72c78,United States,277.69,False
a6c3ca,United States,244.12,False
ab8537,United States,210.66,False
aa63ed,United States,190.98,False
a1c230,United States,59.16,False
a32886,United States,236.83,False
a936dd,United States,50.22,False
a96c2e,United States,1.03,True
7c7bc9,Australia,24.62,False
a3bea1,United States,92.41,False
a793fd,United States,249.96,False
a6b0bd,United States,218.4,False
c03af2,Canada,194.11,False
800cc8,India,0.45,True
a4350c,United States,0.0,True
ab8553,United States,213.51,False
0d0ff4,Mexico,75.48,False
0d0ff6,Mexico,251.69,False
ad2840,United States,0.0,True
a24efd,United States,74.35,False
ae59ca,United States,39.81,False
7c7c9b,Australia,0.0,True
7c7c9c,Australia,187.43,False
aafc36,United States,241.89,False
a60bcb,United States,172.3,False
ac4f4c,United States,206.79,False
a96ba2,United States,226.22,False
abf9f8,United States,249.3,False
c04dc4,Canada,62.58,False
a54261,United States,137.7,False
a5fef7,United States,59.8,False
ad6f2d,United States,58.17,False
ae59bb,United States,42.2,False
a67571,United States,124.89,False
a43582,United States,184.52,False
ac06f5,United States,223.61,False
aac6ee,United States,268.63,False
a54268,United States,52.79,False
a2f584,United States,192.53,False
a78246,United States,222.06,False
ac4f6f,United States,223.37,False
a0b59d,United States,243.07,False
0d0fa1,Mexico,39.54,False
a6d88b,United States,151.75,False
7c7c98,Australia,208.83,False
86d602,Japan,8.23,True
abd3bd,United States,57.99,False
ad5c30,United States,235.0,False
a5ebda,United States,78.17,False
c04ddc,Canada,113.4,False
a47bd2,United States,56.66,False
ad5c33,United States,226.2,False
0d0fb1,Mexico,239.45,False
a6757f,United States,49.52,False
abd3c7,United States,195.15,False
458667,Denmark,207.33,False
a4229e,United States,72.65,False
abd3cf,United States,247.39,False
4caa40,Ireland,70.48,False
a8180d,United States,4.89,True
adbf4a,United States,70.03,False
a7f804,United States,192.21,False
a81815,United States,82.49,False
a4cbb4,United States,0.0,True
a2e28f,United States,222.28,False
a6d857,United States,255.0,False
ad5c89,United States,215.33,False
7c4811,Australia,197.17,False
850fb6,Japan,137.58,False
a56895,United States,54.73,False
abc0e4,United States,186.17,False
aaa0f7,United States,80.73,False
c0071c,Canada,157.39,False
aa7823,United States,54.48,False
458664,Denmark,7.2,True
a09a01,United States,39.0,False
c00734,Canada,227.58,False
