[2026-04-30T00:51:14.413+0000] {processor.py:161} INFO - Started process (PID=6340) to work on /opt/airflow/dags/flight-pipeline.py
[2026-04-30T00:51:14.415+0000] {processor.py:830} INFO - Processing file /opt/airflow/dags/flight-pipeline.py for tasks to queue
[2026-04-30T00:51:14.418+0000] {logging_mixin.py:188} INFO - [2026-04-30T00:51:14.417+0000] {dagbag.py:545} INFO - Filling up the DagBag from /opt/airflow/dags/flight-pipeline.py
[2026-04-30T00:51:16.497+0000] {processor.py:840} INFO - DAG(s) 'flights_ops_medallion_pipe' retrieved from /opt/airflow/dags/flight-pipeline.py
[2026-04-30T00:51:16.570+0000] {logging_mixin.py:188} INFO - [2026-04-30T00:51:16.570+0000] {dag.py:3089} INFO - Sync 1 DAGs
[2026-04-30T00:51:16.614+0000] {logging_mixin.py:188} INFO - [2026-04-30T00:51:16.614+0000] {dag.py:3947} INFO - Setting next_dagrun for flights_ops_medallion_pipe to 2026-04-30 00:00:00+00:00, run_after=2026-04-30 00:30:00+00:00
[2026-04-30T00:51:16.649+0000] {processor.py:183} INFO - Processing /opt/airflow/dags/flight-pipeline.py took 2.259 seconds
[2026-04-30T01:28:21.671+0000] {processor.py:161} INFO - Started process (PID=6353) to work on /opt/airflow/dags/flight-pipeline.py
[2026-04-30T01:28:21.675+0000] {processor.py:830} INFO - Processing file /opt/airflow/dags/flight-pipeline.py for tasks to queue
[2026-04-30T01:28:21.681+0000] {logging_mixin.py:188} INFO - [2026-04-30T01:28:21.677+0000] {dagbag.py:545} INFO - Filling up the DagBag from /opt/airflow/dags/flight-pipeline.py
[2026-04-30T01:28:26.731+0000] {processor.py:840} INFO - DAG(s) 'flights_ops_medallion_pipe' retrieved from /opt/airflow/dags/flight-pipeline.py
[2026-04-30T01:28:26.939+0000] {logging_mixin.py:188} INFO - [2026-04-30T01:28:26.938+0000] {dag.py:3089} INFO - Sync 1 DAGs
[2026-04-30T01:28:27.074+0000] {logging_mixin.py:188} INFO - [2026-04-30T01:28:27.073+0000] {dag.py:3947} INFO - Setting next_dagrun for flights_ops_medallion_pipe to 2026-04-30 00:30:00+00:00, run_after=2026-04-30 01:00:00+00:00
[2026-04-30T01:28:27.145+0000] {processor.py:183} INFO - Processing /opt/airflow/dags/flight-pipeline.py took 5.543 seconds
[2026-04-30T01:28:57.437+0000] {processor.py:161} INFO - Started process (PID=6356) to work on /opt/airflow/dags/flight-pipeline.py
[2026-04-30T01:28:57.448+0000] {processor.py:830} INFO - Processing file /opt/airflow/dags/flight-pipeline.py for tasks to queue
[2026-04-30T01:28:57.464+0000] {logging_mixin.py:188} INFO - [2026-04-30T01:28:57.456+0000] {dagbag.py:545} INFO - Filling up the DagBag from /opt/airflow/dags/flight-pipeline.py
[2026-04-30T01:28:58.960+0000] {processor.py:840} INFO - DAG(s) 'flights_ops_medallion_pipe' retrieved from /opt/airflow/dags/flight-pipeline.py
[2026-04-30T01:28:58.993+0000] {logging_mixin.py:188} INFO - [2026-04-30T01:28:58.992+0000] {dag.py:3089} INFO - Sync 1 DAGs
[2026-04-30T01:28:59.017+0000] {logging_mixin.py:188} INFO - [2026-04-30T01:28:59.017+0000] {dag.py:3947} INFO - Setting next_dagrun for flights_ops_medallion_pipe to 2026-04-30 00:30:00+00:00, run_after=2026-04-30 01:00:00+00:00
[2026-04-30T01:28:59.036+0000] {processor.py:183} INFO - Processing /opt/airflow/dags/flight-pipeline.py took 1.612 seconds
[2026-04-30T01:29:29.258+0000] {processor.py:161} INFO - Started process (PID=6359) to work on /opt/airflow/dags/flight-pipeline.py
[2026-04-30T01:29:29.264+0000] {processor.py:830} INFO - Processing file /opt/airflow/dags/flight-pipeline.py for tasks to queue
[2026-04-30T01:29:29.266+0000] {logging_mixin.py:188} INFO - [2026-04-30T01:29:29.265+0000] {dagbag.py:545} INFO - Filling up the DagBag from /opt/airflow/dags/flight-pipeline.py
[2026-04-30T01:29:30.276+0000] {processor.py:840} INFO - DAG(s) 'flights_ops_medallion_pipe' retrieved from /opt/airflow/dags/flight-pipeline.py
[2026-04-30T01:29:30.305+0000] {logging_mixin.py:188} INFO - [2026-04-30T01:29:30.304+0000] {dag.py:3089} INFO - Sync 1 DAGs
[2026-04-30T01:29:30.326+0000] {logging_mixin.py:188} INFO - [2026-04-30T01:29:30.326+0000] {dag.py:3947} INFO - Setting next_dagrun for flights_ops_medallion_pipe to 2026-04-30 00:30:00+00:00, run_after=2026-04-30 01:00:00+00:00
[2026-04-30T01:29:30.344+0000] {processor.py:183} INFO - Processing /opt/airflow/dags/flight-pipeline.py took 1.095 seconds
[2026-04-30T01:30:00.454+0000] {processor.py:161} INFO - Started process (PID=6362) to work on /opt/airflow/dags/flight-pipeline.py
[2026-04-30T01:30:00.456+0000] {processor.py:830} INFO - Processing file /opt/airflow/dags/flight-pipeline.py for tasks to queue
[2026-04-30T01:30:00.457+0000] {logging_mixin.py:188} INFO - [2026-04-30T01:30:00.457+0000] {dagbag.py:545} INFO - Filling up the DagBag from /opt/airflow/dags/flight-pipeline.py
[2026-04-30T01:30:01.410+0000] {processor.py:840} INFO - DAG(s) 'flights_ops_medallion_pipe' retrieved from /opt/airflow/dags/flight-pipeline.py
[2026-04-30T01:30:01.439+0000] {logging_mixin.py:188} INFO - [2026-04-30T01:30:01.439+0000] {dag.py:3089} INFO - Sync 1 DAGs
[2026-04-30T01:30:01.461+0000] {logging_mixin.py:188} INFO - [2026-04-30T01:30:01.461+0000] {dag.py:3947} INFO - Setting next_dagrun for flights_ops_medallion_pipe to 2026-04-30 01:00:00+00:00, run_after=2026-04-30 01:30:00+00:00
[2026-04-30T01:30:01.479+0000] {processor.py:183} INFO - Processing /opt/airflow/dags/flight-pipeline.py took 1.034 seconds
[2026-04-30T01:30:31.821+0000] {processor.py:161} INFO - Started process (PID=6365) to work on /opt/airflow/dags/flight-pipeline.py
[2026-04-30T01:30:31.830+0000] {processor.py:830} INFO - Processing file /opt/airflow/dags/flight-pipeline.py for tasks to queue
[2026-04-30T01:30:31.832+0000] {logging_mixin.py:188} INFO - [2026-04-30T01:30:31.831+0000] {dagbag.py:545} INFO - Filling up the DagBag from /opt/airflow/dags/flight-pipeline.py
[2026-04-30T01:30:33.582+0000] {processor.py:840} INFO - DAG(s) 'flights_ops_medallion_pipe' retrieved from /opt/airflow/dags/flight-pipeline.py
[2026-04-30T01:30:33.617+0000] {logging_mixin.py:188} INFO - [2026-04-30T01:30:33.617+0000] {dag.py:3089} INFO - Sync 1 DAGs
[2026-04-30T01:30:33.642+0000] {logging_mixin.py:188} INFO - [2026-04-30T01:30:33.642+0000] {dag.py:3947} INFO - Setting next_dagrun for flights_ops_medallion_pipe to 2026-04-30 01:00:00+00:00, run_after=2026-04-30 01:30:00+00:00
[2026-04-30T01:30:33.664+0000] {processor.py:183} INFO - Processing /opt/airflow/dags/flight-pipeline.py took 1.861 seconds
[2026-04-30T01:31:03.989+0000] {processor.py:161} INFO - Started process (PID=6369) to work on /opt/airflow/dags/flight-pipeline.py
[2026-04-30T01:31:03.990+0000] {processor.py:830} INFO - Processing file /opt/airflow/dags/flight-pipeline.py for tasks to queue
[2026-04-30T01:31:03.992+0000] {logging_mixin.py:188} INFO - [2026-04-30T01:31:03.991+0000] {dagbag.py:545} INFO - Filling up the DagBag from /opt/airflow/dags/flight-pipeline.py
[2026-04-30T01:31:05.072+0000] {processor.py:840} INFO - DAG(s) 'flights_ops_medallion_pipe' retrieved from /opt/airflow/dags/flight-pipeline.py
[2026-04-30T01:31:05.100+0000] {logging_mixin.py:188} INFO - [2026-04-30T01:31:05.100+0000] {dag.py:3089} INFO - Sync 1 DAGs
[2026-04-30T01:31:05.122+0000] {logging_mixin.py:188} INFO - [2026-04-30T01:31:05.122+0000] {dag.py:3947} INFO - Setting next_dagrun for flights_ops_medallion_pipe to 2026-04-30 01:30:00+00:00, run_after=2026-04-30 02:00:00+00:00
[2026-04-30T01:31:05.142+0000] {processor.py:183} INFO - Processing /opt/airflow/dags/flight-pipeline.py took 1.163 seconds
[2026-04-30T01:31:35.305+0000] {processor.py:161} INFO - Started process (PID=6415) to work on /opt/airflow/dags/flight-pipeline.py
[2026-04-30T01:31:35.306+0000] {processor.py:830} INFO - Processing file /opt/airflow/dags/flight-pipeline.py for tasks to queue
[2026-04-30T01:31:35.307+0000] {logging_mixin.py:188} INFO - [2026-04-30T01:31:35.307+0000] {dagbag.py:545} INFO - Filling up the DagBag from /opt/airflow/dags/flight-pipeline.py
[2026-04-30T01:31:36.223+0000] {processor.py:840} INFO - DAG(s) 'flights_ops_medallion_pipe' retrieved from /opt/airflow/dags/flight-pipeline.py
[2026-04-30T01:31:36.367+0000] {logging_mixin.py:188} INFO - [2026-04-30T01:31:36.367+0000] {dag.py:3089} INFO - Sync 1 DAGs
[2026-04-30T01:31:36.450+0000] {logging_mixin.py:188} INFO - [2026-04-30T01:31:36.450+0000] {dag.py:3947} INFO - Setting next_dagrun for flights_ops_medallion_pipe to 2026-04-30 01:30:00+00:00, run_after=2026-04-30 02:00:00+00:00
[2026-04-30T01:31:36.491+0000] {processor.py:183} INFO - Processing /opt/airflow/dags/flight-pipeline.py took 1.193 seconds
[2026-04-30T01:32:06.655+0000] {processor.py:161} INFO - Started process (PID=6418) to work on /opt/airflow/dags/flight-pipeline.py
[2026-04-30T01:32:06.656+0000] {processor.py:830} INFO - Processing file /opt/airflow/dags/flight-pipeline.py for tasks to queue
[2026-04-30T01:32:06.657+0000] {logging_mixin.py:188} INFO - [2026-04-30T01:32:06.656+0000] {dagbag.py:545} INFO - Filling up the DagBag from /opt/airflow/dags/flight-pipeline.py
[2026-04-30T01:32:07.708+0000] {processor.py:840} INFO - DAG(s) 'flights_ops_medallion_pipe' retrieved from /opt/airflow/dags/flight-pipeline.py
[2026-04-30T01:32:07.740+0000] {logging_mixin.py:188} INFO - [2026-04-30T01:32:07.739+0000] {dag.py:3089} INFO - Sync 1 DAGs
[2026-04-30T01:32:07.760+0000] {logging_mixin.py:188} INFO - [2026-04-30T01:32:07.760+0000] {dag.py:3947} INFO - Setting next_dagrun for flights_ops_medallion_pipe to 2026-04-30 01:30:00+00:00, run_after=2026-04-30 02:00:00+00:00
[2026-04-30T01:32:07.778+0000] {processor.py:183} INFO - Processing /opt/airflow/dags/flight-pipeline.py took 1.131 seconds
[2026-04-30T01:32:37.815+0000] {processor.py:161} INFO - Started process (PID=6421) to work on /opt/airflow/dags/flight-pipeline.py
[2026-04-30T01:32:37.817+0000] {processor.py:830} INFO - Processing file /opt/airflow/dags/flight-pipeline.py for tasks to queue
[2026-04-30T01:32:37.818+0000] {logging_mixin.py:188} INFO - [2026-04-30T01:32:37.817+0000] {dagbag.py:545} INFO - Filling up the DagBag from /opt/airflow/dags/flight-pipeline.py
[2026-04-30T01:32:38.654+0000] {processor.py:840} INFO - DAG(s) 'flights_ops_medallion_pipe' retrieved from /opt/airflow/dags/flight-pipeline.py
[2026-04-30T01:32:38.690+0000] {logging_mixin.py:188} INFO - [2026-04-30T01:32:38.689+0000] {dag.py:3089} INFO - Sync 1 DAGs
[2026-04-30T01:32:38.715+0000] {logging_mixin.py:188} INFO - [2026-04-30T01:32:38.715+0000] {dag.py:3947} INFO - Setting next_dagrun for flights_ops_medallion_pipe to 2026-04-30 01:30:00+00:00, run_after=2026-04-30 02:00:00+00:00
[2026-04-30T01:32:38.732+0000] {processor.py:183} INFO - Processing /opt/airflow/dags/flight-pipeline.py took 0.926 seconds
[2026-04-30T01:33:08.908+0000] {processor.py:161} INFO - Started process (PID=6424) to work on /opt/airflow/dags/flight-pipeline.py
[2026-04-30T01:33:08.909+0000] {processor.py:830} INFO - Processing file /opt/airflow/dags/flight-pipeline.py for tasks to queue
[2026-04-30T01:33:08.910+0000] {logging_mixin.py:188} INFO - [2026-04-30T01:33:08.910+0000] {dagbag.py:545} INFO - Filling up the DagBag from /opt/airflow/dags/flight-pipeline.py
[2026-04-30T01:33:09.699+0000] {processor.py:840} INFO - DAG(s) 'flights_ops_medallion_pipe' retrieved from /opt/airflow/dags/flight-pipeline.py
[2026-04-30T01:33:09.729+0000] {logging_mixin.py:188} INFO - [2026-04-30T01:33:09.728+0000] {dag.py:3089} INFO - Sync 1 DAGs
[2026-04-30T01:33:09.749+0000] {logging_mixin.py:188} INFO - [2026-04-30T01:33:09.749+0000] {dag.py:3947} INFO - Setting next_dagrun for flights_ops_medallion_pipe to 2026-04-30 01:30:00+00:00, run_after=2026-04-30 02:00:00+00:00
[2026-04-30T01:33:09.765+0000] {processor.py:183} INFO - Processing /opt/airflow/dags/flight-pipeline.py took 0.866 seconds
[2026-04-30T01:33:39.961+0000] {processor.py:161} INFO - Started process (PID=6427) to work on /opt/airflow/dags/flight-pipeline.py
[2026-04-30T01:33:39.962+0000] {processor.py:830} INFO - Processing file /opt/airflow/dags/flight-pipeline.py for tasks to queue
[2026-04-30T01:33:39.963+0000] {logging_mixin.py:188} INFO - [2026-04-30T01:33:39.963+0000] {dagbag.py:545} INFO - Filling up the DagBag from /opt/airflow/dags/flight-pipeline.py
[2026-04-30T01:33:40.826+0000] {processor.py:840} INFO - DAG(s) 'flights_ops_medallion_pipe' retrieved from /opt/airflow/dags/flight-pipeline.py
[2026-04-30T01:33:40.866+0000] {logging_mixin.py:188} INFO - [2026-04-30T01:33:40.865+0000] {dag.py:3089} INFO - Sync 1 DAGs
[2026-04-30T01:33:40.891+0000] {logging_mixin.py:188} INFO - [2026-04-30T01:33:40.890+0000] {dag.py:3947} INFO - Setting next_dagrun for flights_ops_medallion_pipe to 2026-04-30 01:30:00+00:00, run_after=2026-04-30 02:00:00+00:00
[2026-04-30T01:33:40.910+0000] {processor.py:183} INFO - Processing /opt/airflow/dags/flight-pipeline.py took 0.958 seconds
[2026-04-30T01:34:11.301+0000] {processor.py:161} INFO - Started process (PID=6430) to work on /opt/airflow/dags/flight-pipeline.py
[2026-04-30T01:34:11.305+0000] {processor.py:830} INFO - Processing file /opt/airflow/dags/flight-pipeline.py for tasks to queue
[2026-04-30T01:34:11.310+0000] {logging_mixin.py:188} INFO - [2026-04-30T01:34:11.307+0000] {dagbag.py:545} INFO - Filling up the DagBag from /opt/airflow/dags/flight-pipeline.py
[2026-04-30T01:34:13.045+0000] {processor.py:840} INFO - DAG(s) 'flights_ops_medallion_pipe' retrieved from /opt/airflow/dags/flight-pipeline.py
[2026-04-30T01:34:13.141+0000] {logging_mixin.py:188} INFO - [2026-04-30T01:34:13.140+0000] {dag.py:3089} INFO - Sync 1 DAGs
[2026-04-30T01:34:13.222+0000] {logging_mixin.py:188} INFO - [2026-04-30T01:34:13.222+0000] {dag.py:3947} INFO - Setting next_dagrun for flights_ops_medallion_pipe to 2026-04-30 01:30:00+00:00, run_after=2026-04-30 02:00:00+00:00
[2026-04-30T01:34:13.269+0000] {processor.py:183} INFO - Processing /opt/airflow/dags/flight-pipeline.py took 1.997 seconds
[2026-04-30T01:34:43.538+0000] {processor.py:161} INFO - Started process (PID=6433) to work on /opt/airflow/dags/flight-pipeline.py
[2026-04-30T01:34:43.540+0000] {processor.py:830} INFO - Processing file /opt/airflow/dags/flight-pipeline.py for tasks to queue
[2026-04-30T01:34:43.541+0000] {logging_mixin.py:188} INFO - [2026-04-30T01:34:43.541+0000] {dagbag.py:545} INFO - Filling up the DagBag from /opt/airflow/dags/flight-pipeline.py
[2026-04-30T01:34:44.375+0000] {processor.py:840} INFO - DAG(s) 'flights_ops_medallion_pipe' retrieved from /opt/airflow/dags/flight-pipeline.py
[2026-04-30T01:34:44.408+0000] {logging_mixin.py:188} INFO - [2026-04-30T01:34:44.407+0000] {dag.py:3089} INFO - Sync 1 DAGs
[2026-04-30T01:34:44.432+0000] {logging_mixin.py:188} INFO - [2026-04-30T01:34:44.431+0000] {dag.py:3947} INFO - Setting next_dagrun for flights_ops_medallion_pipe to 2026-04-30 01:30:00+00:00, run_after=2026-04-30 02:00:00+00:00
[2026-04-30T01:34:44.450+0000] {processor.py:183} INFO - Processing /opt/airflow/dags/flight-pipeline.py took 0.919 seconds
[2026-04-30T01:35:14.729+0000] {processor.py:161} INFO - Started process (PID=6436) to work on /opt/airflow/dags/flight-pipeline.py
[2026-04-30T01:35:14.730+0000] {processor.py:830} INFO - Processing file /opt/airflow/dags/flight-pipeline.py for tasks to queue
[2026-04-30T01:35:14.731+0000] {logging_mixin.py:188} INFO - [2026-04-30T01:35:14.731+0000] {dagbag.py:545} INFO - Filling up the DagBag from /opt/airflow/dags/flight-pipeline.py
[2026-04-30T01:35:15.513+0000] {processor.py:840} INFO - DAG(s) 'flights_ops_medallion_pipe' retrieved from /opt/airflow/dags/flight-pipeline.py
[2026-04-30T01:35:15.547+0000] {logging_mixin.py:188} INFO - [2026-04-30T01:35:15.547+0000] {dag.py:3089} INFO - Sync 1 DAGs
[2026-04-30T01:35:15.572+0000] {logging_mixin.py:188} INFO - [2026-04-30T01:35:15.572+0000] {dag.py:3947} INFO - Setting next_dagrun for flights_ops_medallion_pipe to 2026-04-30 01:30:00+00:00, run_after=2026-04-30 02:00:00+00:00
[2026-04-30T01:35:15.593+0000] {processor.py:183} INFO - Processing /opt/airflow/dags/flight-pipeline.py took 0.873 seconds
[2026-04-30T01:35:45.923+0000] {processor.py:161} INFO - Started process (PID=6439) to work on /opt/airflow/dags/flight-pipeline.py
[2026-04-30T01:35:45.925+0000] {processor.py:830} INFO - Processing file /opt/airflow/dags/flight-pipeline.py for tasks to queue
[2026-04-30T01:35:45.926+0000] {logging_mixin.py:188} INFO - [2026-04-30T01:35:45.926+0000] {dagbag.py:545} INFO - Filling up the DagBag from /opt/airflow/dags/flight-pipeline.py
[2026-04-30T01:35:46.805+0000] {processor.py:840} INFO - DAG(s) 'flights_ops_medallion_pipe' retrieved from /opt/airflow/dags/flight-pipeline.py
[2026-04-30T01:35:46.835+0000] {logging_mixin.py:188} INFO - [2026-04-30T01:35:46.834+0000] {dag.py:3089} INFO - Sync 1 DAGs
[2026-04-30T01:35:46.854+0000] {logging_mixin.py:188} INFO - [2026-04-30T01:35:46.854+0000] {dag.py:3947} INFO - Setting next_dagrun for flights_ops_medallion_pipe to 2026-04-30 01:30:00+00:00, run_after=2026-04-30 02:00:00+00:00
[2026-04-30T01:35:46.874+0000] {processor.py:183} INFO - Processing /opt/airflow/dags/flight-pipeline.py took 0.960 seconds
[2026-04-30T01:36:17.314+0000] {processor.py:161} INFO - Started process (PID=6442) to work on /opt/airflow/dags/flight-pipeline.py
[2026-04-30T01:36:17.315+0000] {processor.py:830} INFO - Processing file /opt/airflow/dags/flight-pipeline.py for tasks to queue
[2026-04-30T01:36:17.316+0000] {logging_mixin.py:188} INFO - [2026-04-30T01:36:17.316+0000] {dagbag.py:545} INFO - Filling up the DagBag from /opt/airflow/dags/flight-pipeline.py
[2026-04-30T01:36:18.138+0000] {processor.py:840} INFO - DAG(s) 'flights_ops_medallion_pipe' retrieved from /opt/airflow/dags/flight-pipeline.py
[2026-04-30T01:36:18.221+0000] {logging_mixin.py:188} INFO - [2026-04-30T01:36:18.221+0000] {dag.py:3089} INFO - Sync 1 DAGs
[2026-04-30T01:36:18.244+0000] {logging_mixin.py:188} INFO - [2026-04-30T01:36:18.244+0000] {dag.py:3947} INFO - Setting next_dagrun for flights_ops_medallion_pipe to 2026-04-30 01:30:00+00:00, run_after=2026-04-30 02:00:00+00:00
[2026-04-30T01:36:18.261+0000] {processor.py:183} INFO - Processing /opt/airflow/dags/flight-pipeline.py took 0.956 seconds
[2026-04-30T01:37:55.051+0000] {processor.py:161} INFO - Started process (PID=6445) to work on /opt/airflow/dags/flight-pipeline.py
[2026-04-30T01:37:55.054+0000] {processor.py:830} INFO - Processing file /opt/airflow/dags/flight-pipeline.py for tasks to queue
[2026-04-30T01:37:55.057+0000] {logging_mixin.py:188} INFO - [2026-04-30T01:37:55.056+0000] {dagbag.py:545} INFO - Filling up the DagBag from /opt/airflow/dags/flight-pipeline.py
[2026-04-30T01:37:57.716+0000] {processor.py:840} INFO - DAG(s) 'flights_ops_medallion_pipe' retrieved from /opt/airflow/dags/flight-pipeline.py
[2026-04-30T01:37:57.781+0000] {logging_mixin.py:188} INFO - [2026-04-30T01:37:57.780+0000] {dag.py:3089} INFO - Sync 1 DAGs
[2026-04-30T01:37:57.824+0000] {logging_mixin.py:188} INFO - [2026-04-30T01:37:57.824+0000] {dag.py:3947} INFO - Setting next_dagrun for flights_ops_medallion_pipe to 2026-04-30 01:30:00+00:00, run_after=2026-04-30 02:00:00+00:00
[2026-04-30T01:37:57.846+0000] {processor.py:183} INFO - Processing /opt/airflow/dags/flight-pipeline.py took 2.810 seconds
[2026-04-30T01:38:28.183+0000] {processor.py:161} INFO - Started process (PID=6449) to work on /opt/airflow/dags/flight-pipeline.py
[2026-04-30T01:38:28.190+0000] {processor.py:830} INFO - Processing file /opt/airflow/dags/flight-pipeline.py for tasks to queue
[2026-04-30T01:38:28.200+0000] {logging_mixin.py:188} INFO - [2026-04-30T01:38:28.195+0000] {dagbag.py:545} INFO - Filling up the DagBag from /opt/airflow/dags/flight-pipeline.py
[2026-04-30T01:38:29.377+0000] {processor.py:840} INFO - DAG(s) 'flights_ops_medallion_pipe' retrieved from /opt/airflow/dags/flight-pipeline.py
[2026-04-30T01:38:29.409+0000] {logging_mixin.py:188} INFO - [2026-04-30T01:38:29.408+0000] {dag.py:3089} INFO - Sync 1 DAGs
[2026-04-30T01:38:29.429+0000] {logging_mixin.py:188} INFO - [2026-04-30T01:38:29.429+0000] {dag.py:3947} INFO - Setting next_dagrun for flights_ops_medallion_pipe to 2026-04-30 01:30:00+00:00, run_after=2026-04-30 02:00:00+00:00
[2026-04-30T01:38:29.446+0000] {processor.py:183} INFO - Processing /opt/airflow/dags/flight-pipeline.py took 1.279 seconds
[2026-04-30T01:38:59.697+0000] {processor.py:161} INFO - Started process (PID=6452) to work on /opt/airflow/dags/flight-pipeline.py
[2026-04-30T01:38:59.699+0000] {processor.py:830} INFO - Processing file /opt/airflow/dags/flight-pipeline.py for tasks to queue
[2026-04-30T01:38:59.700+0000] {logging_mixin.py:188} INFO - [2026-04-30T01:38:59.699+0000] {dagbag.py:545} INFO - Filling up the DagBag from /opt/airflow/dags/flight-pipeline.py
[2026-04-30T01:39:00.602+0000] {processor.py:840} INFO - DAG(s) 'flights_ops_medallion_pipe' retrieved from /opt/airflow/dags/flight-pipeline.py
[2026-04-30T01:39:00.632+0000] {logging_mixin.py:188} INFO - [2026-04-30T01:39:00.632+0000] {dag.py:3089} INFO - Sync 1 DAGs
[2026-04-30T01:39:00.652+0000] {logging_mixin.py:188} INFO - [2026-04-30T01:39:00.652+0000] {dag.py:3947} INFO - Setting next_dagrun for flights_ops_medallion_pipe to 2026-04-30 01:30:00+00:00, run_after=2026-04-30 02:00:00+00:00
[2026-04-30T01:39:00.669+0000] {processor.py:183} INFO - Processing /opt/airflow/dags/flight-pipeline.py took 0.986 seconds
[2026-04-30T01:39:31.203+0000] {processor.py:161} INFO - Started process (PID=6455) to work on /opt/airflow/dags/flight-pipeline.py
[2026-04-30T01:39:31.205+0000] {processor.py:830} INFO - Processing file /opt/airflow/dags/flight-pipeline.py for tasks to queue
[2026-04-30T01:39:31.207+0000] {logging_mixin.py:188} INFO - [2026-04-30T01:39:31.206+0000] {dagbag.py:545} INFO - Filling up the DagBag from /opt/airflow/dags/flight-pipeline.py
[2026-04-30T01:39:32.759+0000] {processor.py:840} INFO - DAG(s) 'flights_ops_medallion_pipe' retrieved from /opt/airflow/dags/flight-pipeline.py
[2026-04-30T01:39:32.806+0000] {logging_mixin.py:188} INFO - [2026-04-30T01:39:32.805+0000] {dag.py:3089} INFO - Sync 1 DAGs
[2026-04-30T01:39:32.830+0000] {logging_mixin.py:188} INFO - [2026-04-30T01:39:32.829+0000] {dag.py:3947} INFO - Setting next_dagrun for flights_ops_medallion_pipe to 2026-04-30 01:30:00+00:00, run_after=2026-04-30 02:00:00+00:00
[2026-04-30T01:39:32.851+0000] {processor.py:183} INFO - Processing /opt/airflow/dags/flight-pipeline.py took 1.670 seconds
[2026-04-30T01:40:03.126+0000] {processor.py:161} INFO - Started process (PID=6458) to work on /opt/airflow/dags/flight-pipeline.py
[2026-04-30T01:40:03.127+0000] {processor.py:830} INFO - Processing file /opt/airflow/dags/flight-pipeline.py for tasks to queue
[2026-04-30T01:40:03.129+0000] {logging_mixin.py:188} INFO - [2026-04-30T01:40:03.128+0000] {dagbag.py:545} INFO - Filling up the DagBag from /opt/airflow/dags/flight-pipeline.py
[2026-04-30T01:40:03.944+0000] {processor.py:840} INFO - DAG(s) 'flights_ops_medallion_pipe' retrieved from /opt/airflow/dags/flight-pipeline.py
[2026-04-30T01:40:03.984+0000] {logging_mixin.py:188} INFO - [2026-04-30T01:40:03.983+0000] {dag.py:3089} INFO - Sync 1 DAGs
[2026-04-30T01:40:04.008+0000] {logging_mixin.py:188} INFO - [2026-04-30T01:40:04.008+0000] {dag.py:3947} INFO - Setting next_dagrun for flights_ops_medallion_pipe to 2026-04-30 01:30:00+00:00, run_after=2026-04-30 02:00:00+00:00
[2026-04-30T01:40:04.025+0000] {processor.py:183} INFO - Processing /opt/airflow/dags/flight-pipeline.py took 0.908 seconds
[2026-04-30T01:40:34.295+0000] {processor.py:161} INFO - Started process (PID=6461) to work on /opt/airflow/dags/flight-pipeline.py
[2026-04-30T01:40:34.297+0000] {processor.py:830} INFO - Processing file /opt/airflow/dags/flight-pipeline.py for tasks to queue
[2026-04-30T01:40:34.298+0000] {logging_mixin.py:188} INFO - [2026-04-30T01:40:34.298+0000] {dagbag.py:545} INFO - Filling up the DagBag from /opt/airflow/dags/flight-pipeline.py
[2026-04-30T01:40:35.109+0000] {processor.py:840} INFO - DAG(s) 'flights_ops_medallion_pipe' retrieved from /opt/airflow/dags/flight-pipeline.py
[2026-04-30T01:40:35.141+0000] {logging_mixin.py:188} INFO - [2026-04-30T01:40:35.140+0000] {dag.py:3089} INFO - Sync 1 DAGs
[2026-04-30T01:40:35.159+0000] {logging_mixin.py:188} INFO - [2026-04-30T01:40:35.158+0000] {dag.py:3947} INFO - Setting next_dagrun for flights_ops_medallion_pipe to 2026-04-30 01:30:00+00:00, run_after=2026-04-30 02:00:00+00:00
[2026-04-30T01:40:35.179+0000] {processor.py:183} INFO - Processing /opt/airflow/dags/flight-pipeline.py took 0.896 seconds
[2026-04-30T01:41:05.456+0000] {processor.py:161} INFO - Started process (PID=6464) to work on /opt/airflow/dags/flight-pipeline.py
[2026-04-30T01:41:05.458+0000] {processor.py:830} INFO - Processing file /opt/airflow/dags/flight-pipeline.py for tasks to queue
[2026-04-30T01:41:05.459+0000] {logging_mixin.py:188} INFO - [2026-04-30T01:41:05.459+0000] {dagbag.py:545} INFO - Filling up the DagBag from /opt/airflow/dags/flight-pipeline.py
[2026-04-30T01:41:06.312+0000] {processor.py:840} INFO - DAG(s) 'flights_ops_medallion_pipe' retrieved from /opt/airflow/dags/flight-pipeline.py
[2026-04-30T01:41:06.344+0000] {logging_mixin.py:188} INFO - [2026-04-30T01:41:06.343+0000] {dag.py:3089} INFO - Sync 1 DAGs
[2026-04-30T01:41:06.366+0000] {logging_mixin.py:188} INFO - [2026-04-30T01:41:06.366+0000] {dag.py:3947} INFO - Setting next_dagrun for flights_ops_medallion_pipe to 2026-04-30 01:30:00+00:00, run_after=2026-04-30 02:00:00+00:00
[2026-04-30T01:41:06.384+0000] {processor.py:183} INFO - Processing /opt/airflow/dags/flight-pipeline.py took 0.937 seconds
[2026-04-30T01:41:36.648+0000] {processor.py:161} INFO - Started process (PID=6467) to work on /opt/airflow/dags/flight-pipeline.py
[2026-04-30T01:41:36.650+0000] {processor.py:830} INFO - Processing file /opt/airflow/dags/flight-pipeline.py for tasks to queue
[2026-04-30T01:41:36.651+0000] {logging_mixin.py:188} INFO - [2026-04-30T01:41:36.650+0000] {dagbag.py:545} INFO - Filling up the DagBag from /opt/airflow/dags/flight-pipeline.py
[2026-04-30T01:41:37.866+0000] {processor.py:840} INFO - DAG(s) 'flights_ops_medallion_pipe' retrieved from /opt/airflow/dags/flight-pipeline.py
[2026-04-30T01:41:37.898+0000] {logging_mixin.py:188} INFO - [2026-04-30T01:41:37.898+0000] {dag.py:3089} INFO - Sync 1 DAGs
[2026-04-30T01:41:37.919+0000] {logging_mixin.py:188} INFO - [2026-04-30T01:41:37.918+0000] {dag.py:3947} INFO - Setting next_dagrun for flights_ops_medallion_pipe to 2026-04-30 01:30:00+00:00, run_after=2026-04-30 02:00:00+00:00
[2026-04-30T01:41:37.936+0000] {processor.py:183} INFO - Processing /opt/airflow/dags/flight-pipeline.py took 1.296 seconds
[2026-04-30T01:42:08.236+0000] {processor.py:161} INFO - Started process (PID=6470) to work on /opt/airflow/dags/flight-pipeline.py
[2026-04-30T01:42:08.239+0000] {processor.py:830} INFO - Processing file /opt/airflow/dags/flight-pipeline.py for tasks to queue
[2026-04-30T01:42:08.241+0000] {logging_mixin.py:188} INFO - [2026-04-30T01:42:08.240+0000] {dagbag.py:545} INFO - Filling up the DagBag from /opt/airflow/dags/flight-pipeline.py
[2026-04-30T01:42:09.204+0000] {processor.py:840} INFO - DAG(s) 'flights_ops_medallion_pipe' retrieved from /opt/airflow/dags/flight-pipeline.py
[2026-04-30T01:42:09.237+0000] {logging_mixin.py:188} INFO - [2026-04-30T01:42:09.237+0000] {dag.py:3089} INFO - Sync 1 DAGs
[2026-04-30T01:42:09.260+0000] {logging_mixin.py:188} INFO - [2026-04-30T01:42:09.260+0000] {dag.py:3947} INFO - Setting next_dagrun for flights_ops_medallion_pipe to 2026-04-30 01:30:00+00:00, run_after=2026-04-30 02:00:00+00:00
[2026-04-30T01:42:09.288+0000] {processor.py:183} INFO - Processing /opt/airflow/dags/flight-pipeline.py took 1.081 seconds
[2026-04-30T01:42:39.447+0000] {processor.py:161} INFO - Started process (PID=6473) to work on /opt/airflow/dags/flight-pipeline.py
[2026-04-30T01:42:39.449+0000] {processor.py:830} INFO - Processing file /opt/airflow/dags/flight-pipeline.py for tasks to queue
[2026-04-30T01:42:39.450+0000] {logging_mixin.py:188} INFO - [2026-04-30T01:42:39.450+0000] {dagbag.py:545} INFO - Filling up the DagBag from /opt/airflow/dags/flight-pipeline.py
[2026-04-30T01:42:40.380+0000] {processor.py:840} INFO - DAG(s) 'flights_ops_medallion_pipe' retrieved from /opt/airflow/dags/flight-pipeline.py
[2026-04-30T01:42:40.414+0000] {logging_mixin.py:188} INFO - [2026-04-30T01:42:40.414+0000] {dag.py:3089} INFO - Sync 1 DAGs
[2026-04-30T01:42:40.436+0000] {logging_mixin.py:188} INFO - [2026-04-30T01:42:40.436+0000] {dag.py:3947} INFO - Setting next_dagrun for flights_ops_medallion_pipe to 2026-04-30 01:30:00+00:00, run_after=2026-04-30 02:00:00+00:00
[2026-04-30T01:42:40.456+0000] {processor.py:183} INFO - Processing /opt/airflow/dags/flight-pipeline.py took 1.020 seconds
[2026-04-30T01:43:10.708+0000] {processor.py:161} INFO - Started process (PID=6476) to work on /opt/airflow/dags/flight-pipeline.py
[2026-04-30T01:43:10.710+0000] {processor.py:830} INFO - Processing file /opt/airflow/dags/flight-pipeline.py for tasks to queue
[2026-04-30T01:43:10.711+0000] {logging_mixin.py:188} INFO - [2026-04-30T01:43:10.711+0000] {dagbag.py:545} INFO - Filling up the DagBag from /opt/airflow/dags/flight-pipeline.py
[2026-04-30T01:43:11.655+0000] {processor.py:840} INFO - DAG(s) 'flights_ops_medallion_pipe' retrieved from /opt/airflow/dags/flight-pipeline.py
[2026-04-30T01:43:11.714+0000] {logging_mixin.py:188} INFO - [2026-04-30T01:43:11.713+0000] {dag.py:3089} INFO - Sync 1 DAGs
[2026-04-30T01:43:11.745+0000] {logging_mixin.py:188} INFO - [2026-04-30T01:43:11.745+0000] {dag.py:3947} INFO - Setting next_dagrun for flights_ops_medallion_pipe to 2026-04-30 01:30:00+00:00, run_after=2026-04-30 02:00:00+00:00
[2026-04-30T01:43:11.766+0000] {processor.py:183} INFO - Processing /opt/airflow/dags/flight-pipeline.py took 1.067 seconds
[2026-04-30T01:43:41.973+0000] {processor.py:161} INFO - Started process (PID=6479) to work on /opt/airflow/dags/flight-pipeline.py
[2026-04-30T01:43:41.974+0000] {processor.py:830} INFO - Processing file /opt/airflow/dags/flight-pipeline.py for tasks to queue
[2026-04-30T01:43:41.975+0000] {logging_mixin.py:188} INFO - [2026-04-30T01:43:41.975+0000] {dagbag.py:545} INFO - Filling up the DagBag from /opt/airflow/dags/flight-pipeline.py
[2026-04-30T01:43:43.042+0000] {processor.py:840} INFO - DAG(s) 'flights_ops_medallion_pipe' retrieved from /opt/airflow/dags/flight-pipeline.py
[2026-04-30T01:43:43.077+0000] {logging_mixin.py:188} INFO - [2026-04-30T01:43:43.076+0000] {dag.py:3089} INFO - Sync 1 DAGs
[2026-04-30T01:43:43.098+0000] {logging_mixin.py:188} INFO - [2026-04-30T01:43:43.098+0000] {dag.py:3947} INFO - Setting next_dagrun for flights_ops_medallion_pipe to 2026-04-30 01:30:00+00:00, run_after=2026-04-30 02:00:00+00:00
[2026-04-30T01:43:43.120+0000] {processor.py:183} INFO - Processing /opt/airflow/dags/flight-pipeline.py took 1.160 seconds
[2026-04-30T01:44:13.235+0000] {processor.py:161} INFO - Started process (PID=6482) to work on /opt/airflow/dags/flight-pipeline.py
[2026-04-30T01:44:13.237+0000] {processor.py:830} INFO - Processing file /opt/airflow/dags/flight-pipeline.py for tasks to queue
[2026-04-30T01:44:13.238+0000] {logging_mixin.py:188} INFO - [2026-04-30T01:44:13.238+0000] {dagbag.py:545} INFO - Filling up the DagBag from /opt/airflow/dags/flight-pipeline.py
[2026-04-30T01:44:14.067+0000] {processor.py:840} INFO - DAG(s) 'flights_ops_medallion_pipe' retrieved from /opt/airflow/dags/flight-pipeline.py
[2026-04-30T01:44:14.097+0000] {logging_mixin.py:188} INFO - [2026-04-30T01:44:14.097+0000] {dag.py:3089} INFO - Sync 1 DAGs
[2026-04-30T01:44:14.130+0000] {logging_mixin.py:188} INFO - [2026-04-30T01:44:14.129+0000] {dag.py:3947} INFO - Setting next_dagrun for flights_ops_medallion_pipe to 2026-04-30 01:30:00+00:00, run_after=2026-04-30 02:00:00+00:00
[2026-04-30T01:44:14.151+0000] {processor.py:183} INFO - Processing /opt/airflow/dags/flight-pipeline.py took 0.924 seconds
[2026-04-30T01:44:44.438+0000] {processor.py:161} INFO - Started process (PID=6485) to work on /opt/airflow/dags/flight-pipeline.py
[2026-04-30T01:44:44.440+0000] {processor.py:830} INFO - Processing file /opt/airflow/dags/flight-pipeline.py for tasks to queue
[2026-04-30T01:44:44.441+0000] {logging_mixin.py:188} INFO - [2026-04-30T01:44:44.441+0000] {dagbag.py:545} INFO - Filling up the DagBag from /opt/airflow/dags/flight-pipeline.py
[2026-04-30T01:44:45.359+0000] {processor.py:840} INFO - DAG(s) 'flights_ops_medallion_pipe' retrieved from /opt/airflow/dags/flight-pipeline.py
[2026-04-30T01:44:45.390+0000] {logging_mixin.py:188} INFO - [2026-04-30T01:44:45.389+0000] {dag.py:3089} INFO - Sync 1 DAGs
[2026-04-30T01:44:45.409+0000] {logging_mixin.py:188} INFO - [2026-04-30T01:44:45.409+0000] {dag.py:3947} INFO - Setting next_dagrun for flights_ops_medallion_pipe to 2026-04-30 01:30:00+00:00, run_after=2026-04-30 02:00:00+00:00
[2026-04-30T01:44:45.429+0000] {processor.py:183} INFO - Processing /opt/airflow/dags/flight-pipeline.py took 1.001 seconds
[2026-04-30T01:45:15.707+0000] {processor.py:161} INFO - Started process (PID=6488) to work on /opt/airflow/dags/flight-pipeline.py
[2026-04-30T01:45:15.708+0000] {processor.py:830} INFO - Processing file /opt/airflow/dags/flight-pipeline.py for tasks to queue
[2026-04-30T01:45:15.709+0000] {logging_mixin.py:188} INFO - [2026-04-30T01:45:15.709+0000] {dagbag.py:545} INFO - Filling up the DagBag from /opt/airflow/dags/flight-pipeline.py
[2026-04-30T01:45:16.531+0000] {processor.py:840} INFO - DAG(s) 'flights_ops_medallion_pipe' retrieved from /opt/airflow/dags/flight-pipeline.py
[2026-04-30T01:45:16.562+0000] {logging_mixin.py:188} INFO - [2026-04-30T01:45:16.561+0000] {dag.py:3089} INFO - Sync 1 DAGs
[2026-04-30T01:45:16.583+0000] {logging_mixin.py:188} INFO - [2026-04-30T01:45:16.583+0000] {dag.py:3947} INFO - Setting next_dagrun for flights_ops_medallion_pipe to 2026-04-30 01:30:00+00:00, run_after=2026-04-30 02:00:00+00:00
[2026-04-30T01:45:16.604+0000] {processor.py:183} INFO - Processing /opt/airflow/dags/flight-pipeline.py took 0.906 seconds
[2026-04-30T01:45:46.887+0000] {processor.py:161} INFO - Started process (PID=6491) to work on /opt/airflow/dags/flight-pipeline.py
[2026-04-30T01:45:46.889+0000] {processor.py:830} INFO - Processing file /opt/airflow/dags/flight-pipeline.py for tasks to queue
[2026-04-30T01:45:46.890+0000] {logging_mixin.py:188} INFO - [2026-04-30T01:45:46.889+0000] {dagbag.py:545} INFO - Filling up the DagBag from /opt/airflow/dags/flight-pipeline.py
[2026-04-30T01:45:47.759+0000] {processor.py:840} INFO - DAG(s) 'flights_ops_medallion_pipe' retrieved from /opt/airflow/dags/flight-pipeline.py
[2026-04-30T01:45:47.796+0000] {logging_mixin.py:188} INFO - [2026-04-30T01:45:47.796+0000] {dag.py:3089} INFO - Sync 1 DAGs
[2026-04-30T01:45:47.820+0000] {logging_mixin.py:188} INFO - [2026-04-30T01:45:47.820+0000] {dag.py:3947} INFO - Setting next_dagrun for flights_ops_medallion_pipe to 2026-04-30 01:30:00+00:00, run_after=2026-04-30 02:00:00+00:00
[2026-04-30T01:45:47.840+0000] {processor.py:183} INFO - Processing /opt/airflow/dags/flight-pipeline.py took 0.962 seconds
[2026-04-30T01:46:18.138+0000] {processor.py:161} INFO - Started process (PID=6494) to work on /opt/airflow/dags/flight-pipeline.py
[2026-04-30T01:46:18.141+0000] {processor.py:830} INFO - Processing file /opt/airflow/dags/flight-pipeline.py for tasks to queue
[2026-04-30T01:46:18.143+0000] {logging_mixin.py:188} INFO - [2026-04-30T01:46:18.142+0000] {dagbag.py:545} INFO - Filling up the DagBag from /opt/airflow/dags/flight-pipeline.py
[2026-04-30T01:46:19.180+0000] {processor.py:840} INFO - DAG(s) 'flights_ops_medallion_pipe' retrieved from /opt/airflow/dags/flight-pipeline.py
[2026-04-30T01:46:19.217+0000] {logging_mixin.py:188} INFO - [2026-04-30T01:46:19.216+0000] {dag.py:3089} INFO - Sync 1 DAGs
[2026-04-30T01:46:19.243+0000] {logging_mixin.py:188} INFO - [2026-04-30T01:46:19.243+0000] {dag.py:3947} INFO - Setting next_dagrun for flights_ops_medallion_pipe to 2026-04-30 01:30:00+00:00, run_after=2026-04-30 02:00:00+00:00
[2026-04-30T01:46:19.264+0000] {processor.py:183} INFO - Processing /opt/airflow/dags/flight-pipeline.py took 1.142 seconds
[2026-04-30T01:46:49.419+0000] {processor.py:161} INFO - Started process (PID=6497) to work on /opt/airflow/dags/flight-pipeline.py
[2026-04-30T01:46:49.421+0000] {processor.py:830} INFO - Processing file /opt/airflow/dags/flight-pipeline.py for tasks to queue
[2026-04-30T01:46:49.422+0000] {logging_mixin.py:188} INFO - [2026-04-30T01:46:49.422+0000] {dagbag.py:545} INFO - Filling up the DagBag from /opt/airflow/dags/flight-pipeline.py
[2026-04-30T01:46:50.289+0000] {processor.py:840} INFO - DAG(s) 'flights_ops_medallion_pipe' retrieved from /opt/airflow/dags/flight-pipeline.py
[2026-04-30T01:46:50.323+0000] {logging_mixin.py:188} INFO - [2026-04-30T01:46:50.322+0000] {dag.py:3089} INFO - Sync 1 DAGs
[2026-04-30T01:46:50.343+0000] {logging_mixin.py:188} INFO - [2026-04-30T01:46:50.343+0000] {dag.py:3947} INFO - Setting next_dagrun for flights_ops_medallion_pipe to 2026-04-30 01:30:00+00:00, run_after=2026-04-30 02:00:00+00:00
[2026-04-30T01:46:50.363+0000] {processor.py:183} INFO - Processing /opt/airflow/dags/flight-pipeline.py took 0.951 seconds
[2026-04-30T01:47:20.635+0000] {processor.py:161} INFO - Started process (PID=6500) to work on /opt/airflow/dags/flight-pipeline.py
[2026-04-30T01:47:20.636+0000] {processor.py:830} INFO - Processing file /opt/airflow/dags/flight-pipeline.py for tasks to queue
[2026-04-30T01:47:20.637+0000] {logging_mixin.py:188} INFO - [2026-04-30T01:47:20.637+0000] {dagbag.py:545} INFO - Filling up the DagBag from /opt/airflow/dags/flight-pipeline.py
[2026-04-30T01:47:21.548+0000] {processor.py:840} INFO - DAG(s) 'flights_ops_medallion_pipe' retrieved from /opt/airflow/dags/flight-pipeline.py
[2026-04-30T01:47:21.582+0000] {logging_mixin.py:188} INFO - [2026-04-30T01:47:21.582+0000] {dag.py:3089} INFO - Sync 1 DAGs
[2026-04-30T01:47:21.604+0000] {logging_mixin.py:188} INFO - [2026-04-30T01:47:21.604+0000] {dag.py:3947} INFO - Setting next_dagrun for flights_ops_medallion_pipe to 2026-04-30 01:30:00+00:00, run_after=2026-04-30 02:00:00+00:00
[2026-04-30T01:47:21.626+0000] {processor.py:183} INFO - Processing /opt/airflow/dags/flight-pipeline.py took 1.000 seconds
[2026-04-30T01:47:51.909+0000] {processor.py:161} INFO - Started process (PID=6503) to work on /opt/airflow/dags/flight-pipeline.py
[2026-04-30T01:47:51.911+0000] {processor.py:830} INFO - Processing file /opt/airflow/dags/flight-pipeline.py for tasks to queue
[2026-04-30T01:47:51.912+0000] {logging_mixin.py:188} INFO - [2026-04-30T01:47:51.912+0000] {dagbag.py:545} INFO - Filling up the DagBag from /opt/airflow/dags/flight-pipeline.py
[2026-04-30T01:47:52.697+0000] {processor.py:840} INFO - DAG(s) 'flights_ops_medallion_pipe' retrieved from /opt/airflow/dags/flight-pipeline.py
[2026-04-30T01:47:52.726+0000] {logging_mixin.py:188} INFO - [2026-04-30T01:47:52.725+0000] {dag.py:3089} INFO - Sync 1 DAGs
[2026-04-30T01:47:52.746+0000] {logging_mixin.py:188} INFO - [2026-04-30T01:47:52.746+0000] {dag.py:3947} INFO - Setting next_dagrun for flights_ops_medallion_pipe to 2026-04-30 01:30:00+00:00, run_after=2026-04-30 02:00:00+00:00
[2026-04-30T01:47:52.763+0000] {processor.py:183} INFO - Processing /opt/airflow/dags/flight-pipeline.py took 0.862 seconds
[2026-04-30T01:48:23.087+0000] {processor.py:161} INFO - Started process (PID=6506) to work on /opt/airflow/dags/flight-pipeline.py
[2026-04-30T01:48:23.088+0000] {processor.py:830} INFO - Processing file /opt/airflow/dags/flight-pipeline.py for tasks to queue
[2026-04-30T01:48:23.090+0000] {logging_mixin.py:188} INFO - [2026-04-30T01:48:23.089+0000] {dagbag.py:545} INFO - Filling up the DagBag from /opt/airflow/dags/flight-pipeline.py
[2026-04-30T01:48:23.869+0000] {processor.py:840} INFO - DAG(s) 'flights_ops_medallion_pipe' retrieved from /opt/airflow/dags/flight-pipeline.py
[2026-04-30T01:48:23.902+0000] {logging_mixin.py:188} INFO - [2026-04-30T01:48:23.902+0000] {dag.py:3089} INFO - Sync 1 DAGs
[2026-04-30T01:48:23.921+0000] {logging_mixin.py:188} INFO - [2026-04-30T01:48:23.921+0000] {dag.py:3947} INFO - Setting next_dagrun for flights_ops_medallion_pipe to 2026-04-30 01:30:00+00:00, run_after=2026-04-30 02:00:00+00:00
[2026-04-30T01:48:23.940+0000] {processor.py:183} INFO - Processing /opt/airflow/dags/flight-pipeline.py took 0.860 seconds
[2026-04-30T01:48:54.287+0000] {processor.py:161} INFO - Started process (PID=6509) to work on /opt/airflow/dags/flight-pipeline.py
[2026-04-30T01:48:54.289+0000] {processor.py:830} INFO - Processing file /opt/airflow/dags/flight-pipeline.py for tasks to queue
[2026-04-30T01:48:54.290+0000] {logging_mixin.py:188} INFO - [2026-04-30T01:48:54.289+0000] {dagbag.py:545} INFO - Filling up the DagBag from /opt/airflow/dags/flight-pipeline.py
[2026-04-30T01:48:55.222+0000] {processor.py:840} INFO - DAG(s) 'flights_ops_medallion_pipe' retrieved from /opt/airflow/dags/flight-pipeline.py
[2026-04-30T01:48:55.254+0000] {logging_mixin.py:188} INFO - [2026-04-30T01:48:55.253+0000] {dag.py:3089} INFO - Sync 1 DAGs
[2026-04-30T01:48:55.276+0000] {logging_mixin.py:188} INFO - [2026-04-30T01:48:55.276+0000] {dag.py:3947} INFO - Setting next_dagrun for flights_ops_medallion_pipe to 2026-04-30 01:30:00+00:00, run_after=2026-04-30 02:00:00+00:00
[2026-04-30T01:48:55.295+0000] {processor.py:183} INFO - Processing /opt/airflow/dags/flight-pipeline.py took 1.018 seconds
[2026-04-30T01:49:25.575+0000] {processor.py:161} INFO - Started process (PID=6512) to work on /opt/airflow/dags/flight-pipeline.py
[2026-04-30T01:49:25.576+0000] {processor.py:830} INFO - Processing file /opt/airflow/dags/flight-pipeline.py for tasks to queue
[2026-04-30T01:49:25.578+0000] {logging_mixin.py:188} INFO - [2026-04-30T01:49:25.577+0000] {dagbag.py:545} INFO - Filling up the DagBag from /opt/airflow/dags/flight-pipeline.py
[2026-04-30T01:49:26.446+0000] {processor.py:840} INFO - DAG(s) 'flights_ops_medallion_pipe' retrieved from /opt/airflow/dags/flight-pipeline.py
[2026-04-30T01:49:26.488+0000] {logging_mixin.py:188} INFO - [2026-04-30T01:49:26.487+0000] {dag.py:3089} INFO - Sync 1 DAGs
[2026-04-30T01:49:26.511+0000] {logging_mixin.py:188} INFO - [2026-04-30T01:49:26.511+0000] {dag.py:3947} INFO - Setting next_dagrun for flights_ops_medallion_pipe to 2026-04-30 01:30:00+00:00, run_after=2026-04-30 02:00:00+00:00
[2026-04-30T01:49:26.531+0000] {processor.py:183} INFO - Processing /opt/airflow/dags/flight-pipeline.py took 0.965 seconds
[2026-04-30T01:59:17.076+0000] {processor.py:161} INFO - Started process (PID=6515) to work on /opt/airflow/dags/flight-pipeline.py
[2026-04-30T01:59:17.082+0000] {processor.py:830} INFO - Processing file /opt/airflow/dags/flight-pipeline.py for tasks to queue
[2026-04-30T01:59:17.094+0000] {logging_mixin.py:188} INFO - [2026-04-30T01:59:17.089+0000] {dagbag.py:545} INFO - Filling up the DagBag from /opt/airflow/dags/flight-pipeline.py
[2026-04-30T01:59:22.086+0000] {processor.py:840} INFO - DAG(s) 'flights_ops_medallion_pipe' retrieved from /opt/airflow/dags/flight-pipeline.py
[2026-04-30T01:59:22.149+0000] {logging_mixin.py:188} INFO - [2026-04-30T01:59:22.148+0000] {dag.py:3089} INFO - Sync 1 DAGs
[2026-04-30T01:59:22.182+0000] {logging_mixin.py:188} INFO - [2026-04-30T01:59:22.181+0000] {dag.py:3947} INFO - Setting next_dagrun for flights_ops_medallion_pipe to 2026-04-30 01:30:00+00:00, run_after=2026-04-30 02:00:00+00:00
[2026-04-30T01:59:22.211+0000] {processor.py:183} INFO - Processing /opt/airflow/dags/flight-pipeline.py took 5.183 seconds
[2026-04-30T01:59:52.762+0000] {processor.py:161} INFO - Started process (PID=6518) to work on /opt/airflow/dags/flight-pipeline.py
[2026-04-30T01:59:52.764+0000] {processor.py:830} INFO - Processing file /opt/airflow/dags/flight-pipeline.py for tasks to queue
[2026-04-30T01:59:52.767+0000] {logging_mixin.py:188} INFO - [2026-04-30T01:59:52.766+0000] {dagbag.py:545} INFO - Filling up the DagBag from /opt/airflow/dags/flight-pipeline.py
[2026-04-30T01:59:54.100+0000] {processor.py:840} INFO - DAG(s) 'flights_ops_medallion_pipe' retrieved from /opt/airflow/dags/flight-pipeline.py
[2026-04-30T01:59:54.150+0000] {logging_mixin.py:188} INFO - [2026-04-30T01:59:54.149+0000] {dag.py:3089} INFO - Sync 1 DAGs
[2026-04-30T01:59:54.174+0000] {logging_mixin.py:188} INFO - [2026-04-30T01:59:54.174+0000] {dag.py:3947} INFO - Setting next_dagrun for flights_ops_medallion_pipe to 2026-04-30 01:30:00+00:00, run_after=2026-04-30 02:00:00+00:00
[2026-04-30T01:59:54.198+0000] {processor.py:183} INFO - Processing /opt/airflow/dags/flight-pipeline.py took 1.468 seconds
[2026-04-30T02:00:24.443+0000] {processor.py:161} INFO - Started process (PID=6555) to work on /opt/airflow/dags/flight-pipeline.py
[2026-04-30T02:00:24.446+0000] {processor.py:830} INFO - Processing file /opt/airflow/dags/flight-pipeline.py for tasks to queue
[2026-04-30T02:00:24.448+0000] {logging_mixin.py:188} INFO - [2026-04-30T02:00:24.447+0000] {dagbag.py:545} INFO - Filling up the DagBag from /opt/airflow/dags/flight-pipeline.py
[2026-04-30T02:00:25.447+0000] {processor.py:840} INFO - DAG(s) 'flights_ops_medallion_pipe' retrieved from /opt/airflow/dags/flight-pipeline.py
[2026-04-30T02:00:25.486+0000] {logging_mixin.py:188} INFO - [2026-04-30T02:00:25.485+0000] {dag.py:3089} INFO - Sync 1 DAGs
[2026-04-30T02:00:25.509+0000] {logging_mixin.py:188} INFO - [2026-04-30T02:00:25.509+0000] {dag.py:3947} INFO - Setting next_dagrun for flights_ops_medallion_pipe to 2026-04-30 02:00:00+00:00, run_after=2026-04-30 02:30:00+00:00
[2026-04-30T02:00:25.531+0000] {processor.py:183} INFO - Processing /opt/airflow/dags/flight-pipeline.py took 1.097 seconds
[2026-04-30T02:00:55.696+0000] {processor.py:161} INFO - Started process (PID=6568) to work on /opt/airflow/dags/flight-pipeline.py
[2026-04-30T02:00:55.699+0000] {processor.py:830} INFO - Processing file /opt/airflow/dags/flight-pipeline.py for tasks to queue
[2026-04-30T02:00:55.700+0000] {logging_mixin.py:188} INFO - [2026-04-30T02:00:55.700+0000] {dagbag.py:545} INFO - Filling up the DagBag from /opt/airflow/dags/flight-pipeline.py
[2026-04-30T02:00:56.787+0000] {processor.py:840} INFO - DAG(s) 'flights_ops_medallion_pipe' retrieved from /opt/airflow/dags/flight-pipeline.py
[2026-04-30T02:00:56.818+0000] {logging_mixin.py:188} INFO - [2026-04-30T02:00:56.818+0000] {dag.py:3089} INFO - Sync 1 DAGs
[2026-04-30T02:00:56.840+0000] {logging_mixin.py:188} INFO - [2026-04-30T02:00:56.839+0000] {dag.py:3947} INFO - Setting next_dagrun for flights_ops_medallion_pipe to 2026-04-30 02:00:00+00:00, run_after=2026-04-30 02:30:00+00:00
[2026-04-30T02:00:56.861+0000] {processor.py:183} INFO - Processing /opt/airflow/dags/flight-pipeline.py took 1.176 seconds
[2026-04-30T02:01:26.998+0000] {processor.py:161} INFO - Started process (PID=6571) to work on /opt/airflow/dags/flight-pipeline.py
[2026-04-30T02:01:26.999+0000] {processor.py:830} INFO - Processing file /opt/airflow/dags/flight-pipeline.py for tasks to queue
[2026-04-30T02:01:27.000+0000] {logging_mixin.py:188} INFO - [2026-04-30T02:01:27.000+0000] {dagbag.py:545} INFO - Filling up the DagBag from /opt/airflow/dags/flight-pipeline.py
[2026-04-30T02:01:27.909+0000] {processor.py:840} INFO - DAG(s) 'flights_ops_medallion_pipe' retrieved from /opt/airflow/dags/flight-pipeline.py
[2026-04-30T02:01:27.940+0000] {logging_mixin.py:188} INFO - [2026-04-30T02:01:27.939+0000] {dag.py:3089} INFO - Sync 1 DAGs
[2026-04-30T02:01:27.960+0000] {logging_mixin.py:188} INFO - [2026-04-30T02:01:27.960+0000] {dag.py:3947} INFO - Setting next_dagrun for flights_ops_medallion_pipe to 2026-04-30 02:00:00+00:00, run_after=2026-04-30 02:30:00+00:00
[2026-04-30T02:01:27.988+0000] {processor.py:183} INFO - Processing /opt/airflow/dags/flight-pipeline.py took 0.998 seconds
[2026-04-30T02:01:58.327+0000] {processor.py:161} INFO - Started process (PID=6574) to work on /opt/airflow/dags/flight-pipeline.py
[2026-04-30T02:01:58.329+0000] {processor.py:830} INFO - Processing file /opt/airflow/dags/flight-pipeline.py for tasks to queue
[2026-04-30T02:01:58.330+0000] {logging_mixin.py:188} INFO - [2026-04-30T02:01:58.330+0000] {dagbag.py:545} INFO - Filling up the DagBag from /opt/airflow/dags/flight-pipeline.py
[2026-04-30T02:01:59.190+0000] {processor.py:840} INFO - DAG(s) 'flights_ops_medallion_pipe' retrieved from /opt/airflow/dags/flight-pipeline.py
[2026-04-30T02:01:59.221+0000] {logging_mixin.py:188} INFO - [2026-04-30T02:01:59.220+0000] {dag.py:3089} INFO - Sync 1 DAGs
[2026-04-30T02:01:59.239+0000] {logging_mixin.py:188} INFO - [2026-04-30T02:01:59.239+0000] {dag.py:3947} INFO - Setting next_dagrun for flights_ops_medallion_pipe to 2026-04-30 02:00:00+00:00, run_after=2026-04-30 02:30:00+00:00
[2026-04-30T02:01:59.256+0000] {processor.py:183} INFO - Processing /opt/airflow/dags/flight-pipeline.py took 0.938 seconds
[2026-04-30T02:02:29.524+0000] {processor.py:161} INFO - Started process (PID=6577) to work on /opt/airflow/dags/flight-pipeline.py
[2026-04-30T02:02:29.526+0000] {processor.py:830} INFO - Processing file /opt/airflow/dags/flight-pipeline.py for tasks to queue
[2026-04-30T02:02:29.527+0000] {logging_mixin.py:188} INFO - [2026-04-30T02:02:29.527+0000] {dagbag.py:545} INFO - Filling up the DagBag from /opt/airflow/dags/flight-pipeline.py
[2026-04-30T02:02:30.396+0000] {processor.py:840} INFO - DAG(s) 'flights_ops_medallion_pipe' retrieved from /opt/airflow/dags/flight-pipeline.py
[2026-04-30T02:02:30.428+0000] {logging_mixin.py:188} INFO - [2026-04-30T02:02:30.427+0000] {dag.py:3089} INFO - Sync 1 DAGs
[2026-04-30T02:02:30.449+0000] {logging_mixin.py:188} INFO - [2026-04-30T02:02:30.449+0000] {dag.py:3947} INFO - Setting next_dagrun for flights_ops_medallion_pipe to 2026-04-30 02:00:00+00:00, run_after=2026-04-30 02:30:00+00:00
[2026-04-30T02:02:30.467+0000] {processor.py:183} INFO - Processing /opt/airflow/dags/flight-pipeline.py took 0.952 seconds
[2026-04-30T02:03:00.735+0000] {processor.py:161} INFO - Started process (PID=6580) to work on /opt/airflow/dags/flight-pipeline.py
[2026-04-30T02:03:00.736+0000] {processor.py:830} INFO - Processing file /opt/airflow/dags/flight-pipeline.py for tasks to queue
[2026-04-30T02:03:00.738+0000] {logging_mixin.py:188} INFO - [2026-04-30T02:03:00.737+0000] {dagbag.py:545} INFO - Filling up the DagBag from /opt/airflow/dags/flight-pipeline.py
[2026-04-30T02:03:01.781+0000] {processor.py:840} INFO - DAG(s) 'flights_ops_medallion_pipe' retrieved from /opt/airflow/dags/flight-pipeline.py
[2026-04-30T02:03:01.828+0000] {logging_mixin.py:188} INFO - [2026-04-30T02:03:01.827+0000] {dag.py:3089} INFO - Sync 1 DAGs
[2026-04-30T02:03:01.856+0000] {logging_mixin.py:188} INFO - [2026-04-30T02:03:01.856+0000] {dag.py:3947} INFO - Setting next_dagrun for flights_ops_medallion_pipe to 2026-04-30 02:00:00+00:00, run_after=2026-04-30 02:30:00+00:00
[2026-04-30T02:03:01.876+0000] {processor.py:183} INFO - Processing /opt/airflow/dags/flight-pipeline.py took 1.149 seconds
[2026-04-30T02:03:32.204+0000] {processor.py:161} INFO - Started process (PID=6583) to work on /opt/airflow/dags/flight-pipeline.py
[2026-04-30T02:03:32.211+0000] {processor.py:830} INFO - Processing file /opt/airflow/dags/flight-pipeline.py for tasks to queue
[2026-04-30T02:03:32.214+0000] {logging_mixin.py:188} INFO - [2026-04-30T02:03:32.213+0000] {dagbag.py:545} INFO - Filling up the DagBag from /opt/airflow/dags/flight-pipeline.py
[2026-04-30T02:03:34.001+0000] {processor.py:840} INFO - DAG(s) 'flights_ops_medallion_pipe' retrieved from /opt/airflow/dags/flight-pipeline.py
[2026-04-30T02:03:34.050+0000] {logging_mixin.py:188} INFO - [2026-04-30T02:03:34.049+0000] {dag.py:3089} INFO - Sync 1 DAGs
[2026-04-30T02:03:34.076+0000] {logging_mixin.py:188} INFO - [2026-04-30T02:03:34.076+0000] {dag.py:3947} INFO - Setting next_dagrun for flights_ops_medallion_pipe to 2026-04-30 02:00:00+00:00, run_after=2026-04-30 02:30:00+00:00
[2026-04-30T02:03:34.099+0000] {processor.py:183} INFO - Processing /opt/airflow/dags/flight-pipeline.py took 1.956 seconds
[2026-04-30T02:04:04.359+0000] {processor.py:161} INFO - Started process (PID=6586) to work on /opt/airflow/dags/flight-pipeline.py
[2026-04-30T02:04:04.361+0000] {processor.py:830} INFO - Processing file /opt/airflow/dags/flight-pipeline.py for tasks to queue
[2026-04-30T02:04:04.362+0000] {logging_mixin.py:188} INFO - [2026-04-30T02:04:04.362+0000] {dagbag.py:545} INFO - Filling up the DagBag from /opt/airflow/dags/flight-pipeline.py
[2026-04-30T02:04:05.251+0000] {processor.py:840} INFO - DAG(s) 'flights_ops_medallion_pipe' retrieved from /opt/airflow/dags/flight-pipeline.py
[2026-04-30T02:04:05.285+0000] {logging_mixin.py:188} INFO - [2026-04-30T02:04:05.284+0000] {dag.py:3089} INFO - Sync 1 DAGs
[2026-04-30T02:04:05.309+0000] {logging_mixin.py:188} INFO - [2026-04-30T02:04:05.309+0000] {dag.py:3947} INFO - Setting next_dagrun for flights_ops_medallion_pipe to 2026-04-30 02:00:00+00:00, run_after=2026-04-30 02:30:00+00:00
[2026-04-30T02:04:05.329+0000] {processor.py:183} INFO - Processing /opt/airflow/dags/flight-pipeline.py took 0.980 seconds
[2026-04-30T02:04:35.844+0000] {processor.py:161} INFO - Started process (PID=6589) to work on /opt/airflow/dags/flight-pipeline.py
[2026-04-30T02:04:35.849+0000] {processor.py:830} INFO - Processing file /opt/airflow/dags/flight-pipeline.py for tasks to queue
[2026-04-30T02:04:35.850+0000] {logging_mixin.py:188} INFO - [2026-04-30T02:04:35.850+0000] {dagbag.py:545} INFO - Filling up the DagBag from /opt/airflow/dags/flight-pipeline.py
[2026-04-30T02:04:37.238+0000] {processor.py:840} INFO - DAG(s) 'flights_ops_medallion_pipe' retrieved from /opt/airflow/dags/flight-pipeline.py
[2026-04-30T02:04:37.295+0000] {logging_mixin.py:188} INFO - [2026-04-30T02:04:37.294+0000] {dag.py:3089} INFO - Sync 1 DAGs
[2026-04-30T02:04:37.345+0000] {logging_mixin.py:188} INFO - [2026-04-30T02:04:37.345+0000] {dag.py:3947} INFO - Setting next_dagrun for flights_ops_medallion_pipe to 2026-04-30 02:00:00+00:00, run_after=2026-04-30 02:30:00+00:00
[2026-04-30T02:04:37.373+0000] {processor.py:183} INFO - Processing /opt/airflow/dags/flight-pipeline.py took 1.538 seconds
[2026-04-30T02:05:07.639+0000] {processor.py:161} INFO - Started process (PID=6592) to work on /opt/airflow/dags/flight-pipeline.py
[2026-04-30T02:05:07.642+0000] {processor.py:830} INFO - Processing file /opt/airflow/dags/flight-pipeline.py for tasks to queue
[2026-04-30T02:05:07.646+0000] {logging_mixin.py:188} INFO - [2026-04-30T02:05:07.645+0000] {dagbag.py:545} INFO - Filling up the DagBag from /opt/airflow/dags/flight-pipeline.py
[2026-04-30T02:05:08.441+0000] {processor.py:840} INFO - DAG(s) 'flights_ops_medallion_pipe' retrieved from /opt/airflow/dags/flight-pipeline.py
[2026-04-30T02:05:08.474+0000] {logging_mixin.py:188} INFO - [2026-04-30T02:05:08.474+0000] {dag.py:3089} INFO - Sync 1 DAGs
[2026-04-30T02:05:08.497+0000] {logging_mixin.py:188} INFO - [2026-04-30T02:05:08.497+0000] {dag.py:3947} INFO - Setting next_dagrun for flights_ops_medallion_pipe to 2026-04-30 02:00:00+00:00, run_after=2026-04-30 02:30:00+00:00
[2026-04-30T02:05:08.515+0000] {processor.py:183} INFO - Processing /opt/airflow/dags/flight-pipeline.py took 0.887 seconds
[2026-04-30T02:05:38.914+0000] {processor.py:161} INFO - Started process (PID=6595) to work on /opt/airflow/dags/flight-pipeline.py
[2026-04-30T02:05:38.918+0000] {processor.py:830} INFO - Processing file /opt/airflow/dags/flight-pipeline.py for tasks to queue
[2026-04-30T02:05:38.921+0000] {logging_mixin.py:188} INFO - [2026-04-30T02:05:38.920+0000] {dagbag.py:545} INFO - Filling up the DagBag from /opt/airflow/dags/flight-pipeline.py
[2026-04-30T02:05:40.189+0000] {processor.py:840} INFO - DAG(s) 'flights_ops_medallion_pipe' retrieved from /opt/airflow/dags/flight-pipeline.py
[2026-04-30T02:05:40.229+0000] {logging_mixin.py:188} INFO - [2026-04-30T02:05:40.228+0000] {dag.py:3089} INFO - Sync 1 DAGs
[2026-04-30T02:05:40.250+0000] {logging_mixin.py:188} INFO - [2026-04-30T02:05:40.250+0000] {dag.py:3947} INFO - Setting next_dagrun for flights_ops_medallion_pipe to 2026-04-30 02:00:00+00:00, run_after=2026-04-30 02:30:00+00:00
[2026-04-30T02:05:40.268+0000] {processor.py:183} INFO - Processing /opt/airflow/dags/flight-pipeline.py took 1.365 seconds
[2026-04-30T02:06:10.506+0000] {processor.py:161} INFO - Started process (PID=6598) to work on /opt/airflow/dags/flight-pipeline.py
[2026-04-30T02:06:10.508+0000] {processor.py:830} INFO - Processing file /opt/airflow/dags/flight-pipeline.py for tasks to queue
[2026-04-30T02:06:10.510+0000] {logging_mixin.py:188} INFO - [2026-04-30T02:06:10.509+0000] {dagbag.py:545} INFO - Filling up the DagBag from /opt/airflow/dags/flight-pipeline.py
[2026-04-30T02:06:11.456+0000] {processor.py:840} INFO - DAG(s) 'flights_ops_medallion_pipe' retrieved from /opt/airflow/dags/flight-pipeline.py
[2026-04-30T02:06:11.489+0000] {logging_mixin.py:188} INFO - [2026-04-30T02:06:11.489+0000] {dag.py:3089} INFO - Sync 1 DAGs
[2026-04-30T02:06:11.518+0000] {logging_mixin.py:188} INFO - [2026-04-30T02:06:11.518+0000] {dag.py:3947} INFO - Setting next_dagrun for flights_ops_medallion_pipe to 2026-04-30 02:00:00+00:00, run_after=2026-04-30 02:30:00+00:00
[2026-04-30T02:06:11.537+0000] {processor.py:183} INFO - Processing /opt/airflow/dags/flight-pipeline.py took 1.041 seconds
[2026-04-30T02:06:41.789+0000] {processor.py:161} INFO - Started process (PID=6601) to work on /opt/airflow/dags/flight-pipeline.py
[2026-04-30T02:06:41.794+0000] {processor.py:830} INFO - Processing file /opt/airflow/dags/flight-pipeline.py for tasks to queue
[2026-04-30T02:06:41.795+0000] {logging_mixin.py:188} INFO - [2026-04-30T02:06:41.795+0000] {dagbag.py:545} INFO - Filling up the DagBag from /opt/airflow/dags/flight-pipeline.py
[2026-04-30T02:06:42.696+0000] {processor.py:840} INFO - DAG(s) 'flights_ops_medallion_pipe' retrieved from /opt/airflow/dags/flight-pipeline.py
[2026-04-30T02:06:42.729+0000] {logging_mixin.py:188} INFO - [2026-04-30T02:06:42.729+0000] {dag.py:3089} INFO - Sync 1 DAGs
[2026-04-30T02:06:42.750+0000] {logging_mixin.py:188} INFO - [2026-04-30T02:06:42.750+0000] {dag.py:3947} INFO - Setting next_dagrun for flights_ops_medallion_pipe to 2026-04-30 02:00:00+00:00, run_after=2026-04-30 02:30:00+00:00
[2026-04-30T02:06:42.768+0000] {processor.py:183} INFO - Processing /opt/airflow/dags/flight-pipeline.py took 1.009 seconds
[2026-04-30T02:07:13.028+0000] {processor.py:161} INFO - Started process (PID=6604) to work on /opt/airflow/dags/flight-pipeline.py
[2026-04-30T02:07:13.030+0000] {processor.py:830} INFO - Processing file /opt/airflow/dags/flight-pipeline.py for tasks to queue
[2026-04-30T02:07:13.041+0000] {logging_mixin.py:188} INFO - [2026-04-30T02:07:13.035+0000] {dagbag.py:545} INFO - Filling up the DagBag from /opt/airflow/dags/flight-pipeline.py
[2026-04-30T02:07:13.953+0000] {processor.py:840} INFO - DAG(s) 'flights_ops_medallion_pipe' retrieved from /opt/airflow/dags/flight-pipeline.py
[2026-04-30T02:07:13.984+0000] {logging_mixin.py:188} INFO - [2026-04-30T02:07:13.983+0000] {dag.py:3089} INFO - Sync 1 DAGs
[2026-04-30T02:07:14.007+0000] {logging_mixin.py:188} INFO - [2026-04-30T02:07:14.007+0000] {dag.py:3947} INFO - Setting next_dagrun for flights_ops_medallion_pipe to 2026-04-30 02:00:00+00:00, run_after=2026-04-30 02:30:00+00:00
[2026-04-30T02:07:14.027+0000] {processor.py:183} INFO - Processing /opt/airflow/dags/flight-pipeline.py took 1.010 seconds
[2026-04-30T02:07:44.284+0000] {processor.py:161} INFO - Started process (PID=6607) to work on /opt/airflow/dags/flight-pipeline.py
[2026-04-30T02:07:44.285+0000] {processor.py:830} INFO - Processing file /opt/airflow/dags/flight-pipeline.py for tasks to queue
[2026-04-30T02:07:44.286+0000] {logging_mixin.py:188} INFO - [2026-04-30T02:07:44.286+0000] {dagbag.py:545} INFO - Filling up the DagBag from /opt/airflow/dags/flight-pipeline.py
[2026-04-30T02:07:45.060+0000] {processor.py:840} INFO - DAG(s) 'flights_ops_medallion_pipe' retrieved from /opt/airflow/dags/flight-pipeline.py
[2026-04-30T02:07:45.090+0000] {logging_mixin.py:188} INFO - [2026-04-30T02:07:45.089+0000] {dag.py:3089} INFO - Sync 1 DAGs
[2026-04-30T02:07:45.109+0000] {logging_mixin.py:188} INFO - [2026-04-30T02:07:45.109+0000] {dag.py:3947} INFO - Setting next_dagrun for flights_ops_medallion_pipe to 2026-04-30 02:00:00+00:00, run_after=2026-04-30 02:30:00+00:00
[2026-04-30T02:07:45.127+0000] {processor.py:183} INFO - Processing /opt/airflow/dags/flight-pipeline.py took 0.853 seconds
[2026-04-30T02:08:15.409+0000] {processor.py:161} INFO - Started process (PID=6610) to work on /opt/airflow/dags/flight-pipeline.py
[2026-04-30T02:08:15.411+0000] {processor.py:830} INFO - Processing file /opt/airflow/dags/flight-pipeline.py for tasks to queue
[2026-04-30T02:08:15.412+0000] {logging_mixin.py:188} INFO - [2026-04-30T02:08:15.412+0000] {dagbag.py:545} INFO - Filling up the DagBag from /opt/airflow/dags/flight-pipeline.py
[2026-04-30T02:08:16.309+0000] {processor.py:840} INFO - DAG(s) 'flights_ops_medallion_pipe' retrieved from /opt/airflow/dags/flight-pipeline.py
[2026-04-30T02:08:16.341+0000] {logging_mixin.py:188} INFO - [2026-04-30T02:08:16.340+0000] {dag.py:3089} INFO - Sync 1 DAGs
[2026-04-30T02:08:16.360+0000] {logging_mixin.py:188} INFO - [2026-04-30T02:08:16.360+0000] {dag.py:3947} INFO - Setting next_dagrun for flights_ops_medallion_pipe to 2026-04-30 02:00:00+00:00, run_after=2026-04-30 02:30:00+00:00
[2026-04-30T02:08:16.377+0000] {processor.py:183} INFO - Processing /opt/airflow/dags/flight-pipeline.py took 0.983 seconds
[2026-04-30T02:08:46.668+0000] {processor.py:161} INFO - Started process (PID=6613) to work on /opt/airflow/dags/flight-pipeline.py
[2026-04-30T02:08:46.670+0000] {processor.py:830} INFO - Processing file /opt/airflow/dags/flight-pipeline.py for tasks to queue
[2026-04-30T02:08:46.671+0000] {logging_mixin.py:188} INFO - [2026-04-30T02:08:46.671+0000] {dagbag.py:545} INFO - Filling up the DagBag from /opt/airflow/dags/flight-pipeline.py
[2026-04-30T02:08:47.449+0000] {processor.py:840} INFO - DAG(s) 'flights_ops_medallion_pipe' retrieved from /opt/airflow/dags/flight-pipeline.py
[2026-04-30T02:08:47.478+0000] {logging_mixin.py:188} INFO - [2026-04-30T02:08:47.478+0000] {dag.py:3089} INFO - Sync 1 DAGs
[2026-04-30T02:08:47.497+0000] {logging_mixin.py:188} INFO - [2026-04-30T02:08:47.497+0000] {dag.py:3947} INFO - Setting next_dagrun for flights_ops_medallion_pipe to 2026-04-30 02:00:00+00:00, run_after=2026-04-30 02:30:00+00:00
[2026-04-30T02:08:47.515+0000] {processor.py:183} INFO - Processing /opt/airflow/dags/flight-pipeline.py took 0.856 seconds
[2026-04-30T02:09:17.821+0000] {processor.py:161} INFO - Started process (PID=6616) to work on /opt/airflow/dags/flight-pipeline.py
[2026-04-30T02:09:17.823+0000] {processor.py:830} INFO - Processing file /opt/airflow/dags/flight-pipeline.py for tasks to queue
[2026-04-30T02:09:17.824+0000] {logging_mixin.py:188} INFO - [2026-04-30T02:09:17.824+0000] {dagbag.py:545} INFO - Filling up the DagBag from /opt/airflow/dags/flight-pipeline.py
[2026-04-30T02:09:18.949+0000] {processor.py:840} INFO - DAG(s) 'flights_ops_medallion_pipe' retrieved from /opt/airflow/dags/flight-pipeline.py
[2026-04-30T02:09:19.008+0000] {logging_mixin.py:188} INFO - [2026-04-30T02:09:19.007+0000] {dag.py:3089} INFO - Sync 1 DAGs
[2026-04-30T02:09:19.048+0000] {logging_mixin.py:188} INFO - [2026-04-30T02:09:19.048+0000] {dag.py:3947} INFO - Setting next_dagrun for flights_ops_medallion_pipe to 2026-04-30 02:00:00+00:00, run_after=2026-04-30 02:30:00+00:00
[2026-04-30T02:09:19.072+0000] {processor.py:183} INFO - Processing /opt/airflow/dags/flight-pipeline.py took 1.259 seconds
[2026-04-30T02:09:49.276+0000] {processor.py:161} INFO - Started process (PID=6619) to work on /opt/airflow/dags/flight-pipeline.py
[2026-04-30T02:09:49.278+0000] {processor.py:830} INFO - Processing file /opt/airflow/dags/flight-pipeline.py for tasks to queue
[2026-04-30T02:09:49.279+0000] {logging_mixin.py:188} INFO - [2026-04-30T02:09:49.279+0000] {dagbag.py:545} INFO - Filling up the DagBag from /opt/airflow/dags/flight-pipeline.py
[2026-04-30T02:09:50.214+0000] {processor.py:840} INFO - DAG(s) 'flights_ops_medallion_pipe' retrieved from /opt/airflow/dags/flight-pipeline.py
[2026-04-30T02:09:50.251+0000] {logging_mixin.py:188} INFO - [2026-04-30T02:09:50.251+0000] {dag.py:3089} INFO - Sync 1 DAGs
[2026-04-30T02:09:50.279+0000] {logging_mixin.py:188} INFO - [2026-04-30T02:09:50.278+0000] {dag.py:3947} INFO - Setting next_dagrun for flights_ops_medallion_pipe to 2026-04-30 02:00:00+00:00, run_after=2026-04-30 02:30:00+00:00
[2026-04-30T02:09:50.299+0000] {processor.py:183} INFO - Processing /opt/airflow/dags/flight-pipeline.py took 1.034 seconds
[2026-04-30T02:10:20.536+0000] {processor.py:161} INFO - Started process (PID=6622) to work on /opt/airflow/dags/flight-pipeline.py
[2026-04-30T02:10:20.538+0000] {processor.py:830} INFO - Processing file /opt/airflow/dags/flight-pipeline.py for tasks to queue
[2026-04-30T02:10:20.540+0000] {logging_mixin.py:188} INFO - [2026-04-30T02:10:20.540+0000] {dagbag.py:545} INFO - Filling up the DagBag from /opt/airflow/dags/flight-pipeline.py
[2026-04-30T02:10:21.535+0000] {processor.py:840} INFO - DAG(s) 'flights_ops_medallion_pipe' retrieved from /opt/airflow/dags/flight-pipeline.py
[2026-04-30T02:10:21.579+0000] {logging_mixin.py:188} INFO - [2026-04-30T02:10:21.578+0000] {dag.py:3089} INFO - Sync 1 DAGs
[2026-04-30T02:10:21.611+0000] {logging_mixin.py:188} INFO - [2026-04-30T02:10:21.610+0000] {dag.py:3947} INFO - Setting next_dagrun for flights_ops_medallion_pipe to 2026-04-30 02:00:00+00:00, run_after=2026-04-30 02:30:00+00:00
[2026-04-30T02:10:21.636+0000] {processor.py:183} INFO - Processing /opt/airflow/dags/flight-pipeline.py took 1.110 seconds
[2026-04-30T02:10:51.789+0000] {processor.py:161} INFO - Started process (PID=6625) to work on /opt/airflow/dags/flight-pipeline.py
[2026-04-30T02:10:51.791+0000] {processor.py:830} INFO - Processing file /opt/airflow/dags/flight-pipeline.py for tasks to queue
[2026-04-30T02:10:51.792+0000] {logging_mixin.py:188} INFO - [2026-04-30T02:10:51.792+0000] {dagbag.py:545} INFO - Filling up the DagBag from /opt/airflow/dags/flight-pipeline.py
[2026-04-30T02:10:52.710+0000] {processor.py:840} INFO - DAG(s) 'flights_ops_medallion_pipe' retrieved from /opt/airflow/dags/flight-pipeline.py
[2026-04-30T02:10:52.749+0000] {logging_mixin.py:188} INFO - [2026-04-30T02:10:52.749+0000] {dag.py:3089} INFO - Sync 1 DAGs
[2026-04-30T02:10:52.772+0000] {logging_mixin.py:188} INFO - [2026-04-30T02:10:52.772+0000] {dag.py:3947} INFO - Setting next_dagrun for flights_ops_medallion_pipe to 2026-04-30 02:00:00+00:00, run_after=2026-04-30 02:30:00+00:00
[2026-04-30T02:10:52.795+0000] {processor.py:183} INFO - Processing /opt/airflow/dags/flight-pipeline.py took 1.014 seconds
[2026-04-30T02:11:23.547+0000] {processor.py:161} INFO - Started process (PID=6628) to work on /opt/airflow/dags/flight-pipeline.py
[2026-04-30T02:11:23.566+0000] {processor.py:830} INFO - Processing file /opt/airflow/dags/flight-pipeline.py for tasks to queue
[2026-04-30T02:11:23.569+0000] {logging_mixin.py:188} INFO - [2026-04-30T02:11:23.568+0000] {dagbag.py:545} INFO - Filling up the DagBag from /opt/airflow/dags/flight-pipeline.py
[2026-04-30T02:11:30.414+0000] {processor.py:840} INFO - DAG(s) 'flights_ops_medallion_pipe' retrieved from /opt/airflow/dags/flight-pipeline.py
[2026-04-30T02:11:30.843+0000] {logging_mixin.py:188} INFO - [2026-04-30T02:11:30.808+0000] {dag.py:3089} INFO - Sync 1 DAGs
[2026-04-30T02:11:31.152+0000] {logging_mixin.py:188} INFO - [2026-04-30T02:11:31.150+0000] {dag.py:3947} INFO - Setting next_dagrun for flights_ops_medallion_pipe to 2026-04-30 02:00:00+00:00, run_after=2026-04-30 02:30:00+00:00
[2026-04-30T02:11:31.351+0000] {processor.py:183} INFO - Processing /opt/airflow/dags/flight-pipeline.py took 7.827 seconds
[2026-04-30T02:12:02.162+0000] {processor.py:161} INFO - Started process (PID=6631) to work on /opt/airflow/dags/flight-pipeline.py
[2026-04-30T02:12:02.165+0000] {processor.py:830} INFO - Processing file /opt/airflow/dags/flight-pipeline.py for tasks to queue
[2026-04-30T02:12:02.168+0000] {logging_mixin.py:188} INFO - [2026-04-30T02:12:02.167+0000] {dagbag.py:545} INFO - Filling up the DagBag from /opt/airflow/dags/flight-pipeline.py
[2026-04-30T02:12:04.080+0000] {processor.py:840} INFO - DAG(s) 'flights_ops_medallion_pipe' retrieved from /opt/airflow/dags/flight-pipeline.py
[2026-04-30T02:12:04.129+0000] {logging_mixin.py:188} INFO - [2026-04-30T02:12:04.128+0000] {dag.py:3089} INFO - Sync 1 DAGs
[2026-04-30T02:12:04.174+0000] {logging_mixin.py:188} INFO - [2026-04-30T02:12:04.173+0000] {dag.py:3947} INFO - Setting next_dagrun for flights_ops_medallion_pipe to 2026-04-30 02:00:00+00:00, run_after=2026-04-30 02:30:00+00:00
[2026-04-30T02:12:04.207+0000] {processor.py:183} INFO - Processing /opt/airflow/dags/flight-pipeline.py took 2.079 seconds
[2026-04-30T02:12:34.382+0000] {processor.py:161} INFO - Started process (PID=6634) to work on /opt/airflow/dags/flight-pipeline.py
[2026-04-30T02:12:34.386+0000] {processor.py:830} INFO - Processing file /opt/airflow/dags/flight-pipeline.py for tasks to queue
[2026-04-30T02:12:34.387+0000] {logging_mixin.py:188} INFO - [2026-04-30T02:12:34.387+0000] {dagbag.py:545} INFO - Filling up the DagBag from /opt/airflow/dags/flight-pipeline.py
[2026-04-30T02:12:35.436+0000] {processor.py:840} INFO - DAG(s) 'flights_ops_medallion_pipe' retrieved from /opt/airflow/dags/flight-pipeline.py
[2026-04-30T02:12:35.487+0000] {logging_mixin.py:188} INFO - [2026-04-30T02:12:35.486+0000] {dag.py:3089} INFO - Sync 1 DAGs
[2026-04-30T02:12:35.510+0000] {logging_mixin.py:188} INFO - [2026-04-30T02:12:35.510+0000] {dag.py:3947} INFO - Setting next_dagrun for flights_ops_medallion_pipe to 2026-04-30 02:00:00+00:00, run_after=2026-04-30 02:30:00+00:00
[2026-04-30T02:12:35.538+0000] {processor.py:183} INFO - Processing /opt/airflow/dags/flight-pipeline.py took 1.168 seconds
[2026-04-30T02:13:05.693+0000] {processor.py:161} INFO - Started process (PID=6637) to work on /opt/airflow/dags/flight-pipeline.py
[2026-04-30T02:13:05.698+0000] {processor.py:830} INFO - Processing file /opt/airflow/dags/flight-pipeline.py for tasks to queue
[2026-04-30T02:13:05.699+0000] {logging_mixin.py:188} INFO - [2026-04-30T02:13:05.698+0000] {dagbag.py:545} INFO - Filling up the DagBag from /opt/airflow/dags/flight-pipeline.py
[2026-04-30T02:13:06.791+0000] {processor.py:840} INFO - DAG(s) 'flights_ops_medallion_pipe' retrieved from /opt/airflow/dags/flight-pipeline.py
[2026-04-30T02:13:06.849+0000] {logging_mixin.py:188} INFO - [2026-04-30T02:13:06.848+0000] {dag.py:3089} INFO - Sync 1 DAGs
[2026-04-30T02:13:06.873+0000] {logging_mixin.py:188} INFO - [2026-04-30T02:13:06.873+0000] {dag.py:3947} INFO - Setting next_dagrun for flights_ops_medallion_pipe to 2026-04-30 02:00:00+00:00, run_after=2026-04-30 02:30:00+00:00
[2026-04-30T02:13:06.892+0000] {processor.py:183} INFO - Processing /opt/airflow/dags/flight-pipeline.py took 1.229 seconds
[2026-04-30T02:13:36.936+0000] {processor.py:161} INFO - Started process (PID=6640) to work on /opt/airflow/dags/flight-pipeline.py
[2026-04-30T02:13:36.940+0000] {processor.py:830} INFO - Processing file /opt/airflow/dags/flight-pipeline.py for tasks to queue
[2026-04-30T02:13:36.942+0000] {logging_mixin.py:188} INFO - [2026-04-30T02:13:36.941+0000] {dagbag.py:545} INFO - Filling up the DagBag from /opt/airflow/dags/flight-pipeline.py
[2026-04-30T02:13:37.812+0000] {processor.py:840} INFO - DAG(s) 'flights_ops_medallion_pipe' retrieved from /opt/airflow/dags/flight-pipeline.py
[2026-04-30T02:13:37.844+0000] {logging_mixin.py:188} INFO - [2026-04-30T02:13:37.843+0000] {dag.py:3089} INFO - Sync 1 DAGs
[2026-04-30T02:13:37.868+0000] {logging_mixin.py:188} INFO - [2026-04-30T02:13:37.868+0000] {dag.py:3947} INFO - Setting next_dagrun for flights_ops_medallion_pipe to 2026-04-30 02:00:00+00:00, run_after=2026-04-30 02:30:00+00:00
[2026-04-30T02:13:37.887+0000] {processor.py:183} INFO - Processing /opt/airflow/dags/flight-pipeline.py took 0.959 seconds
[2026-04-30T02:14:08.138+0000] {processor.py:161} INFO - Started process (PID=6643) to work on /opt/airflow/dags/flight-pipeline.py
[2026-04-30T02:14:08.142+0000] {processor.py:830} INFO - Processing file /opt/airflow/dags/flight-pipeline.py for tasks to queue
[2026-04-30T02:14:08.143+0000] {logging_mixin.py:188} INFO - [2026-04-30T02:14:08.143+0000] {dagbag.py:545} INFO - Filling up the DagBag from /opt/airflow/dags/flight-pipeline.py
[2026-04-30T02:14:09.027+0000] {processor.py:840} INFO - DAG(s) 'flights_ops_medallion_pipe' retrieved from /opt/airflow/dags/flight-pipeline.py
[2026-04-30T02:14:09.062+0000] {logging_mixin.py:188} INFO - [2026-04-30T02:14:09.062+0000] {dag.py:3089} INFO - Sync 1 DAGs
[2026-04-30T02:14:09.082+0000] {logging_mixin.py:188} INFO - [2026-04-30T02:14:09.082+0000] {dag.py:3947} INFO - Setting next_dagrun for flights_ops_medallion_pipe to 2026-04-30 02:00:00+00:00, run_after=2026-04-30 02:30:00+00:00
[2026-04-30T02:14:09.101+0000] {processor.py:183} INFO - Processing /opt/airflow/dags/flight-pipeline.py took 0.971 seconds
[2026-04-30T02:14:39.371+0000] {processor.py:161} INFO - Started process (PID=6646) to work on /opt/airflow/dags/flight-pipeline.py
[2026-04-30T02:14:39.376+0000] {processor.py:830} INFO - Processing file /opt/airflow/dags/flight-pipeline.py for tasks to queue
[2026-04-30T02:14:39.377+0000] {logging_mixin.py:188} INFO - [2026-04-30T02:14:39.376+0000] {dagbag.py:545} INFO - Filling up the DagBag from /opt/airflow/dags/flight-pipeline.py
[2026-04-30T02:14:40.611+0000] {processor.py:840} INFO - DAG(s) 'flights_ops_medallion_pipe' retrieved from /opt/airflow/dags/flight-pipeline.py
[2026-04-30T02:14:40.660+0000] {logging_mixin.py:188} INFO - [2026-04-30T02:14:40.659+0000] {dag.py:3089} INFO - Sync 1 DAGs
[2026-04-30T02:14:40.700+0000] {logging_mixin.py:188} INFO - [2026-04-30T02:14:40.700+0000] {dag.py:3947} INFO - Setting next_dagrun for flights_ops_medallion_pipe to 2026-04-30 02:00:00+00:00, run_after=2026-04-30 02:30:00+00:00
[2026-04-30T02:14:40.736+0000] {processor.py:183} INFO - Processing /opt/airflow/dags/flight-pipeline.py took 1.372 seconds
[2026-04-30T02:15:10.991+0000] {processor.py:161} INFO - Started process (PID=6649) to work on /opt/airflow/dags/flight-pipeline.py
[2026-04-30T02:15:10.995+0000] {processor.py:830} INFO - Processing file /opt/airflow/dags/flight-pipeline.py for tasks to queue
[2026-04-30T02:15:10.996+0000] {logging_mixin.py:188} INFO - [2026-04-30T02:15:10.996+0000] {dagbag.py:545} INFO - Filling up the DagBag from /opt/airflow/dags/flight-pipeline.py
[2026-04-30T02:15:11.816+0000] {processor.py:840} INFO - DAG(s) 'flights_ops_medallion_pipe' retrieved from /opt/airflow/dags/flight-pipeline.py
[2026-04-30T02:15:11.848+0000] {logging_mixin.py:188} INFO - [2026-04-30T02:15:11.847+0000] {dag.py:3089} INFO - Sync 1 DAGs
[2026-04-30T02:15:11.871+0000] {logging_mixin.py:188} INFO - [2026-04-30T02:15:11.871+0000] {dag.py:3947} INFO - Setting next_dagrun for flights_ops_medallion_pipe to 2026-04-30 02:00:00+00:00, run_after=2026-04-30 02:30:00+00:00
[2026-04-30T02:15:11.890+0000] {processor.py:183} INFO - Processing /opt/airflow/dags/flight-pipeline.py took 0.908 seconds
[2026-04-30T02:15:41.979+0000] {processor.py:161} INFO - Started process (PID=6652) to work on /opt/airflow/dags/flight-pipeline.py
[2026-04-30T02:15:41.984+0000] {processor.py:830} INFO - Processing file /opt/airflow/dags/flight-pipeline.py for tasks to queue
[2026-04-30T02:15:41.985+0000] {logging_mixin.py:188} INFO - [2026-04-30T02:15:41.984+0000] {dagbag.py:545} INFO - Filling up the DagBag from /opt/airflow/dags/flight-pipeline.py
[2026-04-30T02:15:42.857+0000] {processor.py:840} INFO - DAG(s) 'flights_ops_medallion_pipe' retrieved from /opt/airflow/dags/flight-pipeline.py
[2026-04-30T02:15:42.889+0000] {logging_mixin.py:188} INFO - [2026-04-30T02:15:42.889+0000] {dag.py:3089} INFO - Sync 1 DAGs
[2026-04-30T02:15:42.909+0000] {logging_mixin.py:188} INFO - [2026-04-30T02:15:42.909+0000] {dag.py:3947} INFO - Setting next_dagrun for flights_ops_medallion_pipe to 2026-04-30 02:00:00+00:00, run_after=2026-04-30 02:30:00+00:00
[2026-04-30T02:15:42.929+0000] {processor.py:183} INFO - Processing /opt/airflow/dags/flight-pipeline.py took 0.958 seconds
[2026-04-30T02:16:13.552+0000] {processor.py:161} INFO - Started process (PID=6655) to work on /opt/airflow/dags/flight-pipeline.py
[2026-04-30T02:16:13.559+0000] {processor.py:830} INFO - Processing file /opt/airflow/dags/flight-pipeline.py for tasks to queue
[2026-04-30T02:16:13.561+0000] {logging_mixin.py:188} INFO - [2026-04-30T02:16:13.561+0000] {dagbag.py:545} INFO - Filling up the DagBag from /opt/airflow/dags/flight-pipeline.py
[2026-04-30T02:16:14.770+0000] {processor.py:840} INFO - DAG(s) 'flights_ops_medallion_pipe' retrieved from /opt/airflow/dags/flight-pipeline.py
[2026-04-30T02:16:14.827+0000] {logging_mixin.py:188} INFO - [2026-04-30T02:16:14.826+0000] {dag.py:3089} INFO - Sync 1 DAGs
[2026-04-30T02:16:14.855+0000] {logging_mixin.py:188} INFO - [2026-04-30T02:16:14.855+0000] {dag.py:3947} INFO - Setting next_dagrun for flights_ops_medallion_pipe to 2026-04-30 02:00:00+00:00, run_after=2026-04-30 02:30:00+00:00
[2026-04-30T02:16:14.880+0000] {processor.py:183} INFO - Processing /opt/airflow/dags/flight-pipeline.py took 1.347 seconds
[2026-04-30T02:16:45.156+0000] {processor.py:161} INFO - Started process (PID=6658) to work on /opt/airflow/dags/flight-pipeline.py
[2026-04-30T02:16:45.162+0000] {processor.py:830} INFO - Processing file /opt/airflow/dags/flight-pipeline.py for tasks to queue
[2026-04-30T02:16:45.164+0000] {logging_mixin.py:188} INFO - [2026-04-30T02:16:45.163+0000] {dagbag.py:545} INFO - Filling up the DagBag from /opt/airflow/dags/flight-pipeline.py
[2026-04-30T02:16:45.975+0000] {processor.py:840} INFO - DAG(s) 'flights_ops_medallion_pipe' retrieved from /opt/airflow/dags/flight-pipeline.py
[2026-04-30T02:16:46.006+0000] {logging_mixin.py:188} INFO - [2026-04-30T02:16:46.005+0000] {dag.py:3089} INFO - Sync 1 DAGs
[2026-04-30T02:16:46.027+0000] {logging_mixin.py:188} INFO - [2026-04-30T02:16:46.027+0000] {dag.py:3947} INFO - Setting next_dagrun for flights_ops_medallion_pipe to 2026-04-30 02:00:00+00:00, run_after=2026-04-30 02:30:00+00:00
[2026-04-30T02:16:46.046+0000] {processor.py:183} INFO - Processing /opt/airflow/dags/flight-pipeline.py took 0.915 seconds
[2026-04-30T02:17:16.306+0000] {processor.py:161} INFO - Started process (PID=6661) to work on /opt/airflow/dags/flight-pipeline.py
[2026-04-30T02:17:16.312+0000] {processor.py:830} INFO - Processing file /opt/airflow/dags/flight-pipeline.py for tasks to queue
[2026-04-30T02:17:16.313+0000] {logging_mixin.py:188} INFO - [2026-04-30T02:17:16.313+0000] {dagbag.py:545} INFO - Filling up the DagBag from /opt/airflow/dags/flight-pipeline.py
[2026-04-30T02:17:17.161+0000] {processor.py:840} INFO - DAG(s) 'flights_ops_medallion_pipe' retrieved from /opt/airflow/dags/flight-pipeline.py
[2026-04-30T02:17:17.202+0000] {logging_mixin.py:188} INFO - [2026-04-30T02:17:17.202+0000] {dag.py:3089} INFO - Sync 1 DAGs
[2026-04-30T02:17:17.222+0000] {logging_mixin.py:188} INFO - [2026-04-30T02:17:17.222+0000] {dag.py:3947} INFO - Setting next_dagrun for flights_ops_medallion_pipe to 2026-04-30 02:00:00+00:00, run_after=2026-04-30 02:30:00+00:00
[2026-04-30T02:17:17.242+0000] {processor.py:183} INFO - Processing /opt/airflow/dags/flight-pipeline.py took 0.945 seconds
[2026-04-30T02:17:47.308+0000] {processor.py:161} INFO - Started process (PID=6664) to work on /opt/airflow/dags/flight-pipeline.py
[2026-04-30T02:17:47.314+0000] {processor.py:830} INFO - Processing file /opt/airflow/dags/flight-pipeline.py for tasks to queue
[2026-04-30T02:17:47.315+0000] {logging_mixin.py:188} INFO - [2026-04-30T02:17:47.315+0000] {dagbag.py:545} INFO - Filling up the DagBag from /opt/airflow/dags/flight-pipeline.py
[2026-04-30T02:17:48.246+0000] {processor.py:840} INFO - DAG(s) 'flights_ops_medallion_pipe' retrieved from /opt/airflow/dags/flight-pipeline.py
[2026-04-30T02:17:48.278+0000] {logging_mixin.py:188} INFO - [2026-04-30T02:17:48.278+0000] {dag.py:3089} INFO - Sync 1 DAGs
[2026-04-30T02:17:48.299+0000] {logging_mixin.py:188} INFO - [2026-04-30T02:17:48.299+0000] {dag.py:3947} INFO - Setting next_dagrun for flights_ops_medallion_pipe to 2026-04-30 02:00:00+00:00, run_after=2026-04-30 02:30:00+00:00
[2026-04-30T02:17:48.320+0000] {processor.py:183} INFO - Processing /opt/airflow/dags/flight-pipeline.py took 1.024 seconds
[2026-04-30T02:18:18.611+0000] {processor.py:161} INFO - Started process (PID=6667) to work on /opt/airflow/dags/flight-pipeline.py
[2026-04-30T02:18:18.621+0000] {processor.py:830} INFO - Processing file /opt/airflow/dags/flight-pipeline.py for tasks to queue
[2026-04-30T02:18:18.623+0000] {logging_mixin.py:188} INFO - [2026-04-30T02:18:18.623+0000] {dagbag.py:545} INFO - Filling up the DagBag from /opt/airflow/dags/flight-pipeline.py
[2026-04-30T02:18:19.518+0000] {processor.py:840} INFO - DAG(s) 'flights_ops_medallion_pipe' retrieved from /opt/airflow/dags/flight-pipeline.py
[2026-04-30T02:18:19.552+0000] {logging_mixin.py:188} INFO - [2026-04-30T02:18:19.552+0000] {dag.py:3089} INFO - Sync 1 DAGs
[2026-04-30T02:18:19.574+0000] {logging_mixin.py:188} INFO - [2026-04-30T02:18:19.573+0000] {dag.py:3947} INFO - Setting next_dagrun for flights_ops_medallion_pipe to 2026-04-30 02:00:00+00:00, run_after=2026-04-30 02:30:00+00:00
[2026-04-30T02:18:19.592+0000] {processor.py:183} INFO - Processing /opt/airflow/dags/flight-pipeline.py took 0.994 seconds
[2026-04-30T02:18:49.885+0000] {processor.py:161} INFO - Started process (PID=6670) to work on /opt/airflow/dags/flight-pipeline.py
[2026-04-30T02:18:49.890+0000] {processor.py:830} INFO - Processing file /opt/airflow/dags/flight-pipeline.py for tasks to queue
[2026-04-30T02:18:49.891+0000] {logging_mixin.py:188} INFO - [2026-04-30T02:18:49.891+0000] {dagbag.py:545} INFO - Filling up the DagBag from /opt/airflow/dags/flight-pipeline.py
[2026-04-30T02:18:50.707+0000] {processor.py:840} INFO - DAG(s) 'flights_ops_medallion_pipe' retrieved from /opt/airflow/dags/flight-pipeline.py
[2026-04-30T02:18:50.740+0000] {logging_mixin.py:188} INFO - [2026-04-30T02:18:50.739+0000] {dag.py:3089} INFO - Sync 1 DAGs
[2026-04-30T02:18:50.759+0000] {logging_mixin.py:188} INFO - [2026-04-30T02:18:50.759+0000] {dag.py:3947} INFO - Setting next_dagrun for flights_ops_medallion_pipe to 2026-04-30 02:00:00+00:00, run_after=2026-04-30 02:30:00+00:00
[2026-04-30T02:18:50.779+0000] {processor.py:183} INFO - Processing /opt/airflow/dags/flight-pipeline.py took 0.902 seconds
[2026-04-30T02:19:21.083+0000] {processor.py:161} INFO - Started process (PID=6673) to work on /opt/airflow/dags/flight-pipeline.py
[2026-04-30T02:19:21.088+0000] {processor.py:830} INFO - Processing file /opt/airflow/dags/flight-pipeline.py for tasks to queue
[2026-04-30T02:19:21.089+0000] {logging_mixin.py:188} INFO - [2026-04-30T02:19:21.089+0000] {dagbag.py:545} INFO - Filling up the DagBag from /opt/airflow/dags/flight-pipeline.py
[2026-04-30T02:19:21.891+0000] {processor.py:840} INFO - DAG(s) 'flights_ops_medallion_pipe' retrieved from /opt/airflow/dags/flight-pipeline.py
[2026-04-30T02:19:21.925+0000] {logging_mixin.py:188} INFO - [2026-04-30T02:19:21.924+0000] {dag.py:3089} INFO - Sync 1 DAGs
[2026-04-30T02:19:21.947+0000] {logging_mixin.py:188} INFO - [2026-04-30T02:19:21.947+0000] {dag.py:3947} INFO - Setting next_dagrun for flights_ops_medallion_pipe to 2026-04-30 02:00:00+00:00, run_after=2026-04-30 02:30:00+00:00
[2026-04-30T02:19:21.963+0000] {processor.py:183} INFO - Processing /opt/airflow/dags/flight-pipeline.py took 0.889 seconds
[2026-04-30T02:19:52.276+0000] {processor.py:161} INFO - Started process (PID=6676) to work on /opt/airflow/dags/flight-pipeline.py
[2026-04-30T02:19:52.282+0000] {processor.py:830} INFO - Processing file /opt/airflow/dags/flight-pipeline.py for tasks to queue
[2026-04-30T02:19:52.284+0000] {logging_mixin.py:188} INFO - [2026-04-30T02:19:52.283+0000] {dagbag.py:545} INFO - Filling up the DagBag from /opt/airflow/dags/flight-pipeline.py
[2026-04-30T02:19:53.236+0000] {processor.py:840} INFO - DAG(s) 'flights_ops_medallion_pipe' retrieved from /opt/airflow/dags/flight-pipeline.py
[2026-04-30T02:19:53.274+0000] {logging_mixin.py:188} INFO - [2026-04-30T02:19:53.274+0000] {dag.py:3089} INFO - Sync 1 DAGs
[2026-04-30T02:19:53.295+0000] {logging_mixin.py:188} INFO - [2026-04-30T02:19:53.295+0000] {dag.py:3947} INFO - Setting next_dagrun for flights_ops_medallion_pipe to 2026-04-30 02:00:00+00:00, run_after=2026-04-30 02:30:00+00:00
[2026-04-30T02:19:53.314+0000] {processor.py:183} INFO - Processing /opt/airflow/dags/flight-pipeline.py took 1.054 seconds
[2026-04-30T02:20:23.521+0000] {processor.py:161} INFO - Started process (PID=6679) to work on /opt/airflow/dags/flight-pipeline.py
[2026-04-30T02:20:23.528+0000] {processor.py:830} INFO - Processing file /opt/airflow/dags/flight-pipeline.py for tasks to queue
[2026-04-30T02:20:23.531+0000] {logging_mixin.py:188} INFO - [2026-04-30T02:20:23.530+0000] {dagbag.py:545} INFO - Filling up the DagBag from /opt/airflow/dags/flight-pipeline.py
[2026-04-30T02:20:24.592+0000] {processor.py:840} INFO - DAG(s) 'flights_ops_medallion_pipe' retrieved from /opt/airflow/dags/flight-pipeline.py
[2026-04-30T02:20:24.654+0000] {logging_mixin.py:188} INFO - [2026-04-30T02:20:24.654+0000] {dag.py:3089} INFO - Sync 1 DAGs
[2026-04-30T02:20:24.732+0000] {logging_mixin.py:188} INFO - [2026-04-30T02:20:24.731+0000] {dag.py:3947} INFO - Setting next_dagrun for flights_ops_medallion_pipe to 2026-04-30 02:00:00+00:00, run_after=2026-04-30 02:30:00+00:00
[2026-04-30T02:20:24.778+0000] {processor.py:183} INFO - Processing /opt/airflow/dags/flight-pipeline.py took 1.273 seconds
[2026-04-30T02:20:55.139+0000] {processor.py:161} INFO - Started process (PID=6682) to work on /opt/airflow/dags/flight-pipeline.py
[2026-04-30T02:20:55.144+0000] {processor.py:830} INFO - Processing file /opt/airflow/dags/flight-pipeline.py for tasks to queue
[2026-04-30T02:20:55.146+0000] {logging_mixin.py:188} INFO - [2026-04-30T02:20:55.145+0000] {dagbag.py:545} INFO - Filling up the DagBag from /opt/airflow/dags/flight-pipeline.py
[2026-04-30T02:20:56.195+0000] {processor.py:840} INFO - DAG(s) 'flights_ops_medallion_pipe' retrieved from /opt/airflow/dags/flight-pipeline.py
[2026-04-30T02:20:56.234+0000] {logging_mixin.py:188} INFO - [2026-04-30T02:20:56.234+0000] {dag.py:3089} INFO - Sync 1 DAGs
[2026-04-30T02:20:56.259+0000] {logging_mixin.py:188} INFO - [2026-04-30T02:20:56.258+0000] {dag.py:3947} INFO - Setting next_dagrun for flights_ops_medallion_pipe to 2026-04-30 02:00:00+00:00, run_after=2026-04-30 02:30:00+00:00
[2026-04-30T02:20:56.279+0000] {processor.py:183} INFO - Processing /opt/airflow/dags/flight-pipeline.py took 1.289 seconds
[2026-04-30T02:21:26.514+0000] {processor.py:161} INFO - Started process (PID=6685) to work on /opt/airflow/dags/flight-pipeline.py
[2026-04-30T02:21:26.519+0000] {processor.py:830} INFO - Processing file /opt/airflow/dags/flight-pipeline.py for tasks to queue
[2026-04-30T02:21:26.520+0000] {logging_mixin.py:188} INFO - [2026-04-30T02:21:26.520+0000] {dagbag.py:545} INFO - Filling up the DagBag from /opt/airflow/dags/flight-pipeline.py
[2026-04-30T02:21:27.378+0000] {processor.py:840} INFO - DAG(s) 'flights_ops_medallion_pipe' retrieved from /opt/airflow/dags/flight-pipeline.py
[2026-04-30T02:21:27.409+0000] {logging_mixin.py:188} INFO - [2026-04-30T02:21:27.408+0000] {dag.py:3089} INFO - Sync 1 DAGs
[2026-04-30T02:21:27.433+0000] {logging_mixin.py:188} INFO - [2026-04-30T02:21:27.432+0000] {dag.py:3947} INFO - Setting next_dagrun for flights_ops_medallion_pipe to 2026-04-30 02:00:00+00:00, run_after=2026-04-30 02:30:00+00:00
[2026-04-30T02:21:27.451+0000] {processor.py:183} INFO - Processing /opt/airflow/dags/flight-pipeline.py took 0.947 seconds
[2026-04-30T02:21:57.674+0000] {processor.py:161} INFO - Started process (PID=6688) to work on /opt/airflow/dags/flight-pipeline.py
[2026-04-30T02:21:57.679+0000] {processor.py:830} INFO - Processing file /opt/airflow/dags/flight-pipeline.py for tasks to queue
[2026-04-30T02:21:57.680+0000] {logging_mixin.py:188} INFO - [2026-04-30T02:21:57.679+0000] {dagbag.py:545} INFO - Filling up the DagBag from /opt/airflow/dags/flight-pipeline.py
[2026-04-30T02:21:58.484+0000] {processor.py:840} INFO - DAG(s) 'flights_ops_medallion_pipe' retrieved from /opt/airflow/dags/flight-pipeline.py
[2026-04-30T02:21:58.514+0000] {logging_mixin.py:188} INFO - [2026-04-30T02:21:58.513+0000] {dag.py:3089} INFO - Sync 1 DAGs
[2026-04-30T02:21:58.534+0000] {logging_mixin.py:188} INFO - [2026-04-30T02:21:58.534+0000] {dag.py:3947} INFO - Setting next_dagrun for flights_ops_medallion_pipe to 2026-04-30 02:00:00+00:00, run_after=2026-04-30 02:30:00+00:00
[2026-04-30T02:21:58.552+0000] {processor.py:183} INFO - Processing /opt/airflow/dags/flight-pipeline.py took 0.888 seconds
[2026-04-30T02:22:28.676+0000] {processor.py:161} INFO - Started process (PID=6691) to work on /opt/airflow/dags/flight-pipeline.py
[2026-04-30T02:22:28.680+0000] {processor.py:830} INFO - Processing file /opt/airflow/dags/flight-pipeline.py for tasks to queue
[2026-04-30T02:22:28.681+0000] {logging_mixin.py:188} INFO - [2026-04-30T02:22:28.681+0000] {dagbag.py:545} INFO - Filling up the DagBag from /opt/airflow/dags/flight-pipeline.py
[2026-04-30T02:22:29.506+0000] {processor.py:840} INFO - DAG(s) 'flights_ops_medallion_pipe' retrieved from /opt/airflow/dags/flight-pipeline.py
[2026-04-30T02:22:29.538+0000] {logging_mixin.py:188} INFO - [2026-04-30T02:22:29.537+0000] {dag.py:3089} INFO - Sync 1 DAGs
[2026-04-30T02:22:29.558+0000] {logging_mixin.py:188} INFO - [2026-04-30T02:22:29.558+0000] {dag.py:3947} INFO - Setting next_dagrun for flights_ops_medallion_pipe to 2026-04-30 02:00:00+00:00, run_after=2026-04-30 02:30:00+00:00
[2026-04-30T02:22:29.576+0000] {processor.py:183} INFO - Processing /opt/airflow/dags/flight-pipeline.py took 0.910 seconds
[2026-04-30T02:22:59.851+0000] {processor.py:161} INFO - Started process (PID=6694) to work on /opt/airflow/dags/flight-pipeline.py
[2026-04-30T02:22:59.860+0000] {processor.py:830} INFO - Processing file /opt/airflow/dags/flight-pipeline.py for tasks to queue
[2026-04-30T02:22:59.873+0000] {logging_mixin.py:188} INFO - [2026-04-30T02:22:59.867+0000] {dagbag.py:545} INFO - Filling up the DagBag from /opt/airflow/dags/flight-pipeline.py
[2026-04-30T02:23:00.748+0000] {processor.py:840} INFO - DAG(s) 'flights_ops_medallion_pipe' retrieved from /opt/airflow/dags/flight-pipeline.py
[2026-04-30T02:23:00.781+0000] {logging_mixin.py:188} INFO - [2026-04-30T02:23:00.780+0000] {dag.py:3089} INFO - Sync 1 DAGs
[2026-04-30T02:23:00.800+0000] {logging_mixin.py:188} INFO - [2026-04-30T02:23:00.800+0000] {dag.py:3947} INFO - Setting next_dagrun for flights_ops_medallion_pipe to 2026-04-30 02:00:00+00:00, run_after=2026-04-30 02:30:00+00:00
[2026-04-30T02:23:00.819+0000] {processor.py:183} INFO - Processing /opt/airflow/dags/flight-pipeline.py took 0.978 seconds
[2026-04-30T02:23:31.100+0000] {processor.py:161} INFO - Started process (PID=6697) to work on /opt/airflow/dags/flight-pipeline.py
[2026-04-30T02:23:31.105+0000] {processor.py:830} INFO - Processing file /opt/airflow/dags/flight-pipeline.py for tasks to queue
[2026-04-30T02:23:31.106+0000] {logging_mixin.py:188} INFO - [2026-04-30T02:23:31.105+0000] {dagbag.py:545} INFO - Filling up the DagBag from /opt/airflow/dags/flight-pipeline.py
[2026-04-30T02:23:31.921+0000] {processor.py:840} INFO - DAG(s) 'flights_ops_medallion_pipe' retrieved from /opt/airflow/dags/flight-pipeline.py
[2026-04-30T02:23:31.952+0000] {logging_mixin.py:188} INFO - [2026-04-30T02:23:31.951+0000] {dag.py:3089} INFO - Sync 1 DAGs
[2026-04-30T02:23:31.975+0000] {logging_mixin.py:188} INFO - [2026-04-30T02:23:31.974+0000] {dag.py:3947} INFO - Setting next_dagrun for flights_ops_medallion_pipe to 2026-04-30 02:00:00+00:00, run_after=2026-04-30 02:30:00+00:00
[2026-04-30T02:23:31.998+0000] {processor.py:183} INFO - Processing /opt/airflow/dags/flight-pipeline.py took 0.907 seconds
[2026-04-30T02:24:02.277+0000] {processor.py:161} INFO - Started process (PID=6700) to work on /opt/airflow/dags/flight-pipeline.py
[2026-04-30T02:24:02.281+0000] {processor.py:830} INFO - Processing file /opt/airflow/dags/flight-pipeline.py for tasks to queue
[2026-04-30T02:24:02.282+0000] {logging_mixin.py:188} INFO - [2026-04-30T02:24:02.281+0000] {dagbag.py:545} INFO - Filling up the DagBag from /opt/airflow/dags/flight-pipeline.py
[2026-04-30T02:24:03.104+0000] {processor.py:840} INFO - DAG(s) 'flights_ops_medallion_pipe' retrieved from /opt/airflow/dags/flight-pipeline.py
[2026-04-30T02:24:03.135+0000] {logging_mixin.py:188} INFO - [2026-04-30T02:24:03.134+0000] {dag.py:3089} INFO - Sync 1 DAGs
[2026-04-30T02:24:03.155+0000] {logging_mixin.py:188} INFO - [2026-04-30T02:24:03.155+0000] {dag.py:3947} INFO - Setting next_dagrun for flights_ops_medallion_pipe to 2026-04-30 02:00:00+00:00, run_after=2026-04-30 02:30:00+00:00
[2026-04-30T02:24:03.174+0000] {processor.py:183} INFO - Processing /opt/airflow/dags/flight-pipeline.py took 0.905 seconds
[2026-04-30T02:24:33.813+0000] {processor.py:161} INFO - Started process (PID=6703) to work on /opt/airflow/dags/flight-pipeline.py
[2026-04-30T02:24:33.817+0000] {processor.py:830} INFO - Processing file /opt/airflow/dags/flight-pipeline.py for tasks to queue
[2026-04-30T02:24:33.819+0000] {logging_mixin.py:188} INFO - [2026-04-30T02:24:33.818+0000] {dagbag.py:545} INFO - Filling up the DagBag from /opt/airflow/dags/flight-pipeline.py
[2026-04-30T02:24:36.097+0000] {processor.py:840} INFO - DAG(s) 'flights_ops_medallion_pipe' retrieved from /opt/airflow/dags/flight-pipeline.py
[2026-04-30T02:24:36.201+0000] {logging_mixin.py:188} INFO - [2026-04-30T02:24:36.200+0000] {dag.py:3089} INFO - Sync 1 DAGs
[2026-04-30T02:24:36.260+0000] {logging_mixin.py:188} INFO - [2026-04-30T02:24:36.259+0000] {dag.py:3947} INFO - Setting next_dagrun for flights_ops_medallion_pipe to 2026-04-30 02:00:00+00:00, run_after=2026-04-30 02:30:00+00:00
[2026-04-30T02:24:36.298+0000] {processor.py:183} INFO - Processing /opt/airflow/dags/flight-pipeline.py took 2.509 seconds
[2026-04-30T02:25:06.546+0000] {processor.py:161} INFO - Started process (PID=6706) to work on /opt/airflow/dags/flight-pipeline.py
[2026-04-30T02:25:06.551+0000] {processor.py:830} INFO - Processing file /opt/airflow/dags/flight-pipeline.py for tasks to queue
[2026-04-30T02:25:06.552+0000] {logging_mixin.py:188} INFO - [2026-04-30T02:25:06.552+0000] {dagbag.py:545} INFO - Filling up the DagBag from /opt/airflow/dags/flight-pipeline.py
[2026-04-30T02:25:07.512+0000] {processor.py:840} INFO - DAG(s) 'flights_ops_medallion_pipe' retrieved from /opt/airflow/dags/flight-pipeline.py
[2026-04-30T02:25:07.546+0000] {logging_mixin.py:188} INFO - [2026-04-30T02:25:07.545+0000] {dag.py:3089} INFO - Sync 1 DAGs
[2026-04-30T02:25:07.570+0000] {logging_mixin.py:188} INFO - [2026-04-30T02:25:07.570+0000] {dag.py:3947} INFO - Setting next_dagrun for flights_ops_medallion_pipe to 2026-04-30 02:00:00+00:00, run_after=2026-04-30 02:30:00+00:00
[2026-04-30T02:25:07.589+0000] {processor.py:183} INFO - Processing /opt/airflow/dags/flight-pipeline.py took 1.055 seconds
[2026-04-30T02:25:37.805+0000] {processor.py:161} INFO - Started process (PID=6709) to work on /opt/airflow/dags/flight-pipeline.py
[2026-04-30T02:25:37.810+0000] {processor.py:830} INFO - Processing file /opt/airflow/dags/flight-pipeline.py for tasks to queue
[2026-04-30T02:25:37.811+0000] {logging_mixin.py:188} INFO - [2026-04-30T02:25:37.811+0000] {dagbag.py:545} INFO - Filling up the DagBag from /opt/airflow/dags/flight-pipeline.py
[2026-04-30T02:25:38.681+0000] {processor.py:840} INFO - DAG(s) 'flights_ops_medallion_pipe' retrieved from /opt/airflow/dags/flight-pipeline.py
[2026-04-30T02:25:38.714+0000] {logging_mixin.py:188} INFO - [2026-04-30T02:25:38.713+0000] {dag.py:3089} INFO - Sync 1 DAGs
[2026-04-30T02:25:38.737+0000] {logging_mixin.py:188} INFO - [2026-04-30T02:25:38.737+0000] {dag.py:3947} INFO - Setting next_dagrun for flights_ops_medallion_pipe to 2026-04-30 02:00:00+00:00, run_after=2026-04-30 02:30:00+00:00
[2026-04-30T02:25:38.754+0000] {processor.py:183} INFO - Processing /opt/airflow/dags/flight-pipeline.py took 0.957 seconds
[2026-04-30T02:26:09.050+0000] {processor.py:161} INFO - Started process (PID=6712) to work on /opt/airflow/dags/flight-pipeline.py
[2026-04-30T02:26:09.055+0000] {processor.py:830} INFO - Processing file /opt/airflow/dags/flight-pipeline.py for tasks to queue
[2026-04-30T02:26:09.057+0000] {logging_mixin.py:188} INFO - [2026-04-30T02:26:09.056+0000] {dagbag.py:545} INFO - Filling up the DagBag from /opt/airflow/dags/flight-pipeline.py
[2026-04-30T02:26:09.942+0000] {processor.py:840} INFO - DAG(s) 'flights_ops_medallion_pipe' retrieved from /opt/airflow/dags/flight-pipeline.py
[2026-04-30T02:26:09.980+0000] {logging_mixin.py:188} INFO - [2026-04-30T02:26:09.980+0000] {dag.py:3089} INFO - Sync 1 DAGs
[2026-04-30T02:26:10.007+0000] {logging_mixin.py:188} INFO - [2026-04-30T02:26:10.007+0000] {dag.py:3947} INFO - Setting next_dagrun for flights_ops_medallion_pipe to 2026-04-30 02:00:00+00:00, run_after=2026-04-30 02:30:00+00:00
[2026-04-30T02:26:10.026+0000] {processor.py:183} INFO - Processing /opt/airflow/dags/flight-pipeline.py took 0.986 seconds
[2026-04-30T02:26:40.284+0000] {processor.py:161} INFO - Started process (PID=6715) to work on /opt/airflow/dags/flight-pipeline.py
[2026-04-30T02:26:40.286+0000] {processor.py:830} INFO - Processing file /opt/airflow/dags/flight-pipeline.py for tasks to queue
[2026-04-30T02:26:40.287+0000] {logging_mixin.py:188} INFO - [2026-04-30T02:26:40.287+0000] {dagbag.py:545} INFO - Filling up the DagBag from /opt/airflow/dags/flight-pipeline.py
[2026-04-30T02:26:41.349+0000] {processor.py:840} INFO - DAG(s) 'flights_ops_medallion_pipe' retrieved from /opt/airflow/dags/flight-pipeline.py
[2026-04-30T02:26:41.381+0000] {logging_mixin.py:188} INFO - [2026-04-30T02:26:41.381+0000] {dag.py:3089} INFO - Sync 1 DAGs
[2026-04-30T02:26:41.401+0000] {logging_mixin.py:188} INFO - [2026-04-30T02:26:41.401+0000] {dag.py:3947} INFO - Setting next_dagrun for flights_ops_medallion_pipe to 2026-04-30 02:00:00+00:00, run_after=2026-04-30 02:30:00+00:00
[2026-04-30T02:26:41.419+0000] {processor.py:183} INFO - Processing /opt/airflow/dags/flight-pipeline.py took 1.144 seconds
[2026-04-30T02:27:12.113+0000] {processor.py:161} INFO - Started process (PID=6718) to work on /opt/airflow/dags/flight-pipeline.py
[2026-04-30T02:27:12.117+0000] {processor.py:830} INFO - Processing file /opt/airflow/dags/flight-pipeline.py for tasks to queue
[2026-04-30T02:27:12.118+0000] {logging_mixin.py:188} INFO - [2026-04-30T02:27:12.118+0000] {dagbag.py:545} INFO - Filling up the DagBag from /opt/airflow/dags/flight-pipeline.py
[2026-04-30T02:27:12.959+0000] {processor.py:840} INFO - DAG(s) 'flights_ops_medallion_pipe' retrieved from /opt/airflow/dags/flight-pipeline.py
[2026-04-30T02:27:12.990+0000] {logging_mixin.py:188} INFO - [2026-04-30T02:27:12.989+0000] {dag.py:3089} INFO - Sync 1 DAGs
[2026-04-30T02:27:13.013+0000] {logging_mixin.py:188} INFO - [2026-04-30T02:27:13.013+0000] {dag.py:3947} INFO - Setting next_dagrun for flights_ops_medallion_pipe to 2026-04-30 02:00:00+00:00, run_after=2026-04-30 02:30:00+00:00
[2026-04-30T02:27:13.032+0000] {processor.py:183} INFO - Processing /opt/airflow/dags/flight-pipeline.py took 0.927 seconds
[2026-04-30T02:27:43.371+0000] {processor.py:161} INFO - Started process (PID=6721) to work on /opt/airflow/dags/flight-pipeline.py
[2026-04-30T02:27:43.376+0000] {processor.py:830} INFO - Processing file /opt/airflow/dags/flight-pipeline.py for tasks to queue
[2026-04-30T02:27:43.377+0000] {logging_mixin.py:188} INFO - [2026-04-30T02:27:43.377+0000] {dagbag.py:545} INFO - Filling up the DagBag from /opt/airflow/dags/flight-pipeline.py
[2026-04-30T02:27:44.428+0000] {processor.py:840} INFO - DAG(s) 'flights_ops_medallion_pipe' retrieved from /opt/airflow/dags/flight-pipeline.py
[2026-04-30T02:27:44.459+0000] {logging_mixin.py:188} INFO - [2026-04-30T02:27:44.458+0000] {dag.py:3089} INFO - Sync 1 DAGs
[2026-04-30T02:27:44.480+0000] {logging_mixin.py:188} INFO - [2026-04-30T02:27:44.480+0000] {dag.py:3947} INFO - Setting next_dagrun for flights_ops_medallion_pipe to 2026-04-30 02:00:00+00:00, run_after=2026-04-30 02:30:00+00:00
[2026-04-30T02:27:44.498+0000] {processor.py:183} INFO - Processing /opt/airflow/dags/flight-pipeline.py took 1.136 seconds
[2026-04-30T02:28:14.611+0000] {processor.py:161} INFO - Started process (PID=6724) to work on /opt/airflow/dags/flight-pipeline.py
[2026-04-30T02:28:14.616+0000] {processor.py:830} INFO - Processing file /opt/airflow/dags/flight-pipeline.py for tasks to queue
[2026-04-30T02:28:14.617+0000] {logging_mixin.py:188} INFO - [2026-04-30T02:28:14.617+0000] {dagbag.py:545} INFO - Filling up the DagBag from /opt/airflow/dags/flight-pipeline.py
[2026-04-30T02:28:15.428+0000] {processor.py:840} INFO - DAG(s) 'flights_ops_medallion_pipe' retrieved from /opt/airflow/dags/flight-pipeline.py
[2026-04-30T02:28:15.459+0000] {logging_mixin.py:188} INFO - [2026-04-30T02:28:15.458+0000] {dag.py:3089} INFO - Sync 1 DAGs
[2026-04-30T02:28:15.482+0000] {logging_mixin.py:188} INFO - [2026-04-30T02:28:15.482+0000] {dag.py:3947} INFO - Setting next_dagrun for flights_ops_medallion_pipe to 2026-04-30 02:00:00+00:00, run_after=2026-04-30 02:30:00+00:00
[2026-04-30T02:28:15.499+0000] {processor.py:183} INFO - Processing /opt/airflow/dags/flight-pipeline.py took 0.897 seconds
[2026-04-30T02:28:45.820+0000] {processor.py:161} INFO - Started process (PID=6727) to work on /opt/airflow/dags/flight-pipeline.py
[2026-04-30T02:28:45.824+0000] {processor.py:830} INFO - Processing file /opt/airflow/dags/flight-pipeline.py for tasks to queue
[2026-04-30T02:28:45.825+0000] {logging_mixin.py:188} INFO - [2026-04-30T02:28:45.825+0000] {dagbag.py:545} INFO - Filling up the DagBag from /opt/airflow/dags/flight-pipeline.py
[2026-04-30T02:28:46.692+0000] {processor.py:840} INFO - DAG(s) 'flights_ops_medallion_pipe' retrieved from /opt/airflow/dags/flight-pipeline.py
[2026-04-30T02:28:46.724+0000] {logging_mixin.py:188} INFO - [2026-04-30T02:28:46.723+0000] {dag.py:3089} INFO - Sync 1 DAGs
[2026-04-30T02:28:46.746+0000] {logging_mixin.py:188} INFO - [2026-04-30T02:28:46.746+0000] {dag.py:3947} INFO - Setting next_dagrun for flights_ops_medallion_pipe to 2026-04-30 02:00:00+00:00, run_after=2026-04-30 02:30:00+00:00
[2026-04-30T02:28:46.766+0000] {processor.py:183} INFO - Processing /opt/airflow/dags/flight-pipeline.py took 0.961 seconds
[2026-04-30T02:29:17.045+0000] {processor.py:161} INFO - Started process (PID=6730) to work on /opt/airflow/dags/flight-pipeline.py
[2026-04-30T02:29:17.052+0000] {processor.py:830} INFO - Processing file /opt/airflow/dags/flight-pipeline.py for tasks to queue
[2026-04-30T02:29:17.053+0000] {logging_mixin.py:188} INFO - [2026-04-30T02:29:17.052+0000] {dagbag.py:545} INFO - Filling up the DagBag from /opt/airflow/dags/flight-pipeline.py
[2026-04-30T02:29:18.068+0000] {processor.py:840} INFO - DAG(s) 'flights_ops_medallion_pipe' retrieved from /opt/airflow/dags/flight-pipeline.py
[2026-04-30T02:29:18.099+0000] {logging_mixin.py:188} INFO - [2026-04-30T02:29:18.099+0000] {dag.py:3089} INFO - Sync 1 DAGs
[2026-04-30T02:29:18.119+0000] {logging_mixin.py:188} INFO - [2026-04-30T02:29:18.119+0000] {dag.py:3947} INFO - Setting next_dagrun for flights_ops_medallion_pipe to 2026-04-30 02:00:00+00:00, run_after=2026-04-30 02:30:00+00:00
[2026-04-30T02:29:18.137+0000] {processor.py:183} INFO - Processing /opt/airflow/dags/flight-pipeline.py took 1.100 seconds
[2026-04-30T02:29:48.316+0000] {processor.py:161} INFO - Started process (PID=6733) to work on /opt/airflow/dags/flight-pipeline.py
[2026-04-30T02:29:48.320+0000] {processor.py:830} INFO - Processing file /opt/airflow/dags/flight-pipeline.py for tasks to queue
[2026-04-30T02:29:48.322+0000] {logging_mixin.py:188} INFO - [2026-04-30T02:29:48.321+0000] {dagbag.py:545} INFO - Filling up the DagBag from /opt/airflow/dags/flight-pipeline.py
[2026-04-30T02:29:49.148+0000] {processor.py:840} INFO - DAG(s) 'flights_ops_medallion_pipe' retrieved from /opt/airflow/dags/flight-pipeline.py
[2026-04-30T02:29:49.184+0000] {logging_mixin.py:188} INFO - [2026-04-30T02:29:49.183+0000] {dag.py:3089} INFO - Sync 1 DAGs
[2026-04-30T02:29:49.202+0000] {logging_mixin.py:188} INFO - [2026-04-30T02:29:49.202+0000] {dag.py:3947} INFO - Setting next_dagrun for flights_ops_medallion_pipe to 2026-04-30 02:00:00+00:00, run_after=2026-04-30 02:30:00+00:00
[2026-04-30T02:29:49.220+0000] {processor.py:183} INFO - Processing /opt/airflow/dags/flight-pipeline.py took 0.914 seconds
[2026-04-30T02:30:19.460+0000] {processor.py:161} INFO - Started process (PID=6759) to work on /opt/airflow/dags/flight-pipeline.py
[2026-04-30T02:30:19.465+0000] {processor.py:830} INFO - Processing file /opt/airflow/dags/flight-pipeline.py for tasks to queue
[2026-04-30T02:30:19.467+0000] {logging_mixin.py:188} INFO - [2026-04-30T02:30:19.467+0000] {dagbag.py:545} INFO - Filling up the DagBag from /opt/airflow/dags/flight-pipeline.py
[2026-04-30T02:30:22.150+0000] {processor.py:840} INFO - DAG(s) 'flights_ops_medallion_pipe' retrieved from /opt/airflow/dags/flight-pipeline.py
[2026-04-30T02:30:22.213+0000] {logging_mixin.py:188} INFO - [2026-04-30T02:30:22.212+0000] {dag.py:3089} INFO - Sync 1 DAGs
[2026-04-30T02:30:22.269+0000] {logging_mixin.py:188} INFO - [2026-04-30T02:30:22.268+0000] {dag.py:3947} INFO - Setting next_dagrun for flights_ops_medallion_pipe to 2026-04-30 02:30:00+00:00, run_after=2026-04-30 03:00:00+00:00
[2026-04-30T02:30:22.320+0000] {processor.py:183} INFO - Processing /opt/airflow/dags/flight-pipeline.py took 2.867 seconds
[2026-04-30T02:30:52.585+0000] {processor.py:161} INFO - Started process (PID=6783) to work on /opt/airflow/dags/flight-pipeline.py
[2026-04-30T02:30:52.587+0000] {processor.py:830} INFO - Processing file /opt/airflow/dags/flight-pipeline.py for tasks to queue
[2026-04-30T02:30:52.589+0000] {logging_mixin.py:188} INFO - [2026-04-30T02:30:52.588+0000] {dagbag.py:545} INFO - Filling up the DagBag from /opt/airflow/dags/flight-pipeline.py
[2026-04-30T02:30:54.632+0000] {processor.py:840} INFO - DAG(s) 'flights_ops_medallion_pipe' retrieved from /opt/airflow/dags/flight-pipeline.py
[2026-04-30T02:30:54.736+0000] {logging_mixin.py:188} INFO - [2026-04-30T02:30:54.734+0000] {dag.py:3089} INFO - Sync 1 DAGs
[2026-04-30T02:30:54.796+0000] {logging_mixin.py:188} INFO - [2026-04-30T02:30:54.796+0000] {dag.py:3947} INFO - Setting next_dagrun for flights_ops_medallion_pipe to 2026-04-30 02:30:00+00:00, run_after=2026-04-30 03:00:00+00:00
[2026-04-30T02:30:54.831+0000] {processor.py:183} INFO - Processing /opt/airflow/dags/flight-pipeline.py took 2.254 seconds
[2026-04-30T02:31:24.995+0000] {processor.py:161} INFO - Started process (PID=6786) to work on /opt/airflow/dags/flight-pipeline.py
[2026-04-30T02:31:24.997+0000] {processor.py:830} INFO - Processing file /opt/airflow/dags/flight-pipeline.py for tasks to queue
[2026-04-30T02:31:24.998+0000] {logging_mixin.py:188} INFO - [2026-04-30T02:31:24.998+0000] {dagbag.py:545} INFO - Filling up the DagBag from /opt/airflow/dags/flight-pipeline.py
[2026-04-30T02:31:25.879+0000] {processor.py:840} INFO - DAG(s) 'flights_ops_medallion_pipe' retrieved from /opt/airflow/dags/flight-pipeline.py
[2026-04-30T02:31:25.931+0000] {logging_mixin.py:188} INFO - [2026-04-30T02:31:25.931+0000] {dag.py:3089} INFO - Sync 1 DAGs
[2026-04-30T02:31:25.981+0000] {logging_mixin.py:188} INFO - [2026-04-30T02:31:25.980+0000] {dag.py:3947} INFO - Setting next_dagrun for flights_ops_medallion_pipe to 2026-04-30 02:30:00+00:00, run_after=2026-04-30 03:00:00+00:00
[2026-04-30T02:31:26.010+0000] {processor.py:183} INFO - Processing /opt/airflow/dags/flight-pipeline.py took 1.022 seconds
[2026-04-30T02:31:56.722+0000] {processor.py:161} INFO - Started process (PID=6789) to work on /opt/airflow/dags/flight-pipeline.py
[2026-04-30T02:31:56.755+0000] {processor.py:830} INFO - Processing file /opt/airflow/dags/flight-pipeline.py for tasks to queue
[2026-04-30T02:31:56.764+0000] {logging_mixin.py:188} INFO - [2026-04-30T02:31:56.762+0000] {dagbag.py:545} INFO - Filling up the DagBag from /opt/airflow/dags/flight-pipeline.py
[2026-04-30T02:31:57.753+0000] {processor.py:840} INFO - DAG(s) 'flights_ops_medallion_pipe' retrieved from /opt/airflow/dags/flight-pipeline.py
[2026-04-30T02:31:57.803+0000] {logging_mixin.py:188} INFO - [2026-04-30T02:31:57.802+0000] {dag.py:3089} INFO - Sync 1 DAGs
[2026-04-30T02:31:57.825+0000] {logging_mixin.py:188} INFO - [2026-04-30T02:31:57.825+0000] {dag.py:3947} INFO - Setting next_dagrun for flights_ops_medallion_pipe to 2026-04-30 02:30:00+00:00, run_after=2026-04-30 03:00:00+00:00
[2026-04-30T02:31:57.841+0000] {processor.py:183} INFO - Processing /opt/airflow/dags/flight-pipeline.py took 1.130 seconds
[2026-04-30T02:32:28.244+0000] {processor.py:161} INFO - Started process (PID=6792) to work on /opt/airflow/dags/flight-pipeline.py
[2026-04-30T02:32:28.255+0000] {processor.py:830} INFO - Processing file /opt/airflow/dags/flight-pipeline.py for tasks to queue
[2026-04-30T02:32:28.269+0000] {logging_mixin.py:188} INFO - [2026-04-30T02:32:28.269+0000] {dagbag.py:545} INFO - Filling up the DagBag from /opt/airflow/dags/flight-pipeline.py
[2026-04-30T02:32:30.348+0000] {processor.py:840} INFO - DAG(s) 'flights_ops_medallion_pipe' retrieved from /opt/airflow/dags/flight-pipeline.py
[2026-04-30T02:32:30.383+0000] {logging_mixin.py:188} INFO - [2026-04-30T02:32:30.383+0000] {dag.py:3089} INFO - Sync 1 DAGs
[2026-04-30T02:32:30.404+0000] {logging_mixin.py:188} INFO - [2026-04-30T02:32:30.403+0000] {dag.py:3947} INFO - Setting next_dagrun for flights_ops_medallion_pipe to 2026-04-30 02:30:00+00:00, run_after=2026-04-30 03:00:00+00:00
[2026-04-30T02:32:30.424+0000] {processor.py:183} INFO - Processing /opt/airflow/dags/flight-pipeline.py took 2.352 seconds
[2026-04-30T02:33:00.859+0000] {processor.py:161} INFO - Started process (PID=6795) to work on /opt/airflow/dags/flight-pipeline.py
[2026-04-30T02:33:00.868+0000] {processor.py:830} INFO - Processing file /opt/airflow/dags/flight-pipeline.py for tasks to queue
[2026-04-30T02:33:00.873+0000] {logging_mixin.py:188} INFO - [2026-04-30T02:33:00.871+0000] {dagbag.py:545} INFO - Filling up the DagBag from /opt/airflow/dags/flight-pipeline.py
[2026-04-30T02:33:03.636+0000] {processor.py:840} INFO - DAG(s) 'flights_ops_medallion_pipe' retrieved from /opt/airflow/dags/flight-pipeline.py
[2026-04-30T02:33:03.718+0000] {logging_mixin.py:188} INFO - [2026-04-30T02:33:03.717+0000] {dag.py:3089} INFO - Sync 1 DAGs
[2026-04-30T02:33:03.758+0000] {logging_mixin.py:188} INFO - [2026-04-30T02:33:03.758+0000] {dag.py:3947} INFO - Setting next_dagrun for flights_ops_medallion_pipe to 2026-04-30 02:30:00+00:00, run_after=2026-04-30 03:00:00+00:00
[2026-04-30T02:33:03.781+0000] {processor.py:183} INFO - Processing /opt/airflow/dags/flight-pipeline.py took 3.011 seconds
[2026-04-30T02:48:06.416+0000] {processor.py:161} INFO - Started process (PID=6800) to work on /opt/airflow/dags/flight-pipeline.py
[2026-04-30T02:48:06.419+0000] {processor.py:830} INFO - Processing file /opt/airflow/dags/flight-pipeline.py for tasks to queue
[2026-04-30T02:48:06.423+0000] {logging_mixin.py:188} INFO - [2026-04-30T02:48:06.421+0000] {dagbag.py:545} INFO - Filling up the DagBag from /opt/airflow/dags/flight-pipeline.py
[2026-04-30T02:48:09.228+0000] {processor.py:840} INFO - DAG(s) 'flights_ops_medallion_pipe' retrieved from /opt/airflow/dags/flight-pipeline.py
[2026-04-30T02:48:09.305+0000] {logging_mixin.py:188} INFO - [2026-04-30T02:48:09.305+0000] {dag.py:3089} INFO - Sync 1 DAGs
[2026-04-30T02:48:09.384+0000] {logging_mixin.py:188} INFO - [2026-04-30T02:48:09.384+0000] {dag.py:3947} INFO - Setting next_dagrun for flights_ops_medallion_pipe to 2026-04-30 02:30:00+00:00, run_after=2026-04-30 03:00:00+00:00
[2026-04-30T02:48:09.443+0000] {processor.py:183} INFO - Processing /opt/airflow/dags/flight-pipeline.py took 3.044 seconds
[2026-04-30T02:48:41.931+0000] {processor.py:161} INFO - Started process (PID=6803) to work on /opt/airflow/dags/flight-pipeline.py
[2026-04-30T02:48:42.047+0000] {processor.py:830} INFO - Processing file /opt/airflow/dags/flight-pipeline.py for tasks to queue
[2026-04-30T02:48:42.143+0000] {logging_mixin.py:188} INFO - [2026-04-30T02:48:42.100+0000] {dagbag.py:545} INFO - Filling up the DagBag from /opt/airflow/dags/flight-pipeline.py
[2026-04-30T02:49:12.481+0000] {logging_mixin.py:188} INFO - [2026-04-30T02:49:12.462+0000] {timeout.py:68} ERROR - Process timed out, PID: 6803
[2026-04-30T03:04:27.113+0000] {processor.py:161} INFO - Started process (PID=6807) to work on /opt/airflow/dags/flight-pipeline.py
[2026-04-30T03:04:27.119+0000] {processor.py:830} INFO - Processing file /opt/airflow/dags/flight-pipeline.py for tasks to queue
[2026-04-30T03:04:27.122+0000] {logging_mixin.py:188} INFO - [2026-04-30T03:04:27.120+0000] {dagbag.py:545} INFO - Filling up the DagBag from /opt/airflow/dags/flight-pipeline.py
[2026-04-30T03:04:29.584+0000] {processor.py:840} INFO - DAG(s) 'flights_ops_medallion_pipe' retrieved from /opt/airflow/dags/flight-pipeline.py
[2026-04-30T03:04:30.138+0000] {logging_mixin.py:188} INFO - [2026-04-30T03:04:30.137+0000] {dag.py:3089} INFO - Sync 1 DAGs
[2026-04-30T03:04:30.212+0000] {logging_mixin.py:188} INFO - [2026-04-30T03:04:30.211+0000] {dag.py:3947} INFO - Setting next_dagrun for flights_ops_medallion_pipe to 2026-04-30 02:30:00+00:00, run_after=2026-04-30 03:00:00+00:00
[2026-04-30T03:04:30.264+0000] {processor.py:183} INFO - Processing /opt/airflow/dags/flight-pipeline.py took 3.221 seconds
[2026-04-30T03:04:30.638+0000] {processor.py:161} INFO - Started process (PID=6811) to work on /opt/airflow/dags/flight-pipeline.py
[2026-04-30T03:04:30.641+0000] {processor.py:830} INFO - Processing file /opt/airflow/dags/flight-pipeline.py for tasks to queue
[2026-04-30T03:04:30.645+0000] {logging_mixin.py:188} INFO - [2026-04-30T03:04:30.644+0000] {dagbag.py:545} INFO - Filling up the DagBag from /opt/airflow/dags/flight-pipeline.py
[2026-04-30T03:04:31.634+0000] {processor.py:840} INFO - DAG(s) 'flights_ops_medallion_pipe' retrieved from /opt/airflow/dags/flight-pipeline.py
[2026-04-30T03:04:31.658+0000] {logging_mixin.py:188} INFO - [2026-04-30T03:04:31.657+0000] {dag.py:3089} INFO - Sync 1 DAGs
[2026-04-30T03:04:31.694+0000] {logging_mixin.py:188} INFO - [2026-04-30T03:04:31.694+0000] {dag.py:3947} INFO - Setting next_dagrun for flights_ops_medallion_pipe to 2026-04-30 03:00:00+00:00, run_after=2026-04-30 03:30:00+00:00
[2026-04-30T03:04:31.716+0000] {processor.py:183} INFO - Processing /opt/airflow/dags/flight-pipeline.py took 1.086 seconds
[2026-04-30T03:05:02.996+0000] {processor.py:161} INFO - Started process (PID=6815) to work on /opt/airflow/dags/flight-pipeline.py
[2026-04-30T03:05:03.032+0000] {processor.py:830} INFO - Processing file /opt/airflow/dags/flight-pipeline.py for tasks to queue
[2026-04-30T03:05:03.055+0000] {logging_mixin.py:188} INFO - [2026-04-30T03:05:03.046+0000] {dagbag.py:545} INFO - Filling up the DagBag from /opt/airflow/dags/flight-pipeline.py
[2026-04-30T03:05:18.544+0000] {processor.py:840} INFO - DAG(s) 'flights_ops_medallion_pipe' retrieved from /opt/airflow/dags/flight-pipeline.py
[2026-04-30T03:05:19.215+0000] {logging_mixin.py:188} INFO - [2026-04-30T03:05:19.211+0000] {dag.py:3089} INFO - Sync 1 DAGs
[2026-04-30T03:05:19.693+0000] {logging_mixin.py:188} INFO - [2026-04-30T03:05:19.688+0000] {dag.py:3947} INFO - Setting next_dagrun for flights_ops_medallion_pipe to 2026-04-30 03:00:00+00:00, run_after=2026-04-30 03:30:00+00:00
[2026-04-30T03:05:19.954+0000] {processor.py:183} INFO - Processing /opt/airflow/dags/flight-pipeline.py took 17.159 seconds
[2026-04-30T03:05:50.283+0000] {processor.py:161} INFO - Started process (PID=6837) to work on /opt/airflow/dags/flight-pipeline.py
[2026-04-30T03:05:50.290+0000] {processor.py:830} INFO - Processing file /opt/airflow/dags/flight-pipeline.py for tasks to queue
[2026-04-30T03:05:50.293+0000] {logging_mixin.py:188} INFO - [2026-04-30T03:05:50.292+0000] {dagbag.py:545} INFO - Filling up the DagBag from /opt/airflow/dags/flight-pipeline.py
[2026-04-30T03:05:51.401+0000] {processor.py:840} INFO - DAG(s) 'flights_ops_medallion_pipe' retrieved from /opt/airflow/dags/flight-pipeline.py
[2026-04-30T03:05:51.446+0000] {logging_mixin.py:188} INFO - [2026-04-30T03:05:51.446+0000] {dag.py:3089} INFO - Sync 1 DAGs
[2026-04-30T03:05:51.482+0000] {logging_mixin.py:188} INFO - [2026-04-30T03:05:51.482+0000] {dag.py:3947} INFO - Setting next_dagrun for flights_ops_medallion_pipe to 2026-04-30 03:00:00+00:00, run_after=2026-04-30 03:30:00+00:00
[2026-04-30T03:05:51.512+0000] {processor.py:183} INFO - Processing /opt/airflow/dags/flight-pipeline.py took 1.239 seconds
[2026-04-30T03:06:21.738+0000] {processor.py:161} INFO - Started process (PID=6864) to work on /opt/airflow/dags/flight-pipeline.py
[2026-04-30T03:06:21.744+0000] {processor.py:830} INFO - Processing file /opt/airflow/dags/flight-pipeline.py for tasks to queue
[2026-04-30T03:06:21.746+0000] {logging_mixin.py:188} INFO - [2026-04-30T03:06:21.746+0000] {dagbag.py:545} INFO - Filling up the DagBag from /opt/airflow/dags/flight-pipeline.py
[2026-04-30T03:06:22.571+0000] {processor.py:840} INFO - DAG(s) 'flights_ops_medallion_pipe' retrieved from /opt/airflow/dags/flight-pipeline.py
[2026-04-30T03:06:22.605+0000] {logging_mixin.py:188} INFO - [2026-04-30T03:06:22.604+0000] {dag.py:3089} INFO - Sync 1 DAGs
[2026-04-30T03:06:22.634+0000] {logging_mixin.py:188} INFO - [2026-04-30T03:06:22.633+0000] {dag.py:3947} INFO - Setting next_dagrun for flights_ops_medallion_pipe to 2026-04-30 03:00:00+00:00, run_after=2026-04-30 03:30:00+00:00
[2026-04-30T03:06:22.653+0000] {processor.py:183} INFO - Processing /opt/airflow/dags/flight-pipeline.py took 0.923 seconds
[2026-04-30T03:06:52.823+0000] {processor.py:161} INFO - Started process (PID=6867) to work on /opt/airflow/dags/flight-pipeline.py
[2026-04-30T03:06:52.828+0000] {processor.py:830} INFO - Processing file /opt/airflow/dags/flight-pipeline.py for tasks to queue
[2026-04-30T03:06:52.829+0000] {logging_mixin.py:188} INFO - [2026-04-30T03:06:52.829+0000] {dagbag.py:545} INFO - Filling up the DagBag from /opt/airflow/dags/flight-pipeline.py
[2026-04-30T03:06:53.490+0000] {processor.py:840} INFO - DAG(s) 'flights_ops_medallion_pipe' retrieved from /opt/airflow/dags/flight-pipeline.py
[2026-04-30T03:06:53.524+0000] {logging_mixin.py:188} INFO - [2026-04-30T03:06:53.524+0000] {dag.py:3089} INFO - Sync 1 DAGs
[2026-04-30T03:06:53.550+0000] {logging_mixin.py:188} INFO - [2026-04-30T03:06:53.550+0000] {dag.py:3947} INFO - Setting next_dagrun for flights_ops_medallion_pipe to 2026-04-30 03:00:00+00:00, run_after=2026-04-30 03:30:00+00:00
[2026-04-30T03:06:53.571+0000] {processor.py:183} INFO - Processing /opt/airflow/dags/flight-pipeline.py took 0.754 seconds
[2026-04-30T03:07:23.795+0000] {processor.py:161} INFO - Started process (PID=6870) to work on /opt/airflow/dags/flight-pipeline.py
[2026-04-30T03:07:23.802+0000] {processor.py:830} INFO - Processing file /opt/airflow/dags/flight-pipeline.py for tasks to queue
[2026-04-30T03:07:23.804+0000] {logging_mixin.py:188} INFO - [2026-04-30T03:07:23.804+0000] {dagbag.py:545} INFO - Filling up the DagBag from /opt/airflow/dags/flight-pipeline.py
[2026-04-30T03:07:24.465+0000] {processor.py:840} INFO - DAG(s) 'flights_ops_medallion_pipe' retrieved from /opt/airflow/dags/flight-pipeline.py
[2026-04-30T03:07:24.502+0000] {logging_mixin.py:188} INFO - [2026-04-30T03:07:24.502+0000] {dag.py:3089} INFO - Sync 1 DAGs
[2026-04-30T03:07:24.526+0000] {logging_mixin.py:188} INFO - [2026-04-30T03:07:24.526+0000] {dag.py:3947} INFO - Setting next_dagrun for flights_ops_medallion_pipe to 2026-04-30 03:00:00+00:00, run_after=2026-04-30 03:30:00+00:00
[2026-04-30T03:07:24.546+0000] {processor.py:183} INFO - Processing /opt/airflow/dags/flight-pipeline.py took 0.761 seconds
[2026-04-30T03:07:54.794+0000] {processor.py:161} INFO - Started process (PID=6873) to work on /opt/airflow/dags/flight-pipeline.py
[2026-04-30T03:07:54.800+0000] {processor.py:830} INFO - Processing file /opt/airflow/dags/flight-pipeline.py for tasks to queue
[2026-04-30T03:07:54.801+0000] {logging_mixin.py:188} INFO - [2026-04-30T03:07:54.800+0000] {dagbag.py:545} INFO - Filling up the DagBag from /opt/airflow/dags/flight-pipeline.py
[2026-04-30T03:07:55.485+0000] {processor.py:840} INFO - DAG(s) 'flights_ops_medallion_pipe' retrieved from /opt/airflow/dags/flight-pipeline.py
[2026-04-30T03:07:55.520+0000] {logging_mixin.py:188} INFO - [2026-04-30T03:07:55.520+0000] {dag.py:3089} INFO - Sync 1 DAGs
[2026-04-30T03:07:55.545+0000] {logging_mixin.py:188} INFO - [2026-04-30T03:07:55.545+0000] {dag.py:3947} INFO - Setting next_dagrun for flights_ops_medallion_pipe to 2026-04-30 03:00:00+00:00, run_after=2026-04-30 03:30:00+00:00
[2026-04-30T03:07:55.564+0000] {processor.py:183} INFO - Processing /opt/airflow/dags/flight-pipeline.py took 0.779 seconds
[2026-04-30T03:08:25.820+0000] {processor.py:161} INFO - Started process (PID=6876) to work on /opt/airflow/dags/flight-pipeline.py
[2026-04-30T03:08:25.826+0000] {processor.py:830} INFO - Processing file /opt/airflow/dags/flight-pipeline.py for tasks to queue
[2026-04-30T03:08:25.827+0000] {logging_mixin.py:188} INFO - [2026-04-30T03:08:25.826+0000] {dagbag.py:545} INFO - Filling up the DagBag from /opt/airflow/dags/flight-pipeline.py
[2026-04-30T03:08:26.505+0000] {processor.py:840} INFO - DAG(s) 'flights_ops_medallion_pipe' retrieved from /opt/airflow/dags/flight-pipeline.py
[2026-04-30T03:08:26.539+0000] {logging_mixin.py:188} INFO - [2026-04-30T03:08:26.539+0000] {dag.py:3089} INFO - Sync 1 DAGs
[2026-04-30T03:08:26.563+0000] {logging_mixin.py:188} INFO - [2026-04-30T03:08:26.563+0000] {dag.py:3947} INFO - Setting next_dagrun for flights_ops_medallion_pipe to 2026-04-30 03:00:00+00:00, run_after=2026-04-30 03:30:00+00:00
[2026-04-30T03:08:26.581+0000] {processor.py:183} INFO - Processing /opt/airflow/dags/flight-pipeline.py took 0.769 seconds
[2026-04-30T03:08:56.660+0000] {processor.py:161} INFO - Started process (PID=6879) to work on /opt/airflow/dags/flight-pipeline.py
[2026-04-30T03:08:56.667+0000] {processor.py:830} INFO - Processing file /opt/airflow/dags/flight-pipeline.py for tasks to queue
[2026-04-30T03:08:56.668+0000] {logging_mixin.py:188} INFO - [2026-04-30T03:08:56.668+0000] {dagbag.py:545} INFO - Filling up the DagBag from /opt/airflow/dags/flight-pipeline.py
[2026-04-30T03:08:57.329+0000] {processor.py:840} INFO - DAG(s) 'flights_ops_medallion_pipe' retrieved from /opt/airflow/dags/flight-pipeline.py
[2026-04-30T03:08:57.363+0000] {logging_mixin.py:188} INFO - [2026-04-30T03:08:57.363+0000] {dag.py:3089} INFO - Sync 1 DAGs
[2026-04-30T03:08:57.388+0000] {logging_mixin.py:188} INFO - [2026-04-30T03:08:57.388+0000] {dag.py:3947} INFO - Setting next_dagrun for flights_ops_medallion_pipe to 2026-04-30 03:00:00+00:00, run_after=2026-04-30 03:30:00+00:00
[2026-04-30T03:08:57.408+0000] {processor.py:183} INFO - Processing /opt/airflow/dags/flight-pipeline.py took 0.757 seconds
[2026-04-30T03:09:27.666+0000] {processor.py:161} INFO - Started process (PID=6882) to work on /opt/airflow/dags/flight-pipeline.py
[2026-04-30T03:09:27.671+0000] {processor.py:830} INFO - Processing file /opt/airflow/dags/flight-pipeline.py for tasks to queue
[2026-04-30T03:09:27.672+0000] {logging_mixin.py:188} INFO - [2026-04-30T03:09:27.672+0000] {dagbag.py:545} INFO - Filling up the DagBag from /opt/airflow/dags/flight-pipeline.py
[2026-04-30T03:09:28.332+0000] {processor.py:840} INFO - DAG(s) 'flights_ops_medallion_pipe' retrieved from /opt/airflow/dags/flight-pipeline.py
[2026-04-30T03:09:28.365+0000] {logging_mixin.py:188} INFO - [2026-04-30T03:09:28.364+0000] {dag.py:3089} INFO - Sync 1 DAGs
[2026-04-30T03:09:28.390+0000] {logging_mixin.py:188} INFO - [2026-04-30T03:09:28.390+0000] {dag.py:3947} INFO - Setting next_dagrun for flights_ops_medallion_pipe to 2026-04-30 03:00:00+00:00, run_after=2026-04-30 03:30:00+00:00
[2026-04-30T03:09:28.409+0000] {processor.py:183} INFO - Processing /opt/airflow/dags/flight-pipeline.py took 0.751 seconds
[2026-04-30T03:09:58.664+0000] {processor.py:161} INFO - Started process (PID=6885) to work on /opt/airflow/dags/flight-pipeline.py
[2026-04-30T03:09:58.671+0000] {processor.py:830} INFO - Processing file /opt/airflow/dags/flight-pipeline.py for tasks to queue
[2026-04-30T03:09:58.672+0000] {logging_mixin.py:188} INFO - [2026-04-30T03:09:58.671+0000] {dagbag.py:545} INFO - Filling up the DagBag from /opt/airflow/dags/flight-pipeline.py
[2026-04-30T03:09:59.331+0000] {processor.py:840} INFO - DAG(s) 'flights_ops_medallion_pipe' retrieved from /opt/airflow/dags/flight-pipeline.py
[2026-04-30T03:09:59.369+0000] {logging_mixin.py:188} INFO - [2026-04-30T03:09:59.368+0000] {dag.py:3089} INFO - Sync 1 DAGs
[2026-04-30T03:09:59.393+0000] {logging_mixin.py:188} INFO - [2026-04-30T03:09:59.392+0000] {dag.py:3947} INFO - Setting next_dagrun for flights_ops_medallion_pipe to 2026-04-30 03:00:00+00:00, run_after=2026-04-30 03:30:00+00:00
[2026-04-30T03:09:59.410+0000] {processor.py:183} INFO - Processing /opt/airflow/dags/flight-pipeline.py took 0.755 seconds
[2026-04-30T03:10:29.471+0000] {processor.py:161} INFO - Started process (PID=6888) to work on /opt/airflow/dags/flight-pipeline.py
[2026-04-30T03:10:29.477+0000] {processor.py:830} INFO - Processing file /opt/airflow/dags/flight-pipeline.py for tasks to queue
[2026-04-30T03:10:29.478+0000] {logging_mixin.py:188} INFO - [2026-04-30T03:10:29.478+0000] {dagbag.py:545} INFO - Filling up the DagBag from /opt/airflow/dags/flight-pipeline.py
[2026-04-30T03:10:30.145+0000] {processor.py:840} INFO - DAG(s) 'flights_ops_medallion_pipe' retrieved from /opt/airflow/dags/flight-pipeline.py
[2026-04-30T03:10:30.181+0000] {logging_mixin.py:188} INFO - [2026-04-30T03:10:30.181+0000] {dag.py:3089} INFO - Sync 1 DAGs
[2026-04-30T03:10:30.205+0000] {logging_mixin.py:188} INFO - [2026-04-30T03:10:30.205+0000] {dag.py:3947} INFO - Setting next_dagrun for flights_ops_medallion_pipe to 2026-04-30 03:00:00+00:00, run_after=2026-04-30 03:30:00+00:00
[2026-04-30T03:10:30.224+0000] {processor.py:183} INFO - Processing /opt/airflow/dags/flight-pipeline.py took 0.762 seconds
[2026-04-30T03:16:13.621+0000] {processor.py:161} INFO - Started process (PID=6891) to work on /opt/airflow/dags/flight-pipeline.py
[2026-04-30T03:16:13.628+0000] {processor.py:830} INFO - Processing file /opt/airflow/dags/flight-pipeline.py for tasks to queue
[2026-04-30T03:16:13.644+0000] {logging_mixin.py:188} INFO - [2026-04-30T03:16:13.638+0000] {dagbag.py:545} INFO - Filling up the DagBag from /opt/airflow/dags/flight-pipeline.py
[2026-04-30T03:16:17.985+0000] {processor.py:840} INFO - DAG(s) 'flights_ops_medallion_pipe' retrieved from /opt/airflow/dags/flight-pipeline.py
[2026-04-30T03:16:18.237+0000] {logging_mixin.py:188} INFO - [2026-04-30T03:16:18.235+0000] {dag.py:3089} INFO - Sync 1 DAGs
[2026-04-30T03:16:18.348+0000] {logging_mixin.py:188} INFO - [2026-04-30T03:16:18.347+0000] {dag.py:3947} INFO - Setting next_dagrun for flights_ops_medallion_pipe to 2026-04-30 03:00:00+00:00, run_after=2026-04-30 03:30:00+00:00
[2026-04-30T03:16:18.401+0000] {processor.py:183} INFO - Processing /opt/airflow/dags/flight-pipeline.py took 5.044 seconds
[2026-04-30T03:16:49.244+0000] {processor.py:161} INFO - Started process (PID=6894) to work on /opt/airflow/dags/flight-pipeline.py
[2026-04-30T03:16:49.254+0000] {processor.py:830} INFO - Processing file /opt/airflow/dags/flight-pipeline.py for tasks to queue
[2026-04-30T03:16:49.259+0000] {logging_mixin.py:188} INFO - [2026-04-30T03:16:49.256+0000] {dagbag.py:545} INFO - Filling up the DagBag from /opt/airflow/dags/flight-pipeline.py
[2026-04-30T03:16:51.967+0000] {processor.py:840} INFO - DAG(s) 'flights_ops_medallion_pipe' retrieved from /opt/airflow/dags/flight-pipeline.py
[2026-04-30T03:16:52.071+0000] {logging_mixin.py:188} INFO - [2026-04-30T03:16:52.070+0000] {dag.py:3089} INFO - Sync 1 DAGs
[2026-04-30T03:16:52.167+0000] {logging_mixin.py:188} INFO - [2026-04-30T03:16:52.167+0000] {dag.py:3947} INFO - Setting next_dagrun for flights_ops_medallion_pipe to 2026-04-30 03:00:00+00:00, run_after=2026-04-30 03:30:00+00:00
[2026-04-30T03:16:52.219+0000] {processor.py:183} INFO - Processing /opt/airflow/dags/flight-pipeline.py took 3.079 seconds
[2026-04-30T03:17:22.452+0000] {processor.py:161} INFO - Started process (PID=6897) to work on /opt/airflow/dags/flight-pipeline.py
[2026-04-30T03:17:22.462+0000] {processor.py:830} INFO - Processing file /opt/airflow/dags/flight-pipeline.py for tasks to queue
[2026-04-30T03:17:22.465+0000] {logging_mixin.py:188} INFO - [2026-04-30T03:17:22.464+0000] {dagbag.py:545} INFO - Filling up the DagBag from /opt/airflow/dags/flight-pipeline.py
[2026-04-30T03:17:23.329+0000] {processor.py:840} INFO - DAG(s) 'flights_ops_medallion_pipe' retrieved from /opt/airflow/dags/flight-pipeline.py
[2026-04-30T03:17:23.370+0000] {logging_mixin.py:188} INFO - [2026-04-30T03:17:23.369+0000] {dag.py:3089} INFO - Sync 1 DAGs
[2026-04-30T03:17:23.397+0000] {logging_mixin.py:188} INFO - [2026-04-30T03:17:23.396+0000] {dag.py:3947} INFO - Setting next_dagrun for flights_ops_medallion_pipe to 2026-04-30 03:00:00+00:00, run_after=2026-04-30 03:30:00+00:00
[2026-04-30T03:17:23.420+0000] {processor.py:183} INFO - Processing /opt/airflow/dags/flight-pipeline.py took 0.977 seconds
[2026-04-30T03:17:53.663+0000] {processor.py:161} INFO - Started process (PID=6900) to work on /opt/airflow/dags/flight-pipeline.py
[2026-04-30T03:17:53.669+0000] {processor.py:830} INFO - Processing file /opt/airflow/dags/flight-pipeline.py for tasks to queue
[2026-04-30T03:17:53.670+0000] {logging_mixin.py:188} INFO - [2026-04-30T03:17:53.670+0000] {dagbag.py:545} INFO - Filling up the DagBag from /opt/airflow/dags/flight-pipeline.py
[2026-04-30T03:17:54.530+0000] {processor.py:840} INFO - DAG(s) 'flights_ops_medallion_pipe' retrieved from /opt/airflow/dags/flight-pipeline.py
[2026-04-30T03:17:54.571+0000] {logging_mixin.py:188} INFO - [2026-04-30T03:17:54.571+0000] {dag.py:3089} INFO - Sync 1 DAGs
[2026-04-30T03:17:54.605+0000] {logging_mixin.py:188} INFO - [2026-04-30T03:17:54.605+0000] {dag.py:3947} INFO - Setting next_dagrun for flights_ops_medallion_pipe to 2026-04-30 03:00:00+00:00, run_after=2026-04-30 03:30:00+00:00
[2026-04-30T03:17:54.627+0000] {processor.py:183} INFO - Processing /opt/airflow/dags/flight-pipeline.py took 0.973 seconds
[2026-04-30T03:18:24.896+0000] {processor.py:161} INFO - Started process (PID=6903) to work on /opt/airflow/dags/flight-pipeline.py
[2026-04-30T03:18:24.906+0000] {processor.py:830} INFO - Processing file /opt/airflow/dags/flight-pipeline.py for tasks to queue
[2026-04-30T03:18:24.913+0000] {logging_mixin.py:188} INFO - [2026-04-30T03:18:24.912+0000] {dagbag.py:545} INFO - Filling up the DagBag from /opt/airflow/dags/flight-pipeline.py
[2026-04-30T03:18:25.678+0000] {processor.py:840} INFO - DAG(s) 'flights_ops_medallion_pipe' retrieved from /opt/airflow/dags/flight-pipeline.py
[2026-04-30T03:18:25.715+0000] {logging_mixin.py:188} INFO - [2026-04-30T03:18:25.714+0000] {dag.py:3089} INFO - Sync 1 DAGs
[2026-04-30T03:18:25.740+0000] {logging_mixin.py:188} INFO - [2026-04-30T03:18:25.740+0000] {dag.py:3947} INFO - Setting next_dagrun for flights_ops_medallion_pipe to 2026-04-30 03:00:00+00:00, run_after=2026-04-30 03:30:00+00:00
[2026-04-30T03:18:25.760+0000] {processor.py:183} INFO - Processing /opt/airflow/dags/flight-pipeline.py took 0.872 seconds
[2026-04-30T03:18:55.993+0000] {processor.py:161} INFO - Started process (PID=6906) to work on /opt/airflow/dags/flight-pipeline.py
[2026-04-30T03:18:56.000+0000] {processor.py:830} INFO - Processing file /opt/airflow/dags/flight-pipeline.py for tasks to queue
[2026-04-30T03:18:56.001+0000] {logging_mixin.py:188} INFO - [2026-04-30T03:18:56.000+0000] {dagbag.py:545} INFO - Filling up the DagBag from /opt/airflow/dags/flight-pipeline.py
[2026-04-30T03:18:56.864+0000] {processor.py:840} INFO - DAG(s) 'flights_ops_medallion_pipe' retrieved from /opt/airflow/dags/flight-pipeline.py
[2026-04-30T03:18:56.955+0000] {logging_mixin.py:188} INFO - [2026-04-30T03:18:56.952+0000] {dag.py:3089} INFO - Sync 1 DAGs
[2026-04-30T03:18:57.028+0000] {logging_mixin.py:188} INFO - [2026-04-30T03:18:57.020+0000] {dag.py:3947} INFO - Setting next_dagrun for flights_ops_medallion_pipe to 2026-04-30 03:00:00+00:00, run_after=2026-04-30 03:30:00+00:00
[2026-04-30T03:18:57.066+0000] {processor.py:183} INFO - Processing /opt/airflow/dags/flight-pipeline.py took 1.080 seconds
[2026-04-30T03:19:27.239+0000] {processor.py:161} INFO - Started process (PID=6909) to work on /opt/airflow/dags/flight-pipeline.py
[2026-04-30T03:19:27.245+0000] {processor.py:830} INFO - Processing file /opt/airflow/dags/flight-pipeline.py for tasks to queue
[2026-04-30T03:19:27.246+0000] {logging_mixin.py:188} INFO - [2026-04-30T03:19:27.246+0000] {dagbag.py:545} INFO - Filling up the DagBag from /opt/airflow/dags/flight-pipeline.py
[2026-04-30T03:19:27.984+0000] {processor.py:840} INFO - DAG(s) 'flights_ops_medallion_pipe' retrieved from /opt/airflow/dags/flight-pipeline.py
[2026-04-30T03:19:28.022+0000] {logging_mixin.py:188} INFO - [2026-04-30T03:19:28.021+0000] {dag.py:3089} INFO - Sync 1 DAGs
[2026-04-30T03:19:28.049+0000] {logging_mixin.py:188} INFO - [2026-04-30T03:19:28.049+0000] {dag.py:3947} INFO - Setting next_dagrun for flights_ops_medallion_pipe to 2026-04-30 03:00:00+00:00, run_after=2026-04-30 03:30:00+00:00
[2026-04-30T03:19:28.069+0000] {processor.py:183} INFO - Processing /opt/airflow/dags/flight-pipeline.py took 0.839 seconds
[2026-04-30T03:19:58.322+0000] {processor.py:161} INFO - Started process (PID=6912) to work on /opt/airflow/dags/flight-pipeline.py
[2026-04-30T03:19:58.331+0000] {processor.py:830} INFO - Processing file /opt/airflow/dags/flight-pipeline.py for tasks to queue
[2026-04-30T03:19:58.333+0000] {logging_mixin.py:188} INFO - [2026-04-30T03:19:58.332+0000] {dagbag.py:545} INFO - Filling up the DagBag from /opt/airflow/dags/flight-pipeline.py
[2026-04-30T03:19:59.140+0000] {processor.py:840} INFO - DAG(s) 'flights_ops_medallion_pipe' retrieved from /opt/airflow/dags/flight-pipeline.py
[2026-04-30T03:19:59.183+0000] {logging_mixin.py:188} INFO - [2026-04-30T03:19:59.182+0000] {dag.py:3089} INFO - Sync 1 DAGs
[2026-04-30T03:19:59.216+0000] {logging_mixin.py:188} INFO - [2026-04-30T03:19:59.216+0000] {dag.py:3947} INFO - Setting next_dagrun for flights_ops_medallion_pipe to 2026-04-30 03:00:00+00:00, run_after=2026-04-30 03:30:00+00:00
[2026-04-30T03:19:59.247+0000] {processor.py:183} INFO - Processing /opt/airflow/dags/flight-pipeline.py took 0.933 seconds
[2026-04-30T03:20:29.505+0000] {processor.py:161} INFO - Started process (PID=6915) to work on /opt/airflow/dags/flight-pipeline.py
[2026-04-30T03:20:29.512+0000] {processor.py:830} INFO - Processing file /opt/airflow/dags/flight-pipeline.py for tasks to queue
[2026-04-30T03:20:29.513+0000] {logging_mixin.py:188} INFO - [2026-04-30T03:20:29.512+0000] {dagbag.py:545} INFO - Filling up the DagBag from /opt/airflow/dags/flight-pipeline.py
[2026-04-30T03:20:30.183+0000] {processor.py:840} INFO - DAG(s) 'flights_ops_medallion_pipe' retrieved from /opt/airflow/dags/flight-pipeline.py
[2026-04-30T03:20:30.219+0000] {logging_mixin.py:188} INFO - [2026-04-30T03:20:30.218+0000] {dag.py:3089} INFO - Sync 1 DAGs
[2026-04-30T03:20:30.255+0000] {logging_mixin.py:188} INFO - [2026-04-30T03:20:30.255+0000] {dag.py:3947} INFO - Setting next_dagrun for flights_ops_medallion_pipe to 2026-04-30 03:00:00+00:00, run_after=2026-04-30 03:30:00+00:00
[2026-04-30T03:20:30.275+0000] {processor.py:183} INFO - Processing /opt/airflow/dags/flight-pipeline.py took 0.778 seconds
[2026-04-30T03:21:00.532+0000] {processor.py:161} INFO - Started process (PID=6918) to work on /opt/airflow/dags/flight-pipeline.py
[2026-04-30T03:21:00.540+0000] {processor.py:830} INFO - Processing file /opt/airflow/dags/flight-pipeline.py for tasks to queue
[2026-04-30T03:21:00.541+0000] {logging_mixin.py:188} INFO - [2026-04-30T03:21:00.541+0000] {dagbag.py:545} INFO - Filling up the DagBag from /opt/airflow/dags/flight-pipeline.py
[2026-04-30T03:21:01.271+0000] {processor.py:840} INFO - DAG(s) 'flights_ops_medallion_pipe' retrieved from /opt/airflow/dags/flight-pipeline.py
[2026-04-30T03:21:01.316+0000] {logging_mixin.py:188} INFO - [2026-04-30T03:21:01.316+0000] {dag.py:3089} INFO - Sync 1 DAGs
[2026-04-30T03:21:01.371+0000] {logging_mixin.py:188} INFO - [2026-04-30T03:21:01.370+0000] {dag.py:3947} INFO - Setting next_dagrun for flights_ops_medallion_pipe to 2026-04-30 03:00:00+00:00, run_after=2026-04-30 03:30:00+00:00
[2026-04-30T03:21:01.428+0000] {processor.py:183} INFO - Processing /opt/airflow/dags/flight-pipeline.py took 0.904 seconds
[2026-04-30T03:21:31.716+0000] {processor.py:161} INFO - Started process (PID=6921) to work on /opt/airflow/dags/flight-pipeline.py
[2026-04-30T03:21:31.726+0000] {processor.py:830} INFO - Processing file /opt/airflow/dags/flight-pipeline.py for tasks to queue
[2026-04-30T03:21:31.735+0000] {logging_mixin.py:188} INFO - [2026-04-30T03:21:31.730+0000] {dagbag.py:545} INFO - Filling up the DagBag from /opt/airflow/dags/flight-pipeline.py
[2026-04-30T03:21:32.580+0000] {processor.py:840} INFO - DAG(s) 'flights_ops_medallion_pipe' retrieved from /opt/airflow/dags/flight-pipeline.py
[2026-04-30T03:21:32.617+0000] {logging_mixin.py:188} INFO - [2026-04-30T03:21:32.617+0000] {dag.py:3089} INFO - Sync 1 DAGs
[2026-04-30T03:21:32.642+0000] {logging_mixin.py:188} INFO - [2026-04-30T03:21:32.641+0000] {dag.py:3947} INFO - Setting next_dagrun for flights_ops_medallion_pipe to 2026-04-30 03:00:00+00:00, run_after=2026-04-30 03:30:00+00:00
[2026-04-30T03:21:32.696+0000] {processor.py:183} INFO - Processing /opt/airflow/dags/flight-pipeline.py took 0.989 seconds
[2026-04-30T03:22:02.941+0000] {processor.py:161} INFO - Started process (PID=6924) to work on /opt/airflow/dags/flight-pipeline.py
[2026-04-30T03:22:02.961+0000] {processor.py:830} INFO - Processing file /opt/airflow/dags/flight-pipeline.py for tasks to queue
[2026-04-30T03:22:02.974+0000] {logging_mixin.py:188} INFO - [2026-04-30T03:22:02.968+0000] {dagbag.py:545} INFO - Filling up the DagBag from /opt/airflow/dags/flight-pipeline.py
[2026-04-30T03:22:03.943+0000] {processor.py:840} INFO - DAG(s) 'flights_ops_medallion_pipe' retrieved from /opt/airflow/dags/flight-pipeline.py
[2026-04-30T03:22:03.984+0000] {logging_mixin.py:188} INFO - [2026-04-30T03:22:03.983+0000] {dag.py:3089} INFO - Sync 1 DAGs
[2026-04-30T03:22:04.010+0000] {logging_mixin.py:188} INFO - [2026-04-30T03:22:04.010+0000] {dag.py:3947} INFO - Setting next_dagrun for flights_ops_medallion_pipe to 2026-04-30 03:00:00+00:00, run_after=2026-04-30 03:30:00+00:00
[2026-04-30T03:22:04.030+0000] {processor.py:183} INFO - Processing /opt/airflow/dags/flight-pipeline.py took 1.097 seconds
[2026-04-30T03:22:34.227+0000] {processor.py:161} INFO - Started process (PID=6927) to work on /opt/airflow/dags/flight-pipeline.py
[2026-04-30T03:22:34.233+0000] {processor.py:830} INFO - Processing file /opt/airflow/dags/flight-pipeline.py for tasks to queue
[2026-04-30T03:22:34.234+0000] {logging_mixin.py:188} INFO - [2026-04-30T03:22:34.234+0000] {dagbag.py:545} INFO - Filling up the DagBag from /opt/airflow/dags/flight-pipeline.py
[2026-04-30T03:22:34.997+0000] {processor.py:840} INFO - DAG(s) 'flights_ops_medallion_pipe' retrieved from /opt/airflow/dags/flight-pipeline.py
[2026-04-30T03:22:35.033+0000] {logging_mixin.py:188} INFO - [2026-04-30T03:22:35.032+0000] {dag.py:3089} INFO - Sync 1 DAGs
[2026-04-30T03:22:35.065+0000] {logging_mixin.py:188} INFO - [2026-04-30T03:22:35.065+0000] {dag.py:3947} INFO - Setting next_dagrun for flights_ops_medallion_pipe to 2026-04-30 03:00:00+00:00, run_after=2026-04-30 03:30:00+00:00
[2026-04-30T03:22:35.086+0000] {processor.py:183} INFO - Processing /opt/airflow/dags/flight-pipeline.py took 0.869 seconds
[2026-04-30T03:23:05.354+0000] {processor.py:161} INFO - Started process (PID=6930) to work on /opt/airflow/dags/flight-pipeline.py
[2026-04-30T03:23:05.361+0000] {processor.py:830} INFO - Processing file /opt/airflow/dags/flight-pipeline.py for tasks to queue
[2026-04-30T03:23:05.362+0000] {logging_mixin.py:188} INFO - [2026-04-30T03:23:05.362+0000] {dagbag.py:545} INFO - Filling up the DagBag from /opt/airflow/dags/flight-pipeline.py
[2026-04-30T03:23:06.095+0000] {processor.py:840} INFO - DAG(s) 'flights_ops_medallion_pipe' retrieved from /opt/airflow/dags/flight-pipeline.py
[2026-04-30T03:23:06.130+0000] {logging_mixin.py:188} INFO - [2026-04-30T03:23:06.130+0000] {dag.py:3089} INFO - Sync 1 DAGs
[2026-04-30T03:23:06.156+0000] {logging_mixin.py:188} INFO - [2026-04-30T03:23:06.156+0000] {dag.py:3947} INFO - Setting next_dagrun for flights_ops_medallion_pipe to 2026-04-30 03:00:00+00:00, run_after=2026-04-30 03:30:00+00:00
[2026-04-30T03:23:06.175+0000] {processor.py:183} INFO - Processing /opt/airflow/dags/flight-pipeline.py took 0.829 seconds
[2026-04-30T03:23:36.441+0000] {processor.py:161} INFO - Started process (PID=6933) to work on /opt/airflow/dags/flight-pipeline.py
[2026-04-30T03:23:36.450+0000] {processor.py:830} INFO - Processing file /opt/airflow/dags/flight-pipeline.py for tasks to queue
[2026-04-30T03:23:36.451+0000] {logging_mixin.py:188} INFO - [2026-04-30T03:23:36.451+0000] {dagbag.py:545} INFO - Filling up the DagBag from /opt/airflow/dags/flight-pipeline.py
[2026-04-30T03:23:37.221+0000] {processor.py:840} INFO - DAG(s) 'flights_ops_medallion_pipe' retrieved from /opt/airflow/dags/flight-pipeline.py
[2026-04-30T03:23:37.262+0000] {logging_mixin.py:188} INFO - [2026-04-30T03:23:37.262+0000] {dag.py:3089} INFO - Sync 1 DAGs
[2026-04-30T03:23:37.288+0000] {logging_mixin.py:188} INFO - [2026-04-30T03:23:37.288+0000] {dag.py:3947} INFO - Setting next_dagrun for flights_ops_medallion_pipe to 2026-04-30 03:00:00+00:00, run_after=2026-04-30 03:30:00+00:00
[2026-04-30T03:23:37.311+0000] {processor.py:183} INFO - Processing /opt/airflow/dags/flight-pipeline.py took 0.878 seconds
[2026-04-30T03:24:07.560+0000] {processor.py:161} INFO - Started process (PID=6936) to work on /opt/airflow/dags/flight-pipeline.py
[2026-04-30T03:24:07.566+0000] {processor.py:830} INFO - Processing file /opt/airflow/dags/flight-pipeline.py for tasks to queue
[2026-04-30T03:24:07.568+0000] {logging_mixin.py:188} INFO - [2026-04-30T03:24:07.567+0000] {dagbag.py:545} INFO - Filling up the DagBag from /opt/airflow/dags/flight-pipeline.py
[2026-04-30T03:24:08.350+0000] {processor.py:840} INFO - DAG(s) 'flights_ops_medallion_pipe' retrieved from /opt/airflow/dags/flight-pipeline.py
[2026-04-30T03:24:08.393+0000] {logging_mixin.py:188} INFO - [2026-04-30T03:24:08.392+0000] {dag.py:3089} INFO - Sync 1 DAGs
[2026-04-30T03:24:08.424+0000] {logging_mixin.py:188} INFO - [2026-04-30T03:24:08.423+0000] {dag.py:3947} INFO - Setting next_dagrun for flights_ops_medallion_pipe to 2026-04-30 03:00:00+00:00, run_after=2026-04-30 03:30:00+00:00
[2026-04-30T03:24:08.447+0000] {processor.py:183} INFO - Processing /opt/airflow/dags/flight-pipeline.py took 0.897 seconds
[2026-04-30T03:24:38.701+0000] {processor.py:161} INFO - Started process (PID=6939) to work on /opt/airflow/dags/flight-pipeline.py
[2026-04-30T03:24:38.710+0000] {processor.py:830} INFO - Processing file /opt/airflow/dags/flight-pipeline.py for tasks to queue
[2026-04-30T03:24:38.711+0000] {logging_mixin.py:188} INFO - [2026-04-30T03:24:38.711+0000] {dagbag.py:545} INFO - Filling up the DagBag from /opt/airflow/dags/flight-pipeline.py
[2026-04-30T03:24:39.759+0000] {processor.py:840} INFO - DAG(s) 'flights_ops_medallion_pipe' retrieved from /opt/airflow/dags/flight-pipeline.py
[2026-04-30T03:24:39.799+0000] {logging_mixin.py:188} INFO - [2026-04-30T03:24:39.799+0000] {dag.py:3089} INFO - Sync 1 DAGs
[2026-04-30T03:24:39.826+0000] {logging_mixin.py:188} INFO - [2026-04-30T03:24:39.826+0000] {dag.py:3947} INFO - Setting next_dagrun for flights_ops_medallion_pipe to 2026-04-30 03:00:00+00:00, run_after=2026-04-30 03:30:00+00:00
[2026-04-30T03:24:39.845+0000] {processor.py:183} INFO - Processing /opt/airflow/dags/flight-pipeline.py took 1.156 seconds
[2026-04-30T03:25:09.917+0000] {processor.py:161} INFO - Started process (PID=6942) to work on /opt/airflow/dags/flight-pipeline.py
[2026-04-30T03:25:09.925+0000] {processor.py:830} INFO - Processing file /opt/airflow/dags/flight-pipeline.py for tasks to queue
[2026-04-30T03:25:09.926+0000] {logging_mixin.py:188} INFO - [2026-04-30T03:25:09.926+0000] {dagbag.py:545} INFO - Filling up the DagBag from /opt/airflow/dags/flight-pipeline.py
[2026-04-30T03:25:10.638+0000] {processor.py:840} INFO - DAG(s) 'flights_ops_medallion_pipe' retrieved from /opt/airflow/dags/flight-pipeline.py
[2026-04-30T03:25:10.676+0000] {logging_mixin.py:188} INFO - [2026-04-30T03:25:10.676+0000] {dag.py:3089} INFO - Sync 1 DAGs
[2026-04-30T03:25:10.702+0000] {logging_mixin.py:188} INFO - [2026-04-30T03:25:10.701+0000] {dag.py:3947} INFO - Setting next_dagrun for flights_ops_medallion_pipe to 2026-04-30 03:00:00+00:00, run_after=2026-04-30 03:30:00+00:00
[2026-04-30T03:25:10.722+0000] {processor.py:183} INFO - Processing /opt/airflow/dags/flight-pipeline.py took 0.813 seconds
[2026-04-30T03:25:40.963+0000] {processor.py:161} INFO - Started process (PID=6945) to work on /opt/airflow/dags/flight-pipeline.py
[2026-04-30T03:25:40.971+0000] {processor.py:830} INFO - Processing file /opt/airflow/dags/flight-pipeline.py for tasks to queue
[2026-04-30T03:25:40.972+0000] {logging_mixin.py:188} INFO - [2026-04-30T03:25:40.972+0000] {dagbag.py:545} INFO - Filling up the DagBag from /opt/airflow/dags/flight-pipeline.py
[2026-04-30T03:25:41.683+0000] {processor.py:840} INFO - DAG(s) 'flights_ops_medallion_pipe' retrieved from /opt/airflow/dags/flight-pipeline.py
[2026-04-30T03:25:41.717+0000] {logging_mixin.py:188} INFO - [2026-04-30T03:25:41.716+0000] {dag.py:3089} INFO - Sync 1 DAGs
[2026-04-30T03:25:41.741+0000] {logging_mixin.py:188} INFO - [2026-04-30T03:25:41.741+0000] {dag.py:3947} INFO - Setting next_dagrun for flights_ops_medallion_pipe to 2026-04-30 03:00:00+00:00, run_after=2026-04-30 03:30:00+00:00
[2026-04-30T03:25:41.761+0000] {processor.py:183} INFO - Processing /opt/airflow/dags/flight-pipeline.py took 0.806 seconds
[2026-04-30T03:26:12.017+0000] {processor.py:161} INFO - Started process (PID=6948) to work on /opt/airflow/dags/flight-pipeline.py
[2026-04-30T03:26:12.025+0000] {processor.py:830} INFO - Processing file /opt/airflow/dags/flight-pipeline.py for tasks to queue
[2026-04-30T03:26:12.027+0000] {logging_mixin.py:188} INFO - [2026-04-30T03:26:12.026+0000] {dagbag.py:545} INFO - Filling up the DagBag from /opt/airflow/dags/flight-pipeline.py
[2026-04-30T03:26:12.713+0000] {processor.py:840} INFO - DAG(s) 'flights_ops_medallion_pipe' retrieved from /opt/airflow/dags/flight-pipeline.py
[2026-04-30T03:26:12.747+0000] {logging_mixin.py:188} INFO - [2026-04-30T03:26:12.747+0000] {dag.py:3089} INFO - Sync 1 DAGs
[2026-04-30T03:26:12.774+0000] {logging_mixin.py:188} INFO - [2026-04-30T03:26:12.774+0000] {dag.py:3947} INFO - Setting next_dagrun for flights_ops_medallion_pipe to 2026-04-30 03:00:00+00:00, run_after=2026-04-30 03:30:00+00:00
[2026-04-30T03:26:12.848+0000] {processor.py:183} INFO - Processing /opt/airflow/dags/flight-pipeline.py took 0.840 seconds
[2026-04-30T03:26:43.277+0000] {processor.py:161} INFO - Started process (PID=6951) to work on /opt/airflow/dags/flight-pipeline.py
[2026-04-30T03:26:43.285+0000] {processor.py:830} INFO - Processing file /opt/airflow/dags/flight-pipeline.py for tasks to queue
[2026-04-30T03:26:43.286+0000] {logging_mixin.py:188} INFO - [2026-04-30T03:26:43.286+0000] {dagbag.py:545} INFO - Filling up the DagBag from /opt/airflow/dags/flight-pipeline.py
[2026-04-30T03:26:43.976+0000] {processor.py:840} INFO - DAG(s) 'flights_ops_medallion_pipe' retrieved from /opt/airflow/dags/flight-pipeline.py
[2026-04-30T03:26:44.010+0000] {logging_mixin.py:188} INFO - [2026-04-30T03:26:44.009+0000] {dag.py:3089} INFO - Sync 1 DAGs
[2026-04-30T03:26:44.033+0000] {logging_mixin.py:188} INFO - [2026-04-30T03:26:44.033+0000] {dag.py:3947} INFO - Setting next_dagrun for flights_ops_medallion_pipe to 2026-04-30 03:00:00+00:00, run_after=2026-04-30 03:30:00+00:00
[2026-04-30T03:26:44.055+0000] {processor.py:183} INFO - Processing /opt/airflow/dags/flight-pipeline.py took 0.895 seconds
[2026-04-30T03:27:14.319+0000] {processor.py:161} INFO - Started process (PID=6954) to work on /opt/airflow/dags/flight-pipeline.py
[2026-04-30T03:27:14.327+0000] {processor.py:830} INFO - Processing file /opt/airflow/dags/flight-pipeline.py for tasks to queue
[2026-04-30T03:27:14.328+0000] {logging_mixin.py:188} INFO - [2026-04-30T03:27:14.327+0000] {dagbag.py:545} INFO - Filling up the DagBag from /opt/airflow/dags/flight-pipeline.py
[2026-04-30T03:27:15.261+0000] {processor.py:840} INFO - DAG(s) 'flights_ops_medallion_pipe' retrieved from /opt/airflow/dags/flight-pipeline.py
[2026-04-30T03:27:15.295+0000] {logging_mixin.py:188} INFO - [2026-04-30T03:27:15.294+0000] {dag.py:3089} INFO - Sync 1 DAGs
[2026-04-30T03:27:15.323+0000] {logging_mixin.py:188} INFO - [2026-04-30T03:27:15.322+0000] {dag.py:3947} INFO - Setting next_dagrun for flights_ops_medallion_pipe to 2026-04-30 03:00:00+00:00, run_after=2026-04-30 03:30:00+00:00
[2026-04-30T03:27:15.341+0000] {processor.py:183} INFO - Processing /opt/airflow/dags/flight-pipeline.py took 1.031 seconds
[2026-04-30T03:27:45.533+0000] {processor.py:161} INFO - Started process (PID=6957) to work on /opt/airflow/dags/flight-pipeline.py
[2026-04-30T03:27:45.540+0000] {processor.py:830} INFO - Processing file /opt/airflow/dags/flight-pipeline.py for tasks to queue
[2026-04-30T03:27:45.542+0000] {logging_mixin.py:188} INFO - [2026-04-30T03:27:45.542+0000] {dagbag.py:545} INFO - Filling up the DagBag from /opt/airflow/dags/flight-pipeline.py
[2026-04-30T03:27:46.232+0000] {processor.py:840} INFO - DAG(s) 'flights_ops_medallion_pipe' retrieved from /opt/airflow/dags/flight-pipeline.py
[2026-04-30T03:27:46.270+0000] {logging_mixin.py:188} INFO - [2026-04-30T03:27:46.270+0000] {dag.py:3089} INFO - Sync 1 DAGs
[2026-04-30T03:27:46.294+0000] {logging_mixin.py:188} INFO - [2026-04-30T03:27:46.294+0000] {dag.py:3947} INFO - Setting next_dagrun for flights_ops_medallion_pipe to 2026-04-30 03:00:00+00:00, run_after=2026-04-30 03:30:00+00:00
[2026-04-30T03:27:46.313+0000] {processor.py:183} INFO - Processing /opt/airflow/dags/flight-pipeline.py took 0.788 seconds
[2026-04-30T03:28:16.543+0000] {processor.py:161} INFO - Started process (PID=6960) to work on /opt/airflow/dags/flight-pipeline.py
[2026-04-30T03:28:16.550+0000] {processor.py:830} INFO - Processing file /opt/airflow/dags/flight-pipeline.py for tasks to queue
[2026-04-30T03:28:16.551+0000] {logging_mixin.py:188} INFO - [2026-04-30T03:28:16.551+0000] {dagbag.py:545} INFO - Filling up the DagBag from /opt/airflow/dags/flight-pipeline.py
[2026-04-30T03:28:17.252+0000] {processor.py:840} INFO - DAG(s) 'flights_ops_medallion_pipe' retrieved from /opt/airflow/dags/flight-pipeline.py
[2026-04-30T03:28:17.287+0000] {logging_mixin.py:188} INFO - [2026-04-30T03:28:17.286+0000] {dag.py:3089} INFO - Sync 1 DAGs
[2026-04-30T03:28:17.312+0000] {logging_mixin.py:188} INFO - [2026-04-30T03:28:17.312+0000] {dag.py:3947} INFO - Setting next_dagrun for flights_ops_medallion_pipe to 2026-04-30 03:00:00+00:00, run_after=2026-04-30 03:30:00+00:00
[2026-04-30T03:28:17.331+0000] {processor.py:183} INFO - Processing /opt/airflow/dags/flight-pipeline.py took 0.796 seconds
[2026-04-30T03:28:47.563+0000] {processor.py:161} INFO - Started process (PID=6963) to work on /opt/airflow/dags/flight-pipeline.py
[2026-04-30T03:28:47.570+0000] {processor.py:830} INFO - Processing file /opt/airflow/dags/flight-pipeline.py for tasks to queue
[2026-04-30T03:28:47.572+0000] {logging_mixin.py:188} INFO - [2026-04-30T03:28:47.571+0000] {dagbag.py:545} INFO - Filling up the DagBag from /opt/airflow/dags/flight-pipeline.py
[2026-04-30T03:28:48.299+0000] {processor.py:840} INFO - DAG(s) 'flights_ops_medallion_pipe' retrieved from /opt/airflow/dags/flight-pipeline.py
[2026-04-30T03:28:48.333+0000] {logging_mixin.py:188} INFO - [2026-04-30T03:28:48.332+0000] {dag.py:3089} INFO - Sync 1 DAGs
[2026-04-30T03:28:48.358+0000] {logging_mixin.py:188} INFO - [2026-04-30T03:28:48.358+0000] {dag.py:3947} INFO - Setting next_dagrun for flights_ops_medallion_pipe to 2026-04-30 03:00:00+00:00, run_after=2026-04-30 03:30:00+00:00
[2026-04-30T03:28:48.377+0000] {processor.py:183} INFO - Processing /opt/airflow/dags/flight-pipeline.py took 0.822 seconds
[2026-04-30T03:29:18.598+0000] {processor.py:161} INFO - Started process (PID=6966) to work on /opt/airflow/dags/flight-pipeline.py
[2026-04-30T03:29:18.606+0000] {processor.py:830} INFO - Processing file /opt/airflow/dags/flight-pipeline.py for tasks to queue
[2026-04-30T03:29:18.607+0000] {logging_mixin.py:188} INFO - [2026-04-30T03:29:18.606+0000] {dagbag.py:545} INFO - Filling up the DagBag from /opt/airflow/dags/flight-pipeline.py
[2026-04-30T03:29:19.288+0000] {processor.py:840} INFO - DAG(s) 'flights_ops_medallion_pipe' retrieved from /opt/airflow/dags/flight-pipeline.py
[2026-04-30T03:29:19.324+0000] {logging_mixin.py:188} INFO - [2026-04-30T03:29:19.324+0000] {dag.py:3089} INFO - Sync 1 DAGs
[2026-04-30T03:29:19.348+0000] {logging_mixin.py:188} INFO - [2026-04-30T03:29:19.348+0000] {dag.py:3947} INFO - Setting next_dagrun for flights_ops_medallion_pipe to 2026-04-30 03:00:00+00:00, run_after=2026-04-30 03:30:00+00:00
[2026-04-30T03:29:19.366+0000] {processor.py:183} INFO - Processing /opt/airflow/dags/flight-pipeline.py took 0.776 seconds
[2026-04-30T03:29:49.574+0000] {processor.py:161} INFO - Started process (PID=6969) to work on /opt/airflow/dags/flight-pipeline.py
[2026-04-30T03:29:49.582+0000] {processor.py:830} INFO - Processing file /opt/airflow/dags/flight-pipeline.py for tasks to queue
[2026-04-30T03:29:49.583+0000] {logging_mixin.py:188} INFO - [2026-04-30T03:29:49.583+0000] {dagbag.py:545} INFO - Filling up the DagBag from /opt/airflow/dags/flight-pipeline.py
[2026-04-30T03:29:50.525+0000] {processor.py:840} INFO - DAG(s) 'flights_ops_medallion_pipe' retrieved from /opt/airflow/dags/flight-pipeline.py
[2026-04-30T03:29:50.560+0000] {logging_mixin.py:188} INFO - [2026-04-30T03:29:50.560+0000] {dag.py:3089} INFO - Sync 1 DAGs
[2026-04-30T03:29:50.588+0000] {logging_mixin.py:188} INFO - [2026-04-30T03:29:50.588+0000] {dag.py:3947} INFO - Setting next_dagrun for flights_ops_medallion_pipe to 2026-04-30 03:00:00+00:00, run_after=2026-04-30 03:30:00+00:00
[2026-04-30T03:29:50.607+0000] {processor.py:183} INFO - Processing /opt/airflow/dags/flight-pipeline.py took 1.040 seconds
[2026-04-30T03:30:20.764+0000] {processor.py:161} INFO - Started process (PID=7006) to work on /opt/airflow/dags/flight-pipeline.py
[2026-04-30T03:30:20.772+0000] {processor.py:830} INFO - Processing file /opt/airflow/dags/flight-pipeline.py for tasks to queue
[2026-04-30T03:30:20.773+0000] {logging_mixin.py:188} INFO - [2026-04-30T03:30:20.773+0000] {dagbag.py:545} INFO - Filling up the DagBag from /opt/airflow/dags/flight-pipeline.py
[2026-04-30T03:30:21.462+0000] {processor.py:840} INFO - DAG(s) 'flights_ops_medallion_pipe' retrieved from /opt/airflow/dags/flight-pipeline.py
[2026-04-30T03:30:21.497+0000] {logging_mixin.py:188} INFO - [2026-04-30T03:30:21.496+0000] {dag.py:3089} INFO - Sync 1 DAGs
[2026-04-30T03:30:21.523+0000] {logging_mixin.py:188} INFO - [2026-04-30T03:30:21.523+0000] {dag.py:3947} INFO - Setting next_dagrun for flights_ops_medallion_pipe to 2026-04-30 03:30:00+00:00, run_after=2026-04-30 04:00:00+00:00
[2026-04-30T03:30:21.543+0000] {processor.py:183} INFO - Processing /opt/airflow/dags/flight-pipeline.py took 0.787 seconds
[2026-04-30T03:30:51.789+0000] {processor.py:161} INFO - Started process (PID=7019) to work on /opt/airflow/dags/flight-pipeline.py
[2026-04-30T03:30:51.803+0000] {processor.py:830} INFO - Processing file /opt/airflow/dags/flight-pipeline.py for tasks to queue
[2026-04-30T03:30:51.805+0000] {logging_mixin.py:188} INFO - [2026-04-30T03:30:51.804+0000] {dagbag.py:545} INFO - Filling up the DagBag from /opt/airflow/dags/flight-pipeline.py
[2026-04-30T03:30:53.548+0000] {processor.py:840} INFO - DAG(s) 'flights_ops_medallion_pipe' retrieved from /opt/airflow/dags/flight-pipeline.py
[2026-04-30T03:30:53.679+0000] {logging_mixin.py:188} INFO - [2026-04-30T03:30:53.679+0000] {dag.py:3089} INFO - Sync 1 DAGs
[2026-04-30T03:30:53.762+0000] {logging_mixin.py:188} INFO - [2026-04-30T03:30:53.761+0000] {dag.py:3947} INFO - Setting next_dagrun for flights_ops_medallion_pipe to 2026-04-30 03:30:00+00:00, run_after=2026-04-30 04:00:00+00:00
[2026-04-30T03:30:53.808+0000] {processor.py:183} INFO - Processing /opt/airflow/dags/flight-pipeline.py took 2.029 seconds
[2026-04-30T03:31:24.016+0000] {processor.py:161} INFO - Started process (PID=7022) to work on /opt/airflow/dags/flight-pipeline.py
[2026-04-30T03:31:24.031+0000] {processor.py:830} INFO - Processing file /opt/airflow/dags/flight-pipeline.py for tasks to queue
[2026-04-30T03:31:24.048+0000] {logging_mixin.py:188} INFO - [2026-04-30T03:31:24.037+0000] {dagbag.py:545} INFO - Filling up the DagBag from /opt/airflow/dags/flight-pipeline.py
[2026-04-30T03:31:24.985+0000] {processor.py:840} INFO - DAG(s) 'flights_ops_medallion_pipe' retrieved from /opt/airflow/dags/flight-pipeline.py
[2026-04-30T03:31:25.021+0000] {logging_mixin.py:188} INFO - [2026-04-30T03:31:25.020+0000] {dag.py:3089} INFO - Sync 1 DAGs
[2026-04-30T03:31:25.048+0000] {logging_mixin.py:188} INFO - [2026-04-30T03:31:25.048+0000] {dag.py:3947} INFO - Setting next_dagrun for flights_ops_medallion_pipe to 2026-04-30 03:30:00+00:00, run_after=2026-04-30 04:00:00+00:00
[2026-04-30T03:31:25.071+0000] {processor.py:183} INFO - Processing /opt/airflow/dags/flight-pipeline.py took 1.063 seconds
[2026-04-30T03:31:55.221+0000] {processor.py:161} INFO - Started process (PID=7025) to work on /opt/airflow/dags/flight-pipeline.py
[2026-04-30T03:31:55.228+0000] {processor.py:830} INFO - Processing file /opt/airflow/dags/flight-pipeline.py for tasks to queue
[2026-04-30T03:31:55.230+0000] {logging_mixin.py:188} INFO - [2026-04-30T03:31:55.229+0000] {dagbag.py:545} INFO - Filling up the DagBag from /opt/airflow/dags/flight-pipeline.py
[2026-04-30T03:31:55.943+0000] {processor.py:840} INFO - DAG(s) 'flights_ops_medallion_pipe' retrieved from /opt/airflow/dags/flight-pipeline.py
[2026-04-30T03:31:55.978+0000] {logging_mixin.py:188} INFO - [2026-04-30T03:31:55.977+0000] {dag.py:3089} INFO - Sync 1 DAGs
[2026-04-30T03:31:56.003+0000] {logging_mixin.py:188} INFO - [2026-04-30T03:31:56.003+0000] {dag.py:3947} INFO - Setting next_dagrun for flights_ops_medallion_pipe to 2026-04-30 03:30:00+00:00, run_after=2026-04-30 04:00:00+00:00
[2026-04-30T03:31:56.022+0000] {processor.py:183} INFO - Processing /opt/airflow/dags/flight-pipeline.py took 0.808 seconds
[2026-04-30T03:32:26.224+0000] {processor.py:161} INFO - Started process (PID=7028) to work on /opt/airflow/dags/flight-pipeline.py
[2026-04-30T03:32:26.227+0000] {processor.py:830} INFO - Processing file /opt/airflow/dags/flight-pipeline.py for tasks to queue
[2026-04-30T03:32:26.229+0000] {logging_mixin.py:188} INFO - [2026-04-30T03:32:26.228+0000] {dagbag.py:545} INFO - Filling up the DagBag from /opt/airflow/dags/flight-pipeline.py
[2026-04-30T03:32:27.194+0000] {processor.py:840} INFO - DAG(s) 'flights_ops_medallion_pipe' retrieved from /opt/airflow/dags/flight-pipeline.py
[2026-04-30T03:32:27.239+0000] {logging_mixin.py:188} INFO - [2026-04-30T03:32:27.238+0000] {dag.py:3089} INFO - Sync 1 DAGs
[2026-04-30T03:32:27.277+0000] {logging_mixin.py:188} INFO - [2026-04-30T03:32:27.277+0000] {dag.py:3947} INFO - Setting next_dagrun for flights_ops_medallion_pipe to 2026-04-30 03:30:00+00:00, run_after=2026-04-30 04:00:00+00:00
[2026-04-30T03:32:27.302+0000] {processor.py:183} INFO - Processing /opt/airflow/dags/flight-pipeline.py took 1.090 seconds
[2026-04-30T03:32:57.400+0000] {processor.py:161} INFO - Started process (PID=7031) to work on /opt/airflow/dags/flight-pipeline.py
[2026-04-30T03:32:57.401+0000] {processor.py:830} INFO - Processing file /opt/airflow/dags/flight-pipeline.py for tasks to queue
[2026-04-30T03:32:57.402+0000] {logging_mixin.py:188} INFO - [2026-04-30T03:32:57.402+0000] {dagbag.py:545} INFO - Filling up the DagBag from /opt/airflow/dags/flight-pipeline.py
[2026-04-30T03:32:58.155+0000] {processor.py:840} INFO - DAG(s) 'flights_ops_medallion_pipe' retrieved from /opt/airflow/dags/flight-pipeline.py
[2026-04-30T03:32:58.193+0000] {logging_mixin.py:188} INFO - [2026-04-30T03:32:58.192+0000] {dag.py:3089} INFO - Sync 1 DAGs
[2026-04-30T03:32:58.223+0000] {logging_mixin.py:188} INFO - [2026-04-30T03:32:58.223+0000] {dag.py:3947} INFO - Setting next_dagrun for flights_ops_medallion_pipe to 2026-04-30 03:30:00+00:00, run_after=2026-04-30 04:00:00+00:00
[2026-04-30T03:32:58.246+0000] {processor.py:183} INFO - Processing /opt/airflow/dags/flight-pipeline.py took 0.856 seconds
[2026-04-30T03:33:28.428+0000] {processor.py:161} INFO - Started process (PID=7034) to work on /opt/airflow/dags/flight-pipeline.py
[2026-04-30T03:33:28.429+0000] {processor.py:830} INFO - Processing file /opt/airflow/dags/flight-pipeline.py for tasks to queue
[2026-04-30T03:33:28.430+0000] {logging_mixin.py:188} INFO - [2026-04-30T03:33:28.430+0000] {dagbag.py:545} INFO - Filling up the DagBag from /opt/airflow/dags/flight-pipeline.py
[2026-04-30T03:33:29.151+0000] {processor.py:840} INFO - DAG(s) 'flights_ops_medallion_pipe' retrieved from /opt/airflow/dags/flight-pipeline.py
[2026-04-30T03:33:29.187+0000] {logging_mixin.py:188} INFO - [2026-04-30T03:33:29.187+0000] {dag.py:3089} INFO - Sync 1 DAGs
[2026-04-30T03:33:29.213+0000] {logging_mixin.py:188} INFO - [2026-04-30T03:33:29.212+0000] {dag.py:3947} INFO - Setting next_dagrun for flights_ops_medallion_pipe to 2026-04-30 03:30:00+00:00, run_after=2026-04-30 04:00:00+00:00
[2026-04-30T03:33:29.232+0000] {processor.py:183} INFO - Processing /opt/airflow/dags/flight-pipeline.py took 0.811 seconds
[2026-04-30T03:33:59.420+0000] {processor.py:161} INFO - Started process (PID=7037) to work on /opt/airflow/dags/flight-pipeline.py
[2026-04-30T03:33:59.422+0000] {processor.py:830} INFO - Processing file /opt/airflow/dags/flight-pipeline.py for tasks to queue
[2026-04-30T03:33:59.423+0000] {logging_mixin.py:188} INFO - [2026-04-30T03:33:59.423+0000] {dagbag.py:545} INFO - Filling up the DagBag from /opt/airflow/dags/flight-pipeline.py
[2026-04-30T03:34:00.088+0000] {processor.py:840} INFO - DAG(s) 'flights_ops_medallion_pipe' retrieved from /opt/airflow/dags/flight-pipeline.py
[2026-04-30T03:34:00.124+0000] {logging_mixin.py:188} INFO - [2026-04-30T03:34:00.124+0000] {dag.py:3089} INFO - Sync 1 DAGs
[2026-04-30T03:34:00.149+0000] {logging_mixin.py:188} INFO - [2026-04-30T03:34:00.149+0000] {dag.py:3947} INFO - Setting next_dagrun for flights_ops_medallion_pipe to 2026-04-30 03:30:00+00:00, run_after=2026-04-30 04:00:00+00:00
[2026-04-30T03:34:00.168+0000] {processor.py:183} INFO - Processing /opt/airflow/dags/flight-pipeline.py took 0.756 seconds
[2026-04-30T03:34:30.367+0000] {processor.py:161} INFO - Started process (PID=7040) to work on /opt/airflow/dags/flight-pipeline.py
[2026-04-30T03:34:30.369+0000] {processor.py:830} INFO - Processing file /opt/airflow/dags/flight-pipeline.py for tasks to queue
[2026-04-30T03:34:30.370+0000] {logging_mixin.py:188} INFO - [2026-04-30T03:34:30.370+0000] {dagbag.py:545} INFO - Filling up the DagBag from /opt/airflow/dags/flight-pipeline.py
[2026-04-30T03:34:31.047+0000] {processor.py:840} INFO - DAG(s) 'flights_ops_medallion_pipe' retrieved from /opt/airflow/dags/flight-pipeline.py
[2026-04-30T03:34:31.090+0000] {logging_mixin.py:188} INFO - [2026-04-30T03:34:31.090+0000] {dag.py:3089} INFO - Sync 1 DAGs
[2026-04-30T03:34:31.113+0000] {logging_mixin.py:188} INFO - [2026-04-30T03:34:31.113+0000] {dag.py:3947} INFO - Setting next_dagrun for flights_ops_medallion_pipe to 2026-04-30 03:30:00+00:00, run_after=2026-04-30 04:00:00+00:00
[2026-04-30T03:34:31.134+0000] {processor.py:183} INFO - Processing /opt/airflow/dags/flight-pipeline.py took 0.776 seconds
[2026-04-30T03:35:01.334+0000] {processor.py:161} INFO - Started process (PID=7043) to work on /opt/airflow/dags/flight-pipeline.py
[2026-04-30T03:35:01.341+0000] {processor.py:830} INFO - Processing file /opt/airflow/dags/flight-pipeline.py for tasks to queue
[2026-04-30T03:35:01.342+0000] {logging_mixin.py:188} INFO - [2026-04-30T03:35:01.342+0000] {dagbag.py:545} INFO - Filling up the DagBag from /opt/airflow/dags/flight-pipeline.py
[2026-04-30T03:35:02.017+0000] {processor.py:840} INFO - DAG(s) 'flights_ops_medallion_pipe' retrieved from /opt/airflow/dags/flight-pipeline.py
[2026-04-30T03:35:02.051+0000] {logging_mixin.py:188} INFO - [2026-04-30T03:35:02.050+0000] {dag.py:3089} INFO - Sync 1 DAGs
[2026-04-30T03:35:02.075+0000] {logging_mixin.py:188} INFO - [2026-04-30T03:35:02.075+0000] {dag.py:3947} INFO - Setting next_dagrun for flights_ops_medallion_pipe to 2026-04-30 03:30:00+00:00, run_after=2026-04-30 04:00:00+00:00
[2026-04-30T03:35:02.094+0000] {processor.py:183} INFO - Processing /opt/airflow/dags/flight-pipeline.py took 0.768 seconds
[2026-04-30T03:35:32.294+0000] {processor.py:161} INFO - Started process (PID=7046) to work on /opt/airflow/dags/flight-pipeline.py
[2026-04-30T03:35:32.301+0000] {processor.py:830} INFO - Processing file /opt/airflow/dags/flight-pipeline.py for tasks to queue
[2026-04-30T03:35:32.303+0000] {logging_mixin.py:188} INFO - [2026-04-30T03:35:32.302+0000] {dagbag.py:545} INFO - Filling up the DagBag from /opt/airflow/dags/flight-pipeline.py
[2026-04-30T03:35:32.966+0000] {processor.py:840} INFO - DAG(s) 'flights_ops_medallion_pipe' retrieved from /opt/airflow/dags/flight-pipeline.py
[2026-04-30T03:35:33.000+0000] {logging_mixin.py:188} INFO - [2026-04-30T03:35:33.000+0000] {dag.py:3089} INFO - Sync 1 DAGs
[2026-04-30T03:35:33.024+0000] {logging_mixin.py:188} INFO - [2026-04-30T03:35:33.024+0000] {dag.py:3947} INFO - Setting next_dagrun for flights_ops_medallion_pipe to 2026-04-30 03:30:00+00:00, run_after=2026-04-30 04:00:00+00:00
[2026-04-30T03:35:33.045+0000] {processor.py:183} INFO - Processing /opt/airflow/dags/flight-pipeline.py took 0.758 seconds
[2026-04-30T03:36:03.798+0000] {processor.py:161} INFO - Started process (PID=7049) to work on /opt/airflow/dags/flight-pipeline.py
[2026-04-30T03:36:03.811+0000] {processor.py:830} INFO - Processing file /opt/airflow/dags/flight-pipeline.py for tasks to queue
[2026-04-30T03:36:03.816+0000] {logging_mixin.py:188} INFO - [2026-04-30T03:36:03.813+0000] {dagbag.py:545} INFO - Filling up the DagBag from /opt/airflow/dags/flight-pipeline.py
[2026-04-30T03:36:06.811+0000] {processor.py:840} INFO - DAG(s) 'flights_ops_medallion_pipe' retrieved from /opt/airflow/dags/flight-pipeline.py
[2026-04-30T03:36:06.954+0000] {logging_mixin.py:188} INFO - [2026-04-30T03:36:06.953+0000] {dag.py:3089} INFO - Sync 1 DAGs
[2026-04-30T03:36:07.023+0000] {logging_mixin.py:188} INFO - [2026-04-30T03:36:07.023+0000] {dag.py:3947} INFO - Setting next_dagrun for flights_ops_medallion_pipe to 2026-04-30 03:30:00+00:00, run_after=2026-04-30 04:00:00+00:00
[2026-04-30T03:36:07.058+0000] {processor.py:183} INFO - Processing /opt/airflow/dags/flight-pipeline.py took 3.295 seconds
[2026-04-30T03:36:37.453+0000] {processor.py:161} INFO - Started process (PID=7052) to work on /opt/airflow/dags/flight-pipeline.py
[2026-04-30T03:36:37.459+0000] {processor.py:830} INFO - Processing file /opt/airflow/dags/flight-pipeline.py for tasks to queue
[2026-04-30T03:36:37.461+0000] {logging_mixin.py:188} INFO - [2026-04-30T03:36:37.460+0000] {dagbag.py:545} INFO - Filling up the DagBag from /opt/airflow/dags/flight-pipeline.py
[2026-04-30T03:36:38.297+0000] {processor.py:840} INFO - DAG(s) 'flights_ops_medallion_pipe' retrieved from /opt/airflow/dags/flight-pipeline.py
[2026-04-30T03:36:38.335+0000] {logging_mixin.py:188} INFO - [2026-04-30T03:36:38.334+0000] {dag.py:3089} INFO - Sync 1 DAGs
[2026-04-30T03:36:38.361+0000] {logging_mixin.py:188} INFO - [2026-04-30T03:36:38.360+0000] {dag.py:3947} INFO - Setting next_dagrun for flights_ops_medallion_pipe to 2026-04-30 03:30:00+00:00, run_after=2026-04-30 04:00:00+00:00
[2026-04-30T03:36:38.389+0000] {processor.py:183} INFO - Processing /opt/airflow/dags/flight-pipeline.py took 0.945 seconds
[2026-04-30T03:37:08.635+0000] {processor.py:161} INFO - Started process (PID=7055) to work on /opt/airflow/dags/flight-pipeline.py
[2026-04-30T03:37:08.638+0000] {processor.py:830} INFO - Processing file /opt/airflow/dags/flight-pipeline.py for tasks to queue
[2026-04-30T03:37:08.639+0000] {logging_mixin.py:188} INFO - [2026-04-30T03:37:08.638+0000] {dagbag.py:545} INFO - Filling up the DagBag from /opt/airflow/dags/flight-pipeline.py
[2026-04-30T03:37:09.465+0000] {processor.py:840} INFO - DAG(s) 'flights_ops_medallion_pipe' retrieved from /opt/airflow/dags/flight-pipeline.py
[2026-04-30T03:37:09.503+0000] {logging_mixin.py:188} INFO - [2026-04-30T03:37:09.503+0000] {dag.py:3089} INFO - Sync 1 DAGs
[2026-04-30T03:37:09.527+0000] {logging_mixin.py:188} INFO - [2026-04-30T03:37:09.527+0000] {dag.py:3947} INFO - Setting next_dagrun for flights_ops_medallion_pipe to 2026-04-30 03:30:00+00:00, run_after=2026-04-30 04:00:00+00:00
[2026-04-30T03:37:09.545+0000] {processor.py:183} INFO - Processing /opt/airflow/dags/flight-pipeline.py took 0.919 seconds
[2026-04-30T03:37:39.788+0000] {processor.py:161} INFO - Started process (PID=7058) to work on /opt/airflow/dags/flight-pipeline.py
[2026-04-30T03:37:39.791+0000] {processor.py:830} INFO - Processing file /opt/airflow/dags/flight-pipeline.py for tasks to queue
[2026-04-30T03:37:39.792+0000] {logging_mixin.py:188} INFO - [2026-04-30T03:37:39.792+0000] {dagbag.py:545} INFO - Filling up the DagBag from /opt/airflow/dags/flight-pipeline.py
[2026-04-30T03:37:40.449+0000] {processor.py:840} INFO - DAG(s) 'flights_ops_medallion_pipe' retrieved from /opt/airflow/dags/flight-pipeline.py
[2026-04-30T03:37:40.488+0000] {logging_mixin.py:188} INFO - [2026-04-30T03:37:40.488+0000] {dag.py:3089} INFO - Sync 1 DAGs
[2026-04-30T03:37:40.514+0000] {logging_mixin.py:188} INFO - [2026-04-30T03:37:40.514+0000] {dag.py:3947} INFO - Setting next_dagrun for flights_ops_medallion_pipe to 2026-04-30 03:30:00+00:00, run_after=2026-04-30 04:00:00+00:00
[2026-04-30T03:37:40.531+0000] {processor.py:183} INFO - Processing /opt/airflow/dags/flight-pipeline.py took 0.751 seconds
[2026-04-30T03:38:10.700+0000] {processor.py:161} INFO - Started process (PID=7061) to work on /opt/airflow/dags/flight-pipeline.py
[2026-04-30T03:38:10.707+0000] {processor.py:830} INFO - Processing file /opt/airflow/dags/flight-pipeline.py for tasks to queue
[2026-04-30T03:38:10.709+0000] {logging_mixin.py:188} INFO - [2026-04-30T03:38:10.708+0000] {dagbag.py:545} INFO - Filling up the DagBag from /opt/airflow/dags/flight-pipeline.py
[2026-04-30T03:38:11.409+0000] {processor.py:840} INFO - DAG(s) 'flights_ops_medallion_pipe' retrieved from /opt/airflow/dags/flight-pipeline.py
[2026-04-30T03:38:11.442+0000] {logging_mixin.py:188} INFO - [2026-04-30T03:38:11.442+0000] {dag.py:3089} INFO - Sync 1 DAGs
[2026-04-30T03:38:11.466+0000] {logging_mixin.py:188} INFO - [2026-04-30T03:38:11.466+0000] {dag.py:3947} INFO - Setting next_dagrun for flights_ops_medallion_pipe to 2026-04-30 03:30:00+00:00, run_after=2026-04-30 04:00:00+00:00
[2026-04-30T03:38:11.484+0000] {processor.py:183} INFO - Processing /opt/airflow/dags/flight-pipeline.py took 0.792 seconds
[2026-04-30T03:38:41.728+0000] {processor.py:161} INFO - Started process (PID=7064) to work on /opt/airflow/dags/flight-pipeline.py
[2026-04-30T03:38:41.736+0000] {processor.py:830} INFO - Processing file /opt/airflow/dags/flight-pipeline.py for tasks to queue
[2026-04-30T03:38:41.737+0000] {logging_mixin.py:188} INFO - [2026-04-30T03:38:41.737+0000] {dagbag.py:545} INFO - Filling up the DagBag from /opt/airflow/dags/flight-pipeline.py
[2026-04-30T03:38:42.406+0000] {processor.py:840} INFO - DAG(s) 'flights_ops_medallion_pipe' retrieved from /opt/airflow/dags/flight-pipeline.py
[2026-04-30T03:38:42.439+0000] {logging_mixin.py:188} INFO - [2026-04-30T03:38:42.439+0000] {dag.py:3089} INFO - Sync 1 DAGs
[2026-04-30T03:38:42.466+0000] {logging_mixin.py:188} INFO - [2026-04-30T03:38:42.466+0000] {dag.py:3947} INFO - Setting next_dagrun for flights_ops_medallion_pipe to 2026-04-30 03:30:00+00:00, run_after=2026-04-30 04:00:00+00:00
[2026-04-30T03:38:42.487+0000] {processor.py:183} INFO - Processing /opt/airflow/dags/flight-pipeline.py took 0.767 seconds
[2026-04-30T03:39:12.722+0000] {processor.py:161} INFO - Started process (PID=7067) to work on /opt/airflow/dags/flight-pipeline.py
[2026-04-30T03:39:12.730+0000] {processor.py:830} INFO - Processing file /opt/airflow/dags/flight-pipeline.py for tasks to queue
[2026-04-30T03:39:12.731+0000] {logging_mixin.py:188} INFO - [2026-04-30T03:39:12.730+0000] {dagbag.py:545} INFO - Filling up the DagBag from /opt/airflow/dags/flight-pipeline.py
[2026-04-30T03:39:13.416+0000] {processor.py:840} INFO - DAG(s) 'flights_ops_medallion_pipe' retrieved from /opt/airflow/dags/flight-pipeline.py
[2026-04-30T03:39:13.450+0000] {logging_mixin.py:188} INFO - [2026-04-30T03:39:13.449+0000] {dag.py:3089} INFO - Sync 1 DAGs
[2026-04-30T03:39:13.475+0000] {logging_mixin.py:188} INFO - [2026-04-30T03:39:13.475+0000] {dag.py:3947} INFO - Setting next_dagrun for flights_ops_medallion_pipe to 2026-04-30 03:30:00+00:00, run_after=2026-04-30 04:00:00+00:00
[2026-04-30T03:39:13.497+0000] {processor.py:183} INFO - Processing /opt/airflow/dags/flight-pipeline.py took 0.783 seconds
[2026-04-30T03:39:43.708+0000] {processor.py:161} INFO - Started process (PID=7070) to work on /opt/airflow/dags/flight-pipeline.py
[2026-04-30T03:39:43.716+0000] {processor.py:830} INFO - Processing file /opt/airflow/dags/flight-pipeline.py for tasks to queue
[2026-04-30T03:39:43.717+0000] {logging_mixin.py:188} INFO - [2026-04-30T03:39:43.717+0000] {dagbag.py:545} INFO - Filling up the DagBag from /opt/airflow/dags/flight-pipeline.py
[2026-04-30T03:39:44.399+0000] {processor.py:840} INFO - DAG(s) 'flights_ops_medallion_pipe' retrieved from /opt/airflow/dags/flight-pipeline.py
[2026-04-30T03:39:44.440+0000] {logging_mixin.py:188} INFO - [2026-04-30T03:39:44.440+0000] {dag.py:3089} INFO - Sync 1 DAGs
[2026-04-30T03:39:44.463+0000] {logging_mixin.py:188} INFO - [2026-04-30T03:39:44.463+0000] {dag.py:3947} INFO - Setting next_dagrun for flights_ops_medallion_pipe to 2026-04-30 03:30:00+00:00, run_after=2026-04-30 04:00:00+00:00
[2026-04-30T03:39:44.485+0000] {processor.py:183} INFO - Processing /opt/airflow/dags/flight-pipeline.py took 0.786 seconds
[2026-04-30T03:40:14.633+0000] {processor.py:161} INFO - Started process (PID=7073) to work on /opt/airflow/dags/flight-pipeline.py
[2026-04-30T03:40:14.662+0000] {processor.py:830} INFO - Processing file /opt/airflow/dags/flight-pipeline.py for tasks to queue
[2026-04-30T03:40:14.668+0000] {logging_mixin.py:188} INFO - [2026-04-30T03:40:14.665+0000] {dagbag.py:545} INFO - Filling up the DagBag from /opt/airflow/dags/flight-pipeline.py
[2026-04-30T03:40:15.356+0000] {processor.py:840} INFO - DAG(s) 'flights_ops_medallion_pipe' retrieved from /opt/airflow/dags/flight-pipeline.py
[2026-04-30T03:40:15.391+0000] {logging_mixin.py:188} INFO - [2026-04-30T03:40:15.391+0000] {dag.py:3089} INFO - Sync 1 DAGs
[2026-04-30T03:40:15.416+0000] {logging_mixin.py:188} INFO - [2026-04-30T03:40:15.415+0000] {dag.py:3947} INFO - Setting next_dagrun for flights_ops_medallion_pipe to 2026-04-30 03:30:00+00:00, run_after=2026-04-30 04:00:00+00:00
[2026-04-30T03:40:15.433+0000] {processor.py:183} INFO - Processing /opt/airflow/dags/flight-pipeline.py took 0.834 seconds
[2026-04-30T03:40:45.718+0000] {processor.py:161} INFO - Started process (PID=7076) to work on /opt/airflow/dags/flight-pipeline.py
[2026-04-30T03:40:45.721+0000] {processor.py:830} INFO - Processing file /opt/airflow/dags/flight-pipeline.py for tasks to queue
[2026-04-30T03:40:45.722+0000] {logging_mixin.py:188} INFO - [2026-04-30T03:40:45.722+0000] {dagbag.py:545} INFO - Filling up the DagBag from /opt/airflow/dags/flight-pipeline.py
[2026-04-30T03:40:46.369+0000] {processor.py:840} INFO - DAG(s) 'flights_ops_medallion_pipe' retrieved from /opt/airflow/dags/flight-pipeline.py
[2026-04-30T03:40:46.406+0000] {logging_mixin.py:188} INFO - [2026-04-30T03:40:46.406+0000] {dag.py:3089} INFO - Sync 1 DAGs
[2026-04-30T03:40:46.429+0000] {logging_mixin.py:188} INFO - [2026-04-30T03:40:46.429+0000] {dag.py:3947} INFO - Setting next_dagrun for flights_ops_medallion_pipe to 2026-04-30 03:30:00+00:00, run_after=2026-04-30 04:00:00+00:00
[2026-04-30T03:40:46.449+0000] {processor.py:183} INFO - Processing /opt/airflow/dags/flight-pipeline.py took 0.739 seconds
[2026-04-30T03:41:16.693+0000] {processor.py:161} INFO - Started process (PID=7079) to work on /opt/airflow/dags/flight-pipeline.py
[2026-04-30T03:41:16.696+0000] {processor.py:830} INFO - Processing file /opt/airflow/dags/flight-pipeline.py for tasks to queue
[2026-04-30T03:41:16.697+0000] {logging_mixin.py:188} INFO - [2026-04-30T03:41:16.697+0000] {dagbag.py:545} INFO - Filling up the DagBag from /opt/airflow/dags/flight-pipeline.py
[2026-04-30T03:41:17.352+0000] {processor.py:840} INFO - DAG(s) 'flights_ops_medallion_pipe' retrieved from /opt/airflow/dags/flight-pipeline.py
[2026-04-30T03:41:17.387+0000] {logging_mixin.py:188} INFO - [2026-04-30T03:41:17.386+0000] {dag.py:3089} INFO - Sync 1 DAGs
[2026-04-30T03:41:17.411+0000] {logging_mixin.py:188} INFO - [2026-04-30T03:41:17.411+0000] {dag.py:3947} INFO - Setting next_dagrun for flights_ops_medallion_pipe to 2026-04-30 03:30:00+00:00, run_after=2026-04-30 04:00:00+00:00
[2026-04-30T03:41:17.433+0000] {processor.py:183} INFO - Processing /opt/airflow/dags/flight-pipeline.py took 0.749 seconds
[2026-04-30T03:41:47.672+0000] {processor.py:161} INFO - Started process (PID=7082) to work on /opt/airflow/dags/flight-pipeline.py
[2026-04-30T03:41:47.675+0000] {processor.py:830} INFO - Processing file /opt/airflow/dags/flight-pipeline.py for tasks to queue
[2026-04-30T03:41:47.676+0000] {logging_mixin.py:188} INFO - [2026-04-30T03:41:47.676+0000] {dagbag.py:545} INFO - Filling up the DagBag from /opt/airflow/dags/flight-pipeline.py
[2026-04-30T03:41:48.315+0000] {processor.py:840} INFO - DAG(s) 'flights_ops_medallion_pipe' retrieved from /opt/airflow/dags/flight-pipeline.py
[2026-04-30T03:41:48.348+0000] {logging_mixin.py:188} INFO - [2026-04-30T03:41:48.348+0000] {dag.py:3089} INFO - Sync 1 DAGs
[2026-04-30T03:41:48.396+0000] {logging_mixin.py:188} INFO - [2026-04-30T03:41:48.396+0000] {dag.py:3947} INFO - Setting next_dagrun for flights_ops_medallion_pipe to 2026-04-30 03:30:00+00:00, run_after=2026-04-30 04:00:00+00:00
[2026-04-30T03:41:48.441+0000] {processor.py:183} INFO - Processing /opt/airflow/dags/flight-pipeline.py took 0.777 seconds
[2026-04-30T03:42:18.725+0000] {processor.py:161} INFO - Started process (PID=7085) to work on /opt/airflow/dags/flight-pipeline.py
[2026-04-30T03:42:18.728+0000] {processor.py:830} INFO - Processing file /opt/airflow/dags/flight-pipeline.py for tasks to queue
[2026-04-30T03:42:18.729+0000] {logging_mixin.py:188} INFO - [2026-04-30T03:42:18.729+0000] {dagbag.py:545} INFO - Filling up the DagBag from /opt/airflow/dags/flight-pipeline.py
[2026-04-30T03:42:19.372+0000] {processor.py:840} INFO - DAG(s) 'flights_ops_medallion_pipe' retrieved from /opt/airflow/dags/flight-pipeline.py
[2026-04-30T03:42:19.407+0000] {logging_mixin.py:188} INFO - [2026-04-30T03:42:19.407+0000] {dag.py:3089} INFO - Sync 1 DAGs
[2026-04-30T03:42:19.435+0000] {logging_mixin.py:188} INFO - [2026-04-30T03:42:19.435+0000] {dag.py:3947} INFO - Setting next_dagrun for flights_ops_medallion_pipe to 2026-04-30 03:30:00+00:00, run_after=2026-04-30 04:00:00+00:00
[2026-04-30T03:42:19.456+0000] {processor.py:183} INFO - Processing /opt/airflow/dags/flight-pipeline.py took 0.744 seconds
[2026-04-30T03:42:50.036+0000] {processor.py:161} INFO - Started process (PID=7088) to work on /opt/airflow/dags/flight-pipeline.py
[2026-04-30T03:42:50.041+0000] {processor.py:830} INFO - Processing file /opt/airflow/dags/flight-pipeline.py for tasks to queue
[2026-04-30T03:42:50.043+0000] {logging_mixin.py:188} INFO - [2026-04-30T03:42:50.042+0000] {dagbag.py:545} INFO - Filling up the DagBag from /opt/airflow/dags/flight-pipeline.py
[2026-04-30T03:42:50.752+0000] {processor.py:840} INFO - DAG(s) 'flights_ops_medallion_pipe' retrieved from /opt/airflow/dags/flight-pipeline.py
[2026-04-30T03:42:50.786+0000] {logging_mixin.py:188} INFO - [2026-04-30T03:42:50.786+0000] {dag.py:3089} INFO - Sync 1 DAGs
[2026-04-30T03:42:50.809+0000] {logging_mixin.py:188} INFO - [2026-04-30T03:42:50.809+0000] {dag.py:3947} INFO - Setting next_dagrun for flights_ops_medallion_pipe to 2026-04-30 03:30:00+00:00, run_after=2026-04-30 04:00:00+00:00
[2026-04-30T03:42:50.868+0000] {processor.py:183} INFO - Processing /opt/airflow/dags/flight-pipeline.py took 0.862 seconds
[2026-04-30T03:43:21.187+0000] {processor.py:161} INFO - Started process (PID=7091) to work on /opt/airflow/dags/flight-pipeline.py
[2026-04-30T03:43:21.196+0000] {processor.py:830} INFO - Processing file /opt/airflow/dags/flight-pipeline.py for tasks to queue
[2026-04-30T03:43:21.199+0000] {logging_mixin.py:188} INFO - [2026-04-30T03:43:21.198+0000] {dagbag.py:545} INFO - Filling up the DagBag from /opt/airflow/dags/flight-pipeline.py
[2026-04-30T03:43:21.896+0000] {processor.py:840} INFO - DAG(s) 'flights_ops_medallion_pipe' retrieved from /opt/airflow/dags/flight-pipeline.py
[2026-04-30T03:43:21.929+0000] {logging_mixin.py:188} INFO - [2026-04-30T03:43:21.929+0000] {dag.py:3089} INFO - Sync 1 DAGs
[2026-04-30T03:43:21.952+0000] {logging_mixin.py:188} INFO - [2026-04-30T03:43:21.952+0000] {dag.py:3947} INFO - Setting next_dagrun for flights_ops_medallion_pipe to 2026-04-30 03:30:00+00:00, run_after=2026-04-30 04:00:00+00:00
[2026-04-30T03:43:21.972+0000] {processor.py:183} INFO - Processing /opt/airflow/dags/flight-pipeline.py took 0.793 seconds
[2026-04-30T03:43:52.248+0000] {processor.py:161} INFO - Started process (PID=7094) to work on /opt/airflow/dags/flight-pipeline.py
[2026-04-30T03:43:52.251+0000] {processor.py:830} INFO - Processing file /opt/airflow/dags/flight-pipeline.py for tasks to queue
[2026-04-30T03:43:52.252+0000] {logging_mixin.py:188} INFO - [2026-04-30T03:43:52.251+0000] {dagbag.py:545} INFO - Filling up the DagBag from /opt/airflow/dags/flight-pipeline.py
[2026-04-30T03:43:52.939+0000] {processor.py:840} INFO - DAG(s) 'flights_ops_medallion_pipe' retrieved from /opt/airflow/dags/flight-pipeline.py
[2026-04-30T03:43:52.972+0000] {logging_mixin.py:188} INFO - [2026-04-30T03:43:52.972+0000] {dag.py:3089} INFO - Sync 1 DAGs
[2026-04-30T03:43:52.994+0000] {logging_mixin.py:188} INFO - [2026-04-30T03:43:52.994+0000] {dag.py:3947} INFO - Setting next_dagrun for flights_ops_medallion_pipe to 2026-04-30 03:30:00+00:00, run_after=2026-04-30 04:00:00+00:00
[2026-04-30T03:43:53.015+0000] {processor.py:183} INFO - Processing /opt/airflow/dags/flight-pipeline.py took 0.775 seconds
[2026-04-30T03:44:23.269+0000] {processor.py:161} INFO - Started process (PID=7097) to work on /opt/airflow/dags/flight-pipeline.py
[2026-04-30T03:44:23.272+0000] {processor.py:830} INFO - Processing file /opt/airflow/dags/flight-pipeline.py for tasks to queue
[2026-04-30T03:44:23.273+0000] {logging_mixin.py:188} INFO - [2026-04-30T03:44:23.272+0000] {dagbag.py:545} INFO - Filling up the DagBag from /opt/airflow/dags/flight-pipeline.py
[2026-04-30T03:44:23.936+0000] {processor.py:840} INFO - DAG(s) 'flights_ops_medallion_pipe' retrieved from /opt/airflow/dags/flight-pipeline.py
[2026-04-30T03:44:23.971+0000] {logging_mixin.py:188} INFO - [2026-04-30T03:44:23.970+0000] {dag.py:3089} INFO - Sync 1 DAGs
[2026-04-30T03:44:23.993+0000] {logging_mixin.py:188} INFO - [2026-04-30T03:44:23.992+0000] {dag.py:3947} INFO - Setting next_dagrun for flights_ops_medallion_pipe to 2026-04-30 03:30:00+00:00, run_after=2026-04-30 04:00:00+00:00
[2026-04-30T03:44:24.011+0000] {processor.py:183} INFO - Processing /opt/airflow/dags/flight-pipeline.py took 0.751 seconds
[2026-04-30T03:44:54.240+0000] {processor.py:161} INFO - Started process (PID=7100) to work on /opt/airflow/dags/flight-pipeline.py
[2026-04-30T03:44:54.243+0000] {processor.py:830} INFO - Processing file /opt/airflow/dags/flight-pipeline.py for tasks to queue
[2026-04-30T03:44:54.244+0000] {logging_mixin.py:188} INFO - [2026-04-30T03:44:54.243+0000] {dagbag.py:545} INFO - Filling up the DagBag from /opt/airflow/dags/flight-pipeline.py
[2026-04-30T03:44:54.906+0000] {processor.py:840} INFO - DAG(s) 'flights_ops_medallion_pipe' retrieved from /opt/airflow/dags/flight-pipeline.py
[2026-04-30T03:44:54.940+0000] {logging_mixin.py:188} INFO - [2026-04-30T03:44:54.939+0000] {dag.py:3089} INFO - Sync 1 DAGs
[2026-04-30T03:44:54.964+0000] {logging_mixin.py:188} INFO - [2026-04-30T03:44:54.964+0000] {dag.py:3947} INFO - Setting next_dagrun for flights_ops_medallion_pipe to 2026-04-30 03:30:00+00:00, run_after=2026-04-30 04:00:00+00:00
[2026-04-30T03:44:54.982+0000] {processor.py:183} INFO - Processing /opt/airflow/dags/flight-pipeline.py took 0.750 seconds
[2026-04-30T03:45:25.189+0000] {processor.py:161} INFO - Started process (PID=7103) to work on /opt/airflow/dags/flight-pipeline.py
[2026-04-30T03:45:25.201+0000] {processor.py:830} INFO - Processing file /opt/airflow/dags/flight-pipeline.py for tasks to queue
[2026-04-30T03:45:25.210+0000] {logging_mixin.py:188} INFO - [2026-04-30T03:45:25.210+0000] {dagbag.py:545} INFO - Filling up the DagBag from /opt/airflow/dags/flight-pipeline.py
[2026-04-30T03:45:26.075+0000] {processor.py:840} INFO - DAG(s) 'flights_ops_medallion_pipe' retrieved from /opt/airflow/dags/flight-pipeline.py
[2026-04-30T03:45:26.110+0000] {logging_mixin.py:188} INFO - [2026-04-30T03:45:26.110+0000] {dag.py:3089} INFO - Sync 1 DAGs
[2026-04-30T03:45:26.140+0000] {logging_mixin.py:188} INFO - [2026-04-30T03:45:26.139+0000] {dag.py:3947} INFO - Setting next_dagrun for flights_ops_medallion_pipe to 2026-04-30 03:30:00+00:00, run_after=2026-04-30 04:00:00+00:00
[2026-04-30T03:45:26.175+0000] {processor.py:183} INFO - Processing /opt/airflow/dags/flight-pipeline.py took 1.017 seconds
[2026-04-30T03:45:56.409+0000] {processor.py:161} INFO - Started process (PID=7106) to work on /opt/airflow/dags/flight-pipeline.py
[2026-04-30T03:45:56.411+0000] {processor.py:830} INFO - Processing file /opt/airflow/dags/flight-pipeline.py for tasks to queue
[2026-04-30T03:45:56.413+0000] {logging_mixin.py:188} INFO - [2026-04-30T03:45:56.412+0000] {dagbag.py:545} INFO - Filling up the DagBag from /opt/airflow/dags/flight-pipeline.py
[2026-04-30T03:45:57.114+0000] {processor.py:840} INFO - DAG(s) 'flights_ops_medallion_pipe' retrieved from /opt/airflow/dags/flight-pipeline.py
[2026-04-30T03:45:57.156+0000] {logging_mixin.py:188} INFO - [2026-04-30T03:45:57.155+0000] {dag.py:3089} INFO - Sync 1 DAGs
[2026-04-30T03:45:57.179+0000] {logging_mixin.py:188} INFO - [2026-04-30T03:45:57.179+0000] {dag.py:3947} INFO - Setting next_dagrun for flights_ops_medallion_pipe to 2026-04-30 03:30:00+00:00, run_after=2026-04-30 04:00:00+00:00
[2026-04-30T03:45:57.198+0000] {processor.py:183} INFO - Processing /opt/airflow/dags/flight-pipeline.py took 0.800 seconds
[2026-04-30T03:46:27.979+0000] {processor.py:161} INFO - Started process (PID=7109) to work on /opt/airflow/dags/flight-pipeline.py
[2026-04-30T03:46:27.985+0000] {processor.py:830} INFO - Processing file /opt/airflow/dags/flight-pipeline.py for tasks to queue
[2026-04-30T03:46:27.987+0000] {logging_mixin.py:188} INFO - [2026-04-30T03:46:27.986+0000] {dagbag.py:545} INFO - Filling up the DagBag from /opt/airflow/dags/flight-pipeline.py
[2026-04-30T03:46:32.880+0000] {processor.py:840} INFO - DAG(s) 'flights_ops_medallion_pipe' retrieved from /opt/airflow/dags/flight-pipeline.py
[2026-04-30T03:46:32.962+0000] {logging_mixin.py:188} INFO - [2026-04-30T03:46:32.960+0000] {dag.py:3089} INFO - Sync 1 DAGs
[2026-04-30T03:46:33.040+0000] {logging_mixin.py:188} INFO - [2026-04-30T03:46:33.039+0000] {dag.py:3947} INFO - Setting next_dagrun for flights_ops_medallion_pipe to 2026-04-30 03:30:00+00:00, run_after=2026-04-30 04:00:00+00:00
[2026-04-30T03:46:33.126+0000] {processor.py:183} INFO - Processing /opt/airflow/dags/flight-pipeline.py took 5.185 seconds
[2026-04-30T03:47:03.562+0000] {processor.py:161} INFO - Started process (PID=7112) to work on /opt/airflow/dags/flight-pipeline.py
[2026-04-30T03:47:03.565+0000] {processor.py:830} INFO - Processing file /opt/airflow/dags/flight-pipeline.py for tasks to queue
[2026-04-30T03:47:03.566+0000] {logging_mixin.py:188} INFO - [2026-04-30T03:47:03.566+0000] {dagbag.py:545} INFO - Filling up the DagBag from /opt/airflow/dags/flight-pipeline.py
[2026-04-30T03:47:04.389+0000] {processor.py:840} INFO - DAG(s) 'flights_ops_medallion_pipe' retrieved from /opt/airflow/dags/flight-pipeline.py
[2026-04-30T03:47:04.434+0000] {logging_mixin.py:188} INFO - [2026-04-30T03:47:04.433+0000] {dag.py:3089} INFO - Sync 1 DAGs
[2026-04-30T03:47:04.463+0000] {logging_mixin.py:188} INFO - [2026-04-30T03:47:04.463+0000] {dag.py:3947} INFO - Setting next_dagrun for flights_ops_medallion_pipe to 2026-04-30 03:30:00+00:00, run_after=2026-04-30 04:00:00+00:00
[2026-04-30T03:47:04.483+0000] {processor.py:183} INFO - Processing /opt/airflow/dags/flight-pipeline.py took 0.931 seconds
[2026-04-30T03:47:34.751+0000] {processor.py:161} INFO - Started process (PID=7115) to work on /opt/airflow/dags/flight-pipeline.py
[2026-04-30T03:47:34.755+0000] {processor.py:830} INFO - Processing file /opt/airflow/dags/flight-pipeline.py for tasks to queue
[2026-04-30T03:47:34.757+0000] {logging_mixin.py:188} INFO - [2026-04-30T03:47:34.756+0000] {dagbag.py:545} INFO - Filling up the DagBag from /opt/airflow/dags/flight-pipeline.py
[2026-04-30T03:47:35.536+0000] {processor.py:840} INFO - DAG(s) 'flights_ops_medallion_pipe' retrieved from /opt/airflow/dags/flight-pipeline.py
[2026-04-30T03:47:35.572+0000] {logging_mixin.py:188} INFO - [2026-04-30T03:47:35.571+0000] {dag.py:3089} INFO - Sync 1 DAGs
[2026-04-30T03:47:35.599+0000] {logging_mixin.py:188} INFO - [2026-04-30T03:47:35.599+0000] {dag.py:3947} INFO - Setting next_dagrun for flights_ops_medallion_pipe to 2026-04-30 03:30:00+00:00, run_after=2026-04-30 04:00:00+00:00
[2026-04-30T03:47:35.623+0000] {processor.py:183} INFO - Processing /opt/airflow/dags/flight-pipeline.py took 0.882 seconds
[2026-04-30T03:48:05.894+0000] {processor.py:161} INFO - Started process (PID=7118) to work on /opt/airflow/dags/flight-pipeline.py
[2026-04-30T03:48:05.896+0000] {processor.py:830} INFO - Processing file /opt/airflow/dags/flight-pipeline.py for tasks to queue
[2026-04-30T03:48:05.899+0000] {logging_mixin.py:188} INFO - [2026-04-30T03:48:05.898+0000] {dagbag.py:545} INFO - Filling up the DagBag from /opt/airflow/dags/flight-pipeline.py
[2026-04-30T03:48:06.592+0000] {processor.py:840} INFO - DAG(s) 'flights_ops_medallion_pipe' retrieved from /opt/airflow/dags/flight-pipeline.py
[2026-04-30T03:48:06.641+0000] {logging_mixin.py:188} INFO - [2026-04-30T03:48:06.640+0000] {dag.py:3089} INFO - Sync 1 DAGs
[2026-04-30T03:48:06.669+0000] {logging_mixin.py:188} INFO - [2026-04-30T03:48:06.669+0000] {dag.py:3947} INFO - Setting next_dagrun for flights_ops_medallion_pipe to 2026-04-30 03:30:00+00:00, run_after=2026-04-30 04:00:00+00:00
[2026-04-30T03:48:06.689+0000] {processor.py:183} INFO - Processing /opt/airflow/dags/flight-pipeline.py took 0.804 seconds
[2026-04-30T03:48:36.945+0000] {processor.py:161} INFO - Started process (PID=7121) to work on /opt/airflow/dags/flight-pipeline.py
[2026-04-30T03:48:36.948+0000] {processor.py:830} INFO - Processing file /opt/airflow/dags/flight-pipeline.py for tasks to queue
[2026-04-30T03:48:36.949+0000] {logging_mixin.py:188} INFO - [2026-04-30T03:48:36.949+0000] {dagbag.py:545} INFO - Filling up the DagBag from /opt/airflow/dags/flight-pipeline.py
[2026-04-30T03:48:37.621+0000] {processor.py:840} INFO - DAG(s) 'flights_ops_medallion_pipe' retrieved from /opt/airflow/dags/flight-pipeline.py
[2026-04-30T03:48:37.655+0000] {logging_mixin.py:188} INFO - [2026-04-30T03:48:37.655+0000] {dag.py:3089} INFO - Sync 1 DAGs
[2026-04-30T03:48:37.679+0000] {logging_mixin.py:188} INFO - [2026-04-30T03:48:37.679+0000] {dag.py:3947} INFO - Setting next_dagrun for flights_ops_medallion_pipe to 2026-04-30 03:30:00+00:00, run_after=2026-04-30 04:00:00+00:00
[2026-04-30T03:48:37.697+0000] {processor.py:183} INFO - Processing /opt/airflow/dags/flight-pipeline.py took 0.759 seconds
[2026-04-30T03:49:07.933+0000] {processor.py:161} INFO - Started process (PID=7124) to work on /opt/airflow/dags/flight-pipeline.py
[2026-04-30T03:49:07.941+0000] {processor.py:830} INFO - Processing file /opt/airflow/dags/flight-pipeline.py for tasks to queue
[2026-04-30T03:49:07.942+0000] {logging_mixin.py:188} INFO - [2026-04-30T03:49:07.942+0000] {dagbag.py:545} INFO - Filling up the DagBag from /opt/airflow/dags/flight-pipeline.py
[2026-04-30T03:49:08.633+0000] {processor.py:840} INFO - DAG(s) 'flights_ops_medallion_pipe' retrieved from /opt/airflow/dags/flight-pipeline.py
[2026-04-30T03:49:08.674+0000] {logging_mixin.py:188} INFO - [2026-04-30T03:49:08.673+0000] {dag.py:3089} INFO - Sync 1 DAGs
[2026-04-30T03:49:08.699+0000] {logging_mixin.py:188} INFO - [2026-04-30T03:49:08.698+0000] {dag.py:3947} INFO - Setting next_dagrun for flights_ops_medallion_pipe to 2026-04-30 03:30:00+00:00, run_after=2026-04-30 04:00:00+00:00
[2026-04-30T03:49:08.720+0000] {processor.py:183} INFO - Processing /opt/airflow/dags/flight-pipeline.py took 0.795 seconds
[2026-04-30T03:49:38.837+0000] {processor.py:161} INFO - Started process (PID=7127) to work on /opt/airflow/dags/flight-pipeline.py
[2026-04-30T03:49:38.840+0000] {processor.py:830} INFO - Processing file /opt/airflow/dags/flight-pipeline.py for tasks to queue
[2026-04-30T03:49:38.841+0000] {logging_mixin.py:188} INFO - [2026-04-30T03:49:38.841+0000] {dagbag.py:545} INFO - Filling up the DagBag from /opt/airflow/dags/flight-pipeline.py
[2026-04-30T03:49:39.522+0000] {processor.py:840} INFO - DAG(s) 'flights_ops_medallion_pipe' retrieved from /opt/airflow/dags/flight-pipeline.py
[2026-04-30T03:49:39.561+0000] {logging_mixin.py:188} INFO - [2026-04-30T03:49:39.560+0000] {dag.py:3089} INFO - Sync 1 DAGs
[2026-04-30T03:49:39.590+0000] {logging_mixin.py:188} INFO - [2026-04-30T03:49:39.590+0000] {dag.py:3947} INFO - Setting next_dagrun for flights_ops_medallion_pipe to 2026-04-30 03:30:00+00:00, run_after=2026-04-30 04:00:00+00:00
[2026-04-30T03:49:39.612+0000] {processor.py:183} INFO - Processing /opt/airflow/dags/flight-pipeline.py took 0.783 seconds
[2026-04-30T03:50:09.877+0000] {processor.py:161} INFO - Started process (PID=7130) to work on /opt/airflow/dags/flight-pipeline.py
[2026-04-30T03:50:09.880+0000] {processor.py:830} INFO - Processing file /opt/airflow/dags/flight-pipeline.py for tasks to queue
[2026-04-30T03:50:09.882+0000] {logging_mixin.py:188} INFO - [2026-04-30T03:50:09.881+0000] {dagbag.py:545} INFO - Filling up the DagBag from /opt/airflow/dags/flight-pipeline.py
[2026-04-30T03:50:10.519+0000] {processor.py:840} INFO - DAG(s) 'flights_ops_medallion_pipe' retrieved from /opt/airflow/dags/flight-pipeline.py
[2026-04-30T03:50:10.555+0000] {logging_mixin.py:188} INFO - [2026-04-30T03:50:10.554+0000] {dag.py:3089} INFO - Sync 1 DAGs
[2026-04-30T03:50:10.580+0000] {logging_mixin.py:188} INFO - [2026-04-30T03:50:10.580+0000] {dag.py:3947} INFO - Setting next_dagrun for flights_ops_medallion_pipe to 2026-04-30 03:30:00+00:00, run_after=2026-04-30 04:00:00+00:00
[2026-04-30T03:50:10.600+0000] {processor.py:183} INFO - Processing /opt/airflow/dags/flight-pipeline.py took 0.732 seconds
[2026-04-30T03:50:40.855+0000] {processor.py:161} INFO - Started process (PID=7133) to work on /opt/airflow/dags/flight-pipeline.py
[2026-04-30T03:50:40.858+0000] {processor.py:830} INFO - Processing file /opt/airflow/dags/flight-pipeline.py for tasks to queue
[2026-04-30T03:50:40.859+0000] {logging_mixin.py:188} INFO - [2026-04-30T03:50:40.859+0000] {dagbag.py:545} INFO - Filling up the DagBag from /opt/airflow/dags/flight-pipeline.py
[2026-04-30T03:50:41.481+0000] {processor.py:840} INFO - DAG(s) 'flights_ops_medallion_pipe' retrieved from /opt/airflow/dags/flight-pipeline.py
[2026-04-30T03:50:41.515+0000] {logging_mixin.py:188} INFO - [2026-04-30T03:50:41.515+0000] {dag.py:3089} INFO - Sync 1 DAGs
[2026-04-30T03:50:41.539+0000] {logging_mixin.py:188} INFO - [2026-04-30T03:50:41.539+0000] {dag.py:3947} INFO - Setting next_dagrun for flights_ops_medallion_pipe to 2026-04-30 03:30:00+00:00, run_after=2026-04-30 04:00:00+00:00
[2026-04-30T03:50:41.557+0000] {processor.py:183} INFO - Processing /opt/airflow/dags/flight-pipeline.py took 0.711 seconds
[2026-04-30T03:51:11.630+0000] {processor.py:161} INFO - Started process (PID=7136) to work on /opt/airflow/dags/flight-pipeline.py
[2026-04-30T03:51:11.633+0000] {processor.py:830} INFO - Processing file /opt/airflow/dags/flight-pipeline.py for tasks to queue
[2026-04-30T03:51:11.635+0000] {logging_mixin.py:188} INFO - [2026-04-30T03:51:11.634+0000] {dagbag.py:545} INFO - Filling up the DagBag from /opt/airflow/dags/flight-pipeline.py
[2026-04-30T03:51:12.356+0000] {processor.py:840} INFO - DAG(s) 'flights_ops_medallion_pipe' retrieved from /opt/airflow/dags/flight-pipeline.py
[2026-04-30T03:51:12.395+0000] {logging_mixin.py:188} INFO - [2026-04-30T03:51:12.395+0000] {dag.py:3089} INFO - Sync 1 DAGs
[2026-04-30T03:51:12.432+0000] {logging_mixin.py:188} INFO - [2026-04-30T03:51:12.432+0000] {dag.py:3947} INFO - Setting next_dagrun for flights_ops_medallion_pipe to 2026-04-30 03:30:00+00:00, run_after=2026-04-30 04:00:00+00:00
[2026-04-30T03:51:12.456+0000] {processor.py:183} INFO - Processing /opt/airflow/dags/flight-pipeline.py took 0.834 seconds
[2026-04-30T03:51:42.742+0000] {processor.py:161} INFO - Started process (PID=7139) to work on /opt/airflow/dags/flight-pipeline.py
[2026-04-30T03:51:42.745+0000] {processor.py:830} INFO - Processing file /opt/airflow/dags/flight-pipeline.py for tasks to queue
[2026-04-30T03:51:42.746+0000] {logging_mixin.py:188} INFO - [2026-04-30T03:51:42.745+0000] {dagbag.py:545} INFO - Filling up the DagBag from /opt/airflow/dags/flight-pipeline.py
[2026-04-30T03:51:43.420+0000] {processor.py:840} INFO - DAG(s) 'flights_ops_medallion_pipe' retrieved from /opt/airflow/dags/flight-pipeline.py
[2026-04-30T03:51:43.455+0000] {logging_mixin.py:188} INFO - [2026-04-30T03:51:43.454+0000] {dag.py:3089} INFO - Sync 1 DAGs
[2026-04-30T03:51:43.479+0000] {logging_mixin.py:188} INFO - [2026-04-30T03:51:43.479+0000] {dag.py:3947} INFO - Setting next_dagrun for flights_ops_medallion_pipe to 2026-04-30 03:30:00+00:00, run_after=2026-04-30 04:00:00+00:00
[2026-04-30T03:51:43.499+0000] {processor.py:183} INFO - Processing /opt/airflow/dags/flight-pipeline.py took 0.765 seconds
[2026-04-30T03:52:13.724+0000] {processor.py:161} INFO - Started process (PID=7142) to work on /opt/airflow/dags/flight-pipeline.py
[2026-04-30T03:52:13.736+0000] {processor.py:830} INFO - Processing file /opt/airflow/dags/flight-pipeline.py for tasks to queue
[2026-04-30T03:52:13.737+0000] {logging_mixin.py:188} INFO - [2026-04-30T03:52:13.737+0000] {dagbag.py:545} INFO - Filling up the DagBag from /opt/airflow/dags/flight-pipeline.py
[2026-04-30T03:52:14.429+0000] {processor.py:840} INFO - DAG(s) 'flights_ops_medallion_pipe' retrieved from /opt/airflow/dags/flight-pipeline.py
[2026-04-30T03:52:14.464+0000] {logging_mixin.py:188} INFO - [2026-04-30T03:52:14.463+0000] {dag.py:3089} INFO - Sync 1 DAGs
[2026-04-30T03:52:14.491+0000] {logging_mixin.py:188} INFO - [2026-04-30T03:52:14.491+0000] {dag.py:3947} INFO - Setting next_dagrun for flights_ops_medallion_pipe to 2026-04-30 03:30:00+00:00, run_after=2026-04-30 04:00:00+00:00
[2026-04-30T03:52:14.510+0000] {processor.py:183} INFO - Processing /opt/airflow/dags/flight-pipeline.py took 0.791 seconds
[2026-04-30T03:52:44.731+0000] {processor.py:161} INFO - Started process (PID=7145) to work on /opt/airflow/dags/flight-pipeline.py
[2026-04-30T03:52:44.740+0000] {processor.py:830} INFO - Processing file /opt/airflow/dags/flight-pipeline.py for tasks to queue
[2026-04-30T03:52:44.741+0000] {logging_mixin.py:188} INFO - [2026-04-30T03:52:44.741+0000] {dagbag.py:545} INFO - Filling up the DagBag from /opt/airflow/dags/flight-pipeline.py
[2026-04-30T03:52:45.442+0000] {processor.py:840} INFO - DAG(s) 'flights_ops_medallion_pipe' retrieved from /opt/airflow/dags/flight-pipeline.py
[2026-04-30T03:52:45.475+0000] {logging_mixin.py:188} INFO - [2026-04-30T03:52:45.475+0000] {dag.py:3089} INFO - Sync 1 DAGs
[2026-04-30T03:52:45.501+0000] {logging_mixin.py:188} INFO - [2026-04-30T03:52:45.501+0000] {dag.py:3947} INFO - Setting next_dagrun for flights_ops_medallion_pipe to 2026-04-30 03:30:00+00:00, run_after=2026-04-30 04:00:00+00:00
[2026-04-30T03:52:45.524+0000] {processor.py:183} INFO - Processing /opt/airflow/dags/flight-pipeline.py took 0.801 seconds
[2026-04-30T03:53:15.689+0000] {processor.py:161} INFO - Started process (PID=7148) to work on /opt/airflow/dags/flight-pipeline.py
[2026-04-30T03:53:15.697+0000] {processor.py:830} INFO - Processing file /opt/airflow/dags/flight-pipeline.py for tasks to queue
[2026-04-30T03:53:15.698+0000] {logging_mixin.py:188} INFO - [2026-04-30T03:53:15.697+0000] {dagbag.py:545} INFO - Filling up the DagBag from /opt/airflow/dags/flight-pipeline.py
[2026-04-30T03:53:16.358+0000] {processor.py:840} INFO - DAG(s) 'flights_ops_medallion_pipe' retrieved from /opt/airflow/dags/flight-pipeline.py
[2026-04-30T03:53:16.392+0000] {logging_mixin.py:188} INFO - [2026-04-30T03:53:16.392+0000] {dag.py:3089} INFO - Sync 1 DAGs
[2026-04-30T03:53:16.418+0000] {logging_mixin.py:188} INFO - [2026-04-30T03:53:16.418+0000] {dag.py:3947} INFO - Setting next_dagrun for flights_ops_medallion_pipe to 2026-04-30 03:30:00+00:00, run_after=2026-04-30 04:00:00+00:00
[2026-04-30T03:53:16.437+0000] {processor.py:183} INFO - Processing /opt/airflow/dags/flight-pipeline.py took 0.756 seconds
[2026-04-30T03:53:46.713+0000] {processor.py:161} INFO - Started process (PID=7151) to work on /opt/airflow/dags/flight-pipeline.py
[2026-04-30T03:53:46.724+0000] {processor.py:830} INFO - Processing file /opt/airflow/dags/flight-pipeline.py for tasks to queue
[2026-04-30T03:53:46.725+0000] {logging_mixin.py:188} INFO - [2026-04-30T03:53:46.724+0000] {dagbag.py:545} INFO - Filling up the DagBag from /opt/airflow/dags/flight-pipeline.py
[2026-04-30T03:53:47.395+0000] {processor.py:840} INFO - DAG(s) 'flights_ops_medallion_pipe' retrieved from /opt/airflow/dags/flight-pipeline.py
[2026-04-30T03:53:47.427+0000] {logging_mixin.py:188} INFO - [2026-04-30T03:53:47.427+0000] {dag.py:3089} INFO - Sync 1 DAGs
[2026-04-30T03:53:47.452+0000] {logging_mixin.py:188} INFO - [2026-04-30T03:53:47.452+0000] {dag.py:3947} INFO - Setting next_dagrun for flights_ops_medallion_pipe to 2026-04-30 03:30:00+00:00, run_after=2026-04-30 04:00:00+00:00
[2026-04-30T03:53:47.471+0000] {processor.py:183} INFO - Processing /opt/airflow/dags/flight-pipeline.py took 0.766 seconds
[2026-04-30T03:54:17.718+0000] {processor.py:161} INFO - Started process (PID=7154) to work on /opt/airflow/dags/flight-pipeline.py
[2026-04-30T03:54:17.728+0000] {processor.py:830} INFO - Processing file /opt/airflow/dags/flight-pipeline.py for tasks to queue
[2026-04-30T03:54:17.730+0000] {logging_mixin.py:188} INFO - [2026-04-30T03:54:17.729+0000] {dagbag.py:545} INFO - Filling up the DagBag from /opt/airflow/dags/flight-pipeline.py
[2026-04-30T03:54:18.382+0000] {processor.py:840} INFO - DAG(s) 'flights_ops_medallion_pipe' retrieved from /opt/airflow/dags/flight-pipeline.py
[2026-04-30T03:54:18.414+0000] {logging_mixin.py:188} INFO - [2026-04-30T03:54:18.413+0000] {dag.py:3089} INFO - Sync 1 DAGs
[2026-04-30T03:54:18.441+0000] {logging_mixin.py:188} INFO - [2026-04-30T03:54:18.440+0000] {dag.py:3947} INFO - Setting next_dagrun for flights_ops_medallion_pipe to 2026-04-30 03:30:00+00:00, run_after=2026-04-30 04:00:00+00:00
[2026-04-30T03:54:18.458+0000] {processor.py:183} INFO - Processing /opt/airflow/dags/flight-pipeline.py took 0.749 seconds
[2026-04-30T03:54:48.681+0000] {processor.py:161} INFO - Started process (PID=7157) to work on /opt/airflow/dags/flight-pipeline.py
[2026-04-30T03:54:48.691+0000] {processor.py:830} INFO - Processing file /opt/airflow/dags/flight-pipeline.py for tasks to queue
[2026-04-30T03:54:48.692+0000] {logging_mixin.py:188} INFO - [2026-04-30T03:54:48.692+0000] {dagbag.py:545} INFO - Filling up the DagBag from /opt/airflow/dags/flight-pipeline.py
[2026-04-30T03:54:49.398+0000] {processor.py:840} INFO - DAG(s) 'flights_ops_medallion_pipe' retrieved from /opt/airflow/dags/flight-pipeline.py
[2026-04-30T03:54:49.435+0000] {logging_mixin.py:188} INFO - [2026-04-30T03:54:49.434+0000] {dag.py:3089} INFO - Sync 1 DAGs
[2026-04-30T03:54:49.459+0000] {logging_mixin.py:188} INFO - [2026-04-30T03:54:49.459+0000] {dag.py:3947} INFO - Setting next_dagrun for flights_ops_medallion_pipe to 2026-04-30 03:30:00+00:00, run_after=2026-04-30 04:00:00+00:00
[2026-04-30T03:54:49.478+0000] {processor.py:183} INFO - Processing /opt/airflow/dags/flight-pipeline.py took 0.806 seconds
[2026-04-30T03:55:19.643+0000] {processor.py:161} INFO - Started process (PID=7160) to work on /opt/airflow/dags/flight-pipeline.py
[2026-04-30T03:55:19.653+0000] {processor.py:830} INFO - Processing file /opt/airflow/dags/flight-pipeline.py for tasks to queue
[2026-04-30T03:55:19.654+0000] {logging_mixin.py:188} INFO - [2026-04-30T03:55:19.654+0000] {dagbag.py:545} INFO - Filling up the DagBag from /opt/airflow/dags/flight-pipeline.py
[2026-04-30T03:55:20.307+0000] {processor.py:840} INFO - DAG(s) 'flights_ops_medallion_pipe' retrieved from /opt/airflow/dags/flight-pipeline.py
[2026-04-30T03:55:20.343+0000] {logging_mixin.py:188} INFO - [2026-04-30T03:55:20.343+0000] {dag.py:3089} INFO - Sync 1 DAGs
[2026-04-30T03:55:20.366+0000] {logging_mixin.py:188} INFO - [2026-04-30T03:55:20.366+0000] {dag.py:3947} INFO - Setting next_dagrun for flights_ops_medallion_pipe to 2026-04-30 03:30:00+00:00, run_after=2026-04-30 04:00:00+00:00
[2026-04-30T03:55:20.386+0000] {processor.py:183} INFO - Processing /opt/airflow/dags/flight-pipeline.py took 0.752 seconds
[2026-04-30T03:55:50.619+0000] {processor.py:161} INFO - Started process (PID=7163) to work on /opt/airflow/dags/flight-pipeline.py
[2026-04-30T03:55:50.628+0000] {processor.py:830} INFO - Processing file /opt/airflow/dags/flight-pipeline.py for tasks to queue
[2026-04-30T03:55:50.629+0000] {logging_mixin.py:188} INFO - [2026-04-30T03:55:50.629+0000] {dagbag.py:545} INFO - Filling up the DagBag from /opt/airflow/dags/flight-pipeline.py
[2026-04-30T03:55:51.289+0000] {processor.py:840} INFO - DAG(s) 'flights_ops_medallion_pipe' retrieved from /opt/airflow/dags/flight-pipeline.py
[2026-04-30T03:55:51.323+0000] {logging_mixin.py:188} INFO - [2026-04-30T03:55:51.323+0000] {dag.py:3089} INFO - Sync 1 DAGs
[2026-04-30T03:55:51.347+0000] {logging_mixin.py:188} INFO - [2026-04-30T03:55:51.347+0000] {dag.py:3947} INFO - Setting next_dagrun for flights_ops_medallion_pipe to 2026-04-30 03:30:00+00:00, run_after=2026-04-30 04:00:00+00:00
[2026-04-30T03:55:51.365+0000] {processor.py:183} INFO - Processing /opt/airflow/dags/flight-pipeline.py took 0.755 seconds
[2026-04-30T03:56:21.646+0000] {processor.py:161} INFO - Started process (PID=7166) to work on /opt/airflow/dags/flight-pipeline.py
[2026-04-30T03:56:21.655+0000] {processor.py:830} INFO - Processing file /opt/airflow/dags/flight-pipeline.py for tasks to queue
[2026-04-30T03:56:21.656+0000] {logging_mixin.py:188} INFO - [2026-04-30T03:56:21.656+0000] {dagbag.py:545} INFO - Filling up the DagBag from /opt/airflow/dags/flight-pipeline.py
[2026-04-30T03:56:22.359+0000] {processor.py:840} INFO - DAG(s) 'flights_ops_medallion_pipe' retrieved from /opt/airflow/dags/flight-pipeline.py
[2026-04-30T03:56:22.393+0000] {logging_mixin.py:188} INFO - [2026-04-30T03:56:22.392+0000] {dag.py:3089} INFO - Sync 1 DAGs
[2026-04-30T03:56:22.415+0000] {logging_mixin.py:188} INFO - [2026-04-30T03:56:22.415+0000] {dag.py:3947} INFO - Setting next_dagrun for flights_ops_medallion_pipe to 2026-04-30 03:30:00+00:00, run_after=2026-04-30 04:00:00+00:00
[2026-04-30T03:56:22.438+0000] {processor.py:183} INFO - Processing /opt/airflow/dags/flight-pipeline.py took 0.801 seconds
[2026-04-30T03:56:52.675+0000] {processor.py:161} INFO - Started process (PID=7169) to work on /opt/airflow/dags/flight-pipeline.py
[2026-04-30T03:56:52.685+0000] {processor.py:830} INFO - Processing file /opt/airflow/dags/flight-pipeline.py for tasks to queue
[2026-04-30T03:56:52.686+0000] {logging_mixin.py:188} INFO - [2026-04-30T03:56:52.686+0000] {dagbag.py:545} INFO - Filling up the DagBag from /opt/airflow/dags/flight-pipeline.py
[2026-04-30T03:56:53.359+0000] {processor.py:840} INFO - DAG(s) 'flights_ops_medallion_pipe' retrieved from /opt/airflow/dags/flight-pipeline.py
[2026-04-30T03:56:53.392+0000] {logging_mixin.py:188} INFO - [2026-04-30T03:56:53.391+0000] {dag.py:3089} INFO - Sync 1 DAGs
[2026-04-30T03:56:53.416+0000] {logging_mixin.py:188} INFO - [2026-04-30T03:56:53.416+0000] {dag.py:3947} INFO - Setting next_dagrun for flights_ops_medallion_pipe to 2026-04-30 03:30:00+00:00, run_after=2026-04-30 04:00:00+00:00
[2026-04-30T03:56:53.437+0000] {processor.py:183} INFO - Processing /opt/airflow/dags/flight-pipeline.py took 0.770 seconds
[2026-04-30T03:57:23.527+0000] {processor.py:161} INFO - Started process (PID=7172) to work on /opt/airflow/dags/flight-pipeline.py
[2026-04-30T03:57:23.537+0000] {processor.py:830} INFO - Processing file /opt/airflow/dags/flight-pipeline.py for tasks to queue
[2026-04-30T03:57:23.538+0000] {logging_mixin.py:188} INFO - [2026-04-30T03:57:23.537+0000] {dagbag.py:545} INFO - Filling up the DagBag from /opt/airflow/dags/flight-pipeline.py
[2026-04-30T03:57:24.213+0000] {processor.py:840} INFO - DAG(s) 'flights_ops_medallion_pipe' retrieved from /opt/airflow/dags/flight-pipeline.py
[2026-04-30T03:57:24.249+0000] {logging_mixin.py:188} INFO - [2026-04-30T03:57:24.248+0000] {dag.py:3089} INFO - Sync 1 DAGs
[2026-04-30T03:57:24.274+0000] {logging_mixin.py:188} INFO - [2026-04-30T03:57:24.274+0000] {dag.py:3947} INFO - Setting next_dagrun for flights_ops_medallion_pipe to 2026-04-30 03:30:00+00:00, run_after=2026-04-30 04:00:00+00:00
[2026-04-30T03:57:24.292+0000] {processor.py:183} INFO - Processing /opt/airflow/dags/flight-pipeline.py took 0.775 seconds
[2026-04-30T03:57:54.515+0000] {processor.py:161} INFO - Started process (PID=7175) to work on /opt/airflow/dags/flight-pipeline.py
[2026-04-30T03:57:54.524+0000] {processor.py:830} INFO - Processing file /opt/airflow/dags/flight-pipeline.py for tasks to queue
[2026-04-30T03:57:54.525+0000] {logging_mixin.py:188} INFO - [2026-04-30T03:57:54.524+0000] {dagbag.py:545} INFO - Filling up the DagBag from /opt/airflow/dags/flight-pipeline.py
[2026-04-30T03:57:55.219+0000] {processor.py:840} INFO - DAG(s) 'flights_ops_medallion_pipe' retrieved from /opt/airflow/dags/flight-pipeline.py
[2026-04-30T03:57:55.254+0000] {logging_mixin.py:188} INFO - [2026-04-30T03:57:55.254+0000] {dag.py:3089} INFO - Sync 1 DAGs
[2026-04-30T03:57:55.278+0000] {logging_mixin.py:188} INFO - [2026-04-30T03:57:55.278+0000] {dag.py:3947} INFO - Setting next_dagrun for flights_ops_medallion_pipe to 2026-04-30 03:30:00+00:00, run_after=2026-04-30 04:00:00+00:00
[2026-04-30T03:57:55.296+0000] {processor.py:183} INFO - Processing /opt/airflow/dags/flight-pipeline.py took 0.790 seconds
[2026-04-30T03:58:25.876+0000] {processor.py:161} INFO - Started process (PID=7178) to work on /opt/airflow/dags/flight-pipeline.py
[2026-04-30T03:58:25.885+0000] {processor.py:830} INFO - Processing file /opt/airflow/dags/flight-pipeline.py for tasks to queue
[2026-04-30T03:58:25.886+0000] {logging_mixin.py:188} INFO - [2026-04-30T03:58:25.886+0000] {dagbag.py:545} INFO - Filling up the DagBag from /opt/airflow/dags/flight-pipeline.py
[2026-04-30T03:58:26.656+0000] {processor.py:840} INFO - DAG(s) 'flights_ops_medallion_pipe' retrieved from /opt/airflow/dags/flight-pipeline.py
[2026-04-30T03:58:26.689+0000] {logging_mixin.py:188} INFO - [2026-04-30T03:58:26.689+0000] {dag.py:3089} INFO - Sync 1 DAGs
[2026-04-30T03:58:26.713+0000] {logging_mixin.py:188} INFO - [2026-04-30T03:58:26.712+0000] {dag.py:3947} INFO - Setting next_dagrun for flights_ops_medallion_pipe to 2026-04-30 03:30:00+00:00, run_after=2026-04-30 04:00:00+00:00
[2026-04-30T03:58:26.736+0000] {processor.py:183} INFO - Processing /opt/airflow/dags/flight-pipeline.py took 0.982 seconds
[2026-04-30T03:58:56.991+0000] {processor.py:161} INFO - Started process (PID=7181) to work on /opt/airflow/dags/flight-pipeline.py
[2026-04-30T03:58:57.000+0000] {processor.py:830} INFO - Processing file /opt/airflow/dags/flight-pipeline.py for tasks to queue
[2026-04-30T03:58:57.002+0000] {logging_mixin.py:188} INFO - [2026-04-30T03:58:57.001+0000] {dagbag.py:545} INFO - Filling up the DagBag from /opt/airflow/dags/flight-pipeline.py
[2026-04-30T03:58:57.692+0000] {processor.py:840} INFO - DAG(s) 'flights_ops_medallion_pipe' retrieved from /opt/airflow/dags/flight-pipeline.py
[2026-04-30T03:58:57.725+0000] {logging_mixin.py:188} INFO - [2026-04-30T03:58:57.724+0000] {dag.py:3089} INFO - Sync 1 DAGs
[2026-04-30T03:58:57.751+0000] {logging_mixin.py:188} INFO - [2026-04-30T03:58:57.751+0000] {dag.py:3947} INFO - Setting next_dagrun for flights_ops_medallion_pipe to 2026-04-30 03:30:00+00:00, run_after=2026-04-30 04:00:00+00:00
[2026-04-30T03:58:57.768+0000] {processor.py:183} INFO - Processing /opt/airflow/dags/flight-pipeline.py took 0.786 seconds
[2026-04-30T03:59:28.052+0000] {processor.py:161} INFO - Started process (PID=7184) to work on /opt/airflow/dags/flight-pipeline.py
[2026-04-30T03:59:28.061+0000] {processor.py:830} INFO - Processing file /opt/airflow/dags/flight-pipeline.py for tasks to queue
[2026-04-30T03:59:28.062+0000] {logging_mixin.py:188} INFO - [2026-04-30T03:59:28.062+0000] {dagbag.py:545} INFO - Filling up the DagBag from /opt/airflow/dags/flight-pipeline.py
[2026-04-30T03:59:28.760+0000] {processor.py:840} INFO - DAG(s) 'flights_ops_medallion_pipe' retrieved from /opt/airflow/dags/flight-pipeline.py
[2026-04-30T03:59:28.795+0000] {logging_mixin.py:188} INFO - [2026-04-30T03:59:28.795+0000] {dag.py:3089} INFO - Sync 1 DAGs
[2026-04-30T03:59:28.818+0000] {logging_mixin.py:188} INFO - [2026-04-30T03:59:28.818+0000] {dag.py:3947} INFO - Setting next_dagrun for flights_ops_medallion_pipe to 2026-04-30 03:30:00+00:00, run_after=2026-04-30 04:00:00+00:00
[2026-04-30T03:59:28.839+0000] {processor.py:183} INFO - Processing /opt/airflow/dags/flight-pipeline.py took 0.796 seconds
[2026-04-30T03:59:59.077+0000] {processor.py:161} INFO - Started process (PID=7187) to work on /opt/airflow/dags/flight-pipeline.py
[2026-04-30T03:59:59.086+0000] {processor.py:830} INFO - Processing file /opt/airflow/dags/flight-pipeline.py for tasks to queue
[2026-04-30T03:59:59.087+0000] {logging_mixin.py:188} INFO - [2026-04-30T03:59:59.087+0000] {dagbag.py:545} INFO - Filling up the DagBag from /opt/airflow/dags/flight-pipeline.py
[2026-04-30T03:59:59.760+0000] {processor.py:840} INFO - DAG(s) 'flights_ops_medallion_pipe' retrieved from /opt/airflow/dags/flight-pipeline.py
[2026-04-30T03:59:59.798+0000] {logging_mixin.py:188} INFO - [2026-04-30T03:59:59.797+0000] {dag.py:3089} INFO - Sync 1 DAGs
[2026-04-30T03:59:59.822+0000] {logging_mixin.py:188} INFO - [2026-04-30T03:59:59.822+0000] {dag.py:3947} INFO - Setting next_dagrun for flights_ops_medallion_pipe to 2026-04-30 03:30:00+00:00, run_after=2026-04-30 04:00:00+00:00
[2026-04-30T03:59:59.842+0000] {processor.py:183} INFO - Processing /opt/airflow/dags/flight-pipeline.py took 0.775 seconds
[2026-04-30T04:00:29.979+0000] {processor.py:161} INFO - Started process (PID=7234) to work on /opt/airflow/dags/flight-pipeline.py
[2026-04-30T04:00:29.989+0000] {processor.py:830} INFO - Processing file /opt/airflow/dags/flight-pipeline.py for tasks to queue
[2026-04-30T04:00:29.990+0000] {logging_mixin.py:188} INFO - [2026-04-30T04:00:29.989+0000] {dagbag.py:545} INFO - Filling up the DagBag from /opt/airflow/dags/flight-pipeline.py
[2026-04-30T04:00:32.768+0000] {processor.py:840} INFO - DAG(s) 'flights_ops_medallion_pipe' retrieved from /opt/airflow/dags/flight-pipeline.py
[2026-04-30T04:00:32.959+0000] {logging_mixin.py:188} INFO - [2026-04-30T04:00:32.958+0000] {dag.py:3089} INFO - Sync 1 DAGs
[2026-04-30T04:00:33.164+0000] {logging_mixin.py:188} INFO - [2026-04-30T04:00:33.164+0000] {dag.py:3947} INFO - Setting next_dagrun for flights_ops_medallion_pipe to 2026-04-30 04:00:00+00:00, run_after=2026-04-30 04:30:00+00:00
[2026-04-30T04:00:33.252+0000] {processor.py:183} INFO - Processing /opt/airflow/dags/flight-pipeline.py took 3.280 seconds
[2026-04-30T04:01:03.487+0000] {processor.py:161} INFO - Started process (PID=7237) to work on /opt/airflow/dags/flight-pipeline.py
[2026-04-30T04:01:03.498+0000] {processor.py:830} INFO - Processing file /opt/airflow/dags/flight-pipeline.py for tasks to queue
[2026-04-30T04:01:03.507+0000] {logging_mixin.py:188} INFO - [2026-04-30T04:01:03.501+0000] {dagbag.py:545} INFO - Filling up the DagBag from /opt/airflow/dags/flight-pipeline.py
[2026-04-30T04:01:04.355+0000] {processor.py:840} INFO - DAG(s) 'flights_ops_medallion_pipe' retrieved from /opt/airflow/dags/flight-pipeline.py
[2026-04-30T04:01:04.421+0000] {logging_mixin.py:188} INFO - [2026-04-30T04:01:04.421+0000] {dag.py:3089} INFO - Sync 1 DAGs
[2026-04-30T04:01:04.462+0000] {logging_mixin.py:188} INFO - [2026-04-30T04:01:04.462+0000] {dag.py:3947} INFO - Setting next_dagrun for flights_ops_medallion_pipe to 2026-04-30 04:00:00+00:00, run_after=2026-04-30 04:30:00+00:00
[2026-04-30T04:01:04.482+0000] {processor.py:183} INFO - Processing /opt/airflow/dags/flight-pipeline.py took 1.007 seconds
[2026-04-30T04:01:34.767+0000] {processor.py:161} INFO - Started process (PID=7240) to work on /opt/airflow/dags/flight-pipeline.py
[2026-04-30T04:01:34.778+0000] {processor.py:830} INFO - Processing file /opt/airflow/dags/flight-pipeline.py for tasks to queue
[2026-04-30T04:01:34.779+0000] {logging_mixin.py:188} INFO - [2026-04-30T04:01:34.779+0000] {dagbag.py:545} INFO - Filling up the DagBag from /opt/airflow/dags/flight-pipeline.py
[2026-04-30T04:01:35.438+0000] {processor.py:840} INFO - DAG(s) 'flights_ops_medallion_pipe' retrieved from /opt/airflow/dags/flight-pipeline.py
[2026-04-30T04:01:35.470+0000] {logging_mixin.py:188} INFO - [2026-04-30T04:01:35.470+0000] {dag.py:3089} INFO - Sync 1 DAGs
[2026-04-30T04:01:35.493+0000] {logging_mixin.py:188} INFO - [2026-04-30T04:01:35.493+0000] {dag.py:3947} INFO - Setting next_dagrun for flights_ops_medallion_pipe to 2026-04-30 04:00:00+00:00, run_after=2026-04-30 04:30:00+00:00
[2026-04-30T04:01:35.513+0000] {processor.py:183} INFO - Processing /opt/airflow/dags/flight-pipeline.py took 0.754 seconds
[2026-04-30T04:02:05.767+0000] {processor.py:161} INFO - Started process (PID=7243) to work on /opt/airflow/dags/flight-pipeline.py
[2026-04-30T04:02:05.777+0000] {processor.py:830} INFO - Processing file /opt/airflow/dags/flight-pipeline.py for tasks to queue
[2026-04-30T04:02:05.778+0000] {logging_mixin.py:188} INFO - [2026-04-30T04:02:05.778+0000] {dagbag.py:545} INFO - Filling up the DagBag from /opt/airflow/dags/flight-pipeline.py
[2026-04-30T04:02:06.496+0000] {processor.py:840} INFO - DAG(s) 'flights_ops_medallion_pipe' retrieved from /opt/airflow/dags/flight-pipeline.py
[2026-04-30T04:02:06.532+0000] {logging_mixin.py:188} INFO - [2026-04-30T04:02:06.531+0000] {dag.py:3089} INFO - Sync 1 DAGs
[2026-04-30T04:02:06.556+0000] {logging_mixin.py:188} INFO - [2026-04-30T04:02:06.556+0000] {dag.py:3947} INFO - Setting next_dagrun for flights_ops_medallion_pipe to 2026-04-30 04:00:00+00:00, run_after=2026-04-30 04:30:00+00:00
[2026-04-30T04:02:06.575+0000] {processor.py:183} INFO - Processing /opt/airflow/dags/flight-pipeline.py took 0.815 seconds
[2026-04-30T04:02:36.848+0000] {processor.py:161} INFO - Started process (PID=7246) to work on /opt/airflow/dags/flight-pipeline.py
[2026-04-30T04:02:36.858+0000] {processor.py:830} INFO - Processing file /opt/airflow/dags/flight-pipeline.py for tasks to queue
[2026-04-30T04:02:36.859+0000] {logging_mixin.py:188} INFO - [2026-04-30T04:02:36.859+0000] {dagbag.py:545} INFO - Filling up the DagBag from /opt/airflow/dags/flight-pipeline.py
[2026-04-30T04:02:37.652+0000] {processor.py:840} INFO - DAG(s) 'flights_ops_medallion_pipe' retrieved from /opt/airflow/dags/flight-pipeline.py
[2026-04-30T04:02:37.690+0000] {logging_mixin.py:188} INFO - [2026-04-30T04:02:37.689+0000] {dag.py:3089} INFO - Sync 1 DAGs
[2026-04-30T04:02:37.717+0000] {logging_mixin.py:188} INFO - [2026-04-30T04:02:37.717+0000] {dag.py:3947} INFO - Setting next_dagrun for flights_ops_medallion_pipe to 2026-04-30 04:00:00+00:00, run_after=2026-04-30 04:30:00+00:00
[2026-04-30T04:02:37.739+0000] {processor.py:183} INFO - Processing /opt/airflow/dags/flight-pipeline.py took 0.901 seconds
[2026-04-30T04:03:08.003+0000] {processor.py:161} INFO - Started process (PID=7249) to work on /opt/airflow/dags/flight-pipeline.py
[2026-04-30T04:03:08.013+0000] {processor.py:830} INFO - Processing file /opt/airflow/dags/flight-pipeline.py for tasks to queue
[2026-04-30T04:03:08.014+0000] {logging_mixin.py:188} INFO - [2026-04-30T04:03:08.013+0000] {dagbag.py:545} INFO - Filling up the DagBag from /opt/airflow/dags/flight-pipeline.py
[2026-04-30T04:03:08.767+0000] {processor.py:840} INFO - DAG(s) 'flights_ops_medallion_pipe' retrieved from /opt/airflow/dags/flight-pipeline.py
[2026-04-30T04:03:08.809+0000] {logging_mixin.py:188} INFO - [2026-04-30T04:03:08.808+0000] {dag.py:3089} INFO - Sync 1 DAGs
[2026-04-30T04:03:08.837+0000] {logging_mixin.py:188} INFO - [2026-04-30T04:03:08.837+0000] {dag.py:3947} INFO - Setting next_dagrun for flights_ops_medallion_pipe to 2026-04-30 04:00:00+00:00, run_after=2026-04-30 04:30:00+00:00
[2026-04-30T04:03:08.858+0000] {processor.py:183} INFO - Processing /opt/airflow/dags/flight-pipeline.py took 0.865 seconds
[2026-04-30T04:33:36.217+0000] {processor.py:161} INFO - Started process (PID=7252) to work on /opt/airflow/dags/flight-pipeline.py
[2026-04-30T04:33:36.234+0000] {processor.py:830} INFO - Processing file /opt/airflow/dags/flight-pipeline.py for tasks to queue
[2026-04-30T04:33:36.237+0000] {logging_mixin.py:188} INFO - [2026-04-30T04:33:36.235+0000] {dagbag.py:545} INFO - Filling up the DagBag from /opt/airflow/dags/flight-pipeline.py
[2026-04-30T04:33:39.404+0000] {processor.py:840} INFO - DAG(s) 'flights_ops_medallion_pipe' retrieved from /opt/airflow/dags/flight-pipeline.py
[2026-04-30T04:33:39.567+0000] {logging_mixin.py:188} INFO - [2026-04-30T04:33:39.564+0000] {dag.py:3089} INFO - Sync 1 DAGs
[2026-04-30T04:33:39.699+0000] {logging_mixin.py:188} INFO - [2026-04-30T04:33:39.698+0000] {dag.py:3947} INFO - Setting next_dagrun for flights_ops_medallion_pipe to 2026-04-30 04:30:00+00:00, run_after=2026-04-30 05:00:00+00:00
[2026-04-30T04:33:39.882+0000] {processor.py:183} INFO - Processing /opt/airflow/dags/flight-pipeline.py took 3.840 seconds
[2026-04-30T04:34:13.268+0000] {processor.py:161} INFO - Started process (PID=7257) to work on /opt/airflow/dags/flight-pipeline.py
[2026-04-30T04:34:13.279+0000] {processor.py:830} INFO - Processing file /opt/airflow/dags/flight-pipeline.py for tasks to queue
[2026-04-30T04:34:13.293+0000] {logging_mixin.py:188} INFO - [2026-04-30T04:34:13.287+0000] {dagbag.py:545} INFO - Filling up the DagBag from /opt/airflow/dags/flight-pipeline.py
[2026-04-30T04:34:30.148+0000] {processor.py:840} INFO - DAG(s) 'flights_ops_medallion_pipe' retrieved from /opt/airflow/dags/flight-pipeline.py
[2026-04-30T04:34:31.254+0000] {logging_mixin.py:188} INFO - [2026-04-30T04:34:31.249+0000] {dag.py:3089} INFO - Sync 1 DAGs
[2026-04-30T04:34:35.752+0000] {logging_mixin.py:188} INFO - [2026-04-30T04:34:35.747+0000] {dag.py:3947} INFO - Setting next_dagrun for flights_ops_medallion_pipe to 2026-04-30 04:30:00+00:00, run_after=2026-04-30 05:00:00+00:00
[2026-04-30T04:34:36.469+0000] {processor.py:183} INFO - Processing /opt/airflow/dags/flight-pipeline.py took 23.458 seconds
[2026-04-30T04:35:07.658+0000] {processor.py:161} INFO - Started process (PID=7278) to work on /opt/airflow/dags/flight-pipeline.py
[2026-04-30T04:35:07.665+0000] {processor.py:830} INFO - Processing file /opt/airflow/dags/flight-pipeline.py for tasks to queue
[2026-04-30T04:35:07.671+0000] {logging_mixin.py:188} INFO - [2026-04-30T04:35:07.668+0000] {dagbag.py:545} INFO - Filling up the DagBag from /opt/airflow/dags/flight-pipeline.py
[2026-04-30T04:35:09.026+0000] {processor.py:840} INFO - DAG(s) 'flights_ops_medallion_pipe' retrieved from /opt/airflow/dags/flight-pipeline.py
[2026-04-30T04:35:09.137+0000] {logging_mixin.py:188} INFO - [2026-04-30T04:35:09.137+0000] {dag.py:3089} INFO - Sync 1 DAGs
[2026-04-30T04:35:09.215+0000] {logging_mixin.py:188} INFO - [2026-04-30T04:35:09.215+0000] {dag.py:3947} INFO - Setting next_dagrun for flights_ops_medallion_pipe to 2026-04-30 04:30:00+00:00, run_after=2026-04-30 05:00:00+00:00
[2026-04-30T04:35:09.254+0000] {processor.py:183} INFO - Processing /opt/airflow/dags/flight-pipeline.py took 1.646 seconds
[2026-04-30T04:48:11.953+0000] {processor.py:161} INFO - Started process (PID=7296) to work on /opt/airflow/dags/flight-pipeline.py
[2026-04-30T04:48:12.014+0000] {processor.py:830} INFO - Processing file /opt/airflow/dags/flight-pipeline.py for tasks to queue
[2026-04-30T04:48:12.114+0000] {logging_mixin.py:188} INFO - [2026-04-30T04:48:12.070+0000] {dagbag.py:545} INFO - Filling up the DagBag from /opt/airflow/dags/flight-pipeline.py
[2026-04-30T04:48:26.262+0000] {processor.py:840} INFO - DAG(s) 'flights_ops_medallion_pipe' retrieved from /opt/airflow/dags/flight-pipeline.py
[2026-04-30T04:48:26.925+0000] {logging_mixin.py:188} INFO - [2026-04-30T04:48:26.921+0000] {dag.py:3089} INFO - Sync 1 DAGs
[2026-04-30T04:48:28.618+0000] {logging_mixin.py:188} INFO - [2026-04-30T04:48:28.616+0000] {dag.py:3947} INFO - Setting next_dagrun for flights_ops_medallion_pipe to 2026-04-30 04:30:00+00:00, run_after=2026-04-30 05:00:00+00:00
[2026-04-30T04:48:29.047+0000] {processor.py:183} INFO - Processing /opt/airflow/dags/flight-pipeline.py took 17.263 seconds
[2026-04-30T04:48:59.777+0000] {processor.py:161} INFO - Started process (PID=7310) to work on /opt/airflow/dags/flight-pipeline.py
[2026-04-30T04:48:59.787+0000] {processor.py:830} INFO - Processing file /opt/airflow/dags/flight-pipeline.py for tasks to queue
[2026-04-30T04:48:59.799+0000] {logging_mixin.py:188} INFO - [2026-04-30T04:48:59.797+0000] {dagbag.py:545} INFO - Filling up the DagBag from /opt/airflow/dags/flight-pipeline.py
[2026-04-30T04:49:02.824+0000] {processor.py:840} INFO - DAG(s) 'flights_ops_medallion_pipe' retrieved from /opt/airflow/dags/flight-pipeline.py
[2026-04-30T04:49:02.963+0000] {logging_mixin.py:188} INFO - [2026-04-30T04:49:02.963+0000] {dag.py:3089} INFO - Sync 1 DAGs
[2026-04-30T04:49:03.102+0000] {logging_mixin.py:188} INFO - [2026-04-30T04:49:03.101+0000] {dag.py:3947} INFO - Setting next_dagrun for flights_ops_medallion_pipe to 2026-04-30 04:30:00+00:00, run_after=2026-04-30 05:00:00+00:00
[2026-04-30T04:49:03.173+0000] {processor.py:183} INFO - Processing /opt/airflow/dags/flight-pipeline.py took 3.461 seconds
[2026-04-30T04:49:33.405+0000] {processor.py:161} INFO - Started process (PID=7313) to work on /opt/airflow/dags/flight-pipeline.py
[2026-04-30T04:49:33.425+0000] {processor.py:830} INFO - Processing file /opt/airflow/dags/flight-pipeline.py for tasks to queue
[2026-04-30T04:49:33.437+0000] {logging_mixin.py:188} INFO - [2026-04-30T04:49:33.433+0000] {dagbag.py:545} INFO - Filling up the DagBag from /opt/airflow/dags/flight-pipeline.py
[2026-04-30T04:49:34.372+0000] {processor.py:840} INFO - DAG(s) 'flights_ops_medallion_pipe' retrieved from /opt/airflow/dags/flight-pipeline.py
[2026-04-30T04:49:34.408+0000] {logging_mixin.py:188} INFO - [2026-04-30T04:49:34.408+0000] {dag.py:3089} INFO - Sync 1 DAGs
[2026-04-30T04:49:34.434+0000] {logging_mixin.py:188} INFO - [2026-04-30T04:49:34.434+0000] {dag.py:3947} INFO - Setting next_dagrun for flights_ops_medallion_pipe to 2026-04-30 04:30:00+00:00, run_after=2026-04-30 05:00:00+00:00
[2026-04-30T04:49:34.455+0000] {processor.py:183} INFO - Processing /opt/airflow/dags/flight-pipeline.py took 1.058 seconds
[2026-04-30T04:50:04.773+0000] {processor.py:161} INFO - Started process (PID=7316) to work on /opt/airflow/dags/flight-pipeline.py
[2026-04-30T04:50:04.795+0000] {processor.py:830} INFO - Processing file /opt/airflow/dags/flight-pipeline.py for tasks to queue
[2026-04-30T04:50:04.825+0000] {logging_mixin.py:188} INFO - [2026-04-30T04:50:04.803+0000] {dagbag.py:545} INFO - Filling up the DagBag from /opt/airflow/dags/flight-pipeline.py
[2026-04-30T04:50:06.099+0000] {processor.py:840} INFO - DAG(s) 'flights_ops_medallion_pipe' retrieved from /opt/airflow/dags/flight-pipeline.py
[2026-04-30T04:50:06.138+0000] {logging_mixin.py:188} INFO - [2026-04-30T04:50:06.137+0000] {dag.py:3089} INFO - Sync 1 DAGs
[2026-04-30T04:50:06.186+0000] {logging_mixin.py:188} INFO - [2026-04-30T04:50:06.186+0000] {dag.py:3947} INFO - Setting next_dagrun for flights_ops_medallion_pipe to 2026-04-30 04:30:00+00:00, run_after=2026-04-30 05:00:00+00:00
[2026-04-30T04:50:06.271+0000] {processor.py:183} INFO - Processing /opt/airflow/dags/flight-pipeline.py took 1.514 seconds
[2026-04-30T04:50:36.462+0000] {processor.py:161} INFO - Started process (PID=7319) to work on /opt/airflow/dags/flight-pipeline.py
[2026-04-30T04:50:36.472+0000] {processor.py:830} INFO - Processing file /opt/airflow/dags/flight-pipeline.py for tasks to queue
[2026-04-30T04:50:36.473+0000] {logging_mixin.py:188} INFO - [2026-04-30T04:50:36.473+0000] {dagbag.py:545} INFO - Filling up the DagBag from /opt/airflow/dags/flight-pipeline.py
[2026-04-30T04:50:37.193+0000] {processor.py:840} INFO - DAG(s) 'flights_ops_medallion_pipe' retrieved from /opt/airflow/dags/flight-pipeline.py
[2026-04-30T04:50:37.232+0000] {logging_mixin.py:188} INFO - [2026-04-30T04:50:37.231+0000] {dag.py:3089} INFO - Sync 1 DAGs
[2026-04-30T04:50:37.256+0000] {logging_mixin.py:188} INFO - [2026-04-30T04:50:37.255+0000] {dag.py:3947} INFO - Setting next_dagrun for flights_ops_medallion_pipe to 2026-04-30 04:30:00+00:00, run_after=2026-04-30 05:00:00+00:00
[2026-04-30T04:50:37.273+0000] {processor.py:183} INFO - Processing /opt/airflow/dags/flight-pipeline.py took 0.827 seconds
[2026-04-30T04:51:07.454+0000] {processor.py:161} INFO - Started process (PID=7322) to work on /opt/airflow/dags/flight-pipeline.py
[2026-04-30T04:51:07.465+0000] {processor.py:830} INFO - Processing file /opt/airflow/dags/flight-pipeline.py for tasks to queue
[2026-04-30T04:51:07.466+0000] {logging_mixin.py:188} INFO - [2026-04-30T04:51:07.466+0000] {dagbag.py:545} INFO - Filling up the DagBag from /opt/airflow/dags/flight-pipeline.py
[2026-04-30T04:51:08.281+0000] {processor.py:840} INFO - DAG(s) 'flights_ops_medallion_pipe' retrieved from /opt/airflow/dags/flight-pipeline.py
[2026-04-30T04:51:08.329+0000] {logging_mixin.py:188} INFO - [2026-04-30T04:51:08.328+0000] {dag.py:3089} INFO - Sync 1 DAGs
[2026-04-30T04:51:08.379+0000] {logging_mixin.py:188} INFO - [2026-04-30T04:51:08.379+0000] {dag.py:3947} INFO - Setting next_dagrun for flights_ops_medallion_pipe to 2026-04-30 04:30:00+00:00, run_after=2026-04-30 05:00:00+00:00
[2026-04-30T04:51:08.402+0000] {processor.py:183} INFO - Processing /opt/airflow/dags/flight-pipeline.py took 0.956 seconds
[2026-04-30T04:51:38.467+0000] {processor.py:161} INFO - Started process (PID=7325) to work on /opt/airflow/dags/flight-pipeline.py
[2026-04-30T04:51:38.478+0000] {processor.py:830} INFO - Processing file /opt/airflow/dags/flight-pipeline.py for tasks to queue
[2026-04-30T04:51:38.479+0000] {logging_mixin.py:188} INFO - [2026-04-30T04:51:38.479+0000] {dagbag.py:545} INFO - Filling up the DagBag from /opt/airflow/dags/flight-pipeline.py
[2026-04-30T04:51:39.534+0000] {processor.py:840} INFO - DAG(s) 'flights_ops_medallion_pipe' retrieved from /opt/airflow/dags/flight-pipeline.py
[2026-04-30T04:51:39.584+0000] {logging_mixin.py:188} INFO - [2026-04-30T04:51:39.583+0000] {dag.py:3089} INFO - Sync 1 DAGs
[2026-04-30T04:51:39.612+0000] {logging_mixin.py:188} INFO - [2026-04-30T04:51:39.612+0000] {dag.py:3947} INFO - Setting next_dagrun for flights_ops_medallion_pipe to 2026-04-30 04:30:00+00:00, run_after=2026-04-30 05:00:00+00:00
[2026-04-30T04:51:39.638+0000] {processor.py:183} INFO - Processing /opt/airflow/dags/flight-pipeline.py took 1.178 seconds
[2026-04-30T04:52:09.881+0000] {processor.py:161} INFO - Started process (PID=7328) to work on /opt/airflow/dags/flight-pipeline.py
[2026-04-30T04:52:09.893+0000] {processor.py:830} INFO - Processing file /opt/airflow/dags/flight-pipeline.py for tasks to queue
[2026-04-30T04:52:09.894+0000] {logging_mixin.py:188} INFO - [2026-04-30T04:52:09.893+0000] {dagbag.py:545} INFO - Filling up the DagBag from /opt/airflow/dags/flight-pipeline.py
[2026-04-30T04:52:10.578+0000] {processor.py:840} INFO - DAG(s) 'flights_ops_medallion_pipe' retrieved from /opt/airflow/dags/flight-pipeline.py
[2026-04-30T04:52:10.611+0000] {logging_mixin.py:188} INFO - [2026-04-30T04:52:10.610+0000] {dag.py:3089} INFO - Sync 1 DAGs
[2026-04-30T04:52:10.638+0000] {logging_mixin.py:188} INFO - [2026-04-30T04:52:10.638+0000] {dag.py:3947} INFO - Setting next_dagrun for flights_ops_medallion_pipe to 2026-04-30 04:30:00+00:00, run_after=2026-04-30 05:00:00+00:00
[2026-04-30T04:52:10.656+0000] {processor.py:183} INFO - Processing /opt/airflow/dags/flight-pipeline.py took 0.786 seconds
[2026-04-30T04:52:40.839+0000] {processor.py:161} INFO - Started process (PID=7331) to work on /opt/airflow/dags/flight-pipeline.py
[2026-04-30T04:52:40.849+0000] {processor.py:830} INFO - Processing file /opt/airflow/dags/flight-pipeline.py for tasks to queue
[2026-04-30T04:52:40.850+0000] {logging_mixin.py:188} INFO - [2026-04-30T04:52:40.849+0000] {dagbag.py:545} INFO - Filling up the DagBag from /opt/airflow/dags/flight-pipeline.py
[2026-04-30T04:52:41.500+0000] {processor.py:840} INFO - DAG(s) 'flights_ops_medallion_pipe' retrieved from /opt/airflow/dags/flight-pipeline.py
[2026-04-30T04:52:41.535+0000] {logging_mixin.py:188} INFO - [2026-04-30T04:52:41.534+0000] {dag.py:3089} INFO - Sync 1 DAGs
[2026-04-30T04:52:41.558+0000] {logging_mixin.py:188} INFO - [2026-04-30T04:52:41.558+0000] {dag.py:3947} INFO - Setting next_dagrun for flights_ops_medallion_pipe to 2026-04-30 04:30:00+00:00, run_after=2026-04-30 05:00:00+00:00
[2026-04-30T04:52:41.576+0000] {processor.py:183} INFO - Processing /opt/airflow/dags/flight-pipeline.py took 0.746 seconds
[2026-04-30T04:53:11.773+0000] {processor.py:161} INFO - Started process (PID=7334) to work on /opt/airflow/dags/flight-pipeline.py
[2026-04-30T04:53:11.782+0000] {processor.py:830} INFO - Processing file /opt/airflow/dags/flight-pipeline.py for tasks to queue
[2026-04-30T04:53:11.783+0000] {logging_mixin.py:188} INFO - [2026-04-30T04:53:11.783+0000] {dagbag.py:545} INFO - Filling up the DagBag from /opt/airflow/dags/flight-pipeline.py
[2026-04-30T04:53:12.480+0000] {processor.py:840} INFO - DAG(s) 'flights_ops_medallion_pipe' retrieved from /opt/airflow/dags/flight-pipeline.py
[2026-04-30T04:53:12.516+0000] {logging_mixin.py:188} INFO - [2026-04-30T04:53:12.515+0000] {dag.py:3089} INFO - Sync 1 DAGs
[2026-04-30T04:53:12.539+0000] {logging_mixin.py:188} INFO - [2026-04-30T04:53:12.539+0000] {dag.py:3947} INFO - Setting next_dagrun for flights_ops_medallion_pipe to 2026-04-30 04:30:00+00:00, run_after=2026-04-30 05:00:00+00:00
[2026-04-30T04:53:12.559+0000] {processor.py:183} INFO - Processing /opt/airflow/dags/flight-pipeline.py took 0.793 seconds
[2026-04-30T04:53:42.732+0000] {processor.py:161} INFO - Started process (PID=7337) to work on /opt/airflow/dags/flight-pipeline.py
[2026-04-30T04:53:42.743+0000] {processor.py:830} INFO - Processing file /opt/airflow/dags/flight-pipeline.py for tasks to queue
[2026-04-30T04:53:42.744+0000] {logging_mixin.py:188} INFO - [2026-04-30T04:53:42.743+0000] {dagbag.py:545} INFO - Filling up the DagBag from /opt/airflow/dags/flight-pipeline.py
[2026-04-30T04:53:43.420+0000] {processor.py:840} INFO - DAG(s) 'flights_ops_medallion_pipe' retrieved from /opt/airflow/dags/flight-pipeline.py
[2026-04-30T04:53:43.454+0000] {logging_mixin.py:188} INFO - [2026-04-30T04:53:43.453+0000] {dag.py:3089} INFO - Sync 1 DAGs
[2026-04-30T04:53:43.479+0000] {logging_mixin.py:188} INFO - [2026-04-30T04:53:43.479+0000] {dag.py:3947} INFO - Setting next_dagrun for flights_ops_medallion_pipe to 2026-04-30 04:30:00+00:00, run_after=2026-04-30 05:00:00+00:00
[2026-04-30T04:53:43.500+0000] {processor.py:183} INFO - Processing /opt/airflow/dags/flight-pipeline.py took 0.775 seconds
[2026-04-30T04:54:13.544+0000] {processor.py:161} INFO - Started process (PID=7340) to work on /opt/airflow/dags/flight-pipeline.py
[2026-04-30T04:54:13.555+0000] {processor.py:830} INFO - Processing file /opt/airflow/dags/flight-pipeline.py for tasks to queue
[2026-04-30T04:54:13.556+0000] {logging_mixin.py:188} INFO - [2026-04-30T04:54:13.555+0000] {dagbag.py:545} INFO - Filling up the DagBag from /opt/airflow/dags/flight-pipeline.py
[2026-04-30T04:54:14.258+0000] {processor.py:840} INFO - DAG(s) 'flights_ops_medallion_pipe' retrieved from /opt/airflow/dags/flight-pipeline.py
[2026-04-30T04:54:14.292+0000] {logging_mixin.py:188} INFO - [2026-04-30T04:54:14.292+0000] {dag.py:3089} INFO - Sync 1 DAGs
[2026-04-30T04:54:14.317+0000] {logging_mixin.py:188} INFO - [2026-04-30T04:54:14.317+0000] {dag.py:3947} INFO - Setting next_dagrun for flights_ops_medallion_pipe to 2026-04-30 04:30:00+00:00, run_after=2026-04-30 05:00:00+00:00
[2026-04-30T04:54:14.335+0000] {processor.py:183} INFO - Processing /opt/airflow/dags/flight-pipeline.py took 0.798 seconds
[2026-04-30T04:54:44.524+0000] {processor.py:161} INFO - Started process (PID=7343) to work on /opt/airflow/dags/flight-pipeline.py
[2026-04-30T04:54:44.535+0000] {processor.py:830} INFO - Processing file /opt/airflow/dags/flight-pipeline.py for tasks to queue
[2026-04-30T04:54:44.537+0000] {logging_mixin.py:188} INFO - [2026-04-30T04:54:44.536+0000] {dagbag.py:545} INFO - Filling up the DagBag from /opt/airflow/dags/flight-pipeline.py
[2026-04-30T04:54:45.197+0000] {processor.py:840} INFO - DAG(s) 'flights_ops_medallion_pipe' retrieved from /opt/airflow/dags/flight-pipeline.py
[2026-04-30T04:54:45.230+0000] {logging_mixin.py:188} INFO - [2026-04-30T04:54:45.230+0000] {dag.py:3089} INFO - Sync 1 DAGs
[2026-04-30T04:54:45.254+0000] {logging_mixin.py:188} INFO - [2026-04-30T04:54:45.254+0000] {dag.py:3947} INFO - Setting next_dagrun for flights_ops_medallion_pipe to 2026-04-30 04:30:00+00:00, run_after=2026-04-30 05:00:00+00:00
[2026-04-30T04:54:45.274+0000] {processor.py:183} INFO - Processing /opt/airflow/dags/flight-pipeline.py took 0.757 seconds
[2026-04-30T04:55:15.444+0000] {processor.py:161} INFO - Started process (PID=7346) to work on /opt/airflow/dags/flight-pipeline.py
[2026-04-30T04:55:15.454+0000] {processor.py:830} INFO - Processing file /opt/airflow/dags/flight-pipeline.py for tasks to queue
[2026-04-30T04:55:15.455+0000] {logging_mixin.py:188} INFO - [2026-04-30T04:55:15.454+0000] {dagbag.py:545} INFO - Filling up the DagBag from /opt/airflow/dags/flight-pipeline.py
[2026-04-30T04:55:16.122+0000] {processor.py:840} INFO - DAG(s) 'flights_ops_medallion_pipe' retrieved from /opt/airflow/dags/flight-pipeline.py
[2026-04-30T04:55:16.153+0000] {logging_mixin.py:188} INFO - [2026-04-30T04:55:16.153+0000] {dag.py:3089} INFO - Sync 1 DAGs
[2026-04-30T04:55:16.178+0000] {logging_mixin.py:188} INFO - [2026-04-30T04:55:16.178+0000] {dag.py:3947} INFO - Setting next_dagrun for flights_ops_medallion_pipe to 2026-04-30 04:30:00+00:00, run_after=2026-04-30 05:00:00+00:00
[2026-04-30T04:55:16.198+0000] {processor.py:183} INFO - Processing /opt/airflow/dags/flight-pipeline.py took 0.762 seconds
[2026-04-30T04:55:46.380+0000] {processor.py:161} INFO - Started process (PID=7349) to work on /opt/airflow/dags/flight-pipeline.py
[2026-04-30T04:55:46.394+0000] {processor.py:830} INFO - Processing file /opt/airflow/dags/flight-pipeline.py for tasks to queue
[2026-04-30T04:55:46.396+0000] {logging_mixin.py:188} INFO - [2026-04-30T04:55:46.395+0000] {dagbag.py:545} INFO - Filling up the DagBag from /opt/airflow/dags/flight-pipeline.py
[2026-04-30T04:55:47.050+0000] {processor.py:840} INFO - DAG(s) 'flights_ops_medallion_pipe' retrieved from /opt/airflow/dags/flight-pipeline.py
[2026-04-30T04:55:47.083+0000] {logging_mixin.py:188} INFO - [2026-04-30T04:55:47.082+0000] {dag.py:3089} INFO - Sync 1 DAGs
[2026-04-30T04:55:47.107+0000] {logging_mixin.py:188} INFO - [2026-04-30T04:55:47.107+0000] {dag.py:3947} INFO - Setting next_dagrun for flights_ops_medallion_pipe to 2026-04-30 04:30:00+00:00, run_after=2026-04-30 05:00:00+00:00
[2026-04-30T04:55:47.125+0000] {processor.py:183} INFO - Processing /opt/airflow/dags/flight-pipeline.py took 0.754 seconds
[2026-04-30T04:56:17.399+0000] {processor.py:161} INFO - Started process (PID=7352) to work on /opt/airflow/dags/flight-pipeline.py
[2026-04-30T04:56:17.402+0000] {processor.py:830} INFO - Processing file /opt/airflow/dags/flight-pipeline.py for tasks to queue
[2026-04-30T04:56:17.403+0000] {logging_mixin.py:188} INFO - [2026-04-30T04:56:17.402+0000] {dagbag.py:545} INFO - Filling up the DagBag from /opt/airflow/dags/flight-pipeline.py
[2026-04-30T04:56:18.091+0000] {processor.py:840} INFO - DAG(s) 'flights_ops_medallion_pipe' retrieved from /opt/airflow/dags/flight-pipeline.py
[2026-04-30T04:56:18.127+0000] {logging_mixin.py:188} INFO - [2026-04-30T04:56:18.126+0000] {dag.py:3089} INFO - Sync 1 DAGs
[2026-04-30T04:56:18.150+0000] {logging_mixin.py:188} INFO - [2026-04-30T04:56:18.150+0000] {dag.py:3947} INFO - Setting next_dagrun for flights_ops_medallion_pipe to 2026-04-30 04:30:00+00:00, run_after=2026-04-30 05:00:00+00:00
[2026-04-30T04:56:18.168+0000] {processor.py:183} INFO - Processing /opt/airflow/dags/flight-pipeline.py took 0.777 seconds
[2026-04-30T04:56:48.447+0000] {processor.py:161} INFO - Started process (PID=7355) to work on /opt/airflow/dags/flight-pipeline.py
[2026-04-30T04:56:48.450+0000] {processor.py:830} INFO - Processing file /opt/airflow/dags/flight-pipeline.py for tasks to queue
[2026-04-30T04:56:48.451+0000] {logging_mixin.py:188} INFO - [2026-04-30T04:56:48.451+0000] {dagbag.py:545} INFO - Filling up the DagBag from /opt/airflow/dags/flight-pipeline.py
[2026-04-30T04:56:49.075+0000] {processor.py:840} INFO - DAG(s) 'flights_ops_medallion_pipe' retrieved from /opt/airflow/dags/flight-pipeline.py
[2026-04-30T04:56:49.109+0000] {logging_mixin.py:188} INFO - [2026-04-30T04:56:49.108+0000] {dag.py:3089} INFO - Sync 1 DAGs
[2026-04-30T04:56:49.133+0000] {logging_mixin.py:188} INFO - [2026-04-30T04:56:49.133+0000] {dag.py:3947} INFO - Setting next_dagrun for flights_ops_medallion_pipe to 2026-04-30 04:30:00+00:00, run_after=2026-04-30 05:00:00+00:00
[2026-04-30T04:56:49.151+0000] {processor.py:183} INFO - Processing /opt/airflow/dags/flight-pipeline.py took 0.713 seconds
[2026-04-30T04:57:19.399+0000] {processor.py:161} INFO - Started process (PID=7358) to work on /opt/airflow/dags/flight-pipeline.py
[2026-04-30T04:57:19.401+0000] {processor.py:830} INFO - Processing file /opt/airflow/dags/flight-pipeline.py for tasks to queue
[2026-04-30T04:57:19.403+0000] {logging_mixin.py:188} INFO - [2026-04-30T04:57:19.402+0000] {dagbag.py:545} INFO - Filling up the DagBag from /opt/airflow/dags/flight-pipeline.py
[2026-04-30T04:57:20.070+0000] {processor.py:840} INFO - DAG(s) 'flights_ops_medallion_pipe' retrieved from /opt/airflow/dags/flight-pipeline.py
[2026-04-30T04:57:20.108+0000] {logging_mixin.py:188} INFO - [2026-04-30T04:57:20.107+0000] {dag.py:3089} INFO - Sync 1 DAGs
[2026-04-30T04:57:20.133+0000] {logging_mixin.py:188} INFO - [2026-04-30T04:57:20.133+0000] {dag.py:3947} INFO - Setting next_dagrun for flights_ops_medallion_pipe to 2026-04-30 04:30:00+00:00, run_after=2026-04-30 05:00:00+00:00
[2026-04-30T04:57:20.151+0000] {processor.py:183} INFO - Processing /opt/airflow/dags/flight-pipeline.py took 0.761 seconds
[2026-04-30T04:57:50.395+0000] {processor.py:161} INFO - Started process (PID=7361) to work on /opt/airflow/dags/flight-pipeline.py
[2026-04-30T04:57:50.397+0000] {processor.py:830} INFO - Processing file /opt/airflow/dags/flight-pipeline.py for tasks to queue
[2026-04-30T04:57:50.398+0000] {logging_mixin.py:188} INFO - [2026-04-30T04:57:50.398+0000] {dagbag.py:545} INFO - Filling up the DagBag from /opt/airflow/dags/flight-pipeline.py
[2026-04-30T04:57:51.020+0000] {processor.py:840} INFO - DAG(s) 'flights_ops_medallion_pipe' retrieved from /opt/airflow/dags/flight-pipeline.py
[2026-04-30T04:57:51.056+0000] {logging_mixin.py:188} INFO - [2026-04-30T04:57:51.056+0000] {dag.py:3089} INFO - Sync 1 DAGs
[2026-04-30T04:57:51.081+0000] {logging_mixin.py:188} INFO - [2026-04-30T04:57:51.081+0000] {dag.py:3947} INFO - Setting next_dagrun for flights_ops_medallion_pipe to 2026-04-30 04:30:00+00:00, run_after=2026-04-30 05:00:00+00:00
[2026-04-30T04:57:51.098+0000] {processor.py:183} INFO - Processing /opt/airflow/dags/flight-pipeline.py took 0.712 seconds
[2026-04-30T04:58:21.351+0000] {processor.py:161} INFO - Started process (PID=7364) to work on /opt/airflow/dags/flight-pipeline.py
[2026-04-30T04:58:21.355+0000] {processor.py:830} INFO - Processing file /opt/airflow/dags/flight-pipeline.py for tasks to queue
[2026-04-30T04:58:21.357+0000] {logging_mixin.py:188} INFO - [2026-04-30T04:58:21.356+0000] {dagbag.py:545} INFO - Filling up the DagBag from /opt/airflow/dags/flight-pipeline.py
[2026-04-30T04:58:22.033+0000] {processor.py:840} INFO - DAG(s) 'flights_ops_medallion_pipe' retrieved from /opt/airflow/dags/flight-pipeline.py
[2026-04-30T04:58:22.072+0000] {logging_mixin.py:188} INFO - [2026-04-30T04:58:22.071+0000] {dag.py:3089} INFO - Sync 1 DAGs
[2026-04-30T04:58:22.099+0000] {logging_mixin.py:188} INFO - [2026-04-30T04:58:22.099+0000] {dag.py:3947} INFO - Setting next_dagrun for flights_ops_medallion_pipe to 2026-04-30 04:30:00+00:00, run_after=2026-04-30 05:00:00+00:00
[2026-04-30T04:58:22.120+0000] {processor.py:183} INFO - Processing /opt/airflow/dags/flight-pipeline.py took 0.778 seconds
[2026-04-30T04:58:52.395+0000] {processor.py:161} INFO - Started process (PID=7367) to work on /opt/airflow/dags/flight-pipeline.py
[2026-04-30T04:58:52.400+0000] {processor.py:830} INFO - Processing file /opt/airflow/dags/flight-pipeline.py for tasks to queue
[2026-04-30T04:58:52.403+0000] {logging_mixin.py:188} INFO - [2026-04-30T04:58:52.402+0000] {dagbag.py:545} INFO - Filling up the DagBag from /opt/airflow/dags/flight-pipeline.py
[2026-04-30T04:58:53.135+0000] {processor.py:840} INFO - DAG(s) 'flights_ops_medallion_pipe' retrieved from /opt/airflow/dags/flight-pipeline.py
[2026-04-30T04:58:53.171+0000] {logging_mixin.py:188} INFO - [2026-04-30T04:58:53.171+0000] {dag.py:3089} INFO - Sync 1 DAGs
[2026-04-30T04:58:53.195+0000] {logging_mixin.py:188} INFO - [2026-04-30T04:58:53.194+0000] {dag.py:3947} INFO - Setting next_dagrun for flights_ops_medallion_pipe to 2026-04-30 04:30:00+00:00, run_after=2026-04-30 05:00:00+00:00
[2026-04-30T04:58:53.214+0000] {processor.py:183} INFO - Processing /opt/airflow/dags/flight-pipeline.py took 0.828 seconds
[2026-04-30T04:59:23.485+0000] {processor.py:161} INFO - Started process (PID=7370) to work on /opt/airflow/dags/flight-pipeline.py
[2026-04-30T04:59:23.488+0000] {processor.py:830} INFO - Processing file /opt/airflow/dags/flight-pipeline.py for tasks to queue
[2026-04-30T04:59:23.489+0000] {logging_mixin.py:188} INFO - [2026-04-30T04:59:23.488+0000] {dagbag.py:545} INFO - Filling up the DagBag from /opt/airflow/dags/flight-pipeline.py
[2026-04-30T04:59:24.302+0000] {processor.py:840} INFO - DAG(s) 'flights_ops_medallion_pipe' retrieved from /opt/airflow/dags/flight-pipeline.py
[2026-04-30T04:59:24.338+0000] {logging_mixin.py:188} INFO - [2026-04-30T04:59:24.338+0000] {dag.py:3089} INFO - Sync 1 DAGs
[2026-04-30T04:59:24.368+0000] {logging_mixin.py:188} INFO - [2026-04-30T04:59:24.368+0000] {dag.py:3947} INFO - Setting next_dagrun for flights_ops_medallion_pipe to 2026-04-30 04:30:00+00:00, run_after=2026-04-30 05:00:00+00:00
[2026-04-30T04:59:24.389+0000] {processor.py:183} INFO - Processing /opt/airflow/dags/flight-pipeline.py took 0.912 seconds
[2026-04-30T04:59:54.653+0000] {processor.py:161} INFO - Started process (PID=7373) to work on /opt/airflow/dags/flight-pipeline.py
[2026-04-30T04:59:54.658+0000] {processor.py:830} INFO - Processing file /opt/airflow/dags/flight-pipeline.py for tasks to queue
[2026-04-30T04:59:54.661+0000] {logging_mixin.py:188} INFO - [2026-04-30T04:59:54.660+0000] {dagbag.py:545} INFO - Filling up the DagBag from /opt/airflow/dags/flight-pipeline.py
[2026-04-30T04:59:55.514+0000] {processor.py:840} INFO - DAG(s) 'flights_ops_medallion_pipe' retrieved from /opt/airflow/dags/flight-pipeline.py
[2026-04-30T04:59:55.556+0000] {logging_mixin.py:188} INFO - [2026-04-30T04:59:55.556+0000] {dag.py:3089} INFO - Sync 1 DAGs
[2026-04-30T04:59:55.579+0000] {logging_mixin.py:188} INFO - [2026-04-30T04:59:55.579+0000] {dag.py:3947} INFO - Setting next_dagrun for flights_ops_medallion_pipe to 2026-04-30 04:30:00+00:00, run_after=2026-04-30 05:00:00+00:00
[2026-04-30T04:59:55.597+0000] {processor.py:183} INFO - Processing /opt/airflow/dags/flight-pipeline.py took 0.958 seconds
[2026-04-30T05:00:25.886+0000] {processor.py:161} INFO - Started process (PID=7420) to work on /opt/airflow/dags/flight-pipeline.py
[2026-04-30T05:00:25.892+0000] {processor.py:830} INFO - Processing file /opt/airflow/dags/flight-pipeline.py for tasks to queue
[2026-04-30T05:00:25.894+0000] {logging_mixin.py:188} INFO - [2026-04-30T05:00:25.893+0000] {dagbag.py:545} INFO - Filling up the DagBag from /opt/airflow/dags/flight-pipeline.py
[2026-04-30T05:00:26.792+0000] {processor.py:840} INFO - DAG(s) 'flights_ops_medallion_pipe' retrieved from /opt/airflow/dags/flight-pipeline.py
[2026-04-30T05:00:26.840+0000] {logging_mixin.py:188} INFO - [2026-04-30T05:00:26.840+0000] {dag.py:3089} INFO - Sync 1 DAGs
[2026-04-30T05:00:26.882+0000] {logging_mixin.py:188} INFO - [2026-04-30T05:00:26.882+0000] {dag.py:3947} INFO - Setting next_dagrun for flights_ops_medallion_pipe to 2026-04-30 05:00:00+00:00, run_after=2026-04-30 05:30:00+00:00
[2026-04-30T05:00:26.909+0000] {processor.py:183} INFO - Processing /opt/airflow/dags/flight-pipeline.py took 1.040 seconds
[2026-04-30T05:00:57.157+0000] {processor.py:161} INFO - Started process (PID=7423) to work on /opt/airflow/dags/flight-pipeline.py
[2026-04-30T05:00:57.169+0000] {processor.py:830} INFO - Processing file /opt/airflow/dags/flight-pipeline.py for tasks to queue
[2026-04-30T05:00:57.185+0000] {logging_mixin.py:188} INFO - [2026-04-30T05:00:57.177+0000] {dagbag.py:545} INFO - Filling up the DagBag from /opt/airflow/dags/flight-pipeline.py
[2026-04-30T05:00:58.096+0000] {processor.py:840} INFO - DAG(s) 'flights_ops_medallion_pipe' retrieved from /opt/airflow/dags/flight-pipeline.py
[2026-04-30T05:00:58.172+0000] {logging_mixin.py:188} INFO - [2026-04-30T05:00:58.170+0000] {dag.py:3089} INFO - Sync 1 DAGs
[2026-04-30T05:00:58.420+0000] {logging_mixin.py:188} INFO - [2026-04-30T05:00:58.420+0000] {dag.py:3947} INFO - Setting next_dagrun for flights_ops_medallion_pipe to 2026-04-30 05:00:00+00:00, run_after=2026-04-30 05:30:00+00:00
[2026-04-30T05:00:58.523+0000] {processor.py:183} INFO - Processing /opt/airflow/dags/flight-pipeline.py took 1.376 seconds
[2026-04-30T05:01:28.765+0000] {processor.py:161} INFO - Started process (PID=7426) to work on /opt/airflow/dags/flight-pipeline.py
[2026-04-30T05:01:28.774+0000] {processor.py:830} INFO - Processing file /opt/airflow/dags/flight-pipeline.py for tasks to queue
[2026-04-30T05:01:28.786+0000] {logging_mixin.py:188} INFO - [2026-04-30T05:01:28.778+0000] {dagbag.py:545} INFO - Filling up the DagBag from /opt/airflow/dags/flight-pipeline.py
[2026-04-30T05:01:29.570+0000] {processor.py:840} INFO - DAG(s) 'flights_ops_medallion_pipe' retrieved from /opt/airflow/dags/flight-pipeline.py
[2026-04-30T05:01:29.604+0000] {logging_mixin.py:188} INFO - [2026-04-30T05:01:29.604+0000] {dag.py:3089} INFO - Sync 1 DAGs
[2026-04-30T05:01:29.630+0000] {logging_mixin.py:188} INFO - [2026-04-30T05:01:29.629+0000] {dag.py:3947} INFO - Setting next_dagrun for flights_ops_medallion_pipe to 2026-04-30 05:00:00+00:00, run_after=2026-04-30 05:30:00+00:00
[2026-04-30T05:01:29.649+0000] {processor.py:183} INFO - Processing /opt/airflow/dags/flight-pipeline.py took 0.893 seconds
[2026-04-30T05:01:59.699+0000] {processor.py:161} INFO - Started process (PID=7429) to work on /opt/airflow/dags/flight-pipeline.py
[2026-04-30T05:01:59.702+0000] {processor.py:830} INFO - Processing file /opt/airflow/dags/flight-pipeline.py for tasks to queue
[2026-04-30T05:01:59.703+0000] {logging_mixin.py:188} INFO - [2026-04-30T05:01:59.703+0000] {dagbag.py:545} INFO - Filling up the DagBag from /opt/airflow/dags/flight-pipeline.py
[2026-04-30T05:02:00.381+0000] {processor.py:840} INFO - DAG(s) 'flights_ops_medallion_pipe' retrieved from /opt/airflow/dags/flight-pipeline.py
[2026-04-30T05:02:00.415+0000] {logging_mixin.py:188} INFO - [2026-04-30T05:02:00.415+0000] {dag.py:3089} INFO - Sync 1 DAGs
[2026-04-30T05:02:00.437+0000] {logging_mixin.py:188} INFO - [2026-04-30T05:02:00.437+0000] {dag.py:3947} INFO - Setting next_dagrun for flights_ops_medallion_pipe to 2026-04-30 05:00:00+00:00, run_after=2026-04-30 05:30:00+00:00
[2026-04-30T05:02:00.459+0000] {processor.py:183} INFO - Processing /opt/airflow/dags/flight-pipeline.py took 0.768 seconds
[2026-04-30T05:02:30.723+0000] {processor.py:161} INFO - Started process (PID=7432) to work on /opt/airflow/dags/flight-pipeline.py
[2026-04-30T05:02:30.726+0000] {processor.py:830} INFO - Processing file /opt/airflow/dags/flight-pipeline.py for tasks to queue
[2026-04-30T05:02:30.727+0000] {logging_mixin.py:188} INFO - [2026-04-30T05:02:30.727+0000] {dagbag.py:545} INFO - Filling up the DagBag from /opt/airflow/dags/flight-pipeline.py
[2026-04-30T05:02:31.390+0000] {processor.py:840} INFO - DAG(s) 'flights_ops_medallion_pipe' retrieved from /opt/airflow/dags/flight-pipeline.py
[2026-04-30T05:02:31.426+0000] {logging_mixin.py:188} INFO - [2026-04-30T05:02:31.425+0000] {dag.py:3089} INFO - Sync 1 DAGs
[2026-04-30T05:02:31.452+0000] {logging_mixin.py:188} INFO - [2026-04-30T05:02:31.452+0000] {dag.py:3947} INFO - Setting next_dagrun for flights_ops_medallion_pipe to 2026-04-30 05:00:00+00:00, run_after=2026-04-30 05:30:00+00:00
[2026-04-30T05:02:31.471+0000] {processor.py:183} INFO - Processing /opt/airflow/dags/flight-pipeline.py took 0.757 seconds
[2026-04-30T05:03:01.741+0000] {processor.py:161} INFO - Started process (PID=7435) to work on /opt/airflow/dags/flight-pipeline.py
[2026-04-30T05:03:01.744+0000] {processor.py:830} INFO - Processing file /opt/airflow/dags/flight-pipeline.py for tasks to queue
[2026-04-30T05:03:01.745+0000] {logging_mixin.py:188} INFO - [2026-04-30T05:03:01.745+0000] {dagbag.py:545} INFO - Filling up the DagBag from /opt/airflow/dags/flight-pipeline.py
[2026-04-30T05:03:02.370+0000] {processor.py:840} INFO - DAG(s) 'flights_ops_medallion_pipe' retrieved from /opt/airflow/dags/flight-pipeline.py
[2026-04-30T05:03:02.405+0000] {logging_mixin.py:188} INFO - [2026-04-30T05:03:02.404+0000] {dag.py:3089} INFO - Sync 1 DAGs
[2026-04-30T05:03:02.428+0000] {logging_mixin.py:188} INFO - [2026-04-30T05:03:02.427+0000] {dag.py:3947} INFO - Setting next_dagrun for flights_ops_medallion_pipe to 2026-04-30 05:00:00+00:00, run_after=2026-04-30 05:30:00+00:00
[2026-04-30T05:03:02.446+0000] {processor.py:183} INFO - Processing /opt/airflow/dags/flight-pipeline.py took 0.714 seconds
[2026-04-30T05:03:32.612+0000] {processor.py:161} INFO - Started process (PID=7438) to work on /opt/airflow/dags/flight-pipeline.py
[2026-04-30T05:03:32.615+0000] {processor.py:830} INFO - Processing file /opt/airflow/dags/flight-pipeline.py for tasks to queue
[2026-04-30T05:03:32.617+0000] {logging_mixin.py:188} INFO - [2026-04-30T05:03:32.616+0000] {dagbag.py:545} INFO - Filling up the DagBag from /opt/airflow/dags/flight-pipeline.py
[2026-04-30T05:03:33.244+0000] {processor.py:840} INFO - DAG(s) 'flights_ops_medallion_pipe' retrieved from /opt/airflow/dags/flight-pipeline.py
[2026-04-30T05:03:33.277+0000] {logging_mixin.py:188} INFO - [2026-04-30T05:03:33.276+0000] {dag.py:3089} INFO - Sync 1 DAGs
[2026-04-30T05:03:33.302+0000] {logging_mixin.py:188} INFO - [2026-04-30T05:03:33.301+0000] {dag.py:3947} INFO - Setting next_dagrun for flights_ops_medallion_pipe to 2026-04-30 05:00:00+00:00, run_after=2026-04-30 05:30:00+00:00
[2026-04-30T05:03:33.321+0000] {processor.py:183} INFO - Processing /opt/airflow/dags/flight-pipeline.py took 0.718 seconds
[2026-04-30T05:04:03.600+0000] {processor.py:161} INFO - Started process (PID=7441) to work on /opt/airflow/dags/flight-pipeline.py
[2026-04-30T05:04:03.603+0000] {processor.py:830} INFO - Processing file /opt/airflow/dags/flight-pipeline.py for tasks to queue
[2026-04-30T05:04:03.604+0000] {logging_mixin.py:188} INFO - [2026-04-30T05:04:03.604+0000] {dagbag.py:545} INFO - Filling up the DagBag from /opt/airflow/dags/flight-pipeline.py
[2026-04-30T05:04:04.265+0000] {processor.py:840} INFO - DAG(s) 'flights_ops_medallion_pipe' retrieved from /opt/airflow/dags/flight-pipeline.py
[2026-04-30T05:04:04.301+0000] {logging_mixin.py:188} INFO - [2026-04-30T05:04:04.300+0000] {dag.py:3089} INFO - Sync 1 DAGs
[2026-04-30T05:04:04.325+0000] {logging_mixin.py:188} INFO - [2026-04-30T05:04:04.324+0000] {dag.py:3947} INFO - Setting next_dagrun for flights_ops_medallion_pipe to 2026-04-30 05:00:00+00:00, run_after=2026-04-30 05:30:00+00:00
[2026-04-30T05:04:04.343+0000] {processor.py:183} INFO - Processing /opt/airflow/dags/flight-pipeline.py took 0.751 seconds
[2026-04-30T05:04:34.591+0000] {processor.py:161} INFO - Started process (PID=7444) to work on /opt/airflow/dags/flight-pipeline.py
[2026-04-30T05:04:34.594+0000] {processor.py:830} INFO - Processing file /opt/airflow/dags/flight-pipeline.py for tasks to queue
[2026-04-30T05:04:34.595+0000] {logging_mixin.py:188} INFO - [2026-04-30T05:04:34.595+0000] {dagbag.py:545} INFO - Filling up the DagBag from /opt/airflow/dags/flight-pipeline.py
[2026-04-30T05:04:35.456+0000] {processor.py:840} INFO - DAG(s) 'flights_ops_medallion_pipe' retrieved from /opt/airflow/dags/flight-pipeline.py
[2026-04-30T05:04:35.550+0000] {logging_mixin.py:188} INFO - [2026-04-30T05:04:35.550+0000] {dag.py:3089} INFO - Sync 1 DAGs
[2026-04-30T05:04:35.608+0000] {logging_mixin.py:188} INFO - [2026-04-30T05:04:35.607+0000] {dag.py:3947} INFO - Setting next_dagrun for flights_ops_medallion_pipe to 2026-04-30 05:00:00+00:00, run_after=2026-04-30 05:30:00+00:00
[2026-04-30T05:04:35.651+0000] {processor.py:183} INFO - Processing /opt/airflow/dags/flight-pipeline.py took 1.070 seconds
[2026-04-30T05:05:05.824+0000] {processor.py:161} INFO - Started process (PID=7447) to work on /opt/airflow/dags/flight-pipeline.py
[2026-04-30T05:05:05.826+0000] {processor.py:830} INFO - Processing file /opt/airflow/dags/flight-pipeline.py for tasks to queue
[2026-04-30T05:05:05.828+0000] {logging_mixin.py:188} INFO - [2026-04-30T05:05:05.827+0000] {dagbag.py:545} INFO - Filling up the DagBag from /opt/airflow/dags/flight-pipeline.py
[2026-04-30T05:05:06.509+0000] {processor.py:840} INFO - DAG(s) 'flights_ops_medallion_pipe' retrieved from /opt/airflow/dags/flight-pipeline.py
[2026-04-30T05:05:06.547+0000] {logging_mixin.py:188} INFO - [2026-04-30T05:05:06.547+0000] {dag.py:3089} INFO - Sync 1 DAGs
[2026-04-30T05:05:06.573+0000] {logging_mixin.py:188} INFO - [2026-04-30T05:05:06.573+0000] {dag.py:3947} INFO - Setting next_dagrun for flights_ops_medallion_pipe to 2026-04-30 05:00:00+00:00, run_after=2026-04-30 05:30:00+00:00
[2026-04-30T05:05:06.593+0000] {processor.py:183} INFO - Processing /opt/airflow/dags/flight-pipeline.py took 0.777 seconds
[2026-04-30T05:05:36.864+0000] {processor.py:161} INFO - Started process (PID=7450) to work on /opt/airflow/dags/flight-pipeline.py
[2026-04-30T05:05:36.868+0000] {processor.py:830} INFO - Processing file /opt/airflow/dags/flight-pipeline.py for tasks to queue
[2026-04-30T05:05:36.869+0000] {logging_mixin.py:188} INFO - [2026-04-30T05:05:36.869+0000] {dagbag.py:545} INFO - Filling up the DagBag from /opt/airflow/dags/flight-pipeline.py
[2026-04-30T05:05:37.495+0000] {processor.py:840} INFO - DAG(s) 'flights_ops_medallion_pipe' retrieved from /opt/airflow/dags/flight-pipeline.py
[2026-04-30T05:05:37.528+0000] {logging_mixin.py:188} INFO - [2026-04-30T05:05:37.528+0000] {dag.py:3089} INFO - Sync 1 DAGs
[2026-04-30T05:05:37.552+0000] {logging_mixin.py:188} INFO - [2026-04-30T05:05:37.552+0000] {dag.py:3947} INFO - Setting next_dagrun for flights_ops_medallion_pipe to 2026-04-30 05:00:00+00:00, run_after=2026-04-30 05:30:00+00:00
[2026-04-30T05:05:37.571+0000] {processor.py:183} INFO - Processing /opt/airflow/dags/flight-pipeline.py took 0.716 seconds
[2026-04-30T05:06:07.859+0000] {processor.py:161} INFO - Started process (PID=7453) to work on /opt/airflow/dags/flight-pipeline.py
[2026-04-30T05:06:07.864+0000] {processor.py:830} INFO - Processing file /opt/airflow/dags/flight-pipeline.py for tasks to queue
[2026-04-30T05:06:07.866+0000] {logging_mixin.py:188} INFO - [2026-04-30T05:06:07.865+0000] {dagbag.py:545} INFO - Filling up the DagBag from /opt/airflow/dags/flight-pipeline.py
[2026-04-30T05:06:08.491+0000] {processor.py:840} INFO - DAG(s) 'flights_ops_medallion_pipe' retrieved from /opt/airflow/dags/flight-pipeline.py
[2026-04-30T05:06:08.526+0000] {logging_mixin.py:188} INFO - [2026-04-30T05:06:08.526+0000] {dag.py:3089} INFO - Sync 1 DAGs
[2026-04-30T05:06:08.548+0000] {logging_mixin.py:188} INFO - [2026-04-30T05:06:08.548+0000] {dag.py:3947} INFO - Setting next_dagrun for flights_ops_medallion_pipe to 2026-04-30 05:00:00+00:00, run_after=2026-04-30 05:30:00+00:00
[2026-04-30T05:06:08.567+0000] {processor.py:183} INFO - Processing /opt/airflow/dags/flight-pipeline.py took 0.732 seconds
[2026-04-30T05:06:38.814+0000] {processor.py:161} INFO - Started process (PID=7456) to work on /opt/airflow/dags/flight-pipeline.py
[2026-04-30T05:06:38.817+0000] {processor.py:830} INFO - Processing file /opt/airflow/dags/flight-pipeline.py for tasks to queue
[2026-04-30T05:06:38.818+0000] {logging_mixin.py:188} INFO - [2026-04-30T05:06:38.818+0000] {dagbag.py:545} INFO - Filling up the DagBag from /opt/airflow/dags/flight-pipeline.py
[2026-04-30T05:06:39.425+0000] {processor.py:840} INFO - DAG(s) 'flights_ops_medallion_pipe' retrieved from /opt/airflow/dags/flight-pipeline.py
[2026-04-30T05:06:39.460+0000] {logging_mixin.py:188} INFO - [2026-04-30T05:06:39.459+0000] {dag.py:3089} INFO - Sync 1 DAGs
[2026-04-30T05:06:39.482+0000] {logging_mixin.py:188} INFO - [2026-04-30T05:06:39.482+0000] {dag.py:3947} INFO - Setting next_dagrun for flights_ops_medallion_pipe to 2026-04-30 05:00:00+00:00, run_after=2026-04-30 05:30:00+00:00
[2026-04-30T05:06:39.502+0000] {processor.py:183} INFO - Processing /opt/airflow/dags/flight-pipeline.py took 0.696 seconds
[2026-04-30T05:07:09.784+0000] {processor.py:161} INFO - Started process (PID=7459) to work on /opt/airflow/dags/flight-pipeline.py
[2026-04-30T05:07:09.787+0000] {processor.py:830} INFO - Processing file /opt/airflow/dags/flight-pipeline.py for tasks to queue
[2026-04-30T05:07:09.788+0000] {logging_mixin.py:188} INFO - [2026-04-30T05:07:09.788+0000] {dagbag.py:545} INFO - Filling up the DagBag from /opt/airflow/dags/flight-pipeline.py
[2026-04-30T05:07:10.397+0000] {processor.py:840} INFO - DAG(s) 'flights_ops_medallion_pipe' retrieved from /opt/airflow/dags/flight-pipeline.py
[2026-04-30T05:07:10.430+0000] {logging_mixin.py:188} INFO - [2026-04-30T05:07:10.430+0000] {dag.py:3089} INFO - Sync 1 DAGs
[2026-04-30T05:07:10.454+0000] {logging_mixin.py:188} INFO - [2026-04-30T05:07:10.454+0000] {dag.py:3947} INFO - Setting next_dagrun for flights_ops_medallion_pipe to 2026-04-30 05:00:00+00:00, run_after=2026-04-30 05:30:00+00:00
[2026-04-30T05:07:10.472+0000] {processor.py:183} INFO - Processing /opt/airflow/dags/flight-pipeline.py took 0.697 seconds
[2026-04-30T05:07:40.746+0000] {processor.py:161} INFO - Started process (PID=7462) to work on /opt/airflow/dags/flight-pipeline.py
[2026-04-30T05:07:40.749+0000] {processor.py:830} INFO - Processing file /opt/airflow/dags/flight-pipeline.py for tasks to queue
[2026-04-30T05:07:40.750+0000] {logging_mixin.py:188} INFO - [2026-04-30T05:07:40.750+0000] {dagbag.py:545} INFO - Filling up the DagBag from /opt/airflow/dags/flight-pipeline.py
[2026-04-30T05:07:41.366+0000] {processor.py:840} INFO - DAG(s) 'flights_ops_medallion_pipe' retrieved from /opt/airflow/dags/flight-pipeline.py
[2026-04-30T05:07:41.401+0000] {logging_mixin.py:188} INFO - [2026-04-30T05:07:41.400+0000] {dag.py:3089} INFO - Sync 1 DAGs
[2026-04-30T05:07:41.423+0000] {logging_mixin.py:188} INFO - [2026-04-30T05:07:41.423+0000] {dag.py:3947} INFO - Setting next_dagrun for flights_ops_medallion_pipe to 2026-04-30 05:00:00+00:00, run_after=2026-04-30 05:30:00+00:00
[2026-04-30T05:07:41.440+0000] {processor.py:183} INFO - Processing /opt/airflow/dags/flight-pipeline.py took 0.702 seconds
[2026-04-30T05:08:11.558+0000] {processor.py:161} INFO - Started process (PID=7465) to work on /opt/airflow/dags/flight-pipeline.py
[2026-04-30T05:08:11.562+0000] {processor.py:830} INFO - Processing file /opt/airflow/dags/flight-pipeline.py for tasks to queue
[2026-04-30T05:08:11.563+0000] {logging_mixin.py:188} INFO - [2026-04-30T05:08:11.563+0000] {dagbag.py:545} INFO - Filling up the DagBag from /opt/airflow/dags/flight-pipeline.py
[2026-04-30T05:08:12.178+0000] {processor.py:840} INFO - DAG(s) 'flights_ops_medallion_pipe' retrieved from /opt/airflow/dags/flight-pipeline.py
[2026-04-30T05:08:12.211+0000] {logging_mixin.py:188} INFO - [2026-04-30T05:08:12.210+0000] {dag.py:3089} INFO - Sync 1 DAGs
[2026-04-30T05:08:12.233+0000] {logging_mixin.py:188} INFO - [2026-04-30T05:08:12.233+0000] {dag.py:3947} INFO - Setting next_dagrun for flights_ops_medallion_pipe to 2026-04-30 05:00:00+00:00, run_after=2026-04-30 05:30:00+00:00
[2026-04-30T05:08:12.251+0000] {processor.py:183} INFO - Processing /opt/airflow/dags/flight-pipeline.py took 0.702 seconds
[2026-04-30T05:08:42.504+0000] {processor.py:161} INFO - Started process (PID=7468) to work on /opt/airflow/dags/flight-pipeline.py
[2026-04-30T05:08:42.508+0000] {processor.py:830} INFO - Processing file /opt/airflow/dags/flight-pipeline.py for tasks to queue
[2026-04-30T05:08:42.509+0000] {logging_mixin.py:188} INFO - [2026-04-30T05:08:42.508+0000] {dagbag.py:545} INFO - Filling up the DagBag from /opt/airflow/dags/flight-pipeline.py
[2026-04-30T05:08:43.121+0000] {processor.py:840} INFO - DAG(s) 'flights_ops_medallion_pipe' retrieved from /opt/airflow/dags/flight-pipeline.py
[2026-04-30T05:08:43.155+0000] {logging_mixin.py:188} INFO - [2026-04-30T05:08:43.154+0000] {dag.py:3089} INFO - Sync 1 DAGs
[2026-04-30T05:08:43.176+0000] {logging_mixin.py:188} INFO - [2026-04-30T05:08:43.176+0000] {dag.py:3947} INFO - Setting next_dagrun for flights_ops_medallion_pipe to 2026-04-30 05:00:00+00:00, run_after=2026-04-30 05:30:00+00:00
[2026-04-30T05:08:43.194+0000] {processor.py:183} INFO - Processing /opt/airflow/dags/flight-pipeline.py took 0.699 seconds
[2026-04-30T05:09:13.430+0000] {processor.py:161} INFO - Started process (PID=7471) to work on /opt/airflow/dags/flight-pipeline.py
[2026-04-30T05:09:13.433+0000] {processor.py:830} INFO - Processing file /opt/airflow/dags/flight-pipeline.py for tasks to queue
[2026-04-30T05:09:13.434+0000] {logging_mixin.py:188} INFO - [2026-04-30T05:09:13.434+0000] {dagbag.py:545} INFO - Filling up the DagBag from /opt/airflow/dags/flight-pipeline.py
[2026-04-30T05:09:14.055+0000] {processor.py:840} INFO - DAG(s) 'flights_ops_medallion_pipe' retrieved from /opt/airflow/dags/flight-pipeline.py
[2026-04-30T05:09:14.097+0000] {logging_mixin.py:188} INFO - [2026-04-30T05:09:14.096+0000] {dag.py:3089} INFO - Sync 1 DAGs
[2026-04-30T05:09:14.126+0000] {logging_mixin.py:188} INFO - [2026-04-30T05:09:14.126+0000] {dag.py:3947} INFO - Setting next_dagrun for flights_ops_medallion_pipe to 2026-04-30 05:00:00+00:00, run_after=2026-04-30 05:30:00+00:00
[2026-04-30T05:09:14.146+0000] {processor.py:183} INFO - Processing /opt/airflow/dags/flight-pipeline.py took 0.725 seconds
[2026-04-30T05:09:44.404+0000] {processor.py:161} INFO - Started process (PID=7474) to work on /opt/airflow/dags/flight-pipeline.py
[2026-04-30T05:09:44.408+0000] {processor.py:830} INFO - Processing file /opt/airflow/dags/flight-pipeline.py for tasks to queue
[2026-04-30T05:09:44.409+0000] {logging_mixin.py:188} INFO - [2026-04-30T05:09:44.409+0000] {dagbag.py:545} INFO - Filling up the DagBag from /opt/airflow/dags/flight-pipeline.py
[2026-04-30T05:09:45.025+0000] {processor.py:840} INFO - DAG(s) 'flights_ops_medallion_pipe' retrieved from /opt/airflow/dags/flight-pipeline.py
[2026-04-30T05:09:45.058+0000] {logging_mixin.py:188} INFO - [2026-04-30T05:09:45.057+0000] {dag.py:3089} INFO - Sync 1 DAGs
[2026-04-30T05:09:45.081+0000] {logging_mixin.py:188} INFO - [2026-04-30T05:09:45.080+0000] {dag.py:3947} INFO - Setting next_dagrun for flights_ops_medallion_pipe to 2026-04-30 05:00:00+00:00, run_after=2026-04-30 05:30:00+00:00
[2026-04-30T05:09:45.100+0000] {processor.py:183} INFO - Processing /opt/airflow/dags/flight-pipeline.py took 0.703 seconds
[2026-04-30T05:10:15.379+0000] {processor.py:161} INFO - Started process (PID=7477) to work on /opt/airflow/dags/flight-pipeline.py
[2026-04-30T05:10:15.382+0000] {processor.py:830} INFO - Processing file /opt/airflow/dags/flight-pipeline.py for tasks to queue
[2026-04-30T05:10:15.383+0000] {logging_mixin.py:188} INFO - [2026-04-30T05:10:15.383+0000] {dagbag.py:545} INFO - Filling up the DagBag from /opt/airflow/dags/flight-pipeline.py
[2026-04-30T05:10:15.997+0000] {processor.py:840} INFO - DAG(s) 'flights_ops_medallion_pipe' retrieved from /opt/airflow/dags/flight-pipeline.py
[2026-04-30T05:10:16.031+0000] {logging_mixin.py:188} INFO - [2026-04-30T05:10:16.030+0000] {dag.py:3089} INFO - Sync 1 DAGs
[2026-04-30T05:10:16.054+0000] {logging_mixin.py:188} INFO - [2026-04-30T05:10:16.053+0000] {dag.py:3947} INFO - Setting next_dagrun for flights_ops_medallion_pipe to 2026-04-30 05:00:00+00:00, run_after=2026-04-30 05:30:00+00:00
[2026-04-30T05:10:16.072+0000] {processor.py:183} INFO - Processing /opt/airflow/dags/flight-pipeline.py took 0.702 seconds
[2026-04-30T05:10:46.344+0000] {processor.py:161} INFO - Started process (PID=7480) to work on /opt/airflow/dags/flight-pipeline.py
[2026-04-30T05:10:46.348+0000] {processor.py:830} INFO - Processing file /opt/airflow/dags/flight-pipeline.py for tasks to queue
[2026-04-30T05:10:46.349+0000] {logging_mixin.py:188} INFO - [2026-04-30T05:10:46.349+0000] {dagbag.py:545} INFO - Filling up the DagBag from /opt/airflow/dags/flight-pipeline.py
[2026-04-30T05:10:46.966+0000] {processor.py:840} INFO - DAG(s) 'flights_ops_medallion_pipe' retrieved from /opt/airflow/dags/flight-pipeline.py
[2026-04-30T05:10:46.999+0000] {logging_mixin.py:188} INFO - [2026-04-30T05:10:46.998+0000] {dag.py:3089} INFO - Sync 1 DAGs
[2026-04-30T05:10:47.022+0000] {logging_mixin.py:188} INFO - [2026-04-30T05:10:47.022+0000] {dag.py:3947} INFO - Setting next_dagrun for flights_ops_medallion_pipe to 2026-04-30 05:00:00+00:00, run_after=2026-04-30 05:30:00+00:00
[2026-04-30T05:10:47.039+0000] {processor.py:183} INFO - Processing /opt/airflow/dags/flight-pipeline.py took 0.703 seconds
[2026-04-30T05:11:17.171+0000] {processor.py:161} INFO - Started process (PID=7483) to work on /opt/airflow/dags/flight-pipeline.py
[2026-04-30T05:11:17.174+0000] {processor.py:830} INFO - Processing file /opt/airflow/dags/flight-pipeline.py for tasks to queue
[2026-04-30T05:11:17.175+0000] {logging_mixin.py:188} INFO - [2026-04-30T05:11:17.175+0000] {dagbag.py:545} INFO - Filling up the DagBag from /opt/airflow/dags/flight-pipeline.py
[2026-04-30T05:11:17.785+0000] {processor.py:840} INFO - DAG(s) 'flights_ops_medallion_pipe' retrieved from /opt/airflow/dags/flight-pipeline.py
[2026-04-30T05:11:17.820+0000] {logging_mixin.py:188} INFO - [2026-04-30T05:11:17.819+0000] {dag.py:3089} INFO - Sync 1 DAGs
[2026-04-30T05:11:17.843+0000] {logging_mixin.py:188} INFO - [2026-04-30T05:11:17.843+0000] {dag.py:3947} INFO - Setting next_dagrun for flights_ops_medallion_pipe to 2026-04-30 05:00:00+00:00, run_after=2026-04-30 05:30:00+00:00
[2026-04-30T05:11:17.861+0000] {processor.py:183} INFO - Processing /opt/airflow/dags/flight-pipeline.py took 0.699 seconds
[2026-04-30T05:11:48.431+0000] {processor.py:161} INFO - Started process (PID=7486) to work on /opt/airflow/dags/flight-pipeline.py
[2026-04-30T05:11:48.437+0000] {processor.py:830} INFO - Processing file /opt/airflow/dags/flight-pipeline.py for tasks to queue
[2026-04-30T05:11:48.441+0000] {logging_mixin.py:188} INFO - [2026-04-30T05:11:48.439+0000] {dagbag.py:545} INFO - Filling up the DagBag from /opt/airflow/dags/flight-pipeline.py
[2026-04-30T05:11:49.924+0000] {processor.py:840} INFO - DAG(s) 'flights_ops_medallion_pipe' retrieved from /opt/airflow/dags/flight-pipeline.py
[2026-04-30T05:11:50.046+0000] {logging_mixin.py:188} INFO - [2026-04-30T05:11:50.046+0000] {dag.py:3089} INFO - Sync 1 DAGs
[2026-04-30T05:11:50.089+0000] {logging_mixin.py:188} INFO - [2026-04-30T05:11:50.089+0000] {dag.py:3947} INFO - Setting next_dagrun for flights_ops_medallion_pipe to 2026-04-30 05:00:00+00:00, run_after=2026-04-30 05:30:00+00:00
[2026-04-30T05:11:50.172+0000] {processor.py:183} INFO - Processing /opt/airflow/dags/flight-pipeline.py took 1.771 seconds
[2026-04-30T07:11:54.493+0000] {processor.py:161} INFO - Started process (PID=7489) to work on /opt/airflow/dags/flight-pipeline.py
[2026-04-30T07:11:54.503+0000] {processor.py:830} INFO - Processing file /opt/airflow/dags/flight-pipeline.py for tasks to queue
[2026-04-30T07:11:54.512+0000] {logging_mixin.py:188} INFO - [2026-04-30T07:11:54.506+0000] {dagbag.py:545} INFO - Filling up the DagBag from /opt/airflow/dags/flight-pipeline.py
[2026-04-30T07:11:57.294+0000] {processor.py:840} INFO - DAG(s) 'flights_ops_medallion_pipe' retrieved from /opt/airflow/dags/flight-pipeline.py
[2026-04-30T07:11:57.485+0000] {logging_mixin.py:188} INFO - [2026-04-30T07:11:57.485+0000] {dag.py:3089} INFO - Sync 1 DAGs
[2026-04-30T07:11:57.556+0000] {logging_mixin.py:188} INFO - [2026-04-30T07:11:57.556+0000] {dag.py:3947} INFO - Setting next_dagrun for flights_ops_medallion_pipe to 2026-04-30 06:30:00+00:00, run_after=2026-04-30 07:00:00+00:00
[2026-04-30T07:11:57.604+0000] {processor.py:183} INFO - Processing /opt/airflow/dags/flight-pipeline.py took 3.162 seconds
[2026-04-30T07:12:30.235+0000] {processor.py:161} INFO - Started process (PID=7494) to work on /opt/airflow/dags/flight-pipeline.py
[2026-04-30T07:12:30.362+0000] {processor.py:830} INFO - Processing file /opt/airflow/dags/flight-pipeline.py for tasks to queue
[2026-04-30T07:12:30.390+0000] {logging_mixin.py:188} INFO - [2026-04-30T07:12:30.379+0000] {dagbag.py:545} INFO - Filling up the DagBag from /opt/airflow/dags/flight-pipeline.py
[2026-04-30T09:12:17.771+0000] {logging_mixin.py:188} INFO - [2026-04-30T09:12:17.628+0000] {timeout.py:68} ERROR - Process timed out, PID: 7494
[2026-04-30T09:12:52.950+0000] {processor.py:161} INFO - Started process (PID=7506) to work on /opt/airflow/dags/flight-pipeline.py
[2026-04-30T09:12:53.020+0000] {processor.py:830} INFO - Processing file /opt/airflow/dags/flight-pipeline.py for tasks to queue
[2026-04-30T09:12:53.133+0000] {logging_mixin.py:188} INFO - [2026-04-30T09:12:53.069+0000] {dagbag.py:545} INFO - Filling up the DagBag from /opt/airflow/dags/flight-pipeline.py
[2026-04-30T11:10:29.216+0000] {logging_mixin.py:188} INFO - [2026-04-30T11:10:29.114+0000] {timeout.py:68} ERROR - Process timed out, PID: 7506
[2026-04-30T13:10:46.016+0000] {processor.py:161} INFO - Started process (PID=7518) to work on /opt/airflow/dags/flight-pipeline.py
[2026-04-30T13:10:46.038+0000] {processor.py:830} INFO - Processing file /opt/airflow/dags/flight-pipeline.py for tasks to queue
[2026-04-30T13:10:46.040+0000] {logging_mixin.py:188} INFO - [2026-04-30T13:10:46.039+0000] {dagbag.py:545} INFO - Filling up the DagBag from /opt/airflow/dags/flight-pipeline.py
[2026-04-30T13:10:48.062+0000] {processor.py:840} INFO - DAG(s) 'flights_ops_medallion_pipe' retrieved from /opt/airflow/dags/flight-pipeline.py
[2026-04-30T13:10:48.513+0000] {logging_mixin.py:188} INFO - [2026-04-30T13:10:48.510+0000] {dag.py:3089} INFO - Sync 1 DAGs
[2026-04-30T13:10:48.568+0000] {logging_mixin.py:188} INFO - [2026-04-30T13:10:48.567+0000] {dag.py:3947} INFO - Setting next_dagrun for flights_ops_medallion_pipe to 2026-04-30 12:30:00+00:00, run_after=2026-04-30 13:00:00+00:00
[2026-04-30T13:10:48.623+0000] {processor.py:183} INFO - Processing /opt/airflow/dags/flight-pipeline.py took 2.685 seconds
[2026-04-30T13:13:01.695+0000] {processor.py:161} INFO - Started process (PID=7532) to work on /opt/airflow/dags/flight-pipeline.py
[2026-04-30T13:13:01.742+0000] {processor.py:830} INFO - Processing file /opt/airflow/dags/flight-pipeline.py for tasks to queue
[2026-04-30T13:13:01.781+0000] {logging_mixin.py:188} INFO - [2026-04-30T13:13:01.779+0000] {dagbag.py:545} INFO - Filling up the DagBag from /opt/airflow/dags/flight-pipeline.py
[2026-04-30T13:13:02.646+0000] {processor.py:840} INFO - DAG(s) 'flights_ops_medallion_pipe' retrieved from /opt/airflow/dags/flight-pipeline.py
[2026-04-30T13:13:02.678+0000] {logging_mixin.py:188} INFO - [2026-04-30T13:13:02.678+0000] {dag.py:3089} INFO - Sync 1 DAGs
[2026-04-30T13:13:02.703+0000] {logging_mixin.py:188} INFO - [2026-04-30T13:13:02.702+0000] {dag.py:3947} INFO - Setting next_dagrun for flights_ops_medallion_pipe to 2026-04-30 13:00:00+00:00, run_after=2026-04-30 13:30:00+00:00
[2026-04-30T13:13:02.725+0000] {processor.py:183} INFO - Processing /opt/airflow/dags/flight-pipeline.py took 1.078 seconds
[2026-04-30T14:11:46.540+0000] {processor.py:161} INFO - Started process (PID=7535) to work on /opt/airflow/dags/flight-pipeline.py
[2026-04-30T14:11:46.549+0000] {processor.py:830} INFO - Processing file /opt/airflow/dags/flight-pipeline.py for tasks to queue
[2026-04-30T14:11:46.555+0000] {logging_mixin.py:188} INFO - [2026-04-30T14:11:46.554+0000] {dagbag.py:545} INFO - Filling up the DagBag from /opt/airflow/dags/flight-pipeline.py
[2026-04-30T14:11:48.222+0000] {processor.py:840} INFO - DAG(s) 'flights_ops_medallion_pipe' retrieved from /opt/airflow/dags/flight-pipeline.py
[2026-04-30T14:11:48.262+0000] {logging_mixin.py:188} INFO - [2026-04-30T14:11:48.261+0000] {dag.py:3089} INFO - Sync 1 DAGs
[2026-04-30T14:11:48.292+0000] {logging_mixin.py:188} INFO - [2026-04-30T14:11:48.291+0000] {dag.py:3947} INFO - Setting next_dagrun for flights_ops_medallion_pipe to 2026-04-30 13:30:00+00:00, run_after=2026-04-30 14:00:00+00:00
[2026-04-30T14:11:48.315+0000] {processor.py:183} INFO - Processing /opt/airflow/dags/flight-pipeline.py took 1.803 seconds
[2026-04-30T15:12:47.511+0000] {processor.py:161} INFO - Started process (PID=7550) to work on /opt/airflow/dags/flight-pipeline.py
[2026-04-30T15:12:47.516+0000] {processor.py:830} INFO - Processing file /opt/airflow/dags/flight-pipeline.py for tasks to queue
[2026-04-30T15:12:47.517+0000] {logging_mixin.py:188} INFO - [2026-04-30T15:12:47.517+0000] {dagbag.py:545} INFO - Filling up the DagBag from /opt/airflow/dags/flight-pipeline.py
[2026-04-30T15:12:48.768+0000] {processor.py:840} INFO - DAG(s) 'flights_ops_medallion_pipe' retrieved from /opt/airflow/dags/flight-pipeline.py
[2026-04-30T15:12:48.816+0000] {logging_mixin.py:188} INFO - [2026-04-30T15:12:48.816+0000] {dag.py:3089} INFO - Sync 1 DAGs
[2026-04-30T15:12:48.847+0000] {logging_mixin.py:188} INFO - [2026-04-30T15:12:48.847+0000] {dag.py:3947} INFO - Setting next_dagrun for flights_ops_medallion_pipe to 2026-04-30 14:30:00+00:00, run_after=2026-04-30 15:00:00+00:00
[2026-04-30T15:12:48.870+0000] {processor.py:183} INFO - Processing /opt/airflow/dags/flight-pipeline.py took 1.384 seconds
[2026-04-30T15:13:19.391+0000] {processor.py:161} INFO - Started process (PID=7587) to work on /opt/airflow/dags/flight-pipeline.py
[2026-04-30T15:13:19.394+0000] {processor.py:830} INFO - Processing file /opt/airflow/dags/flight-pipeline.py for tasks to queue
[2026-04-30T15:13:19.395+0000] {logging_mixin.py:188} INFO - [2026-04-30T15:13:19.395+0000] {dagbag.py:545} INFO - Filling up the DagBag from /opt/airflow/dags/flight-pipeline.py
[2026-04-30T15:13:20.207+0000] {processor.py:840} INFO - DAG(s) 'flights_ops_medallion_pipe' retrieved from /opt/airflow/dags/flight-pipeline.py
[2026-04-30T15:13:20.241+0000] {logging_mixin.py:188} INFO - [2026-04-30T15:13:20.241+0000] {dag.py:3089} INFO - Sync 1 DAGs
[2026-04-30T15:13:20.267+0000] {logging_mixin.py:188} INFO - [2026-04-30T15:13:20.266+0000] {dag.py:3947} INFO - Setting next_dagrun for flights_ops_medallion_pipe to 2026-04-30 15:00:00+00:00, run_after=2026-04-30 15:30:00+00:00
[2026-04-30T15:13:20.285+0000] {processor.py:183} INFO - Processing /opt/airflow/dags/flight-pipeline.py took 0.902 seconds
[2026-04-30T16:13:48.697+0000] {processor.py:161} INFO - Started process (PID=7612) to work on /opt/airflow/dags/flight-pipeline.py
[2026-04-30T16:13:48.703+0000] {processor.py:830} INFO - Processing file /opt/airflow/dags/flight-pipeline.py for tasks to queue
[2026-04-30T16:13:48.707+0000] {logging_mixin.py:188} INFO - [2026-04-30T16:13:48.705+0000] {dagbag.py:545} INFO - Filling up the DagBag from /opt/airflow/dags/flight-pipeline.py
[2026-04-30T16:13:49.856+0000] {processor.py:840} INFO - DAG(s) 'flights_ops_medallion_pipe' retrieved from /opt/airflow/dags/flight-pipeline.py
[2026-04-30T16:13:49.908+0000] {logging_mixin.py:188} INFO - [2026-04-30T16:13:49.908+0000] {dag.py:3089} INFO - Sync 1 DAGs
[2026-04-30T16:13:49.942+0000] {logging_mixin.py:188} INFO - [2026-04-30T16:13:49.941+0000] {dag.py:3947} INFO - Setting next_dagrun for flights_ops_medallion_pipe to 2026-04-30 15:30:00+00:00, run_after=2026-04-30 16:00:00+00:00
[2026-04-30T16:13:49.971+0000] {processor.py:183} INFO - Processing /opt/airflow/dags/flight-pipeline.py took 1.286 seconds
[2026-04-30T17:12:52.474+0000] {processor.py:161} INFO - Started process (PID=7630) to work on /opt/airflow/dags/flight-pipeline.py
[2026-04-30T17:12:52.494+0000] {processor.py:830} INFO - Processing file /opt/airflow/dags/flight-pipeline.py for tasks to queue
[2026-04-30T17:12:52.501+0000] {logging_mixin.py:188} INFO - [2026-04-30T17:12:52.500+0000] {dagbag.py:545} INFO - Filling up the DagBag from /opt/airflow/dags/flight-pipeline.py
[2026-04-30T17:12:53.983+0000] {processor.py:840} INFO - DAG(s) 'flights_ops_medallion_pipe' retrieved from /opt/airflow/dags/flight-pipeline.py
[2026-04-30T17:12:54.019+0000] {logging_mixin.py:188} INFO - [2026-04-30T17:12:54.018+0000] {dag.py:3089} INFO - Sync 1 DAGs
[2026-04-30T17:12:54.047+0000] {logging_mixin.py:188} INFO - [2026-04-30T17:12:54.046+0000] {dag.py:3947} INFO - Setting next_dagrun for flights_ops_medallion_pipe to 2026-04-30 16:30:00+00:00, run_after=2026-04-30 17:00:00+00:00
[2026-04-30T17:12:54.067+0000] {processor.py:183} INFO - Processing /opt/airflow/dags/flight-pipeline.py took 1.773 seconds
[2026-04-30T17:14:49.357+0000] {processor.py:161} INFO - Started process (PID=7655) to work on /opt/airflow/dags/flight-pipeline.py
[2026-04-30T17:14:49.394+0000] {processor.py:830} INFO - Processing file /opt/airflow/dags/flight-pipeline.py for tasks to queue
[2026-04-30T17:14:49.398+0000] {logging_mixin.py:188} INFO - [2026-04-30T17:14:49.397+0000] {dagbag.py:545} INFO - Filling up the DagBag from /opt/airflow/dags/flight-pipeline.py
[2026-04-30T17:14:50.997+0000] {processor.py:840} INFO - DAG(s) 'flights_ops_medallion_pipe' retrieved from /opt/airflow/dags/flight-pipeline.py
[2026-04-30T17:14:51.089+0000] {logging_mixin.py:188} INFO - [2026-04-30T17:14:51.088+0000] {dag.py:3089} INFO - Sync 1 DAGs
[2026-04-30T17:14:51.165+0000] {logging_mixin.py:188} INFO - [2026-04-30T17:14:51.164+0000] {dag.py:3947} INFO - Setting next_dagrun for flights_ops_medallion_pipe to 2026-04-30 16:30:00+00:00, run_after=2026-04-30 17:00:00+00:00
[2026-04-30T17:14:51.205+0000] {processor.py:183} INFO - Processing /opt/airflow/dags/flight-pipeline.py took 1.865 seconds
[2026-04-30T17:15:26.833+0000] {processor.py:161} INFO - Started process (PID=7667) to work on /opt/airflow/dags/flight-pipeline.py
[2026-04-30T17:15:26.964+0000] {processor.py:830} INFO - Processing file /opt/airflow/dags/flight-pipeline.py for tasks to queue
[2026-04-30T17:15:27.094+0000] {logging_mixin.py:188} INFO - [2026-04-30T17:15:27.009+0000] {dagbag.py:545} INFO - Filling up the DagBag from /opt/airflow/dags/flight-pipeline.py
[2026-04-30T18:03:52.495+0000] {logging_mixin.py:188} INFO - [2026-04-30T18:03:52.477+0000] {timeout.py:68} ERROR - Process timed out, PID: 7667
[2026-04-30T18:03:53.676+0000] {logging_mixin.py:188} WARNING - Traceback (most recent call last):
[2026-04-30T18:03:54.240+0000] {logging_mixin.py:188} WARNING -   File "/home/airflow/.local/lib/python3.12/site-packages/numpy/_core/_multiarray_umath.py", line 6, in <module>
[2026-04-30T18:03:54.717+0000] {logging_mixin.py:188} WARNING -     _globals[item] = getattr(_multiarray_umath, item)
[2026-04-30T18:03:54.773+0000] {logging_mixin.py:188} WARNING -                      ^^^^^^^^^^^^^^^^^^^^^^^^^^^^^^^^
[2026-04-30T18:03:55.155+0000] {logging_mixin.py:188} WARNING -   File "/home/airflow/.local/lib/python3.12/site-packages/airflow/utils/timeout.py", line 69, in handle_timeout
[2026-04-30T18:03:55.158+0000] {logging_mixin.py:188} WARNING -     raise AirflowTaskTimeout(self.error_message)
[2026-04-30T18:03:55.168+0000] {logging_mixin.py:188} WARNING - airflow.exceptions.AirflowTaskTimeout: DagBag import timeout for /opt/airflow/dags/flight-pipeline.py after 30.0s.
Please take a look at these docs to improve your DAG import time:
* https://airflow.apache.org/docs/apache-airflow/2.9.3/best-practices.html#top-level-python-code
* https://airflow.apache.org/docs/apache-airflow/2.9.3/best-practices.html#reducing-dag-complexity, PID: 7667
[2026-04-30T18:04:26.887+0000] {processor.py:161} INFO - Started process (PID=7671) to work on /opt/airflow/dags/flight-pipeline.py
[2026-04-30T18:04:26.891+0000] {processor.py:830} INFO - Processing file /opt/airflow/dags/flight-pipeline.py for tasks to queue
[2026-04-30T18:04:26.904+0000] {logging_mixin.py:188} INFO - [2026-04-30T18:04:26.898+0000] {dagbag.py:545} INFO - Filling up the DagBag from /opt/airflow/dags/flight-pipeline.py
[2026-04-30T18:04:31.470+0000] {processor.py:840} INFO - DAG(s) 'flights_ops_medallion_pipe' retrieved from /opt/airflow/dags/flight-pipeline.py
[2026-04-30T18:04:32.460+0000] {logging_mixin.py:188} INFO - [2026-04-30T18:04:32.458+0000] {dag.py:3089} INFO - Sync 1 DAGs
[2026-04-30T18:04:33.114+0000] {logging_mixin.py:188} INFO - [2026-04-30T18:04:33.113+0000] {dag.py:3947} INFO - Setting next_dagrun for flights_ops_medallion_pipe to 2026-04-30 17:30:00+00:00, run_after=2026-04-30 18:00:00+00:00
[2026-04-30T18:04:33.319+0000] {processor.py:183} INFO - Processing /opt/airflow/dags/flight-pipeline.py took 6.525 seconds
[2026-04-30T18:05:03.945+0000] {processor.py:161} INFO - Started process (PID=7674) to work on /opt/airflow/dags/flight-pipeline.py
[2026-04-30T18:05:03.963+0000] {processor.py:830} INFO - Processing file /opt/airflow/dags/flight-pipeline.py for tasks to queue
[2026-04-30T18:05:03.978+0000] {logging_mixin.py:188} INFO - [2026-04-30T18:05:03.970+0000] {dagbag.py:545} INFO - Filling up the DagBag from /opt/airflow/dags/flight-pipeline.py
[2026-04-30T18:05:05.660+0000] {processor.py:840} INFO - DAG(s) 'flights_ops_medallion_pipe' retrieved from /opt/airflow/dags/flight-pipeline.py
[2026-04-30T18:05:05.728+0000] {logging_mixin.py:188} INFO - [2026-04-30T18:05:05.727+0000] {dag.py:3089} INFO - Sync 1 DAGs
[2026-04-30T18:05:05.800+0000] {logging_mixin.py:188} INFO - [2026-04-30T18:05:05.800+0000] {dag.py:3947} INFO - Setting next_dagrun for flights_ops_medallion_pipe to 2026-04-30 17:30:00+00:00, run_after=2026-04-30 18:00:00+00:00
[2026-04-30T18:05:05.856+0000] {processor.py:183} INFO - Processing /opt/airflow/dags/flight-pipeline.py took 1.938 seconds
[2026-04-30T18:05:36.129+0000] {processor.py:161} INFO - Started process (PID=7677) to work on /opt/airflow/dags/flight-pipeline.py
[2026-04-30T18:05:36.133+0000] {processor.py:830} INFO - Processing file /opt/airflow/dags/flight-pipeline.py for tasks to queue
[2026-04-30T18:05:36.135+0000] {logging_mixin.py:188} INFO - [2026-04-30T18:05:36.134+0000] {dagbag.py:545} INFO - Filling up the DagBag from /opt/airflow/dags/flight-pipeline.py
[2026-04-30T18:05:36.832+0000] {processor.py:840} INFO - DAG(s) 'flights_ops_medallion_pipe' retrieved from /opt/airflow/dags/flight-pipeline.py
[2026-04-30T18:05:36.867+0000] {logging_mixin.py:188} INFO - [2026-04-30T18:05:36.866+0000] {dag.py:3089} INFO - Sync 1 DAGs
[2026-04-30T18:05:36.898+0000] {logging_mixin.py:188} INFO - [2026-04-30T18:05:36.897+0000] {dag.py:3947} INFO - Setting next_dagrun for flights_ops_medallion_pipe to 2026-04-30 17:30:00+00:00, run_after=2026-04-30 18:00:00+00:00
[2026-04-30T18:05:36.921+0000] {processor.py:183} INFO - Processing /opt/airflow/dags/flight-pipeline.py took 0.804 seconds
[2026-04-30T18:06:07.152+0000] {processor.py:161} INFO - Started process (PID=7711) to work on /opt/airflow/dags/flight-pipeline.py
[2026-04-30T18:06:07.155+0000] {processor.py:830} INFO - Processing file /opt/airflow/dags/flight-pipeline.py for tasks to queue
[2026-04-30T18:06:07.158+0000] {logging_mixin.py:188} INFO - [2026-04-30T18:06:07.157+0000] {dagbag.py:545} INFO - Filling up the DagBag from /opt/airflow/dags/flight-pipeline.py
[2026-04-30T18:06:08.005+0000] {processor.py:840} INFO - DAG(s) 'flights_ops_medallion_pipe' retrieved from /opt/airflow/dags/flight-pipeline.py
[2026-04-30T18:06:08.050+0000] {logging_mixin.py:188} INFO - [2026-04-30T18:06:08.049+0000] {dag.py:3089} INFO - Sync 1 DAGs
[2026-04-30T18:06:08.087+0000] {logging_mixin.py:188} INFO - [2026-04-30T18:06:08.087+0000] {dag.py:3947} INFO - Setting next_dagrun for flights_ops_medallion_pipe to 2026-04-30 18:00:00+00:00, run_after=2026-04-30 18:30:00+00:00
[2026-04-30T18:06:08.117+0000] {processor.py:183} INFO - Processing /opt/airflow/dags/flight-pipeline.py took 0.981 seconds
[2026-04-30T18:06:38.705+0000] {processor.py:161} INFO - Started process (PID=7727) to work on /opt/airflow/dags/flight-pipeline.py
[2026-04-30T18:06:38.710+0000] {processor.py:830} INFO - Processing file /opt/airflow/dags/flight-pipeline.py for tasks to queue
[2026-04-30T18:06:38.712+0000] {logging_mixin.py:188} INFO - [2026-04-30T18:06:38.711+0000] {dagbag.py:545} INFO - Filling up the DagBag from /opt/airflow/dags/flight-pipeline.py
[2026-04-30T18:06:39.713+0000] {processor.py:840} INFO - DAG(s) 'flights_ops_medallion_pipe' retrieved from /opt/airflow/dags/flight-pipeline.py
[2026-04-30T18:06:39.779+0000] {logging_mixin.py:188} INFO - [2026-04-30T18:06:39.778+0000] {dag.py:3089} INFO - Sync 1 DAGs
[2026-04-30T18:06:39.826+0000] {logging_mixin.py:188} INFO - [2026-04-30T18:06:39.826+0000] {dag.py:3947} INFO - Setting next_dagrun for flights_ops_medallion_pipe to 2026-04-30 18:00:00+00:00, run_after=2026-04-30 18:30:00+00:00
[2026-04-30T18:06:39.853+0000] {processor.py:183} INFO - Processing /opt/airflow/dags/flight-pipeline.py took 1.163 seconds
[2026-04-30T18:07:09.959+0000] {processor.py:161} INFO - Started process (PID=7730) to work on /opt/airflow/dags/flight-pipeline.py
[2026-04-30T18:07:09.962+0000] {processor.py:830} INFO - Processing file /opt/airflow/dags/flight-pipeline.py for tasks to queue
[2026-04-30T18:07:09.966+0000] {logging_mixin.py:188} INFO - [2026-04-30T18:07:09.963+0000] {dagbag.py:545} INFO - Filling up the DagBag from /opt/airflow/dags/flight-pipeline.py
[2026-04-30T18:07:10.604+0000] {processor.py:840} INFO - DAG(s) 'flights_ops_medallion_pipe' retrieved from /opt/airflow/dags/flight-pipeline.py
[2026-04-30T18:07:10.639+0000] {logging_mixin.py:188} INFO - [2026-04-30T18:07:10.638+0000] {dag.py:3089} INFO - Sync 1 DAGs
[2026-04-30T18:07:10.666+0000] {logging_mixin.py:188} INFO - [2026-04-30T18:07:10.666+0000] {dag.py:3947} INFO - Setting next_dagrun for flights_ops_medallion_pipe to 2026-04-30 18:00:00+00:00, run_after=2026-04-30 18:30:00+00:00
[2026-04-30T18:07:10.689+0000] {processor.py:183} INFO - Processing /opt/airflow/dags/flight-pipeline.py took 0.738 seconds
[2026-04-30T18:07:40.948+0000] {processor.py:161} INFO - Started process (PID=7733) to work on /opt/airflow/dags/flight-pipeline.py
[2026-04-30T18:07:40.953+0000] {processor.py:830} INFO - Processing file /opt/airflow/dags/flight-pipeline.py for tasks to queue
[2026-04-30T18:07:40.955+0000] {logging_mixin.py:188} INFO - [2026-04-30T18:07:40.954+0000] {dagbag.py:545} INFO - Filling up the DagBag from /opt/airflow/dags/flight-pipeline.py
[2026-04-30T18:07:41.622+0000] {processor.py:840} INFO - DAG(s) 'flights_ops_medallion_pipe' retrieved from /opt/airflow/dags/flight-pipeline.py
[2026-04-30T18:07:41.656+0000] {logging_mixin.py:188} INFO - [2026-04-30T18:07:41.656+0000] {dag.py:3089} INFO - Sync 1 DAGs
[2026-04-30T18:07:41.680+0000] {logging_mixin.py:188} INFO - [2026-04-30T18:07:41.680+0000] {dag.py:3947} INFO - Setting next_dagrun for flights_ops_medallion_pipe to 2026-04-30 18:00:00+00:00, run_after=2026-04-30 18:30:00+00:00
[2026-04-30T18:07:41.699+0000] {processor.py:183} INFO - Processing /opt/airflow/dags/flight-pipeline.py took 0.761 seconds
[2026-04-30T18:08:11.911+0000] {processor.py:161} INFO - Started process (PID=7769) to work on /opt/airflow/dags/flight-pipeline.py
[2026-04-30T18:08:11.914+0000] {processor.py:830} INFO - Processing file /opt/airflow/dags/flight-pipeline.py for tasks to queue
[2026-04-30T18:08:11.915+0000] {logging_mixin.py:188} INFO - [2026-04-30T18:08:11.914+0000] {dagbag.py:545} INFO - Filling up the DagBag from /opt/airflow/dags/flight-pipeline.py
[2026-04-30T18:08:12.543+0000] {processor.py:840} INFO - DAG(s) 'flights_ops_medallion_pipe' retrieved from /opt/airflow/dags/flight-pipeline.py
[2026-04-30T18:08:12.593+0000] {logging_mixin.py:188} INFO - [2026-04-30T18:08:12.592+0000] {dag.py:3089} INFO - Sync 1 DAGs
[2026-04-30T18:08:12.650+0000] {logging_mixin.py:188} INFO - [2026-04-30T18:08:12.649+0000] {dag.py:3947} INFO - Setting next_dagrun for flights_ops_medallion_pipe to 2026-04-30 18:00:00+00:00, run_after=2026-04-30 18:30:00+00:00
[2026-04-30T18:08:12.693+0000] {processor.py:183} INFO - Processing /opt/airflow/dags/flight-pipeline.py took 0.790 seconds
[2026-04-30T18:08:42.765+0000] {processor.py:161} INFO - Started process (PID=7772) to work on /opt/airflow/dags/flight-pipeline.py
[2026-04-30T18:08:42.770+0000] {processor.py:830} INFO - Processing file /opt/airflow/dags/flight-pipeline.py for tasks to queue
[2026-04-30T18:08:42.775+0000] {logging_mixin.py:188} INFO - [2026-04-30T18:08:42.773+0000] {dagbag.py:545} INFO - Filling up the DagBag from /opt/airflow/dags/flight-pipeline.py
[2026-04-30T18:08:43.524+0000] {processor.py:840} INFO - DAG(s) 'flights_ops_medallion_pipe' retrieved from /opt/airflow/dags/flight-pipeline.py
[2026-04-30T18:08:43.560+0000] {logging_mixin.py:188} INFO - [2026-04-30T18:08:43.559+0000] {dag.py:3089} INFO - Sync 1 DAGs
[2026-04-30T18:08:43.584+0000] {logging_mixin.py:188} INFO - [2026-04-30T18:08:43.584+0000] {dag.py:3947} INFO - Setting next_dagrun for flights_ops_medallion_pipe to 2026-04-30 18:00:00+00:00, run_after=2026-04-30 18:30:00+00:00
[2026-04-30T18:08:43.603+0000] {processor.py:183} INFO - Processing /opt/airflow/dags/flight-pipeline.py took 0.846 seconds
[2026-04-30T18:09:13.955+0000] {processor.py:161} INFO - Started process (PID=7775) to work on /opt/airflow/dags/flight-pipeline.py
[2026-04-30T18:09:13.958+0000] {processor.py:830} INFO - Processing file /opt/airflow/dags/flight-pipeline.py for tasks to queue
[2026-04-30T18:09:13.959+0000] {logging_mixin.py:188} INFO - [2026-04-30T18:09:13.959+0000] {dagbag.py:545} INFO - Filling up the DagBag from /opt/airflow/dags/flight-pipeline.py
[2026-04-30T18:09:14.646+0000] {processor.py:840} INFO - DAG(s) 'flights_ops_medallion_pipe' retrieved from /opt/airflow/dags/flight-pipeline.py
[2026-04-30T18:09:14.679+0000] {logging_mixin.py:188} INFO - [2026-04-30T18:09:14.679+0000] {dag.py:3089} INFO - Sync 1 DAGs
[2026-04-30T18:09:14.703+0000] {logging_mixin.py:188} INFO - [2026-04-30T18:09:14.703+0000] {dag.py:3947} INFO - Setting next_dagrun for flights_ops_medallion_pipe to 2026-04-30 18:00:00+00:00, run_after=2026-04-30 18:30:00+00:00
[2026-04-30T18:09:14.722+0000] {processor.py:183} INFO - Processing /opt/airflow/dags/flight-pipeline.py took 0.776 seconds
[2026-04-30T18:09:44.980+0000] {processor.py:161} INFO - Started process (PID=7800) to work on /opt/airflow/dags/flight-pipeline.py
[2026-04-30T18:09:44.984+0000] {processor.py:830} INFO - Processing file /opt/airflow/dags/flight-pipeline.py for tasks to queue
[2026-04-30T18:09:44.986+0000] {logging_mixin.py:188} INFO - [2026-04-30T18:09:44.985+0000] {dagbag.py:545} INFO - Filling up the DagBag from /opt/airflow/dags/flight-pipeline.py
[2026-04-30T18:09:45.669+0000] {processor.py:840} INFO - DAG(s) 'flights_ops_medallion_pipe' retrieved from /opt/airflow/dags/flight-pipeline.py
[2026-04-30T18:09:45.709+0000] {logging_mixin.py:188} INFO - [2026-04-30T18:09:45.709+0000] {dag.py:3089} INFO - Sync 1 DAGs
[2026-04-30T18:09:45.736+0000] {logging_mixin.py:188} INFO - [2026-04-30T18:09:45.735+0000] {dag.py:3947} INFO - Setting next_dagrun for flights_ops_medallion_pipe to 2026-04-30 18:00:00+00:00, run_after=2026-04-30 18:30:00+00:00
[2026-04-30T18:09:45.755+0000] {processor.py:183} INFO - Processing /opt/airflow/dags/flight-pipeline.py took 0.783 seconds
[2026-04-30T18:10:16.110+0000] {processor.py:161} INFO - Started process (PID=7803) to work on /opt/airflow/dags/flight-pipeline.py
[2026-04-30T18:10:16.114+0000] {processor.py:830} INFO - Processing file /opt/airflow/dags/flight-pipeline.py for tasks to queue
[2026-04-30T18:10:16.115+0000] {logging_mixin.py:188} INFO - [2026-04-30T18:10:16.114+0000] {dagbag.py:545} INFO - Filling up the DagBag from /opt/airflow/dags/flight-pipeline.py
[2026-04-30T18:10:16.917+0000] {processor.py:840} INFO - DAG(s) 'flights_ops_medallion_pipe' retrieved from /opt/airflow/dags/flight-pipeline.py
[2026-04-30T18:10:16.952+0000] {logging_mixin.py:188} INFO - [2026-04-30T18:10:16.952+0000] {dag.py:3089} INFO - Sync 1 DAGs
[2026-04-30T18:10:16.977+0000] {logging_mixin.py:188} INFO - [2026-04-30T18:10:16.977+0000] {dag.py:3947} INFO - Setting next_dagrun for flights_ops_medallion_pipe to 2026-04-30 18:00:00+00:00, run_after=2026-04-30 18:30:00+00:00
[2026-04-30T18:10:16.996+0000] {processor.py:183} INFO - Processing /opt/airflow/dags/flight-pipeline.py took 0.895 seconds
[2026-04-30T18:10:47.946+0000] {processor.py:161} INFO - Started process (PID=7806) to work on /opt/airflow/dags/flight-pipeline.py
[2026-04-30T18:10:47.952+0000] {processor.py:830} INFO - Processing file /opt/airflow/dags/flight-pipeline.py for tasks to queue
[2026-04-30T18:10:47.956+0000] {logging_mixin.py:188} INFO - [2026-04-30T18:10:47.954+0000] {dagbag.py:545} INFO - Filling up the DagBag from /opt/airflow/dags/flight-pipeline.py
[2026-04-30T18:10:48.929+0000] {processor.py:840} INFO - DAG(s) 'flights_ops_medallion_pipe' retrieved from /opt/airflow/dags/flight-pipeline.py
[2026-04-30T18:10:48.979+0000] {logging_mixin.py:188} INFO - [2026-04-30T18:10:48.979+0000] {dag.py:3089} INFO - Sync 1 DAGs
[2026-04-30T18:10:49.011+0000] {logging_mixin.py:188} INFO - [2026-04-30T18:10:49.011+0000] {dag.py:3947} INFO - Setting next_dagrun for flights_ops_medallion_pipe to 2026-04-30 18:00:00+00:00, run_after=2026-04-30 18:30:00+00:00
[2026-04-30T18:10:49.033+0000] {processor.py:183} INFO - Processing /opt/airflow/dags/flight-pipeline.py took 1.124 seconds
[2026-04-30T18:11:19.170+0000] {processor.py:161} INFO - Started process (PID=7820) to work on /opt/airflow/dags/flight-pipeline.py
[2026-04-30T18:11:19.173+0000] {processor.py:830} INFO - Processing file /opt/airflow/dags/flight-pipeline.py for tasks to queue
[2026-04-30T18:11:19.174+0000] {logging_mixin.py:188} INFO - [2026-04-30T18:11:19.174+0000] {dagbag.py:545} INFO - Filling up the DagBag from /opt/airflow/dags/flight-pipeline.py
[2026-04-30T18:11:19.827+0000] {processor.py:840} INFO - DAG(s) 'flights_ops_medallion_pipe' retrieved from /opt/airflow/dags/flight-pipeline.py
[2026-04-30T18:11:19.862+0000] {logging_mixin.py:188} INFO - [2026-04-30T18:11:19.861+0000] {dag.py:3089} INFO - Sync 1 DAGs
[2026-04-30T18:11:19.885+0000] {logging_mixin.py:188} INFO - [2026-04-30T18:11:19.885+0000] {dag.py:3947} INFO - Setting next_dagrun for flights_ops_medallion_pipe to 2026-04-30 18:00:00+00:00, run_after=2026-04-30 18:30:00+00:00
[2026-04-30T18:11:19.904+0000] {processor.py:183} INFO - Processing /opt/airflow/dags/flight-pipeline.py took 0.742 seconds
[2026-04-30T18:11:50.168+0000] {processor.py:161} INFO - Started process (PID=7823) to work on /opt/airflow/dags/flight-pipeline.py
[2026-04-30T18:11:50.171+0000] {processor.py:830} INFO - Processing file /opt/airflow/dags/flight-pipeline.py for tasks to queue
[2026-04-30T18:11:50.172+0000] {logging_mixin.py:188} INFO - [2026-04-30T18:11:50.171+0000] {dagbag.py:545} INFO - Filling up the DagBag from /opt/airflow/dags/flight-pipeline.py
[2026-04-30T18:11:50.899+0000] {processor.py:840} INFO - DAG(s) 'flights_ops_medallion_pipe' retrieved from /opt/airflow/dags/flight-pipeline.py
[2026-04-30T18:11:50.933+0000] {logging_mixin.py:188} INFO - [2026-04-30T18:11:50.932+0000] {dag.py:3089} INFO - Sync 1 DAGs
[2026-04-30T18:11:50.959+0000] {logging_mixin.py:188} INFO - [2026-04-30T18:11:50.958+0000] {dag.py:3947} INFO - Setting next_dagrun for flights_ops_medallion_pipe to 2026-04-30 18:00:00+00:00, run_after=2026-04-30 18:30:00+00:00
[2026-04-30T18:11:50.978+0000] {processor.py:183} INFO - Processing /opt/airflow/dags/flight-pipeline.py took 0.819 seconds
[2026-04-30T18:12:21.229+0000] {processor.py:161} INFO - Started process (PID=7826) to work on /opt/airflow/dags/flight-pipeline.py
[2026-04-30T18:12:21.235+0000] {processor.py:830} INFO - Processing file /opt/airflow/dags/flight-pipeline.py for tasks to queue
[2026-04-30T18:12:21.236+0000] {logging_mixin.py:188} INFO - [2026-04-30T18:12:21.236+0000] {dagbag.py:545} INFO - Filling up the DagBag from /opt/airflow/dags/flight-pipeline.py
[2026-04-30T18:12:21.939+0000] {processor.py:840} INFO - DAG(s) 'flights_ops_medallion_pipe' retrieved from /opt/airflow/dags/flight-pipeline.py
[2026-04-30T18:12:21.976+0000] {logging_mixin.py:188} INFO - [2026-04-30T18:12:21.975+0000] {dag.py:3089} INFO - Sync 1 DAGs
[2026-04-30T18:12:22.001+0000] {logging_mixin.py:188} INFO - [2026-04-30T18:12:22.000+0000] {dag.py:3947} INFO - Setting next_dagrun for flights_ops_medallion_pipe to 2026-04-30 18:00:00+00:00, run_after=2026-04-30 18:30:00+00:00
[2026-04-30T18:12:22.026+0000] {processor.py:183} INFO - Processing /opt/airflow/dags/flight-pipeline.py took 0.807 seconds
[2026-04-30T18:12:52.323+0000] {processor.py:161} INFO - Started process (PID=7829) to work on /opt/airflow/dags/flight-pipeline.py
[2026-04-30T18:12:52.339+0000] {processor.py:830} INFO - Processing file /opt/airflow/dags/flight-pipeline.py for tasks to queue
[2026-04-30T18:12:52.342+0000] {logging_mixin.py:188} INFO - [2026-04-30T18:12:52.341+0000] {dagbag.py:545} INFO - Filling up the DagBag from /opt/airflow/dags/flight-pipeline.py
[2026-04-30T18:12:53.288+0000] {processor.py:840} INFO - DAG(s) 'flights_ops_medallion_pipe' retrieved from /opt/airflow/dags/flight-pipeline.py
[2026-04-30T18:12:53.330+0000] {logging_mixin.py:188} INFO - [2026-04-30T18:12:53.329+0000] {dag.py:3089} INFO - Sync 1 DAGs
[2026-04-30T18:12:53.366+0000] {logging_mixin.py:188} INFO - [2026-04-30T18:12:53.366+0000] {dag.py:3947} INFO - Setting next_dagrun for flights_ops_medallion_pipe to 2026-04-30 18:00:00+00:00, run_after=2026-04-30 18:30:00+00:00
[2026-04-30T18:12:53.391+0000] {processor.py:183} INFO - Processing /opt/airflow/dags/flight-pipeline.py took 1.084 seconds
[2026-04-30T18:13:23.539+0000] {processor.py:161} INFO - Started process (PID=7832) to work on /opt/airflow/dags/flight-pipeline.py
[2026-04-30T18:13:23.542+0000] {processor.py:830} INFO - Processing file /opt/airflow/dags/flight-pipeline.py for tasks to queue
[2026-04-30T18:13:23.543+0000] {logging_mixin.py:188} INFO - [2026-04-30T18:13:23.543+0000] {dagbag.py:545} INFO - Filling up the DagBag from /opt/airflow/dags/flight-pipeline.py
[2026-04-30T18:13:24.205+0000] {processor.py:840} INFO - DAG(s) 'flights_ops_medallion_pipe' retrieved from /opt/airflow/dags/flight-pipeline.py
[2026-04-30T18:13:24.242+0000] {logging_mixin.py:188} INFO - [2026-04-30T18:13:24.242+0000] {dag.py:3089} INFO - Sync 1 DAGs
[2026-04-30T18:13:24.267+0000] {logging_mixin.py:188} INFO - [2026-04-30T18:13:24.267+0000] {dag.py:3947} INFO - Setting next_dagrun for flights_ops_medallion_pipe to 2026-04-30 18:00:00+00:00, run_after=2026-04-30 18:30:00+00:00
[2026-04-30T18:13:24.286+0000] {processor.py:183} INFO - Processing /opt/airflow/dags/flight-pipeline.py took 0.756 seconds
[2026-04-30T18:13:54.556+0000] {processor.py:161} INFO - Started process (PID=7835) to work on /opt/airflow/dags/flight-pipeline.py
[2026-04-30T18:13:54.560+0000] {processor.py:830} INFO - Processing file /opt/airflow/dags/flight-pipeline.py for tasks to queue
[2026-04-30T18:13:54.562+0000] {logging_mixin.py:188} INFO - [2026-04-30T18:13:54.561+0000] {dagbag.py:545} INFO - Filling up the DagBag from /opt/airflow/dags/flight-pipeline.py
[2026-04-30T18:13:55.181+0000] {processor.py:840} INFO - DAG(s) 'flights_ops_medallion_pipe' retrieved from /opt/airflow/dags/flight-pipeline.py
[2026-04-30T18:13:55.219+0000] {logging_mixin.py:188} INFO - [2026-04-30T18:13:55.218+0000] {dag.py:3089} INFO - Sync 1 DAGs
[2026-04-30T18:13:55.241+0000] {logging_mixin.py:188} INFO - [2026-04-30T18:13:55.241+0000] {dag.py:3947} INFO - Setting next_dagrun for flights_ops_medallion_pipe to 2026-04-30 18:00:00+00:00, run_after=2026-04-30 18:30:00+00:00
[2026-04-30T18:13:55.265+0000] {processor.py:183} INFO - Processing /opt/airflow/dags/flight-pipeline.py took 0.717 seconds
[2026-04-30T18:14:25.520+0000] {processor.py:161} INFO - Started process (PID=7838) to work on /opt/airflow/dags/flight-pipeline.py
[2026-04-30T18:14:25.534+0000] {processor.py:830} INFO - Processing file /opt/airflow/dags/flight-pipeline.py for tasks to queue
[2026-04-30T18:14:25.535+0000] {logging_mixin.py:188} INFO - [2026-04-30T18:14:25.535+0000] {dagbag.py:545} INFO - Filling up the DagBag from /opt/airflow/dags/flight-pipeline.py
[2026-04-30T18:14:26.219+0000] {processor.py:840} INFO - DAG(s) 'flights_ops_medallion_pipe' retrieved from /opt/airflow/dags/flight-pipeline.py
[2026-04-30T18:14:26.273+0000] {logging_mixin.py:188} INFO - [2026-04-30T18:14:26.273+0000] {dag.py:3089} INFO - Sync 1 DAGs
[2026-04-30T18:14:26.305+0000] {logging_mixin.py:188} INFO - [2026-04-30T18:14:26.305+0000] {dag.py:3947} INFO - Setting next_dagrun for flights_ops_medallion_pipe to 2026-04-30 18:00:00+00:00, run_after=2026-04-30 18:30:00+00:00
[2026-04-30T18:14:26.323+0000] {processor.py:183} INFO - Processing /opt/airflow/dags/flight-pipeline.py took 0.813 seconds
[2026-04-30T18:14:56.576+0000] {processor.py:161} INFO - Started process (PID=7841) to work on /opt/airflow/dags/flight-pipeline.py
[2026-04-30T18:14:56.580+0000] {processor.py:830} INFO - Processing file /opt/airflow/dags/flight-pipeline.py for tasks to queue
[2026-04-30T18:14:56.583+0000] {logging_mixin.py:188} INFO - [2026-04-30T18:14:56.582+0000] {dagbag.py:545} INFO - Filling up the DagBag from /opt/airflow/dags/flight-pipeline.py
[2026-04-30T18:14:57.301+0000] {processor.py:840} INFO - DAG(s) 'flights_ops_medallion_pipe' retrieved from /opt/airflow/dags/flight-pipeline.py
[2026-04-30T18:14:57.342+0000] {logging_mixin.py:188} INFO - [2026-04-30T18:14:57.342+0000] {dag.py:3089} INFO - Sync 1 DAGs
[2026-04-30T18:14:57.366+0000] {logging_mixin.py:188} INFO - [2026-04-30T18:14:57.365+0000] {dag.py:3947} INFO - Setting next_dagrun for flights_ops_medallion_pipe to 2026-04-30 18:00:00+00:00, run_after=2026-04-30 18:30:00+00:00
[2026-04-30T18:14:57.385+0000] {processor.py:183} INFO - Processing /opt/airflow/dags/flight-pipeline.py took 0.824 seconds
[2026-04-30T18:15:27.617+0000] {processor.py:161} INFO - Started process (PID=7844) to work on /opt/airflow/dags/flight-pipeline.py
[2026-04-30T18:15:27.620+0000] {processor.py:830} INFO - Processing file /opt/airflow/dags/flight-pipeline.py for tasks to queue
[2026-04-30T18:15:27.621+0000] {logging_mixin.py:188} INFO - [2026-04-30T18:15:27.621+0000] {dagbag.py:545} INFO - Filling up the DagBag from /opt/airflow/dags/flight-pipeline.py
[2026-04-30T18:15:28.401+0000] {processor.py:840} INFO - DAG(s) 'flights_ops_medallion_pipe' retrieved from /opt/airflow/dags/flight-pipeline.py
[2026-04-30T18:15:28.440+0000] {logging_mixin.py:188} INFO - [2026-04-30T18:15:28.439+0000] {dag.py:3089} INFO - Sync 1 DAGs
[2026-04-30T18:15:28.500+0000] {logging_mixin.py:188} INFO - [2026-04-30T18:15:28.499+0000] {dag.py:3947} INFO - Setting next_dagrun for flights_ops_medallion_pipe to 2026-04-30 18:00:00+00:00, run_after=2026-04-30 18:30:00+00:00
[2026-04-30T18:15:28.560+0000] {processor.py:183} INFO - Processing /opt/airflow/dags/flight-pipeline.py took 0.951 seconds
[2026-04-30T18:15:59.000+0000] {processor.py:161} INFO - Started process (PID=7847) to work on /opt/airflow/dags/flight-pipeline.py
[2026-04-30T18:15:59.003+0000] {processor.py:830} INFO - Processing file /opt/airflow/dags/flight-pipeline.py for tasks to queue
[2026-04-30T18:15:59.008+0000] {logging_mixin.py:188} INFO - [2026-04-30T18:15:59.007+0000] {dagbag.py:545} INFO - Filling up the DagBag from /opt/airflow/dags/flight-pipeline.py
[2026-04-30T18:15:59.892+0000] {processor.py:840} INFO - DAG(s) 'flights_ops_medallion_pipe' retrieved from /opt/airflow/dags/flight-pipeline.py
[2026-04-30T18:15:59.948+0000] {logging_mixin.py:188} INFO - [2026-04-30T18:15:59.947+0000] {dag.py:3089} INFO - Sync 1 DAGs
[2026-04-30T18:15:59.984+0000] {logging_mixin.py:188} INFO - [2026-04-30T18:15:59.983+0000] {dag.py:3947} INFO - Setting next_dagrun for flights_ops_medallion_pipe to 2026-04-30 18:00:00+00:00, run_after=2026-04-30 18:30:00+00:00
[2026-04-30T18:16:00.006+0000] {processor.py:183} INFO - Processing /opt/airflow/dags/flight-pipeline.py took 1.027 seconds
[2026-04-30T18:16:30.907+0000] {processor.py:161} INFO - Started process (PID=7850) to work on /opt/airflow/dags/flight-pipeline.py
[2026-04-30T18:16:30.918+0000] {processor.py:830} INFO - Processing file /opt/airflow/dags/flight-pipeline.py for tasks to queue
[2026-04-30T18:16:30.923+0000] {logging_mixin.py:188} INFO - [2026-04-30T18:16:30.921+0000] {dagbag.py:545} INFO - Filling up the DagBag from /opt/airflow/dags/flight-pipeline.py
[2026-04-30T18:16:32.349+0000] {processor.py:840} INFO - DAG(s) 'flights_ops_medallion_pipe' retrieved from /opt/airflow/dags/flight-pipeline.py
[2026-04-30T18:16:32.421+0000] {logging_mixin.py:188} INFO - [2026-04-30T18:16:32.420+0000] {dag.py:3089} INFO - Sync 1 DAGs
[2026-04-30T18:16:32.494+0000] {logging_mixin.py:188} INFO - [2026-04-30T18:16:32.494+0000] {dag.py:3947} INFO - Setting next_dagrun for flights_ops_medallion_pipe to 2026-04-30 18:00:00+00:00, run_after=2026-04-30 18:30:00+00:00
[2026-04-30T18:16:32.540+0000] {processor.py:183} INFO - Processing /opt/airflow/dags/flight-pipeline.py took 1.652 seconds
[2026-04-30T18:17:02.825+0000] {processor.py:161} INFO - Started process (PID=7853) to work on /opt/airflow/dags/flight-pipeline.py
[2026-04-30T18:17:02.837+0000] {processor.py:830} INFO - Processing file /opt/airflow/dags/flight-pipeline.py for tasks to queue
[2026-04-30T18:17:02.840+0000] {logging_mixin.py:188} INFO - [2026-04-30T18:17:02.839+0000] {dagbag.py:545} INFO - Filling up the DagBag from /opt/airflow/dags/flight-pipeline.py
[2026-04-30T18:17:04.229+0000] {processor.py:840} INFO - DAG(s) 'flights_ops_medallion_pipe' retrieved from /opt/airflow/dags/flight-pipeline.py
[2026-04-30T18:17:04.267+0000] {logging_mixin.py:188} INFO - [2026-04-30T18:17:04.266+0000] {dag.py:3089} INFO - Sync 1 DAGs
[2026-04-30T18:17:04.292+0000] {logging_mixin.py:188} INFO - [2026-04-30T18:17:04.292+0000] {dag.py:3947} INFO - Setting next_dagrun for flights_ops_medallion_pipe to 2026-04-30 18:00:00+00:00, run_after=2026-04-30 18:30:00+00:00
[2026-04-30T18:17:04.310+0000] {processor.py:183} INFO - Processing /opt/airflow/dags/flight-pipeline.py took 1.497 seconds
[2026-04-30T18:17:34.427+0000] {processor.py:161} INFO - Started process (PID=7856) to work on /opt/airflow/dags/flight-pipeline.py
[2026-04-30T18:17:34.430+0000] {processor.py:830} INFO - Processing file /opt/airflow/dags/flight-pipeline.py for tasks to queue
[2026-04-30T18:17:34.431+0000] {logging_mixin.py:188} INFO - [2026-04-30T18:17:34.431+0000] {dagbag.py:545} INFO - Filling up the DagBag from /opt/airflow/dags/flight-pipeline.py
[2026-04-30T18:17:35.125+0000] {processor.py:840} INFO - DAG(s) 'flights_ops_medallion_pipe' retrieved from /opt/airflow/dags/flight-pipeline.py
[2026-04-30T18:17:35.163+0000] {logging_mixin.py:188} INFO - [2026-04-30T18:17:35.163+0000] {dag.py:3089} INFO - Sync 1 DAGs
[2026-04-30T18:17:35.191+0000] {logging_mixin.py:188} INFO - [2026-04-30T18:17:35.190+0000] {dag.py:3947} INFO - Setting next_dagrun for flights_ops_medallion_pipe to 2026-04-30 18:00:00+00:00, run_after=2026-04-30 18:30:00+00:00
[2026-04-30T18:17:35.220+0000] {processor.py:183} INFO - Processing /opt/airflow/dags/flight-pipeline.py took 0.802 seconds
[2026-04-30T18:18:05.477+0000] {processor.py:161} INFO - Started process (PID=7859) to work on /opt/airflow/dags/flight-pipeline.py
[2026-04-30T18:18:05.481+0000] {processor.py:830} INFO - Processing file /opt/airflow/dags/flight-pipeline.py for tasks to queue
[2026-04-30T18:18:05.482+0000] {logging_mixin.py:188} INFO - [2026-04-30T18:18:05.482+0000] {dagbag.py:545} INFO - Filling up the DagBag from /opt/airflow/dags/flight-pipeline.py
[2026-04-30T18:18:06.202+0000] {processor.py:840} INFO - DAG(s) 'flights_ops_medallion_pipe' retrieved from /opt/airflow/dags/flight-pipeline.py
[2026-04-30T18:18:06.240+0000] {logging_mixin.py:188} INFO - [2026-04-30T18:18:06.239+0000] {dag.py:3089} INFO - Sync 1 DAGs
[2026-04-30T18:18:06.307+0000] {logging_mixin.py:188} INFO - [2026-04-30T18:18:06.306+0000] {dag.py:3947} INFO - Setting next_dagrun for flights_ops_medallion_pipe to 2026-04-30 18:00:00+00:00, run_after=2026-04-30 18:30:00+00:00
[2026-04-30T18:18:06.340+0000] {processor.py:183} INFO - Processing /opt/airflow/dags/flight-pipeline.py took 0.872 seconds
[2026-04-30T18:18:36.854+0000] {processor.py:161} INFO - Started process (PID=7862) to work on /opt/airflow/dags/flight-pipeline.py
[2026-04-30T18:18:36.857+0000] {processor.py:830} INFO - Processing file /opt/airflow/dags/flight-pipeline.py for tasks to queue
[2026-04-30T18:18:36.859+0000] {logging_mixin.py:188} INFO - [2026-04-30T18:18:36.858+0000] {dagbag.py:545} INFO - Filling up the DagBag from /opt/airflow/dags/flight-pipeline.py
[2026-04-30T18:18:37.573+0000] {processor.py:840} INFO - DAG(s) 'flights_ops_medallion_pipe' retrieved from /opt/airflow/dags/flight-pipeline.py
[2026-04-30T18:18:37.610+0000] {logging_mixin.py:188} INFO - [2026-04-30T18:18:37.609+0000] {dag.py:3089} INFO - Sync 1 DAGs
[2026-04-30T18:18:37.636+0000] {logging_mixin.py:188} INFO - [2026-04-30T18:18:37.636+0000] {dag.py:3947} INFO - Setting next_dagrun for flights_ops_medallion_pipe to 2026-04-30 18:00:00+00:00, run_after=2026-04-30 18:30:00+00:00
[2026-04-30T18:18:37.656+0000] {processor.py:183} INFO - Processing /opt/airflow/dags/flight-pipeline.py took 0.862 seconds
[2026-04-30T18:19:07.898+0000] {processor.py:161} INFO - Started process (PID=7865) to work on /opt/airflow/dags/flight-pipeline.py
[2026-04-30T18:19:07.902+0000] {processor.py:830} INFO - Processing file /opt/airflow/dags/flight-pipeline.py for tasks to queue
[2026-04-30T18:19:07.903+0000] {logging_mixin.py:188} INFO - [2026-04-30T18:19:07.903+0000] {dagbag.py:545} INFO - Filling up the DagBag from /opt/airflow/dags/flight-pipeline.py
[2026-04-30T18:19:08.603+0000] {processor.py:840} INFO - DAG(s) 'flights_ops_medallion_pipe' retrieved from /opt/airflow/dags/flight-pipeline.py
[2026-04-30T18:19:08.640+0000] {logging_mixin.py:188} INFO - [2026-04-30T18:19:08.639+0000] {dag.py:3089} INFO - Sync 1 DAGs
[2026-04-30T18:19:08.668+0000] {logging_mixin.py:188} INFO - [2026-04-30T18:19:08.667+0000] {dag.py:3947} INFO - Setting next_dagrun for flights_ops_medallion_pipe to 2026-04-30 18:00:00+00:00, run_after=2026-04-30 18:30:00+00:00
[2026-04-30T18:19:08.717+0000] {processor.py:183} INFO - Processing /opt/airflow/dags/flight-pipeline.py took 0.826 seconds
[2026-04-30T18:19:39.003+0000] {processor.py:161} INFO - Started process (PID=7868) to work on /opt/airflow/dags/flight-pipeline.py
[2026-04-30T18:19:39.007+0000] {processor.py:830} INFO - Processing file /opt/airflow/dags/flight-pipeline.py for tasks to queue
[2026-04-30T18:19:39.011+0000] {logging_mixin.py:188} INFO - [2026-04-30T18:19:39.009+0000] {dagbag.py:545} INFO - Filling up the DagBag from /opt/airflow/dags/flight-pipeline.py
[2026-04-30T18:19:39.667+0000] {processor.py:840} INFO - DAG(s) 'flights_ops_medallion_pipe' retrieved from /opt/airflow/dags/flight-pipeline.py
[2026-04-30T18:19:39.700+0000] {logging_mixin.py:188} INFO - [2026-04-30T18:19:39.700+0000] {dag.py:3089} INFO - Sync 1 DAGs
[2026-04-30T18:19:39.722+0000] {logging_mixin.py:188} INFO - [2026-04-30T18:19:39.722+0000] {dag.py:3947} INFO - Setting next_dagrun for flights_ops_medallion_pipe to 2026-04-30 18:00:00+00:00, run_after=2026-04-30 18:30:00+00:00
[2026-04-30T18:19:39.740+0000] {processor.py:183} INFO - Processing /opt/airflow/dags/flight-pipeline.py took 0.745 seconds
[2026-04-30T18:20:09.831+0000] {processor.py:161} INFO - Started process (PID=7871) to work on /opt/airflow/dags/flight-pipeline.py
[2026-04-30T18:20:09.834+0000] {processor.py:830} INFO - Processing file /opt/airflow/dags/flight-pipeline.py for tasks to queue
[2026-04-30T18:20:09.836+0000] {logging_mixin.py:188} INFO - [2026-04-30T18:20:09.835+0000] {dagbag.py:545} INFO - Filling up the DagBag from /opt/airflow/dags/flight-pipeline.py
[2026-04-30T18:20:10.661+0000] {processor.py:840} INFO - DAG(s) 'flights_ops_medallion_pipe' retrieved from /opt/airflow/dags/flight-pipeline.py
[2026-04-30T18:20:10.699+0000] {logging_mixin.py:188} INFO - [2026-04-30T18:20:10.698+0000] {dag.py:3089} INFO - Sync 1 DAGs
[2026-04-30T18:20:10.737+0000] {logging_mixin.py:188} INFO - [2026-04-30T18:20:10.737+0000] {dag.py:3947} INFO - Setting next_dagrun for flights_ops_medallion_pipe to 2026-04-30 18:00:00+00:00, run_after=2026-04-30 18:30:00+00:00
[2026-04-30T18:20:10.765+0000] {processor.py:183} INFO - Processing /opt/airflow/dags/flight-pipeline.py took 0.943 seconds
[2026-04-30T18:20:41.046+0000] {processor.py:161} INFO - Started process (PID=7874) to work on /opt/airflow/dags/flight-pipeline.py
[2026-04-30T18:20:41.049+0000] {processor.py:830} INFO - Processing file /opt/airflow/dags/flight-pipeline.py for tasks to queue
[2026-04-30T18:20:41.050+0000] {logging_mixin.py:188} INFO - [2026-04-30T18:20:41.050+0000] {dagbag.py:545} INFO - Filling up the DagBag from /opt/airflow/dags/flight-pipeline.py
[2026-04-30T18:20:41.665+0000] {processor.py:840} INFO - DAG(s) 'flights_ops_medallion_pipe' retrieved from /opt/airflow/dags/flight-pipeline.py
[2026-04-30T18:20:41.698+0000] {logging_mixin.py:188} INFO - [2026-04-30T18:20:41.698+0000] {dag.py:3089} INFO - Sync 1 DAGs
[2026-04-30T18:20:41.720+0000] {logging_mixin.py:188} INFO - [2026-04-30T18:20:41.720+0000] {dag.py:3947} INFO - Setting next_dagrun for flights_ops_medallion_pipe to 2026-04-30 18:00:00+00:00, run_after=2026-04-30 18:30:00+00:00
[2026-04-30T18:20:41.739+0000] {processor.py:183} INFO - Processing /opt/airflow/dags/flight-pipeline.py took 0.702 seconds
[2026-04-30T18:21:12.082+0000] {processor.py:161} INFO - Started process (PID=7877) to work on /opt/airflow/dags/flight-pipeline.py
[2026-04-30T18:21:12.085+0000] {processor.py:830} INFO - Processing file /opt/airflow/dags/flight-pipeline.py for tasks to queue
[2026-04-30T18:21:12.087+0000] {logging_mixin.py:188} INFO - [2026-04-30T18:21:12.086+0000] {dagbag.py:545} INFO - Filling up the DagBag from /opt/airflow/dags/flight-pipeline.py
[2026-04-30T18:21:12.766+0000] {processor.py:840} INFO - DAG(s) 'flights_ops_medallion_pipe' retrieved from /opt/airflow/dags/flight-pipeline.py
[2026-04-30T18:21:12.802+0000] {logging_mixin.py:188} INFO - [2026-04-30T18:21:12.801+0000] {dag.py:3089} INFO - Sync 1 DAGs
[2026-04-30T18:21:12.829+0000] {logging_mixin.py:188} INFO - [2026-04-30T18:21:12.828+0000] {dag.py:3947} INFO - Setting next_dagrun for flights_ops_medallion_pipe to 2026-04-30 18:00:00+00:00, run_after=2026-04-30 18:30:00+00:00
[2026-04-30T18:21:12.852+0000] {processor.py:183} INFO - Processing /opt/airflow/dags/flight-pipeline.py took 0.778 seconds
[2026-04-30T18:21:43.132+0000] {processor.py:161} INFO - Started process (PID=7880) to work on /opt/airflow/dags/flight-pipeline.py
[2026-04-30T18:21:43.135+0000] {processor.py:830} INFO - Processing file /opt/airflow/dags/flight-pipeline.py for tasks to queue
[2026-04-30T18:21:43.136+0000] {logging_mixin.py:188} INFO - [2026-04-30T18:21:43.136+0000] {dagbag.py:545} INFO - Filling up the DagBag from /opt/airflow/dags/flight-pipeline.py
[2026-04-30T18:21:43.762+0000] {processor.py:840} INFO - DAG(s) 'flights_ops_medallion_pipe' retrieved from /opt/airflow/dags/flight-pipeline.py
[2026-04-30T18:21:43.797+0000] {logging_mixin.py:188} INFO - [2026-04-30T18:21:43.796+0000] {dag.py:3089} INFO - Sync 1 DAGs
[2026-04-30T18:21:43.823+0000] {logging_mixin.py:188} INFO - [2026-04-30T18:21:43.823+0000] {dag.py:3947} INFO - Setting next_dagrun for flights_ops_medallion_pipe to 2026-04-30 18:00:00+00:00, run_after=2026-04-30 18:30:00+00:00
[2026-04-30T18:21:43.841+0000] {processor.py:183} INFO - Processing /opt/airflow/dags/flight-pipeline.py took 0.717 seconds
[2026-04-30T18:22:14.134+0000] {processor.py:161} INFO - Started process (PID=7883) to work on /opt/airflow/dags/flight-pipeline.py
[2026-04-30T18:22:14.137+0000] {processor.py:830} INFO - Processing file /opt/airflow/dags/flight-pipeline.py for tasks to queue
[2026-04-30T18:22:14.138+0000] {logging_mixin.py:188} INFO - [2026-04-30T18:22:14.138+0000] {dagbag.py:545} INFO - Filling up the DagBag from /opt/airflow/dags/flight-pipeline.py
[2026-04-30T18:22:14.797+0000] {processor.py:840} INFO - DAG(s) 'flights_ops_medallion_pipe' retrieved from /opt/airflow/dags/flight-pipeline.py
[2026-04-30T18:22:14.842+0000] {logging_mixin.py:188} INFO - [2026-04-30T18:22:14.841+0000] {dag.py:3089} INFO - Sync 1 DAGs
[2026-04-30T18:22:14.868+0000] {logging_mixin.py:188} INFO - [2026-04-30T18:22:14.868+0000] {dag.py:3947} INFO - Setting next_dagrun for flights_ops_medallion_pipe to 2026-04-30 18:00:00+00:00, run_after=2026-04-30 18:30:00+00:00
[2026-04-30T18:22:14.889+0000] {processor.py:183} INFO - Processing /opt/airflow/dags/flight-pipeline.py took 0.764 seconds
[2026-04-30T18:22:45.093+0000] {processor.py:161} INFO - Started process (PID=7886) to work on /opt/airflow/dags/flight-pipeline.py
[2026-04-30T18:22:45.096+0000] {processor.py:830} INFO - Processing file /opt/airflow/dags/flight-pipeline.py for tasks to queue
[2026-04-30T18:22:45.098+0000] {logging_mixin.py:188} INFO - [2026-04-30T18:22:45.097+0000] {dagbag.py:545} INFO - Filling up the DagBag from /opt/airflow/dags/flight-pipeline.py
[2026-04-30T18:22:46.412+0000] {processor.py:840} INFO - DAG(s) 'flights_ops_medallion_pipe' retrieved from /opt/airflow/dags/flight-pipeline.py
[2026-04-30T18:22:46.487+0000] {logging_mixin.py:188} INFO - [2026-04-30T18:22:46.487+0000] {dag.py:3089} INFO - Sync 1 DAGs
[2026-04-30T18:22:46.555+0000] {logging_mixin.py:188} INFO - [2026-04-30T18:22:46.555+0000] {dag.py:3947} INFO - Setting next_dagrun for flights_ops_medallion_pipe to 2026-04-30 18:00:00+00:00, run_after=2026-04-30 18:30:00+00:00
[2026-04-30T18:22:46.587+0000] {processor.py:183} INFO - Processing /opt/airflow/dags/flight-pipeline.py took 1.502 seconds
[2026-04-30T18:23:16.883+0000] {processor.py:161} INFO - Started process (PID=7889) to work on /opt/airflow/dags/flight-pipeline.py
[2026-04-30T18:23:16.890+0000] {processor.py:830} INFO - Processing file /opt/airflow/dags/flight-pipeline.py for tasks to queue
[2026-04-30T18:23:16.893+0000] {logging_mixin.py:188} INFO - [2026-04-30T18:23:16.891+0000] {dagbag.py:545} INFO - Filling up the DagBag from /opt/airflow/dags/flight-pipeline.py
[2026-04-30T18:23:17.588+0000] {processor.py:840} INFO - DAG(s) 'flights_ops_medallion_pipe' retrieved from /opt/airflow/dags/flight-pipeline.py
[2026-04-30T18:23:17.624+0000] {logging_mixin.py:188} INFO - [2026-04-30T18:23:17.623+0000] {dag.py:3089} INFO - Sync 1 DAGs
[2026-04-30T18:23:17.646+0000] {logging_mixin.py:188} INFO - [2026-04-30T18:23:17.646+0000] {dag.py:3947} INFO - Setting next_dagrun for flights_ops_medallion_pipe to 2026-04-30 18:00:00+00:00, run_after=2026-04-30 18:30:00+00:00
[2026-04-30T18:23:17.677+0000] {processor.py:183} INFO - Processing /opt/airflow/dags/flight-pipeline.py took 0.836 seconds
[2026-04-30T18:23:47.905+0000] {processor.py:161} INFO - Started process (PID=7892) to work on /opt/airflow/dags/flight-pipeline.py
[2026-04-30T18:23:47.926+0000] {processor.py:830} INFO - Processing file /opt/airflow/dags/flight-pipeline.py for tasks to queue
[2026-04-30T18:23:47.945+0000] {logging_mixin.py:188} INFO - [2026-04-30T18:23:47.936+0000] {dagbag.py:545} INFO - Filling up the DagBag from /opt/airflow/dags/flight-pipeline.py
[2026-04-30T18:23:48.777+0000] {processor.py:840} INFO - DAG(s) 'flights_ops_medallion_pipe' retrieved from /opt/airflow/dags/flight-pipeline.py
[2026-04-30T18:23:48.812+0000] {logging_mixin.py:188} INFO - [2026-04-30T18:23:48.812+0000] {dag.py:3089} INFO - Sync 1 DAGs
[2026-04-30T18:23:48.838+0000] {logging_mixin.py:188} INFO - [2026-04-30T18:23:48.838+0000] {dag.py:3947} INFO - Setting next_dagrun for flights_ops_medallion_pipe to 2026-04-30 18:00:00+00:00, run_after=2026-04-30 18:30:00+00:00
[2026-04-30T18:23:48.859+0000] {processor.py:183} INFO - Processing /opt/airflow/dags/flight-pipeline.py took 0.966 seconds
[2026-04-30T18:24:18.942+0000] {processor.py:161} INFO - Started process (PID=7895) to work on /opt/airflow/dags/flight-pipeline.py
[2026-04-30T18:24:18.945+0000] {processor.py:830} INFO - Processing file /opt/airflow/dags/flight-pipeline.py for tasks to queue
[2026-04-30T18:24:18.946+0000] {logging_mixin.py:188} INFO - [2026-04-30T18:24:18.946+0000] {dagbag.py:545} INFO - Filling up the DagBag from /opt/airflow/dags/flight-pipeline.py
[2026-04-30T18:24:19.584+0000] {processor.py:840} INFO - DAG(s) 'flights_ops_medallion_pipe' retrieved from /opt/airflow/dags/flight-pipeline.py
[2026-04-30T18:24:19.621+0000] {logging_mixin.py:188} INFO - [2026-04-30T18:24:19.621+0000] {dag.py:3089} INFO - Sync 1 DAGs
[2026-04-30T18:24:19.643+0000] {logging_mixin.py:188} INFO - [2026-04-30T18:24:19.642+0000] {dag.py:3947} INFO - Setting next_dagrun for flights_ops_medallion_pipe to 2026-04-30 18:00:00+00:00, run_after=2026-04-30 18:30:00+00:00
[2026-04-30T18:24:19.665+0000] {processor.py:183} INFO - Processing /opt/airflow/dags/flight-pipeline.py took 0.732 seconds
[2026-04-30T18:24:49.919+0000] {processor.py:161} INFO - Started process (PID=7898) to work on /opt/airflow/dags/flight-pipeline.py
[2026-04-30T18:24:49.935+0000] {processor.py:830} INFO - Processing file /opt/airflow/dags/flight-pipeline.py for tasks to queue
[2026-04-30T18:24:49.951+0000] {logging_mixin.py:188} INFO - [2026-04-30T18:24:49.942+0000] {dagbag.py:545} INFO - Filling up the DagBag from /opt/airflow/dags/flight-pipeline.py
[2026-04-30T18:24:50.872+0000] {processor.py:840} INFO - DAG(s) 'flights_ops_medallion_pipe' retrieved from /opt/airflow/dags/flight-pipeline.py
[2026-04-30T18:24:50.909+0000] {logging_mixin.py:188} INFO - [2026-04-30T18:24:50.908+0000] {dag.py:3089} INFO - Sync 1 DAGs
[2026-04-30T18:24:50.935+0000] {logging_mixin.py:188} INFO - [2026-04-30T18:24:50.935+0000] {dag.py:3947} INFO - Setting next_dagrun for flights_ops_medallion_pipe to 2026-04-30 18:00:00+00:00, run_after=2026-04-30 18:30:00+00:00
[2026-04-30T18:24:50.954+0000] {processor.py:183} INFO - Processing /opt/airflow/dags/flight-pipeline.py took 1.044 seconds
[2026-04-30T18:25:21.172+0000] {processor.py:161} INFO - Started process (PID=7901) to work on /opt/airflow/dags/flight-pipeline.py
[2026-04-30T18:25:21.177+0000] {processor.py:830} INFO - Processing file /opt/airflow/dags/flight-pipeline.py for tasks to queue
[2026-04-30T18:25:21.188+0000] {logging_mixin.py:188} INFO - [2026-04-30T18:25:21.181+0000] {dagbag.py:545} INFO - Filling up the DagBag from /opt/airflow/dags/flight-pipeline.py
[2026-04-30T18:25:22.178+0000] {processor.py:840} INFO - DAG(s) 'flights_ops_medallion_pipe' retrieved from /opt/airflow/dags/flight-pipeline.py
[2026-04-30T18:25:22.222+0000] {logging_mixin.py:188} INFO - [2026-04-30T18:25:22.222+0000] {dag.py:3089} INFO - Sync 1 DAGs
[2026-04-30T18:25:22.274+0000] {logging_mixin.py:188} INFO - [2026-04-30T18:25:22.274+0000] {dag.py:3947} INFO - Setting next_dagrun for flights_ops_medallion_pipe to 2026-04-30 18:00:00+00:00, run_after=2026-04-30 18:30:00+00:00
[2026-04-30T18:25:22.325+0000] {processor.py:183} INFO - Processing /opt/airflow/dags/flight-pipeline.py took 1.163 seconds
[2026-04-30T18:25:52.425+0000] {processor.py:161} INFO - Started process (PID=7904) to work on /opt/airflow/dags/flight-pipeline.py
[2026-04-30T18:25:52.432+0000] {processor.py:830} INFO - Processing file /opt/airflow/dags/flight-pipeline.py for tasks to queue
[2026-04-30T18:25:52.440+0000] {logging_mixin.py:188} INFO - [2026-04-30T18:25:52.436+0000] {dagbag.py:545} INFO - Filling up the DagBag from /opt/airflow/dags/flight-pipeline.py
[2026-04-30T18:25:53.167+0000] {processor.py:840} INFO - DAG(s) 'flights_ops_medallion_pipe' retrieved from /opt/airflow/dags/flight-pipeline.py
[2026-04-30T18:25:53.200+0000] {logging_mixin.py:188} INFO - [2026-04-30T18:25:53.199+0000] {dag.py:3089} INFO - Sync 1 DAGs
[2026-04-30T18:25:53.224+0000] {logging_mixin.py:188} INFO - [2026-04-30T18:25:53.224+0000] {dag.py:3947} INFO - Setting next_dagrun for flights_ops_medallion_pipe to 2026-04-30 18:00:00+00:00, run_after=2026-04-30 18:30:00+00:00
[2026-04-30T18:25:53.244+0000] {processor.py:183} INFO - Processing /opt/airflow/dags/flight-pipeline.py took 0.828 seconds
[2026-04-30T18:26:23.516+0000] {processor.py:161} INFO - Started process (PID=7907) to work on /opt/airflow/dags/flight-pipeline.py
[2026-04-30T18:26:23.519+0000] {processor.py:830} INFO - Processing file /opt/airflow/dags/flight-pipeline.py for tasks to queue
[2026-04-30T18:26:23.522+0000] {logging_mixin.py:188} INFO - [2026-04-30T18:26:23.521+0000] {dagbag.py:545} INFO - Filling up the DagBag from /opt/airflow/dags/flight-pipeline.py
[2026-04-30T18:26:24.285+0000] {processor.py:840} INFO - DAG(s) 'flights_ops_medallion_pipe' retrieved from /opt/airflow/dags/flight-pipeline.py
[2026-04-30T18:26:24.323+0000] {logging_mixin.py:188} INFO - [2026-04-30T18:26:24.323+0000] {dag.py:3089} INFO - Sync 1 DAGs
[2026-04-30T18:26:24.347+0000] {logging_mixin.py:188} INFO - [2026-04-30T18:26:24.346+0000] {dag.py:3947} INFO - Setting next_dagrun for flights_ops_medallion_pipe to 2026-04-30 18:00:00+00:00, run_after=2026-04-30 18:30:00+00:00
[2026-04-30T18:26:24.366+0000] {processor.py:183} INFO - Processing /opt/airflow/dags/flight-pipeline.py took 0.860 seconds
[2026-04-30T18:26:54.629+0000] {processor.py:161} INFO - Started process (PID=7910) to work on /opt/airflow/dags/flight-pipeline.py
[2026-04-30T18:26:54.632+0000] {processor.py:830} INFO - Processing file /opt/airflow/dags/flight-pipeline.py for tasks to queue
[2026-04-30T18:26:54.636+0000] {logging_mixin.py:188} INFO - [2026-04-30T18:26:54.635+0000] {dagbag.py:545} INFO - Filling up the DagBag from /opt/airflow/dags/flight-pipeline.py
[2026-04-30T18:26:55.447+0000] {processor.py:840} INFO - DAG(s) 'flights_ops_medallion_pipe' retrieved from /opt/airflow/dags/flight-pipeline.py
[2026-04-30T18:26:55.485+0000] {logging_mixin.py:188} INFO - [2026-04-30T18:26:55.484+0000] {dag.py:3089} INFO - Sync 1 DAGs
[2026-04-30T18:26:55.511+0000] {logging_mixin.py:188} INFO - [2026-04-30T18:26:55.511+0000] {dag.py:3947} INFO - Setting next_dagrun for flights_ops_medallion_pipe to 2026-04-30 18:00:00+00:00, run_after=2026-04-30 18:30:00+00:00
[2026-04-30T18:26:55.529+0000] {processor.py:183} INFO - Processing /opt/airflow/dags/flight-pipeline.py took 0.908 seconds
[2026-04-30T18:27:25.786+0000] {processor.py:161} INFO - Started process (PID=7913) to work on /opt/airflow/dags/flight-pipeline.py
[2026-04-30T18:27:25.789+0000] {processor.py:830} INFO - Processing file /opt/airflow/dags/flight-pipeline.py for tasks to queue
[2026-04-30T18:27:25.790+0000] {logging_mixin.py:188} INFO - [2026-04-30T18:27:25.789+0000] {dagbag.py:545} INFO - Filling up the DagBag from /opt/airflow/dags/flight-pipeline.py
[2026-04-30T18:27:26.439+0000] {processor.py:840} INFO - DAG(s) 'flights_ops_medallion_pipe' retrieved from /opt/airflow/dags/flight-pipeline.py
[2026-04-30T18:27:26.481+0000] {logging_mixin.py:188} INFO - [2026-04-30T18:27:26.480+0000] {dag.py:3089} INFO - Sync 1 DAGs
[2026-04-30T18:27:26.513+0000] {logging_mixin.py:188} INFO - [2026-04-30T18:27:26.512+0000] {dag.py:3947} INFO - Setting next_dagrun for flights_ops_medallion_pipe to 2026-04-30 18:00:00+00:00, run_after=2026-04-30 18:30:00+00:00
[2026-04-30T18:27:26.534+0000] {processor.py:183} INFO - Processing /opt/airflow/dags/flight-pipeline.py took 0.756 seconds
[2026-04-30T18:27:56.798+0000] {processor.py:161} INFO - Started process (PID=7916) to work on /opt/airflow/dags/flight-pipeline.py
[2026-04-30T18:27:56.802+0000] {processor.py:830} INFO - Processing file /opt/airflow/dags/flight-pipeline.py for tasks to queue
[2026-04-30T18:27:56.803+0000] {logging_mixin.py:188} INFO - [2026-04-30T18:27:56.802+0000] {dagbag.py:545} INFO - Filling up the DagBag from /opt/airflow/dags/flight-pipeline.py
[2026-04-30T18:27:57.427+0000] {processor.py:840} INFO - DAG(s) 'flights_ops_medallion_pipe' retrieved from /opt/airflow/dags/flight-pipeline.py
[2026-04-30T18:27:57.462+0000] {logging_mixin.py:188} INFO - [2026-04-30T18:27:57.462+0000] {dag.py:3089} INFO - Sync 1 DAGs
[2026-04-30T18:27:57.485+0000] {logging_mixin.py:188} INFO - [2026-04-30T18:27:57.485+0000] {dag.py:3947} INFO - Setting next_dagrun for flights_ops_medallion_pipe to 2026-04-30 18:00:00+00:00, run_after=2026-04-30 18:30:00+00:00
[2026-04-30T18:27:57.503+0000] {processor.py:183} INFO - Processing /opt/airflow/dags/flight-pipeline.py took 0.713 seconds
[2026-04-30T18:28:27.721+0000] {processor.py:161} INFO - Started process (PID=7919) to work on /opt/airflow/dags/flight-pipeline.py
[2026-04-30T18:28:27.725+0000] {processor.py:830} INFO - Processing file /opt/airflow/dags/flight-pipeline.py for tasks to queue
[2026-04-30T18:28:27.726+0000] {logging_mixin.py:188} INFO - [2026-04-30T18:28:27.725+0000] {dagbag.py:545} INFO - Filling up the DagBag from /opt/airflow/dags/flight-pipeline.py
[2026-04-30T18:28:28.338+0000] {processor.py:840} INFO - DAG(s) 'flights_ops_medallion_pipe' retrieved from /opt/airflow/dags/flight-pipeline.py
[2026-04-30T18:28:28.371+0000] {logging_mixin.py:188} INFO - [2026-04-30T18:28:28.370+0000] {dag.py:3089} INFO - Sync 1 DAGs
[2026-04-30T18:28:28.393+0000] {logging_mixin.py:188} INFO - [2026-04-30T18:28:28.392+0000] {dag.py:3947} INFO - Setting next_dagrun for flights_ops_medallion_pipe to 2026-04-30 18:00:00+00:00, run_after=2026-04-30 18:30:00+00:00
[2026-04-30T18:28:28.412+0000] {processor.py:183} INFO - Processing /opt/airflow/dags/flight-pipeline.py took 0.700 seconds
[2026-04-30T18:28:58.672+0000] {processor.py:161} INFO - Started process (PID=7922) to work on /opt/airflow/dags/flight-pipeline.py
[2026-04-30T18:28:58.678+0000] {processor.py:830} INFO - Processing file /opt/airflow/dags/flight-pipeline.py for tasks to queue
[2026-04-30T18:28:58.680+0000] {logging_mixin.py:188} INFO - [2026-04-30T18:28:58.679+0000] {dagbag.py:545} INFO - Filling up the DagBag from /opt/airflow/dags/flight-pipeline.py
[2026-04-30T18:28:59.320+0000] {processor.py:840} INFO - DAG(s) 'flights_ops_medallion_pipe' retrieved from /opt/airflow/dags/flight-pipeline.py
[2026-04-30T18:28:59.353+0000] {logging_mixin.py:188} INFO - [2026-04-30T18:28:59.353+0000] {dag.py:3089} INFO - Sync 1 DAGs
[2026-04-30T18:28:59.375+0000] {logging_mixin.py:188} INFO - [2026-04-30T18:28:59.375+0000] {dag.py:3947} INFO - Setting next_dagrun for flights_ops_medallion_pipe to 2026-04-30 18:00:00+00:00, run_after=2026-04-30 18:30:00+00:00
[2026-04-30T18:28:59.392+0000] {processor.py:183} INFO - Processing /opt/airflow/dags/flight-pipeline.py took 0.739 seconds
[2026-04-30T18:29:29.655+0000] {processor.py:161} INFO - Started process (PID=7925) to work on /opt/airflow/dags/flight-pipeline.py
[2026-04-30T18:29:29.659+0000] {processor.py:830} INFO - Processing file /opt/airflow/dags/flight-pipeline.py for tasks to queue
[2026-04-30T18:29:29.660+0000] {logging_mixin.py:188} INFO - [2026-04-30T18:29:29.660+0000] {dagbag.py:545} INFO - Filling up the DagBag from /opt/airflow/dags/flight-pipeline.py
[2026-04-30T18:29:30.274+0000] {processor.py:840} INFO - DAG(s) 'flights_ops_medallion_pipe' retrieved from /opt/airflow/dags/flight-pipeline.py
[2026-04-30T18:29:30.307+0000] {logging_mixin.py:188} INFO - [2026-04-30T18:29:30.307+0000] {dag.py:3089} INFO - Sync 1 DAGs
[2026-04-30T18:29:30.329+0000] {logging_mixin.py:188} INFO - [2026-04-30T18:29:30.328+0000] {dag.py:3947} INFO - Setting next_dagrun for flights_ops_medallion_pipe to 2026-04-30 18:00:00+00:00, run_after=2026-04-30 18:30:00+00:00
[2026-04-30T18:29:30.347+0000] {processor.py:183} INFO - Processing /opt/airflow/dags/flight-pipeline.py took 0.700 seconds
[2026-04-30T18:30:00.534+0000] {processor.py:161} INFO - Started process (PID=7928) to work on /opt/airflow/dags/flight-pipeline.py
[2026-04-30T18:30:00.538+0000] {processor.py:830} INFO - Processing file /opt/airflow/dags/flight-pipeline.py for tasks to queue
[2026-04-30T18:30:00.540+0000] {logging_mixin.py:188} INFO - [2026-04-30T18:30:00.540+0000] {dagbag.py:545} INFO - Filling up the DagBag from /opt/airflow/dags/flight-pipeline.py
[2026-04-30T18:30:01.275+0000] {processor.py:840} INFO - DAG(s) 'flights_ops_medallion_pipe' retrieved from /opt/airflow/dags/flight-pipeline.py
[2026-04-30T18:30:01.411+0000] {logging_mixin.py:188} INFO - [2026-04-30T18:30:01.410+0000] {dag.py:3089} INFO - Sync 1 DAGs
[2026-04-30T18:30:01.540+0000] {logging_mixin.py:188} INFO - [2026-04-30T18:30:01.540+0000] {dag.py:3947} INFO - Setting next_dagrun for flights_ops_medallion_pipe to 2026-04-30 18:30:00+00:00, run_after=2026-04-30 19:00:00+00:00
[2026-04-30T18:30:01.589+0000] {processor.py:183} INFO - Processing /opt/airflow/dags/flight-pipeline.py took 1.067 seconds
[2026-04-30T18:30:31.970+0000] {processor.py:161} INFO - Started process (PID=7975) to work on /opt/airflow/dags/flight-pipeline.py
[2026-04-30T18:30:31.976+0000] {processor.py:830} INFO - Processing file /opt/airflow/dags/flight-pipeline.py for tasks to queue
[2026-04-30T18:30:31.979+0000] {logging_mixin.py:188} INFO - [2026-04-30T18:30:31.978+0000] {dagbag.py:545} INFO - Filling up the DagBag from /opt/airflow/dags/flight-pipeline.py
[2026-04-30T18:30:33.889+0000] {processor.py:840} INFO - DAG(s) 'flights_ops_medallion_pipe' retrieved from /opt/airflow/dags/flight-pipeline.py
[2026-04-30T18:30:34.096+0000] {logging_mixin.py:188} INFO - [2026-04-30T18:30:34.095+0000] {dag.py:3089} INFO - Sync 1 DAGs
[2026-04-30T18:30:34.207+0000] {logging_mixin.py:188} INFO - [2026-04-30T18:30:34.207+0000] {dag.py:3947} INFO - Setting next_dagrun for flights_ops_medallion_pipe to 2026-04-30 18:30:00+00:00, run_after=2026-04-30 19:00:00+00:00
[2026-04-30T18:30:34.272+0000] {processor.py:183} INFO - Processing /opt/airflow/dags/flight-pipeline.py took 2.315 seconds
[2026-04-30T18:31:04.514+0000] {processor.py:161} INFO - Started process (PID=7978) to work on /opt/airflow/dags/flight-pipeline.py
[2026-04-30T18:31:04.517+0000] {processor.py:830} INFO - Processing file /opt/airflow/dags/flight-pipeline.py for tasks to queue
[2026-04-30T18:31:04.518+0000] {logging_mixin.py:188} INFO - [2026-04-30T18:31:04.517+0000] {dagbag.py:545} INFO - Filling up the DagBag from /opt/airflow/dags/flight-pipeline.py
[2026-04-30T18:31:05.646+0000] {processor.py:840} INFO - DAG(s) 'flights_ops_medallion_pipe' retrieved from /opt/airflow/dags/flight-pipeline.py
[2026-04-30T18:31:05.678+0000] {logging_mixin.py:188} INFO - [2026-04-30T18:31:05.677+0000] {dag.py:3089} INFO - Sync 1 DAGs
[2026-04-30T18:31:05.705+0000] {logging_mixin.py:188} INFO - [2026-04-30T18:31:05.704+0000] {dag.py:3947} INFO - Setting next_dagrun for flights_ops_medallion_pipe to 2026-04-30 18:30:00+00:00, run_after=2026-04-30 19:00:00+00:00
[2026-04-30T18:31:05.724+0000] {processor.py:183} INFO - Processing /opt/airflow/dags/flight-pipeline.py took 1.219 seconds
[2026-04-30T18:31:35.788+0000] {processor.py:161} INFO - Started process (PID=7981) to work on /opt/airflow/dags/flight-pipeline.py
[2026-04-30T18:31:35.792+0000] {processor.py:830} INFO - Processing file /opt/airflow/dags/flight-pipeline.py for tasks to queue
[2026-04-30T18:31:35.794+0000] {logging_mixin.py:188} INFO - [2026-04-30T18:31:35.793+0000] {dagbag.py:545} INFO - Filling up the DagBag from /opt/airflow/dags/flight-pipeline.py
[2026-04-30T18:31:36.400+0000] {processor.py:840} INFO - DAG(s) 'flights_ops_medallion_pipe' retrieved from /opt/airflow/dags/flight-pipeline.py
[2026-04-30T18:31:36.435+0000] {logging_mixin.py:188} INFO - [2026-04-30T18:31:36.435+0000] {dag.py:3089} INFO - Sync 1 DAGs
[2026-04-30T18:31:36.456+0000] {logging_mixin.py:188} INFO - [2026-04-30T18:31:36.456+0000] {dag.py:3947} INFO - Setting next_dagrun for flights_ops_medallion_pipe to 2026-04-30 18:30:00+00:00, run_after=2026-04-30 19:00:00+00:00
[2026-04-30T18:31:36.474+0000] {processor.py:183} INFO - Processing /opt/airflow/dags/flight-pipeline.py took 0.706 seconds
[2026-04-30T18:32:06.743+0000] {processor.py:161} INFO - Started process (PID=7984) to work on /opt/airflow/dags/flight-pipeline.py
[2026-04-30T18:32:06.758+0000] {processor.py:830} INFO - Processing file /opt/airflow/dags/flight-pipeline.py for tasks to queue
[2026-04-30T18:32:06.759+0000] {logging_mixin.py:188} INFO - [2026-04-30T18:32:06.759+0000] {dagbag.py:545} INFO - Filling up the DagBag from /opt/airflow/dags/flight-pipeline.py
[2026-04-30T18:32:07.444+0000] {processor.py:840} INFO - DAG(s) 'flights_ops_medallion_pipe' retrieved from /opt/airflow/dags/flight-pipeline.py
[2026-04-30T18:32:07.478+0000] {logging_mixin.py:188} INFO - [2026-04-30T18:32:07.478+0000] {dag.py:3089} INFO - Sync 1 DAGs
[2026-04-30T18:32:07.501+0000] {logging_mixin.py:188} INFO - [2026-04-30T18:32:07.501+0000] {dag.py:3947} INFO - Setting next_dagrun for flights_ops_medallion_pipe to 2026-04-30 18:30:00+00:00, run_after=2026-04-30 19:00:00+00:00
[2026-04-30T18:32:07.519+0000] {processor.py:183} INFO - Processing /opt/airflow/dags/flight-pipeline.py took 0.784 seconds
[2026-04-30T18:32:37.774+0000] {processor.py:161} INFO - Started process (PID=7987) to work on /opt/airflow/dags/flight-pipeline.py
[2026-04-30T18:32:37.778+0000] {processor.py:830} INFO - Processing file /opt/airflow/dags/flight-pipeline.py for tasks to queue
[2026-04-30T18:32:37.779+0000] {logging_mixin.py:188} INFO - [2026-04-30T18:32:37.778+0000] {dagbag.py:545} INFO - Filling up the DagBag from /opt/airflow/dags/flight-pipeline.py
[2026-04-30T18:32:38.415+0000] {processor.py:840} INFO - DAG(s) 'flights_ops_medallion_pipe' retrieved from /opt/airflow/dags/flight-pipeline.py
[2026-04-30T18:32:38.448+0000] {logging_mixin.py:188} INFO - [2026-04-30T18:32:38.448+0000] {dag.py:3089} INFO - Sync 1 DAGs
[2026-04-30T18:32:38.470+0000] {logging_mixin.py:188} INFO - [2026-04-30T18:32:38.470+0000] {dag.py:3947} INFO - Setting next_dagrun for flights_ops_medallion_pipe to 2026-04-30 18:30:00+00:00, run_after=2026-04-30 19:00:00+00:00
[2026-04-30T18:32:38.487+0000] {processor.py:183} INFO - Processing /opt/airflow/dags/flight-pipeline.py took 0.722 seconds
[2026-04-30T18:33:08.655+0000] {processor.py:161} INFO - Started process (PID=7990) to work on /opt/airflow/dags/flight-pipeline.py
[2026-04-30T18:33:08.659+0000] {processor.py:830} INFO - Processing file /opt/airflow/dags/flight-pipeline.py for tasks to queue
[2026-04-30T18:33:08.660+0000] {logging_mixin.py:188} INFO - [2026-04-30T18:33:08.659+0000] {dagbag.py:545} INFO - Filling up the DagBag from /opt/airflow/dags/flight-pipeline.py
[2026-04-30T18:33:09.372+0000] {processor.py:840} INFO - DAG(s) 'flights_ops_medallion_pipe' retrieved from /opt/airflow/dags/flight-pipeline.py
[2026-04-30T18:33:09.408+0000] {logging_mixin.py:188} INFO - [2026-04-30T18:33:09.408+0000] {dag.py:3089} INFO - Sync 1 DAGs
[2026-04-30T18:33:09.434+0000] {logging_mixin.py:188} INFO - [2026-04-30T18:33:09.434+0000] {dag.py:3947} INFO - Setting next_dagrun for flights_ops_medallion_pipe to 2026-04-30 18:30:00+00:00, run_after=2026-04-30 19:00:00+00:00
[2026-04-30T18:33:09.459+0000] {processor.py:183} INFO - Processing /opt/airflow/dags/flight-pipeline.py took 0.812 seconds
[2026-04-30T18:33:39.724+0000] {processor.py:161} INFO - Started process (PID=7993) to work on /opt/airflow/dags/flight-pipeline.py
[2026-04-30T18:33:39.728+0000] {processor.py:830} INFO - Processing file /opt/airflow/dags/flight-pipeline.py for tasks to queue
[2026-04-30T18:33:39.730+0000] {logging_mixin.py:188} INFO - [2026-04-30T18:33:39.729+0000] {dagbag.py:545} INFO - Filling up the DagBag from /opt/airflow/dags/flight-pipeline.py
[2026-04-30T18:33:40.420+0000] {processor.py:840} INFO - DAG(s) 'flights_ops_medallion_pipe' retrieved from /opt/airflow/dags/flight-pipeline.py
[2026-04-30T18:33:40.458+0000] {logging_mixin.py:188} INFO - [2026-04-30T18:33:40.457+0000] {dag.py:3089} INFO - Sync 1 DAGs
[2026-04-30T18:33:40.484+0000] {logging_mixin.py:188} INFO - [2026-04-30T18:33:40.483+0000] {dag.py:3947} INFO - Setting next_dagrun for flights_ops_medallion_pipe to 2026-04-30 18:30:00+00:00, run_after=2026-04-30 19:00:00+00:00
[2026-04-30T18:33:40.503+0000] {processor.py:183} INFO - Processing /opt/airflow/dags/flight-pipeline.py took 0.787 seconds
[2026-04-30T18:34:10.780+0000] {processor.py:161} INFO - Started process (PID=7996) to work on /opt/airflow/dags/flight-pipeline.py
[2026-04-30T18:34:10.783+0000] {processor.py:830} INFO - Processing file /opt/airflow/dags/flight-pipeline.py for tasks to queue
[2026-04-30T18:34:10.785+0000] {logging_mixin.py:188} INFO - [2026-04-30T18:34:10.784+0000] {dagbag.py:545} INFO - Filling up the DagBag from /opt/airflow/dags/flight-pipeline.py
[2026-04-30T18:34:11.943+0000] {processor.py:840} INFO - DAG(s) 'flights_ops_medallion_pipe' retrieved from /opt/airflow/dags/flight-pipeline.py
[2026-04-30T18:34:11.978+0000] {logging_mixin.py:188} INFO - [2026-04-30T18:34:11.978+0000] {dag.py:3089} INFO - Sync 1 DAGs
[2026-04-30T18:34:12.005+0000] {logging_mixin.py:188} INFO - [2026-04-30T18:34:12.005+0000] {dag.py:3947} INFO - Setting next_dagrun for flights_ops_medallion_pipe to 2026-04-30 18:30:00+00:00, run_after=2026-04-30 19:00:00+00:00
[2026-04-30T18:34:12.024+0000] {processor.py:183} INFO - Processing /opt/airflow/dags/flight-pipeline.py took 1.252 seconds
[2026-04-30T18:34:42.268+0000] {processor.py:161} INFO - Started process (PID=7999) to work on /opt/airflow/dags/flight-pipeline.py
[2026-04-30T18:34:42.271+0000] {processor.py:830} INFO - Processing file /opt/airflow/dags/flight-pipeline.py for tasks to queue
[2026-04-30T18:34:42.272+0000] {logging_mixin.py:188} INFO - [2026-04-30T18:34:42.272+0000] {dagbag.py:545} INFO - Filling up the DagBag from /opt/airflow/dags/flight-pipeline.py
[2026-04-30T18:34:42.882+0000] {processor.py:840} INFO - DAG(s) 'flights_ops_medallion_pipe' retrieved from /opt/airflow/dags/flight-pipeline.py
[2026-04-30T18:34:42.918+0000] {logging_mixin.py:188} INFO - [2026-04-30T18:34:42.917+0000] {dag.py:3089} INFO - Sync 1 DAGs
[2026-04-30T18:34:42.939+0000] {logging_mixin.py:188} INFO - [2026-04-30T18:34:42.939+0000] {dag.py:3947} INFO - Setting next_dagrun for flights_ops_medallion_pipe to 2026-04-30 18:30:00+00:00, run_after=2026-04-30 19:00:00+00:00
[2026-04-30T18:34:42.964+0000] {processor.py:183} INFO - Processing /opt/airflow/dags/flight-pipeline.py took 0.704 seconds
[2026-04-30T18:35:13.220+0000] {processor.py:161} INFO - Started process (PID=8002) to work on /opt/airflow/dags/flight-pipeline.py
[2026-04-30T18:35:13.223+0000] {processor.py:830} INFO - Processing file /opt/airflow/dags/flight-pipeline.py for tasks to queue
[2026-04-30T18:35:13.224+0000] {logging_mixin.py:188} INFO - [2026-04-30T18:35:13.223+0000] {dagbag.py:545} INFO - Filling up the DagBag from /opt/airflow/dags/flight-pipeline.py
[2026-04-30T18:35:13.845+0000] {processor.py:840} INFO - DAG(s) 'flights_ops_medallion_pipe' retrieved from /opt/airflow/dags/flight-pipeline.py
[2026-04-30T18:35:13.879+0000] {logging_mixin.py:188} INFO - [2026-04-30T18:35:13.878+0000] {dag.py:3089} INFO - Sync 1 DAGs
[2026-04-30T18:35:13.904+0000] {logging_mixin.py:188} INFO - [2026-04-30T18:35:13.904+0000] {dag.py:3947} INFO - Setting next_dagrun for flights_ops_medallion_pipe to 2026-04-30 18:30:00+00:00, run_after=2026-04-30 19:00:00+00:00
[2026-04-30T18:35:13.924+0000] {processor.py:183} INFO - Processing /opt/airflow/dags/flight-pipeline.py took 0.713 seconds
[2026-04-30T18:35:44.168+0000] {processor.py:161} INFO - Started process (PID=8005) to work on /opt/airflow/dags/flight-pipeline.py
[2026-04-30T18:35:44.171+0000] {processor.py:830} INFO - Processing file /opt/airflow/dags/flight-pipeline.py for tasks to queue
[2026-04-30T18:35:44.172+0000] {logging_mixin.py:188} INFO - [2026-04-30T18:35:44.172+0000] {dagbag.py:545} INFO - Filling up the DagBag from /opt/airflow/dags/flight-pipeline.py
[2026-04-30T18:35:44.898+0000] {processor.py:840} INFO - DAG(s) 'flights_ops_medallion_pipe' retrieved from /opt/airflow/dags/flight-pipeline.py
[2026-04-30T18:35:44.933+0000] {logging_mixin.py:188} INFO - [2026-04-30T18:35:44.933+0000] {dag.py:3089} INFO - Sync 1 DAGs
[2026-04-30T18:35:44.957+0000] {logging_mixin.py:188} INFO - [2026-04-30T18:35:44.957+0000] {dag.py:3947} INFO - Setting next_dagrun for flights_ops_medallion_pipe to 2026-04-30 18:30:00+00:00, run_after=2026-04-30 19:00:00+00:00
[2026-04-30T18:35:44.977+0000] {processor.py:183} INFO - Processing /opt/airflow/dags/flight-pipeline.py took 0.822 seconds
[2026-04-30T18:36:15.231+0000] {processor.py:161} INFO - Started process (PID=8008) to work on /opt/airflow/dags/flight-pipeline.py
[2026-04-30T18:36:15.234+0000] {processor.py:830} INFO - Processing file /opt/airflow/dags/flight-pipeline.py for tasks to queue
[2026-04-30T18:36:15.236+0000] {logging_mixin.py:188} INFO - [2026-04-30T18:36:15.235+0000] {dagbag.py:545} INFO - Filling up the DagBag from /opt/airflow/dags/flight-pipeline.py
[2026-04-30T18:36:15.922+0000] {processor.py:840} INFO - DAG(s) 'flights_ops_medallion_pipe' retrieved from /opt/airflow/dags/flight-pipeline.py
[2026-04-30T18:36:15.960+0000] {logging_mixin.py:188} INFO - [2026-04-30T18:36:15.959+0000] {dag.py:3089} INFO - Sync 1 DAGs
[2026-04-30T18:36:15.984+0000] {logging_mixin.py:188} INFO - [2026-04-30T18:36:15.983+0000] {dag.py:3947} INFO - Setting next_dagrun for flights_ops_medallion_pipe to 2026-04-30 18:30:00+00:00, run_after=2026-04-30 19:00:00+00:00
[2026-04-30T18:36:16.002+0000] {processor.py:183} INFO - Processing /opt/airflow/dags/flight-pipeline.py took 0.778 seconds
[2026-04-30T18:36:46.200+0000] {processor.py:161} INFO - Started process (PID=8011) to work on /opt/airflow/dags/flight-pipeline.py
[2026-04-30T18:36:46.204+0000] {processor.py:830} INFO - Processing file /opt/airflow/dags/flight-pipeline.py for tasks to queue
[2026-04-30T18:36:46.205+0000] {logging_mixin.py:188} INFO - [2026-04-30T18:36:46.204+0000] {dagbag.py:545} INFO - Filling up the DagBag from /opt/airflow/dags/flight-pipeline.py
[2026-04-30T18:36:46.837+0000] {processor.py:840} INFO - DAG(s) 'flights_ops_medallion_pipe' retrieved from /opt/airflow/dags/flight-pipeline.py
[2026-04-30T18:36:46.870+0000] {logging_mixin.py:188} INFO - [2026-04-30T18:36:46.869+0000] {dag.py:3089} INFO - Sync 1 DAGs
[2026-04-30T18:36:46.894+0000] {logging_mixin.py:188} INFO - [2026-04-30T18:36:46.893+0000] {dag.py:3947} INFO - Setting next_dagrun for flights_ops_medallion_pipe to 2026-04-30 18:30:00+00:00, run_after=2026-04-30 19:00:00+00:00
[2026-04-30T18:36:46.912+0000] {processor.py:183} INFO - Processing /opt/airflow/dags/flight-pipeline.py took 0.720 seconds
[2026-04-30T18:37:17.174+0000] {processor.py:161} INFO - Started process (PID=8014) to work on /opt/airflow/dags/flight-pipeline.py
[2026-04-30T18:37:17.178+0000] {processor.py:830} INFO - Processing file /opt/airflow/dags/flight-pipeline.py for tasks to queue
[2026-04-30T18:37:17.179+0000] {logging_mixin.py:188} INFO - [2026-04-30T18:37:17.179+0000] {dagbag.py:545} INFO - Filling up the DagBag from /opt/airflow/dags/flight-pipeline.py
[2026-04-30T18:37:17.793+0000] {processor.py:840} INFO - DAG(s) 'flights_ops_medallion_pipe' retrieved from /opt/airflow/dags/flight-pipeline.py
[2026-04-30T18:37:17.826+0000] {logging_mixin.py:188} INFO - [2026-04-30T18:37:17.826+0000] {dag.py:3089} INFO - Sync 1 DAGs
[2026-04-30T18:37:17.849+0000] {logging_mixin.py:188} INFO - [2026-04-30T18:37:17.849+0000] {dag.py:3947} INFO - Setting next_dagrun for flights_ops_medallion_pipe to 2026-04-30 18:30:00+00:00, run_after=2026-04-30 19:00:00+00:00
[2026-04-30T18:37:17.868+0000] {processor.py:183} INFO - Processing /opt/airflow/dags/flight-pipeline.py took 0.702 seconds
[2026-04-30T18:37:48.129+0000] {processor.py:161} INFO - Started process (PID=8017) to work on /opt/airflow/dags/flight-pipeline.py
[2026-04-30T18:37:48.144+0000] {processor.py:830} INFO - Processing file /opt/airflow/dags/flight-pipeline.py for tasks to queue
[2026-04-30T18:37:48.146+0000] {logging_mixin.py:188} INFO - [2026-04-30T18:37:48.145+0000] {dagbag.py:545} INFO - Filling up the DagBag from /opt/airflow/dags/flight-pipeline.py
[2026-04-30T18:37:48.817+0000] {processor.py:840} INFO - DAG(s) 'flights_ops_medallion_pipe' retrieved from /opt/airflow/dags/flight-pipeline.py
[2026-04-30T18:37:48.849+0000] {logging_mixin.py:188} INFO - [2026-04-30T18:37:48.848+0000] {dag.py:3089} INFO - Sync 1 DAGs
[2026-04-30T18:37:48.871+0000] {logging_mixin.py:188} INFO - [2026-04-30T18:37:48.870+0000] {dag.py:3947} INFO - Setting next_dagrun for flights_ops_medallion_pipe to 2026-04-30 18:30:00+00:00, run_after=2026-04-30 19:00:00+00:00
[2026-04-30T18:37:48.891+0000] {processor.py:183} INFO - Processing /opt/airflow/dags/flight-pipeline.py took 0.771 seconds
[2026-04-30T18:38:18.968+0000] {processor.py:161} INFO - Started process (PID=8020) to work on /opt/airflow/dags/flight-pipeline.py
[2026-04-30T18:38:18.972+0000] {processor.py:830} INFO - Processing file /opt/airflow/dags/flight-pipeline.py for tasks to queue
[2026-04-30T18:38:18.973+0000] {logging_mixin.py:188} INFO - [2026-04-30T18:38:18.973+0000] {dagbag.py:545} INFO - Filling up the DagBag from /opt/airflow/dags/flight-pipeline.py
[2026-04-30T18:38:19.645+0000] {processor.py:840} INFO - DAG(s) 'flights_ops_medallion_pipe' retrieved from /opt/airflow/dags/flight-pipeline.py
[2026-04-30T18:38:19.680+0000] {logging_mixin.py:188} INFO - [2026-04-30T18:38:19.680+0000] {dag.py:3089} INFO - Sync 1 DAGs
[2026-04-30T18:38:19.705+0000] {logging_mixin.py:188} INFO - [2026-04-30T18:38:19.704+0000] {dag.py:3947} INFO - Setting next_dagrun for flights_ops_medallion_pipe to 2026-04-30 18:30:00+00:00, run_after=2026-04-30 19:00:00+00:00
[2026-04-30T18:38:19.725+0000] {processor.py:183} INFO - Processing /opt/airflow/dags/flight-pipeline.py took 0.764 seconds
[2026-04-30T18:38:49.990+0000] {processor.py:161} INFO - Started process (PID=8023) to work on /opt/airflow/dags/flight-pipeline.py
[2026-04-30T18:38:49.994+0000] {processor.py:830} INFO - Processing file /opt/airflow/dags/flight-pipeline.py for tasks to queue
[2026-04-30T18:38:49.995+0000] {logging_mixin.py:188} INFO - [2026-04-30T18:38:49.995+0000] {dagbag.py:545} INFO - Filling up the DagBag from /opt/airflow/dags/flight-pipeline.py
[2026-04-30T18:38:50.598+0000] {processor.py:840} INFO - DAG(s) 'flights_ops_medallion_pipe' retrieved from /opt/airflow/dags/flight-pipeline.py
[2026-04-30T18:38:50.631+0000] {logging_mixin.py:188} INFO - [2026-04-30T18:38:50.631+0000] {dag.py:3089} INFO - Sync 1 DAGs
[2026-04-30T18:38:50.653+0000] {logging_mixin.py:188} INFO - [2026-04-30T18:38:50.653+0000] {dag.py:3947} INFO - Setting next_dagrun for flights_ops_medallion_pipe to 2026-04-30 18:30:00+00:00, run_after=2026-04-30 19:00:00+00:00
[2026-04-30T18:38:50.670+0000] {processor.py:183} INFO - Processing /opt/airflow/dags/flight-pipeline.py took 0.688 seconds
[2026-04-30T18:39:20.930+0000] {processor.py:161} INFO - Started process (PID=8026) to work on /opt/airflow/dags/flight-pipeline.py
[2026-04-30T18:39:20.935+0000] {processor.py:830} INFO - Processing file /opt/airflow/dags/flight-pipeline.py for tasks to queue
[2026-04-30T18:39:20.936+0000] {logging_mixin.py:188} INFO - [2026-04-30T18:39:20.936+0000] {dagbag.py:545} INFO - Filling up the DagBag from /opt/airflow/dags/flight-pipeline.py
[2026-04-30T18:39:21.641+0000] {processor.py:840} INFO - DAG(s) 'flights_ops_medallion_pipe' retrieved from /opt/airflow/dags/flight-pipeline.py
[2026-04-30T18:39:21.676+0000] {logging_mixin.py:188} INFO - [2026-04-30T18:39:21.676+0000] {dag.py:3089} INFO - Sync 1 DAGs
[2026-04-30T18:39:21.702+0000] {logging_mixin.py:188} INFO - [2026-04-30T18:39:21.702+0000] {dag.py:3947} INFO - Setting next_dagrun for flights_ops_medallion_pipe to 2026-04-30 18:30:00+00:00, run_after=2026-04-30 19:00:00+00:00
[2026-04-30T18:39:21.726+0000] {processor.py:183} INFO - Processing /opt/airflow/dags/flight-pipeline.py took 0.806 seconds
[2026-04-30T18:39:51.871+0000] {processor.py:161} INFO - Started process (PID=8029) to work on /opt/airflow/dags/flight-pipeline.py
[2026-04-30T18:39:51.875+0000] {processor.py:830} INFO - Processing file /opt/airflow/dags/flight-pipeline.py for tasks to queue
[2026-04-30T18:39:51.876+0000] {logging_mixin.py:188} INFO - [2026-04-30T18:39:51.876+0000] {dagbag.py:545} INFO - Filling up the DagBag from /opt/airflow/dags/flight-pipeline.py
[2026-04-30T18:39:52.584+0000] {processor.py:840} INFO - DAG(s) 'flights_ops_medallion_pipe' retrieved from /opt/airflow/dags/flight-pipeline.py
[2026-04-30T18:39:52.617+0000] {logging_mixin.py:188} INFO - [2026-04-30T18:39:52.617+0000] {dag.py:3089} INFO - Sync 1 DAGs
[2026-04-30T18:39:52.642+0000] {logging_mixin.py:188} INFO - [2026-04-30T18:39:52.642+0000] {dag.py:3947} INFO - Setting next_dagrun for flights_ops_medallion_pipe to 2026-04-30 18:30:00+00:00, run_after=2026-04-30 19:00:00+00:00
[2026-04-30T18:39:52.661+0000] {processor.py:183} INFO - Processing /opt/airflow/dags/flight-pipeline.py took 0.799 seconds
[2026-04-30T18:40:22.939+0000] {processor.py:161} INFO - Started process (PID=8032) to work on /opt/airflow/dags/flight-pipeline.py
[2026-04-30T18:40:22.944+0000] {processor.py:830} INFO - Processing file /opt/airflow/dags/flight-pipeline.py for tasks to queue
[2026-04-30T18:40:22.946+0000] {logging_mixin.py:188} INFO - [2026-04-30T18:40:22.945+0000] {dagbag.py:545} INFO - Filling up the DagBag from /opt/airflow/dags/flight-pipeline.py
[2026-04-30T18:40:23.621+0000] {processor.py:840} INFO - DAG(s) 'flights_ops_medallion_pipe' retrieved from /opt/airflow/dags/flight-pipeline.py
[2026-04-30T18:40:23.660+0000] {logging_mixin.py:188} INFO - [2026-04-30T18:40:23.660+0000] {dag.py:3089} INFO - Sync 1 DAGs
[2026-04-30T18:40:23.689+0000] {logging_mixin.py:188} INFO - [2026-04-30T18:40:23.688+0000] {dag.py:3947} INFO - Setting next_dagrun for flights_ops_medallion_pipe to 2026-04-30 18:30:00+00:00, run_after=2026-04-30 19:00:00+00:00
[2026-04-30T18:40:23.708+0000] {processor.py:183} INFO - Processing /opt/airflow/dags/flight-pipeline.py took 0.777 seconds
[2026-04-30T18:40:53.960+0000] {processor.py:161} INFO - Started process (PID=8035) to work on /opt/airflow/dags/flight-pipeline.py
[2026-04-30T18:40:53.963+0000] {processor.py:830} INFO - Processing file /opt/airflow/dags/flight-pipeline.py for tasks to queue
[2026-04-30T18:40:53.965+0000] {logging_mixin.py:188} INFO - [2026-04-30T18:40:53.964+0000] {dagbag.py:545} INFO - Filling up the DagBag from /opt/airflow/dags/flight-pipeline.py
[2026-04-30T18:40:54.977+0000] {processor.py:840} INFO - DAG(s) 'flights_ops_medallion_pipe' retrieved from /opt/airflow/dags/flight-pipeline.py
[2026-04-30T18:40:55.089+0000] {logging_mixin.py:188} INFO - [2026-04-30T18:40:55.088+0000] {dag.py:3089} INFO - Sync 1 DAGs
[2026-04-30T18:40:55.131+0000] {logging_mixin.py:188} INFO - [2026-04-30T18:40:55.130+0000] {dag.py:3947} INFO - Setting next_dagrun for flights_ops_medallion_pipe to 2026-04-30 18:30:00+00:00, run_after=2026-04-30 19:00:00+00:00
[2026-04-30T18:40:55.170+0000] {processor.py:183} INFO - Processing /opt/airflow/dags/flight-pipeline.py took 1.218 seconds
[2026-04-30T18:41:25.633+0000] {processor.py:161} INFO - Started process (PID=8038) to work on /opt/airflow/dags/flight-pipeline.py
[2026-04-30T18:41:25.640+0000] {processor.py:830} INFO - Processing file /opt/airflow/dags/flight-pipeline.py for tasks to queue
[2026-04-30T18:41:25.645+0000] {logging_mixin.py:188} INFO - [2026-04-30T18:41:25.642+0000] {dagbag.py:545} INFO - Filling up the DagBag from /opt/airflow/dags/flight-pipeline.py
[2026-04-30T18:41:26.754+0000] {processor.py:840} INFO - DAG(s) 'flights_ops_medallion_pipe' retrieved from /opt/airflow/dags/flight-pipeline.py
[2026-04-30T18:41:26.857+0000] {logging_mixin.py:188} INFO - [2026-04-30T18:41:26.857+0000] {dag.py:3089} INFO - Sync 1 DAGs
[2026-04-30T18:41:26.901+0000] {logging_mixin.py:188} INFO - [2026-04-30T18:41:26.901+0000] {dag.py:3947} INFO - Setting next_dagrun for flights_ops_medallion_pipe to 2026-04-30 18:30:00+00:00, run_after=2026-04-30 19:00:00+00:00
[2026-04-30T18:41:26.927+0000] {processor.py:183} INFO - Processing /opt/airflow/dags/flight-pipeline.py took 1.321 seconds
[2026-04-30T18:41:57.221+0000] {processor.py:161} INFO - Started process (PID=8041) to work on /opt/airflow/dags/flight-pipeline.py
[2026-04-30T18:41:57.230+0000] {processor.py:830} INFO - Processing file /opt/airflow/dags/flight-pipeline.py for tasks to queue
[2026-04-30T18:41:57.231+0000] {logging_mixin.py:188} INFO - [2026-04-30T18:41:57.231+0000] {dagbag.py:545} INFO - Filling up the DagBag from /opt/airflow/dags/flight-pipeline.py
[2026-04-30T18:41:57.952+0000] {processor.py:840} INFO - DAG(s) 'flights_ops_medallion_pipe' retrieved from /opt/airflow/dags/flight-pipeline.py
[2026-04-30T18:41:57.987+0000] {logging_mixin.py:188} INFO - [2026-04-30T18:41:57.986+0000] {dag.py:3089} INFO - Sync 1 DAGs
[2026-04-30T18:41:58.009+0000] {logging_mixin.py:188} INFO - [2026-04-30T18:41:58.009+0000] {dag.py:3947} INFO - Setting next_dagrun for flights_ops_medallion_pipe to 2026-04-30 18:30:00+00:00, run_after=2026-04-30 19:00:00+00:00
[2026-04-30T18:41:58.029+0000] {processor.py:183} INFO - Processing /opt/airflow/dags/flight-pipeline.py took 0.841 seconds
[2026-04-30T18:42:28.091+0000] {processor.py:161} INFO - Started process (PID=8044) to work on /opt/airflow/dags/flight-pipeline.py
[2026-04-30T18:42:28.095+0000] {processor.py:830} INFO - Processing file /opt/airflow/dags/flight-pipeline.py for tasks to queue
[2026-04-30T18:42:28.096+0000] {logging_mixin.py:188} INFO - [2026-04-30T18:42:28.095+0000] {dagbag.py:545} INFO - Filling up the DagBag from /opt/airflow/dags/flight-pipeline.py
[2026-04-30T18:42:28.808+0000] {processor.py:840} INFO - DAG(s) 'flights_ops_medallion_pipe' retrieved from /opt/airflow/dags/flight-pipeline.py
[2026-04-30T18:42:28.845+0000] {logging_mixin.py:188} INFO - [2026-04-30T18:42:28.845+0000] {dag.py:3089} INFO - Sync 1 DAGs
[2026-04-30T18:42:28.868+0000] {logging_mixin.py:188} INFO - [2026-04-30T18:42:28.867+0000] {dag.py:3947} INFO - Setting next_dagrun for flights_ops_medallion_pipe to 2026-04-30 18:30:00+00:00, run_after=2026-04-30 19:00:00+00:00
[2026-04-30T18:42:28.888+0000] {processor.py:183} INFO - Processing /opt/airflow/dags/flight-pipeline.py took 0.805 seconds
[2026-04-30T18:42:59.126+0000] {processor.py:161} INFO - Started process (PID=8047) to work on /opt/airflow/dags/flight-pipeline.py
[2026-04-30T18:42:59.130+0000] {processor.py:830} INFO - Processing file /opt/airflow/dags/flight-pipeline.py for tasks to queue
[2026-04-30T18:42:59.131+0000] {logging_mixin.py:188} INFO - [2026-04-30T18:42:59.131+0000] {dagbag.py:545} INFO - Filling up the DagBag from /opt/airflow/dags/flight-pipeline.py
[2026-04-30T18:42:59.734+0000] {processor.py:840} INFO - DAG(s) 'flights_ops_medallion_pipe' retrieved from /opt/airflow/dags/flight-pipeline.py
[2026-04-30T18:42:59.766+0000] {logging_mixin.py:188} INFO - [2026-04-30T18:42:59.766+0000] {dag.py:3089} INFO - Sync 1 DAGs
[2026-04-30T18:42:59.790+0000] {logging_mixin.py:188} INFO - [2026-04-30T18:42:59.790+0000] {dag.py:3947} INFO - Setting next_dagrun for flights_ops_medallion_pipe to 2026-04-30 18:30:00+00:00, run_after=2026-04-30 19:00:00+00:00
[2026-04-30T18:42:59.808+0000] {processor.py:183} INFO - Processing /opt/airflow/dags/flight-pipeline.py took 0.691 seconds
[2026-04-30T18:43:30.091+0000] {processor.py:161} INFO - Started process (PID=8050) to work on /opt/airflow/dags/flight-pipeline.py
[2026-04-30T18:43:30.095+0000] {processor.py:830} INFO - Processing file /opt/airflow/dags/flight-pipeline.py for tasks to queue
[2026-04-30T18:43:30.097+0000] {logging_mixin.py:188} INFO - [2026-04-30T18:43:30.096+0000] {dagbag.py:545} INFO - Filling up the DagBag from /opt/airflow/dags/flight-pipeline.py
[2026-04-30T18:43:30.781+0000] {processor.py:840} INFO - DAG(s) 'flights_ops_medallion_pipe' retrieved from /opt/airflow/dags/flight-pipeline.py
[2026-04-30T18:43:30.817+0000] {logging_mixin.py:188} INFO - [2026-04-30T18:43:30.816+0000] {dag.py:3089} INFO - Sync 1 DAGs
[2026-04-30T18:43:30.840+0000] {logging_mixin.py:188} INFO - [2026-04-30T18:43:30.840+0000] {dag.py:3947} INFO - Setting next_dagrun for flights_ops_medallion_pipe to 2026-04-30 18:30:00+00:00, run_after=2026-04-30 19:00:00+00:00
[2026-04-30T18:43:30.860+0000] {processor.py:183} INFO - Processing /opt/airflow/dags/flight-pipeline.py took 0.781 seconds
[2026-04-30T18:44:01.077+0000] {processor.py:161} INFO - Started process (PID=8053) to work on /opt/airflow/dags/flight-pipeline.py
[2026-04-30T18:44:01.081+0000] {processor.py:830} INFO - Processing file /opt/airflow/dags/flight-pipeline.py for tasks to queue
[2026-04-30T18:44:01.082+0000] {logging_mixin.py:188} INFO - [2026-04-30T18:44:01.082+0000] {dagbag.py:545} INFO - Filling up the DagBag from /opt/airflow/dags/flight-pipeline.py
[2026-04-30T18:44:01.804+0000] {processor.py:840} INFO - DAG(s) 'flights_ops_medallion_pipe' retrieved from /opt/airflow/dags/flight-pipeline.py
[2026-04-30T18:44:01.842+0000] {logging_mixin.py:188} INFO - [2026-04-30T18:44:01.841+0000] {dag.py:3089} INFO - Sync 1 DAGs
[2026-04-30T18:44:01.870+0000] {logging_mixin.py:188} INFO - [2026-04-30T18:44:01.869+0000] {dag.py:3947} INFO - Setting next_dagrun for flights_ops_medallion_pipe to 2026-04-30 18:30:00+00:00, run_after=2026-04-30 19:00:00+00:00
[2026-04-30T18:44:01.889+0000] {processor.py:183} INFO - Processing /opt/airflow/dags/flight-pipeline.py took 0.852 seconds
[2026-04-30T18:44:32.157+0000] {processor.py:161} INFO - Started process (PID=8056) to work on /opt/airflow/dags/flight-pipeline.py
[2026-04-30T18:44:32.160+0000] {processor.py:830} INFO - Processing file /opt/airflow/dags/flight-pipeline.py for tasks to queue
[2026-04-30T18:44:32.163+0000] {logging_mixin.py:188} INFO - [2026-04-30T18:44:32.161+0000] {dagbag.py:545} INFO - Filling up the DagBag from /opt/airflow/dags/flight-pipeline.py
[2026-04-30T18:44:32.904+0000] {processor.py:840} INFO - DAG(s) 'flights_ops_medallion_pipe' retrieved from /opt/airflow/dags/flight-pipeline.py
[2026-04-30T18:44:32.942+0000] {logging_mixin.py:188} INFO - [2026-04-30T18:44:32.941+0000] {dag.py:3089} INFO - Sync 1 DAGs
[2026-04-30T18:44:32.970+0000] {logging_mixin.py:188} INFO - [2026-04-30T18:44:32.970+0000] {dag.py:3947} INFO - Setting next_dagrun for flights_ops_medallion_pipe to 2026-04-30 18:30:00+00:00, run_after=2026-04-30 19:00:00+00:00
[2026-04-30T18:44:32.990+0000] {processor.py:183} INFO - Processing /opt/airflow/dags/flight-pipeline.py took 0.846 seconds
[2026-04-30T18:45:03.272+0000] {processor.py:161} INFO - Started process (PID=8059) to work on /opt/airflow/dags/flight-pipeline.py
[2026-04-30T18:45:03.277+0000] {processor.py:830} INFO - Processing file /opt/airflow/dags/flight-pipeline.py for tasks to queue
[2026-04-30T18:45:03.279+0000] {logging_mixin.py:188} INFO - [2026-04-30T18:45:03.278+0000] {dagbag.py:545} INFO - Filling up the DagBag from /opt/airflow/dags/flight-pipeline.py
[2026-04-30T18:45:03.985+0000] {processor.py:840} INFO - DAG(s) 'flights_ops_medallion_pipe' retrieved from /opt/airflow/dags/flight-pipeline.py
[2026-04-30T18:45:04.023+0000] {logging_mixin.py:188} INFO - [2026-04-30T18:45:04.023+0000] {dag.py:3089} INFO - Sync 1 DAGs
[2026-04-30T18:45:04.047+0000] {logging_mixin.py:188} INFO - [2026-04-30T18:45:04.047+0000] {dag.py:3947} INFO - Setting next_dagrun for flights_ops_medallion_pipe to 2026-04-30 18:30:00+00:00, run_after=2026-04-30 19:00:00+00:00
[2026-04-30T18:45:04.070+0000] {processor.py:183} INFO - Processing /opt/airflow/dags/flight-pipeline.py took 0.809 seconds
[2026-04-30T18:45:34.369+0000] {processor.py:161} INFO - Started process (PID=8062) to work on /opt/airflow/dags/flight-pipeline.py
[2026-04-30T18:45:34.374+0000] {processor.py:830} INFO - Processing file /opt/airflow/dags/flight-pipeline.py for tasks to queue
[2026-04-30T18:45:34.376+0000] {logging_mixin.py:188} INFO - [2026-04-30T18:45:34.375+0000] {dagbag.py:545} INFO - Filling up the DagBag from /opt/airflow/dags/flight-pipeline.py
[2026-04-30T18:45:34.998+0000] {processor.py:840} INFO - DAG(s) 'flights_ops_medallion_pipe' retrieved from /opt/airflow/dags/flight-pipeline.py
[2026-04-30T18:45:35.041+0000] {logging_mixin.py:188} INFO - [2026-04-30T18:45:35.041+0000] {dag.py:3089} INFO - Sync 1 DAGs
[2026-04-30T18:45:35.068+0000] {logging_mixin.py:188} INFO - [2026-04-30T18:45:35.068+0000] {dag.py:3947} INFO - Setting next_dagrun for flights_ops_medallion_pipe to 2026-04-30 18:30:00+00:00, run_after=2026-04-30 19:00:00+00:00
[2026-04-30T18:45:35.088+0000] {processor.py:183} INFO - Processing /opt/airflow/dags/flight-pipeline.py took 0.727 seconds
[2026-04-30T18:46:05.327+0000] {processor.py:161} INFO - Started process (PID=8065) to work on /opt/airflow/dags/flight-pipeline.py
[2026-04-30T18:46:05.330+0000] {processor.py:830} INFO - Processing file /opt/airflow/dags/flight-pipeline.py for tasks to queue
[2026-04-30T18:46:05.331+0000] {logging_mixin.py:188} INFO - [2026-04-30T18:46:05.331+0000] {dagbag.py:545} INFO - Filling up the DagBag from /opt/airflow/dags/flight-pipeline.py
[2026-04-30T18:46:06.064+0000] {processor.py:840} INFO - DAG(s) 'flights_ops_medallion_pipe' retrieved from /opt/airflow/dags/flight-pipeline.py
[2026-04-30T18:46:06.102+0000] {logging_mixin.py:188} INFO - [2026-04-30T18:46:06.102+0000] {dag.py:3089} INFO - Sync 1 DAGs
[2026-04-30T18:46:06.129+0000] {logging_mixin.py:188} INFO - [2026-04-30T18:46:06.129+0000] {dag.py:3947} INFO - Setting next_dagrun for flights_ops_medallion_pipe to 2026-04-30 18:30:00+00:00, run_after=2026-04-30 19:00:00+00:00
[2026-04-30T18:46:06.169+0000] {processor.py:183} INFO - Processing /opt/airflow/dags/flight-pipeline.py took 0.850 seconds
[2026-04-30T18:46:36.431+0000] {processor.py:161} INFO - Started process (PID=8068) to work on /opt/airflow/dags/flight-pipeline.py
[2026-04-30T18:46:36.434+0000] {processor.py:830} INFO - Processing file /opt/airflow/dags/flight-pipeline.py for tasks to queue
[2026-04-30T18:46:36.436+0000] {logging_mixin.py:188} INFO - [2026-04-30T18:46:36.435+0000] {dagbag.py:545} INFO - Filling up the DagBag from /opt/airflow/dags/flight-pipeline.py
[2026-04-30T18:46:37.311+0000] {processor.py:840} INFO - DAG(s) 'flights_ops_medallion_pipe' retrieved from /opt/airflow/dags/flight-pipeline.py
[2026-04-30T18:46:37.345+0000] {logging_mixin.py:188} INFO - [2026-04-30T18:46:37.344+0000] {dag.py:3089} INFO - Sync 1 DAGs
[2026-04-30T18:46:37.368+0000] {logging_mixin.py:188} INFO - [2026-04-30T18:46:37.367+0000] {dag.py:3947} INFO - Setting next_dagrun for flights_ops_medallion_pipe to 2026-04-30 18:30:00+00:00, run_after=2026-04-30 19:00:00+00:00
[2026-04-30T18:46:37.387+0000] {processor.py:183} INFO - Processing /opt/airflow/dags/flight-pipeline.py took 0.965 seconds
[2026-04-30T18:47:07.440+0000] {processor.py:161} INFO - Started process (PID=8071) to work on /opt/airflow/dags/flight-pipeline.py
[2026-04-30T18:47:07.443+0000] {processor.py:830} INFO - Processing file /opt/airflow/dags/flight-pipeline.py for tasks to queue
[2026-04-30T18:47:07.444+0000] {logging_mixin.py:188} INFO - [2026-04-30T18:47:07.444+0000] {dagbag.py:545} INFO - Filling up the DagBag from /opt/airflow/dags/flight-pipeline.py
[2026-04-30T18:47:08.248+0000] {processor.py:840} INFO - DAG(s) 'flights_ops_medallion_pipe' retrieved from /opt/airflow/dags/flight-pipeline.py
[2026-04-30T18:47:08.282+0000] {logging_mixin.py:188} INFO - [2026-04-30T18:47:08.282+0000] {dag.py:3089} INFO - Sync 1 DAGs
[2026-04-30T18:47:08.306+0000] {logging_mixin.py:188} INFO - [2026-04-30T18:47:08.306+0000] {dag.py:3947} INFO - Setting next_dagrun for flights_ops_medallion_pipe to 2026-04-30 18:30:00+00:00, run_after=2026-04-30 19:00:00+00:00
[2026-04-30T18:47:08.325+0000] {processor.py:183} INFO - Processing /opt/airflow/dags/flight-pipeline.py took 0.896 seconds
[2026-04-30T18:47:38.659+0000] {processor.py:161} INFO - Started process (PID=8074) to work on /opt/airflow/dags/flight-pipeline.py
[2026-04-30T18:47:38.662+0000] {processor.py:830} INFO - Processing file /opt/airflow/dags/flight-pipeline.py for tasks to queue
[2026-04-30T18:47:38.664+0000] {logging_mixin.py:188} INFO - [2026-04-30T18:47:38.663+0000] {dagbag.py:545} INFO - Filling up the DagBag from /opt/airflow/dags/flight-pipeline.py
[2026-04-30T18:47:39.352+0000] {processor.py:840} INFO - DAG(s) 'flights_ops_medallion_pipe' retrieved from /opt/airflow/dags/flight-pipeline.py
[2026-04-30T18:47:39.384+0000] {logging_mixin.py:188} INFO - [2026-04-30T18:47:39.384+0000] {dag.py:3089} INFO - Sync 1 DAGs
[2026-04-30T18:47:39.407+0000] {logging_mixin.py:188} INFO - [2026-04-30T18:47:39.407+0000] {dag.py:3947} INFO - Setting next_dagrun for flights_ops_medallion_pipe to 2026-04-30 18:30:00+00:00, run_after=2026-04-30 19:00:00+00:00
[2026-04-30T18:47:39.425+0000] {processor.py:183} INFO - Processing /opt/airflow/dags/flight-pipeline.py took 0.818 seconds
[2026-04-30T18:48:09.651+0000] {processor.py:161} INFO - Started process (PID=8077) to work on /opt/airflow/dags/flight-pipeline.py
[2026-04-30T18:48:09.654+0000] {processor.py:830} INFO - Processing file /opt/airflow/dags/flight-pipeline.py for tasks to queue
[2026-04-30T18:48:09.655+0000] {logging_mixin.py:188} INFO - [2026-04-30T18:48:09.655+0000] {dagbag.py:545} INFO - Filling up the DagBag from /opt/airflow/dags/flight-pipeline.py
[2026-04-30T18:48:10.333+0000] {processor.py:840} INFO - DAG(s) 'flights_ops_medallion_pipe' retrieved from /opt/airflow/dags/flight-pipeline.py
[2026-04-30T18:48:10.368+0000] {logging_mixin.py:188} INFO - [2026-04-30T18:48:10.368+0000] {dag.py:3089} INFO - Sync 1 DAGs
[2026-04-30T18:48:10.402+0000] {logging_mixin.py:188} INFO - [2026-04-30T18:48:10.402+0000] {dag.py:3947} INFO - Setting next_dagrun for flights_ops_medallion_pipe to 2026-04-30 18:30:00+00:00, run_after=2026-04-30 19:00:00+00:00
[2026-04-30T18:48:10.425+0000] {processor.py:183} INFO - Processing /opt/airflow/dags/flight-pipeline.py took 0.782 seconds
[2026-04-30T18:48:40.704+0000] {processor.py:161} INFO - Started process (PID=8080) to work on /opt/airflow/dags/flight-pipeline.py
[2026-04-30T18:48:40.721+0000] {processor.py:830} INFO - Processing file /opt/airflow/dags/flight-pipeline.py for tasks to queue
[2026-04-30T18:48:40.723+0000] {logging_mixin.py:188} INFO - [2026-04-30T18:48:40.722+0000] {dagbag.py:545} INFO - Filling up the DagBag from /opt/airflow/dags/flight-pipeline.py
[2026-04-30T18:48:41.389+0000] {processor.py:840} INFO - DAG(s) 'flights_ops_medallion_pipe' retrieved from /opt/airflow/dags/flight-pipeline.py
[2026-04-30T18:48:41.422+0000] {logging_mixin.py:188} INFO - [2026-04-30T18:48:41.422+0000] {dag.py:3089} INFO - Sync 1 DAGs
[2026-04-30T18:48:41.448+0000] {logging_mixin.py:188} INFO - [2026-04-30T18:48:41.448+0000] {dag.py:3947} INFO - Setting next_dagrun for flights_ops_medallion_pipe to 2026-04-30 18:30:00+00:00, run_after=2026-04-30 19:00:00+00:00
[2026-04-30T18:48:41.469+0000] {processor.py:183} INFO - Processing /opt/airflow/dags/flight-pipeline.py took 0.775 seconds
[2026-04-30T18:49:11.534+0000] {processor.py:161} INFO - Started process (PID=8083) to work on /opt/airflow/dags/flight-pipeline.py
[2026-04-30T18:49:11.537+0000] {processor.py:830} INFO - Processing file /opt/airflow/dags/flight-pipeline.py for tasks to queue
[2026-04-30T18:49:11.538+0000] {logging_mixin.py:188} INFO - [2026-04-30T18:49:11.538+0000] {dagbag.py:545} INFO - Filling up the DagBag from /opt/airflow/dags/flight-pipeline.py
[2026-04-30T18:49:12.220+0000] {processor.py:840} INFO - DAG(s) 'flights_ops_medallion_pipe' retrieved from /opt/airflow/dags/flight-pipeline.py
[2026-04-30T18:49:12.261+0000] {logging_mixin.py:188} INFO - [2026-04-30T18:49:12.260+0000] {dag.py:3089} INFO - Sync 1 DAGs
[2026-04-30T18:49:12.294+0000] {logging_mixin.py:188} INFO - [2026-04-30T18:49:12.293+0000] {dag.py:3947} INFO - Setting next_dagrun for flights_ops_medallion_pipe to 2026-04-30 18:30:00+00:00, run_after=2026-04-30 19:00:00+00:00
[2026-04-30T18:49:12.319+0000] {processor.py:183} INFO - Processing /opt/airflow/dags/flight-pipeline.py took 0.793 seconds
[2026-04-30T18:49:42.576+0000] {processor.py:161} INFO - Started process (PID=8086) to work on /opt/airflow/dags/flight-pipeline.py
[2026-04-30T18:49:42.580+0000] {processor.py:830} INFO - Processing file /opt/airflow/dags/flight-pipeline.py for tasks to queue
[2026-04-30T18:49:42.581+0000] {logging_mixin.py:188} INFO - [2026-04-30T18:49:42.581+0000] {dagbag.py:545} INFO - Filling up the DagBag from /opt/airflow/dags/flight-pipeline.py
[2026-04-30T18:49:43.222+0000] {processor.py:840} INFO - DAG(s) 'flights_ops_medallion_pipe' retrieved from /opt/airflow/dags/flight-pipeline.py
[2026-04-30T18:49:43.268+0000] {logging_mixin.py:188} INFO - [2026-04-30T18:49:43.268+0000] {dag.py:3089} INFO - Sync 1 DAGs
[2026-04-30T18:49:43.292+0000] {logging_mixin.py:188} INFO - [2026-04-30T18:49:43.292+0000] {dag.py:3947} INFO - Setting next_dagrun for flights_ops_medallion_pipe to 2026-04-30 18:30:00+00:00, run_after=2026-04-30 19:00:00+00:00
[2026-04-30T18:49:43.310+0000] {processor.py:183} INFO - Processing /opt/airflow/dags/flight-pipeline.py took 0.741 seconds
[2026-04-30T18:50:13.659+0000] {processor.py:161} INFO - Started process (PID=8089) to work on /opt/airflow/dags/flight-pipeline.py
[2026-04-30T18:50:13.662+0000] {processor.py:830} INFO - Processing file /opt/airflow/dags/flight-pipeline.py for tasks to queue
[2026-04-30T18:50:13.664+0000] {logging_mixin.py:188} INFO - [2026-04-30T18:50:13.663+0000] {dagbag.py:545} INFO - Filling up the DagBag from /opt/airflow/dags/flight-pipeline.py
[2026-04-30T18:50:14.346+0000] {processor.py:840} INFO - DAG(s) 'flights_ops_medallion_pipe' retrieved from /opt/airflow/dags/flight-pipeline.py
[2026-04-30T18:50:14.382+0000] {logging_mixin.py:188} INFO - [2026-04-30T18:50:14.381+0000] {dag.py:3089} INFO - Sync 1 DAGs
[2026-04-30T18:50:14.404+0000] {logging_mixin.py:188} INFO - [2026-04-30T18:50:14.404+0000] {dag.py:3947} INFO - Setting next_dagrun for flights_ops_medallion_pipe to 2026-04-30 18:30:00+00:00, run_after=2026-04-30 19:00:00+00:00
[2026-04-30T18:50:14.424+0000] {processor.py:183} INFO - Processing /opt/airflow/dags/flight-pipeline.py took 0.776 seconds
[2026-04-30T18:50:44.705+0000] {processor.py:161} INFO - Started process (PID=8092) to work on /opt/airflow/dags/flight-pipeline.py
[2026-04-30T18:50:44.710+0000] {processor.py:830} INFO - Processing file /opt/airflow/dags/flight-pipeline.py for tasks to queue
[2026-04-30T18:50:44.711+0000] {logging_mixin.py:188} INFO - [2026-04-30T18:50:44.711+0000] {dagbag.py:545} INFO - Filling up the DagBag from /opt/airflow/dags/flight-pipeline.py
[2026-04-30T18:50:45.401+0000] {processor.py:840} INFO - DAG(s) 'flights_ops_medallion_pipe' retrieved from /opt/airflow/dags/flight-pipeline.py
[2026-04-30T18:50:45.440+0000] {logging_mixin.py:188} INFO - [2026-04-30T18:50:45.439+0000] {dag.py:3089} INFO - Sync 1 DAGs
[2026-04-30T18:50:45.466+0000] {logging_mixin.py:188} INFO - [2026-04-30T18:50:45.466+0000] {dag.py:3947} INFO - Setting next_dagrun for flights_ops_medallion_pipe to 2026-04-30 18:30:00+00:00, run_after=2026-04-30 19:00:00+00:00
[2026-04-30T18:50:45.489+0000] {processor.py:183} INFO - Processing /opt/airflow/dags/flight-pipeline.py took 0.795 seconds
[2026-04-30T18:51:15.626+0000] {processor.py:161} INFO - Started process (PID=8095) to work on /opt/airflow/dags/flight-pipeline.py
[2026-04-30T18:51:15.631+0000] {processor.py:830} INFO - Processing file /opt/airflow/dags/flight-pipeline.py for tasks to queue
[2026-04-30T18:51:15.632+0000] {logging_mixin.py:188} INFO - [2026-04-30T18:51:15.632+0000] {dagbag.py:545} INFO - Filling up the DagBag from /opt/airflow/dags/flight-pipeline.py
[2026-04-30T18:51:16.317+0000] {processor.py:840} INFO - DAG(s) 'flights_ops_medallion_pipe' retrieved from /opt/airflow/dags/flight-pipeline.py
[2026-04-30T18:51:16.350+0000] {logging_mixin.py:188} INFO - [2026-04-30T18:51:16.349+0000] {dag.py:3089} INFO - Sync 1 DAGs
[2026-04-30T18:51:16.376+0000] {logging_mixin.py:188} INFO - [2026-04-30T18:51:16.376+0000] {dag.py:3947} INFO - Setting next_dagrun for flights_ops_medallion_pipe to 2026-04-30 18:30:00+00:00, run_after=2026-04-30 19:00:00+00:00
[2026-04-30T18:51:16.400+0000] {processor.py:183} INFO - Processing /opt/airflow/dags/flight-pipeline.py took 0.783 seconds
[2026-04-30T18:51:46.697+0000] {processor.py:161} INFO - Started process (PID=8098) to work on /opt/airflow/dags/flight-pipeline.py
[2026-04-30T18:51:46.703+0000] {processor.py:830} INFO - Processing file /opt/airflow/dags/flight-pipeline.py for tasks to queue
[2026-04-30T18:51:46.710+0000] {logging_mixin.py:188} INFO - [2026-04-30T18:51:46.706+0000] {dagbag.py:545} INFO - Filling up the DagBag from /opt/airflow/dags/flight-pipeline.py
[2026-04-30T18:51:47.458+0000] {processor.py:840} INFO - DAG(s) 'flights_ops_medallion_pipe' retrieved from /opt/airflow/dags/flight-pipeline.py
[2026-04-30T18:51:47.497+0000] {logging_mixin.py:188} INFO - [2026-04-30T18:51:47.496+0000] {dag.py:3089} INFO - Sync 1 DAGs
[2026-04-30T18:51:47.525+0000] {logging_mixin.py:188} INFO - [2026-04-30T18:51:47.525+0000] {dag.py:3947} INFO - Setting next_dagrun for flights_ops_medallion_pipe to 2026-04-30 18:30:00+00:00, run_after=2026-04-30 19:00:00+00:00
[2026-04-30T18:51:47.545+0000] {processor.py:183} INFO - Processing /opt/airflow/dags/flight-pipeline.py took 0.863 seconds
[2026-04-30T18:52:17.822+0000] {processor.py:161} INFO - Started process (PID=8101) to work on /opt/airflow/dags/flight-pipeline.py
[2026-04-30T18:52:17.827+0000] {processor.py:830} INFO - Processing file /opt/airflow/dags/flight-pipeline.py for tasks to queue
[2026-04-30T18:52:17.829+0000] {logging_mixin.py:188} INFO - [2026-04-30T18:52:17.828+0000] {dagbag.py:545} INFO - Filling up the DagBag from /opt/airflow/dags/flight-pipeline.py
[2026-04-30T18:52:18.524+0000] {processor.py:840} INFO - DAG(s) 'flights_ops_medallion_pipe' retrieved from /opt/airflow/dags/flight-pipeline.py
[2026-04-30T18:52:18.560+0000] {logging_mixin.py:188} INFO - [2026-04-30T18:52:18.560+0000] {dag.py:3089} INFO - Sync 1 DAGs
[2026-04-30T18:52:18.586+0000] {logging_mixin.py:188} INFO - [2026-04-30T18:52:18.585+0000] {dag.py:3947} INFO - Setting next_dagrun for flights_ops_medallion_pipe to 2026-04-30 18:30:00+00:00, run_after=2026-04-30 19:00:00+00:00
[2026-04-30T18:52:18.604+0000] {processor.py:183} INFO - Processing /opt/airflow/dags/flight-pipeline.py took 0.793 seconds
[2026-04-30T18:52:48.866+0000] {processor.py:161} INFO - Started process (PID=8104) to work on /opt/airflow/dags/flight-pipeline.py
[2026-04-30T18:52:48.870+0000] {processor.py:830} INFO - Processing file /opt/airflow/dags/flight-pipeline.py for tasks to queue
[2026-04-30T18:52:48.871+0000] {logging_mixin.py:188} INFO - [2026-04-30T18:52:48.871+0000] {dagbag.py:545} INFO - Filling up the DagBag from /opt/airflow/dags/flight-pipeline.py
[2026-04-30T18:52:49.544+0000] {processor.py:840} INFO - DAG(s) 'flights_ops_medallion_pipe' retrieved from /opt/airflow/dags/flight-pipeline.py
[2026-04-30T18:52:49.581+0000] {logging_mixin.py:188} INFO - [2026-04-30T18:52:49.581+0000] {dag.py:3089} INFO - Sync 1 DAGs
[2026-04-30T18:52:49.605+0000] {logging_mixin.py:188} INFO - [2026-04-30T18:52:49.605+0000] {dag.py:3947} INFO - Setting next_dagrun for flights_ops_medallion_pipe to 2026-04-30 18:30:00+00:00, run_after=2026-04-30 19:00:00+00:00
[2026-04-30T18:52:49.624+0000] {processor.py:183} INFO - Processing /opt/airflow/dags/flight-pipeline.py took 0.766 seconds
[2026-04-30T18:53:19.731+0000] {processor.py:161} INFO - Started process (PID=8107) to work on /opt/airflow/dags/flight-pipeline.py
[2026-04-30T18:53:19.735+0000] {processor.py:830} INFO - Processing file /opt/airflow/dags/flight-pipeline.py for tasks to queue
[2026-04-30T18:53:19.736+0000] {logging_mixin.py:188} INFO - [2026-04-30T18:53:19.736+0000] {dagbag.py:545} INFO - Filling up the DagBag from /opt/airflow/dags/flight-pipeline.py
[2026-04-30T18:53:20.675+0000] {processor.py:840} INFO - DAG(s) 'flights_ops_medallion_pipe' retrieved from /opt/airflow/dags/flight-pipeline.py
[2026-04-30T18:53:20.723+0000] {logging_mixin.py:188} INFO - [2026-04-30T18:53:20.723+0000] {dag.py:3089} INFO - Sync 1 DAGs
[2026-04-30T18:53:20.748+0000] {logging_mixin.py:188} INFO - [2026-04-30T18:53:20.748+0000] {dag.py:3947} INFO - Setting next_dagrun for flights_ops_medallion_pipe to 2026-04-30 18:30:00+00:00, run_after=2026-04-30 19:00:00+00:00
[2026-04-30T18:53:20.769+0000] {processor.py:183} INFO - Processing /opt/airflow/dags/flight-pipeline.py took 1.051 seconds
[2026-04-30T18:53:51.063+0000] {processor.py:161} INFO - Started process (PID=8110) to work on /opt/airflow/dags/flight-pipeline.py
[2026-04-30T18:53:51.077+0000] {processor.py:830} INFO - Processing file /opt/airflow/dags/flight-pipeline.py for tasks to queue
[2026-04-30T18:53:51.078+0000] {logging_mixin.py:188} INFO - [2026-04-30T18:53:51.078+0000] {dagbag.py:545} INFO - Filling up the DagBag from /opt/airflow/dags/flight-pipeline.py
[2026-04-30T18:53:51.860+0000] {processor.py:840} INFO - DAG(s) 'flights_ops_medallion_pipe' retrieved from /opt/airflow/dags/flight-pipeline.py
[2026-04-30T18:53:51.892+0000] {logging_mixin.py:188} INFO - [2026-04-30T18:53:51.892+0000] {dag.py:3089} INFO - Sync 1 DAGs
[2026-04-30T18:53:51.916+0000] {logging_mixin.py:188} INFO - [2026-04-30T18:53:51.916+0000] {dag.py:3947} INFO - Setting next_dagrun for flights_ops_medallion_pipe to 2026-04-30 18:30:00+00:00, run_after=2026-04-30 19:00:00+00:00
[2026-04-30T18:53:51.936+0000] {processor.py:183} INFO - Processing /opt/airflow/dags/flight-pipeline.py took 0.895 seconds
[2026-04-30T18:54:22.226+0000] {processor.py:161} INFO - Started process (PID=8113) to work on /opt/airflow/dags/flight-pipeline.py
[2026-04-30T18:54:22.229+0000] {processor.py:830} INFO - Processing file /opt/airflow/dags/flight-pipeline.py for tasks to queue
[2026-04-30T18:54:22.231+0000] {logging_mixin.py:188} INFO - [2026-04-30T18:54:22.230+0000] {dagbag.py:545} INFO - Filling up the DagBag from /opt/airflow/dags/flight-pipeline.py
[2026-04-30T18:54:22.929+0000] {processor.py:840} INFO - DAG(s) 'flights_ops_medallion_pipe' retrieved from /opt/airflow/dags/flight-pipeline.py
[2026-04-30T18:54:22.964+0000] {logging_mixin.py:188} INFO - [2026-04-30T18:54:22.964+0000] {dag.py:3089} INFO - Sync 1 DAGs
[2026-04-30T18:54:22.989+0000] {logging_mixin.py:188} INFO - [2026-04-30T18:54:22.988+0000] {dag.py:3947} INFO - Setting next_dagrun for flights_ops_medallion_pipe to 2026-04-30 18:30:00+00:00, run_after=2026-04-30 19:00:00+00:00
[2026-04-30T18:54:23.009+0000] {processor.py:183} INFO - Processing /opt/airflow/dags/flight-pipeline.py took 0.796 seconds
[2026-04-30T18:54:53.282+0000] {processor.py:161} INFO - Started process (PID=8116) to work on /opt/airflow/dags/flight-pipeline.py
[2026-04-30T18:54:53.286+0000] {processor.py:830} INFO - Processing file /opt/airflow/dags/flight-pipeline.py for tasks to queue
[2026-04-30T18:54:53.288+0000] {logging_mixin.py:188} INFO - [2026-04-30T18:54:53.287+0000] {dagbag.py:545} INFO - Filling up the DagBag from /opt/airflow/dags/flight-pipeline.py
[2026-04-30T18:54:53.974+0000] {processor.py:840} INFO - DAG(s) 'flights_ops_medallion_pipe' retrieved from /opt/airflow/dags/flight-pipeline.py
[2026-04-30T18:54:54.009+0000] {logging_mixin.py:188} INFO - [2026-04-30T18:54:54.009+0000] {dag.py:3089} INFO - Sync 1 DAGs
[2026-04-30T18:54:54.036+0000] {logging_mixin.py:188} INFO - [2026-04-30T18:54:54.036+0000] {dag.py:3947} INFO - Setting next_dagrun for flights_ops_medallion_pipe to 2026-04-30 18:30:00+00:00, run_after=2026-04-30 19:00:00+00:00
[2026-04-30T18:54:54.057+0000] {processor.py:183} INFO - Processing /opt/airflow/dags/flight-pipeline.py took 0.785 seconds
[2026-04-30T18:55:25.084+0000] {processor.py:161} INFO - Started process (PID=8119) to work on /opt/airflow/dags/flight-pipeline.py
[2026-04-30T18:55:25.127+0000] {processor.py:830} INFO - Processing file /opt/airflow/dags/flight-pipeline.py for tasks to queue
[2026-04-30T18:55:25.137+0000] {logging_mixin.py:188} INFO - [2026-04-30T18:55:25.131+0000] {dagbag.py:545} INFO - Filling up the DagBag from /opt/airflow/dags/flight-pipeline.py
[2026-04-30T18:55:26.960+0000] {processor.py:840} INFO - DAG(s) 'flights_ops_medallion_pipe' retrieved from /opt/airflow/dags/flight-pipeline.py
[2026-04-30T18:55:27.067+0000] {logging_mixin.py:188} INFO - [2026-04-30T18:55:27.067+0000] {dag.py:3089} INFO - Sync 1 DAGs
[2026-04-30T18:55:27.137+0000] {logging_mixin.py:188} INFO - [2026-04-30T18:55:27.137+0000] {dag.py:3947} INFO - Setting next_dagrun for flights_ops_medallion_pipe to 2026-04-30 18:30:00+00:00, run_after=2026-04-30 19:00:00+00:00
[2026-04-30T18:55:27.168+0000] {processor.py:183} INFO - Processing /opt/airflow/dags/flight-pipeline.py took 2.191 seconds
[2026-04-30T20:55:40.182+0000] {processor.py:161} INFO - Started process (PID=8122) to work on /opt/airflow/dags/flight-pipeline.py
[2026-04-30T20:55:40.249+0000] {processor.py:830} INFO - Processing file /opt/airflow/dags/flight-pipeline.py for tasks to queue
[2026-04-30T20:55:40.261+0000] {logging_mixin.py:188} INFO - [2026-04-30T20:55:40.259+0000] {dagbag.py:545} INFO - Filling up the DagBag from /opt/airflow/dags/flight-pipeline.py
[2026-04-30T20:55:43.320+0000] {processor.py:840} INFO - DAG(s) 'flights_ops_medallion_pipe' retrieved from /opt/airflow/dags/flight-pipeline.py
[2026-04-30T20:55:43.546+0000] {logging_mixin.py:188} INFO - [2026-04-30T20:55:43.544+0000] {dag.py:3089} INFO - Sync 1 DAGs
[2026-04-30T20:55:43.680+0000] {logging_mixin.py:188} INFO - [2026-04-30T20:55:43.680+0000] {dag.py:3947} INFO - Setting next_dagrun for flights_ops_medallion_pipe to 2026-04-30 20:00:00+00:00, run_after=2026-04-30 20:30:00+00:00
[2026-04-30T20:55:43.732+0000] {processor.py:183} INFO - Processing /opt/airflow/dags/flight-pipeline.py took 3.677 seconds
[2026-04-30T21:07:07.169+0000] {processor.py:161} INFO - Started process (PID=8134) to work on /opt/airflow/dags/flight-pipeline.py
[2026-04-30T21:07:07.175+0000] {processor.py:830} INFO - Processing file /opt/airflow/dags/flight-pipeline.py for tasks to queue
[2026-04-30T21:07:07.195+0000] {logging_mixin.py:188} INFO - [2026-04-30T21:07:07.194+0000] {dagbag.py:545} INFO - Filling up the DagBag from /opt/airflow/dags/flight-pipeline.py
[2026-04-30T21:07:08.549+0000] {processor.py:840} INFO - DAG(s) 'flights_ops_medallion_pipe' retrieved from /opt/airflow/dags/flight-pipeline.py
[2026-04-30T21:07:08.625+0000] {logging_mixin.py:188} INFO - [2026-04-30T21:07:08.625+0000] {dag.py:3089} INFO - Sync 1 DAGs
[2026-04-30T21:07:08.755+0000] {logging_mixin.py:188} INFO - [2026-04-30T21:07:08.754+0000] {dag.py:3947} INFO - Setting next_dagrun for flights_ops_medallion_pipe to 2026-04-30 20:30:00+00:00, run_after=2026-04-30 21:00:00+00:00
[2026-04-30T21:07:08.842+0000] {processor.py:183} INFO - Processing /opt/airflow/dags/flight-pipeline.py took 1.710 seconds
[2026-04-30T21:22:14.162+0000] {processor.py:161} INFO - Started process (PID=8143) to work on /opt/airflow/dags/flight-pipeline.py
[2026-04-30T21:22:14.170+0000] {processor.py:830} INFO - Processing file /opt/airflow/dags/flight-pipeline.py for tasks to queue
[2026-04-30T21:22:14.181+0000] {logging_mixin.py:188} INFO - [2026-04-30T21:22:14.174+0000] {dagbag.py:545} INFO - Filling up the DagBag from /opt/airflow/dags/flight-pipeline.py
[2026-04-30T21:22:16.091+0000] {processor.py:840} INFO - DAG(s) 'flights_ops_medallion_pipe' retrieved from /opt/airflow/dags/flight-pipeline.py
[2026-04-30T21:22:16.208+0000] {logging_mixin.py:188} INFO - [2026-04-30T21:22:16.207+0000] {dag.py:3089} INFO - Sync 1 DAGs
[2026-04-30T21:22:16.302+0000] {logging_mixin.py:188} INFO - [2026-04-30T21:22:16.301+0000] {dag.py:3947} INFO - Setting next_dagrun for flights_ops_medallion_pipe to 2026-04-30 21:00:00+00:00, run_after=2026-04-30 21:30:00+00:00
[2026-04-30T21:22:16.341+0000] {processor.py:183} INFO - Processing /opt/airflow/dags/flight-pipeline.py took 2.269 seconds
[2026-04-30T21:26:03.365+0000] {processor.py:161} INFO - Started process (PID=8157) to work on /opt/airflow/dags/flight-pipeline.py
[2026-04-30T21:26:03.372+0000] {processor.py:830} INFO - Processing file /opt/airflow/dags/flight-pipeline.py for tasks to queue
[2026-04-30T21:26:03.375+0000] {logging_mixin.py:188} INFO - [2026-04-30T21:26:03.374+0000] {dagbag.py:545} INFO - Filling up the DagBag from /opt/airflow/dags/flight-pipeline.py
[2026-04-30T21:26:04.525+0000] {processor.py:840} INFO - DAG(s) 'flights_ops_medallion_pipe' retrieved from /opt/airflow/dags/flight-pipeline.py
[2026-04-30T21:26:04.592+0000] {logging_mixin.py:188} INFO - [2026-04-30T21:26:04.592+0000] {dag.py:3089} INFO - Sync 1 DAGs
[2026-04-30T21:26:04.628+0000] {logging_mixin.py:188} INFO - [2026-04-30T21:26:04.628+0000] {dag.py:3947} INFO - Setting next_dagrun for flights_ops_medallion_pipe to 2026-04-30 21:00:00+00:00, run_after=2026-04-30 21:30:00+00:00
[2026-04-30T21:26:04.655+0000] {processor.py:183} INFO - Processing /opt/airflow/dags/flight-pipeline.py took 1.306 seconds
[2026-04-30T21:42:18.603+0000] {processor.py:161} INFO - Started process (PID=8173) to work on /opt/airflow/dags/flight-pipeline.py
[2026-04-30T21:42:18.638+0000] {processor.py:830} INFO - Processing file /opt/airflow/dags/flight-pipeline.py for tasks to queue
[2026-04-30T21:42:18.640+0000] {logging_mixin.py:188} INFO - [2026-04-30T21:42:18.639+0000] {dagbag.py:545} INFO - Filling up the DagBag from /opt/airflow/dags/flight-pipeline.py
[2026-04-30T21:42:19.769+0000] {processor.py:840} INFO - DAG(s) 'flights_ops_medallion_pipe' retrieved from /opt/airflow/dags/flight-pipeline.py
[2026-04-30T21:42:19.804+0000] {logging_mixin.py:188} INFO - [2026-04-30T21:42:19.804+0000] {dag.py:3089} INFO - Sync 1 DAGs
[2026-04-30T21:42:19.832+0000] {logging_mixin.py:188} INFO - [2026-04-30T21:42:19.832+0000] {dag.py:3947} INFO - Setting next_dagrun for flights_ops_medallion_pipe to 2026-04-30 21:00:00+00:00, run_after=2026-04-30 21:30:00+00:00
[2026-04-30T21:42:19.853+0000] {processor.py:183} INFO - Processing /opt/airflow/dags/flight-pipeline.py took 1.270 seconds
[2026-04-30T21:43:27.776+0000] {processor.py:161} INFO - Started process (PID=8200) to work on /opt/airflow/dags/flight-pipeline.py
[2026-04-30T21:43:27.780+0000] {processor.py:830} INFO - Processing file /opt/airflow/dags/flight-pipeline.py for tasks to queue
[2026-04-30T21:43:27.783+0000] {logging_mixin.py:188} INFO - [2026-04-30T21:43:27.783+0000] {dagbag.py:545} INFO - Filling up the DagBag from /opt/airflow/dags/flight-pipeline.py
[2026-04-30T21:43:29.167+0000] {processor.py:840} INFO - DAG(s) 'flights_ops_medallion_pipe' retrieved from /opt/airflow/dags/flight-pipeline.py
[2026-04-30T21:43:29.201+0000] {logging_mixin.py:188} INFO - [2026-04-30T21:43:29.201+0000] {dag.py:3089} INFO - Sync 1 DAGs
[2026-04-30T21:43:29.228+0000] {logging_mixin.py:188} INFO - [2026-04-30T21:43:29.227+0000] {dag.py:3947} INFO - Setting next_dagrun for flights_ops_medallion_pipe to 2026-04-30 21:30:00+00:00, run_after=2026-04-30 22:00:00+00:00
[2026-04-30T21:43:29.245+0000] {processor.py:183} INFO - Processing /opt/airflow/dags/flight-pipeline.py took 1.482 seconds
[2026-04-30T21:56:40.515+0000] {processor.py:161} INFO - Started process (PID=8215) to work on /opt/airflow/dags/flight-pipeline.py
[2026-04-30T21:56:40.520+0000] {processor.py:830} INFO - Processing file /opt/airflow/dags/flight-pipeline.py for tasks to queue
[2026-04-30T21:56:40.522+0000] {logging_mixin.py:188} INFO - [2026-04-30T21:56:40.522+0000] {dagbag.py:545} INFO - Filling up the DagBag from /opt/airflow/dags/flight-pipeline.py
[2026-04-30T21:56:41.841+0000] {processor.py:840} INFO - DAG(s) 'flights_ops_medallion_pipe' retrieved from /opt/airflow/dags/flight-pipeline.py
[2026-04-30T21:56:41.876+0000] {logging_mixin.py:188} INFO - [2026-04-30T21:56:41.875+0000] {dag.py:3089} INFO - Sync 1 DAGs
[2026-04-30T21:56:41.899+0000] {logging_mixin.py:188} INFO - [2026-04-30T21:56:41.899+0000] {dag.py:3947} INFO - Setting next_dagrun for flights_ops_medallion_pipe to 2026-04-30 21:30:00+00:00, run_after=2026-04-30 22:00:00+00:00
[2026-04-30T21:56:41.921+0000] {processor.py:183} INFO - Processing /opt/airflow/dags/flight-pipeline.py took 1.421 seconds
[2026-04-30T22:03:46.579+0000] {processor.py:161} INFO - Started process (PID=8239) to work on /opt/airflow/dags/flight-pipeline.py
[2026-04-30T22:03:46.588+0000] {processor.py:830} INFO - Processing file /opt/airflow/dags/flight-pipeline.py for tasks to queue
[2026-04-30T22:03:46.599+0000] {logging_mixin.py:188} INFO - [2026-04-30T22:03:46.594+0000] {dagbag.py:545} INFO - Filling up the DagBag from /opt/airflow/dags/flight-pipeline.py
[2026-04-30T22:03:47.560+0000] {processor.py:840} INFO - DAG(s) 'flights_ops_medallion_pipe' retrieved from /opt/airflow/dags/flight-pipeline.py
[2026-04-30T22:03:47.598+0000] {logging_mixin.py:188} INFO - [2026-04-30T22:03:47.598+0000] {dag.py:3089} INFO - Sync 1 DAGs
[2026-04-30T22:03:47.624+0000] {logging_mixin.py:188} INFO - [2026-04-30T22:03:47.624+0000] {dag.py:3947} INFO - Setting next_dagrun for flights_ops_medallion_pipe to 2026-04-30 21:30:00+00:00, run_after=2026-04-30 22:00:00+00:00
[2026-04-30T22:03:47.645+0000] {processor.py:183} INFO - Processing /opt/airflow/dags/flight-pipeline.py took 1.218 seconds
[2026-04-30T22:57:41.353+0000] {processor.py:161} INFO - Started process (PID=8243) to work on /opt/airflow/dags/flight-pipeline.py
[2026-04-30T22:57:41.359+0000] {processor.py:830} INFO - Processing file /opt/airflow/dags/flight-pipeline.py for tasks to queue
[2026-04-30T22:57:41.361+0000] {logging_mixin.py:188} INFO - [2026-04-30T22:57:41.361+0000] {dagbag.py:545} INFO - Filling up the DagBag from /opt/airflow/dags/flight-pipeline.py
[2026-04-30T22:57:47.737+0000] {processor.py:840} INFO - DAG(s) 'flights_ops_medallion_pipe' retrieved from /opt/airflow/dags/flight-pipeline.py
[2026-04-30T22:57:48.422+0000] {logging_mixin.py:188} INFO - [2026-04-30T22:57:48.419+0000] {dag.py:3089} INFO - Sync 1 DAGs
[2026-04-30T22:57:48.594+0000] {logging_mixin.py:188} INFO - [2026-04-30T22:57:48.593+0000] {dag.py:3947} INFO - Setting next_dagrun for flights_ops_medallion_pipe to 2026-04-30 22:00:00+00:00, run_after=2026-04-30 22:30:00+00:00
[2026-04-30T22:57:48.689+0000] {processor.py:183} INFO - Processing /opt/airflow/dags/flight-pipeline.py took 7.347 seconds
[2026-04-30T23:55:40.786+0000] {processor.py:161} INFO - Started process (PID=8247) to work on /opt/airflow/dags/flight-pipeline.py
[2026-04-30T23:55:40.791+0000] {processor.py:830} INFO - Processing file /opt/airflow/dags/flight-pipeline.py for tasks to queue
[2026-04-30T23:55:40.796+0000] {logging_mixin.py:188} INFO - [2026-04-30T23:55:40.794+0000] {dagbag.py:545} INFO - Filling up the DagBag from /opt/airflow/dags/flight-pipeline.py
[2026-04-30T23:55:42.657+0000] {processor.py:840} INFO - DAG(s) 'flights_ops_medallion_pipe' retrieved from /opt/airflow/dags/flight-pipeline.py
[2026-04-30T23:55:42.795+0000] {logging_mixin.py:188} INFO - [2026-04-30T23:55:42.794+0000] {dag.py:3089} INFO - Sync 1 DAGs
[2026-04-30T23:55:42.930+0000] {logging_mixin.py:188} INFO - [2026-04-30T23:55:42.930+0000] {dag.py:3947} INFO - Setting next_dagrun for flights_ops_medallion_pipe to 2026-04-30 23:00:00+00:00, run_after=2026-04-30 23:30:00+00:00
[2026-04-30T23:55:42.996+0000] {processor.py:183} INFO - Processing /opt/airflow/dags/flight-pipeline.py took 2.247 seconds
[2026-04-30T23:58:43.587+0000] {processor.py:161} INFO - Started process (PID=8252) to work on /opt/airflow/dags/flight-pipeline.py
[2026-04-30T23:58:43.617+0000] {processor.py:830} INFO - Processing file /opt/airflow/dags/flight-pipeline.py for tasks to queue
[2026-04-30T23:58:43.624+0000] {logging_mixin.py:188} INFO - [2026-04-30T23:58:43.622+0000] {dagbag.py:545} INFO - Filling up the DagBag from /opt/airflow/dags/flight-pipeline.py
[2026-04-30T23:58:44.808+0000] {processor.py:840} INFO - DAG(s) 'flights_ops_medallion_pipe' retrieved from /opt/airflow/dags/flight-pipeline.py
[2026-04-30T23:58:44.904+0000] {logging_mixin.py:188} INFO - [2026-04-30T23:58:44.903+0000] {dag.py:3089} INFO - Sync 1 DAGs
[2026-04-30T23:58:44.944+0000] {logging_mixin.py:188} INFO - [2026-04-30T23:58:44.943+0000] {dag.py:3947} INFO - Setting next_dagrun for flights_ops_medallion_pipe to 2026-04-30 23:00:00+00:00, run_after=2026-04-30 23:30:00+00:00
[2026-04-30T23:58:44.971+0000] {processor.py:183} INFO - Processing /opt/airflow/dags/flight-pipeline.py took 1.413 seconds
