[2026-05-03T00:09:57.387+0000] {processor.py:161} INFO - Started process (PID=12720) to work on /opt/airflow/dags/flight-pipeline.py
[2026-05-03T00:09:57.399+0000] {processor.py:830} INFO - Processing file /opt/airflow/dags/flight-pipeline.py for tasks to queue
[2026-05-03T00:09:57.474+0000] {logging_mixin.py:188} INFO - [2026-05-03T00:09:57.422+0000] {dagbag.py:545} INFO - Filling up the DagBag from /opt/airflow/dags/flight-pipeline.py
[2026-05-03T00:09:59.997+0000] {processor.py:840} INFO - DAG(s) 'flights_ops_medallion_pipe' retrieved from /opt/airflow/dags/flight-pipeline.py
[2026-05-03T00:10:00.044+0000] {logging_mixin.py:188} INFO - [2026-05-03T00:10:00.043+0000] {dag.py:3089} INFO - Sync 1 DAGs
[2026-05-03T00:10:00.081+0000] {logging_mixin.py:188} INFO - [2026-05-03T00:10:00.080+0000] {dag.py:3947} INFO - Setting next_dagrun for flights_ops_medallion_pipe to 2026-05-03 00:00:00+00:00, run_after=2026-05-03 00:30:00+00:00
[2026-05-03T00:10:00.117+0000] {processor.py:183} INFO - Processing /opt/airflow/dags/flight-pipeline.py took 2.831 seconds
[2026-05-03T00:10:30.774+0000] {processor.py:161} INFO - Started process (PID=12735) to work on /opt/airflow/dags/flight-pipeline.py
[2026-05-03T00:10:30.790+0000] {processor.py:830} INFO - Processing file /opt/airflow/dags/flight-pipeline.py for tasks to queue
[2026-05-03T00:10:30.804+0000] {logging_mixin.py:188} INFO - [2026-05-03T00:10:30.799+0000] {dagbag.py:545} INFO - Filling up the DagBag from /opt/airflow/dags/flight-pipeline.py
[2026-05-03T00:10:48.739+0000] {processor.py:840} INFO - DAG(s) 'flights_ops_medallion_pipe' retrieved from /opt/airflow/dags/flight-pipeline.py
[2026-05-03T00:10:49.507+0000] {logging_mixin.py:188} INFO - [2026-05-03T00:10:49.500+0000] {dag.py:3089} INFO - Sync 1 DAGs
[2026-05-03T00:10:50.283+0000] {logging_mixin.py:188} INFO - [2026-05-03T00:10:50.248+0000] {dag.py:3947} INFO - Setting next_dagrun for flights_ops_medallion_pipe to 2026-05-03 00:00:00+00:00, run_after=2026-05-03 00:30:00+00:00
[2026-05-03T00:10:50.657+0000] {processor.py:183} INFO - Processing /opt/airflow/dags/flight-pipeline.py took 20.143 seconds
[2026-05-03T00:11:21.071+0000] {processor.py:161} INFO - Started process (PID=12749) to work on /opt/airflow/dags/flight-pipeline.py
[2026-05-03T00:11:21.074+0000] {processor.py:830} INFO - Processing file /opt/airflow/dags/flight-pipeline.py for tasks to queue
[2026-05-03T00:11:21.076+0000] {logging_mixin.py:188} INFO - [2026-05-03T00:11:21.076+0000] {dagbag.py:545} INFO - Filling up the DagBag from /opt/airflow/dags/flight-pipeline.py
[2026-05-03T00:11:23.495+0000] {processor.py:840} INFO - DAG(s) 'flights_ops_medallion_pipe' retrieved from /opt/airflow/dags/flight-pipeline.py
[2026-05-03T00:11:23.600+0000] {logging_mixin.py:188} INFO - [2026-05-03T00:11:23.599+0000] {dag.py:3089} INFO - Sync 1 DAGs
[2026-05-03T00:11:23.676+0000] {logging_mixin.py:188} INFO - [2026-05-03T00:11:23.676+0000] {dag.py:3947} INFO - Setting next_dagrun for flights_ops_medallion_pipe to 2026-05-03 00:00:00+00:00, run_after=2026-05-03 00:30:00+00:00
[2026-05-03T00:11:23.728+0000] {processor.py:183} INFO - Processing /opt/airflow/dags/flight-pipeline.py took 2.677 seconds
[2026-05-03T00:11:53.980+0000] {processor.py:161} INFO - Started process (PID=12773) to work on /opt/airflow/dags/flight-pipeline.py
[2026-05-03T00:11:53.981+0000] {processor.py:830} INFO - Processing file /opt/airflow/dags/flight-pipeline.py for tasks to queue
[2026-05-03T00:11:53.983+0000] {logging_mixin.py:188} INFO - [2026-05-03T00:11:53.982+0000] {dagbag.py:545} INFO - Filling up the DagBag from /opt/airflow/dags/flight-pipeline.py
[2026-05-03T00:11:54.780+0000] {processor.py:840} INFO - DAG(s) 'flights_ops_medallion_pipe' retrieved from /opt/airflow/dags/flight-pipeline.py
[2026-05-03T00:11:54.835+0000] {logging_mixin.py:188} INFO - [2026-05-03T00:11:54.834+0000] {dag.py:3089} INFO - Sync 1 DAGs
[2026-05-03T00:11:54.876+0000] {logging_mixin.py:188} INFO - [2026-05-03T00:11:54.876+0000] {dag.py:3947} INFO - Setting next_dagrun for flights_ops_medallion_pipe to 2026-05-03 00:00:00+00:00, run_after=2026-05-03 00:30:00+00:00
[2026-05-03T00:11:54.899+0000] {processor.py:183} INFO - Processing /opt/airflow/dags/flight-pipeline.py took 0.936 seconds
[2026-05-03T00:12:25.160+0000] {processor.py:161} INFO - Started process (PID=12776) to work on /opt/airflow/dags/flight-pipeline.py
[2026-05-03T00:12:25.162+0000] {processor.py:830} INFO - Processing file /opt/airflow/dags/flight-pipeline.py for tasks to queue
[2026-05-03T00:12:25.164+0000] {logging_mixin.py:188} INFO - [2026-05-03T00:12:25.163+0000] {dagbag.py:545} INFO - Filling up the DagBag from /opt/airflow/dags/flight-pipeline.py
[2026-05-03T00:12:25.946+0000] {processor.py:840} INFO - DAG(s) 'flights_ops_medallion_pipe' retrieved from /opt/airflow/dags/flight-pipeline.py
[2026-05-03T00:12:25.991+0000] {logging_mixin.py:188} INFO - [2026-05-03T00:12:25.991+0000] {dag.py:3089} INFO - Sync 1 DAGs
[2026-05-03T00:12:26.018+0000] {logging_mixin.py:188} INFO - [2026-05-03T00:12:26.018+0000] {dag.py:3947} INFO - Setting next_dagrun for flights_ops_medallion_pipe to 2026-05-03 00:00:00+00:00, run_after=2026-05-03 00:30:00+00:00
[2026-05-03T00:12:26.038+0000] {processor.py:183} INFO - Processing /opt/airflow/dags/flight-pipeline.py took 0.888 seconds
[2026-05-03T00:12:56.298+0000] {processor.py:161} INFO - Started process (PID=12779) to work on /opt/airflow/dags/flight-pipeline.py
[2026-05-03T00:12:56.300+0000] {processor.py:830} INFO - Processing file /opt/airflow/dags/flight-pipeline.py for tasks to queue
[2026-05-03T00:12:56.302+0000] {logging_mixin.py:188} INFO - [2026-05-03T00:12:56.301+0000] {dagbag.py:545} INFO - Filling up the DagBag from /opt/airflow/dags/flight-pipeline.py
[2026-05-03T00:12:57.064+0000] {processor.py:840} INFO - DAG(s) 'flights_ops_medallion_pipe' retrieved from /opt/airflow/dags/flight-pipeline.py
[2026-05-03T00:12:57.100+0000] {logging_mixin.py:188} INFO - [2026-05-03T00:12:57.099+0000] {dag.py:3089} INFO - Sync 1 DAGs
[2026-05-03T00:12:57.127+0000] {logging_mixin.py:188} INFO - [2026-05-03T00:12:57.126+0000] {dag.py:3947} INFO - Setting next_dagrun for flights_ops_medallion_pipe to 2026-05-03 00:00:00+00:00, run_after=2026-05-03 00:30:00+00:00
[2026-05-03T00:12:57.146+0000] {processor.py:183} INFO - Processing /opt/airflow/dags/flight-pipeline.py took 0.858 seconds
[2026-05-03T00:13:27.402+0000] {processor.py:161} INFO - Started process (PID=12782) to work on /opt/airflow/dags/flight-pipeline.py
[2026-05-03T00:13:27.404+0000] {processor.py:830} INFO - Processing file /opt/airflow/dags/flight-pipeline.py for tasks to queue
[2026-05-03T00:13:27.405+0000] {logging_mixin.py:188} INFO - [2026-05-03T00:13:27.405+0000] {dagbag.py:545} INFO - Filling up the DagBag from /opt/airflow/dags/flight-pipeline.py
[2026-05-03T00:13:28.161+0000] {processor.py:840} INFO - DAG(s) 'flights_ops_medallion_pipe' retrieved from /opt/airflow/dags/flight-pipeline.py
[2026-05-03T00:13:28.197+0000] {logging_mixin.py:188} INFO - [2026-05-03T00:13:28.196+0000] {dag.py:3089} INFO - Sync 1 DAGs
[2026-05-03T00:13:28.229+0000] {logging_mixin.py:188} INFO - [2026-05-03T00:13:28.229+0000] {dag.py:3947} INFO - Setting next_dagrun for flights_ops_medallion_pipe to 2026-05-03 00:00:00+00:00, run_after=2026-05-03 00:30:00+00:00
[2026-05-03T00:13:28.249+0000] {processor.py:183} INFO - Processing /opt/airflow/dags/flight-pipeline.py took 0.856 seconds
[2026-05-03T00:13:58.862+0000] {processor.py:161} INFO - Started process (PID=12785) to work on /opt/airflow/dags/flight-pipeline.py
[2026-05-03T00:13:58.873+0000] {processor.py:830} INFO - Processing file /opt/airflow/dags/flight-pipeline.py for tasks to queue
[2026-05-03T00:13:58.875+0000] {logging_mixin.py:188} INFO - [2026-05-03T00:13:58.874+0000] {dagbag.py:545} INFO - Filling up the DagBag from /opt/airflow/dags/flight-pipeline.py
[2026-05-03T00:14:03.755+0000] {processor.py:840} INFO - DAG(s) 'flights_ops_medallion_pipe' retrieved from /opt/airflow/dags/flight-pipeline.py
[2026-05-03T00:14:04.096+0000] {logging_mixin.py:188} INFO - [2026-05-03T00:14:04.093+0000] {dag.py:3089} INFO - Sync 1 DAGs
[2026-05-03T00:14:04.327+0000] {logging_mixin.py:188} INFO - [2026-05-03T00:14:04.326+0000] {dag.py:3947} INFO - Setting next_dagrun for flights_ops_medallion_pipe to 2026-05-03 00:00:00+00:00, run_after=2026-05-03 00:30:00+00:00
[2026-05-03T00:14:04.450+0000] {processor.py:183} INFO - Processing /opt/airflow/dags/flight-pipeline.py took 5.609 seconds
[2026-05-03T00:14:34.786+0000] {processor.py:161} INFO - Started process (PID=12788) to work on /opt/airflow/dags/flight-pipeline.py
[2026-05-03T00:14:34.788+0000] {processor.py:830} INFO - Processing file /opt/airflow/dags/flight-pipeline.py for tasks to queue
[2026-05-03T00:14:34.789+0000] {logging_mixin.py:188} INFO - [2026-05-03T00:14:34.789+0000] {dagbag.py:545} INFO - Filling up the DagBag from /opt/airflow/dags/flight-pipeline.py
[2026-05-03T00:14:35.545+0000] {processor.py:840} INFO - DAG(s) 'flights_ops_medallion_pipe' retrieved from /opt/airflow/dags/flight-pipeline.py
[2026-05-03T00:14:35.582+0000] {logging_mixin.py:188} INFO - [2026-05-03T00:14:35.581+0000] {dag.py:3089} INFO - Sync 1 DAGs
[2026-05-03T00:14:35.613+0000] {logging_mixin.py:188} INFO - [2026-05-03T00:14:35.612+0000] {dag.py:3947} INFO - Setting next_dagrun for flights_ops_medallion_pipe to 2026-05-03 00:00:00+00:00, run_after=2026-05-03 00:30:00+00:00
[2026-05-03T00:14:35.636+0000] {processor.py:183} INFO - Processing /opt/airflow/dags/flight-pipeline.py took 0.861 seconds
[2026-05-03T00:15:06.899+0000] {processor.py:161} INFO - Started process (PID=12791) to work on /opt/airflow/dags/flight-pipeline.py
[2026-05-03T00:15:06.905+0000] {processor.py:830} INFO - Processing file /opt/airflow/dags/flight-pipeline.py for tasks to queue
[2026-05-03T00:15:06.919+0000] {logging_mixin.py:188} INFO - [2026-05-03T00:15:06.911+0000] {dagbag.py:545} INFO - Filling up the DagBag from /opt/airflow/dags/flight-pipeline.py
[2026-05-03T00:15:08.508+0000] {processor.py:840} INFO - DAG(s) 'flights_ops_medallion_pipe' retrieved from /opt/airflow/dags/flight-pipeline.py
[2026-05-03T00:15:08.618+0000] {logging_mixin.py:188} INFO - [2026-05-03T00:15:08.618+0000] {dag.py:3089} INFO - Sync 1 DAGs
[2026-05-03T00:15:08.760+0000] {logging_mixin.py:188} INFO - [2026-05-03T00:15:08.760+0000] {dag.py:3947} INFO - Setting next_dagrun for flights_ops_medallion_pipe to 2026-05-03 00:00:00+00:00, run_after=2026-05-03 00:30:00+00:00
[2026-05-03T00:15:08.821+0000] {processor.py:183} INFO - Processing /opt/airflow/dags/flight-pipeline.py took 2.056 seconds
[2026-05-03T00:15:39.171+0000] {processor.py:161} INFO - Started process (PID=12794) to work on /opt/airflow/dags/flight-pipeline.py
[2026-05-03T00:15:39.174+0000] {processor.py:830} INFO - Processing file /opt/airflow/dags/flight-pipeline.py for tasks to queue
[2026-05-03T00:15:39.175+0000] {logging_mixin.py:188} INFO - [2026-05-03T00:15:39.175+0000] {dagbag.py:545} INFO - Filling up the DagBag from /opt/airflow/dags/flight-pipeline.py
[2026-05-03T00:15:39.926+0000] {processor.py:840} INFO - DAG(s) 'flights_ops_medallion_pipe' retrieved from /opt/airflow/dags/flight-pipeline.py
[2026-05-03T00:15:39.962+0000] {logging_mixin.py:188} INFO - [2026-05-03T00:15:39.961+0000] {dag.py:3089} INFO - Sync 1 DAGs
[2026-05-03T00:15:40.021+0000] {logging_mixin.py:188} INFO - [2026-05-03T00:15:40.020+0000] {dag.py:3947} INFO - Setting next_dagrun for flights_ops_medallion_pipe to 2026-05-03 00:00:00+00:00, run_after=2026-05-03 00:30:00+00:00
[2026-05-03T00:15:40.053+0000] {processor.py:183} INFO - Processing /opt/airflow/dags/flight-pipeline.py took 0.890 seconds
[2026-05-03T00:16:10.309+0000] {processor.py:161} INFO - Started process (PID=12797) to work on /opt/airflow/dags/flight-pipeline.py
[2026-05-03T00:16:10.311+0000] {processor.py:830} INFO - Processing file /opt/airflow/dags/flight-pipeline.py for tasks to queue
[2026-05-03T00:16:10.315+0000] {logging_mixin.py:188} INFO - [2026-05-03T00:16:10.312+0000] {dagbag.py:545} INFO - Filling up the DagBag from /opt/airflow/dags/flight-pipeline.py
[2026-05-03T00:16:11.321+0000] {processor.py:840} INFO - DAG(s) 'flights_ops_medallion_pipe' retrieved from /opt/airflow/dags/flight-pipeline.py
[2026-05-03T00:16:11.385+0000] {logging_mixin.py:188} INFO - [2026-05-03T00:16:11.385+0000] {dag.py:3089} INFO - Sync 1 DAGs
[2026-05-03T00:16:11.460+0000] {logging_mixin.py:188} INFO - [2026-05-03T00:16:11.460+0000] {dag.py:3947} INFO - Setting next_dagrun for flights_ops_medallion_pipe to 2026-05-03 00:00:00+00:00, run_after=2026-05-03 00:30:00+00:00
[2026-05-03T00:16:11.504+0000] {processor.py:183} INFO - Processing /opt/airflow/dags/flight-pipeline.py took 1.206 seconds
[2026-05-03T00:16:41.594+0000] {processor.py:161} INFO - Started process (PID=12800) to work on /opt/airflow/dags/flight-pipeline.py
[2026-05-03T00:16:41.596+0000] {processor.py:830} INFO - Processing file /opt/airflow/dags/flight-pipeline.py for tasks to queue
[2026-05-03T00:16:41.598+0000] {logging_mixin.py:188} INFO - [2026-05-03T00:16:41.597+0000] {dagbag.py:545} INFO - Filling up the DagBag from /opt/airflow/dags/flight-pipeline.py
[2026-05-03T00:16:42.514+0000] {processor.py:840} INFO - DAG(s) 'flights_ops_medallion_pipe' retrieved from /opt/airflow/dags/flight-pipeline.py
[2026-05-03T00:16:42.566+0000] {logging_mixin.py:188} INFO - [2026-05-03T00:16:42.565+0000] {dag.py:3089} INFO - Sync 1 DAGs
[2026-05-03T00:16:42.597+0000] {logging_mixin.py:188} INFO - [2026-05-03T00:16:42.597+0000] {dag.py:3947} INFO - Setting next_dagrun for flights_ops_medallion_pipe to 2026-05-03 00:00:00+00:00, run_after=2026-05-03 00:30:00+00:00
[2026-05-03T00:16:42.628+0000] {processor.py:183} INFO - Processing /opt/airflow/dags/flight-pipeline.py took 1.044 seconds
[2026-05-03T00:17:12.818+0000] {processor.py:161} INFO - Started process (PID=12803) to work on /opt/airflow/dags/flight-pipeline.py
[2026-05-03T00:17:12.819+0000] {processor.py:830} INFO - Processing file /opt/airflow/dags/flight-pipeline.py for tasks to queue
[2026-05-03T00:17:12.820+0000] {logging_mixin.py:188} INFO - [2026-05-03T00:17:12.820+0000] {dagbag.py:545} INFO - Filling up the DagBag from /opt/airflow/dags/flight-pipeline.py
[2026-05-03T00:17:13.533+0000] {processor.py:840} INFO - DAG(s) 'flights_ops_medallion_pipe' retrieved from /opt/airflow/dags/flight-pipeline.py
[2026-05-03T00:17:13.575+0000] {logging_mixin.py:188} INFO - [2026-05-03T00:17:13.574+0000] {dag.py:3089} INFO - Sync 1 DAGs
[2026-05-03T00:17:13.634+0000] {logging_mixin.py:188} INFO - [2026-05-03T00:17:13.633+0000] {dag.py:3947} INFO - Setting next_dagrun for flights_ops_medallion_pipe to 2026-05-03 00:00:00+00:00, run_after=2026-05-03 00:30:00+00:00
[2026-05-03T00:17:13.671+0000] {processor.py:183} INFO - Processing /opt/airflow/dags/flight-pipeline.py took 0.860 seconds
[2026-05-03T00:17:43.914+0000] {processor.py:161} INFO - Started process (PID=12806) to work on /opt/airflow/dags/flight-pipeline.py
[2026-05-03T00:17:43.917+0000] {processor.py:830} INFO - Processing file /opt/airflow/dags/flight-pipeline.py for tasks to queue
[2026-05-03T00:17:43.920+0000] {logging_mixin.py:188} INFO - [2026-05-03T00:17:43.920+0000] {dagbag.py:545} INFO - Filling up the DagBag from /opt/airflow/dags/flight-pipeline.py
[2026-05-03T00:17:44.774+0000] {processor.py:840} INFO - DAG(s) 'flights_ops_medallion_pipe' retrieved from /opt/airflow/dags/flight-pipeline.py
[2026-05-03T00:17:44.809+0000] {logging_mixin.py:188} INFO - [2026-05-03T00:17:44.809+0000] {dag.py:3089} INFO - Sync 1 DAGs
[2026-05-03T00:17:44.835+0000] {logging_mixin.py:188} INFO - [2026-05-03T00:17:44.835+0000] {dag.py:3947} INFO - Setting next_dagrun for flights_ops_medallion_pipe to 2026-05-03 00:00:00+00:00, run_after=2026-05-03 00:30:00+00:00
[2026-05-03T00:17:44.856+0000] {processor.py:183} INFO - Processing /opt/airflow/dags/flight-pipeline.py took 0.951 seconds
[2026-05-03T00:18:15.115+0000] {processor.py:161} INFO - Started process (PID=12809) to work on /opt/airflow/dags/flight-pipeline.py
[2026-05-03T00:18:15.116+0000] {processor.py:830} INFO - Processing file /opt/airflow/dags/flight-pipeline.py for tasks to queue
[2026-05-03T00:18:15.117+0000] {logging_mixin.py:188} INFO - [2026-05-03T00:18:15.117+0000] {dagbag.py:545} INFO - Filling up the DagBag from /opt/airflow/dags/flight-pipeline.py
[2026-05-03T00:18:15.884+0000] {processor.py:840} INFO - DAG(s) 'flights_ops_medallion_pipe' retrieved from /opt/airflow/dags/flight-pipeline.py
[2026-05-03T00:18:15.919+0000] {logging_mixin.py:188} INFO - [2026-05-03T00:18:15.919+0000] {dag.py:3089} INFO - Sync 1 DAGs
[2026-05-03T00:18:15.944+0000] {logging_mixin.py:188} INFO - [2026-05-03T00:18:15.944+0000] {dag.py:3947} INFO - Setting next_dagrun for flights_ops_medallion_pipe to 2026-05-03 00:00:00+00:00, run_after=2026-05-03 00:30:00+00:00
[2026-05-03T00:18:15.968+0000] {processor.py:183} INFO - Processing /opt/airflow/dags/flight-pipeline.py took 0.862 seconds
[2026-05-03T00:18:46.225+0000] {processor.py:161} INFO - Started process (PID=12812) to work on /opt/airflow/dags/flight-pipeline.py
[2026-05-03T00:18:46.226+0000] {processor.py:830} INFO - Processing file /opt/airflow/dags/flight-pipeline.py for tasks to queue
[2026-05-03T00:18:46.228+0000] {logging_mixin.py:188} INFO - [2026-05-03T00:18:46.227+0000] {dagbag.py:545} INFO - Filling up the DagBag from /opt/airflow/dags/flight-pipeline.py
[2026-05-03T00:18:46.974+0000] {processor.py:840} INFO - DAG(s) 'flights_ops_medallion_pipe' retrieved from /opt/airflow/dags/flight-pipeline.py
[2026-05-03T00:18:47.015+0000] {logging_mixin.py:188} INFO - [2026-05-03T00:18:47.014+0000] {dag.py:3089} INFO - Sync 1 DAGs
[2026-05-03T00:18:47.042+0000] {logging_mixin.py:188} INFO - [2026-05-03T00:18:47.042+0000] {dag.py:3947} INFO - Setting next_dagrun for flights_ops_medallion_pipe to 2026-05-03 00:00:00+00:00, run_after=2026-05-03 00:30:00+00:00
[2026-05-03T00:18:47.063+0000] {processor.py:183} INFO - Processing /opt/airflow/dags/flight-pipeline.py took 0.847 seconds
[2026-05-03T00:19:17.309+0000] {processor.py:161} INFO - Started process (PID=12815) to work on /opt/airflow/dags/flight-pipeline.py
[2026-05-03T00:19:17.311+0000] {processor.py:830} INFO - Processing file /opt/airflow/dags/flight-pipeline.py for tasks to queue
[2026-05-03T00:19:17.312+0000] {logging_mixin.py:188} INFO - [2026-05-03T00:19:17.312+0000] {dagbag.py:545} INFO - Filling up the DagBag from /opt/airflow/dags/flight-pipeline.py
[2026-05-03T00:19:18.064+0000] {processor.py:840} INFO - DAG(s) 'flights_ops_medallion_pipe' retrieved from /opt/airflow/dags/flight-pipeline.py
[2026-05-03T00:19:18.104+0000] {logging_mixin.py:188} INFO - [2026-05-03T00:19:18.103+0000] {dag.py:3089} INFO - Sync 1 DAGs
[2026-05-03T00:19:18.130+0000] {logging_mixin.py:188} INFO - [2026-05-03T00:19:18.130+0000] {dag.py:3947} INFO - Setting next_dagrun for flights_ops_medallion_pipe to 2026-05-03 00:00:00+00:00, run_after=2026-05-03 00:30:00+00:00
[2026-05-03T00:19:18.150+0000] {processor.py:183} INFO - Processing /opt/airflow/dags/flight-pipeline.py took 0.849 seconds
[2026-05-03T00:19:48.371+0000] {processor.py:161} INFO - Started process (PID=12818) to work on /opt/airflow/dags/flight-pipeline.py
[2026-05-03T00:19:48.373+0000] {processor.py:830} INFO - Processing file /opt/airflow/dags/flight-pipeline.py for tasks to queue
[2026-05-03T00:19:48.374+0000] {logging_mixin.py:188} INFO - [2026-05-03T00:19:48.374+0000] {dagbag.py:545} INFO - Filling up the DagBag from /opt/airflow/dags/flight-pipeline.py
[2026-05-03T00:19:49.107+0000] {processor.py:840} INFO - DAG(s) 'flights_ops_medallion_pipe' retrieved from /opt/airflow/dags/flight-pipeline.py
[2026-05-03T00:19:49.143+0000] {logging_mixin.py:188} INFO - [2026-05-03T00:19:49.142+0000] {dag.py:3089} INFO - Sync 1 DAGs
[2026-05-03T00:19:49.167+0000] {logging_mixin.py:188} INFO - [2026-05-03T00:19:49.167+0000] {dag.py:3947} INFO - Setting next_dagrun for flights_ops_medallion_pipe to 2026-05-03 00:00:00+00:00, run_after=2026-05-03 00:30:00+00:00
[2026-05-03T00:19:49.186+0000] {processor.py:183} INFO - Processing /opt/airflow/dags/flight-pipeline.py took 0.824 seconds
[2026-05-03T00:20:19.417+0000] {processor.py:161} INFO - Started process (PID=12821) to work on /opt/airflow/dags/flight-pipeline.py
[2026-05-03T00:20:19.419+0000] {processor.py:830} INFO - Processing file /opt/airflow/dags/flight-pipeline.py for tasks to queue
[2026-05-03T00:20:19.420+0000] {logging_mixin.py:188} INFO - [2026-05-03T00:20:19.420+0000] {dagbag.py:545} INFO - Filling up the DagBag from /opt/airflow/dags/flight-pipeline.py
[2026-05-03T00:20:20.163+0000] {processor.py:840} INFO - DAG(s) 'flights_ops_medallion_pipe' retrieved from /opt/airflow/dags/flight-pipeline.py
[2026-05-03T00:20:20.200+0000] {logging_mixin.py:188} INFO - [2026-05-03T00:20:20.199+0000] {dag.py:3089} INFO - Sync 1 DAGs
[2026-05-03T00:20:20.228+0000] {logging_mixin.py:188} INFO - [2026-05-03T00:20:20.227+0000] {dag.py:3947} INFO - Setting next_dagrun for flights_ops_medallion_pipe to 2026-05-03 00:00:00+00:00, run_after=2026-05-03 00:30:00+00:00
[2026-05-03T00:20:20.248+0000] {processor.py:183} INFO - Processing /opt/airflow/dags/flight-pipeline.py took 0.840 seconds
[2026-05-03T00:20:50.304+0000] {processor.py:161} INFO - Started process (PID=12824) to work on /opt/airflow/dags/flight-pipeline.py
[2026-05-03T00:20:50.305+0000] {processor.py:830} INFO - Processing file /opt/airflow/dags/flight-pipeline.py for tasks to queue
[2026-05-03T00:20:50.306+0000] {logging_mixin.py:188} INFO - [2026-05-03T00:20:50.306+0000] {dagbag.py:545} INFO - Filling up the DagBag from /opt/airflow/dags/flight-pipeline.py
[2026-05-03T00:20:51.035+0000] {processor.py:840} INFO - DAG(s) 'flights_ops_medallion_pipe' retrieved from /opt/airflow/dags/flight-pipeline.py
[2026-05-03T00:20:51.071+0000] {logging_mixin.py:188} INFO - [2026-05-03T00:20:51.070+0000] {dag.py:3089} INFO - Sync 1 DAGs
[2026-05-03T00:20:51.103+0000] {logging_mixin.py:188} INFO - [2026-05-03T00:20:51.103+0000] {dag.py:3947} INFO - Setting next_dagrun for flights_ops_medallion_pipe to 2026-05-03 00:00:00+00:00, run_after=2026-05-03 00:30:00+00:00
[2026-05-03T00:20:51.171+0000] {processor.py:183} INFO - Processing /opt/airflow/dags/flight-pipeline.py took 0.876 seconds
[2026-05-03T00:21:21.399+0000] {processor.py:161} INFO - Started process (PID=12827) to work on /opt/airflow/dags/flight-pipeline.py
[2026-05-03T00:21:21.408+0000] {processor.py:830} INFO - Processing file /opt/airflow/dags/flight-pipeline.py for tasks to queue
[2026-05-03T00:21:21.421+0000] {logging_mixin.py:188} INFO - [2026-05-03T00:21:21.412+0000] {dagbag.py:545} INFO - Filling up the DagBag from /opt/airflow/dags/flight-pipeline.py
[2026-05-03T00:21:22.350+0000] {processor.py:840} INFO - DAG(s) 'flights_ops_medallion_pipe' retrieved from /opt/airflow/dags/flight-pipeline.py
[2026-05-03T00:21:22.384+0000] {logging_mixin.py:188} INFO - [2026-05-03T00:21:22.384+0000] {dag.py:3089} INFO - Sync 1 DAGs
[2026-05-03T00:21:22.413+0000] {logging_mixin.py:188} INFO - [2026-05-03T00:21:22.413+0000] {dag.py:3947} INFO - Setting next_dagrun for flights_ops_medallion_pipe to 2026-05-03 00:00:00+00:00, run_after=2026-05-03 00:30:00+00:00
[2026-05-03T00:21:22.431+0000] {processor.py:183} INFO - Processing /opt/airflow/dags/flight-pipeline.py took 1.041 seconds
[2026-05-03T00:21:52.613+0000] {processor.py:161} INFO - Started process (PID=12830) to work on /opt/airflow/dags/flight-pipeline.py
[2026-05-03T00:21:52.615+0000] {processor.py:830} INFO - Processing file /opt/airflow/dags/flight-pipeline.py for tasks to queue
[2026-05-03T00:21:52.616+0000] {logging_mixin.py:188} INFO - [2026-05-03T00:21:52.616+0000] {dagbag.py:545} INFO - Filling up the DagBag from /opt/airflow/dags/flight-pipeline.py
[2026-05-03T00:21:53.735+0000] {processor.py:840} INFO - DAG(s) 'flights_ops_medallion_pipe' retrieved from /opt/airflow/dags/flight-pipeline.py
[2026-05-03T00:21:53.924+0000] {logging_mixin.py:188} INFO - [2026-05-03T00:21:53.923+0000] {dag.py:3089} INFO - Sync 1 DAGs
[2026-05-03T00:21:54.043+0000] {logging_mixin.py:188} INFO - [2026-05-03T00:21:54.041+0000] {dag.py:3947} INFO - Setting next_dagrun for flights_ops_medallion_pipe to 2026-05-03 00:00:00+00:00, run_after=2026-05-03 00:30:00+00:00
[2026-05-03T00:21:54.109+0000] {processor.py:183} INFO - Processing /opt/airflow/dags/flight-pipeline.py took 1.505 seconds
[2026-05-03T00:22:24.341+0000] {processor.py:161} INFO - Started process (PID=12833) to work on /opt/airflow/dags/flight-pipeline.py
[2026-05-03T00:22:24.346+0000] {processor.py:830} INFO - Processing file /opt/airflow/dags/flight-pipeline.py for tasks to queue
[2026-05-03T00:22:24.347+0000] {logging_mixin.py:188} INFO - [2026-05-03T00:22:24.347+0000] {dagbag.py:545} INFO - Filling up the DagBag from /opt/airflow/dags/flight-pipeline.py
[2026-05-03T00:22:25.203+0000] {processor.py:840} INFO - DAG(s) 'flights_ops_medallion_pipe' retrieved from /opt/airflow/dags/flight-pipeline.py
[2026-05-03T00:22:25.242+0000] {logging_mixin.py:188} INFO - [2026-05-03T00:22:25.241+0000] {dag.py:3089} INFO - Sync 1 DAGs
[2026-05-03T00:22:25.268+0000] {logging_mixin.py:188} INFO - [2026-05-03T00:22:25.268+0000] {dag.py:3947} INFO - Setting next_dagrun for flights_ops_medallion_pipe to 2026-05-03 00:00:00+00:00, run_after=2026-05-03 00:30:00+00:00
[2026-05-03T00:22:25.291+0000] {processor.py:183} INFO - Processing /opt/airflow/dags/flight-pipeline.py took 0.959 seconds
[2026-05-03T00:22:55.531+0000] {processor.py:161} INFO - Started process (PID=12836) to work on /opt/airflow/dags/flight-pipeline.py
[2026-05-03T00:22:55.532+0000] {processor.py:830} INFO - Processing file /opt/airflow/dags/flight-pipeline.py for tasks to queue
[2026-05-03T00:22:55.533+0000] {logging_mixin.py:188} INFO - [2026-05-03T00:22:55.533+0000] {dagbag.py:545} INFO - Filling up the DagBag from /opt/airflow/dags/flight-pipeline.py
[2026-05-03T00:22:56.303+0000] {processor.py:840} INFO - DAG(s) 'flights_ops_medallion_pipe' retrieved from /opt/airflow/dags/flight-pipeline.py
[2026-05-03T00:22:56.352+0000] {logging_mixin.py:188} INFO - [2026-05-03T00:22:56.352+0000] {dag.py:3089} INFO - Sync 1 DAGs
[2026-05-03T00:22:56.396+0000] {logging_mixin.py:188} INFO - [2026-05-03T00:22:56.395+0000] {dag.py:3947} INFO - Setting next_dagrun for flights_ops_medallion_pipe to 2026-05-03 00:00:00+00:00, run_after=2026-05-03 00:30:00+00:00
[2026-05-03T00:22:56.425+0000] {processor.py:183} INFO - Processing /opt/airflow/dags/flight-pipeline.py took 0.904 seconds
[2026-05-03T00:23:26.669+0000] {processor.py:161} INFO - Started process (PID=12839) to work on /opt/airflow/dags/flight-pipeline.py
[2026-05-03T00:23:26.670+0000] {processor.py:830} INFO - Processing file /opt/airflow/dags/flight-pipeline.py for tasks to queue
[2026-05-03T00:23:26.672+0000] {logging_mixin.py:188} INFO - [2026-05-03T00:23:26.671+0000] {dagbag.py:545} INFO - Filling up the DagBag from /opt/airflow/dags/flight-pipeline.py
[2026-05-03T00:23:27.435+0000] {processor.py:840} INFO - DAG(s) 'flights_ops_medallion_pipe' retrieved from /opt/airflow/dags/flight-pipeline.py
[2026-05-03T00:23:27.467+0000] {logging_mixin.py:188} INFO - [2026-05-03T00:23:27.467+0000] {dag.py:3089} INFO - Sync 1 DAGs
[2026-05-03T00:23:27.491+0000] {logging_mixin.py:188} INFO - [2026-05-03T00:23:27.491+0000] {dag.py:3947} INFO - Setting next_dagrun for flights_ops_medallion_pipe to 2026-05-03 00:00:00+00:00, run_after=2026-05-03 00:30:00+00:00
[2026-05-03T00:23:27.511+0000] {processor.py:183} INFO - Processing /opt/airflow/dags/flight-pipeline.py took 0.850 seconds
[2026-05-03T00:23:57.726+0000] {processor.py:161} INFO - Started process (PID=12842) to work on /opt/airflow/dags/flight-pipeline.py
[2026-05-03T00:23:57.727+0000] {processor.py:830} INFO - Processing file /opt/airflow/dags/flight-pipeline.py for tasks to queue
[2026-05-03T00:23:57.728+0000] {logging_mixin.py:188} INFO - [2026-05-03T00:23:57.728+0000] {dagbag.py:545} INFO - Filling up the DagBag from /opt/airflow/dags/flight-pipeline.py
[2026-05-03T00:23:58.488+0000] {processor.py:840} INFO - DAG(s) 'flights_ops_medallion_pipe' retrieved from /opt/airflow/dags/flight-pipeline.py
[2026-05-03T00:23:58.523+0000] {logging_mixin.py:188} INFO - [2026-05-03T00:23:58.522+0000] {dag.py:3089} INFO - Sync 1 DAGs
[2026-05-03T00:23:58.547+0000] {logging_mixin.py:188} INFO - [2026-05-03T00:23:58.546+0000] {dag.py:3947} INFO - Setting next_dagrun for flights_ops_medallion_pipe to 2026-05-03 00:00:00+00:00, run_after=2026-05-03 00:30:00+00:00
[2026-05-03T00:23:58.567+0000] {processor.py:183} INFO - Processing /opt/airflow/dags/flight-pipeline.py took 0.850 seconds
[2026-05-03T00:24:28.758+0000] {processor.py:161} INFO - Started process (PID=12845) to work on /opt/airflow/dags/flight-pipeline.py
[2026-05-03T00:24:28.760+0000] {processor.py:830} INFO - Processing file /opt/airflow/dags/flight-pipeline.py for tasks to queue
[2026-05-03T00:24:28.762+0000] {logging_mixin.py:188} INFO - [2026-05-03T00:24:28.761+0000] {dagbag.py:545} INFO - Filling up the DagBag from /opt/airflow/dags/flight-pipeline.py
[2026-05-03T00:24:29.479+0000] {processor.py:840} INFO - DAG(s) 'flights_ops_medallion_pipe' retrieved from /opt/airflow/dags/flight-pipeline.py
[2026-05-03T00:24:29.514+0000] {logging_mixin.py:188} INFO - [2026-05-03T00:24:29.514+0000] {dag.py:3089} INFO - Sync 1 DAGs
[2026-05-03T00:24:29.544+0000] {logging_mixin.py:188} INFO - [2026-05-03T00:24:29.544+0000] {dag.py:3947} INFO - Setting next_dagrun for flights_ops_medallion_pipe to 2026-05-03 00:00:00+00:00, run_after=2026-05-03 00:30:00+00:00
[2026-05-03T00:24:29.564+0000] {processor.py:183} INFO - Processing /opt/airflow/dags/flight-pipeline.py took 0.815 seconds
[2026-05-03T00:24:59.826+0000] {processor.py:161} INFO - Started process (PID=12848) to work on /opt/airflow/dags/flight-pipeline.py
[2026-05-03T00:24:59.829+0000] {processor.py:830} INFO - Processing file /opt/airflow/dags/flight-pipeline.py for tasks to queue
[2026-05-03T00:24:59.831+0000] {logging_mixin.py:188} INFO - [2026-05-03T00:24:59.831+0000] {dagbag.py:545} INFO - Filling up the DagBag from /opt/airflow/dags/flight-pipeline.py
[2026-05-03T00:25:00.565+0000] {processor.py:840} INFO - DAG(s) 'flights_ops_medallion_pipe' retrieved from /opt/airflow/dags/flight-pipeline.py
[2026-05-03T00:25:00.600+0000] {logging_mixin.py:188} INFO - [2026-05-03T00:25:00.600+0000] {dag.py:3089} INFO - Sync 1 DAGs
[2026-05-03T00:25:00.626+0000] {logging_mixin.py:188} INFO - [2026-05-03T00:25:00.625+0000] {dag.py:3947} INFO - Setting next_dagrun for flights_ops_medallion_pipe to 2026-05-03 00:00:00+00:00, run_after=2026-05-03 00:30:00+00:00
[2026-05-03T00:25:00.645+0000] {processor.py:183} INFO - Processing /opt/airflow/dags/flight-pipeline.py took 0.829 seconds
[2026-05-03T00:25:30.924+0000] {processor.py:161} INFO - Started process (PID=12851) to work on /opt/airflow/dags/flight-pipeline.py
[2026-05-03T00:25:30.926+0000] {processor.py:830} INFO - Processing file /opt/airflow/dags/flight-pipeline.py for tasks to queue
[2026-05-03T00:25:30.927+0000] {logging_mixin.py:188} INFO - [2026-05-03T00:25:30.926+0000] {dagbag.py:545} INFO - Filling up the DagBag from /opt/airflow/dags/flight-pipeline.py
[2026-05-03T00:25:31.667+0000] {processor.py:840} INFO - DAG(s) 'flights_ops_medallion_pipe' retrieved from /opt/airflow/dags/flight-pipeline.py
[2026-05-03T00:25:31.709+0000] {logging_mixin.py:188} INFO - [2026-05-03T00:25:31.708+0000] {dag.py:3089} INFO - Sync 1 DAGs
[2026-05-03T00:25:31.736+0000] {logging_mixin.py:188} INFO - [2026-05-03T00:25:31.735+0000] {dag.py:3947} INFO - Setting next_dagrun for flights_ops_medallion_pipe to 2026-05-03 00:00:00+00:00, run_after=2026-05-03 00:30:00+00:00
[2026-05-03T00:25:31.757+0000] {processor.py:183} INFO - Processing /opt/airflow/dags/flight-pipeline.py took 0.841 seconds
[2026-05-03T00:26:02.020+0000] {processor.py:161} INFO - Started process (PID=12854) to work on /opt/airflow/dags/flight-pipeline.py
[2026-05-03T00:26:02.021+0000] {processor.py:830} INFO - Processing file /opt/airflow/dags/flight-pipeline.py for tasks to queue
[2026-05-03T00:26:02.022+0000] {logging_mixin.py:188} INFO - [2026-05-03T00:26:02.022+0000] {dagbag.py:545} INFO - Filling up the DagBag from /opt/airflow/dags/flight-pipeline.py
[2026-05-03T00:26:02.778+0000] {processor.py:840} INFO - DAG(s) 'flights_ops_medallion_pipe' retrieved from /opt/airflow/dags/flight-pipeline.py
[2026-05-03T00:26:02.814+0000] {logging_mixin.py:188} INFO - [2026-05-03T00:26:02.814+0000] {dag.py:3089} INFO - Sync 1 DAGs
[2026-05-03T00:26:02.838+0000] {logging_mixin.py:188} INFO - [2026-05-03T00:26:02.838+0000] {dag.py:3947} INFO - Setting next_dagrun for flights_ops_medallion_pipe to 2026-05-03 00:00:00+00:00, run_after=2026-05-03 00:30:00+00:00
[2026-05-03T00:26:02.859+0000] {processor.py:183} INFO - Processing /opt/airflow/dags/flight-pipeline.py took 0.848 seconds
[2026-05-03T00:26:33.122+0000] {processor.py:161} INFO - Started process (PID=12857) to work on /opt/airflow/dags/flight-pipeline.py
[2026-05-03T00:26:33.123+0000] {processor.py:830} INFO - Processing file /opt/airflow/dags/flight-pipeline.py for tasks to queue
[2026-05-03T00:26:33.124+0000] {logging_mixin.py:188} INFO - [2026-05-03T00:26:33.124+0000] {dagbag.py:545} INFO - Filling up the DagBag from /opt/airflow/dags/flight-pipeline.py
[2026-05-03T00:26:33.844+0000] {processor.py:840} INFO - DAG(s) 'flights_ops_medallion_pipe' retrieved from /opt/airflow/dags/flight-pipeline.py
[2026-05-03T00:26:33.881+0000] {logging_mixin.py:188} INFO - [2026-05-03T00:26:33.880+0000] {dag.py:3089} INFO - Sync 1 DAGs
[2026-05-03T00:26:33.908+0000] {logging_mixin.py:188} INFO - [2026-05-03T00:26:33.908+0000] {dag.py:3947} INFO - Setting next_dagrun for flights_ops_medallion_pipe to 2026-05-03 00:00:00+00:00, run_after=2026-05-03 00:30:00+00:00
[2026-05-03T00:26:33.930+0000] {processor.py:183} INFO - Processing /opt/airflow/dags/flight-pipeline.py took 0.817 seconds
[2026-05-03T00:27:04.165+0000] {processor.py:161} INFO - Started process (PID=12860) to work on /opt/airflow/dags/flight-pipeline.py
[2026-05-03T00:27:04.167+0000] {processor.py:830} INFO - Processing file /opt/airflow/dags/flight-pipeline.py for tasks to queue
[2026-05-03T00:27:04.168+0000] {logging_mixin.py:188} INFO - [2026-05-03T00:27:04.167+0000] {dagbag.py:545} INFO - Filling up the DagBag from /opt/airflow/dags/flight-pipeline.py
[2026-05-03T00:27:04.999+0000] {processor.py:840} INFO - DAG(s) 'flights_ops_medallion_pipe' retrieved from /opt/airflow/dags/flight-pipeline.py
[2026-05-03T00:27:05.043+0000] {logging_mixin.py:188} INFO - [2026-05-03T00:27:05.043+0000] {dag.py:3089} INFO - Sync 1 DAGs
[2026-05-03T00:27:05.077+0000] {logging_mixin.py:188} INFO - [2026-05-03T00:27:05.076+0000] {dag.py:3947} INFO - Setting next_dagrun for flights_ops_medallion_pipe to 2026-05-03 00:00:00+00:00, run_after=2026-05-03 00:30:00+00:00
[2026-05-03T00:27:05.105+0000] {processor.py:183} INFO - Processing /opt/airflow/dags/flight-pipeline.py took 0.949 seconds
[2026-05-03T00:27:35.345+0000] {processor.py:161} INFO - Started process (PID=12863) to work on /opt/airflow/dags/flight-pipeline.py
[2026-05-03T00:27:35.346+0000] {processor.py:830} INFO - Processing file /opt/airflow/dags/flight-pipeline.py for tasks to queue
[2026-05-03T00:27:35.347+0000] {logging_mixin.py:188} INFO - [2026-05-03T00:27:35.347+0000] {dagbag.py:545} INFO - Filling up the DagBag from /opt/airflow/dags/flight-pipeline.py
[2026-05-03T00:27:36.061+0000] {processor.py:840} INFO - DAG(s) 'flights_ops_medallion_pipe' retrieved from /opt/airflow/dags/flight-pipeline.py
[2026-05-03T00:27:36.098+0000] {logging_mixin.py:188} INFO - [2026-05-03T00:27:36.098+0000] {dag.py:3089} INFO - Sync 1 DAGs
[2026-05-03T00:27:36.127+0000] {logging_mixin.py:188} INFO - [2026-05-03T00:27:36.127+0000] {dag.py:3947} INFO - Setting next_dagrun for flights_ops_medallion_pipe to 2026-05-03 00:00:00+00:00, run_after=2026-05-03 00:30:00+00:00
[2026-05-03T00:27:36.150+0000] {processor.py:183} INFO - Processing /opt/airflow/dags/flight-pipeline.py took 0.813 seconds
[2026-05-03T00:28:06.284+0000] {processor.py:161} INFO - Started process (PID=12866) to work on /opt/airflow/dags/flight-pipeline.py
[2026-05-03T00:28:06.286+0000] {processor.py:830} INFO - Processing file /opt/airflow/dags/flight-pipeline.py for tasks to queue
[2026-05-03T00:28:06.287+0000] {logging_mixin.py:188} INFO - [2026-05-03T00:28:06.286+0000] {dagbag.py:545} INFO - Filling up the DagBag from /opt/airflow/dags/flight-pipeline.py
[2026-05-03T00:28:07.016+0000] {processor.py:840} INFO - DAG(s) 'flights_ops_medallion_pipe' retrieved from /opt/airflow/dags/flight-pipeline.py
[2026-05-03T00:28:07.054+0000] {logging_mixin.py:188} INFO - [2026-05-03T00:28:07.054+0000] {dag.py:3089} INFO - Sync 1 DAGs
[2026-05-03T00:28:07.082+0000] {logging_mixin.py:188} INFO - [2026-05-03T00:28:07.082+0000] {dag.py:3947} INFO - Setting next_dagrun for flights_ops_medallion_pipe to 2026-05-03 00:00:00+00:00, run_after=2026-05-03 00:30:00+00:00
[2026-05-03T00:28:07.103+0000] {processor.py:183} INFO - Processing /opt/airflow/dags/flight-pipeline.py took 0.826 seconds
[2026-05-03T00:28:37.382+0000] {processor.py:161} INFO - Started process (PID=12869) to work on /opt/airflow/dags/flight-pipeline.py
[2026-05-03T00:28:37.383+0000] {processor.py:830} INFO - Processing file /opt/airflow/dags/flight-pipeline.py for tasks to queue
[2026-05-03T00:28:37.384+0000] {logging_mixin.py:188} INFO - [2026-05-03T00:28:37.384+0000] {dagbag.py:545} INFO - Filling up the DagBag from /opt/airflow/dags/flight-pipeline.py
[2026-05-03T00:28:38.092+0000] {processor.py:840} INFO - DAG(s) 'flights_ops_medallion_pipe' retrieved from /opt/airflow/dags/flight-pipeline.py
[2026-05-03T00:28:38.129+0000] {logging_mixin.py:188} INFO - [2026-05-03T00:28:38.128+0000] {dag.py:3089} INFO - Sync 1 DAGs
[2026-05-03T00:28:38.160+0000] {logging_mixin.py:188} INFO - [2026-05-03T00:28:38.159+0000] {dag.py:3947} INFO - Setting next_dagrun for flights_ops_medallion_pipe to 2026-05-03 00:00:00+00:00, run_after=2026-05-03 00:30:00+00:00
[2026-05-03T00:28:38.180+0000] {processor.py:183} INFO - Processing /opt/airflow/dags/flight-pipeline.py took 0.807 seconds
[2026-05-03T00:29:08.432+0000] {processor.py:161} INFO - Started process (PID=12872) to work on /opt/airflow/dags/flight-pipeline.py
[2026-05-03T00:29:08.433+0000] {processor.py:830} INFO - Processing file /opt/airflow/dags/flight-pipeline.py for tasks to queue
[2026-05-03T00:29:08.435+0000] {logging_mixin.py:188} INFO - [2026-05-03T00:29:08.434+0000] {dagbag.py:545} INFO - Filling up the DagBag from /opt/airflow/dags/flight-pipeline.py
[2026-05-03T00:29:09.151+0000] {processor.py:840} INFO - DAG(s) 'flights_ops_medallion_pipe' retrieved from /opt/airflow/dags/flight-pipeline.py
[2026-05-03T00:29:09.186+0000] {logging_mixin.py:188} INFO - [2026-05-03T00:29:09.185+0000] {dag.py:3089} INFO - Sync 1 DAGs
[2026-05-03T00:29:09.214+0000] {logging_mixin.py:188} INFO - [2026-05-03T00:29:09.214+0000] {dag.py:3947} INFO - Setting next_dagrun for flights_ops_medallion_pipe to 2026-05-03 00:00:00+00:00, run_after=2026-05-03 00:30:00+00:00
[2026-05-03T00:29:09.235+0000] {processor.py:183} INFO - Processing /opt/airflow/dags/flight-pipeline.py took 0.811 seconds
[2026-05-03T00:29:39.481+0000] {processor.py:161} INFO - Started process (PID=12875) to work on /opt/airflow/dags/flight-pipeline.py
[2026-05-03T00:29:39.482+0000] {processor.py:830} INFO - Processing file /opt/airflow/dags/flight-pipeline.py for tasks to queue
[2026-05-03T00:29:39.484+0000] {logging_mixin.py:188} INFO - [2026-05-03T00:29:39.483+0000] {dagbag.py:545} INFO - Filling up the DagBag from /opt/airflow/dags/flight-pipeline.py
[2026-05-03T00:29:40.239+0000] {processor.py:840} INFO - DAG(s) 'flights_ops_medallion_pipe' retrieved from /opt/airflow/dags/flight-pipeline.py
[2026-05-03T00:29:40.279+0000] {logging_mixin.py:188} INFO - [2026-05-03T00:29:40.278+0000] {dag.py:3089} INFO - Sync 1 DAGs
[2026-05-03T00:29:40.304+0000] {logging_mixin.py:188} INFO - [2026-05-03T00:29:40.304+0000] {dag.py:3947} INFO - Setting next_dagrun for flights_ops_medallion_pipe to 2026-05-03 00:00:00+00:00, run_after=2026-05-03 00:30:00+00:00
[2026-05-03T00:29:40.326+0000] {processor.py:183} INFO - Processing /opt/airflow/dags/flight-pipeline.py took 0.853 seconds
[2026-05-03T00:30:10.666+0000] {processor.py:161} INFO - Started process (PID=12887) to work on /opt/airflow/dags/flight-pipeline.py
[2026-05-03T00:30:10.678+0000] {processor.py:830} INFO - Processing file /opt/airflow/dags/flight-pipeline.py for tasks to queue
[2026-05-03T00:30:10.681+0000] {logging_mixin.py:188} INFO - [2026-05-03T00:30:10.680+0000] {dagbag.py:545} INFO - Filling up the DagBag from /opt/airflow/dags/flight-pipeline.py
[2026-05-03T00:30:14.091+0000] {processor.py:840} INFO - DAG(s) 'flights_ops_medallion_pipe' retrieved from /opt/airflow/dags/flight-pipeline.py
[2026-05-03T00:30:14.303+0000] {logging_mixin.py:188} INFO - [2026-05-03T00:30:14.302+0000] {dag.py:3089} INFO - Sync 1 DAGs
[2026-05-03T00:30:14.527+0000] {logging_mixin.py:188} INFO - [2026-05-03T00:30:14.526+0000] {dag.py:3947} INFO - Setting next_dagrun for flights_ops_medallion_pipe to 2026-05-03 00:30:00+00:00, run_after=2026-05-03 01:00:00+00:00
[2026-05-03T00:30:14.619+0000] {processor.py:183} INFO - Processing /opt/airflow/dags/flight-pipeline.py took 4.022 seconds
[2026-05-03T00:30:45.023+0000] {processor.py:161} INFO - Started process (PID=12914) to work on /opt/airflow/dags/flight-pipeline.py
[2026-05-03T00:30:45.028+0000] {processor.py:830} INFO - Processing file /opt/airflow/dags/flight-pipeline.py for tasks to queue
[2026-05-03T00:30:45.035+0000] {logging_mixin.py:188} INFO - [2026-05-03T00:30:45.033+0000] {dagbag.py:545} INFO - Filling up the DagBag from /opt/airflow/dags/flight-pipeline.py
[2026-05-03T00:30:47.663+0000] {processor.py:840} INFO - DAG(s) 'flights_ops_medallion_pipe' retrieved from /opt/airflow/dags/flight-pipeline.py
[2026-05-03T00:30:47.783+0000] {logging_mixin.py:188} INFO - [2026-05-03T00:30:47.781+0000] {dag.py:3089} INFO - Sync 1 DAGs
[2026-05-03T00:30:47.879+0000] {logging_mixin.py:188} INFO - [2026-05-03T00:30:47.878+0000] {dag.py:3947} INFO - Setting next_dagrun for flights_ops_medallion_pipe to 2026-05-03 00:30:00+00:00, run_after=2026-05-03 01:00:00+00:00
[2026-05-03T00:30:47.945+0000] {processor.py:183} INFO - Processing /opt/airflow/dags/flight-pipeline.py took 2.964 seconds
[2026-05-03T00:31:18.270+0000] {processor.py:161} INFO - Started process (PID=12928) to work on /opt/airflow/dags/flight-pipeline.py
[2026-05-03T00:31:18.273+0000] {processor.py:830} INFO - Processing file /opt/airflow/dags/flight-pipeline.py for tasks to queue
[2026-05-03T00:31:18.274+0000] {logging_mixin.py:188} INFO - [2026-05-03T00:31:18.274+0000] {dagbag.py:545} INFO - Filling up the DagBag from /opt/airflow/dags/flight-pipeline.py
[2026-05-03T00:31:19.759+0000] {processor.py:840} INFO - DAG(s) 'flights_ops_medallion_pipe' retrieved from /opt/airflow/dags/flight-pipeline.py
[2026-05-03T00:31:19.898+0000] {logging_mixin.py:188} INFO - [2026-05-03T00:31:19.897+0000] {dag.py:3089} INFO - Sync 1 DAGs
[2026-05-03T00:31:20.005+0000] {logging_mixin.py:188} INFO - [2026-05-03T00:31:20.005+0000] {dag.py:3947} INFO - Setting next_dagrun for flights_ops_medallion_pipe to 2026-05-03 00:30:00+00:00, run_after=2026-05-03 01:00:00+00:00
[2026-05-03T00:31:20.038+0000] {processor.py:183} INFO - Processing /opt/airflow/dags/flight-pipeline.py took 1.777 seconds
[2026-05-03T00:31:50.311+0000] {processor.py:161} INFO - Started process (PID=12931) to work on /opt/airflow/dags/flight-pipeline.py
[2026-05-03T00:31:50.313+0000] {processor.py:830} INFO - Processing file /opt/airflow/dags/flight-pipeline.py for tasks to queue
[2026-05-03T00:31:50.314+0000] {logging_mixin.py:188} INFO - [2026-05-03T00:31:50.314+0000] {dagbag.py:545} INFO - Filling up the DagBag from /opt/airflow/dags/flight-pipeline.py
[2026-05-03T00:31:51.031+0000] {processor.py:840} INFO - DAG(s) 'flights_ops_medallion_pipe' retrieved from /opt/airflow/dags/flight-pipeline.py
[2026-05-03T00:31:51.065+0000] {logging_mixin.py:188} INFO - [2026-05-03T00:31:51.064+0000] {dag.py:3089} INFO - Sync 1 DAGs
[2026-05-03T00:31:51.091+0000] {logging_mixin.py:188} INFO - [2026-05-03T00:31:51.091+0000] {dag.py:3947} INFO - Setting next_dagrun for flights_ops_medallion_pipe to 2026-05-03 00:30:00+00:00, run_after=2026-05-03 01:00:00+00:00
[2026-05-03T00:31:51.112+0000] {processor.py:183} INFO - Processing /opt/airflow/dags/flight-pipeline.py took 0.811 seconds
[2026-05-03T00:32:21.371+0000] {processor.py:161} INFO - Started process (PID=12934) to work on /opt/airflow/dags/flight-pipeline.py
[2026-05-03T00:32:21.373+0000] {processor.py:830} INFO - Processing file /opt/airflow/dags/flight-pipeline.py for tasks to queue
[2026-05-03T00:32:21.374+0000] {logging_mixin.py:188} INFO - [2026-05-03T00:32:21.373+0000] {dagbag.py:545} INFO - Filling up the DagBag from /opt/airflow/dags/flight-pipeline.py
[2026-05-03T00:32:22.157+0000] {processor.py:840} INFO - DAG(s) 'flights_ops_medallion_pipe' retrieved from /opt/airflow/dags/flight-pipeline.py
[2026-05-03T00:32:22.197+0000] {logging_mixin.py:188} INFO - [2026-05-03T00:32:22.196+0000] {dag.py:3089} INFO - Sync 1 DAGs
[2026-05-03T00:32:22.226+0000] {logging_mixin.py:188} INFO - [2026-05-03T00:32:22.226+0000] {dag.py:3947} INFO - Setting next_dagrun for flights_ops_medallion_pipe to 2026-05-03 00:30:00+00:00, run_after=2026-05-03 01:00:00+00:00
[2026-05-03T00:32:22.249+0000] {processor.py:183} INFO - Processing /opt/airflow/dags/flight-pipeline.py took 0.885 seconds
[2026-05-03T00:32:52.527+0000] {processor.py:161} INFO - Started process (PID=12937) to work on /opt/airflow/dags/flight-pipeline.py
[2026-05-03T00:32:52.529+0000] {processor.py:830} INFO - Processing file /opt/airflow/dags/flight-pipeline.py for tasks to queue
[2026-05-03T00:32:52.530+0000] {logging_mixin.py:188} INFO - [2026-05-03T00:32:52.530+0000] {dagbag.py:545} INFO - Filling up the DagBag from /opt/airflow/dags/flight-pipeline.py
[2026-05-03T00:32:53.319+0000] {processor.py:840} INFO - DAG(s) 'flights_ops_medallion_pipe' retrieved from /opt/airflow/dags/flight-pipeline.py
[2026-05-03T00:32:53.360+0000] {logging_mixin.py:188} INFO - [2026-05-03T00:32:53.359+0000] {dag.py:3089} INFO - Sync 1 DAGs
[2026-05-03T00:32:53.392+0000] {logging_mixin.py:188} INFO - [2026-05-03T00:32:53.391+0000] {dag.py:3947} INFO - Setting next_dagrun for flights_ops_medallion_pipe to 2026-05-03 00:30:00+00:00, run_after=2026-05-03 01:00:00+00:00
[2026-05-03T00:32:53.414+0000] {processor.py:183} INFO - Processing /opt/airflow/dags/flight-pipeline.py took 0.896 seconds
[2026-05-03T00:33:23.678+0000] {processor.py:161} INFO - Started process (PID=12940) to work on /opt/airflow/dags/flight-pipeline.py
[2026-05-03T00:33:23.680+0000] {processor.py:830} INFO - Processing file /opt/airflow/dags/flight-pipeline.py for tasks to queue
[2026-05-03T00:33:23.681+0000] {logging_mixin.py:188} INFO - [2026-05-03T00:33:23.681+0000] {dagbag.py:545} INFO - Filling up the DagBag from /opt/airflow/dags/flight-pipeline.py
[2026-05-03T00:33:24.624+0000] {processor.py:840} INFO - DAG(s) 'flights_ops_medallion_pipe' retrieved from /opt/airflow/dags/flight-pipeline.py
[2026-05-03T00:33:24.675+0000] {logging_mixin.py:188} INFO - [2026-05-03T00:33:24.674+0000] {dag.py:3089} INFO - Sync 1 DAGs
[2026-05-03T00:33:24.708+0000] {logging_mixin.py:188} INFO - [2026-05-03T00:33:24.708+0000] {dag.py:3947} INFO - Setting next_dagrun for flights_ops_medallion_pipe to 2026-05-03 00:30:00+00:00, run_after=2026-05-03 01:00:00+00:00
[2026-05-03T00:33:24.735+0000] {processor.py:183} INFO - Processing /opt/airflow/dags/flight-pipeline.py took 1.071 seconds
[2026-05-03T00:33:54.919+0000] {processor.py:161} INFO - Started process (PID=12943) to work on /opt/airflow/dags/flight-pipeline.py
[2026-05-03T00:33:54.922+0000] {processor.py:830} INFO - Processing file /opt/airflow/dags/flight-pipeline.py for tasks to queue
[2026-05-03T00:33:54.923+0000] {logging_mixin.py:188} INFO - [2026-05-03T00:33:54.923+0000] {dagbag.py:545} INFO - Filling up the DagBag from /opt/airflow/dags/flight-pipeline.py
[2026-05-03T00:33:55.642+0000] {processor.py:840} INFO - DAG(s) 'flights_ops_medallion_pipe' retrieved from /opt/airflow/dags/flight-pipeline.py
[2026-05-03T00:33:55.677+0000] {logging_mixin.py:188} INFO - [2026-05-03T00:33:55.677+0000] {dag.py:3089} INFO - Sync 1 DAGs
[2026-05-03T00:33:55.704+0000] {logging_mixin.py:188} INFO - [2026-05-03T00:33:55.703+0000] {dag.py:3947} INFO - Setting next_dagrun for flights_ops_medallion_pipe to 2026-05-03 00:30:00+00:00, run_after=2026-05-03 01:00:00+00:00
[2026-05-03T00:33:55.724+0000] {processor.py:183} INFO - Processing /opt/airflow/dags/flight-pipeline.py took 0.815 seconds
[2026-05-03T00:34:26.004+0000] {processor.py:161} INFO - Started process (PID=12946) to work on /opt/airflow/dags/flight-pipeline.py
[2026-05-03T00:34:26.006+0000] {processor.py:830} INFO - Processing file /opt/airflow/dags/flight-pipeline.py for tasks to queue
[2026-05-03T00:34:26.007+0000] {logging_mixin.py:188} INFO - [2026-05-03T00:34:26.007+0000] {dagbag.py:545} INFO - Filling up the DagBag from /opt/airflow/dags/flight-pipeline.py
[2026-05-03T00:34:26.724+0000] {processor.py:840} INFO - DAG(s) 'flights_ops_medallion_pipe' retrieved from /opt/airflow/dags/flight-pipeline.py
[2026-05-03T00:34:26.760+0000] {logging_mixin.py:188} INFO - [2026-05-03T00:34:26.760+0000] {dag.py:3089} INFO - Sync 1 DAGs
[2026-05-03T00:34:26.784+0000] {logging_mixin.py:188} INFO - [2026-05-03T00:34:26.784+0000] {dag.py:3947} INFO - Setting next_dagrun for flights_ops_medallion_pipe to 2026-05-03 00:30:00+00:00, run_after=2026-05-03 01:00:00+00:00
[2026-05-03T00:34:26.804+0000] {processor.py:183} INFO - Processing /opt/airflow/dags/flight-pipeline.py took 0.808 seconds
[2026-05-03T00:34:57.087+0000] {processor.py:161} INFO - Started process (PID=12949) to work on /opt/airflow/dags/flight-pipeline.py
[2026-05-03T00:34:57.094+0000] {processor.py:830} INFO - Processing file /opt/airflow/dags/flight-pipeline.py for tasks to queue
[2026-05-03T00:34:57.096+0000] {logging_mixin.py:188} INFO - [2026-05-03T00:34:57.095+0000] {dagbag.py:545} INFO - Filling up the DagBag from /opt/airflow/dags/flight-pipeline.py
[2026-05-03T00:34:58.560+0000] {processor.py:840} INFO - DAG(s) 'flights_ops_medallion_pipe' retrieved from /opt/airflow/dags/flight-pipeline.py
[2026-05-03T00:34:58.632+0000] {logging_mixin.py:188} INFO - [2026-05-03T00:34:58.631+0000] {dag.py:3089} INFO - Sync 1 DAGs
[2026-05-03T00:34:58.682+0000] {logging_mixin.py:188} INFO - [2026-05-03T00:34:58.682+0000] {dag.py:3947} INFO - Setting next_dagrun for flights_ops_medallion_pipe to 2026-05-03 00:30:00+00:00, run_after=2026-05-03 01:00:00+00:00
[2026-05-03T00:34:58.720+0000] {processor.py:183} INFO - Processing /opt/airflow/dags/flight-pipeline.py took 1.653 seconds
[2026-05-03T00:35:29.001+0000] {processor.py:161} INFO - Started process (PID=12952) to work on /opt/airflow/dags/flight-pipeline.py
[2026-05-03T00:35:29.003+0000] {processor.py:830} INFO - Processing file /opt/airflow/dags/flight-pipeline.py for tasks to queue
[2026-05-03T00:35:29.005+0000] {logging_mixin.py:188} INFO - [2026-05-03T00:35:29.004+0000] {dagbag.py:545} INFO - Filling up the DagBag from /opt/airflow/dags/flight-pipeline.py
[2026-05-03T00:35:29.747+0000] {processor.py:840} INFO - DAG(s) 'flights_ops_medallion_pipe' retrieved from /opt/airflow/dags/flight-pipeline.py
[2026-05-03T00:35:29.786+0000] {logging_mixin.py:188} INFO - [2026-05-03T00:35:29.786+0000] {dag.py:3089} INFO - Sync 1 DAGs
[2026-05-03T00:35:29.813+0000] {logging_mixin.py:188} INFO - [2026-05-03T00:35:29.813+0000] {dag.py:3947} INFO - Setting next_dagrun for flights_ops_medallion_pipe to 2026-05-03 00:30:00+00:00, run_after=2026-05-03 01:00:00+00:00
[2026-05-03T00:35:29.836+0000] {processor.py:183} INFO - Processing /opt/airflow/dags/flight-pipeline.py took 0.846 seconds
[2026-05-03T00:36:00.030+0000] {processor.py:161} INFO - Started process (PID=12955) to work on /opt/airflow/dags/flight-pipeline.py
[2026-05-03T00:36:00.034+0000] {processor.py:830} INFO - Processing file /opt/airflow/dags/flight-pipeline.py for tasks to queue
[2026-05-03T00:36:00.037+0000] {logging_mixin.py:188} INFO - [2026-05-03T00:36:00.036+0000] {dagbag.py:545} INFO - Filling up the DagBag from /opt/airflow/dags/flight-pipeline.py
[2026-05-03T00:36:01.031+0000] {processor.py:840} INFO - DAG(s) 'flights_ops_medallion_pipe' retrieved from /opt/airflow/dags/flight-pipeline.py
[2026-05-03T00:36:01.083+0000] {logging_mixin.py:188} INFO - [2026-05-03T00:36:01.082+0000] {dag.py:3089} INFO - Sync 1 DAGs
[2026-05-03T00:36:01.116+0000] {logging_mixin.py:188} INFO - [2026-05-03T00:36:01.116+0000] {dag.py:3947} INFO - Setting next_dagrun for flights_ops_medallion_pipe to 2026-05-03 00:30:00+00:00, run_after=2026-05-03 01:00:00+00:00
[2026-05-03T00:36:01.144+0000] {processor.py:183} INFO - Processing /opt/airflow/dags/flight-pipeline.py took 1.135 seconds
[2026-05-03T00:36:31.730+0000] {processor.py:161} INFO - Started process (PID=12958) to work on /opt/airflow/dags/flight-pipeline.py
[2026-05-03T00:36:31.734+0000] {processor.py:830} INFO - Processing file /opt/airflow/dags/flight-pipeline.py for tasks to queue
[2026-05-03T00:36:31.736+0000] {logging_mixin.py:188} INFO - [2026-05-03T00:36:31.735+0000] {dagbag.py:545} INFO - Filling up the DagBag from /opt/airflow/dags/flight-pipeline.py
[2026-05-03T00:36:33.501+0000] {processor.py:840} INFO - DAG(s) 'flights_ops_medallion_pipe' retrieved from /opt/airflow/dags/flight-pipeline.py
[2026-05-03T00:36:33.687+0000] {logging_mixin.py:188} INFO - [2026-05-03T00:36:33.686+0000] {dag.py:3089} INFO - Sync 1 DAGs
[2026-05-03T00:36:33.740+0000] {logging_mixin.py:188} INFO - [2026-05-03T00:36:33.739+0000] {dag.py:3947} INFO - Setting next_dagrun for flights_ops_medallion_pipe to 2026-05-03 00:30:00+00:00, run_after=2026-05-03 01:00:00+00:00
[2026-05-03T00:36:33.774+0000] {processor.py:183} INFO - Processing /opt/airflow/dags/flight-pipeline.py took 2.096 seconds
[2026-05-03T00:37:03.948+0000] {processor.py:161} INFO - Started process (PID=12961) to work on /opt/airflow/dags/flight-pipeline.py
[2026-05-03T00:37:03.950+0000] {processor.py:830} INFO - Processing file /opt/airflow/dags/flight-pipeline.py for tasks to queue
[2026-05-03T00:37:03.951+0000] {logging_mixin.py:188} INFO - [2026-05-03T00:37:03.951+0000] {dagbag.py:545} INFO - Filling up the DagBag from /opt/airflow/dags/flight-pipeline.py
[2026-05-03T00:37:04.911+0000] {processor.py:840} INFO - DAG(s) 'flights_ops_medallion_pipe' retrieved from /opt/airflow/dags/flight-pipeline.py
[2026-05-03T00:37:04.960+0000] {logging_mixin.py:188} INFO - [2026-05-03T00:37:04.959+0000] {dag.py:3089} INFO - Sync 1 DAGs
[2026-05-03T00:37:04.993+0000] {logging_mixin.py:188} INFO - [2026-05-03T00:37:04.993+0000] {dag.py:3947} INFO - Setting next_dagrun for flights_ops_medallion_pipe to 2026-05-03 00:30:00+00:00, run_after=2026-05-03 01:00:00+00:00
[2026-05-03T00:37:05.020+0000] {processor.py:183} INFO - Processing /opt/airflow/dags/flight-pipeline.py took 1.085 seconds
[2026-05-03T00:37:35.331+0000] {processor.py:161} INFO - Started process (PID=12964) to work on /opt/airflow/dags/flight-pipeline.py
[2026-05-03T00:37:35.337+0000] {processor.py:830} INFO - Processing file /opt/airflow/dags/flight-pipeline.py for tasks to queue
[2026-05-03T00:37:35.339+0000] {logging_mixin.py:188} INFO - [2026-05-03T00:37:35.338+0000] {dagbag.py:545} INFO - Filling up the DagBag from /opt/airflow/dags/flight-pipeline.py
[2026-05-03T00:37:36.634+0000] {processor.py:840} INFO - DAG(s) 'flights_ops_medallion_pipe' retrieved from /opt/airflow/dags/flight-pipeline.py
[2026-05-03T00:37:36.701+0000] {logging_mixin.py:188} INFO - [2026-05-03T00:37:36.701+0000] {dag.py:3089} INFO - Sync 1 DAGs
[2026-05-03T00:37:36.745+0000] {logging_mixin.py:188} INFO - [2026-05-03T00:37:36.745+0000] {dag.py:3947} INFO - Setting next_dagrun for flights_ops_medallion_pipe to 2026-05-03 00:30:00+00:00, run_after=2026-05-03 01:00:00+00:00
[2026-05-03T00:37:36.782+0000] {processor.py:183} INFO - Processing /opt/airflow/dags/flight-pipeline.py took 1.468 seconds
[2026-05-03T00:38:07.041+0000] {processor.py:161} INFO - Started process (PID=12967) to work on /opt/airflow/dags/flight-pipeline.py
[2026-05-03T00:38:07.043+0000] {processor.py:830} INFO - Processing file /opt/airflow/dags/flight-pipeline.py for tasks to queue
[2026-05-03T00:38:07.045+0000] {logging_mixin.py:188} INFO - [2026-05-03T00:38:07.044+0000] {dagbag.py:545} INFO - Filling up the DagBag from /opt/airflow/dags/flight-pipeline.py
[2026-05-03T00:38:08.031+0000] {processor.py:840} INFO - DAG(s) 'flights_ops_medallion_pipe' retrieved from /opt/airflow/dags/flight-pipeline.py
[2026-05-03T00:38:08.079+0000] {logging_mixin.py:188} INFO - [2026-05-03T00:38:08.078+0000] {dag.py:3089} INFO - Sync 1 DAGs
[2026-05-03T00:38:08.113+0000] {logging_mixin.py:188} INFO - [2026-05-03T00:38:08.113+0000] {dag.py:3947} INFO - Setting next_dagrun for flights_ops_medallion_pipe to 2026-05-03 00:30:00+00:00, run_after=2026-05-03 01:00:00+00:00
[2026-05-03T00:38:08.141+0000] {processor.py:183} INFO - Processing /opt/airflow/dags/flight-pipeline.py took 1.111 seconds
[2026-05-03T00:38:38.312+0000] {processor.py:161} INFO - Started process (PID=12970) to work on /opt/airflow/dags/flight-pipeline.py
[2026-05-03T00:38:38.314+0000] {processor.py:830} INFO - Processing file /opt/airflow/dags/flight-pipeline.py for tasks to queue
[2026-05-03T00:38:38.316+0000] {logging_mixin.py:188} INFO - [2026-05-03T00:38:38.315+0000] {dagbag.py:545} INFO - Filling up the DagBag from /opt/airflow/dags/flight-pipeline.py
[2026-05-03T00:38:39.451+0000] {processor.py:840} INFO - DAG(s) 'flights_ops_medallion_pipe' retrieved from /opt/airflow/dags/flight-pipeline.py
[2026-05-03T00:38:39.505+0000] {logging_mixin.py:188} INFO - [2026-05-03T00:38:39.504+0000] {dag.py:3089} INFO - Sync 1 DAGs
[2026-05-03T00:38:39.545+0000] {logging_mixin.py:188} INFO - [2026-05-03T00:38:39.544+0000] {dag.py:3947} INFO - Setting next_dagrun for flights_ops_medallion_pipe to 2026-05-03 00:30:00+00:00, run_after=2026-05-03 01:00:00+00:00
[2026-05-03T00:38:39.576+0000] {processor.py:183} INFO - Processing /opt/airflow/dags/flight-pipeline.py took 1.277 seconds
[2026-05-03T00:39:09.686+0000] {processor.py:161} INFO - Started process (PID=12973) to work on /opt/airflow/dags/flight-pipeline.py
[2026-05-03T00:39:09.689+0000] {processor.py:830} INFO - Processing file /opt/airflow/dags/flight-pipeline.py for tasks to queue
[2026-05-03T00:39:09.692+0000] {logging_mixin.py:188} INFO - [2026-05-03T00:39:09.691+0000] {dagbag.py:545} INFO - Filling up the DagBag from /opt/airflow/dags/flight-pipeline.py
[2026-05-03T00:39:11.609+0000] {processor.py:840} INFO - DAG(s) 'flights_ops_medallion_pipe' retrieved from /opt/airflow/dags/flight-pipeline.py
[2026-05-03T00:39:11.706+0000] {logging_mixin.py:188} INFO - [2026-05-03T00:39:11.704+0000] {dag.py:3089} INFO - Sync 1 DAGs
[2026-05-03T00:39:11.782+0000] {logging_mixin.py:188} INFO - [2026-05-03T00:39:11.781+0000] {dag.py:3947} INFO - Setting next_dagrun for flights_ops_medallion_pipe to 2026-05-03 00:30:00+00:00, run_after=2026-05-03 01:00:00+00:00
[2026-05-03T00:39:11.838+0000] {processor.py:183} INFO - Processing /opt/airflow/dags/flight-pipeline.py took 2.174 seconds
[2026-05-03T00:39:42.204+0000] {processor.py:161} INFO - Started process (PID=12976) to work on /opt/airflow/dags/flight-pipeline.py
[2026-05-03T00:39:42.208+0000] {processor.py:830} INFO - Processing file /opt/airflow/dags/flight-pipeline.py for tasks to queue
[2026-05-03T00:39:42.213+0000] {logging_mixin.py:188} INFO - [2026-05-03T00:39:42.212+0000] {dagbag.py:545} INFO - Filling up the DagBag from /opt/airflow/dags/flight-pipeline.py
[2026-05-03T00:39:44.690+0000] {processor.py:840} INFO - DAG(s) 'flights_ops_medallion_pipe' retrieved from /opt/airflow/dags/flight-pipeline.py
[2026-05-03T00:39:44.796+0000] {logging_mixin.py:188} INFO - [2026-05-03T00:39:44.795+0000] {dag.py:3089} INFO - Sync 1 DAGs
[2026-05-03T00:39:44.871+0000] {logging_mixin.py:188} INFO - [2026-05-03T00:39:44.870+0000] {dag.py:3947} INFO - Setting next_dagrun for flights_ops_medallion_pipe to 2026-05-03 00:30:00+00:00, run_after=2026-05-03 01:00:00+00:00
[2026-05-03T00:39:44.933+0000] {processor.py:183} INFO - Processing /opt/airflow/dags/flight-pipeline.py took 2.755 seconds
[2026-05-03T00:40:15.380+0000] {processor.py:161} INFO - Started process (PID=12979) to work on /opt/airflow/dags/flight-pipeline.py
[2026-05-03T00:40:15.382+0000] {processor.py:830} INFO - Processing file /opt/airflow/dags/flight-pipeline.py for tasks to queue
[2026-05-03T00:40:15.384+0000] {logging_mixin.py:188} INFO - [2026-05-03T00:40:15.383+0000] {dagbag.py:545} INFO - Filling up the DagBag from /opt/airflow/dags/flight-pipeline.py
[2026-05-03T00:40:16.539+0000] {processor.py:840} INFO - DAG(s) 'flights_ops_medallion_pipe' retrieved from /opt/airflow/dags/flight-pipeline.py
[2026-05-03T00:40:16.595+0000] {logging_mixin.py:188} INFO - [2026-05-03T00:40:16.594+0000] {dag.py:3089} INFO - Sync 1 DAGs
[2026-05-03T00:40:16.640+0000] {logging_mixin.py:188} INFO - [2026-05-03T00:40:16.640+0000] {dag.py:3947} INFO - Setting next_dagrun for flights_ops_medallion_pipe to 2026-05-03 00:30:00+00:00, run_after=2026-05-03 01:00:00+00:00
[2026-05-03T00:40:16.673+0000] {processor.py:183} INFO - Processing /opt/airflow/dags/flight-pipeline.py took 1.306 seconds
[2026-05-03T00:40:46.766+0000] {processor.py:161} INFO - Started process (PID=12982) to work on /opt/airflow/dags/flight-pipeline.py
[2026-05-03T00:40:46.768+0000] {processor.py:830} INFO - Processing file /opt/airflow/dags/flight-pipeline.py for tasks to queue
[2026-05-03T00:40:46.769+0000] {logging_mixin.py:188} INFO - [2026-05-03T00:40:46.769+0000] {dagbag.py:545} INFO - Filling up the DagBag from /opt/airflow/dags/flight-pipeline.py
[2026-05-03T00:40:47.760+0000] {processor.py:840} INFO - DAG(s) 'flights_ops_medallion_pipe' retrieved from /opt/airflow/dags/flight-pipeline.py
[2026-05-03T00:40:47.807+0000] {logging_mixin.py:188} INFO - [2026-05-03T00:40:47.807+0000] {dag.py:3089} INFO - Sync 1 DAGs
[2026-05-03T00:40:47.842+0000] {logging_mixin.py:188} INFO - [2026-05-03T00:40:47.842+0000] {dag.py:3947} INFO - Setting next_dagrun for flights_ops_medallion_pipe to 2026-05-03 00:30:00+00:00, run_after=2026-05-03 01:00:00+00:00
[2026-05-03T00:40:47.867+0000] {processor.py:183} INFO - Processing /opt/airflow/dags/flight-pipeline.py took 1.112 seconds
[2026-05-03T00:41:18.089+0000] {processor.py:161} INFO - Started process (PID=12985) to work on /opt/airflow/dags/flight-pipeline.py
[2026-05-03T00:41:18.094+0000] {processor.py:830} INFO - Processing file /opt/airflow/dags/flight-pipeline.py for tasks to queue
[2026-05-03T00:41:18.097+0000] {logging_mixin.py:188} INFO - [2026-05-03T00:41:18.096+0000] {dagbag.py:545} INFO - Filling up the DagBag from /opt/airflow/dags/flight-pipeline.py
[2026-05-03T00:41:20.055+0000] {processor.py:840} INFO - DAG(s) 'flights_ops_medallion_pipe' retrieved from /opt/airflow/dags/flight-pipeline.py
[2026-05-03T00:41:20.156+0000] {logging_mixin.py:188} INFO - [2026-05-03T00:41:20.155+0000] {dag.py:3089} INFO - Sync 1 DAGs
[2026-05-03T00:41:20.243+0000] {logging_mixin.py:188} INFO - [2026-05-03T00:41:20.243+0000] {dag.py:3947} INFO - Setting next_dagrun for flights_ops_medallion_pipe to 2026-05-03 00:30:00+00:00, run_after=2026-05-03 01:00:00+00:00
[2026-05-03T00:41:20.297+0000] {processor.py:183} INFO - Processing /opt/airflow/dags/flight-pipeline.py took 2.236 seconds
[2026-05-03T00:41:50.618+0000] {processor.py:161} INFO - Started process (PID=12988) to work on /opt/airflow/dags/flight-pipeline.py
[2026-05-03T00:41:50.624+0000] {processor.py:830} INFO - Processing file /opt/airflow/dags/flight-pipeline.py for tasks to queue
[2026-05-03T00:41:50.632+0000] {logging_mixin.py:188} INFO - [2026-05-03T00:41:50.627+0000] {dagbag.py:545} INFO - Filling up the DagBag from /opt/airflow/dags/flight-pipeline.py
[2026-05-03T00:41:53.628+0000] {processor.py:840} INFO - DAG(s) 'flights_ops_medallion_pipe' retrieved from /opt/airflow/dags/flight-pipeline.py
[2026-05-03T00:41:53.775+0000] {logging_mixin.py:188} INFO - [2026-05-03T00:41:53.771+0000] {dag.py:3089} INFO - Sync 1 DAGs
[2026-05-03T00:41:53.886+0000] {logging_mixin.py:188} INFO - [2026-05-03T00:41:53.885+0000] {dag.py:3947} INFO - Setting next_dagrun for flights_ops_medallion_pipe to 2026-05-03 00:30:00+00:00, run_after=2026-05-03 01:00:00+00:00
[2026-05-03T00:41:53.978+0000] {processor.py:183} INFO - Processing /opt/airflow/dags/flight-pipeline.py took 3.389 seconds
[2026-05-03T00:42:24.103+0000] {processor.py:161} INFO - Started process (PID=12991) to work on /opt/airflow/dags/flight-pipeline.py
[2026-05-03T00:42:24.108+0000] {processor.py:830} INFO - Processing file /opt/airflow/dags/flight-pipeline.py for tasks to queue
[2026-05-03T00:42:24.112+0000] {logging_mixin.py:188} INFO - [2026-05-03T00:42:24.111+0000] {dagbag.py:545} INFO - Filling up the DagBag from /opt/airflow/dags/flight-pipeline.py
[2026-05-03T00:42:26.875+0000] {processor.py:840} INFO - DAG(s) 'flights_ops_medallion_pipe' retrieved from /opt/airflow/dags/flight-pipeline.py
[2026-05-03T00:42:27.015+0000] {logging_mixin.py:188} INFO - [2026-05-03T00:42:27.013+0000] {dag.py:3089} INFO - Sync 1 DAGs
[2026-05-03T00:42:27.119+0000] {logging_mixin.py:188} INFO - [2026-05-03T00:42:27.118+0000] {dag.py:3947} INFO - Setting next_dagrun for flights_ops_medallion_pipe to 2026-05-03 00:30:00+00:00, run_after=2026-05-03 01:00:00+00:00
[2026-05-03T00:42:27.190+0000] {processor.py:183} INFO - Processing /opt/airflow/dags/flight-pipeline.py took 3.117 seconds
[2026-05-03T00:42:57.413+0000] {processor.py:161} INFO - Started process (PID=12994) to work on /opt/airflow/dags/flight-pipeline.py
[2026-05-03T00:42:57.419+0000] {processor.py:830} INFO - Processing file /opt/airflow/dags/flight-pipeline.py for tasks to queue
[2026-05-03T00:42:57.423+0000] {logging_mixin.py:188} INFO - [2026-05-03T00:42:57.422+0000] {dagbag.py:545} INFO - Filling up the DagBag from /opt/airflow/dags/flight-pipeline.py
[2026-05-03T00:42:58.640+0000] {processor.py:840} INFO - DAG(s) 'flights_ops_medallion_pipe' retrieved from /opt/airflow/dags/flight-pipeline.py
[2026-05-03T00:42:58.699+0000] {logging_mixin.py:188} INFO - [2026-05-03T00:42:58.699+0000] {dag.py:3089} INFO - Sync 1 DAGs
[2026-05-03T00:42:58.737+0000] {logging_mixin.py:188} INFO - [2026-05-03T00:42:58.737+0000] {dag.py:3947} INFO - Setting next_dagrun for flights_ops_medallion_pipe to 2026-05-03 00:30:00+00:00, run_after=2026-05-03 01:00:00+00:00
[2026-05-03T00:42:58.768+0000] {processor.py:183} INFO - Processing /opt/airflow/dags/flight-pipeline.py took 1.369 seconds
[2026-05-03T00:43:29.046+0000] {processor.py:161} INFO - Started process (PID=12997) to work on /opt/airflow/dags/flight-pipeline.py
[2026-05-03T00:43:29.049+0000] {processor.py:830} INFO - Processing file /opt/airflow/dags/flight-pipeline.py for tasks to queue
[2026-05-03T00:43:29.052+0000] {logging_mixin.py:188} INFO - [2026-05-03T00:43:29.051+0000] {dagbag.py:545} INFO - Filling up the DagBag from /opt/airflow/dags/flight-pipeline.py
[2026-05-03T00:43:30.917+0000] {processor.py:840} INFO - DAG(s) 'flights_ops_medallion_pipe' retrieved from /opt/airflow/dags/flight-pipeline.py
[2026-05-03T00:43:31.017+0000] {logging_mixin.py:188} INFO - [2026-05-03T00:43:31.015+0000] {dag.py:3089} INFO - Sync 1 DAGs
[2026-05-03T00:43:31.091+0000] {logging_mixin.py:188} INFO - [2026-05-03T00:43:31.091+0000] {dag.py:3947} INFO - Setting next_dagrun for flights_ops_medallion_pipe to 2026-05-03 00:30:00+00:00, run_after=2026-05-03 01:00:00+00:00
[2026-05-03T00:43:31.146+0000] {processor.py:183} INFO - Processing /opt/airflow/dags/flight-pipeline.py took 2.123 seconds
[2026-05-03T00:44:02.054+0000] {processor.py:161} INFO - Started process (PID=13000) to work on /opt/airflow/dags/flight-pipeline.py
[2026-05-03T00:44:02.068+0000] {processor.py:830} INFO - Processing file /opt/airflow/dags/flight-pipeline.py for tasks to queue
[2026-05-03T00:44:02.083+0000] {logging_mixin.py:188} INFO - [2026-05-03T00:44:02.079+0000] {dagbag.py:545} INFO - Filling up the DagBag from /opt/airflow/dags/flight-pipeline.py
[2026-05-03T00:44:14.422+0000] {processor.py:840} INFO - DAG(s) 'flights_ops_medallion_pipe' retrieved from /opt/airflow/dags/flight-pipeline.py
[2026-05-03T00:44:14.866+0000] {logging_mixin.py:188} INFO - [2026-05-03T00:44:14.862+0000] {dag.py:3089} INFO - Sync 1 DAGs
[2026-05-03T00:44:15.221+0000] {logging_mixin.py:188} INFO - [2026-05-03T00:44:15.216+0000] {dag.py:3947} INFO - Setting next_dagrun for flights_ops_medallion_pipe to 2026-05-03 00:30:00+00:00, run_after=2026-05-03 01:00:00+00:00
[2026-05-03T00:44:15.526+0000] {processor.py:183} INFO - Processing /opt/airflow/dags/flight-pipeline.py took 13.560 seconds
[2026-05-03T00:44:45.981+0000] {processor.py:161} INFO - Started process (PID=13003) to work on /opt/airflow/dags/flight-pipeline.py
[2026-05-03T00:44:46.001+0000] {processor.py:830} INFO - Processing file /opt/airflow/dags/flight-pipeline.py for tasks to queue
[2026-05-03T00:44:46.018+0000] {logging_mixin.py:188} INFO - [2026-05-03T00:44:46.015+0000] {dagbag.py:545} INFO - Filling up the DagBag from /opt/airflow/dags/flight-pipeline.py
[2026-05-03T00:44:56.129+0000] {processor.py:840} INFO - DAG(s) 'flights_ops_medallion_pipe' retrieved from /opt/airflow/dags/flight-pipeline.py
[2026-05-03T00:44:57.122+0000] {logging_mixin.py:188} INFO - [2026-05-03T00:44:57.100+0000] {dag.py:3089} INFO - Sync 1 DAGs
[2026-05-03T00:44:57.843+0000] {logging_mixin.py:188} INFO - [2026-05-03T00:44:57.834+0000] {dag.py:3947} INFO - Setting next_dagrun for flights_ops_medallion_pipe to 2026-05-03 00:30:00+00:00, run_after=2026-05-03 01:00:00+00:00
[2026-05-03T00:44:58.351+0000] {processor.py:183} INFO - Processing /opt/airflow/dags/flight-pipeline.py took 12.497 seconds
[2026-05-03T00:45:28.871+0000] {processor.py:161} INFO - Started process (PID=13006) to work on /opt/airflow/dags/flight-pipeline.py
[2026-05-03T00:45:28.895+0000] {processor.py:830} INFO - Processing file /opt/airflow/dags/flight-pipeline.py for tasks to queue
[2026-05-03T00:45:28.907+0000] {logging_mixin.py:188} INFO - [2026-05-03T00:45:28.903+0000] {dagbag.py:545} INFO - Filling up the DagBag from /opt/airflow/dags/flight-pipeline.py
[2026-05-03T00:45:40.663+0000] {processor.py:840} INFO - DAG(s) 'flights_ops_medallion_pipe' retrieved from /opt/airflow/dags/flight-pipeline.py
[2026-05-03T00:45:41.254+0000] {logging_mixin.py:188} INFO - [2026-05-03T00:45:41.250+0000] {dag.py:3089} INFO - Sync 1 DAGs
[2026-05-03T00:45:41.616+0000] {logging_mixin.py:188} INFO - [2026-05-03T00:45:41.613+0000] {dag.py:3947} INFO - Setting next_dagrun for flights_ops_medallion_pipe to 2026-05-03 00:30:00+00:00, run_after=2026-05-03 01:00:00+00:00
[2026-05-03T00:45:41.853+0000] {processor.py:183} INFO - Processing /opt/airflow/dags/flight-pipeline.py took 13.067 seconds
[2026-05-03T00:46:12.418+0000] {processor.py:161} INFO - Started process (PID=13009) to work on /opt/airflow/dags/flight-pipeline.py
[2026-05-03T00:46:12.434+0000] {processor.py:830} INFO - Processing file /opt/airflow/dags/flight-pipeline.py for tasks to queue
[2026-05-03T00:46:12.445+0000] {logging_mixin.py:188} INFO - [2026-05-03T00:46:12.441+0000] {dagbag.py:545} INFO - Filling up the DagBag from /opt/airflow/dags/flight-pipeline.py
[2026-05-03T00:46:22.106+0000] {processor.py:840} INFO - DAG(s) 'flights_ops_medallion_pipe' retrieved from /opt/airflow/dags/flight-pipeline.py
[2026-05-03T00:46:22.523+0000] {logging_mixin.py:188} INFO - [2026-05-03T00:46:22.519+0000] {dag.py:3089} INFO - Sync 1 DAGs
[2026-05-03T00:46:22.847+0000] {logging_mixin.py:188} INFO - [2026-05-03T00:46:22.844+0000] {dag.py:3947} INFO - Setting next_dagrun for flights_ops_medallion_pipe to 2026-05-03 00:30:00+00:00, run_after=2026-05-03 01:00:00+00:00
[2026-05-03T00:46:23.067+0000] {processor.py:183} INFO - Processing /opt/airflow/dags/flight-pipeline.py took 10.734 seconds
[2026-05-03T00:46:53.374+0000] {processor.py:161} INFO - Started process (PID=13012) to work on /opt/airflow/dags/flight-pipeline.py
[2026-05-03T00:46:53.384+0000] {processor.py:830} INFO - Processing file /opt/airflow/dags/flight-pipeline.py for tasks to queue
[2026-05-03T00:46:53.390+0000] {logging_mixin.py:188} INFO - [2026-05-03T00:46:53.388+0000] {dagbag.py:545} INFO - Filling up the DagBag from /opt/airflow/dags/flight-pipeline.py
[2026-05-03T00:46:56.411+0000] {processor.py:840} INFO - DAG(s) 'flights_ops_medallion_pipe' retrieved from /opt/airflow/dags/flight-pipeline.py
[2026-05-03T00:46:56.676+0000] {logging_mixin.py:188} INFO - [2026-05-03T00:46:56.673+0000] {dag.py:3089} INFO - Sync 1 DAGs
[2026-05-03T00:46:56.831+0000] {logging_mixin.py:188} INFO - [2026-05-03T00:46:56.829+0000] {dag.py:3947} INFO - Setting next_dagrun for flights_ops_medallion_pipe to 2026-05-03 00:30:00+00:00, run_after=2026-05-03 01:00:00+00:00
[2026-05-03T00:46:56.942+0000] {processor.py:183} INFO - Processing /opt/airflow/dags/flight-pipeline.py took 3.621 seconds
[2026-05-03T00:47:27.395+0000] {processor.py:161} INFO - Started process (PID=13015) to work on /opt/airflow/dags/flight-pipeline.py
[2026-05-03T00:47:27.399+0000] {processor.py:830} INFO - Processing file /opt/airflow/dags/flight-pipeline.py for tasks to queue
[2026-05-03T00:47:27.403+0000] {logging_mixin.py:188} INFO - [2026-05-03T00:47:27.402+0000] {dagbag.py:545} INFO - Filling up the DagBag from /opt/airflow/dags/flight-pipeline.py
[2026-05-03T00:47:29.525+0000] {processor.py:840} INFO - DAG(s) 'flights_ops_medallion_pipe' retrieved from /opt/airflow/dags/flight-pipeline.py
[2026-05-03T00:47:29.618+0000] {logging_mixin.py:188} INFO - [2026-05-03T00:47:29.617+0000] {dag.py:3089} INFO - Sync 1 DAGs
[2026-05-03T00:47:29.683+0000] {logging_mixin.py:188} INFO - [2026-05-03T00:47:29.683+0000] {dag.py:3947} INFO - Setting next_dagrun for flights_ops_medallion_pipe to 2026-05-03 00:30:00+00:00, run_after=2026-05-03 01:00:00+00:00
[2026-05-03T00:47:29.734+0000] {processor.py:183} INFO - Processing /opt/airflow/dags/flight-pipeline.py took 2.363 seconds
[2026-05-03T00:48:00.065+0000] {processor.py:161} INFO - Started process (PID=13018) to work on /opt/airflow/dags/flight-pipeline.py
[2026-05-03T00:48:00.068+0000] {processor.py:830} INFO - Processing file /opt/airflow/dags/flight-pipeline.py for tasks to queue
[2026-05-03T00:48:00.070+0000] {logging_mixin.py:188} INFO - [2026-05-03T00:48:00.070+0000] {dagbag.py:545} INFO - Filling up the DagBag from /opt/airflow/dags/flight-pipeline.py
[2026-05-03T00:48:01.657+0000] {processor.py:840} INFO - DAG(s) 'flights_ops_medallion_pipe' retrieved from /opt/airflow/dags/flight-pipeline.py
[2026-05-03T00:48:01.743+0000] {logging_mixin.py:188} INFO - [2026-05-03T00:48:01.742+0000] {dag.py:3089} INFO - Sync 1 DAGs
[2026-05-03T00:48:01.799+0000] {logging_mixin.py:188} INFO - [2026-05-03T00:48:01.798+0000] {dag.py:3947} INFO - Setting next_dagrun for flights_ops_medallion_pipe to 2026-05-03 00:30:00+00:00, run_after=2026-05-03 01:00:00+00:00
[2026-05-03T00:48:01.841+0000] {processor.py:183} INFO - Processing /opt/airflow/dags/flight-pipeline.py took 1.793 seconds
[2026-05-03T00:48:32.041+0000] {processor.py:161} INFO - Started process (PID=13021) to work on /opt/airflow/dags/flight-pipeline.py
[2026-05-03T00:48:32.050+0000] {processor.py:830} INFO - Processing file /opt/airflow/dags/flight-pipeline.py for tasks to queue
[2026-05-03T00:48:32.054+0000] {logging_mixin.py:188} INFO - [2026-05-03T00:48:32.053+0000] {dagbag.py:545} INFO - Filling up the DagBag from /opt/airflow/dags/flight-pipeline.py
[2026-05-03T00:48:35.195+0000] {processor.py:840} INFO - DAG(s) 'flights_ops_medallion_pipe' retrieved from /opt/airflow/dags/flight-pipeline.py
[2026-05-03T00:48:35.328+0000] {logging_mixin.py:188} INFO - [2026-05-03T00:48:35.326+0000] {dag.py:3089} INFO - Sync 1 DAGs
[2026-05-03T00:48:35.432+0000] {logging_mixin.py:188} INFO - [2026-05-03T00:48:35.432+0000] {dag.py:3947} INFO - Setting next_dagrun for flights_ops_medallion_pipe to 2026-05-03 00:30:00+00:00, run_after=2026-05-03 01:00:00+00:00
[2026-05-03T00:48:35.504+0000] {processor.py:183} INFO - Processing /opt/airflow/dags/flight-pipeline.py took 3.493 seconds
[2026-05-03T00:49:05.620+0000] {processor.py:161} INFO - Started process (PID=13024) to work on /opt/airflow/dags/flight-pipeline.py
[2026-05-03T00:49:05.626+0000] {processor.py:830} INFO - Processing file /opt/airflow/dags/flight-pipeline.py for tasks to queue
[2026-05-03T00:49:05.635+0000] {logging_mixin.py:188} INFO - [2026-05-03T00:49:05.630+0000] {dagbag.py:545} INFO - Filling up the DagBag from /opt/airflow/dags/flight-pipeline.py
[2026-05-03T00:49:08.275+0000] {processor.py:840} INFO - DAG(s) 'flights_ops_medallion_pipe' retrieved from /opt/airflow/dags/flight-pipeline.py
[2026-05-03T00:49:08.418+0000] {logging_mixin.py:188} INFO - [2026-05-03T00:49:08.416+0000] {dag.py:3089} INFO - Sync 1 DAGs
[2026-05-03T00:49:08.507+0000] {logging_mixin.py:188} INFO - [2026-05-03T00:49:08.507+0000] {dag.py:3947} INFO - Setting next_dagrun for flights_ops_medallion_pipe to 2026-05-03 00:30:00+00:00, run_after=2026-05-03 01:00:00+00:00
[2026-05-03T00:49:08.577+0000] {processor.py:183} INFO - Processing /opt/airflow/dags/flight-pipeline.py took 2.986 seconds
[2026-05-03T00:49:38.927+0000] {processor.py:161} INFO - Started process (PID=13027) to work on /opt/airflow/dags/flight-pipeline.py
[2026-05-03T00:49:38.952+0000] {processor.py:830} INFO - Processing file /opt/airflow/dags/flight-pipeline.py for tasks to queue
[2026-05-03T00:49:38.975+0000] {logging_mixin.py:188} INFO - [2026-05-03T00:49:38.967+0000] {dagbag.py:545} INFO - Filling up the DagBag from /opt/airflow/dags/flight-pipeline.py
[2026-05-03T00:49:49.431+0000] {processor.py:840} INFO - DAG(s) 'flights_ops_medallion_pipe' retrieved from /opt/airflow/dags/flight-pipeline.py
[2026-05-03T00:49:49.845+0000] {logging_mixin.py:188} INFO - [2026-05-03T00:49:49.840+0000] {dag.py:3089} INFO - Sync 1 DAGs
[2026-05-03T00:49:50.158+0000] {logging_mixin.py:188} INFO - [2026-05-03T00:49:50.156+0000] {dag.py:3947} INFO - Setting next_dagrun for flights_ops_medallion_pipe to 2026-05-03 00:30:00+00:00, run_after=2026-05-03 01:00:00+00:00
[2026-05-03T00:49:50.363+0000] {processor.py:183} INFO - Processing /opt/airflow/dags/flight-pipeline.py took 11.539 seconds
[2026-05-03T00:50:20.934+0000] {processor.py:161} INFO - Started process (PID=13030) to work on /opt/airflow/dags/flight-pipeline.py
[2026-05-03T00:50:20.952+0000] {processor.py:830} INFO - Processing file /opt/airflow/dags/flight-pipeline.py for tasks to queue
[2026-05-03T00:50:20.970+0000] {logging_mixin.py:188} INFO - [2026-05-03T00:50:20.963+0000] {dagbag.py:545} INFO - Filling up the DagBag from /opt/airflow/dags/flight-pipeline.py
[2026-05-03T00:50:31.868+0000] {processor.py:840} INFO - DAG(s) 'flights_ops_medallion_pipe' retrieved from /opt/airflow/dags/flight-pipeline.py
[2026-05-03T00:50:32.383+0000] {logging_mixin.py:188} INFO - [2026-05-03T00:50:32.378+0000] {dag.py:3089} INFO - Sync 1 DAGs
[2026-05-03T00:50:32.865+0000] {logging_mixin.py:188} INFO - [2026-05-03T00:50:32.863+0000] {dag.py:3947} INFO - Setting next_dagrun for flights_ops_medallion_pipe to 2026-05-03 00:30:00+00:00, run_after=2026-05-03 01:00:00+00:00
[2026-05-03T00:50:33.112+0000] {processor.py:183} INFO - Processing /opt/airflow/dags/flight-pipeline.py took 12.305 seconds
[2026-05-03T00:51:04.708+0000] {processor.py:161} INFO - Started process (PID=13033) to work on /opt/airflow/dags/flight-pipeline.py
[2026-05-03T00:51:04.746+0000] {processor.py:830} INFO - Processing file /opt/airflow/dags/flight-pipeline.py for tasks to queue
[2026-05-03T00:51:04.764+0000] {logging_mixin.py:188} INFO - [2026-05-03T00:51:04.757+0000] {dagbag.py:545} INFO - Filling up the DagBag from /opt/airflow/dags/flight-pipeline.py
[2026-05-03T00:51:14.819+0000] {processor.py:840} INFO - DAG(s) 'flights_ops_medallion_pipe' retrieved from /opt/airflow/dags/flight-pipeline.py
[2026-05-03T00:51:15.189+0000] {logging_mixin.py:188} INFO - [2026-05-03T00:51:15.185+0000] {dag.py:3089} INFO - Sync 1 DAGs
[2026-05-03T00:51:15.482+0000] {logging_mixin.py:188} INFO - [2026-05-03T00:51:15.480+0000] {dag.py:3947} INFO - Setting next_dagrun for flights_ops_medallion_pipe to 2026-05-03 00:30:00+00:00, run_after=2026-05-03 01:00:00+00:00
[2026-05-03T00:51:15.720+0000] {processor.py:183} INFO - Processing /opt/airflow/dags/flight-pipeline.py took 11.253 seconds
[2026-05-03T00:51:46.070+0000] {processor.py:161} INFO - Started process (PID=13036) to work on /opt/airflow/dags/flight-pipeline.py
[2026-05-03T00:51:46.090+0000] {processor.py:830} INFO - Processing file /opt/airflow/dags/flight-pipeline.py for tasks to queue
[2026-05-03T00:51:46.101+0000] {logging_mixin.py:188} INFO - [2026-05-03T00:51:46.097+0000] {dagbag.py:545} INFO - Filling up the DagBag from /opt/airflow/dags/flight-pipeline.py
[2026-05-03T00:51:58.873+0000] {processor.py:840} INFO - DAG(s) 'flights_ops_medallion_pipe' retrieved from /opt/airflow/dags/flight-pipeline.py
[2026-05-03T00:51:59.313+0000] {logging_mixin.py:188} INFO - [2026-05-03T00:51:59.309+0000] {dag.py:3089} INFO - Sync 1 DAGs
[2026-05-03T00:51:59.695+0000] {logging_mixin.py:188} INFO - [2026-05-03T00:51:59.692+0000] {dag.py:3947} INFO - Setting next_dagrun for flights_ops_medallion_pipe to 2026-05-03 00:30:00+00:00, run_after=2026-05-03 01:00:00+00:00
[2026-05-03T00:51:59.926+0000] {processor.py:183} INFO - Processing /opt/airflow/dags/flight-pipeline.py took 13.983 seconds
[2026-05-03T00:52:30.600+0000] {processor.py:161} INFO - Started process (PID=13039) to work on /opt/airflow/dags/flight-pipeline.py
[2026-05-03T00:52:30.613+0000] {processor.py:830} INFO - Processing file /opt/airflow/dags/flight-pipeline.py for tasks to queue
[2026-05-03T00:52:30.624+0000] {logging_mixin.py:188} INFO - [2026-05-03T00:52:30.620+0000] {dagbag.py:545} INFO - Filling up the DagBag from /opt/airflow/dags/flight-pipeline.py
[2026-05-03T00:52:40.768+0000] {processor.py:840} INFO - DAG(s) 'flights_ops_medallion_pipe' retrieved from /opt/airflow/dags/flight-pipeline.py
[2026-05-03T00:52:41.181+0000] {logging_mixin.py:188} INFO - [2026-05-03T00:52:41.176+0000] {dag.py:3089} INFO - Sync 1 DAGs
[2026-05-03T00:52:41.447+0000] {logging_mixin.py:188} INFO - [2026-05-03T00:52:41.444+0000] {dag.py:3947} INFO - Setting next_dagrun for flights_ops_medallion_pipe to 2026-05-03 00:30:00+00:00, run_after=2026-05-03 01:00:00+00:00
[2026-05-03T00:52:41.632+0000] {processor.py:183} INFO - Processing /opt/airflow/dags/flight-pipeline.py took 11.123 seconds
[2026-05-03T00:53:12.578+0000] {processor.py:161} INFO - Started process (PID=13042) to work on /opt/airflow/dags/flight-pipeline.py
[2026-05-03T00:53:12.593+0000] {processor.py:830} INFO - Processing file /opt/airflow/dags/flight-pipeline.py for tasks to queue
[2026-05-03T00:53:12.604+0000] {logging_mixin.py:188} INFO - [2026-05-03T00:53:12.600+0000] {dagbag.py:545} INFO - Filling up the DagBag from /opt/airflow/dags/flight-pipeline.py
[2026-05-03T00:53:23.634+0000] {processor.py:840} INFO - DAG(s) 'flights_ops_medallion_pipe' retrieved from /opt/airflow/dags/flight-pipeline.py
[2026-05-03T00:53:24.494+0000] {logging_mixin.py:188} INFO - [2026-05-03T00:53:24.486+0000] {dag.py:3089} INFO - Sync 1 DAGs
[2026-05-03T00:53:24.846+0000] {logging_mixin.py:188} INFO - [2026-05-03T00:53:24.844+0000] {dag.py:3947} INFO - Setting next_dagrun for flights_ops_medallion_pipe to 2026-05-03 00:30:00+00:00, run_after=2026-05-03 01:00:00+00:00
[2026-05-03T00:53:25.069+0000] {processor.py:183} INFO - Processing /opt/airflow/dags/flight-pipeline.py took 12.598 seconds
[2026-05-03T00:53:56.548+0000] {processor.py:161} INFO - Started process (PID=13045) to work on /opt/airflow/dags/flight-pipeline.py
[2026-05-03T00:53:56.581+0000] {processor.py:830} INFO - Processing file /opt/airflow/dags/flight-pipeline.py for tasks to queue
[2026-05-03T00:53:56.606+0000] {logging_mixin.py:188} INFO - [2026-05-03T00:53:56.596+0000] {dagbag.py:545} INFO - Filling up the DagBag from /opt/airflow/dags/flight-pipeline.py
[2026-05-03T00:54:08.225+0000] {processor.py:840} INFO - DAG(s) 'flights_ops_medallion_pipe' retrieved from /opt/airflow/dags/flight-pipeline.py
[2026-05-03T00:54:08.669+0000] {logging_mixin.py:188} INFO - [2026-05-03T00:54:08.663+0000] {dag.py:3089} INFO - Sync 1 DAGs
[2026-05-03T00:54:09.189+0000] {logging_mixin.py:188} INFO - [2026-05-03T00:54:09.187+0000] {dag.py:3947} INFO - Setting next_dagrun for flights_ops_medallion_pipe to 2026-05-03 00:30:00+00:00, run_after=2026-05-03 01:00:00+00:00
[2026-05-03T00:54:09.395+0000] {processor.py:183} INFO - Processing /opt/airflow/dags/flight-pipeline.py took 13.082 seconds
[2026-05-03T00:54:39.688+0000] {processor.py:161} INFO - Started process (PID=13048) to work on /opt/airflow/dags/flight-pipeline.py
[2026-05-03T00:54:39.693+0000] {processor.py:830} INFO - Processing file /opt/airflow/dags/flight-pipeline.py for tasks to queue
[2026-05-03T00:54:39.697+0000] {logging_mixin.py:188} INFO - [2026-05-03T00:54:39.696+0000] {dagbag.py:545} INFO - Filling up the DagBag from /opt/airflow/dags/flight-pipeline.py
[2026-05-03T00:54:42.393+0000] {processor.py:840} INFO - DAG(s) 'flights_ops_medallion_pipe' retrieved from /opt/airflow/dags/flight-pipeline.py
[2026-05-03T00:54:42.598+0000] {logging_mixin.py:188} INFO - [2026-05-03T00:54:42.596+0000] {dag.py:3089} INFO - Sync 1 DAGs
[2026-05-03T00:54:42.796+0000] {logging_mixin.py:188} INFO - [2026-05-03T00:54:42.796+0000] {dag.py:3947} INFO - Setting next_dagrun for flights_ops_medallion_pipe to 2026-05-03 00:30:00+00:00, run_after=2026-05-03 01:00:00+00:00
[2026-05-03T00:54:44.704+0000] {processor.py:183} INFO - Processing /opt/airflow/dags/flight-pipeline.py took 5.045 seconds
[2026-05-03T00:55:15.631+0000] {processor.py:161} INFO - Started process (PID=13051) to work on /opt/airflow/dags/flight-pipeline.py
[2026-05-03T00:55:15.655+0000] {processor.py:830} INFO - Processing file /opt/airflow/dags/flight-pipeline.py for tasks to queue
[2026-05-03T00:55:15.668+0000] {logging_mixin.py:188} INFO - [2026-05-03T00:55:15.664+0000] {dagbag.py:545} INFO - Filling up the DagBag from /opt/airflow/dags/flight-pipeline.py
[2026-05-03T00:55:25.383+0000] {processor.py:840} INFO - DAG(s) 'flights_ops_medallion_pipe' retrieved from /opt/airflow/dags/flight-pipeline.py
[2026-05-03T00:55:25.799+0000] {logging_mixin.py:188} INFO - [2026-05-03T00:55:25.787+0000] {dag.py:3089} INFO - Sync 1 DAGs
[2026-05-03T00:55:26.127+0000] {logging_mixin.py:188} INFO - [2026-05-03T00:55:26.124+0000] {dag.py:3947} INFO - Setting next_dagrun for flights_ops_medallion_pipe to 2026-05-03 00:30:00+00:00, run_after=2026-05-03 01:00:00+00:00
[2026-05-03T00:55:26.329+0000] {processor.py:183} INFO - Processing /opt/airflow/dags/flight-pipeline.py took 10.814 seconds
[2026-05-03T00:55:57.067+0000] {processor.py:161} INFO - Started process (PID=13054) to work on /opt/airflow/dags/flight-pipeline.py
[2026-05-03T00:55:57.107+0000] {processor.py:830} INFO - Processing file /opt/airflow/dags/flight-pipeline.py for tasks to queue
[2026-05-03T00:55:57.132+0000] {logging_mixin.py:188} INFO - [2026-05-03T00:55:57.124+0000] {dagbag.py:545} INFO - Filling up the DagBag from /opt/airflow/dags/flight-pipeline.py
[2026-05-03T00:56:07.736+0000] {processor.py:840} INFO - DAG(s) 'flights_ops_medallion_pipe' retrieved from /opt/airflow/dags/flight-pipeline.py
[2026-05-03T00:56:08.294+0000] {logging_mixin.py:188} INFO - [2026-05-03T00:56:08.289+0000] {dag.py:3089} INFO - Sync 1 DAGs
[2026-05-03T00:56:08.574+0000] {logging_mixin.py:188} INFO - [2026-05-03T00:56:08.571+0000] {dag.py:3947} INFO - Setting next_dagrun for flights_ops_medallion_pipe to 2026-05-03 00:30:00+00:00, run_after=2026-05-03 01:00:00+00:00
[2026-05-03T00:56:08.792+0000] {processor.py:183} INFO - Processing /opt/airflow/dags/flight-pipeline.py took 11.945 seconds
[2026-05-03T00:56:39.221+0000] {processor.py:161} INFO - Started process (PID=13057) to work on /opt/airflow/dags/flight-pipeline.py
[2026-05-03T00:56:39.244+0000] {processor.py:830} INFO - Processing file /opt/airflow/dags/flight-pipeline.py for tasks to queue
[2026-05-03T00:56:39.258+0000] {logging_mixin.py:188} INFO - [2026-05-03T00:56:39.254+0000] {dagbag.py:545} INFO - Filling up the DagBag from /opt/airflow/dags/flight-pipeline.py
[2026-05-03T00:56:51.106+0000] {processor.py:840} INFO - DAG(s) 'flights_ops_medallion_pipe' retrieved from /opt/airflow/dags/flight-pipeline.py
[2026-05-03T00:56:51.577+0000] {logging_mixin.py:188} INFO - [2026-05-03T00:56:51.571+0000] {dag.py:3089} INFO - Sync 1 DAGs
[2026-05-03T00:56:51.989+0000] {logging_mixin.py:188} INFO - [2026-05-03T00:56:51.986+0000] {dag.py:3947} INFO - Setting next_dagrun for flights_ops_medallion_pipe to 2026-05-03 00:30:00+00:00, run_after=2026-05-03 01:00:00+00:00
[2026-05-03T00:56:52.253+0000] {processor.py:183} INFO - Processing /opt/airflow/dags/flight-pipeline.py took 13.159 seconds
[2026-05-03T00:57:22.672+0000] {processor.py:161} INFO - Started process (PID=13060) to work on /opt/airflow/dags/flight-pipeline.py
[2026-05-03T00:57:22.687+0000] {processor.py:830} INFO - Processing file /opt/airflow/dags/flight-pipeline.py for tasks to queue
[2026-05-03T00:57:22.699+0000] {logging_mixin.py:188} INFO - [2026-05-03T00:57:22.695+0000] {dagbag.py:545} INFO - Filling up the DagBag from /opt/airflow/dags/flight-pipeline.py
[2026-05-03T00:57:32.821+0000] {processor.py:840} INFO - DAG(s) 'flights_ops_medallion_pipe' retrieved from /opt/airflow/dags/flight-pipeline.py
[2026-05-03T00:57:33.184+0000] {logging_mixin.py:188} INFO - [2026-05-03T00:57:33.180+0000] {dag.py:3089} INFO - Sync 1 DAGs
[2026-05-03T00:57:33.466+0000] {logging_mixin.py:188} INFO - [2026-05-03T00:57:33.464+0000] {dag.py:3947} INFO - Setting next_dagrun for flights_ops_medallion_pipe to 2026-05-03 00:30:00+00:00, run_after=2026-05-03 01:00:00+00:00
[2026-05-03T00:57:33.768+0000] {processor.py:183} INFO - Processing /opt/airflow/dags/flight-pipeline.py took 11.184 seconds
[2026-05-03T00:58:04.314+0000] {processor.py:161} INFO - Started process (PID=13063) to work on /opt/airflow/dags/flight-pipeline.py
[2026-05-03T00:58:04.348+0000] {processor.py:830} INFO - Processing file /opt/airflow/dags/flight-pipeline.py for tasks to queue
[2026-05-03T00:58:04.379+0000] {logging_mixin.py:188} INFO - [2026-05-03T00:58:04.368+0000] {dagbag.py:545} INFO - Filling up the DagBag from /opt/airflow/dags/flight-pipeline.py
[2026-05-03T00:58:14.315+0000] {processor.py:840} INFO - DAG(s) 'flights_ops_medallion_pipe' retrieved from /opt/airflow/dags/flight-pipeline.py
[2026-05-03T00:58:14.865+0000] {logging_mixin.py:188} INFO - [2026-05-03T00:58:14.860+0000] {dag.py:3089} INFO - Sync 1 DAGs
[2026-05-03T00:58:15.144+0000] {logging_mixin.py:188} INFO - [2026-05-03T00:58:15.142+0000] {dag.py:3947} INFO - Setting next_dagrun for flights_ops_medallion_pipe to 2026-05-03 00:30:00+00:00, run_after=2026-05-03 01:00:00+00:00
[2026-05-03T00:58:15.355+0000] {processor.py:183} INFO - Processing /opt/airflow/dags/flight-pipeline.py took 11.222 seconds
[2026-05-03T00:58:46.599+0000] {processor.py:161} INFO - Started process (PID=13066) to work on /opt/airflow/dags/flight-pipeline.py
[2026-05-03T00:58:46.619+0000] {processor.py:830} INFO - Processing file /opt/airflow/dags/flight-pipeline.py for tasks to queue
[2026-05-03T00:58:46.630+0000] {logging_mixin.py:188} INFO - [2026-05-03T00:58:46.626+0000] {dagbag.py:545} INFO - Filling up the DagBag from /opt/airflow/dags/flight-pipeline.py
[2026-05-03T00:58:56.241+0000] {processor.py:840} INFO - DAG(s) 'flights_ops_medallion_pipe' retrieved from /opt/airflow/dags/flight-pipeline.py
[2026-05-03T00:58:56.920+0000] {logging_mixin.py:188} INFO - [2026-05-03T00:58:56.915+0000] {dag.py:3089} INFO - Sync 1 DAGs
[2026-05-03T00:58:57.697+0000] {logging_mixin.py:188} INFO - [2026-05-03T00:58:57.691+0000] {dag.py:3947} INFO - Setting next_dagrun for flights_ops_medallion_pipe to 2026-05-03 00:30:00+00:00, run_after=2026-05-03 01:00:00+00:00
[2026-05-03T00:58:58.100+0000] {processor.py:183} INFO - Processing /opt/airflow/dags/flight-pipeline.py took 11.587 seconds
[2026-05-03T00:59:29.064+0000] {processor.py:161} INFO - Started process (PID=13069) to work on /opt/airflow/dags/flight-pipeline.py
[2026-05-03T00:59:29.082+0000] {processor.py:830} INFO - Processing file /opt/airflow/dags/flight-pipeline.py for tasks to queue
[2026-05-03T00:59:29.095+0000] {logging_mixin.py:188} INFO - [2026-05-03T00:59:29.091+0000] {dagbag.py:545} INFO - Filling up the DagBag from /opt/airflow/dags/flight-pipeline.py
[2026-05-03T00:59:39.852+0000] {processor.py:840} INFO - DAG(s) 'flights_ops_medallion_pipe' retrieved from /opt/airflow/dags/flight-pipeline.py
[2026-05-03T00:59:40.229+0000] {logging_mixin.py:188} INFO - [2026-05-03T00:59:40.224+0000] {dag.py:3089} INFO - Sync 1 DAGs
[2026-05-03T00:59:40.523+0000] {logging_mixin.py:188} INFO - [2026-05-03T00:59:40.521+0000] {dag.py:3947} INFO - Setting next_dagrun for flights_ops_medallion_pipe to 2026-05-03 00:30:00+00:00, run_after=2026-05-03 01:00:00+00:00
[2026-05-03T00:59:40.750+0000] {processor.py:183} INFO - Processing /opt/airflow/dags/flight-pipeline.py took 11.770 seconds
[2026-05-03T01:00:11.967+0000] {processor.py:161} INFO - Started process (PID=13073) to work on /opt/airflow/dags/flight-pipeline.py
[2026-05-03T01:00:11.987+0000] {processor.py:830} INFO - Processing file /opt/airflow/dags/flight-pipeline.py for tasks to queue
[2026-05-03T01:00:11.999+0000] {logging_mixin.py:188} INFO - [2026-05-03T01:00:11.995+0000] {dagbag.py:545} INFO - Filling up the DagBag from /opt/airflow/dags/flight-pipeline.py
[2026-05-03T01:00:23.474+0000] {processor.py:840} INFO - DAG(s) 'flights_ops_medallion_pipe' retrieved from /opt/airflow/dags/flight-pipeline.py
[2026-05-03T01:00:24.047+0000] {logging_mixin.py:188} INFO - [2026-05-03T01:00:24.035+0000] {dag.py:3089} INFO - Sync 1 DAGs
[2026-05-03T01:00:24.756+0000] {logging_mixin.py:188} INFO - [2026-05-03T01:00:24.752+0000] {dag.py:3947} INFO - Setting next_dagrun for flights_ops_medallion_pipe to 2026-05-03 01:00:00+00:00, run_after=2026-05-03 01:30:00+00:00
[2026-05-03T01:00:25.020+0000] {processor.py:183} INFO - Processing /opt/airflow/dags/flight-pipeline.py took 13.145 seconds
[2026-05-03T01:00:55.703+0000] {processor.py:161} INFO - Started process (PID=13084) to work on /opt/airflow/dags/flight-pipeline.py
[2026-05-03T01:00:55.731+0000] {processor.py:830} INFO - Processing file /opt/airflow/dags/flight-pipeline.py for tasks to queue
[2026-05-03T01:00:55.750+0000] {logging_mixin.py:188} INFO - [2026-05-03T01:00:55.745+0000] {dagbag.py:545} INFO - Filling up the DagBag from /opt/airflow/dags/flight-pipeline.py
[2026-05-03T01:01:10.177+0000] {processor.py:840} INFO - DAG(s) 'flights_ops_medallion_pipe' retrieved from /opt/airflow/dags/flight-pipeline.py
[2026-05-03T01:01:12.024+0000] {logging_mixin.py:188} INFO - [2026-05-03T01:01:12.019+0000] {dag.py:3089} INFO - Sync 1 DAGs
[2026-05-03T01:01:12.525+0000] {logging_mixin.py:188} INFO - [2026-05-03T01:01:12.520+0000] {dag.py:3947} INFO - Setting next_dagrun for flights_ops_medallion_pipe to 2026-05-03 01:00:00+00:00, run_after=2026-05-03 01:30:00+00:00
[2026-05-03T01:01:25.679+0000] {processor.py:183} INFO - Processing /opt/airflow/dags/flight-pipeline.py took 30.121 seconds
[2026-05-03T01:01:56.403+0000] {processor.py:161} INFO - Started process (PID=13090) to work on /opt/airflow/dags/flight-pipeline.py
[2026-05-03T01:01:56.416+0000] {processor.py:830} INFO - Processing file /opt/airflow/dags/flight-pipeline.py for tasks to queue
[2026-05-03T01:01:56.428+0000] {logging_mixin.py:188} INFO - [2026-05-03T01:01:56.424+0000] {dagbag.py:545} INFO - Filling up the DagBag from /opt/airflow/dags/flight-pipeline.py
[2026-05-03T01:02:11.484+0000] {processor.py:840} INFO - DAG(s) 'flights_ops_medallion_pipe' retrieved from /opt/airflow/dags/flight-pipeline.py
[2026-05-03T01:17:09.138+0000] {logging_mixin.py:188} INFO - [2026-05-03T01:17:08.270+0000] {dag.py:3089} INFO - Sync 1 DAGs
[2026-05-03T01:17:10.292+0000] {logging_mixin.py:188} INFO - [2026-05-03T01:17:10.291+0000] {dag.py:3947} INFO - Setting next_dagrun for flights_ops_medallion_pipe to 2026-05-03 01:00:00+00:00, run_after=2026-05-03 01:30:00+00:00
[2026-05-03T01:17:45.963+0000] {processor.py:161} INFO - Started process (PID=13094) to work on /opt/airflow/dags/flight-pipeline.py
[2026-05-03T01:17:45.986+0000] {processor.py:830} INFO - Processing file /opt/airflow/dags/flight-pipeline.py for tasks to queue
[2026-05-03T01:17:46.024+0000] {logging_mixin.py:188} INFO - [2026-05-03T01:17:46.007+0000] {dagbag.py:545} INFO - Filling up the DagBag from /opt/airflow/dags/flight-pipeline.py
[2026-05-03T01:18:16.643+0000] {logging_mixin.py:188} INFO - [2026-05-03T01:18:16.505+0000] {timeout.py:68} ERROR - Process timed out, PID: 13094
[2026-05-03T01:33:57.471+0000] {processor.py:161} INFO - Started process (PID=13104) to work on /opt/airflow/dags/flight-pipeline.py
[2026-05-03T01:33:57.480+0000] {processor.py:830} INFO - Processing file /opt/airflow/dags/flight-pipeline.py for tasks to queue
[2026-05-03T01:33:57.483+0000] {logging_mixin.py:188} INFO - [2026-05-03T01:33:57.482+0000] {dagbag.py:545} INFO - Filling up the DagBag from /opt/airflow/dags/flight-pipeline.py
[2026-05-03T01:34:02.992+0000] {processor.py:840} INFO - DAG(s) 'flights_ops_medallion_pipe' retrieved from /opt/airflow/dags/flight-pipeline.py
[2026-05-03T01:35:17.896+0000] {processor.py:161} INFO - Started process (PID=13107) to work on /opt/airflow/dags/flight-pipeline.py
[2026-05-03T01:35:17.906+0000] {processor.py:830} INFO - Processing file /opt/airflow/dags/flight-pipeline.py for tasks to queue
[2026-05-03T01:35:17.918+0000] {logging_mixin.py:188} INFO - [2026-05-03T01:35:17.911+0000] {dagbag.py:545} INFO - Filling up the DagBag from /opt/airflow/dags/flight-pipeline.py
[2026-05-03T01:35:24.184+0000] {processor.py:840} INFO - DAG(s) 'flights_ops_medallion_pipe' retrieved from /opt/airflow/dags/flight-pipeline.py
[2026-05-03T01:35:25.017+0000] {logging_mixin.py:188} INFO - [2026-05-03T01:35:25.016+0000] {dag.py:3089} INFO - Sync 1 DAGs
[2026-05-03T01:35:26.996+0000] {logging_mixin.py:188} INFO - [2026-05-03T01:35:26.995+0000] {dag.py:3947} INFO - Setting next_dagrun for flights_ops_medallion_pipe to 2026-05-03 01:00:00+00:00, run_after=2026-05-03 01:30:00+00:00
[2026-05-03T01:35:27.081+0000] {processor.py:183} INFO - Processing /opt/airflow/dags/flight-pipeline.py took 9.283 seconds
[2026-05-03T01:51:30.538+0000] {processor.py:161} INFO - Started process (PID=13123) to work on /opt/airflow/dags/flight-pipeline.py
[2026-05-03T01:51:30.541+0000] {processor.py:830} INFO - Processing file /opt/airflow/dags/flight-pipeline.py for tasks to queue
[2026-05-03T01:51:30.552+0000] {logging_mixin.py:188} INFO - [2026-05-03T01:51:30.550+0000] {dagbag.py:545} INFO - Filling up the DagBag from /opt/airflow/dags/flight-pipeline.py
[2026-05-03T01:51:32.360+0000] {processor.py:840} INFO - DAG(s) 'flights_ops_medallion_pipe' retrieved from /opt/airflow/dags/flight-pipeline.py
[2026-05-03T01:51:32.441+0000] {logging_mixin.py:188} INFO - [2026-05-03T01:51:32.440+0000] {dag.py:3089} INFO - Sync 1 DAGs
[2026-05-03T01:51:32.511+0000] {logging_mixin.py:188} INFO - [2026-05-03T01:51:32.511+0000] {dag.py:3947} INFO - Setting next_dagrun for flights_ops_medallion_pipe to 2026-05-03 01:30:00+00:00, run_after=2026-05-03 02:00:00+00:00
[2026-05-03T01:51:32.548+0000] {processor.py:183} INFO - Processing /opt/airflow/dags/flight-pipeline.py took 2.044 seconds
[2026-05-03T01:52:03.923+0000] {processor.py:161} INFO - Started process (PID=13137) to work on /opt/airflow/dags/flight-pipeline.py
[2026-05-03T01:52:03.956+0000] {processor.py:830} INFO - Processing file /opt/airflow/dags/flight-pipeline.py for tasks to queue
[2026-05-03T01:52:03.974+0000] {logging_mixin.py:188} INFO - [2026-05-03T01:52:03.966+0000] {dagbag.py:545} INFO - Filling up the DagBag from /opt/airflow/dags/flight-pipeline.py
[2026-05-03T01:52:27.214+0000] {processor.py:840} INFO - DAG(s) 'flights_ops_medallion_pipe' retrieved from /opt/airflow/dags/flight-pipeline.py
[2026-05-03T01:52:28.149+0000] {logging_mixin.py:188} INFO - [2026-05-03T01:52:28.140+0000] {dag.py:3089} INFO - Sync 1 DAGs
[2026-05-03T01:52:30.419+0000] {logging_mixin.py:188} INFO - [2026-05-03T01:52:30.408+0000] {dag.py:3947} INFO - Setting next_dagrun for flights_ops_medallion_pipe to 2026-05-03 01:30:00+00:00, run_after=2026-05-03 02:00:00+00:00
[2026-05-03T01:52:31.200+0000] {processor.py:183} INFO - Processing /opt/airflow/dags/flight-pipeline.py took 27.682 seconds
[2026-05-03T02:09:12.325+0000] {processor.py:161} INFO - Started process (PID=13141) to work on /opt/airflow/dags/flight-pipeline.py
[2026-05-03T02:09:12.332+0000] {processor.py:830} INFO - Processing file /opt/airflow/dags/flight-pipeline.py for tasks to queue
[2026-05-03T02:09:12.381+0000] {logging_mixin.py:188} INFO - [2026-05-03T02:09:12.335+0000] {dagbag.py:545} INFO - Filling up the DagBag from /opt/airflow/dags/flight-pipeline.py
[2026-05-03T02:09:14.354+0000] {processor.py:840} INFO - DAG(s) 'flights_ops_medallion_pipe' retrieved from /opt/airflow/dags/flight-pipeline.py
[2026-05-03T02:09:14.472+0000] {logging_mixin.py:188} INFO - [2026-05-03T02:09:14.471+0000] {dag.py:3089} INFO - Sync 1 DAGs
[2026-05-03T02:09:14.541+0000] {logging_mixin.py:188} INFO - [2026-05-03T02:09:14.541+0000] {dag.py:3947} INFO - Setting next_dagrun for flights_ops_medallion_pipe to 2026-05-03 01:30:00+00:00, run_after=2026-05-03 02:00:00+00:00
[2026-05-03T02:09:14.602+0000] {processor.py:183} INFO - Processing /opt/airflow/dags/flight-pipeline.py took 2.306 seconds
[2026-05-03T02:09:45.491+0000] {processor.py:161} INFO - Started process (PID=13165) to work on /opt/airflow/dags/flight-pipeline.py
[2026-05-03T02:09:45.513+0000] {processor.py:830} INFO - Processing file /opt/airflow/dags/flight-pipeline.py for tasks to queue
[2026-05-03T02:09:45.533+0000] {logging_mixin.py:188} INFO - [2026-05-03T02:09:45.527+0000] {dagbag.py:545} INFO - Filling up the DagBag from /opt/airflow/dags/flight-pipeline.py
[2026-05-03T02:10:01.950+0000] {processor.py:840} INFO - DAG(s) 'flights_ops_medallion_pipe' retrieved from /opt/airflow/dags/flight-pipeline.py
[2026-05-03T02:10:02.857+0000] {logging_mixin.py:188} INFO - [2026-05-03T02:10:02.842+0000] {dag.py:3089} INFO - Sync 1 DAGs
[2026-05-03T02:10:03.543+0000] {logging_mixin.py:188} INFO - [2026-05-03T02:10:03.538+0000] {dag.py:3947} INFO - Setting next_dagrun for flights_ops_medallion_pipe to 2026-05-03 02:00:00+00:00, run_after=2026-05-03 02:30:00+00:00
[2026-05-03T02:10:03.916+0000] {processor.py:183} INFO - Processing /opt/airflow/dags/flight-pipeline.py took 18.567 seconds
[2026-05-03T02:25:55.506+0000] {processor.py:161} INFO - Started process (PID=13179) to work on /opt/airflow/dags/flight-pipeline.py
[2026-05-03T02:25:55.511+0000] {processor.py:830} INFO - Processing file /opt/airflow/dags/flight-pipeline.py for tasks to queue
[2026-05-03T02:25:55.513+0000] {logging_mixin.py:188} INFO - [2026-05-03T02:25:55.512+0000] {dagbag.py:545} INFO - Filling up the DagBag from /opt/airflow/dags/flight-pipeline.py
[2026-05-03T02:25:58.841+0000] {processor.py:840} INFO - DAG(s) 'flights_ops_medallion_pipe' retrieved from /opt/airflow/dags/flight-pipeline.py
[2026-05-03T02:25:58.987+0000] {logging_mixin.py:188} INFO - [2026-05-03T02:25:58.984+0000] {dag.py:3089} INFO - Sync 1 DAGs
[2026-05-03T02:25:59.074+0000] {logging_mixin.py:188} INFO - [2026-05-03T02:25:59.073+0000] {dag.py:3947} INFO - Setting next_dagrun for flights_ops_medallion_pipe to 2026-05-03 02:00:00+00:00, run_after=2026-05-03 02:30:00+00:00
[2026-05-03T02:25:59.126+0000] {processor.py:183} INFO - Processing /opt/airflow/dags/flight-pipeline.py took 3.634 seconds
[2026-05-03T02:26:29.619+0000] {processor.py:161} INFO - Started process (PID=13193) to work on /opt/airflow/dags/flight-pipeline.py
[2026-05-03T02:26:29.653+0000] {processor.py:830} INFO - Processing file /opt/airflow/dags/flight-pipeline.py for tasks to queue
[2026-05-03T02:26:29.683+0000] {logging_mixin.py:188} INFO - [2026-05-03T02:26:29.667+0000] {dagbag.py:545} INFO - Filling up the DagBag from /opt/airflow/dags/flight-pipeline.py
[2026-05-03T02:26:46.378+0000] {processor.py:840} INFO - DAG(s) 'flights_ops_medallion_pipe' retrieved from /opt/airflow/dags/flight-pipeline.py
[2026-05-03T02:26:47.050+0000] {logging_mixin.py:188} INFO - [2026-05-03T02:26:47.043+0000] {taskinstance.py:2907} ERROR - {'DAG Id': 'flights_ops_medallion_pipe', 'Task Id': 'snowflake_load', 'Run Id': 'scheduled__2026-05-03T01:00:00+00:00', 'Hostname': 'b5a862a7c6f4'}
[2026-05-03T02:26:47.554+0000] {logging_mixin.py:188} INFO - [2026-05-03T02:26:47.552+0000] {taskinstance.py:1206} INFO - Marking task as FAILED. dag_id=flights_ops_medallion_pipe, task_id=snowflake_load, run_id=scheduled__2026-05-03T01:00:00+00:00, execution_date=20260503T010000, start_date=20260503T021031, end_date=20260503T022647
[2026-05-03T02:26:47.730+0000] {processor.py:791} INFO - Executed failure callback for <TaskInstance: flights_ops_medallion_pipe.snowflake_load scheduled__2026-05-03T01:00:00+00:00 [failed]> in state failed
[2026-05-03T02:26:48.072+0000] {logging_mixin.py:188} INFO - [2026-05-03T02:26:48.068+0000] {dag.py:3089} INFO - Sync 1 DAGs
[2026-05-03T02:26:48.647+0000] {logging_mixin.py:188} INFO - [2026-05-03T02:26:48.641+0000] {dag.py:3947} INFO - Setting next_dagrun for flights_ops_medallion_pipe to 2026-05-03 02:00:00+00:00, run_after=2026-05-03 02:30:00+00:00
[2026-05-03T02:26:48.919+0000] {processor.py:183} INFO - Processing /opt/airflow/dags/flight-pipeline.py took 19.502 seconds
[2026-05-03T02:34:58.185+0000] {processor.py:161} INFO - Started process (PID=13198) to work on /opt/airflow/dags/flight-pipeline.py
[2026-05-03T02:34:58.190+0000] {processor.py:830} INFO - Processing file /opt/airflow/dags/flight-pipeline.py for tasks to queue
[2026-05-03T02:34:58.192+0000] {logging_mixin.py:188} INFO - [2026-05-03T02:34:58.192+0000] {dagbag.py:545} INFO - Filling up the DagBag from /opt/airflow/dags/flight-pipeline.py
[2026-05-03T02:34:59.712+0000] {processor.py:840} INFO - DAG(s) 'flights_ops_medallion_pipe' retrieved from /opt/airflow/dags/flight-pipeline.py
[2026-05-03T02:34:59.745+0000] {logging_mixin.py:188} INFO - [2026-05-03T02:34:59.744+0000] {taskinstance.py:2907} ERROR - {'DAG Id': 'flights_ops_medallion_pipe', 'Task Id': 'snowflake_load', 'Run Id': 'scheduled__2026-05-03T01:00:00+00:00', 'Hostname': 'b5a862a7c6f4'}
[2026-05-03T02:34:59.765+0000] {logging_mixin.py:188} INFO - [2026-05-03T02:34:59.765+0000] {taskinstance.py:1206} INFO - Marking task as FAILED. dag_id=flights_ops_medallion_pipe, task_id=snowflake_load, run_id=scheduled__2026-05-03T01:00:00+00:00, execution_date=20260503T010000, start_date=20260503T021031, end_date=20260503T023459
[2026-05-03T02:34:59.775+0000] {processor.py:791} INFO - Executed failure callback for <TaskInstance: flights_ops_medallion_pipe.snowflake_load scheduled__2026-05-03T01:00:00+00:00 [failed]> in state failed
[2026-05-03T02:34:59.796+0000] {logging_mixin.py:188} INFO - [2026-05-03T02:34:59.795+0000] {dag.py:3089} INFO - Sync 1 DAGs
[2026-05-03T02:34:59.818+0000] {logging_mixin.py:188} INFO - [2026-05-03T02:34:59.818+0000] {dag.py:3947} INFO - Setting next_dagrun for flights_ops_medallion_pipe to 2026-05-03 02:00:00+00:00, run_after=2026-05-03 02:30:00+00:00
[2026-05-03T02:34:59.837+0000] {processor.py:183} INFO - Processing /opt/airflow/dags/flight-pipeline.py took 1.683 seconds
[2026-05-03T02:35:30.201+0000] {processor.py:161} INFO - Started process (PID=13222) to work on /opt/airflow/dags/flight-pipeline.py
[2026-05-03T02:35:30.227+0000] {processor.py:830} INFO - Processing file /opt/airflow/dags/flight-pipeline.py for tasks to queue
[2026-05-03T02:35:30.242+0000] {logging_mixin.py:188} INFO - [2026-05-03T02:35:30.236+0000] {dagbag.py:545} INFO - Filling up the DagBag from /opt/airflow/dags/flight-pipeline.py
[2026-05-03T02:35:46.420+0000] {processor.py:840} INFO - DAG(s) 'flights_ops_medallion_pipe' retrieved from /opt/airflow/dags/flight-pipeline.py
[2026-05-03T02:35:47.229+0000] {logging_mixin.py:188} INFO - [2026-05-03T02:35:47.223+0000] {dag.py:3089} INFO - Sync 1 DAGs
[2026-05-03T02:35:48.067+0000] {logging_mixin.py:188} INFO - [2026-05-03T02:35:48.053+0000] {dag.py:3947} INFO - Setting next_dagrun for flights_ops_medallion_pipe to 2026-05-03 02:30:00+00:00, run_after=2026-05-03 03:00:00+00:00
[2026-05-03T02:35:48.576+0000] {processor.py:183} INFO - Processing /opt/airflow/dags/flight-pipeline.py took 18.493 seconds
[2026-05-03T02:52:13.183+0000] {processor.py:161} INFO - Started process (PID=13228) to work on /opt/airflow/dags/flight-pipeline.py
[2026-05-03T02:52:13.188+0000] {processor.py:830} INFO - Processing file /opt/airflow/dags/flight-pipeline.py for tasks to queue
[2026-05-03T02:52:13.192+0000] {logging_mixin.py:188} INFO - [2026-05-03T02:52:13.190+0000] {dagbag.py:545} INFO - Filling up the DagBag from /opt/airflow/dags/flight-pipeline.py
[2026-05-03T02:52:14.824+0000] {processor.py:840} INFO - DAG(s) 'flights_ops_medallion_pipe' retrieved from /opt/airflow/dags/flight-pipeline.py
[2026-05-03T02:52:14.897+0000] {logging_mixin.py:188} INFO - [2026-05-03T02:52:14.896+0000] {dag.py:3089} INFO - Sync 1 DAGs
[2026-05-03T02:52:14.943+0000] {logging_mixin.py:188} INFO - [2026-05-03T02:52:14.942+0000] {dag.py:3947} INFO - Setting next_dagrun for flights_ops_medallion_pipe to 2026-05-03 02:30:00+00:00, run_after=2026-05-03 03:00:00+00:00
[2026-05-03T02:52:14.974+0000] {processor.py:183} INFO - Processing /opt/airflow/dags/flight-pipeline.py took 1.861 seconds
[2026-05-03T02:52:46.094+0000] {processor.py:161} INFO - Started process (PID=13241) to work on /opt/airflow/dags/flight-pipeline.py
[2026-05-03T02:52:46.129+0000] {processor.py:830} INFO - Processing file /opt/airflow/dags/flight-pipeline.py for tasks to queue
[2026-05-03T02:52:46.157+0000] {logging_mixin.py:188} INFO - [2026-05-03T02:52:46.143+0000] {dagbag.py:545} INFO - Filling up the DagBag from /opt/airflow/dags/flight-pipeline.py
[2026-05-03T02:53:00.598+0000] {processor.py:840} INFO - DAG(s) 'flights_ops_medallion_pipe' retrieved from /opt/airflow/dags/flight-pipeline.py
[2026-05-03T02:53:01.161+0000] {logging_mixin.py:188} INFO - [2026-05-03T02:53:01.152+0000] {dag.py:3089} INFO - Sync 1 DAGs
[2026-05-03T02:53:01.527+0000] {logging_mixin.py:188} INFO - [2026-05-03T02:53:01.525+0000] {dag.py:3947} INFO - Setting next_dagrun for flights_ops_medallion_pipe to 2026-05-03 02:30:00+00:00, run_after=2026-05-03 03:00:00+00:00
[2026-05-03T03:10:43.845+0000] {processor.py:161} INFO - Started process (PID=13244) to work on /opt/airflow/dags/flight-pipeline.py
[2026-05-03T03:10:43.877+0000] {processor.py:830} INFO - Processing file /opt/airflow/dags/flight-pipeline.py for tasks to queue
[2026-05-03T03:10:43.925+0000] {logging_mixin.py:188} INFO - [2026-05-03T03:10:43.900+0000] {dagbag.py:545} INFO - Filling up the DagBag from /opt/airflow/dags/flight-pipeline.py
[2026-05-03T03:10:58.521+0000] {processor.py:840} INFO - DAG(s) 'flights_ops_medallion_pipe' retrieved from /opt/airflow/dags/flight-pipeline.py
[2026-05-03T03:28:56.869+0000] {processor.py:161} INFO - Started process (PID=13267) to work on /opt/airflow/dags/flight-pipeline.py
[2026-05-03T03:28:56.887+0000] {processor.py:830} INFO - Processing file /opt/airflow/dags/flight-pipeline.py for tasks to queue
[2026-05-03T03:28:56.901+0000] {logging_mixin.py:188} INFO - [2026-05-03T03:28:56.895+0000] {dagbag.py:545} INFO - Filling up the DagBag from /opt/airflow/dags/flight-pipeline.py
[2026-05-03T03:29:12.876+0000] {processor.py:840} INFO - DAG(s) 'flights_ops_medallion_pipe' retrieved from /opt/airflow/dags/flight-pipeline.py
[2026-05-03T03:29:22.293+0000] {logging_mixin.py:188} INFO - [2026-05-03T03:29:22.286+0000] {dag.py:3089} INFO - Sync 1 DAGs
[2026-05-03T03:29:22.850+0000] {logging_mixin.py:188} INFO - [2026-05-03T03:29:22.847+0000] {dag.py:3947} INFO - Setting next_dagrun for flights_ops_medallion_pipe to 2026-05-03 02:30:00+00:00, run_after=2026-05-03 03:00:00+00:00
[2026-05-03T03:29:23.142+0000] {processor.py:183} INFO - Processing /opt/airflow/dags/flight-pipeline.py took 26.437 seconds
[2026-05-03T03:36:01.082+0000] {processor.py:161} INFO - Started process (PID=13275) to work on /opt/airflow/dags/flight-pipeline.py
[2026-05-03T03:36:01.088+0000] {processor.py:830} INFO - Processing file /opt/airflow/dags/flight-pipeline.py for tasks to queue
[2026-05-03T03:36:01.099+0000] {logging_mixin.py:188} INFO - [2026-05-03T03:36:01.098+0000] {dagbag.py:545} INFO - Filling up the DagBag from /opt/airflow/dags/flight-pipeline.py
[2026-05-03T03:36:03.562+0000] {processor.py:840} INFO - DAG(s) 'flights_ops_medallion_pipe' retrieved from /opt/airflow/dags/flight-pipeline.py
[2026-05-03T03:36:03.677+0000] {logging_mixin.py:188} INFO - [2026-05-03T03:36:03.676+0000] {dag.py:3089} INFO - Sync 1 DAGs
[2026-05-03T03:36:03.755+0000] {logging_mixin.py:188} INFO - [2026-05-03T03:36:03.755+0000] {dag.py:3947} INFO - Setting next_dagrun for flights_ops_medallion_pipe to 2026-05-03 03:00:00+00:00, run_after=2026-05-03 03:30:00+00:00
[2026-05-03T03:36:03.800+0000] {processor.py:183} INFO - Processing /opt/airflow/dags/flight-pipeline.py took 2.817 seconds
[2026-05-03T03:36:34.688+0000] {processor.py:161} INFO - Started process (PID=13289) to work on /opt/airflow/dags/flight-pipeline.py
[2026-05-03T03:36:34.713+0000] {processor.py:830} INFO - Processing file /opt/airflow/dags/flight-pipeline.py for tasks to queue
[2026-05-03T03:36:34.749+0000] {logging_mixin.py:188} INFO - [2026-05-03T03:36:34.734+0000] {dagbag.py:545} INFO - Filling up the DagBag from /opt/airflow/dags/flight-pipeline.py
[2026-05-03T03:36:52.117+0000] {processor.py:840} INFO - DAG(s) 'flights_ops_medallion_pipe' retrieved from /opt/airflow/dags/flight-pipeline.py
[2026-05-03T03:36:52.759+0000] {logging_mixin.py:188} INFO - [2026-05-03T03:36:52.754+0000] {dag.py:3089} INFO - Sync 1 DAGs
[2026-05-03T03:36:53.282+0000] {logging_mixin.py:188} INFO - [2026-05-03T03:36:53.280+0000] {dag.py:3947} INFO - Setting next_dagrun for flights_ops_medallion_pipe to 2026-05-03 03:00:00+00:00, run_after=2026-05-03 03:30:00+00:00
[2026-05-03T03:36:53.717+0000] {processor.py:183} INFO - Processing /opt/airflow/dags/flight-pipeline.py took 19.220 seconds
[2026-05-03T03:53:17.868+0000] {processor.py:161} INFO - Started process (PID=13302) to work on /opt/airflow/dags/flight-pipeline.py
[2026-05-03T03:53:17.871+0000] {processor.py:830} INFO - Processing file /opt/airflow/dags/flight-pipeline.py for tasks to queue
[2026-05-03T03:53:17.878+0000] {logging_mixin.py:188} INFO - [2026-05-03T03:53:17.874+0000] {dagbag.py:545} INFO - Filling up the DagBag from /opt/airflow/dags/flight-pipeline.py
[2026-05-03T03:53:21.197+0000] {processor.py:840} INFO - DAG(s) 'flights_ops_medallion_pipe' retrieved from /opt/airflow/dags/flight-pipeline.py
[2026-05-03T03:53:21.917+0000] {logging_mixin.py:188} INFO - [2026-05-03T03:53:21.916+0000] {dag.py:3089} INFO - Sync 1 DAGs
[2026-05-03T03:53:22.002+0000] {logging_mixin.py:188} INFO - [2026-05-03T03:53:22.002+0000] {dag.py:3947} INFO - Setting next_dagrun for flights_ops_medallion_pipe to 2026-05-03 03:30:00+00:00, run_after=2026-05-03 04:00:00+00:00
[2026-05-03T03:53:22.047+0000] {processor.py:183} INFO - Processing /opt/airflow/dags/flight-pipeline.py took 4.229 seconds
[2026-05-03T03:53:53.143+0000] {processor.py:161} INFO - Started process (PID=13306) to work on /opt/airflow/dags/flight-pipeline.py
[2026-05-03T03:53:53.165+0000] {processor.py:830} INFO - Processing file /opt/airflow/dags/flight-pipeline.py for tasks to queue
[2026-05-03T03:53:53.180+0000] {logging_mixin.py:188} INFO - [2026-05-03T03:53:53.175+0000] {dagbag.py:545} INFO - Filling up the DagBag from /opt/airflow/dags/flight-pipeline.py
[2026-05-03T03:54:06.994+0000] {processor.py:840} INFO - DAG(s) 'flights_ops_medallion_pipe' retrieved from /opt/airflow/dags/flight-pipeline.py
[2026-05-03T03:54:07.769+0000] {logging_mixin.py:188} INFO - [2026-05-03T03:54:07.763+0000] {dag.py:3089} INFO - Sync 1 DAGs
[2026-05-03T03:54:08.183+0000] {logging_mixin.py:188} INFO - [2026-05-03T03:54:08.181+0000] {dag.py:3947} INFO - Setting next_dagrun for flights_ops_medallion_pipe to 2026-05-03 03:30:00+00:00, run_after=2026-05-03 04:00:00+00:00
[2026-05-03T03:54:08.511+0000] {processor.py:183} INFO - Processing /opt/airflow/dags/flight-pipeline.py took 15.481 seconds
[2026-05-03T03:54:39.699+0000] {processor.py:161} INFO - Started process (PID=13327) to work on /opt/airflow/dags/flight-pipeline.py
[2026-05-03T03:54:39.704+0000] {processor.py:830} INFO - Processing file /opt/airflow/dags/flight-pipeline.py for tasks to queue
[2026-05-03T03:54:39.706+0000] {logging_mixin.py:188} INFO - [2026-05-03T03:54:39.705+0000] {dagbag.py:545} INFO - Filling up the DagBag from /opt/airflow/dags/flight-pipeline.py
[2026-05-03T03:54:41.176+0000] {processor.py:840} INFO - DAG(s) 'flights_ops_medallion_pipe' retrieved from /opt/airflow/dags/flight-pipeline.py
[2026-05-03T03:54:41.239+0000] {logging_mixin.py:188} INFO - [2026-05-03T03:54:41.238+0000] {dag.py:3089} INFO - Sync 1 DAGs
[2026-05-03T03:54:41.288+0000] {logging_mixin.py:188} INFO - [2026-05-03T03:54:41.288+0000] {dag.py:3947} INFO - Setting next_dagrun for flights_ops_medallion_pipe to 2026-05-03 03:30:00+00:00, run_after=2026-05-03 04:00:00+00:00
[2026-05-03T03:54:41.318+0000] {processor.py:183} INFO - Processing /opt/airflow/dags/flight-pipeline.py took 1.687 seconds
[2026-05-03T04:09:38.175+0000] {processor.py:161} INFO - Started process (PID=13357) to work on /opt/airflow/dags/flight-pipeline.py
[2026-05-03T04:09:38.210+0000] {processor.py:830} INFO - Processing file /opt/airflow/dags/flight-pipeline.py for tasks to queue
[2026-05-03T04:09:38.217+0000] {logging_mixin.py:188} INFO - [2026-05-03T04:09:38.214+0000] {dagbag.py:545} INFO - Filling up the DagBag from /opt/airflow/dags/flight-pipeline.py
[2026-05-03T04:09:44.386+0000] {processor.py:840} INFO - DAG(s) 'flights_ops_medallion_pipe' retrieved from /opt/airflow/dags/flight-pipeline.py
[2026-05-03T04:09:44.650+0000] {logging_mixin.py:188} INFO - [2026-05-03T04:09:44.648+0000] {dag.py:3089} INFO - Sync 1 DAGs
[2026-05-03T04:09:44.843+0000] {logging_mixin.py:188} INFO - [2026-05-03T04:09:44.842+0000] {dag.py:3947} INFO - Setting next_dagrun for flights_ops_medallion_pipe to 2026-05-03 03:30:00+00:00, run_after=2026-05-03 04:00:00+00:00
[2026-05-03T04:09:44.916+0000] {processor.py:183} INFO - Processing /opt/airflow/dags/flight-pipeline.py took 7.032 seconds
[2026-05-03T04:10:16.844+0000] {processor.py:161} INFO - Started process (PID=13360) to work on /opt/airflow/dags/flight-pipeline.py
[2026-05-03T04:10:16.869+0000] {processor.py:830} INFO - Processing file /opt/airflow/dags/flight-pipeline.py for tasks to queue
[2026-05-03T04:10:16.883+0000] {logging_mixin.py:188} INFO - [2026-05-03T04:10:16.875+0000] {dagbag.py:545} INFO - Filling up the DagBag from /opt/airflow/dags/flight-pipeline.py
[2026-05-03T04:10:31.156+0000] {processor.py:840} INFO - DAG(s) 'flights_ops_medallion_pipe' retrieved from /opt/airflow/dags/flight-pipeline.py
[2026-05-03T04:10:34.003+0000] {logging_mixin.py:188} INFO - [2026-05-03T04:10:33.952+0000] {dag.py:3089} INFO - Sync 1 DAGs
[2026-05-03T04:10:34.954+0000] {logging_mixin.py:188} INFO - [2026-05-03T04:10:34.952+0000] {dag.py:3947} INFO - Setting next_dagrun for flights_ops_medallion_pipe to 2026-05-03 03:30:00+00:00, run_after=2026-05-03 04:00:00+00:00
[2026-05-03T04:10:48.828+0000] {processor.py:183} INFO - Processing /opt/airflow/dags/flight-pipeline.py took 32.464 seconds
[2026-05-03T04:11:19.738+0000] {processor.py:161} INFO - Started process (PID=13384) to work on /opt/airflow/dags/flight-pipeline.py
[2026-05-03T04:11:19.754+0000] {processor.py:830} INFO - Processing file /opt/airflow/dags/flight-pipeline.py for tasks to queue
[2026-05-03T04:11:19.769+0000] {logging_mixin.py:188} INFO - [2026-05-03T04:11:19.765+0000] {dagbag.py:545} INFO - Filling up the DagBag from /opt/airflow/dags/flight-pipeline.py
[2026-05-03T04:11:21.946+0000] {processor.py:840} INFO - DAG(s) 'flights_ops_medallion_pipe' retrieved from /opt/airflow/dags/flight-pipeline.py
[2026-05-03T04:11:22.128+0000] {logging_mixin.py:188} INFO - [2026-05-03T04:11:22.127+0000] {dag.py:3089} INFO - Sync 1 DAGs
[2026-05-03T04:11:22.268+0000] {logging_mixin.py:188} INFO - [2026-05-03T04:11:22.267+0000] {dag.py:3947} INFO - Setting next_dagrun for flights_ops_medallion_pipe to 2026-05-03 03:30:00+00:00, run_after=2026-05-03 04:00:00+00:00
[2026-05-03T04:11:22.323+0000] {processor.py:183} INFO - Processing /opt/airflow/dags/flight-pipeline.py took 2.656 seconds
[2026-05-03T04:11:52.603+0000] {processor.py:161} INFO - Started process (PID=13388) to work on /opt/airflow/dags/flight-pipeline.py
[2026-05-03T04:11:52.608+0000] {processor.py:830} INFO - Processing file /opt/airflow/dags/flight-pipeline.py for tasks to queue
[2026-05-03T04:11:52.610+0000] {logging_mixin.py:188} INFO - [2026-05-03T04:11:52.610+0000] {dagbag.py:545} INFO - Filling up the DagBag from /opt/airflow/dags/flight-pipeline.py
[2026-05-03T04:11:53.454+0000] {processor.py:840} INFO - DAG(s) 'flights_ops_medallion_pipe' retrieved from /opt/airflow/dags/flight-pipeline.py
[2026-05-03T04:11:53.493+0000] {logging_mixin.py:188} INFO - [2026-05-03T04:11:53.492+0000] {dag.py:3089} INFO - Sync 1 DAGs
[2026-05-03T04:11:53.516+0000] {logging_mixin.py:188} INFO - [2026-05-03T04:11:53.516+0000] {dag.py:3947} INFO - Setting next_dagrun for flights_ops_medallion_pipe to 2026-05-03 04:00:00+00:00, run_after=2026-05-03 04:30:00+00:00
[2026-05-03T04:11:53.538+0000] {processor.py:183} INFO - Processing /opt/airflow/dags/flight-pipeline.py took 0.944 seconds
[2026-05-03T04:12:23.750+0000] {processor.py:161} INFO - Started process (PID=13412) to work on /opt/airflow/dags/flight-pipeline.py
[2026-05-03T04:12:23.756+0000] {processor.py:830} INFO - Processing file /opt/airflow/dags/flight-pipeline.py for tasks to queue
[2026-05-03T04:12:23.758+0000] {logging_mixin.py:188} INFO - [2026-05-03T04:12:23.757+0000] {dagbag.py:545} INFO - Filling up the DagBag from /opt/airflow/dags/flight-pipeline.py
[2026-05-03T04:12:24.635+0000] {processor.py:840} INFO - DAG(s) 'flights_ops_medallion_pipe' retrieved from /opt/airflow/dags/flight-pipeline.py
[2026-05-03T04:12:24.723+0000] {logging_mixin.py:188} INFO - [2026-05-03T04:12:24.722+0000] {dag.py:3089} INFO - Sync 1 DAGs
[2026-05-03T04:12:24.792+0000] {logging_mixin.py:188} INFO - [2026-05-03T04:12:24.791+0000] {dag.py:3947} INFO - Setting next_dagrun for flights_ops_medallion_pipe to 2026-05-03 04:00:00+00:00, run_after=2026-05-03 04:30:00+00:00
[2026-05-03T04:12:24.827+0000] {processor.py:183} INFO - Processing /opt/airflow/dags/flight-pipeline.py took 1.099 seconds
[2026-05-03T04:12:54.935+0000] {processor.py:161} INFO - Started process (PID=13435) to work on /opt/airflow/dags/flight-pipeline.py
[2026-05-03T04:12:54.940+0000] {processor.py:830} INFO - Processing file /opt/airflow/dags/flight-pipeline.py for tasks to queue
[2026-05-03T04:12:54.941+0000] {logging_mixin.py:188} INFO - [2026-05-03T04:12:54.940+0000] {dagbag.py:545} INFO - Filling up the DagBag from /opt/airflow/dags/flight-pipeline.py
[2026-05-03T04:12:55.806+0000] {processor.py:840} INFO - DAG(s) 'flights_ops_medallion_pipe' retrieved from /opt/airflow/dags/flight-pipeline.py
[2026-05-03T04:12:55.842+0000] {logging_mixin.py:188} INFO - [2026-05-03T04:12:55.842+0000] {dag.py:3089} INFO - Sync 1 DAGs
[2026-05-03T04:12:55.869+0000] {logging_mixin.py:188} INFO - [2026-05-03T04:12:55.868+0000] {dag.py:3947} INFO - Setting next_dagrun for flights_ops_medallion_pipe to 2026-05-03 04:00:00+00:00, run_after=2026-05-03 04:30:00+00:00
[2026-05-03T04:12:55.910+0000] {processor.py:183} INFO - Processing /opt/airflow/dags/flight-pipeline.py took 0.983 seconds
[2026-05-03T04:13:26.173+0000] {processor.py:161} INFO - Started process (PID=13451) to work on /opt/airflow/dags/flight-pipeline.py
[2026-05-03T04:13:26.177+0000] {processor.py:830} INFO - Processing file /opt/airflow/dags/flight-pipeline.py for tasks to queue
[2026-05-03T04:13:26.178+0000] {logging_mixin.py:188} INFO - [2026-05-03T04:13:26.177+0000] {dagbag.py:545} INFO - Filling up the DagBag from /opt/airflow/dags/flight-pipeline.py
[2026-05-03T04:13:26.943+0000] {processor.py:840} INFO - DAG(s) 'flights_ops_medallion_pipe' retrieved from /opt/airflow/dags/flight-pipeline.py
[2026-05-03T04:13:27.059+0000] {logging_mixin.py:188} INFO - [2026-05-03T04:13:27.057+0000] {dag.py:3089} INFO - Sync 1 DAGs
[2026-05-03T04:13:27.136+0000] {logging_mixin.py:188} INFO - [2026-05-03T04:13:27.135+0000] {dag.py:3947} INFO - Setting next_dagrun for flights_ops_medallion_pipe to 2026-05-03 04:00:00+00:00, run_after=2026-05-03 04:30:00+00:00
[2026-05-03T04:13:28.122+0000] {processor.py:183} INFO - Processing /opt/airflow/dags/flight-pipeline.py took 1.959 seconds
[2026-05-03T04:13:58.459+0000] {processor.py:161} INFO - Started process (PID=13454) to work on /opt/airflow/dags/flight-pipeline.py
[2026-05-03T04:13:58.465+0000] {processor.py:830} INFO - Processing file /opt/airflow/dags/flight-pipeline.py for tasks to queue
[2026-05-03T04:13:58.468+0000] {logging_mixin.py:188} INFO - [2026-05-03T04:13:58.467+0000] {dagbag.py:545} INFO - Filling up the DagBag from /opt/airflow/dags/flight-pipeline.py
[2026-05-03T04:13:59.678+0000] {processor.py:840} INFO - DAG(s) 'flights_ops_medallion_pipe' retrieved from /opt/airflow/dags/flight-pipeline.py
[2026-05-03T04:13:59.720+0000] {logging_mixin.py:188} INFO - [2026-05-03T04:13:59.719+0000] {dag.py:3089} INFO - Sync 1 DAGs
[2026-05-03T04:13:59.926+0000] {logging_mixin.py:188} INFO - [2026-05-03T04:13:59.926+0000] {dag.py:3947} INFO - Setting next_dagrun for flights_ops_medallion_pipe to 2026-05-03 04:00:00+00:00, run_after=2026-05-03 04:30:00+00:00
[2026-05-03T04:13:59.944+0000] {processor.py:183} INFO - Processing /opt/airflow/dags/flight-pipeline.py took 1.540 seconds
[2026-05-03T04:14:30.208+0000] {processor.py:161} INFO - Started process (PID=13457) to work on /opt/airflow/dags/flight-pipeline.py
[2026-05-03T04:14:30.211+0000] {processor.py:830} INFO - Processing file /opt/airflow/dags/flight-pipeline.py for tasks to queue
[2026-05-03T04:14:30.213+0000] {logging_mixin.py:188} INFO - [2026-05-03T04:14:30.212+0000] {dagbag.py:545} INFO - Filling up the DagBag from /opt/airflow/dags/flight-pipeline.py
[2026-05-03T04:14:31.339+0000] {processor.py:840} INFO - DAG(s) 'flights_ops_medallion_pipe' retrieved from /opt/airflow/dags/flight-pipeline.py
[2026-05-03T04:14:31.450+0000] {logging_mixin.py:188} INFO - [2026-05-03T04:14:31.448+0000] {dag.py:3089} INFO - Sync 1 DAGs
[2026-05-03T04:14:31.493+0000] {logging_mixin.py:188} INFO - [2026-05-03T04:14:31.493+0000] {dag.py:3947} INFO - Setting next_dagrun for flights_ops_medallion_pipe to 2026-05-03 04:00:00+00:00, run_after=2026-05-03 04:30:00+00:00
[2026-05-03T04:14:31.527+0000] {processor.py:183} INFO - Processing /opt/airflow/dags/flight-pipeline.py took 1.343 seconds
[2026-05-03T04:15:01.749+0000] {processor.py:161} INFO - Started process (PID=13460) to work on /opt/airflow/dags/flight-pipeline.py
[2026-05-03T04:15:01.751+0000] {processor.py:830} INFO - Processing file /opt/airflow/dags/flight-pipeline.py for tasks to queue
[2026-05-03T04:15:01.752+0000] {logging_mixin.py:188} INFO - [2026-05-03T04:15:01.752+0000] {dagbag.py:545} INFO - Filling up the DagBag from /opt/airflow/dags/flight-pipeline.py
[2026-05-03T04:15:02.445+0000] {processor.py:840} INFO - DAG(s) 'flights_ops_medallion_pipe' retrieved from /opt/airflow/dags/flight-pipeline.py
[2026-05-03T04:15:02.481+0000] {logging_mixin.py:188} INFO - [2026-05-03T04:15:02.480+0000] {dag.py:3089} INFO - Sync 1 DAGs
[2026-05-03T04:15:02.505+0000] {logging_mixin.py:188} INFO - [2026-05-03T04:15:02.505+0000] {dag.py:3947} INFO - Setting next_dagrun for flights_ops_medallion_pipe to 2026-05-03 04:00:00+00:00, run_after=2026-05-03 04:30:00+00:00
[2026-05-03T04:15:02.523+0000] {processor.py:183} INFO - Processing /opt/airflow/dags/flight-pipeline.py took 0.782 seconds
[2026-05-03T04:15:32.727+0000] {processor.py:161} INFO - Started process (PID=13463) to work on /opt/airflow/dags/flight-pipeline.py
[2026-05-03T04:15:32.732+0000] {processor.py:830} INFO - Processing file /opt/airflow/dags/flight-pipeline.py for tasks to queue
[2026-05-03T04:15:32.733+0000] {logging_mixin.py:188} INFO - [2026-05-03T04:15:32.733+0000] {dagbag.py:545} INFO - Filling up the DagBag from /opt/airflow/dags/flight-pipeline.py
[2026-05-03T04:15:33.415+0000] {processor.py:840} INFO - DAG(s) 'flights_ops_medallion_pipe' retrieved from /opt/airflow/dags/flight-pipeline.py
[2026-05-03T04:15:33.449+0000] {logging_mixin.py:188} INFO - [2026-05-03T04:15:33.448+0000] {dag.py:3089} INFO - Sync 1 DAGs
[2026-05-03T04:15:33.472+0000] {logging_mixin.py:188} INFO - [2026-05-03T04:15:33.472+0000] {dag.py:3947} INFO - Setting next_dagrun for flights_ops_medallion_pipe to 2026-05-03 04:00:00+00:00, run_after=2026-05-03 04:30:00+00:00
[2026-05-03T04:15:33.494+0000] {processor.py:183} INFO - Processing /opt/airflow/dags/flight-pipeline.py took 0.803 seconds
[2026-05-03T04:16:03.658+0000] {processor.py:161} INFO - Started process (PID=13466) to work on /opt/airflow/dags/flight-pipeline.py
[2026-05-03T04:16:03.660+0000] {processor.py:830} INFO - Processing file /opt/airflow/dags/flight-pipeline.py for tasks to queue
[2026-05-03T04:16:03.662+0000] {logging_mixin.py:188} INFO - [2026-05-03T04:16:03.661+0000] {dagbag.py:545} INFO - Filling up the DagBag from /opt/airflow/dags/flight-pipeline.py
[2026-05-03T04:16:04.353+0000] {processor.py:840} INFO - DAG(s) 'flights_ops_medallion_pipe' retrieved from /opt/airflow/dags/flight-pipeline.py
[2026-05-03T04:16:04.386+0000] {logging_mixin.py:188} INFO - [2026-05-03T04:16:04.386+0000] {dag.py:3089} INFO - Sync 1 DAGs
[2026-05-03T04:16:04.411+0000] {logging_mixin.py:188} INFO - [2026-05-03T04:16:04.411+0000] {dag.py:3947} INFO - Setting next_dagrun for flights_ops_medallion_pipe to 2026-05-03 04:00:00+00:00, run_after=2026-05-03 04:30:00+00:00
[2026-05-03T04:16:04.434+0000] {processor.py:183} INFO - Processing /opt/airflow/dags/flight-pipeline.py took 0.782 seconds
[2026-05-03T04:16:34.614+0000] {processor.py:161} INFO - Started process (PID=13469) to work on /opt/airflow/dags/flight-pipeline.py
[2026-05-03T04:16:34.616+0000] {processor.py:830} INFO - Processing file /opt/airflow/dags/flight-pipeline.py for tasks to queue
[2026-05-03T04:16:34.617+0000] {logging_mixin.py:188} INFO - [2026-05-03T04:16:34.616+0000] {dagbag.py:545} INFO - Filling up the DagBag from /opt/airflow/dags/flight-pipeline.py
[2026-05-03T04:16:35.274+0000] {processor.py:840} INFO - DAG(s) 'flights_ops_medallion_pipe' retrieved from /opt/airflow/dags/flight-pipeline.py
[2026-05-03T04:16:35.311+0000] {logging_mixin.py:188} INFO - [2026-05-03T04:16:35.311+0000] {dag.py:3089} INFO - Sync 1 DAGs
[2026-05-03T04:16:35.340+0000] {logging_mixin.py:188} INFO - [2026-05-03T04:16:35.339+0000] {dag.py:3947} INFO - Setting next_dagrun for flights_ops_medallion_pipe to 2026-05-03 04:00:00+00:00, run_after=2026-05-03 04:30:00+00:00
[2026-05-03T04:16:35.551+0000] {processor.py:183} INFO - Processing /opt/airflow/dags/flight-pipeline.py took 0.944 seconds
[2026-05-03T04:17:05.738+0000] {processor.py:161} INFO - Started process (PID=13472) to work on /opt/airflow/dags/flight-pipeline.py
[2026-05-03T04:17:05.740+0000] {processor.py:830} INFO - Processing file /opt/airflow/dags/flight-pipeline.py for tasks to queue
[2026-05-03T04:17:05.741+0000] {logging_mixin.py:188} INFO - [2026-05-03T04:17:05.740+0000] {dagbag.py:545} INFO - Filling up the DagBag from /opt/airflow/dags/flight-pipeline.py
[2026-05-03T04:17:06.492+0000] {processor.py:840} INFO - DAG(s) 'flights_ops_medallion_pipe' retrieved from /opt/airflow/dags/flight-pipeline.py
[2026-05-03T04:17:06.531+0000] {logging_mixin.py:188} INFO - [2026-05-03T04:17:06.530+0000] {dag.py:3089} INFO - Sync 1 DAGs
[2026-05-03T04:17:06.554+0000] {logging_mixin.py:188} INFO - [2026-05-03T04:17:06.554+0000] {dag.py:3947} INFO - Setting next_dagrun for flights_ops_medallion_pipe to 2026-05-03 04:00:00+00:00, run_after=2026-05-03 04:30:00+00:00
[2026-05-03T04:17:06.572+0000] {processor.py:183} INFO - Processing /opt/airflow/dags/flight-pipeline.py took 0.844 seconds
[2026-05-03T04:17:36.757+0000] {processor.py:161} INFO - Started process (PID=13475) to work on /opt/airflow/dags/flight-pipeline.py
[2026-05-03T04:17:36.760+0000] {processor.py:830} INFO - Processing file /opt/airflow/dags/flight-pipeline.py for tasks to queue
[2026-05-03T04:17:36.761+0000] {logging_mixin.py:188} INFO - [2026-05-03T04:17:36.761+0000] {dagbag.py:545} INFO - Filling up the DagBag from /opt/airflow/dags/flight-pipeline.py
[2026-05-03T04:17:37.422+0000] {processor.py:840} INFO - DAG(s) 'flights_ops_medallion_pipe' retrieved from /opt/airflow/dags/flight-pipeline.py
[2026-05-03T04:17:37.457+0000] {logging_mixin.py:188} INFO - [2026-05-03T04:17:37.457+0000] {dag.py:3089} INFO - Sync 1 DAGs
[2026-05-03T04:17:37.483+0000] {logging_mixin.py:188} INFO - [2026-05-03T04:17:37.482+0000] {dag.py:3947} INFO - Setting next_dagrun for flights_ops_medallion_pipe to 2026-05-03 04:00:00+00:00, run_after=2026-05-03 04:30:00+00:00
[2026-05-03T04:17:37.501+0000] {processor.py:183} INFO - Processing /opt/airflow/dags/flight-pipeline.py took 0.753 seconds
[2026-05-03T04:18:07.659+0000] {processor.py:161} INFO - Started process (PID=13478) to work on /opt/airflow/dags/flight-pipeline.py
[2026-05-03T04:18:07.661+0000] {processor.py:830} INFO - Processing file /opt/airflow/dags/flight-pipeline.py for tasks to queue
[2026-05-03T04:18:07.663+0000] {logging_mixin.py:188} INFO - [2026-05-03T04:18:07.662+0000] {dagbag.py:545} INFO - Filling up the DagBag from /opt/airflow/dags/flight-pipeline.py
[2026-05-03T04:18:08.337+0000] {processor.py:840} INFO - DAG(s) 'flights_ops_medallion_pipe' retrieved from /opt/airflow/dags/flight-pipeline.py
[2026-05-03T04:18:08.370+0000] {logging_mixin.py:188} INFO - [2026-05-03T04:18:08.370+0000] {dag.py:3089} INFO - Sync 1 DAGs
[2026-05-03T04:18:08.395+0000] {logging_mixin.py:188} INFO - [2026-05-03T04:18:08.395+0000] {dag.py:3947} INFO - Setting next_dagrun for flights_ops_medallion_pipe to 2026-05-03 04:00:00+00:00, run_after=2026-05-03 04:30:00+00:00
[2026-05-03T04:18:08.413+0000] {processor.py:183} INFO - Processing /opt/airflow/dags/flight-pipeline.py took 0.762 seconds
[2026-05-03T04:18:38.550+0000] {processor.py:161} INFO - Started process (PID=13481) to work on /opt/airflow/dags/flight-pipeline.py
[2026-05-03T04:18:38.551+0000] {processor.py:830} INFO - Processing file /opt/airflow/dags/flight-pipeline.py for tasks to queue
[2026-05-03T04:18:38.552+0000] {logging_mixin.py:188} INFO - [2026-05-03T04:18:38.552+0000] {dagbag.py:545} INFO - Filling up the DagBag from /opt/airflow/dags/flight-pipeline.py
[2026-05-03T04:18:39.277+0000] {processor.py:840} INFO - DAG(s) 'flights_ops_medallion_pipe' retrieved from /opt/airflow/dags/flight-pipeline.py
[2026-05-03T04:18:39.311+0000] {logging_mixin.py:188} INFO - [2026-05-03T04:18:39.310+0000] {dag.py:3089} INFO - Sync 1 DAGs
[2026-05-03T04:18:39.334+0000] {logging_mixin.py:188} INFO - [2026-05-03T04:18:39.334+0000] {dag.py:3947} INFO - Setting next_dagrun for flights_ops_medallion_pipe to 2026-05-03 04:00:00+00:00, run_after=2026-05-03 04:30:00+00:00
[2026-05-03T04:18:39.353+0000] {processor.py:183} INFO - Processing /opt/airflow/dags/flight-pipeline.py took 0.811 seconds
[2026-05-03T04:19:09.683+0000] {processor.py:161} INFO - Started process (PID=13484) to work on /opt/airflow/dags/flight-pipeline.py
[2026-05-03T04:19:09.687+0000] {processor.py:830} INFO - Processing file /opt/airflow/dags/flight-pipeline.py for tasks to queue
[2026-05-03T04:19:09.688+0000] {logging_mixin.py:188} INFO - [2026-05-03T04:19:09.688+0000] {dagbag.py:545} INFO - Filling up the DagBag from /opt/airflow/dags/flight-pipeline.py
[2026-05-03T04:19:10.366+0000] {processor.py:840} INFO - DAG(s) 'flights_ops_medallion_pipe' retrieved from /opt/airflow/dags/flight-pipeline.py
[2026-05-03T04:19:10.402+0000] {logging_mixin.py:188} INFO - [2026-05-03T04:19:10.401+0000] {dag.py:3089} INFO - Sync 1 DAGs
[2026-05-03T04:19:10.425+0000] {logging_mixin.py:188} INFO - [2026-05-03T04:19:10.425+0000] {dag.py:3947} INFO - Setting next_dagrun for flights_ops_medallion_pipe to 2026-05-03 04:00:00+00:00, run_after=2026-05-03 04:30:00+00:00
[2026-05-03T04:19:10.445+0000] {processor.py:183} INFO - Processing /opt/airflow/dags/flight-pipeline.py took 0.770 seconds
[2026-05-03T04:19:40.695+0000] {processor.py:161} INFO - Started process (PID=13487) to work on /opt/airflow/dags/flight-pipeline.py
[2026-05-03T04:19:40.699+0000] {processor.py:830} INFO - Processing file /opt/airflow/dags/flight-pipeline.py for tasks to queue
[2026-05-03T04:19:40.700+0000] {logging_mixin.py:188} INFO - [2026-05-03T04:19:40.700+0000] {dagbag.py:545} INFO - Filling up the DagBag from /opt/airflow/dags/flight-pipeline.py
[2026-05-03T04:19:41.720+0000] {processor.py:840} INFO - DAG(s) 'flights_ops_medallion_pipe' retrieved from /opt/airflow/dags/flight-pipeline.py
[2026-05-03T04:19:41.765+0000] {logging_mixin.py:188} INFO - [2026-05-03T04:19:41.764+0000] {dag.py:3089} INFO - Sync 1 DAGs
[2026-05-03T04:19:42.071+0000] {logging_mixin.py:188} INFO - [2026-05-03T04:19:42.071+0000] {dag.py:3947} INFO - Setting next_dagrun for flights_ops_medallion_pipe to 2026-05-03 04:00:00+00:00, run_after=2026-05-03 04:30:00+00:00
[2026-05-03T04:19:42.088+0000] {processor.py:183} INFO - Processing /opt/airflow/dags/flight-pipeline.py took 1.401 seconds
[2026-05-03T04:20:12.230+0000] {processor.py:161} INFO - Started process (PID=13490) to work on /opt/airflow/dags/flight-pipeline.py
[2026-05-03T04:20:12.235+0000] {processor.py:830} INFO - Processing file /opt/airflow/dags/flight-pipeline.py for tasks to queue
[2026-05-03T04:20:12.238+0000] {logging_mixin.py:188} INFO - [2026-05-03T04:20:12.237+0000] {dagbag.py:545} INFO - Filling up the DagBag from /opt/airflow/dags/flight-pipeline.py
[2026-05-03T04:20:13.381+0000] {processor.py:840} INFO - DAG(s) 'flights_ops_medallion_pipe' retrieved from /opt/airflow/dags/flight-pipeline.py
[2026-05-03T04:20:13.428+0000] {logging_mixin.py:188} INFO - [2026-05-03T04:20:13.427+0000] {dag.py:3089} INFO - Sync 1 DAGs
[2026-05-03T04:20:13.455+0000] {logging_mixin.py:188} INFO - [2026-05-03T04:20:13.455+0000] {dag.py:3947} INFO - Setting next_dagrun for flights_ops_medallion_pipe to 2026-05-03 04:00:00+00:00, run_after=2026-05-03 04:30:00+00:00
[2026-05-03T04:20:13.475+0000] {processor.py:183} INFO - Processing /opt/airflow/dags/flight-pipeline.py took 1.259 seconds
[2026-05-03T04:20:43.845+0000] {processor.py:161} INFO - Started process (PID=13493) to work on /opt/airflow/dags/flight-pipeline.py
[2026-05-03T04:20:43.849+0000] {processor.py:830} INFO - Processing file /opt/airflow/dags/flight-pipeline.py for tasks to queue
[2026-05-03T04:20:43.852+0000] {logging_mixin.py:188} INFO - [2026-05-03T04:20:43.851+0000] {dagbag.py:545} INFO - Filling up the DagBag from /opt/airflow/dags/flight-pipeline.py
[2026-05-03T04:20:44.604+0000] {processor.py:840} INFO - DAG(s) 'flights_ops_medallion_pipe' retrieved from /opt/airflow/dags/flight-pipeline.py
[2026-05-03T04:20:44.644+0000] {logging_mixin.py:188} INFO - [2026-05-03T04:20:44.643+0000] {dag.py:3089} INFO - Sync 1 DAGs
[2026-05-03T04:20:44.680+0000] {logging_mixin.py:188} INFO - [2026-05-03T04:20:44.679+0000] {dag.py:3947} INFO - Setting next_dagrun for flights_ops_medallion_pipe to 2026-05-03 04:00:00+00:00, run_after=2026-05-03 04:30:00+00:00
[2026-05-03T04:20:44.714+0000] {processor.py:183} INFO - Processing /opt/airflow/dags/flight-pipeline.py took 0.879 seconds
[2026-05-03T04:21:14.917+0000] {processor.py:161} INFO - Started process (PID=13496) to work on /opt/airflow/dags/flight-pipeline.py
[2026-05-03T04:21:14.921+0000] {processor.py:830} INFO - Processing file /opt/airflow/dags/flight-pipeline.py for tasks to queue
[2026-05-03T04:21:14.922+0000] {logging_mixin.py:188} INFO - [2026-05-03T04:21:14.921+0000] {dagbag.py:545} INFO - Filling up the DagBag from /opt/airflow/dags/flight-pipeline.py
[2026-05-03T04:21:15.662+0000] {processor.py:840} INFO - DAG(s) 'flights_ops_medallion_pipe' retrieved from /opt/airflow/dags/flight-pipeline.py
[2026-05-03T04:21:15.701+0000] {logging_mixin.py:188} INFO - [2026-05-03T04:21:15.700+0000] {dag.py:3089} INFO - Sync 1 DAGs
[2026-05-03T04:21:15.726+0000] {logging_mixin.py:188} INFO - [2026-05-03T04:21:15.726+0000] {dag.py:3947} INFO - Setting next_dagrun for flights_ops_medallion_pipe to 2026-05-03 04:00:00+00:00, run_after=2026-05-03 04:30:00+00:00
[2026-05-03T04:21:15.746+0000] {processor.py:183} INFO - Processing /opt/airflow/dags/flight-pipeline.py took 0.838 seconds
[2026-05-03T04:21:45.834+0000] {processor.py:161} INFO - Started process (PID=13499) to work on /opt/airflow/dags/flight-pipeline.py
[2026-05-03T04:21:45.839+0000] {processor.py:830} INFO - Processing file /opt/airflow/dags/flight-pipeline.py for tasks to queue
[2026-05-03T04:21:45.840+0000] {logging_mixin.py:188} INFO - [2026-05-03T04:21:45.840+0000] {dagbag.py:545} INFO - Filling up the DagBag from /opt/airflow/dags/flight-pipeline.py
[2026-05-03T04:21:46.508+0000] {processor.py:840} INFO - DAG(s) 'flights_ops_medallion_pipe' retrieved from /opt/airflow/dags/flight-pipeline.py
[2026-05-03T04:21:46.541+0000] {logging_mixin.py:188} INFO - [2026-05-03T04:21:46.540+0000] {dag.py:3089} INFO - Sync 1 DAGs
[2026-05-03T04:21:46.566+0000] {logging_mixin.py:188} INFO - [2026-05-03T04:21:46.565+0000] {dag.py:3947} INFO - Setting next_dagrun for flights_ops_medallion_pipe to 2026-05-03 04:00:00+00:00, run_after=2026-05-03 04:30:00+00:00
[2026-05-03T04:21:46.584+0000] {processor.py:183} INFO - Processing /opt/airflow/dags/flight-pipeline.py took 0.758 seconds
[2026-05-03T04:22:16.834+0000] {processor.py:161} INFO - Started process (PID=13502) to work on /opt/airflow/dags/flight-pipeline.py
[2026-05-03T04:22:16.858+0000] {processor.py:830} INFO - Processing file /opt/airflow/dags/flight-pipeline.py for tasks to queue
[2026-05-03T04:22:16.861+0000] {logging_mixin.py:188} INFO - [2026-05-03T04:22:16.860+0000] {dagbag.py:545} INFO - Filling up the DagBag from /opt/airflow/dags/flight-pipeline.py
[2026-05-03T04:22:17.574+0000] {processor.py:840} INFO - DAG(s) 'flights_ops_medallion_pipe' retrieved from /opt/airflow/dags/flight-pipeline.py
[2026-05-03T04:22:17.611+0000] {logging_mixin.py:188} INFO - [2026-05-03T04:22:17.610+0000] {dag.py:3089} INFO - Sync 1 DAGs
[2026-05-03T04:22:17.636+0000] {logging_mixin.py:188} INFO - [2026-05-03T04:22:17.636+0000] {dag.py:3947} INFO - Setting next_dagrun for flights_ops_medallion_pipe to 2026-05-03 04:00:00+00:00, run_after=2026-05-03 04:30:00+00:00
[2026-05-03T04:22:17.656+0000] {processor.py:183} INFO - Processing /opt/airflow/dags/flight-pipeline.py took 0.834 seconds
[2026-05-03T04:22:47.850+0000] {processor.py:161} INFO - Started process (PID=13505) to work on /opt/airflow/dags/flight-pipeline.py
[2026-05-03T04:22:47.858+0000] {processor.py:830} INFO - Processing file /opt/airflow/dags/flight-pipeline.py for tasks to queue
[2026-05-03T04:22:47.859+0000] {logging_mixin.py:188} INFO - [2026-05-03T04:22:47.859+0000] {dagbag.py:545} INFO - Filling up the DagBag from /opt/airflow/dags/flight-pipeline.py
[2026-05-03T04:22:48.685+0000] {processor.py:840} INFO - DAG(s) 'flights_ops_medallion_pipe' retrieved from /opt/airflow/dags/flight-pipeline.py
[2026-05-03T04:22:48.720+0000] {logging_mixin.py:188} INFO - [2026-05-03T04:22:48.719+0000] {dag.py:3089} INFO - Sync 1 DAGs
[2026-05-03T04:22:49.036+0000] {logging_mixin.py:188} INFO - [2026-05-03T04:22:49.036+0000] {dag.py:3947} INFO - Setting next_dagrun for flights_ops_medallion_pipe to 2026-05-03 04:00:00+00:00, run_after=2026-05-03 04:30:00+00:00
[2026-05-03T04:22:49.056+0000] {processor.py:183} INFO - Processing /opt/airflow/dags/flight-pipeline.py took 1.215 seconds
[2026-05-03T04:23:19.256+0000] {processor.py:161} INFO - Started process (PID=13508) to work on /opt/airflow/dags/flight-pipeline.py
[2026-05-03T04:23:19.261+0000] {processor.py:830} INFO - Processing file /opt/airflow/dags/flight-pipeline.py for tasks to queue
[2026-05-03T04:23:19.262+0000] {logging_mixin.py:188} INFO - [2026-05-03T04:23:19.262+0000] {dagbag.py:545} INFO - Filling up the DagBag from /opt/airflow/dags/flight-pipeline.py
[2026-05-03T04:23:20.021+0000] {processor.py:840} INFO - DAG(s) 'flights_ops_medallion_pipe' retrieved from /opt/airflow/dags/flight-pipeline.py
[2026-05-03T04:23:20.060+0000] {logging_mixin.py:188} INFO - [2026-05-03T04:23:20.059+0000] {dag.py:3089} INFO - Sync 1 DAGs
[2026-05-03T04:23:20.087+0000] {logging_mixin.py:188} INFO - [2026-05-03T04:23:20.086+0000] {dag.py:3947} INFO - Setting next_dagrun for flights_ops_medallion_pipe to 2026-05-03 04:00:00+00:00, run_after=2026-05-03 04:30:00+00:00
[2026-05-03T04:23:20.107+0000] {processor.py:183} INFO - Processing /opt/airflow/dags/flight-pipeline.py took 0.859 seconds
[2026-05-03T04:23:50.183+0000] {processor.py:161} INFO - Started process (PID=13511) to work on /opt/airflow/dags/flight-pipeline.py
[2026-05-03T04:23:50.188+0000] {processor.py:830} INFO - Processing file /opt/airflow/dags/flight-pipeline.py for tasks to queue
[2026-05-03T04:23:50.189+0000] {logging_mixin.py:188} INFO - [2026-05-03T04:23:50.188+0000] {dagbag.py:545} INFO - Filling up the DagBag from /opt/airflow/dags/flight-pipeline.py
[2026-05-03T04:23:50.892+0000] {processor.py:840} INFO - DAG(s) 'flights_ops_medallion_pipe' retrieved from /opt/airflow/dags/flight-pipeline.py
[2026-05-03T04:23:50.925+0000] {logging_mixin.py:188} INFO - [2026-05-03T04:23:50.925+0000] {dag.py:3089} INFO - Sync 1 DAGs
[2026-05-03T04:23:50.950+0000] {logging_mixin.py:188} INFO - [2026-05-03T04:23:50.950+0000] {dag.py:3947} INFO - Setting next_dagrun for flights_ops_medallion_pipe to 2026-05-03 04:00:00+00:00, run_after=2026-05-03 04:30:00+00:00
[2026-05-03T04:23:50.968+0000] {processor.py:183} INFO - Processing /opt/airflow/dags/flight-pipeline.py took 0.794 seconds
[2026-05-03T04:24:21.177+0000] {processor.py:161} INFO - Started process (PID=13514) to work on /opt/airflow/dags/flight-pipeline.py
[2026-05-03T04:24:21.182+0000] {processor.py:830} INFO - Processing file /opt/airflow/dags/flight-pipeline.py for tasks to queue
[2026-05-03T04:24:21.183+0000] {logging_mixin.py:188} INFO - [2026-05-03T04:24:21.182+0000] {dagbag.py:545} INFO - Filling up the DagBag from /opt/airflow/dags/flight-pipeline.py
[2026-05-03T04:24:21.860+0000] {processor.py:840} INFO - DAG(s) 'flights_ops_medallion_pipe' retrieved from /opt/airflow/dags/flight-pipeline.py
[2026-05-03T04:24:21.902+0000] {logging_mixin.py:188} INFO - [2026-05-03T04:24:21.902+0000] {dag.py:3089} INFO - Sync 1 DAGs
[2026-05-03T04:24:21.929+0000] {logging_mixin.py:188} INFO - [2026-05-03T04:24:21.928+0000] {dag.py:3947} INFO - Setting next_dagrun for flights_ops_medallion_pipe to 2026-05-03 04:00:00+00:00, run_after=2026-05-03 04:30:00+00:00
[2026-05-03T04:24:21.947+0000] {processor.py:183} INFO - Processing /opt/airflow/dags/flight-pipeline.py took 0.779 seconds
[2026-05-03T04:24:52.194+0000] {processor.py:161} INFO - Started process (PID=13517) to work on /opt/airflow/dags/flight-pipeline.py
[2026-05-03T04:24:52.200+0000] {processor.py:830} INFO - Processing file /opt/airflow/dags/flight-pipeline.py for tasks to queue
[2026-05-03T04:24:52.201+0000] {logging_mixin.py:188} INFO - [2026-05-03T04:24:52.201+0000] {dagbag.py:545} INFO - Filling up the DagBag from /opt/airflow/dags/flight-pipeline.py
[2026-05-03T04:24:52.881+0000] {processor.py:840} INFO - DAG(s) 'flights_ops_medallion_pipe' retrieved from /opt/airflow/dags/flight-pipeline.py
[2026-05-03T04:24:52.917+0000] {logging_mixin.py:188} INFO - [2026-05-03T04:24:52.916+0000] {dag.py:3089} INFO - Sync 1 DAGs
[2026-05-03T04:24:52.940+0000] {logging_mixin.py:188} INFO - [2026-05-03T04:24:52.940+0000] {dag.py:3947} INFO - Setting next_dagrun for flights_ops_medallion_pipe to 2026-05-03 04:00:00+00:00, run_after=2026-05-03 04:30:00+00:00
[2026-05-03T04:24:52.960+0000] {processor.py:183} INFO - Processing /opt/airflow/dags/flight-pipeline.py took 0.775 seconds
[2026-05-03T04:25:23.240+0000] {processor.py:161} INFO - Started process (PID=13520) to work on /opt/airflow/dags/flight-pipeline.py
[2026-05-03T04:25:23.242+0000] {processor.py:830} INFO - Processing file /opt/airflow/dags/flight-pipeline.py for tasks to queue
[2026-05-03T04:25:23.243+0000] {logging_mixin.py:188} INFO - [2026-05-03T04:25:23.243+0000] {dagbag.py:545} INFO - Filling up the DagBag from /opt/airflow/dags/flight-pipeline.py
[2026-05-03T04:25:23.877+0000] {processor.py:840} INFO - DAG(s) 'flights_ops_medallion_pipe' retrieved from /opt/airflow/dags/flight-pipeline.py
[2026-05-03T04:25:23.910+0000] {logging_mixin.py:188} INFO - [2026-05-03T04:25:23.910+0000] {dag.py:3089} INFO - Sync 1 DAGs
[2026-05-03T04:25:23.934+0000] {logging_mixin.py:188} INFO - [2026-05-03T04:25:23.934+0000] {dag.py:3947} INFO - Setting next_dagrun for flights_ops_medallion_pipe to 2026-05-03 04:00:00+00:00, run_after=2026-05-03 04:30:00+00:00
[2026-05-03T04:25:24.133+0000] {processor.py:183} INFO - Processing /opt/airflow/dags/flight-pipeline.py took 0.901 seconds
[2026-05-03T04:25:54.407+0000] {processor.py:161} INFO - Started process (PID=13523) to work on /opt/airflow/dags/flight-pipeline.py
[2026-05-03T04:25:54.409+0000] {processor.py:830} INFO - Processing file /opt/airflow/dags/flight-pipeline.py for tasks to queue
[2026-05-03T04:25:54.410+0000] {logging_mixin.py:188} INFO - [2026-05-03T04:25:54.409+0000] {dagbag.py:545} INFO - Filling up the DagBag from /opt/airflow/dags/flight-pipeline.py
[2026-05-03T04:25:55.037+0000] {processor.py:840} INFO - DAG(s) 'flights_ops_medallion_pipe' retrieved from /opt/airflow/dags/flight-pipeline.py
[2026-05-03T04:25:55.071+0000] {logging_mixin.py:188} INFO - [2026-05-03T04:25:55.070+0000] {dag.py:3089} INFO - Sync 1 DAGs
[2026-05-03T04:25:55.241+0000] {logging_mixin.py:188} INFO - [2026-05-03T04:25:55.241+0000] {dag.py:3947} INFO - Setting next_dagrun for flights_ops_medallion_pipe to 2026-05-03 04:00:00+00:00, run_after=2026-05-03 04:30:00+00:00
[2026-05-03T04:25:55.262+0000] {processor.py:183} INFO - Processing /opt/airflow/dags/flight-pipeline.py took 0.864 seconds
[2026-05-03T04:26:25.373+0000] {processor.py:161} INFO - Started process (PID=13526) to work on /opt/airflow/dags/flight-pipeline.py
[2026-05-03T04:26:25.375+0000] {processor.py:830} INFO - Processing file /opt/airflow/dags/flight-pipeline.py for tasks to queue
[2026-05-03T04:26:25.376+0000] {logging_mixin.py:188} INFO - [2026-05-03T04:26:25.376+0000] {dagbag.py:545} INFO - Filling up the DagBag from /opt/airflow/dags/flight-pipeline.py
[2026-05-03T04:26:26.101+0000] {processor.py:840} INFO - DAG(s) 'flights_ops_medallion_pipe' retrieved from /opt/airflow/dags/flight-pipeline.py
[2026-05-03T04:26:26.348+0000] {logging_mixin.py:188} INFO - [2026-05-03T04:26:26.347+0000] {dag.py:3089} INFO - Sync 1 DAGs
[2026-05-03T04:26:26.374+0000] {logging_mixin.py:188} INFO - [2026-05-03T04:26:26.374+0000] {dag.py:3947} INFO - Setting next_dagrun for flights_ops_medallion_pipe to 2026-05-03 04:00:00+00:00, run_after=2026-05-03 04:30:00+00:00
[2026-05-03T04:26:26.393+0000] {processor.py:183} INFO - Processing /opt/airflow/dags/flight-pipeline.py took 1.030 seconds
[2026-05-03T04:26:56.681+0000] {processor.py:161} INFO - Started process (PID=13529) to work on /opt/airflow/dags/flight-pipeline.py
[2026-05-03T04:26:56.684+0000] {processor.py:830} INFO - Processing file /opt/airflow/dags/flight-pipeline.py for tasks to queue
[2026-05-03T04:26:56.685+0000] {logging_mixin.py:188} INFO - [2026-05-03T04:26:56.684+0000] {dagbag.py:545} INFO - Filling up the DagBag from /opt/airflow/dags/flight-pipeline.py
[2026-05-03T04:26:57.336+0000] {processor.py:840} INFO - DAG(s) 'flights_ops_medallion_pipe' retrieved from /opt/airflow/dags/flight-pipeline.py
[2026-05-03T04:26:57.369+0000] {logging_mixin.py:188} INFO - [2026-05-03T04:26:57.369+0000] {dag.py:3089} INFO - Sync 1 DAGs
[2026-05-03T04:26:57.393+0000] {logging_mixin.py:188} INFO - [2026-05-03T04:26:57.393+0000] {dag.py:3947} INFO - Setting next_dagrun for flights_ops_medallion_pipe to 2026-05-03 04:00:00+00:00, run_after=2026-05-03 04:30:00+00:00
[2026-05-03T04:26:57.411+0000] {processor.py:183} INFO - Processing /opt/airflow/dags/flight-pipeline.py took 0.738 seconds
[2026-05-03T04:27:27.693+0000] {processor.py:161} INFO - Started process (PID=13532) to work on /opt/airflow/dags/flight-pipeline.py
[2026-05-03T04:27:27.696+0000] {processor.py:830} INFO - Processing file /opt/airflow/dags/flight-pipeline.py for tasks to queue
[2026-05-03T04:27:27.698+0000] {logging_mixin.py:188} INFO - [2026-05-03T04:27:27.697+0000] {dagbag.py:545} INFO - Filling up the DagBag from /opt/airflow/dags/flight-pipeline.py
[2026-05-03T04:27:28.373+0000] {processor.py:840} INFO - DAG(s) 'flights_ops_medallion_pipe' retrieved from /opt/airflow/dags/flight-pipeline.py
[2026-05-03T04:27:28.411+0000] {logging_mixin.py:188} INFO - [2026-05-03T04:27:28.410+0000] {dag.py:3089} INFO - Sync 1 DAGs
[2026-05-03T04:27:28.433+0000] {logging_mixin.py:188} INFO - [2026-05-03T04:27:28.433+0000] {dag.py:3947} INFO - Setting next_dagrun for flights_ops_medallion_pipe to 2026-05-03 04:00:00+00:00, run_after=2026-05-03 04:30:00+00:00
[2026-05-03T04:27:28.452+0000] {processor.py:183} INFO - Processing /opt/airflow/dags/flight-pipeline.py took 0.767 seconds
[2026-05-03T04:27:58.754+0000] {processor.py:161} INFO - Started process (PID=13535) to work on /opt/airflow/dags/flight-pipeline.py
[2026-05-03T04:27:58.756+0000] {processor.py:830} INFO - Processing file /opt/airflow/dags/flight-pipeline.py for tasks to queue
[2026-05-03T04:27:58.757+0000] {logging_mixin.py:188} INFO - [2026-05-03T04:27:58.756+0000] {dagbag.py:545} INFO - Filling up the DagBag from /opt/airflow/dags/flight-pipeline.py
[2026-05-03T04:27:59.521+0000] {processor.py:840} INFO - DAG(s) 'flights_ops_medallion_pipe' retrieved from /opt/airflow/dags/flight-pipeline.py
[2026-05-03T04:27:59.562+0000] {logging_mixin.py:188} INFO - [2026-05-03T04:27:59.561+0000] {dag.py:3089} INFO - Sync 1 DAGs
[2026-05-03T04:27:59.586+0000] {logging_mixin.py:188} INFO - [2026-05-03T04:27:59.586+0000] {dag.py:3947} INFO - Setting next_dagrun for flights_ops_medallion_pipe to 2026-05-03 04:00:00+00:00, run_after=2026-05-03 04:30:00+00:00
[2026-05-03T04:27:59.606+0000] {processor.py:183} INFO - Processing /opt/airflow/dags/flight-pipeline.py took 0.866 seconds
[2026-05-03T04:28:29.855+0000] {processor.py:161} INFO - Started process (PID=13538) to work on /opt/airflow/dags/flight-pipeline.py
[2026-05-03T04:28:29.857+0000] {processor.py:830} INFO - Processing file /opt/airflow/dags/flight-pipeline.py for tasks to queue
[2026-05-03T04:28:29.858+0000] {logging_mixin.py:188} INFO - [2026-05-03T04:28:29.858+0000] {dagbag.py:545} INFO - Filling up the DagBag from /opt/airflow/dags/flight-pipeline.py
[2026-05-03T04:28:30.607+0000] {processor.py:840} INFO - DAG(s) 'flights_ops_medallion_pipe' retrieved from /opt/airflow/dags/flight-pipeline.py
[2026-05-03T04:28:30.643+0000] {logging_mixin.py:188} INFO - [2026-05-03T04:28:30.643+0000] {dag.py:3089} INFO - Sync 1 DAGs
[2026-05-03T04:28:30.668+0000] {logging_mixin.py:188} INFO - [2026-05-03T04:28:30.668+0000] {dag.py:3947} INFO - Setting next_dagrun for flights_ops_medallion_pipe to 2026-05-03 04:00:00+00:00, run_after=2026-05-03 04:30:00+00:00
[2026-05-03T04:28:30.893+0000] {processor.py:183} INFO - Processing /opt/airflow/dags/flight-pipeline.py took 1.048 seconds
[2026-05-03T04:29:01.077+0000] {processor.py:161} INFO - Started process (PID=13541) to work on /opt/airflow/dags/flight-pipeline.py
[2026-05-03T04:29:01.079+0000] {processor.py:830} INFO - Processing file /opt/airflow/dags/flight-pipeline.py for tasks to queue
[2026-05-03T04:29:01.080+0000] {logging_mixin.py:188} INFO - [2026-05-03T04:29:01.079+0000] {dagbag.py:545} INFO - Filling up the DagBag from /opt/airflow/dags/flight-pipeline.py
[2026-05-03T04:29:01.837+0000] {processor.py:840} INFO - DAG(s) 'flights_ops_medallion_pipe' retrieved from /opt/airflow/dags/flight-pipeline.py
[2026-05-03T04:29:01.876+0000] {logging_mixin.py:188} INFO - [2026-05-03T04:29:01.875+0000] {dag.py:3089} INFO - Sync 1 DAGs
[2026-05-03T04:29:02.082+0000] {logging_mixin.py:188} INFO - [2026-05-03T04:29:02.082+0000] {dag.py:3947} INFO - Setting next_dagrun for flights_ops_medallion_pipe to 2026-05-03 04:00:00+00:00, run_after=2026-05-03 04:30:00+00:00
[2026-05-03T04:29:02.106+0000] {processor.py:183} INFO - Processing /opt/airflow/dags/flight-pipeline.py took 1.038 seconds
[2026-05-03T04:29:32.351+0000] {processor.py:161} INFO - Started process (PID=13544) to work on /opt/airflow/dags/flight-pipeline.py
[2026-05-03T04:29:32.353+0000] {processor.py:830} INFO - Processing file /opt/airflow/dags/flight-pipeline.py for tasks to queue
[2026-05-03T04:29:32.354+0000] {logging_mixin.py:188} INFO - [2026-05-03T04:29:32.354+0000] {dagbag.py:545} INFO - Filling up the DagBag from /opt/airflow/dags/flight-pipeline.py
[2026-05-03T04:29:33.059+0000] {processor.py:840} INFO - DAG(s) 'flights_ops_medallion_pipe' retrieved from /opt/airflow/dags/flight-pipeline.py
[2026-05-03T04:29:33.256+0000] {logging_mixin.py:188} INFO - [2026-05-03T04:29:33.255+0000] {dag.py:3089} INFO - Sync 1 DAGs
[2026-05-03T04:29:33.281+0000] {logging_mixin.py:188} INFO - [2026-05-03T04:29:33.281+0000] {dag.py:3947} INFO - Setting next_dagrun for flights_ops_medallion_pipe to 2026-05-03 04:00:00+00:00, run_after=2026-05-03 04:30:00+00:00
[2026-05-03T04:29:33.302+0000] {processor.py:183} INFO - Processing /opt/airflow/dags/flight-pipeline.py took 0.958 seconds
[2026-05-03T04:30:03.624+0000] {processor.py:161} INFO - Started process (PID=13548) to work on /opt/airflow/dags/flight-pipeline.py
[2026-05-03T04:30:03.626+0000] {processor.py:830} INFO - Processing file /opt/airflow/dags/flight-pipeline.py for tasks to queue
[2026-05-03T04:30:03.627+0000] {logging_mixin.py:188} INFO - [2026-05-03T04:30:03.627+0000] {dagbag.py:545} INFO - Filling up the DagBag from /opt/airflow/dags/flight-pipeline.py
[2026-05-03T04:30:04.400+0000] {processor.py:840} INFO - DAG(s) 'flights_ops_medallion_pipe' retrieved from /opt/airflow/dags/flight-pipeline.py
[2026-05-03T04:30:04.481+0000] {logging_mixin.py:188} INFO - [2026-05-03T04:30:04.481+0000] {dag.py:3089} INFO - Sync 1 DAGs
[2026-05-03T04:30:04.528+0000] {logging_mixin.py:188} INFO - [2026-05-03T04:30:04.528+0000] {dag.py:3947} INFO - Setting next_dagrun for flights_ops_medallion_pipe to 2026-05-03 04:30:00+00:00, run_after=2026-05-03 05:00:00+00:00
[2026-05-03T04:30:04.549+0000] {processor.py:183} INFO - Processing /opt/airflow/dags/flight-pipeline.py took 0.932 seconds
[2026-05-03T04:30:34.807+0000] {processor.py:161} INFO - Started process (PID=13594) to work on /opt/airflow/dags/flight-pipeline.py
[2026-05-03T04:30:34.810+0000] {processor.py:830} INFO - Processing file /opt/airflow/dags/flight-pipeline.py for tasks to queue
[2026-05-03T04:30:34.812+0000] {logging_mixin.py:188} INFO - [2026-05-03T04:30:34.811+0000] {dagbag.py:545} INFO - Filling up the DagBag from /opt/airflow/dags/flight-pipeline.py
[2026-05-03T04:30:35.897+0000] {processor.py:840} INFO - DAG(s) 'flights_ops_medallion_pipe' retrieved from /opt/airflow/dags/flight-pipeline.py
[2026-05-03T04:30:35.956+0000] {logging_mixin.py:188} INFO - [2026-05-03T04:30:35.956+0000] {dag.py:3089} INFO - Sync 1 DAGs
[2026-05-03T04:30:36.001+0000] {logging_mixin.py:188} INFO - [2026-05-03T04:30:36.001+0000] {dag.py:3947} INFO - Setting next_dagrun for flights_ops_medallion_pipe to 2026-05-03 04:30:00+00:00, run_after=2026-05-03 05:00:00+00:00
[2026-05-03T04:30:36.027+0000] {processor.py:183} INFO - Processing /opt/airflow/dags/flight-pipeline.py took 1.241 seconds
[2026-05-03T04:31:06.083+0000] {processor.py:161} INFO - Started process (PID=13597) to work on /opt/airflow/dags/flight-pipeline.py
[2026-05-03T04:31:06.085+0000] {processor.py:830} INFO - Processing file /opt/airflow/dags/flight-pipeline.py for tasks to queue
[2026-05-03T04:31:06.087+0000] {logging_mixin.py:188} INFO - [2026-05-03T04:31:06.086+0000] {dagbag.py:545} INFO - Filling up the DagBag from /opt/airflow/dags/flight-pipeline.py
[2026-05-03T04:31:06.752+0000] {processor.py:840} INFO - DAG(s) 'flights_ops_medallion_pipe' retrieved from /opt/airflow/dags/flight-pipeline.py
[2026-05-03T04:31:06.785+0000] {logging_mixin.py:188} INFO - [2026-05-03T04:31:06.785+0000] {dag.py:3089} INFO - Sync 1 DAGs
[2026-05-03T04:31:06.807+0000] {logging_mixin.py:188} INFO - [2026-05-03T04:31:06.807+0000] {dag.py:3947} INFO - Setting next_dagrun for flights_ops_medallion_pipe to 2026-05-03 04:30:00+00:00, run_after=2026-05-03 05:00:00+00:00
[2026-05-03T04:31:06.825+0000] {processor.py:183} INFO - Processing /opt/airflow/dags/flight-pipeline.py took 0.751 seconds
[2026-05-03T04:31:37.095+0000] {processor.py:161} INFO - Started process (PID=13600) to work on /opt/airflow/dags/flight-pipeline.py
[2026-05-03T04:31:37.096+0000] {processor.py:830} INFO - Processing file /opt/airflow/dags/flight-pipeline.py for tasks to queue
[2026-05-03T04:31:37.098+0000] {logging_mixin.py:188} INFO - [2026-05-03T04:31:37.097+0000] {dagbag.py:545} INFO - Filling up the DagBag from /opt/airflow/dags/flight-pipeline.py
[2026-05-03T04:31:37.794+0000] {processor.py:840} INFO - DAG(s) 'flights_ops_medallion_pipe' retrieved from /opt/airflow/dags/flight-pipeline.py
[2026-05-03T04:31:37.829+0000] {logging_mixin.py:188} INFO - [2026-05-03T04:31:37.828+0000] {dag.py:3089} INFO - Sync 1 DAGs
[2026-05-03T04:31:39.055+0000] {logging_mixin.py:188} INFO - [2026-05-03T04:31:39.055+0000] {dag.py:3947} INFO - Setting next_dagrun for flights_ops_medallion_pipe to 2026-05-03 04:30:00+00:00, run_after=2026-05-03 05:00:00+00:00
[2026-05-03T04:31:39.088+0000] {processor.py:183} INFO - Processing /opt/airflow/dags/flight-pipeline.py took 2.002 seconds
[2026-05-03T04:32:09.369+0000] {processor.py:161} INFO - Started process (PID=13603) to work on /opt/airflow/dags/flight-pipeline.py
[2026-05-03T04:32:09.371+0000] {processor.py:830} INFO - Processing file /opt/airflow/dags/flight-pipeline.py for tasks to queue
[2026-05-03T04:32:09.372+0000] {logging_mixin.py:188} INFO - [2026-05-03T04:32:09.371+0000] {dagbag.py:545} INFO - Filling up the DagBag from /opt/airflow/dags/flight-pipeline.py
[2026-05-03T04:32:10.008+0000] {processor.py:840} INFO - DAG(s) 'flights_ops_medallion_pipe' retrieved from /opt/airflow/dags/flight-pipeline.py
[2026-05-03T04:32:10.041+0000] {logging_mixin.py:188} INFO - [2026-05-03T04:32:10.041+0000] {dag.py:3089} INFO - Sync 1 DAGs
[2026-05-03T04:32:10.216+0000] {logging_mixin.py:188} INFO - [2026-05-03T04:32:10.216+0000] {dag.py:3947} INFO - Setting next_dagrun for flights_ops_medallion_pipe to 2026-05-03 04:30:00+00:00, run_after=2026-05-03 05:00:00+00:00
[2026-05-03T04:32:10.237+0000] {processor.py:183} INFO - Processing /opt/airflow/dags/flight-pipeline.py took 0.876 seconds
[2026-05-03T04:32:40.534+0000] {processor.py:161} INFO - Started process (PID=13606) to work on /opt/airflow/dags/flight-pipeline.py
[2026-05-03T04:32:40.536+0000] {processor.py:830} INFO - Processing file /opt/airflow/dags/flight-pipeline.py for tasks to queue
[2026-05-03T04:32:40.537+0000] {logging_mixin.py:188} INFO - [2026-05-03T04:32:40.536+0000] {dagbag.py:545} INFO - Filling up the DagBag from /opt/airflow/dags/flight-pipeline.py
[2026-05-03T04:32:41.184+0000] {processor.py:840} INFO - DAG(s) 'flights_ops_medallion_pipe' retrieved from /opt/airflow/dags/flight-pipeline.py
[2026-05-03T04:32:41.217+0000] {logging_mixin.py:188} INFO - [2026-05-03T04:32:41.216+0000] {dag.py:3089} INFO - Sync 1 DAGs
[2026-05-03T04:32:41.239+0000] {logging_mixin.py:188} INFO - [2026-05-03T04:32:41.239+0000] {dag.py:3947} INFO - Setting next_dagrun for flights_ops_medallion_pipe to 2026-05-03 04:30:00+00:00, run_after=2026-05-03 05:00:00+00:00
[2026-05-03T04:32:41.258+0000] {processor.py:183} INFO - Processing /opt/airflow/dags/flight-pipeline.py took 0.733 seconds
[2026-05-03T04:33:11.552+0000] {processor.py:161} INFO - Started process (PID=13609) to work on /opt/airflow/dags/flight-pipeline.py
[2026-05-03T04:33:11.554+0000] {processor.py:830} INFO - Processing file /opt/airflow/dags/flight-pipeline.py for tasks to queue
[2026-05-03T04:33:11.555+0000] {logging_mixin.py:188} INFO - [2026-05-03T04:33:11.555+0000] {dagbag.py:545} INFO - Filling up the DagBag from /opt/airflow/dags/flight-pipeline.py
[2026-05-03T04:33:12.182+0000] {processor.py:840} INFO - DAG(s) 'flights_ops_medallion_pipe' retrieved from /opt/airflow/dags/flight-pipeline.py
[2026-05-03T04:33:12.215+0000] {logging_mixin.py:188} INFO - [2026-05-03T04:33:12.215+0000] {dag.py:3089} INFO - Sync 1 DAGs
[2026-05-03T04:33:12.238+0000] {logging_mixin.py:188} INFO - [2026-05-03T04:33:12.238+0000] {dag.py:3947} INFO - Setting next_dagrun for flights_ops_medallion_pipe to 2026-05-03 04:30:00+00:00, run_after=2026-05-03 05:00:00+00:00
[2026-05-03T04:33:12.255+0000] {processor.py:183} INFO - Processing /opt/airflow/dags/flight-pipeline.py took 0.714 seconds
[2026-05-03T04:33:42.494+0000] {processor.py:161} INFO - Started process (PID=13612) to work on /opt/airflow/dags/flight-pipeline.py
[2026-05-03T04:33:42.496+0000] {processor.py:830} INFO - Processing file /opt/airflow/dags/flight-pipeline.py for tasks to queue
[2026-05-03T04:33:42.497+0000] {logging_mixin.py:188} INFO - [2026-05-03T04:33:42.497+0000] {dagbag.py:545} INFO - Filling up the DagBag from /opt/airflow/dags/flight-pipeline.py
[2026-05-03T04:33:43.130+0000] {processor.py:840} INFO - DAG(s) 'flights_ops_medallion_pipe' retrieved from /opt/airflow/dags/flight-pipeline.py
[2026-05-03T04:33:43.164+0000] {logging_mixin.py:188} INFO - [2026-05-03T04:33:43.163+0000] {dag.py:3089} INFO - Sync 1 DAGs
[2026-05-03T04:33:43.186+0000] {logging_mixin.py:188} INFO - [2026-05-03T04:33:43.186+0000] {dag.py:3947} INFO - Setting next_dagrun for flights_ops_medallion_pipe to 2026-05-03 04:30:00+00:00, run_after=2026-05-03 05:00:00+00:00
[2026-05-03T04:33:43.204+0000] {processor.py:183} INFO - Processing /opt/airflow/dags/flight-pipeline.py took 0.719 seconds
[2026-05-03T04:34:13.313+0000] {processor.py:161} INFO - Started process (PID=13615) to work on /opt/airflow/dags/flight-pipeline.py
[2026-05-03T04:34:13.315+0000] {processor.py:830} INFO - Processing file /opt/airflow/dags/flight-pipeline.py for tasks to queue
[2026-05-03T04:34:13.316+0000] {logging_mixin.py:188} INFO - [2026-05-03T04:34:13.316+0000] {dagbag.py:545} INFO - Filling up the DagBag from /opt/airflow/dags/flight-pipeline.py
[2026-05-03T04:34:13.968+0000] {processor.py:840} INFO - DAG(s) 'flights_ops_medallion_pipe' retrieved from /opt/airflow/dags/flight-pipeline.py
[2026-05-03T04:34:14.000+0000] {logging_mixin.py:188} INFO - [2026-05-03T04:34:14.000+0000] {dag.py:3089} INFO - Sync 1 DAGs
[2026-05-03T04:34:14.024+0000] {logging_mixin.py:188} INFO - [2026-05-03T04:34:14.024+0000] {dag.py:3947} INFO - Setting next_dagrun for flights_ops_medallion_pipe to 2026-05-03 04:30:00+00:00, run_after=2026-05-03 05:00:00+00:00
[2026-05-03T04:34:14.043+0000] {processor.py:183} INFO - Processing /opt/airflow/dags/flight-pipeline.py took 0.739 seconds
[2026-05-03T04:34:44.312+0000] {processor.py:161} INFO - Started process (PID=13618) to work on /opt/airflow/dags/flight-pipeline.py
[2026-05-03T04:34:44.314+0000] {processor.py:830} INFO - Processing file /opt/airflow/dags/flight-pipeline.py for tasks to queue
[2026-05-03T04:34:44.315+0000] {logging_mixin.py:188} INFO - [2026-05-03T04:34:44.314+0000] {dagbag.py:545} INFO - Filling up the DagBag from /opt/airflow/dags/flight-pipeline.py
[2026-05-03T04:34:44.954+0000] {processor.py:840} INFO - DAG(s) 'flights_ops_medallion_pipe' retrieved from /opt/airflow/dags/flight-pipeline.py
[2026-05-03T04:34:44.986+0000] {logging_mixin.py:188} INFO - [2026-05-03T04:34:44.986+0000] {dag.py:3089} INFO - Sync 1 DAGs
[2026-05-03T04:34:45.159+0000] {logging_mixin.py:188} INFO - [2026-05-03T04:34:45.158+0000] {dag.py:3947} INFO - Setting next_dagrun for flights_ops_medallion_pipe to 2026-05-03 04:30:00+00:00, run_after=2026-05-03 05:00:00+00:00
[2026-05-03T04:34:45.180+0000] {processor.py:183} INFO - Processing /opt/airflow/dags/flight-pipeline.py took 0.877 seconds
[2026-05-03T04:35:15.435+0000] {processor.py:161} INFO - Started process (PID=13621) to work on /opt/airflow/dags/flight-pipeline.py
[2026-05-03T04:35:15.438+0000] {processor.py:830} INFO - Processing file /opt/airflow/dags/flight-pipeline.py for tasks to queue
[2026-05-03T04:35:15.439+0000] {logging_mixin.py:188} INFO - [2026-05-03T04:35:15.439+0000] {dagbag.py:545} INFO - Filling up the DagBag from /opt/airflow/dags/flight-pipeline.py
[2026-05-03T04:35:16.105+0000] {processor.py:840} INFO - DAG(s) 'flights_ops_medallion_pipe' retrieved from /opt/airflow/dags/flight-pipeline.py
[2026-05-03T04:35:16.139+0000] {logging_mixin.py:188} INFO - [2026-05-03T04:35:16.139+0000] {dag.py:3089} INFO - Sync 1 DAGs
[2026-05-03T04:35:16.301+0000] {logging_mixin.py:188} INFO - [2026-05-03T04:35:16.300+0000] {dag.py:3947} INFO - Setting next_dagrun for flights_ops_medallion_pipe to 2026-05-03 04:30:00+00:00, run_after=2026-05-03 05:00:00+00:00
[2026-05-03T04:35:16.319+0000] {processor.py:183} INFO - Processing /opt/airflow/dags/flight-pipeline.py took 0.892 seconds
[2026-05-03T04:35:46.491+0000] {processor.py:161} INFO - Started process (PID=13624) to work on /opt/airflow/dags/flight-pipeline.py
[2026-05-03T04:35:46.492+0000] {processor.py:830} INFO - Processing file /opt/airflow/dags/flight-pipeline.py for tasks to queue
[2026-05-03T04:35:46.493+0000] {logging_mixin.py:188} INFO - [2026-05-03T04:35:46.493+0000] {dagbag.py:545} INFO - Filling up the DagBag from /opt/airflow/dags/flight-pipeline.py
[2026-05-03T04:35:47.157+0000] {processor.py:840} INFO - DAG(s) 'flights_ops_medallion_pipe' retrieved from /opt/airflow/dags/flight-pipeline.py
[2026-05-03T04:35:47.192+0000] {logging_mixin.py:188} INFO - [2026-05-03T04:35:47.191+0000] {dag.py:3089} INFO - Sync 1 DAGs
[2026-05-03T04:35:47.216+0000] {logging_mixin.py:188} INFO - [2026-05-03T04:35:47.215+0000] {dag.py:3947} INFO - Setting next_dagrun for flights_ops_medallion_pipe to 2026-05-03 04:30:00+00:00, run_after=2026-05-03 05:00:00+00:00
[2026-05-03T04:35:47.234+0000] {processor.py:183} INFO - Processing /opt/airflow/dags/flight-pipeline.py took 0.751 seconds
[2026-05-03T04:36:17.298+0000] {processor.py:161} INFO - Started process (PID=13627) to work on /opt/airflow/dags/flight-pipeline.py
[2026-05-03T04:36:17.299+0000] {processor.py:830} INFO - Processing file /opt/airflow/dags/flight-pipeline.py for tasks to queue
[2026-05-03T04:36:17.301+0000] {logging_mixin.py:188} INFO - [2026-05-03T04:36:17.300+0000] {dagbag.py:545} INFO - Filling up the DagBag from /opt/airflow/dags/flight-pipeline.py
[2026-05-03T04:36:18.068+0000] {processor.py:840} INFO - DAG(s) 'flights_ops_medallion_pipe' retrieved from /opt/airflow/dags/flight-pipeline.py
[2026-05-03T04:36:18.107+0000] {logging_mixin.py:188} INFO - [2026-05-03T04:36:18.106+0000] {dag.py:3089} INFO - Sync 1 DAGs
[2026-05-03T04:36:18.137+0000] {logging_mixin.py:188} INFO - [2026-05-03T04:36:18.137+0000] {dag.py:3947} INFO - Setting next_dagrun for flights_ops_medallion_pipe to 2026-05-03 04:30:00+00:00, run_after=2026-05-03 05:00:00+00:00
[2026-05-03T04:36:18.160+0000] {processor.py:183} INFO - Processing /opt/airflow/dags/flight-pipeline.py took 0.871 seconds
[2026-05-03T04:36:48.351+0000] {processor.py:161} INFO - Started process (PID=13630) to work on /opt/airflow/dags/flight-pipeline.py
[2026-05-03T04:36:48.352+0000] {processor.py:830} INFO - Processing file /opt/airflow/dags/flight-pipeline.py for tasks to queue
[2026-05-03T04:36:48.353+0000] {logging_mixin.py:188} INFO - [2026-05-03T04:36:48.352+0000] {dagbag.py:545} INFO - Filling up the DagBag from /opt/airflow/dags/flight-pipeline.py
[2026-05-03T04:36:49.036+0000] {processor.py:840} INFO - DAG(s) 'flights_ops_medallion_pipe' retrieved from /opt/airflow/dags/flight-pipeline.py
[2026-05-03T04:36:49.070+0000] {logging_mixin.py:188} INFO - [2026-05-03T04:36:49.070+0000] {dag.py:3089} INFO - Sync 1 DAGs
[2026-05-03T04:36:49.094+0000] {logging_mixin.py:188} INFO - [2026-05-03T04:36:49.094+0000] {dag.py:3947} INFO - Setting next_dagrun for flights_ops_medallion_pipe to 2026-05-03 04:30:00+00:00, run_after=2026-05-03 05:00:00+00:00
[2026-05-03T04:36:49.114+0000] {processor.py:183} INFO - Processing /opt/airflow/dags/flight-pipeline.py took 0.771 seconds
[2026-05-03T04:37:19.282+0000] {processor.py:161} INFO - Started process (PID=13633) to work on /opt/airflow/dags/flight-pipeline.py
[2026-05-03T04:37:19.284+0000] {processor.py:830} INFO - Processing file /opt/airflow/dags/flight-pipeline.py for tasks to queue
[2026-05-03T04:37:19.285+0000] {logging_mixin.py:188} INFO - [2026-05-03T04:37:19.285+0000] {dagbag.py:545} INFO - Filling up the DagBag from /opt/airflow/dags/flight-pipeline.py
[2026-05-03T04:37:19.939+0000] {processor.py:840} INFO - DAG(s) 'flights_ops_medallion_pipe' retrieved from /opt/airflow/dags/flight-pipeline.py
[2026-05-03T04:37:19.971+0000] {logging_mixin.py:188} INFO - [2026-05-03T04:37:19.971+0000] {dag.py:3089} INFO - Sync 1 DAGs
[2026-05-03T04:37:19.998+0000] {logging_mixin.py:188} INFO - [2026-05-03T04:37:19.998+0000] {dag.py:3947} INFO - Setting next_dagrun for flights_ops_medallion_pipe to 2026-05-03 04:30:00+00:00, run_after=2026-05-03 05:00:00+00:00
[2026-05-03T04:37:20.161+0000] {processor.py:183} INFO - Processing /opt/airflow/dags/flight-pipeline.py took 0.886 seconds
[2026-05-03T04:37:50.385+0000] {processor.py:161} INFO - Started process (PID=13636) to work on /opt/airflow/dags/flight-pipeline.py
[2026-05-03T04:37:50.393+0000] {processor.py:830} INFO - Processing file /opt/airflow/dags/flight-pipeline.py for tasks to queue
[2026-05-03T04:37:50.394+0000] {logging_mixin.py:188} INFO - [2026-05-03T04:37:50.394+0000] {dagbag.py:545} INFO - Filling up the DagBag from /opt/airflow/dags/flight-pipeline.py
[2026-05-03T04:37:51.031+0000] {processor.py:840} INFO - DAG(s) 'flights_ops_medallion_pipe' retrieved from /opt/airflow/dags/flight-pipeline.py
[2026-05-03T04:37:51.067+0000] {logging_mixin.py:188} INFO - [2026-05-03T04:37:51.066+0000] {dag.py:3089} INFO - Sync 1 DAGs
[2026-05-03T04:37:51.242+0000] {logging_mixin.py:188} INFO - [2026-05-03T04:37:51.241+0000] {dag.py:3947} INFO - Setting next_dagrun for flights_ops_medallion_pipe to 2026-05-03 04:30:00+00:00, run_after=2026-05-03 05:00:00+00:00
[2026-05-03T04:37:51.262+0000] {processor.py:183} INFO - Processing /opt/airflow/dags/flight-pipeline.py took 0.886 seconds
[2026-05-03T04:38:21.539+0000] {processor.py:161} INFO - Started process (PID=13639) to work on /opt/airflow/dags/flight-pipeline.py
[2026-05-03T04:38:21.541+0000] {processor.py:830} INFO - Processing file /opt/airflow/dags/flight-pipeline.py for tasks to queue
[2026-05-03T04:38:21.542+0000] {logging_mixin.py:188} INFO - [2026-05-03T04:38:21.541+0000] {dagbag.py:545} INFO - Filling up the DagBag from /opt/airflow/dags/flight-pipeline.py
[2026-05-03T04:38:22.166+0000] {processor.py:840} INFO - DAG(s) 'flights_ops_medallion_pipe' retrieved from /opt/airflow/dags/flight-pipeline.py
[2026-05-03T04:38:22.200+0000] {logging_mixin.py:188} INFO - [2026-05-03T04:38:22.199+0000] {dag.py:3089} INFO - Sync 1 DAGs
[2026-05-03T04:38:22.223+0000] {logging_mixin.py:188} INFO - [2026-05-03T04:38:22.223+0000] {dag.py:3947} INFO - Setting next_dagrun for flights_ops_medallion_pipe to 2026-05-03 04:30:00+00:00, run_after=2026-05-03 05:00:00+00:00
[2026-05-03T04:38:22.241+0000] {processor.py:183} INFO - Processing /opt/airflow/dags/flight-pipeline.py took 0.711 seconds
[2026-05-03T04:38:52.409+0000] {processor.py:161} INFO - Started process (PID=13642) to work on /opt/airflow/dags/flight-pipeline.py
[2026-05-03T04:38:52.411+0000] {processor.py:830} INFO - Processing file /opt/airflow/dags/flight-pipeline.py for tasks to queue
[2026-05-03T04:38:52.412+0000] {logging_mixin.py:188} INFO - [2026-05-03T04:38:52.412+0000] {dagbag.py:545} INFO - Filling up the DagBag from /opt/airflow/dags/flight-pipeline.py
[2026-05-03T04:38:53.060+0000] {processor.py:840} INFO - DAG(s) 'flights_ops_medallion_pipe' retrieved from /opt/airflow/dags/flight-pipeline.py
[2026-05-03T04:38:53.096+0000] {logging_mixin.py:188} INFO - [2026-05-03T04:38:53.096+0000] {dag.py:3089} INFO - Sync 1 DAGs
[2026-05-03T04:38:53.121+0000] {logging_mixin.py:188} INFO - [2026-05-03T04:38:53.121+0000] {dag.py:3947} INFO - Setting next_dagrun for flights_ops_medallion_pipe to 2026-05-03 04:30:00+00:00, run_after=2026-05-03 05:00:00+00:00
[2026-05-03T04:38:53.140+0000] {processor.py:183} INFO - Processing /opt/airflow/dags/flight-pipeline.py took 0.741 seconds
[2026-05-03T04:39:23.413+0000] {processor.py:161} INFO - Started process (PID=13645) to work on /opt/airflow/dags/flight-pipeline.py
[2026-05-03T04:39:23.415+0000] {processor.py:830} INFO - Processing file /opt/airflow/dags/flight-pipeline.py for tasks to queue
[2026-05-03T04:39:23.416+0000] {logging_mixin.py:188} INFO - [2026-05-03T04:39:23.416+0000] {dagbag.py:545} INFO - Filling up the DagBag from /opt/airflow/dags/flight-pipeline.py
[2026-05-03T04:39:24.054+0000] {processor.py:840} INFO - DAG(s) 'flights_ops_medallion_pipe' retrieved from /opt/airflow/dags/flight-pipeline.py
[2026-05-03T04:39:24.087+0000] {logging_mixin.py:188} INFO - [2026-05-03T04:39:24.086+0000] {dag.py:3089} INFO - Sync 1 DAGs
[2026-05-03T04:39:24.109+0000] {logging_mixin.py:188} INFO - [2026-05-03T04:39:24.109+0000] {dag.py:3947} INFO - Setting next_dagrun for flights_ops_medallion_pipe to 2026-05-03 04:30:00+00:00, run_after=2026-05-03 05:00:00+00:00
[2026-05-03T04:39:24.127+0000] {processor.py:183} INFO - Processing /opt/airflow/dags/flight-pipeline.py took 0.723 seconds
[2026-05-03T04:39:54.399+0000] {processor.py:161} INFO - Started process (PID=13648) to work on /opt/airflow/dags/flight-pipeline.py
[2026-05-03T04:39:54.401+0000] {processor.py:830} INFO - Processing file /opt/airflow/dags/flight-pipeline.py for tasks to queue
[2026-05-03T04:39:54.402+0000] {logging_mixin.py:188} INFO - [2026-05-03T04:39:54.402+0000] {dagbag.py:545} INFO - Filling up the DagBag from /opt/airflow/dags/flight-pipeline.py
[2026-05-03T04:39:55.038+0000] {processor.py:840} INFO - DAG(s) 'flights_ops_medallion_pipe' retrieved from /opt/airflow/dags/flight-pipeline.py
[2026-05-03T04:39:55.071+0000] {logging_mixin.py:188} INFO - [2026-05-03T04:39:55.070+0000] {dag.py:3089} INFO - Sync 1 DAGs
[2026-05-03T04:39:55.093+0000] {logging_mixin.py:188} INFO - [2026-05-03T04:39:55.092+0000] {dag.py:3947} INFO - Setting next_dagrun for flights_ops_medallion_pipe to 2026-05-03 04:30:00+00:00, run_after=2026-05-03 05:00:00+00:00
[2026-05-03T04:39:55.113+0000] {processor.py:183} INFO - Processing /opt/airflow/dags/flight-pipeline.py took 0.724 seconds
[2026-05-03T04:40:25.256+0000] {processor.py:161} INFO - Started process (PID=13651) to work on /opt/airflow/dags/flight-pipeline.py
[2026-05-03T04:40:25.257+0000] {processor.py:830} INFO - Processing file /opt/airflow/dags/flight-pipeline.py for tasks to queue
[2026-05-03T04:40:25.258+0000] {logging_mixin.py:188} INFO - [2026-05-03T04:40:25.258+0000] {dagbag.py:545} INFO - Filling up the DagBag from /opt/airflow/dags/flight-pipeline.py
[2026-05-03T04:40:25.898+0000] {processor.py:840} INFO - DAG(s) 'flights_ops_medallion_pipe' retrieved from /opt/airflow/dags/flight-pipeline.py
[2026-05-03T04:40:25.932+0000] {logging_mixin.py:188} INFO - [2026-05-03T04:40:25.931+0000] {dag.py:3089} INFO - Sync 1 DAGs
[2026-05-03T04:40:26.105+0000] {logging_mixin.py:188} INFO - [2026-05-03T04:40:26.105+0000] {dag.py:3947} INFO - Setting next_dagrun for flights_ops_medallion_pipe to 2026-05-03 04:30:00+00:00, run_after=2026-05-03 05:00:00+00:00
[2026-05-03T04:40:26.125+0000] {processor.py:183} INFO - Processing /opt/airflow/dags/flight-pipeline.py took 0.878 seconds
[2026-05-03T04:40:56.417+0000] {processor.py:161} INFO - Started process (PID=13654) to work on /opt/airflow/dags/flight-pipeline.py
[2026-05-03T04:40:56.419+0000] {processor.py:830} INFO - Processing file /opt/airflow/dags/flight-pipeline.py for tasks to queue
[2026-05-03T04:40:56.420+0000] {logging_mixin.py:188} INFO - [2026-05-03T04:40:56.419+0000] {dagbag.py:545} INFO - Filling up the DagBag from /opt/airflow/dags/flight-pipeline.py
[2026-05-03T04:40:57.067+0000] {processor.py:840} INFO - DAG(s) 'flights_ops_medallion_pipe' retrieved from /opt/airflow/dags/flight-pipeline.py
[2026-05-03T04:40:57.100+0000] {logging_mixin.py:188} INFO - [2026-05-03T04:40:57.100+0000] {dag.py:3089} INFO - Sync 1 DAGs
[2026-05-03T04:40:57.269+0000] {logging_mixin.py:188} INFO - [2026-05-03T04:40:57.268+0000] {dag.py:3947} INFO - Setting next_dagrun for flights_ops_medallion_pipe to 2026-05-03 04:30:00+00:00, run_after=2026-05-03 05:00:00+00:00
[2026-05-03T04:40:57.289+0000] {processor.py:183} INFO - Processing /opt/airflow/dags/flight-pipeline.py took 0.881 seconds
[2026-05-03T04:41:27.577+0000] {processor.py:161} INFO - Started process (PID=13657) to work on /opt/airflow/dags/flight-pipeline.py
[2026-05-03T04:41:27.579+0000] {processor.py:830} INFO - Processing file /opt/airflow/dags/flight-pipeline.py for tasks to queue
[2026-05-03T04:41:27.580+0000] {logging_mixin.py:188} INFO - [2026-05-03T04:41:27.580+0000] {dagbag.py:545} INFO - Filling up the DagBag from /opt/airflow/dags/flight-pipeline.py
[2026-05-03T04:41:28.227+0000] {processor.py:840} INFO - DAG(s) 'flights_ops_medallion_pipe' retrieved from /opt/airflow/dags/flight-pipeline.py
[2026-05-03T04:41:28.408+0000] {logging_mixin.py:188} INFO - [2026-05-03T04:41:28.408+0000] {dag.py:3089} INFO - Sync 1 DAGs
[2026-05-03T04:41:28.432+0000] {logging_mixin.py:188} INFO - [2026-05-03T04:41:28.432+0000] {dag.py:3947} INFO - Setting next_dagrun for flights_ops_medallion_pipe to 2026-05-03 04:30:00+00:00, run_after=2026-05-03 05:00:00+00:00
[2026-05-03T04:41:28.452+0000] {processor.py:183} INFO - Processing /opt/airflow/dags/flight-pipeline.py took 0.883 seconds
[2026-05-03T04:41:58.735+0000] {processor.py:161} INFO - Started process (PID=13660) to work on /opt/airflow/dags/flight-pipeline.py
[2026-05-03T04:41:58.737+0000] {processor.py:830} INFO - Processing file /opt/airflow/dags/flight-pipeline.py for tasks to queue
[2026-05-03T04:41:58.738+0000] {logging_mixin.py:188} INFO - [2026-05-03T04:41:58.738+0000] {dagbag.py:545} INFO - Filling up the DagBag from /opt/airflow/dags/flight-pipeline.py
[2026-05-03T04:41:59.397+0000] {processor.py:840} INFO - DAG(s) 'flights_ops_medallion_pipe' retrieved from /opt/airflow/dags/flight-pipeline.py
[2026-05-03T04:41:59.429+0000] {logging_mixin.py:188} INFO - [2026-05-03T04:41:59.428+0000] {dag.py:3089} INFO - Sync 1 DAGs
[2026-05-03T04:41:59.450+0000] {logging_mixin.py:188} INFO - [2026-05-03T04:41:59.450+0000] {dag.py:3947} INFO - Setting next_dagrun for flights_ops_medallion_pipe to 2026-05-03 04:30:00+00:00, run_after=2026-05-03 05:00:00+00:00
[2026-05-03T04:41:59.469+0000] {processor.py:183} INFO - Processing /opt/airflow/dags/flight-pipeline.py took 0.743 seconds
[2026-05-03T04:42:29.723+0000] {processor.py:161} INFO - Started process (PID=13663) to work on /opt/airflow/dags/flight-pipeline.py
[2026-05-03T04:42:29.725+0000] {processor.py:830} INFO - Processing file /opt/airflow/dags/flight-pipeline.py for tasks to queue
[2026-05-03T04:42:29.726+0000] {logging_mixin.py:188} INFO - [2026-05-03T04:42:29.726+0000] {dagbag.py:545} INFO - Filling up the DagBag from /opt/airflow/dags/flight-pipeline.py
[2026-05-03T04:42:30.383+0000] {processor.py:840} INFO - DAG(s) 'flights_ops_medallion_pipe' retrieved from /opt/airflow/dags/flight-pipeline.py
[2026-05-03T04:42:30.415+0000] {logging_mixin.py:188} INFO - [2026-05-03T04:42:30.414+0000] {dag.py:3089} INFO - Sync 1 DAGs
[2026-05-03T04:42:30.437+0000] {logging_mixin.py:188} INFO - [2026-05-03T04:42:30.437+0000] {dag.py:3947} INFO - Setting next_dagrun for flights_ops_medallion_pipe to 2026-05-03 04:30:00+00:00, run_after=2026-05-03 05:00:00+00:00
[2026-05-03T04:42:30.455+0000] {processor.py:183} INFO - Processing /opt/airflow/dags/flight-pipeline.py took 0.741 seconds
[2026-05-03T04:43:00.655+0000] {processor.py:161} INFO - Started process (PID=13666) to work on /opt/airflow/dags/flight-pipeline.py
[2026-05-03T04:43:00.657+0000] {processor.py:830} INFO - Processing file /opt/airflow/dags/flight-pipeline.py for tasks to queue
[2026-05-03T04:43:00.658+0000] {logging_mixin.py:188} INFO - [2026-05-03T04:43:00.658+0000] {dagbag.py:545} INFO - Filling up the DagBag from /opt/airflow/dags/flight-pipeline.py
[2026-05-03T04:43:01.296+0000] {processor.py:840} INFO - DAG(s) 'flights_ops_medallion_pipe' retrieved from /opt/airflow/dags/flight-pipeline.py
[2026-05-03T04:43:01.327+0000] {logging_mixin.py:188} INFO - [2026-05-03T04:43:01.327+0000] {dag.py:3089} INFO - Sync 1 DAGs
[2026-05-03T04:43:01.350+0000] {logging_mixin.py:188} INFO - [2026-05-03T04:43:01.350+0000] {dag.py:3947} INFO - Setting next_dagrun for flights_ops_medallion_pipe to 2026-05-03 04:30:00+00:00, run_after=2026-05-03 05:00:00+00:00
[2026-05-03T04:43:01.369+0000] {processor.py:183} INFO - Processing /opt/airflow/dags/flight-pipeline.py took 0.723 seconds
[2026-05-03T04:43:31.685+0000] {processor.py:161} INFO - Started process (PID=13669) to work on /opt/airflow/dags/flight-pipeline.py
[2026-05-03T04:43:31.687+0000] {processor.py:830} INFO - Processing file /opt/airflow/dags/flight-pipeline.py for tasks to queue
[2026-05-03T04:43:31.688+0000] {logging_mixin.py:188} INFO - [2026-05-03T04:43:31.688+0000] {dagbag.py:545} INFO - Filling up the DagBag from /opt/airflow/dags/flight-pipeline.py
[2026-05-03T04:43:32.313+0000] {processor.py:840} INFO - DAG(s) 'flights_ops_medallion_pipe' retrieved from /opt/airflow/dags/flight-pipeline.py
[2026-05-03T04:43:32.345+0000] {logging_mixin.py:188} INFO - [2026-05-03T04:43:32.344+0000] {dag.py:3089} INFO - Sync 1 DAGs
[2026-05-03T04:43:32.522+0000] {logging_mixin.py:188} INFO - [2026-05-03T04:43:32.521+0000] {dag.py:3947} INFO - Setting next_dagrun for flights_ops_medallion_pipe to 2026-05-03 04:30:00+00:00, run_after=2026-05-03 05:00:00+00:00
[2026-05-03T04:43:32.543+0000] {processor.py:183} INFO - Processing /opt/airflow/dags/flight-pipeline.py took 0.866 seconds
[2026-05-03T04:44:02.810+0000] {processor.py:161} INFO - Started process (PID=13672) to work on /opt/airflow/dags/flight-pipeline.py
[2026-05-03T04:44:02.812+0000] {processor.py:830} INFO - Processing file /opt/airflow/dags/flight-pipeline.py for tasks to queue
[2026-05-03T04:44:02.813+0000] {logging_mixin.py:188} INFO - [2026-05-03T04:44:02.812+0000] {dagbag.py:545} INFO - Filling up the DagBag from /opt/airflow/dags/flight-pipeline.py
[2026-05-03T04:44:03.470+0000] {processor.py:840} INFO - DAG(s) 'flights_ops_medallion_pipe' retrieved from /opt/airflow/dags/flight-pipeline.py
[2026-05-03T04:44:03.512+0000] {logging_mixin.py:188} INFO - [2026-05-03T04:44:03.512+0000] {dag.py:3089} INFO - Sync 1 DAGs
[2026-05-03T04:44:03.745+0000] {logging_mixin.py:188} INFO - [2026-05-03T04:44:03.745+0000] {dag.py:3947} INFO - Setting next_dagrun for flights_ops_medallion_pipe to 2026-05-03 04:30:00+00:00, run_after=2026-05-03 05:00:00+00:00
[2026-05-03T04:44:03.766+0000] {processor.py:183} INFO - Processing /opt/airflow/dags/flight-pipeline.py took 0.966 seconds
[2026-05-03T04:44:34.032+0000] {processor.py:161} INFO - Started process (PID=13675) to work on /opt/airflow/dags/flight-pipeline.py
[2026-05-03T04:44:34.034+0000] {processor.py:830} INFO - Processing file /opt/airflow/dags/flight-pipeline.py for tasks to queue
[2026-05-03T04:44:34.035+0000] {logging_mixin.py:188} INFO - [2026-05-03T04:44:34.035+0000] {dagbag.py:545} INFO - Filling up the DagBag from /opt/airflow/dags/flight-pipeline.py
[2026-05-03T04:44:34.681+0000] {processor.py:840} INFO - DAG(s) 'flights_ops_medallion_pipe' retrieved from /opt/airflow/dags/flight-pipeline.py
[2026-05-03T04:44:34.863+0000] {logging_mixin.py:188} INFO - [2026-05-03T04:44:34.863+0000] {dag.py:3089} INFO - Sync 1 DAGs
[2026-05-03T04:44:34.886+0000] {logging_mixin.py:188} INFO - [2026-05-03T04:44:34.886+0000] {dag.py:3947} INFO - Setting next_dagrun for flights_ops_medallion_pipe to 2026-05-03 04:30:00+00:00, run_after=2026-05-03 05:00:00+00:00
[2026-05-03T04:44:34.905+0000] {processor.py:183} INFO - Processing /opt/airflow/dags/flight-pipeline.py took 0.881 seconds
[2026-05-03T04:45:05.231+0000] {processor.py:161} INFO - Started process (PID=13678) to work on /opt/airflow/dags/flight-pipeline.py
[2026-05-03T04:45:05.232+0000] {processor.py:830} INFO - Processing file /opt/airflow/dags/flight-pipeline.py for tasks to queue
[2026-05-03T04:45:05.233+0000] {logging_mixin.py:188} INFO - [2026-05-03T04:45:05.233+0000] {dagbag.py:545} INFO - Filling up the DagBag from /opt/airflow/dags/flight-pipeline.py
[2026-05-03T04:45:05.893+0000] {processor.py:840} INFO - DAG(s) 'flights_ops_medallion_pipe' retrieved from /opt/airflow/dags/flight-pipeline.py
[2026-05-03T04:45:05.924+0000] {logging_mixin.py:188} INFO - [2026-05-03T04:45:05.923+0000] {dag.py:3089} INFO - Sync 1 DAGs
[2026-05-03T04:45:05.946+0000] {logging_mixin.py:188} INFO - [2026-05-03T04:45:05.945+0000] {dag.py:3947} INFO - Setting next_dagrun for flights_ops_medallion_pipe to 2026-05-03 04:30:00+00:00, run_after=2026-05-03 05:00:00+00:00
[2026-05-03T04:45:05.967+0000] {processor.py:183} INFO - Processing /opt/airflow/dags/flight-pipeline.py took 0.744 seconds
[2026-05-03T04:45:36.282+0000] {processor.py:161} INFO - Started process (PID=13681) to work on /opt/airflow/dags/flight-pipeline.py
[2026-05-03T04:45:36.284+0000] {processor.py:830} INFO - Processing file /opt/airflow/dags/flight-pipeline.py for tasks to queue
[2026-05-03T04:45:36.285+0000] {logging_mixin.py:188} INFO - [2026-05-03T04:45:36.285+0000] {dagbag.py:545} INFO - Filling up the DagBag from /opt/airflow/dags/flight-pipeline.py
[2026-05-03T04:45:36.942+0000] {processor.py:840} INFO - DAG(s) 'flights_ops_medallion_pipe' retrieved from /opt/airflow/dags/flight-pipeline.py
[2026-05-03T04:45:36.973+0000] {logging_mixin.py:188} INFO - [2026-05-03T04:45:36.972+0000] {dag.py:3089} INFO - Sync 1 DAGs
[2026-05-03T04:45:36.994+0000] {logging_mixin.py:188} INFO - [2026-05-03T04:45:36.994+0000] {dag.py:3947} INFO - Setting next_dagrun for flights_ops_medallion_pipe to 2026-05-03 04:30:00+00:00, run_after=2026-05-03 05:00:00+00:00
[2026-05-03T04:45:37.013+0000] {processor.py:183} INFO - Processing /opt/airflow/dags/flight-pipeline.py took 0.738 seconds
[2026-05-03T04:46:07.227+0000] {processor.py:161} INFO - Started process (PID=13684) to work on /opt/airflow/dags/flight-pipeline.py
[2026-05-03T04:46:07.229+0000] {processor.py:830} INFO - Processing file /opt/airflow/dags/flight-pipeline.py for tasks to queue
[2026-05-03T04:46:07.230+0000] {logging_mixin.py:188} INFO - [2026-05-03T04:46:07.230+0000] {dagbag.py:545} INFO - Filling up the DagBag from /opt/airflow/dags/flight-pipeline.py
[2026-05-03T04:46:07.869+0000] {processor.py:840} INFO - DAG(s) 'flights_ops_medallion_pipe' retrieved from /opt/airflow/dags/flight-pipeline.py
[2026-05-03T04:46:07.905+0000] {logging_mixin.py:188} INFO - [2026-05-03T04:46:07.904+0000] {dag.py:3089} INFO - Sync 1 DAGs
[2026-05-03T04:46:07.929+0000] {logging_mixin.py:188} INFO - [2026-05-03T04:46:07.929+0000] {dag.py:3947} INFO - Setting next_dagrun for flights_ops_medallion_pipe to 2026-05-03 04:30:00+00:00, run_after=2026-05-03 05:00:00+00:00
[2026-05-03T04:46:08.117+0000] {processor.py:183} INFO - Processing /opt/airflow/dags/flight-pipeline.py took 0.899 seconds
[2026-05-03T04:46:38.391+0000] {processor.py:161} INFO - Started process (PID=13687) to work on /opt/airflow/dags/flight-pipeline.py
[2026-05-03T04:46:38.393+0000] {processor.py:830} INFO - Processing file /opt/airflow/dags/flight-pipeline.py for tasks to queue
[2026-05-03T04:46:38.394+0000] {logging_mixin.py:188} INFO - [2026-05-03T04:46:38.394+0000] {dagbag.py:545} INFO - Filling up the DagBag from /opt/airflow/dags/flight-pipeline.py
[2026-05-03T04:46:39.025+0000] {processor.py:840} INFO - DAG(s) 'flights_ops_medallion_pipe' retrieved from /opt/airflow/dags/flight-pipeline.py
[2026-05-03T04:46:39.059+0000] {logging_mixin.py:188} INFO - [2026-05-03T04:46:39.058+0000] {dag.py:3089} INFO - Sync 1 DAGs
[2026-05-03T04:46:39.235+0000] {logging_mixin.py:188} INFO - [2026-05-03T04:46:39.235+0000] {dag.py:3947} INFO - Setting next_dagrun for flights_ops_medallion_pipe to 2026-05-03 04:30:00+00:00, run_after=2026-05-03 05:00:00+00:00
[2026-05-03T04:46:39.255+0000] {processor.py:183} INFO - Processing /opt/airflow/dags/flight-pipeline.py took 0.873 seconds
[2026-05-03T04:47:09.560+0000] {processor.py:161} INFO - Started process (PID=13690) to work on /opt/airflow/dags/flight-pipeline.py
[2026-05-03T04:47:09.562+0000] {processor.py:830} INFO - Processing file /opt/airflow/dags/flight-pipeline.py for tasks to queue
[2026-05-03T04:47:09.563+0000] {logging_mixin.py:188} INFO - [2026-05-03T04:47:09.563+0000] {dagbag.py:545} INFO - Filling up the DagBag from /opt/airflow/dags/flight-pipeline.py
[2026-05-03T04:47:10.198+0000] {processor.py:840} INFO - DAG(s) 'flights_ops_medallion_pipe' retrieved from /opt/airflow/dags/flight-pipeline.py
[2026-05-03T04:47:10.377+0000] {logging_mixin.py:188} INFO - [2026-05-03T04:47:10.376+0000] {dag.py:3089} INFO - Sync 1 DAGs
[2026-05-03T04:47:10.402+0000] {logging_mixin.py:188} INFO - [2026-05-03T04:47:10.401+0000] {dag.py:3947} INFO - Setting next_dagrun for flights_ops_medallion_pipe to 2026-05-03 04:30:00+00:00, run_after=2026-05-03 05:00:00+00:00
[2026-05-03T04:47:10.420+0000] {processor.py:183} INFO - Processing /opt/airflow/dags/flight-pipeline.py took 0.869 seconds
[2026-05-03T04:47:40.713+0000] {processor.py:161} INFO - Started process (PID=13693) to work on /opt/airflow/dags/flight-pipeline.py
[2026-05-03T04:47:40.715+0000] {processor.py:830} INFO - Processing file /opt/airflow/dags/flight-pipeline.py for tasks to queue
[2026-05-03T04:47:40.716+0000] {logging_mixin.py:188} INFO - [2026-05-03T04:47:40.716+0000] {dagbag.py:545} INFO - Filling up the DagBag from /opt/airflow/dags/flight-pipeline.py
[2026-05-03T04:47:41.359+0000] {processor.py:840} INFO - DAG(s) 'flights_ops_medallion_pipe' retrieved from /opt/airflow/dags/flight-pipeline.py
[2026-05-03T04:47:41.391+0000] {logging_mixin.py:188} INFO - [2026-05-03T04:47:41.391+0000] {dag.py:3089} INFO - Sync 1 DAGs
[2026-05-03T04:47:41.413+0000] {logging_mixin.py:188} INFO - [2026-05-03T04:47:41.413+0000] {dag.py:3947} INFO - Setting next_dagrun for flights_ops_medallion_pipe to 2026-05-03 04:30:00+00:00, run_after=2026-05-03 05:00:00+00:00
[2026-05-03T04:47:41.431+0000] {processor.py:183} INFO - Processing /opt/airflow/dags/flight-pipeline.py took 0.727 seconds
[2026-05-03T04:48:11.702+0000] {processor.py:161} INFO - Started process (PID=13696) to work on /opt/airflow/dags/flight-pipeline.py
[2026-05-03T04:48:11.708+0000] {processor.py:830} INFO - Processing file /opt/airflow/dags/flight-pipeline.py for tasks to queue
[2026-05-03T04:48:11.730+0000] {logging_mixin.py:188} INFO - [2026-05-03T04:48:11.729+0000] {dagbag.py:545} INFO - Filling up the DagBag from /opt/airflow/dags/flight-pipeline.py
[2026-05-03T04:48:12.368+0000] {processor.py:840} INFO - DAG(s) 'flights_ops_medallion_pipe' retrieved from /opt/airflow/dags/flight-pipeline.py
[2026-05-03T04:48:12.401+0000] {logging_mixin.py:188} INFO - [2026-05-03T04:48:12.401+0000] {dag.py:3089} INFO - Sync 1 DAGs
[2026-05-03T04:48:12.424+0000] {logging_mixin.py:188} INFO - [2026-05-03T04:48:12.423+0000] {dag.py:3947} INFO - Setting next_dagrun for flights_ops_medallion_pipe to 2026-05-03 04:30:00+00:00, run_after=2026-05-03 05:00:00+00:00
[2026-05-03T04:48:12.441+0000] {processor.py:183} INFO - Processing /opt/airflow/dags/flight-pipeline.py took 0.747 seconds
[2026-05-03T04:48:42.478+0000] {processor.py:161} INFO - Started process (PID=13699) to work on /opt/airflow/dags/flight-pipeline.py
[2026-05-03T04:48:42.480+0000] {processor.py:830} INFO - Processing file /opt/airflow/dags/flight-pipeline.py for tasks to queue
[2026-05-03T04:48:42.481+0000] {logging_mixin.py:188} INFO - [2026-05-03T04:48:42.481+0000] {dagbag.py:545} INFO - Filling up the DagBag from /opt/airflow/dags/flight-pipeline.py
[2026-05-03T04:48:43.114+0000] {processor.py:840} INFO - DAG(s) 'flights_ops_medallion_pipe' retrieved from /opt/airflow/dags/flight-pipeline.py
[2026-05-03T04:48:43.148+0000] {logging_mixin.py:188} INFO - [2026-05-03T04:48:43.148+0000] {dag.py:3089} INFO - Sync 1 DAGs
[2026-05-03T04:48:43.169+0000] {logging_mixin.py:188} INFO - [2026-05-03T04:48:43.169+0000] {dag.py:3947} INFO - Setting next_dagrun for flights_ops_medallion_pipe to 2026-05-03 04:30:00+00:00, run_after=2026-05-03 05:00:00+00:00
[2026-05-03T04:48:43.188+0000] {processor.py:183} INFO - Processing /opt/airflow/dags/flight-pipeline.py took 0.719 seconds
[2026-05-03T04:49:13.468+0000] {processor.py:161} INFO - Started process (PID=13702) to work on /opt/airflow/dags/flight-pipeline.py
[2026-05-03T04:49:13.470+0000] {processor.py:830} INFO - Processing file /opt/airflow/dags/flight-pipeline.py for tasks to queue
[2026-05-03T04:49:13.471+0000] {logging_mixin.py:188} INFO - [2026-05-03T04:49:13.471+0000] {dagbag.py:545} INFO - Filling up the DagBag from /opt/airflow/dags/flight-pipeline.py
[2026-05-03T04:49:14.100+0000] {processor.py:840} INFO - DAG(s) 'flights_ops_medallion_pipe' retrieved from /opt/airflow/dags/flight-pipeline.py
[2026-05-03T04:49:14.134+0000] {logging_mixin.py:188} INFO - [2026-05-03T04:49:14.134+0000] {dag.py:3089} INFO - Sync 1 DAGs
[2026-05-03T04:49:14.157+0000] {logging_mixin.py:188} INFO - [2026-05-03T04:49:14.157+0000] {dag.py:3947} INFO - Setting next_dagrun for flights_ops_medallion_pipe to 2026-05-03 04:30:00+00:00, run_after=2026-05-03 05:00:00+00:00
[2026-05-03T04:49:14.324+0000] {processor.py:183} INFO - Processing /opt/airflow/dags/flight-pipeline.py took 0.865 seconds
[2026-05-03T04:49:44.562+0000] {processor.py:161} INFO - Started process (PID=13705) to work on /opt/airflow/dags/flight-pipeline.py
[2026-05-03T04:49:44.564+0000] {processor.py:830} INFO - Processing file /opt/airflow/dags/flight-pipeline.py for tasks to queue
[2026-05-03T04:49:44.566+0000] {logging_mixin.py:188} INFO - [2026-05-03T04:49:44.565+0000] {dagbag.py:545} INFO - Filling up the DagBag from /opt/airflow/dags/flight-pipeline.py
[2026-05-03T04:49:45.345+0000] {processor.py:840} INFO - DAG(s) 'flights_ops_medallion_pipe' retrieved from /opt/airflow/dags/flight-pipeline.py
[2026-05-03T04:49:45.385+0000] {logging_mixin.py:188} INFO - [2026-05-03T04:49:45.385+0000] {dag.py:3089} INFO - Sync 1 DAGs
[2026-05-03T04:49:45.590+0000] {logging_mixin.py:188} INFO - [2026-05-03T04:49:45.589+0000] {dag.py:3947} INFO - Setting next_dagrun for flights_ops_medallion_pipe to 2026-05-03 04:30:00+00:00, run_after=2026-05-03 05:00:00+00:00
[2026-05-03T04:49:45.614+0000] {processor.py:183} INFO - Processing /opt/airflow/dags/flight-pipeline.py took 1.061 seconds
[2026-05-03T04:50:15.820+0000] {processor.py:161} INFO - Started process (PID=13708) to work on /opt/airflow/dags/flight-pipeline.py
[2026-05-03T04:50:15.823+0000] {processor.py:830} INFO - Processing file /opt/airflow/dags/flight-pipeline.py for tasks to queue
[2026-05-03T04:50:15.824+0000] {logging_mixin.py:188} INFO - [2026-05-03T04:50:15.824+0000] {dagbag.py:545} INFO - Filling up the DagBag from /opt/airflow/dags/flight-pipeline.py
[2026-05-03T04:50:16.587+0000] {processor.py:840} INFO - DAG(s) 'flights_ops_medallion_pipe' retrieved from /opt/airflow/dags/flight-pipeline.py
[2026-05-03T04:50:16.801+0000] {logging_mixin.py:188} INFO - [2026-05-03T04:50:16.801+0000] {dag.py:3089} INFO - Sync 1 DAGs
[2026-05-03T04:50:16.831+0000] {logging_mixin.py:188} INFO - [2026-05-03T04:50:16.830+0000] {dag.py:3947} INFO - Setting next_dagrun for flights_ops_medallion_pipe to 2026-05-03 04:30:00+00:00, run_after=2026-05-03 05:00:00+00:00
[2026-05-03T04:50:16.853+0000] {processor.py:183} INFO - Processing /opt/airflow/dags/flight-pipeline.py took 1.042 seconds
[2026-05-03T04:50:47.105+0000] {processor.py:161} INFO - Started process (PID=13711) to work on /opt/airflow/dags/flight-pipeline.py
[2026-05-03T04:50:47.111+0000] {processor.py:830} INFO - Processing file /opt/airflow/dags/flight-pipeline.py for tasks to queue
[2026-05-03T04:50:47.113+0000] {logging_mixin.py:188} INFO - [2026-05-03T04:50:47.112+0000] {dagbag.py:545} INFO - Filling up the DagBag from /opt/airflow/dags/flight-pipeline.py
[2026-05-03T04:50:47.908+0000] {processor.py:840} INFO - DAG(s) 'flights_ops_medallion_pipe' retrieved from /opt/airflow/dags/flight-pipeline.py
[2026-05-03T04:50:47.949+0000] {logging_mixin.py:188} INFO - [2026-05-03T04:50:47.948+0000] {dag.py:3089} INFO - Sync 1 DAGs
[2026-05-03T04:50:47.980+0000] {logging_mixin.py:188} INFO - [2026-05-03T04:50:47.979+0000] {dag.py:3947} INFO - Setting next_dagrun for flights_ops_medallion_pipe to 2026-05-03 04:30:00+00:00, run_after=2026-05-03 05:00:00+00:00
[2026-05-03T04:50:48.001+0000] {processor.py:183} INFO - Processing /opt/airflow/dags/flight-pipeline.py took 0.906 seconds
[2026-05-03T04:51:18.290+0000] {processor.py:161} INFO - Started process (PID=13714) to work on /opt/airflow/dags/flight-pipeline.py
[2026-05-03T04:51:18.292+0000] {processor.py:830} INFO - Processing file /opt/airflow/dags/flight-pipeline.py for tasks to queue
[2026-05-03T04:51:18.293+0000] {logging_mixin.py:188} INFO - [2026-05-03T04:51:18.293+0000] {dagbag.py:545} INFO - Filling up the DagBag from /opt/airflow/dags/flight-pipeline.py
[2026-05-03T04:51:19.082+0000] {processor.py:840} INFO - DAG(s) 'flights_ops_medallion_pipe' retrieved from /opt/airflow/dags/flight-pipeline.py
[2026-05-03T04:51:19.120+0000] {logging_mixin.py:188} INFO - [2026-05-03T04:51:19.119+0000] {dag.py:3089} INFO - Sync 1 DAGs
[2026-05-03T04:51:19.148+0000] {logging_mixin.py:188} INFO - [2026-05-03T04:51:19.148+0000] {dag.py:3947} INFO - Setting next_dagrun for flights_ops_medallion_pipe to 2026-05-03 04:30:00+00:00, run_after=2026-05-03 05:00:00+00:00
[2026-05-03T04:51:19.169+0000] {processor.py:183} INFO - Processing /opt/airflow/dags/flight-pipeline.py took 0.888 seconds
[2026-05-03T04:51:49.450+0000] {processor.py:161} INFO - Started process (PID=13717) to work on /opt/airflow/dags/flight-pipeline.py
[2026-05-03T04:51:49.457+0000] {processor.py:830} INFO - Processing file /opt/airflow/dags/flight-pipeline.py for tasks to queue
[2026-05-03T04:51:49.458+0000] {logging_mixin.py:188} INFO - [2026-05-03T04:51:49.458+0000] {dagbag.py:545} INFO - Filling up the DagBag from /opt/airflow/dags/flight-pipeline.py
[2026-05-03T04:51:50.258+0000] {processor.py:840} INFO - DAG(s) 'flights_ops_medallion_pipe' retrieved from /opt/airflow/dags/flight-pipeline.py
[2026-05-03T04:51:50.300+0000] {logging_mixin.py:188} INFO - [2026-05-03T04:51:50.299+0000] {dag.py:3089} INFO - Sync 1 DAGs
[2026-05-03T04:51:50.331+0000] {logging_mixin.py:188} INFO - [2026-05-03T04:51:50.330+0000] {dag.py:3947} INFO - Setting next_dagrun for flights_ops_medallion_pipe to 2026-05-03 04:30:00+00:00, run_after=2026-05-03 05:00:00+00:00
[2026-05-03T04:51:50.354+0000] {processor.py:183} INFO - Processing /opt/airflow/dags/flight-pipeline.py took 0.914 seconds
[2026-05-03T04:52:20.637+0000] {processor.py:161} INFO - Started process (PID=13720) to work on /opt/airflow/dags/flight-pipeline.py
[2026-05-03T04:52:20.643+0000] {processor.py:830} INFO - Processing file /opt/airflow/dags/flight-pipeline.py for tasks to queue
[2026-05-03T04:52:20.644+0000] {logging_mixin.py:188} INFO - [2026-05-03T04:52:20.644+0000] {dagbag.py:545} INFO - Filling up the DagBag from /opt/airflow/dags/flight-pipeline.py
[2026-05-03T04:52:21.418+0000] {processor.py:840} INFO - DAG(s) 'flights_ops_medallion_pipe' retrieved from /opt/airflow/dags/flight-pipeline.py
[2026-05-03T04:52:21.455+0000] {logging_mixin.py:188} INFO - [2026-05-03T04:52:21.455+0000] {dag.py:3089} INFO - Sync 1 DAGs
[2026-05-03T04:52:21.647+0000] {logging_mixin.py:188} INFO - [2026-05-03T04:52:21.647+0000] {dag.py:3947} INFO - Setting next_dagrun for flights_ops_medallion_pipe to 2026-05-03 04:30:00+00:00, run_after=2026-05-03 05:00:00+00:00
[2026-05-03T04:52:21.666+0000] {processor.py:183} INFO - Processing /opt/airflow/dags/flight-pipeline.py took 1.038 seconds
[2026-05-03T04:52:51.885+0000] {processor.py:161} INFO - Started process (PID=13723) to work on /opt/airflow/dags/flight-pipeline.py
[2026-05-03T04:52:51.894+0000] {processor.py:830} INFO - Processing file /opt/airflow/dags/flight-pipeline.py for tasks to queue
[2026-05-03T04:52:51.896+0000] {logging_mixin.py:188} INFO - [2026-05-03T04:52:51.895+0000] {dagbag.py:545} INFO - Filling up the DagBag from /opt/airflow/dags/flight-pipeline.py
[2026-05-03T04:52:52.522+0000] {processor.py:840} INFO - DAG(s) 'flights_ops_medallion_pipe' retrieved from /opt/airflow/dags/flight-pipeline.py
[2026-05-03T04:52:52.556+0000] {logging_mixin.py:188} INFO - [2026-05-03T04:52:52.555+0000] {dag.py:3089} INFO - Sync 1 DAGs
[2026-05-03T04:52:52.730+0000] {logging_mixin.py:188} INFO - [2026-05-03T04:52:52.729+0000] {dag.py:3947} INFO - Setting next_dagrun for flights_ops_medallion_pipe to 2026-05-03 04:30:00+00:00, run_after=2026-05-03 05:00:00+00:00
[2026-05-03T04:52:52.750+0000] {processor.py:183} INFO - Processing /opt/airflow/dags/flight-pipeline.py took 0.875 seconds
[2026-05-03T04:53:23.039+0000] {processor.py:161} INFO - Started process (PID=13726) to work on /opt/airflow/dags/flight-pipeline.py
[2026-05-03T04:53:23.041+0000] {processor.py:830} INFO - Processing file /opt/airflow/dags/flight-pipeline.py for tasks to queue
[2026-05-03T04:53:23.042+0000] {logging_mixin.py:188} INFO - [2026-05-03T04:53:23.042+0000] {dagbag.py:545} INFO - Filling up the DagBag from /opt/airflow/dags/flight-pipeline.py
[2026-05-03T04:53:23.668+0000] {processor.py:840} INFO - DAG(s) 'flights_ops_medallion_pipe' retrieved from /opt/airflow/dags/flight-pipeline.py
[2026-05-03T04:53:23.849+0000] {logging_mixin.py:188} INFO - [2026-05-03T04:53:23.848+0000] {dag.py:3089} INFO - Sync 1 DAGs
[2026-05-03T04:53:23.873+0000] {logging_mixin.py:188} INFO - [2026-05-03T04:53:23.872+0000] {dag.py:3947} INFO - Setting next_dagrun for flights_ops_medallion_pipe to 2026-05-03 04:30:00+00:00, run_after=2026-05-03 05:00:00+00:00
[2026-05-03T04:53:23.893+0000] {processor.py:183} INFO - Processing /opt/airflow/dags/flight-pipeline.py took 0.864 seconds
[2026-05-03T04:53:54.192+0000] {processor.py:161} INFO - Started process (PID=13729) to work on /opt/airflow/dags/flight-pipeline.py
[2026-05-03T04:53:54.194+0000] {processor.py:830} INFO - Processing file /opt/airflow/dags/flight-pipeline.py for tasks to queue
[2026-05-03T04:53:54.195+0000] {logging_mixin.py:188} INFO - [2026-05-03T04:53:54.195+0000] {dagbag.py:545} INFO - Filling up the DagBag from /opt/airflow/dags/flight-pipeline.py
[2026-05-03T04:53:54.825+0000] {processor.py:840} INFO - DAG(s) 'flights_ops_medallion_pipe' retrieved from /opt/airflow/dags/flight-pipeline.py
[2026-05-03T04:53:54.858+0000] {logging_mixin.py:188} INFO - [2026-05-03T04:53:54.857+0000] {dag.py:3089} INFO - Sync 1 DAGs
[2026-05-03T04:53:54.880+0000] {logging_mixin.py:188} INFO - [2026-05-03T04:53:54.880+0000] {dag.py:3947} INFO - Setting next_dagrun for flights_ops_medallion_pipe to 2026-05-03 04:30:00+00:00, run_after=2026-05-03 05:00:00+00:00
[2026-05-03T04:53:54.900+0000] {processor.py:183} INFO - Processing /opt/airflow/dags/flight-pipeline.py took 0.717 seconds
[2026-05-03T04:54:25.182+0000] {processor.py:161} INFO - Started process (PID=13732) to work on /opt/airflow/dags/flight-pipeline.py
[2026-05-03T04:54:25.184+0000] {processor.py:830} INFO - Processing file /opt/airflow/dags/flight-pipeline.py for tasks to queue
[2026-05-03T04:54:25.186+0000] {logging_mixin.py:188} INFO - [2026-05-03T04:54:25.185+0000] {dagbag.py:545} INFO - Filling up the DagBag from /opt/airflow/dags/flight-pipeline.py
[2026-05-03T04:54:25.821+0000] {processor.py:840} INFO - DAG(s) 'flights_ops_medallion_pipe' retrieved from /opt/airflow/dags/flight-pipeline.py
[2026-05-03T04:54:25.852+0000] {logging_mixin.py:188} INFO - [2026-05-03T04:54:25.852+0000] {dag.py:3089} INFO - Sync 1 DAGs
[2026-05-03T04:54:25.874+0000] {logging_mixin.py:188} INFO - [2026-05-03T04:54:25.874+0000] {dag.py:3947} INFO - Setting next_dagrun for flights_ops_medallion_pipe to 2026-05-03 04:30:00+00:00, run_after=2026-05-03 05:00:00+00:00
[2026-05-03T04:54:25.892+0000] {processor.py:183} INFO - Processing /opt/airflow/dags/flight-pipeline.py took 0.719 seconds
[2026-05-03T04:54:56.144+0000] {processor.py:161} INFO - Started process (PID=13735) to work on /opt/airflow/dags/flight-pipeline.py
[2026-05-03T04:54:56.146+0000] {processor.py:830} INFO - Processing file /opt/airflow/dags/flight-pipeline.py for tasks to queue
[2026-05-03T04:54:56.147+0000] {logging_mixin.py:188} INFO - [2026-05-03T04:54:56.147+0000] {dagbag.py:545} INFO - Filling up the DagBag from /opt/airflow/dags/flight-pipeline.py
[2026-05-03T04:54:56.773+0000] {processor.py:840} INFO - DAG(s) 'flights_ops_medallion_pipe' retrieved from /opt/airflow/dags/flight-pipeline.py
[2026-05-03T04:54:56.806+0000] {logging_mixin.py:188} INFO - [2026-05-03T04:54:56.806+0000] {dag.py:3089} INFO - Sync 1 DAGs
[2026-05-03T04:54:56.829+0000] {logging_mixin.py:188} INFO - [2026-05-03T04:54:56.829+0000] {dag.py:3947} INFO - Setting next_dagrun for flights_ops_medallion_pipe to 2026-05-03 04:30:00+00:00, run_after=2026-05-03 05:00:00+00:00
[2026-05-03T04:54:56.850+0000] {processor.py:183} INFO - Processing /opt/airflow/dags/flight-pipeline.py took 0.714 seconds
[2026-05-03T04:55:27.137+0000] {processor.py:161} INFO - Started process (PID=13738) to work on /opt/airflow/dags/flight-pipeline.py
[2026-05-03T04:55:27.139+0000] {processor.py:830} INFO - Processing file /opt/airflow/dags/flight-pipeline.py for tasks to queue
[2026-05-03T04:55:27.140+0000] {logging_mixin.py:188} INFO - [2026-05-03T04:55:27.140+0000] {dagbag.py:545} INFO - Filling up the DagBag from /opt/airflow/dags/flight-pipeline.py
[2026-05-03T04:55:27.771+0000] {processor.py:840} INFO - DAG(s) 'flights_ops_medallion_pipe' retrieved from /opt/airflow/dags/flight-pipeline.py
[2026-05-03T04:55:27.804+0000] {logging_mixin.py:188} INFO - [2026-05-03T04:55:27.804+0000] {dag.py:3089} INFO - Sync 1 DAGs
[2026-05-03T04:55:27.975+0000] {logging_mixin.py:188} INFO - [2026-05-03T04:55:27.975+0000] {dag.py:3947} INFO - Setting next_dagrun for flights_ops_medallion_pipe to 2026-05-03 04:30:00+00:00, run_after=2026-05-03 05:00:00+00:00
[2026-05-03T04:55:27.994+0000] {processor.py:183} INFO - Processing /opt/airflow/dags/flight-pipeline.py took 0.866 seconds
[2026-05-03T04:55:58.289+0000] {processor.py:161} INFO - Started process (PID=13741) to work on /opt/airflow/dags/flight-pipeline.py
[2026-05-03T04:55:58.292+0000] {processor.py:830} INFO - Processing file /opt/airflow/dags/flight-pipeline.py for tasks to queue
[2026-05-03T04:55:58.293+0000] {logging_mixin.py:188} INFO - [2026-05-03T04:55:58.292+0000] {dagbag.py:545} INFO - Filling up the DagBag from /opt/airflow/dags/flight-pipeline.py
[2026-05-03T04:55:58.912+0000] {processor.py:840} INFO - DAG(s) 'flights_ops_medallion_pipe' retrieved from /opt/airflow/dags/flight-pipeline.py
[2026-05-03T04:55:58.944+0000] {logging_mixin.py:188} INFO - [2026-05-03T04:55:58.944+0000] {dag.py:3089} INFO - Sync 1 DAGs
[2026-05-03T04:55:59.114+0000] {logging_mixin.py:188} INFO - [2026-05-03T04:55:59.113+0000] {dag.py:3947} INFO - Setting next_dagrun for flights_ops_medallion_pipe to 2026-05-03 04:30:00+00:00, run_after=2026-05-03 05:00:00+00:00
[2026-05-03T04:55:59.133+0000] {processor.py:183} INFO - Processing /opt/airflow/dags/flight-pipeline.py took 0.852 seconds
[2026-05-03T04:56:29.420+0000] {processor.py:161} INFO - Started process (PID=13744) to work on /opt/airflow/dags/flight-pipeline.py
[2026-05-03T04:56:29.422+0000] {processor.py:830} INFO - Processing file /opt/airflow/dags/flight-pipeline.py for tasks to queue
[2026-05-03T04:56:29.423+0000] {logging_mixin.py:188} INFO - [2026-05-03T04:56:29.423+0000] {dagbag.py:545} INFO - Filling up the DagBag from /opt/airflow/dags/flight-pipeline.py
[2026-05-03T04:56:30.054+0000] {processor.py:840} INFO - DAG(s) 'flights_ops_medallion_pipe' retrieved from /opt/airflow/dags/flight-pipeline.py
[2026-05-03T04:56:30.235+0000] {logging_mixin.py:188} INFO - [2026-05-03T04:56:30.235+0000] {dag.py:3089} INFO - Sync 1 DAGs
[2026-05-03T04:56:30.257+0000] {logging_mixin.py:188} INFO - [2026-05-03T04:56:30.257+0000] {dag.py:3947} INFO - Setting next_dagrun for flights_ops_medallion_pipe to 2026-05-03 04:30:00+00:00, run_after=2026-05-03 05:00:00+00:00
[2026-05-03T04:56:30.273+0000] {processor.py:183} INFO - Processing /opt/airflow/dags/flight-pipeline.py took 0.861 seconds
[2026-05-03T04:57:00.537+0000] {processor.py:161} INFO - Started process (PID=13747) to work on /opt/airflow/dags/flight-pipeline.py
[2026-05-03T04:57:00.540+0000] {processor.py:830} INFO - Processing file /opt/airflow/dags/flight-pipeline.py for tasks to queue
[2026-05-03T04:57:00.541+0000] {logging_mixin.py:188} INFO - [2026-05-03T04:57:00.541+0000] {dagbag.py:545} INFO - Filling up the DagBag from /opt/airflow/dags/flight-pipeline.py
[2026-05-03T04:57:01.170+0000] {processor.py:840} INFO - DAG(s) 'flights_ops_medallion_pipe' retrieved from /opt/airflow/dags/flight-pipeline.py
[2026-05-03T04:57:01.203+0000] {logging_mixin.py:188} INFO - [2026-05-03T04:57:01.202+0000] {dag.py:3089} INFO - Sync 1 DAGs
[2026-05-03T04:57:01.226+0000] {logging_mixin.py:188} INFO - [2026-05-03T04:57:01.225+0000] {dag.py:3947} INFO - Setting next_dagrun for flights_ops_medallion_pipe to 2026-05-03 04:30:00+00:00, run_after=2026-05-03 05:00:00+00:00
[2026-05-03T04:57:01.244+0000] {processor.py:183} INFO - Processing /opt/airflow/dags/flight-pipeline.py took 0.716 seconds
[2026-05-03T04:57:31.373+0000] {processor.py:161} INFO - Started process (PID=13750) to work on /opt/airflow/dags/flight-pipeline.py
[2026-05-03T04:57:31.375+0000] {processor.py:830} INFO - Processing file /opt/airflow/dags/flight-pipeline.py for tasks to queue
[2026-05-03T04:57:31.376+0000] {logging_mixin.py:188} INFO - [2026-05-03T04:57:31.375+0000] {dagbag.py:545} INFO - Filling up the DagBag from /opt/airflow/dags/flight-pipeline.py
[2026-05-03T04:57:32.030+0000] {processor.py:840} INFO - DAG(s) 'flights_ops_medallion_pipe' retrieved from /opt/airflow/dags/flight-pipeline.py
[2026-05-03T04:57:32.063+0000] {logging_mixin.py:188} INFO - [2026-05-03T04:57:32.062+0000] {dag.py:3089} INFO - Sync 1 DAGs
[2026-05-03T04:57:32.086+0000] {logging_mixin.py:188} INFO - [2026-05-03T04:57:32.085+0000] {dag.py:3947} INFO - Setting next_dagrun for flights_ops_medallion_pipe to 2026-05-03 04:30:00+00:00, run_after=2026-05-03 05:00:00+00:00
[2026-05-03T04:57:32.104+0000] {processor.py:183} INFO - Processing /opt/airflow/dags/flight-pipeline.py took 0.741 seconds
[2026-05-03T04:58:02.372+0000] {processor.py:161} INFO - Started process (PID=13753) to work on /opt/airflow/dags/flight-pipeline.py
[2026-05-03T04:58:02.374+0000] {processor.py:830} INFO - Processing file /opt/airflow/dags/flight-pipeline.py for tasks to queue
[2026-05-03T04:58:02.375+0000] {logging_mixin.py:188} INFO - [2026-05-03T04:58:02.375+0000] {dagbag.py:545} INFO - Filling up the DagBag from /opt/airflow/dags/flight-pipeline.py
[2026-05-03T04:58:02.987+0000] {processor.py:840} INFO - DAG(s) 'flights_ops_medallion_pipe' retrieved from /opt/airflow/dags/flight-pipeline.py
[2026-05-03T04:58:03.019+0000] {logging_mixin.py:188} INFO - [2026-05-03T04:58:03.019+0000] {dag.py:3089} INFO - Sync 1 DAGs
[2026-05-03T04:58:03.042+0000] {logging_mixin.py:188} INFO - [2026-05-03T04:58:03.042+0000] {dag.py:3947} INFO - Setting next_dagrun for flights_ops_medallion_pipe to 2026-05-03 04:30:00+00:00, run_after=2026-05-03 05:00:00+00:00
[2026-05-03T04:58:03.061+0000] {processor.py:183} INFO - Processing /opt/airflow/dags/flight-pipeline.py took 0.697 seconds
[2026-05-03T04:58:33.334+0000] {processor.py:161} INFO - Started process (PID=13756) to work on /opt/airflow/dags/flight-pipeline.py
[2026-05-03T04:58:33.336+0000] {processor.py:830} INFO - Processing file /opt/airflow/dags/flight-pipeline.py for tasks to queue
[2026-05-03T04:58:33.337+0000] {logging_mixin.py:188} INFO - [2026-05-03T04:58:33.337+0000] {dagbag.py:545} INFO - Filling up the DagBag from /opt/airflow/dags/flight-pipeline.py
[2026-05-03T04:58:33.957+0000] {processor.py:840} INFO - DAG(s) 'flights_ops_medallion_pipe' retrieved from /opt/airflow/dags/flight-pipeline.py
[2026-05-03T04:58:33.990+0000] {logging_mixin.py:188} INFO - [2026-05-03T04:58:33.990+0000] {dag.py:3089} INFO - Sync 1 DAGs
[2026-05-03T04:58:34.163+0000] {logging_mixin.py:188} INFO - [2026-05-03T04:58:34.163+0000] {dag.py:3947} INFO - Setting next_dagrun for flights_ops_medallion_pipe to 2026-05-03 04:30:00+00:00, run_after=2026-05-03 05:00:00+00:00
[2026-05-03T04:58:34.183+0000] {processor.py:183} INFO - Processing /opt/airflow/dags/flight-pipeline.py took 0.858 seconds
[2026-05-03T04:59:04.227+0000] {processor.py:161} INFO - Started process (PID=13759) to work on /opt/airflow/dags/flight-pipeline.py
[2026-05-03T04:59:04.229+0000] {processor.py:830} INFO - Processing file /opt/airflow/dags/flight-pipeline.py for tasks to queue
[2026-05-03T04:59:04.231+0000] {logging_mixin.py:188} INFO - [2026-05-03T04:59:04.230+0000] {dagbag.py:545} INFO - Filling up the DagBag from /opt/airflow/dags/flight-pipeline.py
[2026-05-03T04:59:04.847+0000] {processor.py:840} INFO - DAG(s) 'flights_ops_medallion_pipe' retrieved from /opt/airflow/dags/flight-pipeline.py
[2026-05-03T04:59:04.881+0000] {logging_mixin.py:188} INFO - [2026-05-03T04:59:04.881+0000] {dag.py:3089} INFO - Sync 1 DAGs
[2026-05-03T04:59:05.052+0000] {logging_mixin.py:188} INFO - [2026-05-03T04:59:05.052+0000] {dag.py:3947} INFO - Setting next_dagrun for flights_ops_medallion_pipe to 2026-05-03 04:30:00+00:00, run_after=2026-05-03 05:00:00+00:00
[2026-05-03T04:59:05.070+0000] {processor.py:183} INFO - Processing /opt/airflow/dags/flight-pipeline.py took 0.852 seconds
[2026-05-03T04:59:35.340+0000] {processor.py:161} INFO - Started process (PID=13762) to work on /opt/airflow/dags/flight-pipeline.py
[2026-05-03T04:59:35.342+0000] {processor.py:830} INFO - Processing file /opt/airflow/dags/flight-pipeline.py for tasks to queue
[2026-05-03T04:59:35.343+0000] {logging_mixin.py:188} INFO - [2026-05-03T04:59:35.343+0000] {dagbag.py:545} INFO - Filling up the DagBag from /opt/airflow/dags/flight-pipeline.py
[2026-05-03T04:59:36.126+0000] {processor.py:840} INFO - DAG(s) 'flights_ops_medallion_pipe' retrieved from /opt/airflow/dags/flight-pipeline.py
[2026-05-03T04:59:36.330+0000] {logging_mixin.py:188} INFO - [2026-05-03T04:59:36.329+0000] {dag.py:3089} INFO - Sync 1 DAGs
[2026-05-03T04:59:36.357+0000] {logging_mixin.py:188} INFO - [2026-05-03T04:59:36.356+0000] {dag.py:3947} INFO - Setting next_dagrun for flights_ops_medallion_pipe to 2026-05-03 04:30:00+00:00, run_after=2026-05-03 05:00:00+00:00
[2026-05-03T04:59:36.380+0000] {processor.py:183} INFO - Processing /opt/airflow/dags/flight-pipeline.py took 1.050 seconds
[2026-05-03T05:00:06.605+0000] {processor.py:161} INFO - Started process (PID=13776) to work on /opt/airflow/dags/flight-pipeline.py
[2026-05-03T05:00:06.612+0000] {processor.py:830} INFO - Processing file /opt/airflow/dags/flight-pipeline.py for tasks to queue
[2026-05-03T05:00:06.614+0000] {logging_mixin.py:188} INFO - [2026-05-03T05:00:06.613+0000] {dagbag.py:545} INFO - Filling up the DagBag from /opt/airflow/dags/flight-pipeline.py
[2026-05-03T05:00:07.564+0000] {processor.py:840} INFO - DAG(s) 'flights_ops_medallion_pipe' retrieved from /opt/airflow/dags/flight-pipeline.py
[2026-05-03T05:00:07.631+0000] {logging_mixin.py:188} INFO - [2026-05-03T05:00:07.631+0000] {dag.py:3089} INFO - Sync 1 DAGs
[2026-05-03T05:00:07.664+0000] {logging_mixin.py:188} INFO - [2026-05-03T05:00:07.664+0000] {dag.py:3947} INFO - Setting next_dagrun for flights_ops_medallion_pipe to 2026-05-03 05:00:00+00:00, run_after=2026-05-03 05:30:00+00:00
[2026-05-03T05:00:07.692+0000] {processor.py:183} INFO - Processing /opt/airflow/dags/flight-pipeline.py took 1.101 seconds
[2026-05-03T05:00:37.816+0000] {processor.py:161} INFO - Started process (PID=13812) to work on /opt/airflow/dags/flight-pipeline.py
[2026-05-03T05:00:37.823+0000] {processor.py:830} INFO - Processing file /opt/airflow/dags/flight-pipeline.py for tasks to queue
[2026-05-03T05:00:37.824+0000] {logging_mixin.py:188} INFO - [2026-05-03T05:00:37.824+0000] {dagbag.py:545} INFO - Filling up the DagBag from /opt/airflow/dags/flight-pipeline.py
[2026-05-03T05:00:38.760+0000] {processor.py:840} INFO - DAG(s) 'flights_ops_medallion_pipe' retrieved from /opt/airflow/dags/flight-pipeline.py
[2026-05-03T05:00:38.804+0000] {logging_mixin.py:188} INFO - [2026-05-03T05:00:38.803+0000] {dag.py:3089} INFO - Sync 1 DAGs
[2026-05-03T05:00:38.840+0000] {logging_mixin.py:188} INFO - [2026-05-03T05:00:38.840+0000] {dag.py:3947} INFO - Setting next_dagrun for flights_ops_medallion_pipe to 2026-05-03 05:00:00+00:00, run_after=2026-05-03 05:30:00+00:00
[2026-05-03T05:00:38.868+0000] {processor.py:183} INFO - Processing /opt/airflow/dags/flight-pipeline.py took 1.061 seconds
[2026-05-03T05:01:09.080+0000] {processor.py:161} INFO - Started process (PID=13815) to work on /opt/airflow/dags/flight-pipeline.py
[2026-05-03T05:01:09.086+0000] {processor.py:830} INFO - Processing file /opt/airflow/dags/flight-pipeline.py for tasks to queue
[2026-05-03T05:01:09.088+0000] {logging_mixin.py:188} INFO - [2026-05-03T05:01:09.087+0000] {dagbag.py:545} INFO - Filling up the DagBag from /opt/airflow/dags/flight-pipeline.py
[2026-05-03T05:01:09.877+0000] {processor.py:840} INFO - DAG(s) 'flights_ops_medallion_pipe' retrieved from /opt/airflow/dags/flight-pipeline.py
[2026-05-03T05:01:09.915+0000] {logging_mixin.py:188} INFO - [2026-05-03T05:01:09.914+0000] {dag.py:3089} INFO - Sync 1 DAGs
[2026-05-03T05:01:09.945+0000] {logging_mixin.py:188} INFO - [2026-05-03T05:01:09.945+0000] {dag.py:3947} INFO - Setting next_dagrun for flights_ops_medallion_pipe to 2026-05-03 05:00:00+00:00, run_after=2026-05-03 05:30:00+00:00
[2026-05-03T05:01:10.234+0000] {processor.py:183} INFO - Processing /opt/airflow/dags/flight-pipeline.py took 1.163 seconds
[2026-05-03T05:01:40.328+0000] {processor.py:161} INFO - Started process (PID=13818) to work on /opt/airflow/dags/flight-pipeline.py
[2026-05-03T05:01:40.335+0000] {processor.py:830} INFO - Processing file /opt/airflow/dags/flight-pipeline.py for tasks to queue
[2026-05-03T05:01:40.336+0000] {logging_mixin.py:188} INFO - [2026-05-03T05:01:40.336+0000] {dagbag.py:545} INFO - Filling up the DagBag from /opt/airflow/dags/flight-pipeline.py
[2026-05-03T05:01:41.199+0000] {processor.py:840} INFO - DAG(s) 'flights_ops_medallion_pipe' retrieved from /opt/airflow/dags/flight-pipeline.py
[2026-05-03T05:01:41.308+0000] {logging_mixin.py:188} INFO - [2026-05-03T05:01:41.307+0000] {dag.py:3089} INFO - Sync 1 DAGs
[2026-05-03T05:01:41.520+0000] {logging_mixin.py:188} INFO - [2026-05-03T05:01:41.520+0000] {dag.py:3947} INFO - Setting next_dagrun for flights_ops_medallion_pipe to 2026-05-03 05:00:00+00:00, run_after=2026-05-03 05:30:00+00:00
[2026-05-03T05:01:41.551+0000] {processor.py:183} INFO - Processing /opt/airflow/dags/flight-pipeline.py took 1.232 seconds
[2026-05-03T05:02:11.696+0000] {processor.py:161} INFO - Started process (PID=13821) to work on /opt/airflow/dags/flight-pipeline.py
[2026-05-03T05:02:11.703+0000] {processor.py:830} INFO - Processing file /opt/airflow/dags/flight-pipeline.py for tasks to queue
[2026-05-03T05:02:11.704+0000] {logging_mixin.py:188} INFO - [2026-05-03T05:02:11.704+0000] {dagbag.py:545} INFO - Filling up the DagBag from /opt/airflow/dags/flight-pipeline.py
[2026-05-03T05:02:12.497+0000] {processor.py:840} INFO - DAG(s) 'flights_ops_medallion_pipe' retrieved from /opt/airflow/dags/flight-pipeline.py
[2026-05-03T05:02:12.825+0000] {logging_mixin.py:188} INFO - [2026-05-03T05:02:12.823+0000] {dag.py:3089} INFO - Sync 1 DAGs
[2026-05-03T05:02:12.852+0000] {logging_mixin.py:188} INFO - [2026-05-03T05:02:12.851+0000] {dag.py:3947} INFO - Setting next_dagrun for flights_ops_medallion_pipe to 2026-05-03 05:00:00+00:00, run_after=2026-05-03 05:30:00+00:00
[2026-05-03T05:02:12.874+0000] {processor.py:183} INFO - Processing /opt/airflow/dags/flight-pipeline.py took 1.189 seconds
[2026-05-03T05:02:42.938+0000] {processor.py:161} INFO - Started process (PID=13824) to work on /opt/airflow/dags/flight-pipeline.py
[2026-05-03T05:02:42.944+0000] {processor.py:830} INFO - Processing file /opt/airflow/dags/flight-pipeline.py for tasks to queue
[2026-05-03T05:02:42.946+0000] {logging_mixin.py:188} INFO - [2026-05-03T05:02:42.945+0000] {dagbag.py:545} INFO - Filling up the DagBag from /opt/airflow/dags/flight-pipeline.py
[2026-05-03T05:02:43.739+0000] {processor.py:840} INFO - DAG(s) 'flights_ops_medallion_pipe' retrieved from /opt/airflow/dags/flight-pipeline.py
[2026-05-03T05:02:43.956+0000] {logging_mixin.py:188} INFO - [2026-05-03T05:02:43.955+0000] {dag.py:3089} INFO - Sync 1 DAGs
[2026-05-03T05:02:43.981+0000] {logging_mixin.py:188} INFO - [2026-05-03T05:02:43.981+0000] {dag.py:3947} INFO - Setting next_dagrun for flights_ops_medallion_pipe to 2026-05-03 05:00:00+00:00, run_after=2026-05-03 05:30:00+00:00
[2026-05-03T05:02:44.001+0000] {processor.py:183} INFO - Processing /opt/airflow/dags/flight-pipeline.py took 1.072 seconds
[2026-05-03T05:03:14.381+0000] {processor.py:161} INFO - Started process (PID=13827) to work on /opt/airflow/dags/flight-pipeline.py
[2026-05-03T05:03:14.388+0000] {processor.py:830} INFO - Processing file /opt/airflow/dags/flight-pipeline.py for tasks to queue
[2026-05-03T05:03:14.390+0000] {logging_mixin.py:188} INFO - [2026-05-03T05:03:14.389+0000] {dagbag.py:545} INFO - Filling up the DagBag from /opt/airflow/dags/flight-pipeline.py
[2026-05-03T05:03:15.889+0000] {processor.py:840} INFO - DAG(s) 'flights_ops_medallion_pipe' retrieved from /opt/airflow/dags/flight-pipeline.py
[2026-05-03T05:03:15.969+0000] {logging_mixin.py:188} INFO - [2026-05-03T05:03:15.969+0000] {dag.py:3089} INFO - Sync 1 DAGs
[2026-05-03T05:03:16.011+0000] {logging_mixin.py:188} INFO - [2026-05-03T05:03:16.010+0000] {dag.py:3947} INFO - Setting next_dagrun for flights_ops_medallion_pipe to 2026-05-03 05:00:00+00:00, run_after=2026-05-03 05:30:00+00:00
[2026-05-03T05:03:16.045+0000] {processor.py:183} INFO - Processing /opt/airflow/dags/flight-pipeline.py took 1.685 seconds
[2026-05-03T05:33:14.822+0000] {processor.py:161} INFO - Started process (PID=13830) to work on /opt/airflow/dags/flight-pipeline.py
[2026-05-03T05:33:14.862+0000] {processor.py:830} INFO - Processing file /opt/airflow/dags/flight-pipeline.py for tasks to queue
[2026-05-03T05:33:14.868+0000] {logging_mixin.py:188} INFO - [2026-05-03T05:33:14.867+0000] {dagbag.py:545} INFO - Filling up the DagBag from /opt/airflow/dags/flight-pipeline.py
[2026-05-03T05:33:45.680+0000] {logging_mixin.py:188} INFO - [2026-05-03T05:33:44.998+0000] {timeout.py:68} ERROR - Process timed out, PID: 13830
[2026-05-03T05:34:22.399+0000] {processor.py:161} INFO - Started process (PID=13834) to work on /opt/airflow/dags/flight-pipeline.py
[2026-05-03T05:34:22.455+0000] {processor.py:830} INFO - Processing file /opt/airflow/dags/flight-pipeline.py for tasks to queue
[2026-05-03T05:34:22.588+0000] {logging_mixin.py:188} INFO - [2026-05-03T05:34:22.499+0000] {dagbag.py:545} INFO - Filling up the DagBag from /opt/airflow/dags/flight-pipeline.py
[2026-05-03T06:58:45.224+0000] {logging_mixin.py:188} INFO - [2026-05-03T06:58:44.937+0000] {timeout.py:68} ERROR - Process timed out, PID: 13834
[2026-05-03T06:59:21.852+0000] {processor.py:161} INFO - Started process (PID=13844) to work on /opt/airflow/dags/flight-pipeline.py
[2026-05-03T06:59:21.931+0000] {processor.py:830} INFO - Processing file /opt/airflow/dags/flight-pipeline.py for tasks to queue
[2026-05-03T06:59:22.026+0000] {logging_mixin.py:188} INFO - [2026-05-03T06:59:21.979+0000] {dagbag.py:545} INFO - Filling up the DagBag from /opt/airflow/dags/flight-pipeline.py
[2026-05-03T06:59:53.175+0000] {logging_mixin.py:188} INFO - [2026-05-03T06:59:52.579+0000] {timeout.py:68} ERROR - Process timed out, PID: 13844
[2026-05-03T07:00:24.901+0000] {processor.py:161} INFO - Started process (PID=13847) to work on /opt/airflow/dags/flight-pipeline.py
[2026-05-03T07:00:25.177+0000] {processor.py:830} INFO - Processing file /opt/airflow/dags/flight-pipeline.py for tasks to queue
[2026-05-03T07:00:25.198+0000] {logging_mixin.py:188} INFO - [2026-05-03T07:00:25.190+0000] {dagbag.py:545} INFO - Filling up the DagBag from /opt/airflow/dags/flight-pipeline.py
[2026-05-03T07:00:40.012+0000] {processor.py:840} INFO - DAG(s) 'flights_ops_medallion_pipe' retrieved from /opt/airflow/dags/flight-pipeline.py
[2026-05-03T07:00:55.980+0000] {logging_mixin.py:188} INFO - [2026-05-03T07:00:55.975+0000] {dag.py:3089} INFO - Sync 1 DAGs
[2026-05-03T07:00:56.214+0000] {logging_mixin.py:188} INFO - [2026-05-03T07:00:56.213+0000] {dag.py:3947} INFO - Setting next_dagrun for flights_ops_medallion_pipe to 2026-05-03 06:30:00+00:00, run_after=2026-05-03 07:00:00+00:00
[2026-05-03T07:00:56.415+0000] {processor.py:183} INFO - Processing /opt/airflow/dags/flight-pipeline.py took 31.753 seconds
[2026-05-03T07:08:49.404+0000] {processor.py:161} INFO - Started process (PID=13851) to work on /opt/airflow/dags/flight-pipeline.py
[2026-05-03T07:08:49.409+0000] {processor.py:830} INFO - Processing file /opt/airflow/dags/flight-pipeline.py for tasks to queue
[2026-05-03T07:08:49.421+0000] {logging_mixin.py:188} INFO - [2026-05-03T07:08:49.415+0000] {dagbag.py:545} INFO - Filling up the DagBag from /opt/airflow/dags/flight-pipeline.py
[2026-05-03T07:08:52.750+0000] {processor.py:840} INFO - DAG(s) 'flights_ops_medallion_pipe' retrieved from /opt/airflow/dags/flight-pipeline.py
[2026-05-03T07:08:52.959+0000] {logging_mixin.py:188} INFO - [2026-05-03T07:08:52.956+0000] {dag.py:3089} INFO - Sync 1 DAGs
[2026-05-03T07:08:53.314+0000] {logging_mixin.py:188} INFO - [2026-05-03T07:08:53.312+0000] {dag.py:3947} INFO - Setting next_dagrun for flights_ops_medallion_pipe to 2026-05-03 07:00:00+00:00, run_after=2026-05-03 07:30:00+00:00
[2026-05-03T07:08:53.686+0000] {processor.py:183} INFO - Processing /opt/airflow/dags/flight-pipeline.py took 4.453 seconds
[2026-05-03T07:09:27.345+0000] {processor.py:161} INFO - Started process (PID=13864) to work on /opt/airflow/dags/flight-pipeline.py
[2026-05-03T07:09:27.548+0000] {processor.py:830} INFO - Processing file /opt/airflow/dags/flight-pipeline.py for tasks to queue
[2026-05-03T07:09:27.683+0000] {logging_mixin.py:188} INFO - [2026-05-03T07:09:27.620+0000] {dagbag.py:545} INFO - Filling up the DagBag from /opt/airflow/dags/flight-pipeline.py
[2026-05-03T07:09:58.054+0000] {logging_mixin.py:188} INFO - [2026-05-03T07:09:57.967+0000] {timeout.py:68} ERROR - Process timed out, PID: 13864
[2026-05-03T07:32:35.641+0000] {processor.py:161} INFO - Started process (PID=13868) to work on /opt/airflow/dags/flight-pipeline.py
[2026-05-03T07:32:35.654+0000] {processor.py:830} INFO - Processing file /opt/airflow/dags/flight-pipeline.py for tasks to queue
[2026-05-03T07:32:35.674+0000] {logging_mixin.py:188} INFO - [2026-05-03T07:32:35.665+0000] {dagbag.py:545} INFO - Filling up the DagBag from /opt/airflow/dags/flight-pipeline.py
[2026-05-03T07:32:54.431+0000] {processor.py:840} INFO - DAG(s) 'flights_ops_medallion_pipe' retrieved from /opt/airflow/dags/flight-pipeline.py
[2026-05-03T07:33:01.059+0000] {logging_mixin.py:188} INFO - [2026-05-03T07:33:01.053+0000] {dag.py:3089} INFO - Sync 1 DAGs
[2026-05-03T07:33:01.511+0000] {logging_mixin.py:188} INFO - [2026-05-03T07:33:01.510+0000] {dag.py:3947} INFO - Setting next_dagrun for flights_ops_medallion_pipe to 2026-05-03 07:00:00+00:00, run_after=2026-05-03 07:30:00+00:00
[2026-05-03T07:33:01.779+0000] {processor.py:183} INFO - Processing /opt/airflow/dags/flight-pipeline.py took 26.215 seconds
[2026-05-03T07:33:33.057+0000] {processor.py:161} INFO - Started process (PID=13893) to work on /opt/airflow/dags/flight-pipeline.py
[2026-05-03T07:33:33.063+0000] {processor.py:830} INFO - Processing file /opt/airflow/dags/flight-pipeline.py for tasks to queue
[2026-05-03T07:33:33.070+0000] {logging_mixin.py:188} INFO - [2026-05-03T07:33:33.067+0000] {dagbag.py:545} INFO - Filling up the DagBag from /opt/airflow/dags/flight-pipeline.py
[2026-05-03T07:33:34.640+0000] {processor.py:840} INFO - DAG(s) 'flights_ops_medallion_pipe' retrieved from /opt/airflow/dags/flight-pipeline.py
[2026-05-03T07:33:36.420+0000] {logging_mixin.py:188} INFO - [2026-05-03T07:33:36.418+0000] {dag.py:3089} INFO - Sync 1 DAGs
[2026-05-03T07:33:36.493+0000] {logging_mixin.py:188} INFO - [2026-05-03T07:33:36.493+0000] {dag.py:3947} INFO - Setting next_dagrun for flights_ops_medallion_pipe to 2026-05-03 07:30:00+00:00, run_after=2026-05-03 08:00:00+00:00
[2026-05-03T07:33:36.537+0000] {processor.py:183} INFO - Processing /opt/airflow/dags/flight-pipeline.py took 3.585 seconds
[2026-05-03T07:34:07.287+0000] {processor.py:161} INFO - Started process (PID=13928) to work on /opt/airflow/dags/flight-pipeline.py
[2026-05-03T07:34:07.293+0000] {processor.py:830} INFO - Processing file /opt/airflow/dags/flight-pipeline.py for tasks to queue
[2026-05-03T07:34:07.298+0000] {logging_mixin.py:188} INFO - [2026-05-03T07:34:07.295+0000] {dagbag.py:545} INFO - Filling up the DagBag from /opt/airflow/dags/flight-pipeline.py
[2026-05-03T07:34:08.335+0000] {processor.py:840} INFO - DAG(s) 'flights_ops_medallion_pipe' retrieved from /opt/airflow/dags/flight-pipeline.py
[2026-05-03T07:34:08.396+0000] {logging_mixin.py:188} INFO - [2026-05-03T07:34:08.396+0000] {dag.py:3089} INFO - Sync 1 DAGs
[2026-05-03T07:34:08.435+0000] {logging_mixin.py:188} INFO - [2026-05-03T07:34:08.435+0000] {dag.py:3947} INFO - Setting next_dagrun for flights_ops_medallion_pipe to 2026-05-03 07:30:00+00:00, run_after=2026-05-03 08:00:00+00:00
[2026-05-03T07:34:08.462+0000] {processor.py:183} INFO - Processing /opt/airflow/dags/flight-pipeline.py took 1.208 seconds
[2026-05-03T07:39:10.992+0000] {processor.py:161} INFO - Started process (PID=13932) to work on /opt/airflow/dags/flight-pipeline.py
[2026-05-03T07:39:11.039+0000] {processor.py:830} INFO - Processing file /opt/airflow/dags/flight-pipeline.py for tasks to queue
[2026-05-03T07:39:11.045+0000] {logging_mixin.py:188} INFO - [2026-05-03T07:39:11.045+0000] {dagbag.py:545} INFO - Filling up the DagBag from /opt/airflow/dags/flight-pipeline.py
[2026-05-03T07:39:12.951+0000] {processor.py:840} INFO - DAG(s) 'flights_ops_medallion_pipe' retrieved from /opt/airflow/dags/flight-pipeline.py
[2026-05-03T07:39:13.105+0000] {logging_mixin.py:188} INFO - [2026-05-03T07:39:13.103+0000] {dag.py:3089} INFO - Sync 1 DAGs
[2026-05-03T07:39:13.215+0000] {logging_mixin.py:188} INFO - [2026-05-03T07:39:13.215+0000] {dag.py:3947} INFO - Setting next_dagrun for flights_ops_medallion_pipe to 2026-05-03 07:30:00+00:00, run_after=2026-05-03 08:00:00+00:00
[2026-05-03T07:39:13.279+0000] {processor.py:183} INFO - Processing /opt/airflow/dags/flight-pipeline.py took 2.326 seconds
[2026-05-03T07:39:43.850+0000] {processor.py:161} INFO - Started process (PID=13935) to work on /opt/airflow/dags/flight-pipeline.py
[2026-05-03T07:39:43.894+0000] {processor.py:830} INFO - Processing file /opt/airflow/dags/flight-pipeline.py for tasks to queue
[2026-05-03T07:39:43.931+0000] {logging_mixin.py:188} INFO - [2026-05-03T07:39:43.907+0000] {dagbag.py:545} INFO - Filling up the DagBag from /opt/airflow/dags/flight-pipeline.py
[2026-05-03T07:39:58.762+0000] {processor.py:840} INFO - DAG(s) 'flights_ops_medallion_pipe' retrieved from /opt/airflow/dags/flight-pipeline.py
[2026-05-03T07:39:59.608+0000] {logging_mixin.py:188} INFO - [2026-05-03T07:39:59.598+0000] {dag.py:3089} INFO - Sync 1 DAGs
[2026-05-03T07:40:00.035+0000] {logging_mixin.py:188} INFO - [2026-05-03T07:40:00.020+0000] {dag.py:3947} INFO - Setting next_dagrun for flights_ops_medallion_pipe to 2026-05-03 07:30:00+00:00, run_after=2026-05-03 08:00:00+00:00
[2026-05-03T07:40:00.334+0000] {processor.py:183} INFO - Processing /opt/airflow/dags/flight-pipeline.py took 16.612 seconds
[2026-05-03T08:04:04.232+0000] {processor.py:161} INFO - Started process (PID=13940) to work on /opt/airflow/dags/flight-pipeline.py
[2026-05-03T08:04:04.236+0000] {processor.py:830} INFO - Processing file /opt/airflow/dags/flight-pipeline.py for tasks to queue
[2026-05-03T08:04:04.241+0000] {logging_mixin.py:188} INFO - [2026-05-03T08:04:04.240+0000] {dagbag.py:545} INFO - Filling up the DagBag from /opt/airflow/dags/flight-pipeline.py
[2026-05-03T08:04:09.263+0000] {processor.py:840} INFO - DAG(s) 'flights_ops_medallion_pipe' retrieved from /opt/airflow/dags/flight-pipeline.py
[2026-05-03T08:04:09.642+0000] {logging_mixin.py:188} INFO - [2026-05-03T08:04:09.641+0000] {dag.py:3089} INFO - Sync 1 DAGs
[2026-05-03T08:04:10.965+0000] {logging_mixin.py:188} INFO - [2026-05-03T08:04:10.964+0000] {dag.py:3947} INFO - Setting next_dagrun for flights_ops_medallion_pipe to 2026-05-03 07:30:00+00:00, run_after=2026-05-03 08:00:00+00:00
[2026-05-03T08:04:11.043+0000] {processor.py:183} INFO - Processing /opt/airflow/dags/flight-pipeline.py took 6.952 seconds
[2026-05-03T08:04:43.250+0000] {processor.py:161} INFO - Started process (PID=13944) to work on /opt/airflow/dags/flight-pipeline.py
[2026-05-03T08:04:43.313+0000] {processor.py:830} INFO - Processing file /opt/airflow/dags/flight-pipeline.py for tasks to queue
[2026-05-03T08:04:43.516+0000] {logging_mixin.py:188} INFO - [2026-05-03T08:04:43.461+0000] {dagbag.py:545} INFO - Filling up the DagBag from /opt/airflow/dags/flight-pipeline.py
[2026-05-03T08:05:10.170+0000] {processor.py:840} INFO - DAG(s) 'flights_ops_medallion_pipe' retrieved from /opt/airflow/dags/flight-pipeline.py
[2026-05-03T08:05:11.185+0000] {logging_mixin.py:188} INFO - [2026-05-03T08:05:11.171+0000] {dag.py:3089} INFO - Sync 1 DAGs
[2026-05-03T08:05:12.359+0000] {logging_mixin.py:188} INFO - [2026-05-03T08:05:12.355+0000] {dag.py:3947} INFO - Setting next_dagrun for flights_ops_medallion_pipe to 2026-05-03 07:30:00+00:00, run_after=2026-05-03 08:00:00+00:00
[2026-05-03T08:05:12.513+0000] {processor.py:183} INFO - Processing /opt/airflow/dags/flight-pipeline.py took 30.283 seconds
[2026-05-03T08:05:43.255+0000] {processor.py:161} INFO - Started process (PID=13968) to work on /opt/airflow/dags/flight-pipeline.py
[2026-05-03T08:05:43.262+0000] {processor.py:830} INFO - Processing file /opt/airflow/dags/flight-pipeline.py for tasks to queue
[2026-05-03T08:05:43.264+0000] {logging_mixin.py:188} INFO - [2026-05-03T08:05:43.263+0000] {dagbag.py:545} INFO - Filling up the DagBag from /opt/airflow/dags/flight-pipeline.py
[2026-05-03T08:05:44.440+0000] {processor.py:840} INFO - DAG(s) 'flights_ops_medallion_pipe' retrieved from /opt/airflow/dags/flight-pipeline.py
[2026-05-03T08:05:44.478+0000] {logging_mixin.py:188} INFO - [2026-05-03T08:05:44.478+0000] {dag.py:3089} INFO - Sync 1 DAGs
[2026-05-03T08:05:44.505+0000] {logging_mixin.py:188} INFO - [2026-05-03T08:05:44.504+0000] {dag.py:3947} INFO - Setting next_dagrun for flights_ops_medallion_pipe to 2026-05-03 08:00:00+00:00, run_after=2026-05-03 08:30:00+00:00
[2026-05-03T08:05:44.527+0000] {processor.py:183} INFO - Processing /opt/airflow/dags/flight-pipeline.py took 1.297 seconds
[2026-05-03T08:06:15.536+0000] {processor.py:161} INFO - Started process (PID=13982) to work on /opt/airflow/dags/flight-pipeline.py
[2026-05-03T08:06:15.577+0000] {processor.py:830} INFO - Processing file /opt/airflow/dags/flight-pipeline.py for tasks to queue
[2026-05-03T08:06:15.589+0000] {logging_mixin.py:188} INFO - [2026-05-03T08:06:15.584+0000] {dagbag.py:545} INFO - Filling up the DagBag from /opt/airflow/dags/flight-pipeline.py
[2026-05-03T08:06:25.737+0000] {processor.py:840} INFO - DAG(s) 'flights_ops_medallion_pipe' retrieved from /opt/airflow/dags/flight-pipeline.py
[2026-05-03T08:06:26.187+0000] {logging_mixin.py:188} INFO - [2026-05-03T08:06:26.183+0000] {dag.py:3089} INFO - Sync 1 DAGs
[2026-05-03T08:06:26.582+0000] {logging_mixin.py:188} INFO - [2026-05-03T08:06:26.578+0000] {dag.py:3947} INFO - Setting next_dagrun for flights_ops_medallion_pipe to 2026-05-03 08:00:00+00:00, run_after=2026-05-03 08:30:00+00:00
[2026-05-03T08:06:26.826+0000] {processor.py:183} INFO - Processing /opt/airflow/dags/flight-pipeline.py took 11.449 seconds
[2026-05-03T08:23:09.306+0000] {processor.py:161} INFO - Started process (PID=13986) to work on /opt/airflow/dags/flight-pipeline.py
[2026-05-03T08:23:09.319+0000] {processor.py:830} INFO - Processing file /opt/airflow/dags/flight-pipeline.py for tasks to queue
[2026-05-03T08:23:09.323+0000] {logging_mixin.py:188} INFO - [2026-05-03T08:23:09.322+0000] {dagbag.py:545} INFO - Filling up the DagBag from /opt/airflow/dags/flight-pipeline.py
[2026-05-03T08:23:10.625+0000] {processor.py:840} INFO - DAG(s) 'flights_ops_medallion_pipe' retrieved from /opt/airflow/dags/flight-pipeline.py
[2026-05-03T08:23:11.098+0000] {logging_mixin.py:188} INFO - [2026-05-03T08:23:11.098+0000] {dag.py:3089} INFO - Sync 1 DAGs
[2026-05-03T08:23:11.240+0000] {logging_mixin.py:188} INFO - [2026-05-03T08:23:11.240+0000] {dag.py:3947} INFO - Setting next_dagrun for flights_ops_medallion_pipe to 2026-05-03 08:00:00+00:00, run_after=2026-05-03 08:30:00+00:00
[2026-05-03T08:23:11.271+0000] {processor.py:183} INFO - Processing /opt/airflow/dags/flight-pipeline.py took 1.997 seconds
[2026-05-03T08:23:42.355+0000] {processor.py:161} INFO - Started process (PID=13989) to work on /opt/airflow/dags/flight-pipeline.py
[2026-05-03T08:23:42.394+0000] {processor.py:830} INFO - Processing file /opt/airflow/dags/flight-pipeline.py for tasks to queue
[2026-05-03T08:23:42.405+0000] {logging_mixin.py:188} INFO - [2026-05-03T08:23:42.401+0000] {dagbag.py:545} INFO - Filling up the DagBag from /opt/airflow/dags/flight-pipeline.py
[2026-05-03T08:23:52.684+0000] {processor.py:840} INFO - DAG(s) 'flights_ops_medallion_pipe' retrieved from /opt/airflow/dags/flight-pipeline.py
[2026-05-03T08:23:53.102+0000] {logging_mixin.py:188} INFO - [2026-05-03T08:23:53.097+0000] {dag.py:3089} INFO - Sync 1 DAGs
[2026-05-03T08:23:54.626+0000] {logging_mixin.py:188} INFO - [2026-05-03T08:23:54.623+0000] {dag.py:3947} INFO - Setting next_dagrun for flights_ops_medallion_pipe to 2026-05-03 08:00:00+00:00, run_after=2026-05-03 08:30:00+00:00
[2026-05-03T08:23:54.825+0000] {processor.py:183} INFO - Processing /opt/airflow/dags/flight-pipeline.py took 12.557 seconds
[2026-05-03T08:40:11.385+0000] {processor.py:161} INFO - Started process (PID=13993) to work on /opt/airflow/dags/flight-pipeline.py
[2026-05-03T08:40:11.389+0000] {processor.py:830} INFO - Processing file /opt/airflow/dags/flight-pipeline.py for tasks to queue
[2026-05-03T08:40:11.394+0000] {logging_mixin.py:188} INFO - [2026-05-03T08:40:11.393+0000] {dagbag.py:545} INFO - Filling up the DagBag from /opt/airflow/dags/flight-pipeline.py
[2026-05-03T08:40:12.741+0000] {processor.py:840} INFO - DAG(s) 'flights_ops_medallion_pipe' retrieved from /opt/airflow/dags/flight-pipeline.py
[2026-05-03T08:40:12.793+0000] {logging_mixin.py:188} INFO - [2026-05-03T08:40:12.792+0000] {dag.py:3089} INFO - Sync 1 DAGs
[2026-05-03T08:40:13.060+0000] {logging_mixin.py:188} INFO - [2026-05-03T08:40:13.060+0000] {dag.py:3947} INFO - Setting next_dagrun for flights_ops_medallion_pipe to 2026-05-03 08:00:00+00:00, run_after=2026-05-03 08:30:00+00:00
[2026-05-03T08:40:13.088+0000] {processor.py:183} INFO - Processing /opt/airflow/dags/flight-pipeline.py took 1.731 seconds
[2026-05-03T08:40:43.505+0000] {processor.py:161} INFO - Started process (PID=14017) to work on /opt/airflow/dags/flight-pipeline.py
[2026-05-03T08:40:43.548+0000] {processor.py:830} INFO - Processing file /opt/airflow/dags/flight-pipeline.py for tasks to queue
[2026-05-03T08:40:43.561+0000] {logging_mixin.py:188} INFO - [2026-05-03T08:40:43.557+0000] {dagbag.py:545} INFO - Filling up the DagBag from /opt/airflow/dags/flight-pipeline.py
[2026-05-03T08:40:55.620+0000] {processor.py:840} INFO - DAG(s) 'flights_ops_medallion_pipe' retrieved from /opt/airflow/dags/flight-pipeline.py
[2026-05-03T08:40:57.599+0000] {logging_mixin.py:188} INFO - [2026-05-03T08:40:57.593+0000] {dag.py:3089} INFO - Sync 1 DAGs
[2026-05-03T08:40:57.955+0000] {logging_mixin.py:188} INFO - [2026-05-03T08:40:57.951+0000] {dag.py:3947} INFO - Setting next_dagrun for flights_ops_medallion_pipe to 2026-05-03 08:30:00+00:00, run_after=2026-05-03 09:00:00+00:00
[2026-05-03T08:40:58.185+0000] {processor.py:183} INFO - Processing /opt/airflow/dags/flight-pipeline.py took 14.784 seconds
[2026-05-03T08:41:28.733+0000] {processor.py:161} INFO - Started process (PID=14032) to work on /opt/airflow/dags/flight-pipeline.py
[2026-05-03T08:41:28.741+0000] {processor.py:830} INFO - Processing file /opt/airflow/dags/flight-pipeline.py for tasks to queue
[2026-05-03T08:41:28.743+0000] {logging_mixin.py:188} INFO - [2026-05-03T08:41:28.743+0000] {dagbag.py:545} INFO - Filling up the DagBag from /opt/airflow/dags/flight-pipeline.py
[2026-05-03T08:41:30.167+0000] {processor.py:840} INFO - DAG(s) 'flights_ops_medallion_pipe' retrieved from /opt/airflow/dags/flight-pipeline.py
[2026-05-03T08:41:30.213+0000] {logging_mixin.py:188} INFO - [2026-05-03T08:41:30.213+0000] {dag.py:3089} INFO - Sync 1 DAGs
[2026-05-03T08:41:30.251+0000] {logging_mixin.py:188} INFO - [2026-05-03T08:41:30.250+0000] {dag.py:3947} INFO - Setting next_dagrun for flights_ops_medallion_pipe to 2026-05-03 08:30:00+00:00, run_after=2026-05-03 09:00:00+00:00
[2026-05-03T08:41:30.280+0000] {processor.py:183} INFO - Processing /opt/airflow/dags/flight-pipeline.py took 1.560 seconds
[2026-05-03T08:58:01.923+0000] {processor.py:161} INFO - Started process (PID=14057) to work on /opt/airflow/dags/flight-pipeline.py
[2026-05-03T08:58:01.930+0000] {processor.py:830} INFO - Processing file /opt/airflow/dags/flight-pipeline.py for tasks to queue
[2026-05-03T08:58:01.963+0000] {logging_mixin.py:188} INFO - [2026-05-03T08:58:01.958+0000] {dagbag.py:545} INFO - Filling up the DagBag from /opt/airflow/dags/flight-pipeline.py
[2026-05-03T08:58:03.550+0000] {processor.py:840} INFO - DAG(s) 'flights_ops_medallion_pipe' retrieved from /opt/airflow/dags/flight-pipeline.py
[2026-05-03T08:58:03.590+0000] {logging_mixin.py:188} INFO - [2026-05-03T08:58:03.589+0000] {dag.py:3089} INFO - Sync 1 DAGs
[2026-05-03T08:58:03.622+0000] {logging_mixin.py:188} INFO - [2026-05-03T08:58:03.622+0000] {dag.py:3947} INFO - Setting next_dagrun for flights_ops_medallion_pipe to 2026-05-03 08:30:00+00:00, run_after=2026-05-03 09:00:00+00:00
[2026-05-03T08:58:03.647+0000] {processor.py:183} INFO - Processing /opt/airflow/dags/flight-pipeline.py took 1.772 seconds
[2026-05-03T08:58:33.954+0000] {processor.py:161} INFO - Started process (PID=14082) to work on /opt/airflow/dags/flight-pipeline.py
[2026-05-03T08:58:33.999+0000] {processor.py:830} INFO - Processing file /opt/airflow/dags/flight-pipeline.py for tasks to queue
[2026-05-03T08:58:34.012+0000] {logging_mixin.py:188} INFO - [2026-05-03T08:58:34.007+0000] {dagbag.py:545} INFO - Filling up the DagBag from /opt/airflow/dags/flight-pipeline.py
[2026-05-03T08:58:44.566+0000] {processor.py:840} INFO - DAG(s) 'flights_ops_medallion_pipe' retrieved from /opt/airflow/dags/flight-pipeline.py
[2026-05-03T08:58:45.158+0000] {logging_mixin.py:188} INFO - [2026-05-03T08:58:45.153+0000] {dag.py:3089} INFO - Sync 1 DAGs
[2026-05-03T08:58:45.447+0000] {logging_mixin.py:188} INFO - [2026-05-03T08:58:45.444+0000] {dag.py:3947} INFO - Setting next_dagrun for flights_ops_medallion_pipe to 2026-05-03 08:30:00+00:00, run_after=2026-05-03 09:00:00+00:00
[2026-05-03T08:58:45.654+0000] {processor.py:183} INFO - Processing /opt/airflow/dags/flight-pipeline.py took 11.821 seconds
[2026-05-03T08:59:16.095+0000] {processor.py:161} INFO - Started process (PID=14085) to work on /opt/airflow/dags/flight-pipeline.py
[2026-05-03T08:59:16.102+0000] {processor.py:830} INFO - Processing file /opt/airflow/dags/flight-pipeline.py for tasks to queue
[2026-05-03T08:59:16.103+0000] {logging_mixin.py:188} INFO - [2026-05-03T08:59:16.103+0000] {dagbag.py:545} INFO - Filling up the DagBag from /opt/airflow/dags/flight-pipeline.py
[2026-05-03T08:59:17.259+0000] {processor.py:840} INFO - DAG(s) 'flights_ops_medallion_pipe' retrieved from /opt/airflow/dags/flight-pipeline.py
[2026-05-03T08:59:17.305+0000] {logging_mixin.py:188} INFO - [2026-05-03T08:59:17.304+0000] {dag.py:3089} INFO - Sync 1 DAGs
[2026-05-03T08:59:17.514+0000] {logging_mixin.py:188} INFO - [2026-05-03T08:59:17.514+0000] {dag.py:3947} INFO - Setting next_dagrun for flights_ops_medallion_pipe to 2026-05-03 08:30:00+00:00, run_after=2026-05-03 09:00:00+00:00
[2026-05-03T08:59:17.537+0000] {processor.py:183} INFO - Processing /opt/airflow/dags/flight-pipeline.py took 1.454 seconds
[2026-05-03T09:15:45.243+0000] {processor.py:161} INFO - Started process (PID=14088) to work on /opt/airflow/dags/flight-pipeline.py
[2026-05-03T09:15:45.245+0000] {processor.py:830} INFO - Processing file /opt/airflow/dags/flight-pipeline.py for tasks to queue
[2026-05-03T09:15:45.247+0000] {logging_mixin.py:188} INFO - [2026-05-03T09:15:45.247+0000] {dagbag.py:545} INFO - Filling up the DagBag from /opt/airflow/dags/flight-pipeline.py
[2026-05-03T09:15:47.994+0000] {processor.py:840} INFO - DAG(s) 'flights_ops_medallion_pipe' retrieved from /opt/airflow/dags/flight-pipeline.py
[2026-05-03T09:15:48.087+0000] {logging_mixin.py:188} INFO - [2026-05-03T09:15:48.086+0000] {dag.py:3089} INFO - Sync 1 DAGs
[2026-05-03T09:15:52.681+0000] {logging_mixin.py:188} INFO - [2026-05-03T09:15:52.679+0000] {dag.py:3947} INFO - Setting next_dagrun for flights_ops_medallion_pipe to 2026-05-03 08:30:00+00:00, run_after=2026-05-03 09:00:00+00:00
[2026-05-03T09:15:52.741+0000] {processor.py:183} INFO - Processing /opt/airflow/dags/flight-pipeline.py took 7.513 seconds
[2026-05-03T09:16:24.527+0000] {processor.py:161} INFO - Started process (PID=14091) to work on /opt/airflow/dags/flight-pipeline.py
[2026-05-03T09:16:24.566+0000] {processor.py:830} INFO - Processing file /opt/airflow/dags/flight-pipeline.py for tasks to queue
[2026-05-03T09:16:24.634+0000] {logging_mixin.py:188} INFO - [2026-05-03T09:16:24.599+0000] {dagbag.py:545} INFO - Filling up the DagBag from /opt/airflow/dags/flight-pipeline.py
[2026-05-03T09:16:42.416+0000] {processor.py:840} INFO - DAG(s) 'flights_ops_medallion_pipe' retrieved from /opt/airflow/dags/flight-pipeline.py
[2026-05-03T09:16:43.162+0000] {logging_mixin.py:188} INFO - [2026-05-03T09:16:43.156+0000] {dag.py:3089} INFO - Sync 1 DAGs
[2026-05-03T09:16:47.935+0000] {logging_mixin.py:188} INFO - [2026-05-03T09:16:47.931+0000] {dag.py:3947} INFO - Setting next_dagrun for flights_ops_medallion_pipe to 2026-05-03 09:00:00+00:00, run_after=2026-05-03 09:30:00+00:00
[2026-05-03T09:16:48.169+0000] {processor.py:183} INFO - Processing /opt/airflow/dags/flight-pipeline.py took 24.077 seconds
[2026-05-03T09:17:18.449+0000] {processor.py:161} INFO - Started process (PID=14124) to work on /opt/airflow/dags/flight-pipeline.py
[2026-05-03T09:17:18.457+0000] {processor.py:830} INFO - Processing file /opt/airflow/dags/flight-pipeline.py for tasks to queue
[2026-05-03T09:17:18.459+0000] {logging_mixin.py:188} INFO - [2026-05-03T09:17:18.458+0000] {dagbag.py:545} INFO - Filling up the DagBag from /opt/airflow/dags/flight-pipeline.py
[2026-05-03T09:17:19.634+0000] {processor.py:840} INFO - DAG(s) 'flights_ops_medallion_pipe' retrieved from /opt/airflow/dags/flight-pipeline.py
[2026-05-03T09:17:19.683+0000] {logging_mixin.py:188} INFO - [2026-05-03T09:17:19.683+0000] {dag.py:3089} INFO - Sync 1 DAGs
[2026-05-03T09:17:19.716+0000] {logging_mixin.py:188} INFO - [2026-05-03T09:17:19.716+0000] {dag.py:3947} INFO - Setting next_dagrun for flights_ops_medallion_pipe to 2026-05-03 09:00:00+00:00, run_after=2026-05-03 09:30:00+00:00
[2026-05-03T09:17:19.747+0000] {processor.py:183} INFO - Processing /opt/airflow/dags/flight-pipeline.py took 1.308 seconds
[2026-05-03T09:17:49.872+0000] {processor.py:161} INFO - Started process (PID=14141) to work on /opt/airflow/dags/flight-pipeline.py
[2026-05-03T09:17:49.878+0000] {processor.py:830} INFO - Processing file /opt/airflow/dags/flight-pipeline.py for tasks to queue
[2026-05-03T09:17:49.880+0000] {logging_mixin.py:188} INFO - [2026-05-03T09:17:49.879+0000] {dagbag.py:545} INFO - Filling up the DagBag from /opt/airflow/dags/flight-pipeline.py
[2026-05-03T09:17:50.571+0000] {processor.py:840} INFO - DAG(s) 'flights_ops_medallion_pipe' retrieved from /opt/airflow/dags/flight-pipeline.py
[2026-05-03T09:17:50.610+0000] {logging_mixin.py:188} INFO - [2026-05-03T09:17:50.610+0000] {dag.py:3089} INFO - Sync 1 DAGs
[2026-05-03T09:17:50.635+0000] {logging_mixin.py:188} INFO - [2026-05-03T09:17:50.634+0000] {dag.py:3947} INFO - Setting next_dagrun for flights_ops_medallion_pipe to 2026-05-03 09:00:00+00:00, run_after=2026-05-03 09:30:00+00:00
[2026-05-03T09:17:50.654+0000] {processor.py:183} INFO - Processing /opt/airflow/dags/flight-pipeline.py took 0.790 seconds
[2026-05-03T09:18:21.697+0000] {processor.py:161} INFO - Started process (PID=14144) to work on /opt/airflow/dags/flight-pipeline.py
[2026-05-03T09:18:21.706+0000] {processor.py:830} INFO - Processing file /opt/airflow/dags/flight-pipeline.py for tasks to queue
[2026-05-03T09:18:21.710+0000] {logging_mixin.py:188} INFO - [2026-05-03T09:18:21.707+0000] {dagbag.py:545} INFO - Filling up the DagBag from /opt/airflow/dags/flight-pipeline.py
[2026-05-03T09:18:23.047+0000] {processor.py:840} INFO - DAG(s) 'flights_ops_medallion_pipe' retrieved from /opt/airflow/dags/flight-pipeline.py
[2026-05-03T09:18:23.109+0000] {logging_mixin.py:188} INFO - [2026-05-03T09:18:23.108+0000] {dag.py:3089} INFO - Sync 1 DAGs
[2026-05-03T09:18:23.168+0000] {logging_mixin.py:188} INFO - [2026-05-03T09:18:23.167+0000] {dag.py:3947} INFO - Setting next_dagrun for flights_ops_medallion_pipe to 2026-05-03 09:00:00+00:00, run_after=2026-05-03 09:30:00+00:00
[2026-05-03T09:18:23.198+0000] {processor.py:183} INFO - Processing /opt/airflow/dags/flight-pipeline.py took 1.564 seconds
[2026-05-03T09:18:53.462+0000] {processor.py:161} INFO - Started process (PID=14147) to work on /opt/airflow/dags/flight-pipeline.py
[2026-05-03T09:18:53.471+0000] {processor.py:830} INFO - Processing file /opt/airflow/dags/flight-pipeline.py for tasks to queue
[2026-05-03T09:18:53.475+0000] {logging_mixin.py:188} INFO - [2026-05-03T09:18:53.473+0000] {dagbag.py:545} INFO - Filling up the DagBag from /opt/airflow/dags/flight-pipeline.py
[2026-05-03T09:18:54.974+0000] {processor.py:840} INFO - DAG(s) 'flights_ops_medallion_pipe' retrieved from /opt/airflow/dags/flight-pipeline.py
[2026-05-03T09:18:55.075+0000] {logging_mixin.py:188} INFO - [2026-05-03T09:18:55.074+0000] {dag.py:3089} INFO - Sync 1 DAGs
[2026-05-03T09:18:55.737+0000] {logging_mixin.py:188} INFO - [2026-05-03T09:18:55.737+0000] {dag.py:3947} INFO - Setting next_dagrun for flights_ops_medallion_pipe to 2026-05-03 09:00:00+00:00, run_after=2026-05-03 09:30:00+00:00
[2026-05-03T09:18:55.762+0000] {processor.py:183} INFO - Processing /opt/airflow/dags/flight-pipeline.py took 2.313 seconds
[2026-05-03T09:19:25.987+0000] {processor.py:161} INFO - Started process (PID=14150) to work on /opt/airflow/dags/flight-pipeline.py
[2026-05-03T09:19:25.994+0000] {processor.py:830} INFO - Processing file /opt/airflow/dags/flight-pipeline.py for tasks to queue
[2026-05-03T09:19:25.995+0000] {logging_mixin.py:188} INFO - [2026-05-03T09:19:25.995+0000] {dagbag.py:545} INFO - Filling up the DagBag from /opt/airflow/dags/flight-pipeline.py
[2026-05-03T09:19:26.715+0000] {processor.py:840} INFO - DAG(s) 'flights_ops_medallion_pipe' retrieved from /opt/airflow/dags/flight-pipeline.py
[2026-05-03T09:19:26.752+0000] {logging_mixin.py:188} INFO - [2026-05-03T09:19:26.752+0000] {dag.py:3089} INFO - Sync 1 DAGs
[2026-05-03T09:19:26.939+0000] {logging_mixin.py:188} INFO - [2026-05-03T09:19:26.939+0000] {dag.py:3947} INFO - Setting next_dagrun for flights_ops_medallion_pipe to 2026-05-03 09:00:00+00:00, run_after=2026-05-03 09:30:00+00:00
[2026-05-03T09:19:26.957+0000] {processor.py:183} INFO - Processing /opt/airflow/dags/flight-pipeline.py took 0.978 seconds
[2026-05-03T09:19:57.137+0000] {processor.py:161} INFO - Started process (PID=14153) to work on /opt/airflow/dags/flight-pipeline.py
[2026-05-03T09:19:57.143+0000] {processor.py:830} INFO - Processing file /opt/airflow/dags/flight-pipeline.py for tasks to queue
[2026-05-03T09:19:57.144+0000] {logging_mixin.py:188} INFO - [2026-05-03T09:19:57.144+0000] {dagbag.py:545} INFO - Filling up the DagBag from /opt/airflow/dags/flight-pipeline.py
[2026-05-03T09:19:57.804+0000] {processor.py:840} INFO - DAG(s) 'flights_ops_medallion_pipe' retrieved from /opt/airflow/dags/flight-pipeline.py
[2026-05-03T09:19:57.991+0000] {logging_mixin.py:188} INFO - [2026-05-03T09:19:57.990+0000] {dag.py:3089} INFO - Sync 1 DAGs
[2026-05-03T09:19:58.012+0000] {logging_mixin.py:188} INFO - [2026-05-03T09:19:58.012+0000] {dag.py:3947} INFO - Setting next_dagrun for flights_ops_medallion_pipe to 2026-05-03 09:00:00+00:00, run_after=2026-05-03 09:30:00+00:00
[2026-05-03T09:19:58.028+0000] {processor.py:183} INFO - Processing /opt/airflow/dags/flight-pipeline.py took 0.900 seconds
[2026-05-03T09:34:15.502+0000] {processor.py:161} INFO - Started process (PID=14156) to work on /opt/airflow/dags/flight-pipeline.py
[2026-05-03T09:34:15.506+0000] {processor.py:830} INFO - Processing file /opt/airflow/dags/flight-pipeline.py for tasks to queue
[2026-05-03T09:34:15.509+0000] {logging_mixin.py:188} INFO - [2026-05-03T09:34:15.507+0000] {dagbag.py:545} INFO - Filling up the DagBag from /opt/airflow/dags/flight-pipeline.py
[2026-05-03T09:34:17.717+0000] {processor.py:840} INFO - DAG(s) 'flights_ops_medallion_pipe' retrieved from /opt/airflow/dags/flight-pipeline.py
[2026-05-03T09:34:18.164+0000] {logging_mixin.py:188} INFO - [2026-05-03T09:34:18.163+0000] {dag.py:3089} INFO - Sync 1 DAGs
[2026-05-03T09:34:18.212+0000] {logging_mixin.py:188} INFO - [2026-05-03T09:34:18.212+0000] {dag.py:3947} INFO - Setting next_dagrun for flights_ops_medallion_pipe to 2026-05-03 09:30:00+00:00, run_after=2026-05-03 10:00:00+00:00
[2026-05-03T09:34:18.243+0000] {processor.py:183} INFO - Processing /opt/airflow/dags/flight-pipeline.py took 2.763 seconds
[2026-05-03T09:34:48.779+0000] {processor.py:161} INFO - Started process (PID=14172) to work on /opt/airflow/dags/flight-pipeline.py
[2026-05-03T09:34:48.827+0000] {processor.py:830} INFO - Processing file /opt/airflow/dags/flight-pipeline.py for tasks to queue
[2026-05-03T09:34:48.842+0000] {logging_mixin.py:188} INFO - [2026-05-03T09:34:48.837+0000] {dagbag.py:545} INFO - Filling up the DagBag from /opt/airflow/dags/flight-pipeline.py
[2026-05-03T09:35:06.803+0000] {processor.py:840} INFO - DAG(s) 'flights_ops_medallion_pipe' retrieved from /opt/airflow/dags/flight-pipeline.py
[2026-05-03T09:35:07.473+0000] {logging_mixin.py:188} INFO - [2026-05-03T09:35:07.466+0000] {dag.py:3089} INFO - Sync 1 DAGs
[2026-05-03T09:35:07.890+0000] {logging_mixin.py:188} INFO - [2026-05-03T09:35:07.885+0000] {dag.py:3947} INFO - Setting next_dagrun for flights_ops_medallion_pipe to 2026-05-03 09:30:00+00:00, run_after=2026-05-03 10:00:00+00:00
[2026-05-03T09:35:08.168+0000] {processor.py:183} INFO - Processing /opt/airflow/dags/flight-pipeline.py took 19.581 seconds
[2026-05-03T09:35:39.057+0000] {processor.py:161} INFO - Started process (PID=14197) to work on /opt/airflow/dags/flight-pipeline.py
[2026-05-03T09:35:39.065+0000] {processor.py:830} INFO - Processing file /opt/airflow/dags/flight-pipeline.py for tasks to queue
[2026-05-03T09:35:39.067+0000] {logging_mixin.py:188} INFO - [2026-05-03T09:35:39.066+0000] {dagbag.py:545} INFO - Filling up the DagBag from /opt/airflow/dags/flight-pipeline.py
[2026-05-03T09:35:40.294+0000] {processor.py:840} INFO - DAG(s) 'flights_ops_medallion_pipe' retrieved from /opt/airflow/dags/flight-pipeline.py
[2026-05-03T09:35:40.356+0000] {logging_mixin.py:188} INFO - [2026-05-03T09:35:40.356+0000] {dag.py:3089} INFO - Sync 1 DAGs
[2026-05-03T09:35:40.395+0000] {logging_mixin.py:188} INFO - [2026-05-03T09:35:40.395+0000] {dag.py:3947} INFO - Setting next_dagrun for flights_ops_medallion_pipe to 2026-05-03 09:30:00+00:00, run_after=2026-05-03 10:00:00+00:00
[2026-05-03T09:35:40.429+0000] {processor.py:183} INFO - Processing /opt/airflow/dags/flight-pipeline.py took 1.386 seconds
[2026-05-03T09:36:10.646+0000] {processor.py:161} INFO - Started process (PID=14210) to work on /opt/airflow/dags/flight-pipeline.py
[2026-05-03T09:36:10.654+0000] {processor.py:830} INFO - Processing file /opt/airflow/dags/flight-pipeline.py for tasks to queue
[2026-05-03T09:36:10.655+0000] {logging_mixin.py:188} INFO - [2026-05-03T09:36:10.655+0000] {dagbag.py:545} INFO - Filling up the DagBag from /opt/airflow/dags/flight-pipeline.py
[2026-05-03T09:36:12.106+0000] {processor.py:840} INFO - DAG(s) 'flights_ops_medallion_pipe' retrieved from /opt/airflow/dags/flight-pipeline.py
[2026-05-03T09:36:12.170+0000] {logging_mixin.py:188} INFO - [2026-05-03T09:36:12.170+0000] {dag.py:3089} INFO - Sync 1 DAGs
[2026-05-03T09:36:12.680+0000] {logging_mixin.py:188} INFO - [2026-05-03T09:36:12.680+0000] {dag.py:3947} INFO - Setting next_dagrun for flights_ops_medallion_pipe to 2026-05-03 09:30:00+00:00, run_after=2026-05-03 10:00:00+00:00
[2026-05-03T09:36:12.701+0000] {processor.py:183} INFO - Processing /opt/airflow/dags/flight-pipeline.py took 2.068 seconds
[2026-05-03T09:36:42.864+0000] {processor.py:161} INFO - Started process (PID=14213) to work on /opt/airflow/dags/flight-pipeline.py
[2026-05-03T09:36:42.875+0000] {processor.py:830} INFO - Processing file /opt/airflow/dags/flight-pipeline.py for tasks to queue
[2026-05-03T09:36:42.878+0000] {logging_mixin.py:188} INFO - [2026-05-03T09:36:42.877+0000] {dagbag.py:545} INFO - Filling up the DagBag from /opt/airflow/dags/flight-pipeline.py
[2026-05-03T09:36:43.617+0000] {processor.py:840} INFO - DAG(s) 'flights_ops_medallion_pipe' retrieved from /opt/airflow/dags/flight-pipeline.py
[2026-05-03T09:36:43.941+0000] {logging_mixin.py:188} INFO - [2026-05-03T09:36:43.941+0000] {dag.py:3089} INFO - Sync 1 DAGs
[2026-05-03T09:36:43.968+0000] {logging_mixin.py:188} INFO - [2026-05-03T09:36:43.968+0000] {dag.py:3947} INFO - Setting next_dagrun for flights_ops_medallion_pipe to 2026-05-03 09:30:00+00:00, run_after=2026-05-03 10:00:00+00:00
[2026-05-03T09:36:43.989+0000] {processor.py:183} INFO - Processing /opt/airflow/dags/flight-pipeline.py took 1.134 seconds
[2026-05-03T09:37:14.122+0000] {processor.py:161} INFO - Started process (PID=14216) to work on /opt/airflow/dags/flight-pipeline.py
[2026-05-03T09:37:14.129+0000] {processor.py:830} INFO - Processing file /opt/airflow/dags/flight-pipeline.py for tasks to queue
[2026-05-03T09:37:14.130+0000] {logging_mixin.py:188} INFO - [2026-05-03T09:37:14.130+0000] {dagbag.py:545} INFO - Filling up the DagBag from /opt/airflow/dags/flight-pipeline.py
[2026-05-03T09:37:14.934+0000] {processor.py:840} INFO - DAG(s) 'flights_ops_medallion_pipe' retrieved from /opt/airflow/dags/flight-pipeline.py
[2026-05-03T09:37:15.127+0000] {logging_mixin.py:188} INFO - [2026-05-03T09:37:15.126+0000] {dag.py:3089} INFO - Sync 1 DAGs
[2026-05-03T09:37:15.148+0000] {logging_mixin.py:188} INFO - [2026-05-03T09:37:15.148+0000] {dag.py:3947} INFO - Setting next_dagrun for flights_ops_medallion_pipe to 2026-05-03 09:30:00+00:00, run_after=2026-05-03 10:00:00+00:00
[2026-05-03T09:37:15.167+0000] {processor.py:183} INFO - Processing /opt/airflow/dags/flight-pipeline.py took 1.053 seconds
[2026-05-03T09:37:45.388+0000] {processor.py:161} INFO - Started process (PID=14219) to work on /opt/airflow/dags/flight-pipeline.py
[2026-05-03T09:37:45.401+0000] {processor.py:830} INFO - Processing file /opt/airflow/dags/flight-pipeline.py for tasks to queue
[2026-05-03T09:37:45.403+0000] {logging_mixin.py:188} INFO - [2026-05-03T09:37:45.402+0000] {dagbag.py:545} INFO - Filling up the DagBag from /opt/airflow/dags/flight-pipeline.py
[2026-05-03T09:37:46.265+0000] {processor.py:840} INFO - DAG(s) 'flights_ops_medallion_pipe' retrieved from /opt/airflow/dags/flight-pipeline.py
[2026-05-03T09:37:46.295+0000] {logging_mixin.py:188} INFO - [2026-05-03T09:37:46.294+0000] {dag.py:3089} INFO - Sync 1 DAGs
[2026-05-03T09:37:46.317+0000] {logging_mixin.py:188} INFO - [2026-05-03T09:37:46.317+0000] {dag.py:3947} INFO - Setting next_dagrun for flights_ops_medallion_pipe to 2026-05-03 09:30:00+00:00, run_after=2026-05-03 10:00:00+00:00
[2026-05-03T09:37:46.335+0000] {processor.py:183} INFO - Processing /opt/airflow/dags/flight-pipeline.py took 0.956 seconds
[2026-05-03T09:38:16.537+0000] {processor.py:161} INFO - Started process (PID=14222) to work on /opt/airflow/dags/flight-pipeline.py
[2026-05-03T09:38:16.544+0000] {processor.py:830} INFO - Processing file /opt/airflow/dags/flight-pipeline.py for tasks to queue
[2026-05-03T09:38:16.545+0000] {logging_mixin.py:188} INFO - [2026-05-03T09:38:16.544+0000] {dagbag.py:545} INFO - Filling up the DagBag from /opt/airflow/dags/flight-pipeline.py
[2026-05-03T09:38:17.225+0000] {processor.py:840} INFO - DAG(s) 'flights_ops_medallion_pipe' retrieved from /opt/airflow/dags/flight-pipeline.py
[2026-05-03T09:38:17.259+0000] {logging_mixin.py:188} INFO - [2026-05-03T09:38:17.259+0000] {dag.py:3089} INFO - Sync 1 DAGs
[2026-05-03T09:38:17.285+0000] {logging_mixin.py:188} INFO - [2026-05-03T09:38:17.284+0000] {dag.py:3947} INFO - Setting next_dagrun for flights_ops_medallion_pipe to 2026-05-03 09:30:00+00:00, run_after=2026-05-03 10:00:00+00:00
[2026-05-03T09:38:17.304+0000] {processor.py:183} INFO - Processing /opt/airflow/dags/flight-pipeline.py took 0.776 seconds
[2026-05-03T09:38:47.570+0000] {processor.py:161} INFO - Started process (PID=14225) to work on /opt/airflow/dags/flight-pipeline.py
[2026-05-03T09:38:47.583+0000] {processor.py:830} INFO - Processing file /opt/airflow/dags/flight-pipeline.py for tasks to queue
[2026-05-03T09:38:47.585+0000] {logging_mixin.py:188} INFO - [2026-05-03T09:38:47.584+0000] {dagbag.py:545} INFO - Filling up the DagBag from /opt/airflow/dags/flight-pipeline.py
[2026-05-03T09:38:48.307+0000] {processor.py:840} INFO - DAG(s) 'flights_ops_medallion_pipe' retrieved from /opt/airflow/dags/flight-pipeline.py
[2026-05-03T09:38:48.344+0000] {logging_mixin.py:188} INFO - [2026-05-03T09:38:48.344+0000] {dag.py:3089} INFO - Sync 1 DAGs
[2026-05-03T09:38:48.370+0000] {logging_mixin.py:188} INFO - [2026-05-03T09:38:48.370+0000] {dag.py:3947} INFO - Setting next_dagrun for flights_ops_medallion_pipe to 2026-05-03 09:30:00+00:00, run_after=2026-05-03 10:00:00+00:00
[2026-05-03T09:38:48.547+0000] {processor.py:183} INFO - Processing /opt/airflow/dags/flight-pipeline.py took 0.993 seconds
[2026-05-03T09:39:18.831+0000] {processor.py:161} INFO - Started process (PID=14228) to work on /opt/airflow/dags/flight-pipeline.py
[2026-05-03T09:39:18.833+0000] {processor.py:830} INFO - Processing file /opt/airflow/dags/flight-pipeline.py for tasks to queue
[2026-05-03T09:39:18.835+0000] {logging_mixin.py:188} INFO - [2026-05-03T09:39:18.834+0000] {dagbag.py:545} INFO - Filling up the DagBag from /opt/airflow/dags/flight-pipeline.py
[2026-05-03T09:39:19.514+0000] {processor.py:840} INFO - DAG(s) 'flights_ops_medallion_pipe' retrieved from /opt/airflow/dags/flight-pipeline.py
[2026-05-03T09:39:19.550+0000] {logging_mixin.py:188} INFO - [2026-05-03T09:39:19.549+0000] {dag.py:3089} INFO - Sync 1 DAGs
[2026-05-03T09:39:19.722+0000] {logging_mixin.py:188} INFO - [2026-05-03T09:39:19.721+0000] {dag.py:3947} INFO - Setting next_dagrun for flights_ops_medallion_pipe to 2026-05-03 09:30:00+00:00, run_after=2026-05-03 10:00:00+00:00
[2026-05-03T09:39:19.739+0000] {processor.py:183} INFO - Processing /opt/airflow/dags/flight-pipeline.py took 0.919 seconds
[2026-05-03T09:39:50.004+0000] {processor.py:161} INFO - Started process (PID=14231) to work on /opt/airflow/dags/flight-pipeline.py
[2026-05-03T09:39:50.008+0000] {processor.py:830} INFO - Processing file /opt/airflow/dags/flight-pipeline.py for tasks to queue
[2026-05-03T09:39:50.011+0000] {logging_mixin.py:188} INFO - [2026-05-03T09:39:50.010+0000] {dagbag.py:545} INFO - Filling up the DagBag from /opt/airflow/dags/flight-pipeline.py
[2026-05-03T09:39:50.730+0000] {processor.py:840} INFO - DAG(s) 'flights_ops_medallion_pipe' retrieved from /opt/airflow/dags/flight-pipeline.py
[2026-05-03T09:39:50.922+0000] {logging_mixin.py:188} INFO - [2026-05-03T09:39:50.921+0000] {dag.py:3089} INFO - Sync 1 DAGs
[2026-05-03T09:39:50.944+0000] {logging_mixin.py:188} INFO - [2026-05-03T09:39:50.944+0000] {dag.py:3947} INFO - Setting next_dagrun for flights_ops_medallion_pipe to 2026-05-03 09:30:00+00:00, run_after=2026-05-03 10:00:00+00:00
[2026-05-03T09:39:50.962+0000] {processor.py:183} INFO - Processing /opt/airflow/dags/flight-pipeline.py took 0.969 seconds
[2026-05-03T09:55:51.302+0000] {processor.py:161} INFO - Started process (PID=14235) to work on /opt/airflow/dags/flight-pipeline.py
[2026-05-03T09:55:51.315+0000] {processor.py:830} INFO - Processing file /opt/airflow/dags/flight-pipeline.py for tasks to queue
[2026-05-03T09:55:51.324+0000] {logging_mixin.py:188} INFO - [2026-05-03T09:55:51.323+0000] {dagbag.py:545} INFO - Filling up the DagBag from /opt/airflow/dags/flight-pipeline.py
[2026-05-03T09:55:52.883+0000] {processor.py:840} INFO - DAG(s) 'flights_ops_medallion_pipe' retrieved from /opt/airflow/dags/flight-pipeline.py
[2026-05-03T09:55:53.162+0000] {logging_mixin.py:188} INFO - [2026-05-03T09:55:53.161+0000] {dag.py:3089} INFO - Sync 1 DAGs
[2026-05-03T09:55:53.198+0000] {logging_mixin.py:188} INFO - [2026-05-03T09:55:53.198+0000] {dag.py:3947} INFO - Setting next_dagrun for flights_ops_medallion_pipe to 2026-05-03 09:30:00+00:00, run_after=2026-05-03 10:00:00+00:00
[2026-05-03T09:55:53.220+0000] {processor.py:183} INFO - Processing /opt/airflow/dags/flight-pipeline.py took 1.936 seconds
[2026-05-03T09:56:24.492+0000] {processor.py:161} INFO - Started process (PID=14239) to work on /opt/airflow/dags/flight-pipeline.py
[2026-05-03T09:56:24.514+0000] {processor.py:830} INFO - Processing file /opt/airflow/dags/flight-pipeline.py for tasks to queue
[2026-05-03T09:56:24.526+0000] {logging_mixin.py:188} INFO - [2026-05-03T09:56:24.522+0000] {dagbag.py:545} INFO - Filling up the DagBag from /opt/airflow/dags/flight-pipeline.py
[2026-05-03T09:56:39.103+0000] {processor.py:840} INFO - DAG(s) 'flights_ops_medallion_pipe' retrieved from /opt/airflow/dags/flight-pipeline.py
[2026-05-03T09:56:39.664+0000] {logging_mixin.py:188} INFO - [2026-05-03T09:56:39.658+0000] {dag.py:3089} INFO - Sync 1 DAGs
[2026-05-03T09:56:39.986+0000] {logging_mixin.py:188} INFO - [2026-05-03T09:56:39.981+0000] {dag.py:3947} INFO - Setting next_dagrun for flights_ops_medallion_pipe to 2026-05-03 09:30:00+00:00, run_after=2026-05-03 10:00:00+00:00
[2026-05-03T09:56:40.306+0000] {processor.py:183} INFO - Processing /opt/airflow/dags/flight-pipeline.py took 15.931 seconds
[2026-05-03T09:57:10.644+0000] {processor.py:161} INFO - Started process (PID=14242) to work on /opt/airflow/dags/flight-pipeline.py
[2026-05-03T09:57:10.650+0000] {processor.py:830} INFO - Processing file /opt/airflow/dags/flight-pipeline.py for tasks to queue
[2026-05-03T09:57:10.652+0000] {logging_mixin.py:188} INFO - [2026-05-03T09:57:10.652+0000] {dagbag.py:545} INFO - Filling up the DagBag from /opt/airflow/dags/flight-pipeline.py
[2026-05-03T09:57:11.430+0000] {processor.py:840} INFO - DAG(s) 'flights_ops_medallion_pipe' retrieved from /opt/airflow/dags/flight-pipeline.py
[2026-05-03T09:57:11.468+0000] {logging_mixin.py:188} INFO - [2026-05-03T09:57:11.467+0000] {dag.py:3089} INFO - Sync 1 DAGs
[2026-05-03T09:57:11.494+0000] {logging_mixin.py:188} INFO - [2026-05-03T09:57:11.494+0000] {dag.py:3947} INFO - Setting next_dagrun for flights_ops_medallion_pipe to 2026-05-03 09:30:00+00:00, run_after=2026-05-03 10:00:00+00:00
[2026-05-03T09:57:11.518+0000] {processor.py:183} INFO - Processing /opt/airflow/dags/flight-pipeline.py took 0.885 seconds
[2026-05-03T09:57:41.730+0000] {processor.py:161} INFO - Started process (PID=14245) to work on /opt/airflow/dags/flight-pipeline.py
[2026-05-03T09:57:41.733+0000] {processor.py:830} INFO - Processing file /opt/airflow/dags/flight-pipeline.py for tasks to queue
[2026-05-03T09:57:41.734+0000] {logging_mixin.py:188} INFO - [2026-05-03T09:57:41.734+0000] {dagbag.py:545} INFO - Filling up the DagBag from /opt/airflow/dags/flight-pipeline.py
[2026-05-03T10:14:36.673+0000] {logging_mixin.py:188} INFO - [2026-05-03T10:14:36.600+0000] {timeout.py:68} ERROR - Process timed out, PID: 14245
[2026-05-03T10:15:08.274+0000] {processor.py:161} INFO - Started process (PID=14262) to work on /opt/airflow/dags/flight-pipeline.py
[2026-05-03T10:15:08.364+0000] {processor.py:830} INFO - Processing file /opt/airflow/dags/flight-pipeline.py for tasks to queue
[2026-05-03T10:15:08.394+0000] {logging_mixin.py:188} INFO - [2026-05-03T10:15:08.385+0000] {dagbag.py:545} INFO - Filling up the DagBag from /opt/airflow/dags/flight-pipeline.py
[2026-05-03T10:15:20.603+0000] {processor.py:840} INFO - DAG(s) 'flights_ops_medallion_pipe' retrieved from /opt/airflow/dags/flight-pipeline.py
[2026-05-03T10:15:21.070+0000] {logging_mixin.py:188} INFO - [2026-05-03T10:15:21.065+0000] {dag.py:3089} INFO - Sync 1 DAGs
[2026-05-03T10:15:22.848+0000] {logging_mixin.py:188} INFO - [2026-05-03T10:15:22.846+0000] {dag.py:3947} INFO - Setting next_dagrun for flights_ops_medallion_pipe to 2026-05-03 10:00:00+00:00, run_after=2026-05-03 10:30:00+00:00
[2026-05-03T10:15:23.040+0000] {processor.py:183} INFO - Processing /opt/airflow/dags/flight-pipeline.py took 14.958 seconds
[2026-05-03T10:15:53.659+0000] {processor.py:161} INFO - Started process (PID=14285) to work on /opt/airflow/dags/flight-pipeline.py
[2026-05-03T10:15:53.664+0000] {processor.py:830} INFO - Processing file /opt/airflow/dags/flight-pipeline.py for tasks to queue
[2026-05-03T10:15:53.666+0000] {logging_mixin.py:188} INFO - [2026-05-03T10:15:53.665+0000] {dagbag.py:545} INFO - Filling up the DagBag from /opt/airflow/dags/flight-pipeline.py
[2026-05-03T10:15:54.904+0000] {processor.py:840} INFO - DAG(s) 'flights_ops_medallion_pipe' retrieved from /opt/airflow/dags/flight-pipeline.py
[2026-05-03T10:15:55.241+0000] {logging_mixin.py:188} INFO - [2026-05-03T10:15:55.239+0000] {dag.py:3089} INFO - Sync 1 DAGs
[2026-05-03T10:15:55.308+0000] {logging_mixin.py:188} INFO - [2026-05-03T10:15:55.306+0000] {dag.py:3947} INFO - Setting next_dagrun for flights_ops_medallion_pipe to 2026-05-03 10:00:00+00:00, run_after=2026-05-03 10:30:00+00:00
[2026-05-03T10:15:55.378+0000] {processor.py:183} INFO - Processing /opt/airflow/dags/flight-pipeline.py took 1.731 seconds
[2026-05-03T10:16:25.651+0000] {processor.py:161} INFO - Started process (PID=14300) to work on /opt/airflow/dags/flight-pipeline.py
[2026-05-03T10:16:25.655+0000] {processor.py:830} INFO - Processing file /opt/airflow/dags/flight-pipeline.py for tasks to queue
[2026-05-03T10:16:25.657+0000] {logging_mixin.py:188} INFO - [2026-05-03T10:16:25.656+0000] {dagbag.py:545} INFO - Filling up the DagBag from /opt/airflow/dags/flight-pipeline.py
[2026-05-03T10:16:26.530+0000] {processor.py:840} INFO - DAG(s) 'flights_ops_medallion_pipe' retrieved from /opt/airflow/dags/flight-pipeline.py
[2026-05-03T10:16:26.576+0000] {logging_mixin.py:188} INFO - [2026-05-03T10:16:26.575+0000] {dag.py:3089} INFO - Sync 1 DAGs
[2026-05-03T10:16:26.606+0000] {logging_mixin.py:188} INFO - [2026-05-03T10:16:26.605+0000] {dag.py:3947} INFO - Setting next_dagrun for flights_ops_medallion_pipe to 2026-05-03 10:00:00+00:00, run_after=2026-05-03 10:30:00+00:00
[2026-05-03T10:16:26.641+0000] {processor.py:183} INFO - Processing /opt/airflow/dags/flight-pipeline.py took 1.007 seconds
[2026-05-03T10:16:56.887+0000] {processor.py:161} INFO - Started process (PID=14303) to work on /opt/airflow/dags/flight-pipeline.py
[2026-05-03T10:16:56.890+0000] {processor.py:830} INFO - Processing file /opt/airflow/dags/flight-pipeline.py for tasks to queue
[2026-05-03T10:16:56.891+0000] {logging_mixin.py:188} INFO - [2026-05-03T10:16:56.890+0000] {dagbag.py:545} INFO - Filling up the DagBag from /opt/airflow/dags/flight-pipeline.py
[2026-05-03T10:16:57.655+0000] {processor.py:840} INFO - DAG(s) 'flights_ops_medallion_pipe' retrieved from /opt/airflow/dags/flight-pipeline.py
[2026-05-03T10:16:57.692+0000] {logging_mixin.py:188} INFO - [2026-05-03T10:16:57.691+0000] {dag.py:3089} INFO - Sync 1 DAGs
[2026-05-03T10:16:57.718+0000] {logging_mixin.py:188} INFO - [2026-05-03T10:16:57.718+0000] {dag.py:3947} INFO - Setting next_dagrun for flights_ops_medallion_pipe to 2026-05-03 10:00:00+00:00, run_after=2026-05-03 10:30:00+00:00
[2026-05-03T10:16:57.740+0000] {processor.py:183} INFO - Processing /opt/airflow/dags/flight-pipeline.py took 0.861 seconds
[2026-05-03T10:17:28.009+0000] {processor.py:161} INFO - Started process (PID=14306) to work on /opt/airflow/dags/flight-pipeline.py
[2026-05-03T10:17:28.012+0000] {processor.py:830} INFO - Processing file /opt/airflow/dags/flight-pipeline.py for tasks to queue
[2026-05-03T10:17:28.013+0000] {logging_mixin.py:188} INFO - [2026-05-03T10:17:28.013+0000] {dagbag.py:545} INFO - Filling up the DagBag from /opt/airflow/dags/flight-pipeline.py
[2026-05-03T10:17:28.711+0000] {processor.py:840} INFO - DAG(s) 'flights_ops_medallion_pipe' retrieved from /opt/airflow/dags/flight-pipeline.py
[2026-05-03T10:17:28.749+0000] {logging_mixin.py:188} INFO - [2026-05-03T10:17:28.748+0000] {dag.py:3089} INFO - Sync 1 DAGs
[2026-05-03T10:17:28.776+0000] {logging_mixin.py:188} INFO - [2026-05-03T10:17:28.776+0000] {dag.py:3947} INFO - Setting next_dagrun for flights_ops_medallion_pipe to 2026-05-03 10:00:00+00:00, run_after=2026-05-03 10:30:00+00:00
[2026-05-03T10:17:28.973+0000] {processor.py:183} INFO - Processing /opt/airflow/dags/flight-pipeline.py took 0.974 seconds
[2026-05-03T10:17:59.253+0000] {processor.py:161} INFO - Started process (PID=14309) to work on /opt/airflow/dags/flight-pipeline.py
[2026-05-03T10:17:59.255+0000] {processor.py:830} INFO - Processing file /opt/airflow/dags/flight-pipeline.py for tasks to queue
[2026-05-03T10:17:59.256+0000] {logging_mixin.py:188} INFO - [2026-05-03T10:17:59.256+0000] {dagbag.py:545} INFO - Filling up the DagBag from /opt/airflow/dags/flight-pipeline.py
[2026-05-03T10:17:59.961+0000] {processor.py:840} INFO - DAG(s) 'flights_ops_medallion_pipe' retrieved from /opt/airflow/dags/flight-pipeline.py
[2026-05-03T10:17:59.997+0000] {logging_mixin.py:188} INFO - [2026-05-03T10:17:59.996+0000] {dag.py:3089} INFO - Sync 1 DAGs
[2026-05-03T10:18:00.180+0000] {logging_mixin.py:188} INFO - [2026-05-03T10:18:00.180+0000] {dag.py:3947} INFO - Setting next_dagrun for flights_ops_medallion_pipe to 2026-05-03 10:00:00+00:00, run_after=2026-05-03 10:30:00+00:00
[2026-05-03T10:18:00.199+0000] {processor.py:183} INFO - Processing /opt/airflow/dags/flight-pipeline.py took 0.956 seconds
[2026-05-03T10:18:30.850+0000] {processor.py:161} INFO - Started process (PID=14312) to work on /opt/airflow/dags/flight-pipeline.py
[2026-05-03T10:18:30.853+0000] {processor.py:830} INFO - Processing file /opt/airflow/dags/flight-pipeline.py for tasks to queue
[2026-05-03T10:18:30.855+0000] {logging_mixin.py:188} INFO - [2026-05-03T10:18:30.854+0000] {dagbag.py:545} INFO - Filling up the DagBag from /opt/airflow/dags/flight-pipeline.py
[2026-05-03T10:18:31.757+0000] {processor.py:840} INFO - DAG(s) 'flights_ops_medallion_pipe' retrieved from /opt/airflow/dags/flight-pipeline.py
[2026-05-03T10:18:32.077+0000] {logging_mixin.py:188} INFO - [2026-05-03T10:18:32.076+0000] {dag.py:3089} INFO - Sync 1 DAGs
[2026-05-03T10:18:32.099+0000] {logging_mixin.py:188} INFO - [2026-05-03T10:18:32.099+0000] {dag.py:3947} INFO - Setting next_dagrun for flights_ops_medallion_pipe to 2026-05-03 10:00:00+00:00, run_after=2026-05-03 10:30:00+00:00
[2026-05-03T10:18:32.119+0000] {processor.py:183} INFO - Processing /opt/airflow/dags/flight-pipeline.py took 1.287 seconds
[2026-05-03T10:19:02.497+0000] {processor.py:161} INFO - Started process (PID=14315) to work on /opt/airflow/dags/flight-pipeline.py
[2026-05-03T10:19:02.501+0000] {processor.py:830} INFO - Processing file /opt/airflow/dags/flight-pipeline.py for tasks to queue
[2026-05-03T10:19:02.503+0000] {logging_mixin.py:188} INFO - [2026-05-03T10:19:02.502+0000] {dagbag.py:545} INFO - Filling up the DagBag from /opt/airflow/dags/flight-pipeline.py
[2026-05-03T10:19:03.337+0000] {processor.py:840} INFO - DAG(s) 'flights_ops_medallion_pipe' retrieved from /opt/airflow/dags/flight-pipeline.py
[2026-05-03T10:19:03.655+0000] {logging_mixin.py:188} INFO - [2026-05-03T10:19:03.654+0000] {dag.py:3089} INFO - Sync 1 DAGs
[2026-05-03T10:19:03.681+0000] {logging_mixin.py:188} INFO - [2026-05-03T10:19:03.681+0000] {dag.py:3947} INFO - Setting next_dagrun for flights_ops_medallion_pipe to 2026-05-03 10:00:00+00:00, run_after=2026-05-03 10:30:00+00:00
[2026-05-03T10:19:03.702+0000] {processor.py:183} INFO - Processing /opt/airflow/dags/flight-pipeline.py took 1.230 seconds
[2026-05-03T10:19:33.783+0000] {processor.py:161} INFO - Started process (PID=14318) to work on /opt/airflow/dags/flight-pipeline.py
[2026-05-03T10:19:33.786+0000] {processor.py:830} INFO - Processing file /opt/airflow/dags/flight-pipeline.py for tasks to queue
[2026-05-03T10:19:33.789+0000] {logging_mixin.py:188} INFO - [2026-05-03T10:19:33.788+0000] {dagbag.py:545} INFO - Filling up the DagBag from /opt/airflow/dags/flight-pipeline.py
[2026-05-03T10:19:34.714+0000] {processor.py:840} INFO - DAG(s) 'flights_ops_medallion_pipe' retrieved from /opt/airflow/dags/flight-pipeline.py
[2026-05-03T10:19:34.747+0000] {logging_mixin.py:188} INFO - [2026-05-03T10:19:34.746+0000] {dag.py:3089} INFO - Sync 1 DAGs
[2026-05-03T10:19:34.768+0000] {logging_mixin.py:188} INFO - [2026-05-03T10:19:34.768+0000] {dag.py:3947} INFO - Setting next_dagrun for flights_ops_medallion_pipe to 2026-05-03 10:00:00+00:00, run_after=2026-05-03 10:30:00+00:00
[2026-05-03T10:19:34.786+0000] {processor.py:183} INFO - Processing /opt/airflow/dags/flight-pipeline.py took 1.017 seconds
[2026-05-03T10:20:05.063+0000] {processor.py:161} INFO - Started process (PID=14321) to work on /opt/airflow/dags/flight-pipeline.py
[2026-05-03T10:20:05.065+0000] {processor.py:830} INFO - Processing file /opt/airflow/dags/flight-pipeline.py for tasks to queue
[2026-05-03T10:20:05.067+0000] {logging_mixin.py:188} INFO - [2026-05-03T10:20:05.066+0000] {dagbag.py:545} INFO - Filling up the DagBag from /opt/airflow/dags/flight-pipeline.py
[2026-05-03T10:20:05.751+0000] {processor.py:840} INFO - DAG(s) 'flights_ops_medallion_pipe' retrieved from /opt/airflow/dags/flight-pipeline.py
[2026-05-03T10:20:05.784+0000] {logging_mixin.py:188} INFO - [2026-05-03T10:20:05.783+0000] {dag.py:3089} INFO - Sync 1 DAGs
[2026-05-03T10:20:05.809+0000] {logging_mixin.py:188} INFO - [2026-05-03T10:20:05.809+0000] {dag.py:3947} INFO - Setting next_dagrun for flights_ops_medallion_pipe to 2026-05-03 10:00:00+00:00, run_after=2026-05-03 10:30:00+00:00
[2026-05-03T10:20:05.830+0000] {processor.py:183} INFO - Processing /opt/airflow/dags/flight-pipeline.py took 0.775 seconds
[2026-05-03T10:20:36.123+0000] {processor.py:161} INFO - Started process (PID=14324) to work on /opt/airflow/dags/flight-pipeline.py
[2026-05-03T10:20:36.127+0000] {processor.py:830} INFO - Processing file /opt/airflow/dags/flight-pipeline.py for tasks to queue
[2026-05-03T10:20:36.128+0000] {logging_mixin.py:188} INFO - [2026-05-03T10:20:36.127+0000] {dagbag.py:545} INFO - Filling up the DagBag from /opt/airflow/dags/flight-pipeline.py
[2026-05-03T10:20:36.898+0000] {processor.py:840} INFO - DAG(s) 'flights_ops_medallion_pipe' retrieved from /opt/airflow/dags/flight-pipeline.py
[2026-05-03T10:20:36.936+0000] {logging_mixin.py:188} INFO - [2026-05-03T10:20:36.936+0000] {dag.py:3089} INFO - Sync 1 DAGs
[2026-05-03T10:20:36.963+0000] {logging_mixin.py:188} INFO - [2026-05-03T10:20:36.963+0000] {dag.py:3947} INFO - Setting next_dagrun for flights_ops_medallion_pipe to 2026-05-03 10:00:00+00:00, run_after=2026-05-03 10:30:00+00:00
[2026-05-03T10:20:37.174+0000] {processor.py:183} INFO - Processing /opt/airflow/dags/flight-pipeline.py took 1.061 seconds
[2026-05-03T10:21:07.398+0000] {processor.py:161} INFO - Started process (PID=14327) to work on /opt/airflow/dags/flight-pipeline.py
[2026-05-03T10:21:07.401+0000] {processor.py:830} INFO - Processing file /opt/airflow/dags/flight-pipeline.py for tasks to queue
[2026-05-03T10:21:07.402+0000] {logging_mixin.py:188} INFO - [2026-05-03T10:21:07.401+0000] {dagbag.py:545} INFO - Filling up the DagBag from /opt/airflow/dags/flight-pipeline.py
[2026-05-03T10:21:08.114+0000] {processor.py:840} INFO - DAG(s) 'flights_ops_medallion_pipe' retrieved from /opt/airflow/dags/flight-pipeline.py
[2026-05-03T10:21:08.148+0000] {logging_mixin.py:188} INFO - [2026-05-03T10:21:08.147+0000] {dag.py:3089} INFO - Sync 1 DAGs
[2026-05-03T10:21:08.387+0000] {logging_mixin.py:188} INFO - [2026-05-03T10:21:08.387+0000] {dag.py:3947} INFO - Setting next_dagrun for flights_ops_medallion_pipe to 2026-05-03 10:00:00+00:00, run_after=2026-05-03 10:30:00+00:00
[2026-05-03T10:21:08.416+0000] {processor.py:183} INFO - Processing /opt/airflow/dags/flight-pipeline.py took 1.030 seconds
[2026-05-03T10:21:38.665+0000] {processor.py:161} INFO - Started process (PID=14330) to work on /opt/airflow/dags/flight-pipeline.py
[2026-05-03T10:21:38.668+0000] {processor.py:830} INFO - Processing file /opt/airflow/dags/flight-pipeline.py for tasks to queue
[2026-05-03T10:21:38.669+0000] {logging_mixin.py:188} INFO - [2026-05-03T10:21:38.669+0000] {dagbag.py:545} INFO - Filling up the DagBag from /opt/airflow/dags/flight-pipeline.py
[2026-05-03T10:21:39.355+0000] {processor.py:840} INFO - DAG(s) 'flights_ops_medallion_pipe' retrieved from /opt/airflow/dags/flight-pipeline.py
[2026-05-03T10:21:39.533+0000] {logging_mixin.py:188} INFO - [2026-05-03T10:21:39.532+0000] {dag.py:3089} INFO - Sync 1 DAGs
[2026-05-03T10:21:39.555+0000] {logging_mixin.py:188} INFO - [2026-05-03T10:21:39.554+0000] {dag.py:3947} INFO - Setting next_dagrun for flights_ops_medallion_pipe to 2026-05-03 10:00:00+00:00, run_after=2026-05-03 10:30:00+00:00
[2026-05-03T10:21:39.573+0000] {processor.py:183} INFO - Processing /opt/airflow/dags/flight-pipeline.py took 0.925 seconds
[2026-05-03T10:22:09.846+0000] {processor.py:161} INFO - Started process (PID=14333) to work on /opt/airflow/dags/flight-pipeline.py
[2026-05-03T10:22:09.851+0000] {processor.py:830} INFO - Processing file /opt/airflow/dags/flight-pipeline.py for tasks to queue
[2026-05-03T10:22:09.853+0000] {logging_mixin.py:188} INFO - [2026-05-03T10:22:09.853+0000] {dagbag.py:545} INFO - Filling up the DagBag from /opt/airflow/dags/flight-pipeline.py
[2026-05-03T10:22:10.689+0000] {processor.py:840} INFO - DAG(s) 'flights_ops_medallion_pipe' retrieved from /opt/airflow/dags/flight-pipeline.py
[2026-05-03T10:22:10.721+0000] {logging_mixin.py:188} INFO - [2026-05-03T10:22:10.721+0000] {dag.py:3089} INFO - Sync 1 DAGs
[2026-05-03T10:22:10.741+0000] {logging_mixin.py:188} INFO - [2026-05-03T10:22:10.741+0000] {dag.py:3947} INFO - Setting next_dagrun for flights_ops_medallion_pipe to 2026-05-03 10:00:00+00:00, run_after=2026-05-03 10:30:00+00:00
[2026-05-03T10:22:10.759+0000] {processor.py:183} INFO - Processing /opt/airflow/dags/flight-pipeline.py took 0.931 seconds
[2026-05-03T10:22:41.039+0000] {processor.py:161} INFO - Started process (PID=14336) to work on /opt/airflow/dags/flight-pipeline.py
[2026-05-03T10:22:41.041+0000] {processor.py:830} INFO - Processing file /opt/airflow/dags/flight-pipeline.py for tasks to queue
[2026-05-03T10:22:41.043+0000] {logging_mixin.py:188} INFO - [2026-05-03T10:22:41.042+0000] {dagbag.py:545} INFO - Filling up the DagBag from /opt/airflow/dags/flight-pipeline.py
[2026-05-03T10:22:41.890+0000] {processor.py:840} INFO - DAG(s) 'flights_ops_medallion_pipe' retrieved from /opt/airflow/dags/flight-pipeline.py
[2026-05-03T10:22:41.921+0000] {logging_mixin.py:188} INFO - [2026-05-03T10:22:41.920+0000] {dag.py:3089} INFO - Sync 1 DAGs
[2026-05-03T10:22:41.941+0000] {logging_mixin.py:188} INFO - [2026-05-03T10:22:41.941+0000] {dag.py:3947} INFO - Setting next_dagrun for flights_ops_medallion_pipe to 2026-05-03 10:00:00+00:00, run_after=2026-05-03 10:30:00+00:00
[2026-05-03T10:22:41.960+0000] {processor.py:183} INFO - Processing /opt/airflow/dags/flight-pipeline.py took 0.930 seconds
[2026-05-03T10:23:12.239+0000] {processor.py:161} INFO - Started process (PID=14339) to work on /opt/airflow/dags/flight-pipeline.py
[2026-05-03T10:23:12.241+0000] {processor.py:830} INFO - Processing file /opt/airflow/dags/flight-pipeline.py for tasks to queue
[2026-05-03T10:23:12.243+0000] {logging_mixin.py:188} INFO - [2026-05-03T10:23:12.242+0000] {dagbag.py:545} INFO - Filling up the DagBag from /opt/airflow/dags/flight-pipeline.py
[2026-05-03T10:23:12.939+0000] {processor.py:840} INFO - DAG(s) 'flights_ops_medallion_pipe' retrieved from /opt/airflow/dags/flight-pipeline.py
[2026-05-03T10:23:12.984+0000] {logging_mixin.py:188} INFO - [2026-05-03T10:23:12.984+0000] {dag.py:3089} INFO - Sync 1 DAGs
[2026-05-03T10:23:13.008+0000] {logging_mixin.py:188} INFO - [2026-05-03T10:23:13.008+0000] {dag.py:3947} INFO - Setting next_dagrun for flights_ops_medallion_pipe to 2026-05-03 10:00:00+00:00, run_after=2026-05-03 10:30:00+00:00
[2026-05-03T10:23:13.030+0000] {processor.py:183} INFO - Processing /opt/airflow/dags/flight-pipeline.py took 0.800 seconds
[2026-05-03T10:23:43.297+0000] {processor.py:161} INFO - Started process (PID=14342) to work on /opt/airflow/dags/flight-pipeline.py
[2026-05-03T10:23:43.299+0000] {processor.py:830} INFO - Processing file /opt/airflow/dags/flight-pipeline.py for tasks to queue
[2026-05-03T10:23:43.300+0000] {logging_mixin.py:188} INFO - [2026-05-03T10:23:43.300+0000] {dagbag.py:545} INFO - Filling up the DagBag from /opt/airflow/dags/flight-pipeline.py
[2026-05-03T10:23:43.990+0000] {processor.py:840} INFO - DAG(s) 'flights_ops_medallion_pipe' retrieved from /opt/airflow/dags/flight-pipeline.py
[2026-05-03T10:23:44.025+0000] {logging_mixin.py:188} INFO - [2026-05-03T10:23:44.025+0000] {dag.py:3089} INFO - Sync 1 DAGs
[2026-05-03T10:23:44.203+0000] {logging_mixin.py:188} INFO - [2026-05-03T10:23:44.203+0000] {dag.py:3947} INFO - Setting next_dagrun for flights_ops_medallion_pipe to 2026-05-03 10:00:00+00:00, run_after=2026-05-03 10:30:00+00:00
[2026-05-03T10:23:44.224+0000] {processor.py:183} INFO - Processing /opt/airflow/dags/flight-pipeline.py took 0.938 seconds
[2026-05-03T10:24:14.500+0000] {processor.py:161} INFO - Started process (PID=14345) to work on /opt/airflow/dags/flight-pipeline.py
[2026-05-03T10:24:14.503+0000] {processor.py:830} INFO - Processing file /opt/airflow/dags/flight-pipeline.py for tasks to queue
[2026-05-03T10:24:14.504+0000] {logging_mixin.py:188} INFO - [2026-05-03T10:24:14.504+0000] {dagbag.py:545} INFO - Filling up the DagBag from /opt/airflow/dags/flight-pipeline.py
[2026-05-03T10:24:15.203+0000] {processor.py:840} INFO - DAG(s) 'flights_ops_medallion_pipe' retrieved from /opt/airflow/dags/flight-pipeline.py
[2026-05-03T10:24:15.238+0000] {logging_mixin.py:188} INFO - [2026-05-03T10:24:15.238+0000] {dag.py:3089} INFO - Sync 1 DAGs
[2026-05-03T10:24:15.410+0000] {logging_mixin.py:188} INFO - [2026-05-03T10:24:15.410+0000] {dag.py:3947} INFO - Setting next_dagrun for flights_ops_medallion_pipe to 2026-05-03 10:00:00+00:00, run_after=2026-05-03 10:30:00+00:00
[2026-05-03T10:24:15.428+0000] {processor.py:183} INFO - Processing /opt/airflow/dags/flight-pipeline.py took 0.938 seconds
[2026-05-03T10:24:45.700+0000] {processor.py:161} INFO - Started process (PID=14348) to work on /opt/airflow/dags/flight-pipeline.py
[2026-05-03T10:24:45.703+0000] {processor.py:830} INFO - Processing file /opt/airflow/dags/flight-pipeline.py for tasks to queue
[2026-05-03T10:24:45.704+0000] {logging_mixin.py:188} INFO - [2026-05-03T10:24:45.703+0000] {dagbag.py:545} INFO - Filling up the DagBag from /opt/airflow/dags/flight-pipeline.py
[2026-05-03T10:24:46.448+0000] {processor.py:840} INFO - DAG(s) 'flights_ops_medallion_pipe' retrieved from /opt/airflow/dags/flight-pipeline.py
[2026-05-03T10:24:46.624+0000] {logging_mixin.py:188} INFO - [2026-05-03T10:24:46.623+0000] {dag.py:3089} INFO - Sync 1 DAGs
[2026-05-03T10:24:46.644+0000] {logging_mixin.py:188} INFO - [2026-05-03T10:24:46.644+0000] {dag.py:3947} INFO - Setting next_dagrun for flights_ops_medallion_pipe to 2026-05-03 10:00:00+00:00, run_after=2026-05-03 10:30:00+00:00
[2026-05-03T10:24:46.662+0000] {processor.py:183} INFO - Processing /opt/airflow/dags/flight-pipeline.py took 0.971 seconds
[2026-05-03T10:25:16.927+0000] {processor.py:161} INFO - Started process (PID=14351) to work on /opt/airflow/dags/flight-pipeline.py
[2026-05-03T10:25:16.929+0000] {processor.py:830} INFO - Processing file /opt/airflow/dags/flight-pipeline.py for tasks to queue
[2026-05-03T10:25:16.931+0000] {logging_mixin.py:188} INFO - [2026-05-03T10:25:16.930+0000] {dagbag.py:545} INFO - Filling up the DagBag from /opt/airflow/dags/flight-pipeline.py
[2026-05-03T10:25:17.788+0000] {processor.py:840} INFO - DAG(s) 'flights_ops_medallion_pipe' retrieved from /opt/airflow/dags/flight-pipeline.py
[2026-05-03T10:25:17.819+0000] {logging_mixin.py:188} INFO - [2026-05-03T10:25:17.819+0000] {dag.py:3089} INFO - Sync 1 DAGs
[2026-05-03T10:25:17.839+0000] {logging_mixin.py:188} INFO - [2026-05-03T10:25:17.838+0000] {dag.py:3947} INFO - Setting next_dagrun for flights_ops_medallion_pipe to 2026-05-03 10:00:00+00:00, run_after=2026-05-03 10:30:00+00:00
[2026-05-03T10:25:17.857+0000] {processor.py:183} INFO - Processing /opt/airflow/dags/flight-pipeline.py took 0.942 seconds
[2026-05-03T10:25:48.142+0000] {processor.py:161} INFO - Started process (PID=14354) to work on /opt/airflow/dags/flight-pipeline.py
[2026-05-03T10:25:48.144+0000] {processor.py:830} INFO - Processing file /opt/airflow/dags/flight-pipeline.py for tasks to queue
[2026-05-03T10:25:48.146+0000] {logging_mixin.py:188} INFO - [2026-05-03T10:25:48.145+0000] {dagbag.py:545} INFO - Filling up the DagBag from /opt/airflow/dags/flight-pipeline.py
[2026-05-03T10:25:49.026+0000] {processor.py:840} INFO - DAG(s) 'flights_ops_medallion_pipe' retrieved from /opt/airflow/dags/flight-pipeline.py
[2026-05-03T10:25:49.057+0000] {logging_mixin.py:188} INFO - [2026-05-03T10:25:49.057+0000] {dag.py:3089} INFO - Sync 1 DAGs
[2026-05-03T10:25:49.083+0000] {logging_mixin.py:188} INFO - [2026-05-03T10:25:49.082+0000] {dag.py:3947} INFO - Setting next_dagrun for flights_ops_medallion_pipe to 2026-05-03 10:00:00+00:00, run_after=2026-05-03 10:30:00+00:00
[2026-05-03T10:25:49.102+0000] {processor.py:183} INFO - Processing /opt/airflow/dags/flight-pipeline.py took 0.969 seconds
[2026-05-03T10:26:19.384+0000] {processor.py:161} INFO - Started process (PID=14357) to work on /opt/airflow/dags/flight-pipeline.py
[2026-05-03T10:26:19.386+0000] {processor.py:830} INFO - Processing file /opt/airflow/dags/flight-pipeline.py for tasks to queue
[2026-05-03T10:26:19.388+0000] {logging_mixin.py:188} INFO - [2026-05-03T10:26:19.387+0000] {dagbag.py:545} INFO - Filling up the DagBag from /opt/airflow/dags/flight-pipeline.py
[2026-05-03T10:26:20.079+0000] {processor.py:840} INFO - DAG(s) 'flights_ops_medallion_pipe' retrieved from /opt/airflow/dags/flight-pipeline.py
[2026-05-03T10:26:20.115+0000] {logging_mixin.py:188} INFO - [2026-05-03T10:26:20.114+0000] {dag.py:3089} INFO - Sync 1 DAGs
[2026-05-03T10:26:20.139+0000] {logging_mixin.py:188} INFO - [2026-05-03T10:26:20.139+0000] {dag.py:3947} INFO - Setting next_dagrun for flights_ops_medallion_pipe to 2026-05-03 10:00:00+00:00, run_after=2026-05-03 10:30:00+00:00
[2026-05-03T10:26:20.159+0000] {processor.py:183} INFO - Processing /opt/airflow/dags/flight-pipeline.py took 0.785 seconds
[2026-05-03T10:26:50.424+0000] {processor.py:161} INFO - Started process (PID=14360) to work on /opt/airflow/dags/flight-pipeline.py
[2026-05-03T10:26:50.427+0000] {processor.py:830} INFO - Processing file /opt/airflow/dags/flight-pipeline.py for tasks to queue
[2026-05-03T10:26:50.428+0000] {logging_mixin.py:188} INFO - [2026-05-03T10:26:50.427+0000] {dagbag.py:545} INFO - Filling up the DagBag from /opt/airflow/dags/flight-pipeline.py
[2026-05-03T10:26:51.098+0000] {processor.py:840} INFO - DAG(s) 'flights_ops_medallion_pipe' retrieved from /opt/airflow/dags/flight-pipeline.py
[2026-05-03T10:26:51.134+0000] {logging_mixin.py:188} INFO - [2026-05-03T10:26:51.133+0000] {dag.py:3089} INFO - Sync 1 DAGs
[2026-05-03T10:26:51.300+0000] {logging_mixin.py:188} INFO - [2026-05-03T10:26:51.300+0000] {dag.py:3947} INFO - Setting next_dagrun for flights_ops_medallion_pipe to 2026-05-03 10:00:00+00:00, run_after=2026-05-03 10:30:00+00:00
[2026-05-03T10:26:51.319+0000] {processor.py:183} INFO - Processing /opt/airflow/dags/flight-pipeline.py took 0.904 seconds
[2026-05-03T10:27:21.576+0000] {processor.py:161} INFO - Started process (PID=14363) to work on /opt/airflow/dags/flight-pipeline.py
[2026-05-03T10:27:21.578+0000] {processor.py:830} INFO - Processing file /opt/airflow/dags/flight-pipeline.py for tasks to queue
[2026-05-03T10:27:21.579+0000] {logging_mixin.py:188} INFO - [2026-05-03T10:27:21.579+0000] {dagbag.py:545} INFO - Filling up the DagBag from /opt/airflow/dags/flight-pipeline.py
[2026-05-03T10:27:22.273+0000] {processor.py:840} INFO - DAG(s) 'flights_ops_medallion_pipe' retrieved from /opt/airflow/dags/flight-pipeline.py
[2026-05-03T10:27:22.310+0000] {logging_mixin.py:188} INFO - [2026-05-03T10:27:22.310+0000] {dag.py:3089} INFO - Sync 1 DAGs
[2026-05-03T10:27:22.478+0000] {logging_mixin.py:188} INFO - [2026-05-03T10:27:22.478+0000] {dag.py:3947} INFO - Setting next_dagrun for flights_ops_medallion_pipe to 2026-05-03 10:00:00+00:00, run_after=2026-05-03 10:30:00+00:00
[2026-05-03T10:27:22.497+0000] {processor.py:183} INFO - Processing /opt/airflow/dags/flight-pipeline.py took 0.931 seconds
[2026-05-03T10:27:52.749+0000] {processor.py:161} INFO - Started process (PID=14366) to work on /opt/airflow/dags/flight-pipeline.py
[2026-05-03T10:27:52.752+0000] {processor.py:830} INFO - Processing file /opt/airflow/dags/flight-pipeline.py for tasks to queue
[2026-05-03T10:27:52.753+0000] {logging_mixin.py:188} INFO - [2026-05-03T10:27:52.753+0000] {dagbag.py:545} INFO - Filling up the DagBag from /opt/airflow/dags/flight-pipeline.py
[2026-05-03T10:27:53.426+0000] {processor.py:840} INFO - DAG(s) 'flights_ops_medallion_pipe' retrieved from /opt/airflow/dags/flight-pipeline.py
[2026-05-03T10:27:53.601+0000] {logging_mixin.py:188} INFO - [2026-05-03T10:27:53.601+0000] {dag.py:3089} INFO - Sync 1 DAGs
[2026-05-03T10:27:53.622+0000] {logging_mixin.py:188} INFO - [2026-05-03T10:27:53.622+0000] {dag.py:3947} INFO - Setting next_dagrun for flights_ops_medallion_pipe to 2026-05-03 10:00:00+00:00, run_after=2026-05-03 10:30:00+00:00
[2026-05-03T10:27:53.640+0000] {processor.py:183} INFO - Processing /opt/airflow/dags/flight-pipeline.py took 0.900 seconds
[2026-05-03T10:28:23.889+0000] {processor.py:161} INFO - Started process (PID=14369) to work on /opt/airflow/dags/flight-pipeline.py
[2026-05-03T10:28:23.891+0000] {processor.py:830} INFO - Processing file /opt/airflow/dags/flight-pipeline.py for tasks to queue
[2026-05-03T10:28:23.892+0000] {logging_mixin.py:188} INFO - [2026-05-03T10:28:23.892+0000] {dagbag.py:545} INFO - Filling up the DagBag from /opt/airflow/dags/flight-pipeline.py
[2026-05-03T10:28:24.707+0000] {processor.py:840} INFO - DAG(s) 'flights_ops_medallion_pipe' retrieved from /opt/airflow/dags/flight-pipeline.py
[2026-05-03T10:28:24.738+0000] {logging_mixin.py:188} INFO - [2026-05-03T10:28:24.737+0000] {dag.py:3089} INFO - Sync 1 DAGs
[2026-05-03T10:28:24.758+0000] {logging_mixin.py:188} INFO - [2026-05-03T10:28:24.757+0000] {dag.py:3947} INFO - Setting next_dagrun for flights_ops_medallion_pipe to 2026-05-03 10:00:00+00:00, run_after=2026-05-03 10:30:00+00:00
[2026-05-03T10:28:24.775+0000] {processor.py:183} INFO - Processing /opt/airflow/dags/flight-pipeline.py took 0.895 seconds
[2026-05-03T10:28:55.034+0000] {processor.py:161} INFO - Started process (PID=14372) to work on /opt/airflow/dags/flight-pipeline.py
[2026-05-03T10:28:55.036+0000] {processor.py:830} INFO - Processing file /opt/airflow/dags/flight-pipeline.py for tasks to queue
[2026-05-03T10:28:55.037+0000] {logging_mixin.py:188} INFO - [2026-05-03T10:28:55.037+0000] {dagbag.py:545} INFO - Filling up the DagBag from /opt/airflow/dags/flight-pipeline.py
[2026-05-03T10:28:55.886+0000] {processor.py:840} INFO - DAG(s) 'flights_ops_medallion_pipe' retrieved from /opt/airflow/dags/flight-pipeline.py
[2026-05-03T10:28:55.921+0000] {logging_mixin.py:188} INFO - [2026-05-03T10:28:55.921+0000] {dag.py:3089} INFO - Sync 1 DAGs
[2026-05-03T10:28:55.943+0000] {logging_mixin.py:188} INFO - [2026-05-03T10:28:55.943+0000] {dag.py:3947} INFO - Setting next_dagrun for flights_ops_medallion_pipe to 2026-05-03 10:00:00+00:00, run_after=2026-05-03 10:30:00+00:00
[2026-05-03T10:28:55.963+0000] {processor.py:183} INFO - Processing /opt/airflow/dags/flight-pipeline.py took 0.939 seconds
[2026-05-03T10:29:26.228+0000] {processor.py:161} INFO - Started process (PID=14375) to work on /opt/airflow/dags/flight-pipeline.py
[2026-05-03T10:29:26.231+0000] {processor.py:830} INFO - Processing file /opt/airflow/dags/flight-pipeline.py for tasks to queue
[2026-05-03T10:29:26.232+0000] {logging_mixin.py:188} INFO - [2026-05-03T10:29:26.232+0000] {dagbag.py:545} INFO - Filling up the DagBag from /opt/airflow/dags/flight-pipeline.py
[2026-05-03T10:29:26.960+0000] {processor.py:840} INFO - DAG(s) 'flights_ops_medallion_pipe' retrieved from /opt/airflow/dags/flight-pipeline.py
[2026-05-03T10:29:26.995+0000] {logging_mixin.py:188} INFO - [2026-05-03T10:29:26.994+0000] {dag.py:3089} INFO - Sync 1 DAGs
[2026-05-03T10:29:27.022+0000] {logging_mixin.py:188} INFO - [2026-05-03T10:29:27.021+0000] {dag.py:3947} INFO - Setting next_dagrun for flights_ops_medallion_pipe to 2026-05-03 10:00:00+00:00, run_after=2026-05-03 10:30:00+00:00
[2026-05-03T10:29:27.196+0000] {processor.py:183} INFO - Processing /opt/airflow/dags/flight-pipeline.py took 0.978 seconds
[2026-05-03T10:29:57.452+0000] {processor.py:161} INFO - Started process (PID=14378) to work on /opt/airflow/dags/flight-pipeline.py
[2026-05-03T10:29:57.455+0000] {processor.py:830} INFO - Processing file /opt/airflow/dags/flight-pipeline.py for tasks to queue
[2026-05-03T10:29:57.456+0000] {logging_mixin.py:188} INFO - [2026-05-03T10:29:57.456+0000] {dagbag.py:545} INFO - Filling up the DagBag from /opt/airflow/dags/flight-pipeline.py
[2026-05-03T10:29:58.164+0000] {processor.py:840} INFO - DAG(s) 'flights_ops_medallion_pipe' retrieved from /opt/airflow/dags/flight-pipeline.py
[2026-05-03T10:29:58.197+0000] {logging_mixin.py:188} INFO - [2026-05-03T10:29:58.196+0000] {dag.py:3089} INFO - Sync 1 DAGs
[2026-05-03T10:29:58.368+0000] {logging_mixin.py:188} INFO - [2026-05-03T10:29:58.367+0000] {dag.py:3947} INFO - Setting next_dagrun for flights_ops_medallion_pipe to 2026-05-03 10:00:00+00:00, run_after=2026-05-03 10:30:00+00:00
[2026-05-03T10:29:58.387+0000] {processor.py:183} INFO - Processing /opt/airflow/dags/flight-pipeline.py took 0.944 seconds
[2026-05-03T10:30:28.611+0000] {processor.py:161} INFO - Started process (PID=14415) to work on /opt/airflow/dags/flight-pipeline.py
[2026-05-03T10:30:28.614+0000] {processor.py:830} INFO - Processing file /opt/airflow/dags/flight-pipeline.py for tasks to queue
[2026-05-03T10:30:28.615+0000] {logging_mixin.py:188} INFO - [2026-05-03T10:30:28.615+0000] {dagbag.py:545} INFO - Filling up the DagBag from /opt/airflow/dags/flight-pipeline.py
[2026-05-03T10:30:30.024+0000] {processor.py:840} INFO - DAG(s) 'flights_ops_medallion_pipe' retrieved from /opt/airflow/dags/flight-pipeline.py
[2026-05-03T10:30:30.847+0000] {logging_mixin.py:188} INFO - [2026-05-03T10:30:30.845+0000] {dag.py:3089} INFO - Sync 1 DAGs
[2026-05-03T10:30:30.888+0000] {logging_mixin.py:188} INFO - [2026-05-03T10:30:30.888+0000] {dag.py:3947} INFO - Setting next_dagrun for flights_ops_medallion_pipe to 2026-05-03 10:30:00+00:00, run_after=2026-05-03 11:00:00+00:00
[2026-05-03T10:30:30.979+0000] {processor.py:183} INFO - Processing /opt/airflow/dags/flight-pipeline.py took 2.380 seconds
[2026-05-03T10:31:01.280+0000] {processor.py:161} INFO - Started process (PID=14428) to work on /opt/airflow/dags/flight-pipeline.py
[2026-05-03T10:31:01.283+0000] {processor.py:830} INFO - Processing file /opt/airflow/dags/flight-pipeline.py for tasks to queue
[2026-05-03T10:31:01.284+0000] {logging_mixin.py:188} INFO - [2026-05-03T10:31:01.283+0000] {dagbag.py:545} INFO - Filling up the DagBag from /opt/airflow/dags/flight-pipeline.py
[2026-05-03T10:31:01.968+0000] {processor.py:840} INFO - DAG(s) 'flights_ops_medallion_pipe' retrieved from /opt/airflow/dags/flight-pipeline.py
[2026-05-03T10:31:02.407+0000] {logging_mixin.py:188} INFO - [2026-05-03T10:31:02.406+0000] {dag.py:3089} INFO - Sync 1 DAGs
[2026-05-03T10:31:02.443+0000] {logging_mixin.py:188} INFO - [2026-05-03T10:31:02.443+0000] {dag.py:3947} INFO - Setting next_dagrun for flights_ops_medallion_pipe to 2026-05-03 10:30:00+00:00, run_after=2026-05-03 11:00:00+00:00
[2026-05-03T10:31:02.463+0000] {processor.py:183} INFO - Processing /opt/airflow/dags/flight-pipeline.py took 1.193 seconds
[2026-05-03T10:31:32.531+0000] {processor.py:161} INFO - Started process (PID=14431) to work on /opt/airflow/dags/flight-pipeline.py
[2026-05-03T10:31:32.533+0000] {processor.py:830} INFO - Processing file /opt/airflow/dags/flight-pipeline.py for tasks to queue
[2026-05-03T10:31:32.536+0000] {logging_mixin.py:188} INFO - [2026-05-03T10:31:32.534+0000] {dagbag.py:545} INFO - Filling up the DagBag from /opt/airflow/dags/flight-pipeline.py
[2026-05-03T10:31:33.426+0000] {processor.py:840} INFO - DAG(s) 'flights_ops_medallion_pipe' retrieved from /opt/airflow/dags/flight-pipeline.py
[2026-05-03T10:31:33.457+0000] {logging_mixin.py:188} INFO - [2026-05-03T10:31:33.456+0000] {dag.py:3089} INFO - Sync 1 DAGs
[2026-05-03T10:31:33.476+0000] {logging_mixin.py:188} INFO - [2026-05-03T10:31:33.476+0000] {dag.py:3947} INFO - Setting next_dagrun for flights_ops_medallion_pipe to 2026-05-03 10:30:00+00:00, run_after=2026-05-03 11:00:00+00:00
[2026-05-03T10:31:33.494+0000] {processor.py:183} INFO - Processing /opt/airflow/dags/flight-pipeline.py took 0.975 seconds
[2026-05-03T10:33:46.662+0000] {processor.py:161} INFO - Started process (PID=14434) to work on /opt/airflow/dags/flight-pipeline.py
[2026-05-03T10:33:46.666+0000] {processor.py:830} INFO - Processing file /opt/airflow/dags/flight-pipeline.py for tasks to queue
[2026-05-03T10:33:46.675+0000] {logging_mixin.py:188} INFO - [2026-05-03T10:33:46.672+0000] {dagbag.py:545} INFO - Filling up the DagBag from /opt/airflow/dags/flight-pipeline.py
[2026-05-03T10:33:49.953+0000] {processor.py:840} INFO - DAG(s) 'flights_ops_medallion_pipe' retrieved from /opt/airflow/dags/flight-pipeline.py
[2026-05-03T10:33:50.026+0000] {logging_mixin.py:188} INFO - [2026-05-03T10:33:50.026+0000] {dag.py:3089} INFO - Sync 1 DAGs
[2026-05-03T10:33:50.081+0000] {logging_mixin.py:188} INFO - [2026-05-03T10:33:50.081+0000] {dag.py:3947} INFO - Setting next_dagrun for flights_ops_medallion_pipe to 2026-05-03 10:30:00+00:00, run_after=2026-05-03 11:00:00+00:00
[2026-05-03T10:33:50.113+0000] {processor.py:183} INFO - Processing /opt/airflow/dags/flight-pipeline.py took 3.512 seconds
[2026-05-03T10:34:21.277+0000] {processor.py:161} INFO - Started process (PID=14438) to work on /opt/airflow/dags/flight-pipeline.py
[2026-05-03T10:34:21.310+0000] {processor.py:830} INFO - Processing file /opt/airflow/dags/flight-pipeline.py for tasks to queue
[2026-05-03T10:34:21.328+0000] {logging_mixin.py:188} INFO - [2026-05-03T10:34:21.320+0000] {dagbag.py:545} INFO - Filling up the DagBag from /opt/airflow/dags/flight-pipeline.py
[2026-05-03T10:34:42.561+0000] {processor.py:840} INFO - DAG(s) 'flights_ops_medallion_pipe' retrieved from /opt/airflow/dags/flight-pipeline.py
[2026-05-03T10:34:42.988+0000] {logging_mixin.py:188} INFO - [2026-05-03T10:34:42.982+0000] {dag.py:3089} INFO - Sync 1 DAGs
[2026-05-03T10:34:43.266+0000] {logging_mixin.py:188} INFO - [2026-05-03T10:34:43.263+0000] {dag.py:3947} INFO - Setting next_dagrun for flights_ops_medallion_pipe to 2026-05-03 10:30:00+00:00, run_after=2026-05-03 11:00:00+00:00
[2026-05-03T10:34:43.524+0000] {processor.py:183} INFO - Processing /opt/airflow/dags/flight-pipeline.py took 22.407 seconds
[2026-05-03T10:52:16.827+0000] {processor.py:161} INFO - Started process (PID=14441) to work on /opt/airflow/dags/flight-pipeline.py
[2026-05-03T10:52:16.834+0000] {processor.py:830} INFO - Processing file /opt/airflow/dags/flight-pipeline.py for tasks to queue
[2026-05-03T10:52:16.836+0000] {logging_mixin.py:188} INFO - [2026-05-03T10:52:16.835+0000] {dagbag.py:545} INFO - Filling up the DagBag from /opt/airflow/dags/flight-pipeline.py
[2026-05-03T10:52:18.647+0000] {processor.py:840} INFO - DAG(s) 'flights_ops_medallion_pipe' retrieved from /opt/airflow/dags/flight-pipeline.py
[2026-05-03T10:52:18.785+0000] {logging_mixin.py:188} INFO - [2026-05-03T10:52:18.782+0000] {dag.py:3089} INFO - Sync 1 DAGs
[2026-05-03T10:52:19.838+0000] {logging_mixin.py:188} INFO - [2026-05-03T10:52:19.837+0000] {dag.py:3947} INFO - Setting next_dagrun for flights_ops_medallion_pipe to 2026-05-03 10:30:00+00:00, run_after=2026-05-03 11:00:00+00:00
[2026-05-03T10:52:19.878+0000] {processor.py:183} INFO - Processing /opt/airflow/dags/flight-pipeline.py took 3.166 seconds
[2026-05-03T10:52:51.397+0000] {processor.py:161} INFO - Started process (PID=14444) to work on /opt/airflow/dags/flight-pipeline.py
[2026-05-03T10:52:51.428+0000] {processor.py:830} INFO - Processing file /opt/airflow/dags/flight-pipeline.py for tasks to queue
[2026-05-03T10:52:51.447+0000] {logging_mixin.py:188} INFO - [2026-05-03T10:52:51.438+0000] {dagbag.py:545} INFO - Filling up the DagBag from /opt/airflow/dags/flight-pipeline.py
[2026-05-03T10:53:07.649+0000] {processor.py:840} INFO - DAG(s) 'flights_ops_medallion_pipe' retrieved from /opt/airflow/dags/flight-pipeline.py
[2026-05-03T10:53:08.287+0000] {logging_mixin.py:188} INFO - [2026-05-03T10:53:08.282+0000] {dag.py:3089} INFO - Sync 1 DAGs
[2026-05-03T10:53:11.500+0000] {logging_mixin.py:188} INFO - [2026-05-03T10:53:11.496+0000] {dag.py:3947} INFO - Setting next_dagrun for flights_ops_medallion_pipe to 2026-05-03 10:30:00+00:00, run_after=2026-05-03 11:00:00+00:00
[2026-05-03T10:53:11.707+0000] {processor.py:183} INFO - Processing /opt/airflow/dags/flight-pipeline.py took 20.441 seconds
[2026-05-03T10:53:42.465+0000] {processor.py:161} INFO - Started process (PID=14447) to work on /opt/airflow/dags/flight-pipeline.py
[2026-05-03T10:53:42.467+0000] {processor.py:830} INFO - Processing file /opt/airflow/dags/flight-pipeline.py for tasks to queue
[2026-05-03T10:53:42.469+0000] {logging_mixin.py:188} INFO - [2026-05-03T10:53:42.469+0000] {dagbag.py:545} INFO - Filling up the DagBag from /opt/airflow/dags/flight-pipeline.py
[2026-05-03T10:53:43.216+0000] {processor.py:840} INFO - DAG(s) 'flights_ops_medallion_pipe' retrieved from /opt/airflow/dags/flight-pipeline.py
[2026-05-03T10:53:43.436+0000] {logging_mixin.py:188} INFO - [2026-05-03T10:53:43.435+0000] {dag.py:3089} INFO - Sync 1 DAGs
[2026-05-03T10:53:43.459+0000] {logging_mixin.py:188} INFO - [2026-05-03T10:53:43.459+0000] {dag.py:3947} INFO - Setting next_dagrun for flights_ops_medallion_pipe to 2026-05-03 10:30:00+00:00, run_after=2026-05-03 11:00:00+00:00
[2026-05-03T10:53:43.480+0000] {processor.py:183} INFO - Processing /opt/airflow/dags/flight-pipeline.py took 1.024 seconds
[2026-05-03T10:54:14.006+0000] {processor.py:161} INFO - Started process (PID=14450) to work on /opt/airflow/dags/flight-pipeline.py
[2026-05-03T10:54:14.010+0000] {processor.py:830} INFO - Processing file /opt/airflow/dags/flight-pipeline.py for tasks to queue
[2026-05-03T10:54:14.012+0000] {logging_mixin.py:188} INFO - [2026-05-03T10:54:14.011+0000] {dagbag.py:545} INFO - Filling up the DagBag from /opt/airflow/dags/flight-pipeline.py
[2026-05-03T10:54:15.045+0000] {processor.py:840} INFO - DAG(s) 'flights_ops_medallion_pipe' retrieved from /opt/airflow/dags/flight-pipeline.py
[2026-05-03T10:54:15.093+0000] {logging_mixin.py:188} INFO - [2026-05-03T10:54:15.092+0000] {dag.py:3089} INFO - Sync 1 DAGs
[2026-05-03T10:54:15.125+0000] {logging_mixin.py:188} INFO - [2026-05-03T10:54:15.125+0000] {dag.py:3947} INFO - Setting next_dagrun for flights_ops_medallion_pipe to 2026-05-03 10:30:00+00:00, run_after=2026-05-03 11:00:00+00:00
[2026-05-03T10:54:15.147+0000] {processor.py:183} INFO - Processing /opt/airflow/dags/flight-pipeline.py took 1.170 seconds
[2026-05-03T10:54:45.250+0000] {processor.py:161} INFO - Started process (PID=14453) to work on /opt/airflow/dags/flight-pipeline.py
[2026-05-03T10:54:45.253+0000] {processor.py:830} INFO - Processing file /opt/airflow/dags/flight-pipeline.py for tasks to queue
[2026-05-03T10:54:45.254+0000] {logging_mixin.py:188} INFO - [2026-05-03T10:54:45.254+0000] {dagbag.py:545} INFO - Filling up the DagBag from /opt/airflow/dags/flight-pipeline.py
[2026-05-03T10:54:46.270+0000] {processor.py:840} INFO - DAG(s) 'flights_ops_medallion_pipe' retrieved from /opt/airflow/dags/flight-pipeline.py
[2026-05-03T10:54:46.302+0000] {logging_mixin.py:188} INFO - [2026-05-03T10:54:46.302+0000] {dag.py:3089} INFO - Sync 1 DAGs
[2026-05-03T10:54:46.324+0000] {logging_mixin.py:188} INFO - [2026-05-03T10:54:46.324+0000] {dag.py:3947} INFO - Setting next_dagrun for flights_ops_medallion_pipe to 2026-05-03 10:30:00+00:00, run_after=2026-05-03 11:00:00+00:00
[2026-05-03T10:54:46.343+0000] {processor.py:183} INFO - Processing /opt/airflow/dags/flight-pipeline.py took 1.114 seconds
[2026-05-03T10:55:16.472+0000] {processor.py:161} INFO - Started process (PID=14456) to work on /opt/airflow/dags/flight-pipeline.py
[2026-05-03T10:55:16.476+0000] {processor.py:830} INFO - Processing file /opt/airflow/dags/flight-pipeline.py for tasks to queue
[2026-05-03T10:55:16.478+0000] {logging_mixin.py:188} INFO - [2026-05-03T10:55:16.477+0000] {dagbag.py:545} INFO - Filling up the DagBag from /opt/airflow/dags/flight-pipeline.py
[2026-05-03T10:55:17.437+0000] {processor.py:840} INFO - DAG(s) 'flights_ops_medallion_pipe' retrieved from /opt/airflow/dags/flight-pipeline.py
[2026-05-03T10:55:17.472+0000] {logging_mixin.py:188} INFO - [2026-05-03T10:55:17.472+0000] {dag.py:3089} INFO - Sync 1 DAGs
[2026-05-03T10:55:17.493+0000] {logging_mixin.py:188} INFO - [2026-05-03T10:55:17.493+0000] {dag.py:3947} INFO - Setting next_dagrun for flights_ops_medallion_pipe to 2026-05-03 10:30:00+00:00, run_after=2026-05-03 11:00:00+00:00
[2026-05-03T10:55:17.513+0000] {processor.py:183} INFO - Processing /opt/airflow/dags/flight-pipeline.py took 1.054 seconds
[2026-05-03T10:55:47.750+0000] {processor.py:161} INFO - Started process (PID=14459) to work on /opt/airflow/dags/flight-pipeline.py
[2026-05-03T10:55:47.754+0000] {processor.py:830} INFO - Processing file /opt/airflow/dags/flight-pipeline.py for tasks to queue
[2026-05-03T10:55:47.756+0000] {logging_mixin.py:188} INFO - [2026-05-03T10:55:47.755+0000] {dagbag.py:545} INFO - Filling up the DagBag from /opt/airflow/dags/flight-pipeline.py
[2026-05-03T10:55:48.483+0000] {processor.py:840} INFO - DAG(s) 'flights_ops_medallion_pipe' retrieved from /opt/airflow/dags/flight-pipeline.py
[2026-05-03T10:55:48.530+0000] {logging_mixin.py:188} INFO - [2026-05-03T10:55:48.529+0000] {dag.py:3089} INFO - Sync 1 DAGs
[2026-05-03T10:55:48.712+0000] {logging_mixin.py:188} INFO - [2026-05-03T10:55:48.712+0000] {dag.py:3947} INFO - Setting next_dagrun for flights_ops_medallion_pipe to 2026-05-03 10:30:00+00:00, run_after=2026-05-03 11:00:00+00:00
[2026-05-03T10:55:48.732+0000] {processor.py:183} INFO - Processing /opt/airflow/dags/flight-pipeline.py took 0.997 seconds
[2026-05-03T10:56:18.988+0000] {processor.py:161} INFO - Started process (PID=14462) to work on /opt/airflow/dags/flight-pipeline.py
[2026-05-03T10:56:18.990+0000] {processor.py:830} INFO - Processing file /opt/airflow/dags/flight-pipeline.py for tasks to queue
[2026-05-03T10:56:18.991+0000] {logging_mixin.py:188} INFO - [2026-05-03T10:56:18.991+0000] {dagbag.py:545} INFO - Filling up the DagBag from /opt/airflow/dags/flight-pipeline.py
[2026-05-03T10:56:19.705+0000] {processor.py:840} INFO - DAG(s) 'flights_ops_medallion_pipe' retrieved from /opt/airflow/dags/flight-pipeline.py
[2026-05-03T10:56:19.889+0000] {logging_mixin.py:188} INFO - [2026-05-03T10:56:19.888+0000] {dag.py:3089} INFO - Sync 1 DAGs
[2026-05-03T10:56:19.911+0000] {logging_mixin.py:188} INFO - [2026-05-03T10:56:19.911+0000] {dag.py:3947} INFO - Setting next_dagrun for flights_ops_medallion_pipe to 2026-05-03 10:30:00+00:00, run_after=2026-05-03 11:00:00+00:00
[2026-05-03T10:56:19.930+0000] {processor.py:183} INFO - Processing /opt/airflow/dags/flight-pipeline.py took 0.950 seconds
[2026-05-03T10:56:50.173+0000] {processor.py:161} INFO - Started process (PID=14465) to work on /opt/airflow/dags/flight-pipeline.py
[2026-05-03T10:56:50.175+0000] {processor.py:830} INFO - Processing file /opt/airflow/dags/flight-pipeline.py for tasks to queue
[2026-05-03T10:56:50.177+0000] {logging_mixin.py:188} INFO - [2026-05-03T10:56:50.176+0000] {dagbag.py:545} INFO - Filling up the DagBag from /opt/airflow/dags/flight-pipeline.py
[2026-05-03T10:56:51.064+0000] {processor.py:840} INFO - DAG(s) 'flights_ops_medallion_pipe' retrieved from /opt/airflow/dags/flight-pipeline.py
[2026-05-03T10:56:51.097+0000] {logging_mixin.py:188} INFO - [2026-05-03T10:56:51.097+0000] {dag.py:3089} INFO - Sync 1 DAGs
[2026-05-03T10:56:51.118+0000] {logging_mixin.py:188} INFO - [2026-05-03T10:56:51.118+0000] {dag.py:3947} INFO - Setting next_dagrun for flights_ops_medallion_pipe to 2026-05-03 10:30:00+00:00, run_after=2026-05-03 11:00:00+00:00
[2026-05-03T10:56:51.135+0000] {processor.py:183} INFO - Processing /opt/airflow/dags/flight-pipeline.py took 0.970 seconds
[2026-05-03T10:57:21.406+0000] {processor.py:161} INFO - Started process (PID=14468) to work on /opt/airflow/dags/flight-pipeline.py
[2026-05-03T10:57:21.409+0000] {processor.py:830} INFO - Processing file /opt/airflow/dags/flight-pipeline.py for tasks to queue
[2026-05-03T10:57:21.410+0000] {logging_mixin.py:188} INFO - [2026-05-03T10:57:21.409+0000] {dagbag.py:545} INFO - Filling up the DagBag from /opt/airflow/dags/flight-pipeline.py
[2026-05-03T10:57:22.273+0000] {processor.py:840} INFO - DAG(s) 'flights_ops_medallion_pipe' retrieved from /opt/airflow/dags/flight-pipeline.py
[2026-05-03T10:57:22.305+0000] {logging_mixin.py:188} INFO - [2026-05-03T10:57:22.304+0000] {dag.py:3089} INFO - Sync 1 DAGs
[2026-05-03T10:57:22.328+0000] {logging_mixin.py:188} INFO - [2026-05-03T10:57:22.328+0000] {dag.py:3947} INFO - Setting next_dagrun for flights_ops_medallion_pipe to 2026-05-03 10:30:00+00:00, run_after=2026-05-03 11:00:00+00:00
[2026-05-03T10:57:22.350+0000] {processor.py:183} INFO - Processing /opt/airflow/dags/flight-pipeline.py took 0.952 seconds
[2026-05-03T10:57:52.613+0000] {processor.py:161} INFO - Started process (PID=14471) to work on /opt/airflow/dags/flight-pipeline.py
[2026-05-03T10:57:52.615+0000] {processor.py:830} INFO - Processing file /opt/airflow/dags/flight-pipeline.py for tasks to queue
[2026-05-03T10:57:52.616+0000] {logging_mixin.py:188} INFO - [2026-05-03T10:57:52.616+0000] {dagbag.py:545} INFO - Filling up the DagBag from /opt/airflow/dags/flight-pipeline.py
[2026-05-03T10:57:53.497+0000] {processor.py:840} INFO - DAG(s) 'flights_ops_medallion_pipe' retrieved from /opt/airflow/dags/flight-pipeline.py
[2026-05-03T10:57:53.530+0000] {logging_mixin.py:188} INFO - [2026-05-03T10:57:53.529+0000] {dag.py:3089} INFO - Sync 1 DAGs
[2026-05-03T10:57:53.551+0000] {logging_mixin.py:188} INFO - [2026-05-03T10:57:53.550+0000] {dag.py:3947} INFO - Setting next_dagrun for flights_ops_medallion_pipe to 2026-05-03 10:30:00+00:00, run_after=2026-05-03 11:00:00+00:00
[2026-05-03T10:57:53.570+0000] {processor.py:183} INFO - Processing /opt/airflow/dags/flight-pipeline.py took 0.966 seconds
[2026-05-03T10:58:23.833+0000] {processor.py:161} INFO - Started process (PID=14474) to work on /opt/airflow/dags/flight-pipeline.py
[2026-05-03T10:58:23.836+0000] {processor.py:830} INFO - Processing file /opt/airflow/dags/flight-pipeline.py for tasks to queue
[2026-05-03T10:58:23.837+0000] {logging_mixin.py:188} INFO - [2026-05-03T10:58:23.837+0000] {dagbag.py:545} INFO - Filling up the DagBag from /opt/airflow/dags/flight-pipeline.py
[2026-05-03T10:58:24.538+0000] {processor.py:840} INFO - DAG(s) 'flights_ops_medallion_pipe' retrieved from /opt/airflow/dags/flight-pipeline.py
[2026-05-03T10:58:24.573+0000] {logging_mixin.py:188} INFO - [2026-05-03T10:58:24.573+0000] {dag.py:3089} INFO - Sync 1 DAGs
[2026-05-03T10:58:24.744+0000] {logging_mixin.py:188} INFO - [2026-05-03T10:58:24.744+0000] {dag.py:3947} INFO - Setting next_dagrun for flights_ops_medallion_pipe to 2026-05-03 10:30:00+00:00, run_after=2026-05-03 11:00:00+00:00
[2026-05-03T10:58:24.766+0000] {processor.py:183} INFO - Processing /opt/airflow/dags/flight-pipeline.py took 0.941 seconds
[2026-05-03T10:58:55.040+0000] {processor.py:161} INFO - Started process (PID=14477) to work on /opt/airflow/dags/flight-pipeline.py
[2026-05-03T10:58:55.043+0000] {processor.py:830} INFO - Processing file /opt/airflow/dags/flight-pipeline.py for tasks to queue
[2026-05-03T10:58:55.045+0000] {logging_mixin.py:188} INFO - [2026-05-03T10:58:55.044+0000] {dagbag.py:545} INFO - Filling up the DagBag from /opt/airflow/dags/flight-pipeline.py
[2026-05-03T10:58:55.754+0000] {processor.py:840} INFO - DAG(s) 'flights_ops_medallion_pipe' retrieved from /opt/airflow/dags/flight-pipeline.py
[2026-05-03T10:58:55.792+0000] {logging_mixin.py:188} INFO - [2026-05-03T10:58:55.792+0000] {dag.py:3089} INFO - Sync 1 DAGs
[2026-05-03T10:58:55.975+0000] {logging_mixin.py:188} INFO - [2026-05-03T10:58:55.975+0000] {dag.py:3947} INFO - Setting next_dagrun for flights_ops_medallion_pipe to 2026-05-03 10:30:00+00:00, run_after=2026-05-03 11:00:00+00:00
[2026-05-03T10:58:55.995+0000] {processor.py:183} INFO - Processing /opt/airflow/dags/flight-pipeline.py took 0.964 seconds
[2026-05-03T10:59:26.263+0000] {processor.py:161} INFO - Started process (PID=14480) to work on /opt/airflow/dags/flight-pipeline.py
[2026-05-03T10:59:26.265+0000] {processor.py:830} INFO - Processing file /opt/airflow/dags/flight-pipeline.py for tasks to queue
[2026-05-03T10:59:26.266+0000] {logging_mixin.py:188} INFO - [2026-05-03T10:59:26.266+0000] {dagbag.py:545} INFO - Filling up the DagBag from /opt/airflow/dags/flight-pipeline.py
[2026-05-03T10:59:26.975+0000] {processor.py:840} INFO - DAG(s) 'flights_ops_medallion_pipe' retrieved from /opt/airflow/dags/flight-pipeline.py
[2026-05-03T10:59:27.188+0000] {logging_mixin.py:188} INFO - [2026-05-03T10:59:27.187+0000] {dag.py:3089} INFO - Sync 1 DAGs
[2026-05-03T10:59:27.212+0000] {logging_mixin.py:188} INFO - [2026-05-03T10:59:27.212+0000] {dag.py:3947} INFO - Setting next_dagrun for flights_ops_medallion_pipe to 2026-05-03 10:30:00+00:00, run_after=2026-05-03 11:00:00+00:00
[2026-05-03T10:59:27.233+0000] {processor.py:183} INFO - Processing /opt/airflow/dags/flight-pipeline.py took 0.979 seconds
[2026-05-03T10:59:57.478+0000] {processor.py:161} INFO - Started process (PID=14483) to work on /opt/airflow/dags/flight-pipeline.py
[2026-05-03T10:59:57.481+0000] {processor.py:830} INFO - Processing file /opt/airflow/dags/flight-pipeline.py for tasks to queue
[2026-05-03T10:59:57.483+0000] {logging_mixin.py:188} INFO - [2026-05-03T10:59:57.482+0000] {dagbag.py:545} INFO - Filling up the DagBag from /opt/airflow/dags/flight-pipeline.py
[2026-05-03T10:59:58.338+0000] {processor.py:840} INFO - DAG(s) 'flights_ops_medallion_pipe' retrieved from /opt/airflow/dags/flight-pipeline.py
[2026-05-03T10:59:58.378+0000] {logging_mixin.py:188} INFO - [2026-05-03T10:59:58.377+0000] {dag.py:3089} INFO - Sync 1 DAGs
[2026-05-03T10:59:58.402+0000] {logging_mixin.py:188} INFO - [2026-05-03T10:59:58.402+0000] {dag.py:3947} INFO - Setting next_dagrun for flights_ops_medallion_pipe to 2026-05-03 10:30:00+00:00, run_after=2026-05-03 11:00:00+00:00
[2026-05-03T10:59:58.424+0000] {processor.py:183} INFO - Processing /opt/airflow/dags/flight-pipeline.py took 0.954 seconds
[2026-05-03T11:00:28.681+0000] {processor.py:161} INFO - Started process (PID=14520) to work on /opt/airflow/dags/flight-pipeline.py
[2026-05-03T11:00:28.684+0000] {processor.py:830} INFO - Processing file /opt/airflow/dags/flight-pipeline.py for tasks to queue
[2026-05-03T11:00:28.687+0000] {logging_mixin.py:188} INFO - [2026-05-03T11:00:28.686+0000] {dagbag.py:545} INFO - Filling up the DagBag from /opt/airflow/dags/flight-pipeline.py
[2026-05-03T11:00:30.141+0000] {processor.py:840} INFO - DAG(s) 'flights_ops_medallion_pipe' retrieved from /opt/airflow/dags/flight-pipeline.py
[2026-05-03T11:00:30.206+0000] {logging_mixin.py:188} INFO - [2026-05-03T11:00:30.205+0000] {dag.py:3089} INFO - Sync 1 DAGs
[2026-05-03T11:00:30.254+0000] {logging_mixin.py:188} INFO - [2026-05-03T11:00:30.254+0000] {dag.py:3947} INFO - Setting next_dagrun for flights_ops_medallion_pipe to 2026-05-03 11:00:00+00:00, run_after=2026-05-03 11:30:00+00:00
[2026-05-03T11:00:30.285+0000] {processor.py:183} INFO - Processing /opt/airflow/dags/flight-pipeline.py took 1.616 seconds
[2026-05-03T11:01:00.537+0000] {processor.py:161} INFO - Started process (PID=14533) to work on /opt/airflow/dags/flight-pipeline.py
[2026-05-03T11:01:00.541+0000] {processor.py:830} INFO - Processing file /opt/airflow/dags/flight-pipeline.py for tasks to queue
[2026-05-03T11:01:00.543+0000] {logging_mixin.py:188} INFO - [2026-05-03T11:01:00.542+0000] {dagbag.py:545} INFO - Filling up the DagBag from /opt/airflow/dags/flight-pipeline.py
[2026-05-03T11:01:01.884+0000] {processor.py:840} INFO - DAG(s) 'flights_ops_medallion_pipe' retrieved from /opt/airflow/dags/flight-pipeline.py
[2026-05-03T11:01:01.923+0000] {logging_mixin.py:188} INFO - [2026-05-03T11:01:01.922+0000] {dag.py:3089} INFO - Sync 1 DAGs
[2026-05-03T11:01:01.948+0000] {logging_mixin.py:188} INFO - [2026-05-03T11:01:01.948+0000] {dag.py:3947} INFO - Setting next_dagrun for flights_ops_medallion_pipe to 2026-05-03 11:00:00+00:00, run_after=2026-05-03 11:30:00+00:00
[2026-05-03T11:01:01.970+0000] {processor.py:183} INFO - Processing /opt/airflow/dags/flight-pipeline.py took 1.446 seconds
[2026-05-03T11:01:32.169+0000] {processor.py:161} INFO - Started process (PID=14536) to work on /opt/airflow/dags/flight-pipeline.py
[2026-05-03T11:01:32.172+0000] {processor.py:830} INFO - Processing file /opt/airflow/dags/flight-pipeline.py for tasks to queue
[2026-05-03T11:01:32.173+0000] {logging_mixin.py:188} INFO - [2026-05-03T11:01:32.173+0000] {dagbag.py:545} INFO - Filling up the DagBag from /opt/airflow/dags/flight-pipeline.py
[2026-05-03T11:01:32.874+0000] {processor.py:840} INFO - DAG(s) 'flights_ops_medallion_pipe' retrieved from /opt/airflow/dags/flight-pipeline.py
[2026-05-03T11:01:32.907+0000] {logging_mixin.py:188} INFO - [2026-05-03T11:01:32.907+0000] {dag.py:3089} INFO - Sync 1 DAGs
[2026-05-03T11:01:33.085+0000] {logging_mixin.py:188} INFO - [2026-05-03T11:01:33.084+0000] {dag.py:3947} INFO - Setting next_dagrun for flights_ops_medallion_pipe to 2026-05-03 11:00:00+00:00, run_after=2026-05-03 11:30:00+00:00
[2026-05-03T11:01:33.104+0000] {processor.py:183} INFO - Processing /opt/airflow/dags/flight-pipeline.py took 0.960 seconds
[2026-05-03T11:02:03.350+0000] {processor.py:161} INFO - Started process (PID=14539) to work on /opt/airflow/dags/flight-pipeline.py
[2026-05-03T11:02:03.352+0000] {processor.py:830} INFO - Processing file /opt/airflow/dags/flight-pipeline.py for tasks to queue
[2026-05-03T11:02:03.354+0000] {logging_mixin.py:188} INFO - [2026-05-03T11:02:03.353+0000] {dagbag.py:545} INFO - Filling up the DagBag from /opt/airflow/dags/flight-pipeline.py
[2026-05-03T11:02:04.058+0000] {processor.py:840} INFO - DAG(s) 'flights_ops_medallion_pipe' retrieved from /opt/airflow/dags/flight-pipeline.py
[2026-05-03T11:02:04.247+0000] {logging_mixin.py:188} INFO - [2026-05-03T11:02:04.246+0000] {dag.py:3089} INFO - Sync 1 DAGs
[2026-05-03T11:02:04.268+0000] {logging_mixin.py:188} INFO - [2026-05-03T11:02:04.267+0000] {dag.py:3947} INFO - Setting next_dagrun for flights_ops_medallion_pipe to 2026-05-03 11:00:00+00:00, run_after=2026-05-03 11:30:00+00:00
[2026-05-03T11:02:04.285+0000] {processor.py:183} INFO - Processing /opt/airflow/dags/flight-pipeline.py took 0.946 seconds
[2026-05-03T11:02:34.553+0000] {processor.py:161} INFO - Started process (PID=14542) to work on /opt/airflow/dags/flight-pipeline.py
[2026-05-03T11:02:34.555+0000] {processor.py:830} INFO - Processing file /opt/airflow/dags/flight-pipeline.py for tasks to queue
[2026-05-03T11:02:34.556+0000] {logging_mixin.py:188} INFO - [2026-05-03T11:02:34.556+0000] {dagbag.py:545} INFO - Filling up the DagBag from /opt/airflow/dags/flight-pipeline.py
[2026-05-03T11:02:35.248+0000] {processor.py:840} INFO - DAG(s) 'flights_ops_medallion_pipe' retrieved from /opt/airflow/dags/flight-pipeline.py
[2026-05-03T11:02:35.426+0000] {logging_mixin.py:188} INFO - [2026-05-03T11:02:35.426+0000] {dag.py:3089} INFO - Sync 1 DAGs
[2026-05-03T11:02:35.448+0000] {logging_mixin.py:188} INFO - [2026-05-03T11:02:35.447+0000] {dag.py:3947} INFO - Setting next_dagrun for flights_ops_medallion_pipe to 2026-05-03 11:00:00+00:00, run_after=2026-05-03 11:30:00+00:00
[2026-05-03T11:02:35.466+0000] {processor.py:183} INFO - Processing /opt/airflow/dags/flight-pipeline.py took 0.925 seconds
[2026-05-03T11:03:05.730+0000] {processor.py:161} INFO - Started process (PID=14545) to work on /opt/airflow/dags/flight-pipeline.py
[2026-05-03T11:03:05.735+0000] {processor.py:830} INFO - Processing file /opt/airflow/dags/flight-pipeline.py for tasks to queue
[2026-05-03T11:03:05.738+0000] {logging_mixin.py:188} INFO - [2026-05-03T11:03:05.737+0000] {dagbag.py:545} INFO - Filling up the DagBag from /opt/airflow/dags/flight-pipeline.py
[2026-05-03T11:03:06.649+0000] {processor.py:840} INFO - DAG(s) 'flights_ops_medallion_pipe' retrieved from /opt/airflow/dags/flight-pipeline.py
[2026-05-03T11:03:06.684+0000] {logging_mixin.py:188} INFO - [2026-05-03T11:03:06.684+0000] {dag.py:3089} INFO - Sync 1 DAGs
[2026-05-03T11:03:06.706+0000] {logging_mixin.py:188} INFO - [2026-05-03T11:03:06.706+0000] {dag.py:3947} INFO - Setting next_dagrun for flights_ops_medallion_pipe to 2026-05-03 11:00:00+00:00, run_after=2026-05-03 11:30:00+00:00
[2026-05-03T11:03:06.725+0000] {processor.py:183} INFO - Processing /opt/airflow/dags/flight-pipeline.py took 1.007 seconds
[2026-05-03T11:03:36.962+0000] {processor.py:161} INFO - Started process (PID=14548) to work on /opt/airflow/dags/flight-pipeline.py
[2026-05-03T11:03:36.964+0000] {processor.py:830} INFO - Processing file /opt/airflow/dags/flight-pipeline.py for tasks to queue
[2026-05-03T11:03:36.966+0000] {logging_mixin.py:188} INFO - [2026-05-03T11:03:36.965+0000] {dagbag.py:545} INFO - Filling up the DagBag from /opt/airflow/dags/flight-pipeline.py
[2026-05-03T11:03:37.837+0000] {processor.py:840} INFO - DAG(s) 'flights_ops_medallion_pipe' retrieved from /opt/airflow/dags/flight-pipeline.py
[2026-05-03T11:03:37.870+0000] {logging_mixin.py:188} INFO - [2026-05-03T11:03:37.870+0000] {dag.py:3089} INFO - Sync 1 DAGs
[2026-05-03T11:03:37.892+0000] {logging_mixin.py:188} INFO - [2026-05-03T11:03:37.892+0000] {dag.py:3947} INFO - Setting next_dagrun for flights_ops_medallion_pipe to 2026-05-03 11:00:00+00:00, run_after=2026-05-03 11:30:00+00:00
[2026-05-03T11:03:37.911+0000] {processor.py:183} INFO - Processing /opt/airflow/dags/flight-pipeline.py took 0.960 seconds
[2026-05-03T11:04:08.158+0000] {processor.py:161} INFO - Started process (PID=14551) to work on /opt/airflow/dags/flight-pipeline.py
[2026-05-03T11:04:08.162+0000] {processor.py:830} INFO - Processing file /opt/airflow/dags/flight-pipeline.py for tasks to queue
[2026-05-03T11:04:08.163+0000] {logging_mixin.py:188} INFO - [2026-05-03T11:04:08.163+0000] {dagbag.py:545} INFO - Filling up the DagBag from /opt/airflow/dags/flight-pipeline.py
[2026-05-03T11:04:09.019+0000] {processor.py:840} INFO - DAG(s) 'flights_ops_medallion_pipe' retrieved from /opt/airflow/dags/flight-pipeline.py
[2026-05-03T11:04:09.049+0000] {logging_mixin.py:188} INFO - [2026-05-03T11:04:09.049+0000] {dag.py:3089} INFO - Sync 1 DAGs
[2026-05-03T11:04:09.068+0000] {logging_mixin.py:188} INFO - [2026-05-03T11:04:09.068+0000] {dag.py:3947} INFO - Setting next_dagrun for flights_ops_medallion_pipe to 2026-05-03 11:00:00+00:00, run_after=2026-05-03 11:30:00+00:00
[2026-05-03T11:04:09.088+0000] {processor.py:183} INFO - Processing /opt/airflow/dags/flight-pipeline.py took 0.939 seconds
[2026-05-03T11:04:39.329+0000] {processor.py:161} INFO - Started process (PID=14554) to work on /opt/airflow/dags/flight-pipeline.py
[2026-05-03T11:04:39.332+0000] {processor.py:830} INFO - Processing file /opt/airflow/dags/flight-pipeline.py for tasks to queue
[2026-05-03T11:04:39.333+0000] {logging_mixin.py:188} INFO - [2026-05-03T11:04:39.333+0000] {dagbag.py:545} INFO - Filling up the DagBag from /opt/airflow/dags/flight-pipeline.py
[2026-05-03T11:04:40.032+0000] {processor.py:840} INFO - DAG(s) 'flights_ops_medallion_pipe' retrieved from /opt/airflow/dags/flight-pipeline.py
[2026-05-03T11:04:40.076+0000] {logging_mixin.py:188} INFO - [2026-05-03T11:04:40.075+0000] {dag.py:3089} INFO - Sync 1 DAGs
[2026-05-03T11:04:40.266+0000] {logging_mixin.py:188} INFO - [2026-05-03T11:04:40.265+0000] {dag.py:3947} INFO - Setting next_dagrun for flights_ops_medallion_pipe to 2026-05-03 11:00:00+00:00, run_after=2026-05-03 11:30:00+00:00
[2026-05-03T11:04:40.284+0000] {processor.py:183} INFO - Processing /opt/airflow/dags/flight-pipeline.py took 0.963 seconds
[2026-05-03T11:05:10.544+0000] {processor.py:161} INFO - Started process (PID=14557) to work on /opt/airflow/dags/flight-pipeline.py
[2026-05-03T11:05:10.546+0000] {processor.py:830} INFO - Processing file /opt/airflow/dags/flight-pipeline.py for tasks to queue
[2026-05-03T11:05:10.548+0000] {logging_mixin.py:188} INFO - [2026-05-03T11:05:10.547+0000] {dagbag.py:545} INFO - Filling up the DagBag from /opt/airflow/dags/flight-pipeline.py
[2026-05-03T11:05:11.266+0000] {processor.py:840} INFO - DAG(s) 'flights_ops_medallion_pipe' retrieved from /opt/airflow/dags/flight-pipeline.py
[2026-05-03T11:05:11.468+0000] {logging_mixin.py:188} INFO - [2026-05-03T11:05:11.468+0000] {dag.py:3089} INFO - Sync 1 DAGs
[2026-05-03T11:05:11.491+0000] {logging_mixin.py:188} INFO - [2026-05-03T11:05:11.490+0000] {dag.py:3947} INFO - Setting next_dagrun for flights_ops_medallion_pipe to 2026-05-03 11:00:00+00:00, run_after=2026-05-03 11:30:00+00:00
[2026-05-03T11:05:11.509+0000] {processor.py:183} INFO - Processing /opt/airflow/dags/flight-pipeline.py took 0.973 seconds
[2026-05-03T11:05:41.762+0000] {processor.py:161} INFO - Started process (PID=14560) to work on /opt/airflow/dags/flight-pipeline.py
[2026-05-03T11:05:41.766+0000] {processor.py:830} INFO - Processing file /opt/airflow/dags/flight-pipeline.py for tasks to queue
[2026-05-03T11:05:41.767+0000] {logging_mixin.py:188} INFO - [2026-05-03T11:05:41.767+0000] {dagbag.py:545} INFO - Filling up the DagBag from /opt/airflow/dags/flight-pipeline.py
[2026-05-03T11:05:42.468+0000] {processor.py:840} INFO - DAG(s) 'flights_ops_medallion_pipe' retrieved from /opt/airflow/dags/flight-pipeline.py
[2026-05-03T11:05:42.654+0000] {logging_mixin.py:188} INFO - [2026-05-03T11:05:42.654+0000] {dag.py:3089} INFO - Sync 1 DAGs
[2026-05-03T11:05:42.676+0000] {logging_mixin.py:188} INFO - [2026-05-03T11:05:42.676+0000] {dag.py:3947} INFO - Setting next_dagrun for flights_ops_medallion_pipe to 2026-05-03 11:00:00+00:00, run_after=2026-05-03 11:30:00+00:00
[2026-05-03T11:05:42.696+0000] {processor.py:183} INFO - Processing /opt/airflow/dags/flight-pipeline.py took 0.942 seconds
[2026-05-03T11:06:12.951+0000] {processor.py:161} INFO - Started process (PID=14563) to work on /opt/airflow/dags/flight-pipeline.py
[2026-05-03T11:06:12.954+0000] {processor.py:830} INFO - Processing file /opt/airflow/dags/flight-pipeline.py for tasks to queue
[2026-05-03T11:06:12.956+0000] {logging_mixin.py:188} INFO - [2026-05-03T11:06:12.955+0000] {dagbag.py:545} INFO - Filling up the DagBag from /opt/airflow/dags/flight-pipeline.py
[2026-05-03T11:06:13.825+0000] {processor.py:840} INFO - DAG(s) 'flights_ops_medallion_pipe' retrieved from /opt/airflow/dags/flight-pipeline.py
[2026-05-03T11:06:13.855+0000] {logging_mixin.py:188} INFO - [2026-05-03T11:06:13.855+0000] {dag.py:3089} INFO - Sync 1 DAGs
[2026-05-03T11:06:13.876+0000] {logging_mixin.py:188} INFO - [2026-05-03T11:06:13.876+0000] {dag.py:3947} INFO - Setting next_dagrun for flights_ops_medallion_pipe to 2026-05-03 11:00:00+00:00, run_after=2026-05-03 11:30:00+00:00
[2026-05-03T11:06:13.893+0000] {processor.py:183} INFO - Processing /opt/airflow/dags/flight-pipeline.py took 0.950 seconds
[2026-05-03T11:06:44.136+0000] {processor.py:161} INFO - Started process (PID=14566) to work on /opt/airflow/dags/flight-pipeline.py
[2026-05-03T11:06:44.138+0000] {processor.py:830} INFO - Processing file /opt/airflow/dags/flight-pipeline.py for tasks to queue
[2026-05-03T11:06:44.139+0000] {logging_mixin.py:188} INFO - [2026-05-03T11:06:44.139+0000] {dagbag.py:545} INFO - Filling up the DagBag from /opt/airflow/dags/flight-pipeline.py
[2026-05-03T11:06:44.977+0000] {processor.py:840} INFO - DAG(s) 'flights_ops_medallion_pipe' retrieved from /opt/airflow/dags/flight-pipeline.py
[2026-05-03T11:06:45.009+0000] {logging_mixin.py:188} INFO - [2026-05-03T11:06:45.009+0000] {dag.py:3089} INFO - Sync 1 DAGs
[2026-05-03T11:06:45.032+0000] {logging_mixin.py:188} INFO - [2026-05-03T11:06:45.032+0000] {dag.py:3947} INFO - Setting next_dagrun for flights_ops_medallion_pipe to 2026-05-03 11:00:00+00:00, run_after=2026-05-03 11:30:00+00:00
[2026-05-03T11:06:45.048+0000] {processor.py:183} INFO - Processing /opt/airflow/dags/flight-pipeline.py took 0.919 seconds
[2026-05-03T11:07:15.294+0000] {processor.py:161} INFO - Started process (PID=14569) to work on /opt/airflow/dags/flight-pipeline.py
[2026-05-03T11:07:15.296+0000] {processor.py:830} INFO - Processing file /opt/airflow/dags/flight-pipeline.py for tasks to queue
[2026-05-03T11:07:15.297+0000] {logging_mixin.py:188} INFO - [2026-05-03T11:07:15.297+0000] {dagbag.py:545} INFO - Filling up the DagBag from /opt/airflow/dags/flight-pipeline.py
[2026-05-03T11:07:16.255+0000] {processor.py:840} INFO - DAG(s) 'flights_ops_medallion_pipe' retrieved from /opt/airflow/dags/flight-pipeline.py
[2026-05-03T11:07:16.295+0000] {logging_mixin.py:188} INFO - [2026-05-03T11:07:16.295+0000] {dag.py:3089} INFO - Sync 1 DAGs
[2026-05-03T11:07:16.317+0000] {logging_mixin.py:188} INFO - [2026-05-03T11:07:16.316+0000] {dag.py:3947} INFO - Setting next_dagrun for flights_ops_medallion_pipe to 2026-05-03 11:00:00+00:00, run_after=2026-05-03 11:30:00+00:00
[2026-05-03T11:07:16.337+0000] {processor.py:183} INFO - Processing /opt/airflow/dags/flight-pipeline.py took 1.052 seconds
[2026-05-03T11:07:46.571+0000] {processor.py:161} INFO - Started process (PID=14572) to work on /opt/airflow/dags/flight-pipeline.py
[2026-05-03T11:07:46.573+0000] {processor.py:830} INFO - Processing file /opt/airflow/dags/flight-pipeline.py for tasks to queue
[2026-05-03T11:07:46.574+0000] {logging_mixin.py:188} INFO - [2026-05-03T11:07:46.574+0000] {dagbag.py:545} INFO - Filling up the DagBag from /opt/airflow/dags/flight-pipeline.py
[2026-05-03T11:07:47.273+0000] {processor.py:840} INFO - DAG(s) 'flights_ops_medallion_pipe' retrieved from /opt/airflow/dags/flight-pipeline.py
[2026-05-03T11:07:47.308+0000] {logging_mixin.py:188} INFO - [2026-05-03T11:07:47.307+0000] {dag.py:3089} INFO - Sync 1 DAGs
[2026-05-03T11:07:47.493+0000] {logging_mixin.py:188} INFO - [2026-05-03T11:07:47.492+0000] {dag.py:3947} INFO - Setting next_dagrun for flights_ops_medallion_pipe to 2026-05-03 11:00:00+00:00, run_after=2026-05-03 11:30:00+00:00
[2026-05-03T11:07:47.516+0000] {processor.py:183} INFO - Processing /opt/airflow/dags/flight-pipeline.py took 0.953 seconds
[2026-05-03T11:08:17.759+0000] {processor.py:161} INFO - Started process (PID=14575) to work on /opt/airflow/dags/flight-pipeline.py
[2026-05-03T11:08:17.761+0000] {processor.py:830} INFO - Processing file /opt/airflow/dags/flight-pipeline.py for tasks to queue
[2026-05-03T11:08:17.762+0000] {logging_mixin.py:188} INFO - [2026-05-03T11:08:17.762+0000] {dagbag.py:545} INFO - Filling up the DagBag from /opt/airflow/dags/flight-pipeline.py
[2026-05-03T11:08:18.493+0000] {processor.py:840} INFO - DAG(s) 'flights_ops_medallion_pipe' retrieved from /opt/airflow/dags/flight-pipeline.py
[2026-05-03T11:08:18.684+0000] {logging_mixin.py:188} INFO - [2026-05-03T11:08:18.684+0000] {dag.py:3089} INFO - Sync 1 DAGs
[2026-05-03T11:08:18.709+0000] {logging_mixin.py:188} INFO - [2026-05-03T11:08:18.709+0000] {dag.py:3947} INFO - Setting next_dagrun for flights_ops_medallion_pipe to 2026-05-03 11:00:00+00:00, run_after=2026-05-03 11:30:00+00:00
[2026-05-03T11:08:18.728+0000] {processor.py:183} INFO - Processing /opt/airflow/dags/flight-pipeline.py took 0.977 seconds
[2026-05-03T11:08:48.978+0000] {processor.py:161} INFO - Started process (PID=14578) to work on /opt/airflow/dags/flight-pipeline.py
[2026-05-03T11:08:48.980+0000] {processor.py:830} INFO - Processing file /opt/airflow/dags/flight-pipeline.py for tasks to queue
[2026-05-03T11:08:48.982+0000] {logging_mixin.py:188} INFO - [2026-05-03T11:08:48.981+0000] {dagbag.py:545} INFO - Filling up the DagBag from /opt/airflow/dags/flight-pipeline.py
[2026-05-03T11:08:49.831+0000] {processor.py:840} INFO - DAG(s) 'flights_ops_medallion_pipe' retrieved from /opt/airflow/dags/flight-pipeline.py
[2026-05-03T11:08:49.862+0000] {logging_mixin.py:188} INFO - [2026-05-03T11:08:49.862+0000] {dag.py:3089} INFO - Sync 1 DAGs
[2026-05-03T11:08:49.884+0000] {logging_mixin.py:188} INFO - [2026-05-03T11:08:49.884+0000] {dag.py:3947} INFO - Setting next_dagrun for flights_ops_medallion_pipe to 2026-05-03 11:00:00+00:00, run_after=2026-05-03 11:30:00+00:00
[2026-05-03T11:08:49.904+0000] {processor.py:183} INFO - Processing /opt/airflow/dags/flight-pipeline.py took 0.935 seconds
[2026-05-03T11:09:20.161+0000] {processor.py:161} INFO - Started process (PID=14581) to work on /opt/airflow/dags/flight-pipeline.py
[2026-05-03T11:09:20.164+0000] {processor.py:830} INFO - Processing file /opt/airflow/dags/flight-pipeline.py for tasks to queue
[2026-05-03T11:09:20.166+0000] {logging_mixin.py:188} INFO - [2026-05-03T11:09:20.165+0000] {dagbag.py:545} INFO - Filling up the DagBag from /opt/airflow/dags/flight-pipeline.py
[2026-05-03T11:09:20.997+0000] {processor.py:840} INFO - DAG(s) 'flights_ops_medallion_pipe' retrieved from /opt/airflow/dags/flight-pipeline.py
[2026-05-03T11:09:21.030+0000] {logging_mixin.py:188} INFO - [2026-05-03T11:09:21.029+0000] {dag.py:3089} INFO - Sync 1 DAGs
[2026-05-03T11:09:21.052+0000] {logging_mixin.py:188} INFO - [2026-05-03T11:09:21.051+0000] {dag.py:3947} INFO - Setting next_dagrun for flights_ops_medallion_pipe to 2026-05-03 11:00:00+00:00, run_after=2026-05-03 11:30:00+00:00
[2026-05-03T11:09:21.071+0000] {processor.py:183} INFO - Processing /opt/airflow/dags/flight-pipeline.py took 0.919 seconds
[2026-05-03T11:09:51.336+0000] {processor.py:161} INFO - Started process (PID=14584) to work on /opt/airflow/dags/flight-pipeline.py
[2026-05-03T11:09:51.339+0000] {processor.py:830} INFO - Processing file /opt/airflow/dags/flight-pipeline.py for tasks to queue
[2026-05-03T11:09:51.340+0000] {logging_mixin.py:188} INFO - [2026-05-03T11:09:51.340+0000] {dagbag.py:545} INFO - Filling up the DagBag from /opt/airflow/dags/flight-pipeline.py
[2026-05-03T11:09:52.216+0000] {processor.py:840} INFO - DAG(s) 'flights_ops_medallion_pipe' retrieved from /opt/airflow/dags/flight-pipeline.py
[2026-05-03T11:09:52.254+0000] {logging_mixin.py:188} INFO - [2026-05-03T11:09:52.253+0000] {dag.py:3089} INFO - Sync 1 DAGs
[2026-05-03T11:09:52.279+0000] {logging_mixin.py:188} INFO - [2026-05-03T11:09:52.279+0000] {dag.py:3947} INFO - Setting next_dagrun for flights_ops_medallion_pipe to 2026-05-03 11:00:00+00:00, run_after=2026-05-03 11:30:00+00:00
[2026-05-03T11:09:52.302+0000] {processor.py:183} INFO - Processing /opt/airflow/dags/flight-pipeline.py took 0.975 seconds
[2026-05-03T11:10:22.563+0000] {processor.py:161} INFO - Started process (PID=14587) to work on /opt/airflow/dags/flight-pipeline.py
[2026-05-03T11:10:22.567+0000] {processor.py:830} INFO - Processing file /opt/airflow/dags/flight-pipeline.py for tasks to queue
[2026-05-03T11:10:22.569+0000] {logging_mixin.py:188} INFO - [2026-05-03T11:10:22.568+0000] {dagbag.py:545} INFO - Filling up the DagBag from /opt/airflow/dags/flight-pipeline.py
[2026-05-03T11:10:23.945+0000] {processor.py:840} INFO - DAG(s) 'flights_ops_medallion_pipe' retrieved from /opt/airflow/dags/flight-pipeline.py
[2026-05-03T11:10:23.994+0000] {logging_mixin.py:188} INFO - [2026-05-03T11:10:23.993+0000] {dag.py:3089} INFO - Sync 1 DAGs
[2026-05-03T11:10:24.029+0000] {logging_mixin.py:188} INFO - [2026-05-03T11:10:24.028+0000] {dag.py:3947} INFO - Setting next_dagrun for flights_ops_medallion_pipe to 2026-05-03 11:00:00+00:00, run_after=2026-05-03 11:30:00+00:00
[2026-05-03T11:10:24.057+0000] {processor.py:183} INFO - Processing /opt/airflow/dags/flight-pipeline.py took 1.508 seconds
[2026-05-03T11:10:54.353+0000] {processor.py:161} INFO - Started process (PID=14590) to work on /opt/airflow/dags/flight-pipeline.py
[2026-05-03T11:10:54.357+0000] {processor.py:830} INFO - Processing file /opt/airflow/dags/flight-pipeline.py for tasks to queue
[2026-05-03T11:10:54.359+0000] {logging_mixin.py:188} INFO - [2026-05-03T11:10:54.358+0000] {dagbag.py:545} INFO - Filling up the DagBag from /opt/airflow/dags/flight-pipeline.py
[2026-05-03T11:10:55.183+0000] {processor.py:840} INFO - DAG(s) 'flights_ops_medallion_pipe' retrieved from /opt/airflow/dags/flight-pipeline.py
[2026-05-03T11:10:55.232+0000] {logging_mixin.py:188} INFO - [2026-05-03T11:10:55.232+0000] {dag.py:3089} INFO - Sync 1 DAGs
[2026-05-03T11:10:55.443+0000] {logging_mixin.py:188} INFO - [2026-05-03T11:10:55.442+0000] {dag.py:3947} INFO - Setting next_dagrun for flights_ops_medallion_pipe to 2026-05-03 11:00:00+00:00, run_after=2026-05-03 11:30:00+00:00
[2026-05-03T11:10:55.467+0000] {processor.py:183} INFO - Processing /opt/airflow/dags/flight-pipeline.py took 1.124 seconds
[2026-05-03T11:11:25.583+0000] {processor.py:161} INFO - Started process (PID=14593) to work on /opt/airflow/dags/flight-pipeline.py
[2026-05-03T11:11:25.591+0000] {processor.py:830} INFO - Processing file /opt/airflow/dags/flight-pipeline.py for tasks to queue
[2026-05-03T11:11:25.592+0000] {logging_mixin.py:188} INFO - [2026-05-03T11:11:25.592+0000] {dagbag.py:545} INFO - Filling up the DagBag from /opt/airflow/dags/flight-pipeline.py
[2026-05-03T11:11:26.404+0000] {processor.py:840} INFO - DAG(s) 'flights_ops_medallion_pipe' retrieved from /opt/airflow/dags/flight-pipeline.py
[2026-05-03T11:11:26.628+0000] {logging_mixin.py:188} INFO - [2026-05-03T11:11:26.628+0000] {dag.py:3089} INFO - Sync 1 DAGs
[2026-05-03T11:11:26.655+0000] {logging_mixin.py:188} INFO - [2026-05-03T11:11:26.655+0000] {dag.py:3947} INFO - Setting next_dagrun for flights_ops_medallion_pipe to 2026-05-03 11:00:00+00:00, run_after=2026-05-03 11:30:00+00:00
[2026-05-03T11:11:26.684+0000] {processor.py:183} INFO - Processing /opt/airflow/dags/flight-pipeline.py took 1.110 seconds
[2026-05-03T11:11:56.957+0000] {processor.py:161} INFO - Started process (PID=14596) to work on /opt/airflow/dags/flight-pipeline.py
[2026-05-03T11:11:56.969+0000] {processor.py:830} INFO - Processing file /opt/airflow/dags/flight-pipeline.py for tasks to queue
[2026-05-03T11:11:56.971+0000] {logging_mixin.py:188} INFO - [2026-05-03T11:11:56.971+0000] {dagbag.py:545} INFO - Filling up the DagBag from /opt/airflow/dags/flight-pipeline.py
[2026-05-03T11:11:58.434+0000] {processor.py:840} INFO - DAG(s) 'flights_ops_medallion_pipe' retrieved from /opt/airflow/dags/flight-pipeline.py
[2026-05-03T11:11:58.481+0000] {logging_mixin.py:188} INFO - [2026-05-03T11:11:58.480+0000] {dag.py:3089} INFO - Sync 1 DAGs
[2026-05-03T11:11:58.512+0000] {logging_mixin.py:188} INFO - [2026-05-03T11:11:58.512+0000] {dag.py:3947} INFO - Setting next_dagrun for flights_ops_medallion_pipe to 2026-05-03 11:00:00+00:00, run_after=2026-05-03 11:30:00+00:00
[2026-05-03T11:11:58.542+0000] {processor.py:183} INFO - Processing /opt/airflow/dags/flight-pipeline.py took 1.598 seconds
[2026-05-03T11:12:28.832+0000] {processor.py:161} INFO - Started process (PID=14599) to work on /opt/airflow/dags/flight-pipeline.py
[2026-05-03T11:12:28.835+0000] {processor.py:830} INFO - Processing file /opt/airflow/dags/flight-pipeline.py for tasks to queue
[2026-05-03T11:12:28.836+0000] {logging_mixin.py:188} INFO - [2026-05-03T11:12:28.836+0000] {dagbag.py:545} INFO - Filling up the DagBag from /opt/airflow/dags/flight-pipeline.py
[2026-05-03T11:12:29.923+0000] {processor.py:840} INFO - DAG(s) 'flights_ops_medallion_pipe' retrieved from /opt/airflow/dags/flight-pipeline.py
[2026-05-03T11:12:29.969+0000] {logging_mixin.py:188} INFO - [2026-05-03T11:12:29.969+0000] {dag.py:3089} INFO - Sync 1 DAGs
[2026-05-03T11:12:29.997+0000] {logging_mixin.py:188} INFO - [2026-05-03T11:12:29.997+0000] {dag.py:3947} INFO - Setting next_dagrun for flights_ops_medallion_pipe to 2026-05-03 11:00:00+00:00, run_after=2026-05-03 11:30:00+00:00
[2026-05-03T11:12:30.023+0000] {processor.py:183} INFO - Processing /opt/airflow/dags/flight-pipeline.py took 1.202 seconds
[2026-05-03T11:13:00.294+0000] {processor.py:161} INFO - Started process (PID=14602) to work on /opt/airflow/dags/flight-pipeline.py
[2026-05-03T11:13:00.299+0000] {processor.py:830} INFO - Processing file /opt/airflow/dags/flight-pipeline.py for tasks to queue
[2026-05-03T11:13:00.301+0000] {logging_mixin.py:188} INFO - [2026-05-03T11:13:00.300+0000] {dagbag.py:545} INFO - Filling up the DagBag from /opt/airflow/dags/flight-pipeline.py
[2026-05-03T11:13:01.436+0000] {processor.py:840} INFO - DAG(s) 'flights_ops_medallion_pipe' retrieved from /opt/airflow/dags/flight-pipeline.py
[2026-05-03T11:13:01.479+0000] {logging_mixin.py:188} INFO - [2026-05-03T11:13:01.478+0000] {dag.py:3089} INFO - Sync 1 DAGs
[2026-05-03T11:13:01.509+0000] {logging_mixin.py:188} INFO - [2026-05-03T11:13:01.509+0000] {dag.py:3947} INFO - Setting next_dagrun for flights_ops_medallion_pipe to 2026-05-03 11:00:00+00:00, run_after=2026-05-03 11:30:00+00:00
[2026-05-03T11:13:01.536+0000] {processor.py:183} INFO - Processing /opt/airflow/dags/flight-pipeline.py took 1.252 seconds
[2026-05-03T11:13:31.793+0000] {processor.py:161} INFO - Started process (PID=14605) to work on /opt/airflow/dags/flight-pipeline.py
[2026-05-03T11:13:31.796+0000] {processor.py:830} INFO - Processing file /opt/airflow/dags/flight-pipeline.py for tasks to queue
[2026-05-03T11:13:31.797+0000] {logging_mixin.py:188} INFO - [2026-05-03T11:13:31.797+0000] {dagbag.py:545} INFO - Filling up the DagBag from /opt/airflow/dags/flight-pipeline.py
[2026-05-03T11:13:32.602+0000] {processor.py:840} INFO - DAG(s) 'flights_ops_medallion_pipe' retrieved from /opt/airflow/dags/flight-pipeline.py
[2026-05-03T11:13:32.643+0000] {logging_mixin.py:188} INFO - [2026-05-03T11:13:32.642+0000] {dag.py:3089} INFO - Sync 1 DAGs
[2026-05-03T11:13:32.866+0000] {logging_mixin.py:188} INFO - [2026-05-03T11:13:32.866+0000] {dag.py:3947} INFO - Setting next_dagrun for flights_ops_medallion_pipe to 2026-05-03 11:00:00+00:00, run_after=2026-05-03 11:30:00+00:00
[2026-05-03T11:13:32.891+0000] {processor.py:183} INFO - Processing /opt/airflow/dags/flight-pipeline.py took 1.107 seconds
[2026-05-03T11:14:03.037+0000] {processor.py:161} INFO - Started process (PID=14608) to work on /opt/airflow/dags/flight-pipeline.py
[2026-05-03T11:14:03.040+0000] {processor.py:830} INFO - Processing file /opt/airflow/dags/flight-pipeline.py for tasks to queue
[2026-05-03T11:14:03.042+0000] {logging_mixin.py:188} INFO - [2026-05-03T11:14:03.041+0000] {dagbag.py:545} INFO - Filling up the DagBag from /opt/airflow/dags/flight-pipeline.py
[2026-05-03T11:14:03.924+0000] {processor.py:840} INFO - DAG(s) 'flights_ops_medallion_pipe' retrieved from /opt/airflow/dags/flight-pipeline.py
[2026-05-03T11:14:04.159+0000] {logging_mixin.py:188} INFO - [2026-05-03T11:14:04.158+0000] {dag.py:3089} INFO - Sync 1 DAGs
[2026-05-03T11:14:04.193+0000] {logging_mixin.py:188} INFO - [2026-05-03T11:14:04.193+0000] {dag.py:3947} INFO - Setting next_dagrun for flights_ops_medallion_pipe to 2026-05-03 11:00:00+00:00, run_after=2026-05-03 11:30:00+00:00
[2026-05-03T11:14:04.221+0000] {processor.py:183} INFO - Processing /opt/airflow/dags/flight-pipeline.py took 1.194 seconds
[2026-05-03T11:14:34.383+0000] {processor.py:161} INFO - Started process (PID=14611) to work on /opt/airflow/dags/flight-pipeline.py
[2026-05-03T11:14:34.386+0000] {processor.py:830} INFO - Processing file /opt/airflow/dags/flight-pipeline.py for tasks to queue
[2026-05-03T11:14:34.388+0000] {logging_mixin.py:188} INFO - [2026-05-03T11:14:34.387+0000] {dagbag.py:545} INFO - Filling up the DagBag from /opt/airflow/dags/flight-pipeline.py
[2026-05-03T11:14:35.200+0000] {processor.py:840} INFO - DAG(s) 'flights_ops_medallion_pipe' retrieved from /opt/airflow/dags/flight-pipeline.py
[2026-05-03T11:14:35.427+0000] {logging_mixin.py:188} INFO - [2026-05-03T11:14:35.427+0000] {dag.py:3089} INFO - Sync 1 DAGs
[2026-05-03T11:14:35.455+0000] {logging_mixin.py:188} INFO - [2026-05-03T11:14:35.455+0000] {dag.py:3947} INFO - Setting next_dagrun for flights_ops_medallion_pipe to 2026-05-03 11:00:00+00:00, run_after=2026-05-03 11:30:00+00:00
[2026-05-03T11:14:35.480+0000] {processor.py:183} INFO - Processing /opt/airflow/dags/flight-pipeline.py took 1.105 seconds
[2026-05-03T11:15:05.717+0000] {processor.py:161} INFO - Started process (PID=14614) to work on /opt/airflow/dags/flight-pipeline.py
[2026-05-03T11:15:05.720+0000] {processor.py:830} INFO - Processing file /opt/airflow/dags/flight-pipeline.py for tasks to queue
[2026-05-03T11:15:05.722+0000] {logging_mixin.py:188} INFO - [2026-05-03T11:15:05.721+0000] {dagbag.py:545} INFO - Filling up the DagBag from /opt/airflow/dags/flight-pipeline.py
[2026-05-03T11:15:06.867+0000] {processor.py:840} INFO - DAG(s) 'flights_ops_medallion_pipe' retrieved from /opt/airflow/dags/flight-pipeline.py
[2026-05-03T11:15:06.907+0000] {logging_mixin.py:188} INFO - [2026-05-03T11:15:06.906+0000] {dag.py:3089} INFO - Sync 1 DAGs
[2026-05-03T11:15:06.934+0000] {logging_mixin.py:188} INFO - [2026-05-03T11:15:06.934+0000] {dag.py:3947} INFO - Setting next_dagrun for flights_ops_medallion_pipe to 2026-05-03 11:00:00+00:00, run_after=2026-05-03 11:30:00+00:00
[2026-05-03T11:15:06.957+0000] {processor.py:183} INFO - Processing /opt/airflow/dags/flight-pipeline.py took 1.250 seconds
[2026-05-03T11:15:37.209+0000] {processor.py:161} INFO - Started process (PID=14617) to work on /opt/airflow/dags/flight-pipeline.py
[2026-05-03T11:15:37.211+0000] {processor.py:830} INFO - Processing file /opt/airflow/dags/flight-pipeline.py for tasks to queue
[2026-05-03T11:15:37.213+0000] {logging_mixin.py:188} INFO - [2026-05-03T11:15:37.212+0000] {dagbag.py:545} INFO - Filling up the DagBag from /opt/airflow/dags/flight-pipeline.py
[2026-05-03T11:15:38.176+0000] {processor.py:840} INFO - DAG(s) 'flights_ops_medallion_pipe' retrieved from /opt/airflow/dags/flight-pipeline.py
[2026-05-03T11:15:38.214+0000] {logging_mixin.py:188} INFO - [2026-05-03T11:15:38.214+0000] {dag.py:3089} INFO - Sync 1 DAGs
[2026-05-03T11:15:38.237+0000] {logging_mixin.py:188} INFO - [2026-05-03T11:15:38.237+0000] {dag.py:3947} INFO - Setting next_dagrun for flights_ops_medallion_pipe to 2026-05-03 11:00:00+00:00, run_after=2026-05-03 11:30:00+00:00
[2026-05-03T11:15:38.261+0000] {processor.py:183} INFO - Processing /opt/airflow/dags/flight-pipeline.py took 1.061 seconds
[2026-05-03T11:16:08.459+0000] {processor.py:161} INFO - Started process (PID=14620) to work on /opt/airflow/dags/flight-pipeline.py
[2026-05-03T11:16:08.462+0000] {processor.py:830} INFO - Processing file /opt/airflow/dags/flight-pipeline.py for tasks to queue
[2026-05-03T11:16:08.464+0000] {logging_mixin.py:188} INFO - [2026-05-03T11:16:08.464+0000] {dagbag.py:545} INFO - Filling up the DagBag from /opt/airflow/dags/flight-pipeline.py
[2026-05-03T11:16:09.521+0000] {processor.py:840} INFO - DAG(s) 'flights_ops_medallion_pipe' retrieved from /opt/airflow/dags/flight-pipeline.py
[2026-05-03T11:16:09.564+0000] {logging_mixin.py:188} INFO - [2026-05-03T11:16:09.564+0000] {dag.py:3089} INFO - Sync 1 DAGs
[2026-05-03T11:16:09.592+0000] {logging_mixin.py:188} INFO - [2026-05-03T11:16:09.591+0000] {dag.py:3947} INFO - Setting next_dagrun for flights_ops_medallion_pipe to 2026-05-03 11:00:00+00:00, run_after=2026-05-03 11:30:00+00:00
[2026-05-03T11:16:09.617+0000] {processor.py:183} INFO - Processing /opt/airflow/dags/flight-pipeline.py took 1.169 seconds
[2026-05-03T11:16:39.772+0000] {processor.py:161} INFO - Started process (PID=14623) to work on /opt/airflow/dags/flight-pipeline.py
[2026-05-03T11:16:39.776+0000] {processor.py:830} INFO - Processing file /opt/airflow/dags/flight-pipeline.py for tasks to queue
[2026-05-03T11:16:39.778+0000] {logging_mixin.py:188} INFO - [2026-05-03T11:16:39.777+0000] {dagbag.py:545} INFO - Filling up the DagBag from /opt/airflow/dags/flight-pipeline.py
[2026-05-03T11:16:40.743+0000] {processor.py:840} INFO - DAG(s) 'flights_ops_medallion_pipe' retrieved from /opt/airflow/dags/flight-pipeline.py
[2026-05-03T11:16:40.801+0000] {logging_mixin.py:188} INFO - [2026-05-03T11:16:40.800+0000] {dag.py:3089} INFO - Sync 1 DAGs
[2026-05-03T11:16:41.023+0000] {logging_mixin.py:188} INFO - [2026-05-03T11:16:41.022+0000] {dag.py:3947} INFO - Setting next_dagrun for flights_ops_medallion_pipe to 2026-05-03 11:00:00+00:00, run_after=2026-05-03 11:30:00+00:00
[2026-05-03T11:16:41.047+0000] {processor.py:183} INFO - Processing /opt/airflow/dags/flight-pipeline.py took 1.288 seconds
[2026-05-03T11:17:11.107+0000] {processor.py:161} INFO - Started process (PID=14626) to work on /opt/airflow/dags/flight-pipeline.py
[2026-05-03T11:17:11.110+0000] {processor.py:830} INFO - Processing file /opt/airflow/dags/flight-pipeline.py for tasks to queue
[2026-05-03T11:17:11.112+0000] {logging_mixin.py:188} INFO - [2026-05-03T11:17:11.111+0000] {dagbag.py:545} INFO - Filling up the DagBag from /opt/airflow/dags/flight-pipeline.py
[2026-05-03T11:17:12.019+0000] {processor.py:840} INFO - DAG(s) 'flights_ops_medallion_pipe' retrieved from /opt/airflow/dags/flight-pipeline.py
[2026-05-03T11:17:12.258+0000] {logging_mixin.py:188} INFO - [2026-05-03T11:17:12.258+0000] {dag.py:3089} INFO - Sync 1 DAGs
[2026-05-03T11:17:12.285+0000] {logging_mixin.py:188} INFO - [2026-05-03T11:17:12.285+0000] {dag.py:3947} INFO - Setting next_dagrun for flights_ops_medallion_pipe to 2026-05-03 11:00:00+00:00, run_after=2026-05-03 11:30:00+00:00
[2026-05-03T11:17:12.309+0000] {processor.py:183} INFO - Processing /opt/airflow/dags/flight-pipeline.py took 1.213 seconds
[2026-05-03T11:17:42.573+0000] {processor.py:161} INFO - Started process (PID=14629) to work on /opt/airflow/dags/flight-pipeline.py
[2026-05-03T11:17:42.575+0000] {processor.py:830} INFO - Processing file /opt/airflow/dags/flight-pipeline.py for tasks to queue
[2026-05-03T11:17:42.576+0000] {logging_mixin.py:188} INFO - [2026-05-03T11:17:42.576+0000] {dagbag.py:545} INFO - Filling up the DagBag from /opt/airflow/dags/flight-pipeline.py
[2026-05-03T11:17:43.405+0000] {processor.py:840} INFO - DAG(s) 'flights_ops_medallion_pipe' retrieved from /opt/airflow/dags/flight-pipeline.py
[2026-05-03T11:17:43.623+0000] {logging_mixin.py:188} INFO - [2026-05-03T11:17:43.622+0000] {dag.py:3089} INFO - Sync 1 DAGs
[2026-05-03T11:17:43.648+0000] {logging_mixin.py:188} INFO - [2026-05-03T11:17:43.648+0000] {dag.py:3947} INFO - Setting next_dagrun for flights_ops_medallion_pipe to 2026-05-03 11:00:00+00:00, run_after=2026-05-03 11:30:00+00:00
[2026-05-03T11:17:43.671+0000] {processor.py:183} INFO - Processing /opt/airflow/dags/flight-pipeline.py took 1.107 seconds
[2026-05-03T11:18:13.836+0000] {processor.py:161} INFO - Started process (PID=14632) to work on /opt/airflow/dags/flight-pipeline.py
[2026-05-03T11:18:13.839+0000] {processor.py:830} INFO - Processing file /opt/airflow/dags/flight-pipeline.py for tasks to queue
[2026-05-03T11:18:13.840+0000] {logging_mixin.py:188} INFO - [2026-05-03T11:18:13.840+0000] {dagbag.py:545} INFO - Filling up the DagBag from /opt/airflow/dags/flight-pipeline.py
[2026-05-03T11:18:14.761+0000] {processor.py:840} INFO - DAG(s) 'flights_ops_medallion_pipe' retrieved from /opt/airflow/dags/flight-pipeline.py
[2026-05-03T11:18:14.795+0000] {logging_mixin.py:188} INFO - [2026-05-03T11:18:14.794+0000] {dag.py:3089} INFO - Sync 1 DAGs
[2026-05-03T11:18:14.818+0000] {logging_mixin.py:188} INFO - [2026-05-03T11:18:14.818+0000] {dag.py:3947} INFO - Setting next_dagrun for flights_ops_medallion_pipe to 2026-05-03 11:00:00+00:00, run_after=2026-05-03 11:30:00+00:00
[2026-05-03T11:18:14.839+0000] {processor.py:183} INFO - Processing /opt/airflow/dags/flight-pipeline.py took 1.013 seconds
[2026-05-03T11:18:45.092+0000] {processor.py:161} INFO - Started process (PID=14635) to work on /opt/airflow/dags/flight-pipeline.py
[2026-05-03T11:18:45.095+0000] {processor.py:830} INFO - Processing file /opt/airflow/dags/flight-pipeline.py for tasks to queue
[2026-05-03T11:18:45.096+0000] {logging_mixin.py:188} INFO - [2026-05-03T11:18:45.095+0000] {dagbag.py:545} INFO - Filling up the DagBag from /opt/airflow/dags/flight-pipeline.py
[2026-05-03T11:18:46.000+0000] {processor.py:840} INFO - DAG(s) 'flights_ops_medallion_pipe' retrieved from /opt/airflow/dags/flight-pipeline.py
[2026-05-03T11:18:46.034+0000] {logging_mixin.py:188} INFO - [2026-05-03T11:18:46.034+0000] {dag.py:3089} INFO - Sync 1 DAGs
[2026-05-03T11:18:46.058+0000] {logging_mixin.py:188} INFO - [2026-05-03T11:18:46.058+0000] {dag.py:3947} INFO - Setting next_dagrun for flights_ops_medallion_pipe to 2026-05-03 11:00:00+00:00, run_after=2026-05-03 11:30:00+00:00
[2026-05-03T11:18:46.079+0000] {processor.py:183} INFO - Processing /opt/airflow/dags/flight-pipeline.py took 0.995 seconds
[2026-05-03T11:19:16.338+0000] {processor.py:161} INFO - Started process (PID=14638) to work on /opt/airflow/dags/flight-pipeline.py
[2026-05-03T11:19:16.341+0000] {processor.py:830} INFO - Processing file /opt/airflow/dags/flight-pipeline.py for tasks to queue
[2026-05-03T11:19:16.342+0000] {logging_mixin.py:188} INFO - [2026-05-03T11:19:16.341+0000] {dagbag.py:545} INFO - Filling up the DagBag from /opt/airflow/dags/flight-pipeline.py
[2026-05-03T11:19:17.383+0000] {processor.py:840} INFO - DAG(s) 'flights_ops_medallion_pipe' retrieved from /opt/airflow/dags/flight-pipeline.py
[2026-05-03T11:19:17.425+0000] {logging_mixin.py:188} INFO - [2026-05-03T11:19:17.424+0000] {dag.py:3089} INFO - Sync 1 DAGs
[2026-05-03T11:19:17.453+0000] {logging_mixin.py:188} INFO - [2026-05-03T11:19:17.453+0000] {dag.py:3947} INFO - Setting next_dagrun for flights_ops_medallion_pipe to 2026-05-03 11:00:00+00:00, run_after=2026-05-03 11:30:00+00:00
[2026-05-03T11:19:17.476+0000] {processor.py:183} INFO - Processing /opt/airflow/dags/flight-pipeline.py took 1.146 seconds
[2026-05-03T11:19:47.607+0000] {processor.py:161} INFO - Started process (PID=14641) to work on /opt/airflow/dags/flight-pipeline.py
[2026-05-03T11:19:47.610+0000] {processor.py:830} INFO - Processing file /opt/airflow/dags/flight-pipeline.py for tasks to queue
[2026-05-03T11:19:47.611+0000] {logging_mixin.py:188} INFO - [2026-05-03T11:19:47.611+0000] {dagbag.py:545} INFO - Filling up the DagBag from /opt/airflow/dags/flight-pipeline.py
[2026-05-03T11:19:48.381+0000] {processor.py:840} INFO - DAG(s) 'flights_ops_medallion_pipe' retrieved from /opt/airflow/dags/flight-pipeline.py
[2026-05-03T11:19:48.423+0000] {logging_mixin.py:188} INFO - [2026-05-03T11:19:48.423+0000] {dag.py:3089} INFO - Sync 1 DAGs
[2026-05-03T11:19:48.619+0000] {logging_mixin.py:188} INFO - [2026-05-03T11:19:48.618+0000] {dag.py:3947} INFO - Setting next_dagrun for flights_ops_medallion_pipe to 2026-05-03 11:00:00+00:00, run_after=2026-05-03 11:30:00+00:00
[2026-05-03T11:19:48.639+0000] {processor.py:183} INFO - Processing /opt/airflow/dags/flight-pipeline.py took 1.041 seconds
[2026-05-03T11:20:18.875+0000] {processor.py:161} INFO - Started process (PID=14644) to work on /opt/airflow/dags/flight-pipeline.py
[2026-05-03T11:20:18.879+0000] {processor.py:830} INFO - Processing file /opt/airflow/dags/flight-pipeline.py for tasks to queue
[2026-05-03T11:20:18.880+0000] {logging_mixin.py:188} INFO - [2026-05-03T11:20:18.879+0000] {dagbag.py:545} INFO - Filling up the DagBag from /opt/airflow/dags/flight-pipeline.py
[2026-05-03T11:20:19.733+0000] {processor.py:840} INFO - DAG(s) 'flights_ops_medallion_pipe' retrieved from /opt/airflow/dags/flight-pipeline.py
[2026-05-03T11:20:19.961+0000] {logging_mixin.py:188} INFO - [2026-05-03T11:20:19.960+0000] {dag.py:3089} INFO - Sync 1 DAGs
[2026-05-03T11:20:19.988+0000] {logging_mixin.py:188} INFO - [2026-05-03T11:20:19.988+0000] {dag.py:3947} INFO - Setting next_dagrun for flights_ops_medallion_pipe to 2026-05-03 11:00:00+00:00, run_after=2026-05-03 11:30:00+00:00
[2026-05-03T11:20:20.013+0000] {processor.py:183} INFO - Processing /opt/airflow/dags/flight-pipeline.py took 1.146 seconds
[2026-05-03T11:20:51.120+0000] {processor.py:161} INFO - Started process (PID=14647) to work on /opt/airflow/dags/flight-pipeline.py
[2026-05-03T11:20:51.145+0000] {processor.py:830} INFO - Processing file /opt/airflow/dags/flight-pipeline.py for tasks to queue
[2026-05-03T11:20:51.156+0000] {logging_mixin.py:188} INFO - [2026-05-03T11:20:51.151+0000] {dagbag.py:545} INFO - Filling up the DagBag from /opt/airflow/dags/flight-pipeline.py
[2026-05-03T11:21:22.169+0000] {logging_mixin.py:188} INFO - [2026-05-03T11:21:21.411+0000] {timeout.py:68} ERROR - Process timed out, PID: 14647
[2026-05-03T11:21:54.650+0000] {processor.py:161} INFO - Started process (PID=14649) to work on /opt/airflow/dags/flight-pipeline.py
[2026-05-03T11:21:54.688+0000] {processor.py:830} INFO - Processing file /opt/airflow/dags/flight-pipeline.py for tasks to queue
[2026-05-03T11:21:54.713+0000] {logging_mixin.py:188} INFO - [2026-05-03T11:21:54.703+0000] {dagbag.py:545} INFO - Filling up the DagBag from /opt/airflow/dags/flight-pipeline.py
[2026-05-03T11:22:14.632+0000] {processor.py:840} INFO - DAG(s) 'flights_ops_medallion_pipe' retrieved from /opt/airflow/dags/flight-pipeline.py
[2026-05-03T11:22:15.864+0000] {logging_mixin.py:188} INFO - [2026-05-03T11:22:15.854+0000] {dag.py:3089} INFO - Sync 1 DAGs
[2026-05-03T11:22:16.111+0000] {logging_mixin.py:188} INFO - [2026-05-03T11:22:16.108+0000] {dag.py:3947} INFO - Setting next_dagrun for flights_ops_medallion_pipe to 2026-05-03 11:00:00+00:00, run_after=2026-05-03 11:30:00+00:00
[2026-05-03T11:22:16.392+0000] {processor.py:183} INFO - Processing /opt/airflow/dags/flight-pipeline.py took 21.972 seconds
[2026-05-03T11:22:47.994+0000] {processor.py:161} INFO - Started process (PID=14652) to work on /opt/airflow/dags/flight-pipeline.py
[2026-05-03T11:22:48.079+0000] {processor.py:830} INFO - Processing file /opt/airflow/dags/flight-pipeline.py for tasks to queue
[2026-05-03T11:22:48.155+0000] {logging_mixin.py:188} INFO - [2026-05-03T11:22:48.124+0000] {dagbag.py:545} INFO - Filling up the DagBag from /opt/airflow/dags/flight-pipeline.py
[2026-05-03T11:23:06.782+0000] {processor.py:840} INFO - DAG(s) 'flights_ops_medallion_pipe' retrieved from /opt/airflow/dags/flight-pipeline.py
[2026-05-03T11:23:06.968+0000] {logging_mixin.py:188} INFO - [2026-05-03T11:23:06.966+0000] {dag.py:3089} INFO - Sync 1 DAGs
[2026-05-03T11:23:07.080+0000] {logging_mixin.py:188} INFO - [2026-05-03T11:23:07.078+0000] {dag.py:3947} INFO - Setting next_dagrun for flights_ops_medallion_pipe to 2026-05-03 11:00:00+00:00, run_after=2026-05-03 11:30:00+00:00
[2026-05-03T11:23:07.167+0000] {processor.py:183} INFO - Processing /opt/airflow/dags/flight-pipeline.py took 19.513 seconds
[2026-05-03T11:23:37.537+0000] {processor.py:161} INFO - Started process (PID=14655) to work on /opt/airflow/dags/flight-pipeline.py
[2026-05-03T11:23:37.540+0000] {processor.py:830} INFO - Processing file /opt/airflow/dags/flight-pipeline.py for tasks to queue
[2026-05-03T11:23:37.541+0000] {logging_mixin.py:188} INFO - [2026-05-03T11:23:37.540+0000] {dagbag.py:545} INFO - Filling up the DagBag from /opt/airflow/dags/flight-pipeline.py
[2026-05-03T11:23:38.184+0000] {processor.py:840} INFO - DAG(s) 'flights_ops_medallion_pipe' retrieved from /opt/airflow/dags/flight-pipeline.py
[2026-05-03T11:23:38.548+0000] {logging_mixin.py:188} INFO - [2026-05-03T11:23:38.548+0000] {dag.py:3089} INFO - Sync 1 DAGs
[2026-05-03T11:23:38.581+0000] {logging_mixin.py:188} INFO - [2026-05-03T11:23:38.581+0000] {dag.py:3947} INFO - Setting next_dagrun for flights_ops_medallion_pipe to 2026-05-03 11:00:00+00:00, run_after=2026-05-03 11:30:00+00:00
[2026-05-03T11:23:38.602+0000] {processor.py:183} INFO - Processing /opt/airflow/dags/flight-pipeline.py took 1.073 seconds
[2026-05-03T11:35:19.362+0000] {processor.py:161} INFO - Started process (PID=14658) to work on /opt/airflow/dags/flight-pipeline.py
[2026-05-03T11:35:19.392+0000] {processor.py:830} INFO - Processing file /opt/airflow/dags/flight-pipeline.py for tasks to queue
[2026-05-03T11:35:19.448+0000] {logging_mixin.py:188} INFO - [2026-05-03T11:35:19.413+0000] {dagbag.py:545} INFO - Filling up the DagBag from /opt/airflow/dags/flight-pipeline.py
[2026-05-03T11:35:20.836+0000] {processor.py:840} INFO - DAG(s) 'flights_ops_medallion_pipe' retrieved from /opt/airflow/dags/flight-pipeline.py
[2026-05-03T11:35:21.438+0000] {logging_mixin.py:188} INFO - [2026-05-03T11:35:21.438+0000] {dag.py:3089} INFO - Sync 1 DAGs
[2026-05-03T11:35:21.474+0000] {logging_mixin.py:188} INFO - [2026-05-03T11:35:21.474+0000] {dag.py:3947} INFO - Setting next_dagrun for flights_ops_medallion_pipe to 2026-05-03 11:30:00+00:00, run_after=2026-05-03 12:00:00+00:00
[2026-05-03T11:35:21.500+0000] {processor.py:183} INFO - Processing /opt/airflow/dags/flight-pipeline.py took 2.164 seconds
[2026-05-03T11:35:52.494+0000] {processor.py:161} INFO - Started process (PID=14674) to work on /opt/airflow/dags/flight-pipeline.py
[2026-05-03T11:35:52.516+0000] {processor.py:830} INFO - Processing file /opt/airflow/dags/flight-pipeline.py for tasks to queue
[2026-05-03T11:35:52.529+0000] {logging_mixin.py:188} INFO - [2026-05-03T11:35:52.524+0000] {dagbag.py:545} INFO - Filling up the DagBag from /opt/airflow/dags/flight-pipeline.py
[2026-05-03T11:36:04.910+0000] {processor.py:840} INFO - DAG(s) 'flights_ops_medallion_pipe' retrieved from /opt/airflow/dags/flight-pipeline.py
[2026-05-03T11:36:05.267+0000] {logging_mixin.py:188} INFO - [2026-05-03T11:36:05.263+0000] {dag.py:3089} INFO - Sync 1 DAGs
[2026-05-03T11:36:05.515+0000] {logging_mixin.py:188} INFO - [2026-05-03T11:36:05.512+0000] {dag.py:3947} INFO - Setting next_dagrun for flights_ops_medallion_pipe to 2026-05-03 11:30:00+00:00, run_after=2026-05-03 12:00:00+00:00
[2026-05-03T11:36:05.708+0000] {processor.py:183} INFO - Processing /opt/airflow/dags/flight-pipeline.py took 13.302 seconds
[2026-05-03T11:53:23.955+0000] {processor.py:161} INFO - Started process (PID=14689) to work on /opt/airflow/dags/flight-pipeline.py
[2026-05-03T11:53:23.960+0000] {processor.py:830} INFO - Processing file /opt/airflow/dags/flight-pipeline.py for tasks to queue
[2026-05-03T11:53:23.963+0000] {logging_mixin.py:188} INFO - [2026-05-03T11:53:23.962+0000] {dagbag.py:545} INFO - Filling up the DagBag from /opt/airflow/dags/flight-pipeline.py
[2026-05-03T11:53:25.476+0000] {processor.py:840} INFO - DAG(s) 'flights_ops_medallion_pipe' retrieved from /opt/airflow/dags/flight-pipeline.py
[2026-05-03T11:53:25.523+0000] {logging_mixin.py:188} INFO - [2026-05-03T11:53:25.522+0000] {dag.py:3089} INFO - Sync 1 DAGs
[2026-05-03T11:53:25.589+0000] {logging_mixin.py:188} INFO - [2026-05-03T11:53:25.589+0000] {dag.py:3947} INFO - Setting next_dagrun for flights_ops_medallion_pipe to 2026-05-03 11:30:00+00:00, run_after=2026-05-03 12:00:00+00:00
[2026-05-03T11:53:25.614+0000] {processor.py:183} INFO - Processing /opt/airflow/dags/flight-pipeline.py took 1.906 seconds
[2026-05-03T11:53:56.146+0000] {processor.py:161} INFO - Started process (PID=14713) to work on /opt/airflow/dags/flight-pipeline.py
[2026-05-03T11:53:56.173+0000] {processor.py:830} INFO - Processing file /opt/airflow/dags/flight-pipeline.py for tasks to queue
[2026-05-03T11:53:56.189+0000] {logging_mixin.py:188} INFO - [2026-05-03T11:53:56.184+0000] {dagbag.py:545} INFO - Filling up the DagBag from /opt/airflow/dags/flight-pipeline.py
[2026-05-03T11:54:06.733+0000] {processor.py:840} INFO - DAG(s) 'flights_ops_medallion_pipe' retrieved from /opt/airflow/dags/flight-pipeline.py
[2026-05-03T11:54:07.070+0000] {logging_mixin.py:188} INFO - [2026-05-03T11:54:07.065+0000] {dag.py:3089} INFO - Sync 1 DAGs
[2026-05-03T11:54:07.292+0000] {logging_mixin.py:188} INFO - [2026-05-03T11:54:07.290+0000] {dag.py:3947} INFO - Setting next_dagrun for flights_ops_medallion_pipe to 2026-05-03 11:30:00+00:00, run_after=2026-05-03 12:00:00+00:00
[2026-05-03T11:54:07.464+0000] {processor.py:183} INFO - Processing /opt/airflow/dags/flight-pipeline.py took 11.439 seconds
[2026-05-03T12:11:13.589+0000] {processor.py:161} INFO - Started process (PID=14718) to work on /opt/airflow/dags/flight-pipeline.py
[2026-05-03T12:11:13.601+0000] {processor.py:830} INFO - Processing file /opt/airflow/dags/flight-pipeline.py for tasks to queue
[2026-05-03T12:11:13.604+0000] {logging_mixin.py:188} INFO - [2026-05-03T12:11:13.604+0000] {dagbag.py:545} INFO - Filling up the DagBag from /opt/airflow/dags/flight-pipeline.py
[2026-05-03T12:11:15.501+0000] {processor.py:840} INFO - DAG(s) 'flights_ops_medallion_pipe' retrieved from /opt/airflow/dags/flight-pipeline.py
[2026-05-03T12:11:15.544+0000] {logging_mixin.py:188} INFO - [2026-05-03T12:11:15.543+0000] {dag.py:3089} INFO - Sync 1 DAGs
[2026-05-03T12:11:15.570+0000] {logging_mixin.py:188} INFO - [2026-05-03T12:11:15.569+0000] {dag.py:3947} INFO - Setting next_dagrun for flights_ops_medallion_pipe to 2026-05-03 11:30:00+00:00, run_after=2026-05-03 12:00:00+00:00
[2026-05-03T12:11:15.595+0000] {processor.py:183} INFO - Processing /opt/airflow/dags/flight-pipeline.py took 2.089 seconds
[2026-05-03T12:11:46.740+0000] {processor.py:161} INFO - Started process (PID=14721) to work on /opt/airflow/dags/flight-pipeline.py
[2026-05-03T12:11:46.792+0000] {processor.py:830} INFO - Processing file /opt/airflow/dags/flight-pipeline.py for tasks to queue
[2026-05-03T12:11:46.825+0000] {logging_mixin.py:188} INFO - [2026-05-03T12:11:46.806+0000] {dagbag.py:545} INFO - Filling up the DagBag from /opt/airflow/dags/flight-pipeline.py
[2026-05-03T12:11:57.301+0000] {processor.py:840} INFO - DAG(s) 'flights_ops_medallion_pipe' retrieved from /opt/airflow/dags/flight-pipeline.py
[2026-05-03T12:11:57.684+0000] {logging_mixin.py:188} INFO - [2026-05-03T12:11:57.680+0000] {dag.py:3089} INFO - Sync 1 DAGs
[2026-05-03T12:11:59.491+0000] {logging_mixin.py:188} INFO - [2026-05-03T12:11:59.485+0000] {dag.py:3947} INFO - Setting next_dagrun for flights_ops_medallion_pipe to 2026-05-03 11:30:00+00:00, run_after=2026-05-03 12:00:00+00:00
[2026-05-03T12:11:59.781+0000] {processor.py:183} INFO - Processing /opt/airflow/dags/flight-pipeline.py took 13.206 seconds
[2026-05-03T12:29:40.712+0000] {processor.py:161} INFO - Started process (PID=14726) to work on /opt/airflow/dags/flight-pipeline.py
[2026-05-03T12:29:40.716+0000] {processor.py:830} INFO - Processing file /opt/airflow/dags/flight-pipeline.py for tasks to queue
[2026-05-03T12:29:40.730+0000] {logging_mixin.py:188} INFO - [2026-05-03T12:29:40.721+0000] {dagbag.py:545} INFO - Filling up the DagBag from /opt/airflow/dags/flight-pipeline.py
[2026-05-03T12:29:42.241+0000] {processor.py:840} INFO - DAG(s) 'flights_ops_medallion_pipe' retrieved from /opt/airflow/dags/flight-pipeline.py
[2026-05-03T12:29:43.160+0000] {logging_mixin.py:188} INFO - [2026-05-03T12:29:43.159+0000] {dag.py:3089} INFO - Sync 1 DAGs
[2026-05-03T12:29:43.252+0000] {logging_mixin.py:188} INFO - [2026-05-03T12:29:43.252+0000] {dag.py:3947} INFO - Setting next_dagrun for flights_ops_medallion_pipe to 2026-05-03 11:30:00+00:00, run_after=2026-05-03 12:00:00+00:00
[2026-05-03T12:29:43.274+0000] {processor.py:183} INFO - Processing /opt/airflow/dags/flight-pipeline.py took 2.590 seconds
[2026-05-03T12:30:13.929+0000] {processor.py:161} INFO - Started process (PID=14729) to work on /opt/airflow/dags/flight-pipeline.py
[2026-05-03T12:30:13.977+0000] {processor.py:830} INFO - Processing file /opt/airflow/dags/flight-pipeline.py for tasks to queue
[2026-05-03T12:30:14.006+0000] {logging_mixin.py:188} INFO - [2026-05-03T12:30:13.998+0000] {dagbag.py:545} INFO - Filling up the DagBag from /opt/airflow/dags/flight-pipeline.py
[2026-05-03T12:30:27.631+0000] {processor.py:840} INFO - DAG(s) 'flights_ops_medallion_pipe' retrieved from /opt/airflow/dags/flight-pipeline.py
[2026-05-03T12:30:29.563+0000] {logging_mixin.py:188} INFO - [2026-05-03T12:30:29.559+0000] {dag.py:3089} INFO - Sync 1 DAGs
[2026-05-03T12:36:20.349+0000] {logging_mixin.py:188} INFO - [2026-05-03T12:36:20.348+0000] {dag.py:3947} INFO - Setting next_dagrun for flights_ops_medallion_pipe to 2026-05-03 12:00:00+00:00, run_after=2026-05-03 12:30:00+00:00
[2026-05-03T12:36:20.995+0000] {processor.py:183} INFO - Processing /opt/airflow/dags/flight-pipeline.py took 367.232 seconds
[2026-05-03T12:36:51.942+0000] {processor.py:161} INFO - Started process (PID=14756) to work on /opt/airflow/dags/flight-pipeline.py
[2026-05-03T12:36:51.989+0000] {processor.py:830} INFO - Processing file /opt/airflow/dags/flight-pipeline.py for tasks to queue
[2026-05-03T12:36:52.003+0000] {logging_mixin.py:188} INFO - [2026-05-03T12:36:51.999+0000] {dagbag.py:545} INFO - Filling up the DagBag from /opt/airflow/dags/flight-pipeline.py
[2026-05-03T12:37:03.901+0000] {processor.py:840} INFO - DAG(s) 'flights_ops_medallion_pipe' retrieved from /opt/airflow/dags/flight-pipeline.py
[2026-05-03T12:37:04.356+0000] {logging_mixin.py:188} INFO - [2026-05-03T12:37:04.351+0000] {dag.py:3089} INFO - Sync 1 DAGs
[2026-05-03T12:37:04.605+0000] {logging_mixin.py:188} INFO - [2026-05-03T12:37:04.603+0000] {dag.py:3947} INFO - Setting next_dagrun for flights_ops_medallion_pipe to 2026-05-03 12:30:00+00:00, run_after=2026-05-03 13:00:00+00:00
[2026-05-03T12:37:04.787+0000] {processor.py:183} INFO - Processing /opt/airflow/dags/flight-pipeline.py took 12.958 seconds
[2026-05-03T12:54:03.138+0000] {processor.py:161} INFO - Started process (PID=14762) to work on /opt/airflow/dags/flight-pipeline.py
[2026-05-03T12:54:03.142+0000] {processor.py:830} INFO - Processing file /opt/airflow/dags/flight-pipeline.py for tasks to queue
[2026-05-03T12:54:03.146+0000] {logging_mixin.py:188} INFO - [2026-05-03T12:54:03.144+0000] {dagbag.py:545} INFO - Filling up the DagBag from /opt/airflow/dags/flight-pipeline.py
[2026-05-03T12:54:04.610+0000] {processor.py:840} INFO - DAG(s) 'flights_ops_medallion_pipe' retrieved from /opt/airflow/dags/flight-pipeline.py
[2026-05-03T12:54:04.642+0000] {logging_mixin.py:188} INFO - [2026-05-03T12:54:04.642+0000] {dag.py:3089} INFO - Sync 1 DAGs
[2026-05-03T12:54:04.670+0000] {logging_mixin.py:188} INFO - [2026-05-03T12:54:04.669+0000] {dag.py:3947} INFO - Setting next_dagrun for flights_ops_medallion_pipe to 2026-05-03 12:30:00+00:00, run_after=2026-05-03 13:00:00+00:00
[2026-05-03T12:54:04.690+0000] {processor.py:183} INFO - Processing /opt/airflow/dags/flight-pipeline.py took 1.621 seconds
[2026-05-03T12:54:35.045+0000] {processor.py:161} INFO - Started process (PID=14787) to work on /opt/airflow/dags/flight-pipeline.py
[2026-05-03T12:54:35.070+0000] {processor.py:830} INFO - Processing file /opt/airflow/dags/flight-pipeline.py for tasks to queue
[2026-05-03T12:54:35.083+0000] {logging_mixin.py:188} INFO - [2026-05-03T12:54:35.078+0000] {dagbag.py:545} INFO - Filling up the DagBag from /opt/airflow/dags/flight-pipeline.py
[2026-05-03T12:54:47.145+0000] {processor.py:840} INFO - DAG(s) 'flights_ops_medallion_pipe' retrieved from /opt/airflow/dags/flight-pipeline.py
[2026-05-03T12:54:47.508+0000] {logging_mixin.py:188} INFO - [2026-05-03T12:54:47.503+0000] {dag.py:3089} INFO - Sync 1 DAGs
[2026-05-03T12:54:47.810+0000] {logging_mixin.py:188} INFO - [2026-05-03T12:54:47.807+0000] {dag.py:3947} INFO - Setting next_dagrun for flights_ops_medallion_pipe to 2026-05-03 12:30:00+00:00, run_after=2026-05-03 13:00:00+00:00
[2026-05-03T12:54:48.012+0000] {processor.py:183} INFO - Processing /opt/airflow/dags/flight-pipeline.py took 13.065 seconds
[2026-05-03T13:10:35.924+0000] {processor.py:161} INFO - Started process (PID=14792) to work on /opt/airflow/dags/flight-pipeline.py
[2026-05-03T13:10:35.952+0000] {processor.py:830} INFO - Processing file /opt/airflow/dags/flight-pipeline.py for tasks to queue
[2026-05-03T13:10:35.959+0000] {logging_mixin.py:188} INFO - [2026-05-03T13:10:35.958+0000] {dagbag.py:545} INFO - Filling up the DagBag from /opt/airflow/dags/flight-pipeline.py
[2026-05-03T13:10:37.751+0000] {processor.py:840} INFO - DAG(s) 'flights_ops_medallion_pipe' retrieved from /opt/airflow/dags/flight-pipeline.py
[2026-05-03T13:10:37.794+0000] {logging_mixin.py:188} INFO - [2026-05-03T13:10:37.794+0000] {dag.py:3089} INFO - Sync 1 DAGs
[2026-05-03T13:10:37.820+0000] {logging_mixin.py:188} INFO - [2026-05-03T13:10:37.820+0000] {dag.py:3947} INFO - Setting next_dagrun for flights_ops_medallion_pipe to 2026-05-03 12:30:00+00:00, run_after=2026-05-03 13:00:00+00:00
[2026-05-03T13:10:37.842+0000] {processor.py:183} INFO - Processing /opt/airflow/dags/flight-pipeline.py took 2.008 seconds
[2026-05-03T13:11:08.143+0000] {processor.py:161} INFO - Started process (PID=14817) to work on /opt/airflow/dags/flight-pipeline.py
[2026-05-03T13:11:08.165+0000] {processor.py:830} INFO - Processing file /opt/airflow/dags/flight-pipeline.py for tasks to queue
[2026-05-03T13:11:08.179+0000] {logging_mixin.py:188} INFO - [2026-05-03T13:11:08.175+0000] {dagbag.py:545} INFO - Filling up the DagBag from /opt/airflow/dags/flight-pipeline.py
[2026-05-03T13:11:18.411+0000] {processor.py:840} INFO - DAG(s) 'flights_ops_medallion_pipe' retrieved from /opt/airflow/dags/flight-pipeline.py
[2026-05-03T13:11:20.129+0000] {logging_mixin.py:188} INFO - [2026-05-03T13:11:20.125+0000] {dag.py:3089} INFO - Sync 1 DAGs
[2026-05-03T13:11:20.381+0000] {logging_mixin.py:188} INFO - [2026-05-03T13:11:20.375+0000] {dag.py:3947} INFO - Setting next_dagrun for flights_ops_medallion_pipe to 2026-05-03 13:00:00+00:00, run_after=2026-05-03 13:30:00+00:00
[2026-05-03T13:11:20.578+0000] {processor.py:183} INFO - Processing /opt/airflow/dags/flight-pipeline.py took 12.541 seconds
[2026-05-03T13:28:36.206+0000] {processor.py:161} INFO - Started process (PID=14820) to work on /opt/airflow/dags/flight-pipeline.py
[2026-05-03T13:28:36.211+0000] {processor.py:830} INFO - Processing file /opt/airflow/dags/flight-pipeline.py for tasks to queue
[2026-05-03T13:28:36.215+0000] {logging_mixin.py:188} INFO - [2026-05-03T13:28:36.214+0000] {dagbag.py:545} INFO - Filling up the DagBag from /opt/airflow/dags/flight-pipeline.py
[2026-05-03T13:28:37.809+0000] {processor.py:840} INFO - DAG(s) 'flights_ops_medallion_pipe' retrieved from /opt/airflow/dags/flight-pipeline.py
[2026-05-03T13:28:38.082+0000] {logging_mixin.py:188} INFO - [2026-05-03T13:28:38.082+0000] {dag.py:3089} INFO - Sync 1 DAGs
[2026-05-03T13:28:38.118+0000] {logging_mixin.py:188} INFO - [2026-05-03T13:28:38.118+0000] {dag.py:3947} INFO - Setting next_dagrun for flights_ops_medallion_pipe to 2026-05-03 13:00:00+00:00, run_after=2026-05-03 13:30:00+00:00
[2026-05-03T13:28:38.148+0000] {processor.py:183} INFO - Processing /opt/airflow/dags/flight-pipeline.py took 1.966 seconds
[2026-05-03T13:29:08.482+0000] {processor.py:161} INFO - Started process (PID=14844) to work on /opt/airflow/dags/flight-pipeline.py
[2026-05-03T13:29:08.506+0000] {processor.py:830} INFO - Processing file /opt/airflow/dags/flight-pipeline.py for tasks to queue
[2026-05-03T13:29:08.519+0000] {logging_mixin.py:188} INFO - [2026-05-03T13:29:08.514+0000] {dagbag.py:545} INFO - Filling up the DagBag from /opt/airflow/dags/flight-pipeline.py
[2026-05-03T13:29:18.726+0000] {processor.py:840} INFO - DAG(s) 'flights_ops_medallion_pipe' retrieved from /opt/airflow/dags/flight-pipeline.py
[2026-05-03T13:29:19.149+0000] {logging_mixin.py:188} INFO - [2026-05-03T13:29:19.144+0000] {dag.py:3089} INFO - Sync 1 DAGs
[2026-05-03T13:29:19.368+0000] {logging_mixin.py:188} INFO - [2026-05-03T13:29:19.366+0000] {dag.py:3947} INFO - Setting next_dagrun for flights_ops_medallion_pipe to 2026-05-03 13:00:00+00:00, run_after=2026-05-03 13:30:00+00:00
[2026-05-03T13:29:19.546+0000] {processor.py:183} INFO - Processing /opt/airflow/dags/flight-pipeline.py took 11.151 seconds
[2026-05-03T13:37:22.530+0000] {processor.py:161} INFO - Started process (PID=14847) to work on /opt/airflow/dags/flight-pipeline.py
[2026-05-03T13:37:22.535+0000] {processor.py:830} INFO - Processing file /opt/airflow/dags/flight-pipeline.py for tasks to queue
[2026-05-03T13:37:22.537+0000] {logging_mixin.py:188} INFO - [2026-05-03T13:37:22.537+0000] {dagbag.py:545} INFO - Filling up the DagBag from /opt/airflow/dags/flight-pipeline.py
[2026-05-03T13:37:23.853+0000] {processor.py:840} INFO - DAG(s) 'flights_ops_medallion_pipe' retrieved from /opt/airflow/dags/flight-pipeline.py
[2026-05-03T13:37:23.886+0000] {logging_mixin.py:188} INFO - [2026-05-03T13:37:23.886+0000] {dag.py:3089} INFO - Sync 1 DAGs
[2026-05-03T13:37:23.912+0000] {logging_mixin.py:188} INFO - [2026-05-03T13:37:23.912+0000] {dag.py:3947} INFO - Setting next_dagrun for flights_ops_medallion_pipe to 2026-05-03 13:00:00+00:00, run_after=2026-05-03 13:30:00+00:00
[2026-05-03T13:37:23.936+0000] {processor.py:183} INFO - Processing /opt/airflow/dags/flight-pipeline.py took 1.422 seconds
[2026-05-03T13:37:56.128+0000] {processor.py:161} INFO - Started process (PID=14850) to work on /opt/airflow/dags/flight-pipeline.py
[2026-05-03T13:37:56.248+0000] {processor.py:830} INFO - Processing file /opt/airflow/dags/flight-pipeline.py for tasks to queue
[2026-05-03T13:37:56.314+0000] {logging_mixin.py:188} INFO - [2026-05-03T13:37:56.305+0000] {dagbag.py:545} INFO - Filling up the DagBag from /opt/airflow/dags/flight-pipeline.py
[2026-05-03T13:38:17.216+0000] {processor.py:840} INFO - DAG(s) 'flights_ops_medallion_pipe' retrieved from /opt/airflow/dags/flight-pipeline.py
[2026-05-03T13:38:17.830+0000] {logging_mixin.py:188} INFO - [2026-05-03T13:38:17.821+0000] {dag.py:3089} INFO - Sync 1 DAGs
[2026-05-03T13:38:18.381+0000] {logging_mixin.py:188} INFO - [2026-05-03T13:38:18.378+0000] {dag.py:3947} INFO - Setting next_dagrun for flights_ops_medallion_pipe to 2026-05-03 13:30:00+00:00, run_after=2026-05-03 14:00:00+00:00
[2026-05-03T13:38:18.629+0000] {processor.py:183} INFO - Processing /opt/airflow/dags/flight-pipeline.py took 23.244 seconds
[2026-05-03T13:55:38.181+0000] {processor.py:161} INFO - Started process (PID=14855) to work on /opt/airflow/dags/flight-pipeline.py
[2026-05-03T13:55:38.193+0000] {processor.py:830} INFO - Processing file /opt/airflow/dags/flight-pipeline.py for tasks to queue
[2026-05-03T13:55:38.243+0000] {logging_mixin.py:188} INFO - [2026-05-03T13:55:38.195+0000] {dagbag.py:545} INFO - Filling up the DagBag from /opt/airflow/dags/flight-pipeline.py
[2026-05-03T13:55:39.862+0000] {processor.py:840} INFO - DAG(s) 'flights_ops_medallion_pipe' retrieved from /opt/airflow/dags/flight-pipeline.py
[2026-05-03T13:55:39.892+0000] {logging_mixin.py:188} INFO - [2026-05-03T13:55:39.892+0000] {dag.py:3089} INFO - Sync 1 DAGs
[2026-05-03T13:55:39.914+0000] {logging_mixin.py:188} INFO - [2026-05-03T13:55:39.914+0000] {dag.py:3947} INFO - Setting next_dagrun for flights_ops_medallion_pipe to 2026-05-03 13:30:00+00:00, run_after=2026-05-03 14:00:00+00:00
[2026-05-03T13:55:39.933+0000] {processor.py:183} INFO - Processing /opt/airflow/dags/flight-pipeline.py took 1.770 seconds
[2026-05-03T13:56:10.335+0000] {processor.py:161} INFO - Started process (PID=14879) to work on /opt/airflow/dags/flight-pipeline.py
[2026-05-03T13:56:10.374+0000] {processor.py:830} INFO - Processing file /opt/airflow/dags/flight-pipeline.py for tasks to queue
[2026-05-03T13:56:10.389+0000] {logging_mixin.py:188} INFO - [2026-05-03T13:56:10.382+0000] {dagbag.py:545} INFO - Filling up the DagBag from /opt/airflow/dags/flight-pipeline.py
[2026-05-03T13:56:25.618+0000] {processor.py:840} INFO - DAG(s) 'flights_ops_medallion_pipe' retrieved from /opt/airflow/dags/flight-pipeline.py
[2026-05-03T13:56:26.081+0000] {logging_mixin.py:188} INFO - [2026-05-03T13:56:26.074+0000] {dag.py:3089} INFO - Sync 1 DAGs
[2026-05-03T13:56:26.366+0000] {logging_mixin.py:188} INFO - [2026-05-03T13:56:26.363+0000] {dag.py:3947} INFO - Setting next_dagrun for flights_ops_medallion_pipe to 2026-05-03 13:30:00+00:00, run_after=2026-05-03 14:00:00+00:00
[2026-05-03T13:56:26.547+0000] {processor.py:183} INFO - Processing /opt/airflow/dags/flight-pipeline.py took 16.362 seconds
[2026-05-03T14:13:21.065+0000] {processor.py:161} INFO - Started process (PID=14883) to work on /opt/airflow/dags/flight-pipeline.py
[2026-05-03T14:13:21.070+0000] {processor.py:830} INFO - Processing file /opt/airflow/dags/flight-pipeline.py for tasks to queue
[2026-05-03T14:13:21.072+0000] {logging_mixin.py:188} INFO - [2026-05-03T14:13:21.071+0000] {dagbag.py:545} INFO - Filling up the DagBag from /opt/airflow/dags/flight-pipeline.py
[2026-05-03T14:13:22.638+0000] {processor.py:840} INFO - DAG(s) 'flights_ops_medallion_pipe' retrieved from /opt/airflow/dags/flight-pipeline.py
[2026-05-03T14:13:22.695+0000] {logging_mixin.py:188} INFO - [2026-05-03T14:13:22.694+0000] {dag.py:3089} INFO - Sync 1 DAGs
[2026-05-03T14:13:22.740+0000] {logging_mixin.py:188} INFO - [2026-05-03T14:13:22.739+0000] {dag.py:3947} INFO - Setting next_dagrun for flights_ops_medallion_pipe to 2026-05-03 13:30:00+00:00, run_after=2026-05-03 14:00:00+00:00
[2026-05-03T14:13:22.822+0000] {processor.py:183} INFO - Processing /opt/airflow/dags/flight-pipeline.py took 1.777 seconds
[2026-05-03T14:13:53.220+0000] {processor.py:161} INFO - Started process (PID=14896) to work on /opt/airflow/dags/flight-pipeline.py
[2026-05-03T14:13:53.275+0000] {processor.py:830} INFO - Processing file /opt/airflow/dags/flight-pipeline.py for tasks to queue
[2026-05-03T14:13:53.297+0000] {logging_mixin.py:188} INFO - [2026-05-03T14:13:53.289+0000] {dagbag.py:545} INFO - Filling up the DagBag from /opt/airflow/dags/flight-pipeline.py
[2026-05-03T14:14:08.260+0000] {processor.py:840} INFO - DAG(s) 'flights_ops_medallion_pipe' retrieved from /opt/airflow/dags/flight-pipeline.py
[2026-05-03T14:14:10.492+0000] {logging_mixin.py:188} INFO - [2026-05-03T14:14:10.483+0000] {dag.py:3089} INFO - Sync 1 DAGs
[2026-05-03T14:14:10.937+0000] {logging_mixin.py:188} INFO - [2026-05-03T14:14:10.934+0000] {dag.py:3947} INFO - Setting next_dagrun for flights_ops_medallion_pipe to 2026-05-03 13:30:00+00:00, run_after=2026-05-03 14:00:00+00:00
[2026-05-03T14:14:11.196+0000] {processor.py:183} INFO - Processing /opt/airflow/dags/flight-pipeline.py took 18.070 seconds
[2026-05-03T14:30:42.009+0000] {processor.py:161} INFO - Started process (PID=14901) to work on /opt/airflow/dags/flight-pipeline.py
[2026-05-03T14:30:42.014+0000] {processor.py:830} INFO - Processing file /opt/airflow/dags/flight-pipeline.py for tasks to queue
[2026-05-03T14:30:42.018+0000] {logging_mixin.py:188} INFO - [2026-05-03T14:30:42.017+0000] {dagbag.py:545} INFO - Filling up the DagBag from /opt/airflow/dags/flight-pipeline.py
[2026-05-03T14:30:43.333+0000] {processor.py:840} INFO - DAG(s) 'flights_ops_medallion_pipe' retrieved from /opt/airflow/dags/flight-pipeline.py
[2026-05-03T14:30:43.377+0000] {logging_mixin.py:188} INFO - [2026-05-03T14:30:43.376+0000] {dag.py:3089} INFO - Sync 1 DAGs
[2026-05-03T14:30:43.399+0000] {logging_mixin.py:188} INFO - [2026-05-03T14:30:43.399+0000] {dag.py:3947} INFO - Setting next_dagrun for flights_ops_medallion_pipe to 2026-05-03 14:00:00+00:00, run_after=2026-05-03 14:30:00+00:00
[2026-05-03T14:30:43.421+0000] {processor.py:183} INFO - Processing /opt/airflow/dags/flight-pipeline.py took 1.425 seconds
[2026-05-03T14:31:14.284+0000] {processor.py:161} INFO - Started process (PID=14904) to work on /opt/airflow/dags/flight-pipeline.py
[2026-05-03T14:31:14.335+0000] {processor.py:830} INFO - Processing file /opt/airflow/dags/flight-pipeline.py for tasks to queue
[2026-05-03T14:31:14.347+0000] {logging_mixin.py:188} INFO - [2026-05-03T14:31:14.343+0000] {dagbag.py:545} INFO - Filling up the DagBag from /opt/airflow/dags/flight-pipeline.py
[2026-05-03T14:31:25.682+0000] {processor.py:840} INFO - DAG(s) 'flights_ops_medallion_pipe' retrieved from /opt/airflow/dags/flight-pipeline.py
[2026-05-03T14:31:26.074+0000] {logging_mixin.py:188} INFO - [2026-05-03T14:31:26.068+0000] {dag.py:3089} INFO - Sync 1 DAGs
[2026-05-03T14:31:26.436+0000] {logging_mixin.py:188} INFO - [2026-05-03T14:31:26.433+0000] {dag.py:3947} INFO - Setting next_dagrun for flights_ops_medallion_pipe to 2026-05-03 14:00:00+00:00, run_after=2026-05-03 14:30:00+00:00
[2026-05-03T14:31:26.675+0000] {processor.py:183} INFO - Processing /opt/airflow/dags/flight-pipeline.py took 12.494 seconds
[2026-05-03T14:38:24.120+0000] {processor.py:161} INFO - Started process (PID=14908) to work on /opt/airflow/dags/flight-pipeline.py
[2026-05-03T14:38:24.124+0000] {processor.py:830} INFO - Processing file /opt/airflow/dags/flight-pipeline.py for tasks to queue
[2026-05-03T14:38:24.126+0000] {logging_mixin.py:188} INFO - [2026-05-03T14:38:24.125+0000] {dagbag.py:545} INFO - Filling up the DagBag from /opt/airflow/dags/flight-pipeline.py
[2026-05-03T14:38:25.306+0000] {processor.py:840} INFO - DAG(s) 'flights_ops_medallion_pipe' retrieved from /opt/airflow/dags/flight-pipeline.py
[2026-05-03T14:38:25.363+0000] {logging_mixin.py:188} INFO - [2026-05-03T14:38:25.362+0000] {dag.py:3089} INFO - Sync 1 DAGs
[2026-05-03T14:38:25.405+0000] {logging_mixin.py:188} INFO - [2026-05-03T14:38:25.404+0000] {dag.py:3947} INFO - Setting next_dagrun for flights_ops_medallion_pipe to 2026-05-03 14:30:00+00:00, run_after=2026-05-03 15:00:00+00:00
[2026-05-03T14:38:25.444+0000] {processor.py:183} INFO - Processing /opt/airflow/dags/flight-pipeline.py took 1.338 seconds
[2026-05-03T14:38:56.087+0000] {processor.py:161} INFO - Started process (PID=14932) to work on /opt/airflow/dags/flight-pipeline.py
[2026-05-03T14:38:56.129+0000] {processor.py:830} INFO - Processing file /opt/airflow/dags/flight-pipeline.py for tasks to queue
[2026-05-03T14:38:56.143+0000] {logging_mixin.py:188} INFO - [2026-05-03T14:38:56.138+0000] {dagbag.py:545} INFO - Filling up the DagBag from /opt/airflow/dags/flight-pipeline.py
[2026-05-03T14:39:17.982+0000] {processor.py:840} INFO - DAG(s) 'flights_ops_medallion_pipe' retrieved from /opt/airflow/dags/flight-pipeline.py
[2026-05-03T14:39:18.529+0000] {logging_mixin.py:188} INFO - [2026-05-03T14:39:18.521+0000] {dag.py:3089} INFO - Sync 1 DAGs
[2026-05-03T14:39:18.945+0000] {logging_mixin.py:188} INFO - [2026-05-03T14:39:18.942+0000] {dag.py:3947} INFO - Setting next_dagrun for flights_ops_medallion_pipe to 2026-05-03 14:30:00+00:00, run_after=2026-05-03 15:00:00+00:00
[2026-05-03T14:39:19.614+0000] {processor.py:183} INFO - Processing /opt/airflow/dags/flight-pipeline.py took 23.624 seconds
[2026-05-03T14:45:37.060+0000] {processor.py:161} INFO - Started process (PID=14937) to work on /opt/airflow/dags/flight-pipeline.py
[2026-05-03T14:45:37.069+0000] {processor.py:830} INFO - Processing file /opt/airflow/dags/flight-pipeline.py for tasks to queue
[2026-05-03T14:45:37.079+0000] {logging_mixin.py:188} INFO - [2026-05-03T14:45:37.073+0000] {dagbag.py:545} INFO - Filling up the DagBag from /opt/airflow/dags/flight-pipeline.py
[2026-05-03T14:45:39.587+0000] {processor.py:840} INFO - DAG(s) 'flights_ops_medallion_pipe' retrieved from /opt/airflow/dags/flight-pipeline.py
[2026-05-03T14:45:39.634+0000] {logging_mixin.py:188} INFO - [2026-05-03T14:45:39.633+0000] {dag.py:3089} INFO - Sync 1 DAGs
[2026-05-03T14:45:39.660+0000] {logging_mixin.py:188} INFO - [2026-05-03T14:45:39.660+0000] {dag.py:3947} INFO - Setting next_dagrun for flights_ops_medallion_pipe to 2026-05-03 14:30:00+00:00, run_after=2026-05-03 15:00:00+00:00
[2026-05-03T14:45:39.682+0000] {processor.py:183} INFO - Processing /opt/airflow/dags/flight-pipeline.py took 2.676 seconds
[2026-05-03T15:39:27.089+0000] {processor.py:161} INFO - Started process (PID=14951) to work on /opt/airflow/dags/flight-pipeline.py
[2026-05-03T15:39:27.096+0000] {processor.py:830} INFO - Processing file /opt/airflow/dags/flight-pipeline.py for tasks to queue
[2026-05-03T15:39:27.100+0000] {logging_mixin.py:188} INFO - [2026-05-03T15:39:27.099+0000] {dagbag.py:545} INFO - Filling up the DagBag from /opt/airflow/dags/flight-pipeline.py
[2026-05-03T15:39:28.866+0000] {processor.py:840} INFO - DAG(s) 'flights_ops_medallion_pipe' retrieved from /opt/airflow/dags/flight-pipeline.py
[2026-05-03T15:39:29.246+0000] {logging_mixin.py:188} INFO - [2026-05-03T15:39:29.245+0000] {dag.py:3089} INFO - Sync 1 DAGs
[2026-05-03T15:39:29.299+0000] {logging_mixin.py:188} INFO - [2026-05-03T15:39:29.299+0000] {dag.py:3947} INFO - Setting next_dagrun for flights_ops_medallion_pipe to 2026-05-03 15:00:00+00:00, run_after=2026-05-03 15:30:00+00:00
[2026-05-03T15:39:29.338+0000] {processor.py:183} INFO - Processing /opt/airflow/dags/flight-pipeline.py took 2.342 seconds
[2026-05-03T15:45:36.093+0000] {processor.py:161} INFO - Started process (PID=14965) to work on /opt/airflow/dags/flight-pipeline.py
[2026-05-03T15:45:36.097+0000] {processor.py:830} INFO - Processing file /opt/airflow/dags/flight-pipeline.py for tasks to queue
[2026-05-03T15:45:36.099+0000] {logging_mixin.py:188} INFO - [2026-05-03T15:45:36.098+0000] {dagbag.py:545} INFO - Filling up the DagBag from /opt/airflow/dags/flight-pipeline.py
[2026-05-03T15:45:37.176+0000] {processor.py:840} INFO - DAG(s) 'flights_ops_medallion_pipe' retrieved from /opt/airflow/dags/flight-pipeline.py
[2026-05-03T15:45:37.365+0000] {logging_mixin.py:188} INFO - [2026-05-03T15:45:37.365+0000] {dag.py:3089} INFO - Sync 1 DAGs
[2026-05-03T15:45:37.388+0000] {logging_mixin.py:188} INFO - [2026-05-03T15:45:37.388+0000] {dag.py:3947} INFO - Setting next_dagrun for flights_ops_medallion_pipe to 2026-05-03 15:00:00+00:00, run_after=2026-05-03 15:30:00+00:00
[2026-05-03T15:45:37.409+0000] {processor.py:183} INFO - Processing /opt/airflow/dags/flight-pipeline.py took 1.362 seconds
[2026-05-03T15:56:10.271+0000] {processor.py:161} INFO - Started process (PID=14990) to work on /opt/airflow/dags/flight-pipeline.py
[2026-05-03T15:56:10.285+0000] {processor.py:830} INFO - Processing file /opt/airflow/dags/flight-pipeline.py for tasks to queue
[2026-05-03T15:56:10.294+0000] {logging_mixin.py:188} INFO - [2026-05-03T15:56:10.290+0000] {dagbag.py:545} INFO - Filling up the DagBag from /opt/airflow/dags/flight-pipeline.py
[2026-05-03T15:56:11.927+0000] {processor.py:840} INFO - DAG(s) 'flights_ops_medallion_pipe' retrieved from /opt/airflow/dags/flight-pipeline.py
[2026-05-03T15:56:11.967+0000] {logging_mixin.py:188} INFO - [2026-05-03T15:56:11.967+0000] {dag.py:3089} INFO - Sync 1 DAGs
[2026-05-03T15:56:11.998+0000] {logging_mixin.py:188} INFO - [2026-05-03T15:56:11.997+0000] {dag.py:3947} INFO - Setting next_dagrun for flights_ops_medallion_pipe to 2026-05-03 15:00:00+00:00, run_after=2026-05-03 15:30:00+00:00
[2026-05-03T15:56:12.019+0000] {processor.py:183} INFO - Processing /opt/airflow/dags/flight-pipeline.py took 1.782 seconds
[2026-05-03T16:23:21.733+0000] {processor.py:161} INFO - Started process (PID=14993) to work on /opt/airflow/dags/flight-pipeline.py
[2026-05-03T16:23:21.751+0000] {processor.py:830} INFO - Processing file /opt/airflow/dags/flight-pipeline.py for tasks to queue
[2026-05-03T16:23:21.828+0000] {logging_mixin.py:188} INFO - [2026-05-03T16:23:21.827+0000] {dagbag.py:545} INFO - Filling up the DagBag from /opt/airflow/dags/flight-pipeline.py
[2026-05-03T16:23:24.781+0000] {processor.py:840} INFO - DAG(s) 'flights_ops_medallion_pipe' retrieved from /opt/airflow/dags/flight-pipeline.py
[2026-05-03T16:23:24.985+0000] {logging_mixin.py:188} INFO - [2026-05-03T16:23:24.984+0000] {dag.py:3089} INFO - Sync 1 DAGs
[2026-05-03T16:23:25.093+0000] {logging_mixin.py:188} INFO - [2026-05-03T16:23:25.089+0000] {dag.py:3947} INFO - Setting next_dagrun for flights_ops_medallion_pipe to 2026-05-03 15:30:00+00:00, run_after=2026-05-03 16:00:00+00:00
[2026-05-03T16:23:25.172+0000] {processor.py:183} INFO - Processing /opt/airflow/dags/flight-pipeline.py took 3.488 seconds
[2026-05-03T16:40:27.181+0000] {processor.py:161} INFO - Started process (PID=14997) to work on /opt/airflow/dags/flight-pipeline.py
[2026-05-03T16:40:27.199+0000] {processor.py:830} INFO - Processing file /opt/airflow/dags/flight-pipeline.py for tasks to queue
[2026-05-03T16:40:27.205+0000] {logging_mixin.py:188} INFO - [2026-05-03T16:40:27.202+0000] {dagbag.py:545} INFO - Filling up the DagBag from /opt/airflow/dags/flight-pipeline.py
[2026-05-03T16:40:29.420+0000] {processor.py:840} INFO - DAG(s) 'flights_ops_medallion_pipe' retrieved from /opt/airflow/dags/flight-pipeline.py
[2026-05-03T16:40:29.457+0000] {logging_mixin.py:188} INFO - [2026-05-03T16:40:29.457+0000] {dag.py:3089} INFO - Sync 1 DAGs
[2026-05-03T16:40:29.480+0000] {logging_mixin.py:188} INFO - [2026-05-03T16:40:29.480+0000] {dag.py:3947} INFO - Setting next_dagrun for flights_ops_medallion_pipe to 2026-05-03 16:00:00+00:00, run_after=2026-05-03 16:30:00+00:00
[2026-05-03T16:40:29.500+0000] {processor.py:183} INFO - Processing /opt/airflow/dags/flight-pipeline.py took 2.392 seconds
[2026-05-03T17:41:29.011+0000] {processor.py:161} INFO - Started process (PID=15001) to work on /opt/airflow/dags/flight-pipeline.py
[2026-05-03T17:41:29.016+0000] {processor.py:830} INFO - Processing file /opt/airflow/dags/flight-pipeline.py for tasks to queue
[2026-05-03T17:41:29.023+0000] {logging_mixin.py:188} INFO - [2026-05-03T17:41:29.019+0000] {dagbag.py:545} INFO - Filling up the DagBag from /opt/airflow/dags/flight-pipeline.py
[2026-05-03T17:41:36.514+0000] {processor.py:840} INFO - DAG(s) 'flights_ops_medallion_pipe' retrieved from /opt/airflow/dags/flight-pipeline.py
[2026-05-03T17:41:36.583+0000] {logging_mixin.py:188} INFO - [2026-05-03T17:41:36.582+0000] {dag.py:3089} INFO - Sync 1 DAGs
[2026-05-03T17:41:36.623+0000] {logging_mixin.py:188} INFO - [2026-05-03T17:41:36.622+0000] {dag.py:3947} INFO - Setting next_dagrun for flights_ops_medallion_pipe to 2026-05-03 17:00:00+00:00, run_after=2026-05-03 17:30:00+00:00
[2026-05-03T17:41:36.665+0000] {processor.py:183} INFO - Processing /opt/airflow/dags/flight-pipeline.py took 7.793 seconds
[2026-05-03T18:42:31.894+0000] {processor.py:161} INFO - Started process (PID=15005) to work on /opt/airflow/dags/flight-pipeline.py
[2026-05-03T18:42:31.897+0000] {processor.py:830} INFO - Processing file /opt/airflow/dags/flight-pipeline.py for tasks to queue
[2026-05-03T18:42:31.905+0000] {logging_mixin.py:188} INFO - [2026-05-03T18:42:31.900+0000] {dagbag.py:545} INFO - Filling up the DagBag from /opt/airflow/dags/flight-pipeline.py
[2026-05-03T18:42:35.272+0000] {processor.py:840} INFO - DAG(s) 'flights_ops_medallion_pipe' retrieved from /opt/airflow/dags/flight-pipeline.py
[2026-05-03T18:42:35.347+0000] {logging_mixin.py:188} INFO - [2026-05-03T18:42:35.345+0000] {dag.py:3089} INFO - Sync 1 DAGs
[2026-05-03T18:42:35.396+0000] {logging_mixin.py:188} INFO - [2026-05-03T18:42:35.395+0000] {dag.py:3947} INFO - Setting next_dagrun for flights_ops_medallion_pipe to 2026-05-03 18:00:00+00:00, run_after=2026-05-03 18:30:00+00:00
[2026-05-03T18:42:35.431+0000] {processor.py:183} INFO - Processing /opt/airflow/dags/flight-pipeline.py took 3.643 seconds
[2026-05-03T18:47:28.011+0000] {processor.py:161} INFO - Started process (PID=15008) to work on /opt/airflow/dags/flight-pipeline.py
[2026-05-03T18:47:28.016+0000] {processor.py:830} INFO - Processing file /opt/airflow/dags/flight-pipeline.py for tasks to queue
[2026-05-03T18:47:28.019+0000] {logging_mixin.py:188} INFO - [2026-05-03T18:47:28.018+0000] {dagbag.py:545} INFO - Filling up the DagBag from /opt/airflow/dags/flight-pipeline.py
[2026-05-03T18:47:29.101+0000] {processor.py:840} INFO - DAG(s) 'flights_ops_medallion_pipe' retrieved from /opt/airflow/dags/flight-pipeline.py
[2026-05-03T18:47:29.130+0000] {logging_mixin.py:188} INFO - [2026-05-03T18:47:29.129+0000] {dag.py:3089} INFO - Sync 1 DAGs
[2026-05-03T18:47:29.152+0000] {logging_mixin.py:188} INFO - [2026-05-03T18:47:29.151+0000] {dag.py:3947} INFO - Setting next_dagrun for flights_ops_medallion_pipe to 2026-05-03 18:00:00+00:00, run_after=2026-05-03 18:30:00+00:00
[2026-05-03T18:47:29.170+0000] {processor.py:183} INFO - Processing /opt/airflow/dags/flight-pipeline.py took 1.289 seconds
[2026-05-03T19:16:44.955+0000] {processor.py:161} INFO - Started process (PID=15012) to work on /opt/airflow/dags/flight-pipeline.py
[2026-05-03T19:16:44.978+0000] {processor.py:830} INFO - Processing file /opt/airflow/dags/flight-pipeline.py for tasks to queue
[2026-05-03T19:16:44.993+0000] {logging_mixin.py:188} INFO - [2026-05-03T19:16:44.987+0000] {dagbag.py:545} INFO - Filling up the DagBag from /opt/airflow/dags/flight-pipeline.py
[2026-05-03T19:17:19.575+0000] {logging_mixin.py:188} INFO - [2026-05-03T19:17:19.378+0000] {timeout.py:68} ERROR - Process timed out, PID: 15012
[2026-05-03T19:17:19.594+0000] {logging_mixin.py:188} WARNING - Exception ignored in: <function WeakKeyDictionary.__init__.<locals>.remove at 0x7f5b138527a0>
[2026-05-03T19:17:19.596+0000] {logging_mixin.py:188} WARNING - Traceback (most recent call last):
[2026-05-03T19:17:19.601+0000] {logging_mixin.py:188} WARNING -   File "/usr/local/lib/python3.12/weakref.py", line 369, in remove
[2026-05-03T19:17:19.615+0000] {logging_mixin.py:188} WARNING -     def remove(k, selfref=ref(self)):
[2026-05-03T19:17:19.627+0000] {logging_mixin.py:188} WARNING -   File "/home/airflow/.local/lib/python3.12/site-packages/airflow/utils/timeout.py", line 69, in handle_timeout
[2026-05-03T19:17:19.646+0000] {logging_mixin.py:188} WARNING -     raise AirflowTaskTimeout(self.error_message)
[2026-05-03T19:17:19.653+0000] {logging_mixin.py:188} WARNING - airflow.exceptions.AirflowTaskTimeout: DagBag import timeout for /opt/airflow/dags/flight-pipeline.py after 30.0s.
Please take a look at these docs to improve your DAG import time:
* https://airflow.apache.org/docs/apache-airflow/2.9.3/best-practices.html#top-level-python-code
* https://airflow.apache.org/docs/apache-airflow/2.9.3/best-practices.html#reducing-dag-complexity, PID: 15012
[2026-05-03T19:17:20.710+0000] {processor.py:840} INFO - DAG(s) 'flights_ops_medallion_pipe' retrieved from /opt/airflow/dags/flight-pipeline.py
[2026-05-03T19:17:21.248+0000] {logging_mixin.py:188} INFO - [2026-05-03T19:17:21.242+0000] {dag.py:3089} INFO - Sync 1 DAGs
[2026-05-03T19:17:21.758+0000] {logging_mixin.py:188} INFO - [2026-05-03T19:17:21.758+0000] {dag.py:3947} INFO - Setting next_dagrun for flights_ops_medallion_pipe to 2026-05-03 18:30:00+00:00, run_after=2026-05-03 19:00:00+00:00
[2026-05-03T19:17:22.164+0000] {processor.py:183} INFO - Processing /opt/airflow/dags/flight-pipeline.py took 37.286 seconds
[2026-05-03T19:17:55.379+0000] {processor.py:161} INFO - Started process (PID=15015) to work on /opt/airflow/dags/flight-pipeline.py
[2026-05-03T19:17:55.426+0000] {processor.py:830} INFO - Processing file /opt/airflow/dags/flight-pipeline.py for tasks to queue
[2026-05-03T19:17:55.460+0000] {logging_mixin.py:188} INFO - [2026-05-03T19:17:55.442+0000] {dagbag.py:545} INFO - Filling up the DagBag from /opt/airflow/dags/flight-pipeline.py
[2026-05-03T19:18:16.867+0000] {processor.py:840} INFO - DAG(s) 'flights_ops_medallion_pipe' retrieved from /opt/airflow/dags/flight-pipeline.py
[2026-05-03T19:18:17.025+0000] {logging_mixin.py:188} INFO - [2026-05-03T19:18:17.019+0000] {dag.py:3089} INFO - Sync 1 DAGs
[2026-05-03T19:18:17.161+0000] {logging_mixin.py:188} INFO - [2026-05-03T19:18:17.160+0000] {dag.py:3947} INFO - Setting next_dagrun for flights_ops_medallion_pipe to 2026-05-03 19:00:00+00:00, run_after=2026-05-03 19:30:00+00:00
[2026-05-03T19:18:17.231+0000] {processor.py:183} INFO - Processing /opt/airflow/dags/flight-pipeline.py took 22.112 seconds
[2026-05-03T19:18:47.873+0000] {processor.py:161} INFO - Started process (PID=15030) to work on /opt/airflow/dags/flight-pipeline.py
[2026-05-03T19:18:47.882+0000] {processor.py:830} INFO - Processing file /opt/airflow/dags/flight-pipeline.py for tasks to queue
[2026-05-03T19:18:47.887+0000] {logging_mixin.py:188} INFO - [2026-05-03T19:18:47.884+0000] {dagbag.py:545} INFO - Filling up the DagBag from /opt/airflow/dags/flight-pipeline.py
[2026-05-03T19:18:51.949+0000] {processor.py:840} INFO - DAG(s) 'flights_ops_medallion_pipe' retrieved from /opt/airflow/dags/flight-pipeline.py
[2026-05-03T19:18:52.049+0000] {logging_mixin.py:188} INFO - [2026-05-03T19:18:52.048+0000] {dag.py:3089} INFO - Sync 1 DAGs
[2026-05-03T19:18:52.270+0000] {logging_mixin.py:188} INFO - [2026-05-03T19:18:52.270+0000] {dag.py:3947} INFO - Setting next_dagrun for flights_ops_medallion_pipe to 2026-05-03 19:00:00+00:00, run_after=2026-05-03 19:30:00+00:00
[2026-05-03T19:18:52.307+0000] {processor.py:183} INFO - Processing /opt/airflow/dags/flight-pipeline.py took 4.474 seconds
[2026-05-03T19:19:22.693+0000] {processor.py:161} INFO - Started process (PID=15054) to work on /opt/airflow/dags/flight-pipeline.py
[2026-05-03T19:19:22.708+0000] {processor.py:830} INFO - Processing file /opt/airflow/dags/flight-pipeline.py for tasks to queue
[2026-05-03T19:19:22.712+0000] {logging_mixin.py:188} INFO - [2026-05-03T19:19:22.711+0000] {dagbag.py:545} INFO - Filling up the DagBag from /opt/airflow/dags/flight-pipeline.py
[2026-05-03T19:19:25.814+0000] {processor.py:840} INFO - DAG(s) 'flights_ops_medallion_pipe' retrieved from /opt/airflow/dags/flight-pipeline.py
[2026-05-03T19:19:25.909+0000] {logging_mixin.py:188} INFO - [2026-05-03T19:19:25.909+0000] {dag.py:3089} INFO - Sync 1 DAGs
[2026-05-03T19:19:25.959+0000] {logging_mixin.py:188} INFO - [2026-05-03T19:19:25.958+0000] {dag.py:3947} INFO - Setting next_dagrun for flights_ops_medallion_pipe to 2026-05-03 19:00:00+00:00, run_after=2026-05-03 19:30:00+00:00
[2026-05-03T19:19:26.001+0000] {processor.py:183} INFO - Processing /opt/airflow/dags/flight-pipeline.py took 3.386 seconds
[2026-05-03T19:19:56.225+0000] {processor.py:161} INFO - Started process (PID=15057) to work on /opt/airflow/dags/flight-pipeline.py
[2026-05-03T19:19:56.236+0000] {processor.py:830} INFO - Processing file /opt/airflow/dags/flight-pipeline.py for tasks to queue
[2026-05-03T19:19:56.237+0000] {logging_mixin.py:188} INFO - [2026-05-03T19:19:56.237+0000] {dagbag.py:545} INFO - Filling up the DagBag from /opt/airflow/dags/flight-pipeline.py
[2026-05-03T19:19:57.484+0000] {processor.py:840} INFO - DAG(s) 'flights_ops_medallion_pipe' retrieved from /opt/airflow/dags/flight-pipeline.py
[2026-05-03T19:19:57.529+0000] {logging_mixin.py:188} INFO - [2026-05-03T19:19:57.529+0000] {dag.py:3089} INFO - Sync 1 DAGs
[2026-05-03T19:19:57.561+0000] {logging_mixin.py:188} INFO - [2026-05-03T19:19:57.561+0000] {dag.py:3947} INFO - Setting next_dagrun for flights_ops_medallion_pipe to 2026-05-03 19:00:00+00:00, run_after=2026-05-03 19:30:00+00:00
[2026-05-03T19:19:57.590+0000] {processor.py:183} INFO - Processing /opt/airflow/dags/flight-pipeline.py took 1.380 seconds
[2026-05-03T19:20:27.746+0000] {processor.py:161} INFO - Started process (PID=15069) to work on /opt/airflow/dags/flight-pipeline.py
[2026-05-03T19:20:27.752+0000] {processor.py:830} INFO - Processing file /opt/airflow/dags/flight-pipeline.py for tasks to queue
[2026-05-03T19:20:27.755+0000] {logging_mixin.py:188} INFO - [2026-05-03T19:20:27.754+0000] {dagbag.py:545} INFO - Filling up the DagBag from /opt/airflow/dags/flight-pipeline.py
[2026-05-03T19:20:29.721+0000] {processor.py:840} INFO - DAG(s) 'flights_ops_medallion_pipe' retrieved from /opt/airflow/dags/flight-pipeline.py
[2026-05-03T19:20:29.778+0000] {logging_mixin.py:188} INFO - [2026-05-03T19:20:29.777+0000] {dag.py:3089} INFO - Sync 1 DAGs
[2026-05-03T19:20:29.815+0000] {logging_mixin.py:188} INFO - [2026-05-03T19:20:29.815+0000] {dag.py:3947} INFO - Setting next_dagrun for flights_ops_medallion_pipe to 2026-05-03 19:00:00+00:00, run_after=2026-05-03 19:30:00+00:00
[2026-05-03T19:20:29.843+0000] {processor.py:183} INFO - Processing /opt/airflow/dags/flight-pipeline.py took 2.117 seconds
[2026-05-03T19:21:00.106+0000] {processor.py:161} INFO - Started process (PID=15085) to work on /opt/airflow/dags/flight-pipeline.py
[2026-05-03T19:21:00.122+0000] {processor.py:830} INFO - Processing file /opt/airflow/dags/flight-pipeline.py for tasks to queue
[2026-05-03T19:21:00.124+0000] {logging_mixin.py:188} INFO - [2026-05-03T19:21:00.123+0000] {dagbag.py:545} INFO - Filling up the DagBag from /opt/airflow/dags/flight-pipeline.py
[2026-05-03T19:21:01.897+0000] {processor.py:840} INFO - DAG(s) 'flights_ops_medallion_pipe' retrieved from /opt/airflow/dags/flight-pipeline.py
[2026-05-03T19:21:01.934+0000] {logging_mixin.py:188} INFO - [2026-05-03T19:21:01.934+0000] {dag.py:3089} INFO - Sync 1 DAGs
[2026-05-03T19:21:01.961+0000] {logging_mixin.py:188} INFO - [2026-05-03T19:21:01.961+0000] {dag.py:3947} INFO - Setting next_dagrun for flights_ops_medallion_pipe to 2026-05-03 19:00:00+00:00, run_after=2026-05-03 19:30:00+00:00
[2026-05-03T19:21:01.979+0000] {processor.py:183} INFO - Processing /opt/airflow/dags/flight-pipeline.py took 1.901 seconds
[2026-05-03T19:21:32.279+0000] {processor.py:161} INFO - Started process (PID=15088) to work on /opt/airflow/dags/flight-pipeline.py
[2026-05-03T19:21:32.291+0000] {processor.py:830} INFO - Processing file /opt/airflow/dags/flight-pipeline.py for tasks to queue
[2026-05-03T19:21:32.292+0000] {logging_mixin.py:188} INFO - [2026-05-03T19:21:32.292+0000] {dagbag.py:545} INFO - Filling up the DagBag from /opt/airflow/dags/flight-pipeline.py
[2026-05-03T19:21:33.283+0000] {processor.py:840} INFO - DAG(s) 'flights_ops_medallion_pipe' retrieved from /opt/airflow/dags/flight-pipeline.py
[2026-05-03T19:21:33.314+0000] {logging_mixin.py:188} INFO - [2026-05-03T19:21:33.314+0000] {dag.py:3089} INFO - Sync 1 DAGs
[2026-05-03T19:21:33.338+0000] {logging_mixin.py:188} INFO - [2026-05-03T19:21:33.338+0000] {dag.py:3947} INFO - Setting next_dagrun for flights_ops_medallion_pipe to 2026-05-03 19:00:00+00:00, run_after=2026-05-03 19:30:00+00:00
[2026-05-03T19:21:33.355+0000] {processor.py:183} INFO - Processing /opt/airflow/dags/flight-pipeline.py took 1.091 seconds
[2026-05-03T19:22:03.550+0000] {processor.py:161} INFO - Started process (PID=15103) to work on /opt/airflow/dags/flight-pipeline.py
[2026-05-03T19:22:03.559+0000] {processor.py:830} INFO - Processing file /opt/airflow/dags/flight-pipeline.py for tasks to queue
[2026-05-03T19:22:03.561+0000] {logging_mixin.py:188} INFO - [2026-05-03T19:22:03.560+0000] {dagbag.py:545} INFO - Filling up the DagBag from /opt/airflow/dags/flight-pipeline.py
[2026-05-03T19:22:04.702+0000] {processor.py:840} INFO - DAG(s) 'flights_ops_medallion_pipe' retrieved from /opt/airflow/dags/flight-pipeline.py
[2026-05-03T19:22:04.744+0000] {logging_mixin.py:188} INFO - [2026-05-03T19:22:04.743+0000] {dag.py:3089} INFO - Sync 1 DAGs
[2026-05-03T19:22:04.771+0000] {logging_mixin.py:188} INFO - [2026-05-03T19:22:04.771+0000] {dag.py:3947} INFO - Setting next_dagrun for flights_ops_medallion_pipe to 2026-05-03 19:00:00+00:00, run_after=2026-05-03 19:30:00+00:00
[2026-05-03T19:22:04.790+0000] {processor.py:183} INFO - Processing /opt/airflow/dags/flight-pipeline.py took 1.253 seconds
[2026-05-03T19:22:35.008+0000] {processor.py:161} INFO - Started process (PID=15116) to work on /opt/airflow/dags/flight-pipeline.py
[2026-05-03T19:22:35.022+0000] {processor.py:830} INFO - Processing file /opt/airflow/dags/flight-pipeline.py for tasks to queue
[2026-05-03T19:22:35.023+0000] {logging_mixin.py:188} INFO - [2026-05-03T19:22:35.023+0000] {dagbag.py:545} INFO - Filling up the DagBag from /opt/airflow/dags/flight-pipeline.py
[2026-05-03T19:22:36.241+0000] {processor.py:840} INFO - DAG(s) 'flights_ops_medallion_pipe' retrieved from /opt/airflow/dags/flight-pipeline.py
[2026-05-03T19:22:36.290+0000] {logging_mixin.py:188} INFO - [2026-05-03T19:22:36.289+0000] {dag.py:3089} INFO - Sync 1 DAGs
[2026-05-03T19:22:36.320+0000] {logging_mixin.py:188} INFO - [2026-05-03T19:22:36.320+0000] {dag.py:3947} INFO - Setting next_dagrun for flights_ops_medallion_pipe to 2026-05-03 19:00:00+00:00, run_after=2026-05-03 19:30:00+00:00
[2026-05-03T19:22:36.356+0000] {processor.py:183} INFO - Processing /opt/airflow/dags/flight-pipeline.py took 1.364 seconds
[2026-05-03T19:23:06.565+0000] {processor.py:161} INFO - Started process (PID=15119) to work on /opt/airflow/dags/flight-pipeline.py
[2026-05-03T19:23:06.574+0000] {processor.py:830} INFO - Processing file /opt/airflow/dags/flight-pipeline.py for tasks to queue
[2026-05-03T19:23:06.576+0000] {logging_mixin.py:188} INFO - [2026-05-03T19:23:06.575+0000] {dagbag.py:545} INFO - Filling up the DagBag from /opt/airflow/dags/flight-pipeline.py
[2026-05-03T19:23:07.477+0000] {processor.py:840} INFO - DAG(s) 'flights_ops_medallion_pipe' retrieved from /opt/airflow/dags/flight-pipeline.py
[2026-05-03T19:23:07.507+0000] {logging_mixin.py:188} INFO - [2026-05-03T19:23:07.507+0000] {dag.py:3089} INFO - Sync 1 DAGs
[2026-05-03T19:23:07.531+0000] {logging_mixin.py:188} INFO - [2026-05-03T19:23:07.530+0000] {dag.py:3947} INFO - Setting next_dagrun for flights_ops_medallion_pipe to 2026-05-03 19:00:00+00:00, run_after=2026-05-03 19:30:00+00:00
[2026-05-03T19:23:07.547+0000] {processor.py:183} INFO - Processing /opt/airflow/dags/flight-pipeline.py took 0.991 seconds
[2026-05-03T19:23:37.720+0000] {processor.py:161} INFO - Started process (PID=15122) to work on /opt/airflow/dags/flight-pipeline.py
[2026-05-03T19:23:37.729+0000] {processor.py:830} INFO - Processing file /opt/airflow/dags/flight-pipeline.py for tasks to queue
[2026-05-03T19:23:37.730+0000] {logging_mixin.py:188} INFO - [2026-05-03T19:23:37.730+0000] {dagbag.py:545} INFO - Filling up the DagBag from /opt/airflow/dags/flight-pipeline.py
[2026-05-03T19:23:38.633+0000] {processor.py:840} INFO - DAG(s) 'flights_ops_medallion_pipe' retrieved from /opt/airflow/dags/flight-pipeline.py
[2026-05-03T19:23:38.664+0000] {logging_mixin.py:188} INFO - [2026-05-03T19:23:38.663+0000] {dag.py:3089} INFO - Sync 1 DAGs
[2026-05-03T19:23:38.686+0000] {logging_mixin.py:188} INFO - [2026-05-03T19:23:38.686+0000] {dag.py:3947} INFO - Setting next_dagrun for flights_ops_medallion_pipe to 2026-05-03 19:00:00+00:00, run_after=2026-05-03 19:30:00+00:00
[2026-05-03T19:23:38.706+0000] {processor.py:183} INFO - Processing /opt/airflow/dags/flight-pipeline.py took 0.994 seconds
[2026-05-03T19:24:08.940+0000] {processor.py:161} INFO - Started process (PID=15125) to work on /opt/airflow/dags/flight-pipeline.py
[2026-05-03T19:24:08.948+0000] {processor.py:830} INFO - Processing file /opt/airflow/dags/flight-pipeline.py for tasks to queue
[2026-05-03T19:24:08.949+0000] {logging_mixin.py:188} INFO - [2026-05-03T19:24:08.949+0000] {dagbag.py:545} INFO - Filling up the DagBag from /opt/airflow/dags/flight-pipeline.py
[2026-05-03T19:24:09.956+0000] {processor.py:840} INFO - DAG(s) 'flights_ops_medallion_pipe' retrieved from /opt/airflow/dags/flight-pipeline.py
[2026-05-03T19:24:09.990+0000] {logging_mixin.py:188} INFO - [2026-05-03T19:24:09.990+0000] {dag.py:3089} INFO - Sync 1 DAGs
[2026-05-03T19:24:10.014+0000] {logging_mixin.py:188} INFO - [2026-05-03T19:24:10.014+0000] {dag.py:3947} INFO - Setting next_dagrun for flights_ops_medallion_pipe to 2026-05-03 19:00:00+00:00, run_after=2026-05-03 19:30:00+00:00
[2026-05-03T19:24:10.031+0000] {processor.py:183} INFO - Processing /opt/airflow/dags/flight-pipeline.py took 1.102 seconds
[2026-05-03T19:24:40.177+0000] {processor.py:161} INFO - Started process (PID=15128) to work on /opt/airflow/dags/flight-pipeline.py
[2026-05-03T19:24:40.185+0000] {processor.py:830} INFO - Processing file /opt/airflow/dags/flight-pipeline.py for tasks to queue
[2026-05-03T19:24:40.187+0000] {logging_mixin.py:188} INFO - [2026-05-03T19:24:40.186+0000] {dagbag.py:545} INFO - Filling up the DagBag from /opt/airflow/dags/flight-pipeline.py
[2026-05-03T19:24:41.409+0000] {processor.py:840} INFO - DAG(s) 'flights_ops_medallion_pipe' retrieved from /opt/airflow/dags/flight-pipeline.py
[2026-05-03T19:24:41.442+0000] {logging_mixin.py:188} INFO - [2026-05-03T19:24:41.441+0000] {dag.py:3089} INFO - Sync 1 DAGs
[2026-05-03T19:24:41.465+0000] {logging_mixin.py:188} INFO - [2026-05-03T19:24:41.464+0000] {dag.py:3947} INFO - Setting next_dagrun for flights_ops_medallion_pipe to 2026-05-03 19:00:00+00:00, run_after=2026-05-03 19:30:00+00:00
[2026-05-03T19:24:41.483+0000] {processor.py:183} INFO - Processing /opt/airflow/dags/flight-pipeline.py took 1.321 seconds
[2026-05-03T19:25:11.710+0000] {processor.py:161} INFO - Started process (PID=15131) to work on /opt/airflow/dags/flight-pipeline.py
[2026-05-03T19:25:11.722+0000] {processor.py:830} INFO - Processing file /opt/airflow/dags/flight-pipeline.py for tasks to queue
[2026-05-03T19:25:11.723+0000] {logging_mixin.py:188} INFO - [2026-05-03T19:25:11.723+0000] {dagbag.py:545} INFO - Filling up the DagBag from /opt/airflow/dags/flight-pipeline.py
[2026-05-03T19:25:12.918+0000] {processor.py:840} INFO - DAG(s) 'flights_ops_medallion_pipe' retrieved from /opt/airflow/dags/flight-pipeline.py
[2026-05-03T19:25:12.961+0000] {logging_mixin.py:188} INFO - [2026-05-03T19:25:12.960+0000] {dag.py:3089} INFO - Sync 1 DAGs
[2026-05-03T19:25:12.983+0000] {logging_mixin.py:188} INFO - [2026-05-03T19:25:12.983+0000] {dag.py:3947} INFO - Setting next_dagrun for flights_ops_medallion_pipe to 2026-05-03 19:00:00+00:00, run_after=2026-05-03 19:30:00+00:00
[2026-05-03T19:25:13.002+0000] {processor.py:183} INFO - Processing /opt/airflow/dags/flight-pipeline.py took 1.308 seconds
[2026-05-03T19:25:43.491+0000] {processor.py:161} INFO - Started process (PID=15134) to work on /opt/airflow/dags/flight-pipeline.py
[2026-05-03T19:25:43.503+0000] {processor.py:830} INFO - Processing file /opt/airflow/dags/flight-pipeline.py for tasks to queue
[2026-05-03T19:25:43.714+0000] {logging_mixin.py:188} INFO - [2026-05-03T19:25:43.505+0000] {dagbag.py:545} INFO - Filling up the DagBag from /opt/airflow/dags/flight-pipeline.py
[2026-05-03T19:25:51.524+0000] {processor.py:840} INFO - DAG(s) 'flights_ops_medallion_pipe' retrieved from /opt/airflow/dags/flight-pipeline.py
[2026-05-03T19:25:51.612+0000] {logging_mixin.py:188} INFO - [2026-05-03T19:25:51.611+0000] {dag.py:3089} INFO - Sync 1 DAGs
[2026-05-03T19:25:51.667+0000] {logging_mixin.py:188} INFO - [2026-05-03T19:25:51.666+0000] {dag.py:3947} INFO - Setting next_dagrun for flights_ops_medallion_pipe to 2026-05-03 19:00:00+00:00, run_after=2026-05-03 19:30:00+00:00
[2026-05-03T19:25:51.716+0000] {processor.py:183} INFO - Processing /opt/airflow/dags/flight-pipeline.py took 8.262 seconds
[2026-05-03T19:26:22.172+0000] {processor.py:161} INFO - Started process (PID=15137) to work on /opt/airflow/dags/flight-pipeline.py
[2026-05-03T19:26:22.177+0000] {processor.py:830} INFO - Processing file /opt/airflow/dags/flight-pipeline.py for tasks to queue
[2026-05-03T19:26:22.179+0000] {logging_mixin.py:188} INFO - [2026-05-03T19:26:22.178+0000] {dagbag.py:545} INFO - Filling up the DagBag from /opt/airflow/dags/flight-pipeline.py
[2026-05-03T19:26:23.207+0000] {processor.py:840} INFO - DAG(s) 'flights_ops_medallion_pipe' retrieved from /opt/airflow/dags/flight-pipeline.py
[2026-05-03T19:26:23.239+0000] {logging_mixin.py:188} INFO - [2026-05-03T19:26:23.238+0000] {dag.py:3089} INFO - Sync 1 DAGs
[2026-05-03T19:26:23.268+0000] {logging_mixin.py:188} INFO - [2026-05-03T19:26:23.268+0000] {dag.py:3947} INFO - Setting next_dagrun for flights_ops_medallion_pipe to 2026-05-03 19:00:00+00:00, run_after=2026-05-03 19:30:00+00:00
[2026-05-03T19:26:23.286+0000] {processor.py:183} INFO - Processing /opt/airflow/dags/flight-pipeline.py took 1.132 seconds
[2026-05-03T19:26:53.426+0000] {processor.py:161} INFO - Started process (PID=15140) to work on /opt/airflow/dags/flight-pipeline.py
[2026-05-03T19:26:53.435+0000] {processor.py:830} INFO - Processing file /opt/airflow/dags/flight-pipeline.py for tasks to queue
[2026-05-03T19:26:53.436+0000] {logging_mixin.py:188} INFO - [2026-05-03T19:26:53.436+0000] {dagbag.py:545} INFO - Filling up the DagBag from /opt/airflow/dags/flight-pipeline.py
[2026-05-03T19:26:54.636+0000] {processor.py:840} INFO - DAG(s) 'flights_ops_medallion_pipe' retrieved from /opt/airflow/dags/flight-pipeline.py
[2026-05-03T19:26:54.682+0000] {logging_mixin.py:188} INFO - [2026-05-03T19:26:54.682+0000] {dag.py:3089} INFO - Sync 1 DAGs
[2026-05-03T19:26:54.710+0000] {logging_mixin.py:188} INFO - [2026-05-03T19:26:54.710+0000] {dag.py:3947} INFO - Setting next_dagrun for flights_ops_medallion_pipe to 2026-05-03 19:00:00+00:00, run_after=2026-05-03 19:30:00+00:00
[2026-05-03T19:26:54.733+0000] {processor.py:183} INFO - Processing /opt/airflow/dags/flight-pipeline.py took 1.316 seconds
[2026-05-03T19:27:25.014+0000] {processor.py:161} INFO - Started process (PID=15143) to work on /opt/airflow/dags/flight-pipeline.py
[2026-05-03T19:27:25.026+0000] {processor.py:830} INFO - Processing file /opt/airflow/dags/flight-pipeline.py for tasks to queue
[2026-05-03T19:27:25.030+0000] {logging_mixin.py:188} INFO - [2026-05-03T19:27:25.029+0000] {dagbag.py:545} INFO - Filling up the DagBag from /opt/airflow/dags/flight-pipeline.py
[2026-05-03T19:27:26.179+0000] {processor.py:840} INFO - DAG(s) 'flights_ops_medallion_pipe' retrieved from /opt/airflow/dags/flight-pipeline.py
[2026-05-03T19:27:26.249+0000] {logging_mixin.py:188} INFO - [2026-05-03T19:27:26.248+0000] {dag.py:3089} INFO - Sync 1 DAGs
[2026-05-03T19:27:26.296+0000] {logging_mixin.py:188} INFO - [2026-05-03T19:27:26.296+0000] {dag.py:3947} INFO - Setting next_dagrun for flights_ops_medallion_pipe to 2026-05-03 19:00:00+00:00, run_after=2026-05-03 19:30:00+00:00
[2026-05-03T19:27:26.331+0000] {processor.py:183} INFO - Processing /opt/airflow/dags/flight-pipeline.py took 1.331 seconds
[2026-05-03T19:27:57.512+0000] {processor.py:161} INFO - Started process (PID=15146) to work on /opt/airflow/dags/flight-pipeline.py
[2026-05-03T19:27:57.643+0000] {processor.py:830} INFO - Processing file /opt/airflow/dags/flight-pipeline.py for tasks to queue
[2026-05-03T19:27:57.691+0000] {logging_mixin.py:188} INFO - [2026-05-03T19:27:57.676+0000] {dagbag.py:545} INFO - Filling up the DagBag from /opt/airflow/dags/flight-pipeline.py
[2026-05-03T19:28:08.494+0000] {processor.py:840} INFO - DAG(s) 'flights_ops_medallion_pipe' retrieved from /opt/airflow/dags/flight-pipeline.py
[2026-05-03T19:28:08.748+0000] {logging_mixin.py:188} INFO - [2026-05-03T19:28:08.742+0000] {dag.py:3089} INFO - Sync 1 DAGs
[2026-05-03T19:28:08.929+0000] {logging_mixin.py:188} INFO - [2026-05-03T19:28:08.928+0000] {dag.py:3947} INFO - Setting next_dagrun for flights_ops_medallion_pipe to 2026-05-03 19:00:00+00:00, run_after=2026-05-03 19:30:00+00:00
[2026-05-03T19:28:09.036+0000] {processor.py:183} INFO - Processing /opt/airflow/dags/flight-pipeline.py took 11.958 seconds
[2026-05-03T19:28:39.534+0000] {processor.py:161} INFO - Started process (PID=15149) to work on /opt/airflow/dags/flight-pipeline.py
[2026-05-03T19:28:39.543+0000] {processor.py:830} INFO - Processing file /opt/airflow/dags/flight-pipeline.py for tasks to queue
[2026-05-03T19:28:39.545+0000] {logging_mixin.py:188} INFO - [2026-05-03T19:28:39.544+0000] {dagbag.py:545} INFO - Filling up the DagBag from /opt/airflow/dags/flight-pipeline.py
[2026-05-03T19:28:41.556+0000] {processor.py:840} INFO - DAG(s) 'flights_ops_medallion_pipe' retrieved from /opt/airflow/dags/flight-pipeline.py
[2026-05-03T19:28:41.663+0000] {logging_mixin.py:188} INFO - [2026-05-03T19:28:41.662+0000] {dag.py:3089} INFO - Sync 1 DAGs
[2026-05-03T19:28:41.704+0000] {logging_mixin.py:188} INFO - [2026-05-03T19:28:41.704+0000] {dag.py:3947} INFO - Setting next_dagrun for flights_ops_medallion_pipe to 2026-05-03 19:00:00+00:00, run_after=2026-05-03 19:30:00+00:00
[2026-05-03T19:28:41.729+0000] {processor.py:183} INFO - Processing /opt/airflow/dags/flight-pipeline.py took 2.227 seconds
[2026-05-03T19:29:12.090+0000] {processor.py:161} INFO - Started process (PID=15152) to work on /opt/airflow/dags/flight-pipeline.py
[2026-05-03T19:29:12.095+0000] {processor.py:830} INFO - Processing file /opt/airflow/dags/flight-pipeline.py for tasks to queue
[2026-05-03T19:29:12.102+0000] {logging_mixin.py:188} INFO - [2026-05-03T19:29:12.100+0000] {dagbag.py:545} INFO - Filling up the DagBag from /opt/airflow/dags/flight-pipeline.py
[2026-05-03T19:29:13.549+0000] {processor.py:840} INFO - DAG(s) 'flights_ops_medallion_pipe' retrieved from /opt/airflow/dags/flight-pipeline.py
[2026-05-03T19:29:13.763+0000] {logging_mixin.py:188} INFO - [2026-05-03T19:29:13.761+0000] {dag.py:3089} INFO - Sync 1 DAGs
[2026-05-03T19:29:13.817+0000] {logging_mixin.py:188} INFO - [2026-05-03T19:29:13.817+0000] {dag.py:3947} INFO - Setting next_dagrun for flights_ops_medallion_pipe to 2026-05-03 19:00:00+00:00, run_after=2026-05-03 19:30:00+00:00
[2026-05-03T19:29:13.855+0000] {processor.py:183} INFO - Processing /opt/airflow/dags/flight-pipeline.py took 1.823 seconds
[2026-05-03T19:29:43.964+0000] {processor.py:161} INFO - Started process (PID=15155) to work on /opt/airflow/dags/flight-pipeline.py
[2026-05-03T19:29:43.974+0000] {processor.py:830} INFO - Processing file /opt/airflow/dags/flight-pipeline.py for tasks to queue
[2026-05-03T19:29:43.975+0000] {logging_mixin.py:188} INFO - [2026-05-03T19:29:43.974+0000] {dagbag.py:545} INFO - Filling up the DagBag from /opt/airflow/dags/flight-pipeline.py
[2026-05-03T19:29:44.889+0000] {processor.py:840} INFO - DAG(s) 'flights_ops_medallion_pipe' retrieved from /opt/airflow/dags/flight-pipeline.py
[2026-05-03T19:29:44.947+0000] {logging_mixin.py:188} INFO - [2026-05-03T19:29:44.946+0000] {dag.py:3089} INFO - Sync 1 DAGs
[2026-05-03T19:29:44.990+0000] {logging_mixin.py:188} INFO - [2026-05-03T19:29:44.989+0000] {dag.py:3947} INFO - Setting next_dagrun for flights_ops_medallion_pipe to 2026-05-03 19:00:00+00:00, run_after=2026-05-03 19:30:00+00:00
[2026-05-03T19:29:45.015+0000] {processor.py:183} INFO - Processing /opt/airflow/dags/flight-pipeline.py took 1.060 seconds
[2026-05-03T19:30:15.145+0000] {processor.py:161} INFO - Started process (PID=15181) to work on /opt/airflow/dags/flight-pipeline.py
[2026-05-03T19:30:15.155+0000] {processor.py:830} INFO - Processing file /opt/airflow/dags/flight-pipeline.py for tasks to queue
[2026-05-03T19:30:15.156+0000] {logging_mixin.py:188} INFO - [2026-05-03T19:30:15.156+0000] {dagbag.py:545} INFO - Filling up the DagBag from /opt/airflow/dags/flight-pipeline.py
[2026-05-03T19:30:16.148+0000] {processor.py:840} INFO - DAG(s) 'flights_ops_medallion_pipe' retrieved from /opt/airflow/dags/flight-pipeline.py
[2026-05-03T19:30:16.183+0000] {logging_mixin.py:188} INFO - [2026-05-03T19:30:16.182+0000] {dag.py:3089} INFO - Sync 1 DAGs
[2026-05-03T19:30:16.212+0000] {logging_mixin.py:188} INFO - [2026-05-03T19:30:16.211+0000] {dag.py:3947} INFO - Setting next_dagrun for flights_ops_medallion_pipe to 2026-05-03 19:30:00+00:00, run_after=2026-05-03 20:00:00+00:00
[2026-05-03T19:30:16.237+0000] {processor.py:183} INFO - Processing /opt/airflow/dags/flight-pipeline.py took 1.101 seconds
[2026-05-03T19:30:46.432+0000] {processor.py:161} INFO - Started process (PID=15205) to work on /opt/airflow/dags/flight-pipeline.py
[2026-05-03T19:30:46.454+0000] {processor.py:830} INFO - Processing file /opt/airflow/dags/flight-pipeline.py for tasks to queue
[2026-05-03T19:30:46.461+0000] {logging_mixin.py:188} INFO - [2026-05-03T19:30:46.457+0000] {dagbag.py:545} INFO - Filling up the DagBag from /opt/airflow/dags/flight-pipeline.py
[2026-05-03T19:30:48.110+0000] {processor.py:840} INFO - DAG(s) 'flights_ops_medallion_pipe' retrieved from /opt/airflow/dags/flight-pipeline.py
[2026-05-03T19:30:48.331+0000] {logging_mixin.py:188} INFO - [2026-05-03T19:30:48.330+0000] {dag.py:3089} INFO - Sync 1 DAGs
[2026-05-03T19:30:48.457+0000] {logging_mixin.py:188} INFO - [2026-05-03T19:30:48.455+0000] {dag.py:3947} INFO - Setting next_dagrun for flights_ops_medallion_pipe to 2026-05-03 19:30:00+00:00, run_after=2026-05-03 20:00:00+00:00
[2026-05-03T19:30:48.543+0000] {processor.py:183} INFO - Processing /opt/airflow/dags/flight-pipeline.py took 2.141 seconds
[2026-05-03T19:31:18.680+0000] {processor.py:161} INFO - Started process (PID=15208) to work on /opt/airflow/dags/flight-pipeline.py
[2026-05-03T19:31:18.690+0000] {processor.py:830} INFO - Processing file /opt/airflow/dags/flight-pipeline.py for tasks to queue
[2026-05-03T19:31:18.692+0000] {logging_mixin.py:188} INFO - [2026-05-03T19:31:18.691+0000] {dagbag.py:545} INFO - Filling up the DagBag from /opt/airflow/dags/flight-pipeline.py
[2026-05-03T19:31:20.201+0000] {processor.py:840} INFO - DAG(s) 'flights_ops_medallion_pipe' retrieved from /opt/airflow/dags/flight-pipeline.py
[2026-05-03T19:31:20.230+0000] {logging_mixin.py:188} INFO - [2026-05-03T19:31:20.229+0000] {dag.py:3089} INFO - Sync 1 DAGs
[2026-05-03T19:31:20.252+0000] {logging_mixin.py:188} INFO - [2026-05-03T19:31:20.251+0000] {dag.py:3947} INFO - Setting next_dagrun for flights_ops_medallion_pipe to 2026-05-03 19:30:00+00:00, run_after=2026-05-03 20:00:00+00:00
[2026-05-03T19:31:20.269+0000] {processor.py:183} INFO - Processing /opt/airflow/dags/flight-pipeline.py took 1.598 seconds
[2026-05-03T19:31:50.552+0000] {processor.py:161} INFO - Started process (PID=15211) to work on /opt/airflow/dags/flight-pipeline.py
[2026-05-03T19:31:50.562+0000] {processor.py:830} INFO - Processing file /opt/airflow/dags/flight-pipeline.py for tasks to queue
[2026-05-03T19:31:50.563+0000] {logging_mixin.py:188} INFO - [2026-05-03T19:31:50.563+0000] {dagbag.py:545} INFO - Filling up the DagBag from /opt/airflow/dags/flight-pipeline.py
[2026-05-03T19:31:51.713+0000] {processor.py:840} INFO - DAG(s) 'flights_ops_medallion_pipe' retrieved from /opt/airflow/dags/flight-pipeline.py
[2026-05-03T19:31:51.746+0000] {logging_mixin.py:188} INFO - [2026-05-03T19:31:51.745+0000] {dag.py:3089} INFO - Sync 1 DAGs
[2026-05-03T19:31:51.771+0000] {logging_mixin.py:188} INFO - [2026-05-03T19:31:51.771+0000] {dag.py:3947} INFO - Setting next_dagrun for flights_ops_medallion_pipe to 2026-05-03 19:30:00+00:00, run_after=2026-05-03 20:00:00+00:00
[2026-05-03T19:31:51.789+0000] {processor.py:183} INFO - Processing /opt/airflow/dags/flight-pipeline.py took 1.246 seconds
[2026-05-03T19:32:21.895+0000] {processor.py:161} INFO - Started process (PID=15214) to work on /opt/airflow/dags/flight-pipeline.py
[2026-05-03T19:32:21.908+0000] {processor.py:830} INFO - Processing file /opt/airflow/dags/flight-pipeline.py for tasks to queue
[2026-05-03T19:32:21.910+0000] {logging_mixin.py:188} INFO - [2026-05-03T19:32:21.910+0000] {dagbag.py:545} INFO - Filling up the DagBag from /opt/airflow/dags/flight-pipeline.py
[2026-05-03T19:32:23.831+0000] {processor.py:840} INFO - DAG(s) 'flights_ops_medallion_pipe' retrieved from /opt/airflow/dags/flight-pipeline.py
[2026-05-03T19:32:23.897+0000] {logging_mixin.py:188} INFO - [2026-05-03T19:32:23.896+0000] {dag.py:3089} INFO - Sync 1 DAGs
[2026-05-03T19:32:23.947+0000] {logging_mixin.py:188} INFO - [2026-05-03T19:32:23.947+0000] {dag.py:3947} INFO - Setting next_dagrun for flights_ops_medallion_pipe to 2026-05-03 19:30:00+00:00, run_after=2026-05-03 20:00:00+00:00
[2026-05-03T19:32:23.979+0000] {processor.py:183} INFO - Processing /opt/airflow/dags/flight-pipeline.py took 2.100 seconds
[2026-05-03T19:32:54.257+0000] {processor.py:161} INFO - Started process (PID=15217) to work on /opt/airflow/dags/flight-pipeline.py
[2026-05-03T19:32:54.262+0000] {processor.py:830} INFO - Processing file /opt/airflow/dags/flight-pipeline.py for tasks to queue
[2026-05-03T19:32:54.264+0000] {logging_mixin.py:188} INFO - [2026-05-03T19:32:54.263+0000] {dagbag.py:545} INFO - Filling up the DagBag from /opt/airflow/dags/flight-pipeline.py
[2026-05-03T19:32:56.395+0000] {processor.py:840} INFO - DAG(s) 'flights_ops_medallion_pipe' retrieved from /opt/airflow/dags/flight-pipeline.py
[2026-05-03T19:32:56.470+0000] {logging_mixin.py:188} INFO - [2026-05-03T19:32:56.469+0000] {dag.py:3089} INFO - Sync 1 DAGs
[2026-05-03T19:32:56.506+0000] {logging_mixin.py:188} INFO - [2026-05-03T19:32:56.506+0000] {dag.py:3947} INFO - Setting next_dagrun for flights_ops_medallion_pipe to 2026-05-03 19:30:00+00:00, run_after=2026-05-03 20:00:00+00:00
[2026-05-03T19:32:56.537+0000] {processor.py:183} INFO - Processing /opt/airflow/dags/flight-pipeline.py took 2.293 seconds
[2026-05-03T19:33:26.623+0000] {processor.py:161} INFO - Started process (PID=15220) to work on /opt/airflow/dags/flight-pipeline.py
[2026-05-03T19:33:26.628+0000] {processor.py:830} INFO - Processing file /opt/airflow/dags/flight-pipeline.py for tasks to queue
[2026-05-03T19:33:26.633+0000] {logging_mixin.py:188} INFO - [2026-05-03T19:33:26.631+0000] {dagbag.py:545} INFO - Filling up the DagBag from /opt/airflow/dags/flight-pipeline.py
[2026-05-03T19:33:28.423+0000] {processor.py:840} INFO - DAG(s) 'flights_ops_medallion_pipe' retrieved from /opt/airflow/dags/flight-pipeline.py
[2026-05-03T19:33:28.487+0000] {logging_mixin.py:188} INFO - [2026-05-03T19:33:28.486+0000] {dag.py:3089} INFO - Sync 1 DAGs
[2026-05-03T19:33:28.522+0000] {logging_mixin.py:188} INFO - [2026-05-03T19:33:28.522+0000] {dag.py:3947} INFO - Setting next_dagrun for flights_ops_medallion_pipe to 2026-05-03 19:30:00+00:00, run_after=2026-05-03 20:00:00+00:00
[2026-05-03T19:33:28.553+0000] {processor.py:183} INFO - Processing /opt/airflow/dags/flight-pipeline.py took 1.946 seconds
[2026-05-03T19:33:59.021+0000] {processor.py:161} INFO - Started process (PID=15223) to work on /opt/airflow/dags/flight-pipeline.py
[2026-05-03T19:33:59.026+0000] {processor.py:830} INFO - Processing file /opt/airflow/dags/flight-pipeline.py for tasks to queue
[2026-05-03T19:33:59.028+0000] {logging_mixin.py:188} INFO - [2026-05-03T19:33:59.027+0000] {dagbag.py:545} INFO - Filling up the DagBag from /opt/airflow/dags/flight-pipeline.py
[2026-05-03T19:34:00.704+0000] {processor.py:840} INFO - DAG(s) 'flights_ops_medallion_pipe' retrieved from /opt/airflow/dags/flight-pipeline.py
[2026-05-03T19:34:00.774+0000] {logging_mixin.py:188} INFO - [2026-05-03T19:34:00.773+0000] {dag.py:3089} INFO - Sync 1 DAGs
[2026-05-03T19:34:00.823+0000] {logging_mixin.py:188} INFO - [2026-05-03T19:34:00.823+0000] {dag.py:3947} INFO - Setting next_dagrun for flights_ops_medallion_pipe to 2026-05-03 19:30:00+00:00, run_after=2026-05-03 20:00:00+00:00
[2026-05-03T19:34:00.855+0000] {processor.py:183} INFO - Processing /opt/airflow/dags/flight-pipeline.py took 1.847 seconds
[2026-05-03T19:34:31.163+0000] {processor.py:161} INFO - Started process (PID=15226) to work on /opt/airflow/dags/flight-pipeline.py
[2026-05-03T19:34:31.169+0000] {processor.py:830} INFO - Processing file /opt/airflow/dags/flight-pipeline.py for tasks to queue
[2026-05-03T19:34:31.171+0000] {logging_mixin.py:188} INFO - [2026-05-03T19:34:31.170+0000] {dagbag.py:545} INFO - Filling up the DagBag from /opt/airflow/dags/flight-pipeline.py
[2026-05-03T19:34:32.665+0000] {processor.py:840} INFO - DAG(s) 'flights_ops_medallion_pipe' retrieved from /opt/airflow/dags/flight-pipeline.py
[2026-05-03T19:34:32.714+0000] {logging_mixin.py:188} INFO - [2026-05-03T19:34:32.714+0000] {dag.py:3089} INFO - Sync 1 DAGs
[2026-05-03T19:34:32.746+0000] {logging_mixin.py:188} INFO - [2026-05-03T19:34:32.746+0000] {dag.py:3947} INFO - Setting next_dagrun for flights_ops_medallion_pipe to 2026-05-03 19:30:00+00:00, run_after=2026-05-03 20:00:00+00:00
[2026-05-03T19:34:32.772+0000] {processor.py:183} INFO - Processing /opt/airflow/dags/flight-pipeline.py took 1.620 seconds
[2026-05-03T19:35:03.144+0000] {processor.py:161} INFO - Started process (PID=15229) to work on /opt/airflow/dags/flight-pipeline.py
[2026-05-03T19:35:03.147+0000] {processor.py:830} INFO - Processing file /opt/airflow/dags/flight-pipeline.py for tasks to queue
[2026-05-03T19:35:03.149+0000] {logging_mixin.py:188} INFO - [2026-05-03T19:35:03.149+0000] {dagbag.py:545} INFO - Filling up the DagBag from /opt/airflow/dags/flight-pipeline.py
[2026-05-03T19:35:04.193+0000] {processor.py:840} INFO - DAG(s) 'flights_ops_medallion_pipe' retrieved from /opt/airflow/dags/flight-pipeline.py
[2026-05-03T19:35:04.262+0000] {logging_mixin.py:188} INFO - [2026-05-03T19:35:04.262+0000] {dag.py:3089} INFO - Sync 1 DAGs
[2026-05-03T19:35:04.319+0000] {logging_mixin.py:188} INFO - [2026-05-03T19:35:04.318+0000] {dag.py:3947} INFO - Setting next_dagrun for flights_ops_medallion_pipe to 2026-05-03 19:30:00+00:00, run_after=2026-05-03 20:00:00+00:00
[2026-05-03T19:35:04.362+0000] {processor.py:183} INFO - Processing /opt/airflow/dags/flight-pipeline.py took 1.227 seconds
[2026-05-03T19:35:34.954+0000] {processor.py:161} INFO - Started process (PID=15232) to work on /opt/airflow/dags/flight-pipeline.py
[2026-05-03T19:35:34.961+0000] {processor.py:830} INFO - Processing file /opt/airflow/dags/flight-pipeline.py for tasks to queue
[2026-05-03T19:35:34.963+0000] {logging_mixin.py:188} INFO - [2026-05-03T19:35:34.963+0000] {dagbag.py:545} INFO - Filling up the DagBag from /opt/airflow/dags/flight-pipeline.py
[2026-05-03T19:35:37.084+0000] {processor.py:840} INFO - DAG(s) 'flights_ops_medallion_pipe' retrieved from /opt/airflow/dags/flight-pipeline.py
[2026-05-03T19:35:37.171+0000] {logging_mixin.py:188} INFO - [2026-05-03T19:35:37.170+0000] {dag.py:3089} INFO - Sync 1 DAGs
[2026-05-03T19:35:37.262+0000] {logging_mixin.py:188} INFO - [2026-05-03T19:35:37.261+0000] {dag.py:3947} INFO - Setting next_dagrun for flights_ops_medallion_pipe to 2026-05-03 19:30:00+00:00, run_after=2026-05-03 20:00:00+00:00
[2026-05-03T19:35:37.311+0000] {processor.py:183} INFO - Processing /opt/airflow/dags/flight-pipeline.py took 2.380 seconds
[2026-05-03T19:36:07.447+0000] {processor.py:161} INFO - Started process (PID=15235) to work on /opt/airflow/dags/flight-pipeline.py
[2026-05-03T19:36:07.454+0000] {processor.py:830} INFO - Processing file /opt/airflow/dags/flight-pipeline.py for tasks to queue
[2026-05-03T19:36:07.459+0000] {logging_mixin.py:188} INFO - [2026-05-03T19:36:07.457+0000] {dagbag.py:545} INFO - Filling up the DagBag from /opt/airflow/dags/flight-pipeline.py
[2026-05-03T19:36:09.010+0000] {processor.py:840} INFO - DAG(s) 'flights_ops_medallion_pipe' retrieved from /opt/airflow/dags/flight-pipeline.py
[2026-05-03T19:36:09.051+0000] {logging_mixin.py:188} INFO - [2026-05-03T19:36:09.050+0000] {dag.py:3089} INFO - Sync 1 DAGs
[2026-05-03T19:36:09.080+0000] {logging_mixin.py:188} INFO - [2026-05-03T19:36:09.079+0000] {dag.py:3947} INFO - Setting next_dagrun for flights_ops_medallion_pipe to 2026-05-03 19:30:00+00:00, run_after=2026-05-03 20:00:00+00:00
[2026-05-03T19:36:09.102+0000] {processor.py:183} INFO - Processing /opt/airflow/dags/flight-pipeline.py took 1.675 seconds
[2026-05-03T19:36:39.295+0000] {processor.py:161} INFO - Started process (PID=15238) to work on /opt/airflow/dags/flight-pipeline.py
[2026-05-03T19:36:39.305+0000] {processor.py:830} INFO - Processing file /opt/airflow/dags/flight-pipeline.py for tasks to queue
[2026-05-03T19:36:39.309+0000] {logging_mixin.py:188} INFO - [2026-05-03T19:36:39.308+0000] {dagbag.py:545} INFO - Filling up the DagBag from /opt/airflow/dags/flight-pipeline.py
[2026-05-03T19:36:42.430+0000] {processor.py:840} INFO - DAG(s) 'flights_ops_medallion_pipe' retrieved from /opt/airflow/dags/flight-pipeline.py
[2026-05-03T19:36:42.505+0000] {logging_mixin.py:188} INFO - [2026-05-03T19:36:42.504+0000] {dag.py:3089} INFO - Sync 1 DAGs
[2026-05-03T19:36:42.546+0000] {logging_mixin.py:188} INFO - [2026-05-03T19:36:42.546+0000] {dag.py:3947} INFO - Setting next_dagrun for flights_ops_medallion_pipe to 2026-05-03 19:30:00+00:00, run_after=2026-05-03 20:00:00+00:00
[2026-05-03T19:36:42.589+0000] {processor.py:183} INFO - Processing /opt/airflow/dags/flight-pipeline.py took 3.314 seconds
[2026-05-03T19:37:12.887+0000] {processor.py:161} INFO - Started process (PID=15241) to work on /opt/airflow/dags/flight-pipeline.py
[2026-05-03T19:37:12.892+0000] {processor.py:830} INFO - Processing file /opt/airflow/dags/flight-pipeline.py for tasks to queue
[2026-05-03T19:37:12.894+0000] {logging_mixin.py:188} INFO - [2026-05-03T19:37:12.893+0000] {dagbag.py:545} INFO - Filling up the DagBag from /opt/airflow/dags/flight-pipeline.py
[2026-05-03T19:37:14.791+0000] {processor.py:840} INFO - DAG(s) 'flights_ops_medallion_pipe' retrieved from /opt/airflow/dags/flight-pipeline.py
[2026-05-03T19:37:14.851+0000] {logging_mixin.py:188} INFO - [2026-05-03T19:37:14.850+0000] {dag.py:3089} INFO - Sync 1 DAGs
[2026-05-03T19:37:14.919+0000] {logging_mixin.py:188} INFO - [2026-05-03T19:37:14.919+0000] {dag.py:3947} INFO - Setting next_dagrun for flights_ops_medallion_pipe to 2026-05-03 19:30:00+00:00, run_after=2026-05-03 20:00:00+00:00
[2026-05-03T19:37:14.948+0000] {processor.py:183} INFO - Processing /opt/airflow/dags/flight-pipeline.py took 2.074 seconds
[2026-05-03T19:37:45.638+0000] {processor.py:161} INFO - Started process (PID=15244) to work on /opt/airflow/dags/flight-pipeline.py
[2026-05-03T19:37:45.645+0000] {processor.py:830} INFO - Processing file /opt/airflow/dags/flight-pipeline.py for tasks to queue
[2026-05-03T19:37:45.654+0000] {logging_mixin.py:188} INFO - [2026-05-03T19:37:45.649+0000] {dagbag.py:545} INFO - Filling up the DagBag from /opt/airflow/dags/flight-pipeline.py
[2026-05-03T19:37:51.334+0000] {processor.py:840} INFO - DAG(s) 'flights_ops_medallion_pipe' retrieved from /opt/airflow/dags/flight-pipeline.py
[2026-05-03T19:37:51.430+0000] {logging_mixin.py:188} INFO - [2026-05-03T19:37:51.429+0000] {dag.py:3089} INFO - Sync 1 DAGs
[2026-05-03T19:37:51.559+0000] {logging_mixin.py:188} INFO - [2026-05-03T19:37:51.524+0000] {dag.py:3947} INFO - Setting next_dagrun for flights_ops_medallion_pipe to 2026-05-03 19:30:00+00:00, run_after=2026-05-03 20:00:00+00:00
[2026-05-03T19:37:51.615+0000] {processor.py:183} INFO - Processing /opt/airflow/dags/flight-pipeline.py took 6.066 seconds
[2026-05-03T19:38:22.032+0000] {processor.py:161} INFO - Started process (PID=15247) to work on /opt/airflow/dags/flight-pipeline.py
[2026-05-03T19:38:22.038+0000] {processor.py:830} INFO - Processing file /opt/airflow/dags/flight-pipeline.py for tasks to queue
[2026-05-03T19:38:22.043+0000] {logging_mixin.py:188} INFO - [2026-05-03T19:38:22.041+0000] {dagbag.py:545} INFO - Filling up the DagBag from /opt/airflow/dags/flight-pipeline.py
[2026-05-03T19:38:24.222+0000] {processor.py:840} INFO - DAG(s) 'flights_ops_medallion_pipe' retrieved from /opt/airflow/dags/flight-pipeline.py
[2026-05-03T19:38:24.289+0000] {logging_mixin.py:188} INFO - [2026-05-03T19:38:24.288+0000] {dag.py:3089} INFO - Sync 1 DAGs
[2026-05-03T19:38:24.388+0000] {logging_mixin.py:188} INFO - [2026-05-03T19:38:24.388+0000] {dag.py:3947} INFO - Setting next_dagrun for flights_ops_medallion_pipe to 2026-05-03 19:30:00+00:00, run_after=2026-05-03 20:00:00+00:00
[2026-05-03T19:38:24.448+0000] {processor.py:183} INFO - Processing /opt/airflow/dags/flight-pipeline.py took 2.434 seconds
[2026-05-03T19:38:54.727+0000] {processor.py:161} INFO - Started process (PID=15250) to work on /opt/airflow/dags/flight-pipeline.py
[2026-05-03T19:38:54.731+0000] {processor.py:830} INFO - Processing file /opt/airflow/dags/flight-pipeline.py for tasks to queue
[2026-05-03T19:38:54.733+0000] {logging_mixin.py:188} INFO - [2026-05-03T19:38:54.732+0000] {dagbag.py:545} INFO - Filling up the DagBag from /opt/airflow/dags/flight-pipeline.py
[2026-05-03T19:38:56.447+0000] {processor.py:840} INFO - DAG(s) 'flights_ops_medallion_pipe' retrieved from /opt/airflow/dags/flight-pipeline.py
[2026-05-03T19:38:56.532+0000] {logging_mixin.py:188} INFO - [2026-05-03T19:38:56.531+0000] {dag.py:3089} INFO - Sync 1 DAGs
[2026-05-03T19:38:56.604+0000] {logging_mixin.py:188} INFO - [2026-05-03T19:38:56.603+0000] {dag.py:3947} INFO - Setting next_dagrun for flights_ops_medallion_pipe to 2026-05-03 19:30:00+00:00, run_after=2026-05-03 20:00:00+00:00
[2026-05-03T19:38:56.642+0000] {processor.py:183} INFO - Processing /opt/airflow/dags/flight-pipeline.py took 1.927 seconds
[2026-05-03T19:39:26.919+0000] {processor.py:161} INFO - Started process (PID=15253) to work on /opt/airflow/dags/flight-pipeline.py
[2026-05-03T19:39:26.928+0000] {processor.py:830} INFO - Processing file /opt/airflow/dags/flight-pipeline.py for tasks to queue
[2026-05-03T19:39:26.930+0000] {logging_mixin.py:188} INFO - [2026-05-03T19:39:26.929+0000] {dagbag.py:545} INFO - Filling up the DagBag from /opt/airflow/dags/flight-pipeline.py
[2026-05-03T19:39:28.785+0000] {processor.py:840} INFO - DAG(s) 'flights_ops_medallion_pipe' retrieved from /opt/airflow/dags/flight-pipeline.py
[2026-05-03T19:39:28.928+0000] {logging_mixin.py:188} INFO - [2026-05-03T19:39:28.926+0000] {dag.py:3089} INFO - Sync 1 DAGs
[2026-05-03T19:39:29.063+0000] {logging_mixin.py:188} INFO - [2026-05-03T19:39:29.062+0000] {dag.py:3947} INFO - Setting next_dagrun for flights_ops_medallion_pipe to 2026-05-03 19:30:00+00:00, run_after=2026-05-03 20:00:00+00:00
[2026-05-03T19:39:29.130+0000] {processor.py:183} INFO - Processing /opt/airflow/dags/flight-pipeline.py took 2.223 seconds
[2026-05-03T19:39:59.252+0000] {processor.py:161} INFO - Started process (PID=15256) to work on /opt/airflow/dags/flight-pipeline.py
[2026-05-03T19:39:59.254+0000] {processor.py:830} INFO - Processing file /opt/airflow/dags/flight-pipeline.py for tasks to queue
[2026-05-03T19:39:59.257+0000] {logging_mixin.py:188} INFO - [2026-05-03T19:39:59.256+0000] {dagbag.py:545} INFO - Filling up the DagBag from /opt/airflow/dags/flight-pipeline.py
[2026-05-03T19:40:00.394+0000] {processor.py:840} INFO - DAG(s) 'flights_ops_medallion_pipe' retrieved from /opt/airflow/dags/flight-pipeline.py
[2026-05-03T19:40:00.427+0000] {logging_mixin.py:188} INFO - [2026-05-03T19:40:00.427+0000] {dag.py:3089} INFO - Sync 1 DAGs
[2026-05-03T19:40:00.450+0000] {logging_mixin.py:188} INFO - [2026-05-03T19:40:00.449+0000] {dag.py:3947} INFO - Setting next_dagrun for flights_ops_medallion_pipe to 2026-05-03 19:30:00+00:00, run_after=2026-05-03 20:00:00+00:00
[2026-05-03T19:40:00.470+0000] {processor.py:183} INFO - Processing /opt/airflow/dags/flight-pipeline.py took 1.291 seconds
[2026-05-03T19:40:30.851+0000] {processor.py:161} INFO - Started process (PID=15259) to work on /opt/airflow/dags/flight-pipeline.py
[2026-05-03T19:40:30.856+0000] {processor.py:830} INFO - Processing file /opt/airflow/dags/flight-pipeline.py for tasks to queue
[2026-05-03T19:40:30.858+0000] {logging_mixin.py:188} INFO - [2026-05-03T19:40:30.857+0000] {dagbag.py:545} INFO - Filling up the DagBag from /opt/airflow/dags/flight-pipeline.py
[2026-05-03T19:40:33.955+0000] {processor.py:840} INFO - DAG(s) 'flights_ops_medallion_pipe' retrieved from /opt/airflow/dags/flight-pipeline.py
[2026-05-03T19:40:34.007+0000] {logging_mixin.py:188} INFO - [2026-05-03T19:40:34.006+0000] {dag.py:3089} INFO - Sync 1 DAGs
[2026-05-03T19:40:34.043+0000] {logging_mixin.py:188} INFO - [2026-05-03T19:40:34.041+0000] {dag.py:3947} INFO - Setting next_dagrun for flights_ops_medallion_pipe to 2026-05-03 19:30:00+00:00, run_after=2026-05-03 20:00:00+00:00
[2026-05-03T19:40:34.072+0000] {processor.py:183} INFO - Processing /opt/airflow/dags/flight-pipeline.py took 3.302 seconds
[2026-05-03T19:41:04.333+0000] {processor.py:161} INFO - Started process (PID=15262) to work on /opt/airflow/dags/flight-pipeline.py
[2026-05-03T19:41:04.337+0000] {processor.py:830} INFO - Processing file /opt/airflow/dags/flight-pipeline.py for tasks to queue
[2026-05-03T19:41:04.338+0000] {logging_mixin.py:188} INFO - [2026-05-03T19:41:04.338+0000] {dagbag.py:545} INFO - Filling up the DagBag from /opt/airflow/dags/flight-pipeline.py
[2026-05-03T19:41:05.719+0000] {processor.py:840} INFO - DAG(s) 'flights_ops_medallion_pipe' retrieved from /opt/airflow/dags/flight-pipeline.py
[2026-05-03T19:41:05.772+0000] {logging_mixin.py:188} INFO - [2026-05-03T19:41:05.771+0000] {dag.py:3089} INFO - Sync 1 DAGs
[2026-05-03T19:41:05.805+0000] {logging_mixin.py:188} INFO - [2026-05-03T19:41:05.804+0000] {dag.py:3947} INFO - Setting next_dagrun for flights_ops_medallion_pipe to 2026-05-03 19:30:00+00:00, run_after=2026-05-03 20:00:00+00:00
[2026-05-03T19:41:05.834+0000] {processor.py:183} INFO - Processing /opt/airflow/dags/flight-pipeline.py took 1.514 seconds
[2026-05-03T19:41:36.177+0000] {processor.py:161} INFO - Started process (PID=15265) to work on /opt/airflow/dags/flight-pipeline.py
[2026-05-03T19:41:36.183+0000] {processor.py:830} INFO - Processing file /opt/airflow/dags/flight-pipeline.py for tasks to queue
[2026-05-03T19:41:36.189+0000] {logging_mixin.py:188} INFO - [2026-05-03T19:41:36.189+0000] {dagbag.py:545} INFO - Filling up the DagBag from /opt/airflow/dags/flight-pipeline.py
[2026-05-03T19:41:37.703+0000] {processor.py:840} INFO - DAG(s) 'flights_ops_medallion_pipe' retrieved from /opt/airflow/dags/flight-pipeline.py
[2026-05-03T19:41:37.758+0000] {logging_mixin.py:188} INFO - [2026-05-03T19:41:37.757+0000] {dag.py:3089} INFO - Sync 1 DAGs
[2026-05-03T19:41:37.798+0000] {logging_mixin.py:188} INFO - [2026-05-03T19:41:37.796+0000] {dag.py:3947} INFO - Setting next_dagrun for flights_ops_medallion_pipe to 2026-05-03 19:30:00+00:00, run_after=2026-05-03 20:00:00+00:00
[2026-05-03T19:41:37.843+0000] {processor.py:183} INFO - Processing /opt/airflow/dags/flight-pipeline.py took 1.677 seconds
[2026-05-03T19:42:08.109+0000] {processor.py:161} INFO - Started process (PID=15268) to work on /opt/airflow/dags/flight-pipeline.py
[2026-05-03T19:42:08.116+0000] {processor.py:830} INFO - Processing file /opt/airflow/dags/flight-pipeline.py for tasks to queue
[2026-05-03T19:42:08.118+0000] {logging_mixin.py:188} INFO - [2026-05-03T19:42:08.117+0000] {dagbag.py:545} INFO - Filling up the DagBag from /opt/airflow/dags/flight-pipeline.py
[2026-05-03T19:42:09.895+0000] {processor.py:840} INFO - DAG(s) 'flights_ops_medallion_pipe' retrieved from /opt/airflow/dags/flight-pipeline.py
[2026-05-03T19:42:09.948+0000] {logging_mixin.py:188} INFO - [2026-05-03T19:42:09.947+0000] {dag.py:3089} INFO - Sync 1 DAGs
[2026-05-03T19:42:09.980+0000] {logging_mixin.py:188} INFO - [2026-05-03T19:42:09.980+0000] {dag.py:3947} INFO - Setting next_dagrun for flights_ops_medallion_pipe to 2026-05-03 19:30:00+00:00, run_after=2026-05-03 20:00:00+00:00
[2026-05-03T19:42:10.006+0000] {processor.py:183} INFO - Processing /opt/airflow/dags/flight-pipeline.py took 1.934 seconds
[2026-05-03T19:42:40.366+0000] {processor.py:161} INFO - Started process (PID=15271) to work on /opt/airflow/dags/flight-pipeline.py
[2026-05-03T19:42:40.380+0000] {processor.py:830} INFO - Processing file /opt/airflow/dags/flight-pipeline.py for tasks to queue
[2026-05-03T19:42:40.383+0000] {logging_mixin.py:188} INFO - [2026-05-03T19:42:40.382+0000] {dagbag.py:545} INFO - Filling up the DagBag from /opt/airflow/dags/flight-pipeline.py
[2026-05-03T19:42:42.884+0000] {processor.py:840} INFO - DAG(s) 'flights_ops_medallion_pipe' retrieved from /opt/airflow/dags/flight-pipeline.py
[2026-05-03T19:42:43.042+0000] {logging_mixin.py:188} INFO - [2026-05-03T19:42:43.039+0000] {dag.py:3089} INFO - Sync 1 DAGs
[2026-05-03T19:42:43.123+0000] {logging_mixin.py:188} INFO - [2026-05-03T19:42:43.122+0000] {dag.py:3947} INFO - Setting next_dagrun for flights_ops_medallion_pipe to 2026-05-03 19:30:00+00:00, run_after=2026-05-03 20:00:00+00:00
[2026-05-03T19:42:43.167+0000] {processor.py:183} INFO - Processing /opt/airflow/dags/flight-pipeline.py took 2.844 seconds
[2026-05-03T19:43:13.436+0000] {processor.py:161} INFO - Started process (PID=15274) to work on /opt/airflow/dags/flight-pipeline.py
[2026-05-03T19:43:13.440+0000] {processor.py:830} INFO - Processing file /opt/airflow/dags/flight-pipeline.py for tasks to queue
[2026-05-03T19:43:13.442+0000] {logging_mixin.py:188} INFO - [2026-05-03T19:43:13.441+0000] {dagbag.py:545} INFO - Filling up the DagBag from /opt/airflow/dags/flight-pipeline.py
[2026-05-03T19:43:14.257+0000] {processor.py:840} INFO - DAG(s) 'flights_ops_medallion_pipe' retrieved from /opt/airflow/dags/flight-pipeline.py
[2026-05-03T19:43:14.288+0000] {logging_mixin.py:188} INFO - [2026-05-03T19:43:14.287+0000] {dag.py:3089} INFO - Sync 1 DAGs
[2026-05-03T19:43:14.308+0000] {logging_mixin.py:188} INFO - [2026-05-03T19:43:14.308+0000] {dag.py:3947} INFO - Setting next_dagrun for flights_ops_medallion_pipe to 2026-05-03 19:30:00+00:00, run_after=2026-05-03 20:00:00+00:00
[2026-05-03T19:43:14.324+0000] {processor.py:183} INFO - Processing /opt/airflow/dags/flight-pipeline.py took 0.897 seconds
[2026-05-03T19:43:44.583+0000] {processor.py:161} INFO - Started process (PID=15277) to work on /opt/airflow/dags/flight-pipeline.py
[2026-05-03T19:43:44.595+0000] {processor.py:830} INFO - Processing file /opt/airflow/dags/flight-pipeline.py for tasks to queue
[2026-05-03T19:43:44.597+0000] {logging_mixin.py:188} INFO - [2026-05-03T19:43:44.596+0000] {dagbag.py:545} INFO - Filling up the DagBag from /opt/airflow/dags/flight-pipeline.py
[2026-05-03T19:43:45.478+0000] {processor.py:840} INFO - DAG(s) 'flights_ops_medallion_pipe' retrieved from /opt/airflow/dags/flight-pipeline.py
[2026-05-03T19:43:45.509+0000] {logging_mixin.py:188} INFO - [2026-05-03T19:43:45.508+0000] {dag.py:3089} INFO - Sync 1 DAGs
[2026-05-03T19:43:45.530+0000] {logging_mixin.py:188} INFO - [2026-05-03T19:43:45.530+0000] {dag.py:3947} INFO - Setting next_dagrun for flights_ops_medallion_pipe to 2026-05-03 19:30:00+00:00, run_after=2026-05-03 20:00:00+00:00
[2026-05-03T19:43:45.546+0000] {processor.py:183} INFO - Processing /opt/airflow/dags/flight-pipeline.py took 0.982 seconds
[2026-05-03T19:44:15.799+0000] {processor.py:161} INFO - Started process (PID=15280) to work on /opt/airflow/dags/flight-pipeline.py
[2026-05-03T19:44:15.810+0000] {processor.py:830} INFO - Processing file /opt/airflow/dags/flight-pipeline.py for tasks to queue
[2026-05-03T19:44:15.812+0000] {logging_mixin.py:188} INFO - [2026-05-03T19:44:15.811+0000] {dagbag.py:545} INFO - Filling up the DagBag from /opt/airflow/dags/flight-pipeline.py
[2026-05-03T19:44:17.042+0000] {processor.py:840} INFO - DAG(s) 'flights_ops_medallion_pipe' retrieved from /opt/airflow/dags/flight-pipeline.py
[2026-05-03T19:44:17.090+0000] {logging_mixin.py:188} INFO - [2026-05-03T19:44:17.089+0000] {dag.py:3089} INFO - Sync 1 DAGs
[2026-05-03T19:44:17.125+0000] {logging_mixin.py:188} INFO - [2026-05-03T19:44:17.125+0000] {dag.py:3947} INFO - Setting next_dagrun for flights_ops_medallion_pipe to 2026-05-03 19:30:00+00:00, run_after=2026-05-03 20:00:00+00:00
[2026-05-03T19:44:17.151+0000] {processor.py:183} INFO - Processing /opt/airflow/dags/flight-pipeline.py took 1.363 seconds
[2026-05-03T19:44:47.390+0000] {processor.py:161} INFO - Started process (PID=15283) to work on /opt/airflow/dags/flight-pipeline.py
[2026-05-03T19:44:47.405+0000] {processor.py:830} INFO - Processing file /opt/airflow/dags/flight-pipeline.py for tasks to queue
[2026-05-03T19:44:47.407+0000] {logging_mixin.py:188} INFO - [2026-05-03T19:44:47.407+0000] {dagbag.py:545} INFO - Filling up the DagBag from /opt/airflow/dags/flight-pipeline.py
[2026-05-03T19:44:48.522+0000] {processor.py:840} INFO - DAG(s) 'flights_ops_medallion_pipe' retrieved from /opt/airflow/dags/flight-pipeline.py
[2026-05-03T19:44:48.565+0000] {logging_mixin.py:188} INFO - [2026-05-03T19:44:48.565+0000] {dag.py:3089} INFO - Sync 1 DAGs
[2026-05-03T19:44:48.589+0000] {logging_mixin.py:188} INFO - [2026-05-03T19:44:48.588+0000] {dag.py:3947} INFO - Setting next_dagrun for flights_ops_medallion_pipe to 2026-05-03 19:30:00+00:00, run_after=2026-05-03 20:00:00+00:00
[2026-05-03T19:44:48.607+0000] {processor.py:183} INFO - Processing /opt/airflow/dags/flight-pipeline.py took 1.243 seconds
[2026-05-03T19:45:18.780+0000] {processor.py:161} INFO - Started process (PID=15286) to work on /opt/airflow/dags/flight-pipeline.py
[2026-05-03T19:45:18.791+0000] {processor.py:830} INFO - Processing file /opt/airflow/dags/flight-pipeline.py for tasks to queue
[2026-05-03T19:45:18.792+0000] {logging_mixin.py:188} INFO - [2026-05-03T19:45:18.792+0000] {dagbag.py:545} INFO - Filling up the DagBag from /opt/airflow/dags/flight-pipeline.py
[2026-05-03T19:45:19.608+0000] {processor.py:840} INFO - DAG(s) 'flights_ops_medallion_pipe' retrieved from /opt/airflow/dags/flight-pipeline.py
[2026-05-03T19:45:19.638+0000] {logging_mixin.py:188} INFO - [2026-05-03T19:45:19.637+0000] {dag.py:3089} INFO - Sync 1 DAGs
[2026-05-03T19:45:19.659+0000] {logging_mixin.py:188} INFO - [2026-05-03T19:45:19.659+0000] {dag.py:3947} INFO - Setting next_dagrun for flights_ops_medallion_pipe to 2026-05-03 19:30:00+00:00, run_after=2026-05-03 20:00:00+00:00
[2026-05-03T19:45:19.675+0000] {processor.py:183} INFO - Processing /opt/airflow/dags/flight-pipeline.py took 0.904 seconds
[2026-05-03T19:45:49.726+0000] {processor.py:161} INFO - Started process (PID=15289) to work on /opt/airflow/dags/flight-pipeline.py
[2026-05-03T19:45:49.735+0000] {processor.py:830} INFO - Processing file /opt/airflow/dags/flight-pipeline.py for tasks to queue
[2026-05-03T19:45:49.736+0000] {logging_mixin.py:188} INFO - [2026-05-03T19:45:49.736+0000] {dagbag.py:545} INFO - Filling up the DagBag from /opt/airflow/dags/flight-pipeline.py
[2026-05-03T19:45:50.548+0000] {processor.py:840} INFO - DAG(s) 'flights_ops_medallion_pipe' retrieved from /opt/airflow/dags/flight-pipeline.py
[2026-05-03T19:45:50.578+0000] {logging_mixin.py:188} INFO - [2026-05-03T19:45:50.577+0000] {dag.py:3089} INFO - Sync 1 DAGs
[2026-05-03T19:45:50.599+0000] {logging_mixin.py:188} INFO - [2026-05-03T19:45:50.598+0000] {dag.py:3947} INFO - Setting next_dagrun for flights_ops_medallion_pipe to 2026-05-03 19:30:00+00:00, run_after=2026-05-03 20:00:00+00:00
[2026-05-03T19:45:50.615+0000] {processor.py:183} INFO - Processing /opt/airflow/dags/flight-pipeline.py took 0.898 seconds
[2026-05-03T19:46:20.847+0000] {processor.py:161} INFO - Started process (PID=15292) to work on /opt/airflow/dags/flight-pipeline.py
[2026-05-03T19:46:20.858+0000] {processor.py:830} INFO - Processing file /opt/airflow/dags/flight-pipeline.py for tasks to queue
[2026-05-03T19:46:20.860+0000] {logging_mixin.py:188} INFO - [2026-05-03T19:46:20.859+0000] {dagbag.py:545} INFO - Filling up the DagBag from /opt/airflow/dags/flight-pipeline.py
[2026-05-03T19:46:21.927+0000] {processor.py:840} INFO - DAG(s) 'flights_ops_medallion_pipe' retrieved from /opt/airflow/dags/flight-pipeline.py
[2026-05-03T19:46:21.966+0000] {logging_mixin.py:188} INFO - [2026-05-03T19:46:21.966+0000] {dag.py:3089} INFO - Sync 1 DAGs
[2026-05-03T19:46:21.993+0000] {logging_mixin.py:188} INFO - [2026-05-03T19:46:21.993+0000] {dag.py:3947} INFO - Setting next_dagrun for flights_ops_medallion_pipe to 2026-05-03 19:30:00+00:00, run_after=2026-05-03 20:00:00+00:00
[2026-05-03T19:46:22.015+0000] {processor.py:183} INFO - Processing /opt/airflow/dags/flight-pipeline.py took 1.179 seconds
[2026-05-03T19:46:52.299+0000] {processor.py:161} INFO - Started process (PID=15295) to work on /opt/airflow/dags/flight-pipeline.py
[2026-05-03T19:46:52.307+0000] {processor.py:830} INFO - Processing file /opt/airflow/dags/flight-pipeline.py for tasks to queue
[2026-05-03T19:46:52.309+0000] {logging_mixin.py:188} INFO - [2026-05-03T19:46:52.308+0000] {dagbag.py:545} INFO - Filling up the DagBag from /opt/airflow/dags/flight-pipeline.py
[2026-05-03T19:46:53.334+0000] {processor.py:840} INFO - DAG(s) 'flights_ops_medallion_pipe' retrieved from /opt/airflow/dags/flight-pipeline.py
[2026-05-03T19:46:53.371+0000] {logging_mixin.py:188} INFO - [2026-05-03T19:46:53.370+0000] {dag.py:3089} INFO - Sync 1 DAGs
[2026-05-03T19:46:53.397+0000] {logging_mixin.py:188} INFO - [2026-05-03T19:46:53.397+0000] {dag.py:3947} INFO - Setting next_dagrun for flights_ops_medallion_pipe to 2026-05-03 19:30:00+00:00, run_after=2026-05-03 20:00:00+00:00
[2026-05-03T19:46:53.417+0000] {processor.py:183} INFO - Processing /opt/airflow/dags/flight-pipeline.py took 1.129 seconds
[2026-05-03T19:47:23.533+0000] {processor.py:161} INFO - Started process (PID=15298) to work on /opt/airflow/dags/flight-pipeline.py
[2026-05-03T19:47:23.544+0000] {processor.py:830} INFO - Processing file /opt/airflow/dags/flight-pipeline.py for tasks to queue
[2026-05-03T19:47:23.545+0000] {logging_mixin.py:188} INFO - [2026-05-03T19:47:23.545+0000] {dagbag.py:545} INFO - Filling up the DagBag from /opt/airflow/dags/flight-pipeline.py
[2026-05-03T19:47:24.609+0000] {processor.py:840} INFO - DAG(s) 'flights_ops_medallion_pipe' retrieved from /opt/airflow/dags/flight-pipeline.py
[2026-05-03T19:47:24.651+0000] {logging_mixin.py:188} INFO - [2026-05-03T19:47:24.651+0000] {dag.py:3089} INFO - Sync 1 DAGs
[2026-05-03T19:47:24.686+0000] {logging_mixin.py:188} INFO - [2026-05-03T19:47:24.686+0000] {dag.py:3947} INFO - Setting next_dagrun for flights_ops_medallion_pipe to 2026-05-03 19:30:00+00:00, run_after=2026-05-03 20:00:00+00:00
[2026-05-03T19:47:24.709+0000] {processor.py:183} INFO - Processing /opt/airflow/dags/flight-pipeline.py took 1.185 seconds
[2026-05-03T19:47:54.827+0000] {processor.py:161} INFO - Started process (PID=15301) to work on /opt/airflow/dags/flight-pipeline.py
[2026-05-03T19:47:54.834+0000] {processor.py:830} INFO - Processing file /opt/airflow/dags/flight-pipeline.py for tasks to queue
[2026-05-03T19:47:54.835+0000] {logging_mixin.py:188} INFO - [2026-05-03T19:47:54.835+0000] {dagbag.py:545} INFO - Filling up the DagBag from /opt/airflow/dags/flight-pipeline.py
[2026-05-03T19:47:55.822+0000] {processor.py:840} INFO - DAG(s) 'flights_ops_medallion_pipe' retrieved from /opt/airflow/dags/flight-pipeline.py
[2026-05-03T19:47:55.858+0000] {logging_mixin.py:188} INFO - [2026-05-03T19:47:55.857+0000] {dag.py:3089} INFO - Sync 1 DAGs
[2026-05-03T19:47:55.887+0000] {logging_mixin.py:188} INFO - [2026-05-03T19:47:55.887+0000] {dag.py:3947} INFO - Setting next_dagrun for flights_ops_medallion_pipe to 2026-05-03 19:30:00+00:00, run_after=2026-05-03 20:00:00+00:00
[2026-05-03T19:47:55.909+0000] {processor.py:183} INFO - Processing /opt/airflow/dags/flight-pipeline.py took 1.091 seconds
[2026-05-03T19:48:26.076+0000] {processor.py:161} INFO - Started process (PID=15304) to work on /opt/airflow/dags/flight-pipeline.py
[2026-05-03T19:48:26.086+0000] {processor.py:830} INFO - Processing file /opt/airflow/dags/flight-pipeline.py for tasks to queue
[2026-05-03T19:48:26.087+0000] {logging_mixin.py:188} INFO - [2026-05-03T19:48:26.087+0000] {dagbag.py:545} INFO - Filling up the DagBag from /opt/airflow/dags/flight-pipeline.py
[2026-05-03T19:48:27.072+0000] {processor.py:840} INFO - DAG(s) 'flights_ops_medallion_pipe' retrieved from /opt/airflow/dags/flight-pipeline.py
[2026-05-03T19:48:27.108+0000] {logging_mixin.py:188} INFO - [2026-05-03T19:48:27.107+0000] {dag.py:3089} INFO - Sync 1 DAGs
[2026-05-03T19:48:27.133+0000] {logging_mixin.py:188} INFO - [2026-05-03T19:48:27.132+0000] {dag.py:3947} INFO - Setting next_dagrun for flights_ops_medallion_pipe to 2026-05-03 19:30:00+00:00, run_after=2026-05-03 20:00:00+00:00
[2026-05-03T19:48:27.154+0000] {processor.py:183} INFO - Processing /opt/airflow/dags/flight-pipeline.py took 1.086 seconds
[2026-05-03T19:48:57.269+0000] {processor.py:161} INFO - Started process (PID=15307) to work on /opt/airflow/dags/flight-pipeline.py
[2026-05-03T19:48:57.280+0000] {processor.py:830} INFO - Processing file /opt/airflow/dags/flight-pipeline.py for tasks to queue
[2026-05-03T19:48:57.281+0000] {logging_mixin.py:188} INFO - [2026-05-03T19:48:57.281+0000] {dagbag.py:545} INFO - Filling up the DagBag from /opt/airflow/dags/flight-pipeline.py
[2026-05-03T19:48:58.251+0000] {processor.py:840} INFO - DAG(s) 'flights_ops_medallion_pipe' retrieved from /opt/airflow/dags/flight-pipeline.py
[2026-05-03T19:48:58.288+0000] {logging_mixin.py:188} INFO - [2026-05-03T19:48:58.287+0000] {dag.py:3089} INFO - Sync 1 DAGs
[2026-05-03T19:48:58.314+0000] {logging_mixin.py:188} INFO - [2026-05-03T19:48:58.314+0000] {dag.py:3947} INFO - Setting next_dagrun for flights_ops_medallion_pipe to 2026-05-03 19:30:00+00:00, run_after=2026-05-03 20:00:00+00:00
[2026-05-03T19:48:58.334+0000] {processor.py:183} INFO - Processing /opt/airflow/dags/flight-pipeline.py took 1.074 seconds
[2026-05-03T19:49:28.540+0000] {processor.py:161} INFO - Started process (PID=15310) to work on /opt/airflow/dags/flight-pipeline.py
[2026-05-03T19:49:28.544+0000] {processor.py:830} INFO - Processing file /opt/airflow/dags/flight-pipeline.py for tasks to queue
[2026-05-03T19:49:28.545+0000] {logging_mixin.py:188} INFO - [2026-05-03T19:49:28.545+0000] {dagbag.py:545} INFO - Filling up the DagBag from /opt/airflow/dags/flight-pipeline.py
[2026-05-03T19:49:29.817+0000] {processor.py:840} INFO - DAG(s) 'flights_ops_medallion_pipe' retrieved from /opt/airflow/dags/flight-pipeline.py
[2026-05-03T19:49:29.896+0000] {logging_mixin.py:188} INFO - [2026-05-03T19:49:29.896+0000] {dag.py:3089} INFO - Sync 1 DAGs
[2026-05-03T19:49:29.943+0000] {logging_mixin.py:188} INFO - [2026-05-03T19:49:29.943+0000] {dag.py:3947} INFO - Setting next_dagrun for flights_ops_medallion_pipe to 2026-05-03 19:30:00+00:00, run_after=2026-05-03 20:00:00+00:00
[2026-05-03T19:49:29.973+0000] {processor.py:183} INFO - Processing /opt/airflow/dags/flight-pipeline.py took 1.448 seconds
[2026-05-03T19:50:00.168+0000] {processor.py:161} INFO - Started process (PID=15313) to work on /opt/airflow/dags/flight-pipeline.py
[2026-05-03T19:50:00.169+0000] {processor.py:830} INFO - Processing file /opt/airflow/dags/flight-pipeline.py for tasks to queue
[2026-05-03T19:50:00.171+0000] {logging_mixin.py:188} INFO - [2026-05-03T19:50:00.170+0000] {dagbag.py:545} INFO - Filling up the DagBag from /opt/airflow/dags/flight-pipeline.py
[2026-05-03T19:50:01.104+0000] {processor.py:840} INFO - DAG(s) 'flights_ops_medallion_pipe' retrieved from /opt/airflow/dags/flight-pipeline.py
[2026-05-03T19:50:01.137+0000] {logging_mixin.py:188} INFO - [2026-05-03T19:50:01.136+0000] {dag.py:3089} INFO - Sync 1 DAGs
[2026-05-03T19:50:01.161+0000] {logging_mixin.py:188} INFO - [2026-05-03T19:50:01.161+0000] {dag.py:3947} INFO - Setting next_dagrun for flights_ops_medallion_pipe to 2026-05-03 19:30:00+00:00, run_after=2026-05-03 20:00:00+00:00
[2026-05-03T19:50:01.181+0000] {processor.py:183} INFO - Processing /opt/airflow/dags/flight-pipeline.py took 1.020 seconds
[2026-05-03T19:50:31.352+0000] {processor.py:161} INFO - Started process (PID=15316) to work on /opt/airflow/dags/flight-pipeline.py
[2026-05-03T19:50:31.356+0000] {processor.py:830} INFO - Processing file /opt/airflow/dags/flight-pipeline.py for tasks to queue
[2026-05-03T19:50:31.357+0000] {logging_mixin.py:188} INFO - [2026-05-03T19:50:31.357+0000] {dagbag.py:545} INFO - Filling up the DagBag from /opt/airflow/dags/flight-pipeline.py
[2026-05-03T19:50:32.284+0000] {processor.py:840} INFO - DAG(s) 'flights_ops_medallion_pipe' retrieved from /opt/airflow/dags/flight-pipeline.py
[2026-05-03T19:50:32.317+0000] {logging_mixin.py:188} INFO - [2026-05-03T19:50:32.316+0000] {dag.py:3089} INFO - Sync 1 DAGs
[2026-05-03T19:50:32.342+0000] {logging_mixin.py:188} INFO - [2026-05-03T19:50:32.342+0000] {dag.py:3947} INFO - Setting next_dagrun for flights_ops_medallion_pipe to 2026-05-03 19:30:00+00:00, run_after=2026-05-03 20:00:00+00:00
[2026-05-03T19:50:32.362+0000] {processor.py:183} INFO - Processing /opt/airflow/dags/flight-pipeline.py took 1.021 seconds
[2026-05-03T19:51:02.614+0000] {processor.py:161} INFO - Started process (PID=15319) to work on /opt/airflow/dags/flight-pipeline.py
[2026-05-03T19:51:02.623+0000] {processor.py:830} INFO - Processing file /opt/airflow/dags/flight-pipeline.py for tasks to queue
[2026-05-03T19:51:02.624+0000] {logging_mixin.py:188} INFO - [2026-05-03T19:51:02.624+0000] {dagbag.py:545} INFO - Filling up the DagBag from /opt/airflow/dags/flight-pipeline.py
[2026-05-03T19:51:03.522+0000] {processor.py:840} INFO - DAG(s) 'flights_ops_medallion_pipe' retrieved from /opt/airflow/dags/flight-pipeline.py
[2026-05-03T19:51:03.566+0000] {logging_mixin.py:188} INFO - [2026-05-03T19:51:03.565+0000] {dag.py:3089} INFO - Sync 1 DAGs
[2026-05-03T19:51:03.596+0000] {logging_mixin.py:188} INFO - [2026-05-03T19:51:03.595+0000] {dag.py:3947} INFO - Setting next_dagrun for flights_ops_medallion_pipe to 2026-05-03 19:30:00+00:00, run_after=2026-05-03 20:00:00+00:00
[2026-05-03T19:51:03.624+0000] {processor.py:183} INFO - Processing /opt/airflow/dags/flight-pipeline.py took 1.019 seconds
[2026-05-03T19:51:33.842+0000] {processor.py:161} INFO - Started process (PID=15322) to work on /opt/airflow/dags/flight-pipeline.py
[2026-05-03T19:51:33.859+0000] {processor.py:830} INFO - Processing file /opt/airflow/dags/flight-pipeline.py for tasks to queue
[2026-05-03T19:51:33.863+0000] {logging_mixin.py:188} INFO - [2026-05-03T19:51:33.860+0000] {dagbag.py:545} INFO - Filling up the DagBag from /opt/airflow/dags/flight-pipeline.py
[2026-05-03T19:51:35.807+0000] {processor.py:840} INFO - DAG(s) 'flights_ops_medallion_pipe' retrieved from /opt/airflow/dags/flight-pipeline.py
[2026-05-03T19:51:35.845+0000] {logging_mixin.py:188} INFO - [2026-05-03T19:51:35.844+0000] {dag.py:3089} INFO - Sync 1 DAGs
[2026-05-03T19:51:35.868+0000] {logging_mixin.py:188} INFO - [2026-05-03T19:51:35.868+0000] {dag.py:3947} INFO - Setting next_dagrun for flights_ops_medallion_pipe to 2026-05-03 19:30:00+00:00, run_after=2026-05-03 20:00:00+00:00
[2026-05-03T19:51:35.887+0000] {processor.py:183} INFO - Processing /opt/airflow/dags/flight-pipeline.py took 2.084 seconds
[2026-05-03T19:52:06.187+0000] {processor.py:161} INFO - Started process (PID=15325) to work on /opt/airflow/dags/flight-pipeline.py
[2026-05-03T19:52:06.190+0000] {processor.py:830} INFO - Processing file /opt/airflow/dags/flight-pipeline.py for tasks to queue
[2026-05-03T19:52:06.192+0000] {logging_mixin.py:188} INFO - [2026-05-03T19:52:06.191+0000] {dagbag.py:545} INFO - Filling up the DagBag from /opt/airflow/dags/flight-pipeline.py
[2026-05-03T19:52:07.037+0000] {processor.py:840} INFO - DAG(s) 'flights_ops_medallion_pipe' retrieved from /opt/airflow/dags/flight-pipeline.py
[2026-05-03T19:52:07.066+0000] {logging_mixin.py:188} INFO - [2026-05-03T19:52:07.066+0000] {dag.py:3089} INFO - Sync 1 DAGs
[2026-05-03T19:52:07.086+0000] {logging_mixin.py:188} INFO - [2026-05-03T19:52:07.086+0000] {dag.py:3947} INFO - Setting next_dagrun for flights_ops_medallion_pipe to 2026-05-03 19:30:00+00:00, run_after=2026-05-03 20:00:00+00:00
[2026-05-03T19:52:07.104+0000] {processor.py:183} INFO - Processing /opt/airflow/dags/flight-pipeline.py took 0.926 seconds
[2026-05-03T19:52:37.422+0000] {processor.py:161} INFO - Started process (PID=15328) to work on /opt/airflow/dags/flight-pipeline.py
[2026-05-03T19:52:37.427+0000] {processor.py:830} INFO - Processing file /opt/airflow/dags/flight-pipeline.py for tasks to queue
[2026-05-03T19:52:37.428+0000] {logging_mixin.py:188} INFO - [2026-05-03T19:52:37.427+0000] {dagbag.py:545} INFO - Filling up the DagBag from /opt/airflow/dags/flight-pipeline.py
[2026-05-03T19:52:38.619+0000] {processor.py:840} INFO - DAG(s) 'flights_ops_medallion_pipe' retrieved from /opt/airflow/dags/flight-pipeline.py
[2026-05-03T19:52:38.683+0000] {logging_mixin.py:188} INFO - [2026-05-03T19:52:38.682+0000] {dag.py:3089} INFO - Sync 1 DAGs
[2026-05-03T19:52:38.726+0000] {logging_mixin.py:188} INFO - [2026-05-03T19:52:38.725+0000] {dag.py:3947} INFO - Setting next_dagrun for flights_ops_medallion_pipe to 2026-05-03 19:30:00+00:00, run_after=2026-05-03 20:00:00+00:00
[2026-05-03T19:52:38.760+0000] {processor.py:183} INFO - Processing /opt/airflow/dags/flight-pipeline.py took 1.349 seconds
[2026-05-03T19:53:09.031+0000] {processor.py:161} INFO - Started process (PID=15331) to work on /opt/airflow/dags/flight-pipeline.py
[2026-05-03T19:53:09.037+0000] {processor.py:830} INFO - Processing file /opt/airflow/dags/flight-pipeline.py for tasks to queue
[2026-05-03T19:53:09.042+0000] {logging_mixin.py:188} INFO - [2026-05-03T19:53:09.038+0000] {dagbag.py:545} INFO - Filling up the DagBag from /opt/airflow/dags/flight-pipeline.py
[2026-05-03T19:53:09.954+0000] {processor.py:840} INFO - DAG(s) 'flights_ops_medallion_pipe' retrieved from /opt/airflow/dags/flight-pipeline.py
[2026-05-03T19:53:09.997+0000] {logging_mixin.py:188} INFO - [2026-05-03T19:53:09.997+0000] {dag.py:3089} INFO - Sync 1 DAGs
[2026-05-03T19:53:10.025+0000] {logging_mixin.py:188} INFO - [2026-05-03T19:53:10.024+0000] {dag.py:3947} INFO - Setting next_dagrun for flights_ops_medallion_pipe to 2026-05-03 19:30:00+00:00, run_after=2026-05-03 20:00:00+00:00
[2026-05-03T19:53:10.047+0000] {processor.py:183} INFO - Processing /opt/airflow/dags/flight-pipeline.py took 1.058 seconds
[2026-05-03T19:57:41.478+0000] {processor.py:161} INFO - Started process (PID=15336) to work on /opt/airflow/dags/flight-pipeline.py
[2026-05-03T19:57:41.781+0000] {processor.py:830} INFO - Processing file /opt/airflow/dags/flight-pipeline.py for tasks to queue
[2026-05-03T19:57:41.919+0000] {logging_mixin.py:188} INFO - [2026-05-03T19:57:41.856+0000] {dagbag.py:545} INFO - Filling up the DagBag from /opt/airflow/dags/flight-pipeline.py
[2026-05-03T19:58:14.605+0000] {logging_mixin.py:188} INFO - [2026-05-03T19:58:14.367+0000] {timeout.py:68} ERROR - Process timed out, PID: 15336
[2026-05-03T20:03:12.258+0000] {processor.py:161} INFO - Started process (PID=15340) to work on /opt/airflow/dags/flight-pipeline.py
[2026-05-03T20:03:12.358+0000] {processor.py:830} INFO - Processing file /opt/airflow/dags/flight-pipeline.py for tasks to queue
[2026-05-03T20:03:12.487+0000] {logging_mixin.py:188} INFO - [2026-05-03T20:03:12.425+0000] {dagbag.py:545} INFO - Filling up the DagBag from /opt/airflow/dags/flight-pipeline.py
[2026-05-03T20:22:22.134+0000] {processor.py:161} INFO - Started process (PID=15342) to work on /opt/airflow/dags/flight-pipeline.py
[2026-05-03T20:22:22.215+0000] {processor.py:830} INFO - Processing file /opt/airflow/dags/flight-pipeline.py for tasks to queue
[2026-05-03T20:22:22.335+0000] {logging_mixin.py:188} INFO - [2026-05-03T20:22:22.272+0000] {dagbag.py:545} INFO - Filling up the DagBag from /opt/airflow/dags/flight-pipeline.py
[2026-05-03T20:22:56.329+0000] {logging_mixin.py:188} INFO - [2026-05-03T20:22:56.322+0000] {timeout.py:68} ERROR - Process timed out, PID: 15342
[2026-05-03T20:22:56.333+0000] {logging_mixin.py:188} WARNING - Exception ignored in: <function WeakKeyDictionary.__init__.<locals>.remove at 0x7f5b138527a0>
[2026-05-03T20:22:56.336+0000] {logging_mixin.py:188} WARNING - Traceback (most recent call last):
[2026-05-03T20:22:56.338+0000] {logging_mixin.py:188} WARNING -   File "/usr/local/lib/python3.12/weakref.py", line 369, in remove
[2026-05-03T20:22:56.354+0000] {logging_mixin.py:188} WARNING -     def remove(k, selfref=ref(self)):
[2026-05-03T20:22:56.357+0000] {logging_mixin.py:188} WARNING -   File "/home/airflow/.local/lib/python3.12/site-packages/airflow/utils/timeout.py", line 69, in handle_timeout
[2026-05-03T20:22:56.361+0000] {logging_mixin.py:188} WARNING -     raise AirflowTaskTimeout(self.error_message)
[2026-05-03T20:22:56.366+0000] {logging_mixin.py:188} WARNING - airflow.exceptions.AirflowTaskTimeout: DagBag import timeout for /opt/airflow/dags/flight-pipeline.py after 30.0s.
Please take a look at these docs to improve your DAG import time:
* https://airflow.apache.org/docs/apache-airflow/2.9.3/best-practices.html#top-level-python-code
* https://airflow.apache.org/docs/apache-airflow/2.9.3/best-practices.html#reducing-dag-complexity, PID: 15342
[2026-05-03T20:23:02.247+0000] {processor.py:840} INFO - DAG(s) 'flights_ops_medallion_pipe' retrieved from /opt/airflow/dags/flight-pipeline.py
[2026-05-03T20:23:35.076+0000] {processor.py:161} INFO - Started process (PID=15345) to work on /opt/airflow/dags/flight-pipeline.py
[2026-05-03T20:23:35.088+0000] {processor.py:830} INFO - Processing file /opt/airflow/dags/flight-pipeline.py for tasks to queue
[2026-05-03T20:23:35.093+0000] {logging_mixin.py:188} INFO - [2026-05-03T20:23:35.092+0000] {dagbag.py:545} INFO - Filling up the DagBag from /opt/airflow/dags/flight-pipeline.py
[2026-05-03T20:23:41.222+0000] {processor.py:840} INFO - DAG(s) 'flights_ops_medallion_pipe' retrieved from /opt/airflow/dags/flight-pipeline.py
[2026-05-03T20:23:42.311+0000] {logging_mixin.py:188} INFO - [2026-05-03T20:23:42.309+0000] {dag.py:3089} INFO - Sync 1 DAGs
[2026-05-03T20:23:42.487+0000] {logging_mixin.py:188} INFO - [2026-05-03T20:23:42.486+0000] {dag.py:3947} INFO - Setting next_dagrun for flights_ops_medallion_pipe to 2026-05-03 19:30:00+00:00, run_after=2026-05-03 20:00:00+00:00
[2026-05-03T20:23:42.622+0000] {processor.py:183} INFO - Processing /opt/airflow/dags/flight-pipeline.py took 7.714 seconds
[2026-05-03T20:24:13.958+0000] {processor.py:161} INFO - Started process (PID=15349) to work on /opt/airflow/dags/flight-pipeline.py
[2026-05-03T20:24:13.990+0000] {processor.py:830} INFO - Processing file /opt/airflow/dags/flight-pipeline.py for tasks to queue
[2026-05-03T20:24:14.012+0000] {logging_mixin.py:188} INFO - [2026-05-03T20:24:13.996+0000] {dagbag.py:545} INFO - Filling up the DagBag from /opt/airflow/dags/flight-pipeline.py
[2026-05-03T20:24:26.278+0000] {processor.py:840} INFO - DAG(s) 'flights_ops_medallion_pipe' retrieved from /opt/airflow/dags/flight-pipeline.py
[2026-05-03T20:24:26.647+0000] {logging_mixin.py:188} INFO - [2026-05-03T20:24:26.645+0000] {dag.py:3089} INFO - Sync 1 DAGs
[2026-05-03T20:24:26.854+0000] {logging_mixin.py:188} INFO - [2026-05-03T20:24:26.851+0000] {dag.py:3947} INFO - Setting next_dagrun for flights_ops_medallion_pipe to 2026-05-03 20:00:00+00:00, run_after=2026-05-03 20:30:00+00:00
[2026-05-03T20:24:26.958+0000] {processor.py:183} INFO - Processing /opt/airflow/dags/flight-pipeline.py took 13.599 seconds
[2026-05-03T20:24:58.081+0000] {processor.py:161} INFO - Started process (PID=15363) to work on /opt/airflow/dags/flight-pipeline.py
[2026-05-03T20:24:58.112+0000] {processor.py:830} INFO - Processing file /opt/airflow/dags/flight-pipeline.py for tasks to queue
[2026-05-03T20:24:58.126+0000] {logging_mixin.py:188} INFO - [2026-05-03T20:24:58.120+0000] {dagbag.py:545} INFO - Filling up the DagBag from /opt/airflow/dags/flight-pipeline.py
[2026-05-03T20:25:09.429+0000] {processor.py:840} INFO - DAG(s) 'flights_ops_medallion_pipe' retrieved from /opt/airflow/dags/flight-pipeline.py
[2026-05-03T20:25:09.844+0000] {logging_mixin.py:188} INFO - [2026-05-03T20:25:09.839+0000] {dag.py:3089} INFO - Sync 1 DAGs
[2026-05-03T20:25:10.119+0000] {logging_mixin.py:188} INFO - [2026-05-03T20:25:10.117+0000] {dag.py:3947} INFO - Setting next_dagrun for flights_ops_medallion_pipe to 2026-05-03 20:00:00+00:00, run_after=2026-05-03 20:30:00+00:00
[2026-05-03T20:25:10.300+0000] {processor.py:183} INFO - Processing /opt/airflow/dags/flight-pipeline.py took 12.394 seconds
[2026-05-03T20:25:40.785+0000] {processor.py:161} INFO - Started process (PID=15376) to work on /opt/airflow/dags/flight-pipeline.py
[2026-05-03T20:25:40.812+0000] {processor.py:830} INFO - Processing file /opt/airflow/dags/flight-pipeline.py for tasks to queue
[2026-05-03T20:25:40.822+0000] {logging_mixin.py:188} INFO - [2026-05-03T20:25:40.818+0000] {dagbag.py:545} INFO - Filling up the DagBag from /opt/airflow/dags/flight-pipeline.py
[2026-05-03T20:25:55.792+0000] {processor.py:840} INFO - DAG(s) 'flights_ops_medallion_pipe' retrieved from /opt/airflow/dags/flight-pipeline.py
[2026-05-03T20:25:56.347+0000] {logging_mixin.py:188} INFO - [2026-05-03T20:25:56.344+0000] {dag.py:3089} INFO - Sync 1 DAGs
[2026-05-03T20:25:56.680+0000] {logging_mixin.py:188} INFO - [2026-05-03T20:25:56.678+0000] {dag.py:3947} INFO - Setting next_dagrun for flights_ops_medallion_pipe to 2026-05-03 20:00:00+00:00, run_after=2026-05-03 20:30:00+00:00
[2026-05-03T20:25:56.880+0000] {processor.py:183} INFO - Processing /opt/airflow/dags/flight-pipeline.py took 16.221 seconds
[2026-05-03T20:26:28.245+0000] {processor.py:161} INFO - Started process (PID=15387) to work on /opt/airflow/dags/flight-pipeline.py
[2026-05-03T20:26:28.271+0000] {processor.py:830} INFO - Processing file /opt/airflow/dags/flight-pipeline.py for tasks to queue
[2026-05-03T20:26:28.302+0000] {logging_mixin.py:188} INFO - [2026-05-03T20:26:28.285+0000] {dagbag.py:545} INFO - Filling up the DagBag from /opt/airflow/dags/flight-pipeline.py
[2026-05-03T20:26:44.930+0000] {processor.py:840} INFO - DAG(s) 'flights_ops_medallion_pipe' retrieved from /opt/airflow/dags/flight-pipeline.py
[2026-05-03T20:26:45.634+0000] {logging_mixin.py:188} INFO - [2026-05-03T20:26:45.630+0000] {dag.py:3089} INFO - Sync 1 DAGs
[2026-05-03T20:26:46.039+0000] {logging_mixin.py:188} INFO - [2026-05-03T20:26:46.037+0000] {dag.py:3947} INFO - Setting next_dagrun for flights_ops_medallion_pipe to 2026-05-03 20:00:00+00:00, run_after=2026-05-03 20:30:00+00:00
[2026-05-03T20:26:46.316+0000] {processor.py:183} INFO - Processing /opt/airflow/dags/flight-pipeline.py took 18.635 seconds
[2026-05-03T20:27:17.022+0000] {processor.py:161} INFO - Started process (PID=15394) to work on /opt/airflow/dags/flight-pipeline.py
[2026-05-03T20:27:17.061+0000] {processor.py:830} INFO - Processing file /opt/airflow/dags/flight-pipeline.py for tasks to queue
[2026-05-03T20:27:17.075+0000] {logging_mixin.py:188} INFO - [2026-05-03T20:27:17.068+0000] {dagbag.py:545} INFO - Filling up the DagBag from /opt/airflow/dags/flight-pipeline.py
[2026-05-03T20:27:26.468+0000] {processor.py:840} INFO - DAG(s) 'flights_ops_medallion_pipe' retrieved from /opt/airflow/dags/flight-pipeline.py
[2026-05-03T20:27:26.850+0000] {logging_mixin.py:188} INFO - [2026-05-03T20:27:26.848+0000] {dag.py:3089} INFO - Sync 1 DAGs
[2026-05-03T20:27:27.113+0000] {logging_mixin.py:188} INFO - [2026-05-03T20:27:27.111+0000] {dag.py:3947} INFO - Setting next_dagrun for flights_ops_medallion_pipe to 2026-05-03 20:00:00+00:00, run_after=2026-05-03 20:30:00+00:00
[2026-05-03T20:27:27.233+0000] {processor.py:183} INFO - Processing /opt/airflow/dags/flight-pipeline.py took 10.431 seconds
[2026-05-03T20:27:58.332+0000] {processor.py:161} INFO - Started process (PID=15407) to work on /opt/airflow/dags/flight-pipeline.py
[2026-05-03T20:27:58.339+0000] {processor.py:830} INFO - Processing file /opt/airflow/dags/flight-pipeline.py for tasks to queue
[2026-05-03T20:27:58.346+0000] {logging_mixin.py:188} INFO - [2026-05-03T20:27:58.342+0000] {dagbag.py:545} INFO - Filling up the DagBag from /opt/airflow/dags/flight-pipeline.py
[2026-05-03T20:28:02.940+0000] {processor.py:840} INFO - DAG(s) 'flights_ops_medallion_pipe' retrieved from /opt/airflow/dags/flight-pipeline.py
[2026-05-03T20:28:03.077+0000] {logging_mixin.py:188} INFO - [2026-05-03T20:28:03.074+0000] {dag.py:3089} INFO - Sync 1 DAGs
[2026-05-03T20:28:03.211+0000] {logging_mixin.py:188} INFO - [2026-05-03T20:28:03.210+0000] {dag.py:3947} INFO - Setting next_dagrun for flights_ops_medallion_pipe to 2026-05-03 20:00:00+00:00, run_after=2026-05-03 20:30:00+00:00
[2026-05-03T20:28:03.393+0000] {processor.py:183} INFO - Processing /opt/airflow/dags/flight-pipeline.py took 5.131 seconds
[2026-05-03T20:28:34.264+0000] {processor.py:161} INFO - Started process (PID=15410) to work on /opt/airflow/dags/flight-pipeline.py
[2026-05-03T20:28:34.285+0000] {processor.py:830} INFO - Processing file /opt/airflow/dags/flight-pipeline.py for tasks to queue
[2026-05-03T20:28:34.291+0000] {logging_mixin.py:188} INFO - [2026-05-03T20:28:34.289+0000] {dagbag.py:545} INFO - Filling up the DagBag from /opt/airflow/dags/flight-pipeline.py
[2026-05-03T20:28:38.270+0000] {processor.py:840} INFO - DAG(s) 'flights_ops_medallion_pipe' retrieved from /opt/airflow/dags/flight-pipeline.py
[2026-05-03T20:28:38.379+0000] {logging_mixin.py:188} INFO - [2026-05-03T20:28:38.378+0000] {dag.py:3089} INFO - Sync 1 DAGs
[2026-05-03T20:28:38.471+0000] {logging_mixin.py:188} INFO - [2026-05-03T20:28:38.471+0000] {dag.py:3947} INFO - Setting next_dagrun for flights_ops_medallion_pipe to 2026-05-03 20:00:00+00:00, run_after=2026-05-03 20:30:00+00:00
[2026-05-03T20:28:38.548+0000] {processor.py:183} INFO - Processing /opt/airflow/dags/flight-pipeline.py took 4.327 seconds
[2026-05-03T20:29:09.019+0000] {processor.py:161} INFO - Started process (PID=15413) to work on /opt/airflow/dags/flight-pipeline.py
[2026-05-03T20:29:09.046+0000] {processor.py:830} INFO - Processing file /opt/airflow/dags/flight-pipeline.py for tasks to queue
[2026-05-03T20:29:09.059+0000] {logging_mixin.py:188} INFO - [2026-05-03T20:29:09.053+0000] {dagbag.py:545} INFO - Filling up the DagBag from /opt/airflow/dags/flight-pipeline.py
[2026-05-03T20:29:16.554+0000] {processor.py:840} INFO - DAG(s) 'flights_ops_medallion_pipe' retrieved from /opt/airflow/dags/flight-pipeline.py
[2026-05-03T20:29:16.701+0000] {logging_mixin.py:188} INFO - [2026-05-03T20:29:16.699+0000] {dag.py:3089} INFO - Sync 1 DAGs
[2026-05-03T20:29:16.859+0000] {logging_mixin.py:188} INFO - [2026-05-03T20:29:16.858+0000] {dag.py:3947} INFO - Setting next_dagrun for flights_ops_medallion_pipe to 2026-05-03 20:00:00+00:00, run_after=2026-05-03 20:30:00+00:00
[2026-05-03T20:29:16.979+0000] {processor.py:183} INFO - Processing /opt/airflow/dags/flight-pipeline.py took 8.012 seconds
[2026-05-03T20:29:47.531+0000] {processor.py:161} INFO - Started process (PID=15416) to work on /opt/airflow/dags/flight-pipeline.py
[2026-05-03T20:29:47.562+0000] {processor.py:830} INFO - Processing file /opt/airflow/dags/flight-pipeline.py for tasks to queue
[2026-05-03T20:29:47.571+0000] {logging_mixin.py:188} INFO - [2026-05-03T20:29:47.568+0000] {dagbag.py:545} INFO - Filling up the DagBag from /opt/airflow/dags/flight-pipeline.py
[2026-05-03T20:29:55.726+0000] {processor.py:840} INFO - DAG(s) 'flights_ops_medallion_pipe' retrieved from /opt/airflow/dags/flight-pipeline.py
[2026-05-03T20:29:55.958+0000] {logging_mixin.py:188} INFO - [2026-05-03T20:29:55.957+0000] {dag.py:3089} INFO - Sync 1 DAGs
[2026-05-03T20:29:56.118+0000] {logging_mixin.py:188} INFO - [2026-05-03T20:29:56.117+0000] {dag.py:3947} INFO - Setting next_dagrun for flights_ops_medallion_pipe to 2026-05-03 20:00:00+00:00, run_after=2026-05-03 20:30:00+00:00
[2026-05-03T20:29:56.245+0000] {processor.py:183} INFO - Processing /opt/airflow/dags/flight-pipeline.py took 8.745 seconds
[2026-05-03T20:30:26.677+0000] {processor.py:161} INFO - Started process (PID=15431) to work on /opt/airflow/dags/flight-pipeline.py
[2026-05-03T20:30:26.696+0000] {processor.py:830} INFO - Processing file /opt/airflow/dags/flight-pipeline.py for tasks to queue
[2026-05-03T20:30:26.701+0000] {logging_mixin.py:188} INFO - [2026-05-03T20:30:26.700+0000] {dagbag.py:545} INFO - Filling up the DagBag from /opt/airflow/dags/flight-pipeline.py
[2026-05-03T20:30:29.554+0000] {processor.py:840} INFO - DAG(s) 'flights_ops_medallion_pipe' retrieved from /opt/airflow/dags/flight-pipeline.py
[2026-05-03T20:30:29.678+0000] {logging_mixin.py:188} INFO - [2026-05-03T20:30:29.677+0000] {dag.py:3089} INFO - Sync 1 DAGs
[2026-05-03T20:30:29.769+0000] {logging_mixin.py:188} INFO - [2026-05-03T20:30:29.768+0000] {dag.py:3947} INFO - Setting next_dagrun for flights_ops_medallion_pipe to 2026-05-03 20:30:00+00:00, run_after=2026-05-03 21:00:00+00:00
[2026-05-03T20:30:29.837+0000] {processor.py:183} INFO - Processing /opt/airflow/dags/flight-pipeline.py took 3.183 seconds
[2026-05-03T20:31:00.417+0000] {processor.py:161} INFO - Started process (PID=15455) to work on /opt/airflow/dags/flight-pipeline.py
[2026-05-03T20:31:00.449+0000] {processor.py:830} INFO - Processing file /opt/airflow/dags/flight-pipeline.py for tasks to queue
[2026-05-03T20:31:00.456+0000] {logging_mixin.py:188} INFO - [2026-05-03T20:31:00.454+0000] {dagbag.py:545} INFO - Filling up the DagBag from /opt/airflow/dags/flight-pipeline.py
[2026-05-03T20:31:03.200+0000] {processor.py:840} INFO - DAG(s) 'flights_ops_medallion_pipe' retrieved from /opt/airflow/dags/flight-pipeline.py
[2026-05-03T20:31:03.298+0000] {logging_mixin.py:188} INFO - [2026-05-03T20:31:03.297+0000] {dag.py:3089} INFO - Sync 1 DAGs
[2026-05-03T20:31:03.503+0000] {logging_mixin.py:188} INFO - [2026-05-03T20:31:03.502+0000] {dag.py:3947} INFO - Setting next_dagrun for flights_ops_medallion_pipe to 2026-05-03 20:30:00+00:00, run_after=2026-05-03 21:00:00+00:00
[2026-05-03T20:31:03.564+0000] {processor.py:183} INFO - Processing /opt/airflow/dags/flight-pipeline.py took 3.225 seconds
[2026-05-03T20:31:36.161+0000] {processor.py:161} INFO - Started process (PID=15467) to work on /opt/airflow/dags/flight-pipeline.py
[2026-05-03T20:31:36.365+0000] {processor.py:830} INFO - Processing file /opt/airflow/dags/flight-pipeline.py for tasks to queue
[2026-05-03T20:31:36.468+0000] {logging_mixin.py:188} INFO - [2026-05-03T20:31:36.397+0000] {dagbag.py:545} INFO - Filling up the DagBag from /opt/airflow/dags/flight-pipeline.py
[2026-05-03T20:32:04.340+0000] {processor.py:840} INFO - DAG(s) 'flights_ops_medallion_pipe' retrieved from /opt/airflow/dags/flight-pipeline.py
[2026-05-03T20:32:04.671+0000] {logging_mixin.py:188} INFO - [2026-05-03T20:32:04.669+0000] {dag.py:3089} INFO - Sync 1 DAGs
[2026-05-03T20:32:04.846+0000] {logging_mixin.py:188} INFO - [2026-05-03T20:32:04.845+0000] {dag.py:3947} INFO - Setting next_dagrun for flights_ops_medallion_pipe to 2026-05-03 20:30:00+00:00, run_after=2026-05-03 21:00:00+00:00
[2026-05-03T20:32:04.929+0000] {processor.py:183} INFO - Processing /opt/airflow/dags/flight-pipeline.py took 29.451 seconds
[2026-05-03T20:32:36.266+0000] {processor.py:161} INFO - Started process (PID=15470) to work on /opt/airflow/dags/flight-pipeline.py
[2026-05-03T20:32:36.331+0000] {processor.py:830} INFO - Processing file /opt/airflow/dags/flight-pipeline.py for tasks to queue
[2026-05-03T20:32:36.347+0000] {logging_mixin.py:188} INFO - [2026-05-03T20:32:36.337+0000] {dagbag.py:545} INFO - Filling up the DagBag from /opt/airflow/dags/flight-pipeline.py
[2026-05-03T20:32:41.313+0000] {processor.py:840} INFO - DAG(s) 'flights_ops_medallion_pipe' retrieved from /opt/airflow/dags/flight-pipeline.py
[2026-05-03T20:32:41.461+0000] {logging_mixin.py:188} INFO - [2026-05-03T20:32:41.460+0000] {dag.py:3089} INFO - Sync 1 DAGs
[2026-05-03T20:32:41.574+0000] {logging_mixin.py:188} INFO - [2026-05-03T20:32:41.574+0000] {dag.py:3947} INFO - Setting next_dagrun for flights_ops_medallion_pipe to 2026-05-03 20:30:00+00:00, run_after=2026-05-03 21:00:00+00:00
[2026-05-03T20:32:41.627+0000] {processor.py:183} INFO - Processing /opt/airflow/dags/flight-pipeline.py took 5.597 seconds
[2026-05-03T20:33:12.088+0000] {processor.py:161} INFO - Started process (PID=15473) to work on /opt/airflow/dags/flight-pipeline.py
[2026-05-03T20:33:12.099+0000] {processor.py:830} INFO - Processing file /opt/airflow/dags/flight-pipeline.py for tasks to queue
[2026-05-03T20:33:12.101+0000] {logging_mixin.py:188} INFO - [2026-05-03T20:33:12.100+0000] {dagbag.py:545} INFO - Filling up the DagBag from /opt/airflow/dags/flight-pipeline.py
[2026-05-03T20:33:13.869+0000] {processor.py:840} INFO - DAG(s) 'flights_ops_medallion_pipe' retrieved from /opt/airflow/dags/flight-pipeline.py
[2026-05-03T20:33:13.932+0000] {logging_mixin.py:188} INFO - [2026-05-03T20:33:13.931+0000] {dag.py:3089} INFO - Sync 1 DAGs
[2026-05-03T20:33:13.976+0000] {logging_mixin.py:188} INFO - [2026-05-03T20:33:13.976+0000] {dag.py:3947} INFO - Setting next_dagrun for flights_ops_medallion_pipe to 2026-05-03 20:30:00+00:00, run_after=2026-05-03 21:00:00+00:00
[2026-05-03T20:33:14.007+0000] {processor.py:183} INFO - Processing /opt/airflow/dags/flight-pipeline.py took 1.942 seconds
[2026-05-03T20:33:44.525+0000] {processor.py:161} INFO - Started process (PID=15476) to work on /opt/airflow/dags/flight-pipeline.py
[2026-05-03T20:33:44.544+0000] {processor.py:830} INFO - Processing file /opt/airflow/dags/flight-pipeline.py for tasks to queue
[2026-05-03T20:33:44.549+0000] {logging_mixin.py:188} INFO - [2026-05-03T20:33:44.546+0000] {dagbag.py:545} INFO - Filling up the DagBag from /opt/airflow/dags/flight-pipeline.py
[2026-05-03T20:33:46.601+0000] {processor.py:840} INFO - DAG(s) 'flights_ops_medallion_pipe' retrieved from /opt/airflow/dags/flight-pipeline.py
[2026-05-03T20:33:46.689+0000] {logging_mixin.py:188} INFO - [2026-05-03T20:33:46.688+0000] {dag.py:3089} INFO - Sync 1 DAGs
[2026-05-03T20:33:46.736+0000] {logging_mixin.py:188} INFO - [2026-05-03T20:33:46.736+0000] {dag.py:3947} INFO - Setting next_dagrun for flights_ops_medallion_pipe to 2026-05-03 20:30:00+00:00, run_after=2026-05-03 21:00:00+00:00
[2026-05-03T20:33:46.771+0000] {processor.py:183} INFO - Processing /opt/airflow/dags/flight-pipeline.py took 2.267 seconds
[2026-05-03T20:34:17.165+0000] {processor.py:161} INFO - Started process (PID=15479) to work on /opt/airflow/dags/flight-pipeline.py
[2026-05-03T20:34:17.186+0000] {processor.py:830} INFO - Processing file /opt/airflow/dags/flight-pipeline.py for tasks to queue
[2026-05-03T20:34:17.188+0000] {logging_mixin.py:188} INFO - [2026-05-03T20:34:17.187+0000] {dagbag.py:545} INFO - Filling up the DagBag from /opt/airflow/dags/flight-pipeline.py
[2026-05-03T20:34:18.947+0000] {processor.py:840} INFO - DAG(s) 'flights_ops_medallion_pipe' retrieved from /opt/airflow/dags/flight-pipeline.py
[2026-05-03T20:34:18.989+0000] {logging_mixin.py:188} INFO - [2026-05-03T20:34:18.988+0000] {dag.py:3089} INFO - Sync 1 DAGs
[2026-05-03T20:34:19.017+0000] {logging_mixin.py:188} INFO - [2026-05-03T20:34:19.017+0000] {dag.py:3947} INFO - Setting next_dagrun for flights_ops_medallion_pipe to 2026-05-03 20:30:00+00:00, run_after=2026-05-03 21:00:00+00:00
[2026-05-03T20:34:19.039+0000] {processor.py:183} INFO - Processing /opt/airflow/dags/flight-pipeline.py took 1.969 seconds
[2026-05-03T21:04:42.664+0000] {processor.py:161} INFO - Started process (PID=15483) to work on /opt/airflow/dags/flight-pipeline.py
[2026-05-03T21:04:42.793+0000] {processor.py:830} INFO - Processing file /opt/airflow/dags/flight-pipeline.py for tasks to queue
[2026-05-03T21:04:42.804+0000] {logging_mixin.py:188} INFO - [2026-05-03T21:04:42.800+0000] {dagbag.py:545} INFO - Filling up the DagBag from /opt/airflow/dags/flight-pipeline.py
[2026-05-03T21:04:45.794+0000] {processor.py:840} INFO - DAG(s) 'flights_ops_medallion_pipe' retrieved from /opt/airflow/dags/flight-pipeline.py
[2026-05-03T21:04:45.992+0000] {logging_mixin.py:188} INFO - [2026-05-03T21:04:45.991+0000] {dag.py:3089} INFO - Sync 1 DAGs
[2026-05-03T21:04:46.070+0000] {logging_mixin.py:188} INFO - [2026-05-03T21:04:46.070+0000] {dag.py:3947} INFO - Setting next_dagrun for flights_ops_medallion_pipe to 2026-05-03 21:00:00+00:00, run_after=2026-05-03 21:30:00+00:00
[2026-05-03T21:04:46.181+0000] {processor.py:183} INFO - Processing /opt/airflow/dags/flight-pipeline.py took 3.601 seconds
[2026-05-03T21:05:17.390+0000] {processor.py:161} INFO - Started process (PID=15496) to work on /opt/airflow/dags/flight-pipeline.py
[2026-05-03T21:05:17.448+0000] {processor.py:830} INFO - Processing file /opt/airflow/dags/flight-pipeline.py for tasks to queue
[2026-05-03T21:05:17.482+0000] {logging_mixin.py:188} INFO - [2026-05-03T21:05:17.460+0000] {dagbag.py:545} INFO - Filling up the DagBag from /opt/airflow/dags/flight-pipeline.py
[2026-05-03T21:05:47.662+0000] {logging_mixin.py:188} INFO - [2026-05-03T21:05:47.636+0000] {timeout.py:68} ERROR - Process timed out, PID: 15496
[2026-05-03T21:06:19.762+0000] {processor.py:161} INFO - Started process (PID=15511) to work on /opt/airflow/dags/flight-pipeline.py
[2026-05-03T21:06:19.800+0000] {processor.py:830} INFO - Processing file /opt/airflow/dags/flight-pipeline.py for tasks to queue
[2026-05-03T21:06:19.817+0000] {logging_mixin.py:188} INFO - [2026-05-03T21:06:19.807+0000] {dagbag.py:545} INFO - Filling up the DagBag from /opt/airflow/dags/flight-pipeline.py
[2026-05-03T21:06:26.674+0000] {processor.py:840} INFO - DAG(s) 'flights_ops_medallion_pipe' retrieved from /opt/airflow/dags/flight-pipeline.py
[2026-05-03T21:06:26.990+0000] {logging_mixin.py:188} INFO - [2026-05-03T21:06:26.988+0000] {dag.py:3089} INFO - Sync 1 DAGs
[2026-05-03T21:06:27.155+0000] {logging_mixin.py:188} INFO - [2026-05-03T21:06:27.155+0000] {dag.py:3947} INFO - Setting next_dagrun for flights_ops_medallion_pipe to 2026-05-03 21:00:00+00:00, run_after=2026-05-03 21:30:00+00:00
[2026-05-03T21:06:27.229+0000] {processor.py:183} INFO - Processing /opt/airflow/dags/flight-pipeline.py took 7.574 seconds
[2026-05-03T21:06:58.002+0000] {processor.py:161} INFO - Started process (PID=15525) to work on /opt/airflow/dags/flight-pipeline.py
[2026-05-03T21:06:58.009+0000] {processor.py:830} INFO - Processing file /opt/airflow/dags/flight-pipeline.py for tasks to queue
[2026-05-03T21:06:58.011+0000] {logging_mixin.py:188} INFO - [2026-05-03T21:06:58.010+0000] {dagbag.py:545} INFO - Filling up the DagBag from /opt/airflow/dags/flight-pipeline.py
[2026-05-03T21:07:01.761+0000] {processor.py:840} INFO - DAG(s) 'flights_ops_medallion_pipe' retrieved from /opt/airflow/dags/flight-pipeline.py
[2026-05-03T21:07:01.888+0000] {logging_mixin.py:188} INFO - [2026-05-03T21:07:01.884+0000] {dag.py:3089} INFO - Sync 1 DAGs
[2026-05-03T21:07:02.064+0000] {logging_mixin.py:188} INFO - [2026-05-03T21:07:02.062+0000] {dag.py:3947} INFO - Setting next_dagrun for flights_ops_medallion_pipe to 2026-05-03 21:00:00+00:00, run_after=2026-05-03 21:30:00+00:00
[2026-05-03T21:07:02.138+0000] {processor.py:183} INFO - Processing /opt/airflow/dags/flight-pipeline.py took 4.183 seconds
[2026-05-03T21:07:33.420+0000] {processor.py:161} INFO - Started process (PID=15538) to work on /opt/airflow/dags/flight-pipeline.py
[2026-05-03T21:07:33.462+0000] {processor.py:830} INFO - Processing file /opt/airflow/dags/flight-pipeline.py for tasks to queue
[2026-05-03T21:07:33.479+0000] {logging_mixin.py:188} INFO - [2026-05-03T21:07:33.474+0000] {dagbag.py:545} INFO - Filling up the DagBag from /opt/airflow/dags/flight-pipeline.py
[2026-05-03T21:07:44.173+0000] {processor.py:840} INFO - DAG(s) 'flights_ops_medallion_pipe' retrieved from /opt/airflow/dags/flight-pipeline.py
[2026-05-03T21:07:44.661+0000] {logging_mixin.py:188} INFO - [2026-05-03T21:07:44.654+0000] {dag.py:3089} INFO - Sync 1 DAGs
[2026-05-03T21:07:45.004+0000] {logging_mixin.py:188} INFO - [2026-05-03T21:07:45.001+0000] {dag.py:3947} INFO - Setting next_dagrun for flights_ops_medallion_pipe to 2026-05-03 21:00:00+00:00, run_after=2026-05-03 21:30:00+00:00
[2026-05-03T21:07:45.165+0000] {processor.py:183} INFO - Processing /opt/airflow/dags/flight-pipeline.py took 12.069 seconds
[2026-05-03T21:08:16.064+0000] {processor.py:161} INFO - Started process (PID=15541) to work on /opt/airflow/dags/flight-pipeline.py
[2026-05-03T21:08:16.087+0000] {processor.py:830} INFO - Processing file /opt/airflow/dags/flight-pipeline.py for tasks to queue
[2026-05-03T21:08:16.091+0000] {logging_mixin.py:188} INFO - [2026-05-03T21:08:16.089+0000] {dagbag.py:545} INFO - Filling up the DagBag from /opt/airflow/dags/flight-pipeline.py
[2026-05-03T21:08:20.018+0000] {processor.py:840} INFO - DAG(s) 'flights_ops_medallion_pipe' retrieved from /opt/airflow/dags/flight-pipeline.py
[2026-05-03T21:08:20.187+0000] {logging_mixin.py:188} INFO - [2026-05-03T21:08:20.186+0000] {dag.py:3089} INFO - Sync 1 DAGs
[2026-05-03T21:08:20.283+0000] {logging_mixin.py:188} INFO - [2026-05-03T21:08:20.283+0000] {dag.py:3947} INFO - Setting next_dagrun for flights_ops_medallion_pipe to 2026-05-03 21:00:00+00:00, run_after=2026-05-03 21:30:00+00:00
[2026-05-03T21:08:20.361+0000] {processor.py:183} INFO - Processing /opt/airflow/dags/flight-pipeline.py took 4.326 seconds
[2026-05-03T21:08:50.817+0000] {processor.py:161} INFO - Started process (PID=15544) to work on /opt/airflow/dags/flight-pipeline.py
[2026-05-03T21:08:50.850+0000] {processor.py:830} INFO - Processing file /opt/airflow/dags/flight-pipeline.py for tasks to queue
[2026-05-03T21:08:50.864+0000] {logging_mixin.py:188} INFO - [2026-05-03T21:08:50.858+0000] {dagbag.py:545} INFO - Filling up the DagBag from /opt/airflow/dags/flight-pipeline.py
[2026-05-03T21:08:53.988+0000] {processor.py:840} INFO - DAG(s) 'flights_ops_medallion_pipe' retrieved from /opt/airflow/dags/flight-pipeline.py
[2026-05-03T21:08:54.084+0000] {logging_mixin.py:188} INFO - [2026-05-03T21:08:54.083+0000] {dag.py:3089} INFO - Sync 1 DAGs
[2026-05-03T21:08:54.137+0000] {logging_mixin.py:188} INFO - [2026-05-03T21:08:54.137+0000] {dag.py:3947} INFO - Setting next_dagrun for flights_ops_medallion_pipe to 2026-05-03 21:00:00+00:00, run_after=2026-05-03 21:30:00+00:00
[2026-05-03T21:08:54.207+0000] {processor.py:183} INFO - Processing /opt/airflow/dags/flight-pipeline.py took 3.440 seconds
[2026-05-03T21:09:24.358+0000] {processor.py:161} INFO - Started process (PID=15547) to work on /opt/airflow/dags/flight-pipeline.py
[2026-05-03T21:09:24.376+0000] {processor.py:830} INFO - Processing file /opt/airflow/dags/flight-pipeline.py for tasks to queue
[2026-05-03T21:09:24.378+0000] {logging_mixin.py:188} INFO - [2026-05-03T21:09:24.377+0000] {dagbag.py:545} INFO - Filling up the DagBag from /opt/airflow/dags/flight-pipeline.py
[2026-05-03T21:09:25.997+0000] {processor.py:840} INFO - DAG(s) 'flights_ops_medallion_pipe' retrieved from /opt/airflow/dags/flight-pipeline.py
[2026-05-03T21:09:26.044+0000] {logging_mixin.py:188} INFO - [2026-05-03T21:09:26.044+0000] {dag.py:3089} INFO - Sync 1 DAGs
[2026-05-03T21:09:26.074+0000] {logging_mixin.py:188} INFO - [2026-05-03T21:09:26.074+0000] {dag.py:3947} INFO - Setting next_dagrun for flights_ops_medallion_pipe to 2026-05-03 21:00:00+00:00, run_after=2026-05-03 21:30:00+00:00
[2026-05-03T21:09:26.096+0000] {processor.py:183} INFO - Processing /opt/airflow/dags/flight-pipeline.py took 1.762 seconds
[2026-05-03T21:09:56.626+0000] {processor.py:161} INFO - Started process (PID=15550) to work on /opt/airflow/dags/flight-pipeline.py
[2026-05-03T21:09:56.642+0000] {processor.py:830} INFO - Processing file /opt/airflow/dags/flight-pipeline.py for tasks to queue
[2026-05-03T21:09:56.644+0000] {logging_mixin.py:188} INFO - [2026-05-03T21:09:56.644+0000] {dagbag.py:545} INFO - Filling up the DagBag from /opt/airflow/dags/flight-pipeline.py
[2026-05-03T21:09:58.128+0000] {processor.py:840} INFO - DAG(s) 'flights_ops_medallion_pipe' retrieved from /opt/airflow/dags/flight-pipeline.py
[2026-05-03T21:09:58.182+0000] {logging_mixin.py:188} INFO - [2026-05-03T21:09:58.181+0000] {dag.py:3089} INFO - Sync 1 DAGs
[2026-05-03T21:09:58.214+0000] {logging_mixin.py:188} INFO - [2026-05-03T21:09:58.214+0000] {dag.py:3947} INFO - Setting next_dagrun for flights_ops_medallion_pipe to 2026-05-03 21:00:00+00:00, run_after=2026-05-03 21:30:00+00:00
[2026-05-03T21:09:58.242+0000] {processor.py:183} INFO - Processing /opt/airflow/dags/flight-pipeline.py took 1.679 seconds
[2026-05-03T21:10:28.616+0000] {processor.py:161} INFO - Started process (PID=15553) to work on /opt/airflow/dags/flight-pipeline.py
[2026-05-03T21:10:28.630+0000] {processor.py:830} INFO - Processing file /opt/airflow/dags/flight-pipeline.py for tasks to queue
[2026-05-03T21:10:28.632+0000] {logging_mixin.py:188} INFO - [2026-05-03T21:10:28.631+0000] {dagbag.py:545} INFO - Filling up the DagBag from /opt/airflow/dags/flight-pipeline.py
[2026-05-03T21:10:30.152+0000] {processor.py:840} INFO - DAG(s) 'flights_ops_medallion_pipe' retrieved from /opt/airflow/dags/flight-pipeline.py
[2026-05-03T21:10:30.305+0000] {logging_mixin.py:188} INFO - [2026-05-03T21:10:30.305+0000] {dag.py:3089} INFO - Sync 1 DAGs
[2026-05-03T21:10:30.351+0000] {logging_mixin.py:188} INFO - [2026-05-03T21:10:30.350+0000] {dag.py:3947} INFO - Setting next_dagrun for flights_ops_medallion_pipe to 2026-05-03 21:00:00+00:00, run_after=2026-05-03 21:30:00+00:00
[2026-05-03T21:10:30.451+0000] {processor.py:183} INFO - Processing /opt/airflow/dags/flight-pipeline.py took 1.857 seconds
[2026-05-03T21:11:00.957+0000] {processor.py:161} INFO - Started process (PID=15556) to work on /opt/airflow/dags/flight-pipeline.py
[2026-05-03T21:11:01.058+0000] {processor.py:830} INFO - Processing file /opt/airflow/dags/flight-pipeline.py for tasks to queue
[2026-05-03T21:11:01.065+0000] {logging_mixin.py:188} INFO - [2026-05-03T21:11:01.062+0000] {dagbag.py:545} INFO - Filling up the DagBag from /opt/airflow/dags/flight-pipeline.py
[2026-05-03T21:11:04.818+0000] {processor.py:840} INFO - DAG(s) 'flights_ops_medallion_pipe' retrieved from /opt/airflow/dags/flight-pipeline.py
[2026-05-03T21:11:05.143+0000] {logging_mixin.py:188} INFO - [2026-05-03T21:11:05.140+0000] {dag.py:3089} INFO - Sync 1 DAGs
[2026-05-03T21:11:05.307+0000] {logging_mixin.py:188} INFO - [2026-05-03T21:11:05.306+0000] {dag.py:3947} INFO - Setting next_dagrun for flights_ops_medallion_pipe to 2026-05-03 21:00:00+00:00, run_after=2026-05-03 21:30:00+00:00
[2026-05-03T21:11:05.401+0000] {processor.py:183} INFO - Processing /opt/airflow/dags/flight-pipeline.py took 4.478 seconds
[2026-05-03T21:11:36.470+0000] {processor.py:161} INFO - Started process (PID=15559) to work on /opt/airflow/dags/flight-pipeline.py
[2026-05-03T21:11:36.496+0000] {processor.py:830} INFO - Processing file /opt/airflow/dags/flight-pipeline.py for tasks to queue
[2026-05-03T21:11:36.508+0000] {logging_mixin.py:188} INFO - [2026-05-03T21:11:36.501+0000] {dagbag.py:545} INFO - Filling up the DagBag from /opt/airflow/dags/flight-pipeline.py
[2026-05-03T21:11:40.922+0000] {processor.py:840} INFO - DAG(s) 'flights_ops_medallion_pipe' retrieved from /opt/airflow/dags/flight-pipeline.py
[2026-05-03T21:11:41.027+0000] {logging_mixin.py:188} INFO - [2026-05-03T21:11:41.026+0000] {dag.py:3089} INFO - Sync 1 DAGs
[2026-05-03T21:11:41.098+0000] {logging_mixin.py:188} INFO - [2026-05-03T21:11:41.098+0000] {dag.py:3947} INFO - Setting next_dagrun for flights_ops_medallion_pipe to 2026-05-03 21:00:00+00:00, run_after=2026-05-03 21:30:00+00:00
[2026-05-03T21:11:41.141+0000] {processor.py:183} INFO - Processing /opt/airflow/dags/flight-pipeline.py took 4.781 seconds
[2026-05-03T21:12:11.589+0000] {processor.py:161} INFO - Started process (PID=15562) to work on /opt/airflow/dags/flight-pipeline.py
[2026-05-03T21:12:11.624+0000] {processor.py:830} INFO - Processing file /opt/airflow/dags/flight-pipeline.py for tasks to queue
[2026-05-03T21:12:11.636+0000] {logging_mixin.py:188} INFO - [2026-05-03T21:12:11.627+0000] {dagbag.py:545} INFO - Filling up the DagBag from /opt/airflow/dags/flight-pipeline.py
[2026-05-03T21:12:13.358+0000] {processor.py:840} INFO - DAG(s) 'flights_ops_medallion_pipe' retrieved from /opt/airflow/dags/flight-pipeline.py
[2026-05-03T21:12:13.417+0000] {logging_mixin.py:188} INFO - [2026-05-03T21:12:13.417+0000] {dag.py:3089} INFO - Sync 1 DAGs
[2026-05-03T21:12:13.451+0000] {logging_mixin.py:188} INFO - [2026-05-03T21:12:13.451+0000] {dag.py:3947} INFO - Setting next_dagrun for flights_ops_medallion_pipe to 2026-05-03 21:00:00+00:00, run_after=2026-05-03 21:30:00+00:00
[2026-05-03T21:12:13.477+0000] {processor.py:183} INFO - Processing /opt/airflow/dags/flight-pipeline.py took 1.911 seconds
[2026-05-03T21:12:43.779+0000] {processor.py:161} INFO - Started process (PID=15565) to work on /opt/airflow/dags/flight-pipeline.py
[2026-05-03T21:12:43.790+0000] {processor.py:830} INFO - Processing file /opt/airflow/dags/flight-pipeline.py for tasks to queue
[2026-05-03T21:12:43.791+0000] {logging_mixin.py:188} INFO - [2026-05-03T21:12:43.791+0000] {dagbag.py:545} INFO - Filling up the DagBag from /opt/airflow/dags/flight-pipeline.py
[2026-05-03T21:12:45.244+0000] {processor.py:840} INFO - DAG(s) 'flights_ops_medallion_pipe' retrieved from /opt/airflow/dags/flight-pipeline.py
[2026-05-03T21:12:45.286+0000] {logging_mixin.py:188} INFO - [2026-05-03T21:12:45.286+0000] {dag.py:3089} INFO - Sync 1 DAGs
[2026-05-03T21:12:45.319+0000] {logging_mixin.py:188} INFO - [2026-05-03T21:12:45.318+0000] {dag.py:3947} INFO - Setting next_dagrun for flights_ops_medallion_pipe to 2026-05-03 21:00:00+00:00, run_after=2026-05-03 21:30:00+00:00
[2026-05-03T21:12:45.344+0000] {processor.py:183} INFO - Processing /opt/airflow/dags/flight-pipeline.py took 1.582 seconds
[2026-05-03T21:13:15.560+0000] {processor.py:161} INFO - Started process (PID=15568) to work on /opt/airflow/dags/flight-pipeline.py
[2026-05-03T21:13:15.574+0000] {processor.py:830} INFO - Processing file /opt/airflow/dags/flight-pipeline.py for tasks to queue
[2026-05-03T21:13:15.575+0000] {logging_mixin.py:188} INFO - [2026-05-03T21:13:15.575+0000] {dagbag.py:545} INFO - Filling up the DagBag from /opt/airflow/dags/flight-pipeline.py
[2026-05-03T21:13:16.524+0000] {processor.py:840} INFO - DAG(s) 'flights_ops_medallion_pipe' retrieved from /opt/airflow/dags/flight-pipeline.py
[2026-05-03T21:13:16.555+0000] {logging_mixin.py:188} INFO - [2026-05-03T21:13:16.555+0000] {dag.py:3089} INFO - Sync 1 DAGs
[2026-05-03T21:13:16.580+0000] {logging_mixin.py:188} INFO - [2026-05-03T21:13:16.580+0000] {dag.py:3947} INFO - Setting next_dagrun for flights_ops_medallion_pipe to 2026-05-03 21:00:00+00:00, run_after=2026-05-03 21:30:00+00:00
[2026-05-03T21:13:16.599+0000] {processor.py:183} INFO - Processing /opt/airflow/dags/flight-pipeline.py took 1.056 seconds
[2026-05-03T21:29:27.729+0000] {processor.py:161} INFO - Started process (PID=15573) to work on /opt/airflow/dags/flight-pipeline.py
[2026-05-03T21:29:27.748+0000] {processor.py:830} INFO - Processing file /opt/airflow/dags/flight-pipeline.py for tasks to queue
[2026-05-03T21:29:27.754+0000] {logging_mixin.py:188} INFO - [2026-05-03T21:29:27.751+0000] {dagbag.py:545} INFO - Filling up the DagBag from /opt/airflow/dags/flight-pipeline.py
[2026-05-03T21:29:31.783+0000] {processor.py:840} INFO - DAG(s) 'flights_ops_medallion_pipe' retrieved from /opt/airflow/dags/flight-pipeline.py
[2026-05-03T21:29:31.890+0000] {logging_mixin.py:188} INFO - [2026-05-03T21:29:31.887+0000] {dag.py:3089} INFO - Sync 1 DAGs
[2026-05-03T21:29:32.017+0000] {logging_mixin.py:188} INFO - [2026-05-03T21:29:32.016+0000] {dag.py:3947} INFO - Setting next_dagrun for flights_ops_medallion_pipe to 2026-05-03 21:00:00+00:00, run_after=2026-05-03 21:30:00+00:00
[2026-05-03T21:29:32.117+0000] {processor.py:183} INFO - Processing /opt/airflow/dags/flight-pipeline.py took 4.413 seconds
[2026-05-03T21:30:05.959+0000] {processor.py:161} INFO - Started process (PID=15577) to work on /opt/airflow/dags/flight-pipeline.py
[2026-05-03T21:30:06.028+0000] {processor.py:830} INFO - Processing file /opt/airflow/dags/flight-pipeline.py for tasks to queue
[2026-05-03T21:30:06.054+0000] {logging_mixin.py:188} INFO - [2026-05-03T21:30:06.043+0000] {dagbag.py:545} INFO - Filling up the DagBag from /opt/airflow/dags/flight-pipeline.py
[2026-05-03T21:30:36.362+0000] {logging_mixin.py:188} INFO - [2026-05-03T21:30:36.214+0000] {timeout.py:68} ERROR - Process timed out, PID: 15577
[2026-05-03T21:31:07.595+0000] {processor.py:161} INFO - Started process (PID=15588) to work on /opt/airflow/dags/flight-pipeline.py
[2026-05-03T21:31:07.602+0000] {processor.py:830} INFO - Processing file /opt/airflow/dags/flight-pipeline.py for tasks to queue
[2026-05-03T21:31:07.609+0000] {logging_mixin.py:188} INFO - [2026-05-03T21:31:07.607+0000] {dagbag.py:545} INFO - Filling up the DagBag from /opt/airflow/dags/flight-pipeline.py
[2026-05-03T21:31:11.534+0000] {processor.py:840} INFO - DAG(s) 'flights_ops_medallion_pipe' retrieved from /opt/airflow/dags/flight-pipeline.py
[2026-05-03T21:31:11.794+0000] {logging_mixin.py:188} INFO - [2026-05-03T21:31:11.792+0000] {dag.py:3089} INFO - Sync 1 DAGs
[2026-05-03T21:31:12.004+0000] {logging_mixin.py:188} INFO - [2026-05-03T21:31:12.002+0000] {dag.py:3947} INFO - Setting next_dagrun for flights_ops_medallion_pipe to 2026-05-03 21:30:00+00:00, run_after=2026-05-03 22:00:00+00:00
[2026-05-03T21:31:12.094+0000] {processor.py:183} INFO - Processing /opt/airflow/dags/flight-pipeline.py took 4.650 seconds
[2026-05-03T21:31:43.354+0000] {processor.py:161} INFO - Started process (PID=15603) to work on /opt/airflow/dags/flight-pipeline.py
[2026-05-03T21:31:43.399+0000] {processor.py:830} INFO - Processing file /opt/airflow/dags/flight-pipeline.py for tasks to queue
[2026-05-03T21:31:43.417+0000] {logging_mixin.py:188} INFO - [2026-05-03T21:31:43.404+0000] {dagbag.py:545} INFO - Filling up the DagBag from /opt/airflow/dags/flight-pipeline.py
[2026-05-03T21:31:50.755+0000] {processor.py:840} INFO - DAG(s) 'flights_ops_medallion_pipe' retrieved from /opt/airflow/dags/flight-pipeline.py
[2026-05-03T21:31:51.089+0000] {logging_mixin.py:188} INFO - [2026-05-03T21:31:51.085+0000] {dag.py:3089} INFO - Sync 1 DAGs
[2026-05-03T21:31:51.213+0000] {logging_mixin.py:188} INFO - [2026-05-03T21:31:51.210+0000] {dag.py:3947} INFO - Setting next_dagrun for flights_ops_medallion_pipe to 2026-05-03 21:30:00+00:00, run_after=2026-05-03 22:00:00+00:00
[2026-05-03T21:31:51.296+0000] {processor.py:183} INFO - Processing /opt/airflow/dags/flight-pipeline.py took 8.049 seconds
[2026-05-03T21:32:22.882+0000] {processor.py:161} INFO - Started process (PID=15618) to work on /opt/airflow/dags/flight-pipeline.py
[2026-05-03T21:32:22.964+0000] {processor.py:830} INFO - Processing file /opt/airflow/dags/flight-pipeline.py for tasks to queue
[2026-05-03T21:32:22.981+0000] {logging_mixin.py:188} INFO - [2026-05-03T21:32:22.971+0000] {dagbag.py:545} INFO - Filling up the DagBag from /opt/airflow/dags/flight-pipeline.py
[2026-05-03T21:32:27.162+0000] {processor.py:840} INFO - DAG(s) 'flights_ops_medallion_pipe' retrieved from /opt/airflow/dags/flight-pipeline.py
[2026-05-03T21:32:27.443+0000] {logging_mixin.py:188} INFO - [2026-05-03T21:32:27.440+0000] {dag.py:3089} INFO - Sync 1 DAGs
[2026-05-03T21:32:27.732+0000] {logging_mixin.py:188} INFO - [2026-05-03T21:32:27.731+0000] {dag.py:3947} INFO - Setting next_dagrun for flights_ops_medallion_pipe to 2026-05-03 21:30:00+00:00, run_after=2026-05-03 22:00:00+00:00
[2026-05-03T21:32:27.819+0000] {processor.py:183} INFO - Processing /opt/airflow/dags/flight-pipeline.py took 5.080 seconds
[2026-05-03T21:32:58.482+0000] {processor.py:161} INFO - Started process (PID=15631) to work on /opt/airflow/dags/flight-pipeline.py
[2026-05-03T21:32:58.503+0000] {processor.py:830} INFO - Processing file /opt/airflow/dags/flight-pipeline.py for tasks to queue
[2026-05-03T21:32:58.510+0000] {logging_mixin.py:188} INFO - [2026-05-03T21:32:58.506+0000] {dagbag.py:545} INFO - Filling up the DagBag from /opt/airflow/dags/flight-pipeline.py
[2026-05-03T21:33:00.555+0000] {processor.py:840} INFO - DAG(s) 'flights_ops_medallion_pipe' retrieved from /opt/airflow/dags/flight-pipeline.py
[2026-05-03T21:33:00.648+0000] {logging_mixin.py:188} INFO - [2026-05-03T21:33:00.647+0000] {dag.py:3089} INFO - Sync 1 DAGs
[2026-05-03T21:33:00.716+0000] {logging_mixin.py:188} INFO - [2026-05-03T21:33:00.716+0000] {dag.py:3947} INFO - Setting next_dagrun for flights_ops_medallion_pipe to 2026-05-03 21:30:00+00:00, run_after=2026-05-03 22:00:00+00:00
[2026-05-03T21:33:00.759+0000] {processor.py:183} INFO - Processing /opt/airflow/dags/flight-pipeline.py took 2.312 seconds
[2026-05-03T21:33:31.004+0000] {processor.py:161} INFO - Started process (PID=15634) to work on /opt/airflow/dags/flight-pipeline.py
[2026-05-03T21:33:31.019+0000] {processor.py:830} INFO - Processing file /opt/airflow/dags/flight-pipeline.py for tasks to queue
[2026-05-03T21:33:31.022+0000] {logging_mixin.py:188} INFO - [2026-05-03T21:33:31.021+0000] {dagbag.py:545} INFO - Filling up the DagBag from /opt/airflow/dags/flight-pipeline.py
[2026-05-03T21:33:32.245+0000] {processor.py:840} INFO - DAG(s) 'flights_ops_medallion_pipe' retrieved from /opt/airflow/dags/flight-pipeline.py
[2026-05-03T21:33:32.316+0000] {logging_mixin.py:188} INFO - [2026-05-03T21:33:32.315+0000] {dag.py:3089} INFO - Sync 1 DAGs
[2026-05-03T21:33:32.404+0000] {logging_mixin.py:188} INFO - [2026-05-03T21:33:32.404+0000] {dag.py:3947} INFO - Setting next_dagrun for flights_ops_medallion_pipe to 2026-05-03 21:30:00+00:00, run_after=2026-05-03 22:00:00+00:00
[2026-05-03T21:33:32.434+0000] {processor.py:183} INFO - Processing /opt/airflow/dags/flight-pipeline.py took 1.449 seconds
[2026-05-03T21:46:56.293+0000] {processor.py:161} INFO - Started process (PID=15637) to work on /opt/airflow/dags/flight-pipeline.py
[2026-05-03T21:46:56.306+0000] {processor.py:830} INFO - Processing file /opt/airflow/dags/flight-pipeline.py for tasks to queue
[2026-05-03T21:46:56.336+0000] {logging_mixin.py:188} INFO - [2026-05-03T21:46:56.315+0000] {dagbag.py:545} INFO - Filling up the DagBag from /opt/airflow/dags/flight-pipeline.py
[2026-05-03T21:46:59.145+0000] {processor.py:840} INFO - DAG(s) 'flights_ops_medallion_pipe' retrieved from /opt/airflow/dags/flight-pipeline.py
[2026-05-03T21:46:59.277+0000] {logging_mixin.py:188} INFO - [2026-05-03T21:46:59.275+0000] {dag.py:3089} INFO - Sync 1 DAGs
[2026-05-03T21:46:59.355+0000] {logging_mixin.py:188} INFO - [2026-05-03T21:46:59.355+0000] {dag.py:3947} INFO - Setting next_dagrun for flights_ops_medallion_pipe to 2026-05-03 21:30:00+00:00, run_after=2026-05-03 22:00:00+00:00
[2026-05-03T21:46:59.393+0000] {processor.py:183} INFO - Processing /opt/airflow/dags/flight-pipeline.py took 3.143 seconds
[2026-05-03T21:47:30.857+0000] {processor.py:161} INFO - Started process (PID=15640) to work on /opt/airflow/dags/flight-pipeline.py
[2026-05-03T21:47:30.917+0000] {processor.py:830} INFO - Processing file /opt/airflow/dags/flight-pipeline.py for tasks to queue
[2026-05-03T21:47:30.990+0000] {logging_mixin.py:188} INFO - [2026-05-03T21:47:30.965+0000] {dagbag.py:545} INFO - Filling up the DagBag from /opt/airflow/dags/flight-pipeline.py
[2026-05-03T21:47:50.708+0000] {processor.py:840} INFO - DAG(s) 'flights_ops_medallion_pipe' retrieved from /opt/airflow/dags/flight-pipeline.py
[2026-05-03T21:47:51.427+0000] {logging_mixin.py:188} INFO - [2026-05-03T21:47:51.422+0000] {dag.py:3089} INFO - Sync 1 DAGs
[2026-05-03T21:47:51.839+0000] {logging_mixin.py:188} INFO - [2026-05-03T21:47:51.836+0000] {dag.py:3947} INFO - Setting next_dagrun for flights_ops_medallion_pipe to 2026-05-03 21:30:00+00:00, run_after=2026-05-03 22:00:00+00:00
[2026-05-03T21:47:52.134+0000] {processor.py:183} INFO - Processing /opt/airflow/dags/flight-pipeline.py took 21.558 seconds
[2026-05-03T21:48:22.943+0000] {processor.py:161} INFO - Started process (PID=15643) to work on /opt/airflow/dags/flight-pipeline.py
[2026-05-03T21:48:22.947+0000] {processor.py:830} INFO - Processing file /opt/airflow/dags/flight-pipeline.py for tasks to queue
[2026-05-03T21:48:22.948+0000] {logging_mixin.py:188} INFO - [2026-05-03T21:48:22.948+0000] {dagbag.py:545} INFO - Filling up the DagBag from /opt/airflow/dags/flight-pipeline.py
[2026-05-03T21:48:24.205+0000] {processor.py:840} INFO - DAG(s) 'flights_ops_medallion_pipe' retrieved from /opt/airflow/dags/flight-pipeline.py
[2026-05-03T21:48:24.286+0000] {logging_mixin.py:188} INFO - [2026-05-03T21:48:24.286+0000] {dag.py:3089} INFO - Sync 1 DAGs
[2026-05-03T21:48:24.342+0000] {logging_mixin.py:188} INFO - [2026-05-03T21:48:24.341+0000] {dag.py:3947} INFO - Setting next_dagrun for flights_ops_medallion_pipe to 2026-05-03 21:30:00+00:00, run_after=2026-05-03 22:00:00+00:00
[2026-05-03T21:48:24.374+0000] {processor.py:183} INFO - Processing /opt/airflow/dags/flight-pipeline.py took 1.452 seconds
[2026-05-03T21:48:54.700+0000] {processor.py:161} INFO - Started process (PID=15646) to work on /opt/airflow/dags/flight-pipeline.py
[2026-05-03T21:48:54.707+0000] {processor.py:830} INFO - Processing file /opt/airflow/dags/flight-pipeline.py for tasks to queue
[2026-05-03T21:48:54.710+0000] {logging_mixin.py:188} INFO - [2026-05-03T21:48:54.709+0000] {dagbag.py:545} INFO - Filling up the DagBag from /opt/airflow/dags/flight-pipeline.py
[2026-05-03T21:48:55.480+0000] {processor.py:840} INFO - DAG(s) 'flights_ops_medallion_pipe' retrieved from /opt/airflow/dags/flight-pipeline.py
[2026-05-03T21:48:55.524+0000] {logging_mixin.py:188} INFO - [2026-05-03T21:48:55.523+0000] {dag.py:3089} INFO - Sync 1 DAGs
[2026-05-03T21:48:55.556+0000] {logging_mixin.py:188} INFO - [2026-05-03T21:48:55.556+0000] {dag.py:3947} INFO - Setting next_dagrun for flights_ops_medallion_pipe to 2026-05-03 21:30:00+00:00, run_after=2026-05-03 22:00:00+00:00
[2026-05-03T21:48:55.578+0000] {processor.py:183} INFO - Processing /opt/airflow/dags/flight-pipeline.py took 0.908 seconds
[2026-05-03T21:49:25.647+0000] {processor.py:161} INFO - Started process (PID=15649) to work on /opt/airflow/dags/flight-pipeline.py
[2026-05-03T21:49:25.652+0000] {processor.py:830} INFO - Processing file /opt/airflow/dags/flight-pipeline.py for tasks to queue
[2026-05-03T21:49:25.654+0000] {logging_mixin.py:188} INFO - [2026-05-03T21:49:25.654+0000] {dagbag.py:545} INFO - Filling up the DagBag from /opt/airflow/dags/flight-pipeline.py
[2026-05-03T21:49:26.381+0000] {processor.py:840} INFO - DAG(s) 'flights_ops_medallion_pipe' retrieved from /opt/airflow/dags/flight-pipeline.py
[2026-05-03T21:49:26.421+0000] {logging_mixin.py:188} INFO - [2026-05-03T21:49:26.421+0000] {dag.py:3089} INFO - Sync 1 DAGs
[2026-05-03T21:49:26.448+0000] {logging_mixin.py:188} INFO - [2026-05-03T21:49:26.448+0000] {dag.py:3947} INFO - Setting next_dagrun for flights_ops_medallion_pipe to 2026-05-03 21:30:00+00:00, run_after=2026-05-03 22:00:00+00:00
[2026-05-03T21:49:26.474+0000] {processor.py:183} INFO - Processing /opt/airflow/dags/flight-pipeline.py took 0.842 seconds
[2026-05-03T21:49:56.798+0000] {processor.py:161} INFO - Started process (PID=15652) to work on /opt/airflow/dags/flight-pipeline.py
[2026-05-03T21:49:56.810+0000] {processor.py:830} INFO - Processing file /opt/airflow/dags/flight-pipeline.py for tasks to queue
[2026-05-03T21:49:56.812+0000] {logging_mixin.py:188} INFO - [2026-05-03T21:49:56.811+0000] {dagbag.py:545} INFO - Filling up the DagBag from /opt/airflow/dags/flight-pipeline.py
[2026-05-03T21:49:57.503+0000] {processor.py:840} INFO - DAG(s) 'flights_ops_medallion_pipe' retrieved from /opt/airflow/dags/flight-pipeline.py
[2026-05-03T21:49:57.538+0000] {logging_mixin.py:188} INFO - [2026-05-03T21:49:57.537+0000] {dag.py:3089} INFO - Sync 1 DAGs
[2026-05-03T21:49:57.563+0000] {logging_mixin.py:188} INFO - [2026-05-03T21:49:57.562+0000] {dag.py:3947} INFO - Setting next_dagrun for flights_ops_medallion_pipe to 2026-05-03 21:30:00+00:00, run_after=2026-05-03 22:00:00+00:00
[2026-05-03T21:49:57.581+0000] {processor.py:183} INFO - Processing /opt/airflow/dags/flight-pipeline.py took 0.792 seconds
[2026-05-03T21:50:27.866+0000] {processor.py:161} INFO - Started process (PID=15655) to work on /opt/airflow/dags/flight-pipeline.py
[2026-05-03T21:50:27.870+0000] {processor.py:830} INFO - Processing file /opt/airflow/dags/flight-pipeline.py for tasks to queue
[2026-05-03T21:50:27.873+0000] {logging_mixin.py:188} INFO - [2026-05-03T21:50:27.871+0000] {dagbag.py:545} INFO - Filling up the DagBag from /opt/airflow/dags/flight-pipeline.py
[2026-05-03T21:50:28.555+0000] {processor.py:840} INFO - DAG(s) 'flights_ops_medallion_pipe' retrieved from /opt/airflow/dags/flight-pipeline.py
[2026-05-03T21:50:28.598+0000] {logging_mixin.py:188} INFO - [2026-05-03T21:50:28.598+0000] {dag.py:3089} INFO - Sync 1 DAGs
[2026-05-03T21:50:28.623+0000] {logging_mixin.py:188} INFO - [2026-05-03T21:50:28.623+0000] {dag.py:3947} INFO - Setting next_dagrun for flights_ops_medallion_pipe to 2026-05-03 21:30:00+00:00, run_after=2026-05-03 22:00:00+00:00
[2026-05-03T21:50:28.642+0000] {processor.py:183} INFO - Processing /opt/airflow/dags/flight-pipeline.py took 0.784 seconds
[2026-05-03T21:50:59.012+0000] {processor.py:161} INFO - Started process (PID=15658) to work on /opt/airflow/dags/flight-pipeline.py
[2026-05-03T21:50:59.016+0000] {processor.py:830} INFO - Processing file /opt/airflow/dags/flight-pipeline.py for tasks to queue
[2026-05-03T21:50:59.018+0000] {logging_mixin.py:188} INFO - [2026-05-03T21:50:59.018+0000] {dagbag.py:545} INFO - Filling up the DagBag from /opt/airflow/dags/flight-pipeline.py
[2026-05-03T21:50:59.854+0000] {processor.py:840} INFO - DAG(s) 'flights_ops_medallion_pipe' retrieved from /opt/airflow/dags/flight-pipeline.py
[2026-05-03T21:50:59.895+0000] {logging_mixin.py:188} INFO - [2026-05-03T21:50:59.894+0000] {dag.py:3089} INFO - Sync 1 DAGs
[2026-05-03T21:50:59.925+0000] {logging_mixin.py:188} INFO - [2026-05-03T21:50:59.925+0000] {dag.py:3947} INFO - Setting next_dagrun for flights_ops_medallion_pipe to 2026-05-03 21:30:00+00:00, run_after=2026-05-03 22:00:00+00:00
[2026-05-03T21:50:59.945+0000] {processor.py:183} INFO - Processing /opt/airflow/dags/flight-pipeline.py took 0.960 seconds
[2026-05-03T21:51:30.244+0000] {processor.py:161} INFO - Started process (PID=15661) to work on /opt/airflow/dags/flight-pipeline.py
[2026-05-03T21:51:30.303+0000] {processor.py:830} INFO - Processing file /opt/airflow/dags/flight-pipeline.py for tasks to queue
[2026-05-03T21:51:30.306+0000] {logging_mixin.py:188} INFO - [2026-05-03T21:51:30.306+0000] {dagbag.py:545} INFO - Filling up the DagBag from /opt/airflow/dags/flight-pipeline.py
[2026-05-03T21:51:31.104+0000] {processor.py:840} INFO - DAG(s) 'flights_ops_medallion_pipe' retrieved from /opt/airflow/dags/flight-pipeline.py
[2026-05-03T21:51:31.166+0000] {logging_mixin.py:188} INFO - [2026-05-03T21:51:31.165+0000] {dag.py:3089} INFO - Sync 1 DAGs
[2026-05-03T21:51:31.191+0000] {logging_mixin.py:188} INFO - [2026-05-03T21:51:31.191+0000] {dag.py:3947} INFO - Setting next_dagrun for flights_ops_medallion_pipe to 2026-05-03 21:30:00+00:00, run_after=2026-05-03 22:00:00+00:00
[2026-05-03T21:51:31.211+0000] {processor.py:183} INFO - Processing /opt/airflow/dags/flight-pipeline.py took 0.982 seconds
[2026-05-03T21:52:01.569+0000] {processor.py:161} INFO - Started process (PID=15664) to work on /opt/airflow/dags/flight-pipeline.py
[2026-05-03T21:52:01.577+0000] {processor.py:830} INFO - Processing file /opt/airflow/dags/flight-pipeline.py for tasks to queue
[2026-05-03T21:52:01.580+0000] {logging_mixin.py:188} INFO - [2026-05-03T21:52:01.579+0000] {dagbag.py:545} INFO - Filling up the DagBag from /opt/airflow/dags/flight-pipeline.py
[2026-05-03T21:52:03.094+0000] {processor.py:840} INFO - DAG(s) 'flights_ops_medallion_pipe' retrieved from /opt/airflow/dags/flight-pipeline.py
[2026-05-03T21:52:03.153+0000] {logging_mixin.py:188} INFO - [2026-05-03T21:52:03.152+0000] {dag.py:3089} INFO - Sync 1 DAGs
[2026-05-03T21:52:03.193+0000] {logging_mixin.py:188} INFO - [2026-05-03T21:52:03.193+0000] {dag.py:3947} INFO - Setting next_dagrun for flights_ops_medallion_pipe to 2026-05-03 21:30:00+00:00, run_after=2026-05-03 22:00:00+00:00
[2026-05-03T21:52:03.228+0000] {processor.py:183} INFO - Processing /opt/airflow/dags/flight-pipeline.py took 1.681 seconds
[2026-05-03T21:52:33.525+0000] {processor.py:161} INFO - Started process (PID=15667) to work on /opt/airflow/dags/flight-pipeline.py
[2026-05-03T21:52:33.531+0000] {processor.py:830} INFO - Processing file /opt/airflow/dags/flight-pipeline.py for tasks to queue
[2026-05-03T21:52:33.533+0000] {logging_mixin.py:188} INFO - [2026-05-03T21:52:33.533+0000] {dagbag.py:545} INFO - Filling up the DagBag from /opt/airflow/dags/flight-pipeline.py
[2026-05-03T21:52:34.339+0000] {processor.py:840} INFO - DAG(s) 'flights_ops_medallion_pipe' retrieved from /opt/airflow/dags/flight-pipeline.py
[2026-05-03T21:52:34.374+0000] {logging_mixin.py:188} INFO - [2026-05-03T21:52:34.374+0000] {dag.py:3089} INFO - Sync 1 DAGs
[2026-05-03T21:52:34.401+0000] {logging_mixin.py:188} INFO - [2026-05-03T21:52:34.401+0000] {dag.py:3947} INFO - Setting next_dagrun for flights_ops_medallion_pipe to 2026-05-03 21:30:00+00:00, run_after=2026-05-03 22:00:00+00:00
[2026-05-03T21:52:34.427+0000] {processor.py:183} INFO - Processing /opt/airflow/dags/flight-pipeline.py took 0.921 seconds
[2026-05-03T21:53:04.693+0000] {processor.py:161} INFO - Started process (PID=15670) to work on /opt/airflow/dags/flight-pipeline.py
[2026-05-03T21:53:04.697+0000] {processor.py:830} INFO - Processing file /opt/airflow/dags/flight-pipeline.py for tasks to queue
[2026-05-03T21:53:04.698+0000] {logging_mixin.py:188} INFO - [2026-05-03T21:53:04.697+0000] {dagbag.py:545} INFO - Filling up the DagBag from /opt/airflow/dags/flight-pipeline.py
[2026-05-03T21:53:05.413+0000] {processor.py:840} INFO - DAG(s) 'flights_ops_medallion_pipe' retrieved from /opt/airflow/dags/flight-pipeline.py
[2026-05-03T21:53:05.477+0000] {logging_mixin.py:188} INFO - [2026-05-03T21:53:05.476+0000] {dag.py:3089} INFO - Sync 1 DAGs
[2026-05-03T21:53:05.514+0000] {logging_mixin.py:188} INFO - [2026-05-03T21:53:05.514+0000] {dag.py:3947} INFO - Setting next_dagrun for flights_ops_medallion_pipe to 2026-05-03 21:30:00+00:00, run_after=2026-05-03 22:00:00+00:00
[2026-05-03T21:53:05.539+0000] {processor.py:183} INFO - Processing /opt/airflow/dags/flight-pipeline.py took 0.857 seconds
[2026-05-03T21:53:35.641+0000] {processor.py:161} INFO - Started process (PID=15673) to work on /opt/airflow/dags/flight-pipeline.py
[2026-05-03T21:53:35.647+0000] {processor.py:830} INFO - Processing file /opt/airflow/dags/flight-pipeline.py for tasks to queue
[2026-05-03T21:53:35.651+0000] {logging_mixin.py:188} INFO - [2026-05-03T21:53:35.650+0000] {dagbag.py:545} INFO - Filling up the DagBag from /opt/airflow/dags/flight-pipeline.py
[2026-05-03T21:53:36.393+0000] {processor.py:840} INFO - DAG(s) 'flights_ops_medallion_pipe' retrieved from /opt/airflow/dags/flight-pipeline.py
[2026-05-03T21:53:36.428+0000] {logging_mixin.py:188} INFO - [2026-05-03T21:53:36.428+0000] {dag.py:3089} INFO - Sync 1 DAGs
[2026-05-03T21:53:36.453+0000] {logging_mixin.py:188} INFO - [2026-05-03T21:53:36.452+0000] {dag.py:3947} INFO - Setting next_dagrun for flights_ops_medallion_pipe to 2026-05-03 21:30:00+00:00, run_after=2026-05-03 22:00:00+00:00
[2026-05-03T21:53:36.470+0000] {processor.py:183} INFO - Processing /opt/airflow/dags/flight-pipeline.py took 0.838 seconds
[2026-05-03T21:54:06.821+0000] {processor.py:161} INFO - Started process (PID=15676) to work on /opt/airflow/dags/flight-pipeline.py
[2026-05-03T21:54:06.825+0000] {processor.py:830} INFO - Processing file /opt/airflow/dags/flight-pipeline.py for tasks to queue
[2026-05-03T21:54:06.827+0000] {logging_mixin.py:188} INFO - [2026-05-03T21:54:06.826+0000] {dagbag.py:545} INFO - Filling up the DagBag from /opt/airflow/dags/flight-pipeline.py
[2026-05-03T21:54:07.561+0000] {processor.py:840} INFO - DAG(s) 'flights_ops_medallion_pipe' retrieved from /opt/airflow/dags/flight-pipeline.py
[2026-05-03T21:54:07.595+0000] {logging_mixin.py:188} INFO - [2026-05-03T21:54:07.595+0000] {dag.py:3089} INFO - Sync 1 DAGs
[2026-05-03T21:54:07.620+0000] {logging_mixin.py:188} INFO - [2026-05-03T21:54:07.620+0000] {dag.py:3947} INFO - Setting next_dagrun for flights_ops_medallion_pipe to 2026-05-03 21:30:00+00:00, run_after=2026-05-03 22:00:00+00:00
[2026-05-03T21:54:07.639+0000] {processor.py:183} INFO - Processing /opt/airflow/dags/flight-pipeline.py took 0.854 seconds
[2026-05-03T21:54:37.909+0000] {processor.py:161} INFO - Started process (PID=15679) to work on /opt/airflow/dags/flight-pipeline.py
[2026-05-03T21:54:37.926+0000] {processor.py:830} INFO - Processing file /opt/airflow/dags/flight-pipeline.py for tasks to queue
[2026-05-03T21:54:37.927+0000] {logging_mixin.py:188} INFO - [2026-05-03T21:54:37.927+0000] {dagbag.py:545} INFO - Filling up the DagBag from /opt/airflow/dags/flight-pipeline.py
[2026-05-03T21:54:38.607+0000] {processor.py:840} INFO - DAG(s) 'flights_ops_medallion_pipe' retrieved from /opt/airflow/dags/flight-pipeline.py
[2026-05-03T21:54:38.642+0000] {logging_mixin.py:188} INFO - [2026-05-03T21:54:38.642+0000] {dag.py:3089} INFO - Sync 1 DAGs
[2026-05-03T21:54:38.666+0000] {logging_mixin.py:188} INFO - [2026-05-03T21:54:38.665+0000] {dag.py:3947} INFO - Setting next_dagrun for flights_ops_medallion_pipe to 2026-05-03 21:30:00+00:00, run_after=2026-05-03 22:00:00+00:00
[2026-05-03T21:54:38.684+0000] {processor.py:183} INFO - Processing /opt/airflow/dags/flight-pipeline.py took 0.784 seconds
[2026-05-03T21:55:08.943+0000] {processor.py:161} INFO - Started process (PID=15682) to work on /opt/airflow/dags/flight-pipeline.py
[2026-05-03T21:55:08.947+0000] {processor.py:830} INFO - Processing file /opt/airflow/dags/flight-pipeline.py for tasks to queue
[2026-05-03T21:55:08.948+0000] {logging_mixin.py:188} INFO - [2026-05-03T21:55:08.948+0000] {dagbag.py:545} INFO - Filling up the DagBag from /opt/airflow/dags/flight-pipeline.py
[2026-05-03T21:55:09.681+0000] {processor.py:840} INFO - DAG(s) 'flights_ops_medallion_pipe' retrieved from /opt/airflow/dags/flight-pipeline.py
[2026-05-03T21:55:09.720+0000] {logging_mixin.py:188} INFO - [2026-05-03T21:55:09.720+0000] {dag.py:3089} INFO - Sync 1 DAGs
[2026-05-03T21:55:09.744+0000] {logging_mixin.py:188} INFO - [2026-05-03T21:55:09.744+0000] {dag.py:3947} INFO - Setting next_dagrun for flights_ops_medallion_pipe to 2026-05-03 21:30:00+00:00, run_after=2026-05-03 22:00:00+00:00
[2026-05-03T21:55:09.765+0000] {processor.py:183} INFO - Processing /opt/airflow/dags/flight-pipeline.py took 0.833 seconds
[2026-05-03T21:55:40.018+0000] {processor.py:161} INFO - Started process (PID=15685) to work on /opt/airflow/dags/flight-pipeline.py
[2026-05-03T21:55:40.022+0000] {processor.py:830} INFO - Processing file /opt/airflow/dags/flight-pipeline.py for tasks to queue
[2026-05-03T21:55:40.024+0000] {logging_mixin.py:188} INFO - [2026-05-03T21:55:40.023+0000] {dagbag.py:545} INFO - Filling up the DagBag from /opt/airflow/dags/flight-pipeline.py
[2026-05-03T21:55:40.694+0000] {processor.py:840} INFO - DAG(s) 'flights_ops_medallion_pipe' retrieved from /opt/airflow/dags/flight-pipeline.py
[2026-05-03T21:55:40.727+0000] {logging_mixin.py:188} INFO - [2026-05-03T21:55:40.727+0000] {dag.py:3089} INFO - Sync 1 DAGs
[2026-05-03T21:55:40.754+0000] {logging_mixin.py:188} INFO - [2026-05-03T21:55:40.754+0000] {dag.py:3947} INFO - Setting next_dagrun for flights_ops_medallion_pipe to 2026-05-03 21:30:00+00:00, run_after=2026-05-03 22:00:00+00:00
[2026-05-03T21:55:40.772+0000] {processor.py:183} INFO - Processing /opt/airflow/dags/flight-pipeline.py took 0.764 seconds
[2026-05-03T21:56:10.875+0000] {processor.py:161} INFO - Started process (PID=15688) to work on /opt/airflow/dags/flight-pipeline.py
[2026-05-03T21:56:10.880+0000] {processor.py:830} INFO - Processing file /opt/airflow/dags/flight-pipeline.py for tasks to queue
[2026-05-03T21:56:10.881+0000] {logging_mixin.py:188} INFO - [2026-05-03T21:56:10.881+0000] {dagbag.py:545} INFO - Filling up the DagBag from /opt/airflow/dags/flight-pipeline.py
[2026-05-03T21:56:11.563+0000] {processor.py:840} INFO - DAG(s) 'flights_ops_medallion_pipe' retrieved from /opt/airflow/dags/flight-pipeline.py
[2026-05-03T21:56:11.605+0000] {logging_mixin.py:188} INFO - [2026-05-03T21:56:11.605+0000] {dag.py:3089} INFO - Sync 1 DAGs
[2026-05-03T21:56:11.635+0000] {logging_mixin.py:188} INFO - [2026-05-03T21:56:11.635+0000] {dag.py:3947} INFO - Setting next_dagrun for flights_ops_medallion_pipe to 2026-05-03 21:30:00+00:00, run_after=2026-05-03 22:00:00+00:00
[2026-05-03T21:56:11.658+0000] {processor.py:183} INFO - Processing /opt/airflow/dags/flight-pipeline.py took 0.794 seconds
[2026-05-03T21:56:41.935+0000] {processor.py:161} INFO - Started process (PID=15691) to work on /opt/airflow/dags/flight-pipeline.py
[2026-05-03T21:56:41.941+0000] {processor.py:830} INFO - Processing file /opt/airflow/dags/flight-pipeline.py for tasks to queue
[2026-05-03T21:56:41.943+0000] {logging_mixin.py:188} INFO - [2026-05-03T21:56:41.942+0000] {dagbag.py:545} INFO - Filling up the DagBag from /opt/airflow/dags/flight-pipeline.py
[2026-05-03T21:56:42.621+0000] {processor.py:840} INFO - DAG(s) 'flights_ops_medallion_pipe' retrieved from /opt/airflow/dags/flight-pipeline.py
[2026-05-03T21:56:42.656+0000] {logging_mixin.py:188} INFO - [2026-05-03T21:56:42.656+0000] {dag.py:3089} INFO - Sync 1 DAGs
[2026-05-03T21:56:42.682+0000] {logging_mixin.py:188} INFO - [2026-05-03T21:56:42.681+0000] {dag.py:3947} INFO - Setting next_dagrun for flights_ops_medallion_pipe to 2026-05-03 21:30:00+00:00, run_after=2026-05-03 22:00:00+00:00
[2026-05-03T21:56:42.701+0000] {processor.py:183} INFO - Processing /opt/airflow/dags/flight-pipeline.py took 0.778 seconds
[2026-05-03T21:57:13.000+0000] {processor.py:161} INFO - Started process (PID=15694) to work on /opt/airflow/dags/flight-pipeline.py
[2026-05-03T21:57:13.004+0000] {processor.py:830} INFO - Processing file /opt/airflow/dags/flight-pipeline.py for tasks to queue
[2026-05-03T21:57:13.005+0000] {logging_mixin.py:188} INFO - [2026-05-03T21:57:13.005+0000] {dagbag.py:545} INFO - Filling up the DagBag from /opt/airflow/dags/flight-pipeline.py
[2026-05-03T21:57:13.723+0000] {processor.py:840} INFO - DAG(s) 'flights_ops_medallion_pipe' retrieved from /opt/airflow/dags/flight-pipeline.py
[2026-05-03T21:57:13.757+0000] {logging_mixin.py:188} INFO - [2026-05-03T21:57:13.756+0000] {dag.py:3089} INFO - Sync 1 DAGs
[2026-05-03T21:57:13.785+0000] {logging_mixin.py:188} INFO - [2026-05-03T21:57:13.785+0000] {dag.py:3947} INFO - Setting next_dagrun for flights_ops_medallion_pipe to 2026-05-03 21:30:00+00:00, run_after=2026-05-03 22:00:00+00:00
[2026-05-03T21:57:13.806+0000] {processor.py:183} INFO - Processing /opt/airflow/dags/flight-pipeline.py took 0.815 seconds
[2026-05-03T21:57:44.059+0000] {processor.py:161} INFO - Started process (PID=15697) to work on /opt/airflow/dags/flight-pipeline.py
[2026-05-03T21:57:44.063+0000] {processor.py:830} INFO - Processing file /opt/airflow/dags/flight-pipeline.py for tasks to queue
[2026-05-03T21:57:44.065+0000] {logging_mixin.py:188} INFO - [2026-05-03T21:57:44.064+0000] {dagbag.py:545} INFO - Filling up the DagBag from /opt/airflow/dags/flight-pipeline.py
[2026-05-03T21:57:44.756+0000] {processor.py:840} INFO - DAG(s) 'flights_ops_medallion_pipe' retrieved from /opt/airflow/dags/flight-pipeline.py
[2026-05-03T21:57:44.790+0000] {logging_mixin.py:188} INFO - [2026-05-03T21:57:44.790+0000] {dag.py:3089} INFO - Sync 1 DAGs
[2026-05-03T21:57:44.814+0000] {logging_mixin.py:188} INFO - [2026-05-03T21:57:44.814+0000] {dag.py:3947} INFO - Setting next_dagrun for flights_ops_medallion_pipe to 2026-05-03 21:30:00+00:00, run_after=2026-05-03 22:00:00+00:00
[2026-05-03T21:57:44.832+0000] {processor.py:183} INFO - Processing /opt/airflow/dags/flight-pipeline.py took 0.782 seconds
[2026-05-03T21:58:14.905+0000] {processor.py:161} INFO - Started process (PID=15700) to work on /opt/airflow/dags/flight-pipeline.py
[2026-05-03T21:58:14.909+0000] {processor.py:830} INFO - Processing file /opt/airflow/dags/flight-pipeline.py for tasks to queue
[2026-05-03T21:58:14.910+0000] {logging_mixin.py:188} INFO - [2026-05-03T21:58:14.910+0000] {dagbag.py:545} INFO - Filling up the DagBag from /opt/airflow/dags/flight-pipeline.py
[2026-05-03T21:58:15.542+0000] {processor.py:840} INFO - DAG(s) 'flights_ops_medallion_pipe' retrieved from /opt/airflow/dags/flight-pipeline.py
[2026-05-03T21:58:15.575+0000] {logging_mixin.py:188} INFO - [2026-05-03T21:58:15.575+0000] {dag.py:3089} INFO - Sync 1 DAGs
[2026-05-03T21:58:15.598+0000] {logging_mixin.py:188} INFO - [2026-05-03T21:58:15.597+0000] {dag.py:3947} INFO - Setting next_dagrun for flights_ops_medallion_pipe to 2026-05-03 21:30:00+00:00, run_after=2026-05-03 22:00:00+00:00
[2026-05-03T21:58:15.617+0000] {processor.py:183} INFO - Processing /opt/airflow/dags/flight-pipeline.py took 0.721 seconds
[2026-05-03T21:58:45.870+0000] {processor.py:161} INFO - Started process (PID=15703) to work on /opt/airflow/dags/flight-pipeline.py
[2026-05-03T21:58:45.882+0000] {processor.py:830} INFO - Processing file /opt/airflow/dags/flight-pipeline.py for tasks to queue
[2026-05-03T21:58:45.883+0000] {logging_mixin.py:188} INFO - [2026-05-03T21:58:45.882+0000] {dagbag.py:545} INFO - Filling up the DagBag from /opt/airflow/dags/flight-pipeline.py
[2026-05-03T21:58:46.571+0000] {processor.py:840} INFO - DAG(s) 'flights_ops_medallion_pipe' retrieved from /opt/airflow/dags/flight-pipeline.py
[2026-05-03T21:58:46.604+0000] {logging_mixin.py:188} INFO - [2026-05-03T21:58:46.604+0000] {dag.py:3089} INFO - Sync 1 DAGs
[2026-05-03T21:58:46.627+0000] {logging_mixin.py:188} INFO - [2026-05-03T21:58:46.627+0000] {dag.py:3947} INFO - Setting next_dagrun for flights_ops_medallion_pipe to 2026-05-03 21:30:00+00:00, run_after=2026-05-03 22:00:00+00:00
[2026-05-03T21:58:46.645+0000] {processor.py:183} INFO - Processing /opt/airflow/dags/flight-pipeline.py took 0.784 seconds
[2026-05-03T21:59:16.935+0000] {processor.py:161} INFO - Started process (PID=15706) to work on /opt/airflow/dags/flight-pipeline.py
[2026-05-03T21:59:16.947+0000] {processor.py:830} INFO - Processing file /opt/airflow/dags/flight-pipeline.py for tasks to queue
[2026-05-03T21:59:16.949+0000] {logging_mixin.py:188} INFO - [2026-05-03T21:59:16.948+0000] {dagbag.py:545} INFO - Filling up the DagBag from /opt/airflow/dags/flight-pipeline.py
[2026-05-03T21:59:17.664+0000] {processor.py:840} INFO - DAG(s) 'flights_ops_medallion_pipe' retrieved from /opt/airflow/dags/flight-pipeline.py
[2026-05-03T21:59:17.704+0000] {logging_mixin.py:188} INFO - [2026-05-03T21:59:17.703+0000] {dag.py:3089} INFO - Sync 1 DAGs
[2026-05-03T21:59:17.733+0000] {logging_mixin.py:188} INFO - [2026-05-03T21:59:17.732+0000] {dag.py:3947} INFO - Setting next_dagrun for flights_ops_medallion_pipe to 2026-05-03 21:30:00+00:00, run_after=2026-05-03 22:00:00+00:00
[2026-05-03T21:59:17.754+0000] {processor.py:183} INFO - Processing /opt/airflow/dags/flight-pipeline.py took 0.830 seconds
[2026-05-03T21:59:47.883+0000] {processor.py:161} INFO - Started process (PID=15709) to work on /opt/airflow/dags/flight-pipeline.py
[2026-05-03T21:59:47.886+0000] {processor.py:830} INFO - Processing file /opt/airflow/dags/flight-pipeline.py for tasks to queue
[2026-05-03T21:59:47.887+0000] {logging_mixin.py:188} INFO - [2026-05-03T21:59:47.887+0000] {dagbag.py:545} INFO - Filling up the DagBag from /opt/airflow/dags/flight-pipeline.py
[2026-05-03T21:59:48.676+0000] {processor.py:840} INFO - DAG(s) 'flights_ops_medallion_pipe' retrieved from /opt/airflow/dags/flight-pipeline.py
[2026-05-03T21:59:48.718+0000] {logging_mixin.py:188} INFO - [2026-05-03T21:59:48.718+0000] {dag.py:3089} INFO - Sync 1 DAGs
[2026-05-03T21:59:48.744+0000] {logging_mixin.py:188} INFO - [2026-05-03T21:59:48.744+0000] {dag.py:3947} INFO - Setting next_dagrun for flights_ops_medallion_pipe to 2026-05-03 21:30:00+00:00, run_after=2026-05-03 22:00:00+00:00
[2026-05-03T21:59:48.764+0000] {processor.py:183} INFO - Processing /opt/airflow/dags/flight-pipeline.py took 0.892 seconds
[2026-05-03T22:00:19.130+0000] {processor.py:161} INFO - Started process (PID=15732) to work on /opt/airflow/dags/flight-pipeline.py
[2026-05-03T22:00:19.141+0000] {processor.py:830} INFO - Processing file /opt/airflow/dags/flight-pipeline.py for tasks to queue
[2026-05-03T22:00:19.148+0000] {logging_mixin.py:188} INFO - [2026-05-03T22:00:19.146+0000] {dagbag.py:545} INFO - Filling up the DagBag from /opt/airflow/dags/flight-pipeline.py
[2026-05-03T22:00:21.540+0000] {processor.py:840} INFO - DAG(s) 'flights_ops_medallion_pipe' retrieved from /opt/airflow/dags/flight-pipeline.py
[2026-05-03T22:00:21.699+0000] {logging_mixin.py:188} INFO - [2026-05-03T22:00:21.694+0000] {dag.py:3089} INFO - Sync 1 DAGs
[2026-05-03T22:00:21.838+0000] {logging_mixin.py:188} INFO - [2026-05-03T22:00:21.837+0000] {dag.py:3947} INFO - Setting next_dagrun for flights_ops_medallion_pipe to 2026-05-03 22:00:00+00:00, run_after=2026-05-03 22:30:00+00:00
[2026-05-03T22:00:21.914+0000] {processor.py:183} INFO - Processing /opt/airflow/dags/flight-pipeline.py took 2.810 seconds
[2026-05-03T22:00:52.753+0000] {processor.py:161} INFO - Started process (PID=15759) to work on /opt/airflow/dags/flight-pipeline.py
[2026-05-03T22:00:52.757+0000] {processor.py:830} INFO - Processing file /opt/airflow/dags/flight-pipeline.py for tasks to queue
[2026-05-03T22:00:52.760+0000] {logging_mixin.py:188} INFO - [2026-05-03T22:00:52.759+0000] {dagbag.py:545} INFO - Filling up the DagBag from /opt/airflow/dags/flight-pipeline.py
[2026-05-03T22:00:53.902+0000] {processor.py:840} INFO - DAG(s) 'flights_ops_medallion_pipe' retrieved from /opt/airflow/dags/flight-pipeline.py
[2026-05-03T22:00:53.992+0000] {logging_mixin.py:188} INFO - [2026-05-03T22:00:53.991+0000] {dag.py:3089} INFO - Sync 1 DAGs
[2026-05-03T22:00:54.060+0000] {logging_mixin.py:188} INFO - [2026-05-03T22:00:54.059+0000] {dag.py:3947} INFO - Setting next_dagrun for flights_ops_medallion_pipe to 2026-05-03 22:00:00+00:00, run_after=2026-05-03 22:30:00+00:00
[2026-05-03T22:00:54.103+0000] {processor.py:183} INFO - Processing /opt/airflow/dags/flight-pipeline.py took 1.359 seconds
[2026-05-03T22:01:24.360+0000] {processor.py:161} INFO - Started process (PID=15762) to work on /opt/airflow/dags/flight-pipeline.py
[2026-05-03T22:01:24.364+0000] {processor.py:830} INFO - Processing file /opt/airflow/dags/flight-pipeline.py for tasks to queue
[2026-05-03T22:01:24.365+0000] {logging_mixin.py:188} INFO - [2026-05-03T22:01:24.364+0000] {dagbag.py:545} INFO - Filling up the DagBag from /opt/airflow/dags/flight-pipeline.py
[2026-05-03T22:01:25.145+0000] {processor.py:840} INFO - DAG(s) 'flights_ops_medallion_pipe' retrieved from /opt/airflow/dags/flight-pipeline.py
[2026-05-03T22:01:25.180+0000] {logging_mixin.py:188} INFO - [2026-05-03T22:01:25.180+0000] {dag.py:3089} INFO - Sync 1 DAGs
[2026-05-03T22:01:25.206+0000] {logging_mixin.py:188} INFO - [2026-05-03T22:01:25.206+0000] {dag.py:3947} INFO - Setting next_dagrun for flights_ops_medallion_pipe to 2026-05-03 22:00:00+00:00, run_after=2026-05-03 22:30:00+00:00
[2026-05-03T22:01:25.227+0000] {processor.py:183} INFO - Processing /opt/airflow/dags/flight-pipeline.py took 0.876 seconds
[2026-05-03T22:01:55.513+0000] {processor.py:161} INFO - Started process (PID=15765) to work on /opt/airflow/dags/flight-pipeline.py
[2026-05-03T22:01:55.561+0000] {processor.py:830} INFO - Processing file /opt/airflow/dags/flight-pipeline.py for tasks to queue
[2026-05-03T22:01:55.564+0000] {logging_mixin.py:188} INFO - [2026-05-03T22:01:55.563+0000] {dagbag.py:545} INFO - Filling up the DagBag from /opt/airflow/dags/flight-pipeline.py
[2026-05-03T22:01:56.344+0000] {processor.py:840} INFO - DAG(s) 'flights_ops_medallion_pipe' retrieved from /opt/airflow/dags/flight-pipeline.py
[2026-05-03T22:01:56.387+0000] {logging_mixin.py:188} INFO - [2026-05-03T22:01:56.387+0000] {dag.py:3089} INFO - Sync 1 DAGs
[2026-05-03T22:01:56.413+0000] {logging_mixin.py:188} INFO - [2026-05-03T22:01:56.413+0000] {dag.py:3947} INFO - Setting next_dagrun for flights_ops_medallion_pipe to 2026-05-03 22:00:00+00:00, run_after=2026-05-03 22:30:00+00:00
[2026-05-03T22:01:56.438+0000] {processor.py:183} INFO - Processing /opt/airflow/dags/flight-pipeline.py took 0.952 seconds
[2026-05-03T22:02:26.485+0000] {processor.py:161} INFO - Started process (PID=15768) to work on /opt/airflow/dags/flight-pipeline.py
[2026-05-03T22:02:26.489+0000] {processor.py:830} INFO - Processing file /opt/airflow/dags/flight-pipeline.py for tasks to queue
[2026-05-03T22:02:26.490+0000] {logging_mixin.py:188} INFO - [2026-05-03T22:02:26.489+0000] {dagbag.py:545} INFO - Filling up the DagBag from /opt/airflow/dags/flight-pipeline.py
[2026-05-03T22:02:27.233+0000] {processor.py:840} INFO - DAG(s) 'flights_ops_medallion_pipe' retrieved from /opt/airflow/dags/flight-pipeline.py
[2026-05-03T22:02:27.271+0000] {logging_mixin.py:188} INFO - [2026-05-03T22:02:27.271+0000] {dag.py:3089} INFO - Sync 1 DAGs
[2026-05-03T22:02:27.297+0000] {logging_mixin.py:188} INFO - [2026-05-03T22:02:27.296+0000] {dag.py:3947} INFO - Setting next_dagrun for flights_ops_medallion_pipe to 2026-05-03 22:00:00+00:00, run_after=2026-05-03 22:30:00+00:00
[2026-05-03T22:02:27.316+0000] {processor.py:183} INFO - Processing /opt/airflow/dags/flight-pipeline.py took 0.839 seconds
[2026-05-03T22:02:57.572+0000] {processor.py:161} INFO - Started process (PID=15771) to work on /opt/airflow/dags/flight-pipeline.py
[2026-05-03T22:02:57.577+0000] {processor.py:830} INFO - Processing file /opt/airflow/dags/flight-pipeline.py for tasks to queue
[2026-05-03T22:02:57.579+0000] {logging_mixin.py:188} INFO - [2026-05-03T22:02:57.578+0000] {dagbag.py:545} INFO - Filling up the DagBag from /opt/airflow/dags/flight-pipeline.py
[2026-05-03T22:02:58.312+0000] {processor.py:840} INFO - DAG(s) 'flights_ops_medallion_pipe' retrieved from /opt/airflow/dags/flight-pipeline.py
[2026-05-03T22:02:58.359+0000] {logging_mixin.py:188} INFO - [2026-05-03T22:02:58.359+0000] {dag.py:3089} INFO - Sync 1 DAGs
[2026-05-03T22:02:58.387+0000] {logging_mixin.py:188} INFO - [2026-05-03T22:02:58.386+0000] {dag.py:3947} INFO - Setting next_dagrun for flights_ops_medallion_pipe to 2026-05-03 22:00:00+00:00, run_after=2026-05-03 22:30:00+00:00
[2026-05-03T22:02:58.408+0000] {processor.py:183} INFO - Processing /opt/airflow/dags/flight-pipeline.py took 0.847 seconds
[2026-05-03T22:03:28.659+0000] {processor.py:161} INFO - Started process (PID=15774) to work on /opt/airflow/dags/flight-pipeline.py
[2026-05-03T22:03:28.663+0000] {processor.py:830} INFO - Processing file /opt/airflow/dags/flight-pipeline.py for tasks to queue
[2026-05-03T22:03:28.664+0000] {logging_mixin.py:188} INFO - [2026-05-03T22:03:28.664+0000] {dagbag.py:545} INFO - Filling up the DagBag from /opt/airflow/dags/flight-pipeline.py
[2026-05-03T22:03:29.353+0000] {processor.py:840} INFO - DAG(s) 'flights_ops_medallion_pipe' retrieved from /opt/airflow/dags/flight-pipeline.py
[2026-05-03T22:03:29.390+0000] {logging_mixin.py:188} INFO - [2026-05-03T22:03:29.389+0000] {dag.py:3089} INFO - Sync 1 DAGs
[2026-05-03T22:03:29.416+0000] {logging_mixin.py:188} INFO - [2026-05-03T22:03:29.416+0000] {dag.py:3947} INFO - Setting next_dagrun for flights_ops_medallion_pipe to 2026-05-03 22:00:00+00:00, run_after=2026-05-03 22:30:00+00:00
[2026-05-03T22:03:29.437+0000] {processor.py:183} INFO - Processing /opt/airflow/dags/flight-pipeline.py took 0.788 seconds
[2026-05-03T22:03:59.696+0000] {processor.py:161} INFO - Started process (PID=15777) to work on /opt/airflow/dags/flight-pipeline.py
[2026-05-03T22:03:59.700+0000] {processor.py:830} INFO - Processing file /opt/airflow/dags/flight-pipeline.py for tasks to queue
[2026-05-03T22:03:59.701+0000] {logging_mixin.py:188} INFO - [2026-05-03T22:03:59.700+0000] {dagbag.py:545} INFO - Filling up the DagBag from /opt/airflow/dags/flight-pipeline.py
[2026-05-03T22:04:00.411+0000] {processor.py:840} INFO - DAG(s) 'flights_ops_medallion_pipe' retrieved from /opt/airflow/dags/flight-pipeline.py
[2026-05-03T22:04:00.447+0000] {logging_mixin.py:188} INFO - [2026-05-03T22:04:00.447+0000] {dag.py:3089} INFO - Sync 1 DAGs
[2026-05-03T22:04:00.485+0000] {logging_mixin.py:188} INFO - [2026-05-03T22:04:00.485+0000] {dag.py:3947} INFO - Setting next_dagrun for flights_ops_medallion_pipe to 2026-05-03 22:00:00+00:00, run_after=2026-05-03 22:30:00+00:00
[2026-05-03T22:04:00.516+0000] {processor.py:183} INFO - Processing /opt/airflow/dags/flight-pipeline.py took 0.834 seconds
[2026-05-03T22:04:30.757+0000] {processor.py:161} INFO - Started process (PID=15780) to work on /opt/airflow/dags/flight-pipeline.py
[2026-05-03T22:04:30.760+0000] {processor.py:830} INFO - Processing file /opt/airflow/dags/flight-pipeline.py for tasks to queue
[2026-05-03T22:04:30.761+0000] {logging_mixin.py:188} INFO - [2026-05-03T22:04:30.761+0000] {dagbag.py:545} INFO - Filling up the DagBag from /opt/airflow/dags/flight-pipeline.py
[2026-05-03T22:04:31.459+0000] {processor.py:840} INFO - DAG(s) 'flights_ops_medallion_pipe' retrieved from /opt/airflow/dags/flight-pipeline.py
[2026-05-03T22:04:31.493+0000] {logging_mixin.py:188} INFO - [2026-05-03T22:04:31.493+0000] {dag.py:3089} INFO - Sync 1 DAGs
[2026-05-03T22:04:31.530+0000] {logging_mixin.py:188} INFO - [2026-05-03T22:04:31.530+0000] {dag.py:3947} INFO - Setting next_dagrun for flights_ops_medallion_pipe to 2026-05-03 22:00:00+00:00, run_after=2026-05-03 22:30:00+00:00
[2026-05-03T22:04:31.565+0000] {processor.py:183} INFO - Processing /opt/airflow/dags/flight-pipeline.py took 0.818 seconds
[2026-05-03T22:05:01.722+0000] {processor.py:161} INFO - Started process (PID=15783) to work on /opt/airflow/dags/flight-pipeline.py
[2026-05-03T22:05:01.726+0000] {processor.py:830} INFO - Processing file /opt/airflow/dags/flight-pipeline.py for tasks to queue
[2026-05-03T22:05:01.728+0000] {logging_mixin.py:188} INFO - [2026-05-03T22:05:01.728+0000] {dagbag.py:545} INFO - Filling up the DagBag from /opt/airflow/dags/flight-pipeline.py
[2026-05-03T22:05:02.449+0000] {processor.py:840} INFO - DAG(s) 'flights_ops_medallion_pipe' retrieved from /opt/airflow/dags/flight-pipeline.py
[2026-05-03T22:05:02.487+0000] {logging_mixin.py:188} INFO - [2026-05-03T22:05:02.486+0000] {dag.py:3089} INFO - Sync 1 DAGs
[2026-05-03T22:05:02.522+0000] {logging_mixin.py:188} INFO - [2026-05-03T22:05:02.522+0000] {dag.py:3947} INFO - Setting next_dagrun for flights_ops_medallion_pipe to 2026-05-03 22:00:00+00:00, run_after=2026-05-03 22:30:00+00:00
[2026-05-03T22:05:02.542+0000] {processor.py:183} INFO - Processing /opt/airflow/dags/flight-pipeline.py took 0.831 seconds
[2026-05-03T22:05:32.822+0000] {processor.py:161} INFO - Started process (PID=15786) to work on /opt/airflow/dags/flight-pipeline.py
[2026-05-03T22:05:32.827+0000] {processor.py:830} INFO - Processing file /opt/airflow/dags/flight-pipeline.py for tasks to queue
[2026-05-03T22:05:32.828+0000] {logging_mixin.py:188} INFO - [2026-05-03T22:05:32.828+0000] {dagbag.py:545} INFO - Filling up the DagBag from /opt/airflow/dags/flight-pipeline.py
[2026-05-03T22:05:33.550+0000] {processor.py:840} INFO - DAG(s) 'flights_ops_medallion_pipe' retrieved from /opt/airflow/dags/flight-pipeline.py
[2026-05-03T22:05:33.588+0000] {logging_mixin.py:188} INFO - [2026-05-03T22:05:33.587+0000] {dag.py:3089} INFO - Sync 1 DAGs
[2026-05-03T22:05:33.615+0000] {logging_mixin.py:188} INFO - [2026-05-03T22:05:33.614+0000] {dag.py:3947} INFO - Setting next_dagrun for flights_ops_medallion_pipe to 2026-05-03 22:00:00+00:00, run_after=2026-05-03 22:30:00+00:00
[2026-05-03T22:05:33.633+0000] {processor.py:183} INFO - Processing /opt/airflow/dags/flight-pipeline.py took 0.824 seconds
[2026-05-03T22:06:03.922+0000] {processor.py:161} INFO - Started process (PID=15789) to work on /opt/airflow/dags/flight-pipeline.py
[2026-05-03T22:06:03.926+0000] {processor.py:830} INFO - Processing file /opt/airflow/dags/flight-pipeline.py for tasks to queue
[2026-05-03T22:06:03.927+0000] {logging_mixin.py:188} INFO - [2026-05-03T22:06:03.926+0000] {dagbag.py:545} INFO - Filling up the DagBag from /opt/airflow/dags/flight-pipeline.py
[2026-05-03T22:06:04.689+0000] {processor.py:840} INFO - DAG(s) 'flights_ops_medallion_pipe' retrieved from /opt/airflow/dags/flight-pipeline.py
[2026-05-03T22:06:04.727+0000] {logging_mixin.py:188} INFO - [2026-05-03T22:06:04.726+0000] {dag.py:3089} INFO - Sync 1 DAGs
[2026-05-03T22:06:04.752+0000] {logging_mixin.py:188} INFO - [2026-05-03T22:06:04.751+0000] {dag.py:3947} INFO - Setting next_dagrun for flights_ops_medallion_pipe to 2026-05-03 22:00:00+00:00, run_after=2026-05-03 22:30:00+00:00
[2026-05-03T22:06:04.771+0000] {processor.py:183} INFO - Processing /opt/airflow/dags/flight-pipeline.py took 0.863 seconds
[2026-05-03T22:06:35.016+0000] {processor.py:161} INFO - Started process (PID=15792) to work on /opt/airflow/dags/flight-pipeline.py
[2026-05-03T22:06:35.023+0000] {processor.py:830} INFO - Processing file /opt/airflow/dags/flight-pipeline.py for tasks to queue
[2026-05-03T22:06:35.024+0000] {logging_mixin.py:188} INFO - [2026-05-03T22:06:35.024+0000] {dagbag.py:545} INFO - Filling up the DagBag from /opt/airflow/dags/flight-pipeline.py
[2026-05-03T22:06:35.752+0000] {processor.py:840} INFO - DAG(s) 'flights_ops_medallion_pipe' retrieved from /opt/airflow/dags/flight-pipeline.py
[2026-05-03T22:06:35.788+0000] {logging_mixin.py:188} INFO - [2026-05-03T22:06:35.787+0000] {dag.py:3089} INFO - Sync 1 DAGs
[2026-05-03T22:06:35.818+0000] {logging_mixin.py:188} INFO - [2026-05-03T22:06:35.818+0000] {dag.py:3947} INFO - Setting next_dagrun for flights_ops_medallion_pipe to 2026-05-03 22:00:00+00:00, run_after=2026-05-03 22:30:00+00:00
[2026-05-03T22:06:35.844+0000] {processor.py:183} INFO - Processing /opt/airflow/dags/flight-pipeline.py took 0.836 seconds
[2026-05-03T22:07:06.090+0000] {processor.py:161} INFO - Started process (PID=15795) to work on /opt/airflow/dags/flight-pipeline.py
[2026-05-03T22:07:06.095+0000] {processor.py:830} INFO - Processing file /opt/airflow/dags/flight-pipeline.py for tasks to queue
[2026-05-03T22:07:06.096+0000] {logging_mixin.py:188} INFO - [2026-05-03T22:07:06.096+0000] {dagbag.py:545} INFO - Filling up the DagBag from /opt/airflow/dags/flight-pipeline.py
[2026-05-03T22:07:06.797+0000] {processor.py:840} INFO - DAG(s) 'flights_ops_medallion_pipe' retrieved from /opt/airflow/dags/flight-pipeline.py
[2026-05-03T22:07:06.855+0000] {logging_mixin.py:188} INFO - [2026-05-03T22:07:06.854+0000] {dag.py:3089} INFO - Sync 1 DAGs
[2026-05-03T22:07:06.879+0000] {logging_mixin.py:188} INFO - [2026-05-03T22:07:06.879+0000] {dag.py:3947} INFO - Setting next_dagrun for flights_ops_medallion_pipe to 2026-05-03 22:00:00+00:00, run_after=2026-05-03 22:30:00+00:00
[2026-05-03T22:07:06.900+0000] {processor.py:183} INFO - Processing /opt/airflow/dags/flight-pipeline.py took 0.819 seconds
[2026-05-03T22:07:37.156+0000] {processor.py:161} INFO - Started process (PID=15798) to work on /opt/airflow/dags/flight-pipeline.py
[2026-05-03T22:07:37.160+0000] {processor.py:830} INFO - Processing file /opt/airflow/dags/flight-pipeline.py for tasks to queue
[2026-05-03T22:07:37.161+0000] {logging_mixin.py:188} INFO - [2026-05-03T22:07:37.161+0000] {dagbag.py:545} INFO - Filling up the DagBag from /opt/airflow/dags/flight-pipeline.py
[2026-05-03T22:07:37.902+0000] {processor.py:840} INFO - DAG(s) 'flights_ops_medallion_pipe' retrieved from /opt/airflow/dags/flight-pipeline.py
[2026-05-03T22:07:37.938+0000] {logging_mixin.py:188} INFO - [2026-05-03T22:07:37.938+0000] {dag.py:3089} INFO - Sync 1 DAGs
[2026-05-03T22:07:37.975+0000] {logging_mixin.py:188} INFO - [2026-05-03T22:07:37.975+0000] {dag.py:3947} INFO - Setting next_dagrun for flights_ops_medallion_pipe to 2026-05-03 22:00:00+00:00, run_after=2026-05-03 22:30:00+00:00
[2026-05-03T22:07:37.997+0000] {processor.py:183} INFO - Processing /opt/airflow/dags/flight-pipeline.py took 0.851 seconds
[2026-05-03T22:08:08.126+0000] {processor.py:161} INFO - Started process (PID=15801) to work on /opt/airflow/dags/flight-pipeline.py
[2026-05-03T22:08:08.130+0000] {processor.py:830} INFO - Processing file /opt/airflow/dags/flight-pipeline.py for tasks to queue
[2026-05-03T22:08:08.134+0000] {logging_mixin.py:188} INFO - [2026-05-03T22:08:08.133+0000] {dagbag.py:545} INFO - Filling up the DagBag from /opt/airflow/dags/flight-pipeline.py
[2026-05-03T22:08:08.867+0000] {processor.py:840} INFO - DAG(s) 'flights_ops_medallion_pipe' retrieved from /opt/airflow/dags/flight-pipeline.py
[2026-05-03T22:08:08.925+0000] {logging_mixin.py:188} INFO - [2026-05-03T22:08:08.924+0000] {dag.py:3089} INFO - Sync 1 DAGs
[2026-05-03T22:08:08.975+0000] {logging_mixin.py:188} INFO - [2026-05-03T22:08:08.975+0000] {dag.py:3947} INFO - Setting next_dagrun for flights_ops_medallion_pipe to 2026-05-03 22:00:00+00:00, run_after=2026-05-03 22:30:00+00:00
[2026-05-03T22:08:09.004+0000] {processor.py:183} INFO - Processing /opt/airflow/dags/flight-pipeline.py took 0.888 seconds
[2026-05-03T22:08:39.272+0000] {processor.py:161} INFO - Started process (PID=15804) to work on /opt/airflow/dags/flight-pipeline.py
[2026-05-03T22:08:39.276+0000] {processor.py:830} INFO - Processing file /opt/airflow/dags/flight-pipeline.py for tasks to queue
[2026-05-03T22:08:39.277+0000] {logging_mixin.py:188} INFO - [2026-05-03T22:08:39.276+0000] {dagbag.py:545} INFO - Filling up the DagBag from /opt/airflow/dags/flight-pipeline.py
[2026-05-03T22:08:39.967+0000] {processor.py:840} INFO - DAG(s) 'flights_ops_medallion_pipe' retrieved from /opt/airflow/dags/flight-pipeline.py
[2026-05-03T22:08:40.007+0000] {logging_mixin.py:188} INFO - [2026-05-03T22:08:40.007+0000] {dag.py:3089} INFO - Sync 1 DAGs
[2026-05-03T22:08:40.034+0000] {logging_mixin.py:188} INFO - [2026-05-03T22:08:40.034+0000] {dag.py:3947} INFO - Setting next_dagrun for flights_ops_medallion_pipe to 2026-05-03 22:00:00+00:00, run_after=2026-05-03 22:30:00+00:00
[2026-05-03T22:08:40.053+0000] {processor.py:183} INFO - Processing /opt/airflow/dags/flight-pipeline.py took 0.789 seconds
[2026-05-03T22:09:10.433+0000] {processor.py:161} INFO - Started process (PID=15807) to work on /opt/airflow/dags/flight-pipeline.py
[2026-05-03T22:09:10.451+0000] {processor.py:830} INFO - Processing file /opt/airflow/dags/flight-pipeline.py for tasks to queue
[2026-05-03T22:09:10.452+0000] {logging_mixin.py:188} INFO - [2026-05-03T22:09:10.452+0000] {dagbag.py:545} INFO - Filling up the DagBag from /opt/airflow/dags/flight-pipeline.py
[2026-05-03T22:09:11.401+0000] {processor.py:840} INFO - DAG(s) 'flights_ops_medallion_pipe' retrieved from /opt/airflow/dags/flight-pipeline.py
[2026-05-03T22:09:11.461+0000] {logging_mixin.py:188} INFO - [2026-05-03T22:09:11.461+0000] {dag.py:3089} INFO - Sync 1 DAGs
[2026-05-03T22:09:11.504+0000] {logging_mixin.py:188} INFO - [2026-05-03T22:09:11.504+0000] {dag.py:3947} INFO - Setting next_dagrun for flights_ops_medallion_pipe to 2026-05-03 22:00:00+00:00, run_after=2026-05-03 22:30:00+00:00
[2026-05-03T22:09:11.526+0000] {processor.py:183} INFO - Processing /opt/airflow/dags/flight-pipeline.py took 1.117 seconds
[2026-05-03T22:09:41.665+0000] {processor.py:161} INFO - Started process (PID=15810) to work on /opt/airflow/dags/flight-pipeline.py
[2026-05-03T22:09:41.669+0000] {processor.py:830} INFO - Processing file /opt/airflow/dags/flight-pipeline.py for tasks to queue
[2026-05-03T22:09:41.671+0000] {logging_mixin.py:188} INFO - [2026-05-03T22:09:41.670+0000] {dagbag.py:545} INFO - Filling up the DagBag from /opt/airflow/dags/flight-pipeline.py
[2026-05-03T22:09:42.359+0000] {processor.py:840} INFO - DAG(s) 'flights_ops_medallion_pipe' retrieved from /opt/airflow/dags/flight-pipeline.py
[2026-05-03T22:09:42.394+0000] {logging_mixin.py:188} INFO - [2026-05-03T22:09:42.393+0000] {dag.py:3089} INFO - Sync 1 DAGs
[2026-05-03T22:09:42.417+0000] {logging_mixin.py:188} INFO - [2026-05-03T22:09:42.417+0000] {dag.py:3947} INFO - Setting next_dagrun for flights_ops_medallion_pipe to 2026-05-03 22:00:00+00:00, run_after=2026-05-03 22:30:00+00:00
[2026-05-03T22:09:42.440+0000] {processor.py:183} INFO - Processing /opt/airflow/dags/flight-pipeline.py took 0.794 seconds
[2026-05-03T22:10:12.774+0000] {processor.py:161} INFO - Started process (PID=15813) to work on /opt/airflow/dags/flight-pipeline.py
[2026-05-03T22:10:12.781+0000] {processor.py:830} INFO - Processing file /opt/airflow/dags/flight-pipeline.py for tasks to queue
[2026-05-03T22:10:12.783+0000] {logging_mixin.py:188} INFO - [2026-05-03T22:10:12.782+0000] {dagbag.py:545} INFO - Filling up the DagBag from /opt/airflow/dags/flight-pipeline.py
[2026-05-03T22:10:14.096+0000] {processor.py:840} INFO - DAG(s) 'flights_ops_medallion_pipe' retrieved from /opt/airflow/dags/flight-pipeline.py
[2026-05-03T22:10:14.161+0000] {logging_mixin.py:188} INFO - [2026-05-03T22:10:14.160+0000] {dag.py:3089} INFO - Sync 1 DAGs
[2026-05-03T22:10:14.207+0000] {logging_mixin.py:188} INFO - [2026-05-03T22:10:14.206+0000] {dag.py:3947} INFO - Setting next_dagrun for flights_ops_medallion_pipe to 2026-05-03 22:00:00+00:00, run_after=2026-05-03 22:30:00+00:00
[2026-05-03T22:10:14.240+0000] {processor.py:183} INFO - Processing /opt/airflow/dags/flight-pipeline.py took 1.481 seconds
[2026-05-03T22:10:44.543+0000] {processor.py:161} INFO - Started process (PID=15816) to work on /opt/airflow/dags/flight-pipeline.py
[2026-05-03T22:10:44.546+0000] {processor.py:830} INFO - Processing file /opt/airflow/dags/flight-pipeline.py for tasks to queue
[2026-05-03T22:10:44.547+0000] {logging_mixin.py:188} INFO - [2026-05-03T22:10:44.547+0000] {dagbag.py:545} INFO - Filling up the DagBag from /opt/airflow/dags/flight-pipeline.py
[2026-05-03T22:10:45.358+0000] {processor.py:840} INFO - DAG(s) 'flights_ops_medallion_pipe' retrieved from /opt/airflow/dags/flight-pipeline.py
[2026-05-03T22:10:45.400+0000] {logging_mixin.py:188} INFO - [2026-05-03T22:10:45.399+0000] {dag.py:3089} INFO - Sync 1 DAGs
[2026-05-03T22:10:45.434+0000] {logging_mixin.py:188} INFO - [2026-05-03T22:10:45.434+0000] {dag.py:3947} INFO - Setting next_dagrun for flights_ops_medallion_pipe to 2026-05-03 22:00:00+00:00, run_after=2026-05-03 22:30:00+00:00
[2026-05-03T22:10:45.457+0000] {processor.py:183} INFO - Processing /opt/airflow/dags/flight-pipeline.py took 0.928 seconds
[2026-05-03T22:11:15.557+0000] {processor.py:161} INFO - Started process (PID=15819) to work on /opt/airflow/dags/flight-pipeline.py
[2026-05-03T22:11:15.561+0000] {processor.py:830} INFO - Processing file /opt/airflow/dags/flight-pipeline.py for tasks to queue
[2026-05-03T22:11:15.562+0000] {logging_mixin.py:188} INFO - [2026-05-03T22:11:15.562+0000] {dagbag.py:545} INFO - Filling up the DagBag from /opt/airflow/dags/flight-pipeline.py
[2026-05-03T22:11:16.340+0000] {processor.py:840} INFO - DAG(s) 'flights_ops_medallion_pipe' retrieved from /opt/airflow/dags/flight-pipeline.py
[2026-05-03T22:11:16.382+0000] {logging_mixin.py:188} INFO - [2026-05-03T22:11:16.381+0000] {dag.py:3089} INFO - Sync 1 DAGs
[2026-05-03T22:11:16.413+0000] {logging_mixin.py:188} INFO - [2026-05-03T22:11:16.412+0000] {dag.py:3947} INFO - Setting next_dagrun for flights_ops_medallion_pipe to 2026-05-03 22:00:00+00:00, run_after=2026-05-03 22:30:00+00:00
[2026-05-03T22:11:16.435+0000] {processor.py:183} INFO - Processing /opt/airflow/dags/flight-pipeline.py took 0.892 seconds
[2026-05-03T22:11:46.691+0000] {processor.py:161} INFO - Started process (PID=15822) to work on /opt/airflow/dags/flight-pipeline.py
[2026-05-03T22:11:46.695+0000] {processor.py:830} INFO - Processing file /opt/airflow/dags/flight-pipeline.py for tasks to queue
[2026-05-03T22:11:46.696+0000] {logging_mixin.py:188} INFO - [2026-05-03T22:11:46.696+0000] {dagbag.py:545} INFO - Filling up the DagBag from /opt/airflow/dags/flight-pipeline.py
[2026-05-03T22:11:47.464+0000] {processor.py:840} INFO - DAG(s) 'flights_ops_medallion_pipe' retrieved from /opt/airflow/dags/flight-pipeline.py
[2026-05-03T22:11:47.510+0000] {logging_mixin.py:188} INFO - [2026-05-03T22:11:47.510+0000] {dag.py:3089} INFO - Sync 1 DAGs
[2026-05-03T22:11:47.541+0000] {logging_mixin.py:188} INFO - [2026-05-03T22:11:47.541+0000] {dag.py:3947} INFO - Setting next_dagrun for flights_ops_medallion_pipe to 2026-05-03 22:00:00+00:00, run_after=2026-05-03 22:30:00+00:00
[2026-05-03T22:11:47.565+0000] {processor.py:183} INFO - Processing /opt/airflow/dags/flight-pipeline.py took 0.883 seconds
[2026-05-03T22:12:17.935+0000] {processor.py:161} INFO - Started process (PID=15825) to work on /opt/airflow/dags/flight-pipeline.py
[2026-05-03T22:12:17.946+0000] {processor.py:830} INFO - Processing file /opt/airflow/dags/flight-pipeline.py for tasks to queue
[2026-05-03T22:12:17.948+0000] {logging_mixin.py:188} INFO - [2026-05-03T22:12:17.948+0000] {dagbag.py:545} INFO - Filling up the DagBag from /opt/airflow/dags/flight-pipeline.py
[2026-05-03T22:12:19.957+0000] {processor.py:840} INFO - DAG(s) 'flights_ops_medallion_pipe' retrieved from /opt/airflow/dags/flight-pipeline.py
[2026-05-03T22:12:20.057+0000] {logging_mixin.py:188} INFO - [2026-05-03T22:12:20.056+0000] {dag.py:3089} INFO - Sync 1 DAGs
[2026-05-03T22:12:20.128+0000] {logging_mixin.py:188} INFO - [2026-05-03T22:12:20.127+0000] {dag.py:3947} INFO - Setting next_dagrun for flights_ops_medallion_pipe to 2026-05-03 22:00:00+00:00, run_after=2026-05-03 22:30:00+00:00
[2026-05-03T22:12:20.175+0000] {processor.py:183} INFO - Processing /opt/airflow/dags/flight-pipeline.py took 2.257 seconds
[2026-05-03T22:12:50.690+0000] {processor.py:161} INFO - Started process (PID=15828) to work on /opt/airflow/dags/flight-pipeline.py
[2026-05-03T22:12:50.708+0000] {processor.py:830} INFO - Processing file /opt/airflow/dags/flight-pipeline.py for tasks to queue
[2026-05-03T22:12:50.712+0000] {logging_mixin.py:188} INFO - [2026-05-03T22:12:50.711+0000] {dagbag.py:545} INFO - Filling up the DagBag from /opt/airflow/dags/flight-pipeline.py
[2026-05-03T22:12:51.835+0000] {processor.py:840} INFO - DAG(s) 'flights_ops_medallion_pipe' retrieved from /opt/airflow/dags/flight-pipeline.py
[2026-05-03T22:12:51.900+0000] {logging_mixin.py:188} INFO - [2026-05-03T22:12:51.900+0000] {dag.py:3089} INFO - Sync 1 DAGs
[2026-05-03T22:12:51.945+0000] {logging_mixin.py:188} INFO - [2026-05-03T22:12:51.945+0000] {dag.py:3947} INFO - Setting next_dagrun for flights_ops_medallion_pipe to 2026-05-03 22:00:00+00:00, run_after=2026-05-03 22:30:00+00:00
[2026-05-03T22:12:51.973+0000] {processor.py:183} INFO - Processing /opt/airflow/dags/flight-pipeline.py took 1.298 seconds
[2026-05-03T22:13:22.837+0000] {processor.py:161} INFO - Started process (PID=15831) to work on /opt/airflow/dags/flight-pipeline.py
[2026-05-03T22:13:22.858+0000] {processor.py:830} INFO - Processing file /opt/airflow/dags/flight-pipeline.py for tasks to queue
[2026-05-03T22:13:22.862+0000] {logging_mixin.py:188} INFO - [2026-05-03T22:13:22.861+0000] {dagbag.py:545} INFO - Filling up the DagBag from /opt/airflow/dags/flight-pipeline.py
[2026-05-03T22:13:24.926+0000] {processor.py:840} INFO - DAG(s) 'flights_ops_medallion_pipe' retrieved from /opt/airflow/dags/flight-pipeline.py
[2026-05-03T22:13:25.034+0000] {logging_mixin.py:188} INFO - [2026-05-03T22:13:25.033+0000] {dag.py:3089} INFO - Sync 1 DAGs
[2026-05-03T22:13:25.106+0000] {logging_mixin.py:188} INFO - [2026-05-03T22:13:25.105+0000] {dag.py:3947} INFO - Setting next_dagrun for flights_ops_medallion_pipe to 2026-05-03 22:00:00+00:00, run_after=2026-05-03 22:30:00+00:00
[2026-05-03T22:13:25.177+0000] {processor.py:183} INFO - Processing /opt/airflow/dags/flight-pipeline.py took 2.364 seconds
[2026-05-03T22:13:55.376+0000] {processor.py:161} INFO - Started process (PID=15834) to work on /opt/airflow/dags/flight-pipeline.py
[2026-05-03T22:13:55.383+0000] {processor.py:830} INFO - Processing file /opt/airflow/dags/flight-pipeline.py for tasks to queue
[2026-05-03T22:13:55.384+0000] {logging_mixin.py:188} INFO - [2026-05-03T22:13:55.384+0000] {dagbag.py:545} INFO - Filling up the DagBag from /opt/airflow/dags/flight-pipeline.py
[2026-05-03T22:13:56.523+0000] {processor.py:840} INFO - DAG(s) 'flights_ops_medallion_pipe' retrieved from /opt/airflow/dags/flight-pipeline.py
[2026-05-03T22:13:56.598+0000] {logging_mixin.py:188} INFO - [2026-05-03T22:13:56.597+0000] {dag.py:3089} INFO - Sync 1 DAGs
[2026-05-03T22:13:56.685+0000] {logging_mixin.py:188} INFO - [2026-05-03T22:13:56.684+0000] {dag.py:3947} INFO - Setting next_dagrun for flights_ops_medallion_pipe to 2026-05-03 22:00:00+00:00, run_after=2026-05-03 22:30:00+00:00
[2026-05-03T22:13:56.770+0000] {processor.py:183} INFO - Processing /opt/airflow/dags/flight-pipeline.py took 1.408 seconds
[2026-05-03T22:14:27.217+0000] {processor.py:161} INFO - Started process (PID=15837) to work on /opt/airflow/dags/flight-pipeline.py
[2026-05-03T22:14:27.228+0000] {processor.py:830} INFO - Processing file /opt/airflow/dags/flight-pipeline.py for tasks to queue
[2026-05-03T22:14:27.230+0000] {logging_mixin.py:188} INFO - [2026-05-03T22:14:27.229+0000] {dagbag.py:545} INFO - Filling up the DagBag from /opt/airflow/dags/flight-pipeline.py
[2026-05-03T22:14:29.034+0000] {processor.py:840} INFO - DAG(s) 'flights_ops_medallion_pipe' retrieved from /opt/airflow/dags/flight-pipeline.py
[2026-05-03T22:14:29.115+0000] {logging_mixin.py:188} INFO - [2026-05-03T22:14:29.114+0000] {dag.py:3089} INFO - Sync 1 DAGs
[2026-05-03T22:14:29.165+0000] {logging_mixin.py:188} INFO - [2026-05-03T22:14:29.165+0000] {dag.py:3947} INFO - Setting next_dagrun for flights_ops_medallion_pipe to 2026-05-03 22:00:00+00:00, run_after=2026-05-03 22:30:00+00:00
[2026-05-03T22:14:29.200+0000] {processor.py:183} INFO - Processing /opt/airflow/dags/flight-pipeline.py took 2.006 seconds
[2026-05-03T22:14:59.525+0000] {processor.py:161} INFO - Started process (PID=15840) to work on /opt/airflow/dags/flight-pipeline.py
[2026-05-03T22:14:59.531+0000] {processor.py:830} INFO - Processing file /opt/airflow/dags/flight-pipeline.py for tasks to queue
[2026-05-03T22:14:59.533+0000] {logging_mixin.py:188} INFO - [2026-05-03T22:14:59.533+0000] {dagbag.py:545} INFO - Filling up the DagBag from /opt/airflow/dags/flight-pipeline.py
[2026-05-03T22:15:00.656+0000] {processor.py:840} INFO - DAG(s) 'flights_ops_medallion_pipe' retrieved from /opt/airflow/dags/flight-pipeline.py
[2026-05-03T22:15:00.734+0000] {logging_mixin.py:188} INFO - [2026-05-03T22:15:00.732+0000] {dag.py:3089} INFO - Sync 1 DAGs
[2026-05-03T22:15:00.779+0000] {logging_mixin.py:188} INFO - [2026-05-03T22:15:00.778+0000] {dag.py:3947} INFO - Setting next_dagrun for flights_ops_medallion_pipe to 2026-05-03 22:00:00+00:00, run_after=2026-05-03 22:30:00+00:00
[2026-05-03T22:15:00.818+0000] {processor.py:183} INFO - Processing /opt/airflow/dags/flight-pipeline.py took 1.312 seconds
[2026-05-03T22:15:31.094+0000] {processor.py:161} INFO - Started process (PID=15843) to work on /opt/airflow/dags/flight-pipeline.py
[2026-05-03T22:15:31.104+0000] {processor.py:830} INFO - Processing file /opt/airflow/dags/flight-pipeline.py for tasks to queue
[2026-05-03T22:15:31.109+0000] {logging_mixin.py:188} INFO - [2026-05-03T22:15:31.106+0000] {dagbag.py:545} INFO - Filling up the DagBag from /opt/airflow/dags/flight-pipeline.py
[2026-05-03T22:15:32.616+0000] {processor.py:840} INFO - DAG(s) 'flights_ops_medallion_pipe' retrieved from /opt/airflow/dags/flight-pipeline.py
[2026-05-03T22:15:32.682+0000] {logging_mixin.py:188} INFO - [2026-05-03T22:15:32.681+0000] {dag.py:3089} INFO - Sync 1 DAGs
[2026-05-03T22:15:32.731+0000] {logging_mixin.py:188} INFO - [2026-05-03T22:15:32.731+0000] {dag.py:3947} INFO - Setting next_dagrun for flights_ops_medallion_pipe to 2026-05-03 22:00:00+00:00, run_after=2026-05-03 22:30:00+00:00
[2026-05-03T22:15:32.770+0000] {processor.py:183} INFO - Processing /opt/airflow/dags/flight-pipeline.py took 1.691 seconds
[2026-05-03T22:16:03.042+0000] {processor.py:161} INFO - Started process (PID=15846) to work on /opt/airflow/dags/flight-pipeline.py
[2026-05-03T22:16:03.044+0000] {processor.py:830} INFO - Processing file /opt/airflow/dags/flight-pipeline.py for tasks to queue
[2026-05-03T22:16:03.046+0000] {logging_mixin.py:188} INFO - [2026-05-03T22:16:03.045+0000] {dagbag.py:545} INFO - Filling up the DagBag from /opt/airflow/dags/flight-pipeline.py
[2026-05-03T22:16:04.383+0000] {processor.py:840} INFO - DAG(s) 'flights_ops_medallion_pipe' retrieved from /opt/airflow/dags/flight-pipeline.py
[2026-05-03T22:16:04.451+0000] {logging_mixin.py:188} INFO - [2026-05-03T22:16:04.450+0000] {dag.py:3089} INFO - Sync 1 DAGs
[2026-05-03T22:16:04.500+0000] {logging_mixin.py:188} INFO - [2026-05-03T22:16:04.499+0000] {dag.py:3947} INFO - Setting next_dagrun for flights_ops_medallion_pipe to 2026-05-03 22:00:00+00:00, run_after=2026-05-03 22:30:00+00:00
[2026-05-03T22:16:04.537+0000] {processor.py:183} INFO - Processing /opt/airflow/dags/flight-pipeline.py took 1.511 seconds
[2026-05-03T22:16:34.797+0000] {processor.py:161} INFO - Started process (PID=15849) to work on /opt/airflow/dags/flight-pipeline.py
[2026-05-03T22:16:34.801+0000] {processor.py:830} INFO - Processing file /opt/airflow/dags/flight-pipeline.py for tasks to queue
[2026-05-03T22:16:34.803+0000] {logging_mixin.py:188} INFO - [2026-05-03T22:16:34.802+0000] {dagbag.py:545} INFO - Filling up the DagBag from /opt/airflow/dags/flight-pipeline.py
[2026-05-03T22:16:36.343+0000] {processor.py:840} INFO - DAG(s) 'flights_ops_medallion_pipe' retrieved from /opt/airflow/dags/flight-pipeline.py
[2026-05-03T22:16:36.424+0000] {logging_mixin.py:188} INFO - [2026-05-03T22:16:36.423+0000] {dag.py:3089} INFO - Sync 1 DAGs
[2026-05-03T22:16:36.474+0000] {logging_mixin.py:188} INFO - [2026-05-03T22:16:36.474+0000] {dag.py:3947} INFO - Setting next_dagrun for flights_ops_medallion_pipe to 2026-05-03 22:00:00+00:00, run_after=2026-05-03 22:30:00+00:00
[2026-05-03T22:16:36.516+0000] {processor.py:183} INFO - Processing /opt/airflow/dags/flight-pipeline.py took 1.736 seconds
[2026-05-03T22:17:06.980+0000] {processor.py:161} INFO - Started process (PID=15852) to work on /opt/airflow/dags/flight-pipeline.py
[2026-05-03T22:17:06.985+0000] {processor.py:830} INFO - Processing file /opt/airflow/dags/flight-pipeline.py for tasks to queue
[2026-05-03T22:17:06.987+0000] {logging_mixin.py:188} INFO - [2026-05-03T22:17:06.987+0000] {dagbag.py:545} INFO - Filling up the DagBag from /opt/airflow/dags/flight-pipeline.py
[2026-05-03T22:17:08.166+0000] {processor.py:840} INFO - DAG(s) 'flights_ops_medallion_pipe' retrieved from /opt/airflow/dags/flight-pipeline.py
[2026-05-03T22:17:08.228+0000] {logging_mixin.py:188} INFO - [2026-05-03T22:17:08.227+0000] {dag.py:3089} INFO - Sync 1 DAGs
[2026-05-03T22:17:08.271+0000] {logging_mixin.py:188} INFO - [2026-05-03T22:17:08.270+0000] {dag.py:3947} INFO - Setting next_dagrun for flights_ops_medallion_pipe to 2026-05-03 22:00:00+00:00, run_after=2026-05-03 22:30:00+00:00
[2026-05-03T22:17:08.303+0000] {processor.py:183} INFO - Processing /opt/airflow/dags/flight-pipeline.py took 1.337 seconds
[2026-05-03T22:17:38.561+0000] {processor.py:161} INFO - Started process (PID=15855) to work on /opt/airflow/dags/flight-pipeline.py
[2026-05-03T22:17:38.565+0000] {processor.py:830} INFO - Processing file /opt/airflow/dags/flight-pipeline.py for tasks to queue
[2026-05-03T22:17:38.566+0000] {logging_mixin.py:188} INFO - [2026-05-03T22:17:38.565+0000] {dagbag.py:545} INFO - Filling up the DagBag from /opt/airflow/dags/flight-pipeline.py
[2026-05-03T22:17:39.269+0000] {processor.py:840} INFO - DAG(s) 'flights_ops_medallion_pipe' retrieved from /opt/airflow/dags/flight-pipeline.py
[2026-05-03T22:17:39.305+0000] {logging_mixin.py:188} INFO - [2026-05-03T22:17:39.304+0000] {dag.py:3089} INFO - Sync 1 DAGs
[2026-05-03T22:17:39.329+0000] {logging_mixin.py:188} INFO - [2026-05-03T22:17:39.329+0000] {dag.py:3947} INFO - Setting next_dagrun for flights_ops_medallion_pipe to 2026-05-03 22:00:00+00:00, run_after=2026-05-03 22:30:00+00:00
[2026-05-03T22:17:39.349+0000] {processor.py:183} INFO - Processing /opt/airflow/dags/flight-pipeline.py took 0.797 seconds
[2026-05-03T22:18:09.472+0000] {processor.py:161} INFO - Started process (PID=15858) to work on /opt/airflow/dags/flight-pipeline.py
[2026-05-03T22:18:09.476+0000] {processor.py:830} INFO - Processing file /opt/airflow/dags/flight-pipeline.py for tasks to queue
[2026-05-03T22:18:09.477+0000] {logging_mixin.py:188} INFO - [2026-05-03T22:18:09.477+0000] {dagbag.py:545} INFO - Filling up the DagBag from /opt/airflow/dags/flight-pipeline.py
[2026-05-03T22:18:10.174+0000] {processor.py:840} INFO - DAG(s) 'flights_ops_medallion_pipe' retrieved from /opt/airflow/dags/flight-pipeline.py
[2026-05-03T22:18:10.213+0000] {logging_mixin.py:188} INFO - [2026-05-03T22:18:10.212+0000] {dag.py:3089} INFO - Sync 1 DAGs
[2026-05-03T22:18:10.238+0000] {logging_mixin.py:188} INFO - [2026-05-03T22:18:10.238+0000] {dag.py:3947} INFO - Setting next_dagrun for flights_ops_medallion_pipe to 2026-05-03 22:00:00+00:00, run_after=2026-05-03 22:30:00+00:00
[2026-05-03T22:18:10.259+0000] {processor.py:183} INFO - Processing /opt/airflow/dags/flight-pipeline.py took 0.797 seconds
[2026-05-03T22:18:40.522+0000] {processor.py:161} INFO - Started process (PID=15861) to work on /opt/airflow/dags/flight-pipeline.py
[2026-05-03T22:18:40.526+0000] {processor.py:830} INFO - Processing file /opt/airflow/dags/flight-pipeline.py for tasks to queue
[2026-05-03T22:18:40.527+0000] {logging_mixin.py:188} INFO - [2026-05-03T22:18:40.526+0000] {dagbag.py:545} INFO - Filling up the DagBag from /opt/airflow/dags/flight-pipeline.py
[2026-05-03T22:18:41.240+0000] {processor.py:840} INFO - DAG(s) 'flights_ops_medallion_pipe' retrieved from /opt/airflow/dags/flight-pipeline.py
[2026-05-03T22:18:41.277+0000] {logging_mixin.py:188} INFO - [2026-05-03T22:18:41.276+0000] {dag.py:3089} INFO - Sync 1 DAGs
[2026-05-03T22:18:41.303+0000] {logging_mixin.py:188} INFO - [2026-05-03T22:18:41.303+0000] {dag.py:3947} INFO - Setting next_dagrun for flights_ops_medallion_pipe to 2026-05-03 22:00:00+00:00, run_after=2026-05-03 22:30:00+00:00
[2026-05-03T22:18:41.324+0000] {processor.py:183} INFO - Processing /opt/airflow/dags/flight-pipeline.py took 0.810 seconds
[2026-05-03T22:19:11.595+0000] {processor.py:161} INFO - Started process (PID=15864) to work on /opt/airflow/dags/flight-pipeline.py
[2026-05-03T22:19:11.599+0000] {processor.py:830} INFO - Processing file /opt/airflow/dags/flight-pipeline.py for tasks to queue
[2026-05-03T22:19:11.600+0000] {logging_mixin.py:188} INFO - [2026-05-03T22:19:11.600+0000] {dagbag.py:545} INFO - Filling up the DagBag from /opt/airflow/dags/flight-pipeline.py
[2026-05-03T22:19:12.297+0000] {processor.py:840} INFO - DAG(s) 'flights_ops_medallion_pipe' retrieved from /opt/airflow/dags/flight-pipeline.py
[2026-05-03T22:19:12.334+0000] {logging_mixin.py:188} INFO - [2026-05-03T22:19:12.334+0000] {dag.py:3089} INFO - Sync 1 DAGs
[2026-05-03T22:19:12.361+0000] {logging_mixin.py:188} INFO - [2026-05-03T22:19:12.361+0000] {dag.py:3947} INFO - Setting next_dagrun for flights_ops_medallion_pipe to 2026-05-03 22:00:00+00:00, run_after=2026-05-03 22:30:00+00:00
[2026-05-03T22:19:12.382+0000] {processor.py:183} INFO - Processing /opt/airflow/dags/flight-pipeline.py took 0.796 seconds
[2026-05-03T22:19:42.630+0000] {processor.py:161} INFO - Started process (PID=15867) to work on /opt/airflow/dags/flight-pipeline.py
[2026-05-03T22:19:42.634+0000] {processor.py:830} INFO - Processing file /opt/airflow/dags/flight-pipeline.py for tasks to queue
[2026-05-03T22:19:42.635+0000] {logging_mixin.py:188} INFO - [2026-05-03T22:19:42.634+0000] {dagbag.py:545} INFO - Filling up the DagBag from /opt/airflow/dags/flight-pipeline.py
[2026-05-03T22:19:43.330+0000] {processor.py:840} INFO - DAG(s) 'flights_ops_medallion_pipe' retrieved from /opt/airflow/dags/flight-pipeline.py
[2026-05-03T22:19:43.370+0000] {logging_mixin.py:188} INFO - [2026-05-03T22:19:43.369+0000] {dag.py:3089} INFO - Sync 1 DAGs
[2026-05-03T22:19:43.399+0000] {logging_mixin.py:188} INFO - [2026-05-03T22:19:43.399+0000] {dag.py:3947} INFO - Setting next_dagrun for flights_ops_medallion_pipe to 2026-05-03 22:00:00+00:00, run_after=2026-05-03 22:30:00+00:00
[2026-05-03T22:19:43.420+0000] {processor.py:183} INFO - Processing /opt/airflow/dags/flight-pipeline.py took 0.798 seconds
[2026-05-03T22:20:13.602+0000] {processor.py:161} INFO - Started process (PID=15870) to work on /opt/airflow/dags/flight-pipeline.py
[2026-05-03T22:20:13.612+0000] {processor.py:830} INFO - Processing file /opt/airflow/dags/flight-pipeline.py for tasks to queue
[2026-05-03T22:20:13.615+0000] {logging_mixin.py:188} INFO - [2026-05-03T22:20:13.614+0000] {dagbag.py:545} INFO - Filling up the DagBag from /opt/airflow/dags/flight-pipeline.py
[2026-05-03T22:20:14.340+0000] {processor.py:840} INFO - DAG(s) 'flights_ops_medallion_pipe' retrieved from /opt/airflow/dags/flight-pipeline.py
[2026-05-03T22:20:14.377+0000] {logging_mixin.py:188} INFO - [2026-05-03T22:20:14.376+0000] {dag.py:3089} INFO - Sync 1 DAGs
[2026-05-03T22:20:14.404+0000] {logging_mixin.py:188} INFO - [2026-05-03T22:20:14.404+0000] {dag.py:3947} INFO - Setting next_dagrun for flights_ops_medallion_pipe to 2026-05-03 22:00:00+00:00, run_after=2026-05-03 22:30:00+00:00
[2026-05-03T22:20:14.425+0000] {processor.py:183} INFO - Processing /opt/airflow/dags/flight-pipeline.py took 0.833 seconds
[2026-05-03T22:20:44.701+0000] {processor.py:161} INFO - Started process (PID=15873) to work on /opt/airflow/dags/flight-pipeline.py
[2026-05-03T22:20:44.705+0000] {processor.py:830} INFO - Processing file /opt/airflow/dags/flight-pipeline.py for tasks to queue
[2026-05-03T22:20:44.707+0000] {logging_mixin.py:188} INFO - [2026-05-03T22:20:44.706+0000] {dagbag.py:545} INFO - Filling up the DagBag from /opt/airflow/dags/flight-pipeline.py
[2026-05-03T22:20:45.443+0000] {processor.py:840} INFO - DAG(s) 'flights_ops_medallion_pipe' retrieved from /opt/airflow/dags/flight-pipeline.py
[2026-05-03T22:20:45.488+0000] {logging_mixin.py:188} INFO - [2026-05-03T22:20:45.487+0000] {dag.py:3089} INFO - Sync 1 DAGs
[2026-05-03T22:20:45.516+0000] {logging_mixin.py:188} INFO - [2026-05-03T22:20:45.515+0000] {dag.py:3947} INFO - Setting next_dagrun for flights_ops_medallion_pipe to 2026-05-03 22:00:00+00:00, run_after=2026-05-03 22:30:00+00:00
[2026-05-03T22:20:45.538+0000] {processor.py:183} INFO - Processing /opt/airflow/dags/flight-pipeline.py took 0.847 seconds
[2026-05-03T22:21:15.818+0000] {processor.py:161} INFO - Started process (PID=15876) to work on /opt/airflow/dags/flight-pipeline.py
[2026-05-03T22:21:15.823+0000] {processor.py:830} INFO - Processing file /opt/airflow/dags/flight-pipeline.py for tasks to queue
[2026-05-03T22:21:15.824+0000] {logging_mixin.py:188} INFO - [2026-05-03T22:21:15.824+0000] {dagbag.py:545} INFO - Filling up the DagBag from /opt/airflow/dags/flight-pipeline.py
[2026-05-03T22:21:16.519+0000] {processor.py:840} INFO - DAG(s) 'flights_ops_medallion_pipe' retrieved from /opt/airflow/dags/flight-pipeline.py
[2026-05-03T22:21:16.553+0000] {logging_mixin.py:188} INFO - [2026-05-03T22:21:16.552+0000] {dag.py:3089} INFO - Sync 1 DAGs
[2026-05-03T22:21:16.577+0000] {logging_mixin.py:188} INFO - [2026-05-03T22:21:16.577+0000] {dag.py:3947} INFO - Setting next_dagrun for flights_ops_medallion_pipe to 2026-05-03 22:00:00+00:00, run_after=2026-05-03 22:30:00+00:00
[2026-05-03T22:21:16.598+0000] {processor.py:183} INFO - Processing /opt/airflow/dags/flight-pipeline.py took 0.790 seconds
[2026-05-03T22:21:46.877+0000] {processor.py:161} INFO - Started process (PID=15879) to work on /opt/airflow/dags/flight-pipeline.py
[2026-05-03T22:21:46.882+0000] {processor.py:830} INFO - Processing file /opt/airflow/dags/flight-pipeline.py for tasks to queue
[2026-05-03T22:21:46.884+0000] {logging_mixin.py:188} INFO - [2026-05-03T22:21:46.883+0000] {dagbag.py:545} INFO - Filling up the DagBag from /opt/airflow/dags/flight-pipeline.py
[2026-05-03T22:21:47.749+0000] {processor.py:840} INFO - DAG(s) 'flights_ops_medallion_pipe' retrieved from /opt/airflow/dags/flight-pipeline.py
[2026-05-03T22:21:47.795+0000] {logging_mixin.py:188} INFO - [2026-05-03T22:21:47.794+0000] {dag.py:3089} INFO - Sync 1 DAGs
[2026-05-03T22:21:47.828+0000] {logging_mixin.py:188} INFO - [2026-05-03T22:21:47.827+0000] {dag.py:3947} INFO - Setting next_dagrun for flights_ops_medallion_pipe to 2026-05-03 22:00:00+00:00, run_after=2026-05-03 22:30:00+00:00
[2026-05-03T22:21:47.854+0000] {processor.py:183} INFO - Processing /opt/airflow/dags/flight-pipeline.py took 0.993 seconds
[2026-05-03T22:22:18.157+0000] {processor.py:161} INFO - Started process (PID=15882) to work on /opt/airflow/dags/flight-pipeline.py
[2026-05-03T22:22:18.161+0000] {processor.py:830} INFO - Processing file /opt/airflow/dags/flight-pipeline.py for tasks to queue
[2026-05-03T22:22:18.162+0000] {logging_mixin.py:188} INFO - [2026-05-03T22:22:18.162+0000] {dagbag.py:545} INFO - Filling up the DagBag from /opt/airflow/dags/flight-pipeline.py
[2026-05-03T22:22:18.884+0000] {processor.py:840} INFO - DAG(s) 'flights_ops_medallion_pipe' retrieved from /opt/airflow/dags/flight-pipeline.py
[2026-05-03T22:22:18.923+0000] {logging_mixin.py:188} INFO - [2026-05-03T22:22:18.923+0000] {dag.py:3089} INFO - Sync 1 DAGs
[2026-05-03T22:22:18.948+0000] {logging_mixin.py:188} INFO - [2026-05-03T22:22:18.948+0000] {dag.py:3947} INFO - Setting next_dagrun for flights_ops_medallion_pipe to 2026-05-03 22:00:00+00:00, run_after=2026-05-03 22:30:00+00:00
[2026-05-03T22:22:18.969+0000] {processor.py:183} INFO - Processing /opt/airflow/dags/flight-pipeline.py took 0.821 seconds
[2026-05-03T22:22:49.228+0000] {processor.py:161} INFO - Started process (PID=15885) to work on /opt/airflow/dags/flight-pipeline.py
[2026-05-03T22:22:49.232+0000] {processor.py:830} INFO - Processing file /opt/airflow/dags/flight-pipeline.py for tasks to queue
[2026-05-03T22:22:49.235+0000] {logging_mixin.py:188} INFO - [2026-05-03T22:22:49.233+0000] {dagbag.py:545} INFO - Filling up the DagBag from /opt/airflow/dags/flight-pipeline.py
[2026-05-03T22:22:49.969+0000] {processor.py:840} INFO - DAG(s) 'flights_ops_medallion_pipe' retrieved from /opt/airflow/dags/flight-pipeline.py
[2026-05-03T22:22:50.010+0000] {logging_mixin.py:188} INFO - [2026-05-03T22:22:50.010+0000] {dag.py:3089} INFO - Sync 1 DAGs
[2026-05-03T22:22:50.036+0000] {logging_mixin.py:188} INFO - [2026-05-03T22:22:50.036+0000] {dag.py:3947} INFO - Setting next_dagrun for flights_ops_medallion_pipe to 2026-05-03 22:00:00+00:00, run_after=2026-05-03 22:30:00+00:00
[2026-05-03T22:22:50.055+0000] {processor.py:183} INFO - Processing /opt/airflow/dags/flight-pipeline.py took 0.835 seconds
[2026-05-03T22:23:20.329+0000] {processor.py:161} INFO - Started process (PID=15888) to work on /opt/airflow/dags/flight-pipeline.py
[2026-05-03T22:23:20.333+0000] {processor.py:830} INFO - Processing file /opt/airflow/dags/flight-pipeline.py for tasks to queue
[2026-05-03T22:23:20.334+0000] {logging_mixin.py:188} INFO - [2026-05-03T22:23:20.334+0000] {dagbag.py:545} INFO - Filling up the DagBag from /opt/airflow/dags/flight-pipeline.py
[2026-05-03T22:23:21.048+0000] {processor.py:840} INFO - DAG(s) 'flights_ops_medallion_pipe' retrieved from /opt/airflow/dags/flight-pipeline.py
[2026-05-03T22:23:21.089+0000] {logging_mixin.py:188} INFO - [2026-05-03T22:23:21.088+0000] {dag.py:3089} INFO - Sync 1 DAGs
[2026-05-03T22:23:21.115+0000] {logging_mixin.py:188} INFO - [2026-05-03T22:23:21.115+0000] {dag.py:3947} INFO - Setting next_dagrun for flights_ops_medallion_pipe to 2026-05-03 22:00:00+00:00, run_after=2026-05-03 22:30:00+00:00
[2026-05-03T22:23:21.137+0000] {processor.py:183} INFO - Processing /opt/airflow/dags/flight-pipeline.py took 0.817 seconds
[2026-05-03T22:23:51.403+0000] {processor.py:161} INFO - Started process (PID=15891) to work on /opt/airflow/dags/flight-pipeline.py
[2026-05-03T22:23:51.407+0000] {processor.py:830} INFO - Processing file /opt/airflow/dags/flight-pipeline.py for tasks to queue
[2026-05-03T22:23:51.408+0000] {logging_mixin.py:188} INFO - [2026-05-03T22:23:51.408+0000] {dagbag.py:545} INFO - Filling up the DagBag from /opt/airflow/dags/flight-pipeline.py
[2026-05-03T22:23:52.105+0000] {processor.py:840} INFO - DAG(s) 'flights_ops_medallion_pipe' retrieved from /opt/airflow/dags/flight-pipeline.py
[2026-05-03T22:23:52.145+0000] {logging_mixin.py:188} INFO - [2026-05-03T22:23:52.144+0000] {dag.py:3089} INFO - Sync 1 DAGs
[2026-05-03T22:23:52.171+0000] {logging_mixin.py:188} INFO - [2026-05-03T22:23:52.171+0000] {dag.py:3947} INFO - Setting next_dagrun for flights_ops_medallion_pipe to 2026-05-03 22:00:00+00:00, run_after=2026-05-03 22:30:00+00:00
[2026-05-03T22:23:52.193+0000] {processor.py:183} INFO - Processing /opt/airflow/dags/flight-pipeline.py took 0.799 seconds
[2026-05-03T22:24:22.465+0000] {processor.py:161} INFO - Started process (PID=15894) to work on /opt/airflow/dags/flight-pipeline.py
[2026-05-03T22:24:22.469+0000] {processor.py:830} INFO - Processing file /opt/airflow/dags/flight-pipeline.py for tasks to queue
[2026-05-03T22:24:22.470+0000] {logging_mixin.py:188} INFO - [2026-05-03T22:24:22.470+0000] {dagbag.py:545} INFO - Filling up the DagBag from /opt/airflow/dags/flight-pipeline.py
[2026-05-03T22:24:23.220+0000] {processor.py:840} INFO - DAG(s) 'flights_ops_medallion_pipe' retrieved from /opt/airflow/dags/flight-pipeline.py
[2026-05-03T22:24:23.260+0000] {logging_mixin.py:188} INFO - [2026-05-03T22:24:23.260+0000] {dag.py:3089} INFO - Sync 1 DAGs
[2026-05-03T22:24:23.288+0000] {logging_mixin.py:188} INFO - [2026-05-03T22:24:23.287+0000] {dag.py:3947} INFO - Setting next_dagrun for flights_ops_medallion_pipe to 2026-05-03 22:00:00+00:00, run_after=2026-05-03 22:30:00+00:00
[2026-05-03T22:24:23.312+0000] {processor.py:183} INFO - Processing /opt/airflow/dags/flight-pipeline.py took 0.856 seconds
[2026-05-03T22:24:53.576+0000] {processor.py:161} INFO - Started process (PID=15897) to work on /opt/airflow/dags/flight-pipeline.py
[2026-05-03T22:24:53.582+0000] {processor.py:830} INFO - Processing file /opt/airflow/dags/flight-pipeline.py for tasks to queue
[2026-05-03T22:24:53.584+0000] {logging_mixin.py:188} INFO - [2026-05-03T22:24:53.583+0000] {dagbag.py:545} INFO - Filling up the DagBag from /opt/airflow/dags/flight-pipeline.py
[2026-05-03T22:24:54.632+0000] {processor.py:840} INFO - DAG(s) 'flights_ops_medallion_pipe' retrieved from /opt/airflow/dags/flight-pipeline.py
[2026-05-03T22:24:54.677+0000] {logging_mixin.py:188} INFO - [2026-05-03T22:24:54.677+0000] {dag.py:3089} INFO - Sync 1 DAGs
[2026-05-03T22:24:54.710+0000] {logging_mixin.py:188} INFO - [2026-05-03T22:24:54.710+0000] {dag.py:3947} INFO - Setting next_dagrun for flights_ops_medallion_pipe to 2026-05-03 22:00:00+00:00, run_after=2026-05-03 22:30:00+00:00
[2026-05-03T22:24:54.734+0000] {processor.py:183} INFO - Processing /opt/airflow/dags/flight-pipeline.py took 1.168 seconds
[2026-05-03T22:25:24.870+0000] {processor.py:161} INFO - Started process (PID=15900) to work on /opt/airflow/dags/flight-pipeline.py
[2026-05-03T22:25:24.877+0000] {processor.py:830} INFO - Processing file /opt/airflow/dags/flight-pipeline.py for tasks to queue
[2026-05-03T22:25:24.879+0000] {logging_mixin.py:188} INFO - [2026-05-03T22:25:24.879+0000] {dagbag.py:545} INFO - Filling up the DagBag from /opt/airflow/dags/flight-pipeline.py
[2026-05-03T22:25:26.273+0000] {processor.py:840} INFO - DAG(s) 'flights_ops_medallion_pipe' retrieved from /opt/airflow/dags/flight-pipeline.py
[2026-05-03T22:25:26.342+0000] {logging_mixin.py:188} INFO - [2026-05-03T22:25:26.341+0000] {dag.py:3089} INFO - Sync 1 DAGs
[2026-05-03T22:25:26.388+0000] {logging_mixin.py:188} INFO - [2026-05-03T22:25:26.387+0000] {dag.py:3947} INFO - Setting next_dagrun for flights_ops_medallion_pipe to 2026-05-03 22:00:00+00:00, run_after=2026-05-03 22:30:00+00:00
[2026-05-03T22:25:26.425+0000] {processor.py:183} INFO - Processing /opt/airflow/dags/flight-pipeline.py took 1.578 seconds
[2026-05-03T22:25:56.715+0000] {processor.py:161} INFO - Started process (PID=15903) to work on /opt/airflow/dags/flight-pipeline.py
[2026-05-03T22:25:56.730+0000] {processor.py:830} INFO - Processing file /opt/airflow/dags/flight-pipeline.py for tasks to queue
[2026-05-03T22:25:56.731+0000] {logging_mixin.py:188} INFO - [2026-05-03T22:25:56.731+0000] {dagbag.py:545} INFO - Filling up the DagBag from /opt/airflow/dags/flight-pipeline.py
[2026-05-03T22:25:57.552+0000] {processor.py:840} INFO - DAG(s) 'flights_ops_medallion_pipe' retrieved from /opt/airflow/dags/flight-pipeline.py
[2026-05-03T22:25:57.593+0000] {logging_mixin.py:188} INFO - [2026-05-03T22:25:57.592+0000] {dag.py:3089} INFO - Sync 1 DAGs
[2026-05-03T22:25:57.624+0000] {logging_mixin.py:188} INFO - [2026-05-03T22:25:57.623+0000] {dag.py:3947} INFO - Setting next_dagrun for flights_ops_medallion_pipe to 2026-05-03 22:00:00+00:00, run_after=2026-05-03 22:30:00+00:00
[2026-05-03T22:25:57.647+0000] {processor.py:183} INFO - Processing /opt/airflow/dags/flight-pipeline.py took 0.944 seconds
[2026-05-03T22:26:27.924+0000] {processor.py:161} INFO - Started process (PID=15906) to work on /opt/airflow/dags/flight-pipeline.py
[2026-05-03T22:26:27.929+0000] {processor.py:830} INFO - Processing file /opt/airflow/dags/flight-pipeline.py for tasks to queue
[2026-05-03T22:26:27.930+0000] {logging_mixin.py:188} INFO - [2026-05-03T22:26:27.930+0000] {dagbag.py:545} INFO - Filling up the DagBag from /opt/airflow/dags/flight-pipeline.py
[2026-05-03T22:26:28.867+0000] {processor.py:840} INFO - DAG(s) 'flights_ops_medallion_pipe' retrieved from /opt/airflow/dags/flight-pipeline.py
[2026-05-03T22:26:28.924+0000] {logging_mixin.py:188} INFO - [2026-05-03T22:26:28.923+0000] {dag.py:3089} INFO - Sync 1 DAGs
[2026-05-03T22:26:28.997+0000] {logging_mixin.py:188} INFO - [2026-05-03T22:26:28.996+0000] {dag.py:3947} INFO - Setting next_dagrun for flights_ops_medallion_pipe to 2026-05-03 22:00:00+00:00, run_after=2026-05-03 22:30:00+00:00
[2026-05-03T22:26:29.036+0000] {processor.py:183} INFO - Processing /opt/airflow/dags/flight-pipeline.py took 1.123 seconds
[2026-05-03T22:26:59.259+0000] {processor.py:161} INFO - Started process (PID=15909) to work on /opt/airflow/dags/flight-pipeline.py
[2026-05-03T22:26:59.267+0000] {processor.py:830} INFO - Processing file /opt/airflow/dags/flight-pipeline.py for tasks to queue
[2026-05-03T22:26:59.270+0000] {logging_mixin.py:188} INFO - [2026-05-03T22:26:59.269+0000] {dagbag.py:545} INFO - Filling up the DagBag from /opt/airflow/dags/flight-pipeline.py
[2026-05-03T22:27:00.936+0000] {processor.py:840} INFO - DAG(s) 'flights_ops_medallion_pipe' retrieved from /opt/airflow/dags/flight-pipeline.py
[2026-05-03T22:27:01.026+0000] {logging_mixin.py:188} INFO - [2026-05-03T22:27:01.025+0000] {dag.py:3089} INFO - Sync 1 DAGs
[2026-05-03T22:27:01.085+0000] {logging_mixin.py:188} INFO - [2026-05-03T22:27:01.085+0000] {dag.py:3947} INFO - Setting next_dagrun for flights_ops_medallion_pipe to 2026-05-03 22:00:00+00:00, run_after=2026-05-03 22:30:00+00:00
[2026-05-03T22:27:01.141+0000] {processor.py:183} INFO - Processing /opt/airflow/dags/flight-pipeline.py took 1.901 seconds
[2026-05-03T22:27:31.482+0000] {processor.py:161} INFO - Started process (PID=15912) to work on /opt/airflow/dags/flight-pipeline.py
[2026-05-03T22:27:31.488+0000] {processor.py:830} INFO - Processing file /opt/airflow/dags/flight-pipeline.py for tasks to queue
[2026-05-03T22:27:31.491+0000] {logging_mixin.py:188} INFO - [2026-05-03T22:27:31.490+0000] {dagbag.py:545} INFO - Filling up the DagBag from /opt/airflow/dags/flight-pipeline.py
[2026-05-03T22:27:32.677+0000] {processor.py:840} INFO - DAG(s) 'flights_ops_medallion_pipe' retrieved from /opt/airflow/dags/flight-pipeline.py
[2026-05-03T22:27:32.738+0000] {logging_mixin.py:188} INFO - [2026-05-03T22:27:32.737+0000] {dag.py:3089} INFO - Sync 1 DAGs
[2026-05-03T22:27:32.780+0000] {logging_mixin.py:188} INFO - [2026-05-03T22:27:32.780+0000] {dag.py:3947} INFO - Setting next_dagrun for flights_ops_medallion_pipe to 2026-05-03 22:00:00+00:00, run_after=2026-05-03 22:30:00+00:00
[2026-05-03T22:27:32.812+0000] {processor.py:183} INFO - Processing /opt/airflow/dags/flight-pipeline.py took 1.343 seconds
[2026-05-03T22:28:03.076+0000] {processor.py:161} INFO - Started process (PID=15915) to work on /opt/airflow/dags/flight-pipeline.py
[2026-05-03T22:28:03.081+0000] {processor.py:830} INFO - Processing file /opt/airflow/dags/flight-pipeline.py for tasks to queue
[2026-05-03T22:28:03.082+0000] {logging_mixin.py:188} INFO - [2026-05-03T22:28:03.082+0000] {dagbag.py:545} INFO - Filling up the DagBag from /opt/airflow/dags/flight-pipeline.py
[2026-05-03T22:28:03.932+0000] {processor.py:840} INFO - DAG(s) 'flights_ops_medallion_pipe' retrieved from /opt/airflow/dags/flight-pipeline.py
[2026-05-03T22:28:03.976+0000] {logging_mixin.py:188} INFO - [2026-05-03T22:28:03.975+0000] {dag.py:3089} INFO - Sync 1 DAGs
[2026-05-03T22:28:04.006+0000] {logging_mixin.py:188} INFO - [2026-05-03T22:28:04.005+0000] {dag.py:3947} INFO - Setting next_dagrun for flights_ops_medallion_pipe to 2026-05-03 22:00:00+00:00, run_after=2026-05-03 22:30:00+00:00
[2026-05-03T22:28:04.029+0000] {processor.py:183} INFO - Processing /opt/airflow/dags/flight-pipeline.py took 0.964 seconds
[2026-05-03T22:28:34.102+0000] {processor.py:161} INFO - Started process (PID=15918) to work on /opt/airflow/dags/flight-pipeline.py
[2026-05-03T22:28:34.112+0000] {processor.py:830} INFO - Processing file /opt/airflow/dags/flight-pipeline.py for tasks to queue
[2026-05-03T22:28:34.114+0000] {logging_mixin.py:188} INFO - [2026-05-03T22:28:34.114+0000] {dagbag.py:545} INFO - Filling up the DagBag from /opt/airflow/dags/flight-pipeline.py
[2026-05-03T22:28:35.836+0000] {processor.py:840} INFO - DAG(s) 'flights_ops_medallion_pipe' retrieved from /opt/airflow/dags/flight-pipeline.py
[2026-05-03T22:28:35.924+0000] {logging_mixin.py:188} INFO - [2026-05-03T22:28:35.923+0000] {dag.py:3089} INFO - Sync 1 DAGs
[2026-05-03T22:28:35.985+0000] {logging_mixin.py:188} INFO - [2026-05-03T22:28:35.985+0000] {dag.py:3947} INFO - Setting next_dagrun for flights_ops_medallion_pipe to 2026-05-03 22:00:00+00:00, run_after=2026-05-03 22:30:00+00:00
[2026-05-03T22:28:36.035+0000] {processor.py:183} INFO - Processing /opt/airflow/dags/flight-pipeline.py took 1.953 seconds
[2026-05-03T22:29:06.441+0000] {processor.py:161} INFO - Started process (PID=15921) to work on /opt/airflow/dags/flight-pipeline.py
[2026-05-03T22:29:06.451+0000] {processor.py:830} INFO - Processing file /opt/airflow/dags/flight-pipeline.py for tasks to queue
[2026-05-03T22:29:06.454+0000] {logging_mixin.py:188} INFO - [2026-05-03T22:29:06.453+0000] {dagbag.py:545} INFO - Filling up the DagBag from /opt/airflow/dags/flight-pipeline.py
[2026-05-03T22:29:08.286+0000] {processor.py:840} INFO - DAG(s) 'flights_ops_medallion_pipe' retrieved from /opt/airflow/dags/flight-pipeline.py
[2026-05-03T22:29:08.365+0000] {logging_mixin.py:188} INFO - [2026-05-03T22:29:08.364+0000] {dag.py:3089} INFO - Sync 1 DAGs
[2026-05-03T22:29:08.424+0000] {logging_mixin.py:188} INFO - [2026-05-03T22:29:08.423+0000] {dag.py:3947} INFO - Setting next_dagrun for flights_ops_medallion_pipe to 2026-05-03 22:00:00+00:00, run_after=2026-05-03 22:30:00+00:00
[2026-05-03T22:29:08.462+0000] {processor.py:183} INFO - Processing /opt/airflow/dags/flight-pipeline.py took 2.054 seconds
[2026-05-03T22:29:38.708+0000] {processor.py:161} INFO - Started process (PID=15924) to work on /opt/airflow/dags/flight-pipeline.py
[2026-05-03T22:29:38.713+0000] {processor.py:830} INFO - Processing file /opt/airflow/dags/flight-pipeline.py for tasks to queue
[2026-05-03T22:29:38.715+0000] {logging_mixin.py:188} INFO - [2026-05-03T22:29:38.715+0000] {dagbag.py:545} INFO - Filling up the DagBag from /opt/airflow/dags/flight-pipeline.py
[2026-05-03T22:29:39.717+0000] {processor.py:840} INFO - DAG(s) 'flights_ops_medallion_pipe' retrieved from /opt/airflow/dags/flight-pipeline.py
[2026-05-03T22:29:39.772+0000] {logging_mixin.py:188} INFO - [2026-05-03T22:29:39.771+0000] {dag.py:3089} INFO - Sync 1 DAGs
[2026-05-03T22:29:39.806+0000] {logging_mixin.py:188} INFO - [2026-05-03T22:29:39.806+0000] {dag.py:3947} INFO - Setting next_dagrun for flights_ops_medallion_pipe to 2026-05-03 22:00:00+00:00, run_after=2026-05-03 22:30:00+00:00
[2026-05-03T22:29:39.831+0000] {processor.py:183} INFO - Processing /opt/airflow/dags/flight-pipeline.py took 1.135 seconds
[2026-05-03T22:30:10.159+0000] {processor.py:161} INFO - Started process (PID=15928) to work on /opt/airflow/dags/flight-pipeline.py
[2026-05-03T22:30:10.177+0000] {processor.py:830} INFO - Processing file /opt/airflow/dags/flight-pipeline.py for tasks to queue
[2026-05-03T22:30:10.184+0000] {logging_mixin.py:188} INFO - [2026-05-03T22:30:10.183+0000] {dagbag.py:545} INFO - Filling up the DagBag from /opt/airflow/dags/flight-pipeline.py
[2026-05-03T22:30:14.140+0000] {processor.py:840} INFO - DAG(s) 'flights_ops_medallion_pipe' retrieved from /opt/airflow/dags/flight-pipeline.py
[2026-05-03T22:30:14.452+0000] {logging_mixin.py:188} INFO - [2026-05-03T22:30:14.450+0000] {dag.py:3089} INFO - Sync 1 DAGs
[2026-05-03T22:30:14.710+0000] {logging_mixin.py:188} INFO - [2026-05-03T22:30:14.709+0000] {dag.py:3947} INFO - Setting next_dagrun for flights_ops_medallion_pipe to 2026-05-03 22:30:00+00:00, run_after=2026-05-03 23:00:00+00:00
[2026-05-03T22:30:14.859+0000] {processor.py:183} INFO - Processing /opt/airflow/dags/flight-pipeline.py took 4.787 seconds
[2026-05-03T22:30:45.491+0000] {processor.py:161} INFO - Started process (PID=15942) to work on /opt/airflow/dags/flight-pipeline.py
[2026-05-03T22:30:45.572+0000] {processor.py:830} INFO - Processing file /opt/airflow/dags/flight-pipeline.py for tasks to queue
[2026-05-03T22:30:45.594+0000] {logging_mixin.py:188} INFO - [2026-05-03T22:30:45.585+0000] {dagbag.py:545} INFO - Filling up the DagBag from /opt/airflow/dags/flight-pipeline.py
[2026-05-03T22:30:58.397+0000] {processor.py:840} INFO - DAG(s) 'flights_ops_medallion_pipe' retrieved from /opt/airflow/dags/flight-pipeline.py
[2026-05-03T22:30:58.935+0000] {logging_mixin.py:188} INFO - [2026-05-03T22:30:58.930+0000] {dag.py:3089} INFO - Sync 1 DAGs
[2026-05-03T22:30:59.273+0000] {logging_mixin.py:188} INFO - [2026-05-03T22:30:59.271+0000] {dag.py:3947} INFO - Setting next_dagrun for flights_ops_medallion_pipe to 2026-05-03 22:30:00+00:00, run_after=2026-05-03 23:00:00+00:00
[2026-05-03T22:30:59.498+0000] {processor.py:183} INFO - Processing /opt/airflow/dags/flight-pipeline.py took 14.227 seconds
[2026-05-03T22:31:30.036+0000] {processor.py:161} INFO - Started process (PID=15953) to work on /opt/airflow/dags/flight-pipeline.py
[2026-05-03T22:31:30.080+0000] {processor.py:830} INFO - Processing file /opt/airflow/dags/flight-pipeline.py for tasks to queue
[2026-05-03T22:31:30.101+0000] {logging_mixin.py:188} INFO - [2026-05-03T22:31:30.092+0000] {dagbag.py:545} INFO - Filling up the DagBag from /opt/airflow/dags/flight-pipeline.py
[2026-05-03T22:31:44.410+0000] {processor.py:840} INFO - DAG(s) 'flights_ops_medallion_pipe' retrieved from /opt/airflow/dags/flight-pipeline.py
[2026-05-03T22:31:45.816+0000] {logging_mixin.py:188} INFO - [2026-05-03T22:31:45.799+0000] {dag.py:3089} INFO - Sync 1 DAGs
[2026-05-03T22:31:46.881+0000] {logging_mixin.py:188} INFO - [2026-05-03T22:31:46.879+0000] {dag.py:3947} INFO - Setting next_dagrun for flights_ops_medallion_pipe to 2026-05-03 22:30:00+00:00, run_after=2026-05-03 23:00:00+00:00
[2026-05-03T22:31:47.393+0000] {processor.py:183} INFO - Processing /opt/airflow/dags/flight-pipeline.py took 17.518 seconds
[2026-05-03T22:32:18.362+0000] {processor.py:161} INFO - Started process (PID=15959) to work on /opt/airflow/dags/flight-pipeline.py
[2026-05-03T22:32:18.442+0000] {processor.py:830} INFO - Processing file /opt/airflow/dags/flight-pipeline.py for tasks to queue
[2026-05-03T22:32:18.465+0000] {logging_mixin.py:188} INFO - [2026-05-03T22:32:18.456+0000] {dagbag.py:545} INFO - Filling up the DagBag from /opt/airflow/dags/flight-pipeline.py
[2026-05-03T22:32:29.727+0000] {processor.py:840} INFO - DAG(s) 'flights_ops_medallion_pipe' retrieved from /opt/airflow/dags/flight-pipeline.py
[2026-05-03T22:32:30.159+0000] {logging_mixin.py:188} INFO - [2026-05-03T22:32:30.152+0000] {dag.py:3089} INFO - Sync 1 DAGs
[2026-05-03T22:32:30.587+0000] {logging_mixin.py:188} INFO - [2026-05-03T22:32:30.585+0000] {dag.py:3947} INFO - Setting next_dagrun for flights_ops_medallion_pipe to 2026-05-03 22:30:00+00:00, run_after=2026-05-03 23:00:00+00:00
[2026-05-03T22:32:30.823+0000] {processor.py:183} INFO - Processing /opt/airflow/dags/flight-pipeline.py took 12.585 seconds
[2026-05-03T22:33:01.563+0000] {processor.py:161} INFO - Started process (PID=15970) to work on /opt/airflow/dags/flight-pipeline.py
[2026-05-03T22:33:01.599+0000] {processor.py:830} INFO - Processing file /opt/airflow/dags/flight-pipeline.py for tasks to queue
[2026-05-03T22:33:01.610+0000] {logging_mixin.py:188} INFO - [2026-05-03T22:33:01.606+0000] {dagbag.py:545} INFO - Filling up the DagBag from /opt/airflow/dags/flight-pipeline.py
[2026-05-03T22:33:13.971+0000] {processor.py:840} INFO - DAG(s) 'flights_ops_medallion_pipe' retrieved from /opt/airflow/dags/flight-pipeline.py
[2026-05-03T22:33:14.449+0000] {logging_mixin.py:188} INFO - [2026-05-03T22:33:14.444+0000] {dag.py:3089} INFO - Sync 1 DAGs
[2026-05-03T22:33:15.150+0000] {logging_mixin.py:188} INFO - [2026-05-03T22:33:15.147+0000] {dag.py:3947} INFO - Setting next_dagrun for flights_ops_medallion_pipe to 2026-05-03 22:30:00+00:00, run_after=2026-05-03 23:00:00+00:00
[2026-05-03T22:33:15.641+0000] {processor.py:183} INFO - Processing /opt/airflow/dags/flight-pipeline.py took 14.201 seconds
[2026-05-03T22:33:46.650+0000] {processor.py:161} INFO - Started process (PID=15976) to work on /opt/airflow/dags/flight-pipeline.py
[2026-05-03T22:33:46.734+0000] {processor.py:830} INFO - Processing file /opt/airflow/dags/flight-pipeline.py for tasks to queue
[2026-05-03T22:33:46.748+0000] {logging_mixin.py:188} INFO - [2026-05-03T22:33:46.742+0000] {dagbag.py:545} INFO - Filling up the DagBag from /opt/airflow/dags/flight-pipeline.py
[2026-05-03T22:33:59.365+0000] {processor.py:840} INFO - DAG(s) 'flights_ops_medallion_pipe' retrieved from /opt/airflow/dags/flight-pipeline.py
[2026-05-03T22:33:59.782+0000] {logging_mixin.py:188} INFO - [2026-05-03T22:33:59.778+0000] {dag.py:3089} INFO - Sync 1 DAGs
[2026-05-03T22:34:00.182+0000] {logging_mixin.py:188} INFO - [2026-05-03T22:34:00.179+0000] {dag.py:3947} INFO - Setting next_dagrun for flights_ops_medallion_pipe to 2026-05-03 22:30:00+00:00, run_after=2026-05-03 23:00:00+00:00
[2026-05-03T22:34:00.424+0000] {processor.py:183} INFO - Processing /opt/airflow/dags/flight-pipeline.py took 13.881 seconds
[2026-05-03T22:34:31.096+0000] {processor.py:161} INFO - Started process (PID=15989) to work on /opt/airflow/dags/flight-pipeline.py
[2026-05-03T22:34:31.113+0000] {processor.py:830} INFO - Processing file /opt/airflow/dags/flight-pipeline.py for tasks to queue
[2026-05-03T22:34:31.118+0000] {logging_mixin.py:188} INFO - [2026-05-03T22:34:31.117+0000] {dagbag.py:545} INFO - Filling up the DagBag from /opt/airflow/dags/flight-pipeline.py
[2026-05-03T22:34:34.511+0000] {processor.py:840} INFO - DAG(s) 'flights_ops_medallion_pipe' retrieved from /opt/airflow/dags/flight-pipeline.py
[2026-05-03T22:34:35.155+0000] {logging_mixin.py:188} INFO - [2026-05-03T22:34:35.152+0000] {dag.py:3089} INFO - Sync 1 DAGs
[2026-05-03T22:34:35.564+0000] {logging_mixin.py:188} INFO - [2026-05-03T22:34:35.559+0000] {dag.py:3947} INFO - Setting next_dagrun for flights_ops_medallion_pipe to 2026-05-03 22:30:00+00:00, run_after=2026-05-03 23:00:00+00:00
[2026-05-03T22:34:35.736+0000] {processor.py:183} INFO - Processing /opt/airflow/dags/flight-pipeline.py took 4.672 seconds
[2026-05-03T22:35:05.917+0000] {processor.py:161} INFO - Started process (PID=15992) to work on /opt/airflow/dags/flight-pipeline.py
[2026-05-03T22:35:05.943+0000] {processor.py:830} INFO - Processing file /opt/airflow/dags/flight-pipeline.py for tasks to queue
[2026-05-03T22:35:05.956+0000] {logging_mixin.py:188} INFO - [2026-05-03T22:35:05.951+0000] {dagbag.py:545} INFO - Filling up the DagBag from /opt/airflow/dags/flight-pipeline.py
[2026-05-03T22:35:07.811+0000] {processor.py:840} INFO - DAG(s) 'flights_ops_medallion_pipe' retrieved from /opt/airflow/dags/flight-pipeline.py
[2026-05-03T22:35:07.889+0000] {logging_mixin.py:188} INFO - [2026-05-03T22:35:07.888+0000] {dag.py:3089} INFO - Sync 1 DAGs
[2026-05-03T22:35:07.947+0000] {logging_mixin.py:188} INFO - [2026-05-03T22:35:07.947+0000] {dag.py:3947} INFO - Setting next_dagrun for flights_ops_medallion_pipe to 2026-05-03 22:30:00+00:00, run_after=2026-05-03 23:00:00+00:00
[2026-05-03T22:35:07.992+0000] {processor.py:183} INFO - Processing /opt/airflow/dags/flight-pipeline.py took 2.095 seconds
[2026-05-03T22:35:38.218+0000] {processor.py:161} INFO - Started process (PID=15995) to work on /opt/airflow/dags/flight-pipeline.py
[2026-05-03T22:35:38.226+0000] {processor.py:830} INFO - Processing file /opt/airflow/dags/flight-pipeline.py for tasks to queue
[2026-05-03T22:35:38.228+0000] {logging_mixin.py:188} INFO - [2026-05-03T22:35:38.228+0000] {dagbag.py:545} INFO - Filling up the DagBag from /opt/airflow/dags/flight-pipeline.py
[2026-05-03T22:35:39.681+0000] {processor.py:840} INFO - DAG(s) 'flights_ops_medallion_pipe' retrieved from /opt/airflow/dags/flight-pipeline.py
[2026-05-03T22:35:39.885+0000] {logging_mixin.py:188} INFO - [2026-05-03T22:35:39.884+0000] {dag.py:3089} INFO - Sync 1 DAGs
[2026-05-03T22:35:40.178+0000] {logging_mixin.py:188} INFO - [2026-05-03T22:35:40.178+0000] {dag.py:3947} INFO - Setting next_dagrun for flights_ops_medallion_pipe to 2026-05-03 22:30:00+00:00, run_after=2026-05-03 23:00:00+00:00
[2026-05-03T22:35:40.312+0000] {processor.py:183} INFO - Processing /opt/airflow/dags/flight-pipeline.py took 2.111 seconds
[2026-05-03T22:36:10.588+0000] {processor.py:161} INFO - Started process (PID=15998) to work on /opt/airflow/dags/flight-pipeline.py
[2026-05-03T22:36:10.596+0000] {processor.py:830} INFO - Processing file /opt/airflow/dags/flight-pipeline.py for tasks to queue
[2026-05-03T22:36:10.599+0000] {logging_mixin.py:188} INFO - [2026-05-03T22:36:10.598+0000] {dagbag.py:545} INFO - Filling up the DagBag from /opt/airflow/dags/flight-pipeline.py
[2026-05-03T22:36:12.366+0000] {processor.py:840} INFO - DAG(s) 'flights_ops_medallion_pipe' retrieved from /opt/airflow/dags/flight-pipeline.py
[2026-05-03T22:36:12.453+0000] {logging_mixin.py:188} INFO - [2026-05-03T22:36:12.452+0000] {dag.py:3089} INFO - Sync 1 DAGs
[2026-05-03T22:36:12.515+0000] {logging_mixin.py:188} INFO - [2026-05-03T22:36:12.514+0000] {dag.py:3947} INFO - Setting next_dagrun for flights_ops_medallion_pipe to 2026-05-03 22:30:00+00:00, run_after=2026-05-03 23:00:00+00:00
[2026-05-03T22:36:12.561+0000] {processor.py:183} INFO - Processing /opt/airflow/dags/flight-pipeline.py took 1.995 seconds
[2026-05-03T22:36:42.874+0000] {processor.py:161} INFO - Started process (PID=16001) to work on /opt/airflow/dags/flight-pipeline.py
[2026-05-03T22:36:42.894+0000] {processor.py:830} INFO - Processing file /opt/airflow/dags/flight-pipeline.py for tasks to queue
[2026-05-03T22:36:42.897+0000] {logging_mixin.py:188} INFO - [2026-05-03T22:36:42.896+0000] {dagbag.py:545} INFO - Filling up the DagBag from /opt/airflow/dags/flight-pipeline.py
[2026-05-03T22:36:44.408+0000] {processor.py:840} INFO - DAG(s) 'flights_ops_medallion_pipe' retrieved from /opt/airflow/dags/flight-pipeline.py
[2026-05-03T22:36:44.485+0000] {logging_mixin.py:188} INFO - [2026-05-03T22:36:44.484+0000] {dag.py:3089} INFO - Sync 1 DAGs
[2026-05-03T22:36:44.539+0000] {logging_mixin.py:188} INFO - [2026-05-03T22:36:44.538+0000] {dag.py:3947} INFO - Setting next_dagrun for flights_ops_medallion_pipe to 2026-05-03 22:30:00+00:00, run_after=2026-05-03 23:00:00+00:00
[2026-05-03T22:36:44.580+0000] {processor.py:183} INFO - Processing /opt/airflow/dags/flight-pipeline.py took 1.723 seconds
[2026-05-03T22:37:14.938+0000] {processor.py:161} INFO - Started process (PID=16004) to work on /opt/airflow/dags/flight-pipeline.py
[2026-05-03T22:37:14.946+0000] {processor.py:830} INFO - Processing file /opt/airflow/dags/flight-pipeline.py for tasks to queue
[2026-05-03T22:37:14.948+0000] {logging_mixin.py:188} INFO - [2026-05-03T22:37:14.947+0000] {dagbag.py:545} INFO - Filling up the DagBag from /opt/airflow/dags/flight-pipeline.py
[2026-05-03T22:37:16.569+0000] {processor.py:840} INFO - DAG(s) 'flights_ops_medallion_pipe' retrieved from /opt/airflow/dags/flight-pipeline.py
[2026-05-03T22:37:16.640+0000] {logging_mixin.py:188} INFO - [2026-05-03T22:37:16.639+0000] {dag.py:3089} INFO - Sync 1 DAGs
[2026-05-03T22:37:16.690+0000] {logging_mixin.py:188} INFO - [2026-05-03T22:37:16.690+0000] {dag.py:3947} INFO - Setting next_dagrun for flights_ops_medallion_pipe to 2026-05-03 22:30:00+00:00, run_after=2026-05-03 23:00:00+00:00
[2026-05-03T22:37:16.735+0000] {processor.py:183} INFO - Processing /opt/airflow/dags/flight-pipeline.py took 1.816 seconds
[2026-05-03T22:37:47.050+0000] {processor.py:161} INFO - Started process (PID=16007) to work on /opt/airflow/dags/flight-pipeline.py
[2026-05-03T22:37:47.058+0000] {processor.py:830} INFO - Processing file /opt/airflow/dags/flight-pipeline.py for tasks to queue
[2026-05-03T22:37:47.061+0000] {logging_mixin.py:188} INFO - [2026-05-03T22:37:47.060+0000] {dagbag.py:545} INFO - Filling up the DagBag from /opt/airflow/dags/flight-pipeline.py
[2026-05-03T22:37:48.698+0000] {processor.py:840} INFO - DAG(s) 'flights_ops_medallion_pipe' retrieved from /opt/airflow/dags/flight-pipeline.py
[2026-05-03T22:37:48.784+0000] {logging_mixin.py:188} INFO - [2026-05-03T22:37:48.783+0000] {dag.py:3089} INFO - Sync 1 DAGs
[2026-05-03T22:37:48.841+0000] {logging_mixin.py:188} INFO - [2026-05-03T22:37:48.841+0000] {dag.py:3947} INFO - Setting next_dagrun for flights_ops_medallion_pipe to 2026-05-03 22:30:00+00:00, run_after=2026-05-03 23:00:00+00:00
[2026-05-03T22:37:48.889+0000] {processor.py:183} INFO - Processing /opt/airflow/dags/flight-pipeline.py took 1.859 seconds
[2026-05-03T22:38:19.226+0000] {processor.py:161} INFO - Started process (PID=16010) to work on /opt/airflow/dags/flight-pipeline.py
[2026-05-03T22:38:19.240+0000] {processor.py:830} INFO - Processing file /opt/airflow/dags/flight-pipeline.py for tasks to queue
[2026-05-03T22:38:19.243+0000] {logging_mixin.py:188} INFO - [2026-05-03T22:38:19.242+0000] {dagbag.py:545} INFO - Filling up the DagBag from /opt/airflow/dags/flight-pipeline.py
[2026-05-03T22:38:20.932+0000] {processor.py:840} INFO - DAG(s) 'flights_ops_medallion_pipe' retrieved from /opt/airflow/dags/flight-pipeline.py
[2026-05-03T22:38:21.011+0000] {logging_mixin.py:188} INFO - [2026-05-03T22:38:21.009+0000] {dag.py:3089} INFO - Sync 1 DAGs
[2026-05-03T22:38:21.071+0000] {logging_mixin.py:188} INFO - [2026-05-03T22:38:21.070+0000] {dag.py:3947} INFO - Setting next_dagrun for flights_ops_medallion_pipe to 2026-05-03 22:30:00+00:00, run_after=2026-05-03 23:00:00+00:00
[2026-05-03T22:38:21.114+0000] {processor.py:183} INFO - Processing /opt/airflow/dags/flight-pipeline.py took 1.910 seconds
[2026-05-03T22:38:51.612+0000] {processor.py:161} INFO - Started process (PID=16013) to work on /opt/airflow/dags/flight-pipeline.py
[2026-05-03T22:38:51.623+0000] {processor.py:830} INFO - Processing file /opt/airflow/dags/flight-pipeline.py for tasks to queue
[2026-05-03T22:38:51.626+0000] {logging_mixin.py:188} INFO - [2026-05-03T22:38:51.625+0000] {dagbag.py:545} INFO - Filling up the DagBag from /opt/airflow/dags/flight-pipeline.py
[2026-05-03T22:38:53.606+0000] {processor.py:840} INFO - DAG(s) 'flights_ops_medallion_pipe' retrieved from /opt/airflow/dags/flight-pipeline.py
[2026-05-03T22:38:53.723+0000] {logging_mixin.py:188} INFO - [2026-05-03T22:38:53.722+0000] {dag.py:3089} INFO - Sync 1 DAGs
[2026-05-03T22:38:53.802+0000] {logging_mixin.py:188} INFO - [2026-05-03T22:38:53.802+0000] {dag.py:3947} INFO - Setting next_dagrun for flights_ops_medallion_pipe to 2026-05-03 22:30:00+00:00, run_after=2026-05-03 23:00:00+00:00
[2026-05-03T22:38:53.854+0000] {processor.py:183} INFO - Processing /opt/airflow/dags/flight-pipeline.py took 2.272 seconds
[2026-05-03T22:39:24.242+0000] {processor.py:161} INFO - Started process (PID=16016) to work on /opt/airflow/dags/flight-pipeline.py
[2026-05-03T22:39:24.254+0000] {processor.py:830} INFO - Processing file /opt/airflow/dags/flight-pipeline.py for tasks to queue
[2026-05-03T22:39:24.258+0000] {logging_mixin.py:188} INFO - [2026-05-03T22:39:24.257+0000] {dagbag.py:545} INFO - Filling up the DagBag from /opt/airflow/dags/flight-pipeline.py
[2026-05-03T22:39:27.022+0000] {processor.py:840} INFO - DAG(s) 'flights_ops_medallion_pipe' retrieved from /opt/airflow/dags/flight-pipeline.py
[2026-05-03T22:39:27.144+0000] {logging_mixin.py:188} INFO - [2026-05-03T22:39:27.143+0000] {dag.py:3089} INFO - Sync 1 DAGs
[2026-05-03T22:39:27.237+0000] {logging_mixin.py:188} INFO - [2026-05-03T22:39:27.235+0000] {dag.py:3947} INFO - Setting next_dagrun for flights_ops_medallion_pipe to 2026-05-03 22:30:00+00:00, run_after=2026-05-03 23:00:00+00:00
[2026-05-03T22:39:27.309+0000] {processor.py:183} INFO - Processing /opt/airflow/dags/flight-pipeline.py took 3.101 seconds
[2026-05-03T22:39:57.580+0000] {processor.py:161} INFO - Started process (PID=16019) to work on /opt/airflow/dags/flight-pipeline.py
[2026-05-03T22:39:57.587+0000] {processor.py:830} INFO - Processing file /opt/airflow/dags/flight-pipeline.py for tasks to queue
[2026-05-03T22:39:57.591+0000] {logging_mixin.py:188} INFO - [2026-05-03T22:39:57.589+0000] {dagbag.py:545} INFO - Filling up the DagBag from /opt/airflow/dags/flight-pipeline.py
[2026-05-03T22:39:58.936+0000] {processor.py:840} INFO - DAG(s) 'flights_ops_medallion_pipe' retrieved from /opt/airflow/dags/flight-pipeline.py
[2026-05-03T22:39:58.995+0000] {logging_mixin.py:188} INFO - [2026-05-03T22:39:58.994+0000] {dag.py:3089} INFO - Sync 1 DAGs
[2026-05-03T22:39:59.038+0000] {logging_mixin.py:188} INFO - [2026-05-03T22:39:59.038+0000] {dag.py:3947} INFO - Setting next_dagrun for flights_ops_medallion_pipe to 2026-05-03 22:30:00+00:00, run_after=2026-05-03 23:00:00+00:00
[2026-05-03T22:39:59.073+0000] {processor.py:183} INFO - Processing /opt/airflow/dags/flight-pipeline.py took 1.515 seconds
[2026-05-03T22:40:29.346+0000] {processor.py:161} INFO - Started process (PID=16022) to work on /opt/airflow/dags/flight-pipeline.py
[2026-05-03T22:40:29.353+0000] {processor.py:830} INFO - Processing file /opt/airflow/dags/flight-pipeline.py for tasks to queue
[2026-05-03T22:40:29.356+0000] {logging_mixin.py:188} INFO - [2026-05-03T22:40:29.355+0000] {dagbag.py:545} INFO - Filling up the DagBag from /opt/airflow/dags/flight-pipeline.py
[2026-05-03T22:40:30.665+0000] {processor.py:840} INFO - DAG(s) 'flights_ops_medallion_pipe' retrieved from /opt/airflow/dags/flight-pipeline.py
[2026-05-03T22:40:30.731+0000] {logging_mixin.py:188} INFO - [2026-05-03T22:40:30.730+0000] {dag.py:3089} INFO - Sync 1 DAGs
[2026-05-03T22:40:30.778+0000] {logging_mixin.py:188} INFO - [2026-05-03T22:40:30.778+0000] {dag.py:3947} INFO - Setting next_dagrun for flights_ops_medallion_pipe to 2026-05-03 22:30:00+00:00, run_after=2026-05-03 23:00:00+00:00
[2026-05-03T22:40:30.811+0000] {processor.py:183} INFO - Processing /opt/airflow/dags/flight-pipeline.py took 1.481 seconds
[2026-05-03T22:41:01.181+0000] {processor.py:161} INFO - Started process (PID=16025) to work on /opt/airflow/dags/flight-pipeline.py
[2026-05-03T22:41:01.195+0000] {processor.py:830} INFO - Processing file /opt/airflow/dags/flight-pipeline.py for tasks to queue
[2026-05-03T22:41:01.199+0000] {logging_mixin.py:188} INFO - [2026-05-03T22:41:01.198+0000] {dagbag.py:545} INFO - Filling up the DagBag from /opt/airflow/dags/flight-pipeline.py
[2026-05-03T22:41:03.831+0000] {processor.py:840} INFO - DAG(s) 'flights_ops_medallion_pipe' retrieved from /opt/airflow/dags/flight-pipeline.py
[2026-05-03T22:41:03.957+0000] {logging_mixin.py:188} INFO - [2026-05-03T22:41:03.955+0000] {dag.py:3089} INFO - Sync 1 DAGs
[2026-05-03T22:41:04.051+0000] {logging_mixin.py:188} INFO - [2026-05-03T22:41:04.050+0000] {dag.py:3947} INFO - Setting next_dagrun for flights_ops_medallion_pipe to 2026-05-03 22:30:00+00:00, run_after=2026-05-03 23:00:00+00:00
[2026-05-03T22:41:04.128+0000] {processor.py:183} INFO - Processing /opt/airflow/dags/flight-pipeline.py took 2.977 seconds
[2026-05-03T22:41:34.601+0000] {processor.py:161} INFO - Started process (PID=16028) to work on /opt/airflow/dags/flight-pipeline.py
[2026-05-03T22:41:34.614+0000] {processor.py:830} INFO - Processing file /opt/airflow/dags/flight-pipeline.py for tasks to queue
[2026-05-03T22:41:34.619+0000] {logging_mixin.py:188} INFO - [2026-05-03T22:41:34.617+0000] {dagbag.py:545} INFO - Filling up the DagBag from /opt/airflow/dags/flight-pipeline.py
[2026-05-03T22:41:37.443+0000] {processor.py:840} INFO - DAG(s) 'flights_ops_medallion_pipe' retrieved from /opt/airflow/dags/flight-pipeline.py
[2026-05-03T22:41:37.597+0000] {logging_mixin.py:188} INFO - [2026-05-03T22:41:37.595+0000] {dag.py:3089} INFO - Sync 1 DAGs
[2026-05-03T22:41:37.723+0000] {logging_mixin.py:188} INFO - [2026-05-03T22:41:37.722+0000] {dag.py:3947} INFO - Setting next_dagrun for flights_ops_medallion_pipe to 2026-05-03 22:30:00+00:00, run_after=2026-05-03 23:00:00+00:00
[2026-05-03T22:41:37.818+0000] {processor.py:183} INFO - Processing /opt/airflow/dags/flight-pipeline.py took 3.251 seconds
[2026-05-03T22:42:08.055+0000] {processor.py:161} INFO - Started process (PID=16031) to work on /opt/airflow/dags/flight-pipeline.py
[2026-05-03T22:42:08.064+0000] {processor.py:830} INFO - Processing file /opt/airflow/dags/flight-pipeline.py for tasks to queue
[2026-05-03T22:42:08.069+0000] {logging_mixin.py:188} INFO - [2026-05-03T22:42:08.066+0000] {dagbag.py:545} INFO - Filling up the DagBag from /opt/airflow/dags/flight-pipeline.py
[2026-05-03T22:42:09.755+0000] {processor.py:840} INFO - DAG(s) 'flights_ops_medallion_pipe' retrieved from /opt/airflow/dags/flight-pipeline.py
[2026-05-03T22:42:09.837+0000] {logging_mixin.py:188} INFO - [2026-05-03T22:42:09.836+0000] {dag.py:3089} INFO - Sync 1 DAGs
[2026-05-03T22:42:09.895+0000] {logging_mixin.py:188} INFO - [2026-05-03T22:42:09.895+0000] {dag.py:3947} INFO - Setting next_dagrun for flights_ops_medallion_pipe to 2026-05-03 22:30:00+00:00, run_after=2026-05-03 23:00:00+00:00
[2026-05-03T22:42:09.938+0000] {processor.py:183} INFO - Processing /opt/airflow/dags/flight-pipeline.py took 1.902 seconds
[2026-05-03T22:42:40.249+0000] {processor.py:161} INFO - Started process (PID=16034) to work on /opt/airflow/dags/flight-pipeline.py
[2026-05-03T22:42:40.256+0000] {processor.py:830} INFO - Processing file /opt/airflow/dags/flight-pipeline.py for tasks to queue
[2026-05-03T22:42:40.258+0000] {logging_mixin.py:188} INFO - [2026-05-03T22:42:40.258+0000] {dagbag.py:545} INFO - Filling up the DagBag from /opt/airflow/dags/flight-pipeline.py
[2026-05-03T22:42:41.578+0000] {processor.py:840} INFO - DAG(s) 'flights_ops_medallion_pipe' retrieved from /opt/airflow/dags/flight-pipeline.py
[2026-05-03T22:42:41.637+0000] {logging_mixin.py:188} INFO - [2026-05-03T22:42:41.636+0000] {dag.py:3089} INFO - Sync 1 DAGs
[2026-05-03T22:42:41.681+0000] {logging_mixin.py:188} INFO - [2026-05-03T22:42:41.680+0000] {dag.py:3947} INFO - Setting next_dagrun for flights_ops_medallion_pipe to 2026-05-03 22:30:00+00:00, run_after=2026-05-03 23:00:00+00:00
[2026-05-03T22:42:41.717+0000] {processor.py:183} INFO - Processing /opt/airflow/dags/flight-pipeline.py took 1.482 seconds
[2026-05-03T22:43:12.029+0000] {processor.py:161} INFO - Started process (PID=16037) to work on /opt/airflow/dags/flight-pipeline.py
[2026-05-03T22:43:12.041+0000] {processor.py:830} INFO - Processing file /opt/airflow/dags/flight-pipeline.py for tasks to queue
[2026-05-03T22:43:12.044+0000] {logging_mixin.py:188} INFO - [2026-05-03T22:43:12.043+0000] {dagbag.py:545} INFO - Filling up the DagBag from /opt/airflow/dags/flight-pipeline.py
[2026-05-03T22:43:14.135+0000] {processor.py:840} INFO - DAG(s) 'flights_ops_medallion_pipe' retrieved from /opt/airflow/dags/flight-pipeline.py
[2026-05-03T22:43:14.238+0000] {logging_mixin.py:188} INFO - [2026-05-03T22:43:14.236+0000] {dag.py:3089} INFO - Sync 1 DAGs
[2026-05-03T22:43:14.309+0000] {logging_mixin.py:188} INFO - [2026-05-03T22:43:14.308+0000] {dag.py:3947} INFO - Setting next_dagrun for flights_ops_medallion_pipe to 2026-05-03 22:30:00+00:00, run_after=2026-05-03 23:00:00+00:00
[2026-05-03T22:43:14.365+0000] {processor.py:183} INFO - Processing /opt/airflow/dags/flight-pipeline.py took 2.357 seconds
[2026-05-03T22:43:44.776+0000] {processor.py:161} INFO - Started process (PID=16040) to work on /opt/airflow/dags/flight-pipeline.py
[2026-05-03T22:43:44.789+0000] {processor.py:830} INFO - Processing file /opt/airflow/dags/flight-pipeline.py for tasks to queue
[2026-05-03T22:43:44.793+0000] {logging_mixin.py:188} INFO - [2026-05-03T22:43:44.792+0000] {dagbag.py:545} INFO - Filling up the DagBag from /opt/airflow/dags/flight-pipeline.py
[2026-05-03T22:43:47.245+0000] {processor.py:840} INFO - DAG(s) 'flights_ops_medallion_pipe' retrieved from /opt/airflow/dags/flight-pipeline.py
[2026-05-03T22:43:47.359+0000] {logging_mixin.py:188} INFO - [2026-05-03T22:43:47.358+0000] {dag.py:3089} INFO - Sync 1 DAGs
[2026-05-03T22:43:47.444+0000] {logging_mixin.py:188} INFO - [2026-05-03T22:43:47.443+0000] {dag.py:3947} INFO - Setting next_dagrun for flights_ops_medallion_pipe to 2026-05-03 22:30:00+00:00, run_after=2026-05-03 23:00:00+00:00
[2026-05-03T22:43:47.509+0000] {processor.py:183} INFO - Processing /opt/airflow/dags/flight-pipeline.py took 2.764 seconds
[2026-05-03T22:44:17.696+0000] {processor.py:161} INFO - Started process (PID=16043) to work on /opt/airflow/dags/flight-pipeline.py
[2026-05-03T22:44:17.705+0000] {processor.py:830} INFO - Processing file /opt/airflow/dags/flight-pipeline.py for tasks to queue
[2026-05-03T22:44:17.708+0000] {logging_mixin.py:188} INFO - [2026-05-03T22:44:17.707+0000] {dagbag.py:545} INFO - Filling up the DagBag from /opt/airflow/dags/flight-pipeline.py
[2026-05-03T22:44:19.086+0000] {processor.py:840} INFO - DAG(s) 'flights_ops_medallion_pipe' retrieved from /opt/airflow/dags/flight-pipeline.py
[2026-05-03T22:44:19.152+0000] {logging_mixin.py:188} INFO - [2026-05-03T22:44:19.152+0000] {dag.py:3089} INFO - Sync 1 DAGs
[2026-05-03T22:44:19.199+0000] {logging_mixin.py:188} INFO - [2026-05-03T22:44:19.199+0000] {dag.py:3947} INFO - Setting next_dagrun for flights_ops_medallion_pipe to 2026-05-03 22:30:00+00:00, run_after=2026-05-03 23:00:00+00:00
[2026-05-03T22:44:19.236+0000] {processor.py:183} INFO - Processing /opt/airflow/dags/flight-pipeline.py took 1.557 seconds
[2026-05-03T22:44:49.996+0000] {processor.py:161} INFO - Started process (PID=16046) to work on /opt/airflow/dags/flight-pipeline.py
[2026-05-03T22:44:50.003+0000] {processor.py:830} INFO - Processing file /opt/airflow/dags/flight-pipeline.py for tasks to queue
[2026-05-03T22:44:50.006+0000] {logging_mixin.py:188} INFO - [2026-05-03T22:44:50.005+0000] {dagbag.py:545} INFO - Filling up the DagBag from /opt/airflow/dags/flight-pipeline.py
[2026-05-03T22:44:51.603+0000] {processor.py:840} INFO - DAG(s) 'flights_ops_medallion_pipe' retrieved from /opt/airflow/dags/flight-pipeline.py
[2026-05-03T22:44:51.708+0000] {logging_mixin.py:188} INFO - [2026-05-03T22:44:51.707+0000] {dag.py:3089} INFO - Sync 1 DAGs
[2026-05-03T22:44:51.765+0000] {logging_mixin.py:188} INFO - [2026-05-03T22:44:51.765+0000] {dag.py:3947} INFO - Setting next_dagrun for flights_ops_medallion_pipe to 2026-05-03 22:30:00+00:00, run_after=2026-05-03 23:00:00+00:00
[2026-05-03T22:44:51.814+0000] {processor.py:183} INFO - Processing /opt/airflow/dags/flight-pipeline.py took 2.215 seconds
[2026-05-03T22:45:22.034+0000] {processor.py:161} INFO - Started process (PID=16049) to work on /opt/airflow/dags/flight-pipeline.py
[2026-05-03T22:45:22.053+0000] {processor.py:830} INFO - Processing file /opt/airflow/dags/flight-pipeline.py for tasks to queue
[2026-05-03T22:45:22.058+0000] {logging_mixin.py:188} INFO - [2026-05-03T22:45:22.056+0000] {dagbag.py:545} INFO - Filling up the DagBag from /opt/airflow/dags/flight-pipeline.py
[2026-05-03T22:45:24.776+0000] {processor.py:840} INFO - DAG(s) 'flights_ops_medallion_pipe' retrieved from /opt/airflow/dags/flight-pipeline.py
[2026-05-03T22:45:24.902+0000] {logging_mixin.py:188} INFO - [2026-05-03T22:45:24.899+0000] {dag.py:3089} INFO - Sync 1 DAGs
[2026-05-03T22:45:24.994+0000] {logging_mixin.py:188} INFO - [2026-05-03T22:45:24.993+0000] {dag.py:3947} INFO - Setting next_dagrun for flights_ops_medallion_pipe to 2026-05-03 22:30:00+00:00, run_after=2026-05-03 23:00:00+00:00
[2026-05-03T22:45:25.063+0000] {processor.py:183} INFO - Processing /opt/airflow/dags/flight-pipeline.py took 3.159 seconds
[2026-05-03T22:45:55.370+0000] {processor.py:161} INFO - Started process (PID=16052) to work on /opt/airflow/dags/flight-pipeline.py
[2026-05-03T22:45:55.384+0000] {processor.py:830} INFO - Processing file /opt/airflow/dags/flight-pipeline.py for tasks to queue
[2026-05-03T22:45:55.388+0000] {logging_mixin.py:188} INFO - [2026-05-03T22:45:55.387+0000] {dagbag.py:545} INFO - Filling up the DagBag from /opt/airflow/dags/flight-pipeline.py
[2026-05-03T22:45:58.233+0000] {processor.py:840} INFO - DAG(s) 'flights_ops_medallion_pipe' retrieved from /opt/airflow/dags/flight-pipeline.py
[2026-05-03T22:45:58.355+0000] {logging_mixin.py:188} INFO - [2026-05-03T22:45:58.354+0000] {dag.py:3089} INFO - Sync 1 DAGs
[2026-05-03T22:45:58.443+0000] {logging_mixin.py:188} INFO - [2026-05-03T22:45:58.442+0000] {dag.py:3947} INFO - Setting next_dagrun for flights_ops_medallion_pipe to 2026-05-03 22:30:00+00:00, run_after=2026-05-03 23:00:00+00:00
[2026-05-03T22:45:58.514+0000] {processor.py:183} INFO - Processing /opt/airflow/dags/flight-pipeline.py took 3.178 seconds
[2026-05-03T22:46:28.809+0000] {processor.py:161} INFO - Started process (PID=16055) to work on /opt/airflow/dags/flight-pipeline.py
[2026-05-03T22:46:28.817+0000] {processor.py:830} INFO - Processing file /opt/airflow/dags/flight-pipeline.py for tasks to queue
[2026-05-03T22:46:28.819+0000] {logging_mixin.py:188} INFO - [2026-05-03T22:46:28.818+0000] {dagbag.py:545} INFO - Filling up the DagBag from /opt/airflow/dags/flight-pipeline.py
[2026-05-03T22:46:30.440+0000] {processor.py:840} INFO - DAG(s) 'flights_ops_medallion_pipe' retrieved from /opt/airflow/dags/flight-pipeline.py
[2026-05-03T22:46:30.513+0000] {logging_mixin.py:188} INFO - [2026-05-03T22:46:30.512+0000] {dag.py:3089} INFO - Sync 1 DAGs
[2026-05-03T22:46:30.565+0000] {logging_mixin.py:188} INFO - [2026-05-03T22:46:30.564+0000] {dag.py:3947} INFO - Setting next_dagrun for flights_ops_medallion_pipe to 2026-05-03 22:30:00+00:00, run_after=2026-05-03 23:00:00+00:00
[2026-05-03T22:46:30.604+0000] {processor.py:183} INFO - Processing /opt/airflow/dags/flight-pipeline.py took 1.812 seconds
[2026-05-03T22:47:00.964+0000] {processor.py:161} INFO - Started process (PID=16058) to work on /opt/airflow/dags/flight-pipeline.py
[2026-05-03T22:47:00.987+0000] {processor.py:830} INFO - Processing file /opt/airflow/dags/flight-pipeline.py for tasks to queue
[2026-05-03T22:47:00.990+0000] {logging_mixin.py:188} INFO - [2026-05-03T22:47:00.989+0000] {dagbag.py:545} INFO - Filling up the DagBag from /opt/airflow/dags/flight-pipeline.py
[2026-05-03T22:47:02.872+0000] {processor.py:840} INFO - DAG(s) 'flights_ops_medallion_pipe' retrieved from /opt/airflow/dags/flight-pipeline.py
[2026-05-03T22:47:02.966+0000] {logging_mixin.py:188} INFO - [2026-05-03T22:47:02.965+0000] {dag.py:3089} INFO - Sync 1 DAGs
[2026-05-03T22:47:03.039+0000] {logging_mixin.py:188} INFO - [2026-05-03T22:47:03.038+0000] {dag.py:3947} INFO - Setting next_dagrun for flights_ops_medallion_pipe to 2026-05-03 22:30:00+00:00, run_after=2026-05-03 23:00:00+00:00
[2026-05-03T22:47:03.097+0000] {processor.py:183} INFO - Processing /opt/airflow/dags/flight-pipeline.py took 2.152 seconds
[2026-05-03T22:47:33.771+0000] {processor.py:161} INFO - Started process (PID=16061) to work on /opt/airflow/dags/flight-pipeline.py
[2026-05-03T22:47:33.805+0000] {processor.py:830} INFO - Processing file /opt/airflow/dags/flight-pipeline.py for tasks to queue
[2026-05-03T22:47:33.818+0000] {logging_mixin.py:188} INFO - [2026-05-03T22:47:33.813+0000] {dagbag.py:545} INFO - Filling up the DagBag from /opt/airflow/dags/flight-pipeline.py
[2026-05-03T22:47:43.061+0000] {processor.py:840} INFO - DAG(s) 'flights_ops_medallion_pipe' retrieved from /opt/airflow/dags/flight-pipeline.py
[2026-05-03T22:47:43.428+0000] {logging_mixin.py:188} INFO - [2026-05-03T22:47:43.424+0000] {dag.py:3089} INFO - Sync 1 DAGs
[2026-05-03T22:47:43.739+0000] {logging_mixin.py:188} INFO - [2026-05-03T22:47:43.737+0000] {dag.py:3947} INFO - Setting next_dagrun for flights_ops_medallion_pipe to 2026-05-03 22:30:00+00:00, run_after=2026-05-03 23:00:00+00:00
[2026-05-03T22:47:43.946+0000] {processor.py:183} INFO - Processing /opt/airflow/dags/flight-pipeline.py took 10.291 seconds
[2026-05-03T22:48:15.100+0000] {processor.py:161} INFO - Started process (PID=16064) to work on /opt/airflow/dags/flight-pipeline.py
[2026-05-03T22:48:15.138+0000] {processor.py:830} INFO - Processing file /opt/airflow/dags/flight-pipeline.py for tasks to queue
[2026-05-03T22:48:15.143+0000] {logging_mixin.py:188} INFO - [2026-05-03T22:48:15.141+0000] {dagbag.py:545} INFO - Filling up the DagBag from /opt/airflow/dags/flight-pipeline.py
[2026-05-03T22:48:17.936+0000] {processor.py:840} INFO - DAG(s) 'flights_ops_medallion_pipe' retrieved from /opt/airflow/dags/flight-pipeline.py
[2026-05-03T22:48:18.088+0000] {logging_mixin.py:188} INFO - [2026-05-03T22:48:18.082+0000] {dag.py:3089} INFO - Sync 1 DAGs
[2026-05-03T22:48:18.190+0000] {logging_mixin.py:188} INFO - [2026-05-03T22:48:18.189+0000] {dag.py:3947} INFO - Setting next_dagrun for flights_ops_medallion_pipe to 2026-05-03 22:30:00+00:00, run_after=2026-05-03 23:00:00+00:00
[2026-05-03T22:48:18.260+0000] {processor.py:183} INFO - Processing /opt/airflow/dags/flight-pipeline.py took 3.186 seconds
[2026-05-03T22:48:48.545+0000] {processor.py:161} INFO - Started process (PID=16067) to work on /opt/airflow/dags/flight-pipeline.py
[2026-05-03T22:48:48.558+0000] {processor.py:830} INFO - Processing file /opt/airflow/dags/flight-pipeline.py for tasks to queue
[2026-05-03T22:48:48.562+0000] {logging_mixin.py:188} INFO - [2026-05-03T22:48:48.560+0000] {dagbag.py:545} INFO - Filling up the DagBag from /opt/airflow/dags/flight-pipeline.py
[2026-05-03T22:48:51.242+0000] {processor.py:840} INFO - DAG(s) 'flights_ops_medallion_pipe' retrieved from /opt/airflow/dags/flight-pipeline.py
[2026-05-03T22:48:51.362+0000] {logging_mixin.py:188} INFO - [2026-05-03T22:48:51.360+0000] {dag.py:3089} INFO - Sync 1 DAGs
[2026-05-03T22:48:51.448+0000] {logging_mixin.py:188} INFO - [2026-05-03T22:48:51.447+0000] {dag.py:3947} INFO - Setting next_dagrun for flights_ops_medallion_pipe to 2026-05-03 22:30:00+00:00, run_after=2026-05-03 23:00:00+00:00
[2026-05-03T22:48:51.519+0000] {processor.py:183} INFO - Processing /opt/airflow/dags/flight-pipeline.py took 3.002 seconds
[2026-05-03T22:49:21.975+0000] {processor.py:161} INFO - Started process (PID=16070) to work on /opt/airflow/dags/flight-pipeline.py
[2026-05-03T22:49:21.988+0000] {processor.py:830} INFO - Processing file /opt/airflow/dags/flight-pipeline.py for tasks to queue
[2026-05-03T22:49:21.993+0000] {logging_mixin.py:188} INFO - [2026-05-03T22:49:21.992+0000] {dagbag.py:545} INFO - Filling up the DagBag from /opt/airflow/dags/flight-pipeline.py
[2026-05-03T22:49:24.586+0000] {processor.py:840} INFO - DAG(s) 'flights_ops_medallion_pipe' retrieved from /opt/airflow/dags/flight-pipeline.py
[2026-05-03T22:49:24.713+0000] {logging_mixin.py:188} INFO - [2026-05-03T22:49:24.711+0000] {dag.py:3089} INFO - Sync 1 DAGs
[2026-05-03T22:49:24.806+0000] {logging_mixin.py:188} INFO - [2026-05-03T22:49:24.805+0000] {dag.py:3947} INFO - Setting next_dagrun for flights_ops_medallion_pipe to 2026-05-03 22:30:00+00:00, run_after=2026-05-03 23:00:00+00:00
[2026-05-03T22:49:24.875+0000] {processor.py:183} INFO - Processing /opt/airflow/dags/flight-pipeline.py took 2.930 seconds
[2026-05-03T22:49:55.264+0000] {processor.py:161} INFO - Started process (PID=16073) to work on /opt/airflow/dags/flight-pipeline.py
[2026-05-03T22:49:55.271+0000] {processor.py:830} INFO - Processing file /opt/airflow/dags/flight-pipeline.py for tasks to queue
[2026-05-03T22:49:55.274+0000] {logging_mixin.py:188} INFO - [2026-05-03T22:49:55.273+0000] {dagbag.py:545} INFO - Filling up the DagBag from /opt/airflow/dags/flight-pipeline.py
[2026-05-03T22:49:56.906+0000] {processor.py:840} INFO - DAG(s) 'flights_ops_medallion_pipe' retrieved from /opt/airflow/dags/flight-pipeline.py
[2026-05-03T22:49:56.983+0000] {logging_mixin.py:188} INFO - [2026-05-03T22:49:56.982+0000] {dag.py:3089} INFO - Sync 1 DAGs
[2026-05-03T22:49:57.044+0000] {logging_mixin.py:188} INFO - [2026-05-03T22:49:57.043+0000] {dag.py:3947} INFO - Setting next_dagrun for flights_ops_medallion_pipe to 2026-05-03 22:30:00+00:00, run_after=2026-05-03 23:00:00+00:00
[2026-05-03T22:49:57.093+0000] {processor.py:183} INFO - Processing /opt/airflow/dags/flight-pipeline.py took 1.844 seconds
[2026-05-03T22:50:27.406+0000] {processor.py:161} INFO - Started process (PID=16076) to work on /opt/airflow/dags/flight-pipeline.py
[2026-05-03T22:50:27.413+0000] {processor.py:830} INFO - Processing file /opt/airflow/dags/flight-pipeline.py for tasks to queue
[2026-05-03T22:50:27.416+0000] {logging_mixin.py:188} INFO - [2026-05-03T22:50:27.415+0000] {dagbag.py:545} INFO - Filling up the DagBag from /opt/airflow/dags/flight-pipeline.py
[2026-05-03T22:50:28.840+0000] {processor.py:840} INFO - DAG(s) 'flights_ops_medallion_pipe' retrieved from /opt/airflow/dags/flight-pipeline.py
[2026-05-03T22:50:28.909+0000] {logging_mixin.py:188} INFO - [2026-05-03T22:50:28.908+0000] {dag.py:3089} INFO - Sync 1 DAGs
[2026-05-03T22:50:28.963+0000] {logging_mixin.py:188} INFO - [2026-05-03T22:50:28.962+0000] {dag.py:3947} INFO - Setting next_dagrun for flights_ops_medallion_pipe to 2026-05-03 22:30:00+00:00, run_after=2026-05-03 23:00:00+00:00
[2026-05-03T22:50:29.002+0000] {processor.py:183} INFO - Processing /opt/airflow/dags/flight-pipeline.py took 1.612 seconds
[2026-05-03T22:50:59.424+0000] {processor.py:161} INFO - Started process (PID=16079) to work on /opt/airflow/dags/flight-pipeline.py
[2026-05-03T22:50:59.436+0000] {processor.py:830} INFO - Processing file /opt/airflow/dags/flight-pipeline.py for tasks to queue
[2026-05-03T22:50:59.440+0000] {logging_mixin.py:188} INFO - [2026-05-03T22:50:59.439+0000] {dagbag.py:545} INFO - Filling up the DagBag from /opt/airflow/dags/flight-pipeline.py
[2026-05-03T22:51:01.951+0000] {processor.py:840} INFO - DAG(s) 'flights_ops_medallion_pipe' retrieved from /opt/airflow/dags/flight-pipeline.py
[2026-05-03T22:51:02.078+0000] {logging_mixin.py:188} INFO - [2026-05-03T22:51:02.077+0000] {dag.py:3089} INFO - Sync 1 DAGs
[2026-05-03T22:51:02.170+0000] {logging_mixin.py:188} INFO - [2026-05-03T22:51:02.170+0000] {dag.py:3947} INFO - Setting next_dagrun for flights_ops_medallion_pipe to 2026-05-03 22:30:00+00:00, run_after=2026-05-03 23:00:00+00:00
[2026-05-03T22:51:02.239+0000] {processor.py:183} INFO - Processing /opt/airflow/dags/flight-pipeline.py took 2.840 seconds
[2026-05-03T22:51:32.722+0000] {processor.py:161} INFO - Started process (PID=16082) to work on /opt/airflow/dags/flight-pipeline.py
[2026-05-03T22:51:32.768+0000] {processor.py:830} INFO - Processing file /opt/airflow/dags/flight-pipeline.py for tasks to queue
[2026-05-03T22:51:32.773+0000] {logging_mixin.py:188} INFO - [2026-05-03T22:51:32.771+0000] {dagbag.py:545} INFO - Filling up the DagBag from /opt/airflow/dags/flight-pipeline.py
[2026-05-03T22:51:35.571+0000] {processor.py:840} INFO - DAG(s) 'flights_ops_medallion_pipe' retrieved from /opt/airflow/dags/flight-pipeline.py
[2026-05-03T22:51:35.710+0000] {logging_mixin.py:188} INFO - [2026-05-03T22:51:35.709+0000] {dag.py:3089} INFO - Sync 1 DAGs
[2026-05-03T22:51:35.837+0000] {logging_mixin.py:188} INFO - [2026-05-03T22:51:35.835+0000] {dag.py:3947} INFO - Setting next_dagrun for flights_ops_medallion_pipe to 2026-05-03 22:30:00+00:00, run_after=2026-05-03 23:00:00+00:00
[2026-05-03T22:51:35.939+0000] {processor.py:183} INFO - Processing /opt/airflow/dags/flight-pipeline.py took 3.257 seconds
[2026-05-03T22:52:06.810+0000] {processor.py:161} INFO - Started process (PID=16085) to work on /opt/airflow/dags/flight-pipeline.py
[2026-05-03T22:52:06.846+0000] {processor.py:830} INFO - Processing file /opt/airflow/dags/flight-pipeline.py for tasks to queue
[2026-05-03T22:52:06.850+0000] {logging_mixin.py:188} INFO - [2026-05-03T22:52:06.849+0000] {dagbag.py:545} INFO - Filling up the DagBag from /opt/airflow/dags/flight-pipeline.py
[2026-05-03T22:52:09.696+0000] {processor.py:840} INFO - DAG(s) 'flights_ops_medallion_pipe' retrieved from /opt/airflow/dags/flight-pipeline.py
[2026-05-03T22:52:09.849+0000] {logging_mixin.py:188} INFO - [2026-05-03T22:52:09.847+0000] {dag.py:3089} INFO - Sync 1 DAGs
[2026-05-03T22:52:09.942+0000] {logging_mixin.py:188} INFO - [2026-05-03T22:52:09.941+0000] {dag.py:3947} INFO - Setting next_dagrun for flights_ops_medallion_pipe to 2026-05-03 22:30:00+00:00, run_after=2026-05-03 23:00:00+00:00
[2026-05-03T22:52:10.012+0000] {processor.py:183} INFO - Processing /opt/airflow/dags/flight-pipeline.py took 3.231 seconds
[2026-05-03T22:52:40.925+0000] {processor.py:161} INFO - Started process (PID=16088) to work on /opt/airflow/dags/flight-pipeline.py
[2026-05-03T22:52:40.963+0000] {processor.py:830} INFO - Processing file /opt/airflow/dags/flight-pipeline.py for tasks to queue
[2026-05-03T22:52:40.967+0000] {logging_mixin.py:188} INFO - [2026-05-03T22:52:40.966+0000] {dagbag.py:545} INFO - Filling up the DagBag from /opt/airflow/dags/flight-pipeline.py
[2026-05-03T22:52:43.751+0000] {processor.py:840} INFO - DAG(s) 'flights_ops_medallion_pipe' retrieved from /opt/airflow/dags/flight-pipeline.py
[2026-05-03T22:52:43.885+0000] {logging_mixin.py:188} INFO - [2026-05-03T22:52:43.884+0000] {dag.py:3089} INFO - Sync 1 DAGs
[2026-05-03T22:52:43.976+0000] {logging_mixin.py:188} INFO - [2026-05-03T22:52:43.975+0000] {dag.py:3947} INFO - Setting next_dagrun for flights_ops_medallion_pipe to 2026-05-03 22:30:00+00:00, run_after=2026-05-03 23:00:00+00:00
[2026-05-03T22:52:44.054+0000] {processor.py:183} INFO - Processing /opt/airflow/dags/flight-pipeline.py took 3.191 seconds
[2026-05-03T22:53:14.428+0000] {processor.py:161} INFO - Started process (PID=16091) to work on /opt/airflow/dags/flight-pipeline.py
[2026-05-03T22:53:14.442+0000] {processor.py:830} INFO - Processing file /opt/airflow/dags/flight-pipeline.py for tasks to queue
[2026-05-03T22:53:14.451+0000] {logging_mixin.py:188} INFO - [2026-05-03T22:53:14.450+0000] {dagbag.py:545} INFO - Filling up the DagBag from /opt/airflow/dags/flight-pipeline.py
[2026-05-03T22:53:17.340+0000] {processor.py:840} INFO - DAG(s) 'flights_ops_medallion_pipe' retrieved from /opt/airflow/dags/flight-pipeline.py
[2026-05-03T22:53:17.473+0000] {logging_mixin.py:188} INFO - [2026-05-03T22:53:17.471+0000] {dag.py:3089} INFO - Sync 1 DAGs
[2026-05-03T22:53:17.573+0000] {logging_mixin.py:188} INFO - [2026-05-03T22:53:17.572+0000] {dag.py:3947} INFO - Setting next_dagrun for flights_ops_medallion_pipe to 2026-05-03 22:30:00+00:00, run_after=2026-05-03 23:00:00+00:00
[2026-05-03T22:53:17.642+0000] {processor.py:183} INFO - Processing /opt/airflow/dags/flight-pipeline.py took 3.244 seconds
[2026-05-03T22:53:47.865+0000] {processor.py:161} INFO - Started process (PID=16094) to work on /opt/airflow/dags/flight-pipeline.py
[2026-05-03T22:53:47.877+0000] {processor.py:830} INFO - Processing file /opt/airflow/dags/flight-pipeline.py for tasks to queue
[2026-05-03T22:53:47.881+0000] {logging_mixin.py:188} INFO - [2026-05-03T22:53:47.880+0000] {dagbag.py:545} INFO - Filling up the DagBag from /opt/airflow/dags/flight-pipeline.py
[2026-05-03T22:53:50.557+0000] {processor.py:840} INFO - DAG(s) 'flights_ops_medallion_pipe' retrieved from /opt/airflow/dags/flight-pipeline.py
[2026-05-03T22:53:50.694+0000] {logging_mixin.py:188} INFO - [2026-05-03T22:53:50.692+0000] {dag.py:3089} INFO - Sync 1 DAGs
[2026-05-03T22:53:50.788+0000] {logging_mixin.py:188} INFO - [2026-05-03T22:53:50.788+0000] {dag.py:3947} INFO - Setting next_dagrun for flights_ops_medallion_pipe to 2026-05-03 22:30:00+00:00, run_after=2026-05-03 23:00:00+00:00
[2026-05-03T22:53:50.859+0000] {processor.py:183} INFO - Processing /opt/airflow/dags/flight-pipeline.py took 3.031 seconds
[2026-05-03T22:54:21.212+0000] {processor.py:161} INFO - Started process (PID=16097) to work on /opt/airflow/dags/flight-pipeline.py
[2026-05-03T22:54:21.220+0000] {processor.py:830} INFO - Processing file /opt/airflow/dags/flight-pipeline.py for tasks to queue
[2026-05-03T22:54:21.223+0000] {logging_mixin.py:188} INFO - [2026-05-03T22:54:21.222+0000] {dagbag.py:545} INFO - Filling up the DagBag from /opt/airflow/dags/flight-pipeline.py
[2026-05-03T22:54:23.012+0000] {processor.py:840} INFO - DAG(s) 'flights_ops_medallion_pipe' retrieved from /opt/airflow/dags/flight-pipeline.py
[2026-05-03T22:54:23.087+0000] {logging_mixin.py:188} INFO - [2026-05-03T22:54:23.086+0000] {dag.py:3089} INFO - Sync 1 DAGs
[2026-05-03T22:54:23.141+0000] {logging_mixin.py:188} INFO - [2026-05-03T22:54:23.140+0000] {dag.py:3947} INFO - Setting next_dagrun for flights_ops_medallion_pipe to 2026-05-03 22:30:00+00:00, run_after=2026-05-03 23:00:00+00:00
[2026-05-03T22:54:23.182+0000] {processor.py:183} INFO - Processing /opt/airflow/dags/flight-pipeline.py took 1.987 seconds
[2026-05-03T22:54:53.537+0000] {processor.py:161} INFO - Started process (PID=16100) to work on /opt/airflow/dags/flight-pipeline.py
[2026-05-03T22:54:53.564+0000] {processor.py:830} INFO - Processing file /opt/airflow/dags/flight-pipeline.py for tasks to queue
[2026-05-03T22:54:53.566+0000] {logging_mixin.py:188} INFO - [2026-05-03T22:54:53.565+0000] {dagbag.py:545} INFO - Filling up the DagBag from /opt/airflow/dags/flight-pipeline.py
[2026-05-03T22:54:55.867+0000] {processor.py:840} INFO - DAG(s) 'flights_ops_medallion_pipe' retrieved from /opt/airflow/dags/flight-pipeline.py
[2026-05-03T22:54:55.984+0000] {logging_mixin.py:188} INFO - [2026-05-03T22:54:55.983+0000] {dag.py:3089} INFO - Sync 1 DAGs
[2026-05-03T22:54:56.081+0000] {logging_mixin.py:188} INFO - [2026-05-03T22:54:56.079+0000] {dag.py:3947} INFO - Setting next_dagrun for flights_ops_medallion_pipe to 2026-05-03 22:30:00+00:00, run_after=2026-05-03 23:00:00+00:00
[2026-05-03T22:54:56.130+0000] {processor.py:183} INFO - Processing /opt/airflow/dags/flight-pipeline.py took 2.620 seconds
[2026-05-03T22:55:26.519+0000] {processor.py:161} INFO - Started process (PID=16103) to work on /opt/airflow/dags/flight-pipeline.py
[2026-05-03T22:55:26.532+0000] {processor.py:830} INFO - Processing file /opt/airflow/dags/flight-pipeline.py for tasks to queue
[2026-05-03T22:55:26.537+0000] {logging_mixin.py:188} INFO - [2026-05-03T22:55:26.536+0000] {dagbag.py:545} INFO - Filling up the DagBag from /opt/airflow/dags/flight-pipeline.py
[2026-05-03T22:55:29.208+0000] {processor.py:840} INFO - DAG(s) 'flights_ops_medallion_pipe' retrieved from /opt/airflow/dags/flight-pipeline.py
[2026-05-03T22:55:29.329+0000] {logging_mixin.py:188} INFO - [2026-05-03T22:55:29.328+0000] {dag.py:3089} INFO - Sync 1 DAGs
[2026-05-03T22:55:29.416+0000] {logging_mixin.py:188} INFO - [2026-05-03T22:55:29.415+0000] {dag.py:3947} INFO - Setting next_dagrun for flights_ops_medallion_pipe to 2026-05-03 22:30:00+00:00, run_after=2026-05-03 23:00:00+00:00
[2026-05-03T22:55:29.494+0000] {processor.py:183} INFO - Processing /opt/airflow/dags/flight-pipeline.py took 3.005 seconds
[2026-05-03T22:55:59.936+0000] {processor.py:161} INFO - Started process (PID=16106) to work on /opt/airflow/dags/flight-pipeline.py
[2026-05-03T22:55:59.950+0000] {processor.py:830} INFO - Processing file /opt/airflow/dags/flight-pipeline.py for tasks to queue
[2026-05-03T22:55:59.954+0000] {logging_mixin.py:188} INFO - [2026-05-03T22:55:59.952+0000] {dagbag.py:545} INFO - Filling up the DagBag from /opt/airflow/dags/flight-pipeline.py
[2026-05-03T22:56:02.679+0000] {processor.py:840} INFO - DAG(s) 'flights_ops_medallion_pipe' retrieved from /opt/airflow/dags/flight-pipeline.py
[2026-05-03T22:56:02.802+0000] {logging_mixin.py:188} INFO - [2026-05-03T22:56:02.800+0000] {dag.py:3089} INFO - Sync 1 DAGs
[2026-05-03T22:56:02.894+0000] {logging_mixin.py:188} INFO - [2026-05-03T22:56:02.893+0000] {dag.py:3947} INFO - Setting next_dagrun for flights_ops_medallion_pipe to 2026-05-03 22:30:00+00:00, run_after=2026-05-03 23:00:00+00:00
[2026-05-03T22:56:02.968+0000] {processor.py:183} INFO - Processing /opt/airflow/dags/flight-pipeline.py took 3.060 seconds
[2026-05-03T22:56:33.384+0000] {processor.py:161} INFO - Started process (PID=16109) to work on /opt/airflow/dags/flight-pipeline.py
[2026-05-03T22:56:33.398+0000] {processor.py:830} INFO - Processing file /opt/airflow/dags/flight-pipeline.py for tasks to queue
[2026-05-03T22:56:33.402+0000] {logging_mixin.py:188} INFO - [2026-05-03T22:56:33.401+0000] {dagbag.py:545} INFO - Filling up the DagBag from /opt/airflow/dags/flight-pipeline.py
[2026-05-03T22:56:36.611+0000] {processor.py:840} INFO - DAG(s) 'flights_ops_medallion_pipe' retrieved from /opt/airflow/dags/flight-pipeline.py
[2026-05-03T22:56:36.733+0000] {logging_mixin.py:188} INFO - [2026-05-03T22:56:36.731+0000] {dag.py:3089} INFO - Sync 1 DAGs
[2026-05-03T22:56:36.827+0000] {logging_mixin.py:188} INFO - [2026-05-03T22:56:36.826+0000] {dag.py:3947} INFO - Setting next_dagrun for flights_ops_medallion_pipe to 2026-05-03 22:30:00+00:00, run_after=2026-05-03 23:00:00+00:00
[2026-05-03T22:56:36.899+0000] {processor.py:183} INFO - Processing /opt/airflow/dags/flight-pipeline.py took 3.543 seconds
[2026-05-03T22:57:07.280+0000] {processor.py:161} INFO - Started process (PID=16112) to work on /opt/airflow/dags/flight-pipeline.py
[2026-05-03T22:57:07.289+0000] {processor.py:830} INFO - Processing file /opt/airflow/dags/flight-pipeline.py for tasks to queue
[2026-05-03T22:57:07.292+0000] {logging_mixin.py:188} INFO - [2026-05-03T22:57:07.291+0000] {dagbag.py:545} INFO - Filling up the DagBag from /opt/airflow/dags/flight-pipeline.py
[2026-05-03T22:57:09.092+0000] {processor.py:840} INFO - DAG(s) 'flights_ops_medallion_pipe' retrieved from /opt/airflow/dags/flight-pipeline.py
[2026-05-03T22:57:09.179+0000] {logging_mixin.py:188} INFO - [2026-05-03T22:57:09.178+0000] {dag.py:3089} INFO - Sync 1 DAGs
[2026-05-03T22:57:09.250+0000] {logging_mixin.py:188} INFO - [2026-05-03T22:57:09.250+0000] {dag.py:3947} INFO - Setting next_dagrun for flights_ops_medallion_pipe to 2026-05-03 22:30:00+00:00, run_after=2026-05-03 23:00:00+00:00
[2026-05-03T22:57:09.305+0000] {processor.py:183} INFO - Processing /opt/airflow/dags/flight-pipeline.py took 2.045 seconds
[2026-05-03T22:57:39.592+0000] {processor.py:161} INFO - Started process (PID=16115) to work on /opt/airflow/dags/flight-pipeline.py
[2026-05-03T22:57:39.601+0000] {processor.py:830} INFO - Processing file /opt/airflow/dags/flight-pipeline.py for tasks to queue
[2026-05-03T22:57:39.604+0000] {logging_mixin.py:188} INFO - [2026-05-03T22:57:39.603+0000] {dagbag.py:545} INFO - Filling up the DagBag from /opt/airflow/dags/flight-pipeline.py
[2026-05-03T22:57:41.333+0000] {processor.py:840} INFO - DAG(s) 'flights_ops_medallion_pipe' retrieved from /opt/airflow/dags/flight-pipeline.py
[2026-05-03T22:57:41.427+0000] {logging_mixin.py:188} INFO - [2026-05-03T22:57:41.426+0000] {dag.py:3089} INFO - Sync 1 DAGs
[2026-05-03T22:57:41.494+0000] {logging_mixin.py:188} INFO - [2026-05-03T22:57:41.493+0000] {dag.py:3947} INFO - Setting next_dagrun for flights_ops_medallion_pipe to 2026-05-03 22:30:00+00:00, run_after=2026-05-03 23:00:00+00:00
[2026-05-03T22:57:41.545+0000] {processor.py:183} INFO - Processing /opt/airflow/dags/flight-pipeline.py took 1.974 seconds
[2026-05-03T22:58:11.922+0000] {processor.py:161} INFO - Started process (PID=16118) to work on /opt/airflow/dags/flight-pipeline.py
[2026-05-03T22:58:11.932+0000] {processor.py:830} INFO - Processing file /opt/airflow/dags/flight-pipeline.py for tasks to queue
[2026-05-03T22:58:11.936+0000] {logging_mixin.py:188} INFO - [2026-05-03T22:58:11.935+0000] {dagbag.py:545} INFO - Filling up the DagBag from /opt/airflow/dags/flight-pipeline.py
[2026-05-03T22:58:14.023+0000] {processor.py:840} INFO - DAG(s) 'flights_ops_medallion_pipe' retrieved from /opt/airflow/dags/flight-pipeline.py
[2026-05-03T22:58:14.132+0000] {logging_mixin.py:188} INFO - [2026-05-03T22:58:14.131+0000] {dag.py:3089} INFO - Sync 1 DAGs
[2026-05-03T22:58:14.210+0000] {logging_mixin.py:188} INFO - [2026-05-03T22:58:14.209+0000] {dag.py:3947} INFO - Setting next_dagrun for flights_ops_medallion_pipe to 2026-05-03 22:30:00+00:00, run_after=2026-05-03 23:00:00+00:00
[2026-05-03T22:58:14.270+0000] {processor.py:183} INFO - Processing /opt/airflow/dags/flight-pipeline.py took 2.370 seconds
[2026-05-03T22:58:44.710+0000] {processor.py:161} INFO - Started process (PID=16121) to work on /opt/airflow/dags/flight-pipeline.py
[2026-05-03T22:58:44.723+0000] {processor.py:830} INFO - Processing file /opt/airflow/dags/flight-pipeline.py for tasks to queue
[2026-05-03T22:58:44.727+0000] {logging_mixin.py:188} INFO - [2026-05-03T22:58:44.725+0000] {dagbag.py:545} INFO - Filling up the DagBag from /opt/airflow/dags/flight-pipeline.py
[2026-05-03T22:58:47.549+0000] {processor.py:840} INFO - DAG(s) 'flights_ops_medallion_pipe' retrieved from /opt/airflow/dags/flight-pipeline.py
[2026-05-03T22:58:47.671+0000] {logging_mixin.py:188} INFO - [2026-05-03T22:58:47.669+0000] {dag.py:3089} INFO - Sync 1 DAGs
[2026-05-03T22:58:47.766+0000] {logging_mixin.py:188} INFO - [2026-05-03T22:58:47.765+0000] {dag.py:3947} INFO - Setting next_dagrun for flights_ops_medallion_pipe to 2026-05-03 22:30:00+00:00, run_after=2026-05-03 23:00:00+00:00
[2026-05-03T22:58:47.840+0000] {processor.py:183} INFO - Processing /opt/airflow/dags/flight-pipeline.py took 3.162 seconds
[2026-05-03T22:59:18.102+0000] {processor.py:161} INFO - Started process (PID=16124) to work on /opt/airflow/dags/flight-pipeline.py
[2026-05-03T22:59:18.114+0000] {processor.py:830} INFO - Processing file /opt/airflow/dags/flight-pipeline.py for tasks to queue
[2026-05-03T22:59:18.118+0000] {logging_mixin.py:188} INFO - [2026-05-03T22:59:18.117+0000] {dagbag.py:545} INFO - Filling up the DagBag from /opt/airflow/dags/flight-pipeline.py
[2026-05-03T22:59:21.081+0000] {processor.py:840} INFO - DAG(s) 'flights_ops_medallion_pipe' retrieved from /opt/airflow/dags/flight-pipeline.py
[2026-05-03T22:59:21.194+0000] {logging_mixin.py:188} INFO - [2026-05-03T22:59:21.192+0000] {dag.py:3089} INFO - Sync 1 DAGs
[2026-05-03T22:59:21.276+0000] {logging_mixin.py:188} INFO - [2026-05-03T22:59:21.275+0000] {dag.py:3947} INFO - Setting next_dagrun for flights_ops_medallion_pipe to 2026-05-03 22:30:00+00:00, run_after=2026-05-03 23:00:00+00:00
[2026-05-03T22:59:21.338+0000] {processor.py:183} INFO - Processing /opt/airflow/dags/flight-pipeline.py took 3.267 seconds
[2026-05-03T23:00:59.716+0000] {processor.py:161} INFO - Started process (PID=16127) to work on /opt/airflow/dags/flight-pipeline.py
[2026-05-03T23:00:59.740+0000] {processor.py:830} INFO - Processing file /opt/airflow/dags/flight-pipeline.py for tasks to queue
[2026-05-03T23:01:00.822+0000] {logging_mixin.py:188} INFO - [2026-05-03T23:01:00.715+0000] {dagbag.py:545} INFO - Filling up the DagBag from /opt/airflow/dags/flight-pipeline.py
[2026-05-03T23:01:03.329+0000] {processor.py:840} INFO - DAG(s) 'flights_ops_medallion_pipe' retrieved from /opt/airflow/dags/flight-pipeline.py
[2026-05-03T23:01:03.434+0000] {logging_mixin.py:188} INFO - [2026-05-03T23:01:03.433+0000] {dag.py:3089} INFO - Sync 1 DAGs
[2026-05-03T23:01:03.516+0000] {logging_mixin.py:188} INFO - [2026-05-03T23:01:03.516+0000] {dag.py:3947} INFO - Setting next_dagrun for flights_ops_medallion_pipe to 2026-05-03 23:00:00+00:00, run_after=2026-05-03 23:30:00+00:00
[2026-05-03T23:01:03.556+0000] {processor.py:183} INFO - Processing /opt/airflow/dags/flight-pipeline.py took 3.882 seconds
[2026-05-03T23:01:34.254+0000] {processor.py:161} INFO - Started process (PID=16143) to work on /opt/airflow/dags/flight-pipeline.py
[2026-05-03T23:01:34.291+0000] {processor.py:830} INFO - Processing file /opt/airflow/dags/flight-pipeline.py for tasks to queue
[2026-05-03T23:01:34.318+0000] {logging_mixin.py:188} INFO - [2026-05-03T23:01:34.303+0000] {dagbag.py:545} INFO - Filling up the DagBag from /opt/airflow/dags/flight-pipeline.py
[2026-05-03T23:01:44.873+0000] {processor.py:840} INFO - DAG(s) 'flights_ops_medallion_pipe' retrieved from /opt/airflow/dags/flight-pipeline.py
[2026-05-03T23:01:45.388+0000] {logging_mixin.py:188} INFO - [2026-05-03T23:01:45.379+0000] {dag.py:3089} INFO - Sync 1 DAGs
[2026-05-03T23:01:45.876+0000] {logging_mixin.py:188} INFO - [2026-05-03T23:01:45.874+0000] {dag.py:3947} INFO - Setting next_dagrun for flights_ops_medallion_pipe to 2026-05-03 23:00:00+00:00, run_after=2026-05-03 23:30:00+00:00
[2026-05-03T23:01:46.083+0000] {processor.py:183} INFO - Processing /opt/airflow/dags/flight-pipeline.py took 11.978 seconds
[2026-05-03T23:16:54.436+0000] {processor.py:161} INFO - Started process (PID=16147) to work on /opt/airflow/dags/flight-pipeline.py
[2026-05-03T23:16:54.442+0000] {processor.py:830} INFO - Processing file /opt/airflow/dags/flight-pipeline.py for tasks to queue
[2026-05-03T23:16:54.445+0000] {logging_mixin.py:188} INFO - [2026-05-03T23:16:54.444+0000] {dagbag.py:545} INFO - Filling up the DagBag from /opt/airflow/dags/flight-pipeline.py
[2026-05-03T23:16:55.785+0000] {processor.py:840} INFO - DAG(s) 'flights_ops_medallion_pipe' retrieved from /opt/airflow/dags/flight-pipeline.py
[2026-05-03T23:16:55.911+0000] {logging_mixin.py:188} INFO - [2026-05-03T23:16:55.911+0000] {dag.py:3089} INFO - Sync 1 DAGs
[2026-05-03T23:16:55.959+0000] {logging_mixin.py:188} INFO - [2026-05-03T23:16:55.959+0000] {dag.py:3947} INFO - Setting next_dagrun for flights_ops_medallion_pipe to 2026-05-03 23:00:00+00:00, run_after=2026-05-03 23:30:00+00:00
[2026-05-03T23:16:55.991+0000] {processor.py:183} INFO - Processing /opt/airflow/dags/flight-pipeline.py took 1.573 seconds
[2026-05-03T23:17:26.486+0000] {processor.py:161} INFO - Started process (PID=16172) to work on /opt/airflow/dags/flight-pipeline.py
[2026-05-03T23:17:26.529+0000] {processor.py:830} INFO - Processing file /opt/airflow/dags/flight-pipeline.py for tasks to queue
[2026-05-03T23:17:26.548+0000] {logging_mixin.py:188} INFO - [2026-05-03T23:17:26.538+0000] {dagbag.py:545} INFO - Filling up the DagBag from /opt/airflow/dags/flight-pipeline.py
[2026-05-03T23:17:39.774+0000] {processor.py:840} INFO - DAG(s) 'flights_ops_medallion_pipe' retrieved from /opt/airflow/dags/flight-pipeline.py
[2026-05-03T23:17:40.243+0000] {logging_mixin.py:188} INFO - [2026-05-03T23:17:40.235+0000] {dag.py:3089} INFO - Sync 1 DAGs
[2026-05-03T23:17:40.604+0000] {logging_mixin.py:188} INFO - [2026-05-03T23:17:40.600+0000] {dag.py:3947} INFO - Setting next_dagrun for flights_ops_medallion_pipe to 2026-05-03 23:00:00+00:00, run_after=2026-05-03 23:30:00+00:00
[2026-05-03T23:17:40.865+0000] {processor.py:183} INFO - Processing /opt/airflow/dags/flight-pipeline.py took 14.485 seconds
[2026-05-03T23:34:22.861+0000] {processor.py:161} INFO - Started process (PID=16177) to work on /opt/airflow/dags/flight-pipeline.py
[2026-05-03T23:34:22.869+0000] {processor.py:830} INFO - Processing file /opt/airflow/dags/flight-pipeline.py for tasks to queue
[2026-05-03T23:34:22.871+0000] {logging_mixin.py:188} INFO - [2026-05-03T23:34:22.870+0000] {dagbag.py:545} INFO - Filling up the DagBag from /opt/airflow/dags/flight-pipeline.py
[2026-05-03T23:34:25.263+0000] {processor.py:840} INFO - DAG(s) 'flights_ops_medallion_pipe' retrieved from /opt/airflow/dags/flight-pipeline.py
[2026-05-03T23:34:25.392+0000] {logging_mixin.py:188} INFO - [2026-05-03T23:34:25.391+0000] {dag.py:3089} INFO - Sync 1 DAGs
[2026-05-03T23:34:25.498+0000] {logging_mixin.py:188} INFO - [2026-05-03T23:34:25.498+0000] {dag.py:3947} INFO - Setting next_dagrun for flights_ops_medallion_pipe to 2026-05-03 23:00:00+00:00, run_after=2026-05-03 23:30:00+00:00
[2026-05-03T23:34:25.539+0000] {processor.py:183} INFO - Processing /opt/airflow/dags/flight-pipeline.py took 2.754 seconds
[2026-05-03T23:34:56.734+0000] {processor.py:161} INFO - Started process (PID=16190) to work on /opt/airflow/dags/flight-pipeline.py
[2026-05-03T23:34:56.808+0000] {processor.py:830} INFO - Processing file /opt/airflow/dags/flight-pipeline.py for tasks to queue
[2026-05-03T23:34:56.823+0000] {logging_mixin.py:188} INFO - [2026-05-03T23:34:56.818+0000] {dagbag.py:545} INFO - Filling up the DagBag from /opt/airflow/dags/flight-pipeline.py
[2026-05-03T23:35:22.052+0000] {processor.py:840} INFO - DAG(s) 'flights_ops_medallion_pipe' retrieved from /opt/airflow/dags/flight-pipeline.py
[2026-05-03T23:35:23.427+0000] {logging_mixin.py:188} INFO - [2026-05-03T23:35:23.421+0000] {dag.py:3089} INFO - Sync 1 DAGs
[2026-05-03T23:35:24.997+0000] {logging_mixin.py:188} INFO - [2026-05-03T23:35:24.989+0000] {dag.py:3947} INFO - Setting next_dagrun for flights_ops_medallion_pipe to 2026-05-03 23:00:00+00:00, run_after=2026-05-03 23:30:00+00:00
[2026-05-03T23:35:25.658+0000] {processor.py:183} INFO - Processing /opt/airflow/dags/flight-pipeline.py took 29.215 seconds
[2026-05-03T23:35:56.166+0000] {processor.py:161} INFO - Started process (PID=16194) to work on /opt/airflow/dags/flight-pipeline.py
[2026-05-03T23:35:56.171+0000] {processor.py:830} INFO - Processing file /opt/airflow/dags/flight-pipeline.py for tasks to queue
[2026-05-03T23:35:56.173+0000] {logging_mixin.py:188} INFO - [2026-05-03T23:35:56.172+0000] {dagbag.py:545} INFO - Filling up the DagBag from /opt/airflow/dags/flight-pipeline.py
[2026-05-03T23:35:57.217+0000] {processor.py:840} INFO - DAG(s) 'flights_ops_medallion_pipe' retrieved from /opt/airflow/dags/flight-pipeline.py
[2026-05-03T23:35:57.263+0000] {logging_mixin.py:188} INFO - [2026-05-03T23:35:57.263+0000] {dag.py:3089} INFO - Sync 1 DAGs
[2026-05-03T23:35:57.301+0000] {logging_mixin.py:188} INFO - [2026-05-03T23:35:57.301+0000] {dag.py:3947} INFO - Setting next_dagrun for flights_ops_medallion_pipe to 2026-05-03 23:30:00+00:00, run_after=2026-05-04 00:00:00+00:00
[2026-05-03T23:35:57.329+0000] {processor.py:183} INFO - Processing /opt/airflow/dags/flight-pipeline.py took 1.175 seconds
[2026-05-03T23:36:27.767+0000] {processor.py:161} INFO - Started process (PID=16218) to work on /opt/airflow/dags/flight-pipeline.py
[2026-05-03T23:36:27.785+0000] {processor.py:830} INFO - Processing file /opt/airflow/dags/flight-pipeline.py for tasks to queue
[2026-05-03T23:36:27.802+0000] {logging_mixin.py:188} INFO - [2026-05-03T23:36:27.795+0000] {dagbag.py:545} INFO - Filling up the DagBag from /opt/airflow/dags/flight-pipeline.py
[2026-05-03T23:36:34.970+0000] {processor.py:840} INFO - DAG(s) 'flights_ops_medallion_pipe' retrieved from /opt/airflow/dags/flight-pipeline.py
[2026-05-03T23:36:35.423+0000] {logging_mixin.py:188} INFO - [2026-05-03T23:36:35.420+0000] {dag.py:3089} INFO - Sync 1 DAGs
[2026-05-03T23:36:35.676+0000] {logging_mixin.py:188} INFO - [2026-05-03T23:36:35.675+0000] {dag.py:3947} INFO - Setting next_dagrun for flights_ops_medallion_pipe to 2026-05-03 23:30:00+00:00, run_after=2026-05-04 00:00:00+00:00
[2026-05-03T23:36:35.810+0000] {processor.py:183} INFO - Processing /opt/airflow/dags/flight-pipeline.py took 8.141 seconds
[2026-05-03T23:47:57.653+0000] {processor.py:161} INFO - Started process (PID=16223) to work on /opt/airflow/dags/flight-pipeline.py
[2026-05-03T23:47:57.664+0000] {processor.py:830} INFO - Processing file /opt/airflow/dags/flight-pipeline.py for tasks to queue
[2026-05-03T23:47:57.666+0000] {logging_mixin.py:188} INFO - [2026-05-03T23:47:57.665+0000] {dagbag.py:545} INFO - Filling up the DagBag from /opt/airflow/dags/flight-pipeline.py
[2026-05-03T23:47:59.966+0000] {processor.py:840} INFO - DAG(s) 'flights_ops_medallion_pipe' retrieved from /opt/airflow/dags/flight-pipeline.py
[2026-05-03T23:48:00.162+0000] {logging_mixin.py:188} INFO - [2026-05-03T23:48:00.159+0000] {dag.py:3089} INFO - Sync 1 DAGs
[2026-05-03T23:48:00.249+0000] {logging_mixin.py:188} INFO - [2026-05-03T23:48:00.248+0000] {dag.py:3947} INFO - Setting next_dagrun for flights_ops_medallion_pipe to 2026-05-03 23:30:00+00:00, run_after=2026-05-04 00:00:00+00:00
[2026-05-03T23:48:00.306+0000] {processor.py:183} INFO - Processing /opt/airflow/dags/flight-pipeline.py took 2.702 seconds
[2026-05-03T23:48:34.033+0000] {processor.py:161} INFO - Started process (PID=16236) to work on /opt/airflow/dags/flight-pipeline.py
[2026-05-03T23:48:34.164+0000] {processor.py:830} INFO - Processing file /opt/airflow/dags/flight-pipeline.py for tasks to queue
[2026-05-03T23:48:34.336+0000] {logging_mixin.py:188} INFO - [2026-05-03T23:48:34.241+0000] {dagbag.py:545} INFO - Filling up the DagBag from /opt/airflow/dags/flight-pipeline.py
[2026-05-03T23:49:06.962+0000] {logging_mixin.py:188} INFO - [2026-05-03T23:49:06.418+0000] {timeout.py:68} ERROR - Process timed out, PID: 16236
[2026-05-03T23:49:37.783+0000] {processor.py:161} INFO - Started process (PID=16249) to work on /opt/airflow/dags/flight-pipeline.py
[2026-05-03T23:49:37.789+0000] {processor.py:830} INFO - Processing file /opt/airflow/dags/flight-pipeline.py for tasks to queue
[2026-05-03T23:49:37.791+0000] {logging_mixin.py:188} INFO - [2026-05-03T23:49:37.790+0000] {dagbag.py:545} INFO - Filling up the DagBag from /opt/airflow/dags/flight-pipeline.py
[2026-05-03T23:49:39.148+0000] {processor.py:840} INFO - DAG(s) 'flights_ops_medallion_pipe' retrieved from /opt/airflow/dags/flight-pipeline.py
[2026-05-03T23:49:39.223+0000] {logging_mixin.py:188} INFO - [2026-05-03T23:49:39.222+0000] {dag.py:3089} INFO - Sync 1 DAGs
[2026-05-03T23:49:39.288+0000] {logging_mixin.py:188} INFO - [2026-05-03T23:49:39.287+0000] {dag.py:3947} INFO - Setting next_dagrun for flights_ops_medallion_pipe to 2026-05-03 23:30:00+00:00, run_after=2026-05-04 00:00:00+00:00
[2026-05-03T23:49:39.325+0000] {processor.py:183} INFO - Processing /opt/airflow/dags/flight-pipeline.py took 1.559 seconds
[2026-05-03T23:50:09.545+0000] {processor.py:161} INFO - Started process (PID=16252) to work on /opt/airflow/dags/flight-pipeline.py
[2026-05-03T23:50:09.549+0000] {processor.py:830} INFO - Processing file /opt/airflow/dags/flight-pipeline.py for tasks to queue
[2026-05-03T23:50:09.550+0000] {logging_mixin.py:188} INFO - [2026-05-03T23:50:09.550+0000] {dagbag.py:545} INFO - Filling up the DagBag from /opt/airflow/dags/flight-pipeline.py
[2026-05-03T23:50:10.297+0000] {processor.py:840} INFO - DAG(s) 'flights_ops_medallion_pipe' retrieved from /opt/airflow/dags/flight-pipeline.py
[2026-05-03T23:50:10.333+0000] {logging_mixin.py:188} INFO - [2026-05-03T23:50:10.333+0000] {dag.py:3089} INFO - Sync 1 DAGs
[2026-05-03T23:50:10.362+0000] {logging_mixin.py:188} INFO - [2026-05-03T23:50:10.361+0000] {dag.py:3947} INFO - Setting next_dagrun for flights_ops_medallion_pipe to 2026-05-03 23:30:00+00:00, run_after=2026-05-04 00:00:00+00:00
[2026-05-03T23:50:10.381+0000] {processor.py:183} INFO - Processing /opt/airflow/dags/flight-pipeline.py took 0.846 seconds
[2026-05-03T23:50:40.601+0000] {processor.py:161} INFO - Started process (PID=16255) to work on /opt/airflow/dags/flight-pipeline.py
[2026-05-03T23:50:40.608+0000] {processor.py:830} INFO - Processing file /opt/airflow/dags/flight-pipeline.py for tasks to queue
[2026-05-03T23:50:40.609+0000] {logging_mixin.py:188} INFO - [2026-05-03T23:50:40.609+0000] {dagbag.py:545} INFO - Filling up the DagBag from /opt/airflow/dags/flight-pipeline.py
[2026-05-03T23:50:41.287+0000] {processor.py:840} INFO - DAG(s) 'flights_ops_medallion_pipe' retrieved from /opt/airflow/dags/flight-pipeline.py
[2026-05-03T23:50:41.340+0000] {logging_mixin.py:188} INFO - [2026-05-03T23:50:41.339+0000] {dag.py:3089} INFO - Sync 1 DAGs
[2026-05-03T23:50:41.364+0000] {logging_mixin.py:188} INFO - [2026-05-03T23:50:41.364+0000] {dag.py:3947} INFO - Setting next_dagrun for flights_ops_medallion_pipe to 2026-05-03 23:30:00+00:00, run_after=2026-05-04 00:00:00+00:00
[2026-05-03T23:50:41.384+0000] {processor.py:183} INFO - Processing /opt/airflow/dags/flight-pipeline.py took 0.792 seconds
[2026-05-03T23:51:11.540+0000] {processor.py:161} INFO - Started process (PID=16258) to work on /opt/airflow/dags/flight-pipeline.py
[2026-05-03T23:51:11.545+0000] {processor.py:830} INFO - Processing file /opt/airflow/dags/flight-pipeline.py for tasks to queue
[2026-05-03T23:51:11.547+0000] {logging_mixin.py:188} INFO - [2026-05-03T23:51:11.546+0000] {dagbag.py:545} INFO - Filling up the DagBag from /opt/airflow/dags/flight-pipeline.py
[2026-05-03T23:51:12.263+0000] {processor.py:840} INFO - DAG(s) 'flights_ops_medallion_pipe' retrieved from /opt/airflow/dags/flight-pipeline.py
[2026-05-03T23:51:12.298+0000] {logging_mixin.py:188} INFO - [2026-05-03T23:51:12.298+0000] {dag.py:3089} INFO - Sync 1 DAGs
[2026-05-03T23:51:12.335+0000] {logging_mixin.py:188} INFO - [2026-05-03T23:51:12.335+0000] {dag.py:3947} INFO - Setting next_dagrun for flights_ops_medallion_pipe to 2026-05-03 23:30:00+00:00, run_after=2026-05-04 00:00:00+00:00
[2026-05-03T23:51:12.358+0000] {processor.py:183} INFO - Processing /opt/airflow/dags/flight-pipeline.py took 0.829 seconds
[2026-05-03T23:51:42.617+0000] {processor.py:161} INFO - Started process (PID=16261) to work on /opt/airflow/dags/flight-pipeline.py
[2026-05-03T23:51:42.621+0000] {processor.py:830} INFO - Processing file /opt/airflow/dags/flight-pipeline.py for tasks to queue
[2026-05-03T23:51:42.622+0000] {logging_mixin.py:188} INFO - [2026-05-03T23:51:42.622+0000] {dagbag.py:545} INFO - Filling up the DagBag from /opt/airflow/dags/flight-pipeline.py
[2026-05-03T23:51:43.327+0000] {processor.py:840} INFO - DAG(s) 'flights_ops_medallion_pipe' retrieved from /opt/airflow/dags/flight-pipeline.py
[2026-05-03T23:51:43.363+0000] {logging_mixin.py:188} INFO - [2026-05-03T23:51:43.363+0000] {dag.py:3089} INFO - Sync 1 DAGs
[2026-05-03T23:51:43.390+0000] {logging_mixin.py:188} INFO - [2026-05-03T23:51:43.390+0000] {dag.py:3947} INFO - Setting next_dagrun for flights_ops_medallion_pipe to 2026-05-03 23:30:00+00:00, run_after=2026-05-04 00:00:00+00:00
[2026-05-03T23:51:43.413+0000] {processor.py:183} INFO - Processing /opt/airflow/dags/flight-pipeline.py took 0.806 seconds
[2026-05-03T23:52:13.721+0000] {processor.py:161} INFO - Started process (PID=16264) to work on /opt/airflow/dags/flight-pipeline.py
[2026-05-03T23:52:13.726+0000] {processor.py:830} INFO - Processing file /opt/airflow/dags/flight-pipeline.py for tasks to queue
[2026-05-03T23:52:13.727+0000] {logging_mixin.py:188} INFO - [2026-05-03T23:52:13.726+0000] {dagbag.py:545} INFO - Filling up the DagBag from /opt/airflow/dags/flight-pipeline.py
[2026-05-03T23:52:14.434+0000] {processor.py:840} INFO - DAG(s) 'flights_ops_medallion_pipe' retrieved from /opt/airflow/dags/flight-pipeline.py
[2026-05-03T23:52:14.481+0000] {logging_mixin.py:188} INFO - [2026-05-03T23:52:14.480+0000] {dag.py:3089} INFO - Sync 1 DAGs
[2026-05-03T23:52:14.524+0000] {logging_mixin.py:188} INFO - [2026-05-03T23:52:14.524+0000] {dag.py:3947} INFO - Setting next_dagrun for flights_ops_medallion_pipe to 2026-05-03 23:30:00+00:00, run_after=2026-05-04 00:00:00+00:00
[2026-05-03T23:52:14.555+0000] {processor.py:183} INFO - Processing /opt/airflow/dags/flight-pipeline.py took 0.849 seconds
[2026-05-03T23:52:44.808+0000] {processor.py:161} INFO - Started process (PID=16267) to work on /opt/airflow/dags/flight-pipeline.py
[2026-05-03T23:52:44.812+0000] {processor.py:830} INFO - Processing file /opt/airflow/dags/flight-pipeline.py for tasks to queue
[2026-05-03T23:52:44.814+0000] {logging_mixin.py:188} INFO - [2026-05-03T23:52:44.813+0000] {dagbag.py:545} INFO - Filling up the DagBag from /opt/airflow/dags/flight-pipeline.py
[2026-05-03T23:52:45.497+0000] {processor.py:840} INFO - DAG(s) 'flights_ops_medallion_pipe' retrieved from /opt/airflow/dags/flight-pipeline.py
[2026-05-03T23:52:45.534+0000] {logging_mixin.py:188} INFO - [2026-05-03T23:52:45.533+0000] {dag.py:3089} INFO - Sync 1 DAGs
[2026-05-03T23:52:45.563+0000] {logging_mixin.py:188} INFO - [2026-05-03T23:52:45.563+0000] {dag.py:3947} INFO - Setting next_dagrun for flights_ops_medallion_pipe to 2026-05-03 23:30:00+00:00, run_after=2026-05-04 00:00:00+00:00
[2026-05-03T23:52:45.592+0000] {processor.py:183} INFO - Processing /opt/airflow/dags/flight-pipeline.py took 0.800 seconds
[2026-05-03T23:53:15.833+0000] {processor.py:161} INFO - Started process (PID=16270) to work on /opt/airflow/dags/flight-pipeline.py
[2026-05-03T23:53:15.837+0000] {processor.py:830} INFO - Processing file /opt/airflow/dags/flight-pipeline.py for tasks to queue
[2026-05-03T23:53:15.839+0000] {logging_mixin.py:188} INFO - [2026-05-03T23:53:15.838+0000] {dagbag.py:545} INFO - Filling up the DagBag from /opt/airflow/dags/flight-pipeline.py
[2026-05-03T23:53:16.533+0000] {processor.py:840} INFO - DAG(s) 'flights_ops_medallion_pipe' retrieved from /opt/airflow/dags/flight-pipeline.py
[2026-05-03T23:53:16.570+0000] {logging_mixin.py:188} INFO - [2026-05-03T23:53:16.569+0000] {dag.py:3089} INFO - Sync 1 DAGs
[2026-05-03T23:53:16.594+0000] {logging_mixin.py:188} INFO - [2026-05-03T23:53:16.594+0000] {dag.py:3947} INFO - Setting next_dagrun for flights_ops_medallion_pipe to 2026-05-03 23:30:00+00:00, run_after=2026-05-04 00:00:00+00:00
[2026-05-03T23:53:16.615+0000] {processor.py:183} INFO - Processing /opt/airflow/dags/flight-pipeline.py took 0.790 seconds
[2026-05-03T23:53:46.848+0000] {processor.py:161} INFO - Started process (PID=16273) to work on /opt/airflow/dags/flight-pipeline.py
[2026-05-03T23:53:46.854+0000] {processor.py:830} INFO - Processing file /opt/airflow/dags/flight-pipeline.py for tasks to queue
[2026-05-03T23:53:46.856+0000] {logging_mixin.py:188} INFO - [2026-05-03T23:53:46.855+0000] {dagbag.py:545} INFO - Filling up the DagBag from /opt/airflow/dags/flight-pipeline.py
[2026-05-03T23:53:47.547+0000] {processor.py:840} INFO - DAG(s) 'flights_ops_medallion_pipe' retrieved from /opt/airflow/dags/flight-pipeline.py
[2026-05-03T23:53:47.583+0000] {logging_mixin.py:188} INFO - [2026-05-03T23:53:47.583+0000] {dag.py:3089} INFO - Sync 1 DAGs
[2026-05-03T23:53:47.607+0000] {logging_mixin.py:188} INFO - [2026-05-03T23:53:47.607+0000] {dag.py:3947} INFO - Setting next_dagrun for flights_ops_medallion_pipe to 2026-05-03 23:30:00+00:00, run_after=2026-05-04 00:00:00+00:00
[2026-05-03T23:53:47.629+0000] {processor.py:183} INFO - Processing /opt/airflow/dags/flight-pipeline.py took 0.792 seconds
[2026-05-03T23:54:17.838+0000] {processor.py:161} INFO - Started process (PID=16276) to work on /opt/airflow/dags/flight-pipeline.py
[2026-05-03T23:54:17.853+0000] {processor.py:830} INFO - Processing file /opt/airflow/dags/flight-pipeline.py for tasks to queue
[2026-05-03T23:54:17.854+0000] {logging_mixin.py:188} INFO - [2026-05-03T23:54:17.854+0000] {dagbag.py:545} INFO - Filling up the DagBag from /opt/airflow/dags/flight-pipeline.py
[2026-05-03T23:54:18.538+0000] {processor.py:840} INFO - DAG(s) 'flights_ops_medallion_pipe' retrieved from /opt/airflow/dags/flight-pipeline.py
[2026-05-03T23:54:18.582+0000] {logging_mixin.py:188} INFO - [2026-05-03T23:54:18.581+0000] {dag.py:3089} INFO - Sync 1 DAGs
[2026-05-03T23:54:18.607+0000] {logging_mixin.py:188} INFO - [2026-05-03T23:54:18.607+0000] {dag.py:3947} INFO - Setting next_dagrun for flights_ops_medallion_pipe to 2026-05-03 23:30:00+00:00, run_after=2026-05-04 00:00:00+00:00
[2026-05-03T23:54:18.628+0000] {processor.py:183} INFO - Processing /opt/airflow/dags/flight-pipeline.py took 0.797 seconds
[2026-05-03T23:54:48.877+0000] {processor.py:161} INFO - Started process (PID=16279) to work on /opt/airflow/dags/flight-pipeline.py
[2026-05-03T23:54:48.882+0000] {processor.py:830} INFO - Processing file /opt/airflow/dags/flight-pipeline.py for tasks to queue
[2026-05-03T23:54:48.883+0000] {logging_mixin.py:188} INFO - [2026-05-03T23:54:48.882+0000] {dagbag.py:545} INFO - Filling up the DagBag from /opt/airflow/dags/flight-pipeline.py
[2026-05-03T23:54:49.565+0000] {processor.py:840} INFO - DAG(s) 'flights_ops_medallion_pipe' retrieved from /opt/airflow/dags/flight-pipeline.py
[2026-05-03T23:54:49.605+0000] {logging_mixin.py:188} INFO - [2026-05-03T23:54:49.605+0000] {dag.py:3089} INFO - Sync 1 DAGs
[2026-05-03T23:54:49.631+0000] {logging_mixin.py:188} INFO - [2026-05-03T23:54:49.631+0000] {dag.py:3947} INFO - Setting next_dagrun for flights_ops_medallion_pipe to 2026-05-03 23:30:00+00:00, run_after=2026-05-04 00:00:00+00:00
[2026-05-03T23:54:49.650+0000] {processor.py:183} INFO - Processing /opt/airflow/dags/flight-pipeline.py took 0.781 seconds
[2026-05-03T23:55:19.892+0000] {processor.py:161} INFO - Started process (PID=16282) to work on /opt/airflow/dags/flight-pipeline.py
[2026-05-03T23:55:19.907+0000] {processor.py:830} INFO - Processing file /opt/airflow/dags/flight-pipeline.py for tasks to queue
[2026-05-03T23:55:19.909+0000] {logging_mixin.py:188} INFO - [2026-05-03T23:55:19.908+0000] {dagbag.py:545} INFO - Filling up the DagBag from /opt/airflow/dags/flight-pipeline.py
[2026-05-03T23:55:20.607+0000] {processor.py:840} INFO - DAG(s) 'flights_ops_medallion_pipe' retrieved from /opt/airflow/dags/flight-pipeline.py
[2026-05-03T23:55:20.643+0000] {logging_mixin.py:188} INFO - [2026-05-03T23:55:20.642+0000] {dag.py:3089} INFO - Sync 1 DAGs
[2026-05-03T23:55:20.667+0000] {logging_mixin.py:188} INFO - [2026-05-03T23:55:20.667+0000] {dag.py:3947} INFO - Setting next_dagrun for flights_ops_medallion_pipe to 2026-05-03 23:30:00+00:00, run_after=2026-05-04 00:00:00+00:00
[2026-05-03T23:55:20.688+0000] {processor.py:183} INFO - Processing /opt/airflow/dags/flight-pipeline.py took 0.804 seconds
[2026-05-03T23:55:50.925+0000] {processor.py:161} INFO - Started process (PID=16285) to work on /opt/airflow/dags/flight-pipeline.py
[2026-05-03T23:55:50.929+0000] {processor.py:830} INFO - Processing file /opt/airflow/dags/flight-pipeline.py for tasks to queue
[2026-05-03T23:55:50.930+0000] {logging_mixin.py:188} INFO - [2026-05-03T23:55:50.929+0000] {dagbag.py:545} INFO - Filling up the DagBag from /opt/airflow/dags/flight-pipeline.py
[2026-05-03T23:55:51.632+0000] {processor.py:840} INFO - DAG(s) 'flights_ops_medallion_pipe' retrieved from /opt/airflow/dags/flight-pipeline.py
[2026-05-03T23:55:51.666+0000] {logging_mixin.py:188} INFO - [2026-05-03T23:55:51.665+0000] {dag.py:3089} INFO - Sync 1 DAGs
[2026-05-03T23:55:51.693+0000] {logging_mixin.py:188} INFO - [2026-05-03T23:55:51.693+0000] {dag.py:3947} INFO - Setting next_dagrun for flights_ops_medallion_pipe to 2026-05-03 23:30:00+00:00, run_after=2026-05-04 00:00:00+00:00
[2026-05-03T23:55:51.712+0000] {processor.py:183} INFO - Processing /opt/airflow/dags/flight-pipeline.py took 0.796 seconds
[2026-05-03T23:56:21.950+0000] {processor.py:161} INFO - Started process (PID=16288) to work on /opt/airflow/dags/flight-pipeline.py
[2026-05-03T23:56:21.961+0000] {processor.py:830} INFO - Processing file /opt/airflow/dags/flight-pipeline.py for tasks to queue
[2026-05-03T23:56:21.963+0000] {logging_mixin.py:188} INFO - [2026-05-03T23:56:21.962+0000] {dagbag.py:545} INFO - Filling up the DagBag from /opt/airflow/dags/flight-pipeline.py
[2026-05-03T23:56:22.652+0000] {processor.py:840} INFO - DAG(s) 'flights_ops_medallion_pipe' retrieved from /opt/airflow/dags/flight-pipeline.py
[2026-05-03T23:56:22.701+0000] {logging_mixin.py:188} INFO - [2026-05-03T23:56:22.701+0000] {dag.py:3089} INFO - Sync 1 DAGs
[2026-05-03T23:56:22.730+0000] {logging_mixin.py:188} INFO - [2026-05-03T23:56:22.730+0000] {dag.py:3947} INFO - Setting next_dagrun for flights_ops_medallion_pipe to 2026-05-03 23:30:00+00:00, run_after=2026-05-04 00:00:00+00:00
[2026-05-03T23:56:22.752+0000] {processor.py:183} INFO - Processing /opt/airflow/dags/flight-pipeline.py took 0.813 seconds
[2026-05-03T23:56:52.899+0000] {processor.py:161} INFO - Started process (PID=16291) to work on /opt/airflow/dags/flight-pipeline.py
[2026-05-03T23:56:52.904+0000] {processor.py:830} INFO - Processing file /opt/airflow/dags/flight-pipeline.py for tasks to queue
[2026-05-03T23:56:52.907+0000] {logging_mixin.py:188} INFO - [2026-05-03T23:56:52.905+0000] {dagbag.py:545} INFO - Filling up the DagBag from /opt/airflow/dags/flight-pipeline.py
[2026-05-03T23:56:53.607+0000] {processor.py:840} INFO - DAG(s) 'flights_ops_medallion_pipe' retrieved from /opt/airflow/dags/flight-pipeline.py
[2026-05-03T23:56:53.641+0000] {logging_mixin.py:188} INFO - [2026-05-03T23:56:53.641+0000] {dag.py:3089} INFO - Sync 1 DAGs
[2026-05-03T23:56:53.666+0000] {logging_mixin.py:188} INFO - [2026-05-03T23:56:53.666+0000] {dag.py:3947} INFO - Setting next_dagrun for flights_ops_medallion_pipe to 2026-05-03 23:30:00+00:00, run_after=2026-05-04 00:00:00+00:00
[2026-05-03T23:56:53.685+0000] {processor.py:183} INFO - Processing /opt/airflow/dags/flight-pipeline.py took 0.795 seconds
[2026-05-03T23:57:23.942+0000] {processor.py:161} INFO - Started process (PID=16294) to work on /opt/airflow/dags/flight-pipeline.py
[2026-05-03T23:57:23.946+0000] {processor.py:830} INFO - Processing file /opt/airflow/dags/flight-pipeline.py for tasks to queue
[2026-05-03T23:57:23.947+0000] {logging_mixin.py:188} INFO - [2026-05-03T23:57:23.947+0000] {dagbag.py:545} INFO - Filling up the DagBag from /opt/airflow/dags/flight-pipeline.py
[2026-05-03T23:57:24.650+0000] {processor.py:840} INFO - DAG(s) 'flights_ops_medallion_pipe' retrieved from /opt/airflow/dags/flight-pipeline.py
[2026-05-03T23:57:24.686+0000] {logging_mixin.py:188} INFO - [2026-05-03T23:57:24.685+0000] {dag.py:3089} INFO - Sync 1 DAGs
[2026-05-03T23:57:24.713+0000] {logging_mixin.py:188} INFO - [2026-05-03T23:57:24.713+0000] {dag.py:3947} INFO - Setting next_dagrun for flights_ops_medallion_pipe to 2026-05-03 23:30:00+00:00, run_after=2026-05-04 00:00:00+00:00
[2026-05-03T23:57:24.733+0000] {processor.py:183} INFO - Processing /opt/airflow/dags/flight-pipeline.py took 0.802 seconds
[2026-05-03T23:57:55.264+0000] {processor.py:161} INFO - Started process (PID=16297) to work on /opt/airflow/dags/flight-pipeline.py
[2026-05-03T23:57:55.282+0000] {processor.py:830} INFO - Processing file /opt/airflow/dags/flight-pipeline.py for tasks to queue
[2026-05-03T23:57:55.286+0000] {logging_mixin.py:188} INFO - [2026-05-03T23:57:55.285+0000] {dagbag.py:545} INFO - Filling up the DagBag from /opt/airflow/dags/flight-pipeline.py
[2026-05-03T23:57:57.970+0000] {processor.py:840} INFO - DAG(s) 'flights_ops_medallion_pipe' retrieved from /opt/airflow/dags/flight-pipeline.py
[2026-05-03T23:57:58.111+0000] {logging_mixin.py:188} INFO - [2026-05-03T23:57:58.109+0000] {dag.py:3089} INFO - Sync 1 DAGs
[2026-05-03T23:57:58.190+0000] {logging_mixin.py:188} INFO - [2026-05-03T23:57:58.189+0000] {dag.py:3947} INFO - Setting next_dagrun for flights_ops_medallion_pipe to 2026-05-03 23:30:00+00:00, run_after=2026-05-04 00:00:00+00:00
[2026-05-03T23:57:58.249+0000] {processor.py:183} INFO - Processing /opt/airflow/dags/flight-pipeline.py took 3.022 seconds
[2026-05-03T23:58:28.589+0000] {processor.py:161} INFO - Started process (PID=16300) to work on /opt/airflow/dags/flight-pipeline.py
[2026-05-03T23:58:28.594+0000] {processor.py:830} INFO - Processing file /opt/airflow/dags/flight-pipeline.py for tasks to queue
[2026-05-03T23:58:28.596+0000] {logging_mixin.py:188} INFO - [2026-05-03T23:58:28.596+0000] {dagbag.py:545} INFO - Filling up the DagBag from /opt/airflow/dags/flight-pipeline.py
[2026-05-03T23:58:29.318+0000] {processor.py:840} INFO - DAG(s) 'flights_ops_medallion_pipe' retrieved from /opt/airflow/dags/flight-pipeline.py
[2026-05-03T23:58:29.395+0000] {logging_mixin.py:188} INFO - [2026-05-03T23:58:29.394+0000] {dag.py:3089} INFO - Sync 1 DAGs
[2026-05-03T23:58:29.423+0000] {logging_mixin.py:188} INFO - [2026-05-03T23:58:29.423+0000] {dag.py:3947} INFO - Setting next_dagrun for flights_ops_medallion_pipe to 2026-05-03 23:30:00+00:00, run_after=2026-05-04 00:00:00+00:00
[2026-05-03T23:58:29.453+0000] {processor.py:183} INFO - Processing /opt/airflow/dags/flight-pipeline.py took 0.875 seconds
[2026-05-03T23:58:59.684+0000] {processor.py:161} INFO - Started process (PID=16303) to work on /opt/airflow/dags/flight-pipeline.py
[2026-05-03T23:58:59.688+0000] {processor.py:830} INFO - Processing file /opt/airflow/dags/flight-pipeline.py for tasks to queue
[2026-05-03T23:58:59.689+0000] {logging_mixin.py:188} INFO - [2026-05-03T23:58:59.689+0000] {dagbag.py:545} INFO - Filling up the DagBag from /opt/airflow/dags/flight-pipeline.py
[2026-05-03T23:59:00.390+0000] {processor.py:840} INFO - DAG(s) 'flights_ops_medallion_pipe' retrieved from /opt/airflow/dags/flight-pipeline.py
[2026-05-03T23:59:00.431+0000] {logging_mixin.py:188} INFO - [2026-05-03T23:59:00.430+0000] {dag.py:3089} INFO - Sync 1 DAGs
[2026-05-03T23:59:00.458+0000] {logging_mixin.py:188} INFO - [2026-05-03T23:59:00.458+0000] {dag.py:3947} INFO - Setting next_dagrun for flights_ops_medallion_pipe to 2026-05-03 23:30:00+00:00, run_after=2026-05-04 00:00:00+00:00
[2026-05-03T23:59:00.484+0000] {processor.py:183} INFO - Processing /opt/airflow/dags/flight-pipeline.py took 0.809 seconds
[2026-05-03T23:59:30.729+0000] {processor.py:161} INFO - Started process (PID=16306) to work on /opt/airflow/dags/flight-pipeline.py
[2026-05-03T23:59:30.734+0000] {processor.py:830} INFO - Processing file /opt/airflow/dags/flight-pipeline.py for tasks to queue
[2026-05-03T23:59:30.735+0000] {logging_mixin.py:188} INFO - [2026-05-03T23:59:30.734+0000] {dagbag.py:545} INFO - Filling up the DagBag from /opt/airflow/dags/flight-pipeline.py
[2026-05-03T23:59:31.503+0000] {processor.py:840} INFO - DAG(s) 'flights_ops_medallion_pipe' retrieved from /opt/airflow/dags/flight-pipeline.py
[2026-05-03T23:59:31.547+0000] {logging_mixin.py:188} INFO - [2026-05-03T23:59:31.547+0000] {dag.py:3089} INFO - Sync 1 DAGs
[2026-05-03T23:59:31.575+0000] {logging_mixin.py:188} INFO - [2026-05-03T23:59:31.575+0000] {dag.py:3947} INFO - Setting next_dagrun for flights_ops_medallion_pipe to 2026-05-03 23:30:00+00:00, run_after=2026-05-04 00:00:00+00:00
[2026-05-03T23:59:31.603+0000] {processor.py:183} INFO - Processing /opt/airflow/dags/flight-pipeline.py took 0.886 seconds
