[2026-05-02T00:14:41.527+0000] {processor.py:161} INFO - Started process (PID=8524) to work on /opt/airflow/dags/flight-pipeline.py
[2026-05-02T00:14:41.542+0000] {processor.py:830} INFO - Processing file /opt/airflow/dags/flight-pipeline.py for tasks to queue
[2026-05-02T00:14:41.569+0000] {logging_mixin.py:188} INFO - [2026-05-02T00:14:41.559+0000] {dagbag.py:545} INFO - Filling up the DagBag from /opt/airflow/dags/flight-pipeline.py
[2026-05-02T00:14:43.866+0000] {processor.py:840} INFO - DAG(s) 'flights_ops_medallion_pipe' retrieved from /opt/airflow/dags/flight-pipeline.py
[2026-05-02T00:14:43.993+0000] {logging_mixin.py:188} INFO - [2026-05-02T00:14:43.992+0000] {dag.py:3089} INFO - Sync 1 DAGs
[2026-05-02T00:14:44.130+0000] {logging_mixin.py:188} INFO - [2026-05-02T00:14:44.129+0000] {dag.py:3947} INFO - Setting next_dagrun for flights_ops_medallion_pipe to 2026-05-01 23:30:00+00:00, run_after=2026-05-02 00:00:00+00:00
[2026-05-02T00:14:44.217+0000] {processor.py:183} INFO - Processing /opt/airflow/dags/flight-pipeline.py took 2.856 seconds
[2026-05-02T01:15:33.291+0000] {processor.py:161} INFO - Started process (PID=8527) to work on /opt/airflow/dags/flight-pipeline.py
[2026-05-02T01:15:33.295+0000] {processor.py:830} INFO - Processing file /opt/airflow/dags/flight-pipeline.py for tasks to queue
[2026-05-02T01:15:33.301+0000] {logging_mixin.py:188} INFO - [2026-05-02T01:15:33.298+0000] {dagbag.py:545} INFO - Filling up the DagBag from /opt/airflow/dags/flight-pipeline.py
[2026-05-02T01:15:34.989+0000] {processor.py:840} INFO - DAG(s) 'flights_ops_medallion_pipe' retrieved from /opt/airflow/dags/flight-pipeline.py
[2026-05-02T01:15:35.071+0000] {logging_mixin.py:188} INFO - [2026-05-02T01:15:35.070+0000] {dag.py:3089} INFO - Sync 1 DAGs
[2026-05-02T01:15:35.194+0000] {logging_mixin.py:188} INFO - [2026-05-02T01:15:35.193+0000] {dag.py:3947} INFO - Setting next_dagrun for flights_ops_medallion_pipe to 2026-05-02 00:30:00+00:00, run_after=2026-05-02 01:00:00+00:00
[2026-05-02T01:15:35.265+0000] {processor.py:183} INFO - Processing /opt/airflow/dags/flight-pipeline.py took 2.020 seconds
[2026-05-02T01:16:14.525+0000] {processor.py:161} INFO - Started process (PID=8530) to work on /opt/airflow/dags/flight-pipeline.py
[2026-05-02T01:16:14.543+0000] {processor.py:830} INFO - Processing file /opt/airflow/dags/flight-pipeline.py for tasks to queue
[2026-05-02T01:16:14.558+0000] {logging_mixin.py:188} INFO - [2026-05-02T01:16:14.549+0000] {dagbag.py:545} INFO - Filling up the DagBag from /opt/airflow/dags/flight-pipeline.py
[2026-05-02T01:16:19.789+0000] {processor.py:840} INFO - DAG(s) 'flights_ops_medallion_pipe' retrieved from /opt/airflow/dags/flight-pipeline.py
[2026-05-02T01:16:20.054+0000] {logging_mixin.py:188} INFO - [2026-05-02T01:16:20.049+0000] {dag.py:3089} INFO - Sync 1 DAGs
[2026-05-02T01:16:20.212+0000] {logging_mixin.py:188} INFO - [2026-05-02T01:16:20.211+0000] {dag.py:3947} INFO - Setting next_dagrun for flights_ops_medallion_pipe to 2026-05-02 00:30:00+00:00, run_after=2026-05-02 01:00:00+00:00
[2026-05-02T01:16:20.290+0000] {processor.py:183} INFO - Processing /opt/airflow/dags/flight-pipeline.py took 5.991 seconds
[2026-05-02T01:33:08.988+0000] {processor.py:161} INFO - Started process (PID=8533) to work on /opt/airflow/dags/flight-pipeline.py
[2026-05-02T01:33:08.998+0000] {processor.py:830} INFO - Processing file /opt/airflow/dags/flight-pipeline.py for tasks to queue
[2026-05-02T01:33:08.999+0000] {logging_mixin.py:188} INFO - [2026-05-02T01:33:08.999+0000] {dagbag.py:545} INFO - Filling up the DagBag from /opt/airflow/dags/flight-pipeline.py
[2026-05-02T01:33:10.629+0000] {processor.py:840} INFO - DAG(s) 'flights_ops_medallion_pipe' retrieved from /opt/airflow/dags/flight-pipeline.py
[2026-05-02T01:33:10.688+0000] {logging_mixin.py:188} INFO - [2026-05-02T01:33:10.686+0000] {dag.py:3089} INFO - Sync 1 DAGs
[2026-05-02T01:33:10.734+0000] {logging_mixin.py:188} INFO - [2026-05-02T01:33:10.734+0000] {dag.py:3947} INFO - Setting next_dagrun for flights_ops_medallion_pipe to 2026-05-02 01:00:00+00:00, run_after=2026-05-02 01:30:00+00:00
[2026-05-02T01:33:10.773+0000] {processor.py:183} INFO - Processing /opt/airflow/dags/flight-pipeline.py took 1.966 seconds
[2026-05-02T01:33:41.083+0000] {processor.py:161} INFO - Started process (PID=8537) to work on /opt/airflow/dags/flight-pipeline.py
[2026-05-02T01:33:41.085+0000] {processor.py:830} INFO - Processing file /opt/airflow/dags/flight-pipeline.py for tasks to queue
[2026-05-02T01:33:41.087+0000] {logging_mixin.py:188} INFO - [2026-05-02T01:33:41.086+0000] {dagbag.py:545} INFO - Filling up the DagBag from /opt/airflow/dags/flight-pipeline.py
[2026-05-02T01:33:42.644+0000] {processor.py:840} INFO - DAG(s) 'flights_ops_medallion_pipe' retrieved from /opt/airflow/dags/flight-pipeline.py
[2026-05-02T01:33:42.715+0000] {logging_mixin.py:188} INFO - [2026-05-02T01:33:42.714+0000] {dag.py:3089} INFO - Sync 1 DAGs
[2026-05-02T01:33:42.808+0000] {logging_mixin.py:188} INFO - [2026-05-02T01:33:42.808+0000] {dag.py:3947} INFO - Setting next_dagrun for flights_ops_medallion_pipe to 2026-05-02 01:30:00+00:00, run_after=2026-05-02 02:00:00+00:00
[2026-05-02T01:33:42.865+0000] {processor.py:183} INFO - Processing /opt/airflow/dags/flight-pipeline.py took 1.805 seconds
[2026-05-02T01:34:13.071+0000] {processor.py:161} INFO - Started process (PID=8583) to work on /opt/airflow/dags/flight-pipeline.py
[2026-05-02T01:34:13.073+0000] {processor.py:830} INFO - Processing file /opt/airflow/dags/flight-pipeline.py for tasks to queue
[2026-05-02T01:34:13.074+0000] {logging_mixin.py:188} INFO - [2026-05-02T01:34:13.074+0000] {dagbag.py:545} INFO - Filling up the DagBag from /opt/airflow/dags/flight-pipeline.py
[2026-05-02T01:34:14.097+0000] {processor.py:840} INFO - DAG(s) 'flights_ops_medallion_pipe' retrieved from /opt/airflow/dags/flight-pipeline.py
[2026-05-02T01:34:14.141+0000] {logging_mixin.py:188} INFO - [2026-05-02T01:34:14.140+0000] {dag.py:3089} INFO - Sync 1 DAGs
[2026-05-02T01:34:14.179+0000] {logging_mixin.py:188} INFO - [2026-05-02T01:34:14.178+0000] {dag.py:3947} INFO - Setting next_dagrun for flights_ops_medallion_pipe to 2026-05-02 01:30:00+00:00, run_after=2026-05-02 02:00:00+00:00
[2026-05-02T01:34:14.202+0000] {processor.py:183} INFO - Processing /opt/airflow/dags/flight-pipeline.py took 1.139 seconds
[2026-05-02T01:34:44.251+0000] {processor.py:161} INFO - Started process (PID=8586) to work on /opt/airflow/dags/flight-pipeline.py
[2026-05-02T01:34:44.253+0000] {processor.py:830} INFO - Processing file /opt/airflow/dags/flight-pipeline.py for tasks to queue
[2026-05-02T01:34:44.254+0000] {logging_mixin.py:188} INFO - [2026-05-02T01:34:44.254+0000] {dagbag.py:545} INFO - Filling up the DagBag from /opt/airflow/dags/flight-pipeline.py
[2026-05-02T01:42:37.782+0000] {logging_mixin.py:188} INFO - [2026-05-02T01:42:37.777+0000] {timeout.py:68} ERROR - Process timed out, PID: 8586
[2026-05-02T01:43:09.147+0000] {processor.py:161} INFO - Started process (PID=8588) to work on /opt/airflow/dags/flight-pipeline.py
[2026-05-02T01:43:09.149+0000] {processor.py:830} INFO - Processing file /opt/airflow/dags/flight-pipeline.py for tasks to queue
[2026-05-02T01:43:09.151+0000] {logging_mixin.py:188} INFO - [2026-05-02T01:43:09.150+0000] {dagbag.py:545} INFO - Filling up the DagBag from /opt/airflow/dags/flight-pipeline.py
[2026-05-02T01:43:10.399+0000] {processor.py:840} INFO - DAG(s) 'flights_ops_medallion_pipe' retrieved from /opt/airflow/dags/flight-pipeline.py
[2026-05-02T01:43:10.452+0000] {logging_mixin.py:188} INFO - [2026-05-02T01:43:10.452+0000] {dag.py:3089} INFO - Sync 1 DAGs
[2026-05-02T01:43:10.532+0000] {logging_mixin.py:188} INFO - [2026-05-02T01:43:10.531+0000] {dag.py:3947} INFO - Setting next_dagrun for flights_ops_medallion_pipe to 2026-05-02 01:30:00+00:00, run_after=2026-05-02 02:00:00+00:00
[2026-05-02T01:43:10.580+0000] {processor.py:183} INFO - Processing /opt/airflow/dags/flight-pipeline.py took 1.465 seconds
[2026-05-02T01:43:40.787+0000] {processor.py:161} INFO - Started process (PID=8591) to work on /opt/airflow/dags/flight-pipeline.py
[2026-05-02T01:43:40.790+0000] {processor.py:830} INFO - Processing file /opt/airflow/dags/flight-pipeline.py for tasks to queue
[2026-05-02T01:43:40.796+0000] {logging_mixin.py:188} INFO - [2026-05-02T01:43:40.794+0000] {dagbag.py:545} INFO - Filling up the DagBag from /opt/airflow/dags/flight-pipeline.py
[2026-05-02T01:43:41.561+0000] {processor.py:840} INFO - DAG(s) 'flights_ops_medallion_pipe' retrieved from /opt/airflow/dags/flight-pipeline.py
[2026-05-02T01:43:41.600+0000] {logging_mixin.py:188} INFO - [2026-05-02T01:43:41.600+0000] {dag.py:3089} INFO - Sync 1 DAGs
[2026-05-02T01:43:41.642+0000] {logging_mixin.py:188} INFO - [2026-05-02T01:43:41.641+0000] {dag.py:3947} INFO - Setting next_dagrun for flights_ops_medallion_pipe to 2026-05-02 01:30:00+00:00, run_after=2026-05-02 02:00:00+00:00
[2026-05-02T01:43:41.667+0000] {processor.py:183} INFO - Processing /opt/airflow/dags/flight-pipeline.py took 0.888 seconds
[2026-05-02T01:44:11.828+0000] {processor.py:161} INFO - Started process (PID=8616) to work on /opt/airflow/dags/flight-pipeline.py
[2026-05-02T01:44:11.829+0000] {processor.py:830} INFO - Processing file /opt/airflow/dags/flight-pipeline.py for tasks to queue
[2026-05-02T01:44:11.830+0000] {logging_mixin.py:188} INFO - [2026-05-02T01:44:11.830+0000] {dagbag.py:545} INFO - Filling up the DagBag from /opt/airflow/dags/flight-pipeline.py
[2026-05-02T01:44:12.490+0000] {processor.py:840} INFO - DAG(s) 'flights_ops_medallion_pipe' retrieved from /opt/airflow/dags/flight-pipeline.py
[2026-05-02T01:44:12.528+0000] {logging_mixin.py:188} INFO - [2026-05-02T01:44:12.527+0000] {dag.py:3089} INFO - Sync 1 DAGs
[2026-05-02T01:44:12.555+0000] {logging_mixin.py:188} INFO - [2026-05-02T01:44:12.554+0000] {dag.py:3947} INFO - Setting next_dagrun for flights_ops_medallion_pipe to 2026-05-02 01:30:00+00:00, run_after=2026-05-02 02:00:00+00:00
[2026-05-02T01:44:12.589+0000] {processor.py:183} INFO - Processing /opt/airflow/dags/flight-pipeline.py took 0.768 seconds
[2026-05-02T01:44:42.765+0000] {processor.py:161} INFO - Started process (PID=8619) to work on /opt/airflow/dags/flight-pipeline.py
[2026-05-02T01:44:42.766+0000] {processor.py:830} INFO - Processing file /opt/airflow/dags/flight-pipeline.py for tasks to queue
[2026-05-02T01:44:42.767+0000] {logging_mixin.py:188} INFO - [2026-05-02T01:44:42.767+0000] {dagbag.py:545} INFO - Filling up the DagBag from /opt/airflow/dags/flight-pipeline.py
[2026-05-02T01:44:43.432+0000] {processor.py:840} INFO - DAG(s) 'flights_ops_medallion_pipe' retrieved from /opt/airflow/dags/flight-pipeline.py
[2026-05-02T01:44:43.466+0000] {logging_mixin.py:188} INFO - [2026-05-02T01:44:43.466+0000] {dag.py:3089} INFO - Sync 1 DAGs
[2026-05-02T01:44:43.494+0000] {logging_mixin.py:188} INFO - [2026-05-02T01:44:43.494+0000] {dag.py:3947} INFO - Setting next_dagrun for flights_ops_medallion_pipe to 2026-05-02 01:30:00+00:00, run_after=2026-05-02 02:00:00+00:00
[2026-05-02T01:44:43.514+0000] {processor.py:183} INFO - Processing /opt/airflow/dags/flight-pipeline.py took 0.757 seconds
[2026-05-02T01:45:13.693+0000] {processor.py:161} INFO - Started process (PID=8622) to work on /opt/airflow/dags/flight-pipeline.py
[2026-05-02T01:45:13.695+0000] {processor.py:830} INFO - Processing file /opt/airflow/dags/flight-pipeline.py for tasks to queue
[2026-05-02T01:45:13.696+0000] {logging_mixin.py:188} INFO - [2026-05-02T01:45:13.696+0000] {dagbag.py:545} INFO - Filling up the DagBag from /opt/airflow/dags/flight-pipeline.py
[2026-05-02T01:45:14.638+0000] {processor.py:840} INFO - DAG(s) 'flights_ops_medallion_pipe' retrieved from /opt/airflow/dags/flight-pipeline.py
[2026-05-02T01:45:14.680+0000] {logging_mixin.py:188} INFO - [2026-05-02T01:45:14.679+0000] {dag.py:3089} INFO - Sync 1 DAGs
[2026-05-02T01:45:14.715+0000] {logging_mixin.py:188} INFO - [2026-05-02T01:45:14.715+0000] {dag.py:3947} INFO - Setting next_dagrun for flights_ops_medallion_pipe to 2026-05-02 01:30:00+00:00, run_after=2026-05-02 02:00:00+00:00
[2026-05-02T01:45:14.734+0000] {processor.py:183} INFO - Processing /opt/airflow/dags/flight-pipeline.py took 1.049 seconds
[2026-05-02T01:45:44.899+0000] {processor.py:161} INFO - Started process (PID=8625) to work on /opt/airflow/dags/flight-pipeline.py
[2026-05-02T01:45:44.900+0000] {processor.py:830} INFO - Processing file /opt/airflow/dags/flight-pipeline.py for tasks to queue
[2026-05-02T01:45:44.902+0000] {logging_mixin.py:188} INFO - [2026-05-02T01:45:44.901+0000] {dagbag.py:545} INFO - Filling up the DagBag from /opt/airflow/dags/flight-pipeline.py
[2026-05-02T01:45:45.649+0000] {processor.py:840} INFO - DAG(s) 'flights_ops_medallion_pipe' retrieved from /opt/airflow/dags/flight-pipeline.py
[2026-05-02T01:45:45.686+0000] {logging_mixin.py:188} INFO - [2026-05-02T01:45:45.685+0000] {dag.py:3089} INFO - Sync 1 DAGs
[2026-05-02T01:45:45.711+0000] {logging_mixin.py:188} INFO - [2026-05-02T01:45:45.711+0000] {dag.py:3947} INFO - Setting next_dagrun for flights_ops_medallion_pipe to 2026-05-02 01:30:00+00:00, run_after=2026-05-02 02:00:00+00:00
[2026-05-02T01:45:45.731+0000] {processor.py:183} INFO - Processing /opt/airflow/dags/flight-pipeline.py took 0.840 seconds
[2026-05-02T01:46:15.947+0000] {processor.py:161} INFO - Started process (PID=8628) to work on /opt/airflow/dags/flight-pipeline.py
[2026-05-02T01:46:15.950+0000] {processor.py:830} INFO - Processing file /opt/airflow/dags/flight-pipeline.py for tasks to queue
[2026-05-02T01:46:15.953+0000] {logging_mixin.py:188} INFO - [2026-05-02T01:46:15.952+0000] {dagbag.py:545} INFO - Filling up the DagBag from /opt/airflow/dags/flight-pipeline.py
[2026-05-02T01:46:16.723+0000] {processor.py:840} INFO - DAG(s) 'flights_ops_medallion_pipe' retrieved from /opt/airflow/dags/flight-pipeline.py
[2026-05-02T01:46:16.783+0000] {logging_mixin.py:188} INFO - [2026-05-02T01:46:16.781+0000] {dag.py:3089} INFO - Sync 1 DAGs
[2026-05-02T01:46:16.852+0000] {logging_mixin.py:188} INFO - [2026-05-02T01:46:16.852+0000] {dag.py:3947} INFO - Setting next_dagrun for flights_ops_medallion_pipe to 2026-05-02 01:30:00+00:00, run_after=2026-05-02 02:00:00+00:00
[2026-05-02T01:46:16.897+0000] {processor.py:183} INFO - Processing /opt/airflow/dags/flight-pipeline.py took 0.961 seconds
[2026-05-02T01:46:47.112+0000] {processor.py:161} INFO - Started process (PID=8631) to work on /opt/airflow/dags/flight-pipeline.py
[2026-05-02T01:46:47.113+0000] {processor.py:830} INFO - Processing file /opt/airflow/dags/flight-pipeline.py for tasks to queue
[2026-05-02T01:46:47.114+0000] {logging_mixin.py:188} INFO - [2026-05-02T01:46:47.114+0000] {dagbag.py:545} INFO - Filling up the DagBag from /opt/airflow/dags/flight-pipeline.py
[2026-05-02T01:46:47.889+0000] {processor.py:840} INFO - DAG(s) 'flights_ops_medallion_pipe' retrieved from /opt/airflow/dags/flight-pipeline.py
[2026-05-02T01:46:47.926+0000] {logging_mixin.py:188} INFO - [2026-05-02T01:46:47.925+0000] {dag.py:3089} INFO - Sync 1 DAGs
[2026-05-02T01:46:47.953+0000] {logging_mixin.py:188} INFO - [2026-05-02T01:46:47.953+0000] {dag.py:3947} INFO - Setting next_dagrun for flights_ops_medallion_pipe to 2026-05-02 01:30:00+00:00, run_after=2026-05-02 02:00:00+00:00
[2026-05-02T01:46:47.972+0000] {processor.py:183} INFO - Processing /opt/airflow/dags/flight-pipeline.py took 0.868 seconds
[2026-05-02T01:47:18.180+0000] {processor.py:161} INFO - Started process (PID=8634) to work on /opt/airflow/dags/flight-pipeline.py
[2026-05-02T01:47:18.183+0000] {processor.py:830} INFO - Processing file /opt/airflow/dags/flight-pipeline.py for tasks to queue
[2026-05-02T01:47:18.184+0000] {logging_mixin.py:188} INFO - [2026-05-02T01:47:18.184+0000] {dagbag.py:545} INFO - Filling up the DagBag from /opt/airflow/dags/flight-pipeline.py
[2026-05-02T01:47:18.914+0000] {processor.py:840} INFO - DAG(s) 'flights_ops_medallion_pipe' retrieved from /opt/airflow/dags/flight-pipeline.py
[2026-05-02T01:47:18.950+0000] {logging_mixin.py:188} INFO - [2026-05-02T01:47:18.949+0000] {dag.py:3089} INFO - Sync 1 DAGs
[2026-05-02T01:47:18.975+0000] {logging_mixin.py:188} INFO - [2026-05-02T01:47:18.975+0000] {dag.py:3947} INFO - Setting next_dagrun for flights_ops_medallion_pipe to 2026-05-02 01:30:00+00:00, run_after=2026-05-02 02:00:00+00:00
[2026-05-02T01:47:18.996+0000] {processor.py:183} INFO - Processing /opt/airflow/dags/flight-pipeline.py took 0.823 seconds
[2026-05-02T01:47:49.209+0000] {processor.py:161} INFO - Started process (PID=8637) to work on /opt/airflow/dags/flight-pipeline.py
[2026-05-02T01:47:49.210+0000] {processor.py:830} INFO - Processing file /opt/airflow/dags/flight-pipeline.py for tasks to queue
[2026-05-02T01:47:49.211+0000] {logging_mixin.py:188} INFO - [2026-05-02T01:47:49.211+0000] {dagbag.py:545} INFO - Filling up the DagBag from /opt/airflow/dags/flight-pipeline.py
[2026-05-02T01:47:49.948+0000] {processor.py:840} INFO - DAG(s) 'flights_ops_medallion_pipe' retrieved from /opt/airflow/dags/flight-pipeline.py
[2026-05-02T01:47:49.982+0000] {logging_mixin.py:188} INFO - [2026-05-02T01:47:49.981+0000] {dag.py:3089} INFO - Sync 1 DAGs
[2026-05-02T01:47:50.009+0000] {logging_mixin.py:188} INFO - [2026-05-02T01:47:50.009+0000] {dag.py:3947} INFO - Setting next_dagrun for flights_ops_medallion_pipe to 2026-05-02 01:30:00+00:00, run_after=2026-05-02 02:00:00+00:00
[2026-05-02T01:47:50.028+0000] {processor.py:183} INFO - Processing /opt/airflow/dags/flight-pipeline.py took 0.828 seconds
[2026-05-02T01:48:20.209+0000] {processor.py:161} INFO - Started process (PID=8640) to work on /opt/airflow/dags/flight-pipeline.py
[2026-05-02T01:48:20.211+0000] {processor.py:830} INFO - Processing file /opt/airflow/dags/flight-pipeline.py for tasks to queue
[2026-05-02T01:48:20.212+0000] {logging_mixin.py:188} INFO - [2026-05-02T01:48:20.212+0000] {dagbag.py:545} INFO - Filling up the DagBag from /opt/airflow/dags/flight-pipeline.py
[2026-05-02T01:48:20.962+0000] {processor.py:840} INFO - DAG(s) 'flights_ops_medallion_pipe' retrieved from /opt/airflow/dags/flight-pipeline.py
[2026-05-02T01:48:21.000+0000] {logging_mixin.py:188} INFO - [2026-05-02T01:48:21.000+0000] {dag.py:3089} INFO - Sync 1 DAGs
[2026-05-02T01:48:21.028+0000] {logging_mixin.py:188} INFO - [2026-05-02T01:48:21.027+0000] {dag.py:3947} INFO - Setting next_dagrun for flights_ops_medallion_pipe to 2026-05-02 01:30:00+00:00, run_after=2026-05-02 02:00:00+00:00
[2026-05-02T01:48:21.048+0000] {processor.py:183} INFO - Processing /opt/airflow/dags/flight-pipeline.py took 0.849 seconds
[2026-05-02T01:48:51.277+0000] {processor.py:161} INFO - Started process (PID=8643) to work on /opt/airflow/dags/flight-pipeline.py
[2026-05-02T01:48:51.279+0000] {processor.py:830} INFO - Processing file /opt/airflow/dags/flight-pipeline.py for tasks to queue
[2026-05-02T01:48:51.281+0000] {logging_mixin.py:188} INFO - [2026-05-02T01:48:51.280+0000] {dagbag.py:545} INFO - Filling up the DagBag from /opt/airflow/dags/flight-pipeline.py
[2026-05-02T01:48:52.003+0000] {processor.py:840} INFO - DAG(s) 'flights_ops_medallion_pipe' retrieved from /opt/airflow/dags/flight-pipeline.py
[2026-05-02T01:48:52.050+0000] {logging_mixin.py:188} INFO - [2026-05-02T01:48:52.049+0000] {dag.py:3089} INFO - Sync 1 DAGs
[2026-05-02T01:48:52.077+0000] {logging_mixin.py:188} INFO - [2026-05-02T01:48:52.077+0000] {dag.py:3947} INFO - Setting next_dagrun for flights_ops_medallion_pipe to 2026-05-02 01:30:00+00:00, run_after=2026-05-02 02:00:00+00:00
[2026-05-02T01:48:52.097+0000] {processor.py:183} INFO - Processing /opt/airflow/dags/flight-pipeline.py took 0.831 seconds
[2026-05-02T01:49:22.309+0000] {processor.py:161} INFO - Started process (PID=8646) to work on /opt/airflow/dags/flight-pipeline.py
[2026-05-02T01:49:22.314+0000] {processor.py:830} INFO - Processing file /opt/airflow/dags/flight-pipeline.py for tasks to queue
[2026-05-02T01:49:22.315+0000] {logging_mixin.py:188} INFO - [2026-05-02T01:49:22.315+0000] {dagbag.py:545} INFO - Filling up the DagBag from /opt/airflow/dags/flight-pipeline.py
[2026-05-02T01:49:23.152+0000] {processor.py:840} INFO - DAG(s) 'flights_ops_medallion_pipe' retrieved from /opt/airflow/dags/flight-pipeline.py
[2026-05-02T01:49:23.206+0000] {logging_mixin.py:188} INFO - [2026-05-02T01:49:23.204+0000] {dag.py:3089} INFO - Sync 1 DAGs
[2026-05-02T01:49:23.245+0000] {logging_mixin.py:188} INFO - [2026-05-02T01:49:23.245+0000] {dag.py:3947} INFO - Setting next_dagrun for flights_ops_medallion_pipe to 2026-05-02 01:30:00+00:00, run_after=2026-05-02 02:00:00+00:00
[2026-05-02T01:49:23.287+0000] {processor.py:183} INFO - Processing /opt/airflow/dags/flight-pipeline.py took 0.988 seconds
[2026-05-02T01:49:53.498+0000] {processor.py:161} INFO - Started process (PID=8649) to work on /opt/airflow/dags/flight-pipeline.py
[2026-05-02T01:49:53.500+0000] {processor.py:830} INFO - Processing file /opt/airflow/dags/flight-pipeline.py for tasks to queue
[2026-05-02T01:49:53.502+0000] {logging_mixin.py:188} INFO - [2026-05-02T01:49:53.501+0000] {dagbag.py:545} INFO - Filling up the DagBag from /opt/airflow/dags/flight-pipeline.py
[2026-05-02T01:49:54.228+0000] {processor.py:840} INFO - DAG(s) 'flights_ops_medallion_pipe' retrieved from /opt/airflow/dags/flight-pipeline.py
[2026-05-02T01:49:54.264+0000] {logging_mixin.py:188} INFO - [2026-05-02T01:49:54.263+0000] {dag.py:3089} INFO - Sync 1 DAGs
[2026-05-02T01:49:54.292+0000] {logging_mixin.py:188} INFO - [2026-05-02T01:49:54.291+0000] {dag.py:3947} INFO - Setting next_dagrun for flights_ops_medallion_pipe to 2026-05-02 01:30:00+00:00, run_after=2026-05-02 02:00:00+00:00
[2026-05-02T01:49:54.313+0000] {processor.py:183} INFO - Processing /opt/airflow/dags/flight-pipeline.py took 0.823 seconds
[2026-05-02T01:50:24.538+0000] {processor.py:161} INFO - Started process (PID=8652) to work on /opt/airflow/dags/flight-pipeline.py
[2026-05-02T01:50:24.540+0000] {processor.py:830} INFO - Processing file /opt/airflow/dags/flight-pipeline.py for tasks to queue
[2026-05-02T01:50:24.541+0000] {logging_mixin.py:188} INFO - [2026-05-02T01:50:24.541+0000] {dagbag.py:545} INFO - Filling up the DagBag from /opt/airflow/dags/flight-pipeline.py
[2026-05-02T01:50:25.351+0000] {processor.py:840} INFO - DAG(s) 'flights_ops_medallion_pipe' retrieved from /opt/airflow/dags/flight-pipeline.py
[2026-05-02T01:50:25.387+0000] {logging_mixin.py:188} INFO - [2026-05-02T01:50:25.386+0000] {dag.py:3089} INFO - Sync 1 DAGs
[2026-05-02T01:50:25.413+0000] {logging_mixin.py:188} INFO - [2026-05-02T01:50:25.413+0000] {dag.py:3947} INFO - Setting next_dagrun for flights_ops_medallion_pipe to 2026-05-02 01:30:00+00:00, run_after=2026-05-02 02:00:00+00:00
[2026-05-02T01:50:25.438+0000] {processor.py:183} INFO - Processing /opt/airflow/dags/flight-pipeline.py took 0.908 seconds
[2026-05-02T01:50:55.710+0000] {processor.py:161} INFO - Started process (PID=8655) to work on /opt/airflow/dags/flight-pipeline.py
[2026-05-02T01:50:55.713+0000] {processor.py:830} INFO - Processing file /opt/airflow/dags/flight-pipeline.py for tasks to queue
[2026-05-02T01:50:55.714+0000] {logging_mixin.py:188} INFO - [2026-05-02T01:50:55.713+0000] {dagbag.py:545} INFO - Filling up the DagBag from /opt/airflow/dags/flight-pipeline.py
[2026-05-02T01:50:56.401+0000] {processor.py:840} INFO - DAG(s) 'flights_ops_medallion_pipe' retrieved from /opt/airflow/dags/flight-pipeline.py
[2026-05-02T01:50:56.439+0000] {logging_mixin.py:188} INFO - [2026-05-02T01:50:56.438+0000] {dag.py:3089} INFO - Sync 1 DAGs
[2026-05-02T01:50:56.469+0000] {logging_mixin.py:188} INFO - [2026-05-02T01:50:56.469+0000] {dag.py:3947} INFO - Setting next_dagrun for flights_ops_medallion_pipe to 2026-05-02 01:30:00+00:00, run_after=2026-05-02 02:00:00+00:00
[2026-05-02T01:50:56.489+0000] {processor.py:183} INFO - Processing /opt/airflow/dags/flight-pipeline.py took 0.789 seconds
[2026-05-02T01:51:26.824+0000] {processor.py:161} INFO - Started process (PID=8658) to work on /opt/airflow/dags/flight-pipeline.py
[2026-05-02T01:51:26.827+0000] {processor.py:830} INFO - Processing file /opt/airflow/dags/flight-pipeline.py for tasks to queue
[2026-05-02T01:51:26.828+0000] {logging_mixin.py:188} INFO - [2026-05-02T01:51:26.828+0000] {dagbag.py:545} INFO - Filling up the DagBag from /opt/airflow/dags/flight-pipeline.py
[2026-05-02T01:51:27.642+0000] {processor.py:840} INFO - DAG(s) 'flights_ops_medallion_pipe' retrieved from /opt/airflow/dags/flight-pipeline.py
[2026-05-02T01:51:27.682+0000] {logging_mixin.py:188} INFO - [2026-05-02T01:51:27.682+0000] {dag.py:3089} INFO - Sync 1 DAGs
[2026-05-02T01:51:27.707+0000] {logging_mixin.py:188} INFO - [2026-05-02T01:51:27.707+0000] {dag.py:3947} INFO - Setting next_dagrun for flights_ops_medallion_pipe to 2026-05-02 01:30:00+00:00, run_after=2026-05-02 02:00:00+00:00
[2026-05-02T01:51:27.729+0000] {processor.py:183} INFO - Processing /opt/airflow/dags/flight-pipeline.py took 0.913 seconds
[2026-05-02T01:51:57.990+0000] {processor.py:161} INFO - Started process (PID=8661) to work on /opt/airflow/dags/flight-pipeline.py
[2026-05-02T01:51:57.992+0000] {processor.py:830} INFO - Processing file /opt/airflow/dags/flight-pipeline.py for tasks to queue
[2026-05-02T01:51:57.993+0000] {logging_mixin.py:188} INFO - [2026-05-02T01:51:57.993+0000] {dagbag.py:545} INFO - Filling up the DagBag from /opt/airflow/dags/flight-pipeline.py
[2026-05-02T01:51:58.744+0000] {processor.py:840} INFO - DAG(s) 'flights_ops_medallion_pipe' retrieved from /opt/airflow/dags/flight-pipeline.py
[2026-05-02T01:51:58.782+0000] {logging_mixin.py:188} INFO - [2026-05-02T01:51:58.782+0000] {dag.py:3089} INFO - Sync 1 DAGs
[2026-05-02T01:51:58.806+0000] {logging_mixin.py:188} INFO - [2026-05-02T01:51:58.806+0000] {dag.py:3947} INFO - Setting next_dagrun for flights_ops_medallion_pipe to 2026-05-02 01:30:00+00:00, run_after=2026-05-02 02:00:00+00:00
[2026-05-02T01:51:58.829+0000] {processor.py:183} INFO - Processing /opt/airflow/dags/flight-pipeline.py took 0.847 seconds
[2026-05-02T01:52:29.062+0000] {processor.py:161} INFO - Started process (PID=8664) to work on /opt/airflow/dags/flight-pipeline.py
[2026-05-02T01:52:29.065+0000] {processor.py:830} INFO - Processing file /opt/airflow/dags/flight-pipeline.py for tasks to queue
[2026-05-02T01:52:29.066+0000] {logging_mixin.py:188} INFO - [2026-05-02T01:52:29.065+0000] {dagbag.py:545} INFO - Filling up the DagBag from /opt/airflow/dags/flight-pipeline.py
[2026-05-02T01:52:29.832+0000] {processor.py:840} INFO - DAG(s) 'flights_ops_medallion_pipe' retrieved from /opt/airflow/dags/flight-pipeline.py
[2026-05-02T01:52:29.867+0000] {logging_mixin.py:188} INFO - [2026-05-02T01:52:29.866+0000] {dag.py:3089} INFO - Sync 1 DAGs
[2026-05-02T01:52:29.894+0000] {logging_mixin.py:188} INFO - [2026-05-02T01:52:29.894+0000] {dag.py:3947} INFO - Setting next_dagrun for flights_ops_medallion_pipe to 2026-05-02 01:30:00+00:00, run_after=2026-05-02 02:00:00+00:00
[2026-05-02T01:52:29.914+0000] {processor.py:183} INFO - Processing /opt/airflow/dags/flight-pipeline.py took 0.862 seconds
[2026-05-02T01:53:00.128+0000] {processor.py:161} INFO - Started process (PID=8667) to work on /opt/airflow/dags/flight-pipeline.py
[2026-05-02T01:53:00.131+0000] {processor.py:830} INFO - Processing file /opt/airflow/dags/flight-pipeline.py for tasks to queue
[2026-05-02T01:53:00.132+0000] {logging_mixin.py:188} INFO - [2026-05-02T01:53:00.131+0000] {dagbag.py:545} INFO - Filling up the DagBag from /opt/airflow/dags/flight-pipeline.py
[2026-05-02T01:53:00.791+0000] {processor.py:840} INFO - DAG(s) 'flights_ops_medallion_pipe' retrieved from /opt/airflow/dags/flight-pipeline.py
[2026-05-02T01:53:00.824+0000] {logging_mixin.py:188} INFO - [2026-05-02T01:53:00.823+0000] {dag.py:3089} INFO - Sync 1 DAGs
[2026-05-02T01:53:00.847+0000] {logging_mixin.py:188} INFO - [2026-05-02T01:53:00.847+0000] {dag.py:3947} INFO - Setting next_dagrun for flights_ops_medallion_pipe to 2026-05-02 01:30:00+00:00, run_after=2026-05-02 02:00:00+00:00
[2026-05-02T01:53:00.866+0000] {processor.py:183} INFO - Processing /opt/airflow/dags/flight-pipeline.py took 0.747 seconds
[2026-05-02T01:53:30.929+0000] {processor.py:161} INFO - Started process (PID=8670) to work on /opt/airflow/dags/flight-pipeline.py
[2026-05-02T01:53:30.931+0000] {processor.py:830} INFO - Processing file /opt/airflow/dags/flight-pipeline.py for tasks to queue
[2026-05-02T01:53:30.932+0000] {logging_mixin.py:188} INFO - [2026-05-02T01:53:30.932+0000] {dagbag.py:545} INFO - Filling up the DagBag from /opt/airflow/dags/flight-pipeline.py
[2026-05-02T01:53:31.728+0000] {processor.py:840} INFO - DAG(s) 'flights_ops_medallion_pipe' retrieved from /opt/airflow/dags/flight-pipeline.py
[2026-05-02T01:53:31.765+0000] {logging_mixin.py:188} INFO - [2026-05-02T01:53:31.765+0000] {dag.py:3089} INFO - Sync 1 DAGs
[2026-05-02T01:53:31.795+0000] {logging_mixin.py:188} INFO - [2026-05-02T01:53:31.795+0000] {dag.py:3947} INFO - Setting next_dagrun for flights_ops_medallion_pipe to 2026-05-02 01:30:00+00:00, run_after=2026-05-02 02:00:00+00:00
[2026-05-02T01:53:31.815+0000] {processor.py:183} INFO - Processing /opt/airflow/dags/flight-pipeline.py took 0.897 seconds
[2026-05-02T01:54:02.050+0000] {processor.py:161} INFO - Started process (PID=8673) to work on /opt/airflow/dags/flight-pipeline.py
[2026-05-02T01:54:02.054+0000] {processor.py:830} INFO - Processing file /opt/airflow/dags/flight-pipeline.py for tasks to queue
[2026-05-02T01:54:02.055+0000] {logging_mixin.py:188} INFO - [2026-05-02T01:54:02.055+0000] {dagbag.py:545} INFO - Filling up the DagBag from /opt/airflow/dags/flight-pipeline.py
[2026-05-02T01:54:02.713+0000] {processor.py:840} INFO - DAG(s) 'flights_ops_medallion_pipe' retrieved from /opt/airflow/dags/flight-pipeline.py
[2026-05-02T01:54:02.747+0000] {logging_mixin.py:188} INFO - [2026-05-02T01:54:02.747+0000] {dag.py:3089} INFO - Sync 1 DAGs
[2026-05-02T01:54:02.774+0000] {logging_mixin.py:188} INFO - [2026-05-02T01:54:02.773+0000] {dag.py:3947} INFO - Setting next_dagrun for flights_ops_medallion_pipe to 2026-05-02 01:30:00+00:00, run_after=2026-05-02 02:00:00+00:00
[2026-05-02T01:54:02.792+0000] {processor.py:183} INFO - Processing /opt/airflow/dags/flight-pipeline.py took 0.750 seconds
[2026-05-02T01:54:33.044+0000] {processor.py:161} INFO - Started process (PID=8676) to work on /opt/airflow/dags/flight-pipeline.py
[2026-05-02T01:54:33.048+0000] {processor.py:830} INFO - Processing file /opt/airflow/dags/flight-pipeline.py for tasks to queue
[2026-05-02T01:54:33.050+0000] {logging_mixin.py:188} INFO - [2026-05-02T01:54:33.049+0000] {dagbag.py:545} INFO - Filling up the DagBag from /opt/airflow/dags/flight-pipeline.py
[2026-05-02T01:54:33.829+0000] {processor.py:840} INFO - DAG(s) 'flights_ops_medallion_pipe' retrieved from /opt/airflow/dags/flight-pipeline.py
[2026-05-02T01:54:33.864+0000] {logging_mixin.py:188} INFO - [2026-05-02T01:54:33.863+0000] {dag.py:3089} INFO - Sync 1 DAGs
[2026-05-02T01:54:33.892+0000] {logging_mixin.py:188} INFO - [2026-05-02T01:54:33.892+0000] {dag.py:3947} INFO - Setting next_dagrun for flights_ops_medallion_pipe to 2026-05-02 01:30:00+00:00, run_after=2026-05-02 02:00:00+00:00
[2026-05-02T01:54:33.918+0000] {processor.py:183} INFO - Processing /opt/airflow/dags/flight-pipeline.py took 0.882 seconds
[2026-05-02T01:55:04.139+0000] {processor.py:161} INFO - Started process (PID=8679) to work on /opt/airflow/dags/flight-pipeline.py
[2026-05-02T01:55:04.142+0000] {processor.py:830} INFO - Processing file /opt/airflow/dags/flight-pipeline.py for tasks to queue
[2026-05-02T01:55:04.144+0000] {logging_mixin.py:188} INFO - [2026-05-02T01:55:04.143+0000] {dagbag.py:545} INFO - Filling up the DagBag from /opt/airflow/dags/flight-pipeline.py
[2026-05-02T01:55:04.814+0000] {processor.py:840} INFO - DAG(s) 'flights_ops_medallion_pipe' retrieved from /opt/airflow/dags/flight-pipeline.py
[2026-05-02T01:55:04.847+0000] {logging_mixin.py:188} INFO - [2026-05-02T01:55:04.847+0000] {dag.py:3089} INFO - Sync 1 DAGs
[2026-05-02T01:55:04.875+0000] {logging_mixin.py:188} INFO - [2026-05-02T01:55:04.875+0000] {dag.py:3947} INFO - Setting next_dagrun for flights_ops_medallion_pipe to 2026-05-02 01:30:00+00:00, run_after=2026-05-02 02:00:00+00:00
[2026-05-02T01:55:04.898+0000] {processor.py:183} INFO - Processing /opt/airflow/dags/flight-pipeline.py took 0.766 seconds
[2026-05-02T01:55:34.945+0000] {processor.py:161} INFO - Started process (PID=8682) to work on /opt/airflow/dags/flight-pipeline.py
[2026-05-02T01:55:34.948+0000] {processor.py:830} INFO - Processing file /opt/airflow/dags/flight-pipeline.py for tasks to queue
[2026-05-02T01:55:34.949+0000] {logging_mixin.py:188} INFO - [2026-05-02T01:55:34.949+0000] {dagbag.py:545} INFO - Filling up the DagBag from /opt/airflow/dags/flight-pipeline.py
[2026-05-02T01:55:35.616+0000] {processor.py:840} INFO - DAG(s) 'flights_ops_medallion_pipe' retrieved from /opt/airflow/dags/flight-pipeline.py
[2026-05-02T01:55:35.651+0000] {logging_mixin.py:188} INFO - [2026-05-02T01:55:35.650+0000] {dag.py:3089} INFO - Sync 1 DAGs
[2026-05-02T01:55:35.674+0000] {logging_mixin.py:188} INFO - [2026-05-02T01:55:35.674+0000] {dag.py:3947} INFO - Setting next_dagrun for flights_ops_medallion_pipe to 2026-05-02 01:30:00+00:00, run_after=2026-05-02 02:00:00+00:00
[2026-05-02T01:55:35.696+0000] {processor.py:183} INFO - Processing /opt/airflow/dags/flight-pipeline.py took 0.759 seconds
[2026-05-02T01:56:05.873+0000] {processor.py:161} INFO - Started process (PID=8685) to work on /opt/airflow/dags/flight-pipeline.py
[2026-05-02T01:56:05.876+0000] {processor.py:830} INFO - Processing file /opt/airflow/dags/flight-pipeline.py for tasks to queue
[2026-05-02T01:56:05.877+0000] {logging_mixin.py:188} INFO - [2026-05-02T01:56:05.876+0000] {dagbag.py:545} INFO - Filling up the DagBag from /opt/airflow/dags/flight-pipeline.py
[2026-05-02T01:56:06.542+0000] {processor.py:840} INFO - DAG(s) 'flights_ops_medallion_pipe' retrieved from /opt/airflow/dags/flight-pipeline.py
[2026-05-02T01:56:06.576+0000] {logging_mixin.py:188} INFO - [2026-05-02T01:56:06.576+0000] {dag.py:3089} INFO - Sync 1 DAGs
[2026-05-02T01:56:06.601+0000] {logging_mixin.py:188} INFO - [2026-05-02T01:56:06.601+0000] {dag.py:3947} INFO - Setting next_dagrun for flights_ops_medallion_pipe to 2026-05-02 01:30:00+00:00, run_after=2026-05-02 02:00:00+00:00
[2026-05-02T01:56:06.620+0000] {processor.py:183} INFO - Processing /opt/airflow/dags/flight-pipeline.py took 0.754 seconds
[2026-05-02T01:56:36.795+0000] {processor.py:161} INFO - Started process (PID=8688) to work on /opt/airflow/dags/flight-pipeline.py
[2026-05-02T01:56:36.799+0000] {processor.py:830} INFO - Processing file /opt/airflow/dags/flight-pipeline.py for tasks to queue
[2026-05-02T01:56:36.800+0000] {logging_mixin.py:188} INFO - [2026-05-02T01:56:36.800+0000] {dagbag.py:545} INFO - Filling up the DagBag from /opt/airflow/dags/flight-pipeline.py
[2026-05-02T01:56:37.457+0000] {processor.py:840} INFO - DAG(s) 'flights_ops_medallion_pipe' retrieved from /opt/airflow/dags/flight-pipeline.py
[2026-05-02T01:56:37.492+0000] {logging_mixin.py:188} INFO - [2026-05-02T01:56:37.491+0000] {dag.py:3089} INFO - Sync 1 DAGs
[2026-05-02T01:56:37.518+0000] {logging_mixin.py:188} INFO - [2026-05-02T01:56:37.518+0000] {dag.py:3947} INFO - Setting next_dagrun for flights_ops_medallion_pipe to 2026-05-02 01:30:00+00:00, run_after=2026-05-02 02:00:00+00:00
[2026-05-02T01:56:37.544+0000] {processor.py:183} INFO - Processing /opt/airflow/dags/flight-pipeline.py took 0.756 seconds
[2026-05-02T01:57:07.762+0000] {processor.py:161} INFO - Started process (PID=8691) to work on /opt/airflow/dags/flight-pipeline.py
[2026-05-02T01:57:07.765+0000] {processor.py:830} INFO - Processing file /opt/airflow/dags/flight-pipeline.py for tasks to queue
[2026-05-02T01:57:07.766+0000] {logging_mixin.py:188} INFO - [2026-05-02T01:57:07.765+0000] {dagbag.py:545} INFO - Filling up the DagBag from /opt/airflow/dags/flight-pipeline.py
[2026-05-02T01:57:08.445+0000] {processor.py:840} INFO - DAG(s) 'flights_ops_medallion_pipe' retrieved from /opt/airflow/dags/flight-pipeline.py
[2026-05-02T01:57:08.482+0000] {logging_mixin.py:188} INFO - [2026-05-02T01:57:08.481+0000] {dag.py:3089} INFO - Sync 1 DAGs
[2026-05-02T01:57:08.511+0000] {logging_mixin.py:188} INFO - [2026-05-02T01:57:08.511+0000] {dag.py:3947} INFO - Setting next_dagrun for flights_ops_medallion_pipe to 2026-05-02 01:30:00+00:00, run_after=2026-05-02 02:00:00+00:00
[2026-05-02T01:57:08.533+0000] {processor.py:183} INFO - Processing /opt/airflow/dags/flight-pipeline.py took 0.779 seconds
[2026-05-02T01:57:38.773+0000] {processor.py:161} INFO - Started process (PID=8694) to work on /opt/airflow/dags/flight-pipeline.py
[2026-05-02T01:57:38.776+0000] {processor.py:830} INFO - Processing file /opt/airflow/dags/flight-pipeline.py for tasks to queue
[2026-05-02T01:57:38.777+0000] {logging_mixin.py:188} INFO - [2026-05-02T01:57:38.777+0000] {dagbag.py:545} INFO - Filling up the DagBag from /opt/airflow/dags/flight-pipeline.py
[2026-05-02T01:57:39.455+0000] {processor.py:840} INFO - DAG(s) 'flights_ops_medallion_pipe' retrieved from /opt/airflow/dags/flight-pipeline.py
[2026-05-02T01:57:39.492+0000] {logging_mixin.py:188} INFO - [2026-05-02T01:57:39.492+0000] {dag.py:3089} INFO - Sync 1 DAGs
[2026-05-02T01:57:39.516+0000] {logging_mixin.py:188} INFO - [2026-05-02T01:57:39.516+0000] {dag.py:3947} INFO - Setting next_dagrun for flights_ops_medallion_pipe to 2026-05-02 01:30:00+00:00, run_after=2026-05-02 02:00:00+00:00
[2026-05-02T01:57:39.535+0000] {processor.py:183} INFO - Processing /opt/airflow/dags/flight-pipeline.py took 0.770 seconds
[2026-05-02T01:58:09.724+0000] {processor.py:161} INFO - Started process (PID=8697) to work on /opt/airflow/dags/flight-pipeline.py
[2026-05-02T01:58:09.726+0000] {processor.py:830} INFO - Processing file /opt/airflow/dags/flight-pipeline.py for tasks to queue
[2026-05-02T01:58:09.727+0000] {logging_mixin.py:188} INFO - [2026-05-02T01:58:09.727+0000] {dagbag.py:545} INFO - Filling up the DagBag from /opt/airflow/dags/flight-pipeline.py
[2026-05-02T01:58:10.495+0000] {processor.py:840} INFO - DAG(s) 'flights_ops_medallion_pipe' retrieved from /opt/airflow/dags/flight-pipeline.py
[2026-05-02T01:58:10.530+0000] {logging_mixin.py:188} INFO - [2026-05-02T01:58:10.530+0000] {dag.py:3089} INFO - Sync 1 DAGs
[2026-05-02T01:58:10.560+0000] {logging_mixin.py:188} INFO - [2026-05-02T01:58:10.560+0000] {dag.py:3947} INFO - Setting next_dagrun for flights_ops_medallion_pipe to 2026-05-02 01:30:00+00:00, run_after=2026-05-02 02:00:00+00:00
[2026-05-02T01:58:10.581+0000] {processor.py:183} INFO - Processing /opt/airflow/dags/flight-pipeline.py took 0.865 seconds
[2026-05-02T01:58:40.828+0000] {processor.py:161} INFO - Started process (PID=8700) to work on /opt/airflow/dags/flight-pipeline.py
[2026-05-02T01:58:40.831+0000] {processor.py:830} INFO - Processing file /opt/airflow/dags/flight-pipeline.py for tasks to queue
[2026-05-02T01:58:40.833+0000] {logging_mixin.py:188} INFO - [2026-05-02T01:58:40.832+0000] {dagbag.py:545} INFO - Filling up the DagBag from /opt/airflow/dags/flight-pipeline.py
[2026-05-02T01:58:41.640+0000] {processor.py:840} INFO - DAG(s) 'flights_ops_medallion_pipe' retrieved from /opt/airflow/dags/flight-pipeline.py
[2026-05-02T01:58:41.682+0000] {logging_mixin.py:188} INFO - [2026-05-02T01:58:41.682+0000] {dag.py:3089} INFO - Sync 1 DAGs
[2026-05-02T01:58:41.710+0000] {logging_mixin.py:188} INFO - [2026-05-02T01:58:41.710+0000] {dag.py:3947} INFO - Setting next_dagrun for flights_ops_medallion_pipe to 2026-05-02 01:30:00+00:00, run_after=2026-05-02 02:00:00+00:00
[2026-05-02T01:58:41.733+0000] {processor.py:183} INFO - Processing /opt/airflow/dags/flight-pipeline.py took 0.916 seconds
[2026-05-02T01:59:12.040+0000] {processor.py:161} INFO - Started process (PID=8703) to work on /opt/airflow/dags/flight-pipeline.py
[2026-05-02T01:59:12.042+0000] {processor.py:830} INFO - Processing file /opt/airflow/dags/flight-pipeline.py for tasks to queue
[2026-05-02T01:59:12.043+0000] {logging_mixin.py:188} INFO - [2026-05-02T01:59:12.042+0000] {dagbag.py:545} INFO - Filling up the DagBag from /opt/airflow/dags/flight-pipeline.py
[2026-05-02T01:59:12.871+0000] {processor.py:840} INFO - DAG(s) 'flights_ops_medallion_pipe' retrieved from /opt/airflow/dags/flight-pipeline.py
[2026-05-02T01:59:12.907+0000] {logging_mixin.py:188} INFO - [2026-05-02T01:59:12.907+0000] {dag.py:3089} INFO - Sync 1 DAGs
[2026-05-02T01:59:12.930+0000] {logging_mixin.py:188} INFO - [2026-05-02T01:59:12.930+0000] {dag.py:3947} INFO - Setting next_dagrun for flights_ops_medallion_pipe to 2026-05-02 01:30:00+00:00, run_after=2026-05-02 02:00:00+00:00
[2026-05-02T01:59:12.950+0000] {processor.py:183} INFO - Processing /opt/airflow/dags/flight-pipeline.py took 0.919 seconds
[2026-05-02T01:59:43.184+0000] {processor.py:161} INFO - Started process (PID=8706) to work on /opt/airflow/dags/flight-pipeline.py
[2026-05-02T01:59:43.187+0000] {processor.py:830} INFO - Processing file /opt/airflow/dags/flight-pipeline.py for tasks to queue
[2026-05-02T01:59:43.189+0000] {logging_mixin.py:188} INFO - [2026-05-02T01:59:43.188+0000] {dagbag.py:545} INFO - Filling up the DagBag from /opt/airflow/dags/flight-pipeline.py
[2026-05-02T01:59:43.929+0000] {processor.py:840} INFO - DAG(s) 'flights_ops_medallion_pipe' retrieved from /opt/airflow/dags/flight-pipeline.py
[2026-05-02T01:59:43.964+0000] {logging_mixin.py:188} INFO - [2026-05-02T01:59:43.963+0000] {dag.py:3089} INFO - Sync 1 DAGs
[2026-05-02T01:59:43.990+0000] {logging_mixin.py:188} INFO - [2026-05-02T01:59:43.990+0000] {dag.py:3947} INFO - Setting next_dagrun for flights_ops_medallion_pipe to 2026-05-02 01:30:00+00:00, run_after=2026-05-02 02:00:00+00:00
[2026-05-02T01:59:44.011+0000] {processor.py:183} INFO - Processing /opt/airflow/dags/flight-pipeline.py took 0.837 seconds
[2026-05-02T02:00:14.108+0000] {processor.py:161} INFO - Started process (PID=8731) to work on /opt/airflow/dags/flight-pipeline.py
[2026-05-02T02:00:14.110+0000] {processor.py:830} INFO - Processing file /opt/airflow/dags/flight-pipeline.py for tasks to queue
[2026-05-02T02:00:14.112+0000] {logging_mixin.py:188} INFO - [2026-05-02T02:00:14.111+0000] {dagbag.py:545} INFO - Filling up the DagBag from /opt/airflow/dags/flight-pipeline.py
[2026-05-02T02:00:15.188+0000] {processor.py:840} INFO - DAG(s) 'flights_ops_medallion_pipe' retrieved from /opt/airflow/dags/flight-pipeline.py
[2026-05-02T02:00:15.225+0000] {logging_mixin.py:188} INFO - [2026-05-02T02:00:15.225+0000] {dag.py:3089} INFO - Sync 1 DAGs
[2026-05-02T02:00:15.252+0000] {logging_mixin.py:188} INFO - [2026-05-02T02:00:15.252+0000] {dag.py:3947} INFO - Setting next_dagrun for flights_ops_medallion_pipe to 2026-05-02 02:00:00+00:00, run_after=2026-05-02 02:30:00+00:00
[2026-05-02T02:00:15.272+0000] {processor.py:183} INFO - Processing /opt/airflow/dags/flight-pipeline.py took 1.175 seconds
[2026-05-02T02:00:45.458+0000] {processor.py:161} INFO - Started process (PID=8756) to work on /opt/airflow/dags/flight-pipeline.py
[2026-05-02T02:00:45.460+0000] {processor.py:830} INFO - Processing file /opt/airflow/dags/flight-pipeline.py for tasks to queue
[2026-05-02T02:00:45.461+0000] {logging_mixin.py:188} INFO - [2026-05-02T02:00:45.461+0000] {dagbag.py:545} INFO - Filling up the DagBag from /opt/airflow/dags/flight-pipeline.py
[2026-05-02T02:00:46.288+0000] {processor.py:840} INFO - DAG(s) 'flights_ops_medallion_pipe' retrieved from /opt/airflow/dags/flight-pipeline.py
[2026-05-02T02:00:46.340+0000] {logging_mixin.py:188} INFO - [2026-05-02T02:00:46.339+0000] {dag.py:3089} INFO - Sync 1 DAGs
[2026-05-02T02:00:46.374+0000] {logging_mixin.py:188} INFO - [2026-05-02T02:00:46.374+0000] {dag.py:3947} INFO - Setting next_dagrun for flights_ops_medallion_pipe to 2026-05-02 02:00:00+00:00, run_after=2026-05-02 02:30:00+00:00
[2026-05-02T02:00:46.414+0000] {processor.py:183} INFO - Processing /opt/airflow/dags/flight-pipeline.py took 0.972 seconds
[2026-05-02T02:01:16.675+0000] {processor.py:161} INFO - Started process (PID=8759) to work on /opt/airflow/dags/flight-pipeline.py
[2026-05-02T02:01:16.676+0000] {processor.py:830} INFO - Processing file /opt/airflow/dags/flight-pipeline.py for tasks to queue
[2026-05-02T02:01:16.681+0000] {logging_mixin.py:188} INFO - [2026-05-02T02:01:16.678+0000] {dagbag.py:545} INFO - Filling up the DagBag from /opt/airflow/dags/flight-pipeline.py
[2026-05-02T02:01:17.473+0000] {processor.py:840} INFO - DAG(s) 'flights_ops_medallion_pipe' retrieved from /opt/airflow/dags/flight-pipeline.py
[2026-05-02T02:01:17.509+0000] {logging_mixin.py:188} INFO - [2026-05-02T02:01:17.509+0000] {dag.py:3089} INFO - Sync 1 DAGs
[2026-05-02T02:01:17.535+0000] {logging_mixin.py:188} INFO - [2026-05-02T02:01:17.535+0000] {dag.py:3947} INFO - Setting next_dagrun for flights_ops_medallion_pipe to 2026-05-02 02:00:00+00:00, run_after=2026-05-02 02:30:00+00:00
[2026-05-02T02:01:17.557+0000] {processor.py:183} INFO - Processing /opt/airflow/dags/flight-pipeline.py took 0.891 seconds
[2026-05-02T02:01:47.827+0000] {processor.py:161} INFO - Started process (PID=8762) to work on /opt/airflow/dags/flight-pipeline.py
[2026-05-02T02:01:47.828+0000] {processor.py:830} INFO - Processing file /opt/airflow/dags/flight-pipeline.py for tasks to queue
[2026-05-02T02:01:47.829+0000] {logging_mixin.py:188} INFO - [2026-05-02T02:01:47.829+0000] {dagbag.py:545} INFO - Filling up the DagBag from /opt/airflow/dags/flight-pipeline.py
[2026-05-02T02:01:48.589+0000] {processor.py:840} INFO - DAG(s) 'flights_ops_medallion_pipe' retrieved from /opt/airflow/dags/flight-pipeline.py
[2026-05-02T02:01:48.626+0000] {logging_mixin.py:188} INFO - [2026-05-02T02:01:48.626+0000] {dag.py:3089} INFO - Sync 1 DAGs
[2026-05-02T02:01:48.655+0000] {logging_mixin.py:188} INFO - [2026-05-02T02:01:48.655+0000] {dag.py:3947} INFO - Setting next_dagrun for flights_ops_medallion_pipe to 2026-05-02 02:00:00+00:00, run_after=2026-05-02 02:30:00+00:00
[2026-05-02T02:01:48.675+0000] {processor.py:183} INFO - Processing /opt/airflow/dags/flight-pipeline.py took 0.857 seconds
[2026-05-02T02:02:18.932+0000] {processor.py:161} INFO - Started process (PID=8765) to work on /opt/airflow/dags/flight-pipeline.py
[2026-05-02T02:02:18.935+0000] {processor.py:830} INFO - Processing file /opt/airflow/dags/flight-pipeline.py for tasks to queue
[2026-05-02T02:02:18.936+0000] {logging_mixin.py:188} INFO - [2026-05-02T02:02:18.936+0000] {dagbag.py:545} INFO - Filling up the DagBag from /opt/airflow/dags/flight-pipeline.py
[2026-05-02T02:02:19.657+0000] {processor.py:840} INFO - DAG(s) 'flights_ops_medallion_pipe' retrieved from /opt/airflow/dags/flight-pipeline.py
[2026-05-02T02:02:19.691+0000] {logging_mixin.py:188} INFO - [2026-05-02T02:02:19.691+0000] {dag.py:3089} INFO - Sync 1 DAGs
[2026-05-02T02:02:19.722+0000] {logging_mixin.py:188} INFO - [2026-05-02T02:02:19.722+0000] {dag.py:3947} INFO - Setting next_dagrun for flights_ops_medallion_pipe to 2026-05-02 02:00:00+00:00, run_after=2026-05-02 02:30:00+00:00
[2026-05-02T02:02:19.746+0000] {processor.py:183} INFO - Processing /opt/airflow/dags/flight-pipeline.py took 0.822 seconds
[2026-05-02T02:02:50.018+0000] {processor.py:161} INFO - Started process (PID=8768) to work on /opt/airflow/dags/flight-pipeline.py
[2026-05-02T02:02:50.019+0000] {processor.py:830} INFO - Processing file /opt/airflow/dags/flight-pipeline.py for tasks to queue
[2026-05-02T02:02:50.020+0000] {logging_mixin.py:188} INFO - [2026-05-02T02:02:50.020+0000] {dagbag.py:545} INFO - Filling up the DagBag from /opt/airflow/dags/flight-pipeline.py
[2026-05-02T02:02:50.756+0000] {processor.py:840} INFO - DAG(s) 'flights_ops_medallion_pipe' retrieved from /opt/airflow/dags/flight-pipeline.py
[2026-05-02T02:02:50.794+0000] {logging_mixin.py:188} INFO - [2026-05-02T02:02:50.793+0000] {dag.py:3089} INFO - Sync 1 DAGs
[2026-05-02T02:02:50.821+0000] {logging_mixin.py:188} INFO - [2026-05-02T02:02:50.821+0000] {dag.py:3947} INFO - Setting next_dagrun for flights_ops_medallion_pipe to 2026-05-02 02:00:00+00:00, run_after=2026-05-02 02:30:00+00:00
[2026-05-02T02:02:50.841+0000] {processor.py:183} INFO - Processing /opt/airflow/dags/flight-pipeline.py took 0.832 seconds
[2026-05-02T02:03:21.114+0000] {processor.py:161} INFO - Started process (PID=8771) to work on /opt/airflow/dags/flight-pipeline.py
[2026-05-02T02:03:21.115+0000] {processor.py:830} INFO - Processing file /opt/airflow/dags/flight-pipeline.py for tasks to queue
[2026-05-02T02:03:21.117+0000] {logging_mixin.py:188} INFO - [2026-05-02T02:03:21.117+0000] {dagbag.py:545} INFO - Filling up the DagBag from /opt/airflow/dags/flight-pipeline.py
[2026-05-02T02:03:21.849+0000] {processor.py:840} INFO - DAG(s) 'flights_ops_medallion_pipe' retrieved from /opt/airflow/dags/flight-pipeline.py
[2026-05-02T02:03:21.890+0000] {logging_mixin.py:188} INFO - [2026-05-02T02:03:21.890+0000] {dag.py:3089} INFO - Sync 1 DAGs
[2026-05-02T02:03:21.918+0000] {logging_mixin.py:188} INFO - [2026-05-02T02:03:21.918+0000] {dag.py:3947} INFO - Setting next_dagrun for flights_ops_medallion_pipe to 2026-05-02 02:00:00+00:00, run_after=2026-05-02 02:30:00+00:00
[2026-05-02T02:03:21.938+0000] {processor.py:183} INFO - Processing /opt/airflow/dags/flight-pipeline.py took 0.832 seconds
[2026-05-02T02:03:52.184+0000] {processor.py:161} INFO - Started process (PID=8774) to work on /opt/airflow/dags/flight-pipeline.py
[2026-05-02T02:03:52.186+0000] {processor.py:830} INFO - Processing file /opt/airflow/dags/flight-pipeline.py for tasks to queue
[2026-05-02T02:03:52.188+0000] {logging_mixin.py:188} INFO - [2026-05-02T02:03:52.187+0000] {dagbag.py:545} INFO - Filling up the DagBag from /opt/airflow/dags/flight-pipeline.py
[2026-05-02T02:03:55.723+0000] {processor.py:840} INFO - DAG(s) 'flights_ops_medallion_pipe' retrieved from /opt/airflow/dags/flight-pipeline.py
[2026-05-02T02:03:55.812+0000] {logging_mixin.py:188} INFO - [2026-05-02T02:03:55.811+0000] {dag.py:3089} INFO - Sync 1 DAGs
[2026-05-02T02:03:55.860+0000] {logging_mixin.py:188} INFO - [2026-05-02T02:03:55.860+0000] {dag.py:3947} INFO - Setting next_dagrun for flights_ops_medallion_pipe to 2026-05-02 02:00:00+00:00, run_after=2026-05-02 02:30:00+00:00
[2026-05-02T02:03:55.903+0000] {processor.py:183} INFO - Processing /opt/airflow/dags/flight-pipeline.py took 3.728 seconds
[2026-05-02T02:04:26.147+0000] {processor.py:161} INFO - Started process (PID=8777) to work on /opt/airflow/dags/flight-pipeline.py
[2026-05-02T02:04:26.151+0000] {processor.py:830} INFO - Processing file /opt/airflow/dags/flight-pipeline.py for tasks to queue
[2026-05-02T02:04:26.153+0000] {logging_mixin.py:188} INFO - [2026-05-02T02:04:26.153+0000] {dagbag.py:545} INFO - Filling up the DagBag from /opt/airflow/dags/flight-pipeline.py
[2026-05-02T02:04:27.068+0000] {processor.py:840} INFO - DAG(s) 'flights_ops_medallion_pipe' retrieved from /opt/airflow/dags/flight-pipeline.py
[2026-05-02T02:04:27.110+0000] {logging_mixin.py:188} INFO - [2026-05-02T02:04:27.109+0000] {dag.py:3089} INFO - Sync 1 DAGs
[2026-05-02T02:04:27.143+0000] {logging_mixin.py:188} INFO - [2026-05-02T02:04:27.142+0000] {dag.py:3947} INFO - Setting next_dagrun for flights_ops_medallion_pipe to 2026-05-02 02:00:00+00:00, run_after=2026-05-02 02:30:00+00:00
[2026-05-02T02:04:27.168+0000] {processor.py:183} INFO - Processing /opt/airflow/dags/flight-pipeline.py took 1.042 seconds
[2026-05-02T02:04:57.396+0000] {processor.py:161} INFO - Started process (PID=8780) to work on /opt/airflow/dags/flight-pipeline.py
[2026-05-02T02:04:57.400+0000] {processor.py:830} INFO - Processing file /opt/airflow/dags/flight-pipeline.py for tasks to queue
[2026-05-02T02:04:57.402+0000] {logging_mixin.py:188} INFO - [2026-05-02T02:04:57.401+0000] {dagbag.py:545} INFO - Filling up the DagBag from /opt/airflow/dags/flight-pipeline.py
[2026-05-02T02:04:58.237+0000] {processor.py:840} INFO - DAG(s) 'flights_ops_medallion_pipe' retrieved from /opt/airflow/dags/flight-pipeline.py
[2026-05-02T02:04:58.275+0000] {logging_mixin.py:188} INFO - [2026-05-02T02:04:58.274+0000] {dag.py:3089} INFO - Sync 1 DAGs
[2026-05-02T02:04:58.303+0000] {logging_mixin.py:188} INFO - [2026-05-02T02:04:58.303+0000] {dag.py:3947} INFO - Setting next_dagrun for flights_ops_medallion_pipe to 2026-05-02 02:00:00+00:00, run_after=2026-05-02 02:30:00+00:00
[2026-05-02T02:04:58.326+0000] {processor.py:183} INFO - Processing /opt/airflow/dags/flight-pipeline.py took 0.941 seconds
[2026-05-02T02:05:28.610+0000] {processor.py:161} INFO - Started process (PID=8783) to work on /opt/airflow/dags/flight-pipeline.py
[2026-05-02T02:05:28.612+0000] {processor.py:830} INFO - Processing file /opt/airflow/dags/flight-pipeline.py for tasks to queue
[2026-05-02T02:05:28.613+0000] {logging_mixin.py:188} INFO - [2026-05-02T02:05:28.612+0000] {dagbag.py:545} INFO - Filling up the DagBag from /opt/airflow/dags/flight-pipeline.py
[2026-05-02T02:05:29.364+0000] {processor.py:840} INFO - DAG(s) 'flights_ops_medallion_pipe' retrieved from /opt/airflow/dags/flight-pipeline.py
[2026-05-02T02:05:29.401+0000] {logging_mixin.py:188} INFO - [2026-05-02T02:05:29.401+0000] {dag.py:3089} INFO - Sync 1 DAGs
[2026-05-02T02:05:29.425+0000] {logging_mixin.py:188} INFO - [2026-05-02T02:05:29.425+0000] {dag.py:3947} INFO - Setting next_dagrun for flights_ops_medallion_pipe to 2026-05-02 02:00:00+00:00, run_after=2026-05-02 02:30:00+00:00
[2026-05-02T02:05:29.448+0000] {processor.py:183} INFO - Processing /opt/airflow/dags/flight-pipeline.py took 0.850 seconds
[2026-05-02T02:05:59.722+0000] {processor.py:161} INFO - Started process (PID=8786) to work on /opt/airflow/dags/flight-pipeline.py
[2026-05-02T02:05:59.725+0000] {processor.py:830} INFO - Processing file /opt/airflow/dags/flight-pipeline.py for tasks to queue
[2026-05-02T02:05:59.726+0000] {logging_mixin.py:188} INFO - [2026-05-02T02:05:59.726+0000] {dagbag.py:545} INFO - Filling up the DagBag from /opt/airflow/dags/flight-pipeline.py
[2026-05-02T02:06:00.421+0000] {processor.py:840} INFO - DAG(s) 'flights_ops_medallion_pipe' retrieved from /opt/airflow/dags/flight-pipeline.py
[2026-05-02T02:06:00.455+0000] {logging_mixin.py:188} INFO - [2026-05-02T02:06:00.455+0000] {dag.py:3089} INFO - Sync 1 DAGs
[2026-05-02T02:06:00.481+0000] {logging_mixin.py:188} INFO - [2026-05-02T02:06:00.481+0000] {dag.py:3947} INFO - Setting next_dagrun for flights_ops_medallion_pipe to 2026-05-02 02:00:00+00:00, run_after=2026-05-02 02:30:00+00:00
[2026-05-02T02:06:00.503+0000] {processor.py:183} INFO - Processing /opt/airflow/dags/flight-pipeline.py took 0.793 seconds
[2026-05-02T02:06:30.831+0000] {processor.py:161} INFO - Started process (PID=8789) to work on /opt/airflow/dags/flight-pipeline.py
[2026-05-02T02:06:30.833+0000] {processor.py:830} INFO - Processing file /opt/airflow/dags/flight-pipeline.py for tasks to queue
[2026-05-02T02:06:30.835+0000] {logging_mixin.py:188} INFO - [2026-05-02T02:06:30.834+0000] {dagbag.py:545} INFO - Filling up the DagBag from /opt/airflow/dags/flight-pipeline.py
[2026-05-02T02:06:31.747+0000] {processor.py:840} INFO - DAG(s) 'flights_ops_medallion_pipe' retrieved from /opt/airflow/dags/flight-pipeline.py
[2026-05-02T02:06:31.785+0000] {logging_mixin.py:188} INFO - [2026-05-02T02:06:31.785+0000] {dag.py:3089} INFO - Sync 1 DAGs
[2026-05-02T02:06:31.816+0000] {logging_mixin.py:188} INFO - [2026-05-02T02:06:31.816+0000] {dag.py:3947} INFO - Setting next_dagrun for flights_ops_medallion_pipe to 2026-05-02 02:00:00+00:00, run_after=2026-05-02 02:30:00+00:00
[2026-05-02T02:06:31.845+0000] {processor.py:183} INFO - Processing /opt/airflow/dags/flight-pipeline.py took 1.024 seconds
[2026-05-02T02:07:02.093+0000] {processor.py:161} INFO - Started process (PID=8792) to work on /opt/airflow/dags/flight-pipeline.py
[2026-05-02T02:07:02.100+0000] {processor.py:830} INFO - Processing file /opt/airflow/dags/flight-pipeline.py for tasks to queue
[2026-05-02T02:07:02.104+0000] {logging_mixin.py:188} INFO - [2026-05-02T02:07:02.102+0000] {dagbag.py:545} INFO - Filling up the DagBag from /opt/airflow/dags/flight-pipeline.py
[2026-05-02T02:07:02.821+0000] {processor.py:840} INFO - DAG(s) 'flights_ops_medallion_pipe' retrieved from /opt/airflow/dags/flight-pipeline.py
[2026-05-02T02:07:02.862+0000] {logging_mixin.py:188} INFO - [2026-05-02T02:07:02.861+0000] {dag.py:3089} INFO - Sync 1 DAGs
[2026-05-02T02:07:02.887+0000] {logging_mixin.py:188} INFO - [2026-05-02T02:07:02.887+0000] {dag.py:3947} INFO - Setting next_dagrun for flights_ops_medallion_pipe to 2026-05-02 02:00:00+00:00, run_after=2026-05-02 02:30:00+00:00
[2026-05-02T02:07:02.911+0000] {processor.py:183} INFO - Processing /opt/airflow/dags/flight-pipeline.py took 0.833 seconds
[2026-05-02T02:07:33.144+0000] {processor.py:161} INFO - Started process (PID=8795) to work on /opt/airflow/dags/flight-pipeline.py
[2026-05-02T02:07:33.145+0000] {processor.py:830} INFO - Processing file /opt/airflow/dags/flight-pipeline.py for tasks to queue
[2026-05-02T02:07:33.147+0000] {logging_mixin.py:188} INFO - [2026-05-02T02:07:33.146+0000] {dagbag.py:545} INFO - Filling up the DagBag from /opt/airflow/dags/flight-pipeline.py
[2026-05-02T02:07:33.880+0000] {processor.py:840} INFO - DAG(s) 'flights_ops_medallion_pipe' retrieved from /opt/airflow/dags/flight-pipeline.py
[2026-05-02T02:07:33.913+0000] {logging_mixin.py:188} INFO - [2026-05-02T02:07:33.912+0000] {dag.py:3089} INFO - Sync 1 DAGs
[2026-05-02T02:07:33.938+0000] {logging_mixin.py:188} INFO - [2026-05-02T02:07:33.938+0000] {dag.py:3947} INFO - Setting next_dagrun for flights_ops_medallion_pipe to 2026-05-02 02:00:00+00:00, run_after=2026-05-02 02:30:00+00:00
[2026-05-02T02:07:33.957+0000] {processor.py:183} INFO - Processing /opt/airflow/dags/flight-pipeline.py took 0.821 seconds
[2026-05-02T02:08:04.242+0000] {processor.py:161} INFO - Started process (PID=8798) to work on /opt/airflow/dags/flight-pipeline.py
[2026-05-02T02:08:04.244+0000] {processor.py:830} INFO - Processing file /opt/airflow/dags/flight-pipeline.py for tasks to queue
[2026-05-02T02:08:04.245+0000] {logging_mixin.py:188} INFO - [2026-05-02T02:08:04.245+0000] {dagbag.py:545} INFO - Filling up the DagBag from /opt/airflow/dags/flight-pipeline.py
[2026-05-02T02:08:04.928+0000] {processor.py:840} INFO - DAG(s) 'flights_ops_medallion_pipe' retrieved from /opt/airflow/dags/flight-pipeline.py
[2026-05-02T02:08:04.959+0000] {logging_mixin.py:188} INFO - [2026-05-02T02:08:04.958+0000] {dag.py:3089} INFO - Sync 1 DAGs
[2026-05-02T02:08:04.983+0000] {logging_mixin.py:188} INFO - [2026-05-02T02:08:04.983+0000] {dag.py:3947} INFO - Setting next_dagrun for flights_ops_medallion_pipe to 2026-05-02 02:00:00+00:00, run_after=2026-05-02 02:30:00+00:00
[2026-05-02T02:08:05.005+0000] {processor.py:183} INFO - Processing /opt/airflow/dags/flight-pipeline.py took 0.771 seconds
[2026-05-02T02:08:35.057+0000] {processor.py:161} INFO - Started process (PID=8801) to work on /opt/airflow/dags/flight-pipeline.py
[2026-05-02T02:08:35.063+0000] {processor.py:830} INFO - Processing file /opt/airflow/dags/flight-pipeline.py for tasks to queue
[2026-05-02T02:08:35.065+0000] {logging_mixin.py:188} INFO - [2026-05-02T02:08:35.064+0000] {dagbag.py:545} INFO - Filling up the DagBag from /opt/airflow/dags/flight-pipeline.py
[2026-05-02T02:08:35.894+0000] {processor.py:840} INFO - DAG(s) 'flights_ops_medallion_pipe' retrieved from /opt/airflow/dags/flight-pipeline.py
[2026-05-02T02:08:35.934+0000] {logging_mixin.py:188} INFO - [2026-05-02T02:08:35.934+0000] {dag.py:3089} INFO - Sync 1 DAGs
[2026-05-02T02:08:35.961+0000] {logging_mixin.py:188} INFO - [2026-05-02T02:08:35.961+0000] {dag.py:3947} INFO - Setting next_dagrun for flights_ops_medallion_pipe to 2026-05-02 02:00:00+00:00, run_after=2026-05-02 02:30:00+00:00
[2026-05-02T02:08:35.985+0000] {processor.py:183} INFO - Processing /opt/airflow/dags/flight-pipeline.py took 0.938 seconds
[2026-05-02T02:09:06.233+0000] {processor.py:161} INFO - Started process (PID=8804) to work on /opt/airflow/dags/flight-pipeline.py
[2026-05-02T02:09:06.238+0000] {processor.py:830} INFO - Processing file /opt/airflow/dags/flight-pipeline.py for tasks to queue
[2026-05-02T02:09:06.241+0000] {logging_mixin.py:188} INFO - [2026-05-02T02:09:06.240+0000] {dagbag.py:545} INFO - Filling up the DagBag from /opt/airflow/dags/flight-pipeline.py
[2026-05-02T02:09:07.847+0000] {processor.py:840} INFO - DAG(s) 'flights_ops_medallion_pipe' retrieved from /opt/airflow/dags/flight-pipeline.py
[2026-05-02T02:09:07.946+0000] {logging_mixin.py:188} INFO - [2026-05-02T02:09:07.945+0000] {dag.py:3089} INFO - Sync 1 DAGs
[2026-05-02T02:09:08.156+0000] {logging_mixin.py:188} INFO - [2026-05-02T02:09:08.156+0000] {dag.py:3947} INFO - Setting next_dagrun for flights_ops_medallion_pipe to 2026-05-02 02:00:00+00:00, run_after=2026-05-02 02:30:00+00:00
[2026-05-02T02:09:08.191+0000] {processor.py:183} INFO - Processing /opt/airflow/dags/flight-pipeline.py took 1.995 seconds
[2026-05-02T02:09:38.505+0000] {processor.py:161} INFO - Started process (PID=8807) to work on /opt/airflow/dags/flight-pipeline.py
[2026-05-02T02:09:38.507+0000] {processor.py:830} INFO - Processing file /opt/airflow/dags/flight-pipeline.py for tasks to queue
[2026-05-02T02:09:38.509+0000] {logging_mixin.py:188} INFO - [2026-05-02T02:09:38.508+0000] {dagbag.py:545} INFO - Filling up the DagBag from /opt/airflow/dags/flight-pipeline.py
[2026-05-02T02:09:39.342+0000] {processor.py:840} INFO - DAG(s) 'flights_ops_medallion_pipe' retrieved from /opt/airflow/dags/flight-pipeline.py
[2026-05-02T02:09:39.436+0000] {logging_mixin.py:188} INFO - [2026-05-02T02:09:39.435+0000] {dag.py:3089} INFO - Sync 1 DAGs
[2026-05-02T02:09:39.500+0000] {logging_mixin.py:188} INFO - [2026-05-02T02:09:39.500+0000] {dag.py:3947} INFO - Setting next_dagrun for flights_ops_medallion_pipe to 2026-05-02 02:00:00+00:00, run_after=2026-05-02 02:30:00+00:00
[2026-05-02T02:09:39.530+0000] {processor.py:183} INFO - Processing /opt/airflow/dags/flight-pipeline.py took 1.056 seconds
[2026-05-02T02:10:09.802+0000] {processor.py:161} INFO - Started process (PID=8810) to work on /opt/airflow/dags/flight-pipeline.py
[2026-05-02T02:10:09.810+0000] {processor.py:830} INFO - Processing file /opt/airflow/dags/flight-pipeline.py for tasks to queue
[2026-05-02T02:10:09.819+0000] {logging_mixin.py:188} INFO - [2026-05-02T02:10:09.814+0000] {dagbag.py:545} INFO - Filling up the DagBag from /opt/airflow/dags/flight-pipeline.py
[2026-05-02T02:10:10.659+0000] {processor.py:840} INFO - DAG(s) 'flights_ops_medallion_pipe' retrieved from /opt/airflow/dags/flight-pipeline.py
[2026-05-02T02:10:10.697+0000] {logging_mixin.py:188} INFO - [2026-05-02T02:10:10.697+0000] {dag.py:3089} INFO - Sync 1 DAGs
[2026-05-02T02:10:10.726+0000] {logging_mixin.py:188} INFO - [2026-05-02T02:10:10.726+0000] {dag.py:3947} INFO - Setting next_dagrun for flights_ops_medallion_pipe to 2026-05-02 02:00:00+00:00, run_after=2026-05-02 02:30:00+00:00
[2026-05-02T02:10:10.748+0000] {processor.py:183} INFO - Processing /opt/airflow/dags/flight-pipeline.py took 0.957 seconds
[2026-05-02T02:10:41.016+0000] {processor.py:161} INFO - Started process (PID=8813) to work on /opt/airflow/dags/flight-pipeline.py
[2026-05-02T02:10:41.018+0000] {processor.py:830} INFO - Processing file /opt/airflow/dags/flight-pipeline.py for tasks to queue
[2026-05-02T02:10:41.019+0000] {logging_mixin.py:188} INFO - [2026-05-02T02:10:41.019+0000] {dagbag.py:545} INFO - Filling up the DagBag from /opt/airflow/dags/flight-pipeline.py
[2026-05-02T02:10:41.801+0000] {processor.py:840} INFO - DAG(s) 'flights_ops_medallion_pipe' retrieved from /opt/airflow/dags/flight-pipeline.py
[2026-05-02T02:10:41.856+0000] {logging_mixin.py:188} INFO - [2026-05-02T02:10:41.855+0000] {dag.py:3089} INFO - Sync 1 DAGs
[2026-05-02T02:10:41.887+0000] {logging_mixin.py:188} INFO - [2026-05-02T02:10:41.886+0000] {dag.py:3947} INFO - Setting next_dagrun for flights_ops_medallion_pipe to 2026-05-02 02:00:00+00:00, run_after=2026-05-02 02:30:00+00:00
[2026-05-02T02:10:41.905+0000] {processor.py:183} INFO - Processing /opt/airflow/dags/flight-pipeline.py took 0.899 seconds
[2026-05-02T02:11:12.187+0000] {processor.py:161} INFO - Started process (PID=8816) to work on /opt/airflow/dags/flight-pipeline.py
[2026-05-02T02:11:12.189+0000] {processor.py:830} INFO - Processing file /opt/airflow/dags/flight-pipeline.py for tasks to queue
[2026-05-02T02:11:12.190+0000] {logging_mixin.py:188} INFO - [2026-05-02T02:11:12.190+0000] {dagbag.py:545} INFO - Filling up the DagBag from /opt/airflow/dags/flight-pipeline.py
[2026-05-02T02:11:12.901+0000] {processor.py:840} INFO - DAG(s) 'flights_ops_medallion_pipe' retrieved from /opt/airflow/dags/flight-pipeline.py
[2026-05-02T02:11:12.939+0000] {logging_mixin.py:188} INFO - [2026-05-02T02:11:12.938+0000] {dag.py:3089} INFO - Sync 1 DAGs
[2026-05-02T02:11:12.963+0000] {logging_mixin.py:188} INFO - [2026-05-02T02:11:12.962+0000] {dag.py:3947} INFO - Setting next_dagrun for flights_ops_medallion_pipe to 2026-05-02 02:00:00+00:00, run_after=2026-05-02 02:30:00+00:00
[2026-05-02T02:11:12.984+0000] {processor.py:183} INFO - Processing /opt/airflow/dags/flight-pipeline.py took 0.804 seconds
[2026-05-02T02:11:43.282+0000] {processor.py:161} INFO - Started process (PID=8819) to work on /opt/airflow/dags/flight-pipeline.py
[2026-05-02T02:11:43.284+0000] {processor.py:830} INFO - Processing file /opt/airflow/dags/flight-pipeline.py for tasks to queue
[2026-05-02T02:11:43.286+0000] {logging_mixin.py:188} INFO - [2026-05-02T02:11:43.285+0000] {dagbag.py:545} INFO - Filling up the DagBag from /opt/airflow/dags/flight-pipeline.py
[2026-05-02T02:11:43.978+0000] {processor.py:840} INFO - DAG(s) 'flights_ops_medallion_pipe' retrieved from /opt/airflow/dags/flight-pipeline.py
[2026-05-02T02:11:44.191+0000] {logging_mixin.py:188} INFO - [2026-05-02T02:11:44.190+0000] {dag.py:3089} INFO - Sync 1 DAGs
[2026-05-02T02:11:44.303+0000] {logging_mixin.py:188} INFO - [2026-05-02T02:11:44.302+0000] {dag.py:3947} INFO - Setting next_dagrun for flights_ops_medallion_pipe to 2026-05-02 02:00:00+00:00, run_after=2026-05-02 02:30:00+00:00
[2026-05-02T02:11:44.351+0000] {processor.py:183} INFO - Processing /opt/airflow/dags/flight-pipeline.py took 1.076 seconds
[2026-05-02T02:12:14.558+0000] {processor.py:161} INFO - Started process (PID=8822) to work on /opt/airflow/dags/flight-pipeline.py
[2026-05-02T02:12:14.561+0000] {processor.py:830} INFO - Processing file /opt/airflow/dags/flight-pipeline.py for tasks to queue
[2026-05-02T02:12:14.563+0000] {logging_mixin.py:188} INFO - [2026-05-02T02:12:14.562+0000] {dagbag.py:545} INFO - Filling up the DagBag from /opt/airflow/dags/flight-pipeline.py
[2026-05-02T02:12:15.465+0000] {processor.py:840} INFO - DAG(s) 'flights_ops_medallion_pipe' retrieved from /opt/airflow/dags/flight-pipeline.py
[2026-05-02T02:12:15.497+0000] {logging_mixin.py:188} INFO - [2026-05-02T02:12:15.497+0000] {dag.py:3089} INFO - Sync 1 DAGs
[2026-05-02T02:12:15.523+0000] {logging_mixin.py:188} INFO - [2026-05-02T02:12:15.523+0000] {dag.py:3947} INFO - Setting next_dagrun for flights_ops_medallion_pipe to 2026-05-02 02:00:00+00:00, run_after=2026-05-02 02:30:00+00:00
[2026-05-02T02:12:15.541+0000] {processor.py:183} INFO - Processing /opt/airflow/dags/flight-pipeline.py took 0.994 seconds
[2026-05-02T02:12:45.861+0000] {processor.py:161} INFO - Started process (PID=8825) to work on /opt/airflow/dags/flight-pipeline.py
[2026-05-02T02:12:45.863+0000] {processor.py:830} INFO - Processing file /opt/airflow/dags/flight-pipeline.py for tasks to queue
[2026-05-02T02:12:45.864+0000] {logging_mixin.py:188} INFO - [2026-05-02T02:12:45.863+0000] {dagbag.py:545} INFO - Filling up the DagBag from /opt/airflow/dags/flight-pipeline.py
[2026-05-02T02:12:46.502+0000] {processor.py:840} INFO - DAG(s) 'flights_ops_medallion_pipe' retrieved from /opt/airflow/dags/flight-pipeline.py
[2026-05-02T02:12:46.537+0000] {logging_mixin.py:188} INFO - [2026-05-02T02:12:46.536+0000] {dag.py:3089} INFO - Sync 1 DAGs
[2026-05-02T02:12:46.561+0000] {logging_mixin.py:188} INFO - [2026-05-02T02:12:46.561+0000] {dag.py:3947} INFO - Setting next_dagrun for flights_ops_medallion_pipe to 2026-05-02 02:00:00+00:00, run_after=2026-05-02 02:30:00+00:00
[2026-05-02T02:12:46.582+0000] {processor.py:183} INFO - Processing /opt/airflow/dags/flight-pipeline.py took 0.730 seconds
[2026-05-02T02:13:16.842+0000] {processor.py:161} INFO - Started process (PID=8828) to work on /opt/airflow/dags/flight-pipeline.py
[2026-05-02T02:13:16.844+0000] {processor.py:830} INFO - Processing file /opt/airflow/dags/flight-pipeline.py for tasks to queue
[2026-05-02T02:13:16.845+0000] {logging_mixin.py:188} INFO - [2026-05-02T02:13:16.845+0000] {dagbag.py:545} INFO - Filling up the DagBag from /opt/airflow/dags/flight-pipeline.py
[2026-05-02T02:13:17.506+0000] {processor.py:840} INFO - DAG(s) 'flights_ops_medallion_pipe' retrieved from /opt/airflow/dags/flight-pipeline.py
[2026-05-02T02:13:17.603+0000] {logging_mixin.py:188} INFO - [2026-05-02T02:13:17.602+0000] {dag.py:3089} INFO - Sync 1 DAGs
[2026-05-02T02:13:17.625+0000] {logging_mixin.py:188} INFO - [2026-05-02T02:13:17.625+0000] {dag.py:3947} INFO - Setting next_dagrun for flights_ops_medallion_pipe to 2026-05-02 02:00:00+00:00, run_after=2026-05-02 02:30:00+00:00
[2026-05-02T02:13:17.646+0000] {processor.py:183} INFO - Processing /opt/airflow/dags/flight-pipeline.py took 0.813 seconds
[2026-05-02T02:13:47.942+0000] {processor.py:161} INFO - Started process (PID=8831) to work on /opt/airflow/dags/flight-pipeline.py
[2026-05-02T02:13:47.944+0000] {processor.py:830} INFO - Processing file /opt/airflow/dags/flight-pipeline.py for tasks to queue
[2026-05-02T02:13:47.945+0000] {logging_mixin.py:188} INFO - [2026-05-02T02:13:47.944+0000] {dagbag.py:545} INFO - Filling up the DagBag from /opt/airflow/dags/flight-pipeline.py
[2026-05-02T02:13:48.638+0000] {processor.py:840} INFO - DAG(s) 'flights_ops_medallion_pipe' retrieved from /opt/airflow/dags/flight-pipeline.py
[2026-05-02T02:13:48.669+0000] {logging_mixin.py:188} INFO - [2026-05-02T02:13:48.669+0000] {dag.py:3089} INFO - Sync 1 DAGs
[2026-05-02T02:13:48.690+0000] {logging_mixin.py:188} INFO - [2026-05-02T02:13:48.690+0000] {dag.py:3947} INFO - Setting next_dagrun for flights_ops_medallion_pipe to 2026-05-02 02:00:00+00:00, run_after=2026-05-02 02:30:00+00:00
[2026-05-02T02:13:48.709+0000] {processor.py:183} INFO - Processing /opt/airflow/dags/flight-pipeline.py took 0.777 seconds
[2026-05-02T02:14:18.971+0000] {processor.py:161} INFO - Started process (PID=8834) to work on /opt/airflow/dags/flight-pipeline.py
[2026-05-02T02:14:18.973+0000] {processor.py:830} INFO - Processing file /opt/airflow/dags/flight-pipeline.py for tasks to queue
[2026-05-02T02:14:18.974+0000] {logging_mixin.py:188} INFO - [2026-05-02T02:14:18.974+0000] {dagbag.py:545} INFO - Filling up the DagBag from /opt/airflow/dags/flight-pipeline.py
[2026-05-02T02:14:19.695+0000] {processor.py:840} INFO - DAG(s) 'flights_ops_medallion_pipe' retrieved from /opt/airflow/dags/flight-pipeline.py
[2026-05-02T02:14:19.729+0000] {logging_mixin.py:188} INFO - [2026-05-02T02:14:19.728+0000] {dag.py:3089} INFO - Sync 1 DAGs
[2026-05-02T02:14:19.752+0000] {logging_mixin.py:188} INFO - [2026-05-02T02:14:19.752+0000] {dag.py:3947} INFO - Setting next_dagrun for flights_ops_medallion_pipe to 2026-05-02 02:00:00+00:00, run_after=2026-05-02 02:30:00+00:00
[2026-05-02T02:14:19.773+0000] {processor.py:183} INFO - Processing /opt/airflow/dags/flight-pipeline.py took 0.810 seconds
[2026-05-02T02:14:50.031+0000] {processor.py:161} INFO - Started process (PID=8837) to work on /opt/airflow/dags/flight-pipeline.py
[2026-05-02T02:14:50.033+0000] {processor.py:830} INFO - Processing file /opt/airflow/dags/flight-pipeline.py for tasks to queue
[2026-05-02T02:14:50.034+0000] {logging_mixin.py:188} INFO - [2026-05-02T02:14:50.034+0000] {dagbag.py:545} INFO - Filling up the DagBag from /opt/airflow/dags/flight-pipeline.py
[2026-05-02T02:14:50.837+0000] {processor.py:840} INFO - DAG(s) 'flights_ops_medallion_pipe' retrieved from /opt/airflow/dags/flight-pipeline.py
[2026-05-02T02:14:50.874+0000] {logging_mixin.py:188} INFO - [2026-05-02T02:14:50.874+0000] {dag.py:3089} INFO - Sync 1 DAGs
[2026-05-02T02:14:50.977+0000] {logging_mixin.py:188} INFO - [2026-05-02T02:14:50.977+0000] {dag.py:3947} INFO - Setting next_dagrun for flights_ops_medallion_pipe to 2026-05-02 02:00:00+00:00, run_after=2026-05-02 02:30:00+00:00
[2026-05-02T02:14:50.999+0000] {processor.py:183} INFO - Processing /opt/airflow/dags/flight-pipeline.py took 0.978 seconds
[2026-05-02T02:15:21.249+0000] {processor.py:161} INFO - Started process (PID=8840) to work on /opt/airflow/dags/flight-pipeline.py
[2026-05-02T02:15:21.251+0000] {processor.py:830} INFO - Processing file /opt/airflow/dags/flight-pipeline.py for tasks to queue
[2026-05-02T02:15:21.253+0000] {logging_mixin.py:188} INFO - [2026-05-02T02:15:21.253+0000] {dagbag.py:545} INFO - Filling up the DagBag from /opt/airflow/dags/flight-pipeline.py
[2026-05-02T02:15:21.993+0000] {processor.py:840} INFO - DAG(s) 'flights_ops_medallion_pipe' retrieved from /opt/airflow/dags/flight-pipeline.py
[2026-05-02T02:15:22.028+0000] {logging_mixin.py:188} INFO - [2026-05-02T02:15:22.028+0000] {dag.py:3089} INFO - Sync 1 DAGs
[2026-05-02T02:15:22.050+0000] {logging_mixin.py:188} INFO - [2026-05-02T02:15:22.049+0000] {dag.py:3947} INFO - Setting next_dagrun for flights_ops_medallion_pipe to 2026-05-02 02:00:00+00:00, run_after=2026-05-02 02:30:00+00:00
[2026-05-02T02:15:22.067+0000] {processor.py:183} INFO - Processing /opt/airflow/dags/flight-pipeline.py took 0.828 seconds
[2026-05-02T02:15:52.195+0000] {processor.py:161} INFO - Started process (PID=8843) to work on /opt/airflow/dags/flight-pipeline.py
[2026-05-02T02:15:52.196+0000] {processor.py:830} INFO - Processing file /opt/airflow/dags/flight-pipeline.py for tasks to queue
[2026-05-02T02:15:52.197+0000] {logging_mixin.py:188} INFO - [2026-05-02T02:15:52.197+0000] {dagbag.py:545} INFO - Filling up the DagBag from /opt/airflow/dags/flight-pipeline.py
[2026-05-02T02:15:52.918+0000] {processor.py:840} INFO - DAG(s) 'flights_ops_medallion_pipe' retrieved from /opt/airflow/dags/flight-pipeline.py
[2026-05-02T02:15:52.955+0000] {logging_mixin.py:188} INFO - [2026-05-02T02:15:52.955+0000] {dag.py:3089} INFO - Sync 1 DAGs
[2026-05-02T02:15:52.977+0000] {logging_mixin.py:188} INFO - [2026-05-02T02:15:52.977+0000] {dag.py:3947} INFO - Setting next_dagrun for flights_ops_medallion_pipe to 2026-05-02 02:00:00+00:00, run_after=2026-05-02 02:30:00+00:00
[2026-05-02T02:15:52.996+0000] {processor.py:183} INFO - Processing /opt/airflow/dags/flight-pipeline.py took 0.809 seconds
[2026-05-02T02:16:23.257+0000] {processor.py:161} INFO - Started process (PID=8846) to work on /opt/airflow/dags/flight-pipeline.py
[2026-05-02T02:16:23.259+0000] {processor.py:830} INFO - Processing file /opt/airflow/dags/flight-pipeline.py for tasks to queue
[2026-05-02T02:16:23.260+0000] {logging_mixin.py:188} INFO - [2026-05-02T02:16:23.260+0000] {dagbag.py:545} INFO - Filling up the DagBag from /opt/airflow/dags/flight-pipeline.py
[2026-05-02T02:16:23.913+0000] {processor.py:840} INFO - DAG(s) 'flights_ops_medallion_pipe' retrieved from /opt/airflow/dags/flight-pipeline.py
[2026-05-02T02:16:23.946+0000] {logging_mixin.py:188} INFO - [2026-05-02T02:16:23.946+0000] {dag.py:3089} INFO - Sync 1 DAGs
[2026-05-02T02:16:23.973+0000] {logging_mixin.py:188} INFO - [2026-05-02T02:16:23.973+0000] {dag.py:3947} INFO - Setting next_dagrun for flights_ops_medallion_pipe to 2026-05-02 02:00:00+00:00, run_after=2026-05-02 02:30:00+00:00
[2026-05-02T02:16:23.993+0000] {processor.py:183} INFO - Processing /opt/airflow/dags/flight-pipeline.py took 0.743 seconds
[2026-05-02T02:16:54.331+0000] {processor.py:161} INFO - Started process (PID=8849) to work on /opt/airflow/dags/flight-pipeline.py
[2026-05-02T02:16:54.332+0000] {processor.py:830} INFO - Processing file /opt/airflow/dags/flight-pipeline.py for tasks to queue
[2026-05-02T02:16:54.334+0000] {logging_mixin.py:188} INFO - [2026-05-02T02:16:54.333+0000] {dagbag.py:545} INFO - Filling up the DagBag from /opt/airflow/dags/flight-pipeline.py
[2026-05-02T02:16:54.937+0000] {processor.py:840} INFO - DAG(s) 'flights_ops_medallion_pipe' retrieved from /opt/airflow/dags/flight-pipeline.py
[2026-05-02T02:16:54.970+0000] {logging_mixin.py:188} INFO - [2026-05-02T02:16:54.970+0000] {dag.py:3089} INFO - Sync 1 DAGs
[2026-05-02T02:16:54.992+0000] {logging_mixin.py:188} INFO - [2026-05-02T02:16:54.992+0000] {dag.py:3947} INFO - Setting next_dagrun for flights_ops_medallion_pipe to 2026-05-02 02:00:00+00:00, run_after=2026-05-02 02:30:00+00:00
[2026-05-02T02:16:55.011+0000] {processor.py:183} INFO - Processing /opt/airflow/dags/flight-pipeline.py took 0.688 seconds
[2026-05-02T02:17:25.285+0000] {processor.py:161} INFO - Started process (PID=8852) to work on /opt/airflow/dags/flight-pipeline.py
[2026-05-02T02:17:25.287+0000] {processor.py:830} INFO - Processing file /opt/airflow/dags/flight-pipeline.py for tasks to queue
[2026-05-02T02:17:25.288+0000] {logging_mixin.py:188} INFO - [2026-05-02T02:17:25.287+0000] {dagbag.py:545} INFO - Filling up the DagBag from /opt/airflow/dags/flight-pipeline.py
[2026-05-02T02:17:25.899+0000] {processor.py:840} INFO - DAG(s) 'flights_ops_medallion_pipe' retrieved from /opt/airflow/dags/flight-pipeline.py
[2026-05-02T02:17:25.934+0000] {logging_mixin.py:188} INFO - [2026-05-02T02:17:25.934+0000] {dag.py:3089} INFO - Sync 1 DAGs
[2026-05-02T02:17:25.959+0000] {logging_mixin.py:188} INFO - [2026-05-02T02:17:25.959+0000] {dag.py:3947} INFO - Setting next_dagrun for flights_ops_medallion_pipe to 2026-05-02 02:00:00+00:00, run_after=2026-05-02 02:30:00+00:00
[2026-05-02T02:17:25.980+0000] {processor.py:183} INFO - Processing /opt/airflow/dags/flight-pipeline.py took 0.703 seconds
[2026-05-02T02:17:56.298+0000] {processor.py:161} INFO - Started process (PID=8855) to work on /opt/airflow/dags/flight-pipeline.py
[2026-05-02T02:17:56.299+0000] {processor.py:830} INFO - Processing file /opt/airflow/dags/flight-pipeline.py for tasks to queue
[2026-05-02T02:17:56.301+0000] {logging_mixin.py:188} INFO - [2026-05-02T02:17:56.300+0000] {dagbag.py:545} INFO - Filling up the DagBag from /opt/airflow/dags/flight-pipeline.py
[2026-05-02T02:17:56.961+0000] {processor.py:840} INFO - DAG(s) 'flights_ops_medallion_pipe' retrieved from /opt/airflow/dags/flight-pipeline.py
[2026-05-02T02:17:56.995+0000] {logging_mixin.py:188} INFO - [2026-05-02T02:17:56.994+0000] {dag.py:3089} INFO - Sync 1 DAGs
[2026-05-02T02:17:57.021+0000] {logging_mixin.py:188} INFO - [2026-05-02T02:17:57.021+0000] {dag.py:3947} INFO - Setting next_dagrun for flights_ops_medallion_pipe to 2026-05-02 02:00:00+00:00, run_after=2026-05-02 02:30:00+00:00
[2026-05-02T02:17:57.042+0000] {processor.py:183} INFO - Processing /opt/airflow/dags/flight-pipeline.py took 0.751 seconds
[2026-05-02T02:18:27.325+0000] {processor.py:161} INFO - Started process (PID=8858) to work on /opt/airflow/dags/flight-pipeline.py
[2026-05-02T02:18:27.327+0000] {processor.py:830} INFO - Processing file /opt/airflow/dags/flight-pipeline.py for tasks to queue
[2026-05-02T02:18:27.328+0000] {logging_mixin.py:188} INFO - [2026-05-02T02:18:27.328+0000] {dagbag.py:545} INFO - Filling up the DagBag from /opt/airflow/dags/flight-pipeline.py
[2026-05-02T02:18:27.938+0000] {processor.py:840} INFO - DAG(s) 'flights_ops_medallion_pipe' retrieved from /opt/airflow/dags/flight-pipeline.py
[2026-05-02T02:18:27.973+0000] {logging_mixin.py:188} INFO - [2026-05-02T02:18:27.973+0000] {dag.py:3089} INFO - Sync 1 DAGs
[2026-05-02T02:18:27.995+0000] {logging_mixin.py:188} INFO - [2026-05-02T02:18:27.994+0000] {dag.py:3947} INFO - Setting next_dagrun for flights_ops_medallion_pipe to 2026-05-02 02:00:00+00:00, run_after=2026-05-02 02:30:00+00:00
[2026-05-02T02:18:28.012+0000] {processor.py:183} INFO - Processing /opt/airflow/dags/flight-pipeline.py took 0.695 seconds
[2026-05-02T02:18:58.256+0000] {processor.py:161} INFO - Started process (PID=8861) to work on /opt/airflow/dags/flight-pipeline.py
[2026-05-02T02:18:58.258+0000] {processor.py:830} INFO - Processing file /opt/airflow/dags/flight-pipeline.py for tasks to queue
[2026-05-02T02:18:58.259+0000] {logging_mixin.py:188} INFO - [2026-05-02T02:18:58.259+0000] {dagbag.py:545} INFO - Filling up the DagBag from /opt/airflow/dags/flight-pipeline.py
[2026-05-02T02:18:58.905+0000] {processor.py:840} INFO - DAG(s) 'flights_ops_medallion_pipe' retrieved from /opt/airflow/dags/flight-pipeline.py
[2026-05-02T02:18:58.940+0000] {logging_mixin.py:188} INFO - [2026-05-02T02:18:58.940+0000] {dag.py:3089} INFO - Sync 1 DAGs
[2026-05-02T02:18:58.961+0000] {logging_mixin.py:188} INFO - [2026-05-02T02:18:58.961+0000] {dag.py:3947} INFO - Setting next_dagrun for flights_ops_medallion_pipe to 2026-05-02 02:00:00+00:00, run_after=2026-05-02 02:30:00+00:00
[2026-05-02T02:18:58.982+0000] {processor.py:183} INFO - Processing /opt/airflow/dags/flight-pipeline.py took 0.734 seconds
[2026-05-02T02:19:29.205+0000] {processor.py:161} INFO - Started process (PID=8864) to work on /opt/airflow/dags/flight-pipeline.py
[2026-05-02T02:19:29.207+0000] {processor.py:830} INFO - Processing file /opt/airflow/dags/flight-pipeline.py for tasks to queue
[2026-05-02T02:19:29.210+0000] {logging_mixin.py:188} INFO - [2026-05-02T02:19:29.209+0000] {dagbag.py:545} INFO - Filling up the DagBag from /opt/airflow/dags/flight-pipeline.py
[2026-05-02T02:19:29.883+0000] {processor.py:840} INFO - DAG(s) 'flights_ops_medallion_pipe' retrieved from /opt/airflow/dags/flight-pipeline.py
[2026-05-02T02:19:29.919+0000] {logging_mixin.py:188} INFO - [2026-05-02T02:19:29.918+0000] {dag.py:3089} INFO - Sync 1 DAGs
[2026-05-02T02:19:29.943+0000] {logging_mixin.py:188} INFO - [2026-05-02T02:19:29.942+0000] {dag.py:3947} INFO - Setting next_dagrun for flights_ops_medallion_pipe to 2026-05-02 02:00:00+00:00, run_after=2026-05-02 02:30:00+00:00
[2026-05-02T02:19:29.965+0000] {processor.py:183} INFO - Processing /opt/airflow/dags/flight-pipeline.py took 0.771 seconds
[2026-05-02T02:20:00.260+0000] {processor.py:161} INFO - Started process (PID=8867) to work on /opt/airflow/dags/flight-pipeline.py
[2026-05-02T02:20:00.262+0000] {processor.py:830} INFO - Processing file /opt/airflow/dags/flight-pipeline.py for tasks to queue
[2026-05-02T02:20:00.264+0000] {logging_mixin.py:188} INFO - [2026-05-02T02:20:00.263+0000] {dagbag.py:545} INFO - Filling up the DagBag from /opt/airflow/dags/flight-pipeline.py
[2026-05-02T02:20:01.019+0000] {processor.py:840} INFO - DAG(s) 'flights_ops_medallion_pipe' retrieved from /opt/airflow/dags/flight-pipeline.py
[2026-05-02T02:20:01.058+0000] {logging_mixin.py:188} INFO - [2026-05-02T02:20:01.057+0000] {dag.py:3089} INFO - Sync 1 DAGs
[2026-05-02T02:20:01.083+0000] {logging_mixin.py:188} INFO - [2026-05-02T02:20:01.082+0000] {dag.py:3947} INFO - Setting next_dagrun for flights_ops_medallion_pipe to 2026-05-02 02:00:00+00:00, run_after=2026-05-02 02:30:00+00:00
[2026-05-02T02:20:01.103+0000] {processor.py:183} INFO - Processing /opt/airflow/dags/flight-pipeline.py took 0.851 seconds
[2026-05-02T02:20:31.374+0000] {processor.py:161} INFO - Started process (PID=8870) to work on /opt/airflow/dags/flight-pipeline.py
[2026-05-02T02:20:31.376+0000] {processor.py:830} INFO - Processing file /opt/airflow/dags/flight-pipeline.py for tasks to queue
[2026-05-02T02:20:31.377+0000] {logging_mixin.py:188} INFO - [2026-05-02T02:20:31.376+0000] {dagbag.py:545} INFO - Filling up the DagBag from /opt/airflow/dags/flight-pipeline.py
[2026-05-02T02:20:31.992+0000] {processor.py:840} INFO - DAG(s) 'flights_ops_medallion_pipe' retrieved from /opt/airflow/dags/flight-pipeline.py
[2026-05-02T02:20:32.025+0000] {logging_mixin.py:188} INFO - [2026-05-02T02:20:32.025+0000] {dag.py:3089} INFO - Sync 1 DAGs
[2026-05-02T02:20:32.047+0000] {logging_mixin.py:188} INFO - [2026-05-02T02:20:32.047+0000] {dag.py:3947} INFO - Setting next_dagrun for flights_ops_medallion_pipe to 2026-05-02 02:00:00+00:00, run_after=2026-05-02 02:30:00+00:00
[2026-05-02T02:20:32.066+0000] {processor.py:183} INFO - Processing /opt/airflow/dags/flight-pipeline.py took 0.700 seconds
[2026-05-02T02:21:02.381+0000] {processor.py:161} INFO - Started process (PID=8873) to work on /opt/airflow/dags/flight-pipeline.py
[2026-05-02T02:21:02.383+0000] {processor.py:830} INFO - Processing file /opt/airflow/dags/flight-pipeline.py for tasks to queue
[2026-05-02T02:21:02.384+0000] {logging_mixin.py:188} INFO - [2026-05-02T02:21:02.384+0000] {dagbag.py:545} INFO - Filling up the DagBag from /opt/airflow/dags/flight-pipeline.py
[2026-05-02T02:21:03.029+0000] {processor.py:840} INFO - DAG(s) 'flights_ops_medallion_pipe' retrieved from /opt/airflow/dags/flight-pipeline.py
[2026-05-02T02:21:03.065+0000] {logging_mixin.py:188} INFO - [2026-05-02T02:21:03.065+0000] {dag.py:3089} INFO - Sync 1 DAGs
[2026-05-02T02:21:03.091+0000] {logging_mixin.py:188} INFO - [2026-05-02T02:21:03.091+0000] {dag.py:3947} INFO - Setting next_dagrun for flights_ops_medallion_pipe to 2026-05-02 02:00:00+00:00, run_after=2026-05-02 02:30:00+00:00
[2026-05-02T02:21:03.111+0000] {processor.py:183} INFO - Processing /opt/airflow/dags/flight-pipeline.py took 0.739 seconds
[2026-05-02T02:21:33.363+0000] {processor.py:161} INFO - Started process (PID=8876) to work on /opt/airflow/dags/flight-pipeline.py
[2026-05-02T02:21:33.365+0000] {processor.py:830} INFO - Processing file /opt/airflow/dags/flight-pipeline.py for tasks to queue
[2026-05-02T02:21:33.367+0000] {logging_mixin.py:188} INFO - [2026-05-02T02:21:33.366+0000] {dagbag.py:545} INFO - Filling up the DagBag from /opt/airflow/dags/flight-pipeline.py
[2026-05-02T02:21:34.135+0000] {processor.py:840} INFO - DAG(s) 'flights_ops_medallion_pipe' retrieved from /opt/airflow/dags/flight-pipeline.py
[2026-05-02T02:21:34.179+0000] {logging_mixin.py:188} INFO - [2026-05-02T02:21:34.178+0000] {dag.py:3089} INFO - Sync 1 DAGs
[2026-05-02T02:21:34.207+0000] {logging_mixin.py:188} INFO - [2026-05-02T02:21:34.206+0000] {dag.py:3947} INFO - Setting next_dagrun for flights_ops_medallion_pipe to 2026-05-02 02:00:00+00:00, run_after=2026-05-02 02:30:00+00:00
[2026-05-02T02:21:34.234+0000] {processor.py:183} INFO - Processing /opt/airflow/dags/flight-pipeline.py took 0.880 seconds
[2026-05-02T02:22:04.412+0000] {processor.py:161} INFO - Started process (PID=8879) to work on /opt/airflow/dags/flight-pipeline.py
[2026-05-02T02:22:04.414+0000] {processor.py:830} INFO - Processing file /opt/airflow/dags/flight-pipeline.py for tasks to queue
[2026-05-02T02:22:04.415+0000] {logging_mixin.py:188} INFO - [2026-05-02T02:22:04.414+0000] {dagbag.py:545} INFO - Filling up the DagBag from /opt/airflow/dags/flight-pipeline.py
[2026-05-02T02:22:05.048+0000] {processor.py:840} INFO - DAG(s) 'flights_ops_medallion_pipe' retrieved from /opt/airflow/dags/flight-pipeline.py
[2026-05-02T02:22:05.084+0000] {logging_mixin.py:188} INFO - [2026-05-02T02:22:05.083+0000] {dag.py:3089} INFO - Sync 1 DAGs
[2026-05-02T02:22:05.106+0000] {logging_mixin.py:188} INFO - [2026-05-02T02:22:05.106+0000] {dag.py:3947} INFO - Setting next_dagrun for flights_ops_medallion_pipe to 2026-05-02 02:00:00+00:00, run_after=2026-05-02 02:30:00+00:00
[2026-05-02T02:22:05.124+0000] {processor.py:183} INFO - Processing /opt/airflow/dags/flight-pipeline.py took 0.720 seconds
[2026-05-02T02:22:35.399+0000] {processor.py:161} INFO - Started process (PID=8882) to work on /opt/airflow/dags/flight-pipeline.py
[2026-05-02T02:22:35.401+0000] {processor.py:830} INFO - Processing file /opt/airflow/dags/flight-pipeline.py for tasks to queue
[2026-05-02T02:22:35.402+0000] {logging_mixin.py:188} INFO - [2026-05-02T02:22:35.402+0000] {dagbag.py:545} INFO - Filling up the DagBag from /opt/airflow/dags/flight-pipeline.py
[2026-05-02T02:22:36.030+0000] {processor.py:840} INFO - DAG(s) 'flights_ops_medallion_pipe' retrieved from /opt/airflow/dags/flight-pipeline.py
[2026-05-02T02:22:36.064+0000] {logging_mixin.py:188} INFO - [2026-05-02T02:22:36.063+0000] {dag.py:3089} INFO - Sync 1 DAGs
[2026-05-02T02:22:36.085+0000] {logging_mixin.py:188} INFO - [2026-05-02T02:22:36.085+0000] {dag.py:3947} INFO - Setting next_dagrun for flights_ops_medallion_pipe to 2026-05-02 02:00:00+00:00, run_after=2026-05-02 02:30:00+00:00
[2026-05-02T02:22:36.104+0000] {processor.py:183} INFO - Processing /opt/airflow/dags/flight-pipeline.py took 0.714 seconds
[2026-05-02T02:23:06.432+0000] {processor.py:161} INFO - Started process (PID=8885) to work on /opt/airflow/dags/flight-pipeline.py
[2026-05-02T02:23:06.435+0000] {processor.py:830} INFO - Processing file /opt/airflow/dags/flight-pipeline.py for tasks to queue
[2026-05-02T02:23:06.436+0000] {logging_mixin.py:188} INFO - [2026-05-02T02:23:06.435+0000] {dagbag.py:545} INFO - Filling up the DagBag from /opt/airflow/dags/flight-pipeline.py
[2026-05-02T02:23:07.129+0000] {processor.py:840} INFO - DAG(s) 'flights_ops_medallion_pipe' retrieved from /opt/airflow/dags/flight-pipeline.py
[2026-05-02T02:23:07.163+0000] {logging_mixin.py:188} INFO - [2026-05-02T02:23:07.162+0000] {dag.py:3089} INFO - Sync 1 DAGs
[2026-05-02T02:23:07.184+0000] {logging_mixin.py:188} INFO - [2026-05-02T02:23:07.184+0000] {dag.py:3947} INFO - Setting next_dagrun for flights_ops_medallion_pipe to 2026-05-02 02:00:00+00:00, run_after=2026-05-02 02:30:00+00:00
[2026-05-02T02:23:07.204+0000] {processor.py:183} INFO - Processing /opt/airflow/dags/flight-pipeline.py took 0.783 seconds
[2026-05-02T02:23:37.444+0000] {processor.py:161} INFO - Started process (PID=8888) to work on /opt/airflow/dags/flight-pipeline.py
[2026-05-02T02:23:37.446+0000] {processor.py:830} INFO - Processing file /opt/airflow/dags/flight-pipeline.py for tasks to queue
[2026-05-02T02:23:37.448+0000] {logging_mixin.py:188} INFO - [2026-05-02T02:23:37.447+0000] {dagbag.py:545} INFO - Filling up the DagBag from /opt/airflow/dags/flight-pipeline.py
[2026-05-02T02:23:38.237+0000] {processor.py:840} INFO - DAG(s) 'flights_ops_medallion_pipe' retrieved from /opt/airflow/dags/flight-pipeline.py
[2026-05-02T02:23:38.277+0000] {logging_mixin.py:188} INFO - [2026-05-02T02:23:38.276+0000] {dag.py:3089} INFO - Sync 1 DAGs
[2026-05-02T02:23:38.305+0000] {logging_mixin.py:188} INFO - [2026-05-02T02:23:38.304+0000] {dag.py:3947} INFO - Setting next_dagrun for flights_ops_medallion_pipe to 2026-05-02 02:00:00+00:00, run_after=2026-05-02 02:30:00+00:00
[2026-05-02T02:23:38.323+0000] {processor.py:183} INFO - Processing /opt/airflow/dags/flight-pipeline.py took 0.887 seconds
[2026-05-02T02:24:08.481+0000] {processor.py:161} INFO - Started process (PID=8891) to work on /opt/airflow/dags/flight-pipeline.py
[2026-05-02T02:24:08.483+0000] {processor.py:830} INFO - Processing file /opt/airflow/dags/flight-pipeline.py for tasks to queue
[2026-05-02T02:24:08.485+0000] {logging_mixin.py:188} INFO - [2026-05-02T02:24:08.484+0000] {dagbag.py:545} INFO - Filling up the DagBag from /opt/airflow/dags/flight-pipeline.py
[2026-05-02T02:24:09.192+0000] {processor.py:840} INFO - DAG(s) 'flights_ops_medallion_pipe' retrieved from /opt/airflow/dags/flight-pipeline.py
[2026-05-02T02:24:09.229+0000] {logging_mixin.py:188} INFO - [2026-05-02T02:24:09.229+0000] {dag.py:3089} INFO - Sync 1 DAGs
[2026-05-02T02:24:09.255+0000] {logging_mixin.py:188} INFO - [2026-05-02T02:24:09.255+0000] {dag.py:3947} INFO - Setting next_dagrun for flights_ops_medallion_pipe to 2026-05-02 02:00:00+00:00, run_after=2026-05-02 02:30:00+00:00
[2026-05-02T02:24:09.274+0000] {processor.py:183} INFO - Processing /opt/airflow/dags/flight-pipeline.py took 0.805 seconds
[2026-05-02T02:24:39.561+0000] {processor.py:161} INFO - Started process (PID=8894) to work on /opt/airflow/dags/flight-pipeline.py
[2026-05-02T02:24:39.562+0000] {processor.py:830} INFO - Processing file /opt/airflow/dags/flight-pipeline.py for tasks to queue
[2026-05-02T02:24:39.564+0000] {logging_mixin.py:188} INFO - [2026-05-02T02:24:39.563+0000] {dagbag.py:545} INFO - Filling up the DagBag from /opt/airflow/dags/flight-pipeline.py
[2026-05-02T02:24:40.187+0000] {processor.py:840} INFO - DAG(s) 'flights_ops_medallion_pipe' retrieved from /opt/airflow/dags/flight-pipeline.py
[2026-05-02T02:24:40.221+0000] {logging_mixin.py:188} INFO - [2026-05-02T02:24:40.221+0000] {dag.py:3089} INFO - Sync 1 DAGs
[2026-05-02T02:24:40.243+0000] {logging_mixin.py:188} INFO - [2026-05-02T02:24:40.243+0000] {dag.py:3947} INFO - Setting next_dagrun for flights_ops_medallion_pipe to 2026-05-02 02:00:00+00:00, run_after=2026-05-02 02:30:00+00:00
[2026-05-02T02:24:40.260+0000] {processor.py:183} INFO - Processing /opt/airflow/dags/flight-pipeline.py took 0.710 seconds
[2026-05-02T02:25:10.547+0000] {processor.py:161} INFO - Started process (PID=8897) to work on /opt/airflow/dags/flight-pipeline.py
[2026-05-02T02:25:10.549+0000] {processor.py:830} INFO - Processing file /opt/airflow/dags/flight-pipeline.py for tasks to queue
[2026-05-02T02:25:10.550+0000] {logging_mixin.py:188} INFO - [2026-05-02T02:25:10.549+0000] {dagbag.py:545} INFO - Filling up the DagBag from /opt/airflow/dags/flight-pipeline.py
[2026-05-02T02:25:11.170+0000] {processor.py:840} INFO - DAG(s) 'flights_ops_medallion_pipe' retrieved from /opt/airflow/dags/flight-pipeline.py
[2026-05-02T02:25:11.201+0000] {logging_mixin.py:188} INFO - [2026-05-02T02:25:11.201+0000] {dag.py:3089} INFO - Sync 1 DAGs
[2026-05-02T02:25:11.223+0000] {logging_mixin.py:188} INFO - [2026-05-02T02:25:11.222+0000] {dag.py:3947} INFO - Setting next_dagrun for flights_ops_medallion_pipe to 2026-05-02 02:00:00+00:00, run_after=2026-05-02 02:30:00+00:00
[2026-05-02T02:25:11.241+0000] {processor.py:183} INFO - Processing /opt/airflow/dags/flight-pipeline.py took 0.702 seconds
[2026-05-02T02:25:41.502+0000] {processor.py:161} INFO - Started process (PID=8900) to work on /opt/airflow/dags/flight-pipeline.py
[2026-05-02T02:25:41.503+0000] {processor.py:830} INFO - Processing file /opt/airflow/dags/flight-pipeline.py for tasks to queue
[2026-05-02T02:25:41.504+0000] {logging_mixin.py:188} INFO - [2026-05-02T02:25:41.504+0000] {dagbag.py:545} INFO - Filling up the DagBag from /opt/airflow/dags/flight-pipeline.py
[2026-05-02T02:25:42.159+0000] {processor.py:840} INFO - DAG(s) 'flights_ops_medallion_pipe' retrieved from /opt/airflow/dags/flight-pipeline.py
[2026-05-02T02:25:42.192+0000] {logging_mixin.py:188} INFO - [2026-05-02T02:25:42.192+0000] {dag.py:3089} INFO - Sync 1 DAGs
[2026-05-02T02:25:42.214+0000] {logging_mixin.py:188} INFO - [2026-05-02T02:25:42.214+0000] {dag.py:3947} INFO - Setting next_dagrun for flights_ops_medallion_pipe to 2026-05-02 02:00:00+00:00, run_after=2026-05-02 02:30:00+00:00
[2026-05-02T02:25:42.232+0000] {processor.py:183} INFO - Processing /opt/airflow/dags/flight-pipeline.py took 0.739 seconds
[2026-05-02T02:26:12.528+0000] {processor.py:161} INFO - Started process (PID=8903) to work on /opt/airflow/dags/flight-pipeline.py
[2026-05-02T02:26:12.529+0000] {processor.py:830} INFO - Processing file /opt/airflow/dags/flight-pipeline.py for tasks to queue
[2026-05-02T02:26:12.530+0000] {logging_mixin.py:188} INFO - [2026-05-02T02:26:12.530+0000] {dagbag.py:545} INFO - Filling up the DagBag from /opt/airflow/dags/flight-pipeline.py
[2026-05-02T02:26:13.142+0000] {processor.py:840} INFO - DAG(s) 'flights_ops_medallion_pipe' retrieved from /opt/airflow/dags/flight-pipeline.py
[2026-05-02T02:26:13.173+0000] {logging_mixin.py:188} INFO - [2026-05-02T02:26:13.172+0000] {dag.py:3089} INFO - Sync 1 DAGs
[2026-05-02T02:26:13.196+0000] {logging_mixin.py:188} INFO - [2026-05-02T02:26:13.195+0000] {dag.py:3947} INFO - Setting next_dagrun for flights_ops_medallion_pipe to 2026-05-02 02:00:00+00:00, run_after=2026-05-02 02:30:00+00:00
[2026-05-02T02:26:13.214+0000] {processor.py:183} INFO - Processing /opt/airflow/dags/flight-pipeline.py took 0.694 seconds
[2026-05-02T02:26:43.463+0000] {processor.py:161} INFO - Started process (PID=8906) to work on /opt/airflow/dags/flight-pipeline.py
[2026-05-02T02:26:43.466+0000] {processor.py:830} INFO - Processing file /opt/airflow/dags/flight-pipeline.py for tasks to queue
[2026-05-02T02:26:43.467+0000] {logging_mixin.py:188} INFO - [2026-05-02T02:26:43.467+0000] {dagbag.py:545} INFO - Filling up the DagBag from /opt/airflow/dags/flight-pipeline.py
[2026-05-02T02:26:44.080+0000] {processor.py:840} INFO - DAG(s) 'flights_ops_medallion_pipe' retrieved from /opt/airflow/dags/flight-pipeline.py
[2026-05-02T02:26:44.112+0000] {logging_mixin.py:188} INFO - [2026-05-02T02:26:44.111+0000] {dag.py:3089} INFO - Sync 1 DAGs
[2026-05-02T02:26:44.136+0000] {logging_mixin.py:188} INFO - [2026-05-02T02:26:44.135+0000] {dag.py:3947} INFO - Setting next_dagrun for flights_ops_medallion_pipe to 2026-05-02 02:00:00+00:00, run_after=2026-05-02 02:30:00+00:00
[2026-05-02T02:26:44.153+0000] {processor.py:183} INFO - Processing /opt/airflow/dags/flight-pipeline.py took 0.699 seconds
[2026-05-02T02:27:14.259+0000] {processor.py:161} INFO - Started process (PID=8909) to work on /opt/airflow/dags/flight-pipeline.py
[2026-05-02T02:27:14.261+0000] {processor.py:830} INFO - Processing file /opt/airflow/dags/flight-pipeline.py for tasks to queue
[2026-05-02T02:27:14.262+0000] {logging_mixin.py:188} INFO - [2026-05-02T02:27:14.261+0000] {dagbag.py:545} INFO - Filling up the DagBag from /opt/airflow/dags/flight-pipeline.py
[2026-05-02T02:27:14.881+0000] {processor.py:840} INFO - DAG(s) 'flights_ops_medallion_pipe' retrieved from /opt/airflow/dags/flight-pipeline.py
[2026-05-02T02:27:14.914+0000] {logging_mixin.py:188} INFO - [2026-05-02T02:27:14.914+0000] {dag.py:3089} INFO - Sync 1 DAGs
[2026-05-02T02:27:14.937+0000] {logging_mixin.py:188} INFO - [2026-05-02T02:27:14.937+0000] {dag.py:3947} INFO - Setting next_dagrun for flights_ops_medallion_pipe to 2026-05-02 02:00:00+00:00, run_after=2026-05-02 02:30:00+00:00
[2026-05-02T02:27:14.955+0000] {processor.py:183} INFO - Processing /opt/airflow/dags/flight-pipeline.py took 0.705 seconds
[2026-05-02T02:27:45.274+0000] {processor.py:161} INFO - Started process (PID=8912) to work on /opt/airflow/dags/flight-pipeline.py
[2026-05-02T02:27:45.275+0000] {processor.py:830} INFO - Processing file /opt/airflow/dags/flight-pipeline.py for tasks to queue
[2026-05-02T02:27:45.277+0000] {logging_mixin.py:188} INFO - [2026-05-02T02:27:45.276+0000] {dagbag.py:545} INFO - Filling up the DagBag from /opt/airflow/dags/flight-pipeline.py
[2026-05-02T02:27:45.894+0000] {processor.py:840} INFO - DAG(s) 'flights_ops_medallion_pipe' retrieved from /opt/airflow/dags/flight-pipeline.py
[2026-05-02T02:27:45.932+0000] {logging_mixin.py:188} INFO - [2026-05-02T02:27:45.932+0000] {dag.py:3089} INFO - Sync 1 DAGs
[2026-05-02T02:27:45.963+0000] {logging_mixin.py:188} INFO - [2026-05-02T02:27:45.963+0000] {dag.py:3947} INFO - Setting next_dagrun for flights_ops_medallion_pipe to 2026-05-02 02:00:00+00:00, run_after=2026-05-02 02:30:00+00:00
[2026-05-02T02:27:45.984+0000] {processor.py:183} INFO - Processing /opt/airflow/dags/flight-pipeline.py took 0.719 seconds
[2026-05-02T02:28:16.894+0000] {processor.py:161} INFO - Started process (PID=8915) to work on /opt/airflow/dags/flight-pipeline.py
[2026-05-02T02:28:16.896+0000] {processor.py:830} INFO - Processing file /opt/airflow/dags/flight-pipeline.py for tasks to queue
[2026-05-02T02:28:16.897+0000] {logging_mixin.py:188} INFO - [2026-05-02T02:28:16.896+0000] {dagbag.py:545} INFO - Filling up the DagBag from /opt/airflow/dags/flight-pipeline.py
[2026-05-02T02:28:17.534+0000] {processor.py:840} INFO - DAG(s) 'flights_ops_medallion_pipe' retrieved from /opt/airflow/dags/flight-pipeline.py
[2026-05-02T02:28:17.569+0000] {logging_mixin.py:188} INFO - [2026-05-02T02:28:17.568+0000] {dag.py:3089} INFO - Sync 1 DAGs
[2026-05-02T02:28:17.591+0000] {logging_mixin.py:188} INFO - [2026-05-02T02:28:17.591+0000] {dag.py:3947} INFO - Setting next_dagrun for flights_ops_medallion_pipe to 2026-05-02 02:00:00+00:00, run_after=2026-05-02 02:30:00+00:00
[2026-05-02T02:28:17.609+0000] {processor.py:183} INFO - Processing /opt/airflow/dags/flight-pipeline.py took 0.725 seconds
[2026-05-02T03:23:19.272+0000] {processor.py:161} INFO - Started process (PID=8918) to work on /opt/airflow/dags/flight-pipeline.py
[2026-05-02T03:23:19.482+0000] {processor.py:830} INFO - Processing file /opt/airflow/dags/flight-pipeline.py for tasks to queue
[2026-05-02T03:23:19.509+0000] {logging_mixin.py:188} INFO - [2026-05-02T03:23:19.499+0000] {dagbag.py:545} INFO - Filling up the DagBag from /opt/airflow/dags/flight-pipeline.py
[2026-05-02T03:23:25.086+0000] {processor.py:840} INFO - DAG(s) 'flights_ops_medallion_pipe' retrieved from /opt/airflow/dags/flight-pipeline.py
[2026-05-02T03:23:25.873+0000] {logging_mixin.py:188} INFO - [2026-05-02T03:23:25.855+0000] {dag.py:3089} INFO - Sync 1 DAGs
[2026-05-02T03:23:26.909+0000] {logging_mixin.py:188} INFO - [2026-05-02T03:23:26.904+0000] {dag.py:3947} INFO - Setting next_dagrun for flights_ops_medallion_pipe to 2026-05-02 02:30:00+00:00, run_after=2026-05-02 03:00:00+00:00
[2026-05-02T03:23:28.136+0000] {processor.py:183} INFO - Processing /opt/airflow/dags/flight-pipeline.py took 9.092 seconds
[2026-05-02T03:23:58.909+0000] {processor.py:161} INFO - Started process (PID=8934) to work on /opt/airflow/dags/flight-pipeline.py
[2026-05-02T03:23:58.913+0000] {processor.py:830} INFO - Processing file /opt/airflow/dags/flight-pipeline.py for tasks to queue
[2026-05-02T03:23:58.919+0000] {logging_mixin.py:188} INFO - [2026-05-02T03:23:58.917+0000] {dagbag.py:545} INFO - Filling up the DagBag from /opt/airflow/dags/flight-pipeline.py
[2026-05-02T03:24:00.318+0000] {processor.py:840} INFO - DAG(s) 'flights_ops_medallion_pipe' retrieved from /opt/airflow/dags/flight-pipeline.py
[2026-05-02T03:24:00.382+0000] {logging_mixin.py:188} INFO - [2026-05-02T03:24:00.382+0000] {dag.py:3089} INFO - Sync 1 DAGs
[2026-05-02T03:24:00.427+0000] {logging_mixin.py:188} INFO - [2026-05-02T03:24:00.427+0000] {dag.py:3947} INFO - Setting next_dagrun for flights_ops_medallion_pipe to 2026-05-02 03:00:00+00:00, run_after=2026-05-02 03:30:00+00:00
[2026-05-02T03:24:00.462+0000] {processor.py:183} INFO - Processing /opt/airflow/dags/flight-pipeline.py took 1.594 seconds
[2026-05-02T03:25:11.816+0000] {processor.py:161} INFO - Started process (PID=8947) to work on /opt/airflow/dags/flight-pipeline.py
[2026-05-02T03:25:11.829+0000] {processor.py:830} INFO - Processing file /opt/airflow/dags/flight-pipeline.py for tasks to queue
[2026-05-02T03:25:11.841+0000] {logging_mixin.py:188} INFO - [2026-05-02T03:25:11.838+0000] {dagbag.py:545} INFO - Filling up the DagBag from /opt/airflow/dags/flight-pipeline.py
[2026-05-02T03:25:13.786+0000] {processor.py:840} INFO - DAG(s) 'flights_ops_medallion_pipe' retrieved from /opt/airflow/dags/flight-pipeline.py
[2026-05-02T03:25:13.833+0000] {logging_mixin.py:188} INFO - [2026-05-02T03:25:13.832+0000] {dag.py:3089} INFO - Sync 1 DAGs
[2026-05-02T03:25:13.864+0000] {logging_mixin.py:188} INFO - [2026-05-02T03:25:13.863+0000] {dag.py:3947} INFO - Setting next_dagrun for flights_ops_medallion_pipe to 2026-05-02 03:00:00+00:00, run_after=2026-05-02 03:30:00+00:00
[2026-05-02T03:25:13.887+0000] {processor.py:183} INFO - Processing /opt/airflow/dags/flight-pipeline.py took 2.256 seconds
[2026-05-02T03:25:44.656+0000] {processor.py:161} INFO - Started process (PID=8983) to work on /opt/airflow/dags/flight-pipeline.py
[2026-05-02T03:25:44.660+0000] {processor.py:830} INFO - Processing file /opt/airflow/dags/flight-pipeline.py for tasks to queue
[2026-05-02T03:25:44.662+0000] {logging_mixin.py:188} INFO - [2026-05-02T03:25:44.661+0000] {dagbag.py:545} INFO - Filling up the DagBag from /opt/airflow/dags/flight-pipeline.py
[2026-05-02T03:25:45.639+0000] {processor.py:840} INFO - DAG(s) 'flights_ops_medallion_pipe' retrieved from /opt/airflow/dags/flight-pipeline.py
[2026-05-02T03:25:45.698+0000] {logging_mixin.py:188} INFO - [2026-05-02T03:25:45.698+0000] {dag.py:3089} INFO - Sync 1 DAGs
[2026-05-02T03:25:45.737+0000] {logging_mixin.py:188} INFO - [2026-05-02T03:25:45.736+0000] {dag.py:3947} INFO - Setting next_dagrun for flights_ops_medallion_pipe to 2026-05-02 03:00:00+00:00, run_after=2026-05-02 03:30:00+00:00
[2026-05-02T03:25:47.950+0000] {processor.py:183} INFO - Processing /opt/airflow/dags/flight-pipeline.py took 3.311 seconds
[2026-05-02T03:26:18.129+0000] {processor.py:161} INFO - Started process (PID=8986) to work on /opt/airflow/dags/flight-pipeline.py
[2026-05-02T03:26:18.134+0000] {processor.py:830} INFO - Processing file /opt/airflow/dags/flight-pipeline.py for tasks to queue
[2026-05-02T03:26:18.136+0000] {logging_mixin.py:188} INFO - [2026-05-02T03:26:18.135+0000] {dagbag.py:545} INFO - Filling up the DagBag from /opt/airflow/dags/flight-pipeline.py
[2026-05-02T03:26:18.843+0000] {processor.py:840} INFO - DAG(s) 'flights_ops_medallion_pipe' retrieved from /opt/airflow/dags/flight-pipeline.py
[2026-05-02T03:26:18.876+0000] {logging_mixin.py:188} INFO - [2026-05-02T03:26:18.876+0000] {dag.py:3089} INFO - Sync 1 DAGs
[2026-05-02T03:26:18.903+0000] {logging_mixin.py:188} INFO - [2026-05-02T03:26:18.902+0000] {dag.py:3947} INFO - Setting next_dagrun for flights_ops_medallion_pipe to 2026-05-02 03:00:00+00:00, run_after=2026-05-02 03:30:00+00:00
[2026-05-02T03:26:18.921+0000] {processor.py:183} INFO - Processing /opt/airflow/dags/flight-pipeline.py took 0.800 seconds
[2026-05-02T03:26:49.085+0000] {processor.py:161} INFO - Started process (PID=8989) to work on /opt/airflow/dags/flight-pipeline.py
[2026-05-02T03:26:49.090+0000] {processor.py:830} INFO - Processing file /opt/airflow/dags/flight-pipeline.py for tasks to queue
[2026-05-02T03:26:49.092+0000] {logging_mixin.py:188} INFO - [2026-05-02T03:26:49.091+0000] {dagbag.py:545} INFO - Filling up the DagBag from /opt/airflow/dags/flight-pipeline.py
[2026-05-02T03:26:49.880+0000] {processor.py:840} INFO - DAG(s) 'flights_ops_medallion_pipe' retrieved from /opt/airflow/dags/flight-pipeline.py
[2026-05-02T03:26:49.924+0000] {logging_mixin.py:188} INFO - [2026-05-02T03:26:49.923+0000] {dag.py:3089} INFO - Sync 1 DAGs
[2026-05-02T03:26:49.954+0000] {logging_mixin.py:188} INFO - [2026-05-02T03:26:49.953+0000] {dag.py:3947} INFO - Setting next_dagrun for flights_ops_medallion_pipe to 2026-05-02 03:00:00+00:00, run_after=2026-05-02 03:30:00+00:00
[2026-05-02T03:26:49.974+0000] {processor.py:183} INFO - Processing /opt/airflow/dags/flight-pipeline.py took 0.900 seconds
[2026-05-02T03:27:20.200+0000] {processor.py:161} INFO - Started process (PID=8992) to work on /opt/airflow/dags/flight-pipeline.py
[2026-05-02T03:27:20.208+0000] {processor.py:830} INFO - Processing file /opt/airflow/dags/flight-pipeline.py for tasks to queue
[2026-05-02T03:27:20.210+0000] {logging_mixin.py:188} INFO - [2026-05-02T03:27:20.210+0000] {dagbag.py:545} INFO - Filling up the DagBag from /opt/airflow/dags/flight-pipeline.py
[2026-05-02T03:27:22.412+0000] {processor.py:840} INFO - DAG(s) 'flights_ops_medallion_pipe' retrieved from /opt/airflow/dags/flight-pipeline.py
[2026-05-02T03:27:22.481+0000] {logging_mixin.py:188} INFO - [2026-05-02T03:27:22.480+0000] {dag.py:3089} INFO - Sync 1 DAGs
[2026-05-02T03:27:22.516+0000] {logging_mixin.py:188} INFO - [2026-05-02T03:27:22.516+0000] {dag.py:3947} INFO - Setting next_dagrun for flights_ops_medallion_pipe to 2026-05-02 03:00:00+00:00, run_after=2026-05-02 03:30:00+00:00
[2026-05-02T03:27:22.542+0000] {processor.py:183} INFO - Processing /opt/airflow/dags/flight-pipeline.py took 2.363 seconds
[2026-05-02T03:27:52.753+0000] {processor.py:161} INFO - Started process (PID=8995) to work on /opt/airflow/dags/flight-pipeline.py
[2026-05-02T03:27:52.759+0000] {processor.py:830} INFO - Processing file /opt/airflow/dags/flight-pipeline.py for tasks to queue
[2026-05-02T03:27:52.761+0000] {logging_mixin.py:188} INFO - [2026-05-02T03:27:52.760+0000] {dagbag.py:545} INFO - Filling up the DagBag from /opt/airflow/dags/flight-pipeline.py
[2026-05-02T03:27:53.907+0000] {processor.py:840} INFO - DAG(s) 'flights_ops_medallion_pipe' retrieved from /opt/airflow/dags/flight-pipeline.py
[2026-05-02T03:27:53.959+0000] {logging_mixin.py:188} INFO - [2026-05-02T03:27:53.959+0000] {dag.py:3089} INFO - Sync 1 DAGs
[2026-05-02T03:27:53.995+0000] {logging_mixin.py:188} INFO - [2026-05-02T03:27:53.995+0000] {dag.py:3947} INFO - Setting next_dagrun for flights_ops_medallion_pipe to 2026-05-02 03:00:00+00:00, run_after=2026-05-02 03:30:00+00:00
[2026-05-02T03:27:54.017+0000] {processor.py:183} INFO - Processing /opt/airflow/dags/flight-pipeline.py took 1.294 seconds
[2026-05-02T03:28:24.206+0000] {processor.py:161} INFO - Started process (PID=8998) to work on /opt/airflow/dags/flight-pipeline.py
[2026-05-02T03:28:24.210+0000] {processor.py:830} INFO - Processing file /opt/airflow/dags/flight-pipeline.py for tasks to queue
[2026-05-02T03:28:24.212+0000] {logging_mixin.py:188} INFO - [2026-05-02T03:28:24.211+0000] {dagbag.py:545} INFO - Filling up the DagBag from /opt/airflow/dags/flight-pipeline.py
[2026-05-02T03:28:25.072+0000] {processor.py:840} INFO - DAG(s) 'flights_ops_medallion_pipe' retrieved from /opt/airflow/dags/flight-pipeline.py
[2026-05-02T03:28:25.117+0000] {logging_mixin.py:188} INFO - [2026-05-02T03:28:25.116+0000] {dag.py:3089} INFO - Sync 1 DAGs
[2026-05-02T03:28:25.146+0000] {logging_mixin.py:188} INFO - [2026-05-02T03:28:25.146+0000] {dag.py:3947} INFO - Setting next_dagrun for flights_ops_medallion_pipe to 2026-05-02 03:00:00+00:00, run_after=2026-05-02 03:30:00+00:00
[2026-05-02T03:28:25.170+0000] {processor.py:183} INFO - Processing /opt/airflow/dags/flight-pipeline.py took 0.973 seconds
[2026-05-02T03:28:56.207+0000] {processor.py:161} INFO - Started process (PID=9001) to work on /opt/airflow/dags/flight-pipeline.py
[2026-05-02T03:28:56.219+0000] {processor.py:830} INFO - Processing file /opt/airflow/dags/flight-pipeline.py for tasks to queue
[2026-05-02T03:28:56.230+0000] {logging_mixin.py:188} INFO - [2026-05-02T03:28:56.228+0000] {dagbag.py:545} INFO - Filling up the DagBag from /opt/airflow/dags/flight-pipeline.py
[2026-05-02T03:28:58.582+0000] {processor.py:840} INFO - DAG(s) 'flights_ops_medallion_pipe' retrieved from /opt/airflow/dags/flight-pipeline.py
[2026-05-02T03:28:58.688+0000] {logging_mixin.py:188} INFO - [2026-05-02T03:28:58.687+0000] {dag.py:3089} INFO - Sync 1 DAGs
[2026-05-02T03:28:58.794+0000] {logging_mixin.py:188} INFO - [2026-05-02T03:28:58.793+0000] {dag.py:3947} INFO - Setting next_dagrun for flights_ops_medallion_pipe to 2026-05-02 03:00:00+00:00, run_after=2026-05-02 03:30:00+00:00
[2026-05-02T03:28:58.854+0000] {processor.py:183} INFO - Processing /opt/airflow/dags/flight-pipeline.py took 2.748 seconds
[2026-05-02T03:29:29.367+0000] {processor.py:161} INFO - Started process (PID=9004) to work on /opt/airflow/dags/flight-pipeline.py
[2026-05-02T03:29:29.376+0000] {processor.py:830} INFO - Processing file /opt/airflow/dags/flight-pipeline.py for tasks to queue
[2026-05-02T03:29:29.381+0000] {logging_mixin.py:188} INFO - [2026-05-02T03:29:29.379+0000] {dagbag.py:545} INFO - Filling up the DagBag from /opt/airflow/dags/flight-pipeline.py
[2026-05-02T03:29:31.159+0000] {processor.py:840} INFO - DAG(s) 'flights_ops_medallion_pipe' retrieved from /opt/airflow/dags/flight-pipeline.py
[2026-05-02T03:29:31.219+0000] {logging_mixin.py:188} INFO - [2026-05-02T03:29:31.218+0000] {dag.py:3089} INFO - Sync 1 DAGs
[2026-05-02T03:29:31.267+0000] {logging_mixin.py:188} INFO - [2026-05-02T03:29:31.266+0000] {dag.py:3947} INFO - Setting next_dagrun for flights_ops_medallion_pipe to 2026-05-02 03:00:00+00:00, run_after=2026-05-02 03:30:00+00:00
[2026-05-02T03:29:31.306+0000] {processor.py:183} INFO - Processing /opt/airflow/dags/flight-pipeline.py took 1.980 seconds
[2026-05-02T03:30:01.704+0000] {processor.py:161} INFO - Started process (PID=9008) to work on /opt/airflow/dags/flight-pipeline.py
[2026-05-02T03:30:01.708+0000] {processor.py:830} INFO - Processing file /opt/airflow/dags/flight-pipeline.py for tasks to queue
[2026-05-02T03:30:01.712+0000] {logging_mixin.py:188} INFO - [2026-05-02T03:30:01.710+0000] {dagbag.py:545} INFO - Filling up the DagBag from /opt/airflow/dags/flight-pipeline.py
[2026-05-02T03:30:02.902+0000] {processor.py:840} INFO - DAG(s) 'flights_ops_medallion_pipe' retrieved from /opt/airflow/dags/flight-pipeline.py
[2026-05-02T03:30:02.999+0000] {logging_mixin.py:188} INFO - [2026-05-02T03:30:02.998+0000] {dag.py:3089} INFO - Sync 1 DAGs
[2026-05-02T03:30:03.043+0000] {logging_mixin.py:188} INFO - [2026-05-02T03:30:03.043+0000] {dag.py:3947} INFO - Setting next_dagrun for flights_ops_medallion_pipe to 2026-05-02 03:30:00+00:00, run_after=2026-05-02 04:00:00+00:00
[2026-05-02T03:30:03.072+0000] {processor.py:183} INFO - Processing /opt/airflow/dags/flight-pipeline.py took 1.377 seconds
[2026-05-02T03:30:33.247+0000] {processor.py:161} INFO - Started process (PID=9021) to work on /opt/airflow/dags/flight-pipeline.py
[2026-05-02T03:30:33.249+0000] {processor.py:830} INFO - Processing file /opt/airflow/dags/flight-pipeline.py for tasks to queue
[2026-05-02T03:30:33.250+0000] {logging_mixin.py:188} INFO - [2026-05-02T03:30:33.250+0000] {dagbag.py:545} INFO - Filling up the DagBag from /opt/airflow/dags/flight-pipeline.py
[2026-05-02T03:30:36.841+0000] {processor.py:840} INFO - DAG(s) 'flights_ops_medallion_pipe' retrieved from /opt/airflow/dags/flight-pipeline.py
[2026-05-02T03:30:37.099+0000] {logging_mixin.py:188} INFO - [2026-05-02T03:30:37.098+0000] {dag.py:3089} INFO - Sync 1 DAGs
[2026-05-02T03:30:37.146+0000] {logging_mixin.py:188} INFO - [2026-05-02T03:30:37.145+0000] {dag.py:3947} INFO - Setting next_dagrun for flights_ops_medallion_pipe to 2026-05-02 03:30:00+00:00, run_after=2026-05-02 04:00:00+00:00
[2026-05-02T03:30:37.181+0000] {processor.py:183} INFO - Processing /opt/airflow/dags/flight-pipeline.py took 3.943 seconds
[2026-05-02T03:31:07.281+0000] {processor.py:161} INFO - Started process (PID=9024) to work on /opt/airflow/dags/flight-pipeline.py
[2026-05-02T03:31:07.283+0000] {processor.py:830} INFO - Processing file /opt/airflow/dags/flight-pipeline.py for tasks to queue
[2026-05-02T03:31:07.285+0000] {logging_mixin.py:188} INFO - [2026-05-02T03:31:07.285+0000] {dagbag.py:545} INFO - Filling up the DagBag from /opt/airflow/dags/flight-pipeline.py
[2026-05-02T03:31:08.281+0000] {processor.py:840} INFO - DAG(s) 'flights_ops_medallion_pipe' retrieved from /opt/airflow/dags/flight-pipeline.py
[2026-05-02T03:31:08.391+0000] {logging_mixin.py:188} INFO - [2026-05-02T03:31:08.390+0000] {dag.py:3089} INFO - Sync 1 DAGs
[2026-05-02T03:31:08.445+0000] {logging_mixin.py:188} INFO - [2026-05-02T03:31:08.445+0000] {dag.py:3947} INFO - Setting next_dagrun for flights_ops_medallion_pipe to 2026-05-02 03:30:00+00:00, run_after=2026-05-02 04:00:00+00:00
[2026-05-02T03:31:08.468+0000] {processor.py:183} INFO - Processing /opt/airflow/dags/flight-pipeline.py took 1.199 seconds
[2026-05-02T03:31:38.926+0000] {processor.py:161} INFO - Started process (PID=9027) to work on /opt/airflow/dags/flight-pipeline.py
[2026-05-02T03:31:38.932+0000] {processor.py:830} INFO - Processing file /opt/airflow/dags/flight-pipeline.py for tasks to queue
[2026-05-02T03:31:38.934+0000] {logging_mixin.py:188} INFO - [2026-05-02T03:31:38.934+0000] {dagbag.py:545} INFO - Filling up the DagBag from /opt/airflow/dags/flight-pipeline.py
[2026-05-02T03:31:40.548+0000] {processor.py:840} INFO - DAG(s) 'flights_ops_medallion_pipe' retrieved from /opt/airflow/dags/flight-pipeline.py
[2026-05-02T03:31:40.652+0000] {logging_mixin.py:188} INFO - [2026-05-02T03:31:40.651+0000] {dag.py:3089} INFO - Sync 1 DAGs
[2026-05-02T03:31:40.726+0000] {logging_mixin.py:188} INFO - [2026-05-02T03:31:40.725+0000] {dag.py:3947} INFO - Setting next_dagrun for flights_ops_medallion_pipe to 2026-05-02 03:30:00+00:00, run_after=2026-05-02 04:00:00+00:00
[2026-05-02T03:31:41.622+0000] {processor.py:183} INFO - Processing /opt/airflow/dags/flight-pipeline.py took 2.713 seconds
[2026-05-02T03:32:12.306+0000] {processor.py:161} INFO - Started process (PID=9030) to work on /opt/airflow/dags/flight-pipeline.py
[2026-05-02T03:32:12.313+0000] {processor.py:830} INFO - Processing file /opt/airflow/dags/flight-pipeline.py for tasks to queue
[2026-05-02T03:32:12.316+0000] {logging_mixin.py:188} INFO - [2026-05-02T03:32:12.315+0000] {dagbag.py:545} INFO - Filling up the DagBag from /opt/airflow/dags/flight-pipeline.py
[2026-05-02T03:32:13.440+0000] {processor.py:840} INFO - DAG(s) 'flights_ops_medallion_pipe' retrieved from /opt/airflow/dags/flight-pipeline.py
[2026-05-02T03:32:13.489+0000] {logging_mixin.py:188} INFO - [2026-05-02T03:32:13.488+0000] {dag.py:3089} INFO - Sync 1 DAGs
[2026-05-02T03:32:13.526+0000] {logging_mixin.py:188} INFO - [2026-05-02T03:32:13.525+0000] {dag.py:3947} INFO - Setting next_dagrun for flights_ops_medallion_pipe to 2026-05-02 03:30:00+00:00, run_after=2026-05-02 04:00:00+00:00
[2026-05-02T03:32:13.547+0000] {processor.py:183} INFO - Processing /opt/airflow/dags/flight-pipeline.py took 1.272 seconds
[2026-05-02T03:32:43.918+0000] {processor.py:161} INFO - Started process (PID=9033) to work on /opt/airflow/dags/flight-pipeline.py
[2026-05-02T03:32:43.925+0000] {processor.py:830} INFO - Processing file /opt/airflow/dags/flight-pipeline.py for tasks to queue
[2026-05-02T03:32:43.929+0000] {logging_mixin.py:188} INFO - [2026-05-02T03:32:43.927+0000] {dagbag.py:545} INFO - Filling up the DagBag from /opt/airflow/dags/flight-pipeline.py
[2026-05-02T03:32:45.091+0000] {processor.py:840} INFO - DAG(s) 'flights_ops_medallion_pipe' retrieved from /opt/airflow/dags/flight-pipeline.py
[2026-05-02T03:32:45.218+0000] {logging_mixin.py:188} INFO - [2026-05-02T03:32:45.217+0000] {dag.py:3089} INFO - Sync 1 DAGs
[2026-05-02T03:32:45.258+0000] {logging_mixin.py:188} INFO - [2026-05-02T03:32:45.257+0000] {dag.py:3947} INFO - Setting next_dagrun for flights_ops_medallion_pipe to 2026-05-02 03:30:00+00:00, run_after=2026-05-02 04:00:00+00:00
[2026-05-02T03:32:45.287+0000] {processor.py:183} INFO - Processing /opt/airflow/dags/flight-pipeline.py took 1.422 seconds
[2026-05-02T03:33:15.510+0000] {processor.py:161} INFO - Started process (PID=9036) to work on /opt/airflow/dags/flight-pipeline.py
[2026-05-02T03:33:15.515+0000] {processor.py:830} INFO - Processing file /opt/airflow/dags/flight-pipeline.py for tasks to queue
[2026-05-02T03:33:15.516+0000] {logging_mixin.py:188} INFO - [2026-05-02T03:33:15.515+0000] {dagbag.py:545} INFO - Filling up the DagBag from /opt/airflow/dags/flight-pipeline.py
[2026-05-02T03:33:16.439+0000] {processor.py:840} INFO - DAG(s) 'flights_ops_medallion_pipe' retrieved from /opt/airflow/dags/flight-pipeline.py
[2026-05-02T03:33:16.484+0000] {logging_mixin.py:188} INFO - [2026-05-02T03:33:16.483+0000] {dag.py:3089} INFO - Sync 1 DAGs
[2026-05-02T03:33:16.509+0000] {logging_mixin.py:188} INFO - [2026-05-02T03:33:16.509+0000] {dag.py:3947} INFO - Setting next_dagrun for flights_ops_medallion_pipe to 2026-05-02 03:30:00+00:00, run_after=2026-05-02 04:00:00+00:00
[2026-05-02T03:33:16.529+0000] {processor.py:183} INFO - Processing /opt/airflow/dags/flight-pipeline.py took 1.030 seconds
[2026-05-02T03:33:46.879+0000] {processor.py:161} INFO - Started process (PID=9039) to work on /opt/airflow/dags/flight-pipeline.py
[2026-05-02T03:33:46.883+0000] {processor.py:830} INFO - Processing file /opt/airflow/dags/flight-pipeline.py for tasks to queue
[2026-05-02T03:33:46.885+0000] {logging_mixin.py:188} INFO - [2026-05-02T03:33:46.885+0000] {dagbag.py:545} INFO - Filling up the DagBag from /opt/airflow/dags/flight-pipeline.py
[2026-05-02T03:33:47.642+0000] {processor.py:840} INFO - DAG(s) 'flights_ops_medallion_pipe' retrieved from /opt/airflow/dags/flight-pipeline.py
[2026-05-02T03:33:47.678+0000] {logging_mixin.py:188} INFO - [2026-05-02T03:33:47.678+0000] {dag.py:3089} INFO - Sync 1 DAGs
[2026-05-02T03:33:47.707+0000] {logging_mixin.py:188} INFO - [2026-05-02T03:33:47.707+0000] {dag.py:3947} INFO - Setting next_dagrun for flights_ops_medallion_pipe to 2026-05-02 03:30:00+00:00, run_after=2026-05-02 04:00:00+00:00
[2026-05-02T03:33:47.737+0000] {processor.py:183} INFO - Processing /opt/airflow/dags/flight-pipeline.py took 0.866 seconds
[2026-05-02T03:34:18.096+0000] {processor.py:161} INFO - Started process (PID=9042) to work on /opt/airflow/dags/flight-pipeline.py
[2026-05-02T03:34:18.099+0000] {processor.py:830} INFO - Processing file /opt/airflow/dags/flight-pipeline.py for tasks to queue
[2026-05-02T03:34:18.100+0000] {logging_mixin.py:188} INFO - [2026-05-02T03:34:18.100+0000] {dagbag.py:545} INFO - Filling up the DagBag from /opt/airflow/dags/flight-pipeline.py
[2026-05-02T03:34:18.764+0000] {processor.py:840} INFO - DAG(s) 'flights_ops_medallion_pipe' retrieved from /opt/airflow/dags/flight-pipeline.py
[2026-05-02T03:34:18.806+0000] {logging_mixin.py:188} INFO - [2026-05-02T03:34:18.805+0000] {dag.py:3089} INFO - Sync 1 DAGs
[2026-05-02T03:34:18.828+0000] {logging_mixin.py:188} INFO - [2026-05-02T03:34:18.828+0000] {dag.py:3947} INFO - Setting next_dagrun for flights_ops_medallion_pipe to 2026-05-02 03:30:00+00:00, run_after=2026-05-02 04:00:00+00:00
[2026-05-02T03:34:18.846+0000] {processor.py:183} INFO - Processing /opt/airflow/dags/flight-pipeline.py took 0.758 seconds
[2026-05-02T03:34:49.123+0000] {processor.py:161} INFO - Started process (PID=9045) to work on /opt/airflow/dags/flight-pipeline.py
[2026-05-02T03:34:49.128+0000] {processor.py:830} INFO - Processing file /opt/airflow/dags/flight-pipeline.py for tasks to queue
[2026-05-02T03:34:49.129+0000] {logging_mixin.py:188} INFO - [2026-05-02T03:34:49.129+0000] {dagbag.py:545} INFO - Filling up the DagBag from /opt/airflow/dags/flight-pipeline.py
[2026-05-02T03:34:49.829+0000] {processor.py:840} INFO - DAG(s) 'flights_ops_medallion_pipe' retrieved from /opt/airflow/dags/flight-pipeline.py
[2026-05-02T03:34:49.864+0000] {logging_mixin.py:188} INFO - [2026-05-02T03:34:49.864+0000] {dag.py:3089} INFO - Sync 1 DAGs
[2026-05-02T03:34:49.890+0000] {logging_mixin.py:188} INFO - [2026-05-02T03:34:49.890+0000] {dag.py:3947} INFO - Setting next_dagrun for flights_ops_medallion_pipe to 2026-05-02 03:30:00+00:00, run_after=2026-05-02 04:00:00+00:00
[2026-05-02T03:34:50.762+0000] {processor.py:183} INFO - Processing /opt/airflow/dags/flight-pipeline.py took 1.697 seconds
[2026-05-02T03:35:21.067+0000] {processor.py:161} INFO - Started process (PID=9048) to work on /opt/airflow/dags/flight-pipeline.py
[2026-05-02T03:35:21.071+0000] {processor.py:830} INFO - Processing file /opt/airflow/dags/flight-pipeline.py for tasks to queue
[2026-05-02T03:35:21.072+0000] {logging_mixin.py:188} INFO - [2026-05-02T03:35:21.072+0000] {dagbag.py:545} INFO - Filling up the DagBag from /opt/airflow/dags/flight-pipeline.py
[2026-05-02T03:35:22.066+0000] {processor.py:840} INFO - DAG(s) 'flights_ops_medallion_pipe' retrieved from /opt/airflow/dags/flight-pipeline.py
[2026-05-02T03:35:22.109+0000] {logging_mixin.py:188} INFO - [2026-05-02T03:35:22.108+0000] {dag.py:3089} INFO - Sync 1 DAGs
[2026-05-02T03:35:22.136+0000] {logging_mixin.py:188} INFO - [2026-05-02T03:35:22.136+0000] {dag.py:3947} INFO - Setting next_dagrun for flights_ops_medallion_pipe to 2026-05-02 03:30:00+00:00, run_after=2026-05-02 04:00:00+00:00
[2026-05-02T03:35:22.157+0000] {processor.py:183} INFO - Processing /opt/airflow/dags/flight-pipeline.py took 1.099 seconds
[2026-05-02T03:35:52.304+0000] {processor.py:161} INFO - Started process (PID=9051) to work on /opt/airflow/dags/flight-pipeline.py
[2026-05-02T03:35:52.311+0000] {processor.py:830} INFO - Processing file /opt/airflow/dags/flight-pipeline.py for tasks to queue
[2026-05-02T03:35:52.314+0000] {logging_mixin.py:188} INFO - [2026-05-02T03:35:52.313+0000] {dagbag.py:545} INFO - Filling up the DagBag from /opt/airflow/dags/flight-pipeline.py
[2026-05-02T03:35:53.220+0000] {processor.py:840} INFO - DAG(s) 'flights_ops_medallion_pipe' retrieved from /opt/airflow/dags/flight-pipeline.py
[2026-05-02T03:35:53.264+0000] {logging_mixin.py:188} INFO - [2026-05-02T03:35:53.263+0000] {dag.py:3089} INFO - Sync 1 DAGs
[2026-05-02T03:35:53.296+0000] {logging_mixin.py:188} INFO - [2026-05-02T03:35:53.295+0000] {dag.py:3947} INFO - Setting next_dagrun for flights_ops_medallion_pipe to 2026-05-02 03:30:00+00:00, run_after=2026-05-02 04:00:00+00:00
[2026-05-02T03:35:53.319+0000] {processor.py:183} INFO - Processing /opt/airflow/dags/flight-pipeline.py took 1.041 seconds
[2026-05-02T03:36:23.475+0000] {processor.py:161} INFO - Started process (PID=9054) to work on /opt/airflow/dags/flight-pipeline.py
[2026-05-02T03:36:23.480+0000] {processor.py:830} INFO - Processing file /opt/airflow/dags/flight-pipeline.py for tasks to queue
[2026-05-02T03:36:23.481+0000] {logging_mixin.py:188} INFO - [2026-05-02T03:36:23.481+0000] {dagbag.py:545} INFO - Filling up the DagBag from /opt/airflow/dags/flight-pipeline.py
[2026-05-02T03:36:24.277+0000] {processor.py:840} INFO - DAG(s) 'flights_ops_medallion_pipe' retrieved from /opt/airflow/dags/flight-pipeline.py
[2026-05-02T03:36:24.314+0000] {logging_mixin.py:188} INFO - [2026-05-02T03:36:24.313+0000] {dag.py:3089} INFO - Sync 1 DAGs
[2026-05-02T03:36:24.341+0000] {logging_mixin.py:188} INFO - [2026-05-02T03:36:24.341+0000] {dag.py:3947} INFO - Setting next_dagrun for flights_ops_medallion_pipe to 2026-05-02 03:30:00+00:00, run_after=2026-05-02 04:00:00+00:00
[2026-05-02T03:36:24.362+0000] {processor.py:183} INFO - Processing /opt/airflow/dags/flight-pipeline.py took 0.897 seconds
[2026-05-02T03:36:54.587+0000] {processor.py:161} INFO - Started process (PID=9057) to work on /opt/airflow/dags/flight-pipeline.py
[2026-05-02T03:36:54.592+0000] {processor.py:830} INFO - Processing file /opt/airflow/dags/flight-pipeline.py for tasks to queue
[2026-05-02T03:36:54.594+0000] {logging_mixin.py:188} INFO - [2026-05-02T03:36:54.593+0000] {dagbag.py:545} INFO - Filling up the DagBag from /opt/airflow/dags/flight-pipeline.py
[2026-05-02T03:36:55.267+0000] {processor.py:840} INFO - DAG(s) 'flights_ops_medallion_pipe' retrieved from /opt/airflow/dags/flight-pipeline.py
[2026-05-02T03:36:55.306+0000] {logging_mixin.py:188} INFO - [2026-05-02T03:36:55.306+0000] {dag.py:3089} INFO - Sync 1 DAGs
[2026-05-02T03:36:55.331+0000] {logging_mixin.py:188} INFO - [2026-05-02T03:36:55.330+0000] {dag.py:3947} INFO - Setting next_dagrun for flights_ops_medallion_pipe to 2026-05-02 03:30:00+00:00, run_after=2026-05-02 04:00:00+00:00
[2026-05-02T03:36:55.350+0000] {processor.py:183} INFO - Processing /opt/airflow/dags/flight-pipeline.py took 0.773 seconds
[2026-05-02T03:37:25.602+0000] {processor.py:161} INFO - Started process (PID=9060) to work on /opt/airflow/dags/flight-pipeline.py
[2026-05-02T03:37:25.607+0000] {processor.py:830} INFO - Processing file /opt/airflow/dags/flight-pipeline.py for tasks to queue
[2026-05-02T03:37:25.608+0000] {logging_mixin.py:188} INFO - [2026-05-02T03:37:25.607+0000] {dagbag.py:545} INFO - Filling up the DagBag from /opt/airflow/dags/flight-pipeline.py
[2026-05-02T03:37:26.352+0000] {processor.py:840} INFO - DAG(s) 'flights_ops_medallion_pipe' retrieved from /opt/airflow/dags/flight-pipeline.py
[2026-05-02T03:37:26.386+0000] {logging_mixin.py:188} INFO - [2026-05-02T03:37:26.386+0000] {dag.py:3089} INFO - Sync 1 DAGs
[2026-05-02T03:37:26.413+0000] {logging_mixin.py:188} INFO - [2026-05-02T03:37:26.413+0000] {dag.py:3947} INFO - Setting next_dagrun for flights_ops_medallion_pipe to 2026-05-02 03:30:00+00:00, run_after=2026-05-02 04:00:00+00:00
[2026-05-02T03:37:26.434+0000] {processor.py:183} INFO - Processing /opt/airflow/dags/flight-pipeline.py took 0.843 seconds
[2026-05-02T03:37:56.688+0000] {processor.py:161} INFO - Started process (PID=9063) to work on /opt/airflow/dags/flight-pipeline.py
[2026-05-02T03:37:56.690+0000] {processor.py:830} INFO - Processing file /opt/airflow/dags/flight-pipeline.py for tasks to queue
[2026-05-02T03:37:56.691+0000] {logging_mixin.py:188} INFO - [2026-05-02T03:37:56.691+0000] {dagbag.py:545} INFO - Filling up the DagBag from /opt/airflow/dags/flight-pipeline.py
[2026-05-02T03:37:57.329+0000] {processor.py:840} INFO - DAG(s) 'flights_ops_medallion_pipe' retrieved from /opt/airflow/dags/flight-pipeline.py
[2026-05-02T03:37:57.363+0000] {logging_mixin.py:188} INFO - [2026-05-02T03:37:57.363+0000] {dag.py:3089} INFO - Sync 1 DAGs
[2026-05-02T03:37:57.636+0000] {logging_mixin.py:188} INFO - [2026-05-02T03:37:57.636+0000] {dag.py:3947} INFO - Setting next_dagrun for flights_ops_medallion_pipe to 2026-05-02 03:30:00+00:00, run_after=2026-05-02 04:00:00+00:00
[2026-05-02T03:37:57.657+0000] {processor.py:183} INFO - Processing /opt/airflow/dags/flight-pipeline.py took 0.977 seconds
[2026-05-02T03:38:27.958+0000] {processor.py:161} INFO - Started process (PID=9066) to work on /opt/airflow/dags/flight-pipeline.py
[2026-05-02T03:38:27.960+0000] {processor.py:830} INFO - Processing file /opt/airflow/dags/flight-pipeline.py for tasks to queue
[2026-05-02T03:38:27.961+0000] {logging_mixin.py:188} INFO - [2026-05-02T03:38:27.960+0000] {dagbag.py:545} INFO - Filling up the DagBag from /opt/airflow/dags/flight-pipeline.py
[2026-05-02T03:38:28.594+0000] {processor.py:840} INFO - DAG(s) 'flights_ops_medallion_pipe' retrieved from /opt/airflow/dags/flight-pipeline.py
[2026-05-02T03:38:28.628+0000] {logging_mixin.py:188} INFO - [2026-05-02T03:38:28.628+0000] {dag.py:3089} INFO - Sync 1 DAGs
[2026-05-02T03:38:28.651+0000] {logging_mixin.py:188} INFO - [2026-05-02T03:38:28.651+0000] {dag.py:3947} INFO - Setting next_dagrun for flights_ops_medallion_pipe to 2026-05-02 03:30:00+00:00, run_after=2026-05-02 04:00:00+00:00
[2026-05-02T03:38:28.671+0000] {processor.py:183} INFO - Processing /opt/airflow/dags/flight-pipeline.py took 0.723 seconds
[2026-05-02T03:38:58.960+0000] {processor.py:161} INFO - Started process (PID=9069) to work on /opt/airflow/dags/flight-pipeline.py
[2026-05-02T03:38:58.962+0000] {processor.py:830} INFO - Processing file /opt/airflow/dags/flight-pipeline.py for tasks to queue
[2026-05-02T03:38:58.964+0000] {logging_mixin.py:188} INFO - [2026-05-02T03:38:58.963+0000] {dagbag.py:545} INFO - Filling up the DagBag from /opt/airflow/dags/flight-pipeline.py
[2026-05-02T03:38:59.761+0000] {processor.py:840} INFO - DAG(s) 'flights_ops_medallion_pipe' retrieved from /opt/airflow/dags/flight-pipeline.py
[2026-05-02T03:38:59.793+0000] {logging_mixin.py:188} INFO - [2026-05-02T03:38:59.792+0000] {dag.py:3089} INFO - Sync 1 DAGs
[2026-05-02T03:38:59.817+0000] {logging_mixin.py:188} INFO - [2026-05-02T03:38:59.817+0000] {dag.py:3947} INFO - Setting next_dagrun for flights_ops_medallion_pipe to 2026-05-02 03:30:00+00:00, run_after=2026-05-02 04:00:00+00:00
[2026-05-02T03:38:59.835+0000] {processor.py:183} INFO - Processing /opt/airflow/dags/flight-pipeline.py took 0.884 seconds
[2026-05-02T03:39:30.109+0000] {processor.py:161} INFO - Started process (PID=9072) to work on /opt/airflow/dags/flight-pipeline.py
[2026-05-02T03:39:30.112+0000] {processor.py:830} INFO - Processing file /opt/airflow/dags/flight-pipeline.py for tasks to queue
[2026-05-02T03:39:30.113+0000] {logging_mixin.py:188} INFO - [2026-05-02T03:39:30.112+0000] {dagbag.py:545} INFO - Filling up the DagBag from /opt/airflow/dags/flight-pipeline.py
[2026-05-02T03:39:30.742+0000] {processor.py:840} INFO - DAG(s) 'flights_ops_medallion_pipe' retrieved from /opt/airflow/dags/flight-pipeline.py
[2026-05-02T03:39:30.783+0000] {logging_mixin.py:188} INFO - [2026-05-02T03:39:30.783+0000] {dag.py:3089} INFO - Sync 1 DAGs
[2026-05-02T03:39:30.807+0000] {logging_mixin.py:188} INFO - [2026-05-02T03:39:30.807+0000] {dag.py:3947} INFO - Setting next_dagrun for flights_ops_medallion_pipe to 2026-05-02 03:30:00+00:00, run_after=2026-05-02 04:00:00+00:00
[2026-05-02T03:39:30.824+0000] {processor.py:183} INFO - Processing /opt/airflow/dags/flight-pipeline.py took 0.723 seconds
[2026-05-02T03:40:01.073+0000] {processor.py:161} INFO - Started process (PID=9075) to work on /opt/airflow/dags/flight-pipeline.py
[2026-05-02T03:40:01.075+0000] {processor.py:830} INFO - Processing file /opt/airflow/dags/flight-pipeline.py for tasks to queue
[2026-05-02T03:40:01.076+0000] {logging_mixin.py:188} INFO - [2026-05-02T03:40:01.076+0000] {dagbag.py:545} INFO - Filling up the DagBag from /opt/airflow/dags/flight-pipeline.py
[2026-05-02T03:40:01.711+0000] {processor.py:840} INFO - DAG(s) 'flights_ops_medallion_pipe' retrieved from /opt/airflow/dags/flight-pipeline.py
[2026-05-02T03:40:01.746+0000] {logging_mixin.py:188} INFO - [2026-05-02T03:40:01.745+0000] {dag.py:3089} INFO - Sync 1 DAGs
[2026-05-02T03:40:01.768+0000] {logging_mixin.py:188} INFO - [2026-05-02T03:40:01.768+0000] {dag.py:3947} INFO - Setting next_dagrun for flights_ops_medallion_pipe to 2026-05-02 03:30:00+00:00, run_after=2026-05-02 04:00:00+00:00
[2026-05-02T03:40:01.787+0000] {processor.py:183} INFO - Processing /opt/airflow/dags/flight-pipeline.py took 0.722 seconds
[2026-05-02T03:40:32.041+0000] {processor.py:161} INFO - Started process (PID=9078) to work on /opt/airflow/dags/flight-pipeline.py
[2026-05-02T03:40:32.043+0000] {processor.py:830} INFO - Processing file /opt/airflow/dags/flight-pipeline.py for tasks to queue
[2026-05-02T03:40:32.044+0000] {logging_mixin.py:188} INFO - [2026-05-02T03:40:32.044+0000] {dagbag.py:545} INFO - Filling up the DagBag from /opt/airflow/dags/flight-pipeline.py
[2026-05-02T03:40:32.696+0000] {processor.py:840} INFO - DAG(s) 'flights_ops_medallion_pipe' retrieved from /opt/airflow/dags/flight-pipeline.py
[2026-05-02T03:40:32.730+0000] {logging_mixin.py:188} INFO - [2026-05-02T03:40:32.730+0000] {dag.py:3089} INFO - Sync 1 DAGs
[2026-05-02T03:40:32.752+0000] {logging_mixin.py:188} INFO - [2026-05-02T03:40:32.752+0000] {dag.py:3947} INFO - Setting next_dagrun for flights_ops_medallion_pipe to 2026-05-02 03:30:00+00:00, run_after=2026-05-02 04:00:00+00:00
[2026-05-02T03:40:32.771+0000] {processor.py:183} INFO - Processing /opt/airflow/dags/flight-pipeline.py took 0.738 seconds
[2026-05-02T03:41:03.012+0000] {processor.py:161} INFO - Started process (PID=9081) to work on /opt/airflow/dags/flight-pipeline.py
[2026-05-02T03:41:03.013+0000] {processor.py:830} INFO - Processing file /opt/airflow/dags/flight-pipeline.py for tasks to queue
[2026-05-02T03:41:03.015+0000] {logging_mixin.py:188} INFO - [2026-05-02T03:41:03.014+0000] {dagbag.py:545} INFO - Filling up the DagBag from /opt/airflow/dags/flight-pipeline.py
[2026-05-02T03:41:03.649+0000] {processor.py:840} INFO - DAG(s) 'flights_ops_medallion_pipe' retrieved from /opt/airflow/dags/flight-pipeline.py
[2026-05-02T03:41:03.682+0000] {logging_mixin.py:188} INFO - [2026-05-02T03:41:03.681+0000] {dag.py:3089} INFO - Sync 1 DAGs
[2026-05-02T03:41:03.932+0000] {logging_mixin.py:188} INFO - [2026-05-02T03:41:03.932+0000] {dag.py:3947} INFO - Setting next_dagrun for flights_ops_medallion_pipe to 2026-05-02 03:30:00+00:00, run_after=2026-05-02 04:00:00+00:00
[2026-05-02T03:41:03.963+0000] {processor.py:183} INFO - Processing /opt/airflow/dags/flight-pipeline.py took 0.959 seconds
[2026-05-02T03:41:34.227+0000] {processor.py:161} INFO - Started process (PID=9084) to work on /opt/airflow/dags/flight-pipeline.py
[2026-05-02T03:41:34.229+0000] {processor.py:830} INFO - Processing file /opt/airflow/dags/flight-pipeline.py for tasks to queue
[2026-05-02T03:41:34.230+0000] {logging_mixin.py:188} INFO - [2026-05-02T03:41:34.230+0000] {dagbag.py:545} INFO - Filling up the DagBag from /opt/airflow/dags/flight-pipeline.py
[2026-05-02T03:41:34.853+0000] {processor.py:840} INFO - DAG(s) 'flights_ops_medallion_pipe' retrieved from /opt/airflow/dags/flight-pipeline.py
[2026-05-02T03:41:34.889+0000] {logging_mixin.py:188} INFO - [2026-05-02T03:41:34.889+0000] {dag.py:3089} INFO - Sync 1 DAGs
[2026-05-02T03:41:34.911+0000] {logging_mixin.py:188} INFO - [2026-05-02T03:41:34.911+0000] {dag.py:3947} INFO - Setting next_dagrun for flights_ops_medallion_pipe to 2026-05-02 03:30:00+00:00, run_after=2026-05-02 04:00:00+00:00
[2026-05-02T03:41:34.930+0000] {processor.py:183} INFO - Processing /opt/airflow/dags/flight-pipeline.py took 0.711 seconds
[2026-05-02T03:42:05.071+0000] {processor.py:161} INFO - Started process (PID=9087) to work on /opt/airflow/dags/flight-pipeline.py
[2026-05-02T03:42:05.073+0000] {processor.py:830} INFO - Processing file /opt/airflow/dags/flight-pipeline.py for tasks to queue
[2026-05-02T03:42:05.074+0000] {logging_mixin.py:188} INFO - [2026-05-02T03:42:05.074+0000] {dagbag.py:545} INFO - Filling up the DagBag from /opt/airflow/dags/flight-pipeline.py
[2026-05-02T03:42:05.722+0000] {processor.py:840} INFO - DAG(s) 'flights_ops_medallion_pipe' retrieved from /opt/airflow/dags/flight-pipeline.py
[2026-05-02T03:42:05.759+0000] {logging_mixin.py:188} INFO - [2026-05-02T03:42:05.759+0000] {dag.py:3089} INFO - Sync 1 DAGs
[2026-05-02T03:42:05.782+0000] {logging_mixin.py:188} INFO - [2026-05-02T03:42:05.782+0000] {dag.py:3947} INFO - Setting next_dagrun for flights_ops_medallion_pipe to 2026-05-02 03:30:00+00:00, run_after=2026-05-02 04:00:00+00:00
[2026-05-02T03:42:05.800+0000] {processor.py:183} INFO - Processing /opt/airflow/dags/flight-pipeline.py took 0.737 seconds
[2026-05-02T03:42:36.083+0000] {processor.py:161} INFO - Started process (PID=9090) to work on /opt/airflow/dags/flight-pipeline.py
[2026-05-02T03:42:36.085+0000] {processor.py:830} INFO - Processing file /opt/airflow/dags/flight-pipeline.py for tasks to queue
[2026-05-02T03:42:36.086+0000] {logging_mixin.py:188} INFO - [2026-05-02T03:42:36.086+0000] {dagbag.py:545} INFO - Filling up the DagBag from /opt/airflow/dags/flight-pipeline.py
[2026-05-02T03:42:36.705+0000] {processor.py:840} INFO - DAG(s) 'flights_ops_medallion_pipe' retrieved from /opt/airflow/dags/flight-pipeline.py
[2026-05-02T03:42:36.739+0000] {logging_mixin.py:188} INFO - [2026-05-02T03:42:36.739+0000] {dag.py:3089} INFO - Sync 1 DAGs
[2026-05-02T03:42:36.761+0000] {logging_mixin.py:188} INFO - [2026-05-02T03:42:36.761+0000] {dag.py:3947} INFO - Setting next_dagrun for flights_ops_medallion_pipe to 2026-05-02 03:30:00+00:00, run_after=2026-05-02 04:00:00+00:00
[2026-05-02T03:42:36.779+0000] {processor.py:183} INFO - Processing /opt/airflow/dags/flight-pipeline.py took 0.704 seconds
[2026-05-02T03:43:06.861+0000] {processor.py:161} INFO - Started process (PID=9093) to work on /opt/airflow/dags/flight-pipeline.py
[2026-05-02T03:43:06.901+0000] {processor.py:830} INFO - Processing file /opt/airflow/dags/flight-pipeline.py for tasks to queue
[2026-05-02T03:43:06.903+0000] {logging_mixin.py:188} INFO - [2026-05-02T03:43:06.902+0000] {dagbag.py:545} INFO - Filling up the DagBag from /opt/airflow/dags/flight-pipeline.py
[2026-05-02T03:43:08.232+0000] {processor.py:840} INFO - DAG(s) 'flights_ops_medallion_pipe' retrieved from /opt/airflow/dags/flight-pipeline.py
[2026-05-02T03:43:08.282+0000] {logging_mixin.py:188} INFO - [2026-05-02T03:43:08.281+0000] {dag.py:3089} INFO - Sync 1 DAGs
[2026-05-02T03:43:08.321+0000] {logging_mixin.py:188} INFO - [2026-05-02T03:43:08.320+0000] {dag.py:3947} INFO - Setting next_dagrun for flights_ops_medallion_pipe to 2026-05-02 03:30:00+00:00, run_after=2026-05-02 04:00:00+00:00
[2026-05-02T03:43:08.351+0000] {processor.py:183} INFO - Processing /opt/airflow/dags/flight-pipeline.py took 1.522 seconds
[2026-05-02T03:43:38.609+0000] {processor.py:161} INFO - Started process (PID=9096) to work on /opt/airflow/dags/flight-pipeline.py
[2026-05-02T03:43:38.615+0000] {processor.py:830} INFO - Processing file /opt/airflow/dags/flight-pipeline.py for tasks to queue
[2026-05-02T03:43:38.616+0000] {logging_mixin.py:188} INFO - [2026-05-02T03:43:38.616+0000] {dagbag.py:545} INFO - Filling up the DagBag from /opt/airflow/dags/flight-pipeline.py
[2026-05-02T03:43:39.399+0000] {processor.py:840} INFO - DAG(s) 'flights_ops_medallion_pipe' retrieved from /opt/airflow/dags/flight-pipeline.py
[2026-05-02T03:43:39.436+0000] {logging_mixin.py:188} INFO - [2026-05-02T03:43:39.435+0000] {dag.py:3089} INFO - Sync 1 DAGs
[2026-05-02T03:43:39.466+0000] {logging_mixin.py:188} INFO - [2026-05-02T03:43:39.466+0000] {dag.py:3947} INFO - Setting next_dagrun for flights_ops_medallion_pipe to 2026-05-02 03:30:00+00:00, run_after=2026-05-02 04:00:00+00:00
[2026-05-02T03:43:40.409+0000] {processor.py:183} INFO - Processing /opt/airflow/dags/flight-pipeline.py took 1.814 seconds
[2026-05-02T03:44:10.631+0000] {processor.py:161} INFO - Started process (PID=9099) to work on /opt/airflow/dags/flight-pipeline.py
[2026-05-02T03:44:10.633+0000] {processor.py:830} INFO - Processing file /opt/airflow/dags/flight-pipeline.py for tasks to queue
[2026-05-02T03:44:10.634+0000] {logging_mixin.py:188} INFO - [2026-05-02T03:44:10.634+0000] {dagbag.py:545} INFO - Filling up the DagBag from /opt/airflow/dags/flight-pipeline.py
[2026-05-02T03:44:11.346+0000] {processor.py:840} INFO - DAG(s) 'flights_ops_medallion_pipe' retrieved from /opt/airflow/dags/flight-pipeline.py
[2026-05-02T03:44:11.385+0000] {logging_mixin.py:188} INFO - [2026-05-02T03:44:11.384+0000] {dag.py:3089} INFO - Sync 1 DAGs
[2026-05-02T03:44:11.427+0000] {logging_mixin.py:188} INFO - [2026-05-02T03:44:11.427+0000] {dag.py:3947} INFO - Setting next_dagrun for flights_ops_medallion_pipe to 2026-05-02 03:30:00+00:00, run_after=2026-05-02 04:00:00+00:00
[2026-05-02T03:44:11.453+0000] {processor.py:183} INFO - Processing /opt/airflow/dags/flight-pipeline.py took 0.831 seconds
[2026-05-02T03:44:41.736+0000] {processor.py:161} INFO - Started process (PID=9102) to work on /opt/airflow/dags/flight-pipeline.py
[2026-05-02T03:44:41.738+0000] {processor.py:830} INFO - Processing file /opt/airflow/dags/flight-pipeline.py for tasks to queue
[2026-05-02T03:44:41.740+0000] {logging_mixin.py:188} INFO - [2026-05-02T03:44:41.739+0000] {dagbag.py:545} INFO - Filling up the DagBag from /opt/airflow/dags/flight-pipeline.py
[2026-05-02T03:44:42.478+0000] {processor.py:840} INFO - DAG(s) 'flights_ops_medallion_pipe' retrieved from /opt/airflow/dags/flight-pipeline.py
[2026-05-02T03:44:42.515+0000] {logging_mixin.py:188} INFO - [2026-05-02T03:44:42.515+0000] {dag.py:3089} INFO - Sync 1 DAGs
[2026-05-02T03:44:42.538+0000] {logging_mixin.py:188} INFO - [2026-05-02T03:44:42.538+0000] {dag.py:3947} INFO - Setting next_dagrun for flights_ops_medallion_pipe to 2026-05-02 03:30:00+00:00, run_after=2026-05-02 04:00:00+00:00
[2026-05-02T03:44:42.559+0000] {processor.py:183} INFO - Processing /opt/airflow/dags/flight-pipeline.py took 0.832 seconds
[2026-05-02T03:45:12.848+0000] {processor.py:161} INFO - Started process (PID=9105) to work on /opt/airflow/dags/flight-pipeline.py
[2026-05-02T03:45:12.850+0000] {processor.py:830} INFO - Processing file /opt/airflow/dags/flight-pipeline.py for tasks to queue
[2026-05-02T03:45:12.852+0000] {logging_mixin.py:188} INFO - [2026-05-02T03:45:12.851+0000] {dagbag.py:545} INFO - Filling up the DagBag from /opt/airflow/dags/flight-pipeline.py
[2026-05-02T03:45:13.936+0000] {processor.py:840} INFO - DAG(s) 'flights_ops_medallion_pipe' retrieved from /opt/airflow/dags/flight-pipeline.py
[2026-05-02T03:45:13.971+0000] {logging_mixin.py:188} INFO - [2026-05-02T03:45:13.971+0000] {dag.py:3089} INFO - Sync 1 DAGs
[2026-05-02T03:45:13.995+0000] {logging_mixin.py:188} INFO - [2026-05-02T03:45:13.995+0000] {dag.py:3947} INFO - Setting next_dagrun for flights_ops_medallion_pipe to 2026-05-02 03:30:00+00:00, run_after=2026-05-02 04:00:00+00:00
[2026-05-02T03:45:14.016+0000] {processor.py:183} INFO - Processing /opt/airflow/dags/flight-pipeline.py took 1.179 seconds
[2026-05-02T03:45:44.071+0000] {processor.py:161} INFO - Started process (PID=9108) to work on /opt/airflow/dags/flight-pipeline.py
[2026-05-02T03:45:44.074+0000] {processor.py:830} INFO - Processing file /opt/airflow/dags/flight-pipeline.py for tasks to queue
[2026-05-02T03:45:44.076+0000] {logging_mixin.py:188} INFO - [2026-05-02T03:45:44.075+0000] {dagbag.py:545} INFO - Filling up the DagBag from /opt/airflow/dags/flight-pipeline.py
[2026-05-02T03:45:44.779+0000] {processor.py:840} INFO - DAG(s) 'flights_ops_medallion_pipe' retrieved from /opt/airflow/dags/flight-pipeline.py
[2026-05-02T03:45:44.812+0000] {logging_mixin.py:188} INFO - [2026-05-02T03:45:44.811+0000] {dag.py:3089} INFO - Sync 1 DAGs
[2026-05-02T03:45:44.834+0000] {logging_mixin.py:188} INFO - [2026-05-02T03:45:44.834+0000] {dag.py:3947} INFO - Setting next_dagrun for flights_ops_medallion_pipe to 2026-05-02 03:30:00+00:00, run_after=2026-05-02 04:00:00+00:00
[2026-05-02T03:45:44.854+0000] {processor.py:183} INFO - Processing /opt/airflow/dags/flight-pipeline.py took 0.793 seconds
[2026-05-02T03:46:15.103+0000] {processor.py:161} INFO - Started process (PID=9111) to work on /opt/airflow/dags/flight-pipeline.py
[2026-05-02T03:46:15.105+0000] {processor.py:830} INFO - Processing file /opt/airflow/dags/flight-pipeline.py for tasks to queue
[2026-05-02T03:46:15.106+0000] {logging_mixin.py:188} INFO - [2026-05-02T03:46:15.105+0000] {dagbag.py:545} INFO - Filling up the DagBag from /opt/airflow/dags/flight-pipeline.py
[2026-05-02T03:46:15.748+0000] {processor.py:840} INFO - DAG(s) 'flights_ops_medallion_pipe' retrieved from /opt/airflow/dags/flight-pipeline.py
[2026-05-02T03:46:15.781+0000] {logging_mixin.py:188} INFO - [2026-05-02T03:46:15.781+0000] {dag.py:3089} INFO - Sync 1 DAGs
[2026-05-02T03:46:15.803+0000] {logging_mixin.py:188} INFO - [2026-05-02T03:46:15.803+0000] {dag.py:3947} INFO - Setting next_dagrun for flights_ops_medallion_pipe to 2026-05-02 03:30:00+00:00, run_after=2026-05-02 04:00:00+00:00
[2026-05-02T03:46:15.822+0000] {processor.py:183} INFO - Processing /opt/airflow/dags/flight-pipeline.py took 0.728 seconds
[2026-05-02T03:46:46.071+0000] {processor.py:161} INFO - Started process (PID=9114) to work on /opt/airflow/dags/flight-pipeline.py
[2026-05-02T03:46:46.073+0000] {processor.py:830} INFO - Processing file /opt/airflow/dags/flight-pipeline.py for tasks to queue
[2026-05-02T03:46:46.074+0000] {logging_mixin.py:188} INFO - [2026-05-02T03:46:46.074+0000] {dagbag.py:545} INFO - Filling up the DagBag from /opt/airflow/dags/flight-pipeline.py
[2026-05-02T03:46:46.948+0000] {processor.py:840} INFO - DAG(s) 'flights_ops_medallion_pipe' retrieved from /opt/airflow/dags/flight-pipeline.py
[2026-05-02T03:46:46.993+0000] {logging_mixin.py:188} INFO - [2026-05-02T03:46:46.993+0000] {dag.py:3089} INFO - Sync 1 DAGs
[2026-05-02T03:46:47.019+0000] {logging_mixin.py:188} INFO - [2026-05-02T03:46:47.019+0000] {dag.py:3947} INFO - Setting next_dagrun for flights_ops_medallion_pipe to 2026-05-02 03:30:00+00:00, run_after=2026-05-02 04:00:00+00:00
[2026-05-02T03:46:47.238+0000] {processor.py:183} INFO - Processing /opt/airflow/dags/flight-pipeline.py took 1.175 seconds
[2026-05-02T03:47:17.729+0000] {processor.py:161} INFO - Started process (PID=9117) to work on /opt/airflow/dags/flight-pipeline.py
[2026-05-02T03:47:17.733+0000] {processor.py:830} INFO - Processing file /opt/airflow/dags/flight-pipeline.py for tasks to queue
[2026-05-02T03:47:17.735+0000] {logging_mixin.py:188} INFO - [2026-05-02T03:47:17.735+0000] {dagbag.py:545} INFO - Filling up the DagBag from /opt/airflow/dags/flight-pipeline.py
[2026-05-02T03:47:18.628+0000] {processor.py:840} INFO - DAG(s) 'flights_ops_medallion_pipe' retrieved from /opt/airflow/dags/flight-pipeline.py
[2026-05-02T03:47:18.681+0000] {logging_mixin.py:188} INFO - [2026-05-02T03:47:18.681+0000] {dag.py:3089} INFO - Sync 1 DAGs
[2026-05-02T03:47:19.017+0000] {logging_mixin.py:188} INFO - [2026-05-02T03:47:19.016+0000] {dag.py:3947} INFO - Setting next_dagrun for flights_ops_medallion_pipe to 2026-05-02 03:30:00+00:00, run_after=2026-05-02 04:00:00+00:00
[2026-05-02T03:47:19.035+0000] {processor.py:183} INFO - Processing /opt/airflow/dags/flight-pipeline.py took 1.325 seconds
[2026-05-02T03:47:49.356+0000] {processor.py:161} INFO - Started process (PID=9120) to work on /opt/airflow/dags/flight-pipeline.py
[2026-05-02T03:47:49.360+0000] {processor.py:830} INFO - Processing file /opt/airflow/dags/flight-pipeline.py for tasks to queue
[2026-05-02T03:47:49.361+0000] {logging_mixin.py:188} INFO - [2026-05-02T03:47:49.361+0000] {dagbag.py:545} INFO - Filling up the DagBag from /opt/airflow/dags/flight-pipeline.py
[2026-05-02T03:47:50.016+0000] {processor.py:840} INFO - DAG(s) 'flights_ops_medallion_pipe' retrieved from /opt/airflow/dags/flight-pipeline.py
[2026-05-02T03:47:50.069+0000] {logging_mixin.py:188} INFO - [2026-05-02T03:47:50.069+0000] {dag.py:3089} INFO - Sync 1 DAGs
[2026-05-02T03:47:50.091+0000] {logging_mixin.py:188} INFO - [2026-05-02T03:47:50.091+0000] {dag.py:3947} INFO - Setting next_dagrun for flights_ops_medallion_pipe to 2026-05-02 03:30:00+00:00, run_after=2026-05-02 04:00:00+00:00
[2026-05-02T03:47:50.110+0000] {processor.py:183} INFO - Processing /opt/airflow/dags/flight-pipeline.py took 0.763 seconds
[2026-05-02T03:48:20.210+0000] {processor.py:161} INFO - Started process (PID=9123) to work on /opt/airflow/dags/flight-pipeline.py
[2026-05-02T03:48:20.212+0000] {processor.py:830} INFO - Processing file /opt/airflow/dags/flight-pipeline.py for tasks to queue
[2026-05-02T03:48:20.213+0000] {logging_mixin.py:188} INFO - [2026-05-02T03:48:20.212+0000] {dagbag.py:545} INFO - Filling up the DagBag from /opt/airflow/dags/flight-pipeline.py
[2026-05-02T03:48:20.886+0000] {processor.py:840} INFO - DAG(s) 'flights_ops_medallion_pipe' retrieved from /opt/airflow/dags/flight-pipeline.py
[2026-05-02T03:48:20.923+0000] {logging_mixin.py:188} INFO - [2026-05-02T03:48:20.923+0000] {dag.py:3089} INFO - Sync 1 DAGs
[2026-05-02T03:48:20.949+0000] {logging_mixin.py:188} INFO - [2026-05-02T03:48:20.949+0000] {dag.py:3947} INFO - Setting next_dagrun for flights_ops_medallion_pipe to 2026-05-02 03:30:00+00:00, run_after=2026-05-02 04:00:00+00:00
[2026-05-02T03:48:20.970+0000] {processor.py:183} INFO - Processing /opt/airflow/dags/flight-pipeline.py took 0.768 seconds
[2026-05-02T03:48:51.215+0000] {processor.py:161} INFO - Started process (PID=9126) to work on /opt/airflow/dags/flight-pipeline.py
[2026-05-02T03:48:51.217+0000] {processor.py:830} INFO - Processing file /opt/airflow/dags/flight-pipeline.py for tasks to queue
[2026-05-02T03:48:51.218+0000] {logging_mixin.py:188} INFO - [2026-05-02T03:48:51.217+0000] {dagbag.py:545} INFO - Filling up the DagBag from /opt/airflow/dags/flight-pipeline.py
[2026-05-02T03:48:51.868+0000] {processor.py:840} INFO - DAG(s) 'flights_ops_medallion_pipe' retrieved from /opt/airflow/dags/flight-pipeline.py
[2026-05-02T03:48:51.903+0000] {logging_mixin.py:188} INFO - [2026-05-02T03:48:51.903+0000] {dag.py:3089} INFO - Sync 1 DAGs
[2026-05-02T03:48:51.926+0000] {logging_mixin.py:188} INFO - [2026-05-02T03:48:51.926+0000] {dag.py:3947} INFO - Setting next_dagrun for flights_ops_medallion_pipe to 2026-05-02 03:30:00+00:00, run_after=2026-05-02 04:00:00+00:00
[2026-05-02T03:48:51.944+0000] {processor.py:183} INFO - Processing /opt/airflow/dags/flight-pipeline.py took 0.737 seconds
[2026-05-02T03:49:22.180+0000] {processor.py:161} INFO - Started process (PID=9129) to work on /opt/airflow/dags/flight-pipeline.py
[2026-05-02T03:49:22.182+0000] {processor.py:830} INFO - Processing file /opt/airflow/dags/flight-pipeline.py for tasks to queue
[2026-05-02T03:49:22.184+0000] {logging_mixin.py:188} INFO - [2026-05-02T03:49:22.183+0000] {dagbag.py:545} INFO - Filling up the DagBag from /opt/airflow/dags/flight-pipeline.py
[2026-05-02T03:49:22.913+0000] {processor.py:840} INFO - DAG(s) 'flights_ops_medallion_pipe' retrieved from /opt/airflow/dags/flight-pipeline.py
[2026-05-02T03:49:22.951+0000] {logging_mixin.py:188} INFO - [2026-05-02T03:49:22.950+0000] {dag.py:3089} INFO - Sync 1 DAGs
[2026-05-02T03:49:22.974+0000] {logging_mixin.py:188} INFO - [2026-05-02T03:49:22.974+0000] {dag.py:3947} INFO - Setting next_dagrun for flights_ops_medallion_pipe to 2026-05-02 03:30:00+00:00, run_after=2026-05-02 04:00:00+00:00
[2026-05-02T03:49:22.993+0000] {processor.py:183} INFO - Processing /opt/airflow/dags/flight-pipeline.py took 0.820 seconds
[2026-05-02T03:49:53.248+0000] {processor.py:161} INFO - Started process (PID=9132) to work on /opt/airflow/dags/flight-pipeline.py
[2026-05-02T03:49:53.251+0000] {processor.py:830} INFO - Processing file /opt/airflow/dags/flight-pipeline.py for tasks to queue
[2026-05-02T03:49:53.253+0000] {logging_mixin.py:188} INFO - [2026-05-02T03:49:53.252+0000] {dagbag.py:545} INFO - Filling up the DagBag from /opt/airflow/dags/flight-pipeline.py
[2026-05-02T03:49:53.965+0000] {processor.py:840} INFO - DAG(s) 'flights_ops_medallion_pipe' retrieved from /opt/airflow/dags/flight-pipeline.py
[2026-05-02T03:49:54.008+0000] {logging_mixin.py:188} INFO - [2026-05-02T03:49:54.007+0000] {dag.py:3089} INFO - Sync 1 DAGs
[2026-05-02T03:49:54.038+0000] {logging_mixin.py:188} INFO - [2026-05-02T03:49:54.038+0000] {dag.py:3947} INFO - Setting next_dagrun for flights_ops_medallion_pipe to 2026-05-02 03:30:00+00:00, run_after=2026-05-02 04:00:00+00:00
[2026-05-02T03:49:54.244+0000] {processor.py:183} INFO - Processing /opt/airflow/dags/flight-pipeline.py took 1.004 seconds
[2026-05-02T03:50:24.499+0000] {processor.py:161} INFO - Started process (PID=9135) to work on /opt/airflow/dags/flight-pipeline.py
[2026-05-02T03:50:24.500+0000] {processor.py:830} INFO - Processing file /opt/airflow/dags/flight-pipeline.py for tasks to queue
[2026-05-02T03:50:24.502+0000] {logging_mixin.py:188} INFO - [2026-05-02T03:50:24.501+0000] {dagbag.py:545} INFO - Filling up the DagBag from /opt/airflow/dags/flight-pipeline.py
[2026-05-02T03:50:25.152+0000] {processor.py:840} INFO - DAG(s) 'flights_ops_medallion_pipe' retrieved from /opt/airflow/dags/flight-pipeline.py
[2026-05-02T03:50:25.186+0000] {logging_mixin.py:188} INFO - [2026-05-02T03:50:25.186+0000] {dag.py:3089} INFO - Sync 1 DAGs
[2026-05-02T03:50:25.358+0000] {logging_mixin.py:188} INFO - [2026-05-02T03:50:25.358+0000] {dag.py:3947} INFO - Setting next_dagrun for flights_ops_medallion_pipe to 2026-05-02 03:30:00+00:00, run_after=2026-05-02 04:00:00+00:00
[2026-05-02T03:50:25.379+0000] {processor.py:183} INFO - Processing /opt/airflow/dags/flight-pipeline.py took 0.888 seconds
[2026-05-02T03:50:55.685+0000] {processor.py:161} INFO - Started process (PID=9138) to work on /opt/airflow/dags/flight-pipeline.py
[2026-05-02T03:50:55.688+0000] {processor.py:830} INFO - Processing file /opt/airflow/dags/flight-pipeline.py for tasks to queue
[2026-05-02T03:50:55.689+0000] {logging_mixin.py:188} INFO - [2026-05-02T03:50:55.689+0000] {dagbag.py:545} INFO - Filling up the DagBag from /opt/airflow/dags/flight-pipeline.py
[2026-05-02T03:50:56.590+0000] {processor.py:840} INFO - DAG(s) 'flights_ops_medallion_pipe' retrieved from /opt/airflow/dags/flight-pipeline.py
[2026-05-02T03:50:56.708+0000] {logging_mixin.py:188} INFO - [2026-05-02T03:50:56.707+0000] {dag.py:3089} INFO - Sync 1 DAGs
[2026-05-02T03:50:56.748+0000] {logging_mixin.py:188} INFO - [2026-05-02T03:50:56.747+0000] {dag.py:3947} INFO - Setting next_dagrun for flights_ops_medallion_pipe to 2026-05-02 03:30:00+00:00, run_after=2026-05-02 04:00:00+00:00
[2026-05-02T03:50:56.775+0000] {processor.py:183} INFO - Processing /opt/airflow/dags/flight-pipeline.py took 1.098 seconds
[2026-05-02T03:51:27.060+0000] {processor.py:161} INFO - Started process (PID=9141) to work on /opt/airflow/dags/flight-pipeline.py
[2026-05-02T03:51:27.062+0000] {processor.py:830} INFO - Processing file /opt/airflow/dags/flight-pipeline.py for tasks to queue
[2026-05-02T03:51:27.063+0000] {logging_mixin.py:188} INFO - [2026-05-02T03:51:27.062+0000] {dagbag.py:545} INFO - Filling up the DagBag from /opt/airflow/dags/flight-pipeline.py
[2026-05-02T03:51:27.771+0000] {processor.py:840} INFO - DAG(s) 'flights_ops_medallion_pipe' retrieved from /opt/airflow/dags/flight-pipeline.py
[2026-05-02T03:51:27.815+0000] {logging_mixin.py:188} INFO - [2026-05-02T03:51:27.815+0000] {dag.py:3089} INFO - Sync 1 DAGs
[2026-05-02T03:51:27.840+0000] {logging_mixin.py:188} INFO - [2026-05-02T03:51:27.839+0000] {dag.py:3947} INFO - Setting next_dagrun for flights_ops_medallion_pipe to 2026-05-02 03:30:00+00:00, run_after=2026-05-02 04:00:00+00:00
[2026-05-02T03:51:27.859+0000] {processor.py:183} INFO - Processing /opt/airflow/dags/flight-pipeline.py took 0.808 seconds
[2026-05-02T03:51:58.112+0000] {processor.py:161} INFO - Started process (PID=9144) to work on /opt/airflow/dags/flight-pipeline.py
[2026-05-02T03:51:58.115+0000] {processor.py:830} INFO - Processing file /opt/airflow/dags/flight-pipeline.py for tasks to queue
[2026-05-02T03:51:58.117+0000] {logging_mixin.py:188} INFO - [2026-05-02T03:51:58.116+0000] {dagbag.py:545} INFO - Filling up the DagBag from /opt/airflow/dags/flight-pipeline.py
[2026-05-02T03:51:59.091+0000] {processor.py:840} INFO - DAG(s) 'flights_ops_medallion_pipe' retrieved from /opt/airflow/dags/flight-pipeline.py
[2026-05-02T03:51:59.132+0000] {logging_mixin.py:188} INFO - [2026-05-02T03:51:59.131+0000] {dag.py:3089} INFO - Sync 1 DAGs
[2026-05-02T03:51:59.156+0000] {logging_mixin.py:188} INFO - [2026-05-02T03:51:59.156+0000] {dag.py:3947} INFO - Setting next_dagrun for flights_ops_medallion_pipe to 2026-05-02 03:30:00+00:00, run_after=2026-05-02 04:00:00+00:00
[2026-05-02T03:51:59.175+0000] {processor.py:183} INFO - Processing /opt/airflow/dags/flight-pipeline.py took 1.071 seconds
[2026-05-02T03:52:29.355+0000] {processor.py:161} INFO - Started process (PID=9147) to work on /opt/airflow/dags/flight-pipeline.py
[2026-05-02T03:52:29.357+0000] {processor.py:830} INFO - Processing file /opt/airflow/dags/flight-pipeline.py for tasks to queue
[2026-05-02T03:52:29.358+0000] {logging_mixin.py:188} INFO - [2026-05-02T03:52:29.358+0000] {dagbag.py:545} INFO - Filling up the DagBag from /opt/airflow/dags/flight-pipeline.py
[2026-05-02T03:52:30.030+0000] {processor.py:840} INFO - DAG(s) 'flights_ops_medallion_pipe' retrieved from /opt/airflow/dags/flight-pipeline.py
[2026-05-02T03:52:30.065+0000] {logging_mixin.py:188} INFO - [2026-05-02T03:52:30.064+0000] {dag.py:3089} INFO - Sync 1 DAGs
[2026-05-02T03:52:30.090+0000] {logging_mixin.py:188} INFO - [2026-05-02T03:52:30.090+0000] {dag.py:3947} INFO - Setting next_dagrun for flights_ops_medallion_pipe to 2026-05-02 03:30:00+00:00, run_after=2026-05-02 04:00:00+00:00
[2026-05-02T03:52:30.111+0000] {processor.py:183} INFO - Processing /opt/airflow/dags/flight-pipeline.py took 0.764 seconds
[2026-05-02T03:53:00.376+0000] {processor.py:161} INFO - Started process (PID=9150) to work on /opt/airflow/dags/flight-pipeline.py
[2026-05-02T03:53:00.378+0000] {processor.py:830} INFO - Processing file /opt/airflow/dags/flight-pipeline.py for tasks to queue
[2026-05-02T03:53:00.379+0000] {logging_mixin.py:188} INFO - [2026-05-02T03:53:00.379+0000] {dagbag.py:545} INFO - Filling up the DagBag from /opt/airflow/dags/flight-pipeline.py
[2026-05-02T03:53:01.118+0000] {processor.py:840} INFO - DAG(s) 'flights_ops_medallion_pipe' retrieved from /opt/airflow/dags/flight-pipeline.py
[2026-05-02T03:53:01.162+0000] {logging_mixin.py:188} INFO - [2026-05-02T03:53:01.162+0000] {dag.py:3089} INFO - Sync 1 DAGs
[2026-05-02T03:53:01.518+0000] {logging_mixin.py:188} INFO - [2026-05-02T03:53:01.517+0000] {dag.py:3947} INFO - Setting next_dagrun for flights_ops_medallion_pipe to 2026-05-02 03:30:00+00:00, run_after=2026-05-02 04:00:00+00:00
[2026-05-02T03:53:01.545+0000] {processor.py:183} INFO - Processing /opt/airflow/dags/flight-pipeline.py took 1.177 seconds
[2026-05-02T03:53:31.849+0000] {processor.py:161} INFO - Started process (PID=9153) to work on /opt/airflow/dags/flight-pipeline.py
[2026-05-02T03:53:31.853+0000] {processor.py:830} INFO - Processing file /opt/airflow/dags/flight-pipeline.py for tasks to queue
[2026-05-02T03:53:31.854+0000] {logging_mixin.py:188} INFO - [2026-05-02T03:53:31.854+0000] {dagbag.py:545} INFO - Filling up the DagBag from /opt/airflow/dags/flight-pipeline.py
[2026-05-02T03:53:32.578+0000] {processor.py:840} INFO - DAG(s) 'flights_ops_medallion_pipe' retrieved from /opt/airflow/dags/flight-pipeline.py
[2026-05-02T03:53:32.618+0000] {logging_mixin.py:188} INFO - [2026-05-02T03:53:32.617+0000] {dag.py:3089} INFO - Sync 1 DAGs
[2026-05-02T03:53:32.645+0000] {logging_mixin.py:188} INFO - [2026-05-02T03:53:32.644+0000] {dag.py:3947} INFO - Setting next_dagrun for flights_ops_medallion_pipe to 2026-05-02 03:30:00+00:00, run_after=2026-05-02 04:00:00+00:00
[2026-05-02T03:53:32.667+0000] {processor.py:183} INFO - Processing /opt/airflow/dags/flight-pipeline.py took 0.826 seconds
[2026-05-02T03:54:03.026+0000] {processor.py:161} INFO - Started process (PID=9156) to work on /opt/airflow/dags/flight-pipeline.py
[2026-05-02T03:54:03.028+0000] {processor.py:830} INFO - Processing file /opt/airflow/dags/flight-pipeline.py for tasks to queue
[2026-05-02T03:54:03.029+0000] {logging_mixin.py:188} INFO - [2026-05-02T03:54:03.029+0000] {dagbag.py:545} INFO - Filling up the DagBag from /opt/airflow/dags/flight-pipeline.py
[2026-05-02T03:54:03.689+0000] {processor.py:840} INFO - DAG(s) 'flights_ops_medallion_pipe' retrieved from /opt/airflow/dags/flight-pipeline.py
[2026-05-02T03:54:03.727+0000] {logging_mixin.py:188} INFO - [2026-05-02T03:54:03.726+0000] {dag.py:3089} INFO - Sync 1 DAGs
[2026-05-02T03:54:03.752+0000] {logging_mixin.py:188} INFO - [2026-05-02T03:54:03.752+0000] {dag.py:3947} INFO - Setting next_dagrun for flights_ops_medallion_pipe to 2026-05-02 03:30:00+00:00, run_after=2026-05-02 04:00:00+00:00
[2026-05-02T03:54:03.773+0000] {processor.py:183} INFO - Processing /opt/airflow/dags/flight-pipeline.py took 0.755 seconds
[2026-05-02T03:54:34.045+0000] {processor.py:161} INFO - Started process (PID=9159) to work on /opt/airflow/dags/flight-pipeline.py
[2026-05-02T03:54:34.049+0000] {processor.py:830} INFO - Processing file /opt/airflow/dags/flight-pipeline.py for tasks to queue
[2026-05-02T03:54:34.052+0000] {logging_mixin.py:188} INFO - [2026-05-02T03:54:34.051+0000] {dagbag.py:545} INFO - Filling up the DagBag from /opt/airflow/dags/flight-pipeline.py
[2026-05-02T03:54:35.132+0000] {processor.py:840} INFO - DAG(s) 'flights_ops_medallion_pipe' retrieved from /opt/airflow/dags/flight-pipeline.py
[2026-05-02T03:54:35.172+0000] {logging_mixin.py:188} INFO - [2026-05-02T03:54:35.171+0000] {dag.py:3089} INFO - Sync 1 DAGs
[2026-05-02T03:54:35.201+0000] {logging_mixin.py:188} INFO - [2026-05-02T03:54:35.201+0000] {dag.py:3947} INFO - Setting next_dagrun for flights_ops_medallion_pipe to 2026-05-02 03:30:00+00:00, run_after=2026-05-02 04:00:00+00:00
[2026-05-02T03:54:35.220+0000] {processor.py:183} INFO - Processing /opt/airflow/dags/flight-pipeline.py took 1.183 seconds
[2026-05-02T03:55:05.293+0000] {processor.py:161} INFO - Started process (PID=9162) to work on /opt/airflow/dags/flight-pipeline.py
[2026-05-02T03:55:05.295+0000] {processor.py:830} INFO - Processing file /opt/airflow/dags/flight-pipeline.py for tasks to queue
[2026-05-02T03:55:05.296+0000] {logging_mixin.py:188} INFO - [2026-05-02T03:55:05.296+0000] {dagbag.py:545} INFO - Filling up the DagBag from /opt/airflow/dags/flight-pipeline.py
[2026-05-02T03:55:06.018+0000] {processor.py:840} INFO - DAG(s) 'flights_ops_medallion_pipe' retrieved from /opt/airflow/dags/flight-pipeline.py
[2026-05-02T03:55:06.056+0000] {logging_mixin.py:188} INFO - [2026-05-02T03:55:06.056+0000] {dag.py:3089} INFO - Sync 1 DAGs
[2026-05-02T03:55:06.082+0000] {logging_mixin.py:188} INFO - [2026-05-02T03:55:06.081+0000] {dag.py:3947} INFO - Setting next_dagrun for flights_ops_medallion_pipe to 2026-05-02 03:30:00+00:00, run_after=2026-05-02 04:00:00+00:00
[2026-05-02T03:55:06.101+0000] {processor.py:183} INFO - Processing /opt/airflow/dags/flight-pipeline.py took 0.816 seconds
[2026-05-02T03:55:36.435+0000] {processor.py:161} INFO - Started process (PID=9165) to work on /opt/airflow/dags/flight-pipeline.py
[2026-05-02T03:55:36.437+0000] {processor.py:830} INFO - Processing file /opt/airflow/dags/flight-pipeline.py for tasks to queue
[2026-05-02T03:55:36.438+0000] {logging_mixin.py:188} INFO - [2026-05-02T03:55:36.437+0000] {dagbag.py:545} INFO - Filling up the DagBag from /opt/airflow/dags/flight-pipeline.py
[2026-05-02T03:55:37.129+0000] {processor.py:840} INFO - DAG(s) 'flights_ops_medallion_pipe' retrieved from /opt/airflow/dags/flight-pipeline.py
[2026-05-02T03:55:37.163+0000] {logging_mixin.py:188} INFO - [2026-05-02T03:55:37.163+0000] {dag.py:3089} INFO - Sync 1 DAGs
[2026-05-02T03:55:37.185+0000] {logging_mixin.py:188} INFO - [2026-05-02T03:55:37.185+0000] {dag.py:3947} INFO - Setting next_dagrun for flights_ops_medallion_pipe to 2026-05-02 03:30:00+00:00, run_after=2026-05-02 04:00:00+00:00
[2026-05-02T03:55:37.207+0000] {processor.py:183} INFO - Processing /opt/airflow/dags/flight-pipeline.py took 0.781 seconds
[2026-05-02T03:56:07.459+0000] {processor.py:161} INFO - Started process (PID=9168) to work on /opt/airflow/dags/flight-pipeline.py
[2026-05-02T03:56:07.461+0000] {processor.py:830} INFO - Processing file /opt/airflow/dags/flight-pipeline.py for tasks to queue
[2026-05-02T03:56:07.462+0000] {logging_mixin.py:188} INFO - [2026-05-02T03:56:07.462+0000] {dagbag.py:545} INFO - Filling up the DagBag from /opt/airflow/dags/flight-pipeline.py
[2026-05-02T03:56:08.111+0000] {processor.py:840} INFO - DAG(s) 'flights_ops_medallion_pipe' retrieved from /opt/airflow/dags/flight-pipeline.py
[2026-05-02T03:56:08.146+0000] {logging_mixin.py:188} INFO - [2026-05-02T03:56:08.145+0000] {dag.py:3089} INFO - Sync 1 DAGs
[2026-05-02T03:56:08.406+0000] {logging_mixin.py:188} INFO - [2026-05-02T03:56:08.406+0000] {dag.py:3947} INFO - Setting next_dagrun for flights_ops_medallion_pipe to 2026-05-02 03:30:00+00:00, run_after=2026-05-02 04:00:00+00:00
[2026-05-02T03:56:08.427+0000] {processor.py:183} INFO - Processing /opt/airflow/dags/flight-pipeline.py took 0.976 seconds
[2026-05-02T03:56:38.699+0000] {processor.py:161} INFO - Started process (PID=9171) to work on /opt/airflow/dags/flight-pipeline.py
[2026-05-02T03:56:38.701+0000] {processor.py:830} INFO - Processing file /opt/airflow/dags/flight-pipeline.py for tasks to queue
[2026-05-02T03:56:38.702+0000] {logging_mixin.py:188} INFO - [2026-05-02T03:56:38.702+0000] {dagbag.py:545} INFO - Filling up the DagBag from /opt/airflow/dags/flight-pipeline.py
[2026-05-02T03:56:39.476+0000] {processor.py:840} INFO - DAG(s) 'flights_ops_medallion_pipe' retrieved from /opt/airflow/dags/flight-pipeline.py
[2026-05-02T03:56:39.553+0000] {logging_mixin.py:188} INFO - [2026-05-02T03:56:39.552+0000] {dag.py:3089} INFO - Sync 1 DAGs
[2026-05-02T03:56:39.887+0000] {logging_mixin.py:188} INFO - [2026-05-02T03:56:39.887+0000] {dag.py:3947} INFO - Setting next_dagrun for flights_ops_medallion_pipe to 2026-05-02 03:30:00+00:00, run_after=2026-05-02 04:00:00+00:00
[2026-05-02T03:56:39.908+0000] {processor.py:183} INFO - Processing /opt/airflow/dags/flight-pipeline.py took 1.217 seconds
[2026-05-02T03:57:09.988+0000] {processor.py:161} INFO - Started process (PID=9174) to work on /opt/airflow/dags/flight-pipeline.py
[2026-05-02T03:57:10.004+0000] {processor.py:830} INFO - Processing file /opt/airflow/dags/flight-pipeline.py for tasks to queue
[2026-05-02T03:57:10.012+0000] {logging_mixin.py:188} INFO - [2026-05-02T03:57:10.009+0000] {dagbag.py:545} INFO - Filling up the DagBag from /opt/airflow/dags/flight-pipeline.py
[2026-05-02T03:57:11.201+0000] {processor.py:840} INFO - DAG(s) 'flights_ops_medallion_pipe' retrieved from /opt/airflow/dags/flight-pipeline.py
[2026-05-02T03:57:11.246+0000] {logging_mixin.py:188} INFO - [2026-05-02T03:57:11.246+0000] {dag.py:3089} INFO - Sync 1 DAGs
[2026-05-02T03:57:11.292+0000] {logging_mixin.py:188} INFO - [2026-05-02T03:57:11.292+0000] {dag.py:3947} INFO - Setting next_dagrun for flights_ops_medallion_pipe to 2026-05-02 03:30:00+00:00, run_after=2026-05-02 04:00:00+00:00
[2026-05-02T03:57:11.323+0000] {processor.py:183} INFO - Processing /opt/airflow/dags/flight-pipeline.py took 1.354 seconds
[2026-05-02T03:57:41.354+0000] {processor.py:161} INFO - Started process (PID=9177) to work on /opt/airflow/dags/flight-pipeline.py
[2026-05-02T03:57:41.357+0000] {processor.py:830} INFO - Processing file /opt/airflow/dags/flight-pipeline.py for tasks to queue
[2026-05-02T03:57:41.358+0000] {logging_mixin.py:188} INFO - [2026-05-02T03:57:41.358+0000] {dagbag.py:545} INFO - Filling up the DagBag from /opt/airflow/dags/flight-pipeline.py
[2026-05-02T03:57:42.083+0000] {processor.py:840} INFO - DAG(s) 'flights_ops_medallion_pipe' retrieved from /opt/airflow/dags/flight-pipeline.py
[2026-05-02T03:57:42.121+0000] {logging_mixin.py:188} INFO - [2026-05-02T03:57:42.120+0000] {dag.py:3089} INFO - Sync 1 DAGs
[2026-05-02T03:57:42.144+0000] {logging_mixin.py:188} INFO - [2026-05-02T03:57:42.144+0000] {dag.py:3947} INFO - Setting next_dagrun for flights_ops_medallion_pipe to 2026-05-02 03:30:00+00:00, run_after=2026-05-02 04:00:00+00:00
[2026-05-02T03:57:42.161+0000] {processor.py:183} INFO - Processing /opt/airflow/dags/flight-pipeline.py took 0.815 seconds
[2026-05-02T03:58:12.516+0000] {processor.py:161} INFO - Started process (PID=9180) to work on /opt/airflow/dags/flight-pipeline.py
[2026-05-02T03:58:12.518+0000] {processor.py:830} INFO - Processing file /opt/airflow/dags/flight-pipeline.py for tasks to queue
[2026-05-02T03:58:12.521+0000] {logging_mixin.py:188} INFO - [2026-05-02T03:58:12.520+0000] {dagbag.py:545} INFO - Filling up the DagBag from /opt/airflow/dags/flight-pipeline.py
[2026-05-02T03:58:13.259+0000] {processor.py:840} INFO - DAG(s) 'flights_ops_medallion_pipe' retrieved from /opt/airflow/dags/flight-pipeline.py
[2026-05-02T03:58:13.299+0000] {logging_mixin.py:188} INFO - [2026-05-02T03:58:13.298+0000] {dag.py:3089} INFO - Sync 1 DAGs
[2026-05-02T03:58:13.324+0000] {logging_mixin.py:188} INFO - [2026-05-02T03:58:13.323+0000] {dag.py:3947} INFO - Setting next_dagrun for flights_ops_medallion_pipe to 2026-05-02 03:30:00+00:00, run_after=2026-05-02 04:00:00+00:00
[2026-05-02T03:58:13.343+0000] {processor.py:183} INFO - Processing /opt/airflow/dags/flight-pipeline.py took 0.836 seconds
[2026-05-02T03:58:43.778+0000] {processor.py:161} INFO - Started process (PID=9183) to work on /opt/airflow/dags/flight-pipeline.py
[2026-05-02T03:58:43.780+0000] {processor.py:830} INFO - Processing file /opt/airflow/dags/flight-pipeline.py for tasks to queue
[2026-05-02T03:58:43.781+0000] {logging_mixin.py:188} INFO - [2026-05-02T03:58:43.780+0000] {dagbag.py:545} INFO - Filling up the DagBag from /opt/airflow/dags/flight-pipeline.py
[2026-05-02T03:58:44.568+0000] {processor.py:840} INFO - DAG(s) 'flights_ops_medallion_pipe' retrieved from /opt/airflow/dags/flight-pipeline.py
[2026-05-02T03:58:44.636+0000] {logging_mixin.py:188} INFO - [2026-05-02T03:58:44.633+0000] {dag.py:3089} INFO - Sync 1 DAGs
[2026-05-02T03:58:44.712+0000] {logging_mixin.py:188} INFO - [2026-05-02T03:58:44.712+0000] {dag.py:3947} INFO - Setting next_dagrun for flights_ops_medallion_pipe to 2026-05-02 03:30:00+00:00, run_after=2026-05-02 04:00:00+00:00
[2026-05-02T03:58:45.366+0000] {processor.py:183} INFO - Processing /opt/airflow/dags/flight-pipeline.py took 1.601 seconds
[2026-05-02T03:59:15.753+0000] {processor.py:161} INFO - Started process (PID=9186) to work on /opt/airflow/dags/flight-pipeline.py
[2026-05-02T03:59:15.755+0000] {processor.py:830} INFO - Processing file /opt/airflow/dags/flight-pipeline.py for tasks to queue
[2026-05-02T03:59:15.756+0000] {logging_mixin.py:188} INFO - [2026-05-02T03:59:15.756+0000] {dagbag.py:545} INFO - Filling up the DagBag from /opt/airflow/dags/flight-pipeline.py
[2026-05-02T03:59:16.429+0000] {processor.py:840} INFO - DAG(s) 'flights_ops_medallion_pipe' retrieved from /opt/airflow/dags/flight-pipeline.py
[2026-05-02T03:59:16.463+0000] {logging_mixin.py:188} INFO - [2026-05-02T03:59:16.462+0000] {dag.py:3089} INFO - Sync 1 DAGs
[2026-05-02T03:59:16.647+0000] {logging_mixin.py:188} INFO - [2026-05-02T03:59:16.647+0000] {dag.py:3947} INFO - Setting next_dagrun for flights_ops_medallion_pipe to 2026-05-02 03:30:00+00:00, run_after=2026-05-02 04:00:00+00:00
[2026-05-02T03:59:16.669+0000] {processor.py:183} INFO - Processing /opt/airflow/dags/flight-pipeline.py took 0.924 seconds
[2026-05-02T03:59:46.933+0000] {processor.py:161} INFO - Started process (PID=9189) to work on /opt/airflow/dags/flight-pipeline.py
[2026-05-02T03:59:46.935+0000] {processor.py:830} INFO - Processing file /opt/airflow/dags/flight-pipeline.py for tasks to queue
[2026-05-02T03:59:46.936+0000] {logging_mixin.py:188} INFO - [2026-05-02T03:59:46.936+0000] {dagbag.py:545} INFO - Filling up the DagBag from /opt/airflow/dags/flight-pipeline.py
[2026-05-02T03:59:47.657+0000] {processor.py:840} INFO - DAG(s) 'flights_ops_medallion_pipe' retrieved from /opt/airflow/dags/flight-pipeline.py
[2026-05-02T03:59:47.849+0000] {logging_mixin.py:188} INFO - [2026-05-02T03:59:47.848+0000] {dag.py:3089} INFO - Sync 1 DAGs
[2026-05-02T03:59:47.870+0000] {logging_mixin.py:188} INFO - [2026-05-02T03:59:47.870+0000] {dag.py:3947} INFO - Setting next_dagrun for flights_ops_medallion_pipe to 2026-05-02 03:30:00+00:00, run_after=2026-05-02 04:00:00+00:00
[2026-05-02T03:59:47.888+0000] {processor.py:183} INFO - Processing /opt/airflow/dags/flight-pipeline.py took 0.962 seconds
[2026-05-02T04:00:18.381+0000] {processor.py:161} INFO - Started process (PID=9203) to work on /opt/airflow/dags/flight-pipeline.py
[2026-05-02T04:00:18.390+0000] {processor.py:830} INFO - Processing file /opt/airflow/dags/flight-pipeline.py for tasks to queue
[2026-05-02T04:00:18.393+0000] {logging_mixin.py:188} INFO - [2026-05-02T04:00:18.392+0000] {dagbag.py:545} INFO - Filling up the DagBag from /opt/airflow/dags/flight-pipeline.py
[2026-05-02T04:00:19.502+0000] {processor.py:840} INFO - DAG(s) 'flights_ops_medallion_pipe' retrieved from /opt/airflow/dags/flight-pipeline.py
[2026-05-02T04:00:19.550+0000] {logging_mixin.py:188} INFO - [2026-05-02T04:00:19.549+0000] {dag.py:3089} INFO - Sync 1 DAGs
[2026-05-02T04:00:19.583+0000] {logging_mixin.py:188} INFO - [2026-05-02T04:00:19.583+0000] {dag.py:3947} INFO - Setting next_dagrun for flights_ops_medallion_pipe to 2026-05-02 04:00:00+00:00, run_after=2026-05-02 04:30:00+00:00
[2026-05-02T04:00:19.605+0000] {processor.py:183} INFO - Processing /opt/airflow/dags/flight-pipeline.py took 1.243 seconds
[2026-05-02T04:00:49.674+0000] {processor.py:161} INFO - Started process (PID=9206) to work on /opt/airflow/dags/flight-pipeline.py
[2026-05-02T04:00:49.678+0000] {processor.py:830} INFO - Processing file /opt/airflow/dags/flight-pipeline.py for tasks to queue
[2026-05-02T04:00:49.680+0000] {logging_mixin.py:188} INFO - [2026-05-02T04:00:49.679+0000] {dagbag.py:545} INFO - Filling up the DagBag from /opt/airflow/dags/flight-pipeline.py
[2026-05-02T04:00:50.482+0000] {processor.py:840} INFO - DAG(s) 'flights_ops_medallion_pipe' retrieved from /opt/airflow/dags/flight-pipeline.py
[2026-05-02T04:00:50.522+0000] {logging_mixin.py:188} INFO - [2026-05-02T04:00:50.522+0000] {dag.py:3089} INFO - Sync 1 DAGs
[2026-05-02T04:00:50.549+0000] {logging_mixin.py:188} INFO - [2026-05-02T04:00:50.549+0000] {dag.py:3947} INFO - Setting next_dagrun for flights_ops_medallion_pipe to 2026-05-02 04:00:00+00:00, run_after=2026-05-02 04:30:00+00:00
[2026-05-02T04:00:50.574+0000] {processor.py:183} INFO - Processing /opt/airflow/dags/flight-pipeline.py took 0.916 seconds
[2026-05-02T04:01:20.868+0000] {processor.py:161} INFO - Started process (PID=9209) to work on /opt/airflow/dags/flight-pipeline.py
[2026-05-02T04:01:20.870+0000] {processor.py:830} INFO - Processing file /opt/airflow/dags/flight-pipeline.py for tasks to queue
[2026-05-02T04:01:20.871+0000] {logging_mixin.py:188} INFO - [2026-05-02T04:01:20.870+0000] {dagbag.py:545} INFO - Filling up the DagBag from /opt/airflow/dags/flight-pipeline.py
[2026-05-02T04:01:21.499+0000] {processor.py:840} INFO - DAG(s) 'flights_ops_medallion_pipe' retrieved from /opt/airflow/dags/flight-pipeline.py
[2026-05-02T04:01:21.532+0000] {logging_mixin.py:188} INFO - [2026-05-02T04:01:21.532+0000] {dag.py:3089} INFO - Sync 1 DAGs
[2026-05-02T04:01:21.558+0000] {logging_mixin.py:188} INFO - [2026-05-02T04:01:21.558+0000] {dag.py:3947} INFO - Setting next_dagrun for flights_ops_medallion_pipe to 2026-05-02 04:00:00+00:00, run_after=2026-05-02 04:30:00+00:00
[2026-05-02T04:01:21.578+0000] {processor.py:183} INFO - Processing /opt/airflow/dags/flight-pipeline.py took 0.719 seconds
[2026-05-02T04:01:52.550+0000] {processor.py:161} INFO - Started process (PID=9212) to work on /opt/airflow/dags/flight-pipeline.py
[2026-05-02T04:01:52.556+0000] {processor.py:830} INFO - Processing file /opt/airflow/dags/flight-pipeline.py for tasks to queue
[2026-05-02T04:01:52.562+0000] {logging_mixin.py:188} INFO - [2026-05-02T04:01:52.560+0000] {dagbag.py:545} INFO - Filling up the DagBag from /opt/airflow/dags/flight-pipeline.py
[2026-05-02T04:01:53.458+0000] {processor.py:840} INFO - DAG(s) 'flights_ops_medallion_pipe' retrieved from /opt/airflow/dags/flight-pipeline.py
[2026-05-02T04:01:53.519+0000] {logging_mixin.py:188} INFO - [2026-05-02T04:01:53.519+0000] {dag.py:3089} INFO - Sync 1 DAGs
[2026-05-02T04:01:53.550+0000] {logging_mixin.py:188} INFO - [2026-05-02T04:01:53.550+0000] {dag.py:3947} INFO - Setting next_dagrun for flights_ops_medallion_pipe to 2026-05-02 04:00:00+00:00, run_after=2026-05-02 04:30:00+00:00
[2026-05-02T04:01:53.773+0000] {processor.py:183} INFO - Processing /opt/airflow/dags/flight-pipeline.py took 1.237 seconds
[2026-05-02T04:02:23.882+0000] {processor.py:161} INFO - Started process (PID=9215) to work on /opt/airflow/dags/flight-pipeline.py
[2026-05-02T04:02:23.885+0000] {processor.py:830} INFO - Processing file /opt/airflow/dags/flight-pipeline.py for tasks to queue
[2026-05-02T04:02:23.887+0000] {logging_mixin.py:188} INFO - [2026-05-02T04:02:23.886+0000] {dagbag.py:545} INFO - Filling up the DagBag from /opt/airflow/dags/flight-pipeline.py
[2026-05-02T04:02:24.651+0000] {processor.py:840} INFO - DAG(s) 'flights_ops_medallion_pipe' retrieved from /opt/airflow/dags/flight-pipeline.py
[2026-05-02T04:02:24.688+0000] {logging_mixin.py:188} INFO - [2026-05-02T04:02:24.687+0000] {dag.py:3089} INFO - Sync 1 DAGs
[2026-05-02T04:02:24.875+0000] {logging_mixin.py:188} INFO - [2026-05-02T04:02:24.875+0000] {dag.py:3947} INFO - Setting next_dagrun for flights_ops_medallion_pipe to 2026-05-02 04:00:00+00:00, run_after=2026-05-02 04:30:00+00:00
[2026-05-02T04:02:24.895+0000] {processor.py:183} INFO - Processing /opt/airflow/dags/flight-pipeline.py took 1.035 seconds
[2026-05-02T04:02:55.119+0000] {processor.py:161} INFO - Started process (PID=9218) to work on /opt/airflow/dags/flight-pipeline.py
[2026-05-02T04:02:55.121+0000] {processor.py:830} INFO - Processing file /opt/airflow/dags/flight-pipeline.py for tasks to queue
[2026-05-02T04:02:55.122+0000] {logging_mixin.py:188} INFO - [2026-05-02T04:02:55.121+0000] {dagbag.py:545} INFO - Filling up the DagBag from /opt/airflow/dags/flight-pipeline.py
[2026-05-02T04:02:55.770+0000] {processor.py:840} INFO - DAG(s) 'flights_ops_medallion_pipe' retrieved from /opt/airflow/dags/flight-pipeline.py
[2026-05-02T04:02:55.944+0000] {logging_mixin.py:188} INFO - [2026-05-02T04:02:55.944+0000] {dag.py:3089} INFO - Sync 1 DAGs
[2026-05-02T04:02:55.964+0000] {logging_mixin.py:188} INFO - [2026-05-02T04:02:55.964+0000] {dag.py:3947} INFO - Setting next_dagrun for flights_ops_medallion_pipe to 2026-05-02 04:00:00+00:00, run_after=2026-05-02 04:30:00+00:00
[2026-05-02T04:02:55.981+0000] {processor.py:183} INFO - Processing /opt/airflow/dags/flight-pipeline.py took 0.869 seconds
[2026-05-02T04:03:26.247+0000] {processor.py:161} INFO - Started process (PID=9221) to work on /opt/airflow/dags/flight-pipeline.py
[2026-05-02T04:03:26.253+0000] {processor.py:830} INFO - Processing file /opt/airflow/dags/flight-pipeline.py for tasks to queue
[2026-05-02T04:03:26.255+0000] {logging_mixin.py:188} INFO - [2026-05-02T04:03:26.254+0000] {dagbag.py:545} INFO - Filling up the DagBag from /opt/airflow/dags/flight-pipeline.py
[2026-05-02T04:03:26.989+0000] {processor.py:840} INFO - DAG(s) 'flights_ops_medallion_pipe' retrieved from /opt/airflow/dags/flight-pipeline.py
[2026-05-02T04:03:27.024+0000] {logging_mixin.py:188} INFO - [2026-05-02T04:03:27.024+0000] {dag.py:3089} INFO - Sync 1 DAGs
[2026-05-02T04:03:27.048+0000] {logging_mixin.py:188} INFO - [2026-05-02T04:03:27.048+0000] {dag.py:3947} INFO - Setting next_dagrun for flights_ops_medallion_pipe to 2026-05-02 04:00:00+00:00, run_after=2026-05-02 04:30:00+00:00
[2026-05-02T04:03:27.067+0000] {processor.py:183} INFO - Processing /opt/airflow/dags/flight-pipeline.py took 0.827 seconds
[2026-05-02T04:03:57.565+0000] {processor.py:161} INFO - Started process (PID=9224) to work on /opt/airflow/dags/flight-pipeline.py
[2026-05-02T04:03:57.575+0000] {processor.py:830} INFO - Processing file /opt/airflow/dags/flight-pipeline.py for tasks to queue
[2026-05-02T04:03:57.576+0000] {logging_mixin.py:188} INFO - [2026-05-02T04:03:57.576+0000] {dagbag.py:545} INFO - Filling up the DagBag from /opt/airflow/dags/flight-pipeline.py
[2026-05-02T04:03:58.552+0000] {processor.py:840} INFO - DAG(s) 'flights_ops_medallion_pipe' retrieved from /opt/airflow/dags/flight-pipeline.py
[2026-05-02T04:03:58.603+0000] {logging_mixin.py:188} INFO - [2026-05-02T04:03:58.602+0000] {dag.py:3089} INFO - Sync 1 DAGs
[2026-05-02T04:03:58.634+0000] {logging_mixin.py:188} INFO - [2026-05-02T04:03:58.634+0000] {dag.py:3947} INFO - Setting next_dagrun for flights_ops_medallion_pipe to 2026-05-02 04:00:00+00:00, run_after=2026-05-02 04:30:00+00:00
[2026-05-02T04:03:58.658+0000] {processor.py:183} INFO - Processing /opt/airflow/dags/flight-pipeline.py took 1.107 seconds
[2026-05-02T04:04:28.828+0000] {processor.py:161} INFO - Started process (PID=9227) to work on /opt/airflow/dags/flight-pipeline.py
[2026-05-02T04:04:28.836+0000] {processor.py:830} INFO - Processing file /opt/airflow/dags/flight-pipeline.py for tasks to queue
[2026-05-02T04:04:28.840+0000] {logging_mixin.py:188} INFO - [2026-05-02T04:04:28.838+0000] {dagbag.py:545} INFO - Filling up the DagBag from /opt/airflow/dags/flight-pipeline.py
[2026-05-02T04:04:29.750+0000] {processor.py:840} INFO - DAG(s) 'flights_ops_medallion_pipe' retrieved from /opt/airflow/dags/flight-pipeline.py
[2026-05-02T04:04:29.797+0000] {logging_mixin.py:188} INFO - [2026-05-02T04:04:29.796+0000] {dag.py:3089} INFO - Sync 1 DAGs
[2026-05-02T04:04:29.830+0000] {logging_mixin.py:188} INFO - [2026-05-02T04:04:29.830+0000] {dag.py:3947} INFO - Setting next_dagrun for flights_ops_medallion_pipe to 2026-05-02 04:00:00+00:00, run_after=2026-05-02 04:30:00+00:00
[2026-05-02T04:04:29.856+0000] {processor.py:183} INFO - Processing /opt/airflow/dags/flight-pipeline.py took 1.040 seconds
[2026-05-02T04:05:00.077+0000] {processor.py:161} INFO - Started process (PID=9230) to work on /opt/airflow/dags/flight-pipeline.py
[2026-05-02T04:05:00.085+0000] {processor.py:830} INFO - Processing file /opt/airflow/dags/flight-pipeline.py for tasks to queue
[2026-05-02T04:05:00.089+0000] {logging_mixin.py:188} INFO - [2026-05-02T04:05:00.087+0000] {dagbag.py:545} INFO - Filling up the DagBag from /opt/airflow/dags/flight-pipeline.py
[2026-05-02T04:05:00.868+0000] {processor.py:840} INFO - DAG(s) 'flights_ops_medallion_pipe' retrieved from /opt/airflow/dags/flight-pipeline.py
[2026-05-02T04:05:00.903+0000] {logging_mixin.py:188} INFO - [2026-05-02T04:05:00.902+0000] {dag.py:3089} INFO - Sync 1 DAGs
[2026-05-02T04:05:01.291+0000] {logging_mixin.py:188} INFO - [2026-05-02T04:05:01.291+0000] {dag.py:3947} INFO - Setting next_dagrun for flights_ops_medallion_pipe to 2026-05-02 04:00:00+00:00, run_after=2026-05-02 04:30:00+00:00
[2026-05-02T04:05:01.314+0000] {processor.py:183} INFO - Processing /opt/airflow/dags/flight-pipeline.py took 1.246 seconds
[2026-05-02T04:05:31.554+0000] {processor.py:161} INFO - Started process (PID=9233) to work on /opt/airflow/dags/flight-pipeline.py
[2026-05-02T04:05:31.561+0000] {processor.py:830} INFO - Processing file /opt/airflow/dags/flight-pipeline.py for tasks to queue
[2026-05-02T04:05:31.563+0000] {logging_mixin.py:188} INFO - [2026-05-02T04:05:31.562+0000] {dagbag.py:545} INFO - Filling up the DagBag from /opt/airflow/dags/flight-pipeline.py
[2026-05-02T04:05:32.342+0000] {processor.py:840} INFO - DAG(s) 'flights_ops_medallion_pipe' retrieved from /opt/airflow/dags/flight-pipeline.py
[2026-05-02T04:05:32.385+0000] {logging_mixin.py:188} INFO - [2026-05-02T04:05:32.384+0000] {dag.py:3089} INFO - Sync 1 DAGs
[2026-05-02T04:05:32.633+0000] {logging_mixin.py:188} INFO - [2026-05-02T04:05:32.633+0000] {dag.py:3947} INFO - Setting next_dagrun for flights_ops_medallion_pipe to 2026-05-02 04:00:00+00:00, run_after=2026-05-02 04:30:00+00:00
[2026-05-02T04:05:32.650+0000] {processor.py:183} INFO - Processing /opt/airflow/dags/flight-pipeline.py took 1.106 seconds
[2026-05-02T04:06:02.809+0000] {processor.py:161} INFO - Started process (PID=9236) to work on /opt/airflow/dags/flight-pipeline.py
[2026-05-02T04:06:02.815+0000] {processor.py:830} INFO - Processing file /opt/airflow/dags/flight-pipeline.py for tasks to queue
[2026-05-02T04:06:02.817+0000] {logging_mixin.py:188} INFO - [2026-05-02T04:06:02.816+0000] {dagbag.py:545} INFO - Filling up the DagBag from /opt/airflow/dags/flight-pipeline.py
[2026-05-02T04:06:03.465+0000] {processor.py:840} INFO - DAG(s) 'flights_ops_medallion_pipe' retrieved from /opt/airflow/dags/flight-pipeline.py
[2026-05-02T04:06:03.499+0000] {logging_mixin.py:188} INFO - [2026-05-02T04:06:03.498+0000] {dag.py:3089} INFO - Sync 1 DAGs
[2026-05-02T04:06:03.523+0000] {logging_mixin.py:188} INFO - [2026-05-02T04:06:03.523+0000] {dag.py:3947} INFO - Setting next_dagrun for flights_ops_medallion_pipe to 2026-05-02 04:00:00+00:00, run_after=2026-05-02 04:30:00+00:00
[2026-05-02T04:06:03.540+0000] {processor.py:183} INFO - Processing /opt/airflow/dags/flight-pipeline.py took 0.740 seconds
[2026-05-02T04:06:33.814+0000] {processor.py:161} INFO - Started process (PID=9239) to work on /opt/airflow/dags/flight-pipeline.py
[2026-05-02T04:06:33.819+0000] {processor.py:830} INFO - Processing file /opt/airflow/dags/flight-pipeline.py for tasks to queue
[2026-05-02T04:06:33.820+0000] {logging_mixin.py:188} INFO - [2026-05-02T04:06:33.820+0000] {dagbag.py:545} INFO - Filling up the DagBag from /opt/airflow/dags/flight-pipeline.py
[2026-05-02T04:06:34.500+0000] {processor.py:840} INFO - DAG(s) 'flights_ops_medallion_pipe' retrieved from /opt/airflow/dags/flight-pipeline.py
[2026-05-02T04:06:34.534+0000] {logging_mixin.py:188} INFO - [2026-05-02T04:06:34.533+0000] {dag.py:3089} INFO - Sync 1 DAGs
[2026-05-02T04:06:34.558+0000] {logging_mixin.py:188} INFO - [2026-05-02T04:06:34.558+0000] {dag.py:3947} INFO - Setting next_dagrun for flights_ops_medallion_pipe to 2026-05-02 04:00:00+00:00, run_after=2026-05-02 04:30:00+00:00
[2026-05-02T04:06:34.576+0000] {processor.py:183} INFO - Processing /opt/airflow/dags/flight-pipeline.py took 0.771 seconds
[2026-05-02T04:07:04.788+0000] {processor.py:161} INFO - Started process (PID=9242) to work on /opt/airflow/dags/flight-pipeline.py
[2026-05-02T04:07:04.796+0000] {processor.py:830} INFO - Processing file /opt/airflow/dags/flight-pipeline.py for tasks to queue
[2026-05-02T04:07:04.797+0000] {logging_mixin.py:188} INFO - [2026-05-02T04:07:04.797+0000] {dagbag.py:545} INFO - Filling up the DagBag from /opt/airflow/dags/flight-pipeline.py
[2026-05-02T04:07:05.579+0000] {processor.py:840} INFO - DAG(s) 'flights_ops_medallion_pipe' retrieved from /opt/airflow/dags/flight-pipeline.py
[2026-05-02T04:07:05.614+0000] {logging_mixin.py:188} INFO - [2026-05-02T04:07:05.613+0000] {dag.py:3089} INFO - Sync 1 DAGs
[2026-05-02T04:07:05.639+0000] {logging_mixin.py:188} INFO - [2026-05-02T04:07:05.639+0000] {dag.py:3947} INFO - Setting next_dagrun for flights_ops_medallion_pipe to 2026-05-02 04:00:00+00:00, run_after=2026-05-02 04:30:00+00:00
[2026-05-02T04:07:05.660+0000] {processor.py:183} INFO - Processing /opt/airflow/dags/flight-pipeline.py took 0.881 seconds
[2026-05-02T04:07:35.897+0000] {processor.py:161} INFO - Started process (PID=9245) to work on /opt/airflow/dags/flight-pipeline.py
[2026-05-02T04:07:35.901+0000] {processor.py:830} INFO - Processing file /opt/airflow/dags/flight-pipeline.py for tasks to queue
[2026-05-02T04:07:35.902+0000] {logging_mixin.py:188} INFO - [2026-05-02T04:07:35.902+0000] {dagbag.py:545} INFO - Filling up the DagBag from /opt/airflow/dags/flight-pipeline.py
[2026-05-02T04:07:36.573+0000] {processor.py:840} INFO - DAG(s) 'flights_ops_medallion_pipe' retrieved from /opt/airflow/dags/flight-pipeline.py
[2026-05-02T04:07:36.608+0000] {logging_mixin.py:188} INFO - [2026-05-02T04:07:36.607+0000] {dag.py:3089} INFO - Sync 1 DAGs
[2026-05-02T04:07:36.631+0000] {logging_mixin.py:188} INFO - [2026-05-02T04:07:36.631+0000] {dag.py:3947} INFO - Setting next_dagrun for flights_ops_medallion_pipe to 2026-05-02 04:00:00+00:00, run_after=2026-05-02 04:30:00+00:00
[2026-05-02T04:07:36.650+0000] {processor.py:183} INFO - Processing /opt/airflow/dags/flight-pipeline.py took 0.762 seconds
[2026-05-02T04:08:06.730+0000] {processor.py:161} INFO - Started process (PID=9248) to work on /opt/airflow/dags/flight-pipeline.py
[2026-05-02T04:08:06.736+0000] {processor.py:830} INFO - Processing file /opt/airflow/dags/flight-pipeline.py for tasks to queue
[2026-05-02T04:08:06.737+0000] {logging_mixin.py:188} INFO - [2026-05-02T04:08:06.736+0000] {dagbag.py:545} INFO - Filling up the DagBag from /opt/airflow/dags/flight-pipeline.py
[2026-05-02T04:08:07.383+0000] {processor.py:840} INFO - DAG(s) 'flights_ops_medallion_pipe' retrieved from /opt/airflow/dags/flight-pipeline.py
[2026-05-02T04:08:07.415+0000] {logging_mixin.py:188} INFO - [2026-05-02T04:08:07.415+0000] {dag.py:3089} INFO - Sync 1 DAGs
[2026-05-02T04:08:07.600+0000] {logging_mixin.py:188} INFO - [2026-05-02T04:08:07.600+0000] {dag.py:3947} INFO - Setting next_dagrun for flights_ops_medallion_pipe to 2026-05-02 04:00:00+00:00, run_after=2026-05-02 04:30:00+00:00
[2026-05-02T04:08:07.621+0000] {processor.py:183} INFO - Processing /opt/airflow/dags/flight-pipeline.py took 0.899 seconds
[2026-05-02T04:08:37.902+0000] {processor.py:161} INFO - Started process (PID=9251) to work on /opt/airflow/dags/flight-pipeline.py
[2026-05-02T04:08:37.908+0000] {processor.py:830} INFO - Processing file /opt/airflow/dags/flight-pipeline.py for tasks to queue
[2026-05-02T04:08:37.910+0000] {logging_mixin.py:188} INFO - [2026-05-02T04:08:37.909+0000] {dagbag.py:545} INFO - Filling up the DagBag from /opt/airflow/dags/flight-pipeline.py
[2026-05-02T04:08:38.574+0000] {processor.py:840} INFO - DAG(s) 'flights_ops_medallion_pipe' retrieved from /opt/airflow/dags/flight-pipeline.py
[2026-05-02T04:08:38.610+0000] {logging_mixin.py:188} INFO - [2026-05-02T04:08:38.609+0000] {dag.py:3089} INFO - Sync 1 DAGs
[2026-05-02T04:08:38.779+0000] {logging_mixin.py:188} INFO - [2026-05-02T04:08:38.779+0000] {dag.py:3947} INFO - Setting next_dagrun for flights_ops_medallion_pipe to 2026-05-02 04:00:00+00:00, run_after=2026-05-02 04:30:00+00:00
[2026-05-02T04:08:38.798+0000] {processor.py:183} INFO - Processing /opt/airflow/dags/flight-pipeline.py took 0.906 seconds
[2026-05-02T04:09:09.041+0000] {processor.py:161} INFO - Started process (PID=9254) to work on /opt/airflow/dags/flight-pipeline.py
[2026-05-02T04:09:09.047+0000] {processor.py:830} INFO - Processing file /opt/airflow/dags/flight-pipeline.py for tasks to queue
[2026-05-02T04:09:09.048+0000] {logging_mixin.py:188} INFO - [2026-05-02T04:09:09.047+0000] {dagbag.py:545} INFO - Filling up the DagBag from /opt/airflow/dags/flight-pipeline.py
[2026-05-02T04:09:09.793+0000] {processor.py:840} INFO - DAG(s) 'flights_ops_medallion_pipe' retrieved from /opt/airflow/dags/flight-pipeline.py
[2026-05-02T04:09:09.832+0000] {logging_mixin.py:188} INFO - [2026-05-02T04:09:09.832+0000] {dag.py:3089} INFO - Sync 1 DAGs
[2026-05-02T04:09:09.857+0000] {logging_mixin.py:188} INFO - [2026-05-02T04:09:09.857+0000] {dag.py:3947} INFO - Setting next_dagrun for flights_ops_medallion_pipe to 2026-05-02 04:00:00+00:00, run_after=2026-05-02 04:30:00+00:00
[2026-05-02T04:09:09.876+0000] {processor.py:183} INFO - Processing /opt/airflow/dags/flight-pipeline.py took 0.844 seconds
[2026-05-02T04:09:40.161+0000] {processor.py:161} INFO - Started process (PID=9257) to work on /opt/airflow/dags/flight-pipeline.py
[2026-05-02T04:09:40.169+0000] {processor.py:830} INFO - Processing file /opt/airflow/dags/flight-pipeline.py for tasks to queue
[2026-05-02T04:09:40.170+0000] {logging_mixin.py:188} INFO - [2026-05-02T04:09:40.169+0000] {dagbag.py:545} INFO - Filling up the DagBag from /opt/airflow/dags/flight-pipeline.py
[2026-05-02T04:09:40.889+0000] {processor.py:840} INFO - DAG(s) 'flights_ops_medallion_pipe' retrieved from /opt/airflow/dags/flight-pipeline.py
[2026-05-02T04:09:40.921+0000] {logging_mixin.py:188} INFO - [2026-05-02T04:09:40.920+0000] {dag.py:3089} INFO - Sync 1 DAGs
[2026-05-02T04:09:40.946+0000] {logging_mixin.py:188} INFO - [2026-05-02T04:09:40.946+0000] {dag.py:3947} INFO - Setting next_dagrun for flights_ops_medallion_pipe to 2026-05-02 04:00:00+00:00, run_after=2026-05-02 04:30:00+00:00
[2026-05-02T04:09:40.964+0000] {processor.py:183} INFO - Processing /opt/airflow/dags/flight-pipeline.py took 0.815 seconds
[2026-05-02T04:10:11.230+0000] {processor.py:161} INFO - Started process (PID=9260) to work on /opt/airflow/dags/flight-pipeline.py
[2026-05-02T04:10:11.236+0000] {processor.py:830} INFO - Processing file /opt/airflow/dags/flight-pipeline.py for tasks to queue
[2026-05-02T04:10:11.237+0000] {logging_mixin.py:188} INFO - [2026-05-02T04:10:11.236+0000] {dagbag.py:545} INFO - Filling up the DagBag from /opt/airflow/dags/flight-pipeline.py
[2026-05-02T04:10:11.944+0000] {processor.py:840} INFO - DAG(s) 'flights_ops_medallion_pipe' retrieved from /opt/airflow/dags/flight-pipeline.py
[2026-05-02T04:10:11.978+0000] {logging_mixin.py:188} INFO - [2026-05-02T04:10:11.977+0000] {dag.py:3089} INFO - Sync 1 DAGs
[2026-05-02T04:10:12.002+0000] {logging_mixin.py:188} INFO - [2026-05-02T04:10:12.001+0000] {dag.py:3947} INFO - Setting next_dagrun for flights_ops_medallion_pipe to 2026-05-02 04:00:00+00:00, run_after=2026-05-02 04:30:00+00:00
[2026-05-02T04:10:12.021+0000] {processor.py:183} INFO - Processing /opt/airflow/dags/flight-pipeline.py took 0.800 seconds
[2026-05-02T04:10:42.261+0000] {processor.py:161} INFO - Started process (PID=9263) to work on /opt/airflow/dags/flight-pipeline.py
[2026-05-02T04:10:42.274+0000] {processor.py:830} INFO - Processing file /opt/airflow/dags/flight-pipeline.py for tasks to queue
[2026-05-02T04:10:42.276+0000] {logging_mixin.py:188} INFO - [2026-05-02T04:10:42.275+0000] {dagbag.py:545} INFO - Filling up the DagBag from /opt/airflow/dags/flight-pipeline.py
[2026-05-02T04:10:42.971+0000] {processor.py:840} INFO - DAG(s) 'flights_ops_medallion_pipe' retrieved from /opt/airflow/dags/flight-pipeline.py
[2026-05-02T04:10:43.005+0000] {logging_mixin.py:188} INFO - [2026-05-02T04:10:43.004+0000] {dag.py:3089} INFO - Sync 1 DAGs
[2026-05-02T04:10:43.028+0000] {logging_mixin.py:188} INFO - [2026-05-02T04:10:43.027+0000] {dag.py:3947} INFO - Setting next_dagrun for flights_ops_medallion_pipe to 2026-05-02 04:00:00+00:00, run_after=2026-05-02 04:30:00+00:00
[2026-05-02T04:10:43.049+0000] {processor.py:183} INFO - Processing /opt/airflow/dags/flight-pipeline.py took 0.763 seconds
[2026-05-02T04:11:13.110+0000] {processor.py:161} INFO - Started process (PID=9266) to work on /opt/airflow/dags/flight-pipeline.py
[2026-05-02T04:11:13.116+0000] {processor.py:830} INFO - Processing file /opt/airflow/dags/flight-pipeline.py for tasks to queue
[2026-05-02T04:11:13.117+0000] {logging_mixin.py:188} INFO - [2026-05-02T04:11:13.117+0000] {dagbag.py:545} INFO - Filling up the DagBag from /opt/airflow/dags/flight-pipeline.py
[2026-05-02T04:11:13.775+0000] {processor.py:840} INFO - DAG(s) 'flights_ops_medallion_pipe' retrieved from /opt/airflow/dags/flight-pipeline.py
[2026-05-02T04:11:13.807+0000] {logging_mixin.py:188} INFO - [2026-05-02T04:11:13.807+0000] {dag.py:3089} INFO - Sync 1 DAGs
[2026-05-02T04:11:13.982+0000] {logging_mixin.py:188} INFO - [2026-05-02T04:11:13.982+0000] {dag.py:3947} INFO - Setting next_dagrun for flights_ops_medallion_pipe to 2026-05-02 04:00:00+00:00, run_after=2026-05-02 04:30:00+00:00
[2026-05-02T04:11:14.007+0000] {processor.py:183} INFO - Processing /opt/airflow/dags/flight-pipeline.py took 0.904 seconds
[2026-05-02T04:11:44.240+0000] {processor.py:161} INFO - Started process (PID=9269) to work on /opt/airflow/dags/flight-pipeline.py
[2026-05-02T04:11:44.246+0000] {processor.py:830} INFO - Processing file /opt/airflow/dags/flight-pipeline.py for tasks to queue
[2026-05-02T04:11:44.247+0000] {logging_mixin.py:188} INFO - [2026-05-02T04:11:44.247+0000] {dagbag.py:545} INFO - Filling up the DagBag from /opt/airflow/dags/flight-pipeline.py
[2026-05-02T04:11:44.948+0000] {processor.py:840} INFO - DAG(s) 'flights_ops_medallion_pipe' retrieved from /opt/airflow/dags/flight-pipeline.py
[2026-05-02T04:11:45.155+0000] {logging_mixin.py:188} INFO - [2026-05-02T04:11:45.155+0000] {dag.py:3089} INFO - Sync 1 DAGs
[2026-05-02T04:11:45.176+0000] {logging_mixin.py:188} INFO - [2026-05-02T04:11:45.176+0000] {dag.py:3947} INFO - Setting next_dagrun for flights_ops_medallion_pipe to 2026-05-02 04:00:00+00:00, run_after=2026-05-02 04:30:00+00:00
[2026-05-02T04:11:45.193+0000] {processor.py:183} INFO - Processing /opt/airflow/dags/flight-pipeline.py took 0.964 seconds
[2026-05-02T04:12:15.375+0000] {processor.py:161} INFO - Started process (PID=9272) to work on /opt/airflow/dags/flight-pipeline.py
[2026-05-02T04:12:15.381+0000] {processor.py:830} INFO - Processing file /opt/airflow/dags/flight-pipeline.py for tasks to queue
[2026-05-02T04:12:15.382+0000] {logging_mixin.py:188} INFO - [2026-05-02T04:12:15.382+0000] {dagbag.py:545} INFO - Filling up the DagBag from /opt/airflow/dags/flight-pipeline.py
[2026-05-02T04:12:16.047+0000] {processor.py:840} INFO - DAG(s) 'flights_ops_medallion_pipe' retrieved from /opt/airflow/dags/flight-pipeline.py
[2026-05-02T04:12:16.081+0000] {logging_mixin.py:188} INFO - [2026-05-02T04:12:16.081+0000] {dag.py:3089} INFO - Sync 1 DAGs
[2026-05-02T04:12:16.103+0000] {logging_mixin.py:188} INFO - [2026-05-02T04:12:16.103+0000] {dag.py:3947} INFO - Setting next_dagrun for flights_ops_medallion_pipe to 2026-05-02 04:00:00+00:00, run_after=2026-05-02 04:30:00+00:00
[2026-05-02T04:12:16.121+0000] {processor.py:183} INFO - Processing /opt/airflow/dags/flight-pipeline.py took 0.753 seconds
[2026-05-02T04:12:46.332+0000] {processor.py:161} INFO - Started process (PID=9275) to work on /opt/airflow/dags/flight-pipeline.py
[2026-05-02T04:12:46.341+0000] {processor.py:830} INFO - Processing file /opt/airflow/dags/flight-pipeline.py for tasks to queue
[2026-05-02T04:12:46.343+0000] {logging_mixin.py:188} INFO - [2026-05-02T04:12:46.342+0000] {dagbag.py:545} INFO - Filling up the DagBag from /opt/airflow/dags/flight-pipeline.py
[2026-05-02T04:12:46.966+0000] {processor.py:840} INFO - DAG(s) 'flights_ops_medallion_pipe' retrieved from /opt/airflow/dags/flight-pipeline.py
[2026-05-02T04:12:47.001+0000] {logging_mixin.py:188} INFO - [2026-05-02T04:12:47.000+0000] {dag.py:3089} INFO - Sync 1 DAGs
[2026-05-02T04:12:47.028+0000] {logging_mixin.py:188} INFO - [2026-05-02T04:12:47.028+0000] {dag.py:3947} INFO - Setting next_dagrun for flights_ops_medallion_pipe to 2026-05-02 04:00:00+00:00, run_after=2026-05-02 04:30:00+00:00
[2026-05-02T04:12:47.048+0000] {processor.py:183} INFO - Processing /opt/airflow/dags/flight-pipeline.py took 0.725 seconds
[2026-05-02T04:13:17.246+0000] {processor.py:161} INFO - Started process (PID=9278) to work on /opt/airflow/dags/flight-pipeline.py
[2026-05-02T04:13:17.249+0000] {processor.py:830} INFO - Processing file /opt/airflow/dags/flight-pipeline.py for tasks to queue
[2026-05-02T04:13:17.250+0000] {logging_mixin.py:188} INFO - [2026-05-02T04:13:17.249+0000] {dagbag.py:545} INFO - Filling up the DagBag from /opt/airflow/dags/flight-pipeline.py
[2026-05-02T04:13:17.883+0000] {processor.py:840} INFO - DAG(s) 'flights_ops_medallion_pipe' retrieved from /opt/airflow/dags/flight-pipeline.py
[2026-05-02T04:13:17.917+0000] {logging_mixin.py:188} INFO - [2026-05-02T04:13:17.917+0000] {dag.py:3089} INFO - Sync 1 DAGs
[2026-05-02T04:13:17.940+0000] {logging_mixin.py:188} INFO - [2026-05-02T04:13:17.940+0000] {dag.py:3947} INFO - Setting next_dagrun for flights_ops_medallion_pipe to 2026-05-02 04:00:00+00:00, run_after=2026-05-02 04:30:00+00:00
[2026-05-02T04:13:17.958+0000] {processor.py:183} INFO - Processing /opt/airflow/dags/flight-pipeline.py took 0.721 seconds
[2026-05-02T04:13:48.284+0000] {processor.py:161} INFO - Started process (PID=9281) to work on /opt/airflow/dags/flight-pipeline.py
[2026-05-02T04:13:48.287+0000] {processor.py:830} INFO - Processing file /opt/airflow/dags/flight-pipeline.py for tasks to queue
[2026-05-02T04:13:48.288+0000] {logging_mixin.py:188} INFO - [2026-05-02T04:13:48.287+0000] {dagbag.py:545} INFO - Filling up the DagBag from /opt/airflow/dags/flight-pipeline.py
[2026-05-02T04:13:48.909+0000] {processor.py:840} INFO - DAG(s) 'flights_ops_medallion_pipe' retrieved from /opt/airflow/dags/flight-pipeline.py
[2026-05-02T04:13:48.944+0000] {logging_mixin.py:188} INFO - [2026-05-02T04:13:48.943+0000] {dag.py:3089} INFO - Sync 1 DAGs
[2026-05-02T04:13:48.974+0000] {logging_mixin.py:188} INFO - [2026-05-02T04:13:48.974+0000] {dag.py:3947} INFO - Setting next_dagrun for flights_ops_medallion_pipe to 2026-05-02 04:00:00+00:00, run_after=2026-05-02 04:30:00+00:00
[2026-05-02T04:13:49.137+0000] {processor.py:183} INFO - Processing /opt/airflow/dags/flight-pipeline.py took 0.861 seconds
[2026-05-02T04:14:19.422+0000] {processor.py:161} INFO - Started process (PID=9284) to work on /opt/airflow/dags/flight-pipeline.py
[2026-05-02T04:14:19.424+0000] {processor.py:830} INFO - Processing file /opt/airflow/dags/flight-pipeline.py for tasks to queue
[2026-05-02T04:14:19.426+0000] {logging_mixin.py:188} INFO - [2026-05-02T04:14:19.425+0000] {dagbag.py:545} INFO - Filling up the DagBag from /opt/airflow/dags/flight-pipeline.py
[2026-05-02T04:14:20.055+0000] {processor.py:840} INFO - DAG(s) 'flights_ops_medallion_pipe' retrieved from /opt/airflow/dags/flight-pipeline.py
[2026-05-02T04:14:20.090+0000] {logging_mixin.py:188} INFO - [2026-05-02T04:14:20.089+0000] {dag.py:3089} INFO - Sync 1 DAGs
[2026-05-02T04:14:20.260+0000] {logging_mixin.py:188} INFO - [2026-05-02T04:14:20.259+0000] {dag.py:3947} INFO - Setting next_dagrun for flights_ops_medallion_pipe to 2026-05-02 04:00:00+00:00, run_after=2026-05-02 04:30:00+00:00
[2026-05-02T04:14:20.280+0000] {processor.py:183} INFO - Processing /opt/airflow/dags/flight-pipeline.py took 0.866 seconds
[2026-05-02T04:14:50.556+0000] {processor.py:161} INFO - Started process (PID=9287) to work on /opt/airflow/dags/flight-pipeline.py
[2026-05-02T04:14:50.558+0000] {processor.py:830} INFO - Processing file /opt/airflow/dags/flight-pipeline.py for tasks to queue
[2026-05-02T04:14:50.559+0000] {logging_mixin.py:188} INFO - [2026-05-02T04:14:50.559+0000] {dagbag.py:545} INFO - Filling up the DagBag from /opt/airflow/dags/flight-pipeline.py
[2026-05-02T04:14:51.179+0000] {processor.py:840} INFO - DAG(s) 'flights_ops_medallion_pipe' retrieved from /opt/airflow/dags/flight-pipeline.py
[2026-05-02T04:14:51.356+0000] {logging_mixin.py:188} INFO - [2026-05-02T04:14:51.356+0000] {dag.py:3089} INFO - Sync 1 DAGs
[2026-05-02T04:14:51.380+0000] {logging_mixin.py:188} INFO - [2026-05-02T04:14:51.380+0000] {dag.py:3947} INFO - Setting next_dagrun for flights_ops_medallion_pipe to 2026-05-02 04:00:00+00:00, run_after=2026-05-02 04:30:00+00:00
[2026-05-02T04:14:51.401+0000] {processor.py:183} INFO - Processing /opt/airflow/dags/flight-pipeline.py took 0.854 seconds
[2026-05-02T04:15:21.676+0000] {processor.py:161} INFO - Started process (PID=9290) to work on /opt/airflow/dags/flight-pipeline.py
[2026-05-02T04:15:21.678+0000] {processor.py:830} INFO - Processing file /opt/airflow/dags/flight-pipeline.py for tasks to queue
[2026-05-02T04:15:21.679+0000] {logging_mixin.py:188} INFO - [2026-05-02T04:15:21.679+0000] {dagbag.py:545} INFO - Filling up the DagBag from /opt/airflow/dags/flight-pipeline.py
[2026-05-02T04:15:22.558+0000] {processor.py:840} INFO - DAG(s) 'flights_ops_medallion_pipe' retrieved from /opt/airflow/dags/flight-pipeline.py
[2026-05-02T04:15:22.601+0000] {logging_mixin.py:188} INFO - [2026-05-02T04:15:22.600+0000] {dag.py:3089} INFO - Sync 1 DAGs
[2026-05-02T04:15:22.625+0000] {logging_mixin.py:188} INFO - [2026-05-02T04:15:22.624+0000] {dag.py:3947} INFO - Setting next_dagrun for flights_ops_medallion_pipe to 2026-05-02 04:00:00+00:00, run_after=2026-05-02 04:30:00+00:00
[2026-05-02T04:15:22.643+0000] {processor.py:183} INFO - Processing /opt/airflow/dags/flight-pipeline.py took 0.977 seconds
[2026-05-02T04:15:52.901+0000] {processor.py:161} INFO - Started process (PID=9293) to work on /opt/airflow/dags/flight-pipeline.py
[2026-05-02T04:15:52.903+0000] {processor.py:830} INFO - Processing file /opt/airflow/dags/flight-pipeline.py for tasks to queue
[2026-05-02T04:15:52.904+0000] {logging_mixin.py:188} INFO - [2026-05-02T04:15:52.904+0000] {dagbag.py:545} INFO - Filling up the DagBag from /opt/airflow/dags/flight-pipeline.py
[2026-05-02T04:15:53.612+0000] {processor.py:840} INFO - DAG(s) 'flights_ops_medallion_pipe' retrieved from /opt/airflow/dags/flight-pipeline.py
[2026-05-02T04:15:53.648+0000] {logging_mixin.py:188} INFO - [2026-05-02T04:15:53.648+0000] {dag.py:3089} INFO - Sync 1 DAGs
[2026-05-02T04:15:53.675+0000] {logging_mixin.py:188} INFO - [2026-05-02T04:15:53.675+0000] {dag.py:3947} INFO - Setting next_dagrun for flights_ops_medallion_pipe to 2026-05-02 04:00:00+00:00, run_after=2026-05-02 04:30:00+00:00
[2026-05-02T04:15:53.702+0000] {processor.py:183} INFO - Processing /opt/airflow/dags/flight-pipeline.py took 0.809 seconds
[2026-05-02T04:16:23.879+0000] {processor.py:161} INFO - Started process (PID=9296) to work on /opt/airflow/dags/flight-pipeline.py
[2026-05-02T04:16:23.882+0000] {processor.py:830} INFO - Processing file /opt/airflow/dags/flight-pipeline.py for tasks to queue
[2026-05-02T04:16:23.884+0000] {logging_mixin.py:188} INFO - [2026-05-02T04:16:23.883+0000] {dagbag.py:545} INFO - Filling up the DagBag from /opt/airflow/dags/flight-pipeline.py
[2026-05-02T04:16:24.517+0000] {processor.py:840} INFO - DAG(s) 'flights_ops_medallion_pipe' retrieved from /opt/airflow/dags/flight-pipeline.py
[2026-05-02T04:16:24.550+0000] {logging_mixin.py:188} INFO - [2026-05-02T04:16:24.549+0000] {dag.py:3089} INFO - Sync 1 DAGs
[2026-05-02T04:16:24.576+0000] {logging_mixin.py:188} INFO - [2026-05-02T04:16:24.576+0000] {dag.py:3947} INFO - Setting next_dagrun for flights_ops_medallion_pipe to 2026-05-02 04:00:00+00:00, run_after=2026-05-02 04:30:00+00:00
[2026-05-02T04:16:24.596+0000] {processor.py:183} INFO - Processing /opt/airflow/dags/flight-pipeline.py took 0.725 seconds
[2026-05-02T04:16:54.870+0000] {processor.py:161} INFO - Started process (PID=9299) to work on /opt/airflow/dags/flight-pipeline.py
[2026-05-02T04:16:54.872+0000] {processor.py:830} INFO - Processing file /opt/airflow/dags/flight-pipeline.py for tasks to queue
[2026-05-02T04:16:54.874+0000] {logging_mixin.py:188} INFO - [2026-05-02T04:16:54.873+0000] {dagbag.py:545} INFO - Filling up the DagBag from /opt/airflow/dags/flight-pipeline.py
[2026-05-02T04:16:55.511+0000] {processor.py:840} INFO - DAG(s) 'flights_ops_medallion_pipe' retrieved from /opt/airflow/dags/flight-pipeline.py
[2026-05-02T04:16:55.545+0000] {logging_mixin.py:188} INFO - [2026-05-02T04:16:55.545+0000] {dag.py:3089} INFO - Sync 1 DAGs
[2026-05-02T04:16:55.569+0000] {logging_mixin.py:188} INFO - [2026-05-02T04:16:55.568+0000] {dag.py:3947} INFO - Setting next_dagrun for flights_ops_medallion_pipe to 2026-05-02 04:00:00+00:00, run_after=2026-05-02 04:30:00+00:00
[2026-05-02T04:16:55.756+0000] {processor.py:183} INFO - Processing /opt/airflow/dags/flight-pipeline.py took 0.895 seconds
[2026-05-02T04:17:26.039+0000] {processor.py:161} INFO - Started process (PID=9302) to work on /opt/airflow/dags/flight-pipeline.py
[2026-05-02T04:17:26.042+0000] {processor.py:830} INFO - Processing file /opt/airflow/dags/flight-pipeline.py for tasks to queue
[2026-05-02T04:17:26.043+0000] {logging_mixin.py:188} INFO - [2026-05-02T04:17:26.043+0000] {dagbag.py:545} INFO - Filling up the DagBag from /opt/airflow/dags/flight-pipeline.py
[2026-05-02T04:17:26.724+0000] {processor.py:840} INFO - DAG(s) 'flights_ops_medallion_pipe' retrieved from /opt/airflow/dags/flight-pipeline.py
[2026-05-02T04:17:26.758+0000] {logging_mixin.py:188} INFO - [2026-05-02T04:17:26.757+0000] {dag.py:3089} INFO - Sync 1 DAGs
[2026-05-02T04:17:26.953+0000] {logging_mixin.py:188} INFO - [2026-05-02T04:17:26.953+0000] {dag.py:3947} INFO - Setting next_dagrun for flights_ops_medallion_pipe to 2026-05-02 04:00:00+00:00, run_after=2026-05-02 04:30:00+00:00
[2026-05-02T04:17:26.975+0000] {processor.py:183} INFO - Processing /opt/airflow/dags/flight-pipeline.py took 0.943 seconds
[2026-05-02T04:17:57.240+0000] {processor.py:161} INFO - Started process (PID=9305) to work on /opt/airflow/dags/flight-pipeline.py
[2026-05-02T04:17:57.243+0000] {processor.py:830} INFO - Processing file /opt/airflow/dags/flight-pipeline.py for tasks to queue
[2026-05-02T04:17:57.244+0000] {logging_mixin.py:188} INFO - [2026-05-02T04:17:57.243+0000] {dagbag.py:545} INFO - Filling up the DagBag from /opt/airflow/dags/flight-pipeline.py
[2026-05-02T04:17:57.863+0000] {processor.py:840} INFO - DAG(s) 'flights_ops_medallion_pipe' retrieved from /opt/airflow/dags/flight-pipeline.py
[2026-05-02T04:17:58.039+0000] {logging_mixin.py:188} INFO - [2026-05-02T04:17:58.038+0000] {dag.py:3089} INFO - Sync 1 DAGs
[2026-05-02T04:17:58.063+0000] {logging_mixin.py:188} INFO - [2026-05-02T04:17:58.063+0000] {dag.py:3947} INFO - Setting next_dagrun for flights_ops_medallion_pipe to 2026-05-02 04:00:00+00:00, run_after=2026-05-02 04:30:00+00:00
[2026-05-02T04:17:58.082+0000] {processor.py:183} INFO - Processing /opt/airflow/dags/flight-pipeline.py took 0.850 seconds
[2026-05-02T04:18:28.370+0000] {processor.py:161} INFO - Started process (PID=9308) to work on /opt/airflow/dags/flight-pipeline.py
[2026-05-02T04:18:28.372+0000] {processor.py:830} INFO - Processing file /opt/airflow/dags/flight-pipeline.py for tasks to queue
[2026-05-02T04:18:28.373+0000] {logging_mixin.py:188} INFO - [2026-05-02T04:18:28.373+0000] {dagbag.py:545} INFO - Filling up the DagBag from /opt/airflow/dags/flight-pipeline.py
[2026-05-02T04:18:29.034+0000] {processor.py:840} INFO - DAG(s) 'flights_ops_medallion_pipe' retrieved from /opt/airflow/dags/flight-pipeline.py
[2026-05-02T04:18:29.069+0000] {logging_mixin.py:188} INFO - [2026-05-02T04:18:29.069+0000] {dag.py:3089} INFO - Sync 1 DAGs
[2026-05-02T04:18:29.093+0000] {logging_mixin.py:188} INFO - [2026-05-02T04:18:29.092+0000] {dag.py:3947} INFO - Setting next_dagrun for flights_ops_medallion_pipe to 2026-05-02 04:00:00+00:00, run_after=2026-05-02 04:30:00+00:00
[2026-05-02T04:18:29.135+0000] {processor.py:183} INFO - Processing /opt/airflow/dags/flight-pipeline.py took 0.774 seconds
[2026-05-02T04:18:59.452+0000] {processor.py:161} INFO - Started process (PID=9311) to work on /opt/airflow/dags/flight-pipeline.py
[2026-05-02T04:18:59.454+0000] {processor.py:830} INFO - Processing file /opt/airflow/dags/flight-pipeline.py for tasks to queue
[2026-05-02T04:18:59.456+0000] {logging_mixin.py:188} INFO - [2026-05-02T04:18:59.455+0000] {dagbag.py:545} INFO - Filling up the DagBag from /opt/airflow/dags/flight-pipeline.py
[2026-05-02T04:19:00.131+0000] {processor.py:840} INFO - DAG(s) 'flights_ops_medallion_pipe' retrieved from /opt/airflow/dags/flight-pipeline.py
[2026-05-02T04:19:00.171+0000] {logging_mixin.py:188} INFO - [2026-05-02T04:19:00.170+0000] {dag.py:3089} INFO - Sync 1 DAGs
[2026-05-02T04:19:00.198+0000] {logging_mixin.py:188} INFO - [2026-05-02T04:19:00.198+0000] {dag.py:3947} INFO - Setting next_dagrun for flights_ops_medallion_pipe to 2026-05-02 04:00:00+00:00, run_after=2026-05-02 04:30:00+00:00
[2026-05-02T04:19:00.217+0000] {processor.py:183} INFO - Processing /opt/airflow/dags/flight-pipeline.py took 0.773 seconds
[2026-05-02T04:19:30.287+0000] {processor.py:161} INFO - Started process (PID=9314) to work on /opt/airflow/dags/flight-pipeline.py
[2026-05-02T04:19:30.289+0000] {processor.py:830} INFO - Processing file /opt/airflow/dags/flight-pipeline.py for tasks to queue
[2026-05-02T04:19:30.291+0000] {logging_mixin.py:188} INFO - [2026-05-02T04:19:30.290+0000] {dagbag.py:545} INFO - Filling up the DagBag from /opt/airflow/dags/flight-pipeline.py
[2026-05-02T04:19:30.956+0000] {processor.py:840} INFO - DAG(s) 'flights_ops_medallion_pipe' retrieved from /opt/airflow/dags/flight-pipeline.py
[2026-05-02T04:19:30.990+0000] {logging_mixin.py:188} INFO - [2026-05-02T04:19:30.989+0000] {dag.py:3089} INFO - Sync 1 DAGs
[2026-05-02T04:19:31.013+0000] {logging_mixin.py:188} INFO - [2026-05-02T04:19:31.012+0000] {dag.py:3947} INFO - Setting next_dagrun for flights_ops_medallion_pipe to 2026-05-02 04:00:00+00:00, run_after=2026-05-02 04:30:00+00:00
[2026-05-02T04:19:31.038+0000] {processor.py:183} INFO - Processing /opt/airflow/dags/flight-pipeline.py took 0.760 seconds
[2026-05-02T04:20:01.297+0000] {processor.py:161} INFO - Started process (PID=9317) to work on /opt/airflow/dags/flight-pipeline.py
[2026-05-02T04:20:01.300+0000] {processor.py:830} INFO - Processing file /opt/airflow/dags/flight-pipeline.py for tasks to queue
[2026-05-02T04:20:01.302+0000] {logging_mixin.py:188} INFO - [2026-05-02T04:20:01.301+0000] {dagbag.py:545} INFO - Filling up the DagBag from /opt/airflow/dags/flight-pipeline.py
[2026-05-02T04:20:01.995+0000] {processor.py:840} INFO - DAG(s) 'flights_ops_medallion_pipe' retrieved from /opt/airflow/dags/flight-pipeline.py
[2026-05-02T04:20:02.032+0000] {logging_mixin.py:188} INFO - [2026-05-02T04:20:02.031+0000] {dag.py:3089} INFO - Sync 1 DAGs
[2026-05-02T04:20:02.240+0000] {logging_mixin.py:188} INFO - [2026-05-02T04:20:02.240+0000] {dag.py:3947} INFO - Setting next_dagrun for flights_ops_medallion_pipe to 2026-05-02 04:00:00+00:00, run_after=2026-05-02 04:30:00+00:00
[2026-05-02T04:20:02.263+0000] {processor.py:183} INFO - Processing /opt/airflow/dags/flight-pipeline.py took 0.975 seconds
[2026-05-02T04:20:32.535+0000] {processor.py:161} INFO - Started process (PID=9320) to work on /opt/airflow/dags/flight-pipeline.py
[2026-05-02T04:20:32.538+0000] {processor.py:830} INFO - Processing file /opt/airflow/dags/flight-pipeline.py for tasks to queue
[2026-05-02T04:20:32.539+0000] {logging_mixin.py:188} INFO - [2026-05-02T04:20:32.538+0000] {dagbag.py:545} INFO - Filling up the DagBag from /opt/airflow/dags/flight-pipeline.py
[2026-05-02T04:20:33.164+0000] {processor.py:840} INFO - DAG(s) 'flights_ops_medallion_pipe' retrieved from /opt/airflow/dags/flight-pipeline.py
[2026-05-02T04:20:33.200+0000] {logging_mixin.py:188} INFO - [2026-05-02T04:20:33.200+0000] {dag.py:3089} INFO - Sync 1 DAGs
[2026-05-02T04:20:33.370+0000] {logging_mixin.py:188} INFO - [2026-05-02T04:20:33.370+0000] {dag.py:3947} INFO - Setting next_dagrun for flights_ops_medallion_pipe to 2026-05-02 04:00:00+00:00, run_after=2026-05-02 04:30:00+00:00
[2026-05-02T04:20:33.390+0000] {processor.py:183} INFO - Processing /opt/airflow/dags/flight-pipeline.py took 0.863 seconds
[2026-05-02T04:21:03.640+0000] {processor.py:161} INFO - Started process (PID=9323) to work on /opt/airflow/dags/flight-pipeline.py
[2026-05-02T04:21:03.641+0000] {processor.py:830} INFO - Processing file /opt/airflow/dags/flight-pipeline.py for tasks to queue
[2026-05-02T04:21:03.643+0000] {logging_mixin.py:188} INFO - [2026-05-02T04:21:03.642+0000] {dagbag.py:545} INFO - Filling up the DagBag from /opt/airflow/dags/flight-pipeline.py
[2026-05-02T04:21:04.357+0000] {processor.py:840} INFO - DAG(s) 'flights_ops_medallion_pipe' retrieved from /opt/airflow/dags/flight-pipeline.py
[2026-05-02T04:21:04.568+0000] {logging_mixin.py:188} INFO - [2026-05-02T04:21:04.567+0000] {dag.py:3089} INFO - Sync 1 DAGs
[2026-05-02T04:21:04.591+0000] {logging_mixin.py:188} INFO - [2026-05-02T04:21:04.591+0000] {dag.py:3947} INFO - Setting next_dagrun for flights_ops_medallion_pipe to 2026-05-02 04:00:00+00:00, run_after=2026-05-02 04:30:00+00:00
[2026-05-02T04:21:04.610+0000] {processor.py:183} INFO - Processing /opt/airflow/dags/flight-pipeline.py took 0.979 seconds
[2026-05-02T04:21:34.864+0000] {processor.py:161} INFO - Started process (PID=9326) to work on /opt/airflow/dags/flight-pipeline.py
[2026-05-02T04:21:34.869+0000] {processor.py:830} INFO - Processing file /opt/airflow/dags/flight-pipeline.py for tasks to queue
[2026-05-02T04:21:34.870+0000] {logging_mixin.py:188} INFO - [2026-05-02T04:21:34.870+0000] {dagbag.py:545} INFO - Filling up the DagBag from /opt/airflow/dags/flight-pipeline.py
[2026-05-02T04:21:35.492+0000] {processor.py:840} INFO - DAG(s) 'flights_ops_medallion_pipe' retrieved from /opt/airflow/dags/flight-pipeline.py
[2026-05-02T04:21:35.525+0000] {logging_mixin.py:188} INFO - [2026-05-02T04:21:35.524+0000] {dag.py:3089} INFO - Sync 1 DAGs
[2026-05-02T04:21:35.547+0000] {logging_mixin.py:188} INFO - [2026-05-02T04:21:35.546+0000] {dag.py:3947} INFO - Setting next_dagrun for flights_ops_medallion_pipe to 2026-05-02 04:00:00+00:00, run_after=2026-05-02 04:30:00+00:00
[2026-05-02T04:21:35.565+0000] {processor.py:183} INFO - Processing /opt/airflow/dags/flight-pipeline.py took 0.709 seconds
[2026-05-02T04:22:05.706+0000] {processor.py:161} INFO - Started process (PID=9329) to work on /opt/airflow/dags/flight-pipeline.py
[2026-05-02T04:22:05.708+0000] {processor.py:830} INFO - Processing file /opt/airflow/dags/flight-pipeline.py for tasks to queue
[2026-05-02T04:22:05.709+0000] {logging_mixin.py:188} INFO - [2026-05-02T04:22:05.709+0000] {dagbag.py:545} INFO - Filling up the DagBag from /opt/airflow/dags/flight-pipeline.py
[2026-05-02T04:22:06.405+0000] {processor.py:840} INFO - DAG(s) 'flights_ops_medallion_pipe' retrieved from /opt/airflow/dags/flight-pipeline.py
[2026-05-02T04:22:06.440+0000] {logging_mixin.py:188} INFO - [2026-05-02T04:22:06.440+0000] {dag.py:3089} INFO - Sync 1 DAGs
[2026-05-02T04:22:06.463+0000] {logging_mixin.py:188} INFO - [2026-05-02T04:22:06.463+0000] {dag.py:3947} INFO - Setting next_dagrun for flights_ops_medallion_pipe to 2026-05-02 04:00:00+00:00, run_after=2026-05-02 04:30:00+00:00
[2026-05-02T04:22:06.480+0000] {processor.py:183} INFO - Processing /opt/airflow/dags/flight-pipeline.py took 0.782 seconds
[2026-05-02T04:22:36.740+0000] {processor.py:161} INFO - Started process (PID=9332) to work on /opt/airflow/dags/flight-pipeline.py
[2026-05-02T04:22:36.743+0000] {processor.py:830} INFO - Processing file /opt/airflow/dags/flight-pipeline.py for tasks to queue
[2026-05-02T04:22:36.744+0000] {logging_mixin.py:188} INFO - [2026-05-02T04:22:36.743+0000] {dagbag.py:545} INFO - Filling up the DagBag from /opt/airflow/dags/flight-pipeline.py
[2026-05-02T04:22:37.417+0000] {processor.py:840} INFO - DAG(s) 'flights_ops_medallion_pipe' retrieved from /opt/airflow/dags/flight-pipeline.py
[2026-05-02T04:22:37.450+0000] {logging_mixin.py:188} INFO - [2026-05-02T04:22:37.449+0000] {dag.py:3089} INFO - Sync 1 DAGs
[2026-05-02T04:22:37.476+0000] {logging_mixin.py:188} INFO - [2026-05-02T04:22:37.476+0000] {dag.py:3947} INFO - Setting next_dagrun for flights_ops_medallion_pipe to 2026-05-02 04:00:00+00:00, run_after=2026-05-02 04:30:00+00:00
[2026-05-02T04:22:37.498+0000] {processor.py:183} INFO - Processing /opt/airflow/dags/flight-pipeline.py took 0.767 seconds
[2026-05-02T04:23:07.754+0000] {processor.py:161} INFO - Started process (PID=9335) to work on /opt/airflow/dags/flight-pipeline.py
[2026-05-02T04:23:07.757+0000] {processor.py:830} INFO - Processing file /opt/airflow/dags/flight-pipeline.py for tasks to queue
[2026-05-02T04:23:07.758+0000] {logging_mixin.py:188} INFO - [2026-05-02T04:23:07.758+0000] {dagbag.py:545} INFO - Filling up the DagBag from /opt/airflow/dags/flight-pipeline.py
[2026-05-02T04:23:08.466+0000] {processor.py:840} INFO - DAG(s) 'flights_ops_medallion_pipe' retrieved from /opt/airflow/dags/flight-pipeline.py
[2026-05-02T04:23:08.501+0000] {logging_mixin.py:188} INFO - [2026-05-02T04:23:08.501+0000] {dag.py:3089} INFO - Sync 1 DAGs
[2026-05-02T04:23:08.724+0000] {logging_mixin.py:188} INFO - [2026-05-02T04:23:08.723+0000] {dag.py:3947} INFO - Setting next_dagrun for flights_ops_medallion_pipe to 2026-05-02 04:00:00+00:00, run_after=2026-05-02 04:30:00+00:00
[2026-05-02T04:23:08.746+0000] {processor.py:183} INFO - Processing /opt/airflow/dags/flight-pipeline.py took 1.002 seconds
[2026-05-02T04:23:39.072+0000] {processor.py:161} INFO - Started process (PID=9338) to work on /opt/airflow/dags/flight-pipeline.py
[2026-05-02T04:23:39.074+0000] {processor.py:830} INFO - Processing file /opt/airflow/dags/flight-pipeline.py for tasks to queue
[2026-05-02T04:23:39.076+0000] {logging_mixin.py:188} INFO - [2026-05-02T04:23:39.076+0000] {dagbag.py:545} INFO - Filling up the DagBag from /opt/airflow/dags/flight-pipeline.py
[2026-05-02T04:23:39.798+0000] {processor.py:840} INFO - DAG(s) 'flights_ops_medallion_pipe' retrieved from /opt/airflow/dags/flight-pipeline.py
[2026-05-02T04:23:39.834+0000] {logging_mixin.py:188} INFO - [2026-05-02T04:23:39.833+0000] {dag.py:3089} INFO - Sync 1 DAGs
[2026-05-02T04:23:40.053+0000] {logging_mixin.py:188} INFO - [2026-05-02T04:23:40.052+0000] {dag.py:3947} INFO - Setting next_dagrun for flights_ops_medallion_pipe to 2026-05-02 04:00:00+00:00, run_after=2026-05-02 04:30:00+00:00
[2026-05-02T04:23:40.077+0000] {processor.py:183} INFO - Processing /opt/airflow/dags/flight-pipeline.py took 1.012 seconds
[2026-05-02T04:24:10.344+0000] {processor.py:161} INFO - Started process (PID=9341) to work on /opt/airflow/dags/flight-pipeline.py
[2026-05-02T04:24:10.346+0000] {processor.py:830} INFO - Processing file /opt/airflow/dags/flight-pipeline.py for tasks to queue
[2026-05-02T04:24:10.348+0000] {logging_mixin.py:188} INFO - [2026-05-02T04:24:10.347+0000] {dagbag.py:545} INFO - Filling up the DagBag from /opt/airflow/dags/flight-pipeline.py
[2026-05-02T04:24:10.968+0000] {processor.py:840} INFO - DAG(s) 'flights_ops_medallion_pipe' retrieved from /opt/airflow/dags/flight-pipeline.py
[2026-05-02T04:24:11.154+0000] {logging_mixin.py:188} INFO - [2026-05-02T04:24:11.154+0000] {dag.py:3089} INFO - Sync 1 DAGs
[2026-05-02T04:24:11.178+0000] {logging_mixin.py:188} INFO - [2026-05-02T04:24:11.178+0000] {dag.py:3947} INFO - Setting next_dagrun for flights_ops_medallion_pipe to 2026-05-02 04:00:00+00:00, run_after=2026-05-02 04:30:00+00:00
[2026-05-02T04:24:11.197+0000] {processor.py:183} INFO - Processing /opt/airflow/dags/flight-pipeline.py took 0.861 seconds
[2026-05-02T04:24:41.461+0000] {processor.py:161} INFO - Started process (PID=9344) to work on /opt/airflow/dags/flight-pipeline.py
[2026-05-02T04:24:41.463+0000] {processor.py:830} INFO - Processing file /opt/airflow/dags/flight-pipeline.py for tasks to queue
[2026-05-02T04:24:41.464+0000] {logging_mixin.py:188} INFO - [2026-05-02T04:24:41.464+0000] {dagbag.py:545} INFO - Filling up the DagBag from /opt/airflow/dags/flight-pipeline.py
[2026-05-02T04:24:42.134+0000] {processor.py:840} INFO - DAG(s) 'flights_ops_medallion_pipe' retrieved from /opt/airflow/dags/flight-pipeline.py
[2026-05-02T04:24:42.170+0000] {logging_mixin.py:188} INFO - [2026-05-02T04:24:42.169+0000] {dag.py:3089} INFO - Sync 1 DAGs
[2026-05-02T04:24:42.193+0000] {logging_mixin.py:188} INFO - [2026-05-02T04:24:42.193+0000] {dag.py:3947} INFO - Setting next_dagrun for flights_ops_medallion_pipe to 2026-05-02 04:00:00+00:00, run_after=2026-05-02 04:30:00+00:00
[2026-05-02T04:24:42.212+0000] {processor.py:183} INFO - Processing /opt/airflow/dags/flight-pipeline.py took 0.758 seconds
[2026-05-02T04:25:12.482+0000] {processor.py:161} INFO - Started process (PID=9347) to work on /opt/airflow/dags/flight-pipeline.py
[2026-05-02T04:25:12.485+0000] {processor.py:830} INFO - Processing file /opt/airflow/dags/flight-pipeline.py for tasks to queue
[2026-05-02T04:25:12.486+0000] {logging_mixin.py:188} INFO - [2026-05-02T04:25:12.486+0000] {dagbag.py:545} INFO - Filling up the DagBag from /opt/airflow/dags/flight-pipeline.py
[2026-05-02T04:25:13.179+0000] {processor.py:840} INFO - DAG(s) 'flights_ops_medallion_pipe' retrieved from /opt/airflow/dags/flight-pipeline.py
[2026-05-02T04:25:13.211+0000] {logging_mixin.py:188} INFO - [2026-05-02T04:25:13.211+0000] {dag.py:3089} INFO - Sync 1 DAGs
[2026-05-02T04:25:13.233+0000] {logging_mixin.py:188} INFO - [2026-05-02T04:25:13.233+0000] {dag.py:3947} INFO - Setting next_dagrun for flights_ops_medallion_pipe to 2026-05-02 04:00:00+00:00, run_after=2026-05-02 04:30:00+00:00
[2026-05-02T04:25:13.251+0000] {processor.py:183} INFO - Processing /opt/airflow/dags/flight-pipeline.py took 0.779 seconds
[2026-05-02T04:25:43.500+0000] {processor.py:161} INFO - Started process (PID=9350) to work on /opt/airflow/dags/flight-pipeline.py
[2026-05-02T04:25:43.503+0000] {processor.py:830} INFO - Processing file /opt/airflow/dags/flight-pipeline.py for tasks to queue
[2026-05-02T04:25:43.504+0000] {logging_mixin.py:188} INFO - [2026-05-02T04:25:43.503+0000] {dagbag.py:545} INFO - Filling up the DagBag from /opt/airflow/dags/flight-pipeline.py
[2026-05-02T04:25:44.184+0000] {processor.py:840} INFO - DAG(s) 'flights_ops_medallion_pipe' retrieved from /opt/airflow/dags/flight-pipeline.py
[2026-05-02T04:25:44.215+0000] {logging_mixin.py:188} INFO - [2026-05-02T04:25:44.214+0000] {dag.py:3089} INFO - Sync 1 DAGs
[2026-05-02T04:25:44.242+0000] {logging_mixin.py:188} INFO - [2026-05-02T04:25:44.242+0000] {dag.py:3947} INFO - Setting next_dagrun for flights_ops_medallion_pipe to 2026-05-02 04:00:00+00:00, run_after=2026-05-02 04:30:00+00:00
[2026-05-02T04:25:44.262+0000] {processor.py:183} INFO - Processing /opt/airflow/dags/flight-pipeline.py took 0.770 seconds
[2026-05-02T04:26:14.346+0000] {processor.py:161} INFO - Started process (PID=9353) to work on /opt/airflow/dags/flight-pipeline.py
[2026-05-02T04:26:14.348+0000] {processor.py:830} INFO - Processing file /opt/airflow/dags/flight-pipeline.py for tasks to queue
[2026-05-02T04:26:14.349+0000] {logging_mixin.py:188} INFO - [2026-05-02T04:26:14.348+0000] {dagbag.py:545} INFO - Filling up the DagBag from /opt/airflow/dags/flight-pipeline.py
[2026-05-02T04:26:15.015+0000] {processor.py:840} INFO - DAG(s) 'flights_ops_medallion_pipe' retrieved from /opt/airflow/dags/flight-pipeline.py
[2026-05-02T04:26:15.053+0000] {logging_mixin.py:188} INFO - [2026-05-02T04:26:15.052+0000] {dag.py:3089} INFO - Sync 1 DAGs
[2026-05-02T04:26:15.238+0000] {logging_mixin.py:188} INFO - [2026-05-02T04:26:15.238+0000] {dag.py:3947} INFO - Setting next_dagrun for flights_ops_medallion_pipe to 2026-05-02 04:00:00+00:00, run_after=2026-05-02 04:30:00+00:00
[2026-05-02T04:26:15.258+0000] {processor.py:183} INFO - Processing /opt/airflow/dags/flight-pipeline.py took 0.930 seconds
[2026-05-02T04:26:45.476+0000] {processor.py:161} INFO - Started process (PID=9356) to work on /opt/airflow/dags/flight-pipeline.py
[2026-05-02T04:26:45.478+0000] {processor.py:830} INFO - Processing file /opt/airflow/dags/flight-pipeline.py for tasks to queue
[2026-05-02T04:26:45.479+0000] {logging_mixin.py:188} INFO - [2026-05-02T04:26:45.479+0000] {dagbag.py:545} INFO - Filling up the DagBag from /opt/airflow/dags/flight-pipeline.py
[2026-05-02T04:26:46.207+0000] {processor.py:840} INFO - DAG(s) 'flights_ops_medallion_pipe' retrieved from /opt/airflow/dags/flight-pipeline.py
[2026-05-02T04:26:46.245+0000] {logging_mixin.py:188} INFO - [2026-05-02T04:26:46.244+0000] {dag.py:3089} INFO - Sync 1 DAGs
[2026-05-02T04:26:46.433+0000] {logging_mixin.py:188} INFO - [2026-05-02T04:26:46.433+0000] {dag.py:3947} INFO - Setting next_dagrun for flights_ops_medallion_pipe to 2026-05-02 04:00:00+00:00, run_after=2026-05-02 04:30:00+00:00
[2026-05-02T04:26:46.454+0000] {processor.py:183} INFO - Processing /opt/airflow/dags/flight-pipeline.py took 0.986 seconds
[2026-05-02T04:27:16.687+0000] {processor.py:161} INFO - Started process (PID=9359) to work on /opt/airflow/dags/flight-pipeline.py
[2026-05-02T04:27:16.696+0000] {processor.py:830} INFO - Processing file /opt/airflow/dags/flight-pipeline.py for tasks to queue
[2026-05-02T04:27:16.697+0000] {logging_mixin.py:188} INFO - [2026-05-02T04:27:16.697+0000] {dagbag.py:545} INFO - Filling up the DagBag from /opt/airflow/dags/flight-pipeline.py
[2026-05-02T04:27:17.393+0000] {processor.py:840} INFO - DAG(s) 'flights_ops_medallion_pipe' retrieved from /opt/airflow/dags/flight-pipeline.py
[2026-05-02T04:27:17.585+0000] {logging_mixin.py:188} INFO - [2026-05-02T04:27:17.584+0000] {dag.py:3089} INFO - Sync 1 DAGs
[2026-05-02T04:27:17.607+0000] {logging_mixin.py:188} INFO - [2026-05-02T04:27:17.607+0000] {dag.py:3947} INFO - Setting next_dagrun for flights_ops_medallion_pipe to 2026-05-02 04:00:00+00:00, run_after=2026-05-02 04:30:00+00:00
[2026-05-02T04:27:17.630+0000] {processor.py:183} INFO - Processing /opt/airflow/dags/flight-pipeline.py took 0.952 seconds
[2026-05-02T04:27:47.887+0000] {processor.py:161} INFO - Started process (PID=9362) to work on /opt/airflow/dags/flight-pipeline.py
[2026-05-02T04:27:47.890+0000] {processor.py:830} INFO - Processing file /opt/airflow/dags/flight-pipeline.py for tasks to queue
[2026-05-02T04:27:47.891+0000] {logging_mixin.py:188} INFO - [2026-05-02T04:27:47.891+0000] {dagbag.py:545} INFO - Filling up the DagBag from /opt/airflow/dags/flight-pipeline.py
[2026-05-02T04:27:48.640+0000] {processor.py:840} INFO - DAG(s) 'flights_ops_medallion_pipe' retrieved from /opt/airflow/dags/flight-pipeline.py
[2026-05-02T04:27:48.673+0000] {logging_mixin.py:188} INFO - [2026-05-02T04:27:48.673+0000] {dag.py:3089} INFO - Sync 1 DAGs
[2026-05-02T04:27:48.696+0000] {logging_mixin.py:188} INFO - [2026-05-02T04:27:48.696+0000] {dag.py:3947} INFO - Setting next_dagrun for flights_ops_medallion_pipe to 2026-05-02 04:00:00+00:00, run_after=2026-05-02 04:30:00+00:00
[2026-05-02T04:27:48.715+0000] {processor.py:183} INFO - Processing /opt/airflow/dags/flight-pipeline.py took 0.835 seconds
[2026-05-02T04:28:19.012+0000] {processor.py:161} INFO - Started process (PID=9365) to work on /opt/airflow/dags/flight-pipeline.py
[2026-05-02T04:28:19.014+0000] {processor.py:830} INFO - Processing file /opt/airflow/dags/flight-pipeline.py for tasks to queue
[2026-05-02T04:28:19.016+0000] {logging_mixin.py:188} INFO - [2026-05-02T04:28:19.015+0000] {dagbag.py:545} INFO - Filling up the DagBag from /opt/airflow/dags/flight-pipeline.py
[2026-05-02T04:28:19.785+0000] {processor.py:840} INFO - DAG(s) 'flights_ops_medallion_pipe' retrieved from /opt/airflow/dags/flight-pipeline.py
[2026-05-02T04:28:19.820+0000] {logging_mixin.py:188} INFO - [2026-05-02T04:28:19.819+0000] {dag.py:3089} INFO - Sync 1 DAGs
[2026-05-02T04:28:19.844+0000] {logging_mixin.py:188} INFO - [2026-05-02T04:28:19.843+0000] {dag.py:3947} INFO - Setting next_dagrun for flights_ops_medallion_pipe to 2026-05-02 04:00:00+00:00, run_after=2026-05-02 04:30:00+00:00
[2026-05-02T04:28:19.864+0000] {processor.py:183} INFO - Processing /opt/airflow/dags/flight-pipeline.py took 0.860 seconds
[2026-05-02T04:28:50.146+0000] {processor.py:161} INFO - Started process (PID=9368) to work on /opt/airflow/dags/flight-pipeline.py
[2026-05-02T04:28:50.148+0000] {processor.py:830} INFO - Processing file /opt/airflow/dags/flight-pipeline.py for tasks to queue
[2026-05-02T04:28:50.149+0000] {logging_mixin.py:188} INFO - [2026-05-02T04:28:50.149+0000] {dagbag.py:545} INFO - Filling up the DagBag from /opt/airflow/dags/flight-pipeline.py
[2026-05-02T04:28:51.310+0000] {processor.py:840} INFO - DAG(s) 'flights_ops_medallion_pipe' retrieved from /opt/airflow/dags/flight-pipeline.py
[2026-05-02T04:28:51.360+0000] {logging_mixin.py:188} INFO - [2026-05-02T04:28:51.359+0000] {dag.py:3089} INFO - Sync 1 DAGs
[2026-05-02T04:28:51.394+0000] {logging_mixin.py:188} INFO - [2026-05-02T04:28:51.394+0000] {dag.py:3947} INFO - Setting next_dagrun for flights_ops_medallion_pipe to 2026-05-02 04:00:00+00:00, run_after=2026-05-02 04:30:00+00:00
[2026-05-02T04:28:51.631+0000] {processor.py:183} INFO - Processing /opt/airflow/dags/flight-pipeline.py took 1.494 seconds
[2026-05-02T04:29:21.883+0000] {processor.py:161} INFO - Started process (PID=9371) to work on /opt/airflow/dags/flight-pipeline.py
[2026-05-02T04:29:21.885+0000] {processor.py:830} INFO - Processing file /opt/airflow/dags/flight-pipeline.py for tasks to queue
[2026-05-02T04:29:21.886+0000] {logging_mixin.py:188} INFO - [2026-05-02T04:29:21.886+0000] {dagbag.py:545} INFO - Filling up the DagBag from /opt/airflow/dags/flight-pipeline.py
[2026-05-02T04:29:22.602+0000] {processor.py:840} INFO - DAG(s) 'flights_ops_medallion_pipe' retrieved from /opt/airflow/dags/flight-pipeline.py
[2026-05-02T04:29:22.638+0000] {logging_mixin.py:188} INFO - [2026-05-02T04:29:22.637+0000] {dag.py:3089} INFO - Sync 1 DAGs
[2026-05-02T04:29:22.822+0000] {logging_mixin.py:188} INFO - [2026-05-02T04:29:22.822+0000] {dag.py:3947} INFO - Setting next_dagrun for flights_ops_medallion_pipe to 2026-05-02 04:00:00+00:00, run_after=2026-05-02 04:30:00+00:00
[2026-05-02T04:29:22.845+0000] {processor.py:183} INFO - Processing /opt/airflow/dags/flight-pipeline.py took 0.971 seconds
[2026-05-02T04:29:53.141+0000] {processor.py:161} INFO - Started process (PID=9374) to work on /opt/airflow/dags/flight-pipeline.py
[2026-05-02T04:29:53.143+0000] {processor.py:830} INFO - Processing file /opt/airflow/dags/flight-pipeline.py for tasks to queue
[2026-05-02T04:29:53.144+0000] {logging_mixin.py:188} INFO - [2026-05-02T04:29:53.144+0000] {dagbag.py:545} INFO - Filling up the DagBag from /opt/airflow/dags/flight-pipeline.py
[2026-05-02T04:29:53.811+0000] {processor.py:840} INFO - DAG(s) 'flights_ops_medallion_pipe' retrieved from /opt/airflow/dags/flight-pipeline.py
[2026-05-02T04:29:53.999+0000] {logging_mixin.py:188} INFO - [2026-05-02T04:29:53.998+0000] {dag.py:3089} INFO - Sync 1 DAGs
[2026-05-02T04:29:54.026+0000] {logging_mixin.py:188} INFO - [2026-05-02T04:29:54.026+0000] {dag.py:3947} INFO - Setting next_dagrun for flights_ops_medallion_pipe to 2026-05-02 04:00:00+00:00, run_after=2026-05-02 04:30:00+00:00
[2026-05-02T04:29:54.045+0000] {processor.py:183} INFO - Processing /opt/airflow/dags/flight-pipeline.py took 0.913 seconds
[2026-05-02T04:30:24.319+0000] {processor.py:161} INFO - Started process (PID=9421) to work on /opt/airflow/dags/flight-pipeline.py
[2026-05-02T04:30:24.324+0000] {processor.py:830} INFO - Processing file /opt/airflow/dags/flight-pipeline.py for tasks to queue
[2026-05-02T04:30:24.325+0000] {logging_mixin.py:188} INFO - [2026-05-02T04:30:24.324+0000] {dagbag.py:545} INFO - Filling up the DagBag from /opt/airflow/dags/flight-pipeline.py
[2026-05-02T04:30:26.716+0000] {processor.py:840} INFO - DAG(s) 'flights_ops_medallion_pipe' retrieved from /opt/airflow/dags/flight-pipeline.py
[2026-05-02T04:30:28.812+0000] {logging_mixin.py:188} INFO - [2026-05-02T04:30:28.811+0000] {dag.py:3089} INFO - Sync 1 DAGs
[2026-05-02T04:30:28.900+0000] {logging_mixin.py:188} INFO - [2026-05-02T04:30:28.899+0000] {dag.py:3947} INFO - Setting next_dagrun for flights_ops_medallion_pipe to 2026-05-02 04:30:00+00:00, run_after=2026-05-02 05:00:00+00:00
[2026-05-02T04:30:28.948+0000] {processor.py:183} INFO - Processing /opt/airflow/dags/flight-pipeline.py took 4.679 seconds
[2026-05-02T04:30:59.196+0000] {processor.py:161} INFO - Started process (PID=9424) to work on /opt/airflow/dags/flight-pipeline.py
[2026-05-02T04:30:59.199+0000] {processor.py:830} INFO - Processing file /opt/airflow/dags/flight-pipeline.py for tasks to queue
[2026-05-02T04:30:59.200+0000] {logging_mixin.py:188} INFO - [2026-05-02T04:30:59.199+0000] {dagbag.py:545} INFO - Filling up the DagBag from /opt/airflow/dags/flight-pipeline.py
[2026-05-02T04:31:00.297+0000] {processor.py:840} INFO - DAG(s) 'flights_ops_medallion_pipe' retrieved from /opt/airflow/dags/flight-pipeline.py
[2026-05-02T04:31:00.332+0000] {logging_mixin.py:188} INFO - [2026-05-02T04:31:00.331+0000] {dag.py:3089} INFO - Sync 1 DAGs
[2026-05-02T04:31:00.355+0000] {logging_mixin.py:188} INFO - [2026-05-02T04:31:00.355+0000] {dag.py:3947} INFO - Setting next_dagrun for flights_ops_medallion_pipe to 2026-05-02 04:30:00+00:00, run_after=2026-05-02 05:00:00+00:00
[2026-05-02T04:31:00.374+0000] {processor.py:183} INFO - Processing /opt/airflow/dags/flight-pipeline.py took 1.186 seconds
[2026-05-02T04:31:30.504+0000] {processor.py:161} INFO - Started process (PID=9427) to work on /opt/airflow/dags/flight-pipeline.py
[2026-05-02T04:31:30.507+0000] {processor.py:830} INFO - Processing file /opt/airflow/dags/flight-pipeline.py for tasks to queue
[2026-05-02T04:31:30.508+0000] {logging_mixin.py:188} INFO - [2026-05-02T04:31:30.507+0000] {dagbag.py:545} INFO - Filling up the DagBag from /opt/airflow/dags/flight-pipeline.py
[2026-05-02T04:31:31.231+0000] {processor.py:840} INFO - DAG(s) 'flights_ops_medallion_pipe' retrieved from /opt/airflow/dags/flight-pipeline.py
[2026-05-02T04:31:31.265+0000] {logging_mixin.py:188} INFO - [2026-05-02T04:31:31.265+0000] {dag.py:3089} INFO - Sync 1 DAGs
[2026-05-02T04:31:31.288+0000] {logging_mixin.py:188} INFO - [2026-05-02T04:31:31.287+0000] {dag.py:3947} INFO - Setting next_dagrun for flights_ops_medallion_pipe to 2026-05-02 04:30:00+00:00, run_after=2026-05-02 05:00:00+00:00
[2026-05-02T04:31:31.305+0000] {processor.py:183} INFO - Processing /opt/airflow/dags/flight-pipeline.py took 0.820 seconds
[2026-05-02T04:32:01.583+0000] {processor.py:161} INFO - Started process (PID=9430) to work on /opt/airflow/dags/flight-pipeline.py
[2026-05-02T04:32:01.586+0000] {processor.py:830} INFO - Processing file /opt/airflow/dags/flight-pipeline.py for tasks to queue
[2026-05-02T04:32:01.587+0000] {logging_mixin.py:188} INFO - [2026-05-02T04:32:01.587+0000] {dagbag.py:545} INFO - Filling up the DagBag from /opt/airflow/dags/flight-pipeline.py
[2026-05-02T04:32:02.327+0000] {processor.py:840} INFO - DAG(s) 'flights_ops_medallion_pipe' retrieved from /opt/airflow/dags/flight-pipeline.py
[2026-05-02T04:32:02.361+0000] {logging_mixin.py:188} INFO - [2026-05-02T04:32:02.361+0000] {dag.py:3089} INFO - Sync 1 DAGs
[2026-05-02T04:32:02.388+0000] {logging_mixin.py:188} INFO - [2026-05-02T04:32:02.388+0000] {dag.py:3947} INFO - Setting next_dagrun for flights_ops_medallion_pipe to 2026-05-02 04:30:00+00:00, run_after=2026-05-02 05:00:00+00:00
[2026-05-02T04:32:02.572+0000] {processor.py:183} INFO - Processing /opt/airflow/dags/flight-pipeline.py took 0.998 seconds
[2026-05-02T04:32:32.827+0000] {processor.py:161} INFO - Started process (PID=9433) to work on /opt/airflow/dags/flight-pipeline.py
[2026-05-02T04:32:32.829+0000] {processor.py:830} INFO - Processing file /opt/airflow/dags/flight-pipeline.py for tasks to queue
[2026-05-02T04:32:32.831+0000] {logging_mixin.py:188} INFO - [2026-05-02T04:32:32.830+0000] {dagbag.py:545} INFO - Filling up the DagBag from /opt/airflow/dags/flight-pipeline.py
[2026-05-02T04:32:33.470+0000] {processor.py:840} INFO - DAG(s) 'flights_ops_medallion_pipe' retrieved from /opt/airflow/dags/flight-pipeline.py
[2026-05-02T04:32:33.505+0000] {logging_mixin.py:188} INFO - [2026-05-02T04:32:33.505+0000] {dag.py:3089} INFO - Sync 1 DAGs
[2026-05-02T04:32:33.689+0000] {logging_mixin.py:188} INFO - [2026-05-02T04:32:33.688+0000] {dag.py:3947} INFO - Setting next_dagrun for flights_ops_medallion_pipe to 2026-05-02 04:30:00+00:00, run_after=2026-05-02 05:00:00+00:00
[2026-05-02T04:32:33.709+0000] {processor.py:183} INFO - Processing /opt/airflow/dags/flight-pipeline.py took 0.890 seconds
[2026-05-02T04:33:03.994+0000] {processor.py:161} INFO - Started process (PID=9436) to work on /opt/airflow/dags/flight-pipeline.py
[2026-05-02T04:33:03.996+0000] {processor.py:830} INFO - Processing file /opt/airflow/dags/flight-pipeline.py for tasks to queue
[2026-05-02T04:33:03.997+0000] {logging_mixin.py:188} INFO - [2026-05-02T04:33:03.997+0000] {dagbag.py:545} INFO - Filling up the DagBag from /opt/airflow/dags/flight-pipeline.py
[2026-05-02T04:33:04.681+0000] {processor.py:840} INFO - DAG(s) 'flights_ops_medallion_pipe' retrieved from /opt/airflow/dags/flight-pipeline.py
[2026-05-02T04:33:04.878+0000] {logging_mixin.py:188} INFO - [2026-05-02T04:33:04.877+0000] {dag.py:3089} INFO - Sync 1 DAGs
[2026-05-02T04:33:04.902+0000] {logging_mixin.py:188} INFO - [2026-05-02T04:33:04.901+0000] {dag.py:3947} INFO - Setting next_dagrun for flights_ops_medallion_pipe to 2026-05-02 04:30:00+00:00, run_after=2026-05-02 05:00:00+00:00
[2026-05-02T04:33:04.920+0000] {processor.py:183} INFO - Processing /opt/airflow/dags/flight-pipeline.py took 0.935 seconds
[2026-05-02T04:33:35.220+0000] {processor.py:161} INFO - Started process (PID=9439) to work on /opt/airflow/dags/flight-pipeline.py
[2026-05-02T04:33:35.223+0000] {processor.py:830} INFO - Processing file /opt/airflow/dags/flight-pipeline.py for tasks to queue
[2026-05-02T04:33:35.224+0000] {logging_mixin.py:188} INFO - [2026-05-02T04:33:35.223+0000] {dagbag.py:545} INFO - Filling up the DagBag from /opt/airflow/dags/flight-pipeline.py
[2026-05-02T04:33:35.907+0000] {processor.py:840} INFO - DAG(s) 'flights_ops_medallion_pipe' retrieved from /opt/airflow/dags/flight-pipeline.py
[2026-05-02T04:33:35.941+0000] {logging_mixin.py:188} INFO - [2026-05-02T04:33:35.940+0000] {dag.py:3089} INFO - Sync 1 DAGs
[2026-05-02T04:33:35.963+0000] {logging_mixin.py:188} INFO - [2026-05-02T04:33:35.963+0000] {dag.py:3947} INFO - Setting next_dagrun for flights_ops_medallion_pipe to 2026-05-02 04:30:00+00:00, run_after=2026-05-02 05:00:00+00:00
[2026-05-02T04:33:35.984+0000] {processor.py:183} INFO - Processing /opt/airflow/dags/flight-pipeline.py took 0.772 seconds
[2026-05-02T04:34:06.264+0000] {processor.py:161} INFO - Started process (PID=9442) to work on /opt/airflow/dags/flight-pipeline.py
[2026-05-02T04:34:06.266+0000] {processor.py:830} INFO - Processing file /opt/airflow/dags/flight-pipeline.py for tasks to queue
[2026-05-02T04:34:06.267+0000] {logging_mixin.py:188} INFO - [2026-05-02T04:34:06.267+0000] {dagbag.py:545} INFO - Filling up the DagBag from /opt/airflow/dags/flight-pipeline.py
[2026-05-02T04:34:06.912+0000] {processor.py:840} INFO - DAG(s) 'flights_ops_medallion_pipe' retrieved from /opt/airflow/dags/flight-pipeline.py
[2026-05-02T04:34:06.944+0000] {logging_mixin.py:188} INFO - [2026-05-02T04:34:06.944+0000] {dag.py:3089} INFO - Sync 1 DAGs
[2026-05-02T04:34:06.967+0000] {logging_mixin.py:188} INFO - [2026-05-02T04:34:06.966+0000] {dag.py:3947} INFO - Setting next_dagrun for flights_ops_medallion_pipe to 2026-05-02 04:30:00+00:00, run_after=2026-05-02 05:00:00+00:00
[2026-05-02T04:34:06.984+0000] {processor.py:183} INFO - Processing /opt/airflow/dags/flight-pipeline.py took 0.730 seconds
[2026-05-02T04:34:37.263+0000] {processor.py:161} INFO - Started process (PID=9445) to work on /opt/airflow/dags/flight-pipeline.py
[2026-05-02T04:34:37.267+0000] {processor.py:830} INFO - Processing file /opt/airflow/dags/flight-pipeline.py for tasks to queue
[2026-05-02T04:34:37.271+0000] {logging_mixin.py:188} INFO - [2026-05-02T04:34:37.270+0000] {dagbag.py:545} INFO - Filling up the DagBag from /opt/airflow/dags/flight-pipeline.py
[2026-05-02T04:34:38.335+0000] {processor.py:840} INFO - DAG(s) 'flights_ops_medallion_pipe' retrieved from /opt/airflow/dags/flight-pipeline.py
[2026-05-02T04:34:38.372+0000] {logging_mixin.py:188} INFO - [2026-05-02T04:34:38.371+0000] {dag.py:3089} INFO - Sync 1 DAGs
[2026-05-02T04:34:38.398+0000] {logging_mixin.py:188} INFO - [2026-05-02T04:34:38.398+0000] {dag.py:3947} INFO - Setting next_dagrun for flights_ops_medallion_pipe to 2026-05-02 04:30:00+00:00, run_after=2026-05-02 05:00:00+00:00
[2026-05-02T04:34:38.420+0000] {processor.py:183} INFO - Processing /opt/airflow/dags/flight-pipeline.py took 1.180 seconds
[2026-05-02T04:35:08.609+0000] {processor.py:161} INFO - Started process (PID=9448) to work on /opt/airflow/dags/flight-pipeline.py
[2026-05-02T04:35:08.614+0000] {processor.py:830} INFO - Processing file /opt/airflow/dags/flight-pipeline.py for tasks to queue
[2026-05-02T04:35:08.618+0000] {logging_mixin.py:188} INFO - [2026-05-02T04:35:08.617+0000] {dagbag.py:545} INFO - Filling up the DagBag from /opt/airflow/dags/flight-pipeline.py
[2026-05-02T04:35:10.005+0000] {processor.py:840} INFO - DAG(s) 'flights_ops_medallion_pipe' retrieved from /opt/airflow/dags/flight-pipeline.py
[2026-05-02T04:35:10.074+0000] {logging_mixin.py:188} INFO - [2026-05-02T04:35:10.073+0000] {dag.py:3089} INFO - Sync 1 DAGs
[2026-05-02T04:35:10.345+0000] {logging_mixin.py:188} INFO - [2026-05-02T04:35:10.345+0000] {dag.py:3947} INFO - Setting next_dagrun for flights_ops_medallion_pipe to 2026-05-02 04:30:00+00:00, run_after=2026-05-02 05:00:00+00:00
[2026-05-02T04:35:10.366+0000] {processor.py:183} INFO - Processing /opt/airflow/dags/flight-pipeline.py took 1.783 seconds
[2026-05-02T04:35:40.593+0000] {processor.py:161} INFO - Started process (PID=9451) to work on /opt/airflow/dags/flight-pipeline.py
[2026-05-02T04:35:40.601+0000] {processor.py:830} INFO - Processing file /opt/airflow/dags/flight-pipeline.py for tasks to queue
[2026-05-02T04:35:40.602+0000] {logging_mixin.py:188} INFO - [2026-05-02T04:35:40.602+0000] {dagbag.py:545} INFO - Filling up the DagBag from /opt/airflow/dags/flight-pipeline.py
[2026-05-02T04:35:41.288+0000] {processor.py:840} INFO - DAG(s) 'flights_ops_medallion_pipe' retrieved from /opt/airflow/dags/flight-pipeline.py
[2026-05-02T04:35:41.322+0000] {logging_mixin.py:188} INFO - [2026-05-02T04:35:41.322+0000] {dag.py:3089} INFO - Sync 1 DAGs
[2026-05-02T04:35:41.493+0000] {logging_mixin.py:188} INFO - [2026-05-02T04:35:41.493+0000] {dag.py:3947} INFO - Setting next_dagrun for flights_ops_medallion_pipe to 2026-05-02 04:30:00+00:00, run_after=2026-05-02 05:00:00+00:00
[2026-05-02T04:35:41.509+0000] {processor.py:183} INFO - Processing /opt/airflow/dags/flight-pipeline.py took 0.925 seconds
[2026-05-02T04:36:11.759+0000] {processor.py:161} INFO - Started process (PID=9454) to work on /opt/airflow/dags/flight-pipeline.py
[2026-05-02T04:36:11.763+0000] {processor.py:830} INFO - Processing file /opt/airflow/dags/flight-pipeline.py for tasks to queue
[2026-05-02T04:36:11.765+0000] {logging_mixin.py:188} INFO - [2026-05-02T04:36:11.764+0000] {dagbag.py:545} INFO - Filling up the DagBag from /opt/airflow/dags/flight-pipeline.py
[2026-05-02T04:36:12.453+0000] {processor.py:840} INFO - DAG(s) 'flights_ops_medallion_pipe' retrieved from /opt/airflow/dags/flight-pipeline.py
[2026-05-02T04:36:12.645+0000] {logging_mixin.py:188} INFO - [2026-05-02T04:36:12.644+0000] {dag.py:3089} INFO - Sync 1 DAGs
[2026-05-02T04:36:12.670+0000] {logging_mixin.py:188} INFO - [2026-05-02T04:36:12.670+0000] {dag.py:3947} INFO - Setting next_dagrun for flights_ops_medallion_pipe to 2026-05-02 04:30:00+00:00, run_after=2026-05-02 05:00:00+00:00
[2026-05-02T04:36:12.691+0000] {processor.py:183} INFO - Processing /opt/airflow/dags/flight-pipeline.py took 0.940 seconds
[2026-05-02T04:36:42.957+0000] {processor.py:161} INFO - Started process (PID=9457) to work on /opt/airflow/dags/flight-pipeline.py
[2026-05-02T04:36:42.959+0000] {processor.py:830} INFO - Processing file /opt/airflow/dags/flight-pipeline.py for tasks to queue
[2026-05-02T04:36:42.960+0000] {logging_mixin.py:188} INFO - [2026-05-02T04:36:42.960+0000] {dagbag.py:545} INFO - Filling up the DagBag from /opt/airflow/dags/flight-pipeline.py
[2026-05-02T04:36:43.588+0000] {processor.py:840} INFO - DAG(s) 'flights_ops_medallion_pipe' retrieved from /opt/airflow/dags/flight-pipeline.py
[2026-05-02T04:36:43.620+0000] {logging_mixin.py:188} INFO - [2026-05-02T04:36:43.620+0000] {dag.py:3089} INFO - Sync 1 DAGs
[2026-05-02T04:36:43.643+0000] {logging_mixin.py:188} INFO - [2026-05-02T04:36:43.643+0000] {dag.py:3947} INFO - Setting next_dagrun for flights_ops_medallion_pipe to 2026-05-02 04:30:00+00:00, run_after=2026-05-02 05:00:00+00:00
[2026-05-02T04:36:43.662+0000] {processor.py:183} INFO - Processing /opt/airflow/dags/flight-pipeline.py took 0.715 seconds
[2026-05-02T04:37:13.932+0000] {processor.py:161} INFO - Started process (PID=9460) to work on /opt/airflow/dags/flight-pipeline.py
[2026-05-02T04:37:13.934+0000] {processor.py:830} INFO - Processing file /opt/airflow/dags/flight-pipeline.py for tasks to queue
[2026-05-02T04:37:13.935+0000] {logging_mixin.py:188} INFO - [2026-05-02T04:37:13.935+0000] {dagbag.py:545} INFO - Filling up the DagBag from /opt/airflow/dags/flight-pipeline.py
[2026-05-02T04:37:14.596+0000] {processor.py:840} INFO - DAG(s) 'flights_ops_medallion_pipe' retrieved from /opt/airflow/dags/flight-pipeline.py
[2026-05-02T04:37:14.630+0000] {logging_mixin.py:188} INFO - [2026-05-02T04:37:14.629+0000] {dag.py:3089} INFO - Sync 1 DAGs
[2026-05-02T04:37:14.652+0000] {logging_mixin.py:188} INFO - [2026-05-02T04:37:14.652+0000] {dag.py:3947} INFO - Setting next_dagrun for flights_ops_medallion_pipe to 2026-05-02 04:30:00+00:00, run_after=2026-05-02 05:00:00+00:00
[2026-05-02T04:37:14.671+0000] {processor.py:183} INFO - Processing /opt/airflow/dags/flight-pipeline.py took 0.748 seconds
[2026-05-02T04:37:44.857+0000] {processor.py:161} INFO - Started process (PID=9463) to work on /opt/airflow/dags/flight-pipeline.py
[2026-05-02T04:37:44.859+0000] {processor.py:830} INFO - Processing file /opt/airflow/dags/flight-pipeline.py for tasks to queue
[2026-05-02T04:37:44.861+0000] {logging_mixin.py:188} INFO - [2026-05-02T04:37:44.860+0000] {dagbag.py:545} INFO - Filling up the DagBag from /opt/airflow/dags/flight-pipeline.py
[2026-05-02T04:37:45.494+0000] {processor.py:840} INFO - DAG(s) 'flights_ops_medallion_pipe' retrieved from /opt/airflow/dags/flight-pipeline.py
[2026-05-02T04:37:45.526+0000] {logging_mixin.py:188} INFO - [2026-05-02T04:37:45.526+0000] {dag.py:3089} INFO - Sync 1 DAGs
[2026-05-02T04:37:45.549+0000] {logging_mixin.py:188} INFO - [2026-05-02T04:37:45.549+0000] {dag.py:3947} INFO - Setting next_dagrun for flights_ops_medallion_pipe to 2026-05-02 04:30:00+00:00, run_after=2026-05-02 05:00:00+00:00
[2026-05-02T04:37:45.568+0000] {processor.py:183} INFO - Processing /opt/airflow/dags/flight-pipeline.py took 0.720 seconds
[2026-05-02T04:38:15.834+0000] {processor.py:161} INFO - Started process (PID=9466) to work on /opt/airflow/dags/flight-pipeline.py
[2026-05-02T04:38:15.837+0000] {processor.py:830} INFO - Processing file /opt/airflow/dags/flight-pipeline.py for tasks to queue
[2026-05-02T04:38:15.839+0000] {logging_mixin.py:188} INFO - [2026-05-02T04:38:15.838+0000] {dagbag.py:545} INFO - Filling up the DagBag from /opt/airflow/dags/flight-pipeline.py
[2026-05-02T04:38:16.498+0000] {processor.py:840} INFO - DAG(s) 'flights_ops_medallion_pipe' retrieved from /opt/airflow/dags/flight-pipeline.py
[2026-05-02T04:38:16.531+0000] {logging_mixin.py:188} INFO - [2026-05-02T04:38:16.530+0000] {dag.py:3089} INFO - Sync 1 DAGs
[2026-05-02T04:38:16.709+0000] {logging_mixin.py:188} INFO - [2026-05-02T04:38:16.709+0000] {dag.py:3947} INFO - Setting next_dagrun for flights_ops_medallion_pipe to 2026-05-02 04:30:00+00:00, run_after=2026-05-02 05:00:00+00:00
[2026-05-02T04:38:16.731+0000] {processor.py:183} INFO - Processing /opt/airflow/dags/flight-pipeline.py took 0.905 seconds
[2026-05-02T04:38:46.976+0000] {processor.py:161} INFO - Started process (PID=9469) to work on /opt/airflow/dags/flight-pipeline.py
[2026-05-02T04:38:46.986+0000] {processor.py:830} INFO - Processing file /opt/airflow/dags/flight-pipeline.py for tasks to queue
[2026-05-02T04:38:46.987+0000] {logging_mixin.py:188} INFO - [2026-05-02T04:38:46.987+0000] {dagbag.py:545} INFO - Filling up the DagBag from /opt/airflow/dags/flight-pipeline.py
[2026-05-02T04:38:48.115+0000] {processor.py:840} INFO - DAG(s) 'flights_ops_medallion_pipe' retrieved from /opt/airflow/dags/flight-pipeline.py
[2026-05-02T04:38:48.554+0000] {logging_mixin.py:188} INFO - [2026-05-02T04:38:48.554+0000] {dag.py:3089} INFO - Sync 1 DAGs
[2026-05-02T04:38:48.582+0000] {logging_mixin.py:188} INFO - [2026-05-02T04:38:48.582+0000] {dag.py:3947} INFO - Setting next_dagrun for flights_ops_medallion_pipe to 2026-05-02 04:30:00+00:00, run_after=2026-05-02 05:00:00+00:00
[2026-05-02T04:38:48.608+0000] {processor.py:183} INFO - Processing /opt/airflow/dags/flight-pipeline.py took 1.648 seconds
[2026-05-02T04:39:18.808+0000] {processor.py:161} INFO - Started process (PID=9472) to work on /opt/airflow/dags/flight-pipeline.py
[2026-05-02T04:39:18.818+0000] {processor.py:830} INFO - Processing file /opt/airflow/dags/flight-pipeline.py for tasks to queue
[2026-05-02T04:39:18.819+0000] {logging_mixin.py:188} INFO - [2026-05-02T04:39:18.818+0000] {dagbag.py:545} INFO - Filling up the DagBag from /opt/airflow/dags/flight-pipeline.py
[2026-05-02T04:39:19.532+0000] {processor.py:840} INFO - DAG(s) 'flights_ops_medallion_pipe' retrieved from /opt/airflow/dags/flight-pipeline.py
[2026-05-02T04:39:19.734+0000] {logging_mixin.py:188} INFO - [2026-05-02T04:39:19.733+0000] {dag.py:3089} INFO - Sync 1 DAGs
[2026-05-02T04:39:19.756+0000] {logging_mixin.py:188} INFO - [2026-05-02T04:39:19.756+0000] {dag.py:3947} INFO - Setting next_dagrun for flights_ops_medallion_pipe to 2026-05-02 04:30:00+00:00, run_after=2026-05-02 05:00:00+00:00
[2026-05-02T04:39:19.774+0000] {processor.py:183} INFO - Processing /opt/airflow/dags/flight-pipeline.py took 0.973 seconds
[2026-05-02T04:39:49.990+0000] {processor.py:161} INFO - Started process (PID=9475) to work on /opt/airflow/dags/flight-pipeline.py
[2026-05-02T04:39:49.999+0000] {processor.py:830} INFO - Processing file /opt/airflow/dags/flight-pipeline.py for tasks to queue
[2026-05-02T04:39:50.001+0000] {logging_mixin.py:188} INFO - [2026-05-02T04:39:50.000+0000] {dagbag.py:545} INFO - Filling up the DagBag from /opt/airflow/dags/flight-pipeline.py
[2026-05-02T04:39:50.766+0000] {processor.py:840} INFO - DAG(s) 'flights_ops_medallion_pipe' retrieved from /opt/airflow/dags/flight-pipeline.py
[2026-05-02T04:39:50.799+0000] {logging_mixin.py:188} INFO - [2026-05-02T04:39:50.799+0000] {dag.py:3089} INFO - Sync 1 DAGs
[2026-05-02T04:39:50.826+0000] {logging_mixin.py:188} INFO - [2026-05-02T04:39:50.826+0000] {dag.py:3947} INFO - Setting next_dagrun for flights_ops_medallion_pipe to 2026-05-02 04:30:00+00:00, run_after=2026-05-02 05:00:00+00:00
[2026-05-02T04:39:50.861+0000] {processor.py:183} INFO - Processing /opt/airflow/dags/flight-pipeline.py took 0.879 seconds
[2026-05-02T04:40:20.986+0000] {processor.py:161} INFO - Started process (PID=9478) to work on /opt/airflow/dags/flight-pipeline.py
[2026-05-02T04:40:21.004+0000] {processor.py:830} INFO - Processing file /opt/airflow/dags/flight-pipeline.py for tasks to queue
[2026-05-02T04:40:21.007+0000] {logging_mixin.py:188} INFO - [2026-05-02T04:40:21.006+0000] {dagbag.py:545} INFO - Filling up the DagBag from /opt/airflow/dags/flight-pipeline.py
[2026-05-02T04:40:22.280+0000] {processor.py:840} INFO - DAG(s) 'flights_ops_medallion_pipe' retrieved from /opt/airflow/dags/flight-pipeline.py
[2026-05-02T04:40:22.329+0000] {logging_mixin.py:188} INFO - [2026-05-02T04:40:22.328+0000] {dag.py:3089} INFO - Sync 1 DAGs
[2026-05-02T04:40:22.370+0000] {logging_mixin.py:188} INFO - [2026-05-02T04:40:22.370+0000] {dag.py:3947} INFO - Setting next_dagrun for flights_ops_medallion_pipe to 2026-05-02 04:30:00+00:00, run_after=2026-05-02 05:00:00+00:00
[2026-05-02T04:40:22.397+0000] {processor.py:183} INFO - Processing /opt/airflow/dags/flight-pipeline.py took 1.423 seconds
[2026-05-02T04:40:52.661+0000] {processor.py:161} INFO - Started process (PID=9481) to work on /opt/airflow/dags/flight-pipeline.py
[2026-05-02T04:40:52.669+0000] {processor.py:830} INFO - Processing file /opt/airflow/dags/flight-pipeline.py for tasks to queue
[2026-05-02T04:40:52.671+0000] {logging_mixin.py:188} INFO - [2026-05-02T04:40:52.670+0000] {dagbag.py:545} INFO - Filling up the DagBag from /opt/airflow/dags/flight-pipeline.py
[2026-05-02T04:40:53.388+0000] {processor.py:840} INFO - DAG(s) 'flights_ops_medallion_pipe' retrieved from /opt/airflow/dags/flight-pipeline.py
[2026-05-02T04:40:53.420+0000] {logging_mixin.py:188} INFO - [2026-05-02T04:40:53.420+0000] {dag.py:3089} INFO - Sync 1 DAGs
[2026-05-02T04:40:53.446+0000] {logging_mixin.py:188} INFO - [2026-05-02T04:40:53.446+0000] {dag.py:3947} INFO - Setting next_dagrun for flights_ops_medallion_pipe to 2026-05-02 04:30:00+00:00, run_after=2026-05-02 05:00:00+00:00
[2026-05-02T04:40:53.625+0000] {processor.py:183} INFO - Processing /opt/airflow/dags/flight-pipeline.py took 0.971 seconds
[2026-05-02T04:41:23.795+0000] {processor.py:161} INFO - Started process (PID=9484) to work on /opt/airflow/dags/flight-pipeline.py
[2026-05-02T04:41:23.805+0000] {processor.py:830} INFO - Processing file /opt/airflow/dags/flight-pipeline.py for tasks to queue
[2026-05-02T04:41:23.809+0000] {logging_mixin.py:188} INFO - [2026-05-02T04:41:23.808+0000] {dagbag.py:545} INFO - Filling up the DagBag from /opt/airflow/dags/flight-pipeline.py
[2026-05-02T04:41:24.672+0000] {processor.py:840} INFO - DAG(s) 'flights_ops_medallion_pipe' retrieved from /opt/airflow/dags/flight-pipeline.py
[2026-05-02T04:41:24.726+0000] {logging_mixin.py:188} INFO - [2026-05-02T04:41:24.725+0000] {dag.py:3089} INFO - Sync 1 DAGs
[2026-05-02T04:41:25.325+0000] {logging_mixin.py:188} INFO - [2026-05-02T04:41:25.325+0000] {dag.py:3947} INFO - Setting next_dagrun for flights_ops_medallion_pipe to 2026-05-02 04:30:00+00:00, run_after=2026-05-02 05:00:00+00:00
[2026-05-02T04:41:25.356+0000] {processor.py:183} INFO - Processing /opt/airflow/dags/flight-pipeline.py took 1.578 seconds
[2026-05-02T04:41:55.472+0000] {processor.py:161} INFO - Started process (PID=9487) to work on /opt/airflow/dags/flight-pipeline.py
[2026-05-02T04:41:55.484+0000] {processor.py:830} INFO - Processing file /opt/airflow/dags/flight-pipeline.py for tasks to queue
[2026-05-02T04:41:55.487+0000] {logging_mixin.py:188} INFO - [2026-05-02T04:41:55.485+0000] {dagbag.py:545} INFO - Filling up the DagBag from /opt/airflow/dags/flight-pipeline.py
[2026-05-02T04:41:56.220+0000] {processor.py:840} INFO - DAG(s) 'flights_ops_medallion_pipe' retrieved from /opt/airflow/dags/flight-pipeline.py
[2026-05-02T04:41:56.473+0000] {logging_mixin.py:188} INFO - [2026-05-02T04:41:56.472+0000] {dag.py:3089} INFO - Sync 1 DAGs
[2026-05-02T04:41:56.514+0000] {logging_mixin.py:188} INFO - [2026-05-02T04:41:56.514+0000] {dag.py:3947} INFO - Setting next_dagrun for flights_ops_medallion_pipe to 2026-05-02 04:30:00+00:00, run_after=2026-05-02 05:00:00+00:00
[2026-05-02T04:41:56.547+0000] {processor.py:183} INFO - Processing /opt/airflow/dags/flight-pipeline.py took 1.085 seconds
[2026-05-02T04:42:26.719+0000] {processor.py:161} INFO - Started process (PID=9490) to work on /opt/airflow/dags/flight-pipeline.py
[2026-05-02T04:42:26.729+0000] {processor.py:830} INFO - Processing file /opt/airflow/dags/flight-pipeline.py for tasks to queue
[2026-05-02T04:42:26.731+0000] {logging_mixin.py:188} INFO - [2026-05-02T04:42:26.730+0000] {dagbag.py:545} INFO - Filling up the DagBag from /opt/airflow/dags/flight-pipeline.py
[2026-05-02T04:42:27.435+0000] {processor.py:840} INFO - DAG(s) 'flights_ops_medallion_pipe' retrieved from /opt/airflow/dags/flight-pipeline.py
[2026-05-02T04:42:27.620+0000] {logging_mixin.py:188} INFO - [2026-05-02T04:42:27.619+0000] {dag.py:3089} INFO - Sync 1 DAGs
[2026-05-02T04:42:27.643+0000] {logging_mixin.py:188} INFO - [2026-05-02T04:42:27.643+0000] {dag.py:3947} INFO - Setting next_dagrun for flights_ops_medallion_pipe to 2026-05-02 04:30:00+00:00, run_after=2026-05-02 05:00:00+00:00
[2026-05-02T04:42:27.670+0000] {processor.py:183} INFO - Processing /opt/airflow/dags/flight-pipeline.py took 0.960 seconds
[2026-05-02T04:42:57.928+0000] {processor.py:161} INFO - Started process (PID=9493) to work on /opt/airflow/dags/flight-pipeline.py
[2026-05-02T04:42:57.936+0000] {processor.py:830} INFO - Processing file /opt/airflow/dags/flight-pipeline.py for tasks to queue
[2026-05-02T04:42:57.939+0000] {logging_mixin.py:188} INFO - [2026-05-02T04:42:57.937+0000] {dagbag.py:545} INFO - Filling up the DagBag from /opt/airflow/dags/flight-pipeline.py
[2026-05-02T04:42:58.633+0000] {processor.py:840} INFO - DAG(s) 'flights_ops_medallion_pipe' retrieved from /opt/airflow/dags/flight-pipeline.py
[2026-05-02T04:42:58.667+0000] {logging_mixin.py:188} INFO - [2026-05-02T04:42:58.666+0000] {dag.py:3089} INFO - Sync 1 DAGs
[2026-05-02T04:42:58.691+0000] {logging_mixin.py:188} INFO - [2026-05-02T04:42:58.691+0000] {dag.py:3947} INFO - Setting next_dagrun for flights_ops_medallion_pipe to 2026-05-02 04:30:00+00:00, run_after=2026-05-02 05:00:00+00:00
[2026-05-02T04:42:58.711+0000] {processor.py:183} INFO - Processing /opt/airflow/dags/flight-pipeline.py took 0.792 seconds
[2026-05-02T04:43:28.964+0000] {processor.py:161} INFO - Started process (PID=9496) to work on /opt/airflow/dags/flight-pipeline.py
[2026-05-02T04:43:28.971+0000] {processor.py:830} INFO - Processing file /opt/airflow/dags/flight-pipeline.py for tasks to queue
[2026-05-02T04:43:28.973+0000] {logging_mixin.py:188} INFO - [2026-05-02T04:43:28.973+0000] {dagbag.py:545} INFO - Filling up the DagBag from /opt/airflow/dags/flight-pipeline.py
[2026-05-02T04:43:29.946+0000] {processor.py:840} INFO - DAG(s) 'flights_ops_medallion_pipe' retrieved from /opt/airflow/dags/flight-pipeline.py
[2026-05-02T04:43:29.987+0000] {logging_mixin.py:188} INFO - [2026-05-02T04:43:29.986+0000] {dag.py:3089} INFO - Sync 1 DAGs
[2026-05-02T04:43:30.018+0000] {logging_mixin.py:188} INFO - [2026-05-02T04:43:30.018+0000] {dag.py:3947} INFO - Setting next_dagrun for flights_ops_medallion_pipe to 2026-05-02 04:30:00+00:00, run_after=2026-05-02 05:00:00+00:00
[2026-05-02T04:43:30.036+0000] {processor.py:183} INFO - Processing /opt/airflow/dags/flight-pipeline.py took 1.082 seconds
[2026-05-02T04:44:00.192+0000] {processor.py:161} INFO - Started process (PID=9499) to work on /opt/airflow/dags/flight-pipeline.py
[2026-05-02T04:44:00.201+0000] {processor.py:830} INFO - Processing file /opt/airflow/dags/flight-pipeline.py for tasks to queue
[2026-05-02T04:44:00.202+0000] {logging_mixin.py:188} INFO - [2026-05-02T04:44:00.202+0000] {dagbag.py:545} INFO - Filling up the DagBag from /opt/airflow/dags/flight-pipeline.py
[2026-05-02T04:44:00.890+0000] {processor.py:840} INFO - DAG(s) 'flights_ops_medallion_pipe' retrieved from /opt/airflow/dags/flight-pipeline.py
[2026-05-02T04:44:00.924+0000] {logging_mixin.py:188} INFO - [2026-05-02T04:44:00.923+0000] {dag.py:3089} INFO - Sync 1 DAGs
[2026-05-02T04:44:00.951+0000] {logging_mixin.py:188} INFO - [2026-05-02T04:44:00.951+0000] {dag.py:3947} INFO - Setting next_dagrun for flights_ops_medallion_pipe to 2026-05-02 04:30:00+00:00, run_after=2026-05-02 05:00:00+00:00
[2026-05-02T04:44:01.179+0000] {processor.py:183} INFO - Processing /opt/airflow/dags/flight-pipeline.py took 0.995 seconds
[2026-05-02T04:44:31.425+0000] {processor.py:161} INFO - Started process (PID=9502) to work on /opt/airflow/dags/flight-pipeline.py
[2026-05-02T04:44:31.435+0000] {processor.py:830} INFO - Processing file /opt/airflow/dags/flight-pipeline.py for tasks to queue
[2026-05-02T04:44:31.437+0000] {logging_mixin.py:188} INFO - [2026-05-02T04:44:31.436+0000] {dagbag.py:545} INFO - Filling up the DagBag from /opt/airflow/dags/flight-pipeline.py
[2026-05-02T04:44:32.162+0000] {processor.py:840} INFO - DAG(s) 'flights_ops_medallion_pipe' retrieved from /opt/airflow/dags/flight-pipeline.py
[2026-05-02T04:44:32.193+0000] {logging_mixin.py:188} INFO - [2026-05-02T04:44:32.193+0000] {dag.py:3089} INFO - Sync 1 DAGs
[2026-05-02T04:44:32.372+0000] {logging_mixin.py:188} INFO - [2026-05-02T04:44:32.371+0000] {dag.py:3947} INFO - Setting next_dagrun for flights_ops_medallion_pipe to 2026-05-02 04:30:00+00:00, run_after=2026-05-02 05:00:00+00:00
[2026-05-02T04:44:32.396+0000] {processor.py:183} INFO - Processing /opt/airflow/dags/flight-pipeline.py took 0.983 seconds
[2026-05-02T04:45:02.653+0000] {processor.py:161} INFO - Started process (PID=9505) to work on /opt/airflow/dags/flight-pipeline.py
[2026-05-02T04:45:02.661+0000] {processor.py:830} INFO - Processing file /opt/airflow/dags/flight-pipeline.py for tasks to queue
[2026-05-02T04:45:02.662+0000] {logging_mixin.py:188} INFO - [2026-05-02T04:45:02.661+0000] {dagbag.py:545} INFO - Filling up the DagBag from /opt/airflow/dags/flight-pipeline.py
[2026-05-02T04:45:03.363+0000] {processor.py:840} INFO - DAG(s) 'flights_ops_medallion_pipe' retrieved from /opt/airflow/dags/flight-pipeline.py
[2026-05-02T04:45:03.574+0000] {logging_mixin.py:188} INFO - [2026-05-02T04:45:03.574+0000] {dag.py:3089} INFO - Sync 1 DAGs
[2026-05-02T04:45:03.599+0000] {logging_mixin.py:188} INFO - [2026-05-02T04:45:03.599+0000] {dag.py:3947} INFO - Setting next_dagrun for flights_ops_medallion_pipe to 2026-05-02 04:30:00+00:00, run_after=2026-05-02 05:00:00+00:00
[2026-05-02T04:45:03.619+0000] {processor.py:183} INFO - Processing /opt/airflow/dags/flight-pipeline.py took 0.974 seconds
[2026-05-02T04:45:33.955+0000] {processor.py:161} INFO - Started process (PID=9508) to work on /opt/airflow/dags/flight-pipeline.py
[2026-05-02T04:45:33.963+0000] {processor.py:830} INFO - Processing file /opt/airflow/dags/flight-pipeline.py for tasks to queue
[2026-05-02T04:45:33.964+0000] {logging_mixin.py:188} INFO - [2026-05-02T04:45:33.963+0000] {dagbag.py:545} INFO - Filling up the DagBag from /opt/airflow/dags/flight-pipeline.py
[2026-05-02T04:45:34.834+0000] {processor.py:840} INFO - DAG(s) 'flights_ops_medallion_pipe' retrieved from /opt/airflow/dags/flight-pipeline.py
[2026-05-02T04:45:34.890+0000] {logging_mixin.py:188} INFO - [2026-05-02T04:45:34.889+0000] {dag.py:3089} INFO - Sync 1 DAGs
[2026-05-02T04:45:34.953+0000] {logging_mixin.py:188} INFO - [2026-05-02T04:45:34.952+0000] {dag.py:3947} INFO - Setting next_dagrun for flights_ops_medallion_pipe to 2026-05-02 04:30:00+00:00, run_after=2026-05-02 05:00:00+00:00
[2026-05-02T04:45:34.986+0000] {processor.py:183} INFO - Processing /opt/airflow/dags/flight-pipeline.py took 1.039 seconds
[2026-05-02T04:46:05.238+0000] {processor.py:161} INFO - Started process (PID=9511) to work on /opt/airflow/dags/flight-pipeline.py
[2026-05-02T04:46:05.245+0000] {processor.py:830} INFO - Processing file /opt/airflow/dags/flight-pipeline.py for tasks to queue
[2026-05-02T04:46:05.246+0000] {logging_mixin.py:188} INFO - [2026-05-02T04:46:05.246+0000] {dagbag.py:545} INFO - Filling up the DagBag from /opt/airflow/dags/flight-pipeline.py
[2026-05-02T04:46:08.792+0000] {processor.py:840} INFO - DAG(s) 'flights_ops_medallion_pipe' retrieved from /opt/airflow/dags/flight-pipeline.py
[2026-05-02T04:46:08.907+0000] {logging_mixin.py:188} INFO - [2026-05-02T04:46:08.905+0000] {dag.py:3089} INFO - Sync 1 DAGs
[2026-05-02T04:46:08.960+0000] {logging_mixin.py:188} INFO - [2026-05-02T04:46:08.959+0000] {dag.py:3947} INFO - Setting next_dagrun for flights_ops_medallion_pipe to 2026-05-02 04:30:00+00:00, run_after=2026-05-02 05:00:00+00:00
[2026-05-02T04:46:09.031+0000] {processor.py:183} INFO - Processing /opt/airflow/dags/flight-pipeline.py took 3.804 seconds
[2026-05-02T04:46:39.650+0000] {processor.py:161} INFO - Started process (PID=9514) to work on /opt/airflow/dags/flight-pipeline.py
[2026-05-02T04:46:39.656+0000] {processor.py:830} INFO - Processing file /opt/airflow/dags/flight-pipeline.py for tasks to queue
[2026-05-02T04:46:39.660+0000] {logging_mixin.py:188} INFO - [2026-05-02T04:46:39.658+0000] {dagbag.py:545} INFO - Filling up the DagBag from /opt/airflow/dags/flight-pipeline.py
[2026-05-02T04:46:42.187+0000] {processor.py:840} INFO - DAG(s) 'flights_ops_medallion_pipe' retrieved from /opt/airflow/dags/flight-pipeline.py
[2026-05-02T04:46:42.303+0000] {logging_mixin.py:188} INFO - [2026-05-02T04:46:42.303+0000] {dag.py:3089} INFO - Sync 1 DAGs
[2026-05-02T04:46:42.342+0000] {logging_mixin.py:188} INFO - [2026-05-02T04:46:42.341+0000] {dag.py:3947} INFO - Setting next_dagrun for flights_ops_medallion_pipe to 2026-05-02 04:30:00+00:00, run_after=2026-05-02 05:00:00+00:00
[2026-05-02T04:46:42.370+0000] {processor.py:183} INFO - Processing /opt/airflow/dags/flight-pipeline.py took 2.753 seconds
[2026-05-02T04:47:12.705+0000] {processor.py:161} INFO - Started process (PID=9517) to work on /opt/airflow/dags/flight-pipeline.py
[2026-05-02T04:47:12.708+0000] {processor.py:830} INFO - Processing file /opt/airflow/dags/flight-pipeline.py for tasks to queue
[2026-05-02T04:47:12.709+0000] {logging_mixin.py:188} INFO - [2026-05-02T04:47:12.709+0000] {dagbag.py:545} INFO - Filling up the DagBag from /opt/airflow/dags/flight-pipeline.py
[2026-05-02T04:47:13.429+0000] {processor.py:840} INFO - DAG(s) 'flights_ops_medallion_pipe' retrieved from /opt/airflow/dags/flight-pipeline.py
[2026-05-02T04:47:13.466+0000] {logging_mixin.py:188} INFO - [2026-05-02T04:47:13.465+0000] {dag.py:3089} INFO - Sync 1 DAGs
[2026-05-02T04:47:13.760+0000] {logging_mixin.py:188} INFO - [2026-05-02T04:47:13.760+0000] {dag.py:3947} INFO - Setting next_dagrun for flights_ops_medallion_pipe to 2026-05-02 04:30:00+00:00, run_after=2026-05-02 05:00:00+00:00
[2026-05-02T04:47:13.781+0000] {processor.py:183} INFO - Processing /opt/airflow/dags/flight-pipeline.py took 1.090 seconds
[2026-05-02T04:47:44.030+0000] {processor.py:161} INFO - Started process (PID=9520) to work on /opt/airflow/dags/flight-pipeline.py
[2026-05-02T04:47:44.032+0000] {processor.py:830} INFO - Processing file /opt/airflow/dags/flight-pipeline.py for tasks to queue
[2026-05-02T04:47:44.033+0000] {logging_mixin.py:188} INFO - [2026-05-02T04:47:44.033+0000] {dagbag.py:545} INFO - Filling up the DagBag from /opt/airflow/dags/flight-pipeline.py
[2026-05-02T04:47:44.767+0000] {processor.py:840} INFO - DAG(s) 'flights_ops_medallion_pipe' retrieved from /opt/airflow/dags/flight-pipeline.py
[2026-05-02T04:47:44.811+0000] {logging_mixin.py:188} INFO - [2026-05-02T04:47:44.811+0000] {dag.py:3089} INFO - Sync 1 DAGs
[2026-05-02T04:47:45.025+0000] {logging_mixin.py:188} INFO - [2026-05-02T04:47:45.024+0000] {dag.py:3947} INFO - Setting next_dagrun for flights_ops_medallion_pipe to 2026-05-02 04:30:00+00:00, run_after=2026-05-02 05:00:00+00:00
[2026-05-02T04:47:45.045+0000] {processor.py:183} INFO - Processing /opt/airflow/dags/flight-pipeline.py took 1.026 seconds
[2026-05-02T04:48:15.272+0000] {processor.py:161} INFO - Started process (PID=9523) to work on /opt/airflow/dags/flight-pipeline.py
[2026-05-02T04:48:15.282+0000] {processor.py:830} INFO - Processing file /opt/airflow/dags/flight-pipeline.py for tasks to queue
[2026-05-02T04:48:15.283+0000] {logging_mixin.py:188} INFO - [2026-05-02T04:48:15.282+0000] {dagbag.py:545} INFO - Filling up the DagBag from /opt/airflow/dags/flight-pipeline.py
[2026-05-02T04:48:15.959+0000] {processor.py:840} INFO - DAG(s) 'flights_ops_medallion_pipe' retrieved from /opt/airflow/dags/flight-pipeline.py
[2026-05-02T04:48:16.155+0000] {logging_mixin.py:188} INFO - [2026-05-02T04:48:16.154+0000] {dag.py:3089} INFO - Sync 1 DAGs
[2026-05-02T04:48:16.180+0000] {logging_mixin.py:188} INFO - [2026-05-02T04:48:16.180+0000] {dag.py:3947} INFO - Setting next_dagrun for flights_ops_medallion_pipe to 2026-05-02 04:30:00+00:00, run_after=2026-05-02 05:00:00+00:00
[2026-05-02T04:48:16.200+0000] {processor.py:183} INFO - Processing /opt/airflow/dags/flight-pipeline.py took 0.935 seconds
[2026-05-02T04:48:46.482+0000] {processor.py:161} INFO - Started process (PID=9526) to work on /opt/airflow/dags/flight-pipeline.py
[2026-05-02T04:48:46.492+0000] {processor.py:830} INFO - Processing file /opt/airflow/dags/flight-pipeline.py for tasks to queue
[2026-05-02T04:48:46.494+0000] {logging_mixin.py:188} INFO - [2026-05-02T04:48:46.493+0000] {dagbag.py:545} INFO - Filling up the DagBag from /opt/airflow/dags/flight-pipeline.py
[2026-05-02T04:48:47.360+0000] {processor.py:840} INFO - DAG(s) 'flights_ops_medallion_pipe' retrieved from /opt/airflow/dags/flight-pipeline.py
[2026-05-02T04:48:47.393+0000] {logging_mixin.py:188} INFO - [2026-05-02T04:48:47.392+0000] {dag.py:3089} INFO - Sync 1 DAGs
[2026-05-02T04:48:47.424+0000] {logging_mixin.py:188} INFO - [2026-05-02T04:48:47.423+0000] {dag.py:3947} INFO - Setting next_dagrun for flights_ops_medallion_pipe to 2026-05-02 04:30:00+00:00, run_after=2026-05-02 05:00:00+00:00
[2026-05-02T04:48:47.446+0000] {processor.py:183} INFO - Processing /opt/airflow/dags/flight-pipeline.py took 0.971 seconds
[2026-05-02T04:49:17.708+0000] {processor.py:161} INFO - Started process (PID=9529) to work on /opt/airflow/dags/flight-pipeline.py
[2026-05-02T04:49:17.717+0000] {processor.py:830} INFO - Processing file /opt/airflow/dags/flight-pipeline.py for tasks to queue
[2026-05-02T04:49:17.718+0000] {logging_mixin.py:188} INFO - [2026-05-02T04:49:17.717+0000] {dagbag.py:545} INFO - Filling up the DagBag from /opt/airflow/dags/flight-pipeline.py
[2026-05-02T04:49:18.426+0000] {processor.py:840} INFO - DAG(s) 'flights_ops_medallion_pipe' retrieved from /opt/airflow/dags/flight-pipeline.py
[2026-05-02T04:49:18.462+0000] {logging_mixin.py:188} INFO - [2026-05-02T04:49:18.461+0000] {dag.py:3089} INFO - Sync 1 DAGs
[2026-05-02T04:49:18.484+0000] {logging_mixin.py:188} INFO - [2026-05-02T04:49:18.484+0000] {dag.py:3947} INFO - Setting next_dagrun for flights_ops_medallion_pipe to 2026-05-02 04:30:00+00:00, run_after=2026-05-02 05:00:00+00:00
[2026-05-02T04:49:18.504+0000] {processor.py:183} INFO - Processing /opt/airflow/dags/flight-pipeline.py took 0.804 seconds
[2026-05-02T04:49:48.777+0000] {processor.py:161} INFO - Started process (PID=9532) to work on /opt/airflow/dags/flight-pipeline.py
[2026-05-02T04:49:48.786+0000] {processor.py:830} INFO - Processing file /opt/airflow/dags/flight-pipeline.py for tasks to queue
[2026-05-02T04:49:48.787+0000] {logging_mixin.py:188} INFO - [2026-05-02T04:49:48.787+0000] {dagbag.py:545} INFO - Filling up the DagBag from /opt/airflow/dags/flight-pipeline.py
[2026-05-02T04:49:49.509+0000] {processor.py:840} INFO - DAG(s) 'flights_ops_medallion_pipe' retrieved from /opt/airflow/dags/flight-pipeline.py
[2026-05-02T04:49:49.546+0000] {logging_mixin.py:188} INFO - [2026-05-02T04:49:49.545+0000] {dag.py:3089} INFO - Sync 1 DAGs
[2026-05-02T04:49:49.570+0000] {logging_mixin.py:188} INFO - [2026-05-02T04:49:49.570+0000] {dag.py:3947} INFO - Setting next_dagrun for flights_ops_medallion_pipe to 2026-05-02 04:30:00+00:00, run_after=2026-05-02 05:00:00+00:00
[2026-05-02T04:49:49.590+0000] {processor.py:183} INFO - Processing /opt/airflow/dags/flight-pipeline.py took 0.822 seconds
[2026-05-02T04:50:19.882+0000] {processor.py:161} INFO - Started process (PID=9535) to work on /opt/airflow/dags/flight-pipeline.py
[2026-05-02T04:50:19.891+0000] {processor.py:830} INFO - Processing file /opt/airflow/dags/flight-pipeline.py for tasks to queue
[2026-05-02T04:50:19.892+0000] {logging_mixin.py:188} INFO - [2026-05-02T04:50:19.892+0000] {dagbag.py:545} INFO - Filling up the DagBag from /opt/airflow/dags/flight-pipeline.py
[2026-05-02T04:50:20.601+0000] {processor.py:840} INFO - DAG(s) 'flights_ops_medallion_pipe' retrieved from /opt/airflow/dags/flight-pipeline.py
[2026-05-02T04:50:20.633+0000] {logging_mixin.py:188} INFO - [2026-05-02T04:50:20.633+0000] {dag.py:3089} INFO - Sync 1 DAGs
[2026-05-02T04:50:20.876+0000] {logging_mixin.py:188} INFO - [2026-05-02T04:50:20.875+0000] {dag.py:3947} INFO - Setting next_dagrun for flights_ops_medallion_pipe to 2026-05-02 04:30:00+00:00, run_after=2026-05-02 05:00:00+00:00
[2026-05-02T04:50:20.902+0000] {processor.py:183} INFO - Processing /opt/airflow/dags/flight-pipeline.py took 1.030 seconds
[2026-05-02T04:50:51.164+0000] {processor.py:161} INFO - Started process (PID=9538) to work on /opt/airflow/dags/flight-pipeline.py
[2026-05-02T04:50:51.174+0000] {processor.py:830} INFO - Processing file /opt/airflow/dags/flight-pipeline.py for tasks to queue
[2026-05-02T04:50:51.175+0000] {logging_mixin.py:188} INFO - [2026-05-02T04:50:51.175+0000] {dagbag.py:545} INFO - Filling up the DagBag from /opt/airflow/dags/flight-pipeline.py
[2026-05-02T04:50:51.833+0000] {processor.py:840} INFO - DAG(s) 'flights_ops_medallion_pipe' retrieved from /opt/airflow/dags/flight-pipeline.py
[2026-05-02T04:50:52.025+0000] {logging_mixin.py:188} INFO - [2026-05-02T04:50:52.025+0000] {dag.py:3089} INFO - Sync 1 DAGs
[2026-05-02T04:50:52.051+0000] {logging_mixin.py:188} INFO - [2026-05-02T04:50:52.050+0000] {dag.py:3947} INFO - Setting next_dagrun for flights_ops_medallion_pipe to 2026-05-02 04:30:00+00:00, run_after=2026-05-02 05:00:00+00:00
[2026-05-02T04:50:52.068+0000] {processor.py:183} INFO - Processing /opt/airflow/dags/flight-pipeline.py took 0.913 seconds
[2026-05-02T04:51:22.363+0000] {processor.py:161} INFO - Started process (PID=9541) to work on /opt/airflow/dags/flight-pipeline.py
[2026-05-02T04:51:22.379+0000] {processor.py:830} INFO - Processing file /opt/airflow/dags/flight-pipeline.py for tasks to queue
[2026-05-02T04:51:22.386+0000] {logging_mixin.py:188} INFO - [2026-05-02T04:51:22.383+0000] {dagbag.py:545} INFO - Filling up the DagBag from /opt/airflow/dags/flight-pipeline.py
[2026-05-02T04:51:23.069+0000] {processor.py:840} INFO - DAG(s) 'flights_ops_medallion_pipe' retrieved from /opt/airflow/dags/flight-pipeline.py
[2026-05-02T04:51:23.255+0000] {logging_mixin.py:188} INFO - [2026-05-02T04:51:23.254+0000] {dag.py:3089} INFO - Sync 1 DAGs
[2026-05-02T04:51:23.277+0000] {logging_mixin.py:188} INFO - [2026-05-02T04:51:23.276+0000] {dag.py:3947} INFO - Setting next_dagrun for flights_ops_medallion_pipe to 2026-05-02 04:30:00+00:00, run_after=2026-05-02 05:00:00+00:00
[2026-05-02T04:51:23.296+0000] {processor.py:183} INFO - Processing /opt/airflow/dags/flight-pipeline.py took 0.942 seconds
[2026-05-02T04:51:53.583+0000] {processor.py:161} INFO - Started process (PID=9544) to work on /opt/airflow/dags/flight-pipeline.py
[2026-05-02T04:51:53.594+0000] {processor.py:830} INFO - Processing file /opt/airflow/dags/flight-pipeline.py for tasks to queue
[2026-05-02T04:51:53.596+0000] {logging_mixin.py:188} INFO - [2026-05-02T04:51:53.595+0000] {dagbag.py:545} INFO - Filling up the DagBag from /opt/airflow/dags/flight-pipeline.py
[2026-05-02T04:51:54.246+0000] {processor.py:840} INFO - DAG(s) 'flights_ops_medallion_pipe' retrieved from /opt/airflow/dags/flight-pipeline.py
[2026-05-02T04:51:54.280+0000] {logging_mixin.py:188} INFO - [2026-05-02T04:51:54.279+0000] {dag.py:3089} INFO - Sync 1 DAGs
[2026-05-02T04:51:54.304+0000] {logging_mixin.py:188} INFO - [2026-05-02T04:51:54.304+0000] {dag.py:3947} INFO - Setting next_dagrun for flights_ops_medallion_pipe to 2026-05-02 04:30:00+00:00, run_after=2026-05-02 05:00:00+00:00
[2026-05-02T04:51:54.322+0000] {processor.py:183} INFO - Processing /opt/airflow/dags/flight-pipeline.py took 0.748 seconds
[2026-05-02T04:52:24.529+0000] {processor.py:161} INFO - Started process (PID=9547) to work on /opt/airflow/dags/flight-pipeline.py
[2026-05-02T04:52:24.538+0000] {processor.py:830} INFO - Processing file /opt/airflow/dags/flight-pipeline.py for tasks to queue
[2026-05-02T04:52:24.539+0000] {logging_mixin.py:188} INFO - [2026-05-02T04:52:24.539+0000] {dagbag.py:545} INFO - Filling up the DagBag from /opt/airflow/dags/flight-pipeline.py
[2026-05-02T04:52:25.334+0000] {processor.py:840} INFO - DAG(s) 'flights_ops_medallion_pipe' retrieved from /opt/airflow/dags/flight-pipeline.py
[2026-05-02T04:52:25.372+0000] {logging_mixin.py:188} INFO - [2026-05-02T04:52:25.371+0000] {dag.py:3089} INFO - Sync 1 DAGs
[2026-05-02T04:52:25.397+0000] {logging_mixin.py:188} INFO - [2026-05-02T04:52:25.397+0000] {dag.py:3947} INFO - Setting next_dagrun for flights_ops_medallion_pipe to 2026-05-02 04:30:00+00:00, run_after=2026-05-02 05:00:00+00:00
[2026-05-02T04:52:25.416+0000] {processor.py:183} INFO - Processing /opt/airflow/dags/flight-pipeline.py took 0.894 seconds
[2026-05-02T04:52:55.634+0000] {processor.py:161} INFO - Started process (PID=9550) to work on /opt/airflow/dags/flight-pipeline.py
[2026-05-02T04:52:55.644+0000] {processor.py:830} INFO - Processing file /opt/airflow/dags/flight-pipeline.py for tasks to queue
[2026-05-02T04:52:55.645+0000] {logging_mixin.py:188} INFO - [2026-05-02T04:52:55.645+0000] {dagbag.py:545} INFO - Filling up the DagBag from /opt/airflow/dags/flight-pipeline.py
[2026-05-02T04:52:56.510+0000] {processor.py:840} INFO - DAG(s) 'flights_ops_medallion_pipe' retrieved from /opt/airflow/dags/flight-pipeline.py
[2026-05-02T04:52:56.544+0000] {logging_mixin.py:188} INFO - [2026-05-02T04:52:56.543+0000] {dag.py:3089} INFO - Sync 1 DAGs
[2026-05-02T04:52:56.568+0000] {logging_mixin.py:188} INFO - [2026-05-02T04:52:56.567+0000] {dag.py:3947} INFO - Setting next_dagrun for flights_ops_medallion_pipe to 2026-05-02 04:30:00+00:00, run_after=2026-05-02 05:00:00+00:00
[2026-05-02T04:52:56.739+0000] {processor.py:183} INFO - Processing /opt/airflow/dags/flight-pipeline.py took 1.119 seconds
[2026-05-02T04:53:26.897+0000] {processor.py:161} INFO - Started process (PID=9553) to work on /opt/airflow/dags/flight-pipeline.py
[2026-05-02T04:53:26.904+0000] {processor.py:830} INFO - Processing file /opt/airflow/dags/flight-pipeline.py for tasks to queue
[2026-05-02T04:53:26.905+0000] {logging_mixin.py:188} INFO - [2026-05-02T04:53:26.905+0000] {dagbag.py:545} INFO - Filling up the DagBag from /opt/airflow/dags/flight-pipeline.py
[2026-05-02T04:53:27.731+0000] {processor.py:840} INFO - DAG(s) 'flights_ops_medallion_pipe' retrieved from /opt/airflow/dags/flight-pipeline.py
[2026-05-02T04:53:27.766+0000] {logging_mixin.py:188} INFO - [2026-05-02T04:53:27.765+0000] {dag.py:3089} INFO - Sync 1 DAGs
[2026-05-02T04:53:27.937+0000] {logging_mixin.py:188} INFO - [2026-05-02T04:53:27.937+0000] {dag.py:3947} INFO - Setting next_dagrun for flights_ops_medallion_pipe to 2026-05-02 04:30:00+00:00, run_after=2026-05-02 05:00:00+00:00
[2026-05-02T04:53:27.960+0000] {processor.py:183} INFO - Processing /opt/airflow/dags/flight-pipeline.py took 1.078 seconds
[2026-05-02T04:53:58.215+0000] {processor.py:161} INFO - Started process (PID=9556) to work on /opt/airflow/dags/flight-pipeline.py
[2026-05-02T04:53:58.226+0000] {processor.py:830} INFO - Processing file /opt/airflow/dags/flight-pipeline.py for tasks to queue
[2026-05-02T04:53:58.227+0000] {logging_mixin.py:188} INFO - [2026-05-02T04:53:58.227+0000] {dagbag.py:545} INFO - Filling up the DagBag from /opt/airflow/dags/flight-pipeline.py
[2026-05-02T04:53:59.033+0000] {processor.py:840} INFO - DAG(s) 'flights_ops_medallion_pipe' retrieved from /opt/airflow/dags/flight-pipeline.py
[2026-05-02T04:53:59.218+0000] {logging_mixin.py:188} INFO - [2026-05-02T04:53:59.218+0000] {dag.py:3089} INFO - Sync 1 DAGs
[2026-05-02T04:53:59.243+0000] {logging_mixin.py:188} INFO - [2026-05-02T04:53:59.243+0000] {dag.py:3947} INFO - Setting next_dagrun for flights_ops_medallion_pipe to 2026-05-02 04:30:00+00:00, run_after=2026-05-02 05:00:00+00:00
[2026-05-02T04:53:59.261+0000] {processor.py:183} INFO - Processing /opt/airflow/dags/flight-pipeline.py took 1.054 seconds
[2026-05-02T04:54:29.466+0000] {processor.py:161} INFO - Started process (PID=9559) to work on /opt/airflow/dags/flight-pipeline.py
[2026-05-02T04:54:29.475+0000] {processor.py:830} INFO - Processing file /opt/airflow/dags/flight-pipeline.py for tasks to queue
[2026-05-02T04:54:29.477+0000] {logging_mixin.py:188} INFO - [2026-05-02T04:54:29.476+0000] {dagbag.py:545} INFO - Filling up the DagBag from /opt/airflow/dags/flight-pipeline.py
[2026-05-02T04:54:30.205+0000] {processor.py:840} INFO - DAG(s) 'flights_ops_medallion_pipe' retrieved from /opt/airflow/dags/flight-pipeline.py
[2026-05-02T04:54:30.376+0000] {logging_mixin.py:188} INFO - [2026-05-02T04:54:30.375+0000] {dag.py:3089} INFO - Sync 1 DAGs
[2026-05-02T04:54:30.396+0000] {logging_mixin.py:188} INFO - [2026-05-02T04:54:30.395+0000] {dag.py:3947} INFO - Setting next_dagrun for flights_ops_medallion_pipe to 2026-05-02 04:30:00+00:00, run_after=2026-05-02 05:00:00+00:00
[2026-05-02T04:54:30.412+0000] {processor.py:183} INFO - Processing /opt/airflow/dags/flight-pipeline.py took 0.954 seconds
[2026-05-02T04:55:00.691+0000] {processor.py:161} INFO - Started process (PID=9562) to work on /opt/airflow/dags/flight-pipeline.py
[2026-05-02T04:55:00.704+0000] {processor.py:830} INFO - Processing file /opt/airflow/dags/flight-pipeline.py for tasks to queue
[2026-05-02T04:55:00.705+0000] {logging_mixin.py:188} INFO - [2026-05-02T04:55:00.705+0000] {dagbag.py:545} INFO - Filling up the DagBag from /opt/airflow/dags/flight-pipeline.py
[2026-05-02T04:55:01.440+0000] {processor.py:840} INFO - DAG(s) 'flights_ops_medallion_pipe' retrieved from /opt/airflow/dags/flight-pipeline.py
[2026-05-02T04:55:01.473+0000] {logging_mixin.py:188} INFO - [2026-05-02T04:55:01.473+0000] {dag.py:3089} INFO - Sync 1 DAGs
[2026-05-02T04:55:01.497+0000] {logging_mixin.py:188} INFO - [2026-05-02T04:55:01.497+0000] {dag.py:3947} INFO - Setting next_dagrun for flights_ops_medallion_pipe to 2026-05-02 04:30:00+00:00, run_after=2026-05-02 05:00:00+00:00
[2026-05-02T04:55:01.515+0000] {processor.py:183} INFO - Processing /opt/airflow/dags/flight-pipeline.py took 0.835 seconds
[2026-05-02T04:55:31.793+0000] {processor.py:161} INFO - Started process (PID=9565) to work on /opt/airflow/dags/flight-pipeline.py
[2026-05-02T04:55:31.796+0000] {processor.py:830} INFO - Processing file /opt/airflow/dags/flight-pipeline.py for tasks to queue
[2026-05-02T04:55:31.797+0000] {logging_mixin.py:188} INFO - [2026-05-02T04:55:31.797+0000] {dagbag.py:545} INFO - Filling up the DagBag from /opt/airflow/dags/flight-pipeline.py
[2026-05-02T04:55:32.413+0000] {processor.py:840} INFO - DAG(s) 'flights_ops_medallion_pipe' retrieved from /opt/airflow/dags/flight-pipeline.py
[2026-05-02T04:55:32.446+0000] {logging_mixin.py:188} INFO - [2026-05-02T04:55:32.446+0000] {dag.py:3089} INFO - Sync 1 DAGs
[2026-05-02T04:55:32.468+0000] {logging_mixin.py:188} INFO - [2026-05-02T04:55:32.468+0000] {dag.py:3947} INFO - Setting next_dagrun for flights_ops_medallion_pipe to 2026-05-02 04:30:00+00:00, run_after=2026-05-02 05:00:00+00:00
[2026-05-02T04:55:32.486+0000] {processor.py:183} INFO - Processing /opt/airflow/dags/flight-pipeline.py took 0.701 seconds
[2026-05-02T04:56:02.740+0000] {processor.py:161} INFO - Started process (PID=9568) to work on /opt/airflow/dags/flight-pipeline.py
[2026-05-02T04:56:02.742+0000] {processor.py:830} INFO - Processing file /opt/airflow/dags/flight-pipeline.py for tasks to queue
[2026-05-02T04:56:02.744+0000] {logging_mixin.py:188} INFO - [2026-05-02T04:56:02.743+0000] {dagbag.py:545} INFO - Filling up the DagBag from /opt/airflow/dags/flight-pipeline.py
[2026-05-02T04:56:03.382+0000] {processor.py:840} INFO - DAG(s) 'flights_ops_medallion_pipe' retrieved from /opt/airflow/dags/flight-pipeline.py
[2026-05-02T04:56:03.416+0000] {logging_mixin.py:188} INFO - [2026-05-02T04:56:03.415+0000] {dag.py:3089} INFO - Sync 1 DAGs
[2026-05-02T04:56:03.439+0000] {logging_mixin.py:188} INFO - [2026-05-02T04:56:03.439+0000] {dag.py:3947} INFO - Setting next_dagrun for flights_ops_medallion_pipe to 2026-05-02 04:30:00+00:00, run_after=2026-05-02 05:00:00+00:00
[2026-05-02T04:56:03.606+0000] {processor.py:183} INFO - Processing /opt/airflow/dags/flight-pipeline.py took 0.875 seconds
[2026-05-02T04:56:33.857+0000] {processor.py:161} INFO - Started process (PID=9571) to work on /opt/airflow/dags/flight-pipeline.py
[2026-05-02T04:56:33.860+0000] {processor.py:830} INFO - Processing file /opt/airflow/dags/flight-pipeline.py for tasks to queue
[2026-05-02T04:56:33.861+0000] {logging_mixin.py:188} INFO - [2026-05-02T04:56:33.861+0000] {dagbag.py:545} INFO - Filling up the DagBag from /opt/airflow/dags/flight-pipeline.py
[2026-05-02T04:56:34.480+0000] {processor.py:840} INFO - DAG(s) 'flights_ops_medallion_pipe' retrieved from /opt/airflow/dags/flight-pipeline.py
[2026-05-02T04:56:34.512+0000] {logging_mixin.py:188} INFO - [2026-05-02T04:56:34.511+0000] {dag.py:3089} INFO - Sync 1 DAGs
[2026-05-02T04:56:34.696+0000] {logging_mixin.py:188} INFO - [2026-05-02T04:56:34.696+0000] {dag.py:3947} INFO - Setting next_dagrun for flights_ops_medallion_pipe to 2026-05-02 04:30:00+00:00, run_after=2026-05-02 05:00:00+00:00
[2026-05-02T04:56:34.715+0000] {processor.py:183} INFO - Processing /opt/airflow/dags/flight-pipeline.py took 0.866 seconds
[2026-05-02T04:57:04.985+0000] {processor.py:161} INFO - Started process (PID=9574) to work on /opt/airflow/dags/flight-pipeline.py
[2026-05-02T04:57:04.988+0000] {processor.py:830} INFO - Processing file /opt/airflow/dags/flight-pipeline.py for tasks to queue
[2026-05-02T04:57:04.989+0000] {logging_mixin.py:188} INFO - [2026-05-02T04:57:04.988+0000] {dagbag.py:545} INFO - Filling up the DagBag from /opt/airflow/dags/flight-pipeline.py
[2026-05-02T04:57:05.956+0000] {processor.py:840} INFO - DAG(s) 'flights_ops_medallion_pipe' retrieved from /opt/airflow/dags/flight-pipeline.py
[2026-05-02T04:57:06.187+0000] {logging_mixin.py:188} INFO - [2026-05-02T04:57:06.186+0000] {dag.py:3089} INFO - Sync 1 DAGs
[2026-05-02T04:57:06.213+0000] {logging_mixin.py:188} INFO - [2026-05-02T04:57:06.212+0000] {dag.py:3947} INFO - Setting next_dagrun for flights_ops_medallion_pipe to 2026-05-02 04:30:00+00:00, run_after=2026-05-02 05:00:00+00:00
[2026-05-02T04:57:06.235+0000] {processor.py:183} INFO - Processing /opt/airflow/dags/flight-pipeline.py took 1.258 seconds
[2026-05-02T04:57:36.494+0000] {processor.py:161} INFO - Started process (PID=9577) to work on /opt/airflow/dags/flight-pipeline.py
[2026-05-02T04:57:36.496+0000] {processor.py:830} INFO - Processing file /opt/airflow/dags/flight-pipeline.py for tasks to queue
[2026-05-02T04:57:36.498+0000] {logging_mixin.py:188} INFO - [2026-05-02T04:57:36.497+0000] {dagbag.py:545} INFO - Filling up the DagBag from /opt/airflow/dags/flight-pipeline.py
[2026-05-02T04:57:37.329+0000] {processor.py:840} INFO - DAG(s) 'flights_ops_medallion_pipe' retrieved from /opt/airflow/dags/flight-pipeline.py
[2026-05-02T04:57:37.363+0000] {logging_mixin.py:188} INFO - [2026-05-02T04:57:37.363+0000] {dag.py:3089} INFO - Sync 1 DAGs
[2026-05-02T04:57:37.382+0000] {logging_mixin.py:188} INFO - [2026-05-02T04:57:37.382+0000] {dag.py:3947} INFO - Setting next_dagrun for flights_ops_medallion_pipe to 2026-05-02 04:30:00+00:00, run_after=2026-05-02 05:00:00+00:00
[2026-05-02T04:57:37.400+0000] {processor.py:183} INFO - Processing /opt/airflow/dags/flight-pipeline.py took 0.915 seconds
[2026-05-02T04:58:07.501+0000] {processor.py:161} INFO - Started process (PID=9580) to work on /opt/airflow/dags/flight-pipeline.py
[2026-05-02T04:58:07.503+0000] {processor.py:830} INFO - Processing file /opt/airflow/dags/flight-pipeline.py for tasks to queue
[2026-05-02T04:58:07.505+0000] {logging_mixin.py:188} INFO - [2026-05-02T04:58:07.504+0000] {dagbag.py:545} INFO - Filling up the DagBag from /opt/airflow/dags/flight-pipeline.py
[2026-05-02T04:58:08.294+0000] {processor.py:840} INFO - DAG(s) 'flights_ops_medallion_pipe' retrieved from /opt/airflow/dags/flight-pipeline.py
[2026-05-02T04:58:08.328+0000] {logging_mixin.py:188} INFO - [2026-05-02T04:58:08.328+0000] {dag.py:3089} INFO - Sync 1 DAGs
[2026-05-02T04:58:08.347+0000] {logging_mixin.py:188} INFO - [2026-05-02T04:58:08.346+0000] {dag.py:3947} INFO - Setting next_dagrun for flights_ops_medallion_pipe to 2026-05-02 04:30:00+00:00, run_after=2026-05-02 05:00:00+00:00
[2026-05-02T04:58:08.364+0000] {processor.py:183} INFO - Processing /opt/airflow/dags/flight-pipeline.py took 0.872 seconds
[2026-05-02T04:58:38.664+0000] {processor.py:161} INFO - Started process (PID=9583) to work on /opt/airflow/dags/flight-pipeline.py
[2026-05-02T04:58:38.667+0000] {processor.py:830} INFO - Processing file /opt/airflow/dags/flight-pipeline.py for tasks to queue
[2026-05-02T04:58:38.668+0000] {logging_mixin.py:188} INFO - [2026-05-02T04:58:38.668+0000] {dagbag.py:545} INFO - Filling up the DagBag from /opt/airflow/dags/flight-pipeline.py
[2026-05-02T04:58:39.414+0000] {processor.py:840} INFO - DAG(s) 'flights_ops_medallion_pipe' retrieved from /opt/airflow/dags/flight-pipeline.py
[2026-05-02T04:58:39.449+0000] {logging_mixin.py:188} INFO - [2026-05-02T04:58:39.449+0000] {dag.py:3089} INFO - Sync 1 DAGs
[2026-05-02T04:58:39.476+0000] {logging_mixin.py:188} INFO - [2026-05-02T04:58:39.476+0000] {dag.py:3947} INFO - Setting next_dagrun for flights_ops_medallion_pipe to 2026-05-02 04:30:00+00:00, run_after=2026-05-02 05:00:00+00:00
[2026-05-02T04:58:39.498+0000] {processor.py:183} INFO - Processing /opt/airflow/dags/flight-pipeline.py took 0.843 seconds
[2026-05-02T04:59:09.777+0000] {processor.py:161} INFO - Started process (PID=9586) to work on /opt/airflow/dags/flight-pipeline.py
[2026-05-02T04:59:09.779+0000] {processor.py:830} INFO - Processing file /opt/airflow/dags/flight-pipeline.py for tasks to queue
[2026-05-02T04:59:09.781+0000] {logging_mixin.py:188} INFO - [2026-05-02T04:59:09.780+0000] {dagbag.py:545} INFO - Filling up the DagBag from /opt/airflow/dags/flight-pipeline.py
[2026-05-02T04:59:10.480+0000] {processor.py:840} INFO - DAG(s) 'flights_ops_medallion_pipe' retrieved from /opt/airflow/dags/flight-pipeline.py
[2026-05-02T04:59:10.515+0000] {logging_mixin.py:188} INFO - [2026-05-02T04:59:10.515+0000] {dag.py:3089} INFO - Sync 1 DAGs
[2026-05-02T04:59:10.729+0000] {logging_mixin.py:188} INFO - [2026-05-02T04:59:10.729+0000] {dag.py:3947} INFO - Setting next_dagrun for flights_ops_medallion_pipe to 2026-05-02 04:30:00+00:00, run_after=2026-05-02 05:00:00+00:00
[2026-05-02T04:59:10.754+0000] {processor.py:183} INFO - Processing /opt/airflow/dags/flight-pipeline.py took 0.985 seconds
[2026-05-02T04:59:41.009+0000] {processor.py:161} INFO - Started process (PID=9589) to work on /opt/airflow/dags/flight-pipeline.py
[2026-05-02T04:59:41.011+0000] {processor.py:830} INFO - Processing file /opt/airflow/dags/flight-pipeline.py for tasks to queue
[2026-05-02T04:59:41.013+0000] {logging_mixin.py:188} INFO - [2026-05-02T04:59:41.012+0000] {dagbag.py:545} INFO - Filling up the DagBag from /opt/airflow/dags/flight-pipeline.py
[2026-05-02T04:59:41.629+0000] {processor.py:840} INFO - DAG(s) 'flights_ops_medallion_pipe' retrieved from /opt/airflow/dags/flight-pipeline.py
[2026-05-02T04:59:41.663+0000] {logging_mixin.py:188} INFO - [2026-05-02T04:59:41.663+0000] {dag.py:3089} INFO - Sync 1 DAGs
[2026-05-02T04:59:41.832+0000] {logging_mixin.py:188} INFO - [2026-05-02T04:59:41.832+0000] {dag.py:3947} INFO - Setting next_dagrun for flights_ops_medallion_pipe to 2026-05-02 04:30:00+00:00, run_after=2026-05-02 05:00:00+00:00
[2026-05-02T04:59:41.851+0000] {processor.py:183} INFO - Processing /opt/airflow/dags/flight-pipeline.py took 0.851 seconds
[2026-05-02T05:00:12.104+0000] {processor.py:161} INFO - Started process (PID=9612) to work on /opt/airflow/dags/flight-pipeline.py
[2026-05-02T05:00:12.108+0000] {processor.py:830} INFO - Processing file /opt/airflow/dags/flight-pipeline.py for tasks to queue
[2026-05-02T05:00:12.112+0000] {logging_mixin.py:188} INFO - [2026-05-02T05:00:12.111+0000] {dagbag.py:545} INFO - Filling up the DagBag from /opt/airflow/dags/flight-pipeline.py
[2026-05-02T05:00:12.896+0000] {processor.py:840} INFO - DAG(s) 'flights_ops_medallion_pipe' retrieved from /opt/airflow/dags/flight-pipeline.py
[2026-05-02T05:00:13.462+0000] {logging_mixin.py:188} INFO - [2026-05-02T05:00:13.462+0000] {dag.py:3089} INFO - Sync 1 DAGs
[2026-05-02T05:00:13.484+0000] {logging_mixin.py:188} INFO - [2026-05-02T05:00:13.484+0000] {dag.py:3947} INFO - Setting next_dagrun for flights_ops_medallion_pipe to 2026-05-02 05:00:00+00:00, run_after=2026-05-02 05:30:00+00:00
[2026-05-02T05:00:13.502+0000] {processor.py:183} INFO - Processing /opt/airflow/dags/flight-pipeline.py took 1.407 seconds
[2026-05-02T05:00:43.798+0000] {processor.py:161} INFO - Started process (PID=9639) to work on /opt/airflow/dags/flight-pipeline.py
[2026-05-02T05:00:43.802+0000] {processor.py:830} INFO - Processing file /opt/airflow/dags/flight-pipeline.py for tasks to queue
[2026-05-02T05:00:43.803+0000] {logging_mixin.py:188} INFO - [2026-05-02T05:00:43.802+0000] {dagbag.py:545} INFO - Filling up the DagBag from /opt/airflow/dags/flight-pipeline.py
[2026-05-02T05:00:44.741+0000] {processor.py:840} INFO - DAG(s) 'flights_ops_medallion_pipe' retrieved from /opt/airflow/dags/flight-pipeline.py
[2026-05-02T05:00:44.774+0000] {logging_mixin.py:188} INFO - [2026-05-02T05:00:44.774+0000] {dag.py:3089} INFO - Sync 1 DAGs
[2026-05-02T05:00:44.794+0000] {logging_mixin.py:188} INFO - [2026-05-02T05:00:44.794+0000] {dag.py:3947} INFO - Setting next_dagrun for flights_ops_medallion_pipe to 2026-05-02 05:00:00+00:00, run_after=2026-05-02 05:30:00+00:00
[2026-05-02T05:00:44.812+0000] {processor.py:183} INFO - Processing /opt/airflow/dags/flight-pipeline.py took 1.023 seconds
[2026-05-02T05:01:15.021+0000] {processor.py:161} INFO - Started process (PID=9642) to work on /opt/airflow/dags/flight-pipeline.py
[2026-05-02T05:01:15.024+0000] {processor.py:830} INFO - Processing file /opt/airflow/dags/flight-pipeline.py for tasks to queue
[2026-05-02T05:01:15.025+0000] {logging_mixin.py:188} INFO - [2026-05-02T05:01:15.025+0000] {dagbag.py:545} INFO - Filling up the DagBag from /opt/airflow/dags/flight-pipeline.py
[2026-05-02T05:01:15.743+0000] {processor.py:840} INFO - DAG(s) 'flights_ops_medallion_pipe' retrieved from /opt/airflow/dags/flight-pipeline.py
[2026-05-02T05:01:15.777+0000] {logging_mixin.py:188} INFO - [2026-05-02T05:01:15.776+0000] {dag.py:3089} INFO - Sync 1 DAGs
[2026-05-02T05:01:15.800+0000] {logging_mixin.py:188} INFO - [2026-05-02T05:01:15.800+0000] {dag.py:3947} INFO - Setting next_dagrun for flights_ops_medallion_pipe to 2026-05-02 05:00:00+00:00, run_after=2026-05-02 05:30:00+00:00
[2026-05-02T05:01:15.818+0000] {processor.py:183} INFO - Processing /opt/airflow/dags/flight-pipeline.py took 0.806 seconds
[2026-05-02T05:01:46.072+0000] {processor.py:161} INFO - Started process (PID=9645) to work on /opt/airflow/dags/flight-pipeline.py
[2026-05-02T05:01:46.075+0000] {processor.py:830} INFO - Processing file /opt/airflow/dags/flight-pipeline.py for tasks to queue
[2026-05-02T05:01:46.076+0000] {logging_mixin.py:188} INFO - [2026-05-02T05:01:46.075+0000] {dagbag.py:545} INFO - Filling up the DagBag from /opt/airflow/dags/flight-pipeline.py
[2026-05-02T05:01:46.808+0000] {processor.py:840} INFO - DAG(s) 'flights_ops_medallion_pipe' retrieved from /opt/airflow/dags/flight-pipeline.py
[2026-05-02T05:01:46.846+0000] {logging_mixin.py:188} INFO - [2026-05-02T05:01:46.845+0000] {dag.py:3089} INFO - Sync 1 DAGs
[2026-05-02T05:01:46.872+0000] {logging_mixin.py:188} INFO - [2026-05-02T05:01:46.871+0000] {dag.py:3947} INFO - Setting next_dagrun for flights_ops_medallion_pipe to 2026-05-02 05:00:00+00:00, run_after=2026-05-02 05:30:00+00:00
[2026-05-02T05:01:46.894+0000] {processor.py:183} INFO - Processing /opt/airflow/dags/flight-pipeline.py took 0.831 seconds
[2026-05-02T05:02:17.089+0000] {processor.py:161} INFO - Started process (PID=9648) to work on /opt/airflow/dags/flight-pipeline.py
[2026-05-02T05:02:17.092+0000] {processor.py:830} INFO - Processing file /opt/airflow/dags/flight-pipeline.py for tasks to queue
[2026-05-02T05:02:17.093+0000] {logging_mixin.py:188} INFO - [2026-05-02T05:02:17.093+0000] {dagbag.py:545} INFO - Filling up the DagBag from /opt/airflow/dags/flight-pipeline.py
[2026-05-02T05:02:17.771+0000] {processor.py:840} INFO - DAG(s) 'flights_ops_medallion_pipe' retrieved from /opt/airflow/dags/flight-pipeline.py
[2026-05-02T05:02:17.804+0000] {logging_mixin.py:188} INFO - [2026-05-02T05:02:17.804+0000] {dag.py:3089} INFO - Sync 1 DAGs
[2026-05-02T05:02:18.046+0000] {logging_mixin.py:188} INFO - [2026-05-02T05:02:18.046+0000] {dag.py:3947} INFO - Setting next_dagrun for flights_ops_medallion_pipe to 2026-05-02 05:00:00+00:00, run_after=2026-05-02 05:30:00+00:00
[2026-05-02T05:02:18.072+0000] {processor.py:183} INFO - Processing /opt/airflow/dags/flight-pipeline.py took 0.991 seconds
[2026-05-02T05:02:48.303+0000] {processor.py:161} INFO - Started process (PID=9651) to work on /opt/airflow/dags/flight-pipeline.py
[2026-05-02T05:02:48.306+0000] {processor.py:830} INFO - Processing file /opt/airflow/dags/flight-pipeline.py for tasks to queue
[2026-05-02T05:02:48.307+0000] {logging_mixin.py:188} INFO - [2026-05-02T05:02:48.306+0000] {dagbag.py:545} INFO - Filling up the DagBag from /opt/airflow/dags/flight-pipeline.py
[2026-05-02T05:02:49.012+0000] {processor.py:840} INFO - DAG(s) 'flights_ops_medallion_pipe' retrieved from /opt/airflow/dags/flight-pipeline.py
[2026-05-02T05:02:49.047+0000] {logging_mixin.py:188} INFO - [2026-05-02T05:02:49.046+0000] {dag.py:3089} INFO - Sync 1 DAGs
[2026-05-02T05:02:49.231+0000] {logging_mixin.py:188} INFO - [2026-05-02T05:02:49.230+0000] {dag.py:3947} INFO - Setting next_dagrun for flights_ops_medallion_pipe to 2026-05-02 05:00:00+00:00, run_after=2026-05-02 05:30:00+00:00
[2026-05-02T05:02:49.251+0000] {processor.py:183} INFO - Processing /opt/airflow/dags/flight-pipeline.py took 0.957 seconds
[2026-05-02T05:03:19.490+0000] {processor.py:161} INFO - Started process (PID=9654) to work on /opt/airflow/dags/flight-pipeline.py
[2026-05-02T05:03:19.492+0000] {processor.py:830} INFO - Processing file /opt/airflow/dags/flight-pipeline.py for tasks to queue
[2026-05-02T05:03:19.494+0000] {logging_mixin.py:188} INFO - [2026-05-02T05:03:19.493+0000] {dagbag.py:545} INFO - Filling up the DagBag from /opt/airflow/dags/flight-pipeline.py
[2026-05-02T05:03:20.222+0000] {processor.py:840} INFO - DAG(s) 'flights_ops_medallion_pipe' retrieved from /opt/airflow/dags/flight-pipeline.py
[2026-05-02T05:03:20.469+0000] {logging_mixin.py:188} INFO - [2026-05-02T05:03:20.469+0000] {dag.py:3089} INFO - Sync 1 DAGs
[2026-05-02T05:03:20.502+0000] {logging_mixin.py:188} INFO - [2026-05-02T05:03:20.502+0000] {dag.py:3947} INFO - Setting next_dagrun for flights_ops_medallion_pipe to 2026-05-02 05:00:00+00:00, run_after=2026-05-02 05:30:00+00:00
[2026-05-02T05:03:20.535+0000] {processor.py:183} INFO - Processing /opt/airflow/dags/flight-pipeline.py took 1.054 seconds
[2026-05-02T05:03:51.061+0000] {processor.py:161} INFO - Started process (PID=9657) to work on /opt/airflow/dags/flight-pipeline.py
[2026-05-02T05:03:51.066+0000] {processor.py:830} INFO - Processing file /opt/airflow/dags/flight-pipeline.py for tasks to queue
[2026-05-02T05:03:51.067+0000] {logging_mixin.py:188} INFO - [2026-05-02T05:03:51.067+0000] {dagbag.py:545} INFO - Filling up the DagBag from /opt/airflow/dags/flight-pipeline.py
[2026-05-02T05:03:53.528+0000] {processor.py:840} INFO - DAG(s) 'flights_ops_medallion_pipe' retrieved from /opt/airflow/dags/flight-pipeline.py
[2026-05-02T05:03:53.562+0000] {logging_mixin.py:188} INFO - [2026-05-02T05:03:53.562+0000] {dag.py:3089} INFO - Sync 1 DAGs
[2026-05-02T05:03:53.601+0000] {logging_mixin.py:188} INFO - [2026-05-02T05:03:53.601+0000] {dag.py:3947} INFO - Setting next_dagrun for flights_ops_medallion_pipe to 2026-05-02 05:00:00+00:00, run_after=2026-05-02 05:30:00+00:00
[2026-05-02T05:03:53.620+0000] {processor.py:183} INFO - Processing /opt/airflow/dags/flight-pipeline.py took 2.776 seconds
[2026-05-02T05:04:23.917+0000] {processor.py:161} INFO - Started process (PID=9660) to work on /opt/airflow/dags/flight-pipeline.py
[2026-05-02T05:04:23.927+0000] {processor.py:830} INFO - Processing file /opt/airflow/dags/flight-pipeline.py for tasks to queue
[2026-05-02T05:04:23.934+0000] {logging_mixin.py:188} INFO - [2026-05-02T05:04:23.931+0000] {dagbag.py:545} INFO - Filling up the DagBag from /opt/airflow/dags/flight-pipeline.py
[2026-05-02T05:04:25.041+0000] {processor.py:840} INFO - DAG(s) 'flights_ops_medallion_pipe' retrieved from /opt/airflow/dags/flight-pipeline.py
[2026-05-02T05:04:25.079+0000] {logging_mixin.py:188} INFO - [2026-05-02T05:04:25.078+0000] {dag.py:3089} INFO - Sync 1 DAGs
[2026-05-02T05:04:25.106+0000] {logging_mixin.py:188} INFO - [2026-05-02T05:04:25.106+0000] {dag.py:3947} INFO - Setting next_dagrun for flights_ops_medallion_pipe to 2026-05-02 05:00:00+00:00, run_after=2026-05-02 05:30:00+00:00
[2026-05-02T05:04:25.126+0000] {processor.py:183} INFO - Processing /opt/airflow/dags/flight-pipeline.py took 1.227 seconds
[2026-05-02T05:04:55.522+0000] {processor.py:161} INFO - Started process (PID=9663) to work on /opt/airflow/dags/flight-pipeline.py
[2026-05-02T05:04:55.525+0000] {processor.py:830} INFO - Processing file /opt/airflow/dags/flight-pipeline.py for tasks to queue
[2026-05-02T05:04:55.528+0000] {logging_mixin.py:188} INFO - [2026-05-02T05:04:55.526+0000] {dagbag.py:545} INFO - Filling up the DagBag from /opt/airflow/dags/flight-pipeline.py
[2026-05-02T05:04:56.247+0000] {processor.py:840} INFO - DAG(s) 'flights_ops_medallion_pipe' retrieved from /opt/airflow/dags/flight-pipeline.py
[2026-05-02T05:04:56.292+0000] {logging_mixin.py:188} INFO - [2026-05-02T05:04:56.291+0000] {dag.py:3089} INFO - Sync 1 DAGs
[2026-05-02T05:04:56.321+0000] {logging_mixin.py:188} INFO - [2026-05-02T05:04:56.321+0000] {dag.py:3947} INFO - Setting next_dagrun for flights_ops_medallion_pipe to 2026-05-02 05:00:00+00:00, run_after=2026-05-02 05:30:00+00:00
[2026-05-02T05:04:56.590+0000] {processor.py:183} INFO - Processing /opt/airflow/dags/flight-pipeline.py took 1.080 seconds
[2026-05-02T05:05:26.784+0000] {processor.py:161} INFO - Started process (PID=9666) to work on /opt/airflow/dags/flight-pipeline.py
[2026-05-02T05:05:26.788+0000] {processor.py:830} INFO - Processing file /opt/airflow/dags/flight-pipeline.py for tasks to queue
[2026-05-02T05:05:26.791+0000] {logging_mixin.py:188} INFO - [2026-05-02T05:05:26.790+0000] {dagbag.py:545} INFO - Filling up the DagBag from /opt/airflow/dags/flight-pipeline.py
[2026-05-02T05:05:27.579+0000] {processor.py:840} INFO - DAG(s) 'flights_ops_medallion_pipe' retrieved from /opt/airflow/dags/flight-pipeline.py
[2026-05-02T05:05:27.615+0000] {logging_mixin.py:188} INFO - [2026-05-02T05:05:27.614+0000] {dag.py:3089} INFO - Sync 1 DAGs
[2026-05-02T05:05:27.846+0000] {logging_mixin.py:188} INFO - [2026-05-02T05:05:27.846+0000] {dag.py:3947} INFO - Setting next_dagrun for flights_ops_medallion_pipe to 2026-05-02 05:00:00+00:00, run_after=2026-05-02 05:30:00+00:00
[2026-05-02T05:05:27.867+0000] {processor.py:183} INFO - Processing /opt/airflow/dags/flight-pipeline.py took 1.092 seconds
[2026-05-02T05:05:58.121+0000] {processor.py:161} INFO - Started process (PID=9669) to work on /opt/airflow/dags/flight-pipeline.py
[2026-05-02T05:05:58.124+0000] {processor.py:830} INFO - Processing file /opt/airflow/dags/flight-pipeline.py for tasks to queue
[2026-05-02T05:05:58.129+0000] {logging_mixin.py:188} INFO - [2026-05-02T05:05:58.127+0000] {dagbag.py:545} INFO - Filling up the DagBag from /opt/airflow/dags/flight-pipeline.py
[2026-05-02T05:05:58.754+0000] {processor.py:840} INFO - DAG(s) 'flights_ops_medallion_pipe' retrieved from /opt/airflow/dags/flight-pipeline.py
[2026-05-02T05:05:58.940+0000] {logging_mixin.py:188} INFO - [2026-05-02T05:05:58.939+0000] {dag.py:3089} INFO - Sync 1 DAGs
[2026-05-02T05:05:58.964+0000] {logging_mixin.py:188} INFO - [2026-05-02T05:05:58.964+0000] {dag.py:3947} INFO - Setting next_dagrun for flights_ops_medallion_pipe to 2026-05-02 05:00:00+00:00, run_after=2026-05-02 05:30:00+00:00
[2026-05-02T05:05:58.984+0000] {processor.py:183} INFO - Processing /opt/airflow/dags/flight-pipeline.py took 0.871 seconds
[2026-05-02T05:06:29.282+0000] {processor.py:161} INFO - Started process (PID=9672) to work on /opt/airflow/dags/flight-pipeline.py
[2026-05-02T05:06:29.286+0000] {processor.py:830} INFO - Processing file /opt/airflow/dags/flight-pipeline.py for tasks to queue
[2026-05-02T05:06:29.287+0000] {logging_mixin.py:188} INFO - [2026-05-02T05:06:29.287+0000] {dagbag.py:545} INFO - Filling up the DagBag from /opt/airflow/dags/flight-pipeline.py
[2026-05-02T05:06:29.926+0000] {processor.py:840} INFO - DAG(s) 'flights_ops_medallion_pipe' retrieved from /opt/airflow/dags/flight-pipeline.py
[2026-05-02T05:06:30.142+0000] {logging_mixin.py:188} INFO - [2026-05-02T05:06:30.141+0000] {dag.py:3089} INFO - Sync 1 DAGs
[2026-05-02T05:06:30.163+0000] {logging_mixin.py:188} INFO - [2026-05-02T05:06:30.163+0000] {dag.py:3947} INFO - Setting next_dagrun for flights_ops_medallion_pipe to 2026-05-02 05:00:00+00:00, run_after=2026-05-02 05:30:00+00:00
[2026-05-02T05:06:30.182+0000] {processor.py:183} INFO - Processing /opt/airflow/dags/flight-pipeline.py took 0.909 seconds
[2026-05-02T05:07:00.621+0000] {processor.py:161} INFO - Started process (PID=9675) to work on /opt/airflow/dags/flight-pipeline.py
[2026-05-02T05:07:00.625+0000] {processor.py:830} INFO - Processing file /opt/airflow/dags/flight-pipeline.py for tasks to queue
[2026-05-02T05:07:00.626+0000] {logging_mixin.py:188} INFO - [2026-05-02T05:07:00.626+0000] {dagbag.py:545} INFO - Filling up the DagBag from /opt/airflow/dags/flight-pipeline.py
[2026-05-02T05:07:02.040+0000] {processor.py:840} INFO - DAG(s) 'flights_ops_medallion_pipe' retrieved from /opt/airflow/dags/flight-pipeline.py
[2026-05-02T05:07:02.082+0000] {logging_mixin.py:188} INFO - [2026-05-02T05:07:02.081+0000] {dag.py:3089} INFO - Sync 1 DAGs
[2026-05-02T05:07:02.109+0000] {logging_mixin.py:188} INFO - [2026-05-02T05:07:02.109+0000] {dag.py:3947} INFO - Setting next_dagrun for flights_ops_medallion_pipe to 2026-05-02 05:00:00+00:00, run_after=2026-05-02 05:30:00+00:00
[2026-05-02T05:07:02.130+0000] {processor.py:183} INFO - Processing /opt/airflow/dags/flight-pipeline.py took 1.517 seconds
[2026-05-02T05:07:32.461+0000] {processor.py:161} INFO - Started process (PID=9678) to work on /opt/airflow/dags/flight-pipeline.py
[2026-05-02T05:07:32.464+0000] {processor.py:830} INFO - Processing file /opt/airflow/dags/flight-pipeline.py for tasks to queue
[2026-05-02T05:07:32.465+0000] {logging_mixin.py:188} INFO - [2026-05-02T05:07:32.465+0000] {dagbag.py:545} INFO - Filling up the DagBag from /opt/airflow/dags/flight-pipeline.py
[2026-05-02T05:07:33.095+0000] {processor.py:840} INFO - DAG(s) 'flights_ops_medallion_pipe' retrieved from /opt/airflow/dags/flight-pipeline.py
[2026-05-02T05:07:33.127+0000] {logging_mixin.py:188} INFO - [2026-05-02T05:07:33.126+0000] {dag.py:3089} INFO - Sync 1 DAGs
[2026-05-02T05:07:33.151+0000] {logging_mixin.py:188} INFO - [2026-05-02T05:07:33.150+0000] {dag.py:3947} INFO - Setting next_dagrun for flights_ops_medallion_pipe to 2026-05-02 05:00:00+00:00, run_after=2026-05-02 05:30:00+00:00
[2026-05-02T05:07:33.170+0000] {processor.py:183} INFO - Processing /opt/airflow/dags/flight-pipeline.py took 0.717 seconds
[2026-05-02T05:08:03.425+0000] {processor.py:161} INFO - Started process (PID=9681) to work on /opt/airflow/dags/flight-pipeline.py
[2026-05-02T05:08:03.427+0000] {processor.py:830} INFO - Processing file /opt/airflow/dags/flight-pipeline.py for tasks to queue
[2026-05-02T05:08:03.428+0000] {logging_mixin.py:188} INFO - [2026-05-02T05:08:03.428+0000] {dagbag.py:545} INFO - Filling up the DagBag from /opt/airflow/dags/flight-pipeline.py
[2026-05-02T05:08:04.295+0000] {processor.py:840} INFO - DAG(s) 'flights_ops_medallion_pipe' retrieved from /opt/airflow/dags/flight-pipeline.py
[2026-05-02T05:08:04.335+0000] {logging_mixin.py:188} INFO - [2026-05-02T05:08:04.334+0000] {dag.py:3089} INFO - Sync 1 DAGs
[2026-05-02T05:08:04.361+0000] {logging_mixin.py:188} INFO - [2026-05-02T05:08:04.360+0000] {dag.py:3947} INFO - Setting next_dagrun for flights_ops_medallion_pipe to 2026-05-02 05:00:00+00:00, run_after=2026-05-02 05:30:00+00:00
[2026-05-02T05:08:04.665+0000] {processor.py:183} INFO - Processing /opt/airflow/dags/flight-pipeline.py took 1.250 seconds
[2026-05-02T05:08:34.821+0000] {processor.py:161} INFO - Started process (PID=9684) to work on /opt/airflow/dags/flight-pipeline.py
[2026-05-02T05:08:34.823+0000] {processor.py:830} INFO - Processing file /opt/airflow/dags/flight-pipeline.py for tasks to queue
[2026-05-02T05:08:34.824+0000] {logging_mixin.py:188} INFO - [2026-05-02T05:08:34.823+0000] {dagbag.py:545} INFO - Filling up the DagBag from /opt/airflow/dags/flight-pipeline.py
[2026-05-02T05:08:35.561+0000] {processor.py:840} INFO - DAG(s) 'flights_ops_medallion_pipe' retrieved from /opt/airflow/dags/flight-pipeline.py
[2026-05-02T05:08:35.596+0000] {logging_mixin.py:188} INFO - [2026-05-02T05:08:35.595+0000] {dag.py:3089} INFO - Sync 1 DAGs
[2026-05-02T05:08:35.855+0000] {logging_mixin.py:188} INFO - [2026-05-02T05:08:35.855+0000] {dag.py:3947} INFO - Setting next_dagrun for flights_ops_medallion_pipe to 2026-05-02 05:00:00+00:00, run_after=2026-05-02 05:30:00+00:00
[2026-05-02T05:08:35.881+0000] {processor.py:183} INFO - Processing /opt/airflow/dags/flight-pipeline.py took 1.069 seconds
[2026-05-02T05:09:06.121+0000] {processor.py:161} INFO - Started process (PID=9687) to work on /opt/airflow/dags/flight-pipeline.py
[2026-05-02T05:09:06.124+0000] {processor.py:830} INFO - Processing file /opt/airflow/dags/flight-pipeline.py for tasks to queue
[2026-05-02T05:09:06.125+0000] {logging_mixin.py:188} INFO - [2026-05-02T05:09:06.125+0000] {dagbag.py:545} INFO - Filling up the DagBag from /opt/airflow/dags/flight-pipeline.py
[2026-05-02T05:09:06.863+0000] {processor.py:840} INFO - DAG(s) 'flights_ops_medallion_pipe' retrieved from /opt/airflow/dags/flight-pipeline.py
[2026-05-02T05:09:07.072+0000] {logging_mixin.py:188} INFO - [2026-05-02T05:09:07.072+0000] {dag.py:3089} INFO - Sync 1 DAGs
[2026-05-02T05:09:07.098+0000] {logging_mixin.py:188} INFO - [2026-05-02T05:09:07.098+0000] {dag.py:3947} INFO - Setting next_dagrun for flights_ops_medallion_pipe to 2026-05-02 05:00:00+00:00, run_after=2026-05-02 05:30:00+00:00
[2026-05-02T05:09:07.119+0000] {processor.py:183} INFO - Processing /opt/airflow/dags/flight-pipeline.py took 1.008 seconds
[2026-05-02T05:09:37.489+0000] {processor.py:161} INFO - Started process (PID=9690) to work on /opt/airflow/dags/flight-pipeline.py
[2026-05-02T05:09:37.494+0000] {processor.py:830} INFO - Processing file /opt/airflow/dags/flight-pipeline.py for tasks to queue
[2026-05-02T05:09:37.496+0000] {logging_mixin.py:188} INFO - [2026-05-02T05:09:37.495+0000] {dagbag.py:545} INFO - Filling up the DagBag from /opt/airflow/dags/flight-pipeline.py
[2026-05-02T05:09:38.469+0000] {processor.py:840} INFO - DAG(s) 'flights_ops_medallion_pipe' retrieved from /opt/airflow/dags/flight-pipeline.py
[2026-05-02T05:09:38.512+0000] {logging_mixin.py:188} INFO - [2026-05-02T05:09:38.512+0000] {dag.py:3089} INFO - Sync 1 DAGs
[2026-05-02T05:09:38.537+0000] {logging_mixin.py:188} INFO - [2026-05-02T05:09:38.537+0000] {dag.py:3947} INFO - Setting next_dagrun for flights_ops_medallion_pipe to 2026-05-02 05:00:00+00:00, run_after=2026-05-02 05:30:00+00:00
[2026-05-02T05:09:38.560+0000] {processor.py:183} INFO - Processing /opt/airflow/dags/flight-pipeline.py took 1.086 seconds
[2026-05-02T05:10:08.738+0000] {processor.py:161} INFO - Started process (PID=9693) to work on /opt/airflow/dags/flight-pipeline.py
[2026-05-02T05:10:08.740+0000] {processor.py:830} INFO - Processing file /opt/airflow/dags/flight-pipeline.py for tasks to queue
[2026-05-02T05:10:08.742+0000] {logging_mixin.py:188} INFO - [2026-05-02T05:10:08.741+0000] {dagbag.py:545} INFO - Filling up the DagBag from /opt/airflow/dags/flight-pipeline.py
[2026-05-02T05:10:09.657+0000] {processor.py:840} INFO - DAG(s) 'flights_ops_medallion_pipe' retrieved from /opt/airflow/dags/flight-pipeline.py
[2026-05-02T05:10:09.699+0000] {logging_mixin.py:188} INFO - [2026-05-02T05:10:09.698+0000] {dag.py:3089} INFO - Sync 1 DAGs
[2026-05-02T05:10:09.724+0000] {logging_mixin.py:188} INFO - [2026-05-02T05:10:09.724+0000] {dag.py:3947} INFO - Setting next_dagrun for flights_ops_medallion_pipe to 2026-05-02 05:00:00+00:00, run_after=2026-05-02 05:30:00+00:00
[2026-05-02T05:10:09.744+0000] {processor.py:183} INFO - Processing /opt/airflow/dags/flight-pipeline.py took 1.015 seconds
[2026-05-02T05:10:40.085+0000] {processor.py:161} INFO - Started process (PID=9696) to work on /opt/airflow/dags/flight-pipeline.py
[2026-05-02T05:10:40.089+0000] {processor.py:830} INFO - Processing file /opt/airflow/dags/flight-pipeline.py for tasks to queue
[2026-05-02T05:10:40.090+0000] {logging_mixin.py:188} INFO - [2026-05-02T05:10:40.090+0000] {dagbag.py:545} INFO - Filling up the DagBag from /opt/airflow/dags/flight-pipeline.py
[2026-05-02T05:10:40.867+0000] {processor.py:840} INFO - DAG(s) 'flights_ops_medallion_pipe' retrieved from /opt/airflow/dags/flight-pipeline.py
[2026-05-02T05:10:40.904+0000] {logging_mixin.py:188} INFO - [2026-05-02T05:10:40.903+0000] {dag.py:3089} INFO - Sync 1 DAGs
[2026-05-02T05:10:40.931+0000] {logging_mixin.py:188} INFO - [2026-05-02T05:10:40.930+0000] {dag.py:3947} INFO - Setting next_dagrun for flights_ops_medallion_pipe to 2026-05-02 05:00:00+00:00, run_after=2026-05-02 05:30:00+00:00
[2026-05-02T05:10:40.953+0000] {processor.py:183} INFO - Processing /opt/airflow/dags/flight-pipeline.py took 0.879 seconds
[2026-05-02T05:11:11.207+0000] {processor.py:161} INFO - Started process (PID=9699) to work on /opt/airflow/dags/flight-pipeline.py
[2026-05-02T05:11:11.211+0000] {processor.py:830} INFO - Processing file /opt/airflow/dags/flight-pipeline.py for tasks to queue
[2026-05-02T05:11:11.212+0000] {logging_mixin.py:188} INFO - [2026-05-02T05:11:11.212+0000] {dagbag.py:545} INFO - Filling up the DagBag from /opt/airflow/dags/flight-pipeline.py
[2026-05-02T05:11:12.047+0000] {processor.py:840} INFO - DAG(s) 'flights_ops_medallion_pipe' retrieved from /opt/airflow/dags/flight-pipeline.py
[2026-05-02T05:11:12.083+0000] {logging_mixin.py:188} INFO - [2026-05-02T05:11:12.082+0000] {dag.py:3089} INFO - Sync 1 DAGs
[2026-05-02T05:11:12.292+0000] {logging_mixin.py:188} INFO - [2026-05-02T05:11:12.291+0000] {dag.py:3947} INFO - Setting next_dagrun for flights_ops_medallion_pipe to 2026-05-02 05:00:00+00:00, run_after=2026-05-02 05:30:00+00:00
[2026-05-02T05:11:12.315+0000] {processor.py:183} INFO - Processing /opt/airflow/dags/flight-pipeline.py took 1.119 seconds
[2026-05-02T05:11:42.523+0000] {processor.py:161} INFO - Started process (PID=9702) to work on /opt/airflow/dags/flight-pipeline.py
[2026-05-02T05:11:42.526+0000] {processor.py:830} INFO - Processing file /opt/airflow/dags/flight-pipeline.py for tasks to queue
[2026-05-02T05:11:42.528+0000] {logging_mixin.py:188} INFO - [2026-05-02T05:11:42.527+0000] {dagbag.py:545} INFO - Filling up the DagBag from /opt/airflow/dags/flight-pipeline.py
[2026-05-02T05:11:43.235+0000] {processor.py:840} INFO - DAG(s) 'flights_ops_medallion_pipe' retrieved from /opt/airflow/dags/flight-pipeline.py
[2026-05-02T05:11:43.272+0000] {logging_mixin.py:188} INFO - [2026-05-02T05:11:43.271+0000] {dag.py:3089} INFO - Sync 1 DAGs
[2026-05-02T05:11:43.589+0000] {logging_mixin.py:188} INFO - [2026-05-02T05:11:43.588+0000] {dag.py:3947} INFO - Setting next_dagrun for flights_ops_medallion_pipe to 2026-05-02 05:00:00+00:00, run_after=2026-05-02 05:30:00+00:00
[2026-05-02T05:11:43.607+0000] {processor.py:183} INFO - Processing /opt/airflow/dags/flight-pipeline.py took 1.093 seconds
[2026-05-02T05:12:13.822+0000] {processor.py:161} INFO - Started process (PID=9705) to work on /opt/airflow/dags/flight-pipeline.py
[2026-05-02T05:12:13.825+0000] {processor.py:830} INFO - Processing file /opt/airflow/dags/flight-pipeline.py for tasks to queue
[2026-05-02T05:12:13.827+0000] {logging_mixin.py:188} INFO - [2026-05-02T05:12:13.825+0000] {dagbag.py:545} INFO - Filling up the DagBag from /opt/airflow/dags/flight-pipeline.py
[2026-05-02T05:12:14.513+0000] {processor.py:840} INFO - DAG(s) 'flights_ops_medallion_pipe' retrieved from /opt/airflow/dags/flight-pipeline.py
[2026-05-02T05:12:14.711+0000] {logging_mixin.py:188} INFO - [2026-05-02T05:12:14.710+0000] {dag.py:3089} INFO - Sync 1 DAGs
[2026-05-02T05:12:14.736+0000] {logging_mixin.py:188} INFO - [2026-05-02T05:12:14.735+0000] {dag.py:3947} INFO - Setting next_dagrun for flights_ops_medallion_pipe to 2026-05-02 05:00:00+00:00, run_after=2026-05-02 05:30:00+00:00
[2026-05-02T05:12:14.755+0000] {processor.py:183} INFO - Processing /opt/airflow/dags/flight-pipeline.py took 0.942 seconds
[2026-05-02T05:12:45.011+0000] {processor.py:161} INFO - Started process (PID=9708) to work on /opt/airflow/dags/flight-pipeline.py
[2026-05-02T05:12:45.014+0000] {processor.py:830} INFO - Processing file /opt/airflow/dags/flight-pipeline.py for tasks to queue
[2026-05-02T05:12:45.015+0000] {logging_mixin.py:188} INFO - [2026-05-02T05:12:45.015+0000] {dagbag.py:545} INFO - Filling up the DagBag from /opt/airflow/dags/flight-pipeline.py
[2026-05-02T05:12:45.866+0000] {processor.py:840} INFO - DAG(s) 'flights_ops_medallion_pipe' retrieved from /opt/airflow/dags/flight-pipeline.py
[2026-05-02T05:12:45.900+0000] {logging_mixin.py:188} INFO - [2026-05-02T05:12:45.900+0000] {dag.py:3089} INFO - Sync 1 DAGs
[2026-05-02T05:12:45.921+0000] {logging_mixin.py:188} INFO - [2026-05-02T05:12:45.921+0000] {dag.py:3947} INFO - Setting next_dagrun for flights_ops_medallion_pipe to 2026-05-02 05:00:00+00:00, run_after=2026-05-02 05:30:00+00:00
[2026-05-02T05:12:45.940+0000] {processor.py:183} INFO - Processing /opt/airflow/dags/flight-pipeline.py took 0.937 seconds
[2026-05-02T05:13:16.191+0000] {processor.py:161} INFO - Started process (PID=9711) to work on /opt/airflow/dags/flight-pipeline.py
[2026-05-02T05:13:16.203+0000] {processor.py:830} INFO - Processing file /opt/airflow/dags/flight-pipeline.py for tasks to queue
[2026-05-02T05:13:16.204+0000] {logging_mixin.py:188} INFO - [2026-05-02T05:13:16.204+0000] {dagbag.py:545} INFO - Filling up the DagBag from /opt/airflow/dags/flight-pipeline.py
[2026-05-02T05:13:17.229+0000] {processor.py:840} INFO - DAG(s) 'flights_ops_medallion_pipe' retrieved from /opt/airflow/dags/flight-pipeline.py
[2026-05-02T05:13:17.262+0000] {logging_mixin.py:188} INFO - [2026-05-02T05:13:17.262+0000] {dag.py:3089} INFO - Sync 1 DAGs
[2026-05-02T05:13:17.311+0000] {logging_mixin.py:188} INFO - [2026-05-02T05:13:17.311+0000] {dag.py:3947} INFO - Setting next_dagrun for flights_ops_medallion_pipe to 2026-05-02 05:00:00+00:00, run_after=2026-05-02 05:30:00+00:00
[2026-05-02T05:13:17.346+0000] {processor.py:183} INFO - Processing /opt/airflow/dags/flight-pipeline.py took 1.165 seconds
[2026-05-02T05:13:47.495+0000] {processor.py:161} INFO - Started process (PID=9714) to work on /opt/airflow/dags/flight-pipeline.py
[2026-05-02T05:13:47.507+0000] {processor.py:830} INFO - Processing file /opt/airflow/dags/flight-pipeline.py for tasks to queue
[2026-05-02T05:13:47.508+0000] {logging_mixin.py:188} INFO - [2026-05-02T05:13:47.508+0000] {dagbag.py:545} INFO - Filling up the DagBag from /opt/airflow/dags/flight-pipeline.py
[2026-05-02T05:13:48.330+0000] {processor.py:840} INFO - DAG(s) 'flights_ops_medallion_pipe' retrieved from /opt/airflow/dags/flight-pipeline.py
[2026-05-02T05:13:48.381+0000] {logging_mixin.py:188} INFO - [2026-05-02T05:13:48.380+0000] {dag.py:3089} INFO - Sync 1 DAGs
[2026-05-02T05:13:48.413+0000] {logging_mixin.py:188} INFO - [2026-05-02T05:13:48.412+0000] {dag.py:3947} INFO - Setting next_dagrun for flights_ops_medallion_pipe to 2026-05-02 05:00:00+00:00, run_after=2026-05-02 05:30:00+00:00
[2026-05-02T05:13:48.449+0000] {processor.py:183} INFO - Processing /opt/airflow/dags/flight-pipeline.py took 0.963 seconds
[2026-05-02T05:14:18.727+0000] {processor.py:161} INFO - Started process (PID=9717) to work on /opt/airflow/dags/flight-pipeline.py
[2026-05-02T05:14:18.739+0000] {processor.py:830} INFO - Processing file /opt/airflow/dags/flight-pipeline.py for tasks to queue
[2026-05-02T05:14:18.740+0000] {logging_mixin.py:188} INFO - [2026-05-02T05:14:18.739+0000] {dagbag.py:545} INFO - Filling up the DagBag from /opt/airflow/dags/flight-pipeline.py
[2026-05-02T05:14:19.503+0000] {processor.py:840} INFO - DAG(s) 'flights_ops_medallion_pipe' retrieved from /opt/airflow/dags/flight-pipeline.py
[2026-05-02T05:14:19.536+0000] {logging_mixin.py:188} INFO - [2026-05-02T05:14:19.536+0000] {dag.py:3089} INFO - Sync 1 DAGs
[2026-05-02T05:14:19.724+0000] {logging_mixin.py:188} INFO - [2026-05-02T05:14:19.724+0000] {dag.py:3947} INFO - Setting next_dagrun for flights_ops_medallion_pipe to 2026-05-02 05:00:00+00:00, run_after=2026-05-02 05:30:00+00:00
[2026-05-02T05:14:19.753+0000] {processor.py:183} INFO - Processing /opt/airflow/dags/flight-pipeline.py took 1.035 seconds
[2026-05-02T05:14:50.008+0000] {processor.py:161} INFO - Started process (PID=9720) to work on /opt/airflow/dags/flight-pipeline.py
[2026-05-02T05:14:50.022+0000] {processor.py:830} INFO - Processing file /opt/airflow/dags/flight-pipeline.py for tasks to queue
[2026-05-02T05:14:50.024+0000] {logging_mixin.py:188} INFO - [2026-05-02T05:14:50.023+0000] {dagbag.py:545} INFO - Filling up the DagBag from /opt/airflow/dags/flight-pipeline.py
[2026-05-02T05:14:50.835+0000] {processor.py:840} INFO - DAG(s) 'flights_ops_medallion_pipe' retrieved from /opt/airflow/dags/flight-pipeline.py
[2026-05-02T05:14:51.038+0000] {logging_mixin.py:188} INFO - [2026-05-02T05:14:51.038+0000] {dag.py:3089} INFO - Sync 1 DAGs
[2026-05-02T05:14:51.065+0000] {logging_mixin.py:188} INFO - [2026-05-02T05:14:51.065+0000] {dag.py:3947} INFO - Setting next_dagrun for flights_ops_medallion_pipe to 2026-05-02 05:00:00+00:00, run_after=2026-05-02 05:30:00+00:00
[2026-05-02T05:14:51.084+0000] {processor.py:183} INFO - Processing /opt/airflow/dags/flight-pipeline.py took 1.095 seconds
[2026-05-02T05:15:21.237+0000] {processor.py:161} INFO - Started process (PID=9723) to work on /opt/airflow/dags/flight-pipeline.py
[2026-05-02T05:15:21.249+0000] {processor.py:830} INFO - Processing file /opt/airflow/dags/flight-pipeline.py for tasks to queue
[2026-05-02T05:15:21.250+0000] {logging_mixin.py:188} INFO - [2026-05-02T05:15:21.250+0000] {dagbag.py:545} INFO - Filling up the DagBag from /opt/airflow/dags/flight-pipeline.py
[2026-05-02T05:15:21.968+0000] {processor.py:840} INFO - DAG(s) 'flights_ops_medallion_pipe' retrieved from /opt/airflow/dags/flight-pipeline.py
[2026-05-02T05:15:22.171+0000] {logging_mixin.py:188} INFO - [2026-05-02T05:15:22.170+0000] {dag.py:3089} INFO - Sync 1 DAGs
[2026-05-02T05:15:22.195+0000] {logging_mixin.py:188} INFO - [2026-05-02T05:15:22.194+0000] {dag.py:3947} INFO - Setting next_dagrun for flights_ops_medallion_pipe to 2026-05-02 05:00:00+00:00, run_after=2026-05-02 05:30:00+00:00
[2026-05-02T05:15:22.212+0000] {processor.py:183} INFO - Processing /opt/airflow/dags/flight-pipeline.py took 0.984 seconds
[2026-05-02T05:15:52.440+0000] {processor.py:161} INFO - Started process (PID=9726) to work on /opt/airflow/dags/flight-pipeline.py
[2026-05-02T05:15:52.451+0000] {processor.py:830} INFO - Processing file /opt/airflow/dags/flight-pipeline.py for tasks to queue
[2026-05-02T05:15:52.452+0000] {logging_mixin.py:188} INFO - [2026-05-02T05:15:52.452+0000] {dagbag.py:545} INFO - Filling up the DagBag from /opt/airflow/dags/flight-pipeline.py
[2026-05-02T05:15:53.368+0000] {processor.py:840} INFO - DAG(s) 'flights_ops_medallion_pipe' retrieved from /opt/airflow/dags/flight-pipeline.py
[2026-05-02T05:15:53.402+0000] {logging_mixin.py:188} INFO - [2026-05-02T05:15:53.401+0000] {dag.py:3089} INFO - Sync 1 DAGs
[2026-05-02T05:15:53.431+0000] {logging_mixin.py:188} INFO - [2026-05-02T05:15:53.431+0000] {dag.py:3947} INFO - Setting next_dagrun for flights_ops_medallion_pipe to 2026-05-02 05:00:00+00:00, run_after=2026-05-02 05:30:00+00:00
[2026-05-02T05:15:53.461+0000] {processor.py:183} INFO - Processing /opt/airflow/dags/flight-pipeline.py took 1.031 seconds
[2026-05-02T05:16:23.790+0000] {processor.py:161} INFO - Started process (PID=9729) to work on /opt/airflow/dags/flight-pipeline.py
[2026-05-02T05:16:23.802+0000] {processor.py:830} INFO - Processing file /opt/airflow/dags/flight-pipeline.py for tasks to queue
[2026-05-02T05:16:23.803+0000] {logging_mixin.py:188} INFO - [2026-05-02T05:16:23.803+0000] {dagbag.py:545} INFO - Filling up the DagBag from /opt/airflow/dags/flight-pipeline.py
[2026-05-02T05:16:24.747+0000] {processor.py:840} INFO - DAG(s) 'flights_ops_medallion_pipe' retrieved from /opt/airflow/dags/flight-pipeline.py
[2026-05-02T05:16:24.794+0000] {logging_mixin.py:188} INFO - [2026-05-02T05:16:24.793+0000] {dag.py:3089} INFO - Sync 1 DAGs
[2026-05-02T05:16:24.824+0000] {logging_mixin.py:188} INFO - [2026-05-02T05:16:24.823+0000] {dag.py:3947} INFO - Setting next_dagrun for flights_ops_medallion_pipe to 2026-05-02 05:00:00+00:00, run_after=2026-05-02 05:30:00+00:00
[2026-05-02T05:16:24.850+0000] {processor.py:183} INFO - Processing /opt/airflow/dags/flight-pipeline.py took 1.068 seconds
[2026-05-02T05:16:55.016+0000] {processor.py:161} INFO - Started process (PID=9732) to work on /opt/airflow/dags/flight-pipeline.py
[2026-05-02T05:16:55.030+0000] {processor.py:830} INFO - Processing file /opt/airflow/dags/flight-pipeline.py for tasks to queue
[2026-05-02T05:16:55.032+0000] {logging_mixin.py:188} INFO - [2026-05-02T05:16:55.031+0000] {dagbag.py:545} INFO - Filling up the DagBag from /opt/airflow/dags/flight-pipeline.py
[2026-05-02T05:16:55.836+0000] {processor.py:840} INFO - DAG(s) 'flights_ops_medallion_pipe' retrieved from /opt/airflow/dags/flight-pipeline.py
[2026-05-02T05:16:55.870+0000] {logging_mixin.py:188} INFO - [2026-05-02T05:16:55.870+0000] {dag.py:3089} INFO - Sync 1 DAGs
[2026-05-02T05:16:55.895+0000] {logging_mixin.py:188} INFO - [2026-05-02T05:16:55.895+0000] {dag.py:3947} INFO - Setting next_dagrun for flights_ops_medallion_pipe to 2026-05-02 05:00:00+00:00, run_after=2026-05-02 05:30:00+00:00
[2026-05-02T05:16:56.076+0000] {processor.py:183} INFO - Processing /opt/airflow/dags/flight-pipeline.py took 1.071 seconds
[2026-05-02T05:17:26.638+0000] {processor.py:161} INFO - Started process (PID=9735) to work on /opt/airflow/dags/flight-pipeline.py
[2026-05-02T05:17:26.647+0000] {processor.py:830} INFO - Processing file /opt/airflow/dags/flight-pipeline.py for tasks to queue
[2026-05-02T05:17:26.649+0000] {logging_mixin.py:188} INFO - [2026-05-02T05:17:26.648+0000] {dagbag.py:545} INFO - Filling up the DagBag from /opt/airflow/dags/flight-pipeline.py
[2026-05-02T05:17:28.002+0000] {processor.py:840} INFO - DAG(s) 'flights_ops_medallion_pipe' retrieved from /opt/airflow/dags/flight-pipeline.py
[2026-05-02T05:17:28.065+0000] {logging_mixin.py:188} INFO - [2026-05-02T05:17:28.064+0000] {dag.py:3089} INFO - Sync 1 DAGs
[2026-05-02T05:17:28.558+0000] {logging_mixin.py:188} INFO - [2026-05-02T05:17:28.558+0000] {dag.py:3947} INFO - Setting next_dagrun for flights_ops_medallion_pipe to 2026-05-02 05:00:00+00:00, run_after=2026-05-02 05:30:00+00:00
[2026-05-02T05:17:28.593+0000] {processor.py:183} INFO - Processing /opt/airflow/dags/flight-pipeline.py took 1.983 seconds
[2026-05-02T05:17:58.931+0000] {processor.py:161} INFO - Started process (PID=9738) to work on /opt/airflow/dags/flight-pipeline.py
[2026-05-02T05:17:58.934+0000] {processor.py:830} INFO - Processing file /opt/airflow/dags/flight-pipeline.py for tasks to queue
[2026-05-02T05:17:58.935+0000] {logging_mixin.py:188} INFO - [2026-05-02T05:17:58.935+0000] {dagbag.py:545} INFO - Filling up the DagBag from /opt/airflow/dags/flight-pipeline.py
[2026-05-02T05:17:59.745+0000] {processor.py:840} INFO - DAG(s) 'flights_ops_medallion_pipe' retrieved from /opt/airflow/dags/flight-pipeline.py
[2026-05-02T05:18:00.046+0000] {logging_mixin.py:188} INFO - [2026-05-02T05:18:00.045+0000] {dag.py:3089} INFO - Sync 1 DAGs
[2026-05-02T05:18:00.086+0000] {logging_mixin.py:188} INFO - [2026-05-02T05:18:00.086+0000] {dag.py:3947} INFO - Setting next_dagrun for flights_ops_medallion_pipe to 2026-05-02 05:00:00+00:00, run_after=2026-05-02 05:30:00+00:00
[2026-05-02T05:18:00.119+0000] {processor.py:183} INFO - Processing /opt/airflow/dags/flight-pipeline.py took 1.195 seconds
[2026-05-02T05:18:30.166+0000] {processor.py:161} INFO - Started process (PID=9741) to work on /opt/airflow/dags/flight-pipeline.py
[2026-05-02T05:18:30.169+0000] {processor.py:830} INFO - Processing file /opt/airflow/dags/flight-pipeline.py for tasks to queue
[2026-05-02T05:18:30.188+0000] {logging_mixin.py:188} INFO - [2026-05-02T05:18:30.178+0000] {dagbag.py:545} INFO - Filling up the DagBag from /opt/airflow/dags/flight-pipeline.py
[2026-05-02T05:18:31.213+0000] {processor.py:840} INFO - DAG(s) 'flights_ops_medallion_pipe' retrieved from /opt/airflow/dags/flight-pipeline.py
[2026-05-02T05:18:31.407+0000] {logging_mixin.py:188} INFO - [2026-05-02T05:18:31.406+0000] {dag.py:3089} INFO - Sync 1 DAGs
[2026-05-02T05:18:31.433+0000] {logging_mixin.py:188} INFO - [2026-05-02T05:18:31.433+0000] {dag.py:3947} INFO - Setting next_dagrun for flights_ops_medallion_pipe to 2026-05-02 05:00:00+00:00, run_after=2026-05-02 05:30:00+00:00
[2026-05-02T05:18:31.459+0000] {processor.py:183} INFO - Processing /opt/airflow/dags/flight-pipeline.py took 1.302 seconds
[2026-05-02T05:19:01.689+0000] {processor.py:161} INFO - Started process (PID=9744) to work on /opt/airflow/dags/flight-pipeline.py
[2026-05-02T05:19:01.698+0000] {processor.py:830} INFO - Processing file /opt/airflow/dags/flight-pipeline.py for tasks to queue
[2026-05-02T05:19:01.699+0000] {logging_mixin.py:188} INFO - [2026-05-02T05:19:01.699+0000] {dagbag.py:545} INFO - Filling up the DagBag from /opt/airflow/dags/flight-pipeline.py
[2026-05-02T05:19:02.611+0000] {processor.py:840} INFO - DAG(s) 'flights_ops_medallion_pipe' retrieved from /opt/airflow/dags/flight-pipeline.py
[2026-05-02T05:19:02.643+0000] {logging_mixin.py:188} INFO - [2026-05-02T05:19:02.643+0000] {dag.py:3089} INFO - Sync 1 DAGs
[2026-05-02T05:19:02.669+0000] {logging_mixin.py:188} INFO - [2026-05-02T05:19:02.669+0000] {dag.py:3947} INFO - Setting next_dagrun for flights_ops_medallion_pipe to 2026-05-02 05:00:00+00:00, run_after=2026-05-02 05:30:00+00:00
[2026-05-02T05:19:02.700+0000] {processor.py:183} INFO - Processing /opt/airflow/dags/flight-pipeline.py took 1.021 seconds
[2026-05-02T05:19:32.900+0000] {processor.py:161} INFO - Started process (PID=9747) to work on /opt/airflow/dags/flight-pipeline.py
[2026-05-02T05:19:32.910+0000] {processor.py:830} INFO - Processing file /opt/airflow/dags/flight-pipeline.py for tasks to queue
[2026-05-02T05:19:32.912+0000] {logging_mixin.py:188} INFO - [2026-05-02T05:19:32.911+0000] {dagbag.py:545} INFO - Filling up the DagBag from /opt/airflow/dags/flight-pipeline.py
[2026-05-02T05:19:33.850+0000] {processor.py:840} INFO - DAG(s) 'flights_ops_medallion_pipe' retrieved from /opt/airflow/dags/flight-pipeline.py
[2026-05-02T05:19:33.881+0000] {logging_mixin.py:188} INFO - [2026-05-02T05:19:33.880+0000] {dag.py:3089} INFO - Sync 1 DAGs
[2026-05-02T05:19:33.904+0000] {logging_mixin.py:188} INFO - [2026-05-02T05:19:33.904+0000] {dag.py:3947} INFO - Setting next_dagrun for flights_ops_medallion_pipe to 2026-05-02 05:00:00+00:00, run_after=2026-05-02 05:30:00+00:00
[2026-05-02T05:19:33.923+0000] {processor.py:183} INFO - Processing /opt/airflow/dags/flight-pipeline.py took 1.032 seconds
[2026-05-02T05:20:04.132+0000] {processor.py:161} INFO - Started process (PID=9750) to work on /opt/airflow/dags/flight-pipeline.py
[2026-05-02T05:20:04.143+0000] {processor.py:830} INFO - Processing file /opt/airflow/dags/flight-pipeline.py for tasks to queue
[2026-05-02T05:20:04.144+0000] {logging_mixin.py:188} INFO - [2026-05-02T05:20:04.144+0000] {dagbag.py:545} INFO - Filling up the DagBag from /opt/airflow/dags/flight-pipeline.py
[2026-05-02T05:20:04.877+0000] {processor.py:840} INFO - DAG(s) 'flights_ops_medallion_pipe' retrieved from /opt/airflow/dags/flight-pipeline.py
[2026-05-02T05:20:04.912+0000] {logging_mixin.py:188} INFO - [2026-05-02T05:20:04.912+0000] {dag.py:3089} INFO - Sync 1 DAGs
[2026-05-02T05:20:05.106+0000] {logging_mixin.py:188} INFO - [2026-05-02T05:20:05.106+0000] {dag.py:3947} INFO - Setting next_dagrun for flights_ops_medallion_pipe to 2026-05-02 05:00:00+00:00, run_after=2026-05-02 05:30:00+00:00
[2026-05-02T05:20:05.128+0000] {processor.py:183} INFO - Processing /opt/airflow/dags/flight-pipeline.py took 1.007 seconds
[2026-05-02T05:20:35.379+0000] {processor.py:161} INFO - Started process (PID=9753) to work on /opt/airflow/dags/flight-pipeline.py
[2026-05-02T05:20:35.390+0000] {processor.py:830} INFO - Processing file /opt/airflow/dags/flight-pipeline.py for tasks to queue
[2026-05-02T05:20:35.391+0000] {logging_mixin.py:188} INFO - [2026-05-02T05:20:35.391+0000] {dagbag.py:545} INFO - Filling up the DagBag from /opt/airflow/dags/flight-pipeline.py
[2026-05-02T05:20:36.103+0000] {processor.py:840} INFO - DAG(s) 'flights_ops_medallion_pipe' retrieved from /opt/airflow/dags/flight-pipeline.py
[2026-05-02T05:20:36.139+0000] {logging_mixin.py:188} INFO - [2026-05-02T05:20:36.139+0000] {dag.py:3089} INFO - Sync 1 DAGs
[2026-05-02T05:20:36.375+0000] {logging_mixin.py:188} INFO - [2026-05-02T05:20:36.374+0000] {dag.py:3947} INFO - Setting next_dagrun for flights_ops_medallion_pipe to 2026-05-02 05:00:00+00:00, run_after=2026-05-02 05:30:00+00:00
[2026-05-02T05:20:36.396+0000] {processor.py:183} INFO - Processing /opt/airflow/dags/flight-pipeline.py took 1.025 seconds
[2026-05-02T05:21:06.608+0000] {processor.py:161} INFO - Started process (PID=9756) to work on /opt/airflow/dags/flight-pipeline.py
[2026-05-02T05:21:06.619+0000] {processor.py:830} INFO - Processing file /opt/airflow/dags/flight-pipeline.py for tasks to queue
[2026-05-02T05:21:06.621+0000] {logging_mixin.py:188} INFO - [2026-05-02T05:21:06.620+0000] {dagbag.py:545} INFO - Filling up the DagBag from /opt/airflow/dags/flight-pipeline.py
[2026-05-02T05:21:07.345+0000] {processor.py:840} INFO - DAG(s) 'flights_ops_medallion_pipe' retrieved from /opt/airflow/dags/flight-pipeline.py
[2026-05-02T05:21:07.557+0000] {logging_mixin.py:188} INFO - [2026-05-02T05:21:07.557+0000] {dag.py:3089} INFO - Sync 1 DAGs
[2026-05-02T05:21:07.581+0000] {logging_mixin.py:188} INFO - [2026-05-02T05:21:07.581+0000] {dag.py:3947} INFO - Setting next_dagrun for flights_ops_medallion_pipe to 2026-05-02 05:00:00+00:00, run_after=2026-05-02 05:30:00+00:00
[2026-05-02T05:21:07.602+0000] {processor.py:183} INFO - Processing /opt/airflow/dags/flight-pipeline.py took 1.001 seconds
[2026-05-02T05:21:37.834+0000] {processor.py:161} INFO - Started process (PID=9759) to work on /opt/airflow/dags/flight-pipeline.py
[2026-05-02T05:21:37.846+0000] {processor.py:830} INFO - Processing file /opt/airflow/dags/flight-pipeline.py for tasks to queue
[2026-05-02T05:21:37.847+0000] {logging_mixin.py:188} INFO - [2026-05-02T05:21:37.847+0000] {dagbag.py:545} INFO - Filling up the DagBag from /opt/airflow/dags/flight-pipeline.py
[2026-05-02T05:21:38.721+0000] {processor.py:840} INFO - DAG(s) 'flights_ops_medallion_pipe' retrieved from /opt/airflow/dags/flight-pipeline.py
[2026-05-02T05:21:38.756+0000] {logging_mixin.py:188} INFO - [2026-05-02T05:21:38.756+0000] {dag.py:3089} INFO - Sync 1 DAGs
[2026-05-02T05:21:38.777+0000] {logging_mixin.py:188} INFO - [2026-05-02T05:21:38.777+0000] {dag.py:3947} INFO - Setting next_dagrun for flights_ops_medallion_pipe to 2026-05-02 05:00:00+00:00, run_after=2026-05-02 05:30:00+00:00
[2026-05-02T05:21:38.796+0000] {processor.py:183} INFO - Processing /opt/airflow/dags/flight-pipeline.py took 0.970 seconds
[2026-05-02T05:22:09.317+0000] {processor.py:161} INFO - Started process (PID=9762) to work on /opt/airflow/dags/flight-pipeline.py
[2026-05-02T05:22:09.337+0000] {processor.py:830} INFO - Processing file /opt/airflow/dags/flight-pipeline.py for tasks to queue
[2026-05-02T05:22:09.341+0000] {logging_mixin.py:188} INFO - [2026-05-02T05:22:09.339+0000] {dagbag.py:545} INFO - Filling up the DagBag from /opt/airflow/dags/flight-pipeline.py
[2026-05-02T05:22:11.327+0000] {processor.py:840} INFO - DAG(s) 'flights_ops_medallion_pipe' retrieved from /opt/airflow/dags/flight-pipeline.py
[2026-05-02T05:22:11.375+0000] {logging_mixin.py:188} INFO - [2026-05-02T05:22:11.375+0000] {dag.py:3089} INFO - Sync 1 DAGs
[2026-05-02T05:22:11.404+0000] {logging_mixin.py:188} INFO - [2026-05-02T05:22:11.404+0000] {dag.py:3947} INFO - Setting next_dagrun for flights_ops_medallion_pipe to 2026-05-02 05:00:00+00:00, run_after=2026-05-02 05:30:00+00:00
[2026-05-02T05:22:11.426+0000] {processor.py:183} INFO - Processing /opt/airflow/dags/flight-pipeline.py took 2.163 seconds
[2026-05-02T05:22:41.711+0000] {processor.py:161} INFO - Started process (PID=9765) to work on /opt/airflow/dags/flight-pipeline.py
[2026-05-02T05:22:41.716+0000] {processor.py:830} INFO - Processing file /opt/airflow/dags/flight-pipeline.py for tasks to queue
[2026-05-02T05:22:41.718+0000] {logging_mixin.py:188} INFO - [2026-05-02T05:22:41.717+0000] {dagbag.py:545} INFO - Filling up the DagBag from /opt/airflow/dags/flight-pipeline.py
[2026-05-02T05:22:43.187+0000] {processor.py:840} INFO - DAG(s) 'flights_ops_medallion_pipe' retrieved from /opt/airflow/dags/flight-pipeline.py
[2026-05-02T05:22:43.233+0000] {logging_mixin.py:188} INFO - [2026-05-02T05:22:43.233+0000] {dag.py:3089} INFO - Sync 1 DAGs
[2026-05-02T05:22:43.260+0000] {logging_mixin.py:188} INFO - [2026-05-02T05:22:43.259+0000] {dag.py:3947} INFO - Setting next_dagrun for flights_ops_medallion_pipe to 2026-05-02 05:00:00+00:00, run_after=2026-05-02 05:30:00+00:00
[2026-05-02T05:22:43.279+0000] {processor.py:183} INFO - Processing /opt/airflow/dags/flight-pipeline.py took 1.589 seconds
[2026-05-02T05:23:13.754+0000] {processor.py:161} INFO - Started process (PID=9768) to work on /opt/airflow/dags/flight-pipeline.py
[2026-05-02T05:23:13.759+0000] {processor.py:830} INFO - Processing file /opt/airflow/dags/flight-pipeline.py for tasks to queue
[2026-05-02T05:23:13.764+0000] {logging_mixin.py:188} INFO - [2026-05-02T05:23:13.763+0000] {dagbag.py:545} INFO - Filling up the DagBag from /opt/airflow/dags/flight-pipeline.py
[2026-05-02T05:23:14.510+0000] {processor.py:840} INFO - DAG(s) 'flights_ops_medallion_pipe' retrieved from /opt/airflow/dags/flight-pipeline.py
[2026-05-02T05:23:14.550+0000] {logging_mixin.py:188} INFO - [2026-05-02T05:23:14.549+0000] {dag.py:3089} INFO - Sync 1 DAGs
[2026-05-02T05:23:14.766+0000] {logging_mixin.py:188} INFO - [2026-05-02T05:23:14.766+0000] {dag.py:3947} INFO - Setting next_dagrun for flights_ops_medallion_pipe to 2026-05-02 05:00:00+00:00, run_after=2026-05-02 05:30:00+00:00
[2026-05-02T05:23:14.789+0000] {processor.py:183} INFO - Processing /opt/airflow/dags/flight-pipeline.py took 1.050 seconds
[2026-05-02T05:23:45.080+0000] {processor.py:161} INFO - Started process (PID=9771) to work on /opt/airflow/dags/flight-pipeline.py
[2026-05-02T05:23:45.083+0000] {processor.py:830} INFO - Processing file /opt/airflow/dags/flight-pipeline.py for tasks to queue
[2026-05-02T05:23:45.085+0000] {logging_mixin.py:188} INFO - [2026-05-02T05:23:45.084+0000] {dagbag.py:545} INFO - Filling up the DagBag from /opt/airflow/dags/flight-pipeline.py
[2026-05-02T05:23:45.814+0000] {processor.py:840} INFO - DAG(s) 'flights_ops_medallion_pipe' retrieved from /opt/airflow/dags/flight-pipeline.py
[2026-05-02T05:23:45.870+0000] {logging_mixin.py:188} INFO - [2026-05-02T05:23:45.870+0000] {dag.py:3089} INFO - Sync 1 DAGs
[2026-05-02T05:23:46.076+0000] {logging_mixin.py:188} INFO - [2026-05-02T05:23:46.076+0000] {dag.py:3947} INFO - Setting next_dagrun for flights_ops_medallion_pipe to 2026-05-02 05:00:00+00:00, run_after=2026-05-02 05:30:00+00:00
[2026-05-02T05:23:46.097+0000] {processor.py:183} INFO - Processing /opt/airflow/dags/flight-pipeline.py took 1.024 seconds
[2026-05-02T05:24:16.348+0000] {processor.py:161} INFO - Started process (PID=9774) to work on /opt/airflow/dags/flight-pipeline.py
[2026-05-02T05:24:16.351+0000] {processor.py:830} INFO - Processing file /opt/airflow/dags/flight-pipeline.py for tasks to queue
[2026-05-02T05:24:16.352+0000] {logging_mixin.py:188} INFO - [2026-05-02T05:24:16.352+0000] {dagbag.py:545} INFO - Filling up the DagBag from /opt/airflow/dags/flight-pipeline.py
[2026-05-02T05:24:17.031+0000] {processor.py:840} INFO - DAG(s) 'flights_ops_medallion_pipe' retrieved from /opt/airflow/dags/flight-pipeline.py
[2026-05-02T05:24:17.216+0000] {logging_mixin.py:188} INFO - [2026-05-02T05:24:17.216+0000] {dag.py:3089} INFO - Sync 1 DAGs
[2026-05-02T05:24:17.239+0000] {logging_mixin.py:188} INFO - [2026-05-02T05:24:17.239+0000] {dag.py:3947} INFO - Setting next_dagrun for flights_ops_medallion_pipe to 2026-05-02 05:00:00+00:00, run_after=2026-05-02 05:30:00+00:00
[2026-05-02T05:24:17.256+0000] {processor.py:183} INFO - Processing /opt/airflow/dags/flight-pipeline.py took 0.916 seconds
[2026-05-02T05:24:47.482+0000] {processor.py:161} INFO - Started process (PID=9777) to work on /opt/airflow/dags/flight-pipeline.py
[2026-05-02T05:24:47.493+0000] {processor.py:830} INFO - Processing file /opt/airflow/dags/flight-pipeline.py for tasks to queue
[2026-05-02T05:24:47.495+0000] {logging_mixin.py:188} INFO - [2026-05-02T05:24:47.494+0000] {dagbag.py:545} INFO - Filling up the DagBag from /opt/airflow/dags/flight-pipeline.py
[2026-05-02T05:24:48.432+0000] {processor.py:840} INFO - DAG(s) 'flights_ops_medallion_pipe' retrieved from /opt/airflow/dags/flight-pipeline.py
[2026-05-02T05:24:48.465+0000] {logging_mixin.py:188} INFO - [2026-05-02T05:24:48.464+0000] {dag.py:3089} INFO - Sync 1 DAGs
[2026-05-02T05:24:48.487+0000] {logging_mixin.py:188} INFO - [2026-05-02T05:24:48.487+0000] {dag.py:3947} INFO - Setting next_dagrun for flights_ops_medallion_pipe to 2026-05-02 05:00:00+00:00, run_after=2026-05-02 05:30:00+00:00
[2026-05-02T05:24:48.506+0000] {processor.py:183} INFO - Processing /opt/airflow/dags/flight-pipeline.py took 1.033 seconds
[2026-05-02T05:25:18.746+0000] {processor.py:161} INFO - Started process (PID=9780) to work on /opt/airflow/dags/flight-pipeline.py
[2026-05-02T05:25:18.757+0000] {processor.py:830} INFO - Processing file /opt/airflow/dags/flight-pipeline.py for tasks to queue
[2026-05-02T05:25:18.759+0000] {logging_mixin.py:188} INFO - [2026-05-02T05:25:18.758+0000] {dagbag.py:545} INFO - Filling up the DagBag from /opt/airflow/dags/flight-pipeline.py
[2026-05-02T05:25:19.768+0000] {processor.py:840} INFO - DAG(s) 'flights_ops_medallion_pipe' retrieved from /opt/airflow/dags/flight-pipeline.py
[2026-05-02T05:25:19.802+0000] {logging_mixin.py:188} INFO - [2026-05-02T05:25:19.802+0000] {dag.py:3089} INFO - Sync 1 DAGs
[2026-05-02T05:25:19.823+0000] {logging_mixin.py:188} INFO - [2026-05-02T05:25:19.823+0000] {dag.py:3947} INFO - Setting next_dagrun for flights_ops_medallion_pipe to 2026-05-02 05:00:00+00:00, run_after=2026-05-02 05:30:00+00:00
[2026-05-02T05:25:19.842+0000] {processor.py:183} INFO - Processing /opt/airflow/dags/flight-pipeline.py took 1.105 seconds
[2026-05-02T05:25:49.946+0000] {processor.py:161} INFO - Started process (PID=9783) to work on /opt/airflow/dags/flight-pipeline.py
[2026-05-02T05:25:49.958+0000] {processor.py:830} INFO - Processing file /opt/airflow/dags/flight-pipeline.py for tasks to queue
[2026-05-02T05:25:49.959+0000] {logging_mixin.py:188} INFO - [2026-05-02T05:25:49.959+0000] {dagbag.py:545} INFO - Filling up the DagBag from /opt/airflow/dags/flight-pipeline.py
[2026-05-02T05:25:51.033+0000] {processor.py:840} INFO - DAG(s) 'flights_ops_medallion_pipe' retrieved from /opt/airflow/dags/flight-pipeline.py
[2026-05-02T05:25:51.073+0000] {logging_mixin.py:188} INFO - [2026-05-02T05:25:51.073+0000] {dag.py:3089} INFO - Sync 1 DAGs
[2026-05-02T05:25:51.097+0000] {logging_mixin.py:188} INFO - [2026-05-02T05:25:51.097+0000] {dag.py:3947} INFO - Setting next_dagrun for flights_ops_medallion_pipe to 2026-05-02 05:00:00+00:00, run_after=2026-05-02 05:30:00+00:00
[2026-05-02T05:25:51.119+0000] {processor.py:183} INFO - Processing /opt/airflow/dags/flight-pipeline.py took 1.183 seconds
[2026-05-02T05:26:21.183+0000] {processor.py:161} INFO - Started process (PID=9786) to work on /opt/airflow/dags/flight-pipeline.py
[2026-05-02T05:26:21.196+0000] {processor.py:830} INFO - Processing file /opt/airflow/dags/flight-pipeline.py for tasks to queue
[2026-05-02T05:26:21.198+0000] {logging_mixin.py:188} INFO - [2026-05-02T05:26:21.197+0000] {dagbag.py:545} INFO - Filling up the DagBag from /opt/airflow/dags/flight-pipeline.py
[2026-05-02T05:26:21.980+0000] {processor.py:840} INFO - DAG(s) 'flights_ops_medallion_pipe' retrieved from /opt/airflow/dags/flight-pipeline.py
[2026-05-02T05:26:22.018+0000] {logging_mixin.py:188} INFO - [2026-05-02T05:26:22.017+0000] {dag.py:3089} INFO - Sync 1 DAGs
[2026-05-02T05:26:22.213+0000] {logging_mixin.py:188} INFO - [2026-05-02T05:26:22.213+0000] {dag.py:3947} INFO - Setting next_dagrun for flights_ops_medallion_pipe to 2026-05-02 05:00:00+00:00, run_after=2026-05-02 05:30:00+00:00
[2026-05-02T05:26:22.233+0000] {processor.py:183} INFO - Processing /opt/airflow/dags/flight-pipeline.py took 1.058 seconds
[2026-05-02T05:26:52.453+0000] {processor.py:161} INFO - Started process (PID=9789) to work on /opt/airflow/dags/flight-pipeline.py
[2026-05-02T05:26:52.456+0000] {processor.py:830} INFO - Processing file /opt/airflow/dags/flight-pipeline.py for tasks to queue
[2026-05-02T05:26:52.457+0000] {logging_mixin.py:188} INFO - [2026-05-02T05:26:52.456+0000] {dagbag.py:545} INFO - Filling up the DagBag from /opt/airflow/dags/flight-pipeline.py
[2026-05-02T05:26:53.160+0000] {processor.py:840} INFO - DAG(s) 'flights_ops_medallion_pipe' retrieved from /opt/airflow/dags/flight-pipeline.py
[2026-05-02T05:26:53.361+0000] {logging_mixin.py:188} INFO - [2026-05-02T05:26:53.361+0000] {dag.py:3089} INFO - Sync 1 DAGs
[2026-05-02T05:26:53.386+0000] {logging_mixin.py:188} INFO - [2026-05-02T05:26:53.386+0000] {dag.py:3947} INFO - Setting next_dagrun for flights_ops_medallion_pipe to 2026-05-02 05:00:00+00:00, run_after=2026-05-02 05:30:00+00:00
[2026-05-02T05:26:53.407+0000] {processor.py:183} INFO - Processing /opt/airflow/dags/flight-pipeline.py took 0.962 seconds
[2026-05-02T05:27:23.653+0000] {processor.py:161} INFO - Started process (PID=9792) to work on /opt/airflow/dags/flight-pipeline.py
[2026-05-02T05:27:23.664+0000] {processor.py:830} INFO - Processing file /opt/airflow/dags/flight-pipeline.py for tasks to queue
[2026-05-02T05:27:23.665+0000] {logging_mixin.py:188} INFO - [2026-05-02T05:27:23.665+0000] {dagbag.py:545} INFO - Filling up the DagBag from /opt/airflow/dags/flight-pipeline.py
[2026-05-02T05:27:24.426+0000] {processor.py:840} INFO - DAG(s) 'flights_ops_medallion_pipe' retrieved from /opt/airflow/dags/flight-pipeline.py
[2026-05-02T05:27:24.674+0000] {logging_mixin.py:188} INFO - [2026-05-02T05:27:24.673+0000] {dag.py:3089} INFO - Sync 1 DAGs
[2026-05-02T05:27:24.712+0000] {logging_mixin.py:188} INFO - [2026-05-02T05:27:24.712+0000] {dag.py:3947} INFO - Setting next_dagrun for flights_ops_medallion_pipe to 2026-05-02 05:00:00+00:00, run_after=2026-05-02 05:30:00+00:00
[2026-05-02T05:27:24.738+0000] {processor.py:183} INFO - Processing /opt/airflow/dags/flight-pipeline.py took 1.093 seconds
[2026-05-02T05:27:54.933+0000] {processor.py:161} INFO - Started process (PID=9795) to work on /opt/airflow/dags/flight-pipeline.py
[2026-05-02T05:27:54.946+0000] {processor.py:830} INFO - Processing file /opt/airflow/dags/flight-pipeline.py for tasks to queue
[2026-05-02T05:27:54.956+0000] {logging_mixin.py:188} INFO - [2026-05-02T05:27:54.951+0000] {dagbag.py:545} INFO - Filling up the DagBag from /opt/airflow/dags/flight-pipeline.py
[2026-05-02T05:27:55.799+0000] {processor.py:840} INFO - DAG(s) 'flights_ops_medallion_pipe' retrieved from /opt/airflow/dags/flight-pipeline.py
[2026-05-02T05:27:55.830+0000] {logging_mixin.py:188} INFO - [2026-05-02T05:27:55.829+0000] {dag.py:3089} INFO - Sync 1 DAGs
[2026-05-02T05:27:55.849+0000] {logging_mixin.py:188} INFO - [2026-05-02T05:27:55.849+0000] {dag.py:3947} INFO - Setting next_dagrun for flights_ops_medallion_pipe to 2026-05-02 05:00:00+00:00, run_after=2026-05-02 05:30:00+00:00
[2026-05-02T05:27:55.866+0000] {processor.py:183} INFO - Processing /opt/airflow/dags/flight-pipeline.py took 0.941 seconds
[2026-05-02T05:28:26.117+0000] {processor.py:161} INFO - Started process (PID=9798) to work on /opt/airflow/dags/flight-pipeline.py
[2026-05-02T05:28:26.129+0000] {processor.py:830} INFO - Processing file /opt/airflow/dags/flight-pipeline.py for tasks to queue
[2026-05-02T05:28:26.131+0000] {logging_mixin.py:188} INFO - [2026-05-02T05:28:26.129+0000] {dagbag.py:545} INFO - Filling up the DagBag from /opt/airflow/dags/flight-pipeline.py
[2026-05-02T05:28:27.041+0000] {processor.py:840} INFO - DAG(s) 'flights_ops_medallion_pipe' retrieved from /opt/airflow/dags/flight-pipeline.py
[2026-05-02T05:28:27.101+0000] {logging_mixin.py:188} INFO - [2026-05-02T05:28:27.101+0000] {dag.py:3089} INFO - Sync 1 DAGs
[2026-05-02T05:28:27.145+0000] {logging_mixin.py:188} INFO - [2026-05-02T05:28:27.144+0000] {dag.py:3947} INFO - Setting next_dagrun for flights_ops_medallion_pipe to 2026-05-02 05:00:00+00:00, run_after=2026-05-02 05:30:00+00:00
[2026-05-02T05:28:27.172+0000] {processor.py:183} INFO - Processing /opt/airflow/dags/flight-pipeline.py took 1.062 seconds
[2026-05-02T05:28:57.380+0000] {processor.py:161} INFO - Started process (PID=9801) to work on /opt/airflow/dags/flight-pipeline.py
[2026-05-02T05:28:57.383+0000] {processor.py:830} INFO - Processing file /opt/airflow/dags/flight-pipeline.py for tasks to queue
[2026-05-02T05:28:57.384+0000] {logging_mixin.py:188} INFO - [2026-05-02T05:28:57.383+0000] {dagbag.py:545} INFO - Filling up the DagBag from /opt/airflow/dags/flight-pipeline.py
[2026-05-02T05:28:58.207+0000] {processor.py:840} INFO - DAG(s) 'flights_ops_medallion_pipe' retrieved from /opt/airflow/dags/flight-pipeline.py
[2026-05-02T05:28:58.248+0000] {logging_mixin.py:188} INFO - [2026-05-02T05:28:58.247+0000] {dag.py:3089} INFO - Sync 1 DAGs
[2026-05-02T05:28:58.274+0000] {logging_mixin.py:188} INFO - [2026-05-02T05:28:58.274+0000] {dag.py:3947} INFO - Setting next_dagrun for flights_ops_medallion_pipe to 2026-05-02 05:00:00+00:00, run_after=2026-05-02 05:30:00+00:00
[2026-05-02T05:28:58.297+0000] {processor.py:183} INFO - Processing /opt/airflow/dags/flight-pipeline.py took 0.924 seconds
[2026-05-02T05:29:28.511+0000] {processor.py:161} INFO - Started process (PID=9804) to work on /opt/airflow/dags/flight-pipeline.py
[2026-05-02T05:29:28.514+0000] {processor.py:830} INFO - Processing file /opt/airflow/dags/flight-pipeline.py for tasks to queue
[2026-05-02T05:29:28.515+0000] {logging_mixin.py:188} INFO - [2026-05-02T05:29:28.514+0000] {dagbag.py:545} INFO - Filling up the DagBag from /opt/airflow/dags/flight-pipeline.py
[2026-05-02T05:29:29.248+0000] {processor.py:840} INFO - DAG(s) 'flights_ops_medallion_pipe' retrieved from /opt/airflow/dags/flight-pipeline.py
[2026-05-02T05:29:29.285+0000] {logging_mixin.py:188} INFO - [2026-05-02T05:29:29.285+0000] {dag.py:3089} INFO - Sync 1 DAGs
[2026-05-02T05:29:29.471+0000] {logging_mixin.py:188} INFO - [2026-05-02T05:29:29.471+0000] {dag.py:3947} INFO - Setting next_dagrun for flights_ops_medallion_pipe to 2026-05-02 05:00:00+00:00, run_after=2026-05-02 05:30:00+00:00
[2026-05-02T05:29:29.493+0000] {processor.py:183} INFO - Processing /opt/airflow/dags/flight-pipeline.py took 0.990 seconds
[2026-05-02T05:29:59.759+0000] {processor.py:161} INFO - Started process (PID=9807) to work on /opt/airflow/dags/flight-pipeline.py
[2026-05-02T05:29:59.762+0000] {processor.py:830} INFO - Processing file /opt/airflow/dags/flight-pipeline.py for tasks to queue
[2026-05-02T05:29:59.764+0000] {logging_mixin.py:188} INFO - [2026-05-02T05:29:59.763+0000] {dagbag.py:545} INFO - Filling up the DagBag from /opt/airflow/dags/flight-pipeline.py
[2026-05-02T05:30:00.443+0000] {processor.py:840} INFO - DAG(s) 'flights_ops_medallion_pipe' retrieved from /opt/airflow/dags/flight-pipeline.py
[2026-05-02T05:30:00.623+0000] {logging_mixin.py:188} INFO - [2026-05-02T05:30:00.623+0000] {dag.py:3089} INFO - Sync 1 DAGs
[2026-05-02T05:30:00.647+0000] {logging_mixin.py:188} INFO - [2026-05-02T05:30:00.647+0000] {dag.py:3947} INFO - Setting next_dagrun for flights_ops_medallion_pipe to 2026-05-02 05:00:00+00:00, run_after=2026-05-02 05:30:00+00:00
[2026-05-02T05:30:00.667+0000] {processor.py:183} INFO - Processing /opt/airflow/dags/flight-pipeline.py took 0.916 seconds
[2026-05-02T05:30:30.956+0000] {processor.py:161} INFO - Started process (PID=9854) to work on /opt/airflow/dags/flight-pipeline.py
[2026-05-02T05:30:30.961+0000] {processor.py:830} INFO - Processing file /opt/airflow/dags/flight-pipeline.py for tasks to queue
[2026-05-02T05:30:30.963+0000] {logging_mixin.py:188} INFO - [2026-05-02T05:30:30.962+0000] {dagbag.py:545} INFO - Filling up the DagBag from /opt/airflow/dags/flight-pipeline.py
[2026-05-02T05:30:32.259+0000] {processor.py:840} INFO - DAG(s) 'flights_ops_medallion_pipe' retrieved from /opt/airflow/dags/flight-pipeline.py
[2026-05-02T05:30:33.006+0000] {logging_mixin.py:188} INFO - [2026-05-02T05:30:33.005+0000] {dag.py:3089} INFO - Sync 1 DAGs
[2026-05-02T05:30:33.054+0000] {logging_mixin.py:188} INFO - [2026-05-02T05:30:33.054+0000] {dag.py:3947} INFO - Setting next_dagrun for flights_ops_medallion_pipe to 2026-05-02 05:30:00+00:00, run_after=2026-05-02 06:00:00+00:00
[2026-05-02T05:30:33.093+0000] {processor.py:183} INFO - Processing /opt/airflow/dags/flight-pipeline.py took 2.158 seconds
[2026-05-02T05:31:03.204+0000] {processor.py:161} INFO - Started process (PID=9857) to work on /opt/airflow/dags/flight-pipeline.py
[2026-05-02T05:31:03.207+0000] {processor.py:830} INFO - Processing file /opt/airflow/dags/flight-pipeline.py for tasks to queue
[2026-05-02T05:31:03.208+0000] {logging_mixin.py:188} INFO - [2026-05-02T05:31:03.208+0000] {dagbag.py:545} INFO - Filling up the DagBag from /opt/airflow/dags/flight-pipeline.py
[2026-05-02T05:31:04.217+0000] {processor.py:840} INFO - DAG(s) 'flights_ops_medallion_pipe' retrieved from /opt/airflow/dags/flight-pipeline.py
[2026-05-02T05:31:04.334+0000] {logging_mixin.py:188} INFO - [2026-05-02T05:31:04.334+0000] {dag.py:3089} INFO - Sync 1 DAGs
[2026-05-02T05:31:04.386+0000] {logging_mixin.py:188} INFO - [2026-05-02T05:31:04.386+0000] {dag.py:3947} INFO - Setting next_dagrun for flights_ops_medallion_pipe to 2026-05-02 05:30:00+00:00, run_after=2026-05-02 06:00:00+00:00
[2026-05-02T05:31:04.405+0000] {processor.py:183} INFO - Processing /opt/airflow/dags/flight-pipeline.py took 1.209 seconds
[2026-05-02T05:31:34.458+0000] {processor.py:161} INFO - Started process (PID=9860) to work on /opt/airflow/dags/flight-pipeline.py
[2026-05-02T05:31:34.463+0000] {processor.py:830} INFO - Processing file /opt/airflow/dags/flight-pipeline.py for tasks to queue
[2026-05-02T05:31:34.465+0000] {logging_mixin.py:188} INFO - [2026-05-02T05:31:34.464+0000] {dagbag.py:545} INFO - Filling up the DagBag from /opt/airflow/dags/flight-pipeline.py
[2026-05-02T05:31:35.444+0000] {processor.py:840} INFO - DAG(s) 'flights_ops_medallion_pipe' retrieved from /opt/airflow/dags/flight-pipeline.py
[2026-05-02T05:31:35.476+0000] {logging_mixin.py:188} INFO - [2026-05-02T05:31:35.475+0000] {dag.py:3089} INFO - Sync 1 DAGs
[2026-05-02T05:31:35.499+0000] {logging_mixin.py:188} INFO - [2026-05-02T05:31:35.499+0000] {dag.py:3947} INFO - Setting next_dagrun for flights_ops_medallion_pipe to 2026-05-02 05:30:00+00:00, run_after=2026-05-02 06:00:00+00:00
[2026-05-02T05:31:35.519+0000] {processor.py:183} INFO - Processing /opt/airflow/dags/flight-pipeline.py took 1.069 seconds
[2026-05-02T05:32:05.833+0000] {processor.py:161} INFO - Started process (PID=9863) to work on /opt/airflow/dags/flight-pipeline.py
[2026-05-02T05:32:05.837+0000] {processor.py:830} INFO - Processing file /opt/airflow/dags/flight-pipeline.py for tasks to queue
[2026-05-02T05:32:05.838+0000] {logging_mixin.py:188} INFO - [2026-05-02T05:32:05.838+0000] {dagbag.py:545} INFO - Filling up the DagBag from /opt/airflow/dags/flight-pipeline.py
[2026-05-02T05:32:06.625+0000] {processor.py:840} INFO - DAG(s) 'flights_ops_medallion_pipe' retrieved from /opt/airflow/dags/flight-pipeline.py
[2026-05-02T05:32:06.653+0000] {logging_mixin.py:188} INFO - [2026-05-02T05:32:06.652+0000] {dag.py:3089} INFO - Sync 1 DAGs
[2026-05-02T05:32:06.672+0000] {logging_mixin.py:188} INFO - [2026-05-02T05:32:06.672+0000] {dag.py:3947} INFO - Setting next_dagrun for flights_ops_medallion_pipe to 2026-05-02 05:30:00+00:00, run_after=2026-05-02 06:00:00+00:00
[2026-05-02T05:32:06.689+0000] {processor.py:183} INFO - Processing /opt/airflow/dags/flight-pipeline.py took 0.864 seconds
[2026-05-02T05:32:36.943+0000] {processor.py:161} INFO - Started process (PID=9866) to work on /opt/airflow/dags/flight-pipeline.py
[2026-05-02T05:32:36.948+0000] {processor.py:830} INFO - Processing file /opt/airflow/dags/flight-pipeline.py for tasks to queue
[2026-05-02T05:32:36.949+0000] {logging_mixin.py:188} INFO - [2026-05-02T05:32:36.949+0000] {dagbag.py:545} INFO - Filling up the DagBag from /opt/airflow/dags/flight-pipeline.py
[2026-05-02T05:32:37.770+0000] {processor.py:840} INFO - DAG(s) 'flights_ops_medallion_pipe' retrieved from /opt/airflow/dags/flight-pipeline.py
[2026-05-02T05:32:37.836+0000] {logging_mixin.py:188} INFO - [2026-05-02T05:32:37.835+0000] {dag.py:3089} INFO - Sync 1 DAGs
[2026-05-02T05:32:38.108+0000] {logging_mixin.py:188} INFO - [2026-05-02T05:32:38.107+0000] {dag.py:3947} INFO - Setting next_dagrun for flights_ops_medallion_pipe to 2026-05-02 05:30:00+00:00, run_after=2026-05-02 06:00:00+00:00
[2026-05-02T05:32:38.128+0000] {processor.py:183} INFO - Processing /opt/airflow/dags/flight-pipeline.py took 1.195 seconds
[2026-05-02T05:33:08.334+0000] {processor.py:161} INFO - Started process (PID=9869) to work on /opt/airflow/dags/flight-pipeline.py
[2026-05-02T05:33:08.338+0000] {processor.py:830} INFO - Processing file /opt/airflow/dags/flight-pipeline.py for tasks to queue
[2026-05-02T05:33:08.339+0000] {logging_mixin.py:188} INFO - [2026-05-02T05:33:08.338+0000] {dagbag.py:545} INFO - Filling up the DagBag from /opt/airflow/dags/flight-pipeline.py
[2026-05-02T05:33:08.947+0000] {processor.py:840} INFO - DAG(s) 'flights_ops_medallion_pipe' retrieved from /opt/airflow/dags/flight-pipeline.py
[2026-05-02T05:33:09.129+0000] {logging_mixin.py:188} INFO - [2026-05-02T05:33:09.129+0000] {dag.py:3089} INFO - Sync 1 DAGs
[2026-05-02T05:33:09.153+0000] {logging_mixin.py:188} INFO - [2026-05-02T05:33:09.153+0000] {dag.py:3947} INFO - Setting next_dagrun for flights_ops_medallion_pipe to 2026-05-02 05:30:00+00:00, run_after=2026-05-02 06:00:00+00:00
[2026-05-02T05:33:09.171+0000] {processor.py:183} INFO - Processing /opt/airflow/dags/flight-pipeline.py took 0.846 seconds
[2026-05-02T05:33:39.494+0000] {processor.py:161} INFO - Started process (PID=9872) to work on /opt/airflow/dags/flight-pipeline.py
[2026-05-02T05:33:39.498+0000] {processor.py:830} INFO - Processing file /opt/airflow/dags/flight-pipeline.py for tasks to queue
[2026-05-02T05:33:39.500+0000] {logging_mixin.py:188} INFO - [2026-05-02T05:33:39.499+0000] {dagbag.py:545} INFO - Filling up the DagBag from /opt/airflow/dags/flight-pipeline.py
[2026-05-02T05:33:40.447+0000] {processor.py:840} INFO - DAG(s) 'flights_ops_medallion_pipe' retrieved from /opt/airflow/dags/flight-pipeline.py
[2026-05-02T05:33:40.482+0000] {logging_mixin.py:188} INFO - [2026-05-02T05:33:40.481+0000] {dag.py:3089} INFO - Sync 1 DAGs
[2026-05-02T05:33:40.501+0000] {logging_mixin.py:188} INFO - [2026-05-02T05:33:40.501+0000] {dag.py:3947} INFO - Setting next_dagrun for flights_ops_medallion_pipe to 2026-05-02 05:30:00+00:00, run_after=2026-05-02 06:00:00+00:00
[2026-05-02T05:33:40.519+0000] {processor.py:183} INFO - Processing /opt/airflow/dags/flight-pipeline.py took 1.039 seconds
[2026-05-02T05:34:10.756+0000] {processor.py:161} INFO - Started process (PID=9875) to work on /opt/airflow/dags/flight-pipeline.py
[2026-05-02T05:34:10.759+0000] {processor.py:830} INFO - Processing file /opt/airflow/dags/flight-pipeline.py for tasks to queue
[2026-05-02T05:34:10.760+0000] {logging_mixin.py:188} INFO - [2026-05-02T05:34:10.760+0000] {dagbag.py:545} INFO - Filling up the DagBag from /opt/airflow/dags/flight-pipeline.py
[2026-05-02T05:34:11.567+0000] {processor.py:840} INFO - DAG(s) 'flights_ops_medallion_pipe' retrieved from /opt/airflow/dags/flight-pipeline.py
[2026-05-02T05:34:11.596+0000] {logging_mixin.py:188} INFO - [2026-05-02T05:34:11.595+0000] {dag.py:3089} INFO - Sync 1 DAGs
[2026-05-02T05:34:11.614+0000] {logging_mixin.py:188} INFO - [2026-05-02T05:34:11.614+0000] {dag.py:3947} INFO - Setting next_dagrun for flights_ops_medallion_pipe to 2026-05-02 05:30:00+00:00, run_after=2026-05-02 06:00:00+00:00
[2026-05-02T05:34:11.630+0000] {processor.py:183} INFO - Processing /opt/airflow/dags/flight-pipeline.py took 0.881 seconds
[2026-05-02T05:34:41.925+0000] {processor.py:161} INFO - Started process (PID=9878) to work on /opt/airflow/dags/flight-pipeline.py
[2026-05-02T05:34:41.928+0000] {processor.py:830} INFO - Processing file /opt/airflow/dags/flight-pipeline.py for tasks to queue
[2026-05-02T05:34:41.929+0000] {logging_mixin.py:188} INFO - [2026-05-02T05:34:41.929+0000] {dagbag.py:545} INFO - Filling up the DagBag from /opt/airflow/dags/flight-pipeline.py
[2026-05-02T05:34:42.850+0000] {processor.py:840} INFO - DAG(s) 'flights_ops_medallion_pipe' retrieved from /opt/airflow/dags/flight-pipeline.py
[2026-05-02T05:34:42.882+0000] {logging_mixin.py:188} INFO - [2026-05-02T05:34:42.881+0000] {dag.py:3089} INFO - Sync 1 DAGs
[2026-05-02T05:34:42.903+0000] {logging_mixin.py:188} INFO - [2026-05-02T05:34:42.903+0000] {dag.py:3947} INFO - Setting next_dagrun for flights_ops_medallion_pipe to 2026-05-02 05:30:00+00:00, run_after=2026-05-02 06:00:00+00:00
[2026-05-02T05:34:42.922+0000] {processor.py:183} INFO - Processing /opt/airflow/dags/flight-pipeline.py took 1.007 seconds
[2026-05-02T05:35:13.188+0000] {processor.py:161} INFO - Started process (PID=9881) to work on /opt/airflow/dags/flight-pipeline.py
[2026-05-02T05:35:13.198+0000] {processor.py:830} INFO - Processing file /opt/airflow/dags/flight-pipeline.py for tasks to queue
[2026-05-02T05:35:13.199+0000] {logging_mixin.py:188} INFO - [2026-05-02T05:35:13.198+0000] {dagbag.py:545} INFO - Filling up the DagBag from /opt/airflow/dags/flight-pipeline.py
[2026-05-02T05:35:14.108+0000] {processor.py:840} INFO - DAG(s) 'flights_ops_medallion_pipe' retrieved from /opt/airflow/dags/flight-pipeline.py
[2026-05-02T05:35:14.140+0000] {logging_mixin.py:188} INFO - [2026-05-02T05:35:14.140+0000] {dag.py:3089} INFO - Sync 1 DAGs
[2026-05-02T05:35:14.165+0000] {logging_mixin.py:188} INFO - [2026-05-02T05:35:14.165+0000] {dag.py:3947} INFO - Setting next_dagrun for flights_ops_medallion_pipe to 2026-05-02 05:30:00+00:00, run_after=2026-05-02 06:00:00+00:00
[2026-05-02T05:35:14.189+0000] {processor.py:183} INFO - Processing /opt/airflow/dags/flight-pipeline.py took 1.011 seconds
[2026-05-02T05:35:44.555+0000] {processor.py:161} INFO - Started process (PID=9884) to work on /opt/airflow/dags/flight-pipeline.py
[2026-05-02T05:35:44.560+0000] {processor.py:830} INFO - Processing file /opt/airflow/dags/flight-pipeline.py for tasks to queue
[2026-05-02T05:35:44.561+0000] {logging_mixin.py:188} INFO - [2026-05-02T05:35:44.561+0000] {dagbag.py:545} INFO - Filling up the DagBag from /opt/airflow/dags/flight-pipeline.py
[2026-05-02T05:35:45.254+0000] {processor.py:840} INFO - DAG(s) 'flights_ops_medallion_pipe' retrieved from /opt/airflow/dags/flight-pipeline.py
[2026-05-02T05:35:45.291+0000] {logging_mixin.py:188} INFO - [2026-05-02T05:35:45.291+0000] {dag.py:3089} INFO - Sync 1 DAGs
[2026-05-02T05:35:45.482+0000] {logging_mixin.py:188} INFO - [2026-05-02T05:35:45.482+0000] {dag.py:3947} INFO - Setting next_dagrun for flights_ops_medallion_pipe to 2026-05-02 05:30:00+00:00, run_after=2026-05-02 06:00:00+00:00
[2026-05-02T05:35:45.502+0000] {processor.py:183} INFO - Processing /opt/airflow/dags/flight-pipeline.py took 0.959 seconds
[2026-05-02T05:36:15.875+0000] {processor.py:161} INFO - Started process (PID=9887) to work on /opt/airflow/dags/flight-pipeline.py
[2026-05-02T05:36:15.879+0000] {processor.py:830} INFO - Processing file /opt/airflow/dags/flight-pipeline.py for tasks to queue
[2026-05-02T05:36:15.880+0000] {logging_mixin.py:188} INFO - [2026-05-02T05:36:15.879+0000] {dagbag.py:545} INFO - Filling up the DagBag from /opt/airflow/dags/flight-pipeline.py
[2026-05-02T05:36:16.851+0000] {processor.py:840} INFO - DAG(s) 'flights_ops_medallion_pipe' retrieved from /opt/airflow/dags/flight-pipeline.py
[2026-05-02T05:36:17.126+0000] {logging_mixin.py:188} INFO - [2026-05-02T05:36:17.125+0000] {dag.py:3089} INFO - Sync 1 DAGs
[2026-05-02T05:36:17.151+0000] {logging_mixin.py:188} INFO - [2026-05-02T05:36:17.151+0000] {dag.py:3947} INFO - Setting next_dagrun for flights_ops_medallion_pipe to 2026-05-02 05:30:00+00:00, run_after=2026-05-02 06:00:00+00:00
[2026-05-02T05:36:17.171+0000] {processor.py:183} INFO - Processing /opt/airflow/dags/flight-pipeline.py took 1.307 seconds
[2026-05-02T05:36:47.441+0000] {processor.py:161} INFO - Started process (PID=9890) to work on /opt/airflow/dags/flight-pipeline.py
[2026-05-02T05:36:47.444+0000] {processor.py:830} INFO - Processing file /opt/airflow/dags/flight-pipeline.py for tasks to queue
[2026-05-02T05:36:47.445+0000] {logging_mixin.py:188} INFO - [2026-05-02T05:36:47.445+0000] {dagbag.py:545} INFO - Filling up the DagBag from /opt/airflow/dags/flight-pipeline.py
[2026-05-02T05:36:48.340+0000] {processor.py:840} INFO - DAG(s) 'flights_ops_medallion_pipe' retrieved from /opt/airflow/dags/flight-pipeline.py
[2026-05-02T05:36:48.375+0000] {logging_mixin.py:188} INFO - [2026-05-02T05:36:48.375+0000] {dag.py:3089} INFO - Sync 1 DAGs
[2026-05-02T05:36:48.398+0000] {logging_mixin.py:188} INFO - [2026-05-02T05:36:48.398+0000] {dag.py:3947} INFO - Setting next_dagrun for flights_ops_medallion_pipe to 2026-05-02 05:30:00+00:00, run_after=2026-05-02 06:00:00+00:00
[2026-05-02T05:36:48.415+0000] {processor.py:183} INFO - Processing /opt/airflow/dags/flight-pipeline.py took 0.983 seconds
[2026-05-02T05:37:18.680+0000] {processor.py:161} INFO - Started process (PID=9893) to work on /opt/airflow/dags/flight-pipeline.py
[2026-05-02T05:37:18.683+0000] {processor.py:830} INFO - Processing file /opt/airflow/dags/flight-pipeline.py for tasks to queue
[2026-05-02T05:37:18.684+0000] {logging_mixin.py:188} INFO - [2026-05-02T05:37:18.683+0000] {dagbag.py:545} INFO - Filling up the DagBag from /opt/airflow/dags/flight-pipeline.py
[2026-05-02T05:37:19.479+0000] {processor.py:840} INFO - DAG(s) 'flights_ops_medallion_pipe' retrieved from /opt/airflow/dags/flight-pipeline.py
[2026-05-02T05:37:19.511+0000] {logging_mixin.py:188} INFO - [2026-05-02T05:37:19.511+0000] {dag.py:3089} INFO - Sync 1 DAGs
[2026-05-02T05:37:19.531+0000] {logging_mixin.py:188} INFO - [2026-05-02T05:37:19.531+0000] {dag.py:3947} INFO - Setting next_dagrun for flights_ops_medallion_pipe to 2026-05-02 05:30:00+00:00, run_after=2026-05-02 06:00:00+00:00
[2026-05-02T05:37:19.549+0000] {processor.py:183} INFO - Processing /opt/airflow/dags/flight-pipeline.py took 0.876 seconds
[2026-05-02T05:37:49.621+0000] {processor.py:161} INFO - Started process (PID=9896) to work on /opt/airflow/dags/flight-pipeline.py
[2026-05-02T05:37:49.624+0000] {processor.py:830} INFO - Processing file /opt/airflow/dags/flight-pipeline.py for tasks to queue
[2026-05-02T05:37:49.625+0000] {logging_mixin.py:188} INFO - [2026-05-02T05:37:49.625+0000] {dagbag.py:545} INFO - Filling up the DagBag from /opt/airflow/dags/flight-pipeline.py
[2026-05-02T05:37:50.476+0000] {processor.py:840} INFO - DAG(s) 'flights_ops_medallion_pipe' retrieved from /opt/airflow/dags/flight-pipeline.py
[2026-05-02T05:37:50.513+0000] {logging_mixin.py:188} INFO - [2026-05-02T05:37:50.513+0000] {dag.py:3089} INFO - Sync 1 DAGs
[2026-05-02T05:37:50.537+0000] {logging_mixin.py:188} INFO - [2026-05-02T05:37:50.536+0000] {dag.py:3947} INFO - Setting next_dagrun for flights_ops_medallion_pipe to 2026-05-02 05:30:00+00:00, run_after=2026-05-02 06:00:00+00:00
[2026-05-02T05:37:50.558+0000] {processor.py:183} INFO - Processing /opt/airflow/dags/flight-pipeline.py took 0.945 seconds
[2026-05-02T05:38:20.891+0000] {processor.py:161} INFO - Started process (PID=9899) to work on /opt/airflow/dags/flight-pipeline.py
[2026-05-02T05:38:20.895+0000] {processor.py:830} INFO - Processing file /opt/airflow/dags/flight-pipeline.py for tasks to queue
[2026-05-02T05:38:20.896+0000] {logging_mixin.py:188} INFO - [2026-05-02T05:38:20.895+0000] {dagbag.py:545} INFO - Filling up the DagBag from /opt/airflow/dags/flight-pipeline.py
[2026-05-02T05:38:21.523+0000] {processor.py:840} INFO - DAG(s) 'flights_ops_medallion_pipe' retrieved from /opt/airflow/dags/flight-pipeline.py
[2026-05-02T05:38:21.560+0000] {logging_mixin.py:188} INFO - [2026-05-02T05:38:21.560+0000] {dag.py:3089} INFO - Sync 1 DAGs
[2026-05-02T05:38:21.742+0000] {logging_mixin.py:188} INFO - [2026-05-02T05:38:21.742+0000] {dag.py:3947} INFO - Setting next_dagrun for flights_ops_medallion_pipe to 2026-05-02 05:30:00+00:00, run_after=2026-05-02 06:00:00+00:00
[2026-05-02T05:38:21.766+0000] {processor.py:183} INFO - Processing /opt/airflow/dags/flight-pipeline.py took 0.882 seconds
[2026-05-02T05:38:51.915+0000] {processor.py:161} INFO - Started process (PID=9902) to work on /opt/airflow/dags/flight-pipeline.py
[2026-05-02T05:38:51.919+0000] {processor.py:830} INFO - Processing file /opt/airflow/dags/flight-pipeline.py for tasks to queue
[2026-05-02T05:38:51.921+0000] {logging_mixin.py:188} INFO - [2026-05-02T05:38:51.920+0000] {dagbag.py:545} INFO - Filling up the DagBag from /opt/airflow/dags/flight-pipeline.py
[2026-05-02T05:38:52.820+0000] {processor.py:840} INFO - DAG(s) 'flights_ops_medallion_pipe' retrieved from /opt/airflow/dags/flight-pipeline.py
[2026-05-02T05:38:53.300+0000] {logging_mixin.py:188} INFO - [2026-05-02T05:38:53.299+0000] {dag.py:3089} INFO - Sync 1 DAGs
[2026-05-02T05:38:53.336+0000] {logging_mixin.py:188} INFO - [2026-05-02T05:38:53.336+0000] {dag.py:3947} INFO - Setting next_dagrun for flights_ops_medallion_pipe to 2026-05-02 05:30:00+00:00, run_after=2026-05-02 06:00:00+00:00
[2026-05-02T05:38:53.387+0000] {processor.py:183} INFO - Processing /opt/airflow/dags/flight-pipeline.py took 1.485 seconds
[2026-05-02T05:39:23.499+0000] {processor.py:161} INFO - Started process (PID=9905) to work on /opt/airflow/dags/flight-pipeline.py
[2026-05-02T05:39:23.513+0000] {processor.py:830} INFO - Processing file /opt/airflow/dags/flight-pipeline.py for tasks to queue
[2026-05-02T05:39:23.514+0000] {logging_mixin.py:188} INFO - [2026-05-02T05:39:23.514+0000] {dagbag.py:545} INFO - Filling up the DagBag from /opt/airflow/dags/flight-pipeline.py
[2026-05-02T05:39:24.184+0000] {processor.py:840} INFO - DAG(s) 'flights_ops_medallion_pipe' retrieved from /opt/airflow/dags/flight-pipeline.py
[2026-05-02T05:39:24.371+0000] {logging_mixin.py:188} INFO - [2026-05-02T05:39:24.370+0000] {dag.py:3089} INFO - Sync 1 DAGs
[2026-05-02T05:39:24.394+0000] {logging_mixin.py:188} INFO - [2026-05-02T05:39:24.394+0000] {dag.py:3947} INFO - Setting next_dagrun for flights_ops_medallion_pipe to 2026-05-02 05:30:00+00:00, run_after=2026-05-02 06:00:00+00:00
[2026-05-02T05:39:24.411+0000] {processor.py:183} INFO - Processing /opt/airflow/dags/flight-pipeline.py took 0.920 seconds
[2026-05-02T05:39:54.690+0000] {processor.py:161} INFO - Started process (PID=9908) to work on /opt/airflow/dags/flight-pipeline.py
[2026-05-02T05:39:54.704+0000] {processor.py:830} INFO - Processing file /opt/airflow/dags/flight-pipeline.py for tasks to queue
[2026-05-02T05:39:54.706+0000] {logging_mixin.py:188} INFO - [2026-05-02T05:39:54.705+0000] {dagbag.py:545} INFO - Filling up the DagBag from /opt/airflow/dags/flight-pipeline.py
[2026-05-02T05:39:55.533+0000] {processor.py:840} INFO - DAG(s) 'flights_ops_medallion_pipe' retrieved from /opt/airflow/dags/flight-pipeline.py
[2026-05-02T05:39:55.571+0000] {logging_mixin.py:188} INFO - [2026-05-02T05:39:55.570+0000] {dag.py:3089} INFO - Sync 1 DAGs
[2026-05-02T05:39:55.591+0000] {logging_mixin.py:188} INFO - [2026-05-02T05:39:55.591+0000] {dag.py:3947} INFO - Setting next_dagrun for flights_ops_medallion_pipe to 2026-05-02 05:30:00+00:00, run_after=2026-05-02 06:00:00+00:00
[2026-05-02T05:39:55.608+0000] {processor.py:183} INFO - Processing /opt/airflow/dags/flight-pipeline.py took 0.926 seconds
[2026-05-02T05:40:25.887+0000] {processor.py:161} INFO - Started process (PID=9911) to work on /opt/airflow/dags/flight-pipeline.py
[2026-05-02T05:40:25.900+0000] {processor.py:830} INFO - Processing file /opt/airflow/dags/flight-pipeline.py for tasks to queue
[2026-05-02T05:40:25.901+0000] {logging_mixin.py:188} INFO - [2026-05-02T05:40:25.901+0000] {dagbag.py:545} INFO - Filling up the DagBag from /opt/airflow/dags/flight-pipeline.py
[2026-05-02T05:40:26.748+0000] {processor.py:840} INFO - DAG(s) 'flights_ops_medallion_pipe' retrieved from /opt/airflow/dags/flight-pipeline.py
[2026-05-02T05:40:26.782+0000] {logging_mixin.py:188} INFO - [2026-05-02T05:40:26.781+0000] {dag.py:3089} INFO - Sync 1 DAGs
[2026-05-02T05:40:26.806+0000] {logging_mixin.py:188} INFO - [2026-05-02T05:40:26.806+0000] {dag.py:3947} INFO - Setting next_dagrun for flights_ops_medallion_pipe to 2026-05-02 05:30:00+00:00, run_after=2026-05-02 06:00:00+00:00
[2026-05-02T05:40:26.824+0000] {processor.py:183} INFO - Processing /opt/airflow/dags/flight-pipeline.py took 0.950 seconds
[2026-05-02T05:40:57.099+0000] {processor.py:161} INFO - Started process (PID=9914) to work on /opt/airflow/dags/flight-pipeline.py
[2026-05-02T05:40:57.104+0000] {processor.py:830} INFO - Processing file /opt/airflow/dags/flight-pipeline.py for tasks to queue
[2026-05-02T05:40:57.108+0000] {logging_mixin.py:188} INFO - [2026-05-02T05:40:57.107+0000] {dagbag.py:545} INFO - Filling up the DagBag from /opt/airflow/dags/flight-pipeline.py
[2026-05-02T05:40:57.940+0000] {processor.py:840} INFO - DAG(s) 'flights_ops_medallion_pipe' retrieved from /opt/airflow/dags/flight-pipeline.py
[2026-05-02T05:40:57.971+0000] {logging_mixin.py:188} INFO - [2026-05-02T05:40:57.970+0000] {dag.py:3089} INFO - Sync 1 DAGs
[2026-05-02T05:40:57.990+0000] {logging_mixin.py:188} INFO - [2026-05-02T05:40:57.990+0000] {dag.py:3947} INFO - Setting next_dagrun for flights_ops_medallion_pipe to 2026-05-02 05:30:00+00:00, run_after=2026-05-02 06:00:00+00:00
[2026-05-02T05:40:58.009+0000] {processor.py:183} INFO - Processing /opt/airflow/dags/flight-pipeline.py took 0.922 seconds
[2026-05-02T05:41:28.269+0000] {processor.py:161} INFO - Started process (PID=9917) to work on /opt/airflow/dags/flight-pipeline.py
[2026-05-02T05:41:28.272+0000] {processor.py:830} INFO - Processing file /opt/airflow/dags/flight-pipeline.py for tasks to queue
[2026-05-02T05:41:28.274+0000] {logging_mixin.py:188} INFO - [2026-05-02T05:41:28.273+0000] {dagbag.py:545} INFO - Filling up the DagBag from /opt/airflow/dags/flight-pipeline.py
[2026-05-02T05:41:28.929+0000] {processor.py:840} INFO - DAG(s) 'flights_ops_medallion_pipe' retrieved from /opt/airflow/dags/flight-pipeline.py
[2026-05-02T05:41:28.969+0000] {logging_mixin.py:188} INFO - [2026-05-02T05:41:28.968+0000] {dag.py:3089} INFO - Sync 1 DAGs
[2026-05-02T05:41:29.145+0000] {logging_mixin.py:188} INFO - [2026-05-02T05:41:29.145+0000] {dag.py:3947} INFO - Setting next_dagrun for flights_ops_medallion_pipe to 2026-05-02 05:30:00+00:00, run_after=2026-05-02 06:00:00+00:00
[2026-05-02T05:41:29.166+0000] {processor.py:183} INFO - Processing /opt/airflow/dags/flight-pipeline.py took 0.905 seconds
[2026-05-02T05:41:59.469+0000] {processor.py:161} INFO - Started process (PID=9920) to work on /opt/airflow/dags/flight-pipeline.py
[2026-05-02T05:41:59.472+0000] {processor.py:830} INFO - Processing file /opt/airflow/dags/flight-pipeline.py for tasks to queue
[2026-05-02T05:41:59.473+0000] {logging_mixin.py:188} INFO - [2026-05-02T05:41:59.472+0000] {dagbag.py:545} INFO - Filling up the DagBag from /opt/airflow/dags/flight-pipeline.py
[2026-05-02T05:42:00.133+0000] {processor.py:840} INFO - DAG(s) 'flights_ops_medallion_pipe' retrieved from /opt/airflow/dags/flight-pipeline.py
[2026-05-02T05:42:00.322+0000] {logging_mixin.py:188} INFO - [2026-05-02T05:42:00.321+0000] {dag.py:3089} INFO - Sync 1 DAGs
[2026-05-02T05:42:00.346+0000] {logging_mixin.py:188} INFO - [2026-05-02T05:42:00.346+0000] {dag.py:3947} INFO - Setting next_dagrun for flights_ops_medallion_pipe to 2026-05-02 05:30:00+00:00, run_after=2026-05-02 06:00:00+00:00
[2026-05-02T05:42:00.364+0000] {processor.py:183} INFO - Processing /opt/airflow/dags/flight-pipeline.py took 0.904 seconds
[2026-05-02T05:42:30.630+0000] {processor.py:161} INFO - Started process (PID=9923) to work on /opt/airflow/dags/flight-pipeline.py
[2026-05-02T05:42:30.636+0000] {processor.py:830} INFO - Processing file /opt/airflow/dags/flight-pipeline.py for tasks to queue
[2026-05-02T05:42:30.637+0000] {logging_mixin.py:188} INFO - [2026-05-02T05:42:30.636+0000] {dagbag.py:545} INFO - Filling up the DagBag from /opt/airflow/dags/flight-pipeline.py
[2026-05-02T05:42:31.290+0000] {processor.py:840} INFO - DAG(s) 'flights_ops_medallion_pipe' retrieved from /opt/airflow/dags/flight-pipeline.py
[2026-05-02T05:42:31.483+0000] {logging_mixin.py:188} INFO - [2026-05-02T05:42:31.483+0000] {dag.py:3089} INFO - Sync 1 DAGs
[2026-05-02T05:42:31.506+0000] {logging_mixin.py:188} INFO - [2026-05-02T05:42:31.506+0000] {dag.py:3947} INFO - Setting next_dagrun for flights_ops_medallion_pipe to 2026-05-02 05:30:00+00:00, run_after=2026-05-02 06:00:00+00:00
[2026-05-02T05:42:31.525+0000] {processor.py:183} INFO - Processing /opt/airflow/dags/flight-pipeline.py took 0.903 seconds
[2026-05-02T05:43:01.831+0000] {processor.py:161} INFO - Started process (PID=9926) to work on /opt/airflow/dags/flight-pipeline.py
[2026-05-02T05:43:01.834+0000] {processor.py:830} INFO - Processing file /opt/airflow/dags/flight-pipeline.py for tasks to queue
[2026-05-02T05:43:01.835+0000] {logging_mixin.py:188} INFO - [2026-05-02T05:43:01.835+0000] {dagbag.py:545} INFO - Filling up the DagBag from /opt/airflow/dags/flight-pipeline.py
[2026-05-02T05:43:02.622+0000] {processor.py:840} INFO - DAG(s) 'flights_ops_medallion_pipe' retrieved from /opt/airflow/dags/flight-pipeline.py
[2026-05-02T05:43:02.668+0000] {logging_mixin.py:188} INFO - [2026-05-02T05:43:02.667+0000] {dag.py:3089} INFO - Sync 1 DAGs
[2026-05-02T05:43:02.687+0000] {logging_mixin.py:188} INFO - [2026-05-02T05:43:02.687+0000] {dag.py:3947} INFO - Setting next_dagrun for flights_ops_medallion_pipe to 2026-05-02 05:30:00+00:00, run_after=2026-05-02 06:00:00+00:00
[2026-05-02T05:43:02.707+0000] {processor.py:183} INFO - Processing /opt/airflow/dags/flight-pipeline.py took 0.885 seconds
[2026-05-02T05:43:32.964+0000] {processor.py:161} INFO - Started process (PID=9929) to work on /opt/airflow/dags/flight-pipeline.py
[2026-05-02T05:43:32.979+0000] {processor.py:830} INFO - Processing file /opt/airflow/dags/flight-pipeline.py for tasks to queue
[2026-05-02T05:43:32.981+0000] {logging_mixin.py:188} INFO - [2026-05-02T05:43:32.980+0000] {dagbag.py:545} INFO - Filling up the DagBag from /opt/airflow/dags/flight-pipeline.py
[2026-05-02T05:43:34.120+0000] {processor.py:840} INFO - DAG(s) 'flights_ops_medallion_pipe' retrieved from /opt/airflow/dags/flight-pipeline.py
[2026-05-02T05:43:34.163+0000] {logging_mixin.py:188} INFO - [2026-05-02T05:43:34.163+0000] {dag.py:3089} INFO - Sync 1 DAGs
[2026-05-02T05:43:34.190+0000] {logging_mixin.py:188} INFO - [2026-05-02T05:43:34.189+0000] {dag.py:3947} INFO - Setting next_dagrun for flights_ops_medallion_pipe to 2026-05-02 05:30:00+00:00, run_after=2026-05-02 06:00:00+00:00
[2026-05-02T05:43:34.208+0000] {processor.py:183} INFO - Processing /opt/airflow/dags/flight-pipeline.py took 1.257 seconds
[2026-05-02T05:44:04.807+0000] {processor.py:161} INFO - Started process (PID=9932) to work on /opt/airflow/dags/flight-pipeline.py
[2026-05-02T05:44:04.819+0000] {processor.py:830} INFO - Processing file /opt/airflow/dags/flight-pipeline.py for tasks to queue
[2026-05-02T05:44:04.821+0000] {logging_mixin.py:188} INFO - [2026-05-02T05:44:04.820+0000] {dagbag.py:545} INFO - Filling up the DagBag from /opt/airflow/dags/flight-pipeline.py
[2026-05-02T05:44:06.956+0000] {processor.py:840} INFO - DAG(s) 'flights_ops_medallion_pipe' retrieved from /opt/airflow/dags/flight-pipeline.py
[2026-05-02T05:44:07.005+0000] {logging_mixin.py:188} INFO - [2026-05-02T05:44:07.004+0000] {dag.py:3089} INFO - Sync 1 DAGs
[2026-05-02T05:44:07.040+0000] {logging_mixin.py:188} INFO - [2026-05-02T05:44:07.039+0000] {dag.py:3947} INFO - Setting next_dagrun for flights_ops_medallion_pipe to 2026-05-02 05:30:00+00:00, run_after=2026-05-02 06:00:00+00:00
[2026-05-02T05:44:07.064+0000] {processor.py:183} INFO - Processing /opt/airflow/dags/flight-pipeline.py took 2.298 seconds
[2026-05-02T05:44:37.335+0000] {processor.py:161} INFO - Started process (PID=9935) to work on /opt/airflow/dags/flight-pipeline.py
[2026-05-02T05:44:37.339+0000] {processor.py:830} INFO - Processing file /opt/airflow/dags/flight-pipeline.py for tasks to queue
[2026-05-02T05:44:37.341+0000] {logging_mixin.py:188} INFO - [2026-05-02T05:44:37.340+0000] {dagbag.py:545} INFO - Filling up the DagBag from /opt/airflow/dags/flight-pipeline.py
[2026-05-02T05:44:38.276+0000] {processor.py:840} INFO - DAG(s) 'flights_ops_medallion_pipe' retrieved from /opt/airflow/dags/flight-pipeline.py
[2026-05-02T05:44:38.331+0000] {logging_mixin.py:188} INFO - [2026-05-02T05:44:38.330+0000] {dag.py:3089} INFO - Sync 1 DAGs
[2026-05-02T05:44:38.546+0000] {logging_mixin.py:188} INFO - [2026-05-02T05:44:38.546+0000] {dag.py:3947} INFO - Setting next_dagrun for flights_ops_medallion_pipe to 2026-05-02 05:30:00+00:00, run_after=2026-05-02 06:00:00+00:00
[2026-05-02T05:44:38.569+0000] {processor.py:183} INFO - Processing /opt/airflow/dags/flight-pipeline.py took 1.246 seconds
[2026-05-02T05:45:08.802+0000] {processor.py:161} INFO - Started process (PID=9938) to work on /opt/airflow/dags/flight-pipeline.py
[2026-05-02T05:45:08.806+0000] {processor.py:830} INFO - Processing file /opt/airflow/dags/flight-pipeline.py for tasks to queue
[2026-05-02T05:45:08.808+0000] {logging_mixin.py:188} INFO - [2026-05-02T05:45:08.807+0000] {dagbag.py:545} INFO - Filling up the DagBag from /opt/airflow/dags/flight-pipeline.py
[2026-05-02T05:45:09.842+0000] {processor.py:840} INFO - DAG(s) 'flights_ops_medallion_pipe' retrieved from /opt/airflow/dags/flight-pipeline.py
[2026-05-02T05:45:10.187+0000] {logging_mixin.py:188} INFO - [2026-05-02T05:45:10.186+0000] {dag.py:3089} INFO - Sync 1 DAGs
[2026-05-02T05:45:10.213+0000] {logging_mixin.py:188} INFO - [2026-05-02T05:45:10.213+0000] {dag.py:3947} INFO - Setting next_dagrun for flights_ops_medallion_pipe to 2026-05-02 05:30:00+00:00, run_after=2026-05-02 06:00:00+00:00
[2026-05-02T05:45:10.240+0000] {processor.py:183} INFO - Processing /opt/airflow/dags/flight-pipeline.py took 1.448 seconds
[2026-05-02T05:45:40.505+0000] {processor.py:161} INFO - Started process (PID=9941) to work on /opt/airflow/dags/flight-pipeline.py
[2026-05-02T05:45:40.507+0000] {processor.py:830} INFO - Processing file /opt/airflow/dags/flight-pipeline.py for tasks to queue
[2026-05-02T05:45:40.508+0000] {logging_mixin.py:188} INFO - [2026-05-02T05:45:40.508+0000] {dagbag.py:545} INFO - Filling up the DagBag from /opt/airflow/dags/flight-pipeline.py
[2026-05-02T05:45:41.644+0000] {processor.py:840} INFO - DAG(s) 'flights_ops_medallion_pipe' retrieved from /opt/airflow/dags/flight-pipeline.py
[2026-05-02T05:45:41.688+0000] {logging_mixin.py:188} INFO - [2026-05-02T05:45:41.687+0000] {dag.py:3089} INFO - Sync 1 DAGs
[2026-05-02T05:45:41.711+0000] {logging_mixin.py:188} INFO - [2026-05-02T05:45:41.710+0000] {dag.py:3947} INFO - Setting next_dagrun for flights_ops_medallion_pipe to 2026-05-02 05:30:00+00:00, run_after=2026-05-02 06:00:00+00:00
[2026-05-02T05:45:41.734+0000] {processor.py:183} INFO - Processing /opt/airflow/dags/flight-pipeline.py took 1.249 seconds
[2026-05-02T05:46:11.997+0000] {processor.py:161} INFO - Started process (PID=9944) to work on /opt/airflow/dags/flight-pipeline.py
[2026-05-02T05:46:11.999+0000] {processor.py:830} INFO - Processing file /opt/airflow/dags/flight-pipeline.py for tasks to queue
[2026-05-02T05:46:12.001+0000] {logging_mixin.py:188} INFO - [2026-05-02T05:46:12.000+0000] {dagbag.py:545} INFO - Filling up the DagBag from /opt/airflow/dags/flight-pipeline.py
[2026-05-02T05:46:13.174+0000] {processor.py:840} INFO - DAG(s) 'flights_ops_medallion_pipe' retrieved from /opt/airflow/dags/flight-pipeline.py
[2026-05-02T05:46:13.232+0000] {logging_mixin.py:188} INFO - [2026-05-02T05:46:13.231+0000] {dag.py:3089} INFO - Sync 1 DAGs
[2026-05-02T05:46:13.267+0000] {logging_mixin.py:188} INFO - [2026-05-02T05:46:13.267+0000] {dag.py:3947} INFO - Setting next_dagrun for flights_ops_medallion_pipe to 2026-05-02 05:30:00+00:00, run_after=2026-05-02 06:00:00+00:00
[2026-05-02T05:46:13.297+0000] {processor.py:183} INFO - Processing /opt/airflow/dags/flight-pipeline.py took 1.311 seconds
[2026-05-02T05:46:43.581+0000] {processor.py:161} INFO - Started process (PID=9947) to work on /opt/airflow/dags/flight-pipeline.py
[2026-05-02T05:46:43.583+0000] {processor.py:830} INFO - Processing file /opt/airflow/dags/flight-pipeline.py for tasks to queue
[2026-05-02T05:46:43.585+0000] {logging_mixin.py:188} INFO - [2026-05-02T05:46:43.584+0000] {dagbag.py:545} INFO - Filling up the DagBag from /opt/airflow/dags/flight-pipeline.py
[2026-05-02T05:46:44.779+0000] {processor.py:840} INFO - DAG(s) 'flights_ops_medallion_pipe' retrieved from /opt/airflow/dags/flight-pipeline.py
[2026-05-02T05:46:44.816+0000] {logging_mixin.py:188} INFO - [2026-05-02T05:46:44.815+0000] {dag.py:3089} INFO - Sync 1 DAGs
[2026-05-02T05:46:44.845+0000] {logging_mixin.py:188} INFO - [2026-05-02T05:46:44.845+0000] {dag.py:3947} INFO - Setting next_dagrun for flights_ops_medallion_pipe to 2026-05-02 05:30:00+00:00, run_after=2026-05-02 06:00:00+00:00
[2026-05-02T05:46:44.866+0000] {processor.py:183} INFO - Processing /opt/airflow/dags/flight-pipeline.py took 1.296 seconds
[2026-05-02T05:47:15.087+0000] {processor.py:161} INFO - Started process (PID=9950) to work on /opt/airflow/dags/flight-pipeline.py
[2026-05-02T05:47:15.088+0000] {processor.py:830} INFO - Processing file /opt/airflow/dags/flight-pipeline.py for tasks to queue
[2026-05-02T05:47:15.091+0000] {logging_mixin.py:188} INFO - [2026-05-02T05:47:15.090+0000] {dagbag.py:545} INFO - Filling up the DagBag from /opt/airflow/dags/flight-pipeline.py
[2026-05-02T05:47:16.507+0000] {processor.py:840} INFO - DAG(s) 'flights_ops_medallion_pipe' retrieved from /opt/airflow/dags/flight-pipeline.py
[2026-05-02T05:47:16.548+0000] {logging_mixin.py:188} INFO - [2026-05-02T05:47:16.547+0000] {dag.py:3089} INFO - Sync 1 DAGs
[2026-05-02T05:47:16.577+0000] {logging_mixin.py:188} INFO - [2026-05-02T05:47:16.577+0000] {dag.py:3947} INFO - Setting next_dagrun for flights_ops_medallion_pipe to 2026-05-02 05:30:00+00:00, run_after=2026-05-02 06:00:00+00:00
[2026-05-02T05:47:16.595+0000] {processor.py:183} INFO - Processing /opt/airflow/dags/flight-pipeline.py took 1.524 seconds
[2026-05-02T05:47:46.861+0000] {processor.py:161} INFO - Started process (PID=9953) to work on /opt/airflow/dags/flight-pipeline.py
[2026-05-02T05:47:46.863+0000] {processor.py:830} INFO - Processing file /opt/airflow/dags/flight-pipeline.py for tasks to queue
[2026-05-02T05:47:46.865+0000] {logging_mixin.py:188} INFO - [2026-05-02T05:47:46.864+0000] {dagbag.py:545} INFO - Filling up the DagBag from /opt/airflow/dags/flight-pipeline.py
[2026-05-02T05:47:47.773+0000] {processor.py:840} INFO - DAG(s) 'flights_ops_medallion_pipe' retrieved from /opt/airflow/dags/flight-pipeline.py
[2026-05-02T05:47:47.814+0000] {logging_mixin.py:188} INFO - [2026-05-02T05:47:47.813+0000] {dag.py:3089} INFO - Sync 1 DAGs
[2026-05-02T05:47:48.042+0000] {logging_mixin.py:188} INFO - [2026-05-02T05:47:48.042+0000] {dag.py:3947} INFO - Setting next_dagrun for flights_ops_medallion_pipe to 2026-05-02 05:30:00+00:00, run_after=2026-05-02 06:00:00+00:00
[2026-05-02T05:47:48.062+0000] {processor.py:183} INFO - Processing /opt/airflow/dags/flight-pipeline.py took 1.209 seconds
[2026-05-02T05:48:18.273+0000] {processor.py:161} INFO - Started process (PID=9956) to work on /opt/airflow/dags/flight-pipeline.py
[2026-05-02T05:48:18.274+0000] {processor.py:830} INFO - Processing file /opt/airflow/dags/flight-pipeline.py for tasks to queue
[2026-05-02T05:48:18.276+0000] {logging_mixin.py:188} INFO - [2026-05-02T05:48:18.276+0000] {dagbag.py:545} INFO - Filling up the DagBag from /opt/airflow/dags/flight-pipeline.py
[2026-05-02T05:48:19.012+0000] {processor.py:840} INFO - DAG(s) 'flights_ops_medallion_pipe' retrieved from /opt/airflow/dags/flight-pipeline.py
[2026-05-02T05:48:19.203+0000] {logging_mixin.py:188} INFO - [2026-05-02T05:48:19.203+0000] {dag.py:3089} INFO - Sync 1 DAGs
[2026-05-02T05:48:19.230+0000] {logging_mixin.py:188} INFO - [2026-05-02T05:48:19.230+0000] {dag.py:3947} INFO - Setting next_dagrun for flights_ops_medallion_pipe to 2026-05-02 05:30:00+00:00, run_after=2026-05-02 06:00:00+00:00
[2026-05-02T05:48:19.252+0000] {processor.py:183} INFO - Processing /opt/airflow/dags/flight-pipeline.py took 0.989 seconds
[2026-05-02T05:48:49.505+0000] {processor.py:161} INFO - Started process (PID=9959) to work on /opt/airflow/dags/flight-pipeline.py
[2026-05-02T05:48:49.508+0000] {processor.py:830} INFO - Processing file /opt/airflow/dags/flight-pipeline.py for tasks to queue
[2026-05-02T05:48:49.518+0000] {logging_mixin.py:188} INFO - [2026-05-02T05:48:49.514+0000] {dagbag.py:545} INFO - Filling up the DagBag from /opt/airflow/dags/flight-pipeline.py
[2026-05-02T05:48:50.589+0000] {processor.py:840} INFO - DAG(s) 'flights_ops_medallion_pipe' retrieved from /opt/airflow/dags/flight-pipeline.py
[2026-05-02T05:48:50.626+0000] {logging_mixin.py:188} INFO - [2026-05-02T05:48:50.625+0000] {dag.py:3089} INFO - Sync 1 DAGs
[2026-05-02T05:48:50.651+0000] {logging_mixin.py:188} INFO - [2026-05-02T05:48:50.651+0000] {dag.py:3947} INFO - Setting next_dagrun for flights_ops_medallion_pipe to 2026-05-02 05:30:00+00:00, run_after=2026-05-02 06:00:00+00:00
[2026-05-02T05:48:50.677+0000] {processor.py:183} INFO - Processing /opt/airflow/dags/flight-pipeline.py took 1.179 seconds
[2026-05-02T05:49:20.755+0000] {processor.py:161} INFO - Started process (PID=9962) to work on /opt/airflow/dags/flight-pipeline.py
[2026-05-02T05:49:20.756+0000] {processor.py:830} INFO - Processing file /opt/airflow/dags/flight-pipeline.py for tasks to queue
[2026-05-02T05:49:20.758+0000] {logging_mixin.py:188} INFO - [2026-05-02T05:49:20.757+0000] {dagbag.py:545} INFO - Filling up the DagBag from /opt/airflow/dags/flight-pipeline.py
[2026-05-02T05:49:21.794+0000] {processor.py:840} INFO - DAG(s) 'flights_ops_medallion_pipe' retrieved from /opt/airflow/dags/flight-pipeline.py
[2026-05-02T05:49:21.826+0000] {logging_mixin.py:188} INFO - [2026-05-02T05:49:21.825+0000] {dag.py:3089} INFO - Sync 1 DAGs
[2026-05-02T05:49:21.847+0000] {logging_mixin.py:188} INFO - [2026-05-02T05:49:21.846+0000] {dag.py:3947} INFO - Setting next_dagrun for flights_ops_medallion_pipe to 2026-05-02 05:30:00+00:00, run_after=2026-05-02 06:00:00+00:00
[2026-05-02T05:49:21.865+0000] {processor.py:183} INFO - Processing /opt/airflow/dags/flight-pipeline.py took 1.119 seconds
[2026-05-02T05:49:51.960+0000] {processor.py:161} INFO - Started process (PID=9965) to work on /opt/airflow/dags/flight-pipeline.py
[2026-05-02T05:49:51.961+0000] {processor.py:830} INFO - Processing file /opt/airflow/dags/flight-pipeline.py for tasks to queue
[2026-05-02T05:49:51.962+0000] {logging_mixin.py:188} INFO - [2026-05-02T05:49:51.962+0000] {dagbag.py:545} INFO - Filling up the DagBag from /opt/airflow/dags/flight-pipeline.py
[2026-05-02T05:49:53.210+0000] {processor.py:840} INFO - DAG(s) 'flights_ops_medallion_pipe' retrieved from /opt/airflow/dags/flight-pipeline.py
[2026-05-02T05:49:53.291+0000] {logging_mixin.py:188} INFO - [2026-05-02T05:49:53.290+0000] {dag.py:3089} INFO - Sync 1 DAGs
[2026-05-02T05:49:53.332+0000] {logging_mixin.py:188} INFO - [2026-05-02T05:49:53.332+0000] {dag.py:3947} INFO - Setting next_dagrun for flights_ops_medallion_pipe to 2026-05-02 05:30:00+00:00, run_after=2026-05-02 06:00:00+00:00
[2026-05-02T05:49:53.365+0000] {processor.py:183} INFO - Processing /opt/airflow/dags/flight-pipeline.py took 1.413 seconds
[2026-05-02T05:50:23.587+0000] {processor.py:161} INFO - Started process (PID=9968) to work on /opt/airflow/dags/flight-pipeline.py
[2026-05-02T05:50:23.589+0000] {processor.py:830} INFO - Processing file /opt/airflow/dags/flight-pipeline.py for tasks to queue
[2026-05-02T05:50:23.598+0000] {logging_mixin.py:188} INFO - [2026-05-02T05:50:23.594+0000] {dagbag.py:545} INFO - Filling up the DagBag from /opt/airflow/dags/flight-pipeline.py
[2026-05-02T05:50:24.677+0000] {processor.py:840} INFO - DAG(s) 'flights_ops_medallion_pipe' retrieved from /opt/airflow/dags/flight-pipeline.py
[2026-05-02T05:50:24.716+0000] {logging_mixin.py:188} INFO - [2026-05-02T05:50:24.715+0000] {dag.py:3089} INFO - Sync 1 DAGs
[2026-05-02T05:50:24.749+0000] {logging_mixin.py:188} INFO - [2026-05-02T05:50:24.748+0000] {dag.py:3947} INFO - Setting next_dagrun for flights_ops_medallion_pipe to 2026-05-02 05:30:00+00:00, run_after=2026-05-02 06:00:00+00:00
[2026-05-02T05:50:24.771+0000] {processor.py:183} INFO - Processing /opt/airflow/dags/flight-pipeline.py took 1.195 seconds
[2026-05-02T05:50:54.971+0000] {processor.py:161} INFO - Started process (PID=9971) to work on /opt/airflow/dags/flight-pipeline.py
[2026-05-02T05:50:54.972+0000] {processor.py:830} INFO - Processing file /opt/airflow/dags/flight-pipeline.py for tasks to queue
[2026-05-02T05:50:54.974+0000] {logging_mixin.py:188} INFO - [2026-05-02T05:50:54.973+0000] {dagbag.py:545} INFO - Filling up the DagBag from /opt/airflow/dags/flight-pipeline.py
[2026-05-02T05:50:55.862+0000] {processor.py:840} INFO - DAG(s) 'flights_ops_medallion_pipe' retrieved from /opt/airflow/dags/flight-pipeline.py
[2026-05-02T05:50:56.163+0000] {logging_mixin.py:188} INFO - [2026-05-02T05:50:56.162+0000] {dag.py:3089} INFO - Sync 1 DAGs
[2026-05-02T05:50:56.194+0000] {logging_mixin.py:188} INFO - [2026-05-02T05:50:56.194+0000] {dag.py:3947} INFO - Setting next_dagrun for flights_ops_medallion_pipe to 2026-05-02 05:30:00+00:00, run_after=2026-05-02 06:00:00+00:00
[2026-05-02T05:50:56.249+0000] {processor.py:183} INFO - Processing /opt/airflow/dags/flight-pipeline.py took 1.286 seconds
[2026-05-02T05:51:26.462+0000] {processor.py:161} INFO - Started process (PID=9974) to work on /opt/airflow/dags/flight-pipeline.py
[2026-05-02T05:51:26.464+0000] {processor.py:830} INFO - Processing file /opt/airflow/dags/flight-pipeline.py for tasks to queue
[2026-05-02T05:51:26.465+0000] {logging_mixin.py:188} INFO - [2026-05-02T05:51:26.464+0000] {dagbag.py:545} INFO - Filling up the DagBag from /opt/airflow/dags/flight-pipeline.py
[2026-05-02T05:51:27.200+0000] {processor.py:840} INFO - DAG(s) 'flights_ops_medallion_pipe' retrieved from /opt/airflow/dags/flight-pipeline.py
[2026-05-02T05:51:27.451+0000] {logging_mixin.py:188} INFO - [2026-05-02T05:51:27.451+0000] {dag.py:3089} INFO - Sync 1 DAGs
[2026-05-02T05:51:27.481+0000] {logging_mixin.py:188} INFO - [2026-05-02T05:51:27.481+0000] {dag.py:3947} INFO - Setting next_dagrun for flights_ops_medallion_pipe to 2026-05-02 05:30:00+00:00, run_after=2026-05-02 06:00:00+00:00
[2026-05-02T05:51:27.506+0000] {processor.py:183} INFO - Processing /opt/airflow/dags/flight-pipeline.py took 1.053 seconds
[2026-05-02T05:51:57.694+0000] {processor.py:161} INFO - Started process (PID=9977) to work on /opt/airflow/dags/flight-pipeline.py
[2026-05-02T05:51:57.695+0000] {processor.py:830} INFO - Processing file /opt/airflow/dags/flight-pipeline.py for tasks to queue
[2026-05-02T05:51:57.696+0000] {logging_mixin.py:188} INFO - [2026-05-02T05:51:57.695+0000] {dagbag.py:545} INFO - Filling up the DagBag from /opt/airflow/dags/flight-pipeline.py
[2026-05-02T05:51:58.897+0000] {processor.py:840} INFO - DAG(s) 'flights_ops_medallion_pipe' retrieved from /opt/airflow/dags/flight-pipeline.py
[2026-05-02T05:51:58.932+0000] {logging_mixin.py:188} INFO - [2026-05-02T05:51:58.932+0000] {dag.py:3089} INFO - Sync 1 DAGs
[2026-05-02T05:51:58.960+0000] {logging_mixin.py:188} INFO - [2026-05-02T05:51:58.959+0000] {dag.py:3947} INFO - Setting next_dagrun for flights_ops_medallion_pipe to 2026-05-02 05:30:00+00:00, run_after=2026-05-02 06:00:00+00:00
[2026-05-02T05:51:59.003+0000] {processor.py:183} INFO - Processing /opt/airflow/dags/flight-pipeline.py took 1.318 seconds
[2026-05-02T05:52:29.226+0000] {processor.py:161} INFO - Started process (PID=9980) to work on /opt/airflow/dags/flight-pipeline.py
[2026-05-02T05:52:29.227+0000] {processor.py:830} INFO - Processing file /opt/airflow/dags/flight-pipeline.py for tasks to queue
[2026-05-02T05:52:29.228+0000] {logging_mixin.py:188} INFO - [2026-05-02T05:52:29.228+0000] {dagbag.py:545} INFO - Filling up the DagBag from /opt/airflow/dags/flight-pipeline.py
[2026-05-02T05:52:30.205+0000] {processor.py:840} INFO - DAG(s) 'flights_ops_medallion_pipe' retrieved from /opt/airflow/dags/flight-pipeline.py
[2026-05-02T05:52:30.245+0000] {logging_mixin.py:188} INFO - [2026-05-02T05:52:30.244+0000] {dag.py:3089} INFO - Sync 1 DAGs
[2026-05-02T05:52:30.269+0000] {logging_mixin.py:188} INFO - [2026-05-02T05:52:30.269+0000] {dag.py:3947} INFO - Setting next_dagrun for flights_ops_medallion_pipe to 2026-05-02 05:30:00+00:00, run_after=2026-05-02 06:00:00+00:00
[2026-05-02T05:52:30.290+0000] {processor.py:183} INFO - Processing /opt/airflow/dags/flight-pipeline.py took 1.073 seconds
[2026-05-02T05:53:00.426+0000] {processor.py:161} INFO - Started process (PID=9983) to work on /opt/airflow/dags/flight-pipeline.py
[2026-05-02T05:53:00.427+0000] {processor.py:830} INFO - Processing file /opt/airflow/dags/flight-pipeline.py for tasks to queue
[2026-05-02T05:53:00.428+0000] {logging_mixin.py:188} INFO - [2026-05-02T05:53:00.428+0000] {dagbag.py:545} INFO - Filling up the DagBag from /opt/airflow/dags/flight-pipeline.py
[2026-05-02T05:53:01.376+0000] {processor.py:840} INFO - DAG(s) 'flights_ops_medallion_pipe' retrieved from /opt/airflow/dags/flight-pipeline.py
[2026-05-02T05:53:01.421+0000] {logging_mixin.py:188} INFO - [2026-05-02T05:53:01.419+0000] {dag.py:3089} INFO - Sync 1 DAGs
[2026-05-02T05:53:01.453+0000] {logging_mixin.py:188} INFO - [2026-05-02T05:53:01.452+0000] {dag.py:3947} INFO - Setting next_dagrun for flights_ops_medallion_pipe to 2026-05-02 05:30:00+00:00, run_after=2026-05-02 06:00:00+00:00
[2026-05-02T05:53:01.481+0000] {processor.py:183} INFO - Processing /opt/airflow/dags/flight-pipeline.py took 1.063 seconds
[2026-05-02T05:53:31.673+0000] {processor.py:161} INFO - Started process (PID=9986) to work on /opt/airflow/dags/flight-pipeline.py
[2026-05-02T05:53:31.675+0000] {processor.py:830} INFO - Processing file /opt/airflow/dags/flight-pipeline.py for tasks to queue
[2026-05-02T05:53:31.677+0000] {logging_mixin.py:188} INFO - [2026-05-02T05:53:31.676+0000] {dagbag.py:545} INFO - Filling up the DagBag from /opt/airflow/dags/flight-pipeline.py
[2026-05-02T05:53:32.370+0000] {processor.py:840} INFO - DAG(s) 'flights_ops_medallion_pipe' retrieved from /opt/airflow/dags/flight-pipeline.py
[2026-05-02T05:53:32.407+0000] {logging_mixin.py:188} INFO - [2026-05-02T05:53:32.406+0000] {dag.py:3089} INFO - Sync 1 DAGs
[2026-05-02T05:53:32.583+0000] {logging_mixin.py:188} INFO - [2026-05-02T05:53:32.582+0000] {dag.py:3947} INFO - Setting next_dagrun for flights_ops_medallion_pipe to 2026-05-02 05:30:00+00:00, run_after=2026-05-02 06:00:00+00:00
[2026-05-02T05:53:32.600+0000] {processor.py:183} INFO - Processing /opt/airflow/dags/flight-pipeline.py took 0.938 seconds
[2026-05-02T05:54:02.943+0000] {processor.py:161} INFO - Started process (PID=9989) to work on /opt/airflow/dags/flight-pipeline.py
[2026-05-02T05:54:02.944+0000] {processor.py:830} INFO - Processing file /opt/airflow/dags/flight-pipeline.py for tasks to queue
[2026-05-02T05:54:02.945+0000] {logging_mixin.py:188} INFO - [2026-05-02T05:54:02.945+0000] {dagbag.py:545} INFO - Filling up the DagBag from /opt/airflow/dags/flight-pipeline.py
[2026-05-02T05:54:03.668+0000] {processor.py:840} INFO - DAG(s) 'flights_ops_medallion_pipe' retrieved from /opt/airflow/dags/flight-pipeline.py
[2026-05-02T05:54:03.865+0000] {logging_mixin.py:188} INFO - [2026-05-02T05:54:03.865+0000] {dag.py:3089} INFO - Sync 1 DAGs
[2026-05-02T05:54:03.889+0000] {logging_mixin.py:188} INFO - [2026-05-02T05:54:03.889+0000] {dag.py:3947} INFO - Setting next_dagrun for flights_ops_medallion_pipe to 2026-05-02 05:30:00+00:00, run_after=2026-05-02 06:00:00+00:00
[2026-05-02T05:54:03.909+0000] {processor.py:183} INFO - Processing /opt/airflow/dags/flight-pipeline.py took 0.973 seconds
[2026-05-02T05:54:34.150+0000] {processor.py:161} INFO - Started process (PID=9992) to work on /opt/airflow/dags/flight-pipeline.py
[2026-05-02T05:54:34.151+0000] {processor.py:830} INFO - Processing file /opt/airflow/dags/flight-pipeline.py for tasks to queue
[2026-05-02T05:54:34.152+0000] {logging_mixin.py:188} INFO - [2026-05-02T05:54:34.152+0000] {dagbag.py:545} INFO - Filling up the DagBag from /opt/airflow/dags/flight-pipeline.py
[2026-05-02T05:54:35.046+0000] {processor.py:840} INFO - DAG(s) 'flights_ops_medallion_pipe' retrieved from /opt/airflow/dags/flight-pipeline.py
[2026-05-02T05:54:35.076+0000] {logging_mixin.py:188} INFO - [2026-05-02T05:54:35.075+0000] {dag.py:3089} INFO - Sync 1 DAGs
[2026-05-02T05:54:35.097+0000] {logging_mixin.py:188} INFO - [2026-05-02T05:54:35.097+0000] {dag.py:3947} INFO - Setting next_dagrun for flights_ops_medallion_pipe to 2026-05-02 05:30:00+00:00, run_after=2026-05-02 06:00:00+00:00
[2026-05-02T05:54:35.116+0000] {processor.py:183} INFO - Processing /opt/airflow/dags/flight-pipeline.py took 0.977 seconds
[2026-05-02T05:55:05.350+0000] {processor.py:161} INFO - Started process (PID=9995) to work on /opt/airflow/dags/flight-pipeline.py
[2026-05-02T05:55:05.352+0000] {processor.py:830} INFO - Processing file /opt/airflow/dags/flight-pipeline.py for tasks to queue
[2026-05-02T05:55:05.353+0000] {logging_mixin.py:188} INFO - [2026-05-02T05:55:05.353+0000] {dagbag.py:545} INFO - Filling up the DagBag from /opt/airflow/dags/flight-pipeline.py
[2026-05-02T05:55:06.585+0000] {processor.py:840} INFO - DAG(s) 'flights_ops_medallion_pipe' retrieved from /opt/airflow/dags/flight-pipeline.py
[2026-05-02T05:55:06.621+0000] {logging_mixin.py:188} INFO - [2026-05-02T05:55:06.621+0000] {dag.py:3089} INFO - Sync 1 DAGs
[2026-05-02T05:55:06.644+0000] {logging_mixin.py:188} INFO - [2026-05-02T05:55:06.644+0000] {dag.py:3947} INFO - Setting next_dagrun for flights_ops_medallion_pipe to 2026-05-02 05:30:00+00:00, run_after=2026-05-02 06:00:00+00:00
[2026-05-02T05:55:06.663+0000] {processor.py:183} INFO - Processing /opt/airflow/dags/flight-pipeline.py took 1.321 seconds
[2026-05-02T05:55:36.874+0000] {processor.py:161} INFO - Started process (PID=9998) to work on /opt/airflow/dags/flight-pipeline.py
[2026-05-02T05:55:36.876+0000] {processor.py:830} INFO - Processing file /opt/airflow/dags/flight-pipeline.py for tasks to queue
[2026-05-02T05:55:36.877+0000] {logging_mixin.py:188} INFO - [2026-05-02T05:55:36.877+0000] {dagbag.py:545} INFO - Filling up the DagBag from /opt/airflow/dags/flight-pipeline.py
[2026-05-02T05:55:37.722+0000] {processor.py:840} INFO - DAG(s) 'flights_ops_medallion_pipe' retrieved from /opt/airflow/dags/flight-pipeline.py
[2026-05-02T05:55:37.751+0000] {logging_mixin.py:188} INFO - [2026-05-02T05:55:37.751+0000] {dag.py:3089} INFO - Sync 1 DAGs
[2026-05-02T05:55:37.772+0000] {logging_mixin.py:188} INFO - [2026-05-02T05:55:37.772+0000] {dag.py:3947} INFO - Setting next_dagrun for flights_ops_medallion_pipe to 2026-05-02 05:30:00+00:00, run_after=2026-05-02 06:00:00+00:00
[2026-05-02T05:55:37.789+0000] {processor.py:183} INFO - Processing /opt/airflow/dags/flight-pipeline.py took 0.925 seconds
[2026-05-02T05:56:07.969+0000] {processor.py:161} INFO - Started process (PID=10001) to work on /opt/airflow/dags/flight-pipeline.py
[2026-05-02T05:56:07.971+0000] {processor.py:830} INFO - Processing file /opt/airflow/dags/flight-pipeline.py for tasks to queue
[2026-05-02T05:56:07.972+0000] {logging_mixin.py:188} INFO - [2026-05-02T05:56:07.972+0000] {dagbag.py:545} INFO - Filling up the DagBag from /opt/airflow/dags/flight-pipeline.py
[2026-05-02T05:56:08.946+0000] {processor.py:840} INFO - DAG(s) 'flights_ops_medallion_pipe' retrieved from /opt/airflow/dags/flight-pipeline.py
[2026-05-02T05:56:08.997+0000] {logging_mixin.py:188} INFO - [2026-05-02T05:56:08.997+0000] {dag.py:3089} INFO - Sync 1 DAGs
[2026-05-02T05:56:09.025+0000] {logging_mixin.py:188} INFO - [2026-05-02T05:56:09.024+0000] {dag.py:3947} INFO - Setting next_dagrun for flights_ops_medallion_pipe to 2026-05-02 05:30:00+00:00, run_after=2026-05-02 06:00:00+00:00
[2026-05-02T05:56:09.056+0000] {processor.py:183} INFO - Processing /opt/airflow/dags/flight-pipeline.py took 1.096 seconds
[2026-05-02T05:56:39.154+0000] {processor.py:161} INFO - Started process (PID=10004) to work on /opt/airflow/dags/flight-pipeline.py
[2026-05-02T05:56:39.155+0000] {processor.py:830} INFO - Processing file /opt/airflow/dags/flight-pipeline.py for tasks to queue
[2026-05-02T05:56:39.156+0000] {logging_mixin.py:188} INFO - [2026-05-02T05:56:39.156+0000] {dagbag.py:545} INFO - Filling up the DagBag from /opt/airflow/dags/flight-pipeline.py
[2026-05-02T05:56:39.894+0000] {processor.py:840} INFO - DAG(s) 'flights_ops_medallion_pipe' retrieved from /opt/airflow/dags/flight-pipeline.py
[2026-05-02T05:56:39.934+0000] {logging_mixin.py:188} INFO - [2026-05-02T05:56:39.933+0000] {dag.py:3089} INFO - Sync 1 DAGs
[2026-05-02T05:56:40.123+0000] {logging_mixin.py:188} INFO - [2026-05-02T05:56:40.123+0000] {dag.py:3947} INFO - Setting next_dagrun for flights_ops_medallion_pipe to 2026-05-02 05:30:00+00:00, run_after=2026-05-02 06:00:00+00:00
[2026-05-02T05:56:40.147+0000] {processor.py:183} INFO - Processing /opt/airflow/dags/flight-pipeline.py took 1.001 seconds
[2026-05-02T05:57:10.360+0000] {processor.py:161} INFO - Started process (PID=10007) to work on /opt/airflow/dags/flight-pipeline.py
[2026-05-02T05:57:10.361+0000] {processor.py:830} INFO - Processing file /opt/airflow/dags/flight-pipeline.py for tasks to queue
[2026-05-02T05:57:10.363+0000] {logging_mixin.py:188} INFO - [2026-05-02T05:57:10.362+0000] {dagbag.py:545} INFO - Filling up the DagBag from /opt/airflow/dags/flight-pipeline.py
[2026-05-02T05:57:11.485+0000] {processor.py:840} INFO - DAG(s) 'flights_ops_medallion_pipe' retrieved from /opt/airflow/dags/flight-pipeline.py
[2026-05-02T05:57:12.141+0000] {logging_mixin.py:188} INFO - [2026-05-02T05:57:12.140+0000] {dag.py:3089} INFO - Sync 1 DAGs
[2026-05-02T05:57:12.167+0000] {logging_mixin.py:188} INFO - [2026-05-02T05:57:12.167+0000] {dag.py:3947} INFO - Setting next_dagrun for flights_ops_medallion_pipe to 2026-05-02 05:30:00+00:00, run_after=2026-05-02 06:00:00+00:00
[2026-05-02T05:57:12.194+0000] {processor.py:183} INFO - Processing /opt/airflow/dags/flight-pipeline.py took 1.843 seconds
[2026-05-02T05:57:42.403+0000] {processor.py:161} INFO - Started process (PID=10010) to work on /opt/airflow/dags/flight-pipeline.py
[2026-05-02T05:57:42.404+0000] {processor.py:830} INFO - Processing file /opt/airflow/dags/flight-pipeline.py for tasks to queue
[2026-05-02T05:57:42.406+0000] {logging_mixin.py:188} INFO - [2026-05-02T05:57:42.405+0000] {dagbag.py:545} INFO - Filling up the DagBag from /opt/airflow/dags/flight-pipeline.py
[2026-05-02T05:57:43.293+0000] {processor.py:840} INFO - DAG(s) 'flights_ops_medallion_pipe' retrieved from /opt/airflow/dags/flight-pipeline.py
[2026-05-02T05:57:43.326+0000] {logging_mixin.py:188} INFO - [2026-05-02T05:57:43.326+0000] {dag.py:3089} INFO - Sync 1 DAGs
[2026-05-02T05:57:43.349+0000] {logging_mixin.py:188} INFO - [2026-05-02T05:57:43.349+0000] {dag.py:3947} INFO - Setting next_dagrun for flights_ops_medallion_pipe to 2026-05-02 05:30:00+00:00, run_after=2026-05-02 06:00:00+00:00
[2026-05-02T05:57:43.368+0000] {processor.py:183} INFO - Processing /opt/airflow/dags/flight-pipeline.py took 0.973 seconds
[2026-05-02T05:58:13.630+0000] {processor.py:161} INFO - Started process (PID=10013) to work on /opt/airflow/dags/flight-pipeline.py
[2026-05-02T05:58:13.631+0000] {processor.py:830} INFO - Processing file /opt/airflow/dags/flight-pipeline.py for tasks to queue
[2026-05-02T05:58:13.632+0000] {logging_mixin.py:188} INFO - [2026-05-02T05:58:13.632+0000] {dagbag.py:545} INFO - Filling up the DagBag from /opt/airflow/dags/flight-pipeline.py
[2026-05-02T05:58:14.933+0000] {processor.py:840} INFO - DAG(s) 'flights_ops_medallion_pipe' retrieved from /opt/airflow/dags/flight-pipeline.py
[2026-05-02T05:58:15.052+0000] {logging_mixin.py:188} INFO - [2026-05-02T05:58:15.050+0000] {dag.py:3089} INFO - Sync 1 DAGs
[2026-05-02T05:58:15.103+0000] {logging_mixin.py:188} INFO - [2026-05-02T05:58:15.103+0000] {dag.py:3947} INFO - Setting next_dagrun for flights_ops_medallion_pipe to 2026-05-02 05:30:00+00:00, run_after=2026-05-02 06:00:00+00:00
[2026-05-02T05:58:15.139+0000] {processor.py:183} INFO - Processing /opt/airflow/dags/flight-pipeline.py took 1.427 seconds
[2026-05-02T05:58:45.343+0000] {processor.py:161} INFO - Started process (PID=10016) to work on /opt/airflow/dags/flight-pipeline.py
[2026-05-02T05:58:45.344+0000] {processor.py:830} INFO - Processing file /opt/airflow/dags/flight-pipeline.py for tasks to queue
[2026-05-02T05:58:45.346+0000] {logging_mixin.py:188} INFO - [2026-05-02T05:58:45.345+0000] {dagbag.py:545} INFO - Filling up the DagBag from /opt/airflow/dags/flight-pipeline.py
[2026-05-02T05:58:46.595+0000] {processor.py:840} INFO - DAG(s) 'flights_ops_medallion_pipe' retrieved from /opt/airflow/dags/flight-pipeline.py
[2026-05-02T05:58:46.631+0000] {logging_mixin.py:188} INFO - [2026-05-02T05:58:46.630+0000] {dag.py:3089} INFO - Sync 1 DAGs
[2026-05-02T05:58:46.654+0000] {logging_mixin.py:188} INFO - [2026-05-02T05:58:46.654+0000] {dag.py:3947} INFO - Setting next_dagrun for flights_ops_medallion_pipe to 2026-05-02 05:30:00+00:00, run_after=2026-05-02 06:00:00+00:00
[2026-05-02T05:58:46.677+0000] {processor.py:183} INFO - Processing /opt/airflow/dags/flight-pipeline.py took 1.347 seconds
[2026-05-02T05:59:16.936+0000] {processor.py:161} INFO - Started process (PID=10019) to work on /opt/airflow/dags/flight-pipeline.py
[2026-05-02T05:59:16.938+0000] {processor.py:830} INFO - Processing file /opt/airflow/dags/flight-pipeline.py for tasks to queue
[2026-05-02T05:59:16.939+0000] {logging_mixin.py:188} INFO - [2026-05-02T05:59:16.938+0000] {dagbag.py:545} INFO - Filling up the DagBag from /opt/airflow/dags/flight-pipeline.py
[2026-05-02T05:59:18.105+0000] {processor.py:840} INFO - DAG(s) 'flights_ops_medallion_pipe' retrieved from /opt/airflow/dags/flight-pipeline.py
[2026-05-02T05:59:18.148+0000] {logging_mixin.py:188} INFO - [2026-05-02T05:59:18.147+0000] {dag.py:3089} INFO - Sync 1 DAGs
[2026-05-02T05:59:18.173+0000] {logging_mixin.py:188} INFO - [2026-05-02T05:59:18.173+0000] {dag.py:3947} INFO - Setting next_dagrun for flights_ops_medallion_pipe to 2026-05-02 05:30:00+00:00, run_after=2026-05-02 06:00:00+00:00
[2026-05-02T05:59:18.195+0000] {processor.py:183} INFO - Processing /opt/airflow/dags/flight-pipeline.py took 1.272 seconds
[2026-05-02T05:59:48.419+0000] {processor.py:161} INFO - Started process (PID=10022) to work on /opt/airflow/dags/flight-pipeline.py
[2026-05-02T05:59:48.422+0000] {processor.py:830} INFO - Processing file /opt/airflow/dags/flight-pipeline.py for tasks to queue
[2026-05-02T05:59:48.423+0000] {logging_mixin.py:188} INFO - [2026-05-02T05:59:48.423+0000] {dagbag.py:545} INFO - Filling up the DagBag from /opt/airflow/dags/flight-pipeline.py
[2026-05-02T05:59:49.268+0000] {processor.py:840} INFO - DAG(s) 'flights_ops_medallion_pipe' retrieved from /opt/airflow/dags/flight-pipeline.py
[2026-05-02T05:59:49.299+0000] {logging_mixin.py:188} INFO - [2026-05-02T05:59:49.298+0000] {dag.py:3089} INFO - Sync 1 DAGs
[2026-05-02T05:59:49.319+0000] {logging_mixin.py:188} INFO - [2026-05-02T05:59:49.319+0000] {dag.py:3947} INFO - Setting next_dagrun for flights_ops_medallion_pipe to 2026-05-02 05:30:00+00:00, run_after=2026-05-02 06:00:00+00:00
[2026-05-02T05:59:49.337+0000] {processor.py:183} INFO - Processing /opt/airflow/dags/flight-pipeline.py took 0.927 seconds
[2026-05-02T06:00:19.661+0000] {processor.py:161} INFO - Started process (PID=10059) to work on /opt/airflow/dags/flight-pipeline.py
[2026-05-02T06:00:19.664+0000] {processor.py:830} INFO - Processing file /opt/airflow/dags/flight-pipeline.py for tasks to queue
[2026-05-02T06:00:19.666+0000] {logging_mixin.py:188} INFO - [2026-05-02T06:00:19.666+0000] {dagbag.py:545} INFO - Filling up the DagBag from /opt/airflow/dags/flight-pipeline.py
[2026-05-02T06:00:20.371+0000] {processor.py:840} INFO - DAG(s) 'flights_ops_medallion_pipe' retrieved from /opt/airflow/dags/flight-pipeline.py
[2026-05-02T06:00:20.633+0000] {logging_mixin.py:188} INFO - [2026-05-02T06:00:20.633+0000] {dag.py:3089} INFO - Sync 1 DAGs
[2026-05-02T06:00:20.657+0000] {logging_mixin.py:188} INFO - [2026-05-02T06:00:20.656+0000] {dag.py:3947} INFO - Setting next_dagrun for flights_ops_medallion_pipe to 2026-05-02 06:00:00+00:00, run_after=2026-05-02 06:30:00+00:00
[2026-05-02T06:00:20.675+0000] {processor.py:183} INFO - Processing /opt/airflow/dags/flight-pipeline.py took 1.027 seconds
[2026-05-02T06:08:57.015+0000] {processor.py:161} INFO - Started process (PID=10072) to work on /opt/airflow/dags/flight-pipeline.py
[2026-05-02T06:08:57.024+0000] {processor.py:830} INFO - Processing file /opt/airflow/dags/flight-pipeline.py for tasks to queue
[2026-05-02T06:08:57.029+0000] {logging_mixin.py:188} INFO - [2026-05-02T06:08:57.028+0000] {dagbag.py:545} INFO - Filling up the DagBag from /opt/airflow/dags/flight-pipeline.py
[2026-05-02T06:09:03.826+0000] {processor.py:840} INFO - DAG(s) 'flights_ops_medallion_pipe' retrieved from /opt/airflow/dags/flight-pipeline.py
[2026-05-02T06:09:03.937+0000] {logging_mixin.py:188} INFO - [2026-05-02T06:09:03.936+0000] {dag.py:3089} INFO - Sync 1 DAGs
[2026-05-02T06:09:04.021+0000] {logging_mixin.py:188} INFO - [2026-05-02T06:09:04.020+0000] {dag.py:3947} INFO - Setting next_dagrun for flights_ops_medallion_pipe to 2026-05-02 06:00:00+00:00, run_after=2026-05-02 06:30:00+00:00
[2026-05-02T06:09:04.254+0000] {processor.py:183} INFO - Processing /opt/airflow/dags/flight-pipeline.py took 7.282 seconds
[2026-05-02T06:09:36.823+0000] {processor.py:161} INFO - Started process (PID=10076) to work on /opt/airflow/dags/flight-pipeline.py
[2026-05-02T06:09:36.914+0000] {processor.py:830} INFO - Processing file /opt/airflow/dags/flight-pipeline.py for tasks to queue
[2026-05-02T06:09:36.998+0000] {logging_mixin.py:188} INFO - [2026-05-02T06:09:36.983+0000] {dagbag.py:545} INFO - Filling up the DagBag from /opt/airflow/dags/flight-pipeline.py
[2026-05-02T06:18:21.839+0000] {logging_mixin.py:188} INFO - [2026-05-02T06:18:21.363+0000] {timeout.py:68} ERROR - Process timed out, PID: 10076
[2026-05-02T06:18:56.355+0000] {processor.py:161} INFO - Started process (PID=10079) to work on /opt/airflow/dags/flight-pipeline.py
[2026-05-02T06:18:56.445+0000] {processor.py:830} INFO - Processing file /opt/airflow/dags/flight-pipeline.py for tasks to queue
[2026-05-02T06:18:56.557+0000] {logging_mixin.py:188} INFO - [2026-05-02T06:18:56.509+0000] {dagbag.py:545} INFO - Filling up the DagBag from /opt/airflow/dags/flight-pipeline.py
[2026-05-02T06:36:40.096+0000] {logging_mixin.py:188} INFO - [2026-05-02T06:36:39.611+0000] {timeout.py:68} ERROR - Process timed out, PID: 10079
[2026-05-02T06:37:17.152+0000] {processor.py:161} INFO - Started process (PID=10082) to work on /opt/airflow/dags/flight-pipeline.py
[2026-05-02T06:37:17.229+0000] {processor.py:830} INFO - Processing file /opt/airflow/dags/flight-pipeline.py for tasks to queue
[2026-05-02T06:37:17.300+0000] {logging_mixin.py:188} INFO - [2026-05-02T06:37:17.266+0000] {dagbag.py:545} INFO - Filling up the DagBag from /opt/airflow/dags/flight-pipeline.py
[2026-05-02T06:37:48.365+0000] {logging_mixin.py:188} INFO - [2026-05-02T06:37:48.240+0000] {timeout.py:68} ERROR - Process timed out, PID: 10082
[2026-05-02T06:38:19.537+0000] {processor.py:161} INFO - Started process (PID=10084) to work on /opt/airflow/dags/flight-pipeline.py
[2026-05-02T06:38:19.553+0000] {processor.py:830} INFO - Processing file /opt/airflow/dags/flight-pipeline.py for tasks to queue
[2026-05-02T06:38:19.557+0000] {logging_mixin.py:188} INFO - [2026-05-02T06:38:19.556+0000] {dagbag.py:545} INFO - Filling up the DagBag from /opt/airflow/dags/flight-pipeline.py
[2026-05-02T06:38:22.254+0000] {processor.py:840} INFO - DAG(s) 'flights_ops_medallion_pipe' retrieved from /opt/airflow/dags/flight-pipeline.py
[2026-05-02T06:38:22.586+0000] {logging_mixin.py:188} INFO - [2026-05-02T06:38:22.585+0000] {dag.py:3089} INFO - Sync 1 DAGs
[2026-05-02T06:38:22.632+0000] {logging_mixin.py:188} INFO - [2026-05-02T06:38:22.632+0000] {dag.py:3947} INFO - Setting next_dagrun for flights_ops_medallion_pipe to 2026-05-02 06:00:00+00:00, run_after=2026-05-02 06:30:00+00:00
[2026-05-02T06:38:22.678+0000] {processor.py:183} INFO - Processing /opt/airflow/dags/flight-pipeline.py took 3.158 seconds
[2026-05-02T06:38:52.750+0000] {processor.py:161} INFO - Started process (PID=10131) to work on /opt/airflow/dags/flight-pipeline.py
[2026-05-02T06:38:52.805+0000] {processor.py:830} INFO - Processing file /opt/airflow/dags/flight-pipeline.py for tasks to queue
[2026-05-02T06:38:52.807+0000] {logging_mixin.py:188} INFO - [2026-05-02T06:38:52.806+0000] {dagbag.py:545} INFO - Filling up the DagBag from /opt/airflow/dags/flight-pipeline.py
[2026-05-02T06:38:55.033+0000] {processor.py:840} INFO - DAG(s) 'flights_ops_medallion_pipe' retrieved from /opt/airflow/dags/flight-pipeline.py
[2026-05-02T06:38:55.074+0000] {logging_mixin.py:188} INFO - [2026-05-02T06:38:55.073+0000] {dag.py:3089} INFO - Sync 1 DAGs
[2026-05-02T06:38:55.120+0000] {logging_mixin.py:188} INFO - [2026-05-02T06:38:55.119+0000] {dag.py:3947} INFO - Setting next_dagrun for flights_ops_medallion_pipe to 2026-05-02 06:30:00+00:00, run_after=2026-05-02 07:00:00+00:00
[2026-05-02T06:38:55.166+0000] {processor.py:183} INFO - Processing /opt/airflow/dags/flight-pipeline.py took 2.426 seconds
[2026-05-02T07:09:09.253+0000] {processor.py:161} INFO - Started process (PID=10135) to work on /opt/airflow/dags/flight-pipeline.py
[2026-05-02T07:09:09.275+0000] {processor.py:830} INFO - Processing file /opt/airflow/dags/flight-pipeline.py for tasks to queue
[2026-05-02T07:09:09.279+0000] {logging_mixin.py:188} INFO - [2026-05-02T07:09:09.278+0000] {dagbag.py:545} INFO - Filling up the DagBag from /opt/airflow/dags/flight-pipeline.py
[2026-05-02T07:09:11.706+0000] {processor.py:840} INFO - DAG(s) 'flights_ops_medallion_pipe' retrieved from /opt/airflow/dags/flight-pipeline.py
[2026-05-02T07:09:11.797+0000] {logging_mixin.py:188} INFO - [2026-05-02T07:09:11.796+0000] {dag.py:3089} INFO - Sync 1 DAGs
[2026-05-02T07:09:11.848+0000] {logging_mixin.py:188} INFO - [2026-05-02T07:09:11.847+0000] {dag.py:3947} INFO - Setting next_dagrun for flights_ops_medallion_pipe to 2026-05-02 06:30:00+00:00, run_after=2026-05-02 07:00:00+00:00
[2026-05-02T07:09:11.898+0000] {processor.py:183} INFO - Processing /opt/airflow/dags/flight-pipeline.py took 2.690 seconds
[2026-05-02T07:09:42.487+0000] {processor.py:161} INFO - Started process (PID=10138) to work on /opt/airflow/dags/flight-pipeline.py
[2026-05-02T07:09:42.520+0000] {processor.py:830} INFO - Processing file /opt/airflow/dags/flight-pipeline.py for tasks to queue
[2026-05-02T07:09:42.544+0000] {logging_mixin.py:188} INFO - [2026-05-02T07:09:42.535+0000] {dagbag.py:545} INFO - Filling up the DagBag from /opt/airflow/dags/flight-pipeline.py
[2026-05-02T07:09:58.282+0000] {processor.py:840} INFO - DAG(s) 'flights_ops_medallion_pipe' retrieved from /opt/airflow/dags/flight-pipeline.py
[2026-05-02T07:09:59.372+0000] {logging_mixin.py:188} INFO - [2026-05-02T07:09:59.334+0000] {dag.py:3089} INFO - Sync 1 DAGs
[2026-05-02T07:09:59.990+0000] {logging_mixin.py:188} INFO - [2026-05-02T07:09:59.986+0000] {dag.py:3947} INFO - Setting next_dagrun for flights_ops_medallion_pipe to 2026-05-02 06:30:00+00:00, run_after=2026-05-02 07:00:00+00:00
[2026-05-02T07:10:00.349+0000] {processor.py:183} INFO - Processing /opt/airflow/dags/flight-pipeline.py took 17.968 seconds
[2026-05-02T07:25:24.660+0000] {processor.py:161} INFO - Started process (PID=10143) to work on /opt/airflow/dags/flight-pipeline.py
[2026-05-02T07:25:24.746+0000] {processor.py:830} INFO - Processing file /opt/airflow/dags/flight-pipeline.py for tasks to queue
[2026-05-02T07:25:24.748+0000] {logging_mixin.py:188} INFO - [2026-05-02T07:25:24.747+0000] {dagbag.py:545} INFO - Filling up the DagBag from /opt/airflow/dags/flight-pipeline.py
[2026-05-02T07:25:26.136+0000] {processor.py:840} INFO - DAG(s) 'flights_ops_medallion_pipe' retrieved from /opt/airflow/dags/flight-pipeline.py
[2026-05-02T07:25:26.198+0000] {logging_mixin.py:188} INFO - [2026-05-02T07:25:26.197+0000] {dag.py:3089} INFO - Sync 1 DAGs
[2026-05-02T07:25:26.234+0000] {logging_mixin.py:188} INFO - [2026-05-02T07:25:26.234+0000] {dag.py:3947} INFO - Setting next_dagrun for flights_ops_medallion_pipe to 2026-05-02 07:00:00+00:00, run_after=2026-05-02 07:30:00+00:00
[2026-05-02T07:25:26.261+0000] {processor.py:183} INFO - Processing /opt/airflow/dags/flight-pipeline.py took 1.636 seconds
[2026-05-02T07:25:56.844+0000] {processor.py:161} INFO - Started process (PID=10169) to work on /opt/airflow/dags/flight-pipeline.py
[2026-05-02T07:25:56.911+0000] {processor.py:830} INFO - Processing file /opt/airflow/dags/flight-pipeline.py for tasks to queue
[2026-05-02T07:25:56.923+0000] {logging_mixin.py:188} INFO - [2026-05-02T07:25:56.920+0000] {dagbag.py:545} INFO - Filling up the DagBag from /opt/airflow/dags/flight-pipeline.py
[2026-05-02T07:26:07.916+0000] {processor.py:840} INFO - DAG(s) 'flights_ops_medallion_pipe' retrieved from /opt/airflow/dags/flight-pipeline.py
[2026-05-02T07:26:09.710+0000] {logging_mixin.py:188} INFO - [2026-05-02T07:26:09.705+0000] {dag.py:3089} INFO - Sync 1 DAGs
[2026-05-02T07:26:10.023+0000] {logging_mixin.py:188} INFO - [2026-05-02T07:26:10.020+0000] {dag.py:3947} INFO - Setting next_dagrun for flights_ops_medallion_pipe to 2026-05-02 07:00:00+00:00, run_after=2026-05-02 07:30:00+00:00
[2026-05-02T07:26:10.275+0000] {processor.py:183} INFO - Processing /opt/airflow/dags/flight-pipeline.py took 13.532 seconds
[2026-05-02T07:26:40.997+0000] {processor.py:161} INFO - Started process (PID=10183) to work on /opt/airflow/dags/flight-pipeline.py
[2026-05-02T07:26:41.006+0000] {processor.py:830} INFO - Processing file /opt/airflow/dags/flight-pipeline.py for tasks to queue
[2026-05-02T07:26:41.009+0000] {logging_mixin.py:188} INFO - [2026-05-02T07:26:41.008+0000] {dagbag.py:545} INFO - Filling up the DagBag from /opt/airflow/dags/flight-pipeline.py
[2026-05-02T07:26:42.855+0000] {processor.py:840} INFO - DAG(s) 'flights_ops_medallion_pipe' retrieved from /opt/airflow/dags/flight-pipeline.py
[2026-05-02T07:26:42.909+0000] {logging_mixin.py:188} INFO - [2026-05-02T07:26:42.908+0000] {dag.py:3089} INFO - Sync 1 DAGs
[2026-05-02T07:26:42.946+0000] {logging_mixin.py:188} INFO - [2026-05-02T07:26:42.946+0000] {dag.py:3947} INFO - Setting next_dagrun for flights_ops_medallion_pipe to 2026-05-02 07:00:00+00:00, run_after=2026-05-02 07:30:00+00:00
[2026-05-02T07:26:42.980+0000] {processor.py:183} INFO - Processing /opt/airflow/dags/flight-pipeline.py took 2.009 seconds
[2026-05-02T07:36:44.943+0000] {processor.py:161} INFO - Started process (PID=10186) to work on /opt/airflow/dags/flight-pipeline.py
[2026-05-02T07:36:44.948+0000] {processor.py:830} INFO - Processing file /opt/airflow/dags/flight-pipeline.py for tasks to queue
[2026-05-02T07:36:44.951+0000] {logging_mixin.py:188} INFO - [2026-05-02T07:36:44.949+0000] {dagbag.py:545} INFO - Filling up the DagBag from /opt/airflow/dags/flight-pipeline.py
[2026-05-02T07:36:46.428+0000] {processor.py:840} INFO - DAG(s) 'flights_ops_medallion_pipe' retrieved from /opt/airflow/dags/flight-pipeline.py
[2026-05-02T07:36:46.458+0000] {logging_mixin.py:188} INFO - [2026-05-02T07:36:46.458+0000] {dag.py:3089} INFO - Sync 1 DAGs
[2026-05-02T07:36:46.481+0000] {logging_mixin.py:188} INFO - [2026-05-02T07:36:46.480+0000] {dag.py:3947} INFO - Setting next_dagrun for flights_ops_medallion_pipe to 2026-05-02 07:00:00+00:00, run_after=2026-05-02 07:30:00+00:00
[2026-05-02T07:36:46.498+0000] {processor.py:183} INFO - Processing /opt/airflow/dags/flight-pipeline.py took 1.578 seconds
[2026-05-02T07:37:17.024+0000] {processor.py:161} INFO - Started process (PID=10199) to work on /opt/airflow/dags/flight-pipeline.py
[2026-05-02T07:37:17.105+0000] {processor.py:830} INFO - Processing file /opt/airflow/dags/flight-pipeline.py for tasks to queue
[2026-05-02T07:37:17.129+0000] {logging_mixin.py:188} INFO - [2026-05-02T07:37:17.119+0000] {dagbag.py:545} INFO - Filling up the DagBag from /opt/airflow/dags/flight-pipeline.py
[2026-05-02T07:37:32.467+0000] {processor.py:840} INFO - DAG(s) 'flights_ops_medallion_pipe' retrieved from /opt/airflow/dags/flight-pipeline.py
[2026-05-02T07:37:32.970+0000] {logging_mixin.py:188} INFO - [2026-05-02T07:37:32.966+0000] {dag.py:3089} INFO - Sync 1 DAGs
[2026-05-02T07:37:33.249+0000] {logging_mixin.py:188} INFO - [2026-05-02T07:37:33.247+0000] {dag.py:3947} INFO - Setting next_dagrun for flights_ops_medallion_pipe to 2026-05-02 07:00:00+00:00, run_after=2026-05-02 07:30:00+00:00
[2026-05-02T07:37:33.476+0000] {processor.py:183} INFO - Processing /opt/airflow/dags/flight-pipeline.py took 16.637 seconds
[2026-05-02T07:54:37.847+0000] {processor.py:161} INFO - Started process (PID=10204) to work on /opt/airflow/dags/flight-pipeline.py
[2026-05-02T07:54:37.849+0000] {processor.py:830} INFO - Processing file /opt/airflow/dags/flight-pipeline.py for tasks to queue
[2026-05-02T07:54:37.852+0000] {logging_mixin.py:188} INFO - [2026-05-02T07:54:37.851+0000] {dagbag.py:545} INFO - Filling up the DagBag from /opt/airflow/dags/flight-pipeline.py
[2026-05-02T07:54:39.357+0000] {processor.py:840} INFO - DAG(s) 'flights_ops_medallion_pipe' retrieved from /opt/airflow/dags/flight-pipeline.py
[2026-05-02T07:54:39.432+0000] {logging_mixin.py:188} INFO - [2026-05-02T07:54:39.431+0000] {dag.py:3089} INFO - Sync 1 DAGs
[2026-05-02T07:54:39.524+0000] {logging_mixin.py:188} INFO - [2026-05-02T07:54:39.523+0000] {dag.py:3947} INFO - Setting next_dagrun for flights_ops_medallion_pipe to 2026-05-02 07:00:00+00:00, run_after=2026-05-02 07:30:00+00:00
[2026-05-02T07:54:39.564+0000] {processor.py:183} INFO - Processing /opt/airflow/dags/flight-pipeline.py took 1.772 seconds
[2026-05-02T07:55:10.211+0000] {processor.py:161} INFO - Started process (PID=10207) to work on /opt/airflow/dags/flight-pipeline.py
[2026-05-02T07:55:10.295+0000] {processor.py:830} INFO - Processing file /opt/airflow/dags/flight-pipeline.py for tasks to queue
[2026-05-02T07:55:10.321+0000] {logging_mixin.py:188} INFO - [2026-05-02T07:55:10.310+0000] {dagbag.py:545} INFO - Filling up the DagBag from /opt/airflow/dags/flight-pipeline.py
[2026-05-02T07:55:30.190+0000] {processor.py:840} INFO - DAG(s) 'flights_ops_medallion_pipe' retrieved from /opt/airflow/dags/flight-pipeline.py
[2026-05-02T07:55:30.809+0000] {logging_mixin.py:188} INFO - [2026-05-02T07:55:30.806+0000] {dag.py:3089} INFO - Sync 1 DAGs
[2026-05-02T07:55:31.279+0000] {logging_mixin.py:188} INFO - [2026-05-02T07:55:31.276+0000] {dag.py:3947} INFO - Setting next_dagrun for flights_ops_medallion_pipe to 2026-05-02 07:30:00+00:00, run_after=2026-05-02 08:00:00+00:00
[2026-05-02T07:55:31.551+0000] {processor.py:183} INFO - Processing /opt/airflow/dags/flight-pipeline.py took 21.498 seconds
[2026-05-02T07:56:01.813+0000] {processor.py:161} INFO - Started process (PID=10222) to work on /opt/airflow/dags/flight-pipeline.py
[2026-05-02T07:56:01.828+0000] {processor.py:830} INFO - Processing file /opt/airflow/dags/flight-pipeline.py for tasks to queue
[2026-05-02T07:56:01.830+0000] {logging_mixin.py:188} INFO - [2026-05-02T07:56:01.829+0000] {dagbag.py:545} INFO - Filling up the DagBag from /opt/airflow/dags/flight-pipeline.py
[2026-05-02T07:56:03.236+0000] {processor.py:840} INFO - DAG(s) 'flights_ops_medallion_pipe' retrieved from /opt/airflow/dags/flight-pipeline.py
[2026-05-02T07:56:03.284+0000] {logging_mixin.py:188} INFO - [2026-05-02T07:56:03.283+0000] {dag.py:3089} INFO - Sync 1 DAGs
[2026-05-02T07:56:03.315+0000] {logging_mixin.py:188} INFO - [2026-05-02T07:56:03.315+0000] {dag.py:3947} INFO - Setting next_dagrun for flights_ops_medallion_pipe to 2026-05-02 07:30:00+00:00, run_after=2026-05-02 08:00:00+00:00
[2026-05-02T07:56:03.343+0000] {processor.py:183} INFO - Processing /opt/airflow/dags/flight-pipeline.py took 1.544 seconds
[2026-05-02T07:56:33.638+0000] {processor.py:161} INFO - Started process (PID=10257) to work on /opt/airflow/dags/flight-pipeline.py
[2026-05-02T07:56:33.657+0000] {processor.py:830} INFO - Processing file /opt/airflow/dags/flight-pipeline.py for tasks to queue
[2026-05-02T07:56:33.665+0000] {logging_mixin.py:188} INFO - [2026-05-02T07:56:33.661+0000] {dagbag.py:545} INFO - Filling up the DagBag from /opt/airflow/dags/flight-pipeline.py
[2026-05-02T07:56:34.925+0000] {processor.py:840} INFO - DAG(s) 'flights_ops_medallion_pipe' retrieved from /opt/airflow/dags/flight-pipeline.py
[2026-05-02T07:56:34.968+0000] {logging_mixin.py:188} INFO - [2026-05-02T07:56:34.967+0000] {dag.py:3089} INFO - Sync 1 DAGs
[2026-05-02T07:56:34.996+0000] {logging_mixin.py:188} INFO - [2026-05-02T07:56:34.996+0000] {dag.py:3947} INFO - Setting next_dagrun for flights_ops_medallion_pipe to 2026-05-02 07:30:00+00:00, run_after=2026-05-02 08:00:00+00:00
[2026-05-02T07:56:35.021+0000] {processor.py:183} INFO - Processing /opt/airflow/dags/flight-pipeline.py took 1.414 seconds
[2026-05-02T07:57:05.248+0000] {processor.py:161} INFO - Started process (PID=10260) to work on /opt/airflow/dags/flight-pipeline.py
[2026-05-02T07:57:05.263+0000] {processor.py:830} INFO - Processing file /opt/airflow/dags/flight-pipeline.py for tasks to queue
[2026-05-02T07:57:05.265+0000] {logging_mixin.py:188} INFO - [2026-05-02T07:57:05.265+0000] {dagbag.py:545} INFO - Filling up the DagBag from /opt/airflow/dags/flight-pipeline.py
[2026-05-02T07:57:06.166+0000] {processor.py:840} INFO - DAG(s) 'flights_ops_medallion_pipe' retrieved from /opt/airflow/dags/flight-pipeline.py
[2026-05-02T07:57:06.198+0000] {logging_mixin.py:188} INFO - [2026-05-02T07:57:06.198+0000] {dag.py:3089} INFO - Sync 1 DAGs
[2026-05-02T07:57:06.220+0000] {logging_mixin.py:188} INFO - [2026-05-02T07:57:06.219+0000] {dag.py:3947} INFO - Setting next_dagrun for flights_ops_medallion_pipe to 2026-05-02 07:30:00+00:00, run_after=2026-05-02 08:00:00+00:00
[2026-05-02T07:57:06.239+0000] {processor.py:183} INFO - Processing /opt/airflow/dags/flight-pipeline.py took 0.999 seconds
[2026-05-02T07:57:36.475+0000] {processor.py:161} INFO - Started process (PID=10263) to work on /opt/airflow/dags/flight-pipeline.py
[2026-05-02T07:57:36.487+0000] {processor.py:830} INFO - Processing file /opt/airflow/dags/flight-pipeline.py for tasks to queue
[2026-05-02T07:57:36.488+0000] {logging_mixin.py:188} INFO - [2026-05-02T07:57:36.488+0000] {dagbag.py:545} INFO - Filling up the DagBag from /opt/airflow/dags/flight-pipeline.py
[2026-05-02T07:57:37.405+0000] {processor.py:840} INFO - DAG(s) 'flights_ops_medallion_pipe' retrieved from /opt/airflow/dags/flight-pipeline.py
[2026-05-02T07:57:37.437+0000] {logging_mixin.py:188} INFO - [2026-05-02T07:57:37.436+0000] {dag.py:3089} INFO - Sync 1 DAGs
[2026-05-02T07:57:37.460+0000] {logging_mixin.py:188} INFO - [2026-05-02T07:57:37.460+0000] {dag.py:3947} INFO - Setting next_dagrun for flights_ops_medallion_pipe to 2026-05-02 07:30:00+00:00, run_after=2026-05-02 08:00:00+00:00
[2026-05-02T07:57:37.485+0000] {processor.py:183} INFO - Processing /opt/airflow/dags/flight-pipeline.py took 1.019 seconds
[2026-05-02T07:58:07.691+0000] {processor.py:161} INFO - Started process (PID=10266) to work on /opt/airflow/dags/flight-pipeline.py
[2026-05-02T07:58:07.704+0000] {processor.py:830} INFO - Processing file /opt/airflow/dags/flight-pipeline.py for tasks to queue
[2026-05-02T07:58:07.705+0000] {logging_mixin.py:188} INFO - [2026-05-02T07:58:07.705+0000] {dagbag.py:545} INFO - Filling up the DagBag from /opt/airflow/dags/flight-pipeline.py
[2026-05-02T07:58:08.565+0000] {processor.py:840} INFO - DAG(s) 'flights_ops_medallion_pipe' retrieved from /opt/airflow/dags/flight-pipeline.py
[2026-05-02T07:58:08.597+0000] {logging_mixin.py:188} INFO - [2026-05-02T07:58:08.596+0000] {dag.py:3089} INFO - Sync 1 DAGs
[2026-05-02T07:58:08.625+0000] {logging_mixin.py:188} INFO - [2026-05-02T07:58:08.625+0000] {dag.py:3947} INFO - Setting next_dagrun for flights_ops_medallion_pipe to 2026-05-02 07:30:00+00:00, run_after=2026-05-02 08:00:00+00:00
[2026-05-02T07:58:08.644+0000] {processor.py:183} INFO - Processing /opt/airflow/dags/flight-pipeline.py took 0.960 seconds
[2026-05-02T07:58:38.902+0000] {processor.py:161} INFO - Started process (PID=10269) to work on /opt/airflow/dags/flight-pipeline.py
[2026-05-02T07:58:38.913+0000] {processor.py:830} INFO - Processing file /opt/airflow/dags/flight-pipeline.py for tasks to queue
[2026-05-02T07:58:38.914+0000] {logging_mixin.py:188} INFO - [2026-05-02T07:58:38.914+0000] {dagbag.py:545} INFO - Filling up the DagBag from /opt/airflow/dags/flight-pipeline.py
[2026-05-02T07:58:39.741+0000] {processor.py:840} INFO - DAG(s) 'flights_ops_medallion_pipe' retrieved from /opt/airflow/dags/flight-pipeline.py
[2026-05-02T07:58:39.778+0000] {logging_mixin.py:188} INFO - [2026-05-02T07:58:39.777+0000] {dag.py:3089} INFO - Sync 1 DAGs
[2026-05-02T07:58:39.799+0000] {logging_mixin.py:188} INFO - [2026-05-02T07:58:39.798+0000] {dag.py:3947} INFO - Setting next_dagrun for flights_ops_medallion_pipe to 2026-05-02 07:30:00+00:00, run_after=2026-05-02 08:00:00+00:00
[2026-05-02T07:58:39.816+0000] {processor.py:183} INFO - Processing /opt/airflow/dags/flight-pipeline.py took 0.924 seconds
[2026-05-02T08:00:56.650+0000] {processor.py:161} INFO - Started process (PID=10274) to work on /opt/airflow/dags/flight-pipeline.py
[2026-05-02T08:00:56.717+0000] {processor.py:830} INFO - Processing file /opt/airflow/dags/flight-pipeline.py for tasks to queue
[2026-05-02T08:00:56.722+0000] {logging_mixin.py:188} INFO - [2026-05-02T08:00:56.721+0000] {dagbag.py:545} INFO - Filling up the DagBag from /opt/airflow/dags/flight-pipeline.py
[2026-05-02T08:00:57.967+0000] {processor.py:840} INFO - DAG(s) 'flights_ops_medallion_pipe' retrieved from /opt/airflow/dags/flight-pipeline.py
[2026-05-02T08:00:58.038+0000] {logging_mixin.py:188} INFO - [2026-05-02T08:00:58.037+0000] {dag.py:3089} INFO - Sync 1 DAGs
[2026-05-02T08:00:58.071+0000] {logging_mixin.py:188} INFO - [2026-05-02T08:00:58.070+0000] {dag.py:3947} INFO - Setting next_dagrun for flights_ops_medallion_pipe to 2026-05-02 08:00:00+00:00, run_after=2026-05-02 08:30:00+00:00
[2026-05-02T08:00:58.106+0000] {processor.py:183} INFO - Processing /opt/airflow/dags/flight-pipeline.py took 1.475 seconds
[2026-05-02T08:01:28.532+0000] {processor.py:161} INFO - Started process (PID=10289) to work on /opt/airflow/dags/flight-pipeline.py
[2026-05-02T08:01:28.568+0000] {processor.py:830} INFO - Processing file /opt/airflow/dags/flight-pipeline.py for tasks to queue
[2026-05-02T08:01:28.583+0000] {logging_mixin.py:188} INFO - [2026-05-02T08:01:28.577+0000] {dagbag.py:545} INFO - Filling up the DagBag from /opt/airflow/dags/flight-pipeline.py
[2026-05-02T08:01:45.918+0000] {processor.py:840} INFO - DAG(s) 'flights_ops_medallion_pipe' retrieved from /opt/airflow/dags/flight-pipeline.py
[2026-05-02T08:01:46.699+0000] {logging_mixin.py:188} INFO - [2026-05-02T08:01:46.693+0000] {dag.py:3089} INFO - Sync 1 DAGs
[2026-05-02T08:01:47.170+0000] {logging_mixin.py:188} INFO - [2026-05-02T08:01:47.167+0000] {dag.py:3947} INFO - Setting next_dagrun for flights_ops_medallion_pipe to 2026-05-02 08:00:00+00:00, run_after=2026-05-02 08:30:00+00:00
[2026-05-02T08:01:47.364+0000] {processor.py:183} INFO - Processing /opt/airflow/dags/flight-pipeline.py took 18.951 seconds
[2026-05-02T08:02:18.190+0000] {processor.py:161} INFO - Started process (PID=10313) to work on /opt/airflow/dags/flight-pipeline.py
[2026-05-02T08:02:18.205+0000] {processor.py:830} INFO - Processing file /opt/airflow/dags/flight-pipeline.py for tasks to queue
[2026-05-02T08:02:18.207+0000] {logging_mixin.py:188} INFO - [2026-05-02T08:02:18.206+0000] {dagbag.py:545} INFO - Filling up the DagBag from /opt/airflow/dags/flight-pipeline.py
[2026-05-02T08:02:19.849+0000] {processor.py:840} INFO - DAG(s) 'flights_ops_medallion_pipe' retrieved from /opt/airflow/dags/flight-pipeline.py
[2026-05-02T08:02:19.896+0000] {logging_mixin.py:188} INFO - [2026-05-02T08:02:19.895+0000] {dag.py:3089} INFO - Sync 1 DAGs
[2026-05-02T08:02:19.935+0000] {logging_mixin.py:188} INFO - [2026-05-02T08:02:19.934+0000] {dag.py:3947} INFO - Setting next_dagrun for flights_ops_medallion_pipe to 2026-05-02 08:00:00+00:00, run_after=2026-05-02 08:30:00+00:00
[2026-05-02T08:02:19.962+0000] {processor.py:183} INFO - Processing /opt/airflow/dags/flight-pipeline.py took 1.786 seconds
[2026-05-02T08:17:53.145+0000] {processor.py:161} INFO - Started process (PID=10328) to work on /opt/airflow/dags/flight-pipeline.py
[2026-05-02T08:17:53.162+0000] {processor.py:830} INFO - Processing file /opt/airflow/dags/flight-pipeline.py for tasks to queue
[2026-05-02T08:17:53.168+0000] {logging_mixin.py:188} INFO - [2026-05-02T08:17:53.165+0000] {dagbag.py:545} INFO - Filling up the DagBag from /opt/airflow/dags/flight-pipeline.py
[2026-05-02T08:17:54.662+0000] {processor.py:840} INFO - DAG(s) 'flights_ops_medallion_pipe' retrieved from /opt/airflow/dags/flight-pipeline.py
[2026-05-02T08:17:54.741+0000] {logging_mixin.py:188} INFO - [2026-05-02T08:17:54.740+0000] {dag.py:3089} INFO - Sync 1 DAGs
[2026-05-02T08:17:54.791+0000] {logging_mixin.py:188} INFO - [2026-05-02T08:17:54.790+0000] {dag.py:3947} INFO - Setting next_dagrun for flights_ops_medallion_pipe to 2026-05-02 08:00:00+00:00, run_after=2026-05-02 08:30:00+00:00
[2026-05-02T08:17:54.814+0000] {processor.py:183} INFO - Processing /opt/airflow/dags/flight-pipeline.py took 1.685 seconds
[2026-05-02T08:18:25.442+0000] {processor.py:161} INFO - Started process (PID=10331) to work on /opt/airflow/dags/flight-pipeline.py
[2026-05-02T08:18:25.475+0000] {processor.py:830} INFO - Processing file /opt/airflow/dags/flight-pipeline.py for tasks to queue
[2026-05-02T08:18:25.503+0000] {logging_mixin.py:188} INFO - [2026-05-02T08:18:25.486+0000] {dagbag.py:545} INFO - Filling up the DagBag from /opt/airflow/dags/flight-pipeline.py
[2026-05-02T08:18:39.350+0000] {processor.py:840} INFO - DAG(s) 'flights_ops_medallion_pipe' retrieved from /opt/airflow/dags/flight-pipeline.py
[2026-05-02T08:18:39.703+0000] {logging_mixin.py:188} INFO - [2026-05-02T08:18:39.698+0000] {dag.py:3089} INFO - Sync 1 DAGs
[2026-05-02T08:18:40.021+0000] {logging_mixin.py:188} INFO - [2026-05-02T08:18:40.019+0000] {dag.py:3947} INFO - Setting next_dagrun for flights_ops_medallion_pipe to 2026-05-02 08:00:00+00:00, run_after=2026-05-02 08:30:00+00:00
[2026-05-02T08:18:40.287+0000] {processor.py:183} INFO - Processing /opt/airflow/dags/flight-pipeline.py took 14.965 seconds
[2026-05-02T08:19:10.478+0000] {processor.py:161} INFO - Started process (PID=10334) to work on /opt/airflow/dags/flight-pipeline.py
[2026-05-02T08:19:10.487+0000] {processor.py:830} INFO - Processing file /opt/airflow/dags/flight-pipeline.py for tasks to queue
[2026-05-02T08:19:10.494+0000] {logging_mixin.py:188} INFO - [2026-05-02T08:19:10.492+0000] {dagbag.py:545} INFO - Filling up the DagBag from /opt/airflow/dags/flight-pipeline.py
[2026-05-02T08:19:12.256+0000] {processor.py:840} INFO - DAG(s) 'flights_ops_medallion_pipe' retrieved from /opt/airflow/dags/flight-pipeline.py
[2026-05-02T08:19:12.309+0000] {logging_mixin.py:188} INFO - [2026-05-02T08:19:12.309+0000] {dag.py:3089} INFO - Sync 1 DAGs
[2026-05-02T08:19:12.350+0000] {logging_mixin.py:188} INFO - [2026-05-02T08:19:12.350+0000] {dag.py:3947} INFO - Setting next_dagrun for flights_ops_medallion_pipe to 2026-05-02 08:00:00+00:00, run_after=2026-05-02 08:30:00+00:00
[2026-05-02T08:19:12.379+0000] {processor.py:183} INFO - Processing /opt/airflow/dags/flight-pipeline.py took 1.918 seconds
[2026-05-02T08:36:27.775+0000] {processor.py:161} INFO - Started process (PID=10337) to work on /opt/airflow/dags/flight-pipeline.py
[2026-05-02T08:36:27.779+0000] {processor.py:830} INFO - Processing file /opt/airflow/dags/flight-pipeline.py for tasks to queue
[2026-05-02T08:36:27.781+0000] {logging_mixin.py:188} INFO - [2026-05-02T08:36:27.781+0000] {dagbag.py:545} INFO - Filling up the DagBag from /opt/airflow/dags/flight-pipeline.py
[2026-05-02T08:36:29.633+0000] {processor.py:840} INFO - DAG(s) 'flights_ops_medallion_pipe' retrieved from /opt/airflow/dags/flight-pipeline.py
[2026-05-02T08:36:29.681+0000] {logging_mixin.py:188} INFO - [2026-05-02T08:36:29.681+0000] {dag.py:3089} INFO - Sync 1 DAGs
[2026-05-02T08:36:29.713+0000] {logging_mixin.py:188} INFO - [2026-05-02T08:36:29.712+0000] {dag.py:3947} INFO - Setting next_dagrun for flights_ops_medallion_pipe to 2026-05-02 08:30:00+00:00, run_after=2026-05-02 09:00:00+00:00
[2026-05-02T08:36:29.740+0000] {processor.py:183} INFO - Processing /opt/airflow/dags/flight-pipeline.py took 1.980 seconds
[2026-05-02T08:37:00.216+0000] {processor.py:161} INFO - Started process (PID=10352) to work on /opt/airflow/dags/flight-pipeline.py
[2026-05-02T08:37:00.294+0000] {processor.py:830} INFO - Processing file /opt/airflow/dags/flight-pipeline.py for tasks to queue
[2026-05-02T08:37:00.311+0000] {logging_mixin.py:188} INFO - [2026-05-02T08:37:00.305+0000] {dagbag.py:545} INFO - Filling up the DagBag from /opt/airflow/dags/flight-pipeline.py
[2026-05-02T08:37:16.749+0000] {processor.py:840} INFO - DAG(s) 'flights_ops_medallion_pipe' retrieved from /opt/airflow/dags/flight-pipeline.py
[2026-05-02T08:37:17.186+0000] {logging_mixin.py:188} INFO - [2026-05-02T08:37:17.178+0000] {dag.py:3089} INFO - Sync 1 DAGs
[2026-05-02T08:37:17.573+0000] {logging_mixin.py:188} INFO - [2026-05-02T08:37:17.569+0000] {dag.py:3947} INFO - Setting next_dagrun for flights_ops_medallion_pipe to 2026-05-02 08:30:00+00:00, run_after=2026-05-02 09:00:00+00:00
[2026-05-02T08:37:17.931+0000] {processor.py:183} INFO - Processing /opt/airflow/dags/flight-pipeline.py took 17.828 seconds
[2026-05-02T08:37:48.415+0000] {processor.py:161} INFO - Started process (PID=10375) to work on /opt/airflow/dags/flight-pipeline.py
[2026-05-02T08:37:48.421+0000] {processor.py:830} INFO - Processing file /opt/airflow/dags/flight-pipeline.py for tasks to queue
[2026-05-02T08:37:48.423+0000] {logging_mixin.py:188} INFO - [2026-05-02T08:37:48.422+0000] {dagbag.py:545} INFO - Filling up the DagBag from /opt/airflow/dags/flight-pipeline.py
[2026-05-02T08:37:50.472+0000] {processor.py:840} INFO - DAG(s) 'flights_ops_medallion_pipe' retrieved from /opt/airflow/dags/flight-pipeline.py
[2026-05-02T08:37:50.552+0000] {logging_mixin.py:188} INFO - [2026-05-02T08:37:50.551+0000] {dag.py:3089} INFO - Sync 1 DAGs
[2026-05-02T08:37:50.614+0000] {logging_mixin.py:188} INFO - [2026-05-02T08:37:50.614+0000] {dag.py:3947} INFO - Setting next_dagrun for flights_ops_medallion_pipe to 2026-05-02 08:30:00+00:00, run_after=2026-05-02 09:00:00+00:00
[2026-05-02T08:37:50.661+0000] {processor.py:183} INFO - Processing /opt/airflow/dags/flight-pipeline.py took 2.261 seconds
[2026-05-02T08:38:20.892+0000] {processor.py:161} INFO - Started process (PID=10390) to work on /opt/airflow/dags/flight-pipeline.py
[2026-05-02T08:38:20.897+0000] {processor.py:830} INFO - Processing file /opt/airflow/dags/flight-pipeline.py for tasks to queue
[2026-05-02T08:38:20.899+0000] {logging_mixin.py:188} INFO - [2026-05-02T08:38:20.898+0000] {dagbag.py:545} INFO - Filling up the DagBag from /opt/airflow/dags/flight-pipeline.py
[2026-05-02T08:38:22.024+0000] {processor.py:840} INFO - DAG(s) 'flights_ops_medallion_pipe' retrieved from /opt/airflow/dags/flight-pipeline.py
[2026-05-02T08:38:22.066+0000] {logging_mixin.py:188} INFO - [2026-05-02T08:38:22.065+0000] {dag.py:3089} INFO - Sync 1 DAGs
[2026-05-02T08:38:22.094+0000] {logging_mixin.py:188} INFO - [2026-05-02T08:38:22.094+0000] {dag.py:3947} INFO - Setting next_dagrun for flights_ops_medallion_pipe to 2026-05-02 08:30:00+00:00, run_after=2026-05-02 09:00:00+00:00
[2026-05-02T08:38:22.119+0000] {processor.py:183} INFO - Processing /opt/airflow/dags/flight-pipeline.py took 1.238 seconds
[2026-05-02T08:55:46.642+0000] {processor.py:161} INFO - Started process (PID=10394) to work on /opt/airflow/dags/flight-pipeline.py
[2026-05-02T08:55:46.661+0000] {processor.py:830} INFO - Processing file /opt/airflow/dags/flight-pipeline.py for tasks to queue
[2026-05-02T08:55:46.668+0000] {logging_mixin.py:188} INFO - [2026-05-02T08:55:46.665+0000] {dagbag.py:545} INFO - Filling up the DagBag from /opt/airflow/dags/flight-pipeline.py
[2026-05-02T08:55:48.644+0000] {processor.py:840} INFO - DAG(s) 'flights_ops_medallion_pipe' retrieved from /opt/airflow/dags/flight-pipeline.py
[2026-05-02T08:55:48.677+0000] {logging_mixin.py:188} INFO - [2026-05-02T08:55:48.677+0000] {dag.py:3089} INFO - Sync 1 DAGs
[2026-05-02T08:55:48.702+0000] {logging_mixin.py:188} INFO - [2026-05-02T08:55:48.702+0000] {dag.py:3947} INFO - Setting next_dagrun for flights_ops_medallion_pipe to 2026-05-02 08:30:00+00:00, run_after=2026-05-02 09:00:00+00:00
[2026-05-02T08:55:48.722+0000] {processor.py:183} INFO - Processing /opt/airflow/dags/flight-pipeline.py took 2.113 seconds
[2026-05-02T08:56:19.784+0000] {processor.py:161} INFO - Started process (PID=10397) to work on /opt/airflow/dags/flight-pipeline.py
[2026-05-02T08:56:19.813+0000] {processor.py:830} INFO - Processing file /opt/airflow/dags/flight-pipeline.py for tasks to queue
[2026-05-02T08:56:19.826+0000] {logging_mixin.py:188} INFO - [2026-05-02T08:56:19.821+0000] {dagbag.py:545} INFO - Filling up the DagBag from /opt/airflow/dags/flight-pipeline.py
[2026-05-02T08:56:31.578+0000] {processor.py:840} INFO - DAG(s) 'flights_ops_medallion_pipe' retrieved from /opt/airflow/dags/flight-pipeline.py
[2026-05-02T08:56:31.927+0000] {logging_mixin.py:188} INFO - [2026-05-02T08:56:31.921+0000] {dag.py:3089} INFO - Sync 1 DAGs
[2026-05-02T08:56:32.219+0000] {logging_mixin.py:188} INFO - [2026-05-02T08:56:32.213+0000] {dag.py:3947} INFO - Setting next_dagrun for flights_ops_medallion_pipe to 2026-05-02 08:30:00+00:00, run_after=2026-05-02 09:00:00+00:00
[2026-05-02T08:56:32.410+0000] {processor.py:183} INFO - Processing /opt/airflow/dags/flight-pipeline.py took 12.731 seconds
[2026-05-02T08:57:02.614+0000] {processor.py:161} INFO - Started process (PID=10400) to work on /opt/airflow/dags/flight-pipeline.py
[2026-05-02T08:57:02.619+0000] {processor.py:830} INFO - Processing file /opt/airflow/dags/flight-pipeline.py for tasks to queue
[2026-05-02T08:57:02.620+0000] {logging_mixin.py:188} INFO - [2026-05-02T08:57:02.620+0000] {dagbag.py:545} INFO - Filling up the DagBag from /opt/airflow/dags/flight-pipeline.py
[2026-05-02T08:57:03.448+0000] {processor.py:840} INFO - DAG(s) 'flights_ops_medallion_pipe' retrieved from /opt/airflow/dags/flight-pipeline.py
[2026-05-02T08:57:03.482+0000] {logging_mixin.py:188} INFO - [2026-05-02T08:57:03.482+0000] {dag.py:3089} INFO - Sync 1 DAGs
[2026-05-02T08:57:03.503+0000] {logging_mixin.py:188} INFO - [2026-05-02T08:57:03.502+0000] {dag.py:3947} INFO - Setting next_dagrun for flights_ops_medallion_pipe to 2026-05-02 08:30:00+00:00, run_after=2026-05-02 09:00:00+00:00
[2026-05-02T08:57:03.520+0000] {processor.py:183} INFO - Processing /opt/airflow/dags/flight-pipeline.py took 0.915 seconds
[2026-05-02T08:57:33.760+0000] {processor.py:161} INFO - Started process (PID=10403) to work on /opt/airflow/dags/flight-pipeline.py
[2026-05-02T08:57:33.764+0000] {processor.py:830} INFO - Processing file /opt/airflow/dags/flight-pipeline.py for tasks to queue
[2026-05-02T08:57:33.765+0000] {logging_mixin.py:188} INFO - [2026-05-02T08:57:33.765+0000] {dagbag.py:545} INFO - Filling up the DagBag from /opt/airflow/dags/flight-pipeline.py
[2026-05-02T08:57:34.943+0000] {processor.py:840} INFO - DAG(s) 'flights_ops_medallion_pipe' retrieved from /opt/airflow/dags/flight-pipeline.py
[2026-05-02T08:57:35.007+0000] {logging_mixin.py:188} INFO - [2026-05-02T08:57:35.006+0000] {dag.py:3089} INFO - Sync 1 DAGs
[2026-05-02T08:57:35.049+0000] {logging_mixin.py:188} INFO - [2026-05-02T08:57:35.048+0000] {dag.py:3947} INFO - Setting next_dagrun for flights_ops_medallion_pipe to 2026-05-02 08:30:00+00:00, run_after=2026-05-02 09:00:00+00:00
[2026-05-02T08:57:35.083+0000] {processor.py:183} INFO - Processing /opt/airflow/dags/flight-pipeline.py took 1.334 seconds
[2026-05-02T08:58:05.296+0000] {processor.py:161} INFO - Started process (PID=10406) to work on /opt/airflow/dags/flight-pipeline.py
[2026-05-02T08:58:05.304+0000] {processor.py:830} INFO - Processing file /opt/airflow/dags/flight-pipeline.py for tasks to queue
[2026-05-02T08:58:05.308+0000] {logging_mixin.py:188} INFO - [2026-05-02T08:58:05.306+0000] {dagbag.py:545} INFO - Filling up the DagBag from /opt/airflow/dags/flight-pipeline.py
[2026-05-02T08:58:07.148+0000] {processor.py:840} INFO - DAG(s) 'flights_ops_medallion_pipe' retrieved from /opt/airflow/dags/flight-pipeline.py
[2026-05-02T08:58:07.206+0000] {logging_mixin.py:188} INFO - [2026-05-02T08:58:07.206+0000] {dag.py:3089} INFO - Sync 1 DAGs
[2026-05-02T08:58:07.248+0000] {logging_mixin.py:188} INFO - [2026-05-02T08:58:07.247+0000] {dag.py:3947} INFO - Setting next_dagrun for flights_ops_medallion_pipe to 2026-05-02 08:30:00+00:00, run_after=2026-05-02 09:00:00+00:00
[2026-05-02T08:58:07.289+0000] {processor.py:183} INFO - Processing /opt/airflow/dags/flight-pipeline.py took 2.026 seconds
[2026-05-02T08:58:37.563+0000] {processor.py:161} INFO - Started process (PID=10409) to work on /opt/airflow/dags/flight-pipeline.py
[2026-05-02T08:58:37.567+0000] {processor.py:830} INFO - Processing file /opt/airflow/dags/flight-pipeline.py for tasks to queue
[2026-05-02T08:58:37.570+0000] {logging_mixin.py:188} INFO - [2026-05-02T08:58:37.569+0000] {dagbag.py:545} INFO - Filling up the DagBag from /opt/airflow/dags/flight-pipeline.py
[2026-05-02T08:58:38.583+0000] {processor.py:840} INFO - DAG(s) 'flights_ops_medallion_pipe' retrieved from /opt/airflow/dags/flight-pipeline.py
[2026-05-02T08:58:38.618+0000] {logging_mixin.py:188} INFO - [2026-05-02T08:58:38.618+0000] {dag.py:3089} INFO - Sync 1 DAGs
[2026-05-02T08:58:38.643+0000] {logging_mixin.py:188} INFO - [2026-05-02T08:58:38.643+0000] {dag.py:3947} INFO - Setting next_dagrun for flights_ops_medallion_pipe to 2026-05-02 08:30:00+00:00, run_after=2026-05-02 09:00:00+00:00
[2026-05-02T08:58:38.664+0000] {processor.py:183} INFO - Processing /opt/airflow/dags/flight-pipeline.py took 1.124 seconds
[2026-05-02T08:59:08.821+0000] {processor.py:161} INFO - Started process (PID=10412) to work on /opt/airflow/dags/flight-pipeline.py
[2026-05-02T08:59:08.824+0000] {processor.py:830} INFO - Processing file /opt/airflow/dags/flight-pipeline.py for tasks to queue
[2026-05-02T08:59:08.825+0000] {logging_mixin.py:188} INFO - [2026-05-02T08:59:08.825+0000] {dagbag.py:545} INFO - Filling up the DagBag from /opt/airflow/dags/flight-pipeline.py
[2026-05-02T08:59:09.678+0000] {processor.py:840} INFO - DAG(s) 'flights_ops_medallion_pipe' retrieved from /opt/airflow/dags/flight-pipeline.py
[2026-05-02T08:59:09.711+0000] {logging_mixin.py:188} INFO - [2026-05-02T08:59:09.710+0000] {dag.py:3089} INFO - Sync 1 DAGs
[2026-05-02T08:59:09.735+0000] {logging_mixin.py:188} INFO - [2026-05-02T08:59:09.735+0000] {dag.py:3947} INFO - Setting next_dagrun for flights_ops_medallion_pipe to 2026-05-02 08:30:00+00:00, run_after=2026-05-02 09:00:00+00:00
[2026-05-02T08:59:09.753+0000] {processor.py:183} INFO - Processing /opt/airflow/dags/flight-pipeline.py took 0.940 seconds
[2026-05-02T08:59:40.003+0000] {processor.py:161} INFO - Started process (PID=10415) to work on /opt/airflow/dags/flight-pipeline.py
[2026-05-02T08:59:40.006+0000] {processor.py:830} INFO - Processing file /opt/airflow/dags/flight-pipeline.py for tasks to queue
[2026-05-02T08:59:40.007+0000] {logging_mixin.py:188} INFO - [2026-05-02T08:59:40.007+0000] {dagbag.py:545} INFO - Filling up the DagBag from /opt/airflow/dags/flight-pipeline.py
[2026-05-02T08:59:40.850+0000] {processor.py:840} INFO - DAG(s) 'flights_ops_medallion_pipe' retrieved from /opt/airflow/dags/flight-pipeline.py
[2026-05-02T08:59:40.881+0000] {logging_mixin.py:188} INFO - [2026-05-02T08:59:40.880+0000] {dag.py:3089} INFO - Sync 1 DAGs
[2026-05-02T08:59:40.900+0000] {logging_mixin.py:188} INFO - [2026-05-02T08:59:40.900+0000] {dag.py:3947} INFO - Setting next_dagrun for flights_ops_medallion_pipe to 2026-05-02 08:30:00+00:00, run_after=2026-05-02 09:00:00+00:00
[2026-05-02T08:59:40.918+0000] {processor.py:183} INFO - Processing /opt/airflow/dags/flight-pipeline.py took 0.923 seconds
[2026-05-02T09:00:11.172+0000] {processor.py:161} INFO - Started process (PID=10430) to work on /opt/airflow/dags/flight-pipeline.py
[2026-05-02T09:00:11.183+0000] {processor.py:830} INFO - Processing file /opt/airflow/dags/flight-pipeline.py for tasks to queue
[2026-05-02T09:00:11.184+0000] {logging_mixin.py:188} INFO - [2026-05-02T09:00:11.184+0000] {dagbag.py:545} INFO - Filling up the DagBag from /opt/airflow/dags/flight-pipeline.py
[2026-05-02T09:00:12.437+0000] {processor.py:840} INFO - DAG(s) 'flights_ops_medallion_pipe' retrieved from /opt/airflow/dags/flight-pipeline.py
[2026-05-02T09:00:12.482+0000] {logging_mixin.py:188} INFO - [2026-05-02T09:00:12.482+0000] {dag.py:3089} INFO - Sync 1 DAGs
[2026-05-02T09:00:12.513+0000] {logging_mixin.py:188} INFO - [2026-05-02T09:00:12.512+0000] {dag.py:3947} INFO - Setting next_dagrun for flights_ops_medallion_pipe to 2026-05-02 09:00:00+00:00, run_after=2026-05-02 09:30:00+00:00
[2026-05-02T09:00:12.539+0000] {processor.py:183} INFO - Processing /opt/airflow/dags/flight-pipeline.py took 1.381 seconds
[2026-05-02T09:00:42.767+0000] {processor.py:161} INFO - Started process (PID=10465) to work on /opt/airflow/dags/flight-pipeline.py
[2026-05-02T09:00:42.783+0000] {processor.py:830} INFO - Processing file /opt/airflow/dags/flight-pipeline.py for tasks to queue
[2026-05-02T09:00:42.785+0000] {logging_mixin.py:188} INFO - [2026-05-02T09:00:42.784+0000] {dagbag.py:545} INFO - Filling up the DagBag from /opt/airflow/dags/flight-pipeline.py
[2026-05-02T09:00:44.191+0000] {processor.py:840} INFO - DAG(s) 'flights_ops_medallion_pipe' retrieved from /opt/airflow/dags/flight-pipeline.py
[2026-05-02T09:00:44.231+0000] {logging_mixin.py:188} INFO - [2026-05-02T09:00:44.231+0000] {dag.py:3089} INFO - Sync 1 DAGs
[2026-05-02T09:00:44.258+0000] {logging_mixin.py:188} INFO - [2026-05-02T09:00:44.258+0000] {dag.py:3947} INFO - Setting next_dagrun for flights_ops_medallion_pipe to 2026-05-02 09:00:00+00:00, run_after=2026-05-02 09:30:00+00:00
[2026-05-02T09:00:44.280+0000] {processor.py:183} INFO - Processing /opt/airflow/dags/flight-pipeline.py took 1.520 seconds
[2026-05-02T09:01:14.578+0000] {processor.py:161} INFO - Started process (PID=10468) to work on /opt/airflow/dags/flight-pipeline.py
[2026-05-02T09:01:14.581+0000] {processor.py:830} INFO - Processing file /opt/airflow/dags/flight-pipeline.py for tasks to queue
[2026-05-02T09:01:14.583+0000] {logging_mixin.py:188} INFO - [2026-05-02T09:01:14.582+0000] {dagbag.py:545} INFO - Filling up the DagBag from /opt/airflow/dags/flight-pipeline.py
[2026-05-02T09:01:15.453+0000] {processor.py:840} INFO - DAG(s) 'flights_ops_medallion_pipe' retrieved from /opt/airflow/dags/flight-pipeline.py
[2026-05-02T09:01:15.482+0000] {logging_mixin.py:188} INFO - [2026-05-02T09:01:15.481+0000] {dag.py:3089} INFO - Sync 1 DAGs
[2026-05-02T09:01:15.506+0000] {logging_mixin.py:188} INFO - [2026-05-02T09:01:15.506+0000] {dag.py:3947} INFO - Setting next_dagrun for flights_ops_medallion_pipe to 2026-05-02 09:00:00+00:00, run_after=2026-05-02 09:30:00+00:00
[2026-05-02T09:01:15.528+0000] {processor.py:183} INFO - Processing /opt/airflow/dags/flight-pipeline.py took 0.959 seconds
[2026-05-02T09:01:45.770+0000] {processor.py:161} INFO - Started process (PID=10471) to work on /opt/airflow/dags/flight-pipeline.py
[2026-05-02T09:01:45.783+0000] {processor.py:830} INFO - Processing file /opt/airflow/dags/flight-pipeline.py for tasks to queue
[2026-05-02T09:01:45.788+0000] {logging_mixin.py:188} INFO - [2026-05-02T09:01:45.786+0000] {dagbag.py:545} INFO - Filling up the DagBag from /opt/airflow/dags/flight-pipeline.py
[2026-05-02T09:01:46.640+0000] {processor.py:840} INFO - DAG(s) 'flights_ops_medallion_pipe' retrieved from /opt/airflow/dags/flight-pipeline.py
[2026-05-02T09:01:46.671+0000] {logging_mixin.py:188} INFO - [2026-05-02T09:01:46.671+0000] {dag.py:3089} INFO - Sync 1 DAGs
[2026-05-02T09:01:46.693+0000] {logging_mixin.py:188} INFO - [2026-05-02T09:01:46.693+0000] {dag.py:3947} INFO - Setting next_dagrun for flights_ops_medallion_pipe to 2026-05-02 09:00:00+00:00, run_after=2026-05-02 09:30:00+00:00
[2026-05-02T09:01:46.711+0000] {processor.py:183} INFO - Processing /opt/airflow/dags/flight-pipeline.py took 0.950 seconds
[2026-05-02T09:10:52.699+0000] {processor.py:161} INFO - Started process (PID=10474) to work on /opt/airflow/dags/flight-pipeline.py
[2026-05-02T09:10:52.707+0000] {processor.py:830} INFO - Processing file /opt/airflow/dags/flight-pipeline.py for tasks to queue
[2026-05-02T09:10:52.715+0000] {logging_mixin.py:188} INFO - [2026-05-02T09:10:52.713+0000] {dagbag.py:545} INFO - Filling up the DagBag from /opt/airflow/dags/flight-pipeline.py
[2026-05-02T09:10:54.646+0000] {processor.py:840} INFO - DAG(s) 'flights_ops_medallion_pipe' retrieved from /opt/airflow/dags/flight-pipeline.py
[2026-05-02T09:10:54.688+0000] {logging_mixin.py:188} INFO - [2026-05-02T09:10:54.688+0000] {dag.py:3089} INFO - Sync 1 DAGs
[2026-05-02T09:10:54.725+0000] {logging_mixin.py:188} INFO - [2026-05-02T09:10:54.724+0000] {dag.py:3947} INFO - Setting next_dagrun for flights_ops_medallion_pipe to 2026-05-02 09:00:00+00:00, run_after=2026-05-02 09:30:00+00:00
[2026-05-02T09:10:54.761+0000] {processor.py:183} INFO - Processing /opt/airflow/dags/flight-pipeline.py took 2.111 seconds
[2026-05-02T09:11:25.272+0000] {processor.py:161} INFO - Started process (PID=10477) to work on /opt/airflow/dags/flight-pipeline.py
[2026-05-02T09:11:25.306+0000] {processor.py:830} INFO - Processing file /opt/airflow/dags/flight-pipeline.py for tasks to queue
[2026-05-02T09:11:25.317+0000] {logging_mixin.py:188} INFO - [2026-05-02T09:11:25.313+0000] {dagbag.py:545} INFO - Filling up the DagBag from /opt/airflow/dags/flight-pipeline.py
[2026-05-02T09:11:39.410+0000] {processor.py:840} INFO - DAG(s) 'flights_ops_medallion_pipe' retrieved from /opt/airflow/dags/flight-pipeline.py
[2026-05-02T09:11:39.889+0000] {logging_mixin.py:188} INFO - [2026-05-02T09:11:39.883+0000] {dag.py:3089} INFO - Sync 1 DAGs
[2026-05-02T09:11:40.144+0000] {logging_mixin.py:188} INFO - [2026-05-02T09:11:40.138+0000] {dag.py:3947} INFO - Setting next_dagrun for flights_ops_medallion_pipe to 2026-05-02 09:00:00+00:00, run_after=2026-05-02 09:30:00+00:00
[2026-05-02T09:11:40.340+0000] {processor.py:183} INFO - Processing /opt/airflow/dags/flight-pipeline.py took 15.286 seconds
[2026-05-02T09:29:36.746+0000] {processor.py:161} INFO - Started process (PID=10481) to work on /opt/airflow/dags/flight-pipeline.py
[2026-05-02T09:29:36.754+0000] {processor.py:830} INFO - Processing file /opt/airflow/dags/flight-pipeline.py for tasks to queue
[2026-05-02T09:29:36.756+0000] {logging_mixin.py:188} INFO - [2026-05-02T09:29:36.755+0000] {dagbag.py:545} INFO - Filling up the DagBag from /opt/airflow/dags/flight-pipeline.py
[2026-05-02T09:29:38.081+0000] {processor.py:840} INFO - DAG(s) 'flights_ops_medallion_pipe' retrieved from /opt/airflow/dags/flight-pipeline.py
[2026-05-02T09:29:38.115+0000] {logging_mixin.py:188} INFO - [2026-05-02T09:29:38.114+0000] {dag.py:3089} INFO - Sync 1 DAGs
[2026-05-02T09:29:38.137+0000] {logging_mixin.py:188} INFO - [2026-05-02T09:29:38.137+0000] {dag.py:3947} INFO - Setting next_dagrun for flights_ops_medallion_pipe to 2026-05-02 09:00:00+00:00, run_after=2026-05-02 09:30:00+00:00
[2026-05-02T09:29:38.160+0000] {processor.py:183} INFO - Processing /opt/airflow/dags/flight-pipeline.py took 1.429 seconds
[2026-05-02T09:30:08.494+0000] {processor.py:161} INFO - Started process (PID=10485) to work on /opt/airflow/dags/flight-pipeline.py
[2026-05-02T09:30:08.539+0000] {processor.py:830} INFO - Processing file /opt/airflow/dags/flight-pipeline.py for tasks to queue
[2026-05-02T09:30:08.552+0000] {logging_mixin.py:188} INFO - [2026-05-02T09:30:08.549+0000] {dagbag.py:545} INFO - Filling up the DagBag from /opt/airflow/dags/flight-pipeline.py
[2026-05-02T09:30:23.478+0000] {processor.py:840} INFO - DAG(s) 'flights_ops_medallion_pipe' retrieved from /opt/airflow/dags/flight-pipeline.py
[2026-05-02T09:30:23.885+0000] {logging_mixin.py:188} INFO - [2026-05-02T09:30:23.880+0000] {dag.py:3089} INFO - Sync 1 DAGs
[2026-05-02T09:30:24.182+0000] {logging_mixin.py:188} INFO - [2026-05-02T09:30:24.179+0000] {dag.py:3947} INFO - Setting next_dagrun for flights_ops_medallion_pipe to 2026-05-02 09:30:00+00:00, run_after=2026-05-02 10:00:00+00:00
[2026-05-02T09:30:24.370+0000] {processor.py:183} INFO - Processing /opt/airflow/dags/flight-pipeline.py took 16.021 seconds
[2026-05-02T09:30:54.591+0000] {processor.py:161} INFO - Started process (PID=10499) to work on /opt/airflow/dags/flight-pipeline.py
[2026-05-02T09:30:54.596+0000] {processor.py:830} INFO - Processing file /opt/airflow/dags/flight-pipeline.py for tasks to queue
[2026-05-02T09:30:54.597+0000] {logging_mixin.py:188} INFO - [2026-05-02T09:30:54.597+0000] {dagbag.py:545} INFO - Filling up the DagBag from /opt/airflow/dags/flight-pipeline.py
[2026-05-02T09:30:55.871+0000] {processor.py:840} INFO - DAG(s) 'flights_ops_medallion_pipe' retrieved from /opt/airflow/dags/flight-pipeline.py
[2026-05-02T09:30:55.917+0000] {logging_mixin.py:188} INFO - [2026-05-02T09:30:55.916+0000] {dag.py:3089} INFO - Sync 1 DAGs
[2026-05-02T09:30:55.945+0000] {logging_mixin.py:188} INFO - [2026-05-02T09:30:55.944+0000] {dag.py:3947} INFO - Setting next_dagrun for flights_ops_medallion_pipe to 2026-05-02 09:30:00+00:00, run_after=2026-05-02 10:00:00+00:00
[2026-05-02T09:30:55.969+0000] {processor.py:183} INFO - Processing /opt/airflow/dags/flight-pipeline.py took 1.390 seconds
[2026-05-02T09:31:26.135+0000] {processor.py:161} INFO - Started process (PID=10534) to work on /opt/airflow/dags/flight-pipeline.py
[2026-05-02T09:31:26.149+0000] {processor.py:830} INFO - Processing file /opt/airflow/dags/flight-pipeline.py for tasks to queue
[2026-05-02T09:31:26.151+0000] {logging_mixin.py:188} INFO - [2026-05-02T09:31:26.150+0000] {dagbag.py:545} INFO - Filling up the DagBag from /opt/airflow/dags/flight-pipeline.py
[2026-05-02T09:31:26.976+0000] {processor.py:840} INFO - DAG(s) 'flights_ops_medallion_pipe' retrieved from /opt/airflow/dags/flight-pipeline.py
[2026-05-02T09:31:27.004+0000] {logging_mixin.py:188} INFO - [2026-05-02T09:31:27.004+0000] {dag.py:3089} INFO - Sync 1 DAGs
[2026-05-02T09:31:27.024+0000] {logging_mixin.py:188} INFO - [2026-05-02T09:31:27.024+0000] {dag.py:3947} INFO - Setting next_dagrun for flights_ops_medallion_pipe to 2026-05-02 09:30:00+00:00, run_after=2026-05-02 10:00:00+00:00
[2026-05-02T09:31:27.044+0000] {processor.py:183} INFO - Processing /opt/airflow/dags/flight-pipeline.py took 0.919 seconds
[2026-05-02T09:31:57.321+0000] {processor.py:161} INFO - Started process (PID=10537) to work on /opt/airflow/dags/flight-pipeline.py
[2026-05-02T09:31:57.324+0000] {processor.py:830} INFO - Processing file /opt/airflow/dags/flight-pipeline.py for tasks to queue
[2026-05-02T09:31:57.325+0000] {logging_mixin.py:188} INFO - [2026-05-02T09:31:57.325+0000] {dagbag.py:545} INFO - Filling up the DagBag from /opt/airflow/dags/flight-pipeline.py
[2026-05-02T09:31:58.175+0000] {processor.py:840} INFO - DAG(s) 'flights_ops_medallion_pipe' retrieved from /opt/airflow/dags/flight-pipeline.py
[2026-05-02T09:31:58.207+0000] {logging_mixin.py:188} INFO - [2026-05-02T09:31:58.206+0000] {dag.py:3089} INFO - Sync 1 DAGs
[2026-05-02T09:31:58.230+0000] {logging_mixin.py:188} INFO - [2026-05-02T09:31:58.229+0000] {dag.py:3947} INFO - Setting next_dagrun for flights_ops_medallion_pipe to 2026-05-02 09:30:00+00:00, run_after=2026-05-02 10:00:00+00:00
[2026-05-02T09:31:58.248+0000] {processor.py:183} INFO - Processing /opt/airflow/dags/flight-pipeline.py took 0.936 seconds
[2026-05-02T09:32:28.495+0000] {processor.py:161} INFO - Started process (PID=10540) to work on /opt/airflow/dags/flight-pipeline.py
[2026-05-02T09:32:28.498+0000] {processor.py:830} INFO - Processing file /opt/airflow/dags/flight-pipeline.py for tasks to queue
[2026-05-02T09:32:28.499+0000] {logging_mixin.py:188} INFO - [2026-05-02T09:32:28.499+0000] {dagbag.py:545} INFO - Filling up the DagBag from /opt/airflow/dags/flight-pipeline.py
[2026-05-02T09:32:29.273+0000] {processor.py:840} INFO - DAG(s) 'flights_ops_medallion_pipe' retrieved from /opt/airflow/dags/flight-pipeline.py
[2026-05-02T09:32:29.303+0000] {logging_mixin.py:188} INFO - [2026-05-02T09:32:29.303+0000] {dag.py:3089} INFO - Sync 1 DAGs
[2026-05-02T09:32:29.323+0000] {logging_mixin.py:188} INFO - [2026-05-02T09:32:29.323+0000] {dag.py:3947} INFO - Setting next_dagrun for flights_ops_medallion_pipe to 2026-05-02 09:30:00+00:00, run_after=2026-05-02 10:00:00+00:00
[2026-05-02T09:32:29.341+0000] {processor.py:183} INFO - Processing /opt/airflow/dags/flight-pipeline.py took 0.854 seconds
[2026-05-02T09:32:59.626+0000] {processor.py:161} INFO - Started process (PID=10543) to work on /opt/airflow/dags/flight-pipeline.py
[2026-05-02T09:32:59.629+0000] {processor.py:830} INFO - Processing file /opt/airflow/dags/flight-pipeline.py for tasks to queue
[2026-05-02T09:32:59.630+0000] {logging_mixin.py:188} INFO - [2026-05-02T09:32:59.630+0000] {dagbag.py:545} INFO - Filling up the DagBag from /opt/airflow/dags/flight-pipeline.py
[2026-05-02T09:33:00.446+0000] {processor.py:840} INFO - DAG(s) 'flights_ops_medallion_pipe' retrieved from /opt/airflow/dags/flight-pipeline.py
[2026-05-02T09:33:00.477+0000] {logging_mixin.py:188} INFO - [2026-05-02T09:33:00.476+0000] {dag.py:3089} INFO - Sync 1 DAGs
[2026-05-02T09:33:00.496+0000] {logging_mixin.py:188} INFO - [2026-05-02T09:33:00.496+0000] {dag.py:3947} INFO - Setting next_dagrun for flights_ops_medallion_pipe to 2026-05-02 09:30:00+00:00, run_after=2026-05-02 10:00:00+00:00
[2026-05-02T09:33:00.514+0000] {processor.py:183} INFO - Processing /opt/airflow/dags/flight-pipeline.py took 0.899 seconds
[2026-05-02T09:33:30.783+0000] {processor.py:161} INFO - Started process (PID=10546) to work on /opt/airflow/dags/flight-pipeline.py
[2026-05-02T09:33:30.786+0000] {processor.py:830} INFO - Processing file /opt/airflow/dags/flight-pipeline.py for tasks to queue
[2026-05-02T09:33:30.787+0000] {logging_mixin.py:188} INFO - [2026-05-02T09:33:30.787+0000] {dagbag.py:545} INFO - Filling up the DagBag from /opt/airflow/dags/flight-pipeline.py
[2026-05-02T09:33:31.742+0000] {processor.py:840} INFO - DAG(s) 'flights_ops_medallion_pipe' retrieved from /opt/airflow/dags/flight-pipeline.py
[2026-05-02T09:33:31.774+0000] {logging_mixin.py:188} INFO - [2026-05-02T09:33:31.773+0000] {dag.py:3089} INFO - Sync 1 DAGs
[2026-05-02T09:33:31.793+0000] {logging_mixin.py:188} INFO - [2026-05-02T09:33:31.793+0000] {dag.py:3947} INFO - Setting next_dagrun for flights_ops_medallion_pipe to 2026-05-02 09:30:00+00:00, run_after=2026-05-02 10:00:00+00:00
[2026-05-02T09:33:31.812+0000] {processor.py:183} INFO - Processing /opt/airflow/dags/flight-pipeline.py took 1.038 seconds
[2026-05-02T09:34:02.029+0000] {processor.py:161} INFO - Started process (PID=10549) to work on /opt/airflow/dags/flight-pipeline.py
[2026-05-02T09:34:02.032+0000] {processor.py:830} INFO - Processing file /opt/airflow/dags/flight-pipeline.py for tasks to queue
[2026-05-02T09:34:02.033+0000] {logging_mixin.py:188} INFO - [2026-05-02T09:34:02.033+0000] {dagbag.py:545} INFO - Filling up the DagBag from /opt/airflow/dags/flight-pipeline.py
[2026-05-02T09:34:02.816+0000] {processor.py:840} INFO - DAG(s) 'flights_ops_medallion_pipe' retrieved from /opt/airflow/dags/flight-pipeline.py
[2026-05-02T09:34:02.849+0000] {logging_mixin.py:188} INFO - [2026-05-02T09:34:02.848+0000] {dag.py:3089} INFO - Sync 1 DAGs
[2026-05-02T09:34:02.868+0000] {logging_mixin.py:188} INFO - [2026-05-02T09:34:02.868+0000] {dag.py:3947} INFO - Setting next_dagrun for flights_ops_medallion_pipe to 2026-05-02 09:30:00+00:00, run_after=2026-05-02 10:00:00+00:00
[2026-05-02T09:34:02.888+0000] {processor.py:183} INFO - Processing /opt/airflow/dags/flight-pipeline.py took 0.867 seconds
[2026-05-02T09:34:33.131+0000] {processor.py:161} INFO - Started process (PID=10552) to work on /opt/airflow/dags/flight-pipeline.py
[2026-05-02T09:34:33.134+0000] {processor.py:830} INFO - Processing file /opt/airflow/dags/flight-pipeline.py for tasks to queue
[2026-05-02T09:34:33.135+0000] {logging_mixin.py:188} INFO - [2026-05-02T09:34:33.135+0000] {dagbag.py:545} INFO - Filling up the DagBag from /opt/airflow/dags/flight-pipeline.py
[2026-05-02T09:34:33.924+0000] {processor.py:840} INFO - DAG(s) 'flights_ops_medallion_pipe' retrieved from /opt/airflow/dags/flight-pipeline.py
[2026-05-02T09:34:33.955+0000] {logging_mixin.py:188} INFO - [2026-05-02T09:34:33.955+0000] {dag.py:3089} INFO - Sync 1 DAGs
[2026-05-02T09:34:33.975+0000] {logging_mixin.py:188} INFO - [2026-05-02T09:34:33.975+0000] {dag.py:3947} INFO - Setting next_dagrun for flights_ops_medallion_pipe to 2026-05-02 09:30:00+00:00, run_after=2026-05-02 10:00:00+00:00
[2026-05-02T09:34:33.995+0000] {processor.py:183} INFO - Processing /opt/airflow/dags/flight-pipeline.py took 0.873 seconds
[2026-05-02T09:35:04.280+0000] {processor.py:161} INFO - Started process (PID=10555) to work on /opt/airflow/dags/flight-pipeline.py
[2026-05-02T09:35:04.284+0000] {processor.py:830} INFO - Processing file /opt/airflow/dags/flight-pipeline.py for tasks to queue
[2026-05-02T09:35:04.285+0000] {logging_mixin.py:188} INFO - [2026-05-02T09:35:04.285+0000] {dagbag.py:545} INFO - Filling up the DagBag from /opt/airflow/dags/flight-pipeline.py
[2026-05-02T09:35:05.082+0000] {processor.py:840} INFO - DAG(s) 'flights_ops_medallion_pipe' retrieved from /opt/airflow/dags/flight-pipeline.py
[2026-05-02T09:35:05.111+0000] {logging_mixin.py:188} INFO - [2026-05-02T09:35:05.111+0000] {dag.py:3089} INFO - Sync 1 DAGs
[2026-05-02T09:35:05.132+0000] {logging_mixin.py:188} INFO - [2026-05-02T09:35:05.132+0000] {dag.py:3947} INFO - Setting next_dagrun for flights_ops_medallion_pipe to 2026-05-02 09:30:00+00:00, run_after=2026-05-02 10:00:00+00:00
[2026-05-02T09:35:05.151+0000] {processor.py:183} INFO - Processing /opt/airflow/dags/flight-pipeline.py took 0.881 seconds
[2026-05-02T09:35:35.443+0000] {processor.py:161} INFO - Started process (PID=10558) to work on /opt/airflow/dags/flight-pipeline.py
[2026-05-02T09:35:35.447+0000] {processor.py:830} INFO - Processing file /opt/airflow/dags/flight-pipeline.py for tasks to queue
[2026-05-02T09:35:35.448+0000] {logging_mixin.py:188} INFO - [2026-05-02T09:35:35.448+0000] {dagbag.py:545} INFO - Filling up the DagBag from /opt/airflow/dags/flight-pipeline.py
[2026-05-02T09:35:36.436+0000] {processor.py:840} INFO - DAG(s) 'flights_ops_medallion_pipe' retrieved from /opt/airflow/dags/flight-pipeline.py
[2026-05-02T09:35:36.494+0000] {logging_mixin.py:188} INFO - [2026-05-02T09:35:36.493+0000] {dag.py:3089} INFO - Sync 1 DAGs
[2026-05-02T09:35:36.525+0000] {logging_mixin.py:188} INFO - [2026-05-02T09:35:36.524+0000] {dag.py:3947} INFO - Setting next_dagrun for flights_ops_medallion_pipe to 2026-05-02 09:30:00+00:00, run_after=2026-05-02 10:00:00+00:00
[2026-05-02T09:35:36.545+0000] {processor.py:183} INFO - Processing /opt/airflow/dags/flight-pipeline.py took 1.113 seconds
[2026-05-02T09:36:06.689+0000] {processor.py:161} INFO - Started process (PID=10561) to work on /opt/airflow/dags/flight-pipeline.py
[2026-05-02T09:36:06.692+0000] {processor.py:830} INFO - Processing file /opt/airflow/dags/flight-pipeline.py for tasks to queue
[2026-05-02T09:36:06.693+0000] {logging_mixin.py:188} INFO - [2026-05-02T09:36:06.693+0000] {dagbag.py:545} INFO - Filling up the DagBag from /opt/airflow/dags/flight-pipeline.py
[2026-05-02T09:36:07.531+0000] {processor.py:840} INFO - DAG(s) 'flights_ops_medallion_pipe' retrieved from /opt/airflow/dags/flight-pipeline.py
[2026-05-02T09:36:07.562+0000] {logging_mixin.py:188} INFO - [2026-05-02T09:36:07.562+0000] {dag.py:3089} INFO - Sync 1 DAGs
[2026-05-02T09:36:07.584+0000] {logging_mixin.py:188} INFO - [2026-05-02T09:36:07.584+0000] {dag.py:3947} INFO - Setting next_dagrun for flights_ops_medallion_pipe to 2026-05-02 09:30:00+00:00, run_after=2026-05-02 10:00:00+00:00
[2026-05-02T09:36:07.603+0000] {processor.py:183} INFO - Processing /opt/airflow/dags/flight-pipeline.py took 0.923 seconds
[2026-05-02T09:36:37.880+0000] {processor.py:161} INFO - Started process (PID=10564) to work on /opt/airflow/dags/flight-pipeline.py
[2026-05-02T09:36:37.883+0000] {processor.py:830} INFO - Processing file /opt/airflow/dags/flight-pipeline.py for tasks to queue
[2026-05-02T09:36:37.885+0000] {logging_mixin.py:188} INFO - [2026-05-02T09:36:37.884+0000] {dagbag.py:545} INFO - Filling up the DagBag from /opt/airflow/dags/flight-pipeline.py
[2026-05-02T09:36:38.696+0000] {processor.py:840} INFO - DAG(s) 'flights_ops_medallion_pipe' retrieved from /opt/airflow/dags/flight-pipeline.py
[2026-05-02T09:36:38.725+0000] {logging_mixin.py:188} INFO - [2026-05-02T09:36:38.725+0000] {dag.py:3089} INFO - Sync 1 DAGs
[2026-05-02T09:36:38.745+0000] {logging_mixin.py:188} INFO - [2026-05-02T09:36:38.745+0000] {dag.py:3947} INFO - Setting next_dagrun for flights_ops_medallion_pipe to 2026-05-02 09:30:00+00:00, run_after=2026-05-02 10:00:00+00:00
[2026-05-02T09:36:38.763+0000] {processor.py:183} INFO - Processing /opt/airflow/dags/flight-pipeline.py took 0.893 seconds
[2026-05-02T09:37:09.047+0000] {processor.py:161} INFO - Started process (PID=10567) to work on /opt/airflow/dags/flight-pipeline.py
[2026-05-02T09:37:09.051+0000] {processor.py:830} INFO - Processing file /opt/airflow/dags/flight-pipeline.py for tasks to queue
[2026-05-02T09:37:09.052+0000] {logging_mixin.py:188} INFO - [2026-05-02T09:37:09.051+0000] {dagbag.py:545} INFO - Filling up the DagBag from /opt/airflow/dags/flight-pipeline.py
[2026-05-02T09:37:09.888+0000] {processor.py:840} INFO - DAG(s) 'flights_ops_medallion_pipe' retrieved from /opt/airflow/dags/flight-pipeline.py
[2026-05-02T09:37:09.920+0000] {logging_mixin.py:188} INFO - [2026-05-02T09:37:09.920+0000] {dag.py:3089} INFO - Sync 1 DAGs
[2026-05-02T09:37:09.943+0000] {logging_mixin.py:188} INFO - [2026-05-02T09:37:09.943+0000] {dag.py:3947} INFO - Setting next_dagrun for flights_ops_medallion_pipe to 2026-05-02 09:30:00+00:00, run_after=2026-05-02 10:00:00+00:00
[2026-05-02T09:37:09.962+0000] {processor.py:183} INFO - Processing /opt/airflow/dags/flight-pipeline.py took 0.924 seconds
[2026-05-02T09:37:40.233+0000] {processor.py:161} INFO - Started process (PID=10570) to work on /opt/airflow/dags/flight-pipeline.py
[2026-05-02T09:37:40.236+0000] {processor.py:830} INFO - Processing file /opt/airflow/dags/flight-pipeline.py for tasks to queue
[2026-05-02T09:37:40.237+0000] {logging_mixin.py:188} INFO - [2026-05-02T09:37:40.236+0000] {dagbag.py:545} INFO - Filling up the DagBag from /opt/airflow/dags/flight-pipeline.py
[2026-05-02T09:37:41.037+0000] {processor.py:840} INFO - DAG(s) 'flights_ops_medallion_pipe' retrieved from /opt/airflow/dags/flight-pipeline.py
[2026-05-02T09:37:41.067+0000] {logging_mixin.py:188} INFO - [2026-05-02T09:37:41.067+0000] {dag.py:3089} INFO - Sync 1 DAGs
[2026-05-02T09:37:41.088+0000] {logging_mixin.py:188} INFO - [2026-05-02T09:37:41.088+0000] {dag.py:3947} INFO - Setting next_dagrun for flights_ops_medallion_pipe to 2026-05-02 09:30:00+00:00, run_after=2026-05-02 10:00:00+00:00
[2026-05-02T09:37:41.108+0000] {processor.py:183} INFO - Processing /opt/airflow/dags/flight-pipeline.py took 0.884 seconds
[2026-05-02T09:38:11.373+0000] {processor.py:161} INFO - Started process (PID=10573) to work on /opt/airflow/dags/flight-pipeline.py
[2026-05-02T09:38:11.376+0000] {processor.py:830} INFO - Processing file /opt/airflow/dags/flight-pipeline.py for tasks to queue
[2026-05-02T09:38:11.377+0000] {logging_mixin.py:188} INFO - [2026-05-02T09:38:11.376+0000] {dagbag.py:545} INFO - Filling up the DagBag from /opt/airflow/dags/flight-pipeline.py
[2026-05-02T09:38:12.185+0000] {processor.py:840} INFO - DAG(s) 'flights_ops_medallion_pipe' retrieved from /opt/airflow/dags/flight-pipeline.py
[2026-05-02T09:38:12.214+0000] {logging_mixin.py:188} INFO - [2026-05-02T09:38:12.213+0000] {dag.py:3089} INFO - Sync 1 DAGs
[2026-05-02T09:38:12.236+0000] {logging_mixin.py:188} INFO - [2026-05-02T09:38:12.235+0000] {dag.py:3947} INFO - Setting next_dagrun for flights_ops_medallion_pipe to 2026-05-02 09:30:00+00:00, run_after=2026-05-02 10:00:00+00:00
[2026-05-02T09:38:12.254+0000] {processor.py:183} INFO - Processing /opt/airflow/dags/flight-pipeline.py took 0.890 seconds
[2026-05-02T09:38:42.517+0000] {processor.py:161} INFO - Started process (PID=10576) to work on /opt/airflow/dags/flight-pipeline.py
[2026-05-02T09:38:42.520+0000] {processor.py:830} INFO - Processing file /opt/airflow/dags/flight-pipeline.py for tasks to queue
[2026-05-02T09:38:42.521+0000] {logging_mixin.py:188} INFO - [2026-05-02T09:38:42.521+0000] {dagbag.py:545} INFO - Filling up the DagBag from /opt/airflow/dags/flight-pipeline.py
[2026-05-02T09:38:43.325+0000] {processor.py:840} INFO - DAG(s) 'flights_ops_medallion_pipe' retrieved from /opt/airflow/dags/flight-pipeline.py
[2026-05-02T09:38:43.356+0000] {logging_mixin.py:188} INFO - [2026-05-02T09:38:43.356+0000] {dag.py:3089} INFO - Sync 1 DAGs
[2026-05-02T09:38:43.377+0000] {logging_mixin.py:188} INFO - [2026-05-02T09:38:43.376+0000] {dag.py:3947} INFO - Setting next_dagrun for flights_ops_medallion_pipe to 2026-05-02 09:30:00+00:00, run_after=2026-05-02 10:00:00+00:00
[2026-05-02T09:38:43.394+0000] {processor.py:183} INFO - Processing /opt/airflow/dags/flight-pipeline.py took 0.887 seconds
[2026-05-02T09:39:13.670+0000] {processor.py:161} INFO - Started process (PID=10579) to work on /opt/airflow/dags/flight-pipeline.py
[2026-05-02T09:39:13.673+0000] {processor.py:830} INFO - Processing file /opt/airflow/dags/flight-pipeline.py for tasks to queue
[2026-05-02T09:39:13.674+0000] {logging_mixin.py:188} INFO - [2026-05-02T09:39:13.674+0000] {dagbag.py:545} INFO - Filling up the DagBag from /opt/airflow/dags/flight-pipeline.py
[2026-05-02T09:39:14.487+0000] {processor.py:840} INFO - DAG(s) 'flights_ops_medallion_pipe' retrieved from /opt/airflow/dags/flight-pipeline.py
[2026-05-02T09:39:14.516+0000] {logging_mixin.py:188} INFO - [2026-05-02T09:39:14.516+0000] {dag.py:3089} INFO - Sync 1 DAGs
[2026-05-02T09:39:14.537+0000] {logging_mixin.py:188} INFO - [2026-05-02T09:39:14.537+0000] {dag.py:3947} INFO - Setting next_dagrun for flights_ops_medallion_pipe to 2026-05-02 09:30:00+00:00, run_after=2026-05-02 10:00:00+00:00
[2026-05-02T09:39:14.558+0000] {processor.py:183} INFO - Processing /opt/airflow/dags/flight-pipeline.py took 0.897 seconds
[2026-05-02T09:39:44.814+0000] {processor.py:161} INFO - Started process (PID=10582) to work on /opt/airflow/dags/flight-pipeline.py
[2026-05-02T09:39:44.819+0000] {processor.py:830} INFO - Processing file /opt/airflow/dags/flight-pipeline.py for tasks to queue
[2026-05-02T09:39:44.820+0000] {logging_mixin.py:188} INFO - [2026-05-02T09:39:44.820+0000] {dagbag.py:545} INFO - Filling up the DagBag from /opt/airflow/dags/flight-pipeline.py
[2026-05-02T09:39:45.618+0000] {processor.py:840} INFO - DAG(s) 'flights_ops_medallion_pipe' retrieved from /opt/airflow/dags/flight-pipeline.py
[2026-05-02T09:39:45.647+0000] {logging_mixin.py:188} INFO - [2026-05-02T09:39:45.646+0000] {dag.py:3089} INFO - Sync 1 DAGs
[2026-05-02T09:39:45.666+0000] {logging_mixin.py:188} INFO - [2026-05-02T09:39:45.666+0000] {dag.py:3947} INFO - Setting next_dagrun for flights_ops_medallion_pipe to 2026-05-02 09:30:00+00:00, run_after=2026-05-02 10:00:00+00:00
[2026-05-02T09:39:45.686+0000] {processor.py:183} INFO - Processing /opt/airflow/dags/flight-pipeline.py took 0.880 seconds
[2026-05-02T09:40:15.946+0000] {processor.py:161} INFO - Started process (PID=10585) to work on /opt/airflow/dags/flight-pipeline.py
[2026-05-02T09:40:15.949+0000] {processor.py:830} INFO - Processing file /opt/airflow/dags/flight-pipeline.py for tasks to queue
[2026-05-02T09:40:15.950+0000] {logging_mixin.py:188} INFO - [2026-05-02T09:40:15.950+0000] {dagbag.py:545} INFO - Filling up the DagBag from /opt/airflow/dags/flight-pipeline.py
[2026-05-02T09:40:17.079+0000] {processor.py:840} INFO - DAG(s) 'flights_ops_medallion_pipe' retrieved from /opt/airflow/dags/flight-pipeline.py
[2026-05-02T09:40:17.114+0000] {logging_mixin.py:188} INFO - [2026-05-02T09:40:17.113+0000] {dag.py:3089} INFO - Sync 1 DAGs
[2026-05-02T09:40:17.136+0000] {logging_mixin.py:188} INFO - [2026-05-02T09:40:17.136+0000] {dag.py:3947} INFO - Setting next_dagrun for flights_ops_medallion_pipe to 2026-05-02 09:30:00+00:00, run_after=2026-05-02 10:00:00+00:00
[2026-05-02T09:40:17.155+0000] {processor.py:183} INFO - Processing /opt/airflow/dags/flight-pipeline.py took 1.219 seconds
[2026-05-02T09:40:47.198+0000] {processor.py:161} INFO - Started process (PID=10588) to work on /opt/airflow/dags/flight-pipeline.py
[2026-05-02T09:40:47.201+0000] {processor.py:830} INFO - Processing file /opt/airflow/dags/flight-pipeline.py for tasks to queue
[2026-05-02T09:40:47.202+0000] {logging_mixin.py:188} INFO - [2026-05-02T09:40:47.202+0000] {dagbag.py:545} INFO - Filling up the DagBag from /opt/airflow/dags/flight-pipeline.py
[2026-05-02T09:40:48.040+0000] {processor.py:840} INFO - DAG(s) 'flights_ops_medallion_pipe' retrieved from /opt/airflow/dags/flight-pipeline.py
[2026-05-02T09:40:48.075+0000] {logging_mixin.py:188} INFO - [2026-05-02T09:40:48.074+0000] {dag.py:3089} INFO - Sync 1 DAGs
[2026-05-02T09:40:48.099+0000] {logging_mixin.py:188} INFO - [2026-05-02T09:40:48.099+0000] {dag.py:3947} INFO - Setting next_dagrun for flights_ops_medallion_pipe to 2026-05-02 09:30:00+00:00, run_after=2026-05-02 10:00:00+00:00
[2026-05-02T09:40:48.118+0000] {processor.py:183} INFO - Processing /opt/airflow/dags/flight-pipeline.py took 0.930 seconds
[2026-05-02T09:41:18.369+0000] {processor.py:161} INFO - Started process (PID=10591) to work on /opt/airflow/dags/flight-pipeline.py
[2026-05-02T09:41:18.372+0000] {processor.py:830} INFO - Processing file /opt/airflow/dags/flight-pipeline.py for tasks to queue
[2026-05-02T09:41:18.374+0000] {logging_mixin.py:188} INFO - [2026-05-02T09:41:18.372+0000] {dagbag.py:545} INFO - Filling up the DagBag from /opt/airflow/dags/flight-pipeline.py
[2026-05-02T09:41:19.218+0000] {processor.py:840} INFO - DAG(s) 'flights_ops_medallion_pipe' retrieved from /opt/airflow/dags/flight-pipeline.py
[2026-05-02T09:41:19.248+0000] {logging_mixin.py:188} INFO - [2026-05-02T09:41:19.247+0000] {dag.py:3089} INFO - Sync 1 DAGs
[2026-05-02T09:41:19.270+0000] {logging_mixin.py:188} INFO - [2026-05-02T09:41:19.270+0000] {dag.py:3947} INFO - Setting next_dagrun for flights_ops_medallion_pipe to 2026-05-02 09:30:00+00:00, run_after=2026-05-02 10:00:00+00:00
[2026-05-02T09:41:19.288+0000] {processor.py:183} INFO - Processing /opt/airflow/dags/flight-pipeline.py took 0.928 seconds
[2026-05-02T09:41:49.555+0000] {processor.py:161} INFO - Started process (PID=10594) to work on /opt/airflow/dags/flight-pipeline.py
[2026-05-02T09:41:49.558+0000] {processor.py:830} INFO - Processing file /opt/airflow/dags/flight-pipeline.py for tasks to queue
[2026-05-02T09:41:49.559+0000] {logging_mixin.py:188} INFO - [2026-05-02T09:41:49.559+0000] {dagbag.py:545} INFO - Filling up the DagBag from /opt/airflow/dags/flight-pipeline.py
[2026-05-02T09:41:50.349+0000] {processor.py:840} INFO - DAG(s) 'flights_ops_medallion_pipe' retrieved from /opt/airflow/dags/flight-pipeline.py
[2026-05-02T09:41:50.381+0000] {logging_mixin.py:188} INFO - [2026-05-02T09:41:50.381+0000] {dag.py:3089} INFO - Sync 1 DAGs
[2026-05-02T09:41:50.403+0000] {logging_mixin.py:188} INFO - [2026-05-02T09:41:50.402+0000] {dag.py:3947} INFO - Setting next_dagrun for flights_ops_medallion_pipe to 2026-05-02 09:30:00+00:00, run_after=2026-05-02 10:00:00+00:00
[2026-05-02T09:41:50.431+0000] {processor.py:183} INFO - Processing /opt/airflow/dags/flight-pipeline.py took 0.885 seconds
[2026-05-02T09:42:20.680+0000] {processor.py:161} INFO - Started process (PID=10597) to work on /opt/airflow/dags/flight-pipeline.py
[2026-05-02T09:42:20.683+0000] {processor.py:830} INFO - Processing file /opt/airflow/dags/flight-pipeline.py for tasks to queue
[2026-05-02T09:42:20.684+0000] {logging_mixin.py:188} INFO - [2026-05-02T09:42:20.684+0000] {dagbag.py:545} INFO - Filling up the DagBag from /opt/airflow/dags/flight-pipeline.py
[2026-05-02T09:42:21.497+0000] {processor.py:840} INFO - DAG(s) 'flights_ops_medallion_pipe' retrieved from /opt/airflow/dags/flight-pipeline.py
[2026-05-02T09:42:21.537+0000] {logging_mixin.py:188} INFO - [2026-05-02T09:42:21.536+0000] {dag.py:3089} INFO - Sync 1 DAGs
[2026-05-02T09:42:21.568+0000] {logging_mixin.py:188} INFO - [2026-05-02T09:42:21.568+0000] {dag.py:3947} INFO - Setting next_dagrun for flights_ops_medallion_pipe to 2026-05-02 09:30:00+00:00, run_after=2026-05-02 10:00:00+00:00
[2026-05-02T09:42:21.589+0000] {processor.py:183} INFO - Processing /opt/airflow/dags/flight-pipeline.py took 0.918 seconds
[2026-05-02T09:42:51.843+0000] {processor.py:161} INFO - Started process (PID=10600) to work on /opt/airflow/dags/flight-pipeline.py
[2026-05-02T09:42:51.847+0000] {processor.py:830} INFO - Processing file /opt/airflow/dags/flight-pipeline.py for tasks to queue
[2026-05-02T09:42:51.848+0000] {logging_mixin.py:188} INFO - [2026-05-02T09:42:51.847+0000] {dagbag.py:545} INFO - Filling up the DagBag from /opt/airflow/dags/flight-pipeline.py
[2026-05-02T09:42:52.634+0000] {processor.py:840} INFO - DAG(s) 'flights_ops_medallion_pipe' retrieved from /opt/airflow/dags/flight-pipeline.py
[2026-05-02T09:42:52.664+0000] {logging_mixin.py:188} INFO - [2026-05-02T09:42:52.664+0000] {dag.py:3089} INFO - Sync 1 DAGs
[2026-05-02T09:42:52.684+0000] {logging_mixin.py:188} INFO - [2026-05-02T09:42:52.684+0000] {dag.py:3947} INFO - Setting next_dagrun for flights_ops_medallion_pipe to 2026-05-02 09:30:00+00:00, run_after=2026-05-02 10:00:00+00:00
[2026-05-02T09:42:52.702+0000] {processor.py:183} INFO - Processing /opt/airflow/dags/flight-pipeline.py took 0.869 seconds
[2026-05-02T09:43:22.952+0000] {processor.py:161} INFO - Started process (PID=10603) to work on /opt/airflow/dags/flight-pipeline.py
[2026-05-02T09:43:22.955+0000] {processor.py:830} INFO - Processing file /opt/airflow/dags/flight-pipeline.py for tasks to queue
[2026-05-02T09:43:22.956+0000] {logging_mixin.py:188} INFO - [2026-05-02T09:43:22.956+0000] {dagbag.py:545} INFO - Filling up the DagBag from /opt/airflow/dags/flight-pipeline.py
[2026-05-02T09:43:23.765+0000] {processor.py:840} INFO - DAG(s) 'flights_ops_medallion_pipe' retrieved from /opt/airflow/dags/flight-pipeline.py
[2026-05-02T09:43:23.794+0000] {logging_mixin.py:188} INFO - [2026-05-02T09:43:23.793+0000] {dag.py:3089} INFO - Sync 1 DAGs
[2026-05-02T09:43:23.813+0000] {logging_mixin.py:188} INFO - [2026-05-02T09:43:23.813+0000] {dag.py:3947} INFO - Setting next_dagrun for flights_ops_medallion_pipe to 2026-05-02 09:30:00+00:00, run_after=2026-05-02 10:00:00+00:00
[2026-05-02T09:43:23.832+0000] {processor.py:183} INFO - Processing /opt/airflow/dags/flight-pipeline.py took 0.890 seconds
[2026-05-02T09:43:54.093+0000] {processor.py:161} INFO - Started process (PID=10606) to work on /opt/airflow/dags/flight-pipeline.py
[2026-05-02T09:43:54.096+0000] {processor.py:830} INFO - Processing file /opt/airflow/dags/flight-pipeline.py for tasks to queue
[2026-05-02T09:43:54.098+0000] {logging_mixin.py:188} INFO - [2026-05-02T09:43:54.097+0000] {dagbag.py:545} INFO - Filling up the DagBag from /opt/airflow/dags/flight-pipeline.py
[2026-05-02T09:43:54.895+0000] {processor.py:840} INFO - DAG(s) 'flights_ops_medallion_pipe' retrieved from /opt/airflow/dags/flight-pipeline.py
[2026-05-02T09:43:54.924+0000] {logging_mixin.py:188} INFO - [2026-05-02T09:43:54.924+0000] {dag.py:3089} INFO - Sync 1 DAGs
[2026-05-02T09:43:54.946+0000] {logging_mixin.py:188} INFO - [2026-05-02T09:43:54.945+0000] {dag.py:3947} INFO - Setting next_dagrun for flights_ops_medallion_pipe to 2026-05-02 09:30:00+00:00, run_after=2026-05-02 10:00:00+00:00
[2026-05-02T09:43:54.963+0000] {processor.py:183} INFO - Processing /opt/airflow/dags/flight-pipeline.py took 0.880 seconds
[2026-05-02T09:44:25.212+0000] {processor.py:161} INFO - Started process (PID=10609) to work on /opt/airflow/dags/flight-pipeline.py
[2026-05-02T09:44:25.215+0000] {processor.py:830} INFO - Processing file /opt/airflow/dags/flight-pipeline.py for tasks to queue
[2026-05-02T09:44:25.217+0000] {logging_mixin.py:188} INFO - [2026-05-02T09:44:25.216+0000] {dagbag.py:545} INFO - Filling up the DagBag from /opt/airflow/dags/flight-pipeline.py
[2026-05-02T09:44:26.071+0000] {processor.py:840} INFO - DAG(s) 'flights_ops_medallion_pipe' retrieved from /opt/airflow/dags/flight-pipeline.py
[2026-05-02T09:44:26.101+0000] {logging_mixin.py:188} INFO - [2026-05-02T09:44:26.101+0000] {dag.py:3089} INFO - Sync 1 DAGs
[2026-05-02T09:44:26.125+0000] {logging_mixin.py:188} INFO - [2026-05-02T09:44:26.124+0000] {dag.py:3947} INFO - Setting next_dagrun for flights_ops_medallion_pipe to 2026-05-02 09:30:00+00:00, run_after=2026-05-02 10:00:00+00:00
[2026-05-02T09:44:26.146+0000] {processor.py:183} INFO - Processing /opt/airflow/dags/flight-pipeline.py took 0.944 seconds
[2026-05-02T09:44:56.460+0000] {processor.py:161} INFO - Started process (PID=10612) to work on /opt/airflow/dags/flight-pipeline.py
[2026-05-02T09:44:56.465+0000] {processor.py:830} INFO - Processing file /opt/airflow/dags/flight-pipeline.py for tasks to queue
[2026-05-02T09:44:56.467+0000] {logging_mixin.py:188} INFO - [2026-05-02T09:44:56.466+0000] {dagbag.py:545} INFO - Filling up the DagBag from /opt/airflow/dags/flight-pipeline.py
[2026-05-02T09:44:57.334+0000] {processor.py:840} INFO - DAG(s) 'flights_ops_medallion_pipe' retrieved from /opt/airflow/dags/flight-pipeline.py
[2026-05-02T09:44:57.365+0000] {logging_mixin.py:188} INFO - [2026-05-02T09:44:57.365+0000] {dag.py:3089} INFO - Sync 1 DAGs
[2026-05-02T09:44:57.389+0000] {logging_mixin.py:188} INFO - [2026-05-02T09:44:57.389+0000] {dag.py:3947} INFO - Setting next_dagrun for flights_ops_medallion_pipe to 2026-05-02 09:30:00+00:00, run_after=2026-05-02 10:00:00+00:00
[2026-05-02T09:44:57.407+0000] {processor.py:183} INFO - Processing /opt/airflow/dags/flight-pipeline.py took 0.956 seconds
[2026-05-02T09:45:27.647+0000] {processor.py:161} INFO - Started process (PID=10615) to work on /opt/airflow/dags/flight-pipeline.py
[2026-05-02T09:45:27.653+0000] {processor.py:830} INFO - Processing file /opt/airflow/dags/flight-pipeline.py for tasks to queue
[2026-05-02T09:45:27.654+0000] {logging_mixin.py:188} INFO - [2026-05-02T09:45:27.654+0000] {dagbag.py:545} INFO - Filling up the DagBag from /opt/airflow/dags/flight-pipeline.py
[2026-05-02T09:45:28.523+0000] {processor.py:840} INFO - DAG(s) 'flights_ops_medallion_pipe' retrieved from /opt/airflow/dags/flight-pipeline.py
[2026-05-02T09:45:28.557+0000] {logging_mixin.py:188} INFO - [2026-05-02T09:45:28.557+0000] {dag.py:3089} INFO - Sync 1 DAGs
[2026-05-02T09:45:28.583+0000] {logging_mixin.py:188} INFO - [2026-05-02T09:45:28.582+0000] {dag.py:3947} INFO - Setting next_dagrun for flights_ops_medallion_pipe to 2026-05-02 09:30:00+00:00, run_after=2026-05-02 10:00:00+00:00
[2026-05-02T09:45:28.607+0000] {processor.py:183} INFO - Processing /opt/airflow/dags/flight-pipeline.py took 0.970 seconds
[2026-05-02T09:52:34.145+0000] {processor.py:161} INFO - Started process (PID=10619) to work on /opt/airflow/dags/flight-pipeline.py
[2026-05-02T09:52:34.156+0000] {processor.py:830} INFO - Processing file /opt/airflow/dags/flight-pipeline.py for tasks to queue
[2026-05-02T09:52:34.167+0000] {logging_mixin.py:188} INFO - [2026-05-02T09:52:34.159+0000] {dagbag.py:545} INFO - Filling up the DagBag from /opt/airflow/dags/flight-pipeline.py
[2026-05-02T09:52:36.045+0000] {processor.py:840} INFO - DAG(s) 'flights_ops_medallion_pipe' retrieved from /opt/airflow/dags/flight-pipeline.py
[2026-05-02T09:52:36.085+0000] {logging_mixin.py:188} INFO - [2026-05-02T09:52:36.084+0000] {dag.py:3089} INFO - Sync 1 DAGs
[2026-05-02T09:52:36.113+0000] {logging_mixin.py:188} INFO - [2026-05-02T09:52:36.112+0000] {dag.py:3947} INFO - Setting next_dagrun for flights_ops_medallion_pipe to 2026-05-02 09:30:00+00:00, run_after=2026-05-02 10:00:00+00:00
[2026-05-02T09:52:36.138+0000] {processor.py:183} INFO - Processing /opt/airflow/dags/flight-pipeline.py took 2.011 seconds
[2026-05-02T09:53:06.739+0000] {processor.py:161} INFO - Started process (PID=10622) to work on /opt/airflow/dags/flight-pipeline.py
[2026-05-02T09:53:06.790+0000] {processor.py:830} INFO - Processing file /opt/airflow/dags/flight-pipeline.py for tasks to queue
[2026-05-02T09:53:06.811+0000] {logging_mixin.py:188} INFO - [2026-05-02T09:53:06.803+0000] {dagbag.py:545} INFO - Filling up the DagBag from /opt/airflow/dags/flight-pipeline.py
[2026-05-02T09:53:19.101+0000] {processor.py:840} INFO - DAG(s) 'flights_ops_medallion_pipe' retrieved from /opt/airflow/dags/flight-pipeline.py
[2026-05-02T09:53:19.751+0000] {logging_mixin.py:188} INFO - [2026-05-02T09:53:19.744+0000] {dag.py:3089} INFO - Sync 1 DAGs
[2026-05-02T09:53:20.099+0000] {logging_mixin.py:188} INFO - [2026-05-02T09:53:20.097+0000] {dag.py:3947} INFO - Setting next_dagrun for flights_ops_medallion_pipe to 2026-05-02 09:30:00+00:00, run_after=2026-05-02 10:00:00+00:00
[2026-05-02T09:53:20.307+0000] {processor.py:183} INFO - Processing /opt/airflow/dags/flight-pipeline.py took 13.790 seconds
[2026-05-02T10:02:30.473+0000] {processor.py:161} INFO - Started process (PID=10625) to work on /opt/airflow/dags/flight-pipeline.py
[2026-05-02T10:02:30.478+0000] {processor.py:830} INFO - Processing file /opt/airflow/dags/flight-pipeline.py for tasks to queue
[2026-05-02T10:02:30.480+0000] {logging_mixin.py:188} INFO - [2026-05-02T10:02:30.479+0000] {dagbag.py:545} INFO - Filling up the DagBag from /opt/airflow/dags/flight-pipeline.py
[2026-05-02T10:02:32.087+0000] {processor.py:840} INFO - DAG(s) 'flights_ops_medallion_pipe' retrieved from /opt/airflow/dags/flight-pipeline.py
[2026-05-02T10:02:32.129+0000] {logging_mixin.py:188} INFO - [2026-05-02T10:02:32.128+0000] {dag.py:3089} INFO - Sync 1 DAGs
[2026-05-02T10:02:32.151+0000] {logging_mixin.py:188} INFO - [2026-05-02T10:02:32.151+0000] {dag.py:3947} INFO - Setting next_dagrun for flights_ops_medallion_pipe to 2026-05-02 10:00:00+00:00, run_after=2026-05-02 10:30:00+00:00
[2026-05-02T10:02:32.171+0000] {processor.py:183} INFO - Processing /opt/airflow/dags/flight-pipeline.py took 1.713 seconds
[2026-05-02T10:03:02.542+0000] {processor.py:161} INFO - Started process (PID=10640) to work on /opt/airflow/dags/flight-pipeline.py
[2026-05-02T10:03:02.572+0000] {processor.py:830} INFO - Processing file /opt/airflow/dags/flight-pipeline.py for tasks to queue
[2026-05-02T10:03:02.585+0000] {logging_mixin.py:188} INFO - [2026-05-02T10:03:02.580+0000] {dagbag.py:545} INFO - Filling up the DagBag from /opt/airflow/dags/flight-pipeline.py
[2026-05-02T10:03:18.088+0000] {processor.py:840} INFO - DAG(s) 'flights_ops_medallion_pipe' retrieved from /opt/airflow/dags/flight-pipeline.py
[2026-05-02T10:03:18.488+0000] {logging_mixin.py:188} INFO - [2026-05-02T10:03:18.482+0000] {dag.py:3089} INFO - Sync 1 DAGs
[2026-05-02T10:03:18.790+0000] {logging_mixin.py:188} INFO - [2026-05-02T10:03:18.788+0000] {dag.py:3947} INFO - Setting next_dagrun for flights_ops_medallion_pipe to 2026-05-02 10:00:00+00:00, run_after=2026-05-02 10:30:00+00:00
[2026-05-02T10:03:19.018+0000] {processor.py:183} INFO - Processing /opt/airflow/dags/flight-pipeline.py took 16.581 seconds
[2026-05-02T10:03:50.022+0000] {processor.py:161} INFO - Started process (PID=10654) to work on /opt/airflow/dags/flight-pipeline.py
[2026-05-02T10:03:50.033+0000] {processor.py:830} INFO - Processing file /opt/airflow/dags/flight-pipeline.py for tasks to queue
[2026-05-02T10:03:50.039+0000] {logging_mixin.py:188} INFO - [2026-05-02T10:03:50.036+0000] {dagbag.py:545} INFO - Filling up the DagBag from /opt/airflow/dags/flight-pipeline.py
[2026-05-02T10:03:51.762+0000] {processor.py:840} INFO - DAG(s) 'flights_ops_medallion_pipe' retrieved from /opt/airflow/dags/flight-pipeline.py
[2026-05-02T10:03:51.821+0000] {logging_mixin.py:188} INFO - [2026-05-02T10:03:51.820+0000] {dag.py:3089} INFO - Sync 1 DAGs
[2026-05-02T10:03:51.858+0000] {logging_mixin.py:188} INFO - [2026-05-02T10:03:51.858+0000] {dag.py:3947} INFO - Setting next_dagrun for flights_ops_medallion_pipe to 2026-05-02 10:00:00+00:00, run_after=2026-05-02 10:30:00+00:00
[2026-05-02T10:03:51.890+0000] {processor.py:183} INFO - Processing /opt/airflow/dags/flight-pipeline.py took 1.892 seconds
[2026-05-02T10:04:22.159+0000] {processor.py:161} INFO - Started process (PID=10678) to work on /opt/airflow/dags/flight-pipeline.py
[2026-05-02T10:04:22.172+0000] {processor.py:830} INFO - Processing file /opt/airflow/dags/flight-pipeline.py for tasks to queue
[2026-05-02T10:04:22.173+0000] {logging_mixin.py:188} INFO - [2026-05-02T10:04:22.173+0000] {dagbag.py:545} INFO - Filling up the DagBag from /opt/airflow/dags/flight-pipeline.py
[2026-05-02T10:04:23.371+0000] {processor.py:840} INFO - DAG(s) 'flights_ops_medallion_pipe' retrieved from /opt/airflow/dags/flight-pipeline.py
[2026-05-02T10:04:23.447+0000] {logging_mixin.py:188} INFO - [2026-05-02T10:04:23.447+0000] {dag.py:3089} INFO - Sync 1 DAGs
[2026-05-02T10:04:23.492+0000] {logging_mixin.py:188} INFO - [2026-05-02T10:04:23.492+0000] {dag.py:3947} INFO - Setting next_dagrun for flights_ops_medallion_pipe to 2026-05-02 10:00:00+00:00, run_after=2026-05-02 10:30:00+00:00
[2026-05-02T10:04:23.529+0000] {processor.py:183} INFO - Processing /opt/airflow/dags/flight-pipeline.py took 1.379 seconds
[2026-05-02T10:04:53.785+0000] {processor.py:161} INFO - Started process (PID=10681) to work on /opt/airflow/dags/flight-pipeline.py
[2026-05-02T10:04:53.788+0000] {processor.py:830} INFO - Processing file /opt/airflow/dags/flight-pipeline.py for tasks to queue
[2026-05-02T10:04:53.789+0000] {logging_mixin.py:188} INFO - [2026-05-02T10:04:53.789+0000] {dagbag.py:545} INFO - Filling up the DagBag from /opt/airflow/dags/flight-pipeline.py
[2026-05-02T10:04:54.820+0000] {processor.py:840} INFO - DAG(s) 'flights_ops_medallion_pipe' retrieved from /opt/airflow/dags/flight-pipeline.py
[2026-05-02T10:04:54.894+0000] {logging_mixin.py:188} INFO - [2026-05-02T10:04:54.893+0000] {dag.py:3089} INFO - Sync 1 DAGs
[2026-05-02T10:04:54.990+0000] {logging_mixin.py:188} INFO - [2026-05-02T10:04:54.990+0000] {dag.py:3947} INFO - Setting next_dagrun for flights_ops_medallion_pipe to 2026-05-02 10:00:00+00:00, run_after=2026-05-02 10:30:00+00:00
[2026-05-02T10:04:55.029+0000] {processor.py:183} INFO - Processing /opt/airflow/dags/flight-pipeline.py took 1.251 seconds
[2026-05-02T10:05:25.327+0000] {processor.py:161} INFO - Started process (PID=10684) to work on /opt/airflow/dags/flight-pipeline.py
[2026-05-02T10:05:25.341+0000] {processor.py:830} INFO - Processing file /opt/airflow/dags/flight-pipeline.py for tasks to queue
[2026-05-02T10:05:25.343+0000] {logging_mixin.py:188} INFO - [2026-05-02T10:05:25.342+0000] {dagbag.py:545} INFO - Filling up the DagBag from /opt/airflow/dags/flight-pipeline.py
[2026-05-02T10:05:26.425+0000] {processor.py:840} INFO - DAG(s) 'flights_ops_medallion_pipe' retrieved from /opt/airflow/dags/flight-pipeline.py
[2026-05-02T10:05:26.464+0000] {logging_mixin.py:188} INFO - [2026-05-02T10:05:26.464+0000] {dag.py:3089} INFO - Sync 1 DAGs
[2026-05-02T10:05:26.490+0000] {logging_mixin.py:188} INFO - [2026-05-02T10:05:26.489+0000] {dag.py:3947} INFO - Setting next_dagrun for flights_ops_medallion_pipe to 2026-05-02 10:00:00+00:00, run_after=2026-05-02 10:30:00+00:00
[2026-05-02T10:05:26.509+0000] {processor.py:183} INFO - Processing /opt/airflow/dags/flight-pipeline.py took 1.199 seconds
[2026-05-02T10:05:56.685+0000] {processor.py:161} INFO - Started process (PID=10687) to work on /opt/airflow/dags/flight-pipeline.py
[2026-05-02T10:05:56.699+0000] {processor.py:830} INFO - Processing file /opt/airflow/dags/flight-pipeline.py for tasks to queue
[2026-05-02T10:05:56.700+0000] {logging_mixin.py:188} INFO - [2026-05-02T10:05:56.700+0000] {dagbag.py:545} INFO - Filling up the DagBag from /opt/airflow/dags/flight-pipeline.py
[2026-05-02T10:05:57.685+0000] {processor.py:840} INFO - DAG(s) 'flights_ops_medallion_pipe' retrieved from /opt/airflow/dags/flight-pipeline.py
[2026-05-02T10:05:57.719+0000] {logging_mixin.py:188} INFO - [2026-05-02T10:05:57.718+0000] {dag.py:3089} INFO - Sync 1 DAGs
[2026-05-02T10:05:57.745+0000] {logging_mixin.py:188} INFO - [2026-05-02T10:05:57.744+0000] {dag.py:3947} INFO - Setting next_dagrun for flights_ops_medallion_pipe to 2026-05-02 10:00:00+00:00, run_after=2026-05-02 10:30:00+00:00
[2026-05-02T10:05:57.765+0000] {processor.py:183} INFO - Processing /opt/airflow/dags/flight-pipeline.py took 1.090 seconds
[2026-05-02T10:06:27.883+0000] {processor.py:161} INFO - Started process (PID=10690) to work on /opt/airflow/dags/flight-pipeline.py
[2026-05-02T10:06:27.893+0000] {processor.py:830} INFO - Processing file /opt/airflow/dags/flight-pipeline.py for tasks to queue
[2026-05-02T10:06:27.894+0000] {logging_mixin.py:188} INFO - [2026-05-02T10:06:27.894+0000] {dagbag.py:545} INFO - Filling up the DagBag from /opt/airflow/dags/flight-pipeline.py
[2026-05-02T10:06:28.927+0000] {processor.py:840} INFO - DAG(s) 'flights_ops_medallion_pipe' retrieved from /opt/airflow/dags/flight-pipeline.py
[2026-05-02T10:06:28.965+0000] {logging_mixin.py:188} INFO - [2026-05-02T10:06:28.965+0000] {dag.py:3089} INFO - Sync 1 DAGs
[2026-05-02T10:06:28.993+0000] {logging_mixin.py:188} INFO - [2026-05-02T10:06:28.992+0000] {dag.py:3947} INFO - Setting next_dagrun for flights_ops_medallion_pipe to 2026-05-02 10:00:00+00:00, run_after=2026-05-02 10:30:00+00:00
[2026-05-02T10:06:29.015+0000] {processor.py:183} INFO - Processing /opt/airflow/dags/flight-pipeline.py took 1.145 seconds
[2026-05-02T10:06:59.632+0000] {processor.py:161} INFO - Started process (PID=10693) to work on /opt/airflow/dags/flight-pipeline.py
[2026-05-02T10:06:59.649+0000] {processor.py:830} INFO - Processing file /opt/airflow/dags/flight-pipeline.py for tasks to queue
[2026-05-02T10:06:59.651+0000] {logging_mixin.py:188} INFO - [2026-05-02T10:06:59.650+0000] {dagbag.py:545} INFO - Filling up the DagBag from /opt/airflow/dags/flight-pipeline.py
[2026-05-02T10:07:01.033+0000] {processor.py:840} INFO - DAG(s) 'flights_ops_medallion_pipe' retrieved from /opt/airflow/dags/flight-pipeline.py
[2026-05-02T10:07:01.083+0000] {logging_mixin.py:188} INFO - [2026-05-02T10:07:01.083+0000] {dag.py:3089} INFO - Sync 1 DAGs
[2026-05-02T10:07:01.112+0000] {logging_mixin.py:188} INFO - [2026-05-02T10:07:01.112+0000] {dag.py:3947} INFO - Setting next_dagrun for flights_ops_medallion_pipe to 2026-05-02 10:00:00+00:00, run_after=2026-05-02 10:30:00+00:00
[2026-05-02T10:07:01.133+0000] {processor.py:183} INFO - Processing /opt/airflow/dags/flight-pipeline.py took 1.529 seconds
[2026-05-02T10:07:31.476+0000] {processor.py:161} INFO - Started process (PID=10696) to work on /opt/airflow/dags/flight-pipeline.py
[2026-05-02T10:07:31.507+0000] {processor.py:830} INFO - Processing file /opt/airflow/dags/flight-pipeline.py for tasks to queue
[2026-05-02T10:07:31.509+0000] {logging_mixin.py:188} INFO - [2026-05-02T10:07:31.509+0000] {dagbag.py:545} INFO - Filling up the DagBag from /opt/airflow/dags/flight-pipeline.py
[2026-05-02T10:07:33.520+0000] {processor.py:840} INFO - DAG(s) 'flights_ops_medallion_pipe' retrieved from /opt/airflow/dags/flight-pipeline.py
[2026-05-02T10:07:33.570+0000] {logging_mixin.py:188} INFO - [2026-05-02T10:07:33.569+0000] {dag.py:3089} INFO - Sync 1 DAGs
[2026-05-02T10:07:33.604+0000] {logging_mixin.py:188} INFO - [2026-05-02T10:07:33.603+0000] {dag.py:3947} INFO - Setting next_dagrun for flights_ops_medallion_pipe to 2026-05-02 10:00:00+00:00, run_after=2026-05-02 10:30:00+00:00
[2026-05-02T10:07:33.630+0000] {processor.py:183} INFO - Processing /opt/airflow/dags/flight-pipeline.py took 2.181 seconds
[2026-05-02T10:08:03.763+0000] {processor.py:161} INFO - Started process (PID=10699) to work on /opt/airflow/dags/flight-pipeline.py
[2026-05-02T10:08:03.780+0000] {processor.py:830} INFO - Processing file /opt/airflow/dags/flight-pipeline.py for tasks to queue
[2026-05-02T10:08:03.781+0000] {logging_mixin.py:188} INFO - [2026-05-02T10:08:03.781+0000] {dagbag.py:545} INFO - Filling up the DagBag from /opt/airflow/dags/flight-pipeline.py
[2026-05-02T10:08:04.954+0000] {processor.py:840} INFO - DAG(s) 'flights_ops_medallion_pipe' retrieved from /opt/airflow/dags/flight-pipeline.py
[2026-05-02T10:08:04.995+0000] {logging_mixin.py:188} INFO - [2026-05-02T10:08:04.995+0000] {dag.py:3089} INFO - Sync 1 DAGs
[2026-05-02T10:08:05.023+0000] {logging_mixin.py:188} INFO - [2026-05-02T10:08:05.022+0000] {dag.py:3947} INFO - Setting next_dagrun for flights_ops_medallion_pipe to 2026-05-02 10:00:00+00:00, run_after=2026-05-02 10:30:00+00:00
[2026-05-02T10:08:05.048+0000] {processor.py:183} INFO - Processing /opt/airflow/dags/flight-pipeline.py took 1.301 seconds
[2026-05-02T10:08:35.370+0000] {processor.py:161} INFO - Started process (PID=10702) to work on /opt/airflow/dags/flight-pipeline.py
[2026-05-02T10:08:35.386+0000] {processor.py:830} INFO - Processing file /opt/airflow/dags/flight-pipeline.py for tasks to queue
[2026-05-02T10:08:35.389+0000] {logging_mixin.py:188} INFO - [2026-05-02T10:08:35.387+0000] {dagbag.py:545} INFO - Filling up the DagBag from /opt/airflow/dags/flight-pipeline.py
[2026-05-02T10:08:36.858+0000] {processor.py:840} INFO - DAG(s) 'flights_ops_medallion_pipe' retrieved from /opt/airflow/dags/flight-pipeline.py
[2026-05-02T10:08:36.962+0000] {logging_mixin.py:188} INFO - [2026-05-02T10:08:36.962+0000] {dag.py:3089} INFO - Sync 1 DAGs
[2026-05-02T10:08:37.006+0000] {logging_mixin.py:188} INFO - [2026-05-02T10:08:37.006+0000] {dag.py:3947} INFO - Setting next_dagrun for flights_ops_medallion_pipe to 2026-05-02 10:00:00+00:00, run_after=2026-05-02 10:30:00+00:00
[2026-05-02T10:08:37.043+0000] {processor.py:183} INFO - Processing /opt/airflow/dags/flight-pipeline.py took 1.690 seconds
[2026-05-02T10:09:07.626+0000] {processor.py:161} INFO - Started process (PID=10705) to work on /opt/airflow/dags/flight-pipeline.py
[2026-05-02T10:09:07.648+0000] {processor.py:830} INFO - Processing file /opt/airflow/dags/flight-pipeline.py for tasks to queue
[2026-05-02T10:09:07.654+0000] {logging_mixin.py:188} INFO - [2026-05-02T10:09:07.651+0000] {dagbag.py:545} INFO - Filling up the DagBag from /opt/airflow/dags/flight-pipeline.py
[2026-05-02T10:09:11.349+0000] {processor.py:840} INFO - DAG(s) 'flights_ops_medallion_pipe' retrieved from /opt/airflow/dags/flight-pipeline.py
[2026-05-02T10:09:11.461+0000] {logging_mixin.py:188} INFO - [2026-05-02T10:09:11.460+0000] {dag.py:3089} INFO - Sync 1 DAGs
[2026-05-02T10:09:11.519+0000] {logging_mixin.py:188} INFO - [2026-05-02T10:09:11.519+0000] {dag.py:3947} INFO - Setting next_dagrun for flights_ops_medallion_pipe to 2026-05-02 10:00:00+00:00, run_after=2026-05-02 10:30:00+00:00
[2026-05-02T10:09:11.567+0000] {processor.py:183} INFO - Processing /opt/airflow/dags/flight-pipeline.py took 4.000 seconds
[2026-05-02T10:09:42.278+0000] {processor.py:161} INFO - Started process (PID=10708) to work on /opt/airflow/dags/flight-pipeline.py
[2026-05-02T10:09:42.312+0000] {processor.py:830} INFO - Processing file /opt/airflow/dags/flight-pipeline.py for tasks to queue
[2026-05-02T10:09:42.317+0000] {logging_mixin.py:188} INFO - [2026-05-02T10:09:42.315+0000] {dagbag.py:545} INFO - Filling up the DagBag from /opt/airflow/dags/flight-pipeline.py
[2026-05-02T10:09:45.134+0000] {processor.py:840} INFO - DAG(s) 'flights_ops_medallion_pipe' retrieved from /opt/airflow/dags/flight-pipeline.py
[2026-05-02T10:09:45.224+0000] {logging_mixin.py:188} INFO - [2026-05-02T10:09:45.223+0000] {dag.py:3089} INFO - Sync 1 DAGs
[2026-05-02T10:09:45.264+0000] {logging_mixin.py:188} INFO - [2026-05-02T10:09:45.264+0000] {dag.py:3947} INFO - Setting next_dagrun for flights_ops_medallion_pipe to 2026-05-02 10:00:00+00:00, run_after=2026-05-02 10:30:00+00:00
[2026-05-02T10:09:45.297+0000] {processor.py:183} INFO - Processing /opt/airflow/dags/flight-pipeline.py took 3.129 seconds
[2026-05-02T10:10:15.709+0000] {processor.py:161} INFO - Started process (PID=10711) to work on /opt/airflow/dags/flight-pipeline.py
[2026-05-02T10:10:15.727+0000] {processor.py:830} INFO - Processing file /opt/airflow/dags/flight-pipeline.py for tasks to queue
[2026-05-02T10:10:15.729+0000] {logging_mixin.py:188} INFO - [2026-05-02T10:10:15.728+0000] {dagbag.py:545} INFO - Filling up the DagBag from /opt/airflow/dags/flight-pipeline.py
[2026-05-02T10:10:17.037+0000] {processor.py:840} INFO - DAG(s) 'flights_ops_medallion_pipe' retrieved from /opt/airflow/dags/flight-pipeline.py
[2026-05-02T10:10:17.077+0000] {logging_mixin.py:188} INFO - [2026-05-02T10:10:17.077+0000] {dag.py:3089} INFO - Sync 1 DAGs
[2026-05-02T10:10:17.106+0000] {logging_mixin.py:188} INFO - [2026-05-02T10:10:17.106+0000] {dag.py:3947} INFO - Setting next_dagrun for flights_ops_medallion_pipe to 2026-05-02 10:00:00+00:00, run_after=2026-05-02 10:30:00+00:00
[2026-05-02T10:10:17.126+0000] {processor.py:183} INFO - Processing /opt/airflow/dags/flight-pipeline.py took 1.444 seconds
[2026-05-02T10:10:47.439+0000] {processor.py:161} INFO - Started process (PID=10714) to work on /opt/airflow/dags/flight-pipeline.py
[2026-05-02T10:10:47.461+0000] {processor.py:830} INFO - Processing file /opt/airflow/dags/flight-pipeline.py for tasks to queue
[2026-05-02T10:10:47.464+0000] {logging_mixin.py:188} INFO - [2026-05-02T10:10:47.463+0000] {dagbag.py:545} INFO - Filling up the DagBag from /opt/airflow/dags/flight-pipeline.py
[2026-05-02T10:10:48.535+0000] {processor.py:840} INFO - DAG(s) 'flights_ops_medallion_pipe' retrieved from /opt/airflow/dags/flight-pipeline.py
[2026-05-02T10:10:48.599+0000] {logging_mixin.py:188} INFO - [2026-05-02T10:10:48.598+0000] {dag.py:3089} INFO - Sync 1 DAGs
[2026-05-02T10:10:48.669+0000] {logging_mixin.py:188} INFO - [2026-05-02T10:10:48.668+0000] {dag.py:3947} INFO - Setting next_dagrun for flights_ops_medallion_pipe to 2026-05-02 10:00:00+00:00, run_after=2026-05-02 10:30:00+00:00
[2026-05-02T10:10:48.719+0000] {processor.py:183} INFO - Processing /opt/airflow/dags/flight-pipeline.py took 1.361 seconds
[2026-05-02T10:11:18.943+0000] {processor.py:161} INFO - Started process (PID=10717) to work on /opt/airflow/dags/flight-pipeline.py
[2026-05-02T10:11:18.959+0000] {processor.py:830} INFO - Processing file /opt/airflow/dags/flight-pipeline.py for tasks to queue
[2026-05-02T10:11:18.960+0000] {logging_mixin.py:188} INFO - [2026-05-02T10:11:18.959+0000] {dagbag.py:545} INFO - Filling up the DagBag from /opt/airflow/dags/flight-pipeline.py
[2026-05-02T10:11:19.918+0000] {processor.py:840} INFO - DAG(s) 'flights_ops_medallion_pipe' retrieved from /opt/airflow/dags/flight-pipeline.py
[2026-05-02T10:11:19.954+0000] {logging_mixin.py:188} INFO - [2026-05-02T10:11:19.953+0000] {dag.py:3089} INFO - Sync 1 DAGs
[2026-05-02T10:11:19.980+0000] {logging_mixin.py:188} INFO - [2026-05-02T10:11:19.979+0000] {dag.py:3947} INFO - Setting next_dagrun for flights_ops_medallion_pipe to 2026-05-02 10:00:00+00:00, run_after=2026-05-02 10:30:00+00:00
[2026-05-02T10:11:20.003+0000] {processor.py:183} INFO - Processing /opt/airflow/dags/flight-pipeline.py took 1.073 seconds
[2026-05-02T10:11:50.155+0000] {processor.py:161} INFO - Started process (PID=10720) to work on /opt/airflow/dags/flight-pipeline.py
[2026-05-02T10:11:50.169+0000] {processor.py:830} INFO - Processing file /opt/airflow/dags/flight-pipeline.py for tasks to queue
[2026-05-02T10:11:50.171+0000] {logging_mixin.py:188} INFO - [2026-05-02T10:11:50.170+0000] {dagbag.py:545} INFO - Filling up the DagBag from /opt/airflow/dags/flight-pipeline.py
[2026-05-02T10:11:51.325+0000] {processor.py:840} INFO - DAG(s) 'flights_ops_medallion_pipe' retrieved from /opt/airflow/dags/flight-pipeline.py
[2026-05-02T10:11:51.361+0000] {logging_mixin.py:188} INFO - [2026-05-02T10:11:51.360+0000] {dag.py:3089} INFO - Sync 1 DAGs
[2026-05-02T10:11:51.389+0000] {logging_mixin.py:188} INFO - [2026-05-02T10:11:51.389+0000] {dag.py:3947} INFO - Setting next_dagrun for flights_ops_medallion_pipe to 2026-05-02 10:00:00+00:00, run_after=2026-05-02 10:30:00+00:00
[2026-05-02T10:11:51.413+0000] {processor.py:183} INFO - Processing /opt/airflow/dags/flight-pipeline.py took 1.285 seconds
[2026-05-02T10:12:21.597+0000] {processor.py:161} INFO - Started process (PID=10723) to work on /opt/airflow/dags/flight-pipeline.py
[2026-05-02T10:12:21.610+0000] {processor.py:830} INFO - Processing file /opt/airflow/dags/flight-pipeline.py for tasks to queue
[2026-05-02T10:12:21.611+0000] {logging_mixin.py:188} INFO - [2026-05-02T10:12:21.611+0000] {dagbag.py:545} INFO - Filling up the DagBag from /opt/airflow/dags/flight-pipeline.py
[2026-05-02T10:12:22.544+0000] {processor.py:840} INFO - DAG(s) 'flights_ops_medallion_pipe' retrieved from /opt/airflow/dags/flight-pipeline.py
[2026-05-02T10:12:22.603+0000] {logging_mixin.py:188} INFO - [2026-05-02T10:12:22.602+0000] {dag.py:3089} INFO - Sync 1 DAGs
[2026-05-02T10:12:22.647+0000] {logging_mixin.py:188} INFO - [2026-05-02T10:12:22.647+0000] {dag.py:3947} INFO - Setting next_dagrun for flights_ops_medallion_pipe to 2026-05-02 10:00:00+00:00, run_after=2026-05-02 10:30:00+00:00
[2026-05-02T10:12:22.671+0000] {processor.py:183} INFO - Processing /opt/airflow/dags/flight-pipeline.py took 1.083 seconds
[2026-05-02T10:12:52.855+0000] {processor.py:161} INFO - Started process (PID=10726) to work on /opt/airflow/dags/flight-pipeline.py
[2026-05-02T10:12:52.872+0000] {processor.py:830} INFO - Processing file /opt/airflow/dags/flight-pipeline.py for tasks to queue
[2026-05-02T10:12:52.874+0000] {logging_mixin.py:188} INFO - [2026-05-02T10:12:52.873+0000] {dagbag.py:545} INFO - Filling up the DagBag from /opt/airflow/dags/flight-pipeline.py
[2026-05-02T10:12:54.106+0000] {processor.py:840} INFO - DAG(s) 'flights_ops_medallion_pipe' retrieved from /opt/airflow/dags/flight-pipeline.py
[2026-05-02T10:12:54.148+0000] {logging_mixin.py:188} INFO - [2026-05-02T10:12:54.148+0000] {dag.py:3089} INFO - Sync 1 DAGs
[2026-05-02T10:12:54.176+0000] {logging_mixin.py:188} INFO - [2026-05-02T10:12:54.176+0000] {dag.py:3947} INFO - Setting next_dagrun for flights_ops_medallion_pipe to 2026-05-02 10:00:00+00:00, run_after=2026-05-02 10:30:00+00:00
[2026-05-02T10:12:54.198+0000] {processor.py:183} INFO - Processing /opt/airflow/dags/flight-pipeline.py took 1.358 seconds
[2026-05-02T10:13:24.450+0000] {processor.py:161} INFO - Started process (PID=10729) to work on /opt/airflow/dags/flight-pipeline.py
[2026-05-02T10:13:24.466+0000] {processor.py:830} INFO - Processing file /opt/airflow/dags/flight-pipeline.py for tasks to queue
[2026-05-02T10:13:24.467+0000] {logging_mixin.py:188} INFO - [2026-05-02T10:13:24.467+0000] {dagbag.py:545} INFO - Filling up the DagBag from /opt/airflow/dags/flight-pipeline.py
[2026-05-02T10:13:25.608+0000] {processor.py:840} INFO - DAG(s) 'flights_ops_medallion_pipe' retrieved from /opt/airflow/dags/flight-pipeline.py
[2026-05-02T10:13:25.733+0000] {logging_mixin.py:188} INFO - [2026-05-02T10:13:25.732+0000] {dag.py:3089} INFO - Sync 1 DAGs
[2026-05-02T10:13:25.816+0000] {logging_mixin.py:188} INFO - [2026-05-02T10:13:25.816+0000] {dag.py:3947} INFO - Setting next_dagrun for flights_ops_medallion_pipe to 2026-05-02 10:00:00+00:00, run_after=2026-05-02 10:30:00+00:00
[2026-05-02T10:13:25.869+0000] {processor.py:183} INFO - Processing /opt/airflow/dags/flight-pipeline.py took 1.431 seconds
[2026-05-02T10:13:56.325+0000] {processor.py:161} INFO - Started process (PID=10732) to work on /opt/airflow/dags/flight-pipeline.py
[2026-05-02T10:13:56.332+0000] {processor.py:830} INFO - Processing file /opt/airflow/dags/flight-pipeline.py for tasks to queue
[2026-05-02T10:13:56.336+0000] {logging_mixin.py:188} INFO - [2026-05-02T10:13:56.333+0000] {dagbag.py:545} INFO - Filling up the DagBag from /opt/airflow/dags/flight-pipeline.py
[2026-05-02T10:13:58.233+0000] {processor.py:840} INFO - DAG(s) 'flights_ops_medallion_pipe' retrieved from /opt/airflow/dags/flight-pipeline.py
[2026-05-02T10:13:58.319+0000] {logging_mixin.py:188} INFO - [2026-05-02T10:13:58.318+0000] {dag.py:3089} INFO - Sync 1 DAGs
[2026-05-02T10:13:58.383+0000] {logging_mixin.py:188} INFO - [2026-05-02T10:13:58.383+0000] {dag.py:3947} INFO - Setting next_dagrun for flights_ops_medallion_pipe to 2026-05-02 10:00:00+00:00, run_after=2026-05-02 10:30:00+00:00
[2026-05-02T10:13:58.416+0000] {processor.py:183} INFO - Processing /opt/airflow/dags/flight-pipeline.py took 2.117 seconds
[2026-05-02T10:14:28.617+0000] {processor.py:161} INFO - Started process (PID=10735) to work on /opt/airflow/dags/flight-pipeline.py
[2026-05-02T10:14:28.622+0000] {processor.py:830} INFO - Processing file /opt/airflow/dags/flight-pipeline.py for tasks to queue
[2026-05-02T10:14:28.624+0000] {logging_mixin.py:188} INFO - [2026-05-02T10:14:28.624+0000] {dagbag.py:545} INFO - Filling up the DagBag from /opt/airflow/dags/flight-pipeline.py
[2026-05-02T10:14:29.799+0000] {processor.py:840} INFO - DAG(s) 'flights_ops_medallion_pipe' retrieved from /opt/airflow/dags/flight-pipeline.py
[2026-05-02T10:14:29.900+0000] {logging_mixin.py:188} INFO - [2026-05-02T10:14:29.899+0000] {dag.py:3089} INFO - Sync 1 DAGs
[2026-05-02T10:14:29.976+0000] {logging_mixin.py:188} INFO - [2026-05-02T10:14:29.975+0000] {dag.py:3947} INFO - Setting next_dagrun for flights_ops_medallion_pipe to 2026-05-02 10:00:00+00:00, run_after=2026-05-02 10:30:00+00:00
[2026-05-02T10:14:30.020+0000] {processor.py:183} INFO - Processing /opt/airflow/dags/flight-pipeline.py took 1.414 seconds
[2026-05-02T10:15:00.343+0000] {processor.py:161} INFO - Started process (PID=10738) to work on /opt/airflow/dags/flight-pipeline.py
[2026-05-02T10:15:00.350+0000] {processor.py:830} INFO - Processing file /opt/airflow/dags/flight-pipeline.py for tasks to queue
[2026-05-02T10:15:00.354+0000] {logging_mixin.py:188} INFO - [2026-05-02T10:15:00.352+0000] {dagbag.py:545} INFO - Filling up the DagBag from /opt/airflow/dags/flight-pipeline.py
[2026-05-02T10:15:01.294+0000] {processor.py:840} INFO - DAG(s) 'flights_ops_medallion_pipe' retrieved from /opt/airflow/dags/flight-pipeline.py
[2026-05-02T10:15:01.327+0000] {logging_mixin.py:188} INFO - [2026-05-02T10:15:01.326+0000] {dag.py:3089} INFO - Sync 1 DAGs
[2026-05-02T10:15:01.352+0000] {logging_mixin.py:188} INFO - [2026-05-02T10:15:01.352+0000] {dag.py:3947} INFO - Setting next_dagrun for flights_ops_medallion_pipe to 2026-05-02 10:00:00+00:00, run_after=2026-05-02 10:30:00+00:00
[2026-05-02T10:15:01.372+0000] {processor.py:183} INFO - Processing /opt/airflow/dags/flight-pipeline.py took 1.073 seconds
[2026-05-02T10:15:31.682+0000] {processor.py:161} INFO - Started process (PID=10741) to work on /opt/airflow/dags/flight-pipeline.py
[2026-05-02T10:15:31.689+0000] {processor.py:830} INFO - Processing file /opt/airflow/dags/flight-pipeline.py for tasks to queue
[2026-05-02T10:15:31.693+0000] {logging_mixin.py:188} INFO - [2026-05-02T10:15:31.691+0000] {dagbag.py:545} INFO - Filling up the DagBag from /opt/airflow/dags/flight-pipeline.py
[2026-05-02T10:15:33.150+0000] {processor.py:840} INFO - DAG(s) 'flights_ops_medallion_pipe' retrieved from /opt/airflow/dags/flight-pipeline.py
[2026-05-02T10:15:33.203+0000] {logging_mixin.py:188} INFO - [2026-05-02T10:15:33.202+0000] {dag.py:3089} INFO - Sync 1 DAGs
[2026-05-02T10:15:33.238+0000] {logging_mixin.py:188} INFO - [2026-05-02T10:15:33.238+0000] {dag.py:3947} INFO - Setting next_dagrun for flights_ops_medallion_pipe to 2026-05-02 10:00:00+00:00, run_after=2026-05-02 10:30:00+00:00
[2026-05-02T10:15:33.270+0000] {processor.py:183} INFO - Processing /opt/airflow/dags/flight-pipeline.py took 1.660 seconds
[2026-05-02T10:16:03.640+0000] {processor.py:161} INFO - Started process (PID=10744) to work on /opt/airflow/dags/flight-pipeline.py
[2026-05-02T10:16:03.647+0000] {processor.py:830} INFO - Processing file /opt/airflow/dags/flight-pipeline.py for tasks to queue
[2026-05-02T10:16:03.649+0000] {logging_mixin.py:188} INFO - [2026-05-02T10:16:03.649+0000] {dagbag.py:545} INFO - Filling up the DagBag from /opt/airflow/dags/flight-pipeline.py
[2026-05-02T10:16:05.593+0000] {processor.py:840} INFO - DAG(s) 'flights_ops_medallion_pipe' retrieved from /opt/airflow/dags/flight-pipeline.py
[2026-05-02T10:16:05.665+0000] {logging_mixin.py:188} INFO - [2026-05-02T10:16:05.664+0000] {dag.py:3089} INFO - Sync 1 DAGs
[2026-05-02T10:16:05.771+0000] {logging_mixin.py:188} INFO - [2026-05-02T10:16:05.770+0000] {dag.py:3947} INFO - Setting next_dagrun for flights_ops_medallion_pipe to 2026-05-02 10:00:00+00:00, run_after=2026-05-02 10:30:00+00:00
[2026-05-02T10:16:05.816+0000] {processor.py:183} INFO - Processing /opt/airflow/dags/flight-pipeline.py took 2.194 seconds
[2026-05-02T10:16:35.893+0000] {processor.py:161} INFO - Started process (PID=10747) to work on /opt/airflow/dags/flight-pipeline.py
[2026-05-02T10:16:35.898+0000] {processor.py:830} INFO - Processing file /opt/airflow/dags/flight-pipeline.py for tasks to queue
[2026-05-02T10:16:35.900+0000] {logging_mixin.py:188} INFO - [2026-05-02T10:16:35.899+0000] {dagbag.py:545} INFO - Filling up the DagBag from /opt/airflow/dags/flight-pipeline.py
[2026-05-02T10:16:37.051+0000] {processor.py:840} INFO - DAG(s) 'flights_ops_medallion_pipe' retrieved from /opt/airflow/dags/flight-pipeline.py
[2026-05-02T10:16:37.136+0000] {logging_mixin.py:188} INFO - [2026-05-02T10:16:37.135+0000] {dag.py:3089} INFO - Sync 1 DAGs
[2026-05-02T10:16:37.166+0000] {logging_mixin.py:188} INFO - [2026-05-02T10:16:37.166+0000] {dag.py:3947} INFO - Setting next_dagrun for flights_ops_medallion_pipe to 2026-05-02 10:00:00+00:00, run_after=2026-05-02 10:30:00+00:00
[2026-05-02T10:16:37.192+0000] {processor.py:183} INFO - Processing /opt/airflow/dags/flight-pipeline.py took 1.310 seconds
[2026-05-02T10:17:07.409+0000] {processor.py:161} INFO - Started process (PID=10750) to work on /opt/airflow/dags/flight-pipeline.py
[2026-05-02T10:17:07.417+0000] {processor.py:830} INFO - Processing file /opt/airflow/dags/flight-pipeline.py for tasks to queue
[2026-05-02T10:17:07.418+0000] {logging_mixin.py:188} INFO - [2026-05-02T10:17:07.418+0000] {dagbag.py:545} INFO - Filling up the DagBag from /opt/airflow/dags/flight-pipeline.py
[2026-05-02T10:17:08.597+0000] {processor.py:840} INFO - DAG(s) 'flights_ops_medallion_pipe' retrieved from /opt/airflow/dags/flight-pipeline.py
[2026-05-02T10:17:08.640+0000] {logging_mixin.py:188} INFO - [2026-05-02T10:17:08.639+0000] {dag.py:3089} INFO - Sync 1 DAGs
[2026-05-02T10:17:08.668+0000] {logging_mixin.py:188} INFO - [2026-05-02T10:17:08.668+0000] {dag.py:3947} INFO - Setting next_dagrun for flights_ops_medallion_pipe to 2026-05-02 10:00:00+00:00, run_after=2026-05-02 10:30:00+00:00
[2026-05-02T10:17:08.693+0000] {processor.py:183} INFO - Processing /opt/airflow/dags/flight-pipeline.py took 1.294 seconds
[2026-05-02T10:17:38.993+0000] {processor.py:161} INFO - Started process (PID=10753) to work on /opt/airflow/dags/flight-pipeline.py
[2026-05-02T10:17:38.999+0000] {processor.py:830} INFO - Processing file /opt/airflow/dags/flight-pipeline.py for tasks to queue
[2026-05-02T10:17:39.001+0000] {logging_mixin.py:188} INFO - [2026-05-02T10:17:39.000+0000] {dagbag.py:545} INFO - Filling up the DagBag from /opt/airflow/dags/flight-pipeline.py
[2026-05-02T10:17:40.295+0000] {processor.py:840} INFO - DAG(s) 'flights_ops_medallion_pipe' retrieved from /opt/airflow/dags/flight-pipeline.py
[2026-05-02T10:17:40.341+0000] {logging_mixin.py:188} INFO - [2026-05-02T10:17:40.341+0000] {dag.py:3089} INFO - Sync 1 DAGs
[2026-05-02T10:17:40.377+0000] {logging_mixin.py:188} INFO - [2026-05-02T10:17:40.377+0000] {dag.py:3947} INFO - Setting next_dagrun for flights_ops_medallion_pipe to 2026-05-02 10:00:00+00:00, run_after=2026-05-02 10:30:00+00:00
[2026-05-02T10:17:40.413+0000] {processor.py:183} INFO - Processing /opt/airflow/dags/flight-pipeline.py took 1.432 seconds
[2026-05-02T10:18:10.676+0000] {processor.py:161} INFO - Started process (PID=10756) to work on /opt/airflow/dags/flight-pipeline.py
[2026-05-02T10:18:10.683+0000] {processor.py:830} INFO - Processing file /opt/airflow/dags/flight-pipeline.py for tasks to queue
[2026-05-02T10:18:10.684+0000] {logging_mixin.py:188} INFO - [2026-05-02T10:18:10.684+0000] {dagbag.py:545} INFO - Filling up the DagBag from /opt/airflow/dags/flight-pipeline.py
[2026-05-02T10:18:11.789+0000] {processor.py:840} INFO - DAG(s) 'flights_ops_medallion_pipe' retrieved from /opt/airflow/dags/flight-pipeline.py
[2026-05-02T10:18:11.832+0000] {logging_mixin.py:188} INFO - [2026-05-02T10:18:11.831+0000] {dag.py:3089} INFO - Sync 1 DAGs
[2026-05-02T10:18:11.862+0000] {logging_mixin.py:188} INFO - [2026-05-02T10:18:11.862+0000] {dag.py:3947} INFO - Setting next_dagrun for flights_ops_medallion_pipe to 2026-05-02 10:00:00+00:00, run_after=2026-05-02 10:30:00+00:00
[2026-05-02T10:18:11.887+0000] {processor.py:183} INFO - Processing /opt/airflow/dags/flight-pipeline.py took 1.221 seconds
[2026-05-02T10:18:42.147+0000] {processor.py:161} INFO - Started process (PID=10759) to work on /opt/airflow/dags/flight-pipeline.py
[2026-05-02T10:18:42.156+0000] {processor.py:830} INFO - Processing file /opt/airflow/dags/flight-pipeline.py for tasks to queue
[2026-05-02T10:18:42.158+0000] {logging_mixin.py:188} INFO - [2026-05-02T10:18:42.157+0000] {dagbag.py:545} INFO - Filling up the DagBag from /opt/airflow/dags/flight-pipeline.py
[2026-05-02T10:18:43.302+0000] {processor.py:840} INFO - DAG(s) 'flights_ops_medallion_pipe' retrieved from /opt/airflow/dags/flight-pipeline.py
[2026-05-02T10:18:43.351+0000] {logging_mixin.py:188} INFO - [2026-05-02T10:18:43.351+0000] {dag.py:3089} INFO - Sync 1 DAGs
[2026-05-02T10:18:43.385+0000] {logging_mixin.py:188} INFO - [2026-05-02T10:18:43.384+0000] {dag.py:3947} INFO - Setting next_dagrun for flights_ops_medallion_pipe to 2026-05-02 10:00:00+00:00, run_after=2026-05-02 10:30:00+00:00
[2026-05-02T10:18:43.417+0000] {processor.py:183} INFO - Processing /opt/airflow/dags/flight-pipeline.py took 1.282 seconds
[2026-05-02T10:19:13.711+0000] {processor.py:161} INFO - Started process (PID=10762) to work on /opt/airflow/dags/flight-pipeline.py
[2026-05-02T10:19:13.721+0000] {processor.py:830} INFO - Processing file /opt/airflow/dags/flight-pipeline.py for tasks to queue
[2026-05-02T10:19:13.726+0000] {logging_mixin.py:188} INFO - [2026-05-02T10:19:13.724+0000] {dagbag.py:545} INFO - Filling up the DagBag from /opt/airflow/dags/flight-pipeline.py
[2026-05-02T10:19:15.237+0000] {processor.py:840} INFO - DAG(s) 'flights_ops_medallion_pipe' retrieved from /opt/airflow/dags/flight-pipeline.py
[2026-05-02T10:19:15.295+0000] {logging_mixin.py:188} INFO - [2026-05-02T10:19:15.294+0000] {dag.py:3089} INFO - Sync 1 DAGs
[2026-05-02T10:19:15.340+0000] {logging_mixin.py:188} INFO - [2026-05-02T10:19:15.339+0000] {dag.py:3947} INFO - Setting next_dagrun for flights_ops_medallion_pipe to 2026-05-02 10:00:00+00:00, run_after=2026-05-02 10:30:00+00:00
[2026-05-02T10:19:15.375+0000] {processor.py:183} INFO - Processing /opt/airflow/dags/flight-pipeline.py took 1.677 seconds
[2026-05-02T10:19:45.671+0000] {processor.py:161} INFO - Started process (PID=10765) to work on /opt/airflow/dags/flight-pipeline.py
[2026-05-02T10:19:45.685+0000] {processor.py:830} INFO - Processing file /opt/airflow/dags/flight-pipeline.py for tasks to queue
[2026-05-02T10:19:45.686+0000] {logging_mixin.py:188} INFO - [2026-05-02T10:19:45.686+0000] {dagbag.py:545} INFO - Filling up the DagBag from /opt/airflow/dags/flight-pipeline.py
[2026-05-02T10:19:46.873+0000] {processor.py:840} INFO - DAG(s) 'flights_ops_medallion_pipe' retrieved from /opt/airflow/dags/flight-pipeline.py
[2026-05-02T10:19:46.918+0000] {logging_mixin.py:188} INFO - [2026-05-02T10:19:46.917+0000] {dag.py:3089} INFO - Sync 1 DAGs
[2026-05-02T10:19:46.950+0000] {logging_mixin.py:188} INFO - [2026-05-02T10:19:46.950+0000] {dag.py:3947} INFO - Setting next_dagrun for flights_ops_medallion_pipe to 2026-05-02 10:00:00+00:00, run_after=2026-05-02 10:30:00+00:00
[2026-05-02T10:19:46.985+0000] {processor.py:183} INFO - Processing /opt/airflow/dags/flight-pipeline.py took 1.323 seconds
[2026-05-02T10:20:17.226+0000] {processor.py:161} INFO - Started process (PID=10768) to work on /opt/airflow/dags/flight-pipeline.py
[2026-05-02T10:20:17.233+0000] {processor.py:830} INFO - Processing file /opt/airflow/dags/flight-pipeline.py for tasks to queue
[2026-05-02T10:20:17.235+0000] {logging_mixin.py:188} INFO - [2026-05-02T10:20:17.234+0000] {dagbag.py:545} INFO - Filling up the DagBag from /opt/airflow/dags/flight-pipeline.py
[2026-05-02T10:20:18.617+0000] {processor.py:840} INFO - DAG(s) 'flights_ops_medallion_pipe' retrieved from /opt/airflow/dags/flight-pipeline.py
[2026-05-02T10:20:18.667+0000] {logging_mixin.py:188} INFO - [2026-05-02T10:20:18.666+0000] {dag.py:3089} INFO - Sync 1 DAGs
[2026-05-02T10:20:18.701+0000] {logging_mixin.py:188} INFO - [2026-05-02T10:20:18.700+0000] {dag.py:3947} INFO - Setting next_dagrun for flights_ops_medallion_pipe to 2026-05-02 10:00:00+00:00, run_after=2026-05-02 10:30:00+00:00
[2026-05-02T10:20:18.731+0000] {processor.py:183} INFO - Processing /opt/airflow/dags/flight-pipeline.py took 1.518 seconds
[2026-05-02T10:20:49.059+0000] {processor.py:161} INFO - Started process (PID=10771) to work on /opt/airflow/dags/flight-pipeline.py
[2026-05-02T10:20:49.066+0000] {processor.py:830} INFO - Processing file /opt/airflow/dags/flight-pipeline.py for tasks to queue
[2026-05-02T10:20:49.067+0000] {logging_mixin.py:188} INFO - [2026-05-02T10:20:49.067+0000] {dagbag.py:545} INFO - Filling up the DagBag from /opt/airflow/dags/flight-pipeline.py
[2026-05-02T10:20:50.716+0000] {processor.py:840} INFO - DAG(s) 'flights_ops_medallion_pipe' retrieved from /opt/airflow/dags/flight-pipeline.py
[2026-05-02T10:20:50.782+0000] {logging_mixin.py:188} INFO - [2026-05-02T10:20:50.782+0000] {dag.py:3089} INFO - Sync 1 DAGs
[2026-05-02T10:20:50.843+0000] {logging_mixin.py:188} INFO - [2026-05-02T10:20:50.842+0000] {dag.py:3947} INFO - Setting next_dagrun for flights_ops_medallion_pipe to 2026-05-02 10:00:00+00:00, run_after=2026-05-02 10:30:00+00:00
[2026-05-02T10:20:50.877+0000] {processor.py:183} INFO - Processing /opt/airflow/dags/flight-pipeline.py took 1.835 seconds
[2026-05-02T10:21:21.193+0000] {processor.py:161} INFO - Started process (PID=10774) to work on /opt/airflow/dags/flight-pipeline.py
[2026-05-02T10:21:21.202+0000] {processor.py:830} INFO - Processing file /opt/airflow/dags/flight-pipeline.py for tasks to queue
[2026-05-02T10:21:21.204+0000] {logging_mixin.py:188} INFO - [2026-05-02T10:21:21.203+0000] {dagbag.py:545} INFO - Filling up the DagBag from /opt/airflow/dags/flight-pipeline.py
[2026-05-02T10:21:23.127+0000] {processor.py:840} INFO - DAG(s) 'flights_ops_medallion_pipe' retrieved from /opt/airflow/dags/flight-pipeline.py
[2026-05-02T10:21:23.205+0000] {logging_mixin.py:188} INFO - [2026-05-02T10:21:23.204+0000] {dag.py:3089} INFO - Sync 1 DAGs
[2026-05-02T10:21:23.256+0000] {logging_mixin.py:188} INFO - [2026-05-02T10:21:23.255+0000] {dag.py:3947} INFO - Setting next_dagrun for flights_ops_medallion_pipe to 2026-05-02 10:00:00+00:00, run_after=2026-05-02 10:30:00+00:00
[2026-05-02T10:21:23.296+0000] {processor.py:183} INFO - Processing /opt/airflow/dags/flight-pipeline.py took 2.122 seconds
[2026-05-02T10:21:53.449+0000] {processor.py:161} INFO - Started process (PID=10777) to work on /opt/airflow/dags/flight-pipeline.py
[2026-05-02T10:21:53.457+0000] {processor.py:830} INFO - Processing file /opt/airflow/dags/flight-pipeline.py for tasks to queue
[2026-05-02T10:21:53.458+0000] {logging_mixin.py:188} INFO - [2026-05-02T10:21:53.458+0000] {dagbag.py:545} INFO - Filling up the DagBag from /opt/airflow/dags/flight-pipeline.py
[2026-05-02T10:21:54.673+0000] {processor.py:840} INFO - DAG(s) 'flights_ops_medallion_pipe' retrieved from /opt/airflow/dags/flight-pipeline.py
[2026-05-02T10:21:54.730+0000] {logging_mixin.py:188} INFO - [2026-05-02T10:21:54.729+0000] {dag.py:3089} INFO - Sync 1 DAGs
[2026-05-02T10:21:54.761+0000] {logging_mixin.py:188} INFO - [2026-05-02T10:21:54.761+0000] {dag.py:3947} INFO - Setting next_dagrun for flights_ops_medallion_pipe to 2026-05-02 10:00:00+00:00, run_after=2026-05-02 10:30:00+00:00
[2026-05-02T10:21:54.789+0000] {processor.py:183} INFO - Processing /opt/airflow/dags/flight-pipeline.py took 1.352 seconds
[2026-05-02T10:22:25.056+0000] {processor.py:161} INFO - Started process (PID=10780) to work on /opt/airflow/dags/flight-pipeline.py
[2026-05-02T10:22:25.061+0000] {processor.py:830} INFO - Processing file /opt/airflow/dags/flight-pipeline.py for tasks to queue
[2026-05-02T10:22:25.063+0000] {logging_mixin.py:188} INFO - [2026-05-02T10:22:25.062+0000] {dagbag.py:545} INFO - Filling up the DagBag from /opt/airflow/dags/flight-pipeline.py
[2026-05-02T10:22:26.129+0000] {processor.py:840} INFO - DAG(s) 'flights_ops_medallion_pipe' retrieved from /opt/airflow/dags/flight-pipeline.py
[2026-05-02T10:22:26.171+0000] {logging_mixin.py:188} INFO - [2026-05-02T10:22:26.170+0000] {dag.py:3089} INFO - Sync 1 DAGs
[2026-05-02T10:22:26.197+0000] {logging_mixin.py:188} INFO - [2026-05-02T10:22:26.197+0000] {dag.py:3947} INFO - Setting next_dagrun for flights_ops_medallion_pipe to 2026-05-02 10:00:00+00:00, run_after=2026-05-02 10:30:00+00:00
[2026-05-02T10:22:26.219+0000] {processor.py:183} INFO - Processing /opt/airflow/dags/flight-pipeline.py took 1.173 seconds
[2026-05-02T10:22:56.340+0000] {processor.py:161} INFO - Started process (PID=10783) to work on /opt/airflow/dags/flight-pipeline.py
[2026-05-02T10:22:56.345+0000] {processor.py:830} INFO - Processing file /opt/airflow/dags/flight-pipeline.py for tasks to queue
[2026-05-02T10:22:56.346+0000] {logging_mixin.py:188} INFO - [2026-05-02T10:22:56.346+0000] {dagbag.py:545} INFO - Filling up the DagBag from /opt/airflow/dags/flight-pipeline.py
[2026-05-02T10:22:57.411+0000] {processor.py:840} INFO - DAG(s) 'flights_ops_medallion_pipe' retrieved from /opt/airflow/dags/flight-pipeline.py
[2026-05-02T10:22:57.453+0000] {logging_mixin.py:188} INFO - [2026-05-02T10:22:57.453+0000] {dag.py:3089} INFO - Sync 1 DAGs
[2026-05-02T10:22:57.485+0000] {logging_mixin.py:188} INFO - [2026-05-02T10:22:57.485+0000] {dag.py:3947} INFO - Setting next_dagrun for flights_ops_medallion_pipe to 2026-05-02 10:00:00+00:00, run_after=2026-05-02 10:30:00+00:00
[2026-05-02T10:22:57.513+0000] {processor.py:183} INFO - Processing /opt/airflow/dags/flight-pipeline.py took 1.184 seconds
[2026-05-02T10:23:27.772+0000] {processor.py:161} INFO - Started process (PID=10786) to work on /opt/airflow/dags/flight-pipeline.py
[2026-05-02T10:23:27.778+0000] {processor.py:830} INFO - Processing file /opt/airflow/dags/flight-pipeline.py for tasks to queue
[2026-05-02T10:23:27.779+0000] {logging_mixin.py:188} INFO - [2026-05-02T10:23:27.779+0000] {dagbag.py:545} INFO - Filling up the DagBag from /opt/airflow/dags/flight-pipeline.py
[2026-05-02T10:23:28.908+0000] {processor.py:840} INFO - DAG(s) 'flights_ops_medallion_pipe' retrieved from /opt/airflow/dags/flight-pipeline.py
[2026-05-02T10:23:28.957+0000] {logging_mixin.py:188} INFO - [2026-05-02T10:23:28.956+0000] {dag.py:3089} INFO - Sync 1 DAGs
[2026-05-02T10:23:28.987+0000] {logging_mixin.py:188} INFO - [2026-05-02T10:23:28.987+0000] {dag.py:3947} INFO - Setting next_dagrun for flights_ops_medallion_pipe to 2026-05-02 10:00:00+00:00, run_after=2026-05-02 10:30:00+00:00
[2026-05-02T10:23:29.017+0000] {processor.py:183} INFO - Processing /opt/airflow/dags/flight-pipeline.py took 1.255 seconds
[2026-05-02T10:23:59.290+0000] {processor.py:161} INFO - Started process (PID=10789) to work on /opt/airflow/dags/flight-pipeline.py
[2026-05-02T10:23:59.295+0000] {processor.py:830} INFO - Processing file /opt/airflow/dags/flight-pipeline.py for tasks to queue
[2026-05-02T10:23:59.297+0000] {logging_mixin.py:188} INFO - [2026-05-02T10:23:59.296+0000] {dagbag.py:545} INFO - Filling up the DagBag from /opt/airflow/dags/flight-pipeline.py
[2026-05-02T10:24:00.516+0000] {processor.py:840} INFO - DAG(s) 'flights_ops_medallion_pipe' retrieved from /opt/airflow/dags/flight-pipeline.py
[2026-05-02T10:24:00.563+0000] {logging_mixin.py:188} INFO - [2026-05-02T10:24:00.562+0000] {dag.py:3089} INFO - Sync 1 DAGs
[2026-05-02T10:24:00.595+0000] {logging_mixin.py:188} INFO - [2026-05-02T10:24:00.595+0000] {dag.py:3947} INFO - Setting next_dagrun for flights_ops_medallion_pipe to 2026-05-02 10:00:00+00:00, run_after=2026-05-02 10:30:00+00:00
[2026-05-02T10:24:00.622+0000] {processor.py:183} INFO - Processing /opt/airflow/dags/flight-pipeline.py took 1.343 seconds
[2026-05-02T10:24:30.894+0000] {processor.py:161} INFO - Started process (PID=10792) to work on /opt/airflow/dags/flight-pipeline.py
[2026-05-02T10:24:30.900+0000] {processor.py:830} INFO - Processing file /opt/airflow/dags/flight-pipeline.py for tasks to queue
[2026-05-02T10:24:30.901+0000] {logging_mixin.py:188} INFO - [2026-05-02T10:24:30.901+0000] {dagbag.py:545} INFO - Filling up the DagBag from /opt/airflow/dags/flight-pipeline.py
[2026-05-02T10:24:31.999+0000] {processor.py:840} INFO - DAG(s) 'flights_ops_medallion_pipe' retrieved from /opt/airflow/dags/flight-pipeline.py
[2026-05-02T10:24:32.044+0000] {logging_mixin.py:188} INFO - [2026-05-02T10:24:32.044+0000] {dag.py:3089} INFO - Sync 1 DAGs
[2026-05-02T10:24:32.076+0000] {logging_mixin.py:188} INFO - [2026-05-02T10:24:32.076+0000] {dag.py:3947} INFO - Setting next_dagrun for flights_ops_medallion_pipe to 2026-05-02 10:00:00+00:00, run_after=2026-05-02 10:30:00+00:00
[2026-05-02T10:24:32.106+0000] {processor.py:183} INFO - Processing /opt/airflow/dags/flight-pipeline.py took 1.222 seconds
[2026-05-02T10:25:02.366+0000] {processor.py:161} INFO - Started process (PID=10795) to work on /opt/airflow/dags/flight-pipeline.py
[2026-05-02T10:25:02.388+0000] {processor.py:830} INFO - Processing file /opt/airflow/dags/flight-pipeline.py for tasks to queue
[2026-05-02T10:25:02.391+0000] {logging_mixin.py:188} INFO - [2026-05-02T10:25:02.390+0000] {dagbag.py:545} INFO - Filling up the DagBag from /opt/airflow/dags/flight-pipeline.py
[2026-05-02T10:25:03.983+0000] {processor.py:840} INFO - DAG(s) 'flights_ops_medallion_pipe' retrieved from /opt/airflow/dags/flight-pipeline.py
[2026-05-02T10:25:04.060+0000] {logging_mixin.py:188} INFO - [2026-05-02T10:25:04.059+0000] {dag.py:3089} INFO - Sync 1 DAGs
[2026-05-02T10:25:04.132+0000] {logging_mixin.py:188} INFO - [2026-05-02T10:25:04.132+0000] {dag.py:3947} INFO - Setting next_dagrun for flights_ops_medallion_pipe to 2026-05-02 10:00:00+00:00, run_after=2026-05-02 10:30:00+00:00
[2026-05-02T10:25:04.170+0000] {processor.py:183} INFO - Processing /opt/airflow/dags/flight-pipeline.py took 1.819 seconds
[2026-05-02T10:25:34.391+0000] {processor.py:161} INFO - Started process (PID=10798) to work on /opt/airflow/dags/flight-pipeline.py
[2026-05-02T10:25:34.397+0000] {processor.py:830} INFO - Processing file /opt/airflow/dags/flight-pipeline.py for tasks to queue
[2026-05-02T10:25:34.398+0000] {logging_mixin.py:188} INFO - [2026-05-02T10:25:34.398+0000] {dagbag.py:545} INFO - Filling up the DagBag from /opt/airflow/dags/flight-pipeline.py
[2026-05-02T10:25:35.652+0000] {processor.py:840} INFO - DAG(s) 'flights_ops_medallion_pipe' retrieved from /opt/airflow/dags/flight-pipeline.py
[2026-05-02T10:25:35.741+0000] {logging_mixin.py:188} INFO - [2026-05-02T10:25:35.739+0000] {dag.py:3089} INFO - Sync 1 DAGs
[2026-05-02T10:25:35.795+0000] {logging_mixin.py:188} INFO - [2026-05-02T10:25:35.794+0000] {dag.py:3947} INFO - Setting next_dagrun for flights_ops_medallion_pipe to 2026-05-02 10:00:00+00:00, run_after=2026-05-02 10:30:00+00:00
[2026-05-02T10:25:35.825+0000] {processor.py:183} INFO - Processing /opt/airflow/dags/flight-pipeline.py took 1.446 seconds
[2026-05-02T10:26:06.176+0000] {processor.py:161} INFO - Started process (PID=10801) to work on /opt/airflow/dags/flight-pipeline.py
[2026-05-02T10:26:06.184+0000] {processor.py:830} INFO - Processing file /opt/airflow/dags/flight-pipeline.py for tasks to queue
[2026-05-02T10:26:06.186+0000] {logging_mixin.py:188} INFO - [2026-05-02T10:26:06.185+0000] {dagbag.py:545} INFO - Filling up the DagBag from /opt/airflow/dags/flight-pipeline.py
[2026-05-02T10:26:07.710+0000] {processor.py:840} INFO - DAG(s) 'flights_ops_medallion_pipe' retrieved from /opt/airflow/dags/flight-pipeline.py
[2026-05-02T10:26:07.763+0000] {logging_mixin.py:188} INFO - [2026-05-02T10:26:07.762+0000] {dag.py:3089} INFO - Sync 1 DAGs
[2026-05-02T10:26:07.799+0000] {logging_mixin.py:188} INFO - [2026-05-02T10:26:07.799+0000] {dag.py:3947} INFO - Setting next_dagrun for flights_ops_medallion_pipe to 2026-05-02 10:00:00+00:00, run_after=2026-05-02 10:30:00+00:00
[2026-05-02T10:26:07.828+0000] {processor.py:183} INFO - Processing /opt/airflow/dags/flight-pipeline.py took 1.665 seconds
[2026-05-02T10:26:37.927+0000] {processor.py:161} INFO - Started process (PID=10804) to work on /opt/airflow/dags/flight-pipeline.py
[2026-05-02T10:26:37.945+0000] {processor.py:830} INFO - Processing file /opt/airflow/dags/flight-pipeline.py for tasks to queue
[2026-05-02T10:26:37.947+0000] {logging_mixin.py:188} INFO - [2026-05-02T10:26:37.946+0000] {dagbag.py:545} INFO - Filling up the DagBag from /opt/airflow/dags/flight-pipeline.py
[2026-05-02T10:26:39.060+0000] {processor.py:840} INFO - DAG(s) 'flights_ops_medallion_pipe' retrieved from /opt/airflow/dags/flight-pipeline.py
[2026-05-02T10:26:39.104+0000] {logging_mixin.py:188} INFO - [2026-05-02T10:26:39.103+0000] {dag.py:3089} INFO - Sync 1 DAGs
[2026-05-02T10:26:39.138+0000] {logging_mixin.py:188} INFO - [2026-05-02T10:26:39.138+0000] {dag.py:3947} INFO - Setting next_dagrun for flights_ops_medallion_pipe to 2026-05-02 10:00:00+00:00, run_after=2026-05-02 10:30:00+00:00
[2026-05-02T10:26:39.208+0000] {processor.py:183} INFO - Processing /opt/airflow/dags/flight-pipeline.py took 1.292 seconds
[2026-05-02T10:27:09.342+0000] {processor.py:161} INFO - Started process (PID=10807) to work on /opt/airflow/dags/flight-pipeline.py
[2026-05-02T10:27:09.347+0000] {processor.py:830} INFO - Processing file /opt/airflow/dags/flight-pipeline.py for tasks to queue
[2026-05-02T10:27:09.348+0000] {logging_mixin.py:188} INFO - [2026-05-02T10:27:09.348+0000] {dagbag.py:545} INFO - Filling up the DagBag from /opt/airflow/dags/flight-pipeline.py
[2026-05-02T10:27:10.383+0000] {processor.py:840} INFO - DAG(s) 'flights_ops_medallion_pipe' retrieved from /opt/airflow/dags/flight-pipeline.py
[2026-05-02T10:27:10.424+0000] {logging_mixin.py:188} INFO - [2026-05-02T10:27:10.423+0000] {dag.py:3089} INFO - Sync 1 DAGs
[2026-05-02T10:27:10.456+0000] {logging_mixin.py:188} INFO - [2026-05-02T10:27:10.456+0000] {dag.py:3947} INFO - Setting next_dagrun for flights_ops_medallion_pipe to 2026-05-02 10:00:00+00:00, run_after=2026-05-02 10:30:00+00:00
[2026-05-02T10:27:10.479+0000] {processor.py:183} INFO - Processing /opt/airflow/dags/flight-pipeline.py took 1.146 seconds
[2026-05-02T10:27:40.727+0000] {processor.py:161} INFO - Started process (PID=10810) to work on /opt/airflow/dags/flight-pipeline.py
[2026-05-02T10:27:40.733+0000] {processor.py:830} INFO - Processing file /opt/airflow/dags/flight-pipeline.py for tasks to queue
[2026-05-02T10:27:40.735+0000] {logging_mixin.py:188} INFO - [2026-05-02T10:27:40.734+0000] {dagbag.py:545} INFO - Filling up the DagBag from /opt/airflow/dags/flight-pipeline.py
[2026-05-02T10:27:41.990+0000] {processor.py:840} INFO - DAG(s) 'flights_ops_medallion_pipe' retrieved from /opt/airflow/dags/flight-pipeline.py
[2026-05-02T10:27:42.045+0000] {logging_mixin.py:188} INFO - [2026-05-02T10:27:42.045+0000] {dag.py:3089} INFO - Sync 1 DAGs
[2026-05-02T10:27:42.085+0000] {logging_mixin.py:188} INFO - [2026-05-02T10:27:42.084+0000] {dag.py:3947} INFO - Setting next_dagrun for flights_ops_medallion_pipe to 2026-05-02 10:00:00+00:00, run_after=2026-05-02 10:30:00+00:00
[2026-05-02T10:27:42.124+0000] {processor.py:183} INFO - Processing /opt/airflow/dags/flight-pipeline.py took 1.407 seconds
[2026-05-02T10:28:12.400+0000] {processor.py:161} INFO - Started process (PID=10813) to work on /opt/airflow/dags/flight-pipeline.py
[2026-05-02T10:28:12.413+0000] {processor.py:830} INFO - Processing file /opt/airflow/dags/flight-pipeline.py for tasks to queue
[2026-05-02T10:28:12.415+0000] {logging_mixin.py:188} INFO - [2026-05-02T10:28:12.414+0000] {dagbag.py:545} INFO - Filling up the DagBag from /opt/airflow/dags/flight-pipeline.py
[2026-05-02T10:28:13.711+0000] {processor.py:840} INFO - DAG(s) 'flights_ops_medallion_pipe' retrieved from /opt/airflow/dags/flight-pipeline.py
[2026-05-02T10:28:13.757+0000] {logging_mixin.py:188} INFO - [2026-05-02T10:28:13.756+0000] {dag.py:3089} INFO - Sync 1 DAGs
[2026-05-02T10:28:13.788+0000] {logging_mixin.py:188} INFO - [2026-05-02T10:28:13.787+0000] {dag.py:3947} INFO - Setting next_dagrun for flights_ops_medallion_pipe to 2026-05-02 10:00:00+00:00, run_after=2026-05-02 10:30:00+00:00
[2026-05-02T10:28:13.815+0000] {processor.py:183} INFO - Processing /opt/airflow/dags/flight-pipeline.py took 1.427 seconds
[2026-05-02T10:28:44.092+0000] {processor.py:161} INFO - Started process (PID=10816) to work on /opt/airflow/dags/flight-pipeline.py
[2026-05-02T10:28:44.097+0000] {processor.py:830} INFO - Processing file /opt/airflow/dags/flight-pipeline.py for tasks to queue
[2026-05-02T10:28:44.099+0000] {logging_mixin.py:188} INFO - [2026-05-02T10:28:44.098+0000] {dagbag.py:545} INFO - Filling up the DagBag from /opt/airflow/dags/flight-pipeline.py
[2026-05-02T10:28:45.215+0000] {processor.py:840} INFO - DAG(s) 'flights_ops_medallion_pipe' retrieved from /opt/airflow/dags/flight-pipeline.py
[2026-05-02T10:28:45.259+0000] {logging_mixin.py:188} INFO - [2026-05-02T10:28:45.258+0000] {dag.py:3089} INFO - Sync 1 DAGs
[2026-05-02T10:28:45.288+0000] {logging_mixin.py:188} INFO - [2026-05-02T10:28:45.287+0000] {dag.py:3947} INFO - Setting next_dagrun for flights_ops_medallion_pipe to 2026-05-02 10:00:00+00:00, run_after=2026-05-02 10:30:00+00:00
[2026-05-02T10:28:45.315+0000] {processor.py:183} INFO - Processing /opt/airflow/dags/flight-pipeline.py took 1.232 seconds
[2026-05-02T10:29:15.595+0000] {processor.py:161} INFO - Started process (PID=10819) to work on /opt/airflow/dags/flight-pipeline.py
[2026-05-02T10:29:15.615+0000] {processor.py:830} INFO - Processing file /opt/airflow/dags/flight-pipeline.py for tasks to queue
[2026-05-02T10:29:15.616+0000] {logging_mixin.py:188} INFO - [2026-05-02T10:29:15.616+0000] {dagbag.py:545} INFO - Filling up the DagBag from /opt/airflow/dags/flight-pipeline.py
[2026-05-02T10:29:16.686+0000] {processor.py:840} INFO - DAG(s) 'flights_ops_medallion_pipe' retrieved from /opt/airflow/dags/flight-pipeline.py
[2026-05-02T10:29:16.729+0000] {logging_mixin.py:188} INFO - [2026-05-02T10:29:16.729+0000] {dag.py:3089} INFO - Sync 1 DAGs
[2026-05-02T10:29:16.757+0000] {logging_mixin.py:188} INFO - [2026-05-02T10:29:16.757+0000] {dag.py:3947} INFO - Setting next_dagrun for flights_ops_medallion_pipe to 2026-05-02 10:00:00+00:00, run_after=2026-05-02 10:30:00+00:00
[2026-05-02T10:29:16.784+0000] {processor.py:183} INFO - Processing /opt/airflow/dags/flight-pipeline.py took 1.199 seconds
[2026-05-02T10:29:46.848+0000] {processor.py:161} INFO - Started process (PID=10822) to work on /opt/airflow/dags/flight-pipeline.py
[2026-05-02T10:29:46.853+0000] {processor.py:830} INFO - Processing file /opt/airflow/dags/flight-pipeline.py for tasks to queue
[2026-05-02T10:29:46.855+0000] {logging_mixin.py:188} INFO - [2026-05-02T10:29:46.854+0000] {dagbag.py:545} INFO - Filling up the DagBag from /opt/airflow/dags/flight-pipeline.py
[2026-05-02T10:29:47.938+0000] {processor.py:840} INFO - DAG(s) 'flights_ops_medallion_pipe' retrieved from /opt/airflow/dags/flight-pipeline.py
[2026-05-02T10:29:47.978+0000] {logging_mixin.py:188} INFO - [2026-05-02T10:29:47.977+0000] {dag.py:3089} INFO - Sync 1 DAGs
[2026-05-02T10:29:48.006+0000] {logging_mixin.py:188} INFO - [2026-05-02T10:29:48.006+0000] {dag.py:3947} INFO - Setting next_dagrun for flights_ops_medallion_pipe to 2026-05-02 10:00:00+00:00, run_after=2026-05-02 10:30:00+00:00
[2026-05-02T10:29:48.033+0000] {processor.py:183} INFO - Processing /opt/airflow/dags/flight-pipeline.py took 1.196 seconds
[2026-05-02T10:30:18.366+0000] {processor.py:161} INFO - Started process (PID=10837) to work on /opt/airflow/dags/flight-pipeline.py
[2026-05-02T10:30:18.390+0000] {processor.py:830} INFO - Processing file /opt/airflow/dags/flight-pipeline.py for tasks to queue
[2026-05-02T10:30:18.394+0000] {logging_mixin.py:188} INFO - [2026-05-02T10:30:18.393+0000] {dagbag.py:545} INFO - Filling up the DagBag from /opt/airflow/dags/flight-pipeline.py
[2026-05-02T10:30:22.093+0000] {processor.py:840} INFO - DAG(s) 'flights_ops_medallion_pipe' retrieved from /opt/airflow/dags/flight-pipeline.py
[2026-05-02T10:30:22.218+0000] {logging_mixin.py:188} INFO - [2026-05-02T10:30:22.216+0000] {dag.py:3089} INFO - Sync 1 DAGs
[2026-05-02T10:30:22.306+0000] {logging_mixin.py:188} INFO - [2026-05-02T10:30:22.305+0000] {dag.py:3947} INFO - Setting next_dagrun for flights_ops_medallion_pipe to 2026-05-02 10:30:00+00:00, run_after=2026-05-02 11:00:00+00:00
[2026-05-02T10:30:22.375+0000] {processor.py:183} INFO - Processing /opt/airflow/dags/flight-pipeline.py took 4.043 seconds
[2026-05-02T10:30:52.762+0000] {processor.py:161} INFO - Started process (PID=10850) to work on /opt/airflow/dags/flight-pipeline.py
[2026-05-02T10:30:52.867+0000] {processor.py:830} INFO - Processing file /opt/airflow/dags/flight-pipeline.py for tasks to queue
[2026-05-02T10:30:52.981+0000] {logging_mixin.py:188} INFO - [2026-05-02T10:30:52.956+0000] {dagbag.py:545} INFO - Filling up the DagBag from /opt/airflow/dags/flight-pipeline.py
[2026-05-02T10:31:15.816+0000] {processor.py:840} INFO - DAG(s) 'flights_ops_medallion_pipe' retrieved from /opt/airflow/dags/flight-pipeline.py
[2026-05-02T10:31:16.316+0000] {logging_mixin.py:188} INFO - [2026-05-02T10:31:16.312+0000] {dag.py:3089} INFO - Sync 1 DAGs
[2026-05-02T10:31:16.631+0000] {logging_mixin.py:188} INFO - [2026-05-02T10:31:16.628+0000] {dag.py:3947} INFO - Setting next_dagrun for flights_ops_medallion_pipe to 2026-05-02 10:30:00+00:00, run_after=2026-05-02 11:00:00+00:00
[2026-05-02T10:31:16.854+0000] {processor.py:183} INFO - Processing /opt/airflow/dags/flight-pipeline.py took 24.207 seconds
[2026-05-02T10:31:47.519+0000] {processor.py:161} INFO - Started process (PID=10854) to work on /opt/airflow/dags/flight-pipeline.py
[2026-05-02T10:31:47.568+0000] {processor.py:830} INFO - Processing file /opt/airflow/dags/flight-pipeline.py for tasks to queue
[2026-05-02T10:31:47.580+0000] {logging_mixin.py:188} INFO - [2026-05-02T10:31:47.576+0000] {dagbag.py:545} INFO - Filling up the DagBag from /opt/airflow/dags/flight-pipeline.py
[2026-05-02T10:32:06.797+0000] {processor.py:840} INFO - DAG(s) 'flights_ops_medallion_pipe' retrieved from /opt/airflow/dags/flight-pipeline.py
[2026-05-02T10:32:07.428+0000] {logging_mixin.py:188} INFO - [2026-05-02T10:32:07.417+0000] {dag.py:3089} INFO - Sync 1 DAGs
[2026-05-02T10:32:07.845+0000] {logging_mixin.py:188} INFO - [2026-05-02T10:32:07.842+0000] {dag.py:3947} INFO - Setting next_dagrun for flights_ops_medallion_pipe to 2026-05-02 10:30:00+00:00, run_after=2026-05-02 11:00:00+00:00
[2026-05-02T10:32:08.148+0000] {processor.py:183} INFO - Processing /opt/airflow/dags/flight-pipeline.py took 20.879 seconds
[2026-05-02T10:32:39.498+0000] {processor.py:161} INFO - Started process (PID=10867) to work on /opt/airflow/dags/flight-pipeline.py
[2026-05-02T10:32:39.564+0000] {processor.py:830} INFO - Processing file /opt/airflow/dags/flight-pipeline.py for tasks to queue
[2026-05-02T10:32:39.580+0000] {logging_mixin.py:188} INFO - [2026-05-02T10:32:39.573+0000] {dagbag.py:545} INFO - Filling up the DagBag from /opt/airflow/dags/flight-pipeline.py
[2026-05-02T10:32:58.155+0000] {processor.py:840} INFO - DAG(s) 'flights_ops_medallion_pipe' retrieved from /opt/airflow/dags/flight-pipeline.py
[2026-05-02T10:32:58.597+0000] {logging_mixin.py:188} INFO - [2026-05-02T10:32:58.589+0000] {dag.py:3089} INFO - Sync 1 DAGs
[2026-05-02T10:32:58.967+0000] {logging_mixin.py:188} INFO - [2026-05-02T10:32:58.965+0000] {dag.py:3947} INFO - Setting next_dagrun for flights_ops_medallion_pipe to 2026-05-02 10:30:00+00:00, run_after=2026-05-02 11:00:00+00:00
[2026-05-02T10:32:59.216+0000] {processor.py:183} INFO - Processing /opt/airflow/dags/flight-pipeline.py took 19.843 seconds
[2026-05-02T10:33:30.252+0000] {processor.py:161} INFO - Started process (PID=10871) to work on /opt/airflow/dags/flight-pipeline.py
[2026-05-02T10:33:30.320+0000] {processor.py:830} INFO - Processing file /opt/airflow/dags/flight-pipeline.py for tasks to queue
[2026-05-02T10:33:30.349+0000] {logging_mixin.py:188} INFO - [2026-05-02T10:33:30.339+0000] {dagbag.py:545} INFO - Filling up the DagBag from /opt/airflow/dags/flight-pipeline.py
[2026-05-02T10:33:48.131+0000] {processor.py:840} INFO - DAG(s) 'flights_ops_medallion_pipe' retrieved from /opt/airflow/dags/flight-pipeline.py
[2026-05-02T10:33:48.786+0000] {logging_mixin.py:188} INFO - [2026-05-02T10:33:48.782+0000] {dag.py:3089} INFO - Sync 1 DAGs
[2026-05-02T10:33:49.190+0000] {logging_mixin.py:188} INFO - [2026-05-02T10:33:49.188+0000] {dag.py:3947} INFO - Setting next_dagrun for flights_ops_medallion_pipe to 2026-05-02 10:30:00+00:00, run_after=2026-05-02 11:00:00+00:00
[2026-05-02T10:33:49.514+0000] {processor.py:183} INFO - Processing /opt/airflow/dags/flight-pipeline.py took 19.626 seconds
[2026-05-02T10:34:20.407+0000] {processor.py:161} INFO - Started process (PID=10884) to work on /opt/airflow/dags/flight-pipeline.py
[2026-05-02T10:34:20.472+0000] {processor.py:830} INFO - Processing file /opt/airflow/dags/flight-pipeline.py for tasks to queue
[2026-05-02T10:34:20.489+0000] {logging_mixin.py:188} INFO - [2026-05-02T10:34:20.483+0000] {dagbag.py:545} INFO - Filling up the DagBag from /opt/airflow/dags/flight-pipeline.py
[2026-05-02T10:50:54.136+0000] {logging_mixin.py:188} INFO - [2026-05-02T10:50:54.114+0000] {timeout.py:68} ERROR - Process timed out, PID: 10884
[2026-05-02T10:51:28.580+0000] {processor.py:161} INFO - Started process (PID=10887) to work on /opt/airflow/dags/flight-pipeline.py
[2026-05-02T10:51:28.647+0000] {processor.py:830} INFO - Processing file /opt/airflow/dags/flight-pipeline.py for tasks to queue
[2026-05-02T10:51:28.790+0000] {logging_mixin.py:188} INFO - [2026-05-02T10:51:28.682+0000] {dagbag.py:545} INFO - Filling up the DagBag from /opt/airflow/dags/flight-pipeline.py
[2026-05-02T10:52:01.443+0000] {logging_mixin.py:188} INFO - [2026-05-02T10:52:01.430+0000] {timeout.py:68} ERROR - Process timed out, PID: 10887
[2026-05-02T10:52:01.455+0000] {logging_mixin.py:188} WARNING - Exception ignored in: <function WeakKeyDictionary.__init__.<locals>.remove at 0x7f5b138527a0>
[2026-05-02T10:52:01.461+0000] {logging_mixin.py:188} WARNING - Traceback (most recent call last):
[2026-05-02T10:52:01.468+0000] {logging_mixin.py:188} WARNING -   File "/usr/local/lib/python3.12/weakref.py", line 369, in remove
[2026-05-02T10:52:01.476+0000] {logging_mixin.py:188} WARNING -     def remove(k, selfref=ref(self)):
[2026-05-02T10:52:01.484+0000] {logging_mixin.py:188} WARNING -   File "/home/airflow/.local/lib/python3.12/site-packages/airflow/utils/timeout.py", line 69, in handle_timeout
[2026-05-02T10:52:01.498+0000] {logging_mixin.py:188} WARNING -     raise AirflowTaskTimeout(self.error_message)
[2026-05-02T10:52:01.504+0000] {logging_mixin.py:188} WARNING - airflow.exceptions.AirflowTaskTimeout: DagBag import timeout for /opt/airflow/dags/flight-pipeline.py after 30.0s.
Please take a look at these docs to improve your DAG import time:
* https://airflow.apache.org/docs/apache-airflow/2.9.3/best-practices.html#top-level-python-code
* https://airflow.apache.org/docs/apache-airflow/2.9.3/best-practices.html#reducing-dag-complexity, PID: 10887
[2026-05-02T10:52:03.309+0000] {processor.py:840} INFO - DAG(s) 'flights_ops_medallion_pipe' retrieved from /opt/airflow/dags/flight-pipeline.py
[2026-05-02T10:52:04.468+0000] {logging_mixin.py:188} INFO - [2026-05-02T10:52:04.464+0000] {dag.py:3089} INFO - Sync 1 DAGs
[2026-05-02T10:52:04.673+0000] {logging_mixin.py:188} INFO - [2026-05-02T10:52:04.671+0000] {dag.py:3947} INFO - Setting next_dagrun for flights_ops_medallion_pipe to 2026-05-02 10:30:00+00:00, run_after=2026-05-02 11:00:00+00:00
[2026-05-02T10:52:05.574+0000] {processor.py:183} INFO - Processing /opt/airflow/dags/flight-pipeline.py took 37.588 seconds
[2026-05-02T10:52:36.243+0000] {processor.py:161} INFO - Started process (PID=10890) to work on /opt/airflow/dags/flight-pipeline.py
[2026-05-02T10:52:36.253+0000] {processor.py:830} INFO - Processing file /opt/airflow/dags/flight-pipeline.py for tasks to queue
[2026-05-02T10:52:36.257+0000] {logging_mixin.py:188} INFO - [2026-05-02T10:52:36.256+0000] {dagbag.py:545} INFO - Filling up the DagBag from /opt/airflow/dags/flight-pipeline.py
[2026-05-02T10:52:39.304+0000] {processor.py:840} INFO - DAG(s) 'flights_ops_medallion_pipe' retrieved from /opt/airflow/dags/flight-pipeline.py
[2026-05-02T10:52:39.415+0000] {logging_mixin.py:188} INFO - [2026-05-02T10:52:39.414+0000] {dag.py:3089} INFO - Sync 1 DAGs
[2026-05-02T10:52:39.479+0000] {logging_mixin.py:188} INFO - [2026-05-02T10:52:39.479+0000] {dag.py:3947} INFO - Setting next_dagrun for flights_ops_medallion_pipe to 2026-05-02 10:30:00+00:00, run_after=2026-05-02 11:00:00+00:00
[2026-05-02T10:52:39.531+0000] {processor.py:183} INFO - Processing /opt/airflow/dags/flight-pipeline.py took 3.319 seconds
[2026-05-02T11:10:10.903+0000] {processor.py:161} INFO - Started process (PID=10893) to work on /opt/airflow/dags/flight-pipeline.py
[2026-05-02T11:10:10.910+0000] {processor.py:830} INFO - Processing file /opt/airflow/dags/flight-pipeline.py for tasks to queue
[2026-05-02T11:10:10.913+0000] {logging_mixin.py:188} INFO - [2026-05-02T11:10:10.912+0000] {dagbag.py:545} INFO - Filling up the DagBag from /opt/airflow/dags/flight-pipeline.py
[2026-05-02T11:10:15.884+0000] {processor.py:840} INFO - DAG(s) 'flights_ops_medallion_pipe' retrieved from /opt/airflow/dags/flight-pipeline.py
[2026-05-02T11:10:15.994+0000] {logging_mixin.py:188} INFO - [2026-05-02T11:10:15.992+0000] {dag.py:3089} INFO - Sync 1 DAGs
[2026-05-02T11:10:16.051+0000] {logging_mixin.py:188} INFO - [2026-05-02T11:10:16.050+0000] {dag.py:3947} INFO - Setting next_dagrun for flights_ops_medallion_pipe to 2026-05-02 11:00:00+00:00, run_after=2026-05-02 11:30:00+00:00
[2026-05-02T11:10:16.095+0000] {processor.py:183} INFO - Processing /opt/airflow/dags/flight-pipeline.py took 5.238 seconds
[2026-05-02T11:10:47.146+0000] {processor.py:161} INFO - Started process (PID=10905) to work on /opt/airflow/dags/flight-pipeline.py
[2026-05-02T11:10:47.192+0000] {processor.py:830} INFO - Processing file /opt/airflow/dags/flight-pipeline.py for tasks to queue
[2026-05-02T11:10:47.218+0000] {logging_mixin.py:188} INFO - [2026-05-02T11:10:47.209+0000] {dagbag.py:545} INFO - Filling up the DagBag from /opt/airflow/dags/flight-pipeline.py
[2026-05-02T11:11:06.300+0000] {processor.py:840} INFO - DAG(s) 'flights_ops_medallion_pipe' retrieved from /opt/airflow/dags/flight-pipeline.py
[2026-05-02T11:11:06.964+0000] {logging_mixin.py:188} INFO - [2026-05-02T11:11:06.956+0000] {dag.py:3089} INFO - Sync 1 DAGs
[2026-05-02T11:11:07.397+0000] {logging_mixin.py:188} INFO - [2026-05-02T11:11:07.392+0000] {dag.py:3947} INFO - Setting next_dagrun for flights_ops_medallion_pipe to 2026-05-02 11:00:00+00:00, run_after=2026-05-02 11:30:00+00:00
[2026-05-02T11:11:07.702+0000] {processor.py:183} INFO - Processing /opt/airflow/dags/flight-pipeline.py took 20.842 seconds
[2026-05-02T11:11:38.723+0000] {processor.py:161} INFO - Started process (PID=10922) to work on /opt/airflow/dags/flight-pipeline.py
[2026-05-02T11:11:38.731+0000] {processor.py:830} INFO - Processing file /opt/airflow/dags/flight-pipeline.py for tasks to queue
[2026-05-02T11:11:38.735+0000] {logging_mixin.py:188} INFO - [2026-05-02T11:11:38.734+0000] {dagbag.py:545} INFO - Filling up the DagBag from /opt/airflow/dags/flight-pipeline.py
[2026-05-02T11:11:40.090+0000] {processor.py:840} INFO - DAG(s) 'flights_ops_medallion_pipe' retrieved from /opt/airflow/dags/flight-pipeline.py
[2026-05-02T11:11:40.178+0000] {logging_mixin.py:188} INFO - [2026-05-02T11:11:40.177+0000] {dag.py:3089} INFO - Sync 1 DAGs
[2026-05-02T11:11:40.303+0000] {logging_mixin.py:188} INFO - [2026-05-02T11:11:40.302+0000] {dag.py:3947} INFO - Setting next_dagrun for flights_ops_medallion_pipe to 2026-05-02 11:00:00+00:00, run_after=2026-05-02 11:30:00+00:00
[2026-05-02T11:11:40.344+0000] {processor.py:183} INFO - Processing /opt/airflow/dags/flight-pipeline.py took 1.643 seconds
[2026-05-02T11:12:11.247+0000] {processor.py:161} INFO - Started process (PID=10946) to work on /opt/airflow/dags/flight-pipeline.py
[2026-05-02T11:12:11.427+0000] {processor.py:830} INFO - Processing file /opt/airflow/dags/flight-pipeline.py for tasks to queue
[2026-05-02T11:12:11.458+0000] {logging_mixin.py:188} INFO - [2026-05-02T11:12:11.454+0000] {dagbag.py:545} INFO - Filling up the DagBag from /opt/airflow/dags/flight-pipeline.py
[2026-05-02T11:30:04.456+0000] {processor.py:161} INFO - Started process (PID=10950) to work on /opt/airflow/dags/flight-pipeline.py
[2026-05-02T11:30:04.539+0000] {processor.py:830} INFO - Processing file /opt/airflow/dags/flight-pipeline.py for tasks to queue
[2026-05-02T11:30:04.603+0000] {logging_mixin.py:188} INFO - [2026-05-02T11:30:04.559+0000] {dagbag.py:545} INFO - Filling up the DagBag from /opt/airflow/dags/flight-pipeline.py
[2026-05-02T11:30:28.911+0000] {processor.py:840} INFO - DAG(s) 'flights_ops_medallion_pipe' retrieved from /opt/airflow/dags/flight-pipeline.py
[2026-05-02T11:30:29.601+0000] {logging_mixin.py:188} INFO - [2026-05-02T11:30:29.597+0000] {dag.py:3089} INFO - Sync 1 DAGs
[2026-05-02T11:30:30.116+0000] {logging_mixin.py:188} INFO - [2026-05-02T11:30:30.111+0000] {dag.py:3947} INFO - Setting next_dagrun for flights_ops_medallion_pipe to 2026-05-02 11:00:00+00:00, run_after=2026-05-02 11:30:00+00:00
[2026-05-02T11:30:30.400+0000] {processor.py:183} INFO - Processing /opt/airflow/dags/flight-pipeline.py took 26.203 seconds
[2026-05-02T11:46:23.366+0000] {processor.py:161} INFO - Started process (PID=10965) to work on /opt/airflow/dags/flight-pipeline.py
[2026-05-02T11:46:23.373+0000] {processor.py:830} INFO - Processing file /opt/airflow/dags/flight-pipeline.py for tasks to queue
[2026-05-02T11:46:23.375+0000] {logging_mixin.py:188} INFO - [2026-05-02T11:46:23.374+0000] {dagbag.py:545} INFO - Filling up the DagBag from /opt/airflow/dags/flight-pipeline.py
[2026-05-02T11:46:24.846+0000] {processor.py:840} INFO - DAG(s) 'flights_ops_medallion_pipe' retrieved from /opt/airflow/dags/flight-pipeline.py
[2026-05-02T11:46:24.883+0000] {logging_mixin.py:188} INFO - [2026-05-02T11:46:24.883+0000] {dag.py:3089} INFO - Sync 1 DAGs
[2026-05-02T11:46:24.905+0000] {logging_mixin.py:188} INFO - [2026-05-02T11:46:24.905+0000] {dag.py:3947} INFO - Setting next_dagrun for flights_ops_medallion_pipe to 2026-05-02 11:30:00+00:00, run_after=2026-05-02 12:00:00+00:00
[2026-05-02T11:46:24.924+0000] {processor.py:183} INFO - Processing /opt/airflow/dags/flight-pipeline.py took 1.578 seconds
[2026-05-02T11:46:58.347+0000] {processor.py:161} INFO - Started process (PID=10980) to work on /opt/airflow/dags/flight-pipeline.py
[2026-05-02T11:46:58.780+0000] {processor.py:830} INFO - Processing file /opt/airflow/dags/flight-pipeline.py for tasks to queue
[2026-05-02T11:46:58.841+0000] {logging_mixin.py:188} INFO - [2026-05-02T11:46:58.809+0000] {dagbag.py:545} INFO - Filling up the DagBag from /opt/airflow/dags/flight-pipeline.py
[2026-05-02T11:47:29.151+0000] {logging_mixin.py:188} INFO - [2026-05-02T11:47:29.037+0000] {timeout.py:68} ERROR - Process timed out, PID: 10980
[2026-05-02T11:58:44.411+0000] {processor.py:161} INFO - Started process (PID=10982) to work on /opt/airflow/dags/flight-pipeline.py
[2026-05-02T11:58:44.431+0000] {processor.py:830} INFO - Processing file /opt/airflow/dags/flight-pipeline.py for tasks to queue
[2026-05-02T11:58:44.440+0000] {logging_mixin.py:188} INFO - [2026-05-02T11:58:44.439+0000] {dagbag.py:545} INFO - Filling up the DagBag from /opt/airflow/dags/flight-pipeline.py
[2026-05-02T11:58:47.773+0000] {processor.py:840} INFO - DAG(s) 'flights_ops_medallion_pipe' retrieved from /opt/airflow/dags/flight-pipeline.py
[2026-05-02T11:58:48.086+0000] {logging_mixin.py:188} INFO - [2026-05-02T11:58:48.086+0000] {dag.py:3089} INFO - Sync 1 DAGs
[2026-05-02T11:58:48.140+0000] {logging_mixin.py:188} INFO - [2026-05-02T11:58:48.140+0000] {dag.py:3947} INFO - Setting next_dagrun for flights_ops_medallion_pipe to 2026-05-02 11:30:00+00:00, run_after=2026-05-02 12:00:00+00:00
[2026-05-02T11:58:48.195+0000] {processor.py:183} INFO - Processing /opt/airflow/dags/flight-pipeline.py took 3.808 seconds
[2026-05-02T11:59:19.081+0000] {processor.py:161} INFO - Started process (PID=10996) to work on /opt/airflow/dags/flight-pipeline.py
[2026-05-02T11:59:19.142+0000] {processor.py:830} INFO - Processing file /opt/airflow/dags/flight-pipeline.py for tasks to queue
[2026-05-02T11:59:19.169+0000] {logging_mixin.py:188} INFO - [2026-05-02T11:59:19.155+0000] {dagbag.py:545} INFO - Filling up the DagBag from /opt/airflow/dags/flight-pipeline.py
[2026-05-02T11:59:46.034+0000] {processor.py:840} INFO - DAG(s) 'flights_ops_medallion_pipe' retrieved from /opt/airflow/dags/flight-pipeline.py
[2026-05-02T11:59:46.630+0000] {logging_mixin.py:188} INFO - [2026-05-02T11:59:46.625+0000] {dag.py:3089} INFO - Sync 1 DAGs
[2026-05-02T11:59:47.156+0000] {logging_mixin.py:188} INFO - [2026-05-02T11:59:47.152+0000] {dag.py:3947} INFO - Setting next_dagrun for flights_ops_medallion_pipe to 2026-05-02 11:30:00+00:00, run_after=2026-05-02 12:00:00+00:00
[2026-05-02T11:59:47.478+0000] {processor.py:183} INFO - Processing /opt/airflow/dags/flight-pipeline.py took 28.844 seconds
[2026-05-02T12:15:57.133+0000] {processor.py:161} INFO - Started process (PID=11000) to work on /opt/airflow/dags/flight-pipeline.py
[2026-05-02T12:15:57.145+0000] {processor.py:830} INFO - Processing file /opt/airflow/dags/flight-pipeline.py for tasks to queue
[2026-05-02T12:15:57.148+0000] {logging_mixin.py:188} INFO - [2026-05-02T12:15:57.147+0000] {dagbag.py:545} INFO - Filling up the DagBag from /opt/airflow/dags/flight-pipeline.py
[2026-05-02T12:15:59.726+0000] {processor.py:840} INFO - DAG(s) 'flights_ops_medallion_pipe' retrieved from /opt/airflow/dags/flight-pipeline.py
[2026-05-02T12:15:59.817+0000] {logging_mixin.py:188} INFO - [2026-05-02T12:15:59.817+0000] {dag.py:3089} INFO - Sync 1 DAGs
[2026-05-02T12:15:59.875+0000] {logging_mixin.py:188} INFO - [2026-05-02T12:15:59.875+0000] {dag.py:3947} INFO - Setting next_dagrun for flights_ops_medallion_pipe to 2026-05-02 11:30:00+00:00, run_after=2026-05-02 12:00:00+00:00
[2026-05-02T12:15:59.917+0000] {processor.py:183} INFO - Processing /opt/airflow/dags/flight-pipeline.py took 2.836 seconds
[2026-05-02T12:16:30.420+0000] {processor.py:161} INFO - Started process (PID=11013) to work on /opt/airflow/dags/flight-pipeline.py
[2026-05-02T12:16:30.476+0000] {processor.py:830} INFO - Processing file /opt/airflow/dags/flight-pipeline.py for tasks to queue
[2026-05-02T12:16:30.494+0000] {logging_mixin.py:188} INFO - [2026-05-02T12:16:30.487+0000] {dagbag.py:545} INFO - Filling up the DagBag from /opt/airflow/dags/flight-pipeline.py
[2026-05-02T12:16:54.533+0000] {processor.py:840} INFO - DAG(s) 'flights_ops_medallion_pipe' retrieved from /opt/airflow/dags/flight-pipeline.py
[2026-05-02T12:16:56.110+0000] {logging_mixin.py:188} INFO - [2026-05-02T12:16:56.066+0000] {dag.py:3089} INFO - Sync 1 DAGs
[2026-05-02T12:16:57.577+0000] {logging_mixin.py:188} INFO - [2026-05-02T12:16:57.572+0000] {dag.py:3947} INFO - Setting next_dagrun for flights_ops_medallion_pipe to 2026-05-02 11:30:00+00:00, run_after=2026-05-02 12:00:00+00:00
[2026-05-02T12:16:58.231+0000] {processor.py:183} INFO - Processing /opt/airflow/dags/flight-pipeline.py took 28.000 seconds
[2026-05-02T12:32:20.984+0000] {processor.py:161} INFO - Started process (PID=11016) to work on /opt/airflow/dags/flight-pipeline.py
[2026-05-02T12:32:20.986+0000] {processor.py:830} INFO - Processing file /opt/airflow/dags/flight-pipeline.py for tasks to queue
[2026-05-02T12:32:20.992+0000] {logging_mixin.py:188} INFO - [2026-05-02T12:32:20.989+0000] {dagbag.py:545} INFO - Filling up the DagBag from /opt/airflow/dags/flight-pipeline.py
[2026-05-02T12:32:23.481+0000] {processor.py:840} INFO - DAG(s) 'flights_ops_medallion_pipe' retrieved from /opt/airflow/dags/flight-pipeline.py
[2026-05-02T12:32:23.684+0000] {logging_mixin.py:188} INFO - [2026-05-02T12:32:23.683+0000] {dag.py:3089} INFO - Sync 1 DAGs
[2026-05-02T12:32:23.750+0000] {logging_mixin.py:188} INFO - [2026-05-02T12:32:23.742+0000] {dag.py:3947} INFO - Setting next_dagrun for flights_ops_medallion_pipe to 2026-05-02 12:00:00+00:00, run_after=2026-05-02 12:30:00+00:00
[2026-05-02T12:32:23.845+0000] {processor.py:183} INFO - Processing /opt/airflow/dags/flight-pipeline.py took 2.905 seconds
[2026-05-02T12:32:54.470+0000] {processor.py:161} INFO - Started process (PID=11019) to work on /opt/airflow/dags/flight-pipeline.py
[2026-05-02T12:32:54.545+0000] {processor.py:830} INFO - Processing file /opt/airflow/dags/flight-pipeline.py for tasks to queue
[2026-05-02T12:32:54.572+0000] {logging_mixin.py:188} INFO - [2026-05-02T12:32:54.563+0000] {dagbag.py:545} INFO - Filling up the DagBag from /opt/airflow/dags/flight-pipeline.py
[2026-05-02T12:50:08.643+0000] {processor.py:161} INFO - Started process (PID=11035) to work on /opt/airflow/dags/flight-pipeline.py
[2026-05-02T12:50:08.771+0000] {processor.py:830} INFO - Processing file /opt/airflow/dags/flight-pipeline.py for tasks to queue
[2026-05-02T12:50:08.808+0000] {logging_mixin.py:188} INFO - [2026-05-02T12:50:08.795+0000] {dagbag.py:545} INFO - Filling up the DagBag from /opt/airflow/dags/flight-pipeline.py
[2026-05-02T12:50:38.952+0000] {logging_mixin.py:188} INFO - [2026-05-02T12:50:38.897+0000] {timeout.py:68} ERROR - Process timed out, PID: 11035
[2026-05-02T13:06:33.993+0000] {processor.py:161} INFO - Started process (PID=11037) to work on /opt/airflow/dags/flight-pipeline.py
[2026-05-02T13:06:34.015+0000] {processor.py:830} INFO - Processing file /opt/airflow/dags/flight-pipeline.py for tasks to queue
[2026-05-02T13:06:34.025+0000] {logging_mixin.py:188} INFO - [2026-05-02T13:06:34.022+0000] {dagbag.py:545} INFO - Filling up the DagBag from /opt/airflow/dags/flight-pipeline.py
[2026-05-02T13:06:39.965+0000] {processor.py:840} INFO - DAG(s) 'flights_ops_medallion_pipe' retrieved from /opt/airflow/dags/flight-pipeline.py
[2026-05-02T13:06:40.289+0000] {logging_mixin.py:188} INFO - [2026-05-02T13:06:40.288+0000] {dag.py:3089} INFO - Sync 1 DAGs
[2026-05-02T13:06:40.346+0000] {logging_mixin.py:188} INFO - [2026-05-02T13:06:40.345+0000] {dag.py:3947} INFO - Setting next_dagrun for flights_ops_medallion_pipe to 2026-05-02 12:30:00+00:00, run_after=2026-05-02 13:00:00+00:00
[2026-05-02T13:06:40.391+0000] {processor.py:183} INFO - Processing /opt/airflow/dags/flight-pipeline.py took 6.738 seconds
[2026-05-02T13:07:11.891+0000] {processor.py:161} INFO - Started process (PID=11051) to work on /opt/airflow/dags/flight-pipeline.py
[2026-05-02T13:07:11.997+0000] {processor.py:830} INFO - Processing file /opt/airflow/dags/flight-pipeline.py for tasks to queue
[2026-05-02T13:07:12.150+0000] {logging_mixin.py:188} INFO - [2026-05-02T13:07:12.062+0000] {dagbag.py:545} INFO - Filling up the DagBag from /opt/airflow/dags/flight-pipeline.py
[2026-05-02T13:07:31.069+0000] {processor.py:840} INFO - DAG(s) 'flights_ops_medallion_pipe' retrieved from /opt/airflow/dags/flight-pipeline.py
[2026-05-02T13:07:32.451+0000] {logging_mixin.py:188} INFO - [2026-05-02T13:07:32.428+0000] {dag.py:3089} INFO - Sync 1 DAGs
[2026-05-02T13:07:33.587+0000] {logging_mixin.py:188} INFO - [2026-05-02T13:07:33.582+0000] {dag.py:3947} INFO - Setting next_dagrun for flights_ops_medallion_pipe to 2026-05-02 13:00:00+00:00, run_after=2026-05-02 13:30:00+00:00
[2026-05-02T13:07:34.001+0000] {processor.py:183} INFO - Processing /opt/airflow/dags/flight-pipeline.py took 22.416 seconds
[2026-05-02T13:23:59.075+0000] {processor.py:161} INFO - Started process (PID=11063) to work on /opt/airflow/dags/flight-pipeline.py
[2026-05-02T13:23:59.080+0000] {processor.py:830} INFO - Processing file /opt/airflow/dags/flight-pipeline.py for tasks to queue
[2026-05-02T13:23:59.122+0000] {logging_mixin.py:188} INFO - [2026-05-02T13:23:59.117+0000] {dagbag.py:545} INFO - Filling up the DagBag from /opt/airflow/dags/flight-pipeline.py
[2026-05-02T13:24:21.457+0000] {processor.py:840} INFO - DAG(s) 'flights_ops_medallion_pipe' retrieved from /opt/airflow/dags/flight-pipeline.py
[2026-05-02T13:24:21.557+0000] {logging_mixin.py:188} INFO - [2026-05-02T13:24:21.556+0000] {dag.py:3089} INFO - Sync 1 DAGs
[2026-05-02T13:24:21.624+0000] {logging_mixin.py:188} INFO - [2026-05-02T13:24:21.623+0000] {dag.py:3947} INFO - Setting next_dagrun for flights_ops_medallion_pipe to 2026-05-02 13:00:00+00:00, run_after=2026-05-02 13:30:00+00:00
[2026-05-02T13:24:21.683+0000] {processor.py:183} INFO - Processing /opt/airflow/dags/flight-pipeline.py took 22.627 seconds
[2026-05-02T13:54:48.323+0000] {processor.py:161} INFO - Started process (PID=11090) to work on /opt/airflow/dags/flight-pipeline.py
[2026-05-02T13:54:48.350+0000] {processor.py:830} INFO - Processing file /opt/airflow/dags/flight-pipeline.py for tasks to queue
[2026-05-02T13:54:48.355+0000] {logging_mixin.py:188} INFO - [2026-05-02T13:54:48.353+0000] {dagbag.py:545} INFO - Filling up the DagBag from /opt/airflow/dags/flight-pipeline.py
[2026-05-02T13:54:52.421+0000] {processor.py:840} INFO - DAG(s) 'flights_ops_medallion_pipe' retrieved from /opt/airflow/dags/flight-pipeline.py
[2026-05-02T13:54:52.498+0000] {logging_mixin.py:188} INFO - [2026-05-02T13:54:52.497+0000] {dag.py:3089} INFO - Sync 1 DAGs
[2026-05-02T13:54:52.543+0000] {logging_mixin.py:188} INFO - [2026-05-02T13:54:52.543+0000] {dag.py:3947} INFO - Setting next_dagrun for flights_ops_medallion_pipe to 2026-05-02 13:00:00+00:00, run_after=2026-05-02 13:30:00+00:00
[2026-05-02T13:54:52.581+0000] {processor.py:183} INFO - Processing /opt/airflow/dags/flight-pipeline.py took 4.394 seconds
[2026-05-02T13:55:25.187+0000] {processor.py:161} INFO - Started process (PID=11094) to work on /opt/airflow/dags/flight-pipeline.py
[2026-05-02T13:55:25.286+0000] {processor.py:830} INFO - Processing file /opt/airflow/dags/flight-pipeline.py for tasks to queue
[2026-05-02T13:55:25.432+0000] {logging_mixin.py:188} INFO - [2026-05-02T13:55:25.361+0000] {dagbag.py:545} INFO - Filling up the DagBag from /opt/airflow/dags/flight-pipeline.py
[2026-05-02T13:55:56.365+0000] {logging_mixin.py:188} INFO - [2026-05-02T13:55:56.350+0000] {timeout.py:68} ERROR - Process timed out, PID: 11094
[2026-05-02T13:55:56.371+0000] {logging_mixin.py:188} WARNING - Exception ignored in: <function WeakKeyDictionary.__init__.<locals>.remove at 0x7f5b138527a0>
[2026-05-02T13:55:56.376+0000] {logging_mixin.py:188} WARNING - Traceback (most recent call last):
[2026-05-02T13:55:56.382+0000] {logging_mixin.py:188} WARNING -   File "/usr/local/lib/python3.12/weakref.py", line 369, in remove
[2026-05-02T13:55:56.389+0000] {logging_mixin.py:188} WARNING -     def remove(k, selfref=ref(self)):
[2026-05-02T13:55:56.393+0000] {logging_mixin.py:188} WARNING -   File "/home/airflow/.local/lib/python3.12/site-packages/airflow/utils/timeout.py", line 69, in handle_timeout
[2026-05-02T13:55:56.402+0000] {logging_mixin.py:188} WARNING -     raise AirflowTaskTimeout(self.error_message)
[2026-05-02T13:55:56.412+0000] {logging_mixin.py:188} WARNING - airflow.exceptions.AirflowTaskTimeout: DagBag import timeout for /opt/airflow/dags/flight-pipeline.py after 30.0s.
Please take a look at these docs to improve your DAG import time:
* https://airflow.apache.org/docs/apache-airflow/2.9.3/best-practices.html#top-level-python-code
* https://airflow.apache.org/docs/apache-airflow/2.9.3/best-practices.html#reducing-dag-complexity, PID: 11094
[2026-05-02T13:55:57.075+0000] {processor.py:840} INFO - DAG(s) 'flights_ops_medallion_pipe' retrieved from /opt/airflow/dags/flight-pipeline.py
[2026-05-02T13:55:57.279+0000] {logging_mixin.py:188} INFO - [2026-05-02T13:55:57.276+0000] {dag.py:3089} INFO - Sync 1 DAGs
[2026-05-02T13:55:57.433+0000] {logging_mixin.py:188} INFO - [2026-05-02T13:55:57.431+0000] {dag.py:3947} INFO - Setting next_dagrun for flights_ops_medallion_pipe to 2026-05-02 13:00:00+00:00, run_after=2026-05-02 13:30:00+00:00
[2026-05-02T13:55:57.534+0000] {processor.py:183} INFO - Processing /opt/airflow/dags/flight-pipeline.py took 33.435 seconds
[2026-05-02T13:56:27.992+0000] {processor.py:161} INFO - Started process (PID=11107) to work on /opt/airflow/dags/flight-pipeline.py
[2026-05-02T13:56:28.020+0000] {processor.py:830} INFO - Processing file /opt/airflow/dags/flight-pipeline.py for tasks to queue
[2026-05-02T13:56:28.023+0000] {logging_mixin.py:188} INFO - [2026-05-02T13:56:28.022+0000] {dagbag.py:545} INFO - Filling up the DagBag from /opt/airflow/dags/flight-pipeline.py
[2026-05-02T13:56:31.760+0000] {processor.py:840} INFO - DAG(s) 'flights_ops_medallion_pipe' retrieved from /opt/airflow/dags/flight-pipeline.py
[2026-05-02T13:56:31.893+0000] {logging_mixin.py:188} INFO - [2026-05-02T13:56:31.892+0000] {dag.py:3089} INFO - Sync 1 DAGs
[2026-05-02T13:56:31.969+0000] {logging_mixin.py:188} INFO - [2026-05-02T13:56:31.968+0000] {dag.py:3947} INFO - Setting next_dagrun for flights_ops_medallion_pipe to 2026-05-02 13:00:00+00:00, run_after=2026-05-02 13:30:00+00:00
[2026-05-02T13:56:32.025+0000] {processor.py:183} INFO - Processing /opt/airflow/dags/flight-pipeline.py took 4.056 seconds
[2026-05-02T13:57:02.296+0000] {processor.py:161} INFO - Started process (PID=11110) to work on /opt/airflow/dags/flight-pipeline.py
[2026-05-02T13:57:02.316+0000] {processor.py:830} INFO - Processing file /opt/airflow/dags/flight-pipeline.py for tasks to queue
[2026-05-02T13:57:02.318+0000] {logging_mixin.py:188} INFO - [2026-05-02T13:57:02.317+0000] {dagbag.py:545} INFO - Filling up the DagBag from /opt/airflow/dags/flight-pipeline.py
[2026-05-02T13:57:03.542+0000] {processor.py:840} INFO - DAG(s) 'flights_ops_medallion_pipe' retrieved from /opt/airflow/dags/flight-pipeline.py
[2026-05-02T13:57:03.584+0000] {logging_mixin.py:188} INFO - [2026-05-02T13:57:03.584+0000] {dag.py:3089} INFO - Sync 1 DAGs
[2026-05-02T13:57:03.612+0000] {logging_mixin.py:188} INFO - [2026-05-02T13:57:03.612+0000] {dag.py:3947} INFO - Setting next_dagrun for flights_ops_medallion_pipe to 2026-05-02 13:00:00+00:00, run_after=2026-05-02 13:30:00+00:00
[2026-05-02T13:57:03.635+0000] {processor.py:183} INFO - Processing /opt/airflow/dags/flight-pipeline.py took 1.352 seconds
[2026-05-02T13:57:33.835+0000] {processor.py:161} INFO - Started process (PID=11124) to work on /opt/airflow/dags/flight-pipeline.py
[2026-05-02T13:57:33.851+0000] {processor.py:830} INFO - Processing file /opt/airflow/dags/flight-pipeline.py for tasks to queue
[2026-05-02T13:57:33.853+0000] {logging_mixin.py:188} INFO - [2026-05-02T13:57:33.852+0000] {dagbag.py:545} INFO - Filling up the DagBag from /opt/airflow/dags/flight-pipeline.py
[2026-05-02T13:57:35.017+0000] {processor.py:840} INFO - DAG(s) 'flights_ops_medallion_pipe' retrieved from /opt/airflow/dags/flight-pipeline.py
[2026-05-02T13:57:35.058+0000] {logging_mixin.py:188} INFO - [2026-05-02T13:57:35.057+0000] {dag.py:3089} INFO - Sync 1 DAGs
[2026-05-02T13:57:35.087+0000] {logging_mixin.py:188} INFO - [2026-05-02T13:57:35.087+0000] {dag.py:3947} INFO - Setting next_dagrun for flights_ops_medallion_pipe to 2026-05-02 13:30:00+00:00, run_after=2026-05-02 14:00:00+00:00
[2026-05-02T13:57:35.111+0000] {processor.py:183} INFO - Processing /opt/airflow/dags/flight-pipeline.py took 1.290 seconds
[2026-05-02T13:58:05.338+0000] {processor.py:161} INFO - Started process (PID=11160) to work on /opt/airflow/dags/flight-pipeline.py
[2026-05-02T13:58:05.355+0000] {processor.py:830} INFO - Processing file /opt/airflow/dags/flight-pipeline.py for tasks to queue
[2026-05-02T13:58:05.357+0000] {logging_mixin.py:188} INFO - [2026-05-02T13:58:05.356+0000] {dagbag.py:545} INFO - Filling up the DagBag from /opt/airflow/dags/flight-pipeline.py
[2026-05-02T13:58:06.620+0000] {processor.py:840} INFO - DAG(s) 'flights_ops_medallion_pipe' retrieved from /opt/airflow/dags/flight-pipeline.py
[2026-05-02T13:58:06.697+0000] {logging_mixin.py:188} INFO - [2026-05-02T13:58:06.696+0000] {dag.py:3089} INFO - Sync 1 DAGs
[2026-05-02T13:58:06.745+0000] {logging_mixin.py:188} INFO - [2026-05-02T13:58:06.745+0000] {dag.py:3947} INFO - Setting next_dagrun for flights_ops_medallion_pipe to 2026-05-02 13:30:00+00:00, run_after=2026-05-02 14:00:00+00:00
[2026-05-02T13:58:06.783+0000] {processor.py:183} INFO - Processing /opt/airflow/dags/flight-pipeline.py took 1.458 seconds
[2026-05-02T13:59:45.570+0000] {processor.py:161} INFO - Started process (PID=11163) to work on /opt/airflow/dags/flight-pipeline.py
[2026-05-02T13:59:45.592+0000] {processor.py:830} INFO - Processing file /opt/airflow/dags/flight-pipeline.py for tasks to queue
[2026-05-02T13:59:45.599+0000] {logging_mixin.py:188} INFO - [2026-05-02T13:59:45.598+0000] {dagbag.py:545} INFO - Filling up the DagBag from /opt/airflow/dags/flight-pipeline.py
[2026-05-02T13:59:47.329+0000] {processor.py:840} INFO - DAG(s) 'flights_ops_medallion_pipe' retrieved from /opt/airflow/dags/flight-pipeline.py
[2026-05-02T13:59:47.431+0000] {logging_mixin.py:188} INFO - [2026-05-02T13:59:47.430+0000] {dag.py:3089} INFO - Sync 1 DAGs
[2026-05-02T13:59:47.465+0000] {logging_mixin.py:188} INFO - [2026-05-02T13:59:47.465+0000] {dag.py:3947} INFO - Setting next_dagrun for flights_ops_medallion_pipe to 2026-05-02 13:30:00+00:00, run_after=2026-05-02 14:00:00+00:00
[2026-05-02T13:59:47.495+0000] {processor.py:183} INFO - Processing /opt/airflow/dags/flight-pipeline.py took 1.998 seconds
[2026-05-02T14:00:18.618+0000] {processor.py:161} INFO - Started process (PID=11167) to work on /opt/airflow/dags/flight-pipeline.py
[2026-05-02T14:00:18.703+0000] {processor.py:830} INFO - Processing file /opt/airflow/dags/flight-pipeline.py for tasks to queue
[2026-05-02T14:00:18.716+0000] {logging_mixin.py:188} INFO - [2026-05-02T14:00:18.712+0000] {dagbag.py:545} INFO - Filling up the DagBag from /opt/airflow/dags/flight-pipeline.py
[2026-05-02T14:00:29.273+0000] {processor.py:840} INFO - DAG(s) 'flights_ops_medallion_pipe' retrieved from /opt/airflow/dags/flight-pipeline.py
[2026-05-02T14:00:29.616+0000] {logging_mixin.py:188} INFO - [2026-05-02T14:00:29.609+0000] {dag.py:3089} INFO - Sync 1 DAGs
[2026-05-02T14:00:29.839+0000] {logging_mixin.py:188} INFO - [2026-05-02T14:00:29.837+0000] {dag.py:3947} INFO - Setting next_dagrun for flights_ops_medallion_pipe to 2026-05-02 13:30:00+00:00, run_after=2026-05-02 14:00:00+00:00
[2026-05-02T14:00:30.035+0000] {processor.py:183} INFO - Processing /opt/airflow/dags/flight-pipeline.py took 11.539 seconds
[2026-05-02T14:17:41.725+0000] {processor.py:161} INFO - Started process (PID=11171) to work on /opt/airflow/dags/flight-pipeline.py
[2026-05-02T14:17:41.733+0000] {processor.py:830} INFO - Processing file /opt/airflow/dags/flight-pipeline.py for tasks to queue
[2026-05-02T14:17:41.736+0000] {logging_mixin.py:188} INFO - [2026-05-02T14:17:41.736+0000] {dagbag.py:545} INFO - Filling up the DagBag from /opt/airflow/dags/flight-pipeline.py
[2026-05-02T14:17:42.932+0000] {processor.py:840} INFO - DAG(s) 'flights_ops_medallion_pipe' retrieved from /opt/airflow/dags/flight-pipeline.py
[2026-05-02T14:17:42.994+0000] {logging_mixin.py:188} INFO - [2026-05-02T14:17:42.992+0000] {dag.py:3089} INFO - Sync 1 DAGs
[2026-05-02T14:17:43.022+0000] {logging_mixin.py:188} INFO - [2026-05-02T14:17:43.021+0000] {dag.py:3947} INFO - Setting next_dagrun for flights_ops_medallion_pipe to 2026-05-02 13:30:00+00:00, run_after=2026-05-02 14:00:00+00:00
[2026-05-02T14:17:43.048+0000] {processor.py:183} INFO - Processing /opt/airflow/dags/flight-pipeline.py took 1.392 seconds
[2026-05-02T14:18:13.741+0000] {processor.py:161} INFO - Started process (PID=11175) to work on /opt/airflow/dags/flight-pipeline.py
[2026-05-02T14:18:13.833+0000] {processor.py:830} INFO - Processing file /opt/airflow/dags/flight-pipeline.py for tasks to queue
[2026-05-02T14:18:13.846+0000] {logging_mixin.py:188} INFO - [2026-05-02T14:18:13.842+0000] {dagbag.py:545} INFO - Filling up the DagBag from /opt/airflow/dags/flight-pipeline.py
[2026-05-02T14:18:25.477+0000] {processor.py:840} INFO - DAG(s) 'flights_ops_medallion_pipe' retrieved from /opt/airflow/dags/flight-pipeline.py
[2026-05-02T14:18:25.866+0000] {logging_mixin.py:188} INFO - [2026-05-02T14:18:25.862+0000] {dag.py:3089} INFO - Sync 1 DAGs
[2026-05-02T14:18:26.262+0000] {logging_mixin.py:188} INFO - [2026-05-02T14:18:26.259+0000] {dag.py:3947} INFO - Setting next_dagrun for flights_ops_medallion_pipe to 2026-05-02 14:00:00+00:00, run_after=2026-05-02 14:30:00+00:00
[2026-05-02T14:18:26.549+0000] {processor.py:183} INFO - Processing /opt/airflow/dags/flight-pipeline.py took 12.922 seconds
[2026-05-02T14:29:23.870+0000] {processor.py:161} INFO - Started process (PID=11180) to work on /opt/airflow/dags/flight-pipeline.py
[2026-05-02T14:29:23.877+0000] {processor.py:830} INFO - Processing file /opt/airflow/dags/flight-pipeline.py for tasks to queue
[2026-05-02T14:29:23.879+0000] {logging_mixin.py:188} INFO - [2026-05-02T14:29:23.878+0000] {dagbag.py:545} INFO - Filling up the DagBag from /opt/airflow/dags/flight-pipeline.py
[2026-05-02T14:29:26.199+0000] {processor.py:840} INFO - DAG(s) 'flights_ops_medallion_pipe' retrieved from /opt/airflow/dags/flight-pipeline.py
[2026-05-02T14:29:26.267+0000] {logging_mixin.py:188} INFO - [2026-05-02T14:29:26.266+0000] {dag.py:3089} INFO - Sync 1 DAGs
[2026-05-02T14:29:26.313+0000] {logging_mixin.py:188} INFO - [2026-05-02T14:29:26.313+0000] {dag.py:3947} INFO - Setting next_dagrun for flights_ops_medallion_pipe to 2026-05-02 14:00:00+00:00, run_after=2026-05-02 14:30:00+00:00
[2026-05-02T14:29:26.337+0000] {processor.py:183} INFO - Processing /opt/airflow/dags/flight-pipeline.py took 2.480 seconds
[2026-05-02T14:56:48.334+0000] {processor.py:161} INFO - Started process (PID=11196) to work on /opt/airflow/dags/flight-pipeline.py
[2026-05-02T14:56:48.339+0000] {processor.py:830} INFO - Processing file /opt/airflow/dags/flight-pipeline.py for tasks to queue
[2026-05-02T14:56:48.342+0000] {logging_mixin.py:188} INFO - [2026-05-02T14:56:48.342+0000] {dagbag.py:545} INFO - Filling up the DagBag from /opt/airflow/dags/flight-pipeline.py
[2026-05-02T14:56:50.991+0000] {processor.py:840} INFO - DAG(s) 'flights_ops_medallion_pipe' retrieved from /opt/airflow/dags/flight-pipeline.py
[2026-05-02T14:56:51.077+0000] {logging_mixin.py:188} INFO - [2026-05-02T14:56:51.076+0000] {dag.py:3089} INFO - Sync 1 DAGs
[2026-05-02T14:56:51.145+0000] {logging_mixin.py:188} INFO - [2026-05-02T14:56:51.144+0000] {dag.py:3947} INFO - Setting next_dagrun for flights_ops_medallion_pipe to 2026-05-02 14:00:00+00:00, run_after=2026-05-02 14:30:00+00:00
[2026-05-02T14:56:51.194+0000] {processor.py:183} INFO - Processing /opt/airflow/dags/flight-pipeline.py took 2.901 seconds
[2026-05-02T15:00:48.380+0000] {processor.py:161} INFO - Started process (PID=11208) to work on /opt/airflow/dags/flight-pipeline.py
[2026-05-02T15:00:48.390+0000] {processor.py:830} INFO - Processing file /opt/airflow/dags/flight-pipeline.py for tasks to queue
[2026-05-02T15:00:48.396+0000] {logging_mixin.py:188} INFO - [2026-05-02T15:00:48.393+0000] {dagbag.py:545} INFO - Filling up the DagBag from /opt/airflow/dags/flight-pipeline.py
[2026-05-02T15:00:52.477+0000] {processor.py:840} INFO - DAG(s) 'flights_ops_medallion_pipe' retrieved from /opt/airflow/dags/flight-pipeline.py
[2026-05-02T15:00:52.548+0000] {logging_mixin.py:188} INFO - [2026-05-02T15:00:52.547+0000] {dag.py:3089} INFO - Sync 1 DAGs
[2026-05-02T15:00:52.588+0000] {logging_mixin.py:188} INFO - [2026-05-02T15:00:52.588+0000] {dag.py:3947} INFO - Setting next_dagrun for flights_ops_medallion_pipe to 2026-05-02 14:30:00+00:00, run_after=2026-05-02 15:00:00+00:00
[2026-05-02T15:00:52.624+0000] {processor.py:183} INFO - Processing /opt/airflow/dags/flight-pipeline.py took 4.405 seconds
[2026-05-02T15:47:30.264+0000] {processor.py:161} INFO - Started process (PID=11219) to work on /opt/airflow/dags/flight-pipeline.py
[2026-05-02T15:47:30.287+0000] {processor.py:830} INFO - Processing file /opt/airflow/dags/flight-pipeline.py for tasks to queue
[2026-05-02T15:47:30.293+0000] {logging_mixin.py:188} INFO - [2026-05-02T15:47:30.293+0000] {dagbag.py:545} INFO - Filling up the DagBag from /opt/airflow/dags/flight-pipeline.py
[2026-05-02T15:47:31.490+0000] {processor.py:840} INFO - DAG(s) 'flights_ops_medallion_pipe' retrieved from /opt/airflow/dags/flight-pipeline.py
[2026-05-02T15:47:31.533+0000] {logging_mixin.py:188} INFO - [2026-05-02T15:47:31.532+0000] {dag.py:3089} INFO - Sync 1 DAGs
[2026-05-02T15:47:31.562+0000] {logging_mixin.py:188} INFO - [2026-05-02T15:47:31.562+0000] {dag.py:3947} INFO - Setting next_dagrun for flights_ops_medallion_pipe to 2026-05-02 15:00:00+00:00, run_after=2026-05-02 15:30:00+00:00
[2026-05-02T15:47:31.583+0000] {processor.py:183} INFO - Processing /opt/airflow/dags/flight-pipeline.py took 1.334 seconds
[2026-05-02T15:56:53.016+0000] {processor.py:161} INFO - Started process (PID=11236) to work on /opt/airflow/dags/flight-pipeline.py
[2026-05-02T15:56:53.080+0000] {processor.py:830} INFO - Processing file /opt/airflow/dags/flight-pipeline.py for tasks to queue
[2026-05-02T15:56:53.082+0000] {logging_mixin.py:188} INFO - [2026-05-02T15:56:53.081+0000] {dagbag.py:545} INFO - Filling up the DagBag from /opt/airflow/dags/flight-pipeline.py
[2026-05-02T15:56:54.507+0000] {processor.py:840} INFO - DAG(s) 'flights_ops_medallion_pipe' retrieved from /opt/airflow/dags/flight-pipeline.py
[2026-05-02T15:56:54.547+0000] {logging_mixin.py:188} INFO - [2026-05-02T15:56:54.546+0000] {dag.py:3089} INFO - Sync 1 DAGs
[2026-05-02T15:56:54.577+0000] {logging_mixin.py:188} INFO - [2026-05-02T15:56:54.576+0000] {dag.py:3947} INFO - Setting next_dagrun for flights_ops_medallion_pipe to 2026-05-02 15:00:00+00:00, run_after=2026-05-02 15:30:00+00:00
[2026-05-02T15:56:54.609+0000] {processor.py:183} INFO - Processing /opt/airflow/dags/flight-pipeline.py took 1.612 seconds
[2026-05-02T16:01:24.867+0000] {processor.py:161} INFO - Started process (PID=11251) to work on /opt/airflow/dags/flight-pipeline.py
[2026-05-02T16:01:24.892+0000] {processor.py:830} INFO - Processing file /opt/airflow/dags/flight-pipeline.py for tasks to queue
[2026-05-02T16:01:24.905+0000] {logging_mixin.py:188} INFO - [2026-05-02T16:01:24.902+0000] {dagbag.py:545} INFO - Filling up the DagBag from /opt/airflow/dags/flight-pipeline.py
[2026-05-02T16:01:29.313+0000] {processor.py:840} INFO - DAG(s) 'flights_ops_medallion_pipe' retrieved from /opt/airflow/dags/flight-pipeline.py
[2026-05-02T16:01:29.426+0000] {logging_mixin.py:188} INFO - [2026-05-02T16:01:29.426+0000] {dag.py:3089} INFO - Sync 1 DAGs
[2026-05-02T16:01:29.477+0000] {logging_mixin.py:188} INFO - [2026-05-02T16:01:29.476+0000] {dag.py:3947} INFO - Setting next_dagrun for flights_ops_medallion_pipe to 2026-05-02 15:30:00+00:00, run_after=2026-05-02 16:00:00+00:00
[2026-05-02T16:01:29.520+0000] {processor.py:183} INFO - Processing /opt/airflow/dags/flight-pipeline.py took 4.771 seconds
[2026-05-02T17:02:27.397+0000] {processor.py:161} INFO - Started process (PID=11265) to work on /opt/airflow/dags/flight-pipeline.py
[2026-05-02T17:02:27.466+0000] {processor.py:830} INFO - Processing file /opt/airflow/dags/flight-pipeline.py for tasks to queue
[2026-05-02T17:02:27.480+0000] {logging_mixin.py:188} INFO - [2026-05-02T17:02:27.476+0000] {dagbag.py:545} INFO - Filling up the DagBag from /opt/airflow/dags/flight-pipeline.py
[2026-05-02T17:02:32.901+0000] {processor.py:840} INFO - DAG(s) 'flights_ops_medallion_pipe' retrieved from /opt/airflow/dags/flight-pipeline.py
[2026-05-02T17:02:34.120+0000] {logging_mixin.py:188} INFO - [2026-05-02T17:02:34.100+0000] {dag.py:3089} INFO - Sync 1 DAGs
[2026-05-02T17:02:34.454+0000] {logging_mixin.py:188} INFO - [2026-05-02T17:02:34.453+0000] {dag.py:3947} INFO - Setting next_dagrun for flights_ops_medallion_pipe to 2026-05-02 16:30:00+00:00, run_after=2026-05-02 17:00:00+00:00
[2026-05-02T17:02:34.697+0000] {processor.py:183} INFO - Processing /opt/airflow/dags/flight-pipeline.py took 7.342 seconds
[2026-05-02T17:11:23.911+0000] {processor.py:161} INFO - Started process (PID=11269) to work on /opt/airflow/dags/flight-pipeline.py
[2026-05-02T17:11:23.977+0000] {processor.py:830} INFO - Processing file /opt/airflow/dags/flight-pipeline.py for tasks to queue
[2026-05-02T17:11:24.099+0000] {logging_mixin.py:188} INFO - [2026-05-02T17:11:24.097+0000] {dagbag.py:545} INFO - Filling up the DagBag from /opt/airflow/dags/flight-pipeline.py
[2026-05-02T17:36:39.599+0000] {processor.py:161} INFO - Started process (PID=11283) to work on /opt/airflow/dags/flight-pipeline.py
[2026-05-02T17:36:39.605+0000] {processor.py:830} INFO - Processing file /opt/airflow/dags/flight-pipeline.py for tasks to queue
[2026-05-02T17:36:39.608+0000] {logging_mixin.py:188} INFO - [2026-05-02T17:36:39.607+0000] {dagbag.py:545} INFO - Filling up the DagBag from /opt/airflow/dags/flight-pipeline.py
[2026-05-02T17:36:59.572+0000] {processor.py:840} INFO - DAG(s) 'flights_ops_medallion_pipe' retrieved from /opt/airflow/dags/flight-pipeline.py
[2026-05-02T17:37:00.821+0000] {logging_mixin.py:188} INFO - [2026-05-02T17:37:00.816+0000] {dag.py:3089} INFO - Sync 1 DAGs
[2026-05-02T17:37:02.075+0000] {logging_mixin.py:188} INFO - [2026-05-02T17:37:02.072+0000] {dag.py:3947} INFO - Setting next_dagrun for flights_ops_medallion_pipe to 2026-05-02 17:00:00+00:00, run_after=2026-05-02 17:30:00+00:00
[2026-05-02T17:37:02.463+0000] {processor.py:183} INFO - Processing /opt/airflow/dags/flight-pipeline.py took 22.900 seconds
[2026-05-02T17:37:33.288+0000] {processor.py:161} INFO - Started process (PID=11308) to work on /opt/airflow/dags/flight-pipeline.py
[2026-05-02T17:37:33.298+0000] {processor.py:830} INFO - Processing file /opt/airflow/dags/flight-pipeline.py for tasks to queue
[2026-05-02T17:37:33.306+0000] {logging_mixin.py:188} INFO - [2026-05-02T17:37:33.303+0000] {dagbag.py:545} INFO - Filling up the DagBag from /opt/airflow/dags/flight-pipeline.py
[2026-05-02T17:37:36.111+0000] {processor.py:840} INFO - DAG(s) 'flights_ops_medallion_pipe' retrieved from /opt/airflow/dags/flight-pipeline.py
[2026-05-02T17:37:36.153+0000] {logging_mixin.py:188} INFO - [2026-05-02T17:37:36.152+0000] {dag.py:3089} INFO - Sync 1 DAGs
[2026-05-02T17:37:36.200+0000] {logging_mixin.py:188} INFO - [2026-05-02T17:37:36.199+0000] {dag.py:3947} INFO - Setting next_dagrun for flights_ops_medallion_pipe to 2026-05-02 17:00:00+00:00, run_after=2026-05-02 17:30:00+00:00
[2026-05-02T17:37:36.224+0000] {processor.py:183} INFO - Processing /opt/airflow/dags/flight-pipeline.py took 2.995 seconds
[2026-05-02T17:38:06.828+0000] {processor.py:161} INFO - Started process (PID=11332) to work on /opt/airflow/dags/flight-pipeline.py
[2026-05-02T17:38:06.833+0000] {processor.py:830} INFO - Processing file /opt/airflow/dags/flight-pipeline.py for tasks to queue
[2026-05-02T17:38:06.834+0000] {logging_mixin.py:188} INFO - [2026-05-02T17:38:06.834+0000] {dagbag.py:545} INFO - Filling up the DagBag from /opt/airflow/dags/flight-pipeline.py
[2026-05-02T17:38:09.133+0000] {processor.py:840} INFO - DAG(s) 'flights_ops_medallion_pipe' retrieved from /opt/airflow/dags/flight-pipeline.py
[2026-05-02T17:38:09.185+0000] {logging_mixin.py:188} INFO - [2026-05-02T17:38:09.184+0000] {dag.py:3089} INFO - Sync 1 DAGs
[2026-05-02T17:38:09.220+0000] {logging_mixin.py:188} INFO - [2026-05-02T17:38:09.220+0000] {dag.py:3947} INFO - Setting next_dagrun for flights_ops_medallion_pipe to 2026-05-02 17:00:00+00:00, run_after=2026-05-02 17:30:00+00:00
[2026-05-02T17:38:09.243+0000] {processor.py:183} INFO - Processing /opt/airflow/dags/flight-pipeline.py took 2.422 seconds
[2026-05-02T17:38:39.651+0000] {processor.py:161} INFO - Started process (PID=11335) to work on /opt/airflow/dags/flight-pipeline.py
[2026-05-02T17:38:39.669+0000] {processor.py:830} INFO - Processing file /opt/airflow/dags/flight-pipeline.py for tasks to queue
[2026-05-02T17:38:39.671+0000] {logging_mixin.py:188} INFO - [2026-05-02T17:38:39.670+0000] {dagbag.py:545} INFO - Filling up the DagBag from /opt/airflow/dags/flight-pipeline.py
[2026-05-02T17:38:41.349+0000] {processor.py:840} INFO - DAG(s) 'flights_ops_medallion_pipe' retrieved from /opt/airflow/dags/flight-pipeline.py
[2026-05-02T17:38:41.447+0000] {logging_mixin.py:188} INFO - [2026-05-02T17:38:41.446+0000] {dag.py:3089} INFO - Sync 1 DAGs
[2026-05-02T17:38:41.514+0000] {logging_mixin.py:188} INFO - [2026-05-02T17:38:41.514+0000] {dag.py:3947} INFO - Setting next_dagrun for flights_ops_medallion_pipe to 2026-05-02 17:00:00+00:00, run_after=2026-05-02 17:30:00+00:00
[2026-05-02T17:38:41.551+0000] {processor.py:183} INFO - Processing /opt/airflow/dags/flight-pipeline.py took 1.922 seconds
[2026-05-02T17:39:11.857+0000] {processor.py:161} INFO - Started process (PID=11338) to work on /opt/airflow/dags/flight-pipeline.py
[2026-05-02T17:39:11.881+0000] {processor.py:830} INFO - Processing file /opt/airflow/dags/flight-pipeline.py for tasks to queue
[2026-05-02T17:39:11.889+0000] {logging_mixin.py:188} INFO - [2026-05-02T17:39:11.885+0000] {dagbag.py:545} INFO - Filling up the DagBag from /opt/airflow/dags/flight-pipeline.py
[2026-05-02T17:39:13.059+0000] {processor.py:840} INFO - DAG(s) 'flights_ops_medallion_pipe' retrieved from /opt/airflow/dags/flight-pipeline.py
[2026-05-02T17:39:13.092+0000] {logging_mixin.py:188} INFO - [2026-05-02T17:39:13.092+0000] {dag.py:3089} INFO - Sync 1 DAGs
[2026-05-02T17:39:13.117+0000] {logging_mixin.py:188} INFO - [2026-05-02T17:39:13.116+0000] {dag.py:3947} INFO - Setting next_dagrun for flights_ops_medallion_pipe to 2026-05-02 17:00:00+00:00, run_after=2026-05-02 17:30:00+00:00
[2026-05-02T17:39:13.139+0000] {processor.py:183} INFO - Processing /opt/airflow/dags/flight-pipeline.py took 1.294 seconds
[2026-05-02T17:39:43.351+0000] {processor.py:161} INFO - Started process (PID=11342) to work on /opt/airflow/dags/flight-pipeline.py
[2026-05-02T17:39:43.365+0000] {processor.py:830} INFO - Processing file /opt/airflow/dags/flight-pipeline.py for tasks to queue
[2026-05-02T17:39:43.367+0000] {logging_mixin.py:188} INFO - [2026-05-02T17:39:43.366+0000] {dagbag.py:545} INFO - Filling up the DagBag from /opt/airflow/dags/flight-pipeline.py
[2026-05-02T17:39:44.577+0000] {processor.py:840} INFO - DAG(s) 'flights_ops_medallion_pipe' retrieved from /opt/airflow/dags/flight-pipeline.py
[2026-05-02T17:39:44.618+0000] {logging_mixin.py:188} INFO - [2026-05-02T17:39:44.618+0000] {dag.py:3089} INFO - Sync 1 DAGs
[2026-05-02T17:39:44.643+0000] {logging_mixin.py:188} INFO - [2026-05-02T17:39:44.642+0000] {dag.py:3947} INFO - Setting next_dagrun for flights_ops_medallion_pipe to 2026-05-02 17:30:00+00:00, run_after=2026-05-02 18:00:00+00:00
[2026-05-02T17:39:44.664+0000] {processor.py:183} INFO - Processing /opt/airflow/dags/flight-pipeline.py took 1.324 seconds
[2026-05-02T17:40:14.875+0000] {processor.py:161} INFO - Started process (PID=11388) to work on /opt/airflow/dags/flight-pipeline.py
[2026-05-02T17:40:14.890+0000] {processor.py:830} INFO - Processing file /opt/airflow/dags/flight-pipeline.py for tasks to queue
[2026-05-02T17:40:14.891+0000] {logging_mixin.py:188} INFO - [2026-05-02T17:40:14.891+0000] {dagbag.py:545} INFO - Filling up the DagBag from /opt/airflow/dags/flight-pipeline.py
[2026-05-02T17:40:15.867+0000] {processor.py:840} INFO - DAG(s) 'flights_ops_medallion_pipe' retrieved from /opt/airflow/dags/flight-pipeline.py
[2026-05-02T17:40:15.902+0000] {logging_mixin.py:188} INFO - [2026-05-02T17:40:15.901+0000] {dag.py:3089} INFO - Sync 1 DAGs
[2026-05-02T17:40:15.924+0000] {logging_mixin.py:188} INFO - [2026-05-02T17:40:15.924+0000] {dag.py:3947} INFO - Setting next_dagrun for flights_ops_medallion_pipe to 2026-05-02 17:30:00+00:00, run_after=2026-05-02 18:00:00+00:00
[2026-05-02T17:40:15.944+0000] {processor.py:183} INFO - Processing /opt/airflow/dags/flight-pipeline.py took 1.077 seconds
[2026-05-02T17:40:46.107+0000] {processor.py:161} INFO - Started process (PID=11391) to work on /opt/airflow/dags/flight-pipeline.py
[2026-05-02T17:40:46.120+0000] {processor.py:830} INFO - Processing file /opt/airflow/dags/flight-pipeline.py for tasks to queue
[2026-05-02T17:40:46.121+0000] {logging_mixin.py:188} INFO - [2026-05-02T17:40:46.121+0000] {dagbag.py:545} INFO - Filling up the DagBag from /opt/airflow/dags/flight-pipeline.py
[2026-05-02T17:40:47.126+0000] {processor.py:840} INFO - DAG(s) 'flights_ops_medallion_pipe' retrieved from /opt/airflow/dags/flight-pipeline.py
[2026-05-02T17:40:47.286+0000] {logging_mixin.py:188} INFO - [2026-05-02T17:40:47.284+0000] {dag.py:3089} INFO - Sync 1 DAGs
[2026-05-02T17:40:47.416+0000] {logging_mixin.py:188} INFO - [2026-05-02T17:40:47.415+0000] {dag.py:3947} INFO - Setting next_dagrun for flights_ops_medallion_pipe to 2026-05-02 17:30:00+00:00, run_after=2026-05-02 18:00:00+00:00
[2026-05-02T17:40:47.509+0000] {processor.py:183} INFO - Processing /opt/airflow/dags/flight-pipeline.py took 1.412 seconds
[2026-05-02T17:41:17.729+0000] {processor.py:161} INFO - Started process (PID=11394) to work on /opt/airflow/dags/flight-pipeline.py
[2026-05-02T17:41:17.748+0000] {processor.py:830} INFO - Processing file /opt/airflow/dags/flight-pipeline.py for tasks to queue
[2026-05-02T17:41:17.749+0000] {logging_mixin.py:188} INFO - [2026-05-02T17:41:17.748+0000] {dagbag.py:545} INFO - Filling up the DagBag from /opt/airflow/dags/flight-pipeline.py
[2026-05-02T17:41:18.593+0000] {processor.py:840} INFO - DAG(s) 'flights_ops_medallion_pipe' retrieved from /opt/airflow/dags/flight-pipeline.py
[2026-05-02T17:41:18.625+0000] {logging_mixin.py:188} INFO - [2026-05-02T17:41:18.625+0000] {dag.py:3089} INFO - Sync 1 DAGs
[2026-05-02T17:41:18.646+0000] {logging_mixin.py:188} INFO - [2026-05-02T17:41:18.646+0000] {dag.py:3947} INFO - Setting next_dagrun for flights_ops_medallion_pipe to 2026-05-02 17:30:00+00:00, run_after=2026-05-02 18:00:00+00:00
[2026-05-02T17:41:18.665+0000] {processor.py:183} INFO - Processing /opt/airflow/dags/flight-pipeline.py took 0.945 seconds
[2026-05-02T17:41:49.010+0000] {processor.py:161} INFO - Started process (PID=11430) to work on /opt/airflow/dags/flight-pipeline.py
[2026-05-02T17:41:49.026+0000] {processor.py:830} INFO - Processing file /opt/airflow/dags/flight-pipeline.py for tasks to queue
[2026-05-02T17:41:49.027+0000] {logging_mixin.py:188} INFO - [2026-05-02T17:41:49.026+0000] {dagbag.py:545} INFO - Filling up the DagBag from /opt/airflow/dags/flight-pipeline.py
[2026-05-02T17:41:50.431+0000] {processor.py:840} INFO - DAG(s) 'flights_ops_medallion_pipe' retrieved from /opt/airflow/dags/flight-pipeline.py
[2026-05-02T17:41:50.493+0000] {logging_mixin.py:188} INFO - [2026-05-02T17:41:50.493+0000] {dag.py:3089} INFO - Sync 1 DAGs
[2026-05-02T17:41:50.537+0000] {logging_mixin.py:188} INFO - [2026-05-02T17:41:50.537+0000] {dag.py:3947} INFO - Setting next_dagrun for flights_ops_medallion_pipe to 2026-05-02 17:30:00+00:00, run_after=2026-05-02 18:00:00+00:00
[2026-05-02T17:41:50.566+0000] {processor.py:183} INFO - Processing /opt/airflow/dags/flight-pipeline.py took 1.572 seconds
[2026-05-02T17:42:20.911+0000] {processor.py:161} INFO - Started process (PID=11433) to work on /opt/airflow/dags/flight-pipeline.py
[2026-05-02T17:42:20.927+0000] {processor.py:830} INFO - Processing file /opt/airflow/dags/flight-pipeline.py for tasks to queue
[2026-05-02T17:42:20.929+0000] {logging_mixin.py:188} INFO - [2026-05-02T17:42:20.929+0000] {dagbag.py:545} INFO - Filling up the DagBag from /opt/airflow/dags/flight-pipeline.py
[2026-05-02T17:42:22.182+0000] {processor.py:840} INFO - DAG(s) 'flights_ops_medallion_pipe' retrieved from /opt/airflow/dags/flight-pipeline.py
[2026-05-02T17:42:22.219+0000] {logging_mixin.py:188} INFO - [2026-05-02T17:42:22.219+0000] {dag.py:3089} INFO - Sync 1 DAGs
[2026-05-02T17:42:22.247+0000] {logging_mixin.py:188} INFO - [2026-05-02T17:42:22.247+0000] {dag.py:3947} INFO - Setting next_dagrun for flights_ops_medallion_pipe to 2026-05-02 17:30:00+00:00, run_after=2026-05-02 18:00:00+00:00
[2026-05-02T17:42:22.266+0000] {processor.py:183} INFO - Processing /opt/airflow/dags/flight-pipeline.py took 1.368 seconds
[2026-05-02T17:42:52.496+0000] {processor.py:161} INFO - Started process (PID=11436) to work on /opt/airflow/dags/flight-pipeline.py
[2026-05-02T17:42:52.510+0000] {processor.py:830} INFO - Processing file /opt/airflow/dags/flight-pipeline.py for tasks to queue
[2026-05-02T17:42:52.511+0000] {logging_mixin.py:188} INFO - [2026-05-02T17:42:52.511+0000] {dagbag.py:545} INFO - Filling up the DagBag from /opt/airflow/dags/flight-pipeline.py
[2026-05-02T17:42:53.492+0000] {processor.py:840} INFO - DAG(s) 'flights_ops_medallion_pipe' retrieved from /opt/airflow/dags/flight-pipeline.py
[2026-05-02T17:42:53.528+0000] {logging_mixin.py:188} INFO - [2026-05-02T17:42:53.527+0000] {dag.py:3089} INFO - Sync 1 DAGs
[2026-05-02T17:42:53.555+0000] {logging_mixin.py:188} INFO - [2026-05-02T17:42:53.555+0000] {dag.py:3947} INFO - Setting next_dagrun for flights_ops_medallion_pipe to 2026-05-02 17:30:00+00:00, run_after=2026-05-02 18:00:00+00:00
[2026-05-02T17:42:53.575+0000] {processor.py:183} INFO - Processing /opt/airflow/dags/flight-pipeline.py took 1.092 seconds
[2026-05-02T17:43:23.765+0000] {processor.py:161} INFO - Started process (PID=11461) to work on /opt/airflow/dags/flight-pipeline.py
[2026-05-02T17:43:23.784+0000] {processor.py:830} INFO - Processing file /opt/airflow/dags/flight-pipeline.py for tasks to queue
[2026-05-02T17:43:23.786+0000] {logging_mixin.py:188} INFO - [2026-05-02T17:43:23.785+0000] {dagbag.py:545} INFO - Filling up the DagBag from /opt/airflow/dags/flight-pipeline.py
[2026-05-02T17:43:25.413+0000] {processor.py:840} INFO - DAG(s) 'flights_ops_medallion_pipe' retrieved from /opt/airflow/dags/flight-pipeline.py
[2026-05-02T17:43:25.465+0000] {logging_mixin.py:188} INFO - [2026-05-02T17:43:25.464+0000] {dag.py:3089} INFO - Sync 1 DAGs
[2026-05-02T17:43:25.494+0000] {logging_mixin.py:188} INFO - [2026-05-02T17:43:25.493+0000] {dag.py:3947} INFO - Setting next_dagrun for flights_ops_medallion_pipe to 2026-05-02 17:30:00+00:00, run_after=2026-05-02 18:00:00+00:00
[2026-05-02T17:43:25.520+0000] {processor.py:183} INFO - Processing /opt/airflow/dags/flight-pipeline.py took 1.771 seconds
[2026-05-02T17:43:56.317+0000] {processor.py:161} INFO - Started process (PID=11464) to work on /opt/airflow/dags/flight-pipeline.py
[2026-05-02T17:43:56.321+0000] {processor.py:830} INFO - Processing file /opt/airflow/dags/flight-pipeline.py for tasks to queue
[2026-05-02T17:43:56.322+0000] {logging_mixin.py:188} INFO - [2026-05-02T17:43:56.322+0000] {dagbag.py:545} INFO - Filling up the DagBag from /opt/airflow/dags/flight-pipeline.py
[2026-05-02T17:43:58.641+0000] {processor.py:840} INFO - DAG(s) 'flights_ops_medallion_pipe' retrieved from /opt/airflow/dags/flight-pipeline.py
[2026-05-02T17:43:58.713+0000] {logging_mixin.py:188} INFO - [2026-05-02T17:43:58.712+0000] {dag.py:3089} INFO - Sync 1 DAGs
[2026-05-02T17:43:58.751+0000] {logging_mixin.py:188} INFO - [2026-05-02T17:43:58.750+0000] {dag.py:3947} INFO - Setting next_dagrun for flights_ops_medallion_pipe to 2026-05-02 17:30:00+00:00, run_after=2026-05-02 18:00:00+00:00
[2026-05-02T17:43:58.776+0000] {processor.py:183} INFO - Processing /opt/airflow/dags/flight-pipeline.py took 2.470 seconds
[2026-05-02T17:44:28.989+0000] {processor.py:161} INFO - Started process (PID=11467) to work on /opt/airflow/dags/flight-pipeline.py
[2026-05-02T17:44:28.993+0000] {processor.py:830} INFO - Processing file /opt/airflow/dags/flight-pipeline.py for tasks to queue
[2026-05-02T17:44:28.994+0000] {logging_mixin.py:188} INFO - [2026-05-02T17:44:28.994+0000] {dagbag.py:545} INFO - Filling up the DagBag from /opt/airflow/dags/flight-pipeline.py
[2026-05-02T17:44:30.224+0000] {processor.py:840} INFO - DAG(s) 'flights_ops_medallion_pipe' retrieved from /opt/airflow/dags/flight-pipeline.py
[2026-05-02T17:44:30.270+0000] {logging_mixin.py:188} INFO - [2026-05-02T17:44:30.269+0000] {dag.py:3089} INFO - Sync 1 DAGs
[2026-05-02T17:44:30.299+0000] {logging_mixin.py:188} INFO - [2026-05-02T17:44:30.298+0000] {dag.py:3947} INFO - Setting next_dagrun for flights_ops_medallion_pipe to 2026-05-02 17:30:00+00:00, run_after=2026-05-02 18:00:00+00:00
[2026-05-02T17:44:30.328+0000] {processor.py:183} INFO - Processing /opt/airflow/dags/flight-pipeline.py took 1.350 seconds
[2026-05-02T17:45:01.200+0000] {processor.py:161} INFO - Started process (PID=11481) to work on /opt/airflow/dags/flight-pipeline.py
[2026-05-02T17:45:01.219+0000] {processor.py:830} INFO - Processing file /opt/airflow/dags/flight-pipeline.py for tasks to queue
[2026-05-02T17:45:01.222+0000] {logging_mixin.py:188} INFO - [2026-05-02T17:45:01.221+0000] {dagbag.py:545} INFO - Filling up the DagBag from /opt/airflow/dags/flight-pipeline.py
[2026-05-02T17:45:02.607+0000] {processor.py:840} INFO - DAG(s) 'flights_ops_medallion_pipe' retrieved from /opt/airflow/dags/flight-pipeline.py
[2026-05-02T17:45:02.639+0000] {logging_mixin.py:188} INFO - [2026-05-02T17:45:02.638+0000] {dag.py:3089} INFO - Sync 1 DAGs
[2026-05-02T17:45:02.663+0000] {logging_mixin.py:188} INFO - [2026-05-02T17:45:02.662+0000] {dag.py:3947} INFO - Setting next_dagrun for flights_ops_medallion_pipe to 2026-05-02 17:30:00+00:00, run_after=2026-05-02 18:00:00+00:00
[2026-05-02T17:45:02.682+0000] {processor.py:183} INFO - Processing /opt/airflow/dags/flight-pipeline.py took 1.509 seconds
[2026-05-02T17:45:32.966+0000] {processor.py:161} INFO - Started process (PID=11484) to work on /opt/airflow/dags/flight-pipeline.py
[2026-05-02T17:45:32.996+0000] {processor.py:830} INFO - Processing file /opt/airflow/dags/flight-pipeline.py for tasks to queue
[2026-05-02T17:45:32.997+0000] {logging_mixin.py:188} INFO - [2026-05-02T17:45:32.997+0000] {dagbag.py:545} INFO - Filling up the DagBag from /opt/airflow/dags/flight-pipeline.py
[2026-05-02T17:45:34.262+0000] {processor.py:840} INFO - DAG(s) 'flights_ops_medallion_pipe' retrieved from /opt/airflow/dags/flight-pipeline.py
[2026-05-02T17:45:34.295+0000] {logging_mixin.py:188} INFO - [2026-05-02T17:45:34.295+0000] {dag.py:3089} INFO - Sync 1 DAGs
[2026-05-02T17:45:34.318+0000] {logging_mixin.py:188} INFO - [2026-05-02T17:45:34.317+0000] {dag.py:3947} INFO - Setting next_dagrun for flights_ops_medallion_pipe to 2026-05-02 17:30:00+00:00, run_after=2026-05-02 18:00:00+00:00
[2026-05-02T17:45:34.334+0000] {processor.py:183} INFO - Processing /opt/airflow/dags/flight-pipeline.py took 1.391 seconds
[2026-05-02T17:46:04.532+0000] {processor.py:161} INFO - Started process (PID=11487) to work on /opt/airflow/dags/flight-pipeline.py
[2026-05-02T17:46:04.545+0000] {processor.py:830} INFO - Processing file /opt/airflow/dags/flight-pipeline.py for tasks to queue
[2026-05-02T17:46:04.546+0000] {logging_mixin.py:188} INFO - [2026-05-02T17:46:04.546+0000] {dagbag.py:545} INFO - Filling up the DagBag from /opt/airflow/dags/flight-pipeline.py
[2026-05-02T17:46:05.598+0000] {processor.py:840} INFO - DAG(s) 'flights_ops_medallion_pipe' retrieved from /opt/airflow/dags/flight-pipeline.py
[2026-05-02T17:46:05.631+0000] {logging_mixin.py:188} INFO - [2026-05-02T17:46:05.630+0000] {dag.py:3089} INFO - Sync 1 DAGs
[2026-05-02T17:46:05.652+0000] {logging_mixin.py:188} INFO - [2026-05-02T17:46:05.652+0000] {dag.py:3947} INFO - Setting next_dagrun for flights_ops_medallion_pipe to 2026-05-02 17:30:00+00:00, run_after=2026-05-02 18:00:00+00:00
[2026-05-02T17:46:05.671+0000] {processor.py:183} INFO - Processing /opt/airflow/dags/flight-pipeline.py took 1.148 seconds
[2026-05-02T17:46:35.901+0000] {processor.py:161} INFO - Started process (PID=11490) to work on /opt/airflow/dags/flight-pipeline.py
[2026-05-02T17:46:35.915+0000] {processor.py:830} INFO - Processing file /opt/airflow/dags/flight-pipeline.py for tasks to queue
[2026-05-02T17:46:35.916+0000] {logging_mixin.py:188} INFO - [2026-05-02T17:46:35.916+0000] {dagbag.py:545} INFO - Filling up the DagBag from /opt/airflow/dags/flight-pipeline.py
[2026-05-02T17:46:36.978+0000] {processor.py:840} INFO - DAG(s) 'flights_ops_medallion_pipe' retrieved from /opt/airflow/dags/flight-pipeline.py
[2026-05-02T17:46:37.067+0000] {logging_mixin.py:188} INFO - [2026-05-02T17:46:37.066+0000] {dag.py:3089} INFO - Sync 1 DAGs
[2026-05-02T17:46:37.122+0000] {logging_mixin.py:188} INFO - [2026-05-02T17:46:37.121+0000] {dag.py:3947} INFO - Setting next_dagrun for flights_ops_medallion_pipe to 2026-05-02 17:30:00+00:00, run_after=2026-05-02 18:00:00+00:00
[2026-05-02T17:46:37.154+0000] {processor.py:183} INFO - Processing /opt/airflow/dags/flight-pipeline.py took 1.265 seconds
[2026-05-02T17:47:07.453+0000] {processor.py:161} INFO - Started process (PID=11493) to work on /opt/airflow/dags/flight-pipeline.py
[2026-05-02T17:47:07.475+0000] {processor.py:830} INFO - Processing file /opt/airflow/dags/flight-pipeline.py for tasks to queue
[2026-05-02T17:47:07.476+0000] {logging_mixin.py:188} INFO - [2026-05-02T17:47:07.476+0000] {dagbag.py:545} INFO - Filling up the DagBag from /opt/airflow/dags/flight-pipeline.py
[2026-05-02T17:47:08.522+0000] {processor.py:840} INFO - DAG(s) 'flights_ops_medallion_pipe' retrieved from /opt/airflow/dags/flight-pipeline.py
[2026-05-02T17:47:08.565+0000] {logging_mixin.py:188} INFO - [2026-05-02T17:47:08.564+0000] {dag.py:3089} INFO - Sync 1 DAGs
[2026-05-02T17:47:08.588+0000] {logging_mixin.py:188} INFO - [2026-05-02T17:47:08.588+0000] {dag.py:3947} INFO - Setting next_dagrun for flights_ops_medallion_pipe to 2026-05-02 17:30:00+00:00, run_after=2026-05-02 18:00:00+00:00
[2026-05-02T17:47:08.605+0000] {processor.py:183} INFO - Processing /opt/airflow/dags/flight-pipeline.py took 1.165 seconds
[2026-05-02T17:47:38.863+0000] {processor.py:161} INFO - Started process (PID=11496) to work on /opt/airflow/dags/flight-pipeline.py
[2026-05-02T17:47:38.898+0000] {processor.py:830} INFO - Processing file /opt/airflow/dags/flight-pipeline.py for tasks to queue
[2026-05-02T17:47:38.901+0000] {logging_mixin.py:188} INFO - [2026-05-02T17:47:38.900+0000] {dagbag.py:545} INFO - Filling up the DagBag from /opt/airflow/dags/flight-pipeline.py
[2026-05-02T17:47:39.991+0000] {processor.py:840} INFO - DAG(s) 'flights_ops_medallion_pipe' retrieved from /opt/airflow/dags/flight-pipeline.py
[2026-05-02T17:47:40.029+0000] {logging_mixin.py:188} INFO - [2026-05-02T17:47:40.029+0000] {dag.py:3089} INFO - Sync 1 DAGs
[2026-05-02T17:47:40.057+0000] {logging_mixin.py:188} INFO - [2026-05-02T17:47:40.056+0000] {dag.py:3947} INFO - Setting next_dagrun for flights_ops_medallion_pipe to 2026-05-02 17:30:00+00:00, run_after=2026-05-02 18:00:00+00:00
[2026-05-02T17:47:40.074+0000] {processor.py:183} INFO - Processing /opt/airflow/dags/flight-pipeline.py took 1.205 seconds
[2026-05-02T17:48:10.253+0000] {processor.py:161} INFO - Started process (PID=11499) to work on /opt/airflow/dags/flight-pipeline.py
[2026-05-02T17:48:10.274+0000] {processor.py:830} INFO - Processing file /opt/airflow/dags/flight-pipeline.py for tasks to queue
[2026-05-02T17:48:10.276+0000] {logging_mixin.py:188} INFO - [2026-05-02T17:48:10.275+0000] {dagbag.py:545} INFO - Filling up the DagBag from /opt/airflow/dags/flight-pipeline.py
[2026-05-02T17:48:11.135+0000] {processor.py:840} INFO - DAG(s) 'flights_ops_medallion_pipe' retrieved from /opt/airflow/dags/flight-pipeline.py
[2026-05-02T17:48:11.166+0000] {logging_mixin.py:188} INFO - [2026-05-02T17:48:11.166+0000] {dag.py:3089} INFO - Sync 1 DAGs
[2026-05-02T17:48:11.189+0000] {logging_mixin.py:188} INFO - [2026-05-02T17:48:11.189+0000] {dag.py:3947} INFO - Setting next_dagrun for flights_ops_medallion_pipe to 2026-05-02 17:30:00+00:00, run_after=2026-05-02 18:00:00+00:00
[2026-05-02T17:48:11.209+0000] {processor.py:183} INFO - Processing /opt/airflow/dags/flight-pipeline.py took 0.964 seconds
[2026-05-02T17:48:41.388+0000] {processor.py:161} INFO - Started process (PID=11502) to work on /opt/airflow/dags/flight-pipeline.py
[2026-05-02T17:48:41.408+0000] {processor.py:830} INFO - Processing file /opt/airflow/dags/flight-pipeline.py for tasks to queue
[2026-05-02T17:48:41.409+0000] {logging_mixin.py:188} INFO - [2026-05-02T17:48:41.409+0000] {dagbag.py:545} INFO - Filling up the DagBag from /opt/airflow/dags/flight-pipeline.py
[2026-05-02T17:48:42.249+0000] {processor.py:840} INFO - DAG(s) 'flights_ops_medallion_pipe' retrieved from /opt/airflow/dags/flight-pipeline.py
[2026-05-02T17:48:42.284+0000] {logging_mixin.py:188} INFO - [2026-05-02T17:48:42.283+0000] {dag.py:3089} INFO - Sync 1 DAGs
[2026-05-02T17:48:42.306+0000] {logging_mixin.py:188} INFO - [2026-05-02T17:48:42.306+0000] {dag.py:3947} INFO - Setting next_dagrun for flights_ops_medallion_pipe to 2026-05-02 17:30:00+00:00, run_after=2026-05-02 18:00:00+00:00
[2026-05-02T17:48:42.325+0000] {processor.py:183} INFO - Processing /opt/airflow/dags/flight-pipeline.py took 0.950 seconds
[2026-05-02T17:49:12.436+0000] {processor.py:161} INFO - Started process (PID=11505) to work on /opt/airflow/dags/flight-pipeline.py
[2026-05-02T17:49:12.452+0000] {processor.py:830} INFO - Processing file /opt/airflow/dags/flight-pipeline.py for tasks to queue
[2026-05-02T17:49:12.453+0000] {logging_mixin.py:188} INFO - [2026-05-02T17:49:12.453+0000] {dagbag.py:545} INFO - Filling up the DagBag from /opt/airflow/dags/flight-pipeline.py
[2026-05-02T17:49:13.255+0000] {processor.py:840} INFO - DAG(s) 'flights_ops_medallion_pipe' retrieved from /opt/airflow/dags/flight-pipeline.py
[2026-05-02T17:49:13.285+0000] {logging_mixin.py:188} INFO - [2026-05-02T17:49:13.285+0000] {dag.py:3089} INFO - Sync 1 DAGs
[2026-05-02T17:49:13.305+0000] {logging_mixin.py:188} INFO - [2026-05-02T17:49:13.305+0000] {dag.py:3947} INFO - Setting next_dagrun for flights_ops_medallion_pipe to 2026-05-02 17:30:00+00:00, run_after=2026-05-02 18:00:00+00:00
[2026-05-02T17:49:13.323+0000] {processor.py:183} INFO - Processing /opt/airflow/dags/flight-pipeline.py took 0.899 seconds
[2026-05-02T17:49:43.534+0000] {processor.py:161} INFO - Started process (PID=11508) to work on /opt/airflow/dags/flight-pipeline.py
[2026-05-02T17:49:43.550+0000] {processor.py:830} INFO - Processing file /opt/airflow/dags/flight-pipeline.py for tasks to queue
[2026-05-02T17:49:43.551+0000] {logging_mixin.py:188} INFO - [2026-05-02T17:49:43.551+0000] {dagbag.py:545} INFO - Filling up the DagBag from /opt/airflow/dags/flight-pipeline.py
[2026-05-02T17:49:44.397+0000] {processor.py:840} INFO - DAG(s) 'flights_ops_medallion_pipe' retrieved from /opt/airflow/dags/flight-pipeline.py
[2026-05-02T17:49:44.426+0000] {logging_mixin.py:188} INFO - [2026-05-02T17:49:44.426+0000] {dag.py:3089} INFO - Sync 1 DAGs
[2026-05-02T17:49:44.449+0000] {logging_mixin.py:188} INFO - [2026-05-02T17:49:44.449+0000] {dag.py:3947} INFO - Setting next_dagrun for flights_ops_medallion_pipe to 2026-05-02 17:30:00+00:00, run_after=2026-05-02 18:00:00+00:00
[2026-05-02T17:49:44.471+0000] {processor.py:183} INFO - Processing /opt/airflow/dags/flight-pipeline.py took 0.945 seconds
[2026-05-02T17:50:14.657+0000] {processor.py:161} INFO - Started process (PID=11511) to work on /opt/airflow/dags/flight-pipeline.py
[2026-05-02T17:50:14.675+0000] {processor.py:830} INFO - Processing file /opt/airflow/dags/flight-pipeline.py for tasks to queue
[2026-05-02T17:50:14.676+0000] {logging_mixin.py:188} INFO - [2026-05-02T17:50:14.676+0000] {dagbag.py:545} INFO - Filling up the DagBag from /opt/airflow/dags/flight-pipeline.py
[2026-05-02T17:50:15.494+0000] {processor.py:840} INFO - DAG(s) 'flights_ops_medallion_pipe' retrieved from /opt/airflow/dags/flight-pipeline.py
[2026-05-02T17:50:15.523+0000] {logging_mixin.py:188} INFO - [2026-05-02T17:50:15.523+0000] {dag.py:3089} INFO - Sync 1 DAGs
[2026-05-02T17:50:15.544+0000] {logging_mixin.py:188} INFO - [2026-05-02T17:50:15.544+0000] {dag.py:3947} INFO - Setting next_dagrun for flights_ops_medallion_pipe to 2026-05-02 17:30:00+00:00, run_after=2026-05-02 18:00:00+00:00
[2026-05-02T17:50:15.561+0000] {processor.py:183} INFO - Processing /opt/airflow/dags/flight-pipeline.py took 0.915 seconds
[2026-05-02T17:50:45.753+0000] {processor.py:161} INFO - Started process (PID=11514) to work on /opt/airflow/dags/flight-pipeline.py
[2026-05-02T17:50:45.773+0000] {processor.py:830} INFO - Processing file /opt/airflow/dags/flight-pipeline.py for tasks to queue
[2026-05-02T17:50:45.774+0000] {logging_mixin.py:188} INFO - [2026-05-02T17:50:45.774+0000] {dagbag.py:545} INFO - Filling up the DagBag from /opt/airflow/dags/flight-pipeline.py
[2026-05-02T17:50:46.573+0000] {processor.py:840} INFO - DAG(s) 'flights_ops_medallion_pipe' retrieved from /opt/airflow/dags/flight-pipeline.py
[2026-05-02T17:50:46.601+0000] {logging_mixin.py:188} INFO - [2026-05-02T17:50:46.600+0000] {dag.py:3089} INFO - Sync 1 DAGs
[2026-05-02T17:50:46.622+0000] {logging_mixin.py:188} INFO - [2026-05-02T17:50:46.622+0000] {dag.py:3947} INFO - Setting next_dagrun for flights_ops_medallion_pipe to 2026-05-02 17:30:00+00:00, run_after=2026-05-02 18:00:00+00:00
[2026-05-02T17:50:46.638+0000] {processor.py:183} INFO - Processing /opt/airflow/dags/flight-pipeline.py took 0.893 seconds
[2026-05-02T17:51:16.941+0000] {processor.py:161} INFO - Started process (PID=11517) to work on /opt/airflow/dags/flight-pipeline.py
[2026-05-02T17:51:16.961+0000] {processor.py:830} INFO - Processing file /opt/airflow/dags/flight-pipeline.py for tasks to queue
[2026-05-02T17:51:16.963+0000] {logging_mixin.py:188} INFO - [2026-05-02T17:51:16.962+0000] {dagbag.py:545} INFO - Filling up the DagBag from /opt/airflow/dags/flight-pipeline.py
[2026-05-02T17:51:18.084+0000] {processor.py:840} INFO - DAG(s) 'flights_ops_medallion_pipe' retrieved from /opt/airflow/dags/flight-pipeline.py
[2026-05-02T17:51:18.115+0000] {logging_mixin.py:188} INFO - [2026-05-02T17:51:18.115+0000] {dag.py:3089} INFO - Sync 1 DAGs
[2026-05-02T17:51:18.137+0000] {logging_mixin.py:188} INFO - [2026-05-02T17:51:18.137+0000] {dag.py:3947} INFO - Setting next_dagrun for flights_ops_medallion_pipe to 2026-05-02 17:30:00+00:00, run_after=2026-05-02 18:00:00+00:00
[2026-05-02T17:51:18.154+0000] {processor.py:183} INFO - Processing /opt/airflow/dags/flight-pipeline.py took 1.233 seconds
[2026-05-02T17:51:48.246+0000] {processor.py:161} INFO - Started process (PID=11520) to work on /opt/airflow/dags/flight-pipeline.py
[2026-05-02T17:51:48.266+0000] {processor.py:830} INFO - Processing file /opt/airflow/dags/flight-pipeline.py for tasks to queue
[2026-05-02T17:51:48.267+0000] {logging_mixin.py:188} INFO - [2026-05-02T17:51:48.267+0000] {dagbag.py:545} INFO - Filling up the DagBag from /opt/airflow/dags/flight-pipeline.py
[2026-05-02T17:51:49.203+0000] {processor.py:840} INFO - DAG(s) 'flights_ops_medallion_pipe' retrieved from /opt/airflow/dags/flight-pipeline.py
[2026-05-02T17:51:49.239+0000] {logging_mixin.py:188} INFO - [2026-05-02T17:51:49.239+0000] {dag.py:3089} INFO - Sync 1 DAGs
[2026-05-02T17:51:49.260+0000] {logging_mixin.py:188} INFO - [2026-05-02T17:51:49.260+0000] {dag.py:3947} INFO - Setting next_dagrun for flights_ops_medallion_pipe to 2026-05-02 17:30:00+00:00, run_after=2026-05-02 18:00:00+00:00
[2026-05-02T17:51:49.283+0000] {processor.py:183} INFO - Processing /opt/airflow/dags/flight-pipeline.py took 1.051 seconds
[2026-05-02T17:52:19.515+0000] {processor.py:161} INFO - Started process (PID=11523) to work on /opt/airflow/dags/flight-pipeline.py
[2026-05-02T17:52:19.537+0000] {processor.py:830} INFO - Processing file /opt/airflow/dags/flight-pipeline.py for tasks to queue
[2026-05-02T17:52:19.539+0000] {logging_mixin.py:188} INFO - [2026-05-02T17:52:19.538+0000] {dagbag.py:545} INFO - Filling up the DagBag from /opt/airflow/dags/flight-pipeline.py
[2026-05-02T17:52:20.490+0000] {processor.py:840} INFO - DAG(s) 'flights_ops_medallion_pipe' retrieved from /opt/airflow/dags/flight-pipeline.py
[2026-05-02T17:52:20.525+0000] {logging_mixin.py:188} INFO - [2026-05-02T17:52:20.524+0000] {dag.py:3089} INFO - Sync 1 DAGs
[2026-05-02T17:52:20.548+0000] {logging_mixin.py:188} INFO - [2026-05-02T17:52:20.548+0000] {dag.py:3947} INFO - Setting next_dagrun for flights_ops_medallion_pipe to 2026-05-02 17:30:00+00:00, run_after=2026-05-02 18:00:00+00:00
[2026-05-02T17:52:20.564+0000] {processor.py:183} INFO - Processing /opt/airflow/dags/flight-pipeline.py took 1.058 seconds
[2026-05-02T17:52:50.751+0000] {processor.py:161} INFO - Started process (PID=11526) to work on /opt/airflow/dags/flight-pipeline.py
[2026-05-02T17:52:50.768+0000] {processor.py:830} INFO - Processing file /opt/airflow/dags/flight-pipeline.py for tasks to queue
[2026-05-02T17:52:50.771+0000] {logging_mixin.py:188} INFO - [2026-05-02T17:52:50.770+0000] {dagbag.py:545} INFO - Filling up the DagBag from /opt/airflow/dags/flight-pipeline.py
[2026-05-02T17:52:51.565+0000] {processor.py:840} INFO - DAG(s) 'flights_ops_medallion_pipe' retrieved from /opt/airflow/dags/flight-pipeline.py
[2026-05-02T17:52:51.596+0000] {logging_mixin.py:188} INFO - [2026-05-02T17:52:51.595+0000] {dag.py:3089} INFO - Sync 1 DAGs
[2026-05-02T17:52:51.615+0000] {logging_mixin.py:188} INFO - [2026-05-02T17:52:51.615+0000] {dag.py:3947} INFO - Setting next_dagrun for flights_ops_medallion_pipe to 2026-05-02 17:30:00+00:00, run_after=2026-05-02 18:00:00+00:00
[2026-05-02T17:52:51.632+0000] {processor.py:183} INFO - Processing /opt/airflow/dags/flight-pipeline.py took 0.890 seconds
[2026-05-02T17:53:21.824+0000] {processor.py:161} INFO - Started process (PID=11529) to work on /opt/airflow/dags/flight-pipeline.py
[2026-05-02T17:53:21.842+0000] {processor.py:830} INFO - Processing file /opt/airflow/dags/flight-pipeline.py for tasks to queue
[2026-05-02T17:53:21.843+0000] {logging_mixin.py:188} INFO - [2026-05-02T17:53:21.842+0000] {dagbag.py:545} INFO - Filling up the DagBag from /opt/airflow/dags/flight-pipeline.py
[2026-05-02T17:53:22.640+0000] {processor.py:840} INFO - DAG(s) 'flights_ops_medallion_pipe' retrieved from /opt/airflow/dags/flight-pipeline.py
[2026-05-02T17:53:22.670+0000] {logging_mixin.py:188} INFO - [2026-05-02T17:53:22.669+0000] {dag.py:3089} INFO - Sync 1 DAGs
[2026-05-02T17:53:22.690+0000] {logging_mixin.py:188} INFO - [2026-05-02T17:53:22.690+0000] {dag.py:3947} INFO - Setting next_dagrun for flights_ops_medallion_pipe to 2026-05-02 17:30:00+00:00, run_after=2026-05-02 18:00:00+00:00
[2026-05-02T17:53:22.707+0000] {processor.py:183} INFO - Processing /opt/airflow/dags/flight-pipeline.py took 0.891 seconds
[2026-05-02T17:53:52.899+0000] {processor.py:161} INFO - Started process (PID=11532) to work on /opt/airflow/dags/flight-pipeline.py
[2026-05-02T17:53:52.917+0000] {processor.py:830} INFO - Processing file /opt/airflow/dags/flight-pipeline.py for tasks to queue
[2026-05-02T17:53:52.919+0000] {logging_mixin.py:188} INFO - [2026-05-02T17:53:52.918+0000] {dagbag.py:545} INFO - Filling up the DagBag from /opt/airflow/dags/flight-pipeline.py
[2026-05-02T17:53:53.714+0000] {processor.py:840} INFO - DAG(s) 'flights_ops_medallion_pipe' retrieved from /opt/airflow/dags/flight-pipeline.py
[2026-05-02T17:53:53.744+0000] {logging_mixin.py:188} INFO - [2026-05-02T17:53:53.744+0000] {dag.py:3089} INFO - Sync 1 DAGs
[2026-05-02T17:53:53.766+0000] {logging_mixin.py:188} INFO - [2026-05-02T17:53:53.765+0000] {dag.py:3947} INFO - Setting next_dagrun for flights_ops_medallion_pipe to 2026-05-02 17:30:00+00:00, run_after=2026-05-02 18:00:00+00:00
[2026-05-02T17:53:53.782+0000] {processor.py:183} INFO - Processing /opt/airflow/dags/flight-pipeline.py took 0.891 seconds
[2026-05-02T17:54:24.010+0000] {processor.py:161} INFO - Started process (PID=11535) to work on /opt/airflow/dags/flight-pipeline.py
[2026-05-02T17:54:24.033+0000] {processor.py:830} INFO - Processing file /opt/airflow/dags/flight-pipeline.py for tasks to queue
[2026-05-02T17:54:24.036+0000] {logging_mixin.py:188} INFO - [2026-05-02T17:54:24.035+0000] {dagbag.py:545} INFO - Filling up the DagBag from /opt/airflow/dags/flight-pipeline.py
[2026-05-02T17:54:25.220+0000] {processor.py:840} INFO - DAG(s) 'flights_ops_medallion_pipe' retrieved from /opt/airflow/dags/flight-pipeline.py
[2026-05-02T17:54:25.253+0000] {logging_mixin.py:188} INFO - [2026-05-02T17:54:25.252+0000] {dag.py:3089} INFO - Sync 1 DAGs
[2026-05-02T17:54:25.272+0000] {logging_mixin.py:188} INFO - [2026-05-02T17:54:25.272+0000] {dag.py:3947} INFO - Setting next_dagrun for flights_ops_medallion_pipe to 2026-05-02 17:30:00+00:00, run_after=2026-05-02 18:00:00+00:00
[2026-05-02T17:54:25.291+0000] {processor.py:183} INFO - Processing /opt/airflow/dags/flight-pipeline.py took 1.291 seconds
[2026-05-02T17:54:55.472+0000] {processor.py:161} INFO - Started process (PID=11538) to work on /opt/airflow/dags/flight-pipeline.py
[2026-05-02T17:54:55.476+0000] {processor.py:830} INFO - Processing file /opt/airflow/dags/flight-pipeline.py for tasks to queue
[2026-05-02T17:54:55.477+0000] {logging_mixin.py:188} INFO - [2026-05-02T17:54:55.477+0000] {dagbag.py:545} INFO - Filling up the DagBag from /opt/airflow/dags/flight-pipeline.py
[2026-05-02T17:54:56.294+0000] {processor.py:840} INFO - DAG(s) 'flights_ops_medallion_pipe' retrieved from /opt/airflow/dags/flight-pipeline.py
[2026-05-02T17:54:56.327+0000] {logging_mixin.py:188} INFO - [2026-05-02T17:54:56.326+0000] {dag.py:3089} INFO - Sync 1 DAGs
[2026-05-02T17:54:56.348+0000] {logging_mixin.py:188} INFO - [2026-05-02T17:54:56.348+0000] {dag.py:3947} INFO - Setting next_dagrun for flights_ops_medallion_pipe to 2026-05-02 17:30:00+00:00, run_after=2026-05-02 18:00:00+00:00
[2026-05-02T17:54:56.365+0000] {processor.py:183} INFO - Processing /opt/airflow/dags/flight-pipeline.py took 0.901 seconds
[2026-05-02T17:55:26.703+0000] {processor.py:161} INFO - Started process (PID=11541) to work on /opt/airflow/dags/flight-pipeline.py
[2026-05-02T17:55:26.708+0000] {processor.py:830} INFO - Processing file /opt/airflow/dags/flight-pipeline.py for tasks to queue
[2026-05-02T17:55:26.709+0000] {logging_mixin.py:188} INFO - [2026-05-02T17:55:26.709+0000] {dagbag.py:545} INFO - Filling up the DagBag from /opt/airflow/dags/flight-pipeline.py
[2026-05-02T17:55:27.492+0000] {processor.py:840} INFO - DAG(s) 'flights_ops_medallion_pipe' retrieved from /opt/airflow/dags/flight-pipeline.py
[2026-05-02T17:55:27.524+0000] {logging_mixin.py:188} INFO - [2026-05-02T17:55:27.523+0000] {dag.py:3089} INFO - Sync 1 DAGs
[2026-05-02T17:55:27.543+0000] {logging_mixin.py:188} INFO - [2026-05-02T17:55:27.543+0000] {dag.py:3947} INFO - Setting next_dagrun for flights_ops_medallion_pipe to 2026-05-02 17:30:00+00:00, run_after=2026-05-02 18:00:00+00:00
[2026-05-02T17:55:27.561+0000] {processor.py:183} INFO - Processing /opt/airflow/dags/flight-pipeline.py took 0.867 seconds
[2026-05-02T17:55:57.844+0000] {processor.py:161} INFO - Started process (PID=11544) to work on /opt/airflow/dags/flight-pipeline.py
[2026-05-02T17:55:57.849+0000] {processor.py:830} INFO - Processing file /opt/airflow/dags/flight-pipeline.py for tasks to queue
[2026-05-02T17:55:57.850+0000] {logging_mixin.py:188} INFO - [2026-05-02T17:55:57.849+0000] {dagbag.py:545} INFO - Filling up the DagBag from /opt/airflow/dags/flight-pipeline.py
[2026-05-02T17:55:58.664+0000] {processor.py:840} INFO - DAG(s) 'flights_ops_medallion_pipe' retrieved from /opt/airflow/dags/flight-pipeline.py
[2026-05-02T17:55:58.694+0000] {logging_mixin.py:188} INFO - [2026-05-02T17:55:58.693+0000] {dag.py:3089} INFO - Sync 1 DAGs
[2026-05-02T17:55:58.714+0000] {logging_mixin.py:188} INFO - [2026-05-02T17:55:58.714+0000] {dag.py:3947} INFO - Setting next_dagrun for flights_ops_medallion_pipe to 2026-05-02 17:30:00+00:00, run_after=2026-05-02 18:00:00+00:00
[2026-05-02T17:55:58.732+0000] {processor.py:183} INFO - Processing /opt/airflow/dags/flight-pipeline.py took 0.896 seconds
[2026-05-02T17:56:28.981+0000] {processor.py:161} INFO - Started process (PID=11547) to work on /opt/airflow/dags/flight-pipeline.py
[2026-05-02T17:56:28.986+0000] {processor.py:830} INFO - Processing file /opt/airflow/dags/flight-pipeline.py for tasks to queue
[2026-05-02T17:56:28.988+0000] {logging_mixin.py:188} INFO - [2026-05-02T17:56:28.987+0000] {dagbag.py:545} INFO - Filling up the DagBag from /opt/airflow/dags/flight-pipeline.py
[2026-05-02T17:56:29.913+0000] {processor.py:840} INFO - DAG(s) 'flights_ops_medallion_pipe' retrieved from /opt/airflow/dags/flight-pipeline.py
[2026-05-02T17:56:29.963+0000] {logging_mixin.py:188} INFO - [2026-05-02T17:56:29.962+0000] {dag.py:3089} INFO - Sync 1 DAGs
[2026-05-02T17:56:30.000+0000] {logging_mixin.py:188} INFO - [2026-05-02T17:56:29.999+0000] {dag.py:3947} INFO - Setting next_dagrun for flights_ops_medallion_pipe to 2026-05-02 17:30:00+00:00, run_after=2026-05-02 18:00:00+00:00
[2026-05-02T17:56:30.026+0000] {processor.py:183} INFO - Processing /opt/airflow/dags/flight-pipeline.py took 1.055 seconds
[2026-05-02T17:57:00.258+0000] {processor.py:161} INFO - Started process (PID=11550) to work on /opt/airflow/dags/flight-pipeline.py
[2026-05-02T17:57:00.262+0000] {processor.py:830} INFO - Processing file /opt/airflow/dags/flight-pipeline.py for tasks to queue
[2026-05-02T17:57:00.263+0000] {logging_mixin.py:188} INFO - [2026-05-02T17:57:00.262+0000] {dagbag.py:545} INFO - Filling up the DagBag from /opt/airflow/dags/flight-pipeline.py
[2026-05-02T17:57:01.099+0000] {processor.py:840} INFO - DAG(s) 'flights_ops_medallion_pipe' retrieved from /opt/airflow/dags/flight-pipeline.py
[2026-05-02T17:57:01.152+0000] {logging_mixin.py:188} INFO - [2026-05-02T17:57:01.151+0000] {dag.py:3089} INFO - Sync 1 DAGs
[2026-05-02T17:57:01.188+0000] {logging_mixin.py:188} INFO - [2026-05-02T17:57:01.188+0000] {dag.py:3947} INFO - Setting next_dagrun for flights_ops_medallion_pipe to 2026-05-02 17:30:00+00:00, run_after=2026-05-02 18:00:00+00:00
[2026-05-02T17:57:01.223+0000] {processor.py:183} INFO - Processing /opt/airflow/dags/flight-pipeline.py took 0.974 seconds
[2026-05-02T17:57:31.499+0000] {processor.py:161} INFO - Started process (PID=11553) to work on /opt/airflow/dags/flight-pipeline.py
[2026-05-02T17:57:31.505+0000] {processor.py:830} INFO - Processing file /opt/airflow/dags/flight-pipeline.py for tasks to queue
[2026-05-02T17:57:31.508+0000] {logging_mixin.py:188} INFO - [2026-05-02T17:57:31.507+0000] {dagbag.py:545} INFO - Filling up the DagBag from /opt/airflow/dags/flight-pipeline.py
[2026-05-02T17:57:32.794+0000] {processor.py:840} INFO - DAG(s) 'flights_ops_medallion_pipe' retrieved from /opt/airflow/dags/flight-pipeline.py
[2026-05-02T17:57:32.828+0000] {logging_mixin.py:188} INFO - [2026-05-02T17:57:32.827+0000] {dag.py:3089} INFO - Sync 1 DAGs
[2026-05-02T17:57:32.848+0000] {logging_mixin.py:188} INFO - [2026-05-02T17:57:32.848+0000] {dag.py:3947} INFO - Setting next_dagrun for flights_ops_medallion_pipe to 2026-05-02 17:30:00+00:00, run_after=2026-05-02 18:00:00+00:00
[2026-05-02T17:57:32.865+0000] {processor.py:183} INFO - Processing /opt/airflow/dags/flight-pipeline.py took 1.379 seconds
[2026-05-02T17:58:02.926+0000] {processor.py:161} INFO - Started process (PID=11556) to work on /opt/airflow/dags/flight-pipeline.py
[2026-05-02T17:58:02.931+0000] {processor.py:830} INFO - Processing file /opt/airflow/dags/flight-pipeline.py for tasks to queue
[2026-05-02T17:58:02.932+0000] {logging_mixin.py:188} INFO - [2026-05-02T17:58:02.932+0000] {dagbag.py:545} INFO - Filling up the DagBag from /opt/airflow/dags/flight-pipeline.py
[2026-05-02T17:58:04.290+0000] {processor.py:840} INFO - DAG(s) 'flights_ops_medallion_pipe' retrieved from /opt/airflow/dags/flight-pipeline.py
[2026-05-02T17:58:04.339+0000] {logging_mixin.py:188} INFO - [2026-05-02T17:58:04.338+0000] {dag.py:3089} INFO - Sync 1 DAGs
[2026-05-02T17:58:04.370+0000] {logging_mixin.py:188} INFO - [2026-05-02T17:58:04.370+0000] {dag.py:3947} INFO - Setting next_dagrun for flights_ops_medallion_pipe to 2026-05-02 17:30:00+00:00, run_after=2026-05-02 18:00:00+00:00
[2026-05-02T17:58:04.393+0000] {processor.py:183} INFO - Processing /opt/airflow/dags/flight-pipeline.py took 1.479 seconds
[2026-05-02T17:58:34.638+0000] {processor.py:161} INFO - Started process (PID=11559) to work on /opt/airflow/dags/flight-pipeline.py
[2026-05-02T17:58:34.642+0000] {processor.py:830} INFO - Processing file /opt/airflow/dags/flight-pipeline.py for tasks to queue
[2026-05-02T17:58:34.643+0000] {logging_mixin.py:188} INFO - [2026-05-02T17:58:34.643+0000] {dagbag.py:545} INFO - Filling up the DagBag from /opt/airflow/dags/flight-pipeline.py
[2026-05-02T17:58:35.558+0000] {processor.py:840} INFO - DAG(s) 'flights_ops_medallion_pipe' retrieved from /opt/airflow/dags/flight-pipeline.py
[2026-05-02T17:58:35.586+0000] {logging_mixin.py:188} INFO - [2026-05-02T17:58:35.586+0000] {dag.py:3089} INFO - Sync 1 DAGs
[2026-05-02T17:58:35.605+0000] {logging_mixin.py:188} INFO - [2026-05-02T17:58:35.605+0000] {dag.py:3947} INFO - Setting next_dagrun for flights_ops_medallion_pipe to 2026-05-02 17:30:00+00:00, run_after=2026-05-02 18:00:00+00:00
[2026-05-02T17:58:35.624+0000] {processor.py:183} INFO - Processing /opt/airflow/dags/flight-pipeline.py took 0.997 seconds
[2026-05-02T17:59:06.072+0000] {processor.py:161} INFO - Started process (PID=11562) to work on /opt/airflow/dags/flight-pipeline.py
[2026-05-02T17:59:06.078+0000] {processor.py:830} INFO - Processing file /opt/airflow/dags/flight-pipeline.py for tasks to queue
[2026-05-02T17:59:06.080+0000] {logging_mixin.py:188} INFO - [2026-05-02T17:59:06.079+0000] {dagbag.py:545} INFO - Filling up the DagBag from /opt/airflow/dags/flight-pipeline.py
[2026-05-02T17:59:07.080+0000] {processor.py:840} INFO - DAG(s) 'flights_ops_medallion_pipe' retrieved from /opt/airflow/dags/flight-pipeline.py
[2026-05-02T17:59:07.120+0000] {logging_mixin.py:188} INFO - [2026-05-02T17:59:07.120+0000] {dag.py:3089} INFO - Sync 1 DAGs
[2026-05-02T17:59:07.143+0000] {logging_mixin.py:188} INFO - [2026-05-02T17:59:07.143+0000] {dag.py:3947} INFO - Setting next_dagrun for flights_ops_medallion_pipe to 2026-05-02 17:30:00+00:00, run_after=2026-05-02 18:00:00+00:00
[2026-05-02T17:59:07.162+0000] {processor.py:183} INFO - Processing /opt/airflow/dags/flight-pipeline.py took 1.113 seconds
[2026-05-02T17:59:37.335+0000] {processor.py:161} INFO - Started process (PID=11565) to work on /opt/airflow/dags/flight-pipeline.py
[2026-05-02T17:59:37.344+0000] {processor.py:830} INFO - Processing file /opt/airflow/dags/flight-pipeline.py for tasks to queue
[2026-05-02T17:59:37.351+0000] {logging_mixin.py:188} INFO - [2026-05-02T17:59:37.348+0000] {dagbag.py:545} INFO - Filling up the DagBag from /opt/airflow/dags/flight-pipeline.py
[2026-05-02T17:59:38.891+0000] {processor.py:840} INFO - DAG(s) 'flights_ops_medallion_pipe' retrieved from /opt/airflow/dags/flight-pipeline.py
[2026-05-02T17:59:38.994+0000] {logging_mixin.py:188} INFO - [2026-05-02T17:59:38.993+0000] {dag.py:3089} INFO - Sync 1 DAGs
[2026-05-02T17:59:39.030+0000] {logging_mixin.py:188} INFO - [2026-05-02T17:59:39.029+0000] {dag.py:3947} INFO - Setting next_dagrun for flights_ops_medallion_pipe to 2026-05-02 17:30:00+00:00, run_after=2026-05-02 18:00:00+00:00
[2026-05-02T17:59:39.057+0000] {processor.py:183} INFO - Processing /opt/airflow/dags/flight-pipeline.py took 1.751 seconds
[2026-05-02T18:00:09.418+0000] {processor.py:161} INFO - Started process (PID=11579) to work on /opt/airflow/dags/flight-pipeline.py
[2026-05-02T18:00:09.422+0000] {processor.py:830} INFO - Processing file /opt/airflow/dags/flight-pipeline.py for tasks to queue
[2026-05-02T18:00:09.424+0000] {logging_mixin.py:188} INFO - [2026-05-02T18:00:09.423+0000] {dagbag.py:545} INFO - Filling up the DagBag from /opt/airflow/dags/flight-pipeline.py
[2026-05-02T18:00:12.623+0000] {processor.py:840} INFO - DAG(s) 'flights_ops_medallion_pipe' retrieved from /opt/airflow/dags/flight-pipeline.py
[2026-05-02T18:00:12.678+0000] {logging_mixin.py:188} INFO - [2026-05-02T18:00:12.678+0000] {dag.py:3089} INFO - Sync 1 DAGs
[2026-05-02T18:00:12.730+0000] {logging_mixin.py:188} INFO - [2026-05-02T18:00:12.729+0000] {dag.py:3947} INFO - Setting next_dagrun for flights_ops_medallion_pipe to 2026-05-02 18:00:00+00:00, run_after=2026-05-02 18:30:00+00:00
[2026-05-02T18:00:12.766+0000] {processor.py:183} INFO - Processing /opt/airflow/dags/flight-pipeline.py took 3.358 seconds
[2026-05-02T18:00:43.028+0000] {processor.py:161} INFO - Started process (PID=11615) to work on /opt/airflow/dags/flight-pipeline.py
[2026-05-02T18:00:43.034+0000] {processor.py:830} INFO - Processing file /opt/airflow/dags/flight-pipeline.py for tasks to queue
[2026-05-02T18:00:43.035+0000] {logging_mixin.py:188} INFO - [2026-05-02T18:00:43.034+0000] {dagbag.py:545} INFO - Filling up the DagBag from /opt/airflow/dags/flight-pipeline.py
[2026-05-02T18:00:44.255+0000] {processor.py:840} INFO - DAG(s) 'flights_ops_medallion_pipe' retrieved from /opt/airflow/dags/flight-pipeline.py
[2026-05-02T18:00:44.378+0000] {logging_mixin.py:188} INFO - [2026-05-02T18:00:44.377+0000] {dag.py:3089} INFO - Sync 1 DAGs
[2026-05-02T18:00:44.469+0000] {logging_mixin.py:188} INFO - [2026-05-02T18:00:44.468+0000] {dag.py:3947} INFO - Setting next_dagrun for flights_ops_medallion_pipe to 2026-05-02 18:00:00+00:00, run_after=2026-05-02 18:30:00+00:00
[2026-05-02T18:00:44.518+0000] {processor.py:183} INFO - Processing /opt/airflow/dags/flight-pipeline.py took 1.499 seconds
[2026-05-02T18:01:14.742+0000] {processor.py:161} INFO - Started process (PID=11618) to work on /opt/airflow/dags/flight-pipeline.py
[2026-05-02T18:01:14.752+0000] {processor.py:830} INFO - Processing file /opt/airflow/dags/flight-pipeline.py for tasks to queue
[2026-05-02T18:01:14.755+0000] {logging_mixin.py:188} INFO - [2026-05-02T18:01:14.755+0000] {dagbag.py:545} INFO - Filling up the DagBag from /opt/airflow/dags/flight-pipeline.py
[2026-05-02T18:01:15.779+0000] {processor.py:840} INFO - DAG(s) 'flights_ops_medallion_pipe' retrieved from /opt/airflow/dags/flight-pipeline.py
[2026-05-02T18:01:15.811+0000] {logging_mixin.py:188} INFO - [2026-05-02T18:01:15.810+0000] {dag.py:3089} INFO - Sync 1 DAGs
[2026-05-02T18:01:15.832+0000] {logging_mixin.py:188} INFO - [2026-05-02T18:01:15.831+0000] {dag.py:3947} INFO - Setting next_dagrun for flights_ops_medallion_pipe to 2026-05-02 18:00:00+00:00, run_after=2026-05-02 18:30:00+00:00
[2026-05-02T18:01:15.851+0000] {processor.py:183} INFO - Processing /opt/airflow/dags/flight-pipeline.py took 1.117 seconds
[2026-05-02T18:01:46.045+0000] {processor.py:161} INFO - Started process (PID=11621) to work on /opt/airflow/dags/flight-pipeline.py
[2026-05-02T18:01:46.052+0000] {processor.py:830} INFO - Processing file /opt/airflow/dags/flight-pipeline.py for tasks to queue
[2026-05-02T18:01:46.055+0000] {logging_mixin.py:188} INFO - [2026-05-02T18:01:46.054+0000] {dagbag.py:545} INFO - Filling up the DagBag from /opt/airflow/dags/flight-pipeline.py
[2026-05-02T18:01:47.072+0000] {processor.py:840} INFO - DAG(s) 'flights_ops_medallion_pipe' retrieved from /opt/airflow/dags/flight-pipeline.py
[2026-05-02T18:01:47.102+0000] {logging_mixin.py:188} INFO - [2026-05-02T18:01:47.101+0000] {dag.py:3089} INFO - Sync 1 DAGs
[2026-05-02T18:01:47.122+0000] {logging_mixin.py:188} INFO - [2026-05-02T18:01:47.122+0000] {dag.py:3947} INFO - Setting next_dagrun for flights_ops_medallion_pipe to 2026-05-02 18:00:00+00:00, run_after=2026-05-02 18:30:00+00:00
[2026-05-02T18:01:47.141+0000] {processor.py:183} INFO - Processing /opt/airflow/dags/flight-pipeline.py took 1.108 seconds
[2026-05-02T18:02:17.412+0000] {processor.py:161} INFO - Started process (PID=11624) to work on /opt/airflow/dags/flight-pipeline.py
[2026-05-02T18:02:17.416+0000] {processor.py:830} INFO - Processing file /opt/airflow/dags/flight-pipeline.py for tasks to queue
[2026-05-02T18:02:17.418+0000] {logging_mixin.py:188} INFO - [2026-05-02T18:02:17.418+0000] {dagbag.py:545} INFO - Filling up the DagBag from /opt/airflow/dags/flight-pipeline.py
[2026-05-02T18:02:18.401+0000] {processor.py:840} INFO - DAG(s) 'flights_ops_medallion_pipe' retrieved from /opt/airflow/dags/flight-pipeline.py
[2026-05-02T18:02:18.471+0000] {logging_mixin.py:188} INFO - [2026-05-02T18:02:18.471+0000] {dag.py:3089} INFO - Sync 1 DAGs
[2026-05-02T18:02:18.494+0000] {logging_mixin.py:188} INFO - [2026-05-02T18:02:18.494+0000] {dag.py:3947} INFO - Setting next_dagrun for flights_ops_medallion_pipe to 2026-05-02 18:00:00+00:00, run_after=2026-05-02 18:30:00+00:00
[2026-05-02T18:02:18.515+0000] {processor.py:183} INFO - Processing /opt/airflow/dags/flight-pipeline.py took 1.112 seconds
[2026-05-02T18:02:48.656+0000] {processor.py:161} INFO - Started process (PID=11627) to work on /opt/airflow/dags/flight-pipeline.py
[2026-05-02T18:02:48.660+0000] {processor.py:830} INFO - Processing file /opt/airflow/dags/flight-pipeline.py for tasks to queue
[2026-05-02T18:02:48.661+0000] {logging_mixin.py:188} INFO - [2026-05-02T18:02:48.661+0000] {dagbag.py:545} INFO - Filling up the DagBag from /opt/airflow/dags/flight-pipeline.py
[2026-05-02T18:02:49.579+0000] {processor.py:840} INFO - DAG(s) 'flights_ops_medallion_pipe' retrieved from /opt/airflow/dags/flight-pipeline.py
[2026-05-02T18:02:49.618+0000] {logging_mixin.py:188} INFO - [2026-05-02T18:02:49.617+0000] {dag.py:3089} INFO - Sync 1 DAGs
[2026-05-02T18:02:49.642+0000] {logging_mixin.py:188} INFO - [2026-05-02T18:02:49.642+0000] {dag.py:3947} INFO - Setting next_dagrun for flights_ops_medallion_pipe to 2026-05-02 18:00:00+00:00, run_after=2026-05-02 18:30:00+00:00
[2026-05-02T18:02:49.660+0000] {processor.py:183} INFO - Processing /opt/airflow/dags/flight-pipeline.py took 1.014 seconds
[2026-05-02T18:03:19.902+0000] {processor.py:161} INFO - Started process (PID=11630) to work on /opt/airflow/dags/flight-pipeline.py
[2026-05-02T18:03:19.906+0000] {processor.py:830} INFO - Processing file /opt/airflow/dags/flight-pipeline.py for tasks to queue
[2026-05-02T18:03:19.907+0000] {logging_mixin.py:188} INFO - [2026-05-02T18:03:19.907+0000] {dagbag.py:545} INFO - Filling up the DagBag from /opt/airflow/dags/flight-pipeline.py
[2026-05-02T18:03:20.776+0000] {processor.py:840} INFO - DAG(s) 'flights_ops_medallion_pipe' retrieved from /opt/airflow/dags/flight-pipeline.py
[2026-05-02T18:03:20.809+0000] {logging_mixin.py:188} INFO - [2026-05-02T18:03:20.809+0000] {dag.py:3089} INFO - Sync 1 DAGs
[2026-05-02T18:03:20.832+0000] {logging_mixin.py:188} INFO - [2026-05-02T18:03:20.831+0000] {dag.py:3947} INFO - Setting next_dagrun for flights_ops_medallion_pipe to 2026-05-02 18:00:00+00:00, run_after=2026-05-02 18:30:00+00:00
[2026-05-02T18:03:20.849+0000] {processor.py:183} INFO - Processing /opt/airflow/dags/flight-pipeline.py took 0.957 seconds
[2026-05-02T18:03:51.135+0000] {processor.py:161} INFO - Started process (PID=11633) to work on /opt/airflow/dags/flight-pipeline.py
[2026-05-02T18:03:51.140+0000] {processor.py:830} INFO - Processing file /opt/airflow/dags/flight-pipeline.py for tasks to queue
[2026-05-02T18:03:51.145+0000] {logging_mixin.py:188} INFO - [2026-05-02T18:03:51.144+0000] {dagbag.py:545} INFO - Filling up the DagBag from /opt/airflow/dags/flight-pipeline.py
[2026-05-02T18:03:52.225+0000] {processor.py:840} INFO - DAG(s) 'flights_ops_medallion_pipe' retrieved from /opt/airflow/dags/flight-pipeline.py
[2026-05-02T18:03:52.259+0000] {logging_mixin.py:188} INFO - [2026-05-02T18:03:52.259+0000] {dag.py:3089} INFO - Sync 1 DAGs
[2026-05-02T18:03:52.280+0000] {logging_mixin.py:188} INFO - [2026-05-02T18:03:52.280+0000] {dag.py:3947} INFO - Setting next_dagrun for flights_ops_medallion_pipe to 2026-05-02 18:00:00+00:00, run_after=2026-05-02 18:30:00+00:00
[2026-05-02T18:03:52.300+0000] {processor.py:183} INFO - Processing /opt/airflow/dags/flight-pipeline.py took 1.189 seconds
[2026-05-02T18:04:22.363+0000] {processor.py:161} INFO - Started process (PID=11636) to work on /opt/airflow/dags/flight-pipeline.py
[2026-05-02T18:04:22.367+0000] {processor.py:830} INFO - Processing file /opt/airflow/dags/flight-pipeline.py for tasks to queue
[2026-05-02T18:04:22.369+0000] {logging_mixin.py:188} INFO - [2026-05-02T18:04:22.369+0000] {dagbag.py:545} INFO - Filling up the DagBag from /opt/airflow/dags/flight-pipeline.py
[2026-05-02T18:04:23.256+0000] {processor.py:840} INFO - DAG(s) 'flights_ops_medallion_pipe' retrieved from /opt/airflow/dags/flight-pipeline.py
[2026-05-02T18:04:23.299+0000] {logging_mixin.py:188} INFO - [2026-05-02T18:04:23.299+0000] {dag.py:3089} INFO - Sync 1 DAGs
[2026-05-02T18:04:23.323+0000] {logging_mixin.py:188} INFO - [2026-05-02T18:04:23.322+0000] {dag.py:3947} INFO - Setting next_dagrun for flights_ops_medallion_pipe to 2026-05-02 18:00:00+00:00, run_after=2026-05-02 18:30:00+00:00
[2026-05-02T18:04:23.340+0000] {processor.py:183} INFO - Processing /opt/airflow/dags/flight-pipeline.py took 0.985 seconds
[2026-05-02T18:04:53.613+0000] {processor.py:161} INFO - Started process (PID=11639) to work on /opt/airflow/dags/flight-pipeline.py
[2026-05-02T18:04:53.617+0000] {processor.py:830} INFO - Processing file /opt/airflow/dags/flight-pipeline.py for tasks to queue
[2026-05-02T18:04:53.618+0000] {logging_mixin.py:188} INFO - [2026-05-02T18:04:53.618+0000] {dagbag.py:545} INFO - Filling up the DagBag from /opt/airflow/dags/flight-pipeline.py
[2026-05-02T18:04:54.599+0000] {processor.py:840} INFO - DAG(s) 'flights_ops_medallion_pipe' retrieved from /opt/airflow/dags/flight-pipeline.py
[2026-05-02T18:04:54.630+0000] {logging_mixin.py:188} INFO - [2026-05-02T18:04:54.629+0000] {dag.py:3089} INFO - Sync 1 DAGs
[2026-05-02T18:04:54.655+0000] {logging_mixin.py:188} INFO - [2026-05-02T18:04:54.655+0000] {dag.py:3947} INFO - Setting next_dagrun for flights_ops_medallion_pipe to 2026-05-02 18:00:00+00:00, run_after=2026-05-02 18:30:00+00:00
[2026-05-02T18:04:54.675+0000] {processor.py:183} INFO - Processing /opt/airflow/dags/flight-pipeline.py took 1.074 seconds
[2026-05-02T18:05:24.918+0000] {processor.py:161} INFO - Started process (PID=11642) to work on /opt/airflow/dags/flight-pipeline.py
[2026-05-02T18:05:24.922+0000] {processor.py:830} INFO - Processing file /opt/airflow/dags/flight-pipeline.py for tasks to queue
[2026-05-02T18:05:24.924+0000] {logging_mixin.py:188} INFO - [2026-05-02T18:05:24.923+0000] {dagbag.py:545} INFO - Filling up the DagBag from /opt/airflow/dags/flight-pipeline.py
[2026-05-02T18:05:26.588+0000] {processor.py:840} INFO - DAG(s) 'flights_ops_medallion_pipe' retrieved from /opt/airflow/dags/flight-pipeline.py
[2026-05-02T18:05:26.630+0000] {logging_mixin.py:188} INFO - [2026-05-02T18:05:26.629+0000] {dag.py:3089} INFO - Sync 1 DAGs
[2026-05-02T18:05:26.657+0000] {logging_mixin.py:188} INFO - [2026-05-02T18:05:26.656+0000] {dag.py:3947} INFO - Setting next_dagrun for flights_ops_medallion_pipe to 2026-05-02 18:00:00+00:00, run_after=2026-05-02 18:30:00+00:00
[2026-05-02T18:05:26.677+0000] {processor.py:183} INFO - Processing /opt/airflow/dags/flight-pipeline.py took 1.772 seconds
[2026-05-02T18:05:57.017+0000] {processor.py:161} INFO - Started process (PID=11645) to work on /opt/airflow/dags/flight-pipeline.py
[2026-05-02T18:05:57.024+0000] {processor.py:830} INFO - Processing file /opt/airflow/dags/flight-pipeline.py for tasks to queue
[2026-05-02T18:05:57.025+0000] {logging_mixin.py:188} INFO - [2026-05-02T18:05:57.025+0000] {dagbag.py:545} INFO - Filling up the DagBag from /opt/airflow/dags/flight-pipeline.py
[2026-05-02T18:05:58.174+0000] {processor.py:840} INFO - DAG(s) 'flights_ops_medallion_pipe' retrieved from /opt/airflow/dags/flight-pipeline.py
[2026-05-02T18:05:58.208+0000] {logging_mixin.py:188} INFO - [2026-05-02T18:05:58.208+0000] {dag.py:3089} INFO - Sync 1 DAGs
[2026-05-02T18:05:58.233+0000] {logging_mixin.py:188} INFO - [2026-05-02T18:05:58.232+0000] {dag.py:3947} INFO - Setting next_dagrun for flights_ops_medallion_pipe to 2026-05-02 18:00:00+00:00, run_after=2026-05-02 18:30:00+00:00
[2026-05-02T18:05:58.252+0000] {processor.py:183} INFO - Processing /opt/airflow/dags/flight-pipeline.py took 1.247 seconds
[2026-05-02T18:06:28.478+0000] {processor.py:161} INFO - Started process (PID=11648) to work on /opt/airflow/dags/flight-pipeline.py
[2026-05-02T18:06:28.515+0000] {processor.py:830} INFO - Processing file /opt/airflow/dags/flight-pipeline.py for tasks to queue
[2026-05-02T18:06:28.545+0000] {logging_mixin.py:188} INFO - [2026-05-02T18:06:28.543+0000] {dagbag.py:545} INFO - Filling up the DagBag from /opt/airflow/dags/flight-pipeline.py
[2026-05-02T18:06:30.330+0000] {processor.py:840} INFO - DAG(s) 'flights_ops_medallion_pipe' retrieved from /opt/airflow/dags/flight-pipeline.py
[2026-05-02T18:06:30.370+0000] {logging_mixin.py:188} INFO - [2026-05-02T18:06:30.369+0000] {dag.py:3089} INFO - Sync 1 DAGs
[2026-05-02T18:06:30.392+0000] {logging_mixin.py:188} INFO - [2026-05-02T18:06:30.392+0000] {dag.py:3947} INFO - Setting next_dagrun for flights_ops_medallion_pipe to 2026-05-02 18:00:00+00:00, run_after=2026-05-02 18:30:00+00:00
[2026-05-02T18:06:30.411+0000] {processor.py:183} INFO - Processing /opt/airflow/dags/flight-pipeline.py took 1.966 seconds
[2026-05-02T18:07:00.806+0000] {processor.py:161} INFO - Started process (PID=11651) to work on /opt/airflow/dags/flight-pipeline.py
[2026-05-02T18:07:00.826+0000] {processor.py:830} INFO - Processing file /opt/airflow/dags/flight-pipeline.py for tasks to queue
[2026-05-02T18:07:00.827+0000] {logging_mixin.py:188} INFO - [2026-05-02T18:07:00.827+0000] {dagbag.py:545} INFO - Filling up the DagBag from /opt/airflow/dags/flight-pipeline.py
[2026-05-02T18:07:01.909+0000] {processor.py:840} INFO - DAG(s) 'flights_ops_medallion_pipe' retrieved from /opt/airflow/dags/flight-pipeline.py
[2026-05-02T18:07:01.939+0000] {logging_mixin.py:188} INFO - [2026-05-02T18:07:01.938+0000] {dag.py:3089} INFO - Sync 1 DAGs
[2026-05-02T18:07:01.961+0000] {logging_mixin.py:188} INFO - [2026-05-02T18:07:01.961+0000] {dag.py:3947} INFO - Setting next_dagrun for flights_ops_medallion_pipe to 2026-05-02 18:00:00+00:00, run_after=2026-05-02 18:30:00+00:00
[2026-05-02T18:07:01.981+0000] {processor.py:183} INFO - Processing /opt/airflow/dags/flight-pipeline.py took 1.191 seconds
[2026-05-02T18:07:32.116+0000] {processor.py:161} INFO - Started process (PID=11654) to work on /opt/airflow/dags/flight-pipeline.py
[2026-05-02T18:07:32.121+0000] {processor.py:830} INFO - Processing file /opt/airflow/dags/flight-pipeline.py for tasks to queue
[2026-05-02T18:07:32.124+0000] {logging_mixin.py:188} INFO - [2026-05-02T18:07:32.124+0000] {dagbag.py:545} INFO - Filling up the DagBag from /opt/airflow/dags/flight-pipeline.py
[2026-05-02T18:07:33.192+0000] {processor.py:840} INFO - DAG(s) 'flights_ops_medallion_pipe' retrieved from /opt/airflow/dags/flight-pipeline.py
[2026-05-02T18:07:33.231+0000] {logging_mixin.py:188} INFO - [2026-05-02T18:07:33.231+0000] {dag.py:3089} INFO - Sync 1 DAGs
[2026-05-02T18:07:33.260+0000] {logging_mixin.py:188} INFO - [2026-05-02T18:07:33.260+0000] {dag.py:3947} INFO - Setting next_dagrun for flights_ops_medallion_pipe to 2026-05-02 18:00:00+00:00, run_after=2026-05-02 18:30:00+00:00
[2026-05-02T18:07:33.290+0000] {processor.py:183} INFO - Processing /opt/airflow/dags/flight-pipeline.py took 1.189 seconds
[2026-05-02T18:08:03.635+0000] {processor.py:161} INFO - Started process (PID=11657) to work on /opt/airflow/dags/flight-pipeline.py
[2026-05-02T18:08:03.641+0000] {processor.py:830} INFO - Processing file /opt/airflow/dags/flight-pipeline.py for tasks to queue
[2026-05-02T18:08:03.643+0000] {logging_mixin.py:188} INFO - [2026-05-02T18:08:03.642+0000] {dagbag.py:545} INFO - Filling up the DagBag from /opt/airflow/dags/flight-pipeline.py
[2026-05-02T18:08:04.758+0000] {processor.py:840} INFO - DAG(s) 'flights_ops_medallion_pipe' retrieved from /opt/airflow/dags/flight-pipeline.py
[2026-05-02T18:08:04.794+0000] {logging_mixin.py:188} INFO - [2026-05-02T18:08:04.793+0000] {dag.py:3089} INFO - Sync 1 DAGs
[2026-05-02T18:08:04.825+0000] {logging_mixin.py:188} INFO - [2026-05-02T18:08:04.825+0000] {dag.py:3947} INFO - Setting next_dagrun for flights_ops_medallion_pipe to 2026-05-02 18:00:00+00:00, run_after=2026-05-02 18:30:00+00:00
[2026-05-02T18:08:04.847+0000] {processor.py:183} INFO - Processing /opt/airflow/dags/flight-pipeline.py took 1.229 seconds
[2026-05-02T18:08:34.906+0000] {processor.py:161} INFO - Started process (PID=11660) to work on /opt/airflow/dags/flight-pipeline.py
[2026-05-02T18:08:34.915+0000] {processor.py:830} INFO - Processing file /opt/airflow/dags/flight-pipeline.py for tasks to queue
[2026-05-02T18:08:34.919+0000] {logging_mixin.py:188} INFO - [2026-05-02T18:08:34.916+0000] {dagbag.py:545} INFO - Filling up the DagBag from /opt/airflow/dags/flight-pipeline.py
[2026-05-02T18:08:36.285+0000] {processor.py:840} INFO - DAG(s) 'flights_ops_medallion_pipe' retrieved from /opt/airflow/dags/flight-pipeline.py
[2026-05-02T18:08:36.345+0000] {logging_mixin.py:188} INFO - [2026-05-02T18:08:36.344+0000] {dag.py:3089} INFO - Sync 1 DAGs
[2026-05-02T18:08:36.380+0000] {logging_mixin.py:188} INFO - [2026-05-02T18:08:36.380+0000] {dag.py:3947} INFO - Setting next_dagrun for flights_ops_medallion_pipe to 2026-05-02 18:00:00+00:00, run_after=2026-05-02 18:30:00+00:00
[2026-05-02T18:08:36.408+0000] {processor.py:183} INFO - Processing /opt/airflow/dags/flight-pipeline.py took 1.520 seconds
[2026-05-02T18:09:06.692+0000] {processor.py:161} INFO - Started process (PID=11663) to work on /opt/airflow/dags/flight-pipeline.py
[2026-05-02T18:09:06.698+0000] {processor.py:830} INFO - Processing file /opt/airflow/dags/flight-pipeline.py for tasks to queue
[2026-05-02T18:09:06.699+0000] {logging_mixin.py:188} INFO - [2026-05-02T18:09:06.698+0000] {dagbag.py:545} INFO - Filling up the DagBag from /opt/airflow/dags/flight-pipeline.py
[2026-05-02T18:09:07.570+0000] {processor.py:840} INFO - DAG(s) 'flights_ops_medallion_pipe' retrieved from /opt/airflow/dags/flight-pipeline.py
[2026-05-02T18:09:07.603+0000] {logging_mixin.py:188} INFO - [2026-05-02T18:09:07.602+0000] {dag.py:3089} INFO - Sync 1 DAGs
[2026-05-02T18:09:07.625+0000] {logging_mixin.py:188} INFO - [2026-05-02T18:09:07.625+0000] {dag.py:3947} INFO - Setting next_dagrun for flights_ops_medallion_pipe to 2026-05-02 18:00:00+00:00, run_after=2026-05-02 18:30:00+00:00
[2026-05-02T18:09:07.644+0000] {processor.py:183} INFO - Processing /opt/airflow/dags/flight-pipeline.py took 0.969 seconds
[2026-05-02T18:09:37.929+0000] {processor.py:161} INFO - Started process (PID=11666) to work on /opt/airflow/dags/flight-pipeline.py
[2026-05-02T18:09:37.933+0000] {processor.py:830} INFO - Processing file /opt/airflow/dags/flight-pipeline.py for tasks to queue
[2026-05-02T18:09:37.935+0000] {logging_mixin.py:188} INFO - [2026-05-02T18:09:37.934+0000] {dagbag.py:545} INFO - Filling up the DagBag from /opt/airflow/dags/flight-pipeline.py
[2026-05-02T18:09:38.804+0000] {processor.py:840} INFO - DAG(s) 'flights_ops_medallion_pipe' retrieved from /opt/airflow/dags/flight-pipeline.py
[2026-05-02T18:09:38.836+0000] {logging_mixin.py:188} INFO - [2026-05-02T18:09:38.835+0000] {dag.py:3089} INFO - Sync 1 DAGs
[2026-05-02T18:09:38.858+0000] {logging_mixin.py:188} INFO - [2026-05-02T18:09:38.857+0000] {dag.py:3947} INFO - Setting next_dagrun for flights_ops_medallion_pipe to 2026-05-02 18:00:00+00:00, run_after=2026-05-02 18:30:00+00:00
[2026-05-02T18:09:38.875+0000] {processor.py:183} INFO - Processing /opt/airflow/dags/flight-pipeline.py took 0.954 seconds
[2026-05-02T18:10:09.118+0000] {processor.py:161} INFO - Started process (PID=11669) to work on /opt/airflow/dags/flight-pipeline.py
[2026-05-02T18:10:09.136+0000] {processor.py:830} INFO - Processing file /opt/airflow/dags/flight-pipeline.py for tasks to queue
[2026-05-02T18:10:09.138+0000] {logging_mixin.py:188} INFO - [2026-05-02T18:10:09.137+0000] {dagbag.py:545} INFO - Filling up the DagBag from /opt/airflow/dags/flight-pipeline.py
[2026-05-02T18:10:09.994+0000] {processor.py:840} INFO - DAG(s) 'flights_ops_medallion_pipe' retrieved from /opt/airflow/dags/flight-pipeline.py
[2026-05-02T18:10:10.026+0000] {logging_mixin.py:188} INFO - [2026-05-02T18:10:10.026+0000] {dag.py:3089} INFO - Sync 1 DAGs
[2026-05-02T18:10:10.048+0000] {logging_mixin.py:188} INFO - [2026-05-02T18:10:10.048+0000] {dag.py:3947} INFO - Setting next_dagrun for flights_ops_medallion_pipe to 2026-05-02 18:00:00+00:00, run_after=2026-05-02 18:30:00+00:00
[2026-05-02T18:10:10.065+0000] {processor.py:183} INFO - Processing /opt/airflow/dags/flight-pipeline.py took 0.955 seconds
[2026-05-02T18:10:40.351+0000] {processor.py:161} INFO - Started process (PID=11672) to work on /opt/airflow/dags/flight-pipeline.py
[2026-05-02T18:10:40.367+0000] {processor.py:830} INFO - Processing file /opt/airflow/dags/flight-pipeline.py for tasks to queue
[2026-05-02T18:10:40.368+0000] {logging_mixin.py:188} INFO - [2026-05-02T18:10:40.368+0000] {dagbag.py:545} INFO - Filling up the DagBag from /opt/airflow/dags/flight-pipeline.py
[2026-05-02T18:10:41.380+0000] {processor.py:840} INFO - DAG(s) 'flights_ops_medallion_pipe' retrieved from /opt/airflow/dags/flight-pipeline.py
[2026-05-02T18:10:41.414+0000] {logging_mixin.py:188} INFO - [2026-05-02T18:10:41.414+0000] {dag.py:3089} INFO - Sync 1 DAGs
[2026-05-02T18:10:41.436+0000] {logging_mixin.py:188} INFO - [2026-05-02T18:10:41.436+0000] {dag.py:3947} INFO - Setting next_dagrun for flights_ops_medallion_pipe to 2026-05-02 18:00:00+00:00, run_after=2026-05-02 18:30:00+00:00
[2026-05-02T18:10:41.454+0000] {processor.py:183} INFO - Processing /opt/airflow/dags/flight-pipeline.py took 1.120 seconds
[2026-05-02T18:11:11.568+0000] {processor.py:161} INFO - Started process (PID=11675) to work on /opt/airflow/dags/flight-pipeline.py
[2026-05-02T18:11:11.573+0000] {processor.py:830} INFO - Processing file /opt/airflow/dags/flight-pipeline.py for tasks to queue
[2026-05-02T18:11:11.574+0000] {logging_mixin.py:188} INFO - [2026-05-02T18:11:11.574+0000] {dagbag.py:545} INFO - Filling up the DagBag from /opt/airflow/dags/flight-pipeline.py
[2026-05-02T18:11:12.511+0000] {processor.py:840} INFO - DAG(s) 'flights_ops_medallion_pipe' retrieved from /opt/airflow/dags/flight-pipeline.py
[2026-05-02T18:11:12.548+0000] {logging_mixin.py:188} INFO - [2026-05-02T18:11:12.547+0000] {dag.py:3089} INFO - Sync 1 DAGs
[2026-05-02T18:11:12.570+0000] {logging_mixin.py:188} INFO - [2026-05-02T18:11:12.570+0000] {dag.py:3947} INFO - Setting next_dagrun for flights_ops_medallion_pipe to 2026-05-02 18:00:00+00:00, run_after=2026-05-02 18:30:00+00:00
[2026-05-02T18:11:12.594+0000] {processor.py:183} INFO - Processing /opt/airflow/dags/flight-pipeline.py took 1.035 seconds
[2026-05-02T18:11:42.860+0000] {processor.py:161} INFO - Started process (PID=11678) to work on /opt/airflow/dags/flight-pipeline.py
[2026-05-02T18:11:42.871+0000] {processor.py:830} INFO - Processing file /opt/airflow/dags/flight-pipeline.py for tasks to queue
[2026-05-02T18:11:42.875+0000] {logging_mixin.py:188} INFO - [2026-05-02T18:11:42.874+0000] {dagbag.py:545} INFO - Filling up the DagBag from /opt/airflow/dags/flight-pipeline.py
[2026-05-02T18:11:44.071+0000] {processor.py:840} INFO - DAG(s) 'flights_ops_medallion_pipe' retrieved from /opt/airflow/dags/flight-pipeline.py
[2026-05-02T18:11:44.130+0000] {logging_mixin.py:188} INFO - [2026-05-02T18:11:44.129+0000] {dag.py:3089} INFO - Sync 1 DAGs
[2026-05-02T18:11:44.170+0000] {logging_mixin.py:188} INFO - [2026-05-02T18:11:44.169+0000] {dag.py:3947} INFO - Setting next_dagrun for flights_ops_medallion_pipe to 2026-05-02 18:00:00+00:00, run_after=2026-05-02 18:30:00+00:00
[2026-05-02T18:11:44.189+0000] {processor.py:183} INFO - Processing /opt/airflow/dags/flight-pipeline.py took 1.343 seconds
[2026-05-02T18:12:14.574+0000] {processor.py:161} INFO - Started process (PID=11681) to work on /opt/airflow/dags/flight-pipeline.py
[2026-05-02T18:12:14.584+0000] {processor.py:830} INFO - Processing file /opt/airflow/dags/flight-pipeline.py for tasks to queue
[2026-05-02T18:12:14.587+0000] {logging_mixin.py:188} INFO - [2026-05-02T18:12:14.586+0000] {dagbag.py:545} INFO - Filling up the DagBag from /opt/airflow/dags/flight-pipeline.py
[2026-05-02T18:12:16.699+0000] {processor.py:840} INFO - DAG(s) 'flights_ops_medallion_pipe' retrieved from /opt/airflow/dags/flight-pipeline.py
[2026-05-02T18:12:16.761+0000] {logging_mixin.py:188} INFO - [2026-05-02T18:12:16.760+0000] {dag.py:3089} INFO - Sync 1 DAGs
[2026-05-02T18:12:16.797+0000] {logging_mixin.py:188} INFO - [2026-05-02T18:12:16.797+0000] {dag.py:3947} INFO - Setting next_dagrun for flights_ops_medallion_pipe to 2026-05-02 18:00:00+00:00, run_after=2026-05-02 18:30:00+00:00
[2026-05-02T18:12:16.828+0000] {processor.py:183} INFO - Processing /opt/airflow/dags/flight-pipeline.py took 2.281 seconds
[2026-05-02T18:12:46.995+0000] {processor.py:161} INFO - Started process (PID=11684) to work on /opt/airflow/dags/flight-pipeline.py
[2026-05-02T18:12:47.000+0000] {processor.py:830} INFO - Processing file /opt/airflow/dags/flight-pipeline.py for tasks to queue
[2026-05-02T18:12:47.002+0000] {logging_mixin.py:188} INFO - [2026-05-02T18:12:47.001+0000] {dagbag.py:545} INFO - Filling up the DagBag from /opt/airflow/dags/flight-pipeline.py
[2026-05-02T18:12:48.010+0000] {processor.py:840} INFO - DAG(s) 'flights_ops_medallion_pipe' retrieved from /opt/airflow/dags/flight-pipeline.py
[2026-05-02T18:12:48.059+0000] {logging_mixin.py:188} INFO - [2026-05-02T18:12:48.058+0000] {dag.py:3089} INFO - Sync 1 DAGs
[2026-05-02T18:12:48.093+0000] {logging_mixin.py:188} INFO - [2026-05-02T18:12:48.093+0000] {dag.py:3947} INFO - Setting next_dagrun for flights_ops_medallion_pipe to 2026-05-02 18:00:00+00:00, run_after=2026-05-02 18:30:00+00:00
[2026-05-02T18:12:48.118+0000] {processor.py:183} INFO - Processing /opt/airflow/dags/flight-pipeline.py took 1.137 seconds
[2026-05-02T18:13:18.434+0000] {processor.py:161} INFO - Started process (PID=11687) to work on /opt/airflow/dags/flight-pipeline.py
[2026-05-02T18:13:18.439+0000] {processor.py:830} INFO - Processing file /opt/airflow/dags/flight-pipeline.py for tasks to queue
[2026-05-02T18:13:18.442+0000] {logging_mixin.py:188} INFO - [2026-05-02T18:13:18.442+0000] {dagbag.py:545} INFO - Filling up the DagBag from /opt/airflow/dags/flight-pipeline.py
[2026-05-02T18:13:19.307+0000] {processor.py:840} INFO - DAG(s) 'flights_ops_medallion_pipe' retrieved from /opt/airflow/dags/flight-pipeline.py
[2026-05-02T18:13:19.339+0000] {logging_mixin.py:188} INFO - [2026-05-02T18:13:19.339+0000] {dag.py:3089} INFO - Sync 1 DAGs
[2026-05-02T18:13:19.361+0000] {logging_mixin.py:188} INFO - [2026-05-02T18:13:19.361+0000] {dag.py:3947} INFO - Setting next_dagrun for flights_ops_medallion_pipe to 2026-05-02 18:00:00+00:00, run_after=2026-05-02 18:30:00+00:00
[2026-05-02T18:13:19.380+0000] {processor.py:183} INFO - Processing /opt/airflow/dags/flight-pipeline.py took 0.954 seconds
[2026-05-02T18:13:49.660+0000] {processor.py:161} INFO - Started process (PID=11690) to work on /opt/airflow/dags/flight-pipeline.py
[2026-05-02T18:13:49.664+0000] {processor.py:830} INFO - Processing file /opt/airflow/dags/flight-pipeline.py for tasks to queue
[2026-05-02T18:13:49.665+0000] {logging_mixin.py:188} INFO - [2026-05-02T18:13:49.665+0000] {dagbag.py:545} INFO - Filling up the DagBag from /opt/airflow/dags/flight-pipeline.py
[2026-05-02T18:13:50.610+0000] {processor.py:840} INFO - DAG(s) 'flights_ops_medallion_pipe' retrieved from /opt/airflow/dags/flight-pipeline.py
[2026-05-02T18:13:50.642+0000] {logging_mixin.py:188} INFO - [2026-05-02T18:13:50.642+0000] {dag.py:3089} INFO - Sync 1 DAGs
[2026-05-02T18:13:50.675+0000] {logging_mixin.py:188} INFO - [2026-05-02T18:13:50.675+0000] {dag.py:3947} INFO - Setting next_dagrun for flights_ops_medallion_pipe to 2026-05-02 18:00:00+00:00, run_after=2026-05-02 18:30:00+00:00
[2026-05-02T18:13:50.694+0000] {processor.py:183} INFO - Processing /opt/airflow/dags/flight-pipeline.py took 1.042 seconds
[2026-05-02T18:14:20.924+0000] {processor.py:161} INFO - Started process (PID=11693) to work on /opt/airflow/dags/flight-pipeline.py
[2026-05-02T18:14:20.928+0000] {processor.py:830} INFO - Processing file /opt/airflow/dags/flight-pipeline.py for tasks to queue
[2026-05-02T18:14:20.929+0000] {logging_mixin.py:188} INFO - [2026-05-02T18:14:20.929+0000] {dagbag.py:545} INFO - Filling up the DagBag from /opt/airflow/dags/flight-pipeline.py
[2026-05-02T18:14:21.796+0000] {processor.py:840} INFO - DAG(s) 'flights_ops_medallion_pipe' retrieved from /opt/airflow/dags/flight-pipeline.py
[2026-05-02T18:14:21.826+0000] {logging_mixin.py:188} INFO - [2026-05-02T18:14:21.826+0000] {dag.py:3089} INFO - Sync 1 DAGs
[2026-05-02T18:14:21.847+0000] {logging_mixin.py:188} INFO - [2026-05-02T18:14:21.847+0000] {dag.py:3947} INFO - Setting next_dagrun for flights_ops_medallion_pipe to 2026-05-02 18:00:00+00:00, run_after=2026-05-02 18:30:00+00:00
[2026-05-02T18:14:21.865+0000] {processor.py:183} INFO - Processing /opt/airflow/dags/flight-pipeline.py took 0.951 seconds
[2026-05-02T18:14:52.138+0000] {processor.py:161} INFO - Started process (PID=11696) to work on /opt/airflow/dags/flight-pipeline.py
[2026-05-02T18:14:52.143+0000] {processor.py:830} INFO - Processing file /opt/airflow/dags/flight-pipeline.py for tasks to queue
[2026-05-02T18:14:52.144+0000] {logging_mixin.py:188} INFO - [2026-05-02T18:14:52.144+0000] {dagbag.py:545} INFO - Filling up the DagBag from /opt/airflow/dags/flight-pipeline.py
[2026-05-02T18:14:52.987+0000] {processor.py:840} INFO - DAG(s) 'flights_ops_medallion_pipe' retrieved from /opt/airflow/dags/flight-pipeline.py
[2026-05-02T18:14:53.018+0000] {logging_mixin.py:188} INFO - [2026-05-02T18:14:53.017+0000] {dag.py:3089} INFO - Sync 1 DAGs
[2026-05-02T18:14:53.039+0000] {logging_mixin.py:188} INFO - [2026-05-02T18:14:53.039+0000] {dag.py:3947} INFO - Setting next_dagrun for flights_ops_medallion_pipe to 2026-05-02 18:00:00+00:00, run_after=2026-05-02 18:30:00+00:00
[2026-05-02T18:14:53.056+0000] {processor.py:183} INFO - Processing /opt/airflow/dags/flight-pipeline.py took 0.927 seconds
[2026-05-02T18:15:23.351+0000] {processor.py:161} INFO - Started process (PID=11699) to work on /opt/airflow/dags/flight-pipeline.py
[2026-05-02T18:15:23.355+0000] {processor.py:830} INFO - Processing file /opt/airflow/dags/flight-pipeline.py for tasks to queue
[2026-05-02T18:15:23.356+0000] {logging_mixin.py:188} INFO - [2026-05-02T18:15:23.356+0000] {dagbag.py:545} INFO - Filling up the DagBag from /opt/airflow/dags/flight-pipeline.py
[2026-05-02T18:15:24.242+0000] {processor.py:840} INFO - DAG(s) 'flights_ops_medallion_pipe' retrieved from /opt/airflow/dags/flight-pipeline.py
[2026-05-02T18:15:24.278+0000] {logging_mixin.py:188} INFO - [2026-05-02T18:15:24.277+0000] {dag.py:3089} INFO - Sync 1 DAGs
[2026-05-02T18:15:24.299+0000] {logging_mixin.py:188} INFO - [2026-05-02T18:15:24.299+0000] {dag.py:3947} INFO - Setting next_dagrun for flights_ops_medallion_pipe to 2026-05-02 18:00:00+00:00, run_after=2026-05-02 18:30:00+00:00
[2026-05-02T18:15:24.317+0000] {processor.py:183} INFO - Processing /opt/airflow/dags/flight-pipeline.py took 0.976 seconds
[2026-05-02T18:15:54.589+0000] {processor.py:161} INFO - Started process (PID=11702) to work on /opt/airflow/dags/flight-pipeline.py
[2026-05-02T18:15:54.593+0000] {processor.py:830} INFO - Processing file /opt/airflow/dags/flight-pipeline.py for tasks to queue
[2026-05-02T18:15:54.594+0000] {logging_mixin.py:188} INFO - [2026-05-02T18:15:54.593+0000] {dagbag.py:545} INFO - Filling up the DagBag from /opt/airflow/dags/flight-pipeline.py
[2026-05-02T18:15:55.453+0000] {processor.py:840} INFO - DAG(s) 'flights_ops_medallion_pipe' retrieved from /opt/airflow/dags/flight-pipeline.py
[2026-05-02T18:15:55.485+0000] {logging_mixin.py:188} INFO - [2026-05-02T18:15:55.484+0000] {dag.py:3089} INFO - Sync 1 DAGs
[2026-05-02T18:15:55.506+0000] {logging_mixin.py:188} INFO - [2026-05-02T18:15:55.505+0000] {dag.py:3947} INFO - Setting next_dagrun for flights_ops_medallion_pipe to 2026-05-02 18:00:00+00:00, run_after=2026-05-02 18:30:00+00:00
[2026-05-02T18:15:55.524+0000] {processor.py:183} INFO - Processing /opt/airflow/dags/flight-pipeline.py took 0.944 seconds
[2026-05-02T18:16:25.781+0000] {processor.py:161} INFO - Started process (PID=11705) to work on /opt/airflow/dags/flight-pipeline.py
[2026-05-02T18:16:25.787+0000] {processor.py:830} INFO - Processing file /opt/airflow/dags/flight-pipeline.py for tasks to queue
[2026-05-02T18:16:25.788+0000] {logging_mixin.py:188} INFO - [2026-05-02T18:16:25.787+0000] {dagbag.py:545} INFO - Filling up the DagBag from /opt/airflow/dags/flight-pipeline.py
[2026-05-02T18:16:27.176+0000] {processor.py:840} INFO - DAG(s) 'flights_ops_medallion_pipe' retrieved from /opt/airflow/dags/flight-pipeline.py
[2026-05-02T18:16:27.210+0000] {logging_mixin.py:188} INFO - [2026-05-02T18:16:27.209+0000] {dag.py:3089} INFO - Sync 1 DAGs
[2026-05-02T18:16:27.234+0000] {logging_mixin.py:188} INFO - [2026-05-02T18:16:27.233+0000] {dag.py:3947} INFO - Setting next_dagrun for flights_ops_medallion_pipe to 2026-05-02 18:00:00+00:00, run_after=2026-05-02 18:30:00+00:00
[2026-05-02T18:16:27.256+0000] {processor.py:183} INFO - Processing /opt/airflow/dags/flight-pipeline.py took 1.486 seconds
[2026-05-02T18:16:57.690+0000] {processor.py:161} INFO - Started process (PID=11708) to work on /opt/airflow/dags/flight-pipeline.py
[2026-05-02T18:16:57.710+0000] {processor.py:830} INFO - Processing file /opt/airflow/dags/flight-pipeline.py for tasks to queue
[2026-05-02T18:16:57.711+0000] {logging_mixin.py:188} INFO - [2026-05-02T18:16:57.710+0000] {dagbag.py:545} INFO - Filling up the DagBag from /opt/airflow/dags/flight-pipeline.py
[2026-05-02T18:16:58.912+0000] {processor.py:840} INFO - DAG(s) 'flights_ops_medallion_pipe' retrieved from /opt/airflow/dags/flight-pipeline.py
[2026-05-02T18:16:58.945+0000] {logging_mixin.py:188} INFO - [2026-05-02T18:16:58.945+0000] {dag.py:3089} INFO - Sync 1 DAGs
[2026-05-02T18:16:58.969+0000] {logging_mixin.py:188} INFO - [2026-05-02T18:16:58.969+0000] {dag.py:3947} INFO - Setting next_dagrun for flights_ops_medallion_pipe to 2026-05-02 18:00:00+00:00, run_after=2026-05-02 18:30:00+00:00
[2026-05-02T18:16:58.990+0000] {processor.py:183} INFO - Processing /opt/airflow/dags/flight-pipeline.py took 1.311 seconds
[2026-05-02T18:17:29.233+0000] {processor.py:161} INFO - Started process (PID=11711) to work on /opt/airflow/dags/flight-pipeline.py
[2026-05-02T18:17:29.237+0000] {processor.py:830} INFO - Processing file /opt/airflow/dags/flight-pipeline.py for tasks to queue
[2026-05-02T18:17:29.238+0000] {logging_mixin.py:188} INFO - [2026-05-02T18:17:29.238+0000] {dagbag.py:545} INFO - Filling up the DagBag from /opt/airflow/dags/flight-pipeline.py
[2026-05-02T18:17:30.104+0000] {processor.py:840} INFO - DAG(s) 'flights_ops_medallion_pipe' retrieved from /opt/airflow/dags/flight-pipeline.py
[2026-05-02T18:17:30.136+0000] {logging_mixin.py:188} INFO - [2026-05-02T18:17:30.136+0000] {dag.py:3089} INFO - Sync 1 DAGs
[2026-05-02T18:17:30.159+0000] {logging_mixin.py:188} INFO - [2026-05-02T18:17:30.159+0000] {dag.py:3947} INFO - Setting next_dagrun for flights_ops_medallion_pipe to 2026-05-02 18:00:00+00:00, run_after=2026-05-02 18:30:00+00:00
[2026-05-02T18:17:30.179+0000] {processor.py:183} INFO - Processing /opt/airflow/dags/flight-pipeline.py took 0.959 seconds
[2026-05-02T18:18:00.726+0000] {processor.py:161} INFO - Started process (PID=11714) to work on /opt/airflow/dags/flight-pipeline.py
[2026-05-02T18:18:00.735+0000] {processor.py:830} INFO - Processing file /opt/airflow/dags/flight-pipeline.py for tasks to queue
[2026-05-02T18:18:00.738+0000] {logging_mixin.py:188} INFO - [2026-05-02T18:18:00.737+0000] {dagbag.py:545} INFO - Filling up the DagBag from /opt/airflow/dags/flight-pipeline.py
[2026-05-02T18:18:01.904+0000] {processor.py:840} INFO - DAG(s) 'flights_ops_medallion_pipe' retrieved from /opt/airflow/dags/flight-pipeline.py
[2026-05-02T18:18:01.936+0000] {logging_mixin.py:188} INFO - [2026-05-02T18:18:01.936+0000] {dag.py:3089} INFO - Sync 1 DAGs
[2026-05-02T18:18:01.959+0000] {logging_mixin.py:188} INFO - [2026-05-02T18:18:01.959+0000] {dag.py:3947} INFO - Setting next_dagrun for flights_ops_medallion_pipe to 2026-05-02 18:00:00+00:00, run_after=2026-05-02 18:30:00+00:00
[2026-05-02T18:18:01.979+0000] {processor.py:183} INFO - Processing /opt/airflow/dags/flight-pipeline.py took 1.391 seconds
[2026-05-02T18:18:32.217+0000] {processor.py:161} INFO - Started process (PID=11717) to work on /opt/airflow/dags/flight-pipeline.py
[2026-05-02T18:18:32.224+0000] {processor.py:830} INFO - Processing file /opt/airflow/dags/flight-pipeline.py for tasks to queue
[2026-05-02T18:18:32.225+0000] {logging_mixin.py:188} INFO - [2026-05-02T18:18:32.224+0000] {dagbag.py:545} INFO - Filling up the DagBag from /opt/airflow/dags/flight-pipeline.py
[2026-05-02T18:18:33.303+0000] {processor.py:840} INFO - DAG(s) 'flights_ops_medallion_pipe' retrieved from /opt/airflow/dags/flight-pipeline.py
[2026-05-02T18:18:33.347+0000] {logging_mixin.py:188} INFO - [2026-05-02T18:18:33.347+0000] {dag.py:3089} INFO - Sync 1 DAGs
[2026-05-02T18:18:33.393+0000] {logging_mixin.py:188} INFO - [2026-05-02T18:18:33.392+0000] {dag.py:3947} INFO - Setting next_dagrun for flights_ops_medallion_pipe to 2026-05-02 18:00:00+00:00, run_after=2026-05-02 18:30:00+00:00
[2026-05-02T18:18:33.424+0000] {processor.py:183} INFO - Processing /opt/airflow/dags/flight-pipeline.py took 1.216 seconds
[2026-05-02T18:19:03.662+0000] {processor.py:161} INFO - Started process (PID=11720) to work on /opt/airflow/dags/flight-pipeline.py
[2026-05-02T18:19:03.668+0000] {processor.py:830} INFO - Processing file /opt/airflow/dags/flight-pipeline.py for tasks to queue
[2026-05-02T18:19:03.669+0000] {logging_mixin.py:188} INFO - [2026-05-02T18:19:03.669+0000] {dagbag.py:545} INFO - Filling up the DagBag from /opt/airflow/dags/flight-pipeline.py
[2026-05-02T18:19:04.567+0000] {processor.py:840} INFO - DAG(s) 'flights_ops_medallion_pipe' retrieved from /opt/airflow/dags/flight-pipeline.py
[2026-05-02T18:19:04.608+0000] {logging_mixin.py:188} INFO - [2026-05-02T18:19:04.607+0000] {dag.py:3089} INFO - Sync 1 DAGs
[2026-05-02T18:19:04.629+0000] {logging_mixin.py:188} INFO - [2026-05-02T18:19:04.628+0000] {dag.py:3947} INFO - Setting next_dagrun for flights_ops_medallion_pipe to 2026-05-02 18:00:00+00:00, run_after=2026-05-02 18:30:00+00:00
[2026-05-02T18:19:04.649+0000] {processor.py:183} INFO - Processing /opt/airflow/dags/flight-pipeline.py took 0.997 seconds
[2026-05-02T18:19:34.916+0000] {processor.py:161} INFO - Started process (PID=11723) to work on /opt/airflow/dags/flight-pipeline.py
[2026-05-02T18:19:34.920+0000] {processor.py:830} INFO - Processing file /opt/airflow/dags/flight-pipeline.py for tasks to queue
[2026-05-02T18:19:34.921+0000] {logging_mixin.py:188} INFO - [2026-05-02T18:19:34.920+0000] {dagbag.py:545} INFO - Filling up the DagBag from /opt/airflow/dags/flight-pipeline.py
[2026-05-02T18:19:35.780+0000] {processor.py:840} INFO - DAG(s) 'flights_ops_medallion_pipe' retrieved from /opt/airflow/dags/flight-pipeline.py
[2026-05-02T18:19:35.815+0000] {logging_mixin.py:188} INFO - [2026-05-02T18:19:35.814+0000] {dag.py:3089} INFO - Sync 1 DAGs
[2026-05-02T18:19:35.836+0000] {logging_mixin.py:188} INFO - [2026-05-02T18:19:35.836+0000] {dag.py:3947} INFO - Setting next_dagrun for flights_ops_medallion_pipe to 2026-05-02 18:00:00+00:00, run_after=2026-05-02 18:30:00+00:00
[2026-05-02T18:19:35.855+0000] {processor.py:183} INFO - Processing /opt/airflow/dags/flight-pipeline.py took 0.947 seconds
[2026-05-02T18:20:06.101+0000] {processor.py:161} INFO - Started process (PID=11726) to work on /opt/airflow/dags/flight-pipeline.py
[2026-05-02T18:20:06.105+0000] {processor.py:830} INFO - Processing file /opt/airflow/dags/flight-pipeline.py for tasks to queue
[2026-05-02T18:20:06.106+0000] {logging_mixin.py:188} INFO - [2026-05-02T18:20:06.106+0000] {dagbag.py:545} INFO - Filling up the DagBag from /opt/airflow/dags/flight-pipeline.py
[2026-05-02T18:20:06.969+0000] {processor.py:840} INFO - DAG(s) 'flights_ops_medallion_pipe' retrieved from /opt/airflow/dags/flight-pipeline.py
[2026-05-02T18:20:07.002+0000] {logging_mixin.py:188} INFO - [2026-05-02T18:20:07.001+0000] {dag.py:3089} INFO - Sync 1 DAGs
[2026-05-02T18:20:07.022+0000] {logging_mixin.py:188} INFO - [2026-05-02T18:20:07.021+0000] {dag.py:3947} INFO - Setting next_dagrun for flights_ops_medallion_pipe to 2026-05-02 18:00:00+00:00, run_after=2026-05-02 18:30:00+00:00
[2026-05-02T18:20:07.039+0000] {processor.py:183} INFO - Processing /opt/airflow/dags/flight-pipeline.py took 0.947 seconds
[2026-05-02T18:20:37.330+0000] {processor.py:161} INFO - Started process (PID=11729) to work on /opt/airflow/dags/flight-pipeline.py
[2026-05-02T18:20:37.334+0000] {processor.py:830} INFO - Processing file /opt/airflow/dags/flight-pipeline.py for tasks to queue
[2026-05-02T18:20:37.337+0000] {logging_mixin.py:188} INFO - [2026-05-02T18:20:37.336+0000] {dagbag.py:545} INFO - Filling up the DagBag from /opt/airflow/dags/flight-pipeline.py
[2026-05-02T18:20:38.286+0000] {processor.py:840} INFO - DAG(s) 'flights_ops_medallion_pipe' retrieved from /opt/airflow/dags/flight-pipeline.py
[2026-05-02T18:20:38.331+0000] {logging_mixin.py:188} INFO - [2026-05-02T18:20:38.330+0000] {dag.py:3089} INFO - Sync 1 DAGs
[2026-05-02T18:20:38.353+0000] {logging_mixin.py:188} INFO - [2026-05-02T18:20:38.353+0000] {dag.py:3947} INFO - Setting next_dagrun for flights_ops_medallion_pipe to 2026-05-02 18:00:00+00:00, run_after=2026-05-02 18:30:00+00:00
[2026-05-02T18:20:38.372+0000] {processor.py:183} INFO - Processing /opt/airflow/dags/flight-pipeline.py took 1.055 seconds
[2026-05-02T18:21:08.563+0000] {processor.py:161} INFO - Started process (PID=11732) to work on /opt/airflow/dags/flight-pipeline.py
[2026-05-02T18:21:08.572+0000] {processor.py:830} INFO - Processing file /opt/airflow/dags/flight-pipeline.py for tasks to queue
[2026-05-02T18:21:08.573+0000] {logging_mixin.py:188} INFO - [2026-05-02T18:21:08.573+0000] {dagbag.py:545} INFO - Filling up the DagBag from /opt/airflow/dags/flight-pipeline.py
[2026-05-02T18:21:09.680+0000] {processor.py:840} INFO - DAG(s) 'flights_ops_medallion_pipe' retrieved from /opt/airflow/dags/flight-pipeline.py
[2026-05-02T18:21:09.724+0000] {logging_mixin.py:188} INFO - [2026-05-02T18:21:09.724+0000] {dag.py:3089} INFO - Sync 1 DAGs
[2026-05-02T18:21:09.761+0000] {logging_mixin.py:188} INFO - [2026-05-02T18:21:09.760+0000] {dag.py:3947} INFO - Setting next_dagrun for flights_ops_medallion_pipe to 2026-05-02 18:00:00+00:00, run_after=2026-05-02 18:30:00+00:00
[2026-05-02T18:21:09.785+0000] {processor.py:183} INFO - Processing /opt/airflow/dags/flight-pipeline.py took 1.231 seconds
[2026-05-02T18:21:40.407+0000] {processor.py:161} INFO - Started process (PID=11735) to work on /opt/airflow/dags/flight-pipeline.py
[2026-05-02T18:21:40.426+0000] {processor.py:830} INFO - Processing file /opt/airflow/dags/flight-pipeline.py for tasks to queue
[2026-05-02T18:21:40.428+0000] {logging_mixin.py:188} INFO - [2026-05-02T18:21:40.427+0000] {dagbag.py:545} INFO - Filling up the DagBag from /opt/airflow/dags/flight-pipeline.py
[2026-05-02T18:21:42.482+0000] {processor.py:840} INFO - DAG(s) 'flights_ops_medallion_pipe' retrieved from /opt/airflow/dags/flight-pipeline.py
[2026-05-02T18:21:42.566+0000] {logging_mixin.py:188} INFO - [2026-05-02T18:21:42.564+0000] {dag.py:3089} INFO - Sync 1 DAGs
[2026-05-02T18:21:42.614+0000] {logging_mixin.py:188} INFO - [2026-05-02T18:21:42.614+0000] {dag.py:3947} INFO - Setting next_dagrun for flights_ops_medallion_pipe to 2026-05-02 18:00:00+00:00, run_after=2026-05-02 18:30:00+00:00
[2026-05-02T18:21:42.659+0000] {processor.py:183} INFO - Processing /opt/airflow/dags/flight-pipeline.py took 2.266 seconds
[2026-05-02T18:22:13.004+0000] {processor.py:161} INFO - Started process (PID=11738) to work on /opt/airflow/dags/flight-pipeline.py
[2026-05-02T18:22:13.019+0000] {processor.py:830} INFO - Processing file /opt/airflow/dags/flight-pipeline.py for tasks to queue
[2026-05-02T18:22:13.024+0000] {logging_mixin.py:188} INFO - [2026-05-02T18:22:13.022+0000] {dagbag.py:545} INFO - Filling up the DagBag from /opt/airflow/dags/flight-pipeline.py
[2026-05-02T18:22:17.081+0000] {processor.py:840} INFO - DAG(s) 'flights_ops_medallion_pipe' retrieved from /opt/airflow/dags/flight-pipeline.py
[2026-05-02T18:22:17.173+0000] {logging_mixin.py:188} INFO - [2026-05-02T18:22:17.172+0000] {dag.py:3089} INFO - Sync 1 DAGs
[2026-05-02T18:22:17.236+0000] {logging_mixin.py:188} INFO - [2026-05-02T18:22:17.235+0000] {dag.py:3947} INFO - Setting next_dagrun for flights_ops_medallion_pipe to 2026-05-02 18:00:00+00:00, run_after=2026-05-02 18:30:00+00:00
[2026-05-02T18:22:17.334+0000] {processor.py:183} INFO - Processing /opt/airflow/dags/flight-pipeline.py took 4.349 seconds
[2026-05-02T18:22:47.651+0000] {processor.py:161} INFO - Started process (PID=11741) to work on /opt/airflow/dags/flight-pipeline.py
[2026-05-02T18:22:47.660+0000] {processor.py:830} INFO - Processing file /opt/airflow/dags/flight-pipeline.py for tasks to queue
[2026-05-02T18:22:47.663+0000] {logging_mixin.py:188} INFO - [2026-05-02T18:22:47.662+0000] {dagbag.py:545} INFO - Filling up the DagBag from /opt/airflow/dags/flight-pipeline.py
[2026-05-02T18:22:51.125+0000] {processor.py:840} INFO - DAG(s) 'flights_ops_medallion_pipe' retrieved from /opt/airflow/dags/flight-pipeline.py
[2026-05-02T18:22:51.242+0000] {logging_mixin.py:188} INFO - [2026-05-02T18:22:51.240+0000] {dag.py:3089} INFO - Sync 1 DAGs
[2026-05-02T18:22:51.321+0000] {logging_mixin.py:188} INFO - [2026-05-02T18:22:51.320+0000] {dag.py:3947} INFO - Setting next_dagrun for flights_ops_medallion_pipe to 2026-05-02 18:00:00+00:00, run_after=2026-05-02 18:30:00+00:00
[2026-05-02T18:22:51.384+0000] {processor.py:183} INFO - Processing /opt/airflow/dags/flight-pipeline.py took 3.751 seconds
[2026-05-02T18:23:21.774+0000] {processor.py:161} INFO - Started process (PID=11744) to work on /opt/airflow/dags/flight-pipeline.py
[2026-05-02T18:23:21.785+0000] {processor.py:830} INFO - Processing file /opt/airflow/dags/flight-pipeline.py for tasks to queue
[2026-05-02T18:23:21.787+0000] {logging_mixin.py:188} INFO - [2026-05-02T18:23:21.787+0000] {dagbag.py:545} INFO - Filling up the DagBag from /opt/airflow/dags/flight-pipeline.py
[2026-05-02T18:23:24.665+0000] {processor.py:840} INFO - DAG(s) 'flights_ops_medallion_pipe' retrieved from /opt/airflow/dags/flight-pipeline.py
[2026-05-02T18:23:24.742+0000] {logging_mixin.py:188} INFO - [2026-05-02T18:23:24.741+0000] {dag.py:3089} INFO - Sync 1 DAGs
[2026-05-02T18:23:24.814+0000] {logging_mixin.py:188} INFO - [2026-05-02T18:23:24.813+0000] {dag.py:3947} INFO - Setting next_dagrun for flights_ops_medallion_pipe to 2026-05-02 18:00:00+00:00, run_after=2026-05-02 18:30:00+00:00
[2026-05-02T18:23:24.930+0000] {processor.py:183} INFO - Processing /opt/airflow/dags/flight-pipeline.py took 3.173 seconds
[2026-05-02T18:23:55.535+0000] {processor.py:161} INFO - Started process (PID=11747) to work on /opt/airflow/dags/flight-pipeline.py
[2026-05-02T18:23:55.542+0000] {processor.py:830} INFO - Processing file /opt/airflow/dags/flight-pipeline.py for tasks to queue
[2026-05-02T18:23:55.544+0000] {logging_mixin.py:188} INFO - [2026-05-02T18:23:55.543+0000] {dagbag.py:545} INFO - Filling up the DagBag from /opt/airflow/dags/flight-pipeline.py
[2026-05-02T18:23:57.743+0000] {processor.py:840} INFO - DAG(s) 'flights_ops_medallion_pipe' retrieved from /opt/airflow/dags/flight-pipeline.py
[2026-05-02T18:23:57.816+0000] {logging_mixin.py:188} INFO - [2026-05-02T18:23:57.815+0000] {dag.py:3089} INFO - Sync 1 DAGs
[2026-05-02T18:23:57.867+0000] {logging_mixin.py:188} INFO - [2026-05-02T18:23:57.866+0000] {dag.py:3947} INFO - Setting next_dagrun for flights_ops_medallion_pipe to 2026-05-02 18:00:00+00:00, run_after=2026-05-02 18:30:00+00:00
[2026-05-02T18:23:57.902+0000] {processor.py:183} INFO - Processing /opt/airflow/dags/flight-pipeline.py took 2.383 seconds
[2026-05-02T18:24:28.199+0000] {processor.py:161} INFO - Started process (PID=11750) to work on /opt/airflow/dags/flight-pipeline.py
[2026-05-02T18:24:28.204+0000] {processor.py:830} INFO - Processing file /opt/airflow/dags/flight-pipeline.py for tasks to queue
[2026-05-02T18:24:28.206+0000] {logging_mixin.py:188} INFO - [2026-05-02T18:24:28.205+0000] {dagbag.py:545} INFO - Filling up the DagBag from /opt/airflow/dags/flight-pipeline.py
[2026-05-02T18:24:29.027+0000] {processor.py:840} INFO - DAG(s) 'flights_ops_medallion_pipe' retrieved from /opt/airflow/dags/flight-pipeline.py
[2026-05-02T18:24:29.129+0000] {logging_mixin.py:188} INFO - [2026-05-02T18:24:29.129+0000] {dag.py:3089} INFO - Sync 1 DAGs
[2026-05-02T18:24:29.206+0000] {logging_mixin.py:188} INFO - [2026-05-02T18:24:29.205+0000] {dag.py:3947} INFO - Setting next_dagrun for flights_ops_medallion_pipe to 2026-05-02 18:00:00+00:00, run_after=2026-05-02 18:30:00+00:00
[2026-05-02T18:24:29.242+0000] {processor.py:183} INFO - Processing /opt/airflow/dags/flight-pipeline.py took 1.058 seconds
[2026-05-02T18:24:59.476+0000] {processor.py:161} INFO - Started process (PID=11753) to work on /opt/airflow/dags/flight-pipeline.py
[2026-05-02T18:24:59.487+0000] {processor.py:830} INFO - Processing file /opt/airflow/dags/flight-pipeline.py for tasks to queue
[2026-05-02T18:24:59.495+0000] {logging_mixin.py:188} INFO - [2026-05-02T18:24:59.491+0000] {dagbag.py:545} INFO - Filling up the DagBag from /opt/airflow/dags/flight-pipeline.py
[2026-05-02T18:25:00.362+0000] {processor.py:840} INFO - DAG(s) 'flights_ops_medallion_pipe' retrieved from /opt/airflow/dags/flight-pipeline.py
[2026-05-02T18:25:00.391+0000] {logging_mixin.py:188} INFO - [2026-05-02T18:25:00.391+0000] {dag.py:3089} INFO - Sync 1 DAGs
[2026-05-02T18:25:00.410+0000] {logging_mixin.py:188} INFO - [2026-05-02T18:25:00.410+0000] {dag.py:3947} INFO - Setting next_dagrun for flights_ops_medallion_pipe to 2026-05-02 18:00:00+00:00, run_after=2026-05-02 18:30:00+00:00
[2026-05-02T18:25:00.429+0000] {processor.py:183} INFO - Processing /opt/airflow/dags/flight-pipeline.py took 0.964 seconds
[2026-05-02T18:25:30.719+0000] {processor.py:161} INFO - Started process (PID=11756) to work on /opt/airflow/dags/flight-pipeline.py
[2026-05-02T18:25:30.724+0000] {processor.py:830} INFO - Processing file /opt/airflow/dags/flight-pipeline.py for tasks to queue
[2026-05-02T18:25:30.725+0000] {logging_mixin.py:188} INFO - [2026-05-02T18:25:30.725+0000] {dagbag.py:545} INFO - Filling up the DagBag from /opt/airflow/dags/flight-pipeline.py
[2026-05-02T18:25:31.491+0000] {processor.py:840} INFO - DAG(s) 'flights_ops_medallion_pipe' retrieved from /opt/airflow/dags/flight-pipeline.py
[2026-05-02T18:25:31.521+0000] {logging_mixin.py:188} INFO - [2026-05-02T18:25:31.521+0000] {dag.py:3089} INFO - Sync 1 DAGs
[2026-05-02T18:25:31.539+0000] {logging_mixin.py:188} INFO - [2026-05-02T18:25:31.539+0000] {dag.py:3947} INFO - Setting next_dagrun for flights_ops_medallion_pipe to 2026-05-02 18:00:00+00:00, run_after=2026-05-02 18:30:00+00:00
[2026-05-02T18:25:31.559+0000] {processor.py:183} INFO - Processing /opt/airflow/dags/flight-pipeline.py took 0.847 seconds
[2026-05-02T18:26:01.840+0000] {processor.py:161} INFO - Started process (PID=11759) to work on /opt/airflow/dags/flight-pipeline.py
[2026-05-02T18:26:01.845+0000] {processor.py:830} INFO - Processing file /opt/airflow/dags/flight-pipeline.py for tasks to queue
[2026-05-02T18:26:01.846+0000] {logging_mixin.py:188} INFO - [2026-05-02T18:26:01.846+0000] {dagbag.py:545} INFO - Filling up the DagBag from /opt/airflow/dags/flight-pipeline.py
[2026-05-02T18:26:02.682+0000] {processor.py:840} INFO - DAG(s) 'flights_ops_medallion_pipe' retrieved from /opt/airflow/dags/flight-pipeline.py
[2026-05-02T18:26:02.712+0000] {logging_mixin.py:188} INFO - [2026-05-02T18:26:02.711+0000] {dag.py:3089} INFO - Sync 1 DAGs
[2026-05-02T18:26:02.730+0000] {logging_mixin.py:188} INFO - [2026-05-02T18:26:02.730+0000] {dag.py:3947} INFO - Setting next_dagrun for flights_ops_medallion_pipe to 2026-05-02 18:00:00+00:00, run_after=2026-05-02 18:30:00+00:00
[2026-05-02T18:26:02.748+0000] {processor.py:183} INFO - Processing /opt/airflow/dags/flight-pipeline.py took 0.916 seconds
[2026-05-02T18:26:33.092+0000] {processor.py:161} INFO - Started process (PID=11762) to work on /opt/airflow/dags/flight-pipeline.py
[2026-05-02T18:26:33.097+0000] {processor.py:830} INFO - Processing file /opt/airflow/dags/flight-pipeline.py for tasks to queue
[2026-05-02T18:26:33.098+0000] {logging_mixin.py:188} INFO - [2026-05-02T18:26:33.098+0000] {dagbag.py:545} INFO - Filling up the DagBag from /opt/airflow/dags/flight-pipeline.py
[2026-05-02T18:26:34.080+0000] {processor.py:840} INFO - DAG(s) 'flights_ops_medallion_pipe' retrieved from /opt/airflow/dags/flight-pipeline.py
[2026-05-02T18:26:34.115+0000] {logging_mixin.py:188} INFO - [2026-05-02T18:26:34.115+0000] {dag.py:3089} INFO - Sync 1 DAGs
[2026-05-02T18:26:34.137+0000] {logging_mixin.py:188} INFO - [2026-05-02T18:26:34.136+0000] {dag.py:3947} INFO - Setting next_dagrun for flights_ops_medallion_pipe to 2026-05-02 18:00:00+00:00, run_after=2026-05-02 18:30:00+00:00
[2026-05-02T18:26:34.155+0000] {processor.py:183} INFO - Processing /opt/airflow/dags/flight-pipeline.py took 1.076 seconds
[2026-05-02T18:27:04.404+0000] {processor.py:161} INFO - Started process (PID=11765) to work on /opt/airflow/dags/flight-pipeline.py
[2026-05-02T18:27:04.410+0000] {processor.py:830} INFO - Processing file /opt/airflow/dags/flight-pipeline.py for tasks to queue
[2026-05-02T18:27:04.411+0000] {logging_mixin.py:188} INFO - [2026-05-02T18:27:04.410+0000] {dagbag.py:545} INFO - Filling up the DagBag from /opt/airflow/dags/flight-pipeline.py
[2026-05-02T18:27:05.194+0000] {processor.py:840} INFO - DAG(s) 'flights_ops_medallion_pipe' retrieved from /opt/airflow/dags/flight-pipeline.py
[2026-05-02T18:27:05.227+0000] {logging_mixin.py:188} INFO - [2026-05-02T18:27:05.227+0000] {dag.py:3089} INFO - Sync 1 DAGs
[2026-05-02T18:27:05.250+0000] {logging_mixin.py:188} INFO - [2026-05-02T18:27:05.250+0000] {dag.py:3947} INFO - Setting next_dagrun for flights_ops_medallion_pipe to 2026-05-02 18:00:00+00:00, run_after=2026-05-02 18:30:00+00:00
[2026-05-02T18:27:05.269+0000] {processor.py:183} INFO - Processing /opt/airflow/dags/flight-pipeline.py took 0.873 seconds
[2026-05-02T18:27:35.569+0000] {processor.py:161} INFO - Started process (PID=11768) to work on /opt/airflow/dags/flight-pipeline.py
[2026-05-02T18:27:35.574+0000] {processor.py:830} INFO - Processing file /opt/airflow/dags/flight-pipeline.py for tasks to queue
[2026-05-02T18:27:35.576+0000] {logging_mixin.py:188} INFO - [2026-05-02T18:27:35.576+0000] {dagbag.py:545} INFO - Filling up the DagBag from /opt/airflow/dags/flight-pipeline.py
[2026-05-02T18:27:36.402+0000] {processor.py:840} INFO - DAG(s) 'flights_ops_medallion_pipe' retrieved from /opt/airflow/dags/flight-pipeline.py
[2026-05-02T18:27:36.432+0000] {logging_mixin.py:188} INFO - [2026-05-02T18:27:36.432+0000] {dag.py:3089} INFO - Sync 1 DAGs
[2026-05-02T18:27:36.451+0000] {logging_mixin.py:188} INFO - [2026-05-02T18:27:36.451+0000] {dag.py:3947} INFO - Setting next_dagrun for flights_ops_medallion_pipe to 2026-05-02 18:00:00+00:00, run_after=2026-05-02 18:30:00+00:00
[2026-05-02T18:27:36.468+0000] {processor.py:183} INFO - Processing /opt/airflow/dags/flight-pipeline.py took 0.912 seconds
[2026-05-02T18:28:06.733+0000] {processor.py:161} INFO - Started process (PID=11771) to work on /opt/airflow/dags/flight-pipeline.py
[2026-05-02T18:28:06.738+0000] {processor.py:830} INFO - Processing file /opt/airflow/dags/flight-pipeline.py for tasks to queue
[2026-05-02T18:28:06.739+0000] {logging_mixin.py:188} INFO - [2026-05-02T18:28:06.738+0000] {dagbag.py:545} INFO - Filling up the DagBag from /opt/airflow/dags/flight-pipeline.py
[2026-05-02T18:28:07.609+0000] {processor.py:840} INFO - DAG(s) 'flights_ops_medallion_pipe' retrieved from /opt/airflow/dags/flight-pipeline.py
[2026-05-02T18:28:07.642+0000] {logging_mixin.py:188} INFO - [2026-05-02T18:28:07.642+0000] {dag.py:3089} INFO - Sync 1 DAGs
[2026-05-02T18:28:07.668+0000] {logging_mixin.py:188} INFO - [2026-05-02T18:28:07.667+0000] {dag.py:3947} INFO - Setting next_dagrun for flights_ops_medallion_pipe to 2026-05-02 18:00:00+00:00, run_after=2026-05-02 18:30:00+00:00
[2026-05-02T18:28:07.688+0000] {processor.py:183} INFO - Processing /opt/airflow/dags/flight-pipeline.py took 0.966 seconds
[2026-05-02T18:28:37.963+0000] {processor.py:161} INFO - Started process (PID=11774) to work on /opt/airflow/dags/flight-pipeline.py
[2026-05-02T18:28:37.968+0000] {processor.py:830} INFO - Processing file /opt/airflow/dags/flight-pipeline.py for tasks to queue
[2026-05-02T18:28:37.969+0000] {logging_mixin.py:188} INFO - [2026-05-02T18:28:37.968+0000] {dagbag.py:545} INFO - Filling up the DagBag from /opt/airflow/dags/flight-pipeline.py
[2026-05-02T18:28:38.817+0000] {processor.py:840} INFO - DAG(s) 'flights_ops_medallion_pipe' retrieved from /opt/airflow/dags/flight-pipeline.py
[2026-05-02T18:28:38.847+0000] {logging_mixin.py:188} INFO - [2026-05-02T18:28:38.846+0000] {dag.py:3089} INFO - Sync 1 DAGs
[2026-05-02T18:28:38.866+0000] {logging_mixin.py:188} INFO - [2026-05-02T18:28:38.866+0000] {dag.py:3947} INFO - Setting next_dagrun for flights_ops_medallion_pipe to 2026-05-02 18:00:00+00:00, run_after=2026-05-02 18:30:00+00:00
[2026-05-02T18:28:38.886+0000] {processor.py:183} INFO - Processing /opt/airflow/dags/flight-pipeline.py took 0.932 seconds
[2026-05-02T18:29:09.194+0000] {processor.py:161} INFO - Started process (PID=11777) to work on /opt/airflow/dags/flight-pipeline.py
[2026-05-02T18:29:09.200+0000] {processor.py:830} INFO - Processing file /opt/airflow/dags/flight-pipeline.py for tasks to queue
[2026-05-02T18:29:09.202+0000] {logging_mixin.py:188} INFO - [2026-05-02T18:29:09.201+0000] {dagbag.py:545} INFO - Filling up the DagBag from /opt/airflow/dags/flight-pipeline.py
[2026-05-02T18:29:10.496+0000] {processor.py:840} INFO - DAG(s) 'flights_ops_medallion_pipe' retrieved from /opt/airflow/dags/flight-pipeline.py
[2026-05-02T18:29:10.533+0000] {logging_mixin.py:188} INFO - [2026-05-02T18:29:10.532+0000] {dag.py:3089} INFO - Sync 1 DAGs
[2026-05-02T18:29:10.558+0000] {logging_mixin.py:188} INFO - [2026-05-02T18:29:10.558+0000] {dag.py:3947} INFO - Setting next_dagrun for flights_ops_medallion_pipe to 2026-05-02 18:00:00+00:00, run_after=2026-05-02 18:30:00+00:00
[2026-05-02T18:29:10.580+0000] {processor.py:183} INFO - Processing /opt/airflow/dags/flight-pipeline.py took 1.404 seconds
[2026-05-02T18:29:41.190+0000] {processor.py:161} INFO - Started process (PID=11780) to work on /opt/airflow/dags/flight-pipeline.py
[2026-05-02T18:29:41.213+0000] {processor.py:830} INFO - Processing file /opt/airflow/dags/flight-pipeline.py for tasks to queue
[2026-05-02T18:29:41.214+0000] {logging_mixin.py:188} INFO - [2026-05-02T18:29:41.214+0000] {dagbag.py:545} INFO - Filling up the DagBag from /opt/airflow/dags/flight-pipeline.py
[2026-05-02T18:29:42.515+0000] {processor.py:840} INFO - DAG(s) 'flights_ops_medallion_pipe' retrieved from /opt/airflow/dags/flight-pipeline.py
[2026-05-02T18:29:42.580+0000] {logging_mixin.py:188} INFO - [2026-05-02T18:29:42.580+0000] {dag.py:3089} INFO - Sync 1 DAGs
[2026-05-02T18:29:42.621+0000] {logging_mixin.py:188} INFO - [2026-05-02T18:29:42.621+0000] {dag.py:3947} INFO - Setting next_dagrun for flights_ops_medallion_pipe to 2026-05-02 18:00:00+00:00, run_after=2026-05-02 18:30:00+00:00
[2026-05-02T18:29:42.665+0000] {processor.py:183} INFO - Processing /opt/airflow/dags/flight-pipeline.py took 1.490 seconds
[2026-05-02T18:30:12.860+0000] {processor.py:161} INFO - Started process (PID=11795) to work on /opt/airflow/dags/flight-pipeline.py
[2026-05-02T18:30:12.861+0000] {processor.py:830} INFO - Processing file /opt/airflow/dags/flight-pipeline.py for tasks to queue
[2026-05-02T18:30:12.863+0000] {logging_mixin.py:188} INFO - [2026-05-02T18:30:12.862+0000] {dagbag.py:545} INFO - Filling up the DagBag from /opt/airflow/dags/flight-pipeline.py
[2026-05-02T18:30:13.946+0000] {processor.py:840} INFO - DAG(s) 'flights_ops_medallion_pipe' retrieved from /opt/airflow/dags/flight-pipeline.py
[2026-05-02T18:30:14.015+0000] {logging_mixin.py:188} INFO - [2026-05-02T18:30:14.014+0000] {dag.py:3089} INFO - Sync 1 DAGs
[2026-05-02T18:30:14.047+0000] {logging_mixin.py:188} INFO - [2026-05-02T18:30:14.047+0000] {dag.py:3947} INFO - Setting next_dagrun for flights_ops_medallion_pipe to 2026-05-02 18:30:00+00:00, run_after=2026-05-02 19:00:00+00:00
[2026-05-02T18:30:14.077+0000] {processor.py:183} INFO - Processing /opt/airflow/dags/flight-pipeline.py took 1.226 seconds
[2026-05-02T18:30:44.259+0000] {processor.py:161} INFO - Started process (PID=11830) to work on /opt/airflow/dags/flight-pipeline.py
[2026-05-02T18:30:44.261+0000] {processor.py:830} INFO - Processing file /opt/airflow/dags/flight-pipeline.py for tasks to queue
[2026-05-02T18:30:44.262+0000] {logging_mixin.py:188} INFO - [2026-05-02T18:30:44.262+0000] {dagbag.py:545} INFO - Filling up the DagBag from /opt/airflow/dags/flight-pipeline.py
[2026-05-02T18:30:45.876+0000] {processor.py:840} INFO - DAG(s) 'flights_ops_medallion_pipe' retrieved from /opt/airflow/dags/flight-pipeline.py
[2026-05-02T18:30:45.923+0000] {logging_mixin.py:188} INFO - [2026-05-02T18:30:45.922+0000] {dag.py:3089} INFO - Sync 1 DAGs
[2026-05-02T18:30:45.954+0000] {logging_mixin.py:188} INFO - [2026-05-02T18:30:45.954+0000] {dag.py:3947} INFO - Setting next_dagrun for flights_ops_medallion_pipe to 2026-05-02 18:30:00+00:00, run_after=2026-05-02 19:00:00+00:00
[2026-05-02T18:30:45.977+0000] {processor.py:183} INFO - Processing /opt/airflow/dags/flight-pipeline.py took 1.728 seconds
[2026-05-02T18:31:16.179+0000] {processor.py:161} INFO - Started process (PID=11833) to work on /opt/airflow/dags/flight-pipeline.py
[2026-05-02T18:31:16.181+0000] {processor.py:830} INFO - Processing file /opt/airflow/dags/flight-pipeline.py for tasks to queue
[2026-05-02T18:31:16.182+0000] {logging_mixin.py:188} INFO - [2026-05-02T18:31:16.181+0000] {dagbag.py:545} INFO - Filling up the DagBag from /opt/airflow/dags/flight-pipeline.py
[2026-05-02T18:31:17.103+0000] {processor.py:840} INFO - DAG(s) 'flights_ops_medallion_pipe' retrieved from /opt/airflow/dags/flight-pipeline.py
[2026-05-02T18:31:17.134+0000] {logging_mixin.py:188} INFO - [2026-05-02T18:31:17.133+0000] {dag.py:3089} INFO - Sync 1 DAGs
[2026-05-02T18:31:17.156+0000] {logging_mixin.py:188} INFO - [2026-05-02T18:31:17.156+0000] {dag.py:3947} INFO - Setting next_dagrun for flights_ops_medallion_pipe to 2026-05-02 18:30:00+00:00, run_after=2026-05-02 19:00:00+00:00
[2026-05-02T18:31:17.174+0000] {processor.py:183} INFO - Processing /opt/airflow/dags/flight-pipeline.py took 1.003 seconds
[2026-05-02T18:31:47.438+0000] {processor.py:161} INFO - Started process (PID=11836) to work on /opt/airflow/dags/flight-pipeline.py
[2026-05-02T18:31:47.462+0000] {processor.py:830} INFO - Processing file /opt/airflow/dags/flight-pipeline.py for tasks to queue
[2026-05-02T18:31:47.463+0000] {logging_mixin.py:188} INFO - [2026-05-02T18:31:47.463+0000] {dagbag.py:545} INFO - Filling up the DagBag from /opt/airflow/dags/flight-pipeline.py
[2026-05-02T18:31:48.378+0000] {processor.py:840} INFO - DAG(s) 'flights_ops_medallion_pipe' retrieved from /opt/airflow/dags/flight-pipeline.py
[2026-05-02T18:31:48.417+0000] {logging_mixin.py:188} INFO - [2026-05-02T18:31:48.417+0000] {dag.py:3089} INFO - Sync 1 DAGs
[2026-05-02T18:31:48.441+0000] {logging_mixin.py:188} INFO - [2026-05-02T18:31:48.441+0000] {dag.py:3947} INFO - Setting next_dagrun for flights_ops_medallion_pipe to 2026-05-02 18:30:00+00:00, run_after=2026-05-02 19:00:00+00:00
[2026-05-02T18:31:48.461+0000] {processor.py:183} INFO - Processing /opt/airflow/dags/flight-pipeline.py took 1.037 seconds
[2026-05-02T18:32:18.659+0000] {processor.py:161} INFO - Started process (PID=11839) to work on /opt/airflow/dags/flight-pipeline.py
[2026-05-02T18:32:18.679+0000] {processor.py:830} INFO - Processing file /opt/airflow/dags/flight-pipeline.py for tasks to queue
[2026-05-02T18:32:18.680+0000] {logging_mixin.py:188} INFO - [2026-05-02T18:32:18.679+0000] {dagbag.py:545} INFO - Filling up the DagBag from /opt/airflow/dags/flight-pipeline.py
[2026-05-02T18:32:19.616+0000] {processor.py:840} INFO - DAG(s) 'flights_ops_medallion_pipe' retrieved from /opt/airflow/dags/flight-pipeline.py
[2026-05-02T18:32:19.658+0000] {logging_mixin.py:188} INFO - [2026-05-02T18:32:19.657+0000] {dag.py:3089} INFO - Sync 1 DAGs
[2026-05-02T18:32:19.678+0000] {logging_mixin.py:188} INFO - [2026-05-02T18:32:19.677+0000] {dag.py:3947} INFO - Setting next_dagrun for flights_ops_medallion_pipe to 2026-05-02 18:30:00+00:00, run_after=2026-05-02 19:00:00+00:00
[2026-05-02T18:32:19.701+0000] {processor.py:183} INFO - Processing /opt/airflow/dags/flight-pipeline.py took 1.052 seconds
[2026-05-02T18:32:49.936+0000] {processor.py:161} INFO - Started process (PID=11842) to work on /opt/airflow/dags/flight-pipeline.py
[2026-05-02T18:32:49.956+0000] {processor.py:830} INFO - Processing file /opt/airflow/dags/flight-pipeline.py for tasks to queue
[2026-05-02T18:32:49.957+0000] {logging_mixin.py:188} INFO - [2026-05-02T18:32:49.956+0000] {dagbag.py:545} INFO - Filling up the DagBag from /opt/airflow/dags/flight-pipeline.py
[2026-05-02T18:32:50.824+0000] {processor.py:840} INFO - DAG(s) 'flights_ops_medallion_pipe' retrieved from /opt/airflow/dags/flight-pipeline.py
[2026-05-02T18:32:50.861+0000] {logging_mixin.py:188} INFO - [2026-05-02T18:32:50.861+0000] {dag.py:3089} INFO - Sync 1 DAGs
[2026-05-02T18:32:50.891+0000] {logging_mixin.py:188} INFO - [2026-05-02T18:32:50.891+0000] {dag.py:3947} INFO - Setting next_dagrun for flights_ops_medallion_pipe to 2026-05-02 18:30:00+00:00, run_after=2026-05-02 19:00:00+00:00
[2026-05-02T18:32:50.914+0000] {processor.py:183} INFO - Processing /opt/airflow/dags/flight-pipeline.py took 0.989 seconds
[2026-05-02T18:33:21.196+0000] {processor.py:161} INFO - Started process (PID=11845) to work on /opt/airflow/dags/flight-pipeline.py
[2026-05-02T18:33:21.214+0000] {processor.py:830} INFO - Processing file /opt/airflow/dags/flight-pipeline.py for tasks to queue
[2026-05-02T18:33:21.215+0000] {logging_mixin.py:188} INFO - [2026-05-02T18:33:21.214+0000] {dagbag.py:545} INFO - Filling up the DagBag from /opt/airflow/dags/flight-pipeline.py
[2026-05-02T18:33:22.094+0000] {processor.py:840} INFO - DAG(s) 'flights_ops_medallion_pipe' retrieved from /opt/airflow/dags/flight-pipeline.py
[2026-05-02T18:33:22.128+0000] {logging_mixin.py:188} INFO - [2026-05-02T18:33:22.127+0000] {dag.py:3089} INFO - Sync 1 DAGs
[2026-05-02T18:33:22.152+0000] {logging_mixin.py:188} INFO - [2026-05-02T18:33:22.152+0000] {dag.py:3947} INFO - Setting next_dagrun for flights_ops_medallion_pipe to 2026-05-02 18:30:00+00:00, run_after=2026-05-02 19:00:00+00:00
[2026-05-02T18:33:22.168+0000] {processor.py:183} INFO - Processing /opt/airflow/dags/flight-pipeline.py took 0.982 seconds
[2026-05-02T18:33:52.413+0000] {processor.py:161} INFO - Started process (PID=11848) to work on /opt/airflow/dags/flight-pipeline.py
[2026-05-02T18:33:52.432+0000] {processor.py:830} INFO - Processing file /opt/airflow/dags/flight-pipeline.py for tasks to queue
[2026-05-02T18:33:52.433+0000] {logging_mixin.py:188} INFO - [2026-05-02T18:33:52.433+0000] {dagbag.py:545} INFO - Filling up the DagBag from /opt/airflow/dags/flight-pipeline.py
[2026-05-02T18:33:53.320+0000] {processor.py:840} INFO - DAG(s) 'flights_ops_medallion_pipe' retrieved from /opt/airflow/dags/flight-pipeline.py
[2026-05-02T18:33:53.355+0000] {logging_mixin.py:188} INFO - [2026-05-02T18:33:53.355+0000] {dag.py:3089} INFO - Sync 1 DAGs
[2026-05-02T18:33:53.378+0000] {logging_mixin.py:188} INFO - [2026-05-02T18:33:53.378+0000] {dag.py:3947} INFO - Setting next_dagrun for flights_ops_medallion_pipe to 2026-05-02 18:30:00+00:00, run_after=2026-05-02 19:00:00+00:00
[2026-05-02T18:33:53.396+0000] {processor.py:183} INFO - Processing /opt/airflow/dags/flight-pipeline.py took 0.992 seconds
[2026-05-02T18:34:24.324+0000] {processor.py:161} INFO - Started process (PID=11851) to work on /opt/airflow/dags/flight-pipeline.py
[2026-05-02T18:34:24.342+0000] {processor.py:830} INFO - Processing file /opt/airflow/dags/flight-pipeline.py for tasks to queue
[2026-05-02T18:34:24.345+0000] {logging_mixin.py:188} INFO - [2026-05-02T18:34:24.344+0000] {dagbag.py:545} INFO - Filling up the DagBag from /opt/airflow/dags/flight-pipeline.py
[2026-05-02T18:34:25.656+0000] {processor.py:840} INFO - DAG(s) 'flights_ops_medallion_pipe' retrieved from /opt/airflow/dags/flight-pipeline.py
[2026-05-02T18:34:25.706+0000] {logging_mixin.py:188} INFO - [2026-05-02T18:34:25.706+0000] {dag.py:3089} INFO - Sync 1 DAGs
[2026-05-02T18:34:25.731+0000] {logging_mixin.py:188} INFO - [2026-05-02T18:34:25.731+0000] {dag.py:3947} INFO - Setting next_dagrun for flights_ops_medallion_pipe to 2026-05-02 18:30:00+00:00, run_after=2026-05-02 19:00:00+00:00
[2026-05-02T18:34:25.750+0000] {processor.py:183} INFO - Processing /opt/airflow/dags/flight-pipeline.py took 1.447 seconds
[2026-05-02T19:04:36.317+0000] {processor.py:161} INFO - Started process (PID=11855) to work on /opt/airflow/dags/flight-pipeline.py
[2026-05-02T19:04:36.349+0000] {processor.py:830} INFO - Processing file /opt/airflow/dags/flight-pipeline.py for tasks to queue
[2026-05-02T19:04:36.356+0000] {logging_mixin.py:188} INFO - [2026-05-02T19:04:36.354+0000] {dagbag.py:545} INFO - Filling up the DagBag from /opt/airflow/dags/flight-pipeline.py
[2026-05-02T19:05:56.676+0000] {processor.py:161} INFO - Started process (PID=11858) to work on /opt/airflow/dags/flight-pipeline.py
[2026-05-02T19:05:56.702+0000] {processor.py:830} INFO - Processing file /opt/airflow/dags/flight-pipeline.py for tasks to queue
[2026-05-02T19:05:56.716+0000] {logging_mixin.py:188} INFO - [2026-05-02T19:05:56.712+0000] {dagbag.py:545} INFO - Filling up the DagBag from /opt/airflow/dags/flight-pipeline.py
[2026-05-02T19:06:14.658+0000] {processor.py:840} INFO - DAG(s) 'flights_ops_medallion_pipe' retrieved from /opt/airflow/dags/flight-pipeline.py
[2026-05-02T19:06:17.810+0000] {logging_mixin.py:188} INFO - [2026-05-02T19:06:17.806+0000] {dag.py:3089} INFO - Sync 1 DAGs
[2026-05-02T19:06:18.288+0000] {logging_mixin.py:188} INFO - [2026-05-02T19:06:18.287+0000] {dag.py:3947} INFO - Setting next_dagrun for flights_ops_medallion_pipe to 2026-05-02 19:00:00+00:00, run_after=2026-05-02 19:30:00+00:00
[2026-05-02T19:06:18.721+0000] {processor.py:183} INFO - Processing /opt/airflow/dags/flight-pipeline.py took 22.177 seconds
[2026-05-02T19:06:50.571+0000] {processor.py:161} INFO - Started process (PID=11872) to work on /opt/airflow/dags/flight-pipeline.py
[2026-05-02T19:06:50.594+0000] {processor.py:830} INFO - Processing file /opt/airflow/dags/flight-pipeline.py for tasks to queue
[2026-05-02T19:06:50.605+0000] {logging_mixin.py:188} INFO - [2026-05-02T19:06:50.602+0000] {dagbag.py:545} INFO - Filling up the DagBag from /opt/airflow/dags/flight-pipeline.py
[2026-05-02T19:06:57.185+0000] {processor.py:840} INFO - DAG(s) 'flights_ops_medallion_pipe' retrieved from /opt/airflow/dags/flight-pipeline.py
[2026-05-02T19:06:57.368+0000] {logging_mixin.py:188} INFO - [2026-05-02T19:06:57.366+0000] {dag.py:3089} INFO - Sync 1 DAGs
[2026-05-02T19:06:57.489+0000] {logging_mixin.py:188} INFO - [2026-05-02T19:06:57.488+0000] {dag.py:3947} INFO - Setting next_dagrun for flights_ops_medallion_pipe to 2026-05-02 19:00:00+00:00, run_after=2026-05-02 19:30:00+00:00
[2026-05-02T19:06:57.586+0000] {processor.py:183} INFO - Processing /opt/airflow/dags/flight-pipeline.py took 7.090 seconds
[2026-05-02T19:23:53.005+0000] {processor.py:161} INFO - Started process (PID=11908) to work on /opt/airflow/dags/flight-pipeline.py
[2026-05-02T19:23:53.014+0000] {processor.py:830} INFO - Processing file /opt/airflow/dags/flight-pipeline.py for tasks to queue
[2026-05-02T19:23:53.021+0000] {logging_mixin.py:188} INFO - [2026-05-02T19:23:53.019+0000] {dagbag.py:545} INFO - Filling up the DagBag from /opt/airflow/dags/flight-pipeline.py
[2026-05-02T19:23:56.986+0000] {processor.py:840} INFO - DAG(s) 'flights_ops_medallion_pipe' retrieved from /opt/airflow/dags/flight-pipeline.py
[2026-05-02T19:23:57.072+0000] {logging_mixin.py:188} INFO - [2026-05-02T19:23:57.072+0000] {dag.py:3089} INFO - Sync 1 DAGs
[2026-05-02T19:23:57.131+0000] {logging_mixin.py:188} INFO - [2026-05-02T19:23:57.130+0000] {dag.py:3947} INFO - Setting next_dagrun for flights_ops_medallion_pipe to 2026-05-02 19:00:00+00:00, run_after=2026-05-02 19:30:00+00:00
[2026-05-02T19:23:57.164+0000] {processor.py:183} INFO - Processing /opt/airflow/dags/flight-pipeline.py took 4.211 seconds
[2026-05-02T19:24:27.978+0000] {processor.py:161} INFO - Started process (PID=11911) to work on /opt/airflow/dags/flight-pipeline.py
[2026-05-02T19:24:28.127+0000] {processor.py:830} INFO - Processing file /opt/airflow/dags/flight-pipeline.py for tasks to queue
[2026-05-02T19:24:28.138+0000] {logging_mixin.py:188} INFO - [2026-05-02T19:24:28.134+0000] {dagbag.py:545} INFO - Filling up the DagBag from /opt/airflow/dags/flight-pipeline.py
[2026-05-02T19:24:46.421+0000] {processor.py:840} INFO - DAG(s) 'flights_ops_medallion_pipe' retrieved from /opt/airflow/dags/flight-pipeline.py
[2026-05-02T19:24:46.885+0000] {logging_mixin.py:188} INFO - [2026-05-02T19:24:46.881+0000] {dag.py:3089} INFO - Sync 1 DAGs
[2026-05-02T19:24:47.181+0000] {logging_mixin.py:188} INFO - [2026-05-02T19:24:47.179+0000] {dag.py:3947} INFO - Setting next_dagrun for flights_ops_medallion_pipe to 2026-05-02 19:00:00+00:00, run_after=2026-05-02 19:30:00+00:00
[2026-05-02T19:24:47.384+0000] {processor.py:183} INFO - Processing /opt/airflow/dags/flight-pipeline.py took 19.949 seconds
[2026-05-02T19:41:26.880+0000] {processor.py:161} INFO - Started process (PID=11916) to work on /opt/airflow/dags/flight-pipeline.py
[2026-05-02T19:41:26.893+0000] {processor.py:830} INFO - Processing file /opt/airflow/dags/flight-pipeline.py for tasks to queue
[2026-05-02T19:41:26.901+0000] {logging_mixin.py:188} INFO - [2026-05-02T19:41:26.900+0000] {dagbag.py:545} INFO - Filling up the DagBag from /opt/airflow/dags/flight-pipeline.py
[2026-05-02T19:41:32.753+0000] {processor.py:840} INFO - DAG(s) 'flights_ops_medallion_pipe' retrieved from /opt/airflow/dags/flight-pipeline.py
[2026-05-02T19:41:32.919+0000] {logging_mixin.py:188} INFO - [2026-05-02T19:41:32.917+0000] {dag.py:3089} INFO - Sync 1 DAGs
[2026-05-02T19:41:33.034+0000] {logging_mixin.py:188} INFO - [2026-05-02T19:41:33.033+0000] {dag.py:3947} INFO - Setting next_dagrun for flights_ops_medallion_pipe to 2026-05-02 19:00:00+00:00, run_after=2026-05-02 19:30:00+00:00
[2026-05-02T19:41:33.103+0000] {processor.py:183} INFO - Processing /opt/airflow/dags/flight-pipeline.py took 6.283 seconds
[2026-05-02T19:42:04.306+0000] {processor.py:161} INFO - Started process (PID=11919) to work on /opt/airflow/dags/flight-pipeline.py
[2026-05-02T19:42:04.367+0000] {processor.py:830} INFO - Processing file /opt/airflow/dags/flight-pipeline.py for tasks to queue
[2026-05-02T19:42:04.394+0000] {logging_mixin.py:188} INFO - [2026-05-02T19:42:04.384+0000] {dagbag.py:545} INFO - Filling up the DagBag from /opt/airflow/dags/flight-pipeline.py
[2026-05-02T19:42:20.706+0000] {processor.py:840} INFO - DAG(s) 'flights_ops_medallion_pipe' retrieved from /opt/airflow/dags/flight-pipeline.py
[2026-05-02T19:42:21.717+0000] {logging_mixin.py:188} INFO - [2026-05-02T19:42:21.710+0000] {dag.py:3089} INFO - Sync 1 DAGs
[2026-05-02T19:42:22.105+0000] {logging_mixin.py:188} INFO - [2026-05-02T19:42:22.103+0000] {dag.py:3947} INFO - Setting next_dagrun for flights_ops_medallion_pipe to 2026-05-02 19:30:00+00:00, run_after=2026-05-02 20:00:00+00:00
[2026-05-02T19:42:22.311+0000] {processor.py:183} INFO - Processing /opt/airflow/dags/flight-pipeline.py took 18.333 seconds
[2026-05-02T19:58:02.053+0000] {processor.py:161} INFO - Started process (PID=11924) to work on /opt/airflow/dags/flight-pipeline.py
[2026-05-02T19:58:02.061+0000] {processor.py:830} INFO - Processing file /opt/airflow/dags/flight-pipeline.py for tasks to queue
[2026-05-02T19:58:02.063+0000] {logging_mixin.py:188} INFO - [2026-05-02T19:58:02.062+0000] {dagbag.py:545} INFO - Filling up the DagBag from /opt/airflow/dags/flight-pipeline.py
[2026-05-02T19:58:07.034+0000] {processor.py:840} INFO - DAG(s) 'flights_ops_medallion_pipe' retrieved from /opt/airflow/dags/flight-pipeline.py
[2026-05-02T19:58:07.388+0000] {logging_mixin.py:188} INFO - [2026-05-02T19:58:07.382+0000] {dag.py:3089} INFO - Sync 1 DAGs
[2026-05-02T19:58:07.480+0000] {logging_mixin.py:188} INFO - [2026-05-02T19:58:07.480+0000] {dag.py:3947} INFO - Setting next_dagrun for flights_ops_medallion_pipe to 2026-05-02 19:30:00+00:00, run_after=2026-05-02 20:00:00+00:00
[2026-05-02T19:58:07.520+0000] {processor.py:183} INFO - Processing /opt/airflow/dags/flight-pipeline.py took 5.512 seconds
[2026-05-02T19:58:39.929+0000] {processor.py:161} INFO - Started process (PID=11937) to work on /opt/airflow/dags/flight-pipeline.py
[2026-05-02T19:58:40.028+0000] {processor.py:830} INFO - Processing file /opt/airflow/dags/flight-pipeline.py for tasks to queue
[2026-05-02T19:58:40.129+0000] {logging_mixin.py:188} INFO - [2026-05-02T19:58:40.085+0000] {dagbag.py:545} INFO - Filling up the DagBag from /opt/airflow/dags/flight-pipeline.py
[2026-05-02T19:59:10.719+0000] {logging_mixin.py:188} INFO - [2026-05-02T19:59:10.498+0000] {timeout.py:68} ERROR - Process timed out, PID: 11937
[2026-05-02T19:59:42.631+0000] {processor.py:161} INFO - Started process (PID=11950) to work on /opt/airflow/dags/flight-pipeline.py
[2026-05-02T19:59:42.686+0000] {processor.py:830} INFO - Processing file /opt/airflow/dags/flight-pipeline.py for tasks to queue
[2026-05-02T19:59:42.702+0000] {logging_mixin.py:188} INFO - [2026-05-02T19:59:42.697+0000] {dagbag.py:545} INFO - Filling up the DagBag from /opt/airflow/dags/flight-pipeline.py
[2026-05-02T19:59:55.090+0000] {processor.py:840} INFO - DAG(s) 'flights_ops_medallion_pipe' retrieved from /opt/airflow/dags/flight-pipeline.py
[2026-05-02T19:59:55.437+0000] {logging_mixin.py:188} INFO - [2026-05-02T19:59:55.435+0000] {dag.py:3089} INFO - Sync 1 DAGs
[2026-05-02T19:59:55.617+0000] {logging_mixin.py:188} INFO - [2026-05-02T19:59:55.616+0000] {dag.py:3947} INFO - Setting next_dagrun for flights_ops_medallion_pipe to 2026-05-02 19:30:00+00:00, run_after=2026-05-02 20:00:00+00:00
[2026-05-02T19:59:55.703+0000] {processor.py:183} INFO - Processing /opt/airflow/dags/flight-pipeline.py took 13.244 seconds
[2026-05-02T20:16:05.817+0000] {processor.py:161} INFO - Started process (PID=11963) to work on /opt/airflow/dags/flight-pipeline.py
[2026-05-02T20:16:05.824+0000] {processor.py:830} INFO - Processing file /opt/airflow/dags/flight-pipeline.py for tasks to queue
[2026-05-02T20:16:05.833+0000] {logging_mixin.py:188} INFO - [2026-05-02T20:16:05.827+0000] {dagbag.py:545} INFO - Filling up the DagBag from /opt/airflow/dags/flight-pipeline.py
[2026-05-02T20:16:11.338+0000] {processor.py:840} INFO - DAG(s) 'flights_ops_medallion_pipe' retrieved from /opt/airflow/dags/flight-pipeline.py
[2026-05-02T20:16:11.655+0000] {logging_mixin.py:188} INFO - [2026-05-02T20:16:11.649+0000] {dag.py:3089} INFO - Sync 1 DAGs
[2026-05-02T20:16:11.862+0000] {logging_mixin.py:188} INFO - [2026-05-02T20:16:11.860+0000] {dag.py:3947} INFO - Setting next_dagrun for flights_ops_medallion_pipe to 2026-05-02 20:00:00+00:00, run_after=2026-05-02 20:30:00+00:00
[2026-05-02T20:16:11.961+0000] {processor.py:183} INFO - Processing /opt/airflow/dags/flight-pipeline.py took 6.234 seconds
[2026-05-02T20:16:43.949+0000] {processor.py:161} INFO - Started process (PID=11967) to work on /opt/airflow/dags/flight-pipeline.py
[2026-05-02T20:16:44.033+0000] {processor.py:830} INFO - Processing file /opt/airflow/dags/flight-pipeline.py for tasks to queue
[2026-05-02T20:16:44.061+0000] {logging_mixin.py:188} INFO - [2026-05-02T20:16:44.049+0000] {dagbag.py:545} INFO - Filling up the DagBag from /opt/airflow/dags/flight-pipeline.py
[2026-05-02T20:17:18.644+0000] {logging_mixin.py:188} INFO - [2026-05-02T20:17:18.628+0000] {timeout.py:68} ERROR - Process timed out, PID: 11967
[2026-05-02T20:17:18.647+0000] {logging_mixin.py:188} WARNING - Exception ignored in: <function WeakKeyDictionary.__init__.<locals>.remove at 0x7f5b138527a0>
[2026-05-02T20:17:18.653+0000] {logging_mixin.py:188} WARNING - Traceback (most recent call last):
[2026-05-02T20:17:18.656+0000] {logging_mixin.py:188} WARNING -   File "/usr/local/lib/python3.12/weakref.py", line 369, in remove
[2026-05-02T20:17:18.665+0000] {logging_mixin.py:188} WARNING -     def remove(k, selfref=ref(self)):
[2026-05-02T20:17:18.668+0000] {logging_mixin.py:188} WARNING -   File "/home/airflow/.local/lib/python3.12/site-packages/airflow/utils/timeout.py", line 69, in handle_timeout
[2026-05-02T20:17:18.674+0000] {logging_mixin.py:188} WARNING -     raise AirflowTaskTimeout(self.error_message)
[2026-05-02T20:17:18.678+0000] {logging_mixin.py:188} WARNING - airflow.exceptions.AirflowTaskTimeout: DagBag import timeout for /opt/airflow/dags/flight-pipeline.py after 30.0s.
Please take a look at these docs to improve your DAG import time:
* https://airflow.apache.org/docs/apache-airflow/2.9.3/best-practices.html#top-level-python-code
* https://airflow.apache.org/docs/apache-airflow/2.9.3/best-practices.html#reducing-dag-complexity, PID: 11967
[2026-05-02T20:17:22.788+0000] {processor.py:840} INFO - DAG(s) 'flights_ops_medallion_pipe' retrieved from /opt/airflow/dags/flight-pipeline.py
[2026-05-02T20:17:23.212+0000] {logging_mixin.py:188} INFO - [2026-05-02T20:17:23.209+0000] {dag.py:3089} INFO - Sync 1 DAGs
[2026-05-02T20:17:23.479+0000] {logging_mixin.py:188} INFO - [2026-05-02T20:17:23.478+0000] {dag.py:3947} INFO - Setting next_dagrun for flights_ops_medallion_pipe to 2026-05-02 20:00:00+00:00, run_after=2026-05-02 20:30:00+00:00
[2026-05-02T20:17:23.660+0000] {processor.py:183} INFO - Processing /opt/airflow/dags/flight-pipeline.py took 40.178 seconds
[2026-05-02T20:17:55.134+0000] {processor.py:161} INFO - Started process (PID=11989) to work on /opt/airflow/dags/flight-pipeline.py
[2026-05-02T20:17:55.168+0000] {processor.py:830} INFO - Processing file /opt/airflow/dags/flight-pipeline.py for tasks to queue
[2026-05-02T20:17:55.179+0000] {logging_mixin.py:188} INFO - [2026-05-02T20:17:55.175+0000] {dagbag.py:545} INFO - Filling up the DagBag from /opt/airflow/dags/flight-pipeline.py
[2026-05-02T20:18:13.252+0000] {processor.py:840} INFO - DAG(s) 'flights_ops_medallion_pipe' retrieved from /opt/airflow/dags/flight-pipeline.py
[2026-05-02T20:18:13.825+0000] {logging_mixin.py:188} INFO - [2026-05-02T20:18:13.814+0000] {dag.py:3089} INFO - Sync 1 DAGs
[2026-05-02T20:18:13.973+0000] {logging_mixin.py:188} INFO - [2026-05-02T20:18:13.964+0000] {dag.py:3947} INFO - Setting next_dagrun for flights_ops_medallion_pipe to 2026-05-02 20:00:00+00:00, run_after=2026-05-02 20:30:00+00:00
[2026-05-02T20:18:14.193+0000] {processor.py:183} INFO - Processing /opt/airflow/dags/flight-pipeline.py took 19.252 seconds
[2026-05-02T20:18:45.496+0000] {processor.py:161} INFO - Started process (PID=11995) to work on /opt/airflow/dags/flight-pipeline.py
[2026-05-02T20:18:45.528+0000] {processor.py:830} INFO - Processing file /opt/airflow/dags/flight-pipeline.py for tasks to queue
[2026-05-02T20:18:45.549+0000] {logging_mixin.py:188} INFO - [2026-05-02T20:18:45.536+0000] {dagbag.py:545} INFO - Filling up the DagBag from /opt/airflow/dags/flight-pipeline.py
[2026-05-02T20:18:53.091+0000] {processor.py:840} INFO - DAG(s) 'flights_ops_medallion_pipe' retrieved from /opt/airflow/dags/flight-pipeline.py
[2026-05-02T20:18:53.239+0000] {logging_mixin.py:188} INFO - [2026-05-02T20:18:53.237+0000] {dag.py:3089} INFO - Sync 1 DAGs
[2026-05-02T20:18:53.343+0000] {logging_mixin.py:188} INFO - [2026-05-02T20:18:53.342+0000] {dag.py:3947} INFO - Setting next_dagrun for flights_ops_medallion_pipe to 2026-05-02 20:00:00+00:00, run_after=2026-05-02 20:30:00+00:00
[2026-05-02T20:18:53.425+0000] {processor.py:183} INFO - Processing /opt/airflow/dags/flight-pipeline.py took 8.092 seconds
[2026-05-02T20:30:04.758+0000] {processor.py:161} INFO - Started process (PID=12020) to work on /opt/airflow/dags/flight-pipeline.py
[2026-05-02T20:30:04.767+0000] {processor.py:830} INFO - Processing file /opt/airflow/dags/flight-pipeline.py for tasks to queue
[2026-05-02T20:30:04.771+0000] {logging_mixin.py:188} INFO - [2026-05-02T20:30:04.769+0000] {dagbag.py:545} INFO - Filling up the DagBag from /opt/airflow/dags/flight-pipeline.py
[2026-05-02T20:30:07.687+0000] {processor.py:840} INFO - DAG(s) 'flights_ops_medallion_pipe' retrieved from /opt/airflow/dags/flight-pipeline.py
[2026-05-02T20:30:07.750+0000] {logging_mixin.py:188} INFO - [2026-05-02T20:30:07.749+0000] {dag.py:3089} INFO - Sync 1 DAGs
[2026-05-02T20:30:07.788+0000] {logging_mixin.py:188} INFO - [2026-05-02T20:30:07.788+0000] {dag.py:3947} INFO - Setting next_dagrun for flights_ops_medallion_pipe to 2026-05-02 20:00:00+00:00, run_after=2026-05-02 20:30:00+00:00
[2026-05-02T20:30:07.821+0000] {processor.py:183} INFO - Processing /opt/airflow/dags/flight-pipeline.py took 3.141 seconds
[2026-05-02T20:30:38.349+0000] {processor.py:161} INFO - Started process (PID=12023) to work on /opt/airflow/dags/flight-pipeline.py
[2026-05-02T20:30:38.400+0000] {processor.py:830} INFO - Processing file /opt/airflow/dags/flight-pipeline.py for tasks to queue
[2026-05-02T20:30:38.413+0000] {logging_mixin.py:188} INFO - [2026-05-02T20:30:38.409+0000] {dagbag.py:545} INFO - Filling up the DagBag from /opt/airflow/dags/flight-pipeline.py
[2026-05-02T20:30:58.311+0000] {processor.py:840} INFO - DAG(s) 'flights_ops_medallion_pipe' retrieved from /opt/airflow/dags/flight-pipeline.py
[2026-05-02T20:30:58.674+0000] {logging_mixin.py:188} INFO - [2026-05-02T20:30:58.669+0000] {dag.py:3089} INFO - Sync 1 DAGs
[2026-05-02T20:30:58.974+0000] {logging_mixin.py:188} INFO - [2026-05-02T20:30:58.971+0000] {dag.py:3947} INFO - Setting next_dagrun for flights_ops_medallion_pipe to 2026-05-02 20:00:00+00:00, run_after=2026-05-02 20:30:00+00:00
[2026-05-02T20:30:59.288+0000] {processor.py:183} INFO - Processing /opt/airflow/dags/flight-pipeline.py took 21.048 seconds
[2026-05-02T20:31:30.241+0000] {processor.py:161} INFO - Started process (PID=12037) to work on /opt/airflow/dags/flight-pipeline.py
[2026-05-02T20:31:30.247+0000] {processor.py:830} INFO - Processing file /opt/airflow/dags/flight-pipeline.py for tasks to queue
[2026-05-02T20:31:30.249+0000] {logging_mixin.py:188} INFO - [2026-05-02T20:31:30.248+0000] {dagbag.py:545} INFO - Filling up the DagBag from /opt/airflow/dags/flight-pipeline.py
[2026-05-02T20:31:32.020+0000] {processor.py:840} INFO - DAG(s) 'flights_ops_medallion_pipe' retrieved from /opt/airflow/dags/flight-pipeline.py
[2026-05-02T20:31:32.166+0000] {logging_mixin.py:188} INFO - [2026-05-02T20:31:32.165+0000] {dag.py:3089} INFO - Sync 1 DAGs
[2026-05-02T20:31:32.283+0000] {logging_mixin.py:188} INFO - [2026-05-02T20:31:32.282+0000] {dag.py:3947} INFO - Setting next_dagrun for flights_ops_medallion_pipe to 2026-05-02 20:30:00+00:00, run_after=2026-05-02 21:00:00+00:00
[2026-05-02T20:31:32.566+0000] {processor.py:183} INFO - Processing /opt/airflow/dags/flight-pipeline.py took 2.338 seconds
[2026-05-02T20:47:05.404+0000] {processor.py:161} INFO - Started process (PID=12050) to work on /opt/airflow/dags/flight-pipeline.py
[2026-05-02T20:47:05.423+0000] {processor.py:830} INFO - Processing file /opt/airflow/dags/flight-pipeline.py for tasks to queue
[2026-05-02T20:47:05.508+0000] {logging_mixin.py:188} INFO - [2026-05-02T20:47:05.430+0000] {dagbag.py:545} INFO - Filling up the DagBag from /opt/airflow/dags/flight-pipeline.py
[2026-05-02T20:47:12.207+0000] {processor.py:840} INFO - DAG(s) 'flights_ops_medallion_pipe' retrieved from /opt/airflow/dags/flight-pipeline.py
[2026-05-02T20:47:12.432+0000] {logging_mixin.py:188} INFO - [2026-05-02T20:47:12.430+0000] {dag.py:3089} INFO - Sync 1 DAGs
[2026-05-02T20:47:12.515+0000] {logging_mixin.py:188} INFO - [2026-05-02T20:47:12.514+0000] {dag.py:3947} INFO - Setting next_dagrun for flights_ops_medallion_pipe to 2026-05-02 20:30:00+00:00, run_after=2026-05-02 21:00:00+00:00
[2026-05-02T20:47:12.571+0000] {processor.py:183} INFO - Processing /opt/airflow/dags/flight-pipeline.py took 7.318 seconds
[2026-05-02T20:47:49.025+0000] {processor.py:161} INFO - Started process (PID=12053) to work on /opt/airflow/dags/flight-pipeline.py
[2026-05-02T20:47:49.452+0000] {processor.py:830} INFO - Processing file /opt/airflow/dags/flight-pipeline.py for tasks to queue
[2026-05-02T20:47:49.576+0000] {logging_mixin.py:188} INFO - [2026-05-02T20:47:49.519+0000] {dagbag.py:545} INFO - Filling up the DagBag from /opt/airflow/dags/flight-pipeline.py
[2026-05-02T20:48:21.446+0000] {logging_mixin.py:188} INFO - [2026-05-02T20:48:21.443+0000] {timeout.py:68} ERROR - Process timed out, PID: 12053
[2026-05-02T20:48:21.449+0000] {logging_mixin.py:188} WARNING - Exception ignored in: <function WeakKeyDictionary.__init__.<locals>.remove at 0x7f5b138527a0>
[2026-05-02T20:48:21.453+0000] {logging_mixin.py:188} WARNING - Traceback (most recent call last):
[2026-05-02T20:48:21.455+0000] {logging_mixin.py:188} WARNING -   File "/usr/local/lib/python3.12/weakref.py", line 369, in remove
[2026-05-02T20:48:21.463+0000] {logging_mixin.py:188} WARNING -     def remove(k, selfref=ref(self)):
[2026-05-02T20:48:21.465+0000] {logging_mixin.py:188} WARNING -   File "/home/airflow/.local/lib/python3.12/site-packages/airflow/utils/timeout.py", line 69, in handle_timeout
[2026-05-02T20:48:21.469+0000] {logging_mixin.py:188} WARNING -     raise AirflowTaskTimeout(self.error_message)
[2026-05-02T20:48:21.472+0000] {logging_mixin.py:188} WARNING - airflow.exceptions.AirflowTaskTimeout: DagBag import timeout for /opt/airflow/dags/flight-pipeline.py after 30.0s.
Please take a look at these docs to improve your DAG import time:
* https://airflow.apache.org/docs/apache-airflow/2.9.3/best-practices.html#top-level-python-code
* https://airflow.apache.org/docs/apache-airflow/2.9.3/best-practices.html#reducing-dag-complexity, PID: 12053
[2026-05-02T20:48:23.528+0000] {processor.py:840} INFO - DAG(s) 'flights_ops_medallion_pipe' retrieved from /opt/airflow/dags/flight-pipeline.py
[2026-05-02T20:48:23.714+0000] {logging_mixin.py:188} INFO - [2026-05-02T20:48:23.712+0000] {dag.py:3089} INFO - Sync 1 DAGs
[2026-05-02T20:48:23.851+0000] {logging_mixin.py:188} INFO - [2026-05-02T20:48:23.850+0000] {dag.py:3947} INFO - Setting next_dagrun for flights_ops_medallion_pipe to 2026-05-02 20:30:00+00:00, run_after=2026-05-02 21:00:00+00:00
[2026-05-02T20:48:23.946+0000] {processor.py:183} INFO - Processing /opt/airflow/dags/flight-pipeline.py took 38.016 seconds
[2026-05-02T20:48:54.296+0000] {processor.py:161} INFO - Started process (PID=12056) to work on /opt/airflow/dags/flight-pipeline.py
[2026-05-02T20:48:54.308+0000] {processor.py:830} INFO - Processing file /opt/airflow/dags/flight-pipeline.py for tasks to queue
[2026-05-02T20:48:54.315+0000] {logging_mixin.py:188} INFO - [2026-05-02T20:48:54.311+0000] {dagbag.py:545} INFO - Filling up the DagBag from /opt/airflow/dags/flight-pipeline.py
[2026-05-02T20:48:56.848+0000] {processor.py:840} INFO - DAG(s) 'flights_ops_medallion_pipe' retrieved from /opt/airflow/dags/flight-pipeline.py
[2026-05-02T20:48:56.938+0000] {logging_mixin.py:188} INFO - [2026-05-02T20:48:56.937+0000] {dag.py:3089} INFO - Sync 1 DAGs
[2026-05-02T20:48:57.001+0000] {logging_mixin.py:188} INFO - [2026-05-02T20:48:57.000+0000] {dag.py:3947} INFO - Setting next_dagrun for flights_ops_medallion_pipe to 2026-05-02 20:30:00+00:00, run_after=2026-05-02 21:00:00+00:00
[2026-05-02T20:48:57.061+0000] {processor.py:183} INFO - Processing /opt/airflow/dags/flight-pipeline.py took 2.799 seconds
[2026-05-02T20:49:27.343+0000] {processor.py:161} INFO - Started process (PID=12059) to work on /opt/airflow/dags/flight-pipeline.py
[2026-05-02T20:49:27.350+0000] {processor.py:830} INFO - Processing file /opt/airflow/dags/flight-pipeline.py for tasks to queue
[2026-05-02T20:49:27.352+0000] {logging_mixin.py:188} INFO - [2026-05-02T20:49:27.351+0000] {dagbag.py:545} INFO - Filling up the DagBag from /opt/airflow/dags/flight-pipeline.py
[2026-05-02T20:49:28.306+0000] {processor.py:840} INFO - DAG(s) 'flights_ops_medallion_pipe' retrieved from /opt/airflow/dags/flight-pipeline.py
[2026-05-02T20:49:28.349+0000] {logging_mixin.py:188} INFO - [2026-05-02T20:49:28.348+0000] {dag.py:3089} INFO - Sync 1 DAGs
[2026-05-02T20:49:28.381+0000] {logging_mixin.py:188} INFO - [2026-05-02T20:49:28.381+0000] {dag.py:3947} INFO - Setting next_dagrun for flights_ops_medallion_pipe to 2026-05-02 20:30:00+00:00, run_after=2026-05-02 21:00:00+00:00
[2026-05-02T20:49:28.401+0000] {processor.py:183} INFO - Processing /opt/airflow/dags/flight-pipeline.py took 1.082 seconds
[2026-05-02T20:49:58.605+0000] {processor.py:161} INFO - Started process (PID=12062) to work on /opt/airflow/dags/flight-pipeline.py
[2026-05-02T20:49:58.615+0000] {processor.py:830} INFO - Processing file /opt/airflow/dags/flight-pipeline.py for tasks to queue
[2026-05-02T20:49:58.617+0000] {logging_mixin.py:188} INFO - [2026-05-02T20:49:58.616+0000] {dagbag.py:545} INFO - Filling up the DagBag from /opt/airflow/dags/flight-pipeline.py
[2026-05-02T20:49:59.901+0000] {processor.py:840} INFO - DAG(s) 'flights_ops_medallion_pipe' retrieved from /opt/airflow/dags/flight-pipeline.py
[2026-05-02T20:49:59.946+0000] {logging_mixin.py:188} INFO - [2026-05-02T20:49:59.946+0000] {dag.py:3089} INFO - Sync 1 DAGs
[2026-05-02T20:49:59.975+0000] {logging_mixin.py:188} INFO - [2026-05-02T20:49:59.975+0000] {dag.py:3947} INFO - Setting next_dagrun for flights_ops_medallion_pipe to 2026-05-02 20:30:00+00:00, run_after=2026-05-02 21:00:00+00:00
[2026-05-02T20:50:00.003+0000] {processor.py:183} INFO - Processing /opt/airflow/dags/flight-pipeline.py took 1.440 seconds
[2026-05-02T20:50:30.291+0000] {processor.py:161} INFO - Started process (PID=12065) to work on /opt/airflow/dags/flight-pipeline.py
[2026-05-02T20:50:30.300+0000] {processor.py:830} INFO - Processing file /opt/airflow/dags/flight-pipeline.py for tasks to queue
[2026-05-02T20:50:30.302+0000] {logging_mixin.py:188} INFO - [2026-05-02T20:50:30.301+0000] {dagbag.py:545} INFO - Filling up the DagBag from /opt/airflow/dags/flight-pipeline.py
[2026-05-02T20:50:31.196+0000] {processor.py:840} INFO - DAG(s) 'flights_ops_medallion_pipe' retrieved from /opt/airflow/dags/flight-pipeline.py
[2026-05-02T20:50:31.235+0000] {logging_mixin.py:188} INFO - [2026-05-02T20:50:31.234+0000] {dag.py:3089} INFO - Sync 1 DAGs
[2026-05-02T20:50:31.261+0000] {logging_mixin.py:188} INFO - [2026-05-02T20:50:31.260+0000] {dag.py:3947} INFO - Setting next_dagrun for flights_ops_medallion_pipe to 2026-05-02 20:30:00+00:00, run_after=2026-05-02 21:00:00+00:00
[2026-05-02T20:50:31.279+0000] {processor.py:183} INFO - Processing /opt/airflow/dags/flight-pipeline.py took 1.001 seconds
[2026-05-02T20:51:01.539+0000] {processor.py:161} INFO - Started process (PID=12068) to work on /opt/airflow/dags/flight-pipeline.py
[2026-05-02T20:51:01.546+0000] {processor.py:830} INFO - Processing file /opt/airflow/dags/flight-pipeline.py for tasks to queue
[2026-05-02T20:51:01.548+0000] {logging_mixin.py:188} INFO - [2026-05-02T20:51:01.548+0000] {dagbag.py:545} INFO - Filling up the DagBag from /opt/airflow/dags/flight-pipeline.py
[2026-05-02T20:51:02.446+0000] {processor.py:840} INFO - DAG(s) 'flights_ops_medallion_pipe' retrieved from /opt/airflow/dags/flight-pipeline.py
[2026-05-02T20:51:02.486+0000] {logging_mixin.py:188} INFO - [2026-05-02T20:51:02.485+0000] {dag.py:3089} INFO - Sync 1 DAGs
[2026-05-02T20:51:02.510+0000] {logging_mixin.py:188} INFO - [2026-05-02T20:51:02.510+0000] {dag.py:3947} INFO - Setting next_dagrun for flights_ops_medallion_pipe to 2026-05-02 20:30:00+00:00, run_after=2026-05-02 21:00:00+00:00
[2026-05-02T20:51:02.547+0000] {processor.py:183} INFO - Processing /opt/airflow/dags/flight-pipeline.py took 1.035 seconds
[2026-05-02T20:51:32.827+0000] {processor.py:161} INFO - Started process (PID=12071) to work on /opt/airflow/dags/flight-pipeline.py
[2026-05-02T20:51:32.848+0000] {processor.py:830} INFO - Processing file /opt/airflow/dags/flight-pipeline.py for tasks to queue
[2026-05-02T20:51:32.849+0000] {logging_mixin.py:188} INFO - [2026-05-02T20:51:32.849+0000] {dagbag.py:545} INFO - Filling up the DagBag from /opt/airflow/dags/flight-pipeline.py
[2026-05-02T20:51:33.825+0000] {processor.py:840} INFO - DAG(s) 'flights_ops_medallion_pipe' retrieved from /opt/airflow/dags/flight-pipeline.py
[2026-05-02T20:51:33.862+0000] {logging_mixin.py:188} INFO - [2026-05-02T20:51:33.862+0000] {dag.py:3089} INFO - Sync 1 DAGs
[2026-05-02T20:51:33.885+0000] {logging_mixin.py:188} INFO - [2026-05-02T20:51:33.884+0000] {dag.py:3947} INFO - Setting next_dagrun for flights_ops_medallion_pipe to 2026-05-02 20:30:00+00:00, run_after=2026-05-02 21:00:00+00:00
[2026-05-02T20:51:33.908+0000] {processor.py:183} INFO - Processing /opt/airflow/dags/flight-pipeline.py took 1.092 seconds
[2026-05-02T21:09:10.779+0000] {processor.py:161} INFO - Started process (PID=12075) to work on /opt/airflow/dags/flight-pipeline.py
[2026-05-02T21:09:10.787+0000] {processor.py:830} INFO - Processing file /opt/airflow/dags/flight-pipeline.py for tasks to queue
[2026-05-02T21:09:10.792+0000] {logging_mixin.py:188} INFO - [2026-05-02T21:09:10.789+0000] {dagbag.py:545} INFO - Filling up the DagBag from /opt/airflow/dags/flight-pipeline.py
[2026-05-02T21:09:17.095+0000] {processor.py:840} INFO - DAG(s) 'flights_ops_medallion_pipe' retrieved from /opt/airflow/dags/flight-pipeline.py
[2026-05-02T21:09:17.197+0000] {logging_mixin.py:188} INFO - [2026-05-02T21:09:17.197+0000] {dag.py:3089} INFO - Sync 1 DAGs
[2026-05-02T21:09:17.254+0000] {logging_mixin.py:188} INFO - [2026-05-02T21:09:17.253+0000] {dag.py:3947} INFO - Setting next_dagrun for flights_ops_medallion_pipe to 2026-05-02 21:00:00+00:00, run_after=2026-05-02 21:30:00+00:00
[2026-05-02T21:09:17.288+0000] {processor.py:183} INFO - Processing /opt/airflow/dags/flight-pipeline.py took 6.594 seconds
[2026-05-02T21:09:48.956+0000] {processor.py:161} INFO - Started process (PID=12086) to work on /opt/airflow/dags/flight-pipeline.py
[2026-05-02T21:09:49.060+0000] {processor.py:830} INFO - Processing file /opt/airflow/dags/flight-pipeline.py for tasks to queue
[2026-05-02T21:09:49.098+0000] {logging_mixin.py:188} INFO - [2026-05-02T21:09:49.088+0000] {dagbag.py:545} INFO - Filling up the DagBag from /opt/airflow/dags/flight-pipeline.py
[2026-05-02T21:10:07.496+0000] {processor.py:840} INFO - DAG(s) 'flights_ops_medallion_pipe' retrieved from /opt/airflow/dags/flight-pipeline.py
[2026-05-02T21:10:08.094+0000] {logging_mixin.py:188} INFO - [2026-05-02T21:10:08.089+0000] {dag.py:3089} INFO - Sync 1 DAGs
[2026-05-02T21:10:08.801+0000] {logging_mixin.py:188} INFO - [2026-05-02T21:10:08.796+0000] {dag.py:3947} INFO - Setting next_dagrun for flights_ops_medallion_pipe to 2026-05-02 21:00:00+00:00, run_after=2026-05-02 21:30:00+00:00
[2026-05-02T21:10:09.171+0000] {processor.py:183} INFO - Processing /opt/airflow/dags/flight-pipeline.py took 20.955 seconds
[2026-05-02T21:10:41.185+0000] {processor.py:161} INFO - Started process (PID=12100) to work on /opt/airflow/dags/flight-pipeline.py
[2026-05-02T21:10:41.211+0000] {processor.py:830} INFO - Processing file /opt/airflow/dags/flight-pipeline.py for tasks to queue
[2026-05-02T21:10:41.228+0000] {logging_mixin.py:188} INFO - [2026-05-02T21:10:41.217+0000] {dagbag.py:545} INFO - Filling up the DagBag from /opt/airflow/dags/flight-pipeline.py
[2026-05-02T21:10:47.031+0000] {processor.py:840} INFO - DAG(s) 'flights_ops_medallion_pipe' retrieved from /opt/airflow/dags/flight-pipeline.py
[2026-05-02T21:10:47.145+0000] {logging_mixin.py:188} INFO - [2026-05-02T21:10:47.144+0000] {dag.py:3089} INFO - Sync 1 DAGs
[2026-05-02T21:10:47.239+0000] {logging_mixin.py:188} INFO - [2026-05-02T21:10:47.236+0000] {dag.py:3947} INFO - Setting next_dagrun for flights_ops_medallion_pipe to 2026-05-02 21:00:00+00:00, run_after=2026-05-02 21:30:00+00:00
[2026-05-02T21:10:47.310+0000] {processor.py:183} INFO - Processing /opt/airflow/dags/flight-pipeline.py took 6.242 seconds
[2026-05-02T21:11:17.440+0000] {processor.py:161} INFO - Started process (PID=12128) to work on /opt/airflow/dags/flight-pipeline.py
[2026-05-02T21:11:17.447+0000] {processor.py:830} INFO - Processing file /opt/airflow/dags/flight-pipeline.py for tasks to queue
[2026-05-02T21:11:17.449+0000] {logging_mixin.py:188} INFO - [2026-05-02T21:11:17.448+0000] {dagbag.py:545} INFO - Filling up the DagBag from /opt/airflow/dags/flight-pipeline.py
[2026-05-02T21:11:18.917+0000] {processor.py:840} INFO - DAG(s) 'flights_ops_medallion_pipe' retrieved from /opt/airflow/dags/flight-pipeline.py
[2026-05-02T21:11:18.957+0000] {logging_mixin.py:188} INFO - [2026-05-02T21:11:18.956+0000] {dag.py:3089} INFO - Sync 1 DAGs
[2026-05-02T21:11:18.992+0000] {logging_mixin.py:188} INFO - [2026-05-02T21:11:18.992+0000] {dag.py:3947} INFO - Setting next_dagrun for flights_ops_medallion_pipe to 2026-05-02 21:00:00+00:00, run_after=2026-05-02 21:30:00+00:00
[2026-05-02T21:11:19.023+0000] {processor.py:183} INFO - Processing /opt/airflow/dags/flight-pipeline.py took 1.620 seconds
[2026-05-02T21:11:49.269+0000] {processor.py:161} INFO - Started process (PID=12131) to work on /opt/airflow/dags/flight-pipeline.py
[2026-05-02T21:11:49.274+0000] {processor.py:830} INFO - Processing file /opt/airflow/dags/flight-pipeline.py for tasks to queue
[2026-05-02T21:11:49.275+0000] {logging_mixin.py:188} INFO - [2026-05-02T21:11:49.274+0000] {dagbag.py:545} INFO - Filling up the DagBag from /opt/airflow/dags/flight-pipeline.py
[2026-05-02T21:11:50.081+0000] {processor.py:840} INFO - DAG(s) 'flights_ops_medallion_pipe' retrieved from /opt/airflow/dags/flight-pipeline.py
[2026-05-02T21:11:50.113+0000] {logging_mixin.py:188} INFO - [2026-05-02T21:11:50.112+0000] {dag.py:3089} INFO - Sync 1 DAGs
[2026-05-02T21:11:50.134+0000] {logging_mixin.py:188} INFO - [2026-05-02T21:11:50.134+0000] {dag.py:3947} INFO - Setting next_dagrun for flights_ops_medallion_pipe to 2026-05-02 21:00:00+00:00, run_after=2026-05-02 21:30:00+00:00
[2026-05-02T21:11:50.154+0000] {processor.py:183} INFO - Processing /opt/airflow/dags/flight-pipeline.py took 0.894 seconds
[2026-05-02T21:12:20.418+0000] {processor.py:161} INFO - Started process (PID=12134) to work on /opt/airflow/dags/flight-pipeline.py
[2026-05-02T21:12:20.424+0000] {processor.py:830} INFO - Processing file /opt/airflow/dags/flight-pipeline.py for tasks to queue
[2026-05-02T21:12:20.428+0000] {logging_mixin.py:188} INFO - [2026-05-02T21:12:20.427+0000] {dagbag.py:545} INFO - Filling up the DagBag from /opt/airflow/dags/flight-pipeline.py
[2026-05-02T21:12:21.571+0000] {processor.py:840} INFO - DAG(s) 'flights_ops_medallion_pipe' retrieved from /opt/airflow/dags/flight-pipeline.py
[2026-05-02T21:12:21.600+0000] {logging_mixin.py:188} INFO - [2026-05-02T21:12:21.599+0000] {dag.py:3089} INFO - Sync 1 DAGs
[2026-05-02T21:12:21.625+0000] {logging_mixin.py:188} INFO - [2026-05-02T21:12:21.625+0000] {dag.py:3947} INFO - Setting next_dagrun for flights_ops_medallion_pipe to 2026-05-02 21:00:00+00:00, run_after=2026-05-02 21:30:00+00:00
[2026-05-02T21:12:21.644+0000] {processor.py:183} INFO - Processing /opt/airflow/dags/flight-pipeline.py took 1.235 seconds
[2026-05-02T21:12:51.902+0000] {processor.py:161} INFO - Started process (PID=12137) to work on /opt/airflow/dags/flight-pipeline.py
[2026-05-02T21:12:51.907+0000] {processor.py:830} INFO - Processing file /opt/airflow/dags/flight-pipeline.py for tasks to queue
[2026-05-02T21:12:51.909+0000] {logging_mixin.py:188} INFO - [2026-05-02T21:12:51.908+0000] {dagbag.py:545} INFO - Filling up the DagBag from /opt/airflow/dags/flight-pipeline.py
[2026-05-02T21:12:53.024+0000] {processor.py:840} INFO - DAG(s) 'flights_ops_medallion_pipe' retrieved from /opt/airflow/dags/flight-pipeline.py
[2026-05-02T21:12:53.056+0000] {logging_mixin.py:188} INFO - [2026-05-02T21:12:53.055+0000] {dag.py:3089} INFO - Sync 1 DAGs
[2026-05-02T21:12:53.077+0000] {logging_mixin.py:188} INFO - [2026-05-02T21:12:53.077+0000] {dag.py:3947} INFO - Setting next_dagrun for flights_ops_medallion_pipe to 2026-05-02 21:00:00+00:00, run_after=2026-05-02 21:30:00+00:00
[2026-05-02T21:12:53.095+0000] {processor.py:183} INFO - Processing /opt/airflow/dags/flight-pipeline.py took 1.205 seconds
[2026-05-02T21:13:23.331+0000] {processor.py:161} INFO - Started process (PID=12140) to work on /opt/airflow/dags/flight-pipeline.py
[2026-05-02T21:13:23.336+0000] {processor.py:830} INFO - Processing file /opt/airflow/dags/flight-pipeline.py for tasks to queue
[2026-05-02T21:13:23.338+0000] {logging_mixin.py:188} INFO - [2026-05-02T21:13:23.338+0000] {dagbag.py:545} INFO - Filling up the DagBag from /opt/airflow/dags/flight-pipeline.py
[2026-05-02T21:13:24.149+0000] {processor.py:840} INFO - DAG(s) 'flights_ops_medallion_pipe' retrieved from /opt/airflow/dags/flight-pipeline.py
[2026-05-02T21:13:24.181+0000] {logging_mixin.py:188} INFO - [2026-05-02T21:13:24.181+0000] {dag.py:3089} INFO - Sync 1 DAGs
[2026-05-02T21:13:24.202+0000] {logging_mixin.py:188} INFO - [2026-05-02T21:13:24.202+0000] {dag.py:3947} INFO - Setting next_dagrun for flights_ops_medallion_pipe to 2026-05-02 21:00:00+00:00, run_after=2026-05-02 21:30:00+00:00
[2026-05-02T21:13:24.219+0000] {processor.py:183} INFO - Processing /opt/airflow/dags/flight-pipeline.py took 0.899 seconds
[2026-05-02T21:13:54.351+0000] {processor.py:161} INFO - Started process (PID=12143) to work on /opt/airflow/dags/flight-pipeline.py
[2026-05-02T21:13:54.356+0000] {processor.py:830} INFO - Processing file /opt/airflow/dags/flight-pipeline.py for tasks to queue
[2026-05-02T21:13:54.357+0000] {logging_mixin.py:188} INFO - [2026-05-02T21:13:54.357+0000] {dagbag.py:545} INFO - Filling up the DagBag from /opt/airflow/dags/flight-pipeline.py
[2026-05-02T21:13:55.194+0000] {processor.py:840} INFO - DAG(s) 'flights_ops_medallion_pipe' retrieved from /opt/airflow/dags/flight-pipeline.py
[2026-05-02T21:13:55.227+0000] {logging_mixin.py:188} INFO - [2026-05-02T21:13:55.226+0000] {dag.py:3089} INFO - Sync 1 DAGs
[2026-05-02T21:13:55.246+0000] {logging_mixin.py:188} INFO - [2026-05-02T21:13:55.246+0000] {dag.py:3947} INFO - Setting next_dagrun for flights_ops_medallion_pipe to 2026-05-02 21:00:00+00:00, run_after=2026-05-02 21:30:00+00:00
[2026-05-02T21:13:55.264+0000] {processor.py:183} INFO - Processing /opt/airflow/dags/flight-pipeline.py took 0.923 seconds
[2026-05-02T21:14:25.554+0000] {processor.py:161} INFO - Started process (PID=12146) to work on /opt/airflow/dags/flight-pipeline.py
[2026-05-02T21:14:25.559+0000] {processor.py:830} INFO - Processing file /opt/airflow/dags/flight-pipeline.py for tasks to queue
[2026-05-02T21:14:25.560+0000] {logging_mixin.py:188} INFO - [2026-05-02T21:14:25.560+0000] {dagbag.py:545} INFO - Filling up the DagBag from /opt/airflow/dags/flight-pipeline.py
[2026-05-02T21:14:26.441+0000] {processor.py:840} INFO - DAG(s) 'flights_ops_medallion_pipe' retrieved from /opt/airflow/dags/flight-pipeline.py
[2026-05-02T21:14:26.472+0000] {logging_mixin.py:188} INFO - [2026-05-02T21:14:26.472+0000] {dag.py:3089} INFO - Sync 1 DAGs
[2026-05-02T21:14:26.492+0000] {logging_mixin.py:188} INFO - [2026-05-02T21:14:26.492+0000] {dag.py:3947} INFO - Setting next_dagrun for flights_ops_medallion_pipe to 2026-05-02 21:00:00+00:00, run_after=2026-05-02 21:30:00+00:00
[2026-05-02T21:14:26.511+0000] {processor.py:183} INFO - Processing /opt/airflow/dags/flight-pipeline.py took 0.964 seconds
[2026-05-02T21:14:56.789+0000] {processor.py:161} INFO - Started process (PID=12149) to work on /opt/airflow/dags/flight-pipeline.py
[2026-05-02T21:14:56.795+0000] {processor.py:830} INFO - Processing file /opt/airflow/dags/flight-pipeline.py for tasks to queue
[2026-05-02T21:14:56.796+0000] {logging_mixin.py:188} INFO - [2026-05-02T21:14:56.796+0000] {dagbag.py:545} INFO - Filling up the DagBag from /opt/airflow/dags/flight-pipeline.py
[2026-05-02T21:14:57.639+0000] {processor.py:840} INFO - DAG(s) 'flights_ops_medallion_pipe' retrieved from /opt/airflow/dags/flight-pipeline.py
[2026-05-02T21:14:57.669+0000] {logging_mixin.py:188} INFO - [2026-05-02T21:14:57.668+0000] {dag.py:3089} INFO - Sync 1 DAGs
[2026-05-02T21:14:57.690+0000] {logging_mixin.py:188} INFO - [2026-05-02T21:14:57.690+0000] {dag.py:3947} INFO - Setting next_dagrun for flights_ops_medallion_pipe to 2026-05-02 21:00:00+00:00, run_after=2026-05-02 21:30:00+00:00
[2026-05-02T21:14:57.709+0000] {processor.py:183} INFO - Processing /opt/airflow/dags/flight-pipeline.py took 0.929 seconds
[2026-05-02T21:15:27.976+0000] {processor.py:161} INFO - Started process (PID=12152) to work on /opt/airflow/dags/flight-pipeline.py
[2026-05-02T21:15:27.994+0000] {processor.py:830} INFO - Processing file /opt/airflow/dags/flight-pipeline.py for tasks to queue
[2026-05-02T21:15:27.995+0000] {logging_mixin.py:188} INFO - [2026-05-02T21:15:27.995+0000] {dagbag.py:545} INFO - Filling up the DagBag from /opt/airflow/dags/flight-pipeline.py
[2026-05-02T21:15:28.836+0000] {processor.py:840} INFO - DAG(s) 'flights_ops_medallion_pipe' retrieved from /opt/airflow/dags/flight-pipeline.py
[2026-05-02T21:15:28.865+0000] {logging_mixin.py:188} INFO - [2026-05-02T21:15:28.865+0000] {dag.py:3089} INFO - Sync 1 DAGs
[2026-05-02T21:15:28.885+0000] {logging_mixin.py:188} INFO - [2026-05-02T21:15:28.885+0000] {dag.py:3947} INFO - Setting next_dagrun for flights_ops_medallion_pipe to 2026-05-02 21:00:00+00:00, run_after=2026-05-02 21:30:00+00:00
[2026-05-02T21:15:28.905+0000] {processor.py:183} INFO - Processing /opt/airflow/dags/flight-pipeline.py took 0.937 seconds
[2026-05-02T21:15:59.161+0000] {processor.py:161} INFO - Started process (PID=12155) to work on /opt/airflow/dags/flight-pipeline.py
[2026-05-02T21:15:59.165+0000] {processor.py:830} INFO - Processing file /opt/airflow/dags/flight-pipeline.py for tasks to queue
[2026-05-02T21:15:59.167+0000] {logging_mixin.py:188} INFO - [2026-05-02T21:15:59.166+0000] {dagbag.py:545} INFO - Filling up the DagBag from /opt/airflow/dags/flight-pipeline.py
[2026-05-02T21:15:59.974+0000] {processor.py:840} INFO - DAG(s) 'flights_ops_medallion_pipe' retrieved from /opt/airflow/dags/flight-pipeline.py
[2026-05-02T21:16:00.012+0000] {logging_mixin.py:188} INFO - [2026-05-02T21:16:00.011+0000] {dag.py:3089} INFO - Sync 1 DAGs
[2026-05-02T21:16:00.041+0000] {logging_mixin.py:188} INFO - [2026-05-02T21:16:00.040+0000] {dag.py:3947} INFO - Setting next_dagrun for flights_ops_medallion_pipe to 2026-05-02 21:00:00+00:00, run_after=2026-05-02 21:30:00+00:00
[2026-05-02T21:16:00.064+0000] {processor.py:183} INFO - Processing /opt/airflow/dags/flight-pipeline.py took 0.917 seconds
[2026-05-02T21:17:40.468+0000] {processor.py:161} INFO - Started process (PID=12158) to work on /opt/airflow/dags/flight-pipeline.py
[2026-05-02T21:17:40.475+0000] {processor.py:830} INFO - Processing file /opt/airflow/dags/flight-pipeline.py for tasks to queue
[2026-05-02T21:17:40.487+0000] {logging_mixin.py:188} INFO - [2026-05-02T21:17:40.483+0000] {dagbag.py:545} INFO - Filling up the DagBag from /opt/airflow/dags/flight-pipeline.py
[2026-05-02T21:17:42.397+0000] {processor.py:840} INFO - DAG(s) 'flights_ops_medallion_pipe' retrieved from /opt/airflow/dags/flight-pipeline.py
[2026-05-02T21:17:42.438+0000] {logging_mixin.py:188} INFO - [2026-05-02T21:17:42.438+0000] {dag.py:3089} INFO - Sync 1 DAGs
[2026-05-02T21:17:42.466+0000] {logging_mixin.py:188} INFO - [2026-05-02T21:17:42.466+0000] {dag.py:3947} INFO - Setting next_dagrun for flights_ops_medallion_pipe to 2026-05-02 21:00:00+00:00, run_after=2026-05-02 21:30:00+00:00
[2026-05-02T21:17:42.491+0000] {processor.py:183} INFO - Processing /opt/airflow/dags/flight-pipeline.py took 2.040 seconds
[2026-05-02T21:18:13.178+0000] {processor.py:161} INFO - Started process (PID=12162) to work on /opt/airflow/dags/flight-pipeline.py
[2026-05-02T21:18:13.219+0000] {processor.py:830} INFO - Processing file /opt/airflow/dags/flight-pipeline.py for tasks to queue
[2026-05-02T21:18:13.231+0000] {logging_mixin.py:188} INFO - [2026-05-02T21:18:13.227+0000] {dagbag.py:545} INFO - Filling up the DagBag from /opt/airflow/dags/flight-pipeline.py
[2026-05-02T21:18:25.880+0000] {processor.py:840} INFO - DAG(s) 'flights_ops_medallion_pipe' retrieved from /opt/airflow/dags/flight-pipeline.py
[2026-05-02T21:18:26.584+0000] {logging_mixin.py:188} INFO - [2026-05-02T21:18:26.576+0000] {dag.py:3089} INFO - Sync 1 DAGs
[2026-05-02T21:18:27.062+0000] {logging_mixin.py:188} INFO - [2026-05-02T21:18:27.056+0000] {dag.py:3947} INFO - Setting next_dagrun for flights_ops_medallion_pipe to 2026-05-02 21:00:00+00:00, run_after=2026-05-02 21:30:00+00:00
[2026-05-02T21:18:27.334+0000] {processor.py:183} INFO - Processing /opt/airflow/dags/flight-pipeline.py took 14.266 seconds
[2026-05-02T21:31:05.116+0000] {processor.py:161} INFO - Started process (PID=12166) to work on /opt/airflow/dags/flight-pipeline.py
[2026-05-02T21:31:05.125+0000] {processor.py:830} INFO - Processing file /opt/airflow/dags/flight-pipeline.py for tasks to queue
[2026-05-02T21:31:05.127+0000] {logging_mixin.py:188} INFO - [2026-05-02T21:31:05.126+0000] {dagbag.py:545} INFO - Filling up the DagBag from /opt/airflow/dags/flight-pipeline.py
[2026-05-02T21:31:06.837+0000] {processor.py:840} INFO - DAG(s) 'flights_ops_medallion_pipe' retrieved from /opt/airflow/dags/flight-pipeline.py
[2026-05-02T21:31:06.905+0000] {logging_mixin.py:188} INFO - [2026-05-02T21:31:06.905+0000] {dag.py:3089} INFO - Sync 1 DAGs
[2026-05-02T21:31:06.954+0000] {logging_mixin.py:188} INFO - [2026-05-02T21:31:06.953+0000] {dag.py:3947} INFO - Setting next_dagrun for flights_ops_medallion_pipe to 2026-05-02 21:30:00+00:00, run_after=2026-05-02 22:00:00+00:00
[2026-05-02T21:31:06.996+0000] {processor.py:183} INFO - Processing /opt/airflow/dags/flight-pipeline.py took 1.936 seconds
[2026-05-02T21:31:42.015+0000] {processor.py:161} INFO - Started process (PID=12177) to work on /opt/airflow/dags/flight-pipeline.py
[2026-05-02T21:31:42.353+0000] {processor.py:830} INFO - Processing file /opt/airflow/dags/flight-pipeline.py for tasks to queue
[2026-05-02T21:31:42.467+0000] {logging_mixin.py:188} INFO - [2026-05-02T21:31:42.411+0000] {dagbag.py:545} INFO - Filling up the DagBag from /opt/airflow/dags/flight-pipeline.py
[2026-05-02T21:32:13.009+0000] {logging_mixin.py:188} INFO - [2026-05-02T21:32:12.993+0000] {timeout.py:68} ERROR - Process timed out, PID: 12177
[2026-05-02T21:50:12.532+0000] {processor.py:161} INFO - Started process (PID=12184) to work on /opt/airflow/dags/flight-pipeline.py
[2026-05-02T21:50:12.553+0000] {processor.py:830} INFO - Processing file /opt/airflow/dags/flight-pipeline.py for tasks to queue
[2026-05-02T21:50:12.559+0000] {logging_mixin.py:188} INFO - [2026-05-02T21:50:12.557+0000] {dagbag.py:545} INFO - Filling up the DagBag from /opt/airflow/dags/flight-pipeline.py
[2026-05-02T21:50:14.717+0000] {processor.py:840} INFO - DAG(s) 'flights_ops_medallion_pipe' retrieved from /opt/airflow/dags/flight-pipeline.py
[2026-05-02T21:50:15.115+0000] {logging_mixin.py:188} INFO - [2026-05-02T21:50:15.114+0000] {dag.py:3089} INFO - Sync 1 DAGs
[2026-05-02T21:50:15.152+0000] {logging_mixin.py:188} INFO - [2026-05-02T21:50:15.152+0000] {dag.py:3947} INFO - Setting next_dagrun for flights_ops_medallion_pipe to 2026-05-02 21:30:00+00:00, run_after=2026-05-02 22:00:00+00:00
[2026-05-02T21:50:15.186+0000] {processor.py:183} INFO - Processing /opt/airflow/dags/flight-pipeline.py took 2.675 seconds
[2026-05-02T21:50:45.920+0000] {processor.py:161} INFO - Started process (PID=12187) to work on /opt/airflow/dags/flight-pipeline.py
[2026-05-02T21:50:45.940+0000] {processor.py:830} INFO - Processing file /opt/airflow/dags/flight-pipeline.py for tasks to queue
[2026-05-02T21:50:45.955+0000] {logging_mixin.py:188} INFO - [2026-05-02T21:50:45.948+0000] {dagbag.py:545} INFO - Filling up the DagBag from /opt/airflow/dags/flight-pipeline.py
[2026-05-02T21:51:01.230+0000] {processor.py:840} INFO - DAG(s) 'flights_ops_medallion_pipe' retrieved from /opt/airflow/dags/flight-pipeline.py
[2026-05-02T21:51:01.899+0000] {logging_mixin.py:188} INFO - [2026-05-02T21:51:01.889+0000] {dag.py:3089} INFO - Sync 1 DAGs
[2026-05-02T21:51:02.350+0000] {logging_mixin.py:188} INFO - [2026-05-02T21:51:02.347+0000] {dag.py:3947} INFO - Setting next_dagrun for flights_ops_medallion_pipe to 2026-05-02 21:30:00+00:00, run_after=2026-05-02 22:00:00+00:00
[2026-05-02T21:51:02.571+0000] {processor.py:183} INFO - Processing /opt/airflow/dags/flight-pipeline.py took 16.792 seconds
[2026-05-02T21:51:33.475+0000] {processor.py:161} INFO - Started process (PID=12190) to work on /opt/airflow/dags/flight-pipeline.py
[2026-05-02T21:51:33.485+0000] {processor.py:830} INFO - Processing file /opt/airflow/dags/flight-pipeline.py for tasks to queue
[2026-05-02T21:51:33.488+0000] {logging_mixin.py:188} INFO - [2026-05-02T21:51:33.487+0000] {dagbag.py:545} INFO - Filling up the DagBag from /opt/airflow/dags/flight-pipeline.py
[2026-05-02T21:51:34.768+0000] {processor.py:840} INFO - DAG(s) 'flights_ops_medallion_pipe' retrieved from /opt/airflow/dags/flight-pipeline.py
[2026-05-02T21:51:34.824+0000] {logging_mixin.py:188} INFO - [2026-05-02T21:51:34.824+0000] {dag.py:3089} INFO - Sync 1 DAGs
[2026-05-02T21:51:34.863+0000] {logging_mixin.py:188} INFO - [2026-05-02T21:51:34.862+0000] {dag.py:3947} INFO - Setting next_dagrun for flights_ops_medallion_pipe to 2026-05-02 21:30:00+00:00, run_after=2026-05-02 22:00:00+00:00
[2026-05-02T21:51:34.890+0000] {processor.py:183} INFO - Processing /opt/airflow/dags/flight-pipeline.py took 1.452 seconds
[2026-05-02T21:52:05.157+0000] {processor.py:161} INFO - Started process (PID=12193) to work on /opt/airflow/dags/flight-pipeline.py
[2026-05-02T21:52:05.166+0000] {processor.py:830} INFO - Processing file /opt/airflow/dags/flight-pipeline.py for tasks to queue
[2026-05-02T21:52:05.171+0000] {logging_mixin.py:188} INFO - [2026-05-02T21:52:05.169+0000] {dagbag.py:545} INFO - Filling up the DagBag from /opt/airflow/dags/flight-pipeline.py
[2026-05-02T21:52:07.144+0000] {processor.py:840} INFO - DAG(s) 'flights_ops_medallion_pipe' retrieved from /opt/airflow/dags/flight-pipeline.py
[2026-05-02T21:52:07.224+0000] {logging_mixin.py:188} INFO - [2026-05-02T21:52:07.223+0000] {dag.py:3089} INFO - Sync 1 DAGs
[2026-05-02T21:52:07.273+0000] {logging_mixin.py:188} INFO - [2026-05-02T21:52:07.272+0000] {dag.py:3947} INFO - Setting next_dagrun for flights_ops_medallion_pipe to 2026-05-02 21:30:00+00:00, run_after=2026-05-02 22:00:00+00:00
[2026-05-02T21:52:07.309+0000] {processor.py:183} INFO - Processing /opt/airflow/dags/flight-pipeline.py took 2.170 seconds
[2026-05-02T21:52:37.500+0000] {processor.py:161} INFO - Started process (PID=12196) to work on /opt/airflow/dags/flight-pipeline.py
[2026-05-02T21:52:37.513+0000] {processor.py:830} INFO - Processing file /opt/airflow/dags/flight-pipeline.py for tasks to queue
[2026-05-02T21:52:37.516+0000] {logging_mixin.py:188} INFO - [2026-05-02T21:52:37.516+0000] {dagbag.py:545} INFO - Filling up the DagBag from /opt/airflow/dags/flight-pipeline.py
[2026-05-02T21:52:38.700+0000] {processor.py:840} INFO - DAG(s) 'flights_ops_medallion_pipe' retrieved from /opt/airflow/dags/flight-pipeline.py
[2026-05-02T21:52:38.757+0000] {logging_mixin.py:188} INFO - [2026-05-02T21:52:38.756+0000] {dag.py:3089} INFO - Sync 1 DAGs
[2026-05-02T21:52:38.796+0000] {logging_mixin.py:188} INFO - [2026-05-02T21:52:38.795+0000] {dag.py:3947} INFO - Setting next_dagrun for flights_ops_medallion_pipe to 2026-05-02 21:30:00+00:00, run_after=2026-05-02 22:00:00+00:00
[2026-05-02T21:52:38.828+0000] {processor.py:183} INFO - Processing /opt/airflow/dags/flight-pipeline.py took 1.349 seconds
[2026-05-02T21:53:09.148+0000] {processor.py:161} INFO - Started process (PID=12199) to work on /opt/airflow/dags/flight-pipeline.py
[2026-05-02T21:53:09.158+0000] {processor.py:830} INFO - Processing file /opt/airflow/dags/flight-pipeline.py for tasks to queue
[2026-05-02T21:53:09.163+0000] {logging_mixin.py:188} INFO - [2026-05-02T21:53:09.161+0000] {dagbag.py:545} INFO - Filling up the DagBag from /opt/airflow/dags/flight-pipeline.py
[2026-05-02T21:53:10.378+0000] {processor.py:840} INFO - DAG(s) 'flights_ops_medallion_pipe' retrieved from /opt/airflow/dags/flight-pipeline.py
[2026-05-02T21:53:10.436+0000] {logging_mixin.py:188} INFO - [2026-05-02T21:53:10.435+0000] {dag.py:3089} INFO - Sync 1 DAGs
[2026-05-02T21:53:10.477+0000] {logging_mixin.py:188} INFO - [2026-05-02T21:53:10.477+0000] {dag.py:3947} INFO - Setting next_dagrun for flights_ops_medallion_pipe to 2026-05-02 21:30:00+00:00, run_after=2026-05-02 22:00:00+00:00
[2026-05-02T21:53:10.509+0000] {processor.py:183} INFO - Processing /opt/airflow/dags/flight-pipeline.py took 1.382 seconds
[2026-05-02T21:53:40.769+0000] {processor.py:161} INFO - Started process (PID=12202) to work on /opt/airflow/dags/flight-pipeline.py
[2026-05-02T21:53:40.786+0000] {processor.py:830} INFO - Processing file /opt/airflow/dags/flight-pipeline.py for tasks to queue
[2026-05-02T21:53:40.788+0000] {logging_mixin.py:188} INFO - [2026-05-02T21:53:40.787+0000] {dagbag.py:545} INFO - Filling up the DagBag from /opt/airflow/dags/flight-pipeline.py
[2026-05-02T21:53:41.514+0000] {processor.py:840} INFO - DAG(s) 'flights_ops_medallion_pipe' retrieved from /opt/airflow/dags/flight-pipeline.py
[2026-05-02T21:53:41.580+0000] {logging_mixin.py:188} INFO - [2026-05-02T21:53:41.579+0000] {dag.py:3089} INFO - Sync 1 DAGs
[2026-05-02T21:53:41.619+0000] {logging_mixin.py:188} INFO - [2026-05-02T21:53:41.619+0000] {dag.py:3947} INFO - Setting next_dagrun for flights_ops_medallion_pipe to 2026-05-02 21:30:00+00:00, run_after=2026-05-02 22:00:00+00:00
[2026-05-02T21:53:41.641+0000] {processor.py:183} INFO - Processing /opt/airflow/dags/flight-pipeline.py took 0.885 seconds
[2026-05-02T21:54:11.876+0000] {processor.py:161} INFO - Started process (PID=12205) to work on /opt/airflow/dags/flight-pipeline.py
[2026-05-02T21:54:11.880+0000] {processor.py:830} INFO - Processing file /opt/airflow/dags/flight-pipeline.py for tasks to queue
[2026-05-02T21:54:11.881+0000] {logging_mixin.py:188} INFO - [2026-05-02T21:54:11.881+0000] {dagbag.py:545} INFO - Filling up the DagBag from /opt/airflow/dags/flight-pipeline.py
[2026-05-02T21:54:12.607+0000] {processor.py:840} INFO - DAG(s) 'flights_ops_medallion_pipe' retrieved from /opt/airflow/dags/flight-pipeline.py
[2026-05-02T21:54:12.648+0000] {logging_mixin.py:188} INFO - [2026-05-02T21:54:12.647+0000] {dag.py:3089} INFO - Sync 1 DAGs
[2026-05-02T21:54:12.685+0000] {logging_mixin.py:188} INFO - [2026-05-02T21:54:12.685+0000] {dag.py:3947} INFO - Setting next_dagrun for flights_ops_medallion_pipe to 2026-05-02 21:30:00+00:00, run_after=2026-05-02 22:00:00+00:00
[2026-05-02T21:54:12.706+0000] {processor.py:183} INFO - Processing /opt/airflow/dags/flight-pipeline.py took 0.838 seconds
[2026-05-02T21:54:42.902+0000] {processor.py:161} INFO - Started process (PID=12208) to work on /opt/airflow/dags/flight-pipeline.py
[2026-05-02T21:54:42.909+0000] {processor.py:830} INFO - Processing file /opt/airflow/dags/flight-pipeline.py for tasks to queue
[2026-05-02T21:54:42.911+0000] {logging_mixin.py:188} INFO - [2026-05-02T21:54:42.910+0000] {dagbag.py:545} INFO - Filling up the DagBag from /opt/airflow/dags/flight-pipeline.py
[2026-05-02T21:54:43.632+0000] {processor.py:840} INFO - DAG(s) 'flights_ops_medallion_pipe' retrieved from /opt/airflow/dags/flight-pipeline.py
[2026-05-02T21:54:43.672+0000] {logging_mixin.py:188} INFO - [2026-05-02T21:54:43.671+0000] {dag.py:3089} INFO - Sync 1 DAGs
[2026-05-02T21:54:43.701+0000] {logging_mixin.py:188} INFO - [2026-05-02T21:54:43.701+0000] {dag.py:3947} INFO - Setting next_dagrun for flights_ops_medallion_pipe to 2026-05-02 21:30:00+00:00, run_after=2026-05-02 22:00:00+00:00
[2026-05-02T21:54:43.724+0000] {processor.py:183} INFO - Processing /opt/airflow/dags/flight-pipeline.py took 0.839 seconds
[2026-05-02T21:55:14.043+0000] {processor.py:161} INFO - Started process (PID=12211) to work on /opt/airflow/dags/flight-pipeline.py
[2026-05-02T21:55:14.047+0000] {processor.py:830} INFO - Processing file /opt/airflow/dags/flight-pipeline.py for tasks to queue
[2026-05-02T21:55:14.048+0000] {logging_mixin.py:188} INFO - [2026-05-02T21:55:14.048+0000] {dagbag.py:545} INFO - Filling up the DagBag from /opt/airflow/dags/flight-pipeline.py
[2026-05-02T21:55:14.732+0000] {processor.py:840} INFO - DAG(s) 'flights_ops_medallion_pipe' retrieved from /opt/airflow/dags/flight-pipeline.py
[2026-05-02T21:55:14.770+0000] {logging_mixin.py:188} INFO - [2026-05-02T21:55:14.770+0000] {dag.py:3089} INFO - Sync 1 DAGs
[2026-05-02T21:55:14.796+0000] {logging_mixin.py:188} INFO - [2026-05-02T21:55:14.796+0000] {dag.py:3947} INFO - Setting next_dagrun for flights_ops_medallion_pipe to 2026-05-02 21:30:00+00:00, run_after=2026-05-02 22:00:00+00:00
[2026-05-02T21:55:14.817+0000] {processor.py:183} INFO - Processing /opt/airflow/dags/flight-pipeline.py took 0.783 seconds
[2026-05-02T21:55:45.201+0000] {processor.py:161} INFO - Started process (PID=12214) to work on /opt/airflow/dags/flight-pipeline.py
[2026-05-02T21:55:45.208+0000] {processor.py:830} INFO - Processing file /opt/airflow/dags/flight-pipeline.py for tasks to queue
[2026-05-02T21:55:45.211+0000] {logging_mixin.py:188} INFO - [2026-05-02T21:55:45.210+0000] {dagbag.py:545} INFO - Filling up the DagBag from /opt/airflow/dags/flight-pipeline.py
[2026-05-02T21:55:45.986+0000] {processor.py:840} INFO - DAG(s) 'flights_ops_medallion_pipe' retrieved from /opt/airflow/dags/flight-pipeline.py
[2026-05-02T21:55:46.033+0000] {logging_mixin.py:188} INFO - [2026-05-02T21:55:46.033+0000] {dag.py:3089} INFO - Sync 1 DAGs
[2026-05-02T21:55:46.066+0000] {logging_mixin.py:188} INFO - [2026-05-02T21:55:46.066+0000] {dag.py:3947} INFO - Setting next_dagrun for flights_ops_medallion_pipe to 2026-05-02 21:30:00+00:00, run_after=2026-05-02 22:00:00+00:00
[2026-05-02T21:55:46.086+0000] {processor.py:183} INFO - Processing /opt/airflow/dags/flight-pipeline.py took 0.931 seconds
[2026-05-02T21:56:16.366+0000] {processor.py:161} INFO - Started process (PID=12217) to work on /opt/airflow/dags/flight-pipeline.py
[2026-05-02T21:56:16.382+0000] {processor.py:830} INFO - Processing file /opt/airflow/dags/flight-pipeline.py for tasks to queue
[2026-05-02T21:56:16.383+0000] {logging_mixin.py:188} INFO - [2026-05-02T21:56:16.383+0000] {dagbag.py:545} INFO - Filling up the DagBag from /opt/airflow/dags/flight-pipeline.py
[2026-05-02T21:56:17.119+0000] {processor.py:840} INFO - DAG(s) 'flights_ops_medallion_pipe' retrieved from /opt/airflow/dags/flight-pipeline.py
[2026-05-02T21:56:17.156+0000] {logging_mixin.py:188} INFO - [2026-05-02T21:56:17.156+0000] {dag.py:3089} INFO - Sync 1 DAGs
[2026-05-02T21:56:17.181+0000] {logging_mixin.py:188} INFO - [2026-05-02T21:56:17.181+0000] {dag.py:3947} INFO - Setting next_dagrun for flights_ops_medallion_pipe to 2026-05-02 21:30:00+00:00, run_after=2026-05-02 22:00:00+00:00
[2026-05-02T21:56:17.202+0000] {processor.py:183} INFO - Processing /opt/airflow/dags/flight-pipeline.py took 0.851 seconds
[2026-05-02T21:56:47.470+0000] {processor.py:161} INFO - Started process (PID=12220) to work on /opt/airflow/dags/flight-pipeline.py
[2026-05-02T21:56:47.474+0000] {processor.py:830} INFO - Processing file /opt/airflow/dags/flight-pipeline.py for tasks to queue
[2026-05-02T21:56:47.477+0000] {logging_mixin.py:188} INFO - [2026-05-02T21:56:47.476+0000] {dagbag.py:545} INFO - Filling up the DagBag from /opt/airflow/dags/flight-pipeline.py
[2026-05-02T21:56:48.292+0000] {processor.py:840} INFO - DAG(s) 'flights_ops_medallion_pipe' retrieved from /opt/airflow/dags/flight-pipeline.py
[2026-05-02T21:56:48.331+0000] {logging_mixin.py:188} INFO - [2026-05-02T21:56:48.330+0000] {dag.py:3089} INFO - Sync 1 DAGs
[2026-05-02T21:56:48.365+0000] {logging_mixin.py:188} INFO - [2026-05-02T21:56:48.365+0000] {dag.py:3947} INFO - Setting next_dagrun for flights_ops_medallion_pipe to 2026-05-02 21:30:00+00:00, run_after=2026-05-02 22:00:00+00:00
[2026-05-02T21:56:48.400+0000] {processor.py:183} INFO - Processing /opt/airflow/dags/flight-pipeline.py took 0.939 seconds
[2026-05-02T21:57:18.667+0000] {processor.py:161} INFO - Started process (PID=12223) to work on /opt/airflow/dags/flight-pipeline.py
[2026-05-02T21:57:18.675+0000] {processor.py:830} INFO - Processing file /opt/airflow/dags/flight-pipeline.py for tasks to queue
[2026-05-02T21:57:18.680+0000] {logging_mixin.py:188} INFO - [2026-05-02T21:57:18.679+0000] {dagbag.py:545} INFO - Filling up the DagBag from /opt/airflow/dags/flight-pipeline.py
[2026-05-02T21:57:19.455+0000] {processor.py:840} INFO - DAG(s) 'flights_ops_medallion_pipe' retrieved from /opt/airflow/dags/flight-pipeline.py
[2026-05-02T21:57:19.490+0000] {logging_mixin.py:188} INFO - [2026-05-02T21:57:19.490+0000] {dag.py:3089} INFO - Sync 1 DAGs
[2026-05-02T21:57:19.514+0000] {logging_mixin.py:188} INFO - [2026-05-02T21:57:19.514+0000] {dag.py:3947} INFO - Setting next_dagrun for flights_ops_medallion_pipe to 2026-05-02 21:30:00+00:00, run_after=2026-05-02 22:00:00+00:00
[2026-05-02T21:57:19.533+0000] {processor.py:183} INFO - Processing /opt/airflow/dags/flight-pipeline.py took 0.878 seconds
[2026-05-02T21:57:49.789+0000] {processor.py:161} INFO - Started process (PID=12226) to work on /opt/airflow/dags/flight-pipeline.py
[2026-05-02T21:57:49.794+0000] {processor.py:830} INFO - Processing file /opt/airflow/dags/flight-pipeline.py for tasks to queue
[2026-05-02T21:57:49.795+0000] {logging_mixin.py:188} INFO - [2026-05-02T21:57:49.795+0000] {dagbag.py:545} INFO - Filling up the DagBag from /opt/airflow/dags/flight-pipeline.py
[2026-05-02T21:57:50.490+0000] {processor.py:840} INFO - DAG(s) 'flights_ops_medallion_pipe' retrieved from /opt/airflow/dags/flight-pipeline.py
[2026-05-02T21:57:50.527+0000] {logging_mixin.py:188} INFO - [2026-05-02T21:57:50.526+0000] {dag.py:3089} INFO - Sync 1 DAGs
[2026-05-02T21:57:50.567+0000] {logging_mixin.py:188} INFO - [2026-05-02T21:57:50.566+0000] {dag.py:3947} INFO - Setting next_dagrun for flights_ops_medallion_pipe to 2026-05-02 21:30:00+00:00, run_after=2026-05-02 22:00:00+00:00
[2026-05-02T21:57:50.591+0000] {processor.py:183} INFO - Processing /opt/airflow/dags/flight-pipeline.py took 0.812 seconds
[2026-05-02T21:58:20.831+0000] {processor.py:161} INFO - Started process (PID=12229) to work on /opt/airflow/dags/flight-pipeline.py
[2026-05-02T21:58:20.836+0000] {processor.py:830} INFO - Processing file /opt/airflow/dags/flight-pipeline.py for tasks to queue
[2026-05-02T21:58:20.837+0000] {logging_mixin.py:188} INFO - [2026-05-02T21:58:20.837+0000] {dagbag.py:545} INFO - Filling up the DagBag from /opt/airflow/dags/flight-pipeline.py
[2026-05-02T21:58:21.540+0000] {processor.py:840} INFO - DAG(s) 'flights_ops_medallion_pipe' retrieved from /opt/airflow/dags/flight-pipeline.py
[2026-05-02T21:58:21.576+0000] {logging_mixin.py:188} INFO - [2026-05-02T21:58:21.575+0000] {dag.py:3089} INFO - Sync 1 DAGs
[2026-05-02T21:58:21.599+0000] {logging_mixin.py:188} INFO - [2026-05-02T21:58:21.598+0000] {dag.py:3947} INFO - Setting next_dagrun for flights_ops_medallion_pipe to 2026-05-02 21:30:00+00:00, run_after=2026-05-02 22:00:00+00:00
[2026-05-02T21:58:21.619+0000] {processor.py:183} INFO - Processing /opt/airflow/dags/flight-pipeline.py took 0.797 seconds
[2026-05-02T21:58:51.740+0000] {processor.py:161} INFO - Started process (PID=12232) to work on /opt/airflow/dags/flight-pipeline.py
[2026-05-02T21:58:51.746+0000] {processor.py:830} INFO - Processing file /opt/airflow/dags/flight-pipeline.py for tasks to queue
[2026-05-02T21:58:51.747+0000] {logging_mixin.py:188} INFO - [2026-05-02T21:58:51.747+0000] {dagbag.py:545} INFO - Filling up the DagBag from /opt/airflow/dags/flight-pipeline.py
[2026-05-02T21:58:52.556+0000] {processor.py:840} INFO - DAG(s) 'flights_ops_medallion_pipe' retrieved from /opt/airflow/dags/flight-pipeline.py
[2026-05-02T21:58:52.591+0000] {logging_mixin.py:188} INFO - [2026-05-02T21:58:52.590+0000] {dag.py:3089} INFO - Sync 1 DAGs
[2026-05-02T21:58:52.617+0000] {logging_mixin.py:188} INFO - [2026-05-02T21:58:52.617+0000] {dag.py:3947} INFO - Setting next_dagrun for flights_ops_medallion_pipe to 2026-05-02 21:30:00+00:00, run_after=2026-05-02 22:00:00+00:00
[2026-05-02T21:58:52.637+0000] {processor.py:183} INFO - Processing /opt/airflow/dags/flight-pipeline.py took 0.911 seconds
[2026-05-02T21:59:22.912+0000] {processor.py:161} INFO - Started process (PID=12235) to work on /opt/airflow/dags/flight-pipeline.py
[2026-05-02T21:59:22.917+0000] {processor.py:830} INFO - Processing file /opt/airflow/dags/flight-pipeline.py for tasks to queue
[2026-05-02T21:59:22.918+0000] {logging_mixin.py:188} INFO - [2026-05-02T21:59:22.918+0000] {dagbag.py:545} INFO - Filling up the DagBag from /opt/airflow/dags/flight-pipeline.py
[2026-05-02T21:59:23.941+0000] {processor.py:840} INFO - DAG(s) 'flights_ops_medallion_pipe' retrieved from /opt/airflow/dags/flight-pipeline.py
[2026-05-02T21:59:23.983+0000] {logging_mixin.py:188} INFO - [2026-05-02T21:59:23.982+0000] {dag.py:3089} INFO - Sync 1 DAGs
[2026-05-02T21:59:24.009+0000] {logging_mixin.py:188} INFO - [2026-05-02T21:59:24.008+0000] {dag.py:3947} INFO - Setting next_dagrun for flights_ops_medallion_pipe to 2026-05-02 21:30:00+00:00, run_after=2026-05-02 22:00:00+00:00
[2026-05-02T21:59:24.028+0000] {processor.py:183} INFO - Processing /opt/airflow/dags/flight-pipeline.py took 1.123 seconds
[2026-05-02T21:59:54.144+0000] {processor.py:161} INFO - Started process (PID=12238) to work on /opt/airflow/dags/flight-pipeline.py
[2026-05-02T21:59:54.149+0000] {processor.py:830} INFO - Processing file /opt/airflow/dags/flight-pipeline.py for tasks to queue
[2026-05-02T21:59:54.150+0000] {logging_mixin.py:188} INFO - [2026-05-02T21:59:54.149+0000] {dagbag.py:545} INFO - Filling up the DagBag from /opt/airflow/dags/flight-pipeline.py
[2026-05-02T21:59:55.038+0000] {processor.py:840} INFO - DAG(s) 'flights_ops_medallion_pipe' retrieved from /opt/airflow/dags/flight-pipeline.py
[2026-05-02T21:59:55.073+0000] {logging_mixin.py:188} INFO - [2026-05-02T21:59:55.072+0000] {dag.py:3089} INFO - Sync 1 DAGs
[2026-05-02T21:59:55.098+0000] {logging_mixin.py:188} INFO - [2026-05-02T21:59:55.098+0000] {dag.py:3947} INFO - Setting next_dagrun for flights_ops_medallion_pipe to 2026-05-02 21:30:00+00:00, run_after=2026-05-02 22:00:00+00:00
[2026-05-02T21:59:55.121+0000] {processor.py:183} INFO - Processing /opt/airflow/dags/flight-pipeline.py took 0.986 seconds
[2026-05-02T22:00:25.556+0000] {processor.py:161} INFO - Started process (PID=12273) to work on /opt/airflow/dags/flight-pipeline.py
[2026-05-02T22:00:25.566+0000] {processor.py:830} INFO - Processing file /opt/airflow/dags/flight-pipeline.py for tasks to queue
[2026-05-02T22:00:25.575+0000] {logging_mixin.py:188} INFO - [2026-05-02T22:00:25.572+0000] {dagbag.py:545} INFO - Filling up the DagBag from /opt/airflow/dags/flight-pipeline.py
[2026-05-02T22:00:27.260+0000] {processor.py:840} INFO - DAG(s) 'flights_ops_medallion_pipe' retrieved from /opt/airflow/dags/flight-pipeline.py
[2026-05-02T22:00:27.365+0000] {logging_mixin.py:188} INFO - [2026-05-02T22:00:27.364+0000] {dag.py:3089} INFO - Sync 1 DAGs
[2026-05-02T22:00:27.421+0000] {logging_mixin.py:188} INFO - [2026-05-02T22:00:27.420+0000] {dag.py:3947} INFO - Setting next_dagrun for flights_ops_medallion_pipe to 2026-05-02 22:00:00+00:00, run_after=2026-05-02 22:30:00+00:00
[2026-05-02T22:00:27.476+0000] {processor.py:183} INFO - Processing /opt/airflow/dags/flight-pipeline.py took 1.968 seconds
[2026-05-02T22:00:57.753+0000] {processor.py:161} INFO - Started process (PID=12288) to work on /opt/airflow/dags/flight-pipeline.py
[2026-05-02T22:00:57.758+0000] {processor.py:830} INFO - Processing file /opt/airflow/dags/flight-pipeline.py for tasks to queue
[2026-05-02T22:00:57.759+0000] {logging_mixin.py:188} INFO - [2026-05-02T22:00:57.759+0000] {dagbag.py:545} INFO - Filling up the DagBag from /opt/airflow/dags/flight-pipeline.py
[2026-05-02T22:00:58.475+0000] {processor.py:840} INFO - DAG(s) 'flights_ops_medallion_pipe' retrieved from /opt/airflow/dags/flight-pipeline.py
[2026-05-02T22:00:58.578+0000] {logging_mixin.py:188} INFO - [2026-05-02T22:00:58.577+0000] {dag.py:3089} INFO - Sync 1 DAGs
[2026-05-02T22:00:58.677+0000] {logging_mixin.py:188} INFO - [2026-05-02T22:00:58.676+0000] {dag.py:3947} INFO - Setting next_dagrun for flights_ops_medallion_pipe to 2026-05-02 22:00:00+00:00, run_after=2026-05-02 22:30:00+00:00
[2026-05-02T22:00:58.727+0000] {processor.py:183} INFO - Processing /opt/airflow/dags/flight-pipeline.py took 0.985 seconds
[2026-05-02T22:01:28.996+0000] {processor.py:161} INFO - Started process (PID=12291) to work on /opt/airflow/dags/flight-pipeline.py
[2026-05-02T22:01:29.001+0000] {processor.py:830} INFO - Processing file /opt/airflow/dags/flight-pipeline.py for tasks to queue
[2026-05-02T22:01:29.006+0000] {logging_mixin.py:188} INFO - [2026-05-02T22:01:29.002+0000] {dagbag.py:545} INFO - Filling up the DagBag from /opt/airflow/dags/flight-pipeline.py
[2026-05-02T22:01:29.982+0000] {processor.py:840} INFO - DAG(s) 'flights_ops_medallion_pipe' retrieved from /opt/airflow/dags/flight-pipeline.py
[2026-05-02T22:01:30.027+0000] {logging_mixin.py:188} INFO - [2026-05-02T22:01:30.025+0000] {dag.py:3089} INFO - Sync 1 DAGs
[2026-05-02T22:01:30.139+0000] {logging_mixin.py:188} INFO - [2026-05-02T22:01:30.138+0000] {dag.py:3947} INFO - Setting next_dagrun for flights_ops_medallion_pipe to 2026-05-02 22:00:00+00:00, run_after=2026-05-02 22:30:00+00:00
[2026-05-02T22:01:30.214+0000] {processor.py:183} INFO - Processing /opt/airflow/dags/flight-pipeline.py took 1.227 seconds
[2026-05-02T22:02:00.262+0000] {processor.py:161} INFO - Started process (PID=12294) to work on /opt/airflow/dags/flight-pipeline.py
[2026-05-02T22:02:00.266+0000] {processor.py:830} INFO - Processing file /opt/airflow/dags/flight-pipeline.py for tasks to queue
[2026-05-02T22:02:00.268+0000] {logging_mixin.py:188} INFO - [2026-05-02T22:02:00.267+0000] {dagbag.py:545} INFO - Filling up the DagBag from /opt/airflow/dags/flight-pipeline.py
[2026-05-02T22:02:00.982+0000] {processor.py:840} INFO - DAG(s) 'flights_ops_medallion_pipe' retrieved from /opt/airflow/dags/flight-pipeline.py
[2026-05-02T22:02:01.016+0000] {logging_mixin.py:188} INFO - [2026-05-02T22:02:01.016+0000] {dag.py:3089} INFO - Sync 1 DAGs
[2026-05-02T22:02:01.040+0000] {logging_mixin.py:188} INFO - [2026-05-02T22:02:01.040+0000] {dag.py:3947} INFO - Setting next_dagrun for flights_ops_medallion_pipe to 2026-05-02 22:00:00+00:00, run_after=2026-05-02 22:30:00+00:00
[2026-05-02T22:02:01.062+0000] {processor.py:183} INFO - Processing /opt/airflow/dags/flight-pipeline.py took 0.808 seconds
[2026-05-02T22:02:31.607+0000] {processor.py:161} INFO - Started process (PID=12297) to work on /opt/airflow/dags/flight-pipeline.py
[2026-05-02T22:02:31.612+0000] {processor.py:830} INFO - Processing file /opt/airflow/dags/flight-pipeline.py for tasks to queue
[2026-05-02T22:02:31.614+0000] {logging_mixin.py:188} INFO - [2026-05-02T22:02:31.614+0000] {dagbag.py:545} INFO - Filling up the DagBag from /opt/airflow/dags/flight-pipeline.py
[2026-05-02T22:02:32.421+0000] {processor.py:840} INFO - DAG(s) 'flights_ops_medallion_pipe' retrieved from /opt/airflow/dags/flight-pipeline.py
[2026-05-02T22:02:32.466+0000] {logging_mixin.py:188} INFO - [2026-05-02T22:02:32.465+0000] {dag.py:3089} INFO - Sync 1 DAGs
[2026-05-02T22:02:32.495+0000] {logging_mixin.py:188} INFO - [2026-05-02T22:02:32.495+0000] {dag.py:3947} INFO - Setting next_dagrun for flights_ops_medallion_pipe to 2026-05-02 22:00:00+00:00, run_after=2026-05-02 22:30:00+00:00
[2026-05-02T22:02:32.517+0000] {processor.py:183} INFO - Processing /opt/airflow/dags/flight-pipeline.py took 0.925 seconds
[2026-05-02T22:03:02.812+0000] {processor.py:161} INFO - Started process (PID=12300) to work on /opt/airflow/dags/flight-pipeline.py
[2026-05-02T22:03:02.817+0000] {processor.py:830} INFO - Processing file /opt/airflow/dags/flight-pipeline.py for tasks to queue
[2026-05-02T22:03:02.818+0000] {logging_mixin.py:188} INFO - [2026-05-02T22:03:02.818+0000] {dagbag.py:545} INFO - Filling up the DagBag from /opt/airflow/dags/flight-pipeline.py
[2026-05-02T22:03:03.526+0000] {processor.py:840} INFO - DAG(s) 'flights_ops_medallion_pipe' retrieved from /opt/airflow/dags/flight-pipeline.py
[2026-05-02T22:03:03.563+0000] {logging_mixin.py:188} INFO - [2026-05-02T22:03:03.562+0000] {dag.py:3089} INFO - Sync 1 DAGs
[2026-05-02T22:03:03.594+0000] {logging_mixin.py:188} INFO - [2026-05-02T22:03:03.593+0000] {dag.py:3947} INFO - Setting next_dagrun for flights_ops_medallion_pipe to 2026-05-02 22:00:00+00:00, run_after=2026-05-02 22:30:00+00:00
[2026-05-02T22:03:03.615+0000] {processor.py:183} INFO - Processing /opt/airflow/dags/flight-pipeline.py took 0.817 seconds
[2026-05-02T22:03:33.886+0000] {processor.py:161} INFO - Started process (PID=12303) to work on /opt/airflow/dags/flight-pipeline.py
[2026-05-02T22:03:33.893+0000] {processor.py:830} INFO - Processing file /opt/airflow/dags/flight-pipeline.py for tasks to queue
[2026-05-02T22:03:33.895+0000] {logging_mixin.py:188} INFO - [2026-05-02T22:03:33.894+0000] {dagbag.py:545} INFO - Filling up the DagBag from /opt/airflow/dags/flight-pipeline.py
[2026-05-02T22:03:34.702+0000] {processor.py:840} INFO - DAG(s) 'flights_ops_medallion_pipe' retrieved from /opt/airflow/dags/flight-pipeline.py
[2026-05-02T22:03:34.754+0000] {logging_mixin.py:188} INFO - [2026-05-02T22:03:34.753+0000] {dag.py:3089} INFO - Sync 1 DAGs
[2026-05-02T22:03:34.789+0000] {logging_mixin.py:188} INFO - [2026-05-02T22:03:34.789+0000] {dag.py:3947} INFO - Setting next_dagrun for flights_ops_medallion_pipe to 2026-05-02 22:00:00+00:00, run_after=2026-05-02 22:30:00+00:00
[2026-05-02T22:03:34.820+0000] {processor.py:183} INFO - Processing /opt/airflow/dags/flight-pipeline.py took 0.948 seconds
[2026-05-02T22:04:05.133+0000] {processor.py:161} INFO - Started process (PID=12306) to work on /opt/airflow/dags/flight-pipeline.py
[2026-05-02T22:04:05.140+0000] {processor.py:830} INFO - Processing file /opt/airflow/dags/flight-pipeline.py for tasks to queue
[2026-05-02T22:04:05.141+0000] {logging_mixin.py:188} INFO - [2026-05-02T22:04:05.141+0000] {dagbag.py:545} INFO - Filling up the DagBag from /opt/airflow/dags/flight-pipeline.py
[2026-05-02T22:04:06.125+0000] {processor.py:840} INFO - DAG(s) 'flights_ops_medallion_pipe' retrieved from /opt/airflow/dags/flight-pipeline.py
[2026-05-02T22:04:06.167+0000] {logging_mixin.py:188} INFO - [2026-05-02T22:04:06.166+0000] {dag.py:3089} INFO - Sync 1 DAGs
[2026-05-02T22:04:06.243+0000] {logging_mixin.py:188} INFO - [2026-05-02T22:04:06.242+0000] {dag.py:3947} INFO - Setting next_dagrun for flights_ops_medallion_pipe to 2026-05-02 22:00:00+00:00, run_after=2026-05-02 22:30:00+00:00
[2026-05-02T22:04:06.285+0000] {processor.py:183} INFO - Processing /opt/airflow/dags/flight-pipeline.py took 1.177 seconds
[2026-05-02T22:04:36.369+0000] {processor.py:161} INFO - Started process (PID=12309) to work on /opt/airflow/dags/flight-pipeline.py
[2026-05-02T22:04:36.376+0000] {processor.py:830} INFO - Processing file /opt/airflow/dags/flight-pipeline.py for tasks to queue
[2026-05-02T22:04:36.380+0000] {logging_mixin.py:188} INFO - [2026-05-02T22:04:36.378+0000] {dagbag.py:545} INFO - Filling up the DagBag from /opt/airflow/dags/flight-pipeline.py
[2026-05-02T22:04:37.169+0000] {processor.py:840} INFO - DAG(s) 'flights_ops_medallion_pipe' retrieved from /opt/airflow/dags/flight-pipeline.py
[2026-05-02T22:04:37.203+0000] {logging_mixin.py:188} INFO - [2026-05-02T22:04:37.202+0000] {dag.py:3089} INFO - Sync 1 DAGs
[2026-05-02T22:04:37.226+0000] {logging_mixin.py:188} INFO - [2026-05-02T22:04:37.226+0000] {dag.py:3947} INFO - Setting next_dagrun for flights_ops_medallion_pipe to 2026-05-02 22:00:00+00:00, run_after=2026-05-02 22:30:00+00:00
[2026-05-02T22:04:37.251+0000] {processor.py:183} INFO - Processing /opt/airflow/dags/flight-pipeline.py took 0.894 seconds
[2026-05-02T22:05:07.524+0000] {processor.py:161} INFO - Started process (PID=12312) to work on /opt/airflow/dags/flight-pipeline.py
[2026-05-02T22:05:07.529+0000] {processor.py:830} INFO - Processing file /opt/airflow/dags/flight-pipeline.py for tasks to queue
[2026-05-02T22:05:07.530+0000] {logging_mixin.py:188} INFO - [2026-05-02T22:05:07.530+0000] {dagbag.py:545} INFO - Filling up the DagBag from /opt/airflow/dags/flight-pipeline.py
[2026-05-02T22:05:08.329+0000] {processor.py:840} INFO - DAG(s) 'flights_ops_medallion_pipe' retrieved from /opt/airflow/dags/flight-pipeline.py
[2026-05-02T22:05:08.385+0000] {logging_mixin.py:188} INFO - [2026-05-02T22:05:08.384+0000] {dag.py:3089} INFO - Sync 1 DAGs
[2026-05-02T22:05:08.494+0000] {logging_mixin.py:188} INFO - [2026-05-02T22:05:08.494+0000] {dag.py:3947} INFO - Setting next_dagrun for flights_ops_medallion_pipe to 2026-05-02 22:00:00+00:00, run_after=2026-05-02 22:30:00+00:00
[2026-05-02T22:05:08.551+0000] {processor.py:183} INFO - Processing /opt/airflow/dags/flight-pipeline.py took 1.036 seconds
[2026-05-02T22:05:38.809+0000] {processor.py:161} INFO - Started process (PID=12315) to work on /opt/airflow/dags/flight-pipeline.py
[2026-05-02T22:05:38.814+0000] {processor.py:830} INFO - Processing file /opt/airflow/dags/flight-pipeline.py for tasks to queue
[2026-05-02T22:05:38.815+0000] {logging_mixin.py:188} INFO - [2026-05-02T22:05:38.814+0000] {dagbag.py:545} INFO - Filling up the DagBag from /opt/airflow/dags/flight-pipeline.py
[2026-05-02T22:05:39.691+0000] {processor.py:840} INFO - DAG(s) 'flights_ops_medallion_pipe' retrieved from /opt/airflow/dags/flight-pipeline.py
[2026-05-02T22:05:39.749+0000] {logging_mixin.py:188} INFO - [2026-05-02T22:05:39.748+0000] {dag.py:3089} INFO - Sync 1 DAGs
[2026-05-02T22:05:39.799+0000] {logging_mixin.py:188} INFO - [2026-05-02T22:05:39.798+0000] {dag.py:3947} INFO - Setting next_dagrun for flights_ops_medallion_pipe to 2026-05-02 22:00:00+00:00, run_after=2026-05-02 22:30:00+00:00
[2026-05-02T22:05:39.836+0000] {processor.py:183} INFO - Processing /opt/airflow/dags/flight-pipeline.py took 1.036 seconds
[2026-05-02T22:06:10.302+0000] {processor.py:161} INFO - Started process (PID=12318) to work on /opt/airflow/dags/flight-pipeline.py
[2026-05-02T22:06:10.306+0000] {processor.py:830} INFO - Processing file /opt/airflow/dags/flight-pipeline.py for tasks to queue
[2026-05-02T22:06:10.307+0000] {logging_mixin.py:188} INFO - [2026-05-02T22:06:10.307+0000] {dagbag.py:545} INFO - Filling up the DagBag from /opt/airflow/dags/flight-pipeline.py
[2026-05-02T22:06:11.011+0000] {processor.py:840} INFO - DAG(s) 'flights_ops_medallion_pipe' retrieved from /opt/airflow/dags/flight-pipeline.py
[2026-05-02T22:06:11.066+0000] {logging_mixin.py:188} INFO - [2026-05-02T22:06:11.066+0000] {dag.py:3089} INFO - Sync 1 DAGs
[2026-05-02T22:06:11.091+0000] {logging_mixin.py:188} INFO - [2026-05-02T22:06:11.091+0000] {dag.py:3947} INFO - Setting next_dagrun for flights_ops_medallion_pipe to 2026-05-02 22:00:00+00:00, run_after=2026-05-02 22:30:00+00:00
[2026-05-02T22:06:11.111+0000] {processor.py:183} INFO - Processing /opt/airflow/dags/flight-pipeline.py took 0.820 seconds
[2026-05-02T22:06:41.397+0000] {processor.py:161} INFO - Started process (PID=12321) to work on /opt/airflow/dags/flight-pipeline.py
[2026-05-02T22:06:41.403+0000] {processor.py:830} INFO - Processing file /opt/airflow/dags/flight-pipeline.py for tasks to queue
[2026-05-02T22:06:41.404+0000] {logging_mixin.py:188} INFO - [2026-05-02T22:06:41.404+0000] {dagbag.py:545} INFO - Filling up the DagBag from /opt/airflow/dags/flight-pipeline.py
[2026-05-02T22:06:42.188+0000] {processor.py:840} INFO - DAG(s) 'flights_ops_medallion_pipe' retrieved from /opt/airflow/dags/flight-pipeline.py
[2026-05-02T22:06:42.232+0000] {logging_mixin.py:188} INFO - [2026-05-02T22:06:42.231+0000] {dag.py:3089} INFO - Sync 1 DAGs
[2026-05-02T22:06:42.263+0000] {logging_mixin.py:188} INFO - [2026-05-02T22:06:42.263+0000] {dag.py:3947} INFO - Setting next_dagrun for flights_ops_medallion_pipe to 2026-05-02 22:00:00+00:00, run_after=2026-05-02 22:30:00+00:00
[2026-05-02T22:06:42.288+0000] {processor.py:183} INFO - Processing /opt/airflow/dags/flight-pipeline.py took 0.903 seconds
[2026-05-02T22:07:12.572+0000] {processor.py:161} INFO - Started process (PID=12324) to work on /opt/airflow/dags/flight-pipeline.py
[2026-05-02T22:07:12.579+0000] {processor.py:830} INFO - Processing file /opt/airflow/dags/flight-pipeline.py for tasks to queue
[2026-05-02T22:07:12.582+0000] {logging_mixin.py:188} INFO - [2026-05-02T22:07:12.581+0000] {dagbag.py:545} INFO - Filling up the DagBag from /opt/airflow/dags/flight-pipeline.py
[2026-05-02T22:07:13.354+0000] {processor.py:840} INFO - DAG(s) 'flights_ops_medallion_pipe' retrieved from /opt/airflow/dags/flight-pipeline.py
[2026-05-02T22:07:13.395+0000] {logging_mixin.py:188} INFO - [2026-05-02T22:07:13.395+0000] {dag.py:3089} INFO - Sync 1 DAGs
[2026-05-02T22:07:13.423+0000] {logging_mixin.py:188} INFO - [2026-05-02T22:07:13.422+0000] {dag.py:3947} INFO - Setting next_dagrun for flights_ops_medallion_pipe to 2026-05-02 22:00:00+00:00, run_after=2026-05-02 22:30:00+00:00
[2026-05-02T22:07:13.446+0000] {processor.py:183} INFO - Processing /opt/airflow/dags/flight-pipeline.py took 0.890 seconds
[2026-05-02T22:07:43.715+0000] {processor.py:161} INFO - Started process (PID=12327) to work on /opt/airflow/dags/flight-pipeline.py
[2026-05-02T22:07:43.721+0000] {processor.py:830} INFO - Processing file /opt/airflow/dags/flight-pipeline.py for tasks to queue
[2026-05-02T22:07:43.722+0000] {logging_mixin.py:188} INFO - [2026-05-02T22:07:43.722+0000] {dagbag.py:545} INFO - Filling up the DagBag from /opt/airflow/dags/flight-pipeline.py
[2026-05-02T22:07:44.409+0000] {processor.py:840} INFO - DAG(s) 'flights_ops_medallion_pipe' retrieved from /opt/airflow/dags/flight-pipeline.py
[2026-05-02T22:07:44.441+0000] {logging_mixin.py:188} INFO - [2026-05-02T22:07:44.441+0000] {dag.py:3089} INFO - Sync 1 DAGs
[2026-05-02T22:07:44.474+0000] {logging_mixin.py:188} INFO - [2026-05-02T22:07:44.473+0000] {dag.py:3947} INFO - Setting next_dagrun for flights_ops_medallion_pipe to 2026-05-02 22:00:00+00:00, run_after=2026-05-02 22:30:00+00:00
[2026-05-02T22:07:44.496+0000] {processor.py:183} INFO - Processing /opt/airflow/dags/flight-pipeline.py took 0.798 seconds
[2026-05-02T22:08:14.726+0000] {processor.py:161} INFO - Started process (PID=12330) to work on /opt/airflow/dags/flight-pipeline.py
[2026-05-02T22:08:14.733+0000] {processor.py:830} INFO - Processing file /opt/airflow/dags/flight-pipeline.py for tasks to queue
[2026-05-02T22:08:14.736+0000] {logging_mixin.py:188} INFO - [2026-05-02T22:08:14.734+0000] {dagbag.py:545} INFO - Filling up the DagBag from /opt/airflow/dags/flight-pipeline.py
[2026-05-02T22:08:15.481+0000] {processor.py:840} INFO - DAG(s) 'flights_ops_medallion_pipe' retrieved from /opt/airflow/dags/flight-pipeline.py
[2026-05-02T22:08:15.515+0000] {logging_mixin.py:188} INFO - [2026-05-02T22:08:15.514+0000] {dag.py:3089} INFO - Sync 1 DAGs
[2026-05-02T22:08:15.541+0000] {logging_mixin.py:188} INFO - [2026-05-02T22:08:15.541+0000] {dag.py:3947} INFO - Setting next_dagrun for flights_ops_medallion_pipe to 2026-05-02 22:00:00+00:00, run_after=2026-05-02 22:30:00+00:00
[2026-05-02T22:08:15.560+0000] {processor.py:183} INFO - Processing /opt/airflow/dags/flight-pipeline.py took 0.844 seconds
[2026-05-02T22:26:14.022+0000] {processor.py:161} INFO - Started process (PID=12334) to work on /opt/airflow/dags/flight-pipeline.py
[2026-05-02T22:26:14.043+0000] {processor.py:830} INFO - Processing file /opt/airflow/dags/flight-pipeline.py for tasks to queue
[2026-05-02T22:26:14.048+0000] {logging_mixin.py:188} INFO - [2026-05-02T22:26:14.045+0000] {dagbag.py:545} INFO - Filling up the DagBag from /opt/airflow/dags/flight-pipeline.py
[2026-05-02T22:26:17.402+0000] {processor.py:840} INFO - DAG(s) 'flights_ops_medallion_pipe' retrieved from /opt/airflow/dags/flight-pipeline.py
[2026-05-02T22:26:17.582+0000] {logging_mixin.py:188} INFO - [2026-05-02T22:26:17.581+0000] {dag.py:3089} INFO - Sync 1 DAGs
[2026-05-02T22:26:17.690+0000] {logging_mixin.py:188} INFO - [2026-05-02T22:26:17.689+0000] {dag.py:3947} INFO - Setting next_dagrun for flights_ops_medallion_pipe to 2026-05-02 22:00:00+00:00, run_after=2026-05-02 22:30:00+00:00
[2026-05-02T22:26:17.743+0000] {processor.py:183} INFO - Processing /opt/airflow/dags/flight-pipeline.py took 3.957 seconds
[2026-05-02T22:26:50.013+0000] {processor.py:161} INFO - Started process (PID=12337) to work on /opt/airflow/dags/flight-pipeline.py
[2026-05-02T22:26:50.115+0000] {processor.py:830} INFO - Processing file /opt/airflow/dags/flight-pipeline.py for tasks to queue
[2026-05-02T22:26:50.194+0000] {logging_mixin.py:188} INFO - [2026-05-02T22:26:50.154+0000] {dagbag.py:545} INFO - Filling up the DagBag from /opt/airflow/dags/flight-pipeline.py
[2026-05-02T22:27:08.979+0000] {processor.py:840} INFO - DAG(s) 'flights_ops_medallion_pipe' retrieved from /opt/airflow/dags/flight-pipeline.py
[2026-05-02T22:27:09.934+0000] {logging_mixin.py:188} INFO - [2026-05-02T22:27:09.924+0000] {dag.py:3089} INFO - Sync 1 DAGs
[2026-05-02T22:27:10.599+0000] {logging_mixin.py:188} INFO - [2026-05-02T22:27:10.594+0000] {dag.py:3947} INFO - Setting next_dagrun for flights_ops_medallion_pipe to 2026-05-02 22:00:00+00:00, run_after=2026-05-02 22:30:00+00:00
[2026-05-02T22:27:10.947+0000] {processor.py:183} INFO - Processing /opt/airflow/dags/flight-pipeline.py took 21.496 seconds
[2026-05-02T22:27:42.215+0000] {processor.py:161} INFO - Started process (PID=12340) to work on /opt/airflow/dags/flight-pipeline.py
[2026-05-02T22:27:42.260+0000] {processor.py:830} INFO - Processing file /opt/airflow/dags/flight-pipeline.py for tasks to queue
[2026-05-02T22:27:42.267+0000] {logging_mixin.py:188} INFO - [2026-05-02T22:27:42.264+0000] {dagbag.py:545} INFO - Filling up the DagBag from /opt/airflow/dags/flight-pipeline.py
[2026-05-02T22:27:44.907+0000] {processor.py:840} INFO - DAG(s) 'flights_ops_medallion_pipe' retrieved from /opt/airflow/dags/flight-pipeline.py
[2026-05-02T22:27:45.213+0000] {logging_mixin.py:188} INFO - [2026-05-02T22:27:45.211+0000] {dag.py:3089} INFO - Sync 1 DAGs
[2026-05-02T22:27:45.410+0000] {logging_mixin.py:188} INFO - [2026-05-02T22:27:45.409+0000] {dag.py:3947} INFO - Setting next_dagrun for flights_ops_medallion_pipe to 2026-05-02 22:00:00+00:00, run_after=2026-05-02 22:30:00+00:00
[2026-05-02T22:27:45.466+0000] {processor.py:183} INFO - Processing /opt/airflow/dags/flight-pipeline.py took 3.300 seconds
[2026-05-02T22:32:06.491+0000] {processor.py:161} INFO - Started process (PID=12344) to work on /opt/airflow/dags/flight-pipeline.py
[2026-05-02T22:32:06.496+0000] {processor.py:830} INFO - Processing file /opt/airflow/dags/flight-pipeline.py for tasks to queue
[2026-05-02T22:32:06.516+0000] {logging_mixin.py:188} INFO - [2026-05-02T22:32:06.508+0000] {dagbag.py:545} INFO - Filling up the DagBag from /opt/airflow/dags/flight-pipeline.py
[2026-05-02T22:32:08.928+0000] {processor.py:840} INFO - DAG(s) 'flights_ops_medallion_pipe' retrieved from /opt/airflow/dags/flight-pipeline.py
[2026-05-02T22:32:09.162+0000] {logging_mixin.py:188} INFO - [2026-05-02T22:32:09.160+0000] {dag.py:3089} INFO - Sync 1 DAGs
[2026-05-02T22:32:09.264+0000] {logging_mixin.py:188} INFO - [2026-05-02T22:32:09.261+0000] {dag.py:3947} INFO - Setting next_dagrun for flights_ops_medallion_pipe to 2026-05-02 22:30:00+00:00, run_after=2026-05-02 23:00:00+00:00
[2026-05-02T22:32:09.334+0000] {processor.py:183} INFO - Processing /opt/airflow/dags/flight-pipeline.py took 2.886 seconds
[2026-05-02T22:32:42.259+0000] {processor.py:161} INFO - Started process (PID=12348) to work on /opt/airflow/dags/flight-pipeline.py
[2026-05-02T22:32:42.395+0000] {processor.py:830} INFO - Processing file /opt/airflow/dags/flight-pipeline.py for tasks to queue
[2026-05-02T22:32:42.469+0000] {logging_mixin.py:188} INFO - [2026-05-02T22:32:42.457+0000] {dagbag.py:545} INFO - Filling up the DagBag from /opt/airflow/dags/flight-pipeline.py
[2026-05-02T22:33:12.882+0000] {logging_mixin.py:188} INFO - [2026-05-02T22:33:12.645+0000] {timeout.py:68} ERROR - Process timed out, PID: 12348
[2026-05-02T22:33:44.586+0000] {processor.py:161} INFO - Started process (PID=12361) to work on /opt/airflow/dags/flight-pipeline.py
[2026-05-02T22:33:44.617+0000] {processor.py:830} INFO - Processing file /opt/airflow/dags/flight-pipeline.py for tasks to queue
[2026-05-02T22:33:44.620+0000] {logging_mixin.py:188} INFO - [2026-05-02T22:33:44.618+0000] {dagbag.py:545} INFO - Filling up the DagBag from /opt/airflow/dags/flight-pipeline.py
[2026-05-02T22:33:47.209+0000] {processor.py:840} INFO - DAG(s) 'flights_ops_medallion_pipe' retrieved from /opt/airflow/dags/flight-pipeline.py
[2026-05-02T22:33:47.440+0000] {logging_mixin.py:188} INFO - [2026-05-02T22:33:47.440+0000] {dag.py:3089} INFO - Sync 1 DAGs
[2026-05-02T22:33:47.551+0000] {logging_mixin.py:188} INFO - [2026-05-02T22:33:47.551+0000] {dag.py:3947} INFO - Setting next_dagrun for flights_ops_medallion_pipe to 2026-05-02 22:30:00+00:00, run_after=2026-05-02 23:00:00+00:00
[2026-05-02T22:33:47.611+0000] {processor.py:183} INFO - Processing /opt/airflow/dags/flight-pipeline.py took 3.059 seconds
[2026-05-02T22:34:17.970+0000] {processor.py:161} INFO - Started process (PID=12396) to work on /opt/airflow/dags/flight-pipeline.py
[2026-05-02T22:34:18.024+0000] {processor.py:830} INFO - Processing file /opt/airflow/dags/flight-pipeline.py for tasks to queue
[2026-05-02T22:34:18.032+0000] {logging_mixin.py:188} INFO - [2026-05-02T22:34:18.030+0000] {dagbag.py:545} INFO - Filling up the DagBag from /opt/airflow/dags/flight-pipeline.py
[2026-05-02T22:34:21.087+0000] {processor.py:840} INFO - DAG(s) 'flights_ops_medallion_pipe' retrieved from /opt/airflow/dags/flight-pipeline.py
[2026-05-02T22:34:21.191+0000] {logging_mixin.py:188} INFO - [2026-05-02T22:34:21.190+0000] {dag.py:3089} INFO - Sync 1 DAGs
[2026-05-02T22:34:21.260+0000] {logging_mixin.py:188} INFO - [2026-05-02T22:34:21.260+0000] {dag.py:3947} INFO - Setting next_dagrun for flights_ops_medallion_pipe to 2026-05-02 22:30:00+00:00, run_after=2026-05-02 23:00:00+00:00
[2026-05-02T22:34:21.315+0000] {processor.py:183} INFO - Processing /opt/airflow/dags/flight-pipeline.py took 3.374 seconds
[2026-05-02T22:34:51.615+0000] {processor.py:161} INFO - Started process (PID=12399) to work on /opt/airflow/dags/flight-pipeline.py
[2026-05-02T22:34:51.639+0000] {processor.py:830} INFO - Processing file /opt/airflow/dags/flight-pipeline.py for tasks to queue
[2026-05-02T22:34:51.645+0000] {logging_mixin.py:188} INFO - [2026-05-02T22:34:51.642+0000] {dagbag.py:545} INFO - Filling up the DagBag from /opt/airflow/dags/flight-pipeline.py
[2026-05-02T22:34:52.472+0000] {processor.py:840} INFO - DAG(s) 'flights_ops_medallion_pipe' retrieved from /opt/airflow/dags/flight-pipeline.py
[2026-05-02T22:34:52.516+0000] {logging_mixin.py:188} INFO - [2026-05-02T22:34:52.515+0000] {dag.py:3089} INFO - Sync 1 DAGs
[2026-05-02T22:34:52.559+0000] {logging_mixin.py:188} INFO - [2026-05-02T22:34:52.559+0000] {dag.py:3947} INFO - Setting next_dagrun for flights_ops_medallion_pipe to 2026-05-02 22:30:00+00:00, run_after=2026-05-02 23:00:00+00:00
[2026-05-02T22:34:52.593+0000] {processor.py:183} INFO - Processing /opt/airflow/dags/flight-pipeline.py took 1.017 seconds
[2026-05-02T22:35:22.825+0000] {processor.py:161} INFO - Started process (PID=12402) to work on /opt/airflow/dags/flight-pipeline.py
[2026-05-02T22:35:22.829+0000] {processor.py:830} INFO - Processing file /opt/airflow/dags/flight-pipeline.py for tasks to queue
[2026-05-02T22:35:22.830+0000] {logging_mixin.py:188} INFO - [2026-05-02T22:35:22.830+0000] {dagbag.py:545} INFO - Filling up the DagBag from /opt/airflow/dags/flight-pipeline.py
[2026-05-02T22:35:23.591+0000] {processor.py:840} INFO - DAG(s) 'flights_ops_medallion_pipe' retrieved from /opt/airflow/dags/flight-pipeline.py
[2026-05-02T22:35:23.627+0000] {logging_mixin.py:188} INFO - [2026-05-02T22:35:23.627+0000] {dag.py:3089} INFO - Sync 1 DAGs
[2026-05-02T22:35:23.652+0000] {logging_mixin.py:188} INFO - [2026-05-02T22:35:23.652+0000] {dag.py:3947} INFO - Setting next_dagrun for flights_ops_medallion_pipe to 2026-05-02 22:30:00+00:00, run_after=2026-05-02 23:00:00+00:00
[2026-05-02T22:35:23.671+0000] {processor.py:183} INFO - Processing /opt/airflow/dags/flight-pipeline.py took 0.858 seconds
[2026-05-02T22:35:53.928+0000] {processor.py:161} INFO - Started process (PID=12405) to work on /opt/airflow/dags/flight-pipeline.py
[2026-05-02T22:35:53.933+0000] {processor.py:830} INFO - Processing file /opt/airflow/dags/flight-pipeline.py for tasks to queue
[2026-05-02T22:35:53.934+0000] {logging_mixin.py:188} INFO - [2026-05-02T22:35:53.934+0000] {dagbag.py:545} INFO - Filling up the DagBag from /opt/airflow/dags/flight-pipeline.py
[2026-05-02T22:35:54.751+0000] {processor.py:840} INFO - DAG(s) 'flights_ops_medallion_pipe' retrieved from /opt/airflow/dags/flight-pipeline.py
[2026-05-02T22:35:54.796+0000] {logging_mixin.py:188} INFO - [2026-05-02T22:35:54.796+0000] {dag.py:3089} INFO - Sync 1 DAGs
[2026-05-02T22:35:54.822+0000] {logging_mixin.py:188} INFO - [2026-05-02T22:35:54.822+0000] {dag.py:3947} INFO - Setting next_dagrun for flights_ops_medallion_pipe to 2026-05-02 22:30:00+00:00, run_after=2026-05-02 23:00:00+00:00
[2026-05-02T22:35:54.843+0000] {processor.py:183} INFO - Processing /opt/airflow/dags/flight-pipeline.py took 0.927 seconds
[2026-05-02T22:36:25.140+0000] {processor.py:161} INFO - Started process (PID=12408) to work on /opt/airflow/dags/flight-pipeline.py
[2026-05-02T22:36:25.144+0000] {processor.py:830} INFO - Processing file /opt/airflow/dags/flight-pipeline.py for tasks to queue
[2026-05-02T22:36:25.146+0000] {logging_mixin.py:188} INFO - [2026-05-02T22:36:25.145+0000] {dagbag.py:545} INFO - Filling up the DagBag from /opt/airflow/dags/flight-pipeline.py
[2026-05-02T22:36:25.970+0000] {processor.py:840} INFO - DAG(s) 'flights_ops_medallion_pipe' retrieved from /opt/airflow/dags/flight-pipeline.py
[2026-05-02T22:36:26.009+0000] {logging_mixin.py:188} INFO - [2026-05-02T22:36:26.008+0000] {dag.py:3089} INFO - Sync 1 DAGs
[2026-05-02T22:36:26.037+0000] {logging_mixin.py:188} INFO - [2026-05-02T22:36:26.037+0000] {dag.py:3947} INFO - Setting next_dagrun for flights_ops_medallion_pipe to 2026-05-02 22:30:00+00:00, run_after=2026-05-02 23:00:00+00:00
[2026-05-02T22:36:26.057+0000] {processor.py:183} INFO - Processing /opt/airflow/dags/flight-pipeline.py took 0.932 seconds
[2026-05-02T22:36:56.321+0000] {processor.py:161} INFO - Started process (PID=12411) to work on /opt/airflow/dags/flight-pipeline.py
[2026-05-02T22:36:56.327+0000] {processor.py:830} INFO - Processing file /opt/airflow/dags/flight-pipeline.py for tasks to queue
[2026-05-02T22:36:56.328+0000] {logging_mixin.py:188} INFO - [2026-05-02T22:36:56.328+0000] {dagbag.py:545} INFO - Filling up the DagBag from /opt/airflow/dags/flight-pipeline.py
[2026-05-02T22:36:57.095+0000] {processor.py:840} INFO - DAG(s) 'flights_ops_medallion_pipe' retrieved from /opt/airflow/dags/flight-pipeline.py
[2026-05-02T22:36:57.134+0000] {logging_mixin.py:188} INFO - [2026-05-02T22:36:57.134+0000] {dag.py:3089} INFO - Sync 1 DAGs
[2026-05-02T22:36:57.170+0000] {logging_mixin.py:188} INFO - [2026-05-02T22:36:57.170+0000] {dag.py:3947} INFO - Setting next_dagrun for flights_ops_medallion_pipe to 2026-05-02 22:30:00+00:00, run_after=2026-05-02 23:00:00+00:00
[2026-05-02T22:36:57.191+0000] {processor.py:183} INFO - Processing /opt/airflow/dags/flight-pipeline.py took 0.885 seconds
[2026-05-02T22:37:27.501+0000] {processor.py:161} INFO - Started process (PID=12414) to work on /opt/airflow/dags/flight-pipeline.py
[2026-05-02T22:37:27.505+0000] {processor.py:830} INFO - Processing file /opt/airflow/dags/flight-pipeline.py for tasks to queue
[2026-05-02T22:37:27.506+0000] {logging_mixin.py:188} INFO - [2026-05-02T22:37:27.506+0000] {dagbag.py:545} INFO - Filling up the DagBag from /opt/airflow/dags/flight-pipeline.py
[2026-05-02T22:37:28.253+0000] {processor.py:840} INFO - DAG(s) 'flights_ops_medallion_pipe' retrieved from /opt/airflow/dags/flight-pipeline.py
[2026-05-02T22:37:28.296+0000] {logging_mixin.py:188} INFO - [2026-05-02T22:37:28.295+0000] {dag.py:3089} INFO - Sync 1 DAGs
[2026-05-02T22:37:28.323+0000] {logging_mixin.py:188} INFO - [2026-05-02T22:37:28.323+0000] {dag.py:3947} INFO - Setting next_dagrun for flights_ops_medallion_pipe to 2026-05-02 22:30:00+00:00, run_after=2026-05-02 23:00:00+00:00
[2026-05-02T22:37:28.344+0000] {processor.py:183} INFO - Processing /opt/airflow/dags/flight-pipeline.py took 0.852 seconds
[2026-05-02T22:37:58.585+0000] {processor.py:161} INFO - Started process (PID=12417) to work on /opt/airflow/dags/flight-pipeline.py
[2026-05-02T22:37:58.591+0000] {processor.py:830} INFO - Processing file /opt/airflow/dags/flight-pipeline.py for tasks to queue
[2026-05-02T22:37:58.592+0000] {logging_mixin.py:188} INFO - [2026-05-02T22:37:58.592+0000] {dagbag.py:545} INFO - Filling up the DagBag from /opt/airflow/dags/flight-pipeline.py
[2026-05-02T22:37:59.328+0000] {processor.py:840} INFO - DAG(s) 'flights_ops_medallion_pipe' retrieved from /opt/airflow/dags/flight-pipeline.py
[2026-05-02T22:37:59.367+0000] {logging_mixin.py:188} INFO - [2026-05-02T22:37:59.366+0000] {dag.py:3089} INFO - Sync 1 DAGs
[2026-05-02T22:37:59.396+0000] {logging_mixin.py:188} INFO - [2026-05-02T22:37:59.395+0000] {dag.py:3947} INFO - Setting next_dagrun for flights_ops_medallion_pipe to 2026-05-02 22:30:00+00:00, run_after=2026-05-02 23:00:00+00:00
[2026-05-02T22:37:59.416+0000] {processor.py:183} INFO - Processing /opt/airflow/dags/flight-pipeline.py took 0.844 seconds
[2026-05-02T22:38:29.655+0000] {processor.py:161} INFO - Started process (PID=12420) to work on /opt/airflow/dags/flight-pipeline.py
[2026-05-02T22:38:29.668+0000] {processor.py:830} INFO - Processing file /opt/airflow/dags/flight-pipeline.py for tasks to queue
[2026-05-02T22:38:29.670+0000] {logging_mixin.py:188} INFO - [2026-05-02T22:38:29.669+0000] {dagbag.py:545} INFO - Filling up the DagBag from /opt/airflow/dags/flight-pipeline.py
[2026-05-02T22:38:30.441+0000] {processor.py:840} INFO - DAG(s) 'flights_ops_medallion_pipe' retrieved from /opt/airflow/dags/flight-pipeline.py
[2026-05-02T22:38:30.485+0000] {logging_mixin.py:188} INFO - [2026-05-02T22:38:30.485+0000] {dag.py:3089} INFO - Sync 1 DAGs
[2026-05-02T22:38:30.513+0000] {logging_mixin.py:188} INFO - [2026-05-02T22:38:30.513+0000] {dag.py:3947} INFO - Setting next_dagrun for flights_ops_medallion_pipe to 2026-05-02 22:30:00+00:00, run_after=2026-05-02 23:00:00+00:00
[2026-05-02T22:38:30.538+0000] {processor.py:183} INFO - Processing /opt/airflow/dags/flight-pipeline.py took 0.892 seconds
[2026-05-02T22:39:00.776+0000] {processor.py:161} INFO - Started process (PID=12423) to work on /opt/airflow/dags/flight-pipeline.py
[2026-05-02T22:39:00.781+0000] {processor.py:830} INFO - Processing file /opt/airflow/dags/flight-pipeline.py for tasks to queue
[2026-05-02T22:39:00.783+0000] {logging_mixin.py:188} INFO - [2026-05-02T22:39:00.782+0000] {dagbag.py:545} INFO - Filling up the DagBag from /opt/airflow/dags/flight-pipeline.py
[2026-05-02T22:39:01.524+0000] {processor.py:840} INFO - DAG(s) 'flights_ops_medallion_pipe' retrieved from /opt/airflow/dags/flight-pipeline.py
[2026-05-02T22:39:01.562+0000] {logging_mixin.py:188} INFO - [2026-05-02T22:39:01.561+0000] {dag.py:3089} INFO - Sync 1 DAGs
[2026-05-02T22:39:01.589+0000] {logging_mixin.py:188} INFO - [2026-05-02T22:39:01.589+0000] {dag.py:3947} INFO - Setting next_dagrun for flights_ops_medallion_pipe to 2026-05-02 22:30:00+00:00, run_after=2026-05-02 23:00:00+00:00
[2026-05-02T22:39:01.612+0000] {processor.py:183} INFO - Processing /opt/airflow/dags/flight-pipeline.py took 0.845 seconds
[2026-05-02T22:39:31.851+0000] {processor.py:161} INFO - Started process (PID=12426) to work on /opt/airflow/dags/flight-pipeline.py
[2026-05-02T22:39:31.855+0000] {processor.py:830} INFO - Processing file /opt/airflow/dags/flight-pipeline.py for tasks to queue
[2026-05-02T22:39:31.857+0000] {logging_mixin.py:188} INFO - [2026-05-02T22:39:31.856+0000] {dagbag.py:545} INFO - Filling up the DagBag from /opt/airflow/dags/flight-pipeline.py
[2026-05-02T22:39:32.613+0000] {processor.py:840} INFO - DAG(s) 'flights_ops_medallion_pipe' retrieved from /opt/airflow/dags/flight-pipeline.py
[2026-05-02T22:39:32.656+0000] {logging_mixin.py:188} INFO - [2026-05-02T22:39:32.655+0000] {dag.py:3089} INFO - Sync 1 DAGs
[2026-05-02T22:39:32.687+0000] {logging_mixin.py:188} INFO - [2026-05-02T22:39:32.686+0000] {dag.py:3947} INFO - Setting next_dagrun for flights_ops_medallion_pipe to 2026-05-02 22:30:00+00:00, run_after=2026-05-02 23:00:00+00:00
[2026-05-02T22:39:32.710+0000] {processor.py:183} INFO - Processing /opt/airflow/dags/flight-pipeline.py took 0.868 seconds
[2026-05-02T22:40:02.972+0000] {processor.py:161} INFO - Started process (PID=12429) to work on /opt/airflow/dags/flight-pipeline.py
[2026-05-02T22:40:02.976+0000] {processor.py:830} INFO - Processing file /opt/airflow/dags/flight-pipeline.py for tasks to queue
[2026-05-02T22:40:02.978+0000] {logging_mixin.py:188} INFO - [2026-05-02T22:40:02.977+0000] {dagbag.py:545} INFO - Filling up the DagBag from /opt/airflow/dags/flight-pipeline.py
[2026-05-02T22:40:03.724+0000] {processor.py:840} INFO - DAG(s) 'flights_ops_medallion_pipe' retrieved from /opt/airflow/dags/flight-pipeline.py
[2026-05-02T22:40:03.759+0000] {logging_mixin.py:188} INFO - [2026-05-02T22:40:03.759+0000] {dag.py:3089} INFO - Sync 1 DAGs
[2026-05-02T22:40:03.786+0000] {logging_mixin.py:188} INFO - [2026-05-02T22:40:03.786+0000] {dag.py:3947} INFO - Setting next_dagrun for flights_ops_medallion_pipe to 2026-05-02 22:30:00+00:00, run_after=2026-05-02 23:00:00+00:00
[2026-05-02T22:40:03.805+0000] {processor.py:183} INFO - Processing /opt/airflow/dags/flight-pipeline.py took 0.843 seconds
[2026-05-02T22:40:33.975+0000] {processor.py:161} INFO - Started process (PID=12432) to work on /opt/airflow/dags/flight-pipeline.py
[2026-05-02T22:40:33.978+0000] {processor.py:830} INFO - Processing file /opt/airflow/dags/flight-pipeline.py for tasks to queue
[2026-05-02T22:40:33.980+0000] {logging_mixin.py:188} INFO - [2026-05-02T22:40:33.979+0000] {dagbag.py:545} INFO - Filling up the DagBag from /opt/airflow/dags/flight-pipeline.py
[2026-05-02T22:40:34.717+0000] {processor.py:840} INFO - DAG(s) 'flights_ops_medallion_pipe' retrieved from /opt/airflow/dags/flight-pipeline.py
[2026-05-02T22:40:34.753+0000] {logging_mixin.py:188} INFO - [2026-05-02T22:40:34.753+0000] {dag.py:3089} INFO - Sync 1 DAGs
[2026-05-02T22:40:34.778+0000] {logging_mixin.py:188} INFO - [2026-05-02T22:40:34.777+0000] {dag.py:3947} INFO - Setting next_dagrun for flights_ops_medallion_pipe to 2026-05-02 22:30:00+00:00, run_after=2026-05-02 23:00:00+00:00
[2026-05-02T22:40:34.796+0000] {processor.py:183} INFO - Processing /opt/airflow/dags/flight-pipeline.py took 0.830 seconds
[2026-05-02T22:41:05.055+0000] {processor.py:161} INFO - Started process (PID=12435) to work on /opt/airflow/dags/flight-pipeline.py
[2026-05-02T22:41:05.059+0000] {processor.py:830} INFO - Processing file /opt/airflow/dags/flight-pipeline.py for tasks to queue
[2026-05-02T22:41:05.060+0000] {logging_mixin.py:188} INFO - [2026-05-02T22:41:05.060+0000] {dagbag.py:545} INFO - Filling up the DagBag from /opt/airflow/dags/flight-pipeline.py
[2026-05-02T22:41:05.869+0000] {processor.py:840} INFO - DAG(s) 'flights_ops_medallion_pipe' retrieved from /opt/airflow/dags/flight-pipeline.py
[2026-05-02T22:41:05.904+0000] {logging_mixin.py:188} INFO - [2026-05-02T22:41:05.903+0000] {dag.py:3089} INFO - Sync 1 DAGs
[2026-05-02T22:41:05.931+0000] {logging_mixin.py:188} INFO - [2026-05-02T22:41:05.930+0000] {dag.py:3947} INFO - Setting next_dagrun for flights_ops_medallion_pipe to 2026-05-02 22:30:00+00:00, run_after=2026-05-02 23:00:00+00:00
[2026-05-02T22:41:05.950+0000] {processor.py:183} INFO - Processing /opt/airflow/dags/flight-pipeline.py took 0.904 seconds
[2026-05-02T22:41:36.212+0000] {processor.py:161} INFO - Started process (PID=12438) to work on /opt/airflow/dags/flight-pipeline.py
[2026-05-02T22:41:36.216+0000] {processor.py:830} INFO - Processing file /opt/airflow/dags/flight-pipeline.py for tasks to queue
[2026-05-02T22:41:36.217+0000] {logging_mixin.py:188} INFO - [2026-05-02T22:41:36.217+0000] {dagbag.py:545} INFO - Filling up the DagBag from /opt/airflow/dags/flight-pipeline.py
[2026-05-02T22:41:36.990+0000] {processor.py:840} INFO - DAG(s) 'flights_ops_medallion_pipe' retrieved from /opt/airflow/dags/flight-pipeline.py
[2026-05-02T22:41:37.036+0000] {logging_mixin.py:188} INFO - [2026-05-02T22:41:37.036+0000] {dag.py:3089} INFO - Sync 1 DAGs
[2026-05-02T22:41:37.064+0000] {logging_mixin.py:188} INFO - [2026-05-02T22:41:37.064+0000] {dag.py:3947} INFO - Setting next_dagrun for flights_ops_medallion_pipe to 2026-05-02 22:30:00+00:00, run_after=2026-05-02 23:00:00+00:00
[2026-05-02T22:41:37.087+0000] {processor.py:183} INFO - Processing /opt/airflow/dags/flight-pipeline.py took 0.885 seconds
[2026-05-02T22:42:07.355+0000] {processor.py:161} INFO - Started process (PID=12441) to work on /opt/airflow/dags/flight-pipeline.py
[2026-05-02T22:42:07.375+0000] {processor.py:830} INFO - Processing file /opt/airflow/dags/flight-pipeline.py for tasks to queue
[2026-05-02T22:42:07.376+0000] {logging_mixin.py:188} INFO - [2026-05-02T22:42:07.376+0000] {dagbag.py:545} INFO - Filling up the DagBag from /opt/airflow/dags/flight-pipeline.py
[2026-05-02T22:42:08.121+0000] {processor.py:840} INFO - DAG(s) 'flights_ops_medallion_pipe' retrieved from /opt/airflow/dags/flight-pipeline.py
[2026-05-02T22:42:08.155+0000] {logging_mixin.py:188} INFO - [2026-05-02T22:42:08.155+0000] {dag.py:3089} INFO - Sync 1 DAGs
[2026-05-02T22:42:08.179+0000] {logging_mixin.py:188} INFO - [2026-05-02T22:42:08.179+0000] {dag.py:3947} INFO - Setting next_dagrun for flights_ops_medallion_pipe to 2026-05-02 22:30:00+00:00, run_after=2026-05-02 23:00:00+00:00
[2026-05-02T22:42:08.199+0000] {processor.py:183} INFO - Processing /opt/airflow/dags/flight-pipeline.py took 0.853 seconds
[2026-05-02T22:42:38.455+0000] {processor.py:161} INFO - Started process (PID=12444) to work on /opt/airflow/dags/flight-pipeline.py
[2026-05-02T22:42:38.459+0000] {processor.py:830} INFO - Processing file /opt/airflow/dags/flight-pipeline.py for tasks to queue
[2026-05-02T22:42:38.460+0000] {logging_mixin.py:188} INFO - [2026-05-02T22:42:38.460+0000] {dagbag.py:545} INFO - Filling up the DagBag from /opt/airflow/dags/flight-pipeline.py
[2026-05-02T22:42:39.188+0000] {processor.py:840} INFO - DAG(s) 'flights_ops_medallion_pipe' retrieved from /opt/airflow/dags/flight-pipeline.py
[2026-05-02T22:42:39.225+0000] {logging_mixin.py:188} INFO - [2026-05-02T22:42:39.224+0000] {dag.py:3089} INFO - Sync 1 DAGs
[2026-05-02T22:42:39.252+0000] {logging_mixin.py:188} INFO - [2026-05-02T22:42:39.252+0000] {dag.py:3947} INFO - Setting next_dagrun for flights_ops_medallion_pipe to 2026-05-02 22:30:00+00:00, run_after=2026-05-02 23:00:00+00:00
[2026-05-02T22:42:39.276+0000] {processor.py:183} INFO - Processing /opt/airflow/dags/flight-pipeline.py took 0.830 seconds
[2026-05-02T22:43:09.539+0000] {processor.py:161} INFO - Started process (PID=12447) to work on /opt/airflow/dags/flight-pipeline.py
[2026-05-02T22:43:09.543+0000] {processor.py:830} INFO - Processing file /opt/airflow/dags/flight-pipeline.py for tasks to queue
[2026-05-02T22:43:09.544+0000] {logging_mixin.py:188} INFO - [2026-05-02T22:43:09.544+0000] {dagbag.py:545} INFO - Filling up the DagBag from /opt/airflow/dags/flight-pipeline.py
[2026-05-02T22:43:10.280+0000] {processor.py:840} INFO - DAG(s) 'flights_ops_medallion_pipe' retrieved from /opt/airflow/dags/flight-pipeline.py
[2026-05-02T22:43:10.315+0000] {logging_mixin.py:188} INFO - [2026-05-02T22:43:10.315+0000] {dag.py:3089} INFO - Sync 1 DAGs
[2026-05-02T22:43:10.344+0000] {logging_mixin.py:188} INFO - [2026-05-02T22:43:10.344+0000] {dag.py:3947} INFO - Setting next_dagrun for flights_ops_medallion_pipe to 2026-05-02 22:30:00+00:00, run_after=2026-05-02 23:00:00+00:00
[2026-05-02T22:43:10.364+0000] {processor.py:183} INFO - Processing /opt/airflow/dags/flight-pipeline.py took 0.834 seconds
[2026-05-02T22:43:40.611+0000] {processor.py:161} INFO - Started process (PID=12450) to work on /opt/airflow/dags/flight-pipeline.py
[2026-05-02T22:43:40.616+0000] {processor.py:830} INFO - Processing file /opt/airflow/dags/flight-pipeline.py for tasks to queue
[2026-05-02T22:43:40.617+0000] {logging_mixin.py:188} INFO - [2026-05-02T22:43:40.617+0000] {dagbag.py:545} INFO - Filling up the DagBag from /opt/airflow/dags/flight-pipeline.py
[2026-05-02T22:43:41.383+0000] {processor.py:840} INFO - DAG(s) 'flights_ops_medallion_pipe' retrieved from /opt/airflow/dags/flight-pipeline.py
[2026-05-02T22:43:41.424+0000] {logging_mixin.py:188} INFO - [2026-05-02T22:43:41.423+0000] {dag.py:3089} INFO - Sync 1 DAGs
[2026-05-02T22:43:41.456+0000] {logging_mixin.py:188} INFO - [2026-05-02T22:43:41.456+0000] {dag.py:3947} INFO - Setting next_dagrun for flights_ops_medallion_pipe to 2026-05-02 22:30:00+00:00, run_after=2026-05-02 23:00:00+00:00
[2026-05-02T22:43:41.477+0000] {processor.py:183} INFO - Processing /opt/airflow/dags/flight-pipeline.py took 0.876 seconds
[2026-05-02T22:44:11.573+0000] {processor.py:161} INFO - Started process (PID=12453) to work on /opt/airflow/dags/flight-pipeline.py
[2026-05-02T22:44:11.578+0000] {processor.py:830} INFO - Processing file /opt/airflow/dags/flight-pipeline.py for tasks to queue
[2026-05-02T22:44:11.579+0000] {logging_mixin.py:188} INFO - [2026-05-02T22:44:11.578+0000] {dagbag.py:545} INFO - Filling up the DagBag from /opt/airflow/dags/flight-pipeline.py
[2026-05-02T22:44:12.326+0000] {processor.py:840} INFO - DAG(s) 'flights_ops_medallion_pipe' retrieved from /opt/airflow/dags/flight-pipeline.py
[2026-05-02T22:44:12.360+0000] {logging_mixin.py:188} INFO - [2026-05-02T22:44:12.360+0000] {dag.py:3089} INFO - Sync 1 DAGs
[2026-05-02T22:44:12.385+0000] {logging_mixin.py:188} INFO - [2026-05-02T22:44:12.385+0000] {dag.py:3947} INFO - Setting next_dagrun for flights_ops_medallion_pipe to 2026-05-02 22:30:00+00:00, run_after=2026-05-02 23:00:00+00:00
[2026-05-02T22:44:12.406+0000] {processor.py:183} INFO - Processing /opt/airflow/dags/flight-pipeline.py took 0.846 seconds
[2026-05-02T22:44:42.661+0000] {processor.py:161} INFO - Started process (PID=12456) to work on /opt/airflow/dags/flight-pipeline.py
[2026-05-02T22:44:42.665+0000] {processor.py:830} INFO - Processing file /opt/airflow/dags/flight-pipeline.py for tasks to queue
[2026-05-02T22:44:42.667+0000] {logging_mixin.py:188} INFO - [2026-05-02T22:44:42.666+0000] {dagbag.py:545} INFO - Filling up the DagBag from /opt/airflow/dags/flight-pipeline.py
[2026-05-02T22:44:43.506+0000] {processor.py:840} INFO - DAG(s) 'flights_ops_medallion_pipe' retrieved from /opt/airflow/dags/flight-pipeline.py
[2026-05-02T22:44:43.554+0000] {logging_mixin.py:188} INFO - [2026-05-02T22:44:43.554+0000] {dag.py:3089} INFO - Sync 1 DAGs
[2026-05-02T22:44:43.585+0000] {logging_mixin.py:188} INFO - [2026-05-02T22:44:43.585+0000] {dag.py:3947} INFO - Setting next_dagrun for flights_ops_medallion_pipe to 2026-05-02 22:30:00+00:00, run_after=2026-05-02 23:00:00+00:00
[2026-05-02T22:44:43.609+0000] {processor.py:183} INFO - Processing /opt/airflow/dags/flight-pipeline.py took 0.956 seconds
[2026-05-02T22:45:13.886+0000] {processor.py:161} INFO - Started process (PID=12459) to work on /opt/airflow/dags/flight-pipeline.py
[2026-05-02T22:45:13.891+0000] {processor.py:830} INFO - Processing file /opt/airflow/dags/flight-pipeline.py for tasks to queue
[2026-05-02T22:45:13.892+0000] {logging_mixin.py:188} INFO - [2026-05-02T22:45:13.891+0000] {dagbag.py:545} INFO - Filling up the DagBag from /opt/airflow/dags/flight-pipeline.py
[2026-05-02T22:45:14.610+0000] {processor.py:840} INFO - DAG(s) 'flights_ops_medallion_pipe' retrieved from /opt/airflow/dags/flight-pipeline.py
[2026-05-02T22:45:14.651+0000] {logging_mixin.py:188} INFO - [2026-05-02T22:45:14.651+0000] {dag.py:3089} INFO - Sync 1 DAGs
[2026-05-02T22:45:14.677+0000] {logging_mixin.py:188} INFO - [2026-05-02T22:45:14.676+0000] {dag.py:3947} INFO - Setting next_dagrun for flights_ops_medallion_pipe to 2026-05-02 22:30:00+00:00, run_after=2026-05-02 23:00:00+00:00
[2026-05-02T22:45:14.699+0000] {processor.py:183} INFO - Processing /opt/airflow/dags/flight-pipeline.py took 0.822 seconds
[2026-05-02T22:45:44.949+0000] {processor.py:161} INFO - Started process (PID=12462) to work on /opt/airflow/dags/flight-pipeline.py
[2026-05-02T22:45:44.953+0000] {processor.py:830} INFO - Processing file /opt/airflow/dags/flight-pipeline.py for tasks to queue
[2026-05-02T22:45:44.954+0000] {logging_mixin.py:188} INFO - [2026-05-02T22:45:44.954+0000] {dagbag.py:545} INFO - Filling up the DagBag from /opt/airflow/dags/flight-pipeline.py
[2026-05-02T22:45:45.663+0000] {processor.py:840} INFO - DAG(s) 'flights_ops_medallion_pipe' retrieved from /opt/airflow/dags/flight-pipeline.py
[2026-05-02T22:45:45.702+0000] {logging_mixin.py:188} INFO - [2026-05-02T22:45:45.701+0000] {dag.py:3089} INFO - Sync 1 DAGs
[2026-05-02T22:45:45.729+0000] {logging_mixin.py:188} INFO - [2026-05-02T22:45:45.729+0000] {dag.py:3947} INFO - Setting next_dagrun for flights_ops_medallion_pipe to 2026-05-02 22:30:00+00:00, run_after=2026-05-02 23:00:00+00:00
[2026-05-02T22:45:45.748+0000] {processor.py:183} INFO - Processing /opt/airflow/dags/flight-pipeline.py took 0.807 seconds
[2026-05-02T22:46:16.002+0000] {processor.py:161} INFO - Started process (PID=12465) to work on /opt/airflow/dags/flight-pipeline.py
[2026-05-02T22:46:16.006+0000] {processor.py:830} INFO - Processing file /opt/airflow/dags/flight-pipeline.py for tasks to queue
[2026-05-02T22:46:16.007+0000] {logging_mixin.py:188} INFO - [2026-05-02T22:46:16.007+0000] {dagbag.py:545} INFO - Filling up the DagBag from /opt/airflow/dags/flight-pipeline.py
[2026-05-02T22:46:16.739+0000] {processor.py:840} INFO - DAG(s) 'flights_ops_medallion_pipe' retrieved from /opt/airflow/dags/flight-pipeline.py
[2026-05-02T22:46:16.773+0000] {logging_mixin.py:188} INFO - [2026-05-02T22:46:16.772+0000] {dag.py:3089} INFO - Sync 1 DAGs
[2026-05-02T22:46:16.799+0000] {logging_mixin.py:188} INFO - [2026-05-02T22:46:16.799+0000] {dag.py:3947} INFO - Setting next_dagrun for flights_ops_medallion_pipe to 2026-05-02 22:30:00+00:00, run_after=2026-05-02 23:00:00+00:00
[2026-05-02T22:46:16.819+0000] {processor.py:183} INFO - Processing /opt/airflow/dags/flight-pipeline.py took 0.825 seconds
[2026-05-02T22:46:47.070+0000] {processor.py:161} INFO - Started process (PID=12468) to work on /opt/airflow/dags/flight-pipeline.py
[2026-05-02T22:46:47.075+0000] {processor.py:830} INFO - Processing file /opt/airflow/dags/flight-pipeline.py for tasks to queue
[2026-05-02T22:46:47.076+0000] {logging_mixin.py:188} INFO - [2026-05-02T22:46:47.076+0000] {dagbag.py:545} INFO - Filling up the DagBag from /opt/airflow/dags/flight-pipeline.py
[2026-05-02T22:46:47.797+0000] {processor.py:840} INFO - DAG(s) 'flights_ops_medallion_pipe' retrieved from /opt/airflow/dags/flight-pipeline.py
[2026-05-02T22:46:47.844+0000] {logging_mixin.py:188} INFO - [2026-05-02T22:46:47.844+0000] {dag.py:3089} INFO - Sync 1 DAGs
[2026-05-02T22:46:47.872+0000] {logging_mixin.py:188} INFO - [2026-05-02T22:46:47.872+0000] {dag.py:3947} INFO - Setting next_dagrun for flights_ops_medallion_pipe to 2026-05-02 22:30:00+00:00, run_after=2026-05-02 23:00:00+00:00
[2026-05-02T22:46:47.911+0000] {processor.py:183} INFO - Processing /opt/airflow/dags/flight-pipeline.py took 0.849 seconds
[2026-05-02T22:47:18.155+0000] {processor.py:161} INFO - Started process (PID=12471) to work on /opt/airflow/dags/flight-pipeline.py
[2026-05-02T22:47:18.159+0000] {processor.py:830} INFO - Processing file /opt/airflow/dags/flight-pipeline.py for tasks to queue
[2026-05-02T22:47:18.160+0000] {logging_mixin.py:188} INFO - [2026-05-02T22:47:18.159+0000] {dagbag.py:545} INFO - Filling up the DagBag from /opt/airflow/dags/flight-pipeline.py
[2026-05-02T22:47:18.873+0000] {processor.py:840} INFO - DAG(s) 'flights_ops_medallion_pipe' retrieved from /opt/airflow/dags/flight-pipeline.py
[2026-05-02T22:47:18.912+0000] {logging_mixin.py:188} INFO - [2026-05-02T22:47:18.911+0000] {dag.py:3089} INFO - Sync 1 DAGs
[2026-05-02T22:47:18.940+0000] {logging_mixin.py:188} INFO - [2026-05-02T22:47:18.939+0000] {dag.py:3947} INFO - Setting next_dagrun for flights_ops_medallion_pipe to 2026-05-02 22:30:00+00:00, run_after=2026-05-02 23:00:00+00:00
[2026-05-02T22:47:18.959+0000] {processor.py:183} INFO - Processing /opt/airflow/dags/flight-pipeline.py took 0.814 seconds
[2026-05-02T22:47:49.329+0000] {processor.py:161} INFO - Started process (PID=12474) to work on /opt/airflow/dags/flight-pipeline.py
[2026-05-02T22:47:49.335+0000] {processor.py:830} INFO - Processing file /opt/airflow/dags/flight-pipeline.py for tasks to queue
[2026-05-02T22:47:49.336+0000] {logging_mixin.py:188} INFO - [2026-05-02T22:47:49.335+0000] {dagbag.py:545} INFO - Filling up the DagBag from /opt/airflow/dags/flight-pipeline.py
[2026-05-02T22:47:50.098+0000] {processor.py:840} INFO - DAG(s) 'flights_ops_medallion_pipe' retrieved from /opt/airflow/dags/flight-pipeline.py
[2026-05-02T22:47:50.139+0000] {logging_mixin.py:188} INFO - [2026-05-02T22:47:50.139+0000] {dag.py:3089} INFO - Sync 1 DAGs
[2026-05-02T22:47:50.167+0000] {logging_mixin.py:188} INFO - [2026-05-02T22:47:50.167+0000] {dag.py:3947} INFO - Setting next_dagrun for flights_ops_medallion_pipe to 2026-05-02 22:30:00+00:00, run_after=2026-05-02 23:00:00+00:00
[2026-05-02T22:47:50.193+0000] {processor.py:183} INFO - Processing /opt/airflow/dags/flight-pipeline.py took 0.885 seconds
[2026-05-02T22:48:20.481+0000] {processor.py:161} INFO - Started process (PID=12477) to work on /opt/airflow/dags/flight-pipeline.py
[2026-05-02T22:48:20.485+0000] {processor.py:830} INFO - Processing file /opt/airflow/dags/flight-pipeline.py for tasks to queue
[2026-05-02T22:48:20.486+0000] {logging_mixin.py:188} INFO - [2026-05-02T22:48:20.486+0000] {dagbag.py:545} INFO - Filling up the DagBag from /opt/airflow/dags/flight-pipeline.py
[2026-05-02T22:48:21.198+0000] {processor.py:840} INFO - DAG(s) 'flights_ops_medallion_pipe' retrieved from /opt/airflow/dags/flight-pipeline.py
[2026-05-02T22:48:21.244+0000] {logging_mixin.py:188} INFO - [2026-05-02T22:48:21.244+0000] {dag.py:3089} INFO - Sync 1 DAGs
[2026-05-02T22:48:21.272+0000] {logging_mixin.py:188} INFO - [2026-05-02T22:48:21.272+0000] {dag.py:3947} INFO - Setting next_dagrun for flights_ops_medallion_pipe to 2026-05-02 22:30:00+00:00, run_after=2026-05-02 23:00:00+00:00
[2026-05-02T22:48:21.293+0000] {processor.py:183} INFO - Processing /opt/airflow/dags/flight-pipeline.py took 0.822 seconds
[2026-05-02T22:48:51.579+0000] {processor.py:161} INFO - Started process (PID=12480) to work on /opt/airflow/dags/flight-pipeline.py
[2026-05-02T22:48:51.586+0000] {processor.py:830} INFO - Processing file /opt/airflow/dags/flight-pipeline.py for tasks to queue
[2026-05-02T22:48:51.587+0000] {logging_mixin.py:188} INFO - [2026-05-02T22:48:51.587+0000] {dagbag.py:545} INFO - Filling up the DagBag from /opt/airflow/dags/flight-pipeline.py
[2026-05-02T22:48:52.314+0000] {processor.py:840} INFO - DAG(s) 'flights_ops_medallion_pipe' retrieved from /opt/airflow/dags/flight-pipeline.py
[2026-05-02T22:48:52.348+0000] {logging_mixin.py:188} INFO - [2026-05-02T22:48:52.347+0000] {dag.py:3089} INFO - Sync 1 DAGs
[2026-05-02T22:48:52.373+0000] {logging_mixin.py:188} INFO - [2026-05-02T22:48:52.372+0000] {dag.py:3947} INFO - Setting next_dagrun for flights_ops_medallion_pipe to 2026-05-02 22:30:00+00:00, run_after=2026-05-02 23:00:00+00:00
[2026-05-02T22:48:52.392+0000] {processor.py:183} INFO - Processing /opt/airflow/dags/flight-pipeline.py took 0.840 seconds
[2026-05-02T22:49:22.647+0000] {processor.py:161} INFO - Started process (PID=12483) to work on /opt/airflow/dags/flight-pipeline.py
[2026-05-02T22:49:22.653+0000] {processor.py:830} INFO - Processing file /opt/airflow/dags/flight-pipeline.py for tasks to queue
[2026-05-02T22:49:22.654+0000] {logging_mixin.py:188} INFO - [2026-05-02T22:49:22.654+0000] {dagbag.py:545} INFO - Filling up the DagBag from /opt/airflow/dags/flight-pipeline.py
[2026-05-02T22:49:23.379+0000] {processor.py:840} INFO - DAG(s) 'flights_ops_medallion_pipe' retrieved from /opt/airflow/dags/flight-pipeline.py
[2026-05-02T22:49:23.417+0000] {logging_mixin.py:188} INFO - [2026-05-02T22:49:23.416+0000] {dag.py:3089} INFO - Sync 1 DAGs
[2026-05-02T22:49:23.441+0000] {logging_mixin.py:188} INFO - [2026-05-02T22:49:23.441+0000] {dag.py:3947} INFO - Setting next_dagrun for flights_ops_medallion_pipe to 2026-05-02 22:30:00+00:00, run_after=2026-05-02 23:00:00+00:00
[2026-05-02T22:49:23.459+0000] {processor.py:183} INFO - Processing /opt/airflow/dags/flight-pipeline.py took 0.821 seconds
[2026-05-02T22:49:53.732+0000] {processor.py:161} INFO - Started process (PID=12486) to work on /opt/airflow/dags/flight-pipeline.py
[2026-05-02T22:49:53.738+0000] {processor.py:830} INFO - Processing file /opt/airflow/dags/flight-pipeline.py for tasks to queue
[2026-05-02T22:49:53.739+0000] {logging_mixin.py:188} INFO - [2026-05-02T22:49:53.739+0000] {dagbag.py:545} INFO - Filling up the DagBag from /opt/airflow/dags/flight-pipeline.py
[2026-05-02T22:49:54.480+0000] {processor.py:840} INFO - DAG(s) 'flights_ops_medallion_pipe' retrieved from /opt/airflow/dags/flight-pipeline.py
[2026-05-02T22:49:54.530+0000] {logging_mixin.py:188} INFO - [2026-05-02T22:49:54.530+0000] {dag.py:3089} INFO - Sync 1 DAGs
[2026-05-02T22:49:54.568+0000] {logging_mixin.py:188} INFO - [2026-05-02T22:49:54.567+0000] {dag.py:3947} INFO - Setting next_dagrun for flights_ops_medallion_pipe to 2026-05-02 22:30:00+00:00, run_after=2026-05-02 23:00:00+00:00
[2026-05-02T22:49:54.594+0000] {processor.py:183} INFO - Processing /opt/airflow/dags/flight-pipeline.py took 0.873 seconds
[2026-05-02T22:50:24.846+0000] {processor.py:161} INFO - Started process (PID=12489) to work on /opt/airflow/dags/flight-pipeline.py
[2026-05-02T22:50:24.850+0000] {processor.py:830} INFO - Processing file /opt/airflow/dags/flight-pipeline.py for tasks to queue
[2026-05-02T22:50:24.853+0000] {logging_mixin.py:188} INFO - [2026-05-02T22:50:24.852+0000] {dagbag.py:545} INFO - Filling up the DagBag from /opt/airflow/dags/flight-pipeline.py
[2026-05-02T22:50:25.622+0000] {processor.py:840} INFO - DAG(s) 'flights_ops_medallion_pipe' retrieved from /opt/airflow/dags/flight-pipeline.py
[2026-05-02T22:50:25.659+0000] {logging_mixin.py:188} INFO - [2026-05-02T22:50:25.659+0000] {dag.py:3089} INFO - Sync 1 DAGs
[2026-05-02T22:50:25.686+0000] {logging_mixin.py:188} INFO - [2026-05-02T22:50:25.685+0000] {dag.py:3947} INFO - Setting next_dagrun for flights_ops_medallion_pipe to 2026-05-02 22:30:00+00:00, run_after=2026-05-02 23:00:00+00:00
[2026-05-02T22:50:25.706+0000] {processor.py:183} INFO - Processing /opt/airflow/dags/flight-pipeline.py took 0.869 seconds
[2026-05-02T22:50:55.947+0000] {processor.py:161} INFO - Started process (PID=12492) to work on /opt/airflow/dags/flight-pipeline.py
[2026-05-02T22:50:55.951+0000] {processor.py:830} INFO - Processing file /opt/airflow/dags/flight-pipeline.py for tasks to queue
[2026-05-02T22:50:55.953+0000] {logging_mixin.py:188} INFO - [2026-05-02T22:50:55.953+0000] {dagbag.py:545} INFO - Filling up the DagBag from /opt/airflow/dags/flight-pipeline.py
[2026-05-02T22:50:56.672+0000] {processor.py:840} INFO - DAG(s) 'flights_ops_medallion_pipe' retrieved from /opt/airflow/dags/flight-pipeline.py
[2026-05-02T22:50:56.710+0000] {logging_mixin.py:188} INFO - [2026-05-02T22:50:56.710+0000] {dag.py:3089} INFO - Sync 1 DAGs
[2026-05-02T22:50:56.737+0000] {logging_mixin.py:188} INFO - [2026-05-02T22:50:56.737+0000] {dag.py:3947} INFO - Setting next_dagrun for flights_ops_medallion_pipe to 2026-05-02 22:30:00+00:00, run_after=2026-05-02 23:00:00+00:00
[2026-05-02T22:50:56.758+0000] {processor.py:183} INFO - Processing /opt/airflow/dags/flight-pipeline.py took 0.821 seconds
[2026-05-02T22:51:26.978+0000] {processor.py:161} INFO - Started process (PID=12495) to work on /opt/airflow/dags/flight-pipeline.py
[2026-05-02T22:51:26.982+0000] {processor.py:830} INFO - Processing file /opt/airflow/dags/flight-pipeline.py for tasks to queue
[2026-05-02T22:51:26.984+0000] {logging_mixin.py:188} INFO - [2026-05-02T22:51:26.983+0000] {dagbag.py:545} INFO - Filling up the DagBag from /opt/airflow/dags/flight-pipeline.py
[2026-05-02T22:51:27.684+0000] {processor.py:840} INFO - DAG(s) 'flights_ops_medallion_pipe' retrieved from /opt/airflow/dags/flight-pipeline.py
[2026-05-02T22:51:27.720+0000] {logging_mixin.py:188} INFO - [2026-05-02T22:51:27.719+0000] {dag.py:3089} INFO - Sync 1 DAGs
[2026-05-02T22:51:27.748+0000] {logging_mixin.py:188} INFO - [2026-05-02T22:51:27.748+0000] {dag.py:3947} INFO - Setting next_dagrun for flights_ops_medallion_pipe to 2026-05-02 22:30:00+00:00, run_after=2026-05-02 23:00:00+00:00
[2026-05-02T22:51:27.769+0000] {processor.py:183} INFO - Processing /opt/airflow/dags/flight-pipeline.py took 0.801 seconds
[2026-05-02T22:51:58.056+0000] {processor.py:161} INFO - Started process (PID=12498) to work on /opt/airflow/dags/flight-pipeline.py
[2026-05-02T22:51:58.061+0000] {processor.py:830} INFO - Processing file /opt/airflow/dags/flight-pipeline.py for tasks to queue
[2026-05-02T22:51:58.062+0000] {logging_mixin.py:188} INFO - [2026-05-02T22:51:58.062+0000] {dagbag.py:545} INFO - Filling up the DagBag from /opt/airflow/dags/flight-pipeline.py
[2026-05-02T22:51:58.849+0000] {processor.py:840} INFO - DAG(s) 'flights_ops_medallion_pipe' retrieved from /opt/airflow/dags/flight-pipeline.py
[2026-05-02T22:51:58.886+0000] {logging_mixin.py:188} INFO - [2026-05-02T22:51:58.886+0000] {dag.py:3089} INFO - Sync 1 DAGs
[2026-05-02T22:51:58.916+0000] {logging_mixin.py:188} INFO - [2026-05-02T22:51:58.916+0000] {dag.py:3947} INFO - Setting next_dagrun for flights_ops_medallion_pipe to 2026-05-02 22:30:00+00:00, run_after=2026-05-02 23:00:00+00:00
[2026-05-02T22:51:58.937+0000] {processor.py:183} INFO - Processing /opt/airflow/dags/flight-pipeline.py took 0.892 seconds
[2026-05-02T22:52:29.252+0000] {processor.py:161} INFO - Started process (PID=12501) to work on /opt/airflow/dags/flight-pipeline.py
[2026-05-02T22:52:29.261+0000] {processor.py:830} INFO - Processing file /opt/airflow/dags/flight-pipeline.py for tasks to queue
[2026-05-02T22:52:29.263+0000] {logging_mixin.py:188} INFO - [2026-05-02T22:52:29.262+0000] {dagbag.py:545} INFO - Filling up the DagBag from /opt/airflow/dags/flight-pipeline.py
[2026-05-02T22:52:30.592+0000] {processor.py:840} INFO - DAG(s) 'flights_ops_medallion_pipe' retrieved from /opt/airflow/dags/flight-pipeline.py
[2026-05-02T22:52:30.661+0000] {logging_mixin.py:188} INFO - [2026-05-02T22:52:30.660+0000] {dag.py:3089} INFO - Sync 1 DAGs
[2026-05-02T22:52:30.707+0000] {logging_mixin.py:188} INFO - [2026-05-02T22:52:30.707+0000] {dag.py:3947} INFO - Setting next_dagrun for flights_ops_medallion_pipe to 2026-05-02 22:30:00+00:00, run_after=2026-05-02 23:00:00+00:00
[2026-05-02T22:52:30.745+0000] {processor.py:183} INFO - Processing /opt/airflow/dags/flight-pipeline.py took 1.510 seconds
[2026-05-02T22:53:01.061+0000] {processor.py:161} INFO - Started process (PID=12504) to work on /opt/airflow/dags/flight-pipeline.py
[2026-05-02T22:53:01.066+0000] {processor.py:830} INFO - Processing file /opt/airflow/dags/flight-pipeline.py for tasks to queue
[2026-05-02T22:53:01.067+0000] {logging_mixin.py:188} INFO - [2026-05-02T22:53:01.067+0000] {dagbag.py:545} INFO - Filling up the DagBag from /opt/airflow/dags/flight-pipeline.py
[2026-05-02T22:53:01.953+0000] {processor.py:840} INFO - DAG(s) 'flights_ops_medallion_pipe' retrieved from /opt/airflow/dags/flight-pipeline.py
[2026-05-02T22:53:02.000+0000] {logging_mixin.py:188} INFO - [2026-05-02T22:53:01.999+0000] {dag.py:3089} INFO - Sync 1 DAGs
[2026-05-02T22:53:02.030+0000] {logging_mixin.py:188} INFO - [2026-05-02T22:53:02.030+0000] {dag.py:3947} INFO - Setting next_dagrun for flights_ops_medallion_pipe to 2026-05-02 22:30:00+00:00, run_after=2026-05-02 23:00:00+00:00
[2026-05-02T22:53:02.057+0000] {processor.py:183} INFO - Processing /opt/airflow/dags/flight-pipeline.py took 1.009 seconds
[2026-05-02T22:53:32.295+0000] {processor.py:161} INFO - Started process (PID=12507) to work on /opt/airflow/dags/flight-pipeline.py
[2026-05-02T22:53:32.300+0000] {processor.py:830} INFO - Processing file /opt/airflow/dags/flight-pipeline.py for tasks to queue
[2026-05-02T22:53:32.301+0000] {logging_mixin.py:188} INFO - [2026-05-02T22:53:32.301+0000] {dagbag.py:545} INFO - Filling up the DagBag from /opt/airflow/dags/flight-pipeline.py
[2026-05-02T22:53:33.028+0000] {processor.py:840} INFO - DAG(s) 'flights_ops_medallion_pipe' retrieved from /opt/airflow/dags/flight-pipeline.py
[2026-05-02T22:53:33.067+0000] {logging_mixin.py:188} INFO - [2026-05-02T22:53:33.067+0000] {dag.py:3089} INFO - Sync 1 DAGs
[2026-05-02T22:53:33.102+0000] {logging_mixin.py:188} INFO - [2026-05-02T22:53:33.101+0000] {dag.py:3947} INFO - Setting next_dagrun for flights_ops_medallion_pipe to 2026-05-02 22:30:00+00:00, run_after=2026-05-02 23:00:00+00:00
[2026-05-02T22:53:33.124+0000] {processor.py:183} INFO - Processing /opt/airflow/dags/flight-pipeline.py took 0.838 seconds
[2026-05-02T22:54:03.438+0000] {processor.py:161} INFO - Started process (PID=12510) to work on /opt/airflow/dags/flight-pipeline.py
[2026-05-02T22:54:03.447+0000] {processor.py:830} INFO - Processing file /opt/airflow/dags/flight-pipeline.py for tasks to queue
[2026-05-02T22:54:03.450+0000] {logging_mixin.py:188} INFO - [2026-05-02T22:54:03.449+0000] {dagbag.py:545} INFO - Filling up the DagBag from /opt/airflow/dags/flight-pipeline.py
[2026-05-02T22:54:04.918+0000] {processor.py:840} INFO - DAG(s) 'flights_ops_medallion_pipe' retrieved from /opt/airflow/dags/flight-pipeline.py
[2026-05-02T22:54:04.994+0000] {logging_mixin.py:188} INFO - [2026-05-02T22:54:04.993+0000] {dag.py:3089} INFO - Sync 1 DAGs
[2026-05-02T22:54:05.047+0000] {logging_mixin.py:188} INFO - [2026-05-02T22:54:05.047+0000] {dag.py:3947} INFO - Setting next_dagrun for flights_ops_medallion_pipe to 2026-05-02 22:30:00+00:00, run_after=2026-05-02 23:00:00+00:00
[2026-05-02T22:54:05.088+0000] {processor.py:183} INFO - Processing /opt/airflow/dags/flight-pipeline.py took 1.665 seconds
[2026-05-02T22:54:35.686+0000] {processor.py:161} INFO - Started process (PID=12513) to work on /opt/airflow/dags/flight-pipeline.py
[2026-05-02T22:54:35.729+0000] {processor.py:830} INFO - Processing file /opt/airflow/dags/flight-pipeline.py for tasks to queue
[2026-05-02T22:54:35.742+0000] {logging_mixin.py:188} INFO - [2026-05-02T22:54:35.738+0000] {dagbag.py:545} INFO - Filling up the DagBag from /opt/airflow/dags/flight-pipeline.py
[2026-05-02T22:54:48.184+0000] {processor.py:840} INFO - DAG(s) 'flights_ops_medallion_pipe' retrieved from /opt/airflow/dags/flight-pipeline.py
[2026-05-02T22:54:48.662+0000] {logging_mixin.py:188} INFO - [2026-05-02T22:54:48.658+0000] {dag.py:3089} INFO - Sync 1 DAGs
[2026-05-02T22:54:48.962+0000] {logging_mixin.py:188} INFO - [2026-05-02T22:54:48.959+0000] {dag.py:3947} INFO - Setting next_dagrun for flights_ops_medallion_pipe to 2026-05-02 22:30:00+00:00, run_after=2026-05-02 23:00:00+00:00
[2026-05-02T22:54:49.219+0000] {processor.py:183} INFO - Processing /opt/airflow/dags/flight-pipeline.py took 13.646 seconds
[2026-05-02T22:55:19.776+0000] {processor.py:161} INFO - Started process (PID=12516) to work on /opt/airflow/dags/flight-pipeline.py
[2026-05-02T22:55:19.825+0000] {processor.py:830} INFO - Processing file /opt/airflow/dags/flight-pipeline.py for tasks to queue
[2026-05-02T22:55:19.842+0000] {logging_mixin.py:188} INFO - [2026-05-02T22:55:19.836+0000] {dagbag.py:545} INFO - Filling up the DagBag from /opt/airflow/dags/flight-pipeline.py
[2026-05-02T22:55:32.551+0000] {processor.py:840} INFO - DAG(s) 'flights_ops_medallion_pipe' retrieved from /opt/airflow/dags/flight-pipeline.py
[2026-05-02T22:55:33.070+0000] {logging_mixin.py:188} INFO - [2026-05-02T22:55:33.065+0000] {dag.py:3089} INFO - Sync 1 DAGs
[2026-05-02T22:55:33.499+0000] {logging_mixin.py:188} INFO - [2026-05-02T22:55:33.495+0000] {dag.py:3947} INFO - Setting next_dagrun for flights_ops_medallion_pipe to 2026-05-02 22:30:00+00:00, run_after=2026-05-02 23:00:00+00:00
[2026-05-02T22:55:33.732+0000] {processor.py:183} INFO - Processing /opt/airflow/dags/flight-pipeline.py took 14.066 seconds
[2026-05-02T22:56:03.937+0000] {processor.py:161} INFO - Started process (PID=12519) to work on /opt/airflow/dags/flight-pipeline.py
[2026-05-02T22:56:03.952+0000] {processor.py:830} INFO - Processing file /opt/airflow/dags/flight-pipeline.py for tasks to queue
[2026-05-02T22:56:03.957+0000] {logging_mixin.py:188} INFO - [2026-05-02T22:56:03.955+0000] {dagbag.py:545} INFO - Filling up the DagBag from /opt/airflow/dags/flight-pipeline.py
[2026-05-02T22:56:07.580+0000] {processor.py:840} INFO - DAG(s) 'flights_ops_medallion_pipe' retrieved from /opt/airflow/dags/flight-pipeline.py
[2026-05-02T22:56:07.734+0000] {logging_mixin.py:188} INFO - [2026-05-02T22:56:07.732+0000] {dag.py:3089} INFO - Sync 1 DAGs
[2026-05-02T22:56:07.835+0000] {logging_mixin.py:188} INFO - [2026-05-02T22:56:07.835+0000] {dag.py:3947} INFO - Setting next_dagrun for flights_ops_medallion_pipe to 2026-05-02 22:30:00+00:00, run_after=2026-05-02 23:00:00+00:00
[2026-05-02T22:56:07.908+0000] {processor.py:183} INFO - Processing /opt/airflow/dags/flight-pipeline.py took 4.002 seconds
[2026-05-02T22:56:38.715+0000] {processor.py:161} INFO - Started process (PID=12522) to work on /opt/airflow/dags/flight-pipeline.py
[2026-05-02T22:56:38.730+0000] {processor.py:830} INFO - Processing file /opt/airflow/dags/flight-pipeline.py for tasks to queue
[2026-05-02T22:56:38.734+0000] {logging_mixin.py:188} INFO - [2026-05-02T22:56:38.732+0000] {dagbag.py:545} INFO - Filling up the DagBag from /opt/airflow/dags/flight-pipeline.py
[2026-05-02T22:56:41.419+0000] {processor.py:840} INFO - DAG(s) 'flights_ops_medallion_pipe' retrieved from /opt/airflow/dags/flight-pipeline.py
[2026-05-02T22:56:41.547+0000] {logging_mixin.py:188} INFO - [2026-05-02T22:56:41.546+0000] {dag.py:3089} INFO - Sync 1 DAGs
[2026-05-02T22:56:41.637+0000] {logging_mixin.py:188} INFO - [2026-05-02T22:56:41.636+0000] {dag.py:3947} INFO - Setting next_dagrun for flights_ops_medallion_pipe to 2026-05-02 22:30:00+00:00, run_after=2026-05-02 23:00:00+00:00
[2026-05-02T22:56:41.708+0000] {processor.py:183} INFO - Processing /opt/airflow/dags/flight-pipeline.py took 3.026 seconds
[2026-05-02T22:57:12.345+0000] {processor.py:161} INFO - Started process (PID=12525) to work on /opt/airflow/dags/flight-pipeline.py
[2026-05-02T22:57:12.458+0000] {processor.py:830} INFO - Processing file /opt/airflow/dags/flight-pipeline.py for tasks to queue
[2026-05-02T22:57:12.469+0000] {logging_mixin.py:188} INFO - [2026-05-02T22:57:12.466+0000] {dagbag.py:545} INFO - Filling up the DagBag from /opt/airflow/dags/flight-pipeline.py
[2026-05-02T22:57:22.866+0000] {processor.py:840} INFO - DAG(s) 'flights_ops_medallion_pipe' retrieved from /opt/airflow/dags/flight-pipeline.py
[2026-05-02T22:57:23.281+0000] {logging_mixin.py:188} INFO - [2026-05-02T22:57:23.276+0000] {dag.py:3089} INFO - Sync 1 DAGs
[2026-05-02T22:57:23.577+0000] {logging_mixin.py:188} INFO - [2026-05-02T22:57:23.574+0000] {dag.py:3947} INFO - Setting next_dagrun for flights_ops_medallion_pipe to 2026-05-02 22:30:00+00:00, run_after=2026-05-02 23:00:00+00:00
[2026-05-02T22:57:23.773+0000] {processor.py:183} INFO - Processing /opt/airflow/dags/flight-pipeline.py took 11.556 seconds
[2026-05-02T22:57:54.040+0000] {processor.py:161} INFO - Started process (PID=12528) to work on /opt/airflow/dags/flight-pipeline.py
[2026-05-02T22:57:54.051+0000] {processor.py:830} INFO - Processing file /opt/airflow/dags/flight-pipeline.py for tasks to queue
[2026-05-02T22:57:54.057+0000] {logging_mixin.py:188} INFO - [2026-05-02T22:57:54.055+0000] {dagbag.py:545} INFO - Filling up the DagBag from /opt/airflow/dags/flight-pipeline.py
[2026-05-02T22:57:56.112+0000] {processor.py:840} INFO - DAG(s) 'flights_ops_medallion_pipe' retrieved from /opt/airflow/dags/flight-pipeline.py
[2026-05-02T22:57:56.292+0000] {logging_mixin.py:188} INFO - [2026-05-02T22:57:56.290+0000] {dag.py:3089} INFO - Sync 1 DAGs
[2026-05-02T22:57:56.408+0000] {logging_mixin.py:188} INFO - [2026-05-02T22:57:56.407+0000] {dag.py:3947} INFO - Setting next_dagrun for flights_ops_medallion_pipe to 2026-05-02 22:30:00+00:00, run_after=2026-05-02 23:00:00+00:00
[2026-05-02T22:57:56.475+0000] {processor.py:183} INFO - Processing /opt/airflow/dags/flight-pipeline.py took 2.456 seconds
[2026-05-02T22:58:26.604+0000] {processor.py:161} INFO - Started process (PID=12531) to work on /opt/airflow/dags/flight-pipeline.py
[2026-05-02T22:58:26.612+0000] {processor.py:830} INFO - Processing file /opt/airflow/dags/flight-pipeline.py for tasks to queue
[2026-05-02T22:58:26.615+0000] {logging_mixin.py:188} INFO - [2026-05-02T22:58:26.614+0000] {dagbag.py:545} INFO - Filling up the DagBag from /opt/airflow/dags/flight-pipeline.py
[2026-05-02T22:58:27.796+0000] {processor.py:840} INFO - DAG(s) 'flights_ops_medallion_pipe' retrieved from /opt/airflow/dags/flight-pipeline.py
[2026-05-02T22:58:27.851+0000] {logging_mixin.py:188} INFO - [2026-05-02T22:58:27.851+0000] {dag.py:3089} INFO - Sync 1 DAGs
[2026-05-02T22:58:27.890+0000] {logging_mixin.py:188} INFO - [2026-05-02T22:58:27.889+0000] {dag.py:3947} INFO - Setting next_dagrun for flights_ops_medallion_pipe to 2026-05-02 22:30:00+00:00, run_after=2026-05-02 23:00:00+00:00
[2026-05-02T22:58:27.921+0000] {processor.py:183} INFO - Processing /opt/airflow/dags/flight-pipeline.py took 1.330 seconds
[2026-05-02T22:58:58.048+0000] {processor.py:161} INFO - Started process (PID=12534) to work on /opt/airflow/dags/flight-pipeline.py
[2026-05-02T22:58:58.060+0000] {processor.py:830} INFO - Processing file /opt/airflow/dags/flight-pipeline.py for tasks to queue
[2026-05-02T22:58:58.063+0000] {logging_mixin.py:188} INFO - [2026-05-02T22:58:58.062+0000] {dagbag.py:545} INFO - Filling up the DagBag from /opt/airflow/dags/flight-pipeline.py
[2026-05-02T22:58:59.800+0000] {processor.py:840} INFO - DAG(s) 'flights_ops_medallion_pipe' retrieved from /opt/airflow/dags/flight-pipeline.py
[2026-05-02T22:58:59.888+0000] {logging_mixin.py:188} INFO - [2026-05-02T22:58:59.887+0000] {dag.py:3089} INFO - Sync 1 DAGs
[2026-05-02T22:58:59.950+0000] {logging_mixin.py:188} INFO - [2026-05-02T22:58:59.949+0000] {dag.py:3947} INFO - Setting next_dagrun for flights_ops_medallion_pipe to 2026-05-02 22:30:00+00:00, run_after=2026-05-02 23:00:00+00:00
[2026-05-02T22:58:59.995+0000] {processor.py:183} INFO - Processing /opt/airflow/dags/flight-pipeline.py took 1.965 seconds
[2026-05-02T22:59:30.886+0000] {processor.py:161} INFO - Started process (PID=12537) to work on /opt/airflow/dags/flight-pipeline.py
[2026-05-02T22:59:30.922+0000] {processor.py:830} INFO - Processing file /opt/airflow/dags/flight-pipeline.py for tasks to queue
[2026-05-02T22:59:30.933+0000] {logging_mixin.py:188} INFO - [2026-05-02T22:59:30.929+0000] {dagbag.py:545} INFO - Filling up the DagBag from /opt/airflow/dags/flight-pipeline.py
[2026-05-02T22:59:41.182+0000] {processor.py:840} INFO - DAG(s) 'flights_ops_medallion_pipe' retrieved from /opt/airflow/dags/flight-pipeline.py
[2026-05-02T22:59:41.549+0000] {logging_mixin.py:188} INFO - [2026-05-02T22:59:41.544+0000] {dag.py:3089} INFO - Sync 1 DAGs
[2026-05-02T22:59:41.861+0000] {logging_mixin.py:188} INFO - [2026-05-02T22:59:41.858+0000] {dag.py:3947} INFO - Setting next_dagrun for flights_ops_medallion_pipe to 2026-05-02 22:30:00+00:00, run_after=2026-05-02 23:00:00+00:00
[2026-05-02T22:59:42.120+0000] {processor.py:183} INFO - Processing /opt/airflow/dags/flight-pipeline.py took 11.328 seconds
[2026-05-02T23:00:12.600+0000] {processor.py:161} INFO - Started process (PID=12541) to work on /opt/airflow/dags/flight-pipeline.py
[2026-05-02T23:00:12.640+0000] {processor.py:830} INFO - Processing file /opt/airflow/dags/flight-pipeline.py for tasks to queue
[2026-05-02T23:00:12.654+0000] {logging_mixin.py:188} INFO - [2026-05-02T23:00:12.649+0000] {dagbag.py:545} INFO - Filling up the DagBag from /opt/airflow/dags/flight-pipeline.py
[2026-05-02T23:00:23.948+0000] {processor.py:840} INFO - DAG(s) 'flights_ops_medallion_pipe' retrieved from /opt/airflow/dags/flight-pipeline.py
[2026-05-02T23:00:24.440+0000] {logging_mixin.py:188} INFO - [2026-05-02T23:00:24.436+0000] {dag.py:3089} INFO - Sync 1 DAGs
[2026-05-02T23:00:24.749+0000] {logging_mixin.py:188} INFO - [2026-05-02T23:00:24.745+0000] {dag.py:3947} INFO - Setting next_dagrun for flights_ops_medallion_pipe to 2026-05-02 23:00:00+00:00, run_after=2026-05-02 23:30:00+00:00
[2026-05-02T23:00:25.065+0000] {processor.py:183} INFO - Processing /opt/airflow/dags/flight-pipeline.py took 12.554 seconds
[2026-05-02T23:00:55.596+0000] {processor.py:161} INFO - Started process (PID=12552) to work on /opt/airflow/dags/flight-pipeline.py
[2026-05-02T23:00:55.665+0000] {processor.py:830} INFO - Processing file /opt/airflow/dags/flight-pipeline.py for tasks to queue
[2026-05-02T23:00:55.688+0000] {logging_mixin.py:188} INFO - [2026-05-02T23:00:55.682+0000] {dagbag.py:545} INFO - Filling up the DagBag from /opt/airflow/dags/flight-pipeline.py
[2026-05-02T23:01:11.456+0000] {processor.py:840} INFO - DAG(s) 'flights_ops_medallion_pipe' retrieved from /opt/airflow/dags/flight-pipeline.py
[2026-05-02T23:01:12.255+0000] {logging_mixin.py:188} INFO - [2026-05-02T23:01:12.249+0000] {dag.py:3089} INFO - Sync 1 DAGs
[2026-05-02T23:01:12.859+0000] {logging_mixin.py:188} INFO - [2026-05-02T23:01:12.854+0000] {dag.py:3947} INFO - Setting next_dagrun for flights_ops_medallion_pipe to 2026-05-02 23:00:00+00:00, run_after=2026-05-02 23:30:00+00:00
[2026-05-02T23:01:13.285+0000] {processor.py:183} INFO - Processing /opt/airflow/dags/flight-pipeline.py took 17.909 seconds
[2026-05-02T23:01:44.146+0000] {processor.py:161} INFO - Started process (PID=12558) to work on /opt/airflow/dags/flight-pipeline.py
[2026-05-02T23:01:44.225+0000] {processor.py:830} INFO - Processing file /opt/airflow/dags/flight-pipeline.py for tasks to queue
[2026-05-02T23:01:44.246+0000] {logging_mixin.py:188} INFO - [2026-05-02T23:01:44.238+0000] {dagbag.py:545} INFO - Filling up the DagBag from /opt/airflow/dags/flight-pipeline.py
[2026-05-02T23:02:01.217+0000] {processor.py:840} INFO - DAG(s) 'flights_ops_medallion_pipe' retrieved from /opt/airflow/dags/flight-pipeline.py
[2026-05-02T23:02:01.824+0000] {logging_mixin.py:188} INFO - [2026-05-02T23:02:01.813+0000] {dag.py:3089} INFO - Sync 1 DAGs
[2026-05-02T23:02:02.357+0000] {logging_mixin.py:188} INFO - [2026-05-02T23:02:02.353+0000] {dag.py:3947} INFO - Setting next_dagrun for flights_ops_medallion_pipe to 2026-05-02 23:00:00+00:00, run_after=2026-05-02 23:30:00+00:00
[2026-05-02T23:02:02.635+0000] {processor.py:183} INFO - Processing /opt/airflow/dags/flight-pipeline.py took 18.683 seconds
[2026-05-02T23:18:49.320+0000] {processor.py:161} INFO - Started process (PID=12562) to work on /opt/airflow/dags/flight-pipeline.py
[2026-05-02T23:18:49.331+0000] {processor.py:830} INFO - Processing file /opt/airflow/dags/flight-pipeline.py for tasks to queue
[2026-05-02T23:18:49.343+0000] {logging_mixin.py:188} INFO - [2026-05-02T23:18:49.342+0000] {dagbag.py:545} INFO - Filling up the DagBag from /opt/airflow/dags/flight-pipeline.py
[2026-05-02T23:18:54.885+0000] {processor.py:840} INFO - DAG(s) 'flights_ops_medallion_pipe' retrieved from /opt/airflow/dags/flight-pipeline.py
[2026-05-02T23:18:55.045+0000] {logging_mixin.py:188} INFO - [2026-05-02T23:18:55.045+0000] {dag.py:3089} INFO - Sync 1 DAGs
[2026-05-02T23:18:55.150+0000] {logging_mixin.py:188} INFO - [2026-05-02T23:18:55.150+0000] {dag.py:3947} INFO - Setting next_dagrun for flights_ops_medallion_pipe to 2026-05-02 23:00:00+00:00, run_after=2026-05-02 23:30:00+00:00
[2026-05-02T23:18:55.211+0000] {processor.py:183} INFO - Processing /opt/airflow/dags/flight-pipeline.py took 5.959 seconds
[2026-05-02T23:19:26.392+0000] {processor.py:161} INFO - Started process (PID=12574) to work on /opt/airflow/dags/flight-pipeline.py
[2026-05-02T23:19:26.469+0000] {processor.py:830} INFO - Processing file /opt/airflow/dags/flight-pipeline.py for tasks to queue
[2026-05-02T23:19:26.504+0000] {logging_mixin.py:188} INFO - [2026-05-02T23:19:26.488+0000] {dagbag.py:545} INFO - Filling up the DagBag from /opt/airflow/dags/flight-pipeline.py
[2026-05-02T23:19:56.824+0000] {logging_mixin.py:188} INFO - [2026-05-02T23:19:56.619+0000] {timeout.py:68} ERROR - Process timed out, PID: 12574
[2026-05-02T23:20:27.422+0000] {processor.py:161} INFO - Started process (PID=12589) to work on /opt/airflow/dags/flight-pipeline.py
[2026-05-02T23:20:27.432+0000] {processor.py:830} INFO - Processing file /opt/airflow/dags/flight-pipeline.py for tasks to queue
[2026-05-02T23:20:27.435+0000] {logging_mixin.py:188} INFO - [2026-05-02T23:20:27.434+0000] {dagbag.py:545} INFO - Filling up the DagBag from /opt/airflow/dags/flight-pipeline.py
[2026-05-02T23:20:28.943+0000] {processor.py:840} INFO - DAG(s) 'flights_ops_medallion_pipe' retrieved from /opt/airflow/dags/flight-pipeline.py
[2026-05-02T23:20:29.030+0000] {logging_mixin.py:188} INFO - [2026-05-02T23:20:29.029+0000] {dag.py:3089} INFO - Sync 1 DAGs
[2026-05-02T23:20:29.139+0000] {logging_mixin.py:188} INFO - [2026-05-02T23:20:29.139+0000] {dag.py:3947} INFO - Setting next_dagrun for flights_ops_medallion_pipe to 2026-05-02 23:00:00+00:00, run_after=2026-05-02 23:30:00+00:00
[2026-05-02T23:20:29.180+0000] {processor.py:183} INFO - Processing /opt/airflow/dags/flight-pipeline.py took 1.787 seconds
[2026-05-02T23:20:59.466+0000] {processor.py:161} INFO - Started process (PID=12602) to work on /opt/airflow/dags/flight-pipeline.py
[2026-05-02T23:20:59.473+0000] {processor.py:830} INFO - Processing file /opt/airflow/dags/flight-pipeline.py for tasks to queue
[2026-05-02T23:20:59.474+0000] {logging_mixin.py:188} INFO - [2026-05-02T23:20:59.473+0000] {dagbag.py:545} INFO - Filling up the DagBag from /opt/airflow/dags/flight-pipeline.py
[2026-05-02T23:21:00.324+0000] {processor.py:840} INFO - DAG(s) 'flights_ops_medallion_pipe' retrieved from /opt/airflow/dags/flight-pipeline.py
[2026-05-02T23:21:00.369+0000] {logging_mixin.py:188} INFO - [2026-05-02T23:21:00.369+0000] {dag.py:3089} INFO - Sync 1 DAGs
[2026-05-02T23:21:00.415+0000] {logging_mixin.py:188} INFO - [2026-05-02T23:21:00.415+0000] {dag.py:3947} INFO - Setting next_dagrun for flights_ops_medallion_pipe to 2026-05-02 23:00:00+00:00, run_after=2026-05-02 23:30:00+00:00
[2026-05-02T23:21:00.435+0000] {processor.py:183} INFO - Processing /opt/airflow/dags/flight-pipeline.py took 0.979 seconds
[2026-05-02T23:21:30.710+0000] {processor.py:161} INFO - Started process (PID=12605) to work on /opt/airflow/dags/flight-pipeline.py
[2026-05-02T23:21:30.719+0000] {processor.py:830} INFO - Processing file /opt/airflow/dags/flight-pipeline.py for tasks to queue
[2026-05-02T23:21:30.720+0000] {logging_mixin.py:188} INFO - [2026-05-02T23:21:30.720+0000] {dagbag.py:545} INFO - Filling up the DagBag from /opt/airflow/dags/flight-pipeline.py
[2026-05-02T23:21:31.480+0000] {processor.py:840} INFO - DAG(s) 'flights_ops_medallion_pipe' retrieved from /opt/airflow/dags/flight-pipeline.py
[2026-05-02T23:21:31.516+0000] {logging_mixin.py:188} INFO - [2026-05-02T23:21:31.516+0000] {dag.py:3089} INFO - Sync 1 DAGs
[2026-05-02T23:21:31.563+0000] {logging_mixin.py:188} INFO - [2026-05-02T23:21:31.563+0000] {dag.py:3947} INFO - Setting next_dagrun for flights_ops_medallion_pipe to 2026-05-02 23:00:00+00:00, run_after=2026-05-02 23:30:00+00:00
[2026-05-02T23:21:31.589+0000] {processor.py:183} INFO - Processing /opt/airflow/dags/flight-pipeline.py took 0.897 seconds
[2026-05-02T23:22:01.820+0000] {processor.py:161} INFO - Started process (PID=12608) to work on /opt/airflow/dags/flight-pipeline.py
[2026-05-02T23:22:01.826+0000] {processor.py:830} INFO - Processing file /opt/airflow/dags/flight-pipeline.py for tasks to queue
[2026-05-02T23:22:01.827+0000] {logging_mixin.py:188} INFO - [2026-05-02T23:22:01.827+0000] {dagbag.py:545} INFO - Filling up the DagBag from /opt/airflow/dags/flight-pipeline.py
[2026-05-02T23:22:02.544+0000] {processor.py:840} INFO - DAG(s) 'flights_ops_medallion_pipe' retrieved from /opt/airflow/dags/flight-pipeline.py
[2026-05-02T23:22:02.585+0000] {logging_mixin.py:188} INFO - [2026-05-02T23:22:02.584+0000] {dag.py:3089} INFO - Sync 1 DAGs
[2026-05-02T23:22:02.610+0000] {logging_mixin.py:188} INFO - [2026-05-02T23:22:02.610+0000] {dag.py:3947} INFO - Setting next_dagrun for flights_ops_medallion_pipe to 2026-05-02 23:00:00+00:00, run_after=2026-05-02 23:30:00+00:00
[2026-05-02T23:22:02.631+0000] {processor.py:183} INFO - Processing /opt/airflow/dags/flight-pipeline.py took 0.819 seconds
[2026-05-02T23:22:32.829+0000] {processor.py:161} INFO - Started process (PID=12611) to work on /opt/airflow/dags/flight-pipeline.py
[2026-05-02T23:22:32.834+0000] {processor.py:830} INFO - Processing file /opt/airflow/dags/flight-pipeline.py for tasks to queue
[2026-05-02T23:22:32.836+0000] {logging_mixin.py:188} INFO - [2026-05-02T23:22:32.835+0000] {dagbag.py:545} INFO - Filling up the DagBag from /opt/airflow/dags/flight-pipeline.py
[2026-05-02T23:22:33.591+0000] {processor.py:840} INFO - DAG(s) 'flights_ops_medallion_pipe' retrieved from /opt/airflow/dags/flight-pipeline.py
[2026-05-02T23:22:33.633+0000] {logging_mixin.py:188} INFO - [2026-05-02T23:22:33.632+0000] {dag.py:3089} INFO - Sync 1 DAGs
[2026-05-02T23:22:33.659+0000] {logging_mixin.py:188} INFO - [2026-05-02T23:22:33.659+0000] {dag.py:3947} INFO - Setting next_dagrun for flights_ops_medallion_pipe to 2026-05-02 23:00:00+00:00, run_after=2026-05-02 23:30:00+00:00
[2026-05-02T23:22:33.680+0000] {processor.py:183} INFO - Processing /opt/airflow/dags/flight-pipeline.py took 0.869 seconds
[2026-05-02T23:23:03.985+0000] {processor.py:161} INFO - Started process (PID=12614) to work on /opt/airflow/dags/flight-pipeline.py
[2026-05-02T23:23:03.990+0000] {processor.py:830} INFO - Processing file /opt/airflow/dags/flight-pipeline.py for tasks to queue
[2026-05-02T23:23:03.991+0000] {logging_mixin.py:188} INFO - [2026-05-02T23:23:03.991+0000] {dagbag.py:545} INFO - Filling up the DagBag from /opt/airflow/dags/flight-pipeline.py
[2026-05-02T23:23:04.743+0000] {processor.py:840} INFO - DAG(s) 'flights_ops_medallion_pipe' retrieved from /opt/airflow/dags/flight-pipeline.py
[2026-05-02T23:23:04.781+0000] {logging_mixin.py:188} INFO - [2026-05-02T23:23:04.781+0000] {dag.py:3089} INFO - Sync 1 DAGs
[2026-05-02T23:23:04.809+0000] {logging_mixin.py:188} INFO - [2026-05-02T23:23:04.809+0000] {dag.py:3947} INFO - Setting next_dagrun for flights_ops_medallion_pipe to 2026-05-02 23:00:00+00:00, run_after=2026-05-02 23:30:00+00:00
[2026-05-02T23:23:04.837+0000] {processor.py:183} INFO - Processing /opt/airflow/dags/flight-pipeline.py took 0.867 seconds
[2026-05-02T23:23:35.110+0000] {processor.py:161} INFO - Started process (PID=12617) to work on /opt/airflow/dags/flight-pipeline.py
[2026-05-02T23:23:35.115+0000] {processor.py:830} INFO - Processing file /opt/airflow/dags/flight-pipeline.py for tasks to queue
[2026-05-02T23:23:35.116+0000] {logging_mixin.py:188} INFO - [2026-05-02T23:23:35.116+0000] {dagbag.py:545} INFO - Filling up the DagBag from /opt/airflow/dags/flight-pipeline.py
[2026-05-02T23:23:35.894+0000] {processor.py:840} INFO - DAG(s) 'flights_ops_medallion_pipe' retrieved from /opt/airflow/dags/flight-pipeline.py
[2026-05-02T23:23:35.930+0000] {logging_mixin.py:188} INFO - [2026-05-02T23:23:35.930+0000] {dag.py:3089} INFO - Sync 1 DAGs
[2026-05-02T23:23:35.963+0000] {logging_mixin.py:188} INFO - [2026-05-02T23:23:35.963+0000] {dag.py:3947} INFO - Setting next_dagrun for flights_ops_medallion_pipe to 2026-05-02 23:00:00+00:00, run_after=2026-05-02 23:30:00+00:00
[2026-05-02T23:23:35.993+0000] {processor.py:183} INFO - Processing /opt/airflow/dags/flight-pipeline.py took 0.895 seconds
[2026-05-02T23:24:06.271+0000] {processor.py:161} INFO - Started process (PID=12620) to work on /opt/airflow/dags/flight-pipeline.py
[2026-05-02T23:24:06.288+0000] {processor.py:830} INFO - Processing file /opt/airflow/dags/flight-pipeline.py for tasks to queue
[2026-05-02T23:24:06.290+0000] {logging_mixin.py:188} INFO - [2026-05-02T23:24:06.289+0000] {dagbag.py:545} INFO - Filling up the DagBag from /opt/airflow/dags/flight-pipeline.py
[2026-05-02T23:24:07.048+0000] {processor.py:840} INFO - DAG(s) 'flights_ops_medallion_pipe' retrieved from /opt/airflow/dags/flight-pipeline.py
[2026-05-02T23:24:07.094+0000] {logging_mixin.py:188} INFO - [2026-05-02T23:24:07.093+0000] {dag.py:3089} INFO - Sync 1 DAGs
[2026-05-02T23:24:07.127+0000] {logging_mixin.py:188} INFO - [2026-05-02T23:24:07.127+0000] {dag.py:3947} INFO - Setting next_dagrun for flights_ops_medallion_pipe to 2026-05-02 23:00:00+00:00, run_after=2026-05-02 23:30:00+00:00
[2026-05-02T23:24:07.148+0000] {processor.py:183} INFO - Processing /opt/airflow/dags/flight-pipeline.py took 0.886 seconds
[2026-05-02T23:24:37.397+0000] {processor.py:161} INFO - Started process (PID=12623) to work on /opt/airflow/dags/flight-pipeline.py
[2026-05-02T23:24:37.414+0000] {processor.py:830} INFO - Processing file /opt/airflow/dags/flight-pipeline.py for tasks to queue
[2026-05-02T23:24:37.415+0000] {logging_mixin.py:188} INFO - [2026-05-02T23:24:37.415+0000] {dagbag.py:545} INFO - Filling up the DagBag from /opt/airflow/dags/flight-pipeline.py
[2026-05-02T23:24:38.180+0000] {processor.py:840} INFO - DAG(s) 'flights_ops_medallion_pipe' retrieved from /opt/airflow/dags/flight-pipeline.py
[2026-05-02T23:24:38.220+0000] {logging_mixin.py:188} INFO - [2026-05-02T23:24:38.220+0000] {dag.py:3089} INFO - Sync 1 DAGs
[2026-05-02T23:24:38.247+0000] {logging_mixin.py:188} INFO - [2026-05-02T23:24:38.247+0000] {dag.py:3947} INFO - Setting next_dagrun for flights_ops_medallion_pipe to 2026-05-02 23:00:00+00:00, run_after=2026-05-02 23:30:00+00:00
[2026-05-02T23:24:38.266+0000] {processor.py:183} INFO - Processing /opt/airflow/dags/flight-pipeline.py took 0.878 seconds
[2026-05-02T23:25:08.536+0000] {processor.py:161} INFO - Started process (PID=12626) to work on /opt/airflow/dags/flight-pipeline.py
[2026-05-02T23:25:08.556+0000] {processor.py:830} INFO - Processing file /opt/airflow/dags/flight-pipeline.py for tasks to queue
[2026-05-02T23:25:08.557+0000] {logging_mixin.py:188} INFO - [2026-05-02T23:25:08.557+0000] {dagbag.py:545} INFO - Filling up the DagBag from /opt/airflow/dags/flight-pipeline.py
[2026-05-02T23:25:09.295+0000] {processor.py:840} INFO - DAG(s) 'flights_ops_medallion_pipe' retrieved from /opt/airflow/dags/flight-pipeline.py
[2026-05-02T23:25:09.333+0000] {logging_mixin.py:188} INFO - [2026-05-02T23:25:09.333+0000] {dag.py:3089} INFO - Sync 1 DAGs
[2026-05-02T23:25:09.361+0000] {logging_mixin.py:188} INFO - [2026-05-02T23:25:09.361+0000] {dag.py:3947} INFO - Setting next_dagrun for flights_ops_medallion_pipe to 2026-05-02 23:00:00+00:00, run_after=2026-05-02 23:30:00+00:00
[2026-05-02T23:25:09.381+0000] {processor.py:183} INFO - Processing /opt/airflow/dags/flight-pipeline.py took 0.855 seconds
[2026-05-02T23:25:39.647+0000] {processor.py:161} INFO - Started process (PID=12629) to work on /opt/airflow/dags/flight-pipeline.py
[2026-05-02T23:25:39.652+0000] {processor.py:830} INFO - Processing file /opt/airflow/dags/flight-pipeline.py for tasks to queue
[2026-05-02T23:25:39.653+0000] {logging_mixin.py:188} INFO - [2026-05-02T23:25:39.653+0000] {dagbag.py:545} INFO - Filling up the DagBag from /opt/airflow/dags/flight-pipeline.py
[2026-05-02T23:25:40.467+0000] {processor.py:840} INFO - DAG(s) 'flights_ops_medallion_pipe' retrieved from /opt/airflow/dags/flight-pipeline.py
[2026-05-02T23:25:40.515+0000] {logging_mixin.py:188} INFO - [2026-05-02T23:25:40.515+0000] {dag.py:3089} INFO - Sync 1 DAGs
[2026-05-02T23:25:40.555+0000] {logging_mixin.py:188} INFO - [2026-05-02T23:25:40.555+0000] {dag.py:3947} INFO - Setting next_dagrun for flights_ops_medallion_pipe to 2026-05-02 23:00:00+00:00, run_after=2026-05-02 23:30:00+00:00
[2026-05-02T23:25:40.580+0000] {processor.py:183} INFO - Processing /opt/airflow/dags/flight-pipeline.py took 0.942 seconds
[2026-05-02T23:26:10.891+0000] {processor.py:161} INFO - Started process (PID=12632) to work on /opt/airflow/dags/flight-pipeline.py
[2026-05-02T23:26:10.898+0000] {processor.py:830} INFO - Processing file /opt/airflow/dags/flight-pipeline.py for tasks to queue
[2026-05-02T23:26:10.906+0000] {logging_mixin.py:188} INFO - [2026-05-02T23:26:10.903+0000] {dagbag.py:545} INFO - Filling up the DagBag from /opt/airflow/dags/flight-pipeline.py
[2026-05-02T23:26:11.870+0000] {processor.py:840} INFO - DAG(s) 'flights_ops_medallion_pipe' retrieved from /opt/airflow/dags/flight-pipeline.py
[2026-05-02T23:26:11.940+0000] {logging_mixin.py:188} INFO - [2026-05-02T23:26:11.939+0000] {dag.py:3089} INFO - Sync 1 DAGs
[2026-05-02T23:26:11.984+0000] {logging_mixin.py:188} INFO - [2026-05-02T23:26:11.984+0000] {dag.py:3947} INFO - Setting next_dagrun for flights_ops_medallion_pipe to 2026-05-02 23:00:00+00:00, run_after=2026-05-02 23:30:00+00:00
[2026-05-02T23:26:12.016+0000] {processor.py:183} INFO - Processing /opt/airflow/dags/flight-pipeline.py took 1.154 seconds
[2026-05-02T23:26:42.154+0000] {processor.py:161} INFO - Started process (PID=12635) to work on /opt/airflow/dags/flight-pipeline.py
[2026-05-02T23:26:42.160+0000] {processor.py:830} INFO - Processing file /opt/airflow/dags/flight-pipeline.py for tasks to queue
[2026-05-02T23:26:42.161+0000] {logging_mixin.py:188} INFO - [2026-05-02T23:26:42.161+0000] {dagbag.py:545} INFO - Filling up the DagBag from /opt/airflow/dags/flight-pipeline.py
[2026-05-02T23:26:42.901+0000] {processor.py:840} INFO - DAG(s) 'flights_ops_medallion_pipe' retrieved from /opt/airflow/dags/flight-pipeline.py
[2026-05-02T23:26:42.942+0000] {logging_mixin.py:188} INFO - [2026-05-02T23:26:42.942+0000] {dag.py:3089} INFO - Sync 1 DAGs
[2026-05-02T23:26:42.972+0000] {logging_mixin.py:188} INFO - [2026-05-02T23:26:42.972+0000] {dag.py:3947} INFO - Setting next_dagrun for flights_ops_medallion_pipe to 2026-05-02 23:00:00+00:00, run_after=2026-05-02 23:30:00+00:00
[2026-05-02T23:26:42.992+0000] {processor.py:183} INFO - Processing /opt/airflow/dags/flight-pipeline.py took 0.847 seconds
[2026-05-02T23:27:13.292+0000] {processor.py:161} INFO - Started process (PID=12638) to work on /opt/airflow/dags/flight-pipeline.py
[2026-05-02T23:27:13.300+0000] {processor.py:830} INFO - Processing file /opt/airflow/dags/flight-pipeline.py for tasks to queue
[2026-05-02T23:27:13.303+0000] {logging_mixin.py:188} INFO - [2026-05-02T23:27:13.302+0000] {dagbag.py:545} INFO - Filling up the DagBag from /opt/airflow/dags/flight-pipeline.py
[2026-05-02T23:27:14.075+0000] {processor.py:840} INFO - DAG(s) 'flights_ops_medallion_pipe' retrieved from /opt/airflow/dags/flight-pipeline.py
[2026-05-02T23:27:14.116+0000] {logging_mixin.py:188} INFO - [2026-05-02T23:27:14.115+0000] {dag.py:3089} INFO - Sync 1 DAGs
[2026-05-02T23:27:14.148+0000] {logging_mixin.py:188} INFO - [2026-05-02T23:27:14.148+0000] {dag.py:3947} INFO - Setting next_dagrun for flights_ops_medallion_pipe to 2026-05-02 23:00:00+00:00, run_after=2026-05-02 23:30:00+00:00
[2026-05-02T23:27:14.169+0000] {processor.py:183} INFO - Processing /opt/airflow/dags/flight-pipeline.py took 0.888 seconds
[2026-05-02T23:27:44.451+0000] {processor.py:161} INFO - Started process (PID=12641) to work on /opt/airflow/dags/flight-pipeline.py
[2026-05-02T23:27:44.472+0000] {processor.py:830} INFO - Processing file /opt/airflow/dags/flight-pipeline.py for tasks to queue
[2026-05-02T23:27:44.473+0000] {logging_mixin.py:188} INFO - [2026-05-02T23:27:44.473+0000] {dagbag.py:545} INFO - Filling up the DagBag from /opt/airflow/dags/flight-pipeline.py
[2026-05-02T23:27:45.244+0000] {processor.py:840} INFO - DAG(s) 'flights_ops_medallion_pipe' retrieved from /opt/airflow/dags/flight-pipeline.py
[2026-05-02T23:27:45.280+0000] {logging_mixin.py:188} INFO - [2026-05-02T23:27:45.279+0000] {dag.py:3089} INFO - Sync 1 DAGs
[2026-05-02T23:27:45.323+0000] {logging_mixin.py:188} INFO - [2026-05-02T23:27:45.323+0000] {dag.py:3947} INFO - Setting next_dagrun for flights_ops_medallion_pipe to 2026-05-02 23:00:00+00:00, run_after=2026-05-02 23:30:00+00:00
[2026-05-02T23:27:45.346+0000] {processor.py:183} INFO - Processing /opt/airflow/dags/flight-pipeline.py took 0.904 seconds
[2026-05-02T23:28:15.654+0000] {processor.py:161} INFO - Started process (PID=12644) to work on /opt/airflow/dags/flight-pipeline.py
[2026-05-02T23:28:15.665+0000] {processor.py:830} INFO - Processing file /opt/airflow/dags/flight-pipeline.py for tasks to queue
[2026-05-02T23:28:15.669+0000] {logging_mixin.py:188} INFO - [2026-05-02T23:28:15.666+0000] {dagbag.py:545} INFO - Filling up the DagBag from /opt/airflow/dags/flight-pipeline.py
[2026-05-02T23:28:16.451+0000] {processor.py:840} INFO - DAG(s) 'flights_ops_medallion_pipe' retrieved from /opt/airflow/dags/flight-pipeline.py
[2026-05-02T23:28:16.493+0000] {logging_mixin.py:188} INFO - [2026-05-02T23:28:16.493+0000] {dag.py:3089} INFO - Sync 1 DAGs
[2026-05-02T23:28:16.518+0000] {logging_mixin.py:188} INFO - [2026-05-02T23:28:16.517+0000] {dag.py:3947} INFO - Setting next_dagrun for flights_ops_medallion_pipe to 2026-05-02 23:00:00+00:00, run_after=2026-05-02 23:30:00+00:00
[2026-05-02T23:28:16.537+0000] {processor.py:183} INFO - Processing /opt/airflow/dags/flight-pipeline.py took 0.903 seconds
[2026-05-02T23:28:46.807+0000] {processor.py:161} INFO - Started process (PID=12647) to work on /opt/airflow/dags/flight-pipeline.py
[2026-05-02T23:28:46.812+0000] {processor.py:830} INFO - Processing file /opt/airflow/dags/flight-pipeline.py for tasks to queue
[2026-05-02T23:28:46.813+0000] {logging_mixin.py:188} INFO - [2026-05-02T23:28:46.813+0000] {dagbag.py:545} INFO - Filling up the DagBag from /opt/airflow/dags/flight-pipeline.py
[2026-05-02T23:28:47.717+0000] {processor.py:840} INFO - DAG(s) 'flights_ops_medallion_pipe' retrieved from /opt/airflow/dags/flight-pipeline.py
[2026-05-02T23:28:47.761+0000] {logging_mixin.py:188} INFO - [2026-05-02T23:28:47.760+0000] {dag.py:3089} INFO - Sync 1 DAGs
[2026-05-02T23:28:47.787+0000] {logging_mixin.py:188} INFO - [2026-05-02T23:28:47.787+0000] {dag.py:3947} INFO - Setting next_dagrun for flights_ops_medallion_pipe to 2026-05-02 23:00:00+00:00, run_after=2026-05-02 23:30:00+00:00
[2026-05-02T23:28:47.806+0000] {processor.py:183} INFO - Processing /opt/airflow/dags/flight-pipeline.py took 1.009 seconds
[2026-05-02T23:29:18.121+0000] {processor.py:161} INFO - Started process (PID=12650) to work on /opt/airflow/dags/flight-pipeline.py
[2026-05-02T23:29:18.144+0000] {processor.py:830} INFO - Processing file /opt/airflow/dags/flight-pipeline.py for tasks to queue
[2026-05-02T23:29:18.145+0000] {logging_mixin.py:188} INFO - [2026-05-02T23:29:18.145+0000] {dagbag.py:545} INFO - Filling up the DagBag from /opt/airflow/dags/flight-pipeline.py
[2026-05-02T23:29:18.849+0000] {processor.py:840} INFO - DAG(s) 'flights_ops_medallion_pipe' retrieved from /opt/airflow/dags/flight-pipeline.py
[2026-05-02T23:29:18.887+0000] {logging_mixin.py:188} INFO - [2026-05-02T23:29:18.886+0000] {dag.py:3089} INFO - Sync 1 DAGs
[2026-05-02T23:29:18.913+0000] {logging_mixin.py:188} INFO - [2026-05-02T23:29:18.912+0000] {dag.py:3947} INFO - Setting next_dagrun for flights_ops_medallion_pipe to 2026-05-02 23:00:00+00:00, run_after=2026-05-02 23:30:00+00:00
[2026-05-02T23:29:18.934+0000] {processor.py:183} INFO - Processing /opt/airflow/dags/flight-pipeline.py took 0.822 seconds
[2026-05-02T23:29:49.200+0000] {processor.py:161} INFO - Started process (PID=12653) to work on /opt/airflow/dags/flight-pipeline.py
[2026-05-02T23:29:49.205+0000] {processor.py:830} INFO - Processing file /opt/airflow/dags/flight-pipeline.py for tasks to queue
[2026-05-02T23:29:49.206+0000] {logging_mixin.py:188} INFO - [2026-05-02T23:29:49.206+0000] {dagbag.py:545} INFO - Filling up the DagBag from /opt/airflow/dags/flight-pipeline.py
[2026-05-02T23:29:49.947+0000] {processor.py:840} INFO - DAG(s) 'flights_ops_medallion_pipe' retrieved from /opt/airflow/dags/flight-pipeline.py
[2026-05-02T23:29:49.985+0000] {logging_mixin.py:188} INFO - [2026-05-02T23:29:49.984+0000] {dag.py:3089} INFO - Sync 1 DAGs
[2026-05-02T23:29:50.011+0000] {logging_mixin.py:188} INFO - [2026-05-02T23:29:50.011+0000] {dag.py:3947} INFO - Setting next_dagrun for flights_ops_medallion_pipe to 2026-05-02 23:00:00+00:00, run_after=2026-05-02 23:30:00+00:00
[2026-05-02T23:29:50.032+0000] {processor.py:183} INFO - Processing /opt/airflow/dags/flight-pipeline.py took 0.841 seconds
[2026-05-02T23:30:20.288+0000] {processor.py:161} INFO - Started process (PID=12679) to work on /opt/airflow/dags/flight-pipeline.py
[2026-05-02T23:30:20.297+0000] {processor.py:830} INFO - Processing file /opt/airflow/dags/flight-pipeline.py for tasks to queue
[2026-05-02T23:30:20.299+0000] {logging_mixin.py:188} INFO - [2026-05-02T23:30:20.298+0000] {dagbag.py:545} INFO - Filling up the DagBag from /opt/airflow/dags/flight-pipeline.py
[2026-05-02T23:30:21.837+0000] {processor.py:840} INFO - DAG(s) 'flights_ops_medallion_pipe' retrieved from /opt/airflow/dags/flight-pipeline.py
[2026-05-02T23:30:21.915+0000] {logging_mixin.py:188} INFO - [2026-05-02T23:30:21.913+0000] {dag.py:3089} INFO - Sync 1 DAGs
[2026-05-02T23:30:21.965+0000] {logging_mixin.py:188} INFO - [2026-05-02T23:30:21.964+0000] {dag.py:3947} INFO - Setting next_dagrun for flights_ops_medallion_pipe to 2026-05-02 23:30:00+00:00, run_after=2026-05-03 00:00:00+00:00
[2026-05-02T23:30:22.006+0000] {processor.py:183} INFO - Processing /opt/airflow/dags/flight-pipeline.py took 1.733 seconds
[2026-05-02T23:30:52.288+0000] {processor.py:161} INFO - Started process (PID=12703) to work on /opt/airflow/dags/flight-pipeline.py
[2026-05-02T23:30:52.293+0000] {processor.py:830} INFO - Processing file /opt/airflow/dags/flight-pipeline.py for tasks to queue
[2026-05-02T23:30:52.294+0000] {logging_mixin.py:188} INFO - [2026-05-02T23:30:52.294+0000] {dagbag.py:545} INFO - Filling up the DagBag from /opt/airflow/dags/flight-pipeline.py
[2026-05-02T23:30:53.312+0000] {processor.py:840} INFO - DAG(s) 'flights_ops_medallion_pipe' retrieved from /opt/airflow/dags/flight-pipeline.py
[2026-05-02T23:30:53.389+0000] {logging_mixin.py:188} INFO - [2026-05-02T23:30:53.388+0000] {dag.py:3089} INFO - Sync 1 DAGs
[2026-05-02T23:30:53.467+0000] {logging_mixin.py:188} INFO - [2026-05-02T23:30:53.467+0000] {dag.py:3947} INFO - Setting next_dagrun for flights_ops_medallion_pipe to 2026-05-02 23:30:00+00:00, run_after=2026-05-03 00:00:00+00:00
[2026-05-02T23:30:53.496+0000] {processor.py:183} INFO - Processing /opt/airflow/dags/flight-pipeline.py took 1.229 seconds
[2026-05-02T23:33:07.519+0000] {processor.py:161} INFO - Started process (PID=12706) to work on /opt/airflow/dags/flight-pipeline.py
[2026-05-02T23:33:07.531+0000] {processor.py:830} INFO - Processing file /opt/airflow/dags/flight-pipeline.py for tasks to queue
[2026-05-02T23:33:07.537+0000] {logging_mixin.py:188} INFO - [2026-05-02T23:33:07.534+0000] {dagbag.py:545} INFO - Filling up the DagBag from /opt/airflow/dags/flight-pipeline.py
[2026-05-02T23:33:10.344+0000] {processor.py:840} INFO - DAG(s) 'flights_ops_medallion_pipe' retrieved from /opt/airflow/dags/flight-pipeline.py
[2026-05-02T23:33:10.947+0000] {logging_mixin.py:188} INFO - [2026-05-02T23:33:10.938+0000] {dag.py:3089} INFO - Sync 1 DAGs
[2026-05-02T23:33:11.142+0000] {logging_mixin.py:188} INFO - [2026-05-02T23:33:11.141+0000] {dag.py:3947} INFO - Setting next_dagrun for flights_ops_medallion_pipe to 2026-05-02 23:30:00+00:00, run_after=2026-05-03 00:00:00+00:00
[2026-05-02T23:33:11.399+0000] {processor.py:183} INFO - Processing /opt/airflow/dags/flight-pipeline.py took 3.923 seconds
[2026-05-02T23:33:43.800+0000] {processor.py:161} INFO - Started process (PID=12710) to work on /opt/airflow/dags/flight-pipeline.py
[2026-05-02T23:33:43.928+0000] {processor.py:830} INFO - Processing file /opt/airflow/dags/flight-pipeline.py for tasks to queue
[2026-05-02T23:33:43.971+0000] {logging_mixin.py:188} INFO - [2026-05-02T23:33:43.948+0000] {dagbag.py:545} INFO - Filling up the DagBag from /opt/airflow/dags/flight-pipeline.py
[2026-05-02T23:34:12.650+0000] {processor.py:840} INFO - DAG(s) 'flights_ops_medallion_pipe' retrieved from /opt/airflow/dags/flight-pipeline.py
[2026-05-02T23:34:13.348+0000] {logging_mixin.py:188} INFO - [2026-05-02T23:34:13.340+0000] {dag.py:3089} INFO - Sync 1 DAGs
[2026-05-02T23:34:13.846+0000] {logging_mixin.py:188} INFO - [2026-05-02T23:34:13.844+0000] {dag.py:3947} INFO - Setting next_dagrun for flights_ops_medallion_pipe to 2026-05-02 23:30:00+00:00, run_after=2026-05-03 00:00:00+00:00
[2026-05-02T23:34:14.189+0000] {processor.py:183} INFO - Processing /opt/airflow/dags/flight-pipeline.py took 31.823 seconds
[2026-05-02T23:53:44.513+0000] {processor.py:161} INFO - Started process (PID=12714) to work on /opt/airflow/dags/flight-pipeline.py
[2026-05-02T23:53:44.644+0000] {processor.py:830} INFO - Processing file /opt/airflow/dags/flight-pipeline.py for tasks to queue
[2026-05-02T23:53:44.701+0000] {logging_mixin.py:188} INFO - [2026-05-02T23:53:44.692+0000] {dagbag.py:545} INFO - Filling up the DagBag from /opt/airflow/dags/flight-pipeline.py
[2026-05-02T23:53:46.759+0000] {processor.py:840} INFO - DAG(s) 'flights_ops_medallion_pipe' retrieved from /opt/airflow/dags/flight-pipeline.py
[2026-05-02T23:53:46.872+0000] {logging_mixin.py:188} INFO - [2026-05-02T23:53:46.871+0000] {dag.py:3089} INFO - Sync 1 DAGs
[2026-05-02T23:53:46.999+0000] {logging_mixin.py:188} INFO - [2026-05-02T23:53:46.997+0000] {dag.py:3947} INFO - Setting next_dagrun for flights_ops_medallion_pipe to 2026-05-02 23:30:00+00:00, run_after=2026-05-03 00:00:00+00:00
[2026-05-02T23:53:47.071+0000] {processor.py:183} INFO - Processing /opt/airflow/dags/flight-pipeline.py took 2.683 seconds
[2026-05-02T23:54:17.640+0000] {processor.py:161} INFO - Started process (PID=12717) to work on /opt/airflow/dags/flight-pipeline.py
[2026-05-02T23:54:17.697+0000] {processor.py:830} INFO - Processing file /opt/airflow/dags/flight-pipeline.py for tasks to queue
[2026-05-02T23:54:17.717+0000] {logging_mixin.py:188} INFO - [2026-05-02T23:54:17.711+0000] {dagbag.py:545} INFO - Filling up the DagBag from /opt/airflow/dags/flight-pipeline.py
[2026-05-02T23:54:35.343+0000] {processor.py:840} INFO - DAG(s) 'flights_ops_medallion_pipe' retrieved from /opt/airflow/dags/flight-pipeline.py
[2026-05-02T23:54:35.889+0000] {logging_mixin.py:188} INFO - [2026-05-02T23:54:35.882+0000] {dag.py:3089} INFO - Sync 1 DAGs
[2026-05-02T23:54:36.332+0000] {logging_mixin.py:188} INFO - [2026-05-02T23:54:36.330+0000] {dag.py:3947} INFO - Setting next_dagrun for flights_ops_medallion_pipe to 2026-05-02 23:30:00+00:00, run_after=2026-05-03 00:00:00+00:00
[2026-05-02T23:54:36.565+0000] {processor.py:183} INFO - Processing /opt/airflow/dags/flight-pipeline.py took 19.081 seconds
