[2026-04-27T00:09:41.291+0000] {processor.py:161} INFO - Started process (PID=1918) to work on /opt/airflow/dags/flight-pipeline.py
[2026-04-27T00:09:41.292+0000] {processor.py:830} INFO - Processing file /opt/airflow/dags/flight-pipeline.py for tasks to queue
[2026-04-27T00:09:41.296+0000] {logging_mixin.py:188} INFO - [2026-04-27T00:09:41.295+0000] {dagbag.py:545} INFO - Filling up the DagBag from /opt/airflow/dags/flight-pipeline.py
[2026-04-27T00:09:42.207+0000] {logging_mixin.py:188} INFO - [2026-04-27T00:09:42.202+0000] {dagbag.py:355} ERROR - Failed to import: /opt/airflow/dags/flight-pipeline.py
Traceback (most recent call last):
  File "/home/airflow/.local/lib/python3.12/site-packages/airflow/models/dagbag.py", line 351, in parse
    loader.exec_module(new_module)
  File "<frozen importlib._bootstrap_external>", line 995, in exec_module
  File "<frozen importlib._bootstrap>", line 488, in _call_with_frames_removed
  File "/opt/airflow/dags/flight-pipeline.py", line 15, in <module>
    from scripts.snowflake_implement import snowflake_load
ModuleNotFoundError: No module named 'scripts.snowflake_implement'
[2026-04-27T00:09:42.209+0000] {processor.py:842} WARNING - No viable dags retrieved from /opt/airflow/dags/flight-pipeline.py
[2026-04-27T00:09:42.238+0000] {processor.py:183} INFO - Processing /opt/airflow/dags/flight-pipeline.py took 0.960 seconds
[2026-04-27T00:58:16.316+0000] {processor.py:161} INFO - Started process (PID=1922) to work on /opt/airflow/dags/flight-pipeline.py
[2026-04-27T00:58:16.318+0000] {processor.py:830} INFO - Processing file /opt/airflow/dags/flight-pipeline.py for tasks to queue
[2026-04-27T00:58:16.325+0000] {logging_mixin.py:188} INFO - [2026-04-27T00:58:16.325+0000] {dagbag.py:545} INFO - Filling up the DagBag from /opt/airflow/dags/flight-pipeline.py
[2026-04-27T00:58:17.087+0000] {logging_mixin.py:188} INFO - [2026-04-27T00:58:17.084+0000] {dagbag.py:355} ERROR - Failed to import: /opt/airflow/dags/flight-pipeline.py
Traceback (most recent call last):
  File "/home/airflow/.local/lib/python3.12/site-packages/airflow/models/dagbag.py", line 351, in parse
    loader.exec_module(new_module)
  File "<frozen importlib._bootstrap_external>", line 995, in exec_module
  File "<frozen importlib._bootstrap>", line 488, in _call_with_frames_removed
  File "/opt/airflow/dags/flight-pipeline.py", line 15, in <module>
    from scripts.snowflake_implement import snowflake_load
ModuleNotFoundError: No module named 'scripts.snowflake_implement'
[2026-04-27T00:58:17.087+0000] {processor.py:842} WARNING - No viable dags retrieved from /opt/airflow/dags/flight-pipeline.py
[2026-04-27T00:58:17.112+0000] {processor.py:183} INFO - Processing /opt/airflow/dags/flight-pipeline.py took 0.805 seconds
[2026-04-27T01:59:25.239+0000] {processor.py:161} INFO - Started process (PID=1924) to work on /opt/airflow/dags/flight-pipeline.py
[2026-04-27T01:59:25.244+0000] {processor.py:830} INFO - Processing file /opt/airflow/dags/flight-pipeline.py for tasks to queue
[2026-04-27T01:59:25.261+0000] {logging_mixin.py:188} INFO - [2026-04-27T01:59:25.258+0000] {dagbag.py:545} INFO - Filling up the DagBag from /opt/airflow/dags/flight-pipeline.py
[2026-04-27T01:59:28.153+0000] {logging_mixin.py:188} INFO - [2026-04-27T01:59:28.150+0000] {dagbag.py:355} ERROR - Failed to import: /opt/airflow/dags/flight-pipeline.py
Traceback (most recent call last):
  File "/home/airflow/.local/lib/python3.12/site-packages/airflow/models/dagbag.py", line 351, in parse
    loader.exec_module(new_module)
  File "<frozen importlib._bootstrap_external>", line 995, in exec_module
  File "<frozen importlib._bootstrap>", line 488, in _call_with_frames_removed
  File "/opt/airflow/dags/flight-pipeline.py", line 15, in <module>
    from scripts.snowflake_implement import snowflake_load
ModuleNotFoundError: No module named 'scripts.snowflake_implement'
[2026-04-27T01:59:28.154+0000] {processor.py:842} WARNING - No viable dags retrieved from /opt/airflow/dags/flight-pipeline.py
[2026-04-27T01:59:28.191+0000] {processor.py:183} INFO - Processing /opt/airflow/dags/flight-pipeline.py took 3.010 seconds
[2026-04-27T03:00:28.075+0000] {processor.py:161} INFO - Started process (PID=1926) to work on /opt/airflow/dags/flight-pipeline.py
[2026-04-27T03:00:28.089+0000] {processor.py:830} INFO - Processing file /opt/airflow/dags/flight-pipeline.py for tasks to queue
[2026-04-27T03:00:28.122+0000] {logging_mixin.py:188} INFO - [2026-04-27T03:00:28.118+0000] {dagbag.py:545} INFO - Filling up the DagBag from /opt/airflow/dags/flight-pipeline.py
[2026-04-27T03:00:29.871+0000] {logging_mixin.py:188} INFO - [2026-04-27T03:00:29.868+0000] {dagbag.py:355} ERROR - Failed to import: /opt/airflow/dags/flight-pipeline.py
Traceback (most recent call last):
  File "/home/airflow/.local/lib/python3.12/site-packages/airflow/models/dagbag.py", line 351, in parse
    loader.exec_module(new_module)
  File "<frozen importlib._bootstrap_external>", line 995, in exec_module
  File "<frozen importlib._bootstrap>", line 488, in _call_with_frames_removed
  File "/opt/airflow/dags/flight-pipeline.py", line 15, in <module>
    from scripts.snowflake_implement import snowflake_load
ModuleNotFoundError: No module named 'scripts.snowflake_implement'
[2026-04-27T03:00:29.872+0000] {processor.py:842} WARNING - No viable dags retrieved from /opt/airflow/dags/flight-pipeline.py
[2026-04-27T03:00:29.910+0000] {processor.py:183} INFO - Processing /opt/airflow/dags/flight-pipeline.py took 1.902 seconds
[2026-04-27T04:01:33.991+0000] {processor.py:161} INFO - Started process (PID=1928) to work on /opt/airflow/dags/flight-pipeline.py
[2026-04-27T04:01:33.997+0000] {processor.py:830} INFO - Processing file /opt/airflow/dags/flight-pipeline.py for tasks to queue
[2026-04-27T04:01:34.042+0000] {logging_mixin.py:188} INFO - [2026-04-27T04:01:34.037+0000] {dagbag.py:545} INFO - Filling up the DagBag from /opt/airflow/dags/flight-pipeline.py
[2026-04-27T04:01:35.917+0000] {logging_mixin.py:188} INFO - [2026-04-27T04:01:35.913+0000] {dagbag.py:355} ERROR - Failed to import: /opt/airflow/dags/flight-pipeline.py
Traceback (most recent call last):
  File "/home/airflow/.local/lib/python3.12/site-packages/airflow/models/dagbag.py", line 351, in parse
    loader.exec_module(new_module)
  File "<frozen importlib._bootstrap_external>", line 995, in exec_module
  File "<frozen importlib._bootstrap>", line 488, in _call_with_frames_removed
  File "/opt/airflow/dags/flight-pipeline.py", line 15, in <module>
    from scripts.snowflake_implement import snowflake_load
ModuleNotFoundError: No module named 'scripts.snowflake_implement'
[2026-04-27T04:01:35.920+0000] {processor.py:842} WARNING - No viable dags retrieved from /opt/airflow/dags/flight-pipeline.py
[2026-04-27T04:01:35.978+0000] {processor.py:183} INFO - Processing /opt/airflow/dags/flight-pipeline.py took 2.137 seconds
[2026-04-27T04:35:46.425+0000] {processor.py:161} INFO - Started process (PID=1930) to work on /opt/airflow/dags/flight-pipeline.py
[2026-04-27T04:35:46.429+0000] {processor.py:830} INFO - Processing file /opt/airflow/dags/flight-pipeline.py for tasks to queue
[2026-04-27T04:35:46.475+0000] {logging_mixin.py:188} INFO - [2026-04-27T04:35:46.472+0000] {dagbag.py:545} INFO - Filling up the DagBag from /opt/airflow/dags/flight-pipeline.py
[2026-04-27T04:35:49.706+0000] {logging_mixin.py:188} INFO - [2026-04-27T04:35:49.700+0000] {dagbag.py:355} ERROR - Failed to import: /opt/airflow/dags/flight-pipeline.py
Traceback (most recent call last):
  File "/home/airflow/.local/lib/python3.12/site-packages/airflow/models/dagbag.py", line 351, in parse
    loader.exec_module(new_module)
  File "<frozen importlib._bootstrap_external>", line 995, in exec_module
  File "<frozen importlib._bootstrap>", line 488, in _call_with_frames_removed
  File "/opt/airflow/dags/flight-pipeline.py", line 15, in <module>
    from scripts.snowflake_implement import snowflake_load
ModuleNotFoundError: No module named 'scripts.snowflake_implement'
[2026-04-27T04:35:49.708+0000] {processor.py:842} WARNING - No viable dags retrieved from /opt/airflow/dags/flight-pipeline.py
[2026-04-27T04:35:49.781+0000] {processor.py:183} INFO - Processing /opt/airflow/dags/flight-pipeline.py took 3.405 seconds
[2026-04-27T04:36:19.912+0000] {processor.py:161} INFO - Started process (PID=1932) to work on /opt/airflow/dags/flight-pipeline.py
[2026-04-27T04:36:19.921+0000] {processor.py:830} INFO - Processing file /opt/airflow/dags/flight-pipeline.py for tasks to queue
[2026-04-27T04:36:19.934+0000] {logging_mixin.py:188} INFO - [2026-04-27T04:36:19.933+0000] {dagbag.py:545} INFO - Filling up the DagBag from /opt/airflow/dags/flight-pipeline.py
[2026-04-27T04:36:20.538+0000] {logging_mixin.py:188} INFO - [2026-04-27T04:36:20.536+0000] {dagbag.py:355} ERROR - Failed to import: /opt/airflow/dags/flight-pipeline.py
Traceback (most recent call last):
  File "/home/airflow/.local/lib/python3.12/site-packages/airflow/models/dagbag.py", line 351, in parse
    loader.exec_module(new_module)
  File "<frozen importlib._bootstrap_external>", line 995, in exec_module
  File "<frozen importlib._bootstrap>", line 488, in _call_with_frames_removed
  File "/opt/airflow/dags/flight-pipeline.py", line 15, in <module>
    from scripts.snowflake_implement import snowflake_load
ModuleNotFoundError: No module named 'scripts.snowflake_implement'
[2026-04-27T04:36:20.539+0000] {processor.py:842} WARNING - No viable dags retrieved from /opt/airflow/dags/flight-pipeline.py
[2026-04-27T04:36:20.562+0000] {processor.py:183} INFO - Processing /opt/airflow/dags/flight-pipeline.py took 0.687 seconds
[2026-04-27T06:36:22.955+0000] {processor.py:161} INFO - Started process (PID=1936) to work on /opt/airflow/dags/flight-pipeline.py
[2026-04-27T06:36:22.957+0000] {processor.py:830} INFO - Processing file /opt/airflow/dags/flight-pipeline.py for tasks to queue
[2026-04-27T06:36:22.961+0000] {logging_mixin.py:188} INFO - [2026-04-27T06:36:22.960+0000] {dagbag.py:545} INFO - Filling up the DagBag from /opt/airflow/dags/flight-pipeline.py
[2026-04-27T06:36:24.252+0000] {logging_mixin.py:188} INFO - [2026-04-27T06:36:24.249+0000] {dagbag.py:355} ERROR - Failed to import: /opt/airflow/dags/flight-pipeline.py
Traceback (most recent call last):
  File "/home/airflow/.local/lib/python3.12/site-packages/airflow/models/dagbag.py", line 351, in parse
    loader.exec_module(new_module)
  File "<frozen importlib._bootstrap_external>", line 995, in exec_module
  File "<frozen importlib._bootstrap>", line 488, in _call_with_frames_removed
  File "/opt/airflow/dags/flight-pipeline.py", line 15, in <module>
    from scripts.snowflake_implement import snowflake_load
ModuleNotFoundError: No module named 'scripts.snowflake_implement'
[2026-04-27T06:36:24.253+0000] {processor.py:842} WARNING - No viable dags retrieved from /opt/airflow/dags/flight-pipeline.py
[2026-04-27T06:36:24.290+0000] {processor.py:183} INFO - Processing /opt/airflow/dags/flight-pipeline.py took 1.362 seconds
[2026-04-27T06:37:30.234+0000] {processor.py:161} INFO - Started process (PID=1939) to work on /opt/airflow/dags/flight-pipeline.py
[2026-04-27T06:37:30.236+0000] {processor.py:830} INFO - Processing file /opt/airflow/dags/flight-pipeline.py for tasks to queue
[2026-04-27T06:37:30.247+0000] {logging_mixin.py:188} INFO - [2026-04-27T06:37:30.245+0000] {dagbag.py:545} INFO - Filling up the DagBag from /opt/airflow/dags/flight-pipeline.py
[2026-04-27T06:37:31.149+0000] {logging_mixin.py:188} INFO - [2026-04-27T06:37:31.146+0000] {dagbag.py:355} ERROR - Failed to import: /opt/airflow/dags/flight-pipeline.py
Traceback (most recent call last):
  File "/home/airflow/.local/lib/python3.12/site-packages/airflow/models/dagbag.py", line 351, in parse
    loader.exec_module(new_module)
  File "<frozen importlib._bootstrap_external>", line 995, in exec_module
  File "<frozen importlib._bootstrap>", line 488, in _call_with_frames_removed
  File "/opt/airflow/dags/flight-pipeline.py", line 15, in <module>
    from scripts.snowflake_implement import snowflake_load
ModuleNotFoundError: No module named 'scripts.snowflake_implement'
[2026-04-27T06:37:31.150+0000] {processor.py:842} WARNING - No viable dags retrieved from /opt/airflow/dags/flight-pipeline.py
[2026-04-27T06:37:31.177+0000] {processor.py:183} INFO - Processing /opt/airflow/dags/flight-pipeline.py took 0.956 seconds
[2026-04-27T07:36:34.000+0000] {processor.py:161} INFO - Started process (PID=1945) to work on /opt/airflow/dags/flight-pipeline.py
[2026-04-27T07:36:34.004+0000] {processor.py:830} INFO - Processing file /opt/airflow/dags/flight-pipeline.py for tasks to queue
[2026-04-27T07:36:34.008+0000] {logging_mixin.py:188} INFO - [2026-04-27T07:36:34.007+0000] {dagbag.py:545} INFO - Filling up the DagBag from /opt/airflow/dags/flight-pipeline.py
[2026-04-27T07:36:35.431+0000] {logging_mixin.py:188} INFO - [2026-04-27T07:36:35.418+0000] {dagbag.py:355} ERROR - Failed to import: /opt/airflow/dags/flight-pipeline.py
Traceback (most recent call last):
  File "/home/airflow/.local/lib/python3.12/site-packages/airflow/models/dagbag.py", line 351, in parse
    loader.exec_module(new_module)
  File "<frozen importlib._bootstrap_external>", line 995, in exec_module
  File "<frozen importlib._bootstrap>", line 488, in _call_with_frames_removed
  File "/opt/airflow/dags/flight-pipeline.py", line 15, in <module>
    from scripts.snowflake_implement import snowflake_load
ModuleNotFoundError: No module named 'scripts.snowflake_implement'
[2026-04-27T07:36:35.434+0000] {processor.py:842} WARNING - No viable dags retrieved from /opt/airflow/dags/flight-pipeline.py
[2026-04-27T07:36:35.544+0000] {processor.py:183} INFO - Processing /opt/airflow/dags/flight-pipeline.py took 1.562 seconds
[2026-04-27T08:22:54.704+0000] {processor.py:161} INFO - Started process (PID=1947) to work on /opt/airflow/dags/flight-pipeline.py
[2026-04-27T08:22:54.709+0000] {processor.py:830} INFO - Processing file /opt/airflow/dags/flight-pipeline.py for tasks to queue
[2026-04-27T08:22:54.720+0000] {logging_mixin.py:188} INFO - [2026-04-27T08:22:54.719+0000] {dagbag.py:545} INFO - Filling up the DagBag from /opt/airflow/dags/flight-pipeline.py
[2026-04-27T08:22:56.125+0000] {logging_mixin.py:188} INFO - [2026-04-27T08:22:56.123+0000] {dagbag.py:355} ERROR - Failed to import: /opt/airflow/dags/flight-pipeline.py
Traceback (most recent call last):
  File "/home/airflow/.local/lib/python3.12/site-packages/airflow/models/dagbag.py", line 351, in parse
    loader.exec_module(new_module)
  File "<frozen importlib._bootstrap_external>", line 995, in exec_module
  File "<frozen importlib._bootstrap>", line 488, in _call_with_frames_removed
  File "/opt/airflow/dags/flight-pipeline.py", line 15, in <module>
    from scripts.snowflake_implement import snowflake_load
ModuleNotFoundError: No module named 'scripts.snowflake_implement'
[2026-04-27T08:22:56.126+0000] {processor.py:842} WARNING - No viable dags retrieved from /opt/airflow/dags/flight-pipeline.py
[2026-04-27T08:22:56.157+0000] {processor.py:183} INFO - Processing /opt/airflow/dags/flight-pipeline.py took 1.480 seconds
[2026-04-27T10:23:08.971+0000] {processor.py:161} INFO - Started process (PID=1949) to work on /opt/airflow/dags/flight-pipeline.py
[2026-04-27T10:23:08.978+0000] {processor.py:830} INFO - Processing file /opt/airflow/dags/flight-pipeline.py for tasks to queue
[2026-04-27T10:23:08.992+0000] {logging_mixin.py:188} INFO - [2026-04-27T10:23:08.991+0000] {dagbag.py:545} INFO - Filling up the DagBag from /opt/airflow/dags/flight-pipeline.py
[2026-04-27T10:23:10.604+0000] {logging_mixin.py:188} INFO - [2026-04-27T10:23:10.601+0000] {dagbag.py:355} ERROR - Failed to import: /opt/airflow/dags/flight-pipeline.py
Traceback (most recent call last):
  File "/home/airflow/.local/lib/python3.12/site-packages/airflow/models/dagbag.py", line 351, in parse
    loader.exec_module(new_module)
  File "<frozen importlib._bootstrap_external>", line 995, in exec_module
  File "<frozen importlib._bootstrap>", line 488, in _call_with_frames_removed
  File "/opt/airflow/dags/flight-pipeline.py", line 15, in <module>
    from scripts.snowflake_implement import snowflake_load
ModuleNotFoundError: No module named 'scripts.snowflake_implement'
[2026-04-27T10:23:10.605+0000] {processor.py:842} WARNING - No viable dags retrieved from /opt/airflow/dags/flight-pipeline.py
[2026-04-27T10:23:10.648+0000] {processor.py:183} INFO - Processing /opt/airflow/dags/flight-pipeline.py took 1.746 seconds
[2026-04-27T10:34:00.120+0000] {processor.py:161} INFO - Started process (PID=1951) to work on /opt/airflow/dags/flight-pipeline.py
[2026-04-27T10:34:00.126+0000] {processor.py:830} INFO - Processing file /opt/airflow/dags/flight-pipeline.py for tasks to queue
[2026-04-27T10:34:00.142+0000] {logging_mixin.py:188} INFO - [2026-04-27T10:34:00.140+0000] {dagbag.py:545} INFO - Filling up the DagBag from /opt/airflow/dags/flight-pipeline.py
[2026-04-27T10:34:01.998+0000] {logging_mixin.py:188} INFO - [2026-04-27T10:34:01.993+0000] {dagbag.py:355} ERROR - Failed to import: /opt/airflow/dags/flight-pipeline.py
Traceback (most recent call last):
  File "/home/airflow/.local/lib/python3.12/site-packages/airflow/models/dagbag.py", line 351, in parse
    loader.exec_module(new_module)
  File "<frozen importlib._bootstrap_external>", line 995, in exec_module
  File "<frozen importlib._bootstrap>", line 488, in _call_with_frames_removed
  File "/opt/airflow/dags/flight-pipeline.py", line 15, in <module>
    from scripts.snowflake_implement import snowflake_load
ModuleNotFoundError: No module named 'scripts.snowflake_implement'
[2026-04-27T10:34:02.000+0000] {processor.py:842} WARNING - No viable dags retrieved from /opt/airflow/dags/flight-pipeline.py
[2026-04-27T10:34:02.087+0000] {processor.py:183} INFO - Processing /opt/airflow/dags/flight-pipeline.py took 2.032 seconds
[2026-04-27T12:34:16.634+0000] {processor.py:161} INFO - Started process (PID=1953) to work on /opt/airflow/dags/flight-pipeline.py
[2026-04-27T12:34:16.638+0000] {processor.py:830} INFO - Processing file /opt/airflow/dags/flight-pipeline.py for tasks to queue
[2026-04-27T12:34:16.669+0000] {logging_mixin.py:188} INFO - [2026-04-27T12:34:16.662+0000] {dagbag.py:545} INFO - Filling up the DagBag from /opt/airflow/dags/flight-pipeline.py
[2026-04-27T12:34:18.595+0000] {logging_mixin.py:188} INFO - [2026-04-27T12:34:18.593+0000] {dagbag.py:355} ERROR - Failed to import: /opt/airflow/dags/flight-pipeline.py
Traceback (most recent call last):
  File "/home/airflow/.local/lib/python3.12/site-packages/airflow/models/dagbag.py", line 351, in parse
    loader.exec_module(new_module)
  File "<frozen importlib._bootstrap_external>", line 995, in exec_module
  File "<frozen importlib._bootstrap>", line 488, in _call_with_frames_removed
  File "/opt/airflow/dags/flight-pipeline.py", line 15, in <module>
    from scripts.snowflake_implement import snowflake_load
ModuleNotFoundError: No module named 'scripts.snowflake_implement'
[2026-04-27T12:34:18.596+0000] {processor.py:842} WARNING - No viable dags retrieved from /opt/airflow/dags/flight-pipeline.py
[2026-04-27T12:34:18.631+0000] {processor.py:183} INFO - Processing /opt/airflow/dags/flight-pipeline.py took 2.064 seconds
[2026-04-27T13:35:22.577+0000] {processor.py:161} INFO - Started process (PID=1955) to work on /opt/airflow/dags/flight-pipeline.py
[2026-04-27T13:35:22.582+0000] {processor.py:830} INFO - Processing file /opt/airflow/dags/flight-pipeline.py for tasks to queue
[2026-04-27T13:35:22.598+0000] {logging_mixin.py:188} INFO - [2026-04-27T13:35:22.595+0000] {dagbag.py:545} INFO - Filling up the DagBag from /opt/airflow/dags/flight-pipeline.py
[2026-04-27T13:35:24.808+0000] {logging_mixin.py:188} INFO - [2026-04-27T13:35:24.803+0000] {dagbag.py:355} ERROR - Failed to import: /opt/airflow/dags/flight-pipeline.py
Traceback (most recent call last):
  File "/home/airflow/.local/lib/python3.12/site-packages/airflow/models/dagbag.py", line 351, in parse
    loader.exec_module(new_module)
  File "<frozen importlib._bootstrap_external>", line 995, in exec_module
  File "<frozen importlib._bootstrap>", line 488, in _call_with_frames_removed
  File "/opt/airflow/dags/flight-pipeline.py", line 15, in <module>
    from scripts.snowflake_implement import snowflake_load
ModuleNotFoundError: No module named 'scripts.snowflake_implement'
[2026-04-27T13:35:24.810+0000] {processor.py:842} WARNING - No viable dags retrieved from /opt/airflow/dags/flight-pipeline.py
[2026-04-27T13:35:24.866+0000] {processor.py:183} INFO - Processing /opt/airflow/dags/flight-pipeline.py took 2.345 seconds
[2026-04-27T13:54:34.924+0000] {processor.py:161} INFO - Started process (PID=1957) to work on /opt/airflow/dags/flight-pipeline.py
[2026-04-27T13:54:34.932+0000] {processor.py:830} INFO - Processing file /opt/airflow/dags/flight-pipeline.py for tasks to queue
[2026-04-27T13:54:35.006+0000] {logging_mixin.py:188} INFO - [2026-04-27T13:54:35.002+0000] {dagbag.py:545} INFO - Filling up the DagBag from /opt/airflow/dags/flight-pipeline.py
[2026-04-27T13:54:37.229+0000] {logging_mixin.py:188} INFO - [2026-04-27T13:54:37.225+0000] {dagbag.py:355} ERROR - Failed to import: /opt/airflow/dags/flight-pipeline.py
Traceback (most recent call last):
  File "/home/airflow/.local/lib/python3.12/site-packages/airflow/models/dagbag.py", line 351, in parse
    loader.exec_module(new_module)
  File "<frozen importlib._bootstrap_external>", line 995, in exec_module
  File "<frozen importlib._bootstrap>", line 488, in _call_with_frames_removed
  File "/opt/airflow/dags/flight-pipeline.py", line 15, in <module>
    from scripts.snowflake_implement import snowflake_load
ModuleNotFoundError: No module named 'scripts.snowflake_implement'
[2026-04-27T13:54:37.230+0000] {processor.py:842} WARNING - No viable dags retrieved from /opt/airflow/dags/flight-pipeline.py
[2026-04-27T13:54:37.307+0000] {processor.py:183} INFO - Processing /opt/airflow/dags/flight-pipeline.py took 2.564 seconds
[2026-04-27T13:55:07.609+0000] {processor.py:161} INFO - Started process (PID=1959) to work on /opt/airflow/dags/flight-pipeline.py
[2026-04-27T13:55:07.612+0000] {processor.py:830} INFO - Processing file /opt/airflow/dags/flight-pipeline.py for tasks to queue
[2026-04-27T13:55:07.616+0000] {logging_mixin.py:188} INFO - [2026-04-27T13:55:07.615+0000] {dagbag.py:545} INFO - Filling up the DagBag from /opt/airflow/dags/flight-pipeline.py
[2026-04-27T13:55:08.151+0000] {logging_mixin.py:188} INFO - [2026-04-27T13:55:08.149+0000] {dagbag.py:355} ERROR - Failed to import: /opt/airflow/dags/flight-pipeline.py
Traceback (most recent call last):
  File "/home/airflow/.local/lib/python3.12/site-packages/airflow/models/dagbag.py", line 351, in parse
    loader.exec_module(new_module)
  File "<frozen importlib._bootstrap_external>", line 995, in exec_module
  File "<frozen importlib._bootstrap>", line 488, in _call_with_frames_removed
  File "/opt/airflow/dags/flight-pipeline.py", line 15, in <module>
    from scripts.snowflake_implement import snowflake_load
ModuleNotFoundError: No module named 'scripts.snowflake_implement'
[2026-04-27T13:55:08.152+0000] {processor.py:842} WARNING - No viable dags retrieved from /opt/airflow/dags/flight-pipeline.py
[2026-04-27T13:55:08.178+0000] {processor.py:183} INFO - Processing /opt/airflow/dags/flight-pipeline.py took 0.593 seconds
[2026-04-27T13:55:38.462+0000] {processor.py:161} INFO - Started process (PID=1961) to work on /opt/airflow/dags/flight-pipeline.py
[2026-04-27T13:55:38.464+0000] {processor.py:830} INFO - Processing file /opt/airflow/dags/flight-pipeline.py for tasks to queue
[2026-04-27T13:55:38.466+0000] {logging_mixin.py:188} INFO - [2026-04-27T13:55:38.466+0000] {dagbag.py:545} INFO - Filling up the DagBag from /opt/airflow/dags/flight-pipeline.py
[2026-04-27T13:55:39.133+0000] {logging_mixin.py:188} INFO - [2026-04-27T13:55:39.130+0000] {dagbag.py:355} ERROR - Failed to import: /opt/airflow/dags/flight-pipeline.py
Traceback (most recent call last):
  File "/home/airflow/.local/lib/python3.12/site-packages/airflow/models/dagbag.py", line 351, in parse
    loader.exec_module(new_module)
  File "<frozen importlib._bootstrap_external>", line 995, in exec_module
  File "<frozen importlib._bootstrap>", line 488, in _call_with_frames_removed
  File "/opt/airflow/dags/flight-pipeline.py", line 15, in <module>
    from scripts.snowflake_implement import snowflake_load
ModuleNotFoundError: No module named 'scripts.snowflake_implement'
[2026-04-27T13:55:39.134+0000] {processor.py:842} WARNING - No viable dags retrieved from /opt/airflow/dags/flight-pipeline.py
[2026-04-27T13:55:39.204+0000] {processor.py:183} INFO - Processing /opt/airflow/dags/flight-pipeline.py took 0.751 seconds
[2026-04-27T13:56:09.447+0000] {processor.py:161} INFO - Started process (PID=1963) to work on /opt/airflow/dags/flight-pipeline.py
[2026-04-27T13:56:09.449+0000] {processor.py:830} INFO - Processing file /opt/airflow/dags/flight-pipeline.py for tasks to queue
[2026-04-27T13:56:09.453+0000] {logging_mixin.py:188} INFO - [2026-04-27T13:56:09.452+0000] {dagbag.py:545} INFO - Filling up the DagBag from /opt/airflow/dags/flight-pipeline.py
[2026-04-27T13:56:10.220+0000] {logging_mixin.py:188} INFO - [2026-04-27T13:56:10.218+0000] {dagbag.py:355} ERROR - Failed to import: /opt/airflow/dags/flight-pipeline.py
Traceback (most recent call last):
  File "/home/airflow/.local/lib/python3.12/site-packages/airflow/models/dagbag.py", line 351, in parse
    loader.exec_module(new_module)
  File "<frozen importlib._bootstrap_external>", line 995, in exec_module
  File "<frozen importlib._bootstrap>", line 488, in _call_with_frames_removed
  File "/opt/airflow/dags/flight-pipeline.py", line 15, in <module>
    from scripts.snowflake_implement import snowflake_load
ModuleNotFoundError: No module named 'scripts.snowflake_implement'
[2026-04-27T13:56:10.221+0000] {processor.py:842} WARNING - No viable dags retrieved from /opt/airflow/dags/flight-pipeline.py
[2026-04-27T13:56:10.248+0000] {processor.py:183} INFO - Processing /opt/airflow/dags/flight-pipeline.py took 0.813 seconds
[2026-04-27T13:56:40.444+0000] {processor.py:161} INFO - Started process (PID=1965) to work on /opt/airflow/dags/flight-pipeline.py
[2026-04-27T13:56:40.446+0000] {processor.py:830} INFO - Processing file /opt/airflow/dags/flight-pipeline.py for tasks to queue
[2026-04-27T13:56:40.448+0000] {logging_mixin.py:188} INFO - [2026-04-27T13:56:40.448+0000] {dagbag.py:545} INFO - Filling up the DagBag from /opt/airflow/dags/flight-pipeline.py
[2026-04-27T13:56:41.164+0000] {logging_mixin.py:188} INFO - [2026-04-27T13:56:41.160+0000] {dagbag.py:355} ERROR - Failed to import: /opt/airflow/dags/flight-pipeline.py
Traceback (most recent call last):
  File "/home/airflow/.local/lib/python3.12/site-packages/airflow/models/dagbag.py", line 351, in parse
    loader.exec_module(new_module)
  File "<frozen importlib._bootstrap_external>", line 995, in exec_module
  File "<frozen importlib._bootstrap>", line 488, in _call_with_frames_removed
  File "/opt/airflow/dags/flight-pipeline.py", line 15, in <module>
    from scripts.snowflake_implement import snowflake_load
ModuleNotFoundError: No module named 'scripts.snowflake_implement'
[2026-04-27T13:56:41.165+0000] {processor.py:842} WARNING - No viable dags retrieved from /opt/airflow/dags/flight-pipeline.py
[2026-04-27T13:56:41.201+0000] {processor.py:183} INFO - Processing /opt/airflow/dags/flight-pipeline.py took 0.764 seconds
[2026-04-27T13:57:11.488+0000] {processor.py:161} INFO - Started process (PID=1967) to work on /opt/airflow/dags/flight-pipeline.py
[2026-04-27T13:57:11.495+0000] {processor.py:830} INFO - Processing file /opt/airflow/dags/flight-pipeline.py for tasks to queue
[2026-04-27T13:57:11.511+0000] {logging_mixin.py:188} INFO - [2026-04-27T13:57:11.510+0000] {dagbag.py:545} INFO - Filling up the DagBag from /opt/airflow/dags/flight-pipeline.py
[2026-04-27T13:57:12.009+0000] {logging_mixin.py:188} INFO - [2026-04-27T13:57:12.007+0000] {dagbag.py:355} ERROR - Failed to import: /opt/airflow/dags/flight-pipeline.py
Traceback (most recent call last):
  File "/home/airflow/.local/lib/python3.12/site-packages/airflow/models/dagbag.py", line 351, in parse
    loader.exec_module(new_module)
  File "<frozen importlib._bootstrap_external>", line 995, in exec_module
  File "<frozen importlib._bootstrap>", line 488, in _call_with_frames_removed
  File "/opt/airflow/dags/flight-pipeline.py", line 15, in <module>
    from scripts.snowflake_implement import snowflake_load
ModuleNotFoundError: No module named 'scripts.snowflake_implement'
[2026-04-27T13:57:12.010+0000] {processor.py:842} WARNING - No viable dags retrieved from /opt/airflow/dags/flight-pipeline.py
[2026-04-27T13:57:12.035+0000] {processor.py:183} INFO - Processing /opt/airflow/dags/flight-pipeline.py took 0.556 seconds
[2026-04-27T13:57:42.312+0000] {processor.py:161} INFO - Started process (PID=1969) to work on /opt/airflow/dags/flight-pipeline.py
[2026-04-27T13:57:42.314+0000] {processor.py:830} INFO - Processing file /opt/airflow/dags/flight-pipeline.py for tasks to queue
[2026-04-27T13:57:42.317+0000] {logging_mixin.py:188} INFO - [2026-04-27T13:57:42.316+0000] {dagbag.py:545} INFO - Filling up the DagBag from /opt/airflow/dags/flight-pipeline.py
[2026-04-27T13:57:43.026+0000] {logging_mixin.py:188} INFO - [2026-04-27T13:57:43.024+0000] {dagbag.py:355} ERROR - Failed to import: /opt/airflow/dags/flight-pipeline.py
Traceback (most recent call last):
  File "/home/airflow/.local/lib/python3.12/site-packages/airflow/models/dagbag.py", line 351, in parse
    loader.exec_module(new_module)
  File "<frozen importlib._bootstrap_external>", line 995, in exec_module
  File "<frozen importlib._bootstrap>", line 488, in _call_with_frames_removed
  File "/opt/airflow/dags/flight-pipeline.py", line 15, in <module>
    from scripts.snowflake_implement import snowflake_load
ModuleNotFoundError: No module named 'scripts.snowflake_implement'
[2026-04-27T13:57:43.027+0000] {processor.py:842} WARNING - No viable dags retrieved from /opt/airflow/dags/flight-pipeline.py
[2026-04-27T13:57:43.057+0000] {processor.py:183} INFO - Processing /opt/airflow/dags/flight-pipeline.py took 0.752 seconds
[2026-04-27T13:58:13.155+0000] {processor.py:161} INFO - Started process (PID=1971) to work on /opt/airflow/dags/flight-pipeline.py
[2026-04-27T13:58:13.157+0000] {processor.py:830} INFO - Processing file /opt/airflow/dags/flight-pipeline.py for tasks to queue
[2026-04-27T13:58:13.161+0000] {logging_mixin.py:188} INFO - [2026-04-27T13:58:13.161+0000] {dagbag.py:545} INFO - Filling up the DagBag from /opt/airflow/dags/flight-pipeline.py
[2026-04-27T13:58:13.713+0000] {logging_mixin.py:188} INFO - [2026-04-27T13:58:13.710+0000] {dagbag.py:355} ERROR - Failed to import: /opt/airflow/dags/flight-pipeline.py
Traceback (most recent call last):
  File "/home/airflow/.local/lib/python3.12/site-packages/airflow/models/dagbag.py", line 351, in parse
    loader.exec_module(new_module)
  File "<frozen importlib._bootstrap_external>", line 995, in exec_module
  File "<frozen importlib._bootstrap>", line 488, in _call_with_frames_removed
  File "/opt/airflow/dags/flight-pipeline.py", line 15, in <module>
    from scripts.snowflake_implement import snowflake_load
ModuleNotFoundError: No module named 'scripts.snowflake_implement'
[2026-04-27T13:58:13.713+0000] {processor.py:842} WARNING - No viable dags retrieved from /opt/airflow/dags/flight-pipeline.py
[2026-04-27T13:58:13.737+0000] {processor.py:183} INFO - Processing /opt/airflow/dags/flight-pipeline.py took 0.590 seconds
[2026-04-27T13:58:44.024+0000] {processor.py:161} INFO - Started process (PID=1973) to work on /opt/airflow/dags/flight-pipeline.py
[2026-04-27T13:58:44.025+0000] {processor.py:830} INFO - Processing file /opt/airflow/dags/flight-pipeline.py for tasks to queue
[2026-04-27T13:58:44.030+0000] {logging_mixin.py:188} INFO - [2026-04-27T13:58:44.030+0000] {dagbag.py:545} INFO - Filling up the DagBag from /opt/airflow/dags/flight-pipeline.py
[2026-04-27T13:58:44.626+0000] {logging_mixin.py:188} INFO - [2026-04-27T13:58:44.622+0000] {dagbag.py:355} ERROR - Failed to import: /opt/airflow/dags/flight-pipeline.py
Traceback (most recent call last):
  File "/home/airflow/.local/lib/python3.12/site-packages/airflow/models/dagbag.py", line 351, in parse
    loader.exec_module(new_module)
  File "<frozen importlib._bootstrap_external>", line 995, in exec_module
  File "<frozen importlib._bootstrap>", line 488, in _call_with_frames_removed
  File "/opt/airflow/dags/flight-pipeline.py", line 15, in <module>
    from scripts.snowflake_implement import snowflake_load
ModuleNotFoundError: No module named 'scripts.snowflake_implement'
[2026-04-27T13:58:44.628+0000] {processor.py:842} WARNING - No viable dags retrieved from /opt/airflow/dags/flight-pipeline.py
[2026-04-27T13:58:44.654+0000] {processor.py:183} INFO - Processing /opt/airflow/dags/flight-pipeline.py took 0.640 seconds
[2026-04-27T13:59:14.735+0000] {processor.py:161} INFO - Started process (PID=1975) to work on /opt/airflow/dags/flight-pipeline.py
[2026-04-27T13:59:14.736+0000] {processor.py:830} INFO - Processing file /opt/airflow/dags/flight-pipeline.py for tasks to queue
[2026-04-27T13:59:14.740+0000] {logging_mixin.py:188} INFO - [2026-04-27T13:59:14.739+0000] {dagbag.py:545} INFO - Filling up the DagBag from /opt/airflow/dags/flight-pipeline.py
[2026-04-27T13:59:15.297+0000] {logging_mixin.py:188} INFO - [2026-04-27T13:59:15.295+0000] {dagbag.py:355} ERROR - Failed to import: /opt/airflow/dags/flight-pipeline.py
Traceback (most recent call last):
  File "/home/airflow/.local/lib/python3.12/site-packages/airflow/models/dagbag.py", line 351, in parse
    loader.exec_module(new_module)
  File "<frozen importlib._bootstrap_external>", line 995, in exec_module
  File "<frozen importlib._bootstrap>", line 488, in _call_with_frames_removed
  File "/opt/airflow/dags/flight-pipeline.py", line 15, in <module>
    from scripts.snowflake_implement import snowflake_load
ModuleNotFoundError: No module named 'scripts.snowflake_implement'
[2026-04-27T13:59:15.298+0000] {processor.py:842} WARNING - No viable dags retrieved from /opt/airflow/dags/flight-pipeline.py
[2026-04-27T13:59:15.321+0000] {processor.py:183} INFO - Processing /opt/airflow/dags/flight-pipeline.py took 0.596 seconds
[2026-04-27T13:59:45.574+0000] {processor.py:161} INFO - Started process (PID=1977) to work on /opt/airflow/dags/flight-pipeline.py
[2026-04-27T13:59:45.575+0000] {processor.py:830} INFO - Processing file /opt/airflow/dags/flight-pipeline.py for tasks to queue
[2026-04-27T13:59:45.579+0000] {logging_mixin.py:188} INFO - [2026-04-27T13:59:45.578+0000] {dagbag.py:545} INFO - Filling up the DagBag from /opt/airflow/dags/flight-pipeline.py
[2026-04-27T13:59:46.386+0000] {logging_mixin.py:188} INFO - [2026-04-27T13:59:46.384+0000] {dagbag.py:355} ERROR - Failed to import: /opt/airflow/dags/flight-pipeline.py
Traceback (most recent call last):
  File "/home/airflow/.local/lib/python3.12/site-packages/airflow/models/dagbag.py", line 351, in parse
    loader.exec_module(new_module)
  File "<frozen importlib._bootstrap_external>", line 995, in exec_module
  File "<frozen importlib._bootstrap>", line 488, in _call_with_frames_removed
  File "/opt/airflow/dags/flight-pipeline.py", line 15, in <module>
    from scripts.snowflake_implement import snowflake_load
ModuleNotFoundError: No module named 'scripts.snowflake_implement'
[2026-04-27T13:59:46.387+0000] {processor.py:842} WARNING - No viable dags retrieved from /opt/airflow/dags/flight-pipeline.py
[2026-04-27T13:59:46.411+0000] {processor.py:183} INFO - Processing /opt/airflow/dags/flight-pipeline.py took 0.844 seconds
[2026-04-27T14:00:16.556+0000] {processor.py:161} INFO - Started process (PID=1979) to work on /opt/airflow/dags/flight-pipeline.py
[2026-04-27T14:00:16.560+0000] {processor.py:830} INFO - Processing file /opt/airflow/dags/flight-pipeline.py for tasks to queue
[2026-04-27T14:00:16.565+0000] {logging_mixin.py:188} INFO - [2026-04-27T14:00:16.564+0000] {dagbag.py:545} INFO - Filling up the DagBag from /opt/airflow/dags/flight-pipeline.py
[2026-04-27T14:00:17.505+0000] {logging_mixin.py:188} INFO - [2026-04-27T14:00:17.502+0000] {dagbag.py:355} ERROR - Failed to import: /opt/airflow/dags/flight-pipeline.py
Traceback (most recent call last):
  File "/home/airflow/.local/lib/python3.12/site-packages/airflow/models/dagbag.py", line 351, in parse
    loader.exec_module(new_module)
  File "<frozen importlib._bootstrap_external>", line 995, in exec_module
  File "<frozen importlib._bootstrap>", line 488, in _call_with_frames_removed
  File "/opt/airflow/dags/flight-pipeline.py", line 15, in <module>
    from scripts.snowflake_implement import snowflake_load
ModuleNotFoundError: No module named 'scripts.snowflake_implement'
[2026-04-27T14:00:17.506+0000] {processor.py:842} WARNING - No viable dags retrieved from /opt/airflow/dags/flight-pipeline.py
[2026-04-27T14:00:17.628+0000] {processor.py:183} INFO - Processing /opt/airflow/dags/flight-pipeline.py took 1.081 seconds
[2026-04-27T14:00:47.944+0000] {processor.py:161} INFO - Started process (PID=1981) to work on /opt/airflow/dags/flight-pipeline.py
[2026-04-27T14:00:47.955+0000] {processor.py:830} INFO - Processing file /opt/airflow/dags/flight-pipeline.py for tasks to queue
[2026-04-27T14:00:47.958+0000] {logging_mixin.py:188} INFO - [2026-04-27T14:00:47.958+0000] {dagbag.py:545} INFO - Filling up the DagBag from /opt/airflow/dags/flight-pipeline.py
[2026-04-27T14:00:48.864+0000] {logging_mixin.py:188} INFO - [2026-04-27T14:00:48.862+0000] {dagbag.py:355} ERROR - Failed to import: /opt/airflow/dags/flight-pipeline.py
Traceback (most recent call last):
  File "/home/airflow/.local/lib/python3.12/site-packages/airflow/models/dagbag.py", line 351, in parse
    loader.exec_module(new_module)
  File "<frozen importlib._bootstrap_external>", line 995, in exec_module
  File "<frozen importlib._bootstrap>", line 488, in _call_with_frames_removed
  File "/opt/airflow/dags/flight-pipeline.py", line 15, in <module>
    from scripts.snowflake_implement import snowflake_load
ModuleNotFoundError: No module named 'scripts.snowflake_implement'
[2026-04-27T14:00:48.865+0000] {processor.py:842} WARNING - No viable dags retrieved from /opt/airflow/dags/flight-pipeline.py
[2026-04-27T14:00:48.898+0000] {processor.py:183} INFO - Processing /opt/airflow/dags/flight-pipeline.py took 0.961 seconds
[2026-04-27T14:01:19.113+0000] {processor.py:161} INFO - Started process (PID=1983) to work on /opt/airflow/dags/flight-pipeline.py
[2026-04-27T14:01:19.116+0000] {processor.py:830} INFO - Processing file /opt/airflow/dags/flight-pipeline.py for tasks to queue
[2026-04-27T14:01:19.122+0000] {logging_mixin.py:188} INFO - [2026-04-27T14:01:19.120+0000] {dagbag.py:545} INFO - Filling up the DagBag from /opt/airflow/dags/flight-pipeline.py
[2026-04-27T14:01:19.988+0000] {logging_mixin.py:188} INFO - [2026-04-27T14:01:19.981+0000] {dagbag.py:355} ERROR - Failed to import: /opt/airflow/dags/flight-pipeline.py
Traceback (most recent call last):
  File "/home/airflow/.local/lib/python3.12/site-packages/airflow/models/dagbag.py", line 351, in parse
    loader.exec_module(new_module)
  File "<frozen importlib._bootstrap_external>", line 995, in exec_module
  File "<frozen importlib._bootstrap>", line 488, in _call_with_frames_removed
  File "/opt/airflow/dags/flight-pipeline.py", line 15, in <module>
    from scripts.snowflake_implement import snowflake_load
ModuleNotFoundError: No module named 'scripts.snowflake_implement'
[2026-04-27T14:01:19.990+0000] {processor.py:842} WARNING - No viable dags retrieved from /opt/airflow/dags/flight-pipeline.py
[2026-04-27T14:01:20.060+0000] {processor.py:183} INFO - Processing /opt/airflow/dags/flight-pipeline.py took 0.956 seconds
[2026-04-27T14:01:50.303+0000] {processor.py:161} INFO - Started process (PID=1985) to work on /opt/airflow/dags/flight-pipeline.py
[2026-04-27T14:01:50.315+0000] {processor.py:830} INFO - Processing file /opt/airflow/dags/flight-pipeline.py for tasks to queue
[2026-04-27T14:01:50.355+0000] {logging_mixin.py:188} INFO - [2026-04-27T14:01:50.355+0000] {dagbag.py:545} INFO - Filling up the DagBag from /opt/airflow/dags/flight-pipeline.py
[2026-04-27T14:01:50.908+0000] {logging_mixin.py:188} INFO - [2026-04-27T14:01:50.907+0000] {dagbag.py:355} ERROR - Failed to import: /opt/airflow/dags/flight-pipeline.py
Traceback (most recent call last):
  File "/home/airflow/.local/lib/python3.12/site-packages/airflow/models/dagbag.py", line 351, in parse
    loader.exec_module(new_module)
  File "<frozen importlib._bootstrap_external>", line 995, in exec_module
  File "<frozen importlib._bootstrap>", line 488, in _call_with_frames_removed
  File "/opt/airflow/dags/flight-pipeline.py", line 15, in <module>
    from scripts.snowflake_implement import snowflake_load
ModuleNotFoundError: No module named 'scripts.snowflake_implement'
[2026-04-27T14:01:50.909+0000] {processor.py:842} WARNING - No viable dags retrieved from /opt/airflow/dags/flight-pipeline.py
[2026-04-27T14:01:50.934+0000] {processor.py:183} INFO - Processing /opt/airflow/dags/flight-pipeline.py took 0.637 seconds
[2026-04-27T14:02:21.109+0000] {processor.py:161} INFO - Started process (PID=1987) to work on /opt/airflow/dags/flight-pipeline.py
[2026-04-27T14:02:21.110+0000] {processor.py:830} INFO - Processing file /opt/airflow/dags/flight-pipeline.py for tasks to queue
[2026-04-27T14:02:21.113+0000] {logging_mixin.py:188} INFO - [2026-04-27T14:02:21.112+0000] {dagbag.py:545} INFO - Filling up the DagBag from /opt/airflow/dags/flight-pipeline.py
[2026-04-27T14:02:21.615+0000] {logging_mixin.py:188} INFO - [2026-04-27T14:02:21.613+0000] {dagbag.py:355} ERROR - Failed to import: /opt/airflow/dags/flight-pipeline.py
Traceback (most recent call last):
  File "/home/airflow/.local/lib/python3.12/site-packages/airflow/models/dagbag.py", line 351, in parse
    loader.exec_module(new_module)
  File "<frozen importlib._bootstrap_external>", line 995, in exec_module
  File "<frozen importlib._bootstrap>", line 488, in _call_with_frames_removed
  File "/opt/airflow/dags/flight-pipeline.py", line 15, in <module>
    from scripts.snowflake_implement import snowflake_load
ModuleNotFoundError: No module named 'scripts.snowflake_implement'
[2026-04-27T14:02:21.616+0000] {processor.py:842} WARNING - No viable dags retrieved from /opt/airflow/dags/flight-pipeline.py
[2026-04-27T14:02:21.640+0000] {processor.py:183} INFO - Processing /opt/airflow/dags/flight-pipeline.py took 0.538 seconds
[2026-04-27T14:02:51.736+0000] {processor.py:161} INFO - Started process (PID=1989) to work on /opt/airflow/dags/flight-pipeline.py
[2026-04-27T14:02:51.737+0000] {processor.py:830} INFO - Processing file /opt/airflow/dags/flight-pipeline.py for tasks to queue
[2026-04-27T14:02:51.740+0000] {logging_mixin.py:188} INFO - [2026-04-27T14:02:51.740+0000] {dagbag.py:545} INFO - Filling up the DagBag from /opt/airflow/dags/flight-pipeline.py
[2026-04-27T14:02:52.303+0000] {logging_mixin.py:188} INFO - [2026-04-27T14:02:52.301+0000] {dagbag.py:355} ERROR - Failed to import: /opt/airflow/dags/flight-pipeline.py
Traceback (most recent call last):
  File "/home/airflow/.local/lib/python3.12/site-packages/airflow/models/dagbag.py", line 351, in parse
    loader.exec_module(new_module)
  File "<frozen importlib._bootstrap_external>", line 995, in exec_module
  File "<frozen importlib._bootstrap>", line 488, in _call_with_frames_removed
  File "/opt/airflow/dags/flight-pipeline.py", line 15, in <module>
    from scripts.snowflake_implement import snowflake_load
ModuleNotFoundError: No module named 'scripts.snowflake_implement'
[2026-04-27T14:02:52.304+0000] {processor.py:842} WARNING - No viable dags retrieved from /opt/airflow/dags/flight-pipeline.py
[2026-04-27T14:02:52.327+0000] {processor.py:183} INFO - Processing /opt/airflow/dags/flight-pipeline.py took 0.601 seconds
[2026-04-27T14:03:22.497+0000] {processor.py:161} INFO - Started process (PID=1991) to work on /opt/airflow/dags/flight-pipeline.py
[2026-04-27T14:03:22.498+0000] {processor.py:830} INFO - Processing file /opt/airflow/dags/flight-pipeline.py for tasks to queue
[2026-04-27T14:03:22.501+0000] {logging_mixin.py:188} INFO - [2026-04-27T14:03:22.500+0000] {dagbag.py:545} INFO - Filling up the DagBag from /opt/airflow/dags/flight-pipeline.py
[2026-04-27T14:03:23.022+0000] {logging_mixin.py:188} INFO - [2026-04-27T14:03:23.021+0000] {dagbag.py:355} ERROR - Failed to import: /opt/airflow/dags/flight-pipeline.py
Traceback (most recent call last):
  File "/home/airflow/.local/lib/python3.12/site-packages/airflow/models/dagbag.py", line 351, in parse
    loader.exec_module(new_module)
  File "<frozen importlib._bootstrap_external>", line 995, in exec_module
  File "<frozen importlib._bootstrap>", line 488, in _call_with_frames_removed
  File "/opt/airflow/dags/flight-pipeline.py", line 15, in <module>
    from scripts.snowflake_implement import snowflake_load
ModuleNotFoundError: No module named 'scripts.snowflake_implement'
[2026-04-27T14:03:23.023+0000] {processor.py:842} WARNING - No viable dags retrieved from /opt/airflow/dags/flight-pipeline.py
[2026-04-27T14:03:23.045+0000] {processor.py:183} INFO - Processing /opt/airflow/dags/flight-pipeline.py took 0.556 seconds
[2026-04-27T14:03:53.105+0000] {processor.py:161} INFO - Started process (PID=1993) to work on /opt/airflow/dags/flight-pipeline.py
[2026-04-27T14:03:53.107+0000] {processor.py:830} INFO - Processing file /opt/airflow/dags/flight-pipeline.py for tasks to queue
[2026-04-27T14:03:53.109+0000] {logging_mixin.py:188} INFO - [2026-04-27T14:03:53.108+0000] {dagbag.py:545} INFO - Filling up the DagBag from /opt/airflow/dags/flight-pipeline.py
[2026-04-27T14:03:53.603+0000] {logging_mixin.py:188} INFO - [2026-04-27T14:03:53.601+0000] {dagbag.py:355} ERROR - Failed to import: /opt/airflow/dags/flight-pipeline.py
Traceback (most recent call last):
  File "/home/airflow/.local/lib/python3.12/site-packages/airflow/models/dagbag.py", line 351, in parse
    loader.exec_module(new_module)
  File "<frozen importlib._bootstrap_external>", line 995, in exec_module
  File "<frozen importlib._bootstrap>", line 488, in _call_with_frames_removed
  File "/opt/airflow/dags/flight-pipeline.py", line 15, in <module>
    from scripts.snowflake_implement import snowflake_load
ModuleNotFoundError: No module named 'scripts.snowflake_implement'
[2026-04-27T14:03:53.604+0000] {processor.py:842} WARNING - No viable dags retrieved from /opt/airflow/dags/flight-pipeline.py
[2026-04-27T14:03:53.626+0000] {processor.py:183} INFO - Processing /opt/airflow/dags/flight-pipeline.py took 0.528 seconds
[2026-04-27T14:04:23.947+0000] {processor.py:161} INFO - Started process (PID=1995) to work on /opt/airflow/dags/flight-pipeline.py
[2026-04-27T14:04:23.949+0000] {processor.py:830} INFO - Processing file /opt/airflow/dags/flight-pipeline.py for tasks to queue
[2026-04-27T14:04:23.952+0000] {logging_mixin.py:188} INFO - [2026-04-27T14:04:23.951+0000] {dagbag.py:545} INFO - Filling up the DagBag from /opt/airflow/dags/flight-pipeline.py
[2026-04-27T14:04:24.450+0000] {logging_mixin.py:188} INFO - [2026-04-27T14:04:24.448+0000] {dagbag.py:355} ERROR - Failed to import: /opt/airflow/dags/flight-pipeline.py
Traceback (most recent call last):
  File "/home/airflow/.local/lib/python3.12/site-packages/airflow/models/dagbag.py", line 351, in parse
    loader.exec_module(new_module)
  File "<frozen importlib._bootstrap_external>", line 995, in exec_module
  File "<frozen importlib._bootstrap>", line 488, in _call_with_frames_removed
  File "/opt/airflow/dags/flight-pipeline.py", line 15, in <module>
    from scripts.snowflake_implement import snowflake_load
ModuleNotFoundError: No module named 'scripts.snowflake_implement'
[2026-04-27T14:04:24.451+0000] {processor.py:842} WARNING - No viable dags retrieved from /opt/airflow/dags/flight-pipeline.py
[2026-04-27T14:04:24.474+0000] {processor.py:183} INFO - Processing /opt/airflow/dags/flight-pipeline.py took 0.537 seconds
[2026-04-27T14:04:54.744+0000] {processor.py:161} INFO - Started process (PID=1997) to work on /opt/airflow/dags/flight-pipeline.py
[2026-04-27T14:04:54.747+0000] {processor.py:830} INFO - Processing file /opt/airflow/dags/flight-pipeline.py for tasks to queue
[2026-04-27T14:04:54.750+0000] {logging_mixin.py:188} INFO - [2026-04-27T14:04:54.749+0000] {dagbag.py:545} INFO - Filling up the DagBag from /opt/airflow/dags/flight-pipeline.py
[2026-04-27T14:04:55.292+0000] {logging_mixin.py:188} INFO - [2026-04-27T14:04:55.290+0000] {dagbag.py:355} ERROR - Failed to import: /opt/airflow/dags/flight-pipeline.py
Traceback (most recent call last):
  File "/home/airflow/.local/lib/python3.12/site-packages/airflow/models/dagbag.py", line 351, in parse
    loader.exec_module(new_module)
  File "<frozen importlib._bootstrap_external>", line 995, in exec_module
  File "<frozen importlib._bootstrap>", line 488, in _call_with_frames_removed
  File "/opt/airflow/dags/flight-pipeline.py", line 15, in <module>
    from scripts.snowflake_implement import snowflake_load
ModuleNotFoundError: No module named 'scripts.snowflake_implement'
[2026-04-27T14:04:55.294+0000] {processor.py:842} WARNING - No viable dags retrieved from /opt/airflow/dags/flight-pipeline.py
[2026-04-27T14:04:55.317+0000] {processor.py:183} INFO - Processing /opt/airflow/dags/flight-pipeline.py took 0.583 seconds
[2026-04-27T14:05:25.581+0000] {processor.py:161} INFO - Started process (PID=1999) to work on /opt/airflow/dags/flight-pipeline.py
[2026-04-27T14:05:25.583+0000] {processor.py:830} INFO - Processing file /opt/airflow/dags/flight-pipeline.py for tasks to queue
[2026-04-27T14:05:25.585+0000] {logging_mixin.py:188} INFO - [2026-04-27T14:05:25.585+0000] {dagbag.py:545} INFO - Filling up the DagBag from /opt/airflow/dags/flight-pipeline.py
[2026-04-27T14:05:26.117+0000] {logging_mixin.py:188} INFO - [2026-04-27T14:05:26.116+0000] {dagbag.py:355} ERROR - Failed to import: /opt/airflow/dags/flight-pipeline.py
Traceback (most recent call last):
  File "/home/airflow/.local/lib/python3.12/site-packages/airflow/models/dagbag.py", line 351, in parse
    loader.exec_module(new_module)
  File "<frozen importlib._bootstrap_external>", line 995, in exec_module
  File "<frozen importlib._bootstrap>", line 488, in _call_with_frames_removed
  File "/opt/airflow/dags/flight-pipeline.py", line 15, in <module>
    from scripts.snowflake_implement import snowflake_load
ModuleNotFoundError: No module named 'scripts.snowflake_implement'
[2026-04-27T14:05:26.118+0000] {processor.py:842} WARNING - No viable dags retrieved from /opt/airflow/dags/flight-pipeline.py
[2026-04-27T14:05:26.140+0000] {processor.py:183} INFO - Processing /opt/airflow/dags/flight-pipeline.py took 0.568 seconds
[2026-04-27T14:05:56.252+0000] {processor.py:161} INFO - Started process (PID=2001) to work on /opt/airflow/dags/flight-pipeline.py
[2026-04-27T14:05:56.253+0000] {processor.py:830} INFO - Processing file /opt/airflow/dags/flight-pipeline.py for tasks to queue
[2026-04-27T14:05:56.256+0000] {logging_mixin.py:188} INFO - [2026-04-27T14:05:56.255+0000] {dagbag.py:545} INFO - Filling up the DagBag from /opt/airflow/dags/flight-pipeline.py
[2026-04-27T14:05:56.754+0000] {logging_mixin.py:188} INFO - [2026-04-27T14:05:56.753+0000] {dagbag.py:355} ERROR - Failed to import: /opt/airflow/dags/flight-pipeline.py
Traceback (most recent call last):
  File "/home/airflow/.local/lib/python3.12/site-packages/airflow/models/dagbag.py", line 351, in parse
    loader.exec_module(new_module)
  File "<frozen importlib._bootstrap_external>", line 995, in exec_module
  File "<frozen importlib._bootstrap>", line 488, in _call_with_frames_removed
  File "/opt/airflow/dags/flight-pipeline.py", line 15, in <module>
    from scripts.snowflake_implement import snowflake_load
ModuleNotFoundError: No module named 'scripts.snowflake_implement'
[2026-04-27T14:05:56.755+0000] {processor.py:842} WARNING - No viable dags retrieved from /opt/airflow/dags/flight-pipeline.py
[2026-04-27T14:05:56.777+0000] {processor.py:183} INFO - Processing /opt/airflow/dags/flight-pipeline.py took 0.541 seconds
[2026-04-27T14:06:27.049+0000] {processor.py:161} INFO - Started process (PID=2003) to work on /opt/airflow/dags/flight-pipeline.py
[2026-04-27T14:06:27.050+0000] {processor.py:830} INFO - Processing file /opt/airflow/dags/flight-pipeline.py for tasks to queue
[2026-04-27T14:06:27.053+0000] {logging_mixin.py:188} INFO - [2026-04-27T14:06:27.052+0000] {dagbag.py:545} INFO - Filling up the DagBag from /opt/airflow/dags/flight-pipeline.py
[2026-04-27T14:06:27.537+0000] {logging_mixin.py:188} INFO - [2026-04-27T14:06:27.535+0000] {dagbag.py:355} ERROR - Failed to import: /opt/airflow/dags/flight-pipeline.py
Traceback (most recent call last):
  File "/home/airflow/.local/lib/python3.12/site-packages/airflow/models/dagbag.py", line 351, in parse
    loader.exec_module(new_module)
  File "<frozen importlib._bootstrap_external>", line 995, in exec_module
  File "<frozen importlib._bootstrap>", line 488, in _call_with_frames_removed
  File "/opt/airflow/dags/flight-pipeline.py", line 15, in <module>
    from scripts.snowflake_implement import snowflake_load
ModuleNotFoundError: No module named 'scripts.snowflake_implement'
[2026-04-27T14:06:27.538+0000] {processor.py:842} WARNING - No viable dags retrieved from /opt/airflow/dags/flight-pipeline.py
[2026-04-27T14:06:27.562+0000] {processor.py:183} INFO - Processing /opt/airflow/dags/flight-pipeline.py took 0.521 seconds
[2026-04-27T14:06:57.824+0000] {processor.py:161} INFO - Started process (PID=2005) to work on /opt/airflow/dags/flight-pipeline.py
[2026-04-27T14:06:57.827+0000] {processor.py:830} INFO - Processing file /opt/airflow/dags/flight-pipeline.py for tasks to queue
[2026-04-27T14:06:57.829+0000] {logging_mixin.py:188} INFO - [2026-04-27T14:06:57.829+0000] {dagbag.py:545} INFO - Filling up the DagBag from /opt/airflow/dags/flight-pipeline.py
[2026-04-27T14:06:58.318+0000] {logging_mixin.py:188} INFO - [2026-04-27T14:06:58.316+0000] {dagbag.py:355} ERROR - Failed to import: /opt/airflow/dags/flight-pipeline.py
Traceback (most recent call last):
  File "/home/airflow/.local/lib/python3.12/site-packages/airflow/models/dagbag.py", line 351, in parse
    loader.exec_module(new_module)
  File "<frozen importlib._bootstrap_external>", line 995, in exec_module
  File "<frozen importlib._bootstrap>", line 488, in _call_with_frames_removed
  File "/opt/airflow/dags/flight-pipeline.py", line 15, in <module>
    from scripts.snowflake_implement import snowflake_load
ModuleNotFoundError: No module named 'scripts.snowflake_implement'
[2026-04-27T14:06:58.319+0000] {processor.py:842} WARNING - No viable dags retrieved from /opt/airflow/dags/flight-pipeline.py
[2026-04-27T14:06:58.342+0000] {processor.py:183} INFO - Processing /opt/airflow/dags/flight-pipeline.py took 0.527 seconds
[2026-04-27T14:07:28.551+0000] {processor.py:161} INFO - Started process (PID=2007) to work on /opt/airflow/dags/flight-pipeline.py
[2026-04-27T14:07:28.553+0000] {processor.py:830} INFO - Processing file /opt/airflow/dags/flight-pipeline.py for tasks to queue
[2026-04-27T14:07:28.555+0000] {logging_mixin.py:188} INFO - [2026-04-27T14:07:28.555+0000] {dagbag.py:545} INFO - Filling up the DagBag from /opt/airflow/dags/flight-pipeline.py
[2026-04-27T14:07:29.050+0000] {logging_mixin.py:188} INFO - [2026-04-27T14:07:29.048+0000] {dagbag.py:355} ERROR - Failed to import: /opt/airflow/dags/flight-pipeline.py
Traceback (most recent call last):
  File "/home/airflow/.local/lib/python3.12/site-packages/airflow/models/dagbag.py", line 351, in parse
    loader.exec_module(new_module)
  File "<frozen importlib._bootstrap_external>", line 995, in exec_module
  File "<frozen importlib._bootstrap>", line 488, in _call_with_frames_removed
  File "/opt/airflow/dags/flight-pipeline.py", line 15, in <module>
    from scripts.snowflake_implement import snowflake_load
ModuleNotFoundError: No module named 'scripts.snowflake_implement'
[2026-04-27T14:07:29.051+0000] {processor.py:842} WARNING - No viable dags retrieved from /opt/airflow/dags/flight-pipeline.py
[2026-04-27T14:07:29.073+0000] {processor.py:183} INFO - Processing /opt/airflow/dags/flight-pipeline.py took 0.530 seconds
[2026-04-27T14:07:59.416+0000] {processor.py:161} INFO - Started process (PID=2009) to work on /opt/airflow/dags/flight-pipeline.py
[2026-04-27T14:07:59.417+0000] {processor.py:830} INFO - Processing file /opt/airflow/dags/flight-pipeline.py for tasks to queue
[2026-04-27T14:07:59.420+0000] {logging_mixin.py:188} INFO - [2026-04-27T14:07:59.419+0000] {dagbag.py:545} INFO - Filling up the DagBag from /opt/airflow/dags/flight-pipeline.py
[2026-04-27T14:07:59.920+0000] {logging_mixin.py:188} INFO - [2026-04-27T14:07:59.918+0000] {dagbag.py:355} ERROR - Failed to import: /opt/airflow/dags/flight-pipeline.py
Traceback (most recent call last):
  File "/home/airflow/.local/lib/python3.12/site-packages/airflow/models/dagbag.py", line 351, in parse
    loader.exec_module(new_module)
  File "<frozen importlib._bootstrap_external>", line 995, in exec_module
  File "<frozen importlib._bootstrap>", line 488, in _call_with_frames_removed
  File "/opt/airflow/dags/flight-pipeline.py", line 15, in <module>
    from scripts.snowflake_implement import snowflake_load
ModuleNotFoundError: No module named 'scripts.snowflake_implement'
[2026-04-27T14:07:59.921+0000] {processor.py:842} WARNING - No viable dags retrieved from /opt/airflow/dags/flight-pipeline.py
[2026-04-27T14:07:59.942+0000] {processor.py:183} INFO - Processing /opt/airflow/dags/flight-pipeline.py took 0.534 seconds
[2026-04-27T16:08:04.124+0000] {processor.py:161} INFO - Started process (PID=2013) to work on /opt/airflow/dags/flight-pipeline.py
[2026-04-27T16:08:04.127+0000] {processor.py:830} INFO - Processing file /opt/airflow/dags/flight-pipeline.py for tasks to queue
[2026-04-27T16:08:04.137+0000] {logging_mixin.py:188} INFO - [2026-04-27T16:08:04.136+0000] {dagbag.py:545} INFO - Filling up the DagBag from /opt/airflow/dags/flight-pipeline.py
[2026-04-27T16:08:05.385+0000] {logging_mixin.py:188} INFO - [2026-04-27T16:08:05.383+0000] {dagbag.py:355} ERROR - Failed to import: /opt/airflow/dags/flight-pipeline.py
Traceback (most recent call last):
  File "/home/airflow/.local/lib/python3.12/site-packages/airflow/models/dagbag.py", line 351, in parse
    loader.exec_module(new_module)
  File "<frozen importlib._bootstrap_external>", line 995, in exec_module
  File "<frozen importlib._bootstrap>", line 488, in _call_with_frames_removed
  File "/opt/airflow/dags/flight-pipeline.py", line 15, in <module>
    from scripts.snowflake_implement import snowflake_load
ModuleNotFoundError: No module named 'scripts.snowflake_implement'
[2026-04-27T16:08:05.386+0000] {processor.py:842} WARNING - No viable dags retrieved from /opt/airflow/dags/flight-pipeline.py
[2026-04-27T16:08:05.518+0000] {processor.py:183} INFO - Processing /opt/airflow/dags/flight-pipeline.py took 1.408 seconds
[2026-04-27T16:35:50.153+0000] {processor.py:161} INFO - Started process (PID=2017) to work on /opt/airflow/dags/flight-pipeline.py
[2026-04-27T16:35:50.158+0000] {processor.py:830} INFO - Processing file /opt/airflow/dags/flight-pipeline.py for tasks to queue
[2026-04-27T16:35:50.165+0000] {logging_mixin.py:188} INFO - [2026-04-27T16:35:50.164+0000] {dagbag.py:545} INFO - Filling up the DagBag from /opt/airflow/dags/flight-pipeline.py
[2026-04-27T16:35:51.439+0000] {logging_mixin.py:188} INFO - [2026-04-27T16:35:51.437+0000] {dagbag.py:355} ERROR - Failed to import: /opt/airflow/dags/flight-pipeline.py
Traceback (most recent call last):
  File "/home/airflow/.local/lib/python3.12/site-packages/airflow/models/dagbag.py", line 351, in parse
    loader.exec_module(new_module)
  File "<frozen importlib._bootstrap_external>", line 995, in exec_module
  File "<frozen importlib._bootstrap>", line 488, in _call_with_frames_removed
  File "/opt/airflow/dags/flight-pipeline.py", line 15, in <module>
    from scripts.snowflake_implement import snowflake_load
ModuleNotFoundError: No module named 'scripts.snowflake_implement'
[2026-04-27T16:35:51.440+0000] {processor.py:842} WARNING - No viable dags retrieved from /opt/airflow/dags/flight-pipeline.py
[2026-04-27T16:35:51.464+0000] {processor.py:183} INFO - Processing /opt/airflow/dags/flight-pipeline.py took 1.323 seconds
[2026-04-27T16:36:22.460+0000] {processor.py:161} INFO - Started process (PID=2019) to work on /opt/airflow/dags/flight-pipeline.py
[2026-04-27T16:36:22.480+0000] {processor.py:830} INFO - Processing file /opt/airflow/dags/flight-pipeline.py for tasks to queue
[2026-04-27T16:36:22.508+0000] {logging_mixin.py:188} INFO - [2026-04-27T16:36:22.504+0000] {dagbag.py:545} INFO - Filling up the DagBag from /opt/airflow/dags/flight-pipeline.py
[2026-04-27T16:36:25.971+0000] {logging_mixin.py:188} INFO - [2026-04-27T16:36:25.969+0000] {dagbag.py:355} ERROR - Failed to import: /opt/airflow/dags/flight-pipeline.py
Traceback (most recent call last):
  File "/home/airflow/.local/lib/python3.12/site-packages/airflow/models/dagbag.py", line 351, in parse
    loader.exec_module(new_module)
  File "<frozen importlib._bootstrap_external>", line 995, in exec_module
  File "<frozen importlib._bootstrap>", line 488, in _call_with_frames_removed
  File "/opt/airflow/dags/flight-pipeline.py", line 15, in <module>
    from scripts.snowflake_implement import snowflake_load
ModuleNotFoundError: No module named 'scripts.snowflake_implement'
[2026-04-27T16:36:25.972+0000] {processor.py:842} WARNING - No viable dags retrieved from /opt/airflow/dags/flight-pipeline.py
[2026-04-27T16:36:25.994+0000] {processor.py:183} INFO - Processing /opt/airflow/dags/flight-pipeline.py took 3.628 seconds
[2026-04-27T16:37:59.645+0000] {processor.py:161} INFO - Started process (PID=2022) to work on /opt/airflow/dags/flight-pipeline.py
[2026-04-27T16:37:59.652+0000] {processor.py:830} INFO - Processing file /opt/airflow/dags/flight-pipeline.py for tasks to queue
[2026-04-27T16:37:59.658+0000] {logging_mixin.py:188} INFO - [2026-04-27T16:37:59.657+0000] {dagbag.py:545} INFO - Filling up the DagBag from /opt/airflow/dags/flight-pipeline.py
[2026-04-27T16:38:00.758+0000] {logging_mixin.py:188} INFO - [2026-04-27T16:38:00.756+0000] {dagbag.py:355} ERROR - Failed to import: /opt/airflow/dags/flight-pipeline.py
Traceback (most recent call last):
  File "/home/airflow/.local/lib/python3.12/site-packages/airflow/models/dagbag.py", line 351, in parse
    loader.exec_module(new_module)
  File "<frozen importlib._bootstrap_external>", line 995, in exec_module
  File "<frozen importlib._bootstrap>", line 488, in _call_with_frames_removed
  File "/opt/airflow/dags/flight-pipeline.py", line 15, in <module>
    from scripts.snowflake_implement import snowflake_load
ModuleNotFoundError: No module named 'scripts.snowflake_implement'
[2026-04-27T16:38:00.759+0000] {processor.py:842} WARNING - No viable dags retrieved from /opt/airflow/dags/flight-pipeline.py
[2026-04-27T16:38:00.792+0000] {processor.py:183} INFO - Processing /opt/airflow/dags/flight-pipeline.py took 1.169 seconds
[2026-04-27T16:40:12.655+0000] {processor.py:161} INFO - Started process (PID=2026) to work on /opt/airflow/dags/flight-pipeline.py
[2026-04-27T16:40:12.657+0000] {processor.py:830} INFO - Processing file /opt/airflow/dags/flight-pipeline.py for tasks to queue
[2026-04-27T16:40:12.661+0000] {logging_mixin.py:188} INFO - [2026-04-27T16:40:12.660+0000] {dagbag.py:545} INFO - Filling up the DagBag from /opt/airflow/dags/flight-pipeline.py
[2026-04-27T16:40:13.284+0000] {logging_mixin.py:188} INFO - [2026-04-27T16:40:13.282+0000] {dagbag.py:355} ERROR - Failed to import: /opt/airflow/dags/flight-pipeline.py
Traceback (most recent call last):
  File "/home/airflow/.local/lib/python3.12/site-packages/airflow/models/dagbag.py", line 351, in parse
    loader.exec_module(new_module)
  File "<frozen importlib._bootstrap_external>", line 995, in exec_module
  File "<frozen importlib._bootstrap>", line 488, in _call_with_frames_removed
  File "/opt/airflow/dags/flight-pipeline.py", line 15, in <module>
    from scripts.snowflake_implement import snowflake_load
ModuleNotFoundError: No module named 'scripts.snowflake_implement'
[2026-04-27T16:40:13.285+0000] {processor.py:842} WARNING - No viable dags retrieved from /opt/airflow/dags/flight-pipeline.py
[2026-04-27T16:40:13.313+0000] {processor.py:183} INFO - Processing /opt/airflow/dags/flight-pipeline.py took 0.672 seconds
[2026-04-27T16:40:43.905+0000] {processor.py:161} INFO - Started process (PID=2028) to work on /opt/airflow/dags/flight-pipeline.py
[2026-04-27T16:40:43.907+0000] {processor.py:830} INFO - Processing file /opt/airflow/dags/flight-pipeline.py for tasks to queue
[2026-04-27T16:40:43.909+0000] {logging_mixin.py:188} INFO - [2026-04-27T16:40:43.909+0000] {dagbag.py:545} INFO - Filling up the DagBag from /opt/airflow/dags/flight-pipeline.py
[2026-04-27T16:40:44.377+0000] {logging_mixin.py:188} INFO - [2026-04-27T16:40:44.374+0000] {dagbag.py:355} ERROR - Failed to import: /opt/airflow/dags/flight-pipeline.py
Traceback (most recent call last):
  File "/home/airflow/.local/lib/python3.12/site-packages/airflow/models/dagbag.py", line 351, in parse
    loader.exec_module(new_module)
  File "<frozen importlib._bootstrap_external>", line 995, in exec_module
  File "<frozen importlib._bootstrap>", line 488, in _call_with_frames_removed
  File "/opt/airflow/dags/flight-pipeline.py", line 15, in <module>
    from scripts.snowflake_implement import snowflake_load
ModuleNotFoundError: No module named 'scripts.snowflake_implement'
[2026-04-27T16:40:44.378+0000] {processor.py:842} WARNING - No viable dags retrieved from /opt/airflow/dags/flight-pipeline.py
[2026-04-27T16:40:44.401+0000] {processor.py:183} INFO - Processing /opt/airflow/dags/flight-pipeline.py took 0.503 seconds
[2026-04-27T16:41:15.474+0000] {processor.py:161} INFO - Started process (PID=2030) to work on /opt/airflow/dags/flight-pipeline.py
[2026-04-27T16:41:15.490+0000] {processor.py:830} INFO - Processing file /opt/airflow/dags/flight-pipeline.py for tasks to queue
[2026-04-27T16:41:15.497+0000] {logging_mixin.py:188} INFO - [2026-04-27T16:41:15.495+0000] {dagbag.py:545} INFO - Filling up the DagBag from /opt/airflow/dags/flight-pipeline.py
[2026-04-27T16:41:16.164+0000] {logging_mixin.py:188} INFO - [2026-04-27T16:41:16.162+0000] {dagbag.py:355} ERROR - Failed to import: /opt/airflow/dags/flight-pipeline.py
Traceback (most recent call last):
  File "/home/airflow/.local/lib/python3.12/site-packages/airflow/models/dagbag.py", line 351, in parse
    loader.exec_module(new_module)
  File "<frozen importlib._bootstrap_external>", line 995, in exec_module
  File "<frozen importlib._bootstrap>", line 488, in _call_with_frames_removed
  File "/opt/airflow/dags/flight-pipeline.py", line 15, in <module>
    from scripts.snowflake_implement import snowflake_load
ModuleNotFoundError: No module named 'scripts.snowflake_implement'
[2026-04-27T16:41:16.165+0000] {processor.py:842} WARNING - No viable dags retrieved from /opt/airflow/dags/flight-pipeline.py
[2026-04-27T16:41:16.187+0000] {processor.py:183} INFO - Processing /opt/airflow/dags/flight-pipeline.py took 0.735 seconds
[2026-04-27T16:49:02.445+0000] {processor.py:161} INFO - Started process (PID=2032) to work on /opt/airflow/dags/flight-pipeline.py
[2026-04-27T16:49:02.447+0000] {processor.py:830} INFO - Processing file /opt/airflow/dags/flight-pipeline.py for tasks to queue
[2026-04-27T16:49:02.453+0000] {logging_mixin.py:188} INFO - [2026-04-27T16:49:02.451+0000] {dagbag.py:545} INFO - Filling up the DagBag from /opt/airflow/dags/flight-pipeline.py
[2026-04-27T16:49:05.473+0000] {logging_mixin.py:188} INFO - [2026-04-27T16:49:05.467+0000] {dagbag.py:355} ERROR - Failed to import: /opt/airflow/dags/flight-pipeline.py
Traceback (most recent call last):
  File "/home/airflow/.local/lib/python3.12/site-packages/airflow/models/dagbag.py", line 351, in parse
    loader.exec_module(new_module)
  File "<frozen importlib._bootstrap_external>", line 995, in exec_module
  File "<frozen importlib._bootstrap>", line 488, in _call_with_frames_removed
  File "/opt/airflow/dags/flight-pipeline.py", line 15, in <module>
    from scripts.snowflake_implement import snowflake_load
ModuleNotFoundError: No module named 'scripts.snowflake_implement'
[2026-04-27T16:49:05.474+0000] {processor.py:842} WARNING - No viable dags retrieved from /opt/airflow/dags/flight-pipeline.py
[2026-04-27T16:49:05.574+0000] {processor.py:183} INFO - Processing /opt/airflow/dags/flight-pipeline.py took 3.145 seconds
[2026-04-27T16:49:36.135+0000] {processor.py:161} INFO - Started process (PID=2034) to work on /opt/airflow/dags/flight-pipeline.py
[2026-04-27T16:49:36.137+0000] {processor.py:830} INFO - Processing file /opt/airflow/dags/flight-pipeline.py for tasks to queue
[2026-04-27T16:49:36.140+0000] {logging_mixin.py:188} INFO - [2026-04-27T16:49:36.140+0000] {dagbag.py:545} INFO - Filling up the DagBag from /opt/airflow/dags/flight-pipeline.py
[2026-04-27T16:49:36.647+0000] {logging_mixin.py:188} INFO - [2026-04-27T16:49:36.645+0000] {dagbag.py:355} ERROR - Failed to import: /opt/airflow/dags/flight-pipeline.py
Traceback (most recent call last):
  File "/home/airflow/.local/lib/python3.12/site-packages/airflow/models/dagbag.py", line 351, in parse
    loader.exec_module(new_module)
  File "<frozen importlib._bootstrap_external>", line 995, in exec_module
  File "<frozen importlib._bootstrap>", line 488, in _call_with_frames_removed
  File "/opt/airflow/dags/flight-pipeline.py", line 15, in <module>
    from scripts.snowflake_implement import snowflake_load
ModuleNotFoundError: No module named 'scripts.snowflake_implement'
[2026-04-27T16:49:36.648+0000] {processor.py:842} WARNING - No viable dags retrieved from /opt/airflow/dags/flight-pipeline.py
[2026-04-27T16:49:36.670+0000] {processor.py:183} INFO - Processing /opt/airflow/dags/flight-pipeline.py took 0.544 seconds
[2026-04-27T17:12:28.063+0000] {processor.py:161} INFO - Started process (PID=2037) to work on /opt/airflow/dags/flight-pipeline.py
[2026-04-27T17:12:28.066+0000] {processor.py:830} INFO - Processing file /opt/airflow/dags/flight-pipeline.py for tasks to queue
[2026-04-27T17:12:28.075+0000] {logging_mixin.py:188} INFO - [2026-04-27T17:12:28.075+0000] {dagbag.py:545} INFO - Filling up the DagBag from /opt/airflow/dags/flight-pipeline.py
[2026-04-27T17:12:30.033+0000] {logging_mixin.py:188} INFO - [2026-04-27T17:12:30.017+0000] {dagbag.py:355} ERROR - Failed to import: /opt/airflow/dags/flight-pipeline.py
Traceback (most recent call last):
  File "/home/airflow/.local/lib/python3.12/site-packages/airflow/models/dagbag.py", line 351, in parse
    loader.exec_module(new_module)
  File "<frozen importlib._bootstrap_external>", line 995, in exec_module
  File "<frozen importlib._bootstrap>", line 488, in _call_with_frames_removed
  File "/opt/airflow/dags/flight-pipeline.py", line 15, in <module>
    from scripts.snowflake_implement import snowflake_load
ModuleNotFoundError: No module named 'scripts.snowflake_implement'
[2026-04-27T17:12:30.036+0000] {processor.py:842} WARNING - No viable dags retrieved from /opt/airflow/dags/flight-pipeline.py
[2026-04-27T17:12:30.129+0000] {processor.py:183} INFO - Processing /opt/airflow/dags/flight-pipeline.py took 2.181 seconds
[2026-04-27T17:13:00.397+0000] {processor.py:161} INFO - Started process (PID=2039) to work on /opt/airflow/dags/flight-pipeline.py
[2026-04-27T17:13:00.402+0000] {processor.py:830} INFO - Processing file /opt/airflow/dags/flight-pipeline.py for tasks to queue
[2026-04-27T17:13:00.408+0000] {logging_mixin.py:188} INFO - [2026-04-27T17:13:00.407+0000] {dagbag.py:545} INFO - Filling up the DagBag from /opt/airflow/dags/flight-pipeline.py
[2026-04-27T17:13:01.028+0000] {logging_mixin.py:188} INFO - [2026-04-27T17:13:01.027+0000] {dagbag.py:355} ERROR - Failed to import: /opt/airflow/dags/flight-pipeline.py
Traceback (most recent call last):
  File "/home/airflow/.local/lib/python3.12/site-packages/airflow/models/dagbag.py", line 351, in parse
    loader.exec_module(new_module)
  File "<frozen importlib._bootstrap_external>", line 995, in exec_module
  File "<frozen importlib._bootstrap>", line 488, in _call_with_frames_removed
  File "/opt/airflow/dags/flight-pipeline.py", line 15, in <module>
    from scripts.snowflake_implement import snowflake_load
ModuleNotFoundError: No module named 'scripts.snowflake_implement'
[2026-04-27T17:13:01.029+0000] {processor.py:842} WARNING - No viable dags retrieved from /opt/airflow/dags/flight-pipeline.py
[2026-04-27T17:13:01.056+0000] {processor.py:183} INFO - Processing /opt/airflow/dags/flight-pipeline.py took 0.671 seconds
[2026-04-27T17:13:31.410+0000] {processor.py:161} INFO - Started process (PID=2041) to work on /opt/airflow/dags/flight-pipeline.py
[2026-04-27T17:13:31.412+0000] {processor.py:830} INFO - Processing file /opt/airflow/dags/flight-pipeline.py for tasks to queue
[2026-04-27T17:13:31.414+0000] {logging_mixin.py:188} INFO - [2026-04-27T17:13:31.414+0000] {dagbag.py:545} INFO - Filling up the DagBag from /opt/airflow/dags/flight-pipeline.py
[2026-04-27T17:13:31.927+0000] {logging_mixin.py:188} INFO - [2026-04-27T17:13:31.925+0000] {dagbag.py:355} ERROR - Failed to import: /opt/airflow/dags/flight-pipeline.py
Traceback (most recent call last):
  File "/home/airflow/.local/lib/python3.12/site-packages/airflow/models/dagbag.py", line 351, in parse
    loader.exec_module(new_module)
  File "<frozen importlib._bootstrap_external>", line 995, in exec_module
  File "<frozen importlib._bootstrap>", line 488, in _call_with_frames_removed
  File "/opt/airflow/dags/flight-pipeline.py", line 15, in <module>
    from scripts.snowflake_implement import snowflake_load
ModuleNotFoundError: No module named 'scripts.snowflake_implement'
[2026-04-27T17:13:31.928+0000] {processor.py:842} WARNING - No viable dags retrieved from /opt/airflow/dags/flight-pipeline.py
[2026-04-27T17:13:31.952+0000] {processor.py:183} INFO - Processing /opt/airflow/dags/flight-pipeline.py took 0.552 seconds
[2026-04-27T17:14:02.214+0000] {processor.py:161} INFO - Started process (PID=2043) to work on /opt/airflow/dags/flight-pipeline.py
[2026-04-27T17:14:02.215+0000] {processor.py:830} INFO - Processing file /opt/airflow/dags/flight-pipeline.py for tasks to queue
[2026-04-27T17:14:02.218+0000] {logging_mixin.py:188} INFO - [2026-04-27T17:14:02.218+0000] {dagbag.py:545} INFO - Filling up the DagBag from /opt/airflow/dags/flight-pipeline.py
[2026-04-27T17:14:02.709+0000] {logging_mixin.py:188} INFO - [2026-04-27T17:14:02.707+0000] {dagbag.py:355} ERROR - Failed to import: /opt/airflow/dags/flight-pipeline.py
Traceback (most recent call last):
  File "/home/airflow/.local/lib/python3.12/site-packages/airflow/models/dagbag.py", line 351, in parse
    loader.exec_module(new_module)
  File "<frozen importlib._bootstrap_external>", line 995, in exec_module
  File "<frozen importlib._bootstrap>", line 488, in _call_with_frames_removed
  File "/opt/airflow/dags/flight-pipeline.py", line 15, in <module>
    from scripts.snowflake_implement import snowflake_load
ModuleNotFoundError: No module named 'scripts.snowflake_implement'
[2026-04-27T17:14:02.710+0000] {processor.py:842} WARNING - No viable dags retrieved from /opt/airflow/dags/flight-pipeline.py
[2026-04-27T17:14:02.734+0000] {processor.py:183} INFO - Processing /opt/airflow/dags/flight-pipeline.py took 0.530 seconds
[2026-04-27T17:43:37.648+0000] {processor.py:161} INFO - Started process (PID=2046) to work on /opt/airflow/dags/flight-pipeline.py
[2026-04-27T17:43:37.651+0000] {processor.py:830} INFO - Processing file /opt/airflow/dags/flight-pipeline.py for tasks to queue
[2026-04-27T17:43:37.655+0000] {logging_mixin.py:188} INFO - [2026-04-27T17:43:37.654+0000] {dagbag.py:545} INFO - Filling up the DagBag from /opt/airflow/dags/flight-pipeline.py
[2026-04-27T17:43:39.522+0000] {logging_mixin.py:188} INFO - [2026-04-27T17:43:39.519+0000] {dagbag.py:355} ERROR - Failed to import: /opt/airflow/dags/flight-pipeline.py
Traceback (most recent call last):
  File "/home/airflow/.local/lib/python3.12/site-packages/airflow/models/dagbag.py", line 351, in parse
    loader.exec_module(new_module)
  File "<frozen importlib._bootstrap_external>", line 995, in exec_module
  File "<frozen importlib._bootstrap>", line 488, in _call_with_frames_removed
  File "/opt/airflow/dags/flight-pipeline.py", line 15, in <module>
    from scripts.snowflake_implement import snowflake_load
ModuleNotFoundError: No module named 'scripts.snowflake_implement'
[2026-04-27T17:43:39.523+0000] {processor.py:842} WARNING - No viable dags retrieved from /opt/airflow/dags/flight-pipeline.py
[2026-04-27T17:43:39.638+0000] {processor.py:183} INFO - Processing /opt/airflow/dags/flight-pipeline.py took 2.009 seconds
[2026-04-27T17:44:09.994+0000] {processor.py:161} INFO - Started process (PID=2048) to work on /opt/airflow/dags/flight-pipeline.py
[2026-04-27T17:44:09.995+0000] {processor.py:830} INFO - Processing file /opt/airflow/dags/flight-pipeline.py for tasks to queue
[2026-04-27T17:44:09.999+0000] {logging_mixin.py:188} INFO - [2026-04-27T17:44:09.998+0000] {dagbag.py:545} INFO - Filling up the DagBag from /opt/airflow/dags/flight-pipeline.py
[2026-04-27T17:44:10.586+0000] {logging_mixin.py:188} INFO - [2026-04-27T17:44:10.583+0000] {dagbag.py:355} ERROR - Failed to import: /opt/airflow/dags/flight-pipeline.py
Traceback (most recent call last):
  File "/home/airflow/.local/lib/python3.12/site-packages/airflow/models/dagbag.py", line 351, in parse
    loader.exec_module(new_module)
  File "<frozen importlib._bootstrap_external>", line 995, in exec_module
  File "<frozen importlib._bootstrap>", line 488, in _call_with_frames_removed
  File "/opt/airflow/dags/flight-pipeline.py", line 15, in <module>
    from scripts.snowflake_implement import snowflake_load
ModuleNotFoundError: No module named 'scripts.snowflake_implement'
[2026-04-27T17:44:10.587+0000] {processor.py:842} WARNING - No viable dags retrieved from /opt/airflow/dags/flight-pipeline.py
[2026-04-27T17:44:10.627+0000] {processor.py:183} INFO - Processing /opt/airflow/dags/flight-pipeline.py took 0.645 seconds
[2026-04-27T17:44:40.889+0000] {processor.py:161} INFO - Started process (PID=2050) to work on /opt/airflow/dags/flight-pipeline.py
[2026-04-27T17:44:40.891+0000] {processor.py:830} INFO - Processing file /opt/airflow/dags/flight-pipeline.py for tasks to queue
[2026-04-27T17:44:40.893+0000] {logging_mixin.py:188} INFO - [2026-04-27T17:44:40.893+0000] {dagbag.py:545} INFO - Filling up the DagBag from /opt/airflow/dags/flight-pipeline.py
[2026-04-27T17:44:41.440+0000] {logging_mixin.py:188} INFO - [2026-04-27T17:44:41.438+0000] {dagbag.py:355} ERROR - Failed to import: /opt/airflow/dags/flight-pipeline.py
Traceback (most recent call last):
  File "/home/airflow/.local/lib/python3.12/site-packages/airflow/models/dagbag.py", line 351, in parse
    loader.exec_module(new_module)
  File "<frozen importlib._bootstrap_external>", line 995, in exec_module
  File "<frozen importlib._bootstrap>", line 488, in _call_with_frames_removed
  File "/opt/airflow/dags/flight-pipeline.py", line 15, in <module>
    from scripts.snowflake_implement import snowflake_load
ModuleNotFoundError: No module named 'scripts.snowflake_implement'
[2026-04-27T17:44:41.441+0000] {processor.py:842} WARNING - No viable dags retrieved from /opt/airflow/dags/flight-pipeline.py
[2026-04-27T17:44:41.467+0000] {processor.py:183} INFO - Processing /opt/airflow/dags/flight-pipeline.py took 0.587 seconds
[2026-04-27T17:45:11.737+0000] {processor.py:161} INFO - Started process (PID=2052) to work on /opt/airflow/dags/flight-pipeline.py
[2026-04-27T17:45:11.740+0000] {processor.py:830} INFO - Processing file /opt/airflow/dags/flight-pipeline.py for tasks to queue
[2026-04-27T17:45:11.743+0000] {logging_mixin.py:188} INFO - [2026-04-27T17:45:11.743+0000] {dagbag.py:545} INFO - Filling up the DagBag from /opt/airflow/dags/flight-pipeline.py
[2026-04-27T17:45:12.237+0000] {logging_mixin.py:188} INFO - [2026-04-27T17:45:12.235+0000] {dagbag.py:355} ERROR - Failed to import: /opt/airflow/dags/flight-pipeline.py
Traceback (most recent call last):
  File "/home/airflow/.local/lib/python3.12/site-packages/airflow/models/dagbag.py", line 351, in parse
    loader.exec_module(new_module)
  File "<frozen importlib._bootstrap_external>", line 995, in exec_module
  File "<frozen importlib._bootstrap>", line 488, in _call_with_frames_removed
  File "/opt/airflow/dags/flight-pipeline.py", line 15, in <module>
    from scripts.snowflake_implement import snowflake_load
ModuleNotFoundError: No module named 'scripts.snowflake_implement'
[2026-04-27T17:45:12.237+0000] {processor.py:842} WARNING - No viable dags retrieved from /opt/airflow/dags/flight-pipeline.py
[2026-04-27T17:45:12.262+0000] {processor.py:183} INFO - Processing /opt/airflow/dags/flight-pipeline.py took 0.533 seconds
[2026-04-27T17:45:42.551+0000] {processor.py:161} INFO - Started process (PID=2054) to work on /opt/airflow/dags/flight-pipeline.py
[2026-04-27T17:45:42.553+0000] {processor.py:830} INFO - Processing file /opt/airflow/dags/flight-pipeline.py for tasks to queue
[2026-04-27T17:45:42.555+0000] {logging_mixin.py:188} INFO - [2026-04-27T17:45:42.555+0000] {dagbag.py:545} INFO - Filling up the DagBag from /opt/airflow/dags/flight-pipeline.py
[2026-04-27T17:45:43.025+0000] {logging_mixin.py:188} INFO - [2026-04-27T17:45:43.024+0000] {dagbag.py:355} ERROR - Failed to import: /opt/airflow/dags/flight-pipeline.py
Traceback (most recent call last):
  File "/home/airflow/.local/lib/python3.12/site-packages/airflow/models/dagbag.py", line 351, in parse
    loader.exec_module(new_module)
  File "<frozen importlib._bootstrap_external>", line 995, in exec_module
  File "<frozen importlib._bootstrap>", line 488, in _call_with_frames_removed
  File "/opt/airflow/dags/flight-pipeline.py", line 15, in <module>
    from scripts.snowflake_implement import snowflake_load
ModuleNotFoundError: No module named 'scripts.snowflake_implement'
[2026-04-27T17:45:43.026+0000] {processor.py:842} WARNING - No viable dags retrieved from /opt/airflow/dags/flight-pipeline.py
[2026-04-27T17:45:43.047+0000] {processor.py:183} INFO - Processing /opt/airflow/dags/flight-pipeline.py took 0.504 seconds
[2026-04-27T17:46:13.263+0000] {processor.py:161} INFO - Started process (PID=2056) to work on /opt/airflow/dags/flight-pipeline.py
[2026-04-27T17:46:13.265+0000] {processor.py:830} INFO - Processing file /opt/airflow/dags/flight-pipeline.py for tasks to queue
[2026-04-27T17:46:13.267+0000] {logging_mixin.py:188} INFO - [2026-04-27T17:46:13.267+0000] {dagbag.py:545} INFO - Filling up the DagBag from /opt/airflow/dags/flight-pipeline.py
[2026-04-27T17:46:13.747+0000] {logging_mixin.py:188} INFO - [2026-04-27T17:46:13.745+0000] {dagbag.py:355} ERROR - Failed to import: /opt/airflow/dags/flight-pipeline.py
Traceback (most recent call last):
  File "/home/airflow/.local/lib/python3.12/site-packages/airflow/models/dagbag.py", line 351, in parse
    loader.exec_module(new_module)
  File "<frozen importlib._bootstrap_external>", line 995, in exec_module
  File "<frozen importlib._bootstrap>", line 488, in _call_with_frames_removed
  File "/opt/airflow/dags/flight-pipeline.py", line 15, in <module>
    from scripts.snowflake_implement import snowflake_load
ModuleNotFoundError: No module named 'scripts.snowflake_implement'
[2026-04-27T17:46:13.748+0000] {processor.py:842} WARNING - No viable dags retrieved from /opt/airflow/dags/flight-pipeline.py
[2026-04-27T17:46:13.771+0000] {processor.py:183} INFO - Processing /opt/airflow/dags/flight-pipeline.py took 0.516 seconds
[2026-04-27T17:46:44.047+0000] {processor.py:161} INFO - Started process (PID=2058) to work on /opt/airflow/dags/flight-pipeline.py
[2026-04-27T17:46:44.050+0000] {processor.py:830} INFO - Processing file /opt/airflow/dags/flight-pipeline.py for tasks to queue
[2026-04-27T17:46:44.052+0000] {logging_mixin.py:188} INFO - [2026-04-27T17:46:44.052+0000] {dagbag.py:545} INFO - Filling up the DagBag from /opt/airflow/dags/flight-pipeline.py
[2026-04-27T17:46:44.529+0000] {logging_mixin.py:188} INFO - [2026-04-27T17:46:44.527+0000] {dagbag.py:355} ERROR - Failed to import: /opt/airflow/dags/flight-pipeline.py
Traceback (most recent call last):
  File "/home/airflow/.local/lib/python3.12/site-packages/airflow/models/dagbag.py", line 351, in parse
    loader.exec_module(new_module)
  File "<frozen importlib._bootstrap_external>", line 995, in exec_module
  File "<frozen importlib._bootstrap>", line 488, in _call_with_frames_removed
  File "/opt/airflow/dags/flight-pipeline.py", line 15, in <module>
    from scripts.snowflake_implement import snowflake_load
ModuleNotFoundError: No module named 'scripts.snowflake_implement'
[2026-04-27T17:46:44.530+0000] {processor.py:842} WARNING - No viable dags retrieved from /opt/airflow/dags/flight-pipeline.py
[2026-04-27T17:46:44.555+0000] {processor.py:183} INFO - Processing /opt/airflow/dags/flight-pipeline.py took 0.516 seconds
[2026-04-27T17:47:14.835+0000] {processor.py:161} INFO - Started process (PID=2060) to work on /opt/airflow/dags/flight-pipeline.py
[2026-04-27T17:47:14.837+0000] {processor.py:830} INFO - Processing file /opt/airflow/dags/flight-pipeline.py for tasks to queue
[2026-04-27T17:47:14.839+0000] {logging_mixin.py:188} INFO - [2026-04-27T17:47:14.838+0000] {dagbag.py:545} INFO - Filling up the DagBag from /opt/airflow/dags/flight-pipeline.py
[2026-04-27T17:47:15.312+0000] {logging_mixin.py:188} INFO - [2026-04-27T17:47:15.310+0000] {dagbag.py:355} ERROR - Failed to import: /opt/airflow/dags/flight-pipeline.py
Traceback (most recent call last):
  File "/home/airflow/.local/lib/python3.12/site-packages/airflow/models/dagbag.py", line 351, in parse
    loader.exec_module(new_module)
  File "<frozen importlib._bootstrap_external>", line 995, in exec_module
  File "<frozen importlib._bootstrap>", line 488, in _call_with_frames_removed
  File "/opt/airflow/dags/flight-pipeline.py", line 15, in <module>
    from scripts.snowflake_implement import snowflake_load
ModuleNotFoundError: No module named 'scripts.snowflake_implement'
[2026-04-27T17:47:15.312+0000] {processor.py:842} WARNING - No viable dags retrieved from /opt/airflow/dags/flight-pipeline.py
[2026-04-27T17:47:15.334+0000] {processor.py:183} INFO - Processing /opt/airflow/dags/flight-pipeline.py took 0.509 seconds
[2026-04-27T17:47:45.590+0000] {processor.py:161} INFO - Started process (PID=2062) to work on /opt/airflow/dags/flight-pipeline.py
[2026-04-27T17:47:45.592+0000] {processor.py:830} INFO - Processing file /opt/airflow/dags/flight-pipeline.py for tasks to queue
[2026-04-27T17:47:45.594+0000] {logging_mixin.py:188} INFO - [2026-04-27T17:47:45.593+0000] {dagbag.py:545} INFO - Filling up the DagBag from /opt/airflow/dags/flight-pipeline.py
[2026-04-27T17:47:46.069+0000] {logging_mixin.py:188} INFO - [2026-04-27T17:47:46.067+0000] {dagbag.py:355} ERROR - Failed to import: /opt/airflow/dags/flight-pipeline.py
Traceback (most recent call last):
  File "/home/airflow/.local/lib/python3.12/site-packages/airflow/models/dagbag.py", line 351, in parse
    loader.exec_module(new_module)
  File "<frozen importlib._bootstrap_external>", line 995, in exec_module
  File "<frozen importlib._bootstrap>", line 488, in _call_with_frames_removed
  File "/opt/airflow/dags/flight-pipeline.py", line 15, in <module>
    from scripts.snowflake_implement import snowflake_load
ModuleNotFoundError: No module named 'scripts.snowflake_implement'
[2026-04-27T17:47:46.069+0000] {processor.py:842} WARNING - No viable dags retrieved from /opt/airflow/dags/flight-pipeline.py
[2026-04-27T17:47:46.092+0000] {processor.py:183} INFO - Processing /opt/airflow/dags/flight-pipeline.py took 0.508 seconds
[2026-04-27T17:48:16.366+0000] {processor.py:161} INFO - Started process (PID=2064) to work on /opt/airflow/dags/flight-pipeline.py
[2026-04-27T17:48:16.368+0000] {processor.py:830} INFO - Processing file /opt/airflow/dags/flight-pipeline.py for tasks to queue
[2026-04-27T17:48:16.371+0000] {logging_mixin.py:188} INFO - [2026-04-27T17:48:16.370+0000] {dagbag.py:545} INFO - Filling up the DagBag from /opt/airflow/dags/flight-pipeline.py
[2026-04-27T17:48:16.881+0000] {logging_mixin.py:188} INFO - [2026-04-27T17:48:16.879+0000] {dagbag.py:355} ERROR - Failed to import: /opt/airflow/dags/flight-pipeline.py
Traceback (most recent call last):
  File "/home/airflow/.local/lib/python3.12/site-packages/airflow/models/dagbag.py", line 351, in parse
    loader.exec_module(new_module)
  File "<frozen importlib._bootstrap_external>", line 995, in exec_module
  File "<frozen importlib._bootstrap>", line 488, in _call_with_frames_removed
  File "/opt/airflow/dags/flight-pipeline.py", line 15, in <module>
    from scripts.snowflake_implement import snowflake_load
ModuleNotFoundError: No module named 'scripts.snowflake_implement'
[2026-04-27T17:48:16.882+0000] {processor.py:842} WARNING - No viable dags retrieved from /opt/airflow/dags/flight-pipeline.py
[2026-04-27T17:48:16.907+0000] {processor.py:183} INFO - Processing /opt/airflow/dags/flight-pipeline.py took 0.549 seconds
[2026-04-27T17:48:47.193+0000] {processor.py:161} INFO - Started process (PID=2066) to work on /opt/airflow/dags/flight-pipeline.py
[2026-04-27T17:48:47.194+0000] {processor.py:830} INFO - Processing file /opt/airflow/dags/flight-pipeline.py for tasks to queue
[2026-04-27T17:48:47.197+0000] {logging_mixin.py:188} INFO - [2026-04-27T17:48:47.196+0000] {dagbag.py:545} INFO - Filling up the DagBag from /opt/airflow/dags/flight-pipeline.py
[2026-04-27T17:48:47.669+0000] {logging_mixin.py:188} INFO - [2026-04-27T17:48:47.668+0000] {dagbag.py:355} ERROR - Failed to import: /opt/airflow/dags/flight-pipeline.py
Traceback (most recent call last):
  File "/home/airflow/.local/lib/python3.12/site-packages/airflow/models/dagbag.py", line 351, in parse
    loader.exec_module(new_module)
  File "<frozen importlib._bootstrap_external>", line 995, in exec_module
  File "<frozen importlib._bootstrap>", line 488, in _call_with_frames_removed
  File "/opt/airflow/dags/flight-pipeline.py", line 15, in <module>
    from scripts.snowflake_implement import snowflake_load
ModuleNotFoundError: No module named 'scripts.snowflake_implement'
[2026-04-27T17:48:47.670+0000] {processor.py:842} WARNING - No viable dags retrieved from /opt/airflow/dags/flight-pipeline.py
[2026-04-27T17:48:47.692+0000] {processor.py:183} INFO - Processing /opt/airflow/dags/flight-pipeline.py took 0.507 seconds
[2026-04-27T17:49:17.923+0000] {processor.py:161} INFO - Started process (PID=2068) to work on /opt/airflow/dags/flight-pipeline.py
[2026-04-27T17:49:17.924+0000] {processor.py:830} INFO - Processing file /opt/airflow/dags/flight-pipeline.py for tasks to queue
[2026-04-27T17:49:17.927+0000] {logging_mixin.py:188} INFO - [2026-04-27T17:49:17.926+0000] {dagbag.py:545} INFO - Filling up the DagBag from /opt/airflow/dags/flight-pipeline.py
[2026-04-27T17:49:18.391+0000] {logging_mixin.py:188} INFO - [2026-04-27T17:49:18.389+0000] {dagbag.py:355} ERROR - Failed to import: /opt/airflow/dags/flight-pipeline.py
Traceback (most recent call last):
  File "/home/airflow/.local/lib/python3.12/site-packages/airflow/models/dagbag.py", line 351, in parse
    loader.exec_module(new_module)
  File "<frozen importlib._bootstrap_external>", line 995, in exec_module
  File "<frozen importlib._bootstrap>", line 488, in _call_with_frames_removed
  File "/opt/airflow/dags/flight-pipeline.py", line 15, in <module>
    from scripts.snowflake_implement import snowflake_load
ModuleNotFoundError: No module named 'scripts.snowflake_implement'
[2026-04-27T17:49:18.391+0000] {processor.py:842} WARNING - No viable dags retrieved from /opt/airflow/dags/flight-pipeline.py
[2026-04-27T17:49:18.411+0000] {processor.py:183} INFO - Processing /opt/airflow/dags/flight-pipeline.py took 0.498 seconds
[2026-04-27T17:49:48.680+0000] {processor.py:161} INFO - Started process (PID=2070) to work on /opt/airflow/dags/flight-pipeline.py
[2026-04-27T17:49:48.681+0000] {processor.py:830} INFO - Processing file /opt/airflow/dags/flight-pipeline.py for tasks to queue
[2026-04-27T17:49:48.684+0000] {logging_mixin.py:188} INFO - [2026-04-27T17:49:48.684+0000] {dagbag.py:545} INFO - Filling up the DagBag from /opt/airflow/dags/flight-pipeline.py
[2026-04-27T17:49:49.156+0000] {logging_mixin.py:188} INFO - [2026-04-27T17:49:49.154+0000] {dagbag.py:355} ERROR - Failed to import: /opt/airflow/dags/flight-pipeline.py
Traceback (most recent call last):
  File "/home/airflow/.local/lib/python3.12/site-packages/airflow/models/dagbag.py", line 351, in parse
    loader.exec_module(new_module)
  File "<frozen importlib._bootstrap_external>", line 995, in exec_module
  File "<frozen importlib._bootstrap>", line 488, in _call_with_frames_removed
  File "/opt/airflow/dags/flight-pipeline.py", line 15, in <module>
    from scripts.snowflake_implement import snowflake_load
ModuleNotFoundError: No module named 'scripts.snowflake_implement'
[2026-04-27T17:49:49.156+0000] {processor.py:842} WARNING - No viable dags retrieved from /opt/airflow/dags/flight-pipeline.py
[2026-04-27T17:49:49.179+0000] {processor.py:183} INFO - Processing /opt/airflow/dags/flight-pipeline.py took 0.507 seconds
[2026-04-27T17:50:19.459+0000] {processor.py:161} INFO - Started process (PID=2072) to work on /opt/airflow/dags/flight-pipeline.py
[2026-04-27T17:50:19.461+0000] {processor.py:830} INFO - Processing file /opt/airflow/dags/flight-pipeline.py for tasks to queue
[2026-04-27T17:50:19.463+0000] {logging_mixin.py:188} INFO - [2026-04-27T17:50:19.463+0000] {dagbag.py:545} INFO - Filling up the DagBag from /opt/airflow/dags/flight-pipeline.py
[2026-04-27T17:50:19.930+0000] {logging_mixin.py:188} INFO - [2026-04-27T17:50:19.929+0000] {dagbag.py:355} ERROR - Failed to import: /opt/airflow/dags/flight-pipeline.py
Traceback (most recent call last):
  File "/home/airflow/.local/lib/python3.12/site-packages/airflow/models/dagbag.py", line 351, in parse
    loader.exec_module(new_module)
  File "<frozen importlib._bootstrap_external>", line 995, in exec_module
  File "<frozen importlib._bootstrap>", line 488, in _call_with_frames_removed
  File "/opt/airflow/dags/flight-pipeline.py", line 15, in <module>
    from scripts.snowflake_implement import snowflake_load
ModuleNotFoundError: No module named 'scripts.snowflake_implement'
[2026-04-27T17:50:19.931+0000] {processor.py:842} WARNING - No viable dags retrieved from /opt/airflow/dags/flight-pipeline.py
[2026-04-27T17:50:19.953+0000] {processor.py:183} INFO - Processing /opt/airflow/dags/flight-pipeline.py took 0.502 seconds
[2026-04-27T17:50:50.242+0000] {processor.py:161} INFO - Started process (PID=2074) to work on /opt/airflow/dags/flight-pipeline.py
[2026-04-27T17:50:50.244+0000] {processor.py:830} INFO - Processing file /opt/airflow/dags/flight-pipeline.py for tasks to queue
[2026-04-27T17:50:50.247+0000] {logging_mixin.py:188} INFO - [2026-04-27T17:50:50.246+0000] {dagbag.py:545} INFO - Filling up the DagBag from /opt/airflow/dags/flight-pipeline.py
[2026-04-27T17:50:50.723+0000] {logging_mixin.py:188} INFO - [2026-04-27T17:50:50.722+0000] {dagbag.py:355} ERROR - Failed to import: /opt/airflow/dags/flight-pipeline.py
Traceback (most recent call last):
  File "/home/airflow/.local/lib/python3.12/site-packages/airflow/models/dagbag.py", line 351, in parse
    loader.exec_module(new_module)
  File "<frozen importlib._bootstrap_external>", line 995, in exec_module
  File "<frozen importlib._bootstrap>", line 488, in _call_with_frames_removed
  File "/opt/airflow/dags/flight-pipeline.py", line 15, in <module>
    from scripts.snowflake_implement import snowflake_load
ModuleNotFoundError: No module named 'scripts.snowflake_implement'
[2026-04-27T17:50:50.724+0000] {processor.py:842} WARNING - No viable dags retrieved from /opt/airflow/dags/flight-pipeline.py
[2026-04-27T17:50:50.746+0000] {processor.py:183} INFO - Processing /opt/airflow/dags/flight-pipeline.py took 0.512 seconds
[2026-04-27T17:51:20.955+0000] {processor.py:161} INFO - Started process (PID=2076) to work on /opt/airflow/dags/flight-pipeline.py
[2026-04-27T17:51:20.957+0000] {processor.py:830} INFO - Processing file /opt/airflow/dags/flight-pipeline.py for tasks to queue
[2026-04-27T17:51:20.960+0000] {logging_mixin.py:188} INFO - [2026-04-27T17:51:20.959+0000] {dagbag.py:545} INFO - Filling up the DagBag from /opt/airflow/dags/flight-pipeline.py
[2026-04-27T17:51:21.436+0000] {logging_mixin.py:188} INFO - [2026-04-27T17:51:21.434+0000] {dagbag.py:355} ERROR - Failed to import: /opt/airflow/dags/flight-pipeline.py
Traceback (most recent call last):
  File "/home/airflow/.local/lib/python3.12/site-packages/airflow/models/dagbag.py", line 351, in parse
    loader.exec_module(new_module)
  File "<frozen importlib._bootstrap_external>", line 995, in exec_module
  File "<frozen importlib._bootstrap>", line 488, in _call_with_frames_removed
  File "/opt/airflow/dags/flight-pipeline.py", line 15, in <module>
    from scripts.snowflake_implement import snowflake_load
ModuleNotFoundError: No module named 'scripts.snowflake_implement'
[2026-04-27T17:51:21.436+0000] {processor.py:842} WARNING - No viable dags retrieved from /opt/airflow/dags/flight-pipeline.py
[2026-04-27T17:51:21.457+0000] {processor.py:183} INFO - Processing /opt/airflow/dags/flight-pipeline.py took 0.510 seconds
[2026-04-27T17:51:51.739+0000] {processor.py:161} INFO - Started process (PID=2078) to work on /opt/airflow/dags/flight-pipeline.py
[2026-04-27T17:51:51.745+0000] {processor.py:830} INFO - Processing file /opt/airflow/dags/flight-pipeline.py for tasks to queue
[2026-04-27T17:51:51.748+0000] {logging_mixin.py:188} INFO - [2026-04-27T17:51:51.747+0000] {dagbag.py:545} INFO - Filling up the DagBag from /opt/airflow/dags/flight-pipeline.py
[2026-04-27T17:51:52.223+0000] {logging_mixin.py:188} INFO - [2026-04-27T17:51:52.222+0000] {dagbag.py:355} ERROR - Failed to import: /opt/airflow/dags/flight-pipeline.py
Traceback (most recent call last):
  File "/home/airflow/.local/lib/python3.12/site-packages/airflow/models/dagbag.py", line 351, in parse
    loader.exec_module(new_module)
  File "<frozen importlib._bootstrap_external>", line 995, in exec_module
  File "<frozen importlib._bootstrap>", line 488, in _call_with_frames_removed
  File "/opt/airflow/dags/flight-pipeline.py", line 15, in <module>
    from scripts.snowflake_implement import snowflake_load
ModuleNotFoundError: No module named 'scripts.snowflake_implement'
[2026-04-27T17:51:52.224+0000] {processor.py:842} WARNING - No viable dags retrieved from /opt/airflow/dags/flight-pipeline.py
[2026-04-27T17:51:52.249+0000] {processor.py:183} INFO - Processing /opt/airflow/dags/flight-pipeline.py took 0.519 seconds
[2026-04-27T17:52:22.499+0000] {processor.py:161} INFO - Started process (PID=2080) to work on /opt/airflow/dags/flight-pipeline.py
[2026-04-27T17:52:22.501+0000] {processor.py:830} INFO - Processing file /opt/airflow/dags/flight-pipeline.py for tasks to queue
[2026-04-27T17:52:22.503+0000] {logging_mixin.py:188} INFO - [2026-04-27T17:52:22.503+0000] {dagbag.py:545} INFO - Filling up the DagBag from /opt/airflow/dags/flight-pipeline.py
[2026-04-27T17:52:22.984+0000] {logging_mixin.py:188} INFO - [2026-04-27T17:52:22.983+0000] {dagbag.py:355} ERROR - Failed to import: /opt/airflow/dags/flight-pipeline.py
Traceback (most recent call last):
  File "/home/airflow/.local/lib/python3.12/site-packages/airflow/models/dagbag.py", line 351, in parse
    loader.exec_module(new_module)
  File "<frozen importlib._bootstrap_external>", line 995, in exec_module
  File "<frozen importlib._bootstrap>", line 488, in _call_with_frames_removed
  File "/opt/airflow/dags/flight-pipeline.py", line 15, in <module>
    from scripts.snowflake_implement import snowflake_load
ModuleNotFoundError: No module named 'scripts.snowflake_implement'
[2026-04-27T17:52:22.985+0000] {processor.py:842} WARNING - No viable dags retrieved from /opt/airflow/dags/flight-pipeline.py
[2026-04-27T17:52:23.007+0000] {processor.py:183} INFO - Processing /opt/airflow/dags/flight-pipeline.py took 0.516 seconds
[2026-04-27T17:52:53.293+0000] {processor.py:161} INFO - Started process (PID=2082) to work on /opt/airflow/dags/flight-pipeline.py
[2026-04-27T17:52:53.294+0000] {processor.py:830} INFO - Processing file /opt/airflow/dags/flight-pipeline.py for tasks to queue
[2026-04-27T17:52:53.297+0000] {logging_mixin.py:188} INFO - [2026-04-27T17:52:53.296+0000] {dagbag.py:545} INFO - Filling up the DagBag from /opt/airflow/dags/flight-pipeline.py
[2026-04-27T17:52:53.766+0000] {logging_mixin.py:188} INFO - [2026-04-27T17:52:53.764+0000] {dagbag.py:355} ERROR - Failed to import: /opt/airflow/dags/flight-pipeline.py
Traceback (most recent call last):
  File "/home/airflow/.local/lib/python3.12/site-packages/airflow/models/dagbag.py", line 351, in parse
    loader.exec_module(new_module)
  File "<frozen importlib._bootstrap_external>", line 995, in exec_module
  File "<frozen importlib._bootstrap>", line 488, in _call_with_frames_removed
  File "/opt/airflow/dags/flight-pipeline.py", line 15, in <module>
    from scripts.snowflake_implement import snowflake_load
ModuleNotFoundError: No module named 'scripts.snowflake_implement'
[2026-04-27T17:52:53.766+0000] {processor.py:842} WARNING - No viable dags retrieved from /opt/airflow/dags/flight-pipeline.py
[2026-04-27T17:52:53.789+0000] {processor.py:183} INFO - Processing /opt/airflow/dags/flight-pipeline.py took 0.505 seconds
[2026-04-27T17:53:24.024+0000] {processor.py:161} INFO - Started process (PID=2084) to work on /opt/airflow/dags/flight-pipeline.py
[2026-04-27T17:53:24.026+0000] {processor.py:830} INFO - Processing file /opt/airflow/dags/flight-pipeline.py for tasks to queue
[2026-04-27T17:53:24.028+0000] {logging_mixin.py:188} INFO - [2026-04-27T17:53:24.028+0000] {dagbag.py:545} INFO - Filling up the DagBag from /opt/airflow/dags/flight-pipeline.py
[2026-04-27T17:53:24.506+0000] {logging_mixin.py:188} INFO - [2026-04-27T17:53:24.504+0000] {dagbag.py:355} ERROR - Failed to import: /opt/airflow/dags/flight-pipeline.py
Traceback (most recent call last):
  File "/home/airflow/.local/lib/python3.12/site-packages/airflow/models/dagbag.py", line 351, in parse
    loader.exec_module(new_module)
  File "<frozen importlib._bootstrap_external>", line 995, in exec_module
  File "<frozen importlib._bootstrap>", line 488, in _call_with_frames_removed
  File "/opt/airflow/dags/flight-pipeline.py", line 15, in <module>
    from scripts.snowflake_implement import snowflake_load
ModuleNotFoundError: No module named 'scripts.snowflake_implement'
[2026-04-27T17:53:24.507+0000] {processor.py:842} WARNING - No viable dags retrieved from /opt/airflow/dags/flight-pipeline.py
[2026-04-27T17:53:24.528+0000] {processor.py:183} INFO - Processing /opt/airflow/dags/flight-pipeline.py took 0.513 seconds
[2026-04-27T17:53:54.820+0000] {processor.py:161} INFO - Started process (PID=2086) to work on /opt/airflow/dags/flight-pipeline.py
[2026-04-27T17:53:54.822+0000] {processor.py:830} INFO - Processing file /opt/airflow/dags/flight-pipeline.py for tasks to queue
[2026-04-27T17:53:54.824+0000] {logging_mixin.py:188} INFO - [2026-04-27T17:53:54.823+0000] {dagbag.py:545} INFO - Filling up the DagBag from /opt/airflow/dags/flight-pipeline.py
[2026-04-27T17:53:55.293+0000] {logging_mixin.py:188} INFO - [2026-04-27T17:53:55.291+0000] {dagbag.py:355} ERROR - Failed to import: /opt/airflow/dags/flight-pipeline.py
Traceback (most recent call last):
  File "/home/airflow/.local/lib/python3.12/site-packages/airflow/models/dagbag.py", line 351, in parse
    loader.exec_module(new_module)
  File "<frozen importlib._bootstrap_external>", line 995, in exec_module
  File "<frozen importlib._bootstrap>", line 488, in _call_with_frames_removed
  File "/opt/airflow/dags/flight-pipeline.py", line 15, in <module>
    from scripts.snowflake_implement import snowflake_load
ModuleNotFoundError: No module named 'scripts.snowflake_implement'
[2026-04-27T17:53:55.294+0000] {processor.py:842} WARNING - No viable dags retrieved from /opt/airflow/dags/flight-pipeline.py
[2026-04-27T17:53:55.316+0000] {processor.py:183} INFO - Processing /opt/airflow/dags/flight-pipeline.py took 0.503 seconds
[2026-04-27T17:54:25.564+0000] {processor.py:161} INFO - Started process (PID=2088) to work on /opt/airflow/dags/flight-pipeline.py
[2026-04-27T17:54:25.566+0000] {processor.py:830} INFO - Processing file /opt/airflow/dags/flight-pipeline.py for tasks to queue
[2026-04-27T17:54:25.568+0000] {logging_mixin.py:188} INFO - [2026-04-27T17:54:25.567+0000] {dagbag.py:545} INFO - Filling up the DagBag from /opt/airflow/dags/flight-pipeline.py
[2026-04-27T17:54:26.074+0000] {logging_mixin.py:188} INFO - [2026-04-27T17:54:26.072+0000] {dagbag.py:355} ERROR - Failed to import: /opt/airflow/dags/flight-pipeline.py
Traceback (most recent call last):
  File "/home/airflow/.local/lib/python3.12/site-packages/airflow/models/dagbag.py", line 351, in parse
    loader.exec_module(new_module)
  File "<frozen importlib._bootstrap_external>", line 995, in exec_module
  File "<frozen importlib._bootstrap>", line 488, in _call_with_frames_removed
  File "/opt/airflow/dags/flight-pipeline.py", line 15, in <module>
    from scripts.snowflake_implement import snowflake_load
ModuleNotFoundError: No module named 'scripts.snowflake_implement'
[2026-04-27T17:54:26.075+0000] {processor.py:842} WARNING - No viable dags retrieved from /opt/airflow/dags/flight-pipeline.py
[2026-04-27T17:54:26.096+0000] {processor.py:183} INFO - Processing /opt/airflow/dags/flight-pipeline.py took 0.541 seconds
[2026-04-27T17:54:56.376+0000] {processor.py:161} INFO - Started process (PID=2090) to work on /opt/airflow/dags/flight-pipeline.py
[2026-04-27T17:54:56.378+0000] {processor.py:830} INFO - Processing file /opt/airflow/dags/flight-pipeline.py for tasks to queue
[2026-04-27T17:54:56.380+0000] {logging_mixin.py:188} INFO - [2026-04-27T17:54:56.380+0000] {dagbag.py:545} INFO - Filling up the DagBag from /opt/airflow/dags/flight-pipeline.py
[2026-04-27T17:54:56.854+0000] {logging_mixin.py:188} INFO - [2026-04-27T17:54:56.852+0000] {dagbag.py:355} ERROR - Failed to import: /opt/airflow/dags/flight-pipeline.py
Traceback (most recent call last):
  File "/home/airflow/.local/lib/python3.12/site-packages/airflow/models/dagbag.py", line 351, in parse
    loader.exec_module(new_module)
  File "<frozen importlib._bootstrap_external>", line 995, in exec_module
  File "<frozen importlib._bootstrap>", line 488, in _call_with_frames_removed
  File "/opt/airflow/dags/flight-pipeline.py", line 15, in <module>
    from scripts.snowflake_implement import snowflake_load
ModuleNotFoundError: No module named 'scripts.snowflake_implement'
[2026-04-27T17:54:56.854+0000] {processor.py:842} WARNING - No viable dags retrieved from /opt/airflow/dags/flight-pipeline.py
[2026-04-27T17:54:56.876+0000] {processor.py:183} INFO - Processing /opt/airflow/dags/flight-pipeline.py took 0.509 seconds
[2026-04-27T17:55:27.095+0000] {processor.py:161} INFO - Started process (PID=2092) to work on /opt/airflow/dags/flight-pipeline.py
[2026-04-27T17:55:27.097+0000] {processor.py:830} INFO - Processing file /opt/airflow/dags/flight-pipeline.py for tasks to queue
[2026-04-27T17:55:27.099+0000] {logging_mixin.py:188} INFO - [2026-04-27T17:55:27.098+0000] {dagbag.py:545} INFO - Filling up the DagBag from /opt/airflow/dags/flight-pipeline.py
[2026-04-27T17:55:27.559+0000] {logging_mixin.py:188} INFO - [2026-04-27T17:55:27.557+0000] {dagbag.py:355} ERROR - Failed to import: /opt/airflow/dags/flight-pipeline.py
Traceback (most recent call last):
  File "/home/airflow/.local/lib/python3.12/site-packages/airflow/models/dagbag.py", line 351, in parse
    loader.exec_module(new_module)
  File "<frozen importlib._bootstrap_external>", line 995, in exec_module
  File "<frozen importlib._bootstrap>", line 488, in _call_with_frames_removed
  File "/opt/airflow/dags/flight-pipeline.py", line 15, in <module>
    from scripts.snowflake_implement import snowflake_load
ModuleNotFoundError: No module named 'scripts.snowflake_implement'
[2026-04-27T17:55:27.560+0000] {processor.py:842} WARNING - No viable dags retrieved from /opt/airflow/dags/flight-pipeline.py
[2026-04-27T17:55:27.581+0000] {processor.py:183} INFO - Processing /opt/airflow/dags/flight-pipeline.py took 0.494 seconds
[2026-04-27T17:55:57.840+0000] {processor.py:161} INFO - Started process (PID=2094) to work on /opt/airflow/dags/flight-pipeline.py
[2026-04-27T17:55:57.841+0000] {processor.py:830} INFO - Processing file /opt/airflow/dags/flight-pipeline.py for tasks to queue
[2026-04-27T17:55:57.843+0000] {logging_mixin.py:188} INFO - [2026-04-27T17:55:57.843+0000] {dagbag.py:545} INFO - Filling up the DagBag from /opt/airflow/dags/flight-pipeline.py
[2026-04-27T17:55:58.319+0000] {logging_mixin.py:188} INFO - [2026-04-27T17:55:58.316+0000] {dagbag.py:355} ERROR - Failed to import: /opt/airflow/dags/flight-pipeline.py
Traceback (most recent call last):
  File "/home/airflow/.local/lib/python3.12/site-packages/airflow/models/dagbag.py", line 351, in parse
    loader.exec_module(new_module)
  File "<frozen importlib._bootstrap_external>", line 995, in exec_module
  File "<frozen importlib._bootstrap>", line 488, in _call_with_frames_removed
  File "/opt/airflow/dags/flight-pipeline.py", line 15, in <module>
    from scripts.snowflake_implement import snowflake_load
ModuleNotFoundError: No module named 'scripts.snowflake_implement'
[2026-04-27T17:55:58.320+0000] {processor.py:842} WARNING - No viable dags retrieved from /opt/airflow/dags/flight-pipeline.py
[2026-04-27T17:55:58.342+0000] {processor.py:183} INFO - Processing /opt/airflow/dags/flight-pipeline.py took 0.510 seconds
[2026-04-27T17:56:28.612+0000] {processor.py:161} INFO - Started process (PID=2096) to work on /opt/airflow/dags/flight-pipeline.py
[2026-04-27T17:56:28.614+0000] {processor.py:830} INFO - Processing file /opt/airflow/dags/flight-pipeline.py for tasks to queue
[2026-04-27T17:56:28.616+0000] {logging_mixin.py:188} INFO - [2026-04-27T17:56:28.616+0000] {dagbag.py:545} INFO - Filling up the DagBag from /opt/airflow/dags/flight-pipeline.py
[2026-04-27T17:56:29.111+0000] {logging_mixin.py:188} INFO - [2026-04-27T17:56:29.109+0000] {dagbag.py:355} ERROR - Failed to import: /opt/airflow/dags/flight-pipeline.py
Traceback (most recent call last):
  File "/home/airflow/.local/lib/python3.12/site-packages/airflow/models/dagbag.py", line 351, in parse
    loader.exec_module(new_module)
  File "<frozen importlib._bootstrap_external>", line 995, in exec_module
  File "<frozen importlib._bootstrap>", line 488, in _call_with_frames_removed
  File "/opt/airflow/dags/flight-pipeline.py", line 15, in <module>
    from scripts.snowflake_implement import snowflake_load
ModuleNotFoundError: No module named 'scripts.snowflake_implement'
[2026-04-27T17:56:29.112+0000] {processor.py:842} WARNING - No viable dags retrieved from /opt/airflow/dags/flight-pipeline.py
[2026-04-27T17:56:29.133+0000] {processor.py:183} INFO - Processing /opt/airflow/dags/flight-pipeline.py took 0.528 seconds
[2026-04-27T17:56:59.347+0000] {processor.py:161} INFO - Started process (PID=2098) to work on /opt/airflow/dags/flight-pipeline.py
[2026-04-27T17:56:59.349+0000] {processor.py:830} INFO - Processing file /opt/airflow/dags/flight-pipeline.py for tasks to queue
[2026-04-27T17:56:59.351+0000] {logging_mixin.py:188} INFO - [2026-04-27T17:56:59.351+0000] {dagbag.py:545} INFO - Filling up the DagBag from /opt/airflow/dags/flight-pipeline.py
[2026-04-27T17:56:59.826+0000] {logging_mixin.py:188} INFO - [2026-04-27T17:56:59.824+0000] {dagbag.py:355} ERROR - Failed to import: /opt/airflow/dags/flight-pipeline.py
Traceback (most recent call last):
  File "/home/airflow/.local/lib/python3.12/site-packages/airflow/models/dagbag.py", line 351, in parse
    loader.exec_module(new_module)
  File "<frozen importlib._bootstrap_external>", line 995, in exec_module
  File "<frozen importlib._bootstrap>", line 488, in _call_with_frames_removed
  File "/opt/airflow/dags/flight-pipeline.py", line 15, in <module>
    from scripts.snowflake_implement import snowflake_load
ModuleNotFoundError: No module named 'scripts.snowflake_implement'
[2026-04-27T17:56:59.827+0000] {processor.py:842} WARNING - No viable dags retrieved from /opt/airflow/dags/flight-pipeline.py
[2026-04-27T17:56:59.848+0000] {processor.py:183} INFO - Processing /opt/airflow/dags/flight-pipeline.py took 0.508 seconds
[2026-04-27T17:57:30.110+0000] {processor.py:161} INFO - Started process (PID=2100) to work on /opt/airflow/dags/flight-pipeline.py
[2026-04-27T17:57:30.112+0000] {processor.py:830} INFO - Processing file /opt/airflow/dags/flight-pipeline.py for tasks to queue
[2026-04-27T17:57:30.115+0000] {logging_mixin.py:188} INFO - [2026-04-27T17:57:30.114+0000] {dagbag.py:545} INFO - Filling up the DagBag from /opt/airflow/dags/flight-pipeline.py
[2026-04-27T17:57:30.579+0000] {logging_mixin.py:188} INFO - [2026-04-27T17:57:30.578+0000] {dagbag.py:355} ERROR - Failed to import: /opt/airflow/dags/flight-pipeline.py
Traceback (most recent call last):
  File "/home/airflow/.local/lib/python3.12/site-packages/airflow/models/dagbag.py", line 351, in parse
    loader.exec_module(new_module)
  File "<frozen importlib._bootstrap_external>", line 995, in exec_module
  File "<frozen importlib._bootstrap>", line 488, in _call_with_frames_removed
  File "/opt/airflow/dags/flight-pipeline.py", line 15, in <module>
    from scripts.snowflake_implement import snowflake_load
ModuleNotFoundError: No module named 'scripts.snowflake_implement'
[2026-04-27T17:57:30.580+0000] {processor.py:842} WARNING - No viable dags retrieved from /opt/airflow/dags/flight-pipeline.py
[2026-04-27T17:57:30.601+0000] {processor.py:183} INFO - Processing /opt/airflow/dags/flight-pipeline.py took 0.499 seconds
[2026-04-27T17:58:00.888+0000] {processor.py:161} INFO - Started process (PID=2102) to work on /opt/airflow/dags/flight-pipeline.py
[2026-04-27T17:58:00.890+0000] {processor.py:830} INFO - Processing file /opt/airflow/dags/flight-pipeline.py for tasks to queue
[2026-04-27T17:58:00.892+0000] {logging_mixin.py:188} INFO - [2026-04-27T17:58:00.892+0000] {dagbag.py:545} INFO - Filling up the DagBag from /opt/airflow/dags/flight-pipeline.py
[2026-04-27T17:58:01.369+0000] {logging_mixin.py:188} INFO - [2026-04-27T17:58:01.367+0000] {dagbag.py:355} ERROR - Failed to import: /opt/airflow/dags/flight-pipeline.py
Traceback (most recent call last):
  File "/home/airflow/.local/lib/python3.12/site-packages/airflow/models/dagbag.py", line 351, in parse
    loader.exec_module(new_module)
  File "<frozen importlib._bootstrap_external>", line 995, in exec_module
  File "<frozen importlib._bootstrap>", line 488, in _call_with_frames_removed
  File "/opt/airflow/dags/flight-pipeline.py", line 15, in <module>
    from scripts.snowflake_implement import snowflake_load
ModuleNotFoundError: No module named 'scripts.snowflake_implement'
[2026-04-27T17:58:01.369+0000] {processor.py:842} WARNING - No viable dags retrieved from /opt/airflow/dags/flight-pipeline.py
[2026-04-27T17:58:01.391+0000] {processor.py:183} INFO - Processing /opt/airflow/dags/flight-pipeline.py took 0.511 seconds
[2026-04-27T17:58:31.626+0000] {processor.py:161} INFO - Started process (PID=2104) to work on /opt/airflow/dags/flight-pipeline.py
[2026-04-27T17:58:31.628+0000] {processor.py:830} INFO - Processing file /opt/airflow/dags/flight-pipeline.py for tasks to queue
[2026-04-27T17:58:31.630+0000] {logging_mixin.py:188} INFO - [2026-04-27T17:58:31.630+0000] {dagbag.py:545} INFO - Filling up the DagBag from /opt/airflow/dags/flight-pipeline.py
[2026-04-27T17:58:32.101+0000] {logging_mixin.py:188} INFO - [2026-04-27T17:58:32.099+0000] {dagbag.py:355} ERROR - Failed to import: /opt/airflow/dags/flight-pipeline.py
Traceback (most recent call last):
  File "/home/airflow/.local/lib/python3.12/site-packages/airflow/models/dagbag.py", line 351, in parse
    loader.exec_module(new_module)
  File "<frozen importlib._bootstrap_external>", line 995, in exec_module
  File "<frozen importlib._bootstrap>", line 488, in _call_with_frames_removed
  File "/opt/airflow/dags/flight-pipeline.py", line 15, in <module>
    from scripts.snowflake_implement import snowflake_load
ModuleNotFoundError: No module named 'scripts.snowflake_implement'
[2026-04-27T17:58:32.102+0000] {processor.py:842} WARNING - No viable dags retrieved from /opt/airflow/dags/flight-pipeline.py
[2026-04-27T17:58:32.125+0000] {processor.py:183} INFO - Processing /opt/airflow/dags/flight-pipeline.py took 0.507 seconds
[2026-04-27T17:59:02.400+0000] {processor.py:161} INFO - Started process (PID=2106) to work on /opt/airflow/dags/flight-pipeline.py
[2026-04-27T17:59:02.402+0000] {processor.py:830} INFO - Processing file /opt/airflow/dags/flight-pipeline.py for tasks to queue
[2026-04-27T17:59:02.406+0000] {logging_mixin.py:188} INFO - [2026-04-27T17:59:02.405+0000] {dagbag.py:545} INFO - Filling up the DagBag from /opt/airflow/dags/flight-pipeline.py
[2026-04-27T17:59:02.958+0000] {logging_mixin.py:188} INFO - [2026-04-27T17:59:02.956+0000] {dagbag.py:355} ERROR - Failed to import: /opt/airflow/dags/flight-pipeline.py
Traceback (most recent call last):
  File "/home/airflow/.local/lib/python3.12/site-packages/airflow/models/dagbag.py", line 351, in parse
    loader.exec_module(new_module)
  File "<frozen importlib._bootstrap_external>", line 995, in exec_module
  File "<frozen importlib._bootstrap>", line 488, in _call_with_frames_removed
  File "/opt/airflow/dags/flight-pipeline.py", line 15, in <module>
    from scripts.snowflake_implement import snowflake_load
ModuleNotFoundError: No module named 'scripts.snowflake_implement'
[2026-04-27T17:59:02.958+0000] {processor.py:842} WARNING - No viable dags retrieved from /opt/airflow/dags/flight-pipeline.py
[2026-04-27T17:59:02.984+0000] {processor.py:183} INFO - Processing /opt/airflow/dags/flight-pipeline.py took 0.594 seconds
[2026-04-27T17:59:33.252+0000] {processor.py:161} INFO - Started process (PID=2108) to work on /opt/airflow/dags/flight-pipeline.py
[2026-04-27T17:59:33.254+0000] {processor.py:830} INFO - Processing file /opt/airflow/dags/flight-pipeline.py for tasks to queue
[2026-04-27T17:59:33.257+0000] {logging_mixin.py:188} INFO - [2026-04-27T17:59:33.256+0000] {dagbag.py:545} INFO - Filling up the DagBag from /opt/airflow/dags/flight-pipeline.py
[2026-04-27T17:59:33.731+0000] {logging_mixin.py:188} INFO - [2026-04-27T17:59:33.730+0000] {dagbag.py:355} ERROR - Failed to import: /opt/airflow/dags/flight-pipeline.py
Traceback (most recent call last):
  File "/home/airflow/.local/lib/python3.12/site-packages/airflow/models/dagbag.py", line 351, in parse
    loader.exec_module(new_module)
  File "<frozen importlib._bootstrap_external>", line 995, in exec_module
  File "<frozen importlib._bootstrap>", line 488, in _call_with_frames_removed
  File "/opt/airflow/dags/flight-pipeline.py", line 15, in <module>
    from scripts.snowflake_implement import snowflake_load
ModuleNotFoundError: No module named 'scripts.snowflake_implement'
[2026-04-27T17:59:33.732+0000] {processor.py:842} WARNING - No viable dags retrieved from /opt/airflow/dags/flight-pipeline.py
[2026-04-27T17:59:33.756+0000] {processor.py:183} INFO - Processing /opt/airflow/dags/flight-pipeline.py took 0.513 seconds
[2026-04-27T18:00:04.148+0000] {processor.py:161} INFO - Started process (PID=2110) to work on /opt/airflow/dags/flight-pipeline.py
[2026-04-27T18:00:04.150+0000] {processor.py:830} INFO - Processing file /opt/airflow/dags/flight-pipeline.py for tasks to queue
[2026-04-27T18:00:04.153+0000] {logging_mixin.py:188} INFO - [2026-04-27T18:00:04.153+0000] {dagbag.py:545} INFO - Filling up the DagBag from /opt/airflow/dags/flight-pipeline.py
[2026-04-27T18:00:04.809+0000] {logging_mixin.py:188} INFO - [2026-04-27T18:00:04.807+0000] {dagbag.py:355} ERROR - Failed to import: /opt/airflow/dags/flight-pipeline.py
Traceback (most recent call last):
  File "/home/airflow/.local/lib/python3.12/site-packages/airflow/models/dagbag.py", line 351, in parse
    loader.exec_module(new_module)
  File "<frozen importlib._bootstrap_external>", line 995, in exec_module
  File "<frozen importlib._bootstrap>", line 488, in _call_with_frames_removed
  File "/opt/airflow/dags/flight-pipeline.py", line 15, in <module>
    from scripts.snowflake_implement import snowflake_load
ModuleNotFoundError: No module named 'scripts.snowflake_implement'
[2026-04-27T18:00:04.810+0000] {processor.py:842} WARNING - No viable dags retrieved from /opt/airflow/dags/flight-pipeline.py
[2026-04-27T18:00:04.834+0000] {processor.py:183} INFO - Processing /opt/airflow/dags/flight-pipeline.py took 0.699 seconds
[2026-04-27T18:00:34.887+0000] {processor.py:161} INFO - Started process (PID=2112) to work on /opt/airflow/dags/flight-pipeline.py
[2026-04-27T18:00:34.889+0000] {processor.py:830} INFO - Processing file /opt/airflow/dags/flight-pipeline.py for tasks to queue
[2026-04-27T18:00:34.892+0000] {logging_mixin.py:188} INFO - [2026-04-27T18:00:34.891+0000] {dagbag.py:545} INFO - Filling up the DagBag from /opt/airflow/dags/flight-pipeline.py
[2026-04-27T18:00:35.384+0000] {logging_mixin.py:188} INFO - [2026-04-27T18:00:35.382+0000] {dagbag.py:355} ERROR - Failed to import: /opt/airflow/dags/flight-pipeline.py
Traceback (most recent call last):
  File "/home/airflow/.local/lib/python3.12/site-packages/airflow/models/dagbag.py", line 351, in parse
    loader.exec_module(new_module)
  File "<frozen importlib._bootstrap_external>", line 995, in exec_module
  File "<frozen importlib._bootstrap>", line 488, in _call_with_frames_removed
  File "/opt/airflow/dags/flight-pipeline.py", line 15, in <module>
    from scripts.snowflake_implement import snowflake_load
ModuleNotFoundError: No module named 'scripts.snowflake_implement'
[2026-04-27T18:00:35.384+0000] {processor.py:842} WARNING - No viable dags retrieved from /opt/airflow/dags/flight-pipeline.py
[2026-04-27T18:00:35.407+0000] {processor.py:183} INFO - Processing /opt/airflow/dags/flight-pipeline.py took 0.528 seconds
[2026-04-27T18:01:05.718+0000] {processor.py:161} INFO - Started process (PID=2114) to work on /opt/airflow/dags/flight-pipeline.py
[2026-04-27T18:01:05.721+0000] {processor.py:830} INFO - Processing file /opt/airflow/dags/flight-pipeline.py for tasks to queue
[2026-04-27T18:01:05.724+0000] {logging_mixin.py:188} INFO - [2026-04-27T18:01:05.724+0000] {dagbag.py:545} INFO - Filling up the DagBag from /opt/airflow/dags/flight-pipeline.py
[2026-04-27T18:01:06.253+0000] {logging_mixin.py:188} INFO - [2026-04-27T18:01:06.251+0000] {dagbag.py:355} ERROR - Failed to import: /opt/airflow/dags/flight-pipeline.py
Traceback (most recent call last):
  File "/home/airflow/.local/lib/python3.12/site-packages/airflow/models/dagbag.py", line 351, in parse
    loader.exec_module(new_module)
  File "<frozen importlib._bootstrap_external>", line 995, in exec_module
  File "<frozen importlib._bootstrap>", line 488, in _call_with_frames_removed
  File "/opt/airflow/dags/flight-pipeline.py", line 15, in <module>
    from scripts.snowflake_implement import snowflake_load
ModuleNotFoundError: No module named 'scripts.snowflake_implement'
[2026-04-27T18:01:06.254+0000] {processor.py:842} WARNING - No viable dags retrieved from /opt/airflow/dags/flight-pipeline.py
[2026-04-27T18:01:06.280+0000] {processor.py:183} INFO - Processing /opt/airflow/dags/flight-pipeline.py took 0.572 seconds
[2026-04-27T18:01:36.516+0000] {processor.py:161} INFO - Started process (PID=2116) to work on /opt/airflow/dags/flight-pipeline.py
[2026-04-27T18:01:36.518+0000] {processor.py:830} INFO - Processing file /opt/airflow/dags/flight-pipeline.py for tasks to queue
[2026-04-27T18:01:36.521+0000] {logging_mixin.py:188} INFO - [2026-04-27T18:01:36.521+0000] {dagbag.py:545} INFO - Filling up the DagBag from /opt/airflow/dags/flight-pipeline.py
[2026-04-27T18:01:37.103+0000] {logging_mixin.py:188} INFO - [2026-04-27T18:01:37.101+0000] {dagbag.py:355} ERROR - Failed to import: /opt/airflow/dags/flight-pipeline.py
Traceback (most recent call last):
  File "/home/airflow/.local/lib/python3.12/site-packages/airflow/models/dagbag.py", line 351, in parse
    loader.exec_module(new_module)
  File "<frozen importlib._bootstrap_external>", line 995, in exec_module
  File "<frozen importlib._bootstrap>", line 488, in _call_with_frames_removed
  File "/opt/airflow/dags/flight-pipeline.py", line 15, in <module>
    from scripts.snowflake_implement import snowflake_load
ModuleNotFoundError: No module named 'scripts.snowflake_implement'
[2026-04-27T18:01:37.104+0000] {processor.py:842} WARNING - No viable dags retrieved from /opt/airflow/dags/flight-pipeline.py
[2026-04-27T18:01:37.132+0000] {processor.py:183} INFO - Processing /opt/airflow/dags/flight-pipeline.py took 0.624 seconds
[2026-04-27T18:02:07.277+0000] {processor.py:161} INFO - Started process (PID=2118) to work on /opt/airflow/dags/flight-pipeline.py
[2026-04-27T18:02:07.284+0000] {processor.py:830} INFO - Processing file /opt/airflow/dags/flight-pipeline.py for tasks to queue
[2026-04-27T18:02:07.294+0000] {logging_mixin.py:188} INFO - [2026-04-27T18:02:07.293+0000] {dagbag.py:545} INFO - Filling up the DagBag from /opt/airflow/dags/flight-pipeline.py
[2026-04-27T18:02:08.142+0000] {logging_mixin.py:188} INFO - [2026-04-27T18:02:08.136+0000] {dagbag.py:355} ERROR - Failed to import: /opt/airflow/dags/flight-pipeline.py
Traceback (most recent call last):
  File "/home/airflow/.local/lib/python3.12/site-packages/airflow/models/dagbag.py", line 351, in parse
    loader.exec_module(new_module)
  File "<frozen importlib._bootstrap_external>", line 995, in exec_module
  File "<frozen importlib._bootstrap>", line 488, in _call_with_frames_removed
  File "/opt/airflow/dags/flight-pipeline.py", line 15, in <module>
    from scripts.snowflake_implement import snowflake_load
ModuleNotFoundError: No module named 'scripts.snowflake_implement'
[2026-04-27T18:02:08.143+0000] {processor.py:842} WARNING - No viable dags retrieved from /opt/airflow/dags/flight-pipeline.py
[2026-04-27T18:02:08.174+0000] {processor.py:183} INFO - Processing /opt/airflow/dags/flight-pipeline.py took 0.929 seconds
[2026-04-27T18:02:38.528+0000] {processor.py:161} INFO - Started process (PID=2120) to work on /opt/airflow/dags/flight-pipeline.py
[2026-04-27T18:02:38.531+0000] {processor.py:830} INFO - Processing file /opt/airflow/dags/flight-pipeline.py for tasks to queue
[2026-04-27T18:02:38.535+0000] {logging_mixin.py:188} INFO - [2026-04-27T18:02:38.534+0000] {dagbag.py:545} INFO - Filling up the DagBag from /opt/airflow/dags/flight-pipeline.py
[2026-04-27T18:02:39.266+0000] {logging_mixin.py:188} INFO - [2026-04-27T18:02:39.264+0000] {dagbag.py:355} ERROR - Failed to import: /opt/airflow/dags/flight-pipeline.py
Traceback (most recent call last):
  File "/home/airflow/.local/lib/python3.12/site-packages/airflow/models/dagbag.py", line 351, in parse
    loader.exec_module(new_module)
  File "<frozen importlib._bootstrap_external>", line 995, in exec_module
  File "<frozen importlib._bootstrap>", line 488, in _call_with_frames_removed
  File "/opt/airflow/dags/flight-pipeline.py", line 15, in <module>
    from scripts.snowflake_implement import snowflake_load
ModuleNotFoundError: No module named 'scripts.snowflake_implement'
[2026-04-27T18:02:39.267+0000] {processor.py:842} WARNING - No viable dags retrieved from /opt/airflow/dags/flight-pipeline.py
[2026-04-27T18:02:39.301+0000] {processor.py:183} INFO - Processing /opt/airflow/dags/flight-pipeline.py took 0.786 seconds
[2026-04-27T18:03:09.583+0000] {processor.py:161} INFO - Started process (PID=2122) to work on /opt/airflow/dags/flight-pipeline.py
[2026-04-27T18:03:09.586+0000] {processor.py:830} INFO - Processing file /opt/airflow/dags/flight-pipeline.py for tasks to queue
[2026-04-27T18:03:09.593+0000] {logging_mixin.py:188} INFO - [2026-04-27T18:03:09.592+0000] {dagbag.py:545} INFO - Filling up the DagBag from /opt/airflow/dags/flight-pipeline.py
[2026-04-27T18:03:10.472+0000] {logging_mixin.py:188} INFO - [2026-04-27T18:03:10.470+0000] {dagbag.py:355} ERROR - Failed to import: /opt/airflow/dags/flight-pipeline.py
Traceback (most recent call last):
  File "/home/airflow/.local/lib/python3.12/site-packages/airflow/models/dagbag.py", line 351, in parse
    loader.exec_module(new_module)
  File "<frozen importlib._bootstrap_external>", line 995, in exec_module
  File "<frozen importlib._bootstrap>", line 488, in _call_with_frames_removed
  File "/opt/airflow/dags/flight-pipeline.py", line 15, in <module>
    from scripts.snowflake_implement import snowflake_load
ModuleNotFoundError: No module named 'scripts.snowflake_implement'
[2026-04-27T18:03:10.473+0000] {processor.py:842} WARNING - No viable dags retrieved from /opt/airflow/dags/flight-pipeline.py
[2026-04-27T18:03:10.511+0000] {processor.py:183} INFO - Processing /opt/airflow/dags/flight-pipeline.py took 0.938 seconds
[2026-04-27T18:03:40.851+0000] {processor.py:161} INFO - Started process (PID=2124) to work on /opt/airflow/dags/flight-pipeline.py
[2026-04-27T18:03:40.853+0000] {processor.py:830} INFO - Processing file /opt/airflow/dags/flight-pipeline.py for tasks to queue
[2026-04-27T18:03:40.856+0000] {logging_mixin.py:188} INFO - [2026-04-27T18:03:40.855+0000] {dagbag.py:545} INFO - Filling up the DagBag from /opt/airflow/dags/flight-pipeline.py
[2026-04-27T18:03:41.445+0000] {logging_mixin.py:188} INFO - [2026-04-27T18:03:41.443+0000] {dagbag.py:355} ERROR - Failed to import: /opt/airflow/dags/flight-pipeline.py
Traceback (most recent call last):
  File "/home/airflow/.local/lib/python3.12/site-packages/airflow/models/dagbag.py", line 351, in parse
    loader.exec_module(new_module)
  File "<frozen importlib._bootstrap_external>", line 995, in exec_module
  File "<frozen importlib._bootstrap>", line 488, in _call_with_frames_removed
  File "/opt/airflow/dags/flight-pipeline.py", line 15, in <module>
    from scripts.snowflake_implement import snowflake_load
ModuleNotFoundError: No module named 'scripts.snowflake_implement'
[2026-04-27T18:03:41.446+0000] {processor.py:842} WARNING - No viable dags retrieved from /opt/airflow/dags/flight-pipeline.py
[2026-04-27T18:03:41.468+0000] {processor.py:183} INFO - Processing /opt/airflow/dags/flight-pipeline.py took 0.628 seconds
[2026-04-27T18:04:11.733+0000] {processor.py:161} INFO - Started process (PID=2126) to work on /opt/airflow/dags/flight-pipeline.py
[2026-04-27T18:04:11.735+0000] {processor.py:830} INFO - Processing file /opt/airflow/dags/flight-pipeline.py for tasks to queue
[2026-04-27T18:04:11.739+0000] {logging_mixin.py:188} INFO - [2026-04-27T18:04:11.738+0000] {dagbag.py:545} INFO - Filling up the DagBag from /opt/airflow/dags/flight-pipeline.py
[2026-04-27T18:04:12.381+0000] {logging_mixin.py:188} INFO - [2026-04-27T18:04:12.379+0000] {dagbag.py:355} ERROR - Failed to import: /opt/airflow/dags/flight-pipeline.py
Traceback (most recent call last):
  File "/home/airflow/.local/lib/python3.12/site-packages/airflow/models/dagbag.py", line 351, in parse
    loader.exec_module(new_module)
  File "<frozen importlib._bootstrap_external>", line 995, in exec_module
  File "<frozen importlib._bootstrap>", line 488, in _call_with_frames_removed
  File "/opt/airflow/dags/flight-pipeline.py", line 15, in <module>
    from scripts.snowflake_implement import snowflake_load
ModuleNotFoundError: No module named 'scripts.snowflake_implement'
[2026-04-27T18:04:12.382+0000] {processor.py:842} WARNING - No viable dags retrieved from /opt/airflow/dags/flight-pipeline.py
[2026-04-27T18:04:12.408+0000] {processor.py:183} INFO - Processing /opt/airflow/dags/flight-pipeline.py took 0.685 seconds
[2026-04-27T18:04:42.643+0000] {processor.py:161} INFO - Started process (PID=2128) to work on /opt/airflow/dags/flight-pipeline.py
[2026-04-27T18:04:42.645+0000] {processor.py:830} INFO - Processing file /opt/airflow/dags/flight-pipeline.py for tasks to queue
[2026-04-27T18:04:42.649+0000] {logging_mixin.py:188} INFO - [2026-04-27T18:04:42.648+0000] {dagbag.py:545} INFO - Filling up the DagBag from /opt/airflow/dags/flight-pipeline.py
[2026-04-27T18:04:43.188+0000] {logging_mixin.py:188} INFO - [2026-04-27T18:04:43.186+0000] {dagbag.py:355} ERROR - Failed to import: /opt/airflow/dags/flight-pipeline.py
Traceback (most recent call last):
  File "/home/airflow/.local/lib/python3.12/site-packages/airflow/models/dagbag.py", line 351, in parse
    loader.exec_module(new_module)
  File "<frozen importlib._bootstrap_external>", line 995, in exec_module
  File "<frozen importlib._bootstrap>", line 488, in _call_with_frames_removed
  File "/opt/airflow/dags/flight-pipeline.py", line 15, in <module>
    from scripts.snowflake_implement import snowflake_load
ModuleNotFoundError: No module named 'scripts.snowflake_implement'
[2026-04-27T18:04:43.189+0000] {processor.py:842} WARNING - No viable dags retrieved from /opt/airflow/dags/flight-pipeline.py
[2026-04-27T18:04:43.230+0000] {processor.py:183} INFO - Processing /opt/airflow/dags/flight-pipeline.py took 0.594 seconds
[2026-04-27T18:05:13.518+0000] {processor.py:161} INFO - Started process (PID=2130) to work on /opt/airflow/dags/flight-pipeline.py
[2026-04-27T18:05:13.520+0000] {processor.py:830} INFO - Processing file /opt/airflow/dags/flight-pipeline.py for tasks to queue
[2026-04-27T18:05:13.522+0000] {logging_mixin.py:188} INFO - [2026-04-27T18:05:13.521+0000] {dagbag.py:545} INFO - Filling up the DagBag from /opt/airflow/dags/flight-pipeline.py
[2026-04-27T18:05:14.179+0000] {logging_mixin.py:188} INFO - [2026-04-27T18:05:14.177+0000] {dagbag.py:355} ERROR - Failed to import: /opt/airflow/dags/flight-pipeline.py
Traceback (most recent call last):
  File "/home/airflow/.local/lib/python3.12/site-packages/airflow/models/dagbag.py", line 351, in parse
    loader.exec_module(new_module)
  File "<frozen importlib._bootstrap_external>", line 995, in exec_module
  File "<frozen importlib._bootstrap>", line 488, in _call_with_frames_removed
  File "/opt/airflow/dags/flight-pipeline.py", line 15, in <module>
    from scripts.snowflake_implement import snowflake_load
ModuleNotFoundError: No module named 'scripts.snowflake_implement'
[2026-04-27T18:05:14.180+0000] {processor.py:842} WARNING - No viable dags retrieved from /opt/airflow/dags/flight-pipeline.py
[2026-04-27T18:05:14.202+0000] {processor.py:183} INFO - Processing /opt/airflow/dags/flight-pipeline.py took 0.693 seconds
[2026-04-27T18:05:44.448+0000] {processor.py:161} INFO - Started process (PID=2132) to work on /opt/airflow/dags/flight-pipeline.py
[2026-04-27T18:05:44.450+0000] {processor.py:830} INFO - Processing file /opt/airflow/dags/flight-pipeline.py for tasks to queue
[2026-04-27T18:05:44.453+0000] {logging_mixin.py:188} INFO - [2026-04-27T18:05:44.452+0000] {dagbag.py:545} INFO - Filling up the DagBag from /opt/airflow/dags/flight-pipeline.py
[2026-04-27T18:05:45.033+0000] {logging_mixin.py:188} INFO - [2026-04-27T18:05:45.031+0000] {dagbag.py:355} ERROR - Failed to import: /opt/airflow/dags/flight-pipeline.py
Traceback (most recent call last):
  File "/home/airflow/.local/lib/python3.12/site-packages/airflow/models/dagbag.py", line 351, in parse
    loader.exec_module(new_module)
  File "<frozen importlib._bootstrap_external>", line 995, in exec_module
  File "<frozen importlib._bootstrap>", line 488, in _call_with_frames_removed
  File "/opt/airflow/dags/flight-pipeline.py", line 15, in <module>
    from scripts.snowflake_implement import snowflake_load
ModuleNotFoundError: No module named 'scripts.snowflake_implement'
[2026-04-27T18:05:45.033+0000] {processor.py:842} WARNING - No viable dags retrieved from /opt/airflow/dags/flight-pipeline.py
[2026-04-27T18:05:45.055+0000] {processor.py:183} INFO - Processing /opt/airflow/dags/flight-pipeline.py took 0.616 seconds
[2026-04-27T18:06:15.381+0000] {processor.py:161} INFO - Started process (PID=2134) to work on /opt/airflow/dags/flight-pipeline.py
[2026-04-27T18:06:15.383+0000] {processor.py:830} INFO - Processing file /opt/airflow/dags/flight-pipeline.py for tasks to queue
[2026-04-27T18:06:15.386+0000] {logging_mixin.py:188} INFO - [2026-04-27T18:06:15.386+0000] {dagbag.py:545} INFO - Filling up the DagBag from /opt/airflow/dags/flight-pipeline.py
[2026-04-27T18:06:15.986+0000] {logging_mixin.py:188} INFO - [2026-04-27T18:06:15.984+0000] {dagbag.py:355} ERROR - Failed to import: /opt/airflow/dags/flight-pipeline.py
Traceback (most recent call last):
  File "/home/airflow/.local/lib/python3.12/site-packages/airflow/models/dagbag.py", line 351, in parse
    loader.exec_module(new_module)
  File "<frozen importlib._bootstrap_external>", line 995, in exec_module
  File "<frozen importlib._bootstrap>", line 488, in _call_with_frames_removed
  File "/opt/airflow/dags/flight-pipeline.py", line 15, in <module>
    from scripts.snowflake_implement import snowflake_load
ModuleNotFoundError: No module named 'scripts.snowflake_implement'
[2026-04-27T18:06:15.987+0000] {processor.py:842} WARNING - No viable dags retrieved from /opt/airflow/dags/flight-pipeline.py
[2026-04-27T18:06:16.012+0000] {processor.py:183} INFO - Processing /opt/airflow/dags/flight-pipeline.py took 0.643 seconds
[2026-04-27T18:06:46.251+0000] {processor.py:161} INFO - Started process (PID=2136) to work on /opt/airflow/dags/flight-pipeline.py
[2026-04-27T18:06:46.253+0000] {processor.py:830} INFO - Processing file /opt/airflow/dags/flight-pipeline.py for tasks to queue
[2026-04-27T18:06:46.255+0000] {logging_mixin.py:188} INFO - [2026-04-27T18:06:46.255+0000] {dagbag.py:545} INFO - Filling up the DagBag from /opt/airflow/dags/flight-pipeline.py
[2026-04-27T18:06:46.789+0000] {logging_mixin.py:188} INFO - [2026-04-27T18:06:46.786+0000] {dagbag.py:355} ERROR - Failed to import: /opt/airflow/dags/flight-pipeline.py
Traceback (most recent call last):
  File "/home/airflow/.local/lib/python3.12/site-packages/airflow/models/dagbag.py", line 351, in parse
    loader.exec_module(new_module)
  File "<frozen importlib._bootstrap_external>", line 995, in exec_module
  File "<frozen importlib._bootstrap>", line 488, in _call_with_frames_removed
  File "/opt/airflow/dags/flight-pipeline.py", line 15, in <module>
    from scripts.snowflake_implement import snowflake_load
ModuleNotFoundError: No module named 'scripts.snowflake_implement'
[2026-04-27T18:06:46.790+0000] {processor.py:842} WARNING - No viable dags retrieved from /opt/airflow/dags/flight-pipeline.py
[2026-04-27T18:06:46.818+0000] {processor.py:183} INFO - Processing /opt/airflow/dags/flight-pipeline.py took 0.575 seconds
[2026-04-27T18:07:17.219+0000] {processor.py:161} INFO - Started process (PID=2138) to work on /opt/airflow/dags/flight-pipeline.py
[2026-04-27T18:07:17.222+0000] {processor.py:830} INFO - Processing file /opt/airflow/dags/flight-pipeline.py for tasks to queue
[2026-04-27T18:07:17.225+0000] {logging_mixin.py:188} INFO - [2026-04-27T18:07:17.225+0000] {dagbag.py:545} INFO - Filling up the DagBag from /opt/airflow/dags/flight-pipeline.py
[2026-04-27T18:07:17.815+0000] {logging_mixin.py:188} INFO - [2026-04-27T18:07:17.813+0000] {dagbag.py:355} ERROR - Failed to import: /opt/airflow/dags/flight-pipeline.py
Traceback (most recent call last):
  File "/home/airflow/.local/lib/python3.12/site-packages/airflow/models/dagbag.py", line 351, in parse
    loader.exec_module(new_module)
  File "<frozen importlib._bootstrap_external>", line 995, in exec_module
  File "<frozen importlib._bootstrap>", line 488, in _call_with_frames_removed
  File "/opt/airflow/dags/flight-pipeline.py", line 15, in <module>
    from scripts.snowflake_implement import snowflake_load
ModuleNotFoundError: No module named 'scripts.snowflake_implement'
[2026-04-27T18:07:17.815+0000] {processor.py:842} WARNING - No viable dags retrieved from /opt/airflow/dags/flight-pipeline.py
[2026-04-27T18:07:17.841+0000] {processor.py:183} INFO - Processing /opt/airflow/dags/flight-pipeline.py took 0.633 seconds
[2026-04-27T18:07:48.124+0000] {processor.py:161} INFO - Started process (PID=2140) to work on /opt/airflow/dags/flight-pipeline.py
[2026-04-27T18:07:48.126+0000] {processor.py:830} INFO - Processing file /opt/airflow/dags/flight-pipeline.py for tasks to queue
[2026-04-27T18:07:48.129+0000] {logging_mixin.py:188} INFO - [2026-04-27T18:07:48.128+0000] {dagbag.py:545} INFO - Filling up the DagBag from /opt/airflow/dags/flight-pipeline.py
[2026-04-27T18:07:48.608+0000] {logging_mixin.py:188} INFO - [2026-04-27T18:07:48.606+0000] {dagbag.py:355} ERROR - Failed to import: /opt/airflow/dags/flight-pipeline.py
Traceback (most recent call last):
  File "/home/airflow/.local/lib/python3.12/site-packages/airflow/models/dagbag.py", line 351, in parse
    loader.exec_module(new_module)
  File "<frozen importlib._bootstrap_external>", line 995, in exec_module
  File "<frozen importlib._bootstrap>", line 488, in _call_with_frames_removed
  File "/opt/airflow/dags/flight-pipeline.py", line 15, in <module>
    from scripts.snowflake_implement import snowflake_load
ModuleNotFoundError: No module named 'scripts.snowflake_implement'
[2026-04-27T18:07:48.609+0000] {processor.py:842} WARNING - No viable dags retrieved from /opt/airflow/dags/flight-pipeline.py
[2026-04-27T18:07:48.632+0000] {processor.py:183} INFO - Processing /opt/airflow/dags/flight-pipeline.py took 0.516 seconds
[2026-04-27T18:08:18.938+0000] {processor.py:161} INFO - Started process (PID=2142) to work on /opt/airflow/dags/flight-pipeline.py
[2026-04-27T18:08:18.940+0000] {processor.py:830} INFO - Processing file /opt/airflow/dags/flight-pipeline.py for tasks to queue
[2026-04-27T18:08:18.943+0000] {logging_mixin.py:188} INFO - [2026-04-27T18:08:18.942+0000] {dagbag.py:545} INFO - Filling up the DagBag from /opt/airflow/dags/flight-pipeline.py
[2026-04-27T18:08:19.484+0000] {logging_mixin.py:188} INFO - [2026-04-27T18:08:19.482+0000] {dagbag.py:355} ERROR - Failed to import: /opt/airflow/dags/flight-pipeline.py
Traceback (most recent call last):
  File "/home/airflow/.local/lib/python3.12/site-packages/airflow/models/dagbag.py", line 351, in parse
    loader.exec_module(new_module)
  File "<frozen importlib._bootstrap_external>", line 995, in exec_module
  File "<frozen importlib._bootstrap>", line 488, in _call_with_frames_removed
  File "/opt/airflow/dags/flight-pipeline.py", line 15, in <module>
    from scripts.snowflake_implement import snowflake_load
ModuleNotFoundError: No module named 'scripts.snowflake_implement'
[2026-04-27T18:08:19.485+0000] {processor.py:842} WARNING - No viable dags retrieved from /opt/airflow/dags/flight-pipeline.py
[2026-04-27T18:08:19.509+0000] {processor.py:183} INFO - Processing /opt/airflow/dags/flight-pipeline.py took 0.579 seconds
[2026-04-27T18:08:49.662+0000] {processor.py:161} INFO - Started process (PID=2144) to work on /opt/airflow/dags/flight-pipeline.py
[2026-04-27T18:08:49.663+0000] {processor.py:830} INFO - Processing file /opt/airflow/dags/flight-pipeline.py for tasks to queue
[2026-04-27T18:08:49.666+0000] {logging_mixin.py:188} INFO - [2026-04-27T18:08:49.666+0000] {dagbag.py:545} INFO - Filling up the DagBag from /opt/airflow/dags/flight-pipeline.py
[2026-04-27T18:08:50.140+0000] {logging_mixin.py:188} INFO - [2026-04-27T18:08:50.138+0000] {dagbag.py:355} ERROR - Failed to import: /opt/airflow/dags/flight-pipeline.py
Traceback (most recent call last):
  File "/home/airflow/.local/lib/python3.12/site-packages/airflow/models/dagbag.py", line 351, in parse
    loader.exec_module(new_module)
  File "<frozen importlib._bootstrap_external>", line 995, in exec_module
  File "<frozen importlib._bootstrap>", line 488, in _call_with_frames_removed
  File "/opt/airflow/dags/flight-pipeline.py", line 15, in <module>
    from scripts.snowflake_implement import snowflake_load
ModuleNotFoundError: No module named 'scripts.snowflake_implement'
[2026-04-27T18:08:50.141+0000] {processor.py:842} WARNING - No viable dags retrieved from /opt/airflow/dags/flight-pipeline.py
[2026-04-27T18:08:50.164+0000] {processor.py:183} INFO - Processing /opt/airflow/dags/flight-pipeline.py took 0.510 seconds
[2026-04-27T18:09:20.440+0000] {processor.py:161} INFO - Started process (PID=2146) to work on /opt/airflow/dags/flight-pipeline.py
[2026-04-27T18:09:20.442+0000] {processor.py:830} INFO - Processing file /opt/airflow/dags/flight-pipeline.py for tasks to queue
[2026-04-27T18:09:20.445+0000] {logging_mixin.py:188} INFO - [2026-04-27T18:09:20.444+0000] {dagbag.py:545} INFO - Filling up the DagBag from /opt/airflow/dags/flight-pipeline.py
[2026-04-27T18:09:21.260+0000] {logging_mixin.py:188} INFO - [2026-04-27T18:09:21.257+0000] {dagbag.py:355} ERROR - Failed to import: /opt/airflow/dags/flight-pipeline.py
Traceback (most recent call last):
  File "/home/airflow/.local/lib/python3.12/site-packages/airflow/models/dagbag.py", line 351, in parse
    loader.exec_module(new_module)
  File "<frozen importlib._bootstrap_external>", line 995, in exec_module
  File "<frozen importlib._bootstrap>", line 488, in _call_with_frames_removed
  File "/opt/airflow/dags/flight-pipeline.py", line 15, in <module>
    from scripts.snowflake_implement import snowflake_load
ModuleNotFoundError: No module named 'scripts.snowflake_implement'
[2026-04-27T18:09:21.261+0000] {processor.py:842} WARNING - No viable dags retrieved from /opt/airflow/dags/flight-pipeline.py
[2026-04-27T18:09:21.298+0000] {processor.py:183} INFO - Processing /opt/airflow/dags/flight-pipeline.py took 0.866 seconds
[2026-04-27T18:09:51.489+0000] {processor.py:161} INFO - Started process (PID=2148) to work on /opt/airflow/dags/flight-pipeline.py
[2026-04-27T18:09:51.493+0000] {processor.py:830} INFO - Processing file /opt/airflow/dags/flight-pipeline.py for tasks to queue
[2026-04-27T18:09:51.497+0000] {logging_mixin.py:188} INFO - [2026-04-27T18:09:51.496+0000] {dagbag.py:545} INFO - Filling up the DagBag from /opt/airflow/dags/flight-pipeline.py
[2026-04-27T18:09:51.987+0000] {logging_mixin.py:188} INFO - [2026-04-27T18:09:51.985+0000] {dagbag.py:355} ERROR - Failed to import: /opt/airflow/dags/flight-pipeline.py
Traceback (most recent call last):
  File "/home/airflow/.local/lib/python3.12/site-packages/airflow/models/dagbag.py", line 351, in parse
    loader.exec_module(new_module)
  File "<frozen importlib._bootstrap_external>", line 995, in exec_module
  File "<frozen importlib._bootstrap>", line 488, in _call_with_frames_removed
  File "/opt/airflow/dags/flight-pipeline.py", line 15, in <module>
    from scripts.snowflake_implement import snowflake_load
ModuleNotFoundError: No module named 'scripts.snowflake_implement'
[2026-04-27T18:09:51.988+0000] {processor.py:842} WARNING - No viable dags retrieved from /opt/airflow/dags/flight-pipeline.py
[2026-04-27T18:09:52.011+0000] {processor.py:183} INFO - Processing /opt/airflow/dags/flight-pipeline.py took 0.530 seconds
[2026-04-27T18:10:22.194+0000] {processor.py:161} INFO - Started process (PID=2150) to work on /opt/airflow/dags/flight-pipeline.py
[2026-04-27T18:10:22.199+0000] {processor.py:830} INFO - Processing file /opt/airflow/dags/flight-pipeline.py for tasks to queue
[2026-04-27T18:10:22.202+0000] {logging_mixin.py:188} INFO - [2026-04-27T18:10:22.202+0000] {dagbag.py:545} INFO - Filling up the DagBag from /opt/airflow/dags/flight-pipeline.py
[2026-04-27T18:10:22.684+0000] {logging_mixin.py:188} INFO - [2026-04-27T18:10:22.683+0000] {dagbag.py:355} ERROR - Failed to import: /opt/airflow/dags/flight-pipeline.py
Traceback (most recent call last):
  File "/home/airflow/.local/lib/python3.12/site-packages/airflow/models/dagbag.py", line 351, in parse
    loader.exec_module(new_module)
  File "<frozen importlib._bootstrap_external>", line 995, in exec_module
  File "<frozen importlib._bootstrap>", line 488, in _call_with_frames_removed
  File "/opt/airflow/dags/flight-pipeline.py", line 15, in <module>
    from scripts.snowflake_implement import snowflake_load
ModuleNotFoundError: No module named 'scripts.snowflake_implement'
[2026-04-27T18:10:22.685+0000] {processor.py:842} WARNING - No viable dags retrieved from /opt/airflow/dags/flight-pipeline.py
[2026-04-27T18:10:22.707+0000] {processor.py:183} INFO - Processing /opt/airflow/dags/flight-pipeline.py took 0.521 seconds
[2026-04-27T18:10:52.818+0000] {processor.py:161} INFO - Started process (PID=2152) to work on /opt/airflow/dags/flight-pipeline.py
[2026-04-27T18:10:52.824+0000] {processor.py:830} INFO - Processing file /opt/airflow/dags/flight-pipeline.py for tasks to queue
[2026-04-27T18:10:52.827+0000] {logging_mixin.py:188} INFO - [2026-04-27T18:10:52.826+0000] {dagbag.py:545} INFO - Filling up the DagBag from /opt/airflow/dags/flight-pipeline.py
[2026-04-27T18:10:53.343+0000] {logging_mixin.py:188} INFO - [2026-04-27T18:10:53.341+0000] {dagbag.py:355} ERROR - Failed to import: /opt/airflow/dags/flight-pipeline.py
Traceback (most recent call last):
  File "/home/airflow/.local/lib/python3.12/site-packages/airflow/models/dagbag.py", line 351, in parse
    loader.exec_module(new_module)
  File "<frozen importlib._bootstrap_external>", line 995, in exec_module
  File "<frozen importlib._bootstrap>", line 488, in _call_with_frames_removed
  File "/opt/airflow/dags/flight-pipeline.py", line 15, in <module>
    from scripts.snowflake_implement import snowflake_load
ModuleNotFoundError: No module named 'scripts.snowflake_implement'
[2026-04-27T18:10:53.344+0000] {processor.py:842} WARNING - No viable dags retrieved from /opt/airflow/dags/flight-pipeline.py
[2026-04-27T18:10:53.364+0000] {processor.py:183} INFO - Processing /opt/airflow/dags/flight-pipeline.py took 0.554 seconds
[2026-04-27T18:11:23.555+0000] {processor.py:161} INFO - Started process (PID=2154) to work on /opt/airflow/dags/flight-pipeline.py
[2026-04-27T18:11:23.560+0000] {processor.py:830} INFO - Processing file /opt/airflow/dags/flight-pipeline.py for tasks to queue
[2026-04-27T18:11:23.563+0000] {logging_mixin.py:188} INFO - [2026-04-27T18:11:23.562+0000] {dagbag.py:545} INFO - Filling up the DagBag from /opt/airflow/dags/flight-pipeline.py
[2026-04-27T18:11:24.060+0000] {logging_mixin.py:188} INFO - [2026-04-27T18:11:24.058+0000] {dagbag.py:355} ERROR - Failed to import: /opt/airflow/dags/flight-pipeline.py
Traceback (most recent call last):
  File "/home/airflow/.local/lib/python3.12/site-packages/airflow/models/dagbag.py", line 351, in parse
    loader.exec_module(new_module)
  File "<frozen importlib._bootstrap_external>", line 995, in exec_module
  File "<frozen importlib._bootstrap>", line 488, in _call_with_frames_removed
  File "/opt/airflow/dags/flight-pipeline.py", line 15, in <module>
    from scripts.snowflake_implement import snowflake_load
ModuleNotFoundError: No module named 'scripts.snowflake_implement'
[2026-04-27T18:11:24.061+0000] {processor.py:842} WARNING - No viable dags retrieved from /opt/airflow/dags/flight-pipeline.py
[2026-04-27T18:11:24.082+0000] {processor.py:183} INFO - Processing /opt/airflow/dags/flight-pipeline.py took 0.535 seconds
[2026-04-27T18:11:54.210+0000] {processor.py:161} INFO - Started process (PID=2156) to work on /opt/airflow/dags/flight-pipeline.py
[2026-04-27T18:11:54.216+0000] {processor.py:830} INFO - Processing file /opt/airflow/dags/flight-pipeline.py for tasks to queue
[2026-04-27T18:11:54.218+0000] {logging_mixin.py:188} INFO - [2026-04-27T18:11:54.217+0000] {dagbag.py:545} INFO - Filling up the DagBag from /opt/airflow/dags/flight-pipeline.py
[2026-04-27T18:11:54.768+0000] {logging_mixin.py:188} INFO - [2026-04-27T18:11:54.765+0000] {dagbag.py:355} ERROR - Failed to import: /opt/airflow/dags/flight-pipeline.py
Traceback (most recent call last):
  File "/home/airflow/.local/lib/python3.12/site-packages/airflow/models/dagbag.py", line 351, in parse
    loader.exec_module(new_module)
  File "<frozen importlib._bootstrap_external>", line 995, in exec_module
  File "<frozen importlib._bootstrap>", line 488, in _call_with_frames_removed
  File "/opt/airflow/dags/flight-pipeline.py", line 15, in <module>
    from scripts.snowflake_implement import snowflake_load
ModuleNotFoundError: No module named 'scripts.snowflake_implement'
[2026-04-27T18:11:54.768+0000] {processor.py:842} WARNING - No viable dags retrieved from /opt/airflow/dags/flight-pipeline.py
[2026-04-27T18:11:54.792+0000] {processor.py:183} INFO - Processing /opt/airflow/dags/flight-pipeline.py took 0.590 seconds
[2026-04-27T18:12:24.968+0000] {processor.py:161} INFO - Started process (PID=2158) to work on /opt/airflow/dags/flight-pipeline.py
[2026-04-27T18:12:24.975+0000] {processor.py:830} INFO - Processing file /opt/airflow/dags/flight-pipeline.py for tasks to queue
[2026-04-27T18:12:24.978+0000] {logging_mixin.py:188} INFO - [2026-04-27T18:12:24.977+0000] {dagbag.py:545} INFO - Filling up the DagBag from /opt/airflow/dags/flight-pipeline.py
[2026-04-27T18:12:25.599+0000] {logging_mixin.py:188} INFO - [2026-04-27T18:12:25.594+0000] {dagbag.py:355} ERROR - Failed to import: /opt/airflow/dags/flight-pipeline.py
Traceback (most recent call last):
  File "/home/airflow/.local/lib/python3.12/site-packages/airflow/models/dagbag.py", line 351, in parse
    loader.exec_module(new_module)
  File "<frozen importlib._bootstrap_external>", line 995, in exec_module
  File "<frozen importlib._bootstrap>", line 488, in _call_with_frames_removed
  File "/opt/airflow/dags/flight-pipeline.py", line 15, in <module>
    from scripts.snowflake_implement import snowflake_load
ModuleNotFoundError: No module named 'scripts.snowflake_implement'
[2026-04-27T18:12:25.601+0000] {processor.py:842} WARNING - No viable dags retrieved from /opt/airflow/dags/flight-pipeline.py
[2026-04-27T18:12:25.649+0000] {processor.py:183} INFO - Processing /opt/airflow/dags/flight-pipeline.py took 0.692 seconds
[2026-04-27T18:12:55.839+0000] {processor.py:161} INFO - Started process (PID=2160) to work on /opt/airflow/dags/flight-pipeline.py
[2026-04-27T18:12:55.847+0000] {processor.py:830} INFO - Processing file /opt/airflow/dags/flight-pipeline.py for tasks to queue
[2026-04-27T18:12:55.849+0000] {logging_mixin.py:188} INFO - [2026-04-27T18:12:55.849+0000] {dagbag.py:545} INFO - Filling up the DagBag from /opt/airflow/dags/flight-pipeline.py
[2026-04-27T18:12:56.355+0000] {logging_mixin.py:188} INFO - [2026-04-27T18:12:56.353+0000] {dagbag.py:355} ERROR - Failed to import: /opt/airflow/dags/flight-pipeline.py
Traceback (most recent call last):
  File "/home/airflow/.local/lib/python3.12/site-packages/airflow/models/dagbag.py", line 351, in parse
    loader.exec_module(new_module)
  File "<frozen importlib._bootstrap_external>", line 995, in exec_module
  File "<frozen importlib._bootstrap>", line 488, in _call_with_frames_removed
  File "/opt/airflow/dags/flight-pipeline.py", line 15, in <module>
    from scripts.snowflake_implement import snowflake_load
ModuleNotFoundError: No module named 'scripts.snowflake_implement'
[2026-04-27T18:12:56.356+0000] {processor.py:842} WARNING - No viable dags retrieved from /opt/airflow/dags/flight-pipeline.py
[2026-04-27T18:12:56.382+0000] {processor.py:183} INFO - Processing /opt/airflow/dags/flight-pipeline.py took 0.551 seconds
[2026-04-27T18:13:26.561+0000] {processor.py:161} INFO - Started process (PID=2162) to work on /opt/airflow/dags/flight-pipeline.py
[2026-04-27T18:13:26.563+0000] {processor.py:830} INFO - Processing file /opt/airflow/dags/flight-pipeline.py for tasks to queue
[2026-04-27T18:13:26.565+0000] {logging_mixin.py:188} INFO - [2026-04-27T18:13:26.565+0000] {dagbag.py:545} INFO - Filling up the DagBag from /opt/airflow/dags/flight-pipeline.py
[2026-04-27T18:13:27.093+0000] {logging_mixin.py:188} INFO - [2026-04-27T18:13:27.092+0000] {dagbag.py:355} ERROR - Failed to import: /opt/airflow/dags/flight-pipeline.py
Traceback (most recent call last):
  File "/home/airflow/.local/lib/python3.12/site-packages/airflow/models/dagbag.py", line 351, in parse
    loader.exec_module(new_module)
  File "<frozen importlib._bootstrap_external>", line 995, in exec_module
  File "<frozen importlib._bootstrap>", line 488, in _call_with_frames_removed
  File "/opt/airflow/dags/flight-pipeline.py", line 15, in <module>
    from scripts.snowflake_implement import snowflake_load
ModuleNotFoundError: No module named 'scripts.snowflake_implement'
[2026-04-27T18:13:27.094+0000] {processor.py:842} WARNING - No viable dags retrieved from /opt/airflow/dags/flight-pipeline.py
[2026-04-27T18:13:27.116+0000] {processor.py:183} INFO - Processing /opt/airflow/dags/flight-pipeline.py took 0.562 seconds
[2026-04-27T18:13:57.201+0000] {processor.py:161} INFO - Started process (PID=2164) to work on /opt/airflow/dags/flight-pipeline.py
[2026-04-27T18:13:57.202+0000] {processor.py:830} INFO - Processing file /opt/airflow/dags/flight-pipeline.py for tasks to queue
[2026-04-27T18:13:57.205+0000] {logging_mixin.py:188} INFO - [2026-04-27T18:13:57.205+0000] {dagbag.py:545} INFO - Filling up the DagBag from /opt/airflow/dags/flight-pipeline.py
[2026-04-27T18:13:57.802+0000] {logging_mixin.py:188} INFO - [2026-04-27T18:13:57.799+0000] {dagbag.py:355} ERROR - Failed to import: /opt/airflow/dags/flight-pipeline.py
Traceback (most recent call last):
  File "/home/airflow/.local/lib/python3.12/site-packages/airflow/models/dagbag.py", line 351, in parse
    loader.exec_module(new_module)
  File "<frozen importlib._bootstrap_external>", line 995, in exec_module
  File "<frozen importlib._bootstrap>", line 488, in _call_with_frames_removed
  File "/opt/airflow/dags/flight-pipeline.py", line 15, in <module>
    from scripts.snowflake_implement import snowflake_load
ModuleNotFoundError: No module named 'scripts.snowflake_implement'
[2026-04-27T18:13:57.803+0000] {processor.py:842} WARNING - No viable dags retrieved from /opt/airflow/dags/flight-pipeline.py
[2026-04-27T18:13:57.825+0000] {processor.py:183} INFO - Processing /opt/airflow/dags/flight-pipeline.py took 0.631 seconds
[2026-04-27T18:14:28.057+0000] {processor.py:161} INFO - Started process (PID=2166) to work on /opt/airflow/dags/flight-pipeline.py
[2026-04-27T18:14:28.059+0000] {processor.py:830} INFO - Processing file /opt/airflow/dags/flight-pipeline.py for tasks to queue
[2026-04-27T18:14:28.062+0000] {logging_mixin.py:188} INFO - [2026-04-27T18:14:28.061+0000] {dagbag.py:545} INFO - Filling up the DagBag from /opt/airflow/dags/flight-pipeline.py
[2026-04-27T18:14:28.602+0000] {logging_mixin.py:188} INFO - [2026-04-27T18:14:28.600+0000] {dagbag.py:355} ERROR - Failed to import: /opt/airflow/dags/flight-pipeline.py
Traceback (most recent call last):
  File "/home/airflow/.local/lib/python3.12/site-packages/airflow/models/dagbag.py", line 351, in parse
    loader.exec_module(new_module)
  File "<frozen importlib._bootstrap_external>", line 995, in exec_module
  File "<frozen importlib._bootstrap>", line 488, in _call_with_frames_removed
  File "/opt/airflow/dags/flight-pipeline.py", line 15, in <module>
    from scripts.snowflake_implement import snowflake_load
ModuleNotFoundError: No module named 'scripts.snowflake_implement'
[2026-04-27T18:14:28.603+0000] {processor.py:842} WARNING - No viable dags retrieved from /opt/airflow/dags/flight-pipeline.py
[2026-04-27T18:14:28.632+0000] {processor.py:183} INFO - Processing /opt/airflow/dags/flight-pipeline.py took 0.584 seconds
[2026-04-27T18:14:58.791+0000] {processor.py:161} INFO - Started process (PID=2168) to work on /opt/airflow/dags/flight-pipeline.py
[2026-04-27T18:14:58.792+0000] {processor.py:830} INFO - Processing file /opt/airflow/dags/flight-pipeline.py for tasks to queue
[2026-04-27T18:14:58.795+0000] {logging_mixin.py:188} INFO - [2026-04-27T18:14:58.794+0000] {dagbag.py:545} INFO - Filling up the DagBag from /opt/airflow/dags/flight-pipeline.py
[2026-04-27T18:14:59.283+0000] {logging_mixin.py:188} INFO - [2026-04-27T18:14:59.280+0000] {dagbag.py:355} ERROR - Failed to import: /opt/airflow/dags/flight-pipeline.py
Traceback (most recent call last):
  File "/home/airflow/.local/lib/python3.12/site-packages/airflow/models/dagbag.py", line 351, in parse
    loader.exec_module(new_module)
  File "<frozen importlib._bootstrap_external>", line 995, in exec_module
  File "<frozen importlib._bootstrap>", line 488, in _call_with_frames_removed
  File "/opt/airflow/dags/flight-pipeline.py", line 15, in <module>
    from scripts.snowflake_implement import snowflake_load
ModuleNotFoundError: No module named 'scripts.snowflake_implement'
[2026-04-27T18:14:59.283+0000] {processor.py:842} WARNING - No viable dags retrieved from /opt/airflow/dags/flight-pipeline.py
[2026-04-27T18:14:59.305+0000] {processor.py:183} INFO - Processing /opt/airflow/dags/flight-pipeline.py took 0.522 seconds
[2026-04-27T18:15:29.535+0000] {processor.py:161} INFO - Started process (PID=2170) to work on /opt/airflow/dags/flight-pipeline.py
[2026-04-27T18:15:29.541+0000] {processor.py:830} INFO - Processing file /opt/airflow/dags/flight-pipeline.py for tasks to queue
[2026-04-27T18:15:29.544+0000] {logging_mixin.py:188} INFO - [2026-04-27T18:15:29.543+0000] {dagbag.py:545} INFO - Filling up the DagBag from /opt/airflow/dags/flight-pipeline.py
[2026-04-27T18:15:30.063+0000] {logging_mixin.py:188} INFO - [2026-04-27T18:15:30.061+0000] {dagbag.py:355} ERROR - Failed to import: /opt/airflow/dags/flight-pipeline.py
Traceback (most recent call last):
  File "/home/airflow/.local/lib/python3.12/site-packages/airflow/models/dagbag.py", line 351, in parse
    loader.exec_module(new_module)
  File "<frozen importlib._bootstrap_external>", line 995, in exec_module
  File "<frozen importlib._bootstrap>", line 488, in _call_with_frames_removed
  File "/opt/airflow/dags/flight-pipeline.py", line 15, in <module>
    from scripts.snowflake_implement import snowflake_load
ModuleNotFoundError: No module named 'scripts.snowflake_implement'
[2026-04-27T18:15:30.063+0000] {processor.py:842} WARNING - No viable dags retrieved from /opt/airflow/dags/flight-pipeline.py
[2026-04-27T18:15:30.084+0000] {processor.py:183} INFO - Processing /opt/airflow/dags/flight-pipeline.py took 0.557 seconds
[2026-04-27T18:16:00.176+0000] {processor.py:161} INFO - Started process (PID=2172) to work on /opt/airflow/dags/flight-pipeline.py
[2026-04-27T18:16:00.182+0000] {processor.py:830} INFO - Processing file /opt/airflow/dags/flight-pipeline.py for tasks to queue
[2026-04-27T18:16:00.184+0000] {logging_mixin.py:188} INFO - [2026-04-27T18:16:00.184+0000] {dagbag.py:545} INFO - Filling up the DagBag from /opt/airflow/dags/flight-pipeline.py
[2026-04-27T18:16:00.699+0000] {logging_mixin.py:188} INFO - [2026-04-27T18:16:00.698+0000] {dagbag.py:355} ERROR - Failed to import: /opt/airflow/dags/flight-pipeline.py
Traceback (most recent call last):
  File "/home/airflow/.local/lib/python3.12/site-packages/airflow/models/dagbag.py", line 351, in parse
    loader.exec_module(new_module)
  File "<frozen importlib._bootstrap_external>", line 995, in exec_module
  File "<frozen importlib._bootstrap>", line 488, in _call_with_frames_removed
  File "/opt/airflow/dags/flight-pipeline.py", line 15, in <module>
    from scripts.snowflake_implement import snowflake_load
ModuleNotFoundError: No module named 'scripts.snowflake_implement'
[2026-04-27T18:16:00.700+0000] {processor.py:842} WARNING - No viable dags retrieved from /opt/airflow/dags/flight-pipeline.py
[2026-04-27T18:16:00.721+0000] {processor.py:183} INFO - Processing /opt/airflow/dags/flight-pipeline.py took 0.553 seconds
[2026-04-27T18:16:30.917+0000] {processor.py:161} INFO - Started process (PID=2174) to work on /opt/airflow/dags/flight-pipeline.py
[2026-04-27T18:16:30.922+0000] {processor.py:830} INFO - Processing file /opt/airflow/dags/flight-pipeline.py for tasks to queue
[2026-04-27T18:16:30.924+0000] {logging_mixin.py:188} INFO - [2026-04-27T18:16:30.924+0000] {dagbag.py:545} INFO - Filling up the DagBag from /opt/airflow/dags/flight-pipeline.py
[2026-04-27T18:16:31.413+0000] {logging_mixin.py:188} INFO - [2026-04-27T18:16:31.411+0000] {dagbag.py:355} ERROR - Failed to import: /opt/airflow/dags/flight-pipeline.py
Traceback (most recent call last):
  File "/home/airflow/.local/lib/python3.12/site-packages/airflow/models/dagbag.py", line 351, in parse
    loader.exec_module(new_module)
  File "<frozen importlib._bootstrap_external>", line 995, in exec_module
  File "<frozen importlib._bootstrap>", line 488, in _call_with_frames_removed
  File "/opt/airflow/dags/flight-pipeline.py", line 15, in <module>
    from scripts.snowflake_implement import snowflake_load
ModuleNotFoundError: No module named 'scripts.snowflake_implement'
[2026-04-27T18:16:31.414+0000] {processor.py:842} WARNING - No viable dags retrieved from /opt/airflow/dags/flight-pipeline.py
[2026-04-27T18:16:31.437+0000] {processor.py:183} INFO - Processing /opt/airflow/dags/flight-pipeline.py took 0.527 seconds
[2026-04-27T18:17:01.610+0000] {processor.py:161} INFO - Started process (PID=2176) to work on /opt/airflow/dags/flight-pipeline.py
[2026-04-27T18:17:01.615+0000] {processor.py:830} INFO - Processing file /opt/airflow/dags/flight-pipeline.py for tasks to queue
[2026-04-27T18:17:01.617+0000] {logging_mixin.py:188} INFO - [2026-04-27T18:17:01.616+0000] {dagbag.py:545} INFO - Filling up the DagBag from /opt/airflow/dags/flight-pipeline.py
[2026-04-27T18:17:02.333+0000] {logging_mixin.py:188} INFO - [2026-04-27T18:17:02.331+0000] {dagbag.py:355} ERROR - Failed to import: /opt/airflow/dags/flight-pipeline.py
Traceback (most recent call last):
  File "/home/airflow/.local/lib/python3.12/site-packages/airflow/models/dagbag.py", line 351, in parse
    loader.exec_module(new_module)
  File "<frozen importlib._bootstrap_external>", line 995, in exec_module
  File "<frozen importlib._bootstrap>", line 488, in _call_with_frames_removed
  File "/opt/airflow/dags/flight-pipeline.py", line 15, in <module>
    from scripts.snowflake_implement import snowflake_load
ModuleNotFoundError: No module named 'scripts.snowflake_implement'
[2026-04-27T18:17:02.333+0000] {processor.py:842} WARNING - No viable dags retrieved from /opt/airflow/dags/flight-pipeline.py
[2026-04-27T18:17:02.370+0000] {processor.py:183} INFO - Processing /opt/airflow/dags/flight-pipeline.py took 0.767 seconds
[2026-04-27T18:17:32.552+0000] {processor.py:161} INFO - Started process (PID=2178) to work on /opt/airflow/dags/flight-pipeline.py
[2026-04-27T18:17:32.557+0000] {processor.py:830} INFO - Processing file /opt/airflow/dags/flight-pipeline.py for tasks to queue
[2026-04-27T18:17:32.559+0000] {logging_mixin.py:188} INFO - [2026-04-27T18:17:32.559+0000] {dagbag.py:545} INFO - Filling up the DagBag from /opt/airflow/dags/flight-pipeline.py
[2026-04-27T18:17:33.083+0000] {logging_mixin.py:188} INFO - [2026-04-27T18:17:33.081+0000] {dagbag.py:355} ERROR - Failed to import: /opt/airflow/dags/flight-pipeline.py
Traceback (most recent call last):
  File "/home/airflow/.local/lib/python3.12/site-packages/airflow/models/dagbag.py", line 351, in parse
    loader.exec_module(new_module)
  File "<frozen importlib._bootstrap_external>", line 995, in exec_module
  File "<frozen importlib._bootstrap>", line 488, in _call_with_frames_removed
  File "/opt/airflow/dags/flight-pipeline.py", line 15, in <module>
    from scripts.snowflake_implement import snowflake_load
ModuleNotFoundError: No module named 'scripts.snowflake_implement'
[2026-04-27T18:17:33.084+0000] {processor.py:842} WARNING - No viable dags retrieved from /opt/airflow/dags/flight-pipeline.py
[2026-04-27T18:17:33.106+0000] {processor.py:183} INFO - Processing /opt/airflow/dags/flight-pipeline.py took 0.562 seconds
[2026-04-27T18:18:03.276+0000] {processor.py:161} INFO - Started process (PID=2180) to work on /opt/airflow/dags/flight-pipeline.py
[2026-04-27T18:18:03.281+0000] {processor.py:830} INFO - Processing file /opt/airflow/dags/flight-pipeline.py for tasks to queue
[2026-04-27T18:18:03.283+0000] {logging_mixin.py:188} INFO - [2026-04-27T18:18:03.283+0000] {dagbag.py:545} INFO - Filling up the DagBag from /opt/airflow/dags/flight-pipeline.py
[2026-04-27T18:18:03.752+0000] {logging_mixin.py:188} INFO - [2026-04-27T18:18:03.750+0000] {dagbag.py:355} ERROR - Failed to import: /opt/airflow/dags/flight-pipeline.py
Traceback (most recent call last):
  File "/home/airflow/.local/lib/python3.12/site-packages/airflow/models/dagbag.py", line 351, in parse
    loader.exec_module(new_module)
  File "<frozen importlib._bootstrap_external>", line 995, in exec_module
  File "<frozen importlib._bootstrap>", line 488, in _call_with_frames_removed
  File "/opt/airflow/dags/flight-pipeline.py", line 15, in <module>
    from scripts.snowflake_implement import snowflake_load
ModuleNotFoundError: No module named 'scripts.snowflake_implement'
[2026-04-27T18:18:03.753+0000] {processor.py:842} WARNING - No viable dags retrieved from /opt/airflow/dags/flight-pipeline.py
[2026-04-27T18:18:03.774+0000] {processor.py:183} INFO - Processing /opt/airflow/dags/flight-pipeline.py took 0.505 seconds
[2026-04-27T18:18:33.965+0000] {processor.py:161} INFO - Started process (PID=2182) to work on /opt/airflow/dags/flight-pipeline.py
[2026-04-27T18:18:33.971+0000] {processor.py:830} INFO - Processing file /opt/airflow/dags/flight-pipeline.py for tasks to queue
[2026-04-27T18:18:33.974+0000] {logging_mixin.py:188} INFO - [2026-04-27T18:18:33.973+0000] {dagbag.py:545} INFO - Filling up the DagBag from /opt/airflow/dags/flight-pipeline.py
[2026-04-27T18:18:34.457+0000] {logging_mixin.py:188} INFO - [2026-04-27T18:18:34.455+0000] {dagbag.py:355} ERROR - Failed to import: /opt/airflow/dags/flight-pipeline.py
Traceback (most recent call last):
  File "/home/airflow/.local/lib/python3.12/site-packages/airflow/models/dagbag.py", line 351, in parse
    loader.exec_module(new_module)
  File "<frozen importlib._bootstrap_external>", line 995, in exec_module
  File "<frozen importlib._bootstrap>", line 488, in _call_with_frames_removed
  File "/opt/airflow/dags/flight-pipeline.py", line 15, in <module>
    from scripts.snowflake_implement import snowflake_load
ModuleNotFoundError: No module named 'scripts.snowflake_implement'
[2026-04-27T18:18:34.458+0000] {processor.py:842} WARNING - No viable dags retrieved from /opt/airflow/dags/flight-pipeline.py
[2026-04-27T18:18:34.478+0000] {processor.py:183} INFO - Processing /opt/airflow/dags/flight-pipeline.py took 0.520 seconds
[2026-04-27T18:19:04.603+0000] {processor.py:161} INFO - Started process (PID=2184) to work on /opt/airflow/dags/flight-pipeline.py
[2026-04-27T18:19:04.609+0000] {processor.py:830} INFO - Processing file /opt/airflow/dags/flight-pipeline.py for tasks to queue
[2026-04-27T18:19:04.612+0000] {logging_mixin.py:188} INFO - [2026-04-27T18:19:04.611+0000] {dagbag.py:545} INFO - Filling up the DagBag from /opt/airflow/dags/flight-pipeline.py
[2026-04-27T18:19:05.158+0000] {logging_mixin.py:188} INFO - [2026-04-27T18:19:05.156+0000] {dagbag.py:355} ERROR - Failed to import: /opt/airflow/dags/flight-pipeline.py
Traceback (most recent call last):
  File "/home/airflow/.local/lib/python3.12/site-packages/airflow/models/dagbag.py", line 351, in parse
    loader.exec_module(new_module)
  File "<frozen importlib._bootstrap_external>", line 995, in exec_module
  File "<frozen importlib._bootstrap>", line 488, in _call_with_frames_removed
  File "/opt/airflow/dags/flight-pipeline.py", line 15, in <module>
    from scripts.snowflake_implement import snowflake_load
ModuleNotFoundError: No module named 'scripts.snowflake_implement'
[2026-04-27T18:19:05.159+0000] {processor.py:842} WARNING - No viable dags retrieved from /opt/airflow/dags/flight-pipeline.py
[2026-04-27T18:19:05.182+0000] {processor.py:183} INFO - Processing /opt/airflow/dags/flight-pipeline.py took 0.586 seconds
[2026-04-27T18:19:35.372+0000] {processor.py:161} INFO - Started process (PID=2186) to work on /opt/airflow/dags/flight-pipeline.py
[2026-04-27T18:19:35.380+0000] {processor.py:830} INFO - Processing file /opt/airflow/dags/flight-pipeline.py for tasks to queue
[2026-04-27T18:19:35.384+0000] {logging_mixin.py:188} INFO - [2026-04-27T18:19:35.384+0000] {dagbag.py:545} INFO - Filling up the DagBag from /opt/airflow/dags/flight-pipeline.py
[2026-04-27T18:19:35.917+0000] {logging_mixin.py:188} INFO - [2026-04-27T18:19:35.915+0000] {dagbag.py:355} ERROR - Failed to import: /opt/airflow/dags/flight-pipeline.py
Traceback (most recent call last):
  File "/home/airflow/.local/lib/python3.12/site-packages/airflow/models/dagbag.py", line 351, in parse
    loader.exec_module(new_module)
  File "<frozen importlib._bootstrap_external>", line 995, in exec_module
  File "<frozen importlib._bootstrap>", line 488, in _call_with_frames_removed
  File "/opt/airflow/dags/flight-pipeline.py", line 15, in <module>
    from scripts.snowflake_implement import snowflake_load
ModuleNotFoundError: No module named 'scripts.snowflake_implement'
[2026-04-27T18:19:35.918+0000] {processor.py:842} WARNING - No viable dags retrieved from /opt/airflow/dags/flight-pipeline.py
[2026-04-27T18:19:35.940+0000] {processor.py:183} INFO - Processing /opt/airflow/dags/flight-pipeline.py took 0.580 seconds
[2026-04-27T18:20:06.102+0000] {processor.py:161} INFO - Started process (PID=2188) to work on /opt/airflow/dags/flight-pipeline.py
[2026-04-27T18:20:06.107+0000] {processor.py:830} INFO - Processing file /opt/airflow/dags/flight-pipeline.py for tasks to queue
[2026-04-27T18:20:06.110+0000] {logging_mixin.py:188} INFO - [2026-04-27T18:20:06.110+0000] {dagbag.py:545} INFO - Filling up the DagBag from /opt/airflow/dags/flight-pipeline.py
[2026-04-27T18:20:06.603+0000] {logging_mixin.py:188} INFO - [2026-04-27T18:20:06.601+0000] {dagbag.py:355} ERROR - Failed to import: /opt/airflow/dags/flight-pipeline.py
Traceback (most recent call last):
  File "/home/airflow/.local/lib/python3.12/site-packages/airflow/models/dagbag.py", line 351, in parse
    loader.exec_module(new_module)
  File "<frozen importlib._bootstrap_external>", line 995, in exec_module
  File "<frozen importlib._bootstrap>", line 488, in _call_with_frames_removed
  File "/opt/airflow/dags/flight-pipeline.py", line 15, in <module>
    from scripts.snowflake_implement import snowflake_load
ModuleNotFoundError: No module named 'scripts.snowflake_implement'
[2026-04-27T18:20:06.603+0000] {processor.py:842} WARNING - No viable dags retrieved from /opt/airflow/dags/flight-pipeline.py
[2026-04-27T18:20:06.626+0000] {processor.py:183} INFO - Processing /opt/airflow/dags/flight-pipeline.py took 0.531 seconds
[2026-04-27T18:20:36.810+0000] {processor.py:161} INFO - Started process (PID=2190) to work on /opt/airflow/dags/flight-pipeline.py
[2026-04-27T18:20:36.816+0000] {processor.py:830} INFO - Processing file /opt/airflow/dags/flight-pipeline.py for tasks to queue
[2026-04-27T18:20:36.819+0000] {logging_mixin.py:188} INFO - [2026-04-27T18:20:36.818+0000] {dagbag.py:545} INFO - Filling up the DagBag from /opt/airflow/dags/flight-pipeline.py
[2026-04-27T18:20:37.327+0000] {logging_mixin.py:188} INFO - [2026-04-27T18:20:37.325+0000] {dagbag.py:355} ERROR - Failed to import: /opt/airflow/dags/flight-pipeline.py
Traceback (most recent call last):
  File "/home/airflow/.local/lib/python3.12/site-packages/airflow/models/dagbag.py", line 351, in parse
    loader.exec_module(new_module)
  File "<frozen importlib._bootstrap_external>", line 995, in exec_module
  File "<frozen importlib._bootstrap>", line 488, in _call_with_frames_removed
  File "/opt/airflow/dags/flight-pipeline.py", line 15, in <module>
    from scripts.snowflake_implement import snowflake_load
ModuleNotFoundError: No module named 'scripts.snowflake_implement'
[2026-04-27T18:20:37.328+0000] {processor.py:842} WARNING - No viable dags retrieved from /opt/airflow/dags/flight-pipeline.py
[2026-04-27T18:20:37.357+0000] {processor.py:183} INFO - Processing /opt/airflow/dags/flight-pipeline.py took 0.554 seconds
[2026-04-27T18:21:07.515+0000] {processor.py:161} INFO - Started process (PID=2192) to work on /opt/airflow/dags/flight-pipeline.py
[2026-04-27T18:21:07.522+0000] {processor.py:830} INFO - Processing file /opt/airflow/dags/flight-pipeline.py for tasks to queue
[2026-04-27T18:21:07.529+0000] {logging_mixin.py:188} INFO - [2026-04-27T18:21:07.528+0000] {dagbag.py:545} INFO - Filling up the DagBag from /opt/airflow/dags/flight-pipeline.py
[2026-04-27T18:21:09.890+0000] {processor.py:840} INFO - DAG(s) 'flights_ops_medallion_pipe' retrieved from /opt/airflow/dags/flight-pipeline.py
[2026-04-27T18:21:10.325+0000] {logging_mixin.py:188} INFO - [2026-04-27T18:21:10.325+0000] {override.py:1858} INFO - Created Permission View: can edit on DAG:flights_ops_medallion_pipe
[2026-04-27T18:21:10.336+0000] {logging_mixin.py:188} INFO - [2026-04-27T18:21:10.336+0000] {override.py:1858} INFO - Created Permission View: can read on DAG:flights_ops_medallion_pipe
[2026-04-27T18:21:10.343+0000] {logging_mixin.py:188} INFO - [2026-04-27T18:21:10.343+0000] {override.py:1858} INFO - Created Permission View: can delete on DAG:flights_ops_medallion_pipe
[2026-04-27T18:21:10.344+0000] {logging_mixin.py:188} INFO - [2026-04-27T18:21:10.343+0000] {dag.py:3089} INFO - Sync 1 DAGs
[2026-04-27T18:21:10.355+0000] {logging_mixin.py:188} INFO - [2026-04-27T18:21:10.355+0000] {dag.py:3111} INFO - Creating ORM DAG for flights_ops_medallion_pipe
[2026-04-27T18:21:10.369+0000] {logging_mixin.py:188} INFO - [2026-04-27T18:21:10.369+0000] {dag.py:3947} INFO - Setting next_dagrun for flights_ops_medallion_pipe to 2026-04-27 17:30:00+00:00, run_after=2026-04-27 18:00:00+00:00
[2026-04-27T18:21:10.390+0000] {processor.py:183} INFO - Processing /opt/airflow/dags/flight-pipeline.py took 2.903 seconds
[2026-04-27T18:21:40.593+0000] {processor.py:161} INFO - Started process (PID=2195) to work on /opt/airflow/dags/flight-pipeline.py
[2026-04-27T18:21:40.598+0000] {processor.py:830} INFO - Processing file /opt/airflow/dags/flight-pipeline.py for tasks to queue
[2026-04-27T18:21:40.600+0000] {logging_mixin.py:188} INFO - [2026-04-27T18:21:40.600+0000] {dagbag.py:545} INFO - Filling up the DagBag from /opt/airflow/dags/flight-pipeline.py
[2026-04-27T18:21:41.424+0000] {processor.py:840} INFO - DAG(s) 'flights_ops_medallion_pipe' retrieved from /opt/airflow/dags/flight-pipeline.py
[2026-04-27T18:21:41.453+0000] {logging_mixin.py:188} INFO - [2026-04-27T18:21:41.452+0000] {dag.py:3089} INFO - Sync 1 DAGs
[2026-04-27T18:21:41.474+0000] {logging_mixin.py:188} INFO - [2026-04-27T18:21:41.473+0000] {dag.py:3947} INFO - Setting next_dagrun for flights_ops_medallion_pipe to 2026-04-27 17:30:00+00:00, run_after=2026-04-27 18:00:00+00:00
[2026-04-27T18:21:41.493+0000] {processor.py:183} INFO - Processing /opt/airflow/dags/flight-pipeline.py took 0.908 seconds
[2026-04-27T18:22:11.687+0000] {processor.py:161} INFO - Started process (PID=2198) to work on /opt/airflow/dags/flight-pipeline.py
[2026-04-27T18:22:11.692+0000] {processor.py:830} INFO - Processing file /opt/airflow/dags/flight-pipeline.py for tasks to queue
[2026-04-27T18:22:11.694+0000] {logging_mixin.py:188} INFO - [2026-04-27T18:22:11.693+0000] {dagbag.py:545} INFO - Filling up the DagBag from /opt/airflow/dags/flight-pipeline.py
[2026-04-27T18:22:12.494+0000] {processor.py:840} INFO - DAG(s) 'flights_ops_medallion_pipe' retrieved from /opt/airflow/dags/flight-pipeline.py
[2026-04-27T18:22:12.522+0000] {logging_mixin.py:188} INFO - [2026-04-27T18:22:12.522+0000] {dag.py:3089} INFO - Sync 1 DAGs
[2026-04-27T18:22:12.543+0000] {logging_mixin.py:188} INFO - [2026-04-27T18:22:12.543+0000] {dag.py:3947} INFO - Setting next_dagrun for flights_ops_medallion_pipe to 2026-04-27 17:30:00+00:00, run_after=2026-04-27 18:00:00+00:00
[2026-04-27T18:22:12.561+0000] {processor.py:183} INFO - Processing /opt/airflow/dags/flight-pipeline.py took 0.881 seconds
[2026-04-27T18:22:42.799+0000] {processor.py:161} INFO - Started process (PID=2201) to work on /opt/airflow/dags/flight-pipeline.py
[2026-04-27T18:22:42.809+0000] {processor.py:830} INFO - Processing file /opt/airflow/dags/flight-pipeline.py for tasks to queue
[2026-04-27T18:22:42.812+0000] {logging_mixin.py:188} INFO - [2026-04-27T18:22:42.811+0000] {dagbag.py:545} INFO - Filling up the DagBag from /opt/airflow/dags/flight-pipeline.py
[2026-04-27T18:22:43.620+0000] {processor.py:840} INFO - DAG(s) 'flights_ops_medallion_pipe' retrieved from /opt/airflow/dags/flight-pipeline.py
[2026-04-27T18:22:43.651+0000] {logging_mixin.py:188} INFO - [2026-04-27T18:22:43.649+0000] {dag.py:3089} INFO - Sync 1 DAGs
[2026-04-27T18:22:43.669+0000] {logging_mixin.py:188} INFO - [2026-04-27T18:22:43.669+0000] {dag.py:3947} INFO - Setting next_dagrun for flights_ops_medallion_pipe to 2026-04-27 17:30:00+00:00, run_after=2026-04-27 18:00:00+00:00
[2026-04-27T18:22:43.687+0000] {processor.py:183} INFO - Processing /opt/airflow/dags/flight-pipeline.py took 0.896 seconds
[2026-04-27T18:23:13.990+0000] {processor.py:161} INFO - Started process (PID=2204) to work on /opt/airflow/dags/flight-pipeline.py
[2026-04-27T18:23:13.994+0000] {processor.py:830} INFO - Processing file /opt/airflow/dags/flight-pipeline.py for tasks to queue
[2026-04-27T18:23:13.997+0000] {logging_mixin.py:188} INFO - [2026-04-27T18:23:13.996+0000] {dagbag.py:545} INFO - Filling up the DagBag from /opt/airflow/dags/flight-pipeline.py
[2026-04-27T18:23:14.869+0000] {processor.py:840} INFO - DAG(s) 'flights_ops_medallion_pipe' retrieved from /opt/airflow/dags/flight-pipeline.py
[2026-04-27T18:23:14.901+0000] {logging_mixin.py:188} INFO - [2026-04-27T18:23:14.901+0000] {dag.py:3089} INFO - Sync 1 DAGs
[2026-04-27T18:23:14.920+0000] {logging_mixin.py:188} INFO - [2026-04-27T18:23:14.920+0000] {dag.py:3947} INFO - Setting next_dagrun for flights_ops_medallion_pipe to 2026-04-27 17:30:00+00:00, run_after=2026-04-27 18:00:00+00:00
[2026-04-27T18:23:14.938+0000] {processor.py:183} INFO - Processing /opt/airflow/dags/flight-pipeline.py took 0.957 seconds
[2026-04-27T18:23:45.207+0000] {processor.py:161} INFO - Started process (PID=2207) to work on /opt/airflow/dags/flight-pipeline.py
[2026-04-27T18:23:45.209+0000] {processor.py:830} INFO - Processing file /opt/airflow/dags/flight-pipeline.py for tasks to queue
[2026-04-27T18:23:45.212+0000] {logging_mixin.py:188} INFO - [2026-04-27T18:23:45.212+0000] {dagbag.py:545} INFO - Filling up the DagBag from /opt/airflow/dags/flight-pipeline.py
[2026-04-27T18:23:45.968+0000] {processor.py:840} INFO - DAG(s) 'flights_ops_medallion_pipe' retrieved from /opt/airflow/dags/flight-pipeline.py
[2026-04-27T18:23:46.000+0000] {logging_mixin.py:188} INFO - [2026-04-27T18:23:45.999+0000] {dag.py:3089} INFO - Sync 1 DAGs
[2026-04-27T18:23:46.019+0000] {logging_mixin.py:188} INFO - [2026-04-27T18:23:46.019+0000] {dag.py:3947} INFO - Setting next_dagrun for flights_ops_medallion_pipe to 2026-04-27 17:30:00+00:00, run_after=2026-04-27 18:00:00+00:00
[2026-04-27T18:23:46.036+0000] {processor.py:183} INFO - Processing /opt/airflow/dags/flight-pipeline.py took 0.837 seconds
[2026-04-27T18:24:16.321+0000] {processor.py:161} INFO - Started process (PID=2210) to work on /opt/airflow/dags/flight-pipeline.py
[2026-04-27T18:24:16.324+0000] {processor.py:830} INFO - Processing file /opt/airflow/dags/flight-pipeline.py for tasks to queue
[2026-04-27T18:24:16.327+0000] {logging_mixin.py:188} INFO - [2026-04-27T18:24:16.327+0000] {dagbag.py:545} INFO - Filling up the DagBag from /opt/airflow/dags/flight-pipeline.py
[2026-04-27T18:24:17.130+0000] {processor.py:840} INFO - DAG(s) 'flights_ops_medallion_pipe' retrieved from /opt/airflow/dags/flight-pipeline.py
[2026-04-27T18:24:17.158+0000] {logging_mixin.py:188} INFO - [2026-04-27T18:24:17.158+0000] {dag.py:3089} INFO - Sync 1 DAGs
[2026-04-27T18:24:17.176+0000] {logging_mixin.py:188} INFO - [2026-04-27T18:24:17.176+0000] {dag.py:3947} INFO - Setting next_dagrun for flights_ops_medallion_pipe to 2026-04-27 17:30:00+00:00, run_after=2026-04-27 18:00:00+00:00
[2026-04-27T18:24:17.195+0000] {processor.py:183} INFO - Processing /opt/airflow/dags/flight-pipeline.py took 0.882 seconds
[2026-04-27T18:24:47.497+0000] {processor.py:161} INFO - Started process (PID=2213) to work on /opt/airflow/dags/flight-pipeline.py
[2026-04-27T18:24:47.499+0000] {processor.py:830} INFO - Processing file /opt/airflow/dags/flight-pipeline.py for tasks to queue
[2026-04-27T18:24:47.502+0000] {logging_mixin.py:188} INFO - [2026-04-27T18:24:47.502+0000] {dagbag.py:545} INFO - Filling up the DagBag from /opt/airflow/dags/flight-pipeline.py
[2026-04-27T18:24:48.282+0000] {processor.py:840} INFO - DAG(s) 'flights_ops_medallion_pipe' retrieved from /opt/airflow/dags/flight-pipeline.py
[2026-04-27T18:24:48.312+0000] {logging_mixin.py:188} INFO - [2026-04-27T18:24:48.311+0000] {dag.py:3089} INFO - Sync 1 DAGs
[2026-04-27T18:24:48.329+0000] {logging_mixin.py:188} INFO - [2026-04-27T18:24:48.329+0000] {dag.py:3947} INFO - Setting next_dagrun for flights_ops_medallion_pipe to 2026-04-27 17:30:00+00:00, run_after=2026-04-27 18:00:00+00:00
[2026-04-27T18:24:48.352+0000] {processor.py:183} INFO - Processing /opt/airflow/dags/flight-pipeline.py took 0.863 seconds
[2026-04-27T18:25:18.626+0000] {processor.py:161} INFO - Started process (PID=2216) to work on /opt/airflow/dags/flight-pipeline.py
[2026-04-27T18:25:18.628+0000] {processor.py:830} INFO - Processing file /opt/airflow/dags/flight-pipeline.py for tasks to queue
[2026-04-27T18:25:18.630+0000] {logging_mixin.py:188} INFO - [2026-04-27T18:25:18.630+0000] {dagbag.py:545} INFO - Filling up the DagBag from /opt/airflow/dags/flight-pipeline.py
[2026-04-27T18:25:19.451+0000] {processor.py:840} INFO - DAG(s) 'flights_ops_medallion_pipe' retrieved from /opt/airflow/dags/flight-pipeline.py
[2026-04-27T18:25:19.483+0000] {logging_mixin.py:188} INFO - [2026-04-27T18:25:19.483+0000] {dag.py:3089} INFO - Sync 1 DAGs
[2026-04-27T18:25:19.503+0000] {logging_mixin.py:188} INFO - [2026-04-27T18:25:19.503+0000] {dag.py:3947} INFO - Setting next_dagrun for flights_ops_medallion_pipe to 2026-04-27 17:30:00+00:00, run_after=2026-04-27 18:00:00+00:00
[2026-04-27T18:25:19.521+0000] {processor.py:183} INFO - Processing /opt/airflow/dags/flight-pipeline.py took 0.903 seconds
[2026-04-27T18:25:49.802+0000] {processor.py:161} INFO - Started process (PID=2219) to work on /opt/airflow/dags/flight-pipeline.py
[2026-04-27T18:25:49.804+0000] {processor.py:830} INFO - Processing file /opt/airflow/dags/flight-pipeline.py for tasks to queue
[2026-04-27T18:25:49.807+0000] {logging_mixin.py:188} INFO - [2026-04-27T18:25:49.806+0000] {dagbag.py:545} INFO - Filling up the DagBag from /opt/airflow/dags/flight-pipeline.py
[2026-04-27T18:25:50.562+0000] {processor.py:840} INFO - DAG(s) 'flights_ops_medallion_pipe' retrieved from /opt/airflow/dags/flight-pipeline.py
[2026-04-27T18:25:50.591+0000] {logging_mixin.py:188} INFO - [2026-04-27T18:25:50.590+0000] {dag.py:3089} INFO - Sync 1 DAGs
[2026-04-27T18:25:50.610+0000] {logging_mixin.py:188} INFO - [2026-04-27T18:25:50.610+0000] {dag.py:3947} INFO - Setting next_dagrun for flights_ops_medallion_pipe to 2026-04-27 17:30:00+00:00, run_after=2026-04-27 18:00:00+00:00
[2026-04-27T18:25:50.628+0000] {processor.py:183} INFO - Processing /opt/airflow/dags/flight-pipeline.py took 0.834 seconds
[2026-04-27T18:26:20.728+0000] {processor.py:161} INFO - Started process (PID=2222) to work on /opt/airflow/dags/flight-pipeline.py
[2026-04-27T18:26:20.731+0000] {processor.py:830} INFO - Processing file /opt/airflow/dags/flight-pipeline.py for tasks to queue
[2026-04-27T18:26:20.733+0000] {logging_mixin.py:188} INFO - [2026-04-27T18:26:20.733+0000] {dagbag.py:545} INFO - Filling up the DagBag from /opt/airflow/dags/flight-pipeline.py
[2026-04-27T18:26:21.515+0000] {processor.py:840} INFO - DAG(s) 'flights_ops_medallion_pipe' retrieved from /opt/airflow/dags/flight-pipeline.py
[2026-04-27T18:26:21.546+0000] {logging_mixin.py:188} INFO - [2026-04-27T18:26:21.545+0000] {dag.py:3089} INFO - Sync 1 DAGs
[2026-04-27T18:26:21.564+0000] {logging_mixin.py:188} INFO - [2026-04-27T18:26:21.564+0000] {dag.py:3947} INFO - Setting next_dagrun for flights_ops_medallion_pipe to 2026-04-27 17:30:00+00:00, run_after=2026-04-27 18:00:00+00:00
[2026-04-27T18:26:21.581+0000] {processor.py:183} INFO - Processing /opt/airflow/dags/flight-pipeline.py took 0.861 seconds
[2026-04-27T18:26:51.877+0000] {processor.py:161} INFO - Started process (PID=2225) to work on /opt/airflow/dags/flight-pipeline.py
[2026-04-27T18:26:51.879+0000] {processor.py:830} INFO - Processing file /opt/airflow/dags/flight-pipeline.py for tasks to queue
[2026-04-27T18:26:51.882+0000] {logging_mixin.py:188} INFO - [2026-04-27T18:26:51.881+0000] {dagbag.py:545} INFO - Filling up the DagBag from /opt/airflow/dags/flight-pipeline.py
[2026-04-27T18:26:52.641+0000] {processor.py:840} INFO - DAG(s) 'flights_ops_medallion_pipe' retrieved from /opt/airflow/dags/flight-pipeline.py
[2026-04-27T18:26:52.671+0000] {logging_mixin.py:188} INFO - [2026-04-27T18:26:52.670+0000] {dag.py:3089} INFO - Sync 1 DAGs
[2026-04-27T18:26:52.689+0000] {logging_mixin.py:188} INFO - [2026-04-27T18:26:52.688+0000] {dag.py:3947} INFO - Setting next_dagrun for flights_ops_medallion_pipe to 2026-04-27 17:30:00+00:00, run_after=2026-04-27 18:00:00+00:00
[2026-04-27T18:26:52.708+0000] {processor.py:183} INFO - Processing /opt/airflow/dags/flight-pipeline.py took 0.839 seconds
[2026-04-27T18:27:22.980+0000] {processor.py:161} INFO - Started process (PID=2228) to work on /opt/airflow/dags/flight-pipeline.py
[2026-04-27T18:27:22.982+0000] {processor.py:830} INFO - Processing file /opt/airflow/dags/flight-pipeline.py for tasks to queue
[2026-04-27T18:27:22.985+0000] {logging_mixin.py:188} INFO - [2026-04-27T18:27:22.984+0000] {dagbag.py:545} INFO - Filling up the DagBag from /opt/airflow/dags/flight-pipeline.py
[2026-04-27T18:27:23.734+0000] {processor.py:840} INFO - DAG(s) 'flights_ops_medallion_pipe' retrieved from /opt/airflow/dags/flight-pipeline.py
[2026-04-27T18:27:23.762+0000] {logging_mixin.py:188} INFO - [2026-04-27T18:27:23.761+0000] {dag.py:3089} INFO - Sync 1 DAGs
[2026-04-27T18:27:23.780+0000] {logging_mixin.py:188} INFO - [2026-04-27T18:27:23.780+0000] {dag.py:3947} INFO - Setting next_dagrun for flights_ops_medallion_pipe to 2026-04-27 17:30:00+00:00, run_after=2026-04-27 18:00:00+00:00
[2026-04-27T18:27:23.800+0000] {processor.py:183} INFO - Processing /opt/airflow/dags/flight-pipeline.py took 0.829 seconds
[2026-04-27T18:27:54.074+0000] {processor.py:161} INFO - Started process (PID=2231) to work on /opt/airflow/dags/flight-pipeline.py
[2026-04-27T18:27:54.102+0000] {processor.py:830} INFO - Processing file /opt/airflow/dags/flight-pipeline.py for tasks to queue
[2026-04-27T18:27:54.124+0000] {logging_mixin.py:188} INFO - [2026-04-27T18:27:54.122+0000] {dagbag.py:545} INFO - Filling up the DagBag from /opt/airflow/dags/flight-pipeline.py
[2026-04-27T18:27:54.884+0000] {processor.py:840} INFO - DAG(s) 'flights_ops_medallion_pipe' retrieved from /opt/airflow/dags/flight-pipeline.py
[2026-04-27T18:27:54.913+0000] {logging_mixin.py:188} INFO - [2026-04-27T18:27:54.912+0000] {dag.py:3089} INFO - Sync 1 DAGs
[2026-04-27T18:27:54.932+0000] {logging_mixin.py:188} INFO - [2026-04-27T18:27:54.932+0000] {dag.py:3947} INFO - Setting next_dagrun for flights_ops_medallion_pipe to 2026-04-27 17:30:00+00:00, run_after=2026-04-27 18:00:00+00:00
[2026-04-27T18:27:54.952+0000] {processor.py:183} INFO - Processing /opt/airflow/dags/flight-pipeline.py took 0.886 seconds
[2026-04-27T18:28:25.200+0000] {processor.py:161} INFO - Started process (PID=2234) to work on /opt/airflow/dags/flight-pipeline.py
[2026-04-27T18:28:25.202+0000] {processor.py:830} INFO - Processing file /opt/airflow/dags/flight-pipeline.py for tasks to queue
[2026-04-27T18:28:25.205+0000] {logging_mixin.py:188} INFO - [2026-04-27T18:28:25.204+0000] {dagbag.py:545} INFO - Filling up the DagBag from /opt/airflow/dags/flight-pipeline.py
[2026-04-27T18:28:25.963+0000] {processor.py:840} INFO - DAG(s) 'flights_ops_medallion_pipe' retrieved from /opt/airflow/dags/flight-pipeline.py
[2026-04-27T18:28:25.991+0000] {logging_mixin.py:188} INFO - [2026-04-27T18:28:25.990+0000] {dag.py:3089} INFO - Sync 1 DAGs
[2026-04-27T18:28:26.012+0000] {logging_mixin.py:188} INFO - [2026-04-27T18:28:26.012+0000] {dag.py:3947} INFO - Setting next_dagrun for flights_ops_medallion_pipe to 2026-04-27 17:30:00+00:00, run_after=2026-04-27 18:00:00+00:00
[2026-04-27T18:28:26.031+0000] {processor.py:183} INFO - Processing /opt/airflow/dags/flight-pipeline.py took 0.839 seconds
[2026-04-27T18:28:56.104+0000] {processor.py:161} INFO - Started process (PID=2237) to work on /opt/airflow/dags/flight-pipeline.py
[2026-04-27T18:28:56.106+0000] {processor.py:830} INFO - Processing file /opt/airflow/dags/flight-pipeline.py for tasks to queue
[2026-04-27T18:28:56.108+0000] {logging_mixin.py:188} INFO - [2026-04-27T18:28:56.108+0000] {dagbag.py:545} INFO - Filling up the DagBag from /opt/airflow/dags/flight-pipeline.py
[2026-04-27T18:28:57.002+0000] {processor.py:840} INFO - DAG(s) 'flights_ops_medallion_pipe' retrieved from /opt/airflow/dags/flight-pipeline.py
[2026-04-27T18:28:57.034+0000] {logging_mixin.py:188} INFO - [2026-04-27T18:28:57.033+0000] {dag.py:3089} INFO - Sync 1 DAGs
[2026-04-27T18:28:57.052+0000] {logging_mixin.py:188} INFO - [2026-04-27T18:28:57.052+0000] {dag.py:3947} INFO - Setting next_dagrun for flights_ops_medallion_pipe to 2026-04-27 17:30:00+00:00, run_after=2026-04-27 18:00:00+00:00
[2026-04-27T18:28:57.070+0000] {processor.py:183} INFO - Processing /opt/airflow/dags/flight-pipeline.py took 0.974 seconds
[2026-04-27T18:29:27.347+0000] {processor.py:161} INFO - Started process (PID=2240) to work on /opt/airflow/dags/flight-pipeline.py
[2026-04-27T18:29:27.349+0000] {processor.py:830} INFO - Processing file /opt/airflow/dags/flight-pipeline.py for tasks to queue
[2026-04-27T18:29:27.351+0000] {logging_mixin.py:188} INFO - [2026-04-27T18:29:27.351+0000] {dagbag.py:545} INFO - Filling up the DagBag from /opt/airflow/dags/flight-pipeline.py
[2026-04-27T18:29:28.158+0000] {processor.py:840} INFO - DAG(s) 'flights_ops_medallion_pipe' retrieved from /opt/airflow/dags/flight-pipeline.py
[2026-04-27T18:29:28.188+0000] {logging_mixin.py:188} INFO - [2026-04-27T18:29:28.187+0000] {dag.py:3089} INFO - Sync 1 DAGs
[2026-04-27T18:29:28.206+0000] {logging_mixin.py:188} INFO - [2026-04-27T18:29:28.206+0000] {dag.py:3947} INFO - Setting next_dagrun for flights_ops_medallion_pipe to 2026-04-27 17:30:00+00:00, run_after=2026-04-27 18:00:00+00:00
[2026-04-27T18:29:28.225+0000] {processor.py:183} INFO - Processing /opt/airflow/dags/flight-pipeline.py took 0.886 seconds
[2026-04-27T18:29:58.512+0000] {processor.py:161} INFO - Started process (PID=2243) to work on /opt/airflow/dags/flight-pipeline.py
[2026-04-27T18:29:58.516+0000] {processor.py:830} INFO - Processing file /opt/airflow/dags/flight-pipeline.py for tasks to queue
[2026-04-27T18:29:58.518+0000] {logging_mixin.py:188} INFO - [2026-04-27T18:29:58.518+0000] {dagbag.py:545} INFO - Filling up the DagBag from /opt/airflow/dags/flight-pipeline.py
[2026-04-27T18:29:59.316+0000] {processor.py:840} INFO - DAG(s) 'flights_ops_medallion_pipe' retrieved from /opt/airflow/dags/flight-pipeline.py
[2026-04-27T18:29:59.347+0000] {logging_mixin.py:188} INFO - [2026-04-27T18:29:59.347+0000] {dag.py:3089} INFO - Sync 1 DAGs
[2026-04-27T18:29:59.368+0000] {logging_mixin.py:188} INFO - [2026-04-27T18:29:59.367+0000] {dag.py:3947} INFO - Setting next_dagrun for flights_ops_medallion_pipe to 2026-04-27 17:30:00+00:00, run_after=2026-04-27 18:00:00+00:00
[2026-04-27T18:29:59.388+0000] {processor.py:183} INFO - Processing /opt/airflow/dags/flight-pipeline.py took 0.883 seconds
[2026-04-27T18:30:29.668+0000] {processor.py:161} INFO - Started process (PID=2246) to work on /opt/airflow/dags/flight-pipeline.py
[2026-04-27T18:30:29.670+0000] {processor.py:830} INFO - Processing file /opt/airflow/dags/flight-pipeline.py for tasks to queue
[2026-04-27T18:30:29.672+0000] {logging_mixin.py:188} INFO - [2026-04-27T18:30:29.671+0000] {dagbag.py:545} INFO - Filling up the DagBag from /opt/airflow/dags/flight-pipeline.py
[2026-04-27T18:30:30.424+0000] {processor.py:840} INFO - DAG(s) 'flights_ops_medallion_pipe' retrieved from /opt/airflow/dags/flight-pipeline.py
[2026-04-27T18:30:30.454+0000] {logging_mixin.py:188} INFO - [2026-04-27T18:30:30.454+0000] {dag.py:3089} INFO - Sync 1 DAGs
[2026-04-27T18:30:30.472+0000] {logging_mixin.py:188} INFO - [2026-04-27T18:30:30.472+0000] {dag.py:3947} INFO - Setting next_dagrun for flights_ops_medallion_pipe to 2026-04-27 18:00:00+00:00, run_after=2026-04-27 18:30:00+00:00
[2026-04-27T18:30:30.493+0000] {processor.py:183} INFO - Processing /opt/airflow/dags/flight-pipeline.py took 0.833 seconds
[2026-04-27T18:31:00.760+0000] {processor.py:161} INFO - Started process (PID=2249) to work on /opt/airflow/dags/flight-pipeline.py
[2026-04-27T18:31:00.762+0000] {processor.py:830} INFO - Processing file /opt/airflow/dags/flight-pipeline.py for tasks to queue
[2026-04-27T18:31:00.764+0000] {logging_mixin.py:188} INFO - [2026-04-27T18:31:00.764+0000] {dagbag.py:545} INFO - Filling up the DagBag from /opt/airflow/dags/flight-pipeline.py
[2026-04-27T18:31:01.538+0000] {processor.py:840} INFO - DAG(s) 'flights_ops_medallion_pipe' retrieved from /opt/airflow/dags/flight-pipeline.py
[2026-04-27T18:31:01.566+0000] {logging_mixin.py:188} INFO - [2026-04-27T18:31:01.565+0000] {dag.py:3089} INFO - Sync 1 DAGs
[2026-04-27T18:31:01.584+0000] {logging_mixin.py:188} INFO - [2026-04-27T18:31:01.584+0000] {dag.py:3947} INFO - Setting next_dagrun for flights_ops_medallion_pipe to 2026-04-27 18:00:00+00:00, run_after=2026-04-27 18:30:00+00:00
[2026-04-27T18:31:01.602+0000] {processor.py:183} INFO - Processing /opt/airflow/dags/flight-pipeline.py took 0.850 seconds
[2026-04-27T18:31:31.941+0000] {processor.py:161} INFO - Started process (PID=2252) to work on /opt/airflow/dags/flight-pipeline.py
[2026-04-27T18:31:31.943+0000] {processor.py:830} INFO - Processing file /opt/airflow/dags/flight-pipeline.py for tasks to queue
[2026-04-27T18:31:31.945+0000] {logging_mixin.py:188} INFO - [2026-04-27T18:31:31.945+0000] {dagbag.py:545} INFO - Filling up the DagBag from /opt/airflow/dags/flight-pipeline.py
[2026-04-27T18:31:32.688+0000] {processor.py:840} INFO - DAG(s) 'flights_ops_medallion_pipe' retrieved from /opt/airflow/dags/flight-pipeline.py
[2026-04-27T18:31:32.715+0000] {logging_mixin.py:188} INFO - [2026-04-27T18:31:32.715+0000] {dag.py:3089} INFO - Sync 1 DAGs
[2026-04-27T18:31:32.734+0000] {logging_mixin.py:188} INFO - [2026-04-27T18:31:32.734+0000] {dag.py:3947} INFO - Setting next_dagrun for flights_ops_medallion_pipe to 2026-04-27 18:00:00+00:00, run_after=2026-04-27 18:30:00+00:00
[2026-04-27T18:31:32.752+0000] {processor.py:183} INFO - Processing /opt/airflow/dags/flight-pipeline.py took 0.819 seconds
[2026-04-27T18:32:03.027+0000] {processor.py:161} INFO - Started process (PID=2255) to work on /opt/airflow/dags/flight-pipeline.py
[2026-04-27T18:32:03.030+0000] {processor.py:830} INFO - Processing file /opt/airflow/dags/flight-pipeline.py for tasks to queue
[2026-04-27T18:32:03.032+0000] {logging_mixin.py:188} INFO - [2026-04-27T18:32:03.031+0000] {dagbag.py:545} INFO - Filling up the DagBag from /opt/airflow/dags/flight-pipeline.py
[2026-04-27T18:32:03.782+0000] {processor.py:840} INFO - DAG(s) 'flights_ops_medallion_pipe' retrieved from /opt/airflow/dags/flight-pipeline.py
[2026-04-27T18:32:03.813+0000] {logging_mixin.py:188} INFO - [2026-04-27T18:32:03.812+0000] {dag.py:3089} INFO - Sync 1 DAGs
[2026-04-27T18:32:03.830+0000] {logging_mixin.py:188} INFO - [2026-04-27T18:32:03.830+0000] {dag.py:3947} INFO - Setting next_dagrun for flights_ops_medallion_pipe to 2026-04-27 18:00:00+00:00, run_after=2026-04-27 18:30:00+00:00
[2026-04-27T18:32:03.849+0000] {processor.py:183} INFO - Processing /opt/airflow/dags/flight-pipeline.py took 0.829 seconds
[2026-04-27T18:32:34.004+0000] {processor.py:161} INFO - Started process (PID=2258) to work on /opt/airflow/dags/flight-pipeline.py
[2026-04-27T18:32:34.011+0000] {processor.py:830} INFO - Processing file /opt/airflow/dags/flight-pipeline.py for tasks to queue
[2026-04-27T18:32:34.047+0000] {logging_mixin.py:188} INFO - [2026-04-27T18:32:34.044+0000] {dagbag.py:545} INFO - Filling up the DagBag from /opt/airflow/dags/flight-pipeline.py
[2026-04-27T18:32:34.876+0000] {processor.py:840} INFO - DAG(s) 'flights_ops_medallion_pipe' retrieved from /opt/airflow/dags/flight-pipeline.py
[2026-04-27T18:32:34.907+0000] {logging_mixin.py:188} INFO - [2026-04-27T18:32:34.906+0000] {dag.py:3089} INFO - Sync 1 DAGs
[2026-04-27T18:32:34.924+0000] {logging_mixin.py:188} INFO - [2026-04-27T18:32:34.924+0000] {dag.py:3947} INFO - Setting next_dagrun for flights_ops_medallion_pipe to 2026-04-27 18:00:00+00:00, run_after=2026-04-27 18:30:00+00:00
[2026-04-27T18:32:34.944+0000] {processor.py:183} INFO - Processing /opt/airflow/dags/flight-pipeline.py took 0.949 seconds
[2026-04-27T18:33:05.217+0000] {processor.py:161} INFO - Started process (PID=2261) to work on /opt/airflow/dags/flight-pipeline.py
[2026-04-27T18:33:05.219+0000] {processor.py:830} INFO - Processing file /opt/airflow/dags/flight-pipeline.py for tasks to queue
[2026-04-27T18:33:05.221+0000] {logging_mixin.py:188} INFO - [2026-04-27T18:33:05.221+0000] {dagbag.py:545} INFO - Filling up the DagBag from /opt/airflow/dags/flight-pipeline.py
[2026-04-27T18:33:06.229+0000] {processor.py:840} INFO - DAG(s) 'flights_ops_medallion_pipe' retrieved from /opt/airflow/dags/flight-pipeline.py
[2026-04-27T18:33:06.295+0000] {logging_mixin.py:188} INFO - [2026-04-27T18:33:06.295+0000] {dag.py:3089} INFO - Sync 1 DAGs
[2026-04-27T18:33:06.347+0000] {logging_mixin.py:188} INFO - [2026-04-27T18:33:06.347+0000] {dag.py:3947} INFO - Setting next_dagrun for flights_ops_medallion_pipe to 2026-04-27 18:00:00+00:00, run_after=2026-04-27 18:30:00+00:00
[2026-04-27T18:33:06.373+0000] {processor.py:183} INFO - Processing /opt/airflow/dags/flight-pipeline.py took 1.164 seconds
[2026-04-27T18:33:36.576+0000] {processor.py:161} INFO - Started process (PID=2264) to work on /opt/airflow/dags/flight-pipeline.py
[2026-04-27T18:33:36.580+0000] {processor.py:830} INFO - Processing file /opt/airflow/dags/flight-pipeline.py for tasks to queue
[2026-04-27T18:33:36.610+0000] {logging_mixin.py:188} INFO - [2026-04-27T18:33:36.604+0000] {dagbag.py:545} INFO - Filling up the DagBag from /opt/airflow/dags/flight-pipeline.py
[2026-04-27T18:33:37.478+0000] {processor.py:840} INFO - DAG(s) 'flights_ops_medallion_pipe' retrieved from /opt/airflow/dags/flight-pipeline.py
[2026-04-27T18:33:37.514+0000] {logging_mixin.py:188} INFO - [2026-04-27T18:33:37.513+0000] {dag.py:3089} INFO - Sync 1 DAGs
[2026-04-27T18:33:37.536+0000] {logging_mixin.py:188} INFO - [2026-04-27T18:33:37.536+0000] {dag.py:3947} INFO - Setting next_dagrun for flights_ops_medallion_pipe to 2026-04-27 18:00:00+00:00, run_after=2026-04-27 18:30:00+00:00
[2026-04-27T18:33:37.556+0000] {processor.py:183} INFO - Processing /opt/airflow/dags/flight-pipeline.py took 0.988 seconds
[2026-04-27T18:34:07.854+0000] {processor.py:161} INFO - Started process (PID=2267) to work on /opt/airflow/dags/flight-pipeline.py
[2026-04-27T18:34:07.856+0000] {processor.py:830} INFO - Processing file /opt/airflow/dags/flight-pipeline.py for tasks to queue
[2026-04-27T18:34:07.859+0000] {logging_mixin.py:188} INFO - [2026-04-27T18:34:07.858+0000] {dagbag.py:545} INFO - Filling up the DagBag from /opt/airflow/dags/flight-pipeline.py
[2026-04-27T18:34:09.122+0000] {processor.py:840} INFO - DAG(s) 'flights_ops_medallion_pipe' retrieved from /opt/airflow/dags/flight-pipeline.py
[2026-04-27T18:34:09.186+0000] {logging_mixin.py:188} INFO - [2026-04-27T18:34:09.185+0000] {dag.py:3089} INFO - Sync 1 DAGs
[2026-04-27T18:34:09.245+0000] {logging_mixin.py:188} INFO - [2026-04-27T18:34:09.244+0000] {dag.py:3947} INFO - Setting next_dagrun for flights_ops_medallion_pipe to 2026-04-27 18:00:00+00:00, run_after=2026-04-27 18:30:00+00:00
[2026-04-27T18:34:09.280+0000] {processor.py:183} INFO - Processing /opt/airflow/dags/flight-pipeline.py took 1.433 seconds
[2026-04-27T18:34:39.532+0000] {processor.py:161} INFO - Started process (PID=2270) to work on /opt/airflow/dags/flight-pipeline.py
[2026-04-27T18:34:39.534+0000] {processor.py:830} INFO - Processing file /opt/airflow/dags/flight-pipeline.py for tasks to queue
[2026-04-27T18:34:39.537+0000] {logging_mixin.py:188} INFO - [2026-04-27T18:34:39.537+0000] {dagbag.py:545} INFO - Filling up the DagBag from /opt/airflow/dags/flight-pipeline.py
[2026-04-27T18:34:41.601+0000] {processor.py:840} INFO - DAG(s) 'flights_ops_medallion_pipe' retrieved from /opt/airflow/dags/flight-pipeline.py
[2026-04-27T18:34:41.685+0000] {logging_mixin.py:188} INFO - [2026-04-27T18:34:41.684+0000] {dag.py:3089} INFO - Sync 1 DAGs
[2026-04-27T18:34:41.737+0000] {logging_mixin.py:188} INFO - [2026-04-27T18:34:41.737+0000] {dag.py:3947} INFO - Setting next_dagrun for flights_ops_medallion_pipe to 2026-04-27 18:00:00+00:00, run_after=2026-04-27 18:30:00+00:00
[2026-04-27T18:34:41.767+0000] {processor.py:183} INFO - Processing /opt/airflow/dags/flight-pipeline.py took 2.243 seconds
[2026-04-27T18:35:12.027+0000] {processor.py:161} INFO - Started process (PID=2273) to work on /opt/airflow/dags/flight-pipeline.py
[2026-04-27T18:35:12.029+0000] {processor.py:830} INFO - Processing file /opt/airflow/dags/flight-pipeline.py for tasks to queue
[2026-04-27T18:35:12.032+0000] {logging_mixin.py:188} INFO - [2026-04-27T18:35:12.031+0000] {dagbag.py:545} INFO - Filling up the DagBag from /opt/airflow/dags/flight-pipeline.py
[2026-04-27T18:35:13.016+0000] {processor.py:840} INFO - DAG(s) 'flights_ops_medallion_pipe' retrieved from /opt/airflow/dags/flight-pipeline.py
[2026-04-27T18:35:13.064+0000] {logging_mixin.py:188} INFO - [2026-04-27T18:35:13.062+0000] {dag.py:3089} INFO - Sync 1 DAGs
[2026-04-27T18:35:13.106+0000] {logging_mixin.py:188} INFO - [2026-04-27T18:35:13.105+0000] {dag.py:3947} INFO - Setting next_dagrun for flights_ops_medallion_pipe to 2026-04-27 18:00:00+00:00, run_after=2026-04-27 18:30:00+00:00
[2026-04-27T18:35:13.138+0000] {processor.py:183} INFO - Processing /opt/airflow/dags/flight-pipeline.py took 1.120 seconds
[2026-04-27T18:35:43.274+0000] {processor.py:161} INFO - Started process (PID=2299) to work on /opt/airflow/dags/flight-pipeline.py
[2026-04-27T18:35:43.279+0000] {processor.py:830} INFO - Processing file /opt/airflow/dags/flight-pipeline.py for tasks to queue
[2026-04-27T18:35:43.283+0000] {logging_mixin.py:188} INFO - [2026-04-27T18:35:43.282+0000] {dagbag.py:545} INFO - Filling up the DagBag from /opt/airflow/dags/flight-pipeline.py
[2026-04-27T18:35:44.106+0000] {processor.py:840} INFO - DAG(s) 'flights_ops_medallion_pipe' retrieved from /opt/airflow/dags/flight-pipeline.py
[2026-04-27T18:35:44.134+0000] {logging_mixin.py:188} INFO - [2026-04-27T18:35:44.134+0000] {dag.py:3089} INFO - Sync 1 DAGs
[2026-04-27T18:35:44.155+0000] {logging_mixin.py:188} INFO - [2026-04-27T18:35:44.155+0000] {dag.py:3947} INFO - Setting next_dagrun for flights_ops_medallion_pipe to 2026-04-27 18:30:00+00:00, run_after=2026-04-27 19:00:00+00:00
[2026-04-27T18:35:44.174+0000] {processor.py:183} INFO - Processing /opt/airflow/dags/flight-pipeline.py took 0.910 seconds
[2026-04-27T18:36:14.494+0000] {processor.py:161} INFO - Started process (PID=2356) to work on /opt/airflow/dags/flight-pipeline.py
[2026-04-27T18:36:14.510+0000] {processor.py:830} INFO - Processing file /opt/airflow/dags/flight-pipeline.py for tasks to queue
[2026-04-27T18:36:14.545+0000] {logging_mixin.py:188} INFO - [2026-04-27T18:36:14.538+0000] {dagbag.py:545} INFO - Filling up the DagBag from /opt/airflow/dags/flight-pipeline.py
[2026-04-27T18:36:16.014+0000] {processor.py:840} INFO - DAG(s) 'flights_ops_medallion_pipe' retrieved from /opt/airflow/dags/flight-pipeline.py
[2026-04-27T18:36:16.051+0000] {logging_mixin.py:188} INFO - [2026-04-27T18:36:16.051+0000] {dag.py:3089} INFO - Sync 1 DAGs
[2026-04-27T18:36:16.078+0000] {logging_mixin.py:188} INFO - [2026-04-27T18:36:16.078+0000] {dag.py:3947} INFO - Setting next_dagrun for flights_ops_medallion_pipe to 2026-04-27 18:30:00+00:00, run_after=2026-04-27 19:00:00+00:00
[2026-04-27T18:36:16.108+0000] {processor.py:183} INFO - Processing /opt/airflow/dags/flight-pipeline.py took 1.698 seconds
[2026-04-27T18:36:46.369+0000] {processor.py:161} INFO - Started process (PID=2359) to work on /opt/airflow/dags/flight-pipeline.py
[2026-04-27T18:36:46.373+0000] {processor.py:830} INFO - Processing file /opt/airflow/dags/flight-pipeline.py for tasks to queue
[2026-04-27T18:36:46.378+0000] {logging_mixin.py:188} INFO - [2026-04-27T18:36:46.377+0000] {dagbag.py:545} INFO - Filling up the DagBag from /opt/airflow/dags/flight-pipeline.py
[2026-04-27T18:36:47.170+0000] {processor.py:840} INFO - DAG(s) 'flights_ops_medallion_pipe' retrieved from /opt/airflow/dags/flight-pipeline.py
[2026-04-27T18:36:47.204+0000] {logging_mixin.py:188} INFO - [2026-04-27T18:36:47.203+0000] {dag.py:3089} INFO - Sync 1 DAGs
[2026-04-27T18:36:47.227+0000] {logging_mixin.py:188} INFO - [2026-04-27T18:36:47.227+0000] {dag.py:3947} INFO - Setting next_dagrun for flights_ops_medallion_pipe to 2026-04-27 18:30:00+00:00, run_after=2026-04-27 19:00:00+00:00
[2026-04-27T18:36:47.249+0000] {processor.py:183} INFO - Processing /opt/airflow/dags/flight-pipeline.py took 0.888 seconds
[2026-04-27T18:37:17.521+0000] {processor.py:161} INFO - Started process (PID=2362) to work on /opt/airflow/dags/flight-pipeline.py
[2026-04-27T18:37:17.524+0000] {processor.py:830} INFO - Processing file /opt/airflow/dags/flight-pipeline.py for tasks to queue
[2026-04-27T18:37:17.526+0000] {logging_mixin.py:188} INFO - [2026-04-27T18:37:17.526+0000] {dagbag.py:545} INFO - Filling up the DagBag from /opt/airflow/dags/flight-pipeline.py
[2026-04-27T18:37:18.324+0000] {processor.py:840} INFO - DAG(s) 'flights_ops_medallion_pipe' retrieved from /opt/airflow/dags/flight-pipeline.py
[2026-04-27T18:37:18.355+0000] {logging_mixin.py:188} INFO - [2026-04-27T18:37:18.354+0000] {dag.py:3089} INFO - Sync 1 DAGs
[2026-04-27T18:37:18.376+0000] {logging_mixin.py:188} INFO - [2026-04-27T18:37:18.376+0000] {dag.py:3947} INFO - Setting next_dagrun for flights_ops_medallion_pipe to 2026-04-27 18:30:00+00:00, run_after=2026-04-27 19:00:00+00:00
[2026-04-27T18:37:18.395+0000] {processor.py:183} INFO - Processing /opt/airflow/dags/flight-pipeline.py took 0.882 seconds
[2026-04-27T18:37:48.646+0000] {processor.py:161} INFO - Started process (PID=2376) to work on /opt/airflow/dags/flight-pipeline.py
[2026-04-27T18:37:48.648+0000] {processor.py:830} INFO - Processing file /opt/airflow/dags/flight-pipeline.py for tasks to queue
[2026-04-27T18:37:48.651+0000] {logging_mixin.py:188} INFO - [2026-04-27T18:37:48.650+0000] {dagbag.py:545} INFO - Filling up the DagBag from /opt/airflow/dags/flight-pipeline.py
[2026-04-27T18:37:49.461+0000] {processor.py:840} INFO - DAG(s) 'flights_ops_medallion_pipe' retrieved from /opt/airflow/dags/flight-pipeline.py
[2026-04-27T18:37:49.492+0000] {logging_mixin.py:188} INFO - [2026-04-27T18:37:49.490+0000] {dag.py:3089} INFO - Sync 1 DAGs
[2026-04-27T18:37:49.511+0000] {logging_mixin.py:188} INFO - [2026-04-27T18:37:49.511+0000] {dag.py:3947} INFO - Setting next_dagrun for flights_ops_medallion_pipe to 2026-04-27 18:30:00+00:00, run_after=2026-04-27 19:00:00+00:00
[2026-04-27T18:37:49.530+0000] {processor.py:183} INFO - Processing /opt/airflow/dags/flight-pipeline.py took 0.892 seconds
[2026-04-27T18:38:19.792+0000] {processor.py:161} INFO - Started process (PID=2379) to work on /opt/airflow/dags/flight-pipeline.py
[2026-04-27T18:38:19.794+0000] {processor.py:830} INFO - Processing file /opt/airflow/dags/flight-pipeline.py for tasks to queue
[2026-04-27T18:38:19.796+0000] {logging_mixin.py:188} INFO - [2026-04-27T18:38:19.796+0000] {dagbag.py:545} INFO - Filling up the DagBag from /opt/airflow/dags/flight-pipeline.py
[2026-04-27T18:38:20.632+0000] {processor.py:840} INFO - DAG(s) 'flights_ops_medallion_pipe' retrieved from /opt/airflow/dags/flight-pipeline.py
[2026-04-27T18:38:20.665+0000] {logging_mixin.py:188} INFO - [2026-04-27T18:38:20.664+0000] {dag.py:3089} INFO - Sync 1 DAGs
[2026-04-27T18:38:20.691+0000] {logging_mixin.py:188} INFO - [2026-04-27T18:38:20.691+0000] {dag.py:3947} INFO - Setting next_dagrun for flights_ops_medallion_pipe to 2026-04-27 18:30:00+00:00, run_after=2026-04-27 19:00:00+00:00
[2026-04-27T18:38:20.711+0000] {processor.py:183} INFO - Processing /opt/airflow/dags/flight-pipeline.py took 0.927 seconds
[2026-04-27T18:38:50.856+0000] {processor.py:161} INFO - Started process (PID=2382) to work on /opt/airflow/dags/flight-pipeline.py
[2026-04-27T18:38:50.859+0000] {processor.py:830} INFO - Processing file /opt/airflow/dags/flight-pipeline.py for tasks to queue
[2026-04-27T18:38:50.863+0000] {logging_mixin.py:188} INFO - [2026-04-27T18:38:50.862+0000] {dagbag.py:545} INFO - Filling up the DagBag from /opt/airflow/dags/flight-pipeline.py
[2026-04-27T18:38:51.782+0000] {processor.py:840} INFO - DAG(s) 'flights_ops_medallion_pipe' retrieved from /opt/airflow/dags/flight-pipeline.py
[2026-04-27T18:38:51.816+0000] {logging_mixin.py:188} INFO - [2026-04-27T18:38:51.815+0000] {dag.py:3089} INFO - Sync 1 DAGs
[2026-04-27T18:38:51.838+0000] {logging_mixin.py:188} INFO - [2026-04-27T18:38:51.838+0000] {dag.py:3947} INFO - Setting next_dagrun for flights_ops_medallion_pipe to 2026-04-27 18:30:00+00:00, run_after=2026-04-27 19:00:00+00:00
[2026-04-27T18:38:51.860+0000] {processor.py:183} INFO - Processing /opt/airflow/dags/flight-pipeline.py took 1.013 seconds
[2026-04-27T18:39:22.112+0000] {processor.py:161} INFO - Started process (PID=2385) to work on /opt/airflow/dags/flight-pipeline.py
[2026-04-27T18:39:22.114+0000] {processor.py:830} INFO - Processing file /opt/airflow/dags/flight-pipeline.py for tasks to queue
[2026-04-27T18:39:22.117+0000] {logging_mixin.py:188} INFO - [2026-04-27T18:39:22.116+0000] {dagbag.py:545} INFO - Filling up the DagBag from /opt/airflow/dags/flight-pipeline.py
[2026-04-27T18:39:22.876+0000] {processor.py:840} INFO - DAG(s) 'flights_ops_medallion_pipe' retrieved from /opt/airflow/dags/flight-pipeline.py
[2026-04-27T18:39:22.905+0000] {logging_mixin.py:188} INFO - [2026-04-27T18:39:22.904+0000] {dag.py:3089} INFO - Sync 1 DAGs
[2026-04-27T18:39:22.923+0000] {logging_mixin.py:188} INFO - [2026-04-27T18:39:22.923+0000] {dag.py:3947} INFO - Setting next_dagrun for flights_ops_medallion_pipe to 2026-04-27 18:30:00+00:00, run_after=2026-04-27 19:00:00+00:00
[2026-04-27T18:39:22.943+0000] {processor.py:183} INFO - Processing /opt/airflow/dags/flight-pipeline.py took 0.839 seconds
[2026-04-27T18:39:53.228+0000] {processor.py:161} INFO - Started process (PID=2388) to work on /opt/airflow/dags/flight-pipeline.py
[2026-04-27T18:39:53.230+0000] {processor.py:830} INFO - Processing file /opt/airflow/dags/flight-pipeline.py for tasks to queue
[2026-04-27T18:39:53.233+0000] {logging_mixin.py:188} INFO - [2026-04-27T18:39:53.232+0000] {dagbag.py:545} INFO - Filling up the DagBag from /opt/airflow/dags/flight-pipeline.py
[2026-04-27T18:39:54.026+0000] {processor.py:840} INFO - DAG(s) 'flights_ops_medallion_pipe' retrieved from /opt/airflow/dags/flight-pipeline.py
[2026-04-27T18:39:54.066+0000] {logging_mixin.py:188} INFO - [2026-04-27T18:39:54.065+0000] {dag.py:3089} INFO - Sync 1 DAGs
[2026-04-27T18:39:54.084+0000] {logging_mixin.py:188} INFO - [2026-04-27T18:39:54.084+0000] {dag.py:3947} INFO - Setting next_dagrun for flights_ops_medallion_pipe to 2026-04-27 18:30:00+00:00, run_after=2026-04-27 19:00:00+00:00
[2026-04-27T18:39:54.102+0000] {processor.py:183} INFO - Processing /opt/airflow/dags/flight-pipeline.py took 0.882 seconds
[2026-04-27T18:40:24.366+0000] {processor.py:161} INFO - Started process (PID=2391) to work on /opt/airflow/dags/flight-pipeline.py
[2026-04-27T18:40:24.368+0000] {processor.py:830} INFO - Processing file /opt/airflow/dags/flight-pipeline.py for tasks to queue
[2026-04-27T18:40:24.370+0000] {logging_mixin.py:188} INFO - [2026-04-27T18:40:24.370+0000] {dagbag.py:545} INFO - Filling up the DagBag from /opt/airflow/dags/flight-pipeline.py
[2026-04-27T18:40:25.124+0000] {processor.py:840} INFO - DAG(s) 'flights_ops_medallion_pipe' retrieved from /opt/airflow/dags/flight-pipeline.py
[2026-04-27T18:40:25.151+0000] {logging_mixin.py:188} INFO - [2026-04-27T18:40:25.150+0000] {dag.py:3089} INFO - Sync 1 DAGs
[2026-04-27T18:40:25.170+0000] {logging_mixin.py:188} INFO - [2026-04-27T18:40:25.170+0000] {dag.py:3947} INFO - Setting next_dagrun for flights_ops_medallion_pipe to 2026-04-27 18:30:00+00:00, run_after=2026-04-27 19:00:00+00:00
[2026-04-27T18:40:25.187+0000] {processor.py:183} INFO - Processing /opt/airflow/dags/flight-pipeline.py took 0.829 seconds
[2026-04-27T18:40:55.553+0000] {processor.py:161} INFO - Started process (PID=2394) to work on /opt/airflow/dags/flight-pipeline.py
[2026-04-27T18:40:55.555+0000] {processor.py:830} INFO - Processing file /opt/airflow/dags/flight-pipeline.py for tasks to queue
[2026-04-27T18:40:55.558+0000] {logging_mixin.py:188} INFO - [2026-04-27T18:40:55.557+0000] {dagbag.py:545} INFO - Filling up the DagBag from /opt/airflow/dags/flight-pipeline.py
[2026-04-27T18:40:56.306+0000] {processor.py:840} INFO - DAG(s) 'flights_ops_medallion_pipe' retrieved from /opt/airflow/dags/flight-pipeline.py
[2026-04-27T18:40:56.334+0000] {logging_mixin.py:188} INFO - [2026-04-27T18:40:56.333+0000] {dag.py:3089} INFO - Sync 1 DAGs
[2026-04-27T18:40:56.353+0000] {logging_mixin.py:188} INFO - [2026-04-27T18:40:56.352+0000] {dag.py:3947} INFO - Setting next_dagrun for flights_ops_medallion_pipe to 2026-04-27 18:30:00+00:00, run_after=2026-04-27 19:00:00+00:00
[2026-04-27T18:40:56.371+0000] {processor.py:183} INFO - Processing /opt/airflow/dags/flight-pipeline.py took 0.824 seconds
[2026-04-27T18:41:26.511+0000] {processor.py:161} INFO - Started process (PID=2397) to work on /opt/airflow/dags/flight-pipeline.py
[2026-04-27T18:41:26.514+0000] {processor.py:830} INFO - Processing file /opt/airflow/dags/flight-pipeline.py for tasks to queue
[2026-04-27T18:41:26.517+0000] {logging_mixin.py:188} INFO - [2026-04-27T18:41:26.517+0000] {dagbag.py:545} INFO - Filling up the DagBag from /opt/airflow/dags/flight-pipeline.py
[2026-04-27T18:41:27.581+0000] {processor.py:840} INFO - DAG(s) 'flights_ops_medallion_pipe' retrieved from /opt/airflow/dags/flight-pipeline.py
[2026-04-27T18:41:27.615+0000] {logging_mixin.py:188} INFO - [2026-04-27T18:41:27.614+0000] {dag.py:3089} INFO - Sync 1 DAGs
[2026-04-27T18:41:27.638+0000] {logging_mixin.py:188} INFO - [2026-04-27T18:41:27.637+0000] {dag.py:3947} INFO - Setting next_dagrun for flights_ops_medallion_pipe to 2026-04-27 18:30:00+00:00, run_after=2026-04-27 19:00:00+00:00
[2026-04-27T18:41:27.686+0000] {processor.py:183} INFO - Processing /opt/airflow/dags/flight-pipeline.py took 1.186 seconds
[2026-04-27T18:41:57.795+0000] {processor.py:161} INFO - Started process (PID=2400) to work on /opt/airflow/dags/flight-pipeline.py
[2026-04-27T18:41:57.797+0000] {processor.py:830} INFO - Processing file /opt/airflow/dags/flight-pipeline.py for tasks to queue
[2026-04-27T18:41:57.800+0000] {logging_mixin.py:188} INFO - [2026-04-27T18:41:57.800+0000] {dagbag.py:545} INFO - Filling up the DagBag from /opt/airflow/dags/flight-pipeline.py
[2026-04-27T18:41:58.649+0000] {processor.py:840} INFO - DAG(s) 'flights_ops_medallion_pipe' retrieved from /opt/airflow/dags/flight-pipeline.py
[2026-04-27T18:41:58.681+0000] {logging_mixin.py:188} INFO - [2026-04-27T18:41:58.680+0000] {dag.py:3089} INFO - Sync 1 DAGs
[2026-04-27T18:41:58.700+0000] {logging_mixin.py:188} INFO - [2026-04-27T18:41:58.700+0000] {dag.py:3947} INFO - Setting next_dagrun for flights_ops_medallion_pipe to 2026-04-27 18:30:00+00:00, run_after=2026-04-27 19:00:00+00:00
[2026-04-27T18:41:58.720+0000] {processor.py:183} INFO - Processing /opt/airflow/dags/flight-pipeline.py took 0.933 seconds
[2026-04-27T18:42:29.015+0000] {processor.py:161} INFO - Started process (PID=2403) to work on /opt/airflow/dags/flight-pipeline.py
[2026-04-27T18:42:29.017+0000] {processor.py:830} INFO - Processing file /opt/airflow/dags/flight-pipeline.py for tasks to queue
[2026-04-27T18:42:29.020+0000] {logging_mixin.py:188} INFO - [2026-04-27T18:42:29.020+0000] {dagbag.py:545} INFO - Filling up the DagBag from /opt/airflow/dags/flight-pipeline.py
[2026-04-27T18:42:29.886+0000] {processor.py:840} INFO - DAG(s) 'flights_ops_medallion_pipe' retrieved from /opt/airflow/dags/flight-pipeline.py
[2026-04-27T18:42:29.923+0000] {logging_mixin.py:188} INFO - [2026-04-27T18:42:29.922+0000] {dag.py:3089} INFO - Sync 1 DAGs
[2026-04-27T18:42:29.944+0000] {logging_mixin.py:188} INFO - [2026-04-27T18:42:29.944+0000] {dag.py:3947} INFO - Setting next_dagrun for flights_ops_medallion_pipe to 2026-04-27 18:30:00+00:00, run_after=2026-04-27 19:00:00+00:00
[2026-04-27T18:42:29.964+0000] {processor.py:183} INFO - Processing /opt/airflow/dags/flight-pipeline.py took 0.958 seconds
[2026-04-27T18:43:00.290+0000] {processor.py:161} INFO - Started process (PID=2406) to work on /opt/airflow/dags/flight-pipeline.py
[2026-04-27T18:43:00.292+0000] {processor.py:830} INFO - Processing file /opt/airflow/dags/flight-pipeline.py for tasks to queue
[2026-04-27T18:43:00.296+0000] {logging_mixin.py:188} INFO - [2026-04-27T18:43:00.296+0000] {dagbag.py:545} INFO - Filling up the DagBag from /opt/airflow/dags/flight-pipeline.py
[2026-04-27T18:43:01.163+0000] {processor.py:840} INFO - DAG(s) 'flights_ops_medallion_pipe' retrieved from /opt/airflow/dags/flight-pipeline.py
[2026-04-27T18:43:01.194+0000] {logging_mixin.py:188} INFO - [2026-04-27T18:43:01.193+0000] {dag.py:3089} INFO - Sync 1 DAGs
[2026-04-27T18:43:01.216+0000] {logging_mixin.py:188} INFO - [2026-04-27T18:43:01.216+0000] {dag.py:3947} INFO - Setting next_dagrun for flights_ops_medallion_pipe to 2026-04-27 18:30:00+00:00, run_after=2026-04-27 19:00:00+00:00
[2026-04-27T18:43:01.236+0000] {processor.py:183} INFO - Processing /opt/airflow/dags/flight-pipeline.py took 0.954 seconds
[2026-04-27T18:43:31.534+0000] {processor.py:161} INFO - Started process (PID=2409) to work on /opt/airflow/dags/flight-pipeline.py
[2026-04-27T18:43:31.536+0000] {processor.py:830} INFO - Processing file /opt/airflow/dags/flight-pipeline.py for tasks to queue
[2026-04-27T18:43:31.539+0000] {logging_mixin.py:188} INFO - [2026-04-27T18:43:31.538+0000] {dagbag.py:545} INFO - Filling up the DagBag from /opt/airflow/dags/flight-pipeline.py
[2026-04-27T18:43:32.478+0000] {processor.py:840} INFO - DAG(s) 'flights_ops_medallion_pipe' retrieved from /opt/airflow/dags/flight-pipeline.py
[2026-04-27T18:43:32.517+0000] {logging_mixin.py:188} INFO - [2026-04-27T18:43:32.516+0000] {dag.py:3089} INFO - Sync 1 DAGs
[2026-04-27T18:43:32.547+0000] {logging_mixin.py:188} INFO - [2026-04-27T18:43:32.546+0000] {dag.py:3947} INFO - Setting next_dagrun for flights_ops_medallion_pipe to 2026-04-27 18:30:00+00:00, run_after=2026-04-27 19:00:00+00:00
[2026-04-27T18:43:32.615+0000] {processor.py:183} INFO - Processing /opt/airflow/dags/flight-pipeline.py took 1.090 seconds
[2026-04-27T18:44:02.935+0000] {processor.py:161} INFO - Started process (PID=2412) to work on /opt/airflow/dags/flight-pipeline.py
[2026-04-27T18:44:02.938+0000] {processor.py:830} INFO - Processing file /opt/airflow/dags/flight-pipeline.py for tasks to queue
[2026-04-27T18:44:02.941+0000] {logging_mixin.py:188} INFO - [2026-04-27T18:44:02.940+0000] {dagbag.py:545} INFO - Filling up the DagBag from /opt/airflow/dags/flight-pipeline.py
[2026-04-27T18:44:03.767+0000] {processor.py:840} INFO - DAG(s) 'flights_ops_medallion_pipe' retrieved from /opt/airflow/dags/flight-pipeline.py
[2026-04-27T18:44:03.803+0000] {logging_mixin.py:188} INFO - [2026-04-27T18:44:03.802+0000] {dag.py:3089} INFO - Sync 1 DAGs
[2026-04-27T18:44:03.822+0000] {logging_mixin.py:188} INFO - [2026-04-27T18:44:03.822+0000] {dag.py:3947} INFO - Setting next_dagrun for flights_ops_medallion_pipe to 2026-04-27 18:30:00+00:00, run_after=2026-04-27 19:00:00+00:00
[2026-04-27T18:44:03.843+0000] {processor.py:183} INFO - Processing /opt/airflow/dags/flight-pipeline.py took 0.915 seconds
[2026-04-27T18:44:34.231+0000] {processor.py:161} INFO - Started process (PID=2415) to work on /opt/airflow/dags/flight-pipeline.py
[2026-04-27T18:44:34.233+0000] {processor.py:830} INFO - Processing file /opt/airflow/dags/flight-pipeline.py for tasks to queue
[2026-04-27T18:44:34.235+0000] {logging_mixin.py:188} INFO - [2026-04-27T18:44:34.235+0000] {dagbag.py:545} INFO - Filling up the DagBag from /opt/airflow/dags/flight-pipeline.py
[2026-04-27T18:44:35.081+0000] {processor.py:840} INFO - DAG(s) 'flights_ops_medallion_pipe' retrieved from /opt/airflow/dags/flight-pipeline.py
[2026-04-27T18:44:35.111+0000] {logging_mixin.py:188} INFO - [2026-04-27T18:44:35.111+0000] {dag.py:3089} INFO - Sync 1 DAGs
[2026-04-27T18:44:35.131+0000] {logging_mixin.py:188} INFO - [2026-04-27T18:44:35.130+0000] {dag.py:3947} INFO - Setting next_dagrun for flights_ops_medallion_pipe to 2026-04-27 18:30:00+00:00, run_after=2026-04-27 19:00:00+00:00
[2026-04-27T18:44:35.149+0000] {processor.py:183} INFO - Processing /opt/airflow/dags/flight-pipeline.py took 0.926 seconds
[2026-04-27T18:45:05.419+0000] {processor.py:161} INFO - Started process (PID=2418) to work on /opt/airflow/dags/flight-pipeline.py
[2026-04-27T18:45:05.423+0000] {processor.py:830} INFO - Processing file /opt/airflow/dags/flight-pipeline.py for tasks to queue
[2026-04-27T18:45:05.426+0000] {logging_mixin.py:188} INFO - [2026-04-27T18:45:05.425+0000] {dagbag.py:545} INFO - Filling up the DagBag from /opt/airflow/dags/flight-pipeline.py
[2026-04-27T18:45:06.276+0000] {processor.py:840} INFO - DAG(s) 'flights_ops_medallion_pipe' retrieved from /opt/airflow/dags/flight-pipeline.py
[2026-04-27T18:45:06.310+0000] {logging_mixin.py:188} INFO - [2026-04-27T18:45:06.309+0000] {dag.py:3089} INFO - Sync 1 DAGs
[2026-04-27T18:45:06.331+0000] {logging_mixin.py:188} INFO - [2026-04-27T18:45:06.331+0000] {dag.py:3947} INFO - Setting next_dagrun for flights_ops_medallion_pipe to 2026-04-27 18:30:00+00:00, run_after=2026-04-27 19:00:00+00:00
[2026-04-27T18:45:06.351+0000] {processor.py:183} INFO - Processing /opt/airflow/dags/flight-pipeline.py took 0.941 seconds
[2026-04-27T18:45:36.640+0000] {processor.py:161} INFO - Started process (PID=2421) to work on /opt/airflow/dags/flight-pipeline.py
[2026-04-27T18:45:36.642+0000] {processor.py:830} INFO - Processing file /opt/airflow/dags/flight-pipeline.py for tasks to queue
[2026-04-27T18:45:36.645+0000] {logging_mixin.py:188} INFO - [2026-04-27T18:45:36.644+0000] {dagbag.py:545} INFO - Filling up the DagBag from /opt/airflow/dags/flight-pipeline.py
[2026-04-27T18:45:37.468+0000] {processor.py:840} INFO - DAG(s) 'flights_ops_medallion_pipe' retrieved from /opt/airflow/dags/flight-pipeline.py
[2026-04-27T18:45:37.508+0000] {logging_mixin.py:188} INFO - [2026-04-27T18:45:37.507+0000] {dag.py:3089} INFO - Sync 1 DAGs
[2026-04-27T18:45:37.531+0000] {logging_mixin.py:188} INFO - [2026-04-27T18:45:37.531+0000] {dag.py:3947} INFO - Setting next_dagrun for flights_ops_medallion_pipe to 2026-04-27 18:30:00+00:00, run_after=2026-04-27 19:00:00+00:00
[2026-04-27T18:45:37.556+0000] {processor.py:183} INFO - Processing /opt/airflow/dags/flight-pipeline.py took 0.925 seconds
[2026-04-27T18:46:07.833+0000] {processor.py:161} INFO - Started process (PID=2424) to work on /opt/airflow/dags/flight-pipeline.py
[2026-04-27T18:46:07.835+0000] {processor.py:830} INFO - Processing file /opt/airflow/dags/flight-pipeline.py for tasks to queue
[2026-04-27T18:46:07.838+0000] {logging_mixin.py:188} INFO - [2026-04-27T18:46:07.838+0000] {dagbag.py:545} INFO - Filling up the DagBag from /opt/airflow/dags/flight-pipeline.py
[2026-04-27T18:46:08.689+0000] {processor.py:840} INFO - DAG(s) 'flights_ops_medallion_pipe' retrieved from /opt/airflow/dags/flight-pipeline.py
[2026-04-27T18:46:08.724+0000] {logging_mixin.py:188} INFO - [2026-04-27T18:46:08.724+0000] {dag.py:3089} INFO - Sync 1 DAGs
[2026-04-27T18:46:08.746+0000] {logging_mixin.py:188} INFO - [2026-04-27T18:46:08.746+0000] {dag.py:3947} INFO - Setting next_dagrun for flights_ops_medallion_pipe to 2026-04-27 18:30:00+00:00, run_after=2026-04-27 19:00:00+00:00
[2026-04-27T18:46:08.766+0000] {processor.py:183} INFO - Processing /opt/airflow/dags/flight-pipeline.py took 0.941 seconds
[2026-04-27T18:46:39.130+0000] {processor.py:161} INFO - Started process (PID=2427) to work on /opt/airflow/dags/flight-pipeline.py
[2026-04-27T18:46:39.132+0000] {processor.py:830} INFO - Processing file /opt/airflow/dags/flight-pipeline.py for tasks to queue
[2026-04-27T18:46:39.135+0000] {logging_mixin.py:188} INFO - [2026-04-27T18:46:39.135+0000] {dagbag.py:545} INFO - Filling up the DagBag from /opt/airflow/dags/flight-pipeline.py
[2026-04-27T18:46:40.013+0000] {processor.py:840} INFO - DAG(s) 'flights_ops_medallion_pipe' retrieved from /opt/airflow/dags/flight-pipeline.py
[2026-04-27T18:46:40.046+0000] {logging_mixin.py:188} INFO - [2026-04-27T18:46:40.046+0000] {dag.py:3089} INFO - Sync 1 DAGs
[2026-04-27T18:46:40.071+0000] {logging_mixin.py:188} INFO - [2026-04-27T18:46:40.071+0000] {dag.py:3947} INFO - Setting next_dagrun for flights_ops_medallion_pipe to 2026-04-27 18:30:00+00:00, run_after=2026-04-27 19:00:00+00:00
[2026-04-27T18:46:40.093+0000] {processor.py:183} INFO - Processing /opt/airflow/dags/flight-pipeline.py took 0.971 seconds
[2026-04-27T18:47:10.353+0000] {processor.py:161} INFO - Started process (PID=2430) to work on /opt/airflow/dags/flight-pipeline.py
[2026-04-27T18:47:10.356+0000] {processor.py:830} INFO - Processing file /opt/airflow/dags/flight-pipeline.py for tasks to queue
[2026-04-27T18:47:10.359+0000] {logging_mixin.py:188} INFO - [2026-04-27T18:47:10.358+0000] {dagbag.py:545} INFO - Filling up the DagBag from /opt/airflow/dags/flight-pipeline.py
[2026-04-27T18:47:11.234+0000] {processor.py:840} INFO - DAG(s) 'flights_ops_medallion_pipe' retrieved from /opt/airflow/dags/flight-pipeline.py
[2026-04-27T18:47:11.265+0000] {logging_mixin.py:188} INFO - [2026-04-27T18:47:11.265+0000] {dag.py:3089} INFO - Sync 1 DAGs
[2026-04-27T18:47:11.288+0000] {logging_mixin.py:188} INFO - [2026-04-27T18:47:11.287+0000] {dag.py:3947} INFO - Setting next_dagrun for flights_ops_medallion_pipe to 2026-04-27 18:30:00+00:00, run_after=2026-04-27 19:00:00+00:00
[2026-04-27T18:47:11.308+0000] {processor.py:183} INFO - Processing /opt/airflow/dags/flight-pipeline.py took 0.964 seconds
[2026-04-27T18:47:41.561+0000] {processor.py:161} INFO - Started process (PID=2433) to work on /opt/airflow/dags/flight-pipeline.py
[2026-04-27T18:47:41.564+0000] {processor.py:830} INFO - Processing file /opt/airflow/dags/flight-pipeline.py for tasks to queue
[2026-04-27T18:47:41.566+0000] {logging_mixin.py:188} INFO - [2026-04-27T18:47:41.566+0000] {dagbag.py:545} INFO - Filling up the DagBag from /opt/airflow/dags/flight-pipeline.py
[2026-04-27T18:47:42.323+0000] {processor.py:840} INFO - DAG(s) 'flights_ops_medallion_pipe' retrieved from /opt/airflow/dags/flight-pipeline.py
[2026-04-27T18:47:42.357+0000] {logging_mixin.py:188} INFO - [2026-04-27T18:47:42.356+0000] {dag.py:3089} INFO - Sync 1 DAGs
[2026-04-27T18:47:42.375+0000] {logging_mixin.py:188} INFO - [2026-04-27T18:47:42.375+0000] {dag.py:3947} INFO - Setting next_dagrun for flights_ops_medallion_pipe to 2026-04-27 18:30:00+00:00, run_after=2026-04-27 19:00:00+00:00
[2026-04-27T18:47:42.394+0000] {processor.py:183} INFO - Processing /opt/airflow/dags/flight-pipeline.py took 0.840 seconds
[2026-04-27T18:48:12.709+0000] {processor.py:161} INFO - Started process (PID=2436) to work on /opt/airflow/dags/flight-pipeline.py
[2026-04-27T18:48:12.714+0000] {processor.py:830} INFO - Processing file /opt/airflow/dags/flight-pipeline.py for tasks to queue
[2026-04-27T18:48:12.729+0000] {logging_mixin.py:188} INFO - [2026-04-27T18:48:12.725+0000] {dagbag.py:545} INFO - Filling up the DagBag from /opt/airflow/dags/flight-pipeline.py
[2026-04-27T18:48:13.660+0000] {processor.py:840} INFO - DAG(s) 'flights_ops_medallion_pipe' retrieved from /opt/airflow/dags/flight-pipeline.py
[2026-04-27T18:48:13.689+0000] {logging_mixin.py:188} INFO - [2026-04-27T18:48:13.688+0000] {dag.py:3089} INFO - Sync 1 DAGs
[2026-04-27T18:48:13.710+0000] {logging_mixin.py:188} INFO - [2026-04-27T18:48:13.710+0000] {dag.py:3947} INFO - Setting next_dagrun for flights_ops_medallion_pipe to 2026-04-27 18:30:00+00:00, run_after=2026-04-27 19:00:00+00:00
[2026-04-27T18:48:13.729+0000] {processor.py:183} INFO - Processing /opt/airflow/dags/flight-pipeline.py took 1.034 seconds
[2026-04-27T18:48:43.972+0000] {processor.py:161} INFO - Started process (PID=2439) to work on /opt/airflow/dags/flight-pipeline.py
[2026-04-27T18:48:43.975+0000] {processor.py:830} INFO - Processing file /opt/airflow/dags/flight-pipeline.py for tasks to queue
[2026-04-27T18:48:43.978+0000] {logging_mixin.py:188} INFO - [2026-04-27T18:48:43.977+0000] {dagbag.py:545} INFO - Filling up the DagBag from /opt/airflow/dags/flight-pipeline.py
[2026-04-27T18:48:44.729+0000] {processor.py:840} INFO - DAG(s) 'flights_ops_medallion_pipe' retrieved from /opt/airflow/dags/flight-pipeline.py
[2026-04-27T18:48:44.757+0000] {logging_mixin.py:188} INFO - [2026-04-27T18:48:44.756+0000] {dag.py:3089} INFO - Sync 1 DAGs
[2026-04-27T18:48:44.779+0000] {logging_mixin.py:188} INFO - [2026-04-27T18:48:44.779+0000] {dag.py:3947} INFO - Setting next_dagrun for flights_ops_medallion_pipe to 2026-04-27 18:30:00+00:00, run_after=2026-04-27 19:00:00+00:00
[2026-04-27T18:48:44.801+0000] {processor.py:183} INFO - Processing /opt/airflow/dags/flight-pipeline.py took 0.837 seconds
[2026-04-27T18:49:15.054+0000] {processor.py:161} INFO - Started process (PID=2442) to work on /opt/airflow/dags/flight-pipeline.py
[2026-04-27T18:49:15.058+0000] {processor.py:830} INFO - Processing file /opt/airflow/dags/flight-pipeline.py for tasks to queue
[2026-04-27T18:49:15.060+0000] {logging_mixin.py:188} INFO - [2026-04-27T18:49:15.060+0000] {dagbag.py:545} INFO - Filling up the DagBag from /opt/airflow/dags/flight-pipeline.py
[2026-04-27T18:49:15.928+0000] {processor.py:840} INFO - DAG(s) 'flights_ops_medallion_pipe' retrieved from /opt/airflow/dags/flight-pipeline.py
[2026-04-27T18:49:15.959+0000] {logging_mixin.py:188} INFO - [2026-04-27T18:49:15.958+0000] {dag.py:3089} INFO - Sync 1 DAGs
[2026-04-27T18:49:15.985+0000] {logging_mixin.py:188} INFO - [2026-04-27T18:49:15.985+0000] {dag.py:3947} INFO - Setting next_dagrun for flights_ops_medallion_pipe to 2026-04-27 18:30:00+00:00, run_after=2026-04-27 19:00:00+00:00
[2026-04-27T18:49:16.007+0000] {processor.py:183} INFO - Processing /opt/airflow/dags/flight-pipeline.py took 0.964 seconds
[2026-04-27T18:49:46.238+0000] {processor.py:161} INFO - Started process (PID=2445) to work on /opt/airflow/dags/flight-pipeline.py
[2026-04-27T18:49:46.240+0000] {processor.py:830} INFO - Processing file /opt/airflow/dags/flight-pipeline.py for tasks to queue
[2026-04-27T18:49:46.249+0000] {logging_mixin.py:188} INFO - [2026-04-27T18:49:46.248+0000] {dagbag.py:545} INFO - Filling up the DagBag from /opt/airflow/dags/flight-pipeline.py
[2026-04-27T18:49:47.396+0000] {processor.py:840} INFO - DAG(s) 'flights_ops_medallion_pipe' retrieved from /opt/airflow/dags/flight-pipeline.py
[2026-04-27T18:49:47.431+0000] {logging_mixin.py:188} INFO - [2026-04-27T18:49:47.429+0000] {dag.py:3089} INFO - Sync 1 DAGs
[2026-04-27T18:49:47.455+0000] {logging_mixin.py:188} INFO - [2026-04-27T18:49:47.455+0000] {dag.py:3947} INFO - Setting next_dagrun for flights_ops_medallion_pipe to 2026-04-27 18:30:00+00:00, run_after=2026-04-27 19:00:00+00:00
[2026-04-27T18:49:47.476+0000] {processor.py:183} INFO - Processing /opt/airflow/dags/flight-pipeline.py took 1.247 seconds
[2026-04-27T18:50:17.594+0000] {processor.py:161} INFO - Started process (PID=2448) to work on /opt/airflow/dags/flight-pipeline.py
[2026-04-27T18:50:17.598+0000] {processor.py:830} INFO - Processing file /opt/airflow/dags/flight-pipeline.py for tasks to queue
[2026-04-27T18:50:17.601+0000] {logging_mixin.py:188} INFO - [2026-04-27T18:50:17.601+0000] {dagbag.py:545} INFO - Filling up the DagBag from /opt/airflow/dags/flight-pipeline.py
[2026-04-27T18:50:18.503+0000] {processor.py:840} INFO - DAG(s) 'flights_ops_medallion_pipe' retrieved from /opt/airflow/dags/flight-pipeline.py
[2026-04-27T18:50:18.538+0000] {logging_mixin.py:188} INFO - [2026-04-27T18:50:18.537+0000] {dag.py:3089} INFO - Sync 1 DAGs
[2026-04-27T18:50:18.558+0000] {logging_mixin.py:188} INFO - [2026-04-27T18:50:18.558+0000] {dag.py:3947} INFO - Setting next_dagrun for flights_ops_medallion_pipe to 2026-04-27 18:30:00+00:00, run_after=2026-04-27 19:00:00+00:00
[2026-04-27T18:50:18.578+0000] {processor.py:183} INFO - Processing /opt/airflow/dags/flight-pipeline.py took 0.992 seconds
[2026-04-27T18:50:48.825+0000] {processor.py:161} INFO - Started process (PID=2451) to work on /opt/airflow/dags/flight-pipeline.py
[2026-04-27T18:50:48.828+0000] {processor.py:830} INFO - Processing file /opt/airflow/dags/flight-pipeline.py for tasks to queue
[2026-04-27T18:50:48.830+0000] {logging_mixin.py:188} INFO - [2026-04-27T18:50:48.830+0000] {dagbag.py:545} INFO - Filling up the DagBag from /opt/airflow/dags/flight-pipeline.py
[2026-04-27T18:50:49.582+0000] {processor.py:840} INFO - DAG(s) 'flights_ops_medallion_pipe' retrieved from /opt/airflow/dags/flight-pipeline.py
[2026-04-27T18:50:49.613+0000] {logging_mixin.py:188} INFO - [2026-04-27T18:50:49.613+0000] {dag.py:3089} INFO - Sync 1 DAGs
[2026-04-27T18:50:49.634+0000] {logging_mixin.py:188} INFO - [2026-04-27T18:50:49.634+0000] {dag.py:3947} INFO - Setting next_dagrun for flights_ops_medallion_pipe to 2026-04-27 18:30:00+00:00, run_after=2026-04-27 19:00:00+00:00
[2026-04-27T18:50:49.651+0000] {processor.py:183} INFO - Processing /opt/airflow/dags/flight-pipeline.py took 0.834 seconds
[2026-04-27T18:51:20.060+0000] {processor.py:161} INFO - Started process (PID=2454) to work on /opt/airflow/dags/flight-pipeline.py
[2026-04-27T18:51:20.062+0000] {processor.py:830} INFO - Processing file /opt/airflow/dags/flight-pipeline.py for tasks to queue
[2026-04-27T18:51:20.065+0000] {logging_mixin.py:188} INFO - [2026-04-27T18:51:20.064+0000] {dagbag.py:545} INFO - Filling up the DagBag from /opt/airflow/dags/flight-pipeline.py
[2026-04-27T18:51:20.812+0000] {processor.py:840} INFO - DAG(s) 'flights_ops_medallion_pipe' retrieved from /opt/airflow/dags/flight-pipeline.py
[2026-04-27T18:51:20.842+0000] {logging_mixin.py:188} INFO - [2026-04-27T18:51:20.841+0000] {dag.py:3089} INFO - Sync 1 DAGs
[2026-04-27T18:51:20.861+0000] {logging_mixin.py:188} INFO - [2026-04-27T18:51:20.860+0000] {dag.py:3947} INFO - Setting next_dagrun for flights_ops_medallion_pipe to 2026-04-27 18:30:00+00:00, run_after=2026-04-27 19:00:00+00:00
[2026-04-27T18:51:20.884+0000] {processor.py:183} INFO - Processing /opt/airflow/dags/flight-pipeline.py took 0.832 seconds
[2026-04-27T18:51:51.144+0000] {processor.py:161} INFO - Started process (PID=2457) to work on /opt/airflow/dags/flight-pipeline.py
[2026-04-27T18:51:51.147+0000] {processor.py:830} INFO - Processing file /opt/airflow/dags/flight-pipeline.py for tasks to queue
[2026-04-27T18:51:51.149+0000] {logging_mixin.py:188} INFO - [2026-04-27T18:51:51.149+0000] {dagbag.py:545} INFO - Filling up the DagBag from /opt/airflow/dags/flight-pipeline.py
[2026-04-27T18:51:52.031+0000] {processor.py:840} INFO - DAG(s) 'flights_ops_medallion_pipe' retrieved from /opt/airflow/dags/flight-pipeline.py
[2026-04-27T18:51:52.060+0000] {logging_mixin.py:188} INFO - [2026-04-27T18:51:52.060+0000] {dag.py:3089} INFO - Sync 1 DAGs
[2026-04-27T18:51:52.082+0000] {logging_mixin.py:188} INFO - [2026-04-27T18:51:52.082+0000] {dag.py:3947} INFO - Setting next_dagrun for flights_ops_medallion_pipe to 2026-04-27 18:30:00+00:00, run_after=2026-04-27 19:00:00+00:00
[2026-04-27T18:51:52.101+0000] {processor.py:183} INFO - Processing /opt/airflow/dags/flight-pipeline.py took 0.965 seconds
[2026-04-27T18:52:22.338+0000] {processor.py:161} INFO - Started process (PID=2460) to work on /opt/airflow/dags/flight-pipeline.py
[2026-04-27T18:52:22.347+0000] {processor.py:830} INFO - Processing file /opt/airflow/dags/flight-pipeline.py for tasks to queue
[2026-04-27T18:52:22.349+0000] {logging_mixin.py:188} INFO - [2026-04-27T18:52:22.349+0000] {dagbag.py:545} INFO - Filling up the DagBag from /opt/airflow/dags/flight-pipeline.py
[2026-04-27T18:52:23.379+0000] {processor.py:840} INFO - DAG(s) 'flights_ops_medallion_pipe' retrieved from /opt/airflow/dags/flight-pipeline.py
[2026-04-27T18:52:23.414+0000] {logging_mixin.py:188} INFO - [2026-04-27T18:52:23.413+0000] {dag.py:3089} INFO - Sync 1 DAGs
[2026-04-27T18:52:23.435+0000] {logging_mixin.py:188} INFO - [2026-04-27T18:52:23.435+0000] {dag.py:3947} INFO - Setting next_dagrun for flights_ops_medallion_pipe to 2026-04-27 18:30:00+00:00, run_after=2026-04-27 19:00:00+00:00
[2026-04-27T18:52:23.457+0000] {processor.py:183} INFO - Processing /opt/airflow/dags/flight-pipeline.py took 1.128 seconds
[2026-04-27T18:52:53.613+0000] {processor.py:161} INFO - Started process (PID=2463) to work on /opt/airflow/dags/flight-pipeline.py
[2026-04-27T18:52:53.624+0000] {processor.py:830} INFO - Processing file /opt/airflow/dags/flight-pipeline.py for tasks to queue
[2026-04-27T18:52:53.627+0000] {logging_mixin.py:188} INFO - [2026-04-27T18:52:53.627+0000] {dagbag.py:545} INFO - Filling up the DagBag from /opt/airflow/dags/flight-pipeline.py
[2026-04-27T18:52:54.498+0000] {processor.py:840} INFO - DAG(s) 'flights_ops_medallion_pipe' retrieved from /opt/airflow/dags/flight-pipeline.py
[2026-04-27T18:52:54.531+0000] {logging_mixin.py:188} INFO - [2026-04-27T18:52:54.529+0000] {dag.py:3089} INFO - Sync 1 DAGs
[2026-04-27T18:52:54.552+0000] {logging_mixin.py:188} INFO - [2026-04-27T18:52:54.552+0000] {dag.py:3947} INFO - Setting next_dagrun for flights_ops_medallion_pipe to 2026-04-27 18:30:00+00:00, run_after=2026-04-27 19:00:00+00:00
[2026-04-27T18:52:54.570+0000] {processor.py:183} INFO - Processing /opt/airflow/dags/flight-pipeline.py took 0.969 seconds
[2026-04-27T19:39:40.552+0000] {processor.py:161} INFO - Started process (PID=2466) to work on /opt/airflow/dags/flight-pipeline.py
[2026-04-27T19:39:40.559+0000] {processor.py:830} INFO - Processing file /opt/airflow/dags/flight-pipeline.py for tasks to queue
[2026-04-27T19:39:40.585+0000] {logging_mixin.py:188} INFO - [2026-04-27T19:39:40.584+0000] {dagbag.py:545} INFO - Filling up the DagBag from /opt/airflow/dags/flight-pipeline.py
[2026-04-27T19:39:43.849+0000] {processor.py:840} INFO - DAG(s) 'flights_ops_medallion_pipe' retrieved from /opt/airflow/dags/flight-pipeline.py
[2026-04-27T19:39:43.893+0000] {logging_mixin.py:188} INFO - [2026-04-27T19:39:43.892+0000] {dag.py:3089} INFO - Sync 1 DAGs
[2026-04-27T19:39:43.943+0000] {logging_mixin.py:188} INFO - [2026-04-27T19:39:43.942+0000] {dag.py:3947} INFO - Setting next_dagrun for flights_ops_medallion_pipe to 2026-04-27 19:00:00+00:00, run_after=2026-04-27 19:30:00+00:00
[2026-04-27T19:39:43.974+0000] {processor.py:183} INFO - Processing /opt/airflow/dags/flight-pipeline.py took 3.723 seconds
[2026-04-27T19:40:14.419+0000] {processor.py:161} INFO - Started process (PID=2490) to work on /opt/airflow/dags/flight-pipeline.py
[2026-04-27T19:40:14.425+0000] {processor.py:830} INFO - Processing file /opt/airflow/dags/flight-pipeline.py for tasks to queue
[2026-04-27T19:40:14.429+0000] {logging_mixin.py:188} INFO - [2026-04-27T19:40:14.428+0000] {dagbag.py:545} INFO - Filling up the DagBag from /opt/airflow/dags/flight-pipeline.py
[2026-04-27T19:40:16.454+0000] {processor.py:840} INFO - DAG(s) 'flights_ops_medallion_pipe' retrieved from /opt/airflow/dags/flight-pipeline.py
[2026-04-27T19:40:16.500+0000] {logging_mixin.py:188} INFO - [2026-04-27T19:40:16.499+0000] {dag.py:3089} INFO - Sync 1 DAGs
[2026-04-27T19:40:16.528+0000] {logging_mixin.py:188} INFO - [2026-04-27T19:40:16.527+0000] {dag.py:3947} INFO - Setting next_dagrun for flights_ops_medallion_pipe to 2026-04-27 19:30:00+00:00, run_after=2026-04-27 20:00:00+00:00
[2026-04-27T19:40:16.552+0000] {processor.py:183} INFO - Processing /opt/airflow/dags/flight-pipeline.py took 2.153 seconds
[2026-04-27T19:40:46.690+0000] {processor.py:161} INFO - Started process (PID=2528) to work on /opt/airflow/dags/flight-pipeline.py
[2026-04-27T19:40:46.693+0000] {processor.py:830} INFO - Processing file /opt/airflow/dags/flight-pipeline.py for tasks to queue
[2026-04-27T19:40:46.696+0000] {logging_mixin.py:188} INFO - [2026-04-27T19:40:46.695+0000] {dagbag.py:545} INFO - Filling up the DagBag from /opt/airflow/dags/flight-pipeline.py
[2026-04-27T19:40:47.756+0000] {processor.py:840} INFO - DAG(s) 'flights_ops_medallion_pipe' retrieved from /opt/airflow/dags/flight-pipeline.py
[2026-04-27T19:40:47.791+0000] {logging_mixin.py:188} INFO - [2026-04-27T19:40:47.790+0000] {dag.py:3089} INFO - Sync 1 DAGs
[2026-04-27T19:40:47.814+0000] {logging_mixin.py:188} INFO - [2026-04-27T19:40:47.813+0000] {dag.py:3947} INFO - Setting next_dagrun for flights_ops_medallion_pipe to 2026-04-27 19:30:00+00:00, run_after=2026-04-27 20:00:00+00:00
[2026-04-27T19:40:47.836+0000] {processor.py:183} INFO - Processing /opt/airflow/dags/flight-pipeline.py took 1.155 seconds
[2026-04-27T19:41:17.996+0000] {processor.py:161} INFO - Started process (PID=2531) to work on /opt/airflow/dags/flight-pipeline.py
[2026-04-27T19:41:18.003+0000] {processor.py:830} INFO - Processing file /opt/airflow/dags/flight-pipeline.py for tasks to queue
[2026-04-27T19:41:18.006+0000] {logging_mixin.py:188} INFO - [2026-04-27T19:41:18.005+0000] {dagbag.py:545} INFO - Filling up the DagBag from /opt/airflow/dags/flight-pipeline.py
[2026-04-27T19:41:18.822+0000] {processor.py:840} INFO - DAG(s) 'flights_ops_medallion_pipe' retrieved from /opt/airflow/dags/flight-pipeline.py
[2026-04-27T19:41:18.854+0000] {logging_mixin.py:188} INFO - [2026-04-27T19:41:18.853+0000] {dag.py:3089} INFO - Sync 1 DAGs
[2026-04-27T19:41:18.875+0000] {logging_mixin.py:188} INFO - [2026-04-27T19:41:18.875+0000] {dag.py:3947} INFO - Setting next_dagrun for flights_ops_medallion_pipe to 2026-04-27 19:30:00+00:00, run_after=2026-04-27 20:00:00+00:00
[2026-04-27T19:41:18.895+0000] {processor.py:183} INFO - Processing /opt/airflow/dags/flight-pipeline.py took 0.909 seconds
[2026-04-27T19:41:49.251+0000] {processor.py:161} INFO - Started process (PID=2534) to work on /opt/airflow/dags/flight-pipeline.py
[2026-04-27T19:41:49.253+0000] {processor.py:830} INFO - Processing file /opt/airflow/dags/flight-pipeline.py for tasks to queue
[2026-04-27T19:41:49.257+0000] {logging_mixin.py:188} INFO - [2026-04-27T19:41:49.257+0000] {dagbag.py:545} INFO - Filling up the DagBag from /opt/airflow/dags/flight-pipeline.py
[2026-04-27T19:41:50.094+0000] {processor.py:840} INFO - DAG(s) 'flights_ops_medallion_pipe' retrieved from /opt/airflow/dags/flight-pipeline.py
[2026-04-27T19:41:50.124+0000] {logging_mixin.py:188} INFO - [2026-04-27T19:41:50.123+0000] {dag.py:3089} INFO - Sync 1 DAGs
[2026-04-27T19:41:50.147+0000] {logging_mixin.py:188} INFO - [2026-04-27T19:41:50.147+0000] {dag.py:3947} INFO - Setting next_dagrun for flights_ops_medallion_pipe to 2026-04-27 19:30:00+00:00, run_after=2026-04-27 20:00:00+00:00
[2026-04-27T19:41:50.167+0000] {processor.py:183} INFO - Processing /opt/airflow/dags/flight-pipeline.py took 0.924 seconds
[2026-04-27T19:42:20.463+0000] {processor.py:161} INFO - Started process (PID=2537) to work on /opt/airflow/dags/flight-pipeline.py
[2026-04-27T19:42:20.465+0000] {processor.py:830} INFO - Processing file /opt/airflow/dags/flight-pipeline.py for tasks to queue
[2026-04-27T19:42:20.467+0000] {logging_mixin.py:188} INFO - [2026-04-27T19:42:20.467+0000] {dagbag.py:545} INFO - Filling up the DagBag from /opt/airflow/dags/flight-pipeline.py
[2026-04-27T19:42:21.324+0000] {processor.py:840} INFO - DAG(s) 'flights_ops_medallion_pipe' retrieved from /opt/airflow/dags/flight-pipeline.py
[2026-04-27T19:42:21.364+0000] {logging_mixin.py:188} INFO - [2026-04-27T19:42:21.362+0000] {dag.py:3089} INFO - Sync 1 DAGs
[2026-04-27T19:42:21.389+0000] {logging_mixin.py:188} INFO - [2026-04-27T19:42:21.389+0000] {dag.py:3947} INFO - Setting next_dagrun for flights_ops_medallion_pipe to 2026-04-27 19:30:00+00:00, run_after=2026-04-27 20:00:00+00:00
[2026-04-27T19:42:21.410+0000] {processor.py:183} INFO - Processing /opt/airflow/dags/flight-pipeline.py took 0.956 seconds
[2026-04-27T19:42:51.850+0000] {processor.py:161} INFO - Started process (PID=2540) to work on /opt/airflow/dags/flight-pipeline.py
[2026-04-27T19:42:51.855+0000] {processor.py:830} INFO - Processing file /opt/airflow/dags/flight-pipeline.py for tasks to queue
[2026-04-27T19:42:51.858+0000] {logging_mixin.py:188} INFO - [2026-04-27T19:42:51.858+0000] {dagbag.py:545} INFO - Filling up the DagBag from /opt/airflow/dags/flight-pipeline.py
[2026-04-27T19:42:52.887+0000] {processor.py:840} INFO - DAG(s) 'flights_ops_medallion_pipe' retrieved from /opt/airflow/dags/flight-pipeline.py
[2026-04-27T19:42:52.926+0000] {logging_mixin.py:188} INFO - [2026-04-27T19:42:52.925+0000] {dag.py:3089} INFO - Sync 1 DAGs
[2026-04-27T19:42:52.947+0000] {logging_mixin.py:188} INFO - [2026-04-27T19:42:52.947+0000] {dag.py:3947} INFO - Setting next_dagrun for flights_ops_medallion_pipe to 2026-04-27 19:30:00+00:00, run_after=2026-04-27 20:00:00+00:00
[2026-04-27T19:42:52.968+0000] {processor.py:183} INFO - Processing /opt/airflow/dags/flight-pipeline.py took 1.134 seconds
[2026-04-27T19:43:23.100+0000] {processor.py:161} INFO - Started process (PID=2543) to work on /opt/airflow/dags/flight-pipeline.py
[2026-04-27T19:43:23.103+0000] {processor.py:830} INFO - Processing file /opt/airflow/dags/flight-pipeline.py for tasks to queue
[2026-04-27T19:43:23.105+0000] {logging_mixin.py:188} INFO - [2026-04-27T19:43:23.105+0000] {dagbag.py:545} INFO - Filling up the DagBag from /opt/airflow/dags/flight-pipeline.py
[2026-04-27T19:43:23.954+0000] {processor.py:840} INFO - DAG(s) 'flights_ops_medallion_pipe' retrieved from /opt/airflow/dags/flight-pipeline.py
[2026-04-27T19:43:23.992+0000] {logging_mixin.py:188} INFO - [2026-04-27T19:43:23.990+0000] {dag.py:3089} INFO - Sync 1 DAGs
[2026-04-27T19:43:24.020+0000] {logging_mixin.py:188} INFO - [2026-04-27T19:43:24.019+0000] {dag.py:3947} INFO - Setting next_dagrun for flights_ops_medallion_pipe to 2026-04-27 19:30:00+00:00, run_after=2026-04-27 20:00:00+00:00
[2026-04-27T19:43:24.038+0000] {processor.py:183} INFO - Processing /opt/airflow/dags/flight-pipeline.py took 0.948 seconds
[2026-04-27T19:43:54.305+0000] {processor.py:161} INFO - Started process (PID=2546) to work on /opt/airflow/dags/flight-pipeline.py
[2026-04-27T19:43:54.307+0000] {processor.py:830} INFO - Processing file /opt/airflow/dags/flight-pipeline.py for tasks to queue
[2026-04-27T19:43:54.310+0000] {logging_mixin.py:188} INFO - [2026-04-27T19:43:54.309+0000] {dagbag.py:545} INFO - Filling up the DagBag from /opt/airflow/dags/flight-pipeline.py
[2026-04-27T19:43:55.188+0000] {processor.py:840} INFO - DAG(s) 'flights_ops_medallion_pipe' retrieved from /opt/airflow/dags/flight-pipeline.py
[2026-04-27T19:43:55.219+0000] {logging_mixin.py:188} INFO - [2026-04-27T19:43:55.218+0000] {dag.py:3089} INFO - Sync 1 DAGs
[2026-04-27T19:43:55.239+0000] {logging_mixin.py:188} INFO - [2026-04-27T19:43:55.239+0000] {dag.py:3947} INFO - Setting next_dagrun for flights_ops_medallion_pipe to 2026-04-27 19:30:00+00:00, run_after=2026-04-27 20:00:00+00:00
[2026-04-27T19:43:55.261+0000] {processor.py:183} INFO - Processing /opt/airflow/dags/flight-pipeline.py took 0.964 seconds
[2026-04-27T19:44:25.698+0000] {processor.py:161} INFO - Started process (PID=2549) to work on /opt/airflow/dags/flight-pipeline.py
[2026-04-27T19:44:25.700+0000] {processor.py:830} INFO - Processing file /opt/airflow/dags/flight-pipeline.py for tasks to queue
[2026-04-27T19:44:25.703+0000] {logging_mixin.py:188} INFO - [2026-04-27T19:44:25.703+0000] {dagbag.py:545} INFO - Filling up the DagBag from /opt/airflow/dags/flight-pipeline.py
[2026-04-27T19:44:26.941+0000] {processor.py:840} INFO - DAG(s) 'flights_ops_medallion_pipe' retrieved from /opt/airflow/dags/flight-pipeline.py
[2026-04-27T19:44:26.979+0000] {logging_mixin.py:188} INFO - [2026-04-27T19:44:26.979+0000] {dag.py:3089} INFO - Sync 1 DAGs
[2026-04-27T19:44:27.003+0000] {logging_mixin.py:188} INFO - [2026-04-27T19:44:27.003+0000] {dag.py:3947} INFO - Setting next_dagrun for flights_ops_medallion_pipe to 2026-04-27 19:30:00+00:00, run_after=2026-04-27 20:00:00+00:00
[2026-04-27T19:44:27.024+0000] {processor.py:183} INFO - Processing /opt/airflow/dags/flight-pipeline.py took 1.334 seconds
[2026-04-27T19:44:57.340+0000] {processor.py:161} INFO - Started process (PID=2552) to work on /opt/airflow/dags/flight-pipeline.py
[2026-04-27T19:44:57.345+0000] {processor.py:830} INFO - Processing file /opt/airflow/dags/flight-pipeline.py for tasks to queue
[2026-04-27T19:44:57.353+0000] {logging_mixin.py:188} INFO - [2026-04-27T19:44:57.353+0000] {dagbag.py:545} INFO - Filling up the DagBag from /opt/airflow/dags/flight-pipeline.py
[2026-04-27T19:44:58.261+0000] {processor.py:840} INFO - DAG(s) 'flights_ops_medallion_pipe' retrieved from /opt/airflow/dags/flight-pipeline.py
[2026-04-27T19:44:58.293+0000] {logging_mixin.py:188} INFO - [2026-04-27T19:44:58.292+0000] {dag.py:3089} INFO - Sync 1 DAGs
[2026-04-27T19:44:58.314+0000] {logging_mixin.py:188} INFO - [2026-04-27T19:44:58.314+0000] {dag.py:3947} INFO - Setting next_dagrun for flights_ops_medallion_pipe to 2026-04-27 19:30:00+00:00, run_after=2026-04-27 20:00:00+00:00
[2026-04-27T19:44:58.332+0000] {processor.py:183} INFO - Processing /opt/airflow/dags/flight-pipeline.py took 1.004 seconds
[2026-04-27T19:45:28.609+0000] {processor.py:161} INFO - Started process (PID=2555) to work on /opt/airflow/dags/flight-pipeline.py
[2026-04-27T19:45:28.616+0000] {processor.py:830} INFO - Processing file /opt/airflow/dags/flight-pipeline.py for tasks to queue
[2026-04-27T19:45:28.619+0000] {logging_mixin.py:188} INFO - [2026-04-27T19:45:28.618+0000] {dagbag.py:545} INFO - Filling up the DagBag from /opt/airflow/dags/flight-pipeline.py
[2026-04-27T19:45:29.645+0000] {processor.py:840} INFO - DAG(s) 'flights_ops_medallion_pipe' retrieved from /opt/airflow/dags/flight-pipeline.py
[2026-04-27T19:45:29.681+0000] {logging_mixin.py:188} INFO - [2026-04-27T19:45:29.681+0000] {dag.py:3089} INFO - Sync 1 DAGs
[2026-04-27T19:45:29.703+0000] {logging_mixin.py:188} INFO - [2026-04-27T19:45:29.703+0000] {dag.py:3947} INFO - Setting next_dagrun for flights_ops_medallion_pipe to 2026-04-27 19:30:00+00:00, run_after=2026-04-27 20:00:00+00:00
[2026-04-27T19:45:29.722+0000] {processor.py:183} INFO - Processing /opt/airflow/dags/flight-pipeline.py took 1.124 seconds
[2026-04-27T19:45:59.853+0000] {processor.py:161} INFO - Started process (PID=2558) to work on /opt/airflow/dags/flight-pipeline.py
[2026-04-27T19:45:59.856+0000] {processor.py:830} INFO - Processing file /opt/airflow/dags/flight-pipeline.py for tasks to queue
[2026-04-27T19:45:59.871+0000] {logging_mixin.py:188} INFO - [2026-04-27T19:45:59.863+0000] {dagbag.py:545} INFO - Filling up the DagBag from /opt/airflow/dags/flight-pipeline.py
[2026-04-27T19:46:00.776+0000] {processor.py:840} INFO - DAG(s) 'flights_ops_medallion_pipe' retrieved from /opt/airflow/dags/flight-pipeline.py
[2026-04-27T19:46:00.813+0000] {logging_mixin.py:188} INFO - [2026-04-27T19:46:00.813+0000] {dag.py:3089} INFO - Sync 1 DAGs
[2026-04-27T19:46:00.845+0000] {logging_mixin.py:188} INFO - [2026-04-27T19:46:00.845+0000] {dag.py:3947} INFO - Setting next_dagrun for flights_ops_medallion_pipe to 2026-04-27 19:30:00+00:00, run_after=2026-04-27 20:00:00+00:00
[2026-04-27T19:46:00.868+0000] {processor.py:183} INFO - Processing /opt/airflow/dags/flight-pipeline.py took 1.026 seconds
[2026-04-27T19:46:31.112+0000] {processor.py:161} INFO - Started process (PID=2561) to work on /opt/airflow/dags/flight-pipeline.py
[2026-04-27T19:46:31.114+0000] {processor.py:830} INFO - Processing file /opt/airflow/dags/flight-pipeline.py for tasks to queue
[2026-04-27T19:46:31.119+0000] {logging_mixin.py:188} INFO - [2026-04-27T19:46:31.118+0000] {dagbag.py:545} INFO - Filling up the DagBag from /opt/airflow/dags/flight-pipeline.py
[2026-04-27T19:46:31.947+0000] {processor.py:840} INFO - DAG(s) 'flights_ops_medallion_pipe' retrieved from /opt/airflow/dags/flight-pipeline.py
[2026-04-27T19:46:31.976+0000] {logging_mixin.py:188} INFO - [2026-04-27T19:46:31.976+0000] {dag.py:3089} INFO - Sync 1 DAGs
[2026-04-27T19:46:31.996+0000] {logging_mixin.py:188} INFO - [2026-04-27T19:46:31.996+0000] {dag.py:3947} INFO - Setting next_dagrun for flights_ops_medallion_pipe to 2026-04-27 19:30:00+00:00, run_after=2026-04-27 20:00:00+00:00
[2026-04-27T19:46:32.014+0000] {processor.py:183} INFO - Processing /opt/airflow/dags/flight-pipeline.py took 0.913 seconds
[2026-04-27T19:47:02.264+0000] {processor.py:161} INFO - Started process (PID=2564) to work on /opt/airflow/dags/flight-pipeline.py
[2026-04-27T19:47:02.267+0000] {processor.py:830} INFO - Processing file /opt/airflow/dags/flight-pipeline.py for tasks to queue
[2026-04-27T19:47:02.270+0000] {logging_mixin.py:188} INFO - [2026-04-27T19:47:02.270+0000] {dagbag.py:545} INFO - Filling up the DagBag from /opt/airflow/dags/flight-pipeline.py
[2026-04-27T19:47:03.112+0000] {processor.py:840} INFO - DAG(s) 'flights_ops_medallion_pipe' retrieved from /opt/airflow/dags/flight-pipeline.py
[2026-04-27T19:47:03.148+0000] {logging_mixin.py:188} INFO - [2026-04-27T19:47:03.147+0000] {dag.py:3089} INFO - Sync 1 DAGs
[2026-04-27T19:47:03.171+0000] {logging_mixin.py:188} INFO - [2026-04-27T19:47:03.171+0000] {dag.py:3947} INFO - Setting next_dagrun for flights_ops_medallion_pipe to 2026-04-27 19:30:00+00:00, run_after=2026-04-27 20:00:00+00:00
[2026-04-27T19:47:03.192+0000] {processor.py:183} INFO - Processing /opt/airflow/dags/flight-pipeline.py took 0.937 seconds
[2026-04-27T19:47:33.471+0000] {processor.py:161} INFO - Started process (PID=2567) to work on /opt/airflow/dags/flight-pipeline.py
[2026-04-27T19:47:33.473+0000] {processor.py:830} INFO - Processing file /opt/airflow/dags/flight-pipeline.py for tasks to queue
[2026-04-27T19:47:33.476+0000] {logging_mixin.py:188} INFO - [2026-04-27T19:47:33.475+0000] {dagbag.py:545} INFO - Filling up the DagBag from /opt/airflow/dags/flight-pipeline.py
[2026-04-27T19:47:34.338+0000] {processor.py:840} INFO - DAG(s) 'flights_ops_medallion_pipe' retrieved from /opt/airflow/dags/flight-pipeline.py
[2026-04-27T19:47:34.377+0000] {logging_mixin.py:188} INFO - [2026-04-27T19:47:34.376+0000] {dag.py:3089} INFO - Sync 1 DAGs
[2026-04-27T19:47:34.406+0000] {logging_mixin.py:188} INFO - [2026-04-27T19:47:34.406+0000] {dag.py:3947} INFO - Setting next_dagrun for flights_ops_medallion_pipe to 2026-04-27 19:30:00+00:00, run_after=2026-04-27 20:00:00+00:00
[2026-04-27T19:47:34.453+0000] {processor.py:183} INFO - Processing /opt/airflow/dags/flight-pipeline.py took 0.993 seconds
[2026-04-27T19:48:04.746+0000] {processor.py:161} INFO - Started process (PID=2570) to work on /opt/airflow/dags/flight-pipeline.py
[2026-04-27T19:48:04.749+0000] {processor.py:830} INFO - Processing file /opt/airflow/dags/flight-pipeline.py for tasks to queue
[2026-04-27T19:48:04.754+0000] {logging_mixin.py:188} INFO - [2026-04-27T19:48:04.753+0000] {dagbag.py:545} INFO - Filling up the DagBag from /opt/airflow/dags/flight-pipeline.py
[2026-04-27T19:48:05.711+0000] {processor.py:840} INFO - DAG(s) 'flights_ops_medallion_pipe' retrieved from /opt/airflow/dags/flight-pipeline.py
[2026-04-27T19:48:05.746+0000] {logging_mixin.py:188} INFO - [2026-04-27T19:48:05.746+0000] {dag.py:3089} INFO - Sync 1 DAGs
[2026-04-27T19:48:05.773+0000] {logging_mixin.py:188} INFO - [2026-04-27T19:48:05.773+0000] {dag.py:3947} INFO - Setting next_dagrun for flights_ops_medallion_pipe to 2026-04-27 19:30:00+00:00, run_after=2026-04-27 20:00:00+00:00
[2026-04-27T19:48:05.798+0000] {processor.py:183} INFO - Processing /opt/airflow/dags/flight-pipeline.py took 1.076 seconds
[2026-04-27T19:48:35.910+0000] {processor.py:161} INFO - Started process (PID=2573) to work on /opt/airflow/dags/flight-pipeline.py
[2026-04-27T19:48:35.914+0000] {processor.py:830} INFO - Processing file /opt/airflow/dags/flight-pipeline.py for tasks to queue
[2026-04-27T19:48:35.919+0000] {logging_mixin.py:188} INFO - [2026-04-27T19:48:35.918+0000] {dagbag.py:545} INFO - Filling up the DagBag from /opt/airflow/dags/flight-pipeline.py
[2026-04-27T19:48:36.836+0000] {processor.py:840} INFO - DAG(s) 'flights_ops_medallion_pipe' retrieved from /opt/airflow/dags/flight-pipeline.py
[2026-04-27T19:48:36.872+0000] {logging_mixin.py:188} INFO - [2026-04-27T19:48:36.871+0000] {dag.py:3089} INFO - Sync 1 DAGs
[2026-04-27T19:48:36.893+0000] {logging_mixin.py:188} INFO - [2026-04-27T19:48:36.893+0000] {dag.py:3947} INFO - Setting next_dagrun for flights_ops_medallion_pipe to 2026-04-27 19:30:00+00:00, run_after=2026-04-27 20:00:00+00:00
[2026-04-27T19:48:36.914+0000] {processor.py:183} INFO - Processing /opt/airflow/dags/flight-pipeline.py took 1.012 seconds
[2026-04-27T19:49:07.178+0000] {processor.py:161} INFO - Started process (PID=2576) to work on /opt/airflow/dags/flight-pipeline.py
[2026-04-27T19:49:07.182+0000] {processor.py:830} INFO - Processing file /opt/airflow/dags/flight-pipeline.py for tasks to queue
[2026-04-27T19:49:07.185+0000] {logging_mixin.py:188} INFO - [2026-04-27T19:49:07.185+0000] {dagbag.py:545} INFO - Filling up the DagBag from /opt/airflow/dags/flight-pipeline.py
[2026-04-27T19:49:08.110+0000] {processor.py:840} INFO - DAG(s) 'flights_ops_medallion_pipe' retrieved from /opt/airflow/dags/flight-pipeline.py
[2026-04-27T19:49:08.146+0000] {logging_mixin.py:188} INFO - [2026-04-27T19:49:08.145+0000] {dag.py:3089} INFO - Sync 1 DAGs
[2026-04-27T19:49:08.172+0000] {logging_mixin.py:188} INFO - [2026-04-27T19:49:08.171+0000] {dag.py:3947} INFO - Setting next_dagrun for flights_ops_medallion_pipe to 2026-04-27 19:30:00+00:00, run_after=2026-04-27 20:00:00+00:00
[2026-04-27T19:49:08.194+0000] {processor.py:183} INFO - Processing /opt/airflow/dags/flight-pipeline.py took 1.025 seconds
[2026-04-27T19:49:38.555+0000] {processor.py:161} INFO - Started process (PID=2579) to work on /opt/airflow/dags/flight-pipeline.py
[2026-04-27T19:49:38.570+0000] {processor.py:830} INFO - Processing file /opt/airflow/dags/flight-pipeline.py for tasks to queue
[2026-04-27T19:49:38.575+0000] {logging_mixin.py:188} INFO - [2026-04-27T19:49:38.574+0000] {dagbag.py:545} INFO - Filling up the DagBag from /opt/airflow/dags/flight-pipeline.py
[2026-04-27T19:49:39.563+0000] {processor.py:840} INFO - DAG(s) 'flights_ops_medallion_pipe' retrieved from /opt/airflow/dags/flight-pipeline.py
[2026-04-27T19:49:39.602+0000] {logging_mixin.py:188} INFO - [2026-04-27T19:49:39.602+0000] {dag.py:3089} INFO - Sync 1 DAGs
[2026-04-27T19:49:39.626+0000] {logging_mixin.py:188} INFO - [2026-04-27T19:49:39.625+0000] {dag.py:3947} INFO - Setting next_dagrun for flights_ops_medallion_pipe to 2026-04-27 19:30:00+00:00, run_after=2026-04-27 20:00:00+00:00
[2026-04-27T19:49:39.651+0000] {processor.py:183} INFO - Processing /opt/airflow/dags/flight-pipeline.py took 1.119 seconds
[2026-04-27T19:50:09.829+0000] {processor.py:161} INFO - Started process (PID=2582) to work on /opt/airflow/dags/flight-pipeline.py
[2026-04-27T19:50:09.832+0000] {processor.py:830} INFO - Processing file /opt/airflow/dags/flight-pipeline.py for tasks to queue
[2026-04-27T19:50:09.845+0000] {logging_mixin.py:188} INFO - [2026-04-27T19:50:09.843+0000] {dagbag.py:545} INFO - Filling up the DagBag from /opt/airflow/dags/flight-pipeline.py
[2026-04-27T19:50:10.745+0000] {processor.py:840} INFO - DAG(s) 'flights_ops_medallion_pipe' retrieved from /opt/airflow/dags/flight-pipeline.py
[2026-04-27T19:50:10.776+0000] {logging_mixin.py:188} INFO - [2026-04-27T19:50:10.775+0000] {dag.py:3089} INFO - Sync 1 DAGs
[2026-04-27T19:50:10.796+0000] {logging_mixin.py:188} INFO - [2026-04-27T19:50:10.795+0000] {dag.py:3947} INFO - Setting next_dagrun for flights_ops_medallion_pipe to 2026-04-27 19:30:00+00:00, run_after=2026-04-27 20:00:00+00:00
[2026-04-27T19:50:10.821+0000] {processor.py:183} INFO - Processing /opt/airflow/dags/flight-pipeline.py took 1.001 seconds
[2026-04-27T19:50:41.051+0000] {processor.py:161} INFO - Started process (PID=2585) to work on /opt/airflow/dags/flight-pipeline.py
[2026-04-27T19:50:41.053+0000] {processor.py:830} INFO - Processing file /opt/airflow/dags/flight-pipeline.py for tasks to queue
[2026-04-27T19:50:41.055+0000] {logging_mixin.py:188} INFO - [2026-04-27T19:50:41.055+0000] {dagbag.py:545} INFO - Filling up the DagBag from /opt/airflow/dags/flight-pipeline.py
[2026-04-27T19:50:41.915+0000] {processor.py:840} INFO - DAG(s) 'flights_ops_medallion_pipe' retrieved from /opt/airflow/dags/flight-pipeline.py
[2026-04-27T19:50:41.946+0000] {logging_mixin.py:188} INFO - [2026-04-27T19:50:41.946+0000] {dag.py:3089} INFO - Sync 1 DAGs
[2026-04-27T19:50:41.968+0000] {logging_mixin.py:188} INFO - [2026-04-27T19:50:41.968+0000] {dag.py:3947} INFO - Setting next_dagrun for flights_ops_medallion_pipe to 2026-04-27 19:30:00+00:00, run_after=2026-04-27 20:00:00+00:00
[2026-04-27T19:50:41.986+0000] {processor.py:183} INFO - Processing /opt/airflow/dags/flight-pipeline.py took 0.944 seconds
[2026-04-27T19:51:12.248+0000] {processor.py:161} INFO - Started process (PID=2588) to work on /opt/airflow/dags/flight-pipeline.py
[2026-04-27T19:51:12.252+0000] {processor.py:830} INFO - Processing file /opt/airflow/dags/flight-pipeline.py for tasks to queue
[2026-04-27T19:51:12.254+0000] {logging_mixin.py:188} INFO - [2026-04-27T19:51:12.254+0000] {dagbag.py:545} INFO - Filling up the DagBag from /opt/airflow/dags/flight-pipeline.py
[2026-04-27T19:51:13.128+0000] {processor.py:840} INFO - DAG(s) 'flights_ops_medallion_pipe' retrieved from /opt/airflow/dags/flight-pipeline.py
[2026-04-27T19:51:13.161+0000] {logging_mixin.py:188} INFO - [2026-04-27T19:51:13.159+0000] {dag.py:3089} INFO - Sync 1 DAGs
[2026-04-27T19:51:13.180+0000] {logging_mixin.py:188} INFO - [2026-04-27T19:51:13.180+0000] {dag.py:3947} INFO - Setting next_dagrun for flights_ops_medallion_pipe to 2026-04-27 19:30:00+00:00, run_after=2026-04-27 20:00:00+00:00
[2026-04-27T19:51:13.199+0000] {processor.py:183} INFO - Processing /opt/airflow/dags/flight-pipeline.py took 0.959 seconds
[2026-04-27T19:51:43.472+0000] {processor.py:161} INFO - Started process (PID=2591) to work on /opt/airflow/dags/flight-pipeline.py
[2026-04-27T19:51:43.475+0000] {processor.py:830} INFO - Processing file /opt/airflow/dags/flight-pipeline.py for tasks to queue
[2026-04-27T19:51:43.477+0000] {logging_mixin.py:188} INFO - [2026-04-27T19:51:43.477+0000] {dagbag.py:545} INFO - Filling up the DagBag from /opt/airflow/dags/flight-pipeline.py
[2026-04-27T19:51:44.294+0000] {processor.py:840} INFO - DAG(s) 'flights_ops_medallion_pipe' retrieved from /opt/airflow/dags/flight-pipeline.py
[2026-04-27T19:51:44.326+0000] {logging_mixin.py:188} INFO - [2026-04-27T19:51:44.326+0000] {dag.py:3089} INFO - Sync 1 DAGs
[2026-04-27T19:51:44.347+0000] {logging_mixin.py:188} INFO - [2026-04-27T19:51:44.346+0000] {dag.py:3947} INFO - Setting next_dagrun for flights_ops_medallion_pipe to 2026-04-27 19:30:00+00:00, run_after=2026-04-27 20:00:00+00:00
[2026-04-27T19:51:44.366+0000] {processor.py:183} INFO - Processing /opt/airflow/dags/flight-pipeline.py took 0.902 seconds
[2026-04-27T19:52:14.697+0000] {processor.py:161} INFO - Started process (PID=2594) to work on /opt/airflow/dags/flight-pipeline.py
[2026-04-27T19:52:14.701+0000] {processor.py:830} INFO - Processing file /opt/airflow/dags/flight-pipeline.py for tasks to queue
[2026-04-27T19:52:14.705+0000] {logging_mixin.py:188} INFO - [2026-04-27T19:52:14.704+0000] {dagbag.py:545} INFO - Filling up the DagBag from /opt/airflow/dags/flight-pipeline.py
[2026-04-27T19:52:15.599+0000] {processor.py:840} INFO - DAG(s) 'flights_ops_medallion_pipe' retrieved from /opt/airflow/dags/flight-pipeline.py
[2026-04-27T19:52:15.651+0000] {logging_mixin.py:188} INFO - [2026-04-27T19:52:15.650+0000] {dag.py:3089} INFO - Sync 1 DAGs
[2026-04-27T19:52:15.671+0000] {logging_mixin.py:188} INFO - [2026-04-27T19:52:15.671+0000] {dag.py:3947} INFO - Setting next_dagrun for flights_ops_medallion_pipe to 2026-04-27 19:30:00+00:00, run_after=2026-04-27 20:00:00+00:00
[2026-04-27T19:52:15.692+0000] {processor.py:183} INFO - Processing /opt/airflow/dags/flight-pipeline.py took 1.003 seconds
[2026-04-27T19:52:45.930+0000] {processor.py:161} INFO - Started process (PID=2597) to work on /opt/airflow/dags/flight-pipeline.py
[2026-04-27T19:52:45.933+0000] {processor.py:830} INFO - Processing file /opt/airflow/dags/flight-pipeline.py for tasks to queue
[2026-04-27T19:52:45.936+0000] {logging_mixin.py:188} INFO - [2026-04-27T19:52:45.935+0000] {dagbag.py:545} INFO - Filling up the DagBag from /opt/airflow/dags/flight-pipeline.py
[2026-04-27T19:52:46.766+0000] {processor.py:840} INFO - DAG(s) 'flights_ops_medallion_pipe' retrieved from /opt/airflow/dags/flight-pipeline.py
[2026-04-27T19:52:46.799+0000] {logging_mixin.py:188} INFO - [2026-04-27T19:52:46.798+0000] {dag.py:3089} INFO - Sync 1 DAGs
[2026-04-27T19:52:46.820+0000] {logging_mixin.py:188} INFO - [2026-04-27T19:52:46.820+0000] {dag.py:3947} INFO - Setting next_dagrun for flights_ops_medallion_pipe to 2026-04-27 19:30:00+00:00, run_after=2026-04-27 20:00:00+00:00
[2026-04-27T19:52:46.842+0000] {processor.py:183} INFO - Processing /opt/airflow/dags/flight-pipeline.py took 0.921 seconds
[2026-04-27T19:53:17.102+0000] {processor.py:161} INFO - Started process (PID=2600) to work on /opt/airflow/dags/flight-pipeline.py
[2026-04-27T19:53:17.105+0000] {processor.py:830} INFO - Processing file /opt/airflow/dags/flight-pipeline.py for tasks to queue
[2026-04-27T19:53:17.107+0000] {logging_mixin.py:188} INFO - [2026-04-27T19:53:17.107+0000] {dagbag.py:545} INFO - Filling up the DagBag from /opt/airflow/dags/flight-pipeline.py
[2026-04-27T19:53:18.013+0000] {processor.py:840} INFO - DAG(s) 'flights_ops_medallion_pipe' retrieved from /opt/airflow/dags/flight-pipeline.py
[2026-04-27T19:53:18.042+0000] {logging_mixin.py:188} INFO - [2026-04-27T19:53:18.041+0000] {dag.py:3089} INFO - Sync 1 DAGs
[2026-04-27T19:53:18.063+0000] {logging_mixin.py:188} INFO - [2026-04-27T19:53:18.063+0000] {dag.py:3947} INFO - Setting next_dagrun for flights_ops_medallion_pipe to 2026-04-27 19:30:00+00:00, run_after=2026-04-27 20:00:00+00:00
[2026-04-27T19:53:18.082+0000] {processor.py:183} INFO - Processing /opt/airflow/dags/flight-pipeline.py took 0.989 seconds
[2026-04-27T19:53:48.344+0000] {processor.py:161} INFO - Started process (PID=2603) to work on /opt/airflow/dags/flight-pipeline.py
[2026-04-27T19:53:48.347+0000] {processor.py:830} INFO - Processing file /opt/airflow/dags/flight-pipeline.py for tasks to queue
[2026-04-27T19:53:48.349+0000] {logging_mixin.py:188} INFO - [2026-04-27T19:53:48.349+0000] {dagbag.py:545} INFO - Filling up the DagBag from /opt/airflow/dags/flight-pipeline.py
[2026-04-27T19:53:49.149+0000] {processor.py:840} INFO - DAG(s) 'flights_ops_medallion_pipe' retrieved from /opt/airflow/dags/flight-pipeline.py
[2026-04-27T19:53:49.180+0000] {logging_mixin.py:188} INFO - [2026-04-27T19:53:49.179+0000] {dag.py:3089} INFO - Sync 1 DAGs
[2026-04-27T19:53:49.201+0000] {logging_mixin.py:188} INFO - [2026-04-27T19:53:49.201+0000] {dag.py:3947} INFO - Setting next_dagrun for flights_ops_medallion_pipe to 2026-04-27 19:30:00+00:00, run_after=2026-04-27 20:00:00+00:00
[2026-04-27T19:53:49.221+0000] {processor.py:183} INFO - Processing /opt/airflow/dags/flight-pipeline.py took 0.885 seconds
[2026-04-27T19:54:19.497+0000] {processor.py:161} INFO - Started process (PID=2606) to work on /opt/airflow/dags/flight-pipeline.py
[2026-04-27T19:54:19.500+0000] {processor.py:830} INFO - Processing file /opt/airflow/dags/flight-pipeline.py for tasks to queue
[2026-04-27T19:54:19.503+0000] {logging_mixin.py:188} INFO - [2026-04-27T19:54:19.502+0000] {dagbag.py:545} INFO - Filling up the DagBag from /opt/airflow/dags/flight-pipeline.py
[2026-04-27T19:54:20.356+0000] {processor.py:840} INFO - DAG(s) 'flights_ops_medallion_pipe' retrieved from /opt/airflow/dags/flight-pipeline.py
[2026-04-27T19:54:20.389+0000] {logging_mixin.py:188} INFO - [2026-04-27T19:54:20.387+0000] {dag.py:3089} INFO - Sync 1 DAGs
[2026-04-27T19:54:20.409+0000] {logging_mixin.py:188} INFO - [2026-04-27T19:54:20.409+0000] {dag.py:3947} INFO - Setting next_dagrun for flights_ops_medallion_pipe to 2026-04-27 19:30:00+00:00, run_after=2026-04-27 20:00:00+00:00
[2026-04-27T19:54:20.427+0000] {processor.py:183} INFO - Processing /opt/airflow/dags/flight-pipeline.py took 0.938 seconds
[2026-04-27T19:54:50.714+0000] {processor.py:161} INFO - Started process (PID=2609) to work on /opt/airflow/dags/flight-pipeline.py
[2026-04-27T19:54:50.717+0000] {processor.py:830} INFO - Processing file /opt/airflow/dags/flight-pipeline.py for tasks to queue
[2026-04-27T19:54:50.720+0000] {logging_mixin.py:188} INFO - [2026-04-27T19:54:50.720+0000] {dagbag.py:545} INFO - Filling up the DagBag from /opt/airflow/dags/flight-pipeline.py
[2026-04-27T19:54:51.703+0000] {processor.py:840} INFO - DAG(s) 'flights_ops_medallion_pipe' retrieved from /opt/airflow/dags/flight-pipeline.py
[2026-04-27T19:54:51.738+0000] {logging_mixin.py:188} INFO - [2026-04-27T19:54:51.738+0000] {dag.py:3089} INFO - Sync 1 DAGs
[2026-04-27T19:54:51.762+0000] {logging_mixin.py:188} INFO - [2026-04-27T19:54:51.762+0000] {dag.py:3947} INFO - Setting next_dagrun for flights_ops_medallion_pipe to 2026-04-27 19:30:00+00:00, run_after=2026-04-27 20:00:00+00:00
[2026-04-27T19:54:51.784+0000] {processor.py:183} INFO - Processing /opt/airflow/dags/flight-pipeline.py took 1.078 seconds
[2026-04-27T19:55:22.106+0000] {processor.py:161} INFO - Started process (PID=2612) to work on /opt/airflow/dags/flight-pipeline.py
[2026-04-27T19:55:22.108+0000] {processor.py:830} INFO - Processing file /opt/airflow/dags/flight-pipeline.py for tasks to queue
[2026-04-27T19:55:22.112+0000] {logging_mixin.py:188} INFO - [2026-04-27T19:55:22.110+0000] {dagbag.py:545} INFO - Filling up the DagBag from /opt/airflow/dags/flight-pipeline.py
[2026-04-27T19:55:23.008+0000] {processor.py:840} INFO - DAG(s) 'flights_ops_medallion_pipe' retrieved from /opt/airflow/dags/flight-pipeline.py
[2026-04-27T19:55:23.041+0000] {logging_mixin.py:188} INFO - [2026-04-27T19:55:23.040+0000] {dag.py:3089} INFO - Sync 1 DAGs
[2026-04-27T19:55:23.062+0000] {logging_mixin.py:188} INFO - [2026-04-27T19:55:23.061+0000] {dag.py:3947} INFO - Setting next_dagrun for flights_ops_medallion_pipe to 2026-04-27 19:30:00+00:00, run_after=2026-04-27 20:00:00+00:00
[2026-04-27T19:55:23.080+0000] {processor.py:183} INFO - Processing /opt/airflow/dags/flight-pipeline.py took 0.986 seconds
[2026-04-27T19:55:53.366+0000] {processor.py:161} INFO - Started process (PID=2615) to work on /opt/airflow/dags/flight-pipeline.py
[2026-04-27T19:55:53.368+0000] {processor.py:830} INFO - Processing file /opt/airflow/dags/flight-pipeline.py for tasks to queue
[2026-04-27T19:55:53.372+0000] {logging_mixin.py:188} INFO - [2026-04-27T19:55:53.371+0000] {dagbag.py:545} INFO - Filling up the DagBag from /opt/airflow/dags/flight-pipeline.py
[2026-04-27T19:55:54.451+0000] {processor.py:840} INFO - DAG(s) 'flights_ops_medallion_pipe' retrieved from /opt/airflow/dags/flight-pipeline.py
[2026-04-27T19:55:54.484+0000] {logging_mixin.py:188} INFO - [2026-04-27T19:55:54.483+0000] {dag.py:3089} INFO - Sync 1 DAGs
[2026-04-27T19:55:54.513+0000] {logging_mixin.py:188} INFO - [2026-04-27T19:55:54.513+0000] {dag.py:3947} INFO - Setting next_dagrun for flights_ops_medallion_pipe to 2026-04-27 19:30:00+00:00, run_after=2026-04-27 20:00:00+00:00
[2026-04-27T19:55:54.536+0000] {processor.py:183} INFO - Processing /opt/airflow/dags/flight-pipeline.py took 1.189 seconds
[2026-04-27T19:56:24.592+0000] {processor.py:161} INFO - Started process (PID=2618) to work on /opt/airflow/dags/flight-pipeline.py
[2026-04-27T19:56:24.595+0000] {processor.py:830} INFO - Processing file /opt/airflow/dags/flight-pipeline.py for tasks to queue
[2026-04-27T19:56:24.598+0000] {logging_mixin.py:188} INFO - [2026-04-27T19:56:24.598+0000] {dagbag.py:545} INFO - Filling up the DagBag from /opt/airflow/dags/flight-pipeline.py
[2026-04-27T19:56:25.461+0000] {processor.py:840} INFO - DAG(s) 'flights_ops_medallion_pipe' retrieved from /opt/airflow/dags/flight-pipeline.py
[2026-04-27T19:56:25.492+0000] {logging_mixin.py:188} INFO - [2026-04-27T19:56:25.491+0000] {dag.py:3089} INFO - Sync 1 DAGs
[2026-04-27T19:56:25.514+0000] {logging_mixin.py:188} INFO - [2026-04-27T19:56:25.514+0000] {dag.py:3947} INFO - Setting next_dagrun for flights_ops_medallion_pipe to 2026-04-27 19:30:00+00:00, run_after=2026-04-27 20:00:00+00:00
[2026-04-27T19:56:25.533+0000] {processor.py:183} INFO - Processing /opt/airflow/dags/flight-pipeline.py took 0.949 seconds
[2026-04-27T19:56:55.814+0000] {processor.py:161} INFO - Started process (PID=2621) to work on /opt/airflow/dags/flight-pipeline.py
[2026-04-27T19:56:55.818+0000] {processor.py:830} INFO - Processing file /opt/airflow/dags/flight-pipeline.py for tasks to queue
[2026-04-27T19:56:55.820+0000] {logging_mixin.py:188} INFO - [2026-04-27T19:56:55.820+0000] {dagbag.py:545} INFO - Filling up the DagBag from /opt/airflow/dags/flight-pipeline.py
[2026-04-27T19:56:56.791+0000] {processor.py:840} INFO - DAG(s) 'flights_ops_medallion_pipe' retrieved from /opt/airflow/dags/flight-pipeline.py
[2026-04-27T19:56:56.827+0000] {logging_mixin.py:188} INFO - [2026-04-27T19:56:56.826+0000] {dag.py:3089} INFO - Sync 1 DAGs
[2026-04-27T19:56:56.850+0000] {logging_mixin.py:188} INFO - [2026-04-27T19:56:56.849+0000] {dag.py:3947} INFO - Setting next_dagrun for flights_ops_medallion_pipe to 2026-04-27 19:30:00+00:00, run_after=2026-04-27 20:00:00+00:00
[2026-04-27T19:56:56.871+0000] {processor.py:183} INFO - Processing /opt/airflow/dags/flight-pipeline.py took 1.064 seconds
[2026-04-27T19:57:27.094+0000] {processor.py:161} INFO - Started process (PID=2624) to work on /opt/airflow/dags/flight-pipeline.py
[2026-04-27T19:57:27.097+0000] {processor.py:830} INFO - Processing file /opt/airflow/dags/flight-pipeline.py for tasks to queue
[2026-04-27T19:57:27.099+0000] {logging_mixin.py:188} INFO - [2026-04-27T19:57:27.099+0000] {dagbag.py:545} INFO - Filling up the DagBag from /opt/airflow/dags/flight-pipeline.py
[2026-04-27T19:57:28.194+0000] {processor.py:840} INFO - DAG(s) 'flights_ops_medallion_pipe' retrieved from /opt/airflow/dags/flight-pipeline.py
[2026-04-27T19:57:28.227+0000] {logging_mixin.py:188} INFO - [2026-04-27T19:57:28.225+0000] {dag.py:3089} INFO - Sync 1 DAGs
[2026-04-27T19:57:28.249+0000] {logging_mixin.py:188} INFO - [2026-04-27T19:57:28.248+0000] {dag.py:3947} INFO - Setting next_dagrun for flights_ops_medallion_pipe to 2026-04-27 19:30:00+00:00, run_after=2026-04-27 20:00:00+00:00
[2026-04-27T19:57:28.268+0000] {processor.py:183} INFO - Processing /opt/airflow/dags/flight-pipeline.py took 1.184 seconds
[2026-04-27T19:57:58.347+0000] {processor.py:161} INFO - Started process (PID=2627) to work on /opt/airflow/dags/flight-pipeline.py
[2026-04-27T19:57:58.349+0000] {processor.py:830} INFO - Processing file /opt/airflow/dags/flight-pipeline.py for tasks to queue
[2026-04-27T19:57:58.352+0000] {logging_mixin.py:188} INFO - [2026-04-27T19:57:58.351+0000] {dagbag.py:545} INFO - Filling up the DagBag from /opt/airflow/dags/flight-pipeline.py
[2026-04-27T19:57:59.230+0000] {processor.py:840} INFO - DAG(s) 'flights_ops_medallion_pipe' retrieved from /opt/airflow/dags/flight-pipeline.py
[2026-04-27T19:57:59.264+0000] {logging_mixin.py:188} INFO - [2026-04-27T19:57:59.264+0000] {dag.py:3089} INFO - Sync 1 DAGs
[2026-04-27T19:57:59.285+0000] {logging_mixin.py:188} INFO - [2026-04-27T19:57:59.285+0000] {dag.py:3947} INFO - Setting next_dagrun for flights_ops_medallion_pipe to 2026-04-27 19:30:00+00:00, run_after=2026-04-27 20:00:00+00:00
[2026-04-27T19:57:59.305+0000] {processor.py:183} INFO - Processing /opt/airflow/dags/flight-pipeline.py took 0.967 seconds
[2026-04-27T19:58:29.574+0000] {processor.py:161} INFO - Started process (PID=2630) to work on /opt/airflow/dags/flight-pipeline.py
[2026-04-27T19:58:29.577+0000] {processor.py:830} INFO - Processing file /opt/airflow/dags/flight-pipeline.py for tasks to queue
[2026-04-27T19:58:29.579+0000] {logging_mixin.py:188} INFO - [2026-04-27T19:58:29.578+0000] {dagbag.py:545} INFO - Filling up the DagBag from /opt/airflow/dags/flight-pipeline.py
[2026-04-27T19:58:30.428+0000] {processor.py:840} INFO - DAG(s) 'flights_ops_medallion_pipe' retrieved from /opt/airflow/dags/flight-pipeline.py
[2026-04-27T19:58:30.459+0000] {logging_mixin.py:188} INFO - [2026-04-27T19:58:30.458+0000] {dag.py:3089} INFO - Sync 1 DAGs
[2026-04-27T19:58:30.484+0000] {logging_mixin.py:188} INFO - [2026-04-27T19:58:30.484+0000] {dag.py:3947} INFO - Setting next_dagrun for flights_ops_medallion_pipe to 2026-04-27 19:30:00+00:00, run_after=2026-04-27 20:00:00+00:00
[2026-04-27T19:58:30.504+0000] {processor.py:183} INFO - Processing /opt/airflow/dags/flight-pipeline.py took 0.939 seconds
[2026-04-27T19:59:00.802+0000] {processor.py:161} INFO - Started process (PID=2633) to work on /opt/airflow/dags/flight-pipeline.py
[2026-04-27T19:59:00.804+0000] {processor.py:830} INFO - Processing file /opt/airflow/dags/flight-pipeline.py for tasks to queue
[2026-04-27T19:59:00.807+0000] {logging_mixin.py:188} INFO - [2026-04-27T19:59:00.807+0000] {dagbag.py:545} INFO - Filling up the DagBag from /opt/airflow/dags/flight-pipeline.py
[2026-04-27T19:59:01.720+0000] {processor.py:840} INFO - DAG(s) 'flights_ops_medallion_pipe' retrieved from /opt/airflow/dags/flight-pipeline.py
[2026-04-27T19:59:01.751+0000] {logging_mixin.py:188} INFO - [2026-04-27T19:59:01.750+0000] {dag.py:3089} INFO - Sync 1 DAGs
[2026-04-27T19:59:01.773+0000] {logging_mixin.py:188} INFO - [2026-04-27T19:59:01.772+0000] {dag.py:3947} INFO - Setting next_dagrun for flights_ops_medallion_pipe to 2026-04-27 19:30:00+00:00, run_after=2026-04-27 20:00:00+00:00
[2026-04-27T19:59:01.794+0000] {processor.py:183} INFO - Processing /opt/airflow/dags/flight-pipeline.py took 1.002 seconds
[2026-04-27T19:59:32.089+0000] {processor.py:161} INFO - Started process (PID=2636) to work on /opt/airflow/dags/flight-pipeline.py
[2026-04-27T19:59:32.091+0000] {processor.py:830} INFO - Processing file /opt/airflow/dags/flight-pipeline.py for tasks to queue
[2026-04-27T19:59:32.093+0000] {logging_mixin.py:188} INFO - [2026-04-27T19:59:32.093+0000] {dagbag.py:545} INFO - Filling up the DagBag from /opt/airflow/dags/flight-pipeline.py
[2026-04-27T19:59:33.026+0000] {processor.py:840} INFO - DAG(s) 'flights_ops_medallion_pipe' retrieved from /opt/airflow/dags/flight-pipeline.py
[2026-04-27T19:59:33.064+0000] {logging_mixin.py:188} INFO - [2026-04-27T19:59:33.063+0000] {dag.py:3089} INFO - Sync 1 DAGs
[2026-04-27T19:59:33.088+0000] {logging_mixin.py:188} INFO - [2026-04-27T19:59:33.088+0000] {dag.py:3947} INFO - Setting next_dagrun for flights_ops_medallion_pipe to 2026-04-27 19:30:00+00:00, run_after=2026-04-27 20:00:00+00:00
[2026-04-27T19:59:33.109+0000] {processor.py:183} INFO - Processing /opt/airflow/dags/flight-pipeline.py took 1.027 seconds
[2026-04-27T20:00:03.338+0000] {processor.py:161} INFO - Started process (PID=2640) to work on /opt/airflow/dags/flight-pipeline.py
[2026-04-27T20:00:03.343+0000] {processor.py:830} INFO - Processing file /opt/airflow/dags/flight-pipeline.py for tasks to queue
[2026-04-27T20:00:03.348+0000] {logging_mixin.py:188} INFO - [2026-04-27T20:00:03.347+0000] {dagbag.py:545} INFO - Filling up the DagBag from /opt/airflow/dags/flight-pipeline.py
[2026-04-27T20:00:04.323+0000] {processor.py:840} INFO - DAG(s) 'flights_ops_medallion_pipe' retrieved from /opt/airflow/dags/flight-pipeline.py
[2026-04-27T20:00:04.359+0000] {logging_mixin.py:188} INFO - [2026-04-27T20:00:04.359+0000] {dag.py:3089} INFO - Sync 1 DAGs
[2026-04-27T20:00:04.383+0000] {logging_mixin.py:188} INFO - [2026-04-27T20:00:04.383+0000] {dag.py:3947} INFO - Setting next_dagrun for flights_ops_medallion_pipe to 2026-04-27 20:00:00+00:00, run_after=2026-04-27 20:30:00+00:00
[2026-04-27T20:00:04.401+0000] {processor.py:183} INFO - Processing /opt/airflow/dags/flight-pipeline.py took 1.080 seconds
[2026-04-27T20:00:34.563+0000] {processor.py:161} INFO - Started process (PID=2686) to work on /opt/airflow/dags/flight-pipeline.py
[2026-04-27T20:00:34.575+0000] {processor.py:830} INFO - Processing file /opt/airflow/dags/flight-pipeline.py for tasks to queue
[2026-04-27T20:00:34.579+0000] {logging_mixin.py:188} INFO - [2026-04-27T20:00:34.579+0000] {dagbag.py:545} INFO - Filling up the DagBag from /opt/airflow/dags/flight-pipeline.py
[2026-04-27T20:00:36.106+0000] {processor.py:840} INFO - DAG(s) 'flights_ops_medallion_pipe' retrieved from /opt/airflow/dags/flight-pipeline.py
[2026-04-27T20:00:36.186+0000] {logging_mixin.py:188} INFO - [2026-04-27T20:00:36.186+0000] {dag.py:3089} INFO - Sync 1 DAGs
[2026-04-27T20:00:36.231+0000] {logging_mixin.py:188} INFO - [2026-04-27T20:00:36.231+0000] {dag.py:3947} INFO - Setting next_dagrun for flights_ops_medallion_pipe to 2026-04-27 20:00:00+00:00, run_after=2026-04-27 20:30:00+00:00
[2026-04-27T20:00:36.252+0000] {processor.py:183} INFO - Processing /opt/airflow/dags/flight-pipeline.py took 1.705 seconds
[2026-04-27T20:01:06.604+0000] {processor.py:161} INFO - Started process (PID=2689) to work on /opt/airflow/dags/flight-pipeline.py
[2026-04-27T20:01:06.612+0000] {processor.py:830} INFO - Processing file /opt/airflow/dags/flight-pipeline.py for tasks to queue
[2026-04-27T20:01:06.619+0000] {logging_mixin.py:188} INFO - [2026-04-27T20:01:06.619+0000] {dagbag.py:545} INFO - Filling up the DagBag from /opt/airflow/dags/flight-pipeline.py
[2026-04-27T20:01:07.513+0000] {processor.py:840} INFO - DAG(s) 'flights_ops_medallion_pipe' retrieved from /opt/airflow/dags/flight-pipeline.py
[2026-04-27T20:01:07.561+0000] {logging_mixin.py:188} INFO - [2026-04-27T20:01:07.560+0000] {dag.py:3089} INFO - Sync 1 DAGs
[2026-04-27T20:01:07.616+0000] {logging_mixin.py:188} INFO - [2026-04-27T20:01:07.616+0000] {dag.py:3947} INFO - Setting next_dagrun for flights_ops_medallion_pipe to 2026-04-27 20:00:00+00:00, run_after=2026-04-27 20:30:00+00:00
[2026-04-27T20:01:07.649+0000] {processor.py:183} INFO - Processing /opt/airflow/dags/flight-pipeline.py took 1.055 seconds
[2026-04-27T20:01:37.860+0000] {processor.py:161} INFO - Started process (PID=2692) to work on /opt/airflow/dags/flight-pipeline.py
[2026-04-27T20:01:37.864+0000] {processor.py:830} INFO - Processing file /opt/airflow/dags/flight-pipeline.py for tasks to queue
[2026-04-27T20:01:37.885+0000] {logging_mixin.py:188} INFO - [2026-04-27T20:01:37.883+0000] {dagbag.py:545} INFO - Filling up the DagBag from /opt/airflow/dags/flight-pipeline.py
[2026-04-27T20:01:38.873+0000] {processor.py:840} INFO - DAG(s) 'flights_ops_medallion_pipe' retrieved from /opt/airflow/dags/flight-pipeline.py
[2026-04-27T20:01:38.905+0000] {logging_mixin.py:188} INFO - [2026-04-27T20:01:38.905+0000] {dag.py:3089} INFO - Sync 1 DAGs
[2026-04-27T20:01:38.928+0000] {logging_mixin.py:188} INFO - [2026-04-27T20:01:38.927+0000] {dag.py:3947} INFO - Setting next_dagrun for flights_ops_medallion_pipe to 2026-04-27 20:00:00+00:00, run_after=2026-04-27 20:30:00+00:00
[2026-04-27T20:01:38.948+0000] {processor.py:183} INFO - Processing /opt/airflow/dags/flight-pipeline.py took 1.096 seconds
[2026-04-27T20:02:09.283+0000] {processor.py:161} INFO - Started process (PID=2695) to work on /opt/airflow/dags/flight-pipeline.py
[2026-04-27T20:02:09.285+0000] {processor.py:830} INFO - Processing file /opt/airflow/dags/flight-pipeline.py for tasks to queue
[2026-04-27T20:02:09.288+0000] {logging_mixin.py:188} INFO - [2026-04-27T20:02:09.288+0000] {dagbag.py:545} INFO - Filling up the DagBag from /opt/airflow/dags/flight-pipeline.py
[2026-04-27T20:02:10.207+0000] {processor.py:840} INFO - DAG(s) 'flights_ops_medallion_pipe' retrieved from /opt/airflow/dags/flight-pipeline.py
[2026-04-27T20:02:10.242+0000] {logging_mixin.py:188} INFO - [2026-04-27T20:02:10.241+0000] {dag.py:3089} INFO - Sync 1 DAGs
[2026-04-27T20:02:10.263+0000] {logging_mixin.py:188} INFO - [2026-04-27T20:02:10.262+0000] {dag.py:3947} INFO - Setting next_dagrun for flights_ops_medallion_pipe to 2026-04-27 20:00:00+00:00, run_after=2026-04-27 20:30:00+00:00
[2026-04-27T20:02:10.287+0000] {processor.py:183} INFO - Processing /opt/airflow/dags/flight-pipeline.py took 1.010 seconds
[2026-04-27T20:02:40.556+0000] {processor.py:161} INFO - Started process (PID=2698) to work on /opt/airflow/dags/flight-pipeline.py
[2026-04-27T20:02:40.558+0000] {processor.py:830} INFO - Processing file /opt/airflow/dags/flight-pipeline.py for tasks to queue
[2026-04-27T20:02:40.562+0000] {logging_mixin.py:188} INFO - [2026-04-27T20:02:40.561+0000] {dagbag.py:545} INFO - Filling up the DagBag from /opt/airflow/dags/flight-pipeline.py
[2026-04-27T20:02:41.719+0000] {processor.py:840} INFO - DAG(s) 'flights_ops_medallion_pipe' retrieved from /opt/airflow/dags/flight-pipeline.py
[2026-04-27T20:02:41.749+0000] {logging_mixin.py:188} INFO - [2026-04-27T20:02:41.749+0000] {dag.py:3089} INFO - Sync 1 DAGs
[2026-04-27T20:02:41.771+0000] {logging_mixin.py:188} INFO - [2026-04-27T20:02:41.771+0000] {dag.py:3947} INFO - Setting next_dagrun for flights_ops_medallion_pipe to 2026-04-27 20:00:00+00:00, run_after=2026-04-27 20:30:00+00:00
[2026-04-27T20:02:41.791+0000] {processor.py:183} INFO - Processing /opt/airflow/dags/flight-pipeline.py took 1.246 seconds
[2026-04-27T20:03:12.037+0000] {processor.py:161} INFO - Started process (PID=2701) to work on /opt/airflow/dags/flight-pipeline.py
[2026-04-27T20:03:12.047+0000] {processor.py:830} INFO - Processing file /opt/airflow/dags/flight-pipeline.py for tasks to queue
[2026-04-27T20:03:12.049+0000] {logging_mixin.py:188} INFO - [2026-04-27T20:03:12.049+0000] {dagbag.py:545} INFO - Filling up the DagBag from /opt/airflow/dags/flight-pipeline.py
[2026-04-27T20:03:13.053+0000] {processor.py:840} INFO - DAG(s) 'flights_ops_medallion_pipe' retrieved from /opt/airflow/dags/flight-pipeline.py
[2026-04-27T20:03:13.088+0000] {logging_mixin.py:188} INFO - [2026-04-27T20:03:13.087+0000] {dag.py:3089} INFO - Sync 1 DAGs
[2026-04-27T20:03:13.114+0000] {logging_mixin.py:188} INFO - [2026-04-27T20:03:13.114+0000] {dag.py:3947} INFO - Setting next_dagrun for flights_ops_medallion_pipe to 2026-04-27 20:00:00+00:00, run_after=2026-04-27 20:30:00+00:00
[2026-04-27T20:03:13.134+0000] {processor.py:183} INFO - Processing /opt/airflow/dags/flight-pipeline.py took 1.108 seconds
[2026-04-27T20:03:43.277+0000] {processor.py:161} INFO - Started process (PID=2704) to work on /opt/airflow/dags/flight-pipeline.py
[2026-04-27T20:03:43.280+0000] {processor.py:830} INFO - Processing file /opt/airflow/dags/flight-pipeline.py for tasks to queue
[2026-04-27T20:03:43.284+0000] {logging_mixin.py:188} INFO - [2026-04-27T20:03:43.283+0000] {dagbag.py:545} INFO - Filling up the DagBag from /opt/airflow/dags/flight-pipeline.py
[2026-04-27T20:03:44.199+0000] {processor.py:840} INFO - DAG(s) 'flights_ops_medallion_pipe' retrieved from /opt/airflow/dags/flight-pipeline.py
[2026-04-27T20:03:44.232+0000] {logging_mixin.py:188} INFO - [2026-04-27T20:03:44.232+0000] {dag.py:3089} INFO - Sync 1 DAGs
[2026-04-27T20:03:44.255+0000] {logging_mixin.py:188} INFO - [2026-04-27T20:03:44.254+0000] {dag.py:3947} INFO - Setting next_dagrun for flights_ops_medallion_pipe to 2026-04-27 20:00:00+00:00, run_after=2026-04-27 20:30:00+00:00
[2026-04-27T20:03:44.281+0000] {processor.py:183} INFO - Processing /opt/airflow/dags/flight-pipeline.py took 1.012 seconds
[2026-04-27T20:04:14.536+0000] {processor.py:161} INFO - Started process (PID=2707) to work on /opt/airflow/dags/flight-pipeline.py
[2026-04-27T20:04:14.538+0000] {processor.py:830} INFO - Processing file /opt/airflow/dags/flight-pipeline.py for tasks to queue
[2026-04-27T20:04:14.540+0000] {logging_mixin.py:188} INFO - [2026-04-27T20:04:14.540+0000] {dagbag.py:545} INFO - Filling up the DagBag from /opt/airflow/dags/flight-pipeline.py
[2026-04-27T20:04:15.445+0000] {processor.py:840} INFO - DAG(s) 'flights_ops_medallion_pipe' retrieved from /opt/airflow/dags/flight-pipeline.py
[2026-04-27T20:04:15.477+0000] {logging_mixin.py:188} INFO - [2026-04-27T20:04:15.476+0000] {dag.py:3089} INFO - Sync 1 DAGs
[2026-04-27T20:04:15.498+0000] {logging_mixin.py:188} INFO - [2026-04-27T20:04:15.498+0000] {dag.py:3947} INFO - Setting next_dagrun for flights_ops_medallion_pipe to 2026-04-27 20:00:00+00:00, run_after=2026-04-27 20:30:00+00:00
[2026-04-27T20:04:15.517+0000] {processor.py:183} INFO - Processing /opt/airflow/dags/flight-pipeline.py took 0.990 seconds
[2026-04-27T20:04:45.820+0000] {processor.py:161} INFO - Started process (PID=2710) to work on /opt/airflow/dags/flight-pipeline.py
[2026-04-27T20:04:45.822+0000] {processor.py:830} INFO - Processing file /opt/airflow/dags/flight-pipeline.py for tasks to queue
[2026-04-27T20:04:45.826+0000] {logging_mixin.py:188} INFO - [2026-04-27T20:04:45.825+0000] {dagbag.py:545} INFO - Filling up the DagBag from /opt/airflow/dags/flight-pipeline.py
[2026-04-27T20:04:46.704+0000] {processor.py:840} INFO - DAG(s) 'flights_ops_medallion_pipe' retrieved from /opt/airflow/dags/flight-pipeline.py
[2026-04-27T20:04:46.732+0000] {logging_mixin.py:188} INFO - [2026-04-27T20:04:46.732+0000] {dag.py:3089} INFO - Sync 1 DAGs
[2026-04-27T20:04:46.753+0000] {logging_mixin.py:188} INFO - [2026-04-27T20:04:46.752+0000] {dag.py:3947} INFO - Setting next_dagrun for flights_ops_medallion_pipe to 2026-04-27 20:00:00+00:00, run_after=2026-04-27 20:30:00+00:00
[2026-04-27T20:04:46.773+0000] {processor.py:183} INFO - Processing /opt/airflow/dags/flight-pipeline.py took 0.961 seconds
[2026-04-27T20:05:17.041+0000] {processor.py:161} INFO - Started process (PID=2713) to work on /opt/airflow/dags/flight-pipeline.py
[2026-04-27T20:05:17.044+0000] {processor.py:830} INFO - Processing file /opt/airflow/dags/flight-pipeline.py for tasks to queue
[2026-04-27T20:05:17.049+0000] {logging_mixin.py:188} INFO - [2026-04-27T20:05:17.048+0000] {dagbag.py:545} INFO - Filling up the DagBag from /opt/airflow/dags/flight-pipeline.py
[2026-04-27T20:05:17.919+0000] {processor.py:840} INFO - DAG(s) 'flights_ops_medallion_pipe' retrieved from /opt/airflow/dags/flight-pipeline.py
[2026-04-27T20:05:17.952+0000] {logging_mixin.py:188} INFO - [2026-04-27T20:05:17.951+0000] {dag.py:3089} INFO - Sync 1 DAGs
[2026-04-27T20:05:17.976+0000] {logging_mixin.py:188} INFO - [2026-04-27T20:05:17.976+0000] {dag.py:3947} INFO - Setting next_dagrun for flights_ops_medallion_pipe to 2026-04-27 20:00:00+00:00, run_after=2026-04-27 20:30:00+00:00
[2026-04-27T20:05:17.998+0000] {processor.py:183} INFO - Processing /opt/airflow/dags/flight-pipeline.py took 0.972 seconds
[2026-04-27T20:05:48.264+0000] {processor.py:161} INFO - Started process (PID=2716) to work on /opt/airflow/dags/flight-pipeline.py
[2026-04-27T20:05:48.267+0000] {processor.py:830} INFO - Processing file /opt/airflow/dags/flight-pipeline.py for tasks to queue
[2026-04-27T20:05:48.269+0000] {logging_mixin.py:188} INFO - [2026-04-27T20:05:48.268+0000] {dagbag.py:545} INFO - Filling up the DagBag from /opt/airflow/dags/flight-pipeline.py
[2026-04-27T20:05:49.150+0000] {processor.py:840} INFO - DAG(s) 'flights_ops_medallion_pipe' retrieved from /opt/airflow/dags/flight-pipeline.py
[2026-04-27T20:05:49.181+0000] {logging_mixin.py:188} INFO - [2026-04-27T20:05:49.179+0000] {dag.py:3089} INFO - Sync 1 DAGs
[2026-04-27T20:05:49.203+0000] {logging_mixin.py:188} INFO - [2026-04-27T20:05:49.203+0000] {dag.py:3947} INFO - Setting next_dagrun for flights_ops_medallion_pipe to 2026-04-27 20:00:00+00:00, run_after=2026-04-27 20:30:00+00:00
[2026-04-27T20:05:49.224+0000] {processor.py:183} INFO - Processing /opt/airflow/dags/flight-pipeline.py took 0.969 seconds
[2026-04-27T20:06:19.523+0000] {processor.py:161} INFO - Started process (PID=2719) to work on /opt/airflow/dags/flight-pipeline.py
[2026-04-27T20:06:19.526+0000] {processor.py:830} INFO - Processing file /opt/airflow/dags/flight-pipeline.py for tasks to queue
[2026-04-27T20:06:19.529+0000] {logging_mixin.py:188} INFO - [2026-04-27T20:06:19.528+0000] {dagbag.py:545} INFO - Filling up the DagBag from /opt/airflow/dags/flight-pipeline.py
[2026-04-27T20:06:20.408+0000] {processor.py:840} INFO - DAG(s) 'flights_ops_medallion_pipe' retrieved from /opt/airflow/dags/flight-pipeline.py
[2026-04-27T20:06:20.441+0000] {logging_mixin.py:188} INFO - [2026-04-27T20:06:20.439+0000] {dag.py:3089} INFO - Sync 1 DAGs
[2026-04-27T20:06:20.462+0000] {logging_mixin.py:188} INFO - [2026-04-27T20:06:20.462+0000] {dag.py:3947} INFO - Setting next_dagrun for flights_ops_medallion_pipe to 2026-04-27 20:00:00+00:00, run_after=2026-04-27 20:30:00+00:00
[2026-04-27T20:06:20.485+0000] {processor.py:183} INFO - Processing /opt/airflow/dags/flight-pipeline.py took 0.970 seconds
[2026-04-27T20:06:50.746+0000] {processor.py:161} INFO - Started process (PID=2722) to work on /opt/airflow/dags/flight-pipeline.py
[2026-04-27T20:06:50.749+0000] {processor.py:830} INFO - Processing file /opt/airflow/dags/flight-pipeline.py for tasks to queue
[2026-04-27T20:06:50.751+0000] {logging_mixin.py:188} INFO - [2026-04-27T20:06:50.750+0000] {dagbag.py:545} INFO - Filling up the DagBag from /opt/airflow/dags/flight-pipeline.py
[2026-04-27T20:06:51.618+0000] {processor.py:840} INFO - DAG(s) 'flights_ops_medallion_pipe' retrieved from /opt/airflow/dags/flight-pipeline.py
[2026-04-27T20:06:51.650+0000] {logging_mixin.py:188} INFO - [2026-04-27T20:06:51.650+0000] {dag.py:3089} INFO - Sync 1 DAGs
[2026-04-27T20:06:51.671+0000] {logging_mixin.py:188} INFO - [2026-04-27T20:06:51.671+0000] {dag.py:3947} INFO - Setting next_dagrun for flights_ops_medallion_pipe to 2026-04-27 20:00:00+00:00, run_after=2026-04-27 20:30:00+00:00
[2026-04-27T20:06:51.696+0000] {processor.py:183} INFO - Processing /opt/airflow/dags/flight-pipeline.py took 0.958 seconds
[2026-04-27T20:07:22.016+0000] {processor.py:161} INFO - Started process (PID=2725) to work on /opt/airflow/dags/flight-pipeline.py
[2026-04-27T20:07:22.019+0000] {processor.py:830} INFO - Processing file /opt/airflow/dags/flight-pipeline.py for tasks to queue
[2026-04-27T20:07:22.023+0000] {logging_mixin.py:188} INFO - [2026-04-27T20:07:22.022+0000] {dagbag.py:545} INFO - Filling up the DagBag from /opt/airflow/dags/flight-pipeline.py
[2026-04-27T20:07:22.906+0000] {processor.py:840} INFO - DAG(s) 'flights_ops_medallion_pipe' retrieved from /opt/airflow/dags/flight-pipeline.py
[2026-04-27T20:07:22.941+0000] {logging_mixin.py:188} INFO - [2026-04-27T20:07:22.941+0000] {dag.py:3089} INFO - Sync 1 DAGs
[2026-04-27T20:07:22.961+0000] {logging_mixin.py:188} INFO - [2026-04-27T20:07:22.961+0000] {dag.py:3947} INFO - Setting next_dagrun for flights_ops_medallion_pipe to 2026-04-27 20:00:00+00:00, run_after=2026-04-27 20:30:00+00:00
[2026-04-27T20:07:22.983+0000] {processor.py:183} INFO - Processing /opt/airflow/dags/flight-pipeline.py took 0.975 seconds
[2026-04-27T20:07:53.252+0000] {processor.py:161} INFO - Started process (PID=2728) to work on /opt/airflow/dags/flight-pipeline.py
[2026-04-27T20:07:53.254+0000] {processor.py:830} INFO - Processing file /opt/airflow/dags/flight-pipeline.py for tasks to queue
[2026-04-27T20:07:53.257+0000] {logging_mixin.py:188} INFO - [2026-04-27T20:07:53.257+0000] {dagbag.py:545} INFO - Filling up the DagBag from /opt/airflow/dags/flight-pipeline.py
[2026-04-27T20:07:54.190+0000] {processor.py:840} INFO - DAG(s) 'flights_ops_medallion_pipe' retrieved from /opt/airflow/dags/flight-pipeline.py
[2026-04-27T20:07:54.219+0000] {logging_mixin.py:188} INFO - [2026-04-27T20:07:54.218+0000] {dag.py:3089} INFO - Sync 1 DAGs
[2026-04-27T20:07:54.242+0000] {logging_mixin.py:188} INFO - [2026-04-27T20:07:54.241+0000] {dag.py:3947} INFO - Setting next_dagrun for flights_ops_medallion_pipe to 2026-04-27 20:00:00+00:00, run_after=2026-04-27 20:30:00+00:00
[2026-04-27T20:07:54.264+0000] {processor.py:183} INFO - Processing /opt/airflow/dags/flight-pipeline.py took 1.019 seconds
[2026-04-27T20:08:24.500+0000] {processor.py:161} INFO - Started process (PID=2731) to work on /opt/airflow/dags/flight-pipeline.py
[2026-04-27T20:08:24.503+0000] {processor.py:830} INFO - Processing file /opt/airflow/dags/flight-pipeline.py for tasks to queue
[2026-04-27T20:08:24.505+0000] {logging_mixin.py:188} INFO - [2026-04-27T20:08:24.505+0000] {dagbag.py:545} INFO - Filling up the DagBag from /opt/airflow/dags/flight-pipeline.py
[2026-04-27T20:08:25.392+0000] {processor.py:840} INFO - DAG(s) 'flights_ops_medallion_pipe' retrieved from /opt/airflow/dags/flight-pipeline.py
[2026-04-27T20:08:25.422+0000] {logging_mixin.py:188} INFO - [2026-04-27T20:08:25.421+0000] {dag.py:3089} INFO - Sync 1 DAGs
[2026-04-27T20:08:25.445+0000] {logging_mixin.py:188} INFO - [2026-04-27T20:08:25.445+0000] {dag.py:3947} INFO - Setting next_dagrun for flights_ops_medallion_pipe to 2026-04-27 20:00:00+00:00, run_after=2026-04-27 20:30:00+00:00
[2026-04-27T20:08:25.465+0000] {processor.py:183} INFO - Processing /opt/airflow/dags/flight-pipeline.py took 0.972 seconds
[2026-04-27T20:08:55.757+0000] {processor.py:161} INFO - Started process (PID=2734) to work on /opt/airflow/dags/flight-pipeline.py
[2026-04-27T20:08:55.760+0000] {processor.py:830} INFO - Processing file /opt/airflow/dags/flight-pipeline.py for tasks to queue
[2026-04-27T20:08:55.762+0000] {logging_mixin.py:188} INFO - [2026-04-27T20:08:55.762+0000] {dagbag.py:545} INFO - Filling up the DagBag from /opt/airflow/dags/flight-pipeline.py
[2026-04-27T20:08:56.630+0000] {processor.py:840} INFO - DAG(s) 'flights_ops_medallion_pipe' retrieved from /opt/airflow/dags/flight-pipeline.py
[2026-04-27T20:08:56.665+0000] {logging_mixin.py:188} INFO - [2026-04-27T20:08:56.664+0000] {dag.py:3089} INFO - Sync 1 DAGs
[2026-04-27T20:08:56.687+0000] {logging_mixin.py:188} INFO - [2026-04-27T20:08:56.687+0000] {dag.py:3947} INFO - Setting next_dagrun for flights_ops_medallion_pipe to 2026-04-27 20:00:00+00:00, run_after=2026-04-27 20:30:00+00:00
[2026-04-27T20:08:56.710+0000] {processor.py:183} INFO - Processing /opt/airflow/dags/flight-pipeline.py took 0.963 seconds
[2026-04-27T20:09:26.967+0000] {processor.py:161} INFO - Started process (PID=2737) to work on /opt/airflow/dags/flight-pipeline.py
[2026-04-27T20:09:26.969+0000] {processor.py:830} INFO - Processing file /opt/airflow/dags/flight-pipeline.py for tasks to queue
[2026-04-27T20:09:26.972+0000] {logging_mixin.py:188} INFO - [2026-04-27T20:09:26.972+0000] {dagbag.py:545} INFO - Filling up the DagBag from /opt/airflow/dags/flight-pipeline.py
[2026-04-27T20:09:27.961+0000] {processor.py:840} INFO - DAG(s) 'flights_ops_medallion_pipe' retrieved from /opt/airflow/dags/flight-pipeline.py
[2026-04-27T20:09:28.004+0000] {logging_mixin.py:188} INFO - [2026-04-27T20:09:28.001+0000] {dag.py:3089} INFO - Sync 1 DAGs
[2026-04-27T20:09:28.025+0000] {logging_mixin.py:188} INFO - [2026-04-27T20:09:28.025+0000] {dag.py:3947} INFO - Setting next_dagrun for flights_ops_medallion_pipe to 2026-04-27 20:00:00+00:00, run_after=2026-04-27 20:30:00+00:00
[2026-04-27T20:09:28.043+0000] {processor.py:183} INFO - Processing /opt/airflow/dags/flight-pipeline.py took 1.084 seconds
[2026-04-27T20:09:58.315+0000] {processor.py:161} INFO - Started process (PID=2740) to work on /opt/airflow/dags/flight-pipeline.py
[2026-04-27T20:09:58.319+0000] {processor.py:830} INFO - Processing file /opt/airflow/dags/flight-pipeline.py for tasks to queue
[2026-04-27T20:09:58.322+0000] {logging_mixin.py:188} INFO - [2026-04-27T20:09:58.322+0000] {dagbag.py:545} INFO - Filling up the DagBag from /opt/airflow/dags/flight-pipeline.py
[2026-04-27T20:09:59.179+0000] {processor.py:840} INFO - DAG(s) 'flights_ops_medallion_pipe' retrieved from /opt/airflow/dags/flight-pipeline.py
[2026-04-27T20:09:59.214+0000] {logging_mixin.py:188} INFO - [2026-04-27T20:09:59.213+0000] {dag.py:3089} INFO - Sync 1 DAGs
[2026-04-27T20:09:59.241+0000] {logging_mixin.py:188} INFO - [2026-04-27T20:09:59.241+0000] {dag.py:3947} INFO - Setting next_dagrun for flights_ops_medallion_pipe to 2026-04-27 20:00:00+00:00, run_after=2026-04-27 20:30:00+00:00
[2026-04-27T20:09:59.265+0000] {processor.py:183} INFO - Processing /opt/airflow/dags/flight-pipeline.py took 0.959 seconds
[2026-04-27T20:10:29.625+0000] {processor.py:161} INFO - Started process (PID=2743) to work on /opt/airflow/dags/flight-pipeline.py
[2026-04-27T20:10:29.628+0000] {processor.py:830} INFO - Processing file /opt/airflow/dags/flight-pipeline.py for tasks to queue
[2026-04-27T20:10:29.632+0000] {logging_mixin.py:188} INFO - [2026-04-27T20:10:29.631+0000] {dagbag.py:545} INFO - Filling up the DagBag from /opt/airflow/dags/flight-pipeline.py
[2026-04-27T20:10:30.532+0000] {processor.py:840} INFO - DAG(s) 'flights_ops_medallion_pipe' retrieved from /opt/airflow/dags/flight-pipeline.py
[2026-04-27T20:10:30.647+0000] {logging_mixin.py:188} INFO - [2026-04-27T20:10:30.646+0000] {dag.py:3089} INFO - Sync 1 DAGs
[2026-04-27T20:10:30.792+0000] {logging_mixin.py:188} INFO - [2026-04-27T20:10:30.791+0000] {dag.py:3947} INFO - Setting next_dagrun for flights_ops_medallion_pipe to 2026-04-27 20:00:00+00:00, run_after=2026-04-27 20:30:00+00:00
[2026-04-27T20:10:30.860+0000] {processor.py:183} INFO - Processing /opt/airflow/dags/flight-pipeline.py took 1.248 seconds
[2026-04-27T20:11:01.045+0000] {processor.py:161} INFO - Started process (PID=2746) to work on /opt/airflow/dags/flight-pipeline.py
[2026-04-27T20:11:01.053+0000] {processor.py:830} INFO - Processing file /opt/airflow/dags/flight-pipeline.py for tasks to queue
[2026-04-27T20:11:01.057+0000] {logging_mixin.py:188} INFO - [2026-04-27T20:11:01.056+0000] {dagbag.py:545} INFO - Filling up the DagBag from /opt/airflow/dags/flight-pipeline.py
[2026-04-27T20:11:02.015+0000] {processor.py:840} INFO - DAG(s) 'flights_ops_medallion_pipe' retrieved from /opt/airflow/dags/flight-pipeline.py
[2026-04-27T20:11:02.048+0000] {logging_mixin.py:188} INFO - [2026-04-27T20:11:02.048+0000] {dag.py:3089} INFO - Sync 1 DAGs
[2026-04-27T20:11:02.069+0000] {logging_mixin.py:188} INFO - [2026-04-27T20:11:02.069+0000] {dag.py:3947} INFO - Setting next_dagrun for flights_ops_medallion_pipe to 2026-04-27 20:00:00+00:00, run_after=2026-04-27 20:30:00+00:00
[2026-04-27T20:11:02.090+0000] {processor.py:183} INFO - Processing /opt/airflow/dags/flight-pipeline.py took 1.058 seconds
[2026-04-27T20:11:32.573+0000] {processor.py:161} INFO - Started process (PID=2749) to work on /opt/airflow/dags/flight-pipeline.py
[2026-04-27T20:11:32.581+0000] {processor.py:830} INFO - Processing file /opt/airflow/dags/flight-pipeline.py for tasks to queue
[2026-04-27T20:11:32.589+0000] {logging_mixin.py:188} INFO - [2026-04-27T20:11:32.588+0000] {dagbag.py:545} INFO - Filling up the DagBag from /opt/airflow/dags/flight-pipeline.py
[2026-04-27T20:11:33.537+0000] {processor.py:840} INFO - DAG(s) 'flights_ops_medallion_pipe' retrieved from /opt/airflow/dags/flight-pipeline.py
[2026-04-27T20:11:33.576+0000] {logging_mixin.py:188} INFO - [2026-04-27T20:11:33.576+0000] {dag.py:3089} INFO - Sync 1 DAGs
[2026-04-27T20:11:33.604+0000] {logging_mixin.py:188} INFO - [2026-04-27T20:11:33.603+0000] {dag.py:3947} INFO - Setting next_dagrun for flights_ops_medallion_pipe to 2026-04-27 20:00:00+00:00, run_after=2026-04-27 20:30:00+00:00
[2026-04-27T20:11:33.624+0000] {processor.py:183} INFO - Processing /opt/airflow/dags/flight-pipeline.py took 1.086 seconds
[2026-04-27T20:12:03.800+0000] {processor.py:161} INFO - Started process (PID=2752) to work on /opt/airflow/dags/flight-pipeline.py
[2026-04-27T20:12:03.803+0000] {processor.py:830} INFO - Processing file /opt/airflow/dags/flight-pipeline.py for tasks to queue
[2026-04-27T20:12:03.806+0000] {logging_mixin.py:188} INFO - [2026-04-27T20:12:03.805+0000] {dagbag.py:545} INFO - Filling up the DagBag from /opt/airflow/dags/flight-pipeline.py
[2026-04-27T20:12:04.796+0000] {processor.py:840} INFO - DAG(s) 'flights_ops_medallion_pipe' retrieved from /opt/airflow/dags/flight-pipeline.py
[2026-04-27T20:12:04.842+0000] {logging_mixin.py:188} INFO - [2026-04-27T20:12:04.841+0000] {dag.py:3089} INFO - Sync 1 DAGs
[2026-04-27T20:12:04.867+0000] {logging_mixin.py:188} INFO - [2026-04-27T20:12:04.867+0000] {dag.py:3947} INFO - Setting next_dagrun for flights_ops_medallion_pipe to 2026-04-27 20:00:00+00:00, run_after=2026-04-27 20:30:00+00:00
[2026-04-27T20:12:04.886+0000] {processor.py:183} INFO - Processing /opt/airflow/dags/flight-pipeline.py took 1.098 seconds
[2026-04-27T20:12:35.291+0000] {processor.py:161} INFO - Started process (PID=2755) to work on /opt/airflow/dags/flight-pipeline.py
[2026-04-27T20:12:35.293+0000] {processor.py:830} INFO - Processing file /opt/airflow/dags/flight-pipeline.py for tasks to queue
[2026-04-27T20:12:35.296+0000] {logging_mixin.py:188} INFO - [2026-04-27T20:12:35.296+0000] {dagbag.py:545} INFO - Filling up the DagBag from /opt/airflow/dags/flight-pipeline.py
[2026-04-27T20:12:36.271+0000] {processor.py:840} INFO - DAG(s) 'flights_ops_medallion_pipe' retrieved from /opt/airflow/dags/flight-pipeline.py
[2026-04-27T20:12:36.304+0000] {logging_mixin.py:188} INFO - [2026-04-27T20:12:36.304+0000] {dag.py:3089} INFO - Sync 1 DAGs
[2026-04-27T20:12:36.325+0000] {logging_mixin.py:188} INFO - [2026-04-27T20:12:36.325+0000] {dag.py:3947} INFO - Setting next_dagrun for flights_ops_medallion_pipe to 2026-04-27 20:00:00+00:00, run_after=2026-04-27 20:30:00+00:00
[2026-04-27T20:12:36.342+0000] {processor.py:183} INFO - Processing /opt/airflow/dags/flight-pipeline.py took 1.061 seconds
[2026-04-27T20:13:06.609+0000] {processor.py:161} INFO - Started process (PID=2758) to work on /opt/airflow/dags/flight-pipeline.py
[2026-04-27T20:13:06.612+0000] {processor.py:830} INFO - Processing file /opt/airflow/dags/flight-pipeline.py for tasks to queue
[2026-04-27T20:13:06.615+0000] {logging_mixin.py:188} INFO - [2026-04-27T20:13:06.614+0000] {dagbag.py:545} INFO - Filling up the DagBag from /opt/airflow/dags/flight-pipeline.py
[2026-04-27T20:13:07.611+0000] {processor.py:840} INFO - DAG(s) 'flights_ops_medallion_pipe' retrieved from /opt/airflow/dags/flight-pipeline.py
[2026-04-27T20:13:07.642+0000] {logging_mixin.py:188} INFO - [2026-04-27T20:13:07.641+0000] {dag.py:3089} INFO - Sync 1 DAGs
[2026-04-27T20:13:07.663+0000] {logging_mixin.py:188} INFO - [2026-04-27T20:13:07.663+0000] {dag.py:3947} INFO - Setting next_dagrun for flights_ops_medallion_pipe to 2026-04-27 20:00:00+00:00, run_after=2026-04-27 20:30:00+00:00
[2026-04-27T20:13:07.681+0000] {processor.py:183} INFO - Processing /opt/airflow/dags/flight-pipeline.py took 1.080 seconds
[2026-04-27T20:13:37.865+0000] {processor.py:161} INFO - Started process (PID=2761) to work on /opt/airflow/dags/flight-pipeline.py
[2026-04-27T20:13:37.868+0000] {processor.py:830} INFO - Processing file /opt/airflow/dags/flight-pipeline.py for tasks to queue
[2026-04-27T20:13:37.874+0000] {logging_mixin.py:188} INFO - [2026-04-27T20:13:37.874+0000] {dagbag.py:545} INFO - Filling up the DagBag from /opt/airflow/dags/flight-pipeline.py
[2026-04-27T20:13:38.637+0000] {processor.py:840} INFO - DAG(s) 'flights_ops_medallion_pipe' retrieved from /opt/airflow/dags/flight-pipeline.py
[2026-04-27T20:13:38.666+0000] {logging_mixin.py:188} INFO - [2026-04-27T20:13:38.665+0000] {dag.py:3089} INFO - Sync 1 DAGs
[2026-04-27T20:13:38.684+0000] {logging_mixin.py:188} INFO - [2026-04-27T20:13:38.684+0000] {dag.py:3947} INFO - Setting next_dagrun for flights_ops_medallion_pipe to 2026-04-27 20:00:00+00:00, run_after=2026-04-27 20:30:00+00:00
[2026-04-27T20:13:38.703+0000] {processor.py:183} INFO - Processing /opt/airflow/dags/flight-pipeline.py took 0.846 seconds
[2026-04-27T20:14:08.987+0000] {processor.py:161} INFO - Started process (PID=2764) to work on /opt/airflow/dags/flight-pipeline.py
[2026-04-27T20:14:08.990+0000] {processor.py:830} INFO - Processing file /opt/airflow/dags/flight-pipeline.py for tasks to queue
[2026-04-27T20:14:08.993+0000] {logging_mixin.py:188} INFO - [2026-04-27T20:14:08.992+0000] {dagbag.py:545} INFO - Filling up the DagBag from /opt/airflow/dags/flight-pipeline.py
[2026-04-27T20:14:09.773+0000] {processor.py:840} INFO - DAG(s) 'flights_ops_medallion_pipe' retrieved from /opt/airflow/dags/flight-pipeline.py
[2026-04-27T20:14:09.802+0000] {logging_mixin.py:188} INFO - [2026-04-27T20:14:09.801+0000] {dag.py:3089} INFO - Sync 1 DAGs
[2026-04-27T20:14:09.821+0000] {logging_mixin.py:188} INFO - [2026-04-27T20:14:09.821+0000] {dag.py:3947} INFO - Setting next_dagrun for flights_ops_medallion_pipe to 2026-04-27 20:00:00+00:00, run_after=2026-04-27 20:30:00+00:00
[2026-04-27T20:14:09.841+0000] {processor.py:183} INFO - Processing /opt/airflow/dags/flight-pipeline.py took 0.862 seconds
[2026-04-27T20:14:40.110+0000] {processor.py:161} INFO - Started process (PID=2767) to work on /opt/airflow/dags/flight-pipeline.py
[2026-04-27T20:14:40.113+0000] {processor.py:830} INFO - Processing file /opt/airflow/dags/flight-pipeline.py for tasks to queue
[2026-04-27T20:14:40.115+0000] {logging_mixin.py:188} INFO - [2026-04-27T20:14:40.114+0000] {dagbag.py:545} INFO - Filling up the DagBag from /opt/airflow/dags/flight-pipeline.py
[2026-04-27T20:14:40.875+0000] {processor.py:840} INFO - DAG(s) 'flights_ops_medallion_pipe' retrieved from /opt/airflow/dags/flight-pipeline.py
[2026-04-27T20:14:40.905+0000] {logging_mixin.py:188} INFO - [2026-04-27T20:14:40.904+0000] {dag.py:3089} INFO - Sync 1 DAGs
[2026-04-27T20:14:40.925+0000] {logging_mixin.py:188} INFO - [2026-04-27T20:14:40.924+0000] {dag.py:3947} INFO - Setting next_dagrun for flights_ops_medallion_pipe to 2026-04-27 20:00:00+00:00, run_after=2026-04-27 20:30:00+00:00
[2026-04-27T20:14:40.943+0000] {processor.py:183} INFO - Processing /opt/airflow/dags/flight-pipeline.py took 0.840 seconds
[2026-04-27T20:15:11.238+0000] {processor.py:161} INFO - Started process (PID=2770) to work on /opt/airflow/dags/flight-pipeline.py
[2026-04-27T20:15:11.241+0000] {processor.py:830} INFO - Processing file /opt/airflow/dags/flight-pipeline.py for tasks to queue
[2026-04-27T20:15:11.243+0000] {logging_mixin.py:188} INFO - [2026-04-27T20:15:11.242+0000] {dagbag.py:545} INFO - Filling up the DagBag from /opt/airflow/dags/flight-pipeline.py
[2026-04-27T20:15:12.009+0000] {processor.py:840} INFO - DAG(s) 'flights_ops_medallion_pipe' retrieved from /opt/airflow/dags/flight-pipeline.py
[2026-04-27T20:15:12.040+0000] {logging_mixin.py:188} INFO - [2026-04-27T20:15:12.039+0000] {dag.py:3089} INFO - Sync 1 DAGs
[2026-04-27T20:15:12.058+0000] {logging_mixin.py:188} INFO - [2026-04-27T20:15:12.058+0000] {dag.py:3947} INFO - Setting next_dagrun for flights_ops_medallion_pipe to 2026-04-27 20:00:00+00:00, run_after=2026-04-27 20:30:00+00:00
[2026-04-27T20:15:12.076+0000] {processor.py:183} INFO - Processing /opt/airflow/dags/flight-pipeline.py took 0.851 seconds
[2026-04-27T20:15:42.804+0000] {processor.py:161} INFO - Started process (PID=2773) to work on /opt/airflow/dags/flight-pipeline.py
[2026-04-27T20:15:42.819+0000] {processor.py:830} INFO - Processing file /opt/airflow/dags/flight-pipeline.py for tasks to queue
[2026-04-27T20:15:42.823+0000] {logging_mixin.py:188} INFO - [2026-04-27T20:15:42.823+0000] {dagbag.py:545} INFO - Filling up the DagBag from /opt/airflow/dags/flight-pipeline.py
[2026-04-27T20:15:43.955+0000] {processor.py:840} INFO - DAG(s) 'flights_ops_medallion_pipe' retrieved from /opt/airflow/dags/flight-pipeline.py
[2026-04-27T20:15:43.989+0000] {logging_mixin.py:188} INFO - [2026-04-27T20:15:43.988+0000] {dag.py:3089} INFO - Sync 1 DAGs
[2026-04-27T20:15:44.012+0000] {logging_mixin.py:188} INFO - [2026-04-27T20:15:44.011+0000] {dag.py:3947} INFO - Setting next_dagrun for flights_ops_medallion_pipe to 2026-04-27 20:00:00+00:00, run_after=2026-04-27 20:30:00+00:00
[2026-04-27T20:15:44.030+0000] {processor.py:183} INFO - Processing /opt/airflow/dags/flight-pipeline.py took 1.240 seconds
[2026-04-27T20:19:04.727+0000] {processor.py:161} INFO - Started process (PID=2776) to work on /opt/airflow/dags/flight-pipeline.py
[2026-04-27T20:19:04.738+0000] {processor.py:830} INFO - Processing file /opt/airflow/dags/flight-pipeline.py for tasks to queue
[2026-04-27T20:19:04.744+0000] {logging_mixin.py:188} INFO - [2026-04-27T20:19:04.742+0000] {dagbag.py:545} INFO - Filling up the DagBag from /opt/airflow/dags/flight-pipeline.py
[2026-04-27T20:19:07.066+0000] {processor.py:840} INFO - DAG(s) 'flights_ops_medallion_pipe' retrieved from /opt/airflow/dags/flight-pipeline.py
[2026-04-27T20:19:07.111+0000] {logging_mixin.py:188} INFO - [2026-04-27T20:19:07.110+0000] {dag.py:3089} INFO - Sync 1 DAGs
[2026-04-27T20:19:07.150+0000] {logging_mixin.py:188} INFO - [2026-04-27T20:19:07.150+0000] {dag.py:3947} INFO - Setting next_dagrun for flights_ops_medallion_pipe to 2026-04-27 20:00:00+00:00, run_after=2026-04-27 20:30:00+00:00
[2026-04-27T20:19:07.183+0000] {processor.py:183} INFO - Processing /opt/airflow/dags/flight-pipeline.py took 2.476 seconds
[2026-04-27T20:19:38.030+0000] {processor.py:161} INFO - Started process (PID=2779) to work on /opt/airflow/dags/flight-pipeline.py
[2026-04-27T20:19:38.039+0000] {processor.py:830} INFO - Processing file /opt/airflow/dags/flight-pipeline.py for tasks to queue
[2026-04-27T20:19:38.062+0000] {logging_mixin.py:188} INFO - [2026-04-27T20:19:38.061+0000] {dagbag.py:545} INFO - Filling up the DagBag from /opt/airflow/dags/flight-pipeline.py
[2026-04-27T20:19:40.971+0000] {processor.py:840} INFO - DAG(s) 'flights_ops_medallion_pipe' retrieved from /opt/airflow/dags/flight-pipeline.py
[2026-04-27T20:19:41.167+0000] {logging_mixin.py:188} INFO - [2026-04-27T20:19:41.166+0000] {dag.py:3089} INFO - Sync 1 DAGs
[2026-04-27T20:19:41.213+0000] {logging_mixin.py:188} INFO - [2026-04-27T20:19:41.213+0000] {dag.py:3947} INFO - Setting next_dagrun for flights_ops_medallion_pipe to 2026-04-27 20:00:00+00:00, run_after=2026-04-27 20:30:00+00:00
[2026-04-27T20:19:41.249+0000] {processor.py:183} INFO - Processing /opt/airflow/dags/flight-pipeline.py took 3.243 seconds
[2026-04-27T20:20:11.791+0000] {processor.py:161} INFO - Started process (PID=2782) to work on /opt/airflow/dags/flight-pipeline.py
[2026-04-27T20:20:11.797+0000] {processor.py:830} INFO - Processing file /opt/airflow/dags/flight-pipeline.py for tasks to queue
[2026-04-27T20:20:11.819+0000] {logging_mixin.py:188} INFO - [2026-04-27T20:20:11.817+0000] {dagbag.py:545} INFO - Filling up the DagBag from /opt/airflow/dags/flight-pipeline.py
[2026-04-27T20:20:13.772+0000] {processor.py:840} INFO - DAG(s) 'flights_ops_medallion_pipe' retrieved from /opt/airflow/dags/flight-pipeline.py
[2026-04-27T20:20:13.871+0000] {logging_mixin.py:188} INFO - [2026-04-27T20:20:13.870+0000] {dag.py:3089} INFO - Sync 1 DAGs
[2026-04-27T20:20:13.902+0000] {logging_mixin.py:188} INFO - [2026-04-27T20:20:13.901+0000] {dag.py:3947} INFO - Setting next_dagrun for flights_ops_medallion_pipe to 2026-04-27 20:00:00+00:00, run_after=2026-04-27 20:30:00+00:00
[2026-04-27T20:20:13.928+0000] {processor.py:183} INFO - Processing /opt/airflow/dags/flight-pipeline.py took 2.164 seconds
[2026-04-27T20:20:44.111+0000] {processor.py:161} INFO - Started process (PID=2785) to work on /opt/airflow/dags/flight-pipeline.py
[2026-04-27T20:20:44.116+0000] {processor.py:830} INFO - Processing file /opt/airflow/dags/flight-pipeline.py for tasks to queue
[2026-04-27T20:20:44.129+0000] {logging_mixin.py:188} INFO - [2026-04-27T20:20:44.126+0000] {dagbag.py:545} INFO - Filling up the DagBag from /opt/airflow/dags/flight-pipeline.py
[2026-04-27T20:20:45.230+0000] {processor.py:840} INFO - DAG(s) 'flights_ops_medallion_pipe' retrieved from /opt/airflow/dags/flight-pipeline.py
[2026-04-27T20:20:45.270+0000] {logging_mixin.py:188} INFO - [2026-04-27T20:20:45.269+0000] {dag.py:3089} INFO - Sync 1 DAGs
[2026-04-27T20:20:45.306+0000] {logging_mixin.py:188} INFO - [2026-04-27T20:20:45.306+0000] {dag.py:3947} INFO - Setting next_dagrun for flights_ops_medallion_pipe to 2026-04-27 20:00:00+00:00, run_after=2026-04-27 20:30:00+00:00
[2026-04-27T20:20:45.331+0000] {processor.py:183} INFO - Processing /opt/airflow/dags/flight-pipeline.py took 1.228 seconds
[2026-04-27T20:21:15.441+0000] {processor.py:161} INFO - Started process (PID=2788) to work on /opt/airflow/dags/flight-pipeline.py
[2026-04-27T20:21:15.444+0000] {processor.py:830} INFO - Processing file /opt/airflow/dags/flight-pipeline.py for tasks to queue
[2026-04-27T20:21:15.456+0000] {logging_mixin.py:188} INFO - [2026-04-27T20:21:15.454+0000] {dagbag.py:545} INFO - Filling up the DagBag from /opt/airflow/dags/flight-pipeline.py
[2026-04-27T20:21:16.358+0000] {processor.py:840} INFO - DAG(s) 'flights_ops_medallion_pipe' retrieved from /opt/airflow/dags/flight-pipeline.py
[2026-04-27T20:21:16.391+0000] {logging_mixin.py:188} INFO - [2026-04-27T20:21:16.391+0000] {dag.py:3089} INFO - Sync 1 DAGs
[2026-04-27T20:21:16.412+0000] {logging_mixin.py:188} INFO - [2026-04-27T20:21:16.412+0000] {dag.py:3947} INFO - Setting next_dagrun for flights_ops_medallion_pipe to 2026-04-27 20:00:00+00:00, run_after=2026-04-27 20:30:00+00:00
[2026-04-27T20:21:16.431+0000] {processor.py:183} INFO - Processing /opt/airflow/dags/flight-pipeline.py took 0.997 seconds
[2026-04-27T20:21:46.679+0000] {processor.py:161} INFO - Started process (PID=2791) to work on /opt/airflow/dags/flight-pipeline.py
[2026-04-27T20:21:46.683+0000] {processor.py:830} INFO - Processing file /opt/airflow/dags/flight-pipeline.py for tasks to queue
[2026-04-27T20:21:46.687+0000] {logging_mixin.py:188} INFO - [2026-04-27T20:21:46.686+0000] {dagbag.py:545} INFO - Filling up the DagBag from /opt/airflow/dags/flight-pipeline.py
[2026-04-27T20:21:47.534+0000] {processor.py:840} INFO - DAG(s) 'flights_ops_medallion_pipe' retrieved from /opt/airflow/dags/flight-pipeline.py
[2026-04-27T20:21:47.572+0000] {logging_mixin.py:188} INFO - [2026-04-27T20:21:47.571+0000] {dag.py:3089} INFO - Sync 1 DAGs
[2026-04-27T20:21:47.592+0000] {logging_mixin.py:188} INFO - [2026-04-27T20:21:47.592+0000] {dag.py:3947} INFO - Setting next_dagrun for flights_ops_medallion_pipe to 2026-04-27 20:00:00+00:00, run_after=2026-04-27 20:30:00+00:00
[2026-04-27T20:21:47.611+0000] {processor.py:183} INFO - Processing /opt/airflow/dags/flight-pipeline.py took 0.941 seconds
[2026-04-27T20:22:17.981+0000] {processor.py:161} INFO - Started process (PID=2794) to work on /opt/airflow/dags/flight-pipeline.py
[2026-04-27T20:22:17.986+0000] {processor.py:830} INFO - Processing file /opt/airflow/dags/flight-pipeline.py for tasks to queue
[2026-04-27T20:22:17.989+0000] {logging_mixin.py:188} INFO - [2026-04-27T20:22:17.989+0000] {dagbag.py:545} INFO - Filling up the DagBag from /opt/airflow/dags/flight-pipeline.py
[2026-04-27T20:22:19.579+0000] {processor.py:840} INFO - DAG(s) 'flights_ops_medallion_pipe' retrieved from /opt/airflow/dags/flight-pipeline.py
[2026-04-27T20:22:19.654+0000] {logging_mixin.py:188} INFO - [2026-04-27T20:22:19.653+0000] {dag.py:3089} INFO - Sync 1 DAGs
[2026-04-27T20:22:19.722+0000] {logging_mixin.py:188} INFO - [2026-04-27T20:22:19.722+0000] {dag.py:3947} INFO - Setting next_dagrun for flights_ops_medallion_pipe to 2026-04-27 20:00:00+00:00, run_after=2026-04-27 20:30:00+00:00
[2026-04-27T20:22:19.798+0000] {processor.py:183} INFO - Processing /opt/airflow/dags/flight-pipeline.py took 1.845 seconds
[2026-04-27T20:22:50.314+0000] {processor.py:161} INFO - Started process (PID=2797) to work on /opt/airflow/dags/flight-pipeline.py
[2026-04-27T20:22:50.319+0000] {processor.py:830} INFO - Processing file /opt/airflow/dags/flight-pipeline.py for tasks to queue
[2026-04-27T20:22:50.342+0000] {logging_mixin.py:188} INFO - [2026-04-27T20:22:50.340+0000] {dagbag.py:545} INFO - Filling up the DagBag from /opt/airflow/dags/flight-pipeline.py
[2026-04-27T20:22:51.953+0000] {processor.py:840} INFO - DAG(s) 'flights_ops_medallion_pipe' retrieved from /opt/airflow/dags/flight-pipeline.py
[2026-04-27T20:22:52.105+0000] {logging_mixin.py:188} INFO - [2026-04-27T20:22:52.103+0000] {dag.py:3089} INFO - Sync 1 DAGs
[2026-04-27T20:22:52.167+0000] {logging_mixin.py:188} INFO - [2026-04-27T20:22:52.167+0000] {dag.py:3947} INFO - Setting next_dagrun for flights_ops_medallion_pipe to 2026-04-27 20:00:00+00:00, run_after=2026-04-27 20:30:00+00:00
[2026-04-27T20:22:52.222+0000] {processor.py:183} INFO - Processing /opt/airflow/dags/flight-pipeline.py took 1.952 seconds
[2026-04-27T20:23:22.513+0000] {processor.py:161} INFO - Started process (PID=2800) to work on /opt/airflow/dags/flight-pipeline.py
[2026-04-27T20:23:22.519+0000] {processor.py:830} INFO - Processing file /opt/airflow/dags/flight-pipeline.py for tasks to queue
[2026-04-27T20:23:22.529+0000] {logging_mixin.py:188} INFO - [2026-04-27T20:23:22.528+0000] {dagbag.py:545} INFO - Filling up the DagBag from /opt/airflow/dags/flight-pipeline.py
[2026-04-27T20:23:23.674+0000] {processor.py:840} INFO - DAG(s) 'flights_ops_medallion_pipe' retrieved from /opt/airflow/dags/flight-pipeline.py
[2026-04-27T20:23:23.725+0000] {logging_mixin.py:188} INFO - [2026-04-27T20:23:23.724+0000] {dag.py:3089} INFO - Sync 1 DAGs
[2026-04-27T20:23:23.758+0000] {logging_mixin.py:188} INFO - [2026-04-27T20:23:23.757+0000] {dag.py:3947} INFO - Setting next_dagrun for flights_ops_medallion_pipe to 2026-04-27 20:00:00+00:00, run_after=2026-04-27 20:30:00+00:00
[2026-04-27T20:23:23.787+0000] {processor.py:183} INFO - Processing /opt/airflow/dags/flight-pipeline.py took 1.282 seconds
[2026-04-27T20:23:53.908+0000] {processor.py:161} INFO - Started process (PID=2803) to work on /opt/airflow/dags/flight-pipeline.py
[2026-04-27T20:23:53.915+0000] {processor.py:830} INFO - Processing file /opt/airflow/dags/flight-pipeline.py for tasks to queue
[2026-04-27T20:23:53.929+0000] {logging_mixin.py:188} INFO - [2026-04-27T20:23:53.928+0000] {dagbag.py:545} INFO - Filling up the DagBag from /opt/airflow/dags/flight-pipeline.py
[2026-04-27T20:23:55.291+0000] {processor.py:840} INFO - DAG(s) 'flights_ops_medallion_pipe' retrieved from /opt/airflow/dags/flight-pipeline.py
[2026-04-27T20:23:55.406+0000] {logging_mixin.py:188} INFO - [2026-04-27T20:23:55.405+0000] {dag.py:3089} INFO - Sync 1 DAGs
[2026-04-27T20:23:55.485+0000] {logging_mixin.py:188} INFO - [2026-04-27T20:23:55.484+0000] {dag.py:3947} INFO - Setting next_dagrun for flights_ops_medallion_pipe to 2026-04-27 20:00:00+00:00, run_after=2026-04-27 20:30:00+00:00
[2026-04-27T20:23:55.555+0000] {processor.py:183} INFO - Processing /opt/airflow/dags/flight-pipeline.py took 1.654 seconds
[2026-04-27T20:24:25.839+0000] {processor.py:161} INFO - Started process (PID=2806) to work on /opt/airflow/dags/flight-pipeline.py
[2026-04-27T20:24:25.842+0000] {processor.py:830} INFO - Processing file /opt/airflow/dags/flight-pipeline.py for tasks to queue
[2026-04-27T20:24:25.868+0000] {logging_mixin.py:188} INFO - [2026-04-27T20:24:25.863+0000] {dagbag.py:545} INFO - Filling up the DagBag from /opt/airflow/dags/flight-pipeline.py
[2026-04-27T20:24:26.778+0000] {processor.py:840} INFO - DAG(s) 'flights_ops_medallion_pipe' retrieved from /opt/airflow/dags/flight-pipeline.py
[2026-04-27T20:24:26.819+0000] {logging_mixin.py:188} INFO - [2026-04-27T20:24:26.818+0000] {dag.py:3089} INFO - Sync 1 DAGs
[2026-04-27T20:24:26.843+0000] {logging_mixin.py:188} INFO - [2026-04-27T20:24:26.842+0000] {dag.py:3947} INFO - Setting next_dagrun for flights_ops_medallion_pipe to 2026-04-27 20:00:00+00:00, run_after=2026-04-27 20:30:00+00:00
[2026-04-27T20:24:26.865+0000] {processor.py:183} INFO - Processing /opt/airflow/dags/flight-pipeline.py took 1.034 seconds
[2026-04-27T20:24:57.120+0000] {processor.py:161} INFO - Started process (PID=2809) to work on /opt/airflow/dags/flight-pipeline.py
[2026-04-27T20:24:57.123+0000] {processor.py:830} INFO - Processing file /opt/airflow/dags/flight-pipeline.py for tasks to queue
[2026-04-27T20:24:57.126+0000] {logging_mixin.py:188} INFO - [2026-04-27T20:24:57.125+0000] {dagbag.py:545} INFO - Filling up the DagBag from /opt/airflow/dags/flight-pipeline.py
[2026-04-27T20:24:58.036+0000] {processor.py:840} INFO - DAG(s) 'flights_ops_medallion_pipe' retrieved from /opt/airflow/dags/flight-pipeline.py
[2026-04-27T20:24:58.076+0000] {logging_mixin.py:188} INFO - [2026-04-27T20:24:58.075+0000] {dag.py:3089} INFO - Sync 1 DAGs
[2026-04-27T20:24:58.100+0000] {logging_mixin.py:188} INFO - [2026-04-27T20:24:58.100+0000] {dag.py:3947} INFO - Setting next_dagrun for flights_ops_medallion_pipe to 2026-04-27 20:00:00+00:00, run_after=2026-04-27 20:30:00+00:00
[2026-04-27T20:24:58.120+0000] {processor.py:183} INFO - Processing /opt/airflow/dags/flight-pipeline.py took 1.010 seconds
[2026-04-27T20:25:28.404+0000] {processor.py:161} INFO - Started process (PID=2812) to work on /opt/airflow/dags/flight-pipeline.py
[2026-04-27T20:25:28.409+0000] {processor.py:830} INFO - Processing file /opt/airflow/dags/flight-pipeline.py for tasks to queue
[2026-04-27T20:25:28.412+0000] {logging_mixin.py:188} INFO - [2026-04-27T20:25:28.412+0000] {dagbag.py:545} INFO - Filling up the DagBag from /opt/airflow/dags/flight-pipeline.py
[2026-04-27T20:25:29.388+0000] {processor.py:840} INFO - DAG(s) 'flights_ops_medallion_pipe' retrieved from /opt/airflow/dags/flight-pipeline.py
[2026-04-27T20:25:29.424+0000] {logging_mixin.py:188} INFO - [2026-04-27T20:25:29.424+0000] {dag.py:3089} INFO - Sync 1 DAGs
[2026-04-27T20:25:29.445+0000] {logging_mixin.py:188} INFO - [2026-04-27T20:25:29.445+0000] {dag.py:3947} INFO - Setting next_dagrun for flights_ops_medallion_pipe to 2026-04-27 20:00:00+00:00, run_after=2026-04-27 20:30:00+00:00
[2026-04-27T20:25:29.466+0000] {processor.py:183} INFO - Processing /opt/airflow/dags/flight-pipeline.py took 1.073 seconds
[2026-04-27T20:25:59.684+0000] {processor.py:161} INFO - Started process (PID=2815) to work on /opt/airflow/dags/flight-pipeline.py
[2026-04-27T20:25:59.687+0000] {processor.py:830} INFO - Processing file /opt/airflow/dags/flight-pipeline.py for tasks to queue
[2026-04-27T20:25:59.689+0000] {logging_mixin.py:188} INFO - [2026-04-27T20:25:59.688+0000] {dagbag.py:545} INFO - Filling up the DagBag from /opt/airflow/dags/flight-pipeline.py
[2026-04-27T20:26:00.561+0000] {processor.py:840} INFO - DAG(s) 'flights_ops_medallion_pipe' retrieved from /opt/airflow/dags/flight-pipeline.py
[2026-04-27T20:26:00.594+0000] {logging_mixin.py:188} INFO - [2026-04-27T20:26:00.593+0000] {dag.py:3089} INFO - Sync 1 DAGs
[2026-04-27T20:26:00.615+0000] {logging_mixin.py:188} INFO - [2026-04-27T20:26:00.615+0000] {dag.py:3947} INFO - Setting next_dagrun for flights_ops_medallion_pipe to 2026-04-27 20:00:00+00:00, run_after=2026-04-27 20:30:00+00:00
[2026-04-27T20:26:00.635+0000] {processor.py:183} INFO - Processing /opt/airflow/dags/flight-pipeline.py took 0.960 seconds
[2026-04-27T20:26:31.138+0000] {processor.py:161} INFO - Started process (PID=2818) to work on /opt/airflow/dags/flight-pipeline.py
[2026-04-27T20:26:31.141+0000] {processor.py:830} INFO - Processing file /opt/airflow/dags/flight-pipeline.py for tasks to queue
[2026-04-27T20:26:31.143+0000] {logging_mixin.py:188} INFO - [2026-04-27T20:26:31.143+0000] {dagbag.py:545} INFO - Filling up the DagBag from /opt/airflow/dags/flight-pipeline.py
[2026-04-27T20:26:32.059+0000] {processor.py:840} INFO - DAG(s) 'flights_ops_medallion_pipe' retrieved from /opt/airflow/dags/flight-pipeline.py
[2026-04-27T20:26:32.095+0000] {logging_mixin.py:188} INFO - [2026-04-27T20:26:32.094+0000] {dag.py:3089} INFO - Sync 1 DAGs
[2026-04-27T20:26:32.120+0000] {logging_mixin.py:188} INFO - [2026-04-27T20:26:32.119+0000] {dag.py:3947} INFO - Setting next_dagrun for flights_ops_medallion_pipe to 2026-04-27 20:00:00+00:00, run_after=2026-04-27 20:30:00+00:00
[2026-04-27T20:26:32.141+0000] {processor.py:183} INFO - Processing /opt/airflow/dags/flight-pipeline.py took 1.012 seconds
[2026-04-27T20:27:02.433+0000] {processor.py:161} INFO - Started process (PID=2821) to work on /opt/airflow/dags/flight-pipeline.py
[2026-04-27T20:27:02.442+0000] {processor.py:830} INFO - Processing file /opt/airflow/dags/flight-pipeline.py for tasks to queue
[2026-04-27T20:27:02.444+0000] {logging_mixin.py:188} INFO - [2026-04-27T20:27:02.444+0000] {dagbag.py:545} INFO - Filling up the DagBag from /opt/airflow/dags/flight-pipeline.py
[2026-04-27T20:27:03.330+0000] {processor.py:840} INFO - DAG(s) 'flights_ops_medallion_pipe' retrieved from /opt/airflow/dags/flight-pipeline.py
[2026-04-27T20:27:03.364+0000] {logging_mixin.py:188} INFO - [2026-04-27T20:27:03.361+0000] {dag.py:3089} INFO - Sync 1 DAGs
[2026-04-27T20:27:03.385+0000] {logging_mixin.py:188} INFO - [2026-04-27T20:27:03.385+0000] {dag.py:3947} INFO - Setting next_dagrun for flights_ops_medallion_pipe to 2026-04-27 20:00:00+00:00, run_after=2026-04-27 20:30:00+00:00
[2026-04-27T20:27:03.405+0000] {processor.py:183} INFO - Processing /opt/airflow/dags/flight-pipeline.py took 1.030 seconds
[2026-04-27T20:27:33.791+0000] {processor.py:161} INFO - Started process (PID=2824) to work on /opt/airflow/dags/flight-pipeline.py
[2026-04-27T20:27:33.811+0000] {processor.py:830} INFO - Processing file /opt/airflow/dags/flight-pipeline.py for tasks to queue
[2026-04-27T20:27:33.821+0000] {logging_mixin.py:188} INFO - [2026-04-27T20:27:33.819+0000] {dagbag.py:545} INFO - Filling up the DagBag from /opt/airflow/dags/flight-pipeline.py
[2026-04-27T20:27:35.041+0000] {processor.py:840} INFO - DAG(s) 'flights_ops_medallion_pipe' retrieved from /opt/airflow/dags/flight-pipeline.py
[2026-04-27T20:27:35.086+0000] {logging_mixin.py:188} INFO - [2026-04-27T20:27:35.085+0000] {dag.py:3089} INFO - Sync 1 DAGs
[2026-04-27T20:27:35.107+0000] {logging_mixin.py:188} INFO - [2026-04-27T20:27:35.107+0000] {dag.py:3947} INFO - Setting next_dagrun for flights_ops_medallion_pipe to 2026-04-27 20:00:00+00:00, run_after=2026-04-27 20:30:00+00:00
[2026-04-27T20:27:35.129+0000] {processor.py:183} INFO - Processing /opt/airflow/dags/flight-pipeline.py took 1.361 seconds
[2026-04-27T20:28:05.419+0000] {processor.py:161} INFO - Started process (PID=2827) to work on /opt/airflow/dags/flight-pipeline.py
[2026-04-27T20:28:05.423+0000] {processor.py:830} INFO - Processing file /opt/airflow/dags/flight-pipeline.py for tasks to queue
[2026-04-27T20:28:05.426+0000] {logging_mixin.py:188} INFO - [2026-04-27T20:28:05.425+0000] {dagbag.py:545} INFO - Filling up the DagBag from /opt/airflow/dags/flight-pipeline.py
[2026-04-27T20:28:06.439+0000] {processor.py:840} INFO - DAG(s) 'flights_ops_medallion_pipe' retrieved from /opt/airflow/dags/flight-pipeline.py
[2026-04-27T20:28:06.473+0000] {logging_mixin.py:188} INFO - [2026-04-27T20:28:06.473+0000] {dag.py:3089} INFO - Sync 1 DAGs
[2026-04-27T20:28:06.494+0000] {logging_mixin.py:188} INFO - [2026-04-27T20:28:06.494+0000] {dag.py:3947} INFO - Setting next_dagrun for flights_ops_medallion_pipe to 2026-04-27 20:00:00+00:00, run_after=2026-04-27 20:30:00+00:00
[2026-04-27T20:28:06.514+0000] {processor.py:183} INFO - Processing /opt/airflow/dags/flight-pipeline.py took 1.104 seconds
[2026-04-27T20:28:36.660+0000] {processor.py:161} INFO - Started process (PID=2830) to work on /opt/airflow/dags/flight-pipeline.py
[2026-04-27T20:28:36.665+0000] {processor.py:830} INFO - Processing file /opt/airflow/dags/flight-pipeline.py for tasks to queue
[2026-04-27T20:28:36.668+0000] {logging_mixin.py:188} INFO - [2026-04-27T20:28:36.667+0000] {dagbag.py:545} INFO - Filling up the DagBag from /opt/airflow/dags/flight-pipeline.py
[2026-04-27T20:28:37.689+0000] {processor.py:840} INFO - DAG(s) 'flights_ops_medallion_pipe' retrieved from /opt/airflow/dags/flight-pipeline.py
[2026-04-27T20:28:37.792+0000] {logging_mixin.py:188} INFO - [2026-04-27T20:28:37.791+0000] {dag.py:3089} INFO - Sync 1 DAGs
[2026-04-27T20:28:37.832+0000] {logging_mixin.py:188} INFO - [2026-04-27T20:28:37.831+0000] {dag.py:3947} INFO - Setting next_dagrun for flights_ops_medallion_pipe to 2026-04-27 20:00:00+00:00, run_after=2026-04-27 20:30:00+00:00
[2026-04-27T20:28:37.928+0000] {processor.py:183} INFO - Processing /opt/airflow/dags/flight-pipeline.py took 1.274 seconds
[2026-04-27T20:29:08.124+0000] {processor.py:161} INFO - Started process (PID=2833) to work on /opt/airflow/dags/flight-pipeline.py
[2026-04-27T20:29:08.130+0000] {processor.py:830} INFO - Processing file /opt/airflow/dags/flight-pipeline.py for tasks to queue
[2026-04-27T20:29:08.135+0000] {logging_mixin.py:188} INFO - [2026-04-27T20:29:08.134+0000] {dagbag.py:545} INFO - Filling up the DagBag from /opt/airflow/dags/flight-pipeline.py
[2026-04-27T20:29:09.138+0000] {processor.py:840} INFO - DAG(s) 'flights_ops_medallion_pipe' retrieved from /opt/airflow/dags/flight-pipeline.py
[2026-04-27T20:29:09.173+0000] {logging_mixin.py:188} INFO - [2026-04-27T20:29:09.172+0000] {dag.py:3089} INFO - Sync 1 DAGs
[2026-04-27T20:29:09.198+0000] {logging_mixin.py:188} INFO - [2026-04-27T20:29:09.198+0000] {dag.py:3947} INFO - Setting next_dagrun for flights_ops_medallion_pipe to 2026-04-27 20:00:00+00:00, run_after=2026-04-27 20:30:00+00:00
[2026-04-27T20:29:09.221+0000] {processor.py:183} INFO - Processing /opt/airflow/dags/flight-pipeline.py took 1.105 seconds
[2026-04-27T20:29:39.493+0000] {processor.py:161} INFO - Started process (PID=2836) to work on /opt/airflow/dags/flight-pipeline.py
[2026-04-27T20:29:39.504+0000] {processor.py:830} INFO - Processing file /opt/airflow/dags/flight-pipeline.py for tasks to queue
[2026-04-27T20:29:39.506+0000] {logging_mixin.py:188} INFO - [2026-04-27T20:29:39.506+0000] {dagbag.py:545} INFO - Filling up the DagBag from /opt/airflow/dags/flight-pipeline.py
[2026-04-27T20:29:41.151+0000] {processor.py:840} INFO - DAG(s) 'flights_ops_medallion_pipe' retrieved from /opt/airflow/dags/flight-pipeline.py
[2026-04-27T20:29:41.212+0000] {logging_mixin.py:188} INFO - [2026-04-27T20:29:41.212+0000] {dag.py:3089} INFO - Sync 1 DAGs
[2026-04-27T20:29:41.243+0000] {logging_mixin.py:188} INFO - [2026-04-27T20:29:41.243+0000] {dag.py:3947} INFO - Setting next_dagrun for flights_ops_medallion_pipe to 2026-04-27 20:00:00+00:00, run_after=2026-04-27 20:30:00+00:00
[2026-04-27T20:29:41.304+0000] {processor.py:183} INFO - Processing /opt/airflow/dags/flight-pipeline.py took 1.819 seconds
[2026-04-27T20:30:11.592+0000] {processor.py:161} INFO - Started process (PID=2851) to work on /opt/airflow/dags/flight-pipeline.py
[2026-04-27T20:30:11.595+0000] {processor.py:830} INFO - Processing file /opt/airflow/dags/flight-pipeline.py for tasks to queue
[2026-04-27T20:30:11.599+0000] {logging_mixin.py:188} INFO - [2026-04-27T20:30:11.598+0000] {dagbag.py:545} INFO - Filling up the DagBag from /opt/airflow/dags/flight-pipeline.py
[2026-04-27T20:30:12.742+0000] {processor.py:840} INFO - DAG(s) 'flights_ops_medallion_pipe' retrieved from /opt/airflow/dags/flight-pipeline.py
[2026-04-27T20:30:12.789+0000] {logging_mixin.py:188} INFO - [2026-04-27T20:30:12.788+0000] {dag.py:3089} INFO - Sync 1 DAGs
[2026-04-27T20:30:12.818+0000] {logging_mixin.py:188} INFO - [2026-04-27T20:30:12.818+0000] {dag.py:3947} INFO - Setting next_dagrun for flights_ops_medallion_pipe to 2026-04-27 20:30:00+00:00, run_after=2026-04-27 21:00:00+00:00
[2026-04-27T20:30:12.845+0000] {processor.py:183} INFO - Processing /opt/airflow/dags/flight-pipeline.py took 1.263 seconds
[2026-04-27T20:30:42.941+0000] {processor.py:161} INFO - Started process (PID=2886) to work on /opt/airflow/dags/flight-pipeline.py
[2026-04-27T20:30:42.944+0000] {processor.py:830} INFO - Processing file /opt/airflow/dags/flight-pipeline.py for tasks to queue
[2026-04-27T20:30:42.949+0000] {logging_mixin.py:188} INFO - [2026-04-27T20:30:42.947+0000] {dagbag.py:545} INFO - Filling up the DagBag from /opt/airflow/dags/flight-pipeline.py
[2026-04-27T20:30:45.023+0000] {processor.py:840} INFO - DAG(s) 'flights_ops_medallion_pipe' retrieved from /opt/airflow/dags/flight-pipeline.py
[2026-04-27T20:30:45.057+0000] {logging_mixin.py:188} INFO - [2026-04-27T20:30:45.056+0000] {dag.py:3089} INFO - Sync 1 DAGs
[2026-04-27T20:30:45.086+0000] {logging_mixin.py:188} INFO - [2026-04-27T20:30:45.086+0000] {dag.py:3947} INFO - Setting next_dagrun for flights_ops_medallion_pipe to 2026-04-27 20:30:00+00:00, run_after=2026-04-27 21:00:00+00:00
[2026-04-27T20:30:45.118+0000] {processor.py:183} INFO - Processing /opt/airflow/dags/flight-pipeline.py took 2.206 seconds
[2026-04-27T20:31:15.255+0000] {processor.py:161} INFO - Started process (PID=2889) to work on /opt/airflow/dags/flight-pipeline.py
[2026-04-27T20:31:15.257+0000] {processor.py:830} INFO - Processing file /opt/airflow/dags/flight-pipeline.py for tasks to queue
[2026-04-27T20:31:15.263+0000] {logging_mixin.py:188} INFO - [2026-04-27T20:31:15.262+0000] {dagbag.py:545} INFO - Filling up the DagBag from /opt/airflow/dags/flight-pipeline.py
[2026-04-27T20:31:16.326+0000] {processor.py:840} INFO - DAG(s) 'flights_ops_medallion_pipe' retrieved from /opt/airflow/dags/flight-pipeline.py
[2026-04-27T20:31:16.361+0000] {logging_mixin.py:188} INFO - [2026-04-27T20:31:16.361+0000] {dag.py:3089} INFO - Sync 1 DAGs
[2026-04-27T20:31:16.383+0000] {logging_mixin.py:188} INFO - [2026-04-27T20:31:16.383+0000] {dag.py:3947} INFO - Setting next_dagrun for flights_ops_medallion_pipe to 2026-04-27 20:30:00+00:00, run_after=2026-04-27 21:00:00+00:00
[2026-04-27T20:31:16.403+0000] {processor.py:183} INFO - Processing /opt/airflow/dags/flight-pipeline.py took 1.156 seconds
[2026-04-27T20:31:46.609+0000] {processor.py:161} INFO - Started process (PID=2892) to work on /opt/airflow/dags/flight-pipeline.py
[2026-04-27T20:31:46.614+0000] {processor.py:830} INFO - Processing file /opt/airflow/dags/flight-pipeline.py for tasks to queue
[2026-04-27T20:31:46.616+0000] {logging_mixin.py:188} INFO - [2026-04-27T20:31:46.616+0000] {dagbag.py:545} INFO - Filling up the DagBag from /opt/airflow/dags/flight-pipeline.py
[2026-04-27T20:31:47.544+0000] {processor.py:840} INFO - DAG(s) 'flights_ops_medallion_pipe' retrieved from /opt/airflow/dags/flight-pipeline.py
[2026-04-27T20:31:47.576+0000] {logging_mixin.py:188} INFO - [2026-04-27T20:31:47.575+0000] {dag.py:3089} INFO - Sync 1 DAGs
[2026-04-27T20:31:47.601+0000] {logging_mixin.py:188} INFO - [2026-04-27T20:31:47.600+0000] {dag.py:3947} INFO - Setting next_dagrun for flights_ops_medallion_pipe to 2026-04-27 20:30:00+00:00, run_after=2026-04-27 21:00:00+00:00
[2026-04-27T20:31:47.623+0000] {processor.py:183} INFO - Processing /opt/airflow/dags/flight-pipeline.py took 1.024 seconds
[2026-04-27T20:32:17.891+0000] {processor.py:161} INFO - Started process (PID=2895) to work on /opt/airflow/dags/flight-pipeline.py
[2026-04-27T20:32:17.895+0000] {processor.py:830} INFO - Processing file /opt/airflow/dags/flight-pipeline.py for tasks to queue
[2026-04-27T20:32:17.898+0000] {logging_mixin.py:188} INFO - [2026-04-27T20:32:17.897+0000] {dagbag.py:545} INFO - Filling up the DagBag from /opt/airflow/dags/flight-pipeline.py
[2026-04-27T20:32:18.791+0000] {processor.py:840} INFO - DAG(s) 'flights_ops_medallion_pipe' retrieved from /opt/airflow/dags/flight-pipeline.py
[2026-04-27T20:32:18.825+0000] {logging_mixin.py:188} INFO - [2026-04-27T20:32:18.825+0000] {dag.py:3089} INFO - Sync 1 DAGs
[2026-04-27T20:32:18.848+0000] {logging_mixin.py:188} INFO - [2026-04-27T20:32:18.848+0000] {dag.py:3947} INFO - Setting next_dagrun for flights_ops_medallion_pipe to 2026-04-27 20:30:00+00:00, run_after=2026-04-27 21:00:00+00:00
[2026-04-27T20:32:18.869+0000] {processor.py:183} INFO - Processing /opt/airflow/dags/flight-pipeline.py took 0.986 seconds
[2026-04-27T20:32:49.138+0000] {processor.py:161} INFO - Started process (PID=2898) to work on /opt/airflow/dags/flight-pipeline.py
[2026-04-27T20:32:49.142+0000] {processor.py:830} INFO - Processing file /opt/airflow/dags/flight-pipeline.py for tasks to queue
[2026-04-27T20:32:49.145+0000] {logging_mixin.py:188} INFO - [2026-04-27T20:32:49.145+0000] {dagbag.py:545} INFO - Filling up the DagBag from /opt/airflow/dags/flight-pipeline.py
[2026-04-27T20:32:50.053+0000] {processor.py:840} INFO - DAG(s) 'flights_ops_medallion_pipe' retrieved from /opt/airflow/dags/flight-pipeline.py
[2026-04-27T20:32:50.087+0000] {logging_mixin.py:188} INFO - [2026-04-27T20:32:50.086+0000] {dag.py:3089} INFO - Sync 1 DAGs
[2026-04-27T20:32:50.112+0000] {logging_mixin.py:188} INFO - [2026-04-27T20:32:50.112+0000] {dag.py:3947} INFO - Setting next_dagrun for flights_ops_medallion_pipe to 2026-04-27 20:30:00+00:00, run_after=2026-04-27 21:00:00+00:00
[2026-04-27T20:32:50.134+0000] {processor.py:183} INFO - Processing /opt/airflow/dags/flight-pipeline.py took 1.004 seconds
[2026-04-27T20:33:20.409+0000] {processor.py:161} INFO - Started process (PID=2901) to work on /opt/airflow/dags/flight-pipeline.py
[2026-04-27T20:33:20.413+0000] {processor.py:830} INFO - Processing file /opt/airflow/dags/flight-pipeline.py for tasks to queue
[2026-04-27T20:33:20.416+0000] {logging_mixin.py:188} INFO - [2026-04-27T20:33:20.415+0000] {dagbag.py:545} INFO - Filling up the DagBag from /opt/airflow/dags/flight-pipeline.py
[2026-04-27T20:33:21.268+0000] {processor.py:840} INFO - DAG(s) 'flights_ops_medallion_pipe' retrieved from /opt/airflow/dags/flight-pipeline.py
[2026-04-27T20:33:21.302+0000] {logging_mixin.py:188} INFO - [2026-04-27T20:33:21.302+0000] {dag.py:3089} INFO - Sync 1 DAGs
[2026-04-27T20:33:21.323+0000] {logging_mixin.py:188} INFO - [2026-04-27T20:33:21.322+0000] {dag.py:3947} INFO - Setting next_dagrun for flights_ops_medallion_pipe to 2026-04-27 20:30:00+00:00, run_after=2026-04-27 21:00:00+00:00
[2026-04-27T20:33:21.344+0000] {processor.py:183} INFO - Processing /opt/airflow/dags/flight-pipeline.py took 0.943 seconds
[2026-04-27T20:33:51.592+0000] {processor.py:161} INFO - Started process (PID=2904) to work on /opt/airflow/dags/flight-pipeline.py
[2026-04-27T20:33:51.595+0000] {processor.py:830} INFO - Processing file /opt/airflow/dags/flight-pipeline.py for tasks to queue
[2026-04-27T20:33:51.597+0000] {logging_mixin.py:188} INFO - [2026-04-27T20:33:51.597+0000] {dagbag.py:545} INFO - Filling up the DagBag from /opt/airflow/dags/flight-pipeline.py
[2026-04-27T20:33:52.470+0000] {processor.py:840} INFO - DAG(s) 'flights_ops_medallion_pipe' retrieved from /opt/airflow/dags/flight-pipeline.py
[2026-04-27T20:33:52.501+0000] {logging_mixin.py:188} INFO - [2026-04-27T20:33:52.501+0000] {dag.py:3089} INFO - Sync 1 DAGs
[2026-04-27T20:33:52.528+0000] {logging_mixin.py:188} INFO - [2026-04-27T20:33:52.527+0000] {dag.py:3947} INFO - Setting next_dagrun for flights_ops_medallion_pipe to 2026-04-27 20:30:00+00:00, run_after=2026-04-27 21:00:00+00:00
[2026-04-27T20:33:52.551+0000] {processor.py:183} INFO - Processing /opt/airflow/dags/flight-pipeline.py took 0.967 seconds
[2026-04-27T20:34:22.793+0000] {processor.py:161} INFO - Started process (PID=2907) to work on /opt/airflow/dags/flight-pipeline.py
[2026-04-27T20:34:22.796+0000] {processor.py:830} INFO - Processing file /opt/airflow/dags/flight-pipeline.py for tasks to queue
[2026-04-27T20:34:22.798+0000] {logging_mixin.py:188} INFO - [2026-04-27T20:34:22.798+0000] {dagbag.py:545} INFO - Filling up the DagBag from /opt/airflow/dags/flight-pipeline.py
[2026-04-27T20:34:23.653+0000] {processor.py:840} INFO - DAG(s) 'flights_ops_medallion_pipe' retrieved from /opt/airflow/dags/flight-pipeline.py
[2026-04-27T20:34:23.684+0000] {logging_mixin.py:188} INFO - [2026-04-27T20:34:23.683+0000] {dag.py:3089} INFO - Sync 1 DAGs
[2026-04-27T20:34:23.705+0000] {logging_mixin.py:188} INFO - [2026-04-27T20:34:23.704+0000] {dag.py:3947} INFO - Setting next_dagrun for flights_ops_medallion_pipe to 2026-04-27 20:30:00+00:00, run_after=2026-04-27 21:00:00+00:00
[2026-04-27T20:34:23.726+0000] {processor.py:183} INFO - Processing /opt/airflow/dags/flight-pipeline.py took 0.941 seconds
[2026-04-27T20:34:54.013+0000] {processor.py:161} INFO - Started process (PID=2910) to work on /opt/airflow/dags/flight-pipeline.py
[2026-04-27T20:34:54.015+0000] {processor.py:830} INFO - Processing file /opt/airflow/dags/flight-pipeline.py for tasks to queue
[2026-04-27T20:34:54.018+0000] {logging_mixin.py:188} INFO - [2026-04-27T20:34:54.017+0000] {dagbag.py:545} INFO - Filling up the DagBag from /opt/airflow/dags/flight-pipeline.py
[2026-04-27T20:34:54.913+0000] {processor.py:840} INFO - DAG(s) 'flights_ops_medallion_pipe' retrieved from /opt/airflow/dags/flight-pipeline.py
[2026-04-27T20:34:54.944+0000] {logging_mixin.py:188} INFO - [2026-04-27T20:34:54.944+0000] {dag.py:3089} INFO - Sync 1 DAGs
[2026-04-27T20:34:54.967+0000] {logging_mixin.py:188} INFO - [2026-04-27T20:34:54.967+0000] {dag.py:3947} INFO - Setting next_dagrun for flights_ops_medallion_pipe to 2026-04-27 20:30:00+00:00, run_after=2026-04-27 21:00:00+00:00
[2026-04-27T20:34:54.993+0000] {processor.py:183} INFO - Processing /opt/airflow/dags/flight-pipeline.py took 0.989 seconds
[2026-04-27T20:35:25.274+0000] {processor.py:161} INFO - Started process (PID=2913) to work on /opt/airflow/dags/flight-pipeline.py
[2026-04-27T20:35:25.277+0000] {processor.py:830} INFO - Processing file /opt/airflow/dags/flight-pipeline.py for tasks to queue
[2026-04-27T20:35:25.279+0000] {logging_mixin.py:188} INFO - [2026-04-27T20:35:25.279+0000] {dagbag.py:545} INFO - Filling up the DagBag from /opt/airflow/dags/flight-pipeline.py
[2026-04-27T20:35:26.131+0000] {processor.py:840} INFO - DAG(s) 'flights_ops_medallion_pipe' retrieved from /opt/airflow/dags/flight-pipeline.py
[2026-04-27T20:35:26.164+0000] {logging_mixin.py:188} INFO - [2026-04-27T20:35:26.163+0000] {dag.py:3089} INFO - Sync 1 DAGs
[2026-04-27T20:35:26.186+0000] {logging_mixin.py:188} INFO - [2026-04-27T20:35:26.186+0000] {dag.py:3947} INFO - Setting next_dagrun for flights_ops_medallion_pipe to 2026-04-27 20:30:00+00:00, run_after=2026-04-27 21:00:00+00:00
[2026-04-27T20:35:26.209+0000] {processor.py:183} INFO - Processing /opt/airflow/dags/flight-pipeline.py took 0.944 seconds
[2026-04-27T20:35:56.467+0000] {processor.py:161} INFO - Started process (PID=2916) to work on /opt/airflow/dags/flight-pipeline.py
[2026-04-27T20:35:56.470+0000] {processor.py:830} INFO - Processing file /opt/airflow/dags/flight-pipeline.py for tasks to queue
[2026-04-27T20:35:56.473+0000] {logging_mixin.py:188} INFO - [2026-04-27T20:35:56.472+0000] {dagbag.py:545} INFO - Filling up the DagBag from /opt/airflow/dags/flight-pipeline.py
[2026-04-27T20:35:57.356+0000] {processor.py:840} INFO - DAG(s) 'flights_ops_medallion_pipe' retrieved from /opt/airflow/dags/flight-pipeline.py
[2026-04-27T20:35:57.446+0000] {logging_mixin.py:188} INFO - [2026-04-27T20:35:57.392+0000] {dag.py:3089} INFO - Sync 1 DAGs
[2026-04-27T20:35:57.483+0000] {logging_mixin.py:188} INFO - [2026-04-27T20:35:57.483+0000] {dag.py:3947} INFO - Setting next_dagrun for flights_ops_medallion_pipe to 2026-04-27 20:30:00+00:00, run_after=2026-04-27 21:00:00+00:00
[2026-04-27T20:35:57.507+0000] {processor.py:183} INFO - Processing /opt/airflow/dags/flight-pipeline.py took 1.048 seconds
[2026-04-27T20:36:27.729+0000] {processor.py:161} INFO - Started process (PID=2919) to work on /opt/airflow/dags/flight-pipeline.py
[2026-04-27T20:36:27.732+0000] {processor.py:830} INFO - Processing file /opt/airflow/dags/flight-pipeline.py for tasks to queue
[2026-04-27T20:36:27.734+0000] {logging_mixin.py:188} INFO - [2026-04-27T20:36:27.733+0000] {dagbag.py:545} INFO - Filling up the DagBag from /opt/airflow/dags/flight-pipeline.py
[2026-04-27T20:36:28.630+0000] {processor.py:840} INFO - DAG(s) 'flights_ops_medallion_pipe' retrieved from /opt/airflow/dags/flight-pipeline.py
[2026-04-27T20:36:28.665+0000] {logging_mixin.py:188} INFO - [2026-04-27T20:36:28.664+0000] {dag.py:3089} INFO - Sync 1 DAGs
[2026-04-27T20:36:28.687+0000] {logging_mixin.py:188} INFO - [2026-04-27T20:36:28.687+0000] {dag.py:3947} INFO - Setting next_dagrun for flights_ops_medallion_pipe to 2026-04-27 20:30:00+00:00, run_after=2026-04-27 21:00:00+00:00
[2026-04-27T20:36:28.708+0000] {processor.py:183} INFO - Processing /opt/airflow/dags/flight-pipeline.py took 0.986 seconds
[2026-04-27T20:36:58.978+0000] {processor.py:161} INFO - Started process (PID=2922) to work on /opt/airflow/dags/flight-pipeline.py
[2026-04-27T20:36:58.982+0000] {processor.py:830} INFO - Processing file /opt/airflow/dags/flight-pipeline.py for tasks to queue
[2026-04-27T20:36:58.988+0000] {logging_mixin.py:188} INFO - [2026-04-27T20:36:58.987+0000] {dagbag.py:545} INFO - Filling up the DagBag from /opt/airflow/dags/flight-pipeline.py
[2026-04-27T20:36:59.898+0000] {processor.py:840} INFO - DAG(s) 'flights_ops_medallion_pipe' retrieved from /opt/airflow/dags/flight-pipeline.py
[2026-04-27T20:36:59.932+0000] {logging_mixin.py:188} INFO - [2026-04-27T20:36:59.931+0000] {dag.py:3089} INFO - Sync 1 DAGs
[2026-04-27T20:36:59.953+0000] {logging_mixin.py:188} INFO - [2026-04-27T20:36:59.953+0000] {dag.py:3947} INFO - Setting next_dagrun for flights_ops_medallion_pipe to 2026-04-27 20:30:00+00:00, run_after=2026-04-27 21:00:00+00:00
[2026-04-27T20:36:59.973+0000] {processor.py:183} INFO - Processing /opt/airflow/dags/flight-pipeline.py took 1.008 seconds
[2026-04-27T20:37:30.522+0000] {processor.py:161} INFO - Started process (PID=2925) to work on /opt/airflow/dags/flight-pipeline.py
[2026-04-27T20:37:30.550+0000] {processor.py:830} INFO - Processing file /opt/airflow/dags/flight-pipeline.py for tasks to queue
[2026-04-27T20:37:30.566+0000] {logging_mixin.py:188} INFO - [2026-04-27T20:37:30.564+0000] {dagbag.py:545} INFO - Filling up the DagBag from /opt/airflow/dags/flight-pipeline.py
[2026-04-27T20:37:31.840+0000] {processor.py:840} INFO - DAG(s) 'flights_ops_medallion_pipe' retrieved from /opt/airflow/dags/flight-pipeline.py
[2026-04-27T20:37:31.892+0000] {logging_mixin.py:188} INFO - [2026-04-27T20:37:31.891+0000] {dag.py:3089} INFO - Sync 1 DAGs
[2026-04-27T20:37:31.926+0000] {logging_mixin.py:188} INFO - [2026-04-27T20:37:31.926+0000] {dag.py:3947} INFO - Setting next_dagrun for flights_ops_medallion_pipe to 2026-04-27 20:30:00+00:00, run_after=2026-04-27 21:00:00+00:00
[2026-04-27T20:37:31.948+0000] {processor.py:183} INFO - Processing /opt/airflow/dags/flight-pipeline.py took 1.451 seconds
[2026-04-27T20:38:02.190+0000] {processor.py:161} INFO - Started process (PID=2928) to work on /opt/airflow/dags/flight-pipeline.py
[2026-04-27T20:38:02.193+0000] {processor.py:830} INFO - Processing file /opt/airflow/dags/flight-pipeline.py for tasks to queue
[2026-04-27T20:38:02.198+0000] {logging_mixin.py:188} INFO - [2026-04-27T20:38:02.197+0000] {dagbag.py:545} INFO - Filling up the DagBag from /opt/airflow/dags/flight-pipeline.py
[2026-04-27T20:38:03.413+0000] {processor.py:840} INFO - DAG(s) 'flights_ops_medallion_pipe' retrieved from /opt/airflow/dags/flight-pipeline.py
[2026-04-27T20:38:03.451+0000] {logging_mixin.py:188} INFO - [2026-04-27T20:38:03.450+0000] {dag.py:3089} INFO - Sync 1 DAGs
[2026-04-27T20:38:03.478+0000] {logging_mixin.py:188} INFO - [2026-04-27T20:38:03.478+0000] {dag.py:3947} INFO - Setting next_dagrun for flights_ops_medallion_pipe to 2026-04-27 20:30:00+00:00, run_after=2026-04-27 21:00:00+00:00
[2026-04-27T20:38:03.504+0000] {processor.py:183} INFO - Processing /opt/airflow/dags/flight-pipeline.py took 1.333 seconds
[2026-04-27T20:38:33.750+0000] {processor.py:161} INFO - Started process (PID=2931) to work on /opt/airflow/dags/flight-pipeline.py
[2026-04-27T20:38:33.754+0000] {processor.py:830} INFO - Processing file /opt/airflow/dags/flight-pipeline.py for tasks to queue
[2026-04-27T20:38:33.757+0000] {logging_mixin.py:188} INFO - [2026-04-27T20:38:33.757+0000] {dagbag.py:545} INFO - Filling up the DagBag from /opt/airflow/dags/flight-pipeline.py
[2026-04-27T20:38:34.700+0000] {processor.py:840} INFO - DAG(s) 'flights_ops_medallion_pipe' retrieved from /opt/airflow/dags/flight-pipeline.py
[2026-04-27T20:38:34.739+0000] {logging_mixin.py:188} INFO - [2026-04-27T20:38:34.738+0000] {dag.py:3089} INFO - Sync 1 DAGs
[2026-04-27T20:38:34.766+0000] {logging_mixin.py:188} INFO - [2026-04-27T20:38:34.766+0000] {dag.py:3947} INFO - Setting next_dagrun for flights_ops_medallion_pipe to 2026-04-27 20:30:00+00:00, run_after=2026-04-27 21:00:00+00:00
[2026-04-27T20:38:34.789+0000] {processor.py:183} INFO - Processing /opt/airflow/dags/flight-pipeline.py took 1.048 seconds
[2026-04-27T20:39:04.986+0000] {processor.py:161} INFO - Started process (PID=2934) to work on /opt/airflow/dags/flight-pipeline.py
[2026-04-27T20:39:04.990+0000] {processor.py:830} INFO - Processing file /opt/airflow/dags/flight-pipeline.py for tasks to queue
[2026-04-27T20:39:04.999+0000] {logging_mixin.py:188} INFO - [2026-04-27T20:39:04.997+0000] {dagbag.py:545} INFO - Filling up the DagBag from /opt/airflow/dags/flight-pipeline.py
[2026-04-27T20:39:05.856+0000] {processor.py:840} INFO - DAG(s) 'flights_ops_medallion_pipe' retrieved from /opt/airflow/dags/flight-pipeline.py
[2026-04-27T20:39:05.890+0000] {logging_mixin.py:188} INFO - [2026-04-27T20:39:05.888+0000] {dag.py:3089} INFO - Sync 1 DAGs
[2026-04-27T20:39:05.909+0000] {logging_mixin.py:188} INFO - [2026-04-27T20:39:05.909+0000] {dag.py:3947} INFO - Setting next_dagrun for flights_ops_medallion_pipe to 2026-04-27 20:30:00+00:00, run_after=2026-04-27 21:00:00+00:00
[2026-04-27T20:39:05.928+0000] {processor.py:183} INFO - Processing /opt/airflow/dags/flight-pipeline.py took 0.950 seconds
[2026-04-27T20:39:36.187+0000] {processor.py:161} INFO - Started process (PID=2937) to work on /opt/airflow/dags/flight-pipeline.py
[2026-04-27T20:39:36.190+0000] {processor.py:830} INFO - Processing file /opt/airflow/dags/flight-pipeline.py for tasks to queue
[2026-04-27T20:39:36.193+0000] {logging_mixin.py:188} INFO - [2026-04-27T20:39:36.192+0000] {dagbag.py:545} INFO - Filling up the DagBag from /opt/airflow/dags/flight-pipeline.py
[2026-04-27T20:39:36.985+0000] {processor.py:840} INFO - DAG(s) 'flights_ops_medallion_pipe' retrieved from /opt/airflow/dags/flight-pipeline.py
[2026-04-27T20:39:37.017+0000] {logging_mixin.py:188} INFO - [2026-04-27T20:39:37.017+0000] {dag.py:3089} INFO - Sync 1 DAGs
[2026-04-27T20:39:37.037+0000] {logging_mixin.py:188} INFO - [2026-04-27T20:39:37.037+0000] {dag.py:3947} INFO - Setting next_dagrun for flights_ops_medallion_pipe to 2026-04-27 20:30:00+00:00, run_after=2026-04-27 21:00:00+00:00
[2026-04-27T20:39:37.055+0000] {processor.py:183} INFO - Processing /opt/airflow/dags/flight-pipeline.py took 0.876 seconds
[2026-04-27T20:40:07.364+0000] {processor.py:161} INFO - Started process (PID=2940) to work on /opt/airflow/dags/flight-pipeline.py
[2026-04-27T20:40:07.367+0000] {processor.py:830} INFO - Processing file /opt/airflow/dags/flight-pipeline.py for tasks to queue
[2026-04-27T20:40:07.370+0000] {logging_mixin.py:188} INFO - [2026-04-27T20:40:07.370+0000] {dagbag.py:545} INFO - Filling up the DagBag from /opt/airflow/dags/flight-pipeline.py
[2026-04-27T20:40:08.160+0000] {processor.py:840} INFO - DAG(s) 'flights_ops_medallion_pipe' retrieved from /opt/airflow/dags/flight-pipeline.py
[2026-04-27T20:40:08.217+0000] {logging_mixin.py:188} INFO - [2026-04-27T20:40:08.216+0000] {dag.py:3089} INFO - Sync 1 DAGs
[2026-04-27T20:40:08.243+0000] {logging_mixin.py:188} INFO - [2026-04-27T20:40:08.243+0000] {dag.py:3947} INFO - Setting next_dagrun for flights_ops_medallion_pipe to 2026-04-27 20:30:00+00:00, run_after=2026-04-27 21:00:00+00:00
[2026-04-27T20:40:08.275+0000] {processor.py:183} INFO - Processing /opt/airflow/dags/flight-pipeline.py took 0.919 seconds
[2026-04-27T20:40:38.541+0000] {processor.py:161} INFO - Started process (PID=2943) to work on /opt/airflow/dags/flight-pipeline.py
[2026-04-27T20:40:38.557+0000] {processor.py:830} INFO - Processing file /opt/airflow/dags/flight-pipeline.py for tasks to queue
[2026-04-27T20:40:38.562+0000] {logging_mixin.py:188} INFO - [2026-04-27T20:40:38.561+0000] {dagbag.py:545} INFO - Filling up the DagBag from /opt/airflow/dags/flight-pipeline.py
[2026-04-27T20:40:39.363+0000] {processor.py:840} INFO - DAG(s) 'flights_ops_medallion_pipe' retrieved from /opt/airflow/dags/flight-pipeline.py
[2026-04-27T20:40:39.395+0000] {logging_mixin.py:188} INFO - [2026-04-27T20:40:39.395+0000] {dag.py:3089} INFO - Sync 1 DAGs
[2026-04-27T20:40:39.414+0000] {logging_mixin.py:188} INFO - [2026-04-27T20:40:39.414+0000] {dag.py:3947} INFO - Setting next_dagrun for flights_ops_medallion_pipe to 2026-04-27 20:30:00+00:00, run_after=2026-04-27 21:00:00+00:00
[2026-04-27T20:40:39.432+0000] {processor.py:183} INFO - Processing /opt/airflow/dags/flight-pipeline.py took 0.902 seconds
[2026-04-27T20:41:09.681+0000] {processor.py:161} INFO - Started process (PID=2946) to work on /opt/airflow/dags/flight-pipeline.py
[2026-04-27T20:41:09.697+0000] {processor.py:830} INFO - Processing file /opt/airflow/dags/flight-pipeline.py for tasks to queue
[2026-04-27T20:41:09.701+0000] {logging_mixin.py:188} INFO - [2026-04-27T20:41:09.700+0000] {dagbag.py:545} INFO - Filling up the DagBag from /opt/airflow/dags/flight-pipeline.py
[2026-04-27T20:41:10.488+0000] {processor.py:840} INFO - DAG(s) 'flights_ops_medallion_pipe' retrieved from /opt/airflow/dags/flight-pipeline.py
[2026-04-27T20:41:10.516+0000] {logging_mixin.py:188} INFO - [2026-04-27T20:41:10.516+0000] {dag.py:3089} INFO - Sync 1 DAGs
[2026-04-27T20:41:10.537+0000] {logging_mixin.py:188} INFO - [2026-04-27T20:41:10.537+0000] {dag.py:3947} INFO - Setting next_dagrun for flights_ops_medallion_pipe to 2026-04-27 20:30:00+00:00, run_after=2026-04-27 21:00:00+00:00
[2026-04-27T20:41:10.557+0000] {processor.py:183} INFO - Processing /opt/airflow/dags/flight-pipeline.py took 0.884 seconds
[2026-04-27T22:40:40.543+0000] {processor.py:161} INFO - Started process (PID=2949) to work on /opt/airflow/dags/flight-pipeline.py
[2026-04-27T22:40:40.592+0000] {processor.py:830} INFO - Processing file /opt/airflow/dags/flight-pipeline.py for tasks to queue
[2026-04-27T22:40:40.632+0000] {logging_mixin.py:188} INFO - [2026-04-27T22:40:40.616+0000] {dagbag.py:545} INFO - Filling up the DagBag from /opt/airflow/dags/flight-pipeline.py
[2026-04-27T22:41:00.344+0000] {processor.py:840} INFO - DAG(s) 'flights_ops_medallion_pipe' retrieved from /opt/airflow/dags/flight-pipeline.py
[2026-04-27T22:41:00.911+0000] {logging_mixin.py:188} INFO - [2026-04-27T22:41:00.906+0000] {dag.py:3089} INFO - Sync 1 DAGs
[2026-04-27T22:41:01.119+0000] {logging_mixin.py:188} INFO - [2026-04-27T22:41:01.119+0000] {dag.py:3947} INFO - Setting next_dagrun for flights_ops_medallion_pipe to 2026-04-27 22:00:00+00:00, run_after=2026-04-27 22:30:00+00:00
[2026-04-27T22:41:01.205+0000] {processor.py:183} INFO - Processing /opt/airflow/dags/flight-pipeline.py took 20.772 seconds
[2026-04-27T22:41:31.981+0000] {processor.py:161} INFO - Started process (PID=2985) to work on /opt/airflow/dags/flight-pipeline.py
[2026-04-27T22:41:31.990+0000] {processor.py:830} INFO - Processing file /opt/airflow/dags/flight-pipeline.py for tasks to queue
[2026-04-27T22:41:31.997+0000] {logging_mixin.py:188} INFO - [2026-04-27T22:41:31.996+0000] {dagbag.py:545} INFO - Filling up the DagBag from /opt/airflow/dags/flight-pipeline.py
[2026-04-27T22:41:33.953+0000] {processor.py:840} INFO - DAG(s) 'flights_ops_medallion_pipe' retrieved from /opt/airflow/dags/flight-pipeline.py
[2026-04-27T22:41:33.998+0000] {logging_mixin.py:188} INFO - [2026-04-27T22:41:33.997+0000] {dag.py:3089} INFO - Sync 1 DAGs
[2026-04-27T22:41:52.612+0000] {logging_mixin.py:188} INFO - [2026-04-27T22:41:52.551+0000] {dag.py:3947} INFO - Setting next_dagrun for flights_ops_medallion_pipe to 2026-04-27 22:30:00+00:00, run_after=2026-04-27 23:00:00+00:00
[2026-04-27T22:41:52.840+0000] {processor.py:183} INFO - Processing /opt/airflow/dags/flight-pipeline.py took 11.029 seconds
[2026-04-27T22:42:23.360+0000] {processor.py:161} INFO - Started process (PID=3023) to work on /opt/airflow/dags/flight-pipeline.py
[2026-04-27T22:42:23.368+0000] {processor.py:830} INFO - Processing file /opt/airflow/dags/flight-pipeline.py for tasks to queue
[2026-04-27T22:42:23.385+0000] {logging_mixin.py:188} INFO - [2026-04-27T22:42:23.384+0000] {dagbag.py:545} INFO - Filling up the DagBag from /opt/airflow/dags/flight-pipeline.py
[2026-04-27T22:42:26.685+0000] {processor.py:840} INFO - DAG(s) 'flights_ops_medallion_pipe' retrieved from /opt/airflow/dags/flight-pipeline.py
[2026-04-27T22:42:26.776+0000] {logging_mixin.py:188} INFO - [2026-04-27T22:42:26.775+0000] {dag.py:3089} INFO - Sync 1 DAGs
[2026-04-27T22:42:26.841+0000] {logging_mixin.py:188} INFO - [2026-04-27T22:42:26.839+0000] {dag.py:3947} INFO - Setting next_dagrun for flights_ops_medallion_pipe to 2026-04-27 22:30:00+00:00, run_after=2026-04-27 23:00:00+00:00
[2026-04-27T22:42:26.881+0000] {processor.py:183} INFO - Processing /opt/airflow/dags/flight-pipeline.py took 3.566 seconds
[2026-04-27T22:42:57.099+0000] {processor.py:161} INFO - Started process (PID=3036) to work on /opt/airflow/dags/flight-pipeline.py
[2026-04-27T22:42:57.119+0000] {processor.py:830} INFO - Processing file /opt/airflow/dags/flight-pipeline.py for tasks to queue
[2026-04-27T22:42:57.123+0000] {logging_mixin.py:188} INFO - [2026-04-27T22:42:57.122+0000] {dagbag.py:545} INFO - Filling up the DagBag from /opt/airflow/dags/flight-pipeline.py
[2026-04-27T22:42:59.542+0000] {processor.py:840} INFO - DAG(s) 'flights_ops_medallion_pipe' retrieved from /opt/airflow/dags/flight-pipeline.py
[2026-04-27T22:42:59.650+0000] {logging_mixin.py:188} INFO - [2026-04-27T22:42:59.649+0000] {dag.py:3089} INFO - Sync 1 DAGs
[2026-04-27T22:42:59.815+0000] {logging_mixin.py:188} INFO - [2026-04-27T22:42:59.815+0000] {dag.py:3947} INFO - Setting next_dagrun for flights_ops_medallion_pipe to 2026-04-27 22:30:00+00:00, run_after=2026-04-27 23:00:00+00:00
[2026-04-27T22:42:59.858+0000] {processor.py:183} INFO - Processing /opt/airflow/dags/flight-pipeline.py took 2.768 seconds
[2026-04-27T22:43:30.055+0000] {processor.py:161} INFO - Started process (PID=3039) to work on /opt/airflow/dags/flight-pipeline.py
[2026-04-27T22:43:30.067+0000] {processor.py:830} INFO - Processing file /opt/airflow/dags/flight-pipeline.py for tasks to queue
[2026-04-27T22:43:30.070+0000] {logging_mixin.py:188} INFO - [2026-04-27T22:43:30.069+0000] {dagbag.py:545} INFO - Filling up the DagBag from /opt/airflow/dags/flight-pipeline.py
[2026-04-27T22:43:30.956+0000] {processor.py:840} INFO - DAG(s) 'flights_ops_medallion_pipe' retrieved from /opt/airflow/dags/flight-pipeline.py
[2026-04-27T22:43:30.987+0000] {logging_mixin.py:188} INFO - [2026-04-27T22:43:30.987+0000] {dag.py:3089} INFO - Sync 1 DAGs
[2026-04-27T22:43:31.008+0000] {logging_mixin.py:188} INFO - [2026-04-27T22:43:31.008+0000] {dag.py:3947} INFO - Setting next_dagrun for flights_ops_medallion_pipe to 2026-04-27 22:30:00+00:00, run_after=2026-04-27 23:00:00+00:00
[2026-04-27T22:43:31.030+0000] {processor.py:183} INFO - Processing /opt/airflow/dags/flight-pipeline.py took 0.984 seconds
[2026-04-27T22:44:01.217+0000] {processor.py:161} INFO - Started process (PID=3053) to work on /opt/airflow/dags/flight-pipeline.py
[2026-04-27T22:44:01.229+0000] {processor.py:830} INFO - Processing file /opt/airflow/dags/flight-pipeline.py for tasks to queue
[2026-04-27T22:44:01.232+0000] {logging_mixin.py:188} INFO - [2026-04-27T22:44:01.231+0000] {dagbag.py:545} INFO - Filling up the DagBag from /opt/airflow/dags/flight-pipeline.py
[2026-04-27T22:44:02.233+0000] {processor.py:840} INFO - DAG(s) 'flights_ops_medallion_pipe' retrieved from /opt/airflow/dags/flight-pipeline.py
[2026-04-27T22:44:02.265+0000] {logging_mixin.py:188} INFO - [2026-04-27T22:44:02.264+0000] {dag.py:3089} INFO - Sync 1 DAGs
[2026-04-27T22:44:02.290+0000] {logging_mixin.py:188} INFO - [2026-04-27T22:44:02.289+0000] {dag.py:3947} INFO - Setting next_dagrun for flights_ops_medallion_pipe to 2026-04-27 22:30:00+00:00, run_after=2026-04-27 23:00:00+00:00
[2026-04-27T22:44:02.310+0000] {processor.py:183} INFO - Processing /opt/airflow/dags/flight-pipeline.py took 1.102 seconds
[2026-04-27T22:44:32.459+0000] {processor.py:161} INFO - Started process (PID=3056) to work on /opt/airflow/dags/flight-pipeline.py
[2026-04-27T22:44:32.471+0000] {processor.py:830} INFO - Processing file /opt/airflow/dags/flight-pipeline.py for tasks to queue
[2026-04-27T22:44:32.475+0000] {logging_mixin.py:188} INFO - [2026-04-27T22:44:32.475+0000] {dagbag.py:545} INFO - Filling up the DagBag from /opt/airflow/dags/flight-pipeline.py
[2026-04-27T22:44:33.382+0000] {processor.py:840} INFO - DAG(s) 'flights_ops_medallion_pipe' retrieved from /opt/airflow/dags/flight-pipeline.py
[2026-04-27T22:44:33.413+0000] {logging_mixin.py:188} INFO - [2026-04-27T22:44:33.413+0000] {dag.py:3089} INFO - Sync 1 DAGs
[2026-04-27T22:44:33.435+0000] {logging_mixin.py:188} INFO - [2026-04-27T22:44:33.434+0000] {dag.py:3947} INFO - Setting next_dagrun for flights_ops_medallion_pipe to 2026-04-27 22:30:00+00:00, run_after=2026-04-27 23:00:00+00:00
[2026-04-27T22:44:33.458+0000] {processor.py:183} INFO - Processing /opt/airflow/dags/flight-pipeline.py took 1.007 seconds
[2026-04-27T22:45:03.656+0000] {processor.py:161} INFO - Started process (PID=3059) to work on /opt/airflow/dags/flight-pipeline.py
[2026-04-27T22:45:03.668+0000] {processor.py:830} INFO - Processing file /opt/airflow/dags/flight-pipeline.py for tasks to queue
[2026-04-27T22:45:03.670+0000] {logging_mixin.py:188} INFO - [2026-04-27T22:45:03.670+0000] {dagbag.py:545} INFO - Filling up the DagBag from /opt/airflow/dags/flight-pipeline.py
[2026-04-27T22:45:04.466+0000] {processor.py:840} INFO - DAG(s) 'flights_ops_medallion_pipe' retrieved from /opt/airflow/dags/flight-pipeline.py
[2026-04-27T22:45:04.496+0000] {logging_mixin.py:188} INFO - [2026-04-27T22:45:04.495+0000] {dag.py:3089} INFO - Sync 1 DAGs
[2026-04-27T22:45:04.516+0000] {logging_mixin.py:188} INFO - [2026-04-27T22:45:04.516+0000] {dag.py:3947} INFO - Setting next_dagrun for flights_ops_medallion_pipe to 2026-04-27 22:30:00+00:00, run_after=2026-04-27 23:00:00+00:00
[2026-04-27T22:45:04.535+0000] {processor.py:183} INFO - Processing /opt/airflow/dags/flight-pipeline.py took 0.887 seconds
[2026-04-27T22:45:34.736+0000] {processor.py:161} INFO - Started process (PID=3062) to work on /opt/airflow/dags/flight-pipeline.py
[2026-04-27T22:45:34.748+0000] {processor.py:830} INFO - Processing file /opt/airflow/dags/flight-pipeline.py for tasks to queue
[2026-04-27T22:45:34.751+0000] {logging_mixin.py:188} INFO - [2026-04-27T22:45:34.750+0000] {dagbag.py:545} INFO - Filling up the DagBag from /opt/airflow/dags/flight-pipeline.py
[2026-04-27T22:45:35.587+0000] {processor.py:840} INFO - DAG(s) 'flights_ops_medallion_pipe' retrieved from /opt/airflow/dags/flight-pipeline.py
[2026-04-27T22:45:35.617+0000] {logging_mixin.py:188} INFO - [2026-04-27T22:45:35.617+0000] {dag.py:3089} INFO - Sync 1 DAGs
[2026-04-27T22:45:35.640+0000] {logging_mixin.py:188} INFO - [2026-04-27T22:45:35.639+0000] {dag.py:3947} INFO - Setting next_dagrun for flights_ops_medallion_pipe to 2026-04-27 22:30:00+00:00, run_after=2026-04-27 23:00:00+00:00
[2026-04-27T22:45:35.658+0000] {processor.py:183} INFO - Processing /opt/airflow/dags/flight-pipeline.py took 0.929 seconds
[2026-04-27T22:46:05.926+0000] {processor.py:161} INFO - Started process (PID=3065) to work on /opt/airflow/dags/flight-pipeline.py
[2026-04-27T22:46:05.941+0000] {processor.py:830} INFO - Processing file /opt/airflow/dags/flight-pipeline.py for tasks to queue
[2026-04-27T22:46:05.949+0000] {logging_mixin.py:188} INFO - [2026-04-27T22:46:05.948+0000] {dagbag.py:545} INFO - Filling up the DagBag from /opt/airflow/dags/flight-pipeline.py
[2026-04-27T22:46:08.102+0000] {processor.py:840} INFO - DAG(s) 'flights_ops_medallion_pipe' retrieved from /opt/airflow/dags/flight-pipeline.py
[2026-04-27T22:46:08.190+0000] {logging_mixin.py:188} INFO - [2026-04-27T22:46:08.189+0000] {dag.py:3089} INFO - Sync 1 DAGs
[2026-04-27T22:46:08.234+0000] {logging_mixin.py:188} INFO - [2026-04-27T22:46:08.232+0000] {dag.py:3947} INFO - Setting next_dagrun for flights_ops_medallion_pipe to 2026-04-27 22:30:00+00:00, run_after=2026-04-27 23:00:00+00:00
[2026-04-27T22:46:08.283+0000] {processor.py:183} INFO - Processing /opt/airflow/dags/flight-pipeline.py took 2.375 seconds
[2026-04-27T22:46:38.508+0000] {processor.py:161} INFO - Started process (PID=3068) to work on /opt/airflow/dags/flight-pipeline.py
[2026-04-27T22:46:38.521+0000] {processor.py:830} INFO - Processing file /opt/airflow/dags/flight-pipeline.py for tasks to queue
[2026-04-27T22:46:38.524+0000] {logging_mixin.py:188} INFO - [2026-04-27T22:46:38.523+0000] {dagbag.py:545} INFO - Filling up the DagBag from /opt/airflow/dags/flight-pipeline.py
[2026-04-27T22:46:39.539+0000] {processor.py:840} INFO - DAG(s) 'flights_ops_medallion_pipe' retrieved from /opt/airflow/dags/flight-pipeline.py
[2026-04-27T22:46:39.577+0000] {logging_mixin.py:188} INFO - [2026-04-27T22:46:39.576+0000] {dag.py:3089} INFO - Sync 1 DAGs
[2026-04-27T22:46:39.598+0000] {logging_mixin.py:188} INFO - [2026-04-27T22:46:39.598+0000] {dag.py:3947} INFO - Setting next_dagrun for flights_ops_medallion_pipe to 2026-04-27 22:30:00+00:00, run_after=2026-04-27 23:00:00+00:00
[2026-04-27T22:46:39.624+0000] {processor.py:183} INFO - Processing /opt/airflow/dags/flight-pipeline.py took 1.130 seconds
[2026-04-27T22:47:10.015+0000] {processor.py:161} INFO - Started process (PID=3071) to work on /opt/airflow/dags/flight-pipeline.py
[2026-04-27T22:47:10.021+0000] {processor.py:830} INFO - Processing file /opt/airflow/dags/flight-pipeline.py for tasks to queue
[2026-04-27T22:47:10.039+0000] {logging_mixin.py:188} INFO - [2026-04-27T22:47:10.033+0000] {dagbag.py:545} INFO - Filling up the DagBag from /opt/airflow/dags/flight-pipeline.py
[2026-04-27T22:47:12.629+0000] {processor.py:840} INFO - DAG(s) 'flights_ops_medallion_pipe' retrieved from /opt/airflow/dags/flight-pipeline.py
[2026-04-27T22:47:12.710+0000] {logging_mixin.py:188} INFO - [2026-04-27T22:47:12.708+0000] {dag.py:3089} INFO - Sync 1 DAGs
[2026-04-27T22:47:12.754+0000] {logging_mixin.py:188} INFO - [2026-04-27T22:47:12.754+0000] {dag.py:3947} INFO - Setting next_dagrun for flights_ops_medallion_pipe to 2026-04-27 22:30:00+00:00, run_after=2026-04-27 23:00:00+00:00
[2026-04-27T22:47:12.796+0000] {processor.py:183} INFO - Processing /opt/airflow/dags/flight-pipeline.py took 2.853 seconds
[2026-04-27T22:47:43.036+0000] {processor.py:161} INFO - Started process (PID=3074) to work on /opt/airflow/dags/flight-pipeline.py
[2026-04-27T22:47:43.050+0000] {processor.py:830} INFO - Processing file /opt/airflow/dags/flight-pipeline.py for tasks to queue
[2026-04-27T22:47:43.055+0000] {logging_mixin.py:188} INFO - [2026-04-27T22:47:43.055+0000] {dagbag.py:545} INFO - Filling up the DagBag from /opt/airflow/dags/flight-pipeline.py
[2026-04-27T22:47:44.780+0000] {processor.py:840} INFO - DAG(s) 'flights_ops_medallion_pipe' retrieved from /opt/airflow/dags/flight-pipeline.py
[2026-04-27T22:47:44.869+0000] {logging_mixin.py:188} INFO - [2026-04-27T22:47:44.868+0000] {dag.py:3089} INFO - Sync 1 DAGs
[2026-04-27T22:47:44.941+0000] {logging_mixin.py:188} INFO - [2026-04-27T22:47:44.940+0000] {dag.py:3947} INFO - Setting next_dagrun for flights_ops_medallion_pipe to 2026-04-27 22:30:00+00:00, run_after=2026-04-27 23:00:00+00:00
[2026-04-27T22:47:44.977+0000] {processor.py:183} INFO - Processing /opt/airflow/dags/flight-pipeline.py took 1.952 seconds
[2026-04-27T22:48:15.226+0000] {processor.py:161} INFO - Started process (PID=3077) to work on /opt/airflow/dags/flight-pipeline.py
[2026-04-27T22:48:15.241+0000] {processor.py:830} INFO - Processing file /opt/airflow/dags/flight-pipeline.py for tasks to queue
[2026-04-27T22:48:15.247+0000] {logging_mixin.py:188} INFO - [2026-04-27T22:48:15.246+0000] {dagbag.py:545} INFO - Filling up the DagBag from /opt/airflow/dags/flight-pipeline.py
[2026-04-27T22:48:16.297+0000] {processor.py:840} INFO - DAG(s) 'flights_ops_medallion_pipe' retrieved from /opt/airflow/dags/flight-pipeline.py
[2026-04-27T22:48:16.338+0000] {logging_mixin.py:188} INFO - [2026-04-27T22:48:16.337+0000] {dag.py:3089} INFO - Sync 1 DAGs
[2026-04-27T22:48:16.367+0000] {logging_mixin.py:188} INFO - [2026-04-27T22:48:16.367+0000] {dag.py:3947} INFO - Setting next_dagrun for flights_ops_medallion_pipe to 2026-04-27 22:30:00+00:00, run_after=2026-04-27 23:00:00+00:00
[2026-04-27T22:48:16.389+0000] {processor.py:183} INFO - Processing /opt/airflow/dags/flight-pipeline.py took 1.180 seconds
[2026-04-27T22:48:46.603+0000] {processor.py:161} INFO - Started process (PID=3080) to work on /opt/airflow/dags/flight-pipeline.py
[2026-04-27T22:48:46.617+0000] {processor.py:830} INFO - Processing file /opt/airflow/dags/flight-pipeline.py for tasks to queue
[2026-04-27T22:48:46.623+0000] {logging_mixin.py:188} INFO - [2026-04-27T22:48:46.622+0000] {dagbag.py:545} INFO - Filling up the DagBag from /opt/airflow/dags/flight-pipeline.py
[2026-04-27T22:48:47.863+0000] {processor.py:840} INFO - DAG(s) 'flights_ops_medallion_pipe' retrieved from /opt/airflow/dags/flight-pipeline.py
[2026-04-27T22:48:47.897+0000] {logging_mixin.py:188} INFO - [2026-04-27T22:48:47.897+0000] {dag.py:3089} INFO - Sync 1 DAGs
[2026-04-27T22:48:47.918+0000] {logging_mixin.py:188} INFO - [2026-04-27T22:48:47.918+0000] {dag.py:3947} INFO - Setting next_dagrun for flights_ops_medallion_pipe to 2026-04-27 22:30:00+00:00, run_after=2026-04-27 23:00:00+00:00
[2026-04-27T22:48:47.939+0000] {processor.py:183} INFO - Processing /opt/airflow/dags/flight-pipeline.py took 1.352 seconds
[2026-04-27T22:49:18.540+0000] {processor.py:161} INFO - Started process (PID=3083) to work on /opt/airflow/dags/flight-pipeline.py
[2026-04-27T22:49:18.559+0000] {processor.py:830} INFO - Processing file /opt/airflow/dags/flight-pipeline.py for tasks to queue
[2026-04-27T22:49:18.571+0000] {logging_mixin.py:188} INFO - [2026-04-27T22:49:18.569+0000] {dagbag.py:545} INFO - Filling up the DagBag from /opt/airflow/dags/flight-pipeline.py
[2026-04-27T22:49:19.996+0000] {processor.py:840} INFO - DAG(s) 'flights_ops_medallion_pipe' retrieved from /opt/airflow/dags/flight-pipeline.py
[2026-04-27T22:49:20.036+0000] {logging_mixin.py:188} INFO - [2026-04-27T22:49:20.036+0000] {dag.py:3089} INFO - Sync 1 DAGs
[2026-04-27T22:49:20.064+0000] {logging_mixin.py:188} INFO - [2026-04-27T22:49:20.063+0000] {dag.py:3947} INFO - Setting next_dagrun for flights_ops_medallion_pipe to 2026-04-27 22:30:00+00:00, run_after=2026-04-27 23:00:00+00:00
[2026-04-27T22:49:20.083+0000] {processor.py:183} INFO - Processing /opt/airflow/dags/flight-pipeline.py took 1.592 seconds
[2026-04-27T22:49:50.438+0000] {processor.py:161} INFO - Started process (PID=3086) to work on /opt/airflow/dags/flight-pipeline.py
[2026-04-27T22:49:50.455+0000] {processor.py:830} INFO - Processing file /opt/airflow/dags/flight-pipeline.py for tasks to queue
[2026-04-27T22:49:50.458+0000] {logging_mixin.py:188} INFO - [2026-04-27T22:49:50.458+0000] {dagbag.py:545} INFO - Filling up the DagBag from /opt/airflow/dags/flight-pipeline.py
[2026-04-27T22:49:51.750+0000] {processor.py:840} INFO - DAG(s) 'flights_ops_medallion_pipe' retrieved from /opt/airflow/dags/flight-pipeline.py
[2026-04-27T22:49:51.817+0000] {logging_mixin.py:188} INFO - [2026-04-27T22:49:51.816+0000] {dag.py:3089} INFO - Sync 1 DAGs
[2026-04-27T22:49:51.853+0000] {logging_mixin.py:188} INFO - [2026-04-27T22:49:51.852+0000] {dag.py:3947} INFO - Setting next_dagrun for flights_ops_medallion_pipe to 2026-04-27 22:30:00+00:00, run_after=2026-04-27 23:00:00+00:00
[2026-04-27T22:49:51.876+0000] {processor.py:183} INFO - Processing /opt/airflow/dags/flight-pipeline.py took 1.488 seconds
[2026-04-27T22:50:22.067+0000] {processor.py:161} INFO - Started process (PID=3089) to work on /opt/airflow/dags/flight-pipeline.py
[2026-04-27T22:50:22.079+0000] {processor.py:830} INFO - Processing file /opt/airflow/dags/flight-pipeline.py for tasks to queue
[2026-04-27T22:50:22.085+0000] {logging_mixin.py:188} INFO - [2026-04-27T22:50:22.084+0000] {dagbag.py:545} INFO - Filling up the DagBag from /opt/airflow/dags/flight-pipeline.py
[2026-04-27T22:50:23.210+0000] {processor.py:840} INFO - DAG(s) 'flights_ops_medallion_pipe' retrieved from /opt/airflow/dags/flight-pipeline.py
[2026-04-27T22:50:23.249+0000] {logging_mixin.py:188} INFO - [2026-04-27T22:50:23.247+0000] {dag.py:3089} INFO - Sync 1 DAGs
[2026-04-27T22:50:23.272+0000] {logging_mixin.py:188} INFO - [2026-04-27T22:50:23.272+0000] {dag.py:3947} INFO - Setting next_dagrun for flights_ops_medallion_pipe to 2026-04-27 22:30:00+00:00, run_after=2026-04-27 23:00:00+00:00
[2026-04-27T22:50:23.293+0000] {processor.py:183} INFO - Processing /opt/airflow/dags/flight-pipeline.py took 1.234 seconds
[2026-04-27T22:50:53.499+0000] {processor.py:161} INFO - Started process (PID=3092) to work on /opt/airflow/dags/flight-pipeline.py
[2026-04-27T22:50:53.513+0000] {processor.py:830} INFO - Processing file /opt/airflow/dags/flight-pipeline.py for tasks to queue
[2026-04-27T22:50:53.518+0000] {logging_mixin.py:188} INFO - [2026-04-27T22:50:53.516+0000] {dagbag.py:545} INFO - Filling up the DagBag from /opt/airflow/dags/flight-pipeline.py
[2026-04-27T22:50:54.445+0000] {processor.py:840} INFO - DAG(s) 'flights_ops_medallion_pipe' retrieved from /opt/airflow/dags/flight-pipeline.py
[2026-04-27T22:50:54.501+0000] {logging_mixin.py:188} INFO - [2026-04-27T22:50:54.500+0000] {dag.py:3089} INFO - Sync 1 DAGs
[2026-04-27T22:50:54.526+0000] {logging_mixin.py:188} INFO - [2026-04-27T22:50:54.525+0000] {dag.py:3947} INFO - Setting next_dagrun for flights_ops_medallion_pipe to 2026-04-27 22:30:00+00:00, run_after=2026-04-27 23:00:00+00:00
[2026-04-27T22:50:54.546+0000] {processor.py:183} INFO - Processing /opt/airflow/dags/flight-pipeline.py took 1.055 seconds
[2026-04-27T22:51:24.681+0000] {processor.py:161} INFO - Started process (PID=3095) to work on /opt/airflow/dags/flight-pipeline.py
[2026-04-27T22:51:24.695+0000] {processor.py:830} INFO - Processing file /opt/airflow/dags/flight-pipeline.py for tasks to queue
[2026-04-27T22:51:24.710+0000] {logging_mixin.py:188} INFO - [2026-04-27T22:51:24.709+0000] {dagbag.py:545} INFO - Filling up the DagBag from /opt/airflow/dags/flight-pipeline.py
[2026-04-27T22:51:25.579+0000] {processor.py:840} INFO - DAG(s) 'flights_ops_medallion_pipe' retrieved from /opt/airflow/dags/flight-pipeline.py
[2026-04-27T22:51:25.621+0000] {logging_mixin.py:188} INFO - [2026-04-27T22:51:25.620+0000] {dag.py:3089} INFO - Sync 1 DAGs
[2026-04-27T22:51:25.647+0000] {logging_mixin.py:188} INFO - [2026-04-27T22:51:25.647+0000] {dag.py:3947} INFO - Setting next_dagrun for flights_ops_medallion_pipe to 2026-04-27 22:30:00+00:00, run_after=2026-04-27 23:00:00+00:00
[2026-04-27T22:51:25.667+0000] {processor.py:183} INFO - Processing /opt/airflow/dags/flight-pipeline.py took 0.995 seconds
[2026-04-27T22:51:55.914+0000] {processor.py:161} INFO - Started process (PID=3098) to work on /opt/airflow/dags/flight-pipeline.py
[2026-04-27T22:51:55.924+0000] {processor.py:830} INFO - Processing file /opt/airflow/dags/flight-pipeline.py for tasks to queue
[2026-04-27T22:51:55.927+0000] {logging_mixin.py:188} INFO - [2026-04-27T22:51:55.927+0000] {dagbag.py:545} INFO - Filling up the DagBag from /opt/airflow/dags/flight-pipeline.py
[2026-04-27T22:51:57.108+0000] {processor.py:840} INFO - DAG(s) 'flights_ops_medallion_pipe' retrieved from /opt/airflow/dags/flight-pipeline.py
[2026-04-27T22:51:57.150+0000] {logging_mixin.py:188} INFO - [2026-04-27T22:51:57.150+0000] {dag.py:3089} INFO - Sync 1 DAGs
[2026-04-27T22:51:57.175+0000] {logging_mixin.py:188} INFO - [2026-04-27T22:51:57.175+0000] {dag.py:3947} INFO - Setting next_dagrun for flights_ops_medallion_pipe to 2026-04-27 22:30:00+00:00, run_after=2026-04-27 23:00:00+00:00
[2026-04-27T22:51:57.195+0000] {processor.py:183} INFO - Processing /opt/airflow/dags/flight-pipeline.py took 1.289 seconds
[2026-04-27T22:52:27.431+0000] {processor.py:161} INFO - Started process (PID=3101) to work on /opt/airflow/dags/flight-pipeline.py
[2026-04-27T22:52:27.435+0000] {processor.py:830} INFO - Processing file /opt/airflow/dags/flight-pipeline.py for tasks to queue
[2026-04-27T22:52:27.438+0000] {logging_mixin.py:188} INFO - [2026-04-27T22:52:27.438+0000] {dagbag.py:545} INFO - Filling up the DagBag from /opt/airflow/dags/flight-pipeline.py
[2026-04-27T22:52:28.281+0000] {processor.py:840} INFO - DAG(s) 'flights_ops_medallion_pipe' retrieved from /opt/airflow/dags/flight-pipeline.py
[2026-04-27T22:52:28.316+0000] {logging_mixin.py:188} INFO - [2026-04-27T22:52:28.315+0000] {dag.py:3089} INFO - Sync 1 DAGs
[2026-04-27T22:52:28.339+0000] {logging_mixin.py:188} INFO - [2026-04-27T22:52:28.339+0000] {dag.py:3947} INFO - Setting next_dagrun for flights_ops_medallion_pipe to 2026-04-27 22:30:00+00:00, run_after=2026-04-27 23:00:00+00:00
[2026-04-27T22:52:28.359+0000] {processor.py:183} INFO - Processing /opt/airflow/dags/flight-pipeline.py took 0.936 seconds
[2026-04-27T22:52:58.588+0000] {processor.py:161} INFO - Started process (PID=3104) to work on /opt/airflow/dags/flight-pipeline.py
[2026-04-27T22:52:58.591+0000] {processor.py:830} INFO - Processing file /opt/airflow/dags/flight-pipeline.py for tasks to queue
[2026-04-27T22:52:58.594+0000] {logging_mixin.py:188} INFO - [2026-04-27T22:52:58.594+0000] {dagbag.py:545} INFO - Filling up the DagBag from /opt/airflow/dags/flight-pipeline.py
[2026-04-27T22:52:59.557+0000] {processor.py:840} INFO - DAG(s) 'flights_ops_medallion_pipe' retrieved from /opt/airflow/dags/flight-pipeline.py
[2026-04-27T22:52:59.591+0000] {logging_mixin.py:188} INFO - [2026-04-27T22:52:59.590+0000] {dag.py:3089} INFO - Sync 1 DAGs
[2026-04-27T22:52:59.613+0000] {logging_mixin.py:188} INFO - [2026-04-27T22:52:59.613+0000] {dag.py:3947} INFO - Setting next_dagrun for flights_ops_medallion_pipe to 2026-04-27 22:30:00+00:00, run_after=2026-04-27 23:00:00+00:00
[2026-04-27T22:52:59.632+0000] {processor.py:183} INFO - Processing /opt/airflow/dags/flight-pipeline.py took 1.053 seconds
[2026-04-27T22:53:29.822+0000] {processor.py:161} INFO - Started process (PID=3107) to work on /opt/airflow/dags/flight-pipeline.py
[2026-04-27T22:53:29.825+0000] {processor.py:830} INFO - Processing file /opt/airflow/dags/flight-pipeline.py for tasks to queue
[2026-04-27T22:53:29.827+0000] {logging_mixin.py:188} INFO - [2026-04-27T22:53:29.827+0000] {dagbag.py:545} INFO - Filling up the DagBag from /opt/airflow/dags/flight-pipeline.py
[2026-04-27T22:53:30.720+0000] {processor.py:840} INFO - DAG(s) 'flights_ops_medallion_pipe' retrieved from /opt/airflow/dags/flight-pipeline.py
[2026-04-27T22:53:30.757+0000] {logging_mixin.py:188} INFO - [2026-04-27T22:53:30.755+0000] {dag.py:3089} INFO - Sync 1 DAGs
[2026-04-27T22:53:30.776+0000] {logging_mixin.py:188} INFO - [2026-04-27T22:53:30.776+0000] {dag.py:3947} INFO - Setting next_dagrun for flights_ops_medallion_pipe to 2026-04-27 22:30:00+00:00, run_after=2026-04-27 23:00:00+00:00
[2026-04-27T22:53:30.793+0000] {processor.py:183} INFO - Processing /opt/airflow/dags/flight-pipeline.py took 0.980 seconds
[2026-04-27T22:54:01.065+0000] {processor.py:161} INFO - Started process (PID=3110) to work on /opt/airflow/dags/flight-pipeline.py
[2026-04-27T22:54:01.078+0000] {processor.py:830} INFO - Processing file /opt/airflow/dags/flight-pipeline.py for tasks to queue
[2026-04-27T22:54:01.082+0000] {logging_mixin.py:188} INFO - [2026-04-27T22:54:01.081+0000] {dagbag.py:545} INFO - Filling up the DagBag from /opt/airflow/dags/flight-pipeline.py
[2026-04-27T22:54:01.921+0000] {processor.py:840} INFO - DAG(s) 'flights_ops_medallion_pipe' retrieved from /opt/airflow/dags/flight-pipeline.py
[2026-04-27T22:54:01.953+0000] {logging_mixin.py:188} INFO - [2026-04-27T22:54:01.953+0000] {dag.py:3089} INFO - Sync 1 DAGs
[2026-04-27T22:54:01.973+0000] {logging_mixin.py:188} INFO - [2026-04-27T22:54:01.973+0000] {dag.py:3947} INFO - Setting next_dagrun for flights_ops_medallion_pipe to 2026-04-27 22:30:00+00:00, run_after=2026-04-27 23:00:00+00:00
[2026-04-27T22:54:01.998+0000] {processor.py:183} INFO - Processing /opt/airflow/dags/flight-pipeline.py took 0.943 seconds
[2026-04-27T22:54:32.270+0000] {processor.py:161} INFO - Started process (PID=3113) to work on /opt/airflow/dags/flight-pipeline.py
[2026-04-27T22:54:32.274+0000] {processor.py:830} INFO - Processing file /opt/airflow/dags/flight-pipeline.py for tasks to queue
[2026-04-27T22:54:32.276+0000] {logging_mixin.py:188} INFO - [2026-04-27T22:54:32.276+0000] {dagbag.py:545} INFO - Filling up the DagBag from /opt/airflow/dags/flight-pipeline.py
[2026-04-27T22:54:33.201+0000] {processor.py:840} INFO - DAG(s) 'flights_ops_medallion_pipe' retrieved from /opt/airflow/dags/flight-pipeline.py
[2026-04-27T22:54:33.237+0000] {logging_mixin.py:188} INFO - [2026-04-27T22:54:33.236+0000] {dag.py:3089} INFO - Sync 1 DAGs
[2026-04-27T22:54:33.256+0000] {logging_mixin.py:188} INFO - [2026-04-27T22:54:33.256+0000] {dag.py:3947} INFO - Setting next_dagrun for flights_ops_medallion_pipe to 2026-04-27 22:30:00+00:00, run_after=2026-04-27 23:00:00+00:00
[2026-04-27T22:54:33.277+0000] {processor.py:183} INFO - Processing /opt/airflow/dags/flight-pipeline.py took 1.016 seconds
[2026-04-27T22:55:03.704+0000] {processor.py:161} INFO - Started process (PID=3116) to work on /opt/airflow/dags/flight-pipeline.py
[2026-04-27T22:55:03.708+0000] {processor.py:830} INFO - Processing file /opt/airflow/dags/flight-pipeline.py for tasks to queue
[2026-04-27T22:55:03.712+0000] {logging_mixin.py:188} INFO - [2026-04-27T22:55:03.711+0000] {dagbag.py:545} INFO - Filling up the DagBag from /opt/airflow/dags/flight-pipeline.py
[2026-04-27T22:55:04.517+0000] {processor.py:840} INFO - DAG(s) 'flights_ops_medallion_pipe' retrieved from /opt/airflow/dags/flight-pipeline.py
[2026-04-27T22:55:04.548+0000] {logging_mixin.py:188} INFO - [2026-04-27T22:55:04.548+0000] {dag.py:3089} INFO - Sync 1 DAGs
[2026-04-27T22:55:04.569+0000] {logging_mixin.py:188} INFO - [2026-04-27T22:55:04.568+0000] {dag.py:3947} INFO - Setting next_dagrun for flights_ops_medallion_pipe to 2026-04-27 22:30:00+00:00, run_after=2026-04-27 23:00:00+00:00
[2026-04-27T22:55:04.586+0000] {processor.py:183} INFO - Processing /opt/airflow/dags/flight-pipeline.py took 0.891 seconds
[2026-04-27T22:55:34.857+0000] {processor.py:161} INFO - Started process (PID=3119) to work on /opt/airflow/dags/flight-pipeline.py
[2026-04-27T22:55:34.860+0000] {processor.py:830} INFO - Processing file /opt/airflow/dags/flight-pipeline.py for tasks to queue
[2026-04-27T22:55:34.862+0000] {logging_mixin.py:188} INFO - [2026-04-27T22:55:34.861+0000] {dagbag.py:545} INFO - Filling up the DagBag from /opt/airflow/dags/flight-pipeline.py
[2026-04-27T22:55:35.635+0000] {processor.py:840} INFO - DAG(s) 'flights_ops_medallion_pipe' retrieved from /opt/airflow/dags/flight-pipeline.py
[2026-04-27T22:55:35.668+0000] {logging_mixin.py:188} INFO - [2026-04-27T22:55:35.667+0000] {dag.py:3089} INFO - Sync 1 DAGs
[2026-04-27T22:55:35.688+0000] {logging_mixin.py:188} INFO - [2026-04-27T22:55:35.688+0000] {dag.py:3947} INFO - Setting next_dagrun for flights_ops_medallion_pipe to 2026-04-27 22:30:00+00:00, run_after=2026-04-27 23:00:00+00:00
[2026-04-27T22:55:35.707+0000] {processor.py:183} INFO - Processing /opt/airflow/dags/flight-pipeline.py took 0.859 seconds
[2026-04-27T22:56:06.010+0000] {processor.py:161} INFO - Started process (PID=3122) to work on /opt/airflow/dags/flight-pipeline.py
[2026-04-27T22:56:06.013+0000] {processor.py:830} INFO - Processing file /opt/airflow/dags/flight-pipeline.py for tasks to queue
[2026-04-27T22:56:06.017+0000] {logging_mixin.py:188} INFO - [2026-04-27T22:56:06.016+0000] {dagbag.py:545} INFO - Filling up the DagBag from /opt/airflow/dags/flight-pipeline.py
[2026-04-27T22:56:06.840+0000] {processor.py:840} INFO - DAG(s) 'flights_ops_medallion_pipe' retrieved from /opt/airflow/dags/flight-pipeline.py
[2026-04-27T22:56:06.871+0000] {logging_mixin.py:188} INFO - [2026-04-27T22:56:06.870+0000] {dag.py:3089} INFO - Sync 1 DAGs
[2026-04-27T22:56:06.891+0000] {logging_mixin.py:188} INFO - [2026-04-27T22:56:06.891+0000] {dag.py:3947} INFO - Setting next_dagrun for flights_ops_medallion_pipe to 2026-04-27 22:30:00+00:00, run_after=2026-04-27 23:00:00+00:00
[2026-04-27T22:56:06.910+0000] {processor.py:183} INFO - Processing /opt/airflow/dags/flight-pipeline.py took 0.908 seconds
[2026-04-27T22:56:37.315+0000] {processor.py:161} INFO - Started process (PID=3125) to work on /opt/airflow/dags/flight-pipeline.py
[2026-04-27T22:56:37.318+0000] {processor.py:830} INFO - Processing file /opt/airflow/dags/flight-pipeline.py for tasks to queue
[2026-04-27T22:56:37.322+0000] {logging_mixin.py:188} INFO - [2026-04-27T22:56:37.321+0000] {dagbag.py:545} INFO - Filling up the DagBag from /opt/airflow/dags/flight-pipeline.py
[2026-04-27T22:56:38.142+0000] {processor.py:840} INFO - DAG(s) 'flights_ops_medallion_pipe' retrieved from /opt/airflow/dags/flight-pipeline.py
[2026-04-27T22:56:38.175+0000] {logging_mixin.py:188} INFO - [2026-04-27T22:56:38.174+0000] {dag.py:3089} INFO - Sync 1 DAGs
[2026-04-27T22:56:38.196+0000] {logging_mixin.py:188} INFO - [2026-04-27T22:56:38.196+0000] {dag.py:3947} INFO - Setting next_dagrun for flights_ops_medallion_pipe to 2026-04-27 22:30:00+00:00, run_after=2026-04-27 23:00:00+00:00
[2026-04-27T22:56:38.213+0000] {processor.py:183} INFO - Processing /opt/airflow/dags/flight-pipeline.py took 0.909 seconds
[2026-04-27T22:57:08.489+0000] {processor.py:161} INFO - Started process (PID=3128) to work on /opt/airflow/dags/flight-pipeline.py
[2026-04-27T22:57:08.493+0000] {processor.py:830} INFO - Processing file /opt/airflow/dags/flight-pipeline.py for tasks to queue
[2026-04-27T22:57:08.496+0000] {logging_mixin.py:188} INFO - [2026-04-27T22:57:08.495+0000] {dagbag.py:545} INFO - Filling up the DagBag from /opt/airflow/dags/flight-pipeline.py
[2026-04-27T22:57:09.395+0000] {processor.py:840} INFO - DAG(s) 'flights_ops_medallion_pipe' retrieved from /opt/airflow/dags/flight-pipeline.py
[2026-04-27T22:57:09.428+0000] {logging_mixin.py:188} INFO - [2026-04-27T22:57:09.427+0000] {dag.py:3089} INFO - Sync 1 DAGs
[2026-04-27T22:57:09.450+0000] {logging_mixin.py:188} INFO - [2026-04-27T22:57:09.450+0000] {dag.py:3947} INFO - Setting next_dagrun for flights_ops_medallion_pipe to 2026-04-27 22:30:00+00:00, run_after=2026-04-27 23:00:00+00:00
[2026-04-27T22:57:09.471+0000] {processor.py:183} INFO - Processing /opt/airflow/dags/flight-pipeline.py took 0.991 seconds
[2026-04-27T22:57:39.725+0000] {processor.py:161} INFO - Started process (PID=3131) to work on /opt/airflow/dags/flight-pipeline.py
[2026-04-27T22:57:39.728+0000] {processor.py:830} INFO - Processing file /opt/airflow/dags/flight-pipeline.py for tasks to queue
[2026-04-27T22:57:39.731+0000] {logging_mixin.py:188} INFO - [2026-04-27T22:57:39.730+0000] {dagbag.py:545} INFO - Filling up the DagBag from /opt/airflow/dags/flight-pipeline.py
[2026-04-27T22:57:40.507+0000] {processor.py:840} INFO - DAG(s) 'flights_ops_medallion_pipe' retrieved from /opt/airflow/dags/flight-pipeline.py
[2026-04-27T22:57:40.540+0000] {logging_mixin.py:188} INFO - [2026-04-27T22:57:40.540+0000] {dag.py:3089} INFO - Sync 1 DAGs
[2026-04-27T22:57:40.569+0000] {logging_mixin.py:188} INFO - [2026-04-27T22:57:40.569+0000] {dag.py:3947} INFO - Setting next_dagrun for flights_ops_medallion_pipe to 2026-04-27 22:30:00+00:00, run_after=2026-04-27 23:00:00+00:00
[2026-04-27T22:57:40.642+0000] {processor.py:183} INFO - Processing /opt/airflow/dags/flight-pipeline.py took 0.925 seconds
[2026-04-27T22:58:10.957+0000] {processor.py:161} INFO - Started process (PID=3134) to work on /opt/airflow/dags/flight-pipeline.py
[2026-04-27T22:58:10.963+0000] {processor.py:830} INFO - Processing file /opt/airflow/dags/flight-pipeline.py for tasks to queue
[2026-04-27T22:58:10.968+0000] {logging_mixin.py:188} INFO - [2026-04-27T22:58:10.966+0000] {dagbag.py:545} INFO - Filling up the DagBag from /opt/airflow/dags/flight-pipeline.py
[2026-04-27T22:58:11.857+0000] {processor.py:840} INFO - DAG(s) 'flights_ops_medallion_pipe' retrieved from /opt/airflow/dags/flight-pipeline.py
[2026-04-27T22:58:11.895+0000] {logging_mixin.py:188} INFO - [2026-04-27T22:58:11.894+0000] {dag.py:3089} INFO - Sync 1 DAGs
[2026-04-27T22:58:11.918+0000] {logging_mixin.py:188} INFO - [2026-04-27T22:58:11.917+0000] {dag.py:3947} INFO - Setting next_dagrun for flights_ops_medallion_pipe to 2026-04-27 22:30:00+00:00, run_after=2026-04-27 23:00:00+00:00
[2026-04-27T22:58:11.942+0000] {processor.py:183} INFO - Processing /opt/airflow/dags/flight-pipeline.py took 0.997 seconds
[2026-04-27T22:58:42.243+0000] {processor.py:161} INFO - Started process (PID=3137) to work on /opt/airflow/dags/flight-pipeline.py
[2026-04-27T22:58:42.247+0000] {processor.py:830} INFO - Processing file /opt/airflow/dags/flight-pipeline.py for tasks to queue
[2026-04-27T22:58:42.249+0000] {logging_mixin.py:188} INFO - [2026-04-27T22:58:42.249+0000] {dagbag.py:545} INFO - Filling up the DagBag from /opt/airflow/dags/flight-pipeline.py
[2026-04-27T22:58:43.170+0000] {processor.py:840} INFO - DAG(s) 'flights_ops_medallion_pipe' retrieved from /opt/airflow/dags/flight-pipeline.py
[2026-04-27T22:58:43.200+0000] {logging_mixin.py:188} INFO - [2026-04-27T22:58:43.200+0000] {dag.py:3089} INFO - Sync 1 DAGs
[2026-04-27T22:58:43.220+0000] {logging_mixin.py:188} INFO - [2026-04-27T22:58:43.219+0000] {dag.py:3947} INFO - Setting next_dagrun for flights_ops_medallion_pipe to 2026-04-27 22:30:00+00:00, run_after=2026-04-27 23:00:00+00:00
[2026-04-27T22:58:43.242+0000] {processor.py:183} INFO - Processing /opt/airflow/dags/flight-pipeline.py took 1.007 seconds
[2026-04-27T22:59:13.508+0000] {processor.py:161} INFO - Started process (PID=3140) to work on /opt/airflow/dags/flight-pipeline.py
[2026-04-27T22:59:13.511+0000] {processor.py:830} INFO - Processing file /opt/airflow/dags/flight-pipeline.py for tasks to queue
[2026-04-27T22:59:13.514+0000] {logging_mixin.py:188} INFO - [2026-04-27T22:59:13.514+0000] {dagbag.py:545} INFO - Filling up the DagBag from /opt/airflow/dags/flight-pipeline.py
[2026-04-27T22:59:14.438+0000] {processor.py:840} INFO - DAG(s) 'flights_ops_medallion_pipe' retrieved from /opt/airflow/dags/flight-pipeline.py
[2026-04-27T22:59:14.470+0000] {logging_mixin.py:188} INFO - [2026-04-27T22:59:14.469+0000] {dag.py:3089} INFO - Sync 1 DAGs
[2026-04-27T22:59:14.500+0000] {logging_mixin.py:188} INFO - [2026-04-27T22:59:14.499+0000] {dag.py:3947} INFO - Setting next_dagrun for flights_ops_medallion_pipe to 2026-04-27 22:30:00+00:00, run_after=2026-04-27 23:00:00+00:00
[2026-04-27T22:59:14.520+0000] {processor.py:183} INFO - Processing /opt/airflow/dags/flight-pipeline.py took 1.024 seconds
[2026-04-27T22:59:44.757+0000] {processor.py:161} INFO - Started process (PID=3143) to work on /opt/airflow/dags/flight-pipeline.py
[2026-04-27T22:59:44.761+0000] {processor.py:830} INFO - Processing file /opt/airflow/dags/flight-pipeline.py for tasks to queue
[2026-04-27T22:59:44.764+0000] {logging_mixin.py:188} INFO - [2026-04-27T22:59:44.763+0000] {dagbag.py:545} INFO - Filling up the DagBag from /opt/airflow/dags/flight-pipeline.py
[2026-04-27T22:59:45.562+0000] {processor.py:840} INFO - DAG(s) 'flights_ops_medallion_pipe' retrieved from /opt/airflow/dags/flight-pipeline.py
[2026-04-27T22:59:45.596+0000] {logging_mixin.py:188} INFO - [2026-04-27T22:59:45.595+0000] {dag.py:3089} INFO - Sync 1 DAGs
[2026-04-27T22:59:45.618+0000] {logging_mixin.py:188} INFO - [2026-04-27T22:59:45.618+0000] {dag.py:3947} INFO - Setting next_dagrun for flights_ops_medallion_pipe to 2026-04-27 22:30:00+00:00, run_after=2026-04-27 23:00:00+00:00
[2026-04-27T22:59:45.636+0000] {processor.py:183} INFO - Processing /opt/airflow/dags/flight-pipeline.py took 0.887 seconds
[2026-04-27T23:00:15.955+0000] {processor.py:161} INFO - Started process (PID=3168) to work on /opt/airflow/dags/flight-pipeline.py
[2026-04-27T23:00:15.969+0000] {processor.py:830} INFO - Processing file /opt/airflow/dags/flight-pipeline.py for tasks to queue
[2026-04-27T23:00:15.971+0000] {logging_mixin.py:188} INFO - [2026-04-27T23:00:15.971+0000] {dagbag.py:545} INFO - Filling up the DagBag from /opt/airflow/dags/flight-pipeline.py
[2026-04-27T23:00:17.191+0000] {processor.py:840} INFO - DAG(s) 'flights_ops_medallion_pipe' retrieved from /opt/airflow/dags/flight-pipeline.py
[2026-04-27T23:00:17.246+0000] {logging_mixin.py:188} INFO - [2026-04-27T23:00:17.245+0000] {dag.py:3089} INFO - Sync 1 DAGs
[2026-04-27T23:00:17.282+0000] {logging_mixin.py:188} INFO - [2026-04-27T23:00:17.282+0000] {dag.py:3947} INFO - Setting next_dagrun for flights_ops_medallion_pipe to 2026-04-27 23:00:00+00:00, run_after=2026-04-27 23:30:00+00:00
[2026-04-27T23:00:17.308+0000] {processor.py:183} INFO - Processing /opt/airflow/dags/flight-pipeline.py took 1.363 seconds
[2026-04-27T23:00:47.553+0000] {processor.py:161} INFO - Started process (PID=3193) to work on /opt/airflow/dags/flight-pipeline.py
[2026-04-27T23:00:47.559+0000] {processor.py:830} INFO - Processing file /opt/airflow/dags/flight-pipeline.py for tasks to queue
[2026-04-27T23:00:47.576+0000] {logging_mixin.py:188} INFO - [2026-04-27T23:00:47.575+0000] {dagbag.py:545} INFO - Filling up the DagBag from /opt/airflow/dags/flight-pipeline.py
[2026-04-27T23:00:49.440+0000] {processor.py:840} INFO - DAG(s) 'flights_ops_medallion_pipe' retrieved from /opt/airflow/dags/flight-pipeline.py
[2026-04-27T23:00:49.554+0000] {logging_mixin.py:188} INFO - [2026-04-27T23:00:49.553+0000] {dag.py:3089} INFO - Sync 1 DAGs
[2026-04-27T23:00:49.659+0000] {logging_mixin.py:188} INFO - [2026-04-27T23:00:49.658+0000] {dag.py:3947} INFO - Setting next_dagrun for flights_ops_medallion_pipe to 2026-04-27 23:00:00+00:00, run_after=2026-04-27 23:30:00+00:00
[2026-04-27T23:00:49.734+0000] {processor.py:183} INFO - Processing /opt/airflow/dags/flight-pipeline.py took 2.190 seconds
[2026-04-27T23:01:19.843+0000] {processor.py:161} INFO - Started process (PID=3196) to work on /opt/airflow/dags/flight-pipeline.py
[2026-04-27T23:01:19.866+0000] {processor.py:830} INFO - Processing file /opt/airflow/dags/flight-pipeline.py for tasks to queue
[2026-04-27T23:01:19.940+0000] {logging_mixin.py:188} INFO - [2026-04-27T23:01:19.935+0000] {dagbag.py:545} INFO - Filling up the DagBag from /opt/airflow/dags/flight-pipeline.py
[2026-04-27T23:01:21.063+0000] {processor.py:840} INFO - DAG(s) 'flights_ops_medallion_pipe' retrieved from /opt/airflow/dags/flight-pipeline.py
[2026-04-27T23:01:21.168+0000] {logging_mixin.py:188} INFO - [2026-04-27T23:01:21.168+0000] {dag.py:3089} INFO - Sync 1 DAGs
[2026-04-27T23:01:21.255+0000] {logging_mixin.py:188} INFO - [2026-04-27T23:01:21.254+0000] {dag.py:3947} INFO - Setting next_dagrun for flights_ops_medallion_pipe to 2026-04-27 23:00:00+00:00, run_after=2026-04-27 23:30:00+00:00
[2026-04-27T23:01:21.370+0000] {processor.py:183} INFO - Processing /opt/airflow/dags/flight-pipeline.py took 1.540 seconds
[2026-04-27T23:01:51.639+0000] {processor.py:161} INFO - Started process (PID=3199) to work on /opt/airflow/dags/flight-pipeline.py
[2026-04-27T23:01:51.643+0000] {processor.py:830} INFO - Processing file /opt/airflow/dags/flight-pipeline.py for tasks to queue
[2026-04-27T23:01:51.646+0000] {logging_mixin.py:188} INFO - [2026-04-27T23:01:51.646+0000] {dagbag.py:545} INFO - Filling up the DagBag from /opt/airflow/dags/flight-pipeline.py
[2026-04-27T23:01:52.677+0000] {processor.py:840} INFO - DAG(s) 'flights_ops_medallion_pipe' retrieved from /opt/airflow/dags/flight-pipeline.py
[2026-04-27T23:01:52.711+0000] {logging_mixin.py:188} INFO - [2026-04-27T23:01:52.710+0000] {dag.py:3089} INFO - Sync 1 DAGs
[2026-04-27T23:01:52.734+0000] {logging_mixin.py:188} INFO - [2026-04-27T23:01:52.734+0000] {dag.py:3947} INFO - Setting next_dagrun for flights_ops_medallion_pipe to 2026-04-27 23:00:00+00:00, run_after=2026-04-27 23:30:00+00:00
[2026-04-27T23:01:52.754+0000] {processor.py:183} INFO - Processing /opt/airflow/dags/flight-pipeline.py took 1.129 seconds
[2026-04-27T23:02:22.893+0000] {processor.py:161} INFO - Started process (PID=3202) to work on /opt/airflow/dags/flight-pipeline.py
[2026-04-27T23:02:22.899+0000] {processor.py:830} INFO - Processing file /opt/airflow/dags/flight-pipeline.py for tasks to queue
[2026-04-27T23:02:22.907+0000] {logging_mixin.py:188} INFO - [2026-04-27T23:02:22.906+0000] {dagbag.py:545} INFO - Filling up the DagBag from /opt/airflow/dags/flight-pipeline.py
[2026-04-27T23:02:23.923+0000] {processor.py:840} INFO - DAG(s) 'flights_ops_medallion_pipe' retrieved from /opt/airflow/dags/flight-pipeline.py
[2026-04-27T23:02:24.020+0000] {logging_mixin.py:188} INFO - [2026-04-27T23:02:24.018+0000] {dag.py:3089} INFO - Sync 1 DAGs
[2026-04-27T23:02:24.073+0000] {logging_mixin.py:188} INFO - [2026-04-27T23:02:24.073+0000] {dag.py:3947} INFO - Setting next_dagrun for flights_ops_medallion_pipe to 2026-04-27 23:00:00+00:00, run_after=2026-04-27 23:30:00+00:00
[2026-04-27T23:02:24.103+0000] {processor.py:183} INFO - Processing /opt/airflow/dags/flight-pipeline.py took 1.250 seconds
[2026-04-27T23:02:54.206+0000] {processor.py:161} INFO - Started process (PID=3205) to work on /opt/airflow/dags/flight-pipeline.py
[2026-04-27T23:02:54.210+0000] {processor.py:830} INFO - Processing file /opt/airflow/dags/flight-pipeline.py for tasks to queue
[2026-04-27T23:02:54.214+0000] {logging_mixin.py:188} INFO - [2026-04-27T23:02:54.213+0000] {dagbag.py:545} INFO - Filling up the DagBag from /opt/airflow/dags/flight-pipeline.py
[2026-04-27T23:02:55.064+0000] {processor.py:840} INFO - DAG(s) 'flights_ops_medallion_pipe' retrieved from /opt/airflow/dags/flight-pipeline.py
[2026-04-27T23:02:55.268+0000] {logging_mixin.py:188} INFO - [2026-04-27T23:02:55.267+0000] {dag.py:3089} INFO - Sync 1 DAGs
[2026-04-27T23:02:55.296+0000] {logging_mixin.py:188} INFO - [2026-04-27T23:02:55.296+0000] {dag.py:3947} INFO - Setting next_dagrun for flights_ops_medallion_pipe to 2026-04-27 23:00:00+00:00, run_after=2026-04-27 23:30:00+00:00
[2026-04-27T23:02:55.315+0000] {processor.py:183} INFO - Processing /opt/airflow/dags/flight-pipeline.py took 1.121 seconds
[2026-04-27T23:03:25.484+0000] {processor.py:161} INFO - Started process (PID=3208) to work on /opt/airflow/dags/flight-pipeline.py
[2026-04-27T23:03:25.487+0000] {processor.py:830} INFO - Processing file /opt/airflow/dags/flight-pipeline.py for tasks to queue
[2026-04-27T23:03:25.493+0000] {logging_mixin.py:188} INFO - [2026-04-27T23:03:25.492+0000] {dagbag.py:545} INFO - Filling up the DagBag from /opt/airflow/dags/flight-pipeline.py
[2026-04-27T23:03:26.267+0000] {processor.py:840} INFO - DAG(s) 'flights_ops_medallion_pipe' retrieved from /opt/airflow/dags/flight-pipeline.py
[2026-04-27T23:03:26.297+0000] {logging_mixin.py:188} INFO - [2026-04-27T23:03:26.296+0000] {dag.py:3089} INFO - Sync 1 DAGs
[2026-04-27T23:03:26.316+0000] {logging_mixin.py:188} INFO - [2026-04-27T23:03:26.315+0000] {dag.py:3947} INFO - Setting next_dagrun for flights_ops_medallion_pipe to 2026-04-27 23:00:00+00:00, run_after=2026-04-27 23:30:00+00:00
[2026-04-27T23:03:26.334+0000] {processor.py:183} INFO - Processing /opt/airflow/dags/flight-pipeline.py took 0.858 seconds
[2026-04-27T23:03:56.734+0000] {processor.py:161} INFO - Started process (PID=3211) to work on /opt/airflow/dags/flight-pipeline.py
[2026-04-27T23:03:56.738+0000] {processor.py:830} INFO - Processing file /opt/airflow/dags/flight-pipeline.py for tasks to queue
[2026-04-27T23:03:56.744+0000] {logging_mixin.py:188} INFO - [2026-04-27T23:03:56.742+0000] {dagbag.py:545} INFO - Filling up the DagBag from /opt/airflow/dags/flight-pipeline.py
[2026-04-27T23:03:57.881+0000] {processor.py:840} INFO - DAG(s) 'flights_ops_medallion_pipe' retrieved from /opt/airflow/dags/flight-pipeline.py
[2026-04-27T23:03:57.918+0000] {logging_mixin.py:188} INFO - [2026-04-27T23:03:57.917+0000] {dag.py:3089} INFO - Sync 1 DAGs
[2026-04-27T23:03:57.942+0000] {logging_mixin.py:188} INFO - [2026-04-27T23:03:57.942+0000] {dag.py:3947} INFO - Setting next_dagrun for flights_ops_medallion_pipe to 2026-04-27 23:00:00+00:00, run_after=2026-04-27 23:30:00+00:00
[2026-04-27T23:03:57.966+0000] {processor.py:183} INFO - Processing /opt/airflow/dags/flight-pipeline.py took 1.254 seconds
[2026-04-27T23:04:28.388+0000] {processor.py:161} INFO - Started process (PID=3214) to work on /opt/airflow/dags/flight-pipeline.py
[2026-04-27T23:04:28.406+0000] {processor.py:830} INFO - Processing file /opt/airflow/dags/flight-pipeline.py for tasks to queue
[2026-04-27T23:04:28.410+0000] {logging_mixin.py:188} INFO - [2026-04-27T23:04:28.409+0000] {dagbag.py:545} INFO - Filling up the DagBag from /opt/airflow/dags/flight-pipeline.py
[2026-04-27T23:04:29.212+0000] {processor.py:840} INFO - DAG(s) 'flights_ops_medallion_pipe' retrieved from /opt/airflow/dags/flight-pipeline.py
[2026-04-27T23:04:29.244+0000] {logging_mixin.py:188} INFO - [2026-04-27T23:04:29.244+0000] {dag.py:3089} INFO - Sync 1 DAGs
[2026-04-27T23:04:29.267+0000] {logging_mixin.py:188} INFO - [2026-04-27T23:04:29.267+0000] {dag.py:3947} INFO - Setting next_dagrun for flights_ops_medallion_pipe to 2026-04-27 23:00:00+00:00, run_after=2026-04-27 23:30:00+00:00
[2026-04-27T23:04:29.286+0000] {processor.py:183} INFO - Processing /opt/airflow/dags/flight-pipeline.py took 0.907 seconds
[2026-04-27T23:04:59.524+0000] {processor.py:161} INFO - Started process (PID=3217) to work on /opt/airflow/dags/flight-pipeline.py
[2026-04-27T23:04:59.528+0000] {processor.py:830} INFO - Processing file /opt/airflow/dags/flight-pipeline.py for tasks to queue
[2026-04-27T23:04:59.537+0000] {logging_mixin.py:188} INFO - [2026-04-27T23:04:59.535+0000] {dagbag.py:545} INFO - Filling up the DagBag from /opt/airflow/dags/flight-pipeline.py
[2026-04-27T23:05:00.426+0000] {processor.py:840} INFO - DAG(s) 'flights_ops_medallion_pipe' retrieved from /opt/airflow/dags/flight-pipeline.py
[2026-04-27T23:05:00.467+0000] {logging_mixin.py:188} INFO - [2026-04-27T23:05:00.466+0000] {dag.py:3089} INFO - Sync 1 DAGs
[2026-04-27T23:05:00.487+0000] {logging_mixin.py:188} INFO - [2026-04-27T23:05:00.487+0000] {dag.py:3947} INFO - Setting next_dagrun for flights_ops_medallion_pipe to 2026-04-27 23:00:00+00:00, run_after=2026-04-27 23:30:00+00:00
[2026-04-27T23:05:00.507+0000] {processor.py:183} INFO - Processing /opt/airflow/dags/flight-pipeline.py took 0.992 seconds
[2026-04-27T23:05:30.789+0000] {processor.py:161} INFO - Started process (PID=3220) to work on /opt/airflow/dags/flight-pipeline.py
[2026-04-27T23:05:30.804+0000] {processor.py:830} INFO - Processing file /opt/airflow/dags/flight-pipeline.py for tasks to queue
[2026-04-27T23:05:30.828+0000] {logging_mixin.py:188} INFO - [2026-04-27T23:05:30.823+0000] {dagbag.py:545} INFO - Filling up the DagBag from /opt/airflow/dags/flight-pipeline.py
[2026-04-27T23:05:31.781+0000] {processor.py:840} INFO - DAG(s) 'flights_ops_medallion_pipe' retrieved from /opt/airflow/dags/flight-pipeline.py
[2026-04-27T23:05:31.819+0000] {logging_mixin.py:188} INFO - [2026-04-27T23:05:31.819+0000] {dag.py:3089} INFO - Sync 1 DAGs
[2026-04-27T23:05:31.840+0000] {logging_mixin.py:188} INFO - [2026-04-27T23:05:31.840+0000] {dag.py:3947} INFO - Setting next_dagrun for flights_ops_medallion_pipe to 2026-04-27 23:00:00+00:00, run_after=2026-04-27 23:30:00+00:00
[2026-04-27T23:05:31.861+0000] {processor.py:183} INFO - Processing /opt/airflow/dags/flight-pipeline.py took 1.080 seconds
[2026-04-27T23:06:02.115+0000] {processor.py:161} INFO - Started process (PID=3223) to work on /opt/airflow/dags/flight-pipeline.py
[2026-04-27T23:06:02.120+0000] {processor.py:830} INFO - Processing file /opt/airflow/dags/flight-pipeline.py for tasks to queue
[2026-04-27T23:06:02.123+0000] {logging_mixin.py:188} INFO - [2026-04-27T23:06:02.122+0000] {dagbag.py:545} INFO - Filling up the DagBag from /opt/airflow/dags/flight-pipeline.py
[2026-04-27T23:06:03.086+0000] {processor.py:840} INFO - DAG(s) 'flights_ops_medallion_pipe' retrieved from /opt/airflow/dags/flight-pipeline.py
[2026-04-27T23:06:03.124+0000] {logging_mixin.py:188} INFO - [2026-04-27T23:06:03.123+0000] {dag.py:3089} INFO - Sync 1 DAGs
[2026-04-27T23:06:03.146+0000] {logging_mixin.py:188} INFO - [2026-04-27T23:06:03.146+0000] {dag.py:3947} INFO - Setting next_dagrun for flights_ops_medallion_pipe to 2026-04-27 23:00:00+00:00, run_after=2026-04-27 23:30:00+00:00
[2026-04-27T23:06:03.164+0000] {processor.py:183} INFO - Processing /opt/airflow/dags/flight-pipeline.py took 1.061 seconds
[2026-04-27T23:06:33.388+0000] {processor.py:161} INFO - Started process (PID=3226) to work on /opt/airflow/dags/flight-pipeline.py
[2026-04-27T23:06:33.392+0000] {processor.py:830} INFO - Processing file /opt/airflow/dags/flight-pipeline.py for tasks to queue
[2026-04-27T23:06:33.394+0000] {logging_mixin.py:188} INFO - [2026-04-27T23:06:33.394+0000] {dagbag.py:545} INFO - Filling up the DagBag from /opt/airflow/dags/flight-pipeline.py
[2026-04-27T23:06:34.282+0000] {processor.py:840} INFO - DAG(s) 'flights_ops_medallion_pipe' retrieved from /opt/airflow/dags/flight-pipeline.py
[2026-04-27T23:06:34.314+0000] {logging_mixin.py:188} INFO - [2026-04-27T23:06:34.314+0000] {dag.py:3089} INFO - Sync 1 DAGs
[2026-04-27T23:06:34.333+0000] {logging_mixin.py:188} INFO - [2026-04-27T23:06:34.333+0000] {dag.py:3947} INFO - Setting next_dagrun for flights_ops_medallion_pipe to 2026-04-27 23:00:00+00:00, run_after=2026-04-27 23:30:00+00:00
[2026-04-27T23:06:34.351+0000] {processor.py:183} INFO - Processing /opt/airflow/dags/flight-pipeline.py took 0.972 seconds
[2026-04-27T23:07:04.633+0000] {processor.py:161} INFO - Started process (PID=3229) to work on /opt/airflow/dags/flight-pipeline.py
[2026-04-27T23:07:04.647+0000] {processor.py:830} INFO - Processing file /opt/airflow/dags/flight-pipeline.py for tasks to queue
[2026-04-27T23:07:04.649+0000] {logging_mixin.py:188} INFO - [2026-04-27T23:07:04.649+0000] {dagbag.py:545} INFO - Filling up the DagBag from /opt/airflow/dags/flight-pipeline.py
[2026-04-27T23:07:05.874+0000] {processor.py:840} INFO - DAG(s) 'flights_ops_medallion_pipe' retrieved from /opt/airflow/dags/flight-pipeline.py
[2026-04-27T23:07:05.906+0000] {logging_mixin.py:188} INFO - [2026-04-27T23:07:05.905+0000] {dag.py:3089} INFO - Sync 1 DAGs
[2026-04-27T23:07:05.927+0000] {logging_mixin.py:188} INFO - [2026-04-27T23:07:05.926+0000] {dag.py:3947} INFO - Setting next_dagrun for flights_ops_medallion_pipe to 2026-04-27 23:00:00+00:00, run_after=2026-04-27 23:30:00+00:00
[2026-04-27T23:07:05.945+0000] {processor.py:183} INFO - Processing /opt/airflow/dags/flight-pipeline.py took 1.320 seconds
[2026-04-27T23:07:36.233+0000] {processor.py:161} INFO - Started process (PID=3232) to work on /opt/airflow/dags/flight-pipeline.py
[2026-04-27T23:07:36.238+0000] {processor.py:830} INFO - Processing file /opt/airflow/dags/flight-pipeline.py for tasks to queue
[2026-04-27T23:07:36.241+0000] {logging_mixin.py:188} INFO - [2026-04-27T23:07:36.241+0000] {dagbag.py:545} INFO - Filling up the DagBag from /opt/airflow/dags/flight-pipeline.py
[2026-04-27T23:07:37.213+0000] {processor.py:840} INFO - DAG(s) 'flights_ops_medallion_pipe' retrieved from /opt/airflow/dags/flight-pipeline.py
[2026-04-27T23:07:37.252+0000] {logging_mixin.py:188} INFO - [2026-04-27T23:07:37.252+0000] {dag.py:3089} INFO - Sync 1 DAGs
[2026-04-27T23:07:37.278+0000] {logging_mixin.py:188} INFO - [2026-04-27T23:07:37.278+0000] {dag.py:3947} INFO - Setting next_dagrun for flights_ops_medallion_pipe to 2026-04-27 23:00:00+00:00, run_after=2026-04-27 23:30:00+00:00
[2026-04-27T23:07:37.305+0000] {processor.py:183} INFO - Processing /opt/airflow/dags/flight-pipeline.py took 1.080 seconds
[2026-04-27T23:08:07.545+0000] {processor.py:161} INFO - Started process (PID=3235) to work on /opt/airflow/dags/flight-pipeline.py
[2026-04-27T23:08:07.549+0000] {processor.py:830} INFO - Processing file /opt/airflow/dags/flight-pipeline.py for tasks to queue
[2026-04-27T23:08:07.553+0000] {logging_mixin.py:188} INFO - [2026-04-27T23:08:07.553+0000] {dagbag.py:545} INFO - Filling up the DagBag from /opt/airflow/dags/flight-pipeline.py
[2026-04-27T23:08:08.395+0000] {processor.py:840} INFO - DAG(s) 'flights_ops_medallion_pipe' retrieved from /opt/airflow/dags/flight-pipeline.py
[2026-04-27T23:08:08.424+0000] {logging_mixin.py:188} INFO - [2026-04-27T23:08:08.423+0000] {dag.py:3089} INFO - Sync 1 DAGs
[2026-04-27T23:08:08.448+0000] {logging_mixin.py:188} INFO - [2026-04-27T23:08:08.448+0000] {dag.py:3947} INFO - Setting next_dagrun for flights_ops_medallion_pipe to 2026-04-27 23:00:00+00:00, run_after=2026-04-27 23:30:00+00:00
[2026-04-27T23:08:08.468+0000] {processor.py:183} INFO - Processing /opt/airflow/dags/flight-pipeline.py took 0.936 seconds
[2026-04-27T23:08:38.752+0000] {processor.py:161} INFO - Started process (PID=3238) to work on /opt/airflow/dags/flight-pipeline.py
[2026-04-27T23:08:38.756+0000] {processor.py:830} INFO - Processing file /opt/airflow/dags/flight-pipeline.py for tasks to queue
[2026-04-27T23:08:38.761+0000] {logging_mixin.py:188} INFO - [2026-04-27T23:08:38.761+0000] {dagbag.py:545} INFO - Filling up the DagBag from /opt/airflow/dags/flight-pipeline.py
[2026-04-27T23:08:39.638+0000] {processor.py:840} INFO - DAG(s) 'flights_ops_medallion_pipe' retrieved from /opt/airflow/dags/flight-pipeline.py
[2026-04-27T23:08:39.676+0000] {logging_mixin.py:188} INFO - [2026-04-27T23:08:39.675+0000] {dag.py:3089} INFO - Sync 1 DAGs
[2026-04-27T23:08:39.696+0000] {logging_mixin.py:188} INFO - [2026-04-27T23:08:39.696+0000] {dag.py:3947} INFO - Setting next_dagrun for flights_ops_medallion_pipe to 2026-04-27 23:00:00+00:00, run_after=2026-04-27 23:30:00+00:00
[2026-04-27T23:08:39.714+0000] {processor.py:183} INFO - Processing /opt/airflow/dags/flight-pipeline.py took 0.975 seconds
[2026-04-27T23:09:10.058+0000] {processor.py:161} INFO - Started process (PID=3241) to work on /opt/airflow/dags/flight-pipeline.py
[2026-04-27T23:09:10.065+0000] {processor.py:830} INFO - Processing file /opt/airflow/dags/flight-pipeline.py for tasks to queue
[2026-04-27T23:09:10.069+0000] {logging_mixin.py:188} INFO - [2026-04-27T23:09:10.067+0000] {dagbag.py:545} INFO - Filling up the DagBag from /opt/airflow/dags/flight-pipeline.py
[2026-04-27T23:09:11.022+0000] {processor.py:840} INFO - DAG(s) 'flights_ops_medallion_pipe' retrieved from /opt/airflow/dags/flight-pipeline.py
[2026-04-27T23:09:11.089+0000] {logging_mixin.py:188} INFO - [2026-04-27T23:09:11.088+0000] {dag.py:3089} INFO - Sync 1 DAGs
[2026-04-27T23:09:11.136+0000] {logging_mixin.py:188} INFO - [2026-04-27T23:09:11.135+0000] {dag.py:3947} INFO - Setting next_dagrun for flights_ops_medallion_pipe to 2026-04-27 23:00:00+00:00, run_after=2026-04-27 23:30:00+00:00
[2026-04-27T23:09:11.171+0000] {processor.py:183} INFO - Processing /opt/airflow/dags/flight-pipeline.py took 1.122 seconds
[2026-04-27T23:09:41.309+0000] {processor.py:161} INFO - Started process (PID=3244) to work on /opt/airflow/dags/flight-pipeline.py
[2026-04-27T23:09:41.313+0000] {processor.py:830} INFO - Processing file /opt/airflow/dags/flight-pipeline.py for tasks to queue
[2026-04-27T23:09:41.316+0000] {logging_mixin.py:188} INFO - [2026-04-27T23:09:41.316+0000] {dagbag.py:545} INFO - Filling up the DagBag from /opt/airflow/dags/flight-pipeline.py
[2026-04-27T23:09:42.227+0000] {processor.py:840} INFO - DAG(s) 'flights_ops_medallion_pipe' retrieved from /opt/airflow/dags/flight-pipeline.py
[2026-04-27T23:09:42.263+0000] {logging_mixin.py:188} INFO - [2026-04-27T23:09:42.262+0000] {dag.py:3089} INFO - Sync 1 DAGs
[2026-04-27T23:09:42.284+0000] {logging_mixin.py:188} INFO - [2026-04-27T23:09:42.284+0000] {dag.py:3947} INFO - Setting next_dagrun for flights_ops_medallion_pipe to 2026-04-27 23:00:00+00:00, run_after=2026-04-27 23:30:00+00:00
[2026-04-27T23:09:42.307+0000] {processor.py:183} INFO - Processing /opt/airflow/dags/flight-pipeline.py took 1.007 seconds
[2026-04-27T23:10:12.546+0000] {processor.py:161} INFO - Started process (PID=3247) to work on /opt/airflow/dags/flight-pipeline.py
[2026-04-27T23:10:12.550+0000] {processor.py:830} INFO - Processing file /opt/airflow/dags/flight-pipeline.py for tasks to queue
[2026-04-27T23:10:12.553+0000] {logging_mixin.py:188} INFO - [2026-04-27T23:10:12.553+0000] {dagbag.py:545} INFO - Filling up the DagBag from /opt/airflow/dags/flight-pipeline.py
[2026-04-27T23:10:13.394+0000] {processor.py:840} INFO - DAG(s) 'flights_ops_medallion_pipe' retrieved from /opt/airflow/dags/flight-pipeline.py
[2026-04-27T23:10:13.428+0000] {logging_mixin.py:188} INFO - [2026-04-27T23:10:13.428+0000] {dag.py:3089} INFO - Sync 1 DAGs
[2026-04-27T23:10:13.449+0000] {logging_mixin.py:188} INFO - [2026-04-27T23:10:13.449+0000] {dag.py:3947} INFO - Setting next_dagrun for flights_ops_medallion_pipe to 2026-04-27 23:00:00+00:00, run_after=2026-04-27 23:30:00+00:00
[2026-04-27T23:10:13.469+0000] {processor.py:183} INFO - Processing /opt/airflow/dags/flight-pipeline.py took 0.931 seconds
[2026-04-27T23:10:43.799+0000] {processor.py:161} INFO - Started process (PID=3250) to work on /opt/airflow/dags/flight-pipeline.py
[2026-04-27T23:10:43.803+0000] {processor.py:830} INFO - Processing file /opt/airflow/dags/flight-pipeline.py for tasks to queue
[2026-04-27T23:10:43.805+0000] {logging_mixin.py:188} INFO - [2026-04-27T23:10:43.805+0000] {dagbag.py:545} INFO - Filling up the DagBag from /opt/airflow/dags/flight-pipeline.py
[2026-04-27T23:10:44.631+0000] {processor.py:840} INFO - DAG(s) 'flights_ops_medallion_pipe' retrieved from /opt/airflow/dags/flight-pipeline.py
[2026-04-27T23:10:44.662+0000] {logging_mixin.py:188} INFO - [2026-04-27T23:10:44.661+0000] {dag.py:3089} INFO - Sync 1 DAGs
[2026-04-27T23:10:44.684+0000] {logging_mixin.py:188} INFO - [2026-04-27T23:10:44.684+0000] {dag.py:3947} INFO - Setting next_dagrun for flights_ops_medallion_pipe to 2026-04-27 23:00:00+00:00, run_after=2026-04-27 23:30:00+00:00
[2026-04-27T23:10:44.705+0000] {processor.py:183} INFO - Processing /opt/airflow/dags/flight-pipeline.py took 0.935 seconds
[2026-04-27T23:11:14.992+0000] {processor.py:161} INFO - Started process (PID=3253) to work on /opt/airflow/dags/flight-pipeline.py
[2026-04-27T23:11:14.998+0000] {processor.py:830} INFO - Processing file /opt/airflow/dags/flight-pipeline.py for tasks to queue
[2026-04-27T23:11:15.001+0000] {logging_mixin.py:188} INFO - [2026-04-27T23:11:15.000+0000] {dagbag.py:545} INFO - Filling up the DagBag from /opt/airflow/dags/flight-pipeline.py
[2026-04-27T23:11:15.808+0000] {processor.py:840} INFO - DAG(s) 'flights_ops_medallion_pipe' retrieved from /opt/airflow/dags/flight-pipeline.py
[2026-04-27T23:11:15.840+0000] {logging_mixin.py:188} INFO - [2026-04-27T23:11:15.838+0000] {dag.py:3089} INFO - Sync 1 DAGs
[2026-04-27T23:11:15.860+0000] {logging_mixin.py:188} INFO - [2026-04-27T23:11:15.860+0000] {dag.py:3947} INFO - Setting next_dagrun for flights_ops_medallion_pipe to 2026-04-27 23:00:00+00:00, run_after=2026-04-27 23:30:00+00:00
[2026-04-27T23:11:15.880+0000] {processor.py:183} INFO - Processing /opt/airflow/dags/flight-pipeline.py took 0.896 seconds
[2026-04-27T23:11:46.171+0000] {processor.py:161} INFO - Started process (PID=3256) to work on /opt/airflow/dags/flight-pipeline.py
[2026-04-27T23:11:46.177+0000] {processor.py:830} INFO - Processing file /opt/airflow/dags/flight-pipeline.py for tasks to queue
[2026-04-27T23:11:46.182+0000] {logging_mixin.py:188} INFO - [2026-04-27T23:11:46.182+0000] {dagbag.py:545} INFO - Filling up the DagBag from /opt/airflow/dags/flight-pipeline.py
[2026-04-27T23:11:47.130+0000] {processor.py:840} INFO - DAG(s) 'flights_ops_medallion_pipe' retrieved from /opt/airflow/dags/flight-pipeline.py
[2026-04-27T23:11:47.166+0000] {logging_mixin.py:188} INFO - [2026-04-27T23:11:47.165+0000] {dag.py:3089} INFO - Sync 1 DAGs
[2026-04-27T23:11:47.187+0000] {logging_mixin.py:188} INFO - [2026-04-27T23:11:47.187+0000] {dag.py:3947} INFO - Setting next_dagrun for flights_ops_medallion_pipe to 2026-04-27 23:00:00+00:00, run_after=2026-04-27 23:30:00+00:00
[2026-04-27T23:11:47.207+0000] {processor.py:183} INFO - Processing /opt/airflow/dags/flight-pipeline.py took 1.045 seconds
[2026-04-27T23:12:17.885+0000] {processor.py:161} INFO - Started process (PID=3259) to work on /opt/airflow/dags/flight-pipeline.py
[2026-04-27T23:12:17.890+0000] {processor.py:830} INFO - Processing file /opt/airflow/dags/flight-pipeline.py for tasks to queue
[2026-04-27T23:12:17.897+0000] {logging_mixin.py:188} INFO - [2026-04-27T23:12:17.896+0000] {dagbag.py:545} INFO - Filling up the DagBag from /opt/airflow/dags/flight-pipeline.py
[2026-04-27T23:17:50.134+0000] {processor.py:161} INFO - Started process (PID=3262) to work on /opt/airflow/dags/flight-pipeline.py
[2026-04-27T23:17:50.141+0000] {processor.py:830} INFO - Processing file /opt/airflow/dags/flight-pipeline.py for tasks to queue
[2026-04-27T23:17:50.150+0000] {logging_mixin.py:188} INFO - [2026-04-27T23:17:50.148+0000] {dagbag.py:545} INFO - Filling up the DagBag from /opt/airflow/dags/flight-pipeline.py
[2026-04-27T23:17:51.559+0000] {processor.py:840} INFO - DAG(s) 'flights_ops_medallion_pipe' retrieved from /opt/airflow/dags/flight-pipeline.py
[2026-04-27T23:17:51.605+0000] {logging_mixin.py:188} INFO - [2026-04-27T23:17:51.604+0000] {dag.py:3089} INFO - Sync 1 DAGs
[2026-04-27T23:17:51.626+0000] {logging_mixin.py:188} INFO - [2026-04-27T23:17:51.625+0000] {dag.py:3947} INFO - Setting next_dagrun for flights_ops_medallion_pipe to 2026-04-27 23:00:00+00:00, run_after=2026-04-27 23:30:00+00:00
[2026-04-27T23:17:51.643+0000] {processor.py:183} INFO - Processing /opt/airflow/dags/flight-pipeline.py took 1.530 seconds
[2026-04-27T23:18:21.937+0000] {processor.py:161} INFO - Started process (PID=3265) to work on /opt/airflow/dags/flight-pipeline.py
[2026-04-27T23:18:21.943+0000] {processor.py:830} INFO - Processing file /opt/airflow/dags/flight-pipeline.py for tasks to queue
[2026-04-27T23:18:21.948+0000] {logging_mixin.py:188} INFO - [2026-04-27T23:18:21.947+0000] {dagbag.py:545} INFO - Filling up the DagBag from /opt/airflow/dags/flight-pipeline.py
[2026-04-27T23:18:22.866+0000] {processor.py:840} INFO - DAG(s) 'flights_ops_medallion_pipe' retrieved from /opt/airflow/dags/flight-pipeline.py
[2026-04-27T23:18:22.902+0000] {logging_mixin.py:188} INFO - [2026-04-27T23:18:22.901+0000] {dag.py:3089} INFO - Sync 1 DAGs
[2026-04-27T23:18:22.927+0000] {logging_mixin.py:188} INFO - [2026-04-27T23:18:22.927+0000] {dag.py:3947} INFO - Setting next_dagrun for flights_ops_medallion_pipe to 2026-04-27 23:00:00+00:00, run_after=2026-04-27 23:30:00+00:00
[2026-04-27T23:18:22.949+0000] {processor.py:183} INFO - Processing /opt/airflow/dags/flight-pipeline.py took 1.026 seconds
[2026-04-27T23:18:53.182+0000] {processor.py:161} INFO - Started process (PID=3268) to work on /opt/airflow/dags/flight-pipeline.py
[2026-04-27T23:18:53.185+0000] {processor.py:830} INFO - Processing file /opt/airflow/dags/flight-pipeline.py for tasks to queue
[2026-04-27T23:18:53.188+0000] {logging_mixin.py:188} INFO - [2026-04-27T23:18:53.188+0000] {dagbag.py:545} INFO - Filling up the DagBag from /opt/airflow/dags/flight-pipeline.py
[2026-04-27T23:18:54.179+0000] {processor.py:840} INFO - DAG(s) 'flights_ops_medallion_pipe' retrieved from /opt/airflow/dags/flight-pipeline.py
[2026-04-27T23:18:54.221+0000] {logging_mixin.py:188} INFO - [2026-04-27T23:18:54.220+0000] {dag.py:3089} INFO - Sync 1 DAGs
[2026-04-27T23:18:54.256+0000] {logging_mixin.py:188} INFO - [2026-04-27T23:18:54.256+0000] {dag.py:3947} INFO - Setting next_dagrun for flights_ops_medallion_pipe to 2026-04-27 23:00:00+00:00, run_after=2026-04-27 23:30:00+00:00
[2026-04-27T23:18:54.281+0000] {processor.py:183} INFO - Processing /opt/airflow/dags/flight-pipeline.py took 1.110 seconds
[2026-04-27T23:19:24.504+0000] {processor.py:161} INFO - Started process (PID=3271) to work on /opt/airflow/dags/flight-pipeline.py
[2026-04-27T23:19:24.508+0000] {processor.py:830} INFO - Processing file /opt/airflow/dags/flight-pipeline.py for tasks to queue
[2026-04-27T23:19:24.512+0000] {logging_mixin.py:188} INFO - [2026-04-27T23:19:24.510+0000] {dagbag.py:545} INFO - Filling up the DagBag from /opt/airflow/dags/flight-pipeline.py
[2026-04-27T23:19:25.406+0000] {processor.py:840} INFO - DAG(s) 'flights_ops_medallion_pipe' retrieved from /opt/airflow/dags/flight-pipeline.py
[2026-04-27T23:19:25.442+0000] {logging_mixin.py:188} INFO - [2026-04-27T23:19:25.440+0000] {dag.py:3089} INFO - Sync 1 DAGs
[2026-04-27T23:19:25.467+0000] {logging_mixin.py:188} INFO - [2026-04-27T23:19:25.467+0000] {dag.py:3947} INFO - Setting next_dagrun for flights_ops_medallion_pipe to 2026-04-27 23:00:00+00:00, run_after=2026-04-27 23:30:00+00:00
[2026-04-27T23:19:25.488+0000] {processor.py:183} INFO - Processing /opt/airflow/dags/flight-pipeline.py took 0.995 seconds
[2026-04-27T23:19:55.856+0000] {processor.py:161} INFO - Started process (PID=3274) to work on /opt/airflow/dags/flight-pipeline.py
[2026-04-27T23:19:55.870+0000] {processor.py:830} INFO - Processing file /opt/airflow/dags/flight-pipeline.py for tasks to queue
[2026-04-27T23:19:55.875+0000] {logging_mixin.py:188} INFO - [2026-04-27T23:19:55.874+0000] {dagbag.py:545} INFO - Filling up the DagBag from /opt/airflow/dags/flight-pipeline.py
[2026-04-27T23:19:57.183+0000] {processor.py:840} INFO - DAG(s) 'flights_ops_medallion_pipe' retrieved from /opt/airflow/dags/flight-pipeline.py
[2026-04-27T23:19:57.262+0000] {logging_mixin.py:188} INFO - [2026-04-27T23:19:57.261+0000] {dag.py:3089} INFO - Sync 1 DAGs
[2026-04-27T23:19:57.310+0000] {logging_mixin.py:188} INFO - [2026-04-27T23:19:57.310+0000] {dag.py:3947} INFO - Setting next_dagrun for flights_ops_medallion_pipe to 2026-04-27 23:00:00+00:00, run_after=2026-04-27 23:30:00+00:00
[2026-04-27T23:19:57.342+0000] {processor.py:183} INFO - Processing /opt/airflow/dags/flight-pipeline.py took 1.501 seconds
[2026-04-27T23:20:27.694+0000] {processor.py:161} INFO - Started process (PID=3277) to work on /opt/airflow/dags/flight-pipeline.py
[2026-04-27T23:20:27.697+0000] {processor.py:830} INFO - Processing file /opt/airflow/dags/flight-pipeline.py for tasks to queue
[2026-04-27T23:20:27.699+0000] {logging_mixin.py:188} INFO - [2026-04-27T23:20:27.698+0000] {dagbag.py:545} INFO - Filling up the DagBag from /opt/airflow/dags/flight-pipeline.py
[2026-04-27T23:20:28.567+0000] {processor.py:840} INFO - DAG(s) 'flights_ops_medallion_pipe' retrieved from /opt/airflow/dags/flight-pipeline.py
[2026-04-27T23:20:28.599+0000] {logging_mixin.py:188} INFO - [2026-04-27T23:20:28.598+0000] {dag.py:3089} INFO - Sync 1 DAGs
[2026-04-27T23:20:28.618+0000] {logging_mixin.py:188} INFO - [2026-04-27T23:20:28.618+0000] {dag.py:3947} INFO - Setting next_dagrun for flights_ops_medallion_pipe to 2026-04-27 23:00:00+00:00, run_after=2026-04-27 23:30:00+00:00
[2026-04-27T23:20:28.637+0000] {processor.py:183} INFO - Processing /opt/airflow/dags/flight-pipeline.py took 0.951 seconds
[2026-04-27T23:20:58.917+0000] {processor.py:161} INFO - Started process (PID=3280) to work on /opt/airflow/dags/flight-pipeline.py
[2026-04-27T23:20:58.922+0000] {processor.py:830} INFO - Processing file /opt/airflow/dags/flight-pipeline.py for tasks to queue
[2026-04-27T23:20:58.924+0000] {logging_mixin.py:188} INFO - [2026-04-27T23:20:58.924+0000] {dagbag.py:545} INFO - Filling up the DagBag from /opt/airflow/dags/flight-pipeline.py
[2026-04-27T23:20:59.790+0000] {processor.py:840} INFO - DAG(s) 'flights_ops_medallion_pipe' retrieved from /opt/airflow/dags/flight-pipeline.py
[2026-04-27T23:20:59.829+0000] {logging_mixin.py:188} INFO - [2026-04-27T23:20:59.829+0000] {dag.py:3089} INFO - Sync 1 DAGs
[2026-04-27T23:20:59.851+0000] {logging_mixin.py:188} INFO - [2026-04-27T23:20:59.851+0000] {dag.py:3947} INFO - Setting next_dagrun for flights_ops_medallion_pipe to 2026-04-27 23:00:00+00:00, run_after=2026-04-27 23:30:00+00:00
[2026-04-27T23:20:59.870+0000] {processor.py:183} INFO - Processing /opt/airflow/dags/flight-pipeline.py took 0.961 seconds
[2026-04-27T23:21:30.225+0000] {processor.py:161} INFO - Started process (PID=3283) to work on /opt/airflow/dags/flight-pipeline.py
[2026-04-27T23:21:30.228+0000] {processor.py:830} INFO - Processing file /opt/airflow/dags/flight-pipeline.py for tasks to queue
[2026-04-27T23:21:30.231+0000] {logging_mixin.py:188} INFO - [2026-04-27T23:21:30.231+0000] {dagbag.py:545} INFO - Filling up the DagBag from /opt/airflow/dags/flight-pipeline.py
[2026-04-27T23:21:31.191+0000] {processor.py:840} INFO - DAG(s) 'flights_ops_medallion_pipe' retrieved from /opt/airflow/dags/flight-pipeline.py
[2026-04-27T23:21:31.238+0000] {logging_mixin.py:188} INFO - [2026-04-27T23:21:31.238+0000] {dag.py:3089} INFO - Sync 1 DAGs
[2026-04-27T23:21:31.267+0000] {logging_mixin.py:188} INFO - [2026-04-27T23:21:31.267+0000] {dag.py:3947} INFO - Setting next_dagrun for flights_ops_medallion_pipe to 2026-04-27 23:00:00+00:00, run_after=2026-04-27 23:30:00+00:00
[2026-04-27T23:21:31.292+0000] {processor.py:183} INFO - Processing /opt/airflow/dags/flight-pipeline.py took 1.079 seconds
[2026-04-27T23:22:01.509+0000] {processor.py:161} INFO - Started process (PID=3286) to work on /opt/airflow/dags/flight-pipeline.py
[2026-04-27T23:22:01.514+0000] {processor.py:830} INFO - Processing file /opt/airflow/dags/flight-pipeline.py for tasks to queue
[2026-04-27T23:22:01.517+0000] {logging_mixin.py:188} INFO - [2026-04-27T23:22:01.517+0000] {dagbag.py:545} INFO - Filling up the DagBag from /opt/airflow/dags/flight-pipeline.py
[2026-04-27T23:22:02.749+0000] {processor.py:840} INFO - DAG(s) 'flights_ops_medallion_pipe' retrieved from /opt/airflow/dags/flight-pipeline.py
[2026-04-27T23:22:02.802+0000] {logging_mixin.py:188} INFO - [2026-04-27T23:22:02.801+0000] {dag.py:3089} INFO - Sync 1 DAGs
[2026-04-27T23:22:02.828+0000] {logging_mixin.py:188} INFO - [2026-04-27T23:22:02.828+0000] {dag.py:3947} INFO - Setting next_dagrun for flights_ops_medallion_pipe to 2026-04-27 23:00:00+00:00, run_after=2026-04-27 23:30:00+00:00
[2026-04-27T23:22:02.852+0000] {processor.py:183} INFO - Processing /opt/airflow/dags/flight-pipeline.py took 1.353 seconds
[2026-04-27T23:22:33.217+0000] {processor.py:161} INFO - Started process (PID=3289) to work on /opt/airflow/dags/flight-pipeline.py
[2026-04-27T23:22:33.233+0000] {processor.py:830} INFO - Processing file /opt/airflow/dags/flight-pipeline.py for tasks to queue
[2026-04-27T23:22:33.236+0000] {logging_mixin.py:188} INFO - [2026-04-27T23:22:33.235+0000] {dagbag.py:545} INFO - Filling up the DagBag from /opt/airflow/dags/flight-pipeline.py
[2026-04-27T23:22:34.927+0000] {processor.py:840} INFO - DAG(s) 'flights_ops_medallion_pipe' retrieved from /opt/airflow/dags/flight-pipeline.py
[2026-04-27T23:22:34.969+0000] {logging_mixin.py:188} INFO - [2026-04-27T23:22:34.968+0000] {dag.py:3089} INFO - Sync 1 DAGs
[2026-04-27T23:22:34.993+0000] {logging_mixin.py:188} INFO - [2026-04-27T23:22:34.993+0000] {dag.py:3947} INFO - Setting next_dagrun for flights_ops_medallion_pipe to 2026-04-27 23:00:00+00:00, run_after=2026-04-27 23:30:00+00:00
[2026-04-27T23:22:35.019+0000] {processor.py:183} INFO - Processing /opt/airflow/dags/flight-pipeline.py took 1.820 seconds
[2026-04-27T23:23:05.308+0000] {processor.py:161} INFO - Started process (PID=3292) to work on /opt/airflow/dags/flight-pipeline.py
[2026-04-27T23:23:05.312+0000] {processor.py:830} INFO - Processing file /opt/airflow/dags/flight-pipeline.py for tasks to queue
[2026-04-27T23:23:05.314+0000] {logging_mixin.py:188} INFO - [2026-04-27T23:23:05.314+0000] {dagbag.py:545} INFO - Filling up the DagBag from /opt/airflow/dags/flight-pipeline.py
[2026-04-27T23:23:06.279+0000] {processor.py:840} INFO - DAG(s) 'flights_ops_medallion_pipe' retrieved from /opt/airflow/dags/flight-pipeline.py
[2026-04-27T23:23:06.313+0000] {logging_mixin.py:188} INFO - [2026-04-27T23:23:06.312+0000] {dag.py:3089} INFO - Sync 1 DAGs
[2026-04-27T23:23:06.336+0000] {logging_mixin.py:188} INFO - [2026-04-27T23:23:06.335+0000] {dag.py:3947} INFO - Setting next_dagrun for flights_ops_medallion_pipe to 2026-04-27 23:00:00+00:00, run_after=2026-04-27 23:30:00+00:00
[2026-04-27T23:23:06.357+0000] {processor.py:183} INFO - Processing /opt/airflow/dags/flight-pipeline.py took 1.059 seconds
[2026-04-27T23:23:36.558+0000] {processor.py:161} INFO - Started process (PID=3295) to work on /opt/airflow/dags/flight-pipeline.py
[2026-04-27T23:23:36.562+0000] {processor.py:830} INFO - Processing file /opt/airflow/dags/flight-pipeline.py for tasks to queue
[2026-04-27T23:23:36.566+0000] {logging_mixin.py:188} INFO - [2026-04-27T23:23:36.564+0000] {dagbag.py:545} INFO - Filling up the DagBag from /opt/airflow/dags/flight-pipeline.py
[2026-04-27T23:23:37.456+0000] {processor.py:840} INFO - DAG(s) 'flights_ops_medallion_pipe' retrieved from /opt/airflow/dags/flight-pipeline.py
[2026-04-27T23:23:37.489+0000] {logging_mixin.py:188} INFO - [2026-04-27T23:23:37.488+0000] {dag.py:3089} INFO - Sync 1 DAGs
[2026-04-27T23:23:37.513+0000] {logging_mixin.py:188} INFO - [2026-04-27T23:23:37.513+0000] {dag.py:3947} INFO - Setting next_dagrun for flights_ops_medallion_pipe to 2026-04-27 23:00:00+00:00, run_after=2026-04-27 23:30:00+00:00
[2026-04-27T23:23:37.538+0000] {processor.py:183} INFO - Processing /opt/airflow/dags/flight-pipeline.py took 0.988 seconds
[2026-04-27T23:24:07.855+0000] {processor.py:161} INFO - Started process (PID=3298) to work on /opt/airflow/dags/flight-pipeline.py
[2026-04-27T23:24:07.881+0000] {processor.py:830} INFO - Processing file /opt/airflow/dags/flight-pipeline.py for tasks to queue
[2026-04-27T23:24:07.890+0000] {logging_mixin.py:188} INFO - [2026-04-27T23:24:07.887+0000] {dagbag.py:545} INFO - Filling up the DagBag from /opt/airflow/dags/flight-pipeline.py
[2026-04-27T23:24:11.994+0000] {processor.py:840} INFO - DAG(s) 'flights_ops_medallion_pipe' retrieved from /opt/airflow/dags/flight-pipeline.py
[2026-04-27T23:24:12.086+0000] {logging_mixin.py:188} INFO - [2026-04-27T23:24:12.084+0000] {dag.py:3089} INFO - Sync 1 DAGs
[2026-04-27T23:24:12.157+0000] {logging_mixin.py:188} INFO - [2026-04-27T23:24:12.156+0000] {dag.py:3947} INFO - Setting next_dagrun for flights_ops_medallion_pipe to 2026-04-27 23:00:00+00:00, run_after=2026-04-27 23:30:00+00:00
[2026-04-27T23:24:12.203+0000] {processor.py:183} INFO - Processing /opt/airflow/dags/flight-pipeline.py took 4.404 seconds
[2026-04-27T23:24:42.425+0000] {processor.py:161} INFO - Started process (PID=3301) to work on /opt/airflow/dags/flight-pipeline.py
[2026-04-27T23:24:42.429+0000] {processor.py:830} INFO - Processing file /opt/airflow/dags/flight-pipeline.py for tasks to queue
[2026-04-27T23:24:42.433+0000] {logging_mixin.py:188} INFO - [2026-04-27T23:24:42.432+0000] {dagbag.py:545} INFO - Filling up the DagBag from /opt/airflow/dags/flight-pipeline.py
[2026-04-27T23:24:43.308+0000] {processor.py:840} INFO - DAG(s) 'flights_ops_medallion_pipe' retrieved from /opt/airflow/dags/flight-pipeline.py
[2026-04-27T23:24:43.339+0000] {logging_mixin.py:188} INFO - [2026-04-27T23:24:43.339+0000] {dag.py:3089} INFO - Sync 1 DAGs
[2026-04-27T23:24:43.359+0000] {logging_mixin.py:188} INFO - [2026-04-27T23:24:43.359+0000] {dag.py:3947} INFO - Setting next_dagrun for flights_ops_medallion_pipe to 2026-04-27 23:00:00+00:00, run_after=2026-04-27 23:30:00+00:00
[2026-04-27T23:24:43.380+0000] {processor.py:183} INFO - Processing /opt/airflow/dags/flight-pipeline.py took 0.963 seconds
[2026-04-27T23:25:13.663+0000] {processor.py:161} INFO - Started process (PID=3304) to work on /opt/airflow/dags/flight-pipeline.py
[2026-04-27T23:25:13.667+0000] {processor.py:830} INFO - Processing file /opt/airflow/dags/flight-pipeline.py for tasks to queue
[2026-04-27T23:25:13.673+0000] {logging_mixin.py:188} INFO - [2026-04-27T23:25:13.671+0000] {dagbag.py:545} INFO - Filling up the DagBag from /opt/airflow/dags/flight-pipeline.py
[2026-04-27T23:25:14.622+0000] {processor.py:840} INFO - DAG(s) 'flights_ops_medallion_pipe' retrieved from /opt/airflow/dags/flight-pipeline.py
[2026-04-27T23:25:14.658+0000] {logging_mixin.py:188} INFO - [2026-04-27T23:25:14.658+0000] {dag.py:3089} INFO - Sync 1 DAGs
[2026-04-27T23:25:14.681+0000] {logging_mixin.py:188} INFO - [2026-04-27T23:25:14.681+0000] {dag.py:3947} INFO - Setting next_dagrun for flights_ops_medallion_pipe to 2026-04-27 23:00:00+00:00, run_after=2026-04-27 23:30:00+00:00
[2026-04-27T23:25:14.699+0000] {processor.py:183} INFO - Processing /opt/airflow/dags/flight-pipeline.py took 1.047 seconds
[2026-04-27T23:25:44.894+0000] {processor.py:161} INFO - Started process (PID=3307) to work on /opt/airflow/dags/flight-pipeline.py
[2026-04-27T23:25:44.899+0000] {processor.py:830} INFO - Processing file /opt/airflow/dags/flight-pipeline.py for tasks to queue
[2026-04-27T23:25:44.901+0000] {logging_mixin.py:188} INFO - [2026-04-27T23:25:44.901+0000] {dagbag.py:545} INFO - Filling up the DagBag from /opt/airflow/dags/flight-pipeline.py
[2026-04-27T23:25:45.778+0000] {processor.py:840} INFO - DAG(s) 'flights_ops_medallion_pipe' retrieved from /opt/airflow/dags/flight-pipeline.py
[2026-04-27T23:25:45.823+0000] {logging_mixin.py:188} INFO - [2026-04-27T23:25:45.823+0000] {dag.py:3089} INFO - Sync 1 DAGs
[2026-04-27T23:25:45.846+0000] {logging_mixin.py:188} INFO - [2026-04-27T23:25:45.846+0000] {dag.py:3947} INFO - Setting next_dagrun for flights_ops_medallion_pipe to 2026-04-27 23:00:00+00:00, run_after=2026-04-27 23:30:00+00:00
[2026-04-27T23:25:45.870+0000] {processor.py:183} INFO - Processing /opt/airflow/dags/flight-pipeline.py took 0.984 seconds
[2026-04-27T23:26:16.240+0000] {processor.py:161} INFO - Started process (PID=3310) to work on /opt/airflow/dags/flight-pipeline.py
[2026-04-27T23:26:16.264+0000] {processor.py:830} INFO - Processing file /opt/airflow/dags/flight-pipeline.py for tasks to queue
[2026-04-27T23:26:16.274+0000] {logging_mixin.py:188} INFO - [2026-04-27T23:26:16.273+0000] {dagbag.py:545} INFO - Filling up the DagBag from /opt/airflow/dags/flight-pipeline.py
[2026-04-27T23:26:17.474+0000] {processor.py:840} INFO - DAG(s) 'flights_ops_medallion_pipe' retrieved from /opt/airflow/dags/flight-pipeline.py
[2026-04-27T23:26:17.511+0000] {logging_mixin.py:188} INFO - [2026-04-27T23:26:17.510+0000] {dag.py:3089} INFO - Sync 1 DAGs
[2026-04-27T23:26:17.533+0000] {logging_mixin.py:188} INFO - [2026-04-27T23:26:17.533+0000] {dag.py:3947} INFO - Setting next_dagrun for flights_ops_medallion_pipe to 2026-04-27 23:00:00+00:00, run_after=2026-04-27 23:30:00+00:00
[2026-04-27T23:26:17.552+0000] {processor.py:183} INFO - Processing /opt/airflow/dags/flight-pipeline.py took 1.321 seconds
[2026-04-27T23:26:47.839+0000] {processor.py:161} INFO - Started process (PID=3313) to work on /opt/airflow/dags/flight-pipeline.py
[2026-04-27T23:26:47.843+0000] {processor.py:830} INFO - Processing file /opt/airflow/dags/flight-pipeline.py for tasks to queue
[2026-04-27T23:26:47.859+0000] {logging_mixin.py:188} INFO - [2026-04-27T23:26:47.857+0000] {dagbag.py:545} INFO - Filling up the DagBag from /opt/airflow/dags/flight-pipeline.py
[2026-04-27T23:26:49.005+0000] {processor.py:840} INFO - DAG(s) 'flights_ops_medallion_pipe' retrieved from /opt/airflow/dags/flight-pipeline.py
[2026-04-27T23:26:49.037+0000] {logging_mixin.py:188} INFO - [2026-04-27T23:26:49.037+0000] {dag.py:3089} INFO - Sync 1 DAGs
[2026-04-27T23:26:49.058+0000] {logging_mixin.py:188} INFO - [2026-04-27T23:26:49.058+0000] {dag.py:3947} INFO - Setting next_dagrun for flights_ops_medallion_pipe to 2026-04-27 23:00:00+00:00, run_after=2026-04-27 23:30:00+00:00
[2026-04-27T23:26:49.075+0000] {processor.py:183} INFO - Processing /opt/airflow/dags/flight-pipeline.py took 1.246 seconds
[2026-04-27T23:27:19.314+0000] {processor.py:161} INFO - Started process (PID=3316) to work on /opt/airflow/dags/flight-pipeline.py
[2026-04-27T23:27:19.318+0000] {processor.py:830} INFO - Processing file /opt/airflow/dags/flight-pipeline.py for tasks to queue
[2026-04-27T23:27:19.326+0000] {logging_mixin.py:188} INFO - [2026-04-27T23:27:19.326+0000] {dagbag.py:545} INFO - Filling up the DagBag from /opt/airflow/dags/flight-pipeline.py
[2026-04-27T23:27:20.220+0000] {processor.py:840} INFO - DAG(s) 'flights_ops_medallion_pipe' retrieved from /opt/airflow/dags/flight-pipeline.py
[2026-04-27T23:27:20.253+0000] {logging_mixin.py:188} INFO - [2026-04-27T23:27:20.252+0000] {dag.py:3089} INFO - Sync 1 DAGs
[2026-04-27T23:27:20.276+0000] {logging_mixin.py:188} INFO - [2026-04-27T23:27:20.276+0000] {dag.py:3947} INFO - Setting next_dagrun for flights_ops_medallion_pipe to 2026-04-27 23:00:00+00:00, run_after=2026-04-27 23:30:00+00:00
[2026-04-27T23:27:20.298+0000] {processor.py:183} INFO - Processing /opt/airflow/dags/flight-pipeline.py took 0.992 seconds
[2026-04-27T23:27:50.559+0000] {processor.py:161} INFO - Started process (PID=3319) to work on /opt/airflow/dags/flight-pipeline.py
[2026-04-27T23:27:50.562+0000] {processor.py:830} INFO - Processing file /opt/airflow/dags/flight-pipeline.py for tasks to queue
[2026-04-27T23:27:50.565+0000] {logging_mixin.py:188} INFO - [2026-04-27T23:27:50.565+0000] {dagbag.py:545} INFO - Filling up the DagBag from /opt/airflow/dags/flight-pipeline.py
[2026-04-27T23:27:51.476+0000] {processor.py:840} INFO - DAG(s) 'flights_ops_medallion_pipe' retrieved from /opt/airflow/dags/flight-pipeline.py
[2026-04-27T23:27:51.515+0000] {logging_mixin.py:188} INFO - [2026-04-27T23:27:51.514+0000] {dag.py:3089} INFO - Sync 1 DAGs
[2026-04-27T23:27:51.542+0000] {logging_mixin.py:188} INFO - [2026-04-27T23:27:51.541+0000] {dag.py:3947} INFO - Setting next_dagrun for flights_ops_medallion_pipe to 2026-04-27 23:00:00+00:00, run_after=2026-04-27 23:30:00+00:00
[2026-04-27T23:27:51.569+0000] {processor.py:183} INFO - Processing /opt/airflow/dags/flight-pipeline.py took 1.019 seconds
[2026-04-27T23:28:21.873+0000] {processor.py:161} INFO - Started process (PID=3322) to work on /opt/airflow/dags/flight-pipeline.py
[2026-04-27T23:28:21.876+0000] {processor.py:830} INFO - Processing file /opt/airflow/dags/flight-pipeline.py for tasks to queue
[2026-04-27T23:28:21.879+0000] {logging_mixin.py:188} INFO - [2026-04-27T23:28:21.878+0000] {dagbag.py:545} INFO - Filling up the DagBag from /opt/airflow/dags/flight-pipeline.py
[2026-04-27T23:28:22.763+0000] {processor.py:840} INFO - DAG(s) 'flights_ops_medallion_pipe' retrieved from /opt/airflow/dags/flight-pipeline.py
[2026-04-27T23:28:22.799+0000] {logging_mixin.py:188} INFO - [2026-04-27T23:28:22.797+0000] {dag.py:3089} INFO - Sync 1 DAGs
[2026-04-27T23:28:22.820+0000] {logging_mixin.py:188} INFO - [2026-04-27T23:28:22.820+0000] {dag.py:3947} INFO - Setting next_dagrun for flights_ops_medallion_pipe to 2026-04-27 23:00:00+00:00, run_after=2026-04-27 23:30:00+00:00
[2026-04-27T23:28:22.838+0000] {processor.py:183} INFO - Processing /opt/airflow/dags/flight-pipeline.py took 0.978 seconds
[2026-04-27T23:28:53.142+0000] {processor.py:161} INFO - Started process (PID=3325) to work on /opt/airflow/dags/flight-pipeline.py
[2026-04-27T23:28:53.145+0000] {processor.py:830} INFO - Processing file /opt/airflow/dags/flight-pipeline.py for tasks to queue
[2026-04-27T23:28:53.149+0000] {logging_mixin.py:188} INFO - [2026-04-27T23:28:53.148+0000] {dagbag.py:545} INFO - Filling up the DagBag from /opt/airflow/dags/flight-pipeline.py
[2026-04-27T23:28:54.070+0000] {processor.py:840} INFO - DAG(s) 'flights_ops_medallion_pipe' retrieved from /opt/airflow/dags/flight-pipeline.py
[2026-04-27T23:28:54.103+0000] {logging_mixin.py:188} INFO - [2026-04-27T23:28:54.102+0000] {dag.py:3089} INFO - Sync 1 DAGs
[2026-04-27T23:28:54.125+0000] {logging_mixin.py:188} INFO - [2026-04-27T23:28:54.124+0000] {dag.py:3947} INFO - Setting next_dagrun for flights_ops_medallion_pipe to 2026-04-27 23:00:00+00:00, run_after=2026-04-27 23:30:00+00:00
[2026-04-27T23:28:54.149+0000] {processor.py:183} INFO - Processing /opt/airflow/dags/flight-pipeline.py took 1.015 seconds
[2026-04-27T23:29:24.369+0000] {processor.py:161} INFO - Started process (PID=3328) to work on /opt/airflow/dags/flight-pipeline.py
[2026-04-27T23:29:24.374+0000] {processor.py:830} INFO - Processing file /opt/airflow/dags/flight-pipeline.py for tasks to queue
[2026-04-27T23:29:24.376+0000] {logging_mixin.py:188} INFO - [2026-04-27T23:29:24.376+0000] {dagbag.py:545} INFO - Filling up the DagBag from /opt/airflow/dags/flight-pipeline.py
[2026-04-27T23:29:25.249+0000] {processor.py:840} INFO - DAG(s) 'flights_ops_medallion_pipe' retrieved from /opt/airflow/dags/flight-pipeline.py
[2026-04-27T23:29:25.286+0000] {logging_mixin.py:188} INFO - [2026-04-27T23:29:25.285+0000] {dag.py:3089} INFO - Sync 1 DAGs
[2026-04-27T23:29:25.310+0000] {logging_mixin.py:188} INFO - [2026-04-27T23:29:25.310+0000] {dag.py:3947} INFO - Setting next_dagrun for flights_ops_medallion_pipe to 2026-04-27 23:00:00+00:00, run_after=2026-04-27 23:30:00+00:00
[2026-04-27T23:29:25.330+0000] {processor.py:183} INFO - Processing /opt/airflow/dags/flight-pipeline.py took 0.969 seconds
[2026-04-27T23:29:55.651+0000] {processor.py:161} INFO - Started process (PID=3331) to work on /opt/airflow/dags/flight-pipeline.py
[2026-04-27T23:29:55.655+0000] {processor.py:830} INFO - Processing file /opt/airflow/dags/flight-pipeline.py for tasks to queue
[2026-04-27T23:29:55.659+0000] {logging_mixin.py:188} INFO - [2026-04-27T23:29:55.658+0000] {dagbag.py:545} INFO - Filling up the DagBag from /opt/airflow/dags/flight-pipeline.py
[2026-04-27T23:29:56.557+0000] {processor.py:840} INFO - DAG(s) 'flights_ops_medallion_pipe' retrieved from /opt/airflow/dags/flight-pipeline.py
[2026-04-27T23:29:56.599+0000] {logging_mixin.py:188} INFO - [2026-04-27T23:29:56.598+0000] {dag.py:3089} INFO - Sync 1 DAGs
[2026-04-27T23:29:56.627+0000] {logging_mixin.py:188} INFO - [2026-04-27T23:29:56.626+0000] {dag.py:3947} INFO - Setting next_dagrun for flights_ops_medallion_pipe to 2026-04-27 23:00:00+00:00, run_after=2026-04-27 23:30:00+00:00
[2026-04-27T23:29:56.649+0000] {processor.py:183} INFO - Processing /opt/airflow/dags/flight-pipeline.py took 1.006 seconds
[2026-04-27T23:30:26.846+0000] {processor.py:161} INFO - Started process (PID=3378) to work on /opt/airflow/dags/flight-pipeline.py
[2026-04-27T23:30:26.849+0000] {processor.py:830} INFO - Processing file /opt/airflow/dags/flight-pipeline.py for tasks to queue
[2026-04-27T23:30:26.852+0000] {logging_mixin.py:188} INFO - [2026-04-27T23:30:26.851+0000] {dagbag.py:545} INFO - Filling up the DagBag from /opt/airflow/dags/flight-pipeline.py
[2026-04-27T23:30:28.173+0000] {processor.py:840} INFO - DAG(s) 'flights_ops_medallion_pipe' retrieved from /opt/airflow/dags/flight-pipeline.py
[2026-04-27T23:30:28.209+0000] {logging_mixin.py:188} INFO - [2026-04-27T23:30:28.209+0000] {dag.py:3089} INFO - Sync 1 DAGs
[2026-04-27T23:30:28.233+0000] {logging_mixin.py:188} INFO - [2026-04-27T23:30:28.233+0000] {dag.py:3947} INFO - Setting next_dagrun for flights_ops_medallion_pipe to 2026-04-27 23:30:00+00:00, run_after=2026-04-28 00:00:00+00:00
[2026-04-27T23:30:28.255+0000] {processor.py:183} INFO - Processing /opt/airflow/dags/flight-pipeline.py took 1.418 seconds
[2026-04-27T23:30:58.486+0000] {processor.py:161} INFO - Started process (PID=3381) to work on /opt/airflow/dags/flight-pipeline.py
[2026-04-27T23:30:58.494+0000] {processor.py:830} INFO - Processing file /opt/airflow/dags/flight-pipeline.py for tasks to queue
[2026-04-27T23:30:58.512+0000] {logging_mixin.py:188} INFO - [2026-04-27T23:30:58.509+0000] {dagbag.py:545} INFO - Filling up the DagBag from /opt/airflow/dags/flight-pipeline.py
[2026-04-27T23:30:59.440+0000] {processor.py:840} INFO - DAG(s) 'flights_ops_medallion_pipe' retrieved from /opt/airflow/dags/flight-pipeline.py
[2026-04-27T23:30:59.482+0000] {logging_mixin.py:188} INFO - [2026-04-27T23:30:59.480+0000] {dag.py:3089} INFO - Sync 1 DAGs
[2026-04-27T23:30:59.505+0000] {logging_mixin.py:188} INFO - [2026-04-27T23:30:59.505+0000] {dag.py:3947} INFO - Setting next_dagrun for flights_ops_medallion_pipe to 2026-04-27 23:30:00+00:00, run_after=2026-04-28 00:00:00+00:00
[2026-04-27T23:30:59.527+0000] {processor.py:183} INFO - Processing /opt/airflow/dags/flight-pipeline.py took 1.051 seconds
[2026-04-27T23:31:29.736+0000] {processor.py:161} INFO - Started process (PID=3384) to work on /opt/airflow/dags/flight-pipeline.py
[2026-04-27T23:31:29.742+0000] {processor.py:830} INFO - Processing file /opt/airflow/dags/flight-pipeline.py for tasks to queue
[2026-04-27T23:31:29.746+0000] {logging_mixin.py:188} INFO - [2026-04-27T23:31:29.745+0000] {dagbag.py:545} INFO - Filling up the DagBag from /opt/airflow/dags/flight-pipeline.py
[2026-04-27T23:31:30.668+0000] {processor.py:840} INFO - DAG(s) 'flights_ops_medallion_pipe' retrieved from /opt/airflow/dags/flight-pipeline.py
[2026-04-27T23:31:30.726+0000] {logging_mixin.py:188} INFO - [2026-04-27T23:31:30.726+0000] {dag.py:3089} INFO - Sync 1 DAGs
[2026-04-27T23:31:30.747+0000] {logging_mixin.py:188} INFO - [2026-04-27T23:31:30.747+0000] {dag.py:3947} INFO - Setting next_dagrun for flights_ops_medallion_pipe to 2026-04-27 23:30:00+00:00, run_after=2026-04-28 00:00:00+00:00
[2026-04-27T23:31:30.768+0000] {processor.py:183} INFO - Processing /opt/airflow/dags/flight-pipeline.py took 1.045 seconds
[2026-04-27T23:32:01.012+0000] {processor.py:161} INFO - Started process (PID=3387) to work on /opt/airflow/dags/flight-pipeline.py
[2026-04-27T23:32:01.015+0000] {processor.py:830} INFO - Processing file /opt/airflow/dags/flight-pipeline.py for tasks to queue
[2026-04-27T23:32:01.017+0000] {logging_mixin.py:188} INFO - [2026-04-27T23:32:01.017+0000] {dagbag.py:545} INFO - Filling up the DagBag from /opt/airflow/dags/flight-pipeline.py
[2026-04-27T23:32:01.914+0000] {processor.py:840} INFO - DAG(s) 'flights_ops_medallion_pipe' retrieved from /opt/airflow/dags/flight-pipeline.py
[2026-04-27T23:32:01.950+0000] {logging_mixin.py:188} INFO - [2026-04-27T23:32:01.949+0000] {dag.py:3089} INFO - Sync 1 DAGs
[2026-04-27T23:32:01.997+0000] {logging_mixin.py:188} INFO - [2026-04-27T23:32:01.996+0000] {dag.py:3947} INFO - Setting next_dagrun for flights_ops_medallion_pipe to 2026-04-27 23:30:00+00:00, run_after=2026-04-28 00:00:00+00:00
[2026-04-27T23:32:02.036+0000] {processor.py:183} INFO - Processing /opt/airflow/dags/flight-pipeline.py took 1.034 seconds
[2026-04-27T23:32:32.297+0000] {processor.py:161} INFO - Started process (PID=3390) to work on /opt/airflow/dags/flight-pipeline.py
[2026-04-27T23:32:32.300+0000] {processor.py:830} INFO - Processing file /opt/airflow/dags/flight-pipeline.py for tasks to queue
[2026-04-27T23:32:32.302+0000] {logging_mixin.py:188} INFO - [2026-04-27T23:32:32.302+0000] {dagbag.py:545} INFO - Filling up the DagBag from /opt/airflow/dags/flight-pipeline.py
[2026-04-27T23:32:33.184+0000] {processor.py:840} INFO - DAG(s) 'flights_ops_medallion_pipe' retrieved from /opt/airflow/dags/flight-pipeline.py
[2026-04-27T23:32:33.217+0000] {logging_mixin.py:188} INFO - [2026-04-27T23:32:33.216+0000] {dag.py:3089} INFO - Sync 1 DAGs
[2026-04-27T23:32:33.241+0000] {logging_mixin.py:188} INFO - [2026-04-27T23:32:33.240+0000] {dag.py:3947} INFO - Setting next_dagrun for flights_ops_medallion_pipe to 2026-04-27 23:30:00+00:00, run_after=2026-04-28 00:00:00+00:00
[2026-04-27T23:32:33.264+0000] {processor.py:183} INFO - Processing /opt/airflow/dags/flight-pipeline.py took 0.975 seconds
[2026-04-27T23:33:03.527+0000] {processor.py:161} INFO - Started process (PID=3393) to work on /opt/airflow/dags/flight-pipeline.py
[2026-04-27T23:33:03.529+0000] {processor.py:830} INFO - Processing file /opt/airflow/dags/flight-pipeline.py for tasks to queue
[2026-04-27T23:33:03.532+0000] {logging_mixin.py:188} INFO - [2026-04-27T23:33:03.532+0000] {dagbag.py:545} INFO - Filling up the DagBag from /opt/airflow/dags/flight-pipeline.py
[2026-04-27T23:33:04.427+0000] {processor.py:840} INFO - DAG(s) 'flights_ops_medallion_pipe' retrieved from /opt/airflow/dags/flight-pipeline.py
[2026-04-27T23:33:04.460+0000] {logging_mixin.py:188} INFO - [2026-04-27T23:33:04.460+0000] {dag.py:3089} INFO - Sync 1 DAGs
[2026-04-27T23:33:04.483+0000] {logging_mixin.py:188} INFO - [2026-04-27T23:33:04.482+0000] {dag.py:3947} INFO - Setting next_dagrun for flights_ops_medallion_pipe to 2026-04-27 23:30:00+00:00, run_after=2026-04-28 00:00:00+00:00
[2026-04-27T23:33:04.507+0000] {processor.py:183} INFO - Processing /opt/airflow/dags/flight-pipeline.py took 0.989 seconds
[2026-04-27T23:33:34.784+0000] {processor.py:161} INFO - Started process (PID=3396) to work on /opt/airflow/dags/flight-pipeline.py
[2026-04-27T23:33:34.788+0000] {processor.py:830} INFO - Processing file /opt/airflow/dags/flight-pipeline.py for tasks to queue
[2026-04-27T23:33:34.790+0000] {logging_mixin.py:188} INFO - [2026-04-27T23:33:34.790+0000] {dagbag.py:545} INFO - Filling up the DagBag from /opt/airflow/dags/flight-pipeline.py
[2026-04-27T23:33:35.681+0000] {processor.py:840} INFO - DAG(s) 'flights_ops_medallion_pipe' retrieved from /opt/airflow/dags/flight-pipeline.py
[2026-04-27T23:33:35.719+0000] {logging_mixin.py:188} INFO - [2026-04-27T23:33:35.719+0000] {dag.py:3089} INFO - Sync 1 DAGs
[2026-04-27T23:33:35.747+0000] {logging_mixin.py:188} INFO - [2026-04-27T23:33:35.746+0000] {dag.py:3947} INFO - Setting next_dagrun for flights_ops_medallion_pipe to 2026-04-27 23:30:00+00:00, run_after=2026-04-28 00:00:00+00:00
[2026-04-27T23:33:35.771+0000] {processor.py:183} INFO - Processing /opt/airflow/dags/flight-pipeline.py took 0.995 seconds
[2026-04-27T23:34:06.021+0000] {processor.py:161} INFO - Started process (PID=3399) to work on /opt/airflow/dags/flight-pipeline.py
[2026-04-27T23:34:06.025+0000] {processor.py:830} INFO - Processing file /opt/airflow/dags/flight-pipeline.py for tasks to queue
[2026-04-27T23:34:06.027+0000] {logging_mixin.py:188} INFO - [2026-04-27T23:34:06.026+0000] {dagbag.py:545} INFO - Filling up the DagBag from /opt/airflow/dags/flight-pipeline.py
[2026-04-27T23:34:06.877+0000] {processor.py:840} INFO - DAG(s) 'flights_ops_medallion_pipe' retrieved from /opt/airflow/dags/flight-pipeline.py
[2026-04-27T23:34:06.909+0000] {logging_mixin.py:188} INFO - [2026-04-27T23:34:06.908+0000] {dag.py:3089} INFO - Sync 1 DAGs
[2026-04-27T23:34:06.934+0000] {logging_mixin.py:188} INFO - [2026-04-27T23:34:06.934+0000] {dag.py:3947} INFO - Setting next_dagrun for flights_ops_medallion_pipe to 2026-04-27 23:30:00+00:00, run_after=2026-04-28 00:00:00+00:00
[2026-04-27T23:34:06.956+0000] {processor.py:183} INFO - Processing /opt/airflow/dags/flight-pipeline.py took 0.944 seconds
[2026-04-27T23:34:37.242+0000] {processor.py:161} INFO - Started process (PID=3402) to work on /opt/airflow/dags/flight-pipeline.py
[2026-04-27T23:34:37.246+0000] {processor.py:830} INFO - Processing file /opt/airflow/dags/flight-pipeline.py for tasks to queue
[2026-04-27T23:34:37.248+0000] {logging_mixin.py:188} INFO - [2026-04-27T23:34:37.248+0000] {dagbag.py:545} INFO - Filling up the DagBag from /opt/airflow/dags/flight-pipeline.py
[2026-04-27T23:34:38.108+0000] {processor.py:840} INFO - DAG(s) 'flights_ops_medallion_pipe' retrieved from /opt/airflow/dags/flight-pipeline.py
[2026-04-27T23:34:38.143+0000] {logging_mixin.py:188} INFO - [2026-04-27T23:34:38.142+0000] {dag.py:3089} INFO - Sync 1 DAGs
[2026-04-27T23:34:38.164+0000] {logging_mixin.py:188} INFO - [2026-04-27T23:34:38.164+0000] {dag.py:3947} INFO - Setting next_dagrun for flights_ops_medallion_pipe to 2026-04-27 23:30:00+00:00, run_after=2026-04-28 00:00:00+00:00
[2026-04-27T23:34:38.186+0000] {processor.py:183} INFO - Processing /opt/airflow/dags/flight-pipeline.py took 0.952 seconds
[2026-04-27T23:35:08.546+0000] {processor.py:161} INFO - Started process (PID=3405) to work on /opt/airflow/dags/flight-pipeline.py
[2026-04-27T23:35:08.566+0000] {processor.py:830} INFO - Processing file /opt/airflow/dags/flight-pipeline.py for tasks to queue
[2026-04-27T23:35:08.571+0000] {logging_mixin.py:188} INFO - [2026-04-27T23:35:08.570+0000] {dagbag.py:545} INFO - Filling up the DagBag from /opt/airflow/dags/flight-pipeline.py
[2026-04-27T23:35:09.710+0000] {processor.py:840} INFO - DAG(s) 'flights_ops_medallion_pipe' retrieved from /opt/airflow/dags/flight-pipeline.py
[2026-04-27T23:35:09.758+0000] {logging_mixin.py:188} INFO - [2026-04-27T23:35:09.757+0000] {dag.py:3089} INFO - Sync 1 DAGs
[2026-04-27T23:35:09.787+0000] {logging_mixin.py:188} INFO - [2026-04-27T23:35:09.787+0000] {dag.py:3947} INFO - Setting next_dagrun for flights_ops_medallion_pipe to 2026-04-27 23:30:00+00:00, run_after=2026-04-28 00:00:00+00:00
[2026-04-27T23:35:09.813+0000] {processor.py:183} INFO - Processing /opt/airflow/dags/flight-pipeline.py took 1.279 seconds
[2026-04-27T23:35:40.130+0000] {processor.py:161} INFO - Started process (PID=3408) to work on /opt/airflow/dags/flight-pipeline.py
[2026-04-27T23:35:40.135+0000] {processor.py:830} INFO - Processing file /opt/airflow/dags/flight-pipeline.py for tasks to queue
[2026-04-27T23:35:40.138+0000] {logging_mixin.py:188} INFO - [2026-04-27T23:35:40.137+0000] {dagbag.py:545} INFO - Filling up the DagBag from /opt/airflow/dags/flight-pipeline.py
[2026-04-27T23:35:40.970+0000] {processor.py:840} INFO - DAG(s) 'flights_ops_medallion_pipe' retrieved from /opt/airflow/dags/flight-pipeline.py
[2026-04-27T23:35:41.001+0000] {logging_mixin.py:188} INFO - [2026-04-27T23:35:41.000+0000] {dag.py:3089} INFO - Sync 1 DAGs
[2026-04-27T23:35:41.019+0000] {logging_mixin.py:188} INFO - [2026-04-27T23:35:41.019+0000] {dag.py:3947} INFO - Setting next_dagrun for flights_ops_medallion_pipe to 2026-04-27 23:30:00+00:00, run_after=2026-04-28 00:00:00+00:00
[2026-04-27T23:35:41.036+0000] {processor.py:183} INFO - Processing /opt/airflow/dags/flight-pipeline.py took 0.914 seconds
[2026-04-27T23:36:11.122+0000] {processor.py:161} INFO - Started process (PID=3411) to work on /opt/airflow/dags/flight-pipeline.py
[2026-04-27T23:36:11.126+0000] {processor.py:830} INFO - Processing file /opt/airflow/dags/flight-pipeline.py for tasks to queue
[2026-04-27T23:36:11.129+0000] {logging_mixin.py:188} INFO - [2026-04-27T23:36:11.129+0000] {dagbag.py:545} INFO - Filling up the DagBag from /opt/airflow/dags/flight-pipeline.py
[2026-04-27T23:36:12.016+0000] {processor.py:840} INFO - DAG(s) 'flights_ops_medallion_pipe' retrieved from /opt/airflow/dags/flight-pipeline.py
[2026-04-27T23:36:12.050+0000] {logging_mixin.py:188} INFO - [2026-04-27T23:36:12.049+0000] {dag.py:3089} INFO - Sync 1 DAGs
[2026-04-27T23:36:12.072+0000] {logging_mixin.py:188} INFO - [2026-04-27T23:36:12.072+0000] {dag.py:3947} INFO - Setting next_dagrun for flights_ops_medallion_pipe to 2026-04-27 23:30:00+00:00, run_after=2026-04-28 00:00:00+00:00
[2026-04-27T23:36:12.093+0000] {processor.py:183} INFO - Processing /opt/airflow/dags/flight-pipeline.py took 0.979 seconds
[2026-04-27T23:36:42.351+0000] {processor.py:161} INFO - Started process (PID=3414) to work on /opt/airflow/dags/flight-pipeline.py
[2026-04-27T23:36:42.356+0000] {processor.py:830} INFO - Processing file /opt/airflow/dags/flight-pipeline.py for tasks to queue
[2026-04-27T23:36:42.364+0000] {logging_mixin.py:188} INFO - [2026-04-27T23:36:42.361+0000] {dagbag.py:545} INFO - Filling up the DagBag from /opt/airflow/dags/flight-pipeline.py
[2026-04-27T23:36:43.315+0000] {processor.py:840} INFO - DAG(s) 'flights_ops_medallion_pipe' retrieved from /opt/airflow/dags/flight-pipeline.py
[2026-04-27T23:36:43.360+0000] {logging_mixin.py:188} INFO - [2026-04-27T23:36:43.359+0000] {dag.py:3089} INFO - Sync 1 DAGs
[2026-04-27T23:36:43.394+0000] {logging_mixin.py:188} INFO - [2026-04-27T23:36:43.393+0000] {dag.py:3947} INFO - Setting next_dagrun for flights_ops_medallion_pipe to 2026-04-27 23:30:00+00:00, run_after=2026-04-28 00:00:00+00:00
[2026-04-27T23:36:43.439+0000] {processor.py:183} INFO - Processing /opt/airflow/dags/flight-pipeline.py took 1.095 seconds
[2026-04-27T23:37:13.616+0000] {processor.py:161} INFO - Started process (PID=3417) to work on /opt/airflow/dags/flight-pipeline.py
[2026-04-27T23:37:13.621+0000] {processor.py:830} INFO - Processing file /opt/airflow/dags/flight-pipeline.py for tasks to queue
[2026-04-27T23:37:13.624+0000] {logging_mixin.py:188} INFO - [2026-04-27T23:37:13.624+0000] {dagbag.py:545} INFO - Filling up the DagBag from /opt/airflow/dags/flight-pipeline.py
[2026-04-27T23:37:14.924+0000] {processor.py:840} INFO - DAG(s) 'flights_ops_medallion_pipe' retrieved from /opt/airflow/dags/flight-pipeline.py
[2026-04-27T23:37:14.979+0000] {logging_mixin.py:188} INFO - [2026-04-27T23:37:14.978+0000] {dag.py:3089} INFO - Sync 1 DAGs
[2026-04-27T23:37:15.010+0000] {logging_mixin.py:188} INFO - [2026-04-27T23:37:15.009+0000] {dag.py:3947} INFO - Setting next_dagrun for flights_ops_medallion_pipe to 2026-04-27 23:30:00+00:00, run_after=2026-04-28 00:00:00+00:00
[2026-04-27T23:37:15.034+0000] {processor.py:183} INFO - Processing /opt/airflow/dags/flight-pipeline.py took 1.426 seconds
[2026-04-27T23:37:45.403+0000] {processor.py:161} INFO - Started process (PID=3420) to work on /opt/airflow/dags/flight-pipeline.py
[2026-04-27T23:37:45.425+0000] {processor.py:830} INFO - Processing file /opt/airflow/dags/flight-pipeline.py for tasks to queue
[2026-04-27T23:37:45.437+0000] {logging_mixin.py:188} INFO - [2026-04-27T23:37:45.435+0000] {dagbag.py:545} INFO - Filling up the DagBag from /opt/airflow/dags/flight-pipeline.py
[2026-04-27T23:37:46.605+0000] {processor.py:840} INFO - DAG(s) 'flights_ops_medallion_pipe' retrieved from /opt/airflow/dags/flight-pipeline.py
[2026-04-27T23:37:46.676+0000] {logging_mixin.py:188} INFO - [2026-04-27T23:37:46.671+0000] {dag.py:3089} INFO - Sync 1 DAGs
[2026-04-27T23:37:46.859+0000] {logging_mixin.py:188} INFO - [2026-04-27T23:37:46.859+0000] {dag.py:3947} INFO - Setting next_dagrun for flights_ops_medallion_pipe to 2026-04-27 23:30:00+00:00, run_after=2026-04-28 00:00:00+00:00
[2026-04-27T23:37:46.888+0000] {processor.py:183} INFO - Processing /opt/airflow/dags/flight-pipeline.py took 1.504 seconds
[2026-04-27T23:38:17.191+0000] {processor.py:161} INFO - Started process (PID=3423) to work on /opt/airflow/dags/flight-pipeline.py
[2026-04-27T23:38:17.196+0000] {processor.py:830} INFO - Processing file /opt/airflow/dags/flight-pipeline.py for tasks to queue
[2026-04-27T23:38:17.199+0000] {logging_mixin.py:188} INFO - [2026-04-27T23:38:17.198+0000] {dagbag.py:545} INFO - Filling up the DagBag from /opt/airflow/dags/flight-pipeline.py
[2026-04-27T23:38:18.090+0000] {processor.py:840} INFO - DAG(s) 'flights_ops_medallion_pipe' retrieved from /opt/airflow/dags/flight-pipeline.py
[2026-04-27T23:38:18.123+0000] {logging_mixin.py:188} INFO - [2026-04-27T23:38:18.123+0000] {dag.py:3089} INFO - Sync 1 DAGs
[2026-04-27T23:38:18.145+0000] {logging_mixin.py:188} INFO - [2026-04-27T23:38:18.145+0000] {dag.py:3947} INFO - Setting next_dagrun for flights_ops_medallion_pipe to 2026-04-27 23:30:00+00:00, run_after=2026-04-28 00:00:00+00:00
[2026-04-27T23:38:18.165+0000] {processor.py:183} INFO - Processing /opt/airflow/dags/flight-pipeline.py took 0.985 seconds
[2026-04-27T23:38:48.437+0000] {processor.py:161} INFO - Started process (PID=3426) to work on /opt/airflow/dags/flight-pipeline.py
[2026-04-27T23:38:48.441+0000] {processor.py:830} INFO - Processing file /opt/airflow/dags/flight-pipeline.py for tasks to queue
[2026-04-27T23:38:48.443+0000] {logging_mixin.py:188} INFO - [2026-04-27T23:38:48.443+0000] {dagbag.py:545} INFO - Filling up the DagBag from /opt/airflow/dags/flight-pipeline.py
[2026-04-27T23:38:49.404+0000] {processor.py:840} INFO - DAG(s) 'flights_ops_medallion_pipe' retrieved from /opt/airflow/dags/flight-pipeline.py
[2026-04-27T23:38:49.443+0000] {logging_mixin.py:188} INFO - [2026-04-27T23:38:49.442+0000] {dag.py:3089} INFO - Sync 1 DAGs
[2026-04-27T23:38:49.466+0000] {logging_mixin.py:188} INFO - [2026-04-27T23:38:49.466+0000] {dag.py:3947} INFO - Setting next_dagrun for flights_ops_medallion_pipe to 2026-04-27 23:30:00+00:00, run_after=2026-04-28 00:00:00+00:00
[2026-04-27T23:38:49.488+0000] {processor.py:183} INFO - Processing /opt/airflow/dags/flight-pipeline.py took 1.057 seconds
[2026-04-27T23:39:19.877+0000] {processor.py:161} INFO - Started process (PID=3429) to work on /opt/airflow/dags/flight-pipeline.py
[2026-04-27T23:39:19.894+0000] {processor.py:830} INFO - Processing file /opt/airflow/dags/flight-pipeline.py for tasks to queue
[2026-04-27T23:39:19.897+0000] {logging_mixin.py:188} INFO - [2026-04-27T23:39:19.896+0000] {dagbag.py:545} INFO - Filling up the DagBag from /opt/airflow/dags/flight-pipeline.py
[2026-04-27T23:39:20.759+0000] {processor.py:840} INFO - DAG(s) 'flights_ops_medallion_pipe' retrieved from /opt/airflow/dags/flight-pipeline.py
[2026-04-27T23:39:20.792+0000] {logging_mixin.py:188} INFO - [2026-04-27T23:39:20.791+0000] {dag.py:3089} INFO - Sync 1 DAGs
[2026-04-27T23:39:20.824+0000] {logging_mixin.py:188} INFO - [2026-04-27T23:39:20.823+0000] {dag.py:3947} INFO - Setting next_dagrun for flights_ops_medallion_pipe to 2026-04-27 23:30:00+00:00, run_after=2026-04-28 00:00:00+00:00
[2026-04-27T23:39:20.851+0000] {processor.py:183} INFO - Processing /opt/airflow/dags/flight-pipeline.py took 0.989 seconds
[2026-04-27T23:39:51.191+0000] {processor.py:161} INFO - Started process (PID=3432) to work on /opt/airflow/dags/flight-pipeline.py
[2026-04-27T23:39:51.196+0000] {processor.py:830} INFO - Processing file /opt/airflow/dags/flight-pipeline.py for tasks to queue
[2026-04-27T23:39:51.198+0000] {logging_mixin.py:188} INFO - [2026-04-27T23:39:51.198+0000] {dagbag.py:545} INFO - Filling up the DagBag from /opt/airflow/dags/flight-pipeline.py
[2026-04-27T23:39:52.270+0000] {processor.py:840} INFO - DAG(s) 'flights_ops_medallion_pipe' retrieved from /opt/airflow/dags/flight-pipeline.py
[2026-04-27T23:39:52.303+0000] {logging_mixin.py:188} INFO - [2026-04-27T23:39:52.302+0000] {dag.py:3089} INFO - Sync 1 DAGs
[2026-04-27T23:39:52.332+0000] {logging_mixin.py:188} INFO - [2026-04-27T23:39:52.331+0000] {dag.py:3947} INFO - Setting next_dagrun for flights_ops_medallion_pipe to 2026-04-27 23:30:00+00:00, run_after=2026-04-28 00:00:00+00:00
[2026-04-27T23:39:52.353+0000] {processor.py:183} INFO - Processing /opt/airflow/dags/flight-pipeline.py took 1.173 seconds
[2026-04-27T23:40:22.471+0000] {processor.py:161} INFO - Started process (PID=3435) to work on /opt/airflow/dags/flight-pipeline.py
[2026-04-27T23:40:22.477+0000] {processor.py:830} INFO - Processing file /opt/airflow/dags/flight-pipeline.py for tasks to queue
[2026-04-27T23:40:22.481+0000] {logging_mixin.py:188} INFO - [2026-04-27T23:40:22.480+0000] {dagbag.py:545} INFO - Filling up the DagBag from /opt/airflow/dags/flight-pipeline.py
[2026-04-27T23:40:23.620+0000] {processor.py:840} INFO - DAG(s) 'flights_ops_medallion_pipe' retrieved from /opt/airflow/dags/flight-pipeline.py
[2026-04-27T23:40:23.657+0000] {logging_mixin.py:188} INFO - [2026-04-27T23:40:23.655+0000] {dag.py:3089} INFO - Sync 1 DAGs
[2026-04-27T23:40:23.680+0000] {logging_mixin.py:188} INFO - [2026-04-27T23:40:23.680+0000] {dag.py:3947} INFO - Setting next_dagrun for flights_ops_medallion_pipe to 2026-04-27 23:30:00+00:00, run_after=2026-04-28 00:00:00+00:00
[2026-04-27T23:40:23.699+0000] {processor.py:183} INFO - Processing /opt/airflow/dags/flight-pipeline.py took 1.272 seconds
[2026-04-27T23:40:53.926+0000] {processor.py:161} INFO - Started process (PID=3438) to work on /opt/airflow/dags/flight-pipeline.py
[2026-04-27T23:40:53.930+0000] {processor.py:830} INFO - Processing file /opt/airflow/dags/flight-pipeline.py for tasks to queue
[2026-04-27T23:40:53.932+0000] {logging_mixin.py:188} INFO - [2026-04-27T23:40:53.931+0000] {dagbag.py:545} INFO - Filling up the DagBag from /opt/airflow/dags/flight-pipeline.py
[2026-04-27T23:40:54.834+0000] {processor.py:840} INFO - DAG(s) 'flights_ops_medallion_pipe' retrieved from /opt/airflow/dags/flight-pipeline.py
[2026-04-27T23:40:54.888+0000] {logging_mixin.py:188} INFO - [2026-04-27T23:40:54.888+0000] {dag.py:3089} INFO - Sync 1 DAGs
[2026-04-27T23:40:54.919+0000] {logging_mixin.py:188} INFO - [2026-04-27T23:40:54.919+0000] {dag.py:3947} INFO - Setting next_dagrun for flights_ops_medallion_pipe to 2026-04-27 23:30:00+00:00, run_after=2026-04-28 00:00:00+00:00
[2026-04-27T23:40:54.942+0000] {processor.py:183} INFO - Processing /opt/airflow/dags/flight-pipeline.py took 1.027 seconds
[2026-04-27T23:41:25.172+0000] {processor.py:161} INFO - Started process (PID=3441) to work on /opt/airflow/dags/flight-pipeline.py
[2026-04-27T23:41:25.178+0000] {processor.py:830} INFO - Processing file /opt/airflow/dags/flight-pipeline.py for tasks to queue
[2026-04-27T23:41:25.181+0000] {logging_mixin.py:188} INFO - [2026-04-27T23:41:25.180+0000] {dagbag.py:545} INFO - Filling up the DagBag from /opt/airflow/dags/flight-pipeline.py
[2026-04-27T23:41:26.096+0000] {processor.py:840} INFO - DAG(s) 'flights_ops_medallion_pipe' retrieved from /opt/airflow/dags/flight-pipeline.py
[2026-04-27T23:41:26.133+0000] {logging_mixin.py:188} INFO - [2026-04-27T23:41:26.133+0000] {dag.py:3089} INFO - Sync 1 DAGs
[2026-04-27T23:41:26.157+0000] {logging_mixin.py:188} INFO - [2026-04-27T23:41:26.157+0000] {dag.py:3947} INFO - Setting next_dagrun for flights_ops_medallion_pipe to 2026-04-27 23:30:00+00:00, run_after=2026-04-28 00:00:00+00:00
[2026-04-27T23:41:26.179+0000] {processor.py:183} INFO - Processing /opt/airflow/dags/flight-pipeline.py took 1.015 seconds
[2026-04-27T23:41:56.514+0000] {processor.py:161} INFO - Started process (PID=3444) to work on /opt/airflow/dags/flight-pipeline.py
[2026-04-27T23:41:56.524+0000] {processor.py:830} INFO - Processing file /opt/airflow/dags/flight-pipeline.py for tasks to queue
[2026-04-27T23:41:56.533+0000] {logging_mixin.py:188} INFO - [2026-04-27T23:41:56.532+0000] {dagbag.py:545} INFO - Filling up the DagBag from /opt/airflow/dags/flight-pipeline.py
[2026-04-27T23:41:57.607+0000] {processor.py:840} INFO - DAG(s) 'flights_ops_medallion_pipe' retrieved from /opt/airflow/dags/flight-pipeline.py
[2026-04-27T23:41:57.644+0000] {logging_mixin.py:188} INFO - [2026-04-27T23:41:57.644+0000] {dag.py:3089} INFO - Sync 1 DAGs
[2026-04-27T23:41:57.671+0000] {logging_mixin.py:188} INFO - [2026-04-27T23:41:57.671+0000] {dag.py:3947} INFO - Setting next_dagrun for flights_ops_medallion_pipe to 2026-04-27 23:30:00+00:00, run_after=2026-04-28 00:00:00+00:00
[2026-04-27T23:41:57.692+0000] {processor.py:183} INFO - Processing /opt/airflow/dags/flight-pipeline.py took 1.201 seconds
[2026-04-27T23:42:28.327+0000] {processor.py:161} INFO - Started process (PID=3447) to work on /opt/airflow/dags/flight-pipeline.py
[2026-04-27T23:42:28.334+0000] {processor.py:830} INFO - Processing file /opt/airflow/dags/flight-pipeline.py for tasks to queue
[2026-04-27T23:42:28.341+0000] {logging_mixin.py:188} INFO - [2026-04-27T23:42:28.340+0000] {dagbag.py:545} INFO - Filling up the DagBag from /opt/airflow/dags/flight-pipeline.py
[2026-04-27T23:42:29.988+0000] {processor.py:840} INFO - DAG(s) 'flights_ops_medallion_pipe' retrieved from /opt/airflow/dags/flight-pipeline.py
[2026-04-27T23:42:30.034+0000] {logging_mixin.py:188} INFO - [2026-04-27T23:42:30.033+0000] {dag.py:3089} INFO - Sync 1 DAGs
[2026-04-27T23:42:30.060+0000] {logging_mixin.py:188} INFO - [2026-04-27T23:42:30.060+0000] {dag.py:3947} INFO - Setting next_dagrun for flights_ops_medallion_pipe to 2026-04-27 23:30:00+00:00, run_after=2026-04-28 00:00:00+00:00
[2026-04-27T23:42:30.082+0000] {processor.py:183} INFO - Processing /opt/airflow/dags/flight-pipeline.py took 1.782 seconds
[2026-04-27T23:43:00.352+0000] {processor.py:161} INFO - Started process (PID=3450) to work on /opt/airflow/dags/flight-pipeline.py
[2026-04-27T23:43:00.364+0000] {processor.py:830} INFO - Processing file /opt/airflow/dags/flight-pipeline.py for tasks to queue
[2026-04-27T23:43:00.382+0000] {logging_mixin.py:188} INFO - [2026-04-27T23:43:00.379+0000] {dagbag.py:545} INFO - Filling up the DagBag from /opt/airflow/dags/flight-pipeline.py
[2026-04-27T23:43:01.498+0000] {processor.py:840} INFO - DAG(s) 'flights_ops_medallion_pipe' retrieved from /opt/airflow/dags/flight-pipeline.py
[2026-04-27T23:43:01.542+0000] {logging_mixin.py:188} INFO - [2026-04-27T23:43:01.541+0000] {dag.py:3089} INFO - Sync 1 DAGs
[2026-04-27T23:43:01.573+0000] {logging_mixin.py:188} INFO - [2026-04-27T23:43:01.572+0000] {dag.py:3947} INFO - Setting next_dagrun for flights_ops_medallion_pipe to 2026-04-27 23:30:00+00:00, run_after=2026-04-28 00:00:00+00:00
[2026-04-27T23:43:01.593+0000] {processor.py:183} INFO - Processing /opt/airflow/dags/flight-pipeline.py took 1.249 seconds
[2026-04-27T23:43:31.765+0000] {processor.py:161} INFO - Started process (PID=3453) to work on /opt/airflow/dags/flight-pipeline.py
[2026-04-27T23:43:31.769+0000] {processor.py:830} INFO - Processing file /opt/airflow/dags/flight-pipeline.py for tasks to queue
[2026-04-27T23:43:31.774+0000] {logging_mixin.py:188} INFO - [2026-04-27T23:43:31.773+0000] {dagbag.py:545} INFO - Filling up the DagBag from /opt/airflow/dags/flight-pipeline.py
[2026-04-27T23:43:32.841+0000] {processor.py:840} INFO - DAG(s) 'flights_ops_medallion_pipe' retrieved from /opt/airflow/dags/flight-pipeline.py
[2026-04-27T23:43:32.879+0000] {logging_mixin.py:188} INFO - [2026-04-27T23:43:32.878+0000] {dag.py:3089} INFO - Sync 1 DAGs
[2026-04-27T23:43:32.906+0000] {logging_mixin.py:188} INFO - [2026-04-27T23:43:32.905+0000] {dag.py:3947} INFO - Setting next_dagrun for flights_ops_medallion_pipe to 2026-04-27 23:30:00+00:00, run_after=2026-04-28 00:00:00+00:00
[2026-04-27T23:43:32.932+0000] {processor.py:183} INFO - Processing /opt/airflow/dags/flight-pipeline.py took 1.183 seconds
[2026-04-27T23:44:03.106+0000] {processor.py:161} INFO - Started process (PID=3456) to work on /opt/airflow/dags/flight-pipeline.py
[2026-04-27T23:44:03.110+0000] {processor.py:830} INFO - Processing file /opt/airflow/dags/flight-pipeline.py for tasks to queue
[2026-04-27T23:44:03.113+0000] {logging_mixin.py:188} INFO - [2026-04-27T23:44:03.112+0000] {dagbag.py:545} INFO - Filling up the DagBag from /opt/airflow/dags/flight-pipeline.py
[2026-04-27T23:44:04.133+0000] {processor.py:840} INFO - DAG(s) 'flights_ops_medallion_pipe' retrieved from /opt/airflow/dags/flight-pipeline.py
[2026-04-27T23:44:04.171+0000] {logging_mixin.py:188} INFO - [2026-04-27T23:44:04.171+0000] {dag.py:3089} INFO - Sync 1 DAGs
[2026-04-27T23:44:04.198+0000] {logging_mixin.py:188} INFO - [2026-04-27T23:44:04.198+0000] {dag.py:3947} INFO - Setting next_dagrun for flights_ops_medallion_pipe to 2026-04-27 23:30:00+00:00, run_after=2026-04-28 00:00:00+00:00
[2026-04-27T23:44:04.218+0000] {processor.py:183} INFO - Processing /opt/airflow/dags/flight-pipeline.py took 1.121 seconds
[2026-04-27T23:44:34.393+0000] {processor.py:161} INFO - Started process (PID=3459) to work on /opt/airflow/dags/flight-pipeline.py
[2026-04-27T23:44:34.396+0000] {processor.py:830} INFO - Processing file /opt/airflow/dags/flight-pipeline.py for tasks to queue
[2026-04-27T23:44:34.398+0000] {logging_mixin.py:188} INFO - [2026-04-27T23:44:34.398+0000] {dagbag.py:545} INFO - Filling up the DagBag from /opt/airflow/dags/flight-pipeline.py
[2026-04-27T23:44:35.463+0000] {processor.py:840} INFO - DAG(s) 'flights_ops_medallion_pipe' retrieved from /opt/airflow/dags/flight-pipeline.py
[2026-04-27T23:44:35.499+0000] {logging_mixin.py:188} INFO - [2026-04-27T23:44:35.499+0000] {dag.py:3089} INFO - Sync 1 DAGs
[2026-04-27T23:44:35.522+0000] {logging_mixin.py:188} INFO - [2026-04-27T23:44:35.522+0000] {dag.py:3947} INFO - Setting next_dagrun for flights_ops_medallion_pipe to 2026-04-27 23:30:00+00:00, run_after=2026-04-28 00:00:00+00:00
[2026-04-27T23:44:35.543+0000] {processor.py:183} INFO - Processing /opt/airflow/dags/flight-pipeline.py took 1.159 seconds
[2026-04-27T23:45:05.873+0000] {processor.py:161} INFO - Started process (PID=3462) to work on /opt/airflow/dags/flight-pipeline.py
[2026-04-27T23:45:05.886+0000] {processor.py:830} INFO - Processing file /opt/airflow/dags/flight-pipeline.py for tasks to queue
[2026-04-27T23:45:05.898+0000] {logging_mixin.py:188} INFO - [2026-04-27T23:45:05.895+0000] {dagbag.py:545} INFO - Filling up the DagBag from /opt/airflow/dags/flight-pipeline.py
[2026-04-27T23:45:07.008+0000] {processor.py:840} INFO - DAG(s) 'flights_ops_medallion_pipe' retrieved from /opt/airflow/dags/flight-pipeline.py
[2026-04-27T23:45:07.044+0000] {logging_mixin.py:188} INFO - [2026-04-27T23:45:07.043+0000] {dag.py:3089} INFO - Sync 1 DAGs
[2026-04-27T23:45:07.068+0000] {logging_mixin.py:188} INFO - [2026-04-27T23:45:07.068+0000] {dag.py:3947} INFO - Setting next_dagrun for flights_ops_medallion_pipe to 2026-04-27 23:30:00+00:00, run_after=2026-04-28 00:00:00+00:00
[2026-04-27T23:45:07.091+0000] {processor.py:183} INFO - Processing /opt/airflow/dags/flight-pipeline.py took 1.231 seconds
[2026-04-27T23:45:37.193+0000] {processor.py:161} INFO - Started process (PID=3465) to work on /opt/airflow/dags/flight-pipeline.py
[2026-04-27T23:45:37.197+0000] {processor.py:830} INFO - Processing file /opt/airflow/dags/flight-pipeline.py for tasks to queue
[2026-04-27T23:45:37.199+0000] {logging_mixin.py:188} INFO - [2026-04-27T23:45:37.199+0000] {dagbag.py:545} INFO - Filling up the DagBag from /opt/airflow/dags/flight-pipeline.py
[2026-04-27T23:45:38.251+0000] {processor.py:840} INFO - DAG(s) 'flights_ops_medallion_pipe' retrieved from /opt/airflow/dags/flight-pipeline.py
[2026-04-27T23:45:38.288+0000] {logging_mixin.py:188} INFO - [2026-04-27T23:45:38.287+0000] {dag.py:3089} INFO - Sync 1 DAGs
[2026-04-27T23:45:38.309+0000] {logging_mixin.py:188} INFO - [2026-04-27T23:45:38.308+0000] {dag.py:3947} INFO - Setting next_dagrun for flights_ops_medallion_pipe to 2026-04-27 23:30:00+00:00, run_after=2026-04-28 00:00:00+00:00
[2026-04-27T23:45:38.331+0000] {processor.py:183} INFO - Processing /opt/airflow/dags/flight-pipeline.py took 1.149 seconds
[2026-04-27T23:46:08.570+0000] {processor.py:161} INFO - Started process (PID=3468) to work on /opt/airflow/dags/flight-pipeline.py
[2026-04-27T23:46:08.574+0000] {processor.py:830} INFO - Processing file /opt/airflow/dags/flight-pipeline.py for tasks to queue
[2026-04-27T23:46:08.577+0000] {logging_mixin.py:188} INFO - [2026-04-27T23:46:08.576+0000] {dagbag.py:545} INFO - Filling up the DagBag from /opt/airflow/dags/flight-pipeline.py
[2026-04-27T23:46:09.551+0000] {processor.py:840} INFO - DAG(s) 'flights_ops_medallion_pipe' retrieved from /opt/airflow/dags/flight-pipeline.py
[2026-04-27T23:46:09.585+0000] {logging_mixin.py:188} INFO - [2026-04-27T23:46:09.584+0000] {dag.py:3089} INFO - Sync 1 DAGs
[2026-04-27T23:46:09.607+0000] {logging_mixin.py:188} INFO - [2026-04-27T23:46:09.607+0000] {dag.py:3947} INFO - Setting next_dagrun for flights_ops_medallion_pipe to 2026-04-27 23:30:00+00:00, run_after=2026-04-28 00:00:00+00:00
[2026-04-27T23:46:09.630+0000] {processor.py:183} INFO - Processing /opt/airflow/dags/flight-pipeline.py took 1.069 seconds
[2026-04-27T23:46:39.802+0000] {processor.py:161} INFO - Started process (PID=3471) to work on /opt/airflow/dags/flight-pipeline.py
[2026-04-27T23:46:39.806+0000] {processor.py:830} INFO - Processing file /opt/airflow/dags/flight-pipeline.py for tasks to queue
[2026-04-27T23:46:39.809+0000] {logging_mixin.py:188} INFO - [2026-04-27T23:46:39.809+0000] {dagbag.py:545} INFO - Filling up the DagBag from /opt/airflow/dags/flight-pipeline.py
[2026-04-27T23:46:40.752+0000] {processor.py:840} INFO - DAG(s) 'flights_ops_medallion_pipe' retrieved from /opt/airflow/dags/flight-pipeline.py
[2026-04-27T23:46:40.799+0000] {logging_mixin.py:188} INFO - [2026-04-27T23:46:40.798+0000] {dag.py:3089} INFO - Sync 1 DAGs
[2026-04-27T23:46:40.828+0000] {logging_mixin.py:188} INFO - [2026-04-27T23:46:40.827+0000] {dag.py:3947} INFO - Setting next_dagrun for flights_ops_medallion_pipe to 2026-04-27 23:30:00+00:00, run_after=2026-04-28 00:00:00+00:00
[2026-04-27T23:46:40.850+0000] {processor.py:183} INFO - Processing /opt/airflow/dags/flight-pipeline.py took 1.056 seconds
[2026-04-27T23:47:11.090+0000] {processor.py:161} INFO - Started process (PID=3474) to work on /opt/airflow/dags/flight-pipeline.py
[2026-04-27T23:47:11.094+0000] {processor.py:830} INFO - Processing file /opt/airflow/dags/flight-pipeline.py for tasks to queue
[2026-04-27T23:47:11.097+0000] {logging_mixin.py:188} INFO - [2026-04-27T23:47:11.097+0000] {dagbag.py:545} INFO - Filling up the DagBag from /opt/airflow/dags/flight-pipeline.py
[2026-04-27T23:47:11.987+0000] {processor.py:840} INFO - DAG(s) 'flights_ops_medallion_pipe' retrieved from /opt/airflow/dags/flight-pipeline.py
[2026-04-27T23:47:12.020+0000] {logging_mixin.py:188} INFO - [2026-04-27T23:47:12.019+0000] {dag.py:3089} INFO - Sync 1 DAGs
[2026-04-27T23:47:12.043+0000] {logging_mixin.py:188} INFO - [2026-04-27T23:47:12.043+0000] {dag.py:3947} INFO - Setting next_dagrun for flights_ops_medallion_pipe to 2026-04-27 23:30:00+00:00, run_after=2026-04-28 00:00:00+00:00
[2026-04-27T23:47:12.065+0000] {processor.py:183} INFO - Processing /opt/airflow/dags/flight-pipeline.py took 0.982 seconds
[2026-04-27T23:47:42.364+0000] {processor.py:161} INFO - Started process (PID=3477) to work on /opt/airflow/dags/flight-pipeline.py
[2026-04-27T23:47:42.368+0000] {processor.py:830} INFO - Processing file /opt/airflow/dags/flight-pipeline.py for tasks to queue
[2026-04-27T23:47:42.371+0000] {logging_mixin.py:188} INFO - [2026-04-27T23:47:42.371+0000] {dagbag.py:545} INFO - Filling up the DagBag from /opt/airflow/dags/flight-pipeline.py
[2026-04-27T23:47:43.363+0000] {processor.py:840} INFO - DAG(s) 'flights_ops_medallion_pipe' retrieved from /opt/airflow/dags/flight-pipeline.py
[2026-04-27T23:47:43.396+0000] {logging_mixin.py:188} INFO - [2026-04-27T23:47:43.396+0000] {dag.py:3089} INFO - Sync 1 DAGs
[2026-04-27T23:47:43.423+0000] {logging_mixin.py:188} INFO - [2026-04-27T23:47:43.422+0000] {dag.py:3947} INFO - Setting next_dagrun for flights_ops_medallion_pipe to 2026-04-27 23:30:00+00:00, run_after=2026-04-28 00:00:00+00:00
[2026-04-27T23:47:43.443+0000] {processor.py:183} INFO - Processing /opt/airflow/dags/flight-pipeline.py took 1.087 seconds
[2026-04-27T23:48:13.608+0000] {processor.py:161} INFO - Started process (PID=3480) to work on /opt/airflow/dags/flight-pipeline.py
[2026-04-27T23:48:13.612+0000] {processor.py:830} INFO - Processing file /opt/airflow/dags/flight-pipeline.py for tasks to queue
[2026-04-27T23:48:13.615+0000] {logging_mixin.py:188} INFO - [2026-04-27T23:48:13.614+0000] {dagbag.py:545} INFO - Filling up the DagBag from /opt/airflow/dags/flight-pipeline.py
[2026-04-27T23:48:14.571+0000] {processor.py:840} INFO - DAG(s) 'flights_ops_medallion_pipe' retrieved from /opt/airflow/dags/flight-pipeline.py
[2026-04-27T23:48:14.607+0000] {logging_mixin.py:188} INFO - [2026-04-27T23:48:14.606+0000] {dag.py:3089} INFO - Sync 1 DAGs
[2026-04-27T23:48:14.629+0000] {logging_mixin.py:188} INFO - [2026-04-27T23:48:14.629+0000] {dag.py:3947} INFO - Setting next_dagrun for flights_ops_medallion_pipe to 2026-04-27 23:30:00+00:00, run_after=2026-04-28 00:00:00+00:00
[2026-04-27T23:48:14.649+0000] {processor.py:183} INFO - Processing /opt/airflow/dags/flight-pipeline.py took 1.052 seconds
[2026-04-27T23:48:44.907+0000] {processor.py:161} INFO - Started process (PID=3483) to work on /opt/airflow/dags/flight-pipeline.py
[2026-04-27T23:48:44.910+0000] {processor.py:830} INFO - Processing file /opt/airflow/dags/flight-pipeline.py for tasks to queue
[2026-04-27T23:48:44.914+0000] {logging_mixin.py:188} INFO - [2026-04-27T23:48:44.913+0000] {dagbag.py:545} INFO - Filling up the DagBag from /opt/airflow/dags/flight-pipeline.py
[2026-04-27T23:48:45.866+0000] {processor.py:840} INFO - DAG(s) 'flights_ops_medallion_pipe' retrieved from /opt/airflow/dags/flight-pipeline.py
[2026-04-27T23:48:45.899+0000] {logging_mixin.py:188} INFO - [2026-04-27T23:48:45.899+0000] {dag.py:3089} INFO - Sync 1 DAGs
[2026-04-27T23:48:45.927+0000] {logging_mixin.py:188} INFO - [2026-04-27T23:48:45.927+0000] {dag.py:3947} INFO - Setting next_dagrun for flights_ops_medallion_pipe to 2026-04-27 23:30:00+00:00, run_after=2026-04-28 00:00:00+00:00
[2026-04-27T23:48:45.947+0000] {processor.py:183} INFO - Processing /opt/airflow/dags/flight-pipeline.py took 1.048 seconds
[2026-04-27T23:49:16.239+0000] {processor.py:161} INFO - Started process (PID=3486) to work on /opt/airflow/dags/flight-pipeline.py
[2026-04-27T23:49:16.256+0000] {processor.py:830} INFO - Processing file /opt/airflow/dags/flight-pipeline.py for tasks to queue
[2026-04-27T23:49:16.259+0000] {logging_mixin.py:188} INFO - [2026-04-27T23:49:16.259+0000] {dagbag.py:545} INFO - Filling up the DagBag from /opt/airflow/dags/flight-pipeline.py
[2026-04-27T23:49:17.245+0000] {processor.py:840} INFO - DAG(s) 'flights_ops_medallion_pipe' retrieved from /opt/airflow/dags/flight-pipeline.py
[2026-04-27T23:49:17.286+0000] {logging_mixin.py:188} INFO - [2026-04-27T23:49:17.283+0000] {dag.py:3089} INFO - Sync 1 DAGs
[2026-04-27T23:49:17.310+0000] {logging_mixin.py:188} INFO - [2026-04-27T23:49:17.310+0000] {dag.py:3947} INFO - Setting next_dagrun for flights_ops_medallion_pipe to 2026-04-27 23:30:00+00:00, run_after=2026-04-28 00:00:00+00:00
[2026-04-27T23:49:17.333+0000] {processor.py:183} INFO - Processing /opt/airflow/dags/flight-pipeline.py took 1.104 seconds
[2026-04-27T23:49:47.481+0000] {processor.py:161} INFO - Started process (PID=3489) to work on /opt/airflow/dags/flight-pipeline.py
[2026-04-27T23:49:47.497+0000] {processor.py:830} INFO - Processing file /opt/airflow/dags/flight-pipeline.py for tasks to queue
[2026-04-27T23:49:47.500+0000] {logging_mixin.py:188} INFO - [2026-04-27T23:49:47.499+0000] {dagbag.py:545} INFO - Filling up the DagBag from /opt/airflow/dags/flight-pipeline.py
[2026-04-27T23:49:48.371+0000] {processor.py:840} INFO - DAG(s) 'flights_ops_medallion_pipe' retrieved from /opt/airflow/dags/flight-pipeline.py
[2026-04-27T23:49:48.411+0000] {logging_mixin.py:188} INFO - [2026-04-27T23:49:48.411+0000] {dag.py:3089} INFO - Sync 1 DAGs
[2026-04-27T23:49:48.432+0000] {logging_mixin.py:188} INFO - [2026-04-27T23:49:48.432+0000] {dag.py:3947} INFO - Setting next_dagrun for flights_ops_medallion_pipe to 2026-04-27 23:30:00+00:00, run_after=2026-04-28 00:00:00+00:00
[2026-04-27T23:49:48.455+0000] {processor.py:183} INFO - Processing /opt/airflow/dags/flight-pipeline.py took 0.981 seconds
[2026-04-27T23:50:18.726+0000] {processor.py:161} INFO - Started process (PID=3492) to work on /opt/airflow/dags/flight-pipeline.py
[2026-04-27T23:50:18.730+0000] {processor.py:830} INFO - Processing file /opt/airflow/dags/flight-pipeline.py for tasks to queue
[2026-04-27T23:50:18.733+0000] {logging_mixin.py:188} INFO - [2026-04-27T23:50:18.732+0000] {dagbag.py:545} INFO - Filling up the DagBag from /opt/airflow/dags/flight-pipeline.py
[2026-04-27T23:50:19.735+0000] {processor.py:840} INFO - DAG(s) 'flights_ops_medallion_pipe' retrieved from /opt/airflow/dags/flight-pipeline.py
[2026-04-27T23:50:19.767+0000] {logging_mixin.py:188} INFO - [2026-04-27T23:50:19.767+0000] {dag.py:3089} INFO - Sync 1 DAGs
[2026-04-27T23:50:19.791+0000] {logging_mixin.py:188} INFO - [2026-04-27T23:50:19.790+0000] {dag.py:3947} INFO - Setting next_dagrun for flights_ops_medallion_pipe to 2026-04-27 23:30:00+00:00, run_after=2026-04-28 00:00:00+00:00
[2026-04-27T23:50:19.811+0000] {processor.py:183} INFO - Processing /opt/airflow/dags/flight-pipeline.py took 1.095 seconds
[2026-04-27T23:50:49.987+0000] {processor.py:161} INFO - Started process (PID=3495) to work on /opt/airflow/dags/flight-pipeline.py
[2026-04-27T23:50:49.991+0000] {processor.py:830} INFO - Processing file /opt/airflow/dags/flight-pipeline.py for tasks to queue
[2026-04-27T23:50:49.993+0000] {logging_mixin.py:188} INFO - [2026-04-27T23:50:49.993+0000] {dagbag.py:545} INFO - Filling up the DagBag from /opt/airflow/dags/flight-pipeline.py
[2026-04-27T23:50:50.942+0000] {processor.py:840} INFO - DAG(s) 'flights_ops_medallion_pipe' retrieved from /opt/airflow/dags/flight-pipeline.py
[2026-04-27T23:50:50.978+0000] {logging_mixin.py:188} INFO - [2026-04-27T23:50:50.977+0000] {dag.py:3089} INFO - Sync 1 DAGs
[2026-04-27T23:50:50.999+0000] {logging_mixin.py:188} INFO - [2026-04-27T23:50:50.999+0000] {dag.py:3947} INFO - Setting next_dagrun for flights_ops_medallion_pipe to 2026-04-27 23:30:00+00:00, run_after=2026-04-28 00:00:00+00:00
[2026-04-27T23:50:51.019+0000] {processor.py:183} INFO - Processing /opt/airflow/dags/flight-pipeline.py took 1.041 seconds
[2026-04-27T23:51:21.279+0000] {processor.py:161} INFO - Started process (PID=3498) to work on /opt/airflow/dags/flight-pipeline.py
[2026-04-27T23:51:21.291+0000] {processor.py:830} INFO - Processing file /opt/airflow/dags/flight-pipeline.py for tasks to queue
[2026-04-27T23:51:21.295+0000] {logging_mixin.py:188} INFO - [2026-04-27T23:51:21.294+0000] {dagbag.py:545} INFO - Filling up the DagBag from /opt/airflow/dags/flight-pipeline.py
[2026-04-27T23:51:22.302+0000] {processor.py:840} INFO - DAG(s) 'flights_ops_medallion_pipe' retrieved from /opt/airflow/dags/flight-pipeline.py
[2026-04-27T23:51:22.336+0000] {logging_mixin.py:188} INFO - [2026-04-27T23:51:22.335+0000] {dag.py:3089} INFO - Sync 1 DAGs
[2026-04-27T23:51:22.363+0000] {logging_mixin.py:188} INFO - [2026-04-27T23:51:22.363+0000] {dag.py:3947} INFO - Setting next_dagrun for flights_ops_medallion_pipe to 2026-04-27 23:30:00+00:00, run_after=2026-04-28 00:00:00+00:00
[2026-04-27T23:51:22.384+0000] {processor.py:183} INFO - Processing /opt/airflow/dags/flight-pipeline.py took 1.123 seconds
[2026-04-27T23:51:52.592+0000] {processor.py:161} INFO - Started process (PID=3501) to work on /opt/airflow/dags/flight-pipeline.py
[2026-04-27T23:51:52.597+0000] {processor.py:830} INFO - Processing file /opt/airflow/dags/flight-pipeline.py for tasks to queue
[2026-04-27T23:51:52.599+0000] {logging_mixin.py:188} INFO - [2026-04-27T23:51:52.599+0000] {dagbag.py:545} INFO - Filling up the DagBag from /opt/airflow/dags/flight-pipeline.py
[2026-04-27T23:51:53.487+0000] {processor.py:840} INFO - DAG(s) 'flights_ops_medallion_pipe' retrieved from /opt/airflow/dags/flight-pipeline.py
[2026-04-27T23:51:53.522+0000] {logging_mixin.py:188} INFO - [2026-04-27T23:51:53.521+0000] {dag.py:3089} INFO - Sync 1 DAGs
[2026-04-27T23:51:53.548+0000] {logging_mixin.py:188} INFO - [2026-04-27T23:51:53.548+0000] {dag.py:3947} INFO - Setting next_dagrun for flights_ops_medallion_pipe to 2026-04-27 23:30:00+00:00, run_after=2026-04-28 00:00:00+00:00
[2026-04-27T23:51:53.569+0000] {processor.py:183} INFO - Processing /opt/airflow/dags/flight-pipeline.py took 0.987 seconds
[2026-04-27T23:52:23.854+0000] {processor.py:161} INFO - Started process (PID=3504) to work on /opt/airflow/dags/flight-pipeline.py
[2026-04-27T23:52:23.859+0000] {processor.py:830} INFO - Processing file /opt/airflow/dags/flight-pipeline.py for tasks to queue
[2026-04-27T23:52:23.862+0000] {logging_mixin.py:188} INFO - [2026-04-27T23:52:23.861+0000] {dagbag.py:545} INFO - Filling up the DagBag from /opt/airflow/dags/flight-pipeline.py
[2026-04-27T23:52:24.790+0000] {processor.py:840} INFO - DAG(s) 'flights_ops_medallion_pipe' retrieved from /opt/airflow/dags/flight-pipeline.py
[2026-04-27T23:52:24.824+0000] {logging_mixin.py:188} INFO - [2026-04-27T23:52:24.822+0000] {dag.py:3089} INFO - Sync 1 DAGs
[2026-04-27T23:52:24.850+0000] {logging_mixin.py:188} INFO - [2026-04-27T23:52:24.849+0000] {dag.py:3947} INFO - Setting next_dagrun for flights_ops_medallion_pipe to 2026-04-27 23:30:00+00:00, run_after=2026-04-28 00:00:00+00:00
[2026-04-27T23:52:24.873+0000] {processor.py:183} INFO - Processing /opt/airflow/dags/flight-pipeline.py took 1.027 seconds
[2026-04-27T23:52:55.108+0000] {processor.py:161} INFO - Started process (PID=3507) to work on /opt/airflow/dags/flight-pipeline.py
[2026-04-27T23:52:55.113+0000] {processor.py:830} INFO - Processing file /opt/airflow/dags/flight-pipeline.py for tasks to queue
[2026-04-27T23:52:55.115+0000] {logging_mixin.py:188} INFO - [2026-04-27T23:52:55.115+0000] {dagbag.py:545} INFO - Filling up the DagBag from /opt/airflow/dags/flight-pipeline.py
[2026-04-27T23:52:56.027+0000] {processor.py:840} INFO - DAG(s) 'flights_ops_medallion_pipe' retrieved from /opt/airflow/dags/flight-pipeline.py
[2026-04-27T23:52:56.063+0000] {logging_mixin.py:188} INFO - [2026-04-27T23:52:56.062+0000] {dag.py:3089} INFO - Sync 1 DAGs
[2026-04-27T23:52:56.090+0000] {logging_mixin.py:188} INFO - [2026-04-27T23:52:56.089+0000] {dag.py:3947} INFO - Setting next_dagrun for flights_ops_medallion_pipe to 2026-04-27 23:30:00+00:00, run_after=2026-04-28 00:00:00+00:00
[2026-04-27T23:52:56.114+0000] {processor.py:183} INFO - Processing /opt/airflow/dags/flight-pipeline.py took 1.016 seconds
[2026-04-27T23:53:26.365+0000] {processor.py:161} INFO - Started process (PID=3510) to work on /opt/airflow/dags/flight-pipeline.py
[2026-04-27T23:53:26.368+0000] {processor.py:830} INFO - Processing file /opt/airflow/dags/flight-pipeline.py for tasks to queue
[2026-04-27T23:53:26.372+0000] {logging_mixin.py:188} INFO - [2026-04-27T23:53:26.371+0000] {dagbag.py:545} INFO - Filling up the DagBag from /opt/airflow/dags/flight-pipeline.py
[2026-04-27T23:53:27.317+0000] {processor.py:840} INFO - DAG(s) 'flights_ops_medallion_pipe' retrieved from /opt/airflow/dags/flight-pipeline.py
[2026-04-27T23:53:27.351+0000] {logging_mixin.py:188} INFO - [2026-04-27T23:53:27.350+0000] {dag.py:3089} INFO - Sync 1 DAGs
[2026-04-27T23:53:27.377+0000] {logging_mixin.py:188} INFO - [2026-04-27T23:53:27.377+0000] {dag.py:3947} INFO - Setting next_dagrun for flights_ops_medallion_pipe to 2026-04-27 23:30:00+00:00, run_after=2026-04-28 00:00:00+00:00
[2026-04-27T23:53:27.398+0000] {processor.py:183} INFO - Processing /opt/airflow/dags/flight-pipeline.py took 1.040 seconds
[2026-04-27T23:53:57.596+0000] {processor.py:161} INFO - Started process (PID=3513) to work on /opt/airflow/dags/flight-pipeline.py
[2026-04-27T23:53:57.601+0000] {processor.py:830} INFO - Processing file /opt/airflow/dags/flight-pipeline.py for tasks to queue
[2026-04-27T23:53:57.604+0000] {logging_mixin.py:188} INFO - [2026-04-27T23:53:57.603+0000] {dagbag.py:545} INFO - Filling up the DagBag from /opt/airflow/dags/flight-pipeline.py
[2026-04-27T23:53:58.573+0000] {processor.py:840} INFO - DAG(s) 'flights_ops_medallion_pipe' retrieved from /opt/airflow/dags/flight-pipeline.py
[2026-04-27T23:53:58.609+0000] {logging_mixin.py:188} INFO - [2026-04-27T23:53:58.609+0000] {dag.py:3089} INFO - Sync 1 DAGs
[2026-04-27T23:53:58.635+0000] {logging_mixin.py:188} INFO - [2026-04-27T23:53:58.634+0000] {dag.py:3947} INFO - Setting next_dagrun for flights_ops_medallion_pipe to 2026-04-27 23:30:00+00:00, run_after=2026-04-28 00:00:00+00:00
[2026-04-27T23:53:58.655+0000] {processor.py:183} INFO - Processing /opt/airflow/dags/flight-pipeline.py took 1.069 seconds
[2026-04-27T23:54:28.876+0000] {processor.py:161} INFO - Started process (PID=3516) to work on /opt/airflow/dags/flight-pipeline.py
[2026-04-27T23:54:28.880+0000] {processor.py:830} INFO - Processing file /opt/airflow/dags/flight-pipeline.py for tasks to queue
[2026-04-27T23:54:28.882+0000] {logging_mixin.py:188} INFO - [2026-04-27T23:54:28.881+0000] {dagbag.py:545} INFO - Filling up the DagBag from /opt/airflow/dags/flight-pipeline.py
[2026-04-27T23:54:29.781+0000] {processor.py:840} INFO - DAG(s) 'flights_ops_medallion_pipe' retrieved from /opt/airflow/dags/flight-pipeline.py
[2026-04-27T23:54:29.814+0000] {logging_mixin.py:188} INFO - [2026-04-27T23:54:29.814+0000] {dag.py:3089} INFO - Sync 1 DAGs
[2026-04-27T23:54:29.838+0000] {logging_mixin.py:188} INFO - [2026-04-27T23:54:29.838+0000] {dag.py:3947} INFO - Setting next_dagrun for flights_ops_medallion_pipe to 2026-04-27 23:30:00+00:00, run_after=2026-04-28 00:00:00+00:00
[2026-04-27T23:54:29.862+0000] {processor.py:183} INFO - Processing /opt/airflow/dags/flight-pipeline.py took 0.994 seconds
[2026-04-27T23:55:00.129+0000] {processor.py:161} INFO - Started process (PID=3519) to work on /opt/airflow/dags/flight-pipeline.py
[2026-04-27T23:55:00.133+0000] {processor.py:830} INFO - Processing file /opt/airflow/dags/flight-pipeline.py for tasks to queue
[2026-04-27T23:55:00.135+0000] {logging_mixin.py:188} INFO - [2026-04-27T23:55:00.135+0000] {dagbag.py:545} INFO - Filling up the DagBag from /opt/airflow/dags/flight-pipeline.py
[2026-04-27T23:55:01.156+0000] {processor.py:840} INFO - DAG(s) 'flights_ops_medallion_pipe' retrieved from /opt/airflow/dags/flight-pipeline.py
[2026-04-27T23:55:01.190+0000] {logging_mixin.py:188} INFO - [2026-04-27T23:55:01.190+0000] {dag.py:3089} INFO - Sync 1 DAGs
[2026-04-27T23:55:01.212+0000] {logging_mixin.py:188} INFO - [2026-04-27T23:55:01.212+0000] {dag.py:3947} INFO - Setting next_dagrun for flights_ops_medallion_pipe to 2026-04-27 23:30:00+00:00, run_after=2026-04-28 00:00:00+00:00
[2026-04-27T23:55:01.231+0000] {processor.py:183} INFO - Processing /opt/airflow/dags/flight-pipeline.py took 1.110 seconds
[2026-04-27T23:55:31.367+0000] {processor.py:161} INFO - Started process (PID=3522) to work on /opt/airflow/dags/flight-pipeline.py
[2026-04-27T23:55:31.373+0000] {processor.py:830} INFO - Processing file /opt/airflow/dags/flight-pipeline.py for tasks to queue
[2026-04-27T23:55:31.376+0000] {logging_mixin.py:188} INFO - [2026-04-27T23:55:31.375+0000] {dagbag.py:545} INFO - Filling up the DagBag from /opt/airflow/dags/flight-pipeline.py
[2026-04-27T23:55:32.299+0000] {processor.py:840} INFO - DAG(s) 'flights_ops_medallion_pipe' retrieved from /opt/airflow/dags/flight-pipeline.py
[2026-04-27T23:55:32.332+0000] {logging_mixin.py:188} INFO - [2026-04-27T23:55:32.331+0000] {dag.py:3089} INFO - Sync 1 DAGs
[2026-04-27T23:55:32.354+0000] {logging_mixin.py:188} INFO - [2026-04-27T23:55:32.353+0000] {dag.py:3947} INFO - Setting next_dagrun for flights_ops_medallion_pipe to 2026-04-27 23:30:00+00:00, run_after=2026-04-28 00:00:00+00:00
[2026-04-27T23:55:32.377+0000] {processor.py:183} INFO - Processing /opt/airflow/dags/flight-pipeline.py took 1.018 seconds
[2026-04-27T23:56:02.678+0000] {processor.py:161} INFO - Started process (PID=3525) to work on /opt/airflow/dags/flight-pipeline.py
[2026-04-27T23:56:02.682+0000] {processor.py:830} INFO - Processing file /opt/airflow/dags/flight-pipeline.py for tasks to queue
[2026-04-27T23:56:02.685+0000] {logging_mixin.py:188} INFO - [2026-04-27T23:56:02.684+0000] {dagbag.py:545} INFO - Filling up the DagBag from /opt/airflow/dags/flight-pipeline.py
[2026-04-27T23:56:03.685+0000] {processor.py:840} INFO - DAG(s) 'flights_ops_medallion_pipe' retrieved from /opt/airflow/dags/flight-pipeline.py
[2026-04-27T23:56:03.719+0000] {logging_mixin.py:188} INFO - [2026-04-27T23:56:03.718+0000] {dag.py:3089} INFO - Sync 1 DAGs
[2026-04-27T23:56:03.745+0000] {logging_mixin.py:188} INFO - [2026-04-27T23:56:03.745+0000] {dag.py:3947} INFO - Setting next_dagrun for flights_ops_medallion_pipe to 2026-04-27 23:30:00+00:00, run_after=2026-04-28 00:00:00+00:00
[2026-04-27T23:56:03.835+0000] {processor.py:183} INFO - Processing /opt/airflow/dags/flight-pipeline.py took 1.169 seconds
[2026-04-27T23:56:33.914+0000] {processor.py:161} INFO - Started process (PID=3528) to work on /opt/airflow/dags/flight-pipeline.py
[2026-04-27T23:56:33.920+0000] {processor.py:830} INFO - Processing file /opt/airflow/dags/flight-pipeline.py for tasks to queue
[2026-04-27T23:56:33.924+0000] {logging_mixin.py:188} INFO - [2026-04-27T23:56:33.923+0000] {dagbag.py:545} INFO - Filling up the DagBag from /opt/airflow/dags/flight-pipeline.py
[2026-04-27T23:56:34.812+0000] {processor.py:840} INFO - DAG(s) 'flights_ops_medallion_pipe' retrieved from /opt/airflow/dags/flight-pipeline.py
[2026-04-27T23:56:34.844+0000] {logging_mixin.py:188} INFO - [2026-04-27T23:56:34.843+0000] {dag.py:3089} INFO - Sync 1 DAGs
[2026-04-27T23:56:34.866+0000] {logging_mixin.py:188} INFO - [2026-04-27T23:56:34.866+0000] {dag.py:3947} INFO - Setting next_dagrun for flights_ops_medallion_pipe to 2026-04-27 23:30:00+00:00, run_after=2026-04-28 00:00:00+00:00
[2026-04-27T23:56:34.885+0000] {processor.py:183} INFO - Processing /opt/airflow/dags/flight-pipeline.py took 0.983 seconds
[2026-04-27T23:57:05.147+0000] {processor.py:161} INFO - Started process (PID=3531) to work on /opt/airflow/dags/flight-pipeline.py
[2026-04-27T23:57:05.151+0000] {processor.py:830} INFO - Processing file /opt/airflow/dags/flight-pipeline.py for tasks to queue
[2026-04-27T23:57:05.153+0000] {logging_mixin.py:188} INFO - [2026-04-27T23:57:05.152+0000] {dagbag.py:545} INFO - Filling up the DagBag from /opt/airflow/dags/flight-pipeline.py
[2026-04-27T23:57:06.038+0000] {processor.py:840} INFO - DAG(s) 'flights_ops_medallion_pipe' retrieved from /opt/airflow/dags/flight-pipeline.py
[2026-04-27T23:57:06.071+0000] {logging_mixin.py:188} INFO - [2026-04-27T23:57:06.070+0000] {dag.py:3089} INFO - Sync 1 DAGs
[2026-04-27T23:57:06.092+0000] {logging_mixin.py:188} INFO - [2026-04-27T23:57:06.092+0000] {dag.py:3947} INFO - Setting next_dagrun for flights_ops_medallion_pipe to 2026-04-27 23:30:00+00:00, run_after=2026-04-28 00:00:00+00:00
[2026-04-27T23:57:06.112+0000] {processor.py:183} INFO - Processing /opt/airflow/dags/flight-pipeline.py took 0.973 seconds
[2026-04-27T23:57:36.383+0000] {processor.py:161} INFO - Started process (PID=3534) to work on /opt/airflow/dags/flight-pipeline.py
[2026-04-27T23:57:36.388+0000] {processor.py:830} INFO - Processing file /opt/airflow/dags/flight-pipeline.py for tasks to queue
[2026-04-27T23:57:36.391+0000] {logging_mixin.py:188} INFO - [2026-04-27T23:57:36.390+0000] {dagbag.py:545} INFO - Filling up the DagBag from /opt/airflow/dags/flight-pipeline.py
[2026-04-27T23:57:37.274+0000] {processor.py:840} INFO - DAG(s) 'flights_ops_medallion_pipe' retrieved from /opt/airflow/dags/flight-pipeline.py
[2026-04-27T23:57:37.308+0000] {logging_mixin.py:188} INFO - [2026-04-27T23:57:37.307+0000] {dag.py:3089} INFO - Sync 1 DAGs
[2026-04-27T23:57:37.329+0000] {logging_mixin.py:188} INFO - [2026-04-27T23:57:37.329+0000] {dag.py:3947} INFO - Setting next_dagrun for flights_ops_medallion_pipe to 2026-04-27 23:30:00+00:00, run_after=2026-04-28 00:00:00+00:00
[2026-04-27T23:57:37.352+0000] {processor.py:183} INFO - Processing /opt/airflow/dags/flight-pipeline.py took 0.976 seconds
[2026-04-27T23:58:07.615+0000] {processor.py:161} INFO - Started process (PID=3537) to work on /opt/airflow/dags/flight-pipeline.py
[2026-04-27T23:58:07.634+0000] {processor.py:830} INFO - Processing file /opt/airflow/dags/flight-pipeline.py for tasks to queue
[2026-04-27T23:58:07.640+0000] {logging_mixin.py:188} INFO - [2026-04-27T23:58:07.638+0000] {dagbag.py:545} INFO - Filling up the DagBag from /opt/airflow/dags/flight-pipeline.py
[2026-04-27T23:58:09.374+0000] {processor.py:840} INFO - DAG(s) 'flights_ops_medallion_pipe' retrieved from /opt/airflow/dags/flight-pipeline.py
[2026-04-27T23:58:09.425+0000] {logging_mixin.py:188} INFO - [2026-04-27T23:58:09.423+0000] {dag.py:3089} INFO - Sync 1 DAGs
[2026-04-27T23:58:09.461+0000] {logging_mixin.py:188} INFO - [2026-04-27T23:58:09.461+0000] {dag.py:3947} INFO - Setting next_dagrun for flights_ops_medallion_pipe to 2026-04-27 23:30:00+00:00, run_after=2026-04-28 00:00:00+00:00
[2026-04-27T23:58:09.488+0000] {processor.py:183} INFO - Processing /opt/airflow/dags/flight-pipeline.py took 1.883 seconds
[2026-04-27T23:58:39.803+0000] {processor.py:161} INFO - Started process (PID=3540) to work on /opt/airflow/dags/flight-pipeline.py
[2026-04-27T23:58:39.808+0000] {processor.py:830} INFO - Processing file /opt/airflow/dags/flight-pipeline.py for tasks to queue
[2026-04-27T23:58:39.811+0000] {logging_mixin.py:188} INFO - [2026-04-27T23:58:39.811+0000] {dagbag.py:545} INFO - Filling up the DagBag from /opt/airflow/dags/flight-pipeline.py
[2026-04-27T23:58:40.697+0000] {processor.py:840} INFO - DAG(s) 'flights_ops_medallion_pipe' retrieved from /opt/airflow/dags/flight-pipeline.py
[2026-04-27T23:58:40.738+0000] {logging_mixin.py:188} INFO - [2026-04-27T23:58:40.737+0000] {dag.py:3089} INFO - Sync 1 DAGs
[2026-04-27T23:58:40.767+0000] {logging_mixin.py:188} INFO - [2026-04-27T23:58:40.767+0000] {dag.py:3947} INFO - Setting next_dagrun for flights_ops_medallion_pipe to 2026-04-27 23:30:00+00:00, run_after=2026-04-28 00:00:00+00:00
[2026-04-27T23:58:40.792+0000] {processor.py:183} INFO - Processing /opt/airflow/dags/flight-pipeline.py took 0.997 seconds
[2026-04-27T23:59:11.152+0000] {processor.py:161} INFO - Started process (PID=3543) to work on /opt/airflow/dags/flight-pipeline.py
[2026-04-27T23:59:11.157+0000] {processor.py:830} INFO - Processing file /opt/airflow/dags/flight-pipeline.py for tasks to queue
[2026-04-27T23:59:11.168+0000] {logging_mixin.py:188} INFO - [2026-04-27T23:59:11.162+0000] {dagbag.py:545} INFO - Filling up the DagBag from /opt/airflow/dags/flight-pipeline.py
[2026-04-27T23:59:12.128+0000] {processor.py:840} INFO - DAG(s) 'flights_ops_medallion_pipe' retrieved from /opt/airflow/dags/flight-pipeline.py
[2026-04-27T23:59:12.159+0000] {logging_mixin.py:188} INFO - [2026-04-27T23:59:12.158+0000] {dag.py:3089} INFO - Sync 1 DAGs
[2026-04-27T23:59:12.181+0000] {logging_mixin.py:188} INFO - [2026-04-27T23:59:12.181+0000] {dag.py:3947} INFO - Setting next_dagrun for flights_ops_medallion_pipe to 2026-04-27 23:30:00+00:00, run_after=2026-04-28 00:00:00+00:00
[2026-04-27T23:59:12.199+0000] {processor.py:183} INFO - Processing /opt/airflow/dags/flight-pipeline.py took 1.055 seconds
[2026-04-27T23:59:42.518+0000] {processor.py:161} INFO - Started process (PID=3546) to work on /opt/airflow/dags/flight-pipeline.py
[2026-04-27T23:59:42.526+0000] {processor.py:830} INFO - Processing file /opt/airflow/dags/flight-pipeline.py for tasks to queue
[2026-04-27T23:59:42.537+0000] {logging_mixin.py:188} INFO - [2026-04-27T23:59:42.537+0000] {dagbag.py:545} INFO - Filling up the DagBag from /opt/airflow/dags/flight-pipeline.py
[2026-04-27T23:59:43.382+0000] {processor.py:840} INFO - DAG(s) 'flights_ops_medallion_pipe' retrieved from /opt/airflow/dags/flight-pipeline.py
[2026-04-27T23:59:43.416+0000] {logging_mixin.py:188} INFO - [2026-04-27T23:59:43.415+0000] {dag.py:3089} INFO - Sync 1 DAGs
[2026-04-27T23:59:43.439+0000] {logging_mixin.py:188} INFO - [2026-04-27T23:59:43.438+0000] {dag.py:3947} INFO - Setting next_dagrun for flights_ops_medallion_pipe to 2026-04-27 23:30:00+00:00, run_after=2026-04-28 00:00:00+00:00
[2026-04-27T23:59:43.460+0000] {processor.py:183} INFO - Processing /opt/airflow/dags/flight-pipeline.py took 0.951 seconds
