[2026-05-04T00:00:01.842+0000] {processor.py:161} INFO - Started process (PID=16310) to work on /opt/airflow/dags/flight-pipeline.py
[2026-05-04T00:00:01.845+0000] {processor.py:830} INFO - Processing file /opt/airflow/dags/flight-pipeline.py for tasks to queue
[2026-05-04T00:00:01.848+0000] {logging_mixin.py:188} INFO - [2026-05-04T00:00:01.847+0000] {dagbag.py:545} INFO - Filling up the DagBag from /opt/airflow/dags/flight-pipeline.py
[2026-05-04T00:00:02.955+0000] {processor.py:840} INFO - DAG(s) 'flights_ops_medallion_pipe' retrieved from /opt/airflow/dags/flight-pipeline.py
[2026-05-04T00:00:03.021+0000] {logging_mixin.py:188} INFO - [2026-05-04T00:00:03.021+0000] {dag.py:3089} INFO - Sync 1 DAGs
[2026-05-04T00:00:03.073+0000] {logging_mixin.py:188} INFO - [2026-05-04T00:00:03.073+0000] {dag.py:3947} INFO - Setting next_dagrun for flights_ops_medallion_pipe to 2026-05-04 00:00:00+00:00, run_after=2026-05-04 00:30:00+00:00
[2026-05-04T00:00:03.106+0000] {processor.py:183} INFO - Processing /opt/airflow/dags/flight-pipeline.py took 1.274 seconds
[2026-05-04T00:00:33.343+0000] {processor.py:161} INFO - Started process (PID=16346) to work on /opt/airflow/dags/flight-pipeline.py
[2026-05-04T00:00:33.345+0000] {processor.py:830} INFO - Processing file /opt/airflow/dags/flight-pipeline.py for tasks to queue
[2026-05-04T00:00:33.347+0000] {logging_mixin.py:188} INFO - [2026-05-04T00:00:33.346+0000] {dagbag.py:545} INFO - Filling up the DagBag from /opt/airflow/dags/flight-pipeline.py
[2026-05-04T00:00:34.711+0000] {processor.py:840} INFO - DAG(s) 'flights_ops_medallion_pipe' retrieved from /opt/airflow/dags/flight-pipeline.py
[2026-05-04T00:00:34.784+0000] {logging_mixin.py:188} INFO - [2026-05-04T00:00:34.783+0000] {dag.py:3089} INFO - Sync 1 DAGs
[2026-05-04T00:00:34.842+0000] {logging_mixin.py:188} INFO - [2026-05-04T00:00:34.841+0000] {dag.py:3947} INFO - Setting next_dagrun for flights_ops_medallion_pipe to 2026-05-04 00:00:00+00:00, run_after=2026-05-04 00:30:00+00:00
[2026-05-04T00:00:34.874+0000] {processor.py:183} INFO - Processing /opt/airflow/dags/flight-pipeline.py took 1.546 seconds
[2026-05-04T00:01:05.145+0000] {processor.py:161} INFO - Started process (PID=16359) to work on /opt/airflow/dags/flight-pipeline.py
[2026-05-04T00:01:05.147+0000] {processor.py:830} INFO - Processing file /opt/airflow/dags/flight-pipeline.py for tasks to queue
[2026-05-04T00:01:05.150+0000] {logging_mixin.py:188} INFO - [2026-05-04T00:01:05.148+0000] {dagbag.py:545} INFO - Filling up the DagBag from /opt/airflow/dags/flight-pipeline.py
[2026-05-04T00:01:06.146+0000] {processor.py:840} INFO - DAG(s) 'flights_ops_medallion_pipe' retrieved from /opt/airflow/dags/flight-pipeline.py
[2026-05-04T00:01:06.201+0000] {logging_mixin.py:188} INFO - [2026-05-04T00:01:06.200+0000] {dag.py:3089} INFO - Sync 1 DAGs
[2026-05-04T00:01:06.236+0000] {logging_mixin.py:188} INFO - [2026-05-04T00:01:06.236+0000] {dag.py:3947} INFO - Setting next_dagrun for flights_ops_medallion_pipe to 2026-05-04 00:00:00+00:00, run_after=2026-05-04 00:30:00+00:00
[2026-05-04T00:01:06.259+0000] {processor.py:183} INFO - Processing /opt/airflow/dags/flight-pipeline.py took 1.122 seconds
[2026-05-04T00:01:36.382+0000] {processor.py:161} INFO - Started process (PID=16362) to work on /opt/airflow/dags/flight-pipeline.py
[2026-05-04T00:01:36.383+0000] {processor.py:830} INFO - Processing file /opt/airflow/dags/flight-pipeline.py for tasks to queue
[2026-05-04T00:01:36.384+0000] {logging_mixin.py:188} INFO - [2026-05-04T00:01:36.384+0000] {dagbag.py:545} INFO - Filling up the DagBag from /opt/airflow/dags/flight-pipeline.py
[2026-05-04T00:01:37.219+0000] {processor.py:840} INFO - DAG(s) 'flights_ops_medallion_pipe' retrieved from /opt/airflow/dags/flight-pipeline.py
[2026-05-04T00:01:37.256+0000] {logging_mixin.py:188} INFO - [2026-05-04T00:01:37.256+0000] {dag.py:3089} INFO - Sync 1 DAGs
[2026-05-04T00:01:37.287+0000] {logging_mixin.py:188} INFO - [2026-05-04T00:01:37.287+0000] {dag.py:3947} INFO - Setting next_dagrun for flights_ops_medallion_pipe to 2026-05-04 00:00:00+00:00, run_after=2026-05-04 00:30:00+00:00
[2026-05-04T00:01:37.307+0000] {processor.py:183} INFO - Processing /opt/airflow/dags/flight-pipeline.py took 0.935 seconds
[2026-05-04T00:02:07.565+0000] {processor.py:161} INFO - Started process (PID=16365) to work on /opt/airflow/dags/flight-pipeline.py
[2026-05-04T00:02:07.567+0000] {processor.py:830} INFO - Processing file /opt/airflow/dags/flight-pipeline.py for tasks to queue
[2026-05-04T00:02:07.568+0000] {logging_mixin.py:188} INFO - [2026-05-04T00:02:07.568+0000] {dagbag.py:545} INFO - Filling up the DagBag from /opt/airflow/dags/flight-pipeline.py
[2026-05-04T00:02:08.256+0000] {processor.py:840} INFO - DAG(s) 'flights_ops_medallion_pipe' retrieved from /opt/airflow/dags/flight-pipeline.py
[2026-05-04T00:02:08.291+0000] {logging_mixin.py:188} INFO - [2026-05-04T00:02:08.290+0000] {dag.py:3089} INFO - Sync 1 DAGs
[2026-05-04T00:02:08.326+0000] {logging_mixin.py:188} INFO - [2026-05-04T00:02:08.326+0000] {dag.py:3947} INFO - Setting next_dagrun for flights_ops_medallion_pipe to 2026-05-04 00:00:00+00:00, run_after=2026-05-04 00:30:00+00:00
[2026-05-04T00:02:08.357+0000] {processor.py:183} INFO - Processing /opt/airflow/dags/flight-pipeline.py took 0.800 seconds
[2026-05-04T00:02:38.593+0000] {processor.py:161} INFO - Started process (PID=16368) to work on /opt/airflow/dags/flight-pipeline.py
[2026-05-04T00:02:38.594+0000] {processor.py:830} INFO - Processing file /opt/airflow/dags/flight-pipeline.py for tasks to queue
[2026-05-04T00:02:38.595+0000] {logging_mixin.py:188} INFO - [2026-05-04T00:02:38.594+0000] {dagbag.py:545} INFO - Filling up the DagBag from /opt/airflow/dags/flight-pipeline.py
[2026-05-04T00:02:39.297+0000] {processor.py:840} INFO - DAG(s) 'flights_ops_medallion_pipe' retrieved from /opt/airflow/dags/flight-pipeline.py
[2026-05-04T00:02:39.334+0000] {logging_mixin.py:188} INFO - [2026-05-04T00:02:39.333+0000] {dag.py:3089} INFO - Sync 1 DAGs
[2026-05-04T00:02:39.360+0000] {logging_mixin.py:188} INFO - [2026-05-04T00:02:39.359+0000] {dag.py:3947} INFO - Setting next_dagrun for flights_ops_medallion_pipe to 2026-05-04 00:00:00+00:00, run_after=2026-05-04 00:30:00+00:00
[2026-05-04T00:02:39.379+0000] {processor.py:183} INFO - Processing /opt/airflow/dags/flight-pipeline.py took 0.795 seconds
[2026-05-04T00:03:09.652+0000] {processor.py:161} INFO - Started process (PID=16371) to work on /opt/airflow/dags/flight-pipeline.py
[2026-05-04T00:03:09.653+0000] {processor.py:830} INFO - Processing file /opt/airflow/dags/flight-pipeline.py for tasks to queue
[2026-05-04T00:03:09.655+0000] {logging_mixin.py:188} INFO - [2026-05-04T00:03:09.654+0000] {dagbag.py:545} INFO - Filling up the DagBag from /opt/airflow/dags/flight-pipeline.py
[2026-05-04T00:03:10.354+0000] {processor.py:840} INFO - DAG(s) 'flights_ops_medallion_pipe' retrieved from /opt/airflow/dags/flight-pipeline.py
[2026-05-04T00:03:10.388+0000] {logging_mixin.py:188} INFO - [2026-05-04T00:03:10.388+0000] {dag.py:3089} INFO - Sync 1 DAGs
[2026-05-04T00:03:10.414+0000] {logging_mixin.py:188} INFO - [2026-05-04T00:03:10.413+0000] {dag.py:3947} INFO - Setting next_dagrun for flights_ops_medallion_pipe to 2026-05-04 00:00:00+00:00, run_after=2026-05-04 00:30:00+00:00
[2026-05-04T00:03:10.433+0000] {processor.py:183} INFO - Processing /opt/airflow/dags/flight-pipeline.py took 0.789 seconds
[2026-05-04T00:03:40.679+0000] {processor.py:161} INFO - Started process (PID=16374) to work on /opt/airflow/dags/flight-pipeline.py
[2026-05-04T00:03:40.681+0000] {processor.py:830} INFO - Processing file /opt/airflow/dags/flight-pipeline.py for tasks to queue
[2026-05-04T00:03:40.682+0000] {logging_mixin.py:188} INFO - [2026-05-04T00:03:40.681+0000] {dagbag.py:545} INFO - Filling up the DagBag from /opt/airflow/dags/flight-pipeline.py
[2026-05-04T00:03:41.385+0000] {processor.py:840} INFO - DAG(s) 'flights_ops_medallion_pipe' retrieved from /opt/airflow/dags/flight-pipeline.py
[2026-05-04T00:03:41.419+0000] {logging_mixin.py:188} INFO - [2026-05-04T00:03:41.419+0000] {dag.py:3089} INFO - Sync 1 DAGs
[2026-05-04T00:03:41.445+0000] {logging_mixin.py:188} INFO - [2026-05-04T00:03:41.445+0000] {dag.py:3947} INFO - Setting next_dagrun for flights_ops_medallion_pipe to 2026-05-04 00:00:00+00:00, run_after=2026-05-04 00:30:00+00:00
[2026-05-04T00:03:41.467+0000] {processor.py:183} INFO - Processing /opt/airflow/dags/flight-pipeline.py took 0.797 seconds
[2026-05-04T00:04:11.514+0000] {processor.py:161} INFO - Started process (PID=16377) to work on /opt/airflow/dags/flight-pipeline.py
[2026-05-04T00:04:11.515+0000] {processor.py:830} INFO - Processing file /opt/airflow/dags/flight-pipeline.py for tasks to queue
[2026-05-04T00:04:11.517+0000] {logging_mixin.py:188} INFO - [2026-05-04T00:04:11.516+0000] {dagbag.py:545} INFO - Filling up the DagBag from /opt/airflow/dags/flight-pipeline.py
[2026-05-04T00:04:12.271+0000] {processor.py:840} INFO - DAG(s) 'flights_ops_medallion_pipe' retrieved from /opt/airflow/dags/flight-pipeline.py
[2026-05-04T00:04:12.306+0000] {logging_mixin.py:188} INFO - [2026-05-04T00:04:12.305+0000] {dag.py:3089} INFO - Sync 1 DAGs
[2026-05-04T00:04:12.331+0000] {logging_mixin.py:188} INFO - [2026-05-04T00:04:12.331+0000] {dag.py:3947} INFO - Setting next_dagrun for flights_ops_medallion_pipe to 2026-05-04 00:00:00+00:00, run_after=2026-05-04 00:30:00+00:00
[2026-05-04T00:04:12.350+0000] {processor.py:183} INFO - Processing /opt/airflow/dags/flight-pipeline.py took 0.845 seconds
[2026-05-04T00:04:42.594+0000] {processor.py:161} INFO - Started process (PID=16380) to work on /opt/airflow/dags/flight-pipeline.py
[2026-05-04T00:04:42.596+0000] {processor.py:830} INFO - Processing file /opt/airflow/dags/flight-pipeline.py for tasks to queue
[2026-05-04T00:04:42.597+0000] {logging_mixin.py:188} INFO - [2026-05-04T00:04:42.596+0000] {dagbag.py:545} INFO - Filling up the DagBag from /opt/airflow/dags/flight-pipeline.py
[2026-05-04T00:04:43.283+0000] {processor.py:840} INFO - DAG(s) 'flights_ops_medallion_pipe' retrieved from /opt/airflow/dags/flight-pipeline.py
[2026-05-04T00:04:43.318+0000] {logging_mixin.py:188} INFO - [2026-05-04T00:04:43.317+0000] {dag.py:3089} INFO - Sync 1 DAGs
[2026-05-04T00:04:43.343+0000] {logging_mixin.py:188} INFO - [2026-05-04T00:04:43.343+0000] {dag.py:3947} INFO - Setting next_dagrun for flights_ops_medallion_pipe to 2026-05-04 00:00:00+00:00, run_after=2026-05-04 00:30:00+00:00
[2026-05-04T00:04:43.362+0000] {processor.py:183} INFO - Processing /opt/airflow/dags/flight-pipeline.py took 0.776 seconds
[2026-05-04T00:05:13.606+0000] {processor.py:161} INFO - Started process (PID=16383) to work on /opt/airflow/dags/flight-pipeline.py
[2026-05-04T00:05:13.608+0000] {processor.py:830} INFO - Processing file /opt/airflow/dags/flight-pipeline.py for tasks to queue
[2026-05-04T00:05:13.609+0000] {logging_mixin.py:188} INFO - [2026-05-04T00:05:13.608+0000] {dagbag.py:545} INFO - Filling up the DagBag from /opt/airflow/dags/flight-pipeline.py
[2026-05-04T00:05:14.297+0000] {processor.py:840} INFO - DAG(s) 'flights_ops_medallion_pipe' retrieved from /opt/airflow/dags/flight-pipeline.py
[2026-05-04T00:05:14.333+0000] {logging_mixin.py:188} INFO - [2026-05-04T00:05:14.332+0000] {dag.py:3089} INFO - Sync 1 DAGs
[2026-05-04T00:05:14.361+0000] {logging_mixin.py:188} INFO - [2026-05-04T00:05:14.361+0000] {dag.py:3947} INFO - Setting next_dagrun for flights_ops_medallion_pipe to 2026-05-04 00:00:00+00:00, run_after=2026-05-04 00:30:00+00:00
[2026-05-04T00:05:14.380+0000] {processor.py:183} INFO - Processing /opt/airflow/dags/flight-pipeline.py took 0.784 seconds
[2026-05-04T00:05:44.618+0000] {processor.py:161} INFO - Started process (PID=16386) to work on /opt/airflow/dags/flight-pipeline.py
[2026-05-04T00:05:44.619+0000] {processor.py:830} INFO - Processing file /opt/airflow/dags/flight-pipeline.py for tasks to queue
[2026-05-04T00:05:44.621+0000] {logging_mixin.py:188} INFO - [2026-05-04T00:05:44.620+0000] {dagbag.py:545} INFO - Filling up the DagBag from /opt/airflow/dags/flight-pipeline.py
[2026-05-04T00:05:45.323+0000] {processor.py:840} INFO - DAG(s) 'flights_ops_medallion_pipe' retrieved from /opt/airflow/dags/flight-pipeline.py
[2026-05-04T00:05:45.362+0000] {logging_mixin.py:188} INFO - [2026-05-04T00:05:45.362+0000] {dag.py:3089} INFO - Sync 1 DAGs
[2026-05-04T00:05:45.385+0000] {logging_mixin.py:188} INFO - [2026-05-04T00:05:45.385+0000] {dag.py:3947} INFO - Setting next_dagrun for flights_ops_medallion_pipe to 2026-05-04 00:00:00+00:00, run_after=2026-05-04 00:30:00+00:00
[2026-05-04T00:05:45.404+0000] {processor.py:183} INFO - Processing /opt/airflow/dags/flight-pipeline.py took 0.807 seconds
[2026-05-04T00:06:15.543+0000] {processor.py:161} INFO - Started process (PID=16389) to work on /opt/airflow/dags/flight-pipeline.py
[2026-05-04T00:06:15.544+0000] {processor.py:830} INFO - Processing file /opt/airflow/dags/flight-pipeline.py for tasks to queue
[2026-05-04T00:06:15.545+0000] {logging_mixin.py:188} INFO - [2026-05-04T00:06:15.545+0000] {dagbag.py:545} INFO - Filling up the DagBag from /opt/airflow/dags/flight-pipeline.py
[2026-05-04T00:06:16.227+0000] {processor.py:840} INFO - DAG(s) 'flights_ops_medallion_pipe' retrieved from /opt/airflow/dags/flight-pipeline.py
[2026-05-04T00:06:16.263+0000] {logging_mixin.py:188} INFO - [2026-05-04T00:06:16.262+0000] {dag.py:3089} INFO - Sync 1 DAGs
[2026-05-04T00:06:16.286+0000] {logging_mixin.py:188} INFO - [2026-05-04T00:06:16.286+0000] {dag.py:3947} INFO - Setting next_dagrun for flights_ops_medallion_pipe to 2026-05-04 00:00:00+00:00, run_after=2026-05-04 00:30:00+00:00
[2026-05-04T00:06:16.305+0000] {processor.py:183} INFO - Processing /opt/airflow/dags/flight-pipeline.py took 0.772 seconds
[2026-05-04T00:06:46.572+0000] {processor.py:161} INFO - Started process (PID=16392) to work on /opt/airflow/dags/flight-pipeline.py
[2026-05-04T00:06:46.573+0000] {processor.py:830} INFO - Processing file /opt/airflow/dags/flight-pipeline.py for tasks to queue
[2026-05-04T00:06:46.575+0000] {logging_mixin.py:188} INFO - [2026-05-04T00:06:46.574+0000] {dagbag.py:545} INFO - Filling up the DagBag from /opt/airflow/dags/flight-pipeline.py
[2026-05-04T00:06:47.290+0000] {processor.py:840} INFO - DAG(s) 'flights_ops_medallion_pipe' retrieved from /opt/airflow/dags/flight-pipeline.py
[2026-05-04T00:06:47.336+0000] {logging_mixin.py:188} INFO - [2026-05-04T00:06:47.335+0000] {dag.py:3089} INFO - Sync 1 DAGs
[2026-05-04T00:06:47.365+0000] {logging_mixin.py:188} INFO - [2026-05-04T00:06:47.365+0000] {dag.py:3947} INFO - Setting next_dagrun for flights_ops_medallion_pipe to 2026-05-04 00:00:00+00:00, run_after=2026-05-04 00:30:00+00:00
[2026-05-04T00:06:47.389+0000] {processor.py:183} INFO - Processing /opt/airflow/dags/flight-pipeline.py took 0.826 seconds
[2026-05-04T00:07:17.660+0000] {processor.py:161} INFO - Started process (PID=16395) to work on /opt/airflow/dags/flight-pipeline.py
[2026-05-04T00:07:17.662+0000] {processor.py:830} INFO - Processing file /opt/airflow/dags/flight-pipeline.py for tasks to queue
[2026-05-04T00:07:17.663+0000] {logging_mixin.py:188} INFO - [2026-05-04T00:07:17.663+0000] {dagbag.py:545} INFO - Filling up the DagBag from /opt/airflow/dags/flight-pipeline.py
[2026-05-04T00:07:18.425+0000] {processor.py:840} INFO - DAG(s) 'flights_ops_medallion_pipe' retrieved from /opt/airflow/dags/flight-pipeline.py
[2026-05-04T00:07:18.467+0000] {logging_mixin.py:188} INFO - [2026-05-04T00:07:18.467+0000] {dag.py:3089} INFO - Sync 1 DAGs
[2026-05-04T00:07:18.496+0000] {logging_mixin.py:188} INFO - [2026-05-04T00:07:18.496+0000] {dag.py:3947} INFO - Setting next_dagrun for flights_ops_medallion_pipe to 2026-05-04 00:00:00+00:00, run_after=2026-05-04 00:30:00+00:00
[2026-05-04T00:07:18.519+0000] {processor.py:183} INFO - Processing /opt/airflow/dags/flight-pipeline.py took 0.867 seconds
[2026-05-04T00:07:48.782+0000] {processor.py:161} INFO - Started process (PID=16398) to work on /opt/airflow/dags/flight-pipeline.py
[2026-05-04T00:07:48.784+0000] {processor.py:830} INFO - Processing file /opt/airflow/dags/flight-pipeline.py for tasks to queue
[2026-05-04T00:07:48.785+0000] {logging_mixin.py:188} INFO - [2026-05-04T00:07:48.785+0000] {dagbag.py:545} INFO - Filling up the DagBag from /opt/airflow/dags/flight-pipeline.py
[2026-05-04T00:07:49.567+0000] {processor.py:840} INFO - DAG(s) 'flights_ops_medallion_pipe' retrieved from /opt/airflow/dags/flight-pipeline.py
[2026-05-04T00:07:49.615+0000] {logging_mixin.py:188} INFO - [2026-05-04T00:07:49.614+0000] {dag.py:3089} INFO - Sync 1 DAGs
[2026-05-04T00:07:49.647+0000] {logging_mixin.py:188} INFO - [2026-05-04T00:07:49.647+0000] {dag.py:3947} INFO - Setting next_dagrun for flights_ops_medallion_pipe to 2026-05-04 00:00:00+00:00, run_after=2026-05-04 00:30:00+00:00
[2026-05-04T00:07:49.671+0000] {processor.py:183} INFO - Processing /opt/airflow/dags/flight-pipeline.py took 0.897 seconds
[2026-05-04T00:08:19.965+0000] {processor.py:161} INFO - Started process (PID=16401) to work on /opt/airflow/dags/flight-pipeline.py
[2026-05-04T00:08:19.966+0000] {processor.py:830} INFO - Processing file /opt/airflow/dags/flight-pipeline.py for tasks to queue
[2026-05-04T00:08:19.968+0000] {logging_mixin.py:188} INFO - [2026-05-04T00:08:19.967+0000] {dagbag.py:545} INFO - Filling up the DagBag from /opt/airflow/dags/flight-pipeline.py
[2026-05-04T00:08:20.767+0000] {processor.py:840} INFO - DAG(s) 'flights_ops_medallion_pipe' retrieved from /opt/airflow/dags/flight-pipeline.py
[2026-05-04T00:08:20.813+0000] {logging_mixin.py:188} INFO - [2026-05-04T00:08:20.813+0000] {dag.py:3089} INFO - Sync 1 DAGs
[2026-05-04T00:08:20.842+0000] {logging_mixin.py:188} INFO - [2026-05-04T00:08:20.842+0000] {dag.py:3947} INFO - Setting next_dagrun for flights_ops_medallion_pipe to 2026-05-04 00:00:00+00:00, run_after=2026-05-04 00:30:00+00:00
[2026-05-04T00:08:20.867+0000] {processor.py:183} INFO - Processing /opt/airflow/dags/flight-pipeline.py took 0.911 seconds
[2026-05-04T00:08:51.138+0000] {processor.py:161} INFO - Started process (PID=16404) to work on /opt/airflow/dags/flight-pipeline.py
[2026-05-04T00:08:51.140+0000] {processor.py:830} INFO - Processing file /opt/airflow/dags/flight-pipeline.py for tasks to queue
[2026-05-04T00:08:51.141+0000] {logging_mixin.py:188} INFO - [2026-05-04T00:08:51.141+0000] {dagbag.py:545} INFO - Filling up the DagBag from /opt/airflow/dags/flight-pipeline.py
[2026-05-04T00:08:51.958+0000] {processor.py:840} INFO - DAG(s) 'flights_ops_medallion_pipe' retrieved from /opt/airflow/dags/flight-pipeline.py
[2026-05-04T00:08:52.001+0000] {logging_mixin.py:188} INFO - [2026-05-04T00:08:52.001+0000] {dag.py:3089} INFO - Sync 1 DAGs
[2026-05-04T00:08:52.033+0000] {logging_mixin.py:188} INFO - [2026-05-04T00:08:52.033+0000] {dag.py:3947} INFO - Setting next_dagrun for flights_ops_medallion_pipe to 2026-05-04 00:00:00+00:00, run_after=2026-05-04 00:30:00+00:00
[2026-05-04T00:08:52.056+0000] {processor.py:183} INFO - Processing /opt/airflow/dags/flight-pipeline.py took 0.927 seconds
[2026-05-04T00:09:22.301+0000] {processor.py:161} INFO - Started process (PID=16407) to work on /opt/airflow/dags/flight-pipeline.py
[2026-05-04T00:09:22.302+0000] {processor.py:830} INFO - Processing file /opt/airflow/dags/flight-pipeline.py for tasks to queue
[2026-05-04T00:09:22.303+0000] {logging_mixin.py:188} INFO - [2026-05-04T00:09:22.303+0000] {dagbag.py:545} INFO - Filling up the DagBag from /opt/airflow/dags/flight-pipeline.py
[2026-05-04T00:09:23.146+0000] {processor.py:840} INFO - DAG(s) 'flights_ops_medallion_pipe' retrieved from /opt/airflow/dags/flight-pipeline.py
[2026-05-04T00:09:23.191+0000] {logging_mixin.py:188} INFO - [2026-05-04T00:09:23.190+0000] {dag.py:3089} INFO - Sync 1 DAGs
[2026-05-04T00:09:23.225+0000] {logging_mixin.py:188} INFO - [2026-05-04T00:09:23.224+0000] {dag.py:3947} INFO - Setting next_dagrun for flights_ops_medallion_pipe to 2026-05-04 00:00:00+00:00, run_after=2026-05-04 00:30:00+00:00
[2026-05-04T00:09:23.250+0000] {processor.py:183} INFO - Processing /opt/airflow/dags/flight-pipeline.py took 0.961 seconds
[2026-05-04T00:09:53.498+0000] {processor.py:161} INFO - Started process (PID=16410) to work on /opt/airflow/dags/flight-pipeline.py
[2026-05-04T00:09:53.500+0000] {processor.py:830} INFO - Processing file /opt/airflow/dags/flight-pipeline.py for tasks to queue
[2026-05-04T00:09:53.501+0000] {logging_mixin.py:188} INFO - [2026-05-04T00:09:53.501+0000] {dagbag.py:545} INFO - Filling up the DagBag from /opt/airflow/dags/flight-pipeline.py
[2026-05-04T00:09:54.298+0000] {processor.py:840} INFO - DAG(s) 'flights_ops_medallion_pipe' retrieved from /opt/airflow/dags/flight-pipeline.py
[2026-05-04T00:09:54.339+0000] {logging_mixin.py:188} INFO - [2026-05-04T00:09:54.338+0000] {dag.py:3089} INFO - Sync 1 DAGs
[2026-05-04T00:09:54.367+0000] {logging_mixin.py:188} INFO - [2026-05-04T00:09:54.367+0000] {dag.py:3947} INFO - Setting next_dagrun for flights_ops_medallion_pipe to 2026-05-04 00:00:00+00:00, run_after=2026-05-04 00:30:00+00:00
[2026-05-04T00:09:54.396+0000] {processor.py:183} INFO - Processing /opt/airflow/dags/flight-pipeline.py took 0.907 seconds
[2026-05-04T00:10:24.658+0000] {processor.py:161} INFO - Started process (PID=16413) to work on /opt/airflow/dags/flight-pipeline.py
[2026-05-04T00:10:24.660+0000] {processor.py:830} INFO - Processing file /opt/airflow/dags/flight-pipeline.py for tasks to queue
[2026-05-04T00:10:24.663+0000] {logging_mixin.py:188} INFO - [2026-05-04T00:10:24.661+0000] {dagbag.py:545} INFO - Filling up the DagBag from /opt/airflow/dags/flight-pipeline.py
[2026-05-04T00:10:25.542+0000] {processor.py:840} INFO - DAG(s) 'flights_ops_medallion_pipe' retrieved from /opt/airflow/dags/flight-pipeline.py
[2026-05-04T00:10:25.588+0000] {logging_mixin.py:188} INFO - [2026-05-04T00:10:25.587+0000] {dag.py:3089} INFO - Sync 1 DAGs
[2026-05-04T00:10:25.621+0000] {logging_mixin.py:188} INFO - [2026-05-04T00:10:25.620+0000] {dag.py:3947} INFO - Setting next_dagrun for flights_ops_medallion_pipe to 2026-05-04 00:00:00+00:00, run_after=2026-05-04 00:30:00+00:00
[2026-05-04T00:10:25.649+0000] {processor.py:183} INFO - Processing /opt/airflow/dags/flight-pipeline.py took 1.003 seconds
[2026-05-04T00:10:55.888+0000] {processor.py:161} INFO - Started process (PID=16416) to work on /opt/airflow/dags/flight-pipeline.py
[2026-05-04T00:10:55.889+0000] {processor.py:830} INFO - Processing file /opt/airflow/dags/flight-pipeline.py for tasks to queue
[2026-05-04T00:10:55.890+0000] {logging_mixin.py:188} INFO - [2026-05-04T00:10:55.890+0000] {dagbag.py:545} INFO - Filling up the DagBag from /opt/airflow/dags/flight-pipeline.py
[2026-05-04T00:10:56.720+0000] {processor.py:840} INFO - DAG(s) 'flights_ops_medallion_pipe' retrieved from /opt/airflow/dags/flight-pipeline.py
[2026-05-04T00:10:56.767+0000] {logging_mixin.py:188} INFO - [2026-05-04T00:10:56.766+0000] {dag.py:3089} INFO - Sync 1 DAGs
[2026-05-04T00:10:56.801+0000] {logging_mixin.py:188} INFO - [2026-05-04T00:10:56.801+0000] {dag.py:3947} INFO - Setting next_dagrun for flights_ops_medallion_pipe to 2026-05-04 00:00:00+00:00, run_after=2026-05-04 00:30:00+00:00
[2026-05-04T00:10:56.826+0000] {processor.py:183} INFO - Processing /opt/airflow/dags/flight-pipeline.py took 0.947 seconds
[2026-05-04T00:11:27.143+0000] {processor.py:161} INFO - Started process (PID=16419) to work on /opt/airflow/dags/flight-pipeline.py
[2026-05-04T00:11:27.145+0000] {processor.py:830} INFO - Processing file /opt/airflow/dags/flight-pipeline.py for tasks to queue
[2026-05-04T00:11:27.147+0000] {logging_mixin.py:188} INFO - [2026-05-04T00:11:27.146+0000] {dagbag.py:545} INFO - Filling up the DagBag from /opt/airflow/dags/flight-pipeline.py
[2026-05-04T00:11:28.328+0000] {processor.py:840} INFO - DAG(s) 'flights_ops_medallion_pipe' retrieved from /opt/airflow/dags/flight-pipeline.py
[2026-05-04T00:11:28.385+0000] {logging_mixin.py:188} INFO - [2026-05-04T00:11:28.385+0000] {dag.py:3089} INFO - Sync 1 DAGs
[2026-05-04T00:11:28.424+0000] {logging_mixin.py:188} INFO - [2026-05-04T00:11:28.423+0000] {dag.py:3947} INFO - Setting next_dagrun for flights_ops_medallion_pipe to 2026-05-04 00:00:00+00:00, run_after=2026-05-04 00:30:00+00:00
[2026-05-04T00:11:28.454+0000] {processor.py:183} INFO - Processing /opt/airflow/dags/flight-pipeline.py took 1.324 seconds
[2026-05-04T00:11:58.710+0000] {processor.py:161} INFO - Started process (PID=16422) to work on /opt/airflow/dags/flight-pipeline.py
[2026-05-04T00:11:58.712+0000] {processor.py:830} INFO - Processing file /opt/airflow/dags/flight-pipeline.py for tasks to queue
[2026-05-04T00:11:58.713+0000] {logging_mixin.py:188} INFO - [2026-05-04T00:11:58.713+0000] {dagbag.py:545} INFO - Filling up the DagBag from /opt/airflow/dags/flight-pipeline.py
[2026-05-04T00:11:59.582+0000] {processor.py:840} INFO - DAG(s) 'flights_ops_medallion_pipe' retrieved from /opt/airflow/dags/flight-pipeline.py
[2026-05-04T00:11:59.645+0000] {logging_mixin.py:188} INFO - [2026-05-04T00:11:59.644+0000] {dag.py:3089} INFO - Sync 1 DAGs
[2026-05-04T00:11:59.679+0000] {logging_mixin.py:188} INFO - [2026-05-04T00:11:59.678+0000] {dag.py:3947} INFO - Setting next_dagrun for flights_ops_medallion_pipe to 2026-05-04 00:00:00+00:00, run_after=2026-05-04 00:30:00+00:00
[2026-05-04T00:11:59.708+0000] {processor.py:183} INFO - Processing /opt/airflow/dags/flight-pipeline.py took 1.007 seconds
[2026-05-04T00:12:29.950+0000] {processor.py:161} INFO - Started process (PID=16425) to work on /opt/airflow/dags/flight-pipeline.py
[2026-05-04T00:12:29.952+0000] {processor.py:830} INFO - Processing file /opt/airflow/dags/flight-pipeline.py for tasks to queue
[2026-05-04T00:12:29.954+0000] {logging_mixin.py:188} INFO - [2026-05-04T00:12:29.953+0000] {dagbag.py:545} INFO - Filling up the DagBag from /opt/airflow/dags/flight-pipeline.py
[2026-05-04T00:12:30.819+0000] {processor.py:840} INFO - DAG(s) 'flights_ops_medallion_pipe' retrieved from /opt/airflow/dags/flight-pipeline.py
[2026-05-04T00:12:30.861+0000] {logging_mixin.py:188} INFO - [2026-05-04T00:12:30.860+0000] {dag.py:3089} INFO - Sync 1 DAGs
[2026-05-04T00:12:30.893+0000] {logging_mixin.py:188} INFO - [2026-05-04T00:12:30.892+0000] {dag.py:3947} INFO - Setting next_dagrun for flights_ops_medallion_pipe to 2026-05-04 00:00:00+00:00, run_after=2026-05-04 00:30:00+00:00
[2026-05-04T00:12:30.918+0000] {processor.py:183} INFO - Processing /opt/airflow/dags/flight-pipeline.py took 0.978 seconds
[2026-05-04T00:13:01.227+0000] {processor.py:161} INFO - Started process (PID=16428) to work on /opt/airflow/dags/flight-pipeline.py
[2026-05-04T00:13:01.231+0000] {processor.py:830} INFO - Processing file /opt/airflow/dags/flight-pipeline.py for tasks to queue
[2026-05-04T00:13:01.235+0000] {logging_mixin.py:188} INFO - [2026-05-04T00:13:01.234+0000] {dagbag.py:545} INFO - Filling up the DagBag from /opt/airflow/dags/flight-pipeline.py
[2026-05-04T00:13:02.778+0000] {processor.py:840} INFO - DAG(s) 'flights_ops_medallion_pipe' retrieved from /opt/airflow/dags/flight-pipeline.py
[2026-05-04T00:13:02.862+0000] {logging_mixin.py:188} INFO - [2026-05-04T00:13:02.860+0000] {dag.py:3089} INFO - Sync 1 DAGs
[2026-05-04T00:13:02.915+0000] {logging_mixin.py:188} INFO - [2026-05-04T00:13:02.915+0000] {dag.py:3947} INFO - Setting next_dagrun for flights_ops_medallion_pipe to 2026-05-04 00:00:00+00:00, run_after=2026-05-04 00:30:00+00:00
[2026-05-04T00:13:02.953+0000] {processor.py:183} INFO - Processing /opt/airflow/dags/flight-pipeline.py took 1.738 seconds
[2026-05-04T00:13:33.253+0000] {processor.py:161} INFO - Started process (PID=16431) to work on /opt/airflow/dags/flight-pipeline.py
[2026-05-04T00:13:33.256+0000] {processor.py:830} INFO - Processing file /opt/airflow/dags/flight-pipeline.py for tasks to queue
[2026-05-04T00:13:33.257+0000] {logging_mixin.py:188} INFO - [2026-05-04T00:13:33.257+0000] {dagbag.py:545} INFO - Filling up the DagBag from /opt/airflow/dags/flight-pipeline.py
[2026-05-04T00:13:34.052+0000] {processor.py:840} INFO - DAG(s) 'flights_ops_medallion_pipe' retrieved from /opt/airflow/dags/flight-pipeline.py
[2026-05-04T00:13:34.093+0000] {logging_mixin.py:188} INFO - [2026-05-04T00:13:34.092+0000] {dag.py:3089} INFO - Sync 1 DAGs
[2026-05-04T00:13:34.127+0000] {logging_mixin.py:188} INFO - [2026-05-04T00:13:34.126+0000] {dag.py:3947} INFO - Setting next_dagrun for flights_ops_medallion_pipe to 2026-05-04 00:00:00+00:00, run_after=2026-05-04 00:30:00+00:00
[2026-05-04T00:13:34.153+0000] {processor.py:183} INFO - Processing /opt/airflow/dags/flight-pipeline.py took 0.910 seconds
[2026-05-04T00:14:04.439+0000] {processor.py:161} INFO - Started process (PID=16434) to work on /opt/airflow/dags/flight-pipeline.py
[2026-05-04T00:14:04.441+0000] {processor.py:830} INFO - Processing file /opt/airflow/dags/flight-pipeline.py for tasks to queue
[2026-05-04T00:14:04.443+0000] {logging_mixin.py:188} INFO - [2026-05-04T00:14:04.442+0000] {dagbag.py:545} INFO - Filling up the DagBag from /opt/airflow/dags/flight-pipeline.py
[2026-05-04T00:14:05.560+0000] {processor.py:840} INFO - DAG(s) 'flights_ops_medallion_pipe' retrieved from /opt/airflow/dags/flight-pipeline.py
[2026-05-04T00:14:05.617+0000] {logging_mixin.py:188} INFO - [2026-05-04T00:14:05.616+0000] {dag.py:3089} INFO - Sync 1 DAGs
[2026-05-04T00:14:05.663+0000] {logging_mixin.py:188} INFO - [2026-05-04T00:14:05.662+0000] {dag.py:3947} INFO - Setting next_dagrun for flights_ops_medallion_pipe to 2026-05-04 00:00:00+00:00, run_after=2026-05-04 00:30:00+00:00
[2026-05-04T00:14:05.699+0000] {processor.py:183} INFO - Processing /opt/airflow/dags/flight-pipeline.py took 1.275 seconds
[2026-05-04T00:14:35.953+0000] {processor.py:161} INFO - Started process (PID=16437) to work on /opt/airflow/dags/flight-pipeline.py
[2026-05-04T00:14:35.955+0000] {processor.py:830} INFO - Processing file /opt/airflow/dags/flight-pipeline.py for tasks to queue
[2026-05-04T00:14:35.956+0000] {logging_mixin.py:188} INFO - [2026-05-04T00:14:35.956+0000] {dagbag.py:545} INFO - Filling up the DagBag from /opt/airflow/dags/flight-pipeline.py
[2026-05-04T00:14:36.764+0000] {processor.py:840} INFO - DAG(s) 'flights_ops_medallion_pipe' retrieved from /opt/airflow/dags/flight-pipeline.py
[2026-05-04T00:14:36.807+0000] {logging_mixin.py:188} INFO - [2026-05-04T00:14:36.807+0000] {dag.py:3089} INFO - Sync 1 DAGs
[2026-05-04T00:14:36.835+0000] {logging_mixin.py:188} INFO - [2026-05-04T00:14:36.834+0000] {dag.py:3947} INFO - Setting next_dagrun for flights_ops_medallion_pipe to 2026-05-04 00:00:00+00:00, run_after=2026-05-04 00:30:00+00:00
[2026-05-04T00:14:36.856+0000] {processor.py:183} INFO - Processing /opt/airflow/dags/flight-pipeline.py took 0.912 seconds
[2026-05-04T00:15:07.138+0000] {processor.py:161} INFO - Started process (PID=16440) to work on /opt/airflow/dags/flight-pipeline.py
[2026-05-04T00:15:07.140+0000] {processor.py:830} INFO - Processing file /opt/airflow/dags/flight-pipeline.py for tasks to queue
[2026-05-04T00:15:07.141+0000] {logging_mixin.py:188} INFO - [2026-05-04T00:15:07.141+0000] {dagbag.py:545} INFO - Filling up the DagBag from /opt/airflow/dags/flight-pipeline.py
[2026-05-04T00:15:07.987+0000] {processor.py:840} INFO - DAG(s) 'flights_ops_medallion_pipe' retrieved from /opt/airflow/dags/flight-pipeline.py
[2026-05-04T00:15:08.034+0000] {logging_mixin.py:188} INFO - [2026-05-04T00:15:08.034+0000] {dag.py:3089} INFO - Sync 1 DAGs
[2026-05-04T00:15:08.069+0000] {logging_mixin.py:188} INFO - [2026-05-04T00:15:08.069+0000] {dag.py:3947} INFO - Setting next_dagrun for flights_ops_medallion_pipe to 2026-05-04 00:00:00+00:00, run_after=2026-05-04 00:30:00+00:00
[2026-05-04T00:15:08.093+0000] {processor.py:183} INFO - Processing /opt/airflow/dags/flight-pipeline.py took 0.966 seconds
[2026-05-04T00:15:38.383+0000] {processor.py:161} INFO - Started process (PID=16443) to work on /opt/airflow/dags/flight-pipeline.py
[2026-05-04T00:15:38.385+0000] {processor.py:830} INFO - Processing file /opt/airflow/dags/flight-pipeline.py for tasks to queue
[2026-05-04T00:15:38.388+0000] {logging_mixin.py:188} INFO - [2026-05-04T00:15:38.387+0000] {dagbag.py:545} INFO - Filling up the DagBag from /opt/airflow/dags/flight-pipeline.py
[2026-05-04T00:15:39.202+0000] {processor.py:840} INFO - DAG(s) 'flights_ops_medallion_pipe' retrieved from /opt/airflow/dags/flight-pipeline.py
[2026-05-04T00:15:39.247+0000] {logging_mixin.py:188} INFO - [2026-05-04T00:15:39.246+0000] {dag.py:3089} INFO - Sync 1 DAGs
[2026-05-04T00:15:39.279+0000] {logging_mixin.py:188} INFO - [2026-05-04T00:15:39.278+0000] {dag.py:3947} INFO - Setting next_dagrun for flights_ops_medallion_pipe to 2026-05-04 00:00:00+00:00, run_after=2026-05-04 00:30:00+00:00
[2026-05-04T00:15:39.303+0000] {processor.py:183} INFO - Processing /opt/airflow/dags/flight-pipeline.py took 0.934 seconds
[2026-05-04T00:16:09.571+0000] {processor.py:161} INFO - Started process (PID=16446) to work on /opt/airflow/dags/flight-pipeline.py
[2026-05-04T00:16:09.573+0000] {processor.py:830} INFO - Processing file /opt/airflow/dags/flight-pipeline.py for tasks to queue
[2026-05-04T00:16:09.574+0000] {logging_mixin.py:188} INFO - [2026-05-04T00:16:09.574+0000] {dagbag.py:545} INFO - Filling up the DagBag from /opt/airflow/dags/flight-pipeline.py
[2026-05-04T00:16:10.381+0000] {processor.py:840} INFO - DAG(s) 'flights_ops_medallion_pipe' retrieved from /opt/airflow/dags/flight-pipeline.py
[2026-05-04T00:16:10.429+0000] {logging_mixin.py:188} INFO - [2026-05-04T00:16:10.429+0000] {dag.py:3089} INFO - Sync 1 DAGs
[2026-05-04T00:16:10.460+0000] {logging_mixin.py:188} INFO - [2026-05-04T00:16:10.460+0000] {dag.py:3947} INFO - Setting next_dagrun for flights_ops_medallion_pipe to 2026-05-04 00:00:00+00:00, run_after=2026-05-04 00:30:00+00:00
[2026-05-04T00:16:10.486+0000] {processor.py:183} INFO - Processing /opt/airflow/dags/flight-pipeline.py took 0.926 seconds
[2026-05-04T00:16:40.774+0000] {processor.py:161} INFO - Started process (PID=16449) to work on /opt/airflow/dags/flight-pipeline.py
[2026-05-04T00:16:40.775+0000] {processor.py:830} INFO - Processing file /opt/airflow/dags/flight-pipeline.py for tasks to queue
[2026-05-04T00:16:40.777+0000] {logging_mixin.py:188} INFO - [2026-05-04T00:16:40.776+0000] {dagbag.py:545} INFO - Filling up the DagBag from /opt/airflow/dags/flight-pipeline.py
[2026-05-04T00:16:41.586+0000] {processor.py:840} INFO - DAG(s) 'flights_ops_medallion_pipe' retrieved from /opt/airflow/dags/flight-pipeline.py
[2026-05-04T00:16:41.627+0000] {logging_mixin.py:188} INFO - [2026-05-04T00:16:41.626+0000] {dag.py:3089} INFO - Sync 1 DAGs
[2026-05-04T00:16:41.663+0000] {logging_mixin.py:188} INFO - [2026-05-04T00:16:41.663+0000] {dag.py:3947} INFO - Setting next_dagrun for flights_ops_medallion_pipe to 2026-05-04 00:00:00+00:00, run_after=2026-05-04 00:30:00+00:00
[2026-05-04T00:16:41.689+0000] {processor.py:183} INFO - Processing /opt/airflow/dags/flight-pipeline.py took 0.925 seconds
[2026-05-04T00:17:11.993+0000] {processor.py:161} INFO - Started process (PID=16452) to work on /opt/airflow/dags/flight-pipeline.py
[2026-05-04T00:17:11.996+0000] {processor.py:830} INFO - Processing file /opt/airflow/dags/flight-pipeline.py for tasks to queue
[2026-05-04T00:17:11.997+0000] {logging_mixin.py:188} INFO - [2026-05-04T00:17:11.996+0000] {dagbag.py:545} INFO - Filling up the DagBag from /opt/airflow/dags/flight-pipeline.py
[2026-05-04T00:17:12.751+0000] {processor.py:840} INFO - DAG(s) 'flights_ops_medallion_pipe' retrieved from /opt/airflow/dags/flight-pipeline.py
[2026-05-04T00:17:12.788+0000] {logging_mixin.py:188} INFO - [2026-05-04T00:17:12.788+0000] {dag.py:3089} INFO - Sync 1 DAGs
[2026-05-04T00:17:12.821+0000] {logging_mixin.py:188} INFO - [2026-05-04T00:17:12.820+0000] {dag.py:3947} INFO - Setting next_dagrun for flights_ops_medallion_pipe to 2026-05-04 00:00:00+00:00, run_after=2026-05-04 00:30:00+00:00
[2026-05-04T00:17:12.843+0000] {processor.py:183} INFO - Processing /opt/airflow/dags/flight-pipeline.py took 0.860 seconds
[2026-05-04T00:17:43.122+0000] {processor.py:161} INFO - Started process (PID=16455) to work on /opt/airflow/dags/flight-pipeline.py
[2026-05-04T00:17:43.124+0000] {processor.py:830} INFO - Processing file /opt/airflow/dags/flight-pipeline.py for tasks to queue
[2026-05-04T00:17:43.125+0000] {logging_mixin.py:188} INFO - [2026-05-04T00:17:43.124+0000] {dagbag.py:545} INFO - Filling up the DagBag from /opt/airflow/dags/flight-pipeline.py
[2026-05-04T00:17:43.950+0000] {processor.py:840} INFO - DAG(s) 'flights_ops_medallion_pipe' retrieved from /opt/airflow/dags/flight-pipeline.py
[2026-05-04T00:17:43.992+0000] {logging_mixin.py:188} INFO - [2026-05-04T00:17:43.991+0000] {dag.py:3089} INFO - Sync 1 DAGs
[2026-05-04T00:17:44.020+0000] {logging_mixin.py:188} INFO - [2026-05-04T00:17:44.019+0000] {dag.py:3947} INFO - Setting next_dagrun for flights_ops_medallion_pipe to 2026-05-04 00:00:00+00:00, run_after=2026-05-04 00:30:00+00:00
[2026-05-04T00:17:44.042+0000] {processor.py:183} INFO - Processing /opt/airflow/dags/flight-pipeline.py took 0.928 seconds
[2026-05-04T00:18:14.368+0000] {processor.py:161} INFO - Started process (PID=16458) to work on /opt/airflow/dags/flight-pipeline.py
[2026-05-04T00:18:14.371+0000] {processor.py:830} INFO - Processing file /opt/airflow/dags/flight-pipeline.py for tasks to queue
[2026-05-04T00:18:14.374+0000] {logging_mixin.py:188} INFO - [2026-05-04T00:18:14.374+0000] {dagbag.py:545} INFO - Filling up the DagBag from /opt/airflow/dags/flight-pipeline.py
[2026-05-04T00:18:15.188+0000] {processor.py:840} INFO - DAG(s) 'flights_ops_medallion_pipe' retrieved from /opt/airflow/dags/flight-pipeline.py
[2026-05-04T00:18:15.230+0000] {logging_mixin.py:188} INFO - [2026-05-04T00:18:15.229+0000] {dag.py:3089} INFO - Sync 1 DAGs
[2026-05-04T00:18:15.258+0000] {logging_mixin.py:188} INFO - [2026-05-04T00:18:15.257+0000] {dag.py:3947} INFO - Setting next_dagrun for flights_ops_medallion_pipe to 2026-05-04 00:00:00+00:00, run_after=2026-05-04 00:30:00+00:00
[2026-05-04T00:18:15.281+0000] {processor.py:183} INFO - Processing /opt/airflow/dags/flight-pipeline.py took 0.923 seconds
[2026-05-04T00:18:45.551+0000] {processor.py:161} INFO - Started process (PID=16461) to work on /opt/airflow/dags/flight-pipeline.py
[2026-05-04T00:18:45.553+0000] {processor.py:830} INFO - Processing file /opt/airflow/dags/flight-pipeline.py for tasks to queue
[2026-05-04T00:18:45.555+0000] {logging_mixin.py:188} INFO - [2026-05-04T00:18:45.554+0000] {dagbag.py:545} INFO - Filling up the DagBag from /opt/airflow/dags/flight-pipeline.py
[2026-05-04T00:18:46.738+0000] {processor.py:840} INFO - DAG(s) 'flights_ops_medallion_pipe' retrieved from /opt/airflow/dags/flight-pipeline.py
[2026-05-04T00:18:46.794+0000] {logging_mixin.py:188} INFO - [2026-05-04T00:18:46.793+0000] {dag.py:3089} INFO - Sync 1 DAGs
[2026-05-04T00:18:46.835+0000] {logging_mixin.py:188} INFO - [2026-05-04T00:18:46.834+0000] {dag.py:3947} INFO - Setting next_dagrun for flights_ops_medallion_pipe to 2026-05-04 00:00:00+00:00, run_after=2026-05-04 00:30:00+00:00
[2026-05-04T00:18:46.868+0000] {processor.py:183} INFO - Processing /opt/airflow/dags/flight-pipeline.py took 1.332 seconds
[2026-05-04T00:19:17.153+0000] {processor.py:161} INFO - Started process (PID=16464) to work on /opt/airflow/dags/flight-pipeline.py
[2026-05-04T00:19:17.158+0000] {processor.py:830} INFO - Processing file /opt/airflow/dags/flight-pipeline.py for tasks to queue
[2026-05-04T00:19:17.160+0000] {logging_mixin.py:188} INFO - [2026-05-04T00:19:17.159+0000] {dagbag.py:545} INFO - Filling up the DagBag from /opt/airflow/dags/flight-pipeline.py
[2026-05-04T00:19:17.857+0000] {processor.py:840} INFO - DAG(s) 'flights_ops_medallion_pipe' retrieved from /opt/airflow/dags/flight-pipeline.py
[2026-05-04T00:19:17.890+0000] {logging_mixin.py:188} INFO - [2026-05-04T00:19:17.890+0000] {dag.py:3089} INFO - Sync 1 DAGs
[2026-05-04T00:19:17.914+0000] {logging_mixin.py:188} INFO - [2026-05-04T00:19:17.913+0000] {dag.py:3947} INFO - Setting next_dagrun for flights_ops_medallion_pipe to 2026-05-04 00:00:00+00:00, run_after=2026-05-04 00:30:00+00:00
[2026-05-04T00:19:17.933+0000] {processor.py:183} INFO - Processing /opt/airflow/dags/flight-pipeline.py took 0.790 seconds
[2026-05-04T00:19:48.097+0000] {processor.py:161} INFO - Started process (PID=16467) to work on /opt/airflow/dags/flight-pipeline.py
[2026-05-04T00:19:48.098+0000] {processor.py:830} INFO - Processing file /opt/airflow/dags/flight-pipeline.py for tasks to queue
[2026-05-04T00:19:48.100+0000] {logging_mixin.py:188} INFO - [2026-05-04T00:19:48.099+0000] {dagbag.py:545} INFO - Filling up the DagBag from /opt/airflow/dags/flight-pipeline.py
[2026-05-04T00:19:48.852+0000] {processor.py:840} INFO - DAG(s) 'flights_ops_medallion_pipe' retrieved from /opt/airflow/dags/flight-pipeline.py
[2026-05-04T00:19:48.889+0000] {logging_mixin.py:188} INFO - [2026-05-04T00:19:48.888+0000] {dag.py:3089} INFO - Sync 1 DAGs
[2026-05-04T00:19:48.916+0000] {logging_mixin.py:188} INFO - [2026-05-04T00:19:48.916+0000] {dag.py:3947} INFO - Setting next_dagrun for flights_ops_medallion_pipe to 2026-05-04 00:00:00+00:00, run_after=2026-05-04 00:30:00+00:00
[2026-05-04T00:19:48.938+0000] {processor.py:183} INFO - Processing /opt/airflow/dags/flight-pipeline.py took 0.850 seconds
[2026-05-04T00:20:19.220+0000] {processor.py:161} INFO - Started process (PID=16470) to work on /opt/airflow/dags/flight-pipeline.py
[2026-05-04T00:20:19.222+0000] {processor.py:830} INFO - Processing file /opt/airflow/dags/flight-pipeline.py for tasks to queue
[2026-05-04T00:20:19.223+0000] {logging_mixin.py:188} INFO - [2026-05-04T00:20:19.223+0000] {dagbag.py:545} INFO - Filling up the DagBag from /opt/airflow/dags/flight-pipeline.py
[2026-05-04T00:20:19.927+0000] {processor.py:840} INFO - DAG(s) 'flights_ops_medallion_pipe' retrieved from /opt/airflow/dags/flight-pipeline.py
[2026-05-04T00:20:19.964+0000] {logging_mixin.py:188} INFO - [2026-05-04T00:20:19.963+0000] {dag.py:3089} INFO - Sync 1 DAGs
[2026-05-04T00:20:19.993+0000] {logging_mixin.py:188} INFO - [2026-05-04T00:20:19.992+0000] {dag.py:3947} INFO - Setting next_dagrun for flights_ops_medallion_pipe to 2026-05-04 00:00:00+00:00, run_after=2026-05-04 00:30:00+00:00
[2026-05-04T00:20:20.014+0000] {processor.py:183} INFO - Processing /opt/airflow/dags/flight-pipeline.py took 0.802 seconds
[2026-05-04T00:20:50.282+0000] {processor.py:161} INFO - Started process (PID=16473) to work on /opt/airflow/dags/flight-pipeline.py
[2026-05-04T00:20:50.283+0000] {processor.py:830} INFO - Processing file /opt/airflow/dags/flight-pipeline.py for tasks to queue
[2026-05-04T00:20:50.284+0000] {logging_mixin.py:188} INFO - [2026-05-04T00:20:50.284+0000] {dagbag.py:545} INFO - Filling up the DagBag from /opt/airflow/dags/flight-pipeline.py
[2026-05-04T00:20:50.967+0000] {processor.py:840} INFO - DAG(s) 'flights_ops_medallion_pipe' retrieved from /opt/airflow/dags/flight-pipeline.py
[2026-05-04T00:20:51.003+0000] {logging_mixin.py:188} INFO - [2026-05-04T00:20:51.003+0000] {dag.py:3089} INFO - Sync 1 DAGs
[2026-05-04T00:20:51.031+0000] {logging_mixin.py:188} INFO - [2026-05-04T00:20:51.030+0000] {dag.py:3947} INFO - Setting next_dagrun for flights_ops_medallion_pipe to 2026-05-04 00:00:00+00:00, run_after=2026-05-04 00:30:00+00:00
[2026-05-04T00:20:51.068+0000] {processor.py:183} INFO - Processing /opt/airflow/dags/flight-pipeline.py took 0.795 seconds
[2026-05-04T00:21:21.330+0000] {processor.py:161} INFO - Started process (PID=16476) to work on /opt/airflow/dags/flight-pipeline.py
[2026-05-04T00:21:21.331+0000] {processor.py:830} INFO - Processing file /opt/airflow/dags/flight-pipeline.py for tasks to queue
[2026-05-04T00:21:21.332+0000] {logging_mixin.py:188} INFO - [2026-05-04T00:21:21.332+0000] {dagbag.py:545} INFO - Filling up the DagBag from /opt/airflow/dags/flight-pipeline.py
[2026-05-04T00:21:22.019+0000] {processor.py:840} INFO - DAG(s) 'flights_ops_medallion_pipe' retrieved from /opt/airflow/dags/flight-pipeline.py
[2026-05-04T00:21:22.053+0000] {logging_mixin.py:188} INFO - [2026-05-04T00:21:22.052+0000] {dag.py:3089} INFO - Sync 1 DAGs
[2026-05-04T00:21:22.083+0000] {logging_mixin.py:188} INFO - [2026-05-04T00:21:22.083+0000] {dag.py:3947} INFO - Setting next_dagrun for flights_ops_medallion_pipe to 2026-05-04 00:00:00+00:00, run_after=2026-05-04 00:30:00+00:00
[2026-05-04T00:21:22.101+0000] {processor.py:183} INFO - Processing /opt/airflow/dags/flight-pipeline.py took 0.781 seconds
[2026-05-04T00:21:52.390+0000] {processor.py:161} INFO - Started process (PID=16479) to work on /opt/airflow/dags/flight-pipeline.py
[2026-05-04T00:21:52.393+0000] {processor.py:830} INFO - Processing file /opt/airflow/dags/flight-pipeline.py for tasks to queue
[2026-05-04T00:21:52.395+0000] {logging_mixin.py:188} INFO - [2026-05-04T00:21:52.394+0000] {dagbag.py:545} INFO - Filling up the DagBag from /opt/airflow/dags/flight-pipeline.py
[2026-05-04T00:21:53.101+0000] {processor.py:840} INFO - DAG(s) 'flights_ops_medallion_pipe' retrieved from /opt/airflow/dags/flight-pipeline.py
[2026-05-04T00:21:53.136+0000] {logging_mixin.py:188} INFO - [2026-05-04T00:21:53.135+0000] {dag.py:3089} INFO - Sync 1 DAGs
[2026-05-04T00:21:53.159+0000] {logging_mixin.py:188} INFO - [2026-05-04T00:21:53.159+0000] {dag.py:3947} INFO - Setting next_dagrun for flights_ops_medallion_pipe to 2026-05-04 00:00:00+00:00, run_after=2026-05-04 00:30:00+00:00
[2026-05-04T00:21:53.178+0000] {processor.py:183} INFO - Processing /opt/airflow/dags/flight-pipeline.py took 0.800 seconds
[2026-05-04T00:22:23.347+0000] {processor.py:161} INFO - Started process (PID=16482) to work on /opt/airflow/dags/flight-pipeline.py
[2026-05-04T00:22:23.348+0000] {processor.py:830} INFO - Processing file /opt/airflow/dags/flight-pipeline.py for tasks to queue
[2026-05-04T00:22:23.349+0000] {logging_mixin.py:188} INFO - [2026-05-04T00:22:23.349+0000] {dagbag.py:545} INFO - Filling up the DagBag from /opt/airflow/dags/flight-pipeline.py
[2026-05-04T00:22:24.050+0000] {processor.py:840} INFO - DAG(s) 'flights_ops_medallion_pipe' retrieved from /opt/airflow/dags/flight-pipeline.py
[2026-05-04T00:22:24.093+0000] {logging_mixin.py:188} INFO - [2026-05-04T00:22:24.093+0000] {dag.py:3089} INFO - Sync 1 DAGs
[2026-05-04T00:22:24.131+0000] {logging_mixin.py:188} INFO - [2026-05-04T00:22:24.131+0000] {dag.py:3947} INFO - Setting next_dagrun for flights_ops_medallion_pipe to 2026-05-04 00:00:00+00:00, run_after=2026-05-04 00:30:00+00:00
[2026-05-04T00:22:24.161+0000] {processor.py:183} INFO - Processing /opt/airflow/dags/flight-pipeline.py took 0.824 seconds
[2026-05-04T00:22:54.421+0000] {processor.py:161} INFO - Started process (PID=16485) to work on /opt/airflow/dags/flight-pipeline.py
[2026-05-04T00:22:54.423+0000] {processor.py:830} INFO - Processing file /opt/airflow/dags/flight-pipeline.py for tasks to queue
[2026-05-04T00:22:54.425+0000] {logging_mixin.py:188} INFO - [2026-05-04T00:22:54.425+0000] {dagbag.py:545} INFO - Filling up the DagBag from /opt/airflow/dags/flight-pipeline.py
[2026-05-04T00:22:55.107+0000] {processor.py:840} INFO - DAG(s) 'flights_ops_medallion_pipe' retrieved from /opt/airflow/dags/flight-pipeline.py
[2026-05-04T00:22:55.141+0000] {logging_mixin.py:188} INFO - [2026-05-04T00:22:55.141+0000] {dag.py:3089} INFO - Sync 1 DAGs
[2026-05-04T00:22:55.166+0000] {logging_mixin.py:188} INFO - [2026-05-04T00:22:55.166+0000] {dag.py:3947} INFO - Setting next_dagrun for flights_ops_medallion_pipe to 2026-05-04 00:00:00+00:00, run_after=2026-05-04 00:30:00+00:00
[2026-05-04T00:22:55.187+0000] {processor.py:183} INFO - Processing /opt/airflow/dags/flight-pipeline.py took 0.774 seconds
[2026-05-04T00:23:25.465+0000] {processor.py:161} INFO - Started process (PID=16488) to work on /opt/airflow/dags/flight-pipeline.py
[2026-05-04T00:23:25.467+0000] {processor.py:830} INFO - Processing file /opt/airflow/dags/flight-pipeline.py for tasks to queue
[2026-05-04T00:23:25.469+0000] {logging_mixin.py:188} INFO - [2026-05-04T00:23:25.468+0000] {dagbag.py:545} INFO - Filling up the DagBag from /opt/airflow/dags/flight-pipeline.py
[2026-05-04T00:23:26.227+0000] {processor.py:840} INFO - DAG(s) 'flights_ops_medallion_pipe' retrieved from /opt/airflow/dags/flight-pipeline.py
[2026-05-04T00:23:26.275+0000] {logging_mixin.py:188} INFO - [2026-05-04T00:23:26.275+0000] {dag.py:3089} INFO - Sync 1 DAGs
[2026-05-04T00:23:26.315+0000] {logging_mixin.py:188} INFO - [2026-05-04T00:23:26.315+0000] {dag.py:3947} INFO - Setting next_dagrun for flights_ops_medallion_pipe to 2026-05-04 00:00:00+00:00, run_after=2026-05-04 00:30:00+00:00
[2026-05-04T00:23:26.348+0000] {processor.py:183} INFO - Processing /opt/airflow/dags/flight-pipeline.py took 0.892 seconds
[2026-05-04T00:23:56.609+0000] {processor.py:161} INFO - Started process (PID=16491) to work on /opt/airflow/dags/flight-pipeline.py
[2026-05-04T00:23:56.610+0000] {processor.py:830} INFO - Processing file /opt/airflow/dags/flight-pipeline.py for tasks to queue
[2026-05-04T00:23:56.612+0000] {logging_mixin.py:188} INFO - [2026-05-04T00:23:56.612+0000] {dagbag.py:545} INFO - Filling up the DagBag from /opt/airflow/dags/flight-pipeline.py
[2026-05-04T00:23:57.373+0000] {processor.py:840} INFO - DAG(s) 'flights_ops_medallion_pipe' retrieved from /opt/airflow/dags/flight-pipeline.py
[2026-05-04T00:23:57.412+0000] {logging_mixin.py:188} INFO - [2026-05-04T00:23:57.412+0000] {dag.py:3089} INFO - Sync 1 DAGs
[2026-05-04T00:23:57.439+0000] {logging_mixin.py:188} INFO - [2026-05-04T00:23:57.439+0000] {dag.py:3947} INFO - Setting next_dagrun for flights_ops_medallion_pipe to 2026-05-04 00:00:00+00:00, run_after=2026-05-04 00:30:00+00:00
[2026-05-04T00:23:57.460+0000] {processor.py:183} INFO - Processing /opt/airflow/dags/flight-pipeline.py took 0.860 seconds
[2026-05-04T00:24:27.742+0000] {processor.py:161} INFO - Started process (PID=16494) to work on /opt/airflow/dags/flight-pipeline.py
[2026-05-04T00:24:27.744+0000] {processor.py:830} INFO - Processing file /opt/airflow/dags/flight-pipeline.py for tasks to queue
[2026-05-04T00:24:27.745+0000] {logging_mixin.py:188} INFO - [2026-05-04T00:24:27.744+0000] {dagbag.py:545} INFO - Filling up the DagBag from /opt/airflow/dags/flight-pipeline.py
[2026-05-04T00:24:28.495+0000] {processor.py:840} INFO - DAG(s) 'flights_ops_medallion_pipe' retrieved from /opt/airflow/dags/flight-pipeline.py
[2026-05-04T00:24:28.532+0000] {logging_mixin.py:188} INFO - [2026-05-04T00:24:28.532+0000] {dag.py:3089} INFO - Sync 1 DAGs
[2026-05-04T00:24:28.560+0000] {logging_mixin.py:188} INFO - [2026-05-04T00:24:28.559+0000] {dag.py:3947} INFO - Setting next_dagrun for flights_ops_medallion_pipe to 2026-05-04 00:00:00+00:00, run_after=2026-05-04 00:30:00+00:00
[2026-05-04T00:24:28.581+0000] {processor.py:183} INFO - Processing /opt/airflow/dags/flight-pipeline.py took 0.849 seconds
[2026-05-04T00:24:58.822+0000] {processor.py:161} INFO - Started process (PID=16497) to work on /opt/airflow/dags/flight-pipeline.py
[2026-05-04T00:24:58.824+0000] {processor.py:830} INFO - Processing file /opt/airflow/dags/flight-pipeline.py for tasks to queue
[2026-05-04T00:24:58.825+0000] {logging_mixin.py:188} INFO - [2026-05-04T00:24:58.824+0000] {dagbag.py:545} INFO - Filling up the DagBag from /opt/airflow/dags/flight-pipeline.py
[2026-05-04T00:24:59.642+0000] {processor.py:840} INFO - DAG(s) 'flights_ops_medallion_pipe' retrieved from /opt/airflow/dags/flight-pipeline.py
[2026-05-04T00:24:59.707+0000] {logging_mixin.py:188} INFO - [2026-05-04T00:24:59.706+0000] {dag.py:3089} INFO - Sync 1 DAGs
[2026-05-04T00:24:59.753+0000] {logging_mixin.py:188} INFO - [2026-05-04T00:24:59.752+0000] {dag.py:3947} INFO - Setting next_dagrun for flights_ops_medallion_pipe to 2026-05-04 00:00:00+00:00, run_after=2026-05-04 00:30:00+00:00
[2026-05-04T00:24:59.783+0000] {processor.py:183} INFO - Processing /opt/airflow/dags/flight-pipeline.py took 0.972 seconds
[2026-05-04T00:25:30.035+0000] {processor.py:161} INFO - Started process (PID=16500) to work on /opt/airflow/dags/flight-pipeline.py
[2026-05-04T00:25:30.036+0000] {processor.py:830} INFO - Processing file /opt/airflow/dags/flight-pipeline.py for tasks to queue
[2026-05-04T00:25:30.037+0000] {logging_mixin.py:188} INFO - [2026-05-04T00:25:30.037+0000] {dagbag.py:545} INFO - Filling up the DagBag from /opt/airflow/dags/flight-pipeline.py
[2026-05-04T00:25:30.745+0000] {processor.py:840} INFO - DAG(s) 'flights_ops_medallion_pipe' retrieved from /opt/airflow/dags/flight-pipeline.py
[2026-05-04T00:25:30.779+0000] {logging_mixin.py:188} INFO - [2026-05-04T00:25:30.779+0000] {dag.py:3089} INFO - Sync 1 DAGs
[2026-05-04T00:25:30.806+0000] {logging_mixin.py:188} INFO - [2026-05-04T00:25:30.806+0000] {dag.py:3947} INFO - Setting next_dagrun for flights_ops_medallion_pipe to 2026-05-04 00:00:00+00:00, run_after=2026-05-04 00:30:00+00:00
[2026-05-04T00:25:30.828+0000] {processor.py:183} INFO - Processing /opt/airflow/dags/flight-pipeline.py took 0.803 seconds
[2026-05-04T00:26:01.071+0000] {processor.py:161} INFO - Started process (PID=16503) to work on /opt/airflow/dags/flight-pipeline.py
[2026-05-04T00:26:01.073+0000] {processor.py:830} INFO - Processing file /opt/airflow/dags/flight-pipeline.py for tasks to queue
[2026-05-04T00:26:01.075+0000] {logging_mixin.py:188} INFO - [2026-05-04T00:26:01.074+0000] {dagbag.py:545} INFO - Filling up the DagBag from /opt/airflow/dags/flight-pipeline.py
[2026-05-04T00:26:01.758+0000] {processor.py:840} INFO - DAG(s) 'flights_ops_medallion_pipe' retrieved from /opt/airflow/dags/flight-pipeline.py
[2026-05-04T00:26:01.791+0000] {logging_mixin.py:188} INFO - [2026-05-04T00:26:01.791+0000] {dag.py:3089} INFO - Sync 1 DAGs
[2026-05-04T00:26:01.817+0000] {logging_mixin.py:188} INFO - [2026-05-04T00:26:01.816+0000] {dag.py:3947} INFO - Setting next_dagrun for flights_ops_medallion_pipe to 2026-05-04 00:00:00+00:00, run_after=2026-05-04 00:30:00+00:00
[2026-05-04T00:26:01.841+0000] {processor.py:183} INFO - Processing /opt/airflow/dags/flight-pipeline.py took 0.778 seconds
[2026-05-04T00:26:32.107+0000] {processor.py:161} INFO - Started process (PID=16506) to work on /opt/airflow/dags/flight-pipeline.py
[2026-05-04T00:26:32.109+0000] {processor.py:830} INFO - Processing file /opt/airflow/dags/flight-pipeline.py for tasks to queue
[2026-05-04T00:26:32.110+0000] {logging_mixin.py:188} INFO - [2026-05-04T00:26:32.109+0000] {dagbag.py:545} INFO - Filling up the DagBag from /opt/airflow/dags/flight-pipeline.py
[2026-05-04T00:26:32.827+0000] {processor.py:840} INFO - DAG(s) 'flights_ops_medallion_pipe' retrieved from /opt/airflow/dags/flight-pipeline.py
[2026-05-04T00:26:32.864+0000] {logging_mixin.py:188} INFO - [2026-05-04T00:26:32.863+0000] {dag.py:3089} INFO - Sync 1 DAGs
[2026-05-04T00:26:32.889+0000] {logging_mixin.py:188} INFO - [2026-05-04T00:26:32.889+0000] {dag.py:3947} INFO - Setting next_dagrun for flights_ops_medallion_pipe to 2026-05-04 00:00:00+00:00, run_after=2026-05-04 00:30:00+00:00
[2026-05-04T00:26:32.911+0000] {processor.py:183} INFO - Processing /opt/airflow/dags/flight-pipeline.py took 0.812 seconds
[2026-05-04T00:27:03.189+0000] {processor.py:161} INFO - Started process (PID=16509) to work on /opt/airflow/dags/flight-pipeline.py
[2026-05-04T00:27:03.191+0000] {processor.py:830} INFO - Processing file /opt/airflow/dags/flight-pipeline.py for tasks to queue
[2026-05-04T00:27:03.193+0000] {logging_mixin.py:188} INFO - [2026-05-04T00:27:03.192+0000] {dagbag.py:545} INFO - Filling up the DagBag from /opt/airflow/dags/flight-pipeline.py
[2026-05-04T00:27:04.237+0000] {processor.py:840} INFO - DAG(s) 'flights_ops_medallion_pipe' retrieved from /opt/airflow/dags/flight-pipeline.py
[2026-05-04T00:27:04.290+0000] {logging_mixin.py:188} INFO - [2026-05-04T00:27:04.289+0000] {dag.py:3089} INFO - Sync 1 DAGs
[2026-05-04T00:27:04.325+0000] {logging_mixin.py:188} INFO - [2026-05-04T00:27:04.325+0000] {dag.py:3947} INFO - Setting next_dagrun for flights_ops_medallion_pipe to 2026-05-04 00:00:00+00:00, run_after=2026-05-04 00:30:00+00:00
[2026-05-04T00:27:04.355+0000] {processor.py:183} INFO - Processing /opt/airflow/dags/flight-pipeline.py took 1.179 seconds
[2026-05-04T00:27:34.463+0000] {processor.py:161} INFO - Started process (PID=16512) to work on /opt/airflow/dags/flight-pipeline.py
[2026-05-04T00:27:34.465+0000] {processor.py:830} INFO - Processing file /opt/airflow/dags/flight-pipeline.py for tasks to queue
[2026-05-04T00:27:34.467+0000] {logging_mixin.py:188} INFO - [2026-05-04T00:27:34.466+0000] {dagbag.py:545} INFO - Filling up the DagBag from /opt/airflow/dags/flight-pipeline.py
[2026-05-04T00:27:35.644+0000] {processor.py:840} INFO - DAG(s) 'flights_ops_medallion_pipe' retrieved from /opt/airflow/dags/flight-pipeline.py
[2026-05-04T00:27:35.704+0000] {logging_mixin.py:188} INFO - [2026-05-04T00:27:35.703+0000] {dag.py:3089} INFO - Sync 1 DAGs
[2026-05-04T00:27:35.745+0000] {logging_mixin.py:188} INFO - [2026-05-04T00:27:35.744+0000] {dag.py:3947} INFO - Setting next_dagrun for flights_ops_medallion_pipe to 2026-05-04 00:00:00+00:00, run_after=2026-05-04 00:30:00+00:00
[2026-05-04T00:27:35.776+0000] {processor.py:183} INFO - Processing /opt/airflow/dags/flight-pipeline.py took 1.328 seconds
[2026-05-04T00:28:05.927+0000] {processor.py:161} INFO - Started process (PID=16515) to work on /opt/airflow/dags/flight-pipeline.py
[2026-05-04T00:28:05.928+0000] {processor.py:830} INFO - Processing file /opt/airflow/dags/flight-pipeline.py for tasks to queue
[2026-05-04T00:28:05.930+0000] {logging_mixin.py:188} INFO - [2026-05-04T00:28:05.929+0000] {dagbag.py:545} INFO - Filling up the DagBag from /opt/airflow/dags/flight-pipeline.py
[2026-05-04T00:28:06.845+0000] {processor.py:840} INFO - DAG(s) 'flights_ops_medallion_pipe' retrieved from /opt/airflow/dags/flight-pipeline.py
[2026-05-04T00:28:06.891+0000] {logging_mixin.py:188} INFO - [2026-05-04T00:28:06.890+0000] {dag.py:3089} INFO - Sync 1 DAGs
[2026-05-04T00:28:06.927+0000] {logging_mixin.py:188} INFO - [2026-05-04T00:28:06.926+0000] {dag.py:3947} INFO - Setting next_dagrun for flights_ops_medallion_pipe to 2026-05-04 00:00:00+00:00, run_after=2026-05-04 00:30:00+00:00
[2026-05-04T00:28:06.953+0000] {processor.py:183} INFO - Processing /opt/airflow/dags/flight-pipeline.py took 1.037 seconds
[2026-05-04T00:28:37.196+0000] {processor.py:161} INFO - Started process (PID=16518) to work on /opt/airflow/dags/flight-pipeline.py
[2026-05-04T00:28:37.197+0000] {processor.py:830} INFO - Processing file /opt/airflow/dags/flight-pipeline.py for tasks to queue
[2026-05-04T00:28:37.199+0000] {logging_mixin.py:188} INFO - [2026-05-04T00:28:37.198+0000] {dagbag.py:545} INFO - Filling up the DagBag from /opt/airflow/dags/flight-pipeline.py
[2026-05-04T00:28:38.112+0000] {processor.py:840} INFO - DAG(s) 'flights_ops_medallion_pipe' retrieved from /opt/airflow/dags/flight-pipeline.py
[2026-05-04T00:28:38.158+0000] {logging_mixin.py:188} INFO - [2026-05-04T00:28:38.157+0000] {dag.py:3089} INFO - Sync 1 DAGs
[2026-05-04T00:28:38.196+0000] {logging_mixin.py:188} INFO - [2026-05-04T00:28:38.195+0000] {dag.py:3947} INFO - Setting next_dagrun for flights_ops_medallion_pipe to 2026-05-04 00:00:00+00:00, run_after=2026-05-04 00:30:00+00:00
[2026-05-04T00:28:38.221+0000] {processor.py:183} INFO - Processing /opt/airflow/dags/flight-pipeline.py took 1.035 seconds
[2026-05-04T00:29:08.511+0000] {processor.py:161} INFO - Started process (PID=16521) to work on /opt/airflow/dags/flight-pipeline.py
[2026-05-04T00:29:08.513+0000] {processor.py:830} INFO - Processing file /opt/airflow/dags/flight-pipeline.py for tasks to queue
[2026-05-04T00:29:08.516+0000] {logging_mixin.py:188} INFO - [2026-05-04T00:29:08.515+0000] {dagbag.py:545} INFO - Filling up the DagBag from /opt/airflow/dags/flight-pipeline.py
[2026-05-04T00:29:10.304+0000] {processor.py:840} INFO - DAG(s) 'flights_ops_medallion_pipe' retrieved from /opt/airflow/dags/flight-pipeline.py
[2026-05-04T00:29:10.390+0000] {logging_mixin.py:188} INFO - [2026-05-04T00:29:10.388+0000] {dag.py:3089} INFO - Sync 1 DAGs
[2026-05-04T00:29:10.451+0000] {logging_mixin.py:188} INFO - [2026-05-04T00:29:10.451+0000] {dag.py:3947} INFO - Setting next_dagrun for flights_ops_medallion_pipe to 2026-05-04 00:00:00+00:00, run_after=2026-05-04 00:30:00+00:00
[2026-05-04T00:29:10.498+0000] {processor.py:183} INFO - Processing /opt/airflow/dags/flight-pipeline.py took 2.009 seconds
[2026-05-04T00:29:40.896+0000] {processor.py:161} INFO - Started process (PID=16524) to work on /opt/airflow/dags/flight-pipeline.py
[2026-05-04T00:29:40.900+0000] {processor.py:830} INFO - Processing file /opt/airflow/dags/flight-pipeline.py for tasks to queue
[2026-05-04T00:29:40.905+0000] {logging_mixin.py:188} INFO - [2026-05-04T00:29:40.903+0000] {dagbag.py:545} INFO - Filling up the DagBag from /opt/airflow/dags/flight-pipeline.py
[2026-05-04T00:29:43.620+0000] {processor.py:840} INFO - DAG(s) 'flights_ops_medallion_pipe' retrieved from /opt/airflow/dags/flight-pipeline.py
[2026-05-04T00:29:43.749+0000] {logging_mixin.py:188} INFO - [2026-05-04T00:29:43.747+0000] {dag.py:3089} INFO - Sync 1 DAGs
[2026-05-04T00:29:43.841+0000] {logging_mixin.py:188} INFO - [2026-05-04T00:29:43.840+0000] {dag.py:3947} INFO - Setting next_dagrun for flights_ops_medallion_pipe to 2026-05-04 00:00:00+00:00, run_after=2026-05-04 00:30:00+00:00
[2026-05-04T00:29:43.921+0000] {processor.py:183} INFO - Processing /opt/airflow/dags/flight-pipeline.py took 3.053 seconds
[2026-05-04T00:30:14.425+0000] {processor.py:161} INFO - Started process (PID=16537) to work on /opt/airflow/dags/flight-pipeline.py
[2026-05-04T00:30:14.430+0000] {processor.py:830} INFO - Processing file /opt/airflow/dags/flight-pipeline.py for tasks to queue
[2026-05-04T00:30:14.434+0000] {logging_mixin.py:188} INFO - [2026-05-04T00:30:14.433+0000] {dagbag.py:545} INFO - Filling up the DagBag from /opt/airflow/dags/flight-pipeline.py
[2026-05-04T00:30:18.434+0000] {processor.py:840} INFO - DAG(s) 'flights_ops_medallion_pipe' retrieved from /opt/airflow/dags/flight-pipeline.py
[2026-05-04T00:30:18.623+0000] {logging_mixin.py:188} INFO - [2026-05-04T00:30:18.620+0000] {dag.py:3089} INFO - Sync 1 DAGs
[2026-05-04T00:30:18.745+0000] {logging_mixin.py:188} INFO - [2026-05-04T00:30:18.743+0000] {dag.py:3947} INFO - Setting next_dagrun for flights_ops_medallion_pipe to 2026-05-04 00:30:00+00:00, run_after=2026-05-04 01:00:00+00:00
[2026-05-04T00:30:18.857+0000] {processor.py:183} INFO - Processing /opt/airflow/dags/flight-pipeline.py took 4.464 seconds
[2026-05-04T00:30:49.733+0000] {processor.py:161} INFO - Started process (PID=16550) to work on /opt/airflow/dags/flight-pipeline.py
[2026-05-04T00:30:49.755+0000] {processor.py:830} INFO - Processing file /opt/airflow/dags/flight-pipeline.py for tasks to queue
[2026-05-04T00:30:49.776+0000] {logging_mixin.py:188} INFO - [2026-05-04T00:30:49.768+0000] {dagbag.py:545} INFO - Filling up the DagBag from /opt/airflow/dags/flight-pipeline.py
[2026-05-04T00:31:03.174+0000] {processor.py:840} INFO - DAG(s) 'flights_ops_medallion_pipe' retrieved from /opt/airflow/dags/flight-pipeline.py
[2026-05-04T00:31:03.719+0000] {logging_mixin.py:188} INFO - [2026-05-04T00:31:03.714+0000] {dag.py:3089} INFO - Sync 1 DAGs
[2026-05-04T00:31:04.123+0000] {logging_mixin.py:188} INFO - [2026-05-04T00:31:04.120+0000] {dag.py:3947} INFO - Setting next_dagrun for flights_ops_medallion_pipe to 2026-05-04 00:30:00+00:00, run_after=2026-05-04 01:00:00+00:00
[2026-05-04T00:31:04.413+0000] {processor.py:183} INFO - Processing /opt/airflow/dags/flight-pipeline.py took 14.919 seconds
[2026-05-04T00:31:35.167+0000] {processor.py:161} INFO - Started process (PID=16556) to work on /opt/airflow/dags/flight-pipeline.py
[2026-05-04T00:31:35.185+0000] {processor.py:830} INFO - Processing file /opt/airflow/dags/flight-pipeline.py for tasks to queue
[2026-05-04T00:31:35.204+0000] {logging_mixin.py:188} INFO - [2026-05-04T00:31:35.197+0000] {dagbag.py:545} INFO - Filling up the DagBag from /opt/airflow/dags/flight-pipeline.py
[2026-05-04T00:31:45.611+0000] {processor.py:840} INFO - DAG(s) 'flights_ops_medallion_pipe' retrieved from /opt/airflow/dags/flight-pipeline.py
[2026-05-04T00:31:46.047+0000] {logging_mixin.py:188} INFO - [2026-05-04T00:31:46.041+0000] {dag.py:3089} INFO - Sync 1 DAGs
[2026-05-04T00:31:46.325+0000] {logging_mixin.py:188} INFO - [2026-05-04T00:31:46.322+0000] {dag.py:3947} INFO - Setting next_dagrun for flights_ops_medallion_pipe to 2026-05-04 00:30:00+00:00, run_after=2026-05-04 01:00:00+00:00
[2026-05-04T00:31:46.550+0000] {processor.py:183} INFO - Processing /opt/airflow/dags/flight-pipeline.py took 11.509 seconds
[2026-05-04T00:32:17.004+0000] {processor.py:161} INFO - Started process (PID=16568) to work on /opt/airflow/dags/flight-pipeline.py
[2026-05-04T00:32:17.017+0000] {processor.py:830} INFO - Processing file /opt/airflow/dags/flight-pipeline.py for tasks to queue
[2026-05-04T00:32:17.029+0000] {logging_mixin.py:188} INFO - [2026-05-04T00:32:17.025+0000] {dagbag.py:545} INFO - Filling up the DagBag from /opt/airflow/dags/flight-pipeline.py
[2026-05-04T00:32:32.803+0000] {processor.py:840} INFO - DAG(s) 'flights_ops_medallion_pipe' retrieved from /opt/airflow/dags/flight-pipeline.py
[2026-05-04T00:32:33.423+0000] {logging_mixin.py:188} INFO - [2026-05-04T00:32:33.417+0000] {dag.py:3089} INFO - Sync 1 DAGs
[2026-05-04T00:32:33.848+0000] {logging_mixin.py:188} INFO - [2026-05-04T00:32:33.844+0000] {dag.py:3947} INFO - Setting next_dagrun for flights_ops_medallion_pipe to 2026-05-04 00:30:00+00:00, run_after=2026-05-04 01:00:00+00:00
[2026-05-04T00:32:34.078+0000] {processor.py:183} INFO - Processing /opt/airflow/dags/flight-pipeline.py took 17.165 seconds
[2026-05-04T00:33:04.813+0000] {processor.py:161} INFO - Started process (PID=16573) to work on /opt/airflow/dags/flight-pipeline.py
[2026-05-04T00:33:04.827+0000] {processor.py:830} INFO - Processing file /opt/airflow/dags/flight-pipeline.py for tasks to queue
[2026-05-04T00:33:04.844+0000] {logging_mixin.py:188} INFO - [2026-05-04T00:33:04.835+0000] {dagbag.py:545} INFO - Filling up the DagBag from /opt/airflow/dags/flight-pipeline.py
[2026-05-04T00:33:17.182+0000] {processor.py:840} INFO - DAG(s) 'flights_ops_medallion_pipe' retrieved from /opt/airflow/dags/flight-pipeline.py
[2026-05-04T00:33:17.704+0000] {logging_mixin.py:188} INFO - [2026-05-04T00:33:17.697+0000] {dag.py:3089} INFO - Sync 1 DAGs
[2026-05-04T00:33:18.034+0000] {logging_mixin.py:188} INFO - [2026-05-04T00:33:18.031+0000] {dag.py:3947} INFO - Setting next_dagrun for flights_ops_medallion_pipe to 2026-05-04 00:30:00+00:00, run_after=2026-05-04 01:00:00+00:00
[2026-05-04T00:33:18.271+0000] {processor.py:183} INFO - Processing /opt/airflow/dags/flight-pipeline.py took 13.568 seconds
[2026-05-04T00:33:48.553+0000] {processor.py:161} INFO - Started process (PID=16586) to work on /opt/airflow/dags/flight-pipeline.py
[2026-05-04T00:33:48.571+0000] {processor.py:830} INFO - Processing file /opt/airflow/dags/flight-pipeline.py for tasks to queue
[2026-05-04T00:33:48.584+0000] {logging_mixin.py:188} INFO - [2026-05-04T00:33:48.578+0000] {dagbag.py:545} INFO - Filling up the DagBag from /opt/airflow/dags/flight-pipeline.py
[2026-05-04T00:33:59.523+0000] {processor.py:840} INFO - DAG(s) 'flights_ops_medallion_pipe' retrieved from /opt/airflow/dags/flight-pipeline.py
[2026-05-04T00:34:01.262+0000] {logging_mixin.py:188} INFO - [2026-05-04T00:34:01.254+0000] {dag.py:3089} INFO - Sync 1 DAGs
[2026-05-04T00:34:02.065+0000] {logging_mixin.py:188} INFO - [2026-05-04T00:34:02.062+0000] {dag.py:3947} INFO - Setting next_dagrun for flights_ops_medallion_pipe to 2026-05-04 00:30:00+00:00, run_after=2026-05-04 01:00:00+00:00
[2026-05-04T00:34:02.470+0000] {processor.py:183} INFO - Processing /opt/airflow/dags/flight-pipeline.py took 14.003 seconds
[2026-05-04T00:34:33.311+0000] {processor.py:161} INFO - Started process (PID=16589) to work on /opt/airflow/dags/flight-pipeline.py
[2026-05-04T00:34:33.402+0000] {processor.py:830} INFO - Processing file /opt/airflow/dags/flight-pipeline.py for tasks to queue
[2026-05-04T00:34:33.446+0000] {logging_mixin.py:188} INFO - [2026-05-04T00:34:33.440+0000] {dagbag.py:545} INFO - Filling up the DagBag from /opt/airflow/dags/flight-pipeline.py
[2026-05-04T00:34:43.029+0000] {processor.py:840} INFO - DAG(s) 'flights_ops_medallion_pipe' retrieved from /opt/airflow/dags/flight-pipeline.py
[2026-05-04T00:34:43.556+0000] {logging_mixin.py:188} INFO - [2026-05-04T00:34:43.551+0000] {dag.py:3089} INFO - Sync 1 DAGs
[2026-05-04T00:34:44.423+0000] {logging_mixin.py:188} INFO - [2026-05-04T00:34:44.417+0000] {dag.py:3947} INFO - Setting next_dagrun for flights_ops_medallion_pipe to 2026-05-04 00:30:00+00:00, run_after=2026-05-04 01:00:00+00:00
[2026-05-04T00:34:44.823+0000] {processor.py:183} INFO - Processing /opt/airflow/dags/flight-pipeline.py took 11.637 seconds
[2026-05-04T00:35:15.220+0000] {processor.py:161} INFO - Started process (PID=16592) to work on /opt/airflow/dags/flight-pipeline.py
[2026-05-04T00:35:15.234+0000] {processor.py:830} INFO - Processing file /opt/airflow/dags/flight-pipeline.py for tasks to queue
[2026-05-04T00:35:15.246+0000] {logging_mixin.py:188} INFO - [2026-05-04T00:35:15.241+0000] {dagbag.py:545} INFO - Filling up the DagBag from /opt/airflow/dags/flight-pipeline.py
[2026-05-04T00:35:25.420+0000] {processor.py:840} INFO - DAG(s) 'flights_ops_medallion_pipe' retrieved from /opt/airflow/dags/flight-pipeline.py
[2026-05-04T00:35:25.815+0000] {logging_mixin.py:188} INFO - [2026-05-04T00:35:25.808+0000] {dag.py:3089} INFO - Sync 1 DAGs
[2026-05-04T00:35:26.149+0000] {logging_mixin.py:188} INFO - [2026-05-04T00:35:26.146+0000] {dag.py:3947} INFO - Setting next_dagrun for flights_ops_medallion_pipe to 2026-05-04 00:30:00+00:00, run_after=2026-05-04 01:00:00+00:00
[2026-05-04T00:35:26.349+0000] {processor.py:183} INFO - Processing /opt/airflow/dags/flight-pipeline.py took 11.230 seconds
[2026-05-04T00:36:12.108+0000] {processor.py:161} INFO - Started process (PID=16595) to work on /opt/airflow/dags/flight-pipeline.py
[2026-05-04T00:36:12.297+0000] {processor.py:830} INFO - Processing file /opt/airflow/dags/flight-pipeline.py for tasks to queue
[2026-05-04T00:36:12.756+0000] {logging_mixin.py:188} INFO - [2026-05-04T00:36:12.501+0000] {dagbag.py:545} INFO - Filling up the DagBag from /opt/airflow/dags/flight-pipeline.py
[2026-05-04T00:36:45.321+0000] {logging_mixin.py:188} INFO - [2026-05-04T00:36:45.197+0000] {timeout.py:68} ERROR - Process timed out, PID: 16595
[2026-05-04T00:37:16.448+0000] {processor.py:161} INFO - Started process (PID=16597) to work on /opt/airflow/dags/flight-pipeline.py
[2026-05-04T00:37:16.462+0000] {processor.py:830} INFO - Processing file /opt/airflow/dags/flight-pipeline.py for tasks to queue
[2026-05-04T00:37:16.488+0000] {logging_mixin.py:188} INFO - [2026-05-04T00:37:16.474+0000] {dagbag.py:545} INFO - Filling up the DagBag from /opt/airflow/dags/flight-pipeline.py
[2026-05-04T00:37:28.535+0000] {processor.py:840} INFO - DAG(s) 'flights_ops_medallion_pipe' retrieved from /opt/airflow/dags/flight-pipeline.py
[2026-05-04T00:37:32.696+0000] {logging_mixin.py:188} INFO - [2026-05-04T00:37:32.691+0000] {dag.py:3089} INFO - Sync 1 DAGs
[2026-05-04T00:37:33.347+0000] {logging_mixin.py:188} INFO - [2026-05-04T00:37:33.340+0000] {dag.py:3947} INFO - Setting next_dagrun for flights_ops_medallion_pipe to 2026-05-04 00:30:00+00:00, run_after=2026-05-04 01:00:00+00:00
[2026-05-04T00:37:34.025+0000] {processor.py:183} INFO - Processing /opt/airflow/dags/flight-pipeline.py took 17.745 seconds
[2026-05-04T00:38:05.363+0000] {processor.py:161} INFO - Started process (PID=16600) to work on /opt/airflow/dags/flight-pipeline.py
[2026-05-04T00:38:05.375+0000] {processor.py:830} INFO - Processing file /opt/airflow/dags/flight-pipeline.py for tasks to queue
[2026-05-04T00:38:05.386+0000] {logging_mixin.py:188} INFO - [2026-05-04T00:38:05.382+0000] {dagbag.py:545} INFO - Filling up the DagBag from /opt/airflow/dags/flight-pipeline.py
[2026-05-04T00:38:15.523+0000] {processor.py:840} INFO - DAG(s) 'flights_ops_medallion_pipe' retrieved from /opt/airflow/dags/flight-pipeline.py
[2026-05-04T00:38:15.936+0000] {logging_mixin.py:188} INFO - [2026-05-04T00:38:15.932+0000] {dag.py:3089} INFO - Sync 1 DAGs
[2026-05-04T00:38:16.200+0000] {logging_mixin.py:188} INFO - [2026-05-04T00:38:16.197+0000] {dag.py:3947} INFO - Setting next_dagrun for flights_ops_medallion_pipe to 2026-05-04 00:30:00+00:00, run_after=2026-05-04 01:00:00+00:00
[2026-05-04T00:38:16.480+0000] {processor.py:183} INFO - Processing /opt/airflow/dags/flight-pipeline.py took 11.204 seconds
[2026-05-04T00:38:47.701+0000] {processor.py:161} INFO - Started process (PID=16603) to work on /opt/airflow/dags/flight-pipeline.py
[2026-05-04T00:38:47.717+0000] {processor.py:830} INFO - Processing file /opt/airflow/dags/flight-pipeline.py for tasks to queue
[2026-05-04T00:38:47.731+0000] {logging_mixin.py:188} INFO - [2026-05-04T00:38:47.725+0000] {dagbag.py:545} INFO - Filling up the DagBag from /opt/airflow/dags/flight-pipeline.py
[2026-05-04T00:38:51.435+0000] {processor.py:840} INFO - DAG(s) 'flights_ops_medallion_pipe' retrieved from /opt/airflow/dags/flight-pipeline.py
[2026-05-04T00:38:51.564+0000] {logging_mixin.py:188} INFO - [2026-05-04T00:38:51.562+0000] {dag.py:3089} INFO - Sync 1 DAGs
[2026-05-04T00:38:51.668+0000] {logging_mixin.py:188} INFO - [2026-05-04T00:38:51.667+0000] {dag.py:3947} INFO - Setting next_dagrun for flights_ops_medallion_pipe to 2026-05-04 00:30:00+00:00, run_after=2026-05-04 01:00:00+00:00
[2026-05-04T00:38:51.740+0000] {processor.py:183} INFO - Processing /opt/airflow/dags/flight-pipeline.py took 4.128 seconds
[2026-05-04T00:39:22.034+0000] {processor.py:161} INFO - Started process (PID=16606) to work on /opt/airflow/dags/flight-pipeline.py
[2026-05-04T00:39:22.037+0000] {processor.py:830} INFO - Processing file /opt/airflow/dags/flight-pipeline.py for tasks to queue
[2026-05-04T00:39:22.039+0000] {logging_mixin.py:188} INFO - [2026-05-04T00:39:22.038+0000] {dagbag.py:545} INFO - Filling up the DagBag from /opt/airflow/dags/flight-pipeline.py
[2026-05-04T00:39:23.362+0000] {processor.py:840} INFO - DAG(s) 'flights_ops_medallion_pipe' retrieved from /opt/airflow/dags/flight-pipeline.py
[2026-05-04T00:39:23.426+0000] {logging_mixin.py:188} INFO - [2026-05-04T00:39:23.425+0000] {dag.py:3089} INFO - Sync 1 DAGs
[2026-05-04T00:39:23.473+0000] {logging_mixin.py:188} INFO - [2026-05-04T00:39:23.472+0000] {dag.py:3947} INFO - Setting next_dagrun for flights_ops_medallion_pipe to 2026-05-04 00:30:00+00:00, run_after=2026-05-04 01:00:00+00:00
[2026-05-04T00:39:23.509+0000] {processor.py:183} INFO - Processing /opt/airflow/dags/flight-pipeline.py took 1.490 seconds
[2026-05-04T00:39:53.787+0000] {processor.py:161} INFO - Started process (PID=16609) to work on /opt/airflow/dags/flight-pipeline.py
[2026-05-04T00:39:53.789+0000] {processor.py:830} INFO - Processing file /opt/airflow/dags/flight-pipeline.py for tasks to queue
[2026-05-04T00:39:53.790+0000] {logging_mixin.py:188} INFO - [2026-05-04T00:39:53.790+0000] {dagbag.py:545} INFO - Filling up the DagBag from /opt/airflow/dags/flight-pipeline.py
[2026-05-04T00:39:54.878+0000] {processor.py:840} INFO - DAG(s) 'flights_ops_medallion_pipe' retrieved from /opt/airflow/dags/flight-pipeline.py
[2026-05-04T00:39:54.968+0000] {logging_mixin.py:188} INFO - [2026-05-04T00:39:54.967+0000] {dag.py:3089} INFO - Sync 1 DAGs
[2026-05-04T00:39:55.038+0000] {logging_mixin.py:188} INFO - [2026-05-04T00:39:55.037+0000] {dag.py:3947} INFO - Setting next_dagrun for flights_ops_medallion_pipe to 2026-05-04 00:30:00+00:00, run_after=2026-05-04 01:00:00+00:00
[2026-05-04T00:39:55.095+0000] {processor.py:183} INFO - Processing /opt/airflow/dags/flight-pipeline.py took 1.322 seconds
[2026-05-04T00:40:25.500+0000] {processor.py:161} INFO - Started process (PID=16612) to work on /opt/airflow/dags/flight-pipeline.py
[2026-05-04T00:40:25.508+0000] {processor.py:830} INFO - Processing file /opt/airflow/dags/flight-pipeline.py for tasks to queue
[2026-05-04T00:40:25.514+0000] {logging_mixin.py:188} INFO - [2026-05-04T00:40:25.511+0000] {dagbag.py:545} INFO - Filling up the DagBag from /opt/airflow/dags/flight-pipeline.py
[2026-05-04T00:40:28.207+0000] {processor.py:840} INFO - DAG(s) 'flights_ops_medallion_pipe' retrieved from /opt/airflow/dags/flight-pipeline.py
[2026-05-04T00:40:28.331+0000] {logging_mixin.py:188} INFO - [2026-05-04T00:40:28.330+0000] {dag.py:3089} INFO - Sync 1 DAGs
[2026-05-04T00:40:28.429+0000] {logging_mixin.py:188} INFO - [2026-05-04T00:40:28.428+0000] {dag.py:3947} INFO - Setting next_dagrun for flights_ops_medallion_pipe to 2026-05-04 00:30:00+00:00, run_after=2026-05-04 01:00:00+00:00
[2026-05-04T00:40:28.504+0000] {processor.py:183} INFO - Processing /opt/airflow/dags/flight-pipeline.py took 3.062 seconds
[2026-05-04T00:40:58.870+0000] {processor.py:161} INFO - Started process (PID=16615) to work on /opt/airflow/dags/flight-pipeline.py
[2026-05-04T00:40:58.877+0000] {processor.py:830} INFO - Processing file /opt/airflow/dags/flight-pipeline.py for tasks to queue
[2026-05-04T00:40:58.881+0000] {logging_mixin.py:188} INFO - [2026-05-04T00:40:58.880+0000] {dagbag.py:545} INFO - Filling up the DagBag from /opt/airflow/dags/flight-pipeline.py
[2026-05-04T00:41:01.627+0000] {processor.py:840} INFO - DAG(s) 'flights_ops_medallion_pipe' retrieved from /opt/airflow/dags/flight-pipeline.py
[2026-05-04T00:41:01.750+0000] {logging_mixin.py:188} INFO - [2026-05-04T00:41:01.749+0000] {dag.py:3089} INFO - Sync 1 DAGs
[2026-05-04T00:41:01.858+0000] {logging_mixin.py:188} INFO - [2026-05-04T00:41:01.857+0000] {dag.py:3947} INFO - Setting next_dagrun for flights_ops_medallion_pipe to 2026-05-04 00:30:00+00:00, run_after=2026-05-04 01:00:00+00:00
[2026-05-04T00:41:01.935+0000] {processor.py:183} INFO - Processing /opt/airflow/dags/flight-pipeline.py took 3.093 seconds
[2026-05-04T00:41:32.262+0000] {processor.py:161} INFO - Started process (PID=16618) to work on /opt/airflow/dags/flight-pipeline.py
[2026-05-04T00:41:32.265+0000] {processor.py:830} INFO - Processing file /opt/airflow/dags/flight-pipeline.py for tasks to queue
[2026-05-04T00:41:32.268+0000] {logging_mixin.py:188} INFO - [2026-05-04T00:41:32.267+0000] {dagbag.py:545} INFO - Filling up the DagBag from /opt/airflow/dags/flight-pipeline.py
[2026-05-04T00:41:33.865+0000] {processor.py:840} INFO - DAG(s) 'flights_ops_medallion_pipe' retrieved from /opt/airflow/dags/flight-pipeline.py
[2026-05-04T00:41:33.937+0000] {logging_mixin.py:188} INFO - [2026-05-04T00:41:33.936+0000] {dag.py:3089} INFO - Sync 1 DAGs
[2026-05-04T00:41:33.990+0000] {logging_mixin.py:188} INFO - [2026-05-04T00:41:33.989+0000] {dag.py:3947} INFO - Setting next_dagrun for flights_ops_medallion_pipe to 2026-05-04 00:30:00+00:00, run_after=2026-05-04 01:00:00+00:00
[2026-05-04T00:41:34.030+0000] {processor.py:183} INFO - Processing /opt/airflow/dags/flight-pipeline.py took 1.786 seconds
[2026-05-04T00:42:04.323+0000] {processor.py:161} INFO - Started process (PID=16621) to work on /opt/airflow/dags/flight-pipeline.py
[2026-05-04T00:42:04.326+0000] {processor.py:830} INFO - Processing file /opt/airflow/dags/flight-pipeline.py for tasks to queue
[2026-05-04T00:42:04.328+0000] {logging_mixin.py:188} INFO - [2026-05-04T00:42:04.327+0000] {dagbag.py:545} INFO - Filling up the DagBag from /opt/airflow/dags/flight-pipeline.py
[2026-05-04T00:42:05.485+0000] {processor.py:840} INFO - DAG(s) 'flights_ops_medallion_pipe' retrieved from /opt/airflow/dags/flight-pipeline.py
[2026-05-04T00:42:05.545+0000] {logging_mixin.py:188} INFO - [2026-05-04T00:42:05.544+0000] {dag.py:3089} INFO - Sync 1 DAGs
[2026-05-04T00:42:05.584+0000] {logging_mixin.py:188} INFO - [2026-05-04T00:42:05.584+0000] {dag.py:3947} INFO - Setting next_dagrun for flights_ops_medallion_pipe to 2026-05-04 00:30:00+00:00, run_after=2026-05-04 01:00:00+00:00
[2026-05-04T00:42:05.624+0000] {processor.py:183} INFO - Processing /opt/airflow/dags/flight-pipeline.py took 1.315 seconds
[2026-05-04T00:42:36.015+0000] {processor.py:161} INFO - Started process (PID=16624) to work on /opt/airflow/dags/flight-pipeline.py
[2026-05-04T00:42:36.024+0000] {processor.py:830} INFO - Processing file /opt/airflow/dags/flight-pipeline.py for tasks to queue
[2026-05-04T00:42:36.030+0000] {logging_mixin.py:188} INFO - [2026-05-04T00:42:36.028+0000] {dagbag.py:545} INFO - Filling up the DagBag from /opt/airflow/dags/flight-pipeline.py
[2026-05-04T00:43:06.029+0000] {logging_mixin.py:188} INFO - [2026-05-04T00:43:06.001+0000] {timeout.py:68} ERROR - Process timed out, PID: 16624
[2026-05-04T00:43:37.068+0000] {processor.py:161} INFO - Started process (PID=16627) to work on /opt/airflow/dags/flight-pipeline.py
[2026-05-04T00:43:37.083+0000] {processor.py:830} INFO - Processing file /opt/airflow/dags/flight-pipeline.py for tasks to queue
[2026-05-04T00:43:37.101+0000] {logging_mixin.py:188} INFO - [2026-05-04T00:43:37.095+0000] {dagbag.py:545} INFO - Filling up the DagBag from /opt/airflow/dags/flight-pipeline.py
[2026-05-04T00:43:49.173+0000] {processor.py:840} INFO - DAG(s) 'flights_ops_medallion_pipe' retrieved from /opt/airflow/dags/flight-pipeline.py
[2026-05-04T00:43:51.348+0000] {logging_mixin.py:188} INFO - [2026-05-04T00:43:51.341+0000] {dag.py:3089} INFO - Sync 1 DAGs
[2026-05-04T00:43:51.692+0000] {logging_mixin.py:188} INFO - [2026-05-04T00:43:51.687+0000] {dag.py:3947} INFO - Setting next_dagrun for flights_ops_medallion_pipe to 2026-05-04 00:30:00+00:00, run_after=2026-05-04 01:00:00+00:00
[2026-05-04T00:43:52.008+0000] {processor.py:183} INFO - Processing /opt/airflow/dags/flight-pipeline.py took 15.056 seconds
[2026-05-04T00:48:58.458+0000] {processor.py:161} INFO - Started process (PID=16630) to work on /opt/airflow/dags/flight-pipeline.py
[2026-05-04T00:48:58.464+0000] {processor.py:830} INFO - Processing file /opt/airflow/dags/flight-pipeline.py for tasks to queue
[2026-05-04T00:48:58.473+0000] {logging_mixin.py:188} INFO - [2026-05-04T00:48:58.470+0000] {dagbag.py:545} INFO - Filling up the DagBag from /opt/airflow/dags/flight-pipeline.py
[2026-05-04T00:48:59.880+0000] {processor.py:840} INFO - DAG(s) 'flights_ops_medallion_pipe' retrieved from /opt/airflow/dags/flight-pipeline.py
[2026-05-04T00:48:59.970+0000] {logging_mixin.py:188} INFO - [2026-05-04T00:48:59.969+0000] {dag.py:3089} INFO - Sync 1 DAGs
[2026-05-04T00:49:00.023+0000] {logging_mixin.py:188} INFO - [2026-05-04T00:49:00.023+0000] {dag.py:3947} INFO - Setting next_dagrun for flights_ops_medallion_pipe to 2026-05-04 00:30:00+00:00, run_after=2026-05-04 01:00:00+00:00
[2026-05-04T00:49:00.068+0000] {processor.py:183} INFO - Processing /opt/airflow/dags/flight-pipeline.py took 1.716 seconds
[2026-05-04T00:49:31.412+0000] {processor.py:161} INFO - Started process (PID=16634) to work on /opt/airflow/dags/flight-pipeline.py
[2026-05-04T00:49:31.431+0000] {processor.py:830} INFO - Processing file /opt/airflow/dags/flight-pipeline.py for tasks to queue
[2026-05-04T00:49:31.456+0000] {logging_mixin.py:188} INFO - [2026-05-04T00:49:31.446+0000] {dagbag.py:545} INFO - Filling up the DagBag from /opt/airflow/dags/flight-pipeline.py
[2026-05-04T00:49:46.524+0000] {processor.py:840} INFO - DAG(s) 'flights_ops_medallion_pipe' retrieved from /opt/airflow/dags/flight-pipeline.py
[2026-05-04T00:49:47.117+0000] {logging_mixin.py:188} INFO - [2026-05-04T00:49:47.113+0000] {dag.py:3089} INFO - Sync 1 DAGs
[2026-05-04T00:49:47.779+0000] {logging_mixin.py:188} INFO - [2026-05-04T00:49:47.768+0000] {dag.py:3947} INFO - Setting next_dagrun for flights_ops_medallion_pipe to 2026-05-04 00:30:00+00:00, run_after=2026-05-04 01:00:00+00:00
[2026-05-04T00:49:48.155+0000] {processor.py:183} INFO - Processing /opt/airflow/dags/flight-pipeline.py took 16.921 seconds
[2026-05-04T00:50:18.983+0000] {processor.py:161} INFO - Started process (PID=16637) to work on /opt/airflow/dags/flight-pipeline.py
[2026-05-04T00:50:18.988+0000] {processor.py:830} INFO - Processing file /opt/airflow/dags/flight-pipeline.py for tasks to queue
[2026-05-04T00:50:18.991+0000] {logging_mixin.py:188} INFO - [2026-05-04T00:50:18.989+0000] {dagbag.py:545} INFO - Filling up the DagBag from /opt/airflow/dags/flight-pipeline.py
[2026-05-04T00:50:20.524+0000] {processor.py:840} INFO - DAG(s) 'flights_ops_medallion_pipe' retrieved from /opt/airflow/dags/flight-pipeline.py
[2026-05-04T00:50:20.613+0000] {logging_mixin.py:188} INFO - [2026-05-04T00:50:20.612+0000] {dag.py:3089} INFO - Sync 1 DAGs
[2026-05-04T00:50:20.652+0000] {logging_mixin.py:188} INFO - [2026-05-04T00:50:20.652+0000] {dag.py:3947} INFO - Setting next_dagrun for flights_ops_medallion_pipe to 2026-05-04 00:30:00+00:00, run_after=2026-05-04 01:00:00+00:00
[2026-05-04T00:50:20.688+0000] {processor.py:183} INFO - Processing /opt/airflow/dags/flight-pipeline.py took 1.728 seconds
[2026-05-04T00:50:50.965+0000] {processor.py:161} INFO - Started process (PID=16640) to work on /opt/airflow/dags/flight-pipeline.py
[2026-05-04T00:50:50.967+0000] {processor.py:830} INFO - Processing file /opt/airflow/dags/flight-pipeline.py for tasks to queue
[2026-05-04T00:50:50.968+0000] {logging_mixin.py:188} INFO - [2026-05-04T00:50:50.968+0000] {dagbag.py:545} INFO - Filling up the DagBag from /opt/airflow/dags/flight-pipeline.py
[2026-05-04T00:50:51.703+0000] {processor.py:840} INFO - DAG(s) 'flights_ops_medallion_pipe' retrieved from /opt/airflow/dags/flight-pipeline.py
[2026-05-04T00:50:51.781+0000] {logging_mixin.py:188} INFO - [2026-05-04T00:50:51.781+0000] {dag.py:3089} INFO - Sync 1 DAGs
[2026-05-04T00:50:51.810+0000] {logging_mixin.py:188} INFO - [2026-05-04T00:50:51.810+0000] {dag.py:3947} INFO - Setting next_dagrun for flights_ops_medallion_pipe to 2026-05-04 00:30:00+00:00, run_after=2026-05-04 01:00:00+00:00
[2026-05-04T00:50:51.831+0000] {processor.py:183} INFO - Processing /opt/airflow/dags/flight-pipeline.py took 0.878 seconds
[2026-05-04T00:51:22.110+0000] {processor.py:161} INFO - Started process (PID=16643) to work on /opt/airflow/dags/flight-pipeline.py
[2026-05-04T00:51:22.113+0000] {processor.py:830} INFO - Processing file /opt/airflow/dags/flight-pipeline.py for tasks to queue
[2026-05-04T00:51:22.115+0000] {logging_mixin.py:188} INFO - [2026-05-04T00:51:22.114+0000] {dagbag.py:545} INFO - Filling up the DagBag from /opt/airflow/dags/flight-pipeline.py
[2026-05-04T00:51:22.821+0000] {processor.py:840} INFO - DAG(s) 'flights_ops_medallion_pipe' retrieved from /opt/airflow/dags/flight-pipeline.py
[2026-05-04T00:51:22.864+0000] {logging_mixin.py:188} INFO - [2026-05-04T00:51:22.863+0000] {dag.py:3089} INFO - Sync 1 DAGs
[2026-05-04T00:51:22.896+0000] {logging_mixin.py:188} INFO - [2026-05-04T00:51:22.896+0000] {dag.py:3947} INFO - Setting next_dagrun for flights_ops_medallion_pipe to 2026-05-04 00:30:00+00:00, run_after=2026-05-04 01:00:00+00:00
[2026-05-04T00:51:22.937+0000] {processor.py:183} INFO - Processing /opt/airflow/dags/flight-pipeline.py took 0.838 seconds
[2026-05-04T00:51:53.198+0000] {processor.py:161} INFO - Started process (PID=16646) to work on /opt/airflow/dags/flight-pipeline.py
[2026-05-04T00:51:53.201+0000] {processor.py:830} INFO - Processing file /opt/airflow/dags/flight-pipeline.py for tasks to queue
[2026-05-04T00:51:53.202+0000] {logging_mixin.py:188} INFO - [2026-05-04T00:51:53.202+0000] {dagbag.py:545} INFO - Filling up the DagBag from /opt/airflow/dags/flight-pipeline.py
[2026-05-04T00:51:53.986+0000] {processor.py:840} INFO - DAG(s) 'flights_ops_medallion_pipe' retrieved from /opt/airflow/dags/flight-pipeline.py
[2026-05-04T00:51:54.038+0000] {logging_mixin.py:188} INFO - [2026-05-04T00:51:54.037+0000] {dag.py:3089} INFO - Sync 1 DAGs
[2026-05-04T00:51:54.064+0000] {logging_mixin.py:188} INFO - [2026-05-04T00:51:54.064+0000] {dag.py:3947} INFO - Setting next_dagrun for flights_ops_medallion_pipe to 2026-05-04 00:30:00+00:00, run_after=2026-05-04 01:00:00+00:00
[2026-05-04T00:51:54.085+0000] {processor.py:183} INFO - Processing /opt/airflow/dags/flight-pipeline.py took 0.896 seconds
[2026-05-04T00:52:24.332+0000] {processor.py:161} INFO - Started process (PID=16649) to work on /opt/airflow/dags/flight-pipeline.py
[2026-05-04T00:52:24.334+0000] {processor.py:830} INFO - Processing file /opt/airflow/dags/flight-pipeline.py for tasks to queue
[2026-05-04T00:52:24.339+0000] {logging_mixin.py:188} INFO - [2026-05-04T00:52:24.337+0000] {dagbag.py:545} INFO - Filling up the DagBag from /opt/airflow/dags/flight-pipeline.py
[2026-05-04T00:52:25.073+0000] {processor.py:840} INFO - DAG(s) 'flights_ops_medallion_pipe' retrieved from /opt/airflow/dags/flight-pipeline.py
[2026-05-04T00:52:25.106+0000] {logging_mixin.py:188} INFO - [2026-05-04T00:52:25.106+0000] {dag.py:3089} INFO - Sync 1 DAGs
[2026-05-04T00:52:25.176+0000] {logging_mixin.py:188} INFO - [2026-05-04T00:52:25.176+0000] {dag.py:3947} INFO - Setting next_dagrun for flights_ops_medallion_pipe to 2026-05-04 00:30:00+00:00, run_after=2026-05-04 01:00:00+00:00
[2026-05-04T00:52:25.204+0000] {processor.py:183} INFO - Processing /opt/airflow/dags/flight-pipeline.py took 0.880 seconds
[2026-05-04T00:52:55.462+0000] {processor.py:161} INFO - Started process (PID=16652) to work on /opt/airflow/dags/flight-pipeline.py
[2026-05-04T00:52:55.463+0000] {processor.py:830} INFO - Processing file /opt/airflow/dags/flight-pipeline.py for tasks to queue
[2026-05-04T00:52:55.465+0000] {logging_mixin.py:188} INFO - [2026-05-04T00:52:55.464+0000] {dagbag.py:545} INFO - Filling up the DagBag from /opt/airflow/dags/flight-pipeline.py
[2026-05-04T00:52:56.142+0000] {processor.py:840} INFO - DAG(s) 'flights_ops_medallion_pipe' retrieved from /opt/airflow/dags/flight-pipeline.py
[2026-05-04T00:52:56.176+0000] {logging_mixin.py:188} INFO - [2026-05-04T00:52:56.176+0000] {dag.py:3089} INFO - Sync 1 DAGs
[2026-05-04T00:52:56.206+0000] {logging_mixin.py:188} INFO - [2026-05-04T00:52:56.206+0000] {dag.py:3947} INFO - Setting next_dagrun for flights_ops_medallion_pipe to 2026-05-04 00:30:00+00:00, run_after=2026-05-04 01:00:00+00:00
[2026-05-04T00:52:56.229+0000] {processor.py:183} INFO - Processing /opt/airflow/dags/flight-pipeline.py took 0.778 seconds
[2026-05-04T00:53:26.413+0000] {processor.py:161} INFO - Started process (PID=16655) to work on /opt/airflow/dags/flight-pipeline.py
[2026-05-04T00:53:26.415+0000] {processor.py:830} INFO - Processing file /opt/airflow/dags/flight-pipeline.py for tasks to queue
[2026-05-04T00:53:26.416+0000] {logging_mixin.py:188} INFO - [2026-05-04T00:53:26.416+0000] {dagbag.py:545} INFO - Filling up the DagBag from /opt/airflow/dags/flight-pipeline.py
[2026-05-04T00:53:27.065+0000] {processor.py:840} INFO - DAG(s) 'flights_ops_medallion_pipe' retrieved from /opt/airflow/dags/flight-pipeline.py
[2026-05-04T00:53:27.099+0000] {logging_mixin.py:188} INFO - [2026-05-04T00:53:27.099+0000] {dag.py:3089} INFO - Sync 1 DAGs
[2026-05-04T00:53:27.122+0000] {logging_mixin.py:188} INFO - [2026-05-04T00:53:27.122+0000] {dag.py:3947} INFO - Setting next_dagrun for flights_ops_medallion_pipe to 2026-05-04 00:30:00+00:00, run_after=2026-05-04 01:00:00+00:00
[2026-05-04T00:53:27.141+0000] {processor.py:183} INFO - Processing /opt/airflow/dags/flight-pipeline.py took 0.737 seconds
[2026-05-04T00:53:57.398+0000] {processor.py:161} INFO - Started process (PID=16658) to work on /opt/airflow/dags/flight-pipeline.py
[2026-05-04T00:53:57.401+0000] {processor.py:830} INFO - Processing file /opt/airflow/dags/flight-pipeline.py for tasks to queue
[2026-05-04T00:53:57.402+0000] {logging_mixin.py:188} INFO - [2026-05-04T00:53:57.401+0000] {dagbag.py:545} INFO - Filling up the DagBag from /opt/airflow/dags/flight-pipeline.py
[2026-05-04T00:53:58.154+0000] {processor.py:840} INFO - DAG(s) 'flights_ops_medallion_pipe' retrieved from /opt/airflow/dags/flight-pipeline.py
[2026-05-04T00:53:58.190+0000] {logging_mixin.py:188} INFO - [2026-05-04T00:53:58.189+0000] {dag.py:3089} INFO - Sync 1 DAGs
[2026-05-04T00:53:58.215+0000] {logging_mixin.py:188} INFO - [2026-05-04T00:53:58.214+0000] {dag.py:3947} INFO - Setting next_dagrun for flights_ops_medallion_pipe to 2026-05-04 00:30:00+00:00, run_after=2026-05-04 01:00:00+00:00
[2026-05-04T00:53:58.236+0000] {processor.py:183} INFO - Processing /opt/airflow/dags/flight-pipeline.py took 0.847 seconds
[2026-05-04T00:54:28.521+0000] {processor.py:161} INFO - Started process (PID=16661) to work on /opt/airflow/dags/flight-pipeline.py
[2026-05-04T00:54:28.522+0000] {processor.py:830} INFO - Processing file /opt/airflow/dags/flight-pipeline.py for tasks to queue
[2026-05-04T00:54:28.523+0000] {logging_mixin.py:188} INFO - [2026-05-04T00:54:28.523+0000] {dagbag.py:545} INFO - Filling up the DagBag from /opt/airflow/dags/flight-pipeline.py
[2026-05-04T00:54:29.174+0000] {processor.py:840} INFO - DAG(s) 'flights_ops_medallion_pipe' retrieved from /opt/airflow/dags/flight-pipeline.py
[2026-05-04T00:54:29.207+0000] {logging_mixin.py:188} INFO - [2026-05-04T00:54:29.207+0000] {dag.py:3089} INFO - Sync 1 DAGs
[2026-05-04T00:54:29.238+0000] {logging_mixin.py:188} INFO - [2026-05-04T00:54:29.238+0000] {dag.py:3947} INFO - Setting next_dagrun for flights_ops_medallion_pipe to 2026-05-04 00:30:00+00:00, run_after=2026-05-04 01:00:00+00:00
[2026-05-04T00:54:29.258+0000] {processor.py:183} INFO - Processing /opt/airflow/dags/flight-pipeline.py took 0.745 seconds
[2026-05-04T00:54:59.532+0000] {processor.py:161} INFO - Started process (PID=16664) to work on /opt/airflow/dags/flight-pipeline.py
[2026-05-04T00:54:59.534+0000] {processor.py:830} INFO - Processing file /opt/airflow/dags/flight-pipeline.py for tasks to queue
[2026-05-04T00:54:59.535+0000] {logging_mixin.py:188} INFO - [2026-05-04T00:54:59.535+0000] {dagbag.py:545} INFO - Filling up the DagBag from /opt/airflow/dags/flight-pipeline.py
[2026-05-04T00:55:00.248+0000] {processor.py:840} INFO - DAG(s) 'flights_ops_medallion_pipe' retrieved from /opt/airflow/dags/flight-pipeline.py
[2026-05-04T00:55:00.281+0000] {logging_mixin.py:188} INFO - [2026-05-04T00:55:00.281+0000] {dag.py:3089} INFO - Sync 1 DAGs
[2026-05-04T00:55:00.304+0000] {logging_mixin.py:188} INFO - [2026-05-04T00:55:00.304+0000] {dag.py:3947} INFO - Setting next_dagrun for flights_ops_medallion_pipe to 2026-05-04 00:30:00+00:00, run_after=2026-05-04 01:00:00+00:00
[2026-05-04T00:55:00.324+0000] {processor.py:183} INFO - Processing /opt/airflow/dags/flight-pipeline.py took 0.801 seconds
[2026-05-04T00:55:30.445+0000] {processor.py:161} INFO - Started process (PID=16667) to work on /opt/airflow/dags/flight-pipeline.py
[2026-05-04T00:55:30.447+0000] {processor.py:830} INFO - Processing file /opt/airflow/dags/flight-pipeline.py for tasks to queue
[2026-05-04T00:55:30.448+0000] {logging_mixin.py:188} INFO - [2026-05-04T00:55:30.448+0000] {dagbag.py:545} INFO - Filling up the DagBag from /opt/airflow/dags/flight-pipeline.py
[2026-05-04T00:55:31.108+0000] {processor.py:840} INFO - DAG(s) 'flights_ops_medallion_pipe' retrieved from /opt/airflow/dags/flight-pipeline.py
[2026-05-04T00:55:31.143+0000] {logging_mixin.py:188} INFO - [2026-05-04T00:55:31.142+0000] {dag.py:3089} INFO - Sync 1 DAGs
[2026-05-04T00:55:31.167+0000] {logging_mixin.py:188} INFO - [2026-05-04T00:55:31.167+0000] {dag.py:3947} INFO - Setting next_dagrun for flights_ops_medallion_pipe to 2026-05-04 00:30:00+00:00, run_after=2026-05-04 01:00:00+00:00
[2026-05-04T00:55:31.186+0000] {processor.py:183} INFO - Processing /opt/airflow/dags/flight-pipeline.py took 0.750 seconds
[2026-05-04T00:56:01.475+0000] {processor.py:161} INFO - Started process (PID=16670) to work on /opt/airflow/dags/flight-pipeline.py
[2026-05-04T00:56:01.476+0000] {processor.py:830} INFO - Processing file /opt/airflow/dags/flight-pipeline.py for tasks to queue
[2026-05-04T00:56:01.478+0000] {logging_mixin.py:188} INFO - [2026-05-04T00:56:01.478+0000] {dagbag.py:545} INFO - Filling up the DagBag from /opt/airflow/dags/flight-pipeline.py
[2026-05-04T00:56:02.155+0000] {processor.py:840} INFO - DAG(s) 'flights_ops_medallion_pipe' retrieved from /opt/airflow/dags/flight-pipeline.py
[2026-05-04T00:56:02.189+0000] {logging_mixin.py:188} INFO - [2026-05-04T00:56:02.189+0000] {dag.py:3089} INFO - Sync 1 DAGs
[2026-05-04T00:56:02.212+0000] {logging_mixin.py:188} INFO - [2026-05-04T00:56:02.212+0000] {dag.py:3947} INFO - Setting next_dagrun for flights_ops_medallion_pipe to 2026-05-04 00:30:00+00:00, run_after=2026-05-04 01:00:00+00:00
[2026-05-04T00:56:02.232+0000] {processor.py:183} INFO - Processing /opt/airflow/dags/flight-pipeline.py took 0.765 seconds
[2026-05-04T00:56:32.521+0000] {processor.py:161} INFO - Started process (PID=16673) to work on /opt/airflow/dags/flight-pipeline.py
[2026-05-04T00:56:32.522+0000] {processor.py:830} INFO - Processing file /opt/airflow/dags/flight-pipeline.py for tasks to queue
[2026-05-04T00:56:32.524+0000] {logging_mixin.py:188} INFO - [2026-05-04T00:56:32.523+0000] {dagbag.py:545} INFO - Filling up the DagBag from /opt/airflow/dags/flight-pipeline.py
[2026-05-04T00:56:33.203+0000] {processor.py:840} INFO - DAG(s) 'flights_ops_medallion_pipe' retrieved from /opt/airflow/dags/flight-pipeline.py
[2026-05-04T00:56:33.240+0000] {logging_mixin.py:188} INFO - [2026-05-04T00:56:33.240+0000] {dag.py:3089} INFO - Sync 1 DAGs
[2026-05-04T00:56:33.264+0000] {logging_mixin.py:188} INFO - [2026-05-04T00:56:33.264+0000] {dag.py:3947} INFO - Setting next_dagrun for flights_ops_medallion_pipe to 2026-05-04 00:30:00+00:00, run_after=2026-05-04 01:00:00+00:00
[2026-05-04T00:56:33.284+0000] {processor.py:183} INFO - Processing /opt/airflow/dags/flight-pipeline.py took 0.773 seconds
[2026-05-04T00:57:03.547+0000] {processor.py:161} INFO - Started process (PID=16676) to work on /opt/airflow/dags/flight-pipeline.py
[2026-05-04T00:57:03.549+0000] {processor.py:830} INFO - Processing file /opt/airflow/dags/flight-pipeline.py for tasks to queue
[2026-05-04T00:57:03.551+0000] {logging_mixin.py:188} INFO - [2026-05-04T00:57:03.550+0000] {dagbag.py:545} INFO - Filling up the DagBag from /opt/airflow/dags/flight-pipeline.py
[2026-05-04T00:57:04.263+0000] {processor.py:840} INFO - DAG(s) 'flights_ops_medallion_pipe' retrieved from /opt/airflow/dags/flight-pipeline.py
[2026-05-04T00:57:04.296+0000] {logging_mixin.py:188} INFO - [2026-05-04T00:57:04.296+0000] {dag.py:3089} INFO - Sync 1 DAGs
[2026-05-04T00:57:04.321+0000] {logging_mixin.py:188} INFO - [2026-05-04T00:57:04.321+0000] {dag.py:3947} INFO - Setting next_dagrun for flights_ops_medallion_pipe to 2026-05-04 00:30:00+00:00, run_after=2026-05-04 01:00:00+00:00
[2026-05-04T00:57:04.341+0000] {processor.py:183} INFO - Processing /opt/airflow/dags/flight-pipeline.py took 0.803 seconds
[2026-05-04T00:57:34.587+0000] {processor.py:161} INFO - Started process (PID=16679) to work on /opt/airflow/dags/flight-pipeline.py
[2026-05-04T00:57:34.589+0000] {processor.py:830} INFO - Processing file /opt/airflow/dags/flight-pipeline.py for tasks to queue
[2026-05-04T00:57:34.590+0000] {logging_mixin.py:188} INFO - [2026-05-04T00:57:34.590+0000] {dagbag.py:545} INFO - Filling up the DagBag from /opt/airflow/dags/flight-pipeline.py
[2026-05-04T00:57:35.234+0000] {processor.py:840} INFO - DAG(s) 'flights_ops_medallion_pipe' retrieved from /opt/airflow/dags/flight-pipeline.py
[2026-05-04T00:57:35.267+0000] {logging_mixin.py:188} INFO - [2026-05-04T00:57:35.266+0000] {dag.py:3089} INFO - Sync 1 DAGs
[2026-05-04T00:57:35.290+0000] {logging_mixin.py:188} INFO - [2026-05-04T00:57:35.290+0000] {dag.py:3947} INFO - Setting next_dagrun for flights_ops_medallion_pipe to 2026-05-04 00:30:00+00:00, run_after=2026-05-04 01:00:00+00:00
[2026-05-04T00:57:35.309+0000] {processor.py:183} INFO - Processing /opt/airflow/dags/flight-pipeline.py took 0.729 seconds
[2026-05-04T00:58:05.600+0000] {processor.py:161} INFO - Started process (PID=16682) to work on /opt/airflow/dags/flight-pipeline.py
[2026-05-04T00:58:05.602+0000] {processor.py:830} INFO - Processing file /opt/airflow/dags/flight-pipeline.py for tasks to queue
[2026-05-04T00:58:05.603+0000] {logging_mixin.py:188} INFO - [2026-05-04T00:58:05.602+0000] {dagbag.py:545} INFO - Filling up the DagBag from /opt/airflow/dags/flight-pipeline.py
[2026-05-04T00:58:06.279+0000] {processor.py:840} INFO - DAG(s) 'flights_ops_medallion_pipe' retrieved from /opt/airflow/dags/flight-pipeline.py
[2026-05-04T00:58:06.312+0000] {logging_mixin.py:188} INFO - [2026-05-04T00:58:06.311+0000] {dag.py:3089} INFO - Sync 1 DAGs
[2026-05-04T00:58:06.337+0000] {logging_mixin.py:188} INFO - [2026-05-04T00:58:06.336+0000] {dag.py:3947} INFO - Setting next_dagrun for flights_ops_medallion_pipe to 2026-05-04 00:30:00+00:00, run_after=2026-05-04 01:00:00+00:00
[2026-05-04T00:58:06.357+0000] {processor.py:183} INFO - Processing /opt/airflow/dags/flight-pipeline.py took 0.766 seconds
[2026-05-04T00:58:36.632+0000] {processor.py:161} INFO - Started process (PID=16685) to work on /opt/airflow/dags/flight-pipeline.py
[2026-05-04T00:58:36.633+0000] {processor.py:830} INFO - Processing file /opt/airflow/dags/flight-pipeline.py for tasks to queue
[2026-05-04T00:58:36.635+0000] {logging_mixin.py:188} INFO - [2026-05-04T00:58:36.634+0000] {dagbag.py:545} INFO - Filling up the DagBag from /opt/airflow/dags/flight-pipeline.py
[2026-05-04T00:58:37.282+0000] {processor.py:840} INFO - DAG(s) 'flights_ops_medallion_pipe' retrieved from /opt/airflow/dags/flight-pipeline.py
[2026-05-04T00:58:37.314+0000] {logging_mixin.py:188} INFO - [2026-05-04T00:58:37.314+0000] {dag.py:3089} INFO - Sync 1 DAGs
[2026-05-04T00:58:37.338+0000] {logging_mixin.py:188} INFO - [2026-05-04T00:58:37.338+0000] {dag.py:3947} INFO - Setting next_dagrun for flights_ops_medallion_pipe to 2026-05-04 00:30:00+00:00, run_after=2026-05-04 01:00:00+00:00
[2026-05-04T00:58:37.358+0000] {processor.py:183} INFO - Processing /opt/airflow/dags/flight-pipeline.py took 0.735 seconds
[2026-05-04T00:59:07.646+0000] {processor.py:161} INFO - Started process (PID=16688) to work on /opt/airflow/dags/flight-pipeline.py
[2026-05-04T00:59:07.649+0000] {processor.py:830} INFO - Processing file /opt/airflow/dags/flight-pipeline.py for tasks to queue
[2026-05-04T00:59:07.650+0000] {logging_mixin.py:188} INFO - [2026-05-04T00:59:07.649+0000] {dagbag.py:545} INFO - Filling up the DagBag from /opt/airflow/dags/flight-pipeline.py
[2026-05-04T00:59:08.370+0000] {processor.py:840} INFO - DAG(s) 'flights_ops_medallion_pipe' retrieved from /opt/airflow/dags/flight-pipeline.py
[2026-05-04T00:59:08.405+0000] {logging_mixin.py:188} INFO - [2026-05-04T00:59:08.404+0000] {dag.py:3089} INFO - Sync 1 DAGs
[2026-05-04T00:59:08.428+0000] {logging_mixin.py:188} INFO - [2026-05-04T00:59:08.428+0000] {dag.py:3947} INFO - Setting next_dagrun for flights_ops_medallion_pipe to 2026-05-04 00:30:00+00:00, run_after=2026-05-04 01:00:00+00:00
[2026-05-04T00:59:08.448+0000] {processor.py:183} INFO - Processing /opt/airflow/dags/flight-pipeline.py took 0.813 seconds
[2026-05-04T00:59:38.646+0000] {processor.py:161} INFO - Started process (PID=16691) to work on /opt/airflow/dags/flight-pipeline.py
[2026-05-04T00:59:38.648+0000] {processor.py:830} INFO - Processing file /opt/airflow/dags/flight-pipeline.py for tasks to queue
[2026-05-04T00:59:38.649+0000] {logging_mixin.py:188} INFO - [2026-05-04T00:59:38.649+0000] {dagbag.py:545} INFO - Filling up the DagBag from /opt/airflow/dags/flight-pipeline.py
[2026-05-04T00:59:39.295+0000] {processor.py:840} INFO - DAG(s) 'flights_ops_medallion_pipe' retrieved from /opt/airflow/dags/flight-pipeline.py
[2026-05-04T00:59:39.327+0000] {logging_mixin.py:188} INFO - [2026-05-04T00:59:39.327+0000] {dag.py:3089} INFO - Sync 1 DAGs
[2026-05-04T00:59:39.351+0000] {logging_mixin.py:188} INFO - [2026-05-04T00:59:39.351+0000] {dag.py:3947} INFO - Setting next_dagrun for flights_ops_medallion_pipe to 2026-05-04 00:30:00+00:00, run_after=2026-05-04 01:00:00+00:00
[2026-05-04T00:59:39.370+0000] {processor.py:183} INFO - Processing /opt/airflow/dags/flight-pipeline.py took 0.732 seconds
[2026-05-04T01:00:09.629+0000] {processor.py:161} INFO - Started process (PID=16706) to work on /opt/airflow/dags/flight-pipeline.py
[2026-05-04T01:00:09.633+0000] {processor.py:830} INFO - Processing file /opt/airflow/dags/flight-pipeline.py for tasks to queue
[2026-05-04T01:00:09.634+0000] {logging_mixin.py:188} INFO - [2026-05-04T01:00:09.634+0000] {dagbag.py:545} INFO - Filling up the DagBag from /opt/airflow/dags/flight-pipeline.py
[2026-05-04T01:00:10.607+0000] {processor.py:840} INFO - DAG(s) 'flights_ops_medallion_pipe' retrieved from /opt/airflow/dags/flight-pipeline.py
[2026-05-04T01:00:10.659+0000] {logging_mixin.py:188} INFO - [2026-05-04T01:00:10.658+0000] {dag.py:3089} INFO - Sync 1 DAGs
[2026-05-04T01:00:10.692+0000] {logging_mixin.py:188} INFO - [2026-05-04T01:00:10.691+0000] {dag.py:3947} INFO - Setting next_dagrun for flights_ops_medallion_pipe to 2026-05-04 01:00:00+00:00, run_after=2026-05-04 01:30:00+00:00
[2026-05-04T01:00:10.718+0000] {processor.py:183} INFO - Processing /opt/airflow/dags/flight-pipeline.py took 1.100 seconds
[2026-05-04T01:00:40.892+0000] {processor.py:161} INFO - Started process (PID=16741) to work on /opt/airflow/dags/flight-pipeline.py
[2026-05-04T01:00:40.894+0000] {processor.py:830} INFO - Processing file /opt/airflow/dags/flight-pipeline.py for tasks to queue
[2026-05-04T01:00:40.895+0000] {logging_mixin.py:188} INFO - [2026-05-04T01:00:40.895+0000] {dagbag.py:545} INFO - Filling up the DagBag from /opt/airflow/dags/flight-pipeline.py
[2026-05-04T01:00:41.652+0000] {processor.py:840} INFO - DAG(s) 'flights_ops_medallion_pipe' retrieved from /opt/airflow/dags/flight-pipeline.py
[2026-05-04T01:00:41.685+0000] {logging_mixin.py:188} INFO - [2026-05-04T01:00:41.684+0000] {dag.py:3089} INFO - Sync 1 DAGs
[2026-05-04T01:00:41.719+0000] {logging_mixin.py:188} INFO - [2026-05-04T01:00:41.718+0000] {dag.py:3947} INFO - Setting next_dagrun for flights_ops_medallion_pipe to 2026-05-04 01:00:00+00:00, run_after=2026-05-04 01:30:00+00:00
[2026-05-04T01:00:41.744+0000] {processor.py:183} INFO - Processing /opt/airflow/dags/flight-pipeline.py took 0.861 seconds
[2026-05-04T01:01:12.043+0000] {processor.py:161} INFO - Started process (PID=16744) to work on /opt/airflow/dags/flight-pipeline.py
[2026-05-04T01:01:12.046+0000] {processor.py:830} INFO - Processing file /opt/airflow/dags/flight-pipeline.py for tasks to queue
[2026-05-04T01:01:12.047+0000] {logging_mixin.py:188} INFO - [2026-05-04T01:01:12.047+0000] {dagbag.py:545} INFO - Filling up the DagBag from /opt/airflow/dags/flight-pipeline.py
[2026-05-04T01:01:12.744+0000] {processor.py:840} INFO - DAG(s) 'flights_ops_medallion_pipe' retrieved from /opt/airflow/dags/flight-pipeline.py
[2026-05-04T01:01:12.797+0000] {logging_mixin.py:188} INFO - [2026-05-04T01:01:12.796+0000] {dag.py:3089} INFO - Sync 1 DAGs
[2026-05-04T01:01:12.853+0000] {logging_mixin.py:188} INFO - [2026-05-04T01:01:12.853+0000] {dag.py:3947} INFO - Setting next_dagrun for flights_ops_medallion_pipe to 2026-05-04 01:00:00+00:00, run_after=2026-05-04 01:30:00+00:00
[2026-05-04T01:01:12.879+0000] {processor.py:183} INFO - Processing /opt/airflow/dags/flight-pipeline.py took 0.847 seconds
[2026-05-04T01:01:43.176+0000] {processor.py:161} INFO - Started process (PID=16747) to work on /opt/airflow/dags/flight-pipeline.py
[2026-05-04T01:01:43.178+0000] {processor.py:830} INFO - Processing file /opt/airflow/dags/flight-pipeline.py for tasks to queue
[2026-05-04T01:01:43.181+0000] {logging_mixin.py:188} INFO - [2026-05-04T01:01:43.180+0000] {dagbag.py:545} INFO - Filling up the DagBag from /opt/airflow/dags/flight-pipeline.py
[2026-05-04T01:01:44.054+0000] {processor.py:840} INFO - DAG(s) 'flights_ops_medallion_pipe' retrieved from /opt/airflow/dags/flight-pipeline.py
[2026-05-04T01:01:44.095+0000] {logging_mixin.py:188} INFO - [2026-05-04T01:01:44.094+0000] {dag.py:3089} INFO - Sync 1 DAGs
[2026-05-04T01:01:44.136+0000] {logging_mixin.py:188} INFO - [2026-05-04T01:01:44.136+0000] {dag.py:3947} INFO - Setting next_dagrun for flights_ops_medallion_pipe to 2026-05-04 01:00:00+00:00, run_after=2026-05-04 01:30:00+00:00
[2026-05-04T01:01:44.160+0000] {processor.py:183} INFO - Processing /opt/airflow/dags/flight-pipeline.py took 0.995 seconds
[2026-05-04T01:31:49.745+0000] {processor.py:161} INFO - Started process (PID=16751) to work on /opt/airflow/dags/flight-pipeline.py
[2026-05-04T01:31:49.752+0000] {processor.py:830} INFO - Processing file /opt/airflow/dags/flight-pipeline.py for tasks to queue
[2026-05-04T01:31:49.763+0000] {logging_mixin.py:188} INFO - [2026-05-04T01:31:49.761+0000] {dagbag.py:545} INFO - Filling up the DagBag from /opt/airflow/dags/flight-pipeline.py
[2026-05-04T01:31:51.977+0000] {processor.py:840} INFO - DAG(s) 'flights_ops_medallion_pipe' retrieved from /opt/airflow/dags/flight-pipeline.py
[2026-05-04T01:31:52.085+0000] {logging_mixin.py:188} INFO - [2026-05-04T01:31:52.084+0000] {dag.py:3089} INFO - Sync 1 DAGs
[2026-05-04T01:31:52.155+0000] {logging_mixin.py:188} INFO - [2026-05-04T01:31:52.155+0000] {dag.py:3947} INFO - Setting next_dagrun for flights_ops_medallion_pipe to 2026-05-04 01:30:00+00:00, run_after=2026-05-04 02:00:00+00:00
[2026-05-04T01:31:52.208+0000] {processor.py:183} INFO - Processing /opt/airflow/dags/flight-pipeline.py took 2.763 seconds
[2026-05-04T01:32:23.303+0000] {processor.py:161} INFO - Started process (PID=16765) to work on /opt/airflow/dags/flight-pipeline.py
[2026-05-04T01:32:23.320+0000] {processor.py:830} INFO - Processing file /opt/airflow/dags/flight-pipeline.py for tasks to queue
[2026-05-04T01:32:23.338+0000] {logging_mixin.py:188} INFO - [2026-05-04T01:32:23.333+0000] {dagbag.py:545} INFO - Filling up the DagBag from /opt/airflow/dags/flight-pipeline.py
[2026-05-04T01:32:35.881+0000] {processor.py:840} INFO - DAG(s) 'flights_ops_medallion_pipe' retrieved from /opt/airflow/dags/flight-pipeline.py
[2026-05-04T01:32:36.442+0000] {logging_mixin.py:188} INFO - [2026-05-04T01:32:36.437+0000] {dag.py:3089} INFO - Sync 1 DAGs
[2026-05-04T01:32:36.878+0000] {logging_mixin.py:188} INFO - [2026-05-04T01:32:36.874+0000] {dag.py:3947} INFO - Setting next_dagrun for flights_ops_medallion_pipe to 2026-05-04 01:30:00+00:00, run_after=2026-05-04 02:00:00+00:00
[2026-05-04T01:32:37.181+0000] {processor.py:183} INFO - Processing /opt/airflow/dags/flight-pipeline.py took 14.001 seconds
[2026-05-04T01:33:07.383+0000] {processor.py:161} INFO - Started process (PID=16777) to work on /opt/airflow/dags/flight-pipeline.py
[2026-05-04T01:33:07.391+0000] {processor.py:830} INFO - Processing file /opt/airflow/dags/flight-pipeline.py for tasks to queue
[2026-05-04T01:33:07.396+0000] {logging_mixin.py:188} INFO - [2026-05-04T01:33:07.394+0000] {dagbag.py:545} INFO - Filling up the DagBag from /opt/airflow/dags/flight-pipeline.py
[2026-05-04T01:33:10.226+0000] {processor.py:840} INFO - DAG(s) 'flights_ops_medallion_pipe' retrieved from /opt/airflow/dags/flight-pipeline.py
[2026-05-04T01:33:10.329+0000] {logging_mixin.py:188} INFO - [2026-05-04T01:33:10.328+0000] {dag.py:3089} INFO - Sync 1 DAGs
[2026-05-04T01:33:10.412+0000] {logging_mixin.py:188} INFO - [2026-05-04T01:33:10.411+0000] {dag.py:3947} INFO - Setting next_dagrun for flights_ops_medallion_pipe to 2026-05-04 01:30:00+00:00, run_after=2026-05-04 02:00:00+00:00
[2026-05-04T01:33:10.470+0000] {processor.py:183} INFO - Processing /opt/airflow/dags/flight-pipeline.py took 3.122 seconds
[2026-05-04T01:33:40.633+0000] {processor.py:161} INFO - Started process (PID=16803) to work on /opt/airflow/dags/flight-pipeline.py
[2026-05-04T01:33:40.637+0000] {processor.py:830} INFO - Processing file /opt/airflow/dags/flight-pipeline.py for tasks to queue
[2026-05-04T01:33:40.640+0000] {logging_mixin.py:188} INFO - [2026-05-04T01:33:40.639+0000] {dagbag.py:545} INFO - Filling up the DagBag from /opt/airflow/dags/flight-pipeline.py
[2026-05-04T01:33:42.538+0000] {processor.py:840} INFO - DAG(s) 'flights_ops_medallion_pipe' retrieved from /opt/airflow/dags/flight-pipeline.py
[2026-05-04T01:33:42.829+0000] {logging_mixin.py:188} INFO - [2026-05-04T01:33:42.827+0000] {dag.py:3089} INFO - Sync 1 DAGs
[2026-05-04T01:33:42.918+0000] {logging_mixin.py:188} INFO - [2026-05-04T01:33:42.918+0000] {dag.py:3947} INFO - Setting next_dagrun for flights_ops_medallion_pipe to 2026-05-04 01:30:00+00:00, run_after=2026-05-04 02:00:00+00:00
[2026-05-04T01:33:42.980+0000] {processor.py:183} INFO - Processing /opt/airflow/dags/flight-pipeline.py took 2.366 seconds
[2026-05-04T01:34:13.288+0000] {processor.py:161} INFO - Started process (PID=16806) to work on /opt/airflow/dags/flight-pipeline.py
[2026-05-04T01:34:13.291+0000] {processor.py:830} INFO - Processing file /opt/airflow/dags/flight-pipeline.py for tasks to queue
[2026-05-04T01:34:13.294+0000] {logging_mixin.py:188} INFO - [2026-05-04T01:34:13.293+0000] {dagbag.py:545} INFO - Filling up the DagBag from /opt/airflow/dags/flight-pipeline.py
[2026-05-04T01:34:15.088+0000] {processor.py:840} INFO - DAG(s) 'flights_ops_medallion_pipe' retrieved from /opt/airflow/dags/flight-pipeline.py
[2026-05-04T01:34:15.162+0000] {logging_mixin.py:188} INFO - [2026-05-04T01:34:15.161+0000] {dag.py:3089} INFO - Sync 1 DAGs
[2026-05-04T01:34:15.222+0000] {logging_mixin.py:188} INFO - [2026-05-04T01:34:15.222+0000] {dag.py:3947} INFO - Setting next_dagrun for flights_ops_medallion_pipe to 2026-05-04 01:30:00+00:00, run_after=2026-05-04 02:00:00+00:00
[2026-05-04T01:34:15.267+0000] {processor.py:183} INFO - Processing /opt/airflow/dags/flight-pipeline.py took 2.000 seconds
[2026-05-04T01:34:45.537+0000] {processor.py:161} INFO - Started process (PID=16809) to work on /opt/airflow/dags/flight-pipeline.py
[2026-05-04T01:34:45.538+0000] {processor.py:830} INFO - Processing file /opt/airflow/dags/flight-pipeline.py for tasks to queue
[2026-05-04T01:34:45.540+0000] {logging_mixin.py:188} INFO - [2026-05-04T01:34:45.539+0000] {dagbag.py:545} INFO - Filling up the DagBag from /opt/airflow/dags/flight-pipeline.py
[2026-05-04T01:34:46.270+0000] {processor.py:840} INFO - DAG(s) 'flights_ops_medallion_pipe' retrieved from /opt/airflow/dags/flight-pipeline.py
[2026-05-04T01:34:46.307+0000] {logging_mixin.py:188} INFO - [2026-05-04T01:34:46.307+0000] {dag.py:3089} INFO - Sync 1 DAGs
[2026-05-04T01:34:46.337+0000] {logging_mixin.py:188} INFO - [2026-05-04T01:34:46.337+0000] {dag.py:3947} INFO - Setting next_dagrun for flights_ops_medallion_pipe to 2026-05-04 01:30:00+00:00, run_after=2026-05-04 02:00:00+00:00
[2026-05-04T01:34:46.357+0000] {processor.py:183} INFO - Processing /opt/airflow/dags/flight-pipeline.py took 0.829 seconds
[2026-05-04T01:35:16.602+0000] {processor.py:161} INFO - Started process (PID=16812) to work on /opt/airflow/dags/flight-pipeline.py
[2026-05-04T01:35:16.606+0000] {processor.py:830} INFO - Processing file /opt/airflow/dags/flight-pipeline.py for tasks to queue
[2026-05-04T01:35:16.608+0000] {logging_mixin.py:188} INFO - [2026-05-04T01:35:16.607+0000] {dagbag.py:545} INFO - Filling up the DagBag from /opt/airflow/dags/flight-pipeline.py
[2026-05-04T01:35:17.362+0000] {processor.py:840} INFO - DAG(s) 'flights_ops_medallion_pipe' retrieved from /opt/airflow/dags/flight-pipeline.py
[2026-05-04T01:35:17.400+0000] {logging_mixin.py:188} INFO - [2026-05-04T01:35:17.399+0000] {dag.py:3089} INFO - Sync 1 DAGs
[2026-05-04T01:35:17.424+0000] {logging_mixin.py:188} INFO - [2026-05-04T01:35:17.423+0000] {dag.py:3947} INFO - Setting next_dagrun for flights_ops_medallion_pipe to 2026-05-04 01:30:00+00:00, run_after=2026-05-04 02:00:00+00:00
[2026-05-04T01:35:17.444+0000] {processor.py:183} INFO - Processing /opt/airflow/dags/flight-pipeline.py took 0.851 seconds
[2026-05-04T01:35:47.719+0000] {processor.py:161} INFO - Started process (PID=16815) to work on /opt/airflow/dags/flight-pipeline.py
[2026-05-04T01:35:47.723+0000] {processor.py:830} INFO - Processing file /opt/airflow/dags/flight-pipeline.py for tasks to queue
[2026-05-04T01:35:47.724+0000] {logging_mixin.py:188} INFO - [2026-05-04T01:35:47.724+0000] {dagbag.py:545} INFO - Filling up the DagBag from /opt/airflow/dags/flight-pipeline.py
[2026-05-04T01:35:48.472+0000] {processor.py:840} INFO - DAG(s) 'flights_ops_medallion_pipe' retrieved from /opt/airflow/dags/flight-pipeline.py
[2026-05-04T01:35:48.509+0000] {logging_mixin.py:188} INFO - [2026-05-04T01:35:48.508+0000] {dag.py:3089} INFO - Sync 1 DAGs
[2026-05-04T01:35:48.536+0000] {logging_mixin.py:188} INFO - [2026-05-04T01:35:48.536+0000] {dag.py:3947} INFO - Setting next_dagrun for flights_ops_medallion_pipe to 2026-05-04 01:30:00+00:00, run_after=2026-05-04 02:00:00+00:00
[2026-05-04T01:35:48.557+0000] {processor.py:183} INFO - Processing /opt/airflow/dags/flight-pipeline.py took 0.848 seconds
[2026-05-04T01:36:18.821+0000] {processor.py:161} INFO - Started process (PID=16818) to work on /opt/airflow/dags/flight-pipeline.py
[2026-05-04T01:36:18.823+0000] {processor.py:830} INFO - Processing file /opt/airflow/dags/flight-pipeline.py for tasks to queue
[2026-05-04T01:36:18.824+0000] {logging_mixin.py:188} INFO - [2026-05-04T01:36:18.824+0000] {dagbag.py:545} INFO - Filling up the DagBag from /opt/airflow/dags/flight-pipeline.py
[2026-05-04T01:36:19.575+0000] {processor.py:840} INFO - DAG(s) 'flights_ops_medallion_pipe' retrieved from /opt/airflow/dags/flight-pipeline.py
[2026-05-04T01:36:19.610+0000] {logging_mixin.py:188} INFO - [2026-05-04T01:36:19.610+0000] {dag.py:3089} INFO - Sync 1 DAGs
[2026-05-04T01:36:19.637+0000] {logging_mixin.py:188} INFO - [2026-05-04T01:36:19.637+0000] {dag.py:3947} INFO - Setting next_dagrun for flights_ops_medallion_pipe to 2026-05-04 01:30:00+00:00, run_after=2026-05-04 02:00:00+00:00
[2026-05-04T01:36:19.659+0000] {processor.py:183} INFO - Processing /opt/airflow/dags/flight-pipeline.py took 0.848 seconds
[2026-05-04T01:36:49.941+0000] {processor.py:161} INFO - Started process (PID=16821) to work on /opt/airflow/dags/flight-pipeline.py
[2026-05-04T01:36:49.942+0000] {processor.py:830} INFO - Processing file /opt/airflow/dags/flight-pipeline.py for tasks to queue
[2026-05-04T01:36:49.944+0000] {logging_mixin.py:188} INFO - [2026-05-04T01:36:49.943+0000] {dagbag.py:545} INFO - Filling up the DagBag from /opt/airflow/dags/flight-pipeline.py
[2026-05-04T01:36:50.702+0000] {processor.py:840} INFO - DAG(s) 'flights_ops_medallion_pipe' retrieved from /opt/airflow/dags/flight-pipeline.py
[2026-05-04T01:36:50.739+0000] {logging_mixin.py:188} INFO - [2026-05-04T01:36:50.738+0000] {dag.py:3089} INFO - Sync 1 DAGs
[2026-05-04T01:36:50.767+0000] {logging_mixin.py:188} INFO - [2026-05-04T01:36:50.766+0000] {dag.py:3947} INFO - Setting next_dagrun for flights_ops_medallion_pipe to 2026-05-04 01:30:00+00:00, run_after=2026-05-04 02:00:00+00:00
[2026-05-04T01:36:50.793+0000] {processor.py:183} INFO - Processing /opt/airflow/dags/flight-pipeline.py took 0.862 seconds
[2026-05-04T01:37:21.041+0000] {processor.py:161} INFO - Started process (PID=16824) to work on /opt/airflow/dags/flight-pipeline.py
[2026-05-04T01:37:21.043+0000] {processor.py:830} INFO - Processing file /opt/airflow/dags/flight-pipeline.py for tasks to queue
[2026-05-04T01:37:21.044+0000] {logging_mixin.py:188} INFO - [2026-05-04T01:37:21.043+0000] {dagbag.py:545} INFO - Filling up the DagBag from /opt/airflow/dags/flight-pipeline.py
[2026-05-04T01:37:21.732+0000] {processor.py:840} INFO - DAG(s) 'flights_ops_medallion_pipe' retrieved from /opt/airflow/dags/flight-pipeline.py
[2026-05-04T01:37:21.771+0000] {logging_mixin.py:188} INFO - [2026-05-04T01:37:21.770+0000] {dag.py:3089} INFO - Sync 1 DAGs
[2026-05-04T01:37:21.799+0000] {logging_mixin.py:188} INFO - [2026-05-04T01:37:21.799+0000] {dag.py:3947} INFO - Setting next_dagrun for flights_ops_medallion_pipe to 2026-05-04 01:30:00+00:00, run_after=2026-05-04 02:00:00+00:00
[2026-05-04T01:37:21.820+0000] {processor.py:183} INFO - Processing /opt/airflow/dags/flight-pipeline.py took 0.788 seconds
[2026-05-04T01:37:52.072+0000] {processor.py:161} INFO - Started process (PID=16827) to work on /opt/airflow/dags/flight-pipeline.py
[2026-05-04T01:37:52.074+0000] {processor.py:830} INFO - Processing file /opt/airflow/dags/flight-pipeline.py for tasks to queue
[2026-05-04T01:37:52.075+0000] {logging_mixin.py:188} INFO - [2026-05-04T01:37:52.075+0000] {dagbag.py:545} INFO - Filling up the DagBag from /opt/airflow/dags/flight-pipeline.py
[2026-05-04T01:37:52.808+0000] {processor.py:840} INFO - DAG(s) 'flights_ops_medallion_pipe' retrieved from /opt/airflow/dags/flight-pipeline.py
[2026-05-04T01:37:52.846+0000] {logging_mixin.py:188} INFO - [2026-05-04T01:37:52.846+0000] {dag.py:3089} INFO - Sync 1 DAGs
[2026-05-04T01:37:52.871+0000] {logging_mixin.py:188} INFO - [2026-05-04T01:37:52.871+0000] {dag.py:3947} INFO - Setting next_dagrun for flights_ops_medallion_pipe to 2026-05-04 01:30:00+00:00, run_after=2026-05-04 02:00:00+00:00
[2026-05-04T01:37:52.890+0000] {processor.py:183} INFO - Processing /opt/airflow/dags/flight-pipeline.py took 0.827 seconds
[2026-05-04T01:38:23.054+0000] {processor.py:161} INFO - Started process (PID=16830) to work on /opt/airflow/dags/flight-pipeline.py
[2026-05-04T01:38:23.055+0000] {processor.py:830} INFO - Processing file /opt/airflow/dags/flight-pipeline.py for tasks to queue
[2026-05-04T01:38:23.057+0000] {logging_mixin.py:188} INFO - [2026-05-04T01:38:23.056+0000] {dagbag.py:545} INFO - Filling up the DagBag from /opt/airflow/dags/flight-pipeline.py
[2026-05-04T01:38:23.765+0000] {processor.py:840} INFO - DAG(s) 'flights_ops_medallion_pipe' retrieved from /opt/airflow/dags/flight-pipeline.py
[2026-05-04T01:38:23.803+0000] {logging_mixin.py:188} INFO - [2026-05-04T01:38:23.802+0000] {dag.py:3089} INFO - Sync 1 DAGs
[2026-05-04T01:38:23.829+0000] {logging_mixin.py:188} INFO - [2026-05-04T01:38:23.829+0000] {dag.py:3947} INFO - Setting next_dagrun for flights_ops_medallion_pipe to 2026-05-04 01:30:00+00:00, run_after=2026-05-04 02:00:00+00:00
[2026-05-04T01:38:23.850+0000] {processor.py:183} INFO - Processing /opt/airflow/dags/flight-pipeline.py took 0.808 seconds
[2026-05-04T01:38:54.112+0000] {processor.py:161} INFO - Started process (PID=16833) to work on /opt/airflow/dags/flight-pipeline.py
[2026-05-04T01:38:54.114+0000] {processor.py:830} INFO - Processing file /opt/airflow/dags/flight-pipeline.py for tasks to queue
[2026-05-04T01:38:54.115+0000] {logging_mixin.py:188} INFO - [2026-05-04T01:38:54.115+0000] {dagbag.py:545} INFO - Filling up the DagBag from /opt/airflow/dags/flight-pipeline.py
[2026-05-04T01:38:54.785+0000] {processor.py:840} INFO - DAG(s) 'flights_ops_medallion_pipe' retrieved from /opt/airflow/dags/flight-pipeline.py
[2026-05-04T01:38:54.819+0000] {logging_mixin.py:188} INFO - [2026-05-04T01:38:54.818+0000] {dag.py:3089} INFO - Sync 1 DAGs
[2026-05-04T01:38:54.844+0000] {logging_mixin.py:188} INFO - [2026-05-04T01:38:54.844+0000] {dag.py:3947} INFO - Setting next_dagrun for flights_ops_medallion_pipe to 2026-05-04 01:30:00+00:00, run_after=2026-05-04 02:00:00+00:00
[2026-05-04T01:38:54.869+0000] {processor.py:183} INFO - Processing /opt/airflow/dags/flight-pipeline.py took 0.767 seconds
[2026-05-04T01:39:25.122+0000] {processor.py:161} INFO - Started process (PID=16836) to work on /opt/airflow/dags/flight-pipeline.py
[2026-05-04T01:39:25.124+0000] {processor.py:830} INFO - Processing file /opt/airflow/dags/flight-pipeline.py for tasks to queue
[2026-05-04T01:39:25.125+0000] {logging_mixin.py:188} INFO - [2026-05-04T01:39:25.125+0000] {dagbag.py:545} INFO - Filling up the DagBag from /opt/airflow/dags/flight-pipeline.py
[2026-05-04T01:39:25.971+0000] {processor.py:840} INFO - DAG(s) 'flights_ops_medallion_pipe' retrieved from /opt/airflow/dags/flight-pipeline.py
[2026-05-04T01:39:26.004+0000] {logging_mixin.py:188} INFO - [2026-05-04T01:39:26.004+0000] {dag.py:3089} INFO - Sync 1 DAGs
[2026-05-04T01:39:26.028+0000] {logging_mixin.py:188} INFO - [2026-05-04T01:39:26.027+0000] {dag.py:3947} INFO - Setting next_dagrun for flights_ops_medallion_pipe to 2026-05-04 01:30:00+00:00, run_after=2026-05-04 02:00:00+00:00
[2026-05-04T01:39:26.047+0000] {processor.py:183} INFO - Processing /opt/airflow/dags/flight-pipeline.py took 0.933 seconds
[2026-05-04T01:39:56.293+0000] {processor.py:161} INFO - Started process (PID=16839) to work on /opt/airflow/dags/flight-pipeline.py
[2026-05-04T01:39:56.294+0000] {processor.py:830} INFO - Processing file /opt/airflow/dags/flight-pipeline.py for tasks to queue
[2026-05-04T01:39:56.296+0000] {logging_mixin.py:188} INFO - [2026-05-04T01:39:56.295+0000] {dagbag.py:545} INFO - Filling up the DagBag from /opt/airflow/dags/flight-pipeline.py
[2026-05-04T01:39:56.952+0000] {processor.py:840} INFO - DAG(s) 'flights_ops_medallion_pipe' retrieved from /opt/airflow/dags/flight-pipeline.py
[2026-05-04T01:39:56.985+0000] {logging_mixin.py:188} INFO - [2026-05-04T01:39:56.985+0000] {dag.py:3089} INFO - Sync 1 DAGs
[2026-05-04T01:39:57.009+0000] {logging_mixin.py:188} INFO - [2026-05-04T01:39:57.009+0000] {dag.py:3947} INFO - Setting next_dagrun for flights_ops_medallion_pipe to 2026-05-04 01:30:00+00:00, run_after=2026-05-04 02:00:00+00:00
[2026-05-04T01:39:57.031+0000] {processor.py:183} INFO - Processing /opt/airflow/dags/flight-pipeline.py took 0.748 seconds
[2026-05-04T01:40:27.272+0000] {processor.py:161} INFO - Started process (PID=16842) to work on /opt/airflow/dags/flight-pipeline.py
[2026-05-04T01:40:27.274+0000] {processor.py:830} INFO - Processing file /opt/airflow/dags/flight-pipeline.py for tasks to queue
[2026-05-04T01:40:27.276+0000] {logging_mixin.py:188} INFO - [2026-05-04T01:40:27.275+0000] {dagbag.py:545} INFO - Filling up the DagBag from /opt/airflow/dags/flight-pipeline.py
[2026-05-04T01:40:27.943+0000] {processor.py:840} INFO - DAG(s) 'flights_ops_medallion_pipe' retrieved from /opt/airflow/dags/flight-pipeline.py
[2026-05-04T01:40:27.977+0000] {logging_mixin.py:188} INFO - [2026-05-04T01:40:27.977+0000] {dag.py:3089} INFO - Sync 1 DAGs
[2026-05-04T01:40:28.004+0000] {logging_mixin.py:188} INFO - [2026-05-04T01:40:28.004+0000] {dag.py:3947} INFO - Setting next_dagrun for flights_ops_medallion_pipe to 2026-05-04 01:30:00+00:00, run_after=2026-05-04 02:00:00+00:00
[2026-05-04T01:40:28.023+0000] {processor.py:183} INFO - Processing /opt/airflow/dags/flight-pipeline.py took 0.761 seconds
[2026-05-04T01:40:58.239+0000] {processor.py:161} INFO - Started process (PID=16845) to work on /opt/airflow/dags/flight-pipeline.py
[2026-05-04T01:40:58.241+0000] {processor.py:830} INFO - Processing file /opt/airflow/dags/flight-pipeline.py for tasks to queue
[2026-05-04T01:40:58.242+0000] {logging_mixin.py:188} INFO - [2026-05-04T01:40:58.242+0000] {dagbag.py:545} INFO - Filling up the DagBag from /opt/airflow/dags/flight-pipeline.py
[2026-05-04T01:40:58.897+0000] {processor.py:840} INFO - DAG(s) 'flights_ops_medallion_pipe' retrieved from /opt/airflow/dags/flight-pipeline.py
[2026-05-04T01:40:58.932+0000] {logging_mixin.py:188} INFO - [2026-05-04T01:40:58.932+0000] {dag.py:3089} INFO - Sync 1 DAGs
[2026-05-04T01:40:58.955+0000] {logging_mixin.py:188} INFO - [2026-05-04T01:40:58.955+0000] {dag.py:3947} INFO - Setting next_dagrun for flights_ops_medallion_pipe to 2026-05-04 01:30:00+00:00, run_after=2026-05-04 02:00:00+00:00
[2026-05-04T01:40:58.974+0000] {processor.py:183} INFO - Processing /opt/airflow/dags/flight-pipeline.py took 0.743 seconds
[2026-05-04T01:41:29.208+0000] {processor.py:161} INFO - Started process (PID=16848) to work on /opt/airflow/dags/flight-pipeline.py
[2026-05-04T01:41:29.210+0000] {processor.py:830} INFO - Processing file /opt/airflow/dags/flight-pipeline.py for tasks to queue
[2026-05-04T01:41:29.211+0000] {logging_mixin.py:188} INFO - [2026-05-04T01:41:29.211+0000] {dagbag.py:545} INFO - Filling up the DagBag from /opt/airflow/dags/flight-pipeline.py
[2026-05-04T01:41:29.981+0000] {processor.py:840} INFO - DAG(s) 'flights_ops_medallion_pipe' retrieved from /opt/airflow/dags/flight-pipeline.py
[2026-05-04T01:41:30.028+0000] {logging_mixin.py:188} INFO - [2026-05-04T01:41:30.028+0000] {dag.py:3089} INFO - Sync 1 DAGs
[2026-05-04T01:41:30.075+0000] {logging_mixin.py:188} INFO - [2026-05-04T01:41:30.075+0000] {dag.py:3947} INFO - Setting next_dagrun for flights_ops_medallion_pipe to 2026-05-04 01:30:00+00:00, run_after=2026-05-04 02:00:00+00:00
[2026-05-04T01:41:30.098+0000] {processor.py:183} INFO - Processing /opt/airflow/dags/flight-pipeline.py took 0.899 seconds
[2026-05-04T01:42:00.386+0000] {processor.py:161} INFO - Started process (PID=16851) to work on /opt/airflow/dags/flight-pipeline.py
[2026-05-04T01:42:00.389+0000] {processor.py:830} INFO - Processing file /opt/airflow/dags/flight-pipeline.py for tasks to queue
[2026-05-04T01:42:00.390+0000] {logging_mixin.py:188} INFO - [2026-05-04T01:42:00.389+0000] {dagbag.py:545} INFO - Filling up the DagBag from /opt/airflow/dags/flight-pipeline.py
[2026-05-04T01:42:01.046+0000] {processor.py:840} INFO - DAG(s) 'flights_ops_medallion_pipe' retrieved from /opt/airflow/dags/flight-pipeline.py
[2026-05-04T01:42:01.079+0000] {logging_mixin.py:188} INFO - [2026-05-04T01:42:01.079+0000] {dag.py:3089} INFO - Sync 1 DAGs
[2026-05-04T01:42:01.103+0000] {logging_mixin.py:188} INFO - [2026-05-04T01:42:01.102+0000] {dag.py:3947} INFO - Setting next_dagrun for flights_ops_medallion_pipe to 2026-05-04 01:30:00+00:00, run_after=2026-05-04 02:00:00+00:00
[2026-05-04T01:42:01.124+0000] {processor.py:183} INFO - Processing /opt/airflow/dags/flight-pipeline.py took 0.747 seconds
[2026-05-04T01:42:31.366+0000] {processor.py:161} INFO - Started process (PID=16854) to work on /opt/airflow/dags/flight-pipeline.py
[2026-05-04T01:42:31.368+0000] {processor.py:830} INFO - Processing file /opt/airflow/dags/flight-pipeline.py for tasks to queue
[2026-05-04T01:42:31.369+0000] {logging_mixin.py:188} INFO - [2026-05-04T01:42:31.369+0000] {dagbag.py:545} INFO - Filling up the DagBag from /opt/airflow/dags/flight-pipeline.py
[2026-05-04T01:42:32.030+0000] {processor.py:840} INFO - DAG(s) 'flights_ops_medallion_pipe' retrieved from /opt/airflow/dags/flight-pipeline.py
[2026-05-04T01:42:32.071+0000] {logging_mixin.py:188} INFO - [2026-05-04T01:42:32.070+0000] {dag.py:3089} INFO - Sync 1 DAGs
[2026-05-04T01:42:32.100+0000] {logging_mixin.py:188} INFO - [2026-05-04T01:42:32.099+0000] {dag.py:3947} INFO - Setting next_dagrun for flights_ops_medallion_pipe to 2026-05-04 01:30:00+00:00, run_after=2026-05-04 02:00:00+00:00
[2026-05-04T01:42:32.119+0000] {processor.py:183} INFO - Processing /opt/airflow/dags/flight-pipeline.py took 0.761 seconds
[2026-05-04T01:43:02.356+0000] {processor.py:161} INFO - Started process (PID=16857) to work on /opt/airflow/dags/flight-pipeline.py
[2026-05-04T01:43:02.358+0000] {processor.py:830} INFO - Processing file /opt/airflow/dags/flight-pipeline.py for tasks to queue
[2026-05-04T01:43:02.359+0000] {logging_mixin.py:188} INFO - [2026-05-04T01:43:02.359+0000] {dagbag.py:545} INFO - Filling up the DagBag from /opt/airflow/dags/flight-pipeline.py
[2026-05-04T01:43:03.049+0000] {processor.py:840} INFO - DAG(s) 'flights_ops_medallion_pipe' retrieved from /opt/airflow/dags/flight-pipeline.py
[2026-05-04T01:43:03.085+0000] {logging_mixin.py:188} INFO - [2026-05-04T01:43:03.084+0000] {dag.py:3089} INFO - Sync 1 DAGs
[2026-05-04T01:43:03.108+0000] {logging_mixin.py:188} INFO - [2026-05-04T01:43:03.108+0000] {dag.py:3947} INFO - Setting next_dagrun for flights_ops_medallion_pipe to 2026-05-04 01:30:00+00:00, run_after=2026-05-04 02:00:00+00:00
[2026-05-04T01:43:03.134+0000] {processor.py:183} INFO - Processing /opt/airflow/dags/flight-pipeline.py took 0.788 seconds
[2026-05-04T01:43:33.370+0000] {processor.py:161} INFO - Started process (PID=16860) to work on /opt/airflow/dags/flight-pipeline.py
[2026-05-04T01:43:33.371+0000] {processor.py:830} INFO - Processing file /opt/airflow/dags/flight-pipeline.py for tasks to queue
[2026-05-04T01:43:33.373+0000] {logging_mixin.py:188} INFO - [2026-05-04T01:43:33.372+0000] {dagbag.py:545} INFO - Filling up the DagBag from /opt/airflow/dags/flight-pipeline.py
[2026-05-04T01:43:34.053+0000] {processor.py:840} INFO - DAG(s) 'flights_ops_medallion_pipe' retrieved from /opt/airflow/dags/flight-pipeline.py
[2026-05-04T01:43:34.089+0000] {logging_mixin.py:188} INFO - [2026-05-04T01:43:34.088+0000] {dag.py:3089} INFO - Sync 1 DAGs
[2026-05-04T01:43:34.116+0000] {logging_mixin.py:188} INFO - [2026-05-04T01:43:34.116+0000] {dag.py:3947} INFO - Setting next_dagrun for flights_ops_medallion_pipe to 2026-05-04 01:30:00+00:00, run_after=2026-05-04 02:00:00+00:00
[2026-05-04T01:43:34.137+0000] {processor.py:183} INFO - Processing /opt/airflow/dags/flight-pipeline.py took 0.777 seconds
[2026-05-04T01:44:04.416+0000] {processor.py:161} INFO - Started process (PID=16863) to work on /opt/airflow/dags/flight-pipeline.py
[2026-05-04T01:44:04.417+0000] {processor.py:830} INFO - Processing file /opt/airflow/dags/flight-pipeline.py for tasks to queue
[2026-05-04T01:44:04.419+0000] {logging_mixin.py:188} INFO - [2026-05-04T01:44:04.419+0000] {dagbag.py:545} INFO - Filling up the DagBag from /opt/airflow/dags/flight-pipeline.py
[2026-05-04T01:44:05.096+0000] {processor.py:840} INFO - DAG(s) 'flights_ops_medallion_pipe' retrieved from /opt/airflow/dags/flight-pipeline.py
[2026-05-04T01:44:05.131+0000] {logging_mixin.py:188} INFO - [2026-05-04T01:44:05.131+0000] {dag.py:3089} INFO - Sync 1 DAGs
[2026-05-04T01:44:05.157+0000] {logging_mixin.py:188} INFO - [2026-05-04T01:44:05.156+0000] {dag.py:3947} INFO - Setting next_dagrun for flights_ops_medallion_pipe to 2026-05-04 01:30:00+00:00, run_after=2026-05-04 02:00:00+00:00
[2026-05-04T01:44:05.176+0000] {processor.py:183} INFO - Processing /opt/airflow/dags/flight-pipeline.py took 0.769 seconds
[2026-05-04T01:44:35.437+0000] {processor.py:161} INFO - Started process (PID=16866) to work on /opt/airflow/dags/flight-pipeline.py
[2026-05-04T01:44:35.438+0000] {processor.py:830} INFO - Processing file /opt/airflow/dags/flight-pipeline.py for tasks to queue
[2026-05-04T01:44:35.440+0000] {logging_mixin.py:188} INFO - [2026-05-04T01:44:35.440+0000] {dagbag.py:545} INFO - Filling up the DagBag from /opt/airflow/dags/flight-pipeline.py
[2026-05-04T01:44:36.208+0000] {processor.py:840} INFO - DAG(s) 'flights_ops_medallion_pipe' retrieved from /opt/airflow/dags/flight-pipeline.py
[2026-05-04T01:44:36.246+0000] {logging_mixin.py:188} INFO - [2026-05-04T01:44:36.245+0000] {dag.py:3089} INFO - Sync 1 DAGs
[2026-05-04T01:44:36.273+0000] {logging_mixin.py:188} INFO - [2026-05-04T01:44:36.272+0000] {dag.py:3947} INFO - Setting next_dagrun for flights_ops_medallion_pipe to 2026-05-04 01:30:00+00:00, run_after=2026-05-04 02:00:00+00:00
[2026-05-04T01:44:36.293+0000] {processor.py:183} INFO - Processing /opt/airflow/dags/flight-pipeline.py took 0.868 seconds
[2026-05-04T01:50:01.128+0000] {processor.py:161} INFO - Started process (PID=16869) to work on /opt/airflow/dags/flight-pipeline.py
[2026-05-04T01:50:01.144+0000] {processor.py:830} INFO - Processing file /opt/airflow/dags/flight-pipeline.py for tasks to queue
[2026-05-04T01:50:01.153+0000] {logging_mixin.py:188} INFO - [2026-05-04T01:50:01.153+0000] {dagbag.py:545} INFO - Filling up the DagBag from /opt/airflow/dags/flight-pipeline.py
[2026-05-04T01:50:03.515+0000] {processor.py:840} INFO - DAG(s) 'flights_ops_medallion_pipe' retrieved from /opt/airflow/dags/flight-pipeline.py
[2026-05-04T01:50:03.688+0000] {logging_mixin.py:188} INFO - [2026-05-04T01:50:03.687+0000] {dag.py:3089} INFO - Sync 1 DAGs
[2026-05-04T01:50:03.780+0000] {logging_mixin.py:188} INFO - [2026-05-04T01:50:03.779+0000] {dag.py:3947} INFO - Setting next_dagrun for flights_ops_medallion_pipe to 2026-05-04 01:30:00+00:00, run_after=2026-05-04 02:00:00+00:00
[2026-05-04T01:50:03.873+0000] {processor.py:183} INFO - Processing /opt/airflow/dags/flight-pipeline.py took 2.784 seconds
[2026-05-04T01:50:34.922+0000] {processor.py:161} INFO - Started process (PID=16872) to work on /opt/airflow/dags/flight-pipeline.py
[2026-05-04T01:50:34.956+0000] {processor.py:830} INFO - Processing file /opt/airflow/dags/flight-pipeline.py for tasks to queue
[2026-05-04T01:50:34.979+0000] {logging_mixin.py:188} INFO - [2026-05-04T01:50:34.971+0000] {dagbag.py:545} INFO - Filling up the DagBag from /opt/airflow/dags/flight-pipeline.py
[2026-05-04T01:50:48.322+0000] {processor.py:840} INFO - DAG(s) 'flights_ops_medallion_pipe' retrieved from /opt/airflow/dags/flight-pipeline.py
[2026-05-04T01:50:48.974+0000] {logging_mixin.py:188} INFO - [2026-05-04T01:50:48.970+0000] {dag.py:3089} INFO - Sync 1 DAGs
[2026-05-04T01:50:49.394+0000] {logging_mixin.py:188} INFO - [2026-05-04T01:50:49.391+0000] {dag.py:3947} INFO - Setting next_dagrun for flights_ops_medallion_pipe to 2026-05-04 01:30:00+00:00, run_after=2026-05-04 02:00:00+00:00
[2026-05-04T01:50:49.630+0000] {processor.py:183} INFO - Processing /opt/airflow/dags/flight-pipeline.py took 14.876 seconds
[2026-05-04T02:07:06.004+0000] {processor.py:161} INFO - Started process (PID=16876) to work on /opt/airflow/dags/flight-pipeline.py
[2026-05-04T02:07:06.008+0000] {processor.py:830} INFO - Processing file /opt/airflow/dags/flight-pipeline.py for tasks to queue
[2026-05-04T02:07:06.011+0000] {logging_mixin.py:188} INFO - [2026-05-04T02:07:06.010+0000] {dagbag.py:545} INFO - Filling up the DagBag from /opt/airflow/dags/flight-pipeline.py
[2026-05-04T02:07:06.994+0000] {processor.py:840} INFO - DAG(s) 'flights_ops_medallion_pipe' retrieved from /opt/airflow/dags/flight-pipeline.py
[2026-05-04T02:07:07.040+0000] {logging_mixin.py:188} INFO - [2026-05-04T02:07:07.040+0000] {dag.py:3089} INFO - Sync 1 DAGs
[2026-05-04T02:07:07.071+0000] {logging_mixin.py:188} INFO - [2026-05-04T02:07:07.070+0000] {dag.py:3947} INFO - Setting next_dagrun for flights_ops_medallion_pipe to 2026-05-04 02:00:00+00:00, run_after=2026-05-04 02:30:00+00:00
[2026-05-04T02:07:07.096+0000] {processor.py:183} INFO - Processing /opt/airflow/dags/flight-pipeline.py took 1.114 seconds
[2026-05-04T02:07:37.368+0000] {processor.py:161} INFO - Started process (PID=16900) to work on /opt/airflow/dags/flight-pipeline.py
[2026-05-04T02:07:37.388+0000] {processor.py:830} INFO - Processing file /opt/airflow/dags/flight-pipeline.py for tasks to queue
[2026-05-04T02:07:37.401+0000] {logging_mixin.py:188} INFO - [2026-05-04T02:07:37.397+0000] {dagbag.py:545} INFO - Filling up the DagBag from /opt/airflow/dags/flight-pipeline.py
[2026-05-04T02:07:53.176+0000] {processor.py:840} INFO - DAG(s) 'flights_ops_medallion_pipe' retrieved from /opt/airflow/dags/flight-pipeline.py
[2026-05-04T02:07:53.661+0000] {logging_mixin.py:188} INFO - [2026-05-04T02:07:53.656+0000] {dag.py:3089} INFO - Sync 1 DAGs
[2026-05-04T02:07:54.037+0000] {logging_mixin.py:188} INFO - [2026-05-04T02:07:54.035+0000] {dag.py:3947} INFO - Setting next_dagrun for flights_ops_medallion_pipe to 2026-05-04 02:00:00+00:00, run_after=2026-05-04 02:30:00+00:00
[2026-05-04T02:07:54.297+0000] {processor.py:183} INFO - Processing /opt/airflow/dags/flight-pipeline.py took 17.047 seconds
[2026-05-04T02:24:14.630+0000] {processor.py:161} INFO - Started process (PID=16907) to work on /opt/airflow/dags/flight-pipeline.py
[2026-05-04T02:24:14.642+0000] {processor.py:830} INFO - Processing file /opt/airflow/dags/flight-pipeline.py for tasks to queue
[2026-05-04T02:24:14.657+0000] {logging_mixin.py:188} INFO - [2026-05-04T02:24:14.656+0000] {dagbag.py:545} INFO - Filling up the DagBag from /opt/airflow/dags/flight-pipeline.py
[2026-05-04T02:24:16.086+0000] {processor.py:840} INFO - DAG(s) 'flights_ops_medallion_pipe' retrieved from /opt/airflow/dags/flight-pipeline.py
[2026-05-04T02:24:16.210+0000] {logging_mixin.py:188} INFO - [2026-05-04T02:24:16.209+0000] {dag.py:3089} INFO - Sync 1 DAGs
[2026-05-04T02:24:16.426+0000] {logging_mixin.py:188} INFO - [2026-05-04T02:24:16.425+0000] {dag.py:3947} INFO - Setting next_dagrun for flights_ops_medallion_pipe to 2026-05-04 02:00:00+00:00, run_after=2026-05-04 02:30:00+00:00
[2026-05-04T02:24:16.498+0000] {processor.py:183} INFO - Processing /opt/airflow/dags/flight-pipeline.py took 1.931 seconds
[2026-05-04T02:24:47.776+0000] {processor.py:161} INFO - Started process (PID=16921) to work on /opt/airflow/dags/flight-pipeline.py
[2026-05-04T02:24:47.805+0000] {processor.py:830} INFO - Processing file /opt/airflow/dags/flight-pipeline.py for tasks to queue
[2026-05-04T02:24:47.830+0000] {logging_mixin.py:188} INFO - [2026-05-04T02:24:47.821+0000] {dagbag.py:545} INFO - Filling up the DagBag from /opt/airflow/dags/flight-pipeline.py
[2026-05-04T02:25:02.609+0000] {processor.py:840} INFO - DAG(s) 'flights_ops_medallion_pipe' retrieved from /opt/airflow/dags/flight-pipeline.py
[2026-05-04T02:25:03.260+0000] {logging_mixin.py:188} INFO - [2026-05-04T02:25:03.252+0000] {dag.py:3089} INFO - Sync 1 DAGs
[2026-05-04T02:25:03.755+0000] {logging_mixin.py:188} INFO - [2026-05-04T02:25:03.752+0000] {dag.py:3947} INFO - Setting next_dagrun for flights_ops_medallion_pipe to 2026-05-04 02:00:00+00:00, run_after=2026-05-04 02:30:00+00:00
[2026-05-04T02:25:04.051+0000] {processor.py:183} INFO - Processing /opt/airflow/dags/flight-pipeline.py took 16.568 seconds
[2026-05-04T02:40:32.820+0000] {processor.py:161} INFO - Started process (PID=16926) to work on /opt/airflow/dags/flight-pipeline.py
[2026-05-04T02:40:32.825+0000] {processor.py:830} INFO - Processing file /opt/airflow/dags/flight-pipeline.py for tasks to queue
[2026-05-04T02:40:32.828+0000] {logging_mixin.py:188} INFO - [2026-05-04T02:40:32.827+0000] {dagbag.py:545} INFO - Filling up the DagBag from /opt/airflow/dags/flight-pipeline.py
[2026-05-04T02:40:34.874+0000] {processor.py:840} INFO - DAG(s) 'flights_ops_medallion_pipe' retrieved from /opt/airflow/dags/flight-pipeline.py
[2026-05-04T02:40:34.952+0000] {logging_mixin.py:188} INFO - [2026-05-04T02:40:34.951+0000] {dag.py:3089} INFO - Sync 1 DAGs
[2026-05-04T02:40:35.011+0000] {logging_mixin.py:188} INFO - [2026-05-04T02:40:35.011+0000] {dag.py:3947} INFO - Setting next_dagrun for flights_ops_medallion_pipe to 2026-05-04 02:00:00+00:00, run_after=2026-05-04 02:30:00+00:00
[2026-05-04T02:40:35.051+0000] {processor.py:183} INFO - Processing /opt/airflow/dags/flight-pipeline.py took 2.282 seconds
[2026-05-04T02:41:05.422+0000] {processor.py:161} INFO - Started process (PID=16939) to work on /opt/airflow/dags/flight-pipeline.py
[2026-05-04T02:41:05.450+0000] {processor.py:830} INFO - Processing file /opt/airflow/dags/flight-pipeline.py for tasks to queue
[2026-05-04T02:41:05.473+0000] {logging_mixin.py:188} INFO - [2026-05-04T02:41:05.466+0000] {dagbag.py:545} INFO - Filling up the DagBag from /opt/airflow/dags/flight-pipeline.py
[2026-05-04T02:41:17.755+0000] {processor.py:840} INFO - DAG(s) 'flights_ops_medallion_pipe' retrieved from /opt/airflow/dags/flight-pipeline.py
[2026-05-04T02:41:18.242+0000] {logging_mixin.py:188} INFO - [2026-05-04T02:41:18.233+0000] {dag.py:3089} INFO - Sync 1 DAGs
[2026-05-04T02:41:18.651+0000] {logging_mixin.py:188} INFO - [2026-05-04T02:41:18.644+0000] {dag.py:3947} INFO - Setting next_dagrun for flights_ops_medallion_pipe to 2026-05-04 02:00:00+00:00, run_after=2026-05-04 02:30:00+00:00
[2026-05-04T02:41:19.087+0000] {processor.py:183} INFO - Processing /opt/airflow/dags/flight-pipeline.py took 13.765 seconds
[2026-05-04T02:51:02.678+0000] {processor.py:161} INFO - Started process (PID=16942) to work on /opt/airflow/dags/flight-pipeline.py
[2026-05-04T02:51:02.684+0000] {processor.py:830} INFO - Processing file /opt/airflow/dags/flight-pipeline.py for tasks to queue
[2026-05-04T02:51:02.692+0000] {logging_mixin.py:188} INFO - [2026-05-04T02:51:02.691+0000] {dagbag.py:545} INFO - Filling up the DagBag from /opt/airflow/dags/flight-pipeline.py
[2026-05-04T02:51:03.736+0000] {processor.py:840} INFO - DAG(s) 'flights_ops_medallion_pipe' retrieved from /opt/airflow/dags/flight-pipeline.py
[2026-05-04T02:51:03.797+0000] {logging_mixin.py:188} INFO - [2026-05-04T02:51:03.797+0000] {dag.py:3089} INFO - Sync 1 DAGs
[2026-05-04T02:51:03.846+0000] {logging_mixin.py:188} INFO - [2026-05-04T02:51:03.845+0000] {dag.py:3947} INFO - Setting next_dagrun for flights_ops_medallion_pipe to 2026-05-04 02:00:00+00:00, run_after=2026-05-04 02:30:00+00:00
[2026-05-04T02:51:03.876+0000] {processor.py:183} INFO - Processing /opt/airflow/dags/flight-pipeline.py took 1.232 seconds
[2026-05-04T02:51:34.620+0000] {processor.py:161} INFO - Started process (PID=16945) to work on /opt/airflow/dags/flight-pipeline.py
[2026-05-04T02:51:34.640+0000] {processor.py:830} INFO - Processing file /opt/airflow/dags/flight-pipeline.py for tasks to queue
[2026-05-04T02:51:34.653+0000] {logging_mixin.py:188} INFO - [2026-05-04T02:51:34.650+0000] {dagbag.py:545} INFO - Filling up the DagBag from /opt/airflow/dags/flight-pipeline.py
[2026-05-04T02:51:44.862+0000] {processor.py:840} INFO - DAG(s) 'flights_ops_medallion_pipe' retrieved from /opt/airflow/dags/flight-pipeline.py
[2026-05-04T02:51:45.302+0000] {logging_mixin.py:188} INFO - [2026-05-04T02:51:45.297+0000] {dag.py:3089} INFO - Sync 1 DAGs
[2026-05-04T02:51:45.837+0000] {logging_mixin.py:188} INFO - [2026-05-04T02:51:45.834+0000] {dag.py:3947} INFO - Setting next_dagrun for flights_ops_medallion_pipe to 2026-05-04 02:30:00+00:00, run_after=2026-05-04 03:00:00+00:00
[2026-05-04T02:51:46.070+0000] {processor.py:183} INFO - Processing /opt/airflow/dags/flight-pipeline.py took 11.557 seconds
[2026-05-04T03:07:02.536+0000] {processor.py:161} INFO - Started process (PID=16949) to work on /opt/airflow/dags/flight-pipeline.py
[2026-05-04T03:07:02.550+0000] {processor.py:830} INFO - Processing file /opt/airflow/dags/flight-pipeline.py for tasks to queue
[2026-05-04T03:07:02.552+0000] {logging_mixin.py:188} INFO - [2026-05-04T03:07:02.551+0000] {dagbag.py:545} INFO - Filling up the DagBag from /opt/airflow/dags/flight-pipeline.py
[2026-05-04T03:07:03.830+0000] {processor.py:840} INFO - DAG(s) 'flights_ops_medallion_pipe' retrieved from /opt/airflow/dags/flight-pipeline.py
[2026-05-04T03:07:03.874+0000] {logging_mixin.py:188} INFO - [2026-05-04T03:07:03.874+0000] {dag.py:3089} INFO - Sync 1 DAGs
[2026-05-04T03:07:03.910+0000] {logging_mixin.py:188} INFO - [2026-05-04T03:07:03.909+0000] {dag.py:3947} INFO - Setting next_dagrun for flights_ops_medallion_pipe to 2026-05-04 02:30:00+00:00, run_after=2026-05-04 03:00:00+00:00
[2026-05-04T03:07:03.929+0000] {processor.py:183} INFO - Processing /opt/airflow/dags/flight-pipeline.py took 1.436 seconds
[2026-05-04T03:07:35.002+0000] {processor.py:161} INFO - Started process (PID=16975) to work on /opt/airflow/dags/flight-pipeline.py
[2026-05-04T03:07:35.022+0000] {processor.py:830} INFO - Processing file /opt/airflow/dags/flight-pipeline.py for tasks to queue
[2026-05-04T03:07:35.034+0000] {logging_mixin.py:188} INFO - [2026-05-04T03:07:35.029+0000] {dagbag.py:545} INFO - Filling up the DagBag from /opt/airflow/dags/flight-pipeline.py
[2026-05-04T03:07:47.163+0000] {processor.py:840} INFO - DAG(s) 'flights_ops_medallion_pipe' retrieved from /opt/airflow/dags/flight-pipeline.py
[2026-05-04T03:07:47.630+0000] {logging_mixin.py:188} INFO - [2026-05-04T03:07:47.625+0000] {dag.py:3089} INFO - Sync 1 DAGs
[2026-05-04T03:07:47.946+0000] {logging_mixin.py:188} INFO - [2026-05-04T03:07:47.943+0000] {dag.py:3947} INFO - Setting next_dagrun for flights_ops_medallion_pipe to 2026-05-04 03:00:00+00:00, run_after=2026-05-04 03:30:00+00:00
[2026-05-04T03:07:48.164+0000] {processor.py:183} INFO - Processing /opt/airflow/dags/flight-pipeline.py took 13.279 seconds
[2026-05-04T03:25:13.405+0000] {processor.py:161} INFO - Started process (PID=16980) to work on /opt/airflow/dags/flight-pipeline.py
[2026-05-04T03:25:13.409+0000] {processor.py:830} INFO - Processing file /opt/airflow/dags/flight-pipeline.py for tasks to queue
[2026-05-04T03:25:13.418+0000] {logging_mixin.py:188} INFO - [2026-05-04T03:25:13.417+0000] {dagbag.py:545} INFO - Filling up the DagBag from /opt/airflow/dags/flight-pipeline.py
[2026-05-04T03:25:15.213+0000] {processor.py:840} INFO - DAG(s) 'flights_ops_medallion_pipe' retrieved from /opt/airflow/dags/flight-pipeline.py
[2026-05-04T03:25:15.278+0000] {logging_mixin.py:188} INFO - [2026-05-04T03:25:15.277+0000] {dag.py:3089} INFO - Sync 1 DAGs
[2026-05-04T03:25:15.339+0000] {logging_mixin.py:188} INFO - [2026-05-04T03:25:15.338+0000] {dag.py:3947} INFO - Setting next_dagrun for flights_ops_medallion_pipe to 2026-05-04 03:00:00+00:00, run_after=2026-05-04 03:30:00+00:00
[2026-05-04T03:25:15.391+0000] {processor.py:183} INFO - Processing /opt/airflow/dags/flight-pipeline.py took 2.001 seconds
[2026-05-04T03:25:49.453+0000] {processor.py:161} INFO - Started process (PID=16993) to work on /opt/airflow/dags/flight-pipeline.py
[2026-05-04T03:25:49.550+0000] {processor.py:830} INFO - Processing file /opt/airflow/dags/flight-pipeline.py for tasks to queue
[2026-05-04T03:25:49.658+0000] {logging_mixin.py:188} INFO - [2026-05-04T03:25:49.597+0000] {dagbag.py:545} INFO - Filling up the DagBag from /opt/airflow/dags/flight-pipeline.py
[2026-05-04T03:26:09.382+0000] {processor.py:840} INFO - DAG(s) 'flights_ops_medallion_pipe' retrieved from /opt/airflow/dags/flight-pipeline.py
[2026-05-04T03:26:10.088+0000] {logging_mixin.py:188} INFO - [2026-05-04T03:26:10.081+0000] {dag.py:3089} INFO - Sync 1 DAGs
[2026-05-04T03:26:10.649+0000] {logging_mixin.py:188} INFO - [2026-05-04T03:26:10.642+0000] {dag.py:3947} INFO - Setting next_dagrun for flights_ops_medallion_pipe to 2026-05-04 03:00:00+00:00, run_after=2026-05-04 03:30:00+00:00
[2026-05-04T03:26:10.950+0000] {processor.py:183} INFO - Processing /opt/airflow/dags/flight-pipeline.py took 22.918 seconds
[2026-05-04T03:43:51.210+0000] {processor.py:161} INFO - Started process (PID=16998) to work on /opt/airflow/dags/flight-pipeline.py
[2026-05-04T03:43:51.214+0000] {processor.py:830} INFO - Processing file /opt/airflow/dags/flight-pipeline.py for tasks to queue
[2026-05-04T03:43:51.226+0000] {logging_mixin.py:188} INFO - [2026-05-04T03:43:51.225+0000] {dagbag.py:545} INFO - Filling up the DagBag from /opt/airflow/dags/flight-pipeline.py
[2026-05-04T03:43:53.258+0000] {processor.py:840} INFO - DAG(s) 'flights_ops_medallion_pipe' retrieved from /opt/airflow/dags/flight-pipeline.py
[2026-05-04T03:43:53.368+0000] {logging_mixin.py:188} INFO - [2026-05-04T03:43:53.366+0000] {dag.py:3089} INFO - Sync 1 DAGs
[2026-05-04T03:43:53.431+0000] {logging_mixin.py:188} INFO - [2026-05-04T03:43:53.430+0000] {dag.py:3947} INFO - Setting next_dagrun for flights_ops_medallion_pipe to 2026-05-04 03:00:00+00:00, run_after=2026-05-04 03:30:00+00:00
[2026-05-04T03:43:53.473+0000] {processor.py:183} INFO - Processing /opt/airflow/dags/flight-pipeline.py took 2.283 seconds
[2026-05-04T03:44:23.966+0000] {processor.py:161} INFO - Started process (PID=17012) to work on /opt/airflow/dags/flight-pipeline.py
[2026-05-04T03:44:23.992+0000] {processor.py:830} INFO - Processing file /opt/airflow/dags/flight-pipeline.py for tasks to queue
[2026-05-04T03:44:24.010+0000] {logging_mixin.py:188} INFO - [2026-05-04T03:44:24.006+0000] {dagbag.py:545} INFO - Filling up the DagBag from /opt/airflow/dags/flight-pipeline.py
[2026-05-04T03:44:37.764+0000] {processor.py:840} INFO - DAG(s) 'flights_ops_medallion_pipe' retrieved from /opt/airflow/dags/flight-pipeline.py
[2026-05-04T03:44:38.334+0000] {logging_mixin.py:188} INFO - [2026-05-04T03:44:38.327+0000] {dag.py:3089} INFO - Sync 1 DAGs
[2026-05-04T03:44:38.721+0000] {logging_mixin.py:188} INFO - [2026-05-04T03:44:38.718+0000] {dag.py:3947} INFO - Setting next_dagrun for flights_ops_medallion_pipe to 2026-05-04 03:00:00+00:00, run_after=2026-05-04 03:30:00+00:00
[2026-05-04T03:44:39.024+0000] {processor.py:183} INFO - Processing /opt/airflow/dags/flight-pipeline.py took 15.215 seconds
[2026-05-04T03:52:03.518+0000] {processor.py:161} INFO - Started process (PID=17027) to work on /opt/airflow/dags/flight-pipeline.py
[2026-05-04T03:52:03.526+0000] {processor.py:830} INFO - Processing file /opt/airflow/dags/flight-pipeline.py for tasks to queue
[2026-05-04T03:52:03.536+0000] {logging_mixin.py:188} INFO - [2026-05-04T03:52:03.530+0000] {dagbag.py:545} INFO - Filling up the DagBag from /opt/airflow/dags/flight-pipeline.py
[2026-05-04T03:52:05.121+0000] {processor.py:840} INFO - DAG(s) 'flights_ops_medallion_pipe' retrieved from /opt/airflow/dags/flight-pipeline.py
[2026-05-04T03:52:05.175+0000] {logging_mixin.py:188} INFO - [2026-05-04T03:52:05.174+0000] {dag.py:3089} INFO - Sync 1 DAGs
[2026-05-04T03:52:05.216+0000] {logging_mixin.py:188} INFO - [2026-05-04T03:52:05.215+0000] {dag.py:3947} INFO - Setting next_dagrun for flights_ops_medallion_pipe to 2026-05-04 03:30:00+00:00, run_after=2026-05-04 04:00:00+00:00
[2026-05-04T03:52:05.239+0000] {processor.py:183} INFO - Processing /opt/airflow/dags/flight-pipeline.py took 1.746 seconds
[2026-05-04T03:52:35.912+0000] {processor.py:161} INFO - Started process (PID=17049) to work on /opt/airflow/dags/flight-pipeline.py
[2026-05-04T03:52:35.954+0000] {processor.py:830} INFO - Processing file /opt/airflow/dags/flight-pipeline.py for tasks to queue
[2026-05-04T03:52:35.975+0000] {logging_mixin.py:188} INFO - [2026-05-04T03:52:35.966+0000] {dagbag.py:545} INFO - Filling up the DagBag from /opt/airflow/dags/flight-pipeline.py
[2026-05-04T03:52:52.987+0000] {processor.py:840} INFO - DAG(s) 'flights_ops_medallion_pipe' retrieved from /opt/airflow/dags/flight-pipeline.py
[2026-05-04T03:52:54.848+0000] {logging_mixin.py:188} INFO - [2026-05-04T03:52:54.838+0000] {dag.py:3089} INFO - Sync 1 DAGs
[2026-05-04T03:52:55.490+0000] {logging_mixin.py:188} INFO - [2026-05-04T03:52:55.487+0000] {dag.py:3947} INFO - Setting next_dagrun for flights_ops_medallion_pipe to 2026-05-04 03:30:00+00:00, run_after=2026-05-04 04:00:00+00:00
[2026-05-04T03:52:55.848+0000] {processor.py:183} INFO - Processing /opt/airflow/dags/flight-pipeline.py took 20.058 seconds
[2026-05-04T04:08:57.055+0000] {processor.py:161} INFO - Started process (PID=17056) to work on /opt/airflow/dags/flight-pipeline.py
[2026-05-04T04:08:57.058+0000] {processor.py:830} INFO - Processing file /opt/airflow/dags/flight-pipeline.py for tasks to queue
[2026-05-04T04:08:57.063+0000] {logging_mixin.py:188} INFO - [2026-05-04T04:08:57.060+0000] {dagbag.py:545} INFO - Filling up the DagBag from /opt/airflow/dags/flight-pipeline.py
[2026-05-04T04:08:59.026+0000] {processor.py:840} INFO - DAG(s) 'flights_ops_medallion_pipe' retrieved from /opt/airflow/dags/flight-pipeline.py
[2026-05-04T04:08:59.114+0000] {logging_mixin.py:188} INFO - [2026-05-04T04:08:59.113+0000] {dag.py:3089} INFO - Sync 1 DAGs
[2026-05-04T04:08:59.181+0000] {logging_mixin.py:188} INFO - [2026-05-04T04:08:59.180+0000] {dag.py:3947} INFO - Setting next_dagrun for flights_ops_medallion_pipe to 2026-05-04 03:30:00+00:00, run_after=2026-05-04 04:00:00+00:00
[2026-05-04T04:08:59.227+0000] {processor.py:183} INFO - Processing /opt/airflow/dags/flight-pipeline.py took 2.220 seconds
[2026-05-04T04:09:36.833+0000] {processor.py:161} INFO - Started process (PID=17069) to work on /opt/airflow/dags/flight-pipeline.py
[2026-05-04T04:09:36.899+0000] {processor.py:830} INFO - Processing file /opt/airflow/dags/flight-pipeline.py for tasks to queue
[2026-05-04T04:09:36.926+0000] {logging_mixin.py:188} INFO - [2026-05-04T04:09:36.920+0000] {dagbag.py:545} INFO - Filling up the DagBag from /opt/airflow/dags/flight-pipeline.py
[2026-05-04T04:09:59.084+0000] {processor.py:840} INFO - DAG(s) 'flights_ops_medallion_pipe' retrieved from /opt/airflow/dags/flight-pipeline.py
[2026-05-04T04:10:00.058+0000] {logging_mixin.py:188} INFO - [2026-05-04T04:10:00.053+0000] {dag.py:3089} INFO - Sync 1 DAGs
[2026-05-04T04:10:00.764+0000] {logging_mixin.py:188} INFO - [2026-05-04T04:10:00.761+0000] {dag.py:3947} INFO - Setting next_dagrun for flights_ops_medallion_pipe to 2026-05-04 03:30:00+00:00, run_after=2026-05-04 04:00:00+00:00
[2026-05-04T04:10:01.270+0000] {processor.py:183} INFO - Processing /opt/airflow/dags/flight-pipeline.py took 24.867 seconds
[2026-05-04T04:27:28.107+0000] {processor.py:161} INFO - Started process (PID=17073) to work on /opt/airflow/dags/flight-pipeline.py
[2026-05-04T04:27:28.109+0000] {processor.py:830} INFO - Processing file /opt/airflow/dags/flight-pipeline.py for tasks to queue
[2026-05-04T04:27:28.112+0000] {logging_mixin.py:188} INFO - [2026-05-04T04:27:28.111+0000] {dagbag.py:545} INFO - Filling up the DagBag from /opt/airflow/dags/flight-pipeline.py
[2026-05-04T04:27:29.240+0000] {processor.py:840} INFO - DAG(s) 'flights_ops_medallion_pipe' retrieved from /opt/airflow/dags/flight-pipeline.py
[2026-05-04T04:27:29.276+0000] {logging_mixin.py:188} INFO - [2026-05-04T04:27:29.276+0000] {dag.py:3089} INFO - Sync 1 DAGs
[2026-05-04T04:27:29.307+0000] {logging_mixin.py:188} INFO - [2026-05-04T04:27:29.307+0000] {dag.py:3947} INFO - Setting next_dagrun for flights_ops_medallion_pipe to 2026-05-04 03:30:00+00:00, run_after=2026-05-04 04:00:00+00:00
[2026-05-04T04:27:29.328+0000] {processor.py:183} INFO - Processing /opt/airflow/dags/flight-pipeline.py took 1.235 seconds
[2026-05-04T04:28:00.312+0000] {processor.py:161} INFO - Started process (PID=17076) to work on /opt/airflow/dags/flight-pipeline.py
[2026-05-04T04:28:00.345+0000] {processor.py:830} INFO - Processing file /opt/airflow/dags/flight-pipeline.py for tasks to queue
[2026-05-04T04:28:00.364+0000] {logging_mixin.py:188} INFO - [2026-05-04T04:28:00.360+0000] {dagbag.py:545} INFO - Filling up the DagBag from /opt/airflow/dags/flight-pipeline.py
[2026-05-04T04:28:13.332+0000] {processor.py:840} INFO - DAG(s) 'flights_ops_medallion_pipe' retrieved from /opt/airflow/dags/flight-pipeline.py
[2026-05-04T04:28:13.929+0000] {logging_mixin.py:188} INFO - [2026-05-04T04:28:13.924+0000] {dag.py:3089} INFO - Sync 1 DAGs
[2026-05-04T04:28:14.276+0000] {logging_mixin.py:188} INFO - [2026-05-04T04:28:14.273+0000] {dag.py:3947} INFO - Setting next_dagrun for flights_ops_medallion_pipe to 2026-05-04 04:00:00+00:00, run_after=2026-05-04 04:30:00+00:00
[2026-05-04T04:28:14.475+0000] {processor.py:183} INFO - Processing /opt/airflow/dags/flight-pipeline.py took 14.390 seconds
[2026-05-04T04:44:17.865+0000] {processor.py:161} INFO - Started process (PID=17081) to work on /opt/airflow/dags/flight-pipeline.py
[2026-05-04T04:44:17.867+0000] {processor.py:830} INFO - Processing file /opt/airflow/dags/flight-pipeline.py for tasks to queue
[2026-05-04T04:44:17.873+0000] {logging_mixin.py:188} INFO - [2026-05-04T04:44:17.869+0000] {dagbag.py:545} INFO - Filling up the DagBag from /opt/airflow/dags/flight-pipeline.py
[2026-05-04T04:44:23.875+0000] {processor.py:840} INFO - DAG(s) 'flights_ops_medallion_pipe' retrieved from /opt/airflow/dags/flight-pipeline.py
[2026-05-04T04:44:24.155+0000] {logging_mixin.py:188} INFO - [2026-05-04T04:44:24.152+0000] {dag.py:3089} INFO - Sync 1 DAGs
[2026-05-04T04:44:24.312+0000] {logging_mixin.py:188} INFO - [2026-05-04T04:44:24.310+0000] {dag.py:3947} INFO - Setting next_dagrun for flights_ops_medallion_pipe to 2026-05-04 04:00:00+00:00, run_after=2026-05-04 04:30:00+00:00
[2026-05-04T04:44:24.694+0000] {processor.py:183} INFO - Processing /opt/airflow/dags/flight-pipeline.py took 6.844 seconds
[2026-05-04T04:44:57.065+0000] {processor.py:161} INFO - Started process (PID=17084) to work on /opt/airflow/dags/flight-pipeline.py
[2026-05-04T04:44:57.126+0000] {processor.py:830} INFO - Processing file /opt/airflow/dags/flight-pipeline.py for tasks to queue
[2026-05-04T04:44:57.175+0000] {logging_mixin.py:188} INFO - [2026-05-04T04:44:57.153+0000] {dagbag.py:545} INFO - Filling up the DagBag from /opt/airflow/dags/flight-pipeline.py
[2026-05-04T04:45:27.485+0000] {logging_mixin.py:188} INFO - [2026-05-04T04:45:27.423+0000] {timeout.py:68} ERROR - Process timed out, PID: 17084
[2026-05-04T04:53:07.639+0000] {processor.py:161} INFO - Started process (PID=17094) to work on /opt/airflow/dags/flight-pipeline.py
[2026-05-04T04:53:07.645+0000] {processor.py:830} INFO - Processing file /opt/airflow/dags/flight-pipeline.py for tasks to queue
[2026-05-04T04:53:07.653+0000] {logging_mixin.py:188} INFO - [2026-05-04T04:53:07.651+0000] {dagbag.py:545} INFO - Filling up the DagBag from /opt/airflow/dags/flight-pipeline.py
[2026-05-04T04:53:10.241+0000] {processor.py:840} INFO - DAG(s) 'flights_ops_medallion_pipe' retrieved from /opt/airflow/dags/flight-pipeline.py
[2026-05-04T04:53:10.730+0000] {logging_mixin.py:188} INFO - [2026-05-04T04:53:10.729+0000] {dag.py:3089} INFO - Sync 1 DAGs
[2026-05-04T04:53:10.788+0000] {logging_mixin.py:188} INFO - [2026-05-04T04:53:10.788+0000] {dag.py:3947} INFO - Setting next_dagrun for flights_ops_medallion_pipe to 2026-05-04 04:00:00+00:00, run_after=2026-05-04 04:30:00+00:00
[2026-05-04T04:53:10.837+0000] {processor.py:183} INFO - Processing /opt/airflow/dags/flight-pipeline.py took 3.278 seconds
[2026-05-04T04:53:41.651+0000] {processor.py:161} INFO - Started process (PID=17101) to work on /opt/airflow/dags/flight-pipeline.py
[2026-05-04T04:53:41.697+0000] {processor.py:830} INFO - Processing file /opt/airflow/dags/flight-pipeline.py for tasks to queue
[2026-05-04T04:53:41.718+0000] {logging_mixin.py:188} INFO - [2026-05-04T04:53:41.708+0000] {dagbag.py:545} INFO - Filling up the DagBag from /opt/airflow/dags/flight-pipeline.py
[2026-05-04T04:53:59.463+0000] {processor.py:840} INFO - DAG(s) 'flights_ops_medallion_pipe' retrieved from /opt/airflow/dags/flight-pipeline.py
[2026-05-04T04:53:59.967+0000] {logging_mixin.py:188} INFO - [2026-05-04T04:53:59.958+0000] {dag.py:3089} INFO - Sync 1 DAGs
[2026-05-04T04:54:00.540+0000] {logging_mixin.py:188} INFO - [2026-05-04T04:54:00.538+0000] {dag.py:3947} INFO - Setting next_dagrun for flights_ops_medallion_pipe to 2026-05-04 04:00:00+00:00, run_after=2026-05-04 04:30:00+00:00
[2026-05-04T04:54:00.812+0000] {processor.py:183} INFO - Processing /opt/airflow/dags/flight-pipeline.py took 19.424 seconds
[2026-05-04T04:54:31.697+0000] {processor.py:161} INFO - Started process (PID=17125) to work on /opt/airflow/dags/flight-pipeline.py
[2026-05-04T04:54:31.703+0000] {processor.py:830} INFO - Processing file /opt/airflow/dags/flight-pipeline.py for tasks to queue
[2026-05-04T04:54:31.706+0000] {logging_mixin.py:188} INFO - [2026-05-04T04:54:31.705+0000] {dagbag.py:545} INFO - Filling up the DagBag from /opt/airflow/dags/flight-pipeline.py
[2026-05-04T04:54:33.020+0000] {processor.py:840} INFO - DAG(s) 'flights_ops_medallion_pipe' retrieved from /opt/airflow/dags/flight-pipeline.py
[2026-05-04T04:54:33.079+0000] {logging_mixin.py:188} INFO - [2026-05-04T04:54:33.078+0000] {dag.py:3089} INFO - Sync 1 DAGs
[2026-05-04T04:54:33.126+0000] {logging_mixin.py:188} INFO - [2026-05-04T04:54:33.125+0000] {dag.py:3947} INFO - Setting next_dagrun for flights_ops_medallion_pipe to 2026-05-04 04:00:00+00:00, run_after=2026-05-04 04:30:00+00:00
[2026-05-04T04:54:33.161+0000] {processor.py:183} INFO - Processing /opt/airflow/dags/flight-pipeline.py took 1.486 seconds
[2026-05-04T04:55:03.371+0000] {processor.py:161} INFO - Started process (PID=17128) to work on /opt/airflow/dags/flight-pipeline.py
[2026-05-04T04:55:03.375+0000] {processor.py:830} INFO - Processing file /opt/airflow/dags/flight-pipeline.py for tasks to queue
[2026-05-04T04:55:03.376+0000] {logging_mixin.py:188} INFO - [2026-05-04T04:55:03.376+0000] {dagbag.py:545} INFO - Filling up the DagBag from /opt/airflow/dags/flight-pipeline.py
[2026-05-04T04:55:04.176+0000] {processor.py:840} INFO - DAG(s) 'flights_ops_medallion_pipe' retrieved from /opt/airflow/dags/flight-pipeline.py
[2026-05-04T04:55:04.225+0000] {logging_mixin.py:188} INFO - [2026-05-04T04:55:04.225+0000] {dag.py:3089} INFO - Sync 1 DAGs
[2026-05-04T04:55:04.252+0000] {logging_mixin.py:188} INFO - [2026-05-04T04:55:04.252+0000] {dag.py:3947} INFO - Setting next_dagrun for flights_ops_medallion_pipe to 2026-05-04 04:00:00+00:00, run_after=2026-05-04 04:30:00+00:00
[2026-05-04T04:55:04.272+0000] {processor.py:183} INFO - Processing /opt/airflow/dags/flight-pipeline.py took 0.911 seconds
[2026-05-04T04:56:38.288+0000] {processor.py:161} INFO - Started process (PID=17131) to work on /opt/airflow/dags/flight-pipeline.py
[2026-05-04T04:56:38.292+0000] {processor.py:830} INFO - Processing file /opt/airflow/dags/flight-pipeline.py for tasks to queue
[2026-05-04T04:56:38.294+0000] {logging_mixin.py:188} INFO - [2026-05-04T04:56:38.293+0000] {dagbag.py:545} INFO - Filling up the DagBag from /opt/airflow/dags/flight-pipeline.py
[2026-05-04T04:56:39.669+0000] {processor.py:840} INFO - DAG(s) 'flights_ops_medallion_pipe' retrieved from /opt/airflow/dags/flight-pipeline.py
[2026-05-04T04:56:39.722+0000] {logging_mixin.py:188} INFO - [2026-05-04T04:56:39.721+0000] {dag.py:3089} INFO - Sync 1 DAGs
[2026-05-04T04:56:39.755+0000] {logging_mixin.py:188} INFO - [2026-05-04T04:56:39.755+0000] {dag.py:3947} INFO - Setting next_dagrun for flights_ops_medallion_pipe to 2026-05-04 04:00:00+00:00, run_after=2026-05-04 04:30:00+00:00
[2026-05-04T04:56:39.779+0000] {processor.py:183} INFO - Processing /opt/airflow/dags/flight-pipeline.py took 1.597 seconds
[2026-05-04T04:57:10.462+0000] {processor.py:161} INFO - Started process (PID=17135) to work on /opt/airflow/dags/flight-pipeline.py
[2026-05-04T04:57:10.492+0000] {processor.py:830} INFO - Processing file /opt/airflow/dags/flight-pipeline.py for tasks to queue
[2026-05-04T04:57:10.505+0000] {logging_mixin.py:188} INFO - [2026-05-04T04:57:10.501+0000] {dagbag.py:545} INFO - Filling up the DagBag from /opt/airflow/dags/flight-pipeline.py
[2026-05-04T04:57:21.462+0000] {processor.py:840} INFO - DAG(s) 'flights_ops_medallion_pipe' retrieved from /opt/airflow/dags/flight-pipeline.py
[2026-05-04T04:57:21.993+0000] {logging_mixin.py:188} INFO - [2026-05-04T04:57:21.983+0000] {dag.py:3089} INFO - Sync 1 DAGs
[2026-05-04T04:57:22.444+0000] {logging_mixin.py:188} INFO - [2026-05-04T04:57:22.439+0000] {dag.py:3947} INFO - Setting next_dagrun for flights_ops_medallion_pipe to 2026-05-04 04:00:00+00:00, run_after=2026-05-04 04:30:00+00:00
[2026-05-04T04:57:22.863+0000] {processor.py:183} INFO - Processing /opt/airflow/dags/flight-pipeline.py took 12.587 seconds
[2026-05-04T05:13:16.936+0000] {processor.py:161} INFO - Started process (PID=17139) to work on /opt/airflow/dags/flight-pipeline.py
[2026-05-04T05:13:16.940+0000] {processor.py:830} INFO - Processing file /opt/airflow/dags/flight-pipeline.py for tasks to queue
[2026-05-04T05:13:16.945+0000] {logging_mixin.py:188} INFO - [2026-05-04T05:13:16.942+0000] {dagbag.py:545} INFO - Filling up the DagBag from /opt/airflow/dags/flight-pipeline.py
[2026-05-04T05:13:18.912+0000] {processor.py:840} INFO - DAG(s) 'flights_ops_medallion_pipe' retrieved from /opt/airflow/dags/flight-pipeline.py
[2026-05-04T05:13:19.028+0000] {logging_mixin.py:188} INFO - [2026-05-04T05:13:19.027+0000] {dag.py:3089} INFO - Sync 1 DAGs
[2026-05-04T05:13:19.105+0000] {logging_mixin.py:188} INFO - [2026-05-04T05:13:19.105+0000] {dag.py:3947} INFO - Setting next_dagrun for flights_ops_medallion_pipe to 2026-05-04 04:30:00+00:00, run_after=2026-05-04 05:00:00+00:00
[2026-05-04T05:13:19.153+0000] {processor.py:183} INFO - Processing /opt/airflow/dags/flight-pipeline.py took 2.314 seconds
[2026-05-04T05:13:49.589+0000] {processor.py:161} INFO - Started process (PID=17154) to work on /opt/airflow/dags/flight-pipeline.py
[2026-05-04T05:13:49.620+0000] {processor.py:830} INFO - Processing file /opt/airflow/dags/flight-pipeline.py for tasks to queue
[2026-05-04T05:13:49.641+0000] {logging_mixin.py:188} INFO - [2026-05-04T05:13:49.631+0000] {dagbag.py:545} INFO - Filling up the DagBag from /opt/airflow/dags/flight-pipeline.py
[2026-05-04T05:14:01.484+0000] {processor.py:840} INFO - DAG(s) 'flights_ops_medallion_pipe' retrieved from /opt/airflow/dags/flight-pipeline.py
[2026-05-04T05:14:01.948+0000] {logging_mixin.py:188} INFO - [2026-05-04T05:14:01.944+0000] {dag.py:3089} INFO - Sync 1 DAGs
[2026-05-04T05:14:02.331+0000] {logging_mixin.py:188} INFO - [2026-05-04T05:14:02.329+0000] {dag.py:3947} INFO - Setting next_dagrun for flights_ops_medallion_pipe to 2026-05-04 04:30:00+00:00, run_after=2026-05-04 05:00:00+00:00
[2026-05-04T05:14:02.579+0000] {processor.py:183} INFO - Processing /opt/airflow/dags/flight-pipeline.py took 13.179 seconds
[2026-05-04T05:14:33.169+0000] {processor.py:161} INFO - Started process (PID=17168) to work on /opt/airflow/dags/flight-pipeline.py
[2026-05-04T05:14:33.176+0000] {processor.py:830} INFO - Processing file /opt/airflow/dags/flight-pipeline.py for tasks to queue
[2026-05-04T05:14:33.178+0000] {logging_mixin.py:188} INFO - [2026-05-04T05:14:33.177+0000] {dagbag.py:545} INFO - Filling up the DagBag from /opt/airflow/dags/flight-pipeline.py
[2026-05-04T05:14:34.692+0000] {processor.py:840} INFO - DAG(s) 'flights_ops_medallion_pipe' retrieved from /opt/airflow/dags/flight-pipeline.py
[2026-05-04T05:14:34.763+0000] {logging_mixin.py:188} INFO - [2026-05-04T05:14:34.762+0000] {dag.py:3089} INFO - Sync 1 DAGs
[2026-05-04T05:14:34.814+0000] {logging_mixin.py:188} INFO - [2026-05-04T05:14:34.813+0000] {dag.py:3947} INFO - Setting next_dagrun for flights_ops_medallion_pipe to 2026-05-04 04:30:00+00:00, run_after=2026-05-04 05:00:00+00:00
[2026-05-04T05:14:34.852+0000] {processor.py:183} INFO - Processing /opt/airflow/dags/flight-pipeline.py took 1.701 seconds
[2026-05-04T05:15:05.101+0000] {processor.py:161} INFO - Started process (PID=17215) to work on /opt/airflow/dags/flight-pipeline.py
[2026-05-04T05:15:05.105+0000] {processor.py:830} INFO - Processing file /opt/airflow/dags/flight-pipeline.py for tasks to queue
[2026-05-04T05:15:05.106+0000] {logging_mixin.py:188} INFO - [2026-05-04T05:15:05.106+0000] {dagbag.py:545} INFO - Filling up the DagBag from /opt/airflow/dags/flight-pipeline.py
[2026-05-04T05:15:06.240+0000] {processor.py:840} INFO - DAG(s) 'flights_ops_medallion_pipe' retrieved from /opt/airflow/dags/flight-pipeline.py
[2026-05-04T05:15:06.300+0000] {logging_mixin.py:188} INFO - [2026-05-04T05:15:06.300+0000] {dag.py:3089} INFO - Sync 1 DAGs
[2026-05-04T05:15:06.335+0000] {logging_mixin.py:188} INFO - [2026-05-04T05:15:06.335+0000] {dag.py:3947} INFO - Setting next_dagrun for flights_ops_medallion_pipe to 2026-05-04 05:00:00+00:00, run_after=2026-05-04 05:30:00+00:00
[2026-05-04T05:15:06.371+0000] {processor.py:183} INFO - Processing /opt/airflow/dags/flight-pipeline.py took 1.282 seconds
[2026-05-04T05:17:07.076+0000] {processor.py:161} INFO - Started process (PID=17230) to work on /opt/airflow/dags/flight-pipeline.py
[2026-05-04T05:17:07.082+0000] {processor.py:830} INFO - Processing file /opt/airflow/dags/flight-pipeline.py for tasks to queue
[2026-05-04T05:17:07.085+0000] {logging_mixin.py:188} INFO - [2026-05-04T05:17:07.084+0000] {dagbag.py:545} INFO - Filling up the DagBag from /opt/airflow/dags/flight-pipeline.py
[2026-05-04T05:17:08.121+0000] {processor.py:840} INFO - DAG(s) 'flights_ops_medallion_pipe' retrieved from /opt/airflow/dags/flight-pipeline.py
[2026-05-04T05:17:08.162+0000] {logging_mixin.py:188} INFO - [2026-05-04T05:17:08.162+0000] {dag.py:3089} INFO - Sync 1 DAGs
[2026-05-04T05:17:08.194+0000] {logging_mixin.py:188} INFO - [2026-05-04T05:17:08.194+0000] {dag.py:3947} INFO - Setting next_dagrun for flights_ops_medallion_pipe to 2026-05-04 05:00:00+00:00, run_after=2026-05-04 05:30:00+00:00
[2026-05-04T05:17:08.217+0000] {processor.py:183} INFO - Processing /opt/airflow/dags/flight-pipeline.py took 1.221 seconds
[2026-05-04T05:17:39.176+0000] {processor.py:161} INFO - Started process (PID=17233) to work on /opt/airflow/dags/flight-pipeline.py
[2026-05-04T05:17:39.361+0000] {processor.py:830} INFO - Processing file /opt/airflow/dags/flight-pipeline.py for tasks to queue
[2026-05-04T05:17:39.433+0000] {logging_mixin.py:188} INFO - [2026-05-04T05:17:39.414+0000] {dagbag.py:545} INFO - Filling up the DagBag from /opt/airflow/dags/flight-pipeline.py
[2026-05-04T05:17:50.407+0000] {processor.py:840} INFO - DAG(s) 'flights_ops_medallion_pipe' retrieved from /opt/airflow/dags/flight-pipeline.py
[2026-05-04T05:17:50.795+0000] {logging_mixin.py:188} INFO - [2026-05-04T05:17:50.791+0000] {dag.py:3089} INFO - Sync 1 DAGs
[2026-05-04T05:17:51.075+0000] {logging_mixin.py:188} INFO - [2026-05-04T05:17:51.073+0000] {dag.py:3947} INFO - Setting next_dagrun for flights_ops_medallion_pipe to 2026-05-04 05:00:00+00:00, run_after=2026-05-04 05:30:00+00:00
[2026-05-04T05:17:51.270+0000] {processor.py:183} INFO - Processing /opt/airflow/dags/flight-pipeline.py took 12.259 seconds
[2026-05-04T05:18:22.046+0000] {processor.py:161} INFO - Started process (PID=17236) to work on /opt/airflow/dags/flight-pipeline.py
[2026-05-04T05:18:22.075+0000] {processor.py:830} INFO - Processing file /opt/airflow/dags/flight-pipeline.py for tasks to queue
[2026-05-04T05:18:22.090+0000] {logging_mixin.py:188} INFO - [2026-05-04T05:18:22.083+0000] {dagbag.py:545} INFO - Filling up the DagBag from /opt/airflow/dags/flight-pipeline.py
[2026-05-04T05:18:36.827+0000] {processor.py:840} INFO - DAG(s) 'flights_ops_medallion_pipe' retrieved from /opt/airflow/dags/flight-pipeline.py
[2026-05-04T05:18:37.331+0000] {logging_mixin.py:188} INFO - [2026-05-04T05:18:37.326+0000] {dag.py:3089} INFO - Sync 1 DAGs
[2026-05-04T05:18:37.771+0000] {logging_mixin.py:188} INFO - [2026-05-04T05:18:37.769+0000] {dag.py:3947} INFO - Setting next_dagrun for flights_ops_medallion_pipe to 2026-05-04 05:00:00+00:00, run_after=2026-05-04 05:30:00+00:00
[2026-05-04T05:18:38.002+0000] {processor.py:183} INFO - Processing /opt/airflow/dags/flight-pipeline.py took 16.060 seconds
[2026-05-04T05:34:14.291+0000] {processor.py:161} INFO - Started process (PID=17240) to work on /opt/airflow/dags/flight-pipeline.py
[2026-05-04T05:34:14.296+0000] {processor.py:830} INFO - Processing file /opt/airflow/dags/flight-pipeline.py for tasks to queue
[2026-05-04T05:34:14.298+0000] {logging_mixin.py:188} INFO - [2026-05-04T05:34:14.297+0000] {dagbag.py:545} INFO - Filling up the DagBag from /opt/airflow/dags/flight-pipeline.py
[2026-05-04T05:34:15.712+0000] {processor.py:840} INFO - DAG(s) 'flights_ops_medallion_pipe' retrieved from /opt/airflow/dags/flight-pipeline.py
[2026-05-04T05:34:15.774+0000] {logging_mixin.py:188} INFO - [2026-05-04T05:34:15.773+0000] {dag.py:3089} INFO - Sync 1 DAGs
[2026-05-04T05:34:15.825+0000] {logging_mixin.py:188} INFO - [2026-05-04T05:34:15.824+0000] {dag.py:3947} INFO - Setting next_dagrun for flights_ops_medallion_pipe to 2026-05-04 05:00:00+00:00, run_after=2026-05-04 05:30:00+00:00
[2026-05-04T05:34:15.857+0000] {processor.py:183} INFO - Processing /opt/airflow/dags/flight-pipeline.py took 1.604 seconds
[2026-05-04T05:34:46.207+0000] {processor.py:161} INFO - Started process (PID=17264) to work on /opt/airflow/dags/flight-pipeline.py
[2026-05-04T05:34:46.229+0000] {processor.py:830} INFO - Processing file /opt/airflow/dags/flight-pipeline.py for tasks to queue
[2026-05-04T05:34:46.247+0000] {logging_mixin.py:188} INFO - [2026-05-04T05:34:46.243+0000] {dagbag.py:545} INFO - Filling up the DagBag from /opt/airflow/dags/flight-pipeline.py
[2026-05-04T05:35:02.123+0000] {processor.py:840} INFO - DAG(s) 'flights_ops_medallion_pipe' retrieved from /opt/airflow/dags/flight-pipeline.py
[2026-05-04T05:35:02.633+0000] {logging_mixin.py:188} INFO - [2026-05-04T05:35:02.624+0000] {dag.py:3089} INFO - Sync 1 DAGs
[2026-05-04T05:35:03.047+0000] {logging_mixin.py:188} INFO - [2026-05-04T05:35:03.045+0000] {dag.py:3947} INFO - Setting next_dagrun for flights_ops_medallion_pipe to 2026-05-04 05:00:00+00:00, run_after=2026-05-04 05:30:00+00:00
[2026-05-04T05:35:03.347+0000] {processor.py:183} INFO - Processing /opt/airflow/dags/flight-pipeline.py took 17.263 seconds
[2026-05-04T05:52:38.127+0000] {processor.py:161} INFO - Started process (PID=17269) to work on /opt/airflow/dags/flight-pipeline.py
[2026-05-04T05:52:38.135+0000] {processor.py:830} INFO - Processing file /opt/airflow/dags/flight-pipeline.py for tasks to queue
[2026-05-04T05:52:38.147+0000] {logging_mixin.py:188} INFO - [2026-05-04T05:52:38.140+0000] {dagbag.py:545} INFO - Filling up the DagBag from /opt/airflow/dags/flight-pipeline.py
[2026-05-04T05:52:43.935+0000] {processor.py:840} INFO - DAG(s) 'flights_ops_medallion_pipe' retrieved from /opt/airflow/dags/flight-pipeline.py
[2026-05-04T05:52:44.231+0000] {logging_mixin.py:188} INFO - [2026-05-04T05:52:44.226+0000] {dag.py:3089} INFO - Sync 1 DAGs
[2026-05-04T05:52:44.395+0000] {logging_mixin.py:188} INFO - [2026-05-04T05:52:44.394+0000] {dag.py:3947} INFO - Setting next_dagrun for flights_ops_medallion_pipe to 2026-05-04 05:00:00+00:00, run_after=2026-05-04 05:30:00+00:00
[2026-05-04T05:52:44.469+0000] {processor.py:183} INFO - Processing /opt/airflow/dags/flight-pipeline.py took 6.436 seconds
[2026-05-04T05:53:16.118+0000] {processor.py:161} INFO - Started process (PID=17272) to work on /opt/airflow/dags/flight-pipeline.py
[2026-05-04T05:53:16.185+0000] {processor.py:830} INFO - Processing file /opt/airflow/dags/flight-pipeline.py for tasks to queue
[2026-05-04T05:53:16.227+0000] {logging_mixin.py:188} INFO - [2026-05-04T05:53:16.205+0000] {dagbag.py:545} INFO - Filling up the DagBag from /opt/airflow/dags/flight-pipeline.py
[2026-05-04T05:53:38.389+0000] {processor.py:840} INFO - DAG(s) 'flights_ops_medallion_pipe' retrieved from /opt/airflow/dags/flight-pipeline.py
[2026-05-04T05:53:38.924+0000] {logging_mixin.py:188} INFO - [2026-05-04T05:53:38.919+0000] {dag.py:3089} INFO - Sync 1 DAGs
[2026-05-04T05:53:39.570+0000] {logging_mixin.py:188} INFO - [2026-05-04T05:53:39.562+0000] {dag.py:3947} INFO - Setting next_dagrun for flights_ops_medallion_pipe to 2026-05-04 05:00:00+00:00, run_after=2026-05-04 05:30:00+00:00
[2026-05-04T05:53:39.928+0000] {processor.py:183} INFO - Processing /opt/airflow/dags/flight-pipeline.py took 24.160 seconds
[2026-05-04T06:08:59.149+0000] {processor.py:161} INFO - Started process (PID=17286) to work on /opt/airflow/dags/flight-pipeline.py
[2026-05-04T06:08:59.211+0000] {processor.py:830} INFO - Processing file /opt/airflow/dags/flight-pipeline.py for tasks to queue
[2026-05-04T06:08:59.243+0000] {logging_mixin.py:188} INFO - [2026-05-04T06:08:59.240+0000] {dagbag.py:545} INFO - Filling up the DagBag from /opt/airflow/dags/flight-pipeline.py
[2026-05-04T06:09:01.266+0000] {processor.py:840} INFO - DAG(s) 'flights_ops_medallion_pipe' retrieved from /opt/airflow/dags/flight-pipeline.py
[2026-05-04T06:09:01.354+0000] {logging_mixin.py:188} INFO - [2026-05-04T06:09:01.354+0000] {dag.py:3089} INFO - Sync 1 DAGs
[2026-05-04T06:09:01.413+0000] {logging_mixin.py:188} INFO - [2026-05-04T06:09:01.412+0000] {dag.py:3947} INFO - Setting next_dagrun for flights_ops_medallion_pipe to 2026-05-04 05:30:00+00:00, run_after=2026-05-04 06:00:00+00:00
[2026-05-04T06:09:01.476+0000] {processor.py:183} INFO - Processing /opt/airflow/dags/flight-pipeline.py took 2.537 seconds
[2026-05-04T06:09:43.093+0000] {processor.py:161} INFO - Started process (PID=17289) to work on /opt/airflow/dags/flight-pipeline.py
[2026-05-04T06:09:43.835+0000] {processor.py:830} INFO - Processing file /opt/airflow/dags/flight-pipeline.py for tasks to queue
[2026-05-04T06:09:43.892+0000] {logging_mixin.py:188} INFO - [2026-05-04T06:09:43.866+0000] {dagbag.py:545} INFO - Filling up the DagBag from /opt/airflow/dags/flight-pipeline.py
[2026-05-04T06:10:11.037+0000] {processor.py:840} INFO - DAG(s) 'flights_ops_medallion_pipe' retrieved from /opt/airflow/dags/flight-pipeline.py
[2026-05-04T06:10:11.592+0000] {logging_mixin.py:188} INFO - [2026-05-04T06:10:11.591+0000] {dag.py:3089} INFO - Sync 1 DAGs
[2026-05-04T06:10:11.943+0000] {logging_mixin.py:188} INFO - [2026-05-04T06:10:11.942+0000] {dag.py:3947} INFO - Setting next_dagrun for flights_ops_medallion_pipe to 2026-05-04 05:30:00+00:00, run_after=2026-05-04 06:00:00+00:00
[2026-05-04T06:10:12.166+0000] {processor.py:183} INFO - Processing /opt/airflow/dags/flight-pipeline.py took 31.754 seconds
[2026-05-04T06:26:54.016+0000] {processor.py:161} INFO - Started process (PID=17293) to work on /opt/airflow/dags/flight-pipeline.py
[2026-05-04T06:26:54.021+0000] {processor.py:830} INFO - Processing file /opt/airflow/dags/flight-pipeline.py for tasks to queue
[2026-05-04T06:26:54.023+0000] {logging_mixin.py:188} INFO - [2026-05-04T06:26:54.022+0000] {dagbag.py:545} INFO - Filling up the DagBag from /opt/airflow/dags/flight-pipeline.py
[2026-05-04T06:26:56.300+0000] {processor.py:840} INFO - DAG(s) 'flights_ops_medallion_pipe' retrieved from /opt/airflow/dags/flight-pipeline.py
[2026-05-04T06:26:56.379+0000] {logging_mixin.py:188} INFO - [2026-05-04T06:26:56.378+0000] {dag.py:3089} INFO - Sync 1 DAGs
[2026-05-04T06:26:56.538+0000] {logging_mixin.py:188} INFO - [2026-05-04T06:26:56.538+0000] {dag.py:3947} INFO - Setting next_dagrun for flights_ops_medallion_pipe to 2026-05-04 05:30:00+00:00, run_after=2026-05-04 06:00:00+00:00
[2026-05-04T06:26:56.603+0000] {processor.py:183} INFO - Processing /opt/airflow/dags/flight-pipeline.py took 2.608 seconds
[2026-05-04T06:27:27.551+0000] {processor.py:161} INFO - Started process (PID=17297) to work on /opt/airflow/dags/flight-pipeline.py
[2026-05-04T06:27:27.573+0000] {processor.py:830} INFO - Processing file /opt/airflow/dags/flight-pipeline.py for tasks to queue
[2026-05-04T06:27:27.585+0000] {logging_mixin.py:188} INFO - [2026-05-04T06:27:27.579+0000] {dagbag.py:545} INFO - Filling up the DagBag from /opt/airflow/dags/flight-pipeline.py
[2026-05-04T06:27:42.393+0000] {processor.py:840} INFO - DAG(s) 'flights_ops_medallion_pipe' retrieved from /opt/airflow/dags/flight-pipeline.py
[2026-05-04T06:45:27.754+0000] {logging_mixin.py:188} INFO - [2026-05-04T06:45:27.746+0000] {dag.py:3089} INFO - Sync 1 DAGs
[2026-05-04T06:45:58.384+0000] {processor.py:161} INFO - Started process (PID=17320) to work on /opt/airflow/dags/flight-pipeline.py
[2026-05-04T06:45:58.420+0000] {processor.py:830} INFO - Processing file /opt/airflow/dags/flight-pipeline.py for tasks to queue
[2026-05-04T06:45:58.450+0000] {logging_mixin.py:188} INFO - [2026-05-04T06:45:58.442+0000] {dagbag.py:545} INFO - Filling up the DagBag from /opt/airflow/dags/flight-pipeline.py
[2026-05-04T06:46:11.528+0000] {processor.py:840} INFO - DAG(s) 'flights_ops_medallion_pipe' retrieved from /opt/airflow/dags/flight-pipeline.py
[2026-05-04T06:46:14.774+0000] {logging_mixin.py:188} INFO - [2026-05-04T06:46:14.763+0000] {dag.py:3089} INFO - Sync 1 DAGs
[2026-05-04T06:46:15.238+0000] {logging_mixin.py:188} INFO - [2026-05-04T06:46:15.229+0000] {dag.py:3947} INFO - Setting next_dagrun for flights_ops_medallion_pipe to 2026-05-04 06:00:00+00:00, run_after=2026-05-04 06:30:00+00:00
[2026-05-04T06:46:15.661+0000] {processor.py:183} INFO - Processing /opt/airflow/dags/flight-pipeline.py took 17.454 seconds
[2026-05-04T07:02:03.533+0000] {processor.py:161} INFO - Started process (PID=17327) to work on /opt/airflow/dags/flight-pipeline.py
[2026-05-04T07:02:03.536+0000] {processor.py:830} INFO - Processing file /opt/airflow/dags/flight-pipeline.py for tasks to queue
[2026-05-04T07:02:03.540+0000] {logging_mixin.py:188} INFO - [2026-05-04T07:02:03.538+0000] {dagbag.py:545} INFO - Filling up the DagBag from /opt/airflow/dags/flight-pipeline.py
[2026-05-04T07:02:04.701+0000] {processor.py:840} INFO - DAG(s) 'flights_ops_medallion_pipe' retrieved from /opt/airflow/dags/flight-pipeline.py
[2026-05-04T07:02:04.746+0000] {logging_mixin.py:188} INFO - [2026-05-04T07:02:04.745+0000] {dag.py:3089} INFO - Sync 1 DAGs
[2026-05-04T07:02:04.784+0000] {logging_mixin.py:188} INFO - [2026-05-04T07:02:04.784+0000] {dag.py:3947} INFO - Setting next_dagrun for flights_ops_medallion_pipe to 2026-05-04 06:30:00+00:00, run_after=2026-05-04 07:00:00+00:00
[2026-05-04T07:02:04.814+0000] {processor.py:183} INFO - Processing /opt/airflow/dags/flight-pipeline.py took 1.303 seconds
[2026-05-04T07:02:35.142+0000] {processor.py:161} INFO - Started process (PID=17340) to work on /opt/airflow/dags/flight-pipeline.py
[2026-05-04T07:02:35.179+0000] {processor.py:830} INFO - Processing file /opt/airflow/dags/flight-pipeline.py for tasks to queue
[2026-05-04T07:02:35.214+0000] {logging_mixin.py:188} INFO - [2026-05-04T07:02:35.207+0000] {dagbag.py:545} INFO - Filling up the DagBag from /opt/airflow/dags/flight-pipeline.py
[2026-05-04T07:02:44.961+0000] {processor.py:840} INFO - DAG(s) 'flights_ops_medallion_pipe' retrieved from /opt/airflow/dags/flight-pipeline.py
[2026-05-04T07:02:45.440+0000] {logging_mixin.py:188} INFO - [2026-05-04T07:02:45.435+0000] {dag.py:3089} INFO - Sync 1 DAGs
[2026-05-04T07:02:45.867+0000] {logging_mixin.py:188} INFO - [2026-05-04T07:02:45.864+0000] {dag.py:3947} INFO - Setting next_dagrun for flights_ops_medallion_pipe to 2026-05-04 06:30:00+00:00, run_after=2026-05-04 07:00:00+00:00
[2026-05-04T07:02:46.126+0000] {processor.py:183} INFO - Processing /opt/airflow/dags/flight-pipeline.py took 11.130 seconds
[2026-05-04T07:19:26.562+0000] {processor.py:161} INFO - Started process (PID=17343) to work on /opt/airflow/dags/flight-pipeline.py
[2026-05-04T07:19:26.567+0000] {processor.py:830} INFO - Processing file /opt/airflow/dags/flight-pipeline.py for tasks to queue
[2026-05-04T07:19:26.571+0000] {logging_mixin.py:188} INFO - [2026-05-04T07:19:26.569+0000] {dagbag.py:545} INFO - Filling up the DagBag from /opt/airflow/dags/flight-pipeline.py
[2026-05-04T07:19:27.730+0000] {processor.py:840} INFO - DAG(s) 'flights_ops_medallion_pipe' retrieved from /opt/airflow/dags/flight-pipeline.py
[2026-05-04T07:19:28.181+0000] {logging_mixin.py:188} INFO - [2026-05-04T07:19:28.153+0000] {dag.py:3089} INFO - Sync 1 DAGs
[2026-05-04T07:19:28.475+0000] {logging_mixin.py:188} INFO - [2026-05-04T07:19:28.474+0000] {dag.py:3947} INFO - Setting next_dagrun for flights_ops_medallion_pipe to 2026-05-04 06:30:00+00:00, run_after=2026-05-04 07:00:00+00:00
[2026-05-04T07:19:28.565+0000] {processor.py:183} INFO - Processing /opt/airflow/dags/flight-pipeline.py took 2.096 seconds
[2026-05-04T07:19:59.650+0000] {processor.py:161} INFO - Started process (PID=17346) to work on /opt/airflow/dags/flight-pipeline.py
[2026-05-04T07:19:59.668+0000] {processor.py:830} INFO - Processing file /opt/airflow/dags/flight-pipeline.py for tasks to queue
[2026-05-04T07:19:59.678+0000] {logging_mixin.py:188} INFO - [2026-05-04T07:19:59.674+0000] {dagbag.py:545} INFO - Filling up the DagBag from /opt/airflow/dags/flight-pipeline.py
[2026-05-04T07:20:11.513+0000] {processor.py:840} INFO - DAG(s) 'flights_ops_medallion_pipe' retrieved from /opt/airflow/dags/flight-pipeline.py
[2026-05-04T07:20:11.884+0000] {logging_mixin.py:188} INFO - [2026-05-04T07:20:11.880+0000] {dag.py:3089} INFO - Sync 1 DAGs
[2026-05-04T07:20:12.176+0000] {logging_mixin.py:188} INFO - [2026-05-04T07:20:12.174+0000] {dag.py:3947} INFO - Setting next_dagrun for flights_ops_medallion_pipe to 2026-05-04 06:30:00+00:00, run_after=2026-05-04 07:00:00+00:00
[2026-05-04T07:20:12.369+0000] {processor.py:183} INFO - Processing /opt/airflow/dags/flight-pipeline.py took 12.837 seconds
[2026-05-04T07:35:23.840+0000] {processor.py:161} INFO - Started process (PID=17349) to work on /opt/airflow/dags/flight-pipeline.py
[2026-05-04T07:35:23.845+0000] {processor.py:830} INFO - Processing file /opt/airflow/dags/flight-pipeline.py for tasks to queue
[2026-05-04T07:35:23.863+0000] {logging_mixin.py:188} INFO - [2026-05-04T07:35:23.857+0000] {dagbag.py:545} INFO - Filling up the DagBag from /opt/airflow/dags/flight-pipeline.py
[2026-05-04T07:35:24.879+0000] {processor.py:840} INFO - DAG(s) 'flights_ops_medallion_pipe' retrieved from /opt/airflow/dags/flight-pipeline.py
[2026-05-04T07:35:24.922+0000] {logging_mixin.py:188} INFO - [2026-05-04T07:35:24.922+0000] {dag.py:3089} INFO - Sync 1 DAGs
[2026-05-04T07:35:24.954+0000] {logging_mixin.py:188} INFO - [2026-05-04T07:35:24.954+0000] {dag.py:3947} INFO - Setting next_dagrun for flights_ops_medallion_pipe to 2026-05-04 07:00:00+00:00, run_after=2026-05-04 07:30:00+00:00
[2026-05-04T07:35:24.978+0000] {processor.py:183} INFO - Processing /opt/airflow/dags/flight-pipeline.py took 1.158 seconds
[2026-05-04T07:35:55.851+0000] {processor.py:161} INFO - Started process (PID=17353) to work on /opt/airflow/dags/flight-pipeline.py
[2026-05-04T07:35:55.880+0000] {processor.py:830} INFO - Processing file /opt/airflow/dags/flight-pipeline.py for tasks to queue
[2026-05-04T07:35:55.895+0000] {logging_mixin.py:188} INFO - [2026-05-04T07:35:55.891+0000] {dagbag.py:545} INFO - Filling up the DagBag from /opt/airflow/dags/flight-pipeline.py
[2026-05-04T07:36:07.049+0000] {processor.py:840} INFO - DAG(s) 'flights_ops_medallion_pipe' retrieved from /opt/airflow/dags/flight-pipeline.py
[2026-05-04T07:36:07.523+0000] {logging_mixin.py:188} INFO - [2026-05-04T07:36:07.518+0000] {dag.py:3089} INFO - Sync 1 DAGs
[2026-05-04T07:36:07.858+0000] {logging_mixin.py:188} INFO - [2026-05-04T07:36:07.856+0000] {dag.py:3947} INFO - Setting next_dagrun for flights_ops_medallion_pipe to 2026-05-04 07:30:00+00:00, run_after=2026-05-04 08:00:00+00:00
[2026-05-04T07:36:08.172+0000] {processor.py:183} INFO - Processing /opt/airflow/dags/flight-pipeline.py took 12.419 seconds
[2026-05-04T07:39:09.746+0000] {processor.py:161} INFO - Started process (PID=17356) to work on /opt/airflow/dags/flight-pipeline.py
[2026-05-04T07:39:09.782+0000] {processor.py:830} INFO - Processing file /opt/airflow/dags/flight-pipeline.py for tasks to queue
[2026-05-04T07:39:09.785+0000] {logging_mixin.py:188} INFO - [2026-05-04T07:39:09.784+0000] {dagbag.py:545} INFO - Filling up the DagBag from /opt/airflow/dags/flight-pipeline.py
[2026-05-04T07:39:10.832+0000] {processor.py:840} INFO - DAG(s) 'flights_ops_medallion_pipe' retrieved from /opt/airflow/dags/flight-pipeline.py
[2026-05-04T07:39:10.873+0000] {logging_mixin.py:188} INFO - [2026-05-04T07:39:10.873+0000] {dag.py:3089} INFO - Sync 1 DAGs
[2026-05-04T07:39:10.901+0000] {logging_mixin.py:188} INFO - [2026-05-04T07:39:10.900+0000] {dag.py:3947} INFO - Setting next_dagrun for flights_ops_medallion_pipe to 2026-05-04 07:30:00+00:00, run_after=2026-05-04 08:00:00+00:00
[2026-05-04T07:39:10.937+0000] {processor.py:183} INFO - Processing /opt/airflow/dags/flight-pipeline.py took 1.358 seconds
[2026-05-04T07:39:42.154+0000] {processor.py:161} INFO - Started process (PID=17381) to work on /opt/airflow/dags/flight-pipeline.py
[2026-05-04T07:39:42.185+0000] {processor.py:830} INFO - Processing file /opt/airflow/dags/flight-pipeline.py for tasks to queue
[2026-05-04T07:39:42.196+0000] {logging_mixin.py:188} INFO - [2026-05-04T07:39:42.192+0000] {dagbag.py:545} INFO - Filling up the DagBag from /opt/airflow/dags/flight-pipeline.py
[2026-05-04T07:39:56.604+0000] {processor.py:840} INFO - DAG(s) 'flights_ops_medallion_pipe' retrieved from /opt/airflow/dags/flight-pipeline.py
[2026-05-04T07:39:57.113+0000] {logging_mixin.py:188} INFO - [2026-05-04T07:39:57.106+0000] {dag.py:3089} INFO - Sync 1 DAGs
[2026-05-04T07:39:57.540+0000] {logging_mixin.py:188} INFO - [2026-05-04T07:39:57.535+0000] {dag.py:3947} INFO - Setting next_dagrun for flights_ops_medallion_pipe to 2026-05-04 07:30:00+00:00, run_after=2026-05-04 08:00:00+00:00
[2026-05-04T07:39:57.854+0000] {processor.py:183} INFO - Processing /opt/airflow/dags/flight-pipeline.py took 15.883 seconds
[2026-05-04T07:57:54.546+0000] {processor.py:161} INFO - Started process (PID=17384) to work on /opt/airflow/dags/flight-pipeline.py
[2026-05-04T07:57:54.552+0000] {processor.py:830} INFO - Processing file /opt/airflow/dags/flight-pipeline.py for tasks to queue
[2026-05-04T07:57:54.556+0000] {logging_mixin.py:188} INFO - [2026-05-04T07:57:54.555+0000] {dagbag.py:545} INFO - Filling up the DagBag from /opt/airflow/dags/flight-pipeline.py
[2026-05-04T07:58:00.325+0000] {processor.py:840} INFO - DAG(s) 'flights_ops_medallion_pipe' retrieved from /opt/airflow/dags/flight-pipeline.py
[2026-05-04T07:58:00.531+0000] {logging_mixin.py:188} INFO - [2026-05-04T07:58:00.528+0000] {dag.py:3089} INFO - Sync 1 DAGs
[2026-05-04T07:58:00.635+0000] {logging_mixin.py:188} INFO - [2026-05-04T07:58:00.635+0000] {dag.py:3947} INFO - Setting next_dagrun for flights_ops_medallion_pipe to 2026-05-04 07:30:00+00:00, run_after=2026-05-04 08:00:00+00:00
[2026-05-04T07:58:00.682+0000] {processor.py:183} INFO - Processing /opt/airflow/dags/flight-pipeline.py took 6.411 seconds
[2026-05-04T07:58:32.425+0000] {processor.py:161} INFO - Started process (PID=17396) to work on /opt/airflow/dags/flight-pipeline.py
[2026-05-04T07:58:32.488+0000] {processor.py:830} INFO - Processing file /opt/airflow/dags/flight-pipeline.py for tasks to queue
[2026-05-04T07:58:32.549+0000] {logging_mixin.py:188} INFO - [2026-05-04T07:58:32.512+0000] {dagbag.py:545} INFO - Filling up the DagBag from /opt/airflow/dags/flight-pipeline.py
[2026-05-04T07:58:56.815+0000] {processor.py:840} INFO - DAG(s) 'flights_ops_medallion_pipe' retrieved from /opt/airflow/dags/flight-pipeline.py
[2026-05-04T07:58:57.675+0000] {logging_mixin.py:188} INFO - [2026-05-04T07:58:57.667+0000] {dag.py:3089} INFO - Sync 1 DAGs
[2026-05-04T07:58:58.665+0000] {logging_mixin.py:188} INFO - [2026-05-04T07:58:58.651+0000] {dag.py:3947} INFO - Setting next_dagrun for flights_ops_medallion_pipe to 2026-05-04 07:30:00+00:00, run_after=2026-05-04 08:00:00+00:00
[2026-05-04T07:58:59.289+0000] {processor.py:183} INFO - Processing /opt/airflow/dags/flight-pipeline.py took 27.721 seconds
[2026-05-04T08:08:07.234+0000] {processor.py:161} INFO - Started process (PID=17400) to work on /opt/airflow/dags/flight-pipeline.py
[2026-05-04T08:08:07.261+0000] {processor.py:830} INFO - Processing file /opt/airflow/dags/flight-pipeline.py for tasks to queue
[2026-05-04T08:08:07.306+0000] {logging_mixin.py:188} INFO - [2026-05-04T08:08:07.305+0000] {dagbag.py:545} INFO - Filling up the DagBag from /opt/airflow/dags/flight-pipeline.py
[2026-05-04T08:08:08.716+0000] {processor.py:840} INFO - DAG(s) 'flights_ops_medallion_pipe' retrieved from /opt/airflow/dags/flight-pipeline.py
[2026-05-04T08:08:08.783+0000] {logging_mixin.py:188} INFO - [2026-05-04T08:08:08.783+0000] {dag.py:3089} INFO - Sync 1 DAGs
[2026-05-04T08:08:08.853+0000] {logging_mixin.py:188} INFO - [2026-05-04T08:08:08.853+0000] {dag.py:3947} INFO - Setting next_dagrun for flights_ops_medallion_pipe to 2026-05-04 07:30:00+00:00, run_after=2026-05-04 08:00:00+00:00
[2026-05-04T08:08:08.889+0000] {processor.py:183} INFO - Processing /opt/airflow/dags/flight-pipeline.py took 1.672 seconds
[2026-05-04T08:08:39.539+0000] {processor.py:161} INFO - Started process (PID=17404) to work on /opt/airflow/dags/flight-pipeline.py
[2026-05-04T08:08:39.573+0000] {processor.py:830} INFO - Processing file /opt/airflow/dags/flight-pipeline.py for tasks to queue
[2026-05-04T08:08:39.595+0000] {logging_mixin.py:188} INFO - [2026-05-04T08:08:39.587+0000] {dagbag.py:545} INFO - Filling up the DagBag from /opt/airflow/dags/flight-pipeline.py
[2026-05-04T08:08:50.994+0000] {processor.py:840} INFO - DAG(s) 'flights_ops_medallion_pipe' retrieved from /opt/airflow/dags/flight-pipeline.py
[2026-05-04T08:08:51.376+0000] {logging_mixin.py:188} INFO - [2026-05-04T08:08:51.372+0000] {dag.py:3089} INFO - Sync 1 DAGs
[2026-05-04T08:08:51.847+0000] {logging_mixin.py:188} INFO - [2026-05-04T08:08:51.843+0000] {dag.py:3947} INFO - Setting next_dagrun for flights_ops_medallion_pipe to 2026-05-04 07:30:00+00:00, run_after=2026-05-04 08:00:00+00:00
[2026-05-04T08:08:52.084+0000] {processor.py:183} INFO - Processing /opt/airflow/dags/flight-pipeline.py took 12.669 seconds
[2026-05-04T08:24:32.263+0000] {processor.py:161} INFO - Started process (PID=17408) to work on /opt/airflow/dags/flight-pipeline.py
[2026-05-04T08:24:32.274+0000] {processor.py:830} INFO - Processing file /opt/airflow/dags/flight-pipeline.py for tasks to queue
[2026-05-04T08:24:32.283+0000] {logging_mixin.py:188} INFO - [2026-05-04T08:24:32.282+0000] {dagbag.py:545} INFO - Filling up the DagBag from /opt/airflow/dags/flight-pipeline.py
[2026-05-04T08:24:33.428+0000] {processor.py:840} INFO - DAG(s) 'flights_ops_medallion_pipe' retrieved from /opt/airflow/dags/flight-pipeline.py
[2026-05-04T08:24:33.494+0000] {logging_mixin.py:188} INFO - [2026-05-04T08:24:33.493+0000] {dag.py:3089} INFO - Sync 1 DAGs
[2026-05-04T08:24:33.543+0000] {logging_mixin.py:188} INFO - [2026-05-04T08:24:33.543+0000] {dag.py:3947} INFO - Setting next_dagrun for flights_ops_medallion_pipe to 2026-05-04 08:00:00+00:00, run_after=2026-05-04 08:30:00+00:00
[2026-05-04T08:24:33.576+0000] {processor.py:183} INFO - Processing /opt/airflow/dags/flight-pipeline.py took 1.340 seconds
[2026-05-04T08:25:04.569+0000] {processor.py:161} INFO - Started process (PID=17430) to work on /opt/airflow/dags/flight-pipeline.py
[2026-05-04T08:25:04.600+0000] {processor.py:830} INFO - Processing file /opt/airflow/dags/flight-pipeline.py for tasks to queue
[2026-05-04T08:25:04.611+0000] {logging_mixin.py:188} INFO - [2026-05-04T08:25:04.607+0000] {dagbag.py:545} INFO - Filling up the DagBag from /opt/airflow/dags/flight-pipeline.py
[2026-05-04T08:25:17.020+0000] {processor.py:840} INFO - DAG(s) 'flights_ops_medallion_pipe' retrieved from /opt/airflow/dags/flight-pipeline.py
[2026-05-04T08:25:17.580+0000] {logging_mixin.py:188} INFO - [2026-05-04T08:25:17.575+0000] {dag.py:3089} INFO - Sync 1 DAGs
[2026-05-04T08:25:17.926+0000] {logging_mixin.py:188} INFO - [2026-05-04T08:25:17.923+0000] {dag.py:3947} INFO - Setting next_dagrun for flights_ops_medallion_pipe to 2026-05-04 08:00:00+00:00, run_after=2026-05-04 08:30:00+00:00
[2026-05-04T08:25:18.155+0000] {processor.py:183} INFO - Processing /opt/airflow/dags/flight-pipeline.py took 13.725 seconds
[2026-05-04T08:40:39.585+0000] {processor.py:161} INFO - Started process (PID=17436) to work on /opt/airflow/dags/flight-pipeline.py
[2026-05-04T08:40:39.589+0000] {processor.py:830} INFO - Processing file /opt/airflow/dags/flight-pipeline.py for tasks to queue
[2026-05-04T08:40:39.596+0000] {logging_mixin.py:188} INFO - [2026-05-04T08:40:39.596+0000] {dagbag.py:545} INFO - Filling up the DagBag from /opt/airflow/dags/flight-pipeline.py
[2026-05-04T08:40:41.028+0000] {processor.py:840} INFO - DAG(s) 'flights_ops_medallion_pipe' retrieved from /opt/airflow/dags/flight-pipeline.py
[2026-05-04T08:40:41.080+0000] {logging_mixin.py:188} INFO - [2026-05-04T08:40:41.079+0000] {dag.py:3089} INFO - Sync 1 DAGs
[2026-05-04T08:40:41.110+0000] {logging_mixin.py:188} INFO - [2026-05-04T08:40:41.110+0000] {dag.py:3947} INFO - Setting next_dagrun for flights_ops_medallion_pipe to 2026-05-04 08:00:00+00:00, run_after=2026-05-04 08:30:00+00:00
[2026-05-04T08:40:41.133+0000] {processor.py:183} INFO - Processing /opt/airflow/dags/flight-pipeline.py took 1.564 seconds
[2026-05-04T08:41:11.714+0000] {processor.py:161} INFO - Started process (PID=17460) to work on /opt/airflow/dags/flight-pipeline.py
[2026-05-04T08:41:11.747+0000] {processor.py:830} INFO - Processing file /opt/airflow/dags/flight-pipeline.py for tasks to queue
[2026-05-04T08:41:11.770+0000] {logging_mixin.py:188} INFO - [2026-05-04T08:41:11.762+0000] {dagbag.py:545} INFO - Filling up the DagBag from /opt/airflow/dags/flight-pipeline.py
[2026-05-04T08:41:25.898+0000] {processor.py:840} INFO - DAG(s) 'flights_ops_medallion_pipe' retrieved from /opt/airflow/dags/flight-pipeline.py
[2026-05-04T08:41:26.308+0000] {logging_mixin.py:188} INFO - [2026-05-04T08:41:26.303+0000] {dag.py:3089} INFO - Sync 1 DAGs
[2026-05-04T08:41:26.627+0000] {logging_mixin.py:188} INFO - [2026-05-04T08:41:26.622+0000] {dag.py:3947} INFO - Setting next_dagrun for flights_ops_medallion_pipe to 2026-05-04 08:30:00+00:00, run_after=2026-05-04 09:00:00+00:00
[2026-05-04T08:41:26.898+0000] {processor.py:183} INFO - Processing /opt/airflow/dags/flight-pipeline.py took 15.297 seconds
[2026-05-04T08:47:51.037+0000] {processor.py:161} INFO - Started process (PID=17473) to work on /opt/airflow/dags/flight-pipeline.py
[2026-05-04T08:47:51.055+0000] {processor.py:830} INFO - Processing file /opt/airflow/dags/flight-pipeline.py for tasks to queue
[2026-05-04T08:47:51.081+0000] {logging_mixin.py:188} INFO - [2026-05-04T08:47:51.067+0000] {dagbag.py:545} INFO - Filling up the DagBag from /opt/airflow/dags/flight-pipeline.py
[2026-05-04T08:47:53.034+0000] {processor.py:840} INFO - DAG(s) 'flights_ops_medallion_pipe' retrieved from /opt/airflow/dags/flight-pipeline.py
[2026-05-04T08:47:53.119+0000] {logging_mixin.py:188} INFO - [2026-05-04T08:47:53.118+0000] {dag.py:3089} INFO - Sync 1 DAGs
[2026-05-04T08:47:53.188+0000] {logging_mixin.py:188} INFO - [2026-05-04T08:47:53.187+0000] {dag.py:3947} INFO - Setting next_dagrun for flights_ops_medallion_pipe to 2026-05-04 08:30:00+00:00, run_after=2026-05-04 09:00:00+00:00
[2026-05-04T08:47:53.236+0000] {processor.py:183} INFO - Processing /opt/airflow/dags/flight-pipeline.py took 2.303 seconds
[2026-05-04T08:48:24.029+0000] {processor.py:161} INFO - Started process (PID=17496) to work on /opt/airflow/dags/flight-pipeline.py
[2026-05-04T08:48:24.059+0000] {processor.py:830} INFO - Processing file /opt/airflow/dags/flight-pipeline.py for tasks to queue
[2026-05-04T08:48:24.075+0000] {logging_mixin.py:188} INFO - [2026-05-04T08:48:24.071+0000] {dagbag.py:545} INFO - Filling up the DagBag from /opt/airflow/dags/flight-pipeline.py
[2026-05-04T08:48:36.259+0000] {processor.py:840} INFO - DAG(s) 'flights_ops_medallion_pipe' retrieved from /opt/airflow/dags/flight-pipeline.py
[2026-05-04T08:48:36.921+0000] {logging_mixin.py:188} INFO - [2026-05-04T08:48:36.917+0000] {dag.py:3089} INFO - Sync 1 DAGs
[2026-05-04T08:48:37.303+0000] {logging_mixin.py:188} INFO - [2026-05-04T08:48:37.299+0000] {dag.py:3947} INFO - Setting next_dagrun for flights_ops_medallion_pipe to 2026-05-04 08:30:00+00:00, run_after=2026-05-04 09:00:00+00:00
[2026-05-04T08:48:37.540+0000] {processor.py:183} INFO - Processing /opt/airflow/dags/flight-pipeline.py took 13.601 seconds
[2026-05-04T09:05:04.698+0000] {processor.py:161} INFO - Started process (PID=17502) to work on /opt/airflow/dags/flight-pipeline.py
[2026-05-04T09:05:04.701+0000] {processor.py:830} INFO - Processing file /opt/airflow/dags/flight-pipeline.py for tasks to queue
[2026-05-04T09:05:04.704+0000] {logging_mixin.py:188} INFO - [2026-05-04T09:05:04.703+0000] {dagbag.py:545} INFO - Filling up the DagBag from /opt/airflow/dags/flight-pipeline.py
[2026-05-04T09:05:05.989+0000] {processor.py:840} INFO - DAG(s) 'flights_ops_medallion_pipe' retrieved from /opt/airflow/dags/flight-pipeline.py
[2026-05-04T09:05:06.029+0000] {logging_mixin.py:188} INFO - [2026-05-04T09:05:06.028+0000] {dag.py:3089} INFO - Sync 1 DAGs
[2026-05-04T09:05:06.057+0000] {logging_mixin.py:188} INFO - [2026-05-04T09:05:06.057+0000] {dag.py:3947} INFO - Setting next_dagrun for flights_ops_medallion_pipe to 2026-05-04 08:30:00+00:00, run_after=2026-05-04 09:00:00+00:00
[2026-05-04T09:05:06.083+0000] {processor.py:183} INFO - Processing /opt/airflow/dags/flight-pipeline.py took 1.412 seconds
[2026-05-04T09:05:36.770+0000] {processor.py:161} INFO - Started process (PID=17505) to work on /opt/airflow/dags/flight-pipeline.py
[2026-05-04T09:05:36.791+0000] {processor.py:830} INFO - Processing file /opt/airflow/dags/flight-pipeline.py for tasks to queue
[2026-05-04T09:05:36.804+0000] {logging_mixin.py:188} INFO - [2026-05-04T09:05:36.799+0000] {dagbag.py:545} INFO - Filling up the DagBag from /opt/airflow/dags/flight-pipeline.py
[2026-05-04T09:05:47.345+0000] {processor.py:840} INFO - DAG(s) 'flights_ops_medallion_pipe' retrieved from /opt/airflow/dags/flight-pipeline.py
[2026-05-04T09:05:48.325+0000] {logging_mixin.py:188} INFO - [2026-05-04T09:05:48.319+0000] {dag.py:3089} INFO - Sync 1 DAGs
[2026-05-04T09:05:48.604+0000] {logging_mixin.py:188} INFO - [2026-05-04T09:05:48.601+0000] {dag.py:3947} INFO - Setting next_dagrun for flights_ops_medallion_pipe to 2026-05-04 08:30:00+00:00, run_after=2026-05-04 09:00:00+00:00
[2026-05-04T09:05:48.929+0000] {processor.py:183} INFO - Processing /opt/airflow/dags/flight-pipeline.py took 12.292 seconds
[2026-05-04T09:22:27.557+0000] {processor.py:161} INFO - Started process (PID=17510) to work on /opt/airflow/dags/flight-pipeline.py
[2026-05-04T09:22:27.570+0000] {processor.py:830} INFO - Processing file /opt/airflow/dags/flight-pipeline.py for tasks to queue
[2026-05-04T09:22:27.576+0000] {logging_mixin.py:188} INFO - [2026-05-04T09:22:27.575+0000] {dagbag.py:545} INFO - Filling up the DagBag from /opt/airflow/dags/flight-pipeline.py
[2026-05-04T09:22:28.830+0000] {processor.py:840} INFO - DAG(s) 'flights_ops_medallion_pipe' retrieved from /opt/airflow/dags/flight-pipeline.py
[2026-05-04T09:22:28.875+0000] {logging_mixin.py:188} INFO - [2026-05-04T09:22:28.874+0000] {dag.py:3089} INFO - Sync 1 DAGs
[2026-05-04T09:22:28.908+0000] {logging_mixin.py:188} INFO - [2026-05-04T09:22:28.908+0000] {dag.py:3947} INFO - Setting next_dagrun for flights_ops_medallion_pipe to 2026-05-04 08:30:00+00:00, run_after=2026-05-04 09:00:00+00:00
[2026-05-04T09:22:28.929+0000] {processor.py:183} INFO - Processing /opt/airflow/dags/flight-pipeline.py took 1.455 seconds
[2026-05-04T09:22:59.550+0000] {processor.py:161} INFO - Started process (PID=17513) to work on /opt/airflow/dags/flight-pipeline.py
[2026-05-04T09:22:59.588+0000] {processor.py:830} INFO - Processing file /opt/airflow/dags/flight-pipeline.py for tasks to queue
[2026-05-04T09:22:59.602+0000] {logging_mixin.py:188} INFO - [2026-05-04T09:22:59.596+0000] {dagbag.py:545} INFO - Filling up the DagBag from /opt/airflow/dags/flight-pipeline.py
[2026-05-04T09:23:12.432+0000] {processor.py:840} INFO - DAG(s) 'flights_ops_medallion_pipe' retrieved from /opt/airflow/dags/flight-pipeline.py
[2026-05-04T09:23:12.831+0000] {logging_mixin.py:188} INFO - [2026-05-04T09:23:12.825+0000] {dag.py:3089} INFO - Sync 1 DAGs
[2026-05-04T09:23:13.146+0000] {logging_mixin.py:188} INFO - [2026-05-04T09:23:13.143+0000] {dag.py:3947} INFO - Setting next_dagrun for flights_ops_medallion_pipe to 2026-05-04 09:00:00+00:00, run_after=2026-05-04 09:30:00+00:00
[2026-05-04T09:23:13.373+0000] {processor.py:183} INFO - Processing /opt/airflow/dags/flight-pipeline.py took 13.977 seconds
[2026-05-04T09:38:12.073+0000] {processor.py:161} INFO - Started process (PID=17517) to work on /opt/airflow/dags/flight-pipeline.py
[2026-05-04T09:38:12.076+0000] {processor.py:830} INFO - Processing file /opt/airflow/dags/flight-pipeline.py for tasks to queue
[2026-05-04T09:38:12.079+0000] {logging_mixin.py:188} INFO - [2026-05-04T09:38:12.078+0000] {dagbag.py:545} INFO - Filling up the DagBag from /opt/airflow/dags/flight-pipeline.py
[2026-05-04T09:38:13.045+0000] {processor.py:840} INFO - DAG(s) 'flights_ops_medallion_pipe' retrieved from /opt/airflow/dags/flight-pipeline.py
[2026-05-04T09:38:13.084+0000] {logging_mixin.py:188} INFO - [2026-05-04T09:38:13.084+0000] {dag.py:3089} INFO - Sync 1 DAGs
[2026-05-04T09:38:13.114+0000] {logging_mixin.py:188} INFO - [2026-05-04T09:38:13.114+0000] {dag.py:3947} INFO - Setting next_dagrun for flights_ops_medallion_pipe to 2026-05-04 09:00:00+00:00, run_after=2026-05-04 09:30:00+00:00
[2026-05-04T09:38:13.150+0000] {processor.py:183} INFO - Processing /opt/airflow/dags/flight-pipeline.py took 1.091 seconds
[2026-05-04T09:38:43.416+0000] {processor.py:161} INFO - Started process (PID=17542) to work on /opt/airflow/dags/flight-pipeline.py
[2026-05-04T09:38:43.449+0000] {processor.py:830} INFO - Processing file /opt/airflow/dags/flight-pipeline.py for tasks to queue
[2026-05-04T09:38:43.464+0000] {logging_mixin.py:188} INFO - [2026-05-04T09:38:43.459+0000] {dagbag.py:545} INFO - Filling up the DagBag from /opt/airflow/dags/flight-pipeline.py
[2026-05-04T09:38:55.286+0000] {processor.py:840} INFO - DAG(s) 'flights_ops_medallion_pipe' retrieved from /opt/airflow/dags/flight-pipeline.py
[2026-05-04T09:38:55.687+0000] {logging_mixin.py:188} INFO - [2026-05-04T09:38:55.683+0000] {dag.py:3089} INFO - Sync 1 DAGs
[2026-05-04T09:38:55.985+0000] {logging_mixin.py:188} INFO - [2026-05-04T09:38:55.982+0000] {dag.py:3947} INFO - Setting next_dagrun for flights_ops_medallion_pipe to 2026-05-04 09:00:00+00:00, run_after=2026-05-04 09:30:00+00:00
[2026-05-04T09:38:56.195+0000] {processor.py:183} INFO - Processing /opt/airflow/dags/flight-pipeline.py took 12.901 seconds
[2026-05-04T09:55:59.703+0000] {processor.py:161} INFO - Started process (PID=17546) to work on /opt/airflow/dags/flight-pipeline.py
[2026-05-04T09:55:59.709+0000] {processor.py:830} INFO - Processing file /opt/airflow/dags/flight-pipeline.py for tasks to queue
[2026-05-04T09:55:59.713+0000] {logging_mixin.py:188} INFO - [2026-05-04T09:55:59.711+0000] {dagbag.py:545} INFO - Filling up the DagBag from /opt/airflow/dags/flight-pipeline.py
[2026-05-04T09:56:02.589+0000] {processor.py:840} INFO - DAG(s) 'flights_ops_medallion_pipe' retrieved from /opt/airflow/dags/flight-pipeline.py
[2026-05-04T09:56:02.677+0000] {logging_mixin.py:188} INFO - [2026-05-04T09:56:02.676+0000] {dag.py:3089} INFO - Sync 1 DAGs
[2026-05-04T09:56:02.743+0000] {logging_mixin.py:188} INFO - [2026-05-04T09:56:02.742+0000] {dag.py:3947} INFO - Setting next_dagrun for flights_ops_medallion_pipe to 2026-05-04 09:00:00+00:00, run_after=2026-05-04 09:30:00+00:00
[2026-05-04T09:56:02.781+0000] {processor.py:183} INFO - Processing /opt/airflow/dags/flight-pipeline.py took 3.154 seconds
[2026-05-04T09:56:33.653+0000] {processor.py:161} INFO - Started process (PID=17559) to work on /opt/airflow/dags/flight-pipeline.py
[2026-05-04T09:56:33.677+0000] {processor.py:830} INFO - Processing file /opt/airflow/dags/flight-pipeline.py for tasks to queue
[2026-05-04T09:56:33.689+0000] {logging_mixin.py:188} INFO - [2026-05-04T09:56:33.685+0000] {dagbag.py:545} INFO - Filling up the DagBag from /opt/airflow/dags/flight-pipeline.py
[2026-05-04T09:56:45.703+0000] {processor.py:840} INFO - DAG(s) 'flights_ops_medallion_pipe' retrieved from /opt/airflow/dags/flight-pipeline.py
[2026-05-04T09:56:46.295+0000] {logging_mixin.py:188} INFO - [2026-05-04T09:56:46.290+0000] {dag.py:3089} INFO - Sync 1 DAGs
[2026-05-04T09:56:47.170+0000] {logging_mixin.py:188} INFO - [2026-05-04T09:56:47.166+0000] {dag.py:3947} INFO - Setting next_dagrun for flights_ops_medallion_pipe to 2026-05-04 09:00:00+00:00, run_after=2026-05-04 09:30:00+00:00
[2026-05-04T09:56:47.429+0000] {processor.py:183} INFO - Processing /opt/airflow/dags/flight-pipeline.py took 13.896 seconds
[2026-05-04T09:57:18.215+0000] {processor.py:161} INFO - Started process (PID=17562) to work on /opt/airflow/dags/flight-pipeline.py
[2026-05-04T09:57:18.219+0000] {processor.py:830} INFO - Processing file /opt/airflow/dags/flight-pipeline.py for tasks to queue
[2026-05-04T09:57:18.221+0000] {logging_mixin.py:188} INFO - [2026-05-04T09:57:18.220+0000] {dagbag.py:545} INFO - Filling up the DagBag from /opt/airflow/dags/flight-pipeline.py
[2026-05-04T09:57:19.105+0000] {processor.py:840} INFO - DAG(s) 'flights_ops_medallion_pipe' retrieved from /opt/airflow/dags/flight-pipeline.py
[2026-05-04T09:57:19.152+0000] {logging_mixin.py:188} INFO - [2026-05-04T09:57:19.151+0000] {dag.py:3089} INFO - Sync 1 DAGs
[2026-05-04T09:57:19.179+0000] {logging_mixin.py:188} INFO - [2026-05-04T09:57:19.178+0000] {dag.py:3947} INFO - Setting next_dagrun for flights_ops_medallion_pipe to 2026-05-04 09:00:00+00:00, run_after=2026-05-04 09:30:00+00:00
[2026-05-04T09:57:19.199+0000] {processor.py:183} INFO - Processing /opt/airflow/dags/flight-pipeline.py took 0.995 seconds
[2026-05-04T09:57:49.449+0000] {processor.py:161} INFO - Started process (PID=17607) to work on /opt/airflow/dags/flight-pipeline.py
[2026-05-04T09:57:49.456+0000] {processor.py:830} INFO - Processing file /opt/airflow/dags/flight-pipeline.py for tasks to queue
[2026-05-04T09:57:49.458+0000] {logging_mixin.py:188} INFO - [2026-05-04T09:57:49.457+0000] {dagbag.py:545} INFO - Filling up the DagBag from /opt/airflow/dags/flight-pipeline.py
[2026-05-04T09:57:50.655+0000] {processor.py:840} INFO - DAG(s) 'flights_ops_medallion_pipe' retrieved from /opt/airflow/dags/flight-pipeline.py
[2026-05-04T09:57:50.717+0000] {logging_mixin.py:188} INFO - [2026-05-04T09:57:50.716+0000] {dag.py:3089} INFO - Sync 1 DAGs
[2026-05-04T09:57:50.768+0000] {logging_mixin.py:188} INFO - [2026-05-04T09:57:50.768+0000] {dag.py:3947} INFO - Setting next_dagrun for flights_ops_medallion_pipe to 2026-05-04 09:30:00+00:00, run_after=2026-05-04 10:00:00+00:00
[2026-05-04T09:57:50.812+0000] {processor.py:183} INFO - Processing /opt/airflow/dags/flight-pipeline.py took 1.375 seconds
[2026-05-04T09:58:21.076+0000] {processor.py:161} INFO - Started process (PID=17634) to work on /opt/airflow/dags/flight-pipeline.py
[2026-05-04T09:58:21.082+0000] {processor.py:830} INFO - Processing file /opt/airflow/dags/flight-pipeline.py for tasks to queue
[2026-05-04T09:58:21.083+0000] {logging_mixin.py:188} INFO - [2026-05-04T09:58:21.083+0000] {dagbag.py:545} INFO - Filling up the DagBag from /opt/airflow/dags/flight-pipeline.py
[2026-05-04T09:58:21.935+0000] {processor.py:840} INFO - DAG(s) 'flights_ops_medallion_pipe' retrieved from /opt/airflow/dags/flight-pipeline.py
[2026-05-04T09:58:21.983+0000] {logging_mixin.py:188} INFO - [2026-05-04T09:58:21.982+0000] {dag.py:3089} INFO - Sync 1 DAGs
[2026-05-04T09:58:22.015+0000] {logging_mixin.py:188} INFO - [2026-05-04T09:58:22.015+0000] {dag.py:3947} INFO - Setting next_dagrun for flights_ops_medallion_pipe to 2026-05-04 09:30:00+00:00, run_after=2026-05-04 10:00:00+00:00
[2026-05-04T09:58:22.038+0000] {processor.py:183} INFO - Processing /opt/airflow/dags/flight-pipeline.py took 0.974 seconds
[2026-05-04T09:58:52.290+0000] {processor.py:161} INFO - Started process (PID=17637) to work on /opt/airflow/dags/flight-pipeline.py
[2026-05-04T09:58:52.296+0000] {processor.py:830} INFO - Processing file /opt/airflow/dags/flight-pipeline.py for tasks to queue
[2026-05-04T09:58:52.298+0000] {logging_mixin.py:188} INFO - [2026-05-04T09:58:52.297+0000] {dagbag.py:545} INFO - Filling up the DagBag from /opt/airflow/dags/flight-pipeline.py
[2026-05-04T09:58:52.970+0000] {processor.py:840} INFO - DAG(s) 'flights_ops_medallion_pipe' retrieved from /opt/airflow/dags/flight-pipeline.py
[2026-05-04T09:58:53.005+0000] {logging_mixin.py:188} INFO - [2026-05-04T09:58:53.004+0000] {dag.py:3089} INFO - Sync 1 DAGs
[2026-05-04T09:58:53.030+0000] {logging_mixin.py:188} INFO - [2026-05-04T09:58:53.030+0000] {dag.py:3947} INFO - Setting next_dagrun for flights_ops_medallion_pipe to 2026-05-04 09:30:00+00:00, run_after=2026-05-04 10:00:00+00:00
[2026-05-04T09:58:53.049+0000] {processor.py:183} INFO - Processing /opt/airflow/dags/flight-pipeline.py took 0.769 seconds
[2026-05-04T09:59:23.250+0000] {processor.py:161} INFO - Started process (PID=17652) to work on /opt/airflow/dags/flight-pipeline.py
[2026-05-04T09:59:23.257+0000] {processor.py:830} INFO - Processing file /opt/airflow/dags/flight-pipeline.py for tasks to queue
[2026-05-04T09:59:23.259+0000] {logging_mixin.py:188} INFO - [2026-05-04T09:59:23.259+0000] {dagbag.py:545} INFO - Filling up the DagBag from /opt/airflow/dags/flight-pipeline.py
[2026-05-04T09:59:24.509+0000] {processor.py:840} INFO - DAG(s) 'flights_ops_medallion_pipe' retrieved from /opt/airflow/dags/flight-pipeline.py
[2026-05-04T09:59:24.572+0000] {logging_mixin.py:188} INFO - [2026-05-04T09:59:24.571+0000] {dag.py:3089} INFO - Sync 1 DAGs
[2026-05-04T09:59:24.615+0000] {logging_mixin.py:188} INFO - [2026-05-04T09:59:24.615+0000] {dag.py:3947} INFO - Setting next_dagrun for flights_ops_medallion_pipe to 2026-05-04 09:30:00+00:00, run_after=2026-05-04 10:00:00+00:00
[2026-05-04T09:59:24.648+0000] {processor.py:183} INFO - Processing /opt/airflow/dags/flight-pipeline.py took 1.413 seconds
[2026-05-04T09:59:54.887+0000] {processor.py:161} INFO - Started process (PID=17665) to work on /opt/airflow/dags/flight-pipeline.py
[2026-05-04T09:59:54.892+0000] {processor.py:830} INFO - Processing file /opt/airflow/dags/flight-pipeline.py for tasks to queue
[2026-05-04T09:59:54.894+0000] {logging_mixin.py:188} INFO - [2026-05-04T09:59:54.893+0000] {dagbag.py:545} INFO - Filling up the DagBag from /opt/airflow/dags/flight-pipeline.py
[2026-05-04T09:59:55.609+0000] {processor.py:840} INFO - DAG(s) 'flights_ops_medallion_pipe' retrieved from /opt/airflow/dags/flight-pipeline.py
[2026-05-04T09:59:55.643+0000] {logging_mixin.py:188} INFO - [2026-05-04T09:59:55.643+0000] {dag.py:3089} INFO - Sync 1 DAGs
[2026-05-04T09:59:55.667+0000] {logging_mixin.py:188} INFO - [2026-05-04T09:59:55.667+0000] {dag.py:3947} INFO - Setting next_dagrun for flights_ops_medallion_pipe to 2026-05-04 09:30:00+00:00, run_after=2026-05-04 10:00:00+00:00
[2026-05-04T09:59:55.698+0000] {processor.py:183} INFO - Processing /opt/airflow/dags/flight-pipeline.py took 0.819 seconds
[2026-05-04T10:15:19.054+0000] {processor.py:161} INFO - Started process (PID=17668) to work on /opt/airflow/dags/flight-pipeline.py
[2026-05-04T10:15:19.059+0000] {processor.py:830} INFO - Processing file /opt/airflow/dags/flight-pipeline.py for tasks to queue
[2026-05-04T10:15:19.064+0000] {logging_mixin.py:188} INFO - [2026-05-04T10:15:19.063+0000] {dagbag.py:545} INFO - Filling up the DagBag from /opt/airflow/dags/flight-pipeline.py
[2026-05-04T10:15:21.284+0000] {processor.py:840} INFO - DAG(s) 'flights_ops_medallion_pipe' retrieved from /opt/airflow/dags/flight-pipeline.py
[2026-05-04T10:15:21.355+0000] {logging_mixin.py:188} INFO - [2026-05-04T10:15:21.355+0000] {dag.py:3089} INFO - Sync 1 DAGs
[2026-05-04T10:15:21.431+0000] {logging_mixin.py:188} INFO - [2026-05-04T10:15:21.430+0000] {dag.py:3947} INFO - Setting next_dagrun for flights_ops_medallion_pipe to 2026-05-04 09:30:00+00:00, run_after=2026-05-04 10:00:00+00:00
[2026-05-04T10:15:21.463+0000] {processor.py:183} INFO - Processing /opt/airflow/dags/flight-pipeline.py took 2.483 seconds
[2026-05-04T10:15:51.895+0000] {processor.py:161} INFO - Started process (PID=17671) to work on /opt/airflow/dags/flight-pipeline.py
[2026-05-04T10:15:51.916+0000] {processor.py:830} INFO - Processing file /opt/airflow/dags/flight-pipeline.py for tasks to queue
[2026-05-04T10:15:51.928+0000] {logging_mixin.py:188} INFO - [2026-05-04T10:15:51.923+0000] {dagbag.py:545} INFO - Filling up the DagBag from /opt/airflow/dags/flight-pipeline.py
[2026-05-04T10:16:02.641+0000] {processor.py:840} INFO - DAG(s) 'flights_ops_medallion_pipe' retrieved from /opt/airflow/dags/flight-pipeline.py
[2026-05-04T10:16:03.160+0000] {logging_mixin.py:188} INFO - [2026-05-04T10:16:03.155+0000] {dag.py:3089} INFO - Sync 1 DAGs
[2026-05-04T10:16:03.631+0000] {logging_mixin.py:188} INFO - [2026-05-04T10:16:03.629+0000] {dag.py:3947} INFO - Setting next_dagrun for flights_ops_medallion_pipe to 2026-05-04 09:30:00+00:00, run_after=2026-05-04 10:00:00+00:00
[2026-05-04T10:16:03.987+0000] {processor.py:183} INFO - Processing /opt/airflow/dags/flight-pipeline.py took 12.268 seconds
[2026-05-04T10:16:34.483+0000] {processor.py:161} INFO - Started process (PID=17685) to work on /opt/airflow/dags/flight-pipeline.py
[2026-05-04T10:16:34.486+0000] {processor.py:830} INFO - Processing file /opt/airflow/dags/flight-pipeline.py for tasks to queue
[2026-05-04T10:16:34.489+0000] {logging_mixin.py:188} INFO - [2026-05-04T10:16:34.488+0000] {dagbag.py:545} INFO - Filling up the DagBag from /opt/airflow/dags/flight-pipeline.py
[2026-05-04T10:16:35.859+0000] {processor.py:840} INFO - DAG(s) 'flights_ops_medallion_pipe' retrieved from /opt/airflow/dags/flight-pipeline.py
[2026-05-04T10:16:35.910+0000] {logging_mixin.py:188} INFO - [2026-05-04T10:16:35.910+0000] {dag.py:3089} INFO - Sync 1 DAGs
[2026-05-04T10:16:35.961+0000] {logging_mixin.py:188} INFO - [2026-05-04T10:16:35.960+0000] {dag.py:3947} INFO - Setting next_dagrun for flights_ops_medallion_pipe to 2026-05-04 10:00:00+00:00, run_after=2026-05-04 10:30:00+00:00
[2026-05-04T10:16:35.992+0000] {processor.py:183} INFO - Processing /opt/airflow/dags/flight-pipeline.py took 1.522 seconds
[2026-05-04T10:17:06.279+0000] {processor.py:161} INFO - Started process (PID=17699) to work on /opt/airflow/dags/flight-pipeline.py
[2026-05-04T10:17:06.282+0000] {processor.py:830} INFO - Processing file /opt/airflow/dags/flight-pipeline.py for tasks to queue
[2026-05-04T10:17:06.283+0000] {logging_mixin.py:188} INFO - [2026-05-04T10:17:06.283+0000] {dagbag.py:545} INFO - Filling up the DagBag from /opt/airflow/dags/flight-pipeline.py
[2026-05-04T10:17:07.038+0000] {processor.py:840} INFO - DAG(s) 'flights_ops_medallion_pipe' retrieved from /opt/airflow/dags/flight-pipeline.py
[2026-05-04T10:17:07.083+0000] {logging_mixin.py:188} INFO - [2026-05-04T10:17:07.082+0000] {dag.py:3089} INFO - Sync 1 DAGs
[2026-05-04T10:17:07.109+0000] {logging_mixin.py:188} INFO - [2026-05-04T10:17:07.109+0000] {dag.py:3947} INFO - Setting next_dagrun for flights_ops_medallion_pipe to 2026-05-04 10:00:00+00:00, run_after=2026-05-04 10:30:00+00:00
[2026-05-04T10:17:07.128+0000] {processor.py:183} INFO - Processing /opt/airflow/dags/flight-pipeline.py took 0.860 seconds
[2026-05-04T10:17:37.355+0000] {processor.py:161} INFO - Started process (PID=17702) to work on /opt/airflow/dags/flight-pipeline.py
[2026-05-04T10:17:37.357+0000] {processor.py:830} INFO - Processing file /opt/airflow/dags/flight-pipeline.py for tasks to queue
[2026-05-04T10:17:37.358+0000] {logging_mixin.py:188} INFO - [2026-05-04T10:17:37.358+0000] {dagbag.py:545} INFO - Filling up the DagBag from /opt/airflow/dags/flight-pipeline.py
[2026-05-04T10:17:38.018+0000] {processor.py:840} INFO - DAG(s) 'flights_ops_medallion_pipe' retrieved from /opt/airflow/dags/flight-pipeline.py
[2026-05-04T10:17:38.056+0000] {logging_mixin.py:188} INFO - [2026-05-04T10:17:38.055+0000] {dag.py:3089} INFO - Sync 1 DAGs
[2026-05-04T10:17:38.085+0000] {logging_mixin.py:188} INFO - [2026-05-04T10:17:38.085+0000] {dag.py:3947} INFO - Setting next_dagrun for flights_ops_medallion_pipe to 2026-05-04 10:00:00+00:00, run_after=2026-05-04 10:30:00+00:00
[2026-05-04T10:17:38.107+0000] {processor.py:183} INFO - Processing /opt/airflow/dags/flight-pipeline.py took 0.761 seconds
[2026-05-04T10:18:08.280+0000] {processor.py:161} INFO - Started process (PID=17725) to work on /opt/airflow/dags/flight-pipeline.py
[2026-05-04T10:18:08.283+0000] {processor.py:830} INFO - Processing file /opt/airflow/dags/flight-pipeline.py for tasks to queue
[2026-05-04T10:18:08.285+0000] {logging_mixin.py:188} INFO - [2026-05-04T10:18:08.284+0000] {dagbag.py:545} INFO - Filling up the DagBag from /opt/airflow/dags/flight-pipeline.py
[2026-05-04T10:18:09.477+0000] {processor.py:840} INFO - DAG(s) 'flights_ops_medallion_pipe' retrieved from /opt/airflow/dags/flight-pipeline.py
[2026-05-04T10:18:09.555+0000] {logging_mixin.py:188} INFO - [2026-05-04T10:18:09.554+0000] {dag.py:3089} INFO - Sync 1 DAGs
[2026-05-04T10:18:09.606+0000] {logging_mixin.py:188} INFO - [2026-05-04T10:18:09.606+0000] {dag.py:3947} INFO - Setting next_dagrun for flights_ops_medallion_pipe to 2026-05-04 10:00:00+00:00, run_after=2026-05-04 10:30:00+00:00
[2026-05-04T10:18:09.647+0000] {processor.py:183} INFO - Processing /opt/airflow/dags/flight-pipeline.py took 1.382 seconds
[2026-05-04T10:18:39.924+0000] {processor.py:161} INFO - Started process (PID=17741) to work on /opt/airflow/dags/flight-pipeline.py
[2026-05-04T10:18:39.926+0000] {processor.py:830} INFO - Processing file /opt/airflow/dags/flight-pipeline.py for tasks to queue
[2026-05-04T10:18:39.928+0000] {logging_mixin.py:188} INFO - [2026-05-04T10:18:39.927+0000] {dagbag.py:545} INFO - Filling up the DagBag from /opt/airflow/dags/flight-pipeline.py
[2026-05-04T10:18:40.578+0000] {processor.py:840} INFO - DAG(s) 'flights_ops_medallion_pipe' retrieved from /opt/airflow/dags/flight-pipeline.py
[2026-05-04T10:18:40.613+0000] {logging_mixin.py:188} INFO - [2026-05-04T10:18:40.612+0000] {dag.py:3089} INFO - Sync 1 DAGs
[2026-05-04T10:18:40.637+0000] {logging_mixin.py:188} INFO - [2026-05-04T10:18:40.636+0000] {dag.py:3947} INFO - Setting next_dagrun for flights_ops_medallion_pipe to 2026-05-04 10:00:00+00:00, run_after=2026-05-04 10:30:00+00:00
[2026-05-04T10:18:40.658+0000] {processor.py:183} INFO - Processing /opt/airflow/dags/flight-pipeline.py took 0.744 seconds
[2026-05-04T10:19:10.813+0000] {processor.py:161} INFO - Started process (PID=17744) to work on /opt/airflow/dags/flight-pipeline.py
[2026-05-04T10:19:10.815+0000] {processor.py:830} INFO - Processing file /opt/airflow/dags/flight-pipeline.py for tasks to queue
[2026-05-04T10:19:10.816+0000] {logging_mixin.py:188} INFO - [2026-05-04T10:19:10.816+0000] {dagbag.py:545} INFO - Filling up the DagBag from /opt/airflow/dags/flight-pipeline.py
[2026-05-04T10:19:11.480+0000] {processor.py:840} INFO - DAG(s) 'flights_ops_medallion_pipe' retrieved from /opt/airflow/dags/flight-pipeline.py
[2026-05-04T10:19:11.512+0000] {logging_mixin.py:188} INFO - [2026-05-04T10:19:11.512+0000] {dag.py:3089} INFO - Sync 1 DAGs
[2026-05-04T10:19:11.537+0000] {logging_mixin.py:188} INFO - [2026-05-04T10:19:11.537+0000] {dag.py:3947} INFO - Setting next_dagrun for flights_ops_medallion_pipe to 2026-05-04 10:00:00+00:00, run_after=2026-05-04 10:30:00+00:00
[2026-05-04T10:19:11.556+0000] {processor.py:183} INFO - Processing /opt/airflow/dags/flight-pipeline.py took 0.755 seconds
[2026-05-04T10:19:41.822+0000] {processor.py:161} INFO - Started process (PID=17747) to work on /opt/airflow/dags/flight-pipeline.py
[2026-05-04T10:19:41.824+0000] {processor.py:830} INFO - Processing file /opt/airflow/dags/flight-pipeline.py for tasks to queue
[2026-05-04T10:19:41.825+0000] {logging_mixin.py:188} INFO - [2026-05-04T10:19:41.825+0000] {dagbag.py:545} INFO - Filling up the DagBag from /opt/airflow/dags/flight-pipeline.py
[2026-05-04T10:19:42.467+0000] {processor.py:840} INFO - DAG(s) 'flights_ops_medallion_pipe' retrieved from /opt/airflow/dags/flight-pipeline.py
[2026-05-04T10:19:42.502+0000] {logging_mixin.py:188} INFO - [2026-05-04T10:19:42.501+0000] {dag.py:3089} INFO - Sync 1 DAGs
[2026-05-04T10:19:42.530+0000] {logging_mixin.py:188} INFO - [2026-05-04T10:19:42.530+0000] {dag.py:3947} INFO - Setting next_dagrun for flights_ops_medallion_pipe to 2026-05-04 10:00:00+00:00, run_after=2026-05-04 10:30:00+00:00
[2026-05-04T10:19:42.552+0000] {processor.py:183} INFO - Processing /opt/airflow/dags/flight-pipeline.py took 0.741 seconds
[2026-05-04T10:20:12.798+0000] {processor.py:161} INFO - Started process (PID=17750) to work on /opt/airflow/dags/flight-pipeline.py
[2026-05-04T10:20:12.800+0000] {processor.py:830} INFO - Processing file /opt/airflow/dags/flight-pipeline.py for tasks to queue
[2026-05-04T10:20:12.802+0000] {logging_mixin.py:188} INFO - [2026-05-04T10:20:12.801+0000] {dagbag.py:545} INFO - Filling up the DagBag from /opt/airflow/dags/flight-pipeline.py
[2026-05-04T10:20:13.466+0000] {processor.py:840} INFO - DAG(s) 'flights_ops_medallion_pipe' retrieved from /opt/airflow/dags/flight-pipeline.py
[2026-05-04T10:20:13.501+0000] {logging_mixin.py:188} INFO - [2026-05-04T10:20:13.501+0000] {dag.py:3089} INFO - Sync 1 DAGs
[2026-05-04T10:20:13.526+0000] {logging_mixin.py:188} INFO - [2026-05-04T10:20:13.526+0000] {dag.py:3947} INFO - Setting next_dagrun for flights_ops_medallion_pipe to 2026-05-04 10:00:00+00:00, run_after=2026-05-04 10:30:00+00:00
[2026-05-04T10:20:13.546+0000] {processor.py:183} INFO - Processing /opt/airflow/dags/flight-pipeline.py took 0.759 seconds
[2026-05-04T10:20:43.788+0000] {processor.py:161} INFO - Started process (PID=17753) to work on /opt/airflow/dags/flight-pipeline.py
[2026-05-04T10:20:43.790+0000] {processor.py:830} INFO - Processing file /opt/airflow/dags/flight-pipeline.py for tasks to queue
[2026-05-04T10:20:43.791+0000] {logging_mixin.py:188} INFO - [2026-05-04T10:20:43.791+0000] {dagbag.py:545} INFO - Filling up the DagBag from /opt/airflow/dags/flight-pipeline.py
[2026-05-04T10:20:44.457+0000] {processor.py:840} INFO - DAG(s) 'flights_ops_medallion_pipe' retrieved from /opt/airflow/dags/flight-pipeline.py
[2026-05-04T10:20:44.492+0000] {logging_mixin.py:188} INFO - [2026-05-04T10:20:44.492+0000] {dag.py:3089} INFO - Sync 1 DAGs
[2026-05-04T10:20:44.517+0000] {logging_mixin.py:188} INFO - [2026-05-04T10:20:44.517+0000] {dag.py:3947} INFO - Setting next_dagrun for flights_ops_medallion_pipe to 2026-05-04 10:00:00+00:00, run_after=2026-05-04 10:30:00+00:00
[2026-05-04T10:20:44.537+0000] {processor.py:183} INFO - Processing /opt/airflow/dags/flight-pipeline.py took 0.758 seconds
[2026-05-04T10:21:14.963+0000] {processor.py:161} INFO - Started process (PID=17756) to work on /opt/airflow/dags/flight-pipeline.py
[2026-05-04T10:21:14.967+0000] {processor.py:830} INFO - Processing file /opt/airflow/dags/flight-pipeline.py for tasks to queue
[2026-05-04T10:21:14.969+0000] {logging_mixin.py:188} INFO - [2026-05-04T10:21:14.969+0000] {dagbag.py:545} INFO - Filling up the DagBag from /opt/airflow/dags/flight-pipeline.py
[2026-05-04T10:21:15.704+0000] {processor.py:840} INFO - DAG(s) 'flights_ops_medallion_pipe' retrieved from /opt/airflow/dags/flight-pipeline.py
[2026-05-04T10:21:15.745+0000] {logging_mixin.py:188} INFO - [2026-05-04T10:21:15.744+0000] {dag.py:3089} INFO - Sync 1 DAGs
[2026-05-04T10:21:15.776+0000] {logging_mixin.py:188} INFO - [2026-05-04T10:21:15.776+0000] {dag.py:3947} INFO - Setting next_dagrun for flights_ops_medallion_pipe to 2026-05-04 10:00:00+00:00, run_after=2026-05-04 10:30:00+00:00
[2026-05-04T10:21:15.797+0000] {processor.py:183} INFO - Processing /opt/airflow/dags/flight-pipeline.py took 0.861 seconds
[2026-05-04T10:21:46.038+0000] {processor.py:161} INFO - Started process (PID=17759) to work on /opt/airflow/dags/flight-pipeline.py
[2026-05-04T10:21:46.040+0000] {processor.py:830} INFO - Processing file /opt/airflow/dags/flight-pipeline.py for tasks to queue
[2026-05-04T10:21:46.044+0000] {logging_mixin.py:188} INFO - [2026-05-04T10:21:46.042+0000] {dagbag.py:545} INFO - Filling up the DagBag from /opt/airflow/dags/flight-pipeline.py
[2026-05-04T10:21:46.757+0000] {processor.py:840} INFO - DAG(s) 'flights_ops_medallion_pipe' retrieved from /opt/airflow/dags/flight-pipeline.py
[2026-05-04T10:21:46.790+0000] {logging_mixin.py:188} INFO - [2026-05-04T10:21:46.790+0000] {dag.py:3089} INFO - Sync 1 DAGs
[2026-05-04T10:21:46.816+0000] {logging_mixin.py:188} INFO - [2026-05-04T10:21:46.816+0000] {dag.py:3947} INFO - Setting next_dagrun for flights_ops_medallion_pipe to 2026-05-04 10:00:00+00:00, run_after=2026-05-04 10:30:00+00:00
[2026-05-04T10:21:46.840+0000] {processor.py:183} INFO - Processing /opt/airflow/dags/flight-pipeline.py took 0.812 seconds
[2026-05-04T10:38:51.694+0000] {processor.py:161} INFO - Started process (PID=17763) to work on /opt/airflow/dags/flight-pipeline.py
[2026-05-04T10:38:51.701+0000] {processor.py:830} INFO - Processing file /opt/airflow/dags/flight-pipeline.py for tasks to queue
[2026-05-04T10:38:51.714+0000] {logging_mixin.py:188} INFO - [2026-05-04T10:38:51.714+0000] {dagbag.py:545} INFO - Filling up the DagBag from /opt/airflow/dags/flight-pipeline.py
[2026-05-04T10:38:53.941+0000] {processor.py:840} INFO - DAG(s) 'flights_ops_medallion_pipe' retrieved from /opt/airflow/dags/flight-pipeline.py
[2026-05-04T10:38:54.015+0000] {logging_mixin.py:188} INFO - [2026-05-04T10:38:54.015+0000] {dag.py:3089} INFO - Sync 1 DAGs
[2026-05-04T10:38:54.095+0000] {logging_mixin.py:188} INFO - [2026-05-04T10:38:54.094+0000] {dag.py:3947} INFO - Setting next_dagrun for flights_ops_medallion_pipe to 2026-05-04 10:30:00+00:00, run_after=2026-05-04 11:00:00+00:00
[2026-05-04T10:38:54.152+0000] {processor.py:183} INFO - Processing /opt/airflow/dags/flight-pipeline.py took 2.477 seconds
[2026-05-04T10:39:24.629+0000] {processor.py:161} INFO - Started process (PID=17778) to work on /opt/airflow/dags/flight-pipeline.py
[2026-05-04T10:39:24.661+0000] {processor.py:830} INFO - Processing file /opt/airflow/dags/flight-pipeline.py for tasks to queue
[2026-05-04T10:39:24.673+0000] {logging_mixin.py:188} INFO - [2026-05-04T10:39:24.669+0000] {dagbag.py:545} INFO - Filling up the DagBag from /opt/airflow/dags/flight-pipeline.py
[2026-05-04T10:39:37.005+0000] {processor.py:840} INFO - DAG(s) 'flights_ops_medallion_pipe' retrieved from /opt/airflow/dags/flight-pipeline.py
[2026-05-04T10:39:37.431+0000] {logging_mixin.py:188} INFO - [2026-05-04T10:39:37.426+0000] {dag.py:3089} INFO - Sync 1 DAGs
[2026-05-04T10:39:37.752+0000] {logging_mixin.py:188} INFO - [2026-05-04T10:39:37.749+0000] {dag.py:3947} INFO - Setting next_dagrun for flights_ops_medallion_pipe to 2026-05-04 10:30:00+00:00, run_after=2026-05-04 11:00:00+00:00
[2026-05-04T10:39:37.977+0000] {processor.py:183} INFO - Processing /opt/airflow/dags/flight-pipeline.py took 13.507 seconds
[2026-05-04T10:40:08.764+0000] {processor.py:161} INFO - Started process (PID=17800) to work on /opt/airflow/dags/flight-pipeline.py
[2026-05-04T10:40:08.772+0000] {processor.py:830} INFO - Processing file /opt/airflow/dags/flight-pipeline.py for tasks to queue
[2026-05-04T10:40:08.778+0000] {logging_mixin.py:188} INFO - [2026-05-04T10:40:08.777+0000] {dagbag.py:545} INFO - Filling up the DagBag from /opt/airflow/dags/flight-pipeline.py
[2026-05-04T10:40:09.875+0000] {processor.py:840} INFO - DAG(s) 'flights_ops_medallion_pipe' retrieved from /opt/airflow/dags/flight-pipeline.py
[2026-05-04T10:40:09.932+0000] {logging_mixin.py:188} INFO - [2026-05-04T10:40:09.932+0000] {dag.py:3089} INFO - Sync 1 DAGs
[2026-05-04T10:40:09.969+0000] {logging_mixin.py:188} INFO - [2026-05-04T10:40:09.969+0000] {dag.py:3947} INFO - Setting next_dagrun for flights_ops_medallion_pipe to 2026-05-04 10:30:00+00:00, run_after=2026-05-04 11:00:00+00:00
[2026-05-04T10:40:10.003+0000] {processor.py:183} INFO - Processing /opt/airflow/dags/flight-pipeline.py took 1.255 seconds
[2026-05-04T10:40:41.355+0000] {processor.py:161} INFO - Started process (PID=17816) to work on /opt/airflow/dags/flight-pipeline.py
[2026-05-04T10:40:41.383+0000] {processor.py:830} INFO - Processing file /opt/airflow/dags/flight-pipeline.py for tasks to queue
[2026-05-04T10:40:41.406+0000] {logging_mixin.py:188} INFO - [2026-05-04T10:40:41.399+0000] {dagbag.py:545} INFO - Filling up the DagBag from /opt/airflow/dags/flight-pipeline.py
[2026-05-04T10:40:53.282+0000] {processor.py:840} INFO - DAG(s) 'flights_ops_medallion_pipe' retrieved from /opt/airflow/dags/flight-pipeline.py
[2026-05-04T10:40:53.896+0000] {logging_mixin.py:188} INFO - [2026-05-04T10:40:53.892+0000] {dag.py:3089} INFO - Sync 1 DAGs
[2026-05-04T10:40:54.190+0000] {logging_mixin.py:188} INFO - [2026-05-04T10:40:54.188+0000] {dag.py:3947} INFO - Setting next_dagrun for flights_ops_medallion_pipe to 2026-05-04 10:30:00+00:00, run_after=2026-05-04 11:00:00+00:00
[2026-05-04T10:40:54.472+0000] {processor.py:183} INFO - Processing /opt/airflow/dags/flight-pipeline.py took 13.296 seconds
[2026-05-04T10:56:41.047+0000] {processor.py:161} INFO - Started process (PID=17820) to work on /opt/airflow/dags/flight-pipeline.py
[2026-05-04T10:56:41.055+0000] {processor.py:830} INFO - Processing file /opt/airflow/dags/flight-pipeline.py for tasks to queue
[2026-05-04T10:56:41.059+0000] {logging_mixin.py:188} INFO - [2026-05-04T10:56:41.058+0000] {dagbag.py:545} INFO - Filling up the DagBag from /opt/airflow/dags/flight-pipeline.py
[2026-05-04T10:56:42.404+0000] {processor.py:840} INFO - DAG(s) 'flights_ops_medallion_pipe' retrieved from /opt/airflow/dags/flight-pipeline.py
[2026-05-04T10:56:42.444+0000] {logging_mixin.py:188} INFO - [2026-05-04T10:56:42.443+0000] {dag.py:3089} INFO - Sync 1 DAGs
[2026-05-04T10:56:42.480+0000] {logging_mixin.py:188} INFO - [2026-05-04T10:56:42.480+0000] {dag.py:3947} INFO - Setting next_dagrun for flights_ops_medallion_pipe to 2026-05-04 10:30:00+00:00, run_after=2026-05-04 11:00:00+00:00
[2026-05-04T10:56:42.505+0000] {processor.py:183} INFO - Processing /opt/airflow/dags/flight-pipeline.py took 1.479 seconds
[2026-05-04T10:57:13.314+0000] {processor.py:161} INFO - Started process (PID=17823) to work on /opt/airflow/dags/flight-pipeline.py
[2026-05-04T10:57:13.334+0000] {processor.py:830} INFO - Processing file /opt/airflow/dags/flight-pipeline.py for tasks to queue
[2026-05-04T10:57:13.347+0000] {logging_mixin.py:188} INFO - [2026-05-04T10:57:13.342+0000] {dagbag.py:545} INFO - Filling up the DagBag from /opt/airflow/dags/flight-pipeline.py
[2026-05-04T10:57:24.284+0000] {processor.py:840} INFO - DAG(s) 'flights_ops_medallion_pipe' retrieved from /opt/airflow/dags/flight-pipeline.py
[2026-05-04T10:57:24.726+0000] {logging_mixin.py:188} INFO - [2026-05-04T10:57:24.721+0000] {dag.py:3089} INFO - Sync 1 DAGs
[2026-05-04T10:57:25.103+0000] {logging_mixin.py:188} INFO - [2026-05-04T10:57:25.100+0000] {dag.py:3947} INFO - Setting next_dagrun for flights_ops_medallion_pipe to 2026-05-04 10:30:00+00:00, run_after=2026-05-04 11:00:00+00:00
[2026-05-04T10:57:25.319+0000] {processor.py:183} INFO - Processing /opt/airflow/dags/flight-pipeline.py took 12.110 seconds
[2026-05-04T11:02:25.995+0000] {processor.py:161} INFO - Started process (PID=17828) to work on /opt/airflow/dags/flight-pipeline.py
[2026-05-04T11:02:25.997+0000] {processor.py:830} INFO - Processing file /opt/airflow/dags/flight-pipeline.py for tasks to queue
[2026-05-04T11:02:26.001+0000] {logging_mixin.py:188} INFO - [2026-05-04T11:02:26.000+0000] {dagbag.py:545} INFO - Filling up the DagBag from /opt/airflow/dags/flight-pipeline.py
[2026-05-04T11:02:26.987+0000] {processor.py:840} INFO - DAG(s) 'flights_ops_medallion_pipe' retrieved from /opt/airflow/dags/flight-pipeline.py
[2026-05-04T11:02:27.027+0000] {logging_mixin.py:188} INFO - [2026-05-04T11:02:27.026+0000] {dag.py:3089} INFO - Sync 1 DAGs
[2026-05-04T11:02:27.051+0000] {logging_mixin.py:188} INFO - [2026-05-04T11:02:27.051+0000] {dag.py:3947} INFO - Setting next_dagrun for flights_ops_medallion_pipe to 2026-05-04 11:00:00+00:00, run_after=2026-05-04 11:30:00+00:00
[2026-05-04T11:02:27.072+0000] {processor.py:183} INFO - Processing /opt/airflow/dags/flight-pipeline.py took 1.106 seconds
[2026-05-04T11:02:57.624+0000] {processor.py:161} INFO - Started process (PID=17850) to work on /opt/airflow/dags/flight-pipeline.py
[2026-05-04T11:02:57.647+0000] {processor.py:830} INFO - Processing file /opt/airflow/dags/flight-pipeline.py for tasks to queue
[2026-05-04T11:02:57.658+0000] {logging_mixin.py:188} INFO - [2026-05-04T11:02:57.654+0000] {dagbag.py:545} INFO - Filling up the DagBag from /opt/airflow/dags/flight-pipeline.py
[2026-05-04T11:03:11.548+0000] {processor.py:840} INFO - DAG(s) 'flights_ops_medallion_pipe' retrieved from /opt/airflow/dags/flight-pipeline.py
[2026-05-04T11:03:12.158+0000] {logging_mixin.py:188} INFO - [2026-05-04T11:03:12.143+0000] {dag.py:3089} INFO - Sync 1 DAGs
[2026-05-04T11:03:12.535+0000] {logging_mixin.py:188} INFO - [2026-05-04T11:03:12.532+0000] {dag.py:3947} INFO - Setting next_dagrun for flights_ops_medallion_pipe to 2026-05-04 11:00:00+00:00, run_after=2026-05-04 11:30:00+00:00
[2026-05-04T11:03:12.844+0000] {processor.py:183} INFO - Processing /opt/airflow/dags/flight-pipeline.py took 15.329 seconds
[2026-05-04T11:03:43.791+0000] {processor.py:161} INFO - Started process (PID=17877) to work on /opt/airflow/dags/flight-pipeline.py
[2026-05-04T11:03:43.793+0000] {processor.py:830} INFO - Processing file /opt/airflow/dags/flight-pipeline.py for tasks to queue
[2026-05-04T11:03:43.796+0000] {logging_mixin.py:188} INFO - [2026-05-04T11:03:43.795+0000] {dagbag.py:545} INFO - Filling up the DagBag from /opt/airflow/dags/flight-pipeline.py
[2026-05-04T11:03:44.545+0000] {processor.py:840} INFO - DAG(s) 'flights_ops_medallion_pipe' retrieved from /opt/airflow/dags/flight-pipeline.py
[2026-05-04T11:03:44.588+0000] {logging_mixin.py:188} INFO - [2026-05-04T11:03:44.588+0000] {dag.py:3089} INFO - Sync 1 DAGs
[2026-05-04T11:03:44.613+0000] {logging_mixin.py:188} INFO - [2026-05-04T11:03:44.613+0000] {dag.py:3947} INFO - Setting next_dagrun for flights_ops_medallion_pipe to 2026-05-04 11:00:00+00:00, run_after=2026-05-04 11:30:00+00:00
[2026-05-04T11:03:44.634+0000] {processor.py:183} INFO - Processing /opt/airflow/dags/flight-pipeline.py took 0.852 seconds
[2026-05-04T11:04:14.964+0000] {processor.py:161} INFO - Started process (PID=17880) to work on /opt/airflow/dags/flight-pipeline.py
[2026-05-04T11:04:14.971+0000] {processor.py:830} INFO - Processing file /opt/airflow/dags/flight-pipeline.py for tasks to queue
[2026-05-04T11:04:14.972+0000] {logging_mixin.py:188} INFO - [2026-05-04T11:04:14.972+0000] {dagbag.py:545} INFO - Filling up the DagBag from /opt/airflow/dags/flight-pipeline.py
[2026-05-04T11:04:15.604+0000] {processor.py:840} INFO - DAG(s) 'flights_ops_medallion_pipe' retrieved from /opt/airflow/dags/flight-pipeline.py
[2026-05-04T11:04:15.636+0000] {logging_mixin.py:188} INFO - [2026-05-04T11:04:15.635+0000] {dag.py:3089} INFO - Sync 1 DAGs
[2026-05-04T11:04:15.659+0000] {logging_mixin.py:188} INFO - [2026-05-04T11:04:15.659+0000] {dag.py:3947} INFO - Setting next_dagrun for flights_ops_medallion_pipe to 2026-05-04 11:00:00+00:00, run_after=2026-05-04 11:30:00+00:00
[2026-05-04T11:04:15.677+0000] {processor.py:183} INFO - Processing /opt/airflow/dags/flight-pipeline.py took 0.722 seconds
[2026-05-04T11:04:45.966+0000] {processor.py:161} INFO - Started process (PID=17883) to work on /opt/airflow/dags/flight-pipeline.py
[2026-05-04T11:04:45.968+0000] {processor.py:830} INFO - Processing file /opt/airflow/dags/flight-pipeline.py for tasks to queue
[2026-05-04T11:04:45.969+0000] {logging_mixin.py:188} INFO - [2026-05-04T11:04:45.969+0000] {dagbag.py:545} INFO - Filling up the DagBag from /opt/airflow/dags/flight-pipeline.py
[2026-05-04T11:04:46.583+0000] {processor.py:840} INFO - DAG(s) 'flights_ops_medallion_pipe' retrieved from /opt/airflow/dags/flight-pipeline.py
[2026-05-04T11:04:46.614+0000] {logging_mixin.py:188} INFO - [2026-05-04T11:04:46.614+0000] {dag.py:3089} INFO - Sync 1 DAGs
[2026-05-04T11:04:46.636+0000] {logging_mixin.py:188} INFO - [2026-05-04T11:04:46.636+0000] {dag.py:3947} INFO - Setting next_dagrun for flights_ops_medallion_pipe to 2026-05-04 11:00:00+00:00, run_after=2026-05-04 11:30:00+00:00
[2026-05-04T11:04:46.655+0000] {processor.py:183} INFO - Processing /opt/airflow/dags/flight-pipeline.py took 0.698 seconds
[2026-05-04T11:05:16.950+0000] {processor.py:161} INFO - Started process (PID=17886) to work on /opt/airflow/dags/flight-pipeline.py
[2026-05-04T11:05:16.953+0000] {processor.py:830} INFO - Processing file /opt/airflow/dags/flight-pipeline.py for tasks to queue
[2026-05-04T11:05:16.955+0000] {logging_mixin.py:188} INFO - [2026-05-04T11:05:16.954+0000] {dagbag.py:545} INFO - Filling up the DagBag from /opt/airflow/dags/flight-pipeline.py
[2026-05-04T11:05:17.600+0000] {processor.py:840} INFO - DAG(s) 'flights_ops_medallion_pipe' retrieved from /opt/airflow/dags/flight-pipeline.py
[2026-05-04T11:05:17.635+0000] {logging_mixin.py:188} INFO - [2026-05-04T11:05:17.634+0000] {dag.py:3089} INFO - Sync 1 DAGs
[2026-05-04T11:05:17.657+0000] {logging_mixin.py:188} INFO - [2026-05-04T11:05:17.657+0000] {dag.py:3947} INFO - Setting next_dagrun for flights_ops_medallion_pipe to 2026-05-04 11:00:00+00:00, run_after=2026-05-04 11:30:00+00:00
[2026-05-04T11:05:17.675+0000] {processor.py:183} INFO - Processing /opt/airflow/dags/flight-pipeline.py took 0.737 seconds
[2026-05-04T11:05:48.089+0000] {processor.py:161} INFO - Started process (PID=17889) to work on /opt/airflow/dags/flight-pipeline.py
[2026-05-04T11:05:48.093+0000] {processor.py:830} INFO - Processing file /opt/airflow/dags/flight-pipeline.py for tasks to queue
[2026-05-04T11:05:48.095+0000] {logging_mixin.py:188} INFO - [2026-05-04T11:05:48.094+0000] {dagbag.py:545} INFO - Filling up the DagBag from /opt/airflow/dags/flight-pipeline.py
[2026-05-04T11:05:48.866+0000] {processor.py:840} INFO - DAG(s) 'flights_ops_medallion_pipe' retrieved from /opt/airflow/dags/flight-pipeline.py
[2026-05-04T11:05:48.905+0000] {logging_mixin.py:188} INFO - [2026-05-04T11:05:48.905+0000] {dag.py:3089} INFO - Sync 1 DAGs
[2026-05-04T11:05:48.935+0000] {logging_mixin.py:188} INFO - [2026-05-04T11:05:48.935+0000] {dag.py:3947} INFO - Setting next_dagrun for flights_ops_medallion_pipe to 2026-05-04 11:00:00+00:00, run_after=2026-05-04 11:30:00+00:00
[2026-05-04T11:05:48.955+0000] {processor.py:183} INFO - Processing /opt/airflow/dags/flight-pipeline.py took 0.881 seconds
[2026-05-04T11:06:19.286+0000] {processor.py:161} INFO - Started process (PID=17892) to work on /opt/airflow/dags/flight-pipeline.py
[2026-05-04T11:06:19.295+0000] {processor.py:830} INFO - Processing file /opt/airflow/dags/flight-pipeline.py for tasks to queue
[2026-05-04T11:06:19.302+0000] {logging_mixin.py:188} INFO - [2026-05-04T11:06:19.301+0000] {dagbag.py:545} INFO - Filling up the DagBag from /opt/airflow/dags/flight-pipeline.py
[2026-05-04T11:06:20.150+0000] {processor.py:840} INFO - DAG(s) 'flights_ops_medallion_pipe' retrieved from /opt/airflow/dags/flight-pipeline.py
[2026-05-04T11:06:20.197+0000] {logging_mixin.py:188} INFO - [2026-05-04T11:06:20.197+0000] {dag.py:3089} INFO - Sync 1 DAGs
[2026-05-04T11:06:20.234+0000] {logging_mixin.py:188} INFO - [2026-05-04T11:06:20.234+0000] {dag.py:3947} INFO - Setting next_dagrun for flights_ops_medallion_pipe to 2026-05-04 11:00:00+00:00, run_after=2026-05-04 11:30:00+00:00
[2026-05-04T11:06:20.253+0000] {processor.py:183} INFO - Processing /opt/airflow/dags/flight-pipeline.py took 0.977 seconds
[2026-05-04T11:06:50.560+0000] {processor.py:161} INFO - Started process (PID=17895) to work on /opt/airflow/dags/flight-pipeline.py
[2026-05-04T11:06:50.562+0000] {processor.py:830} INFO - Processing file /opt/airflow/dags/flight-pipeline.py for tasks to queue
[2026-05-04T11:06:50.564+0000] {logging_mixin.py:188} INFO - [2026-05-04T11:06:50.564+0000] {dagbag.py:545} INFO - Filling up the DagBag from /opt/airflow/dags/flight-pipeline.py
[2026-05-04T11:06:51.254+0000] {processor.py:840} INFO - DAG(s) 'flights_ops_medallion_pipe' retrieved from /opt/airflow/dags/flight-pipeline.py
[2026-05-04T11:06:51.305+0000] {logging_mixin.py:188} INFO - [2026-05-04T11:06:51.305+0000] {dag.py:3089} INFO - Sync 1 DAGs
[2026-05-04T11:06:51.345+0000] {logging_mixin.py:188} INFO - [2026-05-04T11:06:51.344+0000] {dag.py:3947} INFO - Setting next_dagrun for flights_ops_medallion_pipe to 2026-05-04 11:00:00+00:00, run_after=2026-05-04 11:30:00+00:00
[2026-05-04T11:06:51.369+0000] {processor.py:183} INFO - Processing /opt/airflow/dags/flight-pipeline.py took 0.820 seconds
[2026-05-04T11:07:21.703+0000] {processor.py:161} INFO - Started process (PID=17898) to work on /opt/airflow/dags/flight-pipeline.py
[2026-05-04T11:07:21.707+0000] {processor.py:830} INFO - Processing file /opt/airflow/dags/flight-pipeline.py for tasks to queue
[2026-05-04T11:07:21.712+0000] {logging_mixin.py:188} INFO - [2026-05-04T11:07:21.710+0000] {dagbag.py:545} INFO - Filling up the DagBag from /opt/airflow/dags/flight-pipeline.py
[2026-05-04T11:07:22.476+0000] {processor.py:840} INFO - DAG(s) 'flights_ops_medallion_pipe' retrieved from /opt/airflow/dags/flight-pipeline.py
[2026-05-04T11:07:22.523+0000] {logging_mixin.py:188} INFO - [2026-05-04T11:07:22.522+0000] {dag.py:3089} INFO - Sync 1 DAGs
[2026-05-04T11:07:22.547+0000] {logging_mixin.py:188} INFO - [2026-05-04T11:07:22.547+0000] {dag.py:3947} INFO - Setting next_dagrun for flights_ops_medallion_pipe to 2026-05-04 11:00:00+00:00, run_after=2026-05-04 11:30:00+00:00
[2026-05-04T11:07:22.566+0000] {processor.py:183} INFO - Processing /opt/airflow/dags/flight-pipeline.py took 0.876 seconds
[2026-05-04T11:07:52.839+0000] {processor.py:161} INFO - Started process (PID=17901) to work on /opt/airflow/dags/flight-pipeline.py
[2026-05-04T11:07:52.842+0000] {processor.py:830} INFO - Processing file /opt/airflow/dags/flight-pipeline.py for tasks to queue
[2026-05-04T11:07:52.844+0000] {logging_mixin.py:188} INFO - [2026-05-04T11:07:52.842+0000] {dagbag.py:545} INFO - Filling up the DagBag from /opt/airflow/dags/flight-pipeline.py
[2026-05-04T11:07:53.507+0000] {processor.py:840} INFO - DAG(s) 'flights_ops_medallion_pipe' retrieved from /opt/airflow/dags/flight-pipeline.py
[2026-05-04T11:07:53.551+0000] {logging_mixin.py:188} INFO - [2026-05-04T11:07:53.550+0000] {dag.py:3089} INFO - Sync 1 DAGs
[2026-05-04T11:07:53.577+0000] {logging_mixin.py:188} INFO - [2026-05-04T11:07:53.577+0000] {dag.py:3947} INFO - Setting next_dagrun for flights_ops_medallion_pipe to 2026-05-04 11:00:00+00:00, run_after=2026-05-04 11:30:00+00:00
[2026-05-04T11:07:53.598+0000] {processor.py:183} INFO - Processing /opt/airflow/dags/flight-pipeline.py took 0.774 seconds
[2026-05-04T11:08:23.878+0000] {processor.py:161} INFO - Started process (PID=17904) to work on /opt/airflow/dags/flight-pipeline.py
[2026-05-04T11:08:23.880+0000] {processor.py:830} INFO - Processing file /opt/airflow/dags/flight-pipeline.py for tasks to queue
[2026-05-04T11:08:23.881+0000] {logging_mixin.py:188} INFO - [2026-05-04T11:08:23.881+0000] {dagbag.py:545} INFO - Filling up the DagBag from /opt/airflow/dags/flight-pipeline.py
[2026-05-04T11:08:24.506+0000] {processor.py:840} INFO - DAG(s) 'flights_ops_medallion_pipe' retrieved from /opt/airflow/dags/flight-pipeline.py
[2026-05-04T11:08:24.567+0000] {logging_mixin.py:188} INFO - [2026-05-04T11:08:24.566+0000] {dag.py:3089} INFO - Sync 1 DAGs
[2026-05-04T11:08:24.598+0000] {logging_mixin.py:188} INFO - [2026-05-04T11:08:24.597+0000] {dag.py:3947} INFO - Setting next_dagrun for flights_ops_medallion_pipe to 2026-05-04 11:00:00+00:00, run_after=2026-05-04 11:30:00+00:00
[2026-05-04T11:08:24.617+0000] {processor.py:183} INFO - Processing /opt/airflow/dags/flight-pipeline.py took 0.748 seconds
[2026-05-04T11:08:54.909+0000] {processor.py:161} INFO - Started process (PID=17907) to work on /opt/airflow/dags/flight-pipeline.py
[2026-05-04T11:08:54.911+0000] {processor.py:830} INFO - Processing file /opt/airflow/dags/flight-pipeline.py for tasks to queue
[2026-05-04T11:08:54.912+0000] {logging_mixin.py:188} INFO - [2026-05-04T11:08:54.912+0000] {dagbag.py:545} INFO - Filling up the DagBag from /opt/airflow/dags/flight-pipeline.py
[2026-05-04T11:08:55.571+0000] {processor.py:840} INFO - DAG(s) 'flights_ops_medallion_pipe' retrieved from /opt/airflow/dags/flight-pipeline.py
[2026-05-04T11:08:55.621+0000] {logging_mixin.py:188} INFO - [2026-05-04T11:08:55.620+0000] {dag.py:3089} INFO - Sync 1 DAGs
[2026-05-04T11:08:55.646+0000] {logging_mixin.py:188} INFO - [2026-05-04T11:08:55.646+0000] {dag.py:3947} INFO - Setting next_dagrun for flights_ops_medallion_pipe to 2026-05-04 11:00:00+00:00, run_after=2026-05-04 11:30:00+00:00
[2026-05-04T11:08:55.665+0000] {processor.py:183} INFO - Processing /opt/airflow/dags/flight-pipeline.py took 0.763 seconds
[2026-05-04T11:09:25.902+0000] {processor.py:161} INFO - Started process (PID=17910) to work on /opt/airflow/dags/flight-pipeline.py
[2026-05-04T11:09:25.904+0000] {processor.py:830} INFO - Processing file /opt/airflow/dags/flight-pipeline.py for tasks to queue
[2026-05-04T11:09:25.905+0000] {logging_mixin.py:188} INFO - [2026-05-04T11:09:25.905+0000] {dagbag.py:545} INFO - Filling up the DagBag from /opt/airflow/dags/flight-pipeline.py
[2026-05-04T11:09:26.617+0000] {processor.py:840} INFO - DAG(s) 'flights_ops_medallion_pipe' retrieved from /opt/airflow/dags/flight-pipeline.py
[2026-05-04T11:09:26.653+0000] {logging_mixin.py:188} INFO - [2026-05-04T11:09:26.652+0000] {dag.py:3089} INFO - Sync 1 DAGs
[2026-05-04T11:09:26.677+0000] {logging_mixin.py:188} INFO - [2026-05-04T11:09:26.677+0000] {dag.py:3947} INFO - Setting next_dagrun for flights_ops_medallion_pipe to 2026-05-04 11:00:00+00:00, run_after=2026-05-04 11:30:00+00:00
[2026-05-04T11:09:26.694+0000] {processor.py:183} INFO - Processing /opt/airflow/dags/flight-pipeline.py took 0.802 seconds
[2026-05-04T11:09:57.018+0000] {processor.py:161} INFO - Started process (PID=17913) to work on /opt/airflow/dags/flight-pipeline.py
[2026-05-04T11:09:57.020+0000] {processor.py:830} INFO - Processing file /opt/airflow/dags/flight-pipeline.py for tasks to queue
[2026-05-04T11:09:57.022+0000] {logging_mixin.py:188} INFO - [2026-05-04T11:09:57.021+0000] {dagbag.py:545} INFO - Filling up the DagBag from /opt/airflow/dags/flight-pipeline.py
[2026-05-04T11:09:57.694+0000] {processor.py:840} INFO - DAG(s) 'flights_ops_medallion_pipe' retrieved from /opt/airflow/dags/flight-pipeline.py
[2026-05-04T11:09:57.728+0000] {logging_mixin.py:188} INFO - [2026-05-04T11:09:57.728+0000] {dag.py:3089} INFO - Sync 1 DAGs
[2026-05-04T11:09:57.751+0000] {logging_mixin.py:188} INFO - [2026-05-04T11:09:57.751+0000] {dag.py:3947} INFO - Setting next_dagrun for flights_ops_medallion_pipe to 2026-05-04 11:00:00+00:00, run_after=2026-05-04 11:30:00+00:00
[2026-05-04T11:09:57.770+0000] {processor.py:183} INFO - Processing /opt/airflow/dags/flight-pipeline.py took 0.764 seconds
[2026-05-04T11:10:28.195+0000] {processor.py:161} INFO - Started process (PID=17916) to work on /opt/airflow/dags/flight-pipeline.py
[2026-05-04T11:10:28.198+0000] {processor.py:830} INFO - Processing file /opt/airflow/dags/flight-pipeline.py for tasks to queue
[2026-05-04T11:10:28.200+0000] {logging_mixin.py:188} INFO - [2026-05-04T11:10:28.199+0000] {dagbag.py:545} INFO - Filling up the DagBag from /opt/airflow/dags/flight-pipeline.py
[2026-05-04T11:10:28.899+0000] {processor.py:840} INFO - DAG(s) 'flights_ops_medallion_pipe' retrieved from /opt/airflow/dags/flight-pipeline.py
[2026-05-04T11:10:28.943+0000] {logging_mixin.py:188} INFO - [2026-05-04T11:10:28.943+0000] {dag.py:3089} INFO - Sync 1 DAGs
[2026-05-04T11:10:28.975+0000] {logging_mixin.py:188} INFO - [2026-05-04T11:10:28.974+0000] {dag.py:3947} INFO - Setting next_dagrun for flights_ops_medallion_pipe to 2026-05-04 11:00:00+00:00, run_after=2026-05-04 11:30:00+00:00
[2026-05-04T11:10:28.996+0000] {processor.py:183} INFO - Processing /opt/airflow/dags/flight-pipeline.py took 0.812 seconds
[2026-05-04T11:10:59.316+0000] {processor.py:161} INFO - Started process (PID=17919) to work on /opt/airflow/dags/flight-pipeline.py
[2026-05-04T11:10:59.319+0000] {processor.py:830} INFO - Processing file /opt/airflow/dags/flight-pipeline.py for tasks to queue
[2026-05-04T11:10:59.320+0000] {logging_mixin.py:188} INFO - [2026-05-04T11:10:59.319+0000] {dagbag.py:545} INFO - Filling up the DagBag from /opt/airflow/dags/flight-pipeline.py
[2026-05-04T11:10:59.982+0000] {processor.py:840} INFO - DAG(s) 'flights_ops_medallion_pipe' retrieved from /opt/airflow/dags/flight-pipeline.py
[2026-05-04T11:11:00.036+0000] {logging_mixin.py:188} INFO - [2026-05-04T11:11:00.035+0000] {dag.py:3089} INFO - Sync 1 DAGs
[2026-05-04T11:11:00.065+0000] {logging_mixin.py:188} INFO - [2026-05-04T11:11:00.065+0000] {dag.py:3947} INFO - Setting next_dagrun for flights_ops_medallion_pipe to 2026-05-04 11:00:00+00:00, run_after=2026-05-04 11:30:00+00:00
[2026-05-04T11:11:00.088+0000] {processor.py:183} INFO - Processing /opt/airflow/dags/flight-pipeline.py took 0.781 seconds
[2026-05-04T11:11:30.370+0000] {processor.py:161} INFO - Started process (PID=17922) to work on /opt/airflow/dags/flight-pipeline.py
[2026-05-04T11:11:30.372+0000] {processor.py:830} INFO - Processing file /opt/airflow/dags/flight-pipeline.py for tasks to queue
[2026-05-04T11:11:30.373+0000] {logging_mixin.py:188} INFO - [2026-05-04T11:11:30.373+0000] {dagbag.py:545} INFO - Filling up the DagBag from /opt/airflow/dags/flight-pipeline.py
[2026-05-04T11:11:31.499+0000] {processor.py:840} INFO - DAG(s) 'flights_ops_medallion_pipe' retrieved from /opt/airflow/dags/flight-pipeline.py
[2026-05-04T11:11:31.555+0000] {logging_mixin.py:188} INFO - [2026-05-04T11:11:31.554+0000] {dag.py:3089} INFO - Sync 1 DAGs
[2026-05-04T11:11:31.582+0000] {logging_mixin.py:188} INFO - [2026-05-04T11:11:31.581+0000] {dag.py:3947} INFO - Setting next_dagrun for flights_ops_medallion_pipe to 2026-05-04 11:00:00+00:00, run_after=2026-05-04 11:30:00+00:00
[2026-05-04T11:11:31.624+0000] {processor.py:183} INFO - Processing /opt/airflow/dags/flight-pipeline.py took 1.262 seconds
[2026-05-04T11:12:01.939+0000] {processor.py:161} INFO - Started process (PID=17925) to work on /opt/airflow/dags/flight-pipeline.py
[2026-05-04T11:12:01.941+0000] {processor.py:830} INFO - Processing file /opt/airflow/dags/flight-pipeline.py for tasks to queue
[2026-05-04T11:12:01.942+0000] {logging_mixin.py:188} INFO - [2026-05-04T11:12:01.942+0000] {dagbag.py:545} INFO - Filling up the DagBag from /opt/airflow/dags/flight-pipeline.py
[2026-05-04T11:12:02.784+0000] {processor.py:840} INFO - DAG(s) 'flights_ops_medallion_pipe' retrieved from /opt/airflow/dags/flight-pipeline.py
[2026-05-04T11:12:02.823+0000] {logging_mixin.py:188} INFO - [2026-05-04T11:12:02.822+0000] {dag.py:3089} INFO - Sync 1 DAGs
[2026-05-04T11:12:02.848+0000] {logging_mixin.py:188} INFO - [2026-05-04T11:12:02.848+0000] {dag.py:3947} INFO - Setting next_dagrun for flights_ops_medallion_pipe to 2026-05-04 11:00:00+00:00, run_after=2026-05-04 11:30:00+00:00
[2026-05-04T11:12:02.865+0000] {processor.py:183} INFO - Processing /opt/airflow/dags/flight-pipeline.py took 0.940 seconds
[2026-05-04T11:12:33.181+0000] {processor.py:161} INFO - Started process (PID=17928) to work on /opt/airflow/dags/flight-pipeline.py
[2026-05-04T11:12:33.183+0000] {processor.py:830} INFO - Processing file /opt/airflow/dags/flight-pipeline.py for tasks to queue
[2026-05-04T11:12:33.184+0000] {logging_mixin.py:188} INFO - [2026-05-04T11:12:33.184+0000] {dagbag.py:545} INFO - Filling up the DagBag from /opt/airflow/dags/flight-pipeline.py
[2026-05-04T11:12:33.827+0000] {processor.py:840} INFO - DAG(s) 'flights_ops_medallion_pipe' retrieved from /opt/airflow/dags/flight-pipeline.py
[2026-05-04T11:12:33.869+0000] {logging_mixin.py:188} INFO - [2026-05-04T11:12:33.868+0000] {dag.py:3089} INFO - Sync 1 DAGs
[2026-05-04T11:12:33.892+0000] {logging_mixin.py:188} INFO - [2026-05-04T11:12:33.891+0000] {dag.py:3947} INFO - Setting next_dagrun for flights_ops_medallion_pipe to 2026-05-04 11:00:00+00:00, run_after=2026-05-04 11:30:00+00:00
[2026-05-04T11:12:33.911+0000] {processor.py:183} INFO - Processing /opt/airflow/dags/flight-pipeline.py took 0.743 seconds
[2026-05-04T11:13:04.169+0000] {processor.py:161} INFO - Started process (PID=17931) to work on /opt/airflow/dags/flight-pipeline.py
[2026-05-04T11:13:04.171+0000] {processor.py:830} INFO - Processing file /opt/airflow/dags/flight-pipeline.py for tasks to queue
[2026-05-04T11:13:04.172+0000] {logging_mixin.py:188} INFO - [2026-05-04T11:13:04.172+0000] {dagbag.py:545} INFO - Filling up the DagBag from /opt/airflow/dags/flight-pipeline.py
[2026-05-04T11:13:04.809+0000] {processor.py:840} INFO - DAG(s) 'flights_ops_medallion_pipe' retrieved from /opt/airflow/dags/flight-pipeline.py
[2026-05-04T11:13:04.850+0000] {logging_mixin.py:188} INFO - [2026-05-04T11:13:04.849+0000] {dag.py:3089} INFO - Sync 1 DAGs
[2026-05-04T11:13:04.875+0000] {logging_mixin.py:188} INFO - [2026-05-04T11:13:04.875+0000] {dag.py:3947} INFO - Setting next_dagrun for flights_ops_medallion_pipe to 2026-05-04 11:00:00+00:00, run_after=2026-05-04 11:30:00+00:00
[2026-05-04T11:13:04.894+0000] {processor.py:183} INFO - Processing /opt/airflow/dags/flight-pipeline.py took 0.735 seconds
[2026-05-04T11:13:35.197+0000] {processor.py:161} INFO - Started process (PID=17934) to work on /opt/airflow/dags/flight-pipeline.py
[2026-05-04T11:13:35.200+0000] {processor.py:830} INFO - Processing file /opt/airflow/dags/flight-pipeline.py for tasks to queue
[2026-05-04T11:13:35.201+0000] {logging_mixin.py:188} INFO - [2026-05-04T11:13:35.200+0000] {dagbag.py:545} INFO - Filling up the DagBag from /opt/airflow/dags/flight-pipeline.py
[2026-05-04T11:13:35.843+0000] {processor.py:840} INFO - DAG(s) 'flights_ops_medallion_pipe' retrieved from /opt/airflow/dags/flight-pipeline.py
[2026-05-04T11:13:35.878+0000] {logging_mixin.py:188} INFO - [2026-05-04T11:13:35.877+0000] {dag.py:3089} INFO - Sync 1 DAGs
[2026-05-04T11:13:35.900+0000] {logging_mixin.py:188} INFO - [2026-05-04T11:13:35.900+0000] {dag.py:3947} INFO - Setting next_dagrun for flights_ops_medallion_pipe to 2026-05-04 11:00:00+00:00, run_after=2026-05-04 11:30:00+00:00
[2026-05-04T11:13:35.919+0000] {processor.py:183} INFO - Processing /opt/airflow/dags/flight-pipeline.py took 0.731 seconds
[2026-05-04T11:14:06.212+0000] {processor.py:161} INFO - Started process (PID=17937) to work on /opt/airflow/dags/flight-pipeline.py
[2026-05-04T11:14:06.214+0000] {processor.py:830} INFO - Processing file /opt/airflow/dags/flight-pipeline.py for tasks to queue
[2026-05-04T11:14:06.215+0000] {logging_mixin.py:188} INFO - [2026-05-04T11:14:06.215+0000] {dagbag.py:545} INFO - Filling up the DagBag from /opt/airflow/dags/flight-pipeline.py
[2026-05-04T11:14:06.847+0000] {processor.py:840} INFO - DAG(s) 'flights_ops_medallion_pipe' retrieved from /opt/airflow/dags/flight-pipeline.py
[2026-05-04T11:14:06.883+0000] {logging_mixin.py:188} INFO - [2026-05-04T11:14:06.882+0000] {dag.py:3089} INFO - Sync 1 DAGs
[2026-05-04T11:14:06.906+0000] {logging_mixin.py:188} INFO - [2026-05-04T11:14:06.906+0000] {dag.py:3947} INFO - Setting next_dagrun for flights_ops_medallion_pipe to 2026-05-04 11:00:00+00:00, run_after=2026-05-04 11:30:00+00:00
[2026-05-04T11:14:06.924+0000] {processor.py:183} INFO - Processing /opt/airflow/dags/flight-pipeline.py took 0.723 seconds
[2026-05-04T11:14:37.199+0000] {processor.py:161} INFO - Started process (PID=17940) to work on /opt/airflow/dags/flight-pipeline.py
[2026-05-04T11:14:37.201+0000] {processor.py:830} INFO - Processing file /opt/airflow/dags/flight-pipeline.py for tasks to queue
[2026-05-04T11:14:37.203+0000] {logging_mixin.py:188} INFO - [2026-05-04T11:14:37.202+0000] {dagbag.py:545} INFO - Filling up the DagBag from /opt/airflow/dags/flight-pipeline.py
[2026-05-04T11:14:37.872+0000] {processor.py:840} INFO - DAG(s) 'flights_ops_medallion_pipe' retrieved from /opt/airflow/dags/flight-pipeline.py
[2026-05-04T11:14:37.910+0000] {logging_mixin.py:188} INFO - [2026-05-04T11:14:37.909+0000] {dag.py:3089} INFO - Sync 1 DAGs
[2026-05-04T11:14:37.938+0000] {logging_mixin.py:188} INFO - [2026-05-04T11:14:37.938+0000] {dag.py:3947} INFO - Setting next_dagrun for flights_ops_medallion_pipe to 2026-05-04 11:00:00+00:00, run_after=2026-05-04 11:30:00+00:00
[2026-05-04T11:14:37.965+0000] {processor.py:183} INFO - Processing /opt/airflow/dags/flight-pipeline.py took 0.779 seconds
[2026-05-04T11:15:08.215+0000] {processor.py:161} INFO - Started process (PID=17943) to work on /opt/airflow/dags/flight-pipeline.py
[2026-05-04T11:15:08.217+0000] {processor.py:830} INFO - Processing file /opt/airflow/dags/flight-pipeline.py for tasks to queue
[2026-05-04T11:15:08.218+0000] {logging_mixin.py:188} INFO - [2026-05-04T11:15:08.218+0000] {dagbag.py:545} INFO - Filling up the DagBag from /opt/airflow/dags/flight-pipeline.py
[2026-05-04T11:15:08.850+0000] {processor.py:840} INFO - DAG(s) 'flights_ops_medallion_pipe' retrieved from /opt/airflow/dags/flight-pipeline.py
[2026-05-04T11:15:08.886+0000] {logging_mixin.py:188} INFO - [2026-05-04T11:15:08.885+0000] {dag.py:3089} INFO - Sync 1 DAGs
[2026-05-04T11:15:08.910+0000] {logging_mixin.py:188} INFO - [2026-05-04T11:15:08.910+0000] {dag.py:3947} INFO - Setting next_dagrun for flights_ops_medallion_pipe to 2026-05-04 11:00:00+00:00, run_after=2026-05-04 11:30:00+00:00
[2026-05-04T11:15:08.935+0000] {processor.py:183} INFO - Processing /opt/airflow/dags/flight-pipeline.py took 0.729 seconds
[2026-05-04T11:15:39.198+0000] {processor.py:161} INFO - Started process (PID=17946) to work on /opt/airflow/dags/flight-pipeline.py
[2026-05-04T11:15:39.200+0000] {processor.py:830} INFO - Processing file /opt/airflow/dags/flight-pipeline.py for tasks to queue
[2026-05-04T11:15:39.202+0000] {logging_mixin.py:188} INFO - [2026-05-04T11:15:39.201+0000] {dagbag.py:545} INFO - Filling up the DagBag from /opt/airflow/dags/flight-pipeline.py
[2026-05-04T11:15:39.844+0000] {processor.py:840} INFO - DAG(s) 'flights_ops_medallion_pipe' retrieved from /opt/airflow/dags/flight-pipeline.py
[2026-05-04T11:15:39.879+0000] {logging_mixin.py:188} INFO - [2026-05-04T11:15:39.878+0000] {dag.py:3089} INFO - Sync 1 DAGs
[2026-05-04T11:15:39.902+0000] {logging_mixin.py:188} INFO - [2026-05-04T11:15:39.901+0000] {dag.py:3947} INFO - Setting next_dagrun for flights_ops_medallion_pipe to 2026-05-04 11:00:00+00:00, run_after=2026-05-04 11:30:00+00:00
[2026-05-04T11:15:39.920+0000] {processor.py:183} INFO - Processing /opt/airflow/dags/flight-pipeline.py took 0.731 seconds
[2026-05-04T11:16:10.212+0000] {processor.py:161} INFO - Started process (PID=17949) to work on /opt/airflow/dags/flight-pipeline.py
[2026-05-04T11:16:10.215+0000] {processor.py:830} INFO - Processing file /opt/airflow/dags/flight-pipeline.py for tasks to queue
[2026-05-04T11:16:10.217+0000] {logging_mixin.py:188} INFO - [2026-05-04T11:16:10.216+0000] {dagbag.py:545} INFO - Filling up the DagBag from /opt/airflow/dags/flight-pipeline.py
[2026-05-04T11:16:10.850+0000] {processor.py:840} INFO - DAG(s) 'flights_ops_medallion_pipe' retrieved from /opt/airflow/dags/flight-pipeline.py
[2026-05-04T11:16:10.885+0000] {logging_mixin.py:188} INFO - [2026-05-04T11:16:10.885+0000] {dag.py:3089} INFO - Sync 1 DAGs
[2026-05-04T11:16:10.909+0000] {logging_mixin.py:188} INFO - [2026-05-04T11:16:10.909+0000] {dag.py:3947} INFO - Setting next_dagrun for flights_ops_medallion_pipe to 2026-05-04 11:00:00+00:00, run_after=2026-05-04 11:30:00+00:00
[2026-05-04T11:16:10.927+0000] {processor.py:183} INFO - Processing /opt/airflow/dags/flight-pipeline.py took 0.726 seconds
[2026-05-04T11:16:40.998+0000] {processor.py:161} INFO - Started process (PID=17952) to work on /opt/airflow/dags/flight-pipeline.py
[2026-05-04T11:16:41.003+0000] {processor.py:830} INFO - Processing file /opt/airflow/dags/flight-pipeline.py for tasks to queue
[2026-05-04T11:16:41.004+0000] {logging_mixin.py:188} INFO - [2026-05-04T11:16:41.004+0000] {dagbag.py:545} INFO - Filling up the DagBag from /opt/airflow/dags/flight-pipeline.py
[2026-05-04T11:16:41.629+0000] {processor.py:840} INFO - DAG(s) 'flights_ops_medallion_pipe' retrieved from /opt/airflow/dags/flight-pipeline.py
[2026-05-04T11:16:41.663+0000] {logging_mixin.py:188} INFO - [2026-05-04T11:16:41.663+0000] {dag.py:3089} INFO - Sync 1 DAGs
[2026-05-04T11:16:41.690+0000] {logging_mixin.py:188} INFO - [2026-05-04T11:16:41.690+0000] {dag.py:3947} INFO - Setting next_dagrun for flights_ops_medallion_pipe to 2026-05-04 11:00:00+00:00, run_after=2026-05-04 11:30:00+00:00
[2026-05-04T11:16:41.716+0000] {processor.py:183} INFO - Processing /opt/airflow/dags/flight-pipeline.py took 0.729 seconds
[2026-05-04T11:17:12.003+0000] {processor.py:161} INFO - Started process (PID=17955) to work on /opt/airflow/dags/flight-pipeline.py
[2026-05-04T11:17:12.006+0000] {processor.py:830} INFO - Processing file /opt/airflow/dags/flight-pipeline.py for tasks to queue
[2026-05-04T11:17:12.007+0000] {logging_mixin.py:188} INFO - [2026-05-04T11:17:12.007+0000] {dagbag.py:545} INFO - Filling up the DagBag from /opt/airflow/dags/flight-pipeline.py
[2026-05-04T11:17:12.632+0000] {processor.py:840} INFO - DAG(s) 'flights_ops_medallion_pipe' retrieved from /opt/airflow/dags/flight-pipeline.py
[2026-05-04T11:17:12.664+0000] {logging_mixin.py:188} INFO - [2026-05-04T11:17:12.664+0000] {dag.py:3089} INFO - Sync 1 DAGs
[2026-05-04T11:17:12.687+0000] {logging_mixin.py:188} INFO - [2026-05-04T11:17:12.687+0000] {dag.py:3947} INFO - Setting next_dagrun for flights_ops_medallion_pipe to 2026-05-04 11:00:00+00:00, run_after=2026-05-04 11:30:00+00:00
[2026-05-04T11:17:12.706+0000] {processor.py:183} INFO - Processing /opt/airflow/dags/flight-pipeline.py took 0.712 seconds
[2026-05-04T11:17:43.039+0000] {processor.py:161} INFO - Started process (PID=17958) to work on /opt/airflow/dags/flight-pipeline.py
[2026-05-04T11:17:43.042+0000] {processor.py:830} INFO - Processing file /opt/airflow/dags/flight-pipeline.py for tasks to queue
[2026-05-04T11:17:43.043+0000] {logging_mixin.py:188} INFO - [2026-05-04T11:17:43.042+0000] {dagbag.py:545} INFO - Filling up the DagBag from /opt/airflow/dags/flight-pipeline.py
[2026-05-04T11:17:43.667+0000] {processor.py:840} INFO - DAG(s) 'flights_ops_medallion_pipe' retrieved from /opt/airflow/dags/flight-pipeline.py
[2026-05-04T11:17:43.702+0000] {logging_mixin.py:188} INFO - [2026-05-04T11:17:43.702+0000] {dag.py:3089} INFO - Sync 1 DAGs
[2026-05-04T11:17:43.729+0000] {logging_mixin.py:188} INFO - [2026-05-04T11:17:43.729+0000] {dag.py:3947} INFO - Setting next_dagrun for flights_ops_medallion_pipe to 2026-05-04 11:00:00+00:00, run_after=2026-05-04 11:30:00+00:00
[2026-05-04T11:17:43.747+0000] {processor.py:183} INFO - Processing /opt/airflow/dags/flight-pipeline.py took 0.725 seconds
[2026-05-04T11:18:13.999+0000] {processor.py:161} INFO - Started process (PID=17961) to work on /opt/airflow/dags/flight-pipeline.py
[2026-05-04T11:18:14.002+0000] {processor.py:830} INFO - Processing file /opt/airflow/dags/flight-pipeline.py for tasks to queue
[2026-05-04T11:18:14.003+0000] {logging_mixin.py:188} INFO - [2026-05-04T11:18:14.002+0000] {dagbag.py:545} INFO - Filling up the DagBag from /opt/airflow/dags/flight-pipeline.py
[2026-05-04T11:18:14.620+0000] {processor.py:840} INFO - DAG(s) 'flights_ops_medallion_pipe' retrieved from /opt/airflow/dags/flight-pipeline.py
[2026-05-04T11:18:14.653+0000] {logging_mixin.py:188} INFO - [2026-05-04T11:18:14.653+0000] {dag.py:3089} INFO - Sync 1 DAGs
[2026-05-04T11:18:14.677+0000] {logging_mixin.py:188} INFO - [2026-05-04T11:18:14.677+0000] {dag.py:3947} INFO - Setting next_dagrun for flights_ops_medallion_pipe to 2026-05-04 11:00:00+00:00, run_after=2026-05-04 11:30:00+00:00
[2026-05-04T11:18:14.695+0000] {processor.py:183} INFO - Processing /opt/airflow/dags/flight-pipeline.py took 0.705 seconds
[2026-05-04T11:18:44.967+0000] {processor.py:161} INFO - Started process (PID=17964) to work on /opt/airflow/dags/flight-pipeline.py
[2026-05-04T11:18:44.970+0000] {processor.py:830} INFO - Processing file /opt/airflow/dags/flight-pipeline.py for tasks to queue
[2026-05-04T11:18:44.971+0000] {logging_mixin.py:188} INFO - [2026-05-04T11:18:44.970+0000] {dagbag.py:545} INFO - Filling up the DagBag from /opt/airflow/dags/flight-pipeline.py
[2026-05-04T11:18:45.586+0000] {processor.py:840} INFO - DAG(s) 'flights_ops_medallion_pipe' retrieved from /opt/airflow/dags/flight-pipeline.py
[2026-05-04T11:18:45.622+0000] {logging_mixin.py:188} INFO - [2026-05-04T11:18:45.622+0000] {dag.py:3089} INFO - Sync 1 DAGs
[2026-05-04T11:18:45.650+0000] {logging_mixin.py:188} INFO - [2026-05-04T11:18:45.650+0000] {dag.py:3947} INFO - Setting next_dagrun for flights_ops_medallion_pipe to 2026-05-04 11:00:00+00:00, run_after=2026-05-04 11:30:00+00:00
[2026-05-04T11:18:45.673+0000] {processor.py:183} INFO - Processing /opt/airflow/dags/flight-pipeline.py took 0.715 seconds
[2026-05-04T11:19:15.954+0000] {processor.py:161} INFO - Started process (PID=17967) to work on /opt/airflow/dags/flight-pipeline.py
[2026-05-04T11:19:15.956+0000] {processor.py:830} INFO - Processing file /opt/airflow/dags/flight-pipeline.py for tasks to queue
[2026-05-04T11:19:15.957+0000] {logging_mixin.py:188} INFO - [2026-05-04T11:19:15.957+0000] {dagbag.py:545} INFO - Filling up the DagBag from /opt/airflow/dags/flight-pipeline.py
[2026-05-04T11:19:16.569+0000] {processor.py:840} INFO - DAG(s) 'flights_ops_medallion_pipe' retrieved from /opt/airflow/dags/flight-pipeline.py
[2026-05-04T11:19:16.603+0000] {logging_mixin.py:188} INFO - [2026-05-04T11:19:16.603+0000] {dag.py:3089} INFO - Sync 1 DAGs
[2026-05-04T11:19:16.627+0000] {logging_mixin.py:188} INFO - [2026-05-04T11:19:16.627+0000] {dag.py:3947} INFO - Setting next_dagrun for flights_ops_medallion_pipe to 2026-05-04 11:00:00+00:00, run_after=2026-05-04 11:30:00+00:00
[2026-05-04T11:19:16.646+0000] {processor.py:183} INFO - Processing /opt/airflow/dags/flight-pipeline.py took 0.702 seconds
[2026-05-04T11:19:46.747+0000] {processor.py:161} INFO - Started process (PID=17970) to work on /opt/airflow/dags/flight-pipeline.py
[2026-05-04T11:19:46.749+0000] {processor.py:830} INFO - Processing file /opt/airflow/dags/flight-pipeline.py for tasks to queue
[2026-05-04T11:19:46.751+0000] {logging_mixin.py:188} INFO - [2026-05-04T11:19:46.750+0000] {dagbag.py:545} INFO - Filling up the DagBag from /opt/airflow/dags/flight-pipeline.py
[2026-05-04T11:19:47.372+0000] {processor.py:840} INFO - DAG(s) 'flights_ops_medallion_pipe' retrieved from /opt/airflow/dags/flight-pipeline.py
[2026-05-04T11:19:47.406+0000] {logging_mixin.py:188} INFO - [2026-05-04T11:19:47.406+0000] {dag.py:3089} INFO - Sync 1 DAGs
[2026-05-04T11:19:47.429+0000] {logging_mixin.py:188} INFO - [2026-05-04T11:19:47.428+0000] {dag.py:3947} INFO - Setting next_dagrun for flights_ops_medallion_pipe to 2026-05-04 11:00:00+00:00, run_after=2026-05-04 11:30:00+00:00
[2026-05-04T11:19:47.447+0000] {processor.py:183} INFO - Processing /opt/airflow/dags/flight-pipeline.py took 0.710 seconds
[2026-05-04T11:20:17.734+0000] {processor.py:161} INFO - Started process (PID=17973) to work on /opt/airflow/dags/flight-pipeline.py
[2026-05-04T11:20:17.736+0000] {processor.py:830} INFO - Processing file /opt/airflow/dags/flight-pipeline.py for tasks to queue
[2026-05-04T11:20:17.738+0000] {logging_mixin.py:188} INFO - [2026-05-04T11:20:17.737+0000] {dagbag.py:545} INFO - Filling up the DagBag from /opt/airflow/dags/flight-pipeline.py
[2026-05-04T11:20:18.375+0000] {processor.py:840} INFO - DAG(s) 'flights_ops_medallion_pipe' retrieved from /opt/airflow/dags/flight-pipeline.py
[2026-05-04T11:20:18.407+0000] {logging_mixin.py:188} INFO - [2026-05-04T11:20:18.407+0000] {dag.py:3089} INFO - Sync 1 DAGs
[2026-05-04T11:20:18.430+0000] {logging_mixin.py:188} INFO - [2026-05-04T11:20:18.429+0000] {dag.py:3947} INFO - Setting next_dagrun for flights_ops_medallion_pipe to 2026-05-04 11:00:00+00:00, run_after=2026-05-04 11:30:00+00:00
[2026-05-04T11:20:18.448+0000] {processor.py:183} INFO - Processing /opt/airflow/dags/flight-pipeline.py took 0.723 seconds
[2026-05-04T11:20:48.725+0000] {processor.py:161} INFO - Started process (PID=17976) to work on /opt/airflow/dags/flight-pipeline.py
[2026-05-04T11:20:48.728+0000] {processor.py:830} INFO - Processing file /opt/airflow/dags/flight-pipeline.py for tasks to queue
[2026-05-04T11:20:48.729+0000] {logging_mixin.py:188} INFO - [2026-05-04T11:20:48.729+0000] {dagbag.py:545} INFO - Filling up the DagBag from /opt/airflow/dags/flight-pipeline.py
[2026-05-04T11:20:49.343+0000] {processor.py:840} INFO - DAG(s) 'flights_ops_medallion_pipe' retrieved from /opt/airflow/dags/flight-pipeline.py
[2026-05-04T11:20:49.377+0000] {logging_mixin.py:188} INFO - [2026-05-04T11:20:49.377+0000] {dag.py:3089} INFO - Sync 1 DAGs
[2026-05-04T11:20:49.401+0000] {logging_mixin.py:188} INFO - [2026-05-04T11:20:49.401+0000] {dag.py:3947} INFO - Setting next_dagrun for flights_ops_medallion_pipe to 2026-05-04 11:00:00+00:00, run_after=2026-05-04 11:30:00+00:00
[2026-05-04T11:20:49.419+0000] {processor.py:183} INFO - Processing /opt/airflow/dags/flight-pipeline.py took 0.703 seconds
[2026-05-04T11:21:19.658+0000] {processor.py:161} INFO - Started process (PID=17979) to work on /opt/airflow/dags/flight-pipeline.py
[2026-05-04T11:21:19.660+0000] {processor.py:830} INFO - Processing file /opt/airflow/dags/flight-pipeline.py for tasks to queue
[2026-05-04T11:21:19.661+0000] {logging_mixin.py:188} INFO - [2026-05-04T11:21:19.661+0000] {dagbag.py:545} INFO - Filling up the DagBag from /opt/airflow/dags/flight-pipeline.py
[2026-05-04T11:21:20.273+0000] {processor.py:840} INFO - DAG(s) 'flights_ops_medallion_pipe' retrieved from /opt/airflow/dags/flight-pipeline.py
[2026-05-04T11:21:20.305+0000] {logging_mixin.py:188} INFO - [2026-05-04T11:21:20.305+0000] {dag.py:3089} INFO - Sync 1 DAGs
[2026-05-04T11:21:20.329+0000] {logging_mixin.py:188} INFO - [2026-05-04T11:21:20.329+0000] {dag.py:3947} INFO - Setting next_dagrun for flights_ops_medallion_pipe to 2026-05-04 11:00:00+00:00, run_after=2026-05-04 11:30:00+00:00
[2026-05-04T11:21:20.346+0000] {processor.py:183} INFO - Processing /opt/airflow/dags/flight-pipeline.py took 0.697 seconds
[2026-05-04T11:21:50.629+0000] {processor.py:161} INFO - Started process (PID=17982) to work on /opt/airflow/dags/flight-pipeline.py
[2026-05-04T11:21:50.632+0000] {processor.py:830} INFO - Processing file /opt/airflow/dags/flight-pipeline.py for tasks to queue
[2026-05-04T11:21:50.633+0000] {logging_mixin.py:188} INFO - [2026-05-04T11:21:50.633+0000] {dagbag.py:545} INFO - Filling up the DagBag from /opt/airflow/dags/flight-pipeline.py
[2026-05-04T11:21:51.253+0000] {processor.py:840} INFO - DAG(s) 'flights_ops_medallion_pipe' retrieved from /opt/airflow/dags/flight-pipeline.py
[2026-05-04T11:21:51.287+0000] {logging_mixin.py:188} INFO - [2026-05-04T11:21:51.286+0000] {dag.py:3089} INFO - Sync 1 DAGs
[2026-05-04T11:21:51.309+0000] {logging_mixin.py:188} INFO - [2026-05-04T11:21:51.309+0000] {dag.py:3947} INFO - Setting next_dagrun for flights_ops_medallion_pipe to 2026-05-04 11:00:00+00:00, run_after=2026-05-04 11:30:00+00:00
[2026-05-04T11:21:51.328+0000] {processor.py:183} INFO - Processing /opt/airflow/dags/flight-pipeline.py took 0.709 seconds
[2026-05-04T11:22:21.612+0000] {processor.py:161} INFO - Started process (PID=17985) to work on /opt/airflow/dags/flight-pipeline.py
[2026-05-04T11:22:21.614+0000] {processor.py:830} INFO - Processing file /opt/airflow/dags/flight-pipeline.py for tasks to queue
[2026-05-04T11:22:21.616+0000] {logging_mixin.py:188} INFO - [2026-05-04T11:22:21.615+0000] {dagbag.py:545} INFO - Filling up the DagBag from /opt/airflow/dags/flight-pipeline.py
[2026-05-04T11:22:22.242+0000] {processor.py:840} INFO - DAG(s) 'flights_ops_medallion_pipe' retrieved from /opt/airflow/dags/flight-pipeline.py
[2026-05-04T11:22:22.275+0000] {logging_mixin.py:188} INFO - [2026-05-04T11:22:22.275+0000] {dag.py:3089} INFO - Sync 1 DAGs
[2026-05-04T11:22:22.298+0000] {logging_mixin.py:188} INFO - [2026-05-04T11:22:22.298+0000] {dag.py:3947} INFO - Setting next_dagrun for flights_ops_medallion_pipe to 2026-05-04 11:00:00+00:00, run_after=2026-05-04 11:30:00+00:00
[2026-05-04T11:22:22.316+0000] {processor.py:183} INFO - Processing /opt/airflow/dags/flight-pipeline.py took 0.714 seconds
[2026-05-04T11:22:52.472+0000] {processor.py:161} INFO - Started process (PID=17988) to work on /opt/airflow/dags/flight-pipeline.py
[2026-05-04T11:22:52.474+0000] {processor.py:830} INFO - Processing file /opt/airflow/dags/flight-pipeline.py for tasks to queue
[2026-05-04T11:22:52.476+0000] {logging_mixin.py:188} INFO - [2026-05-04T11:22:52.475+0000] {dagbag.py:545} INFO - Filling up the DagBag from /opt/airflow/dags/flight-pipeline.py
[2026-05-04T11:22:53.093+0000] {processor.py:840} INFO - DAG(s) 'flights_ops_medallion_pipe' retrieved from /opt/airflow/dags/flight-pipeline.py
[2026-05-04T11:22:53.127+0000] {logging_mixin.py:188} INFO - [2026-05-04T11:22:53.127+0000] {dag.py:3089} INFO - Sync 1 DAGs
[2026-05-04T11:22:53.151+0000] {logging_mixin.py:188} INFO - [2026-05-04T11:22:53.151+0000] {dag.py:3947} INFO - Setting next_dagrun for flights_ops_medallion_pipe to 2026-05-04 11:00:00+00:00, run_after=2026-05-04 11:30:00+00:00
[2026-05-04T11:22:53.170+0000] {processor.py:183} INFO - Processing /opt/airflow/dags/flight-pipeline.py took 0.708 seconds
[2026-05-04T11:23:23.433+0000] {processor.py:161} INFO - Started process (PID=17991) to work on /opt/airflow/dags/flight-pipeline.py
[2026-05-04T11:23:23.435+0000] {processor.py:830} INFO - Processing file /opt/airflow/dags/flight-pipeline.py for tasks to queue
[2026-05-04T11:23:23.437+0000] {logging_mixin.py:188} INFO - [2026-05-04T11:23:23.436+0000] {dagbag.py:545} INFO - Filling up the DagBag from /opt/airflow/dags/flight-pipeline.py
[2026-05-04T11:23:24.071+0000] {processor.py:840} INFO - DAG(s) 'flights_ops_medallion_pipe' retrieved from /opt/airflow/dags/flight-pipeline.py
[2026-05-04T11:23:24.106+0000] {logging_mixin.py:188} INFO - [2026-05-04T11:23:24.106+0000] {dag.py:3089} INFO - Sync 1 DAGs
[2026-05-04T11:23:24.129+0000] {logging_mixin.py:188} INFO - [2026-05-04T11:23:24.128+0000] {dag.py:3947} INFO - Setting next_dagrun for flights_ops_medallion_pipe to 2026-05-04 11:00:00+00:00, run_after=2026-05-04 11:30:00+00:00
[2026-05-04T11:23:24.148+0000] {processor.py:183} INFO - Processing /opt/airflow/dags/flight-pipeline.py took 0.725 seconds
[2026-05-04T11:23:54.435+0000] {processor.py:161} INFO - Started process (PID=17994) to work on /opt/airflow/dags/flight-pipeline.py
[2026-05-04T11:23:54.437+0000] {processor.py:830} INFO - Processing file /opt/airflow/dags/flight-pipeline.py for tasks to queue
[2026-05-04T11:23:54.438+0000] {logging_mixin.py:188} INFO - [2026-05-04T11:23:54.438+0000] {dagbag.py:545} INFO - Filling up the DagBag from /opt/airflow/dags/flight-pipeline.py
[2026-05-04T11:23:55.056+0000] {processor.py:840} INFO - DAG(s) 'flights_ops_medallion_pipe' retrieved from /opt/airflow/dags/flight-pipeline.py
[2026-05-04T11:23:55.091+0000] {logging_mixin.py:188} INFO - [2026-05-04T11:23:55.090+0000] {dag.py:3089} INFO - Sync 1 DAGs
[2026-05-04T11:23:55.133+0000] {logging_mixin.py:188} INFO - [2026-05-04T11:23:55.132+0000] {dag.py:3947} INFO - Setting next_dagrun for flights_ops_medallion_pipe to 2026-05-04 11:00:00+00:00, run_after=2026-05-04 11:30:00+00:00
[2026-05-04T11:23:55.168+0000] {processor.py:183} INFO - Processing /opt/airflow/dags/flight-pipeline.py took 0.742 seconds
[2026-05-04T11:24:25.382+0000] {processor.py:161} INFO - Started process (PID=17997) to work on /opt/airflow/dags/flight-pipeline.py
[2026-05-04T11:24:25.385+0000] {processor.py:830} INFO - Processing file /opt/airflow/dags/flight-pipeline.py for tasks to queue
[2026-05-04T11:24:25.389+0000] {logging_mixin.py:188} INFO - [2026-05-04T11:24:25.387+0000] {dagbag.py:545} INFO - Filling up the DagBag from /opt/airflow/dags/flight-pipeline.py
[2026-05-04T11:24:26.041+0000] {processor.py:840} INFO - DAG(s) 'flights_ops_medallion_pipe' retrieved from /opt/airflow/dags/flight-pipeline.py
[2026-05-04T11:24:26.082+0000] {logging_mixin.py:188} INFO - [2026-05-04T11:24:26.082+0000] {dag.py:3089} INFO - Sync 1 DAGs
[2026-05-04T11:24:26.105+0000] {logging_mixin.py:188} INFO - [2026-05-04T11:24:26.105+0000] {dag.py:3947} INFO - Setting next_dagrun for flights_ops_medallion_pipe to 2026-05-04 11:00:00+00:00, run_after=2026-05-04 11:30:00+00:00
[2026-05-04T11:24:26.123+0000] {processor.py:183} INFO - Processing /opt/airflow/dags/flight-pipeline.py took 0.750 seconds
[2026-05-04T11:24:56.401+0000] {processor.py:161} INFO - Started process (PID=18000) to work on /opt/airflow/dags/flight-pipeline.py
[2026-05-04T11:24:56.403+0000] {processor.py:830} INFO - Processing file /opt/airflow/dags/flight-pipeline.py for tasks to queue
[2026-05-04T11:24:56.404+0000] {logging_mixin.py:188} INFO - [2026-05-04T11:24:56.404+0000] {dagbag.py:545} INFO - Filling up the DagBag from /opt/airflow/dags/flight-pipeline.py
[2026-05-04T11:24:57.321+0000] {processor.py:840} INFO - DAG(s) 'flights_ops_medallion_pipe' retrieved from /opt/airflow/dags/flight-pipeline.py
[2026-05-04T11:24:57.433+0000] {logging_mixin.py:188} INFO - [2026-05-04T11:24:57.431+0000] {dag.py:3089} INFO - Sync 1 DAGs
[2026-05-04T11:24:57.514+0000] {logging_mixin.py:188} INFO - [2026-05-04T11:24:57.514+0000] {dag.py:3947} INFO - Setting next_dagrun for flights_ops_medallion_pipe to 2026-05-04 11:00:00+00:00, run_after=2026-05-04 11:30:00+00:00
[2026-05-04T11:24:57.561+0000] {processor.py:183} INFO - Processing /opt/airflow/dags/flight-pipeline.py took 1.169 seconds
[2026-05-04T11:25:27.747+0000] {processor.py:161} INFO - Started process (PID=18003) to work on /opt/airflow/dags/flight-pipeline.py
[2026-05-04T11:25:27.756+0000] {processor.py:830} INFO - Processing file /opt/airflow/dags/flight-pipeline.py for tasks to queue
[2026-05-04T11:25:27.761+0000] {logging_mixin.py:188} INFO - [2026-05-04T11:25:27.758+0000] {dagbag.py:545} INFO - Filling up the DagBag from /opt/airflow/dags/flight-pipeline.py
[2026-05-04T11:25:28.483+0000] {processor.py:840} INFO - DAG(s) 'flights_ops_medallion_pipe' retrieved from /opt/airflow/dags/flight-pipeline.py
[2026-05-04T11:25:28.517+0000] {logging_mixin.py:188} INFO - [2026-05-04T11:25:28.516+0000] {dag.py:3089} INFO - Sync 1 DAGs
[2026-05-04T11:25:28.540+0000] {logging_mixin.py:188} INFO - [2026-05-04T11:25:28.540+0000] {dag.py:3947} INFO - Setting next_dagrun for flights_ops_medallion_pipe to 2026-05-04 11:00:00+00:00, run_after=2026-05-04 11:30:00+00:00
[2026-05-04T11:25:28.559+0000] {processor.py:183} INFO - Processing /opt/airflow/dags/flight-pipeline.py took 0.822 seconds
[2026-05-04T11:25:58.852+0000] {processor.py:161} INFO - Started process (PID=18006) to work on /opt/airflow/dags/flight-pipeline.py
[2026-05-04T11:25:58.855+0000] {processor.py:830} INFO - Processing file /opt/airflow/dags/flight-pipeline.py for tasks to queue
[2026-05-04T11:25:58.856+0000] {logging_mixin.py:188} INFO - [2026-05-04T11:25:58.856+0000] {dagbag.py:545} INFO - Filling up the DagBag from /opt/airflow/dags/flight-pipeline.py
[2026-05-04T11:25:59.495+0000] {processor.py:840} INFO - DAG(s) 'flights_ops_medallion_pipe' retrieved from /opt/airflow/dags/flight-pipeline.py
[2026-05-04T11:25:59.536+0000] {logging_mixin.py:188} INFO - [2026-05-04T11:25:59.536+0000] {dag.py:3089} INFO - Sync 1 DAGs
[2026-05-04T11:25:59.559+0000] {logging_mixin.py:188} INFO - [2026-05-04T11:25:59.559+0000] {dag.py:3947} INFO - Setting next_dagrun for flights_ops_medallion_pipe to 2026-05-04 11:00:00+00:00, run_after=2026-05-04 11:30:00+00:00
[2026-05-04T11:25:59.577+0000] {processor.py:183} INFO - Processing /opt/airflow/dags/flight-pipeline.py took 0.734 seconds
[2026-05-04T11:26:29.871+0000] {processor.py:161} INFO - Started process (PID=18009) to work on /opt/airflow/dags/flight-pipeline.py
[2026-05-04T11:26:29.873+0000] {processor.py:830} INFO - Processing file /opt/airflow/dags/flight-pipeline.py for tasks to queue
[2026-05-04T11:26:29.875+0000] {logging_mixin.py:188} INFO - [2026-05-04T11:26:29.874+0000] {dagbag.py:545} INFO - Filling up the DagBag from /opt/airflow/dags/flight-pipeline.py
[2026-05-04T11:26:30.489+0000] {processor.py:840} INFO - DAG(s) 'flights_ops_medallion_pipe' retrieved from /opt/airflow/dags/flight-pipeline.py
[2026-05-04T11:26:30.522+0000] {logging_mixin.py:188} INFO - [2026-05-04T11:26:30.522+0000] {dag.py:3089} INFO - Sync 1 DAGs
[2026-05-04T11:26:30.546+0000] {logging_mixin.py:188} INFO - [2026-05-04T11:26:30.545+0000] {dag.py:3947} INFO - Setting next_dagrun for flights_ops_medallion_pipe to 2026-05-04 11:00:00+00:00, run_after=2026-05-04 11:30:00+00:00
[2026-05-04T11:26:30.567+0000] {processor.py:183} INFO - Processing /opt/airflow/dags/flight-pipeline.py took 0.706 seconds
[2026-05-04T11:27:00.805+0000] {processor.py:161} INFO - Started process (PID=18012) to work on /opt/airflow/dags/flight-pipeline.py
[2026-05-04T11:27:00.807+0000] {processor.py:830} INFO - Processing file /opt/airflow/dags/flight-pipeline.py for tasks to queue
[2026-05-04T11:27:00.808+0000] {logging_mixin.py:188} INFO - [2026-05-04T11:27:00.808+0000] {dagbag.py:545} INFO - Filling up the DagBag from /opt/airflow/dags/flight-pipeline.py
[2026-05-04T11:27:01.457+0000] {processor.py:840} INFO - DAG(s) 'flights_ops_medallion_pipe' retrieved from /opt/airflow/dags/flight-pipeline.py
[2026-05-04T11:27:01.491+0000] {logging_mixin.py:188} INFO - [2026-05-04T11:27:01.490+0000] {dag.py:3089} INFO - Sync 1 DAGs
[2026-05-04T11:27:01.514+0000] {logging_mixin.py:188} INFO - [2026-05-04T11:27:01.514+0000] {dag.py:3947} INFO - Setting next_dagrun for flights_ops_medallion_pipe to 2026-05-04 11:00:00+00:00, run_after=2026-05-04 11:30:00+00:00
[2026-05-04T11:27:01.533+0000] {processor.py:183} INFO - Processing /opt/airflow/dags/flight-pipeline.py took 0.737 seconds
[2026-05-04T11:27:31.849+0000] {processor.py:161} INFO - Started process (PID=18015) to work on /opt/airflow/dags/flight-pipeline.py
[2026-05-04T11:27:31.851+0000] {processor.py:830} INFO - Processing file /opt/airflow/dags/flight-pipeline.py for tasks to queue
[2026-05-04T11:27:31.852+0000] {logging_mixin.py:188} INFO - [2026-05-04T11:27:31.851+0000] {dagbag.py:545} INFO - Filling up the DagBag from /opt/airflow/dags/flight-pipeline.py
[2026-05-04T11:27:32.473+0000] {processor.py:840} INFO - DAG(s) 'flights_ops_medallion_pipe' retrieved from /opt/airflow/dags/flight-pipeline.py
[2026-05-04T11:27:32.509+0000] {logging_mixin.py:188} INFO - [2026-05-04T11:27:32.508+0000] {dag.py:3089} INFO - Sync 1 DAGs
[2026-05-04T11:27:32.531+0000] {logging_mixin.py:188} INFO - [2026-05-04T11:27:32.531+0000] {dag.py:3947} INFO - Setting next_dagrun for flights_ops_medallion_pipe to 2026-05-04 11:00:00+00:00, run_after=2026-05-04 11:30:00+00:00
[2026-05-04T11:27:32.550+0000] {processor.py:183} INFO - Processing /opt/airflow/dags/flight-pipeline.py took 0.711 seconds
[2026-05-04T11:28:02.857+0000] {processor.py:161} INFO - Started process (PID=18018) to work on /opt/airflow/dags/flight-pipeline.py
[2026-05-04T11:28:02.859+0000] {processor.py:830} INFO - Processing file /opt/airflow/dags/flight-pipeline.py for tasks to queue
[2026-05-04T11:28:02.860+0000] {logging_mixin.py:188} INFO - [2026-05-04T11:28:02.860+0000] {dagbag.py:545} INFO - Filling up the DagBag from /opt/airflow/dags/flight-pipeline.py
[2026-05-04T11:28:03.478+0000] {processor.py:840} INFO - DAG(s) 'flights_ops_medallion_pipe' retrieved from /opt/airflow/dags/flight-pipeline.py
[2026-05-04T11:28:03.513+0000] {logging_mixin.py:188} INFO - [2026-05-04T11:28:03.513+0000] {dag.py:3089} INFO - Sync 1 DAGs
[2026-05-04T11:28:03.538+0000] {logging_mixin.py:188} INFO - [2026-05-04T11:28:03.538+0000] {dag.py:3947} INFO - Setting next_dagrun for flights_ops_medallion_pipe to 2026-05-04 11:00:00+00:00, run_after=2026-05-04 11:30:00+00:00
[2026-05-04T11:28:03.557+0000] {processor.py:183} INFO - Processing /opt/airflow/dags/flight-pipeline.py took 0.709 seconds
[2026-05-04T11:28:33.834+0000] {processor.py:161} INFO - Started process (PID=18021) to work on /opt/airflow/dags/flight-pipeline.py
[2026-05-04T11:28:33.837+0000] {processor.py:830} INFO - Processing file /opt/airflow/dags/flight-pipeline.py for tasks to queue
[2026-05-04T11:28:33.838+0000] {logging_mixin.py:188} INFO - [2026-05-04T11:28:33.838+0000] {dagbag.py:545} INFO - Filling up the DagBag from /opt/airflow/dags/flight-pipeline.py
[2026-05-04T11:28:34.456+0000] {processor.py:840} INFO - DAG(s) 'flights_ops_medallion_pipe' retrieved from /opt/airflow/dags/flight-pipeline.py
[2026-05-04T11:28:34.491+0000] {logging_mixin.py:188} INFO - [2026-05-04T11:28:34.490+0000] {dag.py:3089} INFO - Sync 1 DAGs
[2026-05-04T11:28:34.514+0000] {logging_mixin.py:188} INFO - [2026-05-04T11:28:34.514+0000] {dag.py:3947} INFO - Setting next_dagrun for flights_ops_medallion_pipe to 2026-05-04 11:00:00+00:00, run_after=2026-05-04 11:30:00+00:00
[2026-05-04T11:28:34.532+0000] {processor.py:183} INFO - Processing /opt/airflow/dags/flight-pipeline.py took 0.707 seconds
[2026-05-04T11:29:04.861+0000] {processor.py:161} INFO - Started process (PID=18024) to work on /opt/airflow/dags/flight-pipeline.py
[2026-05-04T11:29:04.863+0000] {processor.py:830} INFO - Processing file /opt/airflow/dags/flight-pipeline.py for tasks to queue
[2026-05-04T11:29:04.864+0000] {logging_mixin.py:188} INFO - [2026-05-04T11:29:04.864+0000] {dagbag.py:545} INFO - Filling up the DagBag from /opt/airflow/dags/flight-pipeline.py
[2026-05-04T11:29:05.492+0000] {processor.py:840} INFO - DAG(s) 'flights_ops_medallion_pipe' retrieved from /opt/airflow/dags/flight-pipeline.py
[2026-05-04T11:29:05.524+0000] {logging_mixin.py:188} INFO - [2026-05-04T11:29:05.524+0000] {dag.py:3089} INFO - Sync 1 DAGs
[2026-05-04T11:29:05.548+0000] {logging_mixin.py:188} INFO - [2026-05-04T11:29:05.548+0000] {dag.py:3947} INFO - Setting next_dagrun for flights_ops_medallion_pipe to 2026-05-04 11:00:00+00:00, run_after=2026-05-04 11:30:00+00:00
[2026-05-04T11:29:05.566+0000] {processor.py:183} INFO - Processing /opt/airflow/dags/flight-pipeline.py took 0.717 seconds
[2026-05-04T11:29:35.879+0000] {processor.py:161} INFO - Started process (PID=18027) to work on /opt/airflow/dags/flight-pipeline.py
[2026-05-04T11:29:35.882+0000] {processor.py:830} INFO - Processing file /opt/airflow/dags/flight-pipeline.py for tasks to queue
[2026-05-04T11:29:35.884+0000] {logging_mixin.py:188} INFO - [2026-05-04T11:29:35.884+0000] {dagbag.py:545} INFO - Filling up the DagBag from /opt/airflow/dags/flight-pipeline.py
[2026-05-04T11:29:36.546+0000] {processor.py:840} INFO - DAG(s) 'flights_ops_medallion_pipe' retrieved from /opt/airflow/dags/flight-pipeline.py
[2026-05-04T11:29:36.582+0000] {logging_mixin.py:188} INFO - [2026-05-04T11:29:36.582+0000] {dag.py:3089} INFO - Sync 1 DAGs
[2026-05-04T11:29:36.606+0000] {logging_mixin.py:188} INFO - [2026-05-04T11:29:36.606+0000] {dag.py:3947} INFO - Setting next_dagrun for flights_ops_medallion_pipe to 2026-05-04 11:00:00+00:00, run_after=2026-05-04 11:30:00+00:00
[2026-05-04T11:29:36.629+0000] {processor.py:183} INFO - Processing /opt/airflow/dags/flight-pipeline.py took 0.767 seconds
[2026-05-04T11:30:06.920+0000] {processor.py:161} INFO - Started process (PID=18041) to work on /opt/airflow/dags/flight-pipeline.py
[2026-05-04T11:30:06.928+0000] {processor.py:830} INFO - Processing file /opt/airflow/dags/flight-pipeline.py for tasks to queue
[2026-05-04T11:30:06.934+0000] {logging_mixin.py:188} INFO - [2026-05-04T11:30:06.929+0000] {dagbag.py:545} INFO - Filling up the DagBag from /opt/airflow/dags/flight-pipeline.py
[2026-05-04T11:30:07.985+0000] {processor.py:840} INFO - DAG(s) 'flights_ops_medallion_pipe' retrieved from /opt/airflow/dags/flight-pipeline.py
[2026-05-04T11:30:08.040+0000] {logging_mixin.py:188} INFO - [2026-05-04T11:30:08.040+0000] {dag.py:3089} INFO - Sync 1 DAGs
[2026-05-04T11:30:08.091+0000] {logging_mixin.py:188} INFO - [2026-05-04T11:30:08.091+0000] {dag.py:3947} INFO - Setting next_dagrun for flights_ops_medallion_pipe to 2026-05-04 11:30:00+00:00, run_after=2026-05-04 12:00:00+00:00
[2026-05-04T11:30:08.113+0000] {processor.py:183} INFO - Processing /opt/airflow/dags/flight-pipeline.py took 1.230 seconds
[2026-05-04T11:30:38.358+0000] {processor.py:161} INFO - Started process (PID=18077) to work on /opt/airflow/dags/flight-pipeline.py
[2026-05-04T11:30:38.361+0000] {processor.py:830} INFO - Processing file /opt/airflow/dags/flight-pipeline.py for tasks to queue
[2026-05-04T11:30:38.362+0000] {logging_mixin.py:188} INFO - [2026-05-04T11:30:38.362+0000] {dagbag.py:545} INFO - Filling up the DagBag from /opt/airflow/dags/flight-pipeline.py
[2026-05-04T11:30:39.146+0000] {processor.py:840} INFO - DAG(s) 'flights_ops_medallion_pipe' retrieved from /opt/airflow/dags/flight-pipeline.py
[2026-05-04T11:30:39.182+0000] {logging_mixin.py:188} INFO - [2026-05-04T11:30:39.182+0000] {dag.py:3089} INFO - Sync 1 DAGs
[2026-05-04T11:30:39.222+0000] {logging_mixin.py:188} INFO - [2026-05-04T11:30:39.222+0000] {dag.py:3947} INFO - Setting next_dagrun for flights_ops_medallion_pipe to 2026-05-04 11:30:00+00:00, run_after=2026-05-04 12:00:00+00:00
[2026-05-04T11:30:39.254+0000] {processor.py:183} INFO - Processing /opt/airflow/dags/flight-pipeline.py took 0.907 seconds
[2026-05-04T11:31:09.396+0000] {processor.py:161} INFO - Started process (PID=18080) to work on /opt/airflow/dags/flight-pipeline.py
[2026-05-04T11:31:09.401+0000] {processor.py:830} INFO - Processing file /opt/airflow/dags/flight-pipeline.py for tasks to queue
[2026-05-04T11:31:09.406+0000] {logging_mixin.py:188} INFO - [2026-05-04T11:31:09.404+0000] {dagbag.py:545} INFO - Filling up the DagBag from /opt/airflow/dags/flight-pipeline.py
[2026-05-04T11:31:10.144+0000] {processor.py:840} INFO - DAG(s) 'flights_ops_medallion_pipe' retrieved from /opt/airflow/dags/flight-pipeline.py
[2026-05-04T11:31:10.269+0000] {logging_mixin.py:188} INFO - [2026-05-04T11:31:10.268+0000] {dag.py:3089} INFO - Sync 1 DAGs
[2026-05-04T11:31:10.335+0000] {logging_mixin.py:188} INFO - [2026-05-04T11:31:10.334+0000] {dag.py:3947} INFO - Setting next_dagrun for flights_ops_medallion_pipe to 2026-05-04 11:30:00+00:00, run_after=2026-05-04 12:00:00+00:00
[2026-05-04T11:31:10.373+0000] {processor.py:183} INFO - Processing /opt/airflow/dags/flight-pipeline.py took 0.986 seconds
[2026-05-04T11:31:40.682+0000] {processor.py:161} INFO - Started process (PID=18083) to work on /opt/airflow/dags/flight-pipeline.py
[2026-05-04T11:31:40.686+0000] {processor.py:830} INFO - Processing file /opt/airflow/dags/flight-pipeline.py for tasks to queue
[2026-05-04T11:31:40.692+0000] {logging_mixin.py:188} INFO - [2026-05-04T11:31:40.690+0000] {dagbag.py:545} INFO - Filling up the DagBag from /opt/airflow/dags/flight-pipeline.py
[2026-05-04T11:31:41.370+0000] {processor.py:840} INFO - DAG(s) 'flights_ops_medallion_pipe' retrieved from /opt/airflow/dags/flight-pipeline.py
[2026-05-04T11:31:41.405+0000] {logging_mixin.py:188} INFO - [2026-05-04T11:31:41.404+0000] {dag.py:3089} INFO - Sync 1 DAGs
[2026-05-04T11:31:41.427+0000] {logging_mixin.py:188} INFO - [2026-05-04T11:31:41.427+0000] {dag.py:3947} INFO - Setting next_dagrun for flights_ops_medallion_pipe to 2026-05-04 11:30:00+00:00, run_after=2026-05-04 12:00:00+00:00
[2026-05-04T11:31:41.446+0000] {processor.py:183} INFO - Processing /opt/airflow/dags/flight-pipeline.py took 0.772 seconds
[2026-05-04T11:32:11.803+0000] {processor.py:161} INFO - Started process (PID=18086) to work on /opt/airflow/dags/flight-pipeline.py
[2026-05-04T11:32:11.805+0000] {processor.py:830} INFO - Processing file /opt/airflow/dags/flight-pipeline.py for tasks to queue
[2026-05-04T11:32:11.806+0000] {logging_mixin.py:188} INFO - [2026-05-04T11:32:11.806+0000] {dagbag.py:545} INFO - Filling up the DagBag from /opt/airflow/dags/flight-pipeline.py
[2026-05-04T11:32:12.479+0000] {processor.py:840} INFO - DAG(s) 'flights_ops_medallion_pipe' retrieved from /opt/airflow/dags/flight-pipeline.py
[2026-05-04T11:32:12.515+0000] {logging_mixin.py:188} INFO - [2026-05-04T11:32:12.514+0000] {dag.py:3089} INFO - Sync 1 DAGs
[2026-05-04T11:32:12.537+0000] {logging_mixin.py:188} INFO - [2026-05-04T11:32:12.537+0000] {dag.py:3947} INFO - Setting next_dagrun for flights_ops_medallion_pipe to 2026-05-04 11:30:00+00:00, run_after=2026-05-04 12:00:00+00:00
[2026-05-04T11:32:12.557+0000] {processor.py:183} INFO - Processing /opt/airflow/dags/flight-pipeline.py took 0.764 seconds
[2026-05-04T11:32:42.856+0000] {processor.py:161} INFO - Started process (PID=18089) to work on /opt/airflow/dags/flight-pipeline.py
[2026-05-04T11:32:42.859+0000] {processor.py:830} INFO - Processing file /opt/airflow/dags/flight-pipeline.py for tasks to queue
[2026-05-04T11:32:42.860+0000] {logging_mixin.py:188} INFO - [2026-05-04T11:32:42.860+0000] {dagbag.py:545} INFO - Filling up the DagBag from /opt/airflow/dags/flight-pipeline.py
[2026-05-04T11:32:43.533+0000] {processor.py:840} INFO - DAG(s) 'flights_ops_medallion_pipe' retrieved from /opt/airflow/dags/flight-pipeline.py
[2026-05-04T11:32:43.575+0000] {logging_mixin.py:188} INFO - [2026-05-04T11:32:43.574+0000] {dag.py:3089} INFO - Sync 1 DAGs
[2026-05-04T11:32:43.611+0000] {logging_mixin.py:188} INFO - [2026-05-04T11:32:43.611+0000] {dag.py:3947} INFO - Setting next_dagrun for flights_ops_medallion_pipe to 2026-05-04 11:30:00+00:00, run_after=2026-05-04 12:00:00+00:00
[2026-05-04T11:32:43.632+0000] {processor.py:183} INFO - Processing /opt/airflow/dags/flight-pipeline.py took 0.789 seconds
[2026-05-04T11:33:13.927+0000] {processor.py:161} INFO - Started process (PID=18092) to work on /opt/airflow/dags/flight-pipeline.py
[2026-05-04T11:33:13.929+0000] {processor.py:830} INFO - Processing file /opt/airflow/dags/flight-pipeline.py for tasks to queue
[2026-05-04T11:33:13.930+0000] {logging_mixin.py:188} INFO - [2026-05-04T11:33:13.930+0000] {dagbag.py:545} INFO - Filling up the DagBag from /opt/airflow/dags/flight-pipeline.py
[2026-05-04T11:33:14.542+0000] {processor.py:840} INFO - DAG(s) 'flights_ops_medallion_pipe' retrieved from /opt/airflow/dags/flight-pipeline.py
[2026-05-04T11:33:14.575+0000] {logging_mixin.py:188} INFO - [2026-05-04T11:33:14.574+0000] {dag.py:3089} INFO - Sync 1 DAGs
[2026-05-04T11:33:14.598+0000] {logging_mixin.py:188} INFO - [2026-05-04T11:33:14.598+0000] {dag.py:3947} INFO - Setting next_dagrun for flights_ops_medallion_pipe to 2026-05-04 11:30:00+00:00, run_after=2026-05-04 12:00:00+00:00
[2026-05-04T11:33:14.616+0000] {processor.py:183} INFO - Processing /opt/airflow/dags/flight-pipeline.py took 0.700 seconds
[2026-05-04T11:33:44.876+0000] {processor.py:161} INFO - Started process (PID=18095) to work on /opt/airflow/dags/flight-pipeline.py
[2026-05-04T11:33:44.879+0000] {processor.py:830} INFO - Processing file /opt/airflow/dags/flight-pipeline.py for tasks to queue
[2026-05-04T11:33:44.880+0000] {logging_mixin.py:188} INFO - [2026-05-04T11:33:44.880+0000] {dagbag.py:545} INFO - Filling up the DagBag from /opt/airflow/dags/flight-pipeline.py
[2026-05-04T11:33:45.545+0000] {processor.py:840} INFO - DAG(s) 'flights_ops_medallion_pipe' retrieved from /opt/airflow/dags/flight-pipeline.py
[2026-05-04T11:33:45.581+0000] {logging_mixin.py:188} INFO - [2026-05-04T11:33:45.581+0000] {dag.py:3089} INFO - Sync 1 DAGs
[2026-05-04T11:33:45.605+0000] {logging_mixin.py:188} INFO - [2026-05-04T11:33:45.605+0000] {dag.py:3947} INFO - Setting next_dagrun for flights_ops_medallion_pipe to 2026-05-04 11:30:00+00:00, run_after=2026-05-04 12:00:00+00:00
[2026-05-04T11:33:45.623+0000] {processor.py:183} INFO - Processing /opt/airflow/dags/flight-pipeline.py took 0.759 seconds
[2026-05-04T11:34:15.932+0000] {processor.py:161} INFO - Started process (PID=18098) to work on /opt/airflow/dags/flight-pipeline.py
[2026-05-04T11:34:15.934+0000] {processor.py:830} INFO - Processing file /opt/airflow/dags/flight-pipeline.py for tasks to queue
[2026-05-04T11:34:15.936+0000] {logging_mixin.py:188} INFO - [2026-05-04T11:34:15.935+0000] {dagbag.py:545} INFO - Filling up the DagBag from /opt/airflow/dags/flight-pipeline.py
[2026-05-04T11:34:16.625+0000] {processor.py:840} INFO - DAG(s) 'flights_ops_medallion_pipe' retrieved from /opt/airflow/dags/flight-pipeline.py
[2026-05-04T11:34:16.667+0000] {logging_mixin.py:188} INFO - [2026-05-04T11:34:16.666+0000] {dag.py:3089} INFO - Sync 1 DAGs
[2026-05-04T11:34:16.700+0000] {logging_mixin.py:188} INFO - [2026-05-04T11:34:16.699+0000] {dag.py:3947} INFO - Setting next_dagrun for flights_ops_medallion_pipe to 2026-05-04 11:30:00+00:00, run_after=2026-05-04 12:00:00+00:00
[2026-05-04T11:34:16.718+0000] {processor.py:183} INFO - Processing /opt/airflow/dags/flight-pipeline.py took 0.795 seconds
[2026-05-04T11:34:47.023+0000] {processor.py:161} INFO - Started process (PID=18101) to work on /opt/airflow/dags/flight-pipeline.py
[2026-05-04T11:34:47.026+0000] {processor.py:830} INFO - Processing file /opt/airflow/dags/flight-pipeline.py for tasks to queue
[2026-05-04T11:34:47.028+0000] {logging_mixin.py:188} INFO - [2026-05-04T11:34:47.027+0000] {dagbag.py:545} INFO - Filling up the DagBag from /opt/airflow/dags/flight-pipeline.py
[2026-05-04T11:34:47.661+0000] {processor.py:840} INFO - DAG(s) 'flights_ops_medallion_pipe' retrieved from /opt/airflow/dags/flight-pipeline.py
[2026-05-04T11:34:47.696+0000] {logging_mixin.py:188} INFO - [2026-05-04T11:34:47.696+0000] {dag.py:3089} INFO - Sync 1 DAGs
[2026-05-04T11:34:47.720+0000] {logging_mixin.py:188} INFO - [2026-05-04T11:34:47.720+0000] {dag.py:3947} INFO - Setting next_dagrun for flights_ops_medallion_pipe to 2026-05-04 11:30:00+00:00, run_after=2026-05-04 12:00:00+00:00
[2026-05-04T11:34:47.738+0000] {processor.py:183} INFO - Processing /opt/airflow/dags/flight-pipeline.py took 0.726 seconds
[2026-05-04T11:35:18.145+0000] {processor.py:161} INFO - Started process (PID=18104) to work on /opt/airflow/dags/flight-pipeline.py
[2026-05-04T11:35:18.148+0000] {processor.py:830} INFO - Processing file /opt/airflow/dags/flight-pipeline.py for tasks to queue
[2026-05-04T11:35:18.149+0000] {logging_mixin.py:188} INFO - [2026-05-04T11:35:18.148+0000] {dagbag.py:545} INFO - Filling up the DagBag from /opt/airflow/dags/flight-pipeline.py
[2026-05-04T11:35:18.802+0000] {processor.py:840} INFO - DAG(s) 'flights_ops_medallion_pipe' retrieved from /opt/airflow/dags/flight-pipeline.py
[2026-05-04T11:35:18.836+0000] {logging_mixin.py:188} INFO - [2026-05-04T11:35:18.836+0000] {dag.py:3089} INFO - Sync 1 DAGs
[2026-05-04T11:35:18.859+0000] {logging_mixin.py:188} INFO - [2026-05-04T11:35:18.858+0000] {dag.py:3947} INFO - Setting next_dagrun for flights_ops_medallion_pipe to 2026-05-04 11:30:00+00:00, run_after=2026-05-04 12:00:00+00:00
[2026-05-04T11:35:18.876+0000] {processor.py:183} INFO - Processing /opt/airflow/dags/flight-pipeline.py took 0.739 seconds
[2026-05-04T11:35:49.105+0000] {processor.py:161} INFO - Started process (PID=18107) to work on /opt/airflow/dags/flight-pipeline.py
[2026-05-04T11:35:49.108+0000] {processor.py:830} INFO - Processing file /opt/airflow/dags/flight-pipeline.py for tasks to queue
[2026-05-04T11:35:49.110+0000] {logging_mixin.py:188} INFO - [2026-05-04T11:35:49.108+0000] {dagbag.py:545} INFO - Filling up the DagBag from /opt/airflow/dags/flight-pipeline.py
[2026-05-04T11:35:49.902+0000] {processor.py:840} INFO - DAG(s) 'flights_ops_medallion_pipe' retrieved from /opt/airflow/dags/flight-pipeline.py
[2026-05-04T11:35:49.954+0000] {logging_mixin.py:188} INFO - [2026-05-04T11:35:49.953+0000] {dag.py:3089} INFO - Sync 1 DAGs
[2026-05-04T11:35:50.013+0000] {logging_mixin.py:188} INFO - [2026-05-04T11:35:50.013+0000] {dag.py:3947} INFO - Setting next_dagrun for flights_ops_medallion_pipe to 2026-05-04 11:30:00+00:00, run_after=2026-05-04 12:00:00+00:00
[2026-05-04T11:35:50.040+0000] {processor.py:183} INFO - Processing /opt/airflow/dags/flight-pipeline.py took 0.946 seconds
[2026-05-04T11:36:20.266+0000] {processor.py:161} INFO - Started process (PID=18110) to work on /opt/airflow/dags/flight-pipeline.py
[2026-05-04T11:36:20.268+0000] {processor.py:830} INFO - Processing file /opt/airflow/dags/flight-pipeline.py for tasks to queue
[2026-05-04T11:36:20.270+0000] {logging_mixin.py:188} INFO - [2026-05-04T11:36:20.269+0000] {dagbag.py:545} INFO - Filling up the DagBag from /opt/airflow/dags/flight-pipeline.py
[2026-05-04T11:36:20.956+0000] {processor.py:840} INFO - DAG(s) 'flights_ops_medallion_pipe' retrieved from /opt/airflow/dags/flight-pipeline.py
[2026-05-04T11:36:20.992+0000] {logging_mixin.py:188} INFO - [2026-05-04T11:36:20.992+0000] {dag.py:3089} INFO - Sync 1 DAGs
[2026-05-04T11:36:21.019+0000] {logging_mixin.py:188} INFO - [2026-05-04T11:36:21.019+0000] {dag.py:3947} INFO - Setting next_dagrun for flights_ops_medallion_pipe to 2026-05-04 11:30:00+00:00, run_after=2026-05-04 12:00:00+00:00
[2026-05-04T11:36:21.038+0000] {processor.py:183} INFO - Processing /opt/airflow/dags/flight-pipeline.py took 0.781 seconds
[2026-05-04T11:36:51.297+0000] {processor.py:161} INFO - Started process (PID=18113) to work on /opt/airflow/dags/flight-pipeline.py
[2026-05-04T11:36:51.299+0000] {processor.py:830} INFO - Processing file /opt/airflow/dags/flight-pipeline.py for tasks to queue
[2026-05-04T11:36:51.300+0000] {logging_mixin.py:188} INFO - [2026-05-04T11:36:51.300+0000] {dagbag.py:545} INFO - Filling up the DagBag from /opt/airflow/dags/flight-pipeline.py
[2026-05-04T11:36:52.009+0000] {processor.py:840} INFO - DAG(s) 'flights_ops_medallion_pipe' retrieved from /opt/airflow/dags/flight-pipeline.py
[2026-05-04T11:36:52.051+0000] {logging_mixin.py:188} INFO - [2026-05-04T11:36:52.050+0000] {dag.py:3089} INFO - Sync 1 DAGs
[2026-05-04T11:36:52.078+0000] {logging_mixin.py:188} INFO - [2026-05-04T11:36:52.078+0000] {dag.py:3947} INFO - Setting next_dagrun for flights_ops_medallion_pipe to 2026-05-04 11:30:00+00:00, run_after=2026-05-04 12:00:00+00:00
[2026-05-04T11:36:52.096+0000] {processor.py:183} INFO - Processing /opt/airflow/dags/flight-pipeline.py took 0.809 seconds
[2026-05-04T11:37:22.347+0000] {processor.py:161} INFO - Started process (PID=18116) to work on /opt/airflow/dags/flight-pipeline.py
[2026-05-04T11:37:22.350+0000] {processor.py:830} INFO - Processing file /opt/airflow/dags/flight-pipeline.py for tasks to queue
[2026-05-04T11:37:22.352+0000] {logging_mixin.py:188} INFO - [2026-05-04T11:37:22.351+0000] {dagbag.py:545} INFO - Filling up the DagBag from /opt/airflow/dags/flight-pipeline.py
[2026-05-04T11:37:23.036+0000] {processor.py:840} INFO - DAG(s) 'flights_ops_medallion_pipe' retrieved from /opt/airflow/dags/flight-pipeline.py
[2026-05-04T11:37:23.069+0000] {logging_mixin.py:188} INFO - [2026-05-04T11:37:23.069+0000] {dag.py:3089} INFO - Sync 1 DAGs
[2026-05-04T11:37:23.094+0000] {logging_mixin.py:188} INFO - [2026-05-04T11:37:23.094+0000] {dag.py:3947} INFO - Setting next_dagrun for flights_ops_medallion_pipe to 2026-05-04 11:30:00+00:00, run_after=2026-05-04 12:00:00+00:00
[2026-05-04T11:37:23.113+0000] {processor.py:183} INFO - Processing /opt/airflow/dags/flight-pipeline.py took 0.774 seconds
[2026-05-04T11:37:53.387+0000] {processor.py:161} INFO - Started process (PID=18119) to work on /opt/airflow/dags/flight-pipeline.py
[2026-05-04T11:37:53.390+0000] {processor.py:830} INFO - Processing file /opt/airflow/dags/flight-pipeline.py for tasks to queue
[2026-05-04T11:37:53.391+0000] {logging_mixin.py:188} INFO - [2026-05-04T11:37:53.390+0000] {dagbag.py:545} INFO - Filling up the DagBag from /opt/airflow/dags/flight-pipeline.py
[2026-05-04T11:37:54.018+0000] {processor.py:840} INFO - DAG(s) 'flights_ops_medallion_pipe' retrieved from /opt/airflow/dags/flight-pipeline.py
[2026-05-04T11:37:54.050+0000] {logging_mixin.py:188} INFO - [2026-05-04T11:37:54.050+0000] {dag.py:3089} INFO - Sync 1 DAGs
[2026-05-04T11:37:54.073+0000] {logging_mixin.py:188} INFO - [2026-05-04T11:37:54.073+0000] {dag.py:3947} INFO - Setting next_dagrun for flights_ops_medallion_pipe to 2026-05-04 11:30:00+00:00, run_after=2026-05-04 12:00:00+00:00
[2026-05-04T11:37:54.092+0000] {processor.py:183} INFO - Processing /opt/airflow/dags/flight-pipeline.py took 0.714 seconds
[2026-05-04T11:38:24.384+0000] {processor.py:161} INFO - Started process (PID=18122) to work on /opt/airflow/dags/flight-pipeline.py
[2026-05-04T11:38:24.386+0000] {processor.py:830} INFO - Processing file /opt/airflow/dags/flight-pipeline.py for tasks to queue
[2026-05-04T11:38:24.387+0000] {logging_mixin.py:188} INFO - [2026-05-04T11:38:24.387+0000] {dagbag.py:545} INFO - Filling up the DagBag from /opt/airflow/dags/flight-pipeline.py
[2026-05-04T11:38:25.017+0000] {processor.py:840} INFO - DAG(s) 'flights_ops_medallion_pipe' retrieved from /opt/airflow/dags/flight-pipeline.py
[2026-05-04T11:38:25.049+0000] {logging_mixin.py:188} INFO - [2026-05-04T11:38:25.048+0000] {dag.py:3089} INFO - Sync 1 DAGs
[2026-05-04T11:38:25.071+0000] {logging_mixin.py:188} INFO - [2026-05-04T11:38:25.071+0000] {dag.py:3947} INFO - Setting next_dagrun for flights_ops_medallion_pipe to 2026-05-04 11:30:00+00:00, run_after=2026-05-04 12:00:00+00:00
[2026-05-04T11:38:25.089+0000] {processor.py:183} INFO - Processing /opt/airflow/dags/flight-pipeline.py took 0.715 seconds
[2026-05-04T11:38:55.245+0000] {processor.py:161} INFO - Started process (PID=18125) to work on /opt/airflow/dags/flight-pipeline.py
[2026-05-04T11:38:55.248+0000] {processor.py:830} INFO - Processing file /opt/airflow/dags/flight-pipeline.py for tasks to queue
[2026-05-04T11:38:55.250+0000] {logging_mixin.py:188} INFO - [2026-05-04T11:38:55.249+0000] {dagbag.py:545} INFO - Filling up the DagBag from /opt/airflow/dags/flight-pipeline.py
[2026-05-04T11:38:55.893+0000] {processor.py:840} INFO - DAG(s) 'flights_ops_medallion_pipe' retrieved from /opt/airflow/dags/flight-pipeline.py
[2026-05-04T11:38:55.926+0000] {logging_mixin.py:188} INFO - [2026-05-04T11:38:55.925+0000] {dag.py:3089} INFO - Sync 1 DAGs
[2026-05-04T11:38:55.950+0000] {logging_mixin.py:188} INFO - [2026-05-04T11:38:55.949+0000] {dag.py:3947} INFO - Setting next_dagrun for flights_ops_medallion_pipe to 2026-05-04 11:30:00+00:00, run_after=2026-05-04 12:00:00+00:00
[2026-05-04T11:38:55.969+0000] {processor.py:183} INFO - Processing /opt/airflow/dags/flight-pipeline.py took 0.740 seconds
[2026-05-04T11:39:26.284+0000] {processor.py:161} INFO - Started process (PID=18128) to work on /opt/airflow/dags/flight-pipeline.py
[2026-05-04T11:39:26.286+0000] {processor.py:830} INFO - Processing file /opt/airflow/dags/flight-pipeline.py for tasks to queue
[2026-05-04T11:39:26.288+0000] {logging_mixin.py:188} INFO - [2026-05-04T11:39:26.287+0000] {dagbag.py:545} INFO - Filling up the DagBag from /opt/airflow/dags/flight-pipeline.py
[2026-05-04T11:39:26.948+0000] {processor.py:840} INFO - DAG(s) 'flights_ops_medallion_pipe' retrieved from /opt/airflow/dags/flight-pipeline.py
[2026-05-04T11:39:26.983+0000] {logging_mixin.py:188} INFO - [2026-05-04T11:39:26.983+0000] {dag.py:3089} INFO - Sync 1 DAGs
[2026-05-04T11:39:27.007+0000] {logging_mixin.py:188} INFO - [2026-05-04T11:39:27.006+0000] {dag.py:3947} INFO - Setting next_dagrun for flights_ops_medallion_pipe to 2026-05-04 11:30:00+00:00, run_after=2026-05-04 12:00:00+00:00
[2026-05-04T11:39:27.025+0000] {processor.py:183} INFO - Processing /opt/airflow/dags/flight-pipeline.py took 0.751 seconds
[2026-05-04T11:39:57.308+0000] {processor.py:161} INFO - Started process (PID=18131) to work on /opt/airflow/dags/flight-pipeline.py
[2026-05-04T11:39:57.310+0000] {processor.py:830} INFO - Processing file /opt/airflow/dags/flight-pipeline.py for tasks to queue
[2026-05-04T11:39:57.311+0000] {logging_mixin.py:188} INFO - [2026-05-04T11:39:57.311+0000] {dagbag.py:545} INFO - Filling up the DagBag from /opt/airflow/dags/flight-pipeline.py
[2026-05-04T11:39:57.937+0000] {processor.py:840} INFO - DAG(s) 'flights_ops_medallion_pipe' retrieved from /opt/airflow/dags/flight-pipeline.py
[2026-05-04T11:39:57.973+0000] {logging_mixin.py:188} INFO - [2026-05-04T11:39:57.972+0000] {dag.py:3089} INFO - Sync 1 DAGs
[2026-05-04T11:39:58.007+0000] {logging_mixin.py:188} INFO - [2026-05-04T11:39:58.007+0000] {dag.py:3947} INFO - Setting next_dagrun for flights_ops_medallion_pipe to 2026-05-04 11:30:00+00:00, run_after=2026-05-04 12:00:00+00:00
[2026-05-04T11:39:58.027+0000] {processor.py:183} INFO - Processing /opt/airflow/dags/flight-pipeline.py took 0.728 seconds
[2026-05-04T11:40:28.102+0000] {processor.py:161} INFO - Started process (PID=18134) to work on /opt/airflow/dags/flight-pipeline.py
[2026-05-04T11:40:28.105+0000] {processor.py:830} INFO - Processing file /opt/airflow/dags/flight-pipeline.py for tasks to queue
[2026-05-04T11:40:28.106+0000] {logging_mixin.py:188} INFO - [2026-05-04T11:40:28.106+0000] {dagbag.py:545} INFO - Filling up the DagBag from /opt/airflow/dags/flight-pipeline.py
[2026-05-04T11:40:28.757+0000] {processor.py:840} INFO - DAG(s) 'flights_ops_medallion_pipe' retrieved from /opt/airflow/dags/flight-pipeline.py
[2026-05-04T11:40:28.790+0000] {logging_mixin.py:188} INFO - [2026-05-04T11:40:28.789+0000] {dag.py:3089} INFO - Sync 1 DAGs
[2026-05-04T11:40:28.812+0000] {logging_mixin.py:188} INFO - [2026-05-04T11:40:28.812+0000] {dag.py:3947} INFO - Setting next_dagrun for flights_ops_medallion_pipe to 2026-05-04 11:30:00+00:00, run_after=2026-05-04 12:00:00+00:00
[2026-05-04T11:40:28.830+0000] {processor.py:183} INFO - Processing /opt/airflow/dags/flight-pipeline.py took 0.741 seconds
[2026-05-04T11:40:59.145+0000] {processor.py:161} INFO - Started process (PID=18137) to work on /opt/airflow/dags/flight-pipeline.py
[2026-05-04T11:40:59.148+0000] {processor.py:830} INFO - Processing file /opt/airflow/dags/flight-pipeline.py for tasks to queue
[2026-05-04T11:40:59.149+0000] {logging_mixin.py:188} INFO - [2026-05-04T11:40:59.148+0000] {dagbag.py:545} INFO - Filling up the DagBag from /opt/airflow/dags/flight-pipeline.py
[2026-05-04T11:40:59.768+0000] {processor.py:840} INFO - DAG(s) 'flights_ops_medallion_pipe' retrieved from /opt/airflow/dags/flight-pipeline.py
[2026-05-04T11:40:59.805+0000] {logging_mixin.py:188} INFO - [2026-05-04T11:40:59.804+0000] {dag.py:3089} INFO - Sync 1 DAGs
[2026-05-04T11:40:59.832+0000] {logging_mixin.py:188} INFO - [2026-05-04T11:40:59.832+0000] {dag.py:3947} INFO - Setting next_dagrun for flights_ops_medallion_pipe to 2026-05-04 11:30:00+00:00, run_after=2026-05-04 12:00:00+00:00
[2026-05-04T11:40:59.851+0000] {processor.py:183} INFO - Processing /opt/airflow/dags/flight-pipeline.py took 0.724 seconds
[2026-05-04T11:41:30.119+0000] {processor.py:161} INFO - Started process (PID=18140) to work on /opt/airflow/dags/flight-pipeline.py
[2026-05-04T11:41:30.121+0000] {processor.py:830} INFO - Processing file /opt/airflow/dags/flight-pipeline.py for tasks to queue
[2026-05-04T11:41:30.122+0000] {logging_mixin.py:188} INFO - [2026-05-04T11:41:30.121+0000] {dagbag.py:545} INFO - Filling up the DagBag from /opt/airflow/dags/flight-pipeline.py
[2026-05-04T11:41:30.798+0000] {processor.py:840} INFO - DAG(s) 'flights_ops_medallion_pipe' retrieved from /opt/airflow/dags/flight-pipeline.py
[2026-05-04T11:41:30.830+0000] {logging_mixin.py:188} INFO - [2026-05-04T11:41:30.829+0000] {dag.py:3089} INFO - Sync 1 DAGs
[2026-05-04T11:41:30.852+0000] {logging_mixin.py:188} INFO - [2026-05-04T11:41:30.852+0000] {dag.py:3947} INFO - Setting next_dagrun for flights_ops_medallion_pipe to 2026-05-04 11:30:00+00:00, run_after=2026-05-04 12:00:00+00:00
[2026-05-04T11:41:30.873+0000] {processor.py:183} INFO - Processing /opt/airflow/dags/flight-pipeline.py took 0.763 seconds
[2026-05-04T11:42:01.055+0000] {processor.py:161} INFO - Started process (PID=18143) to work on /opt/airflow/dags/flight-pipeline.py
[2026-05-04T11:42:01.058+0000] {processor.py:830} INFO - Processing file /opt/airflow/dags/flight-pipeline.py for tasks to queue
[2026-05-04T11:42:01.059+0000] {logging_mixin.py:188} INFO - [2026-05-04T11:42:01.059+0000] {dagbag.py:545} INFO - Filling up the DagBag from /opt/airflow/dags/flight-pipeline.py
[2026-05-04T11:42:01.686+0000] {processor.py:840} INFO - DAG(s) 'flights_ops_medallion_pipe' retrieved from /opt/airflow/dags/flight-pipeline.py
[2026-05-04T11:42:01.718+0000] {logging_mixin.py:188} INFO - [2026-05-04T11:42:01.718+0000] {dag.py:3089} INFO - Sync 1 DAGs
[2026-05-04T11:42:01.759+0000] {logging_mixin.py:188} INFO - [2026-05-04T11:42:01.758+0000] {dag.py:3947} INFO - Setting next_dagrun for flights_ops_medallion_pipe to 2026-05-04 11:30:00+00:00, run_after=2026-05-04 12:00:00+00:00
[2026-05-04T11:42:01.838+0000] {processor.py:183} INFO - Processing /opt/airflow/dags/flight-pipeline.py took 0.792 seconds
[2026-05-04T11:42:32.144+0000] {processor.py:161} INFO - Started process (PID=18146) to work on /opt/airflow/dags/flight-pipeline.py
[2026-05-04T11:42:32.146+0000] {processor.py:830} INFO - Processing file /opt/airflow/dags/flight-pipeline.py for tasks to queue
[2026-05-04T11:42:32.151+0000] {logging_mixin.py:188} INFO - [2026-05-04T11:42:32.149+0000] {dagbag.py:545} INFO - Filling up the DagBag from /opt/airflow/dags/flight-pipeline.py
[2026-05-04T11:42:32.819+0000] {processor.py:840} INFO - DAG(s) 'flights_ops_medallion_pipe' retrieved from /opt/airflow/dags/flight-pipeline.py
[2026-05-04T11:42:32.856+0000] {logging_mixin.py:188} INFO - [2026-05-04T11:42:32.855+0000] {dag.py:3089} INFO - Sync 1 DAGs
[2026-05-04T11:42:32.884+0000] {logging_mixin.py:188} INFO - [2026-05-04T11:42:32.884+0000] {dag.py:3947} INFO - Setting next_dagrun for flights_ops_medallion_pipe to 2026-05-04 11:30:00+00:00, run_after=2026-05-04 12:00:00+00:00
[2026-05-04T11:42:32.902+0000] {processor.py:183} INFO - Processing /opt/airflow/dags/flight-pipeline.py took 0.767 seconds
[2026-05-04T11:43:03.200+0000] {processor.py:161} INFO - Started process (PID=18149) to work on /opt/airflow/dags/flight-pipeline.py
[2026-05-04T11:43:03.202+0000] {processor.py:830} INFO - Processing file /opt/airflow/dags/flight-pipeline.py for tasks to queue
[2026-05-04T11:43:03.204+0000] {logging_mixin.py:188} INFO - [2026-05-04T11:43:03.203+0000] {dagbag.py:545} INFO - Filling up the DagBag from /opt/airflow/dags/flight-pipeline.py
[2026-05-04T11:43:03.816+0000] {processor.py:840} INFO - DAG(s) 'flights_ops_medallion_pipe' retrieved from /opt/airflow/dags/flight-pipeline.py
[2026-05-04T11:43:03.851+0000] {logging_mixin.py:188} INFO - [2026-05-04T11:43:03.850+0000] {dag.py:3089} INFO - Sync 1 DAGs
[2026-05-04T11:43:03.873+0000] {logging_mixin.py:188} INFO - [2026-05-04T11:43:03.873+0000] {dag.py:3947} INFO - Setting next_dagrun for flights_ops_medallion_pipe to 2026-05-04 11:30:00+00:00, run_after=2026-05-04 12:00:00+00:00
[2026-05-04T11:43:03.891+0000] {processor.py:183} INFO - Processing /opt/airflow/dags/flight-pipeline.py took 0.702 seconds
[2026-05-04T11:43:34.003+0000] {processor.py:161} INFO - Started process (PID=18152) to work on /opt/airflow/dags/flight-pipeline.py
[2026-05-04T11:43:34.006+0000] {processor.py:830} INFO - Processing file /opt/airflow/dags/flight-pipeline.py for tasks to queue
[2026-05-04T11:43:34.007+0000] {logging_mixin.py:188} INFO - [2026-05-04T11:43:34.007+0000] {dagbag.py:545} INFO - Filling up the DagBag from /opt/airflow/dags/flight-pipeline.py
[2026-05-04T11:43:34.630+0000] {processor.py:840} INFO - DAG(s) 'flights_ops_medallion_pipe' retrieved from /opt/airflow/dags/flight-pipeline.py
[2026-05-04T11:43:34.664+0000] {logging_mixin.py:188} INFO - [2026-05-04T11:43:34.663+0000] {dag.py:3089} INFO - Sync 1 DAGs
[2026-05-04T11:43:34.686+0000] {logging_mixin.py:188} INFO - [2026-05-04T11:43:34.686+0000] {dag.py:3947} INFO - Setting next_dagrun for flights_ops_medallion_pipe to 2026-05-04 11:30:00+00:00, run_after=2026-05-04 12:00:00+00:00
[2026-05-04T11:43:34.704+0000] {processor.py:183} INFO - Processing /opt/airflow/dags/flight-pipeline.py took 0.710 seconds
[2026-05-04T11:44:05.003+0000] {processor.py:161} INFO - Started process (PID=18155) to work on /opt/airflow/dags/flight-pipeline.py
[2026-05-04T11:44:05.005+0000] {processor.py:830} INFO - Processing file /opt/airflow/dags/flight-pipeline.py for tasks to queue
[2026-05-04T11:44:05.006+0000] {logging_mixin.py:188} INFO - [2026-05-04T11:44:05.006+0000] {dagbag.py:545} INFO - Filling up the DagBag from /opt/airflow/dags/flight-pipeline.py
[2026-05-04T11:44:05.631+0000] {processor.py:840} INFO - DAG(s) 'flights_ops_medallion_pipe' retrieved from /opt/airflow/dags/flight-pipeline.py
[2026-05-04T11:44:05.664+0000] {logging_mixin.py:188} INFO - [2026-05-04T11:44:05.663+0000] {dag.py:3089} INFO - Sync 1 DAGs
[2026-05-04T11:44:05.686+0000] {logging_mixin.py:188} INFO - [2026-05-04T11:44:05.686+0000] {dag.py:3947} INFO - Setting next_dagrun for flights_ops_medallion_pipe to 2026-05-04 11:30:00+00:00, run_after=2026-05-04 12:00:00+00:00
[2026-05-04T11:44:05.705+0000] {processor.py:183} INFO - Processing /opt/airflow/dags/flight-pipeline.py took 0.712 seconds
[2026-05-04T11:44:35.974+0000] {processor.py:161} INFO - Started process (PID=18158) to work on /opt/airflow/dags/flight-pipeline.py
[2026-05-04T11:44:35.976+0000] {processor.py:830} INFO - Processing file /opt/airflow/dags/flight-pipeline.py for tasks to queue
[2026-05-04T11:44:35.978+0000] {logging_mixin.py:188} INFO - [2026-05-04T11:44:35.977+0000] {dagbag.py:545} INFO - Filling up the DagBag from /opt/airflow/dags/flight-pipeline.py
[2026-05-04T11:44:36.625+0000] {processor.py:840} INFO - DAG(s) 'flights_ops_medallion_pipe' retrieved from /opt/airflow/dags/flight-pipeline.py
[2026-05-04T11:44:36.663+0000] {logging_mixin.py:188} INFO - [2026-05-04T11:44:36.663+0000] {dag.py:3089} INFO - Sync 1 DAGs
[2026-05-04T11:44:36.685+0000] {logging_mixin.py:188} INFO - [2026-05-04T11:44:36.685+0000] {dag.py:3947} INFO - Setting next_dagrun for flights_ops_medallion_pipe to 2026-05-04 11:30:00+00:00, run_after=2026-05-04 12:00:00+00:00
[2026-05-04T11:44:36.704+0000] {processor.py:183} INFO - Processing /opt/airflow/dags/flight-pipeline.py took 0.739 seconds
[2026-05-04T11:45:06.949+0000] {processor.py:161} INFO - Started process (PID=18161) to work on /opt/airflow/dags/flight-pipeline.py
[2026-05-04T11:45:06.952+0000] {processor.py:830} INFO - Processing file /opt/airflow/dags/flight-pipeline.py for tasks to queue
[2026-05-04T11:45:06.953+0000] {logging_mixin.py:188} INFO - [2026-05-04T11:45:06.953+0000] {dagbag.py:545} INFO - Filling up the DagBag from /opt/airflow/dags/flight-pipeline.py
[2026-05-04T11:45:07.563+0000] {processor.py:840} INFO - DAG(s) 'flights_ops_medallion_pipe' retrieved from /opt/airflow/dags/flight-pipeline.py
[2026-05-04T11:45:07.597+0000] {logging_mixin.py:188} INFO - [2026-05-04T11:45:07.596+0000] {dag.py:3089} INFO - Sync 1 DAGs
[2026-05-04T11:45:07.621+0000] {logging_mixin.py:188} INFO - [2026-05-04T11:45:07.621+0000] {dag.py:3947} INFO - Setting next_dagrun for flights_ops_medallion_pipe to 2026-05-04 11:30:00+00:00, run_after=2026-05-04 12:00:00+00:00
[2026-05-04T11:45:07.641+0000] {processor.py:183} INFO - Processing /opt/airflow/dags/flight-pipeline.py took 0.701 seconds
[2026-05-04T11:45:37.910+0000] {processor.py:161} INFO - Started process (PID=18164) to work on /opt/airflow/dags/flight-pipeline.py
[2026-05-04T11:45:37.912+0000] {processor.py:830} INFO - Processing file /opt/airflow/dags/flight-pipeline.py for tasks to queue
[2026-05-04T11:45:37.913+0000] {logging_mixin.py:188} INFO - [2026-05-04T11:45:37.913+0000] {dagbag.py:545} INFO - Filling up the DagBag from /opt/airflow/dags/flight-pipeline.py
[2026-05-04T11:45:38.546+0000] {processor.py:840} INFO - DAG(s) 'flights_ops_medallion_pipe' retrieved from /opt/airflow/dags/flight-pipeline.py
[2026-05-04T11:45:38.587+0000] {logging_mixin.py:188} INFO - [2026-05-04T11:45:38.586+0000] {dag.py:3089} INFO - Sync 1 DAGs
[2026-05-04T11:45:38.610+0000] {logging_mixin.py:188} INFO - [2026-05-04T11:45:38.609+0000] {dag.py:3947} INFO - Setting next_dagrun for flights_ops_medallion_pipe to 2026-05-04 11:30:00+00:00, run_after=2026-05-04 12:00:00+00:00
[2026-05-04T11:45:38.627+0000] {processor.py:183} INFO - Processing /opt/airflow/dags/flight-pipeline.py took 0.727 seconds
[2026-05-04T11:46:08.917+0000] {processor.py:161} INFO - Started process (PID=18167) to work on /opt/airflow/dags/flight-pipeline.py
[2026-05-04T11:46:08.923+0000] {processor.py:830} INFO - Processing file /opt/airflow/dags/flight-pipeline.py for tasks to queue
[2026-05-04T11:46:08.925+0000] {logging_mixin.py:188} INFO - [2026-05-04T11:46:08.924+0000] {dagbag.py:545} INFO - Filling up the DagBag from /opt/airflow/dags/flight-pipeline.py
[2026-05-04T11:46:09.544+0000] {processor.py:840} INFO - DAG(s) 'flights_ops_medallion_pipe' retrieved from /opt/airflow/dags/flight-pipeline.py
[2026-05-04T11:46:09.581+0000] {logging_mixin.py:188} INFO - [2026-05-04T11:46:09.580+0000] {dag.py:3089} INFO - Sync 1 DAGs
[2026-05-04T11:46:09.603+0000] {logging_mixin.py:188} INFO - [2026-05-04T11:46:09.603+0000] {dag.py:3947} INFO - Setting next_dagrun for flights_ops_medallion_pipe to 2026-05-04 11:30:00+00:00, run_after=2026-05-04 12:00:00+00:00
[2026-05-04T11:46:09.621+0000] {processor.py:183} INFO - Processing /opt/airflow/dags/flight-pipeline.py took 0.714 seconds
[2026-05-04T11:46:39.764+0000] {processor.py:161} INFO - Started process (PID=18170) to work on /opt/airflow/dags/flight-pipeline.py
[2026-05-04T11:46:39.767+0000] {processor.py:830} INFO - Processing file /opt/airflow/dags/flight-pipeline.py for tasks to queue
[2026-05-04T11:46:39.768+0000] {logging_mixin.py:188} INFO - [2026-05-04T11:46:39.768+0000] {dagbag.py:545} INFO - Filling up the DagBag from /opt/airflow/dags/flight-pipeline.py
[2026-05-04T11:46:40.409+0000] {processor.py:840} INFO - DAG(s) 'flights_ops_medallion_pipe' retrieved from /opt/airflow/dags/flight-pipeline.py
[2026-05-04T11:46:40.445+0000] {logging_mixin.py:188} INFO - [2026-05-04T11:46:40.445+0000] {dag.py:3089} INFO - Sync 1 DAGs
[2026-05-04T11:46:40.479+0000] {logging_mixin.py:188} INFO - [2026-05-04T11:46:40.479+0000] {dag.py:3947} INFO - Setting next_dagrun for flights_ops_medallion_pipe to 2026-05-04 11:30:00+00:00, run_after=2026-05-04 12:00:00+00:00
[2026-05-04T11:46:40.497+0000] {processor.py:183} INFO - Processing /opt/airflow/dags/flight-pipeline.py took 0.746 seconds
[2026-05-04T11:47:10.805+0000] {processor.py:161} INFO - Started process (PID=18173) to work on /opt/airflow/dags/flight-pipeline.py
[2026-05-04T11:47:10.807+0000] {processor.py:830} INFO - Processing file /opt/airflow/dags/flight-pipeline.py for tasks to queue
[2026-05-04T11:47:10.808+0000] {logging_mixin.py:188} INFO - [2026-05-04T11:47:10.808+0000] {dagbag.py:545} INFO - Filling up the DagBag from /opt/airflow/dags/flight-pipeline.py
[2026-05-04T11:47:11.504+0000] {processor.py:840} INFO - DAG(s) 'flights_ops_medallion_pipe' retrieved from /opt/airflow/dags/flight-pipeline.py
[2026-05-04T11:47:11.537+0000] {logging_mixin.py:188} INFO - [2026-05-04T11:47:11.537+0000] {dag.py:3089} INFO - Sync 1 DAGs
[2026-05-04T11:47:11.561+0000] {logging_mixin.py:188} INFO - [2026-05-04T11:47:11.560+0000] {dag.py:3947} INFO - Setting next_dagrun for flights_ops_medallion_pipe to 2026-05-04 11:30:00+00:00, run_after=2026-05-04 12:00:00+00:00
[2026-05-04T11:47:11.581+0000] {processor.py:183} INFO - Processing /opt/airflow/dags/flight-pipeline.py took 0.789 seconds
[2026-05-04T11:47:41.883+0000] {processor.py:161} INFO - Started process (PID=18176) to work on /opt/airflow/dags/flight-pipeline.py
[2026-05-04T11:47:41.885+0000] {processor.py:830} INFO - Processing file /opt/airflow/dags/flight-pipeline.py for tasks to queue
[2026-05-04T11:47:41.887+0000] {logging_mixin.py:188} INFO - [2026-05-04T11:47:41.886+0000] {dagbag.py:545} INFO - Filling up the DagBag from /opt/airflow/dags/flight-pipeline.py
[2026-05-04T11:47:42.512+0000] {processor.py:840} INFO - DAG(s) 'flights_ops_medallion_pipe' retrieved from /opt/airflow/dags/flight-pipeline.py
[2026-05-04T11:47:42.544+0000] {logging_mixin.py:188} INFO - [2026-05-04T11:47:42.543+0000] {dag.py:3089} INFO - Sync 1 DAGs
[2026-05-04T11:47:42.569+0000] {logging_mixin.py:188} INFO - [2026-05-04T11:47:42.568+0000] {dag.py:3947} INFO - Setting next_dagrun for flights_ops_medallion_pipe to 2026-05-04 11:30:00+00:00, run_after=2026-05-04 12:00:00+00:00
[2026-05-04T11:47:42.588+0000] {processor.py:183} INFO - Processing /opt/airflow/dags/flight-pipeline.py took 0.713 seconds
[2026-05-04T11:48:12.859+0000] {processor.py:161} INFO - Started process (PID=18179) to work on /opt/airflow/dags/flight-pipeline.py
[2026-05-04T11:48:12.862+0000] {processor.py:830} INFO - Processing file /opt/airflow/dags/flight-pipeline.py for tasks to queue
[2026-05-04T11:48:12.863+0000] {logging_mixin.py:188} INFO - [2026-05-04T11:48:12.863+0000] {dagbag.py:545} INFO - Filling up the DagBag from /opt/airflow/dags/flight-pipeline.py
[2026-05-04T11:48:13.484+0000] {processor.py:840} INFO - DAG(s) 'flights_ops_medallion_pipe' retrieved from /opt/airflow/dags/flight-pipeline.py
[2026-05-04T11:48:13.518+0000] {logging_mixin.py:188} INFO - [2026-05-04T11:48:13.517+0000] {dag.py:3089} INFO - Sync 1 DAGs
[2026-05-04T11:48:13.542+0000] {logging_mixin.py:188} INFO - [2026-05-04T11:48:13.542+0000] {dag.py:3947} INFO - Setting next_dagrun for flights_ops_medallion_pipe to 2026-05-04 11:30:00+00:00, run_after=2026-05-04 12:00:00+00:00
[2026-05-04T11:48:13.560+0000] {processor.py:183} INFO - Processing /opt/airflow/dags/flight-pipeline.py took 0.710 seconds
[2026-05-04T11:48:43.848+0000] {processor.py:161} INFO - Started process (PID=18182) to work on /opt/airflow/dags/flight-pipeline.py
[2026-05-04T11:48:43.851+0000] {processor.py:830} INFO - Processing file /opt/airflow/dags/flight-pipeline.py for tasks to queue
[2026-05-04T11:48:43.852+0000] {logging_mixin.py:188} INFO - [2026-05-04T11:48:43.852+0000] {dagbag.py:545} INFO - Filling up the DagBag from /opt/airflow/dags/flight-pipeline.py
[2026-05-04T11:48:44.667+0000] {processor.py:840} INFO - DAG(s) 'flights_ops_medallion_pipe' retrieved from /opt/airflow/dags/flight-pipeline.py
[2026-05-04T11:48:44.703+0000] {logging_mixin.py:188} INFO - [2026-05-04T11:48:44.703+0000] {dag.py:3089} INFO - Sync 1 DAGs
[2026-05-04T11:48:44.728+0000] {logging_mixin.py:188} INFO - [2026-05-04T11:48:44.727+0000] {dag.py:3947} INFO - Setting next_dagrun for flights_ops_medallion_pipe to 2026-05-04 11:30:00+00:00, run_after=2026-05-04 12:00:00+00:00
[2026-05-04T11:48:44.749+0000] {processor.py:183} INFO - Processing /opt/airflow/dags/flight-pipeline.py took 0.911 seconds
[2026-05-04T11:49:15.026+0000] {processor.py:161} INFO - Started process (PID=18185) to work on /opt/airflow/dags/flight-pipeline.py
[2026-05-04T11:49:15.028+0000] {processor.py:830} INFO - Processing file /opt/airflow/dags/flight-pipeline.py for tasks to queue
[2026-05-04T11:49:15.030+0000] {logging_mixin.py:188} INFO - [2026-05-04T11:49:15.029+0000] {dagbag.py:545} INFO - Filling up the DagBag from /opt/airflow/dags/flight-pipeline.py
[2026-05-04T11:49:15.659+0000] {processor.py:840} INFO - DAG(s) 'flights_ops_medallion_pipe' retrieved from /opt/airflow/dags/flight-pipeline.py
[2026-05-04T11:49:15.692+0000] {logging_mixin.py:188} INFO - [2026-05-04T11:49:15.692+0000] {dag.py:3089} INFO - Sync 1 DAGs
[2026-05-04T11:49:15.715+0000] {logging_mixin.py:188} INFO - [2026-05-04T11:49:15.714+0000] {dag.py:3947} INFO - Setting next_dagrun for flights_ops_medallion_pipe to 2026-05-04 11:30:00+00:00, run_after=2026-05-04 12:00:00+00:00
[2026-05-04T11:49:15.733+0000] {processor.py:183} INFO - Processing /opt/airflow/dags/flight-pipeline.py took 0.718 seconds
[2026-05-04T11:49:46.024+0000] {processor.py:161} INFO - Started process (PID=18188) to work on /opt/airflow/dags/flight-pipeline.py
[2026-05-04T11:49:46.026+0000] {processor.py:830} INFO - Processing file /opt/airflow/dags/flight-pipeline.py for tasks to queue
[2026-05-04T11:49:46.027+0000] {logging_mixin.py:188} INFO - [2026-05-04T11:49:46.027+0000] {dagbag.py:545} INFO - Filling up the DagBag from /opt/airflow/dags/flight-pipeline.py
[2026-05-04T11:49:46.663+0000] {processor.py:840} INFO - DAG(s) 'flights_ops_medallion_pipe' retrieved from /opt/airflow/dags/flight-pipeline.py
[2026-05-04T11:49:46.702+0000] {logging_mixin.py:188} INFO - [2026-05-04T11:49:46.701+0000] {dag.py:3089} INFO - Sync 1 DAGs
[2026-05-04T11:49:46.726+0000] {logging_mixin.py:188} INFO - [2026-05-04T11:49:46.725+0000] {dag.py:3947} INFO - Setting next_dagrun for flights_ops_medallion_pipe to 2026-05-04 11:30:00+00:00, run_after=2026-05-04 12:00:00+00:00
[2026-05-04T11:49:46.743+0000] {processor.py:183} INFO - Processing /opt/airflow/dags/flight-pipeline.py took 0.729 seconds
[2026-05-04T11:50:16.901+0000] {processor.py:161} INFO - Started process (PID=18191) to work on /opt/airflow/dags/flight-pipeline.py
[2026-05-04T11:50:16.903+0000] {processor.py:830} INFO - Processing file /opt/airflow/dags/flight-pipeline.py for tasks to queue
[2026-05-04T11:50:16.904+0000] {logging_mixin.py:188} INFO - [2026-05-04T11:50:16.904+0000] {dagbag.py:545} INFO - Filling up the DagBag from /opt/airflow/dags/flight-pipeline.py
[2026-05-04T11:50:17.537+0000] {processor.py:840} INFO - DAG(s) 'flights_ops_medallion_pipe' retrieved from /opt/airflow/dags/flight-pipeline.py
[2026-05-04T11:50:17.569+0000] {logging_mixin.py:188} INFO - [2026-05-04T11:50:17.569+0000] {dag.py:3089} INFO - Sync 1 DAGs
[2026-05-04T11:50:17.594+0000] {logging_mixin.py:188} INFO - [2026-05-04T11:50:17.594+0000] {dag.py:3947} INFO - Setting next_dagrun for flights_ops_medallion_pipe to 2026-05-04 11:30:00+00:00, run_after=2026-05-04 12:00:00+00:00
[2026-05-04T11:50:17.612+0000] {processor.py:183} INFO - Processing /opt/airflow/dags/flight-pipeline.py took 0.721 seconds
[2026-05-04T11:50:47.921+0000] {processor.py:161} INFO - Started process (PID=18194) to work on /opt/airflow/dags/flight-pipeline.py
[2026-05-04T11:50:47.924+0000] {processor.py:830} INFO - Processing file /opt/airflow/dags/flight-pipeline.py for tasks to queue
[2026-05-04T11:50:47.925+0000] {logging_mixin.py:188} INFO - [2026-05-04T11:50:47.924+0000] {dagbag.py:545} INFO - Filling up the DagBag from /opt/airflow/dags/flight-pipeline.py
[2026-05-04T11:50:48.549+0000] {processor.py:840} INFO - DAG(s) 'flights_ops_medallion_pipe' retrieved from /opt/airflow/dags/flight-pipeline.py
[2026-05-04T11:50:48.582+0000] {logging_mixin.py:188} INFO - [2026-05-04T11:50:48.581+0000] {dag.py:3089} INFO - Sync 1 DAGs
[2026-05-04T11:50:48.606+0000] {logging_mixin.py:188} INFO - [2026-05-04T11:50:48.606+0000] {dag.py:3947} INFO - Setting next_dagrun for flights_ops_medallion_pipe to 2026-05-04 11:30:00+00:00, run_after=2026-05-04 12:00:00+00:00
[2026-05-04T11:50:48.625+0000] {processor.py:183} INFO - Processing /opt/airflow/dags/flight-pipeline.py took 0.713 seconds
[2026-05-04T11:51:18.889+0000] {processor.py:161} INFO - Started process (PID=18197) to work on /opt/airflow/dags/flight-pipeline.py
[2026-05-04T11:51:18.891+0000] {processor.py:830} INFO - Processing file /opt/airflow/dags/flight-pipeline.py for tasks to queue
[2026-05-04T11:51:18.893+0000] {logging_mixin.py:188} INFO - [2026-05-04T11:51:18.892+0000] {dagbag.py:545} INFO - Filling up the DagBag from /opt/airflow/dags/flight-pipeline.py
[2026-05-04T11:51:19.516+0000] {processor.py:840} INFO - DAG(s) 'flights_ops_medallion_pipe' retrieved from /opt/airflow/dags/flight-pipeline.py
[2026-05-04T11:51:19.548+0000] {logging_mixin.py:188} INFO - [2026-05-04T11:51:19.547+0000] {dag.py:3089} INFO - Sync 1 DAGs
[2026-05-04T11:51:19.572+0000] {logging_mixin.py:188} INFO - [2026-05-04T11:51:19.571+0000] {dag.py:3947} INFO - Setting next_dagrun for flights_ops_medallion_pipe to 2026-05-04 11:30:00+00:00, run_after=2026-05-04 12:00:00+00:00
[2026-05-04T11:51:19.593+0000] {processor.py:183} INFO - Processing /opt/airflow/dags/flight-pipeline.py took 0.713 seconds
[2026-05-04T11:51:49.770+0000] {processor.py:161} INFO - Started process (PID=18200) to work on /opt/airflow/dags/flight-pipeline.py
[2026-05-04T11:51:49.772+0000] {processor.py:830} INFO - Processing file /opt/airflow/dags/flight-pipeline.py for tasks to queue
[2026-05-04T11:51:49.773+0000] {logging_mixin.py:188} INFO - [2026-05-04T11:51:49.773+0000] {dagbag.py:545} INFO - Filling up the DagBag from /opt/airflow/dags/flight-pipeline.py
[2026-05-04T11:51:50.410+0000] {processor.py:840} INFO - DAG(s) 'flights_ops_medallion_pipe' retrieved from /opt/airflow/dags/flight-pipeline.py
[2026-05-04T11:51:50.443+0000] {logging_mixin.py:188} INFO - [2026-05-04T11:51:50.443+0000] {dag.py:3089} INFO - Sync 1 DAGs
[2026-05-04T11:51:50.467+0000] {logging_mixin.py:188} INFO - [2026-05-04T11:51:50.466+0000] {dag.py:3947} INFO - Setting next_dagrun for flights_ops_medallion_pipe to 2026-05-04 11:30:00+00:00, run_after=2026-05-04 12:00:00+00:00
[2026-05-04T11:51:50.484+0000] {processor.py:183} INFO - Processing /opt/airflow/dags/flight-pipeline.py took 0.723 seconds
[2026-05-04T11:52:20.765+0000] {processor.py:161} INFO - Started process (PID=18203) to work on /opt/airflow/dags/flight-pipeline.py
[2026-05-04T11:52:20.767+0000] {processor.py:830} INFO - Processing file /opt/airflow/dags/flight-pipeline.py for tasks to queue
[2026-05-04T11:52:20.768+0000] {logging_mixin.py:188} INFO - [2026-05-04T11:52:20.768+0000] {dagbag.py:545} INFO - Filling up the DagBag from /opt/airflow/dags/flight-pipeline.py
[2026-05-04T11:52:21.397+0000] {processor.py:840} INFO - DAG(s) 'flights_ops_medallion_pipe' retrieved from /opt/airflow/dags/flight-pipeline.py
[2026-05-04T11:52:21.430+0000] {logging_mixin.py:188} INFO - [2026-05-04T11:52:21.429+0000] {dag.py:3089} INFO - Sync 1 DAGs
[2026-05-04T11:52:21.452+0000] {logging_mixin.py:188} INFO - [2026-05-04T11:52:21.452+0000] {dag.py:3947} INFO - Setting next_dagrun for flights_ops_medallion_pipe to 2026-05-04 11:30:00+00:00, run_after=2026-05-04 12:00:00+00:00
[2026-05-04T11:52:21.471+0000] {processor.py:183} INFO - Processing /opt/airflow/dags/flight-pipeline.py took 0.716 seconds
[2026-05-04T11:52:51.749+0000] {processor.py:161} INFO - Started process (PID=18206) to work on /opt/airflow/dags/flight-pipeline.py
[2026-05-04T11:52:51.752+0000] {processor.py:830} INFO - Processing file /opt/airflow/dags/flight-pipeline.py for tasks to queue
[2026-05-04T11:52:51.753+0000] {logging_mixin.py:188} INFO - [2026-05-04T11:52:51.753+0000] {dagbag.py:545} INFO - Filling up the DagBag from /opt/airflow/dags/flight-pipeline.py
[2026-05-04T11:52:52.399+0000] {processor.py:840} INFO - DAG(s) 'flights_ops_medallion_pipe' retrieved from /opt/airflow/dags/flight-pipeline.py
[2026-05-04T11:52:52.438+0000] {logging_mixin.py:188} INFO - [2026-05-04T11:52:52.438+0000] {dag.py:3089} INFO - Sync 1 DAGs
[2026-05-04T11:52:52.477+0000] {logging_mixin.py:188} INFO - [2026-05-04T11:52:52.477+0000] {dag.py:3947} INFO - Setting next_dagrun for flights_ops_medallion_pipe to 2026-05-04 11:30:00+00:00, run_after=2026-05-04 12:00:00+00:00
[2026-05-04T11:52:52.501+0000] {processor.py:183} INFO - Processing /opt/airflow/dags/flight-pipeline.py took 0.761 seconds
[2026-05-04T11:53:22.661+0000] {processor.py:161} INFO - Started process (PID=18209) to work on /opt/airflow/dags/flight-pipeline.py
[2026-05-04T11:53:22.664+0000] {processor.py:830} INFO - Processing file /opt/airflow/dags/flight-pipeline.py for tasks to queue
[2026-05-04T11:53:22.665+0000] {logging_mixin.py:188} INFO - [2026-05-04T11:53:22.665+0000] {dagbag.py:545} INFO - Filling up the DagBag from /opt/airflow/dags/flight-pipeline.py
[2026-05-04T11:53:23.304+0000] {processor.py:840} INFO - DAG(s) 'flights_ops_medallion_pipe' retrieved from /opt/airflow/dags/flight-pipeline.py
[2026-05-04T11:53:23.336+0000] {logging_mixin.py:188} INFO - [2026-05-04T11:53:23.336+0000] {dag.py:3089} INFO - Sync 1 DAGs
[2026-05-04T11:53:23.361+0000] {logging_mixin.py:188} INFO - [2026-05-04T11:53:23.361+0000] {dag.py:3947} INFO - Setting next_dagrun for flights_ops_medallion_pipe to 2026-05-04 11:30:00+00:00, run_after=2026-05-04 12:00:00+00:00
[2026-05-04T11:53:23.380+0000] {processor.py:183} INFO - Processing /opt/airflow/dags/flight-pipeline.py took 0.728 seconds
[2026-05-04T11:53:53.666+0000] {processor.py:161} INFO - Started process (PID=18212) to work on /opt/airflow/dags/flight-pipeline.py
[2026-05-04T11:53:53.668+0000] {processor.py:830} INFO - Processing file /opt/airflow/dags/flight-pipeline.py for tasks to queue
[2026-05-04T11:53:53.669+0000] {logging_mixin.py:188} INFO - [2026-05-04T11:53:53.669+0000] {dagbag.py:545} INFO - Filling up the DagBag from /opt/airflow/dags/flight-pipeline.py
[2026-05-04T11:53:54.299+0000] {processor.py:840} INFO - DAG(s) 'flights_ops_medallion_pipe' retrieved from /opt/airflow/dags/flight-pipeline.py
[2026-05-04T11:53:54.332+0000] {logging_mixin.py:188} INFO - [2026-05-04T11:53:54.332+0000] {dag.py:3089} INFO - Sync 1 DAGs
[2026-05-04T11:53:54.356+0000] {logging_mixin.py:188} INFO - [2026-05-04T11:53:54.356+0000] {dag.py:3947} INFO - Setting next_dagrun for flights_ops_medallion_pipe to 2026-05-04 11:30:00+00:00, run_after=2026-05-04 12:00:00+00:00
[2026-05-04T11:53:54.374+0000] {processor.py:183} INFO - Processing /opt/airflow/dags/flight-pipeline.py took 0.717 seconds
[2026-05-04T11:54:24.673+0000] {processor.py:161} INFO - Started process (PID=18215) to work on /opt/airflow/dags/flight-pipeline.py
[2026-05-04T11:54:24.676+0000] {processor.py:830} INFO - Processing file /opt/airflow/dags/flight-pipeline.py for tasks to queue
[2026-05-04T11:54:24.677+0000] {logging_mixin.py:188} INFO - [2026-05-04T11:54:24.677+0000] {dagbag.py:545} INFO - Filling up the DagBag from /opt/airflow/dags/flight-pipeline.py
[2026-05-04T11:54:25.325+0000] {processor.py:840} INFO - DAG(s) 'flights_ops_medallion_pipe' retrieved from /opt/airflow/dags/flight-pipeline.py
[2026-05-04T11:54:25.365+0000] {logging_mixin.py:188} INFO - [2026-05-04T11:54:25.364+0000] {dag.py:3089} INFO - Sync 1 DAGs
[2026-05-04T11:54:25.393+0000] {logging_mixin.py:188} INFO - [2026-05-04T11:54:25.393+0000] {dag.py:3947} INFO - Setting next_dagrun for flights_ops_medallion_pipe to 2026-05-04 11:30:00+00:00, run_after=2026-05-04 12:00:00+00:00
[2026-05-04T11:54:25.412+0000] {processor.py:183} INFO - Processing /opt/airflow/dags/flight-pipeline.py took 0.748 seconds
[2026-05-04T11:54:55.547+0000] {processor.py:161} INFO - Started process (PID=18218) to work on /opt/airflow/dags/flight-pipeline.py
[2026-05-04T11:54:55.550+0000] {processor.py:830} INFO - Processing file /opt/airflow/dags/flight-pipeline.py for tasks to queue
[2026-05-04T11:54:55.551+0000] {logging_mixin.py:188} INFO - [2026-05-04T11:54:55.550+0000] {dagbag.py:545} INFO - Filling up the DagBag from /opt/airflow/dags/flight-pipeline.py
[2026-05-04T11:54:56.196+0000] {processor.py:840} INFO - DAG(s) 'flights_ops_medallion_pipe' retrieved from /opt/airflow/dags/flight-pipeline.py
[2026-05-04T11:54:56.229+0000] {logging_mixin.py:188} INFO - [2026-05-04T11:54:56.229+0000] {dag.py:3089} INFO - Sync 1 DAGs
[2026-05-04T11:54:56.252+0000] {logging_mixin.py:188} INFO - [2026-05-04T11:54:56.252+0000] {dag.py:3947} INFO - Setting next_dagrun for flights_ops_medallion_pipe to 2026-05-04 11:30:00+00:00, run_after=2026-05-04 12:00:00+00:00
[2026-05-04T11:54:56.271+0000] {processor.py:183} INFO - Processing /opt/airflow/dags/flight-pipeline.py took 0.733 seconds
[2026-05-04T11:55:26.568+0000] {processor.py:161} INFO - Started process (PID=18221) to work on /opt/airflow/dags/flight-pipeline.py
[2026-05-04T11:55:26.570+0000] {processor.py:830} INFO - Processing file /opt/airflow/dags/flight-pipeline.py for tasks to queue
[2026-05-04T11:55:26.571+0000] {logging_mixin.py:188} INFO - [2026-05-04T11:55:26.571+0000] {dagbag.py:545} INFO - Filling up the DagBag from /opt/airflow/dags/flight-pipeline.py
[2026-05-04T11:55:27.219+0000] {processor.py:840} INFO - DAG(s) 'flights_ops_medallion_pipe' retrieved from /opt/airflow/dags/flight-pipeline.py
[2026-05-04T11:55:27.252+0000] {logging_mixin.py:188} INFO - [2026-05-04T11:55:27.251+0000] {dag.py:3089} INFO - Sync 1 DAGs
[2026-05-04T11:55:27.274+0000] {logging_mixin.py:188} INFO - [2026-05-04T11:55:27.274+0000] {dag.py:3947} INFO - Setting next_dagrun for flights_ops_medallion_pipe to 2026-05-04 11:30:00+00:00, run_after=2026-05-04 12:00:00+00:00
[2026-05-04T11:55:27.293+0000] {processor.py:183} INFO - Processing /opt/airflow/dags/flight-pipeline.py took 0.735 seconds
[2026-05-04T11:55:57.585+0000] {processor.py:161} INFO - Started process (PID=18224) to work on /opt/airflow/dags/flight-pipeline.py
[2026-05-04T11:55:57.588+0000] {processor.py:830} INFO - Processing file /opt/airflow/dags/flight-pipeline.py for tasks to queue
[2026-05-04T11:55:57.589+0000] {logging_mixin.py:188} INFO - [2026-05-04T11:55:57.589+0000] {dagbag.py:545} INFO - Filling up the DagBag from /opt/airflow/dags/flight-pipeline.py
[2026-05-04T11:55:58.211+0000] {processor.py:840} INFO - DAG(s) 'flights_ops_medallion_pipe' retrieved from /opt/airflow/dags/flight-pipeline.py
[2026-05-04T11:55:58.246+0000] {logging_mixin.py:188} INFO - [2026-05-04T11:55:58.245+0000] {dag.py:3089} INFO - Sync 1 DAGs
[2026-05-04T11:55:58.269+0000] {logging_mixin.py:188} INFO - [2026-05-04T11:55:58.268+0000] {dag.py:3947} INFO - Setting next_dagrun for flights_ops_medallion_pipe to 2026-05-04 11:30:00+00:00, run_after=2026-05-04 12:00:00+00:00
[2026-05-04T11:55:58.287+0000] {processor.py:183} INFO - Processing /opt/airflow/dags/flight-pipeline.py took 0.712 seconds
[2026-05-04T11:56:28.432+0000] {processor.py:161} INFO - Started process (PID=18227) to work on /opt/airflow/dags/flight-pipeline.py
[2026-05-04T11:56:28.434+0000] {processor.py:830} INFO - Processing file /opt/airflow/dags/flight-pipeline.py for tasks to queue
[2026-05-04T11:56:28.435+0000] {logging_mixin.py:188} INFO - [2026-05-04T11:56:28.435+0000] {dagbag.py:545} INFO - Filling up the DagBag from /opt/airflow/dags/flight-pipeline.py
[2026-05-04T11:56:29.162+0000] {processor.py:840} INFO - DAG(s) 'flights_ops_medallion_pipe' retrieved from /opt/airflow/dags/flight-pipeline.py
[2026-05-04T11:56:29.203+0000] {logging_mixin.py:188} INFO - [2026-05-04T11:56:29.202+0000] {dag.py:3089} INFO - Sync 1 DAGs
[2026-05-04T11:56:29.229+0000] {logging_mixin.py:188} INFO - [2026-05-04T11:56:29.228+0000] {dag.py:3947} INFO - Setting next_dagrun for flights_ops_medallion_pipe to 2026-05-04 11:30:00+00:00, run_after=2026-05-04 12:00:00+00:00
[2026-05-04T11:56:29.249+0000] {processor.py:183} INFO - Processing /opt/airflow/dags/flight-pipeline.py took 0.827 seconds
[2026-05-04T11:56:59.541+0000] {processor.py:161} INFO - Started process (PID=18230) to work on /opt/airflow/dags/flight-pipeline.py
[2026-05-04T11:56:59.543+0000] {processor.py:830} INFO - Processing file /opt/airflow/dags/flight-pipeline.py for tasks to queue
[2026-05-04T11:56:59.544+0000] {logging_mixin.py:188} INFO - [2026-05-04T11:56:59.544+0000] {dagbag.py:545} INFO - Filling up the DagBag from /opt/airflow/dags/flight-pipeline.py
[2026-05-04T11:57:00.187+0000] {processor.py:840} INFO - DAG(s) 'flights_ops_medallion_pipe' retrieved from /opt/airflow/dags/flight-pipeline.py
[2026-05-04T11:57:00.221+0000] {logging_mixin.py:188} INFO - [2026-05-04T11:57:00.221+0000] {dag.py:3089} INFO - Sync 1 DAGs
[2026-05-04T11:57:00.245+0000] {logging_mixin.py:188} INFO - [2026-05-04T11:57:00.245+0000] {dag.py:3947} INFO - Setting next_dagrun for flights_ops_medallion_pipe to 2026-05-04 11:30:00+00:00, run_after=2026-05-04 12:00:00+00:00
[2026-05-04T11:57:00.263+0000] {processor.py:183} INFO - Processing /opt/airflow/dags/flight-pipeline.py took 0.733 seconds
[2026-05-04T11:57:30.575+0000] {processor.py:161} INFO - Started process (PID=18233) to work on /opt/airflow/dags/flight-pipeline.py
[2026-05-04T11:57:30.601+0000] {processor.py:830} INFO - Processing file /opt/airflow/dags/flight-pipeline.py for tasks to queue
[2026-05-04T11:57:30.624+0000] {logging_mixin.py:188} INFO - [2026-05-04T11:57:30.622+0000] {dagbag.py:545} INFO - Filling up the DagBag from /opt/airflow/dags/flight-pipeline.py
[2026-05-04T11:57:31.457+0000] {processor.py:840} INFO - DAG(s) 'flights_ops_medallion_pipe' retrieved from /opt/airflow/dags/flight-pipeline.py
[2026-05-04T11:57:31.493+0000] {logging_mixin.py:188} INFO - [2026-05-04T11:57:31.493+0000] {dag.py:3089} INFO - Sync 1 DAGs
[2026-05-04T11:57:31.517+0000] {logging_mixin.py:188} INFO - [2026-05-04T11:57:31.516+0000] {dag.py:3947} INFO - Setting next_dagrun for flights_ops_medallion_pipe to 2026-05-04 11:30:00+00:00, run_after=2026-05-04 12:00:00+00:00
[2026-05-04T11:57:31.536+0000] {processor.py:183} INFO - Processing /opt/airflow/dags/flight-pipeline.py took 0.970 seconds
[2026-05-04T11:58:01.812+0000] {processor.py:161} INFO - Started process (PID=18236) to work on /opt/airflow/dags/flight-pipeline.py
[2026-05-04T11:58:01.814+0000] {processor.py:830} INFO - Processing file /opt/airflow/dags/flight-pipeline.py for tasks to queue
[2026-05-04T11:58:01.815+0000] {logging_mixin.py:188} INFO - [2026-05-04T11:58:01.815+0000] {dagbag.py:545} INFO - Filling up the DagBag from /opt/airflow/dags/flight-pipeline.py
[2026-05-04T11:58:02.442+0000] {processor.py:840} INFO - DAG(s) 'flights_ops_medallion_pipe' retrieved from /opt/airflow/dags/flight-pipeline.py
[2026-05-04T11:58:02.476+0000] {logging_mixin.py:188} INFO - [2026-05-04T11:58:02.476+0000] {dag.py:3089} INFO - Sync 1 DAGs
[2026-05-04T11:58:02.499+0000] {logging_mixin.py:188} INFO - [2026-05-04T11:58:02.499+0000] {dag.py:3947} INFO - Setting next_dagrun for flights_ops_medallion_pipe to 2026-05-04 11:30:00+00:00, run_after=2026-05-04 12:00:00+00:00
[2026-05-04T11:58:02.518+0000] {processor.py:183} INFO - Processing /opt/airflow/dags/flight-pipeline.py took 0.715 seconds
[2026-05-04T11:58:32.576+0000] {processor.py:161} INFO - Started process (PID=18239) to work on /opt/airflow/dags/flight-pipeline.py
[2026-05-04T11:58:32.579+0000] {processor.py:830} INFO - Processing file /opt/airflow/dags/flight-pipeline.py for tasks to queue
[2026-05-04T11:58:32.580+0000] {logging_mixin.py:188} INFO - [2026-05-04T11:58:32.580+0000] {dagbag.py:545} INFO - Filling up the DagBag from /opt/airflow/dags/flight-pipeline.py
[2026-05-04T11:58:33.199+0000] {processor.py:840} INFO - DAG(s) 'flights_ops_medallion_pipe' retrieved from /opt/airflow/dags/flight-pipeline.py
[2026-05-04T11:58:33.232+0000] {logging_mixin.py:188} INFO - [2026-05-04T11:58:33.232+0000] {dag.py:3089} INFO - Sync 1 DAGs
[2026-05-04T11:58:33.255+0000] {logging_mixin.py:188} INFO - [2026-05-04T11:58:33.255+0000] {dag.py:3947} INFO - Setting next_dagrun for flights_ops_medallion_pipe to 2026-05-04 11:30:00+00:00, run_after=2026-05-04 12:00:00+00:00
[2026-05-04T11:58:33.273+0000] {processor.py:183} INFO - Processing /opt/airflow/dags/flight-pipeline.py took 0.706 seconds
[2026-05-04T11:59:03.542+0000] {processor.py:161} INFO - Started process (PID=18242) to work on /opt/airflow/dags/flight-pipeline.py
[2026-05-04T11:59:03.544+0000] {processor.py:830} INFO - Processing file /opt/airflow/dags/flight-pipeline.py for tasks to queue
[2026-05-04T11:59:03.545+0000] {logging_mixin.py:188} INFO - [2026-05-04T11:59:03.545+0000] {dagbag.py:545} INFO - Filling up the DagBag from /opt/airflow/dags/flight-pipeline.py
[2026-05-04T11:59:04.167+0000] {processor.py:840} INFO - DAG(s) 'flights_ops_medallion_pipe' retrieved from /opt/airflow/dags/flight-pipeline.py
[2026-05-04T11:59:04.200+0000] {logging_mixin.py:188} INFO - [2026-05-04T11:59:04.200+0000] {dag.py:3089} INFO - Sync 1 DAGs
[2026-05-04T11:59:04.223+0000] {logging_mixin.py:188} INFO - [2026-05-04T11:59:04.223+0000] {dag.py:3947} INFO - Setting next_dagrun for flights_ops_medallion_pipe to 2026-05-04 11:30:00+00:00, run_after=2026-05-04 12:00:00+00:00
[2026-05-04T11:59:04.241+0000] {processor.py:183} INFO - Processing /opt/airflow/dags/flight-pipeline.py took 0.708 seconds
[2026-05-04T11:59:34.321+0000] {processor.py:161} INFO - Started process (PID=18245) to work on /opt/airflow/dags/flight-pipeline.py
[2026-05-04T11:59:34.324+0000] {processor.py:830} INFO - Processing file /opt/airflow/dags/flight-pipeline.py for tasks to queue
[2026-05-04T11:59:34.325+0000] {logging_mixin.py:188} INFO - [2026-05-04T11:59:34.325+0000] {dagbag.py:545} INFO - Filling up the DagBag from /opt/airflow/dags/flight-pipeline.py
[2026-05-04T11:59:34.949+0000] {processor.py:840} INFO - DAG(s) 'flights_ops_medallion_pipe' retrieved from /opt/airflow/dags/flight-pipeline.py
[2026-05-04T11:59:34.982+0000] {logging_mixin.py:188} INFO - [2026-05-04T11:59:34.981+0000] {dag.py:3089} INFO - Sync 1 DAGs
[2026-05-04T11:59:35.005+0000] {logging_mixin.py:188} INFO - [2026-05-04T11:59:35.004+0000] {dag.py:3947} INFO - Setting next_dagrun for flights_ops_medallion_pipe to 2026-05-04 11:30:00+00:00, run_after=2026-05-04 12:00:00+00:00
[2026-05-04T11:59:35.024+0000] {processor.py:183} INFO - Processing /opt/airflow/dags/flight-pipeline.py took 0.712 seconds
[2026-05-04T12:00:05.316+0000] {processor.py:161} INFO - Started process (PID=18257) to work on /opt/airflow/dags/flight-pipeline.py
[2026-05-04T12:00:05.319+0000] {processor.py:830} INFO - Processing file /opt/airflow/dags/flight-pipeline.py for tasks to queue
[2026-05-04T12:00:05.321+0000] {logging_mixin.py:188} INFO - [2026-05-04T12:00:05.320+0000] {dagbag.py:545} INFO - Filling up the DagBag from /opt/airflow/dags/flight-pipeline.py
[2026-05-04T12:00:06.203+0000] {processor.py:840} INFO - DAG(s) 'flights_ops_medallion_pipe' retrieved from /opt/airflow/dags/flight-pipeline.py
[2026-05-04T12:00:06.257+0000] {logging_mixin.py:188} INFO - [2026-05-04T12:00:06.256+0000] {dag.py:3089} INFO - Sync 1 DAGs
[2026-05-04T12:00:06.301+0000] {logging_mixin.py:188} INFO - [2026-05-04T12:00:06.301+0000] {dag.py:3947} INFO - Setting next_dagrun for flights_ops_medallion_pipe to 2026-05-04 12:00:00+00:00, run_after=2026-05-04 12:30:00+00:00
[2026-05-04T12:00:06.319+0000] {processor.py:183} INFO - Processing /opt/airflow/dags/flight-pipeline.py took 1.028 seconds
[2026-05-04T12:00:36.770+0000] {processor.py:161} INFO - Started process (PID=18295) to work on /opt/airflow/dags/flight-pipeline.py
[2026-05-04T12:00:36.780+0000] {processor.py:830} INFO - Processing file /opt/airflow/dags/flight-pipeline.py for tasks to queue
[2026-05-04T12:00:36.782+0000] {logging_mixin.py:188} INFO - [2026-05-04T12:00:36.781+0000] {dagbag.py:545} INFO - Filling up the DagBag from /opt/airflow/dags/flight-pipeline.py
[2026-05-04T12:00:37.634+0000] {processor.py:840} INFO - DAG(s) 'flights_ops_medallion_pipe' retrieved from /opt/airflow/dags/flight-pipeline.py
[2026-05-04T12:00:37.717+0000] {logging_mixin.py:188} INFO - [2026-05-04T12:00:37.716+0000] {dag.py:3089} INFO - Sync 1 DAGs
[2026-05-04T12:00:37.772+0000] {logging_mixin.py:188} INFO - [2026-05-04T12:00:37.772+0000] {dag.py:3947} INFO - Setting next_dagrun for flights_ops_medallion_pipe to 2026-05-04 12:00:00+00:00, run_after=2026-05-04 12:30:00+00:00
[2026-05-04T12:00:37.811+0000] {processor.py:183} INFO - Processing /opt/airflow/dags/flight-pipeline.py took 1.053 seconds
[2026-05-04T12:01:08.033+0000] {processor.py:161} INFO - Started process (PID=18298) to work on /opt/airflow/dags/flight-pipeline.py
[2026-05-04T12:01:08.036+0000] {processor.py:830} INFO - Processing file /opt/airflow/dags/flight-pipeline.py for tasks to queue
[2026-05-04T12:01:08.040+0000] {logging_mixin.py:188} INFO - [2026-05-04T12:01:08.039+0000] {dagbag.py:545} INFO - Filling up the DagBag from /opt/airflow/dags/flight-pipeline.py
[2026-05-04T12:01:08.845+0000] {processor.py:840} INFO - DAG(s) 'flights_ops_medallion_pipe' retrieved from /opt/airflow/dags/flight-pipeline.py
[2026-05-04T12:01:08.881+0000] {logging_mixin.py:188} INFO - [2026-05-04T12:01:08.880+0000] {dag.py:3089} INFO - Sync 1 DAGs
[2026-05-04T12:01:08.903+0000] {logging_mixin.py:188} INFO - [2026-05-04T12:01:08.903+0000] {dag.py:3947} INFO - Setting next_dagrun for flights_ops_medallion_pipe to 2026-05-04 12:00:00+00:00, run_after=2026-05-04 12:30:00+00:00
[2026-05-04T12:01:08.921+0000] {processor.py:183} INFO - Processing /opt/airflow/dags/flight-pipeline.py took 0.897 seconds
[2026-05-04T12:01:39.221+0000] {processor.py:161} INFO - Started process (PID=18301) to work on /opt/airflow/dags/flight-pipeline.py
[2026-05-04T12:01:39.223+0000] {processor.py:830} INFO - Processing file /opt/airflow/dags/flight-pipeline.py for tasks to queue
[2026-05-04T12:01:39.225+0000] {logging_mixin.py:188} INFO - [2026-05-04T12:01:39.224+0000] {dagbag.py:545} INFO - Filling up the DagBag from /opt/airflow/dags/flight-pipeline.py
[2026-05-04T12:01:39.911+0000] {processor.py:840} INFO - DAG(s) 'flights_ops_medallion_pipe' retrieved from /opt/airflow/dags/flight-pipeline.py
[2026-05-04T12:01:39.948+0000] {logging_mixin.py:188} INFO - [2026-05-04T12:01:39.948+0000] {dag.py:3089} INFO - Sync 1 DAGs
[2026-05-04T12:01:40.008+0000] {logging_mixin.py:188} INFO - [2026-05-04T12:01:40.008+0000] {dag.py:3947} INFO - Setting next_dagrun for flights_ops_medallion_pipe to 2026-05-04 12:00:00+00:00, run_after=2026-05-04 12:30:00+00:00
[2026-05-04T12:01:40.040+0000] {processor.py:183} INFO - Processing /opt/airflow/dags/flight-pipeline.py took 0.830 seconds
[2026-05-04T12:02:12.322+0000] {processor.py:161} INFO - Started process (PID=18304) to work on /opt/airflow/dags/flight-pipeline.py
[2026-05-04T12:02:12.368+0000] {processor.py:830} INFO - Processing file /opt/airflow/dags/flight-pipeline.py for tasks to queue
[2026-05-04T12:02:12.399+0000] {logging_mixin.py:188} INFO - [2026-05-04T12:02:12.390+0000] {dagbag.py:545} INFO - Filling up the DagBag from /opt/airflow/dags/flight-pipeline.py
[2026-05-04T12:02:33.159+0000] {processor.py:840} INFO - DAG(s) 'flights_ops_medallion_pipe' retrieved from /opt/airflow/dags/flight-pipeline.py
[2026-05-04T12:02:33.505+0000] {logging_mixin.py:188} INFO - [2026-05-04T12:02:33.503+0000] {dag.py:3089} INFO - Sync 1 DAGs
[2026-05-04T12:02:33.753+0000] {logging_mixin.py:188} INFO - [2026-05-04T12:02:33.752+0000] {dag.py:3947} INFO - Setting next_dagrun for flights_ops_medallion_pipe to 2026-05-04 12:00:00+00:00, run_after=2026-05-04 12:30:00+00:00
[2026-05-04T12:02:33.909+0000] {processor.py:183} INFO - Processing /opt/airflow/dags/flight-pipeline.py took 22.380 seconds
[2026-05-04T12:03:04.578+0000] {processor.py:161} INFO - Started process (PID=18307) to work on /opt/airflow/dags/flight-pipeline.py
[2026-05-04T12:03:04.588+0000] {processor.py:830} INFO - Processing file /opt/airflow/dags/flight-pipeline.py for tasks to queue
[2026-05-04T12:03:04.593+0000] {logging_mixin.py:188} INFO - [2026-05-04T12:03:04.591+0000] {dagbag.py:545} INFO - Filling up the DagBag from /opt/airflow/dags/flight-pipeline.py
[2026-05-04T12:03:07.692+0000] {processor.py:840} INFO - DAG(s) 'flights_ops_medallion_pipe' retrieved from /opt/airflow/dags/flight-pipeline.py
[2026-05-04T12:03:07.823+0000] {logging_mixin.py:188} INFO - [2026-05-04T12:03:07.821+0000] {dag.py:3089} INFO - Sync 1 DAGs
[2026-05-04T12:03:07.912+0000] {logging_mixin.py:188} INFO - [2026-05-04T12:03:07.910+0000] {dag.py:3947} INFO - Setting next_dagrun for flights_ops_medallion_pipe to 2026-05-04 12:00:00+00:00, run_after=2026-05-04 12:30:00+00:00
[2026-05-04T12:03:07.964+0000] {processor.py:183} INFO - Processing /opt/airflow/dags/flight-pipeline.py took 3.463 seconds
[2026-05-04T12:08:33.496+0000] {processor.py:161} INFO - Started process (PID=18310) to work on /opt/airflow/dags/flight-pipeline.py
[2026-05-04T12:08:33.502+0000] {processor.py:830} INFO - Processing file /opt/airflow/dags/flight-pipeline.py for tasks to queue
[2026-05-04T12:08:33.508+0000] {logging_mixin.py:188} INFO - [2026-05-04T12:08:33.505+0000] {dagbag.py:545} INFO - Filling up the DagBag from /opt/airflow/dags/flight-pipeline.py
[2026-05-04T12:08:36.507+0000] {processor.py:840} INFO - DAG(s) 'flights_ops_medallion_pipe' retrieved from /opt/airflow/dags/flight-pipeline.py
[2026-05-04T12:08:36.582+0000] {logging_mixin.py:188} INFO - [2026-05-04T12:08:36.581+0000] {dag.py:3089} INFO - Sync 1 DAGs
[2026-05-04T12:08:36.642+0000] {logging_mixin.py:188} INFO - [2026-05-04T12:08:36.642+0000] {dag.py:3947} INFO - Setting next_dagrun for flights_ops_medallion_pipe to 2026-05-04 12:00:00+00:00, run_after=2026-05-04 12:30:00+00:00
[2026-05-04T12:08:36.695+0000] {processor.py:183} INFO - Processing /opt/airflow/dags/flight-pipeline.py took 3.229 seconds
[2026-05-04T12:09:08.764+0000] {processor.py:161} INFO - Started process (PID=18314) to work on /opt/airflow/dags/flight-pipeline.py
[2026-05-04T12:09:08.785+0000] {processor.py:830} INFO - Processing file /opt/airflow/dags/flight-pipeline.py for tasks to queue
[2026-05-04T12:09:08.801+0000] {logging_mixin.py:188} INFO - [2026-05-04T12:09:08.794+0000] {dagbag.py:545} INFO - Filling up the DagBag from /opt/airflow/dags/flight-pipeline.py
[2026-05-04T12:09:15.606+0000] {processor.py:840} INFO - DAG(s) 'flights_ops_medallion_pipe' retrieved from /opt/airflow/dags/flight-pipeline.py
[2026-05-04T12:09:15.880+0000] {logging_mixin.py:188} INFO - [2026-05-04T12:09:15.878+0000] {dag.py:3089} INFO - Sync 1 DAGs
[2026-05-04T12:09:16.153+0000] {logging_mixin.py:188} INFO - [2026-05-04T12:09:16.151+0000] {dag.py:3947} INFO - Setting next_dagrun for flights_ops_medallion_pipe to 2026-05-04 12:00:00+00:00, run_after=2026-05-04 12:30:00+00:00
[2026-05-04T12:09:16.333+0000] {processor.py:183} INFO - Processing /opt/airflow/dags/flight-pipeline.py took 7.755 seconds
[2026-05-04T12:09:46.962+0000] {processor.py:161} INFO - Started process (PID=18317) to work on /opt/airflow/dags/flight-pipeline.py
[2026-05-04T12:09:46.968+0000] {processor.py:830} INFO - Processing file /opt/airflow/dags/flight-pipeline.py for tasks to queue
[2026-05-04T12:09:46.971+0000] {logging_mixin.py:188} INFO - [2026-05-04T12:09:46.969+0000] {dagbag.py:545} INFO - Filling up the DagBag from /opt/airflow/dags/flight-pipeline.py
[2026-05-04T12:09:48.515+0000] {processor.py:840} INFO - DAG(s) 'flights_ops_medallion_pipe' retrieved from /opt/airflow/dags/flight-pipeline.py
[2026-05-04T12:09:48.591+0000] {logging_mixin.py:188} INFO - [2026-05-04T12:09:48.590+0000] {dag.py:3089} INFO - Sync 1 DAGs
[2026-05-04T12:09:48.641+0000] {logging_mixin.py:188} INFO - [2026-05-04T12:09:48.640+0000] {dag.py:3947} INFO - Setting next_dagrun for flights_ops_medallion_pipe to 2026-05-04 12:00:00+00:00, run_after=2026-05-04 12:30:00+00:00
[2026-05-04T12:09:48.672+0000] {processor.py:183} INFO - Processing /opt/airflow/dags/flight-pipeline.py took 1.771 seconds
[2026-05-04T12:10:19.008+0000] {processor.py:161} INFO - Started process (PID=18320) to work on /opt/airflow/dags/flight-pipeline.py
[2026-05-04T12:10:19.012+0000] {processor.py:830} INFO - Processing file /opt/airflow/dags/flight-pipeline.py for tasks to queue
[2026-05-04T12:10:19.015+0000] {logging_mixin.py:188} INFO - [2026-05-04T12:10:19.013+0000] {dagbag.py:545} INFO - Filling up the DagBag from /opt/airflow/dags/flight-pipeline.py
[2026-05-04T12:10:19.901+0000] {processor.py:840} INFO - DAG(s) 'flights_ops_medallion_pipe' retrieved from /opt/airflow/dags/flight-pipeline.py
[2026-05-04T12:10:19.968+0000] {logging_mixin.py:188} INFO - [2026-05-04T12:10:19.968+0000] {dag.py:3089} INFO - Sync 1 DAGs
[2026-05-04T12:10:20.106+0000] {logging_mixin.py:188} INFO - [2026-05-04T12:10:20.106+0000] {dag.py:3947} INFO - Setting next_dagrun for flights_ops_medallion_pipe to 2026-05-04 12:00:00+00:00, run_after=2026-05-04 12:30:00+00:00
[2026-05-04T12:10:20.144+0000] {processor.py:183} INFO - Processing /opt/airflow/dags/flight-pipeline.py took 1.158 seconds
[2026-05-04T12:40:21.900+0000] {processor.py:161} INFO - Started process (PID=18324) to work on /opt/airflow/dags/flight-pipeline.py
[2026-05-04T12:40:21.906+0000] {processor.py:830} INFO - Processing file /opt/airflow/dags/flight-pipeline.py for tasks to queue
[2026-05-04T12:40:21.909+0000] {logging_mixin.py:188} INFO - [2026-05-04T12:40:21.908+0000] {dagbag.py:545} INFO - Filling up the DagBag from /opt/airflow/dags/flight-pipeline.py
[2026-05-04T12:40:24.691+0000] {processor.py:840} INFO - DAG(s) 'flights_ops_medallion_pipe' retrieved from /opt/airflow/dags/flight-pipeline.py
[2026-05-04T12:40:24.784+0000] {logging_mixin.py:188} INFO - [2026-05-04T12:40:24.783+0000] {dag.py:3089} INFO - Sync 1 DAGs
[2026-05-04T12:40:24.864+0000] {logging_mixin.py:188} INFO - [2026-05-04T12:40:24.862+0000] {dag.py:3947} INFO - Setting next_dagrun for flights_ops_medallion_pipe to 2026-05-04 12:30:00+00:00, run_after=2026-05-04 13:00:00+00:00
[2026-05-04T12:40:25.048+0000] {processor.py:183} INFO - Processing /opt/airflow/dags/flight-pipeline.py took 3.398 seconds
[2026-05-04T12:40:56.775+0000] {processor.py:161} INFO - Started process (PID=18337) to work on /opt/airflow/dags/flight-pipeline.py
[2026-05-04T12:40:56.910+0000] {processor.py:830} INFO - Processing file /opt/airflow/dags/flight-pipeline.py for tasks to queue
[2026-05-04T12:40:56.976+0000] {logging_mixin.py:188} INFO - [2026-05-04T12:40:56.937+0000] {dagbag.py:545} INFO - Filling up the DagBag from /opt/airflow/dags/flight-pipeline.py
[2026-05-04T12:41:22.034+0000] {processor.py:840} INFO - DAG(s) 'flights_ops_medallion_pipe' retrieved from /opt/airflow/dags/flight-pipeline.py
[2026-05-04T12:41:25.397+0000] {logging_mixin.py:188} INFO - [2026-05-04T12:41:25.384+0000] {dag.py:3089} INFO - Sync 1 DAGs
[2026-05-04T12:41:26.243+0000] {logging_mixin.py:188} INFO - [2026-05-04T12:41:26.235+0000] {dag.py:3947} INFO - Setting next_dagrun for flights_ops_medallion_pipe to 2026-05-04 12:30:00+00:00, run_after=2026-05-04 13:00:00+00:00
[2026-05-04T12:41:26.767+0000] {processor.py:183} INFO - Processing /opt/airflow/dags/flight-pipeline.py took 30.361 seconds
[2026-05-04T12:41:57.586+0000] {processor.py:161} INFO - Started process (PID=18364) to work on /opt/airflow/dags/flight-pipeline.py
[2026-05-04T12:41:57.588+0000] {processor.py:830} INFO - Processing file /opt/airflow/dags/flight-pipeline.py for tasks to queue
[2026-05-04T12:41:57.589+0000] {logging_mixin.py:188} INFO - [2026-05-04T12:41:57.589+0000] {dagbag.py:545} INFO - Filling up the DagBag from /opt/airflow/dags/flight-pipeline.py
[2026-05-04T12:41:59.046+0000] {processor.py:840} INFO - DAG(s) 'flights_ops_medallion_pipe' retrieved from /opt/airflow/dags/flight-pipeline.py
[2026-05-04T12:41:59.117+0000] {logging_mixin.py:188} INFO - [2026-05-04T12:41:59.117+0000] {dag.py:3089} INFO - Sync 1 DAGs
[2026-05-04T12:41:59.175+0000] {logging_mixin.py:188} INFO - [2026-05-04T12:41:59.175+0000] {dag.py:3947} INFO - Setting next_dagrun for flights_ops_medallion_pipe to 2026-05-04 12:30:00+00:00, run_after=2026-05-04 13:00:00+00:00
[2026-05-04T12:41:59.203+0000] {processor.py:183} INFO - Processing /opt/airflow/dags/flight-pipeline.py took 1.632 seconds
[2026-05-04T12:42:29.310+0000] {processor.py:161} INFO - Started process (PID=18377) to work on /opt/airflow/dags/flight-pipeline.py
[2026-05-04T12:42:29.312+0000] {processor.py:830} INFO - Processing file /opt/airflow/dags/flight-pipeline.py for tasks to queue
[2026-05-04T12:42:29.314+0000] {logging_mixin.py:188} INFO - [2026-05-04T12:42:29.313+0000] {dagbag.py:545} INFO - Filling up the DagBag from /opt/airflow/dags/flight-pipeline.py
[2026-05-04T12:42:30.508+0000] {processor.py:840} INFO - DAG(s) 'flights_ops_medallion_pipe' retrieved from /opt/airflow/dags/flight-pipeline.py
[2026-05-04T12:42:30.601+0000] {logging_mixin.py:188} INFO - [2026-05-04T12:42:30.600+0000] {dag.py:3089} INFO - Sync 1 DAGs
[2026-05-04T12:42:30.654+0000] {logging_mixin.py:188} INFO - [2026-05-04T12:42:30.653+0000] {dag.py:3947} INFO - Setting next_dagrun for flights_ops_medallion_pipe to 2026-05-04 12:30:00+00:00, run_after=2026-05-04 13:00:00+00:00
[2026-05-04T12:42:30.680+0000] {processor.py:183} INFO - Processing /opt/airflow/dags/flight-pipeline.py took 1.384 seconds
[2026-05-04T12:43:01.019+0000] {processor.py:161} INFO - Started process (PID=18380) to work on /opt/airflow/dags/flight-pipeline.py
[2026-05-04T12:43:01.020+0000] {processor.py:830} INFO - Processing file /opt/airflow/dags/flight-pipeline.py for tasks to queue
[2026-05-04T12:43:01.022+0000] {logging_mixin.py:188} INFO - [2026-05-04T12:43:01.021+0000] {dagbag.py:545} INFO - Filling up the DagBag from /opt/airflow/dags/flight-pipeline.py
[2026-05-04T12:43:01.892+0000] {processor.py:840} INFO - DAG(s) 'flights_ops_medallion_pipe' retrieved from /opt/airflow/dags/flight-pipeline.py
[2026-05-04T12:43:01.949+0000] {logging_mixin.py:188} INFO - [2026-05-04T12:43:01.949+0000] {dag.py:3089} INFO - Sync 1 DAGs
[2026-05-04T12:43:02.008+0000] {logging_mixin.py:188} INFO - [2026-05-04T12:43:02.008+0000] {dag.py:3947} INFO - Setting next_dagrun for flights_ops_medallion_pipe to 2026-05-04 12:30:00+00:00, run_after=2026-05-04 13:00:00+00:00
[2026-05-04T12:43:02.037+0000] {processor.py:183} INFO - Processing /opt/airflow/dags/flight-pipeline.py took 1.042 seconds
[2026-05-04T12:51:20.534+0000] {processor.py:161} INFO - Started process (PID=18384) to work on /opt/airflow/dags/flight-pipeline.py
[2026-05-04T12:51:20.557+0000] {processor.py:830} INFO - Processing file /opt/airflow/dags/flight-pipeline.py for tasks to queue
[2026-05-04T12:51:20.605+0000] {logging_mixin.py:188} INFO - [2026-05-04T12:51:20.604+0000] {dagbag.py:545} INFO - Filling up the DagBag from /opt/airflow/dags/flight-pipeline.py
[2026-05-04T12:51:23.262+0000] {processor.py:840} INFO - DAG(s) 'flights_ops_medallion_pipe' retrieved from /opt/airflow/dags/flight-pipeline.py
[2026-05-04T12:51:23.589+0000] {logging_mixin.py:188} INFO - [2026-05-04T12:51:23.511+0000] {dag.py:3089} INFO - Sync 1 DAGs
[2026-05-04T12:51:23.928+0000] {logging_mixin.py:188} INFO - [2026-05-04T12:51:23.919+0000] {dag.py:3947} INFO - Setting next_dagrun for flights_ops_medallion_pipe to 2026-05-04 12:30:00+00:00, run_after=2026-05-04 13:00:00+00:00
[2026-05-04T12:51:23.986+0000] {processor.py:183} INFO - Processing /opt/airflow/dags/flight-pipeline.py took 3.483 seconds
[2026-05-04T12:51:55.876+0000] {processor.py:161} INFO - Started process (PID=18387) to work on /opt/airflow/dags/flight-pipeline.py
[2026-05-04T12:51:55.930+0000] {processor.py:830} INFO - Processing file /opt/airflow/dags/flight-pipeline.py for tasks to queue
[2026-05-04T12:51:55.998+0000] {logging_mixin.py:188} INFO - [2026-05-04T12:51:55.950+0000] {dagbag.py:545} INFO - Filling up the DagBag from /opt/airflow/dags/flight-pipeline.py
[2026-05-04T13:09:58.536+0000] {logging_mixin.py:188} INFO - [2026-05-04T13:09:58.197+0000] {timeout.py:68} ERROR - Process timed out, PID: 18387
[2026-05-04T13:10:31.547+0000] {processor.py:161} INFO - Started process (PID=18398) to work on /opt/airflow/dags/flight-pipeline.py
[2026-05-04T13:10:31.570+0000] {processor.py:830} INFO - Processing file /opt/airflow/dags/flight-pipeline.py for tasks to queue
[2026-05-04T13:10:31.612+0000] {logging_mixin.py:188} INFO - [2026-05-04T13:10:31.583+0000] {dagbag.py:545} INFO - Filling up the DagBag from /opt/airflow/dags/flight-pipeline.py
[2026-05-04T13:11:01.839+0000] {logging_mixin.py:188} INFO - [2026-05-04T13:11:01.799+0000] {timeout.py:68} ERROR - Process timed out, PID: 18398
[2026-05-04T13:11:32.519+0000] {processor.py:161} INFO - Started process (PID=18415) to work on /opt/airflow/dags/flight-pipeline.py
[2026-05-04T13:11:32.523+0000] {processor.py:830} INFO - Processing file /opt/airflow/dags/flight-pipeline.py for tasks to queue
[2026-05-04T13:11:32.529+0000] {logging_mixin.py:188} INFO - [2026-05-04T13:11:32.527+0000] {dagbag.py:545} INFO - Filling up the DagBag from /opt/airflow/dags/flight-pipeline.py
[2026-05-04T13:11:33.916+0000] {processor.py:840} INFO - DAG(s) 'flights_ops_medallion_pipe' retrieved from /opt/airflow/dags/flight-pipeline.py
[2026-05-04T13:11:38.322+0000] {logging_mixin.py:188} INFO - [2026-05-04T13:11:38.320+0000] {dag.py:3089} INFO - Sync 1 DAGs
[2026-05-04T13:11:38.473+0000] {logging_mixin.py:188} INFO - [2026-05-04T13:11:38.473+0000] {dag.py:3947} INFO - Setting next_dagrun for flights_ops_medallion_pipe to 2026-05-04 13:00:00+00:00, run_after=2026-05-04 13:30:00+00:00
[2026-05-04T13:11:38.612+0000] {processor.py:183} INFO - Processing /opt/airflow/dags/flight-pipeline.py took 6.257 seconds
[2026-05-04T13:12:09.756+0000] {processor.py:161} INFO - Started process (PID=18439) to work on /opt/airflow/dags/flight-pipeline.py
[2026-05-04T13:12:09.772+0000] {processor.py:830} INFO - Processing file /opt/airflow/dags/flight-pipeline.py for tasks to queue
[2026-05-04T13:12:09.790+0000] {logging_mixin.py:188} INFO - [2026-05-04T13:12:09.779+0000] {dagbag.py:545} INFO - Filling up the DagBag from /opt/airflow/dags/flight-pipeline.py
[2026-05-04T13:12:12.218+0000] {processor.py:840} INFO - DAG(s) 'flights_ops_medallion_pipe' retrieved from /opt/airflow/dags/flight-pipeline.py
[2026-05-04T13:12:12.317+0000] {logging_mixin.py:188} INFO - [2026-05-04T13:12:12.316+0000] {dag.py:3089} INFO - Sync 1 DAGs
[2026-05-04T13:12:12.401+0000] {logging_mixin.py:188} INFO - [2026-05-04T13:12:12.400+0000] {dag.py:3947} INFO - Setting next_dagrun for flights_ops_medallion_pipe to 2026-05-04 13:00:00+00:00, run_after=2026-05-04 13:30:00+00:00
[2026-05-04T13:12:12.438+0000] {processor.py:183} INFO - Processing /opt/airflow/dags/flight-pipeline.py took 2.860 seconds
[2026-05-04T13:16:23.885+0000] {processor.py:161} INFO - Started process (PID=18443) to work on /opt/airflow/dags/flight-pipeline.py
[2026-05-04T13:16:23.892+0000] {processor.py:830} INFO - Processing file /opt/airflow/dags/flight-pipeline.py for tasks to queue
[2026-05-04T13:16:23.896+0000] {logging_mixin.py:188} INFO - [2026-05-04T13:16:23.895+0000] {dagbag.py:545} INFO - Filling up the DagBag from /opt/airflow/dags/flight-pipeline.py
[2026-05-04T13:16:25.468+0000] {processor.py:840} INFO - DAG(s) 'flights_ops_medallion_pipe' retrieved from /opt/airflow/dags/flight-pipeline.py
[2026-05-04T13:16:25.591+0000] {logging_mixin.py:188} INFO - [2026-05-04T13:16:25.591+0000] {dag.py:3089} INFO - Sync 1 DAGs
[2026-05-04T13:16:25.686+0000] {logging_mixin.py:188} INFO - [2026-05-04T13:16:25.686+0000] {dag.py:3947} INFO - Setting next_dagrun for flights_ops_medallion_pipe to 2026-05-04 13:00:00+00:00, run_after=2026-05-04 13:30:00+00:00
[2026-05-04T13:16:25.727+0000] {processor.py:183} INFO - Processing /opt/airflow/dags/flight-pipeline.py took 1.925 seconds
[2026-05-04T13:16:56.620+0000] {processor.py:161} INFO - Started process (PID=18446) to work on /opt/airflow/dags/flight-pipeline.py
[2026-05-04T13:16:56.676+0000] {processor.py:830} INFO - Processing file /opt/airflow/dags/flight-pipeline.py for tasks to queue
[2026-05-04T13:16:56.712+0000] {logging_mixin.py:188} INFO - [2026-05-04T13:16:56.691+0000] {dagbag.py:545} INFO - Filling up the DagBag from /opt/airflow/dags/flight-pipeline.py
[2026-05-04T13:17:11.740+0000] {processor.py:840} INFO - DAG(s) 'flights_ops_medallion_pipe' retrieved from /opt/airflow/dags/flight-pipeline.py
[2026-05-04T13:34:13.278+0000] {logging_mixin.py:188} INFO - [2026-05-04T13:34:13.270+0000] {dag.py:3089} INFO - Sync 1 DAGs
[2026-05-04T13:34:43.994+0000] {processor.py:161} INFO - Started process (PID=18450) to work on /opt/airflow/dags/flight-pipeline.py
[2026-05-04T13:34:44.008+0000] {processor.py:830} INFO - Processing file /opt/airflow/dags/flight-pipeline.py for tasks to queue
[2026-05-04T13:34:44.025+0000] {logging_mixin.py:188} INFO - [2026-05-04T13:34:44.018+0000] {dagbag.py:545} INFO - Filling up the DagBag from /opt/airflow/dags/flight-pipeline.py
[2026-05-04T13:35:02.243+0000] {processor.py:840} INFO - DAG(s) 'flights_ops_medallion_pipe' retrieved from /opt/airflow/dags/flight-pipeline.py
[2026-05-04T13:35:04.167+0000] {logging_mixin.py:188} INFO - [2026-05-04T13:35:04.155+0000] {dag.py:3089} INFO - Sync 1 DAGs
[2026-05-04T13:35:05.091+0000] {logging_mixin.py:188} INFO - [2026-05-04T13:35:05.087+0000] {dag.py:3947} INFO - Setting next_dagrun for flights_ops_medallion_pipe to 2026-05-04 13:30:00+00:00, run_after=2026-05-04 14:00:00+00:00
[2026-05-04T13:35:05.579+0000] {processor.py:183} INFO - Processing /opt/airflow/dags/flight-pipeline.py took 21.743 seconds
[2026-05-04T13:35:36.663+0000] {processor.py:161} INFO - Started process (PID=18464) to work on /opt/airflow/dags/flight-pipeline.py
[2026-05-04T13:35:36.670+0000] {processor.py:830} INFO - Processing file /opt/airflow/dags/flight-pipeline.py for tasks to queue
[2026-05-04T13:35:36.676+0000] {logging_mixin.py:188} INFO - [2026-05-04T13:35:36.673+0000] {dagbag.py:545} INFO - Filling up the DagBag from /opt/airflow/dags/flight-pipeline.py
[2026-05-04T13:35:38.696+0000] {processor.py:840} INFO - DAG(s) 'flights_ops_medallion_pipe' retrieved from /opt/airflow/dags/flight-pipeline.py
[2026-05-04T13:35:38.848+0000] {logging_mixin.py:188} INFO - [2026-05-04T13:35:38.847+0000] {dag.py:3089} INFO - Sync 1 DAGs
[2026-05-04T13:35:38.939+0000] {logging_mixin.py:188} INFO - [2026-05-04T13:35:38.938+0000] {dag.py:3947} INFO - Setting next_dagrun for flights_ops_medallion_pipe to 2026-05-04 13:30:00+00:00, run_after=2026-05-04 14:00:00+00:00
[2026-05-04T13:35:38.990+0000] {processor.py:183} INFO - Processing /opt/airflow/dags/flight-pipeline.py took 2.387 seconds
[2026-05-04T13:36:16.550+0000] {processor.py:161} INFO - Started process (PID=18489) to work on /opt/airflow/dags/flight-pipeline.py
[2026-05-04T13:36:16.557+0000] {processor.py:830} INFO - Processing file /opt/airflow/dags/flight-pipeline.py for tasks to queue
[2026-05-04T13:36:16.571+0000] {logging_mixin.py:188} INFO - [2026-05-04T13:36:16.562+0000] {dagbag.py:545} INFO - Filling up the DagBag from /opt/airflow/dags/flight-pipeline.py
[2026-05-04T13:36:18.035+0000] {processor.py:840} INFO - DAG(s) 'flights_ops_medallion_pipe' retrieved from /opt/airflow/dags/flight-pipeline.py
[2026-05-04T13:36:18.208+0000] {logging_mixin.py:188} INFO - [2026-05-04T13:36:18.204+0000] {dag.py:3089} INFO - Sync 1 DAGs
[2026-05-04T13:36:18.326+0000] {logging_mixin.py:188} INFO - [2026-05-04T13:36:18.324+0000] {dag.py:3947} INFO - Setting next_dagrun for flights_ops_medallion_pipe to 2026-05-04 13:30:00+00:00, run_after=2026-05-04 14:00:00+00:00
[2026-05-04T13:36:18.639+0000] {processor.py:183} INFO - Processing /opt/airflow/dags/flight-pipeline.py took 2.137 seconds
[2026-05-04T13:36:49.963+0000] {processor.py:161} INFO - Started process (PID=18502) to work on /opt/airflow/dags/flight-pipeline.py
[2026-05-04T13:36:49.993+0000] {processor.py:830} INFO - Processing file /opt/airflow/dags/flight-pipeline.py for tasks to queue
[2026-05-04T13:36:50.011+0000] {logging_mixin.py:188} INFO - [2026-05-04T13:36:50.006+0000] {dagbag.py:545} INFO - Filling up the DagBag from /opt/airflow/dags/flight-pipeline.py
[2026-05-04T13:37:20.476+0000] {logging_mixin.py:188} INFO - [2026-05-04T13:37:20.084+0000] {timeout.py:68} ERROR - Process timed out, PID: 18502
[2026-05-04T13:54:51.127+0000] {processor.py:161} INFO - Started process (PID=18504) to work on /opt/airflow/dags/flight-pipeline.py
[2026-05-04T13:54:51.140+0000] {processor.py:830} INFO - Processing file /opt/airflow/dags/flight-pipeline.py for tasks to queue
[2026-05-04T13:54:51.146+0000] {logging_mixin.py:188} INFO - [2026-05-04T13:54:51.143+0000] {dagbag.py:545} INFO - Filling up the DagBag from /opt/airflow/dags/flight-pipeline.py
[2026-05-04T13:54:56.334+0000] {processor.py:840} INFO - DAG(s) 'flights_ops_medallion_pipe' retrieved from /opt/airflow/dags/flight-pipeline.py
[2026-05-04T13:54:58.400+0000] {logging_mixin.py:188} INFO - [2026-05-04T13:54:58.150+0000] {dag.py:3089} INFO - Sync 1 DAGs
[2026-05-04T14:02:02.277+0000] {processor.py:161} INFO - Started process (PID=18508) to work on /opt/airflow/dags/flight-pipeline.py
[2026-05-04T14:02:02.291+0000] {processor.py:830} INFO - Processing file /opt/airflow/dags/flight-pipeline.py for tasks to queue
[2026-05-04T14:02:02.300+0000] {logging_mixin.py:188} INFO - [2026-05-04T14:02:02.294+0000] {dagbag.py:545} INFO - Filling up the DagBag from /opt/airflow/dags/flight-pipeline.py
[2026-05-04T14:02:11.461+0000] {processor.py:840} INFO - DAG(s) 'flights_ops_medallion_pipe' retrieved from /opt/airflow/dags/flight-pipeline.py
[2026-05-04T14:10:15.267+0000] {logging_mixin.py:188} WARNING - Exception ignored in: <function WeakKeyDictionary.__init__.<locals>.remove at 0x7f5b138527a0>
[2026-05-04T14:10:15.277+0000] {logging_mixin.py:188} WARNING - Traceback (most recent call last):
[2026-05-04T14:10:15.279+0000] {logging_mixin.py:188} WARNING -   File "/usr/local/lib/python3.12/weakref.py", line 369, in remove
[2026-05-04T14:10:15.292+0000] {logging_mixin.py:188} WARNING -     def remove(k, selfref=ref(self)):
[2026-05-04T14:10:15.294+0000] {logging_mixin.py:188} WARNING -   File "/home/airflow/.local/lib/python3.12/site-packages/airflow/dag_processing/manager.py", line 457, in _exit_gracefully
[2026-05-04T14:10:15.295+0000] {logging_mixin.py:188} WARNING -     sys.exit(os.EX_OK)
[2026-05-04T14:10:15.296+0000] {logging_mixin.py:188} WARNING - SystemExit: 0
[2026-05-04T14:10:15.575+0000] {logging_mixin.py:188} INFO - [2026-05-04T14:10:15.566+0000] {dag.py:3089} INFO - Sync 1 DAGs
[2026-05-04T14:10:15.730+0000] {logging_mixin.py:188} INFO - [2026-05-04T14:10:15.730+0000] {dag.py:3947} INFO - Setting next_dagrun for flights_ops_medallion_pipe to 2026-05-04 13:30:00+00:00, run_after=2026-05-04 14:00:00+00:00
[2026-05-04T14:10:15.931+0000] {processor.py:183} INFO - Processing /opt/airflow/dags/flight-pipeline.py took 493.948 seconds
[2026-05-04T14:10:22.474+0000] {processor.py:161} INFO - Started process (PID=18512) to work on /opt/airflow/dags/flight-pipeline.py
[2026-05-04T14:10:22.701+0000] {processor.py:830} INFO - Processing file /opt/airflow/dags/flight-pipeline.py for tasks to queue
[2026-05-04T14:10:22.908+0000] {logging_mixin.py:188} INFO - [2026-05-04T14:10:22.766+0000] {dagbag.py:545} INFO - Filling up the DagBag from /opt/airflow/dags/flight-pipeline.py
[2026-05-04T14:10:55.133+0000] {logging_mixin.py:188} INFO - [2026-05-04T14:10:55.071+0000] {timeout.py:68} ERROR - Process timed out, PID: 18512
[2026-05-04T15:11:17.308+0000] {processor.py:161} INFO - Started process (PID=18516) to work on /opt/airflow/dags/flight-pipeline.py
[2026-05-04T15:11:17.313+0000] {processor.py:830} INFO - Processing file /opt/airflow/dags/flight-pipeline.py for tasks to queue
[2026-05-04T15:11:17.334+0000] {logging_mixin.py:188} INFO - [2026-05-04T15:11:17.330+0000] {dagbag.py:545} INFO - Filling up the DagBag from /opt/airflow/dags/flight-pipeline.py
[2026-05-04T15:11:23.112+0000] {processor.py:840} INFO - DAG(s) 'flights_ops_medallion_pipe' retrieved from /opt/airflow/dags/flight-pipeline.py
[2026-05-04T15:11:23.341+0000] {logging_mixin.py:188} INFO - [2026-05-04T15:11:23.340+0000] {dag.py:3089} INFO - Sync 1 DAGs
[2026-05-04T15:11:23.419+0000] {logging_mixin.py:188} INFO - [2026-05-04T15:11:23.418+0000] {dag.py:3947} INFO - Setting next_dagrun for flights_ops_medallion_pipe to 2026-05-04 14:30:00+00:00, run_after=2026-05-04 15:00:00+00:00
[2026-05-04T15:11:23.469+0000] {processor.py:183} INFO - Processing /opt/airflow/dags/flight-pipeline.py took 6.312 seconds
[2026-05-04T15:11:56.813+0000] {processor.py:161} INFO - Started process (PID=18530) to work on /opt/airflow/dags/flight-pipeline.py
[2026-05-04T15:11:56.820+0000] {processor.py:830} INFO - Processing file /opt/airflow/dags/flight-pipeline.py for tasks to queue
[2026-05-04T15:11:56.830+0000] {logging_mixin.py:188} INFO - [2026-05-04T15:11:56.825+0000] {dagbag.py:545} INFO - Filling up the DagBag from /opt/airflow/dags/flight-pipeline.py
[2026-05-04T15:11:59.893+0000] {processor.py:840} INFO - DAG(s) 'flights_ops_medallion_pipe' retrieved from /opt/airflow/dags/flight-pipeline.py
[2026-05-04T15:11:59.980+0000] {logging_mixin.py:188} INFO - [2026-05-04T15:11:59.979+0000] {dag.py:3089} INFO - Sync 1 DAGs
[2026-05-04T15:12:00.032+0000] {logging_mixin.py:188} INFO - [2026-05-04T15:12:00.031+0000] {dag.py:3947} INFO - Setting next_dagrun for flights_ops_medallion_pipe to 2026-05-04 15:00:00+00:00, run_after=2026-05-04 15:30:00+00:00
[2026-05-04T15:12:00.073+0000] {processor.py:183} INFO - Processing /opt/airflow/dags/flight-pipeline.py took 3.439 seconds
[2026-05-04T16:12:46.163+0000] {processor.py:161} INFO - Started process (PID=18552) to work on /opt/airflow/dags/flight-pipeline.py
[2026-05-04T16:12:46.166+0000] {processor.py:830} INFO - Processing file /opt/airflow/dags/flight-pipeline.py for tasks to queue
[2026-05-04T16:12:46.172+0000] {logging_mixin.py:188} INFO - [2026-05-04T16:12:46.171+0000] {dagbag.py:545} INFO - Filling up the DagBag from /opt/airflow/dags/flight-pipeline.py
[2026-05-04T16:12:49.469+0000] {processor.py:840} INFO - DAG(s) 'flights_ops_medallion_pipe' retrieved from /opt/airflow/dags/flight-pipeline.py
[2026-05-04T16:12:49.513+0000] {logging_mixin.py:188} INFO - [2026-05-04T16:12:49.512+0000] {dag.py:3089} INFO - Sync 1 DAGs
[2026-05-04T16:12:49.548+0000] {logging_mixin.py:188} INFO - [2026-05-04T16:12:49.547+0000] {dag.py:3947} INFO - Setting next_dagrun for flights_ops_medallion_pipe to 2026-05-04 15:30:00+00:00, run_after=2026-05-04 16:00:00+00:00
[2026-05-04T16:12:49.577+0000] {processor.py:183} INFO - Processing /opt/airflow/dags/flight-pipeline.py took 3.436 seconds
[2026-05-04T16:51:17.397+0000] {processor.py:161} INFO - Started process (PID=18578) to work on /opt/airflow/dags/flight-pipeline.py
[2026-05-04T16:51:17.401+0000] {processor.py:830} INFO - Processing file /opt/airflow/dags/flight-pipeline.py for tasks to queue
[2026-05-04T16:51:17.405+0000] {logging_mixin.py:188} INFO - [2026-05-04T16:51:17.403+0000] {dagbag.py:545} INFO - Filling up the DagBag from /opt/airflow/dags/flight-pipeline.py
[2026-05-04T16:51:30.105+0000] {processor.py:840} INFO - DAG(s) 'flights_ops_medallion_pipe' retrieved from /opt/airflow/dags/flight-pipeline.py
[2026-05-04T16:51:36.399+0000] {logging_mixin.py:188} INFO - [2026-05-04T16:51:36.397+0000] {dag.py:3089} INFO - Sync 1 DAGs
[2026-05-04T16:51:36.621+0000] {logging_mixin.py:188} INFO - [2026-05-04T16:51:36.620+0000] {dag.py:3947} INFO - Setting next_dagrun for flights_ops_medallion_pipe to 2026-05-04 16:00:00+00:00, run_after=2026-05-04 16:30:00+00:00
[2026-05-04T16:51:36.806+0000] {processor.py:183} INFO - Processing /opt/airflow/dags/flight-pipeline.py took 19.450 seconds
[2026-05-04T16:52:07.290+0000] {processor.py:161} INFO - Started process (PID=18604) to work on /opt/airflow/dags/flight-pipeline.py
[2026-05-04T16:52:07.293+0000] {processor.py:830} INFO - Processing file /opt/airflow/dags/flight-pipeline.py for tasks to queue
[2026-05-04T16:52:07.295+0000] {logging_mixin.py:188} INFO - [2026-05-04T16:52:07.294+0000] {dagbag.py:545} INFO - Filling up the DagBag from /opt/airflow/dags/flight-pipeline.py
[2026-05-04T16:52:09.272+0000] {processor.py:840} INFO - DAG(s) 'flights_ops_medallion_pipe' retrieved from /opt/airflow/dags/flight-pipeline.py
[2026-05-04T16:52:09.382+0000] {logging_mixin.py:188} INFO - [2026-05-04T16:52:09.380+0000] {dag.py:3089} INFO - Sync 1 DAGs
[2026-05-04T16:52:09.477+0000] {logging_mixin.py:188} INFO - [2026-05-04T16:52:09.476+0000] {dag.py:3947} INFO - Setting next_dagrun for flights_ops_medallion_pipe to 2026-05-04 16:30:00+00:00, run_after=2026-05-04 17:00:00+00:00
[2026-05-04T16:52:09.518+0000] {processor.py:183} INFO - Processing /opt/airflow/dags/flight-pipeline.py took 2.255 seconds
[2026-05-04T16:57:11.594+0000] {processor.py:161} INFO - Started process (PID=18640) to work on /opt/airflow/dags/flight-pipeline.py
[2026-05-04T16:57:11.595+0000] {processor.py:830} INFO - Processing file /opt/airflow/dags/flight-pipeline.py for tasks to queue
[2026-05-04T16:57:11.609+0000] {logging_mixin.py:188} INFO - [2026-05-04T16:57:11.608+0000] {dagbag.py:545} INFO - Filling up the DagBag from /opt/airflow/dags/flight-pipeline.py
[2026-05-04T16:57:16.337+0000] {processor.py:840} INFO - DAG(s) 'flights_ops_medallion_pipe' retrieved from /opt/airflow/dags/flight-pipeline.py
[2026-05-04T16:57:16.444+0000] {logging_mixin.py:188} INFO - [2026-05-04T16:57:16.443+0000] {dag.py:3089} INFO - Sync 1 DAGs
[2026-05-04T16:57:16.498+0000] {logging_mixin.py:188} INFO - [2026-05-04T16:57:16.498+0000] {dag.py:3947} INFO - Setting next_dagrun for flights_ops_medallion_pipe to 2026-05-04 16:30:00+00:00, run_after=2026-05-04 17:00:00+00:00
[2026-05-04T16:57:16.543+0000] {processor.py:183} INFO - Processing /opt/airflow/dags/flight-pipeline.py took 4.996 seconds
[2026-05-04T18:57:46.312+0000] {processor.py:161} INFO - Started process (PID=18645) to work on /opt/airflow/dags/flight-pipeline.py
[2026-05-04T18:57:46.315+0000] {processor.py:830} INFO - Processing file /opt/airflow/dags/flight-pipeline.py for tasks to queue
[2026-05-04T18:57:46.320+0000] {logging_mixin.py:188} INFO - [2026-05-04T18:57:46.318+0000] {dagbag.py:545} INFO - Filling up the DagBag from /opt/airflow/dags/flight-pipeline.py
[2026-05-04T18:57:51.450+0000] {processor.py:840} INFO - DAG(s) 'flights_ops_medallion_pipe' retrieved from /opt/airflow/dags/flight-pipeline.py
[2026-05-04T18:57:51.541+0000] {logging_mixin.py:188} INFO - [2026-05-04T18:57:51.540+0000] {dag.py:3089} INFO - Sync 1 DAGs
[2026-05-04T18:57:51.588+0000] {logging_mixin.py:188} INFO - [2026-05-04T18:57:51.588+0000] {dag.py:3947} INFO - Setting next_dagrun for flights_ops_medallion_pipe to 2026-05-04 18:00:00+00:00, run_after=2026-05-04 18:30:00+00:00
[2026-05-04T18:57:51.616+0000] {processor.py:183} INFO - Processing /opt/airflow/dags/flight-pipeline.py took 5.465 seconds
[2026-05-04T18:59:36.463+0000] {processor.py:161} INFO - Started process (PID=18648) to work on /opt/airflow/dags/flight-pipeline.py
[2026-05-04T18:59:36.476+0000] {processor.py:830} INFO - Processing file /opt/airflow/dags/flight-pipeline.py for tasks to queue
[2026-05-04T18:59:36.480+0000] {logging_mixin.py:188} INFO - [2026-05-04T18:59:36.478+0000] {dagbag.py:545} INFO - Filling up the DagBag from /opt/airflow/dags/flight-pipeline.py
[2026-05-04T18:59:38.822+0000] {processor.py:840} INFO - DAG(s) 'flights_ops_medallion_pipe' retrieved from /opt/airflow/dags/flight-pipeline.py
[2026-05-04T18:59:38.874+0000] {logging_mixin.py:188} INFO - [2026-05-04T18:59:38.874+0000] {dag.py:3089} INFO - Sync 1 DAGs
[2026-05-04T18:59:38.911+0000] {logging_mixin.py:188} INFO - [2026-05-04T18:59:38.911+0000] {dag.py:3947} INFO - Setting next_dagrun for flights_ops_medallion_pipe to 2026-05-04 18:00:00+00:00, run_after=2026-05-04 18:30:00+00:00
[2026-05-04T18:59:38.933+0000] {processor.py:183} INFO - Processing /opt/airflow/dags/flight-pipeline.py took 2.546 seconds
[2026-05-04T19:49:35.156+0000] {processor.py:161} INFO - Started process (PID=18651) to work on /opt/airflow/dags/flight-pipeline.py
[2026-05-04T19:49:35.169+0000] {processor.py:830} INFO - Processing file /opt/airflow/dags/flight-pipeline.py for tasks to queue
[2026-05-04T19:49:35.176+0000] {logging_mixin.py:188} INFO - [2026-05-04T19:49:35.171+0000] {dagbag.py:545} INFO - Filling up the DagBag from /opt/airflow/dags/flight-pipeline.py
[2026-05-04T19:49:39.213+0000] {processor.py:840} INFO - DAG(s) 'flights_ops_medallion_pipe' retrieved from /opt/airflow/dags/flight-pipeline.py
[2026-05-04T19:49:40.129+0000] {logging_mixin.py:188} INFO - [2026-05-04T19:49:40.127+0000] {dag.py:3089} INFO - Sync 1 DAGs
[2026-05-04T19:49:40.431+0000] {logging_mixin.py:188} INFO - [2026-05-04T19:49:40.430+0000] {dag.py:3947} INFO - Setting next_dagrun for flights_ops_medallion_pipe to 2026-05-04 19:00:00+00:00, run_after=2026-05-04 19:30:00+00:00
[2026-05-04T19:49:40.523+0000] {processor.py:183} INFO - Processing /opt/airflow/dags/flight-pipeline.py took 5.415 seconds
[2026-05-04T19:50:10.901+0000] {processor.py:161} INFO - Started process (PID=18654) to work on /opt/airflow/dags/flight-pipeline.py
[2026-05-04T19:50:10.906+0000] {processor.py:830} INFO - Processing file /opt/airflow/dags/flight-pipeline.py for tasks to queue
[2026-05-04T19:50:10.907+0000] {logging_mixin.py:188} INFO - [2026-05-04T19:50:10.907+0000] {dagbag.py:545} INFO - Filling up the DagBag from /opt/airflow/dags/flight-pipeline.py
[2026-05-04T19:50:12.359+0000] {processor.py:840} INFO - DAG(s) 'flights_ops_medallion_pipe' retrieved from /opt/airflow/dags/flight-pipeline.py
[2026-05-04T19:50:12.404+0000] {logging_mixin.py:188} INFO - [2026-05-04T19:50:12.404+0000] {dag.py:3089} INFO - Sync 1 DAGs
[2026-05-04T19:50:12.440+0000] {logging_mixin.py:188} INFO - [2026-05-04T19:50:12.439+0000] {dag.py:3947} INFO - Setting next_dagrun for flights_ops_medallion_pipe to 2026-05-04 19:00:00+00:00, run_after=2026-05-04 19:30:00+00:00
[2026-05-04T19:50:12.464+0000] {processor.py:183} INFO - Processing /opt/airflow/dags/flight-pipeline.py took 1.574 seconds
[2026-05-04T19:50:42.642+0000] {processor.py:161} INFO - Started process (PID=18657) to work on /opt/airflow/dags/flight-pipeline.py
[2026-05-04T19:50:42.647+0000] {processor.py:830} INFO - Processing file /opt/airflow/dags/flight-pipeline.py for tasks to queue
[2026-05-04T19:50:42.649+0000] {logging_mixin.py:188} INFO - [2026-05-04T19:50:42.648+0000] {dagbag.py:545} INFO - Filling up the DagBag from /opt/airflow/dags/flight-pipeline.py
[2026-05-04T19:50:43.613+0000] {processor.py:840} INFO - DAG(s) 'flights_ops_medallion_pipe' retrieved from /opt/airflow/dags/flight-pipeline.py
[2026-05-04T19:50:43.645+0000] {logging_mixin.py:188} INFO - [2026-05-04T19:50:43.644+0000] {dag.py:3089} INFO - Sync 1 DAGs
[2026-05-04T19:50:43.666+0000] {logging_mixin.py:188} INFO - [2026-05-04T19:50:43.666+0000] {dag.py:3947} INFO - Setting next_dagrun for flights_ops_medallion_pipe to 2026-05-04 19:00:00+00:00, run_after=2026-05-04 19:30:00+00:00
[2026-05-04T19:50:43.684+0000] {processor.py:183} INFO - Processing /opt/airflow/dags/flight-pipeline.py took 1.051 seconds
[2026-05-04T19:51:13.830+0000] {processor.py:161} INFO - Started process (PID=18660) to work on /opt/airflow/dags/flight-pipeline.py
[2026-05-04T19:51:13.836+0000] {processor.py:830} INFO - Processing file /opt/airflow/dags/flight-pipeline.py for tasks to queue
[2026-05-04T19:51:13.837+0000] {logging_mixin.py:188} INFO - [2026-05-04T19:51:13.837+0000] {dagbag.py:545} INFO - Filling up the DagBag from /opt/airflow/dags/flight-pipeline.py
[2026-05-04T19:51:14.792+0000] {processor.py:840} INFO - DAG(s) 'flights_ops_medallion_pipe' retrieved from /opt/airflow/dags/flight-pipeline.py
[2026-05-04T19:51:14.823+0000] {logging_mixin.py:188} INFO - [2026-05-04T19:51:14.822+0000] {dag.py:3089} INFO - Sync 1 DAGs
[2026-05-04T19:51:14.845+0000] {logging_mixin.py:188} INFO - [2026-05-04T19:51:14.844+0000] {dag.py:3947} INFO - Setting next_dagrun for flights_ops_medallion_pipe to 2026-05-04 19:00:00+00:00, run_after=2026-05-04 19:30:00+00:00
[2026-05-04T19:51:14.862+0000] {processor.py:183} INFO - Processing /opt/airflow/dags/flight-pipeline.py took 1.042 seconds
[2026-05-04T19:51:45.044+0000] {processor.py:161} INFO - Started process (PID=18664) to work on /opt/airflow/dags/flight-pipeline.py
[2026-05-04T19:51:45.050+0000] {processor.py:830} INFO - Processing file /opt/airflow/dags/flight-pipeline.py for tasks to queue
[2026-05-04T19:51:45.052+0000] {logging_mixin.py:188} INFO - [2026-05-04T19:51:45.051+0000] {dagbag.py:545} INFO - Filling up the DagBag from /opt/airflow/dags/flight-pipeline.py
[2026-05-04T19:51:46.089+0000] {processor.py:840} INFO - DAG(s) 'flights_ops_medallion_pipe' retrieved from /opt/airflow/dags/flight-pipeline.py
[2026-05-04T19:51:46.123+0000] {logging_mixin.py:188} INFO - [2026-05-04T19:51:46.122+0000] {dag.py:3089} INFO - Sync 1 DAGs
[2026-05-04T19:51:46.147+0000] {logging_mixin.py:188} INFO - [2026-05-04T19:51:46.147+0000] {dag.py:3947} INFO - Setting next_dagrun for flights_ops_medallion_pipe to 2026-05-04 19:30:00+00:00, run_after=2026-05-04 20:00:00+00:00
[2026-05-04T19:51:46.171+0000] {processor.py:183} INFO - Processing /opt/airflow/dags/flight-pipeline.py took 1.135 seconds
[2026-05-04T19:52:16.222+0000] {processor.py:161} INFO - Started process (PID=18710) to work on /opt/airflow/dags/flight-pipeline.py
[2026-05-04T19:52:16.228+0000] {processor.py:830} INFO - Processing file /opt/airflow/dags/flight-pipeline.py for tasks to queue
[2026-05-04T19:52:16.229+0000] {logging_mixin.py:188} INFO - [2026-05-04T19:52:16.229+0000] {dagbag.py:545} INFO - Filling up the DagBag from /opt/airflow/dags/flight-pipeline.py
[2026-05-04T19:52:17.272+0000] {processor.py:840} INFO - DAG(s) 'flights_ops_medallion_pipe' retrieved from /opt/airflow/dags/flight-pipeline.py
[2026-05-04T19:52:17.326+0000] {logging_mixin.py:188} INFO - [2026-05-04T19:52:17.325+0000] {dag.py:3089} INFO - Sync 1 DAGs
[2026-05-04T19:52:17.362+0000] {logging_mixin.py:188} INFO - [2026-05-04T19:52:17.362+0000] {dag.py:3947} INFO - Setting next_dagrun for flights_ops_medallion_pipe to 2026-05-04 19:30:00+00:00, run_after=2026-05-04 20:00:00+00:00
[2026-05-04T19:52:17.383+0000] {processor.py:183} INFO - Processing /opt/airflow/dags/flight-pipeline.py took 1.169 seconds
[2026-05-04T19:52:47.577+0000] {processor.py:161} INFO - Started process (PID=18713) to work on /opt/airflow/dags/flight-pipeline.py
[2026-05-04T19:52:47.584+0000] {processor.py:830} INFO - Processing file /opt/airflow/dags/flight-pipeline.py for tasks to queue
[2026-05-04T19:52:47.585+0000] {logging_mixin.py:188} INFO - [2026-05-04T19:52:47.585+0000] {dagbag.py:545} INFO - Filling up the DagBag from /opt/airflow/dags/flight-pipeline.py
[2026-05-04T19:52:48.593+0000] {processor.py:840} INFO - DAG(s) 'flights_ops_medallion_pipe' retrieved from /opt/airflow/dags/flight-pipeline.py
[2026-05-04T19:52:48.629+0000] {logging_mixin.py:188} INFO - [2026-05-04T19:52:48.629+0000] {dag.py:3089} INFO - Sync 1 DAGs
[2026-05-04T19:52:48.655+0000] {logging_mixin.py:188} INFO - [2026-05-04T19:52:48.655+0000] {dag.py:3947} INFO - Setting next_dagrun for flights_ops_medallion_pipe to 2026-05-04 19:30:00+00:00, run_after=2026-05-04 20:00:00+00:00
[2026-05-04T19:52:48.675+0000] {processor.py:183} INFO - Processing /opt/airflow/dags/flight-pipeline.py took 1.109 seconds
[2026-05-04T19:53:18.865+0000] {processor.py:161} INFO - Started process (PID=18716) to work on /opt/airflow/dags/flight-pipeline.py
[2026-05-04T19:53:18.875+0000] {processor.py:830} INFO - Processing file /opt/airflow/dags/flight-pipeline.py for tasks to queue
[2026-05-04T19:53:18.876+0000] {logging_mixin.py:188} INFO - [2026-05-04T19:53:18.876+0000] {dagbag.py:545} INFO - Filling up the DagBag from /opt/airflow/dags/flight-pipeline.py
[2026-05-04T19:53:19.976+0000] {processor.py:840} INFO - DAG(s) 'flights_ops_medallion_pipe' retrieved from /opt/airflow/dags/flight-pipeline.py
[2026-05-04T19:53:20.009+0000] {logging_mixin.py:188} INFO - [2026-05-04T19:53:20.008+0000] {dag.py:3089} INFO - Sync 1 DAGs
[2026-05-04T19:53:20.065+0000] {logging_mixin.py:188} INFO - [2026-05-04T19:53:20.065+0000] {dag.py:3947} INFO - Setting next_dagrun for flights_ops_medallion_pipe to 2026-05-04 19:30:00+00:00, run_after=2026-05-04 20:00:00+00:00
[2026-05-04T19:53:20.121+0000] {processor.py:183} INFO - Processing /opt/airflow/dags/flight-pipeline.py took 1.280 seconds
[2026-05-04T19:53:50.367+0000] {processor.py:161} INFO - Started process (PID=18752) to work on /opt/airflow/dags/flight-pipeline.py
[2026-05-04T19:53:50.375+0000] {processor.py:830} INFO - Processing file /opt/airflow/dags/flight-pipeline.py for tasks to queue
[2026-05-04T19:53:50.377+0000] {logging_mixin.py:188} INFO - [2026-05-04T19:53:50.377+0000] {dagbag.py:545} INFO - Filling up the DagBag from /opt/airflow/dags/flight-pipeline.py
[2026-05-04T19:53:51.768+0000] {processor.py:840} INFO - DAG(s) 'flights_ops_medallion_pipe' retrieved from /opt/airflow/dags/flight-pipeline.py
[2026-05-04T19:53:51.820+0000] {logging_mixin.py:188} INFO - [2026-05-04T19:53:51.820+0000] {dag.py:3089} INFO - Sync 1 DAGs
[2026-05-04T19:53:51.844+0000] {logging_mixin.py:188} INFO - [2026-05-04T19:53:51.844+0000] {dag.py:3947} INFO - Setting next_dagrun for flights_ops_medallion_pipe to 2026-05-04 19:30:00+00:00, run_after=2026-05-04 20:00:00+00:00
[2026-05-04T19:53:51.864+0000] {processor.py:183} INFO - Processing /opt/airflow/dags/flight-pipeline.py took 1.509 seconds
[2026-05-04T19:54:22.119+0000] {processor.py:161} INFO - Started process (PID=18755) to work on /opt/airflow/dags/flight-pipeline.py
[2026-05-04T19:54:22.132+0000] {processor.py:830} INFO - Processing file /opt/airflow/dags/flight-pipeline.py for tasks to queue
[2026-05-04T19:54:22.136+0000] {logging_mixin.py:188} INFO - [2026-05-04T19:54:22.135+0000] {dagbag.py:545} INFO - Filling up the DagBag from /opt/airflow/dags/flight-pipeline.py
[2026-05-04T19:54:23.400+0000] {processor.py:840} INFO - DAG(s) 'flights_ops_medallion_pipe' retrieved from /opt/airflow/dags/flight-pipeline.py
[2026-05-04T19:54:23.442+0000] {logging_mixin.py:188} INFO - [2026-05-04T19:54:23.441+0000] {dag.py:3089} INFO - Sync 1 DAGs
[2026-05-04T19:54:23.469+0000] {logging_mixin.py:188} INFO - [2026-05-04T19:54:23.469+0000] {dag.py:3947} INFO - Setting next_dagrun for flights_ops_medallion_pipe to 2026-05-04 19:30:00+00:00, run_after=2026-05-04 20:00:00+00:00
[2026-05-04T19:54:23.490+0000] {processor.py:183} INFO - Processing /opt/airflow/dags/flight-pipeline.py took 1.385 seconds
[2026-05-04T19:54:53.705+0000] {processor.py:161} INFO - Started process (PID=18758) to work on /opt/airflow/dags/flight-pipeline.py
[2026-05-04T19:54:53.713+0000] {processor.py:830} INFO - Processing file /opt/airflow/dags/flight-pipeline.py for tasks to queue
[2026-05-04T19:54:53.714+0000] {logging_mixin.py:188} INFO - [2026-05-04T19:54:53.713+0000] {dagbag.py:545} INFO - Filling up the DagBag from /opt/airflow/dags/flight-pipeline.py
[2026-05-04T19:54:54.764+0000] {processor.py:840} INFO - DAG(s) 'flights_ops_medallion_pipe' retrieved from /opt/airflow/dags/flight-pipeline.py
[2026-05-04T19:54:54.797+0000] {logging_mixin.py:188} INFO - [2026-05-04T19:54:54.797+0000] {dag.py:3089} INFO - Sync 1 DAGs
[2026-05-04T19:54:54.821+0000] {logging_mixin.py:188} INFO - [2026-05-04T19:54:54.820+0000] {dag.py:3947} INFO - Setting next_dagrun for flights_ops_medallion_pipe to 2026-05-04 19:30:00+00:00, run_after=2026-05-04 20:00:00+00:00
[2026-05-04T19:54:54.839+0000] {processor.py:183} INFO - Processing /opt/airflow/dags/flight-pipeline.py took 1.142 seconds
[2026-05-04T19:55:24.900+0000] {processor.py:161} INFO - Started process (PID=18782) to work on /opt/airflow/dags/flight-pipeline.py
[2026-05-04T19:55:24.910+0000] {processor.py:830} INFO - Processing file /opt/airflow/dags/flight-pipeline.py for tasks to queue
[2026-05-04T19:55:24.912+0000] {logging_mixin.py:188} INFO - [2026-05-04T19:55:24.912+0000] {dagbag.py:545} INFO - Filling up the DagBag from /opt/airflow/dags/flight-pipeline.py
[2026-05-04T19:55:25.894+0000] {processor.py:840} INFO - DAG(s) 'flights_ops_medallion_pipe' retrieved from /opt/airflow/dags/flight-pipeline.py
[2026-05-04T19:55:25.928+0000] {logging_mixin.py:188} INFO - [2026-05-04T19:55:25.928+0000] {dag.py:3089} INFO - Sync 1 DAGs
[2026-05-04T19:55:25.951+0000] {logging_mixin.py:188} INFO - [2026-05-04T19:55:25.951+0000] {dag.py:3947} INFO - Setting next_dagrun for flights_ops_medallion_pipe to 2026-05-04 19:30:00+00:00, run_after=2026-05-04 20:00:00+00:00
[2026-05-04T19:55:25.970+0000] {processor.py:183} INFO - Processing /opt/airflow/dags/flight-pipeline.py took 1.078 seconds
[2026-05-04T19:55:56.113+0000] {processor.py:161} INFO - Started process (PID=18786) to work on /opt/airflow/dags/flight-pipeline.py
[2026-05-04T19:55:56.120+0000] {processor.py:830} INFO - Processing file /opt/airflow/dags/flight-pipeline.py for tasks to queue
[2026-05-04T19:55:56.121+0000] {logging_mixin.py:188} INFO - [2026-05-04T19:55:56.121+0000] {dagbag.py:545} INFO - Filling up the DagBag from /opt/airflow/dags/flight-pipeline.py
[2026-05-04T19:55:57.080+0000] {processor.py:840} INFO - DAG(s) 'flights_ops_medallion_pipe' retrieved from /opt/airflow/dags/flight-pipeline.py
[2026-05-04T19:55:57.115+0000] {logging_mixin.py:188} INFO - [2026-05-04T19:55:57.114+0000] {dag.py:3089} INFO - Sync 1 DAGs
[2026-05-04T19:55:57.139+0000] {logging_mixin.py:188} INFO - [2026-05-04T19:55:57.139+0000] {dag.py:3947} INFO - Setting next_dagrun for flights_ops_medallion_pipe to 2026-05-04 19:30:00+00:00, run_after=2026-05-04 20:00:00+00:00
[2026-05-04T19:55:57.157+0000] {processor.py:183} INFO - Processing /opt/airflow/dags/flight-pipeline.py took 1.053 seconds
[2026-05-04T19:56:27.346+0000] {processor.py:161} INFO - Started process (PID=18789) to work on /opt/airflow/dags/flight-pipeline.py
[2026-05-04T19:56:27.353+0000] {processor.py:830} INFO - Processing file /opt/airflow/dags/flight-pipeline.py for tasks to queue
[2026-05-04T19:56:27.354+0000] {logging_mixin.py:188} INFO - [2026-05-04T19:56:27.354+0000] {dagbag.py:545} INFO - Filling up the DagBag from /opt/airflow/dags/flight-pipeline.py
[2026-05-04T19:56:28.394+0000] {processor.py:840} INFO - DAG(s) 'flights_ops_medallion_pipe' retrieved from /opt/airflow/dags/flight-pipeline.py
[2026-05-04T19:56:28.430+0000] {logging_mixin.py:188} INFO - [2026-05-04T19:56:28.429+0000] {dag.py:3089} INFO - Sync 1 DAGs
[2026-05-04T19:56:28.453+0000] {logging_mixin.py:188} INFO - [2026-05-04T19:56:28.453+0000] {dag.py:3947} INFO - Setting next_dagrun for flights_ops_medallion_pipe to 2026-05-04 19:30:00+00:00, run_after=2026-05-04 20:00:00+00:00
[2026-05-04T19:56:28.471+0000] {processor.py:183} INFO - Processing /opt/airflow/dags/flight-pipeline.py took 1.133 seconds
[2026-05-04T19:56:58.548+0000] {processor.py:161} INFO - Started process (PID=18803) to work on /opt/airflow/dags/flight-pipeline.py
[2026-05-04T19:56:58.556+0000] {processor.py:830} INFO - Processing file /opt/airflow/dags/flight-pipeline.py for tasks to queue
[2026-05-04T19:56:58.557+0000] {logging_mixin.py:188} INFO - [2026-05-04T19:56:58.557+0000] {dagbag.py:545} INFO - Filling up the DagBag from /opt/airflow/dags/flight-pipeline.py
[2026-05-04T19:57:00.415+0000] {processor.py:840} INFO - DAG(s) 'flights_ops_medallion_pipe' retrieved from /opt/airflow/dags/flight-pipeline.py
[2026-05-04T19:57:00.481+0000] {logging_mixin.py:188} INFO - [2026-05-04T19:57:00.481+0000] {dag.py:3089} INFO - Sync 1 DAGs
[2026-05-04T19:57:00.519+0000] {logging_mixin.py:188} INFO - [2026-05-04T19:57:00.519+0000] {dag.py:3947} INFO - Setting next_dagrun for flights_ops_medallion_pipe to 2026-05-04 19:30:00+00:00, run_after=2026-05-04 20:00:00+00:00
[2026-05-04T19:57:00.552+0000] {processor.py:183} INFO - Processing /opt/airflow/dags/flight-pipeline.py took 2.013 seconds
[2026-05-04T19:57:30.751+0000] {processor.py:161} INFO - Started process (PID=18806) to work on /opt/airflow/dags/flight-pipeline.py
[2026-05-04T19:57:30.759+0000] {processor.py:830} INFO - Processing file /opt/airflow/dags/flight-pipeline.py for tasks to queue
[2026-05-04T19:57:30.760+0000] {logging_mixin.py:188} INFO - [2026-05-04T19:57:30.760+0000] {dagbag.py:545} INFO - Filling up the DagBag from /opt/airflow/dags/flight-pipeline.py
[2026-05-04T19:57:31.640+0000] {processor.py:840} INFO - DAG(s) 'flights_ops_medallion_pipe' retrieved from /opt/airflow/dags/flight-pipeline.py
[2026-05-04T19:57:31.671+0000] {logging_mixin.py:188} INFO - [2026-05-04T19:57:31.670+0000] {dag.py:3089} INFO - Sync 1 DAGs
[2026-05-04T19:57:31.694+0000] {logging_mixin.py:188} INFO - [2026-05-04T19:57:31.694+0000] {dag.py:3947} INFO - Setting next_dagrun for flights_ops_medallion_pipe to 2026-05-04 19:30:00+00:00, run_after=2026-05-04 20:00:00+00:00
[2026-05-04T19:57:31.715+0000] {processor.py:183} INFO - Processing /opt/airflow/dags/flight-pipeline.py took 0.972 seconds
[2026-05-04T19:58:01.959+0000] {processor.py:161} INFO - Started process (PID=18809) to work on /opt/airflow/dags/flight-pipeline.py
[2026-05-04T19:58:01.963+0000] {processor.py:830} INFO - Processing file /opt/airflow/dags/flight-pipeline.py for tasks to queue
[2026-05-04T19:58:01.964+0000] {logging_mixin.py:188} INFO - [2026-05-04T19:58:01.964+0000] {dagbag.py:545} INFO - Filling up the DagBag from /opt/airflow/dags/flight-pipeline.py
[2026-05-04T19:58:02.836+0000] {processor.py:840} INFO - DAG(s) 'flights_ops_medallion_pipe' retrieved from /opt/airflow/dags/flight-pipeline.py
[2026-05-04T19:58:02.941+0000] {logging_mixin.py:188} INFO - [2026-05-04T19:58:02.940+0000] {dag.py:3089} INFO - Sync 1 DAGs
[2026-05-04T19:58:02.988+0000] {logging_mixin.py:188} INFO - [2026-05-04T19:58:02.987+0000] {dag.py:3947} INFO - Setting next_dagrun for flights_ops_medallion_pipe to 2026-05-04 19:30:00+00:00, run_after=2026-05-04 20:00:00+00:00
[2026-05-04T19:58:03.056+0000] {processor.py:183} INFO - Processing /opt/airflow/dags/flight-pipeline.py took 1.104 seconds
[2026-05-04T19:58:33.327+0000] {processor.py:161} INFO - Started process (PID=18812) to work on /opt/airflow/dags/flight-pipeline.py
[2026-05-04T19:58:33.329+0000] {processor.py:830} INFO - Processing file /opt/airflow/dags/flight-pipeline.py for tasks to queue
[2026-05-04T19:58:33.331+0000] {logging_mixin.py:188} INFO - [2026-05-04T19:58:33.330+0000] {dagbag.py:545} INFO - Filling up the DagBag from /opt/airflow/dags/flight-pipeline.py
[2026-05-04T19:58:34.404+0000] {processor.py:840} INFO - DAG(s) 'flights_ops_medallion_pipe' retrieved from /opt/airflow/dags/flight-pipeline.py
[2026-05-04T19:58:34.441+0000] {logging_mixin.py:188} INFO - [2026-05-04T19:58:34.440+0000] {dag.py:3089} INFO - Sync 1 DAGs
[2026-05-04T19:58:34.463+0000] {logging_mixin.py:188} INFO - [2026-05-04T19:58:34.463+0000] {dag.py:3947} INFO - Setting next_dagrun for flights_ops_medallion_pipe to 2026-05-04 19:30:00+00:00, run_after=2026-05-04 20:00:00+00:00
[2026-05-04T19:58:34.485+0000] {processor.py:183} INFO - Processing /opt/airflow/dags/flight-pipeline.py took 1.167 seconds
[2026-05-04T19:59:04.634+0000] {processor.py:161} INFO - Started process (PID=18815) to work on /opt/airflow/dags/flight-pipeline.py
[2026-05-04T19:59:04.636+0000] {processor.py:830} INFO - Processing file /opt/airflow/dags/flight-pipeline.py for tasks to queue
[2026-05-04T19:59:04.638+0000] {logging_mixin.py:188} INFO - [2026-05-04T19:59:04.637+0000] {dagbag.py:545} INFO - Filling up the DagBag from /opt/airflow/dags/flight-pipeline.py
[2026-05-04T19:59:05.594+0000] {processor.py:840} INFO - DAG(s) 'flights_ops_medallion_pipe' retrieved from /opt/airflow/dags/flight-pipeline.py
[2026-05-04T19:59:05.630+0000] {logging_mixin.py:188} INFO - [2026-05-04T19:59:05.630+0000] {dag.py:3089} INFO - Sync 1 DAGs
[2026-05-04T19:59:05.655+0000] {logging_mixin.py:188} INFO - [2026-05-04T19:59:05.654+0000] {dag.py:3947} INFO - Setting next_dagrun for flights_ops_medallion_pipe to 2026-05-04 19:30:00+00:00, run_after=2026-05-04 20:00:00+00:00
[2026-05-04T19:59:05.673+0000] {processor.py:183} INFO - Processing /opt/airflow/dags/flight-pipeline.py took 1.048 seconds
[2026-05-04T19:59:35.964+0000] {processor.py:161} INFO - Started process (PID=18818) to work on /opt/airflow/dags/flight-pipeline.py
[2026-05-04T19:59:35.967+0000] {processor.py:830} INFO - Processing file /opt/airflow/dags/flight-pipeline.py for tasks to queue
[2026-05-04T19:59:35.968+0000] {logging_mixin.py:188} INFO - [2026-05-04T19:59:35.968+0000] {dagbag.py:545} INFO - Filling up the DagBag from /opt/airflow/dags/flight-pipeline.py
[2026-05-04T19:59:36.857+0000] {processor.py:840} INFO - DAG(s) 'flights_ops_medallion_pipe' retrieved from /opt/airflow/dags/flight-pipeline.py
[2026-05-04T19:59:36.901+0000] {logging_mixin.py:188} INFO - [2026-05-04T19:59:36.900+0000] {dag.py:3089} INFO - Sync 1 DAGs
[2026-05-04T19:59:36.924+0000] {logging_mixin.py:188} INFO - [2026-05-04T19:59:36.923+0000] {dag.py:3947} INFO - Setting next_dagrun for flights_ops_medallion_pipe to 2026-05-04 19:30:00+00:00, run_after=2026-05-04 20:00:00+00:00
[2026-05-04T19:59:36.944+0000] {processor.py:183} INFO - Processing /opt/airflow/dags/flight-pipeline.py took 0.988 seconds
[2026-05-04T20:00:07.217+0000] {processor.py:161} INFO - Started process (PID=18832) to work on /opt/airflow/dags/flight-pipeline.py
[2026-05-04T20:00:07.222+0000] {processor.py:830} INFO - Processing file /opt/airflow/dags/flight-pipeline.py for tasks to queue
[2026-05-04T20:00:07.225+0000] {logging_mixin.py:188} INFO - [2026-05-04T20:00:07.224+0000] {dagbag.py:545} INFO - Filling up the DagBag from /opt/airflow/dags/flight-pipeline.py
[2026-05-04T20:00:08.482+0000] {processor.py:840} INFO - DAG(s) 'flights_ops_medallion_pipe' retrieved from /opt/airflow/dags/flight-pipeline.py
[2026-05-04T20:00:08.514+0000] {logging_mixin.py:188} INFO - [2026-05-04T20:00:08.513+0000] {dag.py:3089} INFO - Sync 1 DAGs
[2026-05-04T20:00:08.536+0000] {logging_mixin.py:188} INFO - [2026-05-04T20:00:08.536+0000] {dag.py:3947} INFO - Setting next_dagrun for flights_ops_medallion_pipe to 2026-05-04 20:00:00+00:00, run_after=2026-05-04 20:30:00+00:00
[2026-05-04T20:00:08.555+0000] {processor.py:183} INFO - Processing /opt/airflow/dags/flight-pipeline.py took 1.350 seconds
[2026-05-04T20:00:38.815+0000] {processor.py:161} INFO - Started process (PID=18868) to work on /opt/airflow/dags/flight-pipeline.py
[2026-05-04T20:00:38.820+0000] {processor.py:830} INFO - Processing file /opt/airflow/dags/flight-pipeline.py for tasks to queue
[2026-05-04T20:00:38.821+0000] {logging_mixin.py:188} INFO - [2026-05-04T20:00:38.821+0000] {dagbag.py:545} INFO - Filling up the DagBag from /opt/airflow/dags/flight-pipeline.py
[2026-05-04T20:00:40.196+0000] {processor.py:840} INFO - DAG(s) 'flights_ops_medallion_pipe' retrieved from /opt/airflow/dags/flight-pipeline.py
[2026-05-04T20:00:40.351+0000] {logging_mixin.py:188} INFO - [2026-05-04T20:00:40.350+0000] {dag.py:3089} INFO - Sync 1 DAGs
[2026-05-04T20:00:40.457+0000] {logging_mixin.py:188} INFO - [2026-05-04T20:00:40.457+0000] {dag.py:3947} INFO - Setting next_dagrun for flights_ops_medallion_pipe to 2026-05-04 20:00:00+00:00, run_after=2026-05-04 20:30:00+00:00
[2026-05-04T20:00:40.517+0000] {processor.py:183} INFO - Processing /opt/airflow/dags/flight-pipeline.py took 1.711 seconds
[2026-05-04T20:01:10.747+0000] {processor.py:161} INFO - Started process (PID=18871) to work on /opt/airflow/dags/flight-pipeline.py
[2026-05-04T20:01:10.755+0000] {processor.py:830} INFO - Processing file /opt/airflow/dags/flight-pipeline.py for tasks to queue
[2026-05-04T20:01:10.762+0000] {logging_mixin.py:188} INFO - [2026-05-04T20:01:10.757+0000] {dagbag.py:545} INFO - Filling up the DagBag from /opt/airflow/dags/flight-pipeline.py
[2026-05-04T20:01:11.613+0000] {processor.py:840} INFO - DAG(s) 'flights_ops_medallion_pipe' retrieved from /opt/airflow/dags/flight-pipeline.py
[2026-05-04T20:01:11.643+0000] {logging_mixin.py:188} INFO - [2026-05-04T20:01:11.642+0000] {dag.py:3089} INFO - Sync 1 DAGs
[2026-05-04T20:01:11.664+0000] {logging_mixin.py:188} INFO - [2026-05-04T20:01:11.663+0000] {dag.py:3947} INFO - Setting next_dagrun for flights_ops_medallion_pipe to 2026-05-04 20:00:00+00:00, run_after=2026-05-04 20:30:00+00:00
[2026-05-04T20:01:11.681+0000] {processor.py:183} INFO - Processing /opt/airflow/dags/flight-pipeline.py took 0.943 seconds
[2026-05-04T20:01:41.927+0000] {processor.py:161} INFO - Started process (PID=18874) to work on /opt/airflow/dags/flight-pipeline.py
[2026-05-04T20:01:41.931+0000] {processor.py:830} INFO - Processing file /opt/airflow/dags/flight-pipeline.py for tasks to queue
[2026-05-04T20:01:41.932+0000] {logging_mixin.py:188} INFO - [2026-05-04T20:01:41.932+0000] {dagbag.py:545} INFO - Filling up the DagBag from /opt/airflow/dags/flight-pipeline.py
[2026-05-04T20:01:43.029+0000] {processor.py:840} INFO - DAG(s) 'flights_ops_medallion_pipe' retrieved from /opt/airflow/dags/flight-pipeline.py
[2026-05-04T20:01:43.067+0000] {logging_mixin.py:188} INFO - [2026-05-04T20:01:43.067+0000] {dag.py:3089} INFO - Sync 1 DAGs
[2026-05-04T20:01:43.089+0000] {logging_mixin.py:188} INFO - [2026-05-04T20:01:43.089+0000] {dag.py:3947} INFO - Setting next_dagrun for flights_ops_medallion_pipe to 2026-05-04 20:00:00+00:00, run_after=2026-05-04 20:30:00+00:00
[2026-05-04T20:01:43.109+0000] {processor.py:183} INFO - Processing /opt/airflow/dags/flight-pipeline.py took 1.191 seconds
[2026-05-04T20:02:13.173+0000] {processor.py:161} INFO - Started process (PID=18877) to work on /opt/airflow/dags/flight-pipeline.py
[2026-05-04T20:02:13.175+0000] {processor.py:830} INFO - Processing file /opt/airflow/dags/flight-pipeline.py for tasks to queue
[2026-05-04T20:02:13.176+0000] {logging_mixin.py:188} INFO - [2026-05-04T20:02:13.176+0000] {dagbag.py:545} INFO - Filling up the DagBag from /opt/airflow/dags/flight-pipeline.py
[2026-05-04T20:02:14.068+0000] {processor.py:840} INFO - DAG(s) 'flights_ops_medallion_pipe' retrieved from /opt/airflow/dags/flight-pipeline.py
[2026-05-04T20:02:14.098+0000] {logging_mixin.py:188} INFO - [2026-05-04T20:02:14.097+0000] {dag.py:3089} INFO - Sync 1 DAGs
[2026-05-04T20:02:14.120+0000] {logging_mixin.py:188} INFO - [2026-05-04T20:02:14.120+0000] {dag.py:3947} INFO - Setting next_dagrun for flights_ops_medallion_pipe to 2026-05-04 20:00:00+00:00, run_after=2026-05-04 20:30:00+00:00
[2026-05-04T20:02:14.139+0000] {processor.py:183} INFO - Processing /opt/airflow/dags/flight-pipeline.py took 0.975 seconds
[2026-05-04T20:02:44.383+0000] {processor.py:161} INFO - Started process (PID=18880) to work on /opt/airflow/dags/flight-pipeline.py
[2026-05-04T20:02:44.386+0000] {processor.py:830} INFO - Processing file /opt/airflow/dags/flight-pipeline.py for tasks to queue
[2026-05-04T20:02:44.387+0000] {logging_mixin.py:188} INFO - [2026-05-04T20:02:44.387+0000] {dagbag.py:545} INFO - Filling up the DagBag from /opt/airflow/dags/flight-pipeline.py
[2026-05-04T20:02:45.319+0000] {processor.py:840} INFO - DAG(s) 'flights_ops_medallion_pipe' retrieved from /opt/airflow/dags/flight-pipeline.py
[2026-05-04T20:02:45.352+0000] {logging_mixin.py:188} INFO - [2026-05-04T20:02:45.352+0000] {dag.py:3089} INFO - Sync 1 DAGs
[2026-05-04T20:02:45.374+0000] {logging_mixin.py:188} INFO - [2026-05-04T20:02:45.374+0000] {dag.py:3947} INFO - Setting next_dagrun for flights_ops_medallion_pipe to 2026-05-04 20:00:00+00:00, run_after=2026-05-04 20:30:00+00:00
[2026-05-04T20:02:45.391+0000] {processor.py:183} INFO - Processing /opt/airflow/dags/flight-pipeline.py took 1.018 seconds
[2026-05-04T20:03:15.633+0000] {processor.py:161} INFO - Started process (PID=18883) to work on /opt/airflow/dags/flight-pipeline.py
[2026-05-04T20:03:15.637+0000] {processor.py:830} INFO - Processing file /opt/airflow/dags/flight-pipeline.py for tasks to queue
[2026-05-04T20:03:15.638+0000] {logging_mixin.py:188} INFO - [2026-05-04T20:03:15.637+0000] {dagbag.py:545} INFO - Filling up the DagBag from /opt/airflow/dags/flight-pipeline.py
[2026-05-04T20:03:16.982+0000] {processor.py:840} INFO - DAG(s) 'flights_ops_medallion_pipe' retrieved from /opt/airflow/dags/flight-pipeline.py
[2026-05-04T20:03:17.023+0000] {logging_mixin.py:188} INFO - [2026-05-04T20:03:17.022+0000] {dag.py:3089} INFO - Sync 1 DAGs
[2026-05-04T20:03:17.048+0000] {logging_mixin.py:188} INFO - [2026-05-04T20:03:17.047+0000] {dag.py:3947} INFO - Setting next_dagrun for flights_ops_medallion_pipe to 2026-05-04 20:00:00+00:00, run_after=2026-05-04 20:30:00+00:00
[2026-05-04T20:03:17.068+0000] {processor.py:183} INFO - Processing /opt/airflow/dags/flight-pipeline.py took 1.445 seconds
[2026-05-04T20:03:47.316+0000] {processor.py:161} INFO - Started process (PID=18886) to work on /opt/airflow/dags/flight-pipeline.py
[2026-05-04T20:03:47.320+0000] {processor.py:830} INFO - Processing file /opt/airflow/dags/flight-pipeline.py for tasks to queue
[2026-05-04T20:03:47.321+0000] {logging_mixin.py:188} INFO - [2026-05-04T20:03:47.321+0000] {dagbag.py:545} INFO - Filling up the DagBag from /opt/airflow/dags/flight-pipeline.py
[2026-05-04T20:03:48.282+0000] {processor.py:840} INFO - DAG(s) 'flights_ops_medallion_pipe' retrieved from /opt/airflow/dags/flight-pipeline.py
[2026-05-04T20:03:48.315+0000] {logging_mixin.py:188} INFO - [2026-05-04T20:03:48.314+0000] {dag.py:3089} INFO - Sync 1 DAGs
[2026-05-04T20:03:48.339+0000] {logging_mixin.py:188} INFO - [2026-05-04T20:03:48.339+0000] {dag.py:3947} INFO - Setting next_dagrun for flights_ops_medallion_pipe to 2026-05-04 20:00:00+00:00, run_after=2026-05-04 20:30:00+00:00
[2026-05-04T20:03:48.358+0000] {processor.py:183} INFO - Processing /opt/airflow/dags/flight-pipeline.py took 1.052 seconds
[2026-05-04T20:04:18.542+0000] {processor.py:161} INFO - Started process (PID=18889) to work on /opt/airflow/dags/flight-pipeline.py
[2026-05-04T20:04:18.545+0000] {processor.py:830} INFO - Processing file /opt/airflow/dags/flight-pipeline.py for tasks to queue
[2026-05-04T20:04:18.547+0000] {logging_mixin.py:188} INFO - [2026-05-04T20:04:18.546+0000] {dagbag.py:545} INFO - Filling up the DagBag from /opt/airflow/dags/flight-pipeline.py
[2026-05-04T20:04:19.441+0000] {processor.py:840} INFO - DAG(s) 'flights_ops_medallion_pipe' retrieved from /opt/airflow/dags/flight-pipeline.py
[2026-05-04T20:04:19.474+0000] {logging_mixin.py:188} INFO - [2026-05-04T20:04:19.473+0000] {dag.py:3089} INFO - Sync 1 DAGs
[2026-05-04T20:04:19.496+0000] {logging_mixin.py:188} INFO - [2026-05-04T20:04:19.496+0000] {dag.py:3947} INFO - Setting next_dagrun for flights_ops_medallion_pipe to 2026-05-04 20:00:00+00:00, run_after=2026-05-04 20:30:00+00:00
[2026-05-04T20:04:19.517+0000] {processor.py:183} INFO - Processing /opt/airflow/dags/flight-pipeline.py took 0.983 seconds
[2026-05-04T20:04:49.820+0000] {processor.py:161} INFO - Started process (PID=18892) to work on /opt/airflow/dags/flight-pipeline.py
[2026-05-04T20:04:49.822+0000] {processor.py:830} INFO - Processing file /opt/airflow/dags/flight-pipeline.py for tasks to queue
[2026-05-04T20:04:49.823+0000] {logging_mixin.py:188} INFO - [2026-05-04T20:04:49.823+0000] {dagbag.py:545} INFO - Filling up the DagBag from /opt/airflow/dags/flight-pipeline.py
[2026-05-04T20:04:50.753+0000] {processor.py:840} INFO - DAG(s) 'flights_ops_medallion_pipe' retrieved from /opt/airflow/dags/flight-pipeline.py
[2026-05-04T20:04:50.788+0000] {logging_mixin.py:188} INFO - [2026-05-04T20:04:50.788+0000] {dag.py:3089} INFO - Sync 1 DAGs
[2026-05-04T20:04:50.809+0000] {logging_mixin.py:188} INFO - [2026-05-04T20:04:50.809+0000] {dag.py:3947} INFO - Setting next_dagrun for flights_ops_medallion_pipe to 2026-05-04 20:00:00+00:00, run_after=2026-05-04 20:30:00+00:00
[2026-05-04T20:04:50.830+0000] {processor.py:183} INFO - Processing /opt/airflow/dags/flight-pipeline.py took 1.017 seconds
[2026-05-04T20:05:21.120+0000] {processor.py:161} INFO - Started process (PID=18895) to work on /opt/airflow/dags/flight-pipeline.py
[2026-05-04T20:05:21.124+0000] {processor.py:830} INFO - Processing file /opt/airflow/dags/flight-pipeline.py for tasks to queue
[2026-05-04T20:05:21.125+0000] {logging_mixin.py:188} INFO - [2026-05-04T20:05:21.125+0000] {dagbag.py:545} INFO - Filling up the DagBag from /opt/airflow/dags/flight-pipeline.py
[2026-05-04T20:05:22.093+0000] {processor.py:840} INFO - DAG(s) 'flights_ops_medallion_pipe' retrieved from /opt/airflow/dags/flight-pipeline.py
[2026-05-04T20:05:22.130+0000] {logging_mixin.py:188} INFO - [2026-05-04T20:05:22.129+0000] {dag.py:3089} INFO - Sync 1 DAGs
[2026-05-04T20:05:22.153+0000] {logging_mixin.py:188} INFO - [2026-05-04T20:05:22.153+0000] {dag.py:3947} INFO - Setting next_dagrun for flights_ops_medallion_pipe to 2026-05-04 20:00:00+00:00, run_after=2026-05-04 20:30:00+00:00
[2026-05-04T20:05:22.172+0000] {processor.py:183} INFO - Processing /opt/airflow/dags/flight-pipeline.py took 1.061 seconds
[2026-05-04T20:05:52.575+0000] {processor.py:161} INFO - Started process (PID=18898) to work on /opt/airflow/dags/flight-pipeline.py
[2026-05-04T20:05:52.578+0000] {processor.py:830} INFO - Processing file /opt/airflow/dags/flight-pipeline.py for tasks to queue
[2026-05-04T20:05:52.581+0000] {logging_mixin.py:188} INFO - [2026-05-04T20:05:52.581+0000] {dagbag.py:545} INFO - Filling up the DagBag from /opt/airflow/dags/flight-pipeline.py
[2026-05-04T20:05:53.490+0000] {processor.py:840} INFO - DAG(s) 'flights_ops_medallion_pipe' retrieved from /opt/airflow/dags/flight-pipeline.py
[2026-05-04T20:05:53.523+0000] {logging_mixin.py:188} INFO - [2026-05-04T20:05:53.522+0000] {dag.py:3089} INFO - Sync 1 DAGs
[2026-05-04T20:05:53.546+0000] {logging_mixin.py:188} INFO - [2026-05-04T20:05:53.545+0000] {dag.py:3947} INFO - Setting next_dagrun for flights_ops_medallion_pipe to 2026-05-04 20:00:00+00:00, run_after=2026-05-04 20:30:00+00:00
[2026-05-04T20:05:53.565+0000] {processor.py:183} INFO - Processing /opt/airflow/dags/flight-pipeline.py took 1.001 seconds
[2026-05-04T20:06:23.825+0000] {processor.py:161} INFO - Started process (PID=18901) to work on /opt/airflow/dags/flight-pipeline.py
[2026-05-04T20:06:23.828+0000] {processor.py:830} INFO - Processing file /opt/airflow/dags/flight-pipeline.py for tasks to queue
[2026-05-04T20:06:23.829+0000] {logging_mixin.py:188} INFO - [2026-05-04T20:06:23.829+0000] {dagbag.py:545} INFO - Filling up the DagBag from /opt/airflow/dags/flight-pipeline.py
[2026-05-04T20:06:24.795+0000] {processor.py:840} INFO - DAG(s) 'flights_ops_medallion_pipe' retrieved from /opt/airflow/dags/flight-pipeline.py
[2026-05-04T20:06:24.831+0000] {logging_mixin.py:188} INFO - [2026-05-04T20:06:24.831+0000] {dag.py:3089} INFO - Sync 1 DAGs
[2026-05-04T20:06:24.854+0000] {logging_mixin.py:188} INFO - [2026-05-04T20:06:24.854+0000] {dag.py:3947} INFO - Setting next_dagrun for flights_ops_medallion_pipe to 2026-05-04 20:00:00+00:00, run_after=2026-05-04 20:30:00+00:00
[2026-05-04T20:06:24.874+0000] {processor.py:183} INFO - Processing /opt/airflow/dags/flight-pipeline.py took 1.060 seconds
[2026-05-04T20:06:55.165+0000] {processor.py:161} INFO - Started process (PID=18904) to work on /opt/airflow/dags/flight-pipeline.py
[2026-05-04T20:06:55.173+0000] {processor.py:830} INFO - Processing file /opt/airflow/dags/flight-pipeline.py for tasks to queue
[2026-05-04T20:06:55.174+0000] {logging_mixin.py:188} INFO - [2026-05-04T20:06:55.174+0000] {dagbag.py:545} INFO - Filling up the DagBag from /opt/airflow/dags/flight-pipeline.py
[2026-05-04T20:06:56.261+0000] {processor.py:840} INFO - DAG(s) 'flights_ops_medallion_pipe' retrieved from /opt/airflow/dags/flight-pipeline.py
[2026-05-04T20:06:56.311+0000] {logging_mixin.py:188} INFO - [2026-05-04T20:06:56.310+0000] {dag.py:3089} INFO - Sync 1 DAGs
[2026-05-04T20:06:56.340+0000] {logging_mixin.py:188} INFO - [2026-05-04T20:06:56.339+0000] {dag.py:3947} INFO - Setting next_dagrun for flights_ops_medallion_pipe to 2026-05-04 20:00:00+00:00, run_after=2026-05-04 20:30:00+00:00
[2026-05-04T20:06:56.359+0000] {processor.py:183} INFO - Processing /opt/airflow/dags/flight-pipeline.py took 1.205 seconds
[2026-05-04T20:07:26.409+0000] {processor.py:161} INFO - Started process (PID=18907) to work on /opt/airflow/dags/flight-pipeline.py
[2026-05-04T20:07:26.412+0000] {processor.py:830} INFO - Processing file /opt/airflow/dags/flight-pipeline.py for tasks to queue
[2026-05-04T20:07:26.415+0000] {logging_mixin.py:188} INFO - [2026-05-04T20:07:26.414+0000] {dagbag.py:545} INFO - Filling up the DagBag from /opt/airflow/dags/flight-pipeline.py
[2026-05-04T20:07:27.271+0000] {processor.py:840} INFO - DAG(s) 'flights_ops_medallion_pipe' retrieved from /opt/airflow/dags/flight-pipeline.py
[2026-05-04T20:07:27.303+0000] {logging_mixin.py:188} INFO - [2026-05-04T20:07:27.303+0000] {dag.py:3089} INFO - Sync 1 DAGs
[2026-05-04T20:07:27.326+0000] {logging_mixin.py:188} INFO - [2026-05-04T20:07:27.326+0000] {dag.py:3947} INFO - Setting next_dagrun for flights_ops_medallion_pipe to 2026-05-04 20:00:00+00:00, run_after=2026-05-04 20:30:00+00:00
[2026-05-04T20:07:27.346+0000] {processor.py:183} INFO - Processing /opt/airflow/dags/flight-pipeline.py took 0.946 seconds
[2026-05-04T20:07:57.643+0000] {processor.py:161} INFO - Started process (PID=18910) to work on /opt/airflow/dags/flight-pipeline.py
[2026-05-04T20:07:57.645+0000] {processor.py:830} INFO - Processing file /opt/airflow/dags/flight-pipeline.py for tasks to queue
[2026-05-04T20:07:57.647+0000] {logging_mixin.py:188} INFO - [2026-05-04T20:07:57.646+0000] {dagbag.py:545} INFO - Filling up the DagBag from /opt/airflow/dags/flight-pipeline.py
[2026-05-04T20:07:58.489+0000] {processor.py:840} INFO - DAG(s) 'flights_ops_medallion_pipe' retrieved from /opt/airflow/dags/flight-pipeline.py
[2026-05-04T20:07:58.528+0000] {logging_mixin.py:188} INFO - [2026-05-04T20:07:58.527+0000] {dag.py:3089} INFO - Sync 1 DAGs
[2026-05-04T20:07:58.547+0000] {logging_mixin.py:188} INFO - [2026-05-04T20:07:58.547+0000] {dag.py:3947} INFO - Setting next_dagrun for flights_ops_medallion_pipe to 2026-05-04 20:00:00+00:00, run_after=2026-05-04 20:30:00+00:00
[2026-05-04T20:07:58.565+0000] {processor.py:183} INFO - Processing /opt/airflow/dags/flight-pipeline.py took 0.931 seconds
[2026-05-04T20:08:28.849+0000] {processor.py:161} INFO - Started process (PID=18913) to work on /opt/airflow/dags/flight-pipeline.py
[2026-05-04T20:08:28.852+0000] {processor.py:830} INFO - Processing file /opt/airflow/dags/flight-pipeline.py for tasks to queue
[2026-05-04T20:08:28.854+0000] {logging_mixin.py:188} INFO - [2026-05-04T20:08:28.853+0000] {dagbag.py:545} INFO - Filling up the DagBag from /opt/airflow/dags/flight-pipeline.py
[2026-05-04T20:08:29.908+0000] {processor.py:840} INFO - DAG(s) 'flights_ops_medallion_pipe' retrieved from /opt/airflow/dags/flight-pipeline.py
[2026-05-04T20:08:29.943+0000] {logging_mixin.py:188} INFO - [2026-05-04T20:08:29.942+0000] {dag.py:3089} INFO - Sync 1 DAGs
[2026-05-04T20:08:29.968+0000] {logging_mixin.py:188} INFO - [2026-05-04T20:08:29.968+0000] {dag.py:3947} INFO - Setting next_dagrun for flights_ops_medallion_pipe to 2026-05-04 20:00:00+00:00, run_after=2026-05-04 20:30:00+00:00
[2026-05-04T20:08:29.988+0000] {processor.py:183} INFO - Processing /opt/airflow/dags/flight-pipeline.py took 1.150 seconds
[2026-05-04T20:09:00.221+0000] {processor.py:161} INFO - Started process (PID=18916) to work on /opt/airflow/dags/flight-pipeline.py
[2026-05-04T20:09:00.223+0000] {processor.py:830} INFO - Processing file /opt/airflow/dags/flight-pipeline.py for tasks to queue
[2026-05-04T20:09:00.225+0000] {logging_mixin.py:188} INFO - [2026-05-04T20:09:00.224+0000] {dagbag.py:545} INFO - Filling up the DagBag from /opt/airflow/dags/flight-pipeline.py
[2026-05-04T20:09:01.120+0000] {processor.py:840} INFO - DAG(s) 'flights_ops_medallion_pipe' retrieved from /opt/airflow/dags/flight-pipeline.py
[2026-05-04T20:09:01.152+0000] {logging_mixin.py:188} INFO - [2026-05-04T20:09:01.151+0000] {dag.py:3089} INFO - Sync 1 DAGs
[2026-05-04T20:09:01.174+0000] {logging_mixin.py:188} INFO - [2026-05-04T20:09:01.173+0000] {dag.py:3947} INFO - Setting next_dagrun for flights_ops_medallion_pipe to 2026-05-04 20:00:00+00:00, run_after=2026-05-04 20:30:00+00:00
[2026-05-04T20:09:01.193+0000] {processor.py:183} INFO - Processing /opt/airflow/dags/flight-pipeline.py took 0.979 seconds
[2026-05-04T20:09:31.445+0000] {processor.py:161} INFO - Started process (PID=18919) to work on /opt/airflow/dags/flight-pipeline.py
[2026-05-04T20:09:31.448+0000] {processor.py:830} INFO - Processing file /opt/airflow/dags/flight-pipeline.py for tasks to queue
[2026-05-04T20:09:31.449+0000] {logging_mixin.py:188} INFO - [2026-05-04T20:09:31.449+0000] {dagbag.py:545} INFO - Filling up the DagBag from /opt/airflow/dags/flight-pipeline.py
[2026-05-04T20:09:32.403+0000] {processor.py:840} INFO - DAG(s) 'flights_ops_medallion_pipe' retrieved from /opt/airflow/dags/flight-pipeline.py
[2026-05-04T20:09:32.460+0000] {logging_mixin.py:188} INFO - [2026-05-04T20:09:32.459+0000] {dag.py:3089} INFO - Sync 1 DAGs
[2026-05-04T20:09:32.512+0000] {logging_mixin.py:188} INFO - [2026-05-04T20:09:32.512+0000] {dag.py:3947} INFO - Setting next_dagrun for flights_ops_medallion_pipe to 2026-05-04 20:00:00+00:00, run_after=2026-05-04 20:30:00+00:00
[2026-05-04T20:09:32.545+0000] {processor.py:183} INFO - Processing /opt/airflow/dags/flight-pipeline.py took 1.108 seconds
[2026-05-04T20:10:02.700+0000] {processor.py:161} INFO - Started process (PID=18922) to work on /opt/airflow/dags/flight-pipeline.py
[2026-05-04T20:10:02.703+0000] {processor.py:830} INFO - Processing file /opt/airflow/dags/flight-pipeline.py for tasks to queue
[2026-05-04T20:10:02.704+0000] {logging_mixin.py:188} INFO - [2026-05-04T20:10:02.704+0000] {dagbag.py:545} INFO - Filling up the DagBag from /opt/airflow/dags/flight-pipeline.py
[2026-05-04T20:10:03.592+0000] {processor.py:840} INFO - DAG(s) 'flights_ops_medallion_pipe' retrieved from /opt/airflow/dags/flight-pipeline.py
[2026-05-04T20:10:03.624+0000] {logging_mixin.py:188} INFO - [2026-05-04T20:10:03.623+0000] {dag.py:3089} INFO - Sync 1 DAGs
[2026-05-04T20:10:03.648+0000] {logging_mixin.py:188} INFO - [2026-05-04T20:10:03.648+0000] {dag.py:3947} INFO - Setting next_dagrun for flights_ops_medallion_pipe to 2026-05-04 20:00:00+00:00, run_after=2026-05-04 20:30:00+00:00
[2026-05-04T20:10:03.667+0000] {processor.py:183} INFO - Processing /opt/airflow/dags/flight-pipeline.py took 0.976 seconds
[2026-05-04T22:10:25.554+0000] {processor.py:161} INFO - Started process (PID=18926) to work on /opt/airflow/dags/flight-pipeline.py
[2026-05-04T22:10:25.557+0000] {processor.py:830} INFO - Processing file /opt/airflow/dags/flight-pipeline.py for tasks to queue
[2026-05-04T22:10:25.577+0000] {logging_mixin.py:188} INFO - [2026-05-04T22:10:25.576+0000] {dagbag.py:545} INFO - Filling up the DagBag from /opt/airflow/dags/flight-pipeline.py
[2026-05-04T22:10:29.554+0000] {processor.py:840} INFO - DAG(s) 'flights_ops_medallion_pipe' retrieved from /opt/airflow/dags/flight-pipeline.py
[2026-05-04T22:10:29.683+0000] {logging_mixin.py:188} INFO - [2026-05-04T22:10:29.680+0000] {dag.py:3089} INFO - Sync 1 DAGs
[2026-05-04T22:10:29.738+0000] {logging_mixin.py:188} INFO - [2026-05-04T22:10:29.738+0000] {dag.py:3947} INFO - Setting next_dagrun for flights_ops_medallion_pipe to 2026-05-04 21:30:00+00:00, run_after=2026-05-04 22:00:00+00:00
[2026-05-04T22:10:29.781+0000] {processor.py:183} INFO - Processing /opt/airflow/dags/flight-pipeline.py took 4.245 seconds
[2026-05-04T22:11:02.362+0000] {processor.py:161} INFO - Started process (PID=18937) to work on /opt/airflow/dags/flight-pipeline.py
[2026-05-04T22:11:02.506+0000] {processor.py:830} INFO - Processing file /opt/airflow/dags/flight-pipeline.py for tasks to queue
[2026-05-04T22:11:02.608+0000] {logging_mixin.py:188} INFO - [2026-05-04T22:11:02.572+0000] {dagbag.py:545} INFO - Filling up the DagBag from /opt/airflow/dags/flight-pipeline.py
[2026-05-04T23:11:27.200+0000] {logging_mixin.py:188} INFO - [2026-05-04T23:11:26.930+0000] {timeout.py:68} ERROR - Process timed out, PID: 18937
[2026-05-04T23:25:23.519+0000] {processor.py:161} INFO - Started process (PID=18953) to work on /opt/airflow/dags/flight-pipeline.py
[2026-05-04T23:25:23.530+0000] {processor.py:830} INFO - Processing file /opt/airflow/dags/flight-pipeline.py for tasks to queue
[2026-05-04T23:25:23.540+0000] {logging_mixin.py:188} INFO - [2026-05-04T23:25:23.535+0000] {dagbag.py:545} INFO - Filling up the DagBag from /opt/airflow/dags/flight-pipeline.py
[2026-05-04T23:25:28.728+0000] {processor.py:840} INFO - DAG(s) 'flights_ops_medallion_pipe' retrieved from /opt/airflow/dags/flight-pipeline.py
[2026-05-04T23:25:29.231+0000] {logging_mixin.py:188} INFO - [2026-05-04T23:25:29.230+0000] {dag.py:3089} INFO - Sync 1 DAGs
[2026-05-04T23:25:29.274+0000] {logging_mixin.py:188} INFO - [2026-05-04T23:25:29.274+0000] {dag.py:3947} INFO - Setting next_dagrun for flights_ops_medallion_pipe to 2026-05-04 22:30:00+00:00, run_after=2026-05-04 23:00:00+00:00
[2026-05-04T23:25:29.376+0000] {processor.py:183} INFO - Processing /opt/airflow/dags/flight-pipeline.py took 5.918 seconds
[2026-05-04T23:26:00.541+0000] {processor.py:161} INFO - Started process (PID=18998) to work on /opt/airflow/dags/flight-pipeline.py
[2026-05-04T23:26:00.545+0000] {processor.py:830} INFO - Processing file /opt/airflow/dags/flight-pipeline.py for tasks to queue
[2026-05-04T23:26:00.549+0000] {logging_mixin.py:188} INFO - [2026-05-04T23:26:00.548+0000] {dagbag.py:545} INFO - Filling up the DagBag from /opt/airflow/dags/flight-pipeline.py
[2026-05-04T23:26:02.583+0000] {processor.py:840} INFO - DAG(s) 'flights_ops_medallion_pipe' retrieved from /opt/airflow/dags/flight-pipeline.py
[2026-05-04T23:26:02.636+0000] {logging_mixin.py:188} INFO - [2026-05-04T23:26:02.635+0000] {dag.py:3089} INFO - Sync 1 DAGs
[2026-05-04T23:26:02.667+0000] {logging_mixin.py:188} INFO - [2026-05-04T23:26:02.666+0000] {dag.py:3947} INFO - Setting next_dagrun for flights_ops_medallion_pipe to 2026-05-04 23:00:00+00:00, run_after=2026-05-04 23:30:00+00:00
[2026-05-04T23:26:02.693+0000] {processor.py:183} INFO - Processing /opt/airflow/dags/flight-pipeline.py took 2.170 seconds
[2026-05-04T23:26:32.991+0000] {processor.py:161} INFO - Started process (PID=19036) to work on /opt/airflow/dags/flight-pipeline.py
[2026-05-04T23:26:33.000+0000] {processor.py:830} INFO - Processing file /opt/airflow/dags/flight-pipeline.py for tasks to queue
[2026-05-04T23:26:33.003+0000] {logging_mixin.py:188} INFO - [2026-05-04T23:26:33.002+0000] {dagbag.py:545} INFO - Filling up the DagBag from /opt/airflow/dags/flight-pipeline.py
[2026-05-04T23:26:34.437+0000] {processor.py:840} INFO - DAG(s) 'flights_ops_medallion_pipe' retrieved from /opt/airflow/dags/flight-pipeline.py
[2026-05-04T23:26:34.497+0000] {logging_mixin.py:188} INFO - [2026-05-04T23:26:34.497+0000] {dag.py:3089} INFO - Sync 1 DAGs
[2026-05-04T23:26:34.545+0000] {logging_mixin.py:188} INFO - [2026-05-04T23:26:34.544+0000] {dag.py:3947} INFO - Setting next_dagrun for flights_ops_medallion_pipe to 2026-05-04 23:00:00+00:00, run_after=2026-05-04 23:30:00+00:00
[2026-05-04T23:26:34.593+0000] {processor.py:183} INFO - Processing /opt/airflow/dags/flight-pipeline.py took 1.636 seconds
[2026-05-04T23:27:04.997+0000] {processor.py:161} INFO - Started process (PID=19039) to work on /opt/airflow/dags/flight-pipeline.py
[2026-05-04T23:27:05.002+0000] {processor.py:830} INFO - Processing file /opt/airflow/dags/flight-pipeline.py for tasks to queue
[2026-05-04T23:27:05.006+0000] {logging_mixin.py:188} INFO - [2026-05-04T23:27:05.005+0000] {dagbag.py:545} INFO - Filling up the DagBag from /opt/airflow/dags/flight-pipeline.py
[2026-05-04T23:27:06.221+0000] {processor.py:840} INFO - DAG(s) 'flights_ops_medallion_pipe' retrieved from /opt/airflow/dags/flight-pipeline.py
[2026-05-04T23:27:06.266+0000] {logging_mixin.py:188} INFO - [2026-05-04T23:27:06.265+0000] {dag.py:3089} INFO - Sync 1 DAGs
[2026-05-04T23:27:06.291+0000] {logging_mixin.py:188} INFO - [2026-05-04T23:27:06.291+0000] {dag.py:3947} INFO - Setting next_dagrun for flights_ops_medallion_pipe to 2026-05-04 23:00:00+00:00, run_after=2026-05-04 23:30:00+00:00
[2026-05-04T23:27:06.311+0000] {processor.py:183} INFO - Processing /opt/airflow/dags/flight-pipeline.py took 1.328 seconds
[2026-05-04T23:27:36.570+0000] {processor.py:161} INFO - Started process (PID=19042) to work on /opt/airflow/dags/flight-pipeline.py
[2026-05-04T23:27:36.574+0000] {processor.py:830} INFO - Processing file /opt/airflow/dags/flight-pipeline.py for tasks to queue
[2026-05-04T23:27:36.575+0000] {logging_mixin.py:188} INFO - [2026-05-04T23:27:36.575+0000] {dagbag.py:545} INFO - Filling up the DagBag from /opt/airflow/dags/flight-pipeline.py
[2026-05-04T23:27:37.481+0000] {processor.py:840} INFO - DAG(s) 'flights_ops_medallion_pipe' retrieved from /opt/airflow/dags/flight-pipeline.py
[2026-05-04T23:27:37.514+0000] {logging_mixin.py:188} INFO - [2026-05-04T23:27:37.514+0000] {dag.py:3089} INFO - Sync 1 DAGs
[2026-05-04T23:27:37.540+0000] {logging_mixin.py:188} INFO - [2026-05-04T23:27:37.540+0000] {dag.py:3947} INFO - Setting next_dagrun for flights_ops_medallion_pipe to 2026-05-04 23:00:00+00:00, run_after=2026-05-04 23:30:00+00:00
[2026-05-04T23:27:37.563+0000] {processor.py:183} INFO - Processing /opt/airflow/dags/flight-pipeline.py took 1.001 seconds
[2026-05-04T23:28:07.826+0000] {processor.py:161} INFO - Started process (PID=19045) to work on /opt/airflow/dags/flight-pipeline.py
[2026-05-04T23:28:07.829+0000] {processor.py:830} INFO - Processing file /opt/airflow/dags/flight-pipeline.py for tasks to queue
[2026-05-04T23:28:07.831+0000] {logging_mixin.py:188} INFO - [2026-05-04T23:28:07.830+0000] {dagbag.py:545} INFO - Filling up the DagBag from /opt/airflow/dags/flight-pipeline.py
[2026-05-04T23:28:08.778+0000] {processor.py:840} INFO - DAG(s) 'flights_ops_medallion_pipe' retrieved from /opt/airflow/dags/flight-pipeline.py
[2026-05-04T23:28:08.810+0000] {logging_mixin.py:188} INFO - [2026-05-04T23:28:08.809+0000] {dag.py:3089} INFO - Sync 1 DAGs
[2026-05-04T23:28:08.831+0000] {logging_mixin.py:188} INFO - [2026-05-04T23:28:08.830+0000] {dag.py:3947} INFO - Setting next_dagrun for flights_ops_medallion_pipe to 2026-05-04 23:00:00+00:00, run_after=2026-05-04 23:30:00+00:00
[2026-05-04T23:28:08.850+0000] {processor.py:183} INFO - Processing /opt/airflow/dags/flight-pipeline.py took 1.035 seconds
[2026-05-04T23:28:39.267+0000] {processor.py:161} INFO - Started process (PID=19048) to work on /opt/airflow/dags/flight-pipeline.py
[2026-05-04T23:28:39.271+0000] {processor.py:830} INFO - Processing file /opt/airflow/dags/flight-pipeline.py for tasks to queue
[2026-05-04T23:28:39.272+0000] {logging_mixin.py:188} INFO - [2026-05-04T23:28:39.272+0000] {dagbag.py:545} INFO - Filling up the DagBag from /opt/airflow/dags/flight-pipeline.py
[2026-05-04T23:28:40.237+0000] {processor.py:840} INFO - DAG(s) 'flights_ops_medallion_pipe' retrieved from /opt/airflow/dags/flight-pipeline.py
[2026-05-04T23:28:40.270+0000] {logging_mixin.py:188} INFO - [2026-05-04T23:28:40.269+0000] {dag.py:3089} INFO - Sync 1 DAGs
[2026-05-04T23:28:40.293+0000] {logging_mixin.py:188} INFO - [2026-05-04T23:28:40.293+0000] {dag.py:3947} INFO - Setting next_dagrun for flights_ops_medallion_pipe to 2026-05-04 23:00:00+00:00, run_after=2026-05-04 23:30:00+00:00
[2026-05-04T23:28:40.313+0000] {processor.py:183} INFO - Processing /opt/airflow/dags/flight-pipeline.py took 1.062 seconds
[2026-05-04T23:29:10.511+0000] {processor.py:161} INFO - Started process (PID=19051) to work on /opt/airflow/dags/flight-pipeline.py
[2026-05-04T23:29:10.514+0000] {processor.py:830} INFO - Processing file /opt/airflow/dags/flight-pipeline.py for tasks to queue
[2026-05-04T23:29:10.515+0000] {logging_mixin.py:188} INFO - [2026-05-04T23:29:10.515+0000] {dagbag.py:545} INFO - Filling up the DagBag from /opt/airflow/dags/flight-pipeline.py
[2026-05-04T23:29:11.739+0000] {processor.py:840} INFO - DAG(s) 'flights_ops_medallion_pipe' retrieved from /opt/airflow/dags/flight-pipeline.py
[2026-05-04T23:29:11.795+0000] {logging_mixin.py:188} INFO - [2026-05-04T23:29:11.794+0000] {dag.py:3089} INFO - Sync 1 DAGs
[2026-05-04T23:29:11.828+0000] {logging_mixin.py:188} INFO - [2026-05-04T23:29:11.828+0000] {dag.py:3947} INFO - Setting next_dagrun for flights_ops_medallion_pipe to 2026-05-04 23:00:00+00:00, run_after=2026-05-04 23:30:00+00:00
[2026-05-04T23:29:11.851+0000] {processor.py:183} INFO - Processing /opt/airflow/dags/flight-pipeline.py took 1.350 seconds
[2026-05-04T23:29:42.247+0000] {processor.py:161} INFO - Started process (PID=19054) to work on /opt/airflow/dags/flight-pipeline.py
[2026-05-04T23:29:42.254+0000] {processor.py:830} INFO - Processing file /opt/airflow/dags/flight-pipeline.py for tasks to queue
[2026-05-04T23:29:42.257+0000] {logging_mixin.py:188} INFO - [2026-05-04T23:29:42.256+0000] {dagbag.py:545} INFO - Filling up the DagBag from /opt/airflow/dags/flight-pipeline.py
[2026-05-04T23:29:43.179+0000] {processor.py:840} INFO - DAG(s) 'flights_ops_medallion_pipe' retrieved from /opt/airflow/dags/flight-pipeline.py
[2026-05-04T23:29:43.217+0000] {logging_mixin.py:188} INFO - [2026-05-04T23:29:43.216+0000] {dag.py:3089} INFO - Sync 1 DAGs
[2026-05-04T23:29:43.244+0000] {logging_mixin.py:188} INFO - [2026-05-04T23:29:43.244+0000] {dag.py:3947} INFO - Setting next_dagrun for flights_ops_medallion_pipe to 2026-05-04 23:00:00+00:00, run_after=2026-05-04 23:30:00+00:00
[2026-05-04T23:29:43.263+0000] {processor.py:183} INFO - Processing /opt/airflow/dags/flight-pipeline.py took 1.051 seconds
[2026-05-04T23:30:13.419+0000] {processor.py:161} INFO - Started process (PID=19079) to work on /opt/airflow/dags/flight-pipeline.py
[2026-05-04T23:30:13.429+0000] {processor.py:830} INFO - Processing file /opt/airflow/dags/flight-pipeline.py for tasks to queue
[2026-05-04T23:30:13.430+0000] {logging_mixin.py:188} INFO - [2026-05-04T23:30:13.430+0000] {dagbag.py:545} INFO - Filling up the DagBag from /opt/airflow/dags/flight-pipeline.py
[2026-05-04T23:30:14.438+0000] {processor.py:840} INFO - DAG(s) 'flights_ops_medallion_pipe' retrieved from /opt/airflow/dags/flight-pipeline.py
[2026-05-04T23:30:14.468+0000] {logging_mixin.py:188} INFO - [2026-05-04T23:30:14.468+0000] {dag.py:3089} INFO - Sync 1 DAGs
[2026-05-04T23:30:14.494+0000] {logging_mixin.py:188} INFO - [2026-05-04T23:30:14.493+0000] {dag.py:3947} INFO - Setting next_dagrun for flights_ops_medallion_pipe to 2026-05-04 23:30:00+00:00, run_after=2026-05-05 00:00:00+00:00
[2026-05-04T23:30:14.512+0000] {processor.py:183} INFO - Processing /opt/airflow/dags/flight-pipeline.py took 1.101 seconds
[2026-05-04T23:30:44.767+0000] {processor.py:161} INFO - Started process (PID=19104) to work on /opt/airflow/dags/flight-pipeline.py
[2026-05-04T23:30:44.772+0000] {processor.py:830} INFO - Processing file /opt/airflow/dags/flight-pipeline.py for tasks to queue
[2026-05-04T23:30:44.775+0000] {logging_mixin.py:188} INFO - [2026-05-04T23:30:44.774+0000] {dagbag.py:545} INFO - Filling up the DagBag from /opt/airflow/dags/flight-pipeline.py
[2026-05-04T23:30:45.797+0000] {processor.py:840} INFO - DAG(s) 'flights_ops_medallion_pipe' retrieved from /opt/airflow/dags/flight-pipeline.py
[2026-05-04T23:30:45.831+0000] {logging_mixin.py:188} INFO - [2026-05-04T23:30:45.830+0000] {dag.py:3089} INFO - Sync 1 DAGs
[2026-05-04T23:30:45.853+0000] {logging_mixin.py:188} INFO - [2026-05-04T23:30:45.853+0000] {dag.py:3947} INFO - Setting next_dagrun for flights_ops_medallion_pipe to 2026-05-04 23:30:00+00:00, run_after=2026-05-05 00:00:00+00:00
[2026-05-04T23:30:45.873+0000] {processor.py:183} INFO - Processing /opt/airflow/dags/flight-pipeline.py took 1.122 seconds
[2026-05-04T23:31:16.013+0000] {processor.py:161} INFO - Started process (PID=19107) to work on /opt/airflow/dags/flight-pipeline.py
[2026-05-04T23:31:16.016+0000] {processor.py:830} INFO - Processing file /opt/airflow/dags/flight-pipeline.py for tasks to queue
[2026-05-04T23:31:16.018+0000] {logging_mixin.py:188} INFO - [2026-05-04T23:31:16.017+0000] {dagbag.py:545} INFO - Filling up the DagBag from /opt/airflow/dags/flight-pipeline.py
[2026-05-04T23:31:17.114+0000] {processor.py:840} INFO - DAG(s) 'flights_ops_medallion_pipe' retrieved from /opt/airflow/dags/flight-pipeline.py
[2026-05-04T23:31:17.177+0000] {logging_mixin.py:188} INFO - [2026-05-04T23:31:17.177+0000] {dag.py:3089} INFO - Sync 1 DAGs
[2026-05-04T23:31:17.219+0000] {logging_mixin.py:188} INFO - [2026-05-04T23:31:17.218+0000] {dag.py:3947} INFO - Setting next_dagrun for flights_ops_medallion_pipe to 2026-05-04 23:30:00+00:00, run_after=2026-05-05 00:00:00+00:00
[2026-05-04T23:31:17.255+0000] {processor.py:183} INFO - Processing /opt/airflow/dags/flight-pipeline.py took 1.251 seconds
[2026-05-04T23:31:47.317+0000] {processor.py:161} INFO - Started process (PID=19110) to work on /opt/airflow/dags/flight-pipeline.py
[2026-05-04T23:31:47.320+0000] {processor.py:830} INFO - Processing file /opt/airflow/dags/flight-pipeline.py for tasks to queue
[2026-05-04T23:31:47.321+0000] {logging_mixin.py:188} INFO - [2026-05-04T23:31:47.321+0000] {dagbag.py:545} INFO - Filling up the DagBag from /opt/airflow/dags/flight-pipeline.py
[2026-05-04T23:31:48.129+0000] {processor.py:840} INFO - DAG(s) 'flights_ops_medallion_pipe' retrieved from /opt/airflow/dags/flight-pipeline.py
[2026-05-04T23:31:48.160+0000] {logging_mixin.py:188} INFO - [2026-05-04T23:31:48.159+0000] {dag.py:3089} INFO - Sync 1 DAGs
[2026-05-04T23:31:48.179+0000] {logging_mixin.py:188} INFO - [2026-05-04T23:31:48.179+0000] {dag.py:3947} INFO - Setting next_dagrun for flights_ops_medallion_pipe to 2026-05-04 23:30:00+00:00, run_after=2026-05-05 00:00:00+00:00
[2026-05-04T23:31:48.196+0000] {processor.py:183} INFO - Processing /opt/airflow/dags/flight-pipeline.py took 0.886 seconds
[2026-05-04T23:32:18.469+0000] {processor.py:161} INFO - Started process (PID=19113) to work on /opt/airflow/dags/flight-pipeline.py
[2026-05-04T23:32:18.473+0000] {processor.py:830} INFO - Processing file /opt/airflow/dags/flight-pipeline.py for tasks to queue
[2026-05-04T23:32:18.475+0000] {logging_mixin.py:188} INFO - [2026-05-04T23:32:18.474+0000] {dagbag.py:545} INFO - Filling up the DagBag from /opt/airflow/dags/flight-pipeline.py
[2026-05-04T23:32:19.378+0000] {processor.py:840} INFO - DAG(s) 'flights_ops_medallion_pipe' retrieved from /opt/airflow/dags/flight-pipeline.py
[2026-05-04T23:32:19.412+0000] {logging_mixin.py:188} INFO - [2026-05-04T23:32:19.411+0000] {dag.py:3089} INFO - Sync 1 DAGs
[2026-05-04T23:32:19.435+0000] {logging_mixin.py:188} INFO - [2026-05-04T23:32:19.435+0000] {dag.py:3947} INFO - Setting next_dagrun for flights_ops_medallion_pipe to 2026-05-04 23:30:00+00:00, run_after=2026-05-05 00:00:00+00:00
[2026-05-04T23:32:19.454+0000] {processor.py:183} INFO - Processing /opt/airflow/dags/flight-pipeline.py took 0.994 seconds
[2026-05-04T23:32:49.821+0000] {processor.py:161} INFO - Started process (PID=19116) to work on /opt/airflow/dags/flight-pipeline.py
[2026-05-04T23:32:49.827+0000] {processor.py:830} INFO - Processing file /opt/airflow/dags/flight-pipeline.py for tasks to queue
[2026-05-04T23:32:49.829+0000] {logging_mixin.py:188} INFO - [2026-05-04T23:32:49.828+0000] {dagbag.py:545} INFO - Filling up the DagBag from /opt/airflow/dags/flight-pipeline.py
[2026-05-04T23:32:51.279+0000] {processor.py:840} INFO - DAG(s) 'flights_ops_medallion_pipe' retrieved from /opt/airflow/dags/flight-pipeline.py
[2026-05-04T23:32:51.317+0000] {logging_mixin.py:188} INFO - [2026-05-04T23:32:51.317+0000] {dag.py:3089} INFO - Sync 1 DAGs
[2026-05-04T23:32:51.341+0000] {logging_mixin.py:188} INFO - [2026-05-04T23:32:51.341+0000] {dag.py:3947} INFO - Setting next_dagrun for flights_ops_medallion_pipe to 2026-05-04 23:30:00+00:00, run_after=2026-05-05 00:00:00+00:00
[2026-05-04T23:32:51.384+0000] {processor.py:183} INFO - Processing /opt/airflow/dags/flight-pipeline.py took 1.585 seconds
[2026-05-04T23:33:21.665+0000] {processor.py:161} INFO - Started process (PID=19119) to work on /opt/airflow/dags/flight-pipeline.py
[2026-05-04T23:33:21.668+0000] {processor.py:830} INFO - Processing file /opt/airflow/dags/flight-pipeline.py for tasks to queue
[2026-05-04T23:33:21.669+0000] {logging_mixin.py:188} INFO - [2026-05-04T23:33:21.669+0000] {dagbag.py:545} INFO - Filling up the DagBag from /opt/airflow/dags/flight-pipeline.py
[2026-05-04T23:33:22.559+0000] {processor.py:840} INFO - DAG(s) 'flights_ops_medallion_pipe' retrieved from /opt/airflow/dags/flight-pipeline.py
[2026-05-04T23:33:22.591+0000] {logging_mixin.py:188} INFO - [2026-05-04T23:33:22.590+0000] {dag.py:3089} INFO - Sync 1 DAGs
[2026-05-04T23:33:22.615+0000] {logging_mixin.py:188} INFO - [2026-05-04T23:33:22.615+0000] {dag.py:3947} INFO - Setting next_dagrun for flights_ops_medallion_pipe to 2026-05-04 23:30:00+00:00, run_after=2026-05-05 00:00:00+00:00
[2026-05-04T23:33:22.632+0000] {processor.py:183} INFO - Processing /opt/airflow/dags/flight-pipeline.py took 0.982 seconds
[2026-05-04T23:33:52.948+0000] {processor.py:161} INFO - Started process (PID=19122) to work on /opt/airflow/dags/flight-pipeline.py
[2026-05-04T23:33:52.953+0000] {processor.py:830} INFO - Processing file /opt/airflow/dags/flight-pipeline.py for tasks to queue
[2026-05-04T23:33:52.956+0000] {logging_mixin.py:188} INFO - [2026-05-04T23:33:52.955+0000] {dagbag.py:545} INFO - Filling up the DagBag from /opt/airflow/dags/flight-pipeline.py
[2026-05-04T23:33:53.965+0000] {processor.py:840} INFO - DAG(s) 'flights_ops_medallion_pipe' retrieved from /opt/airflow/dags/flight-pipeline.py
[2026-05-04T23:33:54.001+0000] {logging_mixin.py:188} INFO - [2026-05-04T23:33:54.001+0000] {dag.py:3089} INFO - Sync 1 DAGs
[2026-05-04T23:33:54.023+0000] {logging_mixin.py:188} INFO - [2026-05-04T23:33:54.023+0000] {dag.py:3947} INFO - Setting next_dagrun for flights_ops_medallion_pipe to 2026-05-04 23:30:00+00:00, run_after=2026-05-05 00:00:00+00:00
[2026-05-04T23:33:54.042+0000] {processor.py:183} INFO - Processing /opt/airflow/dags/flight-pipeline.py took 1.115 seconds
[2026-05-04T23:34:24.197+0000] {processor.py:161} INFO - Started process (PID=19125) to work on /opt/airflow/dags/flight-pipeline.py
[2026-05-04T23:34:24.211+0000] {processor.py:830} INFO - Processing file /opt/airflow/dags/flight-pipeline.py for tasks to queue
[2026-05-04T23:34:24.213+0000] {logging_mixin.py:188} INFO - [2026-05-04T23:34:24.212+0000] {dagbag.py:545} INFO - Filling up the DagBag from /opt/airflow/dags/flight-pipeline.py
[2026-05-04T23:34:25.519+0000] {processor.py:840} INFO - DAG(s) 'flights_ops_medallion_pipe' retrieved from /opt/airflow/dags/flight-pipeline.py
[2026-05-04T23:34:25.591+0000] {logging_mixin.py:188} INFO - [2026-05-04T23:34:25.590+0000] {dag.py:3089} INFO - Sync 1 DAGs
[2026-05-04T23:34:25.638+0000] {logging_mixin.py:188} INFO - [2026-05-04T23:34:25.638+0000] {dag.py:3947} INFO - Setting next_dagrun for flights_ops_medallion_pipe to 2026-05-04 23:30:00+00:00, run_after=2026-05-05 00:00:00+00:00
[2026-05-04T23:34:25.665+0000] {processor.py:183} INFO - Processing /opt/airflow/dags/flight-pipeline.py took 1.476 seconds
[2026-05-04T23:34:55.916+0000] {processor.py:161} INFO - Started process (PID=19128) to work on /opt/airflow/dags/flight-pipeline.py
[2026-05-04T23:34:55.919+0000] {processor.py:830} INFO - Processing file /opt/airflow/dags/flight-pipeline.py for tasks to queue
[2026-05-04T23:34:55.921+0000] {logging_mixin.py:188} INFO - [2026-05-04T23:34:55.920+0000] {dagbag.py:545} INFO - Filling up the DagBag from /opt/airflow/dags/flight-pipeline.py
[2026-05-04T23:34:56.948+0000] {processor.py:840} INFO - DAG(s) 'flights_ops_medallion_pipe' retrieved from /opt/airflow/dags/flight-pipeline.py
[2026-05-04T23:34:57.022+0000] {logging_mixin.py:188} INFO - [2026-05-04T23:34:57.020+0000] {dag.py:3089} INFO - Sync 1 DAGs
[2026-05-04T23:34:57.067+0000] {logging_mixin.py:188} INFO - [2026-05-04T23:34:57.066+0000] {dag.py:3947} INFO - Setting next_dagrun for flights_ops_medallion_pipe to 2026-05-04 23:30:00+00:00, run_after=2026-05-05 00:00:00+00:00
[2026-05-04T23:34:57.101+0000] {processor.py:183} INFO - Processing /opt/airflow/dags/flight-pipeline.py took 1.195 seconds
[2026-05-04T23:35:27.280+0000] {processor.py:161} INFO - Started process (PID=19131) to work on /opt/airflow/dags/flight-pipeline.py
[2026-05-04T23:35:27.285+0000] {processor.py:830} INFO - Processing file /opt/airflow/dags/flight-pipeline.py for tasks to queue
[2026-05-04T23:35:27.288+0000] {logging_mixin.py:188} INFO - [2026-05-04T23:35:27.287+0000] {dagbag.py:545} INFO - Filling up the DagBag from /opt/airflow/dags/flight-pipeline.py
[2026-05-04T23:35:28.619+0000] {processor.py:840} INFO - DAG(s) 'flights_ops_medallion_pipe' retrieved from /opt/airflow/dags/flight-pipeline.py
[2026-05-04T23:35:28.657+0000] {logging_mixin.py:188} INFO - [2026-05-04T23:35:28.657+0000] {dag.py:3089} INFO - Sync 1 DAGs
[2026-05-04T23:35:28.679+0000] {logging_mixin.py:188} INFO - [2026-05-04T23:35:28.679+0000] {dag.py:3947} INFO - Setting next_dagrun for flights_ops_medallion_pipe to 2026-05-04 23:30:00+00:00, run_after=2026-05-05 00:00:00+00:00
[2026-05-04T23:35:28.702+0000] {processor.py:183} INFO - Processing /opt/airflow/dags/flight-pipeline.py took 1.443 seconds
[2026-05-04T23:35:59.010+0000] {processor.py:161} INFO - Started process (PID=19134) to work on /opt/airflow/dags/flight-pipeline.py
[2026-05-04T23:35:59.012+0000] {processor.py:830} INFO - Processing file /opt/airflow/dags/flight-pipeline.py for tasks to queue
[2026-05-04T23:35:59.013+0000] {logging_mixin.py:188} INFO - [2026-05-04T23:35:59.013+0000] {dagbag.py:545} INFO - Filling up the DagBag from /opt/airflow/dags/flight-pipeline.py
[2026-05-04T23:35:59.879+0000] {processor.py:840} INFO - DAG(s) 'flights_ops_medallion_pipe' retrieved from /opt/airflow/dags/flight-pipeline.py
[2026-05-04T23:35:59.912+0000] {logging_mixin.py:188} INFO - [2026-05-04T23:35:59.911+0000] {dag.py:3089} INFO - Sync 1 DAGs
[2026-05-04T23:35:59.933+0000] {logging_mixin.py:188} INFO - [2026-05-04T23:35:59.932+0000] {dag.py:3947} INFO - Setting next_dagrun for flights_ops_medallion_pipe to 2026-05-04 23:30:00+00:00, run_after=2026-05-05 00:00:00+00:00
[2026-05-04T23:35:59.950+0000] {processor.py:183} INFO - Processing /opt/airflow/dags/flight-pipeline.py took 0.949 seconds
[2026-05-04T23:36:30.204+0000] {processor.py:161} INFO - Started process (PID=19137) to work on /opt/airflow/dags/flight-pipeline.py
[2026-05-04T23:36:30.208+0000] {processor.py:830} INFO - Processing file /opt/airflow/dags/flight-pipeline.py for tasks to queue
[2026-05-04T23:36:30.209+0000] {logging_mixin.py:188} INFO - [2026-05-04T23:36:30.209+0000] {dagbag.py:545} INFO - Filling up the DagBag from /opt/airflow/dags/flight-pipeline.py
[2026-05-04T23:36:31.142+0000] {processor.py:840} INFO - DAG(s) 'flights_ops_medallion_pipe' retrieved from /opt/airflow/dags/flight-pipeline.py
[2026-05-04T23:36:31.174+0000] {logging_mixin.py:188} INFO - [2026-05-04T23:36:31.174+0000] {dag.py:3089} INFO - Sync 1 DAGs
[2026-05-04T23:36:31.196+0000] {logging_mixin.py:188} INFO - [2026-05-04T23:36:31.195+0000] {dag.py:3947} INFO - Setting next_dagrun for flights_ops_medallion_pipe to 2026-05-04 23:30:00+00:00, run_after=2026-05-05 00:00:00+00:00
[2026-05-04T23:36:31.214+0000] {processor.py:183} INFO - Processing /opt/airflow/dags/flight-pipeline.py took 1.019 seconds
[2026-05-04T23:37:01.442+0000] {processor.py:161} INFO - Started process (PID=19140) to work on /opt/airflow/dags/flight-pipeline.py
[2026-05-04T23:37:01.445+0000] {processor.py:830} INFO - Processing file /opt/airflow/dags/flight-pipeline.py for tasks to queue
[2026-05-04T23:37:01.446+0000] {logging_mixin.py:188} INFO - [2026-05-04T23:37:01.446+0000] {dagbag.py:545} INFO - Filling up the DagBag from /opt/airflow/dags/flight-pipeline.py
[2026-05-04T23:37:02.393+0000] {processor.py:840} INFO - DAG(s) 'flights_ops_medallion_pipe' retrieved from /opt/airflow/dags/flight-pipeline.py
[2026-05-04T23:37:02.424+0000] {logging_mixin.py:188} INFO - [2026-05-04T23:37:02.424+0000] {dag.py:3089} INFO - Sync 1 DAGs
[2026-05-04T23:37:02.444+0000] {logging_mixin.py:188} INFO - [2026-05-04T23:37:02.444+0000] {dag.py:3947} INFO - Setting next_dagrun for flights_ops_medallion_pipe to 2026-05-04 23:30:00+00:00, run_after=2026-05-05 00:00:00+00:00
[2026-05-04T23:37:02.461+0000] {processor.py:183} INFO - Processing /opt/airflow/dags/flight-pipeline.py took 1.028 seconds
[2026-05-04T23:37:32.714+0000] {processor.py:161} INFO - Started process (PID=19143) to work on /opt/airflow/dags/flight-pipeline.py
[2026-05-04T23:37:32.717+0000] {processor.py:830} INFO - Processing file /opt/airflow/dags/flight-pipeline.py for tasks to queue
[2026-05-04T23:37:32.718+0000] {logging_mixin.py:188} INFO - [2026-05-04T23:37:32.718+0000] {dagbag.py:545} INFO - Filling up the DagBag from /opt/airflow/dags/flight-pipeline.py
[2026-05-04T23:37:33.563+0000] {processor.py:840} INFO - DAG(s) 'flights_ops_medallion_pipe' retrieved from /opt/airflow/dags/flight-pipeline.py
[2026-05-04T23:37:33.595+0000] {logging_mixin.py:188} INFO - [2026-05-04T23:37:33.594+0000] {dag.py:3089} INFO - Sync 1 DAGs
[2026-05-04T23:37:33.615+0000] {logging_mixin.py:188} INFO - [2026-05-04T23:37:33.615+0000] {dag.py:3947} INFO - Setting next_dagrun for flights_ops_medallion_pipe to 2026-05-04 23:30:00+00:00, run_after=2026-05-05 00:00:00+00:00
[2026-05-04T23:37:33.632+0000] {processor.py:183} INFO - Processing /opt/airflow/dags/flight-pipeline.py took 0.929 seconds
[2026-05-04T23:38:03.915+0000] {processor.py:161} INFO - Started process (PID=19146) to work on /opt/airflow/dags/flight-pipeline.py
[2026-05-04T23:38:03.918+0000] {processor.py:830} INFO - Processing file /opt/airflow/dags/flight-pipeline.py for tasks to queue
[2026-05-04T23:38:03.919+0000] {logging_mixin.py:188} INFO - [2026-05-04T23:38:03.919+0000] {dagbag.py:545} INFO - Filling up the DagBag from /opt/airflow/dags/flight-pipeline.py
[2026-05-04T23:38:04.705+0000] {processor.py:840} INFO - DAG(s) 'flights_ops_medallion_pipe' retrieved from /opt/airflow/dags/flight-pipeline.py
[2026-05-04T23:38:04.737+0000] {logging_mixin.py:188} INFO - [2026-05-04T23:38:04.736+0000] {dag.py:3089} INFO - Sync 1 DAGs
[2026-05-04T23:38:04.757+0000] {logging_mixin.py:188} INFO - [2026-05-04T23:38:04.757+0000] {dag.py:3947} INFO - Setting next_dagrun for flights_ops_medallion_pipe to 2026-05-04 23:30:00+00:00, run_after=2026-05-05 00:00:00+00:00
[2026-05-04T23:38:04.780+0000] {processor.py:183} INFO - Processing /opt/airflow/dags/flight-pipeline.py took 0.874 seconds
[2026-05-04T23:38:35.041+0000] {processor.py:161} INFO - Started process (PID=19149) to work on /opt/airflow/dags/flight-pipeline.py
[2026-05-04T23:38:35.044+0000] {processor.py:830} INFO - Processing file /opt/airflow/dags/flight-pipeline.py for tasks to queue
[2026-05-04T23:38:35.046+0000] {logging_mixin.py:188} INFO - [2026-05-04T23:38:35.045+0000] {dagbag.py:545} INFO - Filling up the DagBag from /opt/airflow/dags/flight-pipeline.py
[2026-05-04T23:38:35.849+0000] {processor.py:840} INFO - DAG(s) 'flights_ops_medallion_pipe' retrieved from /opt/airflow/dags/flight-pipeline.py
[2026-05-04T23:38:35.881+0000] {logging_mixin.py:188} INFO - [2026-05-04T23:38:35.881+0000] {dag.py:3089} INFO - Sync 1 DAGs
[2026-05-04T23:38:35.900+0000] {logging_mixin.py:188} INFO - [2026-05-04T23:38:35.899+0000] {dag.py:3947} INFO - Setting next_dagrun for flights_ops_medallion_pipe to 2026-05-04 23:30:00+00:00, run_after=2026-05-05 00:00:00+00:00
[2026-05-04T23:38:35.918+0000] {processor.py:183} INFO - Processing /opt/airflow/dags/flight-pipeline.py took 0.887 seconds
[2026-05-04T23:39:06.200+0000] {processor.py:161} INFO - Started process (PID=19152) to work on /opt/airflow/dags/flight-pipeline.py
[2026-05-04T23:39:06.203+0000] {processor.py:830} INFO - Processing file /opt/airflow/dags/flight-pipeline.py for tasks to queue
[2026-05-04T23:39:06.204+0000] {logging_mixin.py:188} INFO - [2026-05-04T23:39:06.204+0000] {dagbag.py:545} INFO - Filling up the DagBag from /opt/airflow/dags/flight-pipeline.py
[2026-05-04T23:39:07.949+0000] {processor.py:840} INFO - DAG(s) 'flights_ops_medallion_pipe' retrieved from /opt/airflow/dags/flight-pipeline.py
[2026-05-04T23:39:07.981+0000] {logging_mixin.py:188} INFO - [2026-05-04T23:39:07.980+0000] {dag.py:3089} INFO - Sync 1 DAGs
[2026-05-04T23:39:08.004+0000] {logging_mixin.py:188} INFO - [2026-05-04T23:39:08.004+0000] {dag.py:3947} INFO - Setting next_dagrun for flights_ops_medallion_pipe to 2026-05-04 23:30:00+00:00, run_after=2026-05-05 00:00:00+00:00
[2026-05-04T23:39:08.022+0000] {processor.py:183} INFO - Processing /opt/airflow/dags/flight-pipeline.py took 1.830 seconds
[2026-05-04T23:39:38.378+0000] {processor.py:161} INFO - Started process (PID=19155) to work on /opt/airflow/dags/flight-pipeline.py
[2026-05-04T23:39:38.381+0000] {processor.py:830} INFO - Processing file /opt/airflow/dags/flight-pipeline.py for tasks to queue
[2026-05-04T23:39:38.383+0000] {logging_mixin.py:188} INFO - [2026-05-04T23:39:38.382+0000] {dagbag.py:545} INFO - Filling up the DagBag from /opt/airflow/dags/flight-pipeline.py
[2026-05-04T23:39:39.221+0000] {processor.py:840} INFO - DAG(s) 'flights_ops_medallion_pipe' retrieved from /opt/airflow/dags/flight-pipeline.py
[2026-05-04T23:39:39.258+0000] {logging_mixin.py:188} INFO - [2026-05-04T23:39:39.257+0000] {dag.py:3089} INFO - Sync 1 DAGs
[2026-05-04T23:39:39.278+0000] {logging_mixin.py:188} INFO - [2026-05-04T23:39:39.278+0000] {dag.py:3947} INFO - Setting next_dagrun for flights_ops_medallion_pipe to 2026-05-04 23:30:00+00:00, run_after=2026-05-05 00:00:00+00:00
[2026-05-04T23:39:39.295+0000] {processor.py:183} INFO - Processing /opt/airflow/dags/flight-pipeline.py took 0.925 seconds
[2026-05-04T23:40:09.570+0000] {processor.py:161} INFO - Started process (PID=19158) to work on /opt/airflow/dags/flight-pipeline.py
[2026-05-04T23:40:09.574+0000] {processor.py:830} INFO - Processing file /opt/airflow/dags/flight-pipeline.py for tasks to queue
[2026-05-04T23:40:09.575+0000] {logging_mixin.py:188} INFO - [2026-05-04T23:40:09.575+0000] {dagbag.py:545} INFO - Filling up the DagBag from /opt/airflow/dags/flight-pipeline.py
[2026-05-04T23:40:10.465+0000] {processor.py:840} INFO - DAG(s) 'flights_ops_medallion_pipe' retrieved from /opt/airflow/dags/flight-pipeline.py
[2026-05-04T23:40:10.496+0000] {logging_mixin.py:188} INFO - [2026-05-04T23:40:10.495+0000] {dag.py:3089} INFO - Sync 1 DAGs
[2026-05-04T23:40:10.518+0000] {logging_mixin.py:188} INFO - [2026-05-04T23:40:10.518+0000] {dag.py:3947} INFO - Setting next_dagrun for flights_ops_medallion_pipe to 2026-05-04 23:30:00+00:00, run_after=2026-05-05 00:00:00+00:00
[2026-05-04T23:40:10.536+0000] {processor.py:183} INFO - Processing /opt/airflow/dags/flight-pipeline.py took 0.975 seconds
[2026-05-04T23:40:40.819+0000] {processor.py:161} INFO - Started process (PID=19161) to work on /opt/airflow/dags/flight-pipeline.py
[2026-05-04T23:40:40.822+0000] {processor.py:830} INFO - Processing file /opt/airflow/dags/flight-pipeline.py for tasks to queue
[2026-05-04T23:40:40.824+0000] {logging_mixin.py:188} INFO - [2026-05-04T23:40:40.823+0000] {dagbag.py:545} INFO - Filling up the DagBag from /opt/airflow/dags/flight-pipeline.py
[2026-05-04T23:40:41.666+0000] {processor.py:840} INFO - DAG(s) 'flights_ops_medallion_pipe' retrieved from /opt/airflow/dags/flight-pipeline.py
[2026-05-04T23:40:41.695+0000] {logging_mixin.py:188} INFO - [2026-05-04T23:40:41.695+0000] {dag.py:3089} INFO - Sync 1 DAGs
[2026-05-04T23:40:41.716+0000] {logging_mixin.py:188} INFO - [2026-05-04T23:40:41.716+0000] {dag.py:3947} INFO - Setting next_dagrun for flights_ops_medallion_pipe to 2026-05-04 23:30:00+00:00, run_after=2026-05-05 00:00:00+00:00
[2026-05-04T23:40:41.733+0000] {processor.py:183} INFO - Processing /opt/airflow/dags/flight-pipeline.py took 0.923 seconds
[2026-05-04T23:41:12.043+0000] {processor.py:161} INFO - Started process (PID=19164) to work on /opt/airflow/dags/flight-pipeline.py
[2026-05-04T23:41:12.046+0000] {processor.py:830} INFO - Processing file /opt/airflow/dags/flight-pipeline.py for tasks to queue
[2026-05-04T23:41:12.047+0000] {logging_mixin.py:188} INFO - [2026-05-04T23:41:12.047+0000] {dagbag.py:545} INFO - Filling up the DagBag from /opt/airflow/dags/flight-pipeline.py
[2026-05-04T23:41:13.158+0000] {processor.py:840} INFO - DAG(s) 'flights_ops_medallion_pipe' retrieved from /opt/airflow/dags/flight-pipeline.py
[2026-05-04T23:41:13.193+0000] {logging_mixin.py:188} INFO - [2026-05-04T23:41:13.193+0000] {dag.py:3089} INFO - Sync 1 DAGs
[2026-05-04T23:41:13.224+0000] {logging_mixin.py:188} INFO - [2026-05-04T23:41:13.224+0000] {dag.py:3947} INFO - Setting next_dagrun for flights_ops_medallion_pipe to 2026-05-04 23:30:00+00:00, run_after=2026-05-05 00:00:00+00:00
[2026-05-04T23:41:13.248+0000] {processor.py:183} INFO - Processing /opt/airflow/dags/flight-pipeline.py took 1.220 seconds
[2026-05-04T23:41:45.644+0000] {processor.py:161} INFO - Started process (PID=19167) to work on /opt/airflow/dags/flight-pipeline.py
[2026-05-04T23:41:45.738+0000] {processor.py:830} INFO - Processing file /opt/airflow/dags/flight-pipeline.py for tasks to queue
[2026-05-04T23:41:45.758+0000] {logging_mixin.py:188} INFO - [2026-05-04T23:41:45.751+0000] {dagbag.py:545} INFO - Filling up the DagBag from /opt/airflow/dags/flight-pipeline.py
[2026-05-04T23:41:49.073+0000] {processor.py:840} INFO - DAG(s) 'flights_ops_medallion_pipe' retrieved from /opt/airflow/dags/flight-pipeline.py
[2026-05-04T23:41:49.158+0000] {logging_mixin.py:188} INFO - [2026-05-04T23:41:49.158+0000] {dag.py:3089} INFO - Sync 1 DAGs
[2026-05-04T23:41:49.214+0000] {logging_mixin.py:188} INFO - [2026-05-04T23:41:49.214+0000] {dag.py:3947} INFO - Setting next_dagrun for flights_ops_medallion_pipe to 2026-05-04 23:30:00+00:00, run_after=2026-05-05 00:00:00+00:00
[2026-05-04T23:41:49.239+0000] {processor.py:183} INFO - Processing /opt/airflow/dags/flight-pipeline.py took 3.699 seconds
[2026-05-04T23:42:19.515+0000] {processor.py:161} INFO - Started process (PID=19170) to work on /opt/airflow/dags/flight-pipeline.py
[2026-05-04T23:42:19.520+0000] {processor.py:830} INFO - Processing file /opt/airflow/dags/flight-pipeline.py for tasks to queue
[2026-05-04T23:42:19.527+0000] {logging_mixin.py:188} INFO - [2026-05-04T23:42:19.526+0000] {dagbag.py:545} INFO - Filling up the DagBag from /opt/airflow/dags/flight-pipeline.py
[2026-05-04T23:42:20.781+0000] {processor.py:840} INFO - DAG(s) 'flights_ops_medallion_pipe' retrieved from /opt/airflow/dags/flight-pipeline.py
[2026-05-04T23:42:20.828+0000] {logging_mixin.py:188} INFO - [2026-05-04T23:42:20.828+0000] {dag.py:3089} INFO - Sync 1 DAGs
[2026-05-04T23:42:20.865+0000] {logging_mixin.py:188} INFO - [2026-05-04T23:42:20.865+0000] {dag.py:3947} INFO - Setting next_dagrun for flights_ops_medallion_pipe to 2026-05-04 23:30:00+00:00, run_after=2026-05-05 00:00:00+00:00
[2026-05-04T23:42:20.887+0000] {processor.py:183} INFO - Processing /opt/airflow/dags/flight-pipeline.py took 1.377 seconds
[2026-05-04T23:42:51.171+0000] {processor.py:161} INFO - Started process (PID=19173) to work on /opt/airflow/dags/flight-pipeline.py
[2026-05-04T23:42:51.180+0000] {processor.py:830} INFO - Processing file /opt/airflow/dags/flight-pipeline.py for tasks to queue
[2026-05-04T23:42:51.182+0000] {logging_mixin.py:188} INFO - [2026-05-04T23:42:51.182+0000] {dagbag.py:545} INFO - Filling up the DagBag from /opt/airflow/dags/flight-pipeline.py
[2026-05-04T23:42:52.039+0000] {processor.py:840} INFO - DAG(s) 'flights_ops_medallion_pipe' retrieved from /opt/airflow/dags/flight-pipeline.py
[2026-05-04T23:42:52.074+0000] {logging_mixin.py:188} INFO - [2026-05-04T23:42:52.074+0000] {dag.py:3089} INFO - Sync 1 DAGs
[2026-05-04T23:42:52.093+0000] {logging_mixin.py:188} INFO - [2026-05-04T23:42:52.093+0000] {dag.py:3947} INFO - Setting next_dagrun for flights_ops_medallion_pipe to 2026-05-04 23:30:00+00:00, run_after=2026-05-05 00:00:00+00:00
[2026-05-04T23:42:52.111+0000] {processor.py:183} INFO - Processing /opt/airflow/dags/flight-pipeline.py took 0.960 seconds
[2026-05-04T23:43:22.378+0000] {processor.py:161} INFO - Started process (PID=19176) to work on /opt/airflow/dags/flight-pipeline.py
[2026-05-04T23:43:22.382+0000] {processor.py:830} INFO - Processing file /opt/airflow/dags/flight-pipeline.py for tasks to queue
[2026-05-04T23:43:22.384+0000] {logging_mixin.py:188} INFO - [2026-05-04T23:43:22.383+0000] {dagbag.py:545} INFO - Filling up the DagBag from /opt/airflow/dags/flight-pipeline.py
[2026-05-04T23:43:23.249+0000] {processor.py:840} INFO - DAG(s) 'flights_ops_medallion_pipe' retrieved from /opt/airflow/dags/flight-pipeline.py
[2026-05-04T23:43:23.287+0000] {logging_mixin.py:188} INFO - [2026-05-04T23:43:23.286+0000] {dag.py:3089} INFO - Sync 1 DAGs
[2026-05-04T23:43:23.310+0000] {logging_mixin.py:188} INFO - [2026-05-04T23:43:23.310+0000] {dag.py:3947} INFO - Setting next_dagrun for flights_ops_medallion_pipe to 2026-05-04 23:30:00+00:00, run_after=2026-05-05 00:00:00+00:00
[2026-05-04T23:43:23.334+0000] {processor.py:183} INFO - Processing /opt/airflow/dags/flight-pipeline.py took 0.971 seconds
[2026-05-04T23:43:53.752+0000] {processor.py:161} INFO - Started process (PID=19179) to work on /opt/airflow/dags/flight-pipeline.py
[2026-05-04T23:43:53.758+0000] {processor.py:830} INFO - Processing file /opt/airflow/dags/flight-pipeline.py for tasks to queue
[2026-05-04T23:43:53.760+0000] {logging_mixin.py:188} INFO - [2026-05-04T23:43:53.759+0000] {dagbag.py:545} INFO - Filling up the DagBag from /opt/airflow/dags/flight-pipeline.py
[2026-05-04T23:43:56.264+0000] {processor.py:840} INFO - DAG(s) 'flights_ops_medallion_pipe' retrieved from /opt/airflow/dags/flight-pipeline.py
[2026-05-04T23:43:56.460+0000] {logging_mixin.py:188} INFO - [2026-05-04T23:43:56.458+0000] {dag.py:3089} INFO - Sync 1 DAGs
[2026-05-04T23:43:56.565+0000] {logging_mixin.py:188} INFO - [2026-05-04T23:43:56.564+0000] {dag.py:3947} INFO - Setting next_dagrun for flights_ops_medallion_pipe to 2026-05-04 23:30:00+00:00, run_after=2026-05-05 00:00:00+00:00
[2026-05-04T23:43:56.636+0000] {processor.py:183} INFO - Processing /opt/airflow/dags/flight-pipeline.py took 2.927 seconds
[2026-05-04T23:44:27.193+0000] {processor.py:161} INFO - Started process (PID=19182) to work on /opt/airflow/dags/flight-pipeline.py
[2026-05-04T23:44:27.200+0000] {processor.py:830} INFO - Processing file /opt/airflow/dags/flight-pipeline.py for tasks to queue
[2026-05-04T23:44:27.206+0000] {logging_mixin.py:188} INFO - [2026-05-04T23:44:27.204+0000] {dagbag.py:545} INFO - Filling up the DagBag from /opt/airflow/dags/flight-pipeline.py
[2026-05-04T23:44:29.808+0000] {processor.py:840} INFO - DAG(s) 'flights_ops_medallion_pipe' retrieved from /opt/airflow/dags/flight-pipeline.py
[2026-05-04T23:44:29.862+0000] {logging_mixin.py:188} INFO - [2026-05-04T23:44:29.861+0000] {dag.py:3089} INFO - Sync 1 DAGs
[2026-05-04T23:44:29.888+0000] {logging_mixin.py:188} INFO - [2026-05-04T23:44:29.888+0000] {dag.py:3947} INFO - Setting next_dagrun for flights_ops_medallion_pipe to 2026-05-04 23:30:00+00:00, run_after=2026-05-05 00:00:00+00:00
[2026-05-04T23:44:29.911+0000] {processor.py:183} INFO - Processing /opt/airflow/dags/flight-pipeline.py took 2.767 seconds
[2026-05-04T23:45:00.186+0000] {processor.py:161} INFO - Started process (PID=19185) to work on /opt/airflow/dags/flight-pipeline.py
[2026-05-04T23:45:00.191+0000] {processor.py:830} INFO - Processing file /opt/airflow/dags/flight-pipeline.py for tasks to queue
[2026-05-04T23:45:00.192+0000] {logging_mixin.py:188} INFO - [2026-05-04T23:45:00.191+0000] {dagbag.py:545} INFO - Filling up the DagBag from /opt/airflow/dags/flight-pipeline.py
[2026-05-04T23:45:01.366+0000] {processor.py:840} INFO - DAG(s) 'flights_ops_medallion_pipe' retrieved from /opt/airflow/dags/flight-pipeline.py
[2026-05-04T23:45:01.399+0000] {logging_mixin.py:188} INFO - [2026-05-04T23:45:01.399+0000] {dag.py:3089} INFO - Sync 1 DAGs
[2026-05-04T23:45:01.425+0000] {logging_mixin.py:188} INFO - [2026-05-04T23:45:01.425+0000] {dag.py:3947} INFO - Setting next_dagrun for flights_ops_medallion_pipe to 2026-05-04 23:30:00+00:00, run_after=2026-05-05 00:00:00+00:00
[2026-05-04T23:45:01.444+0000] {processor.py:183} INFO - Processing /opt/airflow/dags/flight-pipeline.py took 1.269 seconds
[2026-05-04T23:45:31.683+0000] {processor.py:161} INFO - Started process (PID=19188) to work on /opt/airflow/dags/flight-pipeline.py
[2026-05-04T23:45:31.687+0000] {processor.py:830} INFO - Processing file /opt/airflow/dags/flight-pipeline.py for tasks to queue
[2026-05-04T23:45:31.688+0000] {logging_mixin.py:188} INFO - [2026-05-04T23:45:31.688+0000] {dagbag.py:545} INFO - Filling up the DagBag from /opt/airflow/dags/flight-pipeline.py
[2026-05-04T23:45:32.551+0000] {processor.py:840} INFO - DAG(s) 'flights_ops_medallion_pipe' retrieved from /opt/airflow/dags/flight-pipeline.py
[2026-05-04T23:45:32.585+0000] {logging_mixin.py:188} INFO - [2026-05-04T23:45:32.584+0000] {dag.py:3089} INFO - Sync 1 DAGs
[2026-05-04T23:45:32.603+0000] {logging_mixin.py:188} INFO - [2026-05-04T23:45:32.603+0000] {dag.py:3947} INFO - Setting next_dagrun for flights_ops_medallion_pipe to 2026-05-04 23:30:00+00:00, run_after=2026-05-05 00:00:00+00:00
[2026-05-04T23:45:32.622+0000] {processor.py:183} INFO - Processing /opt/airflow/dags/flight-pipeline.py took 0.950 seconds
[2026-05-04T23:46:02.677+0000] {processor.py:161} INFO - Started process (PID=19191) to work on /opt/airflow/dags/flight-pipeline.py
[2026-05-04T23:46:02.680+0000] {processor.py:830} INFO - Processing file /opt/airflow/dags/flight-pipeline.py for tasks to queue
[2026-05-04T23:46:02.682+0000] {logging_mixin.py:188} INFO - [2026-05-04T23:46:02.681+0000] {dagbag.py:545} INFO - Filling up the DagBag from /opt/airflow/dags/flight-pipeline.py
[2026-05-04T23:46:03.573+0000] {processor.py:840} INFO - DAG(s) 'flights_ops_medallion_pipe' retrieved from /opt/airflow/dags/flight-pipeline.py
[2026-05-04T23:46:03.604+0000] {logging_mixin.py:188} INFO - [2026-05-04T23:46:03.604+0000] {dag.py:3089} INFO - Sync 1 DAGs
[2026-05-04T23:46:03.626+0000] {logging_mixin.py:188} INFO - [2026-05-04T23:46:03.626+0000] {dag.py:3947} INFO - Setting next_dagrun for flights_ops_medallion_pipe to 2026-05-04 23:30:00+00:00, run_after=2026-05-05 00:00:00+00:00
[2026-05-04T23:46:03.644+0000] {processor.py:183} INFO - Processing /opt/airflow/dags/flight-pipeline.py took 0.982 seconds
[2026-05-04T23:46:33.927+0000] {processor.py:161} INFO - Started process (PID=19194) to work on /opt/airflow/dags/flight-pipeline.py
[2026-05-04T23:46:33.930+0000] {processor.py:830} INFO - Processing file /opt/airflow/dags/flight-pipeline.py for tasks to queue
[2026-05-04T23:46:33.932+0000] {logging_mixin.py:188} INFO - [2026-05-04T23:46:33.931+0000] {dagbag.py:545} INFO - Filling up the DagBag from /opt/airflow/dags/flight-pipeline.py
[2026-05-04T23:46:35.024+0000] {processor.py:840} INFO - DAG(s) 'flights_ops_medallion_pipe' retrieved from /opt/airflow/dags/flight-pipeline.py
[2026-05-04T23:46:35.066+0000] {logging_mixin.py:188} INFO - [2026-05-04T23:46:35.065+0000] {dag.py:3089} INFO - Sync 1 DAGs
[2026-05-04T23:46:35.089+0000] {logging_mixin.py:188} INFO - [2026-05-04T23:46:35.088+0000] {dag.py:3947} INFO - Setting next_dagrun for flights_ops_medallion_pipe to 2026-05-04 23:30:00+00:00, run_after=2026-05-05 00:00:00+00:00
[2026-05-04T23:46:35.107+0000] {processor.py:183} INFO - Processing /opt/airflow/dags/flight-pipeline.py took 1.190 seconds
[2026-05-04T23:47:05.216+0000] {processor.py:161} INFO - Started process (PID=19197) to work on /opt/airflow/dags/flight-pipeline.py
[2026-05-04T23:47:05.220+0000] {processor.py:830} INFO - Processing file /opt/airflow/dags/flight-pipeline.py for tasks to queue
[2026-05-04T23:47:05.222+0000] {logging_mixin.py:188} INFO - [2026-05-04T23:47:05.222+0000] {dagbag.py:545} INFO - Filling up the DagBag from /opt/airflow/dags/flight-pipeline.py
[2026-05-04T23:47:06.774+0000] {processor.py:840} INFO - DAG(s) 'flights_ops_medallion_pipe' retrieved from /opt/airflow/dags/flight-pipeline.py
[2026-05-04T23:47:06.807+0000] {logging_mixin.py:188} INFO - [2026-05-04T23:47:06.806+0000] {dag.py:3089} INFO - Sync 1 DAGs
[2026-05-04T23:47:06.829+0000] {logging_mixin.py:188} INFO - [2026-05-04T23:47:06.829+0000] {dag.py:3947} INFO - Setting next_dagrun for flights_ops_medallion_pipe to 2026-05-04 23:30:00+00:00, run_after=2026-05-05 00:00:00+00:00
[2026-05-04T23:47:06.853+0000] {processor.py:183} INFO - Processing /opt/airflow/dags/flight-pipeline.py took 1.651 seconds
[2026-05-04T23:47:37.131+0000] {processor.py:161} INFO - Started process (PID=19200) to work on /opt/airflow/dags/flight-pipeline.py
[2026-05-04T23:47:37.135+0000] {processor.py:830} INFO - Processing file /opt/airflow/dags/flight-pipeline.py for tasks to queue
[2026-05-04T23:47:37.136+0000] {logging_mixin.py:188} INFO - [2026-05-04T23:47:37.136+0000] {dagbag.py:545} INFO - Filling up the DagBag from /opt/airflow/dags/flight-pipeline.py
[2026-05-04T23:47:38.099+0000] {processor.py:840} INFO - DAG(s) 'flights_ops_medallion_pipe' retrieved from /opt/airflow/dags/flight-pipeline.py
[2026-05-04T23:47:38.133+0000] {logging_mixin.py:188} INFO - [2026-05-04T23:47:38.132+0000] {dag.py:3089} INFO - Sync 1 DAGs
[2026-05-04T23:47:38.156+0000] {logging_mixin.py:188} INFO - [2026-05-04T23:47:38.156+0000] {dag.py:3947} INFO - Setting next_dagrun for flights_ops_medallion_pipe to 2026-05-04 23:30:00+00:00, run_after=2026-05-05 00:00:00+00:00
[2026-05-04T23:47:38.174+0000] {processor.py:183} INFO - Processing /opt/airflow/dags/flight-pipeline.py took 1.054 seconds
[2026-05-04T23:48:08.367+0000] {processor.py:161} INFO - Started process (PID=19203) to work on /opt/airflow/dags/flight-pipeline.py
[2026-05-04T23:48:08.371+0000] {processor.py:830} INFO - Processing file /opt/airflow/dags/flight-pipeline.py for tasks to queue
[2026-05-04T23:48:08.372+0000] {logging_mixin.py:188} INFO - [2026-05-04T23:48:08.372+0000] {dagbag.py:545} INFO - Filling up the DagBag from /opt/airflow/dags/flight-pipeline.py
[2026-05-04T23:48:09.194+0000] {processor.py:840} INFO - DAG(s) 'flights_ops_medallion_pipe' retrieved from /opt/airflow/dags/flight-pipeline.py
[2026-05-04T23:48:09.229+0000] {logging_mixin.py:188} INFO - [2026-05-04T23:48:09.228+0000] {dag.py:3089} INFO - Sync 1 DAGs
[2026-05-04T23:48:09.251+0000] {logging_mixin.py:188} INFO - [2026-05-04T23:48:09.251+0000] {dag.py:3947} INFO - Setting next_dagrun for flights_ops_medallion_pipe to 2026-05-04 23:30:00+00:00, run_after=2026-05-05 00:00:00+00:00
[2026-05-04T23:48:09.275+0000] {processor.py:183} INFO - Processing /opt/airflow/dags/flight-pipeline.py took 0.917 seconds
[2026-05-04T23:48:39.589+0000] {processor.py:161} INFO - Started process (PID=19206) to work on /opt/airflow/dags/flight-pipeline.py
[2026-05-04T23:48:39.592+0000] {processor.py:830} INFO - Processing file /opt/airflow/dags/flight-pipeline.py for tasks to queue
[2026-05-04T23:48:39.594+0000] {logging_mixin.py:188} INFO - [2026-05-04T23:48:39.593+0000] {dagbag.py:545} INFO - Filling up the DagBag from /opt/airflow/dags/flight-pipeline.py
[2026-05-04T23:48:40.572+0000] {processor.py:840} INFO - DAG(s) 'flights_ops_medallion_pipe' retrieved from /opt/airflow/dags/flight-pipeline.py
[2026-05-04T23:48:40.612+0000] {logging_mixin.py:188} INFO - [2026-05-04T23:48:40.611+0000] {dag.py:3089} INFO - Sync 1 DAGs
[2026-05-04T23:48:40.639+0000] {logging_mixin.py:188} INFO - [2026-05-04T23:48:40.639+0000] {dag.py:3947} INFO - Setting next_dagrun for flights_ops_medallion_pipe to 2026-05-04 23:30:00+00:00, run_after=2026-05-05 00:00:00+00:00
[2026-05-04T23:48:40.673+0000] {processor.py:183} INFO - Processing /opt/airflow/dags/flight-pipeline.py took 1.092 seconds
[2026-05-04T23:49:10.846+0000] {processor.py:161} INFO - Started process (PID=19209) to work on /opt/airflow/dags/flight-pipeline.py
[2026-05-04T23:49:10.888+0000] {processor.py:830} INFO - Processing file /opt/airflow/dags/flight-pipeline.py for tasks to queue
[2026-05-04T23:49:10.910+0000] {logging_mixin.py:188} INFO - [2026-05-04T23:49:10.909+0000] {dagbag.py:545} INFO - Filling up the DagBag from /opt/airflow/dags/flight-pipeline.py
[2026-05-04T23:49:11.797+0000] {processor.py:840} INFO - DAG(s) 'flights_ops_medallion_pipe' retrieved from /opt/airflow/dags/flight-pipeline.py
[2026-05-04T23:49:11.830+0000] {logging_mixin.py:188} INFO - [2026-05-04T23:49:11.829+0000] {dag.py:3089} INFO - Sync 1 DAGs
[2026-05-04T23:49:11.854+0000] {logging_mixin.py:188} INFO - [2026-05-04T23:49:11.854+0000] {dag.py:3947} INFO - Setting next_dagrun for flights_ops_medallion_pipe to 2026-05-04 23:30:00+00:00, run_after=2026-05-05 00:00:00+00:00
[2026-05-04T23:49:11.873+0000] {processor.py:183} INFO - Processing /opt/airflow/dags/flight-pipeline.py took 1.035 seconds
[2026-05-04T23:49:42.104+0000] {processor.py:161} INFO - Started process (PID=19212) to work on /opt/airflow/dags/flight-pipeline.py
[2026-05-04T23:49:42.107+0000] {processor.py:830} INFO - Processing file /opt/airflow/dags/flight-pipeline.py for tasks to queue
[2026-05-04T23:49:42.108+0000] {logging_mixin.py:188} INFO - [2026-05-04T23:49:42.107+0000] {dagbag.py:545} INFO - Filling up the DagBag from /opt/airflow/dags/flight-pipeline.py
[2026-05-04T23:49:42.994+0000] {processor.py:840} INFO - DAG(s) 'flights_ops_medallion_pipe' retrieved from /opt/airflow/dags/flight-pipeline.py
[2026-05-04T23:49:43.025+0000] {logging_mixin.py:188} INFO - [2026-05-04T23:49:43.025+0000] {dag.py:3089} INFO - Sync 1 DAGs
[2026-05-04T23:49:43.044+0000] {logging_mixin.py:188} INFO - [2026-05-04T23:49:43.044+0000] {dag.py:3947} INFO - Setting next_dagrun for flights_ops_medallion_pipe to 2026-05-04 23:30:00+00:00, run_after=2026-05-05 00:00:00+00:00
[2026-05-04T23:49:43.063+0000] {processor.py:183} INFO - Processing /opt/airflow/dags/flight-pipeline.py took 0.966 seconds
[2026-05-04T23:50:13.407+0000] {processor.py:161} INFO - Started process (PID=19215) to work on /opt/airflow/dags/flight-pipeline.py
[2026-05-04T23:50:13.411+0000] {processor.py:830} INFO - Processing file /opt/airflow/dags/flight-pipeline.py for tasks to queue
[2026-05-04T23:50:13.412+0000] {logging_mixin.py:188} INFO - [2026-05-04T23:50:13.412+0000] {dagbag.py:545} INFO - Filling up the DagBag from /opt/airflow/dags/flight-pipeline.py
[2026-05-04T23:50:14.333+0000] {processor.py:840} INFO - DAG(s) 'flights_ops_medallion_pipe' retrieved from /opt/airflow/dags/flight-pipeline.py
[2026-05-04T23:50:14.363+0000] {logging_mixin.py:188} INFO - [2026-05-04T23:50:14.363+0000] {dag.py:3089} INFO - Sync 1 DAGs
[2026-05-04T23:50:14.383+0000] {logging_mixin.py:188} INFO - [2026-05-04T23:50:14.383+0000] {dag.py:3947} INFO - Setting next_dagrun for flights_ops_medallion_pipe to 2026-05-04 23:30:00+00:00, run_after=2026-05-05 00:00:00+00:00
[2026-05-04T23:50:14.401+0000] {processor.py:183} INFO - Processing /opt/airflow/dags/flight-pipeline.py took 1.002 seconds
[2026-05-04T23:50:44.754+0000] {processor.py:161} INFO - Started process (PID=19218) to work on /opt/airflow/dags/flight-pipeline.py
[2026-05-04T23:50:44.757+0000] {processor.py:830} INFO - Processing file /opt/airflow/dags/flight-pipeline.py for tasks to queue
[2026-05-04T23:50:44.759+0000] {logging_mixin.py:188} INFO - [2026-05-04T23:50:44.758+0000] {dagbag.py:545} INFO - Filling up the DagBag from /opt/airflow/dags/flight-pipeline.py
[2026-05-04T23:50:45.944+0000] {processor.py:840} INFO - DAG(s) 'flights_ops_medallion_pipe' retrieved from /opt/airflow/dags/flight-pipeline.py
[2026-05-04T23:50:46.028+0000] {logging_mixin.py:188} INFO - [2026-05-04T23:50:46.027+0000] {dag.py:3089} INFO - Sync 1 DAGs
[2026-05-04T23:50:46.083+0000] {logging_mixin.py:188} INFO - [2026-05-04T23:50:46.083+0000] {dag.py:3947} INFO - Setting next_dagrun for flights_ops_medallion_pipe to 2026-05-04 23:30:00+00:00, run_after=2026-05-05 00:00:00+00:00
[2026-05-04T23:50:46.113+0000] {processor.py:183} INFO - Processing /opt/airflow/dags/flight-pipeline.py took 1.376 seconds
[2026-05-04T23:51:16.367+0000] {processor.py:161} INFO - Started process (PID=19221) to work on /opt/airflow/dags/flight-pipeline.py
[2026-05-04T23:51:16.370+0000] {processor.py:830} INFO - Processing file /opt/airflow/dags/flight-pipeline.py for tasks to queue
[2026-05-04T23:51:16.372+0000] {logging_mixin.py:188} INFO - [2026-05-04T23:51:16.371+0000] {dagbag.py:545} INFO - Filling up the DagBag from /opt/airflow/dags/flight-pipeline.py
[2026-05-04T23:51:17.202+0000] {processor.py:840} INFO - DAG(s) 'flights_ops_medallion_pipe' retrieved from /opt/airflow/dags/flight-pipeline.py
[2026-05-04T23:51:17.244+0000] {logging_mixin.py:188} INFO - [2026-05-04T23:51:17.244+0000] {dag.py:3089} INFO - Sync 1 DAGs
[2026-05-04T23:51:17.308+0000] {logging_mixin.py:188} INFO - [2026-05-04T23:51:17.307+0000] {dag.py:3947} INFO - Setting next_dagrun for flights_ops_medallion_pipe to 2026-05-04 23:30:00+00:00, run_after=2026-05-05 00:00:00+00:00
[2026-05-04T23:51:17.346+0000] {processor.py:183} INFO - Processing /opt/airflow/dags/flight-pipeline.py took 0.987 seconds
[2026-05-04T23:51:47.672+0000] {processor.py:161} INFO - Started process (PID=19224) to work on /opt/airflow/dags/flight-pipeline.py
[2026-05-04T23:51:47.682+0000] {processor.py:830} INFO - Processing file /opt/airflow/dags/flight-pipeline.py for tasks to queue
[2026-05-04T23:51:47.692+0000] {logging_mixin.py:188} INFO - [2026-05-04T23:51:47.691+0000] {dagbag.py:545} INFO - Filling up the DagBag from /opt/airflow/dags/flight-pipeline.py
[2026-05-04T23:51:48.744+0000] {processor.py:840} INFO - DAG(s) 'flights_ops_medallion_pipe' retrieved from /opt/airflow/dags/flight-pipeline.py
[2026-05-04T23:51:48.777+0000] {logging_mixin.py:188} INFO - [2026-05-04T23:51:48.777+0000] {dag.py:3089} INFO - Sync 1 DAGs
[2026-05-04T23:51:48.801+0000] {logging_mixin.py:188} INFO - [2026-05-04T23:51:48.801+0000] {dag.py:3947} INFO - Setting next_dagrun for flights_ops_medallion_pipe to 2026-05-04 23:30:00+00:00, run_after=2026-05-05 00:00:00+00:00
[2026-05-04T23:51:48.819+0000] {processor.py:183} INFO - Processing /opt/airflow/dags/flight-pipeline.py took 1.159 seconds
[2026-05-04T23:52:19.005+0000] {processor.py:161} INFO - Started process (PID=19227) to work on /opt/airflow/dags/flight-pipeline.py
[2026-05-04T23:52:19.010+0000] {processor.py:830} INFO - Processing file /opt/airflow/dags/flight-pipeline.py for tasks to queue
[2026-05-04T23:52:19.012+0000] {logging_mixin.py:188} INFO - [2026-05-04T23:52:19.011+0000] {dagbag.py:545} INFO - Filling up the DagBag from /opt/airflow/dags/flight-pipeline.py
[2026-05-04T23:52:20.136+0000] {processor.py:840} INFO - DAG(s) 'flights_ops_medallion_pipe' retrieved from /opt/airflow/dags/flight-pipeline.py
[2026-05-04T23:52:20.169+0000] {logging_mixin.py:188} INFO - [2026-05-04T23:52:20.169+0000] {dag.py:3089} INFO - Sync 1 DAGs
[2026-05-04T23:52:20.189+0000] {logging_mixin.py:188} INFO - [2026-05-04T23:52:20.189+0000] {dag.py:3947} INFO - Setting next_dagrun for flights_ops_medallion_pipe to 2026-05-04 23:30:00+00:00, run_after=2026-05-05 00:00:00+00:00
[2026-05-04T23:52:20.208+0000] {processor.py:183} INFO - Processing /opt/airflow/dags/flight-pipeline.py took 1.222 seconds
[2026-05-04T23:52:50.314+0000] {processor.py:161} INFO - Started process (PID=19230) to work on /opt/airflow/dags/flight-pipeline.py
[2026-05-04T23:52:50.318+0000] {processor.py:830} INFO - Processing file /opt/airflow/dags/flight-pipeline.py for tasks to queue
[2026-05-04T23:52:50.320+0000] {logging_mixin.py:188} INFO - [2026-05-04T23:52:50.319+0000] {dagbag.py:545} INFO - Filling up the DagBag from /opt/airflow/dags/flight-pipeline.py
[2026-05-04T23:52:51.263+0000] {processor.py:840} INFO - DAG(s) 'flights_ops_medallion_pipe' retrieved from /opt/airflow/dags/flight-pipeline.py
[2026-05-04T23:52:51.296+0000] {logging_mixin.py:188} INFO - [2026-05-04T23:52:51.296+0000] {dag.py:3089} INFO - Sync 1 DAGs
[2026-05-04T23:52:51.318+0000] {logging_mixin.py:188} INFO - [2026-05-04T23:52:51.318+0000] {dag.py:3947} INFO - Setting next_dagrun for flights_ops_medallion_pipe to 2026-05-04 23:30:00+00:00, run_after=2026-05-05 00:00:00+00:00
[2026-05-04T23:52:51.337+0000] {processor.py:183} INFO - Processing /opt/airflow/dags/flight-pipeline.py took 1.034 seconds
[2026-05-04T23:53:21.571+0000] {processor.py:161} INFO - Started process (PID=19233) to work on /opt/airflow/dags/flight-pipeline.py
[2026-05-04T23:53:21.575+0000] {processor.py:830} INFO - Processing file /opt/airflow/dags/flight-pipeline.py for tasks to queue
[2026-05-04T23:53:21.576+0000] {logging_mixin.py:188} INFO - [2026-05-04T23:53:21.575+0000] {dagbag.py:545} INFO - Filling up the DagBag from /opt/airflow/dags/flight-pipeline.py
[2026-05-04T23:53:22.381+0000] {processor.py:840} INFO - DAG(s) 'flights_ops_medallion_pipe' retrieved from /opt/airflow/dags/flight-pipeline.py
[2026-05-04T23:53:22.417+0000] {logging_mixin.py:188} INFO - [2026-05-04T23:53:22.416+0000] {dag.py:3089} INFO - Sync 1 DAGs
[2026-05-04T23:53:22.437+0000] {logging_mixin.py:188} INFO - [2026-05-04T23:53:22.437+0000] {dag.py:3947} INFO - Setting next_dagrun for flights_ops_medallion_pipe to 2026-05-04 23:30:00+00:00, run_after=2026-05-05 00:00:00+00:00
[2026-05-04T23:53:22.459+0000] {processor.py:183} INFO - Processing /opt/airflow/dags/flight-pipeline.py took 0.897 seconds
[2026-05-04T23:53:52.996+0000] {processor.py:161} INFO - Started process (PID=19236) to work on /opt/airflow/dags/flight-pipeline.py
[2026-05-04T23:53:53.009+0000] {processor.py:830} INFO - Processing file /opt/airflow/dags/flight-pipeline.py for tasks to queue
[2026-05-04T23:53:53.011+0000] {logging_mixin.py:188} INFO - [2026-05-04T23:53:53.010+0000] {dagbag.py:545} INFO - Filling up the DagBag from /opt/airflow/dags/flight-pipeline.py
[2026-05-04T23:53:54.100+0000] {processor.py:840} INFO - DAG(s) 'flights_ops_medallion_pipe' retrieved from /opt/airflow/dags/flight-pipeline.py
[2026-05-04T23:53:54.153+0000] {logging_mixin.py:188} INFO - [2026-05-04T23:53:54.152+0000] {dag.py:3089} INFO - Sync 1 DAGs
[2026-05-04T23:53:54.178+0000] {logging_mixin.py:188} INFO - [2026-05-04T23:53:54.178+0000] {dag.py:3947} INFO - Setting next_dagrun for flights_ops_medallion_pipe to 2026-05-04 23:30:00+00:00, run_after=2026-05-05 00:00:00+00:00
[2026-05-04T23:53:54.198+0000] {processor.py:183} INFO - Processing /opt/airflow/dags/flight-pipeline.py took 1.211 seconds
[2026-05-04T23:54:24.287+0000] {processor.py:161} INFO - Started process (PID=19239) to work on /opt/airflow/dags/flight-pipeline.py
[2026-05-04T23:54:24.291+0000] {processor.py:830} INFO - Processing file /opt/airflow/dags/flight-pipeline.py for tasks to queue
[2026-05-04T23:54:24.292+0000] {logging_mixin.py:188} INFO - [2026-05-04T23:54:24.292+0000] {dagbag.py:545} INFO - Filling up the DagBag from /opt/airflow/dags/flight-pipeline.py
[2026-05-04T23:54:25.187+0000] {processor.py:840} INFO - DAG(s) 'flights_ops_medallion_pipe' retrieved from /opt/airflow/dags/flight-pipeline.py
[2026-05-04T23:54:25.221+0000] {logging_mixin.py:188} INFO - [2026-05-04T23:54:25.220+0000] {dag.py:3089} INFO - Sync 1 DAGs
[2026-05-04T23:54:25.245+0000] {logging_mixin.py:188} INFO - [2026-05-04T23:54:25.244+0000] {dag.py:3947} INFO - Setting next_dagrun for flights_ops_medallion_pipe to 2026-05-04 23:30:00+00:00, run_after=2026-05-05 00:00:00+00:00
[2026-05-04T23:54:25.263+0000] {processor.py:183} INFO - Processing /opt/airflow/dags/flight-pipeline.py took 0.992 seconds
[2026-05-04T23:54:55.678+0000] {processor.py:161} INFO - Started process (PID=19242) to work on /opt/airflow/dags/flight-pipeline.py
[2026-05-04T23:54:55.682+0000] {processor.py:830} INFO - Processing file /opt/airflow/dags/flight-pipeline.py for tasks to queue
[2026-05-04T23:54:55.683+0000] {logging_mixin.py:188} INFO - [2026-05-04T23:54:55.683+0000] {dagbag.py:545} INFO - Filling up the DagBag from /opt/airflow/dags/flight-pipeline.py
[2026-05-04T23:54:56.754+0000] {processor.py:840} INFO - DAG(s) 'flights_ops_medallion_pipe' retrieved from /opt/airflow/dags/flight-pipeline.py
[2026-05-04T23:54:56.808+0000] {logging_mixin.py:188} INFO - [2026-05-04T23:54:56.808+0000] {dag.py:3089} INFO - Sync 1 DAGs
[2026-05-04T23:54:56.832+0000] {logging_mixin.py:188} INFO - [2026-05-04T23:54:56.832+0000] {dag.py:3947} INFO - Setting next_dagrun for flights_ops_medallion_pipe to 2026-05-04 23:30:00+00:00, run_after=2026-05-05 00:00:00+00:00
[2026-05-04T23:54:56.859+0000] {processor.py:183} INFO - Processing /opt/airflow/dags/flight-pipeline.py took 1.191 seconds
[2026-05-04T23:55:26.956+0000] {processor.py:161} INFO - Started process (PID=19245) to work on /opt/airflow/dags/flight-pipeline.py
[2026-05-04T23:55:26.959+0000] {processor.py:830} INFO - Processing file /opt/airflow/dags/flight-pipeline.py for tasks to queue
[2026-05-04T23:55:26.960+0000] {logging_mixin.py:188} INFO - [2026-05-04T23:55:26.959+0000] {dagbag.py:545} INFO - Filling up the DagBag from /opt/airflow/dags/flight-pipeline.py
[2026-05-04T23:55:27.832+0000] {processor.py:840} INFO - DAG(s) 'flights_ops_medallion_pipe' retrieved from /opt/airflow/dags/flight-pipeline.py
[2026-05-04T23:55:27.863+0000] {logging_mixin.py:188} INFO - [2026-05-04T23:55:27.862+0000] {dag.py:3089} INFO - Sync 1 DAGs
[2026-05-04T23:55:27.885+0000] {logging_mixin.py:188} INFO - [2026-05-04T23:55:27.884+0000] {dag.py:3947} INFO - Setting next_dagrun for flights_ops_medallion_pipe to 2026-05-04 23:30:00+00:00, run_after=2026-05-05 00:00:00+00:00
[2026-05-04T23:55:27.903+0000] {processor.py:183} INFO - Processing /opt/airflow/dags/flight-pipeline.py took 0.959 seconds
[2026-05-04T23:55:58.195+0000] {processor.py:161} INFO - Started process (PID=19248) to work on /opt/airflow/dags/flight-pipeline.py
[2026-05-04T23:55:58.198+0000] {processor.py:830} INFO - Processing file /opt/airflow/dags/flight-pipeline.py for tasks to queue
[2026-05-04T23:55:58.199+0000] {logging_mixin.py:188} INFO - [2026-05-04T23:55:58.198+0000] {dagbag.py:545} INFO - Filling up the DagBag from /opt/airflow/dags/flight-pipeline.py
[2026-05-04T23:55:59.067+0000] {processor.py:840} INFO - DAG(s) 'flights_ops_medallion_pipe' retrieved from /opt/airflow/dags/flight-pipeline.py
[2026-05-04T23:55:59.101+0000] {logging_mixin.py:188} INFO - [2026-05-04T23:55:59.100+0000] {dag.py:3089} INFO - Sync 1 DAGs
[2026-05-04T23:55:59.121+0000] {logging_mixin.py:188} INFO - [2026-05-04T23:55:59.121+0000] {dag.py:3947} INFO - Setting next_dagrun for flights_ops_medallion_pipe to 2026-05-04 23:30:00+00:00, run_after=2026-05-05 00:00:00+00:00
[2026-05-04T23:55:59.140+0000] {processor.py:183} INFO - Processing /opt/airflow/dags/flight-pipeline.py took 0.954 seconds
[2026-05-04T23:56:29.398+0000] {processor.py:161} INFO - Started process (PID=19251) to work on /opt/airflow/dags/flight-pipeline.py
[2026-05-04T23:56:29.401+0000] {processor.py:830} INFO - Processing file /opt/airflow/dags/flight-pipeline.py for tasks to queue
[2026-05-04T23:56:29.402+0000] {logging_mixin.py:188} INFO - [2026-05-04T23:56:29.402+0000] {dagbag.py:545} INFO - Filling up the DagBag from /opt/airflow/dags/flight-pipeline.py
[2026-05-04T23:56:30.291+0000] {processor.py:840} INFO - DAG(s) 'flights_ops_medallion_pipe' retrieved from /opt/airflow/dags/flight-pipeline.py
[2026-05-04T23:56:30.324+0000] {logging_mixin.py:188} INFO - [2026-05-04T23:56:30.324+0000] {dag.py:3089} INFO - Sync 1 DAGs
[2026-05-04T23:56:30.348+0000] {logging_mixin.py:188} INFO - [2026-05-04T23:56:30.348+0000] {dag.py:3947} INFO - Setting next_dagrun for flights_ops_medallion_pipe to 2026-05-04 23:30:00+00:00, run_after=2026-05-05 00:00:00+00:00
[2026-05-04T23:56:30.367+0000] {processor.py:183} INFO - Processing /opt/airflow/dags/flight-pipeline.py took 0.979 seconds
[2026-05-04T23:57:00.657+0000] {processor.py:161} INFO - Started process (PID=19254) to work on /opt/airflow/dags/flight-pipeline.py
[2026-05-04T23:57:00.660+0000] {processor.py:830} INFO - Processing file /opt/airflow/dags/flight-pipeline.py for tasks to queue
[2026-05-04T23:57:00.661+0000] {logging_mixin.py:188} INFO - [2026-05-04T23:57:00.660+0000] {dagbag.py:545} INFO - Filling up the DagBag from /opt/airflow/dags/flight-pipeline.py
[2026-05-04T23:57:01.513+0000] {processor.py:840} INFO - DAG(s) 'flights_ops_medallion_pipe' retrieved from /opt/airflow/dags/flight-pipeline.py
[2026-05-04T23:57:01.546+0000] {logging_mixin.py:188} INFO - [2026-05-04T23:57:01.546+0000] {dag.py:3089} INFO - Sync 1 DAGs
[2026-05-04T23:57:01.567+0000] {logging_mixin.py:188} INFO - [2026-05-04T23:57:01.567+0000] {dag.py:3947} INFO - Setting next_dagrun for flights_ops_medallion_pipe to 2026-05-04 23:30:00+00:00, run_after=2026-05-05 00:00:00+00:00
[2026-05-04T23:57:01.588+0000] {processor.py:183} INFO - Processing /opt/airflow/dags/flight-pipeline.py took 0.940 seconds
[2026-05-04T23:57:31.920+0000] {processor.py:161} INFO - Started process (PID=19257) to work on /opt/airflow/dags/flight-pipeline.py
[2026-05-04T23:57:31.930+0000] {processor.py:830} INFO - Processing file /opt/airflow/dags/flight-pipeline.py for tasks to queue
[2026-05-04T23:57:31.931+0000] {logging_mixin.py:188} INFO - [2026-05-04T23:57:31.931+0000] {dagbag.py:545} INFO - Filling up the DagBag from /opt/airflow/dags/flight-pipeline.py
[2026-05-04T23:57:32.831+0000] {processor.py:840} INFO - DAG(s) 'flights_ops_medallion_pipe' retrieved from /opt/airflow/dags/flight-pipeline.py
[2026-05-04T23:57:32.866+0000] {logging_mixin.py:188} INFO - [2026-05-04T23:57:32.866+0000] {dag.py:3089} INFO - Sync 1 DAGs
[2026-05-04T23:57:32.886+0000] {logging_mixin.py:188} INFO - [2026-05-04T23:57:32.886+0000] {dag.py:3947} INFO - Setting next_dagrun for flights_ops_medallion_pipe to 2026-05-04 23:30:00+00:00, run_after=2026-05-05 00:00:00+00:00
[2026-05-04T23:57:32.904+0000] {processor.py:183} INFO - Processing /opt/airflow/dags/flight-pipeline.py took 0.996 seconds
[2026-05-04T23:58:03.168+0000] {processor.py:161} INFO - Started process (PID=19260) to work on /opt/airflow/dags/flight-pipeline.py
[2026-05-04T23:58:03.172+0000] {processor.py:830} INFO - Processing file /opt/airflow/dags/flight-pipeline.py for tasks to queue
[2026-05-04T23:58:03.173+0000] {logging_mixin.py:188} INFO - [2026-05-04T23:58:03.172+0000] {dagbag.py:545} INFO - Filling up the DagBag from /opt/airflow/dags/flight-pipeline.py
[2026-05-04T23:58:03.975+0000] {processor.py:840} INFO - DAG(s) 'flights_ops_medallion_pipe' retrieved from /opt/airflow/dags/flight-pipeline.py
[2026-05-04T23:58:04.019+0000] {logging_mixin.py:188} INFO - [2026-05-04T23:58:04.018+0000] {dag.py:3089} INFO - Sync 1 DAGs
[2026-05-04T23:58:04.042+0000] {logging_mixin.py:188} INFO - [2026-05-04T23:58:04.042+0000] {dag.py:3947} INFO - Setting next_dagrun for flights_ops_medallion_pipe to 2026-05-04 23:30:00+00:00, run_after=2026-05-05 00:00:00+00:00
[2026-05-04T23:58:04.060+0000] {processor.py:183} INFO - Processing /opt/airflow/dags/flight-pipeline.py took 0.900 seconds
[2026-05-04T23:58:34.361+0000] {processor.py:161} INFO - Started process (PID=19263) to work on /opt/airflow/dags/flight-pipeline.py
[2026-05-04T23:58:34.365+0000] {processor.py:830} INFO - Processing file /opt/airflow/dags/flight-pipeline.py for tasks to queue
[2026-05-04T23:58:34.367+0000] {logging_mixin.py:188} INFO - [2026-05-04T23:58:34.367+0000] {dagbag.py:545} INFO - Filling up the DagBag from /opt/airflow/dags/flight-pipeline.py
[2026-05-04T23:58:35.176+0000] {processor.py:840} INFO - DAG(s) 'flights_ops_medallion_pipe' retrieved from /opt/airflow/dags/flight-pipeline.py
[2026-05-04T23:58:35.207+0000] {logging_mixin.py:188} INFO - [2026-05-04T23:58:35.207+0000] {dag.py:3089} INFO - Sync 1 DAGs
[2026-05-04T23:58:35.226+0000] {logging_mixin.py:188} INFO - [2026-05-04T23:58:35.226+0000] {dag.py:3947} INFO - Setting next_dagrun for flights_ops_medallion_pipe to 2026-05-04 23:30:00+00:00, run_after=2026-05-05 00:00:00+00:00
[2026-05-04T23:58:35.244+0000] {processor.py:183} INFO - Processing /opt/airflow/dags/flight-pipeline.py took 0.893 seconds
[2026-05-04T23:59:05.535+0000] {processor.py:161} INFO - Started process (PID=19266) to work on /opt/airflow/dags/flight-pipeline.py
[2026-05-04T23:59:05.539+0000] {processor.py:830} INFO - Processing file /opt/airflow/dags/flight-pipeline.py for tasks to queue
[2026-05-04T23:59:05.541+0000] {logging_mixin.py:188} INFO - [2026-05-04T23:59:05.540+0000] {dagbag.py:545} INFO - Filling up the DagBag from /opt/airflow/dags/flight-pipeline.py
[2026-05-04T23:59:06.467+0000] {processor.py:840} INFO - DAG(s) 'flights_ops_medallion_pipe' retrieved from /opt/airflow/dags/flight-pipeline.py
[2026-05-04T23:59:06.504+0000] {logging_mixin.py:188} INFO - [2026-05-04T23:59:06.503+0000] {dag.py:3089} INFO - Sync 1 DAGs
[2026-05-04T23:59:06.528+0000] {logging_mixin.py:188} INFO - [2026-05-04T23:59:06.528+0000] {dag.py:3947} INFO - Setting next_dagrun for flights_ops_medallion_pipe to 2026-05-04 23:30:00+00:00, run_after=2026-05-05 00:00:00+00:00
[2026-05-04T23:59:06.546+0000] {processor.py:183} INFO - Processing /opt/airflow/dags/flight-pipeline.py took 1.021 seconds
[2026-05-04T23:59:36.809+0000] {processor.py:161} INFO - Started process (PID=19269) to work on /opt/airflow/dags/flight-pipeline.py
[2026-05-04T23:59:36.812+0000] {processor.py:830} INFO - Processing file /opt/airflow/dags/flight-pipeline.py for tasks to queue
[2026-05-04T23:59:36.813+0000] {logging_mixin.py:188} INFO - [2026-05-04T23:59:36.812+0000] {dagbag.py:545} INFO - Filling up the DagBag from /opt/airflow/dags/flight-pipeline.py
[2026-05-04T23:59:37.688+0000] {processor.py:840} INFO - DAG(s) 'flights_ops_medallion_pipe' retrieved from /opt/airflow/dags/flight-pipeline.py
[2026-05-04T23:59:37.719+0000] {logging_mixin.py:188} INFO - [2026-05-04T23:59:37.719+0000] {dag.py:3089} INFO - Sync 1 DAGs
[2026-05-04T23:59:37.740+0000] {logging_mixin.py:188} INFO - [2026-05-04T23:59:37.740+0000] {dag.py:3947} INFO - Setting next_dagrun for flights_ops_medallion_pipe to 2026-05-04 23:30:00+00:00, run_after=2026-05-05 00:00:00+00:00
[2026-05-04T23:59:37.757+0000] {processor.py:183} INFO - Processing /opt/airflow/dags/flight-pipeline.py took 0.957 seconds
