[2026-05-05T00:00:08.109+0000] {processor.py:161} INFO - Started process (PID=19282) to work on /opt/airflow/dags/flight-pipeline.py
[2026-05-05T00:00:08.118+0000] {processor.py:830} INFO - Processing file /opt/airflow/dags/flight-pipeline.py for tasks to queue
[2026-05-05T00:00:08.121+0000] {logging_mixin.py:188} INFO - [2026-05-05T00:00:08.119+0000] {dagbag.py:545} INFO - Filling up the DagBag from /opt/airflow/dags/flight-pipeline.py
[2026-05-05T00:00:10.205+0000] {processor.py:840} INFO - DAG(s) 'flights_ops_medallion_pipe' retrieved from /opt/airflow/dags/flight-pipeline.py
[2026-05-05T00:00:10.275+0000] {logging_mixin.py:188} INFO - [2026-05-05T00:00:10.274+0000] {dag.py:3089} INFO - Sync 1 DAGs
[2026-05-05T00:00:10.335+0000] {logging_mixin.py:188} INFO - [2026-05-05T00:00:10.335+0000] {dag.py:3947} INFO - Setting next_dagrun for flights_ops_medallion_pipe to 2026-05-05 00:00:00+00:00, run_after=2026-05-05 00:30:00+00:00
[2026-05-05T00:00:10.364+0000] {processor.py:183} INFO - Processing /opt/airflow/dags/flight-pipeline.py took 2.323 seconds
[2026-05-05T00:00:40.687+0000] {processor.py:161} INFO - Started process (PID=19319) to work on /opt/airflow/dags/flight-pipeline.py
[2026-05-05T00:00:40.689+0000] {processor.py:830} INFO - Processing file /opt/airflow/dags/flight-pipeline.py for tasks to queue
[2026-05-05T00:00:40.690+0000] {logging_mixin.py:188} INFO - [2026-05-05T00:00:40.690+0000] {dagbag.py:545} INFO - Filling up the DagBag from /opt/airflow/dags/flight-pipeline.py
[2026-05-05T00:00:41.936+0000] {processor.py:840} INFO - DAG(s) 'flights_ops_medallion_pipe' retrieved from /opt/airflow/dags/flight-pipeline.py
[2026-05-05T00:00:42.058+0000] {logging_mixin.py:188} INFO - [2026-05-05T00:00:42.058+0000] {dag.py:3089} INFO - Sync 1 DAGs
[2026-05-05T00:00:42.154+0000] {logging_mixin.py:188} INFO - [2026-05-05T00:00:42.153+0000] {dag.py:3947} INFO - Setting next_dagrun for flights_ops_medallion_pipe to 2026-05-05 00:00:00+00:00, run_after=2026-05-05 00:30:00+00:00
[2026-05-05T00:00:42.204+0000] {processor.py:183} INFO - Processing /opt/airflow/dags/flight-pipeline.py took 1.525 seconds
[2026-05-05T00:01:12.471+0000] {processor.py:161} INFO - Started process (PID=19322) to work on /opt/airflow/dags/flight-pipeline.py
[2026-05-05T00:01:12.473+0000] {processor.py:830} INFO - Processing file /opt/airflow/dags/flight-pipeline.py for tasks to queue
[2026-05-05T00:01:12.474+0000] {logging_mixin.py:188} INFO - [2026-05-05T00:01:12.474+0000] {dagbag.py:545} INFO - Filling up the DagBag from /opt/airflow/dags/flight-pipeline.py
[2026-05-05T00:01:13.409+0000] {processor.py:840} INFO - DAG(s) 'flights_ops_medallion_pipe' retrieved from /opt/airflow/dags/flight-pipeline.py
[2026-05-05T00:01:13.442+0000] {logging_mixin.py:188} INFO - [2026-05-05T00:01:13.441+0000] {dag.py:3089} INFO - Sync 1 DAGs
[2026-05-05T00:01:13.462+0000] {logging_mixin.py:188} INFO - [2026-05-05T00:01:13.462+0000] {dag.py:3947} INFO - Setting next_dagrun for flights_ops_medallion_pipe to 2026-05-05 00:00:00+00:00, run_after=2026-05-05 00:30:00+00:00
[2026-05-05T00:01:13.480+0000] {processor.py:183} INFO - Processing /opt/airflow/dags/flight-pipeline.py took 1.017 seconds
[2026-05-05T00:01:43.664+0000] {processor.py:161} INFO - Started process (PID=19325) to work on /opt/airflow/dags/flight-pipeline.py
[2026-05-05T00:01:43.666+0000] {processor.py:830} INFO - Processing file /opt/airflow/dags/flight-pipeline.py for tasks to queue
[2026-05-05T00:01:43.668+0000] {logging_mixin.py:188} INFO - [2026-05-05T00:01:43.667+0000] {dagbag.py:545} INFO - Filling up the DagBag from /opt/airflow/dags/flight-pipeline.py
[2026-05-05T00:01:44.643+0000] {processor.py:840} INFO - DAG(s) 'flights_ops_medallion_pipe' retrieved from /opt/airflow/dags/flight-pipeline.py
[2026-05-05T00:01:44.680+0000] {logging_mixin.py:188} INFO - [2026-05-05T00:01:44.679+0000] {dag.py:3089} INFO - Sync 1 DAGs
[2026-05-05T00:01:44.705+0000] {logging_mixin.py:188} INFO - [2026-05-05T00:01:44.704+0000] {dag.py:3947} INFO - Setting next_dagrun for flights_ops_medallion_pipe to 2026-05-05 00:00:00+00:00, run_after=2026-05-05 00:30:00+00:00
[2026-05-05T00:01:44.725+0000] {processor.py:183} INFO - Processing /opt/airflow/dags/flight-pipeline.py took 1.070 seconds
[2026-05-05T00:02:14.930+0000] {processor.py:161} INFO - Started process (PID=19328) to work on /opt/airflow/dags/flight-pipeline.py
[2026-05-05T00:02:14.931+0000] {processor.py:830} INFO - Processing file /opt/airflow/dags/flight-pipeline.py for tasks to queue
[2026-05-05T00:02:14.933+0000] {logging_mixin.py:188} INFO - [2026-05-05T00:02:14.932+0000] {dagbag.py:545} INFO - Filling up the DagBag from /opt/airflow/dags/flight-pipeline.py
[2026-05-05T00:02:15.746+0000] {processor.py:840} INFO - DAG(s) 'flights_ops_medallion_pipe' retrieved from /opt/airflow/dags/flight-pipeline.py
[2026-05-05T00:02:15.774+0000] {logging_mixin.py:188} INFO - [2026-05-05T00:02:15.774+0000] {dag.py:3089} INFO - Sync 1 DAGs
[2026-05-05T00:02:15.793+0000] {logging_mixin.py:188} INFO - [2026-05-05T00:02:15.793+0000] {dag.py:3947} INFO - Setting next_dagrun for flights_ops_medallion_pipe to 2026-05-05 00:00:00+00:00, run_after=2026-05-05 00:30:00+00:00
[2026-05-05T00:02:15.812+0000] {processor.py:183} INFO - Processing /opt/airflow/dags/flight-pipeline.py took 0.891 seconds
[2026-05-05T00:02:46.092+0000] {processor.py:161} INFO - Started process (PID=19331) to work on /opt/airflow/dags/flight-pipeline.py
[2026-05-05T00:02:46.093+0000] {processor.py:830} INFO - Processing file /opt/airflow/dags/flight-pipeline.py for tasks to queue
[2026-05-05T00:02:46.095+0000] {logging_mixin.py:188} INFO - [2026-05-05T00:02:46.094+0000] {dagbag.py:545} INFO - Filling up the DagBag from /opt/airflow/dags/flight-pipeline.py
[2026-05-05T00:02:46.910+0000] {processor.py:840} INFO - DAG(s) 'flights_ops_medallion_pipe' retrieved from /opt/airflow/dags/flight-pipeline.py
[2026-05-05T00:02:46.942+0000] {logging_mixin.py:188} INFO - [2026-05-05T00:02:46.942+0000] {dag.py:3089} INFO - Sync 1 DAGs
[2026-05-05T00:02:46.966+0000] {logging_mixin.py:188} INFO - [2026-05-05T00:02:46.966+0000] {dag.py:3947} INFO - Setting next_dagrun for flights_ops_medallion_pipe to 2026-05-05 00:00:00+00:00, run_after=2026-05-05 00:30:00+00:00
[2026-05-05T00:02:46.984+0000] {processor.py:183} INFO - Processing /opt/airflow/dags/flight-pipeline.py took 0.902 seconds
[2026-05-05T00:03:17.243+0000] {processor.py:161} INFO - Started process (PID=19334) to work on /opt/airflow/dags/flight-pipeline.py
[2026-05-05T00:03:17.244+0000] {processor.py:830} INFO - Processing file /opt/airflow/dags/flight-pipeline.py for tasks to queue
[2026-05-05T00:03:17.246+0000] {logging_mixin.py:188} INFO - [2026-05-05T00:03:17.245+0000] {dagbag.py:545} INFO - Filling up the DagBag from /opt/airflow/dags/flight-pipeline.py
[2026-05-05T00:03:18.059+0000] {processor.py:840} INFO - DAG(s) 'flights_ops_medallion_pipe' retrieved from /opt/airflow/dags/flight-pipeline.py
[2026-05-05T00:03:18.091+0000] {logging_mixin.py:188} INFO - [2026-05-05T00:03:18.090+0000] {dag.py:3089} INFO - Sync 1 DAGs
[2026-05-05T00:03:18.111+0000] {logging_mixin.py:188} INFO - [2026-05-05T00:03:18.111+0000] {dag.py:3947} INFO - Setting next_dagrun for flights_ops_medallion_pipe to 2026-05-05 00:00:00+00:00, run_after=2026-05-05 00:30:00+00:00
[2026-05-05T00:03:18.129+0000] {processor.py:183} INFO - Processing /opt/airflow/dags/flight-pipeline.py took 0.895 seconds
[2026-05-05T00:03:48.399+0000] {processor.py:161} INFO - Started process (PID=19337) to work on /opt/airflow/dags/flight-pipeline.py
[2026-05-05T00:03:48.401+0000] {processor.py:830} INFO - Processing file /opt/airflow/dags/flight-pipeline.py for tasks to queue
[2026-05-05T00:03:48.402+0000] {logging_mixin.py:188} INFO - [2026-05-05T00:03:48.402+0000] {dagbag.py:545} INFO - Filling up the DagBag from /opt/airflow/dags/flight-pipeline.py
[2026-05-05T00:03:49.266+0000] {processor.py:840} INFO - DAG(s) 'flights_ops_medallion_pipe' retrieved from /opt/airflow/dags/flight-pipeline.py
[2026-05-05T00:03:49.300+0000] {logging_mixin.py:188} INFO - [2026-05-05T00:03:49.300+0000] {dag.py:3089} INFO - Sync 1 DAGs
[2026-05-05T00:03:49.320+0000] {logging_mixin.py:188} INFO - [2026-05-05T00:03:49.320+0000] {dag.py:3947} INFO - Setting next_dagrun for flights_ops_medallion_pipe to 2026-05-05 00:00:00+00:00, run_after=2026-05-05 00:30:00+00:00
[2026-05-05T00:03:49.336+0000] {processor.py:183} INFO - Processing /opt/airflow/dags/flight-pipeline.py took 0.947 seconds
[2026-05-05T00:04:19.814+0000] {processor.py:161} INFO - Started process (PID=19340) to work on /opt/airflow/dags/flight-pipeline.py
[2026-05-05T00:04:19.818+0000] {processor.py:830} INFO - Processing file /opt/airflow/dags/flight-pipeline.py for tasks to queue
[2026-05-05T00:04:19.821+0000] {logging_mixin.py:188} INFO - [2026-05-05T00:04:19.819+0000] {dagbag.py:545} INFO - Filling up the DagBag from /opt/airflow/dags/flight-pipeline.py
[2026-05-05T00:04:22.762+0000] {processor.py:840} INFO - DAG(s) 'flights_ops_medallion_pipe' retrieved from /opt/airflow/dags/flight-pipeline.py
[2026-05-05T00:04:22.863+0000] {logging_mixin.py:188} INFO - [2026-05-05T00:04:22.862+0000] {dag.py:3089} INFO - Sync 1 DAGs
[2026-05-05T00:04:22.899+0000] {logging_mixin.py:188} INFO - [2026-05-05T00:04:22.899+0000] {dag.py:3947} INFO - Setting next_dagrun for flights_ops_medallion_pipe to 2026-05-05 00:00:00+00:00, run_after=2026-05-05 00:30:00+00:00
[2026-05-05T00:04:22.923+0000] {processor.py:183} INFO - Processing /opt/airflow/dags/flight-pipeline.py took 3.267 seconds
[2026-05-05T00:04:53.328+0000] {processor.py:161} INFO - Started process (PID=19343) to work on /opt/airflow/dags/flight-pipeline.py
[2026-05-05T00:04:53.329+0000] {processor.py:830} INFO - Processing file /opt/airflow/dags/flight-pipeline.py for tasks to queue
[2026-05-05T00:04:53.330+0000] {logging_mixin.py:188} INFO - [2026-05-05T00:04:53.330+0000] {dagbag.py:545} INFO - Filling up the DagBag from /opt/airflow/dags/flight-pipeline.py
[2026-05-05T00:04:54.286+0000] {processor.py:840} INFO - DAG(s) 'flights_ops_medallion_pipe' retrieved from /opt/airflow/dags/flight-pipeline.py
[2026-05-05T00:04:54.334+0000] {logging_mixin.py:188} INFO - [2026-05-05T00:04:54.333+0000] {dag.py:3089} INFO - Sync 1 DAGs
[2026-05-05T00:04:54.362+0000] {logging_mixin.py:188} INFO - [2026-05-05T00:04:54.362+0000] {dag.py:3947} INFO - Setting next_dagrun for flights_ops_medallion_pipe to 2026-05-05 00:00:00+00:00, run_after=2026-05-05 00:30:00+00:00
[2026-05-05T00:04:54.386+0000] {processor.py:183} INFO - Processing /opt/airflow/dags/flight-pipeline.py took 1.067 seconds
[2026-05-05T00:05:24.580+0000] {processor.py:161} INFO - Started process (PID=19346) to work on /opt/airflow/dags/flight-pipeline.py
[2026-05-05T00:05:24.581+0000] {processor.py:830} INFO - Processing file /opt/airflow/dags/flight-pipeline.py for tasks to queue
[2026-05-05T00:05:24.583+0000] {logging_mixin.py:188} INFO - [2026-05-05T00:05:24.582+0000] {dagbag.py:545} INFO - Filling up the DagBag from /opt/airflow/dags/flight-pipeline.py
[2026-05-05T00:05:25.820+0000] {processor.py:840} INFO - DAG(s) 'flights_ops_medallion_pipe' retrieved from /opt/airflow/dags/flight-pipeline.py
[2026-05-05T00:05:25.897+0000] {logging_mixin.py:188} INFO - [2026-05-05T00:05:25.895+0000] {dag.py:3089} INFO - Sync 1 DAGs
[2026-05-05T00:05:25.981+0000] {logging_mixin.py:188} INFO - [2026-05-05T00:05:25.980+0000] {dag.py:3947} INFO - Setting next_dagrun for flights_ops_medallion_pipe to 2026-05-05 00:00:00+00:00, run_after=2026-05-05 00:30:00+00:00
[2026-05-05T00:05:26.032+0000] {processor.py:183} INFO - Processing /opt/airflow/dags/flight-pipeline.py took 1.461 seconds
[2026-05-05T00:05:56.297+0000] {processor.py:161} INFO - Started process (PID=19349) to work on /opt/airflow/dags/flight-pipeline.py
[2026-05-05T00:05:56.298+0000] {processor.py:830} INFO - Processing file /opt/airflow/dags/flight-pipeline.py for tasks to queue
[2026-05-05T00:05:56.299+0000] {logging_mixin.py:188} INFO - [2026-05-05T00:05:56.299+0000] {dagbag.py:545} INFO - Filling up the DagBag from /opt/airflow/dags/flight-pipeline.py
[2026-05-05T00:05:57.193+0000] {processor.py:840} INFO - DAG(s) 'flights_ops_medallion_pipe' retrieved from /opt/airflow/dags/flight-pipeline.py
[2026-05-05T00:05:57.226+0000] {logging_mixin.py:188} INFO - [2026-05-05T00:05:57.225+0000] {dag.py:3089} INFO - Sync 1 DAGs
[2026-05-05T00:05:57.249+0000] {logging_mixin.py:188} INFO - [2026-05-05T00:05:57.249+0000] {dag.py:3947} INFO - Setting next_dagrun for flights_ops_medallion_pipe to 2026-05-05 00:00:00+00:00, run_after=2026-05-05 00:30:00+00:00
[2026-05-05T00:05:57.272+0000] {processor.py:183} INFO - Processing /opt/airflow/dags/flight-pipeline.py took 0.985 seconds
[2026-05-05T00:06:27.568+0000] {processor.py:161} INFO - Started process (PID=19352) to work on /opt/airflow/dags/flight-pipeline.py
[2026-05-05T00:06:27.570+0000] {processor.py:830} INFO - Processing file /opt/airflow/dags/flight-pipeline.py for tasks to queue
[2026-05-05T00:06:27.571+0000] {logging_mixin.py:188} INFO - [2026-05-05T00:06:27.570+0000] {dagbag.py:545} INFO - Filling up the DagBag from /opt/airflow/dags/flight-pipeline.py
[2026-05-05T00:06:28.437+0000] {processor.py:840} INFO - DAG(s) 'flights_ops_medallion_pipe' retrieved from /opt/airflow/dags/flight-pipeline.py
[2026-05-05T00:06:28.469+0000] {logging_mixin.py:188} INFO - [2026-05-05T00:06:28.469+0000] {dag.py:3089} INFO - Sync 1 DAGs
[2026-05-05T00:06:28.491+0000] {logging_mixin.py:188} INFO - [2026-05-05T00:06:28.490+0000] {dag.py:3947} INFO - Setting next_dagrun for flights_ops_medallion_pipe to 2026-05-05 00:00:00+00:00, run_after=2026-05-05 00:30:00+00:00
[2026-05-05T00:06:28.508+0000] {processor.py:183} INFO - Processing /opt/airflow/dags/flight-pipeline.py took 0.949 seconds
[2026-05-05T00:06:58.767+0000] {processor.py:161} INFO - Started process (PID=19355) to work on /opt/airflow/dags/flight-pipeline.py
[2026-05-05T00:06:58.769+0000] {processor.py:830} INFO - Processing file /opt/airflow/dags/flight-pipeline.py for tasks to queue
[2026-05-05T00:06:58.770+0000] {logging_mixin.py:188} INFO - [2026-05-05T00:06:58.770+0000] {dagbag.py:545} INFO - Filling up the DagBag from /opt/airflow/dags/flight-pipeline.py
[2026-05-05T00:06:59.700+0000] {processor.py:840} INFO - DAG(s) 'flights_ops_medallion_pipe' retrieved from /opt/airflow/dags/flight-pipeline.py
[2026-05-05T00:06:59.740+0000] {logging_mixin.py:188} INFO - [2026-05-05T00:06:59.739+0000] {dag.py:3089} INFO - Sync 1 DAGs
[2026-05-05T00:06:59.771+0000] {logging_mixin.py:188} INFO - [2026-05-05T00:06:59.771+0000] {dag.py:3947} INFO - Setting next_dagrun for flights_ops_medallion_pipe to 2026-05-05 00:00:00+00:00, run_after=2026-05-05 00:30:00+00:00
[2026-05-05T00:06:59.794+0000] {processor.py:183} INFO - Processing /opt/airflow/dags/flight-pipeline.py took 1.034 seconds
[2026-05-05T00:07:30.019+0000] {processor.py:161} INFO - Started process (PID=19358) to work on /opt/airflow/dags/flight-pipeline.py
[2026-05-05T00:07:30.021+0000] {processor.py:830} INFO - Processing file /opt/airflow/dags/flight-pipeline.py for tasks to queue
[2026-05-05T00:07:30.022+0000] {logging_mixin.py:188} INFO - [2026-05-05T00:07:30.022+0000] {dagbag.py:545} INFO - Filling up the DagBag from /opt/airflow/dags/flight-pipeline.py
[2026-05-05T00:07:30.829+0000] {processor.py:840} INFO - DAG(s) 'flights_ops_medallion_pipe' retrieved from /opt/airflow/dags/flight-pipeline.py
[2026-05-05T00:07:30.857+0000] {logging_mixin.py:188} INFO - [2026-05-05T00:07:30.857+0000] {dag.py:3089} INFO - Sync 1 DAGs
[2026-05-05T00:07:30.876+0000] {logging_mixin.py:188} INFO - [2026-05-05T00:07:30.876+0000] {dag.py:3947} INFO - Setting next_dagrun for flights_ops_medallion_pipe to 2026-05-05 00:00:00+00:00, run_after=2026-05-05 00:30:00+00:00
[2026-05-05T00:07:30.894+0000] {processor.py:183} INFO - Processing /opt/airflow/dags/flight-pipeline.py took 0.883 seconds
[2026-05-05T00:08:01.170+0000] {processor.py:161} INFO - Started process (PID=19361) to work on /opt/airflow/dags/flight-pipeline.py
[2026-05-05T00:08:01.172+0000] {processor.py:830} INFO - Processing file /opt/airflow/dags/flight-pipeline.py for tasks to queue
[2026-05-05T00:08:01.174+0000] {logging_mixin.py:188} INFO - [2026-05-05T00:08:01.174+0000] {dagbag.py:545} INFO - Filling up the DagBag from /opt/airflow/dags/flight-pipeline.py
[2026-05-05T00:08:02.369+0000] {processor.py:840} INFO - DAG(s) 'flights_ops_medallion_pipe' retrieved from /opt/airflow/dags/flight-pipeline.py
[2026-05-05T00:08:02.407+0000] {logging_mixin.py:188} INFO - [2026-05-05T00:08:02.407+0000] {dag.py:3089} INFO - Sync 1 DAGs
[2026-05-05T00:08:02.427+0000] {logging_mixin.py:188} INFO - [2026-05-05T00:08:02.427+0000] {dag.py:3947} INFO - Setting next_dagrun for flights_ops_medallion_pipe to 2026-05-05 00:00:00+00:00, run_after=2026-05-05 00:30:00+00:00
[2026-05-05T00:08:02.446+0000] {processor.py:183} INFO - Processing /opt/airflow/dags/flight-pipeline.py took 1.285 seconds
[2026-05-05T00:08:32.500+0000] {processor.py:161} INFO - Started process (PID=19364) to work on /opt/airflow/dags/flight-pipeline.py
[2026-05-05T00:08:32.502+0000] {processor.py:830} INFO - Processing file /opt/airflow/dags/flight-pipeline.py for tasks to queue
[2026-05-05T00:08:32.503+0000] {logging_mixin.py:188} INFO - [2026-05-05T00:08:32.503+0000] {dagbag.py:545} INFO - Filling up the DagBag from /opt/airflow/dags/flight-pipeline.py
[2026-05-05T00:08:33.447+0000] {processor.py:840} INFO - DAG(s) 'flights_ops_medallion_pipe' retrieved from /opt/airflow/dags/flight-pipeline.py
[2026-05-05T00:08:33.492+0000] {logging_mixin.py:188} INFO - [2026-05-05T00:08:33.492+0000] {dag.py:3089} INFO - Sync 1 DAGs
[2026-05-05T00:08:33.520+0000] {logging_mixin.py:188} INFO - [2026-05-05T00:08:33.520+0000] {dag.py:3947} INFO - Setting next_dagrun for flights_ops_medallion_pipe to 2026-05-05 00:00:00+00:00, run_after=2026-05-05 00:30:00+00:00
[2026-05-05T00:08:33.540+0000] {processor.py:183} INFO - Processing /opt/airflow/dags/flight-pipeline.py took 1.048 seconds
[2026-05-05T00:09:03.773+0000] {processor.py:161} INFO - Started process (PID=19367) to work on /opt/airflow/dags/flight-pipeline.py
[2026-05-05T00:09:03.776+0000] {processor.py:830} INFO - Processing file /opt/airflow/dags/flight-pipeline.py for tasks to queue
[2026-05-05T00:09:03.777+0000] {logging_mixin.py:188} INFO - [2026-05-05T00:09:03.776+0000] {dagbag.py:545} INFO - Filling up the DagBag from /opt/airflow/dags/flight-pipeline.py
[2026-05-05T00:09:04.607+0000] {processor.py:840} INFO - DAG(s) 'flights_ops_medallion_pipe' retrieved from /opt/airflow/dags/flight-pipeline.py
[2026-05-05T00:09:04.645+0000] {logging_mixin.py:188} INFO - [2026-05-05T00:09:04.644+0000] {dag.py:3089} INFO - Sync 1 DAGs
[2026-05-05T00:09:04.670+0000] {logging_mixin.py:188} INFO - [2026-05-05T00:09:04.670+0000] {dag.py:3947} INFO - Setting next_dagrun for flights_ops_medallion_pipe to 2026-05-05 00:00:00+00:00, run_after=2026-05-05 00:30:00+00:00
[2026-05-05T00:09:04.697+0000] {processor.py:183} INFO - Processing /opt/airflow/dags/flight-pipeline.py took 0.932 seconds
[2026-05-05T00:09:34.997+0000] {processor.py:161} INFO - Started process (PID=19370) to work on /opt/airflow/dags/flight-pipeline.py
[2026-05-05T00:09:34.999+0000] {processor.py:830} INFO - Processing file /opt/airflow/dags/flight-pipeline.py for tasks to queue
[2026-05-05T00:09:35.000+0000] {logging_mixin.py:188} INFO - [2026-05-05T00:09:35.000+0000] {dagbag.py:545} INFO - Filling up the DagBag from /opt/airflow/dags/flight-pipeline.py
[2026-05-05T00:09:35.868+0000] {processor.py:840} INFO - DAG(s) 'flights_ops_medallion_pipe' retrieved from /opt/airflow/dags/flight-pipeline.py
[2026-05-05T00:09:35.903+0000] {logging_mixin.py:188} INFO - [2026-05-05T00:09:35.903+0000] {dag.py:3089} INFO - Sync 1 DAGs
[2026-05-05T00:09:35.924+0000] {logging_mixin.py:188} INFO - [2026-05-05T00:09:35.923+0000] {dag.py:3947} INFO - Setting next_dagrun for flights_ops_medallion_pipe to 2026-05-05 00:00:00+00:00, run_after=2026-05-05 00:30:00+00:00
[2026-05-05T00:09:35.941+0000] {processor.py:183} INFO - Processing /opt/airflow/dags/flight-pipeline.py took 0.952 seconds
[2026-05-05T00:10:06.243+0000] {processor.py:161} INFO - Started process (PID=19373) to work on /opt/airflow/dags/flight-pipeline.py
[2026-05-05T00:10:06.245+0000] {processor.py:830} INFO - Processing file /opt/airflow/dags/flight-pipeline.py for tasks to queue
[2026-05-05T00:10:06.246+0000] {logging_mixin.py:188} INFO - [2026-05-05T00:10:06.246+0000] {dagbag.py:545} INFO - Filling up the DagBag from /opt/airflow/dags/flight-pipeline.py
[2026-05-05T00:10:07.085+0000] {processor.py:840} INFO - DAG(s) 'flights_ops_medallion_pipe' retrieved from /opt/airflow/dags/flight-pipeline.py
[2026-05-05T00:10:07.115+0000] {logging_mixin.py:188} INFO - [2026-05-05T00:10:07.114+0000] {dag.py:3089} INFO - Sync 1 DAGs
[2026-05-05T00:10:07.134+0000] {logging_mixin.py:188} INFO - [2026-05-05T00:10:07.134+0000] {dag.py:3947} INFO - Setting next_dagrun for flights_ops_medallion_pipe to 2026-05-05 00:00:00+00:00, run_after=2026-05-05 00:30:00+00:00
[2026-05-05T00:10:07.156+0000] {processor.py:183} INFO - Processing /opt/airflow/dags/flight-pipeline.py took 0.922 seconds
[2026-05-05T00:10:37.457+0000] {processor.py:161} INFO - Started process (PID=19376) to work on /opt/airflow/dags/flight-pipeline.py
[2026-05-05T00:10:37.459+0000] {processor.py:830} INFO - Processing file /opt/airflow/dags/flight-pipeline.py for tasks to queue
[2026-05-05T00:10:37.460+0000] {logging_mixin.py:188} INFO - [2026-05-05T00:10:37.460+0000] {dagbag.py:545} INFO - Filling up the DagBag from /opt/airflow/dags/flight-pipeline.py
[2026-05-05T00:10:38.584+0000] {processor.py:840} INFO - DAG(s) 'flights_ops_medallion_pipe' retrieved from /opt/airflow/dags/flight-pipeline.py
[2026-05-05T00:10:38.616+0000] {logging_mixin.py:188} INFO - [2026-05-05T00:10:38.615+0000] {dag.py:3089} INFO - Sync 1 DAGs
[2026-05-05T00:10:38.638+0000] {logging_mixin.py:188} INFO - [2026-05-05T00:10:38.638+0000] {dag.py:3947} INFO - Setting next_dagrun for flights_ops_medallion_pipe to 2026-05-05 00:00:00+00:00, run_after=2026-05-05 00:30:00+00:00
[2026-05-05T00:10:38.657+0000] {processor.py:183} INFO - Processing /opt/airflow/dags/flight-pipeline.py took 1.210 seconds
[2026-05-05T00:11:08.859+0000] {processor.py:161} INFO - Started process (PID=19379) to work on /opt/airflow/dags/flight-pipeline.py
[2026-05-05T00:11:08.864+0000] {processor.py:830} INFO - Processing file /opt/airflow/dags/flight-pipeline.py for tasks to queue
[2026-05-05T00:11:08.867+0000] {logging_mixin.py:188} INFO - [2026-05-05T00:11:08.866+0000] {dagbag.py:545} INFO - Filling up the DagBag from /opt/airflow/dags/flight-pipeline.py
[2026-05-05T00:11:12.549+0000] {processor.py:840} INFO - DAG(s) 'flights_ops_medallion_pipe' retrieved from /opt/airflow/dags/flight-pipeline.py
[2026-05-05T00:11:12.636+0000] {logging_mixin.py:188} INFO - [2026-05-05T00:11:12.635+0000] {dag.py:3089} INFO - Sync 1 DAGs
[2026-05-05T00:11:12.665+0000] {logging_mixin.py:188} INFO - [2026-05-05T00:11:12.665+0000] {dag.py:3947} INFO - Setting next_dagrun for flights_ops_medallion_pipe to 2026-05-05 00:00:00+00:00, run_after=2026-05-05 00:30:00+00:00
[2026-05-05T00:11:12.682+0000] {processor.py:183} INFO - Processing /opt/airflow/dags/flight-pipeline.py took 3.979 seconds
[2026-05-05T00:11:42.975+0000] {processor.py:161} INFO - Started process (PID=19382) to work on /opt/airflow/dags/flight-pipeline.py
[2026-05-05T00:11:42.977+0000] {processor.py:830} INFO - Processing file /opt/airflow/dags/flight-pipeline.py for tasks to queue
[2026-05-05T00:11:42.979+0000] {logging_mixin.py:188} INFO - [2026-05-05T00:11:42.978+0000] {dagbag.py:545} INFO - Filling up the DagBag from /opt/airflow/dags/flight-pipeline.py
[2026-05-05T00:11:43.975+0000] {processor.py:840} INFO - DAG(s) 'flights_ops_medallion_pipe' retrieved from /opt/airflow/dags/flight-pipeline.py
[2026-05-05T00:11:44.007+0000] {logging_mixin.py:188} INFO - [2026-05-05T00:11:44.007+0000] {dag.py:3089} INFO - Sync 1 DAGs
[2026-05-05T00:11:44.030+0000] {logging_mixin.py:188} INFO - [2026-05-05T00:11:44.029+0000] {dag.py:3947} INFO - Setting next_dagrun for flights_ops_medallion_pipe to 2026-05-05 00:00:00+00:00, run_after=2026-05-05 00:30:00+00:00
[2026-05-05T00:11:44.050+0000] {processor.py:183} INFO - Processing /opt/airflow/dags/flight-pipeline.py took 1.086 seconds
[2026-05-05T00:12:14.262+0000] {processor.py:161} INFO - Started process (PID=19385) to work on /opt/airflow/dags/flight-pipeline.py
[2026-05-05T00:12:14.264+0000] {processor.py:830} INFO - Processing file /opt/airflow/dags/flight-pipeline.py for tasks to queue
[2026-05-05T00:12:14.267+0000] {logging_mixin.py:188} INFO - [2026-05-05T00:12:14.266+0000] {dagbag.py:545} INFO - Filling up the DagBag from /opt/airflow/dags/flight-pipeline.py
[2026-05-05T00:12:15.307+0000] {processor.py:840} INFO - DAG(s) 'flights_ops_medallion_pipe' retrieved from /opt/airflow/dags/flight-pipeline.py
[2026-05-05T00:12:15.383+0000] {logging_mixin.py:188} INFO - [2026-05-05T00:12:15.382+0000] {dag.py:3089} INFO - Sync 1 DAGs
[2026-05-05T00:12:15.427+0000] {logging_mixin.py:188} INFO - [2026-05-05T00:12:15.427+0000] {dag.py:3947} INFO - Setting next_dagrun for flights_ops_medallion_pipe to 2026-05-05 00:00:00+00:00, run_after=2026-05-05 00:30:00+00:00
[2026-05-05T00:12:15.457+0000] {processor.py:183} INFO - Processing /opt/airflow/dags/flight-pipeline.py took 1.207 seconds
[2026-05-05T00:12:45.524+0000] {processor.py:161} INFO - Started process (PID=19388) to work on /opt/airflow/dags/flight-pipeline.py
[2026-05-05T00:12:45.525+0000] {processor.py:830} INFO - Processing file /opt/airflow/dags/flight-pipeline.py for tasks to queue
[2026-05-05T00:12:45.527+0000] {logging_mixin.py:188} INFO - [2026-05-05T00:12:45.526+0000] {dagbag.py:545} INFO - Filling up the DagBag from /opt/airflow/dags/flight-pipeline.py
[2026-05-05T00:12:46.846+0000] {processor.py:840} INFO - DAG(s) 'flights_ops_medallion_pipe' retrieved from /opt/airflow/dags/flight-pipeline.py
[2026-05-05T00:12:47.017+0000] {logging_mixin.py:188} INFO - [2026-05-05T00:12:47.017+0000] {dag.py:3089} INFO - Sync 1 DAGs
[2026-05-05T00:12:47.151+0000] {logging_mixin.py:188} INFO - [2026-05-05T00:12:47.151+0000] {dag.py:3947} INFO - Setting next_dagrun for flights_ops_medallion_pipe to 2026-05-05 00:00:00+00:00, run_after=2026-05-05 00:30:00+00:00
[2026-05-05T00:12:47.179+0000] {processor.py:183} INFO - Processing /opt/airflow/dags/flight-pipeline.py took 1.662 seconds
[2026-05-05T00:13:17.442+0000] {processor.py:161} INFO - Started process (PID=19391) to work on /opt/airflow/dags/flight-pipeline.py
[2026-05-05T00:13:17.444+0000] {processor.py:830} INFO - Processing file /opt/airflow/dags/flight-pipeline.py for tasks to queue
[2026-05-05T00:13:17.445+0000] {logging_mixin.py:188} INFO - [2026-05-05T00:13:17.445+0000] {dagbag.py:545} INFO - Filling up the DagBag from /opt/airflow/dags/flight-pipeline.py
[2026-05-05T00:13:18.249+0000] {processor.py:840} INFO - DAG(s) 'flights_ops_medallion_pipe' retrieved from /opt/airflow/dags/flight-pipeline.py
[2026-05-05T00:13:18.281+0000] {logging_mixin.py:188} INFO - [2026-05-05T00:13:18.280+0000] {dag.py:3089} INFO - Sync 1 DAGs
[2026-05-05T00:13:18.299+0000] {logging_mixin.py:188} INFO - [2026-05-05T00:13:18.299+0000] {dag.py:3947} INFO - Setting next_dagrun for flights_ops_medallion_pipe to 2026-05-05 00:00:00+00:00, run_after=2026-05-05 00:30:00+00:00
[2026-05-05T00:13:18.319+0000] {processor.py:183} INFO - Processing /opt/airflow/dags/flight-pipeline.py took 0.885 seconds
[2026-05-05T00:13:48.591+0000] {processor.py:161} INFO - Started process (PID=19394) to work on /opt/airflow/dags/flight-pipeline.py
[2026-05-05T00:13:48.592+0000] {processor.py:830} INFO - Processing file /opt/airflow/dags/flight-pipeline.py for tasks to queue
[2026-05-05T00:13:48.593+0000] {logging_mixin.py:188} INFO - [2026-05-05T00:13:48.593+0000] {dagbag.py:545} INFO - Filling up the DagBag from /opt/airflow/dags/flight-pipeline.py
[2026-05-05T00:13:49.471+0000] {processor.py:840} INFO - DAG(s) 'flights_ops_medallion_pipe' retrieved from /opt/airflow/dags/flight-pipeline.py
[2026-05-05T00:13:49.502+0000] {logging_mixin.py:188} INFO - [2026-05-05T00:13:49.501+0000] {dag.py:3089} INFO - Sync 1 DAGs
[2026-05-05T00:13:49.524+0000] {logging_mixin.py:188} INFO - [2026-05-05T00:13:49.523+0000] {dag.py:3947} INFO - Setting next_dagrun for flights_ops_medallion_pipe to 2026-05-05 00:00:00+00:00, run_after=2026-05-05 00:30:00+00:00
[2026-05-05T00:13:49.541+0000] {processor.py:183} INFO - Processing /opt/airflow/dags/flight-pipeline.py took 0.959 seconds
[2026-05-05T00:14:19.920+0000] {processor.py:161} INFO - Started process (PID=19397) to work on /opt/airflow/dags/flight-pipeline.py
[2026-05-05T00:14:19.922+0000] {processor.py:830} INFO - Processing file /opt/airflow/dags/flight-pipeline.py for tasks to queue
[2026-05-05T00:14:19.923+0000] {logging_mixin.py:188} INFO - [2026-05-05T00:14:19.923+0000] {dagbag.py:545} INFO - Filling up the DagBag from /opt/airflow/dags/flight-pipeline.py
[2026-05-05T00:14:20.841+0000] {processor.py:840} INFO - DAG(s) 'flights_ops_medallion_pipe' retrieved from /opt/airflow/dags/flight-pipeline.py
[2026-05-05T00:14:20.869+0000] {logging_mixin.py:188} INFO - [2026-05-05T00:14:20.869+0000] {dag.py:3089} INFO - Sync 1 DAGs
[2026-05-05T00:14:20.888+0000] {logging_mixin.py:188} INFO - [2026-05-05T00:14:20.887+0000] {dag.py:3947} INFO - Setting next_dagrun for flights_ops_medallion_pipe to 2026-05-05 00:00:00+00:00, run_after=2026-05-05 00:30:00+00:00
[2026-05-05T00:14:20.907+0000] {processor.py:183} INFO - Processing /opt/airflow/dags/flight-pipeline.py took 0.997 seconds
[2026-05-05T00:14:51.171+0000] {processor.py:161} INFO - Started process (PID=19400) to work on /opt/airflow/dags/flight-pipeline.py
[2026-05-05T00:14:51.173+0000] {processor.py:830} INFO - Processing file /opt/airflow/dags/flight-pipeline.py for tasks to queue
[2026-05-05T00:14:51.175+0000] {logging_mixin.py:188} INFO - [2026-05-05T00:14:51.174+0000] {dagbag.py:545} INFO - Filling up the DagBag from /opt/airflow/dags/flight-pipeline.py
[2026-05-05T00:14:52.311+0000] {processor.py:840} INFO - DAG(s) 'flights_ops_medallion_pipe' retrieved from /opt/airflow/dags/flight-pipeline.py
[2026-05-05T00:14:52.375+0000] {logging_mixin.py:188} INFO - [2026-05-05T00:14:52.374+0000] {dag.py:3089} INFO - Sync 1 DAGs
[2026-05-05T00:14:52.415+0000] {logging_mixin.py:188} INFO - [2026-05-05T00:14:52.414+0000] {dag.py:3947} INFO - Setting next_dagrun for flights_ops_medallion_pipe to 2026-05-05 00:00:00+00:00, run_after=2026-05-05 00:30:00+00:00
[2026-05-05T00:14:52.438+0000] {processor.py:183} INFO - Processing /opt/airflow/dags/flight-pipeline.py took 1.277 seconds
[2026-05-05T00:15:22.732+0000] {processor.py:161} INFO - Started process (PID=19403) to work on /opt/airflow/dags/flight-pipeline.py
[2026-05-05T00:15:22.734+0000] {processor.py:830} INFO - Processing file /opt/airflow/dags/flight-pipeline.py for tasks to queue
[2026-05-05T00:15:22.735+0000] {logging_mixin.py:188} INFO - [2026-05-05T00:15:22.734+0000] {dagbag.py:545} INFO - Filling up the DagBag from /opt/airflow/dags/flight-pipeline.py
[2026-05-05T00:15:23.615+0000] {processor.py:840} INFO - DAG(s) 'flights_ops_medallion_pipe' retrieved from /opt/airflow/dags/flight-pipeline.py
[2026-05-05T00:15:23.646+0000] {logging_mixin.py:188} INFO - [2026-05-05T00:15:23.646+0000] {dag.py:3089} INFO - Sync 1 DAGs
[2026-05-05T00:15:23.665+0000] {logging_mixin.py:188} INFO - [2026-05-05T00:15:23.665+0000] {dag.py:3947} INFO - Setting next_dagrun for flights_ops_medallion_pipe to 2026-05-05 00:00:00+00:00, run_after=2026-05-05 00:30:00+00:00
[2026-05-05T00:15:23.688+0000] {processor.py:183} INFO - Processing /opt/airflow/dags/flight-pipeline.py took 0.965 seconds
[2026-05-05T00:15:53.960+0000] {processor.py:161} INFO - Started process (PID=19406) to work on /opt/airflow/dags/flight-pipeline.py
[2026-05-05T00:15:53.962+0000] {processor.py:830} INFO - Processing file /opt/airflow/dags/flight-pipeline.py for tasks to queue
[2026-05-05T00:15:53.965+0000] {logging_mixin.py:188} INFO - [2026-05-05T00:15:53.964+0000] {dagbag.py:545} INFO - Filling up the DagBag from /opt/airflow/dags/flight-pipeline.py
[2026-05-05T00:15:54.864+0000] {processor.py:840} INFO - DAG(s) 'flights_ops_medallion_pipe' retrieved from /opt/airflow/dags/flight-pipeline.py
[2026-05-05T00:15:54.896+0000] {logging_mixin.py:188} INFO - [2026-05-05T00:15:54.895+0000] {dag.py:3089} INFO - Sync 1 DAGs
[2026-05-05T00:15:54.917+0000] {logging_mixin.py:188} INFO - [2026-05-05T00:15:54.916+0000] {dag.py:3947} INFO - Setting next_dagrun for flights_ops_medallion_pipe to 2026-05-05 00:00:00+00:00, run_after=2026-05-05 00:30:00+00:00
[2026-05-05T00:15:54.937+0000] {processor.py:183} INFO - Processing /opt/airflow/dags/flight-pipeline.py took 0.991 seconds
[2026-05-05T00:16:25.205+0000] {processor.py:161} INFO - Started process (PID=19409) to work on /opt/airflow/dags/flight-pipeline.py
[2026-05-05T00:16:25.207+0000] {processor.py:830} INFO - Processing file /opt/airflow/dags/flight-pipeline.py for tasks to queue
[2026-05-05T00:16:25.208+0000] {logging_mixin.py:188} INFO - [2026-05-05T00:16:25.207+0000] {dagbag.py:545} INFO - Filling up the DagBag from /opt/airflow/dags/flight-pipeline.py
[2026-05-05T00:16:26.140+0000] {processor.py:840} INFO - DAG(s) 'flights_ops_medallion_pipe' retrieved from /opt/airflow/dags/flight-pipeline.py
[2026-05-05T00:16:26.179+0000] {logging_mixin.py:188} INFO - [2026-05-05T00:16:26.178+0000] {dag.py:3089} INFO - Sync 1 DAGs
[2026-05-05T00:16:26.202+0000] {logging_mixin.py:188} INFO - [2026-05-05T00:16:26.202+0000] {dag.py:3947} INFO - Setting next_dagrun for flights_ops_medallion_pipe to 2026-05-05 00:00:00+00:00, run_after=2026-05-05 00:30:00+00:00
[2026-05-05T00:16:26.219+0000] {processor.py:183} INFO - Processing /opt/airflow/dags/flight-pipeline.py took 1.023 seconds
[2026-05-05T00:16:56.498+0000] {processor.py:161} INFO - Started process (PID=19412) to work on /opt/airflow/dags/flight-pipeline.py
[2026-05-05T00:16:56.499+0000] {processor.py:830} INFO - Processing file /opt/airflow/dags/flight-pipeline.py for tasks to queue
[2026-05-05T00:16:56.501+0000] {logging_mixin.py:188} INFO - [2026-05-05T00:16:56.500+0000] {dagbag.py:545} INFO - Filling up the DagBag from /opt/airflow/dags/flight-pipeline.py
[2026-05-05T00:16:57.356+0000] {processor.py:840} INFO - DAG(s) 'flights_ops_medallion_pipe' retrieved from /opt/airflow/dags/flight-pipeline.py
[2026-05-05T00:16:57.385+0000] {logging_mixin.py:188} INFO - [2026-05-05T00:16:57.385+0000] {dag.py:3089} INFO - Sync 1 DAGs
[2026-05-05T00:16:57.405+0000] {logging_mixin.py:188} INFO - [2026-05-05T00:16:57.405+0000] {dag.py:3947} INFO - Setting next_dagrun for flights_ops_medallion_pipe to 2026-05-05 00:00:00+00:00, run_after=2026-05-05 00:30:00+00:00
[2026-05-05T00:16:57.422+0000] {processor.py:183} INFO - Processing /opt/airflow/dags/flight-pipeline.py took 0.931 seconds
[2026-05-05T00:17:27.748+0000] {processor.py:161} INFO - Started process (PID=19415) to work on /opt/airflow/dags/flight-pipeline.py
[2026-05-05T00:17:27.749+0000] {processor.py:830} INFO - Processing file /opt/airflow/dags/flight-pipeline.py for tasks to queue
[2026-05-05T00:17:27.751+0000] {logging_mixin.py:188} INFO - [2026-05-05T00:17:27.750+0000] {dagbag.py:545} INFO - Filling up the DagBag from /opt/airflow/dags/flight-pipeline.py
[2026-05-05T00:17:28.762+0000] {processor.py:840} INFO - DAG(s) 'flights_ops_medallion_pipe' retrieved from /opt/airflow/dags/flight-pipeline.py
[2026-05-05T00:17:28.794+0000] {logging_mixin.py:188} INFO - [2026-05-05T00:17:28.793+0000] {dag.py:3089} INFO - Sync 1 DAGs
[2026-05-05T00:17:28.815+0000] {logging_mixin.py:188} INFO - [2026-05-05T00:17:28.815+0000] {dag.py:3947} INFO - Setting next_dagrun for flights_ops_medallion_pipe to 2026-05-05 00:00:00+00:00, run_after=2026-05-05 00:30:00+00:00
[2026-05-05T00:17:28.834+0000] {processor.py:183} INFO - Processing /opt/airflow/dags/flight-pipeline.py took 1.097 seconds
[2026-05-05T00:17:59.038+0000] {processor.py:161} INFO - Started process (PID=19418) to work on /opt/airflow/dags/flight-pipeline.py
[2026-05-05T00:17:59.039+0000] {processor.py:830} INFO - Processing file /opt/airflow/dags/flight-pipeline.py for tasks to queue
[2026-05-05T00:17:59.041+0000] {logging_mixin.py:188} INFO - [2026-05-05T00:17:59.040+0000] {dagbag.py:545} INFO - Filling up the DagBag from /opt/airflow/dags/flight-pipeline.py
[2026-05-05T00:17:59.877+0000] {processor.py:840} INFO - DAG(s) 'flights_ops_medallion_pipe' retrieved from /opt/airflow/dags/flight-pipeline.py
[2026-05-05T00:17:59.908+0000] {logging_mixin.py:188} INFO - [2026-05-05T00:17:59.908+0000] {dag.py:3089} INFO - Sync 1 DAGs
[2026-05-05T00:17:59.929+0000] {logging_mixin.py:188} INFO - [2026-05-05T00:17:59.929+0000] {dag.py:3947} INFO - Setting next_dagrun for flights_ops_medallion_pipe to 2026-05-05 00:00:00+00:00, run_after=2026-05-05 00:30:00+00:00
[2026-05-05T00:17:59.946+0000] {processor.py:183} INFO - Processing /opt/airflow/dags/flight-pipeline.py took 0.916 seconds
[2026-05-05T00:18:30.265+0000] {processor.py:161} INFO - Started process (PID=19421) to work on /opt/airflow/dags/flight-pipeline.py
[2026-05-05T00:18:30.269+0000] {processor.py:830} INFO - Processing file /opt/airflow/dags/flight-pipeline.py for tasks to queue
[2026-05-05T00:18:30.271+0000] {logging_mixin.py:188} INFO - [2026-05-05T00:18:30.270+0000] {dagbag.py:545} INFO - Filling up the DagBag from /opt/airflow/dags/flight-pipeline.py
[2026-05-05T00:18:31.399+0000] {processor.py:840} INFO - DAG(s) 'flights_ops_medallion_pipe' retrieved from /opt/airflow/dags/flight-pipeline.py
[2026-05-05T00:18:31.436+0000] {logging_mixin.py:188} INFO - [2026-05-05T00:18:31.435+0000] {dag.py:3089} INFO - Sync 1 DAGs
[2026-05-05T00:18:31.462+0000] {logging_mixin.py:188} INFO - [2026-05-05T00:18:31.462+0000] {dag.py:3947} INFO - Setting next_dagrun for flights_ops_medallion_pipe to 2026-05-05 00:00:00+00:00, run_after=2026-05-05 00:30:00+00:00
[2026-05-05T00:18:31.484+0000] {processor.py:183} INFO - Processing /opt/airflow/dags/flight-pipeline.py took 1.230 seconds
[2026-05-05T00:19:01.602+0000] {processor.py:161} INFO - Started process (PID=19424) to work on /opt/airflow/dags/flight-pipeline.py
[2026-05-05T00:19:01.603+0000] {processor.py:830} INFO - Processing file /opt/airflow/dags/flight-pipeline.py for tasks to queue
[2026-05-05T00:19:01.604+0000] {logging_mixin.py:188} INFO - [2026-05-05T00:19:01.604+0000] {dagbag.py:545} INFO - Filling up the DagBag from /opt/airflow/dags/flight-pipeline.py
[2026-05-05T00:19:02.464+0000] {processor.py:840} INFO - DAG(s) 'flights_ops_medallion_pipe' retrieved from /opt/airflow/dags/flight-pipeline.py
[2026-05-05T00:19:02.494+0000] {logging_mixin.py:188} INFO - [2026-05-05T00:19:02.493+0000] {dag.py:3089} INFO - Sync 1 DAGs
[2026-05-05T00:19:02.514+0000] {logging_mixin.py:188} INFO - [2026-05-05T00:19:02.514+0000] {dag.py:3947} INFO - Setting next_dagrun for flights_ops_medallion_pipe to 2026-05-05 00:00:00+00:00, run_after=2026-05-05 00:30:00+00:00
[2026-05-05T00:19:02.532+0000] {processor.py:183} INFO - Processing /opt/airflow/dags/flight-pipeline.py took 0.939 seconds
[2026-05-05T00:19:32.850+0000] {processor.py:161} INFO - Started process (PID=19427) to work on /opt/airflow/dags/flight-pipeline.py
[2026-05-05T00:19:32.853+0000] {processor.py:830} INFO - Processing file /opt/airflow/dags/flight-pipeline.py for tasks to queue
[2026-05-05T00:19:32.855+0000] {logging_mixin.py:188} INFO - [2026-05-05T00:19:32.854+0000] {dagbag.py:545} INFO - Filling up the DagBag from /opt/airflow/dags/flight-pipeline.py
[2026-05-05T00:19:34.007+0000] {processor.py:840} INFO - DAG(s) 'flights_ops_medallion_pipe' retrieved from /opt/airflow/dags/flight-pipeline.py
[2026-05-05T00:19:34.037+0000] {logging_mixin.py:188} INFO - [2026-05-05T00:19:34.036+0000] {dag.py:3089} INFO - Sync 1 DAGs
[2026-05-05T00:19:34.057+0000] {logging_mixin.py:188} INFO - [2026-05-05T00:19:34.057+0000] {dag.py:3947} INFO - Setting next_dagrun for flights_ops_medallion_pipe to 2026-05-05 00:00:00+00:00, run_after=2026-05-05 00:30:00+00:00
[2026-05-05T00:19:34.074+0000] {processor.py:183} INFO - Processing /opt/airflow/dags/flight-pipeline.py took 1.238 seconds
[2026-05-05T00:20:04.241+0000] {processor.py:161} INFO - Started process (PID=19430) to work on /opt/airflow/dags/flight-pipeline.py
[2026-05-05T00:20:04.242+0000] {processor.py:830} INFO - Processing file /opt/airflow/dags/flight-pipeline.py for tasks to queue
[2026-05-05T00:20:04.243+0000] {logging_mixin.py:188} INFO - [2026-05-05T00:20:04.243+0000] {dagbag.py:545} INFO - Filling up the DagBag from /opt/airflow/dags/flight-pipeline.py
[2026-05-05T00:20:05.049+0000] {processor.py:840} INFO - DAG(s) 'flights_ops_medallion_pipe' retrieved from /opt/airflow/dags/flight-pipeline.py
[2026-05-05T00:20:05.082+0000] {logging_mixin.py:188} INFO - [2026-05-05T00:20:05.081+0000] {dag.py:3089} INFO - Sync 1 DAGs
[2026-05-05T00:20:05.100+0000] {logging_mixin.py:188} INFO - [2026-05-05T00:20:05.100+0000] {dag.py:3947} INFO - Setting next_dagrun for flights_ops_medallion_pipe to 2026-05-05 00:00:00+00:00, run_after=2026-05-05 00:30:00+00:00
[2026-05-05T00:20:05.116+0000] {processor.py:183} INFO - Processing /opt/airflow/dags/flight-pipeline.py took 0.885 seconds
[2026-05-05T00:20:35.379+0000] {processor.py:161} INFO - Started process (PID=19433) to work on /opt/airflow/dags/flight-pipeline.py
[2026-05-05T00:20:35.382+0000] {processor.py:830} INFO - Processing file /opt/airflow/dags/flight-pipeline.py for tasks to queue
[2026-05-05T00:20:35.383+0000] {logging_mixin.py:188} INFO - [2026-05-05T00:20:35.383+0000] {dagbag.py:545} INFO - Filling up the DagBag from /opt/airflow/dags/flight-pipeline.py
[2026-05-05T00:20:36.401+0000] {processor.py:840} INFO - DAG(s) 'flights_ops_medallion_pipe' retrieved from /opt/airflow/dags/flight-pipeline.py
[2026-05-05T00:20:36.441+0000] {logging_mixin.py:188} INFO - [2026-05-05T00:20:36.440+0000] {dag.py:3089} INFO - Sync 1 DAGs
[2026-05-05T00:20:36.468+0000] {logging_mixin.py:188} INFO - [2026-05-05T00:20:36.468+0000] {dag.py:3947} INFO - Setting next_dagrun for flights_ops_medallion_pipe to 2026-05-05 00:00:00+00:00, run_after=2026-05-05 00:30:00+00:00
[2026-05-05T00:20:36.488+0000] {processor.py:183} INFO - Processing /opt/airflow/dags/flight-pipeline.py took 1.119 seconds
[2026-05-05T00:21:06.629+0000] {processor.py:161} INFO - Started process (PID=19436) to work on /opt/airflow/dags/flight-pipeline.py
[2026-05-05T00:21:06.630+0000] {processor.py:830} INFO - Processing file /opt/airflow/dags/flight-pipeline.py for tasks to queue
[2026-05-05T00:21:06.632+0000] {logging_mixin.py:188} INFO - [2026-05-05T00:21:06.631+0000] {dagbag.py:545} INFO - Filling up the DagBag from /opt/airflow/dags/flight-pipeline.py
[2026-05-05T00:21:07.634+0000] {processor.py:840} INFO - DAG(s) 'flights_ops_medallion_pipe' retrieved from /opt/airflow/dags/flight-pipeline.py
[2026-05-05T00:21:07.742+0000] {logging_mixin.py:188} INFO - [2026-05-05T00:21:07.742+0000] {dag.py:3089} INFO - Sync 1 DAGs
[2026-05-05T00:21:07.914+0000] {logging_mixin.py:188} INFO - [2026-05-05T00:21:07.914+0000] {dag.py:3947} INFO - Setting next_dagrun for flights_ops_medallion_pipe to 2026-05-05 00:00:00+00:00, run_after=2026-05-05 00:30:00+00:00
[2026-05-05T00:21:08.017+0000] {processor.py:183} INFO - Processing /opt/airflow/dags/flight-pipeline.py took 1.397 seconds
[2026-05-05T00:21:38.289+0000] {processor.py:161} INFO - Started process (PID=19439) to work on /opt/airflow/dags/flight-pipeline.py
[2026-05-05T00:21:38.305+0000] {processor.py:830} INFO - Processing file /opt/airflow/dags/flight-pipeline.py for tasks to queue
[2026-05-05T00:21:38.306+0000] {logging_mixin.py:188} INFO - [2026-05-05T00:21:38.306+0000] {dagbag.py:545} INFO - Filling up the DagBag from /opt/airflow/dags/flight-pipeline.py
[2026-05-05T00:21:39.110+0000] {processor.py:840} INFO - DAG(s) 'flights_ops_medallion_pipe' retrieved from /opt/airflow/dags/flight-pipeline.py
[2026-05-05T00:21:39.145+0000] {logging_mixin.py:188} INFO - [2026-05-05T00:21:39.144+0000] {dag.py:3089} INFO - Sync 1 DAGs
[2026-05-05T00:21:39.324+0000] {logging_mixin.py:188} INFO - [2026-05-05T00:21:39.322+0000] {dag.py:3947} INFO - Setting next_dagrun for flights_ops_medallion_pipe to 2026-05-05 00:00:00+00:00, run_after=2026-05-05 00:30:00+00:00
[2026-05-05T00:21:39.400+0000] {processor.py:183} INFO - Processing /opt/airflow/dags/flight-pipeline.py took 1.120 seconds
[2026-05-05T00:22:09.543+0000] {processor.py:161} INFO - Started process (PID=19442) to work on /opt/airflow/dags/flight-pipeline.py
[2026-05-05T00:22:09.563+0000] {processor.py:830} INFO - Processing file /opt/airflow/dags/flight-pipeline.py for tasks to queue
[2026-05-05T00:22:09.591+0000] {logging_mixin.py:188} INFO - [2026-05-05T00:22:09.576+0000] {dagbag.py:545} INFO - Filling up the DagBag from /opt/airflow/dags/flight-pipeline.py
[2026-05-05T00:22:10.661+0000] {processor.py:840} INFO - DAG(s) 'flights_ops_medallion_pipe' retrieved from /opt/airflow/dags/flight-pipeline.py
[2026-05-05T00:22:10.691+0000] {logging_mixin.py:188} INFO - [2026-05-05T00:22:10.691+0000] {dag.py:3089} INFO - Sync 1 DAGs
[2026-05-05T00:22:10.710+0000] {logging_mixin.py:188} INFO - [2026-05-05T00:22:10.710+0000] {dag.py:3947} INFO - Setting next_dagrun for flights_ops_medallion_pipe to 2026-05-05 00:00:00+00:00, run_after=2026-05-05 00:30:00+00:00
[2026-05-05T00:22:10.728+0000] {processor.py:183} INFO - Processing /opt/airflow/dags/flight-pipeline.py took 1.198 seconds
[2026-05-05T00:22:40.922+0000] {processor.py:161} INFO - Started process (PID=19445) to work on /opt/airflow/dags/flight-pipeline.py
[2026-05-05T00:22:40.923+0000] {processor.py:830} INFO - Processing file /opt/airflow/dags/flight-pipeline.py for tasks to queue
[2026-05-05T00:22:40.925+0000] {logging_mixin.py:188} INFO - [2026-05-05T00:22:40.924+0000] {dagbag.py:545} INFO - Filling up the DagBag from /opt/airflow/dags/flight-pipeline.py
[2026-05-05T00:22:41.751+0000] {processor.py:840} INFO - DAG(s) 'flights_ops_medallion_pipe' retrieved from /opt/airflow/dags/flight-pipeline.py
[2026-05-05T00:22:41.785+0000] {logging_mixin.py:188} INFO - [2026-05-05T00:22:41.784+0000] {dag.py:3089} INFO - Sync 1 DAGs
[2026-05-05T00:22:41.807+0000] {logging_mixin.py:188} INFO - [2026-05-05T00:22:41.807+0000] {dag.py:3947} INFO - Setting next_dagrun for flights_ops_medallion_pipe to 2026-05-05 00:00:00+00:00, run_after=2026-05-05 00:30:00+00:00
[2026-05-05T00:22:41.826+0000] {processor.py:183} INFO - Processing /opt/airflow/dags/flight-pipeline.py took 0.913 seconds
[2026-05-05T00:23:12.093+0000] {processor.py:161} INFO - Started process (PID=19448) to work on /opt/airflow/dags/flight-pipeline.py
[2026-05-05T00:23:12.094+0000] {processor.py:830} INFO - Processing file /opt/airflow/dags/flight-pipeline.py for tasks to queue
[2026-05-05T00:23:12.096+0000] {logging_mixin.py:188} INFO - [2026-05-05T00:23:12.095+0000] {dagbag.py:545} INFO - Filling up the DagBag from /opt/airflow/dags/flight-pipeline.py
[2026-05-05T00:23:12.902+0000] {processor.py:840} INFO - DAG(s) 'flights_ops_medallion_pipe' retrieved from /opt/airflow/dags/flight-pipeline.py
[2026-05-05T00:23:12.932+0000] {logging_mixin.py:188} INFO - [2026-05-05T00:23:12.931+0000] {dag.py:3089} INFO - Sync 1 DAGs
[2026-05-05T00:23:12.953+0000] {logging_mixin.py:188} INFO - [2026-05-05T00:23:12.953+0000] {dag.py:3947} INFO - Setting next_dagrun for flights_ops_medallion_pipe to 2026-05-05 00:00:00+00:00, run_after=2026-05-05 00:30:00+00:00
[2026-05-05T00:23:12.971+0000] {processor.py:183} INFO - Processing /opt/airflow/dags/flight-pipeline.py took 0.888 seconds
[2026-05-05T00:23:43.268+0000] {processor.py:161} INFO - Started process (PID=19451) to work on /opt/airflow/dags/flight-pipeline.py
[2026-05-05T00:23:43.271+0000] {processor.py:830} INFO - Processing file /opt/airflow/dags/flight-pipeline.py for tasks to queue
[2026-05-05T00:23:43.274+0000] {logging_mixin.py:188} INFO - [2026-05-05T00:23:43.273+0000] {dagbag.py:545} INFO - Filling up the DagBag from /opt/airflow/dags/flight-pipeline.py
[2026-05-05T00:23:44.167+0000] {processor.py:840} INFO - DAG(s) 'flights_ops_medallion_pipe' retrieved from /opt/airflow/dags/flight-pipeline.py
[2026-05-05T00:23:44.199+0000] {logging_mixin.py:188} INFO - [2026-05-05T00:23:44.199+0000] {dag.py:3089} INFO - Sync 1 DAGs
[2026-05-05T00:23:44.221+0000] {logging_mixin.py:188} INFO - [2026-05-05T00:23:44.221+0000] {dag.py:3947} INFO - Setting next_dagrun for flights_ops_medallion_pipe to 2026-05-05 00:00:00+00:00, run_after=2026-05-05 00:30:00+00:00
[2026-05-05T00:23:44.238+0000] {processor.py:183} INFO - Processing /opt/airflow/dags/flight-pipeline.py took 0.988 seconds
[2026-05-05T00:24:14.521+0000] {processor.py:161} INFO - Started process (PID=19454) to work on /opt/airflow/dags/flight-pipeline.py
[2026-05-05T00:24:14.522+0000] {processor.py:830} INFO - Processing file /opt/airflow/dags/flight-pipeline.py for tasks to queue
[2026-05-05T00:24:14.524+0000] {logging_mixin.py:188} INFO - [2026-05-05T00:24:14.523+0000] {dagbag.py:545} INFO - Filling up the DagBag from /opt/airflow/dags/flight-pipeline.py
[2026-05-05T00:24:15.315+0000] {processor.py:840} INFO - DAG(s) 'flights_ops_medallion_pipe' retrieved from /opt/airflow/dags/flight-pipeline.py
[2026-05-05T00:24:15.345+0000] {logging_mixin.py:188} INFO - [2026-05-05T00:24:15.345+0000] {dag.py:3089} INFO - Sync 1 DAGs
[2026-05-05T00:24:15.369+0000] {logging_mixin.py:188} INFO - [2026-05-05T00:24:15.369+0000] {dag.py:3947} INFO - Setting next_dagrun for flights_ops_medallion_pipe to 2026-05-05 00:00:00+00:00, run_after=2026-05-05 00:30:00+00:00
[2026-05-05T00:24:15.387+0000] {processor.py:183} INFO - Processing /opt/airflow/dags/flight-pipeline.py took 0.874 seconds
[2026-05-05T00:24:45.687+0000] {processor.py:161} INFO - Started process (PID=19457) to work on /opt/airflow/dags/flight-pipeline.py
[2026-05-05T00:24:45.692+0000] {processor.py:830} INFO - Processing file /opt/airflow/dags/flight-pipeline.py for tasks to queue
[2026-05-05T00:24:45.693+0000] {logging_mixin.py:188} INFO - [2026-05-05T00:24:45.693+0000] {dagbag.py:545} INFO - Filling up the DagBag from /opt/airflow/dags/flight-pipeline.py
[2026-05-05T00:24:46.503+0000] {processor.py:840} INFO - DAG(s) 'flights_ops_medallion_pipe' retrieved from /opt/airflow/dags/flight-pipeline.py
[2026-05-05T00:24:46.533+0000] {logging_mixin.py:188} INFO - [2026-05-05T00:24:46.533+0000] {dag.py:3089} INFO - Sync 1 DAGs
[2026-05-05T00:24:46.552+0000] {logging_mixin.py:188} INFO - [2026-05-05T00:24:46.552+0000] {dag.py:3947} INFO - Setting next_dagrun for flights_ops_medallion_pipe to 2026-05-05 00:00:00+00:00, run_after=2026-05-05 00:30:00+00:00
[2026-05-05T00:24:46.571+0000] {processor.py:183} INFO - Processing /opt/airflow/dags/flight-pipeline.py took 0.892 seconds
[2026-05-05T00:25:16.957+0000] {processor.py:161} INFO - Started process (PID=19460) to work on /opt/airflow/dags/flight-pipeline.py
[2026-05-05T00:25:16.959+0000] {processor.py:830} INFO - Processing file /opt/airflow/dags/flight-pipeline.py for tasks to queue
[2026-05-05T00:25:16.961+0000] {logging_mixin.py:188} INFO - [2026-05-05T00:25:16.960+0000] {dagbag.py:545} INFO - Filling up the DagBag from /opt/airflow/dags/flight-pipeline.py
[2026-05-05T00:25:17.874+0000] {processor.py:840} INFO - DAG(s) 'flights_ops_medallion_pipe' retrieved from /opt/airflow/dags/flight-pipeline.py
[2026-05-05T00:25:17.907+0000] {logging_mixin.py:188} INFO - [2026-05-05T00:25:17.907+0000] {dag.py:3089} INFO - Sync 1 DAGs
[2026-05-05T00:25:17.927+0000] {logging_mixin.py:188} INFO - [2026-05-05T00:25:17.927+0000] {dag.py:3947} INFO - Setting next_dagrun for flights_ops_medallion_pipe to 2026-05-05 00:00:00+00:00, run_after=2026-05-05 00:30:00+00:00
[2026-05-05T00:25:17.947+0000] {processor.py:183} INFO - Processing /opt/airflow/dags/flight-pipeline.py took 0.999 seconds
[2026-05-05T00:25:48.304+0000] {processor.py:161} INFO - Started process (PID=19463) to work on /opt/airflow/dags/flight-pipeline.py
[2026-05-05T00:25:48.305+0000] {processor.py:830} INFO - Processing file /opt/airflow/dags/flight-pipeline.py for tasks to queue
[2026-05-05T00:25:48.308+0000] {logging_mixin.py:188} INFO - [2026-05-05T00:25:48.307+0000] {dagbag.py:545} INFO - Filling up the DagBag from /opt/airflow/dags/flight-pipeline.py
[2026-05-05T00:25:49.208+0000] {processor.py:840} INFO - DAG(s) 'flights_ops_medallion_pipe' retrieved from /opt/airflow/dags/flight-pipeline.py
[2026-05-05T00:25:49.241+0000] {logging_mixin.py:188} INFO - [2026-05-05T00:25:49.241+0000] {dag.py:3089} INFO - Sync 1 DAGs
[2026-05-05T00:25:49.263+0000] {logging_mixin.py:188} INFO - [2026-05-05T00:25:49.263+0000] {dag.py:3947} INFO - Setting next_dagrun for flights_ops_medallion_pipe to 2026-05-05 00:00:00+00:00, run_after=2026-05-05 00:30:00+00:00
[2026-05-05T00:25:49.282+0000] {processor.py:183} INFO - Processing /opt/airflow/dags/flight-pipeline.py took 0.988 seconds
[2026-05-05T00:26:19.589+0000] {processor.py:161} INFO - Started process (PID=19466) to work on /opt/airflow/dags/flight-pipeline.py
[2026-05-05T00:26:19.590+0000] {processor.py:830} INFO - Processing file /opt/airflow/dags/flight-pipeline.py for tasks to queue
[2026-05-05T00:26:19.591+0000] {logging_mixin.py:188} INFO - [2026-05-05T00:26:19.591+0000] {dagbag.py:545} INFO - Filling up the DagBag from /opt/airflow/dags/flight-pipeline.py
[2026-05-05T00:26:20.491+0000] {processor.py:840} INFO - DAG(s) 'flights_ops_medallion_pipe' retrieved from /opt/airflow/dags/flight-pipeline.py
[2026-05-05T00:26:20.520+0000] {logging_mixin.py:188} INFO - [2026-05-05T00:26:20.519+0000] {dag.py:3089} INFO - Sync 1 DAGs
[2026-05-05T00:26:20.542+0000] {logging_mixin.py:188} INFO - [2026-05-05T00:26:20.541+0000] {dag.py:3947} INFO - Setting next_dagrun for flights_ops_medallion_pipe to 2026-05-05 00:00:00+00:00, run_after=2026-05-05 00:30:00+00:00
[2026-05-05T00:26:20.561+0000] {processor.py:183} INFO - Processing /opt/airflow/dags/flight-pipeline.py took 0.980 seconds
[2026-05-05T00:26:50.845+0000] {processor.py:161} INFO - Started process (PID=19469) to work on /opt/airflow/dags/flight-pipeline.py
[2026-05-05T00:26:50.847+0000] {processor.py:830} INFO - Processing file /opt/airflow/dags/flight-pipeline.py for tasks to queue
[2026-05-05T00:26:50.850+0000] {logging_mixin.py:188} INFO - [2026-05-05T00:26:50.849+0000] {dagbag.py:545} INFO - Filling up the DagBag from /opt/airflow/dags/flight-pipeline.py
[2026-05-05T00:26:51.802+0000] {processor.py:840} INFO - DAG(s) 'flights_ops_medallion_pipe' retrieved from /opt/airflow/dags/flight-pipeline.py
[2026-05-05T00:26:51.838+0000] {logging_mixin.py:188} INFO - [2026-05-05T00:26:51.838+0000] {dag.py:3089} INFO - Sync 1 DAGs
[2026-05-05T00:26:51.860+0000] {logging_mixin.py:188} INFO - [2026-05-05T00:26:51.860+0000] {dag.py:3947} INFO - Setting next_dagrun for flights_ops_medallion_pipe to 2026-05-05 00:00:00+00:00, run_after=2026-05-05 00:30:00+00:00
[2026-05-05T00:26:51.878+0000] {processor.py:183} INFO - Processing /opt/airflow/dags/flight-pipeline.py took 1.046 seconds
[2026-05-05T00:27:22.089+0000] {processor.py:161} INFO - Started process (PID=19472) to work on /opt/airflow/dags/flight-pipeline.py
[2026-05-05T00:27:22.092+0000] {processor.py:830} INFO - Processing file /opt/airflow/dags/flight-pipeline.py for tasks to queue
[2026-05-05T00:27:22.093+0000] {logging_mixin.py:188} INFO - [2026-05-05T00:27:22.093+0000] {dagbag.py:545} INFO - Filling up the DagBag from /opt/airflow/dags/flight-pipeline.py
[2026-05-05T00:27:22.959+0000] {processor.py:840} INFO - DAG(s) 'flights_ops_medallion_pipe' retrieved from /opt/airflow/dags/flight-pipeline.py
[2026-05-05T00:27:22.992+0000] {logging_mixin.py:188} INFO - [2026-05-05T00:27:22.992+0000] {dag.py:3089} INFO - Sync 1 DAGs
[2026-05-05T00:27:23.012+0000] {logging_mixin.py:188} INFO - [2026-05-05T00:27:23.012+0000] {dag.py:3947} INFO - Setting next_dagrun for flights_ops_medallion_pipe to 2026-05-05 00:00:00+00:00, run_after=2026-05-05 00:30:00+00:00
[2026-05-05T00:27:23.031+0000] {processor.py:183} INFO - Processing /opt/airflow/dags/flight-pipeline.py took 0.950 seconds
[2026-05-05T00:27:53.363+0000] {processor.py:161} INFO - Started process (PID=19475) to work on /opt/airflow/dags/flight-pipeline.py
[2026-05-05T00:27:53.365+0000] {processor.py:830} INFO - Processing file /opt/airflow/dags/flight-pipeline.py for tasks to queue
[2026-05-05T00:27:53.366+0000] {logging_mixin.py:188} INFO - [2026-05-05T00:27:53.366+0000] {dagbag.py:545} INFO - Filling up the DagBag from /opt/airflow/dags/flight-pipeline.py
[2026-05-05T00:27:54.510+0000] {processor.py:840} INFO - DAG(s) 'flights_ops_medallion_pipe' retrieved from /opt/airflow/dags/flight-pipeline.py
[2026-05-05T00:27:54.540+0000] {logging_mixin.py:188} INFO - [2026-05-05T00:27:54.539+0000] {dag.py:3089} INFO - Sync 1 DAGs
[2026-05-05T00:27:54.559+0000] {logging_mixin.py:188} INFO - [2026-05-05T00:27:54.558+0000] {dag.py:3947} INFO - Setting next_dagrun for flights_ops_medallion_pipe to 2026-05-05 00:00:00+00:00, run_after=2026-05-05 00:30:00+00:00
[2026-05-05T00:27:54.576+0000] {processor.py:183} INFO - Processing /opt/airflow/dags/flight-pipeline.py took 1.223 seconds
[2026-05-05T00:28:24.657+0000] {processor.py:161} INFO - Started process (PID=19478) to work on /opt/airflow/dags/flight-pipeline.py
[2026-05-05T00:28:24.658+0000] {processor.py:830} INFO - Processing file /opt/airflow/dags/flight-pipeline.py for tasks to queue
[2026-05-05T00:28:24.660+0000] {logging_mixin.py:188} INFO - [2026-05-05T00:28:24.659+0000] {dagbag.py:545} INFO - Filling up the DagBag from /opt/airflow/dags/flight-pipeline.py
[2026-05-05T00:28:25.483+0000] {processor.py:840} INFO - DAG(s) 'flights_ops_medallion_pipe' retrieved from /opt/airflow/dags/flight-pipeline.py
[2026-05-05T00:28:25.515+0000] {logging_mixin.py:188} INFO - [2026-05-05T00:28:25.514+0000] {dag.py:3089} INFO - Sync 1 DAGs
[2026-05-05T00:28:25.536+0000] {logging_mixin.py:188} INFO - [2026-05-05T00:28:25.535+0000] {dag.py:3947} INFO - Setting next_dagrun for flights_ops_medallion_pipe to 2026-05-05 00:00:00+00:00, run_after=2026-05-05 00:30:00+00:00
[2026-05-05T00:28:25.563+0000] {processor.py:183} INFO - Processing /opt/airflow/dags/flight-pipeline.py took 0.915 seconds
[2026-05-05T00:28:55.848+0000] {processor.py:161} INFO - Started process (PID=19481) to work on /opt/airflow/dags/flight-pipeline.py
[2026-05-05T00:28:55.849+0000] {processor.py:830} INFO - Processing file /opt/airflow/dags/flight-pipeline.py for tasks to queue
[2026-05-05T00:28:55.851+0000] {logging_mixin.py:188} INFO - [2026-05-05T00:28:55.850+0000] {dagbag.py:545} INFO - Filling up the DagBag from /opt/airflow/dags/flight-pipeline.py
[2026-05-05T00:28:56.835+0000] {processor.py:840} INFO - DAG(s) 'flights_ops_medallion_pipe' retrieved from /opt/airflow/dags/flight-pipeline.py
[2026-05-05T00:28:56.869+0000] {logging_mixin.py:188} INFO - [2026-05-05T00:28:56.869+0000] {dag.py:3089} INFO - Sync 1 DAGs
[2026-05-05T00:28:56.889+0000] {logging_mixin.py:188} INFO - [2026-05-05T00:28:56.889+0000] {dag.py:3947} INFO - Setting next_dagrun for flights_ops_medallion_pipe to 2026-05-05 00:00:00+00:00, run_after=2026-05-05 00:30:00+00:00
[2026-05-05T00:28:56.911+0000] {processor.py:183} INFO - Processing /opt/airflow/dags/flight-pipeline.py took 1.072 seconds
[2026-05-05T00:29:27.207+0000] {processor.py:161} INFO - Started process (PID=19484) to work on /opt/airflow/dags/flight-pipeline.py
[2026-05-05T00:29:27.211+0000] {processor.py:830} INFO - Processing file /opt/airflow/dags/flight-pipeline.py for tasks to queue
[2026-05-05T00:29:27.212+0000] {logging_mixin.py:188} INFO - [2026-05-05T00:29:27.212+0000] {dagbag.py:545} INFO - Filling up the DagBag from /opt/airflow/dags/flight-pipeline.py
[2026-05-05T00:29:28.154+0000] {processor.py:840} INFO - DAG(s) 'flights_ops_medallion_pipe' retrieved from /opt/airflow/dags/flight-pipeline.py
[2026-05-05T00:29:28.201+0000] {logging_mixin.py:188} INFO - [2026-05-05T00:29:28.201+0000] {dag.py:3089} INFO - Sync 1 DAGs
[2026-05-05T00:29:28.362+0000] {logging_mixin.py:188} INFO - [2026-05-05T00:29:28.362+0000] {dag.py:3947} INFO - Setting next_dagrun for flights_ops_medallion_pipe to 2026-05-05 00:00:00+00:00, run_after=2026-05-05 00:30:00+00:00
[2026-05-05T00:29:28.415+0000] {processor.py:183} INFO - Processing /opt/airflow/dags/flight-pipeline.py took 1.217 seconds
[2026-05-05T00:29:58.461+0000] {processor.py:161} INFO - Started process (PID=19487) to work on /opt/airflow/dags/flight-pipeline.py
[2026-05-05T00:29:58.463+0000] {processor.py:830} INFO - Processing file /opt/airflow/dags/flight-pipeline.py for tasks to queue
[2026-05-05T00:29:58.464+0000] {logging_mixin.py:188} INFO - [2026-05-05T00:29:58.464+0000] {dagbag.py:545} INFO - Filling up the DagBag from /opt/airflow/dags/flight-pipeline.py
[2026-05-05T00:29:59.301+0000] {processor.py:840} INFO - DAG(s) 'flights_ops_medallion_pipe' retrieved from /opt/airflow/dags/flight-pipeline.py
[2026-05-05T00:29:59.335+0000] {logging_mixin.py:188} INFO - [2026-05-05T00:29:59.334+0000] {dag.py:3089} INFO - Sync 1 DAGs
[2026-05-05T00:29:59.357+0000] {logging_mixin.py:188} INFO - [2026-05-05T00:29:59.357+0000] {dag.py:3947} INFO - Setting next_dagrun for flights_ops_medallion_pipe to 2026-05-05 00:00:00+00:00, run_after=2026-05-05 00:30:00+00:00
[2026-05-05T00:29:59.374+0000] {processor.py:183} INFO - Processing /opt/airflow/dags/flight-pipeline.py took 0.922 seconds
[2026-05-05T00:30:29.723+0000] {processor.py:161} INFO - Started process (PID=19534) to work on /opt/airflow/dags/flight-pipeline.py
[2026-05-05T00:30:29.732+0000] {processor.py:830} INFO - Processing file /opt/airflow/dags/flight-pipeline.py for tasks to queue
[2026-05-05T00:30:29.735+0000] {logging_mixin.py:188} INFO - [2026-05-05T00:30:29.733+0000] {dagbag.py:545} INFO - Filling up the DagBag from /opt/airflow/dags/flight-pipeline.py
[2026-05-05T00:30:32.454+0000] {processor.py:840} INFO - DAG(s) 'flights_ops_medallion_pipe' retrieved from /opt/airflow/dags/flight-pipeline.py
[2026-05-05T00:30:32.508+0000] {logging_mixin.py:188} INFO - [2026-05-05T00:30:32.507+0000] {dag.py:3089} INFO - Sync 1 DAGs
[2026-05-05T00:30:32.603+0000] {logging_mixin.py:188} INFO - [2026-05-05T00:30:32.603+0000] {dag.py:3947} INFO - Setting next_dagrun for flights_ops_medallion_pipe to 2026-05-05 00:30:00+00:00, run_after=2026-05-05 01:00:00+00:00
[2026-05-05T00:30:32.678+0000] {processor.py:183} INFO - Processing /opt/airflow/dags/flight-pipeline.py took 2.984 seconds
[2026-05-05T00:31:02.959+0000] {processor.py:161} INFO - Started process (PID=19537) to work on /opt/airflow/dags/flight-pipeline.py
[2026-05-05T00:31:02.961+0000] {processor.py:830} INFO - Processing file /opt/airflow/dags/flight-pipeline.py for tasks to queue
[2026-05-05T00:31:02.969+0000] {logging_mixin.py:188} INFO - [2026-05-05T00:31:02.965+0000] {dagbag.py:545} INFO - Filling up the DagBag from /opt/airflow/dags/flight-pipeline.py
[2026-05-05T00:31:04.016+0000] {processor.py:840} INFO - DAG(s) 'flights_ops_medallion_pipe' retrieved from /opt/airflow/dags/flight-pipeline.py
[2026-05-05T00:31:04.060+0000] {logging_mixin.py:188} INFO - [2026-05-05T00:31:04.058+0000] {dag.py:3089} INFO - Sync 1 DAGs
[2026-05-05T00:31:04.085+0000] {logging_mixin.py:188} INFO - [2026-05-05T00:31:04.085+0000] {dag.py:3947} INFO - Setting next_dagrun for flights_ops_medallion_pipe to 2026-05-05 00:30:00+00:00, run_after=2026-05-05 01:00:00+00:00
[2026-05-05T00:31:04.110+0000] {processor.py:183} INFO - Processing /opt/airflow/dags/flight-pipeline.py took 1.164 seconds
[2026-05-05T00:31:34.251+0000] {processor.py:161} INFO - Started process (PID=19540) to work on /opt/airflow/dags/flight-pipeline.py
[2026-05-05T00:31:34.257+0000] {processor.py:830} INFO - Processing file /opt/airflow/dags/flight-pipeline.py for tasks to queue
[2026-05-05T00:31:34.259+0000] {logging_mixin.py:188} INFO - [2026-05-05T00:31:34.258+0000] {dagbag.py:545} INFO - Filling up the DagBag from /opt/airflow/dags/flight-pipeline.py
[2026-05-05T00:31:35.173+0000] {processor.py:840} INFO - DAG(s) 'flights_ops_medallion_pipe' retrieved from /opt/airflow/dags/flight-pipeline.py
[2026-05-05T00:31:35.203+0000] {logging_mixin.py:188} INFO - [2026-05-05T00:31:35.202+0000] {dag.py:3089} INFO - Sync 1 DAGs
[2026-05-05T00:31:35.223+0000] {logging_mixin.py:188} INFO - [2026-05-05T00:31:35.223+0000] {dag.py:3947} INFO - Setting next_dagrun for flights_ops_medallion_pipe to 2026-05-05 00:30:00+00:00, run_after=2026-05-05 01:00:00+00:00
[2026-05-05T00:31:35.242+0000] {processor.py:183} INFO - Processing /opt/airflow/dags/flight-pipeline.py took 0.999 seconds
[2026-05-05T00:32:05.518+0000] {processor.py:161} INFO - Started process (PID=19543) to work on /opt/airflow/dags/flight-pipeline.py
[2026-05-05T00:32:05.522+0000] {processor.py:830} INFO - Processing file /opt/airflow/dags/flight-pipeline.py for tasks to queue
[2026-05-05T00:32:05.524+0000] {logging_mixin.py:188} INFO - [2026-05-05T00:32:05.523+0000] {dagbag.py:545} INFO - Filling up the DagBag from /opt/airflow/dags/flight-pipeline.py
[2026-05-05T00:32:06.389+0000] {processor.py:840} INFO - DAG(s) 'flights_ops_medallion_pipe' retrieved from /opt/airflow/dags/flight-pipeline.py
[2026-05-05T00:32:06.422+0000] {logging_mixin.py:188} INFO - [2026-05-05T00:32:06.422+0000] {dag.py:3089} INFO - Sync 1 DAGs
[2026-05-05T00:32:06.445+0000] {logging_mixin.py:188} INFO - [2026-05-05T00:32:06.444+0000] {dag.py:3947} INFO - Setting next_dagrun for flights_ops_medallion_pipe to 2026-05-05 00:30:00+00:00, run_after=2026-05-05 01:00:00+00:00
[2026-05-05T00:32:06.462+0000] {processor.py:183} INFO - Processing /opt/airflow/dags/flight-pipeline.py took 0.952 seconds
[2026-05-05T00:32:36.746+0000] {processor.py:161} INFO - Started process (PID=19546) to work on /opt/airflow/dags/flight-pipeline.py
[2026-05-05T00:32:36.747+0000] {processor.py:830} INFO - Processing file /opt/airflow/dags/flight-pipeline.py for tasks to queue
[2026-05-05T00:32:36.749+0000] {logging_mixin.py:188} INFO - [2026-05-05T00:32:36.748+0000] {dagbag.py:545} INFO - Filling up the DagBag from /opt/airflow/dags/flight-pipeline.py
[2026-05-05T00:32:37.733+0000] {processor.py:840} INFO - DAG(s) 'flights_ops_medallion_pipe' retrieved from /opt/airflow/dags/flight-pipeline.py
[2026-05-05T00:32:37.767+0000] {logging_mixin.py:188} INFO - [2026-05-05T00:32:37.767+0000] {dag.py:3089} INFO - Sync 1 DAGs
[2026-05-05T00:32:37.790+0000] {logging_mixin.py:188} INFO - [2026-05-05T00:32:37.790+0000] {dag.py:3947} INFO - Setting next_dagrun for flights_ops_medallion_pipe to 2026-05-05 00:30:00+00:00, run_after=2026-05-05 01:00:00+00:00
[2026-05-05T00:32:37.809+0000] {processor.py:183} INFO - Processing /opt/airflow/dags/flight-pipeline.py took 1.071 seconds
[2026-05-05T00:33:08.098+0000] {processor.py:161} INFO - Started process (PID=19549) to work on /opt/airflow/dags/flight-pipeline.py
[2026-05-05T00:33:08.100+0000] {processor.py:830} INFO - Processing file /opt/airflow/dags/flight-pipeline.py for tasks to queue
[2026-05-05T00:33:08.101+0000] {logging_mixin.py:188} INFO - [2026-05-05T00:33:08.101+0000] {dagbag.py:545} INFO - Filling up the DagBag from /opt/airflow/dags/flight-pipeline.py
[2026-05-05T00:33:08.918+0000] {processor.py:840} INFO - DAG(s) 'flights_ops_medallion_pipe' retrieved from /opt/airflow/dags/flight-pipeline.py
[2026-05-05T00:33:08.946+0000] {logging_mixin.py:188} INFO - [2026-05-05T00:33:08.945+0000] {dag.py:3089} INFO - Sync 1 DAGs
[2026-05-05T00:33:08.967+0000] {logging_mixin.py:188} INFO - [2026-05-05T00:33:08.967+0000] {dag.py:3947} INFO - Setting next_dagrun for flights_ops_medallion_pipe to 2026-05-05 00:30:00+00:00, run_after=2026-05-05 01:00:00+00:00
[2026-05-05T00:33:08.984+0000] {processor.py:183} INFO - Processing /opt/airflow/dags/flight-pipeline.py took 0.894 seconds
[2026-05-05T00:33:39.286+0000] {processor.py:161} INFO - Started process (PID=19552) to work on /opt/airflow/dags/flight-pipeline.py
[2026-05-05T00:33:39.288+0000] {processor.py:830} INFO - Processing file /opt/airflow/dags/flight-pipeline.py for tasks to queue
[2026-05-05T00:33:39.290+0000] {logging_mixin.py:188} INFO - [2026-05-05T00:33:39.289+0000] {dagbag.py:545} INFO - Filling up the DagBag from /opt/airflow/dags/flight-pipeline.py
[2026-05-05T00:33:40.323+0000] {processor.py:840} INFO - DAG(s) 'flights_ops_medallion_pipe' retrieved from /opt/airflow/dags/flight-pipeline.py
[2026-05-05T00:33:40.355+0000] {logging_mixin.py:188} INFO - [2026-05-05T00:33:40.355+0000] {dag.py:3089} INFO - Sync 1 DAGs
[2026-05-05T00:33:40.374+0000] {logging_mixin.py:188} INFO - [2026-05-05T00:33:40.374+0000] {dag.py:3947} INFO - Setting next_dagrun for flights_ops_medallion_pipe to 2026-05-05 00:30:00+00:00, run_after=2026-05-05 01:00:00+00:00
[2026-05-05T00:33:40.393+0000] {processor.py:183} INFO - Processing /opt/airflow/dags/flight-pipeline.py took 1.118 seconds
[2026-05-05T00:34:10.520+0000] {processor.py:161} INFO - Started process (PID=19555) to work on /opt/airflow/dags/flight-pipeline.py
[2026-05-05T00:34:10.522+0000] {processor.py:830} INFO - Processing file /opt/airflow/dags/flight-pipeline.py for tasks to queue
[2026-05-05T00:34:10.523+0000] {logging_mixin.py:188} INFO - [2026-05-05T00:34:10.523+0000] {dagbag.py:545} INFO - Filling up the DagBag from /opt/airflow/dags/flight-pipeline.py
[2026-05-05T00:34:11.365+0000] {processor.py:840} INFO - DAG(s) 'flights_ops_medallion_pipe' retrieved from /opt/airflow/dags/flight-pipeline.py
[2026-05-05T00:34:11.409+0000] {logging_mixin.py:188} INFO - [2026-05-05T00:34:11.409+0000] {dag.py:3089} INFO - Sync 1 DAGs
[2026-05-05T00:34:11.433+0000] {logging_mixin.py:188} INFO - [2026-05-05T00:34:11.433+0000] {dag.py:3947} INFO - Setting next_dagrun for flights_ops_medallion_pipe to 2026-05-05 00:30:00+00:00, run_after=2026-05-05 01:00:00+00:00
[2026-05-05T00:34:11.451+0000] {processor.py:183} INFO - Processing /opt/airflow/dags/flight-pipeline.py took 0.940 seconds
[2026-05-05T00:34:41.676+0000] {processor.py:161} INFO - Started process (PID=19558) to work on /opt/airflow/dags/flight-pipeline.py
[2026-05-05T00:34:41.678+0000] {processor.py:830} INFO - Processing file /opt/airflow/dags/flight-pipeline.py for tasks to queue
[2026-05-05T00:34:41.680+0000] {logging_mixin.py:188} INFO - [2026-05-05T00:34:41.680+0000] {dagbag.py:545} INFO - Filling up the DagBag from /opt/airflow/dags/flight-pipeline.py
[2026-05-05T00:34:42.710+0000] {processor.py:840} INFO - DAG(s) 'flights_ops_medallion_pipe' retrieved from /opt/airflow/dags/flight-pipeline.py
[2026-05-05T00:34:42.775+0000] {logging_mixin.py:188} INFO - [2026-05-05T00:34:42.774+0000] {dag.py:3089} INFO - Sync 1 DAGs
[2026-05-05T00:34:42.873+0000] {logging_mixin.py:188} INFO - [2026-05-05T00:34:42.872+0000] {dag.py:3947} INFO - Setting next_dagrun for flights_ops_medallion_pipe to 2026-05-05 00:30:00+00:00, run_after=2026-05-05 01:00:00+00:00
[2026-05-05T00:34:42.910+0000] {processor.py:183} INFO - Processing /opt/airflow/dags/flight-pipeline.py took 1.243 seconds
[2026-05-05T00:35:13.165+0000] {processor.py:161} INFO - Started process (PID=19561) to work on /opt/airflow/dags/flight-pipeline.py
[2026-05-05T00:35:13.167+0000] {processor.py:830} INFO - Processing file /opt/airflow/dags/flight-pipeline.py for tasks to queue
[2026-05-05T00:35:13.168+0000] {logging_mixin.py:188} INFO - [2026-05-05T00:35:13.167+0000] {dagbag.py:545} INFO - Filling up the DagBag from /opt/airflow/dags/flight-pipeline.py
[2026-05-05T00:35:14.072+0000] {processor.py:840} INFO - DAG(s) 'flights_ops_medallion_pipe' retrieved from /opt/airflow/dags/flight-pipeline.py
[2026-05-05T00:35:14.107+0000] {logging_mixin.py:188} INFO - [2026-05-05T00:35:14.106+0000] {dag.py:3089} INFO - Sync 1 DAGs
[2026-05-05T00:35:14.130+0000] {logging_mixin.py:188} INFO - [2026-05-05T00:35:14.129+0000] {dag.py:3947} INFO - Setting next_dagrun for flights_ops_medallion_pipe to 2026-05-05 00:30:00+00:00, run_after=2026-05-05 01:00:00+00:00
[2026-05-05T00:35:14.148+0000] {processor.py:183} INFO - Processing /opt/airflow/dags/flight-pipeline.py took 0.992 seconds
[2026-05-05T00:35:44.424+0000] {processor.py:161} INFO - Started process (PID=19564) to work on /opt/airflow/dags/flight-pipeline.py
[2026-05-05T00:35:44.428+0000] {processor.py:830} INFO - Processing file /opt/airflow/dags/flight-pipeline.py for tasks to queue
[2026-05-05T00:35:44.429+0000] {logging_mixin.py:188} INFO - [2026-05-05T00:35:44.429+0000] {dagbag.py:545} INFO - Filling up the DagBag from /opt/airflow/dags/flight-pipeline.py
[2026-05-05T00:35:45.370+0000] {processor.py:840} INFO - DAG(s) 'flights_ops_medallion_pipe' retrieved from /opt/airflow/dags/flight-pipeline.py
[2026-05-05T00:35:45.399+0000] {logging_mixin.py:188} INFO - [2026-05-05T00:35:45.399+0000] {dag.py:3089} INFO - Sync 1 DAGs
[2026-05-05T00:35:45.423+0000] {logging_mixin.py:188} INFO - [2026-05-05T00:35:45.423+0000] {dag.py:3947} INFO - Setting next_dagrun for flights_ops_medallion_pipe to 2026-05-05 00:30:00+00:00, run_after=2026-05-05 01:00:00+00:00
[2026-05-05T00:35:45.441+0000] {processor.py:183} INFO - Processing /opt/airflow/dags/flight-pipeline.py took 1.026 seconds
[2026-05-05T00:36:15.685+0000] {processor.py:161} INFO - Started process (PID=19567) to work on /opt/airflow/dags/flight-pipeline.py
[2026-05-05T00:36:15.687+0000] {processor.py:830} INFO - Processing file /opt/airflow/dags/flight-pipeline.py for tasks to queue
[2026-05-05T00:36:15.688+0000] {logging_mixin.py:188} INFO - [2026-05-05T00:36:15.688+0000] {dagbag.py:545} INFO - Filling up the DagBag from /opt/airflow/dags/flight-pipeline.py
[2026-05-05T00:36:16.596+0000] {processor.py:840} INFO - DAG(s) 'flights_ops_medallion_pipe' retrieved from /opt/airflow/dags/flight-pipeline.py
[2026-05-05T00:36:16.626+0000] {logging_mixin.py:188} INFO - [2026-05-05T00:36:16.625+0000] {dag.py:3089} INFO - Sync 1 DAGs
[2026-05-05T00:36:16.646+0000] {logging_mixin.py:188} INFO - [2026-05-05T00:36:16.646+0000] {dag.py:3947} INFO - Setting next_dagrun for flights_ops_medallion_pipe to 2026-05-05 00:30:00+00:00, run_after=2026-05-05 01:00:00+00:00
[2026-05-05T00:36:16.664+0000] {processor.py:183} INFO - Processing /opt/airflow/dags/flight-pipeline.py took 0.994 seconds
[2026-05-05T00:36:46.920+0000] {processor.py:161} INFO - Started process (PID=19570) to work on /opt/airflow/dags/flight-pipeline.py
[2026-05-05T00:36:46.922+0000] {processor.py:830} INFO - Processing file /opt/airflow/dags/flight-pipeline.py for tasks to queue
[2026-05-05T00:36:46.924+0000] {logging_mixin.py:188} INFO - [2026-05-05T00:36:46.923+0000] {dagbag.py:545} INFO - Filling up the DagBag from /opt/airflow/dags/flight-pipeline.py
[2026-05-05T00:36:47.981+0000] {processor.py:840} INFO - DAG(s) 'flights_ops_medallion_pipe' retrieved from /opt/airflow/dags/flight-pipeline.py
[2026-05-05T00:36:48.015+0000] {logging_mixin.py:188} INFO - [2026-05-05T00:36:48.014+0000] {dag.py:3089} INFO - Sync 1 DAGs
[2026-05-05T00:36:48.038+0000] {logging_mixin.py:188} INFO - [2026-05-05T00:36:48.037+0000] {dag.py:3947} INFO - Setting next_dagrun for flights_ops_medallion_pipe to 2026-05-05 00:30:00+00:00, run_after=2026-05-05 01:00:00+00:00
[2026-05-05T00:36:48.056+0000] {processor.py:183} INFO - Processing /opt/airflow/dags/flight-pipeline.py took 1.149 seconds
[2026-05-05T00:37:18.153+0000] {processor.py:161} INFO - Started process (PID=19573) to work on /opt/airflow/dags/flight-pipeline.py
[2026-05-05T00:37:18.155+0000] {processor.py:830} INFO - Processing file /opt/airflow/dags/flight-pipeline.py for tasks to queue
[2026-05-05T00:37:18.157+0000] {logging_mixin.py:188} INFO - [2026-05-05T00:37:18.156+0000] {dagbag.py:545} INFO - Filling up the DagBag from /opt/airflow/dags/flight-pipeline.py
[2026-05-05T00:37:19.101+0000] {processor.py:840} INFO - DAG(s) 'flights_ops_medallion_pipe' retrieved from /opt/airflow/dags/flight-pipeline.py
[2026-05-05T00:37:19.138+0000] {logging_mixin.py:188} INFO - [2026-05-05T00:37:19.137+0000] {dag.py:3089} INFO - Sync 1 DAGs
[2026-05-05T00:37:19.159+0000] {logging_mixin.py:188} INFO - [2026-05-05T00:37:19.159+0000] {dag.py:3947} INFO - Setting next_dagrun for flights_ops_medallion_pipe to 2026-05-05 00:30:00+00:00, run_after=2026-05-05 01:00:00+00:00
[2026-05-05T00:37:19.176+0000] {processor.py:183} INFO - Processing /opt/airflow/dags/flight-pipeline.py took 1.034 seconds
[2026-05-05T00:37:49.451+0000] {processor.py:161} INFO - Started process (PID=19576) to work on /opt/airflow/dags/flight-pipeline.py
[2026-05-05T00:37:49.452+0000] {processor.py:830} INFO - Processing file /opt/airflow/dags/flight-pipeline.py for tasks to queue
[2026-05-05T00:37:49.454+0000] {logging_mixin.py:188} INFO - [2026-05-05T00:37:49.453+0000] {dagbag.py:545} INFO - Filling up the DagBag from /opt/airflow/dags/flight-pipeline.py
[2026-05-05T00:37:50.415+0000] {processor.py:840} INFO - DAG(s) 'flights_ops_medallion_pipe' retrieved from /opt/airflow/dags/flight-pipeline.py
[2026-05-05T00:37:50.472+0000] {logging_mixin.py:188} INFO - [2026-05-05T00:37:50.470+0000] {dag.py:3089} INFO - Sync 1 DAGs
[2026-05-05T00:37:50.518+0000] {logging_mixin.py:188} INFO - [2026-05-05T00:37:50.518+0000] {dag.py:3947} INFO - Setting next_dagrun for flights_ops_medallion_pipe to 2026-05-05 00:30:00+00:00, run_after=2026-05-05 01:00:00+00:00
[2026-05-05T00:37:50.545+0000] {processor.py:183} INFO - Processing /opt/airflow/dags/flight-pipeline.py took 1.102 seconds
[2026-05-05T00:38:20.721+0000] {processor.py:161} INFO - Started process (PID=19579) to work on /opt/airflow/dags/flight-pipeline.py
[2026-05-05T00:38:20.723+0000] {processor.py:830} INFO - Processing file /opt/airflow/dags/flight-pipeline.py for tasks to queue
[2026-05-05T00:38:20.725+0000] {logging_mixin.py:188} INFO - [2026-05-05T00:38:20.724+0000] {dagbag.py:545} INFO - Filling up the DagBag from /opt/airflow/dags/flight-pipeline.py
[2026-05-05T00:38:21.669+0000] {processor.py:840} INFO - DAG(s) 'flights_ops_medallion_pipe' retrieved from /opt/airflow/dags/flight-pipeline.py
[2026-05-05T00:38:21.709+0000] {logging_mixin.py:188} INFO - [2026-05-05T00:38:21.708+0000] {dag.py:3089} INFO - Sync 1 DAGs
[2026-05-05T00:38:21.732+0000] {logging_mixin.py:188} INFO - [2026-05-05T00:38:21.731+0000] {dag.py:3947} INFO - Setting next_dagrun for flights_ops_medallion_pipe to 2026-05-05 00:30:00+00:00, run_after=2026-05-05 01:00:00+00:00
[2026-05-05T00:38:21.752+0000] {processor.py:183} INFO - Processing /opt/airflow/dags/flight-pipeline.py took 1.043 seconds
[2026-05-05T00:38:52.062+0000] {processor.py:161} INFO - Started process (PID=19582) to work on /opt/airflow/dags/flight-pipeline.py
[2026-05-05T00:38:52.064+0000] {processor.py:830} INFO - Processing file /opt/airflow/dags/flight-pipeline.py for tasks to queue
[2026-05-05T00:38:52.066+0000] {logging_mixin.py:188} INFO - [2026-05-05T00:38:52.065+0000] {dagbag.py:545} INFO - Filling up the DagBag from /opt/airflow/dags/flight-pipeline.py
[2026-05-05T00:38:53.000+0000] {processor.py:840} INFO - DAG(s) 'flights_ops_medallion_pipe' retrieved from /opt/airflow/dags/flight-pipeline.py
[2026-05-05T00:38:53.046+0000] {logging_mixin.py:188} INFO - [2026-05-05T00:38:53.046+0000] {dag.py:3089} INFO - Sync 1 DAGs
[2026-05-05T00:38:53.083+0000] {logging_mixin.py:188} INFO - [2026-05-05T00:38:53.083+0000] {dag.py:3947} INFO - Setting next_dagrun for flights_ops_medallion_pipe to 2026-05-05 00:30:00+00:00, run_after=2026-05-05 01:00:00+00:00
[2026-05-05T00:38:53.112+0000] {processor.py:183} INFO - Processing /opt/airflow/dags/flight-pipeline.py took 1.058 seconds
[2026-05-05T00:39:23.292+0000] {processor.py:161} INFO - Started process (PID=19585) to work on /opt/airflow/dags/flight-pipeline.py
[2026-05-05T00:39:23.293+0000] {processor.py:830} INFO - Processing file /opt/airflow/dags/flight-pipeline.py for tasks to queue
[2026-05-05T00:39:23.294+0000] {logging_mixin.py:188} INFO - [2026-05-05T00:39:23.294+0000] {dagbag.py:545} INFO - Filling up the DagBag from /opt/airflow/dags/flight-pipeline.py
[2026-05-05T00:39:24.194+0000] {processor.py:840} INFO - DAG(s) 'flights_ops_medallion_pipe' retrieved from /opt/airflow/dags/flight-pipeline.py
[2026-05-05T00:39:24.232+0000] {logging_mixin.py:188} INFO - [2026-05-05T00:39:24.231+0000] {dag.py:3089} INFO - Sync 1 DAGs
[2026-05-05T00:39:24.256+0000] {logging_mixin.py:188} INFO - [2026-05-05T00:39:24.256+0000] {dag.py:3947} INFO - Setting next_dagrun for flights_ops_medallion_pipe to 2026-05-05 00:30:00+00:00, run_after=2026-05-05 01:00:00+00:00
[2026-05-05T00:39:24.275+0000] {processor.py:183} INFO - Processing /opt/airflow/dags/flight-pipeline.py took 0.992 seconds
[2026-05-05T00:39:54.562+0000] {processor.py:161} INFO - Started process (PID=19588) to work on /opt/airflow/dags/flight-pipeline.py
[2026-05-05T00:39:54.564+0000] {processor.py:830} INFO - Processing file /opt/airflow/dags/flight-pipeline.py for tasks to queue
[2026-05-05T00:39:54.566+0000] {logging_mixin.py:188} INFO - [2026-05-05T00:39:54.566+0000] {dagbag.py:545} INFO - Filling up the DagBag from /opt/airflow/dags/flight-pipeline.py
[2026-05-05T00:39:55.416+0000] {processor.py:840} INFO - DAG(s) 'flights_ops_medallion_pipe' retrieved from /opt/airflow/dags/flight-pipeline.py
[2026-05-05T00:39:55.450+0000] {logging_mixin.py:188} INFO - [2026-05-05T00:39:55.449+0000] {dag.py:3089} INFO - Sync 1 DAGs
[2026-05-05T00:39:55.471+0000] {logging_mixin.py:188} INFO - [2026-05-05T00:39:55.471+0000] {dag.py:3947} INFO - Setting next_dagrun for flights_ops_medallion_pipe to 2026-05-05 00:30:00+00:00, run_after=2026-05-05 01:00:00+00:00
[2026-05-05T00:39:55.489+0000] {processor.py:183} INFO - Processing /opt/airflow/dags/flight-pipeline.py took 0.934 seconds
[2026-05-05T00:40:25.954+0000] {processor.py:161} INFO - Started process (PID=19591) to work on /opt/airflow/dags/flight-pipeline.py
[2026-05-05T00:40:25.956+0000] {processor.py:830} INFO - Processing file /opt/airflow/dags/flight-pipeline.py for tasks to queue
[2026-05-05T00:40:25.958+0000] {logging_mixin.py:188} INFO - [2026-05-05T00:40:25.957+0000] {dagbag.py:545} INFO - Filling up the DagBag from /opt/airflow/dags/flight-pipeline.py
[2026-05-05T00:40:27.146+0000] {processor.py:840} INFO - DAG(s) 'flights_ops_medallion_pipe' retrieved from /opt/airflow/dags/flight-pipeline.py
[2026-05-05T00:40:27.190+0000] {logging_mixin.py:188} INFO - [2026-05-05T00:40:27.189+0000] {dag.py:3089} INFO - Sync 1 DAGs
[2026-05-05T00:40:27.218+0000] {logging_mixin.py:188} INFO - [2026-05-05T00:40:27.218+0000] {dag.py:3947} INFO - Setting next_dagrun for flights_ops_medallion_pipe to 2026-05-05 00:30:00+00:00, run_after=2026-05-05 01:00:00+00:00
[2026-05-05T00:40:27.239+0000] {processor.py:183} INFO - Processing /opt/airflow/dags/flight-pipeline.py took 1.301 seconds
[2026-05-05T00:40:57.480+0000] {processor.py:161} INFO - Started process (PID=19594) to work on /opt/airflow/dags/flight-pipeline.py
[2026-05-05T00:40:57.483+0000] {processor.py:830} INFO - Processing file /opt/airflow/dags/flight-pipeline.py for tasks to queue
[2026-05-05T00:40:57.487+0000] {logging_mixin.py:188} INFO - [2026-05-05T00:40:57.485+0000] {dagbag.py:545} INFO - Filling up the DagBag from /opt/airflow/dags/flight-pipeline.py
[2026-05-05T00:40:58.369+0000] {processor.py:840} INFO - DAG(s) 'flights_ops_medallion_pipe' retrieved from /opt/airflow/dags/flight-pipeline.py
[2026-05-05T00:40:58.400+0000] {logging_mixin.py:188} INFO - [2026-05-05T00:40:58.400+0000] {dag.py:3089} INFO - Sync 1 DAGs
[2026-05-05T00:40:58.436+0000] {logging_mixin.py:188} INFO - [2026-05-05T00:40:58.435+0000] {dag.py:3947} INFO - Setting next_dagrun for flights_ops_medallion_pipe to 2026-05-05 00:30:00+00:00, run_after=2026-05-05 01:00:00+00:00
[2026-05-05T00:40:58.460+0000] {processor.py:183} INFO - Processing /opt/airflow/dags/flight-pipeline.py took 0.988 seconds
[2026-05-05T00:41:28.764+0000] {processor.py:161} INFO - Started process (PID=19597) to work on /opt/airflow/dags/flight-pipeline.py
[2026-05-05T00:41:28.765+0000] {processor.py:830} INFO - Processing file /opt/airflow/dags/flight-pipeline.py for tasks to queue
[2026-05-05T00:41:28.766+0000] {logging_mixin.py:188} INFO - [2026-05-05T00:41:28.766+0000] {dagbag.py:545} INFO - Filling up the DagBag from /opt/airflow/dags/flight-pipeline.py
[2026-05-05T00:41:30.148+0000] {processor.py:840} INFO - DAG(s) 'flights_ops_medallion_pipe' retrieved from /opt/airflow/dags/flight-pipeline.py
[2026-05-05T00:41:30.200+0000] {logging_mixin.py:188} INFO - [2026-05-05T00:41:30.199+0000] {dag.py:3089} INFO - Sync 1 DAGs
[2026-05-05T00:41:30.227+0000] {logging_mixin.py:188} INFO - [2026-05-05T00:41:30.227+0000] {dag.py:3947} INFO - Setting next_dagrun for flights_ops_medallion_pipe to 2026-05-05 00:30:00+00:00, run_after=2026-05-05 01:00:00+00:00
[2026-05-05T00:41:30.250+0000] {processor.py:183} INFO - Processing /opt/airflow/dags/flight-pipeline.py took 1.494 seconds
[2026-05-05T00:42:00.497+0000] {processor.py:161} INFO - Started process (PID=19600) to work on /opt/airflow/dags/flight-pipeline.py
[2026-05-05T00:42:00.499+0000] {processor.py:830} INFO - Processing file /opt/airflow/dags/flight-pipeline.py for tasks to queue
[2026-05-05T00:42:00.500+0000] {logging_mixin.py:188} INFO - [2026-05-05T00:42:00.499+0000] {dagbag.py:545} INFO - Filling up the DagBag from /opt/airflow/dags/flight-pipeline.py
[2026-05-05T00:42:01.368+0000] {processor.py:840} INFO - DAG(s) 'flights_ops_medallion_pipe' retrieved from /opt/airflow/dags/flight-pipeline.py
[2026-05-05T00:42:01.402+0000] {logging_mixin.py:188} INFO - [2026-05-05T00:42:01.401+0000] {dag.py:3089} INFO - Sync 1 DAGs
[2026-05-05T00:42:01.430+0000] {logging_mixin.py:188} INFO - [2026-05-05T00:42:01.429+0000] {dag.py:3947} INFO - Setting next_dagrun for flights_ops_medallion_pipe to 2026-05-05 00:30:00+00:00, run_after=2026-05-05 01:00:00+00:00
[2026-05-05T00:42:01.460+0000] {processor.py:183} INFO - Processing /opt/airflow/dags/flight-pipeline.py took 0.972 seconds
[2026-05-05T00:42:31.725+0000] {processor.py:161} INFO - Started process (PID=19603) to work on /opt/airflow/dags/flight-pipeline.py
[2026-05-05T00:42:31.729+0000] {processor.py:830} INFO - Processing file /opt/airflow/dags/flight-pipeline.py for tasks to queue
[2026-05-05T00:42:31.731+0000] {logging_mixin.py:188} INFO - [2026-05-05T00:42:31.730+0000] {dagbag.py:545} INFO - Filling up the DagBag from /opt/airflow/dags/flight-pipeline.py
[2026-05-05T00:42:32.616+0000] {processor.py:840} INFO - DAG(s) 'flights_ops_medallion_pipe' retrieved from /opt/airflow/dags/flight-pipeline.py
[2026-05-05T00:42:32.656+0000] {logging_mixin.py:188} INFO - [2026-05-05T00:42:32.656+0000] {dag.py:3089} INFO - Sync 1 DAGs
[2026-05-05T00:42:32.683+0000] {logging_mixin.py:188} INFO - [2026-05-05T00:42:32.683+0000] {dag.py:3947} INFO - Setting next_dagrun for flights_ops_medallion_pipe to 2026-05-05 00:30:00+00:00, run_after=2026-05-05 01:00:00+00:00
[2026-05-05T00:42:32.702+0000] {processor.py:183} INFO - Processing /opt/airflow/dags/flight-pipeline.py took 0.986 seconds
[2026-05-05T00:43:02.966+0000] {processor.py:161} INFO - Started process (PID=19606) to work on /opt/airflow/dags/flight-pipeline.py
[2026-05-05T00:43:02.968+0000] {processor.py:830} INFO - Processing file /opt/airflow/dags/flight-pipeline.py for tasks to queue
[2026-05-05T00:43:02.970+0000] {logging_mixin.py:188} INFO - [2026-05-05T00:43:02.969+0000] {dagbag.py:545} INFO - Filling up the DagBag from /opt/airflow/dags/flight-pipeline.py
[2026-05-05T00:43:04.026+0000] {processor.py:840} INFO - DAG(s) 'flights_ops_medallion_pipe' retrieved from /opt/airflow/dags/flight-pipeline.py
[2026-05-05T00:43:04.073+0000] {logging_mixin.py:188} INFO - [2026-05-05T00:43:04.073+0000] {dag.py:3089} INFO - Sync 1 DAGs
[2026-05-05T00:43:04.099+0000] {logging_mixin.py:188} INFO - [2026-05-05T00:43:04.099+0000] {dag.py:3947} INFO - Setting next_dagrun for flights_ops_medallion_pipe to 2026-05-05 00:30:00+00:00, run_after=2026-05-05 01:00:00+00:00
[2026-05-05T00:43:04.120+0000] {processor.py:183} INFO - Processing /opt/airflow/dags/flight-pipeline.py took 1.163 seconds
[2026-05-05T00:43:34.206+0000] {processor.py:161} INFO - Started process (PID=19609) to work on /opt/airflow/dags/flight-pipeline.py
[2026-05-05T00:43:34.210+0000] {processor.py:830} INFO - Processing file /opt/airflow/dags/flight-pipeline.py for tasks to queue
[2026-05-05T00:43:34.212+0000] {logging_mixin.py:188} INFO - [2026-05-05T00:43:34.211+0000] {dagbag.py:545} INFO - Filling up the DagBag from /opt/airflow/dags/flight-pipeline.py
[2026-05-05T00:43:35.023+0000] {processor.py:840} INFO - DAG(s) 'flights_ops_medallion_pipe' retrieved from /opt/airflow/dags/flight-pipeline.py
[2026-05-05T00:43:35.055+0000] {logging_mixin.py:188} INFO - [2026-05-05T00:43:35.054+0000] {dag.py:3089} INFO - Sync 1 DAGs
[2026-05-05T00:43:35.074+0000] {logging_mixin.py:188} INFO - [2026-05-05T00:43:35.073+0000] {dag.py:3947} INFO - Setting next_dagrun for flights_ops_medallion_pipe to 2026-05-05 00:30:00+00:00, run_after=2026-05-05 01:00:00+00:00
[2026-05-05T00:43:35.090+0000] {processor.py:183} INFO - Processing /opt/airflow/dags/flight-pipeline.py took 0.893 seconds
[2026-05-05T00:44:05.387+0000] {processor.py:161} INFO - Started process (PID=19612) to work on /opt/airflow/dags/flight-pipeline.py
[2026-05-05T00:44:05.389+0000] {processor.py:830} INFO - Processing file /opt/airflow/dags/flight-pipeline.py for tasks to queue
[2026-05-05T00:44:05.390+0000] {logging_mixin.py:188} INFO - [2026-05-05T00:44:05.389+0000] {dagbag.py:545} INFO - Filling up the DagBag from /opt/airflow/dags/flight-pipeline.py
[2026-05-05T00:44:06.415+0000] {processor.py:840} INFO - DAG(s) 'flights_ops_medallion_pipe' retrieved from /opt/airflow/dags/flight-pipeline.py
[2026-05-05T00:44:06.463+0000] {logging_mixin.py:188} INFO - [2026-05-05T00:44:06.462+0000] {dag.py:3089} INFO - Sync 1 DAGs
[2026-05-05T00:44:06.490+0000] {logging_mixin.py:188} INFO - [2026-05-05T00:44:06.489+0000] {dag.py:3947} INFO - Setting next_dagrun for flights_ops_medallion_pipe to 2026-05-05 00:30:00+00:00, run_after=2026-05-05 01:00:00+00:00
[2026-05-05T00:44:06.509+0000] {processor.py:183} INFO - Processing /opt/airflow/dags/flight-pipeline.py took 1.131 seconds
[2026-05-05T00:44:36.631+0000] {processor.py:161} INFO - Started process (PID=19615) to work on /opt/airflow/dags/flight-pipeline.py
[2026-05-05T00:44:36.633+0000] {processor.py:830} INFO - Processing file /opt/airflow/dags/flight-pipeline.py for tasks to queue
[2026-05-05T00:44:36.635+0000] {logging_mixin.py:188} INFO - [2026-05-05T00:44:36.634+0000] {dagbag.py:545} INFO - Filling up the DagBag from /opt/airflow/dags/flight-pipeline.py
[2026-05-05T00:44:37.603+0000] {processor.py:840} INFO - DAG(s) 'flights_ops_medallion_pipe' retrieved from /opt/airflow/dags/flight-pipeline.py
[2026-05-05T00:44:37.665+0000] {logging_mixin.py:188} INFO - [2026-05-05T00:44:37.664+0000] {dag.py:3089} INFO - Sync 1 DAGs
[2026-05-05T00:44:37.698+0000] {logging_mixin.py:188} INFO - [2026-05-05T00:44:37.695+0000] {dag.py:3947} INFO - Setting next_dagrun for flights_ops_medallion_pipe to 2026-05-05 00:30:00+00:00, run_after=2026-05-05 01:00:00+00:00
[2026-05-05T00:44:37.733+0000] {processor.py:183} INFO - Processing /opt/airflow/dags/flight-pipeline.py took 1.111 seconds
[2026-05-05T00:45:08.015+0000] {processor.py:161} INFO - Started process (PID=19618) to work on /opt/airflow/dags/flight-pipeline.py
[2026-05-05T00:45:08.017+0000] {processor.py:830} INFO - Processing file /opt/airflow/dags/flight-pipeline.py for tasks to queue
[2026-05-05T00:45:08.018+0000] {logging_mixin.py:188} INFO - [2026-05-05T00:45:08.017+0000] {dagbag.py:545} INFO - Filling up the DagBag from /opt/airflow/dags/flight-pipeline.py
[2026-05-05T00:45:08.894+0000] {processor.py:840} INFO - DAG(s) 'flights_ops_medallion_pipe' retrieved from /opt/airflow/dags/flight-pipeline.py
[2026-05-05T00:45:08.929+0000] {logging_mixin.py:188} INFO - [2026-05-05T00:45:08.929+0000] {dag.py:3089} INFO - Sync 1 DAGs
[2026-05-05T00:45:08.952+0000] {logging_mixin.py:188} INFO - [2026-05-05T00:45:08.952+0000] {dag.py:3947} INFO - Setting next_dagrun for flights_ops_medallion_pipe to 2026-05-05 00:30:00+00:00, run_after=2026-05-05 01:00:00+00:00
[2026-05-05T00:45:08.971+0000] {processor.py:183} INFO - Processing /opt/airflow/dags/flight-pipeline.py took 0.964 seconds
[2026-05-05T00:45:39.277+0000] {processor.py:161} INFO - Started process (PID=19621) to work on /opt/airflow/dags/flight-pipeline.py
[2026-05-05T00:45:39.280+0000] {processor.py:830} INFO - Processing file /opt/airflow/dags/flight-pipeline.py for tasks to queue
[2026-05-05T00:45:39.281+0000] {logging_mixin.py:188} INFO - [2026-05-05T00:45:39.281+0000] {dagbag.py:545} INFO - Filling up the DagBag from /opt/airflow/dags/flight-pipeline.py
[2026-05-05T00:45:40.133+0000] {processor.py:840} INFO - DAG(s) 'flights_ops_medallion_pipe' retrieved from /opt/airflow/dags/flight-pipeline.py
[2026-05-05T00:45:40.164+0000] {logging_mixin.py:188} INFO - [2026-05-05T00:45:40.164+0000] {dag.py:3089} INFO - Sync 1 DAGs
[2026-05-05T00:45:40.185+0000] {logging_mixin.py:188} INFO - [2026-05-05T00:45:40.185+0000] {dag.py:3947} INFO - Setting next_dagrun for flights_ops_medallion_pipe to 2026-05-05 00:30:00+00:00, run_after=2026-05-05 01:00:00+00:00
[2026-05-05T00:45:40.205+0000] {processor.py:183} INFO - Processing /opt/airflow/dags/flight-pipeline.py took 0.938 seconds
[2026-05-05T00:46:10.479+0000] {processor.py:161} INFO - Started process (PID=19624) to work on /opt/airflow/dags/flight-pipeline.py
[2026-05-05T00:46:10.482+0000] {processor.py:830} INFO - Processing file /opt/airflow/dags/flight-pipeline.py for tasks to queue
[2026-05-05T00:46:10.484+0000] {logging_mixin.py:188} INFO - [2026-05-05T00:46:10.483+0000] {dagbag.py:545} INFO - Filling up the DagBag from /opt/airflow/dags/flight-pipeline.py
[2026-05-05T00:46:11.343+0000] {processor.py:840} INFO - DAG(s) 'flights_ops_medallion_pipe' retrieved from /opt/airflow/dags/flight-pipeline.py
[2026-05-05T00:46:11.378+0000] {logging_mixin.py:188} INFO - [2026-05-05T00:46:11.378+0000] {dag.py:3089} INFO - Sync 1 DAGs
[2026-05-05T00:46:11.400+0000] {logging_mixin.py:188} INFO - [2026-05-05T00:46:11.399+0000] {dag.py:3947} INFO - Setting next_dagrun for flights_ops_medallion_pipe to 2026-05-05 00:30:00+00:00, run_after=2026-05-05 01:00:00+00:00
[2026-05-05T00:46:11.418+0000] {processor.py:183} INFO - Processing /opt/airflow/dags/flight-pipeline.py took 0.948 seconds
[2026-05-05T00:46:41.722+0000] {processor.py:161} INFO - Started process (PID=19627) to work on /opt/airflow/dags/flight-pipeline.py
[2026-05-05T00:46:41.724+0000] {processor.py:830} INFO - Processing file /opt/airflow/dags/flight-pipeline.py for tasks to queue
[2026-05-05T00:46:41.725+0000] {logging_mixin.py:188} INFO - [2026-05-05T00:46:41.725+0000] {dagbag.py:545} INFO - Filling up the DagBag from /opt/airflow/dags/flight-pipeline.py
[2026-05-05T00:46:42.532+0000] {processor.py:840} INFO - DAG(s) 'flights_ops_medallion_pipe' retrieved from /opt/airflow/dags/flight-pipeline.py
[2026-05-05T00:46:42.563+0000] {logging_mixin.py:188} INFO - [2026-05-05T00:46:42.562+0000] {dag.py:3089} INFO - Sync 1 DAGs
[2026-05-05T00:46:42.582+0000] {logging_mixin.py:188} INFO - [2026-05-05T00:46:42.581+0000] {dag.py:3947} INFO - Setting next_dagrun for flights_ops_medallion_pipe to 2026-05-05 00:30:00+00:00, run_after=2026-05-05 01:00:00+00:00
[2026-05-05T00:46:42.599+0000] {processor.py:183} INFO - Processing /opt/airflow/dags/flight-pipeline.py took 0.886 seconds
[2026-05-05T00:47:12.889+0000] {processor.py:161} INFO - Started process (PID=19630) to work on /opt/airflow/dags/flight-pipeline.py
[2026-05-05T00:47:12.891+0000] {processor.py:830} INFO - Processing file /opt/airflow/dags/flight-pipeline.py for tasks to queue
[2026-05-05T00:47:12.892+0000] {logging_mixin.py:188} INFO - [2026-05-05T00:47:12.892+0000] {dagbag.py:545} INFO - Filling up the DagBag from /opt/airflow/dags/flight-pipeline.py
[2026-05-05T00:47:13.720+0000] {processor.py:840} INFO - DAG(s) 'flights_ops_medallion_pipe' retrieved from /opt/airflow/dags/flight-pipeline.py
[2026-05-05T00:47:13.753+0000] {logging_mixin.py:188} INFO - [2026-05-05T00:47:13.752+0000] {dag.py:3089} INFO - Sync 1 DAGs
[2026-05-05T00:47:13.774+0000] {logging_mixin.py:188} INFO - [2026-05-05T00:47:13.774+0000] {dag.py:3947} INFO - Setting next_dagrun for flights_ops_medallion_pipe to 2026-05-05 00:30:00+00:00, run_after=2026-05-05 01:00:00+00:00
[2026-05-05T00:47:13.791+0000] {processor.py:183} INFO - Processing /opt/airflow/dags/flight-pipeline.py took 0.911 seconds
[2026-05-05T00:47:44.072+0000] {processor.py:161} INFO - Started process (PID=19633) to work on /opt/airflow/dags/flight-pipeline.py
[2026-05-05T00:47:44.073+0000] {processor.py:830} INFO - Processing file /opt/airflow/dags/flight-pipeline.py for tasks to queue
[2026-05-05T00:47:44.074+0000] {logging_mixin.py:188} INFO - [2026-05-05T00:47:44.074+0000] {dagbag.py:545} INFO - Filling up the DagBag from /opt/airflow/dags/flight-pipeline.py
[2026-05-05T00:47:44.923+0000] {processor.py:840} INFO - DAG(s) 'flights_ops_medallion_pipe' retrieved from /opt/airflow/dags/flight-pipeline.py
[2026-05-05T00:47:44.955+0000] {logging_mixin.py:188} INFO - [2026-05-05T00:47:44.954+0000] {dag.py:3089} INFO - Sync 1 DAGs
[2026-05-05T00:47:44.976+0000] {logging_mixin.py:188} INFO - [2026-05-05T00:47:44.976+0000] {dag.py:3947} INFO - Setting next_dagrun for flights_ops_medallion_pipe to 2026-05-05 00:30:00+00:00, run_after=2026-05-05 01:00:00+00:00
[2026-05-05T00:47:44.993+0000] {processor.py:183} INFO - Processing /opt/airflow/dags/flight-pipeline.py took 0.931 seconds
[2026-05-05T00:48:15.257+0000] {processor.py:161} INFO - Started process (PID=19636) to work on /opt/airflow/dags/flight-pipeline.py
[2026-05-05T00:48:15.260+0000] {processor.py:830} INFO - Processing file /opt/airflow/dags/flight-pipeline.py for tasks to queue
[2026-05-05T00:48:15.261+0000] {logging_mixin.py:188} INFO - [2026-05-05T00:48:15.260+0000] {dagbag.py:545} INFO - Filling up the DagBag from /opt/airflow/dags/flight-pipeline.py
[2026-05-05T00:48:16.031+0000] {processor.py:840} INFO - DAG(s) 'flights_ops_medallion_pipe' retrieved from /opt/airflow/dags/flight-pipeline.py
[2026-05-05T00:48:16.061+0000] {logging_mixin.py:188} INFO - [2026-05-05T00:48:16.060+0000] {dag.py:3089} INFO - Sync 1 DAGs
[2026-05-05T00:48:16.081+0000] {logging_mixin.py:188} INFO - [2026-05-05T00:48:16.081+0000] {dag.py:3947} INFO - Setting next_dagrun for flights_ops_medallion_pipe to 2026-05-05 00:30:00+00:00, run_after=2026-05-05 01:00:00+00:00
[2026-05-05T00:48:16.101+0000] {processor.py:183} INFO - Processing /opt/airflow/dags/flight-pipeline.py took 0.853 seconds
[2026-05-05T00:48:46.386+0000] {processor.py:161} INFO - Started process (PID=19639) to work on /opt/airflow/dags/flight-pipeline.py
[2026-05-05T00:48:46.389+0000] {processor.py:830} INFO - Processing file /opt/airflow/dags/flight-pipeline.py for tasks to queue
[2026-05-05T00:48:46.390+0000] {logging_mixin.py:188} INFO - [2026-05-05T00:48:46.390+0000] {dagbag.py:545} INFO - Filling up the DagBag from /opt/airflow/dags/flight-pipeline.py
[2026-05-05T00:48:47.330+0000] {processor.py:840} INFO - DAG(s) 'flights_ops_medallion_pipe' retrieved from /opt/airflow/dags/flight-pipeline.py
[2026-05-05T00:48:47.365+0000] {logging_mixin.py:188} INFO - [2026-05-05T00:48:47.365+0000] {dag.py:3089} INFO - Sync 1 DAGs
[2026-05-05T00:48:47.388+0000] {logging_mixin.py:188} INFO - [2026-05-05T00:48:47.388+0000] {dag.py:3947} INFO - Setting next_dagrun for flights_ops_medallion_pipe to 2026-05-05 00:30:00+00:00, run_after=2026-05-05 01:00:00+00:00
[2026-05-05T00:48:47.408+0000] {processor.py:183} INFO - Processing /opt/airflow/dags/flight-pipeline.py took 1.032 seconds
[2026-05-05T00:49:17.619+0000] {processor.py:161} INFO - Started process (PID=19642) to work on /opt/airflow/dags/flight-pipeline.py
[2026-05-05T00:49:17.621+0000] {processor.py:830} INFO - Processing file /opt/airflow/dags/flight-pipeline.py for tasks to queue
[2026-05-05T00:49:17.623+0000] {logging_mixin.py:188} INFO - [2026-05-05T00:49:17.622+0000] {dagbag.py:545} INFO - Filling up the DagBag from /opt/airflow/dags/flight-pipeline.py
[2026-05-05T00:49:18.471+0000] {processor.py:840} INFO - DAG(s) 'flights_ops_medallion_pipe' retrieved from /opt/airflow/dags/flight-pipeline.py
[2026-05-05T00:49:18.502+0000] {logging_mixin.py:188} INFO - [2026-05-05T00:49:18.502+0000] {dag.py:3089} INFO - Sync 1 DAGs
[2026-05-05T00:49:18.523+0000] {logging_mixin.py:188} INFO - [2026-05-05T00:49:18.523+0000] {dag.py:3947} INFO - Setting next_dagrun for flights_ops_medallion_pipe to 2026-05-05 00:30:00+00:00, run_after=2026-05-05 01:00:00+00:00
[2026-05-05T00:49:18.543+0000] {processor.py:183} INFO - Processing /opt/airflow/dags/flight-pipeline.py took 0.931 seconds
[2026-05-05T00:49:48.760+0000] {processor.py:161} INFO - Started process (PID=19645) to work on /opt/airflow/dags/flight-pipeline.py
[2026-05-05T00:49:48.763+0000] {processor.py:830} INFO - Processing file /opt/airflow/dags/flight-pipeline.py for tasks to queue
[2026-05-05T00:49:48.765+0000] {logging_mixin.py:188} INFO - [2026-05-05T00:49:48.764+0000] {dagbag.py:545} INFO - Filling up the DagBag from /opt/airflow/dags/flight-pipeline.py
[2026-05-05T00:49:49.595+0000] {processor.py:840} INFO - DAG(s) 'flights_ops_medallion_pipe' retrieved from /opt/airflow/dags/flight-pipeline.py
[2026-05-05T00:49:49.629+0000] {logging_mixin.py:188} INFO - [2026-05-05T00:49:49.628+0000] {dag.py:3089} INFO - Sync 1 DAGs
[2026-05-05T00:49:49.648+0000] {logging_mixin.py:188} INFO - [2026-05-05T00:49:49.648+0000] {dag.py:3947} INFO - Setting next_dagrun for flights_ops_medallion_pipe to 2026-05-05 00:30:00+00:00, run_after=2026-05-05 01:00:00+00:00
[2026-05-05T00:49:49.666+0000] {processor.py:183} INFO - Processing /opt/airflow/dags/flight-pipeline.py took 0.914 seconds
[2026-05-05T00:50:19.867+0000] {processor.py:161} INFO - Started process (PID=19648) to work on /opt/airflow/dags/flight-pipeline.py
[2026-05-05T00:50:19.868+0000] {processor.py:830} INFO - Processing file /opt/airflow/dags/flight-pipeline.py for tasks to queue
[2026-05-05T00:50:19.870+0000] {logging_mixin.py:188} INFO - [2026-05-05T00:50:19.869+0000] {dagbag.py:545} INFO - Filling up the DagBag from /opt/airflow/dags/flight-pipeline.py
[2026-05-05T00:50:20.745+0000] {processor.py:840} INFO - DAG(s) 'flights_ops_medallion_pipe' retrieved from /opt/airflow/dags/flight-pipeline.py
[2026-05-05T00:50:20.775+0000] {logging_mixin.py:188} INFO - [2026-05-05T00:50:20.774+0000] {dag.py:3089} INFO - Sync 1 DAGs
[2026-05-05T00:50:20.795+0000] {logging_mixin.py:188} INFO - [2026-05-05T00:50:20.795+0000] {dag.py:3947} INFO - Setting next_dagrun for flights_ops_medallion_pipe to 2026-05-05 00:30:00+00:00, run_after=2026-05-05 01:00:00+00:00
[2026-05-05T00:50:20.814+0000] {processor.py:183} INFO - Processing /opt/airflow/dags/flight-pipeline.py took 0.955 seconds
[2026-05-05T00:50:51.044+0000] {processor.py:161} INFO - Started process (PID=19651) to work on /opt/airflow/dags/flight-pipeline.py
[2026-05-05T00:50:51.045+0000] {processor.py:830} INFO - Processing file /opt/airflow/dags/flight-pipeline.py for tasks to queue
[2026-05-05T00:50:51.046+0000] {logging_mixin.py:188} INFO - [2026-05-05T00:50:51.046+0000] {dagbag.py:545} INFO - Filling up the DagBag from /opt/airflow/dags/flight-pipeline.py
[2026-05-05T00:50:51.867+0000] {processor.py:840} INFO - DAG(s) 'flights_ops_medallion_pipe' retrieved from /opt/airflow/dags/flight-pipeline.py
[2026-05-05T00:50:51.897+0000] {logging_mixin.py:188} INFO - [2026-05-05T00:50:51.896+0000] {dag.py:3089} INFO - Sync 1 DAGs
[2026-05-05T00:50:51.919+0000] {logging_mixin.py:188} INFO - [2026-05-05T00:50:51.918+0000] {dag.py:3947} INFO - Setting next_dagrun for flights_ops_medallion_pipe to 2026-05-05 00:30:00+00:00, run_after=2026-05-05 01:00:00+00:00
[2026-05-05T00:50:51.937+0000] {processor.py:183} INFO - Processing /opt/airflow/dags/flight-pipeline.py took 0.900 seconds
[2026-05-05T00:51:22.150+0000] {processor.py:161} INFO - Started process (PID=19654) to work on /opt/airflow/dags/flight-pipeline.py
[2026-05-05T00:51:22.152+0000] {processor.py:830} INFO - Processing file /opt/airflow/dags/flight-pipeline.py for tasks to queue
[2026-05-05T00:51:22.153+0000] {logging_mixin.py:188} INFO - [2026-05-05T00:51:22.153+0000] {dagbag.py:545} INFO - Filling up the DagBag from /opt/airflow/dags/flight-pipeline.py
[2026-05-05T00:51:22.965+0000] {processor.py:840} INFO - DAG(s) 'flights_ops_medallion_pipe' retrieved from /opt/airflow/dags/flight-pipeline.py
[2026-05-05T00:51:22.999+0000] {logging_mixin.py:188} INFO - [2026-05-05T00:51:22.999+0000] {dag.py:3089} INFO - Sync 1 DAGs
[2026-05-05T00:51:23.019+0000] {logging_mixin.py:188} INFO - [2026-05-05T00:51:23.019+0000] {dag.py:3947} INFO - Setting next_dagrun for flights_ops_medallion_pipe to 2026-05-05 00:30:00+00:00, run_after=2026-05-05 01:00:00+00:00
[2026-05-05T00:51:23.036+0000] {processor.py:183} INFO - Processing /opt/airflow/dags/flight-pipeline.py took 0.893 seconds
[2026-05-05T00:51:54.289+0000] {processor.py:161} INFO - Started process (PID=19657) to work on /opt/airflow/dags/flight-pipeline.py
[2026-05-05T00:51:54.296+0000] {processor.py:830} INFO - Processing file /opt/airflow/dags/flight-pipeline.py for tasks to queue
[2026-05-05T00:51:54.345+0000] {logging_mixin.py:188} INFO - [2026-05-05T00:51:54.298+0000] {dagbag.py:545} INFO - Filling up the DagBag from /opt/airflow/dags/flight-pipeline.py
[2026-05-05T00:52:09.826+0000] {processor.py:840} INFO - DAG(s) 'flights_ops_medallion_pipe' retrieved from /opt/airflow/dags/flight-pipeline.py
[2026-05-05T00:52:09.965+0000] {logging_mixin.py:188} INFO - [2026-05-05T00:52:09.960+0000] {dag.py:3089} INFO - Sync 1 DAGs
[2026-05-05T00:52:10.035+0000] {logging_mixin.py:188} INFO - [2026-05-05T00:52:10.033+0000] {dag.py:3947} INFO - Setting next_dagrun for flights_ops_medallion_pipe to 2026-05-05 00:30:00+00:00, run_after=2026-05-05 01:00:00+00:00
[2026-05-05T00:52:10.078+0000] {processor.py:183} INFO - Processing /opt/airflow/dags/flight-pipeline.py took 15.843 seconds
[2026-05-05T00:52:40.427+0000] {processor.py:161} INFO - Started process (PID=19660) to work on /opt/airflow/dags/flight-pipeline.py
[2026-05-05T00:52:40.434+0000] {processor.py:830} INFO - Processing file /opt/airflow/dags/flight-pipeline.py for tasks to queue
[2026-05-05T00:52:40.440+0000] {logging_mixin.py:188} INFO - [2026-05-05T00:52:40.437+0000] {dagbag.py:545} INFO - Filling up the DagBag from /opt/airflow/dags/flight-pipeline.py
[2026-05-05T00:52:41.665+0000] {processor.py:840} INFO - DAG(s) 'flights_ops_medallion_pipe' retrieved from /opt/airflow/dags/flight-pipeline.py
[2026-05-05T00:52:41.737+0000] {logging_mixin.py:188} INFO - [2026-05-05T00:52:41.736+0000] {dag.py:3089} INFO - Sync 1 DAGs
[2026-05-05T00:52:41.798+0000] {logging_mixin.py:188} INFO - [2026-05-05T00:52:41.797+0000] {dag.py:3947} INFO - Setting next_dagrun for flights_ops_medallion_pipe to 2026-05-05 00:30:00+00:00, run_after=2026-05-05 01:00:00+00:00
[2026-05-05T00:52:41.833+0000] {processor.py:183} INFO - Processing /opt/airflow/dags/flight-pipeline.py took 1.432 seconds
[2026-05-05T00:53:12.223+0000] {processor.py:161} INFO - Started process (PID=19663) to work on /opt/airflow/dags/flight-pipeline.py
[2026-05-05T00:53:12.225+0000] {processor.py:830} INFO - Processing file /opt/airflow/dags/flight-pipeline.py for tasks to queue
[2026-05-05T00:53:12.226+0000] {logging_mixin.py:188} INFO - [2026-05-05T00:53:12.226+0000] {dagbag.py:545} INFO - Filling up the DagBag from /opt/airflow/dags/flight-pipeline.py
[2026-05-05T00:53:13.083+0000] {processor.py:840} INFO - DAG(s) 'flights_ops_medallion_pipe' retrieved from /opt/airflow/dags/flight-pipeline.py
[2026-05-05T00:53:13.114+0000] {logging_mixin.py:188} INFO - [2026-05-05T00:53:13.114+0000] {dag.py:3089} INFO - Sync 1 DAGs
[2026-05-05T00:53:13.135+0000] {logging_mixin.py:188} INFO - [2026-05-05T00:53:13.135+0000] {dag.py:3947} INFO - Setting next_dagrun for flights_ops_medallion_pipe to 2026-05-05 00:30:00+00:00, run_after=2026-05-05 01:00:00+00:00
[2026-05-05T00:53:13.154+0000] {processor.py:183} INFO - Processing /opt/airflow/dags/flight-pipeline.py took 0.940 seconds
[2026-05-05T00:53:43.409+0000] {processor.py:161} INFO - Started process (PID=19666) to work on /opt/airflow/dags/flight-pipeline.py
[2026-05-05T00:53:43.413+0000] {processor.py:830} INFO - Processing file /opt/airflow/dags/flight-pipeline.py for tasks to queue
[2026-05-05T00:53:43.414+0000] {logging_mixin.py:188} INFO - [2026-05-05T00:53:43.414+0000] {dagbag.py:545} INFO - Filling up the DagBag from /opt/airflow/dags/flight-pipeline.py
[2026-05-05T00:53:44.302+0000] {processor.py:840} INFO - DAG(s) 'flights_ops_medallion_pipe' retrieved from /opt/airflow/dags/flight-pipeline.py
[2026-05-05T00:53:44.338+0000] {logging_mixin.py:188} INFO - [2026-05-05T00:53:44.338+0000] {dag.py:3089} INFO - Sync 1 DAGs
[2026-05-05T00:53:44.361+0000] {logging_mixin.py:188} INFO - [2026-05-05T00:53:44.360+0000] {dag.py:3947} INFO - Setting next_dagrun for flights_ops_medallion_pipe to 2026-05-05 00:30:00+00:00, run_after=2026-05-05 01:00:00+00:00
[2026-05-05T00:53:44.381+0000] {processor.py:183} INFO - Processing /opt/airflow/dags/flight-pipeline.py took 0.983 seconds
[2026-05-05T00:54:14.647+0000] {processor.py:161} INFO - Started process (PID=19669) to work on /opt/airflow/dags/flight-pipeline.py
[2026-05-05T00:54:14.649+0000] {processor.py:830} INFO - Processing file /opt/airflow/dags/flight-pipeline.py for tasks to queue
[2026-05-05T00:54:14.650+0000] {logging_mixin.py:188} INFO - [2026-05-05T00:54:14.649+0000] {dagbag.py:545} INFO - Filling up the DagBag from /opt/airflow/dags/flight-pipeline.py
[2026-05-05T00:54:15.542+0000] {processor.py:840} INFO - DAG(s) 'flights_ops_medallion_pipe' retrieved from /opt/airflow/dags/flight-pipeline.py
[2026-05-05T00:54:15.576+0000] {logging_mixin.py:188} INFO - [2026-05-05T00:54:15.575+0000] {dag.py:3089} INFO - Sync 1 DAGs
[2026-05-05T00:54:15.598+0000] {logging_mixin.py:188} INFO - [2026-05-05T00:54:15.598+0000] {dag.py:3947} INFO - Setting next_dagrun for flights_ops_medallion_pipe to 2026-05-05 00:30:00+00:00, run_after=2026-05-05 01:00:00+00:00
[2026-05-05T00:54:15.617+0000] {processor.py:183} INFO - Processing /opt/airflow/dags/flight-pipeline.py took 0.980 seconds
[2026-05-05T00:54:45.959+0000] {processor.py:161} INFO - Started process (PID=19672) to work on /opt/airflow/dags/flight-pipeline.py
[2026-05-05T00:54:45.962+0000] {processor.py:830} INFO - Processing file /opt/airflow/dags/flight-pipeline.py for tasks to queue
[2026-05-05T00:54:45.963+0000] {logging_mixin.py:188} INFO - [2026-05-05T00:54:45.963+0000] {dagbag.py:545} INFO - Filling up the DagBag from /opt/airflow/dags/flight-pipeline.py
[2026-05-05T00:54:47.028+0000] {processor.py:840} INFO - DAG(s) 'flights_ops_medallion_pipe' retrieved from /opt/airflow/dags/flight-pipeline.py
[2026-05-05T00:54:47.061+0000] {logging_mixin.py:188} INFO - [2026-05-05T00:54:47.061+0000] {dag.py:3089} INFO - Sync 1 DAGs
[2026-05-05T00:54:47.082+0000] {logging_mixin.py:188} INFO - [2026-05-05T00:54:47.082+0000] {dag.py:3947} INFO - Setting next_dagrun for flights_ops_medallion_pipe to 2026-05-05 00:30:00+00:00, run_after=2026-05-05 01:00:00+00:00
[2026-05-05T00:54:47.105+0000] {processor.py:183} INFO - Processing /opt/airflow/dags/flight-pipeline.py took 1.159 seconds
[2026-05-05T00:55:17.213+0000] {processor.py:161} INFO - Started process (PID=19675) to work on /opt/airflow/dags/flight-pipeline.py
[2026-05-05T00:55:17.216+0000] {processor.py:830} INFO - Processing file /opt/airflow/dags/flight-pipeline.py for tasks to queue
[2026-05-05T00:55:17.217+0000] {logging_mixin.py:188} INFO - [2026-05-05T00:55:17.217+0000] {dagbag.py:545} INFO - Filling up the DagBag from /opt/airflow/dags/flight-pipeline.py
[2026-05-05T00:55:18.145+0000] {processor.py:840} INFO - DAG(s) 'flights_ops_medallion_pipe' retrieved from /opt/airflow/dags/flight-pipeline.py
[2026-05-05T00:55:18.179+0000] {logging_mixin.py:188} INFO - [2026-05-05T00:55:18.178+0000] {dag.py:3089} INFO - Sync 1 DAGs
[2026-05-05T00:55:18.200+0000] {logging_mixin.py:188} INFO - [2026-05-05T00:55:18.200+0000] {dag.py:3947} INFO - Setting next_dagrun for flights_ops_medallion_pipe to 2026-05-05 00:30:00+00:00, run_after=2026-05-05 01:00:00+00:00
[2026-05-05T00:55:18.226+0000] {processor.py:183} INFO - Processing /opt/airflow/dags/flight-pipeline.py took 1.023 seconds
[2026-05-05T00:55:48.531+0000] {processor.py:161} INFO - Started process (PID=19678) to work on /opt/airflow/dags/flight-pipeline.py
[2026-05-05T00:55:48.533+0000] {processor.py:830} INFO - Processing file /opt/airflow/dags/flight-pipeline.py for tasks to queue
[2026-05-05T00:55:48.535+0000] {logging_mixin.py:188} INFO - [2026-05-05T00:55:48.534+0000] {dagbag.py:545} INFO - Filling up the DagBag from /opt/airflow/dags/flight-pipeline.py
[2026-05-05T00:55:49.407+0000] {processor.py:840} INFO - DAG(s) 'flights_ops_medallion_pipe' retrieved from /opt/airflow/dags/flight-pipeline.py
[2026-05-05T00:55:49.441+0000] {logging_mixin.py:188} INFO - [2026-05-05T00:55:49.441+0000] {dag.py:3089} INFO - Sync 1 DAGs
[2026-05-05T00:55:49.462+0000] {logging_mixin.py:188} INFO - [2026-05-05T00:55:49.462+0000] {dag.py:3947} INFO - Setting next_dagrun for flights_ops_medallion_pipe to 2026-05-05 00:30:00+00:00, run_after=2026-05-05 01:00:00+00:00
[2026-05-05T00:55:49.482+0000] {processor.py:183} INFO - Processing /opt/airflow/dags/flight-pipeline.py took 0.959 seconds
[2026-05-05T00:56:19.726+0000] {processor.py:161} INFO - Started process (PID=19681) to work on /opt/airflow/dags/flight-pipeline.py
[2026-05-05T00:56:19.729+0000] {processor.py:830} INFO - Processing file /opt/airflow/dags/flight-pipeline.py for tasks to queue
[2026-05-05T00:56:19.730+0000] {logging_mixin.py:188} INFO - [2026-05-05T00:56:19.729+0000] {dagbag.py:545} INFO - Filling up the DagBag from /opt/airflow/dags/flight-pipeline.py
[2026-05-05T00:56:20.658+0000] {processor.py:840} INFO - DAG(s) 'flights_ops_medallion_pipe' retrieved from /opt/airflow/dags/flight-pipeline.py
[2026-05-05T00:56:20.691+0000] {logging_mixin.py:188} INFO - [2026-05-05T00:56:20.690+0000] {dag.py:3089} INFO - Sync 1 DAGs
[2026-05-05T00:56:20.711+0000] {logging_mixin.py:188} INFO - [2026-05-05T00:56:20.710+0000] {dag.py:3947} INFO - Setting next_dagrun for flights_ops_medallion_pipe to 2026-05-05 00:30:00+00:00, run_after=2026-05-05 01:00:00+00:00
[2026-05-05T00:56:20.729+0000] {processor.py:183} INFO - Processing /opt/airflow/dags/flight-pipeline.py took 1.013 seconds
[2026-05-05T00:56:51.054+0000] {processor.py:161} INFO - Started process (PID=19684) to work on /opt/airflow/dags/flight-pipeline.py
[2026-05-05T00:56:51.060+0000] {processor.py:830} INFO - Processing file /opt/airflow/dags/flight-pipeline.py for tasks to queue
[2026-05-05T00:56:51.065+0000] {logging_mixin.py:188} INFO - [2026-05-05T00:56:51.063+0000] {dagbag.py:545} INFO - Filling up the DagBag from /opt/airflow/dags/flight-pipeline.py
[2026-05-05T00:56:52.345+0000] {processor.py:840} INFO - DAG(s) 'flights_ops_medallion_pipe' retrieved from /opt/airflow/dags/flight-pipeline.py
[2026-05-05T00:56:52.426+0000] {logging_mixin.py:188} INFO - [2026-05-05T00:56:52.425+0000] {dag.py:3089} INFO - Sync 1 DAGs
[2026-05-05T00:56:52.517+0000] {logging_mixin.py:188} INFO - [2026-05-05T00:56:52.514+0000] {dag.py:3947} INFO - Setting next_dagrun for flights_ops_medallion_pipe to 2026-05-05 00:30:00+00:00, run_after=2026-05-05 01:00:00+00:00
[2026-05-05T00:56:52.567+0000] {processor.py:183} INFO - Processing /opt/airflow/dags/flight-pipeline.py took 1.523 seconds
[2026-05-05T00:57:22.918+0000] {processor.py:161} INFO - Started process (PID=19687) to work on /opt/airflow/dags/flight-pipeline.py
[2026-05-05T00:57:22.921+0000] {processor.py:830} INFO - Processing file /opt/airflow/dags/flight-pipeline.py for tasks to queue
[2026-05-05T00:57:22.922+0000] {logging_mixin.py:188} INFO - [2026-05-05T00:57:22.922+0000] {dagbag.py:545} INFO - Filling up the DagBag from /opt/airflow/dags/flight-pipeline.py
[2026-05-05T00:57:23.952+0000] {processor.py:840} INFO - DAG(s) 'flights_ops_medallion_pipe' retrieved from /opt/airflow/dags/flight-pipeline.py
[2026-05-05T00:57:23.984+0000] {logging_mixin.py:188} INFO - [2026-05-05T00:57:23.984+0000] {dag.py:3089} INFO - Sync 1 DAGs
[2026-05-05T00:57:24.007+0000] {logging_mixin.py:188} INFO - [2026-05-05T00:57:24.007+0000] {dag.py:3947} INFO - Setting next_dagrun for flights_ops_medallion_pipe to 2026-05-05 00:30:00+00:00, run_after=2026-05-05 01:00:00+00:00
[2026-05-05T00:57:24.026+0000] {processor.py:183} INFO - Processing /opt/airflow/dags/flight-pipeline.py took 1.119 seconds
[2026-05-05T00:57:54.103+0000] {processor.py:161} INFO - Started process (PID=19690) to work on /opt/airflow/dags/flight-pipeline.py
[2026-05-05T00:57:54.104+0000] {processor.py:830} INFO - Processing file /opt/airflow/dags/flight-pipeline.py for tasks to queue
[2026-05-05T00:57:54.105+0000] {logging_mixin.py:188} INFO - [2026-05-05T00:57:54.105+0000] {dagbag.py:545} INFO - Filling up the DagBag from /opt/airflow/dags/flight-pipeline.py
[2026-05-05T00:57:54.964+0000] {processor.py:840} INFO - DAG(s) 'flights_ops_medallion_pipe' retrieved from /opt/airflow/dags/flight-pipeline.py
[2026-05-05T00:57:54.998+0000] {logging_mixin.py:188} INFO - [2026-05-05T00:57:54.998+0000] {dag.py:3089} INFO - Sync 1 DAGs
[2026-05-05T00:57:55.021+0000] {logging_mixin.py:188} INFO - [2026-05-05T00:57:55.020+0000] {dag.py:3947} INFO - Setting next_dagrun for flights_ops_medallion_pipe to 2026-05-05 00:30:00+00:00, run_after=2026-05-05 01:00:00+00:00
[2026-05-05T00:57:55.040+0000] {processor.py:183} INFO - Processing /opt/airflow/dags/flight-pipeline.py took 0.947 seconds
[2026-05-05T00:58:25.251+0000] {processor.py:161} INFO - Started process (PID=19693) to work on /opt/airflow/dags/flight-pipeline.py
[2026-05-05T00:58:25.257+0000] {processor.py:830} INFO - Processing file /opt/airflow/dags/flight-pipeline.py for tasks to queue
[2026-05-05T00:58:25.258+0000] {logging_mixin.py:188} INFO - [2026-05-05T00:58:25.258+0000] {dagbag.py:545} INFO - Filling up the DagBag from /opt/airflow/dags/flight-pipeline.py
[2026-05-05T00:58:26.083+0000] {processor.py:840} INFO - DAG(s) 'flights_ops_medallion_pipe' retrieved from /opt/airflow/dags/flight-pipeline.py
[2026-05-05T00:58:26.114+0000] {logging_mixin.py:188} INFO - [2026-05-05T00:58:26.113+0000] {dag.py:3089} INFO - Sync 1 DAGs
[2026-05-05T00:58:26.134+0000] {logging_mixin.py:188} INFO - [2026-05-05T00:58:26.134+0000] {dag.py:3947} INFO - Setting next_dagrun for flights_ops_medallion_pipe to 2026-05-05 00:30:00+00:00, run_after=2026-05-05 01:00:00+00:00
[2026-05-05T00:58:26.151+0000] {processor.py:183} INFO - Processing /opt/airflow/dags/flight-pipeline.py took 0.909 seconds
[2026-05-05T00:58:56.345+0000] {processor.py:161} INFO - Started process (PID=19696) to work on /opt/airflow/dags/flight-pipeline.py
[2026-05-05T00:58:56.348+0000] {processor.py:830} INFO - Processing file /opt/airflow/dags/flight-pipeline.py for tasks to queue
[2026-05-05T00:58:56.349+0000] {logging_mixin.py:188} INFO - [2026-05-05T00:58:56.349+0000] {dagbag.py:545} INFO - Filling up the DagBag from /opt/airflow/dags/flight-pipeline.py
[2026-05-05T00:58:57.186+0000] {processor.py:840} INFO - DAG(s) 'flights_ops_medallion_pipe' retrieved from /opt/airflow/dags/flight-pipeline.py
[2026-05-05T00:58:57.219+0000] {logging_mixin.py:188} INFO - [2026-05-05T00:58:57.219+0000] {dag.py:3089} INFO - Sync 1 DAGs
[2026-05-05T00:58:57.242+0000] {logging_mixin.py:188} INFO - [2026-05-05T00:58:57.241+0000] {dag.py:3947} INFO - Setting next_dagrun for flights_ops_medallion_pipe to 2026-05-05 00:30:00+00:00, run_after=2026-05-05 01:00:00+00:00
[2026-05-05T00:58:57.263+0000] {processor.py:183} INFO - Processing /opt/airflow/dags/flight-pipeline.py took 0.925 seconds
[2026-05-05T00:59:27.479+0000] {processor.py:161} INFO - Started process (PID=19699) to work on /opt/airflow/dags/flight-pipeline.py
[2026-05-05T00:59:27.481+0000] {processor.py:830} INFO - Processing file /opt/airflow/dags/flight-pipeline.py for tasks to queue
[2026-05-05T00:59:27.482+0000] {logging_mixin.py:188} INFO - [2026-05-05T00:59:27.482+0000] {dagbag.py:545} INFO - Filling up the DagBag from /opt/airflow/dags/flight-pipeline.py
[2026-05-05T00:59:28.304+0000] {processor.py:840} INFO - DAG(s) 'flights_ops_medallion_pipe' retrieved from /opt/airflow/dags/flight-pipeline.py
[2026-05-05T00:59:28.336+0000] {logging_mixin.py:188} INFO - [2026-05-05T00:59:28.335+0000] {dag.py:3089} INFO - Sync 1 DAGs
[2026-05-05T00:59:28.356+0000] {logging_mixin.py:188} INFO - [2026-05-05T00:59:28.356+0000] {dag.py:3947} INFO - Setting next_dagrun for flights_ops_medallion_pipe to 2026-05-05 00:30:00+00:00, run_after=2026-05-05 01:00:00+00:00
[2026-05-05T00:59:28.375+0000] {processor.py:183} INFO - Processing /opt/airflow/dags/flight-pipeline.py took 0.905 seconds
[2026-05-05T00:59:58.582+0000] {processor.py:161} INFO - Started process (PID=19702) to work on /opt/airflow/dags/flight-pipeline.py
[2026-05-05T00:59:58.583+0000] {processor.py:830} INFO - Processing file /opt/airflow/dags/flight-pipeline.py for tasks to queue
[2026-05-05T00:59:58.584+0000] {logging_mixin.py:188} INFO - [2026-05-05T00:59:58.584+0000] {dagbag.py:545} INFO - Filling up the DagBag from /opt/airflow/dags/flight-pipeline.py
[2026-05-05T00:59:59.422+0000] {processor.py:840} INFO - DAG(s) 'flights_ops_medallion_pipe' retrieved from /opt/airflow/dags/flight-pipeline.py
[2026-05-05T00:59:59.453+0000] {logging_mixin.py:188} INFO - [2026-05-05T00:59:59.452+0000] {dag.py:3089} INFO - Sync 1 DAGs
[2026-05-05T00:59:59.474+0000] {logging_mixin.py:188} INFO - [2026-05-05T00:59:59.473+0000] {dag.py:3947} INFO - Setting next_dagrun for flights_ops_medallion_pipe to 2026-05-05 00:30:00+00:00, run_after=2026-05-05 01:00:00+00:00
[2026-05-05T00:59:59.492+0000] {processor.py:183} INFO - Processing /opt/airflow/dags/flight-pipeline.py took 0.918 seconds
[2026-05-05T01:00:29.822+0000] {processor.py:161} INFO - Started process (PID=19749) to work on /opt/airflow/dags/flight-pipeline.py
[2026-05-05T01:00:29.826+0000] {processor.py:830} INFO - Processing file /opt/airflow/dags/flight-pipeline.py for tasks to queue
[2026-05-05T01:00:29.828+0000] {logging_mixin.py:188} INFO - [2026-05-05T01:00:29.827+0000] {dagbag.py:545} INFO - Filling up the DagBag from /opt/airflow/dags/flight-pipeline.py
[2026-05-05T01:00:32.252+0000] {processor.py:840} INFO - DAG(s) 'flights_ops_medallion_pipe' retrieved from /opt/airflow/dags/flight-pipeline.py
[2026-05-05T01:00:32.304+0000] {logging_mixin.py:188} INFO - [2026-05-05T01:00:32.304+0000] {dag.py:3089} INFO - Sync 1 DAGs
[2026-05-05T01:00:32.346+0000] {logging_mixin.py:188} INFO - [2026-05-05T01:00:32.346+0000] {dag.py:3947} INFO - Setting next_dagrun for flights_ops_medallion_pipe to 2026-05-05 01:00:00+00:00, run_after=2026-05-05 01:30:00+00:00
[2026-05-05T01:00:32.373+0000] {processor.py:183} INFO - Processing /opt/airflow/dags/flight-pipeline.py took 2.650 seconds
[2026-05-05T01:01:02.554+0000] {processor.py:161} INFO - Started process (PID=19752) to work on /opt/airflow/dags/flight-pipeline.py
[2026-05-05T01:01:02.555+0000] {processor.py:830} INFO - Processing file /opt/airflow/dags/flight-pipeline.py for tasks to queue
[2026-05-05T01:01:02.556+0000] {logging_mixin.py:188} INFO - [2026-05-05T01:01:02.556+0000] {dagbag.py:545} INFO - Filling up the DagBag from /opt/airflow/dags/flight-pipeline.py
[2026-05-05T01:01:03.370+0000] {processor.py:840} INFO - DAG(s) 'flights_ops_medallion_pipe' retrieved from /opt/airflow/dags/flight-pipeline.py
[2026-05-05T01:01:03.399+0000] {logging_mixin.py:188} INFO - [2026-05-05T01:01:03.399+0000] {dag.py:3089} INFO - Sync 1 DAGs
[2026-05-05T01:01:03.419+0000] {logging_mixin.py:188} INFO - [2026-05-05T01:01:03.419+0000] {dag.py:3947} INFO - Setting next_dagrun for flights_ops_medallion_pipe to 2026-05-05 01:00:00+00:00, run_after=2026-05-05 01:30:00+00:00
[2026-05-05T01:01:03.437+0000] {processor.py:183} INFO - Processing /opt/airflow/dags/flight-pipeline.py took 0.892 seconds
[2026-05-05T01:01:33.607+0000] {processor.py:161} INFO - Started process (PID=19755) to work on /opt/airflow/dags/flight-pipeline.py
[2026-05-05T01:01:33.609+0000] {processor.py:830} INFO - Processing file /opt/airflow/dags/flight-pipeline.py for tasks to queue
[2026-05-05T01:01:33.610+0000] {logging_mixin.py:188} INFO - [2026-05-05T01:01:33.610+0000] {dagbag.py:545} INFO - Filling up the DagBag from /opt/airflow/dags/flight-pipeline.py
[2026-05-05T01:01:34.407+0000] {processor.py:840} INFO - DAG(s) 'flights_ops_medallion_pipe' retrieved from /opt/airflow/dags/flight-pipeline.py
[2026-05-05T01:01:34.437+0000] {logging_mixin.py:188} INFO - [2026-05-05T01:01:34.437+0000] {dag.py:3089} INFO - Sync 1 DAGs
[2026-05-05T01:01:34.461+0000] {logging_mixin.py:188} INFO - [2026-05-05T01:01:34.461+0000] {dag.py:3947} INFO - Setting next_dagrun for flights_ops_medallion_pipe to 2026-05-05 01:00:00+00:00, run_after=2026-05-05 01:30:00+00:00
[2026-05-05T01:01:34.483+0000] {processor.py:183} INFO - Processing /opt/airflow/dags/flight-pipeline.py took 0.883 seconds
[2026-05-05T01:02:04.585+0000] {processor.py:161} INFO - Started process (PID=19758) to work on /opt/airflow/dags/flight-pipeline.py
[2026-05-05T01:02:04.587+0000] {processor.py:830} INFO - Processing file /opt/airflow/dags/flight-pipeline.py for tasks to queue
[2026-05-05T01:02:04.588+0000] {logging_mixin.py:188} INFO - [2026-05-05T01:02:04.588+0000] {dagbag.py:545} INFO - Filling up the DagBag from /opt/airflow/dags/flight-pipeline.py
[2026-05-05T01:02:05.534+0000] {processor.py:840} INFO - DAG(s) 'flights_ops_medallion_pipe' retrieved from /opt/airflow/dags/flight-pipeline.py
[2026-05-05T01:02:05.565+0000] {logging_mixin.py:188} INFO - [2026-05-05T01:02:05.564+0000] {dag.py:3089} INFO - Sync 1 DAGs
[2026-05-05T01:02:05.588+0000] {logging_mixin.py:188} INFO - [2026-05-05T01:02:05.588+0000] {dag.py:3947} INFO - Setting next_dagrun for flights_ops_medallion_pipe to 2026-05-05 01:00:00+00:00, run_after=2026-05-05 01:30:00+00:00
[2026-05-05T01:02:05.606+0000] {processor.py:183} INFO - Processing /opt/airflow/dags/flight-pipeline.py took 1.028 seconds
[2026-05-05T01:02:35.842+0000] {processor.py:161} INFO - Started process (PID=19761) to work on /opt/airflow/dags/flight-pipeline.py
[2026-05-05T01:02:35.848+0000] {processor.py:830} INFO - Processing file /opt/airflow/dags/flight-pipeline.py for tasks to queue
[2026-05-05T01:02:35.849+0000] {logging_mixin.py:188} INFO - [2026-05-05T01:02:35.849+0000] {dagbag.py:545} INFO - Filling up the DagBag from /opt/airflow/dags/flight-pipeline.py
[2026-05-05T01:02:37.492+0000] {processor.py:840} INFO - DAG(s) 'flights_ops_medallion_pipe' retrieved from /opt/airflow/dags/flight-pipeline.py
[2026-05-05T01:02:37.544+0000] {logging_mixin.py:188} INFO - [2026-05-05T01:02:37.544+0000] {dag.py:3089} INFO - Sync 1 DAGs
[2026-05-05T01:02:37.574+0000] {logging_mixin.py:188} INFO - [2026-05-05T01:02:37.574+0000] {dag.py:3947} INFO - Setting next_dagrun for flights_ops_medallion_pipe to 2026-05-05 01:00:00+00:00, run_after=2026-05-05 01:30:00+00:00
[2026-05-05T01:02:37.594+0000] {processor.py:183} INFO - Processing /opt/airflow/dags/flight-pipeline.py took 1.770 seconds
[2026-05-05T01:03:08.001+0000] {processor.py:161} INFO - Started process (PID=19764) to work on /opt/airflow/dags/flight-pipeline.py
[2026-05-05T01:03:08.003+0000] {processor.py:830} INFO - Processing file /opt/airflow/dags/flight-pipeline.py for tasks to queue
[2026-05-05T01:03:08.004+0000] {logging_mixin.py:188} INFO - [2026-05-05T01:03:08.004+0000] {dagbag.py:545} INFO - Filling up the DagBag from /opt/airflow/dags/flight-pipeline.py
[2026-05-05T01:03:09.004+0000] {processor.py:840} INFO - DAG(s) 'flights_ops_medallion_pipe' retrieved from /opt/airflow/dags/flight-pipeline.py
[2026-05-05T01:03:09.045+0000] {logging_mixin.py:188} INFO - [2026-05-05T01:03:09.044+0000] {dag.py:3089} INFO - Sync 1 DAGs
[2026-05-05T01:03:09.072+0000] {logging_mixin.py:188} INFO - [2026-05-05T01:03:09.072+0000] {dag.py:3947} INFO - Setting next_dagrun for flights_ops_medallion_pipe to 2026-05-05 01:00:00+00:00, run_after=2026-05-05 01:30:00+00:00
[2026-05-05T01:03:09.092+0000] {processor.py:183} INFO - Processing /opt/airflow/dags/flight-pipeline.py took 1.100 seconds
[2026-05-05T01:03:39.283+0000] {processor.py:161} INFO - Started process (PID=19767) to work on /opt/airflow/dags/flight-pipeline.py
[2026-05-05T01:03:39.287+0000] {processor.py:830} INFO - Processing file /opt/airflow/dags/flight-pipeline.py for tasks to queue
[2026-05-05T01:03:39.288+0000] {logging_mixin.py:188} INFO - [2026-05-05T01:03:39.288+0000] {dagbag.py:545} INFO - Filling up the DagBag from /opt/airflow/dags/flight-pipeline.py
[2026-05-05T01:03:40.300+0000] {processor.py:840} INFO - DAG(s) 'flights_ops_medallion_pipe' retrieved from /opt/airflow/dags/flight-pipeline.py
[2026-05-05T01:03:40.339+0000] {logging_mixin.py:188} INFO - [2026-05-05T01:03:40.339+0000] {dag.py:3089} INFO - Sync 1 DAGs
[2026-05-05T01:03:40.358+0000] {logging_mixin.py:188} INFO - [2026-05-05T01:03:40.358+0000] {dag.py:3947} INFO - Setting next_dagrun for flights_ops_medallion_pipe to 2026-05-05 01:00:00+00:00, run_after=2026-05-05 01:30:00+00:00
[2026-05-05T01:03:40.384+0000] {processor.py:183} INFO - Processing /opt/airflow/dags/flight-pipeline.py took 1.114 seconds
[2026-05-05T01:04:10.799+0000] {processor.py:161} INFO - Started process (PID=19770) to work on /opt/airflow/dags/flight-pipeline.py
[2026-05-05T01:04:10.806+0000] {processor.py:830} INFO - Processing file /opt/airflow/dags/flight-pipeline.py for tasks to queue
[2026-05-05T01:04:10.808+0000] {logging_mixin.py:188} INFO - [2026-05-05T01:04:10.807+0000] {dagbag.py:545} INFO - Filling up the DagBag from /opt/airflow/dags/flight-pipeline.py
[2026-05-05T01:04:11.717+0000] {processor.py:840} INFO - DAG(s) 'flights_ops_medallion_pipe' retrieved from /opt/airflow/dags/flight-pipeline.py
[2026-05-05T01:04:11.750+0000] {logging_mixin.py:188} INFO - [2026-05-05T01:04:11.749+0000] {dag.py:3089} INFO - Sync 1 DAGs
[2026-05-05T01:04:11.774+0000] {logging_mixin.py:188} INFO - [2026-05-05T01:04:11.774+0000] {dag.py:3947} INFO - Setting next_dagrun for flights_ops_medallion_pipe to 2026-05-05 01:00:00+00:00, run_after=2026-05-05 01:30:00+00:00
[2026-05-05T01:04:11.793+0000] {processor.py:183} INFO - Processing /opt/airflow/dags/flight-pipeline.py took 1.002 seconds
[2026-05-05T01:04:42.037+0000] {processor.py:161} INFO - Started process (PID=19773) to work on /opt/airflow/dags/flight-pipeline.py
[2026-05-05T01:04:42.043+0000] {processor.py:830} INFO - Processing file /opt/airflow/dags/flight-pipeline.py for tasks to queue
[2026-05-05T01:04:42.044+0000] {logging_mixin.py:188} INFO - [2026-05-05T01:04:42.044+0000] {dagbag.py:545} INFO - Filling up the DagBag from /opt/airflow/dags/flight-pipeline.py
[2026-05-05T01:04:42.979+0000] {processor.py:840} INFO - DAG(s) 'flights_ops_medallion_pipe' retrieved from /opt/airflow/dags/flight-pipeline.py
[2026-05-05T01:04:43.013+0000] {logging_mixin.py:188} INFO - [2026-05-05T01:04:43.012+0000] {dag.py:3089} INFO - Sync 1 DAGs
[2026-05-05T01:04:43.040+0000] {logging_mixin.py:188} INFO - [2026-05-05T01:04:43.039+0000] {dag.py:3947} INFO - Setting next_dagrun for flights_ops_medallion_pipe to 2026-05-05 01:00:00+00:00, run_after=2026-05-05 01:30:00+00:00
[2026-05-05T01:04:43.057+0000] {processor.py:183} INFO - Processing /opt/airflow/dags/flight-pipeline.py took 1.026 seconds
[2026-05-05T01:05:13.284+0000] {processor.py:161} INFO - Started process (PID=19776) to work on /opt/airflow/dags/flight-pipeline.py
[2026-05-05T01:05:13.289+0000] {processor.py:830} INFO - Processing file /opt/airflow/dags/flight-pipeline.py for tasks to queue
[2026-05-05T01:05:13.290+0000] {logging_mixin.py:188} INFO - [2026-05-05T01:05:13.290+0000] {dagbag.py:545} INFO - Filling up the DagBag from /opt/airflow/dags/flight-pipeline.py
[2026-05-05T01:05:14.229+0000] {processor.py:840} INFO - DAG(s) 'flights_ops_medallion_pipe' retrieved from /opt/airflow/dags/flight-pipeline.py
[2026-05-05T01:05:14.260+0000] {logging_mixin.py:188} INFO - [2026-05-05T01:05:14.260+0000] {dag.py:3089} INFO - Sync 1 DAGs
[2026-05-05T01:05:14.288+0000] {logging_mixin.py:188} INFO - [2026-05-05T01:05:14.287+0000] {dag.py:3947} INFO - Setting next_dagrun for flights_ops_medallion_pipe to 2026-05-05 01:00:00+00:00, run_after=2026-05-05 01:30:00+00:00
[2026-05-05T01:05:14.304+0000] {processor.py:183} INFO - Processing /opt/airflow/dags/flight-pipeline.py took 1.029 seconds
[2026-05-05T01:05:44.532+0000] {processor.py:161} INFO - Started process (PID=19779) to work on /opt/airflow/dags/flight-pipeline.py
[2026-05-05T01:05:44.542+0000] {processor.py:830} INFO - Processing file /opt/airflow/dags/flight-pipeline.py for tasks to queue
[2026-05-05T01:05:44.544+0000] {logging_mixin.py:188} INFO - [2026-05-05T01:05:44.543+0000] {dagbag.py:545} INFO - Filling up the DagBag from /opt/airflow/dags/flight-pipeline.py
[2026-05-05T01:05:45.491+0000] {processor.py:840} INFO - DAG(s) 'flights_ops_medallion_pipe' retrieved from /opt/airflow/dags/flight-pipeline.py
[2026-05-05T01:05:45.533+0000] {logging_mixin.py:188} INFO - [2026-05-05T01:05:45.533+0000] {dag.py:3089} INFO - Sync 1 DAGs
[2026-05-05T01:05:45.553+0000] {logging_mixin.py:188} INFO - [2026-05-05T01:05:45.553+0000] {dag.py:3947} INFO - Setting next_dagrun for flights_ops_medallion_pipe to 2026-05-05 01:00:00+00:00, run_after=2026-05-05 01:30:00+00:00
[2026-05-05T01:05:45.580+0000] {processor.py:183} INFO - Processing /opt/airflow/dags/flight-pipeline.py took 1.058 seconds
[2026-05-05T01:06:15.736+0000] {processor.py:161} INFO - Started process (PID=19782) to work on /opt/airflow/dags/flight-pipeline.py
[2026-05-05T01:06:15.738+0000] {processor.py:830} INFO - Processing file /opt/airflow/dags/flight-pipeline.py for tasks to queue
[2026-05-05T01:06:15.740+0000] {logging_mixin.py:188} INFO - [2026-05-05T01:06:15.740+0000] {dagbag.py:545} INFO - Filling up the DagBag from /opt/airflow/dags/flight-pipeline.py
[2026-05-05T01:06:16.652+0000] {processor.py:840} INFO - DAG(s) 'flights_ops_medallion_pipe' retrieved from /opt/airflow/dags/flight-pipeline.py
[2026-05-05T01:06:16.688+0000] {logging_mixin.py:188} INFO - [2026-05-05T01:06:16.688+0000] {dag.py:3089} INFO - Sync 1 DAGs
[2026-05-05T01:06:16.711+0000] {logging_mixin.py:188} INFO - [2026-05-05T01:06:16.711+0000] {dag.py:3947} INFO - Setting next_dagrun for flights_ops_medallion_pipe to 2026-05-05 01:00:00+00:00, run_after=2026-05-05 01:30:00+00:00
[2026-05-05T01:06:16.732+0000] {processor.py:183} INFO - Processing /opt/airflow/dags/flight-pipeline.py took 1.004 seconds
[2026-05-05T01:06:46.952+0000] {processor.py:161} INFO - Started process (PID=19785) to work on /opt/airflow/dags/flight-pipeline.py
[2026-05-05T01:06:46.954+0000] {processor.py:830} INFO - Processing file /opt/airflow/dags/flight-pipeline.py for tasks to queue
[2026-05-05T01:06:46.956+0000] {logging_mixin.py:188} INFO - [2026-05-05T01:06:46.955+0000] {dagbag.py:545} INFO - Filling up the DagBag from /opt/airflow/dags/flight-pipeline.py
[2026-05-05T01:06:47.932+0000] {processor.py:840} INFO - DAG(s) 'flights_ops_medallion_pipe' retrieved from /opt/airflow/dags/flight-pipeline.py
[2026-05-05T01:06:47.968+0000] {logging_mixin.py:188} INFO - [2026-05-05T01:06:47.968+0000] {dag.py:3089} INFO - Sync 1 DAGs
[2026-05-05T01:06:47.992+0000] {logging_mixin.py:188} INFO - [2026-05-05T01:06:47.992+0000] {dag.py:3947} INFO - Setting next_dagrun for flights_ops_medallion_pipe to 2026-05-05 01:00:00+00:00, run_after=2026-05-05 01:30:00+00:00
[2026-05-05T01:06:48.009+0000] {processor.py:183} INFO - Processing /opt/airflow/dags/flight-pipeline.py took 1.071 seconds
[2026-05-05T01:07:18.194+0000] {processor.py:161} INFO - Started process (PID=19788) to work on /opt/airflow/dags/flight-pipeline.py
[2026-05-05T01:07:18.197+0000] {processor.py:830} INFO - Processing file /opt/airflow/dags/flight-pipeline.py for tasks to queue
[2026-05-05T01:07:18.199+0000] {logging_mixin.py:188} INFO - [2026-05-05T01:07:18.198+0000] {dagbag.py:545} INFO - Filling up the DagBag from /opt/airflow/dags/flight-pipeline.py
[2026-05-05T01:07:19.264+0000] {processor.py:840} INFO - DAG(s) 'flights_ops_medallion_pipe' retrieved from /opt/airflow/dags/flight-pipeline.py
[2026-05-05T01:07:19.300+0000] {logging_mixin.py:188} INFO - [2026-05-05T01:07:19.300+0000] {dag.py:3089} INFO - Sync 1 DAGs
[2026-05-05T01:07:19.323+0000] {logging_mixin.py:188} INFO - [2026-05-05T01:07:19.322+0000] {dag.py:3947} INFO - Setting next_dagrun for flights_ops_medallion_pipe to 2026-05-05 01:00:00+00:00, run_after=2026-05-05 01:30:00+00:00
[2026-05-05T01:07:19.342+0000] {processor.py:183} INFO - Processing /opt/airflow/dags/flight-pipeline.py took 1.156 seconds
[2026-05-05T01:07:49.707+0000] {processor.py:161} INFO - Started process (PID=19791) to work on /opt/airflow/dags/flight-pipeline.py
[2026-05-05T01:07:49.712+0000] {processor.py:830} INFO - Processing file /opt/airflow/dags/flight-pipeline.py for tasks to queue
[2026-05-05T01:07:49.714+0000] {logging_mixin.py:188} INFO - [2026-05-05T01:07:49.713+0000] {dagbag.py:545} INFO - Filling up the DagBag from /opt/airflow/dags/flight-pipeline.py
[2026-05-05T01:07:51.351+0000] {processor.py:840} INFO - DAG(s) 'flights_ops_medallion_pipe' retrieved from /opt/airflow/dags/flight-pipeline.py
[2026-05-05T01:07:51.397+0000] {logging_mixin.py:188} INFO - [2026-05-05T01:07:51.397+0000] {dag.py:3089} INFO - Sync 1 DAGs
[2026-05-05T01:07:51.424+0000] {logging_mixin.py:188} INFO - [2026-05-05T01:07:51.423+0000] {dag.py:3947} INFO - Setting next_dagrun for flights_ops_medallion_pipe to 2026-05-05 01:00:00+00:00, run_after=2026-05-05 01:30:00+00:00
[2026-05-05T01:07:51.443+0000] {processor.py:183} INFO - Processing /opt/airflow/dags/flight-pipeline.py took 1.758 seconds
[2026-05-05T01:08:22.443+0000] {processor.py:161} INFO - Started process (PID=19794) to work on /opt/airflow/dags/flight-pipeline.py
[2026-05-05T01:08:22.446+0000] {processor.py:830} INFO - Processing file /opt/airflow/dags/flight-pipeline.py for tasks to queue
[2026-05-05T01:08:22.448+0000] {logging_mixin.py:188} INFO - [2026-05-05T01:08:22.447+0000] {dagbag.py:545} INFO - Filling up the DagBag from /opt/airflow/dags/flight-pipeline.py
[2026-05-05T01:08:23.452+0000] {processor.py:840} INFO - DAG(s) 'flights_ops_medallion_pipe' retrieved from /opt/airflow/dags/flight-pipeline.py
[2026-05-05T01:08:23.485+0000] {logging_mixin.py:188} INFO - [2026-05-05T01:08:23.484+0000] {dag.py:3089} INFO - Sync 1 DAGs
[2026-05-05T01:08:23.506+0000] {logging_mixin.py:188} INFO - [2026-05-05T01:08:23.506+0000] {dag.py:3947} INFO - Setting next_dagrun for flights_ops_medallion_pipe to 2026-05-05 01:00:00+00:00, run_after=2026-05-05 01:30:00+00:00
[2026-05-05T01:08:23.523+0000] {processor.py:183} INFO - Processing /opt/airflow/dags/flight-pipeline.py took 1.178 seconds
[2026-05-05T01:08:53.804+0000] {processor.py:161} INFO - Started process (PID=19797) to work on /opt/airflow/dags/flight-pipeline.py
[2026-05-05T01:08:53.806+0000] {processor.py:830} INFO - Processing file /opt/airflow/dags/flight-pipeline.py for tasks to queue
[2026-05-05T01:08:53.807+0000] {logging_mixin.py:188} INFO - [2026-05-05T01:08:53.807+0000] {dagbag.py:545} INFO - Filling up the DagBag from /opt/airflow/dags/flight-pipeline.py
[2026-05-05T01:08:54.599+0000] {processor.py:840} INFO - DAG(s) 'flights_ops_medallion_pipe' retrieved from /opt/airflow/dags/flight-pipeline.py
[2026-05-05T01:08:54.631+0000] {logging_mixin.py:188} INFO - [2026-05-05T01:08:54.630+0000] {dag.py:3089} INFO - Sync 1 DAGs
[2026-05-05T01:08:54.652+0000] {logging_mixin.py:188} INFO - [2026-05-05T01:08:54.652+0000] {dag.py:3947} INFO - Setting next_dagrun for flights_ops_medallion_pipe to 2026-05-05 01:00:00+00:00, run_after=2026-05-05 01:30:00+00:00
[2026-05-05T01:08:54.672+0000] {processor.py:183} INFO - Processing /opt/airflow/dags/flight-pipeline.py took 0.883 seconds
[2026-05-05T01:09:24.742+0000] {processor.py:161} INFO - Started process (PID=19800) to work on /opt/airflow/dags/flight-pipeline.py
[2026-05-05T01:09:24.744+0000] {processor.py:830} INFO - Processing file /opt/airflow/dags/flight-pipeline.py for tasks to queue
[2026-05-05T01:09:24.747+0000] {logging_mixin.py:188} INFO - [2026-05-05T01:09:24.745+0000] {dagbag.py:545} INFO - Filling up the DagBag from /opt/airflow/dags/flight-pipeline.py
[2026-05-05T01:09:25.614+0000] {processor.py:840} INFO - DAG(s) 'flights_ops_medallion_pipe' retrieved from /opt/airflow/dags/flight-pipeline.py
[2026-05-05T01:09:25.648+0000] {logging_mixin.py:188} INFO - [2026-05-05T01:09:25.647+0000] {dag.py:3089} INFO - Sync 1 DAGs
[2026-05-05T01:09:25.672+0000] {logging_mixin.py:188} INFO - [2026-05-05T01:09:25.672+0000] {dag.py:3947} INFO - Setting next_dagrun for flights_ops_medallion_pipe to 2026-05-05 01:00:00+00:00, run_after=2026-05-05 01:30:00+00:00
[2026-05-05T01:09:25.689+0000] {processor.py:183} INFO - Processing /opt/airflow/dags/flight-pipeline.py took 0.958 seconds
[2026-05-05T01:09:56.161+0000] {processor.py:161} INFO - Started process (PID=19803) to work on /opt/airflow/dags/flight-pipeline.py
[2026-05-05T01:09:56.169+0000] {processor.py:830} INFO - Processing file /opt/airflow/dags/flight-pipeline.py for tasks to queue
[2026-05-05T01:09:56.170+0000] {logging_mixin.py:188} INFO - [2026-05-05T01:09:56.170+0000] {dagbag.py:545} INFO - Filling up the DagBag from /opt/airflow/dags/flight-pipeline.py
[2026-05-05T01:09:57.527+0000] {processor.py:840} INFO - DAG(s) 'flights_ops_medallion_pipe' retrieved from /opt/airflow/dags/flight-pipeline.py
[2026-05-05T01:09:57.562+0000] {logging_mixin.py:188} INFO - [2026-05-05T01:09:57.561+0000] {dag.py:3089} INFO - Sync 1 DAGs
[2026-05-05T01:09:57.587+0000] {logging_mixin.py:188} INFO - [2026-05-05T01:09:57.587+0000] {dag.py:3947} INFO - Setting next_dagrun for flights_ops_medallion_pipe to 2026-05-05 01:00:00+00:00, run_after=2026-05-05 01:30:00+00:00
[2026-05-05T01:09:57.609+0000] {processor.py:183} INFO - Processing /opt/airflow/dags/flight-pipeline.py took 1.458 seconds
[2026-05-05T01:10:27.873+0000] {processor.py:161} INFO - Started process (PID=19806) to work on /opt/airflow/dags/flight-pipeline.py
[2026-05-05T01:10:27.876+0000] {processor.py:830} INFO - Processing file /opt/airflow/dags/flight-pipeline.py for tasks to queue
[2026-05-05T01:10:27.877+0000] {logging_mixin.py:188} INFO - [2026-05-05T01:10:27.877+0000] {dagbag.py:545} INFO - Filling up the DagBag from /opt/airflow/dags/flight-pipeline.py
[2026-05-05T01:10:28.773+0000] {processor.py:840} INFO - DAG(s) 'flights_ops_medallion_pipe' retrieved from /opt/airflow/dags/flight-pipeline.py
[2026-05-05T01:10:28.806+0000] {logging_mixin.py:188} INFO - [2026-05-05T01:10:28.805+0000] {dag.py:3089} INFO - Sync 1 DAGs
[2026-05-05T01:10:28.827+0000] {logging_mixin.py:188} INFO - [2026-05-05T01:10:28.826+0000] {dag.py:3947} INFO - Setting next_dagrun for flights_ops_medallion_pipe to 2026-05-05 01:00:00+00:00, run_after=2026-05-05 01:30:00+00:00
[2026-05-05T01:10:28.852+0000] {processor.py:183} INFO - Processing /opt/airflow/dags/flight-pipeline.py took 0.988 seconds
[2026-05-05T01:10:59.144+0000] {processor.py:161} INFO - Started process (PID=19809) to work on /opt/airflow/dags/flight-pipeline.py
[2026-05-05T01:10:59.153+0000] {processor.py:830} INFO - Processing file /opt/airflow/dags/flight-pipeline.py for tasks to queue
[2026-05-05T01:10:59.155+0000] {logging_mixin.py:188} INFO - [2026-05-05T01:10:59.154+0000] {dagbag.py:545} INFO - Filling up the DagBag from /opt/airflow/dags/flight-pipeline.py
[2026-05-05T01:11:00.199+0000] {processor.py:840} INFO - DAG(s) 'flights_ops_medallion_pipe' retrieved from /opt/airflow/dags/flight-pipeline.py
[2026-05-05T01:11:00.260+0000] {logging_mixin.py:188} INFO - [2026-05-05T01:11:00.260+0000] {dag.py:3089} INFO - Sync 1 DAGs
[2026-05-05T01:11:00.289+0000] {logging_mixin.py:188} INFO - [2026-05-05T01:11:00.288+0000] {dag.py:3947} INFO - Setting next_dagrun for flights_ops_medallion_pipe to 2026-05-05 01:00:00+00:00, run_after=2026-05-05 01:30:00+00:00
[2026-05-05T01:11:00.310+0000] {processor.py:183} INFO - Processing /opt/airflow/dags/flight-pipeline.py took 1.175 seconds
[2026-05-05T01:11:30.425+0000] {processor.py:161} INFO - Started process (PID=19812) to work on /opt/airflow/dags/flight-pipeline.py
[2026-05-05T01:11:30.431+0000] {processor.py:830} INFO - Processing file /opt/airflow/dags/flight-pipeline.py for tasks to queue
[2026-05-05T01:11:30.433+0000] {logging_mixin.py:188} INFO - [2026-05-05T01:11:30.432+0000] {dagbag.py:545} INFO - Filling up the DagBag from /opt/airflow/dags/flight-pipeline.py
[2026-05-05T01:11:31.463+0000] {processor.py:840} INFO - DAG(s) 'flights_ops_medallion_pipe' retrieved from /opt/airflow/dags/flight-pipeline.py
[2026-05-05T01:11:31.512+0000] {logging_mixin.py:188} INFO - [2026-05-05T01:11:31.511+0000] {dag.py:3089} INFO - Sync 1 DAGs
[2026-05-05T01:11:31.547+0000] {logging_mixin.py:188} INFO - [2026-05-05T01:11:31.546+0000] {dag.py:3947} INFO - Setting next_dagrun for flights_ops_medallion_pipe to 2026-05-05 01:00:00+00:00, run_after=2026-05-05 01:30:00+00:00
[2026-05-05T01:11:31.568+0000] {processor.py:183} INFO - Processing /opt/airflow/dags/flight-pipeline.py took 1.152 seconds
[2026-05-05T01:12:01.815+0000] {processor.py:161} INFO - Started process (PID=19815) to work on /opt/airflow/dags/flight-pipeline.py
[2026-05-05T01:12:01.822+0000] {processor.py:830} INFO - Processing file /opt/airflow/dags/flight-pipeline.py for tasks to queue
[2026-05-05T01:12:01.823+0000] {logging_mixin.py:188} INFO - [2026-05-05T01:12:01.823+0000] {dagbag.py:545} INFO - Filling up the DagBag from /opt/airflow/dags/flight-pipeline.py
[2026-05-05T01:12:02.690+0000] {processor.py:840} INFO - DAG(s) 'flights_ops_medallion_pipe' retrieved from /opt/airflow/dags/flight-pipeline.py
[2026-05-05T01:12:02.724+0000] {logging_mixin.py:188} INFO - [2026-05-05T01:12:02.724+0000] {dag.py:3089} INFO - Sync 1 DAGs
[2026-05-05T01:12:02.746+0000] {logging_mixin.py:188} INFO - [2026-05-05T01:12:02.745+0000] {dag.py:3947} INFO - Setting next_dagrun for flights_ops_medallion_pipe to 2026-05-05 01:00:00+00:00, run_after=2026-05-05 01:30:00+00:00
[2026-05-05T01:12:02.766+0000] {processor.py:183} INFO - Processing /opt/airflow/dags/flight-pipeline.py took 0.959 seconds
[2026-05-05T01:12:33.063+0000] {processor.py:161} INFO - Started process (PID=19818) to work on /opt/airflow/dags/flight-pipeline.py
[2026-05-05T01:12:33.068+0000] {processor.py:830} INFO - Processing file /opt/airflow/dags/flight-pipeline.py for tasks to queue
[2026-05-05T01:12:33.069+0000] {logging_mixin.py:188} INFO - [2026-05-05T01:12:33.069+0000] {dagbag.py:545} INFO - Filling up the DagBag from /opt/airflow/dags/flight-pipeline.py
[2026-05-05T01:12:33.882+0000] {processor.py:840} INFO - DAG(s) 'flights_ops_medallion_pipe' retrieved from /opt/airflow/dags/flight-pipeline.py
[2026-05-05T01:12:33.914+0000] {logging_mixin.py:188} INFO - [2026-05-05T01:12:33.914+0000] {dag.py:3089} INFO - Sync 1 DAGs
[2026-05-05T01:12:33.935+0000] {logging_mixin.py:188} INFO - [2026-05-05T01:12:33.934+0000] {dag.py:3947} INFO - Setting next_dagrun for flights_ops_medallion_pipe to 2026-05-05 01:00:00+00:00, run_after=2026-05-05 01:30:00+00:00
[2026-05-05T01:12:33.952+0000] {processor.py:183} INFO - Processing /opt/airflow/dags/flight-pipeline.py took 0.899 seconds
[2026-05-05T01:13:04.266+0000] {processor.py:161} INFO - Started process (PID=19821) to work on /opt/airflow/dags/flight-pipeline.py
[2026-05-05T01:13:04.271+0000] {processor.py:830} INFO - Processing file /opt/airflow/dags/flight-pipeline.py for tasks to queue
[2026-05-05T01:13:04.272+0000] {logging_mixin.py:188} INFO - [2026-05-05T01:13:04.272+0000] {dagbag.py:545} INFO - Filling up the DagBag from /opt/airflow/dags/flight-pipeline.py
[2026-05-05T01:13:05.092+0000] {processor.py:840} INFO - DAG(s) 'flights_ops_medallion_pipe' retrieved from /opt/airflow/dags/flight-pipeline.py
[2026-05-05T01:13:05.124+0000] {logging_mixin.py:188} INFO - [2026-05-05T01:13:05.124+0000] {dag.py:3089} INFO - Sync 1 DAGs
[2026-05-05T01:13:05.145+0000] {logging_mixin.py:188} INFO - [2026-05-05T01:13:05.145+0000] {dag.py:3947} INFO - Setting next_dagrun for flights_ops_medallion_pipe to 2026-05-05 01:00:00+00:00, run_after=2026-05-05 01:30:00+00:00
[2026-05-05T01:13:05.163+0000] {processor.py:183} INFO - Processing /opt/airflow/dags/flight-pipeline.py took 0.906 seconds
[2026-05-05T01:13:35.480+0000] {processor.py:161} INFO - Started process (PID=19824) to work on /opt/airflow/dags/flight-pipeline.py
[2026-05-05T01:13:35.487+0000] {processor.py:830} INFO - Processing file /opt/airflow/dags/flight-pipeline.py for tasks to queue
[2026-05-05T01:13:35.489+0000] {logging_mixin.py:188} INFO - [2026-05-05T01:13:35.489+0000] {dagbag.py:545} INFO - Filling up the DagBag from /opt/airflow/dags/flight-pipeline.py
[2026-05-05T01:13:36.333+0000] {processor.py:840} INFO - DAG(s) 'flights_ops_medallion_pipe' retrieved from /opt/airflow/dags/flight-pipeline.py
[2026-05-05T01:13:36.367+0000] {logging_mixin.py:188} INFO - [2026-05-05T01:13:36.367+0000] {dag.py:3089} INFO - Sync 1 DAGs
[2026-05-05T01:13:36.387+0000] {logging_mixin.py:188} INFO - [2026-05-05T01:13:36.387+0000] {dag.py:3947} INFO - Setting next_dagrun for flights_ops_medallion_pipe to 2026-05-05 01:00:00+00:00, run_after=2026-05-05 01:30:00+00:00
[2026-05-05T01:13:36.404+0000] {processor.py:183} INFO - Processing /opt/airflow/dags/flight-pipeline.py took 0.931 seconds
[2026-05-05T01:14:06.676+0000] {processor.py:161} INFO - Started process (PID=19827) to work on /opt/airflow/dags/flight-pipeline.py
[2026-05-05T01:14:06.682+0000] {processor.py:830} INFO - Processing file /opt/airflow/dags/flight-pipeline.py for tasks to queue
[2026-05-05T01:14:06.683+0000] {logging_mixin.py:188} INFO - [2026-05-05T01:14:06.683+0000] {dagbag.py:545} INFO - Filling up the DagBag from /opt/airflow/dags/flight-pipeline.py
[2026-05-05T01:14:07.488+0000] {processor.py:840} INFO - DAG(s) 'flights_ops_medallion_pipe' retrieved from /opt/airflow/dags/flight-pipeline.py
[2026-05-05T01:14:07.531+0000] {logging_mixin.py:188} INFO - [2026-05-05T01:14:07.531+0000] {dag.py:3089} INFO - Sync 1 DAGs
[2026-05-05T01:14:07.552+0000] {logging_mixin.py:188} INFO - [2026-05-05T01:14:07.552+0000] {dag.py:3947} INFO - Setting next_dagrun for flights_ops_medallion_pipe to 2026-05-05 01:00:00+00:00, run_after=2026-05-05 01:30:00+00:00
[2026-05-05T01:14:07.569+0000] {processor.py:183} INFO - Processing /opt/airflow/dags/flight-pipeline.py took 0.900 seconds
[2026-05-05T01:14:37.826+0000] {processor.py:161} INFO - Started process (PID=19830) to work on /opt/airflow/dags/flight-pipeline.py
[2026-05-05T01:14:37.831+0000] {processor.py:830} INFO - Processing file /opt/airflow/dags/flight-pipeline.py for tasks to queue
[2026-05-05T01:14:37.832+0000] {logging_mixin.py:188} INFO - [2026-05-05T01:14:37.832+0000] {dagbag.py:545} INFO - Filling up the DagBag from /opt/airflow/dags/flight-pipeline.py
[2026-05-05T01:14:39.081+0000] {processor.py:840} INFO - DAG(s) 'flights_ops_medallion_pipe' retrieved from /opt/airflow/dags/flight-pipeline.py
[2026-05-05T01:14:39.148+0000] {logging_mixin.py:188} INFO - [2026-05-05T01:14:39.148+0000] {dag.py:3089} INFO - Sync 1 DAGs
[2026-05-05T01:14:39.185+0000] {logging_mixin.py:188} INFO - [2026-05-05T01:14:39.185+0000] {dag.py:3947} INFO - Setting next_dagrun for flights_ops_medallion_pipe to 2026-05-05 01:00:00+00:00, run_after=2026-05-05 01:30:00+00:00
[2026-05-05T01:14:39.214+0000] {processor.py:183} INFO - Processing /opt/airflow/dags/flight-pipeline.py took 1.395 seconds
[2026-05-05T01:15:09.461+0000] {processor.py:161} INFO - Started process (PID=19833) to work on /opt/airflow/dags/flight-pipeline.py
[2026-05-05T01:15:09.468+0000] {processor.py:830} INFO - Processing file /opt/airflow/dags/flight-pipeline.py for tasks to queue
[2026-05-05T01:15:09.469+0000] {logging_mixin.py:188} INFO - [2026-05-05T01:15:09.469+0000] {dagbag.py:545} INFO - Filling up the DagBag from /opt/airflow/dags/flight-pipeline.py
[2026-05-05T01:15:10.328+0000] {processor.py:840} INFO - DAG(s) 'flights_ops_medallion_pipe' retrieved from /opt/airflow/dags/flight-pipeline.py
[2026-05-05T01:15:10.359+0000] {logging_mixin.py:188} INFO - [2026-05-05T01:15:10.358+0000] {dag.py:3089} INFO - Sync 1 DAGs
[2026-05-05T01:15:10.381+0000] {logging_mixin.py:188} INFO - [2026-05-05T01:15:10.381+0000] {dag.py:3947} INFO - Setting next_dagrun for flights_ops_medallion_pipe to 2026-05-05 01:00:00+00:00, run_after=2026-05-05 01:30:00+00:00
[2026-05-05T01:15:10.399+0000] {processor.py:183} INFO - Processing /opt/airflow/dags/flight-pipeline.py took 0.947 seconds
[2026-05-05T01:15:40.642+0000] {processor.py:161} INFO - Started process (PID=19836) to work on /opt/airflow/dags/flight-pipeline.py
[2026-05-05T01:15:40.649+0000] {processor.py:830} INFO - Processing file /opt/airflow/dags/flight-pipeline.py for tasks to queue
[2026-05-05T01:15:40.650+0000] {logging_mixin.py:188} INFO - [2026-05-05T01:15:40.650+0000] {dagbag.py:545} INFO - Filling up the DagBag from /opt/airflow/dags/flight-pipeline.py
[2026-05-05T01:15:41.493+0000] {processor.py:840} INFO - DAG(s) 'flights_ops_medallion_pipe' retrieved from /opt/airflow/dags/flight-pipeline.py
[2026-05-05T01:15:41.526+0000] {logging_mixin.py:188} INFO - [2026-05-05T01:15:41.525+0000] {dag.py:3089} INFO - Sync 1 DAGs
[2026-05-05T01:15:41.550+0000] {logging_mixin.py:188} INFO - [2026-05-05T01:15:41.550+0000] {dag.py:3947} INFO - Setting next_dagrun for flights_ops_medallion_pipe to 2026-05-05 01:00:00+00:00, run_after=2026-05-05 01:30:00+00:00
[2026-05-05T01:15:41.567+0000] {processor.py:183} INFO - Processing /opt/airflow/dags/flight-pipeline.py took 0.933 seconds
[2026-05-05T01:16:11.639+0000] {processor.py:161} INFO - Started process (PID=19839) to work on /opt/airflow/dags/flight-pipeline.py
[2026-05-05T01:16:11.648+0000] {processor.py:830} INFO - Processing file /opt/airflow/dags/flight-pipeline.py for tasks to queue
[2026-05-05T01:16:11.649+0000] {logging_mixin.py:188} INFO - [2026-05-05T01:16:11.649+0000] {dagbag.py:545} INFO - Filling up the DagBag from /opt/airflow/dags/flight-pipeline.py
[2026-05-05T01:16:12.455+0000] {processor.py:840} INFO - DAG(s) 'flights_ops_medallion_pipe' retrieved from /opt/airflow/dags/flight-pipeline.py
[2026-05-05T01:16:12.490+0000] {logging_mixin.py:188} INFO - [2026-05-05T01:16:12.489+0000] {dag.py:3089} INFO - Sync 1 DAGs
[2026-05-05T01:16:12.513+0000] {logging_mixin.py:188} INFO - [2026-05-05T01:16:12.513+0000] {dag.py:3947} INFO - Setting next_dagrun for flights_ops_medallion_pipe to 2026-05-05 01:00:00+00:00, run_after=2026-05-05 01:30:00+00:00
[2026-05-05T01:16:12.530+0000] {processor.py:183} INFO - Processing /opt/airflow/dags/flight-pipeline.py took 0.899 seconds
[2026-05-05T01:16:42.792+0000] {processor.py:161} INFO - Started process (PID=19842) to work on /opt/airflow/dags/flight-pipeline.py
[2026-05-05T01:16:42.800+0000] {processor.py:830} INFO - Processing file /opt/airflow/dags/flight-pipeline.py for tasks to queue
[2026-05-05T01:16:42.801+0000] {logging_mixin.py:188} INFO - [2026-05-05T01:16:42.800+0000] {dagbag.py:545} INFO - Filling up the DagBag from /opt/airflow/dags/flight-pipeline.py
[2026-05-05T01:16:43.606+0000] {processor.py:840} INFO - DAG(s) 'flights_ops_medallion_pipe' retrieved from /opt/airflow/dags/flight-pipeline.py
[2026-05-05T01:16:43.637+0000] {logging_mixin.py:188} INFO - [2026-05-05T01:16:43.636+0000] {dag.py:3089} INFO - Sync 1 DAGs
[2026-05-05T01:16:43.657+0000] {logging_mixin.py:188} INFO - [2026-05-05T01:16:43.657+0000] {dag.py:3947} INFO - Setting next_dagrun for flights_ops_medallion_pipe to 2026-05-05 01:00:00+00:00, run_after=2026-05-05 01:30:00+00:00
[2026-05-05T01:16:43.674+0000] {processor.py:183} INFO - Processing /opt/airflow/dags/flight-pipeline.py took 0.891 seconds
[2026-05-05T01:17:13.936+0000] {processor.py:161} INFO - Started process (PID=19845) to work on /opt/airflow/dags/flight-pipeline.py
[2026-05-05T01:17:13.943+0000] {processor.py:830} INFO - Processing file /opt/airflow/dags/flight-pipeline.py for tasks to queue
[2026-05-05T01:17:13.944+0000] {logging_mixin.py:188} INFO - [2026-05-05T01:17:13.944+0000] {dagbag.py:545} INFO - Filling up the DagBag from /opt/airflow/dags/flight-pipeline.py
[2026-05-05T01:17:14.836+0000] {processor.py:840} INFO - DAG(s) 'flights_ops_medallion_pipe' retrieved from /opt/airflow/dags/flight-pipeline.py
[2026-05-05T01:17:14.872+0000] {logging_mixin.py:188} INFO - [2026-05-05T01:17:14.872+0000] {dag.py:3089} INFO - Sync 1 DAGs
[2026-05-05T01:17:14.894+0000] {logging_mixin.py:188} INFO - [2026-05-05T01:17:14.894+0000] {dag.py:3947} INFO - Setting next_dagrun for flights_ops_medallion_pipe to 2026-05-05 01:00:00+00:00, run_after=2026-05-05 01:30:00+00:00
[2026-05-05T01:17:14.913+0000] {processor.py:183} INFO - Processing /opt/airflow/dags/flight-pipeline.py took 0.985 seconds
[2026-05-05T01:17:45.159+0000] {processor.py:161} INFO - Started process (PID=19848) to work on /opt/airflow/dags/flight-pipeline.py
[2026-05-05T01:17:45.165+0000] {processor.py:830} INFO - Processing file /opt/airflow/dags/flight-pipeline.py for tasks to queue
[2026-05-05T01:17:45.166+0000] {logging_mixin.py:188} INFO - [2026-05-05T01:17:45.166+0000] {dagbag.py:545} INFO - Filling up the DagBag from /opt/airflow/dags/flight-pipeline.py
[2026-05-05T01:17:46.013+0000] {processor.py:840} INFO - DAG(s) 'flights_ops_medallion_pipe' retrieved from /opt/airflow/dags/flight-pipeline.py
[2026-05-05T01:17:46.042+0000] {logging_mixin.py:188} INFO - [2026-05-05T01:17:46.042+0000] {dag.py:3089} INFO - Sync 1 DAGs
[2026-05-05T01:17:46.062+0000] {logging_mixin.py:188} INFO - [2026-05-05T01:17:46.062+0000] {dag.py:3947} INFO - Setting next_dagrun for flights_ops_medallion_pipe to 2026-05-05 01:00:00+00:00, run_after=2026-05-05 01:30:00+00:00
[2026-05-05T01:17:46.079+0000] {processor.py:183} INFO - Processing /opt/airflow/dags/flight-pipeline.py took 0.929 seconds
[2026-05-05T01:18:16.337+0000] {processor.py:161} INFO - Started process (PID=19851) to work on /opt/airflow/dags/flight-pipeline.py
[2026-05-05T01:18:16.343+0000] {processor.py:830} INFO - Processing file /opt/airflow/dags/flight-pipeline.py for tasks to queue
[2026-05-05T01:18:16.344+0000] {logging_mixin.py:188} INFO - [2026-05-05T01:18:16.344+0000] {dagbag.py:545} INFO - Filling up the DagBag from /opt/airflow/dags/flight-pipeline.py
[2026-05-05T01:18:17.238+0000] {processor.py:840} INFO - DAG(s) 'flights_ops_medallion_pipe' retrieved from /opt/airflow/dags/flight-pipeline.py
[2026-05-05T01:18:17.272+0000] {logging_mixin.py:188} INFO - [2026-05-05T01:18:17.272+0000] {dag.py:3089} INFO - Sync 1 DAGs
[2026-05-05T01:18:17.294+0000] {logging_mixin.py:188} INFO - [2026-05-05T01:18:17.294+0000] {dag.py:3947} INFO - Setting next_dagrun for flights_ops_medallion_pipe to 2026-05-05 01:00:00+00:00, run_after=2026-05-05 01:30:00+00:00
[2026-05-05T01:18:17.311+0000] {processor.py:183} INFO - Processing /opt/airflow/dags/flight-pipeline.py took 0.983 seconds
[2026-05-05T01:18:47.580+0000] {processor.py:161} INFO - Started process (PID=19854) to work on /opt/airflow/dags/flight-pipeline.py
[2026-05-05T01:18:47.586+0000] {processor.py:830} INFO - Processing file /opt/airflow/dags/flight-pipeline.py for tasks to queue
[2026-05-05T01:18:47.587+0000] {logging_mixin.py:188} INFO - [2026-05-05T01:18:47.586+0000] {dagbag.py:545} INFO - Filling up the DagBag from /opt/airflow/dags/flight-pipeline.py
[2026-05-05T01:18:48.437+0000] {processor.py:840} INFO - DAG(s) 'flights_ops_medallion_pipe' retrieved from /opt/airflow/dags/flight-pipeline.py
[2026-05-05T01:18:48.469+0000] {logging_mixin.py:188} INFO - [2026-05-05T01:18:48.468+0000] {dag.py:3089} INFO - Sync 1 DAGs
[2026-05-05T01:18:48.490+0000] {logging_mixin.py:188} INFO - [2026-05-05T01:18:48.489+0000] {dag.py:3947} INFO - Setting next_dagrun for flights_ops_medallion_pipe to 2026-05-05 01:00:00+00:00, run_after=2026-05-05 01:30:00+00:00
[2026-05-05T01:18:48.508+0000] {processor.py:183} INFO - Processing /opt/airflow/dags/flight-pipeline.py took 0.939 seconds
[2026-05-05T01:19:18.761+0000] {processor.py:161} INFO - Started process (PID=19857) to work on /opt/airflow/dags/flight-pipeline.py
[2026-05-05T01:19:18.767+0000] {processor.py:830} INFO - Processing file /opt/airflow/dags/flight-pipeline.py for tasks to queue
[2026-05-05T01:19:18.770+0000] {logging_mixin.py:188} INFO - [2026-05-05T01:19:18.768+0000] {dagbag.py:545} INFO - Filling up the DagBag from /opt/airflow/dags/flight-pipeline.py
[2026-05-05T01:19:19.661+0000] {processor.py:840} INFO - DAG(s) 'flights_ops_medallion_pipe' retrieved from /opt/airflow/dags/flight-pipeline.py
[2026-05-05T01:19:19.693+0000] {logging_mixin.py:188} INFO - [2026-05-05T01:19:19.693+0000] {dag.py:3089} INFO - Sync 1 DAGs
[2026-05-05T01:19:19.716+0000] {logging_mixin.py:188} INFO - [2026-05-05T01:19:19.716+0000] {dag.py:3947} INFO - Setting next_dagrun for flights_ops_medallion_pipe to 2026-05-05 01:00:00+00:00, run_after=2026-05-05 01:30:00+00:00
[2026-05-05T01:19:19.733+0000] {processor.py:183} INFO - Processing /opt/airflow/dags/flight-pipeline.py took 0.983 seconds
[2026-05-05T01:19:49.979+0000] {processor.py:161} INFO - Started process (PID=19860) to work on /opt/airflow/dags/flight-pipeline.py
[2026-05-05T01:19:49.986+0000] {processor.py:830} INFO - Processing file /opt/airflow/dags/flight-pipeline.py for tasks to queue
[2026-05-05T01:19:49.987+0000] {logging_mixin.py:188} INFO - [2026-05-05T01:19:49.986+0000] {dagbag.py:545} INFO - Filling up the DagBag from /opt/airflow/dags/flight-pipeline.py
[2026-05-05T01:19:50.988+0000] {processor.py:840} INFO - DAG(s) 'flights_ops_medallion_pipe' retrieved from /opt/airflow/dags/flight-pipeline.py
[2026-05-05T01:19:51.043+0000] {logging_mixin.py:188} INFO - [2026-05-05T01:19:51.042+0000] {dag.py:3089} INFO - Sync 1 DAGs
[2026-05-05T01:19:51.091+0000] {logging_mixin.py:188} INFO - [2026-05-05T01:19:51.090+0000] {dag.py:3947} INFO - Setting next_dagrun for flights_ops_medallion_pipe to 2026-05-05 01:00:00+00:00, run_after=2026-05-05 01:30:00+00:00
[2026-05-05T01:19:51.121+0000] {processor.py:183} INFO - Processing /opt/airflow/dags/flight-pipeline.py took 1.151 seconds
[2026-05-05T01:20:21.220+0000] {processor.py:161} INFO - Started process (PID=19863) to work on /opt/airflow/dags/flight-pipeline.py
[2026-05-05T01:20:21.232+0000] {processor.py:830} INFO - Processing file /opt/airflow/dags/flight-pipeline.py for tasks to queue
[2026-05-05T01:20:21.241+0000] {logging_mixin.py:188} INFO - [2026-05-05T01:20:21.236+0000] {dagbag.py:545} INFO - Filling up the DagBag from /opt/airflow/dags/flight-pipeline.py
[2026-05-05T01:20:22.144+0000] {processor.py:840} INFO - DAG(s) 'flights_ops_medallion_pipe' retrieved from /opt/airflow/dags/flight-pipeline.py
[2026-05-05T01:20:22.176+0000] {logging_mixin.py:188} INFO - [2026-05-05T01:20:22.176+0000] {dag.py:3089} INFO - Sync 1 DAGs
[2026-05-05T01:20:22.197+0000] {logging_mixin.py:188} INFO - [2026-05-05T01:20:22.197+0000] {dag.py:3947} INFO - Setting next_dagrun for flights_ops_medallion_pipe to 2026-05-05 01:00:00+00:00, run_after=2026-05-05 01:30:00+00:00
[2026-05-05T01:20:22.214+0000] {processor.py:183} INFO - Processing /opt/airflow/dags/flight-pipeline.py took 1.004 seconds
[2026-05-05T01:20:52.507+0000] {processor.py:161} INFO - Started process (PID=19866) to work on /opt/airflow/dags/flight-pipeline.py
[2026-05-05T01:20:52.513+0000] {processor.py:830} INFO - Processing file /opt/airflow/dags/flight-pipeline.py for tasks to queue
[2026-05-05T01:20:52.515+0000] {logging_mixin.py:188} INFO - [2026-05-05T01:20:52.514+0000] {dagbag.py:545} INFO - Filling up the DagBag from /opt/airflow/dags/flight-pipeline.py
[2026-05-05T01:20:53.354+0000] {processor.py:840} INFO - DAG(s) 'flights_ops_medallion_pipe' retrieved from /opt/airflow/dags/flight-pipeline.py
[2026-05-05T01:20:53.386+0000] {logging_mixin.py:188} INFO - [2026-05-05T01:20:53.385+0000] {dag.py:3089} INFO - Sync 1 DAGs
[2026-05-05T01:20:53.408+0000] {logging_mixin.py:188} INFO - [2026-05-05T01:20:53.407+0000] {dag.py:3947} INFO - Setting next_dagrun for flights_ops_medallion_pipe to 2026-05-05 01:00:00+00:00, run_after=2026-05-05 01:30:00+00:00
[2026-05-05T01:20:53.426+0000] {processor.py:183} INFO - Processing /opt/airflow/dags/flight-pipeline.py took 0.927 seconds
[2026-05-05T01:21:23.686+0000] {processor.py:161} INFO - Started process (PID=19869) to work on /opt/airflow/dags/flight-pipeline.py
[2026-05-05T01:21:23.691+0000] {processor.py:830} INFO - Processing file /opt/airflow/dags/flight-pipeline.py for tasks to queue
[2026-05-05T01:21:23.692+0000] {logging_mixin.py:188} INFO - [2026-05-05T01:21:23.692+0000] {dagbag.py:545} INFO - Filling up the DagBag from /opt/airflow/dags/flight-pipeline.py
[2026-05-05T01:21:24.509+0000] {processor.py:840} INFO - DAG(s) 'flights_ops_medallion_pipe' retrieved from /opt/airflow/dags/flight-pipeline.py
[2026-05-05T01:21:24.542+0000] {logging_mixin.py:188} INFO - [2026-05-05T01:21:24.541+0000] {dag.py:3089} INFO - Sync 1 DAGs
[2026-05-05T01:21:24.566+0000] {logging_mixin.py:188} INFO - [2026-05-05T01:21:24.566+0000] {dag.py:3947} INFO - Setting next_dagrun for flights_ops_medallion_pipe to 2026-05-05 01:00:00+00:00, run_after=2026-05-05 01:30:00+00:00
[2026-05-05T01:21:24.583+0000] {processor.py:183} INFO - Processing /opt/airflow/dags/flight-pipeline.py took 0.907 seconds
[2026-05-05T01:21:54.885+0000] {processor.py:161} INFO - Started process (PID=19872) to work on /opt/airflow/dags/flight-pipeline.py
[2026-05-05T01:21:54.892+0000] {processor.py:830} INFO - Processing file /opt/airflow/dags/flight-pipeline.py for tasks to queue
[2026-05-05T01:21:54.893+0000] {logging_mixin.py:188} INFO - [2026-05-05T01:21:54.893+0000] {dagbag.py:545} INFO - Filling up the DagBag from /opt/airflow/dags/flight-pipeline.py
[2026-05-05T01:21:56.007+0000] {processor.py:840} INFO - DAG(s) 'flights_ops_medallion_pipe' retrieved from /opt/airflow/dags/flight-pipeline.py
[2026-05-05T01:21:56.042+0000] {logging_mixin.py:188} INFO - [2026-05-05T01:21:56.041+0000] {dag.py:3089} INFO - Sync 1 DAGs
[2026-05-05T01:21:56.063+0000] {logging_mixin.py:188} INFO - [2026-05-05T01:21:56.063+0000] {dag.py:3947} INFO - Setting next_dagrun for flights_ops_medallion_pipe to 2026-05-05 01:00:00+00:00, run_after=2026-05-05 01:30:00+00:00
[2026-05-05T01:21:56.080+0000] {processor.py:183} INFO - Processing /opt/airflow/dags/flight-pipeline.py took 1.203 seconds
[2026-05-05T01:22:26.183+0000] {processor.py:161} INFO - Started process (PID=19875) to work on /opt/airflow/dags/flight-pipeline.py
[2026-05-05T01:22:26.188+0000] {processor.py:830} INFO - Processing file /opt/airflow/dags/flight-pipeline.py for tasks to queue
[2026-05-05T01:22:26.189+0000] {logging_mixin.py:188} INFO - [2026-05-05T01:22:26.189+0000] {dagbag.py:545} INFO - Filling up the DagBag from /opt/airflow/dags/flight-pipeline.py
[2026-05-05T01:22:27.339+0000] {processor.py:840} INFO - DAG(s) 'flights_ops_medallion_pipe' retrieved from /opt/airflow/dags/flight-pipeline.py
[2026-05-05T01:22:27.377+0000] {logging_mixin.py:188} INFO - [2026-05-05T01:22:27.377+0000] {dag.py:3089} INFO - Sync 1 DAGs
[2026-05-05T01:22:27.402+0000] {logging_mixin.py:188} INFO - [2026-05-05T01:22:27.402+0000] {dag.py:3947} INFO - Setting next_dagrun for flights_ops_medallion_pipe to 2026-05-05 01:00:00+00:00, run_after=2026-05-05 01:30:00+00:00
[2026-05-05T01:22:27.421+0000] {processor.py:183} INFO - Processing /opt/airflow/dags/flight-pipeline.py took 1.253 seconds
[2026-05-05T01:22:57.551+0000] {processor.py:161} INFO - Started process (PID=19878) to work on /opt/airflow/dags/flight-pipeline.py
[2026-05-05T01:22:57.559+0000] {processor.py:830} INFO - Processing file /opt/airflow/dags/flight-pipeline.py for tasks to queue
[2026-05-05T01:22:57.561+0000] {logging_mixin.py:188} INFO - [2026-05-05T01:22:57.560+0000] {dagbag.py:545} INFO - Filling up the DagBag from /opt/airflow/dags/flight-pipeline.py
[2026-05-05T01:22:58.548+0000] {processor.py:840} INFO - DAG(s) 'flights_ops_medallion_pipe' retrieved from /opt/airflow/dags/flight-pipeline.py
[2026-05-05T01:22:58.579+0000] {logging_mixin.py:188} INFO - [2026-05-05T01:22:58.579+0000] {dag.py:3089} INFO - Sync 1 DAGs
[2026-05-05T01:22:58.600+0000] {logging_mixin.py:188} INFO - [2026-05-05T01:22:58.600+0000] {dag.py:3947} INFO - Setting next_dagrun for flights_ops_medallion_pipe to 2026-05-05 01:00:00+00:00, run_after=2026-05-05 01:30:00+00:00
[2026-05-05T01:22:58.618+0000] {processor.py:183} INFO - Processing /opt/airflow/dags/flight-pipeline.py took 1.077 seconds
[2026-05-05T01:23:28.804+0000] {processor.py:161} INFO - Started process (PID=19881) to work on /opt/airflow/dags/flight-pipeline.py
[2026-05-05T01:23:28.811+0000] {processor.py:830} INFO - Processing file /opt/airflow/dags/flight-pipeline.py for tasks to queue
[2026-05-05T01:23:28.812+0000] {logging_mixin.py:188} INFO - [2026-05-05T01:23:28.812+0000] {dagbag.py:545} INFO - Filling up the DagBag from /opt/airflow/dags/flight-pipeline.py
[2026-05-05T01:23:29.628+0000] {processor.py:840} INFO - DAG(s) 'flights_ops_medallion_pipe' retrieved from /opt/airflow/dags/flight-pipeline.py
[2026-05-05T01:23:29.660+0000] {logging_mixin.py:188} INFO - [2026-05-05T01:23:29.659+0000] {dag.py:3089} INFO - Sync 1 DAGs
[2026-05-05T01:23:29.681+0000] {logging_mixin.py:188} INFO - [2026-05-05T01:23:29.681+0000] {dag.py:3947} INFO - Setting next_dagrun for flights_ops_medallion_pipe to 2026-05-05 01:00:00+00:00, run_after=2026-05-05 01:30:00+00:00
[2026-05-05T01:23:29.697+0000] {processor.py:183} INFO - Processing /opt/airflow/dags/flight-pipeline.py took 0.902 seconds
[2026-05-05T01:23:59.949+0000] {processor.py:161} INFO - Started process (PID=19884) to work on /opt/airflow/dags/flight-pipeline.py
[2026-05-05T01:23:59.957+0000] {processor.py:830} INFO - Processing file /opt/airflow/dags/flight-pipeline.py for tasks to queue
[2026-05-05T01:23:59.958+0000] {logging_mixin.py:188} INFO - [2026-05-05T01:23:59.958+0000] {dagbag.py:545} INFO - Filling up the DagBag from /opt/airflow/dags/flight-pipeline.py
[2026-05-05T01:24:01.138+0000] {processor.py:840} INFO - DAG(s) 'flights_ops_medallion_pipe' retrieved from /opt/airflow/dags/flight-pipeline.py
[2026-05-05T01:24:01.172+0000] {logging_mixin.py:188} INFO - [2026-05-05T01:24:01.172+0000] {dag.py:3089} INFO - Sync 1 DAGs
[2026-05-05T01:24:01.197+0000] {logging_mixin.py:188} INFO - [2026-05-05T01:24:01.196+0000] {dag.py:3947} INFO - Setting next_dagrun for flights_ops_medallion_pipe to 2026-05-05 01:00:00+00:00, run_after=2026-05-05 01:30:00+00:00
[2026-05-05T01:24:01.216+0000] {processor.py:183} INFO - Processing /opt/airflow/dags/flight-pipeline.py took 1.274 seconds
[2026-05-05T01:24:31.453+0000] {processor.py:161} INFO - Started process (PID=19887) to work on /opt/airflow/dags/flight-pipeline.py
[2026-05-05T01:24:31.463+0000] {processor.py:830} INFO - Processing file /opt/airflow/dags/flight-pipeline.py for tasks to queue
[2026-05-05T01:24:31.464+0000] {logging_mixin.py:188} INFO - [2026-05-05T01:24:31.464+0000] {dagbag.py:545} INFO - Filling up the DagBag from /opt/airflow/dags/flight-pipeline.py
[2026-05-05T01:24:32.330+0000] {processor.py:840} INFO - DAG(s) 'flights_ops_medallion_pipe' retrieved from /opt/airflow/dags/flight-pipeline.py
[2026-05-05T01:24:32.363+0000] {logging_mixin.py:188} INFO - [2026-05-05T01:24:32.363+0000] {dag.py:3089} INFO - Sync 1 DAGs
[2026-05-05T01:24:32.387+0000] {logging_mixin.py:188} INFO - [2026-05-05T01:24:32.387+0000] {dag.py:3947} INFO - Setting next_dagrun for flights_ops_medallion_pipe to 2026-05-05 01:00:00+00:00, run_after=2026-05-05 01:30:00+00:00
[2026-05-05T01:24:32.405+0000] {processor.py:183} INFO - Processing /opt/airflow/dags/flight-pipeline.py took 0.961 seconds
[2026-05-05T01:25:02.624+0000] {processor.py:161} INFO - Started process (PID=19890) to work on /opt/airflow/dags/flight-pipeline.py
[2026-05-05T01:25:02.633+0000] {processor.py:830} INFO - Processing file /opt/airflow/dags/flight-pipeline.py for tasks to queue
[2026-05-05T01:25:02.634+0000] {logging_mixin.py:188} INFO - [2026-05-05T01:25:02.634+0000] {dagbag.py:545} INFO - Filling up the DagBag from /opt/airflow/dags/flight-pipeline.py
[2026-05-05T01:25:03.487+0000] {processor.py:840} INFO - DAG(s) 'flights_ops_medallion_pipe' retrieved from /opt/airflow/dags/flight-pipeline.py
[2026-05-05T01:25:03.520+0000] {logging_mixin.py:188} INFO - [2026-05-05T01:25:03.519+0000] {dag.py:3089} INFO - Sync 1 DAGs
[2026-05-05T01:25:03.542+0000] {logging_mixin.py:188} INFO - [2026-05-05T01:25:03.542+0000] {dag.py:3947} INFO - Setting next_dagrun for flights_ops_medallion_pipe to 2026-05-05 01:00:00+00:00, run_after=2026-05-05 01:30:00+00:00
[2026-05-05T01:25:03.561+0000] {processor.py:183} INFO - Processing /opt/airflow/dags/flight-pipeline.py took 0.946 seconds
[2026-05-05T01:25:33.629+0000] {processor.py:161} INFO - Started process (PID=19893) to work on /opt/airflow/dags/flight-pipeline.py
[2026-05-05T01:25:33.635+0000] {processor.py:830} INFO - Processing file /opt/airflow/dags/flight-pipeline.py for tasks to queue
[2026-05-05T01:25:33.636+0000] {logging_mixin.py:188} INFO - [2026-05-05T01:25:33.636+0000] {dagbag.py:545} INFO - Filling up the DagBag from /opt/airflow/dags/flight-pipeline.py
[2026-05-05T01:25:34.491+0000] {processor.py:840} INFO - DAG(s) 'flights_ops_medallion_pipe' retrieved from /opt/airflow/dags/flight-pipeline.py
[2026-05-05T01:25:34.521+0000] {logging_mixin.py:188} INFO - [2026-05-05T01:25:34.520+0000] {dag.py:3089} INFO - Sync 1 DAGs
[2026-05-05T01:25:34.542+0000] {logging_mixin.py:188} INFO - [2026-05-05T01:25:34.542+0000] {dag.py:3947} INFO - Setting next_dagrun for flights_ops_medallion_pipe to 2026-05-05 01:00:00+00:00, run_after=2026-05-05 01:30:00+00:00
[2026-05-05T01:25:34.561+0000] {processor.py:183} INFO - Processing /opt/airflow/dags/flight-pipeline.py took 0.942 seconds
[2026-05-05T01:26:04.913+0000] {processor.py:161} INFO - Started process (PID=19896) to work on /opt/airflow/dags/flight-pipeline.py
[2026-05-05T01:26:04.915+0000] {processor.py:830} INFO - Processing file /opt/airflow/dags/flight-pipeline.py for tasks to queue
[2026-05-05T01:26:04.917+0000] {logging_mixin.py:188} INFO - [2026-05-05T01:26:04.916+0000] {dagbag.py:545} INFO - Filling up the DagBag from /opt/airflow/dags/flight-pipeline.py
[2026-05-05T01:26:05.827+0000] {processor.py:840} INFO - DAG(s) 'flights_ops_medallion_pipe' retrieved from /opt/airflow/dags/flight-pipeline.py
[2026-05-05T01:26:05.862+0000] {logging_mixin.py:188} INFO - [2026-05-05T01:26:05.861+0000] {dag.py:3089} INFO - Sync 1 DAGs
[2026-05-05T01:26:05.883+0000] {logging_mixin.py:188} INFO - [2026-05-05T01:26:05.883+0000] {dag.py:3947} INFO - Setting next_dagrun for flights_ops_medallion_pipe to 2026-05-05 01:00:00+00:00, run_after=2026-05-05 01:30:00+00:00
[2026-05-05T01:26:05.929+0000] {processor.py:183} INFO - Processing /opt/airflow/dags/flight-pipeline.py took 1.025 seconds
[2026-05-05T01:26:36.207+0000] {processor.py:161} INFO - Started process (PID=19899) to work on /opt/airflow/dags/flight-pipeline.py
[2026-05-05T01:26:36.209+0000] {processor.py:830} INFO - Processing file /opt/airflow/dags/flight-pipeline.py for tasks to queue
[2026-05-05T01:26:36.211+0000] {logging_mixin.py:188} INFO - [2026-05-05T01:26:36.211+0000] {dagbag.py:545} INFO - Filling up the DagBag from /opt/airflow/dags/flight-pipeline.py
[2026-05-05T01:26:37.233+0000] {processor.py:840} INFO - DAG(s) 'flights_ops_medallion_pipe' retrieved from /opt/airflow/dags/flight-pipeline.py
[2026-05-05T01:26:37.263+0000] {logging_mixin.py:188} INFO - [2026-05-05T01:26:37.263+0000] {dag.py:3089} INFO - Sync 1 DAGs
[2026-05-05T01:26:37.287+0000] {logging_mixin.py:188} INFO - [2026-05-05T01:26:37.286+0000] {dag.py:3947} INFO - Setting next_dagrun for flights_ops_medallion_pipe to 2026-05-05 01:00:00+00:00, run_after=2026-05-05 01:30:00+00:00
[2026-05-05T01:26:37.304+0000] {processor.py:183} INFO - Processing /opt/airflow/dags/flight-pipeline.py took 1.114 seconds
[2026-05-05T01:27:07.563+0000] {processor.py:161} INFO - Started process (PID=19902) to work on /opt/airflow/dags/flight-pipeline.py
[2026-05-05T01:27:07.566+0000] {processor.py:830} INFO - Processing file /opt/airflow/dags/flight-pipeline.py for tasks to queue
[2026-05-05T01:27:07.567+0000] {logging_mixin.py:188} INFO - [2026-05-05T01:27:07.566+0000] {dagbag.py:545} INFO - Filling up the DagBag from /opt/airflow/dags/flight-pipeline.py
[2026-05-05T01:27:08.450+0000] {processor.py:840} INFO - DAG(s) 'flights_ops_medallion_pipe' retrieved from /opt/airflow/dags/flight-pipeline.py
[2026-05-05T01:27:08.492+0000] {logging_mixin.py:188} INFO - [2026-05-05T01:27:08.491+0000] {dag.py:3089} INFO - Sync 1 DAGs
[2026-05-05T01:27:08.511+0000] {logging_mixin.py:188} INFO - [2026-05-05T01:27:08.511+0000] {dag.py:3947} INFO - Setting next_dagrun for flights_ops_medallion_pipe to 2026-05-05 01:00:00+00:00, run_after=2026-05-05 01:30:00+00:00
[2026-05-05T01:27:08.529+0000] {processor.py:183} INFO - Processing /opt/airflow/dags/flight-pipeline.py took 0.975 seconds
[2026-05-05T01:27:38.905+0000] {processor.py:161} INFO - Started process (PID=19905) to work on /opt/airflow/dags/flight-pipeline.py
[2026-05-05T01:27:38.907+0000] {processor.py:830} INFO - Processing file /opt/airflow/dags/flight-pipeline.py for tasks to queue
[2026-05-05T01:27:38.908+0000] {logging_mixin.py:188} INFO - [2026-05-05T01:27:38.908+0000] {dagbag.py:545} INFO - Filling up the DagBag from /opt/airflow/dags/flight-pipeline.py
[2026-05-05T01:27:39.818+0000] {processor.py:840} INFO - DAG(s) 'flights_ops_medallion_pipe' retrieved from /opt/airflow/dags/flight-pipeline.py
[2026-05-05T01:27:39.849+0000] {logging_mixin.py:188} INFO - [2026-05-05T01:27:39.849+0000] {dag.py:3089} INFO - Sync 1 DAGs
[2026-05-05T01:27:39.872+0000] {logging_mixin.py:188} INFO - [2026-05-05T01:27:39.872+0000] {dag.py:3947} INFO - Setting next_dagrun for flights_ops_medallion_pipe to 2026-05-05 01:00:00+00:00, run_after=2026-05-05 01:30:00+00:00
[2026-05-05T01:27:39.892+0000] {processor.py:183} INFO - Processing /opt/airflow/dags/flight-pipeline.py took 0.997 seconds
[2026-05-05T01:28:10.191+0000] {processor.py:161} INFO - Started process (PID=19908) to work on /opt/airflow/dags/flight-pipeline.py
[2026-05-05T01:28:10.193+0000] {processor.py:830} INFO - Processing file /opt/airflow/dags/flight-pipeline.py for tasks to queue
[2026-05-05T01:28:10.194+0000] {logging_mixin.py:188} INFO - [2026-05-05T01:28:10.193+0000] {dagbag.py:545} INFO - Filling up the DagBag from /opt/airflow/dags/flight-pipeline.py
[2026-05-05T01:28:11.050+0000] {processor.py:840} INFO - DAG(s) 'flights_ops_medallion_pipe' retrieved from /opt/airflow/dags/flight-pipeline.py
[2026-05-05T01:28:11.082+0000] {logging_mixin.py:188} INFO - [2026-05-05T01:28:11.081+0000] {dag.py:3089} INFO - Sync 1 DAGs
[2026-05-05T01:28:11.102+0000] {logging_mixin.py:188} INFO - [2026-05-05T01:28:11.101+0000] {dag.py:3947} INFO - Setting next_dagrun for flights_ops_medallion_pipe to 2026-05-05 01:00:00+00:00, run_after=2026-05-05 01:30:00+00:00
[2026-05-05T01:28:11.118+0000] {processor.py:183} INFO - Processing /opt/airflow/dags/flight-pipeline.py took 0.936 seconds
[2026-05-05T01:28:41.416+0000] {processor.py:161} INFO - Started process (PID=19911) to work on /opt/airflow/dags/flight-pipeline.py
[2026-05-05T01:28:41.419+0000] {processor.py:830} INFO - Processing file /opt/airflow/dags/flight-pipeline.py for tasks to queue
[2026-05-05T01:28:41.421+0000] {logging_mixin.py:188} INFO - [2026-05-05T01:28:41.421+0000] {dagbag.py:545} INFO - Filling up the DagBag from /opt/airflow/dags/flight-pipeline.py
[2026-05-05T01:28:43.187+0000] {processor.py:840} INFO - DAG(s) 'flights_ops_medallion_pipe' retrieved from /opt/airflow/dags/flight-pipeline.py
[2026-05-05T01:28:43.223+0000] {logging_mixin.py:188} INFO - [2026-05-05T01:28:43.223+0000] {dag.py:3089} INFO - Sync 1 DAGs
[2026-05-05T01:28:43.247+0000] {logging_mixin.py:188} INFO - [2026-05-05T01:28:43.247+0000] {dag.py:3947} INFO - Setting next_dagrun for flights_ops_medallion_pipe to 2026-05-05 01:00:00+00:00, run_after=2026-05-05 01:30:00+00:00
[2026-05-05T01:28:43.267+0000] {processor.py:183} INFO - Processing /opt/airflow/dags/flight-pipeline.py took 1.865 seconds
[2026-05-05T01:29:13.864+0000] {processor.py:161} INFO - Started process (PID=19914) to work on /opt/airflow/dags/flight-pipeline.py
[2026-05-05T01:29:13.868+0000] {processor.py:830} INFO - Processing file /opt/airflow/dags/flight-pipeline.py for tasks to queue
[2026-05-05T01:29:13.869+0000] {logging_mixin.py:188} INFO - [2026-05-05T01:29:13.869+0000] {dagbag.py:545} INFO - Filling up the DagBag from /opt/airflow/dags/flight-pipeline.py
[2026-05-05T01:29:16.948+0000] {processor.py:840} INFO - DAG(s) 'flights_ops_medallion_pipe' retrieved from /opt/airflow/dags/flight-pipeline.py
[2026-05-05T01:29:17.023+0000] {logging_mixin.py:188} INFO - [2026-05-05T01:29:17.022+0000] {dag.py:3089} INFO - Sync 1 DAGs
[2026-05-05T01:29:17.064+0000] {logging_mixin.py:188} INFO - [2026-05-05T01:29:17.063+0000] {dag.py:3947} INFO - Setting next_dagrun for flights_ops_medallion_pipe to 2026-05-05 01:00:00+00:00, run_after=2026-05-05 01:30:00+00:00
[2026-05-05T01:29:17.091+0000] {processor.py:183} INFO - Processing /opt/airflow/dags/flight-pipeline.py took 3.252 seconds
[2026-05-05T01:29:47.164+0000] {processor.py:161} INFO - Started process (PID=19917) to work on /opt/airflow/dags/flight-pipeline.py
[2026-05-05T01:29:47.166+0000] {processor.py:830} INFO - Processing file /opt/airflow/dags/flight-pipeline.py for tasks to queue
[2026-05-05T01:29:47.167+0000] {logging_mixin.py:188} INFO - [2026-05-05T01:29:47.166+0000] {dagbag.py:545} INFO - Filling up the DagBag from /opt/airflow/dags/flight-pipeline.py
[2026-05-05T01:29:48.201+0000] {processor.py:840} INFO - DAG(s) 'flights_ops_medallion_pipe' retrieved from /opt/airflow/dags/flight-pipeline.py
[2026-05-05T01:29:48.246+0000] {logging_mixin.py:188} INFO - [2026-05-05T01:29:48.245+0000] {dag.py:3089} INFO - Sync 1 DAGs
[2026-05-05T01:29:48.268+0000] {logging_mixin.py:188} INFO - [2026-05-05T01:29:48.268+0000] {dag.py:3947} INFO - Setting next_dagrun for flights_ops_medallion_pipe to 2026-05-05 01:00:00+00:00, run_after=2026-05-05 01:30:00+00:00
[2026-05-05T01:29:48.290+0000] {processor.py:183} INFO - Processing /opt/airflow/dags/flight-pipeline.py took 1.136 seconds
[2026-05-05T01:30:18.359+0000] {processor.py:161} INFO - Started process (PID=19943) to work on /opt/airflow/dags/flight-pipeline.py
[2026-05-05T01:30:18.363+0000] {processor.py:830} INFO - Processing file /opt/airflow/dags/flight-pipeline.py for tasks to queue
[2026-05-05T01:30:18.364+0000] {logging_mixin.py:188} INFO - [2026-05-05T01:30:18.364+0000] {dagbag.py:545} INFO - Filling up the DagBag from /opt/airflow/dags/flight-pipeline.py
[2026-05-05T01:30:20.980+0000] {processor.py:840} INFO - DAG(s) 'flights_ops_medallion_pipe' retrieved from /opt/airflow/dags/flight-pipeline.py
[2026-05-05T01:30:21.083+0000] {logging_mixin.py:188} INFO - [2026-05-05T01:30:21.082+0000] {dag.py:3089} INFO - Sync 1 DAGs
[2026-05-05T01:30:21.147+0000] {logging_mixin.py:188} INFO - [2026-05-05T01:30:21.147+0000] {dag.py:3947} INFO - Setting next_dagrun for flights_ops_medallion_pipe to 2026-05-05 01:30:00+00:00, run_after=2026-05-05 02:00:00+00:00
[2026-05-05T01:30:21.215+0000] {processor.py:183} INFO - Processing /opt/airflow/dags/flight-pipeline.py took 2.865 seconds
[2026-05-05T01:30:51.630+0000] {processor.py:161} INFO - Started process (PID=19967) to work on /opt/airflow/dags/flight-pipeline.py
[2026-05-05T01:30:51.639+0000] {processor.py:830} INFO - Processing file /opt/airflow/dags/flight-pipeline.py for tasks to queue
[2026-05-05T01:30:51.641+0000] {logging_mixin.py:188} INFO - [2026-05-05T01:30:51.640+0000] {dagbag.py:545} INFO - Filling up the DagBag from /opt/airflow/dags/flight-pipeline.py
[2026-05-05T01:30:52.779+0000] {processor.py:840} INFO - DAG(s) 'flights_ops_medallion_pipe' retrieved from /opt/airflow/dags/flight-pipeline.py
[2026-05-05T01:30:52.812+0000] {logging_mixin.py:188} INFO - [2026-05-05T01:30:52.811+0000] {dag.py:3089} INFO - Sync 1 DAGs
[2026-05-05T01:30:52.833+0000] {logging_mixin.py:188} INFO - [2026-05-05T01:30:52.832+0000] {dag.py:3947} INFO - Setting next_dagrun for flights_ops_medallion_pipe to 2026-05-05 01:30:00+00:00, run_after=2026-05-05 02:00:00+00:00
[2026-05-05T01:30:52.853+0000] {processor.py:183} INFO - Processing /opt/airflow/dags/flight-pipeline.py took 1.176 seconds
[2026-05-05T01:31:22.925+0000] {processor.py:161} INFO - Started process (PID=19970) to work on /opt/airflow/dags/flight-pipeline.py
[2026-05-05T01:31:22.928+0000] {processor.py:830} INFO - Processing file /opt/airflow/dags/flight-pipeline.py for tasks to queue
[2026-05-05T01:31:22.930+0000] {logging_mixin.py:188} INFO - [2026-05-05T01:31:22.929+0000] {dagbag.py:545} INFO - Filling up the DagBag from /opt/airflow/dags/flight-pipeline.py
[2026-05-05T01:31:23.786+0000] {processor.py:840} INFO - DAG(s) 'flights_ops_medallion_pipe' retrieved from /opt/airflow/dags/flight-pipeline.py
[2026-05-05T01:31:23.820+0000] {logging_mixin.py:188} INFO - [2026-05-05T01:31:23.820+0000] {dag.py:3089} INFO - Sync 1 DAGs
[2026-05-05T01:31:23.840+0000] {logging_mixin.py:188} INFO - [2026-05-05T01:31:23.840+0000] {dag.py:3947} INFO - Setting next_dagrun for flights_ops_medallion_pipe to 2026-05-05 01:30:00+00:00, run_after=2026-05-05 02:00:00+00:00
[2026-05-05T01:31:23.860+0000] {processor.py:183} INFO - Processing /opt/airflow/dags/flight-pipeline.py took 0.944 seconds
[2026-05-05T01:31:54.149+0000] {processor.py:161} INFO - Started process (PID=19973) to work on /opt/airflow/dags/flight-pipeline.py
[2026-05-05T01:31:54.152+0000] {processor.py:830} INFO - Processing file /opt/airflow/dags/flight-pipeline.py for tasks to queue
[2026-05-05T01:31:54.155+0000] {logging_mixin.py:188} INFO - [2026-05-05T01:31:54.153+0000] {dagbag.py:545} INFO - Filling up the DagBag from /opt/airflow/dags/flight-pipeline.py
[2026-05-05T01:31:55.331+0000] {processor.py:840} INFO - DAG(s) 'flights_ops_medallion_pipe' retrieved from /opt/airflow/dags/flight-pipeline.py
[2026-05-05T01:31:55.376+0000] {logging_mixin.py:188} INFO - [2026-05-05T01:31:55.376+0000] {dag.py:3089} INFO - Sync 1 DAGs
[2026-05-05T01:31:55.399+0000] {logging_mixin.py:188} INFO - [2026-05-05T01:31:55.399+0000] {dag.py:3947} INFO - Setting next_dagrun for flights_ops_medallion_pipe to 2026-05-05 01:30:00+00:00, run_after=2026-05-05 02:00:00+00:00
[2026-05-05T01:31:55.416+0000] {processor.py:183} INFO - Processing /opt/airflow/dags/flight-pipeline.py took 1.278 seconds
[2026-05-05T01:32:25.543+0000] {processor.py:161} INFO - Started process (PID=19976) to work on /opt/airflow/dags/flight-pipeline.py
[2026-05-05T01:32:25.545+0000] {processor.py:830} INFO - Processing file /opt/airflow/dags/flight-pipeline.py for tasks to queue
[2026-05-05T01:32:25.546+0000] {logging_mixin.py:188} INFO - [2026-05-05T01:32:25.546+0000] {dagbag.py:545} INFO - Filling up the DagBag from /opt/airflow/dags/flight-pipeline.py
[2026-05-05T01:32:26.434+0000] {processor.py:840} INFO - DAG(s) 'flights_ops_medallion_pipe' retrieved from /opt/airflow/dags/flight-pipeline.py
[2026-05-05T01:32:26.471+0000] {logging_mixin.py:188} INFO - [2026-05-05T01:32:26.471+0000] {dag.py:3089} INFO - Sync 1 DAGs
[2026-05-05T01:32:26.491+0000] {logging_mixin.py:188} INFO - [2026-05-05T01:32:26.491+0000] {dag.py:3947} INFO - Setting next_dagrun for flights_ops_medallion_pipe to 2026-05-05 01:30:00+00:00, run_after=2026-05-05 02:00:00+00:00
[2026-05-05T01:32:26.508+0000] {processor.py:183} INFO - Processing /opt/airflow/dags/flight-pipeline.py took 0.976 seconds
[2026-05-05T01:32:56.828+0000] {processor.py:161} INFO - Started process (PID=19979) to work on /opt/airflow/dags/flight-pipeline.py
[2026-05-05T01:32:56.838+0000] {processor.py:830} INFO - Processing file /opt/airflow/dags/flight-pipeline.py for tasks to queue
[2026-05-05T01:32:56.839+0000] {logging_mixin.py:188} INFO - [2026-05-05T01:32:56.838+0000] {dagbag.py:545} INFO - Filling up the DagBag from /opt/airflow/dags/flight-pipeline.py
[2026-05-05T01:32:57.716+0000] {processor.py:840} INFO - DAG(s) 'flights_ops_medallion_pipe' retrieved from /opt/airflow/dags/flight-pipeline.py
[2026-05-05T01:32:57.751+0000] {logging_mixin.py:188} INFO - [2026-05-05T01:32:57.750+0000] {dag.py:3089} INFO - Sync 1 DAGs
[2026-05-05T01:32:57.774+0000] {logging_mixin.py:188} INFO - [2026-05-05T01:32:57.774+0000] {dag.py:3947} INFO - Setting next_dagrun for flights_ops_medallion_pipe to 2026-05-05 01:30:00+00:00, run_after=2026-05-05 02:00:00+00:00
[2026-05-05T01:32:57.793+0000] {processor.py:183} INFO - Processing /opt/airflow/dags/flight-pipeline.py took 0.974 seconds
[2026-05-05T01:33:28.254+0000] {processor.py:161} INFO - Started process (PID=19982) to work on /opt/airflow/dags/flight-pipeline.py
[2026-05-05T01:33:28.257+0000] {processor.py:830} INFO - Processing file /opt/airflow/dags/flight-pipeline.py for tasks to queue
[2026-05-05T01:33:28.258+0000] {logging_mixin.py:188} INFO - [2026-05-05T01:33:28.258+0000] {dagbag.py:545} INFO - Filling up the DagBag from /opt/airflow/dags/flight-pipeline.py
[2026-05-05T01:33:29.220+0000] {processor.py:840} INFO - DAG(s) 'flights_ops_medallion_pipe' retrieved from /opt/airflow/dags/flight-pipeline.py
[2026-05-05T01:33:29.252+0000] {logging_mixin.py:188} INFO - [2026-05-05T01:33:29.252+0000] {dag.py:3089} INFO - Sync 1 DAGs
[2026-05-05T01:33:29.276+0000] {logging_mixin.py:188} INFO - [2026-05-05T01:33:29.276+0000] {dag.py:3947} INFO - Setting next_dagrun for flights_ops_medallion_pipe to 2026-05-05 01:30:00+00:00, run_after=2026-05-05 02:00:00+00:00
[2026-05-05T01:33:29.295+0000] {processor.py:183} INFO - Processing /opt/airflow/dags/flight-pipeline.py took 1.057 seconds
[2026-05-05T01:33:59.550+0000] {processor.py:161} INFO - Started process (PID=19985) to work on /opt/airflow/dags/flight-pipeline.py
[2026-05-05T01:33:59.553+0000] {processor.py:830} INFO - Processing file /opt/airflow/dags/flight-pipeline.py for tasks to queue
[2026-05-05T01:33:59.554+0000] {logging_mixin.py:188} INFO - [2026-05-05T01:33:59.554+0000] {dagbag.py:545} INFO - Filling up the DagBag from /opt/airflow/dags/flight-pipeline.py
[2026-05-05T01:34:00.934+0000] {processor.py:840} INFO - DAG(s) 'flights_ops_medallion_pipe' retrieved from /opt/airflow/dags/flight-pipeline.py
[2026-05-05T01:34:01.004+0000] {logging_mixin.py:188} INFO - [2026-05-05T01:34:01.003+0000] {dag.py:3089} INFO - Sync 1 DAGs
[2026-05-05T01:34:01.047+0000] {logging_mixin.py:188} INFO - [2026-05-05T01:34:01.047+0000] {dag.py:3947} INFO - Setting next_dagrun for flights_ops_medallion_pipe to 2026-05-05 01:30:00+00:00, run_after=2026-05-05 02:00:00+00:00
[2026-05-05T01:34:01.079+0000] {processor.py:183} INFO - Processing /opt/airflow/dags/flight-pipeline.py took 1.538 seconds
[2026-05-05T01:34:31.346+0000] {processor.py:161} INFO - Started process (PID=19988) to work on /opt/airflow/dags/flight-pipeline.py
[2026-05-05T01:34:31.348+0000] {processor.py:830} INFO - Processing file /opt/airflow/dags/flight-pipeline.py for tasks to queue
[2026-05-05T01:34:31.350+0000] {logging_mixin.py:188} INFO - [2026-05-05T01:34:31.349+0000] {dagbag.py:545} INFO - Filling up the DagBag from /opt/airflow/dags/flight-pipeline.py
[2026-05-05T01:34:32.230+0000] {processor.py:840} INFO - DAG(s) 'flights_ops_medallion_pipe' retrieved from /opt/airflow/dags/flight-pipeline.py
[2026-05-05T01:34:32.264+0000] {logging_mixin.py:188} INFO - [2026-05-05T01:34:32.264+0000] {dag.py:3089} INFO - Sync 1 DAGs
[2026-05-05T01:34:32.287+0000] {logging_mixin.py:188} INFO - [2026-05-05T01:34:32.287+0000] {dag.py:3947} INFO - Setting next_dagrun for flights_ops_medallion_pipe to 2026-05-05 01:30:00+00:00, run_after=2026-05-05 02:00:00+00:00
[2026-05-05T01:34:32.308+0000] {processor.py:183} INFO - Processing /opt/airflow/dags/flight-pipeline.py took 0.972 seconds
[2026-05-05T01:35:02.556+0000] {processor.py:161} INFO - Started process (PID=19991) to work on /opt/airflow/dags/flight-pipeline.py
[2026-05-05T01:35:02.560+0000] {processor.py:830} INFO - Processing file /opt/airflow/dags/flight-pipeline.py for tasks to queue
[2026-05-05T01:35:02.562+0000] {logging_mixin.py:188} INFO - [2026-05-05T01:35:02.561+0000] {dagbag.py:545} INFO - Filling up the DagBag from /opt/airflow/dags/flight-pipeline.py
[2026-05-05T01:35:03.404+0000] {processor.py:840} INFO - DAG(s) 'flights_ops_medallion_pipe' retrieved from /opt/airflow/dags/flight-pipeline.py
[2026-05-05T01:35:03.437+0000] {logging_mixin.py:188} INFO - [2026-05-05T01:35:03.436+0000] {dag.py:3089} INFO - Sync 1 DAGs
[2026-05-05T01:35:03.457+0000] {logging_mixin.py:188} INFO - [2026-05-05T01:35:03.457+0000] {dag.py:3947} INFO - Setting next_dagrun for flights_ops_medallion_pipe to 2026-05-05 01:30:00+00:00, run_after=2026-05-05 02:00:00+00:00
[2026-05-05T01:35:03.474+0000] {processor.py:183} INFO - Processing /opt/airflow/dags/flight-pipeline.py took 0.926 seconds
[2026-05-05T01:35:33.835+0000] {processor.py:161} INFO - Started process (PID=19994) to work on /opt/airflow/dags/flight-pipeline.py
[2026-05-05T01:35:33.838+0000] {processor.py:830} INFO - Processing file /opt/airflow/dags/flight-pipeline.py for tasks to queue
[2026-05-05T01:35:33.839+0000] {logging_mixin.py:188} INFO - [2026-05-05T01:35:33.839+0000] {dagbag.py:545} INFO - Filling up the DagBag from /opt/airflow/dags/flight-pipeline.py
[2026-05-05T01:35:34.858+0000] {processor.py:840} INFO - DAG(s) 'flights_ops_medallion_pipe' retrieved from /opt/airflow/dags/flight-pipeline.py
[2026-05-05T01:35:34.891+0000] {logging_mixin.py:188} INFO - [2026-05-05T01:35:34.890+0000] {dag.py:3089} INFO - Sync 1 DAGs
[2026-05-05T01:35:34.916+0000] {logging_mixin.py:188} INFO - [2026-05-05T01:35:34.916+0000] {dag.py:3947} INFO - Setting next_dagrun for flights_ops_medallion_pipe to 2026-05-05 01:30:00+00:00, run_after=2026-05-05 02:00:00+00:00
[2026-05-05T01:35:34.938+0000] {processor.py:183} INFO - Processing /opt/airflow/dags/flight-pipeline.py took 1.125 seconds
[2026-05-05T01:36:05.226+0000] {processor.py:161} INFO - Started process (PID=19997) to work on /opt/airflow/dags/flight-pipeline.py
[2026-05-05T01:36:05.229+0000] {processor.py:830} INFO - Processing file /opt/airflow/dags/flight-pipeline.py for tasks to queue
[2026-05-05T01:36:05.232+0000] {logging_mixin.py:188} INFO - [2026-05-05T01:36:05.230+0000] {dagbag.py:545} INFO - Filling up the DagBag from /opt/airflow/dags/flight-pipeline.py
[2026-05-05T01:36:06.249+0000] {processor.py:840} INFO - DAG(s) 'flights_ops_medallion_pipe' retrieved from /opt/airflow/dags/flight-pipeline.py
[2026-05-05T01:36:06.289+0000] {logging_mixin.py:188} INFO - [2026-05-05T01:36:06.289+0000] {dag.py:3089} INFO - Sync 1 DAGs
[2026-05-05T01:36:06.312+0000] {logging_mixin.py:188} INFO - [2026-05-05T01:36:06.312+0000] {dag.py:3947} INFO - Setting next_dagrun for flights_ops_medallion_pipe to 2026-05-05 01:30:00+00:00, run_after=2026-05-05 02:00:00+00:00
[2026-05-05T01:36:06.330+0000] {processor.py:183} INFO - Processing /opt/airflow/dags/flight-pipeline.py took 1.123 seconds
[2026-05-05T01:36:37.140+0000] {processor.py:161} INFO - Started process (PID=20000) to work on /opt/airflow/dags/flight-pipeline.py
[2026-05-05T01:36:37.145+0000] {processor.py:830} INFO - Processing file /opt/airflow/dags/flight-pipeline.py for tasks to queue
[2026-05-05T01:36:37.148+0000] {logging_mixin.py:188} INFO - [2026-05-05T01:36:37.147+0000] {dagbag.py:545} INFO - Filling up the DagBag from /opt/airflow/dags/flight-pipeline.py
[2026-05-05T01:36:38.591+0000] {processor.py:840} INFO - DAG(s) 'flights_ops_medallion_pipe' retrieved from /opt/airflow/dags/flight-pipeline.py
[2026-05-05T01:36:38.637+0000] {logging_mixin.py:188} INFO - [2026-05-05T01:36:38.637+0000] {dag.py:3089} INFO - Sync 1 DAGs
[2026-05-05T01:36:38.665+0000] {logging_mixin.py:188} INFO - [2026-05-05T01:36:38.665+0000] {dag.py:3947} INFO - Setting next_dagrun for flights_ops_medallion_pipe to 2026-05-05 01:30:00+00:00, run_after=2026-05-05 02:00:00+00:00
[2026-05-05T01:36:38.686+0000] {processor.py:183} INFO - Processing /opt/airflow/dags/flight-pipeline.py took 1.593 seconds
[2026-05-05T01:37:09.222+0000] {processor.py:161} INFO - Started process (PID=20003) to work on /opt/airflow/dags/flight-pipeline.py
[2026-05-05T01:37:09.228+0000] {processor.py:830} INFO - Processing file /opt/airflow/dags/flight-pipeline.py for tasks to queue
[2026-05-05T01:37:09.231+0000] {logging_mixin.py:188} INFO - [2026-05-05T01:37:09.229+0000] {dagbag.py:545} INFO - Filling up the DagBag from /opt/airflow/dags/flight-pipeline.py
[2026-05-05T01:37:12.023+0000] {processor.py:840} INFO - DAG(s) 'flights_ops_medallion_pipe' retrieved from /opt/airflow/dags/flight-pipeline.py
[2026-05-05T01:37:12.131+0000] {logging_mixin.py:188} INFO - [2026-05-05T01:37:12.129+0000] {dag.py:3089} INFO - Sync 1 DAGs
[2026-05-05T01:37:12.198+0000] {logging_mixin.py:188} INFO - [2026-05-05T01:37:12.196+0000] {dag.py:3947} INFO - Setting next_dagrun for flights_ops_medallion_pipe to 2026-05-05 01:30:00+00:00, run_after=2026-05-05 02:00:00+00:00
[2026-05-05T01:37:12.240+0000] {processor.py:183} INFO - Processing /opt/airflow/dags/flight-pipeline.py took 3.063 seconds
[2026-05-05T01:37:42.474+0000] {processor.py:161} INFO - Started process (PID=20006) to work on /opt/airflow/dags/flight-pipeline.py
[2026-05-05T01:37:42.480+0000] {processor.py:830} INFO - Processing file /opt/airflow/dags/flight-pipeline.py for tasks to queue
[2026-05-05T01:37:42.483+0000] {logging_mixin.py:188} INFO - [2026-05-05T01:37:42.482+0000] {dagbag.py:545} INFO - Filling up the DagBag from /opt/airflow/dags/flight-pipeline.py
[2026-05-05T01:37:43.557+0000] {processor.py:840} INFO - DAG(s) 'flights_ops_medallion_pipe' retrieved from /opt/airflow/dags/flight-pipeline.py
[2026-05-05T01:37:43.592+0000] {logging_mixin.py:188} INFO - [2026-05-05T01:37:43.591+0000] {dag.py:3089} INFO - Sync 1 DAGs
[2026-05-05T01:37:43.613+0000] {logging_mixin.py:188} INFO - [2026-05-05T01:37:43.613+0000] {dag.py:3947} INFO - Setting next_dagrun for flights_ops_medallion_pipe to 2026-05-05 01:30:00+00:00, run_after=2026-05-05 02:00:00+00:00
[2026-05-05T01:37:43.633+0000] {processor.py:183} INFO - Processing /opt/airflow/dags/flight-pipeline.py took 1.169 seconds
[2026-05-05T01:38:13.768+0000] {processor.py:161} INFO - Started process (PID=20009) to work on /opt/airflow/dags/flight-pipeline.py
[2026-05-05T01:38:13.776+0000] {processor.py:830} INFO - Processing file /opt/airflow/dags/flight-pipeline.py for tasks to queue
[2026-05-05T01:38:13.787+0000] {logging_mixin.py:188} INFO - [2026-05-05T01:38:13.780+0000] {dagbag.py:545} INFO - Filling up the DagBag from /opt/airflow/dags/flight-pipeline.py
[2026-05-05T01:38:15.873+0000] {processor.py:840} INFO - DAG(s) 'flights_ops_medallion_pipe' retrieved from /opt/airflow/dags/flight-pipeline.py
[2026-05-05T01:38:15.942+0000] {logging_mixin.py:188} INFO - [2026-05-05T01:38:15.942+0000] {dag.py:3089} INFO - Sync 1 DAGs
[2026-05-05T01:38:15.982+0000] {logging_mixin.py:188} INFO - [2026-05-05T01:38:15.982+0000] {dag.py:3947} INFO - Setting next_dagrun for flights_ops_medallion_pipe to 2026-05-05 01:30:00+00:00, run_after=2026-05-05 02:00:00+00:00
[2026-05-05T01:38:16.008+0000] {processor.py:183} INFO - Processing /opt/airflow/dags/flight-pipeline.py took 2.249 seconds
[2026-05-05T01:38:46.214+0000] {processor.py:161} INFO - Started process (PID=20012) to work on /opt/airflow/dags/flight-pipeline.py
[2026-05-05T01:38:46.218+0000] {processor.py:830} INFO - Processing file /opt/airflow/dags/flight-pipeline.py for tasks to queue
[2026-05-05T01:38:46.219+0000] {logging_mixin.py:188} INFO - [2026-05-05T01:38:46.219+0000] {dagbag.py:545} INFO - Filling up the DagBag from /opt/airflow/dags/flight-pipeline.py
[2026-05-05T01:38:47.050+0000] {processor.py:840} INFO - DAG(s) 'flights_ops_medallion_pipe' retrieved from /opt/airflow/dags/flight-pipeline.py
[2026-05-05T01:38:47.102+0000] {logging_mixin.py:188} INFO - [2026-05-05T01:38:47.101+0000] {dag.py:3089} INFO - Sync 1 DAGs
[2026-05-05T01:38:47.134+0000] {logging_mixin.py:188} INFO - [2026-05-05T01:38:47.133+0000] {dag.py:3947} INFO - Setting next_dagrun for flights_ops_medallion_pipe to 2026-05-05 01:30:00+00:00, run_after=2026-05-05 02:00:00+00:00
[2026-05-05T01:38:47.155+0000] {processor.py:183} INFO - Processing /opt/airflow/dags/flight-pipeline.py took 0.959 seconds
[2026-05-05T01:39:17.439+0000] {processor.py:161} INFO - Started process (PID=20015) to work on /opt/airflow/dags/flight-pipeline.py
[2026-05-05T01:39:17.442+0000] {processor.py:830} INFO - Processing file /opt/airflow/dags/flight-pipeline.py for tasks to queue
[2026-05-05T01:39:17.443+0000] {logging_mixin.py:188} INFO - [2026-05-05T01:39:17.443+0000] {dagbag.py:545} INFO - Filling up the DagBag from /opt/airflow/dags/flight-pipeline.py
[2026-05-05T01:39:19.163+0000] {processor.py:840} INFO - DAG(s) 'flights_ops_medallion_pipe' retrieved from /opt/airflow/dags/flight-pipeline.py
[2026-05-05T01:39:19.211+0000] {logging_mixin.py:188} INFO - [2026-05-05T01:39:19.210+0000] {dag.py:3089} INFO - Sync 1 DAGs
[2026-05-05T01:39:19.237+0000] {logging_mixin.py:188} INFO - [2026-05-05T01:39:19.237+0000] {dag.py:3947} INFO - Setting next_dagrun for flights_ops_medallion_pipe to 2026-05-05 01:30:00+00:00, run_after=2026-05-05 02:00:00+00:00
[2026-05-05T01:39:19.261+0000] {processor.py:183} INFO - Processing /opt/airflow/dags/flight-pipeline.py took 1.830 seconds
[2026-05-05T01:39:49.615+0000] {processor.py:161} INFO - Started process (PID=20018) to work on /opt/airflow/dags/flight-pipeline.py
[2026-05-05T01:39:49.618+0000] {processor.py:830} INFO - Processing file /opt/airflow/dags/flight-pipeline.py for tasks to queue
[2026-05-05T01:39:49.620+0000] {logging_mixin.py:188} INFO - [2026-05-05T01:39:49.619+0000] {dagbag.py:545} INFO - Filling up the DagBag from /opt/airflow/dags/flight-pipeline.py
[2026-05-05T01:39:51.113+0000] {processor.py:840} INFO - DAG(s) 'flights_ops_medallion_pipe' retrieved from /opt/airflow/dags/flight-pipeline.py
[2026-05-05T01:39:51.169+0000] {logging_mixin.py:188} INFO - [2026-05-05T01:39:51.168+0000] {dag.py:3089} INFO - Sync 1 DAGs
[2026-05-05T01:39:51.202+0000] {logging_mixin.py:188} INFO - [2026-05-05T01:39:51.202+0000] {dag.py:3947} INFO - Setting next_dagrun for flights_ops_medallion_pipe to 2026-05-05 01:30:00+00:00, run_after=2026-05-05 02:00:00+00:00
[2026-05-05T01:39:51.220+0000] {processor.py:183} INFO - Processing /opt/airflow/dags/flight-pipeline.py took 1.644 seconds
[2026-05-05T01:40:21.500+0000] {processor.py:161} INFO - Started process (PID=20021) to work on /opt/airflow/dags/flight-pipeline.py
[2026-05-05T01:40:21.502+0000] {processor.py:830} INFO - Processing file /opt/airflow/dags/flight-pipeline.py for tasks to queue
[2026-05-05T01:40:21.503+0000] {logging_mixin.py:188} INFO - [2026-05-05T01:40:21.503+0000] {dagbag.py:545} INFO - Filling up the DagBag from /opt/airflow/dags/flight-pipeline.py
[2026-05-05T01:40:22.793+0000] {processor.py:840} INFO - DAG(s) 'flights_ops_medallion_pipe' retrieved from /opt/airflow/dags/flight-pipeline.py
[2026-05-05T01:40:22.837+0000] {logging_mixin.py:188} INFO - [2026-05-05T01:40:22.836+0000] {dag.py:3089} INFO - Sync 1 DAGs
[2026-05-05T01:40:22.868+0000] {logging_mixin.py:188} INFO - [2026-05-05T01:40:22.867+0000] {dag.py:3947} INFO - Setting next_dagrun for flights_ops_medallion_pipe to 2026-05-05 01:30:00+00:00, run_after=2026-05-05 02:00:00+00:00
[2026-05-05T01:40:22.895+0000] {processor.py:183} INFO - Processing /opt/airflow/dags/flight-pipeline.py took 1.422 seconds
[2026-05-05T01:40:53.210+0000] {processor.py:161} INFO - Started process (PID=20024) to work on /opt/airflow/dags/flight-pipeline.py
[2026-05-05T01:40:53.215+0000] {processor.py:830} INFO - Processing file /opt/airflow/dags/flight-pipeline.py for tasks to queue
[2026-05-05T01:40:53.216+0000] {logging_mixin.py:188} INFO - [2026-05-05T01:40:53.216+0000] {dagbag.py:545} INFO - Filling up the DagBag from /opt/airflow/dags/flight-pipeline.py
[2026-05-05T01:40:56.144+0000] {processor.py:840} INFO - DAG(s) 'flights_ops_medallion_pipe' retrieved from /opt/airflow/dags/flight-pipeline.py
[2026-05-05T01:40:56.258+0000] {logging_mixin.py:188} INFO - [2026-05-05T01:40:56.257+0000] {dag.py:3089} INFO - Sync 1 DAGs
[2026-05-05T01:40:56.346+0000] {logging_mixin.py:188} INFO - [2026-05-05T01:40:56.346+0000] {dag.py:3947} INFO - Setting next_dagrun for flights_ops_medallion_pipe to 2026-05-05 01:30:00+00:00, run_after=2026-05-05 02:00:00+00:00
[2026-05-05T01:40:56.387+0000] {processor.py:183} INFO - Processing /opt/airflow/dags/flight-pipeline.py took 3.195 seconds
[2026-05-05T01:41:26.752+0000] {processor.py:161} INFO - Started process (PID=20027) to work on /opt/airflow/dags/flight-pipeline.py
[2026-05-05T01:41:26.756+0000] {processor.py:830} INFO - Processing file /opt/airflow/dags/flight-pipeline.py for tasks to queue
[2026-05-05T01:41:26.759+0000] {logging_mixin.py:188} INFO - [2026-05-05T01:41:26.758+0000] {dagbag.py:545} INFO - Filling up the DagBag from /opt/airflow/dags/flight-pipeline.py
[2026-05-05T01:41:27.957+0000] {processor.py:840} INFO - DAG(s) 'flights_ops_medallion_pipe' retrieved from /opt/airflow/dags/flight-pipeline.py
[2026-05-05T01:41:27.990+0000] {logging_mixin.py:188} INFO - [2026-05-05T01:41:27.990+0000] {dag.py:3089} INFO - Sync 1 DAGs
[2026-05-05T01:41:28.014+0000] {logging_mixin.py:188} INFO - [2026-05-05T01:41:28.014+0000] {dag.py:3947} INFO - Setting next_dagrun for flights_ops_medallion_pipe to 2026-05-05 01:30:00+00:00, run_after=2026-05-05 02:00:00+00:00
[2026-05-05T01:41:28.037+0000] {processor.py:183} INFO - Processing /opt/airflow/dags/flight-pipeline.py took 1.295 seconds
[2026-05-05T01:41:58.286+0000] {processor.py:161} INFO - Started process (PID=20030) to work on /opt/airflow/dags/flight-pipeline.py
[2026-05-05T01:41:58.298+0000] {processor.py:830} INFO - Processing file /opt/airflow/dags/flight-pipeline.py for tasks to queue
[2026-05-05T01:41:58.299+0000] {logging_mixin.py:188} INFO - [2026-05-05T01:41:58.298+0000] {dagbag.py:545} INFO - Filling up the DagBag from /opt/airflow/dags/flight-pipeline.py
[2026-05-05T01:41:59.138+0000] {processor.py:840} INFO - DAG(s) 'flights_ops_medallion_pipe' retrieved from /opt/airflow/dags/flight-pipeline.py
[2026-05-05T01:41:59.181+0000] {logging_mixin.py:188} INFO - [2026-05-05T01:41:59.181+0000] {dag.py:3089} INFO - Sync 1 DAGs
[2026-05-05T01:41:59.207+0000] {logging_mixin.py:188} INFO - [2026-05-05T01:41:59.207+0000] {dag.py:3947} INFO - Setting next_dagrun for flights_ops_medallion_pipe to 2026-05-05 01:30:00+00:00, run_after=2026-05-05 02:00:00+00:00
[2026-05-05T01:41:59.232+0000] {processor.py:183} INFO - Processing /opt/airflow/dags/flight-pipeline.py took 0.956 seconds
[2026-05-05T01:42:29.499+0000] {processor.py:161} INFO - Started process (PID=20033) to work on /opt/airflow/dags/flight-pipeline.py
[2026-05-05T01:42:29.505+0000] {processor.py:830} INFO - Processing file /opt/airflow/dags/flight-pipeline.py for tasks to queue
[2026-05-05T01:42:29.512+0000] {logging_mixin.py:188} INFO - [2026-05-05T01:42:29.508+0000] {dagbag.py:545} INFO - Filling up the DagBag from /opt/airflow/dags/flight-pipeline.py
[2026-05-05T01:42:30.798+0000] {processor.py:840} INFO - DAG(s) 'flights_ops_medallion_pipe' retrieved from /opt/airflow/dags/flight-pipeline.py
[2026-05-05T01:42:30.867+0000] {logging_mixin.py:188} INFO - [2026-05-05T01:42:30.866+0000] {dag.py:3089} INFO - Sync 1 DAGs
[2026-05-05T01:42:30.923+0000] {logging_mixin.py:188} INFO - [2026-05-05T01:42:30.922+0000] {dag.py:3947} INFO - Setting next_dagrun for flights_ops_medallion_pipe to 2026-05-05 01:30:00+00:00, run_after=2026-05-05 02:00:00+00:00
[2026-05-05T01:42:30.962+0000] {processor.py:183} INFO - Processing /opt/airflow/dags/flight-pipeline.py took 1.488 seconds
[2026-05-05T01:43:01.241+0000] {processor.py:161} INFO - Started process (PID=20036) to work on /opt/airflow/dags/flight-pipeline.py
[2026-05-05T01:43:01.248+0000] {processor.py:830} INFO - Processing file /opt/airflow/dags/flight-pipeline.py for tasks to queue
[2026-05-05T01:43:01.250+0000] {logging_mixin.py:188} INFO - [2026-05-05T01:43:01.250+0000] {dagbag.py:545} INFO - Filling up the DagBag from /opt/airflow/dags/flight-pipeline.py
[2026-05-05T01:43:02.129+0000] {processor.py:840} INFO - DAG(s) 'flights_ops_medallion_pipe' retrieved from /opt/airflow/dags/flight-pipeline.py
[2026-05-05T01:43:02.161+0000] {logging_mixin.py:188} INFO - [2026-05-05T01:43:02.160+0000] {dag.py:3089} INFO - Sync 1 DAGs
[2026-05-05T01:43:02.180+0000] {logging_mixin.py:188} INFO - [2026-05-05T01:43:02.180+0000] {dag.py:3947} INFO - Setting next_dagrun for flights_ops_medallion_pipe to 2026-05-05 01:30:00+00:00, run_after=2026-05-05 02:00:00+00:00
[2026-05-05T01:43:02.199+0000] {processor.py:183} INFO - Processing /opt/airflow/dags/flight-pipeline.py took 0.989 seconds
