[2026-04-29T00:01:53.468+0000] {processor.py:161} INFO - Started process (PID=5146) to work on /opt/airflow/dags/flight-pipeline.py
[2026-04-29T00:01:53.532+0000] {processor.py:830} INFO - Processing file /opt/airflow/dags/flight-pipeline.py for tasks to queue
[2026-04-29T00:01:53.574+0000] {logging_mixin.py:188} INFO - [2026-04-29T00:01:53.560+0000] {dagbag.py:545} INFO - Filling up the DagBag from /opt/airflow/dags/flight-pipeline.py
[2026-04-29T00:01:56.113+0000] {processor.py:840} INFO - DAG(s) 'flights_ops_medallion_pipe' retrieved from /opt/airflow/dags/flight-pipeline.py
[2026-04-29T00:01:56.163+0000] {logging_mixin.py:188} INFO - [2026-04-29T00:01:56.162+0000] {dag.py:3089} INFO - Sync 1 DAGs
[2026-04-29T00:01:56.195+0000] {logging_mixin.py:188} INFO - [2026-04-29T00:01:56.195+0000] {dag.py:3947} INFO - Setting next_dagrun for flights_ops_medallion_pipe to 2026-04-28 23:30:00+00:00, run_after=2026-04-29 00:00:00+00:00
[2026-04-29T00:01:56.225+0000] {processor.py:183} INFO - Processing /opt/airflow/dags/flight-pipeline.py took 2.978 seconds
[2026-04-29T00:02:27.016+0000] {processor.py:161} INFO - Started process (PID=5203) to work on /opt/airflow/dags/flight-pipeline.py
[2026-04-29T00:02:27.020+0000] {processor.py:830} INFO - Processing file /opt/airflow/dags/flight-pipeline.py for tasks to queue
[2026-04-29T00:02:27.024+0000] {logging_mixin.py:188} INFO - [2026-04-29T00:02:27.022+0000] {dagbag.py:545} INFO - Filling up the DagBag from /opt/airflow/dags/flight-pipeline.py
[2026-04-29T00:02:28.488+0000] {processor.py:840} INFO - DAG(s) 'flights_ops_medallion_pipe' retrieved from /opt/airflow/dags/flight-pipeline.py
[2026-04-29T00:02:28.519+0000] {logging_mixin.py:188} INFO - [2026-04-29T00:02:28.519+0000] {dag.py:3089} INFO - Sync 1 DAGs
[2026-04-29T00:02:28.541+0000] {logging_mixin.py:188} INFO - [2026-04-29T00:02:28.541+0000] {dag.py:3947} INFO - Setting next_dagrun for flights_ops_medallion_pipe to 2026-04-29 00:00:00+00:00, run_after=2026-04-29 00:30:00+00:00
[2026-04-29T00:02:28.559+0000] {processor.py:183} INFO - Processing /opt/airflow/dags/flight-pipeline.py took 1.607 seconds
[2026-04-29T00:02:58.794+0000] {processor.py:161} INFO - Started process (PID=5239) to work on /opt/airflow/dags/flight-pipeline.py
[2026-04-29T00:02:58.795+0000] {processor.py:830} INFO - Processing file /opt/airflow/dags/flight-pipeline.py for tasks to queue
[2026-04-29T00:02:58.797+0000] {logging_mixin.py:188} INFO - [2026-04-29T00:02:58.796+0000] {dagbag.py:545} INFO - Filling up the DagBag from /opt/airflow/dags/flight-pipeline.py
[2026-04-29T00:03:01.364+0000] {processor.py:840} INFO - DAG(s) 'flights_ops_medallion_pipe' retrieved from /opt/airflow/dags/flight-pipeline.py
[2026-04-29T00:03:01.542+0000] {logging_mixin.py:188} INFO - [2026-04-29T00:03:01.541+0000] {dag.py:3089} INFO - Sync 1 DAGs
[2026-04-29T00:03:01.649+0000] {logging_mixin.py:188} INFO - [2026-04-29T00:03:01.648+0000] {dag.py:3947} INFO - Setting next_dagrun for flights_ops_medallion_pipe to 2026-04-29 00:00:00+00:00, run_after=2026-04-29 00:30:00+00:00
[2026-04-29T00:03:01.742+0000] {processor.py:183} INFO - Processing /opt/airflow/dags/flight-pipeline.py took 2.957 seconds
[2026-04-29T00:18:00.222+0000] {processor.py:161} INFO - Started process (PID=5243) to work on /opt/airflow/dags/flight-pipeline.py
[2026-04-29T00:18:00.223+0000] {processor.py:830} INFO - Processing file /opt/airflow/dags/flight-pipeline.py for tasks to queue
[2026-04-29T00:18:00.225+0000] {logging_mixin.py:188} INFO - [2026-04-29T00:18:00.224+0000] {dagbag.py:545} INFO - Filling up the DagBag from /opt/airflow/dags/flight-pipeline.py
[2026-04-29T00:18:06.532+0000] {processor.py:840} INFO - DAG(s) 'flights_ops_medallion_pipe' retrieved from /opt/airflow/dags/flight-pipeline.py
[2026-04-29T00:18:06.683+0000] {logging_mixin.py:188} INFO - [2026-04-29T00:18:06.682+0000] {dag.py:3089} INFO - Sync 1 DAGs
[2026-04-29T00:18:06.747+0000] {logging_mixin.py:188} INFO - [2026-04-29T00:18:06.747+0000] {dag.py:3947} INFO - Setting next_dagrun for flights_ops_medallion_pipe to 2026-04-29 00:00:00+00:00, run_after=2026-04-29 00:30:00+00:00
[2026-04-29T00:18:06.798+0000] {processor.py:183} INFO - Processing /opt/airflow/dags/flight-pipeline.py took 6.588 seconds
[2026-04-29T00:47:46.990+0000] {processor.py:161} INFO - Started process (PID=5247) to work on /opt/airflow/dags/flight-pipeline.py
[2026-04-29T00:47:47.002+0000] {processor.py:830} INFO - Processing file /opt/airflow/dags/flight-pipeline.py for tasks to queue
[2026-04-29T00:47:47.020+0000] {logging_mixin.py:188} INFO - [2026-04-29T00:47:47.012+0000] {dagbag.py:545} INFO - Filling up the DagBag from /opt/airflow/dags/flight-pipeline.py
[2026-04-29T00:47:50.671+0000] {processor.py:840} INFO - DAG(s) 'flights_ops_medallion_pipe' retrieved from /opt/airflow/dags/flight-pipeline.py
[2026-04-29T00:47:50.744+0000] {logging_mixin.py:188} INFO - [2026-04-29T00:47:50.742+0000] {dag.py:3089} INFO - Sync 1 DAGs
[2026-04-29T00:47:50.783+0000] {logging_mixin.py:188} INFO - [2026-04-29T00:47:50.783+0000] {dag.py:3947} INFO - Setting next_dagrun for flights_ops_medallion_pipe to 2026-04-29 00:00:00+00:00, run_after=2026-04-29 00:30:00+00:00
[2026-04-29T00:47:50.815+0000] {processor.py:183} INFO - Processing /opt/airflow/dags/flight-pipeline.py took 3.856 seconds
[2026-04-29T00:48:21.168+0000] {processor.py:161} INFO - Started process (PID=5251) to work on /opt/airflow/dags/flight-pipeline.py
[2026-04-29T00:48:21.171+0000] {processor.py:830} INFO - Processing file /opt/airflow/dags/flight-pipeline.py for tasks to queue
[2026-04-29T00:48:21.173+0000] {logging_mixin.py:188} INFO - [2026-04-29T00:48:21.172+0000] {dagbag.py:545} INFO - Filling up the DagBag from /opt/airflow/dags/flight-pipeline.py
[2026-04-29T00:48:22.461+0000] {processor.py:840} INFO - DAG(s) 'flights_ops_medallion_pipe' retrieved from /opt/airflow/dags/flight-pipeline.py
[2026-04-29T00:48:22.498+0000] {logging_mixin.py:188} INFO - [2026-04-29T00:48:22.498+0000] {dag.py:3089} INFO - Sync 1 DAGs
[2026-04-29T00:48:22.522+0000] {logging_mixin.py:188} INFO - [2026-04-29T00:48:22.522+0000] {dag.py:3947} INFO - Setting next_dagrun for flights_ops_medallion_pipe to 2026-04-29 00:30:00+00:00, run_after=2026-04-29 01:00:00+00:00
[2026-04-29T00:48:22.547+0000] {processor.py:183} INFO - Processing /opt/airflow/dags/flight-pipeline.py took 1.390 seconds
[2026-04-29T00:48:52.617+0000] {processor.py:161} INFO - Started process (PID=5286) to work on /opt/airflow/dags/flight-pipeline.py
[2026-04-29T00:48:52.618+0000] {processor.py:830} INFO - Processing file /opt/airflow/dags/flight-pipeline.py for tasks to queue
[2026-04-29T00:48:52.620+0000] {logging_mixin.py:188} INFO - [2026-04-29T00:48:52.619+0000] {dagbag.py:545} INFO - Filling up the DagBag from /opt/airflow/dags/flight-pipeline.py
[2026-04-29T00:48:54.012+0000] {processor.py:840} INFO - DAG(s) 'flights_ops_medallion_pipe' retrieved from /opt/airflow/dags/flight-pipeline.py
[2026-04-29T00:48:54.073+0000] {logging_mixin.py:188} INFO - [2026-04-29T00:48:54.072+0000] {dag.py:3089} INFO - Sync 1 DAGs
[2026-04-29T00:48:54.104+0000] {logging_mixin.py:188} INFO - [2026-04-29T00:48:54.104+0000] {dag.py:3947} INFO - Setting next_dagrun for flights_ops_medallion_pipe to 2026-04-29 00:30:00+00:00, run_after=2026-04-29 01:00:00+00:00
[2026-04-29T00:48:54.130+0000] {processor.py:183} INFO - Processing /opt/airflow/dags/flight-pipeline.py took 1.522 seconds
[2026-04-29T00:49:24.327+0000] {processor.py:161} INFO - Started process (PID=5289) to work on /opt/airflow/dags/flight-pipeline.py
[2026-04-29T00:49:24.329+0000] {processor.py:830} INFO - Processing file /opt/airflow/dags/flight-pipeline.py for tasks to queue
[2026-04-29T00:49:24.331+0000] {logging_mixin.py:188} INFO - [2026-04-29T00:49:24.330+0000] {dagbag.py:545} INFO - Filling up the DagBag from /opt/airflow/dags/flight-pipeline.py
[2026-04-29T00:49:25.160+0000] {processor.py:840} INFO - DAG(s) 'flights_ops_medallion_pipe' retrieved from /opt/airflow/dags/flight-pipeline.py
[2026-04-29T00:49:25.191+0000] {logging_mixin.py:188} INFO - [2026-04-29T00:49:25.190+0000] {dag.py:3089} INFO - Sync 1 DAGs
[2026-04-29T00:49:25.214+0000] {logging_mixin.py:188} INFO - [2026-04-29T00:49:25.214+0000] {dag.py:3947} INFO - Setting next_dagrun for flights_ops_medallion_pipe to 2026-04-29 00:30:00+00:00, run_after=2026-04-29 01:00:00+00:00
[2026-04-29T00:49:25.231+0000] {processor.py:183} INFO - Processing /opt/airflow/dags/flight-pipeline.py took 0.912 seconds
[2026-04-29T00:49:55.420+0000] {processor.py:161} INFO - Started process (PID=5314) to work on /opt/airflow/dags/flight-pipeline.py
[2026-04-29T00:49:55.423+0000] {processor.py:830} INFO - Processing file /opt/airflow/dags/flight-pipeline.py for tasks to queue
[2026-04-29T00:49:55.424+0000] {logging_mixin.py:188} INFO - [2026-04-29T00:49:55.423+0000] {dagbag.py:545} INFO - Filling up the DagBag from /opt/airflow/dags/flight-pipeline.py
[2026-04-29T00:49:56.404+0000] {processor.py:840} INFO - DAG(s) 'flights_ops_medallion_pipe' retrieved from /opt/airflow/dags/flight-pipeline.py
[2026-04-29T00:49:56.440+0000] {logging_mixin.py:188} INFO - [2026-04-29T00:49:56.440+0000] {dag.py:3089} INFO - Sync 1 DAGs
[2026-04-29T00:49:56.472+0000] {logging_mixin.py:188} INFO - [2026-04-29T00:49:56.472+0000] {dag.py:3947} INFO - Setting next_dagrun for flights_ops_medallion_pipe to 2026-04-29 00:30:00+00:00, run_after=2026-04-29 01:00:00+00:00
[2026-04-29T00:49:56.492+0000] {processor.py:183} INFO - Processing /opt/airflow/dags/flight-pipeline.py took 1.083 seconds
[2026-04-29T00:50:26.596+0000] {processor.py:161} INFO - Started process (PID=5317) to work on /opt/airflow/dags/flight-pipeline.py
[2026-04-29T00:50:26.599+0000] {processor.py:830} INFO - Processing file /opt/airflow/dags/flight-pipeline.py for tasks to queue
[2026-04-29T00:50:26.602+0000] {logging_mixin.py:188} INFO - [2026-04-29T00:50:26.601+0000] {dagbag.py:545} INFO - Filling up the DagBag from /opt/airflow/dags/flight-pipeline.py
[2026-04-29T00:50:27.594+0000] {processor.py:840} INFO - DAG(s) 'flights_ops_medallion_pipe' retrieved from /opt/airflow/dags/flight-pipeline.py
[2026-04-29T00:50:27.641+0000] {logging_mixin.py:188} INFO - [2026-04-29T00:50:27.640+0000] {dag.py:3089} INFO - Sync 1 DAGs
[2026-04-29T00:50:27.667+0000] {logging_mixin.py:188} INFO - [2026-04-29T00:50:27.666+0000] {dag.py:3947} INFO - Setting next_dagrun for flights_ops_medallion_pipe to 2026-04-29 00:30:00+00:00, run_after=2026-04-29 01:00:00+00:00
[2026-04-29T00:50:27.687+0000] {processor.py:183} INFO - Processing /opt/airflow/dags/flight-pipeline.py took 1.102 seconds
[2026-04-29T00:50:57.820+0000] {processor.py:161} INFO - Started process (PID=5320) to work on /opt/airflow/dags/flight-pipeline.py
[2026-04-29T00:50:57.821+0000] {processor.py:830} INFO - Processing file /opt/airflow/dags/flight-pipeline.py for tasks to queue
[2026-04-29T00:50:57.823+0000] {logging_mixin.py:188} INFO - [2026-04-29T00:50:57.822+0000] {dagbag.py:545} INFO - Filling up the DagBag from /opt/airflow/dags/flight-pipeline.py
[2026-04-29T00:50:58.679+0000] {processor.py:840} INFO - DAG(s) 'flights_ops_medallion_pipe' retrieved from /opt/airflow/dags/flight-pipeline.py
[2026-04-29T00:50:58.709+0000] {logging_mixin.py:188} INFO - [2026-04-29T00:50:58.708+0000] {dag.py:3089} INFO - Sync 1 DAGs
[2026-04-29T00:50:58.732+0000] {logging_mixin.py:188} INFO - [2026-04-29T00:50:58.732+0000] {dag.py:3947} INFO - Setting next_dagrun for flights_ops_medallion_pipe to 2026-04-29 00:30:00+00:00, run_after=2026-04-29 01:00:00+00:00
[2026-04-29T00:50:58.750+0000] {processor.py:183} INFO - Processing /opt/airflow/dags/flight-pipeline.py took 0.939 seconds
[2026-04-29T00:51:28.937+0000] {processor.py:161} INFO - Started process (PID=5345) to work on /opt/airflow/dags/flight-pipeline.py
[2026-04-29T00:51:28.940+0000] {processor.py:830} INFO - Processing file /opt/airflow/dags/flight-pipeline.py for tasks to queue
[2026-04-29T00:51:28.941+0000] {logging_mixin.py:188} INFO - [2026-04-29T00:51:28.941+0000] {dagbag.py:545} INFO - Filling up the DagBag from /opt/airflow/dags/flight-pipeline.py
[2026-04-29T00:51:29.834+0000] {processor.py:840} INFO - DAG(s) 'flights_ops_medallion_pipe' retrieved from /opt/airflow/dags/flight-pipeline.py
[2026-04-29T00:51:29.866+0000] {logging_mixin.py:188} INFO - [2026-04-29T00:51:29.865+0000] {dag.py:3089} INFO - Sync 1 DAGs
[2026-04-29T00:51:29.888+0000] {logging_mixin.py:188} INFO - [2026-04-29T00:51:29.888+0000] {dag.py:3947} INFO - Setting next_dagrun for flights_ops_medallion_pipe to 2026-04-29 00:30:00+00:00, run_after=2026-04-29 01:00:00+00:00
[2026-04-29T00:51:29.905+0000] {processor.py:183} INFO - Processing /opt/airflow/dags/flight-pipeline.py took 0.976 seconds
[2026-04-29T00:52:00.152+0000] {processor.py:161} INFO - Started process (PID=5348) to work on /opt/airflow/dags/flight-pipeline.py
[2026-04-29T00:52:00.155+0000] {processor.py:830} INFO - Processing file /opt/airflow/dags/flight-pipeline.py for tasks to queue
[2026-04-29T00:52:00.158+0000] {logging_mixin.py:188} INFO - [2026-04-29T00:52:00.157+0000] {dagbag.py:545} INFO - Filling up the DagBag from /opt/airflow/dags/flight-pipeline.py
[2026-04-29T00:52:02.073+0000] {processor.py:840} INFO - DAG(s) 'flights_ops_medallion_pipe' retrieved from /opt/airflow/dags/flight-pipeline.py
[2026-04-29T00:52:02.114+0000] {logging_mixin.py:188} INFO - [2026-04-29T00:52:02.114+0000] {dag.py:3089} INFO - Sync 1 DAGs
[2026-04-29T00:52:02.176+0000] {logging_mixin.py:188} INFO - [2026-04-29T00:52:02.176+0000] {dag.py:3947} INFO - Setting next_dagrun for flights_ops_medallion_pipe to 2026-04-29 00:30:00+00:00, run_after=2026-04-29 01:00:00+00:00
[2026-04-29T00:52:02.210+0000] {processor.py:183} INFO - Processing /opt/airflow/dags/flight-pipeline.py took 2.079 seconds
[2026-04-29T00:52:32.419+0000] {processor.py:161} INFO - Started process (PID=5351) to work on /opt/airflow/dags/flight-pipeline.py
[2026-04-29T00:52:32.422+0000] {processor.py:830} INFO - Processing file /opt/airflow/dags/flight-pipeline.py for tasks to queue
[2026-04-29T00:52:32.423+0000] {logging_mixin.py:188} INFO - [2026-04-29T00:52:32.422+0000] {dagbag.py:545} INFO - Filling up the DagBag from /opt/airflow/dags/flight-pipeline.py
[2026-04-29T00:52:33.466+0000] {processor.py:840} INFO - DAG(s) 'flights_ops_medallion_pipe' retrieved from /opt/airflow/dags/flight-pipeline.py
[2026-04-29T00:52:33.499+0000] {logging_mixin.py:188} INFO - [2026-04-29T00:52:33.499+0000] {dag.py:3089} INFO - Sync 1 DAGs
[2026-04-29T00:52:33.525+0000] {logging_mixin.py:188} INFO - [2026-04-29T00:52:33.525+0000] {dag.py:3947} INFO - Setting next_dagrun for flights_ops_medallion_pipe to 2026-04-29 00:30:00+00:00, run_after=2026-04-29 01:00:00+00:00
[2026-04-29T00:52:33.545+0000] {processor.py:183} INFO - Processing /opt/airflow/dags/flight-pipeline.py took 1.135 seconds
[2026-04-29T00:53:03.650+0000] {processor.py:161} INFO - Started process (PID=5354) to work on /opt/airflow/dags/flight-pipeline.py
[2026-04-29T00:53:03.653+0000] {processor.py:830} INFO - Processing file /opt/airflow/dags/flight-pipeline.py for tasks to queue
[2026-04-29T00:53:03.654+0000] {logging_mixin.py:188} INFO - [2026-04-29T00:53:03.654+0000] {dagbag.py:545} INFO - Filling up the DagBag from /opt/airflow/dags/flight-pipeline.py
[2026-04-29T00:53:04.769+0000] {processor.py:840} INFO - DAG(s) 'flights_ops_medallion_pipe' retrieved from /opt/airflow/dags/flight-pipeline.py
[2026-04-29T00:53:04.815+0000] {logging_mixin.py:188} INFO - [2026-04-29T00:53:04.815+0000] {dag.py:3089} INFO - Sync 1 DAGs
[2026-04-29T00:53:04.842+0000] {logging_mixin.py:188} INFO - [2026-04-29T00:53:04.842+0000] {dag.py:3947} INFO - Setting next_dagrun for flights_ops_medallion_pipe to 2026-04-29 00:30:00+00:00, run_after=2026-04-29 01:00:00+00:00
[2026-04-29T00:53:04.865+0000] {processor.py:183} INFO - Processing /opt/airflow/dags/flight-pipeline.py took 1.224 seconds
[2026-04-29T00:53:34.995+0000] {processor.py:161} INFO - Started process (PID=5357) to work on /opt/airflow/dags/flight-pipeline.py
[2026-04-29T00:53:35.007+0000] {processor.py:830} INFO - Processing file /opt/airflow/dags/flight-pipeline.py for tasks to queue
[2026-04-29T00:53:35.008+0000] {logging_mixin.py:188} INFO - [2026-04-29T00:53:35.008+0000] {dagbag.py:545} INFO - Filling up the DagBag from /opt/airflow/dags/flight-pipeline.py
[2026-04-29T00:53:36.052+0000] {processor.py:840} INFO - DAG(s) 'flights_ops_medallion_pipe' retrieved from /opt/airflow/dags/flight-pipeline.py
[2026-04-29T00:53:36.084+0000] {logging_mixin.py:188} INFO - [2026-04-29T00:53:36.084+0000] {dag.py:3089} INFO - Sync 1 DAGs
[2026-04-29T00:53:36.110+0000] {logging_mixin.py:188} INFO - [2026-04-29T00:53:36.109+0000] {dag.py:3947} INFO - Setting next_dagrun for flights_ops_medallion_pipe to 2026-04-29 00:30:00+00:00, run_after=2026-04-29 01:00:00+00:00
[2026-04-29T00:53:36.128+0000] {processor.py:183} INFO - Processing /opt/airflow/dags/flight-pipeline.py took 1.145 seconds
[2026-04-29T00:54:06.325+0000] {processor.py:161} INFO - Started process (PID=5360) to work on /opt/airflow/dags/flight-pipeline.py
[2026-04-29T00:54:06.329+0000] {processor.py:830} INFO - Processing file /opt/airflow/dags/flight-pipeline.py for tasks to queue
[2026-04-29T00:54:06.330+0000] {logging_mixin.py:188} INFO - [2026-04-29T00:54:06.330+0000] {dagbag.py:545} INFO - Filling up the DagBag from /opt/airflow/dags/flight-pipeline.py
[2026-04-29T00:54:07.745+0000] {processor.py:840} INFO - DAG(s) 'flights_ops_medallion_pipe' retrieved from /opt/airflow/dags/flight-pipeline.py
[2026-04-29T00:54:07.775+0000] {logging_mixin.py:188} INFO - [2026-04-29T00:54:07.775+0000] {dag.py:3089} INFO - Sync 1 DAGs
[2026-04-29T00:54:07.796+0000] {logging_mixin.py:188} INFO - [2026-04-29T00:54:07.795+0000] {dag.py:3947} INFO - Setting next_dagrun for flights_ops_medallion_pipe to 2026-04-29 00:30:00+00:00, run_after=2026-04-29 01:00:00+00:00
[2026-04-29T00:54:07.813+0000] {processor.py:183} INFO - Processing /opt/airflow/dags/flight-pipeline.py took 1.505 seconds
[2026-04-29T00:54:38.035+0000] {processor.py:161} INFO - Started process (PID=5363) to work on /opt/airflow/dags/flight-pipeline.py
[2026-04-29T00:54:38.038+0000] {processor.py:830} INFO - Processing file /opt/airflow/dags/flight-pipeline.py for tasks to queue
[2026-04-29T00:54:38.039+0000] {logging_mixin.py:188} INFO - [2026-04-29T00:54:38.039+0000] {dagbag.py:545} INFO - Filling up the DagBag from /opt/airflow/dags/flight-pipeline.py
[2026-04-29T00:54:38.855+0000] {processor.py:840} INFO - DAG(s) 'flights_ops_medallion_pipe' retrieved from /opt/airflow/dags/flight-pipeline.py
[2026-04-29T00:54:38.884+0000] {logging_mixin.py:188} INFO - [2026-04-29T00:54:38.883+0000] {dag.py:3089} INFO - Sync 1 DAGs
[2026-04-29T00:54:38.905+0000] {logging_mixin.py:188} INFO - [2026-04-29T00:54:38.904+0000] {dag.py:3947} INFO - Setting next_dagrun for flights_ops_medallion_pipe to 2026-04-29 00:30:00+00:00, run_after=2026-04-29 01:00:00+00:00
[2026-04-29T00:54:38.922+0000] {processor.py:183} INFO - Processing /opt/airflow/dags/flight-pipeline.py took 0.894 seconds
[2026-04-29T00:55:09.125+0000] {processor.py:161} INFO - Started process (PID=5366) to work on /opt/airflow/dags/flight-pipeline.py
[2026-04-29T00:55:09.128+0000] {processor.py:830} INFO - Processing file /opt/airflow/dags/flight-pipeline.py for tasks to queue
[2026-04-29T00:55:09.129+0000] {logging_mixin.py:188} INFO - [2026-04-29T00:55:09.128+0000] {dagbag.py:545} INFO - Filling up the DagBag from /opt/airflow/dags/flight-pipeline.py
[2026-04-29T00:55:09.936+0000] {processor.py:840} INFO - DAG(s) 'flights_ops_medallion_pipe' retrieved from /opt/airflow/dags/flight-pipeline.py
[2026-04-29T00:55:09.967+0000] {logging_mixin.py:188} INFO - [2026-04-29T00:55:09.966+0000] {dag.py:3089} INFO - Sync 1 DAGs
[2026-04-29T00:55:09.986+0000] {logging_mixin.py:188} INFO - [2026-04-29T00:55:09.986+0000] {dag.py:3947} INFO - Setting next_dagrun for flights_ops_medallion_pipe to 2026-04-29 00:30:00+00:00, run_after=2026-04-29 01:00:00+00:00
[2026-04-29T00:55:10.005+0000] {processor.py:183} INFO - Processing /opt/airflow/dags/flight-pipeline.py took 0.896 seconds
[2026-04-29T00:55:40.257+0000] {processor.py:161} INFO - Started process (PID=5369) to work on /opt/airflow/dags/flight-pipeline.py
[2026-04-29T00:55:40.260+0000] {processor.py:830} INFO - Processing file /opt/airflow/dags/flight-pipeline.py for tasks to queue
[2026-04-29T00:55:40.261+0000] {logging_mixin.py:188} INFO - [2026-04-29T00:55:40.261+0000] {dagbag.py:545} INFO - Filling up the DagBag from /opt/airflow/dags/flight-pipeline.py
[2026-04-29T00:55:41.038+0000] {processor.py:840} INFO - DAG(s) 'flights_ops_medallion_pipe' retrieved from /opt/airflow/dags/flight-pipeline.py
[2026-04-29T00:55:41.069+0000] {logging_mixin.py:188} INFO - [2026-04-29T00:55:41.069+0000] {dag.py:3089} INFO - Sync 1 DAGs
[2026-04-29T00:55:41.092+0000] {logging_mixin.py:188} INFO - [2026-04-29T00:55:41.091+0000] {dag.py:3947} INFO - Setting next_dagrun for flights_ops_medallion_pipe to 2026-04-29 00:30:00+00:00, run_after=2026-04-29 01:00:00+00:00
[2026-04-29T00:55:41.112+0000] {processor.py:183} INFO - Processing /opt/airflow/dags/flight-pipeline.py took 0.865 seconds
[2026-04-29T00:56:11.187+0000] {processor.py:161} INFO - Started process (PID=5372) to work on /opt/airflow/dags/flight-pipeline.py
[2026-04-29T00:56:11.188+0000] {processor.py:830} INFO - Processing file /opt/airflow/dags/flight-pipeline.py for tasks to queue
[2026-04-29T00:56:11.189+0000] {logging_mixin.py:188} INFO - [2026-04-29T00:56:11.189+0000] {dagbag.py:545} INFO - Filling up the DagBag from /opt/airflow/dags/flight-pipeline.py
[2026-04-29T00:56:11.962+0000] {processor.py:840} INFO - DAG(s) 'flights_ops_medallion_pipe' retrieved from /opt/airflow/dags/flight-pipeline.py
[2026-04-29T00:56:11.992+0000] {logging_mixin.py:188} INFO - [2026-04-29T00:56:11.991+0000] {dag.py:3089} INFO - Sync 1 DAGs
[2026-04-29T00:56:12.011+0000] {logging_mixin.py:188} INFO - [2026-04-29T00:56:12.011+0000] {dag.py:3947} INFO - Setting next_dagrun for flights_ops_medallion_pipe to 2026-04-29 00:30:00+00:00, run_after=2026-04-29 01:00:00+00:00
[2026-04-29T00:56:12.030+0000] {processor.py:183} INFO - Processing /opt/airflow/dags/flight-pipeline.py took 0.852 seconds
[2026-04-29T00:56:42.341+0000] {processor.py:161} INFO - Started process (PID=5375) to work on /opt/airflow/dags/flight-pipeline.py
[2026-04-29T00:56:42.342+0000] {processor.py:830} INFO - Processing file /opt/airflow/dags/flight-pipeline.py for tasks to queue
[2026-04-29T00:56:42.344+0000] {logging_mixin.py:188} INFO - [2026-04-29T00:56:42.343+0000] {dagbag.py:545} INFO - Filling up the DagBag from /opt/airflow/dags/flight-pipeline.py
[2026-04-29T00:56:43.128+0000] {processor.py:840} INFO - DAG(s) 'flights_ops_medallion_pipe' retrieved from /opt/airflow/dags/flight-pipeline.py
[2026-04-29T00:56:43.159+0000] {logging_mixin.py:188} INFO - [2026-04-29T00:56:43.159+0000] {dag.py:3089} INFO - Sync 1 DAGs
[2026-04-29T00:56:43.177+0000] {logging_mixin.py:188} INFO - [2026-04-29T00:56:43.177+0000] {dag.py:3947} INFO - Setting next_dagrun for flights_ops_medallion_pipe to 2026-04-29 00:30:00+00:00, run_after=2026-04-29 01:00:00+00:00
[2026-04-29T00:56:43.194+0000] {processor.py:183} INFO - Processing /opt/airflow/dags/flight-pipeline.py took 0.873 seconds
[2026-04-29T00:57:13.479+0000] {processor.py:161} INFO - Started process (PID=5378) to work on /opt/airflow/dags/flight-pipeline.py
[2026-04-29T00:57:13.480+0000] {processor.py:830} INFO - Processing file /opt/airflow/dags/flight-pipeline.py for tasks to queue
[2026-04-29T00:57:13.481+0000] {logging_mixin.py:188} INFO - [2026-04-29T00:57:13.481+0000] {dagbag.py:545} INFO - Filling up the DagBag from /opt/airflow/dags/flight-pipeline.py
[2026-04-29T00:57:14.258+0000] {processor.py:840} INFO - DAG(s) 'flights_ops_medallion_pipe' retrieved from /opt/airflow/dags/flight-pipeline.py
[2026-04-29T00:57:14.288+0000] {logging_mixin.py:188} INFO - [2026-04-29T00:57:14.288+0000] {dag.py:3089} INFO - Sync 1 DAGs
[2026-04-29T00:57:14.306+0000] {logging_mixin.py:188} INFO - [2026-04-29T00:57:14.306+0000] {dag.py:3947} INFO - Setting next_dagrun for flights_ops_medallion_pipe to 2026-04-29 00:30:00+00:00, run_after=2026-04-29 01:00:00+00:00
[2026-04-29T00:57:14.322+0000] {processor.py:183} INFO - Processing /opt/airflow/dags/flight-pipeline.py took 0.852 seconds
[2026-04-29T00:57:44.595+0000] {processor.py:161} INFO - Started process (PID=5381) to work on /opt/airflow/dags/flight-pipeline.py
[2026-04-29T00:57:44.596+0000] {processor.py:830} INFO - Processing file /opt/airflow/dags/flight-pipeline.py for tasks to queue
[2026-04-29T00:57:44.597+0000] {logging_mixin.py:188} INFO - [2026-04-29T00:57:44.597+0000] {dagbag.py:545} INFO - Filling up the DagBag from /opt/airflow/dags/flight-pipeline.py
[2026-04-29T00:57:45.463+0000] {processor.py:840} INFO - DAG(s) 'flights_ops_medallion_pipe' retrieved from /opt/airflow/dags/flight-pipeline.py
[2026-04-29T00:57:45.492+0000] {logging_mixin.py:188} INFO - [2026-04-29T00:57:45.491+0000] {dag.py:3089} INFO - Sync 1 DAGs
[2026-04-29T00:57:45.513+0000] {logging_mixin.py:188} INFO - [2026-04-29T00:57:45.512+0000] {dag.py:3947} INFO - Setting next_dagrun for flights_ops_medallion_pipe to 2026-04-29 00:30:00+00:00, run_after=2026-04-29 01:00:00+00:00
[2026-04-29T00:57:45.537+0000] {processor.py:183} INFO - Processing /opt/airflow/dags/flight-pipeline.py took 0.951 seconds
[2026-04-29T00:58:15.801+0000] {processor.py:161} INFO - Started process (PID=5384) to work on /opt/airflow/dags/flight-pipeline.py
[2026-04-29T00:58:15.803+0000] {processor.py:830} INFO - Processing file /opt/airflow/dags/flight-pipeline.py for tasks to queue
[2026-04-29T00:58:15.805+0000] {logging_mixin.py:188} INFO - [2026-04-29T00:58:15.804+0000] {dagbag.py:545} INFO - Filling up the DagBag from /opt/airflow/dags/flight-pipeline.py
[2026-04-29T00:58:16.594+0000] {processor.py:840} INFO - DAG(s) 'flights_ops_medallion_pipe' retrieved from /opt/airflow/dags/flight-pipeline.py
[2026-04-29T00:58:16.625+0000] {logging_mixin.py:188} INFO - [2026-04-29T00:58:16.625+0000] {dag.py:3089} INFO - Sync 1 DAGs
[2026-04-29T00:58:16.647+0000] {logging_mixin.py:188} INFO - [2026-04-29T00:58:16.646+0000] {dag.py:3947} INFO - Setting next_dagrun for flights_ops_medallion_pipe to 2026-04-29 00:30:00+00:00, run_after=2026-04-29 01:00:00+00:00
[2026-04-29T00:58:16.663+0000] {processor.py:183} INFO - Processing /opt/airflow/dags/flight-pipeline.py took 0.870 seconds
[2026-04-29T00:58:46.961+0000] {processor.py:161} INFO - Started process (PID=5387) to work on /opt/airflow/dags/flight-pipeline.py
[2026-04-29T00:58:46.963+0000] {processor.py:830} INFO - Processing file /opt/airflow/dags/flight-pipeline.py for tasks to queue
[2026-04-29T00:58:46.964+0000] {logging_mixin.py:188} INFO - [2026-04-29T00:58:46.964+0000] {dagbag.py:545} INFO - Filling up the DagBag from /opt/airflow/dags/flight-pipeline.py
[2026-04-29T00:58:47.729+0000] {processor.py:840} INFO - DAG(s) 'flights_ops_medallion_pipe' retrieved from /opt/airflow/dags/flight-pipeline.py
[2026-04-29T00:58:47.768+0000] {logging_mixin.py:188} INFO - [2026-04-29T00:58:47.768+0000] {dag.py:3089} INFO - Sync 1 DAGs
[2026-04-29T00:58:47.796+0000] {logging_mixin.py:188} INFO - [2026-04-29T00:58:47.796+0000] {dag.py:3947} INFO - Setting next_dagrun for flights_ops_medallion_pipe to 2026-04-29 00:30:00+00:00, run_after=2026-04-29 01:00:00+00:00
[2026-04-29T00:58:47.815+0000] {processor.py:183} INFO - Processing /opt/airflow/dags/flight-pipeline.py took 0.862 seconds
[2026-04-29T00:59:18.104+0000] {processor.py:161} INFO - Started process (PID=5390) to work on /opt/airflow/dags/flight-pipeline.py
[2026-04-29T00:59:18.105+0000] {processor.py:830} INFO - Processing file /opt/airflow/dags/flight-pipeline.py for tasks to queue
[2026-04-29T00:59:18.106+0000] {logging_mixin.py:188} INFO - [2026-04-29T00:59:18.106+0000] {dagbag.py:545} INFO - Filling up the DagBag from /opt/airflow/dags/flight-pipeline.py
[2026-04-29T00:59:18.874+0000] {processor.py:840} INFO - DAG(s) 'flights_ops_medallion_pipe' retrieved from /opt/airflow/dags/flight-pipeline.py
[2026-04-29T00:59:18.904+0000] {logging_mixin.py:188} INFO - [2026-04-29T00:59:18.904+0000] {dag.py:3089} INFO - Sync 1 DAGs
[2026-04-29T00:59:18.930+0000] {logging_mixin.py:188} INFO - [2026-04-29T00:59:18.928+0000] {dag.py:3947} INFO - Setting next_dagrun for flights_ops_medallion_pipe to 2026-04-29 00:30:00+00:00, run_after=2026-04-29 01:00:00+00:00
[2026-04-29T00:59:18.953+0000] {processor.py:183} INFO - Processing /opt/airflow/dags/flight-pipeline.py took 0.858 seconds
[2026-04-29T00:59:49.078+0000] {processor.py:161} INFO - Started process (PID=5393) to work on /opt/airflow/dags/flight-pipeline.py
[2026-04-29T00:59:49.082+0000] {processor.py:830} INFO - Processing file /opt/airflow/dags/flight-pipeline.py for tasks to queue
[2026-04-29T00:59:49.086+0000] {logging_mixin.py:188} INFO - [2026-04-29T00:59:49.084+0000] {dagbag.py:545} INFO - Filling up the DagBag from /opt/airflow/dags/flight-pipeline.py
[2026-04-29T00:59:49.888+0000] {processor.py:840} INFO - DAG(s) 'flights_ops_medallion_pipe' retrieved from /opt/airflow/dags/flight-pipeline.py
[2026-04-29T00:59:49.917+0000] {logging_mixin.py:188} INFO - [2026-04-29T00:59:49.916+0000] {dag.py:3089} INFO - Sync 1 DAGs
[2026-04-29T00:59:49.935+0000] {logging_mixin.py:188} INFO - [2026-04-29T00:59:49.935+0000] {dag.py:3947} INFO - Setting next_dagrun for flights_ops_medallion_pipe to 2026-04-29 00:30:00+00:00, run_after=2026-04-29 01:00:00+00:00
[2026-04-29T00:59:49.953+0000] {processor.py:183} INFO - Processing /opt/airflow/dags/flight-pipeline.py took 0.883 seconds
[2026-04-29T01:00:20.202+0000] {processor.py:161} INFO - Started process (PID=5430) to work on /opt/airflow/dags/flight-pipeline.py
[2026-04-29T01:00:20.204+0000] {processor.py:830} INFO - Processing file /opt/airflow/dags/flight-pipeline.py for tasks to queue
[2026-04-29T01:00:20.205+0000] {logging_mixin.py:188} INFO - [2026-04-29T01:00:20.204+0000] {dagbag.py:545} INFO - Filling up the DagBag from /opt/airflow/dags/flight-pipeline.py
[2026-04-29T01:00:21.067+0000] {processor.py:840} INFO - DAG(s) 'flights_ops_medallion_pipe' retrieved from /opt/airflow/dags/flight-pipeline.py
[2026-04-29T01:00:21.103+0000] {logging_mixin.py:188} INFO - [2026-04-29T01:00:21.103+0000] {dag.py:3089} INFO - Sync 1 DAGs
[2026-04-29T01:00:21.126+0000] {logging_mixin.py:188} INFO - [2026-04-29T01:00:21.126+0000] {dag.py:3947} INFO - Setting next_dagrun for flights_ops_medallion_pipe to 2026-04-29 01:00:00+00:00, run_after=2026-04-29 01:30:00+00:00
[2026-04-29T01:00:21.144+0000] {processor.py:183} INFO - Processing /opt/airflow/dags/flight-pipeline.py took 0.950 seconds
[2026-04-29T01:00:51.433+0000] {processor.py:161} INFO - Started process (PID=5443) to work on /opt/airflow/dags/flight-pipeline.py
[2026-04-29T01:00:51.435+0000] {processor.py:830} INFO - Processing file /opt/airflow/dags/flight-pipeline.py for tasks to queue
[2026-04-29T01:00:51.436+0000] {logging_mixin.py:188} INFO - [2026-04-29T01:00:51.436+0000] {dagbag.py:545} INFO - Filling up the DagBag from /opt/airflow/dags/flight-pipeline.py
[2026-04-29T01:00:52.545+0000] {processor.py:840} INFO - DAG(s) 'flights_ops_medallion_pipe' retrieved from /opt/airflow/dags/flight-pipeline.py
[2026-04-29T01:00:52.607+0000] {logging_mixin.py:188} INFO - [2026-04-29T01:00:52.606+0000] {dag.py:3089} INFO - Sync 1 DAGs
[2026-04-29T01:00:52.649+0000] {logging_mixin.py:188} INFO - [2026-04-29T01:00:52.649+0000] {dag.py:3947} INFO - Setting next_dagrun for flights_ops_medallion_pipe to 2026-04-29 01:00:00+00:00, run_after=2026-04-29 01:30:00+00:00
[2026-04-29T01:00:52.671+0000] {processor.py:183} INFO - Processing /opt/airflow/dags/flight-pipeline.py took 1.246 seconds
[2026-04-29T01:01:22.828+0000] {processor.py:161} INFO - Started process (PID=5446) to work on /opt/airflow/dags/flight-pipeline.py
[2026-04-29T01:01:22.830+0000] {processor.py:830} INFO - Processing file /opt/airflow/dags/flight-pipeline.py for tasks to queue
[2026-04-29T01:01:22.831+0000] {logging_mixin.py:188} INFO - [2026-04-29T01:01:22.830+0000] {dagbag.py:545} INFO - Filling up the DagBag from /opt/airflow/dags/flight-pipeline.py
[2026-04-29T01:01:23.658+0000] {processor.py:840} INFO - DAG(s) 'flights_ops_medallion_pipe' retrieved from /opt/airflow/dags/flight-pipeline.py
[2026-04-29T01:01:23.687+0000] {logging_mixin.py:188} INFO - [2026-04-29T01:01:23.687+0000] {dag.py:3089} INFO - Sync 1 DAGs
[2026-04-29T01:01:23.707+0000] {logging_mixin.py:188} INFO - [2026-04-29T01:01:23.707+0000] {dag.py:3947} INFO - Setting next_dagrun for flights_ops_medallion_pipe to 2026-04-29 01:00:00+00:00, run_after=2026-04-29 01:30:00+00:00
[2026-04-29T01:01:23.724+0000] {processor.py:183} INFO - Processing /opt/airflow/dags/flight-pipeline.py took 0.905 seconds
[2026-04-29T01:01:54.082+0000] {processor.py:161} INFO - Started process (PID=5449) to work on /opt/airflow/dags/flight-pipeline.py
[2026-04-29T01:01:54.084+0000] {processor.py:830} INFO - Processing file /opt/airflow/dags/flight-pipeline.py for tasks to queue
[2026-04-29T01:01:54.085+0000] {logging_mixin.py:188} INFO - [2026-04-29T01:01:54.085+0000] {dagbag.py:545} INFO - Filling up the DagBag from /opt/airflow/dags/flight-pipeline.py
[2026-04-29T01:01:55.493+0000] {processor.py:840} INFO - DAG(s) 'flights_ops_medallion_pipe' retrieved from /opt/airflow/dags/flight-pipeline.py
[2026-04-29T01:01:55.534+0000] {logging_mixin.py:188} INFO - [2026-04-29T01:01:55.533+0000] {dag.py:3089} INFO - Sync 1 DAGs
[2026-04-29T01:01:55.556+0000] {logging_mixin.py:188} INFO - [2026-04-29T01:01:55.556+0000] {dag.py:3947} INFO - Setting next_dagrun for flights_ops_medallion_pipe to 2026-04-29 01:00:00+00:00, run_after=2026-04-29 01:30:00+00:00
[2026-04-29T01:01:55.575+0000] {processor.py:183} INFO - Processing /opt/airflow/dags/flight-pipeline.py took 1.510 seconds
[2026-04-29T01:02:25.838+0000] {processor.py:161} INFO - Started process (PID=5452) to work on /opt/airflow/dags/flight-pipeline.py
[2026-04-29T01:02:25.840+0000] {processor.py:830} INFO - Processing file /opt/airflow/dags/flight-pipeline.py for tasks to queue
[2026-04-29T01:02:25.841+0000] {logging_mixin.py:188} INFO - [2026-04-29T01:02:25.841+0000] {dagbag.py:545} INFO - Filling up the DagBag from /opt/airflow/dags/flight-pipeline.py
[2026-04-29T01:02:26.611+0000] {processor.py:840} INFO - DAG(s) 'flights_ops_medallion_pipe' retrieved from /opt/airflow/dags/flight-pipeline.py
[2026-04-29T01:02:26.639+0000] {logging_mixin.py:188} INFO - [2026-04-29T01:02:26.638+0000] {dag.py:3089} INFO - Sync 1 DAGs
[2026-04-29T01:02:26.661+0000] {logging_mixin.py:188} INFO - [2026-04-29T01:02:26.661+0000] {dag.py:3947} INFO - Setting next_dagrun for flights_ops_medallion_pipe to 2026-04-29 01:00:00+00:00, run_after=2026-04-29 01:30:00+00:00
[2026-04-29T01:02:26.678+0000] {processor.py:183} INFO - Processing /opt/airflow/dags/flight-pipeline.py took 0.848 seconds
[2026-04-29T01:02:56.951+0000] {processor.py:161} INFO - Started process (PID=5455) to work on /opt/airflow/dags/flight-pipeline.py
[2026-04-29T01:02:56.954+0000] {processor.py:830} INFO - Processing file /opt/airflow/dags/flight-pipeline.py for tasks to queue
[2026-04-29T01:02:56.955+0000] {logging_mixin.py:188} INFO - [2026-04-29T01:02:56.955+0000] {dagbag.py:545} INFO - Filling up the DagBag from /opt/airflow/dags/flight-pipeline.py
[2026-04-29T01:02:57.779+0000] {processor.py:840} INFO - DAG(s) 'flights_ops_medallion_pipe' retrieved from /opt/airflow/dags/flight-pipeline.py
[2026-04-29T01:02:57.808+0000] {logging_mixin.py:188} INFO - [2026-04-29T01:02:57.808+0000] {dag.py:3089} INFO - Sync 1 DAGs
[2026-04-29T01:02:57.828+0000] {logging_mixin.py:188} INFO - [2026-04-29T01:02:57.828+0000] {dag.py:3947} INFO - Setting next_dagrun for flights_ops_medallion_pipe to 2026-04-29 01:00:00+00:00, run_after=2026-04-29 01:30:00+00:00
[2026-04-29T01:02:57.845+0000] {processor.py:183} INFO - Processing /opt/airflow/dags/flight-pipeline.py took 0.906 seconds
[2026-04-29T01:03:27.903+0000] {processor.py:161} INFO - Started process (PID=5458) to work on /opt/airflow/dags/flight-pipeline.py
[2026-04-29T01:03:27.904+0000] {processor.py:830} INFO - Processing file /opt/airflow/dags/flight-pipeline.py for tasks to queue
[2026-04-29T01:03:27.905+0000] {logging_mixin.py:188} INFO - [2026-04-29T01:03:27.905+0000] {dagbag.py:545} INFO - Filling up the DagBag from /opt/airflow/dags/flight-pipeline.py
[2026-04-29T01:03:28.671+0000] {processor.py:840} INFO - DAG(s) 'flights_ops_medallion_pipe' retrieved from /opt/airflow/dags/flight-pipeline.py
[2026-04-29T01:03:28.704+0000] {logging_mixin.py:188} INFO - [2026-04-29T01:03:28.704+0000] {dag.py:3089} INFO - Sync 1 DAGs
[2026-04-29T01:03:28.723+0000] {logging_mixin.py:188} INFO - [2026-04-29T01:03:28.723+0000] {dag.py:3947} INFO - Setting next_dagrun for flights_ops_medallion_pipe to 2026-04-29 01:00:00+00:00, run_after=2026-04-29 01:30:00+00:00
[2026-04-29T01:03:28.739+0000] {processor.py:183} INFO - Processing /opt/airflow/dags/flight-pipeline.py took 0.845 seconds
[2026-04-29T01:03:59.016+0000] {processor.py:161} INFO - Started process (PID=5461) to work on /opt/airflow/dags/flight-pipeline.py
[2026-04-29T01:03:59.017+0000] {processor.py:830} INFO - Processing file /opt/airflow/dags/flight-pipeline.py for tasks to queue
[2026-04-29T01:03:59.019+0000] {logging_mixin.py:188} INFO - [2026-04-29T01:03:59.018+0000] {dagbag.py:545} INFO - Filling up the DagBag from /opt/airflow/dags/flight-pipeline.py
[2026-04-29T01:03:59.833+0000] {processor.py:840} INFO - DAG(s) 'flights_ops_medallion_pipe' retrieved from /opt/airflow/dags/flight-pipeline.py
[2026-04-29T01:03:59.864+0000] {logging_mixin.py:188} INFO - [2026-04-29T01:03:59.863+0000] {dag.py:3089} INFO - Sync 1 DAGs
[2026-04-29T01:03:59.882+0000] {logging_mixin.py:188} INFO - [2026-04-29T01:03:59.882+0000] {dag.py:3947} INFO - Setting next_dagrun for flights_ops_medallion_pipe to 2026-04-29 01:00:00+00:00, run_after=2026-04-29 01:30:00+00:00
[2026-04-29T01:03:59.901+0000] {processor.py:183} INFO - Processing /opt/airflow/dags/flight-pipeline.py took 0.894 seconds
[2026-04-29T01:04:30.205+0000] {processor.py:161} INFO - Started process (PID=5464) to work on /opt/airflow/dags/flight-pipeline.py
[2026-04-29T01:04:30.207+0000] {processor.py:830} INFO - Processing file /opt/airflow/dags/flight-pipeline.py for tasks to queue
[2026-04-29T01:04:30.208+0000] {logging_mixin.py:188} INFO - [2026-04-29T01:04:30.208+0000] {dagbag.py:545} INFO - Filling up the DagBag from /opt/airflow/dags/flight-pipeline.py
[2026-04-29T01:04:31.054+0000] {processor.py:840} INFO - DAG(s) 'flights_ops_medallion_pipe' retrieved from /opt/airflow/dags/flight-pipeline.py
[2026-04-29T01:04:31.083+0000] {logging_mixin.py:188} INFO - [2026-04-29T01:04:31.082+0000] {dag.py:3089} INFO - Sync 1 DAGs
[2026-04-29T01:04:31.108+0000] {logging_mixin.py:188} INFO - [2026-04-29T01:04:31.108+0000] {dag.py:3947} INFO - Setting next_dagrun for flights_ops_medallion_pipe to 2026-04-29 01:00:00+00:00, run_after=2026-04-29 01:30:00+00:00
[2026-04-29T01:04:31.129+0000] {processor.py:183} INFO - Processing /opt/airflow/dags/flight-pipeline.py took 0.933 seconds
[2026-04-29T01:05:01.421+0000] {processor.py:161} INFO - Started process (PID=5467) to work on /opt/airflow/dags/flight-pipeline.py
[2026-04-29T01:05:01.422+0000] {processor.py:830} INFO - Processing file /opt/airflow/dags/flight-pipeline.py for tasks to queue
[2026-04-29T01:05:01.423+0000] {logging_mixin.py:188} INFO - [2026-04-29T01:05:01.423+0000] {dagbag.py:545} INFO - Filling up the DagBag from /opt/airflow/dags/flight-pipeline.py
[2026-04-29T01:05:02.248+0000] {processor.py:840} INFO - DAG(s) 'flights_ops_medallion_pipe' retrieved from /opt/airflow/dags/flight-pipeline.py
[2026-04-29T01:05:02.281+0000] {logging_mixin.py:188} INFO - [2026-04-29T01:05:02.281+0000] {dag.py:3089} INFO - Sync 1 DAGs
[2026-04-29T01:05:02.301+0000] {logging_mixin.py:188} INFO - [2026-04-29T01:05:02.301+0000] {dag.py:3947} INFO - Setting next_dagrun for flights_ops_medallion_pipe to 2026-04-29 01:00:00+00:00, run_after=2026-04-29 01:30:00+00:00
[2026-04-29T01:05:02.318+0000] {processor.py:183} INFO - Processing /opt/airflow/dags/flight-pipeline.py took 0.906 seconds
[2026-04-29T01:05:32.592+0000] {processor.py:161} INFO - Started process (PID=5470) to work on /opt/airflow/dags/flight-pipeline.py
[2026-04-29T01:05:32.594+0000] {processor.py:830} INFO - Processing file /opt/airflow/dags/flight-pipeline.py for tasks to queue
[2026-04-29T01:05:32.595+0000] {logging_mixin.py:188} INFO - [2026-04-29T01:05:32.594+0000] {dagbag.py:545} INFO - Filling up the DagBag from /opt/airflow/dags/flight-pipeline.py
[2026-04-29T01:05:33.393+0000] {processor.py:840} INFO - DAG(s) 'flights_ops_medallion_pipe' retrieved from /opt/airflow/dags/flight-pipeline.py
[2026-04-29T01:05:33.421+0000] {logging_mixin.py:188} INFO - [2026-04-29T01:05:33.421+0000] {dag.py:3089} INFO - Sync 1 DAGs
[2026-04-29T01:05:33.440+0000] {logging_mixin.py:188} INFO - [2026-04-29T01:05:33.439+0000] {dag.py:3947} INFO - Setting next_dagrun for flights_ops_medallion_pipe to 2026-04-29 01:00:00+00:00, run_after=2026-04-29 01:30:00+00:00
[2026-04-29T01:05:33.458+0000] {processor.py:183} INFO - Processing /opt/airflow/dags/flight-pipeline.py took 0.875 seconds
[2026-04-29T01:06:03.738+0000] {processor.py:161} INFO - Started process (PID=5473) to work on /opt/airflow/dags/flight-pipeline.py
[2026-04-29T01:06:03.740+0000] {processor.py:830} INFO - Processing file /opt/airflow/dags/flight-pipeline.py for tasks to queue
[2026-04-29T01:06:03.741+0000] {logging_mixin.py:188} INFO - [2026-04-29T01:06:03.740+0000] {dagbag.py:545} INFO - Filling up the DagBag from /opt/airflow/dags/flight-pipeline.py
[2026-04-29T01:06:04.504+0000] {processor.py:840} INFO - DAG(s) 'flights_ops_medallion_pipe' retrieved from /opt/airflow/dags/flight-pipeline.py
[2026-04-29T01:06:04.534+0000] {logging_mixin.py:188} INFO - [2026-04-29T01:06:04.534+0000] {dag.py:3089} INFO - Sync 1 DAGs
[2026-04-29T01:06:04.553+0000] {logging_mixin.py:188} INFO - [2026-04-29T01:06:04.552+0000] {dag.py:3947} INFO - Setting next_dagrun for flights_ops_medallion_pipe to 2026-04-29 01:00:00+00:00, run_after=2026-04-29 01:30:00+00:00
[2026-04-29T01:06:04.573+0000] {processor.py:183} INFO - Processing /opt/airflow/dags/flight-pipeline.py took 0.843 seconds
[2026-04-29T01:06:34.821+0000] {processor.py:161} INFO - Started process (PID=5476) to work on /opt/airflow/dags/flight-pipeline.py
[2026-04-29T01:06:34.823+0000] {processor.py:830} INFO - Processing file /opt/airflow/dags/flight-pipeline.py for tasks to queue
[2026-04-29T01:06:34.824+0000] {logging_mixin.py:188} INFO - [2026-04-29T01:06:34.824+0000] {dagbag.py:545} INFO - Filling up the DagBag from /opt/airflow/dags/flight-pipeline.py
[2026-04-29T01:06:35.589+0000] {processor.py:840} INFO - DAG(s) 'flights_ops_medallion_pipe' retrieved from /opt/airflow/dags/flight-pipeline.py
[2026-04-29T01:06:35.617+0000] {logging_mixin.py:188} INFO - [2026-04-29T01:06:35.616+0000] {dag.py:3089} INFO - Sync 1 DAGs
[2026-04-29T01:06:35.635+0000] {logging_mixin.py:188} INFO - [2026-04-29T01:06:35.635+0000] {dag.py:3947} INFO - Setting next_dagrun for flights_ops_medallion_pipe to 2026-04-29 01:00:00+00:00, run_after=2026-04-29 01:30:00+00:00
[2026-04-29T01:06:35.652+0000] {processor.py:183} INFO - Processing /opt/airflow/dags/flight-pipeline.py took 0.840 seconds
[2026-04-29T01:07:05.841+0000] {processor.py:161} INFO - Started process (PID=5479) to work on /opt/airflow/dags/flight-pipeline.py
[2026-04-29T01:07:05.843+0000] {processor.py:830} INFO - Processing file /opt/airflow/dags/flight-pipeline.py for tasks to queue
[2026-04-29T01:07:05.845+0000] {logging_mixin.py:188} INFO - [2026-04-29T01:07:05.844+0000] {dagbag.py:545} INFO - Filling up the DagBag from /opt/airflow/dags/flight-pipeline.py
[2026-04-29T01:07:06.733+0000] {processor.py:840} INFO - DAG(s) 'flights_ops_medallion_pipe' retrieved from /opt/airflow/dags/flight-pipeline.py
[2026-04-29T01:07:06.763+0000] {logging_mixin.py:188} INFO - [2026-04-29T01:07:06.762+0000] {dag.py:3089} INFO - Sync 1 DAGs
[2026-04-29T01:07:06.782+0000] {logging_mixin.py:188} INFO - [2026-04-29T01:07:06.782+0000] {dag.py:3947} INFO - Setting next_dagrun for flights_ops_medallion_pipe to 2026-04-29 01:00:00+00:00, run_after=2026-04-29 01:30:00+00:00
[2026-04-29T01:07:06.800+0000] {processor.py:183} INFO - Processing /opt/airflow/dags/flight-pipeline.py took 0.971 seconds
[2026-04-29T01:07:37.107+0000] {processor.py:161} INFO - Started process (PID=5482) to work on /opt/airflow/dags/flight-pipeline.py
[2026-04-29T01:07:37.108+0000] {processor.py:830} INFO - Processing file /opt/airflow/dags/flight-pipeline.py for tasks to queue
[2026-04-29T01:07:37.109+0000] {logging_mixin.py:188} INFO - [2026-04-29T01:07:37.109+0000] {dagbag.py:545} INFO - Filling up the DagBag from /opt/airflow/dags/flight-pipeline.py
[2026-04-29T01:07:37.960+0000] {processor.py:840} INFO - DAG(s) 'flights_ops_medallion_pipe' retrieved from /opt/airflow/dags/flight-pipeline.py
[2026-04-29T01:07:37.991+0000] {logging_mixin.py:188} INFO - [2026-04-29T01:07:37.991+0000] {dag.py:3089} INFO - Sync 1 DAGs
[2026-04-29T01:07:38.014+0000] {logging_mixin.py:188} INFO - [2026-04-29T01:07:38.014+0000] {dag.py:3947} INFO - Setting next_dagrun for flights_ops_medallion_pipe to 2026-04-29 01:00:00+00:00, run_after=2026-04-29 01:30:00+00:00
[2026-04-29T01:07:38.031+0000] {processor.py:183} INFO - Processing /opt/airflow/dags/flight-pipeline.py took 0.933 seconds
[2026-04-29T01:08:08.357+0000] {processor.py:161} INFO - Started process (PID=5485) to work on /opt/airflow/dags/flight-pipeline.py
[2026-04-29T01:08:08.359+0000] {processor.py:830} INFO - Processing file /opt/airflow/dags/flight-pipeline.py for tasks to queue
[2026-04-29T01:08:08.360+0000] {logging_mixin.py:188} INFO - [2026-04-29T01:08:08.359+0000] {dagbag.py:545} INFO - Filling up the DagBag from /opt/airflow/dags/flight-pipeline.py
[2026-04-29T01:08:09.153+0000] {processor.py:840} INFO - DAG(s) 'flights_ops_medallion_pipe' retrieved from /opt/airflow/dags/flight-pipeline.py
[2026-04-29T01:08:09.183+0000] {logging_mixin.py:188} INFO - [2026-04-29T01:08:09.182+0000] {dag.py:3089} INFO - Sync 1 DAGs
[2026-04-29T01:08:09.203+0000] {logging_mixin.py:188} INFO - [2026-04-29T01:08:09.202+0000] {dag.py:3947} INFO - Setting next_dagrun for flights_ops_medallion_pipe to 2026-04-29 01:00:00+00:00, run_after=2026-04-29 01:30:00+00:00
[2026-04-29T01:08:09.219+0000] {processor.py:183} INFO - Processing /opt/airflow/dags/flight-pipeline.py took 0.871 seconds
[2026-04-29T01:08:39.518+0000] {processor.py:161} INFO - Started process (PID=5488) to work on /opt/airflow/dags/flight-pipeline.py
[2026-04-29T01:08:39.519+0000] {processor.py:830} INFO - Processing file /opt/airflow/dags/flight-pipeline.py for tasks to queue
[2026-04-29T01:08:39.520+0000] {logging_mixin.py:188} INFO - [2026-04-29T01:08:39.520+0000] {dagbag.py:545} INFO - Filling up the DagBag from /opt/airflow/dags/flight-pipeline.py
[2026-04-29T01:08:40.325+0000] {processor.py:840} INFO - DAG(s) 'flights_ops_medallion_pipe' retrieved from /opt/airflow/dags/flight-pipeline.py
[2026-04-29T01:08:40.355+0000] {logging_mixin.py:188} INFO - [2026-04-29T01:08:40.355+0000] {dag.py:3089} INFO - Sync 1 DAGs
[2026-04-29T01:08:40.373+0000] {logging_mixin.py:188} INFO - [2026-04-29T01:08:40.373+0000] {dag.py:3947} INFO - Setting next_dagrun for flights_ops_medallion_pipe to 2026-04-29 01:00:00+00:00, run_after=2026-04-29 01:30:00+00:00
[2026-04-29T01:08:40.392+0000] {processor.py:183} INFO - Processing /opt/airflow/dags/flight-pipeline.py took 0.883 seconds
[2026-04-29T01:09:10.655+0000] {processor.py:161} INFO - Started process (PID=5491) to work on /opt/airflow/dags/flight-pipeline.py
[2026-04-29T01:09:10.656+0000] {processor.py:830} INFO - Processing file /opt/airflow/dags/flight-pipeline.py for tasks to queue
[2026-04-29T01:09:10.658+0000] {logging_mixin.py:188} INFO - [2026-04-29T01:09:10.657+0000] {dagbag.py:545} INFO - Filling up the DagBag from /opt/airflow/dags/flight-pipeline.py
[2026-04-29T01:09:11.437+0000] {processor.py:840} INFO - DAG(s) 'flights_ops_medallion_pipe' retrieved from /opt/airflow/dags/flight-pipeline.py
[2026-04-29T01:09:11.467+0000] {logging_mixin.py:188} INFO - [2026-04-29T01:09:11.467+0000] {dag.py:3089} INFO - Sync 1 DAGs
[2026-04-29T01:09:11.486+0000] {logging_mixin.py:188} INFO - [2026-04-29T01:09:11.486+0000] {dag.py:3947} INFO - Setting next_dagrun for flights_ops_medallion_pipe to 2026-04-29 01:00:00+00:00, run_after=2026-04-29 01:30:00+00:00
[2026-04-29T01:09:11.503+0000] {processor.py:183} INFO - Processing /opt/airflow/dags/flight-pipeline.py took 0.857 seconds
[2026-04-29T01:09:41.800+0000] {processor.py:161} INFO - Started process (PID=5494) to work on /opt/airflow/dags/flight-pipeline.py
[2026-04-29T01:09:41.802+0000] {processor.py:830} INFO - Processing file /opt/airflow/dags/flight-pipeline.py for tasks to queue
[2026-04-29T01:09:41.803+0000] {logging_mixin.py:188} INFO - [2026-04-29T01:09:41.803+0000] {dagbag.py:545} INFO - Filling up the DagBag from /opt/airflow/dags/flight-pipeline.py
[2026-04-29T01:09:42.560+0000] {processor.py:840} INFO - DAG(s) 'flights_ops_medallion_pipe' retrieved from /opt/airflow/dags/flight-pipeline.py
[2026-04-29T01:09:42.590+0000] {logging_mixin.py:188} INFO - [2026-04-29T01:09:42.590+0000] {dag.py:3089} INFO - Sync 1 DAGs
[2026-04-29T01:09:42.609+0000] {logging_mixin.py:188} INFO - [2026-04-29T01:09:42.609+0000] {dag.py:3947} INFO - Setting next_dagrun for flights_ops_medallion_pipe to 2026-04-29 01:00:00+00:00, run_after=2026-04-29 01:30:00+00:00
[2026-04-29T01:09:42.628+0000] {processor.py:183} INFO - Processing /opt/airflow/dags/flight-pipeline.py took 0.836 seconds
[2026-04-29T01:10:12.914+0000] {processor.py:161} INFO - Started process (PID=5497) to work on /opt/airflow/dags/flight-pipeline.py
[2026-04-29T01:10:12.916+0000] {processor.py:830} INFO - Processing file /opt/airflow/dags/flight-pipeline.py for tasks to queue
[2026-04-29T01:10:12.917+0000] {logging_mixin.py:188} INFO - [2026-04-29T01:10:12.917+0000] {dagbag.py:545} INFO - Filling up the DagBag from /opt/airflow/dags/flight-pipeline.py
[2026-04-29T01:10:13.770+0000] {processor.py:840} INFO - DAG(s) 'flights_ops_medallion_pipe' retrieved from /opt/airflow/dags/flight-pipeline.py
[2026-04-29T01:10:13.800+0000] {logging_mixin.py:188} INFO - [2026-04-29T01:10:13.800+0000] {dag.py:3089} INFO - Sync 1 DAGs
[2026-04-29T01:10:13.820+0000] {logging_mixin.py:188} INFO - [2026-04-29T01:10:13.819+0000] {dag.py:3947} INFO - Setting next_dagrun for flights_ops_medallion_pipe to 2026-04-29 01:00:00+00:00, run_after=2026-04-29 01:30:00+00:00
[2026-04-29T01:10:13.836+0000] {processor.py:183} INFO - Processing /opt/airflow/dags/flight-pipeline.py took 0.931 seconds
[2026-04-29T01:10:44.109+0000] {processor.py:161} INFO - Started process (PID=5500) to work on /opt/airflow/dags/flight-pipeline.py
[2026-04-29T01:10:44.111+0000] {processor.py:830} INFO - Processing file /opt/airflow/dags/flight-pipeline.py for tasks to queue
[2026-04-29T01:10:44.112+0000] {logging_mixin.py:188} INFO - [2026-04-29T01:10:44.112+0000] {dagbag.py:545} INFO - Filling up the DagBag from /opt/airflow/dags/flight-pipeline.py
[2026-04-29T01:10:44.903+0000] {processor.py:840} INFO - DAG(s) 'flights_ops_medallion_pipe' retrieved from /opt/airflow/dags/flight-pipeline.py
[2026-04-29T01:10:44.931+0000] {logging_mixin.py:188} INFO - [2026-04-29T01:10:44.931+0000] {dag.py:3089} INFO - Sync 1 DAGs
[2026-04-29T01:10:44.951+0000] {logging_mixin.py:188} INFO - [2026-04-29T01:10:44.951+0000] {dag.py:3947} INFO - Setting next_dagrun for flights_ops_medallion_pipe to 2026-04-29 01:00:00+00:00, run_after=2026-04-29 01:30:00+00:00
[2026-04-29T01:10:44.969+0000] {processor.py:183} INFO - Processing /opt/airflow/dags/flight-pipeline.py took 0.869 seconds
[2026-04-29T01:11:15.220+0000] {processor.py:161} INFO - Started process (PID=5503) to work on /opt/airflow/dags/flight-pipeline.py
[2026-04-29T01:11:15.222+0000] {processor.py:830} INFO - Processing file /opt/airflow/dags/flight-pipeline.py for tasks to queue
[2026-04-29T01:11:15.223+0000] {logging_mixin.py:188} INFO - [2026-04-29T01:11:15.223+0000] {dagbag.py:545} INFO - Filling up the DagBag from /opt/airflow/dags/flight-pipeline.py
[2026-04-29T01:11:16.000+0000] {processor.py:840} INFO - DAG(s) 'flights_ops_medallion_pipe' retrieved from /opt/airflow/dags/flight-pipeline.py
[2026-04-29T01:11:16.032+0000] {logging_mixin.py:188} INFO - [2026-04-29T01:11:16.031+0000] {dag.py:3089} INFO - Sync 1 DAGs
[2026-04-29T01:11:16.053+0000] {logging_mixin.py:188} INFO - [2026-04-29T01:11:16.052+0000] {dag.py:3947} INFO - Setting next_dagrun for flights_ops_medallion_pipe to 2026-04-29 01:00:00+00:00, run_after=2026-04-29 01:30:00+00:00
[2026-04-29T01:11:16.071+0000] {processor.py:183} INFO - Processing /opt/airflow/dags/flight-pipeline.py took 0.860 seconds
[2026-04-29T01:11:46.340+0000] {processor.py:161} INFO - Started process (PID=5506) to work on /opt/airflow/dags/flight-pipeline.py
[2026-04-29T01:11:46.342+0000] {processor.py:830} INFO - Processing file /opt/airflow/dags/flight-pipeline.py for tasks to queue
[2026-04-29T01:11:46.343+0000] {logging_mixin.py:188} INFO - [2026-04-29T01:11:46.343+0000] {dagbag.py:545} INFO - Filling up the DagBag from /opt/airflow/dags/flight-pipeline.py
[2026-04-29T01:11:47.156+0000] {processor.py:840} INFO - DAG(s) 'flights_ops_medallion_pipe' retrieved from /opt/airflow/dags/flight-pipeline.py
[2026-04-29T01:11:47.185+0000] {logging_mixin.py:188} INFO - [2026-04-29T01:11:47.184+0000] {dag.py:3089} INFO - Sync 1 DAGs
[2026-04-29T01:11:47.203+0000] {logging_mixin.py:188} INFO - [2026-04-29T01:11:47.203+0000] {dag.py:3947} INFO - Setting next_dagrun for flights_ops_medallion_pipe to 2026-04-29 01:00:00+00:00, run_after=2026-04-29 01:30:00+00:00
[2026-04-29T01:11:47.221+0000] {processor.py:183} INFO - Processing /opt/airflow/dags/flight-pipeline.py took 0.889 seconds
[2026-04-29T01:12:17.314+0000] {processor.py:161} INFO - Started process (PID=5509) to work on /opt/airflow/dags/flight-pipeline.py
[2026-04-29T01:12:17.315+0000] {processor.py:830} INFO - Processing file /opt/airflow/dags/flight-pipeline.py for tasks to queue
[2026-04-29T01:12:17.317+0000] {logging_mixin.py:188} INFO - [2026-04-29T01:12:17.316+0000] {dagbag.py:545} INFO - Filling up the DagBag from /opt/airflow/dags/flight-pipeline.py
[2026-04-29T01:12:18.160+0000] {processor.py:840} INFO - DAG(s) 'flights_ops_medallion_pipe' retrieved from /opt/airflow/dags/flight-pipeline.py
[2026-04-29T01:12:18.187+0000] {logging_mixin.py:188} INFO - [2026-04-29T01:12:18.187+0000] {dag.py:3089} INFO - Sync 1 DAGs
[2026-04-29T01:12:18.206+0000] {logging_mixin.py:188} INFO - [2026-04-29T01:12:18.206+0000] {dag.py:3947} INFO - Setting next_dagrun for flights_ops_medallion_pipe to 2026-04-29 01:00:00+00:00, run_after=2026-04-29 01:30:00+00:00
[2026-04-29T01:12:18.223+0000] {processor.py:183} INFO - Processing /opt/airflow/dags/flight-pipeline.py took 0.918 seconds
[2026-04-29T01:12:48.524+0000] {processor.py:161} INFO - Started process (PID=5512) to work on /opt/airflow/dags/flight-pipeline.py
[2026-04-29T01:12:48.525+0000] {processor.py:830} INFO - Processing file /opt/airflow/dags/flight-pipeline.py for tasks to queue
[2026-04-29T01:12:48.526+0000] {logging_mixin.py:188} INFO - [2026-04-29T01:12:48.526+0000] {dagbag.py:545} INFO - Filling up the DagBag from /opt/airflow/dags/flight-pipeline.py
[2026-04-29T01:12:49.290+0000] {processor.py:840} INFO - DAG(s) 'flights_ops_medallion_pipe' retrieved from /opt/airflow/dags/flight-pipeline.py
[2026-04-29T01:12:49.319+0000] {logging_mixin.py:188} INFO - [2026-04-29T01:12:49.319+0000] {dag.py:3089} INFO - Sync 1 DAGs
[2026-04-29T01:12:49.338+0000] {logging_mixin.py:188} INFO - [2026-04-29T01:12:49.338+0000] {dag.py:3947} INFO - Setting next_dagrun for flights_ops_medallion_pipe to 2026-04-29 01:00:00+00:00, run_after=2026-04-29 01:30:00+00:00
[2026-04-29T01:12:49.357+0000] {processor.py:183} INFO - Processing /opt/airflow/dags/flight-pipeline.py took 0.840 seconds
[2026-04-29T01:13:19.609+0000] {processor.py:161} INFO - Started process (PID=5515) to work on /opt/airflow/dags/flight-pipeline.py
[2026-04-29T01:13:19.610+0000] {processor.py:830} INFO - Processing file /opt/airflow/dags/flight-pipeline.py for tasks to queue
[2026-04-29T01:13:19.612+0000] {logging_mixin.py:188} INFO - [2026-04-29T01:13:19.612+0000] {dagbag.py:545} INFO - Filling up the DagBag from /opt/airflow/dags/flight-pipeline.py
[2026-04-29T01:13:20.433+0000] {processor.py:840} INFO - DAG(s) 'flights_ops_medallion_pipe' retrieved from /opt/airflow/dags/flight-pipeline.py
[2026-04-29T01:13:20.462+0000] {logging_mixin.py:188} INFO - [2026-04-29T01:13:20.462+0000] {dag.py:3089} INFO - Sync 1 DAGs
[2026-04-29T01:13:20.484+0000] {logging_mixin.py:188} INFO - [2026-04-29T01:13:20.483+0000] {dag.py:3947} INFO - Setting next_dagrun for flights_ops_medallion_pipe to 2026-04-29 01:00:00+00:00, run_after=2026-04-29 01:30:00+00:00
[2026-04-29T01:13:20.501+0000] {processor.py:183} INFO - Processing /opt/airflow/dags/flight-pipeline.py took 0.901 seconds
[2026-04-29T01:13:50.782+0000] {processor.py:161} INFO - Started process (PID=5518) to work on /opt/airflow/dags/flight-pipeline.py
[2026-04-29T01:13:50.783+0000] {processor.py:830} INFO - Processing file /opt/airflow/dags/flight-pipeline.py for tasks to queue
[2026-04-29T01:13:50.785+0000] {logging_mixin.py:188} INFO - [2026-04-29T01:13:50.784+0000] {dagbag.py:545} INFO - Filling up the DagBag from /opt/airflow/dags/flight-pipeline.py
[2026-04-29T01:13:51.547+0000] {processor.py:840} INFO - DAG(s) 'flights_ops_medallion_pipe' retrieved from /opt/airflow/dags/flight-pipeline.py
[2026-04-29T01:13:51.575+0000] {logging_mixin.py:188} INFO - [2026-04-29T01:13:51.574+0000] {dag.py:3089} INFO - Sync 1 DAGs
[2026-04-29T01:13:51.595+0000] {logging_mixin.py:188} INFO - [2026-04-29T01:13:51.595+0000] {dag.py:3947} INFO - Setting next_dagrun for flights_ops_medallion_pipe to 2026-04-29 01:00:00+00:00, run_after=2026-04-29 01:30:00+00:00
[2026-04-29T01:13:51.612+0000] {processor.py:183} INFO - Processing /opt/airflow/dags/flight-pipeline.py took 0.838 seconds
[2026-04-29T01:14:21.895+0000] {processor.py:161} INFO - Started process (PID=5521) to work on /opt/airflow/dags/flight-pipeline.py
[2026-04-29T01:14:21.897+0000] {processor.py:830} INFO - Processing file /opt/airflow/dags/flight-pipeline.py for tasks to queue
[2026-04-29T01:14:21.898+0000] {logging_mixin.py:188} INFO - [2026-04-29T01:14:21.898+0000] {dagbag.py:545} INFO - Filling up the DagBag from /opt/airflow/dags/flight-pipeline.py
[2026-04-29T01:14:22.704+0000] {processor.py:840} INFO - DAG(s) 'flights_ops_medallion_pipe' retrieved from /opt/airflow/dags/flight-pipeline.py
[2026-04-29T01:14:22.734+0000] {logging_mixin.py:188} INFO - [2026-04-29T01:14:22.734+0000] {dag.py:3089} INFO - Sync 1 DAGs
[2026-04-29T01:14:22.754+0000] {logging_mixin.py:188} INFO - [2026-04-29T01:14:22.754+0000] {dag.py:3947} INFO - Setting next_dagrun for flights_ops_medallion_pipe to 2026-04-29 01:00:00+00:00, run_after=2026-04-29 01:30:00+00:00
[2026-04-29T01:14:22.773+0000] {processor.py:183} INFO - Processing /opt/airflow/dags/flight-pipeline.py took 0.886 seconds
[2026-04-29T01:14:53.053+0000] {processor.py:161} INFO - Started process (PID=5524) to work on /opt/airflow/dags/flight-pipeline.py
[2026-04-29T01:14:53.054+0000] {processor.py:830} INFO - Processing file /opt/airflow/dags/flight-pipeline.py for tasks to queue
[2026-04-29T01:14:53.056+0000] {logging_mixin.py:188} INFO - [2026-04-29T01:14:53.055+0000] {dagbag.py:545} INFO - Filling up the DagBag from /opt/airflow/dags/flight-pipeline.py
[2026-04-29T01:14:53.818+0000] {processor.py:840} INFO - DAG(s) 'flights_ops_medallion_pipe' retrieved from /opt/airflow/dags/flight-pipeline.py
[2026-04-29T01:14:53.848+0000] {logging_mixin.py:188} INFO - [2026-04-29T01:14:53.847+0000] {dag.py:3089} INFO - Sync 1 DAGs
[2026-04-29T01:14:53.866+0000] {logging_mixin.py:188} INFO - [2026-04-29T01:14:53.866+0000] {dag.py:3947} INFO - Setting next_dagrun for flights_ops_medallion_pipe to 2026-04-29 01:00:00+00:00, run_after=2026-04-29 01:30:00+00:00
[2026-04-29T01:14:53.884+0000] {processor.py:183} INFO - Processing /opt/airflow/dags/flight-pipeline.py took 0.840 seconds
[2026-04-29T01:15:24.154+0000] {processor.py:161} INFO - Started process (PID=5527) to work on /opt/airflow/dags/flight-pipeline.py
[2026-04-29T01:15:24.156+0000] {processor.py:830} INFO - Processing file /opt/airflow/dags/flight-pipeline.py for tasks to queue
[2026-04-29T01:15:24.157+0000] {logging_mixin.py:188} INFO - [2026-04-29T01:15:24.157+0000] {dagbag.py:545} INFO - Filling up the DagBag from /opt/airflow/dags/flight-pipeline.py
[2026-04-29T01:15:24.927+0000] {processor.py:840} INFO - DAG(s) 'flights_ops_medallion_pipe' retrieved from /opt/airflow/dags/flight-pipeline.py
[2026-04-29T01:15:24.956+0000] {logging_mixin.py:188} INFO - [2026-04-29T01:15:24.956+0000] {dag.py:3089} INFO - Sync 1 DAGs
[2026-04-29T01:15:24.975+0000] {logging_mixin.py:188} INFO - [2026-04-29T01:15:24.974+0000] {dag.py:3947} INFO - Setting next_dagrun for flights_ops_medallion_pipe to 2026-04-29 01:00:00+00:00, run_after=2026-04-29 01:30:00+00:00
[2026-04-29T01:15:24.993+0000] {processor.py:183} INFO - Processing /opt/airflow/dags/flight-pipeline.py took 0.847 seconds
[2026-04-29T01:15:55.137+0000] {processor.py:161} INFO - Started process (PID=5530) to work on /opt/airflow/dags/flight-pipeline.py
[2026-04-29T01:15:55.139+0000] {processor.py:830} INFO - Processing file /opt/airflow/dags/flight-pipeline.py for tasks to queue
[2026-04-29T01:15:55.140+0000] {logging_mixin.py:188} INFO - [2026-04-29T01:15:55.140+0000] {dagbag.py:545} INFO - Filling up the DagBag from /opt/airflow/dags/flight-pipeline.py
[2026-04-29T01:15:55.918+0000] {processor.py:840} INFO - DAG(s) 'flights_ops_medallion_pipe' retrieved from /opt/airflow/dags/flight-pipeline.py
[2026-04-29T01:15:55.951+0000] {logging_mixin.py:188} INFO - [2026-04-29T01:15:55.950+0000] {dag.py:3089} INFO - Sync 1 DAGs
[2026-04-29T01:15:55.975+0000] {logging_mixin.py:188} INFO - [2026-04-29T01:15:55.974+0000] {dag.py:3947} INFO - Setting next_dagrun for flights_ops_medallion_pipe to 2026-04-29 01:00:00+00:00, run_after=2026-04-29 01:30:00+00:00
[2026-04-29T01:15:55.990+0000] {processor.py:183} INFO - Processing /opt/airflow/dags/flight-pipeline.py took 0.862 seconds
[2026-04-29T01:16:26.269+0000] {processor.py:161} INFO - Started process (PID=5533) to work on /opt/airflow/dags/flight-pipeline.py
[2026-04-29T01:16:26.270+0000] {processor.py:830} INFO - Processing file /opt/airflow/dags/flight-pipeline.py for tasks to queue
[2026-04-29T01:16:26.271+0000] {logging_mixin.py:188} INFO - [2026-04-29T01:16:26.271+0000] {dagbag.py:545} INFO - Filling up the DagBag from /opt/airflow/dags/flight-pipeline.py
[2026-04-29T01:16:27.175+0000] {processor.py:840} INFO - DAG(s) 'flights_ops_medallion_pipe' retrieved from /opt/airflow/dags/flight-pipeline.py
[2026-04-29T01:16:27.208+0000] {logging_mixin.py:188} INFO - [2026-04-29T01:16:27.208+0000] {dag.py:3089} INFO - Sync 1 DAGs
[2026-04-29T01:16:27.229+0000] {logging_mixin.py:188} INFO - [2026-04-29T01:16:27.229+0000] {dag.py:3947} INFO - Setting next_dagrun for flights_ops_medallion_pipe to 2026-04-29 01:00:00+00:00, run_after=2026-04-29 01:30:00+00:00
[2026-04-29T01:16:27.248+0000] {processor.py:183} INFO - Processing /opt/airflow/dags/flight-pipeline.py took 0.988 seconds
[2026-04-29T01:16:57.507+0000] {processor.py:161} INFO - Started process (PID=5536) to work on /opt/airflow/dags/flight-pipeline.py
[2026-04-29T01:16:57.508+0000] {processor.py:830} INFO - Processing file /opt/airflow/dags/flight-pipeline.py for tasks to queue
[2026-04-29T01:16:57.509+0000] {logging_mixin.py:188} INFO - [2026-04-29T01:16:57.509+0000] {dagbag.py:545} INFO - Filling up the DagBag from /opt/airflow/dags/flight-pipeline.py
[2026-04-29T01:16:58.356+0000] {processor.py:840} INFO - DAG(s) 'flights_ops_medallion_pipe' retrieved from /opt/airflow/dags/flight-pipeline.py
[2026-04-29T01:16:58.387+0000] {logging_mixin.py:188} INFO - [2026-04-29T01:16:58.386+0000] {dag.py:3089} INFO - Sync 1 DAGs
[2026-04-29T01:16:58.405+0000] {logging_mixin.py:188} INFO - [2026-04-29T01:16:58.405+0000] {dag.py:3947} INFO - Setting next_dagrun for flights_ops_medallion_pipe to 2026-04-29 01:00:00+00:00, run_after=2026-04-29 01:30:00+00:00
[2026-04-29T01:16:58.422+0000] {processor.py:183} INFO - Processing /opt/airflow/dags/flight-pipeline.py took 0.923 seconds
[2026-04-29T01:17:28.723+0000] {processor.py:161} INFO - Started process (PID=5539) to work on /opt/airflow/dags/flight-pipeline.py
[2026-04-29T01:17:28.725+0000] {processor.py:830} INFO - Processing file /opt/airflow/dags/flight-pipeline.py for tasks to queue
[2026-04-29T01:17:28.727+0000] {logging_mixin.py:188} INFO - [2026-04-29T01:17:28.726+0000] {dagbag.py:545} INFO - Filling up the DagBag from /opt/airflow/dags/flight-pipeline.py
[2026-04-29T01:17:29.598+0000] {processor.py:840} INFO - DAG(s) 'flights_ops_medallion_pipe' retrieved from /opt/airflow/dags/flight-pipeline.py
[2026-04-29T01:17:29.629+0000] {logging_mixin.py:188} INFO - [2026-04-29T01:17:29.628+0000] {dag.py:3089} INFO - Sync 1 DAGs
[2026-04-29T01:17:29.649+0000] {logging_mixin.py:188} INFO - [2026-04-29T01:17:29.649+0000] {dag.py:3947} INFO - Setting next_dagrun for flights_ops_medallion_pipe to 2026-04-29 01:00:00+00:00, run_after=2026-04-29 01:30:00+00:00
[2026-04-29T01:17:29.667+0000] {processor.py:183} INFO - Processing /opt/airflow/dags/flight-pipeline.py took 0.952 seconds
[2026-04-29T01:18:00.007+0000] {processor.py:161} INFO - Started process (PID=5542) to work on /opt/airflow/dags/flight-pipeline.py
[2026-04-29T01:18:00.008+0000] {processor.py:830} INFO - Processing file /opt/airflow/dags/flight-pipeline.py for tasks to queue
[2026-04-29T01:18:00.009+0000] {logging_mixin.py:188} INFO - [2026-04-29T01:18:00.009+0000] {dagbag.py:545} INFO - Filling up the DagBag from /opt/airflow/dags/flight-pipeline.py
[2026-04-29T01:18:00.782+0000] {processor.py:840} INFO - DAG(s) 'flights_ops_medallion_pipe' retrieved from /opt/airflow/dags/flight-pipeline.py
[2026-04-29T01:18:00.810+0000] {logging_mixin.py:188} INFO - [2026-04-29T01:18:00.810+0000] {dag.py:3089} INFO - Sync 1 DAGs
[2026-04-29T01:18:00.828+0000] {logging_mixin.py:188} INFO - [2026-04-29T01:18:00.828+0000] {dag.py:3947} INFO - Setting next_dagrun for flights_ops_medallion_pipe to 2026-04-29 01:00:00+00:00, run_after=2026-04-29 01:30:00+00:00
[2026-04-29T01:18:00.845+0000] {processor.py:183} INFO - Processing /opt/airflow/dags/flight-pipeline.py took 0.848 seconds
[2026-04-29T01:18:31.108+0000] {processor.py:161} INFO - Started process (PID=5545) to work on /opt/airflow/dags/flight-pipeline.py
[2026-04-29T01:18:31.110+0000] {processor.py:830} INFO - Processing file /opt/airflow/dags/flight-pipeline.py for tasks to queue
[2026-04-29T01:18:31.111+0000] {logging_mixin.py:188} INFO - [2026-04-29T01:18:31.111+0000] {dagbag.py:545} INFO - Filling up the DagBag from /opt/airflow/dags/flight-pipeline.py
[2026-04-29T01:18:31.970+0000] {processor.py:840} INFO - DAG(s) 'flights_ops_medallion_pipe' retrieved from /opt/airflow/dags/flight-pipeline.py
[2026-04-29T01:18:32.002+0000] {logging_mixin.py:188} INFO - [2026-04-29T01:18:32.002+0000] {dag.py:3089} INFO - Sync 1 DAGs
[2026-04-29T01:18:32.025+0000] {logging_mixin.py:188} INFO - [2026-04-29T01:18:32.025+0000] {dag.py:3947} INFO - Setting next_dagrun for flights_ops_medallion_pipe to 2026-04-29 01:00:00+00:00, run_after=2026-04-29 01:30:00+00:00
[2026-04-29T01:18:32.049+0000] {processor.py:183} INFO - Processing /opt/airflow/dags/flight-pipeline.py took 0.949 seconds
[2026-04-29T01:19:02.295+0000] {processor.py:161} INFO - Started process (PID=5548) to work on /opt/airflow/dags/flight-pipeline.py
[2026-04-29T01:19:02.298+0000] {processor.py:830} INFO - Processing file /opt/airflow/dags/flight-pipeline.py for tasks to queue
[2026-04-29T01:19:02.299+0000] {logging_mixin.py:188} INFO - [2026-04-29T01:19:02.299+0000] {dagbag.py:545} INFO - Filling up the DagBag from /opt/airflow/dags/flight-pipeline.py
[2026-04-29T01:19:03.097+0000] {processor.py:840} INFO - DAG(s) 'flights_ops_medallion_pipe' retrieved from /opt/airflow/dags/flight-pipeline.py
[2026-04-29T01:19:03.127+0000] {logging_mixin.py:188} INFO - [2026-04-29T01:19:03.126+0000] {dag.py:3089} INFO - Sync 1 DAGs
[2026-04-29T01:19:03.147+0000] {logging_mixin.py:188} INFO - [2026-04-29T01:19:03.147+0000] {dag.py:3947} INFO - Setting next_dagrun for flights_ops_medallion_pipe to 2026-04-29 01:00:00+00:00, run_after=2026-04-29 01:30:00+00:00
[2026-04-29T01:19:03.167+0000] {processor.py:183} INFO - Processing /opt/airflow/dags/flight-pipeline.py took 0.880 seconds
[2026-04-29T01:19:33.344+0000] {processor.py:161} INFO - Started process (PID=5551) to work on /opt/airflow/dags/flight-pipeline.py
[2026-04-29T01:19:33.347+0000] {processor.py:830} INFO - Processing file /opt/airflow/dags/flight-pipeline.py for tasks to queue
[2026-04-29T01:19:33.348+0000] {logging_mixin.py:188} INFO - [2026-04-29T01:19:33.348+0000] {dagbag.py:545} INFO - Filling up the DagBag from /opt/airflow/dags/flight-pipeline.py
[2026-04-29T01:19:34.140+0000] {processor.py:840} INFO - DAG(s) 'flights_ops_medallion_pipe' retrieved from /opt/airflow/dags/flight-pipeline.py
[2026-04-29T01:19:34.169+0000] {logging_mixin.py:188} INFO - [2026-04-29T01:19:34.169+0000] {dag.py:3089} INFO - Sync 1 DAGs
[2026-04-29T01:19:34.191+0000] {logging_mixin.py:188} INFO - [2026-04-29T01:19:34.191+0000] {dag.py:3947} INFO - Setting next_dagrun for flights_ops_medallion_pipe to 2026-04-29 01:00:00+00:00, run_after=2026-04-29 01:30:00+00:00
[2026-04-29T01:19:34.207+0000] {processor.py:183} INFO - Processing /opt/airflow/dags/flight-pipeline.py took 0.871 seconds
[2026-04-29T01:20:04.399+0000] {processor.py:161} INFO - Started process (PID=5554) to work on /opt/airflow/dags/flight-pipeline.py
[2026-04-29T01:20:04.402+0000] {processor.py:830} INFO - Processing file /opt/airflow/dags/flight-pipeline.py for tasks to queue
[2026-04-29T01:20:04.404+0000] {logging_mixin.py:188} INFO - [2026-04-29T01:20:04.404+0000] {dagbag.py:545} INFO - Filling up the DagBag from /opt/airflow/dags/flight-pipeline.py
[2026-04-29T01:20:05.416+0000] {processor.py:840} INFO - DAG(s) 'flights_ops_medallion_pipe' retrieved from /opt/airflow/dags/flight-pipeline.py
[2026-04-29T01:20:05.449+0000] {logging_mixin.py:188} INFO - [2026-04-29T01:20:05.448+0000] {dag.py:3089} INFO - Sync 1 DAGs
[2026-04-29T01:20:05.471+0000] {logging_mixin.py:188} INFO - [2026-04-29T01:20:05.471+0000] {dag.py:3947} INFO - Setting next_dagrun for flights_ops_medallion_pipe to 2026-04-29 01:00:00+00:00, run_after=2026-04-29 01:30:00+00:00
[2026-04-29T01:20:05.488+0000] {processor.py:183} INFO - Processing /opt/airflow/dags/flight-pipeline.py took 1.099 seconds
[2026-04-29T01:20:35.565+0000] {processor.py:161} INFO - Started process (PID=5557) to work on /opt/airflow/dags/flight-pipeline.py
[2026-04-29T01:20:35.569+0000] {processor.py:830} INFO - Processing file /opt/airflow/dags/flight-pipeline.py for tasks to queue
[2026-04-29T01:20:35.570+0000] {logging_mixin.py:188} INFO - [2026-04-29T01:20:35.569+0000] {dagbag.py:545} INFO - Filling up the DagBag from /opt/airflow/dags/flight-pipeline.py
[2026-04-29T01:20:36.389+0000] {processor.py:840} INFO - DAG(s) 'flights_ops_medallion_pipe' retrieved from /opt/airflow/dags/flight-pipeline.py
[2026-04-29T01:20:36.418+0000] {logging_mixin.py:188} INFO - [2026-04-29T01:20:36.417+0000] {dag.py:3089} INFO - Sync 1 DAGs
[2026-04-29T01:20:36.437+0000] {logging_mixin.py:188} INFO - [2026-04-29T01:20:36.437+0000] {dag.py:3947} INFO - Setting next_dagrun for flights_ops_medallion_pipe to 2026-04-29 01:00:00+00:00, run_after=2026-04-29 01:30:00+00:00
[2026-04-29T01:20:36.454+0000] {processor.py:183} INFO - Processing /opt/airflow/dags/flight-pipeline.py took 0.897 seconds
[2026-04-29T01:21:06.668+0000] {processor.py:161} INFO - Started process (PID=5560) to work on /opt/airflow/dags/flight-pipeline.py
[2026-04-29T01:21:06.671+0000] {processor.py:830} INFO - Processing file /opt/airflow/dags/flight-pipeline.py for tasks to queue
[2026-04-29T01:21:06.672+0000] {logging_mixin.py:188} INFO - [2026-04-29T01:21:06.672+0000] {dagbag.py:545} INFO - Filling up the DagBag from /opt/airflow/dags/flight-pipeline.py
[2026-04-29T01:21:07.527+0000] {processor.py:840} INFO - DAG(s) 'flights_ops_medallion_pipe' retrieved from /opt/airflow/dags/flight-pipeline.py
[2026-04-29T01:21:07.560+0000] {logging_mixin.py:188} INFO - [2026-04-29T01:21:07.559+0000] {dag.py:3089} INFO - Sync 1 DAGs
[2026-04-29T01:21:07.582+0000] {logging_mixin.py:188} INFO - [2026-04-29T01:21:07.582+0000] {dag.py:3947} INFO - Setting next_dagrun for flights_ops_medallion_pipe to 2026-04-29 01:00:00+00:00, run_after=2026-04-29 01:30:00+00:00
[2026-04-29T01:21:07.612+0000] {processor.py:183} INFO - Processing /opt/airflow/dags/flight-pipeline.py took 0.953 seconds
[2026-04-29T01:21:37.801+0000] {processor.py:161} INFO - Started process (PID=5563) to work on /opt/airflow/dags/flight-pipeline.py
[2026-04-29T01:21:37.805+0000] {processor.py:830} INFO - Processing file /opt/airflow/dags/flight-pipeline.py for tasks to queue
[2026-04-29T01:21:37.806+0000] {logging_mixin.py:188} INFO - [2026-04-29T01:21:37.806+0000] {dagbag.py:545} INFO - Filling up the DagBag from /opt/airflow/dags/flight-pipeline.py
[2026-04-29T01:21:38.741+0000] {processor.py:840} INFO - DAG(s) 'flights_ops_medallion_pipe' retrieved from /opt/airflow/dags/flight-pipeline.py
[2026-04-29T01:21:38.773+0000] {logging_mixin.py:188} INFO - [2026-04-29T01:21:38.773+0000] {dag.py:3089} INFO - Sync 1 DAGs
[2026-04-29T01:21:38.797+0000] {logging_mixin.py:188} INFO - [2026-04-29T01:21:38.797+0000] {dag.py:3947} INFO - Setting next_dagrun for flights_ops_medallion_pipe to 2026-04-29 01:00:00+00:00, run_after=2026-04-29 01:30:00+00:00
[2026-04-29T01:21:38.815+0000] {processor.py:183} INFO - Processing /opt/airflow/dags/flight-pipeline.py took 1.022 seconds
[2026-04-29T01:22:08.992+0000] {processor.py:161} INFO - Started process (PID=5566) to work on /opt/airflow/dags/flight-pipeline.py
[2026-04-29T01:22:08.995+0000] {processor.py:830} INFO - Processing file /opt/airflow/dags/flight-pipeline.py for tasks to queue
[2026-04-29T01:22:08.996+0000] {logging_mixin.py:188} INFO - [2026-04-29T01:22:08.996+0000] {dagbag.py:545} INFO - Filling up the DagBag from /opt/airflow/dags/flight-pipeline.py
[2026-04-29T01:22:09.775+0000] {processor.py:840} INFO - DAG(s) 'flights_ops_medallion_pipe' retrieved from /opt/airflow/dags/flight-pipeline.py
[2026-04-29T01:22:09.805+0000] {logging_mixin.py:188} INFO - [2026-04-29T01:22:09.804+0000] {dag.py:3089} INFO - Sync 1 DAGs
[2026-04-29T01:22:09.825+0000] {logging_mixin.py:188} INFO - [2026-04-29T01:22:09.825+0000] {dag.py:3947} INFO - Setting next_dagrun for flights_ops_medallion_pipe to 2026-04-29 01:00:00+00:00, run_after=2026-04-29 01:30:00+00:00
[2026-04-29T01:22:09.843+0000] {processor.py:183} INFO - Processing /opt/airflow/dags/flight-pipeline.py took 0.860 seconds
[2026-04-29T01:22:40.053+0000] {processor.py:161} INFO - Started process (PID=5569) to work on /opt/airflow/dags/flight-pipeline.py
[2026-04-29T01:22:40.056+0000] {processor.py:830} INFO - Processing file /opt/airflow/dags/flight-pipeline.py for tasks to queue
[2026-04-29T01:22:40.057+0000] {logging_mixin.py:188} INFO - [2026-04-29T01:22:40.057+0000] {dagbag.py:545} INFO - Filling up the DagBag from /opt/airflow/dags/flight-pipeline.py
[2026-04-29T01:22:40.852+0000] {processor.py:840} INFO - DAG(s) 'flights_ops_medallion_pipe' retrieved from /opt/airflow/dags/flight-pipeline.py
[2026-04-29T01:22:40.880+0000] {logging_mixin.py:188} INFO - [2026-04-29T01:22:40.880+0000] {dag.py:3089} INFO - Sync 1 DAGs
[2026-04-29T01:22:40.902+0000] {logging_mixin.py:188} INFO - [2026-04-29T01:22:40.902+0000] {dag.py:3947} INFO - Setting next_dagrun for flights_ops_medallion_pipe to 2026-04-29 01:00:00+00:00, run_after=2026-04-29 01:30:00+00:00
[2026-04-29T01:22:40.918+0000] {processor.py:183} INFO - Processing /opt/airflow/dags/flight-pipeline.py took 0.874 seconds
[2026-04-29T01:23:11.152+0000] {processor.py:161} INFO - Started process (PID=5572) to work on /opt/airflow/dags/flight-pipeline.py
[2026-04-29T01:23:11.155+0000] {processor.py:830} INFO - Processing file /opt/airflow/dags/flight-pipeline.py for tasks to queue
[2026-04-29T01:23:11.156+0000] {logging_mixin.py:188} INFO - [2026-04-29T01:23:11.156+0000] {dagbag.py:545} INFO - Filling up the DagBag from /opt/airflow/dags/flight-pipeline.py
[2026-04-29T01:23:11.987+0000] {processor.py:840} INFO - DAG(s) 'flights_ops_medallion_pipe' retrieved from /opt/airflow/dags/flight-pipeline.py
[2026-04-29T01:23:12.018+0000] {logging_mixin.py:188} INFO - [2026-04-29T01:23:12.017+0000] {dag.py:3089} INFO - Sync 1 DAGs
[2026-04-29T01:23:12.039+0000] {logging_mixin.py:188} INFO - [2026-04-29T01:23:12.039+0000] {dag.py:3947} INFO - Setting next_dagrun for flights_ops_medallion_pipe to 2026-04-29 01:00:00+00:00, run_after=2026-04-29 01:30:00+00:00
[2026-04-29T01:23:12.058+0000] {processor.py:183} INFO - Processing /opt/airflow/dags/flight-pipeline.py took 0.915 seconds
[2026-04-29T01:23:42.247+0000] {processor.py:161} INFO - Started process (PID=5575) to work on /opt/airflow/dags/flight-pipeline.py
[2026-04-29T01:23:42.250+0000] {processor.py:830} INFO - Processing file /opt/airflow/dags/flight-pipeline.py for tasks to queue
[2026-04-29T01:23:42.252+0000] {logging_mixin.py:188} INFO - [2026-04-29T01:23:42.251+0000] {dagbag.py:545} INFO - Filling up the DagBag from /opt/airflow/dags/flight-pipeline.py
[2026-04-29T01:23:43.020+0000] {processor.py:840} INFO - DAG(s) 'flights_ops_medallion_pipe' retrieved from /opt/airflow/dags/flight-pipeline.py
[2026-04-29T01:23:43.055+0000] {logging_mixin.py:188} INFO - [2026-04-29T01:23:43.055+0000] {dag.py:3089} INFO - Sync 1 DAGs
[2026-04-29T01:23:43.074+0000] {logging_mixin.py:188} INFO - [2026-04-29T01:23:43.074+0000] {dag.py:3947} INFO - Setting next_dagrun for flights_ops_medallion_pipe to 2026-04-29 01:00:00+00:00, run_after=2026-04-29 01:30:00+00:00
[2026-04-29T01:23:43.091+0000] {processor.py:183} INFO - Processing /opt/airflow/dags/flight-pipeline.py took 0.852 seconds
[2026-04-29T01:24:13.349+0000] {processor.py:161} INFO - Started process (PID=5578) to work on /opt/airflow/dags/flight-pipeline.py
[2026-04-29T01:24:13.351+0000] {processor.py:830} INFO - Processing file /opt/airflow/dags/flight-pipeline.py for tasks to queue
[2026-04-29T01:24:13.352+0000] {logging_mixin.py:188} INFO - [2026-04-29T01:24:13.351+0000] {dagbag.py:545} INFO - Filling up the DagBag from /opt/airflow/dags/flight-pipeline.py
[2026-04-29T01:24:14.143+0000] {processor.py:840} INFO - DAG(s) 'flights_ops_medallion_pipe' retrieved from /opt/airflow/dags/flight-pipeline.py
[2026-04-29T01:24:14.172+0000] {logging_mixin.py:188} INFO - [2026-04-29T01:24:14.172+0000] {dag.py:3089} INFO - Sync 1 DAGs
[2026-04-29T01:24:14.197+0000] {logging_mixin.py:188} INFO - [2026-04-29T01:24:14.197+0000] {dag.py:3947} INFO - Setting next_dagrun for flights_ops_medallion_pipe to 2026-04-29 01:00:00+00:00, run_after=2026-04-29 01:30:00+00:00
[2026-04-29T01:24:14.214+0000] {processor.py:183} INFO - Processing /opt/airflow/dags/flight-pipeline.py took 0.873 seconds
[2026-04-29T01:24:44.480+0000] {processor.py:161} INFO - Started process (PID=5581) to work on /opt/airflow/dags/flight-pipeline.py
[2026-04-29T01:24:44.481+0000] {processor.py:830} INFO - Processing file /opt/airflow/dags/flight-pipeline.py for tasks to queue
[2026-04-29T01:24:44.483+0000] {logging_mixin.py:188} INFO - [2026-04-29T01:24:44.482+0000] {dagbag.py:545} INFO - Filling up the DagBag from /opt/airflow/dags/flight-pipeline.py
[2026-04-29T01:24:45.248+0000] {processor.py:840} INFO - DAG(s) 'flights_ops_medallion_pipe' retrieved from /opt/airflow/dags/flight-pipeline.py
[2026-04-29T01:24:45.276+0000] {logging_mixin.py:188} INFO - [2026-04-29T01:24:45.275+0000] {dag.py:3089} INFO - Sync 1 DAGs
[2026-04-29T01:24:45.295+0000] {logging_mixin.py:188} INFO - [2026-04-29T01:24:45.295+0000] {dag.py:3947} INFO - Setting next_dagrun for flights_ops_medallion_pipe to 2026-04-29 01:00:00+00:00, run_after=2026-04-29 01:30:00+00:00
[2026-04-29T01:24:45.314+0000] {processor.py:183} INFO - Processing /opt/airflow/dags/flight-pipeline.py took 0.844 seconds
[2026-04-29T01:25:15.587+0000] {processor.py:161} INFO - Started process (PID=5584) to work on /opt/airflow/dags/flight-pipeline.py
[2026-04-29T01:25:15.589+0000] {processor.py:830} INFO - Processing file /opt/airflow/dags/flight-pipeline.py for tasks to queue
[2026-04-29T01:25:15.590+0000] {logging_mixin.py:188} INFO - [2026-04-29T01:25:15.590+0000] {dagbag.py:545} INFO - Filling up the DagBag from /opt/airflow/dags/flight-pipeline.py
[2026-04-29T01:25:16.345+0000] {processor.py:840} INFO - DAG(s) 'flights_ops_medallion_pipe' retrieved from /opt/airflow/dags/flight-pipeline.py
[2026-04-29T01:25:16.375+0000] {logging_mixin.py:188} INFO - [2026-04-29T01:25:16.374+0000] {dag.py:3089} INFO - Sync 1 DAGs
[2026-04-29T01:25:16.395+0000] {logging_mixin.py:188} INFO - [2026-04-29T01:25:16.394+0000] {dag.py:3947} INFO - Setting next_dagrun for flights_ops_medallion_pipe to 2026-04-29 01:00:00+00:00, run_after=2026-04-29 01:30:00+00:00
[2026-04-29T01:25:16.412+0000] {processor.py:183} INFO - Processing /opt/airflow/dags/flight-pipeline.py took 0.833 seconds
[2026-04-29T01:25:46.662+0000] {processor.py:161} INFO - Started process (PID=5587) to work on /opt/airflow/dags/flight-pipeline.py
[2026-04-29T01:25:46.663+0000] {processor.py:830} INFO - Processing file /opt/airflow/dags/flight-pipeline.py for tasks to queue
[2026-04-29T01:25:46.665+0000] {logging_mixin.py:188} INFO - [2026-04-29T01:25:46.664+0000] {dagbag.py:545} INFO - Filling up the DagBag from /opt/airflow/dags/flight-pipeline.py
[2026-04-29T01:25:47.423+0000] {processor.py:840} INFO - DAG(s) 'flights_ops_medallion_pipe' retrieved from /opt/airflow/dags/flight-pipeline.py
[2026-04-29T01:25:47.453+0000] {logging_mixin.py:188} INFO - [2026-04-29T01:25:47.453+0000] {dag.py:3089} INFO - Sync 1 DAGs
[2026-04-29T01:25:47.473+0000] {logging_mixin.py:188} INFO - [2026-04-29T01:25:47.473+0000] {dag.py:3947} INFO - Setting next_dagrun for flights_ops_medallion_pipe to 2026-04-29 01:00:00+00:00, run_after=2026-04-29 01:30:00+00:00
[2026-04-29T01:25:47.491+0000] {processor.py:183} INFO - Processing /opt/airflow/dags/flight-pipeline.py took 0.837 seconds
[2026-04-29T01:26:17.684+0000] {processor.py:161} INFO - Started process (PID=5590) to work on /opt/airflow/dags/flight-pipeline.py
[2026-04-29T01:26:17.685+0000] {processor.py:830} INFO - Processing file /opt/airflow/dags/flight-pipeline.py for tasks to queue
[2026-04-29T01:26:17.686+0000] {logging_mixin.py:188} INFO - [2026-04-29T01:26:17.686+0000] {dagbag.py:545} INFO - Filling up the DagBag from /opt/airflow/dags/flight-pipeline.py
[2026-04-29T01:26:18.454+0000] {processor.py:840} INFO - DAG(s) 'flights_ops_medallion_pipe' retrieved from /opt/airflow/dags/flight-pipeline.py
[2026-04-29T01:26:18.483+0000] {logging_mixin.py:188} INFO - [2026-04-29T01:26:18.483+0000] {dag.py:3089} INFO - Sync 1 DAGs
[2026-04-29T01:26:18.501+0000] {logging_mixin.py:188} INFO - [2026-04-29T01:26:18.501+0000] {dag.py:3947} INFO - Setting next_dagrun for flights_ops_medallion_pipe to 2026-04-29 01:00:00+00:00, run_after=2026-04-29 01:30:00+00:00
[2026-04-29T01:26:18.520+0000] {processor.py:183} INFO - Processing /opt/airflow/dags/flight-pipeline.py took 0.845 seconds
[2026-04-29T01:26:48.815+0000] {processor.py:161} INFO - Started process (PID=5593) to work on /opt/airflow/dags/flight-pipeline.py
[2026-04-29T01:26:48.816+0000] {processor.py:830} INFO - Processing file /opt/airflow/dags/flight-pipeline.py for tasks to queue
[2026-04-29T01:26:48.818+0000] {logging_mixin.py:188} INFO - [2026-04-29T01:26:48.817+0000] {dagbag.py:545} INFO - Filling up the DagBag from /opt/airflow/dags/flight-pipeline.py
[2026-04-29T01:26:49.596+0000] {processor.py:840} INFO - DAG(s) 'flights_ops_medallion_pipe' retrieved from /opt/airflow/dags/flight-pipeline.py
[2026-04-29T01:26:49.624+0000] {logging_mixin.py:188} INFO - [2026-04-29T01:26:49.624+0000] {dag.py:3089} INFO - Sync 1 DAGs
[2026-04-29T01:26:49.643+0000] {logging_mixin.py:188} INFO - [2026-04-29T01:26:49.642+0000] {dag.py:3947} INFO - Setting next_dagrun for flights_ops_medallion_pipe to 2026-04-29 01:00:00+00:00, run_after=2026-04-29 01:30:00+00:00
[2026-04-29T01:26:49.660+0000] {processor.py:183} INFO - Processing /opt/airflow/dags/flight-pipeline.py took 0.854 seconds
[2026-04-29T01:27:19.962+0000] {processor.py:161} INFO - Started process (PID=5596) to work on /opt/airflow/dags/flight-pipeline.py
[2026-04-29T01:27:19.966+0000] {processor.py:830} INFO - Processing file /opt/airflow/dags/flight-pipeline.py for tasks to queue
[2026-04-29T01:27:19.968+0000] {logging_mixin.py:188} INFO - [2026-04-29T01:27:19.967+0000] {dagbag.py:545} INFO - Filling up the DagBag from /opt/airflow/dags/flight-pipeline.py
[2026-04-29T01:27:20.829+0000] {processor.py:840} INFO - DAG(s) 'flights_ops_medallion_pipe' retrieved from /opt/airflow/dags/flight-pipeline.py
[2026-04-29T01:27:20.856+0000] {logging_mixin.py:188} INFO - [2026-04-29T01:27:20.856+0000] {dag.py:3089} INFO - Sync 1 DAGs
[2026-04-29T01:27:20.875+0000] {logging_mixin.py:188} INFO - [2026-04-29T01:27:20.875+0000] {dag.py:3947} INFO - Setting next_dagrun for flights_ops_medallion_pipe to 2026-04-29 01:00:00+00:00, run_after=2026-04-29 01:30:00+00:00
[2026-04-29T01:27:20.893+0000] {processor.py:183} INFO - Processing /opt/airflow/dags/flight-pipeline.py took 0.942 seconds
[2026-04-29T01:27:51.613+0000] {processor.py:161} INFO - Started process (PID=5599) to work on /opt/airflow/dags/flight-pipeline.py
[2026-04-29T01:27:51.615+0000] {processor.py:830} INFO - Processing file /opt/airflow/dags/flight-pipeline.py for tasks to queue
[2026-04-29T01:27:51.617+0000] {logging_mixin.py:188} INFO - [2026-04-29T01:27:51.616+0000] {dagbag.py:545} INFO - Filling up the DagBag from /opt/airflow/dags/flight-pipeline.py
[2026-04-29T01:27:52.929+0000] {processor.py:840} INFO - DAG(s) 'flights_ops_medallion_pipe' retrieved from /opt/airflow/dags/flight-pipeline.py
[2026-04-29T01:27:52.995+0000] {logging_mixin.py:188} INFO - [2026-04-29T01:27:52.994+0000] {dag.py:3089} INFO - Sync 1 DAGs
[2026-04-29T01:27:53.035+0000] {logging_mixin.py:188} INFO - [2026-04-29T01:27:53.035+0000] {dag.py:3947} INFO - Setting next_dagrun for flights_ops_medallion_pipe to 2026-04-29 01:00:00+00:00, run_after=2026-04-29 01:30:00+00:00
[2026-04-29T01:27:53.062+0000] {processor.py:183} INFO - Processing /opt/airflow/dags/flight-pipeline.py took 1.464 seconds
[2026-04-29T01:40:35.767+0000] {processor.py:161} INFO - Started process (PID=5602) to work on /opt/airflow/dags/flight-pipeline.py
[2026-04-29T01:40:35.784+0000] {processor.py:830} INFO - Processing file /opt/airflow/dags/flight-pipeline.py for tasks to queue
[2026-04-29T01:40:35.795+0000] {logging_mixin.py:188} INFO - [2026-04-29T01:40:35.789+0000] {dagbag.py:545} INFO - Filling up the DagBag from /opt/airflow/dags/flight-pipeline.py
[2026-04-29T01:40:40.869+0000] {processor.py:840} INFO - DAG(s) 'flights_ops_medallion_pipe' retrieved from /opt/airflow/dags/flight-pipeline.py
[2026-04-29T01:40:41.119+0000] {logging_mixin.py:188} INFO - [2026-04-29T01:40:41.117+0000] {dag.py:3089} INFO - Sync 1 DAGs
[2026-04-29T01:40:41.197+0000] {logging_mixin.py:188} INFO - [2026-04-29T01:40:41.197+0000] {dag.py:3947} INFO - Setting next_dagrun for flights_ops_medallion_pipe to 2026-04-29 01:30:00+00:00, run_after=2026-04-29 02:00:00+00:00
[2026-04-29T01:40:41.311+0000] {processor.py:183} INFO - Processing /opt/airflow/dags/flight-pipeline.py took 5.637 seconds
[2026-04-29T01:41:12.881+0000] {processor.py:161} INFO - Started process (PID=5614) to work on /opt/airflow/dags/flight-pipeline.py
[2026-04-29T01:41:12.986+0000] {processor.py:830} INFO - Processing file /opt/airflow/dags/flight-pipeline.py for tasks to queue
[2026-04-29T01:41:13.007+0000] {logging_mixin.py:188} INFO - [2026-04-29T01:41:12.998+0000] {dagbag.py:545} INFO - Filling up the DagBag from /opt/airflow/dags/flight-pipeline.py
[2026-04-29T01:41:18.785+0000] {processor.py:840} INFO - DAG(s) 'flights_ops_medallion_pipe' retrieved from /opt/airflow/dags/flight-pipeline.py
[2026-04-29T01:41:18.874+0000] {logging_mixin.py:188} INFO - [2026-04-29T01:41:18.873+0000] {dag.py:3089} INFO - Sync 1 DAGs
[2026-04-29T01:41:18.930+0000] {logging_mixin.py:188} INFO - [2026-04-29T01:41:18.930+0000] {dag.py:3947} INFO - Setting next_dagrun for flights_ops_medallion_pipe to 2026-04-29 01:30:00+00:00, run_after=2026-04-29 02:00:00+00:00
[2026-04-29T01:41:18.988+0000] {processor.py:183} INFO - Processing /opt/airflow/dags/flight-pipeline.py took 6.282 seconds
[2026-04-29T01:41:49.078+0000] {processor.py:161} INFO - Started process (PID=5619) to work on /opt/airflow/dags/flight-pipeline.py
[2026-04-29T01:41:49.079+0000] {processor.py:830} INFO - Processing file /opt/airflow/dags/flight-pipeline.py for tasks to queue
[2026-04-29T01:41:49.081+0000] {logging_mixin.py:188} INFO - [2026-04-29T01:41:49.080+0000] {dagbag.py:545} INFO - Filling up the DagBag from /opt/airflow/dags/flight-pipeline.py
[2026-04-29T01:41:50.044+0000] {processor.py:840} INFO - DAG(s) 'flights_ops_medallion_pipe' retrieved from /opt/airflow/dags/flight-pipeline.py
[2026-04-29T01:41:50.078+0000] {logging_mixin.py:188} INFO - [2026-04-29T01:41:50.078+0000] {dag.py:3089} INFO - Sync 1 DAGs
[2026-04-29T01:41:50.102+0000] {logging_mixin.py:188} INFO - [2026-04-29T01:41:50.102+0000] {dag.py:3947} INFO - Setting next_dagrun for flights_ops_medallion_pipe to 2026-04-29 01:30:00+00:00, run_after=2026-04-29 02:00:00+00:00
[2026-04-29T01:41:50.125+0000] {processor.py:183} INFO - Processing /opt/airflow/dags/flight-pipeline.py took 1.058 seconds
[2026-04-29T01:42:20.317+0000] {processor.py:161} INFO - Started process (PID=5622) to work on /opt/airflow/dags/flight-pipeline.py
[2026-04-29T01:42:20.320+0000] {processor.py:830} INFO - Processing file /opt/airflow/dags/flight-pipeline.py for tasks to queue
[2026-04-29T01:42:20.321+0000] {logging_mixin.py:188} INFO - [2026-04-29T01:42:20.321+0000] {dagbag.py:545} INFO - Filling up the DagBag from /opt/airflow/dags/flight-pipeline.py
[2026-04-29T01:42:21.302+0000] {processor.py:840} INFO - DAG(s) 'flights_ops_medallion_pipe' retrieved from /opt/airflow/dags/flight-pipeline.py
[2026-04-29T01:42:21.357+0000] {logging_mixin.py:188} INFO - [2026-04-29T01:42:21.357+0000] {dag.py:3089} INFO - Sync 1 DAGs
[2026-04-29T01:42:21.386+0000] {logging_mixin.py:188} INFO - [2026-04-29T01:42:21.386+0000] {dag.py:3947} INFO - Setting next_dagrun for flights_ops_medallion_pipe to 2026-04-29 01:30:00+00:00, run_after=2026-04-29 02:00:00+00:00
[2026-04-29T01:42:21.406+0000] {processor.py:183} INFO - Processing /opt/airflow/dags/flight-pipeline.py took 1.098 seconds
[2026-04-29T01:42:51.616+0000] {processor.py:161} INFO - Started process (PID=5625) to work on /opt/airflow/dags/flight-pipeline.py
[2026-04-29T01:42:51.617+0000] {processor.py:830} INFO - Processing file /opt/airflow/dags/flight-pipeline.py for tasks to queue
[2026-04-29T01:42:51.619+0000] {logging_mixin.py:188} INFO - [2026-04-29T01:42:51.618+0000] {dagbag.py:545} INFO - Filling up the DagBag from /opt/airflow/dags/flight-pipeline.py
[2026-04-29T01:42:52.710+0000] {processor.py:840} INFO - DAG(s) 'flights_ops_medallion_pipe' retrieved from /opt/airflow/dags/flight-pipeline.py
[2026-04-29T01:42:52.741+0000] {logging_mixin.py:188} INFO - [2026-04-29T01:42:52.741+0000] {dag.py:3089} INFO - Sync 1 DAGs
[2026-04-29T01:42:52.761+0000] {logging_mixin.py:188} INFO - [2026-04-29T01:42:52.761+0000] {dag.py:3947} INFO - Setting next_dagrun for flights_ops_medallion_pipe to 2026-04-29 01:30:00+00:00, run_after=2026-04-29 02:00:00+00:00
[2026-04-29T01:42:52.779+0000] {processor.py:183} INFO - Processing /opt/airflow/dags/flight-pipeline.py took 1.173 seconds
[2026-04-29T01:43:22.891+0000] {processor.py:161} INFO - Started process (PID=5628) to work on /opt/airflow/dags/flight-pipeline.py
[2026-04-29T01:43:22.893+0000] {processor.py:830} INFO - Processing file /opt/airflow/dags/flight-pipeline.py for tasks to queue
[2026-04-29T01:43:22.894+0000] {logging_mixin.py:188} INFO - [2026-04-29T01:43:22.894+0000] {dagbag.py:545} INFO - Filling up the DagBag from /opt/airflow/dags/flight-pipeline.py
[2026-04-29T01:43:23.820+0000] {processor.py:840} INFO - DAG(s) 'flights_ops_medallion_pipe' retrieved from /opt/airflow/dags/flight-pipeline.py
[2026-04-29T01:43:23.861+0000] {logging_mixin.py:188} INFO - [2026-04-29T01:43:23.860+0000] {dag.py:3089} INFO - Sync 1 DAGs
[2026-04-29T01:43:23.889+0000] {logging_mixin.py:188} INFO - [2026-04-29T01:43:23.888+0000] {dag.py:3947} INFO - Setting next_dagrun for flights_ops_medallion_pipe to 2026-04-29 01:30:00+00:00, run_after=2026-04-29 02:00:00+00:00
[2026-04-29T01:43:23.913+0000] {processor.py:183} INFO - Processing /opt/airflow/dags/flight-pipeline.py took 1.031 seconds
[2026-04-29T01:43:54.136+0000] {processor.py:161} INFO - Started process (PID=5631) to work on /opt/airflow/dags/flight-pipeline.py
[2026-04-29T01:43:54.139+0000] {processor.py:830} INFO - Processing file /opt/airflow/dags/flight-pipeline.py for tasks to queue
[2026-04-29T01:43:54.143+0000] {logging_mixin.py:188} INFO - [2026-04-29T01:43:54.141+0000] {dagbag.py:545} INFO - Filling up the DagBag from /opt/airflow/dags/flight-pipeline.py
[2026-04-29T01:43:54.965+0000] {processor.py:840} INFO - DAG(s) 'flights_ops_medallion_pipe' retrieved from /opt/airflow/dags/flight-pipeline.py
[2026-04-29T01:43:54.995+0000] {logging_mixin.py:188} INFO - [2026-04-29T01:43:54.994+0000] {dag.py:3089} INFO - Sync 1 DAGs
[2026-04-29T01:43:55.014+0000] {logging_mixin.py:188} INFO - [2026-04-29T01:43:55.013+0000] {dag.py:3947} INFO - Setting next_dagrun for flights_ops_medallion_pipe to 2026-04-29 01:30:00+00:00, run_after=2026-04-29 02:00:00+00:00
[2026-04-29T01:43:55.032+0000] {processor.py:183} INFO - Processing /opt/airflow/dags/flight-pipeline.py took 0.905 seconds
[2026-04-29T01:44:25.319+0000] {processor.py:161} INFO - Started process (PID=5634) to work on /opt/airflow/dags/flight-pipeline.py
[2026-04-29T01:44:25.321+0000] {processor.py:830} INFO - Processing file /opt/airflow/dags/flight-pipeline.py for tasks to queue
[2026-04-29T01:44:25.322+0000] {logging_mixin.py:188} INFO - [2026-04-29T01:44:25.322+0000] {dagbag.py:545} INFO - Filling up the DagBag from /opt/airflow/dags/flight-pipeline.py
[2026-04-29T01:44:26.212+0000] {processor.py:840} INFO - DAG(s) 'flights_ops_medallion_pipe' retrieved from /opt/airflow/dags/flight-pipeline.py
[2026-04-29T01:44:26.245+0000] {logging_mixin.py:188} INFO - [2026-04-29T01:44:26.244+0000] {dag.py:3089} INFO - Sync 1 DAGs
[2026-04-29T01:44:26.267+0000] {logging_mixin.py:188} INFO - [2026-04-29T01:44:26.267+0000] {dag.py:3947} INFO - Setting next_dagrun for flights_ops_medallion_pipe to 2026-04-29 01:30:00+00:00, run_after=2026-04-29 02:00:00+00:00
[2026-04-29T01:44:26.291+0000] {processor.py:183} INFO - Processing /opt/airflow/dags/flight-pipeline.py took 0.983 seconds
[2026-04-29T01:44:56.597+0000] {processor.py:161} INFO - Started process (PID=5637) to work on /opt/airflow/dags/flight-pipeline.py
[2026-04-29T01:44:56.598+0000] {processor.py:830} INFO - Processing file /opt/airflow/dags/flight-pipeline.py for tasks to queue
[2026-04-29T01:44:56.600+0000] {logging_mixin.py:188} INFO - [2026-04-29T01:44:56.599+0000] {dagbag.py:545} INFO - Filling up the DagBag from /opt/airflow/dags/flight-pipeline.py
[2026-04-29T01:44:57.448+0000] {processor.py:840} INFO - DAG(s) 'flights_ops_medallion_pipe' retrieved from /opt/airflow/dags/flight-pipeline.py
[2026-04-29T01:44:57.478+0000] {logging_mixin.py:188} INFO - [2026-04-29T01:44:57.478+0000] {dag.py:3089} INFO - Sync 1 DAGs
[2026-04-29T01:44:57.499+0000] {logging_mixin.py:188} INFO - [2026-04-29T01:44:57.498+0000] {dag.py:3947} INFO - Setting next_dagrun for flights_ops_medallion_pipe to 2026-04-29 01:30:00+00:00, run_after=2026-04-29 02:00:00+00:00
[2026-04-29T01:44:57.515+0000] {processor.py:183} INFO - Processing /opt/airflow/dags/flight-pipeline.py took 0.927 seconds
[2026-04-29T01:45:27.822+0000] {processor.py:161} INFO - Started process (PID=5640) to work on /opt/airflow/dags/flight-pipeline.py
[2026-04-29T01:45:27.824+0000] {processor.py:830} INFO - Processing file /opt/airflow/dags/flight-pipeline.py for tasks to queue
[2026-04-29T01:45:27.825+0000] {logging_mixin.py:188} INFO - [2026-04-29T01:45:27.824+0000] {dagbag.py:545} INFO - Filling up the DagBag from /opt/airflow/dags/flight-pipeline.py
[2026-04-29T01:45:28.625+0000] {processor.py:840} INFO - DAG(s) 'flights_ops_medallion_pipe' retrieved from /opt/airflow/dags/flight-pipeline.py
[2026-04-29T01:45:28.661+0000] {logging_mixin.py:188} INFO - [2026-04-29T01:45:28.660+0000] {dag.py:3089} INFO - Sync 1 DAGs
[2026-04-29T01:45:28.679+0000] {logging_mixin.py:188} INFO - [2026-04-29T01:45:28.679+0000] {dag.py:3947} INFO - Setting next_dagrun for flights_ops_medallion_pipe to 2026-04-29 01:30:00+00:00, run_after=2026-04-29 02:00:00+00:00
[2026-04-29T01:45:28.696+0000] {processor.py:183} INFO - Processing /opt/airflow/dags/flight-pipeline.py took 0.883 seconds
[2026-04-29T01:45:59.027+0000] {processor.py:161} INFO - Started process (PID=5643) to work on /opt/airflow/dags/flight-pipeline.py
[2026-04-29T01:45:59.031+0000] {processor.py:830} INFO - Processing file /opt/airflow/dags/flight-pipeline.py for tasks to queue
[2026-04-29T01:45:59.036+0000] {logging_mixin.py:188} INFO - [2026-04-29T01:45:59.035+0000] {dagbag.py:545} INFO - Filling up the DagBag from /opt/airflow/dags/flight-pipeline.py
[2026-04-29T01:45:59.912+0000] {processor.py:840} INFO - DAG(s) 'flights_ops_medallion_pipe' retrieved from /opt/airflow/dags/flight-pipeline.py
[2026-04-29T01:45:59.941+0000] {logging_mixin.py:188} INFO - [2026-04-29T01:45:59.940+0000] {dag.py:3089} INFO - Sync 1 DAGs
[2026-04-29T01:45:59.960+0000] {logging_mixin.py:188} INFO - [2026-04-29T01:45:59.960+0000] {dag.py:3947} INFO - Setting next_dagrun for flights_ops_medallion_pipe to 2026-04-29 01:30:00+00:00, run_after=2026-04-29 02:00:00+00:00
[2026-04-29T01:45:59.977+0000] {processor.py:183} INFO - Processing /opt/airflow/dags/flight-pipeline.py took 0.965 seconds
[2026-04-29T01:46:30.253+0000] {processor.py:161} INFO - Started process (PID=5646) to work on /opt/airflow/dags/flight-pipeline.py
[2026-04-29T01:46:30.254+0000] {processor.py:830} INFO - Processing file /opt/airflow/dags/flight-pipeline.py for tasks to queue
[2026-04-29T01:46:30.256+0000] {logging_mixin.py:188} INFO - [2026-04-29T01:46:30.255+0000] {dagbag.py:545} INFO - Filling up the DagBag from /opt/airflow/dags/flight-pipeline.py
[2026-04-29T01:46:31.052+0000] {processor.py:840} INFO - DAG(s) 'flights_ops_medallion_pipe' retrieved from /opt/airflow/dags/flight-pipeline.py
[2026-04-29T01:46:31.090+0000] {logging_mixin.py:188} INFO - [2026-04-29T01:46:31.090+0000] {dag.py:3089} INFO - Sync 1 DAGs
[2026-04-29T01:46:31.114+0000] {logging_mixin.py:188} INFO - [2026-04-29T01:46:31.114+0000] {dag.py:3947} INFO - Setting next_dagrun for flights_ops_medallion_pipe to 2026-04-29 01:30:00+00:00, run_after=2026-04-29 02:00:00+00:00
[2026-04-29T01:46:31.132+0000] {processor.py:183} INFO - Processing /opt/airflow/dags/flight-pipeline.py took 0.886 seconds
[2026-04-29T01:47:01.432+0000] {processor.py:161} INFO - Started process (PID=5649) to work on /opt/airflow/dags/flight-pipeline.py
[2026-04-29T01:47:01.448+0000] {processor.py:830} INFO - Processing file /opt/airflow/dags/flight-pipeline.py for tasks to queue
[2026-04-29T01:47:01.449+0000] {logging_mixin.py:188} INFO - [2026-04-29T01:47:01.449+0000] {dagbag.py:545} INFO - Filling up the DagBag from /opt/airflow/dags/flight-pipeline.py
[2026-04-29T01:47:02.452+0000] {processor.py:840} INFO - DAG(s) 'flights_ops_medallion_pipe' retrieved from /opt/airflow/dags/flight-pipeline.py
[2026-04-29T01:47:02.483+0000] {logging_mixin.py:188} INFO - [2026-04-29T01:47:02.482+0000] {dag.py:3089} INFO - Sync 1 DAGs
[2026-04-29T01:47:02.506+0000] {logging_mixin.py:188} INFO - [2026-04-29T01:47:02.505+0000] {dag.py:3947} INFO - Setting next_dagrun for flights_ops_medallion_pipe to 2026-04-29 01:30:00+00:00, run_after=2026-04-29 02:00:00+00:00
[2026-04-29T01:47:02.528+0000] {processor.py:183} INFO - Processing /opt/airflow/dags/flight-pipeline.py took 1.132 seconds
[2026-04-29T01:47:32.797+0000] {processor.py:161} INFO - Started process (PID=5652) to work on /opt/airflow/dags/flight-pipeline.py
[2026-04-29T01:47:32.799+0000] {processor.py:830} INFO - Processing file /opt/airflow/dags/flight-pipeline.py for tasks to queue
[2026-04-29T01:47:32.801+0000] {logging_mixin.py:188} INFO - [2026-04-29T01:47:32.800+0000] {dagbag.py:545} INFO - Filling up the DagBag from /opt/airflow/dags/flight-pipeline.py
[2026-04-29T01:47:33.724+0000] {processor.py:840} INFO - DAG(s) 'flights_ops_medallion_pipe' retrieved from /opt/airflow/dags/flight-pipeline.py
[2026-04-29T01:47:33.758+0000] {logging_mixin.py:188} INFO - [2026-04-29T01:47:33.757+0000] {dag.py:3089} INFO - Sync 1 DAGs
[2026-04-29T01:47:33.780+0000] {logging_mixin.py:188} INFO - [2026-04-29T01:47:33.779+0000] {dag.py:3947} INFO - Setting next_dagrun for flights_ops_medallion_pipe to 2026-04-29 01:30:00+00:00, run_after=2026-04-29 02:00:00+00:00
[2026-04-29T01:47:33.796+0000] {processor.py:183} INFO - Processing /opt/airflow/dags/flight-pipeline.py took 1.009 seconds
[2026-04-29T01:48:04.019+0000] {processor.py:161} INFO - Started process (PID=5655) to work on /opt/airflow/dags/flight-pipeline.py
[2026-04-29T01:48:04.020+0000] {processor.py:830} INFO - Processing file /opt/airflow/dags/flight-pipeline.py for tasks to queue
[2026-04-29T01:48:04.022+0000] {logging_mixin.py:188} INFO - [2026-04-29T01:48:04.021+0000] {dagbag.py:545} INFO - Filling up the DagBag from /opt/airflow/dags/flight-pipeline.py
[2026-04-29T01:48:04.956+0000] {processor.py:840} INFO - DAG(s) 'flights_ops_medallion_pipe' retrieved from /opt/airflow/dags/flight-pipeline.py
[2026-04-29T01:48:04.995+0000] {logging_mixin.py:188} INFO - [2026-04-29T01:48:04.995+0000] {dag.py:3089} INFO - Sync 1 DAGs
[2026-04-29T01:48:05.021+0000] {logging_mixin.py:188} INFO - [2026-04-29T01:48:05.020+0000] {dag.py:3947} INFO - Setting next_dagrun for flights_ops_medallion_pipe to 2026-04-29 01:30:00+00:00, run_after=2026-04-29 02:00:00+00:00
[2026-04-29T01:48:05.040+0000] {processor.py:183} INFO - Processing /opt/airflow/dags/flight-pipeline.py took 1.029 seconds
[2026-04-29T01:48:35.265+0000] {processor.py:161} INFO - Started process (PID=5658) to work on /opt/airflow/dags/flight-pipeline.py
[2026-04-29T01:48:35.266+0000] {processor.py:830} INFO - Processing file /opt/airflow/dags/flight-pipeline.py for tasks to queue
[2026-04-29T01:48:35.268+0000] {logging_mixin.py:188} INFO - [2026-04-29T01:48:35.267+0000] {dagbag.py:545} INFO - Filling up the DagBag from /opt/airflow/dags/flight-pipeline.py
[2026-04-29T01:48:36.179+0000] {processor.py:840} INFO - DAG(s) 'flights_ops_medallion_pipe' retrieved from /opt/airflow/dags/flight-pipeline.py
[2026-04-29T01:48:36.210+0000] {logging_mixin.py:188} INFO - [2026-04-29T01:48:36.209+0000] {dag.py:3089} INFO - Sync 1 DAGs
[2026-04-29T01:48:36.231+0000] {logging_mixin.py:188} INFO - [2026-04-29T01:48:36.231+0000] {dag.py:3947} INFO - Setting next_dagrun for flights_ops_medallion_pipe to 2026-04-29 01:30:00+00:00, run_after=2026-04-29 02:00:00+00:00
[2026-04-29T01:48:36.252+0000] {processor.py:183} INFO - Processing /opt/airflow/dags/flight-pipeline.py took 0.997 seconds
[2026-04-29T01:49:06.523+0000] {processor.py:161} INFO - Started process (PID=5661) to work on /opt/airflow/dags/flight-pipeline.py
[2026-04-29T01:49:06.526+0000] {processor.py:830} INFO - Processing file /opt/airflow/dags/flight-pipeline.py for tasks to queue
[2026-04-29T01:49:06.528+0000] {logging_mixin.py:188} INFO - [2026-04-29T01:49:06.527+0000] {dagbag.py:545} INFO - Filling up the DagBag from /opt/airflow/dags/flight-pipeline.py
[2026-04-29T01:49:07.469+0000] {processor.py:840} INFO - DAG(s) 'flights_ops_medallion_pipe' retrieved from /opt/airflow/dags/flight-pipeline.py
[2026-04-29T01:49:07.507+0000] {logging_mixin.py:188} INFO - [2026-04-29T01:49:07.506+0000] {dag.py:3089} INFO - Sync 1 DAGs
[2026-04-29T01:49:07.532+0000] {logging_mixin.py:188} INFO - [2026-04-29T01:49:07.532+0000] {dag.py:3947} INFO - Setting next_dagrun for flights_ops_medallion_pipe to 2026-04-29 01:30:00+00:00, run_after=2026-04-29 02:00:00+00:00
[2026-04-29T01:49:07.553+0000] {processor.py:183} INFO - Processing /opt/airflow/dags/flight-pipeline.py took 1.047 seconds
[2026-04-29T01:49:37.794+0000] {processor.py:161} INFO - Started process (PID=5664) to work on /opt/airflow/dags/flight-pipeline.py
[2026-04-29T01:49:37.796+0000] {processor.py:830} INFO - Processing file /opt/airflow/dags/flight-pipeline.py for tasks to queue
[2026-04-29T01:49:37.801+0000] {logging_mixin.py:188} INFO - [2026-04-29T01:49:37.800+0000] {dagbag.py:545} INFO - Filling up the DagBag from /opt/airflow/dags/flight-pipeline.py
[2026-04-29T01:49:38.670+0000] {processor.py:840} INFO - DAG(s) 'flights_ops_medallion_pipe' retrieved from /opt/airflow/dags/flight-pipeline.py
[2026-04-29T01:49:38.704+0000] {logging_mixin.py:188} INFO - [2026-04-29T01:49:38.704+0000] {dag.py:3089} INFO - Sync 1 DAGs
[2026-04-29T01:49:38.726+0000] {logging_mixin.py:188} INFO - [2026-04-29T01:49:38.726+0000] {dag.py:3947} INFO - Setting next_dagrun for flights_ops_medallion_pipe to 2026-04-29 01:30:00+00:00, run_after=2026-04-29 02:00:00+00:00
[2026-04-29T01:49:38.750+0000] {processor.py:183} INFO - Processing /opt/airflow/dags/flight-pipeline.py took 0.964 seconds
[2026-04-29T01:50:09.017+0000] {processor.py:161} INFO - Started process (PID=5667) to work on /opt/airflow/dags/flight-pipeline.py
[2026-04-29T01:50:09.021+0000] {processor.py:830} INFO - Processing file /opt/airflow/dags/flight-pipeline.py for tasks to queue
[2026-04-29T01:50:09.023+0000] {logging_mixin.py:188} INFO - [2026-04-29T01:50:09.022+0000] {dagbag.py:545} INFO - Filling up the DagBag from /opt/airflow/dags/flight-pipeline.py
[2026-04-29T01:50:09.897+0000] {processor.py:840} INFO - DAG(s) 'flights_ops_medallion_pipe' retrieved from /opt/airflow/dags/flight-pipeline.py
[2026-04-29T01:50:09.937+0000] {logging_mixin.py:188} INFO - [2026-04-29T01:50:09.936+0000] {dag.py:3089} INFO - Sync 1 DAGs
[2026-04-29T01:50:09.960+0000] {logging_mixin.py:188} INFO - [2026-04-29T01:50:09.960+0000] {dag.py:3947} INFO - Setting next_dagrun for flights_ops_medallion_pipe to 2026-04-29 01:30:00+00:00, run_after=2026-04-29 02:00:00+00:00
[2026-04-29T01:50:09.980+0000] {processor.py:183} INFO - Processing /opt/airflow/dags/flight-pipeline.py took 0.971 seconds
[2026-04-29T01:50:40.278+0000] {processor.py:161} INFO - Started process (PID=5670) to work on /opt/airflow/dags/flight-pipeline.py
[2026-04-29T01:50:40.279+0000] {processor.py:830} INFO - Processing file /opt/airflow/dags/flight-pipeline.py for tasks to queue
[2026-04-29T01:50:40.280+0000] {logging_mixin.py:188} INFO - [2026-04-29T01:50:40.280+0000] {dagbag.py:545} INFO - Filling up the DagBag from /opt/airflow/dags/flight-pipeline.py
[2026-04-29T01:50:41.190+0000] {processor.py:840} INFO - DAG(s) 'flights_ops_medallion_pipe' retrieved from /opt/airflow/dags/flight-pipeline.py
[2026-04-29T01:50:41.222+0000] {logging_mixin.py:188} INFO - [2026-04-29T01:50:41.221+0000] {dag.py:3089} INFO - Sync 1 DAGs
[2026-04-29T01:50:41.242+0000] {logging_mixin.py:188} INFO - [2026-04-29T01:50:41.242+0000] {dag.py:3947} INFO - Setting next_dagrun for flights_ops_medallion_pipe to 2026-04-29 01:30:00+00:00, run_after=2026-04-29 02:00:00+00:00
[2026-04-29T01:50:41.258+0000] {processor.py:183} INFO - Processing /opt/airflow/dags/flight-pipeline.py took 0.988 seconds
[2026-04-29T01:51:11.628+0000] {processor.py:161} INFO - Started process (PID=5673) to work on /opt/airflow/dags/flight-pipeline.py
[2026-04-29T01:51:11.644+0000] {processor.py:830} INFO - Processing file /opt/airflow/dags/flight-pipeline.py for tasks to queue
[2026-04-29T01:51:11.646+0000] {logging_mixin.py:188} INFO - [2026-04-29T01:51:11.646+0000] {dagbag.py:545} INFO - Filling up the DagBag from /opt/airflow/dags/flight-pipeline.py
[2026-04-29T01:51:13.833+0000] {processor.py:840} INFO - DAG(s) 'flights_ops_medallion_pipe' retrieved from /opt/airflow/dags/flight-pipeline.py
[2026-04-29T01:51:13.878+0000] {logging_mixin.py:188} INFO - [2026-04-29T01:51:13.877+0000] {dag.py:3089} INFO - Sync 1 DAGs
[2026-04-29T01:51:13.907+0000] {logging_mixin.py:188} INFO - [2026-04-29T01:51:13.907+0000] {dag.py:3947} INFO - Setting next_dagrun for flights_ops_medallion_pipe to 2026-04-29 01:30:00+00:00, run_after=2026-04-29 02:00:00+00:00
[2026-04-29T01:51:13.928+0000] {processor.py:183} INFO - Processing /opt/airflow/dags/flight-pipeline.py took 2.323 seconds
[2026-04-29T01:51:44.205+0000] {processor.py:161} INFO - Started process (PID=5676) to work on /opt/airflow/dags/flight-pipeline.py
[2026-04-29T01:51:44.207+0000] {processor.py:830} INFO - Processing file /opt/airflow/dags/flight-pipeline.py for tasks to queue
[2026-04-29T01:51:44.208+0000] {logging_mixin.py:188} INFO - [2026-04-29T01:51:44.208+0000] {dagbag.py:545} INFO - Filling up the DagBag from /opt/airflow/dags/flight-pipeline.py
[2026-04-29T01:51:45.010+0000] {processor.py:840} INFO - DAG(s) 'flights_ops_medallion_pipe' retrieved from /opt/airflow/dags/flight-pipeline.py
[2026-04-29T01:51:45.042+0000] {logging_mixin.py:188} INFO - [2026-04-29T01:51:45.041+0000] {dag.py:3089} INFO - Sync 1 DAGs
[2026-04-29T01:51:45.061+0000] {logging_mixin.py:188} INFO - [2026-04-29T01:51:45.061+0000] {dag.py:3947} INFO - Setting next_dagrun for flights_ops_medallion_pipe to 2026-04-29 01:30:00+00:00, run_after=2026-04-29 02:00:00+00:00
[2026-04-29T01:51:45.080+0000] {processor.py:183} INFO - Processing /opt/airflow/dags/flight-pipeline.py took 0.883 seconds
[2026-04-29T01:52:15.339+0000] {processor.py:161} INFO - Started process (PID=5679) to work on /opt/airflow/dags/flight-pipeline.py
[2026-04-29T01:52:15.342+0000] {processor.py:830} INFO - Processing file /opt/airflow/dags/flight-pipeline.py for tasks to queue
[2026-04-29T01:52:15.343+0000] {logging_mixin.py:188} INFO - [2026-04-29T01:52:15.343+0000] {dagbag.py:545} INFO - Filling up the DagBag from /opt/airflow/dags/flight-pipeline.py
[2026-04-29T01:52:16.124+0000] {processor.py:840} INFO - DAG(s) 'flights_ops_medallion_pipe' retrieved from /opt/airflow/dags/flight-pipeline.py
[2026-04-29T01:52:16.154+0000] {logging_mixin.py:188} INFO - [2026-04-29T01:52:16.154+0000] {dag.py:3089} INFO - Sync 1 DAGs
[2026-04-29T01:52:16.175+0000] {logging_mixin.py:188} INFO - [2026-04-29T01:52:16.175+0000] {dag.py:3947} INFO - Setting next_dagrun for flights_ops_medallion_pipe to 2026-04-29 01:30:00+00:00, run_after=2026-04-29 02:00:00+00:00
[2026-04-29T01:52:16.193+0000] {processor.py:183} INFO - Processing /opt/airflow/dags/flight-pipeline.py took 0.862 seconds
[2026-04-29T01:52:46.373+0000] {processor.py:161} INFO - Started process (PID=5682) to work on /opt/airflow/dags/flight-pipeline.py
[2026-04-29T01:52:46.375+0000] {processor.py:830} INFO - Processing file /opt/airflow/dags/flight-pipeline.py for tasks to queue
[2026-04-29T01:52:46.376+0000] {logging_mixin.py:188} INFO - [2026-04-29T01:52:46.375+0000] {dagbag.py:545} INFO - Filling up the DagBag from /opt/airflow/dags/flight-pipeline.py
[2026-04-29T01:52:47.238+0000] {processor.py:840} INFO - DAG(s) 'flights_ops_medallion_pipe' retrieved from /opt/airflow/dags/flight-pipeline.py
[2026-04-29T01:52:47.271+0000] {logging_mixin.py:188} INFO - [2026-04-29T01:52:47.270+0000] {dag.py:3089} INFO - Sync 1 DAGs
[2026-04-29T01:52:47.291+0000] {logging_mixin.py:188} INFO - [2026-04-29T01:52:47.291+0000] {dag.py:3947} INFO - Setting next_dagrun for flights_ops_medallion_pipe to 2026-04-29 01:30:00+00:00, run_after=2026-04-29 02:00:00+00:00
[2026-04-29T01:52:47.309+0000] {processor.py:183} INFO - Processing /opt/airflow/dags/flight-pipeline.py took 0.945 seconds
[2026-04-29T01:53:17.582+0000] {processor.py:161} INFO - Started process (PID=5685) to work on /opt/airflow/dags/flight-pipeline.py
[2026-04-29T01:53:17.585+0000] {processor.py:830} INFO - Processing file /opt/airflow/dags/flight-pipeline.py for tasks to queue
[2026-04-29T01:53:17.587+0000] {logging_mixin.py:188} INFO - [2026-04-29T01:53:17.586+0000] {dagbag.py:545} INFO - Filling up the DagBag from /opt/airflow/dags/flight-pipeline.py
[2026-04-29T01:53:18.416+0000] {processor.py:840} INFO - DAG(s) 'flights_ops_medallion_pipe' retrieved from /opt/airflow/dags/flight-pipeline.py
[2026-04-29T01:53:18.448+0000] {logging_mixin.py:188} INFO - [2026-04-29T01:53:18.447+0000] {dag.py:3089} INFO - Sync 1 DAGs
[2026-04-29T01:53:18.468+0000] {logging_mixin.py:188} INFO - [2026-04-29T01:53:18.468+0000] {dag.py:3947} INFO - Setting next_dagrun for flights_ops_medallion_pipe to 2026-04-29 01:30:00+00:00, run_after=2026-04-29 02:00:00+00:00
[2026-04-29T01:53:18.485+0000] {processor.py:183} INFO - Processing /opt/airflow/dags/flight-pipeline.py took 0.912 seconds
[2026-04-29T01:53:48.773+0000] {processor.py:161} INFO - Started process (PID=5688) to work on /opt/airflow/dags/flight-pipeline.py
[2026-04-29T01:53:48.775+0000] {processor.py:830} INFO - Processing file /opt/airflow/dags/flight-pipeline.py for tasks to queue
[2026-04-29T01:53:48.776+0000] {logging_mixin.py:188} INFO - [2026-04-29T01:53:48.776+0000] {dagbag.py:545} INFO - Filling up the DagBag from /opt/airflow/dags/flight-pipeline.py
[2026-04-29T01:53:49.649+0000] {processor.py:840} INFO - DAG(s) 'flights_ops_medallion_pipe' retrieved from /opt/airflow/dags/flight-pipeline.py
[2026-04-29T01:53:49.683+0000] {logging_mixin.py:188} INFO - [2026-04-29T01:53:49.682+0000] {dag.py:3089} INFO - Sync 1 DAGs
[2026-04-29T01:53:49.716+0000] {logging_mixin.py:188} INFO - [2026-04-29T01:53:49.716+0000] {dag.py:3947} INFO - Setting next_dagrun for flights_ops_medallion_pipe to 2026-04-29 01:30:00+00:00, run_after=2026-04-29 02:00:00+00:00
[2026-04-29T01:53:49.813+0000] {processor.py:183} INFO - Processing /opt/airflow/dags/flight-pipeline.py took 1.048 seconds
[2026-04-29T01:54:20.044+0000] {processor.py:161} INFO - Started process (PID=5691) to work on /opt/airflow/dags/flight-pipeline.py
[2026-04-29T01:54:20.046+0000] {processor.py:830} INFO - Processing file /opt/airflow/dags/flight-pipeline.py for tasks to queue
[2026-04-29T01:54:20.047+0000] {logging_mixin.py:188} INFO - [2026-04-29T01:54:20.046+0000] {dagbag.py:545} INFO - Filling up the DagBag from /opt/airflow/dags/flight-pipeline.py
[2026-04-29T01:54:20.833+0000] {processor.py:840} INFO - DAG(s) 'flights_ops_medallion_pipe' retrieved from /opt/airflow/dags/flight-pipeline.py
[2026-04-29T01:54:20.865+0000] {logging_mixin.py:188} INFO - [2026-04-29T01:54:20.865+0000] {dag.py:3089} INFO - Sync 1 DAGs
[2026-04-29T01:54:20.884+0000] {logging_mixin.py:188} INFO - [2026-04-29T01:54:20.884+0000] {dag.py:3947} INFO - Setting next_dagrun for flights_ops_medallion_pipe to 2026-04-29 01:30:00+00:00, run_after=2026-04-29 02:00:00+00:00
[2026-04-29T01:54:20.903+0000] {processor.py:183} INFO - Processing /opt/airflow/dags/flight-pipeline.py took 0.866 seconds
[2026-04-29T01:54:51.189+0000] {processor.py:161} INFO - Started process (PID=5694) to work on /opt/airflow/dags/flight-pipeline.py
[2026-04-29T01:54:51.191+0000] {processor.py:830} INFO - Processing file /opt/airflow/dags/flight-pipeline.py for tasks to queue
[2026-04-29T01:54:51.192+0000] {logging_mixin.py:188} INFO - [2026-04-29T01:54:51.192+0000] {dagbag.py:545} INFO - Filling up the DagBag from /opt/airflow/dags/flight-pipeline.py
[2026-04-29T01:54:51.971+0000] {processor.py:840} INFO - DAG(s) 'flights_ops_medallion_pipe' retrieved from /opt/airflow/dags/flight-pipeline.py
[2026-04-29T01:54:51.998+0000] {logging_mixin.py:188} INFO - [2026-04-29T01:54:51.998+0000] {dag.py:3089} INFO - Sync 1 DAGs
[2026-04-29T01:54:52.017+0000] {logging_mixin.py:188} INFO - [2026-04-29T01:54:52.016+0000] {dag.py:3947} INFO - Setting next_dagrun for flights_ops_medallion_pipe to 2026-04-29 01:30:00+00:00, run_after=2026-04-29 02:00:00+00:00
[2026-04-29T01:54:52.033+0000] {processor.py:183} INFO - Processing /opt/airflow/dags/flight-pipeline.py took 0.853 seconds
[2026-04-29T01:55:22.294+0000] {processor.py:161} INFO - Started process (PID=5697) to work on /opt/airflow/dags/flight-pipeline.py
[2026-04-29T01:55:22.295+0000] {processor.py:830} INFO - Processing file /opt/airflow/dags/flight-pipeline.py for tasks to queue
[2026-04-29T01:55:22.296+0000] {logging_mixin.py:188} INFO - [2026-04-29T01:55:22.296+0000] {dagbag.py:545} INFO - Filling up the DagBag from /opt/airflow/dags/flight-pipeline.py
[2026-04-29T01:55:23.090+0000] {processor.py:840} INFO - DAG(s) 'flights_ops_medallion_pipe' retrieved from /opt/airflow/dags/flight-pipeline.py
[2026-04-29T01:55:23.118+0000] {logging_mixin.py:188} INFO - [2026-04-29T01:55:23.118+0000] {dag.py:3089} INFO - Sync 1 DAGs
[2026-04-29T01:55:23.137+0000] {logging_mixin.py:188} INFO - [2026-04-29T01:55:23.137+0000] {dag.py:3947} INFO - Setting next_dagrun for flights_ops_medallion_pipe to 2026-04-29 01:30:00+00:00, run_after=2026-04-29 02:00:00+00:00
[2026-04-29T01:55:23.156+0000] {processor.py:183} INFO - Processing /opt/airflow/dags/flight-pipeline.py took 0.872 seconds
[2026-04-29T01:55:53.450+0000] {processor.py:161} INFO - Started process (PID=5700) to work on /opt/airflow/dags/flight-pipeline.py
[2026-04-29T01:55:53.456+0000] {processor.py:830} INFO - Processing file /opt/airflow/dags/flight-pipeline.py for tasks to queue
[2026-04-29T01:55:53.457+0000] {logging_mixin.py:188} INFO - [2026-04-29T01:55:53.457+0000] {dagbag.py:545} INFO - Filling up the DagBag from /opt/airflow/dags/flight-pipeline.py
[2026-04-29T01:55:54.337+0000] {processor.py:840} INFO - DAG(s) 'flights_ops_medallion_pipe' retrieved from /opt/airflow/dags/flight-pipeline.py
[2026-04-29T01:55:54.366+0000] {logging_mixin.py:188} INFO - [2026-04-29T01:55:54.366+0000] {dag.py:3089} INFO - Sync 1 DAGs
[2026-04-29T01:55:54.385+0000] {logging_mixin.py:188} INFO - [2026-04-29T01:55:54.385+0000] {dag.py:3947} INFO - Setting next_dagrun for flights_ops_medallion_pipe to 2026-04-29 01:30:00+00:00, run_after=2026-04-29 02:00:00+00:00
[2026-04-29T01:55:54.407+0000] {processor.py:183} INFO - Processing /opt/airflow/dags/flight-pipeline.py took 0.965 seconds
[2026-04-29T01:56:24.740+0000] {processor.py:161} INFO - Started process (PID=5703) to work on /opt/airflow/dags/flight-pipeline.py
[2026-04-29T01:56:24.742+0000] {processor.py:830} INFO - Processing file /opt/airflow/dags/flight-pipeline.py for tasks to queue
[2026-04-29T01:56:24.744+0000] {logging_mixin.py:188} INFO - [2026-04-29T01:56:24.744+0000] {dagbag.py:545} INFO - Filling up the DagBag from /opt/airflow/dags/flight-pipeline.py
[2026-04-29T01:56:25.623+0000] {processor.py:840} INFO - DAG(s) 'flights_ops_medallion_pipe' retrieved from /opt/airflow/dags/flight-pipeline.py
[2026-04-29T01:56:25.654+0000] {logging_mixin.py:188} INFO - [2026-04-29T01:56:25.653+0000] {dag.py:3089} INFO - Sync 1 DAGs
[2026-04-29T01:56:25.673+0000] {logging_mixin.py:188} INFO - [2026-04-29T01:56:25.673+0000] {dag.py:3947} INFO - Setting next_dagrun for flights_ops_medallion_pipe to 2026-04-29 01:30:00+00:00, run_after=2026-04-29 02:00:00+00:00
[2026-04-29T01:56:25.694+0000] {processor.py:183} INFO - Processing /opt/airflow/dags/flight-pipeline.py took 0.965 seconds
[2026-04-29T01:56:55.947+0000] {processor.py:161} INFO - Started process (PID=5706) to work on /opt/airflow/dags/flight-pipeline.py
[2026-04-29T01:56:55.949+0000] {processor.py:830} INFO - Processing file /opt/airflow/dags/flight-pipeline.py for tasks to queue
[2026-04-29T01:56:55.950+0000] {logging_mixin.py:188} INFO - [2026-04-29T01:56:55.950+0000] {dagbag.py:545} INFO - Filling up the DagBag from /opt/airflow/dags/flight-pipeline.py
[2026-04-29T01:56:56.743+0000] {processor.py:840} INFO - DAG(s) 'flights_ops_medallion_pipe' retrieved from /opt/airflow/dags/flight-pipeline.py
[2026-04-29T01:56:56.774+0000] {logging_mixin.py:188} INFO - [2026-04-29T01:56:56.774+0000] {dag.py:3089} INFO - Sync 1 DAGs
[2026-04-29T01:56:56.793+0000] {logging_mixin.py:188} INFO - [2026-04-29T01:56:56.793+0000] {dag.py:3947} INFO - Setting next_dagrun for flights_ops_medallion_pipe to 2026-04-29 01:30:00+00:00, run_after=2026-04-29 02:00:00+00:00
[2026-04-29T01:56:56.810+0000] {processor.py:183} INFO - Processing /opt/airflow/dags/flight-pipeline.py took 0.872 seconds
[2026-04-29T01:57:27.097+0000] {processor.py:161} INFO - Started process (PID=5709) to work on /opt/airflow/dags/flight-pipeline.py
[2026-04-29T01:57:27.098+0000] {processor.py:830} INFO - Processing file /opt/airflow/dags/flight-pipeline.py for tasks to queue
[2026-04-29T01:57:27.100+0000] {logging_mixin.py:188} INFO - [2026-04-29T01:57:27.099+0000] {dagbag.py:545} INFO - Filling up the DagBag from /opt/airflow/dags/flight-pipeline.py
[2026-04-29T01:57:27.905+0000] {processor.py:840} INFO - DAG(s) 'flights_ops_medallion_pipe' retrieved from /opt/airflow/dags/flight-pipeline.py
[2026-04-29T01:57:27.935+0000] {logging_mixin.py:188} INFO - [2026-04-29T01:57:27.935+0000] {dag.py:3089} INFO - Sync 1 DAGs
[2026-04-29T01:57:27.955+0000] {logging_mixin.py:188} INFO - [2026-04-29T01:57:27.955+0000] {dag.py:3947} INFO - Setting next_dagrun for flights_ops_medallion_pipe to 2026-04-29 01:30:00+00:00, run_after=2026-04-29 02:00:00+00:00
[2026-04-29T01:57:27.973+0000] {processor.py:183} INFO - Processing /opt/airflow/dags/flight-pipeline.py took 0.884 seconds
[2026-04-29T01:57:58.249+0000] {processor.py:161} INFO - Started process (PID=5712) to work on /opt/airflow/dags/flight-pipeline.py
[2026-04-29T01:57:58.251+0000] {processor.py:830} INFO - Processing file /opt/airflow/dags/flight-pipeline.py for tasks to queue
[2026-04-29T01:57:58.252+0000] {logging_mixin.py:188} INFO - [2026-04-29T01:57:58.251+0000] {dagbag.py:545} INFO - Filling up the DagBag from /opt/airflow/dags/flight-pipeline.py
[2026-04-29T01:57:59.033+0000] {processor.py:840} INFO - DAG(s) 'flights_ops_medallion_pipe' retrieved from /opt/airflow/dags/flight-pipeline.py
[2026-04-29T01:57:59.075+0000] {logging_mixin.py:188} INFO - [2026-04-29T01:57:59.075+0000] {dag.py:3089} INFO - Sync 1 DAGs
[2026-04-29T01:57:59.097+0000] {logging_mixin.py:188} INFO - [2026-04-29T01:57:59.097+0000] {dag.py:3947} INFO - Setting next_dagrun for flights_ops_medallion_pipe to 2026-04-29 01:30:00+00:00, run_after=2026-04-29 02:00:00+00:00
[2026-04-29T01:57:59.115+0000] {processor.py:183} INFO - Processing /opt/airflow/dags/flight-pipeline.py took 0.873 seconds
[2026-04-29T01:58:29.376+0000] {processor.py:161} INFO - Started process (PID=5715) to work on /opt/airflow/dags/flight-pipeline.py
[2026-04-29T01:58:29.378+0000] {processor.py:830} INFO - Processing file /opt/airflow/dags/flight-pipeline.py for tasks to queue
[2026-04-29T01:58:29.379+0000] {logging_mixin.py:188} INFO - [2026-04-29T01:58:29.379+0000] {dagbag.py:545} INFO - Filling up the DagBag from /opt/airflow/dags/flight-pipeline.py
[2026-04-29T01:58:30.199+0000] {processor.py:840} INFO - DAG(s) 'flights_ops_medallion_pipe' retrieved from /opt/airflow/dags/flight-pipeline.py
[2026-04-29T01:58:30.230+0000] {logging_mixin.py:188} INFO - [2026-04-29T01:58:30.230+0000] {dag.py:3089} INFO - Sync 1 DAGs
[2026-04-29T01:58:30.250+0000] {logging_mixin.py:188} INFO - [2026-04-29T01:58:30.250+0000] {dag.py:3947} INFO - Setting next_dagrun for flights_ops_medallion_pipe to 2026-04-29 01:30:00+00:00, run_after=2026-04-29 02:00:00+00:00
[2026-04-29T01:58:30.270+0000] {processor.py:183} INFO - Processing /opt/airflow/dags/flight-pipeline.py took 0.904 seconds
[2026-04-29T01:59:00.528+0000] {processor.py:161} INFO - Started process (PID=5718) to work on /opt/airflow/dags/flight-pipeline.py
[2026-04-29T01:59:00.530+0000] {processor.py:830} INFO - Processing file /opt/airflow/dags/flight-pipeline.py for tasks to queue
[2026-04-29T01:59:00.531+0000] {logging_mixin.py:188} INFO - [2026-04-29T01:59:00.531+0000] {dagbag.py:545} INFO - Filling up the DagBag from /opt/airflow/dags/flight-pipeline.py
[2026-04-29T01:59:01.526+0000] {processor.py:840} INFO - DAG(s) 'flights_ops_medallion_pipe' retrieved from /opt/airflow/dags/flight-pipeline.py
[2026-04-29T01:59:01.557+0000] {logging_mixin.py:188} INFO - [2026-04-29T01:59:01.556+0000] {dag.py:3089} INFO - Sync 1 DAGs
[2026-04-29T01:59:01.577+0000] {logging_mixin.py:188} INFO - [2026-04-29T01:59:01.577+0000] {dag.py:3947} INFO - Setting next_dagrun for flights_ops_medallion_pipe to 2026-04-29 01:30:00+00:00, run_after=2026-04-29 02:00:00+00:00
[2026-04-29T01:59:01.596+0000] {processor.py:183} INFO - Processing /opt/airflow/dags/flight-pipeline.py took 1.077 seconds
[2026-04-29T01:59:31.769+0000] {processor.py:161} INFO - Started process (PID=5721) to work on /opt/airflow/dags/flight-pipeline.py
[2026-04-29T01:59:31.771+0000] {processor.py:830} INFO - Processing file /opt/airflow/dags/flight-pipeline.py for tasks to queue
[2026-04-29T01:59:31.772+0000] {logging_mixin.py:188} INFO - [2026-04-29T01:59:31.772+0000] {dagbag.py:545} INFO - Filling up the DagBag from /opt/airflow/dags/flight-pipeline.py
[2026-04-29T01:59:32.709+0000] {processor.py:840} INFO - DAG(s) 'flights_ops_medallion_pipe' retrieved from /opt/airflow/dags/flight-pipeline.py
[2026-04-29T01:59:32.742+0000] {logging_mixin.py:188} INFO - [2026-04-29T01:59:32.741+0000] {dag.py:3089} INFO - Sync 1 DAGs
[2026-04-29T01:59:32.765+0000] {logging_mixin.py:188} INFO - [2026-04-29T01:59:32.765+0000] {dag.py:3947} INFO - Setting next_dagrun for flights_ops_medallion_pipe to 2026-04-29 01:30:00+00:00, run_after=2026-04-29 02:00:00+00:00
[2026-04-29T01:59:32.784+0000] {processor.py:183} INFO - Processing /opt/airflow/dags/flight-pipeline.py took 1.024 seconds
[2026-04-29T02:00:03.421+0000] {processor.py:161} INFO - Started process (PID=5725) to work on /opt/airflow/dags/flight-pipeline.py
[2026-04-29T02:00:03.426+0000] {processor.py:830} INFO - Processing file /opt/airflow/dags/flight-pipeline.py for tasks to queue
[2026-04-29T02:00:03.429+0000] {logging_mixin.py:188} INFO - [2026-04-29T02:00:03.428+0000] {dagbag.py:545} INFO - Filling up the DagBag from /opt/airflow/dags/flight-pipeline.py
[2026-04-29T02:00:04.803+0000] {processor.py:840} INFO - DAG(s) 'flights_ops_medallion_pipe' retrieved from /opt/airflow/dags/flight-pipeline.py
[2026-04-29T02:00:04.866+0000] {logging_mixin.py:188} INFO - [2026-04-29T02:00:04.866+0000] {dag.py:3089} INFO - Sync 1 DAGs
[2026-04-29T02:00:04.910+0000] {logging_mixin.py:188} INFO - [2026-04-29T02:00:04.910+0000] {dag.py:3947} INFO - Setting next_dagrun for flights_ops_medallion_pipe to 2026-04-29 02:00:00+00:00, run_after=2026-04-29 02:30:00+00:00
[2026-04-29T02:00:04.946+0000] {processor.py:183} INFO - Processing /opt/airflow/dags/flight-pipeline.py took 1.539 seconds
[2026-04-29T02:00:35.314+0000] {processor.py:161} INFO - Started process (PID=5771) to work on /opt/airflow/dags/flight-pipeline.py
[2026-04-29T02:00:35.316+0000] {processor.py:830} INFO - Processing file /opt/airflow/dags/flight-pipeline.py for tasks to queue
[2026-04-29T02:00:35.317+0000] {logging_mixin.py:188} INFO - [2026-04-29T02:00:35.317+0000] {dagbag.py:545} INFO - Filling up the DagBag from /opt/airflow/dags/flight-pipeline.py
[2026-04-29T02:00:36.689+0000] {processor.py:840} INFO - DAG(s) 'flights_ops_medallion_pipe' retrieved from /opt/airflow/dags/flight-pipeline.py
[2026-04-29T02:00:36.763+0000] {logging_mixin.py:188} INFO - [2026-04-29T02:00:36.762+0000] {dag.py:3089} INFO - Sync 1 DAGs
[2026-04-29T02:00:36.820+0000] {logging_mixin.py:188} INFO - [2026-04-29T02:00:36.820+0000] {dag.py:3947} INFO - Setting next_dagrun for flights_ops_medallion_pipe to 2026-04-29 02:00:00+00:00, run_after=2026-04-29 02:30:00+00:00
[2026-04-29T02:00:36.878+0000] {processor.py:183} INFO - Processing /opt/airflow/dags/flight-pipeline.py took 1.571 seconds
[2026-04-29T02:01:06.977+0000] {processor.py:161} INFO - Started process (PID=5774) to work on /opt/airflow/dags/flight-pipeline.py
[2026-04-29T02:01:06.981+0000] {processor.py:830} INFO - Processing file /opt/airflow/dags/flight-pipeline.py for tasks to queue
[2026-04-29T02:01:06.991+0000] {logging_mixin.py:188} INFO - [2026-04-29T02:01:06.985+0000] {dagbag.py:545} INFO - Filling up the DagBag from /opt/airflow/dags/flight-pipeline.py
[2026-04-29T02:01:08.003+0000] {processor.py:840} INFO - DAG(s) 'flights_ops_medallion_pipe' retrieved from /opt/airflow/dags/flight-pipeline.py
[2026-04-29T02:01:08.033+0000] {logging_mixin.py:188} INFO - [2026-04-29T02:01:08.033+0000] {dag.py:3089} INFO - Sync 1 DAGs
[2026-04-29T02:01:08.055+0000] {logging_mixin.py:188} INFO - [2026-04-29T02:01:08.055+0000] {dag.py:3947} INFO - Setting next_dagrun for flights_ops_medallion_pipe to 2026-04-29 02:00:00+00:00, run_after=2026-04-29 02:30:00+00:00
[2026-04-29T02:01:08.075+0000] {processor.py:183} INFO - Processing /opt/airflow/dags/flight-pipeline.py took 1.106 seconds
[2026-04-29T02:01:38.392+0000] {processor.py:161} INFO - Started process (PID=5777) to work on /opt/airflow/dags/flight-pipeline.py
[2026-04-29T02:01:38.396+0000] {processor.py:830} INFO - Processing file /opt/airflow/dags/flight-pipeline.py for tasks to queue
[2026-04-29T02:01:38.398+0000] {logging_mixin.py:188} INFO - [2026-04-29T02:01:38.397+0000] {dagbag.py:545} INFO - Filling up the DagBag from /opt/airflow/dags/flight-pipeline.py
[2026-04-29T02:01:39.540+0000] {processor.py:840} INFO - DAG(s) 'flights_ops_medallion_pipe' retrieved from /opt/airflow/dags/flight-pipeline.py
[2026-04-29T02:01:39.574+0000] {logging_mixin.py:188} INFO - [2026-04-29T02:01:39.573+0000] {dag.py:3089} INFO - Sync 1 DAGs
[2026-04-29T02:01:39.597+0000] {logging_mixin.py:188} INFO - [2026-04-29T02:01:39.596+0000] {dag.py:3947} INFO - Setting next_dagrun for flights_ops_medallion_pipe to 2026-04-29 02:00:00+00:00, run_after=2026-04-29 02:30:00+00:00
[2026-04-29T02:01:39.619+0000] {processor.py:183} INFO - Processing /opt/airflow/dags/flight-pipeline.py took 1.238 seconds
[2026-04-29T02:02:09.701+0000] {processor.py:161} INFO - Started process (PID=5780) to work on /opt/airflow/dags/flight-pipeline.py
[2026-04-29T02:02:09.702+0000] {processor.py:830} INFO - Processing file /opt/airflow/dags/flight-pipeline.py for tasks to queue
[2026-04-29T02:02:09.704+0000] {logging_mixin.py:188} INFO - [2026-04-29T02:02:09.703+0000] {dagbag.py:545} INFO - Filling up the DagBag from /opt/airflow/dags/flight-pipeline.py
[2026-04-29T02:02:10.589+0000] {processor.py:840} INFO - DAG(s) 'flights_ops_medallion_pipe' retrieved from /opt/airflow/dags/flight-pipeline.py
[2026-04-29T02:02:10.619+0000] {logging_mixin.py:188} INFO - [2026-04-29T02:02:10.618+0000] {dag.py:3089} INFO - Sync 1 DAGs
[2026-04-29T02:02:10.639+0000] {logging_mixin.py:188} INFO - [2026-04-29T02:02:10.639+0000] {dag.py:3947} INFO - Setting next_dagrun for flights_ops_medallion_pipe to 2026-04-29 02:00:00+00:00, run_after=2026-04-29 02:30:00+00:00
[2026-04-29T02:02:10.658+0000] {processor.py:183} INFO - Processing /opt/airflow/dags/flight-pipeline.py took 0.967 seconds
[2026-04-29T02:02:40.917+0000] {processor.py:161} INFO - Started process (PID=5783) to work on /opt/airflow/dags/flight-pipeline.py
[2026-04-29T02:02:40.919+0000] {processor.py:830} INFO - Processing file /opt/airflow/dags/flight-pipeline.py for tasks to queue
[2026-04-29T02:02:40.920+0000] {logging_mixin.py:188} INFO - [2026-04-29T02:02:40.920+0000] {dagbag.py:545} INFO - Filling up the DagBag from /opt/airflow/dags/flight-pipeline.py
[2026-04-29T02:02:41.862+0000] {processor.py:840} INFO - DAG(s) 'flights_ops_medallion_pipe' retrieved from /opt/airflow/dags/flight-pipeline.py
[2026-04-29T02:02:41.902+0000] {logging_mixin.py:188} INFO - [2026-04-29T02:02:41.902+0000] {dag.py:3089} INFO - Sync 1 DAGs
[2026-04-29T02:02:41.934+0000] {logging_mixin.py:188} INFO - [2026-04-29T02:02:41.934+0000] {dag.py:3947} INFO - Setting next_dagrun for flights_ops_medallion_pipe to 2026-04-29 02:00:00+00:00, run_after=2026-04-29 02:30:00+00:00
[2026-04-29T02:02:41.956+0000] {processor.py:183} INFO - Processing /opt/airflow/dags/flight-pipeline.py took 1.048 seconds
[2026-04-29T02:03:12.181+0000] {processor.py:161} INFO - Started process (PID=5786) to work on /opt/airflow/dags/flight-pipeline.py
[2026-04-29T02:03:12.182+0000] {processor.py:830} INFO - Processing file /opt/airflow/dags/flight-pipeline.py for tasks to queue
[2026-04-29T02:03:12.183+0000] {logging_mixin.py:188} INFO - [2026-04-29T02:03:12.183+0000] {dagbag.py:545} INFO - Filling up the DagBag from /opt/airflow/dags/flight-pipeline.py
[2026-04-29T02:03:13.126+0000] {processor.py:840} INFO - DAG(s) 'flights_ops_medallion_pipe' retrieved from /opt/airflow/dags/flight-pipeline.py
[2026-04-29T02:03:13.157+0000] {logging_mixin.py:188} INFO - [2026-04-29T02:03:13.157+0000] {dag.py:3089} INFO - Sync 1 DAGs
[2026-04-29T02:03:13.177+0000] {logging_mixin.py:188} INFO - [2026-04-29T02:03:13.177+0000] {dag.py:3947} INFO - Setting next_dagrun for flights_ops_medallion_pipe to 2026-04-29 02:00:00+00:00, run_after=2026-04-29 02:30:00+00:00
[2026-04-29T02:03:13.195+0000] {processor.py:183} INFO - Processing /opt/airflow/dags/flight-pipeline.py took 1.022 seconds
[2026-04-29T02:03:43.437+0000] {processor.py:161} INFO - Started process (PID=5789) to work on /opt/airflow/dags/flight-pipeline.py
[2026-04-29T02:03:43.439+0000] {processor.py:830} INFO - Processing file /opt/airflow/dags/flight-pipeline.py for tasks to queue
[2026-04-29T02:03:43.441+0000] {logging_mixin.py:188} INFO - [2026-04-29T02:03:43.441+0000] {dagbag.py:545} INFO - Filling up the DagBag from /opt/airflow/dags/flight-pipeline.py
[2026-04-29T02:03:44.317+0000] {processor.py:840} INFO - DAG(s) 'flights_ops_medallion_pipe' retrieved from /opt/airflow/dags/flight-pipeline.py
[2026-04-29T02:03:44.347+0000] {logging_mixin.py:188} INFO - [2026-04-29T02:03:44.347+0000] {dag.py:3089} INFO - Sync 1 DAGs
[2026-04-29T02:03:44.366+0000] {logging_mixin.py:188} INFO - [2026-04-29T02:03:44.366+0000] {dag.py:3947} INFO - Setting next_dagrun for flights_ops_medallion_pipe to 2026-04-29 02:00:00+00:00, run_after=2026-04-29 02:30:00+00:00
[2026-04-29T02:03:44.389+0000] {processor.py:183} INFO - Processing /opt/airflow/dags/flight-pipeline.py took 0.960 seconds
[2026-04-29T02:04:14.667+0000] {processor.py:161} INFO - Started process (PID=5792) to work on /opt/airflow/dags/flight-pipeline.py
[2026-04-29T02:04:14.669+0000] {processor.py:830} INFO - Processing file /opt/airflow/dags/flight-pipeline.py for tasks to queue
[2026-04-29T02:04:14.671+0000] {logging_mixin.py:188} INFO - [2026-04-29T02:04:14.670+0000] {dagbag.py:545} INFO - Filling up the DagBag from /opt/airflow/dags/flight-pipeline.py
[2026-04-29T02:04:15.494+0000] {processor.py:840} INFO - DAG(s) 'flights_ops_medallion_pipe' retrieved from /opt/airflow/dags/flight-pipeline.py
[2026-04-29T02:04:15.524+0000] {logging_mixin.py:188} INFO - [2026-04-29T02:04:15.523+0000] {dag.py:3089} INFO - Sync 1 DAGs
[2026-04-29T02:04:15.542+0000] {logging_mixin.py:188} INFO - [2026-04-29T02:04:15.542+0000] {dag.py:3947} INFO - Setting next_dagrun for flights_ops_medallion_pipe to 2026-04-29 02:00:00+00:00, run_after=2026-04-29 02:30:00+00:00
[2026-04-29T02:04:15.560+0000] {processor.py:183} INFO - Processing /opt/airflow/dags/flight-pipeline.py took 0.902 seconds
[2026-04-29T02:04:45.864+0000] {processor.py:161} INFO - Started process (PID=5795) to work on /opt/airflow/dags/flight-pipeline.py
[2026-04-29T02:04:45.866+0000] {processor.py:830} INFO - Processing file /opt/airflow/dags/flight-pipeline.py for tasks to queue
[2026-04-29T02:04:45.867+0000] {logging_mixin.py:188} INFO - [2026-04-29T02:04:45.866+0000] {dagbag.py:545} INFO - Filling up the DagBag from /opt/airflow/dags/flight-pipeline.py
[2026-04-29T02:04:46.643+0000] {processor.py:840} INFO - DAG(s) 'flights_ops_medallion_pipe' retrieved from /opt/airflow/dags/flight-pipeline.py
[2026-04-29T02:04:46.670+0000] {logging_mixin.py:188} INFO - [2026-04-29T02:04:46.670+0000] {dag.py:3089} INFO - Sync 1 DAGs
[2026-04-29T02:04:46.689+0000] {logging_mixin.py:188} INFO - [2026-04-29T02:04:46.688+0000] {dag.py:3947} INFO - Setting next_dagrun for flights_ops_medallion_pipe to 2026-04-29 02:00:00+00:00, run_after=2026-04-29 02:30:00+00:00
[2026-04-29T02:04:46.707+0000] {processor.py:183} INFO - Processing /opt/airflow/dags/flight-pipeline.py took 0.852 seconds
[2026-04-29T02:05:16.979+0000] {processor.py:161} INFO - Started process (PID=5798) to work on /opt/airflow/dags/flight-pipeline.py
[2026-04-29T02:05:16.981+0000] {processor.py:830} INFO - Processing file /opt/airflow/dags/flight-pipeline.py for tasks to queue
[2026-04-29T02:05:16.982+0000] {logging_mixin.py:188} INFO - [2026-04-29T02:05:16.982+0000] {dagbag.py:545} INFO - Filling up the DagBag from /opt/airflow/dags/flight-pipeline.py
[2026-04-29T02:05:17.809+0000] {processor.py:840} INFO - DAG(s) 'flights_ops_medallion_pipe' retrieved from /opt/airflow/dags/flight-pipeline.py
[2026-04-29T02:05:17.838+0000] {logging_mixin.py:188} INFO - [2026-04-29T02:05:17.838+0000] {dag.py:3089} INFO - Sync 1 DAGs
[2026-04-29T02:05:17.859+0000] {logging_mixin.py:188} INFO - [2026-04-29T02:05:17.859+0000] {dag.py:3947} INFO - Setting next_dagrun for flights_ops_medallion_pipe to 2026-04-29 02:00:00+00:00, run_after=2026-04-29 02:30:00+00:00
[2026-04-29T02:05:17.875+0000] {processor.py:183} INFO - Processing /opt/airflow/dags/flight-pipeline.py took 0.905 seconds
[2026-04-29T02:05:48.174+0000] {processor.py:161} INFO - Started process (PID=5801) to work on /opt/airflow/dags/flight-pipeline.py
[2026-04-29T02:05:48.176+0000] {processor.py:830} INFO - Processing file /opt/airflow/dags/flight-pipeline.py for tasks to queue
[2026-04-29T02:05:48.177+0000] {logging_mixin.py:188} INFO - [2026-04-29T02:05:48.177+0000] {dagbag.py:545} INFO - Filling up the DagBag from /opt/airflow/dags/flight-pipeline.py
[2026-04-29T02:05:49.091+0000] {processor.py:840} INFO - DAG(s) 'flights_ops_medallion_pipe' retrieved from /opt/airflow/dags/flight-pipeline.py
[2026-04-29T02:05:49.121+0000] {logging_mixin.py:188} INFO - [2026-04-29T02:05:49.121+0000] {dag.py:3089} INFO - Sync 1 DAGs
[2026-04-29T02:05:49.141+0000] {logging_mixin.py:188} INFO - [2026-04-29T02:05:49.140+0000] {dag.py:3947} INFO - Setting next_dagrun for flights_ops_medallion_pipe to 2026-04-29 02:00:00+00:00, run_after=2026-04-29 02:30:00+00:00
[2026-04-29T02:05:49.158+0000] {processor.py:183} INFO - Processing /opt/airflow/dags/flight-pipeline.py took 0.995 seconds
[2026-04-29T02:06:19.421+0000] {processor.py:161} INFO - Started process (PID=5804) to work on /opt/airflow/dags/flight-pipeline.py
[2026-04-29T02:06:19.424+0000] {processor.py:830} INFO - Processing file /opt/airflow/dags/flight-pipeline.py for tasks to queue
[2026-04-29T02:06:19.425+0000] {logging_mixin.py:188} INFO - [2026-04-29T02:06:19.425+0000] {dagbag.py:545} INFO - Filling up the DagBag from /opt/airflow/dags/flight-pipeline.py
[2026-04-29T02:06:20.247+0000] {processor.py:840} INFO - DAG(s) 'flights_ops_medallion_pipe' retrieved from /opt/airflow/dags/flight-pipeline.py
[2026-04-29T02:06:20.281+0000] {logging_mixin.py:188} INFO - [2026-04-29T02:06:20.280+0000] {dag.py:3089} INFO - Sync 1 DAGs
[2026-04-29T02:06:20.302+0000] {logging_mixin.py:188} INFO - [2026-04-29T02:06:20.302+0000] {dag.py:3947} INFO - Setting next_dagrun for flights_ops_medallion_pipe to 2026-04-29 02:00:00+00:00, run_after=2026-04-29 02:30:00+00:00
[2026-04-29T02:06:20.321+0000] {processor.py:183} INFO - Processing /opt/airflow/dags/flight-pipeline.py took 0.908 seconds
[2026-04-29T02:06:50.590+0000] {processor.py:161} INFO - Started process (PID=5807) to work on /opt/airflow/dags/flight-pipeline.py
[2026-04-29T02:06:50.592+0000] {processor.py:830} INFO - Processing file /opt/airflow/dags/flight-pipeline.py for tasks to queue
[2026-04-29T02:06:50.593+0000] {logging_mixin.py:188} INFO - [2026-04-29T02:06:50.592+0000] {dagbag.py:545} INFO - Filling up the DagBag from /opt/airflow/dags/flight-pipeline.py
[2026-04-29T02:06:51.459+0000] {processor.py:840} INFO - DAG(s) 'flights_ops_medallion_pipe' retrieved from /opt/airflow/dags/flight-pipeline.py
[2026-04-29T02:06:51.488+0000] {logging_mixin.py:188} INFO - [2026-04-29T02:06:51.488+0000] {dag.py:3089} INFO - Sync 1 DAGs
[2026-04-29T02:06:51.507+0000] {logging_mixin.py:188} INFO - [2026-04-29T02:06:51.506+0000] {dag.py:3947} INFO - Setting next_dagrun for flights_ops_medallion_pipe to 2026-04-29 02:00:00+00:00, run_after=2026-04-29 02:30:00+00:00
[2026-04-29T02:06:51.526+0000] {processor.py:183} INFO - Processing /opt/airflow/dags/flight-pipeline.py took 0.945 seconds
[2026-04-29T02:07:21.798+0000] {processor.py:161} INFO - Started process (PID=5810) to work on /opt/airflow/dags/flight-pipeline.py
[2026-04-29T02:07:21.800+0000] {processor.py:830} INFO - Processing file /opt/airflow/dags/flight-pipeline.py for tasks to queue
[2026-04-29T02:07:21.802+0000] {logging_mixin.py:188} INFO - [2026-04-29T02:07:21.801+0000] {dagbag.py:545} INFO - Filling up the DagBag from /opt/airflow/dags/flight-pipeline.py
[2026-04-29T02:07:22.738+0000] {processor.py:840} INFO - DAG(s) 'flights_ops_medallion_pipe' retrieved from /opt/airflow/dags/flight-pipeline.py
[2026-04-29T02:07:22.768+0000] {logging_mixin.py:188} INFO - [2026-04-29T02:07:22.767+0000] {dag.py:3089} INFO - Sync 1 DAGs
[2026-04-29T02:07:22.788+0000] {logging_mixin.py:188} INFO - [2026-04-29T02:07:22.788+0000] {dag.py:3947} INFO - Setting next_dagrun for flights_ops_medallion_pipe to 2026-04-29 02:00:00+00:00, run_after=2026-04-29 02:30:00+00:00
[2026-04-29T02:07:22.807+0000] {processor.py:183} INFO - Processing /opt/airflow/dags/flight-pipeline.py took 1.017 seconds
[2026-04-29T02:07:53.074+0000] {processor.py:161} INFO - Started process (PID=5813) to work on /opt/airflow/dags/flight-pipeline.py
[2026-04-29T02:07:53.076+0000] {processor.py:830} INFO - Processing file /opt/airflow/dags/flight-pipeline.py for tasks to queue
[2026-04-29T02:07:53.077+0000] {logging_mixin.py:188} INFO - [2026-04-29T02:07:53.077+0000] {dagbag.py:545} INFO - Filling up the DagBag from /opt/airflow/dags/flight-pipeline.py
[2026-04-29T02:07:53.839+0000] {processor.py:840} INFO - DAG(s) 'flights_ops_medallion_pipe' retrieved from /opt/airflow/dags/flight-pipeline.py
[2026-04-29T02:07:53.868+0000] {logging_mixin.py:188} INFO - [2026-04-29T02:07:53.867+0000] {dag.py:3089} INFO - Sync 1 DAGs
[2026-04-29T02:07:53.888+0000] {logging_mixin.py:188} INFO - [2026-04-29T02:07:53.888+0000] {dag.py:3947} INFO - Setting next_dagrun for flights_ops_medallion_pipe to 2026-04-29 02:00:00+00:00, run_after=2026-04-29 02:30:00+00:00
[2026-04-29T02:07:53.906+0000] {processor.py:183} INFO - Processing /opt/airflow/dags/flight-pipeline.py took 0.841 seconds
[2026-04-29T02:08:24.227+0000] {processor.py:161} INFO - Started process (PID=5816) to work on /opt/airflow/dags/flight-pipeline.py
[2026-04-29T02:08:24.229+0000] {processor.py:830} INFO - Processing file /opt/airflow/dags/flight-pipeline.py for tasks to queue
[2026-04-29T02:08:24.230+0000] {logging_mixin.py:188} INFO - [2026-04-29T02:08:24.229+0000] {dagbag.py:545} INFO - Filling up the DagBag from /opt/airflow/dags/flight-pipeline.py
[2026-04-29T02:08:25.011+0000] {processor.py:840} INFO - DAG(s) 'flights_ops_medallion_pipe' retrieved from /opt/airflow/dags/flight-pipeline.py
[2026-04-29T02:08:25.040+0000] {logging_mixin.py:188} INFO - [2026-04-29T02:08:25.040+0000] {dag.py:3089} INFO - Sync 1 DAGs
[2026-04-29T02:08:25.060+0000] {logging_mixin.py:188} INFO - [2026-04-29T02:08:25.060+0000] {dag.py:3947} INFO - Setting next_dagrun for flights_ops_medallion_pipe to 2026-04-29 02:00:00+00:00, run_after=2026-04-29 02:30:00+00:00
[2026-04-29T02:08:25.078+0000] {processor.py:183} INFO - Processing /opt/airflow/dags/flight-pipeline.py took 0.860 seconds
[2026-04-29T02:08:55.468+0000] {processor.py:161} INFO - Started process (PID=5819) to work on /opt/airflow/dags/flight-pipeline.py
[2026-04-29T02:08:55.471+0000] {processor.py:830} INFO - Processing file /opt/airflow/dags/flight-pipeline.py for tasks to queue
[2026-04-29T02:08:55.473+0000] {logging_mixin.py:188} INFO - [2026-04-29T02:08:55.472+0000] {dagbag.py:545} INFO - Filling up the DagBag from /opt/airflow/dags/flight-pipeline.py
[2026-04-29T02:08:56.483+0000] {processor.py:840} INFO - DAG(s) 'flights_ops_medallion_pipe' retrieved from /opt/airflow/dags/flight-pipeline.py
[2026-04-29T02:08:56.518+0000] {logging_mixin.py:188} INFO - [2026-04-29T02:08:56.517+0000] {dag.py:3089} INFO - Sync 1 DAGs
[2026-04-29T02:08:56.541+0000] {logging_mixin.py:188} INFO - [2026-04-29T02:08:56.540+0000] {dag.py:3947} INFO - Setting next_dagrun for flights_ops_medallion_pipe to 2026-04-29 02:00:00+00:00, run_after=2026-04-29 02:30:00+00:00
[2026-04-29T02:08:56.560+0000] {processor.py:183} INFO - Processing /opt/airflow/dags/flight-pipeline.py took 1.102 seconds
[2026-04-29T02:09:26.747+0000] {processor.py:161} INFO - Started process (PID=5822) to work on /opt/airflow/dags/flight-pipeline.py
[2026-04-29T02:09:26.749+0000] {processor.py:830} INFO - Processing file /opt/airflow/dags/flight-pipeline.py for tasks to queue
[2026-04-29T02:09:26.750+0000] {logging_mixin.py:188} INFO - [2026-04-29T02:09:26.750+0000] {dagbag.py:545} INFO - Filling up the DagBag from /opt/airflow/dags/flight-pipeline.py
[2026-04-29T02:09:27.654+0000] {processor.py:840} INFO - DAG(s) 'flights_ops_medallion_pipe' retrieved from /opt/airflow/dags/flight-pipeline.py
[2026-04-29T02:09:27.690+0000] {logging_mixin.py:188} INFO - [2026-04-29T02:09:27.690+0000] {dag.py:3089} INFO - Sync 1 DAGs
[2026-04-29T02:09:27.720+0000] {logging_mixin.py:188} INFO - [2026-04-29T02:09:27.720+0000] {dag.py:3947} INFO - Setting next_dagrun for flights_ops_medallion_pipe to 2026-04-29 02:00:00+00:00, run_after=2026-04-29 02:30:00+00:00
[2026-04-29T02:09:27.742+0000] {processor.py:183} INFO - Processing /opt/airflow/dags/flight-pipeline.py took 1.004 seconds
[2026-04-29T02:09:58.008+0000] {processor.py:161} INFO - Started process (PID=5825) to work on /opt/airflow/dags/flight-pipeline.py
[2026-04-29T02:09:58.009+0000] {processor.py:830} INFO - Processing file /opt/airflow/dags/flight-pipeline.py for tasks to queue
[2026-04-29T02:09:58.011+0000] {logging_mixin.py:188} INFO - [2026-04-29T02:09:58.010+0000] {dagbag.py:545} INFO - Filling up the DagBag from /opt/airflow/dags/flight-pipeline.py
[2026-04-29T02:09:58.787+0000] {processor.py:840} INFO - DAG(s) 'flights_ops_medallion_pipe' retrieved from /opt/airflow/dags/flight-pipeline.py
[2026-04-29T02:09:58.818+0000] {logging_mixin.py:188} INFO - [2026-04-29T02:09:58.817+0000] {dag.py:3089} INFO - Sync 1 DAGs
[2026-04-29T02:09:58.838+0000] {logging_mixin.py:188} INFO - [2026-04-29T02:09:58.838+0000] {dag.py:3947} INFO - Setting next_dagrun for flights_ops_medallion_pipe to 2026-04-29 02:00:00+00:00, run_after=2026-04-29 02:30:00+00:00
[2026-04-29T02:09:58.857+0000] {processor.py:183} INFO - Processing /opt/airflow/dags/flight-pipeline.py took 0.858 seconds
[2026-04-29T02:10:29.155+0000] {processor.py:161} INFO - Started process (PID=5828) to work on /opt/airflow/dags/flight-pipeline.py
[2026-04-29T02:10:29.157+0000] {processor.py:830} INFO - Processing file /opt/airflow/dags/flight-pipeline.py for tasks to queue
[2026-04-29T02:10:29.158+0000] {logging_mixin.py:188} INFO - [2026-04-29T02:10:29.158+0000] {dagbag.py:545} INFO - Filling up the DagBag from /opt/airflow/dags/flight-pipeline.py
[2026-04-29T02:10:29.951+0000] {processor.py:840} INFO - DAG(s) 'flights_ops_medallion_pipe' retrieved from /opt/airflow/dags/flight-pipeline.py
[2026-04-29T02:10:29.978+0000] {logging_mixin.py:188} INFO - [2026-04-29T02:10:29.978+0000] {dag.py:3089} INFO - Sync 1 DAGs
[2026-04-29T02:10:30.003+0000] {logging_mixin.py:188} INFO - [2026-04-29T02:10:30.003+0000] {dag.py:3947} INFO - Setting next_dagrun for flights_ops_medallion_pipe to 2026-04-29 02:00:00+00:00, run_after=2026-04-29 02:30:00+00:00
[2026-04-29T02:10:30.027+0000] {processor.py:183} INFO - Processing /opt/airflow/dags/flight-pipeline.py took 0.880 seconds
[2026-04-29T02:11:00.347+0000] {processor.py:161} INFO - Started process (PID=5831) to work on /opt/airflow/dags/flight-pipeline.py
[2026-04-29T02:11:00.348+0000] {processor.py:830} INFO - Processing file /opt/airflow/dags/flight-pipeline.py for tasks to queue
[2026-04-29T02:11:00.350+0000] {logging_mixin.py:188} INFO - [2026-04-29T02:11:00.349+0000] {dagbag.py:545} INFO - Filling up the DagBag from /opt/airflow/dags/flight-pipeline.py
[2026-04-29T02:11:01.174+0000] {processor.py:840} INFO - DAG(s) 'flights_ops_medallion_pipe' retrieved from /opt/airflow/dags/flight-pipeline.py
[2026-04-29T02:11:01.212+0000] {logging_mixin.py:188} INFO - [2026-04-29T02:11:01.211+0000] {dag.py:3089} INFO - Sync 1 DAGs
[2026-04-29T02:11:01.239+0000] {logging_mixin.py:188} INFO - [2026-04-29T02:11:01.239+0000] {dag.py:3947} INFO - Setting next_dagrun for flights_ops_medallion_pipe to 2026-04-29 02:00:00+00:00, run_after=2026-04-29 02:30:00+00:00
[2026-04-29T02:11:01.259+0000] {processor.py:183} INFO - Processing /opt/airflow/dags/flight-pipeline.py took 0.922 seconds
[2026-04-29T02:11:31.529+0000] {processor.py:161} INFO - Started process (PID=5834) to work on /opt/airflow/dags/flight-pipeline.py
[2026-04-29T02:11:31.530+0000] {processor.py:830} INFO - Processing file /opt/airflow/dags/flight-pipeline.py for tasks to queue
[2026-04-29T02:11:31.532+0000] {logging_mixin.py:188} INFO - [2026-04-29T02:11:31.531+0000] {dagbag.py:545} INFO - Filling up the DagBag from /opt/airflow/dags/flight-pipeline.py
[2026-04-29T02:11:32.435+0000] {processor.py:840} INFO - DAG(s) 'flights_ops_medallion_pipe' retrieved from /opt/airflow/dags/flight-pipeline.py
[2026-04-29T02:11:32.468+0000] {logging_mixin.py:188} INFO - [2026-04-29T02:11:32.467+0000] {dag.py:3089} INFO - Sync 1 DAGs
[2026-04-29T02:11:32.500+0000] {logging_mixin.py:188} INFO - [2026-04-29T02:11:32.499+0000] {dag.py:3947} INFO - Setting next_dagrun for flights_ops_medallion_pipe to 2026-04-29 02:00:00+00:00, run_after=2026-04-29 02:30:00+00:00
[2026-04-29T02:11:32.526+0000] {processor.py:183} INFO - Processing /opt/airflow/dags/flight-pipeline.py took 1.005 seconds
[2026-04-29T02:12:02.790+0000] {processor.py:161} INFO - Started process (PID=5837) to work on /opt/airflow/dags/flight-pipeline.py
[2026-04-29T02:12:02.793+0000] {processor.py:830} INFO - Processing file /opt/airflow/dags/flight-pipeline.py for tasks to queue
[2026-04-29T02:12:02.796+0000] {logging_mixin.py:188} INFO - [2026-04-29T02:12:02.795+0000] {dagbag.py:545} INFO - Filling up the DagBag from /opt/airflow/dags/flight-pipeline.py
[2026-04-29T02:12:03.625+0000] {processor.py:840} INFO - DAG(s) 'flights_ops_medallion_pipe' retrieved from /opt/airflow/dags/flight-pipeline.py
[2026-04-29T02:12:03.659+0000] {logging_mixin.py:188} INFO - [2026-04-29T02:12:03.658+0000] {dag.py:3089} INFO - Sync 1 DAGs
[2026-04-29T02:12:03.677+0000] {logging_mixin.py:188} INFO - [2026-04-29T02:12:03.677+0000] {dag.py:3947} INFO - Setting next_dagrun for flights_ops_medallion_pipe to 2026-04-29 02:00:00+00:00, run_after=2026-04-29 02:30:00+00:00
[2026-04-29T02:12:03.695+0000] {processor.py:183} INFO - Processing /opt/airflow/dags/flight-pipeline.py took 0.912 seconds
[2026-04-29T02:12:33.968+0000] {processor.py:161} INFO - Started process (PID=5840) to work on /opt/airflow/dags/flight-pipeline.py
[2026-04-29T02:12:33.971+0000] {processor.py:830} INFO - Processing file /opt/airflow/dags/flight-pipeline.py for tasks to queue
[2026-04-29T02:12:33.972+0000] {logging_mixin.py:188} INFO - [2026-04-29T02:12:33.972+0000] {dagbag.py:545} INFO - Filling up the DagBag from /opt/airflow/dags/flight-pipeline.py
[2026-04-29T02:12:34.877+0000] {processor.py:840} INFO - DAG(s) 'flights_ops_medallion_pipe' retrieved from /opt/airflow/dags/flight-pipeline.py
[2026-04-29T02:12:34.910+0000] {logging_mixin.py:188} INFO - [2026-04-29T02:12:34.909+0000] {dag.py:3089} INFO - Sync 1 DAGs
[2026-04-29T02:12:34.932+0000] {logging_mixin.py:188} INFO - [2026-04-29T02:12:34.932+0000] {dag.py:3947} INFO - Setting next_dagrun for flights_ops_medallion_pipe to 2026-04-29 02:00:00+00:00, run_after=2026-04-29 02:30:00+00:00
[2026-04-29T02:12:34.954+0000] {processor.py:183} INFO - Processing /opt/airflow/dags/flight-pipeline.py took 0.994 seconds
[2026-04-29T02:13:05.228+0000] {processor.py:161} INFO - Started process (PID=5843) to work on /opt/airflow/dags/flight-pipeline.py
[2026-04-29T02:13:05.230+0000] {processor.py:830} INFO - Processing file /opt/airflow/dags/flight-pipeline.py for tasks to queue
[2026-04-29T02:13:05.232+0000] {logging_mixin.py:188} INFO - [2026-04-29T02:13:05.231+0000] {dagbag.py:545} INFO - Filling up the DagBag from /opt/airflow/dags/flight-pipeline.py
[2026-04-29T02:13:06.037+0000] {processor.py:840} INFO - DAG(s) 'flights_ops_medallion_pipe' retrieved from /opt/airflow/dags/flight-pipeline.py
[2026-04-29T02:13:06.068+0000] {logging_mixin.py:188} INFO - [2026-04-29T02:13:06.068+0000] {dag.py:3089} INFO - Sync 1 DAGs
[2026-04-29T02:13:06.088+0000] {logging_mixin.py:188} INFO - [2026-04-29T02:13:06.088+0000] {dag.py:3947} INFO - Setting next_dagrun for flights_ops_medallion_pipe to 2026-04-29 02:00:00+00:00, run_after=2026-04-29 02:30:00+00:00
[2026-04-29T02:13:06.111+0000] {processor.py:183} INFO - Processing /opt/airflow/dags/flight-pipeline.py took 0.891 seconds
[2026-04-29T02:13:36.425+0000] {processor.py:161} INFO - Started process (PID=5846) to work on /opt/airflow/dags/flight-pipeline.py
[2026-04-29T02:13:36.427+0000] {processor.py:830} INFO - Processing file /opt/airflow/dags/flight-pipeline.py for tasks to queue
[2026-04-29T02:13:36.428+0000] {logging_mixin.py:188} INFO - [2026-04-29T02:13:36.428+0000] {dagbag.py:545} INFO - Filling up the DagBag from /opt/airflow/dags/flight-pipeline.py
[2026-04-29T02:13:37.552+0000] {processor.py:840} INFO - DAG(s) 'flights_ops_medallion_pipe' retrieved from /opt/airflow/dags/flight-pipeline.py
[2026-04-29T02:13:37.583+0000] {logging_mixin.py:188} INFO - [2026-04-29T02:13:37.582+0000] {dag.py:3089} INFO - Sync 1 DAGs
[2026-04-29T02:13:37.602+0000] {logging_mixin.py:188} INFO - [2026-04-29T02:13:37.602+0000] {dag.py:3947} INFO - Setting next_dagrun for flights_ops_medallion_pipe to 2026-04-29 02:00:00+00:00, run_after=2026-04-29 02:30:00+00:00
[2026-04-29T02:13:37.621+0000] {processor.py:183} INFO - Processing /opt/airflow/dags/flight-pipeline.py took 1.205 seconds
[2026-04-29T02:14:07.717+0000] {processor.py:161} INFO - Started process (PID=5849) to work on /opt/airflow/dags/flight-pipeline.py
[2026-04-29T02:14:07.719+0000] {processor.py:830} INFO - Processing file /opt/airflow/dags/flight-pipeline.py for tasks to queue
[2026-04-29T02:14:07.721+0000] {logging_mixin.py:188} INFO - [2026-04-29T02:14:07.721+0000] {dagbag.py:545} INFO - Filling up the DagBag from /opt/airflow/dags/flight-pipeline.py
[2026-04-29T02:14:08.652+0000] {processor.py:840} INFO - DAG(s) 'flights_ops_medallion_pipe' retrieved from /opt/airflow/dags/flight-pipeline.py
[2026-04-29T02:14:08.685+0000] {logging_mixin.py:188} INFO - [2026-04-29T02:14:08.684+0000] {dag.py:3089} INFO - Sync 1 DAGs
[2026-04-29T02:14:08.708+0000] {logging_mixin.py:188} INFO - [2026-04-29T02:14:08.708+0000] {dag.py:3947} INFO - Setting next_dagrun for flights_ops_medallion_pipe to 2026-04-29 02:00:00+00:00, run_after=2026-04-29 02:30:00+00:00
[2026-04-29T02:14:08.727+0000] {processor.py:183} INFO - Processing /opt/airflow/dags/flight-pipeline.py took 1.020 seconds
[2026-04-29T02:14:38.965+0000] {processor.py:161} INFO - Started process (PID=5852) to work on /opt/airflow/dags/flight-pipeline.py
[2026-04-29T02:14:38.967+0000] {processor.py:830} INFO - Processing file /opt/airflow/dags/flight-pipeline.py for tasks to queue
[2026-04-29T02:14:38.968+0000] {logging_mixin.py:188} INFO - [2026-04-29T02:14:38.967+0000] {dagbag.py:545} INFO - Filling up the DagBag from /opt/airflow/dags/flight-pipeline.py
[2026-04-29T02:14:39.973+0000] {processor.py:840} INFO - DAG(s) 'flights_ops_medallion_pipe' retrieved from /opt/airflow/dags/flight-pipeline.py
[2026-04-29T02:14:40.028+0000] {logging_mixin.py:188} INFO - [2026-04-29T02:14:40.027+0000] {dag.py:3089} INFO - Sync 1 DAGs
[2026-04-29T02:14:40.062+0000] {logging_mixin.py:188} INFO - [2026-04-29T02:14:40.061+0000] {dag.py:3947} INFO - Setting next_dagrun for flights_ops_medallion_pipe to 2026-04-29 02:00:00+00:00, run_after=2026-04-29 02:30:00+00:00
[2026-04-29T02:14:40.084+0000] {processor.py:183} INFO - Processing /opt/airflow/dags/flight-pipeline.py took 1.127 seconds
[2026-04-29T02:15:10.202+0000] {processor.py:161} INFO - Started process (PID=5855) to work on /opt/airflow/dags/flight-pipeline.py
[2026-04-29T02:15:10.205+0000] {processor.py:830} INFO - Processing file /opt/airflow/dags/flight-pipeline.py for tasks to queue
[2026-04-29T02:15:10.206+0000] {logging_mixin.py:188} INFO - [2026-04-29T02:15:10.205+0000] {dagbag.py:545} INFO - Filling up the DagBag from /opt/airflow/dags/flight-pipeline.py
[2026-04-29T02:15:11.027+0000] {processor.py:840} INFO - DAG(s) 'flights_ops_medallion_pipe' retrieved from /opt/airflow/dags/flight-pipeline.py
[2026-04-29T02:15:11.062+0000] {logging_mixin.py:188} INFO - [2026-04-29T02:15:11.061+0000] {dag.py:3089} INFO - Sync 1 DAGs
[2026-04-29T02:15:11.082+0000] {logging_mixin.py:188} INFO - [2026-04-29T02:15:11.081+0000] {dag.py:3947} INFO - Setting next_dagrun for flights_ops_medallion_pipe to 2026-04-29 02:00:00+00:00, run_after=2026-04-29 02:30:00+00:00
[2026-04-29T02:15:11.100+0000] {processor.py:183} INFO - Processing /opt/airflow/dags/flight-pipeline.py took 0.906 seconds
[2026-04-29T02:15:41.389+0000] {processor.py:161} INFO - Started process (PID=5858) to work on /opt/airflow/dags/flight-pipeline.py
[2026-04-29T02:15:41.392+0000] {processor.py:830} INFO - Processing file /opt/airflow/dags/flight-pipeline.py for tasks to queue
[2026-04-29T02:15:41.393+0000] {logging_mixin.py:188} INFO - [2026-04-29T02:15:41.392+0000] {dagbag.py:545} INFO - Filling up the DagBag from /opt/airflow/dags/flight-pipeline.py
[2026-04-29T02:15:42.236+0000] {processor.py:840} INFO - DAG(s) 'flights_ops_medallion_pipe' retrieved from /opt/airflow/dags/flight-pipeline.py
[2026-04-29T02:15:42.267+0000] {logging_mixin.py:188} INFO - [2026-04-29T02:15:42.266+0000] {dag.py:3089} INFO - Sync 1 DAGs
[2026-04-29T02:15:42.287+0000] {logging_mixin.py:188} INFO - [2026-04-29T02:15:42.287+0000] {dag.py:3947} INFO - Setting next_dagrun for flights_ops_medallion_pipe to 2026-04-29 02:00:00+00:00, run_after=2026-04-29 02:30:00+00:00
[2026-04-29T02:15:42.304+0000] {processor.py:183} INFO - Processing /opt/airflow/dags/flight-pipeline.py took 0.924 seconds
[2026-04-29T02:16:12.591+0000] {processor.py:161} INFO - Started process (PID=5861) to work on /opt/airflow/dags/flight-pipeline.py
[2026-04-29T02:16:12.593+0000] {processor.py:830} INFO - Processing file /opt/airflow/dags/flight-pipeline.py for tasks to queue
[2026-04-29T02:16:12.595+0000] {logging_mixin.py:188} INFO - [2026-04-29T02:16:12.594+0000] {dagbag.py:545} INFO - Filling up the DagBag from /opt/airflow/dags/flight-pipeline.py
[2026-04-29T02:16:13.376+0000] {processor.py:840} INFO - DAG(s) 'flights_ops_medallion_pipe' retrieved from /opt/airflow/dags/flight-pipeline.py
[2026-04-29T02:16:13.419+0000] {logging_mixin.py:188} INFO - [2026-04-29T02:16:13.418+0000] {dag.py:3089} INFO - Sync 1 DAGs
[2026-04-29T02:16:13.454+0000] {logging_mixin.py:188} INFO - [2026-04-29T02:16:13.454+0000] {dag.py:3947} INFO - Setting next_dagrun for flights_ops_medallion_pipe to 2026-04-29 02:00:00+00:00, run_after=2026-04-29 02:30:00+00:00
[2026-04-29T02:16:13.475+0000] {processor.py:183} INFO - Processing /opt/airflow/dags/flight-pipeline.py took 0.893 seconds
[2026-04-29T02:16:43.753+0000] {processor.py:161} INFO - Started process (PID=5864) to work on /opt/airflow/dags/flight-pipeline.py
[2026-04-29T02:16:43.755+0000] {processor.py:830} INFO - Processing file /opt/airflow/dags/flight-pipeline.py for tasks to queue
[2026-04-29T02:16:43.757+0000] {logging_mixin.py:188} INFO - [2026-04-29T02:16:43.756+0000] {dagbag.py:545} INFO - Filling up the DagBag from /opt/airflow/dags/flight-pipeline.py
[2026-04-29T02:16:44.737+0000] {processor.py:840} INFO - DAG(s) 'flights_ops_medallion_pipe' retrieved from /opt/airflow/dags/flight-pipeline.py
[2026-04-29T02:16:44.768+0000] {logging_mixin.py:188} INFO - [2026-04-29T02:16:44.767+0000] {dag.py:3089} INFO - Sync 1 DAGs
[2026-04-29T02:16:44.790+0000] {logging_mixin.py:188} INFO - [2026-04-29T02:16:44.789+0000] {dag.py:3947} INFO - Setting next_dagrun for flights_ops_medallion_pipe to 2026-04-29 02:00:00+00:00, run_after=2026-04-29 02:30:00+00:00
[2026-04-29T02:16:44.810+0000] {processor.py:183} INFO - Processing /opt/airflow/dags/flight-pipeline.py took 1.066 seconds
[2026-04-29T02:17:15.017+0000] {processor.py:161} INFO - Started process (PID=5867) to work on /opt/airflow/dags/flight-pipeline.py
[2026-04-29T02:17:15.019+0000] {processor.py:830} INFO - Processing file /opt/airflow/dags/flight-pipeline.py for tasks to queue
[2026-04-29T02:17:15.020+0000] {logging_mixin.py:188} INFO - [2026-04-29T02:17:15.020+0000] {dagbag.py:545} INFO - Filling up the DagBag from /opt/airflow/dags/flight-pipeline.py
[2026-04-29T02:17:16.065+0000] {processor.py:840} INFO - DAG(s) 'flights_ops_medallion_pipe' retrieved from /opt/airflow/dags/flight-pipeline.py
[2026-04-29T02:17:16.097+0000] {logging_mixin.py:188} INFO - [2026-04-29T02:17:16.097+0000] {dag.py:3089} INFO - Sync 1 DAGs
[2026-04-29T02:17:16.121+0000] {logging_mixin.py:188} INFO - [2026-04-29T02:17:16.121+0000] {dag.py:3947} INFO - Setting next_dagrun for flights_ops_medallion_pipe to 2026-04-29 02:00:00+00:00, run_after=2026-04-29 02:30:00+00:00
[2026-04-29T02:17:16.141+0000] {processor.py:183} INFO - Processing /opt/airflow/dags/flight-pipeline.py took 1.133 seconds
[2026-04-29T02:17:46.310+0000] {processor.py:161} INFO - Started process (PID=5870) to work on /opt/airflow/dags/flight-pipeline.py
[2026-04-29T02:17:46.312+0000] {processor.py:830} INFO - Processing file /opt/airflow/dags/flight-pipeline.py for tasks to queue
[2026-04-29T02:17:46.313+0000] {logging_mixin.py:188} INFO - [2026-04-29T02:17:46.312+0000] {dagbag.py:545} INFO - Filling up the DagBag from /opt/airflow/dags/flight-pipeline.py
[2026-04-29T02:17:47.222+0000] {processor.py:840} INFO - DAG(s) 'flights_ops_medallion_pipe' retrieved from /opt/airflow/dags/flight-pipeline.py
[2026-04-29T02:17:47.251+0000] {logging_mixin.py:188} INFO - [2026-04-29T02:17:47.251+0000] {dag.py:3089} INFO - Sync 1 DAGs
[2026-04-29T02:17:47.270+0000] {logging_mixin.py:188} INFO - [2026-04-29T02:17:47.270+0000] {dag.py:3947} INFO - Setting next_dagrun for flights_ops_medallion_pipe to 2026-04-29 02:00:00+00:00, run_after=2026-04-29 02:30:00+00:00
[2026-04-29T02:17:47.287+0000] {processor.py:183} INFO - Processing /opt/airflow/dags/flight-pipeline.py took 0.986 seconds
[2026-04-29T02:18:17.576+0000] {processor.py:161} INFO - Started process (PID=5873) to work on /opt/airflow/dags/flight-pipeline.py
[2026-04-29T02:18:17.583+0000] {processor.py:830} INFO - Processing file /opt/airflow/dags/flight-pipeline.py for tasks to queue
[2026-04-29T02:18:17.585+0000] {logging_mixin.py:188} INFO - [2026-04-29T02:18:17.584+0000] {dagbag.py:545} INFO - Filling up the DagBag from /opt/airflow/dags/flight-pipeline.py
[2026-04-29T02:18:18.473+0000] {processor.py:840} INFO - DAG(s) 'flights_ops_medallion_pipe' retrieved from /opt/airflow/dags/flight-pipeline.py
[2026-04-29T02:18:18.506+0000] {logging_mixin.py:188} INFO - [2026-04-29T02:18:18.505+0000] {dag.py:3089} INFO - Sync 1 DAGs
[2026-04-29T02:18:18.527+0000] {logging_mixin.py:188} INFO - [2026-04-29T02:18:18.527+0000] {dag.py:3947} INFO - Setting next_dagrun for flights_ops_medallion_pipe to 2026-04-29 02:00:00+00:00, run_after=2026-04-29 02:30:00+00:00
[2026-04-29T02:18:18.545+0000] {processor.py:183} INFO - Processing /opt/airflow/dags/flight-pipeline.py took 0.989 seconds
[2026-04-29T02:18:48.817+0000] {processor.py:161} INFO - Started process (PID=5876) to work on /opt/airflow/dags/flight-pipeline.py
[2026-04-29T02:18:48.819+0000] {processor.py:830} INFO - Processing file /opt/airflow/dags/flight-pipeline.py for tasks to queue
[2026-04-29T02:18:48.820+0000] {logging_mixin.py:188} INFO - [2026-04-29T02:18:48.820+0000] {dagbag.py:545} INFO - Filling up the DagBag from /opt/airflow/dags/flight-pipeline.py
[2026-04-29T02:18:49.636+0000] {processor.py:840} INFO - DAG(s) 'flights_ops_medallion_pipe' retrieved from /opt/airflow/dags/flight-pipeline.py
[2026-04-29T02:18:49.666+0000] {logging_mixin.py:188} INFO - [2026-04-29T02:18:49.665+0000] {dag.py:3089} INFO - Sync 1 DAGs
[2026-04-29T02:18:49.685+0000] {logging_mixin.py:188} INFO - [2026-04-29T02:18:49.685+0000] {dag.py:3947} INFO - Setting next_dagrun for flights_ops_medallion_pipe to 2026-04-29 02:00:00+00:00, run_after=2026-04-29 02:30:00+00:00
[2026-04-29T02:18:49.706+0000] {processor.py:183} INFO - Processing /opt/airflow/dags/flight-pipeline.py took 0.895 seconds
[2026-04-29T02:19:19.981+0000] {processor.py:161} INFO - Started process (PID=5879) to work on /opt/airflow/dags/flight-pipeline.py
[2026-04-29T02:19:19.985+0000] {processor.py:830} INFO - Processing file /opt/airflow/dags/flight-pipeline.py for tasks to queue
[2026-04-29T02:19:19.986+0000] {logging_mixin.py:188} INFO - [2026-04-29T02:19:19.986+0000] {dagbag.py:545} INFO - Filling up the DagBag from /opt/airflow/dags/flight-pipeline.py
[2026-04-29T02:19:20.841+0000] {processor.py:840} INFO - DAG(s) 'flights_ops_medallion_pipe' retrieved from /opt/airflow/dags/flight-pipeline.py
[2026-04-29T02:19:20.874+0000] {logging_mixin.py:188} INFO - [2026-04-29T02:19:20.873+0000] {dag.py:3089} INFO - Sync 1 DAGs
[2026-04-29T02:19:20.894+0000] {logging_mixin.py:188} INFO - [2026-04-29T02:19:20.894+0000] {dag.py:3947} INFO - Setting next_dagrun for flights_ops_medallion_pipe to 2026-04-29 02:00:00+00:00, run_after=2026-04-29 02:30:00+00:00
[2026-04-29T02:19:20.912+0000] {processor.py:183} INFO - Processing /opt/airflow/dags/flight-pipeline.py took 0.940 seconds
[2026-04-29T02:19:51.182+0000] {processor.py:161} INFO - Started process (PID=5882) to work on /opt/airflow/dags/flight-pipeline.py
[2026-04-29T02:19:51.184+0000] {processor.py:830} INFO - Processing file /opt/airflow/dags/flight-pipeline.py for tasks to queue
[2026-04-29T02:19:51.186+0000] {logging_mixin.py:188} INFO - [2026-04-29T02:19:51.185+0000] {dagbag.py:545} INFO - Filling up the DagBag from /opt/airflow/dags/flight-pipeline.py
[2026-04-29T02:19:52.040+0000] {processor.py:840} INFO - DAG(s) 'flights_ops_medallion_pipe' retrieved from /opt/airflow/dags/flight-pipeline.py
[2026-04-29T02:19:52.070+0000] {logging_mixin.py:188} INFO - [2026-04-29T02:19:52.069+0000] {dag.py:3089} INFO - Sync 1 DAGs
[2026-04-29T02:19:52.092+0000] {logging_mixin.py:188} INFO - [2026-04-29T02:19:52.092+0000] {dag.py:3947} INFO - Setting next_dagrun for flights_ops_medallion_pipe to 2026-04-29 02:00:00+00:00, run_after=2026-04-29 02:30:00+00:00
[2026-04-29T02:19:52.121+0000] {processor.py:183} INFO - Processing /opt/airflow/dags/flight-pipeline.py took 0.948 seconds
[2026-04-29T02:20:22.397+0000] {processor.py:161} INFO - Started process (PID=5885) to work on /opt/airflow/dags/flight-pipeline.py
[2026-04-29T02:20:22.399+0000] {processor.py:830} INFO - Processing file /opt/airflow/dags/flight-pipeline.py for tasks to queue
[2026-04-29T02:20:22.400+0000] {logging_mixin.py:188} INFO - [2026-04-29T02:20:22.400+0000] {dagbag.py:545} INFO - Filling up the DagBag from /opt/airflow/dags/flight-pipeline.py
[2026-04-29T02:20:23.316+0000] {processor.py:840} INFO - DAG(s) 'flights_ops_medallion_pipe' retrieved from /opt/airflow/dags/flight-pipeline.py
[2026-04-29T02:20:23.347+0000] {logging_mixin.py:188} INFO - [2026-04-29T02:20:23.346+0000] {dag.py:3089} INFO - Sync 1 DAGs
[2026-04-29T02:20:23.366+0000] {logging_mixin.py:188} INFO - [2026-04-29T02:20:23.366+0000] {dag.py:3947} INFO - Setting next_dagrun for flights_ops_medallion_pipe to 2026-04-29 02:00:00+00:00, run_after=2026-04-29 02:30:00+00:00
[2026-04-29T02:20:23.383+0000] {processor.py:183} INFO - Processing /opt/airflow/dags/flight-pipeline.py took 0.994 seconds
[2026-04-29T02:20:53.670+0000] {processor.py:161} INFO - Started process (PID=5888) to work on /opt/airflow/dags/flight-pipeline.py
[2026-04-29T02:20:53.672+0000] {processor.py:830} INFO - Processing file /opt/airflow/dags/flight-pipeline.py for tasks to queue
[2026-04-29T02:20:53.673+0000] {logging_mixin.py:188} INFO - [2026-04-29T02:20:53.673+0000] {dagbag.py:545} INFO - Filling up the DagBag from /opt/airflow/dags/flight-pipeline.py
[2026-04-29T02:20:55.287+0000] {processor.py:840} INFO - DAG(s) 'flights_ops_medallion_pipe' retrieved from /opt/airflow/dags/flight-pipeline.py
[2026-04-29T02:20:55.361+0000] {logging_mixin.py:188} INFO - [2026-04-29T02:20:55.358+0000] {dag.py:3089} INFO - Sync 1 DAGs
[2026-04-29T02:20:55.414+0000] {logging_mixin.py:188} INFO - [2026-04-29T02:20:55.413+0000] {dag.py:3947} INFO - Setting next_dagrun for flights_ops_medallion_pipe to 2026-04-29 02:00:00+00:00, run_after=2026-04-29 02:30:00+00:00
[2026-04-29T02:20:55.465+0000] {processor.py:183} INFO - Processing /opt/airflow/dags/flight-pipeline.py took 1.802 seconds
[2026-04-29T02:21:25.789+0000] {processor.py:161} INFO - Started process (PID=5891) to work on /opt/airflow/dags/flight-pipeline.py
[2026-04-29T02:21:25.795+0000] {processor.py:830} INFO - Processing file /opt/airflow/dags/flight-pipeline.py for tasks to queue
[2026-04-29T02:21:25.797+0000] {logging_mixin.py:188} INFO - [2026-04-29T02:21:25.796+0000] {dagbag.py:545} INFO - Filling up the DagBag from /opt/airflow/dags/flight-pipeline.py
[2026-04-29T02:21:27.004+0000] {processor.py:840} INFO - DAG(s) 'flights_ops_medallion_pipe' retrieved from /opt/airflow/dags/flight-pipeline.py
[2026-04-29T02:21:27.061+0000] {logging_mixin.py:188} INFO - [2026-04-29T02:21:27.059+0000] {dag.py:3089} INFO - Sync 1 DAGs
[2026-04-29T02:21:27.222+0000] {logging_mixin.py:188} INFO - [2026-04-29T02:21:27.206+0000] {dag.py:3947} INFO - Setting next_dagrun for flights_ops_medallion_pipe to 2026-04-29 02:00:00+00:00, run_after=2026-04-29 02:30:00+00:00
[2026-04-29T02:21:27.363+0000] {processor.py:183} INFO - Processing /opt/airflow/dags/flight-pipeline.py took 1.608 seconds
[2026-04-29T02:21:57.692+0000] {processor.py:161} INFO - Started process (PID=5894) to work on /opt/airflow/dags/flight-pipeline.py
[2026-04-29T02:21:57.694+0000] {processor.py:830} INFO - Processing file /opt/airflow/dags/flight-pipeline.py for tasks to queue
[2026-04-29T02:21:57.695+0000] {logging_mixin.py:188} INFO - [2026-04-29T02:21:57.695+0000] {dagbag.py:545} INFO - Filling up the DagBag from /opt/airflow/dags/flight-pipeline.py
[2026-04-29T02:21:58.707+0000] {processor.py:840} INFO - DAG(s) 'flights_ops_medallion_pipe' retrieved from /opt/airflow/dags/flight-pipeline.py
[2026-04-29T02:21:58.738+0000] {logging_mixin.py:188} INFO - [2026-04-29T02:21:58.737+0000] {dag.py:3089} INFO - Sync 1 DAGs
[2026-04-29T02:21:58.757+0000] {logging_mixin.py:188} INFO - [2026-04-29T02:21:58.757+0000] {dag.py:3947} INFO - Setting next_dagrun for flights_ops_medallion_pipe to 2026-04-29 02:00:00+00:00, run_after=2026-04-29 02:30:00+00:00
[2026-04-29T02:21:58.776+0000] {processor.py:183} INFO - Processing /opt/airflow/dags/flight-pipeline.py took 1.095 seconds
[2026-04-29T02:22:28.951+0000] {processor.py:161} INFO - Started process (PID=5897) to work on /opt/airflow/dags/flight-pipeline.py
[2026-04-29T02:22:28.953+0000] {processor.py:830} INFO - Processing file /opt/airflow/dags/flight-pipeline.py for tasks to queue
[2026-04-29T02:22:28.954+0000] {logging_mixin.py:188} INFO - [2026-04-29T02:22:28.954+0000] {dagbag.py:545} INFO - Filling up the DagBag from /opt/airflow/dags/flight-pipeline.py
[2026-04-29T02:22:29.763+0000] {processor.py:840} INFO - DAG(s) 'flights_ops_medallion_pipe' retrieved from /opt/airflow/dags/flight-pipeline.py
[2026-04-29T02:22:29.793+0000] {logging_mixin.py:188} INFO - [2026-04-29T02:22:29.792+0000] {dag.py:3089} INFO - Sync 1 DAGs
[2026-04-29T02:22:29.811+0000] {logging_mixin.py:188} INFO - [2026-04-29T02:22:29.811+0000] {dag.py:3947} INFO - Setting next_dagrun for flights_ops_medallion_pipe to 2026-04-29 02:00:00+00:00, run_after=2026-04-29 02:30:00+00:00
[2026-04-29T02:22:29.830+0000] {processor.py:183} INFO - Processing /opt/airflow/dags/flight-pipeline.py took 0.891 seconds
[2026-04-29T02:23:00.187+0000] {processor.py:161} INFO - Started process (PID=5900) to work on /opt/airflow/dags/flight-pipeline.py
[2026-04-29T02:23:00.189+0000] {processor.py:830} INFO - Processing file /opt/airflow/dags/flight-pipeline.py for tasks to queue
[2026-04-29T02:23:00.191+0000] {logging_mixin.py:188} INFO - [2026-04-29T02:23:00.191+0000] {dagbag.py:545} INFO - Filling up the DagBag from /opt/airflow/dags/flight-pipeline.py
[2026-04-29T02:23:01.101+0000] {processor.py:840} INFO - DAG(s) 'flights_ops_medallion_pipe' retrieved from /opt/airflow/dags/flight-pipeline.py
[2026-04-29T02:23:01.138+0000] {logging_mixin.py:188} INFO - [2026-04-29T02:23:01.137+0000] {dag.py:3089} INFO - Sync 1 DAGs
[2026-04-29T02:23:01.198+0000] {logging_mixin.py:188} INFO - [2026-04-29T02:23:01.198+0000] {dag.py:3947} INFO - Setting next_dagrun for flights_ops_medallion_pipe to 2026-04-29 02:00:00+00:00, run_after=2026-04-29 02:30:00+00:00
[2026-04-29T02:23:01.238+0000] {processor.py:183} INFO - Processing /opt/airflow/dags/flight-pipeline.py took 1.076 seconds
[2026-04-29T02:23:31.536+0000] {processor.py:161} INFO - Started process (PID=5903) to work on /opt/airflow/dags/flight-pipeline.py
[2026-04-29T02:23:31.538+0000] {processor.py:830} INFO - Processing file /opt/airflow/dags/flight-pipeline.py for tasks to queue
[2026-04-29T02:23:31.539+0000] {logging_mixin.py:188} INFO - [2026-04-29T02:23:31.539+0000] {dagbag.py:545} INFO - Filling up the DagBag from /opt/airflow/dags/flight-pipeline.py
[2026-04-29T02:23:32.387+0000] {processor.py:840} INFO - DAG(s) 'flights_ops_medallion_pipe' retrieved from /opt/airflow/dags/flight-pipeline.py
[2026-04-29T02:23:32.415+0000] {logging_mixin.py:188} INFO - [2026-04-29T02:23:32.415+0000] {dag.py:3089} INFO - Sync 1 DAGs
[2026-04-29T02:23:32.436+0000] {logging_mixin.py:188} INFO - [2026-04-29T02:23:32.436+0000] {dag.py:3947} INFO - Setting next_dagrun for flights_ops_medallion_pipe to 2026-04-29 02:00:00+00:00, run_after=2026-04-29 02:30:00+00:00
[2026-04-29T02:23:32.453+0000] {processor.py:183} INFO - Processing /opt/airflow/dags/flight-pipeline.py took 0.929 seconds
[2026-04-29T02:24:02.734+0000] {processor.py:161} INFO - Started process (PID=5906) to work on /opt/airflow/dags/flight-pipeline.py
[2026-04-29T02:24:02.737+0000] {processor.py:830} INFO - Processing file /opt/airflow/dags/flight-pipeline.py for tasks to queue
[2026-04-29T02:24:02.738+0000] {logging_mixin.py:188} INFO - [2026-04-29T02:24:02.738+0000] {dagbag.py:545} INFO - Filling up the DagBag from /opt/airflow/dags/flight-pipeline.py
[2026-04-29T02:24:03.610+0000] {processor.py:840} INFO - DAG(s) 'flights_ops_medallion_pipe' retrieved from /opt/airflow/dags/flight-pipeline.py
[2026-04-29T02:24:03.642+0000] {logging_mixin.py:188} INFO - [2026-04-29T02:24:03.641+0000] {dag.py:3089} INFO - Sync 1 DAGs
[2026-04-29T02:24:03.664+0000] {logging_mixin.py:188} INFO - [2026-04-29T02:24:03.664+0000] {dag.py:3947} INFO - Setting next_dagrun for flights_ops_medallion_pipe to 2026-04-29 02:00:00+00:00, run_after=2026-04-29 02:30:00+00:00
[2026-04-29T02:24:03.685+0000] {processor.py:183} INFO - Processing /opt/airflow/dags/flight-pipeline.py took 0.962 seconds
[2026-04-29T02:24:33.935+0000] {processor.py:161} INFO - Started process (PID=5909) to work on /opt/airflow/dags/flight-pipeline.py
[2026-04-29T02:24:33.937+0000] {processor.py:830} INFO - Processing file /opt/airflow/dags/flight-pipeline.py for tasks to queue
[2026-04-29T02:24:33.939+0000] {logging_mixin.py:188} INFO - [2026-04-29T02:24:33.937+0000] {dagbag.py:545} INFO - Filling up the DagBag from /opt/airflow/dags/flight-pipeline.py
[2026-04-29T02:24:34.867+0000] {processor.py:840} INFO - DAG(s) 'flights_ops_medallion_pipe' retrieved from /opt/airflow/dags/flight-pipeline.py
[2026-04-29T02:24:34.909+0000] {logging_mixin.py:188} INFO - [2026-04-29T02:24:34.908+0000] {dag.py:3089} INFO - Sync 1 DAGs
[2026-04-29T02:24:34.937+0000] {logging_mixin.py:188} INFO - [2026-04-29T02:24:34.937+0000] {dag.py:3947} INFO - Setting next_dagrun for flights_ops_medallion_pipe to 2026-04-29 02:00:00+00:00, run_after=2026-04-29 02:30:00+00:00
[2026-04-29T02:24:34.959+0000] {processor.py:183} INFO - Processing /opt/airflow/dags/flight-pipeline.py took 1.033 seconds
[2026-04-29T02:25:05.229+0000] {processor.py:161} INFO - Started process (PID=5912) to work on /opt/airflow/dags/flight-pipeline.py
[2026-04-29T02:25:05.232+0000] {processor.py:830} INFO - Processing file /opt/airflow/dags/flight-pipeline.py for tasks to queue
[2026-04-29T02:25:05.233+0000] {logging_mixin.py:188} INFO - [2026-04-29T02:25:05.233+0000] {dagbag.py:545} INFO - Filling up the DagBag from /opt/airflow/dags/flight-pipeline.py
[2026-04-29T02:25:06.091+0000] {processor.py:840} INFO - DAG(s) 'flights_ops_medallion_pipe' retrieved from /opt/airflow/dags/flight-pipeline.py
[2026-04-29T02:25:06.126+0000] {logging_mixin.py:188} INFO - [2026-04-29T02:25:06.126+0000] {dag.py:3089} INFO - Sync 1 DAGs
[2026-04-29T02:25:06.147+0000] {logging_mixin.py:188} INFO - [2026-04-29T02:25:06.146+0000] {dag.py:3947} INFO - Setting next_dagrun for flights_ops_medallion_pipe to 2026-04-29 02:00:00+00:00, run_after=2026-04-29 02:30:00+00:00
[2026-04-29T02:25:06.166+0000] {processor.py:183} INFO - Processing /opt/airflow/dags/flight-pipeline.py took 0.946 seconds
[2026-04-29T02:25:36.753+0000] {processor.py:161} INFO - Started process (PID=5915) to work on /opt/airflow/dags/flight-pipeline.py
[2026-04-29T02:25:36.755+0000] {processor.py:830} INFO - Processing file /opt/airflow/dags/flight-pipeline.py for tasks to queue
[2026-04-29T02:25:36.757+0000] {logging_mixin.py:188} INFO - [2026-04-29T02:25:36.756+0000] {dagbag.py:545} INFO - Filling up the DagBag from /opt/airflow/dags/flight-pipeline.py
[2026-04-29T02:25:37.695+0000] {processor.py:840} INFO - DAG(s) 'flights_ops_medallion_pipe' retrieved from /opt/airflow/dags/flight-pipeline.py
[2026-04-29T02:25:37.737+0000] {logging_mixin.py:188} INFO - [2026-04-29T02:25:37.736+0000] {dag.py:3089} INFO - Sync 1 DAGs
[2026-04-29T02:25:37.765+0000] {logging_mixin.py:188} INFO - [2026-04-29T02:25:37.765+0000] {dag.py:3947} INFO - Setting next_dagrun for flights_ops_medallion_pipe to 2026-04-29 02:00:00+00:00, run_after=2026-04-29 02:30:00+00:00
[2026-04-29T02:25:37.788+0000] {processor.py:183} INFO - Processing /opt/airflow/dags/flight-pipeline.py took 1.045 seconds
[2026-04-29T02:26:08.016+0000] {processor.py:161} INFO - Started process (PID=5918) to work on /opt/airflow/dags/flight-pipeline.py
[2026-04-29T02:26:08.018+0000] {processor.py:830} INFO - Processing file /opt/airflow/dags/flight-pipeline.py for tasks to queue
[2026-04-29T02:26:08.020+0000] {logging_mixin.py:188} INFO - [2026-04-29T02:26:08.020+0000] {dagbag.py:545} INFO - Filling up the DagBag from /opt/airflow/dags/flight-pipeline.py
[2026-04-29T02:26:08.815+0000] {processor.py:840} INFO - DAG(s) 'flights_ops_medallion_pipe' retrieved from /opt/airflow/dags/flight-pipeline.py
[2026-04-29T02:26:08.843+0000] {logging_mixin.py:188} INFO - [2026-04-29T02:26:08.843+0000] {dag.py:3089} INFO - Sync 1 DAGs
[2026-04-29T02:26:08.865+0000] {logging_mixin.py:188} INFO - [2026-04-29T02:26:08.865+0000] {dag.py:3947} INFO - Setting next_dagrun for flights_ops_medallion_pipe to 2026-04-29 02:00:00+00:00, run_after=2026-04-29 02:30:00+00:00
[2026-04-29T02:26:08.883+0000] {processor.py:183} INFO - Processing /opt/airflow/dags/flight-pipeline.py took 0.877 seconds
[2026-04-29T02:26:39.156+0000] {processor.py:161} INFO - Started process (PID=5921) to work on /opt/airflow/dags/flight-pipeline.py
[2026-04-29T02:26:39.159+0000] {processor.py:830} INFO - Processing file /opt/airflow/dags/flight-pipeline.py for tasks to queue
[2026-04-29T02:26:39.161+0000] {logging_mixin.py:188} INFO - [2026-04-29T02:26:39.160+0000] {dagbag.py:545} INFO - Filling up the DagBag from /opt/airflow/dags/flight-pipeline.py
[2026-04-29T02:26:40.425+0000] {processor.py:840} INFO - DAG(s) 'flights_ops_medallion_pipe' retrieved from /opt/airflow/dags/flight-pipeline.py
[2026-04-29T02:26:40.483+0000] {logging_mixin.py:188} INFO - [2026-04-29T02:26:40.482+0000] {dag.py:3089} INFO - Sync 1 DAGs
[2026-04-29T02:26:40.505+0000] {logging_mixin.py:188} INFO - [2026-04-29T02:26:40.504+0000] {dag.py:3947} INFO - Setting next_dagrun for flights_ops_medallion_pipe to 2026-04-29 02:00:00+00:00, run_after=2026-04-29 02:30:00+00:00
[2026-04-29T02:26:40.522+0000] {processor.py:183} INFO - Processing /opt/airflow/dags/flight-pipeline.py took 1.375 seconds
[2026-04-29T02:27:10.817+0000] {processor.py:161} INFO - Started process (PID=5924) to work on /opt/airflow/dags/flight-pipeline.py
[2026-04-29T02:27:10.819+0000] {processor.py:830} INFO - Processing file /opt/airflow/dags/flight-pipeline.py for tasks to queue
[2026-04-29T02:27:10.821+0000] {logging_mixin.py:188} INFO - [2026-04-29T02:27:10.820+0000] {dagbag.py:545} INFO - Filling up the DagBag from /opt/airflow/dags/flight-pipeline.py
[2026-04-29T02:27:11.638+0000] {processor.py:840} INFO - DAG(s) 'flights_ops_medallion_pipe' retrieved from /opt/airflow/dags/flight-pipeline.py
[2026-04-29T02:27:11.669+0000] {logging_mixin.py:188} INFO - [2026-04-29T02:27:11.668+0000] {dag.py:3089} INFO - Sync 1 DAGs
[2026-04-29T02:27:11.692+0000] {logging_mixin.py:188} INFO - [2026-04-29T02:27:11.692+0000] {dag.py:3947} INFO - Setting next_dagrun for flights_ops_medallion_pipe to 2026-04-29 02:00:00+00:00, run_after=2026-04-29 02:30:00+00:00
[2026-04-29T02:27:11.710+0000] {processor.py:183} INFO - Processing /opt/airflow/dags/flight-pipeline.py took 0.938 seconds
[2026-04-29T02:27:42.057+0000] {processor.py:161} INFO - Started process (PID=5927) to work on /opt/airflow/dags/flight-pipeline.py
[2026-04-29T02:27:42.059+0000] {processor.py:830} INFO - Processing file /opt/airflow/dags/flight-pipeline.py for tasks to queue
[2026-04-29T02:27:42.061+0000] {logging_mixin.py:188} INFO - [2026-04-29T02:27:42.061+0000] {dagbag.py:545} INFO - Filling up the DagBag from /opt/airflow/dags/flight-pipeline.py
[2026-04-29T02:27:43.029+0000] {processor.py:840} INFO - DAG(s) 'flights_ops_medallion_pipe' retrieved from /opt/airflow/dags/flight-pipeline.py
[2026-04-29T02:27:43.071+0000] {logging_mixin.py:188} INFO - [2026-04-29T02:27:43.071+0000] {dag.py:3089} INFO - Sync 1 DAGs
[2026-04-29T02:27:43.094+0000] {logging_mixin.py:188} INFO - [2026-04-29T02:27:43.094+0000] {dag.py:3947} INFO - Setting next_dagrun for flights_ops_medallion_pipe to 2026-04-29 02:00:00+00:00, run_after=2026-04-29 02:30:00+00:00
[2026-04-29T02:27:43.111+0000] {processor.py:183} INFO - Processing /opt/airflow/dags/flight-pipeline.py took 1.074 seconds
[2026-04-29T02:28:13.312+0000] {processor.py:161} INFO - Started process (PID=5930) to work on /opt/airflow/dags/flight-pipeline.py
[2026-04-29T02:28:13.314+0000] {processor.py:830} INFO - Processing file /opt/airflow/dags/flight-pipeline.py for tasks to queue
[2026-04-29T02:28:13.316+0000] {logging_mixin.py:188} INFO - [2026-04-29T02:28:13.315+0000] {dagbag.py:545} INFO - Filling up the DagBag from /opt/airflow/dags/flight-pipeline.py
[2026-04-29T02:28:14.086+0000] {processor.py:840} INFO - DAG(s) 'flights_ops_medallion_pipe' retrieved from /opt/airflow/dags/flight-pipeline.py
[2026-04-29T02:28:14.117+0000] {logging_mixin.py:188} INFO - [2026-04-29T02:28:14.117+0000] {dag.py:3089} INFO - Sync 1 DAGs
[2026-04-29T02:28:14.136+0000] {logging_mixin.py:188} INFO - [2026-04-29T02:28:14.135+0000] {dag.py:3947} INFO - Setting next_dagrun for flights_ops_medallion_pipe to 2026-04-29 02:00:00+00:00, run_after=2026-04-29 02:30:00+00:00
[2026-04-29T02:28:14.151+0000] {processor.py:183} INFO - Processing /opt/airflow/dags/flight-pipeline.py took 0.849 seconds
[2026-04-29T02:28:44.431+0000] {processor.py:161} INFO - Started process (PID=5933) to work on /opt/airflow/dags/flight-pipeline.py
[2026-04-29T02:28:44.433+0000] {processor.py:830} INFO - Processing file /opt/airflow/dags/flight-pipeline.py for tasks to queue
[2026-04-29T02:28:44.435+0000] {logging_mixin.py:188} INFO - [2026-04-29T02:28:44.434+0000] {dagbag.py:545} INFO - Filling up the DagBag from /opt/airflow/dags/flight-pipeline.py
[2026-04-29T02:28:45.196+0000] {processor.py:840} INFO - DAG(s) 'flights_ops_medallion_pipe' retrieved from /opt/airflow/dags/flight-pipeline.py
[2026-04-29T02:28:45.226+0000] {logging_mixin.py:188} INFO - [2026-04-29T02:28:45.226+0000] {dag.py:3089} INFO - Sync 1 DAGs
[2026-04-29T02:28:45.245+0000] {logging_mixin.py:188} INFO - [2026-04-29T02:28:45.245+0000] {dag.py:3947} INFO - Setting next_dagrun for flights_ops_medallion_pipe to 2026-04-29 02:00:00+00:00, run_after=2026-04-29 02:30:00+00:00
[2026-04-29T02:28:45.263+0000] {processor.py:183} INFO - Processing /opt/airflow/dags/flight-pipeline.py took 0.840 seconds
[2026-04-29T02:29:15.542+0000] {processor.py:161} INFO - Started process (PID=5936) to work on /opt/airflow/dags/flight-pipeline.py
[2026-04-29T02:29:15.544+0000] {processor.py:830} INFO - Processing file /opt/airflow/dags/flight-pipeline.py for tasks to queue
[2026-04-29T02:29:15.546+0000] {logging_mixin.py:188} INFO - [2026-04-29T02:29:15.545+0000] {dagbag.py:545} INFO - Filling up the DagBag from /opt/airflow/dags/flight-pipeline.py
[2026-04-29T02:29:16.530+0000] {processor.py:840} INFO - DAG(s) 'flights_ops_medallion_pipe' retrieved from /opt/airflow/dags/flight-pipeline.py
[2026-04-29T02:29:16.566+0000] {logging_mixin.py:188} INFO - [2026-04-29T02:29:16.565+0000] {dag.py:3089} INFO - Sync 1 DAGs
[2026-04-29T02:29:16.597+0000] {logging_mixin.py:188} INFO - [2026-04-29T02:29:16.597+0000] {dag.py:3947} INFO - Setting next_dagrun for flights_ops_medallion_pipe to 2026-04-29 02:00:00+00:00, run_after=2026-04-29 02:30:00+00:00
[2026-04-29T02:29:16.624+0000] {processor.py:183} INFO - Processing /opt/airflow/dags/flight-pipeline.py took 1.089 seconds
[2026-04-29T02:29:46.808+0000] {processor.py:161} INFO - Started process (PID=5939) to work on /opt/airflow/dags/flight-pipeline.py
[2026-04-29T02:29:46.810+0000] {processor.py:830} INFO - Processing file /opt/airflow/dags/flight-pipeline.py for tasks to queue
[2026-04-29T02:29:46.812+0000] {logging_mixin.py:188} INFO - [2026-04-29T02:29:46.811+0000] {dagbag.py:545} INFO - Filling up the DagBag from /opt/airflow/dags/flight-pipeline.py
[2026-04-29T02:29:47.677+0000] {processor.py:840} INFO - DAG(s) 'flights_ops_medallion_pipe' retrieved from /opt/airflow/dags/flight-pipeline.py
[2026-04-29T02:29:47.708+0000] {logging_mixin.py:188} INFO - [2026-04-29T02:29:47.708+0000] {dag.py:3089} INFO - Sync 1 DAGs
[2026-04-29T02:29:47.728+0000] {logging_mixin.py:188} INFO - [2026-04-29T02:29:47.728+0000] {dag.py:3947} INFO - Setting next_dagrun for flights_ops_medallion_pipe to 2026-04-29 02:00:00+00:00, run_after=2026-04-29 02:30:00+00:00
[2026-04-29T02:29:47.746+0000] {processor.py:183} INFO - Processing /opt/airflow/dags/flight-pipeline.py took 0.947 seconds
[2026-04-29T02:30:18.086+0000] {processor.py:161} INFO - Started process (PID=5973) to work on /opt/airflow/dags/flight-pipeline.py
[2026-04-29T02:30:18.088+0000] {processor.py:830} INFO - Processing file /opt/airflow/dags/flight-pipeline.py for tasks to queue
[2026-04-29T02:30:18.090+0000] {logging_mixin.py:188} INFO - [2026-04-29T02:30:18.089+0000] {dagbag.py:545} INFO - Filling up the DagBag from /opt/airflow/dags/flight-pipeline.py
[2026-04-29T02:30:19.332+0000] {processor.py:840} INFO - DAG(s) 'flights_ops_medallion_pipe' retrieved from /opt/airflow/dags/flight-pipeline.py
[2026-04-29T02:30:19.377+0000] {logging_mixin.py:188} INFO - [2026-04-29T02:30:19.376+0000] {dag.py:3089} INFO - Sync 1 DAGs
[2026-04-29T02:30:19.406+0000] {logging_mixin.py:188} INFO - [2026-04-29T02:30:19.406+0000] {dag.py:3947} INFO - Setting next_dagrun for flights_ops_medallion_pipe to 2026-04-29 02:30:00+00:00, run_after=2026-04-29 03:00:00+00:00
[2026-04-29T02:30:19.436+0000] {processor.py:183} INFO - Processing /opt/airflow/dags/flight-pipeline.py took 1.362 seconds
[2026-04-29T02:30:49.701+0000] {processor.py:161} INFO - Started process (PID=5989) to work on /opt/airflow/dags/flight-pipeline.py
[2026-04-29T02:30:49.709+0000] {processor.py:830} INFO - Processing file /opt/airflow/dags/flight-pipeline.py for tasks to queue
[2026-04-29T02:30:49.713+0000] {logging_mixin.py:188} INFO - [2026-04-29T02:30:49.712+0000] {dagbag.py:545} INFO - Filling up the DagBag from /opt/airflow/dags/flight-pipeline.py
[2026-04-29T02:30:50.640+0000] {processor.py:840} INFO - DAG(s) 'flights_ops_medallion_pipe' retrieved from /opt/airflow/dags/flight-pipeline.py
[2026-04-29T02:30:50.670+0000] {logging_mixin.py:188} INFO - [2026-04-29T02:30:50.670+0000] {dag.py:3089} INFO - Sync 1 DAGs
[2026-04-29T02:30:50.694+0000] {logging_mixin.py:188} INFO - [2026-04-29T02:30:50.694+0000] {dag.py:3947} INFO - Setting next_dagrun for flights_ops_medallion_pipe to 2026-04-29 02:30:00+00:00, run_after=2026-04-29 03:00:00+00:00
[2026-04-29T02:30:50.716+0000] {processor.py:183} INFO - Processing /opt/airflow/dags/flight-pipeline.py took 1.044 seconds
[2026-04-29T02:31:20.964+0000] {processor.py:161} INFO - Started process (PID=5992) to work on /opt/airflow/dags/flight-pipeline.py
[2026-04-29T02:31:20.966+0000] {processor.py:830} INFO - Processing file /opt/airflow/dags/flight-pipeline.py for tasks to queue
[2026-04-29T02:31:20.967+0000] {logging_mixin.py:188} INFO - [2026-04-29T02:31:20.966+0000] {dagbag.py:545} INFO - Filling up the DagBag from /opt/airflow/dags/flight-pipeline.py
[2026-04-29T02:31:21.715+0000] {processor.py:840} INFO - DAG(s) 'flights_ops_medallion_pipe' retrieved from /opt/airflow/dags/flight-pipeline.py
[2026-04-29T02:31:21.744+0000] {logging_mixin.py:188} INFO - [2026-04-29T02:31:21.744+0000] {dag.py:3089} INFO - Sync 1 DAGs
[2026-04-29T02:31:21.762+0000] {logging_mixin.py:188} INFO - [2026-04-29T02:31:21.762+0000] {dag.py:3947} INFO - Setting next_dagrun for flights_ops_medallion_pipe to 2026-04-29 02:30:00+00:00, run_after=2026-04-29 03:00:00+00:00
[2026-04-29T02:31:21.788+0000] {processor.py:183} INFO - Processing /opt/airflow/dags/flight-pipeline.py took 0.833 seconds
[2026-04-29T02:31:52.069+0000] {processor.py:161} INFO - Started process (PID=5995) to work on /opt/airflow/dags/flight-pipeline.py
[2026-04-29T02:31:52.072+0000] {processor.py:830} INFO - Processing file /opt/airflow/dags/flight-pipeline.py for tasks to queue
[2026-04-29T02:31:52.073+0000] {logging_mixin.py:188} INFO - [2026-04-29T02:31:52.072+0000] {dagbag.py:545} INFO - Filling up the DagBag from /opt/airflow/dags/flight-pipeline.py
[2026-04-29T02:31:52.894+0000] {processor.py:840} INFO - DAG(s) 'flights_ops_medallion_pipe' retrieved from /opt/airflow/dags/flight-pipeline.py
[2026-04-29T02:31:52.927+0000] {logging_mixin.py:188} INFO - [2026-04-29T02:31:52.927+0000] {dag.py:3089} INFO - Sync 1 DAGs
[2026-04-29T02:31:52.946+0000] {logging_mixin.py:188} INFO - [2026-04-29T02:31:52.946+0000] {dag.py:3947} INFO - Setting next_dagrun for flights_ops_medallion_pipe to 2026-04-29 02:30:00+00:00, run_after=2026-04-29 03:00:00+00:00
[2026-04-29T02:31:52.966+0000] {processor.py:183} INFO - Processing /opt/airflow/dags/flight-pipeline.py took 0.907 seconds
[2026-04-29T02:32:23.253+0000] {processor.py:161} INFO - Started process (PID=5998) to work on /opt/airflow/dags/flight-pipeline.py
[2026-04-29T02:32:23.255+0000] {processor.py:830} INFO - Processing file /opt/airflow/dags/flight-pipeline.py for tasks to queue
[2026-04-29T02:32:23.256+0000] {logging_mixin.py:188} INFO - [2026-04-29T02:32:23.256+0000] {dagbag.py:545} INFO - Filling up the DagBag from /opt/airflow/dags/flight-pipeline.py
[2026-04-29T02:32:24.034+0000] {processor.py:840} INFO - DAG(s) 'flights_ops_medallion_pipe' retrieved from /opt/airflow/dags/flight-pipeline.py
[2026-04-29T02:32:24.070+0000] {logging_mixin.py:188} INFO - [2026-04-29T02:32:24.069+0000] {dag.py:3089} INFO - Sync 1 DAGs
[2026-04-29T02:32:24.091+0000] {logging_mixin.py:188} INFO - [2026-04-29T02:32:24.090+0000] {dag.py:3947} INFO - Setting next_dagrun for flights_ops_medallion_pipe to 2026-04-29 02:30:00+00:00, run_after=2026-04-29 03:00:00+00:00
[2026-04-29T02:32:24.111+0000] {processor.py:183} INFO - Processing /opt/airflow/dags/flight-pipeline.py took 0.867 seconds
[2026-04-29T02:32:54.402+0000] {processor.py:161} INFO - Started process (PID=6001) to work on /opt/airflow/dags/flight-pipeline.py
[2026-04-29T02:32:54.404+0000] {processor.py:830} INFO - Processing file /opt/airflow/dags/flight-pipeline.py for tasks to queue
[2026-04-29T02:32:54.406+0000] {logging_mixin.py:188} INFO - [2026-04-29T02:32:54.405+0000] {dagbag.py:545} INFO - Filling up the DagBag from /opt/airflow/dags/flight-pipeline.py
[2026-04-29T02:32:55.173+0000] {processor.py:840} INFO - DAG(s) 'flights_ops_medallion_pipe' retrieved from /opt/airflow/dags/flight-pipeline.py
[2026-04-29T02:32:55.202+0000] {logging_mixin.py:188} INFO - [2026-04-29T02:32:55.202+0000] {dag.py:3089} INFO - Sync 1 DAGs
[2026-04-29T02:32:55.221+0000] {logging_mixin.py:188} INFO - [2026-04-29T02:32:55.220+0000] {dag.py:3947} INFO - Setting next_dagrun for flights_ops_medallion_pipe to 2026-04-29 02:30:00+00:00, run_after=2026-04-29 03:00:00+00:00
[2026-04-29T02:32:55.239+0000] {processor.py:183} INFO - Processing /opt/airflow/dags/flight-pipeline.py took 0.845 seconds
[2026-04-29T02:33:25.537+0000] {processor.py:161} INFO - Started process (PID=6004) to work on /opt/airflow/dags/flight-pipeline.py
[2026-04-29T02:33:25.539+0000] {processor.py:830} INFO - Processing file /opt/airflow/dags/flight-pipeline.py for tasks to queue
[2026-04-29T02:33:25.540+0000] {logging_mixin.py:188} INFO - [2026-04-29T02:33:25.540+0000] {dagbag.py:545} INFO - Filling up the DagBag from /opt/airflow/dags/flight-pipeline.py
[2026-04-29T02:33:26.316+0000] {processor.py:840} INFO - DAG(s) 'flights_ops_medallion_pipe' retrieved from /opt/airflow/dags/flight-pipeline.py
[2026-04-29T02:33:26.343+0000] {logging_mixin.py:188} INFO - [2026-04-29T02:33:26.343+0000] {dag.py:3089} INFO - Sync 1 DAGs
[2026-04-29T02:33:26.362+0000] {logging_mixin.py:188} INFO - [2026-04-29T02:33:26.361+0000] {dag.py:3947} INFO - Setting next_dagrun for flights_ops_medallion_pipe to 2026-04-29 02:30:00+00:00, run_after=2026-04-29 03:00:00+00:00
[2026-04-29T02:33:26.378+0000] {processor.py:183} INFO - Processing /opt/airflow/dags/flight-pipeline.py took 0.850 seconds
[2026-04-29T02:33:56.669+0000] {processor.py:161} INFO - Started process (PID=6007) to work on /opt/airflow/dags/flight-pipeline.py
[2026-04-29T02:33:56.671+0000] {processor.py:830} INFO - Processing file /opt/airflow/dags/flight-pipeline.py for tasks to queue
[2026-04-29T02:33:56.672+0000] {logging_mixin.py:188} INFO - [2026-04-29T02:33:56.672+0000] {dagbag.py:545} INFO - Filling up the DagBag from /opt/airflow/dags/flight-pipeline.py
[2026-04-29T02:33:57.459+0000] {processor.py:840} INFO - DAG(s) 'flights_ops_medallion_pipe' retrieved from /opt/airflow/dags/flight-pipeline.py
[2026-04-29T02:33:57.488+0000] {logging_mixin.py:188} INFO - [2026-04-29T02:33:57.488+0000] {dag.py:3089} INFO - Sync 1 DAGs
[2026-04-29T02:33:57.507+0000] {logging_mixin.py:188} INFO - [2026-04-29T02:33:57.507+0000] {dag.py:3947} INFO - Setting next_dagrun for flights_ops_medallion_pipe to 2026-04-29 02:30:00+00:00, run_after=2026-04-29 03:00:00+00:00
[2026-04-29T02:33:57.525+0000] {processor.py:183} INFO - Processing /opt/airflow/dags/flight-pipeline.py took 0.866 seconds
[2026-04-29T02:34:27.815+0000] {processor.py:161} INFO - Started process (PID=6010) to work on /opt/airflow/dags/flight-pipeline.py
[2026-04-29T02:34:27.817+0000] {processor.py:830} INFO - Processing file /opt/airflow/dags/flight-pipeline.py for tasks to queue
[2026-04-29T02:34:27.818+0000] {logging_mixin.py:188} INFO - [2026-04-29T02:34:27.818+0000] {dagbag.py:545} INFO - Filling up the DagBag from /opt/airflow/dags/flight-pipeline.py
[2026-04-29T02:34:28.580+0000] {processor.py:840} INFO - DAG(s) 'flights_ops_medallion_pipe' retrieved from /opt/airflow/dags/flight-pipeline.py
[2026-04-29T02:34:28.608+0000] {logging_mixin.py:188} INFO - [2026-04-29T02:34:28.608+0000] {dag.py:3089} INFO - Sync 1 DAGs
[2026-04-29T02:34:28.626+0000] {logging_mixin.py:188} INFO - [2026-04-29T02:34:28.626+0000] {dag.py:3947} INFO - Setting next_dagrun for flights_ops_medallion_pipe to 2026-04-29 02:30:00+00:00, run_after=2026-04-29 03:00:00+00:00
[2026-04-29T02:34:28.646+0000] {processor.py:183} INFO - Processing /opt/airflow/dags/flight-pipeline.py took 0.839 seconds
[2026-04-29T02:34:58.704+0000] {processor.py:161} INFO - Started process (PID=6013) to work on /opt/airflow/dags/flight-pipeline.py
[2026-04-29T02:34:58.707+0000] {processor.py:830} INFO - Processing file /opt/airflow/dags/flight-pipeline.py for tasks to queue
[2026-04-29T02:34:58.708+0000] {logging_mixin.py:188} INFO - [2026-04-29T02:34:58.707+0000] {dagbag.py:545} INFO - Filling up the DagBag from /opt/airflow/dags/flight-pipeline.py
[2026-04-29T02:34:59.526+0000] {processor.py:840} INFO - DAG(s) 'flights_ops_medallion_pipe' retrieved from /opt/airflow/dags/flight-pipeline.py
[2026-04-29T02:34:59.554+0000] {logging_mixin.py:188} INFO - [2026-04-29T02:34:59.554+0000] {dag.py:3089} INFO - Sync 1 DAGs
[2026-04-29T02:34:59.574+0000] {logging_mixin.py:188} INFO - [2026-04-29T02:34:59.574+0000] {dag.py:3947} INFO - Setting next_dagrun for flights_ops_medallion_pipe to 2026-04-29 02:30:00+00:00, run_after=2026-04-29 03:00:00+00:00
[2026-04-29T02:34:59.592+0000] {processor.py:183} INFO - Processing /opt/airflow/dags/flight-pipeline.py took 0.896 seconds
[2026-04-29T02:35:29.874+0000] {processor.py:161} INFO - Started process (PID=6016) to work on /opt/airflow/dags/flight-pipeline.py
[2026-04-29T02:35:29.876+0000] {processor.py:830} INFO - Processing file /opt/airflow/dags/flight-pipeline.py for tasks to queue
[2026-04-29T02:35:29.877+0000] {logging_mixin.py:188} INFO - [2026-04-29T02:35:29.877+0000] {dagbag.py:545} INFO - Filling up the DagBag from /opt/airflow/dags/flight-pipeline.py
[2026-04-29T02:35:30.677+0000] {processor.py:840} INFO - DAG(s) 'flights_ops_medallion_pipe' retrieved from /opt/airflow/dags/flight-pipeline.py
[2026-04-29T02:35:30.709+0000] {logging_mixin.py:188} INFO - [2026-04-29T02:35:30.709+0000] {dag.py:3089} INFO - Sync 1 DAGs
[2026-04-29T02:35:30.731+0000] {logging_mixin.py:188} INFO - [2026-04-29T02:35:30.731+0000] {dag.py:3947} INFO - Setting next_dagrun for flights_ops_medallion_pipe to 2026-04-29 02:30:00+00:00, run_after=2026-04-29 03:00:00+00:00
[2026-04-29T02:35:30.748+0000] {processor.py:183} INFO - Processing /opt/airflow/dags/flight-pipeline.py took 0.883 seconds
[2026-04-29T02:36:01.036+0000] {processor.py:161} INFO - Started process (PID=6019) to work on /opt/airflow/dags/flight-pipeline.py
[2026-04-29T02:36:01.038+0000] {processor.py:830} INFO - Processing file /opt/airflow/dags/flight-pipeline.py for tasks to queue
[2026-04-29T02:36:01.040+0000] {logging_mixin.py:188} INFO - [2026-04-29T02:36:01.039+0000] {dagbag.py:545} INFO - Filling up the DagBag from /opt/airflow/dags/flight-pipeline.py
[2026-04-29T02:36:01.997+0000] {processor.py:840} INFO - DAG(s) 'flights_ops_medallion_pipe' retrieved from /opt/airflow/dags/flight-pipeline.py
[2026-04-29T02:36:02.031+0000] {logging_mixin.py:188} INFO - [2026-04-29T02:36:02.031+0000] {dag.py:3089} INFO - Sync 1 DAGs
[2026-04-29T02:36:02.051+0000] {logging_mixin.py:188} INFO - [2026-04-29T02:36:02.051+0000] {dag.py:3947} INFO - Setting next_dagrun for flights_ops_medallion_pipe to 2026-04-29 02:30:00+00:00, run_after=2026-04-29 03:00:00+00:00
[2026-04-29T02:36:02.068+0000] {processor.py:183} INFO - Processing /opt/airflow/dags/flight-pipeline.py took 1.041 seconds
[2026-04-29T02:36:32.306+0000] {processor.py:161} INFO - Started process (PID=6022) to work on /opt/airflow/dags/flight-pipeline.py
[2026-04-29T02:36:32.308+0000] {processor.py:830} INFO - Processing file /opt/airflow/dags/flight-pipeline.py for tasks to queue
[2026-04-29T02:36:32.309+0000] {logging_mixin.py:188} INFO - [2026-04-29T02:36:32.309+0000] {dagbag.py:545} INFO - Filling up the DagBag from /opt/airflow/dags/flight-pipeline.py
[2026-04-29T02:36:33.101+0000] {processor.py:840} INFO - DAG(s) 'flights_ops_medallion_pipe' retrieved from /opt/airflow/dags/flight-pipeline.py
[2026-04-29T02:36:33.128+0000] {logging_mixin.py:188} INFO - [2026-04-29T02:36:33.128+0000] {dag.py:3089} INFO - Sync 1 DAGs
[2026-04-29T02:36:33.147+0000] {logging_mixin.py:188} INFO - [2026-04-29T02:36:33.147+0000] {dag.py:3947} INFO - Setting next_dagrun for flights_ops_medallion_pipe to 2026-04-29 02:30:00+00:00, run_after=2026-04-29 03:00:00+00:00
[2026-04-29T02:36:33.164+0000] {processor.py:183} INFO - Processing /opt/airflow/dags/flight-pipeline.py took 0.866 seconds
[2026-04-29T02:37:03.471+0000] {processor.py:161} INFO - Started process (PID=6025) to work on /opt/airflow/dags/flight-pipeline.py
[2026-04-29T02:37:03.473+0000] {processor.py:830} INFO - Processing file /opt/airflow/dags/flight-pipeline.py for tasks to queue
[2026-04-29T02:37:03.474+0000] {logging_mixin.py:188} INFO - [2026-04-29T02:37:03.473+0000] {dagbag.py:545} INFO - Filling up the DagBag from /opt/airflow/dags/flight-pipeline.py
[2026-04-29T02:37:04.389+0000] {processor.py:840} INFO - DAG(s) 'flights_ops_medallion_pipe' retrieved from /opt/airflow/dags/flight-pipeline.py
[2026-04-29T02:37:04.421+0000] {logging_mixin.py:188} INFO - [2026-04-29T02:37:04.421+0000] {dag.py:3089} INFO - Sync 1 DAGs
[2026-04-29T02:37:04.448+0000] {logging_mixin.py:188} INFO - [2026-04-29T02:37:04.448+0000] {dag.py:3947} INFO - Setting next_dagrun for flights_ops_medallion_pipe to 2026-04-29 02:30:00+00:00, run_after=2026-04-29 03:00:00+00:00
[2026-04-29T02:37:04.467+0000] {processor.py:183} INFO - Processing /opt/airflow/dags/flight-pipeline.py took 1.005 seconds
[2026-04-29T02:37:34.733+0000] {processor.py:161} INFO - Started process (PID=6028) to work on /opt/airflow/dags/flight-pipeline.py
[2026-04-29T02:37:34.735+0000] {processor.py:830} INFO - Processing file /opt/airflow/dags/flight-pipeline.py for tasks to queue
[2026-04-29T02:37:34.736+0000] {logging_mixin.py:188} INFO - [2026-04-29T02:37:34.736+0000] {dagbag.py:545} INFO - Filling up the DagBag from /opt/airflow/dags/flight-pipeline.py
[2026-04-29T02:37:35.695+0000] {processor.py:840} INFO - DAG(s) 'flights_ops_medallion_pipe' retrieved from /opt/airflow/dags/flight-pipeline.py
[2026-04-29T02:37:35.724+0000] {logging_mixin.py:188} INFO - [2026-04-29T02:37:35.723+0000] {dag.py:3089} INFO - Sync 1 DAGs
[2026-04-29T02:37:35.744+0000] {logging_mixin.py:188} INFO - [2026-04-29T02:37:35.744+0000] {dag.py:3947} INFO - Setting next_dagrun for flights_ops_medallion_pipe to 2026-04-29 02:30:00+00:00, run_after=2026-04-29 03:00:00+00:00
[2026-04-29T02:37:35.765+0000] {processor.py:183} INFO - Processing /opt/airflow/dags/flight-pipeline.py took 1.041 seconds
[2026-04-29T02:38:06.007+0000] {processor.py:161} INFO - Started process (PID=6031) to work on /opt/airflow/dags/flight-pipeline.py
[2026-04-29T02:38:06.009+0000] {processor.py:830} INFO - Processing file /opt/airflow/dags/flight-pipeline.py for tasks to queue
[2026-04-29T02:38:06.010+0000] {logging_mixin.py:188} INFO - [2026-04-29T02:38:06.010+0000] {dagbag.py:545} INFO - Filling up the DagBag from /opt/airflow/dags/flight-pipeline.py
[2026-04-29T02:38:07.021+0000] {processor.py:840} INFO - DAG(s) 'flights_ops_medallion_pipe' retrieved from /opt/airflow/dags/flight-pipeline.py
[2026-04-29T02:38:07.051+0000] {logging_mixin.py:188} INFO - [2026-04-29T02:38:07.051+0000] {dag.py:3089} INFO - Sync 1 DAGs
[2026-04-29T02:38:07.076+0000] {logging_mixin.py:188} INFO - [2026-04-29T02:38:07.076+0000] {dag.py:3947} INFO - Setting next_dagrun for flights_ops_medallion_pipe to 2026-04-29 02:30:00+00:00, run_after=2026-04-29 03:00:00+00:00
[2026-04-29T02:38:07.097+0000] {processor.py:183} INFO - Processing /opt/airflow/dags/flight-pipeline.py took 1.098 seconds
[2026-04-29T02:38:37.292+0000] {processor.py:161} INFO - Started process (PID=6034) to work on /opt/airflow/dags/flight-pipeline.py
[2026-04-29T02:38:37.294+0000] {processor.py:830} INFO - Processing file /opt/airflow/dags/flight-pipeline.py for tasks to queue
[2026-04-29T02:38:37.296+0000] {logging_mixin.py:188} INFO - [2026-04-29T02:38:37.295+0000] {dagbag.py:545} INFO - Filling up the DagBag from /opt/airflow/dags/flight-pipeline.py
[2026-04-29T02:38:38.177+0000] {processor.py:840} INFO - DAG(s) 'flights_ops_medallion_pipe' retrieved from /opt/airflow/dags/flight-pipeline.py
[2026-04-29T02:38:38.206+0000] {logging_mixin.py:188} INFO - [2026-04-29T02:38:38.205+0000] {dag.py:3089} INFO - Sync 1 DAGs
[2026-04-29T02:38:38.226+0000] {logging_mixin.py:188} INFO - [2026-04-29T02:38:38.226+0000] {dag.py:3947} INFO - Setting next_dagrun for flights_ops_medallion_pipe to 2026-04-29 02:30:00+00:00, run_after=2026-04-29 03:00:00+00:00
[2026-04-29T02:38:38.243+0000] {processor.py:183} INFO - Processing /opt/airflow/dags/flight-pipeline.py took 0.960 seconds
[2026-04-29T02:39:08.545+0000] {processor.py:161} INFO - Started process (PID=6037) to work on /opt/airflow/dags/flight-pipeline.py
[2026-04-29T02:39:08.552+0000] {processor.py:830} INFO - Processing file /opt/airflow/dags/flight-pipeline.py for tasks to queue
[2026-04-29T02:39:08.553+0000] {logging_mixin.py:188} INFO - [2026-04-29T02:39:08.553+0000] {dagbag.py:545} INFO - Filling up the DagBag from /opt/airflow/dags/flight-pipeline.py
[2026-04-29T02:39:09.618+0000] {processor.py:840} INFO - DAG(s) 'flights_ops_medallion_pipe' retrieved from /opt/airflow/dags/flight-pipeline.py
[2026-04-29T02:39:09.657+0000] {logging_mixin.py:188} INFO - [2026-04-29T02:39:09.657+0000] {dag.py:3089} INFO - Sync 1 DAGs
[2026-04-29T02:39:09.680+0000] {logging_mixin.py:188} INFO - [2026-04-29T02:39:09.680+0000] {dag.py:3947} INFO - Setting next_dagrun for flights_ops_medallion_pipe to 2026-04-29 02:30:00+00:00, run_after=2026-04-29 03:00:00+00:00
[2026-04-29T02:39:09.698+0000] {processor.py:183} INFO - Processing /opt/airflow/dags/flight-pipeline.py took 1.171 seconds
[2026-04-29T02:39:39.806+0000] {processor.py:161} INFO - Started process (PID=6040) to work on /opt/airflow/dags/flight-pipeline.py
[2026-04-29T02:39:39.808+0000] {processor.py:830} INFO - Processing file /opt/airflow/dags/flight-pipeline.py for tasks to queue
[2026-04-29T02:39:39.810+0000] {logging_mixin.py:188} INFO - [2026-04-29T02:39:39.809+0000] {dagbag.py:545} INFO - Filling up the DagBag from /opt/airflow/dags/flight-pipeline.py
[2026-04-29T02:39:40.619+0000] {processor.py:840} INFO - DAG(s) 'flights_ops_medallion_pipe' retrieved from /opt/airflow/dags/flight-pipeline.py
[2026-04-29T02:39:40.661+0000] {logging_mixin.py:188} INFO - [2026-04-29T02:39:40.660+0000] {dag.py:3089} INFO - Sync 1 DAGs
[2026-04-29T02:39:40.684+0000] {logging_mixin.py:188} INFO - [2026-04-29T02:39:40.683+0000] {dag.py:3947} INFO - Setting next_dagrun for flights_ops_medallion_pipe to 2026-04-29 02:30:00+00:00, run_after=2026-04-29 03:00:00+00:00
[2026-04-29T02:39:40.703+0000] {processor.py:183} INFO - Processing /opt/airflow/dags/flight-pipeline.py took 0.906 seconds
[2026-04-29T02:40:11.007+0000] {processor.py:161} INFO - Started process (PID=6043) to work on /opt/airflow/dags/flight-pipeline.py
[2026-04-29T02:40:11.012+0000] {processor.py:830} INFO - Processing file /opt/airflow/dags/flight-pipeline.py for tasks to queue
[2026-04-29T02:40:11.014+0000] {logging_mixin.py:188} INFO - [2026-04-29T02:40:11.013+0000] {dagbag.py:545} INFO - Filling up the DagBag from /opt/airflow/dags/flight-pipeline.py
[2026-04-29T02:40:11.933+0000] {processor.py:840} INFO - DAG(s) 'flights_ops_medallion_pipe' retrieved from /opt/airflow/dags/flight-pipeline.py
[2026-04-29T02:40:11.962+0000] {logging_mixin.py:188} INFO - [2026-04-29T02:40:11.962+0000] {dag.py:3089} INFO - Sync 1 DAGs
[2026-04-29T02:40:11.981+0000] {logging_mixin.py:188} INFO - [2026-04-29T02:40:11.981+0000] {dag.py:3947} INFO - Setting next_dagrun for flights_ops_medallion_pipe to 2026-04-29 02:30:00+00:00, run_after=2026-04-29 03:00:00+00:00
[2026-04-29T02:40:12.000+0000] {processor.py:183} INFO - Processing /opt/airflow/dags/flight-pipeline.py took 1.011 seconds
[2026-04-29T02:40:42.259+0000] {processor.py:161} INFO - Started process (PID=6046) to work on /opt/airflow/dags/flight-pipeline.py
[2026-04-29T02:40:42.261+0000] {processor.py:830} INFO - Processing file /opt/airflow/dags/flight-pipeline.py for tasks to queue
[2026-04-29T02:40:42.262+0000] {logging_mixin.py:188} INFO - [2026-04-29T02:40:42.262+0000] {dagbag.py:545} INFO - Filling up the DagBag from /opt/airflow/dags/flight-pipeline.py
[2026-04-29T02:40:43.062+0000] {processor.py:840} INFO - DAG(s) 'flights_ops_medallion_pipe' retrieved from /opt/airflow/dags/flight-pipeline.py
[2026-04-29T02:40:43.094+0000] {logging_mixin.py:188} INFO - [2026-04-29T02:40:43.093+0000] {dag.py:3089} INFO - Sync 1 DAGs
[2026-04-29T02:40:43.114+0000] {logging_mixin.py:188} INFO - [2026-04-29T02:40:43.114+0000] {dag.py:3947} INFO - Setting next_dagrun for flights_ops_medallion_pipe to 2026-04-29 02:30:00+00:00, run_after=2026-04-29 03:00:00+00:00
[2026-04-29T02:40:43.134+0000] {processor.py:183} INFO - Processing /opt/airflow/dags/flight-pipeline.py took 0.883 seconds
[2026-04-29T02:41:13.443+0000] {processor.py:161} INFO - Started process (PID=6049) to work on /opt/airflow/dags/flight-pipeline.py
[2026-04-29T02:41:13.446+0000] {processor.py:830} INFO - Processing file /opt/airflow/dags/flight-pipeline.py for tasks to queue
[2026-04-29T02:41:13.448+0000] {logging_mixin.py:188} INFO - [2026-04-29T02:41:13.447+0000] {dagbag.py:545} INFO - Filling up the DagBag from /opt/airflow/dags/flight-pipeline.py
[2026-04-29T02:41:14.267+0000] {processor.py:840} INFO - DAG(s) 'flights_ops_medallion_pipe' retrieved from /opt/airflow/dags/flight-pipeline.py
[2026-04-29T02:41:14.298+0000] {logging_mixin.py:188} INFO - [2026-04-29T02:41:14.298+0000] {dag.py:3089} INFO - Sync 1 DAGs
[2026-04-29T02:41:14.318+0000] {logging_mixin.py:188} INFO - [2026-04-29T02:41:14.318+0000] {dag.py:3947} INFO - Setting next_dagrun for flights_ops_medallion_pipe to 2026-04-29 02:30:00+00:00, run_after=2026-04-29 03:00:00+00:00
[2026-04-29T02:41:14.335+0000] {processor.py:183} INFO - Processing /opt/airflow/dags/flight-pipeline.py took 0.901 seconds
[2026-04-29T02:41:44.692+0000] {processor.py:161} INFO - Started process (PID=6052) to work on /opt/airflow/dags/flight-pipeline.py
[2026-04-29T02:41:44.694+0000] {processor.py:830} INFO - Processing file /opt/airflow/dags/flight-pipeline.py for tasks to queue
[2026-04-29T02:41:44.695+0000] {logging_mixin.py:188} INFO - [2026-04-29T02:41:44.695+0000] {dagbag.py:545} INFO - Filling up the DagBag from /opt/airflow/dags/flight-pipeline.py
[2026-04-29T02:41:45.553+0000] {processor.py:840} INFO - DAG(s) 'flights_ops_medallion_pipe' retrieved from /opt/airflow/dags/flight-pipeline.py
[2026-04-29T02:41:45.583+0000] {logging_mixin.py:188} INFO - [2026-04-29T02:41:45.583+0000] {dag.py:3089} INFO - Sync 1 DAGs
[2026-04-29T02:41:45.602+0000] {logging_mixin.py:188} INFO - [2026-04-29T02:41:45.602+0000] {dag.py:3947} INFO - Setting next_dagrun for flights_ops_medallion_pipe to 2026-04-29 02:30:00+00:00, run_after=2026-04-29 03:00:00+00:00
[2026-04-29T02:41:45.620+0000] {processor.py:183} INFO - Processing /opt/airflow/dags/flight-pipeline.py took 0.977 seconds
[2026-04-29T02:42:15.928+0000] {processor.py:161} INFO - Started process (PID=6055) to work on /opt/airflow/dags/flight-pipeline.py
[2026-04-29T02:42:15.930+0000] {processor.py:830} INFO - Processing file /opt/airflow/dags/flight-pipeline.py for tasks to queue
[2026-04-29T02:42:15.932+0000] {logging_mixin.py:188} INFO - [2026-04-29T02:42:15.931+0000] {dagbag.py:545} INFO - Filling up the DagBag from /opt/airflow/dags/flight-pipeline.py
[2026-04-29T02:42:16.803+0000] {processor.py:840} INFO - DAG(s) 'flights_ops_medallion_pipe' retrieved from /opt/airflow/dags/flight-pipeline.py
[2026-04-29T02:42:16.833+0000] {logging_mixin.py:188} INFO - [2026-04-29T02:42:16.833+0000] {dag.py:3089} INFO - Sync 1 DAGs
[2026-04-29T02:42:16.852+0000] {logging_mixin.py:188} INFO - [2026-04-29T02:42:16.852+0000] {dag.py:3947} INFO - Setting next_dagrun for flights_ops_medallion_pipe to 2026-04-29 02:30:00+00:00, run_after=2026-04-29 03:00:00+00:00
[2026-04-29T02:42:16.870+0000] {processor.py:183} INFO - Processing /opt/airflow/dags/flight-pipeline.py took 0.951 seconds
[2026-04-29T02:42:47.160+0000] {processor.py:161} INFO - Started process (PID=6058) to work on /opt/airflow/dags/flight-pipeline.py
[2026-04-29T02:42:47.163+0000] {processor.py:830} INFO - Processing file /opt/airflow/dags/flight-pipeline.py for tasks to queue
[2026-04-29T02:42:47.165+0000] {logging_mixin.py:188} INFO - [2026-04-29T02:42:47.164+0000] {dagbag.py:545} INFO - Filling up the DagBag from /opt/airflow/dags/flight-pipeline.py
[2026-04-29T02:42:48.069+0000] {processor.py:840} INFO - DAG(s) 'flights_ops_medallion_pipe' retrieved from /opt/airflow/dags/flight-pipeline.py
[2026-04-29T02:42:48.102+0000] {logging_mixin.py:188} INFO - [2026-04-29T02:42:48.101+0000] {dag.py:3089} INFO - Sync 1 DAGs
[2026-04-29T02:42:48.121+0000] {logging_mixin.py:188} INFO - [2026-04-29T02:42:48.121+0000] {dag.py:3947} INFO - Setting next_dagrun for flights_ops_medallion_pipe to 2026-04-29 02:30:00+00:00, run_after=2026-04-29 03:00:00+00:00
[2026-04-29T02:42:48.140+0000] {processor.py:183} INFO - Processing /opt/airflow/dags/flight-pipeline.py took 0.990 seconds
[2026-04-29T02:43:18.437+0000] {processor.py:161} INFO - Started process (PID=6061) to work on /opt/airflow/dags/flight-pipeline.py
[2026-04-29T02:43:18.440+0000] {processor.py:830} INFO - Processing file /opt/airflow/dags/flight-pipeline.py for tasks to queue
[2026-04-29T02:43:18.441+0000] {logging_mixin.py:188} INFO - [2026-04-29T02:43:18.441+0000] {dagbag.py:545} INFO - Filling up the DagBag from /opt/airflow/dags/flight-pipeline.py
[2026-04-29T02:43:19.228+0000] {processor.py:840} INFO - DAG(s) 'flights_ops_medallion_pipe' retrieved from /opt/airflow/dags/flight-pipeline.py
[2026-04-29T02:43:19.259+0000] {logging_mixin.py:188} INFO - [2026-04-29T02:43:19.259+0000] {dag.py:3089} INFO - Sync 1 DAGs
[2026-04-29T02:43:19.278+0000] {logging_mixin.py:188} INFO - [2026-04-29T02:43:19.278+0000] {dag.py:3947} INFO - Setting next_dagrun for flights_ops_medallion_pipe to 2026-04-29 02:30:00+00:00, run_after=2026-04-29 03:00:00+00:00
[2026-04-29T02:43:19.295+0000] {processor.py:183} INFO - Processing /opt/airflow/dags/flight-pipeline.py took 0.867 seconds
[2026-04-29T03:41:25.783+0000] {processor.py:161} INFO - Started process (PID=6065) to work on /opt/airflow/dags/flight-pipeline.py
[2026-04-29T03:41:25.791+0000] {processor.py:830} INFO - Processing file /opt/airflow/dags/flight-pipeline.py for tasks to queue
[2026-04-29T03:41:25.814+0000] {logging_mixin.py:188} INFO - [2026-04-29T03:41:25.812+0000] {dagbag.py:545} INFO - Filling up the DagBag from /opt/airflow/dags/flight-pipeline.py
[2026-04-29T03:41:28.221+0000] {processor.py:840} INFO - DAG(s) 'flights_ops_medallion_pipe' retrieved from /opt/airflow/dags/flight-pipeline.py
[2026-04-29T03:41:28.308+0000] {logging_mixin.py:188} INFO - [2026-04-29T03:41:28.308+0000] {dag.py:3089} INFO - Sync 1 DAGs
[2026-04-29T03:41:28.375+0000] {logging_mixin.py:188} INFO - [2026-04-29T03:41:28.374+0000] {dag.py:3947} INFO - Setting next_dagrun for flights_ops_medallion_pipe to 2026-04-29 03:00:00+00:00, run_after=2026-04-29 03:30:00+00:00
[2026-04-29T03:41:28.406+0000] {processor.py:183} INFO - Processing /opt/airflow/dags/flight-pipeline.py took 2.643 seconds
[2026-04-29T03:44:10.498+0000] {processor.py:161} INFO - Started process (PID=6079) to work on /opt/airflow/dags/flight-pipeline.py
[2026-04-29T03:44:10.503+0000] {processor.py:830} INFO - Processing file /opt/airflow/dags/flight-pipeline.py for tasks to queue
[2026-04-29T03:44:10.505+0000] {logging_mixin.py:188} INFO - [2026-04-29T03:44:10.504+0000] {dagbag.py:545} INFO - Filling up the DagBag from /opt/airflow/dags/flight-pipeline.py
[2026-04-29T03:44:11.972+0000] {processor.py:840} INFO - DAG(s) 'flights_ops_medallion_pipe' retrieved from /opt/airflow/dags/flight-pipeline.py
[2026-04-29T03:44:12.026+0000] {logging_mixin.py:188} INFO - [2026-04-29T03:44:12.025+0000] {dag.py:3089} INFO - Sync 1 DAGs
[2026-04-29T03:44:12.066+0000] {logging_mixin.py:188} INFO - [2026-04-29T03:44:12.065+0000] {dag.py:3947} INFO - Setting next_dagrun for flights_ops_medallion_pipe to 2026-04-29 03:30:00+00:00, run_after=2026-04-29 04:00:00+00:00
[2026-04-29T03:44:12.097+0000] {processor.py:183} INFO - Processing /opt/airflow/dags/flight-pipeline.py took 1.844 seconds
[2026-04-29T04:44:20.911+0000] {processor.py:161} INFO - Started process (PID=6094) to work on /opt/airflow/dags/flight-pipeline.py
[2026-04-29T04:44:20.920+0000] {processor.py:830} INFO - Processing file /opt/airflow/dags/flight-pipeline.py for tasks to queue
[2026-04-29T04:44:20.923+0000] {logging_mixin.py:188} INFO - [2026-04-29T04:44:20.922+0000] {dagbag.py:545} INFO - Filling up the DagBag from /opt/airflow/dags/flight-pipeline.py
[2026-04-29T04:44:22.151+0000] {processor.py:840} INFO - DAG(s) 'flights_ops_medallion_pipe' retrieved from /opt/airflow/dags/flight-pipeline.py
[2026-04-29T04:44:22.185+0000] {logging_mixin.py:188} INFO - [2026-04-29T04:44:22.185+0000] {dag.py:3089} INFO - Sync 1 DAGs
[2026-04-29T04:44:22.206+0000] {logging_mixin.py:188} INFO - [2026-04-29T04:44:22.206+0000] {dag.py:3947} INFO - Setting next_dagrun for flights_ops_medallion_pipe to 2026-04-29 04:00:00+00:00, run_after=2026-04-29 04:30:00+00:00
[2026-04-29T04:44:22.224+0000] {processor.py:183} INFO - Processing /opt/airflow/dags/flight-pipeline.py took 1.331 seconds
[2026-04-29T04:59:26.244+0000] {processor.py:161} INFO - Started process (PID=6118) to work on /opt/airflow/dags/flight-pipeline.py
[2026-04-29T04:59:26.247+0000] {processor.py:830} INFO - Processing file /opt/airflow/dags/flight-pipeline.py for tasks to queue
[2026-04-29T04:59:26.249+0000] {logging_mixin.py:188} INFO - [2026-04-29T04:59:26.248+0000] {dagbag.py:545} INFO - Filling up the DagBag from /opt/airflow/dags/flight-pipeline.py
[2026-04-29T04:59:27.714+0000] {processor.py:840} INFO - DAG(s) 'flights_ops_medallion_pipe' retrieved from /opt/airflow/dags/flight-pipeline.py
[2026-04-29T04:59:27.751+0000] {logging_mixin.py:188} INFO - [2026-04-29T04:59:27.751+0000] {dag.py:3089} INFO - Sync 1 DAGs
[2026-04-29T04:59:27.776+0000] {logging_mixin.py:188} INFO - [2026-04-29T04:59:27.775+0000] {dag.py:3947} INFO - Setting next_dagrun for flights_ops_medallion_pipe to 2026-04-29 04:30:00+00:00, run_after=2026-04-29 05:00:00+00:00
[2026-04-29T04:59:27.796+0000] {processor.py:183} INFO - Processing /opt/airflow/dags/flight-pipeline.py took 1.578 seconds
[2026-04-29T05:45:23.086+0000] {processor.py:161} INFO - Started process (PID=6144) to work on /opt/airflow/dags/flight-pipeline.py
[2026-04-29T05:45:23.121+0000] {processor.py:830} INFO - Processing file /opt/airflow/dags/flight-pipeline.py for tasks to queue
[2026-04-29T05:45:23.126+0000] {logging_mixin.py:188} INFO - [2026-04-29T05:45:23.125+0000] {dagbag.py:545} INFO - Filling up the DagBag from /opt/airflow/dags/flight-pipeline.py
[2026-04-29T05:45:25.014+0000] {processor.py:840} INFO - DAG(s) 'flights_ops_medallion_pipe' retrieved from /opt/airflow/dags/flight-pipeline.py
[2026-04-29T05:45:25.050+0000] {logging_mixin.py:188} INFO - [2026-04-29T05:45:25.050+0000] {dag.py:3089} INFO - Sync 1 DAGs
[2026-04-29T05:45:25.087+0000] {logging_mixin.py:188} INFO - [2026-04-29T05:45:25.087+0000] {dag.py:3947} INFO - Setting next_dagrun for flights_ops_medallion_pipe to 2026-04-29 05:00:00+00:00, run_after=2026-04-29 05:30:00+00:00
[2026-04-29T05:45:25.111+0000] {processor.py:183} INFO - Processing /opt/airflow/dags/flight-pipeline.py took 2.300 seconds
[2026-04-29T07:45:31.972+0000] {processor.py:161} INFO - Started process (PID=6160) to work on /opt/airflow/dags/flight-pipeline.py
[2026-04-29T07:45:31.975+0000] {processor.py:830} INFO - Processing file /opt/airflow/dags/flight-pipeline.py for tasks to queue
[2026-04-29T07:45:31.978+0000] {logging_mixin.py:188} INFO - [2026-04-29T07:45:31.978+0000] {dagbag.py:545} INFO - Filling up the DagBag from /opt/airflow/dags/flight-pipeline.py
[2026-04-29T07:45:33.346+0000] {processor.py:840} INFO - DAG(s) 'flights_ops_medallion_pipe' retrieved from /opt/airflow/dags/flight-pipeline.py
[2026-04-29T07:45:33.398+0000] {logging_mixin.py:188} INFO - [2026-04-29T07:45:33.397+0000] {dag.py:3089} INFO - Sync 1 DAGs
[2026-04-29T07:45:33.434+0000] {logging_mixin.py:188} INFO - [2026-04-29T07:45:33.433+0000] {dag.py:3947} INFO - Setting next_dagrun for flights_ops_medallion_pipe to 2026-04-29 07:00:00+00:00, run_after=2026-04-29 07:30:00+00:00
[2026-04-29T07:45:33.459+0000] {processor.py:183} INFO - Processing /opt/airflow/dags/flight-pipeline.py took 1.519 seconds
[2026-04-29T09:37:04.035+0000] {processor.py:161} INFO - Started process (PID=6185) to work on /opt/airflow/dags/flight-pipeline.py
[2026-04-29T09:37:04.039+0000] {processor.py:830} INFO - Processing file /opt/airflow/dags/flight-pipeline.py for tasks to queue
[2026-04-29T09:37:04.041+0000] {logging_mixin.py:188} INFO - [2026-04-29T09:37:04.041+0000] {dagbag.py:545} INFO - Filling up the DagBag from /opt/airflow/dags/flight-pipeline.py
[2026-04-29T09:37:05.974+0000] {processor.py:840} INFO - DAG(s) 'flights_ops_medallion_pipe' retrieved from /opt/airflow/dags/flight-pipeline.py
[2026-04-29T09:37:06.044+0000] {logging_mixin.py:188} INFO - [2026-04-29T09:37:06.043+0000] {dag.py:3089} INFO - Sync 1 DAGs
[2026-04-29T09:37:06.101+0000] {logging_mixin.py:188} INFO - [2026-04-29T09:37:06.101+0000] {dag.py:3947} INFO - Setting next_dagrun for flights_ops_medallion_pipe to 2026-04-29 09:00:00+00:00, run_after=2026-04-29 09:30:00+00:00
[2026-04-29T09:37:06.145+0000] {processor.py:183} INFO - Processing /opt/airflow/dags/flight-pipeline.py took 2.194 seconds
[2026-04-29T11:37:11.677+0000] {processor.py:161} INFO - Started process (PID=6199) to work on /opt/airflow/dags/flight-pipeline.py
[2026-04-29T11:37:11.681+0000] {processor.py:830} INFO - Processing file /opt/airflow/dags/flight-pipeline.py for tasks to queue
[2026-04-29T11:37:11.688+0000] {logging_mixin.py:188} INFO - [2026-04-29T11:37:11.685+0000] {dagbag.py:545} INFO - Filling up the DagBag from /opt/airflow/dags/flight-pipeline.py
[2026-04-29T11:37:13.187+0000] {processor.py:840} INFO - DAG(s) 'flights_ops_medallion_pipe' retrieved from /opt/airflow/dags/flight-pipeline.py
[2026-04-29T11:37:13.233+0000] {logging_mixin.py:188} INFO - [2026-04-29T11:37:13.233+0000] {dag.py:3089} INFO - Sync 1 DAGs
[2026-04-29T11:37:13.278+0000] {logging_mixin.py:188} INFO - [2026-04-29T11:37:13.278+0000] {dag.py:3947} INFO - Setting next_dagrun for flights_ops_medallion_pipe to 2026-04-29 11:00:00+00:00, run_after=2026-04-29 11:30:00+00:00
[2026-04-29T11:37:13.316+0000] {processor.py:183} INFO - Processing /opt/airflow/dags/flight-pipeline.py took 1.653 seconds
[2026-04-29T12:11:20.629+0000] {processor.py:161} INFO - Started process (PID=6204) to work on /opt/airflow/dags/flight-pipeline.py
[2026-04-29T12:11:20.632+0000] {processor.py:830} INFO - Processing file /opt/airflow/dags/flight-pipeline.py for tasks to queue
[2026-04-29T12:11:20.635+0000] {logging_mixin.py:188} INFO - [2026-04-29T12:11:20.634+0000] {dagbag.py:545} INFO - Filling up the DagBag from /opt/airflow/dags/flight-pipeline.py
[2026-04-29T12:11:22.093+0000] {processor.py:840} INFO - DAG(s) 'flights_ops_medallion_pipe' retrieved from /opt/airflow/dags/flight-pipeline.py
[2026-04-29T12:11:22.123+0000] {logging_mixin.py:188} INFO - [2026-04-29T12:11:22.122+0000] {dag.py:3089} INFO - Sync 1 DAGs
[2026-04-29T12:11:22.141+0000] {logging_mixin.py:188} INFO - [2026-04-29T12:11:22.141+0000] {dag.py:3947} INFO - Setting next_dagrun for flights_ops_medallion_pipe to 2026-04-29 11:30:00+00:00, run_after=2026-04-29 12:00:00+00:00
[2026-04-29T12:11:22.157+0000] {processor.py:183} INFO - Processing /opt/airflow/dags/flight-pipeline.py took 1.540 seconds
[2026-04-29T12:38:13.817+0000] {processor.py:161} INFO - Started process (PID=6208) to work on /opt/airflow/dags/flight-pipeline.py
[2026-04-29T12:38:13.822+0000] {processor.py:830} INFO - Processing file /opt/airflow/dags/flight-pipeline.py for tasks to queue
[2026-04-29T12:38:13.829+0000] {logging_mixin.py:188} INFO - [2026-04-29T12:38:13.827+0000] {dagbag.py:545} INFO - Filling up the DagBag from /opt/airflow/dags/flight-pipeline.py
[2026-04-29T12:38:16.042+0000] {processor.py:840} INFO - DAG(s) 'flights_ops_medallion_pipe' retrieved from /opt/airflow/dags/flight-pipeline.py
[2026-04-29T12:38:16.182+0000] {logging_mixin.py:188} INFO - [2026-04-29T12:38:16.182+0000] {dag.py:3089} INFO - Sync 1 DAGs
[2026-04-29T12:38:16.293+0000] {logging_mixin.py:188} INFO - [2026-04-29T12:38:16.292+0000] {dag.py:3947} INFO - Setting next_dagrun for flights_ops_medallion_pipe to 2026-04-29 12:00:00+00:00, run_after=2026-04-29 12:30:00+00:00
[2026-04-29T12:38:16.340+0000] {processor.py:183} INFO - Processing /opt/airflow/dags/flight-pipeline.py took 2.550 seconds
[2026-04-29T12:39:04.480+0000] {processor.py:161} INFO - Started process (PID=6212) to work on /opt/airflow/dags/flight-pipeline.py
[2026-04-29T12:39:04.501+0000] {processor.py:830} INFO - Processing file /opt/airflow/dags/flight-pipeline.py for tasks to queue
[2026-04-29T12:39:04.544+0000] {logging_mixin.py:188} INFO - [2026-04-29T12:39:04.543+0000] {dagbag.py:545} INFO - Filling up the DagBag from /opt/airflow/dags/flight-pipeline.py
[2026-04-29T12:39:05.720+0000] {processor.py:840} INFO - DAG(s) 'flights_ops_medallion_pipe' retrieved from /opt/airflow/dags/flight-pipeline.py
[2026-04-29T12:39:05.761+0000] {logging_mixin.py:188} INFO - [2026-04-29T12:39:05.761+0000] {dag.py:3089} INFO - Sync 1 DAGs
[2026-04-29T12:39:05.783+0000] {logging_mixin.py:188} INFO - [2026-04-29T12:39:05.782+0000] {dag.py:3947} INFO - Setting next_dagrun for flights_ops_medallion_pipe to 2026-04-29 12:00:00+00:00, run_after=2026-04-29 12:30:00+00:00
[2026-04-29T12:39:05.804+0000] {processor.py:183} INFO - Processing /opt/airflow/dags/flight-pipeline.py took 1.341 seconds
[2026-04-29T13:12:27.496+0000] {processor.py:161} INFO - Started process (PID=6215) to work on /opt/airflow/dags/flight-pipeline.py
[2026-04-29T13:12:27.499+0000] {processor.py:830} INFO - Processing file /opt/airflow/dags/flight-pipeline.py for tasks to queue
[2026-04-29T13:12:27.501+0000] {logging_mixin.py:188} INFO - [2026-04-29T13:12:27.500+0000] {dagbag.py:545} INFO - Filling up the DagBag from /opt/airflow/dags/flight-pipeline.py
[2026-04-29T13:12:28.758+0000] {processor.py:840} INFO - DAG(s) 'flights_ops_medallion_pipe' retrieved from /opt/airflow/dags/flight-pipeline.py
[2026-04-29T13:12:28.787+0000] {logging_mixin.py:188} INFO - [2026-04-29T13:12:28.786+0000] {dag.py:3089} INFO - Sync 1 DAGs
[2026-04-29T13:12:28.807+0000] {logging_mixin.py:188} INFO - [2026-04-29T13:12:28.806+0000] {dag.py:3947} INFO - Setting next_dagrun for flights_ops_medallion_pipe to 2026-04-29 12:30:00+00:00, run_after=2026-04-29 13:00:00+00:00
[2026-04-29T13:12:28.825+0000] {processor.py:183} INFO - Processing /opt/airflow/dags/flight-pipeline.py took 1.345 seconds
[2026-04-29T13:39:14.634+0000] {processor.py:161} INFO - Started process (PID=6220) to work on /opt/airflow/dags/flight-pipeline.py
[2026-04-29T13:39:14.636+0000] {processor.py:830} INFO - Processing file /opt/airflow/dags/flight-pipeline.py for tasks to queue
[2026-04-29T13:39:14.648+0000] {logging_mixin.py:188} INFO - [2026-04-29T13:39:14.638+0000] {dagbag.py:545} INFO - Filling up the DagBag from /opt/airflow/dags/flight-pipeline.py
[2026-04-29T14:40:17.874+0000] {logging_mixin.py:188} INFO - [2026-04-29T14:40:17.187+0000] {timeout.py:68} ERROR - Process timed out, PID: 6220
[2026-04-29T14:40:53.161+0000] {processor.py:161} INFO - Started process (PID=6224) to work on /opt/airflow/dags/flight-pipeline.py
[2026-04-29T14:40:53.219+0000] {processor.py:830} INFO - Processing file /opt/airflow/dags/flight-pipeline.py for tasks to queue
[2026-04-29T14:40:53.304+0000] {logging_mixin.py:188} INFO - [2026-04-29T14:40:53.266+0000] {dagbag.py:545} INFO - Filling up the DagBag from /opt/airflow/dags/flight-pipeline.py
[2026-04-29T14:44:36.588+0000] {logging_mixin.py:188} INFO - [2026-04-29T14:44:36.587+0000] {timeout.py:68} ERROR - Process timed out, PID: 6224
[2026-04-29T15:41:20.316+0000] {processor.py:161} INFO - Started process (PID=6226) to work on /opt/airflow/dags/flight-pipeline.py
[2026-04-29T15:41:20.330+0000] {processor.py:830} INFO - Processing file /opt/airflow/dags/flight-pipeline.py for tasks to queue
[2026-04-29T15:41:20.334+0000] {logging_mixin.py:188} INFO - [2026-04-29T15:41:20.333+0000] {dagbag.py:545} INFO - Filling up the DagBag from /opt/airflow/dags/flight-pipeline.py
[2026-04-29T15:42:44.291+0000] {processor.py:161} INFO - Started process (PID=6237) to work on /opt/airflow/dags/flight-pipeline.py
[2026-04-29T15:42:44.364+0000] {processor.py:830} INFO - Processing file /opt/airflow/dags/flight-pipeline.py for tasks to queue
[2026-04-29T15:42:44.468+0000] {logging_mixin.py:188} INFO - [2026-04-29T15:42:44.416+0000] {dagbag.py:545} INFO - Filling up the DagBag from /opt/airflow/dags/flight-pipeline.py
[2026-04-29T16:42:54.285+0000] {processor.py:161} INFO - Started process (PID=6240) to work on /opt/airflow/dags/flight-pipeline.py
[2026-04-29T16:42:54.393+0000] {processor.py:830} INFO - Processing file /opt/airflow/dags/flight-pipeline.py for tasks to queue
[2026-04-29T16:42:54.510+0000] {logging_mixin.py:188} INFO - [2026-04-29T16:42:54.452+0000] {dagbag.py:545} INFO - Filling up the DagBag from /opt/airflow/dags/flight-pipeline.py
[2026-04-29T17:43:20.411+0000] {logging_mixin.py:188} INFO - [2026-04-29T17:43:20.361+0000] {timeout.py:68} ERROR - Process timed out, PID: 6240
[2026-04-29T17:43:54.265+0000] {processor.py:161} INFO - Started process (PID=6252) to work on /opt/airflow/dags/flight-pipeline.py
[2026-04-29T17:43:54.309+0000] {processor.py:830} INFO - Processing file /opt/airflow/dags/flight-pipeline.py for tasks to queue
[2026-04-29T17:43:54.355+0000] {logging_mixin.py:188} INFO - [2026-04-29T17:43:54.336+0000] {dagbag.py:545} INFO - Filling up the DagBag from /opt/airflow/dags/flight-pipeline.py
[2026-04-29T18:44:21.463+0000] {logging_mixin.py:188} INFO - [2026-04-29T18:44:21.436+0000] {timeout.py:68} ERROR - Process timed out, PID: 6252
[2026-04-29T18:44:53.145+0000] {processor.py:161} INFO - Started process (PID=6265) to work on /opt/airflow/dags/flight-pipeline.py
[2026-04-29T18:44:53.183+0000] {processor.py:830} INFO - Processing file /opt/airflow/dags/flight-pipeline.py for tasks to queue
[2026-04-29T18:44:53.222+0000] {logging_mixin.py:188} INFO - [2026-04-29T18:44:53.211+0000] {dagbag.py:545} INFO - Filling up the DagBag from /opt/airflow/dags/flight-pipeline.py
[2026-04-29T19:45:22.397+0000] {logging_mixin.py:188} INFO - [2026-04-29T19:45:21.580+0000] {timeout.py:68} ERROR - Process timed out, PID: 6265
[2026-04-29T19:45:55.177+0000] {processor.py:161} INFO - Started process (PID=6268) to work on /opt/airflow/dags/flight-pipeline.py
[2026-04-29T19:45:55.235+0000] {processor.py:830} INFO - Processing file /opt/airflow/dags/flight-pipeline.py for tasks to queue
[2026-04-29T19:45:55.353+0000] {logging_mixin.py:188} INFO - [2026-04-29T19:45:55.288+0000] {dagbag.py:545} INFO - Filling up the DagBag from /opt/airflow/dags/flight-pipeline.py
[2026-04-29T20:46:29.460+0000] {logging_mixin.py:188} INFO - [2026-04-29T20:46:29.398+0000] {timeout.py:68} ERROR - Process timed out, PID: 6268
[2026-04-29T20:47:01.235+0000] {processor.py:161} INFO - Started process (PID=6280) to work on /opt/airflow/dags/flight-pipeline.py
[2026-04-29T20:47:01.240+0000] {processor.py:830} INFO - Processing file /opt/airflow/dags/flight-pipeline.py for tasks to queue
[2026-04-29T20:47:01.249+0000] {logging_mixin.py:188} INFO - [2026-04-29T20:47:01.243+0000] {dagbag.py:545} INFO - Filling up the DagBag from /opt/airflow/dags/flight-pipeline.py
[2026-04-29T20:47:05.826+0000] {processor.py:840} INFO - DAG(s) 'flights_ops_medallion_pipe' retrieved from /opt/airflow/dags/flight-pipeline.py
[2026-04-29T20:47:06.314+0000] {logging_mixin.py:188} INFO - [2026-04-29T20:47:06.313+0000] {dag.py:3089} INFO - Sync 1 DAGs
[2026-04-29T20:47:06.385+0000] {logging_mixin.py:188} INFO - [2026-04-29T20:47:06.383+0000] {dag.py:3947} INFO - Setting next_dagrun for flights_ops_medallion_pipe to 2026-04-29 20:00:00+00:00, run_after=2026-04-29 20:30:00+00:00
[2026-04-29T20:47:06.443+0000] {processor.py:183} INFO - Processing /opt/airflow/dags/flight-pipeline.py took 5.287 seconds
[2026-04-29T21:47:43.978+0000] {processor.py:161} INFO - Started process (PID=6283) to work on /opt/airflow/dags/flight-pipeline.py
[2026-04-29T21:47:43.990+0000] {processor.py:830} INFO - Processing file /opt/airflow/dags/flight-pipeline.py for tasks to queue
[2026-04-29T21:47:43.995+0000] {logging_mixin.py:188} INFO - [2026-04-29T21:47:43.993+0000] {dagbag.py:545} INFO - Filling up the DagBag from /opt/airflow/dags/flight-pipeline.py
[2026-04-29T21:47:46.881+0000] {processor.py:840} INFO - DAG(s) 'flights_ops_medallion_pipe' retrieved from /opt/airflow/dags/flight-pipeline.py
[2026-04-29T21:47:47.003+0000] {logging_mixin.py:188} INFO - [2026-04-29T21:47:47.003+0000] {dag.py:3089} INFO - Sync 1 DAGs
[2026-04-29T21:47:47.074+0000] {logging_mixin.py:188} INFO - [2026-04-29T21:47:47.073+0000] {dag.py:3947} INFO - Setting next_dagrun for flights_ops_medallion_pipe to 2026-04-29 21:00:00+00:00, run_after=2026-04-29 21:30:00+00:00
[2026-04-29T21:47:47.123+0000] {processor.py:183} INFO - Processing /opt/airflow/dags/flight-pipeline.py took 3.186 seconds
[2026-04-29T22:48:46.200+0000] {processor.py:161} INFO - Started process (PID=6286) to work on /opt/airflow/dags/flight-pipeline.py
[2026-04-29T22:48:46.214+0000] {processor.py:830} INFO - Processing file /opt/airflow/dags/flight-pipeline.py for tasks to queue
[2026-04-29T22:48:46.223+0000] {logging_mixin.py:188} INFO - [2026-04-29T22:48:46.218+0000] {dagbag.py:545} INFO - Filling up the DagBag from /opt/airflow/dags/flight-pipeline.py
[2026-04-29T22:48:48.510+0000] {processor.py:840} INFO - DAG(s) 'flights_ops_medallion_pipe' retrieved from /opt/airflow/dags/flight-pipeline.py
[2026-04-29T22:48:48.561+0000] {logging_mixin.py:188} INFO - [2026-04-29T22:48:48.561+0000] {dag.py:3089} INFO - Sync 1 DAGs
[2026-04-29T22:48:48.597+0000] {logging_mixin.py:188} INFO - [2026-04-29T22:48:48.596+0000] {dag.py:3947} INFO - Setting next_dagrun for flights_ops_medallion_pipe to 2026-04-29 22:00:00+00:00, run_after=2026-04-29 22:30:00+00:00
[2026-04-29T22:48:48.618+0000] {processor.py:183} INFO - Processing /opt/airflow/dags/flight-pipeline.py took 2.535 seconds
[2026-04-29T22:49:23.074+0000] {processor.py:161} INFO - Started process (PID=6289) to work on /opt/airflow/dags/flight-pipeline.py
[2026-04-29T22:49:23.085+0000] {processor.py:830} INFO - Processing file /opt/airflow/dags/flight-pipeline.py for tasks to queue
[2026-04-29T22:49:23.095+0000] {logging_mixin.py:188} INFO - [2026-04-29T22:49:23.089+0000] {dagbag.py:545} INFO - Filling up the DagBag from /opt/airflow/dags/flight-pipeline.py
[2026-04-29T22:49:25.283+0000] {processor.py:840} INFO - DAG(s) 'flights_ops_medallion_pipe' retrieved from /opt/airflow/dags/flight-pipeline.py
[2026-04-29T22:49:25.328+0000] {logging_mixin.py:188} INFO - [2026-04-29T22:49:25.328+0000] {dag.py:3089} INFO - Sync 1 DAGs
[2026-04-29T22:49:25.359+0000] {logging_mixin.py:188} INFO - [2026-04-29T22:49:25.359+0000] {dag.py:3947} INFO - Setting next_dagrun for flights_ops_medallion_pipe to 2026-04-29 22:00:00+00:00, run_after=2026-04-29 22:30:00+00:00
[2026-04-29T22:49:25.381+0000] {processor.py:183} INFO - Processing /opt/airflow/dags/flight-pipeline.py took 2.355 seconds
[2026-04-29T23:50:14.864+0000] {processor.py:161} INFO - Started process (PID=6301) to work on /opt/airflow/dags/flight-pipeline.py
[2026-04-29T23:50:14.869+0000] {processor.py:830} INFO - Processing file /opt/airflow/dags/flight-pipeline.py for tasks to queue
[2026-04-29T23:50:14.872+0000] {logging_mixin.py:188} INFO - [2026-04-29T23:50:14.871+0000] {dagbag.py:545} INFO - Filling up the DagBag from /opt/airflow/dags/flight-pipeline.py
[2026-04-29T23:50:15.822+0000] {processor.py:840} INFO - DAG(s) 'flights_ops_medallion_pipe' retrieved from /opt/airflow/dags/flight-pipeline.py
[2026-04-29T23:50:15.860+0000] {logging_mixin.py:188} INFO - [2026-04-29T23:50:15.860+0000] {dag.py:3089} INFO - Sync 1 DAGs
[2026-04-29T23:50:15.882+0000] {logging_mixin.py:188} INFO - [2026-04-29T23:50:15.882+0000] {dag.py:3947} INFO - Setting next_dagrun for flights_ops_medallion_pipe to 2026-04-29 23:00:00+00:00, run_after=2026-04-29 23:30:00+00:00
[2026-04-29T23:50:15.901+0000] {processor.py:183} INFO - Processing /opt/airflow/dags/flight-pipeline.py took 1.057 seconds
